election_id,sub_id,vote_type,party_id,party_label_ka,party_code,district_id,district_name_ka,list_order,ballot_number,first_name,last_name,name_ka,partisanship,elected,source
local_2021,__main__,council_smd,third_force,„მესამე ძალა-სტრატეგია აღმაშენებელი”,,1,მთაწმინდა,,1,ირაკლი,გოგუაძე,ირაკლი გოგუაძე,,,adg_2021_candidates_unified.xlsx
local_2021,__main__,council_smd,citizens,„ალეკო ელისაშვილი-მოქალაქეები”,,1,მთაწმინდა,,7,ფატმანი,ბარჯაძე,ფატმანი ბარჯაძე,,,adg_2021_candidates_unified.xlsx
local_2021,__main__,council_smd,patriots,"„დავით თარხან-მოურავი, ირმა ინაშვილი - საქართველოს პატრიოტთა ალიანსი”",,1,მთაწმინდა,,8,გოდერძი,ამაშუკელი,გოდერძი ამაშუკელი,,,adg_2021_candidates_unified.xlsx
local_2021,__main__,council_smd,lelo,„ლელო”,,1,მთაწმინდა,,9,საბა,ბუაძე,საბა ბუაძე,,,adg_2021_candidates_unified.xlsx
local_2021,__main__,council_smd,labour,„შალვა ნათელაშვილი-საქართველოს ლეიბორისტული პარტია”,,1,მთაწმინდა,,10,გიორგი,დვალაშვილი,გიორგი დვალაშვილი,,,adg_2021_candidates_unified.xlsx
local_2021,__main__,council_smd,georgia_party,საქართველო,,1,მთაწმინდა,,13,შალვა,ელიოზაშვილი,შალვა ელიოზაშვილი,,,adg_2021_candidates_unified.xlsx
local_2021,__main__,council_smd,gakharia,გახარია - საქართველოსთვის,,1,მთაწმინდა,,25,ვახტანგ,გვაზავა,ვახტანგ გვაზავა,,,adg_2021_candidates_unified.xlsx
local_2021,__main__,council_smd,free_choice,„თავისუფალი არჩევანი - ახალი ალტერნატივა”,,1,მთაწმინდა,,26,აკაკი,გველესიანი,აკაკი გველესიანი,,,adg_2021_candidates_unified.xlsx
local_2021,__main__,council_smd,tribuna,დავით ჭიჭინაძე - ტრიბუნა,,1,მთაწმინდა,,35,გიორგი,სხირტლაძე,გიორგი სხირტლაძე,,,adg_2021_candidates_unified.xlsx
local_2021,__main__,council_smd,free_georgia,"„თავისუფალი საქართველო (ზაზა ხატიაშვილი, კახა კუკავა, გრიგოლ ჯოჯუა)”",,1,მთაწმინდა,,37,ლევან,პაპაშვილი,ლევან პაპაშვილი,,,adg_2021_candidates_unified.xlsx
local_2021,__main__,council_smd,gd,ქართული ოცნება - დემოკრატიული საქართველო,,1,მთაწმინდა,,41,ზურაბ,აბაშიძე,ზურაბ აბაშიძე,,,adg_2021_candidates_unified.xlsx
local_2021,__main__,council_smd,third_way,„მესამე გზა“,,1,მთაწმინდა,,43,გიორგი,თუმანიშვილი,გიორგი თუმანიშვილი,,,adg_2021_candidates_unified.xlsx
local_2021,__main__,council_smd,girchi_more_freedom,„ზურაბ გირჩი ჯაფარიძე: გირჩი - მეტი თავისუფლება”,,1,მთაწმინდა,,45,თენგიზ,კირთაძე,თენგიზ კირთაძე,,,adg_2021_candidates_unified.xlsx
local_2021,__main__,council_smd,for_people,„ანა დოლიძე - ხალხისთვის”,,1,მთაწმინდა,,48,ნინო,ქოქოსაძე,ნინო ქოქოსაძე,,,adg_2021_candidates_unified.xlsx
local_2021,__main__,council_smd,reformators,„რეფორმატორები”,,1,მთაწმინდა,,49,მზია,ჯღარკავა,მზია ჯღარკავა,,,adg_2021_candidates_unified.xlsx
local_2021,__main__,council_smd,greens_geo,„გაჩეჩილაძე - მწვანეთა პარტია”,,1,მთაწმინდა,,50,თეიმურაზ,ცაგარეიშვილი,თეიმურაზ ცაგარეიშვილი,,,adg_2021_candidates_unified.xlsx
local_2021,__main__,council_smd,third_force,„მესამე ძალა-სტრატეგია აღმაშენებელი”,,2,ვაკე,,1,პაატა,ჩიქოვანი,პაატა ჩიქოვანი,,,adg_2021_candidates_unified.xlsx
local_2021,__main__,council_smd,citizens,„ალეკო ელისაშვილი-მოქალაქეები”,,2,ვაკე,,7,თინათინ,გუგუნავა,თინათინ გუგუნავა,,,adg_2021_candidates_unified.xlsx
local_2021,__main__,council_smd,patriots,"„დავით თარხან-მოურავი, ირმა ინაშვილი - საქართველოს პატრიოტთა ალიანსი”",,2,ვაკე,,8,ირმა,ცხორაგაული,ირმა ცხორაგაული,,,adg_2021_candidates_unified.xlsx
local_2021,__main__,council_smd,lelo,„ლელო”,,2,ვაკე,,9,მედეა,მეტრეველი,მედეა მეტრეველი,,,adg_2021_candidates_unified.xlsx
local_2021,__main__,council_smd,labour,„შალვა ნათელაშვილი-საქართველოს ლეიბორისტული პარტია”,,2,ვაკე,,10,ქეთევან,გაზდელიანი,ქეთევან გაზდელიანი,,,adg_2021_candidates_unified.xlsx
local_2021,__main__,council_smd,georgia_party,საქართველო,,2,ვაკე,,13,ირაკლი,გაგნიძე,ირაკლი გაგნიძე,,,adg_2021_candidates_unified.xlsx
local_2021,__main__,council_smd,gakharia,გახარია - საქართველოსთვის,,2,ვაკე,,25,მერაბ,მაჭავარიანი,მერაბ მაჭავარიანი,,,adg_2021_candidates_unified.xlsx
local_2021,__main__,council_smd,free_choice,„თავისუფალი არჩევანი - ახალი ალტერნატივა”,,2,ვაკე,,26,გიორგი,პატარიძე,გიორგი პატარიძე,,,adg_2021_candidates_unified.xlsx
local_2021,__main__,council_smd,social_justice,„მამუკა ტუსკაძე-სოციალური სამართლიანობისათვის”,,2,ვაკე,,29,მარიკა,ლეჟავა,მარიკა ლეჟავა,,,adg_2021_candidates_unified.xlsx
local_2021,__main__,council_smd,droa,„ელენე ხოშტარია - დროა”,,2,ვაკე,,32,ბათუ,ქუთელია,ბათუ ქუთელია,,,adg_2021_candidates_unified.xlsx
local_2021,__main__,council_smd,free_georgia,"„თავისუფალი საქართველო (ზაზა ხატიაშვილი, კახა კუკავა, გრიგოლ ჯოჯუა)”",,2,ვაკე,,37,შოთა,რატიანი,შოთა რატიანი,,,adg_2021_candidates_unified.xlsx
local_2021,__main__,council_smd,gd,ქართული ოცნება - დემოკრატიული საქართველო,,2,ვაკე,,41,გიორგი,ტყემალაძე,გიორგი ტყემალაძე,,,adg_2021_candidates_unified.xlsx
local_2021,__main__,council_smd,for_people,„ანა დოლიძე - ხალხისთვის”,,2,ვაკე,,48,ალექსანდრე,რატიშვილი,ალექსანდრე რატიშვილი,,,adg_2021_candidates_unified.xlsx
local_2021,__main__,council_smd,greens_geo,„გაჩეჩილაძე - მწვანეთა პარტია”,,2,ვაკე,,50,თამაზ,ინწკირველი,თამაზ ინწკირველი,,,adg_2021_candidates_unified.xlsx
local_2021,__main__,council_smd,third_force,„მესამე ძალა-სტრატეგია აღმაშენებელი”,,3,საბურთალო,,1,სერგო,ჩიხლაძე,სერგო ჩიხლაძე,,,adg_2021_candidates_unified.xlsx
local_2021,__main__,council_smd,citizens,„ალეკო ელისაშვილი-მოქალაქეები”,,3,საბურთალო,,7,გიორგი,რეხვიაშვილი,გიორგი რეხვიაშვილი,,,adg_2021_candidates_unified.xlsx
local_2021,__main__,council_smd,patriots,"„დავით თარხან-მოურავი, ირმა ინაშვილი - საქართველოს პატრიოტთა ალიანსი”",,3,საბურთალო,,8,მალხაზ,თოფურია,მალხაზ თოფურია,,,adg_2021_candidates_unified.xlsx
local_2021,__main__,council_smd,lelo,„ლელო”,,3,საბურთალო,,9,ვახტანგ,სურგულაძე,ვახტანგ სურგულაძე,,,adg_2021_candidates_unified.xlsx
local_2021,__main__,council_smd,labour,„შალვა ნათელაშვილი-საქართველოს ლეიბორისტული პარტია”,,3,საბურთალო,,10,ია,სირანაშვილი,ია სირანაშვილი,,,adg_2021_candidates_unified.xlsx
local_2021,__main__,council_smd,georgia_party,საქართველო,,3,საბურთალო,,13,მამუკა,მელიქიშვილი,მამუკა მელიქიშვილი,,,adg_2021_candidates_unified.xlsx
local_2021,__main__,council_smd,gakharia,გახარია - საქართველოსთვის,,3,საბურთალო,,25,მიხეილ,ნაბიჯაშვილი,მიხეილ ნაბიჯაშვილი,,,adg_2021_candidates_unified.xlsx
local_2021,__main__,council_smd,free_choice,„თავისუფალი არჩევანი - ახალი ალტერნატივა”,,3,საბურთალო,,26,ირაკლი,მკერვალიშვილი,ირაკლი მკერვალიშვილი,,,adg_2021_candidates_unified.xlsx
local_2021,__main__,council_smd,social_justice,„მამუკა ტუსკაძე-სოციალური სამართლიანობისათვის”,,3,საბურთალო,,29,ნუგზარ,კაპანაძე,ნუგზარ კაპანაძე,,,adg_2021_candidates_unified.xlsx
local_2021,__main__,council_smd,free_georgia,"„თავისუფალი საქართველო (ზაზა ხატიაშვილი, კახა კუკავა, გრიგოლ ჯოჯუა)”",,3,საბურთალო,,37,ფრიდონი,სიხუაშვილი,ფრიდონი სიხუაშვილი,,,adg_2021_candidates_unified.xlsx
local_2021,__main__,council_smd,gd,ქართული ოცნება - დემოკრატიული საქართველო,,3,საბურთალო,,41,ავთანდილ,ცინცაძე,ავთანდილ ცინცაძე,,,adg_2021_candidates_unified.xlsx
local_2021,__main__,council_smd,third_way,„მესამე გზა“,,3,საბურთალო,,43,ლალი,ადეიშვილი-თუმანიშვილი,ლალი ადეიშვილი-თუმანიშვილი,,,adg_2021_candidates_unified.xlsx
local_2021,__main__,council_smd,girchi_more_freedom,„ზურაბ გირჩი ჯაფარიძე: გირჩი - მეტი თავისუფლება”,,3,საბურთალო,,45,ბორისი,ყურუა,ბორისი ყურუა,,,adg_2021_candidates_unified.xlsx
local_2021,__main__,council_smd,for_people,„ანა დოლიძე - ხალხისთვის”,,3,საბურთალო,,48,თამარ,ჭიჭინაძე,თამარ ჭიჭინაძე,,,adg_2021_candidates_unified.xlsx
local_2021,__main__,council_smd,greens_geo,„გაჩეჩილაძე - მწვანეთა პარტია”,,3,საბურთალო,,50,მანანა,ბოჭორიშვილი,მანანა ბოჭორიშვილი,,,adg_2021_candidates_unified.xlsx
local_2021,__main__,council_smd,,საინიციატივო ჯგუფი,,3,საბურთალო,,51,ვახტანგ,შაქარიშვილი,ვახტანგ შაქარიშვილი,,,adg_2021_candidates_unified.xlsx
local_2021,__main__,council_smd,third_force,„მესამე ძალა-სტრატეგია აღმაშენებელი”,,4,კრწანისი,,1,დავით,ცეკვავა,დავით ცეკვავა,,,adg_2021_candidates_unified.xlsx
local_2021,__main__,council_smd,citizens,„ალეკო ელისაშვილი-მოქალაქეები”,,4,კრწანისი,,7,ნატო,კირვალიძე,ნატო კირვალიძე,,,adg_2021_candidates_unified.xlsx
local_2021,__main__,council_smd,patriots,"„დავით თარხან-მოურავი, ირმა ინაშვილი - საქართველოს პატრიოტთა ალიანსი”",,4,კრწანისი,,8,დავით,მელიქიძე,დავით მელიქიძე,,,adg_2021_candidates_unified.xlsx
local_2021,__main__,council_smd,lelo,„ლელო”,,4,კრწანისი,,9,თამაზ,დათუნაშვილი,თამაზ დათუნაშვილი,,,adg_2021_candidates_unified.xlsx
local_2021,__main__,council_smd,labour,„შალვა ნათელაშვილი-საქართველოს ლეიბორისტული პარტია”,,4,კრწანისი,,10,მამუკა,ჯუღელი,მამუკა ჯუღელი,,,adg_2021_candidates_unified.xlsx
local_2021,__main__,council_smd,georgia_party,საქართველო,,4,კრწანისი,,13,გიორგი,გვიმრაძე,გიორგი გვიმრაძე,,,adg_2021_candidates_unified.xlsx
local_2021,__main__,council_smd,gakharia,გახარია - საქართველოსთვის,,4,კრწანისი,,25,ზაურ,რეხვიაშვილი,ზაურ რეხვიაშვილი,,,adg_2021_candidates_unified.xlsx
local_2021,__main__,council_smd,free_choice,„თავისუფალი არჩევანი - ახალი ალტერნატივა”,,4,კრწანისი,,26,ზაზა,ხურციძე,ზაზა ხურციძე,,,adg_2021_candidates_unified.xlsx
local_2021,__main__,council_smd,social_justice,„მამუკა ტუსკაძე-სოციალური სამართლიანობისათვის”,,4,კრწანისი,,29,ლევანი,ჩაბრაშვილი,ლევანი ჩაბრაშვილი,,,adg_2021_candidates_unified.xlsx
local_2021,__main__,council_smd,droa,„ელენე ხოშტარია - დროა”,,4,კრწანისი,,32,თამაზ,ახობაძე,თამაზ ახობაძე,,,adg_2021_candidates_unified.xlsx
local_2021,__main__,council_smd,gd,ქართული ოცნება - დემოკრატიული საქართველო,,4,კრწანისი,,41,ლევან,ჯაფარიძე,ლევან ჯაფარიძე,,,adg_2021_candidates_unified.xlsx
local_2021,__main__,council_smd,for_people,„ანა დოლიძე - ხალხისთვის”,,4,კრწანისი,,48,მაია,კეკუა,მაია კეკუა,,,adg_2021_candidates_unified.xlsx
local_2021,__main__,council_smd,third_force,„მესამე ძალა-სტრატეგია აღმაშენებელი”,,5,ისანი,,1,თეონა,ჭალიძე,თეონა ჭალიძე,,,adg_2021_candidates_unified.xlsx
local_2021,__main__,council_smd,european_georgia,„ევროპული საქართველო-მოძრაობა თავისუფლებისთვის”,,5,ისანი,,2,ბესიკ,დონაძე,ბესიკ დონაძე,,,adg_2021_candidates_unified.xlsx
local_2021,__main__,council_smd,citizens,„ალეკო ელისაშვილი-მოქალაქეები”,,5,ისანი,,7,მიხეილ,აბრამიშვილი,მიხეილ აბრამიშვილი,,,adg_2021_candidates_unified.xlsx
local_2021,__main__,council_smd,patriots,"„დავით თარხან-მოურავი, ირმა ინაშვილი - საქართველოს პატრიოტთა ალიანსი”",,5,ისანი,,8,ნიკოლოზ,კაჭკაჭური,ნიკოლოზ კაჭკაჭური,,,adg_2021_candidates_unified.xlsx
local_2021,__main__,council_smd,lelo,„ლელო”,,5,ისანი,,9,ლანა,გალდავა,ლანა გალდავა,,,adg_2021_candidates_unified.xlsx
local_2021,__main__,council_smd,labour,„შალვა ნათელაშვილი-საქართველოს ლეიბორისტული პარტია”,,5,ისანი,,10,თეკლე,ალანია,თეკლე ალანია,,,adg_2021_candidates_unified.xlsx
local_2021,__main__,council_smd,georgia_party,საქართველო,,5,ისანი,,13,ანზორი,ფოფხაძე,ანზორი ფოფხაძე,,,adg_2021_candidates_unified.xlsx
local_2021,__main__,council_smd,gakharia,გახარია - საქართველოსთვის,,5,ისანი,,25,დავით,გოგიძე,დავით გოგიძე,,,adg_2021_candidates_unified.xlsx
local_2021,__main__,council_smd,social_justice,„მამუკა ტუსკაძე-სოციალური სამართლიანობისათვის”,,5,ისანი,,29,ივანე,გამცემლიძე,ივანე გამცემლიძე,,,adg_2021_candidates_unified.xlsx
local_2021,__main__,council_smd,tribuna,დავით ჭიჭინაძე - ტრიბუნა,,5,ისანი,,35,მიხეილ,ქავთარაძე,მიხეილ ქავთარაძე,,,adg_2021_candidates_unified.xlsx
local_2021,__main__,council_smd,gd,ქართული ოცნება - დემოკრატიული საქართველო,,5,ისანი,,41,კახაბერი,ლაბუჩიძე,კახაბერი ლაბუჩიძე,,,adg_2021_candidates_unified.xlsx
local_2021,__main__,council_smd,for_people,„ანა დოლიძე - ხალხისთვის”,,5,ისანი,,48,კობა,კობახიძე,კობა კობახიძე,,,adg_2021_candidates_unified.xlsx
local_2021,__main__,council_smd,third_force,„მესამე ძალა-სტრატეგია აღმაშენებელი”,,6,სამგორი,,1,ვახტანგ,იაშვილი,ვახტანგ იაშვილი,,,adg_2021_candidates_unified.xlsx
local_2021,__main__,council_smd,european_georgia,„ევროპული საქართველო-მოძრაობა თავისუფლებისთვის”,,6,სამგორი,,2,დათო,ჟღენტი,დათო ჟღენტი,,,adg_2021_candidates_unified.xlsx
local_2021,__main__,council_smd,citizens,„ალეკო ელისაშვილი-მოქალაქეები”,,6,სამგორი,,7,მაკა,ფრიდონაშვილი,მაკა ფრიდონაშვილი,,,adg_2021_candidates_unified.xlsx
local_2021,__main__,council_smd,patriots,"„დავით თარხან-მოურავი, ირმა ინაშვილი - საქართველოს პატრიოტთა ალიანსი”",,6,სამგორი,,8,გიორგი,გაბათაშვილი,გიორგი გაბათაშვილი,,,adg_2021_candidates_unified.xlsx
local_2021,__main__,council_smd,lelo,„ლელო”,,6,სამგორი,,9,გულო,ზუმბაძე,გულო ზუმბაძე,,,adg_2021_candidates_unified.xlsx
local_2021,__main__,council_smd,labour,„შალვა ნათელაშვილი-საქართველოს ლეიბორისტული პარტია”,,6,სამგორი,,10,მარიამი,გოჩელაშვილი,მარიამი გოჩელაშვილი,,,adg_2021_candidates_unified.xlsx
local_2021,__main__,council_smd,georgia_party,საქართველო,,6,სამგორი,,13,ლალი,ბუნტური,ლალი ბუნტური,,,adg_2021_candidates_unified.xlsx
local_2021,__main__,council_smd,gakharia,გახარია - საქართველოსთვის,,6,სამგორი,,25,კახაბერ,ქემოკლიძე,კახაბერ ქემოკლიძე,,,adg_2021_candidates_unified.xlsx
local_2021,__main__,council_smd,free_choice,„თავისუფალი არჩევანი - ახალი ალტერნატივა”,,6,სამგორი,,26,გიორგი,გულაშვილი,გიორგი გულაშვილი,,,adg_2021_candidates_unified.xlsx
local_2021,__main__,council_smd,social_justice,„მამუკა ტუსკაძე-სოციალური სამართლიანობისათვის”,,6,სამგორი,,29,მამუკა,ზანდუკელი,მამუკა ზანდუკელი,,,adg_2021_candidates_unified.xlsx
local_2021,__main__,council_smd,free_georgia,"„თავისუფალი საქართველო (ზაზა ხატიაშვილი, კახა კუკავა, გრიგოლ ჯოჯუა)”",,6,სამგორი,,37,ლალი,ფერაძე,ლალი ფერაძე,,,adg_2021_candidates_unified.xlsx
local_2021,__main__,council_smd,gd,ქართული ოცნება - დემოკრატიული საქართველო,,6,სამგორი,,41,რევაზ,სოხაძე,რევაზ სოხაძე,,,adg_2021_candidates_unified.xlsx
local_2021,__main__,council_smd,for_people,„ანა დოლიძე - ხალხისთვის”,,6,სამგორი,,48,ანა,მიქაძე-ჩიკვაიძე,ანა მიქაძე-ჩიკვაიძე,,,adg_2021_candidates_unified.xlsx
local_2021,__main__,council_smd,third_force,„მესამე ძალა-სტრატეგია აღმაშენებელი”,,7,ჩუღურეთი,,1,ავთანდილ,ჩართოლანი,ავთანდილ ჩართოლანი,,,adg_2021_candidates_unified.xlsx
local_2021,__main__,council_smd,european_georgia,„ევროპული საქართველო-მოძრაობა თავისუფლებისთვის”,,7,ჩუღურეთი,,2,გიორგი,ნონიაშვილი,გიორგი ნონიაშვილი,,,adg_2021_candidates_unified.xlsx
local_2021,__main__,council_smd,citizens,„ალეკო ელისაშვილი-მოქალაქეები”,,7,ჩუღურეთი,,7,ნინო,ჩარკვიანი,ნინო ჩარკვიანი,,,adg_2021_candidates_unified.xlsx
local_2021,__main__,council_smd,patriots,"„დავით თარხან-მოურავი, ირმა ინაშვილი - საქართველოს პატრიოტთა ალიანსი”",,7,ჩუღურეთი,,8,გიორგი,კარტოზია,გიორგი კარტოზია,,,adg_2021_candidates_unified.xlsx
local_2021,__main__,council_smd,lelo,„ლელო”,,7,ჩუღურეთი,,9,კახაბერ,ჟღენტი,კახაბერ ჟღენტი,,,adg_2021_candidates_unified.xlsx
local_2021,__main__,council_smd,labour,„შალვა ნათელაშვილი-საქართველოს ლეიბორისტული პარტია”,,7,ჩუღურეთი,,10,მარიამი,გურგენიძე,მარიამი გურგენიძე,,,adg_2021_candidates_unified.xlsx
local_2021,__main__,council_smd,georgia_party,საქართველო,,7,ჩუღურეთი,,13,გიგა,გუდაძე,გიგა გუდაძე,,,adg_2021_candidates_unified.xlsx
local_2021,__main__,council_smd,gakharia,გახარია - საქართველოსთვის,,7,ჩუღურეთი,,25,რუსუდან,თევზაძე,რუსუდან თევზაძე,,,adg_2021_candidates_unified.xlsx
local_2021,__main__,council_smd,free_choice,„თავისუფალი არჩევანი - ახალი ალტერნატივა”,,7,ჩუღურეთი,,26,ელგუჯა,მარგალიტაძე,ელგუჯა მარგალიტაძე,,,adg_2021_candidates_unified.xlsx
local_2021,__main__,council_smd,social_justice,„მამუკა ტუსკაძე-სოციალური სამართლიანობისათვის”,,7,ჩუღურეთი,,29,მალხაზ,კოპალიანი,მალხაზ კოპალიანი,,,adg_2021_candidates_unified.xlsx
local_2021,__main__,council_smd,workers_socialist,მშრომელთა სოციალისტური პარტია,,7,ჩუღურეთი,,30,ნანა,კოდელაშვილი,ნანა კოდელაშვილი,,,adg_2021_candidates_unified.xlsx
local_2021,__main__,council_smd,free_georgia,"„თავისუფალი საქართველო (ზაზა ხატიაშვილი, კახა კუკავა, გრიგოლ ჯოჯუა)”",,7,ჩუღურეთი,,37,გიორგი,ელყანიშვილი,გიორგი ელყანიშვილი,,,adg_2021_candidates_unified.xlsx
local_2021,__main__,council_smd,gd,ქართული ოცნება - დემოკრატიული საქართველო,,7,ჩუღურეთი,,41,ზურაბ,ჩიკვილაძე,ზურაბ ჩიკვილაძე,,,adg_2021_candidates_unified.xlsx
local_2021,__main__,council_smd,for_people,„ანა დოლიძე - ხალხისთვის”,,7,ჩუღურეთი,,48,სერგო,ლომიძე,სერგო ლომიძე,,,adg_2021_candidates_unified.xlsx
local_2021,__main__,council_smd,greens_geo,„გაჩეჩილაძე - მწვანეთა პარტია”,,7,ჩუღურეთი,,50,მერაბ,ხატიაშვილი,მერაბ ხატიაშვილი,,,adg_2021_candidates_unified.xlsx
local_2021,__main__,council_smd,third_force,„მესამე ძალა-სტრატეგია აღმაშენებელი”,,8,დიდუბე,,1,ოთარ,ბაღათურია,ოთარ ბაღათურია,,,adg_2021_candidates_unified.xlsx
local_2021,__main__,council_smd,citizens,„ალეკო ელისაშვილი-მოქალაქეები”,,8,დიდუბე,,7,შალვა,კარელიძე,შალვა კარელიძე,,,adg_2021_candidates_unified.xlsx
local_2021,__main__,council_smd,patriots,"„დავით თარხან-მოურავი, ირმა ინაშვილი - საქართველოს პატრიოტთა ალიანსი”",,8,დიდუბე,,8,ირაკლი,კობრავა,ირაკლი კობრავა,,,adg_2021_candidates_unified.xlsx
local_2021,__main__,council_smd,lelo,„ლელო”,,8,დიდუბე,,9,დიმიტრი,აბაშიძე,დიმიტრი აბაშიძე,,,adg_2021_candidates_unified.xlsx
local_2021,__main__,council_smd,labour,„შალვა ნათელაშვილი-საქართველოს ლეიბორისტული პარტია”,,8,დიდუბე,,10,ვლადიმერ,მარტიაშვილი,ვლადიმერ მარტიაშვილი,,,adg_2021_candidates_unified.xlsx
local_2021,__main__,council_smd,georgia_party,საქართველო,,8,დიდუბე,,13,სოფიო,დანელია,სოფიო დანელია,,,adg_2021_candidates_unified.xlsx
local_2021,__main__,council_smd,gakharia,გახარია - საქართველოსთვის,,8,დიდუბე,,25,გიორგი,ქაჯაია,გიორგი ქაჯაია,,,adg_2021_candidates_unified.xlsx
local_2021,__main__,council_smd,social_justice,„მამუკა ტუსკაძე-სოციალური სამართლიანობისათვის”,,8,დიდუბე,,29,გიორგი,რურუა,გიორგი რურუა,,,adg_2021_candidates_unified.xlsx
local_2021,__main__,council_smd,gd,ქართული ოცნება - დემოკრატიული საქართველო,,8,დიდუბე,,41,გივი,ჩხარტიშვილი,გივი ჩხარტიშვილი,,,adg_2021_candidates_unified.xlsx
local_2021,__main__,council_smd,girchi_more_freedom,„ზურაბ გირჩი ჯაფარიძე: გირჩი - მეტი თავისუფლება”,,8,დიდუბე,,45,ნიკა,მოსიაშვილი,ნიკა მოსიაშვილი,,,adg_2021_candidates_unified.xlsx
local_2021,__main__,council_smd,for_people,„ანა დოლიძე - ხალხისთვის”,,8,დიდუბე,,48,ნინო,წულაძე,ნინო წულაძე,,,adg_2021_candidates_unified.xlsx
local_2021,__main__,council_smd,greens_geo,„გაჩეჩილაძე - მწვანეთა პარტია”,,8,დიდუბე,,50,მერაბ,შარაბიძე,მერაბ შარაბიძე,,,adg_2021_candidates_unified.xlsx
local_2021,__main__,council_smd,third_force,„მესამე ძალა-სტრატეგია აღმაშენებელი”,,9,ნაძალადევი,,1,ზაზა,კორთხონჯია,ზაზა კორთხონჯია,,,adg_2021_candidates_unified.xlsx
local_2021,__main__,council_smd,citizens,„ალეკო ელისაშვილი-მოქალაქეები”,,9,ნაძალადევი,,7,სულხანი,ნამჩევაძე,სულხანი ნამჩევაძე,,,adg_2021_candidates_unified.xlsx
local_2021,__main__,council_smd,patriots,"„დავით თარხან-მოურავი, ირმა ინაშვილი - საქართველოს პატრიოტთა ალიანსი”",,9,ნაძალადევი,,8,გელა,ხუციშვილი,გელა ხუციშვილი,,,adg_2021_candidates_unified.xlsx
local_2021,__main__,council_smd,lelo,„ლელო”,,9,ნაძალადევი,,9,ნიკოლოზ,ჩერქეზიშვილი,ნიკოლოზ ჩერქეზიშვილი,,,adg_2021_candidates_unified.xlsx
local_2021,__main__,council_smd,labour,„შალვა ნათელაშვილი-საქართველოს ლეიბორისტული პარტია”,,9,ნაძალადევი,,10,დავით,გილაძე,დავით გილაძე,,,adg_2021_candidates_unified.xlsx
local_2021,__main__,council_smd,georgia_party,საქართველო,,9,ნაძალადევი,,13,ირინა,ცაავა,ირინა ცაავა,,,adg_2021_candidates_unified.xlsx
local_2021,__main__,council_smd,georgia_party,„გიორგი ლაღიძე - მომავალი საქართველო”,,9,ნაძალადევი,,20,სოსო,კორკელია,სოსო კორკელია,,,adg_2021_candidates_unified.xlsx
local_2021,__main__,council_smd,gakharia,გახარია - საქართველოსთვის,,9,ნაძალადევი,,25,გალაქტიონ,ღუდუშაური,გალაქტიონ ღუდუშაური,,,adg_2021_candidates_unified.xlsx
local_2021,__main__,council_smd,social_justice,„მამუკა ტუსკაძე-სოციალური სამართლიანობისათვის”,,9,ნაძალადევი,,29,გრიგოლ,წაქაძე,გრიგოლ წაქაძე,,,adg_2021_candidates_unified.xlsx
local_2021,__main__,council_smd,workers_socialist,მშრომელთა სოციალისტური პარტია,,9,ნაძალადევი,,30,გია,ნემსაძე,გია ნემსაძე,,,adg_2021_candidates_unified.xlsx
local_2021,__main__,council_smd,free_georgia,"„თავისუფალი საქართველო (ზაზა ხატიაშვილი, კახა კუკავა, გრიგოლ ჯოჯუა)”",,9,ნაძალადევი,,37,კახა,კუკავა,კახა კუკავა,,,adg_2021_candidates_unified.xlsx
local_2021,__main__,council_smd,gd,ქართული ოცნება - დემოკრატიული საქართველო,,9,ნაძალადევი,,41,ირაკლი,ხელაძე,ირაკლი ხელაძე,,,adg_2021_candidates_unified.xlsx
local_2021,__main__,council_smd,third_way,„მესამე გზა“,,9,ნაძალადევი,,43,ზაური,მთიულიშვილი,ზაური მთიულიშვილი,,,adg_2021_candidates_unified.xlsx
local_2021,__main__,council_smd,girchi_more_freedom,„ზურაბ გირჩი ჯაფარიძე: გირჩი - მეტი თავისუფლება”,,9,ნაძალადევი,,45,ბადრი,გრიგალაშვილი,ბადრი გრიგალაშვილი,,,adg_2021_candidates_unified.xlsx
local_2021,__main__,council_smd,for_people,„ანა დოლიძე - ხალხისთვის”,,9,ნაძალადევი,,48,მიშიკო,ირემაძე,მიშიკო ირემაძე,,,adg_2021_candidates_unified.xlsx
local_2021,__main__,council_smd,greens_geo,„გაჩეჩილაძე - მწვანეთა პარტია”,,9,ნაძალადევი,,50,გურამ,ნიკოლეიშვილი,გურამ ნიკოლეიშვილი,,,adg_2021_candidates_unified.xlsx
local_2021,__main__,council_smd,third_force,„მესამე ძალა-სტრატეგია აღმაშენებელი”,,10,გლდანი,,1,ნანა,ტოხვაძე,ნანა ტოხვაძე,,,adg_2021_candidates_unified.xlsx
local_2021,__main__,council_smd,citizens,„ალეკო ელისაშვილი-მოქალაქეები”,,10,გლდანი,,7,რომან,მელქაძე,რომან მელქაძე,,,adg_2021_candidates_unified.xlsx
local_2021,__main__,council_smd,patriots,"„დავით თარხან-მოურავი, ირმა ინაშვილი - საქართველოს პატრიოტთა ალიანსი”",,10,გლდანი,,8,იოსებ,ზარიძე,იოსებ ზარიძე,,,adg_2021_candidates_unified.xlsx
local_2021,__main__,council_smd,lelo,„ლელო”,,10,გლდანი,,9,თამარ,ადამია,თამარ ადამია,,,adg_2021_candidates_unified.xlsx
local_2021,__main__,council_smd,labour,„შალვა ნათელაშვილი-საქართველოს ლეიბორისტული პარტია”,,10,გლდანი,,10,ტარიელ,კალანდარიშვილი,ტარიელ კალანდარიშვილი,,,adg_2021_candidates_unified.xlsx
local_2021,__main__,council_smd,georgia_party,საქართველო,,10,გლდანი,,13,გოდერძი,ლომთათიძე,გოდერძი ლომთათიძე,,,adg_2021_candidates_unified.xlsx
local_2021,__main__,council_smd,gakharia,გახარია - საქართველოსთვის,,10,გლდანი,,25,ნათია,მეზვრიშვილი,ნათია მეზვრიშვილი,,,adg_2021_candidates_unified.xlsx
local_2021,__main__,council_smd,social_justice,„მამუკა ტუსკაძე-სოციალური სამართლიანობისათვის”,,10,გლდანი,,29,გია,ვარდანაშვილი,გია ვარდანაშვილი,,,adg_2021_candidates_unified.xlsx
local_2021,__main__,council_smd,droa,„ელენე ხოშტარია - დროა”,,10,გლდანი,,32,ელენე,ხოშტარია,ელენე ხოშტარია,,,adg_2021_candidates_unified.xlsx
local_2021,__main__,council_smd,gd,ქართული ოცნება - დემოკრატიული საქართველო,,10,გლდანი,,41,კონსტანტინე,ზარნაძე,კონსტანტინე ზარნაძე,,,adg_2021_candidates_unified.xlsx
local_2021,__main__,council_smd,for_people,„ანა დოლიძე - ხალხისთვის”,,10,გლდანი,,48,ირაკლი,თედორაძე,ირაკლი თედორაძე,,,adg_2021_candidates_unified.xlsx
local_2021,__main__,council_smd,greens_geo,„გაჩეჩილაძე - მწვანეთა პარტია”,,10,გლდანი,,50,დავით,ცხვარიაშვილი,დავით ცხვარიაშვილი,,,adg_2021_candidates_unified.xlsx
local_2021,__main__,council_smd,european_georgia,„ევროპული საქართველო-მოძრაობა თავისუფლებისთვის”,,1,საგარეჯო,,2,ივანე,ჭიაურელი,ივანე ჭიაურელი,,,adg_2021_candidates_unified.xlsx
local_2021,__main__,council_smd,unm,„ერთიანი ნაციონალური მოძრაობა”,,9,საგარეჯო,,5,ანნა,მღვდელაძე,ანნა მღვდელაძე,,,adg_2021_candidates_unified.xlsx
local_2021,__main__,council_smd,unm,„ერთიანი ნაციონალური მოძრაობა”,,4,საგარეჯო,,5,გიორგი,ციქურიშვილი,გიორგი ციქურიშვილი,,,adg_2021_candidates_unified.xlsx
local_2021,__main__,council_smd,unm,„ერთიანი ნაციონალური მოძრაობა”,,5,საგარეჯო,,5,ლალი,ჯიღაური,ლალი ჯიღაური,,,adg_2021_candidates_unified.xlsx
local_2021,__main__,council_smd,unm,„ერთიანი ნაციონალური მოძრაობა”,,1,საგარეჯო,,5,შალვა,ჯაბადარი,შალვა ჯაბადარი,,,adg_2021_candidates_unified.xlsx
local_2021,__main__,council_smd,unm,„ერთიანი ნაციონალური მოძრაობა”,,2,საგარეჯო,,5,ლელა,ქვრივიშვილი,ლელა ქვრივიშვილი,,,adg_2021_candidates_unified.xlsx
local_2021,__main__,council_smd,unm,„ერთიანი ნაციონალური მოძრაობა”,,3,საგარეჯო,,5,ალიკა,ბუჭყურაშვილი,ალიკა ბუჭყურაშვილი,,,adg_2021_candidates_unified.xlsx
local_2021,__main__,council_smd,unm,„ერთიანი ნაციონალური მოძრაობა”,,6,საგარეჯო,,5,მაია,შიოშვილი,მაია შიოშვილი,,,adg_2021_candidates_unified.xlsx
local_2021,__main__,council_smd,unm,„ერთიანი ნაციონალური მოძრაობა”,,11,საგარეჯო,,5,მზია,მეკოკიშვილი,მზია მეკოკიშვილი,,,adg_2021_candidates_unified.xlsx
local_2021,__main__,council_smd,unm,„ერთიანი ნაციონალური მოძრაობა”,,10,საგარეჯო,,5,გიორგი,ჭიკაძე,გიორგი ჭიკაძე,,,adg_2021_candidates_unified.xlsx
local_2021,__main__,council_smd,unm,„ერთიანი ნაციონალური მოძრაობა”,,8,საგარეჯო,,5,ოთარ,გურგენიძე,ოთარ გურგენიძე,,,adg_2021_candidates_unified.xlsx
local_2021,__main__,council_smd,unm,„ერთიანი ნაციონალური მოძრაობა”,,7,საგარეჯო,,5,პაატა,კანჯარაშვილი,პაატა კანჯარაშვილი,,,adg_2021_candidates_unified.xlsx
local_2021,__main__,council_smd,unm,„ერთიანი ნაციონალური მოძრაობა”,,12,საგარეჯო,,5,მახმუდ,ალიევი,მახმუდ ალიევი,,,adg_2021_candidates_unified.xlsx
local_2021,__main__,council_smd,unm,„ერთიანი ნაციონალური მოძრაობა”,,13,საგარეჯო,,5,რამიზ,ეიბოვი,რამიზ ეიბოვი,,,adg_2021_candidates_unified.xlsx
local_2021,__main__,council_smd,patriots,"„დავით თარხან-მოურავი, ირმა ინაშვილი - საქართველოს პატრიოტთა ალიანსი”",,2,საგარეჯო,,8,სოსლან,გარსევანიშვილი,სოსლან გარსევანიშვილი,,,adg_2021_candidates_unified.xlsx
local_2021,__main__,council_smd,patriots,"„დავით თარხან-მოურავი, ირმა ინაშვილი - საქართველოს პატრიოტთა ალიანსი”",,5,საგარეჯო,,8,ირმა,ზუკაკიშვილი,ირმა ზუკაკიშვილი,,,adg_2021_candidates_unified.xlsx
local_2021,__main__,council_smd,patriots,"„დავით თარხან-მოურავი, ირმა ინაშვილი - საქართველოს პატრიოტთა ალიანსი”",,8,საგარეჯო,,8,გიორგი,ლოლაძე,გიორგი ლოლაძე,,,adg_2021_candidates_unified.xlsx
local_2021,__main__,council_smd,patriots,"„დავით თარხან-მოურავი, ირმა ინაშვილი - საქართველოს პატრიოტთა ალიანსი”",,9,საგარეჯო,,8,მერაბი,მამუკაშვილი,მერაბი მამუკაშვილი,,,adg_2021_candidates_unified.xlsx
local_2021,__main__,council_smd,lelo,„ლელო”,,2,საგარეჯო,,9,თამარ,ყორღანაშვილი,თამარ ყორღანაშვილი,,,adg_2021_candidates_unified.xlsx
local_2021,__main__,council_smd,lelo,„ლელო”,,13,საგარეჯო,,9,გუმბათ,ახმედოვი,გუმბათ ახმედოვი,,,adg_2021_candidates_unified.xlsx
local_2021,__main__,council_smd,lelo,„ლელო”,,3,საგარეჯო,,9,გოჩა,ლაშქარაშვილი,გოჩა ლაშქარაშვილი,,,adg_2021_candidates_unified.xlsx
local_2021,__main__,council_smd,lelo,„ლელო”,,6,საგარეჯო,,9,გიორგი,ჭავჭანიძე,გიორგი ჭავჭანიძე,,,adg_2021_candidates_unified.xlsx
local_2021,__main__,council_smd,lelo,„ლელო”,,1,საგარეჯო,,9,თორნიკე,ჩუნთიშვილი,თორნიკე ჩუნთიშვილი,,,adg_2021_candidates_unified.xlsx
local_2021,__main__,council_smd,lelo,„ლელო”,,9,საგარეჯო,,9,სოლომონი,გრძელიშვილი,სოლომონი გრძელიშვილი,,,adg_2021_candidates_unified.xlsx
local_2021,__main__,council_smd,lelo,„ლელო”,,11,საგარეჯო,,9,მამია,ჩართოლანი,მამია ჩართოლანი,,,adg_2021_candidates_unified.xlsx
local_2021,__main__,council_smd,georgia_party,„ჩვენი გაერთიანებული საქართველო”,,13,საგარეჯო,,23,მარიამ,მენაბდიშვილი,მარიამ მენაბდიშვილი,,,adg_2021_candidates_unified.xlsx
local_2021,__main__,council_smd,gd,ქართული ოცნება - დემოკრატიული საქართველო,,13,საგარეჯო,,41,მეჰდიხან,კულიევი,მეჰდიხან კულიევი,,,adg_2021_candidates_unified.xlsx
local_2021,__main__,council_smd,gd,ქართული ოცნება - დემოკრატიული საქართველო,,4,საგარეჯო,,41,ვასილი,მამუჩიშვილი,ვასილი მამუჩიშვილი,,,adg_2021_candidates_unified.xlsx
local_2021,__main__,council_smd,gd,ქართული ოცნება - დემოკრატიული საქართველო,,3,საგარეჯო,,41,დავითი,არაბული,დავითი არაბული,,,adg_2021_candidates_unified.xlsx
local_2021,__main__,council_smd,gd,ქართული ოცნება - დემოკრატიული საქართველო,,6,საგარეჯო,,41,გელა,კონიაშვილი,გელა კონიაშვილი,,,adg_2021_candidates_unified.xlsx
local_2021,__main__,council_smd,gd,ქართული ოცნება - დემოკრატიული საქართველო,,7,საგარეჯო,,41,ივანე,ბეჟიაშვილი,ივანე ბეჟიაშვილი,,,adg_2021_candidates_unified.xlsx
local_2021,__main__,council_smd,gd,ქართული ოცნება - დემოკრატიული საქართველო,,1,საგარეჯო,,41,ვანო,ანუაშვილი,ვანო ანუაშვილი,,,adg_2021_candidates_unified.xlsx
local_2021,__main__,council_smd,gd,ქართული ოცნება - დემოკრატიული საქართველო,,2,საგარეჯო,,41,ირაკლი,რუაძე,ირაკლი რუაძე,,,adg_2021_candidates_unified.xlsx
local_2021,__main__,council_smd,gd,ქართული ოცნება - დემოკრატიული საქართველო,,8,საგარეჯო,,41,არჩილ,ნემსიაშვილი,არჩილ ნემსიაშვილი,,,adg_2021_candidates_unified.xlsx
local_2021,__main__,council_smd,gd,ქართული ოცნება - დემოკრატიული საქართველო,,9,საგარეჯო,,41,ვალერიანი,ხუნაშვილი,ვალერიანი ხუნაშვილი,,,adg_2021_candidates_unified.xlsx
local_2021,__main__,council_smd,gd,ქართული ოცნება - დემოკრატიული საქართველო,,10,საგარეჯო,,41,ნიკა,ნაცვლიშვილი,ნიკა ნაცვლიშვილი,,,adg_2021_candidates_unified.xlsx
local_2021,__main__,council_smd,gd,ქართული ოცნება - დემოკრატიული საქართველო,,11,საგარეჯო,,41,ალექსი,იოსელიანი,ალექსი იოსელიანი,,,adg_2021_candidates_unified.xlsx
local_2021,__main__,council_smd,gd,ქართული ოცნება - დემოკრატიული საქართველო,,12,საგარეჯო,,41,აიაზ,ბაირამოვი,აიაზ ბაირამოვი,,,adg_2021_candidates_unified.xlsx
local_2021,__main__,council_smd,gd,ქართული ოცნება - დემოკრატიული საქართველო,,5,საგარეჯო,,41,ვეფხია,უსტიაშვილი,ვეფხია უსტიაშვილი,,,adg_2021_candidates_unified.xlsx
local_2021,__main__,council_smd,,საინიციატივო ჯგუფი,,6,საგარეჯო,,51,მიხეილი,გორგილაძე,მიხეილი გორგილაძე,,,adg_2021_candidates_unified.xlsx
local_2021,__main__,council_smd,,საინიციატივო ჯგუფი,,4,საგარეჯო,,51,გიორგი,ჯავახიშვილი,გიორგი ჯავახიშვილი,,,adg_2021_candidates_unified.xlsx
local_2021,__main__,council_smd,european_georgia,„ევროპული საქართველო-მოძრაობა თავისუფლებისთვის”,,11,გურჯაანი,,2,ვალერი,ირომაშვილი,ვალერი ირომაშვილი,,,adg_2021_candidates_unified.xlsx
local_2021,__main__,council_smd,european_georgia,„ევროპული საქართველო-მოძრაობა თავისუფლებისთვის”,,6,გურჯაანი,,2,მიხეილი,ბეჟანიშვილი,მიხეილი ბეჟანიშვილი,,,adg_2021_candidates_unified.xlsx
local_2021,__main__,council_smd,european_georgia,„ევროპული საქართველო-მოძრაობა თავისუფლებისთვის”,,2,გურჯაანი,,2,ვასილი,უტიაშვილი,ვასილი უტიაშვილი,,,adg_2021_candidates_unified.xlsx
local_2021,__main__,council_smd,unm,„ერთიანი ნაციონალური მოძრაობა”,,8,გურჯაანი,,5,ელმირა,ბეციაშვილი,ელმირა ბეციაშვილი,,,adg_2021_candidates_unified.xlsx
local_2021,__main__,council_smd,unm,„ერთიანი ნაციონალური მოძრაობა”,,9,გურჯაანი,,5,ნიკა,ნიჟარაძე,ნიკა ნიჟარაძე,,,adg_2021_candidates_unified.xlsx
local_2021,__main__,council_smd,unm,„ერთიანი ნაციონალური მოძრაობა”,,3,გურჯაანი,,5,გიორგი,ლეგაშვილი,გიორგი ლეგაშვილი,,,adg_2021_candidates_unified.xlsx
local_2021,__main__,council_smd,unm,„ერთიანი ნაციონალური მოძრაობა”,,4,გურჯაანი,,5,თამაზი,ჯაჭვაძე,თამაზი ჯაჭვაძე,,,adg_2021_candidates_unified.xlsx
local_2021,__main__,council_smd,unm,„ერთიანი ნაციონალური მოძრაობა”,,5,გურჯაანი,,5,მაკა,მინდიაშვილი,მაკა მინდიაშვილი,,,adg_2021_candidates_unified.xlsx
local_2021,__main__,council_smd,unm,„ერთიანი ნაციონალური მოძრაობა”,,7,გურჯაანი,,5,დიმიტრი,ცისკარაშვილი,დიმიტრი ცისკარაშვილი,,,adg_2021_candidates_unified.xlsx
local_2021,__main__,council_smd,unm,„ერთიანი ნაციონალური მოძრაობა”,,1,გურჯაანი,,5,თემური,ბუწაშვილი,თემური ბუწაშვილი,,,adg_2021_candidates_unified.xlsx
local_2021,__main__,council_smd,unm,„ერთიანი ნაციონალური მოძრაობა”,,12,გურჯაანი,,5,ზურაბი,ბერიაშვილი,ზურაბი ბერიაშვილი,,,adg_2021_candidates_unified.xlsx
local_2021,__main__,council_smd,unm,„ერთიანი ნაციონალური მოძრაობა”,,10,გურჯაანი,,5,თამაზი,გოგებაშვილი,თამაზი გოგებაშვილი,,,adg_2021_candidates_unified.xlsx
local_2021,__main__,council_smd,unm,„ერთიანი ნაციონალური მოძრაობა”,,13,გურჯაანი,,5,სპარტაკი,მაისურაძე,სპარტაკი მაისურაძე,,,adg_2021_candidates_unified.xlsx
local_2021,__main__,council_smd,patriots,"„დავით თარხან-მოურავი, ირმა ინაშვილი - საქართველოს პატრიოტთა ალიანსი”",,7,გურჯაანი,,8,გაიოზი,ჯაფარიძე,გაიოზი ჯაფარიძე,,,adg_2021_candidates_unified.xlsx
local_2021,__main__,council_smd,patriots,"„დავით თარხან-მოურავი, ირმა ინაშვილი - საქართველოს პატრიოტთა ალიანსი”",,9,გურჯაანი,,8,გიორგი,პეტრიაშვილი,გიორგი პეტრიაშვილი,,,adg_2021_candidates_unified.xlsx
local_2021,__main__,council_smd,patriots,"„დავით თარხან-მოურავი, ირმა ინაშვილი - საქართველოს პატრიოტთა ალიანსი”",,3,გურჯაანი,,8,ვაჟა,ამონაშვილი,ვაჟა ამონაშვილი,,,adg_2021_candidates_unified.xlsx
local_2021,__main__,council_smd,patriots,"„დავით თარხან-მოურავი, ირმა ინაშვილი - საქართველოს პატრიოტთა ალიანსი”",,11,გურჯაანი,,8,ალექსანდრე,ლაზაშვილი,ალექსანდრე ლაზაშვილი,,,adg_2021_candidates_unified.xlsx
local_2021,__main__,council_smd,patriots,"„დავით თარხან-მოურავი, ირმა ინაშვილი - საქართველოს პატრიოტთა ალიანსი”",,13,გურჯაანი,,8,ივანე,ყოჩაშვილი,ივანე ყოჩაშვილი,,,adg_2021_candidates_unified.xlsx
local_2021,__main__,council_smd,patriots,"„დავით თარხან-მოურავი, ირმა ინაშვილი - საქართველოს პატრიოტთა ალიანსი”",,4,გურჯაანი,,8,ლია,ჯავახიშვილი,ლია ჯავახიშვილი,,,adg_2021_candidates_unified.xlsx
local_2021,__main__,council_smd,patriots,"„დავით თარხან-მოურავი, ირმა ინაშვილი - საქართველოს პატრიოტთა ალიანსი”",,6,გურჯაანი,,8,მალხაზი,შალაშვილი,მალხაზი შალაშვილი,,,adg_2021_candidates_unified.xlsx
local_2021,__main__,council_smd,gakharia,გახარია - საქართველოსთვის,,13,გურჯაანი,,25,ოთარი,მირიანაშვილი,ოთარი მირიანაშვილი,,,adg_2021_candidates_unified.xlsx
local_2021,__main__,council_smd,gakharia,გახარია - საქართველოსთვის,,9,გურჯაანი,,25,ზურაბ,ქუმსიაშვილი,ზურაბ ქუმსიაშვილი,,,adg_2021_candidates_unified.xlsx
local_2021,__main__,council_smd,gakharia,გახარია - საქართველოსთვის,,5,გურჯაანი,,25,მელიტონი,ნიბლაძე,მელიტონი ნიბლაძე,,,adg_2021_candidates_unified.xlsx
local_2021,__main__,council_smd,gakharia,გახარია - საქართველოსთვის,,7,გურჯაანი,,25,გოჩა,ალიაშვილი,გოჩა ალიაშვილი,,,adg_2021_candidates_unified.xlsx
local_2021,__main__,council_smd,gakharia,გახარია - საქართველოსთვის,,10,გურჯაანი,,25,ზურაბი,ბოღლოციშვილი,ზურაბი ბოღლოციშვილი,,,adg_2021_candidates_unified.xlsx
local_2021,__main__,council_smd,gakharia,გახარია - საქართველოსთვის,,2,გურჯაანი,,25,გიორგი,გიგნაძე,გიორგი გიგნაძე,,,adg_2021_candidates_unified.xlsx
local_2021,__main__,council_smd,gakharia,გახარია - საქართველოსთვის,,12,გურჯაანი,,25,ხვიჩა,ჯიქურაშვილი,ხვიჩა ჯიქურაშვილი,,,adg_2021_candidates_unified.xlsx
local_2021,__main__,council_smd,gakharia,გახარია - საქართველოსთვის,,1,გურჯაანი,,25,სიმონ,ქოჩორაშვილი,სიმონ ქოჩორაშვილი,,,adg_2021_candidates_unified.xlsx
local_2021,__main__,council_smd,gakharia,გახარია - საქართველოსთვის,,8,გურჯაანი,,25,გიორგი,ელიკაშვილი,გიორგი ელიკაშვილი,,,adg_2021_candidates_unified.xlsx
local_2021,__main__,council_smd,gakharia,გახარია - საქართველოსთვის,,11,გურჯაანი,,25,ნიკა,სოლოღაშვილი,ნიკა სოლოღაშვილი,,,adg_2021_candidates_unified.xlsx
local_2021,__main__,council_smd,gakharia,გახარია - საქართველოსთვის,,3,გურჯაანი,,25,ალექსანდრე,პაპოშვილი,ალექსანდრე პაპოშვილი,,,adg_2021_candidates_unified.xlsx
local_2021,__main__,council_smd,gakharia,გახარია - საქართველოსთვის,,4,გურჯაანი,,25,გიორგი,სოლომნიშვილი,გიორგი სოლომნიშვილი,,,adg_2021_candidates_unified.xlsx
local_2021,__main__,council_smd,gd,ქართული ოცნება - დემოკრატიული საქართველო,,1,გურჯაანი,,41,ნაირა,სეხნიაშვილი,ნაირა სეხნიაშვილი,,,adg_2021_candidates_unified.xlsx
local_2021,__main__,council_smd,gd,ქართული ოცნება - დემოკრატიული საქართველო,,2,გურჯაანი,,41,რამაზი,უტიაშვილი,რამაზი უტიაშვილი,,,adg_2021_candidates_unified.xlsx
local_2021,__main__,council_smd,gd,ქართული ოცნება - დემოკრატიული საქართველო,,3,გურჯაანი,,41,ლერი,ჩხეტიანი,ლერი ჩხეტიანი,,,adg_2021_candidates_unified.xlsx
local_2021,__main__,council_smd,gd,ქართული ოცნება - დემოკრატიული საქართველო,,4,გურჯაანი,,41,თეიმურაზ,ქევხიშვილი,თეიმურაზ ქევხიშვილი,,,adg_2021_candidates_unified.xlsx
local_2021,__main__,council_smd,gd,ქართული ოცნება - დემოკრატიული საქართველო,,5,გურჯაანი,,41,ლევანი,ხაზიური,ლევანი ხაზიური,,,adg_2021_candidates_unified.xlsx
local_2021,__main__,council_smd,gd,ქართული ოცნება - დემოკრატიული საქართველო,,9,გურჯაანი,,41,ვანო,ბერიძიშვილი,ვანო ბერიძიშვილი,,,adg_2021_candidates_unified.xlsx
local_2021,__main__,council_smd,gd,ქართული ოცნება - დემოკრატიული საქართველო,,10,გურჯაანი,,41,ალექსანდრე,ბასილაშვილი,ალექსანდრე ბასილაშვილი,,,adg_2021_candidates_unified.xlsx
local_2021,__main__,council_smd,gd,ქართული ოცნება - დემოკრატიული საქართველო,,11,გურჯაანი,,41,გივი,რამაზაშვილი,გივი რამაზაშვილი,,,adg_2021_candidates_unified.xlsx
local_2021,__main__,council_smd,gd,ქართული ოცნება - დემოკრატიული საქართველო,,12,გურჯაანი,,41,ვაჟა,მამისაშვილი,ვაჟა მამისაშვილი,,,adg_2021_candidates_unified.xlsx
local_2021,__main__,council_smd,gd,ქართული ოცნება - დემოკრატიული საქართველო,,13,გურჯაანი,,41,ვანო,ბურდიაშვილი,ვანო ბურდიაშვილი,,,adg_2021_candidates_unified.xlsx
local_2021,__main__,council_smd,gd,ქართული ოცნება - დემოკრატიული საქართველო,,6,გურჯაანი,,41,ზაქარა,შოშიაშვილი,ზაქარა შოშიაშვილი,,,adg_2021_candidates_unified.xlsx
local_2021,__main__,council_smd,gd,ქართული ოცნება - დემოკრატიული საქართველო,,8,გურჯაანი,,41,არჩილ,ხანდამაშვილი,არჩილ ხანდამაშვილი,,,adg_2021_candidates_unified.xlsx
local_2021,__main__,council_smd,gd,ქართული ოცნება - დემოკრატიული საქართველო,,7,გურჯაანი,,41,ვლადიმერი,მუსალბიშვილი,ვლადიმერი მუსალბიშვილი,,,adg_2021_candidates_unified.xlsx
local_2021,__main__,council_smd,european_georgia,„ევროპული საქართველო-მოძრაობა თავისუფლებისთვის”,,5,სიღნაღი,,2,იმედა,ხუნაშვილი,იმედა ხუნაშვილი,,,adg_2021_candidates_unified.xlsx
local_2021,__main__,council_smd,european_georgia,„ევროპული საქართველო-მოძრაობა თავისუფლებისთვის”,,10,სიღნაღი,,2,ანა,უსუფაშვილი,ანა უსუფაშვილი,,,adg_2021_candidates_unified.xlsx
local_2021,__main__,council_smd,european_georgia,„ევროპული საქართველო-მოძრაობა თავისუფლებისთვის”,,6,სიღნაღი,,2,ლექსო,ბუწაშვილი,ლექსო ბუწაშვილი,,,adg_2021_candidates_unified.xlsx
local_2021,__main__,council_smd,european_georgia,„ევროპული საქართველო-მოძრაობა თავისუფლებისთვის”,,8,სიღნაღი,,2,ნინო,ბუწაშვილი,ნინო ბუწაშვილი,,,adg_2021_candidates_unified.xlsx
local_2021,__main__,council_smd,european_georgia,„ევროპული საქართველო-მოძრაობა თავისუფლებისთვის”,,9,სიღნაღი,,2,იოსებ,ქობალია,იოსებ ქობალია,,,adg_2021_candidates_unified.xlsx
local_2021,__main__,council_smd,european_georgia,„ევროპული საქართველო-მოძრაობა თავისუფლებისთვის”,,12,სიღნაღი,,2,რომანი,ხუნაშვილი,რომანი ხუნაშვილი,,,adg_2021_candidates_unified.xlsx
local_2021,__main__,council_smd,european_georgia,„ევროპული საქართველო-მოძრაობა თავისუფლებისთვის”,,11,სიღნაღი,,2,ალექსანდრე,კალანდაძე,ალექსანდრე კალანდაძე,,,adg_2021_candidates_unified.xlsx
local_2021,__main__,council_smd,european_georgia,„ევროპული საქართველო-მოძრაობა თავისუფლებისთვის”,,3,სიღნაღი,,2,მარიამ,ლომაშვილი,მარიამ ლომაშვილი,,,adg_2021_candidates_unified.xlsx
local_2021,__main__,council_smd,european_georgia,„ევროპული საქართველო-მოძრაობა თავისუფლებისთვის”,,4,სიღნაღი,,2,ბესიკი,ლაზარიაშვილი,ბესიკი ლაზარიაშვილი,,,adg_2021_candidates_unified.xlsx
local_2021,__main__,council_smd,european_georgia,„ევროპული საქართველო-მოძრაობა თავისუფლებისთვის”,,2,სიღნაღი,,2,არსენი,მიდელაშვილი,არსენი მიდელაშვილი,,,adg_2021_candidates_unified.xlsx
local_2021,__main__,council_smd,european_georgia,„ევროპული საქართველო-მოძრაობა თავისუფლებისთვის”,,1,სიღნაღი,,2,ნინო,ღლიღვაშვილი,ნინო ღლიღვაშვილი,,,adg_2021_candidates_unified.xlsx
local_2021,__main__,council_smd,european_georgia,„ევროპული საქართველო-მოძრაობა თავისუფლებისთვის”,,7,სიღნაღი,,2,ივერი,ნადირაშვილი,ივერი ნადირაშვილი,,,adg_2021_candidates_unified.xlsx
local_2021,__main__,council_smd,unm,„ერთიანი ნაციონალური მოძრაობა”,,1,სიღნაღი,,5,ზურაბ,ბეჟაშვილი,ზურაბ ბეჟაშვილი,,,adg_2021_candidates_unified.xlsx
local_2021,__main__,council_smd,unm,„ერთიანი ნაციონალური მოძრაობა”,,2,სიღნაღი,,5,ნონა,ნინიაშვილი,ნონა ნინიაშვილი,,,adg_2021_candidates_unified.xlsx
local_2021,__main__,council_smd,unm,„ერთიანი ნაციონალური მოძრაობა”,,3,სიღნაღი,,5,კონსტანტინე,ვარდიაშვილი,კონსტანტინე ვარდიაშვილი,,,adg_2021_candidates_unified.xlsx
local_2021,__main__,council_smd,unm,„ერთიანი ნაციონალური მოძრაობა”,,4,სიღნაღი,,5,ჯაბა,ჩუთლაშვილი,ჯაბა ჩუთლაშვილი,,,adg_2021_candidates_unified.xlsx
local_2021,__main__,council_smd,unm,„ერთიანი ნაციონალური მოძრაობა”,,5,სიღნაღი,,5,გიგა,პაპუაშვილი,გიგა პაპუაშვილი,,,adg_2021_candidates_unified.xlsx
local_2021,__main__,council_smd,unm,„ერთიანი ნაციონალური მოძრაობა”,,6,სიღნაღი,,5,ნათელა,კვირიკაშვილი,ნათელა კვირიკაშვილი,,,adg_2021_candidates_unified.xlsx
local_2021,__main__,council_smd,unm,„ერთიანი ნაციონალური მოძრაობა”,,7,სიღნაღი,,5,ბადრი,შუშტაკაშვილი,ბადრი შუშტაკაშვილი,,,adg_2021_candidates_unified.xlsx
local_2021,__main__,council_smd,unm,„ერთიანი ნაციონალური მოძრაობა”,,8,სიღნაღი,,5,ფიქრია,ჯოხარიძე,ფიქრია ჯოხარიძე,,,adg_2021_candidates_unified.xlsx
local_2021,__main__,council_smd,unm,„ერთიანი ნაციონალური მოძრაობა”,,9,სიღნაღი,,5,ზვიად,ღვინიაშვილი,ზვიად ღვინიაშვილი,,,adg_2021_candidates_unified.xlsx
local_2021,__main__,council_smd,unm,„ერთიანი ნაციონალური მოძრაობა”,,10,სიღნაღი,,5,გიორგი,ღვინიაშვილი,გიორგი ღვინიაშვილი,,,adg_2021_candidates_unified.xlsx
local_2021,__main__,council_smd,unm,„ერთიანი ნაციონალური მოძრაობა”,,11,სიღნაღი,,5,თენგიზ,ზურაშვილი,თენგიზ ზურაშვილი,,,adg_2021_candidates_unified.xlsx
local_2021,__main__,council_smd,unm,„ერთიანი ნაციონალური მოძრაობა”,,12,სიღნაღი,,5,გიორგი,ზედელაშვილი,გიორგი ზედელაშვილი,,,adg_2021_candidates_unified.xlsx
local_2021,__main__,council_smd,patriots,"„დავით თარხან-მოურავი, ირმა ინაშვილი - საქართველოს პატრიოტთა ალიანსი”",,12,სიღნაღი,,8,ზურაბი,კიკილაშვილი,ზურაბი კიკილაშვილი,,,adg_2021_candidates_unified.xlsx
local_2021,__main__,council_smd,gakharia,გახარია - საქართველოსთვის,,9,სიღნაღი,,25,ოთარ,ალადაშვილი,ოთარ ალადაშვილი,,,adg_2021_candidates_unified.xlsx
local_2021,__main__,council_smd,gakharia,გახარია - საქართველოსთვის,,8,სიღნაღი,,25,თეიმურაზი,კუტიბაშვილი,თეიმურაზი კუტიბაშვილი,,,adg_2021_candidates_unified.xlsx
local_2021,__main__,council_smd,gakharia,გახარია - საქართველოსთვის,,12,სიღნაღი,,25,ბექა,ალადაშვილი,ბექა ალადაშვილი,,,adg_2021_candidates_unified.xlsx
local_2021,__main__,council_smd,gakharia,გახარია - საქართველოსთვის,,11,სიღნაღი,,25,ბექა,კანდელაკიშვილი,ბექა კანდელაკიშვილი,,,adg_2021_candidates_unified.xlsx
local_2021,__main__,council_smd,gakharia,გახარია - საქართველოსთვის,,2,სიღნაღი,,25,ლევან,კაიდარაშვილი,ლევან კაიდარაშვილი,,,adg_2021_candidates_unified.xlsx
local_2021,__main__,council_smd,free_georgia,"„თავისუფალი საქართველო (ზაზა ხატიაშვილი, კახა კუკავა, გრიგოლ ჯოჯუა)”",,1,სიღნაღი,,37,თეა,დემეტრაშვილი,თეა დემეტრაშვილი,,,adg_2021_candidates_unified.xlsx
local_2021,__main__,council_smd,gd,ქართული ოცნება - დემოკრატიული საქართველო,,1,სიღნაღი,,41,ცოტნე,ბეჟაშვილი,ცოტნე ბეჟაშვილი,,,adg_2021_candidates_unified.xlsx
local_2021,__main__,council_smd,gd,ქართული ოცნება - დემოკრატიული საქართველო,,12,სიღნაღი,,41,გიორგი,ელაშვილი,გიორგი ელაშვილი,,,adg_2021_candidates_unified.xlsx
local_2021,__main__,council_smd,gd,ქართული ოცნება - დემოკრატიული საქართველო,,11,სიღნაღი,,41,ირაკლი,ზურაშვილი,ირაკლი ზურაშვილი,,,adg_2021_candidates_unified.xlsx
local_2021,__main__,council_smd,gd,ქართული ოცნება - დემოკრატიული საქართველო,,10,სიღნაღი,,41,ილია,ბაიდოშვილი,ილია ბაიდოშვილი,,,adg_2021_candidates_unified.xlsx
local_2021,__main__,council_smd,gd,ქართული ოცნება - დემოკრატიული საქართველო,,3,სიღნაღი,,41,ვლადიმერ,სიმონიშვილი,ვლადიმერ სიმონიშვილი,,,adg_2021_candidates_unified.xlsx
local_2021,__main__,council_smd,gd,ქართული ოცნება - დემოკრატიული საქართველო,,9,სიღნაღი,,41,გოჩა,შანშაშვილი,გოჩა შანშაშვილი,,,adg_2021_candidates_unified.xlsx
local_2021,__main__,council_smd,gd,ქართული ოცნება - დემოკრატიული საქართველო,,2,სიღნაღი,,41,მიხეილი,კუტიბაშვილი,მიხეილი კუტიბაშვილი,,,adg_2021_candidates_unified.xlsx
local_2021,__main__,council_smd,gd,ქართული ოცნება - დემოკრატიული საქართველო,,4,სიღნაღი,,41,ზურაბ,მინდორაშვილი,ზურაბ მინდორაშვილი,,,adg_2021_candidates_unified.xlsx
local_2021,__main__,council_smd,gd,ქართული ოცნება - დემოკრატიული საქართველო,,5,სიღნაღი,,41,გოჩა,ხოსიტაშვილი,გოჩა ხოსიტაშვილი,,,adg_2021_candidates_unified.xlsx
local_2021,__main__,council_smd,gd,ქართული ოცნება - დემოკრატიული საქართველო,,6,სიღნაღი,,41,ნანა,ნანობაშვილი,ნანა ნანობაშვილი,,,adg_2021_candidates_unified.xlsx
local_2021,__main__,council_smd,gd,ქართული ოცნება - დემოკრატიული საქართველო,,7,სიღნაღი,,41,ნინო,ბახტურიძე,ნინო ბახტურიძე,,,adg_2021_candidates_unified.xlsx
local_2021,__main__,council_smd,gd,ქართული ოცნება - დემოკრატიული საქართველო,,8,სიღნაღი,,41,გიორგი,სპანდერაშვილი,გიორგი სპანდერაშვილი,,,adg_2021_candidates_unified.xlsx
local_2021,__main__,council_smd,european_georgia,„ევროპული საქართველო-მოძრაობა თავისუფლებისთვის”,,2,დედოფლისწყარო,,2,ნოშრევან,ნატროშვილი,ნოშრევან ნატროშვილი,,,adg_2021_candidates_unified.xlsx
local_2021,__main__,council_smd,european_georgia,„ევროპული საქართველო-მოძრაობა თავისუფლებისთვის”,,4,დედოფლისწყარო,,2,ვაჟა,წიკლაური,ვაჟა წიკლაური,,,adg_2021_candidates_unified.xlsx
local_2021,__main__,council_smd,european_georgia,„ევროპული საქართველო-მოძრაობა თავისუფლებისთვის”,,7,დედოფლისწყარო,,2,ლეილა,ლაზვიაშვილი,ლეილა ლაზვიაშვილი,,,adg_2021_candidates_unified.xlsx
local_2021,__main__,council_smd,european_georgia,„ევროპული საქართველო-მოძრაობა თავისუფლებისთვის”,,6,დედოფლისწყარო,,2,თემურ,მოსემღვდლიშვილი,თემურ მოსემღვდლიშვილი,,,adg_2021_candidates_unified.xlsx
local_2021,__main__,council_smd,unm,„ერთიანი ნაციონალური მოძრაობა”,,1,დედოფლისწყარო,,5,ლევან,ბაღაშვილი,ლევან ბაღაშვილი,,,adg_2021_candidates_unified.xlsx
local_2021,__main__,council_smd,unm,„ერთიანი ნაციონალური მოძრაობა”,,2,დედოფლისწყარო,,5,ლევან,იაკობიშვილი,ლევან იაკობიშვილი,,,adg_2021_candidates_unified.xlsx
local_2021,__main__,council_smd,unm,„ერთიანი ნაციონალური მოძრაობა”,,3,დედოფლისწყარო,,5,ავრორა,თევზაძე,ავრორა თევზაძე,,,adg_2021_candidates_unified.xlsx
local_2021,__main__,council_smd,unm,„ერთიანი ნაციონალური მოძრაობა”,,5,დედოფლისწყარო,,5,დავით,მაძღარაშვილი,დავით მაძღარაშვილი,,,adg_2021_candidates_unified.xlsx
local_2021,__main__,council_smd,unm,„ერთიანი ნაციონალური მოძრაობა”,,10,დედოფლისწყარო,,5,ოთარ,ფუტკარაძე,ოთარ ფუტკარაძე,,,adg_2021_candidates_unified.xlsx
local_2021,__main__,council_smd,unm,„ერთიანი ნაციონალური მოძრაობა”,,7,დედოფლისწყარო,,5,ავთანდილ,ხარხელაური,ავთანდილ ხარხელაური,,,adg_2021_candidates_unified.xlsx
local_2021,__main__,council_smd,unm,„ერთიანი ნაციონალური მოძრაობა”,,4,დედოფლისწყარო,,5,მადონა,კორაშვილი,მადონა კორაშვილი,,,adg_2021_candidates_unified.xlsx
local_2021,__main__,council_smd,unm,„ერთიანი ნაციონალური მოძრაობა”,,6,დედოფლისწყარო,,5,ნინა,გოგილაშვილი,ნინა გოგილაშვილი,,,adg_2021_candidates_unified.xlsx
local_2021,__main__,council_smd,unm,„ერთიანი ნაციონალური მოძრაობა”,,8,დედოფლისწყარო,,5,ნოდარი,კობაიძე,ნოდარი კობაიძე,,,adg_2021_candidates_unified.xlsx
local_2021,__main__,council_smd,lelo,„ლელო”,,1,დედოფლისწყარო,,9,მერი,ნატროშვილი,მერი ნატროშვილი,,,adg_2021_candidates_unified.xlsx
local_2021,__main__,council_smd,lelo,„ლელო”,,10,დედოფლისწყარო,,9,კობა,ზოსიძე,კობა ზოსიძე,,,adg_2021_candidates_unified.xlsx
local_2021,__main__,council_smd,lelo,„ლელო”,,3,დედოფლისწყარო,,9,ომარი,გიებაშვილი,ომარი გიებაშვილი,,,adg_2021_candidates_unified.xlsx
local_2021,__main__,council_smd,lelo,„ლელო”,,5,დედოფლისწყარო,,9,ლევან,ჯამალაშვილი,ლევან ჯამალაშვილი,,,adg_2021_candidates_unified.xlsx
local_2021,__main__,council_smd,gd,ქართული ოცნება - დემოკრატიული საქართველო,,2,დედოფლისწყარო,,41,ივანე,ნატროშვილი,ივანე ნატროშვილი,,,adg_2021_candidates_unified.xlsx
local_2021,__main__,council_smd,gd,ქართული ოცნება - დემოკრატიული საქართველო,,3,დედოფლისწყარო,,41,არსენა,ბაღაშვილი,არსენა ბაღაშვილი,,,adg_2021_candidates_unified.xlsx
local_2021,__main__,council_smd,gd,ქართული ოცნება - დემოკრატიული საქართველო,,4,დედოფლისწყარო,,41,გივი,გიგაური,გივი გიგაური,,,adg_2021_candidates_unified.xlsx
local_2021,__main__,council_smd,gd,ქართული ოცნება - დემოკრატიული საქართველო,,6,დედოფლისწყარო,,41,სიმონ,ყოჩიაშვილი,სიმონ ყოჩიაშვილი,,,adg_2021_candidates_unified.xlsx
local_2021,__main__,council_smd,gd,ქართული ოცნება - დემოკრატიული საქართველო,,7,დედოფლისწყარო,,41,ნიკოლოზ,ხუციშვილი,ნიკოლოზ ხუციშვილი,,,adg_2021_candidates_unified.xlsx
local_2021,__main__,council_smd,gd,ქართული ოცნება - დემოკრატიული საქართველო,,8,დედოფლისწყარო,,41,სიმონ,წიკლაური,სიმონ წიკლაური,,,adg_2021_candidates_unified.xlsx
local_2021,__main__,council_smd,gd,ქართული ოცნება - დემოკრატიული საქართველო,,5,დედოფლისწყარო,,41,გიორგი,გოგილაშვილი,გიორგი გოგილაშვილი,,,adg_2021_candidates_unified.xlsx
local_2021,__main__,council_smd,gd,ქართული ოცნება - დემოკრატიული საქართველო,,9,დედოფლისწყარო,,41,ავთანდილ,ხუმარაშვილი,ავთანდილ ხუმარაშვილი,,,adg_2021_candidates_unified.xlsx
local_2021,__main__,council_smd,gd,ქართული ოცნება - დემოკრატიული საქართველო,,10,დედოფლისწყარო,,41,ავთანდილ,შაინიძე,ავთანდილ შაინიძე,,,adg_2021_candidates_unified.xlsx
local_2021,__main__,council_smd,gd,ქართული ოცნება - დემოკრატიული საქართველო,,1,დედოფლისწყარო,,41,გოჩა,სამუკაშვილი,გოჩა სამუკაშვილი,,,adg_2021_candidates_unified.xlsx
local_2021,__main__,council_smd,peoples_party,„სახალხო პარტია”,,2,დედოფლისწყარო,,44,ელგუჯა,მამულაშვილი,ელგუჯა მამულაშვილი,,,adg_2021_candidates_unified.xlsx
local_2021,__main__,council_smd,girchi_more_freedom,„ზურაბ გირჩი ჯაფარიძე: გირჩი - მეტი თავისუფლება”,,1,დედოფლისწყარო,,45,გიორგი,რობიტაშვილი,გიორგი რობიტაშვილი,,,adg_2021_candidates_unified.xlsx
local_2021,__main__,council_smd,girchi_more_freedom,„ზურაბ გირჩი ჯაფარიძე: გირჩი - მეტი თავისუფლება”,,3,დედოფლისწყარო,,45,ენრი,ლამაზოშვილი,ენრი ლამაზოშვილი,,,adg_2021_candidates_unified.xlsx
local_2021,__main__,council_smd,,საინიციატივო ჯგუფი,,7,დედოფლისწყარო,,51,ბესიკ,ქავთარაძე,ბესიკ ქავთარაძე,,,adg_2021_candidates_unified.xlsx
local_2021,__main__,council_smd,,საინიციატივო ჯგუფი,,9,დედოფლისწყარო,,51,მურთაზ,ხუცურაული,მურთაზ ხუცურაული,,,adg_2021_candidates_unified.xlsx
local_2021,__main__,council_smd,third_force,„მესამე ძალა-სტრატეგია აღმაშენებელი”,,4,ლაგოდეხი,,1,კახაბერ,ჭუმბურიძე,კახაბერ ჭუმბურიძე,,,adg_2021_candidates_unified.xlsx
local_2021,__main__,council_smd,third_force,„მესამე ძალა-სტრატეგია აღმაშენებელი”,,7,ლაგოდეხი,,1,ლელა,ქვრივიშვილი,ლელა ქვრივიშვილი,,,adg_2021_candidates_unified.xlsx
local_2021,__main__,council_smd,third_force,„მესამე ძალა-სტრატეგია აღმაშენებელი”,,3,ლაგოდეხი,,1,ისაკო,ცქიფურიშვილი,ისაკო ცქიფურიშვილი,,,adg_2021_candidates_unified.xlsx
local_2021,__main__,council_smd,third_force,„მესამე ძალა-სტრატეგია აღმაშენებელი”,,6,ლაგოდეხი,,1,დავით,ლომიძე,დავით ლომიძე,,,adg_2021_candidates_unified.xlsx
local_2021,__main__,council_smd,third_force,„მესამე ძალა-სტრატეგია აღმაშენებელი”,,5,ლაგოდეხი,,1,სახილ,ველიევ,სახილ ველიევ,,,adg_2021_candidates_unified.xlsx
local_2021,__main__,council_smd,european_georgia,„ევროპული საქართველო-მოძრაობა თავისუფლებისთვის”,,9,ლაგოდეხი,,2,გიორგი,შავერდაშვილი,გიორგი შავერდაშვილი,,,adg_2021_candidates_unified.xlsx
local_2021,__main__,council_smd,european_georgia,„ევროპული საქართველო-მოძრაობა თავისუფლებისთვის”,,4,ლაგოდეხი,,2,ილია,მამაცაშვილი,ილია მამაცაშვილი,,,adg_2021_candidates_unified.xlsx
local_2021,__main__,council_smd,unm,„ერთიანი ნაციონალური მოძრაობა”,,7,ლაგოდეხი,,5,ილია,ლეკიაშვილი,ილია ლეკიაშვილი,,,adg_2021_candidates_unified.xlsx
local_2021,__main__,council_smd,unm,„ერთიანი ნაციონალური მოძრაობა”,,1,ლაგოდეხი,,5,ლაშა,ბოლღაშვილი,ლაშა ბოლღაშვილი,,,adg_2021_candidates_unified.xlsx
local_2021,__main__,council_smd,unm,„ერთიანი ნაციონალური მოძრაობა”,,2,ლაგოდეხი,,5,იოსებ,ჯიყაშვილი,იოსებ ჯიყაშვილი,,,adg_2021_candidates_unified.xlsx
local_2021,__main__,council_smd,unm,„ერთიანი ნაციონალური მოძრაობა”,,5,ლაგოდეხი,,5,სავალან,ალიევ,სავალან ალიევ,,,adg_2021_candidates_unified.xlsx
local_2021,__main__,council_smd,unm,„ერთიანი ნაციონალური მოძრაობა”,,6,ლაგოდეხი,,5,ივანე,მაჭარაშვილი,ივანე მაჭარაშვილი,,,adg_2021_candidates_unified.xlsx
local_2021,__main__,council_smd,unm,„ერთიანი ნაციონალური მოძრაობა”,,8,ლაგოდეხი,,5,ვანო,ტაბატაძე,ვანო ტაბატაძე,,,adg_2021_candidates_unified.xlsx
local_2021,__main__,council_smd,european_socialists,„ევროპელი სოციალისტები”,,1,ლაგოდეხი,,19,მევლუდი,ღამბაშიძე,მევლუდი ღამბაშიძე,,,adg_2021_candidates_unified.xlsx
local_2021,__main__,council_smd,european_socialists,„ევროპელი სოციალისტები”,,7,ლაგოდეხი,,19,ავთანდილი,ქიმაძე,ავთანდილი ქიმაძე,,,adg_2021_candidates_unified.xlsx
local_2021,__main__,council_smd,european_socialists,„ევროპელი სოციალისტები”,,5,ლაგოდეხი,,19,ახმედ,აბდულაევ,ახმედ აბდულაევ,,,adg_2021_candidates_unified.xlsx
local_2021,__main__,council_smd,gakharia,გახარია - საქართველოსთვის,,3,ლაგოდეხი,,25,რებეკა,კანგ,რებეკა კანგ,,,adg_2021_candidates_unified.xlsx
local_2021,__main__,council_smd,gakharia,გახარია - საქართველოსთვის,,1,ლაგოდეხი,,25,სალომე,ღონღაძე,სალომე ღონღაძე,,,adg_2021_candidates_unified.xlsx
local_2021,__main__,council_smd,gakharia,გახარია - საქართველოსთვის,,9,ლაგოდეხი,,25,ლევანი,შუბითიძე,ლევანი შუბითიძე,,,adg_2021_candidates_unified.xlsx
local_2021,__main__,council_smd,gakharia,გახარია - საქართველოსთვის,,8,ლაგოდეხი,,25,ნიკოლოზი,გოგოლაძე,ნიკოლოზი გოგოლაძე,,,adg_2021_candidates_unified.xlsx
local_2021,__main__,council_smd,gd,ქართული ოცნება - დემოკრატიული საქართველო,,5,ლაგოდეხი,,41,ვუგარ,აგამედოვ,ვუგარ აგამედოვ,,,adg_2021_candidates_unified.xlsx
local_2021,__main__,council_smd,gd,ქართული ოცნება - დემოკრატიული საქართველო,,1,ლაგოდეხი,,41,ვლადიმერი,ალიბეგაშვილი,ვლადიმერი ალიბეგაშვილი,,,adg_2021_candidates_unified.xlsx
local_2021,__main__,council_smd,gd,ქართული ოცნება - დემოკრატიული საქართველო,,8,ლაგოდეხი,,41,ბესარიონი,შუბითიძე,ბესარიონი შუბითიძე,,,adg_2021_candidates_unified.xlsx
local_2021,__main__,council_smd,gd,ქართული ოცნება - დემოკრატიული საქართველო,,10,ლაგოდეხი,,41,ალექსანდრე,ბაინდურაშვილი,ალექსანდრე ბაინდურაშვილი,,,adg_2021_candidates_unified.xlsx
local_2021,__main__,council_smd,gd,ქართული ოცნება - დემოკრატიული საქართველო,,9,ლაგოდეხი,,41,ლუკა,მუმლაძე,ლუკა მუმლაძე,,,adg_2021_candidates_unified.xlsx
local_2021,__main__,council_smd,gd,ქართული ოცნება - დემოკრატიული საქართველო,,7,ლაგოდეხი,,41,სიმონი,კვერნაძე,სიმონი კვერნაძე,,,adg_2021_candidates_unified.xlsx
local_2021,__main__,council_smd,gd,ქართული ოცნება - დემოკრატიული საქართველო,,2,ლაგოდეხი,,41,ვახტანგი,ჭიპაშვილი,ვახტანგი ჭიპაშვილი,,,adg_2021_candidates_unified.xlsx
local_2021,__main__,council_smd,gd,ქართული ოცნება - დემოკრატიული საქართველო,,4,ლაგოდეხი,,41,ხვიჩა,ყაველაშვილი,ხვიჩა ყაველაშვილი,,,adg_2021_candidates_unified.xlsx
local_2021,__main__,council_smd,gd,ქართული ოცნება - დემოკრატიული საქართველო,,3,ლაგოდეხი,,41,გია,გაფრინდაშვილი,გია გაფრინდაშვილი,,,adg_2021_candidates_unified.xlsx
local_2021,__main__,council_smd,gd,ქართული ოცნება - დემოკრატიული საქართველო,,6,ლაგოდეხი,,41,დავითი,ღონღაძე,დავითი ღონღაძე,,,adg_2021_candidates_unified.xlsx
local_2021,__main__,council_smd,,საინიციატივო ჯგუფი,,10,ლაგოდეხი,,51,ვიტალი,გუგეშაშვილი,ვიტალი გუგეშაშვილი,,,adg_2021_candidates_unified.xlsx
local_2021,__main__,council_smd,unm,„ერთიანი ნაციონალური მოძრაობა”,,1,ყვარელი,,5,ლევან,ფიცხელაური,ლევან ფიცხელაური,,,adg_2021_candidates_unified.xlsx
local_2021,__main__,council_smd,unm,„ერთიანი ნაციონალური მოძრაობა”,,3,ყვარელი,,5,მალხაზი,კალაიჯიშვილი,მალხაზი კალაიჯიშვილი,,,adg_2021_candidates_unified.xlsx
local_2021,__main__,council_smd,unm,„ერთიანი ნაციონალური მოძრაობა”,,2,ყვარელი,,5,გიორგი,ღვინიაშვილი,გიორგი ღვინიაშვილი,,,adg_2021_candidates_unified.xlsx
local_2021,__main__,council_smd,unm,„ერთიანი ნაციონალური მოძრაობა”,,8,ყვარელი,,5,იოსებ,ჩაბრაშვილი,იოსებ ჩაბრაშვილი,,,adg_2021_candidates_unified.xlsx
local_2021,__main__,council_smd,unm,„ერთიანი ნაციონალური მოძრაობა”,,4,ყვარელი,,5,სიმონ,კიკილაშვილი,სიმონ კიკილაშვილი,,,adg_2021_candidates_unified.xlsx
local_2021,__main__,council_smd,unm,„ერთიანი ნაციონალური მოძრაობა”,,5,ყვარელი,,5,გიორგი,პართენიშვილი,გიორგი პართენიშვილი,,,adg_2021_candidates_unified.xlsx
local_2021,__main__,council_smd,unm,„ერთიანი ნაციონალური მოძრაობა”,,9,ყვარელი,,5,დავითი,ჟიჟაშვილი,დავითი ჟიჟაშვილი,,,adg_2021_candidates_unified.xlsx
local_2021,__main__,council_smd,unm,„ერთიანი ნაციონალური მოძრაობა”,,6,ყვარელი,,5,ვალერი,ვარადაშვილი,ვალერი ვარადაშვილი,,,adg_2021_candidates_unified.xlsx
local_2021,__main__,council_smd,unm,„ერთიანი ნაციონალური მოძრაობა”,,7,ყვარელი,,5,დავითი,მიჩილაშვილი,დავითი მიჩილაშვილი,,,adg_2021_candidates_unified.xlsx
local_2021,__main__,council_smd,patriots,"„დავით თარხან-მოურავი, ირმა ინაშვილი - საქართველოს პატრიოტთა ალიანსი”",,9,ყვარელი,,8,დოდო,ბაწილაშვილი,დოდო ბაწილაშვილი,,,adg_2021_candidates_unified.xlsx
local_2021,__main__,council_smd,patriots,"„დავით თარხან-მოურავი, ირმა ინაშვილი - საქართველოს პატრიოტთა ალიანსი”",,8,ყვარელი,,8,ოთარი,ადომლიშვილი,ოთარი ადომლიშვილი,,,adg_2021_candidates_unified.xlsx
local_2021,__main__,council_smd,patriots,"„დავით თარხან-მოურავი, ირმა ინაშვილი - საქართველოს პატრიოტთა ალიანსი”",,3,ყვარელი,,8,ტრისტანი,კალაიჯიშვილი,ტრისტანი კალაიჯიშვილი,,,adg_2021_candidates_unified.xlsx
local_2021,__main__,council_smd,lelo,„ლელო”,,8,ყვარელი,,9,მარიანა,მამისაშვილი,მარიანა მამისაშვილი,,,adg_2021_candidates_unified.xlsx
local_2021,__main__,council_smd,lelo,„ლელო”,,7,ყვარელი,,9,ლევანი,კაკონაშვილი,ლევანი კაკონაშვილი,,,adg_2021_candidates_unified.xlsx
local_2021,__main__,council_smd,lelo,„ლელო”,,2,ყვარელი,,9,ვაჟა,ბეჟანიშვილი,ვაჟა ბეჟანიშვილი,,,adg_2021_candidates_unified.xlsx
local_2021,__main__,council_smd,lelo,„ლელო”,,1,ყვარელი,,9,ნუგზარ,კახაშვილი,ნუგზარ კახაშვილი,,,adg_2021_candidates_unified.xlsx
local_2021,__main__,council_smd,lelo,„ლელო”,,9,ყვარელი,,9,მანანა,სამყურაშვილი,მანანა სამყურაშვილი,,,adg_2021_candidates_unified.xlsx
local_2021,__main__,council_smd,lelo,„ლელო”,,4,ყვარელი,,9,თემური,ბერიანიძე,თემური ბერიანიძე,,,adg_2021_candidates_unified.xlsx
local_2021,__main__,council_smd,gakharia,გახარია - საქართველოსთვის,,6,ყვარელი,,25,ლაშა,ალადოშვილი,ლაშა ალადოშვილი,,,adg_2021_candidates_unified.xlsx
local_2021,__main__,council_smd,gakharia,გახარია - საქართველოსთვის,,7,ყვარელი,,25,ივანე,ელოშვილი,ივანე ელოშვილი,,,adg_2021_candidates_unified.xlsx
local_2021,__main__,council_smd,gakharia,გახარია - საქართველოსთვის,,9,ყვარელი,,25,რატი,ტურაშვილი,რატი ტურაშვილი,,,adg_2021_candidates_unified.xlsx
local_2021,__main__,council_smd,gakharia,გახარია - საქართველოსთვის,,1,ყვარელი,,25,გიორგი,კობიაშვილი,გიორგი კობიაშვილი,,,adg_2021_candidates_unified.xlsx
local_2021,__main__,council_smd,gakharia,გახარია - საქართველოსთვის,,2,ყვარელი,,25,თამარი,დენტოშვილი,თამარი დენტოშვილი,,,adg_2021_candidates_unified.xlsx
local_2021,__main__,council_smd,gakharia,გახარია - საქართველოსთვის,,5,ყვარელი,,25,დავითი,კილასონია,დავითი კილასონია,,,adg_2021_candidates_unified.xlsx
local_2021,__main__,council_smd,gakharia,გახარია - საქართველოსთვის,,3,ყვარელი,,25,პეტრე,ყრუაშვილი,პეტრე ყრუაშვილი,,,adg_2021_candidates_unified.xlsx
local_2021,__main__,council_smd,gakharia,გახარია - საქართველოსთვის,,8,ყვარელი,,25,შეთე,ქემოკლიძე,შეთე ქემოკლიძე,,,adg_2021_candidates_unified.xlsx
local_2021,__main__,council_smd,gd,ქართული ოცნება - დემოკრატიული საქართველო,,1,ყვარელი,,41,ოთარი,ბუჯიაშვილი,ოთარი ბუჯიაშვილი,,,adg_2021_candidates_unified.xlsx
local_2021,__main__,council_smd,gd,ქართული ოცნება - დემოკრატიული საქართველო,,2,ყვარელი,,41,ლევანი,გელაძე,ლევანი გელაძე,,,adg_2021_candidates_unified.xlsx
local_2021,__main__,council_smd,gd,ქართული ოცნება - დემოკრატიული საქართველო,,3,ყვარელი,,41,ზურაბი,კაპანაძე,ზურაბი კაპანაძე,,,adg_2021_candidates_unified.xlsx
local_2021,__main__,council_smd,gd,ქართული ოცნება - დემოკრატიული საქართველო,,4,ყვარელი,,41,კახა,ასისტიშვილი,კახა ასისტიშვილი,,,adg_2021_candidates_unified.xlsx
local_2021,__main__,council_smd,gd,ქართული ოცნება - დემოკრატიული საქართველო,,5,ყვარელი,,41,ვლადიმერი,გელაძე,ვლადიმერი გელაძე,,,adg_2021_candidates_unified.xlsx
local_2021,__main__,council_smd,gd,ქართული ოცნება - დემოკრატიული საქართველო,,8,ყვარელი,,41,კონსტანტინე,ცხოვრებაძე,კონსტანტინე ცხოვრებაძე,,,adg_2021_candidates_unified.xlsx
local_2021,__main__,council_smd,gd,ქართული ოცნება - დემოკრატიული საქართველო,,9,ყვარელი,,41,მამუკა,ბერიაშვილი,მამუკა ბერიაშვილი,,,adg_2021_candidates_unified.xlsx
local_2021,__main__,council_smd,gd,ქართული ოცნება - დემოკრატიული საქართველო,,6,ყვარელი,,41,დათო,ვარადაშვილი,დათო ვარადაშვილი,,,adg_2021_candidates_unified.xlsx
local_2021,__main__,council_smd,gd,ქართული ოცნება - დემოკრატიული საქართველო,,7,ყვარელი,,41,გიორგი,ამირხანოვი,გიორგი ამირხანოვი,,,adg_2021_candidates_unified.xlsx
local_2021,__main__,council_smd,third_force,„მესამე ძალა-სტრატეგია აღმაშენებელი”,,13,თელავი,,1,ნუგზარ,ბეჯანოვი,ნუგზარ ბეჯანოვი,,,adg_2021_candidates_unified.xlsx
local_2021,__main__,council_smd,european_georgia,„ევროპული საქართველო-მოძრაობა თავისუფლებისთვის”,,2,თელავი,,2,ნიკოლოზ,დალაქიშვილი,ნიკოლოზ დალაქიშვილი,,,adg_2021_candidates_unified.xlsx
local_2021,__main__,council_smd,european_georgia,„ევროპული საქართველო-მოძრაობა თავისუფლებისთვის”,,1,თელავი,,2,ლელა,მენთეშაშვილი,ლელა მენთეშაშვილი,,,adg_2021_candidates_unified.xlsx
local_2021,__main__,council_smd,european_georgia,„ევროპული საქართველო-მოძრაობა თავისუფლებისთვის”,,12,თელავი,,2,ელიკო,მეტრეველი,ელიკო მეტრეველი,,,adg_2021_candidates_unified.xlsx
local_2021,__main__,council_smd,european_georgia,„ევროპული საქართველო-მოძრაობა თავისუფლებისთვის”,,5,თელავი,,2,ანა,მამალაშვილი,ანა მამალაშვილი,,,adg_2021_candidates_unified.xlsx
local_2021,__main__,council_smd,european_georgia,„ევროპული საქართველო-მოძრაობა თავისუფლებისთვის”,,6,თელავი,,2,თეონა,ნატროშვილი,თეონა ნატროშვილი,,,adg_2021_candidates_unified.xlsx
local_2021,__main__,council_smd,european_georgia,„ევროპული საქართველო-მოძრაობა თავისუფლებისთვის”,,4,თელავი,,2,მზია,ესიტაშვილი,მზია ესიტაშვილი,,,adg_2021_candidates_unified.xlsx
local_2021,__main__,council_smd,european_georgia,„ევროპული საქართველო-მოძრაობა თავისუფლებისთვის”,,3,თელავი,,2,ქეთევან,ბედოიძე,ქეთევან ბედოიძე,,,adg_2021_candidates_unified.xlsx
local_2021,__main__,council_smd,european_georgia,„ევროპული საქართველო-მოძრაობა თავისუფლებისთვის”,,9,თელავი,,2,დული,შავგულიძე,დული შავგულიძე,,,adg_2021_candidates_unified.xlsx
local_2021,__main__,council_smd,european_georgia,„ევროპული საქართველო-მოძრაობა თავისუფლებისთვის”,,11,თელავი,,2,ფრიდონი,ტერტერაშვილი,ფრიდონი ტერტერაშვილი,,,adg_2021_candidates_unified.xlsx
local_2021,__main__,council_smd,unm,„ერთიანი ნაციონალური მოძრაობა”,,13,თელავი,,5,ფოლად,სულეიმანოვი,ფოლად სულეიმანოვი,,,adg_2021_candidates_unified.xlsx
local_2021,__main__,council_smd,unm,„ერთიანი ნაციონალური მოძრაობა”,,8,თელავი,,5,არჩილი,თუშიშვილი,არჩილი თუშიშვილი,,,adg_2021_candidates_unified.xlsx
local_2021,__main__,council_smd,unm,„ერთიანი ნაციონალური მოძრაობა”,,9,თელავი,,5,ზურაბი,ნაცარაშვილი,ზურაბი ნაცარაშვილი,,,adg_2021_candidates_unified.xlsx
local_2021,__main__,council_smd,unm,„ერთიანი ნაციონალური მოძრაობა”,,12,თელავი,,5,გელა,ჭვრიტიძე,გელა ჭვრიტიძე,,,adg_2021_candidates_unified.xlsx
local_2021,__main__,council_smd,unm,„ერთიანი ნაციონალური მოძრაობა”,,2,თელავი,,5,ბაადური,რევაზიშვილი,ბაადური რევაზიშვილი,,,adg_2021_candidates_unified.xlsx
local_2021,__main__,council_smd,unm,„ერთიანი ნაციონალური მოძრაობა”,,1,თელავი,,5,რუსუდანი,იმერლიშვილი,რუსუდანი იმერლიშვილი,,,adg_2021_candidates_unified.xlsx
local_2021,__main__,council_smd,unm,„ერთიანი ნაციონალური მოძრაობა”,,6,თელავი,,5,ზაქარია,გრიშიკაშვილი,ზაქარია გრიშიკაშვილი,,,adg_2021_candidates_unified.xlsx
local_2021,__main__,council_smd,unm,„ერთიანი ნაციონალური მოძრაობა”,,7,თელავი,,5,გიგი,გიგიტელაშვილი,გიგი გიგიტელაშვილი,,,adg_2021_candidates_unified.xlsx
local_2021,__main__,council_smd,unm,„ერთიანი ნაციონალური მოძრაობა”,,10,თელავი,,5,აბრამ,მახარიაშვილი,აბრამ მახარიაშვილი,,,adg_2021_candidates_unified.xlsx
local_2021,__main__,council_smd,unm,„ერთიანი ნაციონალური მოძრაობა”,,11,თელავი,,5,დავითი,წიფლაშვილი,დავითი წიფლაშვილი,,,adg_2021_candidates_unified.xlsx
local_2021,__main__,council_smd,unm,„ერთიანი ნაციონალური მოძრაობა”,,5,თელავი,,5,იმედა,კევლიშვილი,იმედა კევლიშვილი,,,adg_2021_candidates_unified.xlsx
local_2021,__main__,council_smd,unm,„ერთიანი ნაციონალური მოძრაობა”,,3,თელავი,,5,ბაადურ,გულიაშვილი,ბაადურ გულიაშვილი,,,adg_2021_candidates_unified.xlsx
local_2021,__main__,council_smd,unm,„ერთიანი ნაციონალური მოძრაობა”,,4,თელავი,,5,ალექსანდრე,კუპატაძე,ალექსანდრე კუპატაძე,,,adg_2021_candidates_unified.xlsx
local_2021,__main__,council_smd,labour,„შალვა ნათელაშვილი-საქართველოს ლეიბორისტული პარტია”,,1,თელავი,,10,ნიკოლოზ,ვარდოშვილი,ნიკოლოზ ვარდოშვილი,,,adg_2021_candidates_unified.xlsx
local_2021,__main__,council_smd,labour,„შალვა ნათელაშვილი-საქართველოს ლეიბორისტული პარტია”,,2,თელავი,,10,თენგიზ,წითელაური,თენგიზ წითელაური,,,adg_2021_candidates_unified.xlsx
local_2021,__main__,council_smd,gakharia,გახარია - საქართველოსთვის,,9,თელავი,,25,შამილი,ძამუკაშვილი,შამილი ძამუკაშვილი,,,adg_2021_candidates_unified.xlsx
local_2021,__main__,council_smd,gakharia,გახარია - საქართველოსთვის,,4,თელავი,,25,ზურაბი,ხატიაშვილი,ზურაბი ხატიაშვილი,,,adg_2021_candidates_unified.xlsx
local_2021,__main__,council_smd,gakharia,გახარია - საქართველოსთვის,,1,თელავი,,25,კახა,ბერძნიშვილი,კახა ბერძნიშვილი,,,adg_2021_candidates_unified.xlsx
local_2021,__main__,council_smd,gakharia,გახარია - საქართველოსთვის,,6,თელავი,,25,ილია,გრძელიშვილი,ილია გრძელიშვილი,,,adg_2021_candidates_unified.xlsx
local_2021,__main__,council_smd,gakharia,გახარია - საქართველოსთვის,,8,თელავი,,25,გიორგი,ქევხიშვილი,გიორგი ქევხიშვილი,,,adg_2021_candidates_unified.xlsx
local_2021,__main__,council_smd,gakharia,გახარია - საქართველოსთვის,,3,თელავი,,25,ავთანდილ,ნარიმანოვი,ავთანდილ ნარიმანოვი,,,adg_2021_candidates_unified.xlsx
local_2021,__main__,council_smd,gakharia,გახარია - საქართველოსთვის,,5,თელავი,,25,ზურაბი,გალახვარიძე,ზურაბი გალახვარიძე,,,adg_2021_candidates_unified.xlsx
local_2021,__main__,council_smd,gakharia,გახარია - საქართველოსთვის,,2,თელავი,,25,სულხანი,მექვაბაური,სულხანი მექვაბაური,,,adg_2021_candidates_unified.xlsx
local_2021,__main__,council_smd,gakharia,გახარია - საქართველოსთვის,,7,თელავი,,25,ზაქარია,ორკოდაშვილი,ზაქარია ორკოდაშვილი,,,adg_2021_candidates_unified.xlsx
local_2021,__main__,council_smd,gakharia,გახარია - საქართველოსთვის,,11,თელავი,,25,ზაზა,ჯაფარიძე,ზაზა ჯაფარიძე,,,adg_2021_candidates_unified.xlsx
local_2021,__main__,council_smd,gd,ქართული ოცნება - დემოკრატიული საქართველო,,13,თელავი,,41,ზურაბ,მუსაევი,ზურაბ მუსაევი,,,adg_2021_candidates_unified.xlsx
local_2021,__main__,council_smd,gd,ქართული ოცნება - დემოკრატიული საქართველო,,9,თელავი,,41,ზაზა,ტატულიშვილი,ზაზა ტატულიშვილი,,,adg_2021_candidates_unified.xlsx
local_2021,__main__,council_smd,gd,ქართული ოცნება - დემოკრატიული საქართველო,,10,თელავი,,41,გიორგი,ოქროპირიძე,გიორგი ოქროპირიძე,,,adg_2021_candidates_unified.xlsx
local_2021,__main__,council_smd,gd,ქართული ოცნება - დემოკრატიული საქართველო,,11,თელავი,,41,უჩა,ჭოტიაშვილი,უჩა ჭოტიაშვილი,,,adg_2021_candidates_unified.xlsx
local_2021,__main__,council_smd,gd,ქართული ოცნება - დემოკრატიული საქართველო,,12,თელავი,,41,ავთანდილი,მჭედლიშვილი,ავთანდილი მჭედლიშვილი,,,adg_2021_candidates_unified.xlsx
local_2021,__main__,council_smd,gd,ქართული ოცნება - დემოკრატიული საქართველო,,4,თელავი,,41,ივანე,კირვალიძე,ივანე კირვალიძე,,,adg_2021_candidates_unified.xlsx
local_2021,__main__,council_smd,gd,ქართული ოცნება - დემოკრატიული საქართველო,,6,თელავი,,41,გივი,ლაფაური,გივი ლაფაური,,,adg_2021_candidates_unified.xlsx
local_2021,__main__,council_smd,gd,ქართული ოცნება - დემოკრატიული საქართველო,,7,თელავი,,41,ნინო,კორინთელი,ნინო კორინთელი,,,adg_2021_candidates_unified.xlsx
local_2021,__main__,council_smd,gd,ქართული ოცნება - დემოკრატიული საქართველო,,8,თელავი,,41,ზურაბი,მოსახლიშვილი,ზურაბი მოსახლიშვილი,,,adg_2021_candidates_unified.xlsx
local_2021,__main__,council_smd,gd,ქართული ოცნება - დემოკრატიული საქართველო,,5,თელავი,,41,ნიკოლოზ,მაისურაძე,ნიკოლოზ მაისურაძე,,,adg_2021_candidates_unified.xlsx
local_2021,__main__,council_smd,gd,ქართული ოცნება - დემოკრატიული საქართველო,,1,თელავი,,41,მიხეილი,დაღუნდარიძე,მიხეილი დაღუნდარიძე,,,adg_2021_candidates_unified.xlsx
local_2021,__main__,council_smd,gd,ქართული ოცნება - დემოკრატიული საქართველო,,2,თელავი,,41,ნიკოლოზ,ლაშხი,ნიკოლოზ ლაშხი,,,adg_2021_candidates_unified.xlsx
local_2021,__main__,council_smd,gd,ქართული ოცნება - დემოკრატიული საქართველო,,3,თელავი,,41,თენგიზი,მთვარელიშვილი,თენგიზი მთვარელიშვილი,,,adg_2021_candidates_unified.xlsx
local_2021,__main__,council_smd,unm,„ერთიანი ნაციონალური მოძრაობა”,,6,ახმეტა,,5,ელენე,მარკოზაშვილი,ელენე მარკოზაშვილი,,,adg_2021_candidates_unified.xlsx
local_2021,__main__,council_smd,unm,„ერთიანი ნაციონალური მოძრაობა”,,7,ახმეტა,,5,ფირუზ,შიომღვდლიშვილი,ფირუზ შიომღვდლიშვილი,,,adg_2021_candidates_unified.xlsx
local_2021,__main__,council_smd,unm,„ერთიანი ნაციონალური მოძრაობა”,,8,ახმეტა,,5,ნუკრი,ღუბიანური,ნუკრი ღუბიანური,,,adg_2021_candidates_unified.xlsx
local_2021,__main__,council_smd,unm,„ერთიანი ნაციონალური მოძრაობა”,,3,ახმეტა,,5,მალხაზ,მაჩალიკაშვილი,მალხაზ მაჩალიკაშვილი,,,adg_2021_candidates_unified.xlsx
local_2021,__main__,council_smd,unm,„ერთიანი ნაციონალური მოძრაობა”,,4,ახმეტა,,5,კარლო,მუხაური,კარლო მუხაური,,,adg_2021_candidates_unified.xlsx
local_2021,__main__,council_smd,unm,„ერთიანი ნაციონალური მოძრაობა”,,9,ახმეტა,,5,სოსო,ბაბულაიძე,სოსო ბაბულაიძე,,,adg_2021_candidates_unified.xlsx
local_2021,__main__,council_smd,unm,„ერთიანი ნაციონალური მოძრაობა”,,10,ახმეტა,,5,კობა,მაზიაშვილი,კობა მაზიაშვილი,,,adg_2021_candidates_unified.xlsx
local_2021,__main__,council_smd,unm,„ერთიანი ნაციონალური მოძრაობა”,,1,ახმეტა,,5,გივი,უძილაური,გივი უძილაური,,,adg_2021_candidates_unified.xlsx
local_2021,__main__,council_smd,unm,„ერთიანი ნაციონალური მოძრაობა”,,2,ახმეტა,,5,ეთერ,ფეტვიაშვილი,ეთერ ფეტვიაშვილი,,,adg_2021_candidates_unified.xlsx
local_2021,__main__,council_smd,patriots,"„დავით თარხან-მოურავი, ირმა ინაშვილი - საქართველოს პატრიოტთა ალიანსი”",,1,ახმეტა,,8,გიორგი,თურქოშვილი,გიორგი თურქოშვილი,,,adg_2021_candidates_unified.xlsx
local_2021,__main__,council_smd,patriots,"„დავით თარხან-მოურავი, ირმა ინაშვილი - საქართველოს პატრიოტთა ალიანსი”",,2,ახმეტა,,8,ანა,მჭედლური,ანა მჭედლური,,,adg_2021_candidates_unified.xlsx
local_2021,__main__,council_smd,patriots,"„დავით თარხან-მოურავი, ირმა ინაშვილი - საქართველოს პატრიოტთა ალიანსი”",,4,ახმეტა,,8,სეიდა,ციხესაშვილი,სეიდა ციხესაშვილი,,,adg_2021_candidates_unified.xlsx
local_2021,__main__,council_smd,patriots,"„დავით თარხან-მოურავი, ირმა ინაშვილი - საქართველოს პატრიოტთა ალიანსი”",,3,ახმეტა,,8,შამილი,გაურგაშვილი,შამილი გაურგაშვილი,,,adg_2021_candidates_unified.xlsx
local_2021,__main__,council_smd,patriots,"„დავით თარხან-მოურავი, ირმა ინაშვილი - საქართველოს პატრიოტთა ალიანსი”",,10,ახმეტა,,8,მზია,გაგლოშვილი,მზია გაგლოშვილი,,,adg_2021_candidates_unified.xlsx
local_2021,__main__,council_smd,labour,„შალვა ნათელაშვილი-საქართველოს ლეიბორისტული პარტია”,,10,ახმეტა,,10,ოთარ,სულაშვილი,ოთარ სულაშვილი,,,adg_2021_candidates_unified.xlsx
local_2021,__main__,council_smd,labour,„შალვა ნათელაშვილი-საქართველოს ლეიბორისტული პარტია”,,7,ახმეტა,,10,დომენტი,აბულაშვილი,დომენტი აბულაშვილი,,,adg_2021_candidates_unified.xlsx
local_2021,__main__,council_smd,labour,„შალვა ნათელაშვილი-საქართველოს ლეიბორისტული პარტია”,,2,ახმეტა,,10,გიორგი,უძილაური,გიორგი უძილაური,,,adg_2021_candidates_unified.xlsx
local_2021,__main__,council_smd,labour,„შალვა ნათელაშვილი-საქართველოს ლეიბორისტული პარტია”,,6,ახმეტა,,10,ბადრი,ბასილაშვილი,ბადრი ბასილაშვილი,,,adg_2021_candidates_unified.xlsx
local_2021,__main__,council_smd,gakharia,გახარია - საქართველოსთვის,,1,ახმეტა,,25,გიორგი,სალთხუციშვილი,გიორგი სალთხუციშვილი,,,adg_2021_candidates_unified.xlsx
local_2021,__main__,council_smd,gakharia,გახარია - საქართველოსთვის,,5,ახმეტა,,25,თამაზ,ლუხუმაიძე,თამაზ ლუხუმაიძე,,,adg_2021_candidates_unified.xlsx
local_2021,__main__,council_smd,free_georgia,"„თავისუფალი საქართველო (ზაზა ხატიაშვილი, კახა კუკავა, გრიგოლ ჯოჯუა)”",,4,ახმეტა,,37,ბადრი,წუწაშვილი,ბადრი წუწაშვილი,,,adg_2021_candidates_unified.xlsx
local_2021,__main__,council_smd,gd,ქართული ოცნება - დემოკრატიული საქართველო,,5,ახმეტა,,41,ბესარიონ,კაიშვილი,ბესარიონ კაიშვილი,,,adg_2021_candidates_unified.xlsx
local_2021,__main__,council_smd,gd,ქართული ოცნება - დემოკრატიული საქართველო,,6,ახმეტა,,41,ზეზვა,ფიცხელაური,ზეზვა ფიცხელაური,,,adg_2021_candidates_unified.xlsx
local_2021,__main__,council_smd,gd,ქართული ოცნება - დემოკრატიული საქართველო,,7,ახმეტა,,41,გიორგი,მამუჩარაშვილი,გიორგი მამუჩარაშვილი,,,adg_2021_candidates_unified.xlsx
local_2021,__main__,council_smd,gd,ქართული ოცნება - დემოკრატიული საქართველო,,9,ახმეტა,,41,სერგეი,მელწაიძე,სერგეი მელწაიძე,,,adg_2021_candidates_unified.xlsx
local_2021,__main__,council_smd,gd,ქართული ოცნება - დემოკრატიული საქართველო,,8,ახმეტა,,41,რევაზ,გახუაშვილი,რევაზ გახუაშვილი,,,adg_2021_candidates_unified.xlsx
local_2021,__main__,council_smd,gd,ქართული ოცნება - დემოკრატიული საქართველო,,10,ახმეტა,,41,დავით,ავაზაშვილი,დავით ავაზაშვილი,,,adg_2021_candidates_unified.xlsx
local_2021,__main__,council_smd,gd,ქართული ოცნება - დემოკრატიული საქართველო,,1,ახმეტა,,41,კახა,მამულაშვილი,კახა მამულაშვილი,,,adg_2021_candidates_unified.xlsx
local_2021,__main__,council_smd,gd,ქართული ოცნება - დემოკრატიული საქართველო,,2,ახმეტა,,41,ზეზვა,უძილაური,ზეზვა უძილაური,,,adg_2021_candidates_unified.xlsx
local_2021,__main__,council_smd,gd,ქართული ოცნება - დემოკრატიული საქართველო,,4,ახმეტა,,41,თამაზ,ალხანაშვილი,თამაზ ალხანაშვილი,,,adg_2021_candidates_unified.xlsx
local_2021,__main__,council_smd,gd,ქართული ოცნება - დემოკრატიული საქართველო,,3,ახმეტა,,41,ელდარ,ბაღაკაშვილი,ელდარ ბაღაკაშვილი,,,adg_2021_candidates_unified.xlsx
local_2021,__main__,council_smd,,საინიციატივო ჯგუფი,,5,ახმეტა,,51,ირაკლი,უჯირაული,ირაკლი უჯირაული,,,adg_2021_candidates_unified.xlsx
local_2021,__main__,council_smd,,საინიციატივო ჯგუფი,,3,ახმეტა,,51,ისლამ,მარგოშვილი,ისლამ მარგოშვილი,,,adg_2021_candidates_unified.xlsx
local_2021,__main__,council_smd,unm,„ერთიანი ნაციონალური მოძრაობა”,,1,თიანეთი,,5,გიორგი,ციხელაშვილი,გიორგი ციხელაშვილი,,,adg_2021_candidates_unified.xlsx
local_2021,__main__,council_smd,unm,„ერთიანი ნაციონალური მოძრაობა”,,3,თიანეთი,,5,ჟანა,ტიღინაშვილი,ჟანა ტიღინაშვილი,,,adg_2021_candidates_unified.xlsx
local_2021,__main__,council_smd,unm,„ერთიანი ნაციონალური მოძრაობა”,,2,თიანეთი,,5,ვამეხ,ძებნიაური,ვამეხ ძებნიაური,,,adg_2021_candidates_unified.xlsx
local_2021,__main__,council_smd,unm,„ერთიანი ნაციონალური მოძრაობა”,,7,თიანეთი,,5,გიორგი,გიგაური,გიორგი გიგაური,,,adg_2021_candidates_unified.xlsx
local_2021,__main__,council_smd,unm,„ერთიანი ნაციონალური მოძრაობა”,,8,თიანეთი,,5,გივი,არაბული,გივი არაბული,,,adg_2021_candidates_unified.xlsx
local_2021,__main__,council_smd,unm,„ერთიანი ნაციონალური მოძრაობა”,,4,თიანეთი,,5,ილია,წიწაკიშვილი,ილია წიწაკიშვილი,,,adg_2021_candidates_unified.xlsx
local_2021,__main__,council_smd,unm,„ერთიანი ნაციონალური მოძრაობა”,,9,თიანეთი,,5,ემზარ,ლევერაშვილი,ემზარ ლევერაშვილი,,,adg_2021_candidates_unified.xlsx
local_2021,__main__,council_smd,gakharia,გახარია - საქართველოსთვის,,1,თიანეთი,,25,მალხაზ,დავითაშვილი,მალხაზ დავითაშვილი,,,adg_2021_candidates_unified.xlsx
local_2021,__main__,council_smd,gakharia,გახარია - საქართველოსთვის,,2,თიანეთი,,25,ბაკურ,დოლიაშვილი,ბაკურ დოლიაშვილი,,,adg_2021_candidates_unified.xlsx
local_2021,__main__,council_smd,gakharia,გახარია - საქართველოსთვის,,3,თიანეთი,,25,დავით,გოჯიაშვილი,დავით გოჯიაშვილი,,,adg_2021_candidates_unified.xlsx
local_2021,__main__,council_smd,gakharia,გახარია - საქართველოსთვის,,4,თიანეთი,,25,ირმა,ბებერაშვილი,ირმა ბებერაშვილი,,,adg_2021_candidates_unified.xlsx
local_2021,__main__,council_smd,gakharia,გახარია - საქართველოსთვის,,5,თიანეთი,,25,ბესიკ,გიგაური,ბესიკ გიგაური,,,adg_2021_candidates_unified.xlsx
local_2021,__main__,council_smd,gakharia,გახარია - საქართველოსთვის,,7,თიანეთი,,25,ოთარ,ბუჯიაშვილი,ოთარ ბუჯიაშვილი,,,adg_2021_candidates_unified.xlsx
local_2021,__main__,council_smd,gakharia,გახარია - საქართველოსთვის,,8,თიანეთი,,25,ზურაბ,ცალუღელაშვილი,ზურაბ ცალუღელაშვილი,,,adg_2021_candidates_unified.xlsx
local_2021,__main__,council_smd,gakharia,გახარია - საქართველოსთვის,,9,თიანეთი,,25,გიორგი,პეტრიაშვილი,გიორგი პეტრიაშვილი,,,adg_2021_candidates_unified.xlsx
local_2021,__main__,council_smd,gakharia,გახარია - საქართველოსთვის,,6,თიანეთი,,25,თორნიკე,ბოდაველი,თორნიკე ბოდაველი,,,adg_2021_candidates_unified.xlsx
local_2021,__main__,council_smd,mechiauri_united,„თამაზ მეჭიაური ერთიანი საქართველოსთვის”,,1,თიანეთი,,38,ნანა,ცალუღელაშვილი,ნანა ცალუღელაშვილი,,,adg_2021_candidates_unified.xlsx
local_2021,__main__,council_smd,mechiauri_united,„თამაზ მეჭიაური ერთიანი საქართველოსთვის”,,2,თიანეთი,,38,კობა,ფეტვიაშვილი,კობა ფეტვიაშვილი,,,adg_2021_candidates_unified.xlsx
local_2021,__main__,council_smd,mechiauri_united,„თამაზ მეჭიაური ერთიანი საქართველოსთვის”,,3,თიანეთი,,38,გიორგი,აბრამიშვილი,გიორგი აბრამიშვილი,,,adg_2021_candidates_unified.xlsx
local_2021,__main__,council_smd,mechiauri_united,„თამაზ მეჭიაური ერთიანი საქართველოსთვის”,,4,თიანეთი,,38,გიორგი,კენკიშვილი,გიორგი კენკიშვილი,,,adg_2021_candidates_unified.xlsx
local_2021,__main__,council_smd,mechiauri_united,„თამაზ მეჭიაური ერთიანი საქართველოსთვის”,,5,თიანეთი,,38,ცარო,ბუწანკალური,ცარო ბუწანკალური,,,adg_2021_candidates_unified.xlsx
local_2021,__main__,council_smd,mechiauri_united,„თამაზ მეჭიაური ერთიანი საქართველოსთვის”,,6,თიანეთი,,38,ლიანა,ღვინაძეური,ლიანა ღვინაძეური,,,adg_2021_candidates_unified.xlsx
local_2021,__main__,council_smd,mechiauri_united,„თამაზ მეჭიაური ერთიანი საქართველოსთვის”,,7,თიანეთი,,38,გივი,ოსეფაშვილი,გივი ოსეფაშვილი,,,adg_2021_candidates_unified.xlsx
local_2021,__main__,council_smd,mechiauri_united,„თამაზ მეჭიაური ერთიანი საქართველოსთვის”,,8,თიანეთი,,38,გივი,ჩიტაური,გივი ჩიტაური,,,adg_2021_candidates_unified.xlsx
local_2021,__main__,council_smd,mechiauri_united,„თამაზ მეჭიაური ერთიანი საქართველოსთვის”,,9,თიანეთი,,38,ზვიად,ბაიაშვილი,ზვიად ბაიაშვილი,,,adg_2021_candidates_unified.xlsx
local_2021,__main__,council_smd,gd,ქართული ოცნება - დემოკრატიული საქართველო,,1,თიანეთი,,41,ზვიად,ზვიადაური,ზვიად ზვიადაური,,,adg_2021_candidates_unified.xlsx
local_2021,__main__,council_smd,gd,ქართული ოცნება - დემოკრატიული საქართველო,,2,თიანეთი,,41,იოსებ,მათურელი,იოსებ მათურელი,,,adg_2021_candidates_unified.xlsx
local_2021,__main__,council_smd,gd,ქართული ოცნება - დემოკრატიული საქართველო,,3,თიანეთი,,41,გიორგი,ჯიმშიტაშვილი,გიორგი ჯიმშიტაშვილი,,,adg_2021_candidates_unified.xlsx
local_2021,__main__,council_smd,gd,ქართული ოცნება - დემოკრატიული საქართველო,,5,თიანეთი,,41,კახა,წიკლაური,კახა წიკლაური,,,adg_2021_candidates_unified.xlsx
local_2021,__main__,council_smd,gd,ქართული ოცნება - დემოკრატიული საქართველო,,4,თიანეთი,,41,გიორგი,წივილაშვილი,გიორგი წივილაშვილი,,,adg_2021_candidates_unified.xlsx
local_2021,__main__,council_smd,gd,ქართული ოცნება - დემოკრატიული საქართველო,,7,თიანეთი,,41,ბესიკ,ჩახმახაშვილი,ბესიკ ჩახმახაშვილი,,,adg_2021_candidates_unified.xlsx
local_2021,__main__,council_smd,gd,ქართული ოცნება - დემოკრატიული საქართველო,,6,თიანეთი,,41,ზვიად,ბაგაშვილი,ზვიად ბაგაშვილი,,,adg_2021_candidates_unified.xlsx
local_2021,__main__,council_smd,gd,ქართული ოცნება - დემოკრატიული საქართველო,,8,თიანეთი,,41,ლაშა,სულხანიშვილი,ლაშა სულხანიშვილი,,,adg_2021_candidates_unified.xlsx
local_2021,__main__,council_smd,gd,ქართული ოცნება - დემოკრატიული საქართველო,,9,თიანეთი,,41,კობა,ბიჭინაშვილი,კობა ბიჭინაშვილი,,,adg_2021_candidates_unified.xlsx
local_2021,__main__,council_smd,third_force,„მესამე ძალა-სტრატეგია აღმაშენებელი”,,1,რუსთავი,,1,გიორგი,ერისთავი,გიორგი ერისთავი,,,adg_2021_candidates_unified.xlsx
local_2021,__main__,council_smd,third_force,„მესამე ძალა-სტრატეგია აღმაშენებელი”,,2,რუსთავი,,1,პაპუნა,პაპავა,პაპუნა პაპავა,,,adg_2021_candidates_unified.xlsx
local_2021,__main__,council_smd,third_force,„მესამე ძალა-სტრატეგია აღმაშენებელი”,,3,რუსთავი,,1,ნატო,ბერუაშვილი,ნატო ბერუაშვილი,,,adg_2021_candidates_unified.xlsx
local_2021,__main__,council_smd,third_force,„მესამე ძალა-სტრატეგია აღმაშენებელი”,,4,რუსთავი,,1,თამარი,გედევანიშვილი,თამარი გედევანიშვილი,,,adg_2021_candidates_unified.xlsx
local_2021,__main__,council_smd,third_force,„მესამე ძალა-სტრატეგია აღმაშენებელი”,,5,რუსთავი,,1,გვანცა,ცინცაძე,გვანცა ცინცაძე,,,adg_2021_candidates_unified.xlsx
local_2021,__main__,council_smd,third_force,„მესამე ძალა-სტრატეგია აღმაშენებელი”,,6,რუსთავი,,1,ნანა,გაფრინდაშვილი,ნანა გაფრინდაშვილი,,,adg_2021_candidates_unified.xlsx
local_2021,__main__,council_smd,european_georgia,„ევროპული საქართველო-მოძრაობა თავისუფლებისთვის”,,5,რუსთავი,,2,ვახტანგ,ქებაძე,ვახტანგ ქებაძე,,,adg_2021_candidates_unified.xlsx
local_2021,__main__,council_smd,unm,„ერთიანი ნაციონალური მოძრაობა”,,4,რუსთავი,,5,ამირანი,მიქაძე,ამირანი მიქაძე,,,adg_2021_candidates_unified.xlsx
local_2021,__main__,council_smd,unm,„ერთიანი ნაციონალური მოძრაობა”,,1,რუსთავი,,5,ნანა,შატბერაშვილი,ნანა შატბერაშვილი,,,adg_2021_candidates_unified.xlsx
local_2021,__main__,council_smd,unm,„ერთიანი ნაციონალური მოძრაობა”,,7,რუსთავი,,5,თინათინ,ლოცულაშვილი,თინათინ ლოცულაშვილი,,,adg_2021_candidates_unified.xlsx
local_2021,__main__,council_smd,citizens,„ალეკო ელისაშვილი-მოქალაქეები”,,7,რუსთავი,,7,მამუკა,დარჩია,მამუკა დარჩია,,,adg_2021_candidates_unified.xlsx
local_2021,__main__,council_smd,citizens,„ალეკო ელისაშვილი-მოქალაქეები”,,2,რუსთავი,,7,მიხეილი,კობერიძე,მიხეილი კობერიძე,,,adg_2021_candidates_unified.xlsx
local_2021,__main__,council_smd,citizens,„ალეკო ელისაშვილი-მოქალაქეები”,,3,რუსთავი,,7,სალომე,ბლუაშვილი,სალომე ბლუაშვილი,,,adg_2021_candidates_unified.xlsx
local_2021,__main__,council_smd,citizens,„ალეკო ელისაშვილი-მოქალაქეები”,,1,რუსთავი,,7,რატი,ნაკაშიძე,რატი ნაკაშიძე,,,adg_2021_candidates_unified.xlsx
local_2021,__main__,council_smd,citizens,„ალეკო ელისაშვილი-მოქალაქეები”,,6,რუსთავი,,7,თინათინი,სიხარულიძე,თინათინი სიხარულიძე,,,adg_2021_candidates_unified.xlsx
local_2021,__main__,council_smd,citizens,„ალეკო ელისაშვილი-მოქალაქეები”,,4,რუსთავი,,7,ლევან,გოგოლაძე,ლევან გოგოლაძე,,,adg_2021_candidates_unified.xlsx
local_2021,__main__,council_smd,citizens,„ალეკო ელისაშვილი-მოქალაქეები”,,5,რუსთავი,,7,ქეთევან,სიხარულიძე,ქეთევან სიხარულიძე,,,adg_2021_candidates_unified.xlsx
local_2021,__main__,council_smd,patriots,"„დავით თარხან-მოურავი, ირმა ინაშვილი - საქართველოს პატრიოტთა ალიანსი”",,2,რუსთავი,,8,დავითი,აბაშიძე,დავითი აბაშიძე,,,adg_2021_candidates_unified.xlsx
local_2021,__main__,council_smd,patriots,"„დავით თარხან-მოურავი, ირმა ინაშვილი - საქართველოს პატრიოტთა ალიანსი”",,1,რუსთავი,,8,არჩილ,არევაძე,არჩილ არევაძე,,,adg_2021_candidates_unified.xlsx
local_2021,__main__,council_smd,patriots,"„დავით თარხან-მოურავი, ირმა ინაშვილი - საქართველოს პატრიოტთა ალიანსი”",,7,რუსთავი,,8,თამარი,ჭოხონელიძე,თამარი ჭოხონელიძე,,,adg_2021_candidates_unified.xlsx
local_2021,__main__,council_smd,patriots,"„დავით თარხან-მოურავი, ირმა ინაშვილი - საქართველოს პატრიოტთა ალიანსი”",,3,რუსთავი,,8,მამუკა,მაისურაძე,მამუკა მაისურაძე,,,adg_2021_candidates_unified.xlsx
local_2021,__main__,council_smd,patriots,"„დავით თარხან-მოურავი, ირმა ინაშვილი - საქართველოს პატრიოტთა ალიანსი”",,5,რუსთავი,,8,ნინო,ელისაშვილი,ნინო ელისაშვილი,,,adg_2021_candidates_unified.xlsx
local_2021,__main__,council_smd,patriots,"„დავით თარხან-მოურავი, ირმა ინაშვილი - საქართველოს პატრიოტთა ალიანსი”",,6,რუსთავი,,8,გივი,ცაბუტაშვილი,გივი ცაბუტაშვილი,,,adg_2021_candidates_unified.xlsx
local_2021,__main__,council_smd,patriots,"„დავით თარხან-მოურავი, ირმა ინაშვილი - საქართველოს პატრიოტთა ალიანსი”",,4,რუსთავი,,8,ზაზა,სამხარაძე,ზაზა სამხარაძე,,,adg_2021_candidates_unified.xlsx
local_2021,__main__,council_smd,lelo,„ლელო”,,6,რუსთავი,,9,ნათელა,მანჯგალაძე,ნათელა მანჯგალაძე,,,adg_2021_candidates_unified.xlsx
local_2021,__main__,council_smd,lelo,„ლელო”,,2,რუსთავი,,9,ნინო,იმედაშვილი,ნინო იმედაშვილი,,,adg_2021_candidates_unified.xlsx
local_2021,__main__,council_smd,labour,„შალვა ნათელაშვილი-საქართველოს ლეიბორისტული პარტია”,,6,რუსთავი,,10,ჯული,მაზმიშვილი,ჯული მაზმიშვილი,,,adg_2021_candidates_unified.xlsx
local_2021,__main__,council_smd,labour,„შალვა ნათელაშვილი-საქართველოს ლეიბორისტული პარტია”,,3,რუსთავი,,10,ცირა,ქოჩორაშვილი,ცირა ქოჩორაშვილი,,,adg_2021_candidates_unified.xlsx
local_2021,__main__,council_smd,labour,„შალვა ნათელაშვილი-საქართველოს ლეიბორისტული პარტია”,,2,რუსთავი,,10,იოსები,გოგაშვილი,იოსები გოგაშვილი,,,adg_2021_candidates_unified.xlsx
local_2021,__main__,council_smd,labour,„შალვა ნათელაშვილი-საქართველოს ლეიბორისტული პარტია”,,5,რუსთავი,,10,გიორგი,გზირიშვილი,გიორგი გზირიშვილი,,,adg_2021_candidates_unified.xlsx
local_2021,__main__,council_smd,gakharia,გახარია - საქართველოსთვის,,1,რუსთავი,,25,იაკობ,ბერია,იაკობ ბერია,,,adg_2021_candidates_unified.xlsx
local_2021,__main__,council_smd,gakharia,გახარია - საქართველოსთვის,,2,რუსთავი,,25,ალექსანდრე,ჯამასპიშვილი,ალექსანდრე ჯამასპიშვილი,,,adg_2021_candidates_unified.xlsx
local_2021,__main__,council_smd,gakharia,გახარია - საქართველოსთვის,,3,რუსთავი,,25,ზაზა,ხაჩიძე,ზაზა ხაჩიძე,,,adg_2021_candidates_unified.xlsx
local_2021,__main__,council_smd,gakharia,გახარია - საქართველოსთვის,,4,რუსთავი,,25,ბელა,ბერაძე,ბელა ბერაძე,,,adg_2021_candidates_unified.xlsx
local_2021,__main__,council_smd,gakharia,გახარია - საქართველოსთვის,,5,რუსთავი,,25,ბექა,მარგველაშვილი,ბექა მარგველაშვილი,,,adg_2021_candidates_unified.xlsx
local_2021,__main__,council_smd,gakharia,გახარია - საქართველოსთვის,,6,რუსთავი,,25,ერეკლე,დოლიძე,ერეკლე დოლიძე,,,adg_2021_candidates_unified.xlsx
local_2021,__main__,council_smd,gakharia,გახარია - საქართველოსთვის,,7,რუსთავი,,25,არსენა,დემეტრაშვილი,არსენა დემეტრაშვილი,,,adg_2021_candidates_unified.xlsx
local_2021,__main__,council_smd,whites,„თეთრები”,,2,რუსთავი,,27,თეა,კაპანაძე,თეა კაპანაძე,,,adg_2021_candidates_unified.xlsx
local_2021,__main__,council_smd,whites,„თეთრები”,,4,რუსთავი,,27,გოდერძი,გუნაშვილი,გოდერძი გუნაშვილი,,,adg_2021_candidates_unified.xlsx
local_2021,__main__,council_smd,whites,„თეთრები”,,1,რუსთავი,,27,მარიეტა,ერგემლიძე,მარიეტა ერგემლიძე,,,adg_2021_candidates_unified.xlsx
local_2021,__main__,council_smd,whites,„თეთრები”,,5,რუსთავი,,27,მალხაზი,თაბაგარი,მალხაზი თაბაგარი,,,adg_2021_candidates_unified.xlsx
local_2021,__main__,council_smd,whites,„თეთრები”,,7,რუსთავი,,27,ელგუჯა,იმერლიშვილი,ელგუჯა იმერლიშვილი,,,adg_2021_candidates_unified.xlsx
local_2021,__main__,council_smd,whites,„თეთრები”,,6,რუსთავი,,27,დავით,შოშიაშვილი,დავით შოშიაშვილი,,,adg_2021_candidates_unified.xlsx
local_2021,__main__,council_smd,free_georgia,"„თავისუფალი საქართველო (ზაზა ხატიაშვილი, კახა კუკავა, გრიგოლ ჯოჯუა)”",,3,რუსთავი,,37,თამარ,გულიაშვილი,თამარ გულიაშვილი,,,adg_2021_candidates_unified.xlsx
local_2021,__main__,council_smd,free_georgia,"„თავისუფალი საქართველო (ზაზა ხატიაშვილი, კახა კუკავა, გრიგოლ ჯოჯუა)”",,4,რუსთავი,,37,თამაზი,ზალდასტანიშვილი,თამაზი ზალდასტანიშვილი,,,adg_2021_candidates_unified.xlsx
local_2021,__main__,council_smd,free_georgia,"„თავისუფალი საქართველო (ზაზა ხატიაშვილი, კახა კუკავა, გრიგოლ ჯოჯუა)”",,6,რუსთავი,,37,გვანცა,ტყეშელაშვილი,გვანცა ტყეშელაშვილი,,,adg_2021_candidates_unified.xlsx
local_2021,__main__,council_smd,free_georgia,"„თავისუფალი საქართველო (ზაზა ხატიაშვილი, კახა კუკავა, გრიგოლ ჯოჯუა)”",,7,რუსთავი,,37,დავით,მოძღვრიშვილი,დავით მოძღვრიშვილი,,,adg_2021_candidates_unified.xlsx
local_2021,__main__,council_smd,freedom_gamsakhurdia,თავისუფლება-ზვიად გამსახურდიას გზა,,6,რუსთავი,,39,მალხაზი,გორგასლიძე,მალხაზი გორგასლიძე,,,adg_2021_candidates_unified.xlsx
local_2021,__main__,council_smd,gd,ქართული ოცნება - დემოკრატიული საქართველო,,1,რუსთავი,,41,ბადრი,მაჭავარიანი,ბადრი მაჭავარიანი,,,adg_2021_candidates_unified.xlsx
local_2021,__main__,council_smd,gd,ქართული ოცნება - დემოკრატიული საქართველო,,2,რუსთავი,,41,ზაზა,ტოგონიძე,ზაზა ტოგონიძე,,,adg_2021_candidates_unified.xlsx
local_2021,__main__,council_smd,gd,ქართული ოცნება - დემოკრატიული საქართველო,,3,რუსთავი,,41,მიხეილ,ბერუაშვილი,მიხეილ ბერუაშვილი,,,adg_2021_candidates_unified.xlsx
local_2021,__main__,council_smd,gd,ქართული ოცნება - დემოკრატიული საქართველო,,4,რუსთავი,,41,ნინო,ქავთარაძე,ნინო ქავთარაძე,,,adg_2021_candidates_unified.xlsx
local_2021,__main__,council_smd,gd,ქართული ოცნება - დემოკრატიული საქართველო,,5,რუსთავი,,41,გოჩა,ლორია,გოჩა ლორია,,,adg_2021_candidates_unified.xlsx
local_2021,__main__,council_smd,gd,ქართული ოცნება - დემოკრატიული საქართველო,,6,რუსთავი,,41,გრიგოლ,ვეფხვაძე,გრიგოლ ვეფხვაძე,,,adg_2021_candidates_unified.xlsx
local_2021,__main__,council_smd,gd,ქართული ოცნება - დემოკრატიული საქართველო,,7,რუსთავი,,41,ლაშა,ბუსხრიკიძე,ლაშა ბუსხრიკიძე,,,adg_2021_candidates_unified.xlsx
local_2021,__main__,council_smd,peoples_party,„სახალხო პარტია”,,3,რუსთავი,,44,ლია,კოშაძე,ლია კოშაძე,,,adg_2021_candidates_unified.xlsx
local_2021,__main__,council_smd,peoples_party,„სახალხო პარტია”,,5,რუსთავი,,44,გაჟდარ,ვალიევი,გაჟდარ ვალიევი,,,adg_2021_candidates_unified.xlsx
local_2021,__main__,council_smd,peoples_party,„სახალხო პარტია”,,6,რუსთავი,,44,ლაშა,ცარციძე,ლაშა ცარციძე,,,adg_2021_candidates_unified.xlsx
local_2021,__main__,council_smd,girchi_more_freedom,„ზურაბ გირჩი ჯაფარიძე: გირჩი - მეტი თავისუფლება”,,3,რუსთავი,,45,ნიკა,გაბათაშვილი,ნიკა გაბათაშვილი,,,adg_2021_candidates_unified.xlsx
local_2021,__main__,council_smd,for_people,„ანა დოლიძე - ხალხისთვის”,,3,რუსთავი,,48,ირაკლი,ბუცინაშვილი,ირაკლი ბუცინაშვილი,,,adg_2021_candidates_unified.xlsx
local_2021,__main__,council_smd,for_people,„ანა დოლიძე - ხალხისთვის”,,6,რუსთავი,,48,სალომე,წერეთელი,სალომე წერეთელი,,,adg_2021_candidates_unified.xlsx
local_2021,__main__,council_smd,reformators,„რეფორმატორები”,,6,რუსთავი,,49,ავთანდილი,კემულარია,ავთანდილი კემულარია,,,adg_2021_candidates_unified.xlsx
local_2021,__main__,council_smd,european_georgia,„ევროპული საქართველო-მოძრაობა თავისუფლებისთვის”,,12,გარდაბანი,,2,ნათია,ძიგოშვილი,ნათია ძიგოშვილი,,,adg_2021_candidates_unified.xlsx
local_2021,__main__,council_smd,european_georgia,„ევროპული საქართველო-მოძრაობა თავისუფლებისთვის”,,10,გარდაბანი,,2,მაგული,ქვრივჭირიშვილი,მაგული ქვრივჭირიშვილი,,,adg_2021_candidates_unified.xlsx
local_2021,__main__,council_smd,european_georgia,„ევროპული საქართველო-მოძრაობა თავისუფლებისთვის”,,3,გარდაბანი,,2,შამშად,მამედოვი,შამშად მამედოვი,,,adg_2021_candidates_unified.xlsx
local_2021,__main__,council_smd,european_georgia,„ევროპული საქართველო-მოძრაობა თავისუფლებისთვის”,,6,გარდაბანი,,2,სალახ,მამედოვი,სალახ მამედოვი,,,adg_2021_candidates_unified.xlsx
local_2021,__main__,council_smd,unm,„ერთიანი ნაციონალური მოძრაობა”,,10,გარდაბანი,,5,ზურაბი,კორახაშვილი,ზურაბი კორახაშვილი,,,adg_2021_candidates_unified.xlsx
local_2021,__main__,council_smd,unm,„ერთიანი ნაციონალური მოძრაობა”,,1,გარდაბანი,,5,ანარ,მურადოვი,ანარ მურადოვი,,,adg_2021_candidates_unified.xlsx
local_2021,__main__,council_smd,unm,„ერთიანი ნაციონალური მოძრაობა”,,11,გარდაბანი,,5,ეველინა,ჩოხელი,ეველინა ჩოხელი,,,adg_2021_candidates_unified.xlsx
local_2021,__main__,council_smd,unm,„ერთიანი ნაციონალური მოძრაობა”,,12,გარდაბანი,,5,შენგელი,ბექაური,შენგელი ბექაური,,,adg_2021_candidates_unified.xlsx
local_2021,__main__,council_smd,unm,„ერთიანი ნაციონალური მოძრაობა”,,2,გარდაბანი,,5,ზვიადი,პერტაია,ზვიადი პერტაია,,,adg_2021_candidates_unified.xlsx
local_2021,__main__,council_smd,unm,„ერთიანი ნაციონალური მოძრაობა”,,8,გარდაბანი,,5,ვახუშტი,აბულაძე,ვახუშტი აბულაძე,,,adg_2021_candidates_unified.xlsx
local_2021,__main__,council_smd,unm,„ერთიანი ნაციონალური მოძრაობა”,,4,გარდაბანი,,5,ბახლულ,ბაირამოვი,ბახლულ ბაირამოვი,,,adg_2021_candidates_unified.xlsx
local_2021,__main__,council_smd,unm,„ერთიანი ნაციონალური მოძრაობა”,,3,გარდაბანი,,5,აბდულალი,იბრაგიმოვი,აბდულალი იბრაგიმოვი,,,adg_2021_candidates_unified.xlsx
local_2021,__main__,council_smd,unm,„ერთიანი ნაციონალური მოძრაობა”,,9,გარდაბანი,,5,ავთანდილ,მამნიაშვილი,ავთანდილ მამნიაშვილი,,,adg_2021_candidates_unified.xlsx
local_2021,__main__,council_smd,unm,„ერთიანი ნაციონალური მოძრაობა”,,6,გარდაბანი,,5,კანან,ბაბაევ,კანან ბაბაევ,,,adg_2021_candidates_unified.xlsx
local_2021,__main__,council_smd,unm,„ერთიანი ნაციონალური მოძრაობა”,,7,გარდაბანი,,5,ვუგარ,მამედოვი,ვუგარ მამედოვი,,,adg_2021_candidates_unified.xlsx
local_2021,__main__,council_smd,patriots,"„დავით თარხან-მოურავი, ირმა ინაშვილი - საქართველოს პატრიოტთა ალიანსი”",,5,გარდაბანი,,8,მარინე,პირველი,მარინე პირველი,,,adg_2021_candidates_unified.xlsx
local_2021,__main__,council_smd,patriots,"„დავით თარხან-მოურავი, ირმა ინაშვილი - საქართველოს პატრიოტთა ალიანსი”",,9,გარდაბანი,,8,სოფიკო,ბაზარაშვილი,სოფიკო ბაზარაშვილი,,,adg_2021_candidates_unified.xlsx
local_2021,__main__,council_smd,patriots,"„დავით თარხან-მოურავი, ირმა ინაშვილი - საქართველოს პატრიოტთა ალიანსი”",,11,გარდაბანი,,8,ვალერიან,გენგაშვილი,ვალერიან გენგაშვილი,,,adg_2021_candidates_unified.xlsx
local_2021,__main__,council_smd,patriots,"„დავით თარხან-მოურავი, ირმა ინაშვილი - საქართველოს პატრიოტთა ალიანსი”",,10,გარდაბანი,,8,მირიანი,ბერიძიშვილი,მირიანი ბერიძიშვილი,,,adg_2021_candidates_unified.xlsx
local_2021,__main__,council_smd,patriots,"„დავით თარხან-მოურავი, ირმა ინაშვილი - საქართველოს პატრიოტთა ალიანსი”",,2,გარდაბანი,,8,მაკა,ონიანი,მაკა ონიანი,,,adg_2021_candidates_unified.xlsx
local_2021,__main__,council_smd,patriots,"„დავით თარხან-მოურავი, ირმა ინაშვილი - საქართველოს პატრიოტთა ალიანსი”",,8,გარდაბანი,,8,ხვიჩა,გაბაშვილი,ხვიჩა გაბაშვილი,,,adg_2021_candidates_unified.xlsx
local_2021,__main__,council_smd,patriots,"„დავით თარხან-მოურავი, ირმა ინაშვილი - საქართველოს პატრიოტთა ალიანსი”",,12,გარდაბანი,,8,ავთანდილ,თეგეთაშვილი,ავთანდილ თეგეთაშვილი,,,adg_2021_candidates_unified.xlsx
local_2021,__main__,council_smd,lelo,„ლელო”,,6,გარდაბანი,,9,ისმაილ,ნაბიევი,ისმაილ ნაბიევი,,,adg_2021_candidates_unified.xlsx
local_2021,__main__,council_smd,lelo,„ლელო”,,4,გარდაბანი,,9,ტიმურ,ასლანოვი,ტიმურ ასლანოვი,,,adg_2021_candidates_unified.xlsx
local_2021,__main__,council_smd,lelo,„ლელო”,,2,გარდაბანი,,9,კახა,გველებიანი,კახა გველებიანი,,,adg_2021_candidates_unified.xlsx
local_2021,__main__,council_smd,lelo,„ლელო”,,3,გარდაბანი,,9,რაშად,მუსაევი,რაშად მუსაევი,,,adg_2021_candidates_unified.xlsx
local_2021,__main__,council_smd,gakharia,გახარია - საქართველოსთვის,,3,გარდაბანი,,25,ელდარ,ნასრულაევი,ელდარ ნასრულაევი,,,adg_2021_candidates_unified.xlsx
local_2021,__main__,council_smd,tribuna,დავით ჭიჭინაძე - ტრიბუნა,,9,გარდაბანი,,35,მარიამ,შუბაშიშვილი,მარიამ შუბაშიშვილი,,,adg_2021_candidates_unified.xlsx
local_2021,__main__,council_smd,free_georgia,"„თავისუფალი საქართველო (ზაზა ხატიაშვილი, კახა კუკავა, გრიგოლ ჯოჯუა)”",,1,გარდაბანი,,37,ნატალია,გელაზონია,ნატალია გელაზონია,,,adg_2021_candidates_unified.xlsx
local_2021,__main__,council_smd,free_georgia,"„თავისუფალი საქართველო (ზაზა ხატიაშვილი, კახა კუკავა, გრიგოლ ჯოჯუა)”",,10,გარდაბანი,,37,ზურაბი,ფერაშვილი,ზურაბი ფერაშვილი,,,adg_2021_candidates_unified.xlsx
local_2021,__main__,council_smd,gd,ქართული ოცნება - დემოკრატიული საქართველო,,10,გარდაბანი,,41,დავითი,ებილაშვილი,დავითი ებილაშვილი,,,adg_2021_candidates_unified.xlsx
local_2021,__main__,council_smd,gd,ქართული ოცნება - დემოკრატიული საქართველო,,11,გარდაბანი,,41,მიხეილ,გედეხაური,მიხეილ გედეხაური,,,adg_2021_candidates_unified.xlsx
local_2021,__main__,council_smd,gd,ქართული ოცნება - დემოკრატიული საქართველო,,1,გარდაბანი,,41,სახმან,მირზოევი,სახმან მირზოევი,,,adg_2021_candidates_unified.xlsx
local_2021,__main__,council_smd,gd,ქართული ოცნება - დემოკრატიული საქართველო,,4,გარდაბანი,,41,რასიმი,ისაევი,რასიმი ისაევი,,,adg_2021_candidates_unified.xlsx
local_2021,__main__,council_smd,gd,ქართული ოცნება - დემოკრატიული საქართველო,,6,გარდაბანი,,41,ისლამ,მამედოვი,ისლამ მამედოვი,,,adg_2021_candidates_unified.xlsx
local_2021,__main__,council_smd,gd,ქართული ოცნება - დემოკრატიული საქართველო,,7,გარდაბანი,,41,ვუგარ,მამედოვი,ვუგარ მამედოვი,,,adg_2021_candidates_unified.xlsx
local_2021,__main__,council_smd,gd,ქართული ოცნება - დემოკრატიული საქართველო,,8,გარდაბანი,,41,გიორგი,გურულიშვილი,გიორგი გურულიშვილი,,,adg_2021_candidates_unified.xlsx
local_2021,__main__,council_smd,gd,ქართული ოცნება - დემოკრატიული საქართველო,,9,გარდაბანი,,41,თორნიკე,ქავთარაძე,თორნიკე ქავთარაძე,,,adg_2021_candidates_unified.xlsx
local_2021,__main__,council_smd,gd,ქართული ოცნება - დემოკრატიული საქართველო,,12,გარდაბანი,,41,დავით,ჭინჭარაული,დავით ჭინჭარაული,,,adg_2021_candidates_unified.xlsx
local_2021,__main__,council_smd,gd,ქართული ოცნება - დემოკრატიული საქართველო,,5,გარდაბანი,,41,ბეთქილი,კახიანი,ბეთქილი კახიანი,,,adg_2021_candidates_unified.xlsx
local_2021,__main__,council_smd,gd,ქართული ოცნება - დემოკრატიული საქართველო,,3,გარდაბანი,,41,როიშან,გაჯიევი,როიშან გაჯიევი,,,adg_2021_candidates_unified.xlsx
local_2021,__main__,council_smd,gd,ქართული ოცნება - დემოკრატიული საქართველო,,2,გარდაბანი,,41,ზაზა,ონიანი,ზაზა ონიანი,,,adg_2021_candidates_unified.xlsx
local_2021,__main__,council_smd,,საინიციატივო ჯგუფი,,5,გარდაბანი,,51,გიორგი,იოსელიანი,გიორგი იოსელიანი,,,adg_2021_candidates_unified.xlsx
local_2021,__main__,council_smd,,საინიციატივო ჯგუფი,,3,გარდაბანი,,51,მირზალი,მამედოვი,მირზალი მამედოვი,,,adg_2021_candidates_unified.xlsx
local_2021,__main__,council_smd,third_force,„მესამე ძალა-სტრატეგია აღმაშენებელი”,,1,მარნეული,,1,ზაურ,გუსეინოვი,ზაურ გუსეინოვი,,,adg_2021_candidates_unified.xlsx
local_2021,__main__,council_smd,third_force,„მესამე ძალა-სტრატეგია აღმაშენებელი”,,7,მარნეული,,1,აიგიუნ,მურსაკულოვა,აიგიუნ მურსაკულოვა,,,adg_2021_candidates_unified.xlsx
local_2021,__main__,council_smd,third_force,„მესამე ძალა-სტრატეგია აღმაშენებელი”,,3,მარნეული,,1,ფუად,კახრამანოვი,ფუად კახრამანოვი,,,adg_2021_candidates_unified.xlsx
local_2021,__main__,council_smd,third_force,„მესამე ძალა-სტრატეგია აღმაშენებელი”,,2,მარნეული,,1,ფარიკ,მურსაკულოვი,ფარიკ მურსაკულოვი,,,adg_2021_candidates_unified.xlsx
local_2021,__main__,council_smd,european_georgia,„ევროპული საქართველო-მოძრაობა თავისუფლებისთვის”,,10,მარნეული,,2,ამილ,გასუმოვი,ამილ გასუმოვი,,,adg_2021_candidates_unified.xlsx
local_2021,__main__,council_smd,european_georgia,„ევროპული საქართველო-მოძრაობა თავისუფლებისთვის”,,5,მარნეული,,2,სახავატ,ბედიევი,სახავატ ბედიევი,,,adg_2021_candidates_unified.xlsx
local_2021,__main__,council_smd,european_georgia,„ევროპული საქართველო-მოძრაობა თავისუფლებისთვის”,,6,მარნეული,,2,ფარხად,გარაჯაევი,ფარხად გარაჯაევი,,,adg_2021_candidates_unified.xlsx
local_2021,__main__,council_smd,european_georgia,„ევროპული საქართველო-მოძრაობა თავისუფლებისთვის”,,1,მარნეული,,2,ილგარ,ნაბიევი,ილგარ ნაბიევი,,,adg_2021_candidates_unified.xlsx
local_2021,__main__,council_smd,european_georgia,„ევროპული საქართველო-მოძრაობა თავისუფლებისთვის”,,8,მარნეული,,2,ნამიგ,ნაგიევი,ნამიგ ნაგიევი,,,adg_2021_candidates_unified.xlsx
local_2021,__main__,council_smd,european_georgia,„ევროპული საქართველო-მოძრაობა თავისუფლებისთვის”,,7,მარნეული,,2,ანარ,ზეინალოვი,ანარ ზეინალოვი,,,adg_2021_candidates_unified.xlsx
local_2021,__main__,council_smd,european_georgia,„ევროპული საქართველო-მოძრაობა თავისუფლებისთვის”,,4,მარნეული,,2,ნინო,რობაქიძე,ნინო რობაქიძე,,,adg_2021_candidates_unified.xlsx
local_2021,__main__,council_smd,european_georgia,„ევროპული საქართველო-მოძრაობა თავისუფლებისთვის”,,9,მარნეული,,2,გიას,მამედოვი,გიას მამედოვი,,,adg_2021_candidates_unified.xlsx
local_2021,__main__,council_smd,unm,„ერთიანი ნაციონალური მოძრაობა”,,1,მარნეული,,5,მეხტი,ასკეროვი,მეხტი ასკეროვი,,,adg_2021_candidates_unified.xlsx
local_2021,__main__,council_smd,unm,„ერთიანი ნაციონალური მოძრაობა”,,2,მარნეული,,5,ნარგიზ,ალიევა,ნარგიზ ალიევა,,,adg_2021_candidates_unified.xlsx
local_2021,__main__,council_smd,unm,„ერთიანი ნაციონალური მოძრაობა”,,3,მარნეული,,5,რამალ,ახმედოვი,რამალ ახმედოვი,,,adg_2021_candidates_unified.xlsx
local_2021,__main__,council_smd,unm,„ერთიანი ნაციონალური მოძრაობა”,,10,მარნეული,,5,ელდარ,იუსუბოვი,ელდარ იუსუბოვი,,,adg_2021_candidates_unified.xlsx
local_2021,__main__,council_smd,unm,„ერთიანი ნაციონალური მოძრაობა”,,4,მარნეული,,5,როსტომ,ქველაძე,როსტომ ქველაძე,,,adg_2021_candidates_unified.xlsx
local_2021,__main__,council_smd,unm,„ერთიანი ნაციონალური მოძრაობა”,,5,მარნეული,,5,ელვინ,ახმედოვი,ელვინ ახმედოვი,,,adg_2021_candidates_unified.xlsx
local_2021,__main__,council_smd,unm,„ერთიანი ნაციონალური მოძრაობა”,,6,მარნეული,,5,ვასიფ,გალანდაროვი,ვასიფ გალანდაროვი,,,adg_2021_candidates_unified.xlsx
local_2021,__main__,council_smd,unm,„ერთიანი ნაციონალური მოძრაობა”,,7,მარნეული,,5,ნურადინ,ისმაილოვი,ნურადინ ისმაილოვი,,,adg_2021_candidates_unified.xlsx
local_2021,__main__,council_smd,unm,„ერთიანი ნაციონალური მოძრაობა”,,8,მარნეული,,5,სარხან,აივაზოვი,სარხან აივაზოვი,,,adg_2021_candidates_unified.xlsx
local_2021,__main__,council_smd,unm,„ერთიანი ნაციონალური მოძრაობა”,,11,მარნეული,,5,ცრაკ,ბაბაევი,ცრაკ ბაბაევი,,,adg_2021_candidates_unified.xlsx
local_2021,__main__,council_smd,european_democrats,„ევროპელი დემოკრატები”,,1,მარნეული,,6,ილგარ,ასკეროვი,ილგარ ასკეროვი,,,adg_2021_candidates_unified.xlsx
local_2021,__main__,council_smd,european_democrats,„ევროპელი დემოკრატები”,,2,მარნეული,,6,თეიმურაზ,ჭიღლაძე,თეიმურაზ ჭიღლაძე,,,adg_2021_candidates_unified.xlsx
local_2021,__main__,council_smd,european_democrats,„ევროპელი დემოკრატები”,,11,მარნეული,,6,არტურ,სირადეგიანი,არტურ სირადეგიანი,,,adg_2021_candidates_unified.xlsx
local_2021,__main__,council_smd,european_democrats,„ევროპელი დემოკრატები”,,7,მარნეული,,6,ფაიკ,ბინატოვი,ფაიკ ბინატოვი,,,adg_2021_candidates_unified.xlsx
local_2021,__main__,council_smd,european_democrats,„ევროპელი დემოკრატები”,,6,მარნეული,,6,ფარიზ,ფოლადოვი,ფარიზ ფოლადოვი,,,adg_2021_candidates_unified.xlsx
local_2021,__main__,council_smd,european_democrats,„ევროპელი დემოკრატები”,,3,მარნეული,,6,ანარ,ორუჯოვი,ანარ ორუჯოვი,,,adg_2021_candidates_unified.xlsx
local_2021,__main__,council_smd,european_democrats,„ევროპელი დემოკრატები”,,5,მარნეული,,6,გოჯა,მამედოვი,გოჯა მამედოვი,,,adg_2021_candidates_unified.xlsx
local_2021,__main__,council_smd,labour,„შალვა ნათელაშვილი-საქართველოს ლეიბორისტული პარტია”,,9,მარნეული,,10,ორხან,ჯალილოვი,ორხან ჯალილოვი,,,adg_2021_candidates_unified.xlsx
local_2021,__main__,council_smd,labour,„შალვა ნათელაშვილი-საქართველოს ლეიბორისტული პარტია”,,6,მარნეული,,10,ალი,ბადიროვი,ალი ბადიროვი,,,adg_2021_candidates_unified.xlsx
local_2021,__main__,council_smd,gakharia,გახარია - საქართველოსთვის,,10,მარნეული,,25,ჯემალ,კარაევი,ჯემალ კარაევი,,,adg_2021_candidates_unified.xlsx
local_2021,__main__,council_smd,gakharia,გახარია - საქართველოსთვის,,4,მარნეული,,25,ციცინო,ხმალაძე,ციცინო ხმალაძე,,,adg_2021_candidates_unified.xlsx
local_2021,__main__,council_smd,gd,ქართული ოცნება - დემოკრატიული საქართველო,,6,მარნეული,,41,ადილ,გურბანოვი,ადილ გურბანოვი,,,adg_2021_candidates_unified.xlsx
local_2021,__main__,council_smd,gd,ქართული ოცნება - დემოკრატიული საქართველო,,3,მარნეული,,41,ანარ,პირიევი,ანარ პირიევი,,,adg_2021_candidates_unified.xlsx
local_2021,__main__,council_smd,gd,ქართული ოცნება - დემოკრატიული საქართველო,,5,მარნეული,,41,როვშან,ისკანდაროვი,როვშან ისკანდაროვი,,,adg_2021_candidates_unified.xlsx
local_2021,__main__,council_smd,gd,ქართული ოცნება - დემოკრატიული საქართველო,,4,მარნეული,,41,ნიკოლოზ,გოგოჭური,ნიკოლოზ გოგოჭური,,,adg_2021_candidates_unified.xlsx
local_2021,__main__,council_smd,gd,ქართული ოცნება - დემოკრატიული საქართველო,,11,მარნეული,,41,არსენ,ახვერდიანი,არსენ ახვერდიანი,,,adg_2021_candidates_unified.xlsx
local_2021,__main__,council_smd,gd,ქართული ოცნება - დემოკრატიული საქართველო,,8,მარნეული,,41,მახარატ,ალახვერდიევი,მახარატ ალახვერდიევი,,,adg_2021_candidates_unified.xlsx
local_2021,__main__,council_smd,gd,ქართული ოცნება - დემოკრატიული საქართველო,,1,მარნეული,,41,ვასილ,ხახულაშვილი,ვასილ ხახულაშვილი,,,adg_2021_candidates_unified.xlsx
local_2021,__main__,council_smd,gd,ქართული ოცნება - დემოკრატიული საქართველო,,10,მარნეული,,41,მახირ,ბაირამოვი,მახირ ბაირამოვი,,,adg_2021_candidates_unified.xlsx
local_2021,__main__,council_smd,gd,ქართული ოცნება - დემოკრატიული საქართველო,,2,მარნეული,,41,ტარიელ,მამედოვი,ტარიელ მამედოვი,,,adg_2021_candidates_unified.xlsx
local_2021,__main__,council_smd,gd,ქართული ოცნება - დემოკრატიული საქართველო,,9,მარნეული,,41,ომარი,ირიშოვი,ომარი ირიშოვი,,,adg_2021_candidates_unified.xlsx
local_2021,__main__,council_smd,gd,ქართული ოცნება - დემოკრატიული საქართველო,,7,მარნეული,,41,ჯეიხუნ,ჩოიდაროვი,ჯეიხუნ ჩოიდაროვი,,,adg_2021_candidates_unified.xlsx
local_2021,__main__,council_smd,third_force,„მესამე ძალა-სტრატეგია აღმაშენებელი”,,10,ბოლნისი,,1,მიხეილ,მეტეევი,მიხეილ მეტეევი,,,adg_2021_candidates_unified.xlsx
local_2021,__main__,council_smd,european_georgia,„ევროპული საქართველო-მოძრაობა თავისუფლებისთვის”,,12,ბოლნისი,,2,ელზა,ცუცქირიძე,ელზა ცუცქირიძე,,,adg_2021_candidates_unified.xlsx
local_2021,__main__,council_smd,european_georgia,„ევროპული საქართველო-მოძრაობა თავისუფლებისთვის”,,11,ბოლნისი,,2,თინათინი,მოსულიშვილი,თინათინი მოსულიშვილი,,,adg_2021_candidates_unified.xlsx
local_2021,__main__,council_smd,european_georgia,„ევროპული საქართველო-მოძრაობა თავისუფლებისთვის”,,10,ბოლნისი,,2,ჯემალი,მოსულიშვილი,ჯემალი მოსულიშვილი,,,adg_2021_candidates_unified.xlsx
local_2021,__main__,council_smd,european_georgia,„ევროპული საქართველო-მოძრაობა თავისუფლებისთვის”,,3,ბოლნისი,,2,სალომე,ვარსიმაშვილი,სალომე ვარსიმაშვილი,,,adg_2021_candidates_unified.xlsx
local_2021,__main__,council_smd,european_georgia,„ევროპული საქართველო-მოძრაობა თავისუფლებისთვის”,,4,ბოლნისი,,2,ნინო,ვარსიმაშვილი,ნინო ვარსიმაშვილი,,,adg_2021_candidates_unified.xlsx
local_2021,__main__,council_smd,european_georgia,„ევროპული საქართველო-მოძრაობა თავისუფლებისთვის”,,6,ბოლნისი,,2,ხათუნა,ცხადაძე,ხათუნა ცხადაძე,,,adg_2021_candidates_unified.xlsx
local_2021,__main__,council_smd,european_georgia,„ევროპული საქართველო-მოძრაობა თავისუფლებისთვის”,,1,ბოლნისი,,2,ნანი,ავალიანი,ნანი ავალიანი,,,adg_2021_candidates_unified.xlsx
local_2021,__main__,council_smd,unm,„ერთიანი ნაციონალური მოძრაობა”,,8,ბოლნისი,,5,გელა,ლომსაძე,გელა ლომსაძე,,,adg_2021_candidates_unified.xlsx
local_2021,__main__,council_smd,unm,„ერთიანი ნაციონალური მოძრაობა”,,9,ბოლნისი,,5,ისმაილ,მამედოვი,ისმაილ მამედოვი,,,adg_2021_candidates_unified.xlsx
local_2021,__main__,council_smd,unm,„ერთიანი ნაციონალური მოძრაობა”,,10,ბოლნისი,,5,გასან,ასლანოვი,გასან ასლანოვი,,,adg_2021_candidates_unified.xlsx
local_2021,__main__,council_smd,unm,„ერთიანი ნაციონალური მოძრაობა”,,11,ბოლნისი,,5,ანზორ,შაინიძე,ანზორ შაინიძე,,,adg_2021_candidates_unified.xlsx
local_2021,__main__,council_smd,unm,„ერთიანი ნაციონალური მოძრაობა”,,12,ბოლნისი,,5,ეკატერინე,კობალავა,ეკატერინე კობალავა,,,adg_2021_candidates_unified.xlsx
local_2021,__main__,council_smd,unm,„ერთიანი ნაციონალური მოძრაობა”,,6,ბოლნისი,,5,ათეშ,იაგუბოვი,ათეშ იაგუბოვი,,,adg_2021_candidates_unified.xlsx
local_2021,__main__,council_smd,unm,„ერთიანი ნაციონალური მოძრაობა”,,1,ბოლნისი,,5,ელგუჯა,ჯაფარიძე,ელგუჯა ჯაფარიძე,,,adg_2021_candidates_unified.xlsx
local_2021,__main__,council_smd,unm,„ერთიანი ნაციონალური მოძრაობა”,,2,ბოლნისი,,5,მარინა,მარტიაშვილი,მარინა მარტიაშვილი,,,adg_2021_candidates_unified.xlsx
local_2021,__main__,council_smd,unm,„ერთიანი ნაციონალური მოძრაობა”,,3,ბოლნისი,,5,აკიფ,მუსტაფაევი,აკიფ მუსტაფაევი,,,adg_2021_candidates_unified.xlsx
local_2021,__main__,council_smd,unm,„ერთიანი ნაციონალური მოძრაობა”,,4,ბოლნისი,,5,ისმაილ,გაჯიევი,ისმაილ გაჯიევი,,,adg_2021_candidates_unified.xlsx
local_2021,__main__,council_smd,unm,„ერთიანი ნაციონალური მოძრაობა”,,7,ბოლნისი,,5,გაკიმ,ინჯაევი,გაკიმ ინჯაევი,,,adg_2021_candidates_unified.xlsx
local_2021,__main__,council_smd,unm,„ერთიანი ნაციონალური მოძრაობა”,,5,ბოლნისი,,5,სარხან,ისმაილოვი,სარხან ისმაილოვი,,,adg_2021_candidates_unified.xlsx
local_2021,__main__,council_smd,patriots,"„დავით თარხან-მოურავი, ირმა ინაშვილი - საქართველოს პატრიოტთა ალიანსი”",,3,ბოლნისი,,8,მზია,გურჯიშვილი,მზია გურჯიშვილი,,,adg_2021_candidates_unified.xlsx
local_2021,__main__,council_smd,patriots,"„დავით თარხან-მოურავი, ირმა ინაშვილი - საქართველოს პატრიოტთა ალიანსი”",,9,ბოლნისი,,8,მეხმან,ისრაფილოვი,მეხმან ისრაფილოვი,,,adg_2021_candidates_unified.xlsx
local_2021,__main__,council_smd,patriots,"„დავით თარხან-მოურავი, ირმა ინაშვილი - საქართველოს პატრიოტთა ალიანსი”",,8,ბოლნისი,,8,ეკატერინე,ორთოიძე,ეკატერინე ორთოიძე,,,adg_2021_candidates_unified.xlsx
local_2021,__main__,council_smd,patriots,"„დავით თარხან-მოურავი, ირმა ინაშვილი - საქართველოს პატრიოტთა ალიანსი”",,6,ბოლნისი,,8,ვაგიფ,გუვალოვი,ვაგიფ გუვალოვი,,,adg_2021_candidates_unified.xlsx
local_2021,__main__,council_smd,patriots,"„დავით თარხან-მოურავი, ირმა ინაშვილი - საქართველოს პატრიოტთა ალიანსი”",,10,ბოლნისი,,8,მაიზერ,გვარმიანი,მაიზერ გვარმიანი,,,adg_2021_candidates_unified.xlsx
local_2021,__main__,council_smd,patriots,"„დავით თარხან-მოურავი, ირმა ინაშვილი - საქართველოს პატრიოტთა ალიანსი”",,2,ბოლნისი,,8,დალი,მამულაშვილი,დალი მამულაშვილი,,,adg_2021_candidates_unified.xlsx
local_2021,__main__,council_smd,patriots,"„დავით თარხან-მოურავი, ირმა ინაშვილი - საქართველოს პატრიოტთა ალიანსი”",,12,ბოლნისი,,8,გიორგი,აზარაშვილი,გიორგი აზარაშვილი,,,adg_2021_candidates_unified.xlsx
local_2021,__main__,council_smd,patriots,"„დავით თარხან-მოურავი, ირმა ინაშვილი - საქართველოს პატრიოტთა ალიანსი”",,11,ბოლნისი,,8,ავთანდილი,რეხვიაშვილი,ავთანდილი რეხვიაშვილი,,,adg_2021_candidates_unified.xlsx
local_2021,__main__,council_smd,lelo,„ლელო”,,5,ბოლნისი,,9,სანან,აბბასოვი,სანან აბბასოვი,,,adg_2021_candidates_unified.xlsx
local_2021,__main__,council_smd,gakharia,გახარია - საქართველოსთვის,,9,ბოლნისი,,25,საბა,მიქელაძე,საბა მიქელაძე,,,adg_2021_candidates_unified.xlsx
local_2021,__main__,council_smd,gakharia,გახარია - საქართველოსთვის,,12,ბოლნისი,,25,დავით,გვარაძე,დავით გვარაძე,,,adg_2021_candidates_unified.xlsx
local_2021,__main__,council_smd,gakharia,გახარია - საქართველოსთვის,,11,ბოლნისი,,25,ლევან,ქართველიშვილი,ლევან ქართველიშვილი,,,adg_2021_candidates_unified.xlsx
local_2021,__main__,council_smd,gakharia,გახარია - საქართველოსთვის,,2,ბოლნისი,,25,შოთა,გაბრიჭიძე,შოთა გაბრიჭიძე,,,adg_2021_candidates_unified.xlsx
local_2021,__main__,council_smd,gakharia,გახარია - საქართველოსთვის,,3,ბოლნისი,,25,არიფ,გახრამანოვი,არიფ გახრამანოვი,,,adg_2021_candidates_unified.xlsx
local_2021,__main__,council_smd,gakharia,გახარია - საქართველოსთვის,,7,ბოლნისი,,25,მარტიკ,სოლომონიანი,მარტიკ სოლომონიანი,,,adg_2021_candidates_unified.xlsx
local_2021,__main__,council_smd,free_georgia,"„თავისუფალი საქართველო (ზაზა ხატიაშვილი, კახა კუკავა, გრიგოლ ჯოჯუა)”",,1,ბოლნისი,,37,ანდრო,დანელია,ანდრო დანელია,,,adg_2021_candidates_unified.xlsx
local_2021,__main__,council_smd,free_georgia,"„თავისუფალი საქართველო (ზაზა ხატიაშვილი, კახა კუკავა, გრიგოლ ჯოჯუა)”",,2,ბოლნისი,,37,დარეჯან,პეტრიაშვილი,დარეჯან პეტრიაშვილი,,,adg_2021_candidates_unified.xlsx
local_2021,__main__,council_smd,gd,ქართული ოცნება - დემოკრატიული საქართველო,,1,ბოლნისი,,41,დავით,ჯაფარიძე,დავით ჯაფარიძე,,,adg_2021_candidates_unified.xlsx
local_2021,__main__,council_smd,gd,ქართული ოცნება - დემოკრატიული საქართველო,,2,ბოლნისი,,41,გიორგი,მირიანაშვილი,გიორგი მირიანაშვილი,,,adg_2021_candidates_unified.xlsx
local_2021,__main__,council_smd,gd,ქართული ოცნება - დემოკრატიული საქართველო,,3,ბოლნისი,,41,ვუგარ,ისაევი,ვუგარ ისაევი,,,adg_2021_candidates_unified.xlsx
local_2021,__main__,council_smd,gd,ქართული ოცნება - დემოკრატიული საქართველო,,4,ბოლნისი,,41,რასულ,ბახტიაროვი,რასულ ბახტიაროვი,,,adg_2021_candidates_unified.xlsx
local_2021,__main__,council_smd,gd,ქართული ოცნება - დემოკრატიული საქართველო,,5,ბოლნისი,,41,დოსტუ,აშიროვი,დოსტუ აშიროვი,,,adg_2021_candidates_unified.xlsx
local_2021,__main__,council_smd,gd,ქართული ოცნება - დემოკრატიული საქართველო,,6,ბოლნისი,,41,მახირ,ბაირამოვი,მახირ ბაირამოვი,,,adg_2021_candidates_unified.xlsx
local_2021,__main__,council_smd,gd,ქართული ოცნება - დემოკრატიული საქართველო,,7,ბოლნისი,,41,ლევონ,მანუკიანი,ლევონ მანუკიანი,,,adg_2021_candidates_unified.xlsx
local_2021,__main__,council_smd,gd,ქართული ოცნება - დემოკრატიული საქართველო,,8,ბოლნისი,,41,გიორგი,ლომიძე,გიორგი ლომიძე,,,adg_2021_candidates_unified.xlsx
local_2021,__main__,council_smd,gd,ქართული ოცნება - დემოკრატიული საქართველო,,9,ბოლნისი,,41,ფარუხ,სარიევი,ფარუხ სარიევი,,,adg_2021_candidates_unified.xlsx
local_2021,__main__,council_smd,gd,ქართული ოცნება - დემოკრატიული საქართველო,,10,ბოლნისი,,41,მურმან,ნაბიევი,მურმან ნაბიევი,,,adg_2021_candidates_unified.xlsx
local_2021,__main__,council_smd,gd,ქართული ოცნება - დემოკრატიული საქართველო,,11,ბოლნისი,,41,ალექსანდრე,რეხვიაშვილი,ალექსანდრე რეხვიაშვილი,,,adg_2021_candidates_unified.xlsx
local_2021,__main__,council_smd,gd,ქართული ოცნება - დემოკრატიული საქართველო,,12,ბოლნისი,,41,გია,ბასილაშვილი,გია ბასილაშვილი,,,adg_2021_candidates_unified.xlsx
local_2021,__main__,council_smd,girchi_more_freedom,„ზურაბ გირჩი ჯაფარიძე: გირჩი - მეტი თავისუფლება”,,3,ბოლნისი,,45,ამირახ,იბრაგიმოვი,ამირახ იბრაგიმოვი,,,adg_2021_candidates_unified.xlsx
local_2021,__main__,council_smd,girchi_more_freedom,„ზურაბ გირჩი ჯაფარიძე: გირჩი - მეტი თავისუფლება”,,5,ბოლნისი,,45,სანან,კურბანოვი,სანან კურბანოვი,,,adg_2021_candidates_unified.xlsx
local_2021,__main__,council_smd,,საინიციატივო ჯგუფი,,12,ბოლნისი,,51,პაატა,დემურაშვილი,პაატა დემურაშვილი,,,adg_2021_candidates_unified.xlsx
local_2021,__main__,council_smd,,საინიციატივო ჯგუფი,,11,ბოლნისი,,52,გივი,ბადალაშვილი,გივი ბადალაშვილი,,,adg_2021_candidates_unified.xlsx
local_2021,__main__,council_smd,european_georgia,„ევროპული საქართველო-მოძრაობა თავისუფლებისთვის”,,1,დმანისი,,2,ნათია,ადუაშვილი,ნათია ადუაშვილი,,,adg_2021_candidates_unified.xlsx
local_2021,__main__,council_smd,european_georgia,„ევროპული საქართველო-მოძრაობა თავისუფლებისთვის”,,2,დმანისი,,2,თამარ,ურუმაშვილი,თამარ ურუმაშვილი,,,adg_2021_candidates_unified.xlsx
local_2021,__main__,council_smd,european_georgia,„ევროპული საქართველო-მოძრაობა თავისუფლებისთვის”,,4,დმანისი,,2,ქამილ,აბდურახმანოვი,ქამილ აბდურახმანოვი,,,adg_2021_candidates_unified.xlsx
local_2021,__main__,council_smd,european_georgia,„ევროპული საქართველო-მოძრაობა თავისუფლებისთვის”,,9,დმანისი,,2,ნარიმან,გუსეინოვი,ნარიმან გუსეინოვი,,,adg_2021_candidates_unified.xlsx
local_2021,__main__,council_smd,european_georgia,„ევროპული საქართველო-მოძრაობა თავისუფლებისთვის”,,7,დმანისი,,2,ფაზილია,გასანოვი,ფაზილია გასანოვი,,,adg_2021_candidates_unified.xlsx
local_2021,__main__,council_smd,european_georgia,„ევროპული საქართველო-მოძრაობა თავისუფლებისთვის”,,3,დმანისი,,2,ხათუნა,ადუაშვილი,ხათუნა ადუაშვილი,,,adg_2021_candidates_unified.xlsx
local_2021,__main__,council_smd,european_georgia,„ევროპული საქართველო-მოძრაობა თავისუფლებისთვის”,,6,დმანისი,,2,კამანდარ,ისმაილოვი,კამანდარ ისმაილოვი,,,adg_2021_candidates_unified.xlsx
local_2021,__main__,council_smd,unm,„ერთიანი ნაციონალური მოძრაობა”,,9,დმანისი,,5,რამიზ,რამაზანოვი,რამიზ რამაზანოვი,,,adg_2021_candidates_unified.xlsx
local_2021,__main__,council_smd,unm,„ერთიანი ნაციონალური მოძრაობა”,,8,დმანისი,,5,ფაიგ,ისმაილოვი,ფაიგ ისმაილოვი,,,adg_2021_candidates_unified.xlsx
local_2021,__main__,council_smd,unm,„ერთიანი ნაციონალური მოძრაობა”,,4,დმანისი,,5,აფთანდილ,მუსაევი,აფთანდილ მუსაევი,,,adg_2021_candidates_unified.xlsx
local_2021,__main__,council_smd,unm,„ერთიანი ნაციონალური მოძრაობა”,,3,დმანისი,,5,მერაბი,ოქრიაშვილი,მერაბი ოქრიაშვილი,,,adg_2021_candidates_unified.xlsx
local_2021,__main__,council_smd,unm,„ერთიანი ნაციონალური მოძრაობა”,,10,დმანისი,,5,ნინო,ხიზანაშვილი,ნინო ხიზანაშვილი,,,adg_2021_candidates_unified.xlsx
local_2021,__main__,council_smd,unm,„ერთიანი ნაციონალური მოძრაობა”,,7,დმანისი,,5,ნატიგ,ოვჩიევი,ნატიგ ოვჩიევი,,,adg_2021_candidates_unified.xlsx
local_2021,__main__,council_smd,unm,„ერთიანი ნაციონალური მოძრაობა”,,5,დმანისი,,5,ემილ,იბრაგიმოვი,ემილ იბრაგიმოვი,,,adg_2021_candidates_unified.xlsx
local_2021,__main__,council_smd,unm,„ერთიანი ნაციონალური მოძრაობა”,,6,დმანისი,,5,გუმბათ,იუსუბოვი,გუმბათ იუსუბოვი,,,adg_2021_candidates_unified.xlsx
local_2021,__main__,council_smd,patriots,"„დავით თარხან-მოურავი, ირმა ინაშვილი - საქართველოს პატრიოტთა ალიანსი”",,7,დმანისი,,8,დიმიტრი,მჭედლიძე,დიმიტრი მჭედლიძე,,,adg_2021_candidates_unified.xlsx
local_2021,__main__,council_smd,patriots,"„დავით თარხან-მოურავი, ირმა ინაშვილი - საქართველოს პატრიოტთა ალიანსი”",,9,დმანისი,,8,გიორგი,გირგვლიანი,გიორგი გირგვლიანი,,,adg_2021_candidates_unified.xlsx
local_2021,__main__,council_smd,patriots,"„დავით თარხან-მოურავი, ირმა ინაშვილი - საქართველოს პატრიოტთა ალიანსი”",,10,დმანისი,,8,ნიკოლოზ,ტატიშვილი,ნიკოლოზ ტატიშვილი,,,adg_2021_candidates_unified.xlsx
local_2021,__main__,council_smd,patriots,"„დავით თარხან-მოურავი, ირმა ინაშვილი - საქართველოს პატრიოტთა ალიანსი”",,1,დმანისი,,8,ცირა,ციხელაშვილი,ცირა ციხელაშვილი,,,adg_2021_candidates_unified.xlsx
local_2021,__main__,council_smd,patriots,"„დავით თარხან-მოურავი, ირმა ინაშვილი - საქართველოს პატრიოტთა ალიანსი”",,2,დმანისი,,8,ლევანტი,არჯანია,ლევანტი არჯანია,,,adg_2021_candidates_unified.xlsx
local_2021,__main__,council_smd,patriots,"„დავით თარხან-მოურავი, ირმა ინაშვილი - საქართველოს პატრიოტთა ალიანსი”",,8,დმანისი,,8,გოჩა,ჩხვიმიანი,გოჩა ჩხვიმიანი,,,adg_2021_candidates_unified.xlsx
local_2021,__main__,council_smd,patriots,"„დავით თარხან-მოურავი, ირმა ინაშვილი - საქართველოს პატრიოტთა ალიანსი”",,3,დმანისი,,8,ზური,ჩხვიმიანი,ზური ჩხვიმიანი,,,adg_2021_candidates_unified.xlsx
local_2021,__main__,council_smd,patriots,"„დავით თარხან-მოურავი, ირმა ინაშვილი - საქართველოს პატრიოტთა ალიანსი”",,6,დმანისი,,8,კანდირ,ჩხვიმიანი,კანდირ ჩხვიმიანი,,,adg_2021_candidates_unified.xlsx
local_2021,__main__,council_smd,patriots,"„დავით თარხან-მოურავი, ირმა ინაშვილი - საქართველოს პატრიოტთა ალიანსი”",,4,დმანისი,,8,გრიშა,ჯინჭარაშვილი,გრიშა ჯინჭარაშვილი,,,adg_2021_candidates_unified.xlsx
local_2021,__main__,council_smd,lelo,„ლელო”,,1,დმანისი,,9,ალექსანდრე,ნონიაშვილი,ალექსანდრე ნონიაშვილი,,,adg_2021_candidates_unified.xlsx
local_2021,__main__,council_smd,progress_freedom,„პროგრესი და თავისუფლება”,,2,დმანისი,,21,მერაბი,ფოლადიშვილი,მერაბი ფოლადიშვილი,,,adg_2021_candidates_unified.xlsx
local_2021,__main__,council_smd,gd,ქართული ოცნება - დემოკრატიული საქართველო,,1,დმანისი,,41,ალექსანდრე,დაუთაშვილი,ალექსანდრე დაუთაშვილი,,,adg_2021_candidates_unified.xlsx
local_2021,__main__,council_smd,gd,ქართული ოცნება - დემოკრატიული საქართველო,,2,დმანისი,,41,შალვა,ღამბარაშვილი,შალვა ღამბარაშვილი,,,adg_2021_candidates_unified.xlsx
local_2021,__main__,council_smd,gd,ქართული ოცნება - დემოკრატიული საქართველო,,3,დმანისი,,41,მიხეილი,დაუთაშვილი,მიხეილი დაუთაშვილი,,,adg_2021_candidates_unified.xlsx
local_2021,__main__,council_smd,gd,ქართული ოცნება - დემოკრატიული საქართველო,,4,დმანისი,,41,აზერ,ალიევი,აზერ ალიევი,,,adg_2021_candidates_unified.xlsx
local_2021,__main__,council_smd,gd,ქართული ოცნება - დემოკრატიული საქართველო,,5,დმანისი,,41,ფაიკ,რუსტამოვი,ფაიკ რუსტამოვი,,,adg_2021_candidates_unified.xlsx
local_2021,__main__,council_smd,gd,ქართული ოცნება - დემოკრატიული საქართველო,,6,დმანისი,,41,ალიბაი,გასანოვი,ალიბაი გასანოვი,,,adg_2021_candidates_unified.xlsx
local_2021,__main__,council_smd,gd,ქართული ოცნება - დემოკრატიული საქართველო,,7,დმანისი,,41,ვიდადი,აბდულლაევი,ვიდადი აბდულლაევი,,,adg_2021_candidates_unified.xlsx
local_2021,__main__,council_smd,gd,ქართული ოცნება - დემოკრატიული საქართველო,,8,დმანისი,,41,შახინ,კოიალოვი,შახინ კოიალოვი,,,adg_2021_candidates_unified.xlsx
local_2021,__main__,council_smd,gd,ქართული ოცნება - დემოკრატიული საქართველო,,9,დმანისი,,41,ქამრან,ხიდიროვი,ქამრან ხიდიროვი,,,adg_2021_candidates_unified.xlsx
local_2021,__main__,council_smd,gd,ქართული ოცნება - დემოკრატიული საქართველო,,10,დმანისი,,41,ილია,სარსევანიძე,ილია სარსევანიძე,,,adg_2021_candidates_unified.xlsx
local_2021,__main__,council_smd,,საინიციატივო ჯგუფი,,1,დმანისი,,51,თეიმურაზ,აფრასიძე,თეიმურაზ აფრასიძე,,,adg_2021_candidates_unified.xlsx
local_2021,__main__,council_smd,european_georgia,„ევროპული საქართველო-მოძრაობა თავისუფლებისთვის”,,9,წალკა,,2,გურამ,გელაძე,გურამ გელაძე,,,adg_2021_candidates_unified.xlsx
local_2021,__main__,council_smd,unm,„ერთიანი ნაციონალური მოძრაობა”,,3,წალკა,,5,გურამ,მგელაძე,გურამ მგელაძე,,,adg_2021_candidates_unified.xlsx
local_2021,__main__,council_smd,unm,„ერთიანი ნაციონალური მოძრაობა”,,1,წალკა,,5,ნოდარ,ბერიძე,ნოდარ ბერიძე,,,adg_2021_candidates_unified.xlsx
local_2021,__main__,council_smd,unm,„ერთიანი ნაციონალური მოძრაობა”,,2,წალკა,,5,ავთანდილ,ვანაძე,ავთანდილ ვანაძე,,,adg_2021_candidates_unified.xlsx
local_2021,__main__,council_smd,unm,„ერთიანი ნაციონალური მოძრაობა”,,5,წალკა,,5,რაფიკ,დალივალოვი,რაფიკ დალივალოვი,,,adg_2021_candidates_unified.xlsx
local_2021,__main__,council_smd,unm,„ერთიანი ნაციონალური მოძრაობა”,,9,წალკა,,5,ჯონი,საბაძე,ჯონი საბაძე,,,adg_2021_candidates_unified.xlsx
local_2021,__main__,council_smd,unm,„ერთიანი ნაციონალური მოძრაობა”,,4,წალკა,,5,მერაბ,იაკობაძე,მერაბ იაკობაძე,,,adg_2021_candidates_unified.xlsx
local_2021,__main__,council_smd,progress_freedom,„პროგრესი და თავისუფლება”,,7,წალკა,,21,არუტიუნ,ავეტიან,არუტიუნ ავეტიან,,,adg_2021_candidates_unified.xlsx
local_2021,__main__,council_smd,progress_freedom,„პროგრესი და თავისუფლება”,,8,წალკა,,21,არმინაკ,აროიან,არმინაკ აროიან,,,adg_2021_candidates_unified.xlsx
local_2021,__main__,council_smd,progress_freedom,„პროგრესი და თავისუფლება”,,6,წალკა,,21,სერგეი,გულიკიან,სერგეი გულიკიან,,,adg_2021_candidates_unified.xlsx
local_2021,__main__,council_smd,gd,ქართული ოცნება - დემოკრატიული საქართველო,,2,წალკა,,41,ჯემალ,ნაკაიძე,ჯემალ ნაკაიძე,,,adg_2021_candidates_unified.xlsx
local_2021,__main__,council_smd,gd,ქართული ოცნება - დემოკრატიული საქართველო,,3,წალკა,,41,ბადრი,ხოზრევანიძე,ბადრი ხოზრევანიძე,,,adg_2021_candidates_unified.xlsx
local_2021,__main__,council_smd,gd,ქართული ოცნება - დემოკრატიული საქართველო,,4,წალკა,,41,ავთანდილ,ვანაძე,ავთანდილ ვანაძე,,,adg_2021_candidates_unified.xlsx
local_2021,__main__,council_smd,gd,ქართული ოცნება - დემოკრატიული საქართველო,,5,წალკა,,41,ვუსალ,უზუნალოვ,ვუსალ უზუნალოვ,,,adg_2021_candidates_unified.xlsx
local_2021,__main__,council_smd,gd,ქართული ოცნება - დემოკრატიული საქართველო,,6,წალკა,,41,რადიკ,სარკისიან,რადიკ სარკისიან,,,adg_2021_candidates_unified.xlsx
local_2021,__main__,council_smd,gd,ქართული ოცნება - დემოკრატიული საქართველო,,7,წალკა,,41,ლევონ,მარკოსიან,ლევონ მარკოსიან,,,adg_2021_candidates_unified.xlsx
local_2021,__main__,council_smd,gd,ქართული ოცნება - დემოკრატიული საქართველო,,1,წალკა,,41,ნუგზარი,ჩამურლიევი,ნუგზარი ჩამურლიევი,,,adg_2021_candidates_unified.xlsx
local_2021,__main__,council_smd,gd,ქართული ოცნება - დემოკრატიული საქართველო,,8,წალკა,,41,ლაერტ,ტოროსიან,ლაერტ ტოროსიან,,,adg_2021_candidates_unified.xlsx
local_2021,__main__,council_smd,gd,ქართული ოცნება - დემოკრატიული საქართველო,,10,წალკა,,41,გოჩა,ხაჩატურიან,გოჩა ხაჩატურიან,,,adg_2021_candidates_unified.xlsx
local_2021,__main__,council_smd,gd,ქართული ოცნება - დემოკრატიული საქართველო,,9,წალკა,,41,ოთარი,ვანაძე,ოთარი ვანაძე,,,adg_2021_candidates_unified.xlsx
local_2021,__main__,council_smd,,საინიციატივო ჯგუფი,,3,წალკა,,52,უშანგი,ბოლქვაძე,უშანგი ბოლქვაძე,,,adg_2021_candidates_unified.xlsx
local_2021,__main__,council_smd,third_force,„მესამე ძალა-სტრატეგია აღმაშენებელი”,,1,თეთრიწყარო,,1,ალექსი,ნონიაძე,ალექსი ნონიაძე,,,adg_2021_candidates_unified.xlsx
local_2021,__main__,council_smd,third_force,„მესამე ძალა-სტრატეგია აღმაშენებელი”,,10,თეთრიწყარო,,1,მიხეილ,დემეტრაშვილი,მიხეილ დემეტრაშვილი,,,adg_2021_candidates_unified.xlsx
local_2021,__main__,council_smd,third_force,„მესამე ძალა-სტრატეგია აღმაშენებელი”,,6,თეთრიწყარო,,1,ლაშა,ჯაშიაშვილი,ლაშა ჯაშიაშვილი,,,adg_2021_candidates_unified.xlsx
local_2021,__main__,council_smd,european_georgia,„ევროპული საქართველო-მოძრაობა თავისუფლებისთვის”,,1,თეთრიწყარო,,2,შოთა,მათითაიშვილი,შოთა მათითაიშვილი,,,adg_2021_candidates_unified.xlsx
local_2021,__main__,council_smd,european_georgia,„ევროპული საქართველო-მოძრაობა თავისუფლებისთვის”,,3,თეთრიწყარო,,2,თამარ,მაღალდაძე,თამარ მაღალდაძე,,,adg_2021_candidates_unified.xlsx
local_2021,__main__,council_smd,european_georgia,„ევროპული საქართველო-მოძრაობა თავისუფლებისთვის”,,4,თეთრიწყარო,,2,ამირან,მიკირტუმაშვილი,ამირან მიკირტუმაშვილი,,,adg_2021_candidates_unified.xlsx
local_2021,__main__,council_smd,european_georgia,„ევროპული საქართველო-მოძრაობა თავისუფლებისთვის”,,5,თეთრიწყარო,,2,ნატო,მეცხვარიშვილი,ნატო მეცხვარიშვილი,,,adg_2021_candidates_unified.xlsx
local_2021,__main__,council_smd,european_georgia,„ევროპული საქართველო-მოძრაობა თავისუფლებისთვის”,,6,თეთრიწყარო,,2,მამუკა,ვარდიაშვილი,მამუკა ვარდიაშვილი,,,adg_2021_candidates_unified.xlsx
local_2021,__main__,council_smd,european_georgia,„ევროპული საქართველო-მოძრაობა თავისუფლებისთვის”,,7,თეთრიწყარო,,2,მინდია,ცეცხლაძე,მინდია ცეცხლაძე,,,adg_2021_candidates_unified.xlsx
local_2021,__main__,council_smd,european_georgia,„ევროპული საქართველო-მოძრაობა თავისუფლებისთვის”,,8,თეთრიწყარო,,2,რუსლან,ავალიანი,რუსლან ავალიანი,,,adg_2021_candidates_unified.xlsx
local_2021,__main__,council_smd,european_georgia,„ევროპული საქართველო-მოძრაობა თავისუფლებისთვის”,,9,თეთრიწყარო,,2,ნოდარ,ქედელიძე,ნოდარ ქედელიძე,,,adg_2021_candidates_unified.xlsx
local_2021,__main__,council_smd,european_georgia,„ევროპული საქართველო-მოძრაობა თავისუფლებისთვის”,,11,თეთრიწყარო,,2,რუსუდანი,სიხუაშვილი,რუსუდანი სიხუაშვილი,,,adg_2021_candidates_unified.xlsx
local_2021,__main__,council_smd,unm,„ერთიანი ნაციონალური მოძრაობა”,,6,თეთრიწყარო,,5,ზურაბი,ჯაშიაშვილი,ზურაბი ჯაშიაშვილი,,,adg_2021_candidates_unified.xlsx
local_2021,__main__,council_smd,unm,„ერთიანი ნაციონალური მოძრაობა”,,1,თეთრიწყარო,,5,ქეთევან,ბექაური,ქეთევან ბექაური,,,adg_2021_candidates_unified.xlsx
local_2021,__main__,council_smd,unm,„ერთიანი ნაციონალური მოძრაობა”,,10,თეთრიწყარო,,5,ელგუჯა,ქავთარაძე,ელგუჯა ქავთარაძე,,,adg_2021_candidates_unified.xlsx
local_2021,__main__,council_smd,unm,„ერთიანი ნაციონალური მოძრაობა”,,7,თეთრიწყარო,,5,როინ,მოსიძე,როინ მოსიძე,,,adg_2021_candidates_unified.xlsx
local_2021,__main__,council_smd,unm,„ერთიანი ნაციონალური მოძრაობა”,,5,თეთრიწყარო,,5,ტრისტან,მესტვირიშვილი,ტრისტან მესტვირიშვილი,,,adg_2021_candidates_unified.xlsx
local_2021,__main__,council_smd,unm,„ერთიანი ნაციონალური მოძრაობა”,,11,თეთრიწყარო,,5,გიორგი,ბადალაშვილი,გიორგი ბადალაშვილი,,,adg_2021_candidates_unified.xlsx
local_2021,__main__,council_smd,unm,„ერთიანი ნაციონალური მოძრაობა”,,4,თეთრიწყარო,,5,ზაქარია,ძულიაშვილი,ზაქარია ძულიაშვილი,,,adg_2021_candidates_unified.xlsx
local_2021,__main__,council_smd,unm,„ერთიანი ნაციონალური მოძრაობა”,,12,თეთრიწყარო,,5,დავითი,აფციაური,დავითი აფციაური,,,adg_2021_candidates_unified.xlsx
local_2021,__main__,council_smd,unm,„ერთიანი ნაციონალური მოძრაობა”,,2,თეთრიწყარო,,5,თამარ,ბრეგვაძე,თამარ ბრეგვაძე,,,adg_2021_candidates_unified.xlsx
local_2021,__main__,council_smd,unm,„ერთიანი ნაციონალური მოძრაობა”,,3,თეთრიწყარო,,5,გიორგი,ჭიჭიაშვილი,გიორგი ჭიჭიაშვილი,,,adg_2021_candidates_unified.xlsx
local_2021,__main__,council_smd,patriots,"„დავით თარხან-მოურავი, ირმა ინაშვილი - საქართველოს პატრიოტთა ალიანსი”",,1,თეთრიწყარო,,8,ლალი,ნარიმანიძე,ლალი ნარიმანიძე,,,adg_2021_candidates_unified.xlsx
local_2021,__main__,council_smd,patriots,"„დავით თარხან-მოურავი, ირმა ინაშვილი - საქართველოს პატრიოტთა ალიანსი”",,7,თეთრიწყარო,,8,ირმა,ბიტიაშვილი,ირმა ბიტიაშვილი,,,adg_2021_candidates_unified.xlsx
local_2021,__main__,council_smd,patriots,"„დავით თარხან-მოურავი, ირმა ინაშვილი - საქართველოს პატრიოტთა ალიანსი”",,6,თეთრიწყარო,,8,მურადი,ბაიდარაშვილი,მურადი ბაიდარაშვილი,,,adg_2021_candidates_unified.xlsx
local_2021,__main__,council_smd,patriots,"„დავით თარხან-მოურავი, ირმა ინაშვილი - საქართველოს პატრიოტთა ალიანსი”",,11,თეთრიწყარო,,8,სალომე,გოგიჩაშვილი,სალომე გოგიჩაშვილი,,,adg_2021_candidates_unified.xlsx
local_2021,__main__,council_smd,patriots,"„დავით თარხან-მოურავი, ირმა ინაშვილი - საქართველოს პატრიოტთა ალიანსი”",,10,თეთრიწყარო,,8,კობა,აბდუშელიშვილი,კობა აბდუშელიშვილი,,,adg_2021_candidates_unified.xlsx
local_2021,__main__,council_smd,patriots,"„დავით თარხან-მოურავი, ირმა ინაშვილი - საქართველოს პატრიოტთა ალიანსი”",,5,თეთრიწყარო,,8,ირაკლი,მიქიაშვილი,ირაკლი მიქიაშვილი,,,adg_2021_candidates_unified.xlsx
local_2021,__main__,council_smd,patriots,"„დავით თარხან-მოურავი, ირმა ინაშვილი - საქართველოს პატრიოტთა ალიანსი”",,3,თეთრიწყარო,,8,ელენა,ფილეევა,ელენა ფილეევა,,,adg_2021_candidates_unified.xlsx
local_2021,__main__,council_smd,patriots,"„დავით თარხან-მოურავი, ირმა ინაშვილი - საქართველოს პატრიოტთა ალიანსი”",,8,თეთრიწყარო,,8,ალექსი,აკოფოვი,ალექსი აკოფოვი,,,adg_2021_candidates_unified.xlsx
local_2021,__main__,council_smd,patriots,"„დავით თარხან-მოურავი, ირმა ინაშვილი - საქართველოს პატრიოტთა ალიანსი”",,9,თეთრიწყარო,,8,ნოდარ,დევნოზაშვილი,ნოდარ დევნოზაშვილი,,,adg_2021_candidates_unified.xlsx
local_2021,__main__,council_smd,lelo,„ლელო”,,12,თეთრიწყარო,,9,მუხრან,აფრასიძე,მუხრან აფრასიძე,,,adg_2021_candidates_unified.xlsx
local_2021,__main__,council_smd,gakharia,გახარია - საქართველოსთვის,,1,თეთრიწყარო,,25,თინათინ,ბეკოშვილი,თინათინ ბეკოშვილი,,,adg_2021_candidates_unified.xlsx
local_2021,__main__,council_smd,gakharia,გახარია - საქართველოსთვის,,10,თეთრიწყარო,,25,შალვა,ოქრუაშვილი,შალვა ოქრუაშვილი,,,adg_2021_candidates_unified.xlsx
local_2021,__main__,council_smd,gd,ქართული ოცნება - დემოკრატიული საქართველო,,12,თეთრიწყარო,,41,რომანი,ქავთარაძე,რომანი ქავთარაძე,,,adg_2021_candidates_unified.xlsx
local_2021,__main__,council_smd,gd,ქართული ოცნება - დემოკრატიული საქართველო,,3,თეთრიწყარო,,41,მერაბი,ღაღეთაშვილი,მერაბი ღაღეთაშვილი,,,adg_2021_candidates_unified.xlsx
local_2021,__main__,council_smd,gd,ქართული ოცნება - დემოკრატიული საქართველო,,4,თეთრიწყარო,,41,რამაზი,ჩომახაშვილი,რამაზი ჩომახაშვილი,,,adg_2021_candidates_unified.xlsx
local_2021,__main__,council_smd,gd,ქართული ოცნება - დემოკრატიული საქართველო,,2,თეთრიწყარო,,41,გიორგი,ფიჩხულაშვილი,გიორგი ფიჩხულაშვილი,,,adg_2021_candidates_unified.xlsx
local_2021,__main__,council_smd,gd,ქართული ოცნება - დემოკრატიული საქართველო,,1,თეთრიწყარო,,41,ზურაბ,დალაქიშვილი,ზურაბ დალაქიშვილი,,,adg_2021_candidates_unified.xlsx
local_2021,__main__,council_smd,gd,ქართული ოცნება - დემოკრატიული საქართველო,,6,თეთრიწყარო,,41,ოთარი,ლონდარიძე,ოთარი ლონდარიძე,,,adg_2021_candidates_unified.xlsx
local_2021,__main__,council_smd,gd,ქართული ოცნება - დემოკრატიული საქართველო,,7,თეთრიწყარო,,41,მამუკა,შავაძე,მამუკა შავაძე,,,adg_2021_candidates_unified.xlsx
local_2021,__main__,council_smd,gd,ქართული ოცნება - დემოკრატიული საქართველო,,8,თეთრიწყარო,,41,ლევან,ფანგანი,ლევან ფანგანი,,,adg_2021_candidates_unified.xlsx
local_2021,__main__,council_smd,gd,ქართული ოცნება - დემოკრატიული საქართველო,,9,თეთრიწყარო,,41,რამაზ,გულბანი,რამაზ გულბანი,,,adg_2021_candidates_unified.xlsx
local_2021,__main__,council_smd,gd,ქართული ოცნება - დემოკრატიული საქართველო,,10,თეთრიწყარო,,41,ლევან,წიკლაური,ლევან წიკლაური,,,adg_2021_candidates_unified.xlsx
local_2021,__main__,council_smd,gd,ქართული ოცნება - დემოკრატიული საქართველო,,11,თეთრიწყარო,,41,ვაჟა,ნადირაძე,ვაჟა ნადირაძე,,,adg_2021_candidates_unified.xlsx
local_2021,__main__,council_smd,gd,ქართული ოცნება - დემოკრატიული საქართველო,,5,თეთრიწყარო,,41,თინა,აღდგომელაშვილი,თინა აღდგომელაშვილი,,,adg_2021_candidates_unified.xlsx
local_2021,__main__,council_smd,peoples_party,„სახალხო პარტია”,,3,თეთრიწყარო,,44,ეთერი,დევიძე,ეთერი დევიძე,,,adg_2021_candidates_unified.xlsx
local_2021,__main__,council_smd,,საინიციატივო ჯგუფი,,1,თეთრიწყარო,,51,თამაზ,ბექაური,თამაზ ბექაური,,,adg_2021_candidates_unified.xlsx
local_2021,__main__,council_smd,third_force,„მესამე ძალა-სტრატეგია აღმაშენებელი”,,3,მცხეთა,,1,სერგო,გრძელიძე,სერგო გრძელიძე,,,adg_2021_candidates_unified.xlsx
local_2021,__main__,council_smd,third_force,„მესამე ძალა-სტრატეგია აღმაშენებელი”,,7,მცხეთა,,1,მიხეილი,მუშკუდიანი,მიხეილი მუშკუდიანი,,,adg_2021_candidates_unified.xlsx
local_2021,__main__,council_smd,third_force,„მესამე ძალა-სტრატეგია აღმაშენებელი”,,8,მცხეთა,,1,შალვა,ატაშვილი,შალვა ატაშვილი,,,adg_2021_candidates_unified.xlsx
local_2021,__main__,council_smd,third_force,„მესამე ძალა-სტრატეგია აღმაშენებელი”,,4,მცხეთა,,1,ბაადური,ვამბოლტი,ბაადური ვამბოლტი,,,adg_2021_candidates_unified.xlsx
local_2021,__main__,council_smd,third_force,„მესამე ძალა-სტრატეგია აღმაშენებელი”,,9,მცხეთა,,1,გელა,გელიაშვილი,გელა გელიაშვილი,,,adg_2021_candidates_unified.xlsx
local_2021,__main__,council_smd,third_force,„მესამე ძალა-სტრატეგია აღმაშენებელი”,,5,მცხეთა,,1,ელვარდი,ვარდოსანიძე,ელვარდი ვარდოსანიძე,,,adg_2021_candidates_unified.xlsx
local_2021,__main__,council_smd,third_force,„მესამე ძალა-სტრატეგია აღმაშენებელი”,,1,მცხეთა,,1,ალექსანდრე,თათარაშვილი,ალექსანდრე თათარაშვილი,,,adg_2021_candidates_unified.xlsx
local_2021,__main__,council_smd,third_force,„მესამე ძალა-სტრატეგია აღმაშენებელი”,,2,მცხეთა,,1,გელა,ნაზღაიძე,გელა ნაზღაიძე,,,adg_2021_candidates_unified.xlsx
local_2021,__main__,council_smd,european_georgia,„ევროპული საქართველო-მოძრაობა თავისუფლებისთვის”,,6,მცხეთა,,2,გია,პავლიაშვილი,გია პავლიაშვილი,,,adg_2021_candidates_unified.xlsx
local_2021,__main__,council_smd,european_georgia,„ევროპული საქართველო-მოძრაობა თავისუფლებისთვის”,,8,მცხეთა,,2,გოგიტა,ავსაჯანიშვილი,გოგიტა ავსაჯანიშვილი,,,adg_2021_candidates_unified.xlsx
local_2021,__main__,council_smd,european_georgia,„ევროპული საქართველო-მოძრაობა თავისუფლებისთვის”,,7,მცხეთა,,2,მაია,პილპილაშვილი,მაია პილპილაშვილი,,,adg_2021_candidates_unified.xlsx
local_2021,__main__,council_smd,european_georgia,„ევროპული საქართველო-მოძრაობა თავისუფლებისთვის”,,9,მცხეთა,,2,ლევანი,ჟიჟიაშვილი,ლევანი ჟიჟიაშვილი,,,adg_2021_candidates_unified.xlsx
local_2021,__main__,council_smd,european_georgia,„ევროპული საქართველო-მოძრაობა თავისუფლებისთვის”,,1,მცხეთა,,2,ნანი,მაკარიძე,ნანი მაკარიძე,,,adg_2021_candidates_unified.xlsx
local_2021,__main__,council_smd,european_georgia,„ევროპული საქართველო-მოძრაობა თავისუფლებისთვის”,,2,მცხეთა,,2,ლეილა,ხუტაშვილი,ლეილა ხუტაშვილი,,,adg_2021_candidates_unified.xlsx
local_2021,__main__,council_smd,european_georgia,„ევროპული საქართველო-მოძრაობა თავისუფლებისთვის”,,5,მცხეთა,,2,ბიჭიკო,დიდებაშვილი,ბიჭიკო დიდებაშვილი,,,adg_2021_candidates_unified.xlsx
local_2021,__main__,council_smd,european_georgia,„ევროპული საქართველო-მოძრაობა თავისუფლებისთვის”,,4,მცხეთა,,2,სოფიო,ჭითანავა,სოფიო ჭითანავა,,,adg_2021_candidates_unified.xlsx
local_2021,__main__,council_smd,unm,„ერთიანი ნაციონალური მოძრაობა”,,1,მცხეთა,,5,თეიმურაზი,აბაშიძე,თეიმურაზი აბაშიძე,,,adg_2021_candidates_unified.xlsx
local_2021,__main__,council_smd,unm,„ერთიანი ნაციონალური მოძრაობა”,,4,მცხეთა,,5,ნური,ჯომბაროვი,ნური ჯომბაროვი,,,adg_2021_candidates_unified.xlsx
local_2021,__main__,council_smd,unm,„ერთიანი ნაციონალური მოძრაობა”,,6,მცხეთა,,5,ვეფხია,მილაძე,ვეფხია მილაძე,,,adg_2021_candidates_unified.xlsx
local_2021,__main__,council_smd,unm,„ერთიანი ნაციონალური მოძრაობა”,,8,მცხეთა,,5,იაგო,ბაზალელი,იაგო ბაზალელი,,,adg_2021_candidates_unified.xlsx
local_2021,__main__,council_smd,unm,„ერთიანი ნაციონალური მოძრაობა”,,5,მცხეთა,,5,ზაზა,ხვედიაშვილი,ზაზა ხვედიაშვილი,,,adg_2021_candidates_unified.xlsx
local_2021,__main__,council_smd,unm,„ერთიანი ნაციონალური მოძრაობა”,,9,მცხეთა,,5,გივი,საბიაშვილი,გივი საბიაშვილი,,,adg_2021_candidates_unified.xlsx
local_2021,__main__,council_smd,unm,„ერთიანი ნაციონალური მოძრაობა”,,2,მცხეთა,,5,სოლომონი,ყოჩიშვილი,სოლომონი ყოჩიშვილი,,,adg_2021_candidates_unified.xlsx
local_2021,__main__,council_smd,unm,„ერთიანი ნაციონალური მოძრაობა”,,3,მცხეთა,,5,გიორგი,სარდლიშვილი,გიორგი სარდლიშვილი,,,adg_2021_candidates_unified.xlsx
local_2021,__main__,council_smd,unm,„ერთიანი ნაციონალური მოძრაობა”,,7,მცხეთა,,5,მაია,მაზანაშვილი,მაია მაზანაშვილი,,,adg_2021_candidates_unified.xlsx
local_2021,__main__,council_smd,patriots,"„დავით თარხან-მოურავი, ირმა ინაშვილი - საქართველოს პატრიოტთა ალიანსი”",,6,მცხეთა,,8,გალინა,ახსაბაძე,გალინა ახსაბაძე,,,adg_2021_candidates_unified.xlsx
local_2021,__main__,council_smd,patriots,"„დავით თარხან-მოურავი, ირმა ინაშვილი - საქართველოს პატრიოტთა ალიანსი”",,5,მცხეთა,,8,ნუგზარ,ჩანადირი,ნუგზარ ჩანადირი,,,adg_2021_candidates_unified.xlsx
local_2021,__main__,council_smd,patriots,"„დავით თარხან-მოურავი, ირმა ინაშვილი - საქართველოს პატრიოტთა ალიანსი”",,7,მცხეთა,,8,შოთა,ღვინიაშვილი,შოთა ღვინიაშვილი,,,adg_2021_candidates_unified.xlsx
local_2021,__main__,council_smd,patriots,"„დავით თარხან-მოურავი, ირმა ინაშვილი - საქართველოს პატრიოტთა ალიანსი”",,9,მცხეთა,,8,ტარიელი,ოდიშვილი,ტარიელი ოდიშვილი,,,adg_2021_candidates_unified.xlsx
local_2021,__main__,council_smd,lelo,„ლელო”,,2,მცხეთა,,9,კახაბერ,კანდელაკი,კახაბერ კანდელაკი,,,adg_2021_candidates_unified.xlsx
local_2021,__main__,council_smd,european_socialists,„ევროპელი სოციალისტები”,,2,მცხეთა,,19,მაია,მერებაშვილი,მაია მერებაშვილი,,,adg_2021_candidates_unified.xlsx
local_2021,__main__,council_smd,european_socialists,„ევროპელი სოციალისტები”,,6,მცხეთა,,19,სიმონ,გაბრიელაშვილი,სიმონ გაბრიელაშვილი,,,adg_2021_candidates_unified.xlsx
local_2021,__main__,council_smd,gakharia,გახარია - საქართველოსთვის,,1,მცხეთა,,25,სოფიკო,ბერძენიშვილი,სოფიკო ბერძენიშვილი,,,adg_2021_candidates_unified.xlsx
local_2021,__main__,council_smd,gakharia,გახარია - საქართველოსთვის,,2,მცხეთა,,25,აკაკი,პაპიაშვილი,აკაკი პაპიაშვილი,,,adg_2021_candidates_unified.xlsx
local_2021,__main__,council_smd,gakharia,გახარია - საქართველოსთვის,,8,მცხეთა,,25,ირაკლი,გახარია,ირაკლი გახარია,,,adg_2021_candidates_unified.xlsx
local_2021,__main__,council_smd,gakharia,გახარია - საქართველოსთვის,,5,მცხეთა,,25,ჯაბა,ქავთარაძე,ჯაბა ქავთარაძე,,,adg_2021_candidates_unified.xlsx
local_2021,__main__,council_smd,gakharia,გახარია - საქართველოსთვის,,7,მცხეთა,,25,გიორგი,დურგლიშვილი,გიორგი დურგლიშვილი,,,adg_2021_candidates_unified.xlsx
local_2021,__main__,council_smd,gakharia,გახარია - საქართველოსთვის,,3,მცხეთა,,25,გიორგი,ჯალაღონია,გიორგი ჯალაღონია,,,adg_2021_candidates_unified.xlsx
local_2021,__main__,council_smd,gakharia,გახარია - საქართველოსთვის,,4,მცხეთა,,25,ელვინა,ნაგიევი,ელვინა ნაგიევი,,,adg_2021_candidates_unified.xlsx
local_2021,__main__,council_smd,free_georgia,"„თავისუფალი საქართველო (ზაზა ხატიაშვილი, კახა კუკავა, გრიგოლ ჯოჯუა)”",,3,მცხეთა,,37,მარინე,ჩაჩუა,მარინე ჩაჩუა,,,adg_2021_candidates_unified.xlsx
local_2021,__main__,council_smd,free_georgia,"„თავისუფალი საქართველო (ზაზა ხატიაშვილი, კახა კუკავა, გრიგოლ ჯოჯუა)”",,2,მცხეთა,,37,ზურაბ,ბეიტრიშვილი,ზურაბ ბეიტრიშვილი,,,adg_2021_candidates_unified.xlsx
local_2021,__main__,council_smd,free_georgia,"„თავისუფალი საქართველო (ზაზა ხატიაშვილი, კახა კუკავა, გრიგოლ ჯოჯუა)”",,1,მცხეთა,,37,გიორგი,ხაჩიძე,გიორგი ხაჩიძე,,,adg_2021_candidates_unified.xlsx
local_2021,__main__,council_smd,free_georgia,"„თავისუფალი საქართველო (ზაზა ხატიაშვილი, კახა კუკავა, გრიგოლ ჯოჯუა)”",,5,მცხეთა,,37,ზაალ,ჭელიძე,ზაალ ჭელიძე,,,adg_2021_candidates_unified.xlsx
local_2021,__main__,council_smd,gd,ქართული ოცნება - დემოკრატიული საქართველო,,2,მცხეთა,,41,გიორგი,კვახაძე,გიორგი კვახაძე,,,adg_2021_candidates_unified.xlsx
local_2021,__main__,council_smd,gd,ქართული ოცნება - დემოკრატიული საქართველო,,1,მცხეთა,,41,გიორგი,ელოშვილი,გიორგი ელოშვილი,,,adg_2021_candidates_unified.xlsx
local_2021,__main__,council_smd,gd,ქართული ოცნება - დემოკრატიული საქართველო,,3,მცხეთა,,41,თემირ,ლელუაშვილი,თემირ ლელუაშვილი,,,adg_2021_candidates_unified.xlsx
local_2021,__main__,council_smd,gd,ქართული ოცნება - დემოკრატიული საქართველო,,5,მცხეთა,,41,გიორგი,კუპრაშვილი,გიორგი კუპრაშვილი,,,adg_2021_candidates_unified.xlsx
local_2021,__main__,council_smd,gd,ქართული ოცნება - დემოკრატიული საქართველო,,8,მცხეთა,,41,ჯონდო,მუზაშვილი,ჯონდო მუზაშვილი,,,adg_2021_candidates_unified.xlsx
local_2021,__main__,council_smd,gd,ქართული ოცნება - დემოკრატიული საქართველო,,7,მცხეთა,,41,გელა,ბაქრაძე,გელა ბაქრაძე,,,adg_2021_candidates_unified.xlsx
local_2021,__main__,council_smd,gd,ქართული ოცნება - დემოკრატიული საქართველო,,6,მცხეთა,,41,თევდორე,კახუაშვილი,თევდორე კახუაშვილი,,,adg_2021_candidates_unified.xlsx
local_2021,__main__,council_smd,gd,ქართული ოცნება - დემოკრატიული საქართველო,,4,მცხეთა,,41,გიორგი,ჯიქია,გიორგი ჯიქია,,,adg_2021_candidates_unified.xlsx
local_2021,__main__,council_smd,gd,ქართული ოცნება - დემოკრატიული საქართველო,,9,მცხეთა,,41,ჯონი,ბაშარული,ჯონი ბაშარული,,,adg_2021_candidates_unified.xlsx
local_2021,__main__,council_smd,,საინიციატივო ჯგუფი,,3,მცხეთა,,51,მერაბ,მერაბიშვილი,მერაბ მერაბიშვილი,,,adg_2021_candidates_unified.xlsx
local_2021,__main__,council_smd,european_georgia,„ევროპული საქართველო-მოძრაობა თავისუფლებისთვის”,,6,დუშეთი,,2,ზაზა,ბაიაშვილი,ზაზა ბაიაშვილი,,,adg_2021_candidates_unified.xlsx
local_2021,__main__,council_smd,european_georgia,„ევროპული საქართველო-მოძრაობა თავისუფლებისთვის”,,4,დუშეთი,,2,კახა,დაიაური,კახა დაიაური,,,adg_2021_candidates_unified.xlsx
local_2021,__main__,council_smd,european_georgia,„ევროპული საქართველო-მოძრაობა თავისუფლებისთვის”,,9,დუშეთი,,2,მერაბ,ნადიბაიძე,მერაბ ნადიბაიძე,,,adg_2021_candidates_unified.xlsx
local_2021,__main__,council_smd,european_georgia,„ევროპული საქართველო-მოძრაობა თავისუფლებისთვის”,,11,დუშეთი,,2,ნინო,ძაგანიშვილი,ნინო ძაგანიშვილი,,,adg_2021_candidates_unified.xlsx
local_2021,__main__,council_smd,european_georgia,„ევროპული საქართველო-მოძრაობა თავისუფლებისთვის”,,8,დუშეთი,,2,ტარიელ,ვეშაგური,ტარიელ ვეშაგური,,,adg_2021_candidates_unified.xlsx
local_2021,__main__,council_smd,european_georgia,„ევროპული საქართველო-მოძრაობა თავისუფლებისთვის”,,1,დუშეთი,,2,მერი,ფოლოდაშვილი,მერი ფოლოდაშვილი,,,adg_2021_candidates_unified.xlsx
local_2021,__main__,council_smd,european_georgia,„ევროპული საქართველო-მოძრაობა თავისუფლებისთვის”,,3,დუშეთი,,2,ივანე,თეთრუაშვილი,ივანე თეთრუაშვილი,,,adg_2021_candidates_unified.xlsx
local_2021,__main__,council_smd,european_georgia,„ევროპული საქართველო-მოძრაობა თავისუფლებისთვის”,,7,დუშეთი,,2,შორენა,კბილცეცხლაშვილი,შორენა კბილცეცხლაშვილი,,,adg_2021_candidates_unified.xlsx
local_2021,__main__,council_smd,european_georgia,„ევროპული საქართველო-მოძრაობა თავისუფლებისთვის”,,10,დუშეთი,,2,ვახტანგ,ფოლოდაშვილი,ვახტანგ ფოლოდაშვილი,,,adg_2021_candidates_unified.xlsx
local_2021,__main__,council_smd,european_georgia,„ევროპული საქართველო-მოძრაობა თავისუფლებისთვის”,,2,დუშეთი,,2,გოგიტა,ყარმაზანაშვილი,გოგიტა ყარმაზანაშვილი,,,adg_2021_candidates_unified.xlsx
local_2021,__main__,council_smd,unm,„ერთიანი ნაციონალური მოძრაობა”,,5,დუშეთი,,5,ვახტანგი,ხარხელაური,ვახტანგი ხარხელაური,,,adg_2021_candidates_unified.xlsx
local_2021,__main__,council_smd,unm,„ერთიანი ნაციონალური მოძრაობა”,,2,დუშეთი,,5,თამარი,ჯავახიშვილი,თამარი ჯავახიშვილი,,,adg_2021_candidates_unified.xlsx
local_2021,__main__,council_smd,unm,„ერთიანი ნაციონალური მოძრაობა”,,1,დუშეთი,,5,იოსებ,ბუჩაშვილი,იოსებ ბუჩაშვილი,,,adg_2021_candidates_unified.xlsx
local_2021,__main__,council_smd,unm,„ერთიანი ნაციონალური მოძრაობა”,,6,დუშეთი,,5,გიორგი,ბედოშვილი,გიორგი ბედოშვილი,,,adg_2021_candidates_unified.xlsx
local_2021,__main__,council_smd,unm,„ერთიანი ნაციონალური მოძრაობა”,,9,დუშეთი,,5,ვაჟა,წოწკოლაური,ვაჟა წოწკოლაური,,,adg_2021_candidates_unified.xlsx
local_2021,__main__,council_smd,unm,„ერთიანი ნაციონალური მოძრაობა”,,8,დუშეთი,,5,ეკატერინე,ჯანიაშვილი,ეკატერინე ჯანიაშვილი,,,adg_2021_candidates_unified.xlsx
local_2021,__main__,council_smd,unm,„ერთიანი ნაციონალური მოძრაობა”,,7,დუშეთი,,5,ზურაბ,დინუაშვილი,ზურაბ დინუაშვილი,,,adg_2021_candidates_unified.xlsx
local_2021,__main__,council_smd,unm,„ერთიანი ნაციონალური მოძრაობა”,,10,დუშეთი,,5,ნუგზარ,კაჭკაჭური,ნუგზარ კაჭკაჭური,,,adg_2021_candidates_unified.xlsx
local_2021,__main__,council_smd,unm,„ერთიანი ნაციონალური მოძრაობა”,,11,დუშეთი,,5,ვაჟა,ხეოშვილი,ვაჟა ხეოშვილი,,,adg_2021_candidates_unified.xlsx
local_2021,__main__,council_smd,lelo,„ლელო”,,11,დუშეთი,,9,ბესიკ,მარტიაშვილი,ბესიკ მარტიაშვილი,,,adg_2021_candidates_unified.xlsx
local_2021,__main__,council_smd,lelo,„ლელო”,,10,დუშეთი,,9,ავთანდილ,არაბული,ავთანდილ არაბული,,,adg_2021_candidates_unified.xlsx
local_2021,__main__,council_smd,lelo,„ლელო”,,1,დუშეთი,,9,ლია,როინიშვილი,ლია როინიშვილი,,,adg_2021_candidates_unified.xlsx
local_2021,__main__,council_smd,labour,„შალვა ნათელაშვილი-საქართველოს ლეიბორისტული პარტია”,,1,დუშეთი,,10,მარიამ,ჭყონია,მარიამ ჭყონია,,,adg_2021_candidates_unified.xlsx
local_2021,__main__,council_smd,labour,„შალვა ნათელაშვილი-საქართველოს ლეიბორისტული პარტია”,,5,დუშეთი,,10,ლამზირა,დიდებაშვილი,ლამზირა დიდებაშვილი,,,adg_2021_candidates_unified.xlsx
local_2021,__main__,council_smd,european_socialists,„ევროპელი სოციალისტები”,,10,დუშეთი,,19,ირმა,ჯანგირაშვილი,ირმა ჯანგირაშვილი,,,adg_2021_candidates_unified.xlsx
local_2021,__main__,council_smd,gakharia,გახარია - საქართველოსთვის,,10,დუშეთი,,25,ჯუმბერ,ჯავახიშვილი,ჯუმბერ ჯავახიშვილი,,,adg_2021_candidates_unified.xlsx
local_2021,__main__,council_smd,gakharia,გახარია - საქართველოსთვის,,8,დუშეთი,,25,შოთა,წიკლაური,შოთა წიკლაური,,,adg_2021_candidates_unified.xlsx
local_2021,__main__,council_smd,gakharia,გახარია - საქართველოსთვის,,9,დუშეთი,,25,სოფიკო,გურასპაული,სოფიკო გურასპაული,,,adg_2021_candidates_unified.xlsx
local_2021,__main__,council_smd,gakharia,გახარია - საქართველოსთვის,,1,დუშეთი,,25,გიორგი,მეზვრიშვილი,გიორგი მეზვრიშვილი,,,adg_2021_candidates_unified.xlsx
local_2021,__main__,council_smd,gakharia,გახარია - საქართველოსთვის,,2,დუშეთი,,25,თეიმურაზ,ჩაჩანიძე,თეიმურაზ ჩაჩანიძე,,,adg_2021_candidates_unified.xlsx
local_2021,__main__,council_smd,gakharia,გახარია - საქართველოსთვის,,3,დუშეთი,,25,თამთა,კედელაშვილი,თამთა კედელაშვილი,,,adg_2021_candidates_unified.xlsx
local_2021,__main__,council_smd,gakharia,გახარია - საქართველოსთვის,,5,დუშეთი,,25,ირმა,ღოღობერიძე,ირმა ღოღობერიძე,,,adg_2021_candidates_unified.xlsx
local_2021,__main__,council_smd,gakharia,გახარია - საქართველოსთვის,,6,დუშეთი,,25,მანანა,ჯუხარაშვილი,მანანა ჯუხარაშვილი,,,adg_2021_candidates_unified.xlsx
local_2021,__main__,council_smd,gakharia,გახარია - საქართველოსთვის,,7,დუშეთი,,25,ვაჟა,კენტელაძე,ვაჟა კენტელაძე,,,adg_2021_candidates_unified.xlsx
local_2021,__main__,council_smd,gakharia,გახარია - საქართველოსთვის,,11,დუშეთი,,25,ნუგზარ,ქავთარაძე,ნუგზარ ქავთარაძე,,,adg_2021_candidates_unified.xlsx
local_2021,__main__,council_smd,nation_party,ერი - მირიან მირიანაშვილი,,5,დუშეთი,,31,რამაზი,ებიტაშვილი,რამაზი ებიტაშვილი,,,adg_2021_candidates_unified.xlsx
local_2021,__main__,council_smd,nation_party,ერი - მირიან მირიანაშვილი,,9,დუშეთი,,31,ირაკლი,ბაიაშვილი,ირაკლი ბაიაშვილი,,,adg_2021_candidates_unified.xlsx
local_2021,__main__,council_smd,nation_party,ერი - მირიან მირიანაშვილი,,10,დუშეთი,,31,თეიმურაზ,ნაცვლიშვილი,თეიმურაზ ნაცვლიშვილი,,,adg_2021_candidates_unified.xlsx
local_2021,__main__,council_smd,nation_party,ერი - მირიან მირიანაშვილი,,1,დუშეთი,,31,გიორგი,გოზიტაშვილი,გიორგი გოზიტაშვილი,,,adg_2021_candidates_unified.xlsx
local_2021,__main__,council_smd,free_georgia,"„თავისუფალი საქართველო (ზაზა ხატიაშვილი, კახა კუკავა, გრიგოლ ჯოჯუა)”",,3,დუშეთი,,37,ნინა,აფციაური,ნინა აფციაური,,,adg_2021_candidates_unified.xlsx
local_2021,__main__,council_smd,gd,ქართული ოცნება - დემოკრატიული საქართველო,,11,დუშეთი,,41,ალექსანდრე,ბუჩუკური,ალექსანდრე ბუჩუკური,,,adg_2021_candidates_unified.xlsx
local_2021,__main__,council_smd,gd,ქართული ოცნება - დემოკრატიული საქართველო,,3,დუშეთი,,41,ვაჟა,მაჭავარიანი,ვაჟა მაჭავარიანი,,,adg_2021_candidates_unified.xlsx
local_2021,__main__,council_smd,gd,ქართული ოცნება - დემოკრატიული საქართველო,,4,დუშეთი,,41,ზურაბ,არაბული,ზურაბ არაბული,,,adg_2021_candidates_unified.xlsx
local_2021,__main__,council_smd,gd,ქართული ოცნება - დემოკრატიული საქართველო,,5,დუშეთი,,41,ნუკრი,უნდილაშვილი,ნუკრი უნდილაშვილი,,,adg_2021_candidates_unified.xlsx
local_2021,__main__,council_smd,gd,ქართული ოცნება - დემოკრატიული საქართველო,,6,დუშეთი,,41,ლევან,მწითური,ლევან მწითური,,,adg_2021_candidates_unified.xlsx
local_2021,__main__,council_smd,gd,ქართული ოცნება - დემოკრატიული საქართველო,,7,დუშეთი,,41,როინ,პეტრიაშვილი,როინ პეტრიაშვილი,,,adg_2021_candidates_unified.xlsx
local_2021,__main__,council_smd,gd,ქართული ოცნება - დემოკრატიული საქართველო,,8,დუშეთი,,41,გივი,ზურაბაშვილი,გივი ზურაბაშვილი,,,adg_2021_candidates_unified.xlsx
local_2021,__main__,council_smd,gd,ქართული ოცნება - დემოკრატიული საქართველო,,9,დუშეთი,,41,ხვიჩა,გოგოლაური,ხვიჩა გოგოლაური,,,adg_2021_candidates_unified.xlsx
local_2021,__main__,council_smd,gd,ქართული ოცნება - დემოკრატიული საქართველო,,10,დუშეთი,,41,ნანი,თეთრუაშვილი,ნანი თეთრუაშვილი,,,adg_2021_candidates_unified.xlsx
local_2021,__main__,council_smd,gd,ქართული ოცნება - დემოკრატიული საქართველო,,1,დუშეთი,,41,გიორგი,ინაშვილი,გიორგი ინაშვილი,,,adg_2021_candidates_unified.xlsx
local_2021,__main__,council_smd,gd,ქართული ოცნება - დემოკრატიული საქართველო,,2,დუშეთი,,41,ზაზა,უნდილაშვილი,ზაზა უნდილაშვილი,,,adg_2021_candidates_unified.xlsx
local_2021,__main__,council_smd,early_elections_coalition,„ვადამდელი არჩევნები - ერთიანი საქართველო - დემოკრატიული მოძრაობა”,,1,ყაზბეგი,,3,ბიძინა,სუჯაშვილი,ბიძინა სუჯაშვილი,,,adg_2021_candidates_unified.xlsx
local_2021,__main__,council_smd,early_elections_coalition,„ვადამდელი არჩევნები - ერთიანი საქართველო - დემოკრატიული მოძრაობა”,,2,ყაზბეგი,,3,ფიქრია,გრიგოლაძე,ფიქრია გრიგოლაძე,,,adg_2021_candidates_unified.xlsx
local_2021,__main__,council_smd,early_elections_coalition,„ვადამდელი არჩევნები - ერთიანი საქართველო - დემოკრატიული მოძრაობა”,,6,ყაზბეგი,,3,ვაჟა,გელაძე,ვაჟა გელაძე,,,adg_2021_candidates_unified.xlsx
local_2021,__main__,council_smd,unm,„ერთიანი ნაციონალური მოძრაობა”,,1,ყაზბეგი,,5,გენადი,კაზალიკაშვილი,გენადი კაზალიკაშვილი,,,adg_2021_candidates_unified.xlsx
local_2021,__main__,council_smd,unm,„ერთიანი ნაციონალური მოძრაობა”,,3,ყაზბეგი,,5,ნუგზარი,ჩქარეული,ნუგზარი ჩქარეული,,,adg_2021_candidates_unified.xlsx
local_2021,__main__,council_smd,lelo,„ლელო”,,2,ყაზბეგი,,9,გურამი,აქიაშვილი,გურამი აქიაშვილი,,,adg_2021_candidates_unified.xlsx
local_2021,__main__,council_smd,lelo,„ლელო”,,1,ყაზბეგი,,9,ზვიადი,ჩოფიკაშვილი,ზვიადი ჩოფიკაშვილი,,,adg_2021_candidates_unified.xlsx
local_2021,__main__,council_smd,gakharia,გახარია - საქართველოსთვის,,4,ყაზბეგი,,25,კახა,ოდიშვილი,კახა ოდიშვილი,,,adg_2021_candidates_unified.xlsx
local_2021,__main__,council_smd,gakharia,გახარია - საქართველოსთვის,,1,ყაზბეგი,,25,გიორგი,ფიცხელაური,გიორგი ფიცხელაური,,,adg_2021_candidates_unified.xlsx
local_2021,__main__,council_smd,mechiauri_united,„თამაზ მეჭიაური ერთიანი საქართველოსთვის”,,3,ყაზბეგი,,38,შალვა,ელოშვილი,შალვა ელოშვილი,,,adg_2021_candidates_unified.xlsx
local_2021,__main__,council_smd,mechiauri_united,„თამაზ მეჭიაური ერთიანი საქართველოსთვის”,,4,ყაზბეგი,,38,ვარდო,ქუქიშვილი,ვარდო ქუქიშვილი,,,adg_2021_candidates_unified.xlsx
local_2021,__main__,council_smd,mechiauri_united,„თამაზ მეჭიაური ერთიანი საქართველოსთვის”,,1,ყაზბეგი,,38,ზეზვა,სუჯაშვილი,ზეზვა სუჯაშვილი,,,adg_2021_candidates_unified.xlsx
local_2021,__main__,council_smd,mechiauri_united,„თამაზ მეჭიაური ერთიანი საქართველოსთვის”,,5,ყაზბეგი,,38,მიხეილ,წიკლაური,მიხეილ წიკლაური,,,adg_2021_candidates_unified.xlsx
local_2021,__main__,council_smd,gd,ქართული ოცნება - დემოკრატიული საქართველო,,1,ყაზბეგი,,41,დავითი,ქირიკაშვილი,დავითი ქირიკაშვილი,,,adg_2021_candidates_unified.xlsx
local_2021,__main__,council_smd,gd,ქართული ოცნება - დემოკრატიული საქართველო,,2,ყაზბეგი,,41,ბართლომე,პაპიაშვილი,ბართლომე პაპიაშვილი,,,adg_2021_candidates_unified.xlsx
local_2021,__main__,council_smd,gd,ქართული ოცნება - დემოკრატიული საქართველო,,3,ყაზბეგი,,41,პავლე,ავსაჯანიშვილი,პავლე ავსაჯანიშვილი,,,adg_2021_candidates_unified.xlsx
local_2021,__main__,council_smd,gd,ქართული ოცნება - დემოკრატიული საქართველო,,4,ყაზბეგი,,41,პაატა,ხულელიძე,პაატა ხულელიძე,,,adg_2021_candidates_unified.xlsx
local_2021,__main__,council_smd,gd,ქართული ოცნება - დემოკრატიული საქართველო,,5,ყაზბეგი,,41,კახა,ჩოფიკაშვილი,კახა ჩოფიკაშვილი,,,adg_2021_candidates_unified.xlsx
local_2021,__main__,council_smd,gd,ქართული ოცნება - დემოკრატიული საქართველო,,6,ყაზბეგი,,41,ელგუჯა,ღუდუშაური,ელგუჯა ღუდუშაური,,,adg_2021_candidates_unified.xlsx
local_2021,__main__,council_smd,,საინიციატივო ჯგუფი,,1,ყაზბეგი,,52,გოგი,ეფხოშვილი,გოგი ეფხოშვილი,,,adg_2021_candidates_unified.xlsx
local_2021,__main__,council_smd,third_force,„მესამე ძალა-სტრატეგია აღმაშენებელი”,,6,კასპი,,1,გვანცა,ცაბაძე,გვანცა ცაბაძე,,,adg_2021_candidates_unified.xlsx
local_2021,__main__,council_smd,european_georgia,„ევროპული საქართველო-მოძრაობა თავისუფლებისთვის”,,6,კასპი,,2,ლელაჩი,ზავრადაშვილი,ლელაჩი ზავრადაშვილი,,,adg_2021_candidates_unified.xlsx
local_2021,__main__,council_smd,european_georgia,„ევროპული საქართველო-მოძრაობა თავისუფლებისთვის”,,5,კასპი,,2,დათო,შატაიძე,დათო შატაიძე,,,adg_2021_candidates_unified.xlsx
local_2021,__main__,council_smd,european_georgia,„ევროპული საქართველო-მოძრაობა თავისუფლებისთვის”,,8,კასპი,,2,ნიკოლოზი,ქოთოლაშვილი,ნიკოლოზი ქოთოლაშვილი,,,adg_2021_candidates_unified.xlsx
local_2021,__main__,council_smd,european_georgia,„ევროპული საქართველო-მოძრაობა თავისუფლებისთვის”,,7,კასპი,,2,არჩილ,ბატკუაშვილი,არჩილ ბატკუაშვილი,,,adg_2021_candidates_unified.xlsx
local_2021,__main__,council_smd,european_georgia,„ევროპული საქართველო-მოძრაობა თავისუფლებისთვის”,,3,კასპი,,2,ვასილ,ბეგლარაშვილი,ვასილ ბეგლარაშვილი,,,adg_2021_candidates_unified.xlsx
local_2021,__main__,council_smd,european_georgia,„ევროპული საქართველო-მოძრაობა თავისუფლებისთვის”,,10,კასპი,,2,ლელა,დვალიშვილი,ლელა დვალიშვილი,,,adg_2021_candidates_unified.xlsx
local_2021,__main__,council_smd,european_georgia,„ევროპული საქართველო-მოძრაობა თავისუფლებისთვის”,,2,კასპი,,2,ვალერიან,მარქარაშვილი,ვალერიან მარქარაშვილი,,,adg_2021_candidates_unified.xlsx
local_2021,__main__,council_smd,european_georgia,„ევროპული საქართველო-მოძრაობა თავისუფლებისთვის”,,1,კასპი,,2,მერაბი,ავდიევი,მერაბი ავდიევი,,,adg_2021_candidates_unified.xlsx
local_2021,__main__,council_smd,unm,„ერთიანი ნაციონალური მოძრაობა”,,8,კასპი,,5,კახა,გახელაძე,კახა გახელაძე,,,adg_2021_candidates_unified.xlsx
local_2021,__main__,council_smd,unm,„ერთიანი ნაციონალური მოძრაობა”,,1,კასპი,,5,აკაკი,ბერიანიძე,აკაკი ბერიანიძე,,,adg_2021_candidates_unified.xlsx
local_2021,__main__,council_smd,unm,„ერთიანი ნაციონალური მოძრაობა”,,3,კასპი,,5,ალექსანდრე,შაქარაშვილი,ალექსანდრე შაქარაშვილი,,,adg_2021_candidates_unified.xlsx
local_2021,__main__,council_smd,unm,„ერთიანი ნაციონალური მოძრაობა”,,10,კასპი,,5,გივი,დვალიშვილი,გივი დვალიშვილი,,,adg_2021_candidates_unified.xlsx
local_2021,__main__,council_smd,unm,„ერთიანი ნაციონალური მოძრაობა”,,5,კასპი,,5,ვალერი,ბაკიძე,ვალერი ბაკიძე,,,adg_2021_candidates_unified.xlsx
local_2021,__main__,council_smd,unm,„ერთიანი ნაციონალური მოძრაობა”,,4,კასპი,,5,მარინე,ყურაშვილი,მარინე ყურაშვილი,,,adg_2021_candidates_unified.xlsx
local_2021,__main__,council_smd,unm,„ერთიანი ნაციონალური მოძრაობა”,,6,კასპი,,5,გიორგი,ხარატიშვილი,გიორგი ხარატიშვილი,,,adg_2021_candidates_unified.xlsx
local_2021,__main__,council_smd,unm,„ერთიანი ნაციონალური მოძრაობა”,,7,კასპი,,5,ციცინო,აბუაშვილი,ციცინო აბუაშვილი,,,adg_2021_candidates_unified.xlsx
local_2021,__main__,council_smd,unm,„ერთიანი ნაციონალური მოძრაობა”,,9,კასპი,,5,ზურაბ,შუკაკიძე,ზურაბ შუკაკიძე,,,adg_2021_candidates_unified.xlsx
local_2021,__main__,council_smd,unm,„ერთიანი ნაციონალური მოძრაობა” ჯაბრაილ,,2,კასპი,,5,ნორუზ,ოღლი,ნორუზ ოღლი,,,adg_2021_candidates_unified.xlsx
local_2021,__main__,council_smd,patriots,"„დავით თარხან-მოურავი, ირმა ინაშვილი - საქართველოს პატრიოტთა ალიანსი”",,8,კასპი,,8,მერაბ,ჭეხაშვილი,მერაბ ჭეხაშვილი,,,adg_2021_candidates_unified.xlsx
local_2021,__main__,council_smd,patriots,"„დავით თარხან-მოურავი, ირმა ინაშვილი - საქართველოს პატრიოტთა ალიანსი”",,6,კასპი,,8,ლაშა,ყაზარაშვილი,ლაშა ყაზარაშვილი,,,adg_2021_candidates_unified.xlsx
local_2021,__main__,council_smd,patriots,"„დავით თარხან-მოურავი, ირმა ინაშვილი - საქართველოს პატრიოტთა ალიანსი”",,9,კასპი,,8,ჯიმშერ,ჯავახი,ჯიმშერ ჯავახი,,,adg_2021_candidates_unified.xlsx
local_2021,__main__,council_smd,patriots,"„დავით თარხან-მოურავი, ირმა ინაშვილი - საქართველოს პატრიოტთა ალიანსი”",,5,კასპი,,8,თეიმურაზ,გაბოძე,თეიმურაზ გაბოძე,,,adg_2021_candidates_unified.xlsx
local_2021,__main__,council_smd,patriots,"„დავით თარხან-მოურავი, ირმა ინაშვილი - საქართველოს პატრიოტთა ალიანსი”",,1,კასპი,,8,იოსები,ხვთისიაშვილი,იოსები ხვთისიაშვილი,,,adg_2021_candidates_unified.xlsx
local_2021,__main__,council_smd,patriots,"„დავით თარხან-მოურავი, ირმა ინაშვილი - საქართველოს პატრიოტთა ალიანსი”",,7,კასპი,,8,მამუკა,მილაძე,მამუკა მილაძე,,,adg_2021_candidates_unified.xlsx
local_2021,__main__,council_smd,patriots,"„დავით თარხან-მოურავი, ირმა ინაშვილი - საქართველოს პატრიოტთა ალიანსი”",,4,კასპი,,8,ვახტანგ,ხათაშვილი,ვახტანგ ხათაშვილი,,,adg_2021_candidates_unified.xlsx
local_2021,__main__,council_smd,lelo,„ლელო”,,6,კასპი,,9,ლუკა,ზავრადაშვილი,ლუკა ზავრადაშვილი,,,adg_2021_candidates_unified.xlsx
local_2021,__main__,council_smd,lelo,„ლელო”,,1,კასპი,,9,სოფიო,დიდებელი,სოფიო დიდებელი,,,adg_2021_candidates_unified.xlsx
local_2021,__main__,council_smd,lelo,„ლელო”,,2,კასპი,,9,შალვა,მესროფაშვილი,შალვა მესროფაშვილი,,,adg_2021_candidates_unified.xlsx
local_2021,__main__,council_smd,labour,„შალვა ნათელაშვილი-საქართველოს ლეიბორისტული პარტია”,,7,კასპი,,10,ოთარ,ქოსაშვილი,ოთარ ქოსაშვილი,,,adg_2021_candidates_unified.xlsx
local_2021,__main__,council_smd,gakharia,გახარია - საქართველოსთვის,,2,კასპი,,25,გიორგი,კელაპტრიშვილი,გიორგი კელაპტრიშვილი,,,adg_2021_candidates_unified.xlsx
local_2021,__main__,council_smd,gakharia,გახარია - საქართველოსთვის,,1,კასპი,,25,თორნიკე,ქობულაშვილი,თორნიკე ქობულაშვილი,,,adg_2021_candidates_unified.xlsx
local_2021,__main__,council_smd,gakharia,გახარია - საქართველოსთვის,,3,კასპი,,25,პაატა,დემეტრაშვილი,პაატა დემეტრაშვილი,,,adg_2021_candidates_unified.xlsx
local_2021,__main__,council_smd,gakharia,გახარია - საქართველოსთვის,,4,კასპი,,25,ლევანი,ქვრივიშვილი,ლევანი ქვრივიშვილი,,,adg_2021_candidates_unified.xlsx
local_2021,__main__,council_smd,gakharia,გახარია - საქართველოსთვის,,5,კასპი,,25,თათია,ბროლაძე,თათია ბროლაძე,,,adg_2021_candidates_unified.xlsx
local_2021,__main__,council_smd,gakharia,გახარია - საქართველოსთვის,,6,კასპი,,25,თეიმურაზ,ხიზანაშვილი,თეიმურაზ ხიზანაშვილი,,,adg_2021_candidates_unified.xlsx
local_2021,__main__,council_smd,gakharia,გახარია - საქართველოსთვის,,7,კასპი,,25,მიხეილი,მარიდაშვილი,მიხეილი მარიდაშვილი,,,adg_2021_candidates_unified.xlsx
local_2021,__main__,council_smd,gakharia,გახარია - საქართველოსთვის,,8,კასპი,,25,ხათუნა,რიჟამაძე,ხათუნა რიჟამაძე,,,adg_2021_candidates_unified.xlsx
local_2021,__main__,council_smd,tribuna,დავით ჭიჭინაძე - ტრიბუნა,,8,კასპი,,35,გელა,ქარუმიძე,გელა ქარუმიძე,,,adg_2021_candidates_unified.xlsx
local_2021,__main__,council_smd,girchi,„გირჩი”,,3,კასპი,,36,ვლადიმერ,გიგოლაშვილი,ვლადიმერ გიგოლაშვილი,,,adg_2021_candidates_unified.xlsx
local_2021,__main__,council_smd,free_georgia,"„თავისუფალი საქართველო (ზაზა ხატიაშვილი, კახა კუკავა, გრიგოლ ჯოჯუა)”",,2,კასპი,,37,ირაკლი,მილაძე,ირაკლი მილაძე,,,adg_2021_candidates_unified.xlsx
local_2021,__main__,council_smd,free_georgia,"„თავისუფალი საქართველო (ზაზა ხატიაშვილი, კახა კუკავა, გრიგოლ ჯოჯუა)”",,6,კასპი,,37,ნელი,მამასახლისი,ნელი მამასახლისი,,,adg_2021_candidates_unified.xlsx
local_2021,__main__,council_smd,free_georgia,"„თავისუფალი საქართველო (ზაზა ხატიაშვილი, კახა კუკავა, გრიგოლ ჯოჯუა)”",,7,კასპი,,37,თეონა,ნაბახტეველი,თეონა ნაბახტეველი,,,adg_2021_candidates_unified.xlsx
local_2021,__main__,council_smd,free_georgia,"„თავისუფალი საქართველო (ზაზა ხატიაშვილი, კახა კუკავა, გრიგოლ ჯოჯუა)”",,8,კასპი,,37,ვახტანგი,პაპუაშვილი,ვახტანგი პაპუაშვილი,,,adg_2021_candidates_unified.xlsx
local_2021,__main__,council_smd,free_georgia,"„თავისუფალი საქართველო (ზაზა ხატიაშვილი, კახა კუკავა, გრიგოლ ჯოჯუა)”",,5,კასპი,,37,გენადი,გაბოძე,გენადი გაბოძე,,,adg_2021_candidates_unified.xlsx
local_2021,__main__,council_smd,gd,ქართული ოცნება - დემოკრატიული საქართველო,,6,კასპი,,41,მაია,კაციაშვილი,მაია კაციაშვილი,,,adg_2021_candidates_unified.xlsx
local_2021,__main__,council_smd,gd,ქართული ოცნება - დემოკრატიული საქართველო,,7,კასპი,,41,თამაზ,ტატანაშვილი,თამაზ ტატანაშვილი,,,adg_2021_candidates_unified.xlsx
local_2021,__main__,council_smd,gd,ქართული ოცნება - დემოკრატიული საქართველო,,8,კასპი,,41,ნუკრი,მიდელაშვილი,ნუკრი მიდელაშვილი,,,adg_2021_candidates_unified.xlsx
local_2021,__main__,council_smd,gd,ქართული ოცნება - დემოკრატიული საქართველო,,10,კასპი,,41,ქიტესა,ხოდელი,ქიტესა ხოდელი,,,adg_2021_candidates_unified.xlsx
local_2021,__main__,council_smd,gd,ქართული ოცნება - დემოკრატიული საქართველო,,1,კასპი,,41,ლევან,გახელაძე,ლევან გახელაძე,,,adg_2021_candidates_unified.xlsx
local_2021,__main__,council_smd,gd,ქართული ოცნება - დემოკრატიული საქართველო,,2,კასპი,,41,ბეგი,თათრიშვილი,ბეგი თათრიშვილი,,,adg_2021_candidates_unified.xlsx
local_2021,__main__,council_smd,gd,ქართული ოცნება - დემოკრატიული საქართველო,,4,კასპი,,41,გიორგი,მჭედლიშვილი,გიორგი მჭედლიშვილი,,,adg_2021_candidates_unified.xlsx
local_2021,__main__,council_smd,gd,ქართული ოცნება - დემოკრატიული საქართველო,,5,კასპი,,41,ბადრი,ჯანიაშვილი,ბადრი ჯანიაშვილი,,,adg_2021_candidates_unified.xlsx
local_2021,__main__,council_smd,gd,ქართული ოცნება - დემოკრატიული საქართველო,,3,კასპი,,41,შოთა,ბეგლარაშვილი,შოთა ბეგლარაშვილი,,,adg_2021_candidates_unified.xlsx
local_2021,__main__,council_smd,gd,ქართული ოცნება - დემოკრატიული საქართველო,,9,კასპი,,41,ალვერ,შუკაკიძე,ალვერ შუკაკიძე,,,adg_2021_candidates_unified.xlsx
local_2021,__main__,council_smd,european_georgia,„ევროპული საქართველო-მოძრაობა თავისუფლებისთვის”,,5,გორი,,2,გია,გოგიაშვილი,გია გოგიაშვილი,,,adg_2021_candidates_unified.xlsx
local_2021,__main__,council_smd,european_georgia,„ევროპული საქართველო-მოძრაობა თავისუფლებისთვის”,,12,გორი,,2,დავით,გვილია,დავით გვილია,,,adg_2021_candidates_unified.xlsx
local_2021,__main__,council_smd,european_georgia,„ევროპული საქართველო-მოძრაობა თავისუფლებისთვის”,,9,გორი,,2,ვიქტორ,ქარქიშვილი,ვიქტორ ქარქიშვილი,,,adg_2021_candidates_unified.xlsx
local_2021,__main__,council_smd,european_georgia,„ევროპული საქართველო-მოძრაობა თავისუფლებისთვის”,,4,გორი,,2,თამარ,მარწყვიშვილი,თამარ მარწყვიშვილი,,,adg_2021_candidates_unified.xlsx
local_2021,__main__,council_smd,european_georgia,„ევროპული საქართველო-მოძრაობა თავისუფლებისთვის”,,11,გორი,,2,თორნიკე,მარუშაშვილი,თორნიკე მარუშაშვილი,,,adg_2021_candidates_unified.xlsx
local_2021,__main__,council_smd,european_georgia,„ევროპული საქართველო-მოძრაობა თავისუფლებისთვის”,,10,გორი,,2,ზურაბ,წკრიალაშვილი,ზურაბ წკრიალაშვილი,,,adg_2021_candidates_unified.xlsx
local_2021,__main__,council_smd,european_georgia,„ევროპული საქართველო-მოძრაობა თავისუფლებისთვის”,,1,გორი,,2,ზურაბ,ღვინიაშვილი,ზურაბ ღვინიაშვილი,,,adg_2021_candidates_unified.xlsx
local_2021,__main__,council_smd,european_georgia,„ევროპული საქართველო-მოძრაობა თავისუფლებისთვის”,,2,გორი,,2,ნინო,მიროტაძე,ნინო მიროტაძე,,,adg_2021_candidates_unified.xlsx
local_2021,__main__,council_smd,european_georgia,„ევროპული საქართველო-მოძრაობა თავისუფლებისთვის”,,6,გორი,,2,ელზა,იმერლიშვილი,ელზა იმერლიშვილი,,,adg_2021_candidates_unified.xlsx
local_2021,__main__,council_smd,european_georgia,„ევროპული საქართველო-მოძრაობა თავისუფლებისთვის”,,3,გორი,,2,ნუნუ,გოგიაშვილი,ნუნუ გოგიაშვილი,,,adg_2021_candidates_unified.xlsx
local_2021,__main__,council_smd,european_georgia,„ევროპული საქართველო-მოძრაობა თავისუფლებისთვის”,,8,გორი,,2,თინათინ,პავლიაშვილი,თინათინ პავლიაშვილი,,,adg_2021_candidates_unified.xlsx
local_2021,__main__,council_smd,early_elections_coalition,„ვადამდელი არჩევნები - ერთიანი საქართველო - დემოკრატიული მოძრაობა”,,4,გორი,,3,ივანე,მაჭარაშვილი,ივანე მაჭარაშვილი,,,adg_2021_candidates_unified.xlsx
local_2021,__main__,council_smd,unm,„ერთიანი ნაციონალური მოძრაობა”,,1,გორი,,5,კახა,ლობჟანიძე,კახა ლობჟანიძე,,,adg_2021_candidates_unified.xlsx
local_2021,__main__,council_smd,unm,„ერთიანი ნაციონალური მოძრაობა”,,2,გორი,,5,შალვა,სრესელი,შალვა სრესელი,,,adg_2021_candidates_unified.xlsx
local_2021,__main__,council_smd,unm,„ერთიანი ნაციონალური მოძრაობა”,,3,გორი,,5,ანი,ბალიაშვილი,ანი ბალიაშვილი,,,adg_2021_candidates_unified.xlsx
local_2021,__main__,council_smd,unm,„ერთიანი ნაციონალური მოძრაობა”,,4,გორი,,5,ბექა,ქორჩილავა,ბექა ქორჩილავა,,,adg_2021_candidates_unified.xlsx
local_2021,__main__,council_smd,unm,„ერთიანი ნაციონალური მოძრაობა”,,5,გორი,,5,ილია,ეცადაშვილი,ილია ეცადაშვილი,,,adg_2021_candidates_unified.xlsx
local_2021,__main__,council_smd,unm,„ერთიანი ნაციონალური მოძრაობა”,,6,გორი,,5,გივი,გინტური,გივი გინტური,,,adg_2021_candidates_unified.xlsx
local_2021,__main__,council_smd,unm,„ერთიანი ნაციონალური მოძრაობა”,,7,გორი,,5,ვახტანგ,აზალაძე,ვახტანგ აზალაძე,,,adg_2021_candidates_unified.xlsx
local_2021,__main__,council_smd,unm,„ერთიანი ნაციონალური მოძრაობა”,,8,გორი,,5,ლევან,ბიძინაშვილი,ლევან ბიძინაშვილი,,,adg_2021_candidates_unified.xlsx
local_2021,__main__,council_smd,unm,„ერთიანი ნაციონალური მოძრაობა”,,9,გორი,,5,ნანა,ლოთიშვილი,ნანა ლოთიშვილი,,,adg_2021_candidates_unified.xlsx
local_2021,__main__,council_smd,unm,„ერთიანი ნაციონალური მოძრაობა”,,10,გორი,,5,გიორგი,მახნიაშვილი,გიორგი მახნიაშვილი,,,adg_2021_candidates_unified.xlsx
local_2021,__main__,council_smd,unm,„ერთიანი ნაციონალური მოძრაობა”,,11,გორი,,5,უჩა,მარკოზაშვილი,უჩა მარკოზაშვილი,,,adg_2021_candidates_unified.xlsx
local_2021,__main__,council_smd,unm,„ერთიანი ნაციონალური მოძრაობა”,,12,გორი,,5,ნაზი,დიდებელი,ნაზი დიდებელი,,,adg_2021_candidates_unified.xlsx
local_2021,__main__,council_smd,patriots,"„დავით თარხან-მოურავი, ირმა ინაშვილი - საქართველოს პატრიოტთა ალიანსი”",,7,გორი,,8,ლიანა,პაპიაშვილი,ლიანა პაპიაშვილი,,,adg_2021_candidates_unified.xlsx
local_2021,__main__,council_smd,patriots,"„დავით თარხან-მოურავი, ირმა ინაშვილი - საქართველოს პატრიოტთა ალიანსი”",,9,გორი,,8,ვლადიმერ,წერეთელი,ვლადიმერ წერეთელი,,,adg_2021_candidates_unified.xlsx
local_2021,__main__,council_smd,patriots,"„დავით თარხან-მოურავი, ირმა ინაშვილი - საქართველოს პატრიოტთა ალიანსი”",,3,გორი,,8,ინა,ლომაური,ინა ლომაური,,,adg_2021_candidates_unified.xlsx
local_2021,__main__,council_smd,patriots,"„დავით თარხან-მოურავი, ირმა ინაშვილი - საქართველოს პატრიოტთა ალიანსი”",,10,გორი,,8,ალექსი,მიქელაშვილი,ალექსი მიქელაშვილი,,,adg_2021_candidates_unified.xlsx
local_2021,__main__,council_smd,patriots,"„დავით თარხან-მოურავი, ირმა ინაშვილი - საქართველოს პატრიოტთა ალიანსი”",,12,გორი,,8,ალექსანდრე,გულიკაშვილი,ალექსანდრე გულიკაშვილი,,,adg_2021_candidates_unified.xlsx
local_2021,__main__,council_smd,patriots,"„დავით თარხან-მოურავი, ირმა ინაშვილი - საქართველოს პატრიოტთა ალიანსი”",,5,გორი,,8,ლუკა,ფურცელაძე,ლუკა ფურცელაძე,,,adg_2021_candidates_unified.xlsx
local_2021,__main__,council_smd,patriots,"„დავით თარხან-მოურავი, ირმა ინაშვილი - საქართველოს პატრიოტთა ალიანსი”",,11,გორი,,8,გიორგი,სეიფაშვილი,გიორგი სეიფაშვილი,,,adg_2021_candidates_unified.xlsx
local_2021,__main__,council_smd,patriots,"„დავით თარხან-მოურავი, ირმა ინაშვილი - საქართველოს პატრიოტთა ალიანსი”",,4,გორი,,8,დავით,რაჯაბაშვილი,დავით რაჯაბაშვილი,,,adg_2021_candidates_unified.xlsx
local_2021,__main__,council_smd,patriots,"„დავით თარხან-მოურავი, ირმა ინაშვილი - საქართველოს პატრიოტთა ალიანსი”",,1,გორი,,8,ლეილა,ჯალაბაძე,ლეილა ჯალაბაძე,,,adg_2021_candidates_unified.xlsx
local_2021,__main__,council_smd,patriots,"„დავით თარხან-მოურავი, ირმა ინაშვილი - საქართველოს პატრიოტთა ალიანსი”",,2,გორი,,8,ზურაბ,დადიანიძე,ზურაბ დადიანიძე,,,adg_2021_candidates_unified.xlsx
local_2021,__main__,council_smd,patriots,"„დავით თარხან-მოურავი, ირმა ინაშვილი - საქართველოს პატრიოტთა ალიანსი”",,8,გორი,,8,ტრისტანი,ბუჟღულაშვილი,ტრისტანი ბუჟღულაშვილი,,,adg_2021_candidates_unified.xlsx
local_2021,__main__,council_smd,lelo,„ლელო”,,12,გორი,,9,ილია,ძამაშვილი,ილია ძამაშვილი,,,adg_2021_candidates_unified.xlsx
local_2021,__main__,council_smd,lelo,„ლელო”,,4,გორი,,9,ვეფხია,კასრაძე,ვეფხია კასრაძე,,,adg_2021_candidates_unified.xlsx
local_2021,__main__,council_smd,lelo,„ლელო”,,2,გორი,,9,პაპუნა,კობერიძე,პაპუნა კობერიძე,,,adg_2021_candidates_unified.xlsx
local_2021,__main__,council_smd,lelo,„ლელო”,,8,გორი,,9,ზაქარია,ვატიტაძე,ზაქარია ვატიტაძე,,,adg_2021_candidates_unified.xlsx
local_2021,__main__,council_smd,lelo,„ლელო”,,5,გორი,,9,ალექსი,სუხიტაშვილი,ალექსი სუხიტაშვილი,,,adg_2021_candidates_unified.xlsx
local_2021,__main__,council_smd,gakharia,გახარია - საქართველოსთვის,,1,გორი,,25,მარიამ,ახვლედიანი,მარიამ ახვლედიანი,,,adg_2021_candidates_unified.xlsx
local_2021,__main__,council_smd,gakharia,გახარია - საქართველოსთვის,,2,გორი,,25,გიორგი,პაპიტაშვილი,გიორგი პაპიტაშვილი,,,adg_2021_candidates_unified.xlsx
local_2021,__main__,council_smd,gakharia,გახარია - საქართველოსთვის,,3,გორი,,25,გიორგი,როსტომაშვილი,გიორგი როსტომაშვილი,,,adg_2021_candidates_unified.xlsx
local_2021,__main__,council_smd,gakharia,გახარია - საქართველოსთვის,,4,გორი,,25,ვალერი,ღოღაძე,ვალერი ღოღაძე,,,adg_2021_candidates_unified.xlsx
local_2021,__main__,council_smd,gakharia,გახარია - საქართველოსთვის,,5,გორი,,25,ჰამლეტ,პეტუაშვილი,ჰამლეტ პეტუაშვილი,,,adg_2021_candidates_unified.xlsx
local_2021,__main__,council_smd,gakharia,გახარია - საქართველოსთვის,,7,გორი,,25,მალხაზ,ლაფაჩი,მალხაზ ლაფაჩი,,,adg_2021_candidates_unified.xlsx
local_2021,__main__,council_smd,gakharia,გახარია - საქართველოსთვის,,8,გორი,,25,ნუკრი,ჯალაბაძე,ნუკრი ჯალაბაძე,,,adg_2021_candidates_unified.xlsx
local_2021,__main__,council_smd,gakharia,გახარია - საქართველოსთვის,,6,გორი,,25,ევგენი,ბასილაშვილი,ევგენი ბასილაშვილი,,,adg_2021_candidates_unified.xlsx
local_2021,__main__,council_smd,gakharia,გახარია - საქართველოსთვის,,9,გორი,,25,შმაგი,ხუბულური,შმაგი ხუბულური,,,adg_2021_candidates_unified.xlsx
local_2021,__main__,council_smd,gakharia,გახარია - საქართველოსთვის,,10,გორი,,25,გურამ,გლურჯიძე,გურამ გლურჯიძე,,,adg_2021_candidates_unified.xlsx
local_2021,__main__,council_smd,gakharia,გახარია - საქართველოსთვის,,11,გორი,,25,ილია,თოდაძე,ილია თოდაძე,,,adg_2021_candidates_unified.xlsx
local_2021,__main__,council_smd,gakharia,გახარია - საქართველოსთვის,,12,გორი,,25,კონსტანტინე,ავლოხაშვილი,კონსტანტინე ავლოხაშვილი,,,adg_2021_candidates_unified.xlsx
local_2021,__main__,council_smd,free_georgia,"„თავისუფალი საქართველო (ზაზა ხატიაშვილი, კახა კუკავა, გრიგოლ ჯოჯუა)”",,3,გორი,,37,ნანა,აღორძინება,ნანა აღორძინება,,,adg_2021_candidates_unified.xlsx
local_2021,__main__,council_smd,gd,ქართული ოცნება - დემოკრატიული საქართველო,,5,გორი,,41,მამუკა,ბაზანდარაშვილი,მამუკა ბაზანდარაშვილი,,,adg_2021_candidates_unified.xlsx
local_2021,__main__,council_smd,gd,ქართული ოცნება - დემოკრატიული საქართველო,,4,გორი,,41,მერაბ,მელანაშვილი,მერაბ მელანაშვილი,,,adg_2021_candidates_unified.xlsx
local_2021,__main__,council_smd,gd,ქართული ოცნება - დემოკრატიული საქართველო,,3,გორი,,41,დავით,სარალიძე,დავით სარალიძე,,,adg_2021_candidates_unified.xlsx
local_2021,__main__,council_smd,gd,ქართული ოცნება - დემოკრატიული საქართველო,,8,გორი,,41,ჯაბა,იმერლიშვილი,ჯაბა იმერლიშვილი,,,adg_2021_candidates_unified.xlsx
local_2021,__main__,council_smd,gd,ქართული ოცნება - დემოკრატიული საქართველო,,9,გორი,,41,ბორისი,გოგიჩაიშვილი,ბორისი გოგიჩაიშვილი,,,adg_2021_candidates_unified.xlsx
local_2021,__main__,council_smd,gd,ქართული ოცნება - დემოკრატიული საქართველო,,11,გორი,,41,გიორგი,შიოშვილი,გიორგი შიოშვილი,,,adg_2021_candidates_unified.xlsx
local_2021,__main__,council_smd,gd,ქართული ოცნება - დემოკრატიული საქართველო,,10,გორი,,41,კობა,ბერიანიძე,კობა ბერიანიძე,,,adg_2021_candidates_unified.xlsx
local_2021,__main__,council_smd,gd,ქართული ოცნება - დემოკრატიული საქართველო,,12,გორი,,41,მანუჩარ,ლაფაჩი,მანუჩარ ლაფაჩი,,,adg_2021_candidates_unified.xlsx
local_2021,__main__,council_smd,gd,ქართული ოცნება - დემოკრატიული საქართველო,,2,გორი,,41,ბექა,ლობჟანიძე,ბექა ლობჟანიძე,,,adg_2021_candidates_unified.xlsx
local_2021,__main__,council_smd,gd,ქართული ოცნება - დემოკრატიული საქართველო,,1,გორი,,41,ზაზა,მათოშვილი,ზაზა მათოშვილი,,,adg_2021_candidates_unified.xlsx
local_2021,__main__,council_smd,gd,ქართული ოცნება - დემოკრატიული საქართველო,,6,გორი,,41,ასმათ,ტალახაძე,ასმათ ტალახაძე,,,adg_2021_candidates_unified.xlsx
local_2021,__main__,council_smd,gd,ქართული ოცნება - დემოკრატიული საქართველო,,7,გორი,,41,იოსებ,მუმლაძე,იოსებ მუმლაძე,,,adg_2021_candidates_unified.xlsx
local_2021,__main__,council_smd,third_force,„მესამე ძალა-სტრატეგია აღმაშენებელი”,,6,ქარელი,,1,ვახტანგ,გულიკაშვილი,ვახტანგ გულიკაშვილი,,,adg_2021_candidates_unified.xlsx
local_2021,__main__,council_smd,third_force,„მესამე ძალა-სტრატეგია აღმაშენებელი”,,7,ქარელი,,1,გელა,გელაშვილი,გელა გელაშვილი,,,adg_2021_candidates_unified.xlsx
local_2021,__main__,council_smd,third_force,„მესამე ძალა-სტრატეგია აღმაშენებელი”,,2,ქარელი,,1,ოლეგი,ბოლოთაშვილი,ოლეგი ბოლოთაშვილი,,,adg_2021_candidates_unified.xlsx
local_2021,__main__,council_smd,third_force,„მესამე ძალა-სტრატეგია აღმაშენებელი”,,4,ქარელი,,1,ვახტანგ,ბირთველიშვილი,ვახტანგ ბირთველიშვილი,,,adg_2021_candidates_unified.xlsx
local_2021,__main__,council_smd,third_force,„მესამე ძალა-სტრატეგია აღმაშენებელი”,,3,ქარელი,,1,ალექსი,სამნიაშვილი,ალექსი სამნიაშვილი,,,adg_2021_candidates_unified.xlsx
local_2021,__main__,council_smd,third_force,„მესამე ძალა-სტრატეგია აღმაშენებელი”,,1,ქარელი,,1,ნანა,ცერცვაძე,ნანა ცერცვაძე,,,adg_2021_candidates_unified.xlsx
local_2021,__main__,council_smd,third_force,„მესამე ძალა-სტრატეგია აღმაშენებელი”,,9,ქარელი,,1,გიორგი,კარაპეტოვი,გიორგი კარაპეტოვი,,,adg_2021_candidates_unified.xlsx
local_2021,__main__,council_smd,third_force,„მესამე ძალა-სტრატეგია აღმაშენებელი”,,8,ქარელი,,1,რაჟიკო,იანტბელიძე,რაჟიკო იანტბელიძე,,,adg_2021_candidates_unified.xlsx
local_2021,__main__,council_smd,third_force,„მესამე ძალა-სტრატეგია აღმაშენებელი”,,5,ქარელი,,1,გენად,გელაშვილი,გენად გელაშვილი,,,adg_2021_candidates_unified.xlsx
local_2021,__main__,council_smd,european_georgia,„ევროპული საქართველო-მოძრაობა თავისუფლებისთვის”,,8,ქარელი,,2,ირინე,ელბაქიძე,ირინე ელბაქიძე,,,adg_2021_candidates_unified.xlsx
local_2021,__main__,council_smd,european_georgia,„ევროპული საქართველო-მოძრაობა თავისუფლებისთვის”,,9,ქარელი,,2,გიორგი,ნონაშვილი,გიორგი ნონაშვილი,,,adg_2021_candidates_unified.xlsx
local_2021,__main__,council_smd,european_georgia,„ევროპული საქართველო-მოძრაობა თავისუფლებისთვის”,,4,ქარელი,,2,გოდერძი,ბეგალაშვილი,გოდერძი ბეგალაშვილი,,,adg_2021_candidates_unified.xlsx
local_2021,__main__,council_smd,european_georgia,„ევროპული საქართველო-მოძრაობა თავისუფლებისთვის”,,3,ქარელი,,2,მარლენ,ლომიტაშვილი,მარლენ ლომიტაშვილი,,,adg_2021_candidates_unified.xlsx
local_2021,__main__,council_smd,european_georgia,„ევროპული საქართველო-მოძრაობა თავისუფლებისთვის”,,1,ქარელი,,2,გიგა,თოდაძე,გიგა თოდაძე,,,adg_2021_candidates_unified.xlsx
local_2021,__main__,council_smd,european_georgia,„ევროპული საქართველო-მოძრაობა თავისუფლებისთვის”,,7,ქარელი,,2,ივანე,ინდუაშვილი,ივანე ინდუაშვილი,,,adg_2021_candidates_unified.xlsx
local_2021,__main__,council_smd,unm,„ერთიანი ნაციონალური მოძრაობა”,,9,ქარელი,,5,თეიმურაზი,მასურაშვილი,თეიმურაზი მასურაშვილი,,,adg_2021_candidates_unified.xlsx
local_2021,__main__,council_smd,unm,„ერთიანი ნაციონალური მოძრაობა”,,3,ქარელი,,5,მურთაზ,ცისკაძე,მურთაზ ცისკაძე,,,adg_2021_candidates_unified.xlsx
local_2021,__main__,council_smd,unm,„ერთიანი ნაციონალური მოძრაობა”,,1,ქარელი,,5,თემურ,ხოსრუაშვილი,თემურ ხოსრუაშვილი,,,adg_2021_candidates_unified.xlsx
local_2021,__main__,council_smd,unm,„ერთიანი ნაციონალური მოძრაობა”,,5,ქარელი,,5,თამარ,დიასამიძე,თამარ დიასამიძე,,,adg_2021_candidates_unified.xlsx
local_2021,__main__,council_smd,unm,„ერთიანი ნაციონალური მოძრაობა”,,2,ქარელი,,5,ესტატე,მაზმიშვილი,ესტატე მაზმიშვილი,,,adg_2021_candidates_unified.xlsx
local_2021,__main__,council_smd,unm,„ერთიანი ნაციონალური მოძრაობა”,,4,ქარელი,,5,ვეფხვია,ტიტვინიძე,ვეფხვია ტიტვინიძე,,,adg_2021_candidates_unified.xlsx
local_2021,__main__,council_smd,unm,„ერთიანი ნაციონალური მოძრაობა”,,8,ქარელი,,5,გოჩა,წვერიანაშვილი,გოჩა წვერიანაშვილი,,,adg_2021_candidates_unified.xlsx
local_2021,__main__,council_smd,unm,„ერთიანი ნაციონალური მოძრაობა”,,6,ქარელი,,5,გია,ჭიღლაძე,გია ჭიღლაძე,,,adg_2021_candidates_unified.xlsx
local_2021,__main__,council_smd,unm,„ერთიანი ნაციონალური მოძრაობა”,,7,ქარელი,,5,ალექსი,ჩხიკვაძე,ალექსი ჩხიკვაძე,,,adg_2021_candidates_unified.xlsx
local_2021,__main__,council_smd,patriots,"„დავით თარხან-მოურავი, ირმა ინაშვილი - საქართველოს პატრიოტთა ალიანსი”",,7,ქარელი,,8,ილია,ხანიშვილი,ილია ხანიშვილი,,,adg_2021_candidates_unified.xlsx
local_2021,__main__,council_smd,patriots,"„დავით თარხან-მოურავი, ირმა ინაშვილი - საქართველოს პატრიოტთა ალიანსი”",,5,ქარელი,,8,მარინე,მარგველაშვილი,მარინე მარგველაშვილი,,,adg_2021_candidates_unified.xlsx
local_2021,__main__,council_smd,patriots,"„დავით თარხან-მოურავი, ირმა ინაშვილი - საქართველოს პატრიოტთა ალიანსი”",,3,ქარელი,,8,ზინა,ჯიოშვილი,ზინა ჯიოშვილი,,,adg_2021_candidates_unified.xlsx
local_2021,__main__,council_smd,patriots,"„დავით თარხან-მოურავი, ირმა ინაშვილი - საქართველოს პატრიოტთა ალიანსი”",,9,ქარელი,,8,ნოდარ,არხოშაშვილი,ნოდარ არხოშაშვილი,,,adg_2021_candidates_unified.xlsx
local_2021,__main__,council_smd,lelo,„ლელო”,,3,ქარელი,,9,გიორგი,გელაშვილი,გიორგი გელაშვილი,,,adg_2021_candidates_unified.xlsx
local_2021,__main__,council_smd,lelo,„ლელო”,,8,ქარელი,,9,ზურაბ,ლეკიშვილი,ზურაბ ლეკიშვილი,,,adg_2021_candidates_unified.xlsx
local_2021,__main__,council_smd,lelo,„ლელო”,,6,ქარელი,,9,მალხაზი,ხარაზიშვილი,მალხაზი ხარაზიშვილი,,,adg_2021_candidates_unified.xlsx
local_2021,__main__,council_smd,lelo,„ლელო”,,7,ქარელი,,9,როინი,ლომიძე,როინი ლომიძე,,,adg_2021_candidates_unified.xlsx
local_2021,__main__,council_smd,gakharia,გახარია - საქართველოსთვის,,1,ქარელი,,25,დიმიტრი,ყიფიანი,დიმიტრი ყიფიანი,,,adg_2021_candidates_unified.xlsx
local_2021,__main__,council_smd,gakharia,გახარია - საქართველოსთვის,,2,ქარელი,,25,ნათია,მაზმიშვილი,ნათია მაზმიშვილი,,,adg_2021_candidates_unified.xlsx
local_2021,__main__,council_smd,gakharia,გახარია - საქართველოსთვის,,3,ქარელი,,25,მერაბ,ობოლაძე,მერაბ ობოლაძე,,,adg_2021_candidates_unified.xlsx
local_2021,__main__,council_smd,gakharia,გახარია - საქართველოსთვის,,4,ქარელი,,25,ზურაბ,მღებრიშვილი,ზურაბ მღებრიშვილი,,,adg_2021_candidates_unified.xlsx
local_2021,__main__,council_smd,gakharia,გახარია - საქართველოსთვის,,5,ქარელი,,25,გიორგი,სვიანაძე,გიორგი სვიანაძე,,,adg_2021_candidates_unified.xlsx
local_2021,__main__,council_smd,gakharia,გახარია - საქართველოსთვის,,7,ქარელი,,25,გიორგი,მღებრიშვილი,გიორგი მღებრიშვილი,,,adg_2021_candidates_unified.xlsx
local_2021,__main__,council_smd,gakharia,გახარია - საქართველოსთვის,,8,ქარელი,,25,ვასილ,ბანკანაშვილი,ვასილ ბანკანაშვილი,,,adg_2021_candidates_unified.xlsx
local_2021,__main__,council_smd,gakharia,გახარია - საქართველოსთვის,,9,ქარელი,,25,არჩილ,ცხოვრებაშვილი,არჩილ ცხოვრებაშვილი,,,adg_2021_candidates_unified.xlsx
local_2021,__main__,council_smd,free_georgia,"„თავისუფალი საქართველო (ზაზა ხატიაშვილი, კახა კუკავა, გრიგოლ ჯოჯუა)”",,8,ქარელი,,37,დავით,ჭაბუკაშვილი,დავით ჭაბუკაშვილი,,,adg_2021_candidates_unified.xlsx
local_2021,__main__,council_smd,gd,ქართული ოცნება - დემოკრატიული საქართველო,,8,ქარელი,,41,მამუკა,კოკოზაშვილი,მამუკა კოკოზაშვილი,,,adg_2021_candidates_unified.xlsx
local_2021,__main__,council_smd,gd,ქართული ოცნება - დემოკრატიული საქართველო,,1,ქარელი,,41,ყარამან,როინაშვილი,ყარამან როინაშვილი,,,adg_2021_candidates_unified.xlsx
local_2021,__main__,council_smd,gd,ქართული ოცნება - დემოკრატიული საქართველო,,2,ქარელი,,41,მიხეილ,ხათაშვილი,მიხეილ ხათაშვილი,,,adg_2021_candidates_unified.xlsx
local_2021,__main__,council_smd,gd,ქართული ოცნება - დემოკრატიული საქართველო,,3,ქარელი,,41,გიორგი,გრიგალაშვილი,გიორგი გრიგალაშვილი,,,adg_2021_candidates_unified.xlsx
local_2021,__main__,council_smd,gd,ქართული ოცნება - დემოკრატიული საქართველო,,4,ქარელი,,41,კობა,ნახუცრიშვილი,კობა ნახუცრიშვილი,,,adg_2021_candidates_unified.xlsx
local_2021,__main__,council_smd,gd,ქართული ოცნება - დემოკრატიული საქართველო,,5,ქარელი,,41,ზაზა,დაბრუნდაშვილი,ზაზა დაბრუნდაშვილი,,,adg_2021_candidates_unified.xlsx
local_2021,__main__,council_smd,gd,ქართული ოცნება - დემოკრატიული საქართველო,,6,ქარელი,,41,ჯუმბერ,შუბითიძე,ჯუმბერ შუბითიძე,,,adg_2021_candidates_unified.xlsx
local_2021,__main__,council_smd,gd,ქართული ოცნება - დემოკრატიული საქართველო,,7,ქარელი,,41,გიგა,მამესწარაშვილი,გიგა მამესწარაშვილი,,,adg_2021_candidates_unified.xlsx
local_2021,__main__,council_smd,gd,ქართული ოცნება - დემოკრატიული საქართველო,,9,ქარელი,,41,გელა,ჭყოიძე,გელა ჭყოიძე,,,adg_2021_candidates_unified.xlsx
local_2021,__main__,council_smd,,საინიციატივო ჯგუფი,,1,ქარელი,,51,მამუკა,მარღიშვილი,მამუკა მარღიშვილი,,,adg_2021_candidates_unified.xlsx
local_2021,__main__,council_smd,third_force,„მესამე ძალა-სტრატეგია აღმაშენებელი”,,7,ხაშური,,1,ენგური,ნინიაშვილი,ენგური ნინიაშვილი,,,adg_2021_candidates_unified.xlsx
local_2021,__main__,council_smd,third_force,„მესამე ძალა-სტრატეგია აღმაშენებელი”,,8,ხაშური,,1,მაია,ღონღაძე,მაია ღონღაძე,,,adg_2021_candidates_unified.xlsx
local_2021,__main__,council_smd,third_force,„მესამე ძალა-სტრატეგია აღმაშენებელი”,,9,ხაშური,,1,ზურაბ,ლომსაძე,ზურაბ ლომსაძე,,,adg_2021_candidates_unified.xlsx
local_2021,__main__,council_smd,third_force,„მესამე ძალა-სტრატეგია აღმაშენებელი”,,2,ხაშური,,1,ირმა,ხორბალაძე,ირმა ხორბალაძე,,,adg_2021_candidates_unified.xlsx
local_2021,__main__,council_smd,european_georgia,„ევროპული საქართველო-მოძრაობა თავისუფლებისთვის”,,2,ხაშური,,2,ელზა,კიკაძე,ელზა კიკაძე,,,adg_2021_candidates_unified.xlsx
local_2021,__main__,council_smd,european_georgia,„ევროპული საქართველო-მოძრაობა თავისუფლებისთვის”,,9,ხაშური,,2,სიმონ,ლომიძე,სიმონ ლომიძე,,,adg_2021_candidates_unified.xlsx
local_2021,__main__,council_smd,european_georgia,„ევროპული საქართველო-მოძრაობა თავისუფლებისთვის”,,3,ხაშური,,2,შორენა,კიკაძე,შორენა კიკაძე,,,adg_2021_candidates_unified.xlsx
local_2021,__main__,council_smd,european_georgia,„ევროპული საქართველო-მოძრაობა თავისუფლებისთვის”,,8,ხაშური,,2,იური,კვინიკაძე,იური კვინიკაძე,,,adg_2021_candidates_unified.xlsx
local_2021,__main__,council_smd,european_georgia,„ევროპული საქართველო-მოძრაობა თავისუფლებისთვის”,,4,ხაშური,,2,თამაზ,გაგლოშვილი,თამაზ გაგლოშვილი,,,adg_2021_candidates_unified.xlsx
local_2021,__main__,council_smd,european_georgia,„ევროპული საქართველო-მოძრაობა თავისუფლებისთვის”,,6,ხაშური,,2,ნატო,კიკაძე,ნატო კიკაძე,,,adg_2021_candidates_unified.xlsx
local_2021,__main__,council_smd,european_georgia,„ევროპული საქართველო-მოძრაობა თავისუფლებისთვის”,,7,ხაშური,,2,თამაზ,ჩოჩიშვილი,თამაზ ჩოჩიშვილი,,,adg_2021_candidates_unified.xlsx
local_2021,__main__,council_smd,european_georgia,„ევროპული საქართველო-მოძრაობა თავისუფლებისთვის”,,5,ხაშური,,2,ნიკოლოზ,ლომიძე,ნიკოლოზ ლომიძე,,,adg_2021_candidates_unified.xlsx
local_2021,__main__,council_smd,unm,„ერთიანი ნაციონალური მოძრაობა”,,1,ხაშური,,5,ეკატერინე,პაპუაშვილი,ეკატერინე პაპუაშვილი,,,adg_2021_candidates_unified.xlsx
local_2021,__main__,council_smd,unm,„ერთიანი ნაციონალური მოძრაობა”,,2,ხაშური,,5,ლელა,ხარატიშვილი,ლელა ხარატიშვილი,,,adg_2021_candidates_unified.xlsx
local_2021,__main__,council_smd,unm,„ერთიანი ნაციონალური მოძრაობა”,,3,ხაშური,,5,გიორგი,ნოზაძე,გიორგი ნოზაძე,,,adg_2021_candidates_unified.xlsx
local_2021,__main__,council_smd,unm,„ერთიანი ნაციონალური მოძრაობა”,,4,ხაშური,,5,ვახტანგ,მურჯიკნელი,ვახტანგ მურჯიკნელი,,,adg_2021_candidates_unified.xlsx
local_2021,__main__,council_smd,unm,„ერთიანი ნაციონალური მოძრაობა”,,5,ხაშური,,5,ელენე,ნოზაძე,ელენე ნოზაძე,,,adg_2021_candidates_unified.xlsx
local_2021,__main__,council_smd,unm,„ერთიანი ნაციონალური მოძრაობა”,,6,ხაშური,,5,ნანი,მჭედლიშვილი,ნანი მჭედლიშვილი,,,adg_2021_candidates_unified.xlsx
local_2021,__main__,council_smd,unm,„ერთიანი ნაციონალური მოძრაობა”,,7,ხაშური,,5,თემურ,ვარდოშვილი,თემურ ვარდოშვილი,,,adg_2021_candidates_unified.xlsx
local_2021,__main__,council_smd,unm,„ერთიანი ნაციონალური მოძრაობა”,,8,ხაშური,,5,დავით,გარადინსკი,დავით გარადინსკი,,,adg_2021_candidates_unified.xlsx
local_2021,__main__,council_smd,unm,„ერთიანი ნაციონალური მოძრაობა”,,9,ხაშური,,5,ალექსანდრე,გოგალაძე,ალექსანდრე გოგალაძე,,,adg_2021_candidates_unified.xlsx
local_2021,__main__,council_smd,patriots,"„დავით თარხან-მოურავი, ირმა ინაშვილი - საქართველოს პატრიოტთა ალიანსი”",,3,ხაშური,,8,ირმა,ჭადაშვილი,ირმა ჭადაშვილი,,,adg_2021_candidates_unified.xlsx
local_2021,__main__,council_smd,patriots,"„დავით თარხან-მოურავი, ირმა ინაშვილი - საქართველოს პატრიოტთა ალიანსი”",,2,ხაშური,,8,ზურაბ,კიკნაძე,ზურაბ კიკნაძე,,,adg_2021_candidates_unified.xlsx
local_2021,__main__,council_smd,patriots,"„დავით თარხან-მოურავი, ირმა ინაშვილი - საქართველოს პატრიოტთა ალიანსი”",,6,ხაშური,,8,მურად,ბირკაძე,მურად ბირკაძე,,,adg_2021_candidates_unified.xlsx
local_2021,__main__,council_smd,patriots,"„დავით თარხან-მოურავი, ირმა ინაშვილი - საქართველოს პატრიოტთა ალიანსი”",,5,ხაშური,,8,გია,მაისურაძე,გია მაისურაძე,,,adg_2021_candidates_unified.xlsx
local_2021,__main__,council_smd,patriots,"„დავით თარხან-მოურავი, ირმა ინაშვილი - საქართველოს პატრიოტთა ალიანსი”",,9,ხაშური,,8,იური,გოგალაძე,იური გოგალაძე,,,adg_2021_candidates_unified.xlsx
local_2021,__main__,council_smd,patriots,"„დავით თარხან-მოურავი, ირმა ინაშვილი - საქართველოს პატრიოტთა ალიანსი”",,4,ხაშური,,8,ნუგზარ,თუმანიშვილი,ნუგზარ თუმანიშვილი,,,adg_2021_candidates_unified.xlsx
local_2021,__main__,council_smd,patriots,"„დავით თარხან-მოურავი, ირმა ინაშვილი - საქართველოს პატრიოტთა ალიანსი”",,1,ხაშური,,8,რევაზ,ბარბაქაძე,რევაზ ბარბაქაძე,,,adg_2021_candidates_unified.xlsx
local_2021,__main__,council_smd,lelo,„ლელო”,,8,ხაშური,,9,მზია,გრიგალაშვილი,მზია გრიგალაშვილი,,,adg_2021_candidates_unified.xlsx
local_2021,__main__,council_smd,lelo,„ლელო”,,7,ხაშური,,9,კობა,ნოზაძე,კობა ნოზაძე,,,adg_2021_candidates_unified.xlsx
local_2021,__main__,council_smd,lelo,„ლელო”,,9,ხაშური,,9,კობა,ხაჩიძე,კობა ხაჩიძე,,,adg_2021_candidates_unified.xlsx
local_2021,__main__,council_smd,gakharia,გახარია - საქართველოსთვის,,1,ხაშური,,25,ნოდარ,სახვაძე,ნოდარ სახვაძე,,,adg_2021_candidates_unified.xlsx
local_2021,__main__,council_smd,gakharia,გახარია - საქართველოსთვის,,8,ხაშური,,25,ირინე,გელაშვილი,ირინე გელაშვილი,,,adg_2021_candidates_unified.xlsx
local_2021,__main__,council_smd,gakharia,გახარია - საქართველოსთვის,,9,ხაშური,,25,მიხეილ,ტეფნაძე,მიხეილ ტეფნაძე,,,adg_2021_candidates_unified.xlsx
local_2021,__main__,council_smd,gakharia,გახარია - საქართველოსთვის,,5,ხაშური,,25,ჯონდო,კაპანაძე,ჯონდო კაპანაძე,,,adg_2021_candidates_unified.xlsx
local_2021,__main__,council_smd,gakharia,გახარია - საქართველოსთვის,,6,ხაშური,,25,კახაბერ,ლელუაშვილი,კახაბერ ლელუაშვილი,,,adg_2021_candidates_unified.xlsx
local_2021,__main__,council_smd,gakharia,გახარია - საქართველოსთვის,,3,ხაშური,,25,ალექსანდრე,კურტანიძე,ალექსანდრე კურტანიძე,,,adg_2021_candidates_unified.xlsx
local_2021,__main__,council_smd,gakharia,გახარია - საქართველოსთვის,,2,ხაშური,,25,ზაზა,ღონღაძე,ზაზა ღონღაძე,,,adg_2021_candidates_unified.xlsx
local_2021,__main__,council_smd,gakharia,გახარია - საქართველოსთვის,,4,ხაშური,,25,ნოვე,ტაბატაძე,ნოვე ტაბატაძე,,,adg_2021_candidates_unified.xlsx
local_2021,__main__,council_smd,gakharia,გახარია - საქართველოსთვის,,7,ხაშური,,25,ოთარ,შერაზადიშვილი,ოთარ შერაზადიშვილი,,,adg_2021_candidates_unified.xlsx
local_2021,__main__,council_smd,girchi,„გირჩი”,,7,ხაშური,,36,ილია,კაპანაძე,ილია კაპანაძე,,,adg_2021_candidates_unified.xlsx
local_2021,__main__,council_smd,free_georgia,"„თავისუფალი საქართველო (ზაზა ხატიაშვილი, კახა კუკავა, გრიგოლ ჯოჯუა)”",,8,ხაშური,,37,ხათუნა,გელაშვილი,ხათუნა გელაშვილი,,,adg_2021_candidates_unified.xlsx
local_2021,__main__,council_smd,gd,ქართული ოცნება - დემოკრატიული საქართველო,,1,ხაშური,,41,მერაბ,ცხოვრებაძე,მერაბ ცხოვრებაძე,,,adg_2021_candidates_unified.xlsx
local_2021,__main__,council_smd,gd,ქართული ოცნება - დემოკრატიული საქართველო,,5,ხაშური,,41,ზაზა,სხილაძე,ზაზა სხილაძე,,,adg_2021_candidates_unified.xlsx
local_2021,__main__,council_smd,gd,ქართული ოცნება - დემოკრატიული საქართველო,,3,ხაშური,,41,გოდერძი,არჯევანიძე,გოდერძი არჯევანიძე,,,adg_2021_candidates_unified.xlsx
local_2021,__main__,council_smd,gd,ქართული ოცნება - დემოკრატიული საქართველო,,2,ხაშური,,41,ალექსანდრე,სიმონიშვილი,ალექსანდრე სიმონიშვილი,,,adg_2021_candidates_unified.xlsx
local_2021,__main__,council_smd,gd,ქართული ოცნება - დემოკრატიული საქართველო,,4,ხაშური,,41,ლევან,გამრეკელი,ლევან გამრეკელი,,,adg_2021_candidates_unified.xlsx
local_2021,__main__,council_smd,gd,ქართული ოცნება - დემოკრატიული საქართველო,,6,ხაშური,,41,მუხრანი,ჩადუნელი,მუხრანი ჩადუნელი,,,adg_2021_candidates_unified.xlsx
local_2021,__main__,council_smd,gd,ქართული ოცნება - დემოკრატიული საქართველო,,8,ხაშური,,41,მაყვალა,მაისურაძე,მაყვალა მაისურაძე,,,adg_2021_candidates_unified.xlsx
local_2021,__main__,council_smd,gd,ქართული ოცნება - დემოკრატიული საქართველო,,7,ხაშური,,41,დავით,მეტრეველი,დავით მეტრეველი,,,adg_2021_candidates_unified.xlsx
local_2021,__main__,council_smd,gd,ქართული ოცნება - დემოკრატიული საქართველო,,9,ხაშური,,41,ნოდარ,ლომიძე,ნოდარ ლომიძე,,,adg_2021_candidates_unified.xlsx
local_2021,__main__,council_smd,,საინიციატივო ჯგუფი,,6,ხაშური,,52,აქვსენტი,გოგოლაძე,აქვსენტი გოგოლაძე,,,adg_2021_candidates_unified.xlsx
local_2021,__main__,council_smd,european_georgia,„ევროპული საქართველო-მოძრაობა თავისუფლებისთვის”,,10,ბორჯომი,,2,მამუკა,ფერაძე,მამუკა ფერაძე,,,adg_2021_candidates_unified.xlsx
local_2021,__main__,council_smd,european_georgia,„ევროპული საქართველო-მოძრაობა თავისუფლებისთვის”,,3,ბორჯომი,,2,ბაქარ,შირაძე,ბაქარ შირაძე,,,adg_2021_candidates_unified.xlsx
local_2021,__main__,council_smd,early_elections_coalition,„ვადამდელი არჩევნები - ერთიანი საქართველო - დემოკრატიული მოძრაობა”,,5,ბორჯომი,,3,მაია,ხრიკაძე,მაია ხრიკაძე,,,adg_2021_candidates_unified.xlsx
local_2021,__main__,council_smd,unm,„ერთიანი ნაციონალური მოძრაობა”,,1,ბორჯომი,,5,ლიანა,ხაჩიძე,ლიანა ხაჩიძე,,,adg_2021_candidates_unified.xlsx
local_2021,__main__,council_smd,unm,„ერთიანი ნაციონალური მოძრაობა”,,2,ბორჯომი,,5,გიორგი,გვირჯიშვილი,გიორგი გვირჯიშვილი,,,adg_2021_candidates_unified.xlsx
local_2021,__main__,council_smd,unm,„ერთიანი ნაციონალური მოძრაობა”,,4,ბორჯომი,,5,ამირანი,არუთინოვი,ამირანი არუთინოვი,,,adg_2021_candidates_unified.xlsx
local_2021,__main__,council_smd,unm,„ერთიანი ნაციონალური მოძრაობა”,,6,ბორჯომი,,5,გიორგი,გოგოლაძე,გიორგი გოგოლაძე,,,adg_2021_candidates_unified.xlsx
local_2021,__main__,council_smd,unm,„ერთიანი ნაციონალური მოძრაობა”,,7,ბორჯომი,,5,ბაკურ,გელაშვილი,ბაკურ გელაშვილი,,,adg_2021_candidates_unified.xlsx
local_2021,__main__,council_smd,unm,„ერთიანი ნაციონალური მოძრაობა”,,9,ბორჯომი,,5,ვახტანგ,ქვათაძე,ვახტანგ ქვათაძე,,,adg_2021_candidates_unified.xlsx
local_2021,__main__,council_smd,patriots,"„დავით თარხან-მოურავი, ირმა ინაშვილი - საქართველოს პატრიოტთა ალიანსი”",,1,ბორჯომი,,8,ტატიანა,მარტინენკო,ტატიანა მარტინენკო,,,adg_2021_candidates_unified.xlsx
local_2021,__main__,council_smd,patriots,"„დავით თარხან-მოურავი, ირმა ინაშვილი - საქართველოს პატრიოტთა ალიანსი”",,11,ბორჯომი,,8,გოჩა,ჩადუნელი,გოჩა ჩადუნელი,,,adg_2021_candidates_unified.xlsx
local_2021,__main__,council_smd,patriots,"„დავით თარხან-მოურავი, ირმა ინაშვილი - საქართველოს პატრიოტთა ალიანსი”",,2,ბორჯომი,,8,გურამ,მიქელაძე,გურამ მიქელაძე,,,adg_2021_candidates_unified.xlsx
local_2021,__main__,council_smd,patriots,"„დავით თარხან-მოურავი, ირმა ინაშვილი - საქართველოს პატრიოტთა ალიანსი”",,9,ბორჯომი,,8,ზაურ,გეგეშიძე,ზაურ გეგეშიძე,,,adg_2021_candidates_unified.xlsx
local_2021,__main__,council_smd,patriots,"„დავით თარხან-მოურავი, ირმა ინაშვილი - საქართველოს პატრიოტთა ალიანსი”",,4,ბორჯომი,,8,გრიგოლი,მოსესოვი,გრიგოლი მოსესოვი,,,adg_2021_candidates_unified.xlsx
local_2021,__main__,council_smd,patriots,"„დავით თარხან-მოურავი, ირმა ინაშვილი - საქართველოს პატრიოტთა ალიანსი”",,7,ბორჯომი,,8,მალხაზ,დევაძე,მალხაზ დევაძე,,,adg_2021_candidates_unified.xlsx
local_2021,__main__,council_smd,patriots,"„დავით თარხან-მოურავი, ირმა ინაშვილი - საქართველოს პატრიოტთა ალიანსი”",,8,ბორჯომი,,8,შაქრო,მურადიანი,შაქრო მურადიანი,,,adg_2021_candidates_unified.xlsx
local_2021,__main__,council_smd,patriots,"„დავით თარხან-მოურავი, ირმა ინაშვილი - საქართველოს პატრიოტთა ალიანსი”",,3,ბორჯომი,,8,ვლადიმერი,მოსესოვი,ვლადიმერი მოსესოვი,,,adg_2021_candidates_unified.xlsx
local_2021,__main__,council_smd,lelo,„ლელო”,,2,ბორჯომი,,9,ელდარ,გელაშვილი,ელდარ გელაშვილი,,,adg_2021_candidates_unified.xlsx
local_2021,__main__,council_smd,lelo,„ლელო”,,1,ბორჯომი,,9,იზოლდა,ლომიძე,იზოლდა ლომიძე,,,adg_2021_candidates_unified.xlsx
local_2021,__main__,council_smd,gd,ქართული ოცნება - დემოკრატიული საქართველო,,9,ბორჯომი,,41,მამუკა,ლურსმანაშვილი,მამუკა ლურსმანაშვილი,,,adg_2021_candidates_unified.xlsx
local_2021,__main__,council_smd,gd,ქართული ოცნება - დემოკრატიული საქართველო,,10,ბორჯომი,,41,ვიოლეტა,ბალახაშვილი,ვიოლეტა ბალახაშვილი,,,adg_2021_candidates_unified.xlsx
local_2021,__main__,council_smd,gd,ქართული ოცნება - დემოკრატიული საქართველო,,11,ბორჯომი,,41,ზურაბ,ბლიაძე,ზურაბ ბლიაძე,,,adg_2021_candidates_unified.xlsx
local_2021,__main__,council_smd,gd,ქართული ოცნება - დემოკრატიული საქართველო,,3,ბორჯომი,,41,დავით,თედიაშვილი,დავით თედიაშვილი,,,adg_2021_candidates_unified.xlsx
local_2021,__main__,council_smd,gd,ქართული ოცნება - დემოკრატიული საქართველო,,5,ბორჯომი,,41,კახაბერ,თედიაშვილი,კახაბერ თედიაშვილი,,,adg_2021_candidates_unified.xlsx
local_2021,__main__,council_smd,gd,ქართული ოცნება - დემოკრატიული საქართველო,,4,ბორჯომი,,41,ედუარდ,ამბარცუმიანი,ედუარდ ამბარცუმიანი,,,adg_2021_candidates_unified.xlsx
local_2021,__main__,council_smd,gd,ქართული ოცნება - დემოკრატიული საქართველო,,8,ბორჯომი,,41,ანდრუშ,ირიციან,ანდრუშ ირიციან,,,adg_2021_candidates_unified.xlsx
local_2021,__main__,council_smd,gd,ქართული ოცნება - დემოკრატიული საქართველო,,6,ბორჯომი,,41,ელიზავეტა,კუჭუხიძე,ელიზავეტა კუჭუხიძე,,,adg_2021_candidates_unified.xlsx
local_2021,__main__,council_smd,gd,ქართული ოცნება - დემოკრატიული საქართველო,,7,ბორჯომი,,41,ივანე,გელაშვილი,ივანე გელაშვილი,,,adg_2021_candidates_unified.xlsx
local_2021,__main__,council_smd,gd,ქართული ოცნება - დემოკრატიული საქართველო,,2,ბორჯომი,,41,ნიკოლოზ,კიკნაძე,ნიკოლოზ კიკნაძე,,,adg_2021_candidates_unified.xlsx
local_2021,__main__,council_smd,gd,ქართული ოცნება - დემოკრატიული საქართველო,,1,ბორჯომი,,41,მერაბ,იობაშვილი,მერაბ იობაშვილი,,,adg_2021_candidates_unified.xlsx
local_2021,__main__,council_smd,reformators,„რეფორმატორები”,,2,ბორჯომი,,49,ვალერი,გრიგალაშვილი,ვალერი გრიგალაშვილი,,,adg_2021_candidates_unified.xlsx
local_2021,__main__,council_smd,reformators,„რეფორმატორები”,,1,ბორჯომი,,49,გივი,გოგოლაძე,გივი გოგოლაძე,,,adg_2021_candidates_unified.xlsx
local_2021,__main__,council_smd,,საინიციატივო ჯგუფი,,3,ბორჯომი,,51,ოთარი,არბოლიშვილი,ოთარი არბოლიშვილი,,,adg_2021_candidates_unified.xlsx
local_2021,__main__,council_smd,third_force,„მესამე ძალა-სტრატეგია აღმაშენებელი”,,8,ახალციხე,,1,ანეტა,ძაძუა,ანეტა ძაძუა,,,adg_2021_candidates_unified.xlsx
local_2021,__main__,council_smd,third_force,„მესამე ძალა-სტრატეგია აღმაშენებელი”,,13,ახალციხე,,1,სოფიო,იჩუკაიძე,სოფიო იჩუკაიძე,,,adg_2021_candidates_unified.xlsx
local_2021,__main__,council_smd,third_force,„მესამე ძალა-სტრატეგია აღმაშენებელი”,,2,ახალციხე,,1,ვიქტორია,ვაზაგაშვილი,ვიქტორია ვაზაგაშვილი,,,adg_2021_candidates_unified.xlsx
local_2021,__main__,council_smd,third_force,„მესამე ძალა-სტრატეგია აღმაშენებელი”,,4,ახალციხე,,1,ნინო,მაჩაბელი,ნინო მაჩაბელი,,,adg_2021_candidates_unified.xlsx
local_2021,__main__,council_smd,third_force,„მესამე ძალა-სტრატეგია აღმაშენებელი”,,7,ახალციხე,,1,ნათია,ბაჯელიძე,ნათია ბაჯელიძე,,,adg_2021_candidates_unified.xlsx
local_2021,__main__,council_smd,third_force,„მესამე ძალა-სტრატეგია აღმაშენებელი”,,11,ახალციხე,,1,თეა,გულიაშვილი,თეა გულიაშვილი,,,adg_2021_candidates_unified.xlsx
local_2021,__main__,council_smd,third_force,„მესამე ძალა-სტრატეგია აღმაშენებელი”,,12,ახალციხე,,1,ეკატერინე,გულიაშვილი,ეკატერინე გულიაშვილი,,,adg_2021_candidates_unified.xlsx
local_2021,__main__,council_smd,third_force,„მესამე ძალა-სტრატეგია აღმაშენებელი”,,5,ახალციხე,,1,ვაჟა,კოსტანაშვილი,ვაჟა კოსტანაშვილი,,,adg_2021_candidates_unified.xlsx
local_2021,__main__,council_smd,third_force,„მესამე ძალა-სტრატეგია აღმაშენებელი”,,6,ახალციხე,,1,ნათია,ტაბლიაშვილი,ნათია ტაბლიაშვილი,,,adg_2021_candidates_unified.xlsx
local_2021,__main__,council_smd,third_force,„მესამე ძალა-სტრატეგია აღმაშენებელი”,,9,ახალციხე,,1,ეკატერინე,ჩოკოლაშვილი,ეკატერინე ჩოკოლაშვილი,,,adg_2021_candidates_unified.xlsx
local_2021,__main__,council_smd,third_force,„მესამე ძალა-სტრატეგია აღმაშენებელი”,,10,ახალციხე,,1,მარიამი,მამულაშვილი,მარიამი მამულაშვილი,,,adg_2021_candidates_unified.xlsx
local_2021,__main__,council_smd,european_georgia,„ევროპული საქართველო-მოძრაობა თავისუფლებისთვის”,,1,ახალციხე,,2,მარინე,სუდაძე,მარინე სუდაძე,,,adg_2021_candidates_unified.xlsx
local_2021,__main__,council_smd,european_georgia,„ევროპული საქართველო-მოძრაობა თავისუფლებისთვის”,,7,ახალციხე,,2,ბადრი,სამსონიძე,ბადრი სამსონიძე,,,adg_2021_candidates_unified.xlsx
local_2021,__main__,council_smd,european_georgia,„ევროპული საქართველო-მოძრაობა თავისუფლებისთვის”,,3,ახალციხე,,2,ალექსანდრე,ლომსაძე,ალექსანდრე ლომსაძე,,,adg_2021_candidates_unified.xlsx
local_2021,__main__,council_smd,european_georgia,„ევროპული საქართველო-მოძრაობა თავისუფლებისთვის”,,10,ახალციხე,,2,სირანუშ,კაზარიან,სირანუშ კაზარიან,,,adg_2021_candidates_unified.xlsx
local_2021,__main__,council_smd,european_georgia,„ევროპული საქართველო-მოძრაობა თავისუფლებისთვის”,,9,ახალციხე,,2,დავით,ჩილინგარიშვილი,დავით ჩილინგარიშვილი,,,adg_2021_candidates_unified.xlsx
local_2021,__main__,council_smd,european_georgia,„ევროპული საქართველო-მოძრაობა თავისუფლებისთვის”,,13,ახალციხე,,2,ტარიელ,ტაბატაძე,ტარიელ ტაბატაძე,,,adg_2021_candidates_unified.xlsx
local_2021,__main__,council_smd,european_georgia,„ევროპული საქართველო-მოძრაობა თავისუფლებისთვის”,,12,ახალციხე,,2,ირმა,გვირჯიშვილი,ირმა გვირჯიშვილი,,,adg_2021_candidates_unified.xlsx
local_2021,__main__,council_smd,european_georgia,„ევროპული საქართველო-მოძრაობა თავისუფლებისთვის”,,5,ახალციხე,,2,რომანი,გვირჯიშვილი,რომანი გვირჯიშვილი,,,adg_2021_candidates_unified.xlsx
local_2021,__main__,council_smd,european_georgia,„ევროპული საქართველო-მოძრაობა თავისუფლებისთვის”,,4,ახალციხე,,2,მანანა,ხითარიშვილი,მანანა ხითარიშვილი,,,adg_2021_candidates_unified.xlsx
local_2021,__main__,council_smd,unm,„ერთიანი ნაციონალური მოძრაობა”,,4,ახალციხე,,5,დავითი,ახალკაცი,დავითი ახალკაცი,,,adg_2021_candidates_unified.xlsx
local_2021,__main__,council_smd,unm,„ერთიანი ნაციონალური მოძრაობა”,,1,ახალციხე,,5,სამსონი,ბალიაშვილი,სამსონი ბალიაშვილი,,,adg_2021_candidates_unified.xlsx
local_2021,__main__,council_smd,unm,„ერთიანი ნაციონალური მოძრაობა”,,6,ახალციხე,,5,ნონა,ქოზაშვილი,ნონა ქოზაშვილი,,,adg_2021_candidates_unified.xlsx
local_2021,__main__,council_smd,unm,„ერთიანი ნაციონალური მოძრაობა”,,8,ახალციხე,,5,სოსო,შუბითიძე,სოსო შუბითიძე,,,adg_2021_candidates_unified.xlsx
local_2021,__main__,council_smd,unm,„ერთიანი ნაციონალური მოძრაობა”,,12,ახალციხე,,5,შალვა,ოქრომელიძე,შალვა ოქრომელიძე,,,adg_2021_candidates_unified.xlsx
local_2021,__main__,council_smd,unm,„ერთიანი ნაციონალური მოძრაობა”,,7,ახალციხე,,5,აკაკი,ზუმბაძე,აკაკი ზუმბაძე,,,adg_2021_candidates_unified.xlsx
local_2021,__main__,council_smd,unm,„ერთიანი ნაციონალური მოძრაობა”,,5,ახალციხე,,5,ლიანა,მარტინენკო,ლიანა მარტინენკო,,,adg_2021_candidates_unified.xlsx
local_2021,__main__,council_smd,unm,„ერთიანი ნაციონალური მოძრაობა”,,2,ახალციხე,,5,მალხაზი,ასპანიძე,მალხაზი ასპანიძე,,,adg_2021_candidates_unified.xlsx
local_2021,__main__,council_smd,unm,„ერთიანი ნაციონალური მოძრაობა”,,10,ახალციხე,,5,სარქის,კრტიან,სარქის კრტიან,,,adg_2021_candidates_unified.xlsx
local_2021,__main__,council_smd,unm,„ერთიანი ნაციონალური მოძრაობა”,,13,ახალციხე,,5,ბეგლარ,ტაბატაძე,ბეგლარ ტაბატაძე,,,adg_2021_candidates_unified.xlsx
local_2021,__main__,council_smd,unm,„ერთიანი ნაციონალური მოძრაობა”,,3,ახალციხე,,5,სამველ,გევორქიან,სამველ გევორქიან,,,adg_2021_candidates_unified.xlsx
local_2021,__main__,council_smd,unm,„ერთიანი ნაციონალური მოძრაობა”,,9,ახალციხე,,5,სტეფან,კანანიან,სტეფან კანანიან,,,adg_2021_candidates_unified.xlsx
local_2021,__main__,council_smd,unm,„ერთიანი ნაციონალური მოძრაობა”,,11,ახალციხე,,5,გოჩა,ინასარიძე,გოჩა ინასარიძე,,,adg_2021_candidates_unified.xlsx
local_2021,__main__,council_smd,patriots,"„დავით თარხან-მოურავი, ირმა ინაშვილი - საქართველოს პატრიოტთა ალიანსი”",,8,ახალციხე,,8,შალვა,შერგელაშვილი,შალვა შერგელაშვილი,,,adg_2021_candidates_unified.xlsx
local_2021,__main__,council_smd,patriots,"„დავით თარხან-მოურავი, ირმა ინაშვილი - საქართველოს პატრიოტთა ალიანსი”",,13,ახალციხე,,8,ხატია,მელიქიძე,ხატია მელიქიძე,,,adg_2021_candidates_unified.xlsx
local_2021,__main__,council_smd,patriots,"„დავით თარხან-მოურავი, ირმა ინაშვილი - საქართველოს პატრიოტთა ალიანსი”",,9,ახალციხე,,8,ჰამლეტი,სახვაძე,ჰამლეტი სახვაძე,,,adg_2021_candidates_unified.xlsx
local_2021,__main__,council_smd,patriots,"„დავით თარხან-მოურავი, ირმა ინაშვილი - საქართველოს პატრიოტთა ალიანსი”",,4,ახალციხე,,8,ნანა,სუდაძე,ნანა სუდაძე,,,adg_2021_candidates_unified.xlsx
local_2021,__main__,council_smd,patriots,"„დავით თარხან-მოურავი, ირმა ინაშვილი - საქართველოს პატრიოტთა ალიანსი”",,6,ახალციხე,,8,კახაბერ,გაგლოევი,კახაბერ გაგლოევი,,,adg_2021_candidates_unified.xlsx
local_2021,__main__,council_smd,patriots,"„დავით თარხან-მოურავი, ირმა ინაშვილი - საქართველოს პატრიოტთა ალიანსი”",,2,ახალციხე,,8,ეკატერინე,კაკალაძე,ეკატერინე კაკალაძე,,,adg_2021_candidates_unified.xlsx
local_2021,__main__,council_smd,lelo,„ლელო”,,4,ახალციხე,,9,ნიკოლოზ,ხიზაძე,ნიკოლოზ ხიზაძე,,,adg_2021_candidates_unified.xlsx
local_2021,__main__,council_smd,lelo,„ლელო”,,5,ახალციხე,,9,ნანა,მახათაძე,ნანა მახათაძე,,,adg_2021_candidates_unified.xlsx
local_2021,__main__,council_smd,lelo,„ლელო”,,6,ახალციხე,,9,მანუჩარ,გოგოლაური,მანუჩარ გოგოლაური,,,adg_2021_candidates_unified.xlsx
local_2021,__main__,council_smd,labour,„შალვა ნათელაშვილი-საქართველოს ლეიბორისტული პარტია”,,2,ახალციხე,,10,გიორგი,ჭელიძე,გიორგი ჭელიძე,,,adg_2021_candidates_unified.xlsx
local_2021,__main__,council_smd,free_georgia,"„თავისუფალი საქართველო (ზაზა ხატიაშვილი, კახა კუკავა, გრიგოლ ჯოჯუა)”",,12,ახალციხე,,37,მერაბი,ქურდაძე,მერაბი ქურდაძე,,,adg_2021_candidates_unified.xlsx
local_2021,__main__,council_smd,gd,ქართული ოცნება - დემოკრატიული საქართველო,,6,ახალციხე,,41,სიმონ,გელაშვილი,სიმონ გელაშვილი,,,adg_2021_candidates_unified.xlsx
local_2021,__main__,council_smd,gd,ქართული ოცნება - დემოკრატიული საქართველო,,7,ახალციხე,,41,ვლადიმერი,კურტანიძე,ვლადიმერი კურტანიძე,,,adg_2021_candidates_unified.xlsx
local_2021,__main__,council_smd,gd,ქართული ოცნება - დემოკრატიული საქართველო,,5,ახალციხე,,41,ზურაბი,ბარძიმაძე,ზურაბი ბარძიმაძე,,,adg_2021_candidates_unified.xlsx
local_2021,__main__,council_smd,gd,ქართული ოცნება - დემოკრატიული საქართველო,,1,ახალციხე,,41,დავით,სამსონიძე,დავით სამსონიძე,,,adg_2021_candidates_unified.xlsx
local_2021,__main__,council_smd,gd,ქართული ოცნება - დემოკრატიული საქართველო,,11,ახალციხე,,41,ზაალი,ბერიძე,ზაალი ბერიძე,,,adg_2021_candidates_unified.xlsx
local_2021,__main__,council_smd,gd,ქართული ოცნება - დემოკრატიული საქართველო,,12,ახალციხე,,41,ილია,კაპანაძე,ილია კაპანაძე,,,adg_2021_candidates_unified.xlsx
local_2021,__main__,council_smd,gd,ქართული ოცნება - დემოკრატიული საქართველო,,8,ახალციხე,,41,იოსები,კაპანაძე,იოსები კაპანაძე,,,adg_2021_candidates_unified.xlsx
local_2021,__main__,council_smd,gd,ქართული ოცნება - დემოკრატიული საქართველო,,9,ახალციხე,,41,არუთუნ,აგაბაბიან,არუთუნ აგაბაბიან,,,adg_2021_candidates_unified.xlsx
local_2021,__main__,council_smd,gd,ქართული ოცნება - დემოკრატიული საქართველო,,10,ახალციხე,,41,პეტროს,ვართანიან,პეტროს ვართანიან,,,adg_2021_candidates_unified.xlsx
local_2021,__main__,council_smd,gd,ქართული ოცნება - დემოკრატიული საქართველო,,13,ახალციხე,,41,გიორგი,ინასარიძე,გიორგი ინასარიძე,,,adg_2021_candidates_unified.xlsx
local_2021,__main__,council_smd,gd,ქართული ოცნება - დემოკრატიული საქართველო,,4,ახალციხე,,41,მერი,ხაბეიშვილი,მერი ხაბეიშვილი,,,adg_2021_candidates_unified.xlsx
local_2021,__main__,council_smd,gd,ქართული ოცნება - დემოკრატიული საქართველო,,3,ახალციხე,,41,ამბარცუმ,ბაბოიან,ამბარცუმ ბაბოიან,,,adg_2021_candidates_unified.xlsx
local_2021,__main__,council_smd,gd,ქართული ოცნება - დემოკრატიული საქართველო,,2,ახალციხე,,41,გელა,ჭალიძე,გელა ჭალიძე,,,adg_2021_candidates_unified.xlsx
local_2021,__main__,council_smd,unm,„ერთიანი ნაციონალური მოძრაობა”,,9,ადიგენი,,5,გენადი,იაკობაძე,გენადი იაკობაძე,,,adg_2021_candidates_unified.xlsx
local_2021,__main__,council_smd,unm,„ერთიანი ნაციონალური მოძრაობა”,,10,ადიგენი,,5,დათო,მარკოიძე,დათო მარკოიძე,,,adg_2021_candidates_unified.xlsx
local_2021,__main__,council_smd,unm,„ერთიანი ნაციონალური მოძრაობა”,,3,ადიგენი,,5,ზურაბი,დემეტრაძე,ზურაბი დემეტრაძე,,,adg_2021_candidates_unified.xlsx
local_2021,__main__,council_smd,unm,„ერთიანი ნაციონალური მოძრაობა”,,11,ადიგენი,,5,ჯემალი,ბერიძე,ჯემალი ბერიძე,,,adg_2021_candidates_unified.xlsx
local_2021,__main__,council_smd,unm,„ერთიანი ნაციონალური მოძრაობა”,,2,ადიგენი,,5,მალხაზ,კონსტანტინოვი,მალხაზ კონსტანტინოვი,,,adg_2021_candidates_unified.xlsx
local_2021,__main__,council_smd,unm,„ერთიანი ნაციონალური მოძრაობა”,,8,ადიგენი,,5,შალვა,ხარაიშვილი,შალვა ხარაიშვილი,,,adg_2021_candidates_unified.xlsx
local_2021,__main__,council_smd,unm,„ერთიანი ნაციონალური მოძრაობა”,,4,ადიგენი,,5,კობა,ენდელაძე,კობა ენდელაძე,,,adg_2021_candidates_unified.xlsx
local_2021,__main__,council_smd,unm,„ერთიანი ნაციონალური მოძრაობა”,,7,ადიგენი,,5,გოჩა,ხარაიშვილი,გოჩა ხარაიშვილი,,,adg_2021_candidates_unified.xlsx
local_2021,__main__,council_smd,unm,„ერთიანი ნაციონალური მოძრაობა”,,1,ადიგენი,,5,პავლე,ჩილაშვილი,პავლე ჩილაშვილი,,,adg_2021_candidates_unified.xlsx
local_2021,__main__,council_smd,unm,„ერთიანი ნაციონალური მოძრაობა”,,6,ადიგენი,,5,თენგიზ,ქომოშვილი,თენგიზ ქომოშვილი,,,adg_2021_candidates_unified.xlsx
local_2021,__main__,council_smd,unm,„ერთიანი ნაციონალური მოძრაობა”,,5,ადიგენი,,5,გივი,აღლემაშვილი,გივი აღლემაშვილი,,,adg_2021_candidates_unified.xlsx
local_2021,__main__,council_smd,lelo,„ლელო”,,10,ადიგენი,,9,ვაჟა,შავაძე,ვაჟა შავაძე,,,adg_2021_candidates_unified.xlsx
local_2021,__main__,council_smd,gakharia,გახარია - საქართველოსთვის,,1,ადიგენი,,25,გოდერძი,კუბლაშვილი,გოდერძი კუბლაშვილი,,,adg_2021_candidates_unified.xlsx
local_2021,__main__,council_smd,gd,ქართული ოცნება - დემოკრატიული საქართველო,,1,ადიგენი,,41,ნუგზარ,ქაშიბაძე,ნუგზარ ქაშიბაძე,,,adg_2021_candidates_unified.xlsx
local_2021,__main__,council_smd,gd,ქართული ოცნება - დემოკრატიული საქართველო,,2,ადიგენი,,41,გენადი,ბოლქვაძე,გენადი ბოლქვაძე,,,adg_2021_candidates_unified.xlsx
local_2021,__main__,council_smd,gd,ქართული ოცნება - დემოკრატიული საქართველო,,3,ადიგენი,,41,ელდარი,კბილაშვილი,ელდარი კბილაშვილი,,,adg_2021_candidates_unified.xlsx
local_2021,__main__,council_smd,gd,ქართული ოცნება - დემოკრატიული საქართველო,,4,ადიგენი,,41,იმედა,მღებრიშვილი,იმედა მღებრიშვილი,,,adg_2021_candidates_unified.xlsx
local_2021,__main__,council_smd,gd,ქართული ოცნება - დემოკრატიული საქართველო,,5,ადიგენი,,41,გაბრიელ,ბალახაშვილი,გაბრიელ ბალახაშვილი,,,adg_2021_candidates_unified.xlsx
local_2021,__main__,council_smd,gd,ქართული ოცნება - დემოკრატიული საქართველო,,7,ადიგენი,,41,გოჩა,ჩიტორელიძე,გოჩა ჩიტორელიძე,,,adg_2021_candidates_unified.xlsx
local_2021,__main__,council_smd,gd,ქართული ოცნება - დემოკრატიული საქართველო,,8,ადიგენი,,41,გიორგი,ქიმაძე,გიორგი ქიმაძე,,,adg_2021_candidates_unified.xlsx
local_2021,__main__,council_smd,gd,ქართული ოცნება - დემოკრატიული საქართველო,,6,ადიგენი,,41,ზურაბ,ფეიქრიშვილი,ზურაბ ფეიქრიშვილი,,,adg_2021_candidates_unified.xlsx
local_2021,__main__,council_smd,gd,ქართული ოცნება - დემოკრატიული საქართველო,,10,ადიგენი,,41,თეიმურაზ,მიქელაძე,თეიმურაზ მიქელაძე,,,adg_2021_candidates_unified.xlsx
local_2021,__main__,council_smd,gd,ქართული ოცნება - დემოკრატიული საქართველო,,9,ადიგენი,,41,ჯაბა,ხოზრევანიძე,ჯაბა ხოზრევანიძე,,,adg_2021_candidates_unified.xlsx
local_2021,__main__,council_smd,gd,ქართული ოცნება - დემოკრატიული საქართველო,,11,ადიგენი,,41,ბადრი,ვაშაყმაძე,ბადრი ვაშაყმაძე,,,adg_2021_candidates_unified.xlsx
local_2021,__main__,council_smd,,საინიციატივო ჯგუფი,,10,ადიგენი,,51,ნუგზარი,მგელაძე,ნუგზარი მგელაძე,,,adg_2021_candidates_unified.xlsx
local_2021,__main__,council_smd,,საინიციატივო ჯგუფი,,11,ადიგენი,,52,ბეჟან,მიქელაძე,ბეჟან მიქელაძე,,,adg_2021_candidates_unified.xlsx
local_2021,__main__,council_smd,third_force,„მესამე ძალა-სტრატეგია აღმაშენებელი”,,3,ასპინძა,,1,მანუჩარი,ზედგინიძე,მანუჩარი ზედგინიძე,,,adg_2021_candidates_unified.xlsx
local_2021,__main__,council_smd,european_georgia,„ევროპული საქართველო-მოძრაობა თავისუფლებისთვის”,,4,ასპინძა,,2,ვასილ,ხითარაშვილი,ვასილ ხითარაშვილი,,,adg_2021_candidates_unified.xlsx
local_2021,__main__,council_smd,european_georgia,„ევროპული საქართველო-მოძრაობა თავისუფლებისთვის”,,7,ასპინძა,,2,თეიმურაზ,გოგიშვილი,თეიმურაზ გოგიშვილი,,,adg_2021_candidates_unified.xlsx
local_2021,__main__,council_smd,european_georgia,„ევროპული საქართველო-მოძრაობა თავისუფლებისთვის”,,5,ასპინძა,,2,ბესიკ,მელიქიძე,ბესიკ მელიქიძე,,,adg_2021_candidates_unified.xlsx
local_2021,__main__,council_smd,unm,„ერთიანი ნაციონალური მოძრაობა”,,3,ასპინძა,,5,ირაკლი,ინასარიძე,ირაკლი ინასარიძე,,,adg_2021_candidates_unified.xlsx
local_2021,__main__,council_smd,unm,„ერთიანი ნაციონალური მოძრაობა”,,6,ასპინძა,,5,პავლე,ბერიძე,პავლე ბერიძე,,,adg_2021_candidates_unified.xlsx
local_2021,__main__,council_smd,unm,„ერთიანი ნაციონალური მოძრაობა”,,8,ასპინძა,,5,ემზარ,პაქსაძე,ემზარ პაქსაძე,,,adg_2021_candidates_unified.xlsx
local_2021,__main__,council_smd,unm,„ერთიანი ნაციონალური მოძრაობა”,,9,ასპინძა,,5,ქიშვარდი,ხოზრევანიძე,ქიშვარდი ხოზრევანიძე,,,adg_2021_candidates_unified.xlsx
local_2021,__main__,council_smd,unm,„ერთიანი ნაციონალური მოძრაობა”,,10,ასპინძა,,5,გურამი,ივანიძე,გურამი ივანიძე,,,adg_2021_candidates_unified.xlsx
local_2021,__main__,council_smd,unm,„ერთიანი ნაციონალური მოძრაობა”,,1,ასპინძა,,5,დავითი,გოგნაძე,დავითი გოგნაძე,,,adg_2021_candidates_unified.xlsx
local_2021,__main__,council_smd,free_georgia,"„თავისუფალი საქართველო (ზაზა ხატიაშვილი, კახა კუკავა, გრიგოლ ჯოჯუა)”",,7,ასპინძა,,37,გაგა,სახელაშვილი,გაგა სახელაშვილი,,,adg_2021_candidates_unified.xlsx
local_2021,__main__,council_smd,gd,ქართული ოცნება - დემოკრატიული საქართველო,,5,ასპინძა,,41,ზურაბ,მელიქიძე,ზურაბ მელიქიძე,,,adg_2021_candidates_unified.xlsx
local_2021,__main__,council_smd,gd,ქართული ოცნება - დემოკრატიული საქართველო,,8,ასპინძა,,41,ჯემალ,იაკობაძე,ჯემალ იაკობაძე,,,adg_2021_candidates_unified.xlsx
local_2021,__main__,council_smd,gd,ქართული ოცნება - დემოკრატიული საქართველო,,1,ასპინძა,,41,დავით,ფართლაძე,დავით ფართლაძე,,,adg_2021_candidates_unified.xlsx
local_2021,__main__,council_smd,gd,ქართული ოცნება - დემოკრატიული საქართველო,,2,ასპინძა,,41,ემინ,ბალოიან,ემინ ბალოიან,,,adg_2021_candidates_unified.xlsx
local_2021,__main__,council_smd,gd,ქართული ოცნება - დემოკრატიული საქართველო,,10,ასპინძა,,41,ივანე,ივანიძე,ივანე ივანიძე,,,adg_2021_candidates_unified.xlsx
local_2021,__main__,council_smd,gd,ქართული ოცნება - დემოკრატიული საქართველო,,9,ასპინძა,,41,ბესიკ,მაგრაქველიძე,ბესიკ მაგრაქველიძე,,,adg_2021_candidates_unified.xlsx
local_2021,__main__,council_smd,gd,ქართული ოცნება - დემოკრატიული საქართველო,,6,ასპინძა,,41,ოლეგ,ზაზაძე,ოლეგ ზაზაძე,,,adg_2021_candidates_unified.xlsx
local_2021,__main__,council_smd,gd,ქართული ოცნება - დემოკრატიული საქართველო,,7,ასპინძა,,41,მაია,ბუცხრიკიძე,მაია ბუცხრიკიძე,,,adg_2021_candidates_unified.xlsx
local_2021,__main__,council_smd,gd,ქართული ოცნება - დემოკრატიული საქართველო,,3,ასპინძა,,41,გენადი,დიასამიძე,გენადი დიასამიძე,,,adg_2021_candidates_unified.xlsx
local_2021,__main__,council_smd,gd,ქართული ოცნება - დემოკრატიული საქართველო,,4,ასპინძა,,41,გოჩა,ყრუაშვილი,გოჩა ყრუაშვილი,,,adg_2021_candidates_unified.xlsx
local_2021,__main__,council_smd,third_force,„მესამე ძალა-სტრატეგია აღმაშენებელი”,,7,ახალქალაქი,,1,ჯულეტა,აივაზიან,ჯულეტა აივაზიან,,,adg_2021_candidates_unified.xlsx
local_2021,__main__,council_smd,third_force,„მესამე ძალა-სტრატეგია აღმაშენებელი”,,12,ახალქალაქი,,1,არპენიკ,არაქელიან,არპენიკ არაქელიან,,,adg_2021_candidates_unified.xlsx
local_2021,__main__,council_smd,third_force,„მესამე ძალა-სტრატეგია აღმაშენებელი”,,1,ახალქალაქი,,1,არაქსია,აივაზიან,არაქსია აივაზიან,,,adg_2021_candidates_unified.xlsx
local_2021,__main__,council_smd,third_force,„მესამე ძალა-სტრატეგია აღმაშენებელი”,,6,ახალქალაქი,,1,მანუშაკ,კალაჩიან,მანუშაკ კალაჩიან,,,adg_2021_candidates_unified.xlsx
local_2021,__main__,council_smd,third_force,„მესამე ძალა-სტრატეგია აღმაშენებელი”,,10,ახალქალაქი,,1,ოქსანნა,კობელიან,ოქსანნა კობელიან,,,adg_2021_candidates_unified.xlsx
local_2021,__main__,council_smd,third_force,„მესამე ძალა-სტრატეგია აღმაშენებელი”,,2,ახალქალაქი,,1,სუსანნა,მარაბიან,სუსანნა მარაბიან,,,adg_2021_candidates_unified.xlsx
local_2021,__main__,council_smd,third_force,„მესამე ძალა-სტრატეგია აღმაშენებელი”,,5,ახალქალაქი,,1,სედრაკ,შირინიან,სედრაკ შირინიან,,,adg_2021_candidates_unified.xlsx
local_2021,__main__,council_smd,european_georgia,„ევროპული საქართველო-მოძრაობა თავისუფლებისთვის”,,9,ახალქალაქი,,2,ჰარუთიუნ,ალექსანიან,ჰარუთიუნ ალექსანიან,,,adg_2021_candidates_unified.xlsx
local_2021,__main__,council_smd,european_georgia,„ევროპული საქართველო-მოძრაობა თავისუფლებისთვის”,,14,ახალქალაქი,,2,ჯონი,ხოზრევანიძე,ჯონი ხოზრევანიძე,,,adg_2021_candidates_unified.xlsx
local_2021,__main__,council_smd,european_georgia,„ევროპული საქართველო-მოძრაობა თავისუფლებისთვის”,,5,ახალქალაქი,,2,გაგიკ,ალბერტიან,გაგიკ ალბერტიან,,,adg_2021_candidates_unified.xlsx
local_2021,__main__,council_smd,european_georgia,„ევროპული საქართველო-მოძრაობა თავისუფლებისთვის”,,3,ახალქალაქი,,2,რუსლან,ირიციან,რუსლან ირიციან,,,adg_2021_candidates_unified.xlsx
local_2021,__main__,council_smd,european_georgia,„ევროპული საქართველო-მოძრაობა თავისუფლებისთვის”,,13,ახალქალაქი,,2,სურენ,ხაჩატურიან,სურენ ხაჩატურიან,,,adg_2021_candidates_unified.xlsx
local_2021,__main__,council_smd,european_georgia,„ევროპული საქართველო-მოძრაობა თავისუფლებისთვის”,,11,ახალქალაქი,,2,კარენ,პოღოსიან,კარენ პოღოსიან,,,adg_2021_candidates_unified.xlsx
local_2021,__main__,council_smd,european_georgia,„ევროპული საქართველო-მოძრაობა თავისუფლებისთვის”,,4,ახალქალაქი,,2,ტიგრან,კარაპეტიან,ტიგრან კარაპეტიან,,,adg_2021_candidates_unified.xlsx
local_2021,__main__,council_smd,european_georgia,„ევროპული საქართველო-მოძრაობა თავისუფლებისთვის”,,7,ახალქალაქი,,2,რუდიკ,ჩივჩიან,რუდიკ ჩივჩიან,,,adg_2021_candidates_unified.xlsx
local_2021,__main__,council_smd,european_georgia,„ევროპული საქართველო-მოძრაობა თავისუფლებისთვის”,,12,ახალქალაქი,,2,აკაკი,ნათენაძე,აკაკი ნათენაძე,,,adg_2021_candidates_unified.xlsx
local_2021,__main__,council_smd,unm,„ერთიანი ნაციონალური მოძრაობა”,,7,ახალქალაქი,,5,ვარდან,ჩოკანდარიან,ვარდან ჩოკანდარიან,,,adg_2021_candidates_unified.xlsx
local_2021,__main__,council_smd,unm,„ერთიანი ნაციონალური მოძრაობა”,,9,ახალქალაქი,,5,არმენ,უნანიან,არმენ უნანიან,,,adg_2021_candidates_unified.xlsx
local_2021,__main__,council_smd,unm,„ერთიანი ნაციონალური მოძრაობა”,,10,ახალქალაქი,,5,ხაჩიკ,ეღოიან,ხაჩიკ ეღოიან,,,adg_2021_candidates_unified.xlsx
local_2021,__main__,council_smd,unm,„ერთიანი ნაციონალური მოძრაობა”,,5,ახალქალაქი,,5,პოღოს,ირიციან,პოღოს ირიციან,,,adg_2021_candidates_unified.xlsx
local_2021,__main__,council_smd,unm,„ერთიანი ნაციონალური მოძრაობა”,,6,ახალქალაქი,,5,შირვან,შირინიან,შირვან შირინიან,,,adg_2021_candidates_unified.xlsx
local_2021,__main__,council_smd,unm,„ერთიანი ნაციონალური მოძრაობა”,,11,ახალქალაქი,,5,მჰერ,ჰარუთიუნიან,მჰერ ჰარუთიუნიან,,,adg_2021_candidates_unified.xlsx
local_2021,__main__,council_smd,unm,„ერთიანი ნაციონალური მოძრაობა”,,13,ახალქალაქი,,5,იურიკ,ხაჩატურიან,იურიკ ხაჩატურიან,,,adg_2021_candidates_unified.xlsx
local_2021,__main__,council_smd,unm,„ერთიანი ნაციონალური მოძრაობა”,,3,ახალქალაქი,,5,ვალიკო,ქოჩოიან,ვალიკო ქოჩოიან,,,adg_2021_candidates_unified.xlsx
local_2021,__main__,council_smd,unm,„ერთიანი ნაციონალური მოძრაობა”,,4,ახალქალაქი,,5,ანდრანიკ,მამულიან,ანდრანიკ მამულიან,,,adg_2021_candidates_unified.xlsx
local_2021,__main__,council_smd,unm,„ერთიანი ნაციონალური მოძრაობა”,,14,ახალქალაქი,,5,ნოდარ,შამანაძე,ნოდარ შამანაძე,,,adg_2021_candidates_unified.xlsx
local_2021,__main__,council_smd,unm,„ერთიანი ნაციონალური მოძრაობა”,,1,ახალქალაქი,,5,ვაჩაგან,ბანგოიან,ვაჩაგან ბანგოიან,,,adg_2021_candidates_unified.xlsx
local_2021,__main__,council_smd,unm,„ერთიანი ნაციონალური მოძრაობა”,,2,ახალქალაქი,,5,არტურ,მკოიან,არტურ მკოიან,,,adg_2021_candidates_unified.xlsx
local_2021,__main__,council_smd,european_democrats,„ევროპელი დემოკრატები”,,9,ახალქალაქი,,6,მხითარ,ჰოვანესიან,მხითარ ჰოვანესიან,,,adg_2021_candidates_unified.xlsx
local_2021,__main__,council_smd,european_democrats,„ევროპელი დემოკრატები”,,5,ახალქალაქი,,6,პოღოს,ქოსიან,პოღოს ქოსიან,,,adg_2021_candidates_unified.xlsx
local_2021,__main__,council_smd,european_democrats,„ევროპელი დემოკრატები”,,1,ახალქალაქი,,6,ვლადიმირ,აივაზიან,ვლადიმირ აივაზიან,,,adg_2021_candidates_unified.xlsx
local_2021,__main__,council_smd,patriots,"„დავით თარხან-მოურავი, ირმა ინაშვილი - საქართველოს პატრიოტთა ალიანსი”",,4,ახალქალაქი,,8,ანი,ჰარუთიუნიან,ანი ჰარუთიუნიან,,,adg_2021_candidates_unified.xlsx
local_2021,__main__,council_smd,patriots,"„დავით თარხან-მოურავი, ირმა ინაშვილი - საქართველოს პატრიოტთა ალიანსი”",,8,ახალქალაქი,,8,არარატ,ბეგრაკიან,არარატ ბეგრაკიან,,,adg_2021_candidates_unified.xlsx
local_2021,__main__,council_smd,lelo,„ლელო”,,13,ახალქალაქი,,9,კარლენ,იორდანიან,კარლენ იორდანიან,,,adg_2021_candidates_unified.xlsx
local_2021,__main__,council_smd,gd,ქართული ოცნება - დემოკრატიული საქართველო,,4,ახალქალაქი,,41,გრიგორ,კარაგებაკიან,გრიგორ კარაგებაკიან,,,adg_2021_candidates_unified.xlsx
local_2021,__main__,council_smd,gd,ქართული ოცნება - დემოკრატიული საქართველო,,2,ახალქალაქი,,41,ჰაკოპ,ჩახმახჩიან,ჰაკოპ ჩახმახჩიან,,,adg_2021_candidates_unified.xlsx
local_2021,__main__,council_smd,gd,ქართული ოცნება - დემოკრატიული საქართველო,,3,ახალქალაქი,,41,სიპან,შიპაკციან,სიპან შიპაკციან,,,adg_2021_candidates_unified.xlsx
local_2021,__main__,council_smd,gd,ქართული ოცნება - დემოკრატიული საქართველო,,5,ახალქალაქი,,41,ნაირი,მელტონიან,ნაირი მელტონიან,,,adg_2021_candidates_unified.xlsx
local_2021,__main__,council_smd,gd,ქართული ოცნება - დემოკრატიული საქართველო,,8,ახალქალაქი,,41,არამაის,ზაქარიან,არამაის ზაქარიან,,,adg_2021_candidates_unified.xlsx
local_2021,__main__,council_smd,gd,ქართული ოცნება - დემოკრატიული საქართველო,,9,ახალქალაქი,,41,აშოტიკ,ეღუნიან,აშოტიკ ეღუნიან,,,adg_2021_candidates_unified.xlsx
local_2021,__main__,council_smd,gd,ქართული ოცნება - დემოკრატიული საქართველო,,6,ახალქალაქი,,41,ალბერტ,მანუშიან,ალბერტ მანუშიან,,,adg_2021_candidates_unified.xlsx
local_2021,__main__,council_smd,gd,ქართული ოცნება - დემოკრატიული საქართველო,,13,ახალქალაქი,,41,გრაჩია,მოვსესიან,გრაჩია მოვსესიან,,,adg_2021_candidates_unified.xlsx
local_2021,__main__,council_smd,gd,ქართული ოცნება - დემოკრატიული საქართველო,,14,ახალქალაქი,,41,ნვერ,მოსოიან,ნვერ მოსოიან,,,adg_2021_candidates_unified.xlsx
local_2021,__main__,council_smd,gd,ქართული ოცნება - დემოკრატიული საქართველო,,10,ახალქალაქი,,41,ჰამლეტ,მოვსესიან,ჰამლეტ მოვსესიან,,,adg_2021_candidates_unified.xlsx
local_2021,__main__,council_smd,gd,ქართული ოცნება - დემოკრატიული საქართველო,,7,ახალქალაქი,,41,გენადი,ელიზბარიან,გენადი ელიზბარიან,,,adg_2021_candidates_unified.xlsx
local_2021,__main__,council_smd,gd,ქართული ოცნება - დემოკრატიული საქართველო,,1,ახალქალაქი,,41,კარაპეტ,პალოიან,კარაპეტ პალოიან,,,adg_2021_candidates_unified.xlsx
local_2021,__main__,council_smd,gd,ქართული ოცნება - დემოკრატიული საქართველო,,11,ახალქალაქი,,41,ვაგარშაკ,არაქელიან,ვაგარშაკ არაქელიან,,,adg_2021_candidates_unified.xlsx
local_2021,__main__,council_smd,gd,ქართული ოცნება - დემოკრატიული საქართველო,,12,ახალქალაქი,,41,გურამი,ოქროაძე,გურამი ოქროაძე,,,adg_2021_candidates_unified.xlsx
local_2021,__main__,council_smd,third_force,„მესამე ძალა-სტრატეგია აღმაშენებელი”,,4,ნინოწმინდა,,1,ლერნიკ,ჩარბუდაღიან,ლერნიკ ჩარბუდაღიან,,,adg_2021_candidates_unified.xlsx
local_2021,__main__,council_smd,third_force,„მესამე ძალა-სტრატეგია აღმაშენებელი”,,1,ნინოწმინდა,,1,მამიკონ,სააკიან,მამიკონ სააკიან,,,adg_2021_candidates_unified.xlsx
local_2021,__main__,council_smd,european_georgia,„ევროპული საქართველო-მოძრაობა თავისუფლებისთვის”,,6,ნინოწმინდა,,2,ელეონორა,ესოიან,ელეონორა ესოიან,,,adg_2021_candidates_unified.xlsx
local_2021,__main__,council_smd,european_georgia,„ევროპული საქართველო-მოძრაობა თავისუფლებისთვის”,,2,ნინოწმინდა,,2,გარიკ,ვარტანიან,გარიკ ვარტანიან,,,adg_2021_candidates_unified.xlsx
local_2021,__main__,council_smd,european_georgia,„ევროპული საქართველო-მოძრაობა თავისუფლებისთვის”,,5,ნინოწმინდა,,2,კარლიკ,მკრტჩიან,კარლიკ მკრტჩიან,,,adg_2021_candidates_unified.xlsx
local_2021,__main__,council_smd,european_georgia,„ევროპული საქართველო-მოძრაობა თავისუფლებისთვის”,,8,ნინოწმინდა,,2,არაიკ,ბდოიან,არაიკ ბდოიან,,,adg_2021_candidates_unified.xlsx
local_2021,__main__,council_smd,unm,„ერთიანი ნაციონალური მოძრაობა”,,8,ნინოწმინდა,,5,ედგარ,არაქელიან,ედგარ არაქელიან,,,adg_2021_candidates_unified.xlsx
local_2021,__main__,council_smd,unm,„ერთიანი ნაციონალური მოძრაობა”,,7,ნინოწმინდა,,5,ზარმარ,სტამბოლციან,ზარმარ სტამბოლციან,,,adg_2021_candidates_unified.xlsx
local_2021,__main__,council_smd,unm,„ერთიანი ნაციონალური მოძრაობა”,,2,ნინოწმინდა,,5,ჯემალ,ბერიძე,ჯემალ ბერიძე,,,adg_2021_candidates_unified.xlsx
local_2021,__main__,council_smd,unm,„ერთიანი ნაციონალური მოძრაობა”,,4,ნინოწმინდა,,5,არმენ,ადამიან,არმენ ადამიან,,,adg_2021_candidates_unified.xlsx
local_2021,__main__,council_smd,unm,„ერთიანი ნაციონალური მოძრაობა”,,1,ნინოწმინდა,,5,თაკუჰი,ვარტანიან,თაკუჰი ვარტანიან,,,adg_2021_candidates_unified.xlsx
local_2021,__main__,council_smd,unm,„ერთიანი ნაციონალური მოძრაობა”,,6,ნინოწმინდა,,5,ხორენ,ისპირიან,ხორენ ისპირიან,,,adg_2021_candidates_unified.xlsx
local_2021,__main__,council_smd,gakharia,გახარია - საქართველოსთვის,,3,ნინოწმინდა,,25,გევორგ,ბაბერციან,გევორგ ბაბერციან,,,adg_2021_candidates_unified.xlsx
local_2021,__main__,council_smd,gakharia,გახარია - საქართველოსთვის,,1,ნინოწმინდა,,25,ირინა,კარსლიან,ირინა კარსლიან,,,adg_2021_candidates_unified.xlsx
local_2021,__main__,council_smd,gakharia,გახარია - საქართველოსთვის,,6,ნინოწმინდა,,25,ჰმაიაკ,გრიგორიან,ჰმაიაკ გრიგორიან,,,adg_2021_candidates_unified.xlsx
local_2021,__main__,council_smd,gakharia,გახარია - საქართველოსთვის,,2,ნინოწმინდა,,25,როინ,ბერიძე,როინ ბერიძე,,,adg_2021_candidates_unified.xlsx
local_2021,__main__,council_smd,gakharia,გახარია - საქართველოსთვის,,4,ნინოწმინდა,,25,დიანა,არუთუნიან,დიანა არუთუნიან,,,adg_2021_candidates_unified.xlsx
local_2021,__main__,council_smd,gakharia,გახარია - საქართველოსთვის,,8,ნინოწმინდა,,25,რუსლან,სირაკანიან,რუსლან სირაკანიან,,,adg_2021_candidates_unified.xlsx
local_2021,__main__,council_smd,gd,ქართული ოცნება - დემოკრატიული საქართველო,,1,ნინოწმინდა,,41,ვაგინაკ,არზუმანიან,ვაგინაკ არზუმანიან,,,adg_2021_candidates_unified.xlsx
local_2021,__main__,council_smd,gd,ქართული ოცნება - დემოკრატიული საქართველო,,4,ნინოწმინდა,,41,გეორგი,ჩაპანიან,გეორგი ჩაპანიან,,,adg_2021_candidates_unified.xlsx
local_2021,__main__,council_smd,gd,ქართული ოცნება - დემოკრატიული საქართველო,,8,ნინოწმინდა,,41,გრიგორი,შამილიან,გრიგორი შამილიან,,,adg_2021_candidates_unified.xlsx
local_2021,__main__,council_smd,gd,ქართული ოცნება - დემოკრატიული საქართველო,,3,ნინოწმინდა,,41,გევორკ,ისოიან,გევორკ ისოიან,,,adg_2021_candidates_unified.xlsx
local_2021,__main__,council_smd,gd,ქართული ოცნება - დემოკრატიული საქართველო,,7,ნინოწმინდა,,41,შირაზ,ხოდიკიან,შირაზ ხოდიკიან,,,adg_2021_candidates_unified.xlsx
local_2021,__main__,council_smd,gd,ქართული ოცნება - დემოკრატიული საქართველო,,9,ნინოწმინდა,,41,არნაკ,ჰახვერდიან,არნაკ ჰახვერდიან,,,adg_2021_candidates_unified.xlsx
local_2021,__main__,council_smd,gd,ქართული ოცნება - დემოკრატიული საქართველო,,6,ნინოწმინდა,,41,სერგეი,ადუმიან,სერგეი ადუმიან,,,adg_2021_candidates_unified.xlsx
local_2021,__main__,council_smd,gd,ქართული ოცნება - დემოკრატიული საქართველო,,2,ნინოწმინდა,,41,ასქანაზ,მარკოსიან,ასქანაზ მარკოსიან,,,adg_2021_candidates_unified.xlsx
local_2021,__main__,council_smd,gd,ქართული ოცნება - დემოკრატიული საქართველო,,10,ნინოწმინდა,,41,სამველ,დარბინიან,სამველ დარბინიან,,,adg_2021_candidates_unified.xlsx
local_2021,__main__,council_smd,gd,ქართული ოცნება - დემოკრატიული საქართველო,,5,ნინოწმინდა,,41,ვალერიკ,ბეზოიან,ვალერიკ ბეზოიან,,,adg_2021_candidates_unified.xlsx
local_2021,__main__,council_smd,third_force,„მესამე ძალა-სტრატეგია აღმაშენებელი”,,1,ონი,,1,ლაშა,გუგეშაშვილი,ლაშა გუგეშაშვილი,,,adg_2021_candidates_unified.xlsx
local_2021,__main__,council_smd,unm,„ერთიანი ნაციონალური მოძრაობა”,,1,ონი,,5,ნოდარი,ბურდილაძე,ნოდარი ბურდილაძე,,,adg_2021_candidates_unified.xlsx
local_2021,__main__,council_smd,unm,„ერთიანი ნაციონალური მოძრაობა”,,11,ონი,,5,შალვა,კახეთელიძე,შალვა კახეთელიძე,,,adg_2021_candidates_unified.xlsx
local_2021,__main__,council_smd,unm,„ერთიანი ნაციონალური მოძრაობა”,,7,ონი,,5,ნიკოლოზ,ყავლაშვილი,ნიკოლოზ ყავლაშვილი,,,adg_2021_candidates_unified.xlsx
local_2021,__main__,council_smd,unm,„ერთიანი ნაციონალური მოძრაობა”,,8,ონი,,5,ვლადიმერი,გაგნიძე,ვლადიმერი გაგნიძე,,,adg_2021_candidates_unified.xlsx
local_2021,__main__,council_smd,unm,„ერთიანი ნაციონალური მოძრაობა”,,2,ონი,,5,ვეფხვია,გავაშელი,ვეფხვია გავაშელი,,,adg_2021_candidates_unified.xlsx
local_2021,__main__,council_smd,unm,„ერთიანი ნაციონალური მოძრაობა”,,10,ონი,,5,გიორგი,ტაბუცაძე,გიორგი ტაბუცაძე,,,adg_2021_candidates_unified.xlsx
local_2021,__main__,council_smd,patriots,"„დავით თარხან-მოურავი, ირმა ინაშვილი - საქართველოს პატრიოტთა ალიანსი”",,4,ონი,,8,ნუგზარ,მეტრეველი,ნუგზარ მეტრეველი,,,adg_2021_candidates_unified.xlsx
local_2021,__main__,council_smd,patriots,"„დავით თარხან-მოურავი, ირმა ინაშვილი - საქართველოს პატრიოტთა ალიანსი”",,9,ონი,,8,ლერბედი,ტყეშელაშვილი,ლერბედი ტყეშელაშვილი,,,adg_2021_candidates_unified.xlsx
local_2021,__main__,council_smd,patriots,"„დავით თარხან-მოურავი, ირმა ინაშვილი - საქართველოს პატრიოტთა ალიანსი”",,6,ონი,,8,სიმონ,ორდენიძე,სიმონ ორდენიძე,,,adg_2021_candidates_unified.xlsx
local_2021,__main__,council_smd,patriots,"„დავით თარხან-მოურავი, ირმა ინაშვილი - საქართველოს პატრიოტთა ალიანსი”",,3,ონი,,8,მიხეილ,ბერიშვილი,მიხეილ ბერიშვილი,,,adg_2021_candidates_unified.xlsx
local_2021,__main__,council_smd,patriots,"„დავით თარხან-მოურავი, ირმა ინაშვილი - საქართველოს პატრიოტთა ალიანსი”",,11,ონი,,8,თეიმურაზ,ჭუმბაშვილი,თეიმურაზ ჭუმბაშვილი,,,adg_2021_candidates_unified.xlsx
local_2021,__main__,council_smd,lelo,„ლელო”,,1,ონი,,9,ზურაბ,ბენდიანიშვილი,ზურაბ ბენდიანიშვილი,,,adg_2021_candidates_unified.xlsx
local_2021,__main__,council_smd,lelo,„ლელო”,,4,ონი,,9,კახა,მეტრეველი,კახა მეტრეველი,,,adg_2021_candidates_unified.xlsx
local_2021,__main__,council_smd,lelo,„ლელო”,,6,ონი,,9,თამილა,არჩვაძე,თამილა არჩვაძე,,,adg_2021_candidates_unified.xlsx
local_2021,__main__,council_smd,lelo,„ლელო”,,7,ონი,,9,თეიმურაზ,დევიძე,თეიმურაზ დევიძე,,,adg_2021_candidates_unified.xlsx
local_2021,__main__,council_smd,lelo,„ლელო”,,2,ონი,,9,გრიგოლი,გოგრიჭიანი,გრიგოლი გოგრიჭიანი,,,adg_2021_candidates_unified.xlsx
local_2021,__main__,council_smd,lelo,„ლელო”,,11,ონი,,9,ვაჟა,ბერიშვილი,ვაჟა ბერიშვილი,,,adg_2021_candidates_unified.xlsx
local_2021,__main__,council_smd,gakharia,გახარია - საქართველოსთვის,,3,ონი,,25,მინდია,სულთანიშვილი,მინდია სულთანიშვილი,,,adg_2021_candidates_unified.xlsx
local_2021,__main__,council_smd,gakharia,გახარია - საქართველოსთვის,,2,ონი,,25,მამუკა,გოგრიჭიანი,მამუკა გოგრიჭიანი,,,adg_2021_candidates_unified.xlsx
local_2021,__main__,council_smd,gakharia,გახარია - საქართველოსთვის,,4,ონი,,25,თამაზ,მეტრეველი,თამაზ მეტრეველი,,,adg_2021_candidates_unified.xlsx
local_2021,__main__,council_smd,gakharia,გახარია - საქართველოსთვის,,10,ონი,,25,ალექსანდრე,ენუქიძე,ალექსანდრე ენუქიძე,,,adg_2021_candidates_unified.xlsx
local_2021,__main__,council_smd,gakharia,გახარია - საქართველოსთვის,,9,ონი,,25,დავითი,ბენდიანიშვილი,დავითი ბენდიანიშვილი,,,adg_2021_candidates_unified.xlsx
local_2021,__main__,council_smd,gakharia,გახარია - საქართველოსთვის,,6,ონი,,25,რამაზ,სამხარაძე,რამაზ სამხარაძე,,,adg_2021_candidates_unified.xlsx
local_2021,__main__,council_smd,gakharia,გახარია - საქართველოსთვის,,5,ონი,,25,გიორგი,ქებაძე,გიორგი ქებაძე,,,adg_2021_candidates_unified.xlsx
local_2021,__main__,council_smd,gakharia,გახარია - საქართველოსთვის,,8,ონი,,25,გივი,მაისურაძე,გივი მაისურაძე,,,adg_2021_candidates_unified.xlsx
local_2021,__main__,council_smd,gakharia,გახარია - საქართველოსთვის,,7,ონი,,25,თამაზი,ჩიკვილაძე,თამაზი ჩიკვილაძე,,,adg_2021_candidates_unified.xlsx
local_2021,__main__,council_smd,gakharia,გახარია - საქართველოსთვის,,11,ონი,,25,ნუგზარ,კერვალიშვილი,ნუგზარ კერვალიშვილი,,,adg_2021_candidates_unified.xlsx
local_2021,__main__,council_smd,gakharia,გახარია - საქართველოსთვის,,1,ონი,,25,ემზარ,საბანაძე,ემზარ საბანაძე,,,adg_2021_candidates_unified.xlsx
local_2021,__main__,council_smd,tribuna,დავით ჭიჭინაძე - ტრიბუნა,,10,ონი,,35,ლევან,ჯოხაძე,ლევან ჯოხაძე,,,adg_2021_candidates_unified.xlsx
local_2021,__main__,council_smd,gd,ქართული ოცნება - დემოკრატიული საქართველო,,9,ონი,,41,რევაზ,საბანაძე,რევაზ საბანაძე,,,adg_2021_candidates_unified.xlsx
local_2021,__main__,council_smd,gd,ქართული ოცნება - დემოკრატიული საქართველო,,4,ონი,,41,მადლენა,მეტრეველი,მადლენა მეტრეველი,,,adg_2021_candidates_unified.xlsx
local_2021,__main__,council_smd,gd,ქართული ოცნება - დემოკრატიული საქართველო,,5,ონი,,41,ვლადიმერი,ბერელიძე,ვლადიმერი ბერელიძე,,,adg_2021_candidates_unified.xlsx
local_2021,__main__,council_smd,gd,ქართული ოცნება - დემოკრატიული საქართველო,,1,ონი,,41,გივი,მეტრეველი,გივი მეტრეველი,,,adg_2021_candidates_unified.xlsx
local_2021,__main__,council_smd,gd,ქართული ოცნება - დემოკრატიული საქართველო,,10,ონი,,41,ბიძინა,ყიფიანი,ბიძინა ყიფიანი,,,adg_2021_candidates_unified.xlsx
local_2021,__main__,council_smd,gd,ქართული ოცნება - დემოკრატიული საქართველო,,11,ონი,,41,ბიჭიკო,კერვალიშვილი,ბიჭიკო კერვალიშვილი,,,adg_2021_candidates_unified.xlsx
local_2021,__main__,council_smd,gd,ქართული ოცნება - დემოკრატიული საქართველო,,8,ონი,,41,ბესიკი,მაისურაძე,ბესიკი მაისურაძე,,,adg_2021_candidates_unified.xlsx
local_2021,__main__,council_smd,gd,ქართული ოცნება - დემოკრატიული საქართველო,,7,ონი,,41,მამუკა,ყავლაშვილი,მამუკა ყავლაშვილი,,,adg_2021_candidates_unified.xlsx
local_2021,__main__,council_smd,gd,ქართული ოცნება - დემოკრატიული საქართველო,,6,ონი,,41,გიორგი,მარკოიშვილი,გიორგი მარკოიშვილი,,,adg_2021_candidates_unified.xlsx
local_2021,__main__,council_smd,gd,ქართული ოცნება - დემოკრატიული საქართველო,,2,ონი,,41,როსტომ,ლობჯანიძე,როსტომ ლობჯანიძე,,,adg_2021_candidates_unified.xlsx
local_2021,__main__,council_smd,gd,ქართული ოცნება - დემოკრატიული საქართველო,,3,ონი,,41,მერაბ,ბიჭაშვილი,მერაბ ბიჭაშვილი,,,adg_2021_candidates_unified.xlsx
local_2021,__main__,council_smd,for_people,„ანა დოლიძე - ხალხისთვის”,,5,ონი,,48,არჩილ,გუგეშაშვილი,არჩილ გუგეშაშვილი,,,adg_2021_candidates_unified.xlsx
local_2021,__main__,council_smd,,საინიციატივო ჯგუფი,,3,ონი,,51,გია,ბიჭაშვილი,გია ბიჭაშვილი,,,adg_2021_candidates_unified.xlsx
local_2021,__main__,council_smd,european_georgia,„ევროპული საქართველო-მოძრაობა თავისუფლებისთვის”,,1,ამბროლაური,,2,შოთა,ყიფიანი,შოთა ყიფიანი,,,adg_2021_candidates_unified.xlsx
local_2021,__main__,council_smd,european_georgia,„ევროპული საქართველო-მოძრაობა თავისუფლებისთვის”,,2,ამბროლაური,,2,ნუგზარ,ჭიჭინაძე,ნუგზარ ჭიჭინაძე,,,adg_2021_candidates_unified.xlsx
local_2021,__main__,council_smd,european_georgia,„ევროპული საქართველო-მოძრაობა თავისუფლებისთვის”,,3,ამბროლაური,,2,ამირან,ჭელიძე,ამირან ჭელიძე,,,adg_2021_candidates_unified.xlsx
local_2021,__main__,council_smd,european_georgia,„ევროპული საქართველო-მოძრაობა თავისუფლებისთვის”,,9,ამბროლაური,,2,ლია,გოგოლაძე,ლია გოგოლაძე,,,adg_2021_candidates_unified.xlsx
local_2021,__main__,council_smd,european_georgia,„ევროპული საქართველო-მოძრაობა თავისუფლებისთვის”,,10,ამბროლაური,,2,ყარამან,კობერიძე,ყარამან კობერიძე,,,adg_2021_candidates_unified.xlsx
local_2021,__main__,council_smd,unm,„ერთიანი ნაციონალური მოძრაობა”,,1,ამბროლაური,,5,ლაშა,ფოფხაძე,ლაშა ფოფხაძე,,,adg_2021_candidates_unified.xlsx
local_2021,__main__,council_smd,unm,„ერთიანი ნაციონალური მოძრაობა”,,3,ამბროლაური,,5,კახა,კობახიძე,კახა კობახიძე,,,adg_2021_candidates_unified.xlsx
local_2021,__main__,council_smd,unm,„ერთიანი ნაციონალური მოძრაობა”,,4,ამბროლაური,,5,ლერი,სვანიძე,ლერი სვანიძე,,,adg_2021_candidates_unified.xlsx
local_2021,__main__,council_smd,unm,„ერთიანი ნაციონალური მოძრაობა”,,5,ამბროლაური,,5,გრიგოლ,კიბაბიძე,გრიგოლ კიბაბიძე,,,adg_2021_candidates_unified.xlsx
local_2021,__main__,council_smd,unm,„ერთიანი ნაციონალური მოძრაობა”,,6,ამბროლაური,,5,გოჩა,ნემსწვერიძე,გოჩა ნემსწვერიძე,,,adg_2021_candidates_unified.xlsx
local_2021,__main__,council_smd,unm,„ერთიანი ნაციონალური მოძრაობა”,,7,ამბროლაური,,5,გიორგი,ვახტანგაძე,გიორგი ვახტანგაძე,,,adg_2021_candidates_unified.xlsx
local_2021,__main__,council_smd,unm,„ერთიანი ნაციონალური მოძრაობა”,,8,ამბროლაური,,5,კობა,კერესელიძე,კობა კერესელიძე,,,adg_2021_candidates_unified.xlsx
local_2021,__main__,council_smd,unm,„ერთიანი ნაციონალური მოძრაობა”,,2,ამბროლაური,,5,ნოდარი,ქევანაშვილი,ნოდარი ქევანაშვილი,,,adg_2021_candidates_unified.xlsx
local_2021,__main__,council_smd,unm,„ერთიანი ნაციონალური მოძრაობა”,,9,ამბროლაური,,5,ელდარ,გოგრიჭიანი,ელდარ გოგრიჭიანი,,,adg_2021_candidates_unified.xlsx
local_2021,__main__,council_smd,unm,„ერთიანი ნაციონალური მოძრაობა”,,10,ამბროლაური,,5,მამუკა,ქემოკლიძე,მამუკა ქემოკლიძე,,,adg_2021_candidates_unified.xlsx
local_2021,__main__,council_smd,patriots,"„დავით თარხან-მოურავი, ირმა ინაშვილი - საქართველოს პატრიოტთა ალიანსი”",,4,ამბროლაური,,8,თამარი,ბერაძე,თამარი ბერაძე,,,adg_2021_candidates_unified.xlsx
local_2021,__main__,council_smd,labour,„შალვა ნათელაშვილი-საქართველოს ლეიბორისტული პარტია”,,1,ამბროლაური,,10,თენგიზ,გოგორელიანი,თენგიზ გოგორელიანი,,,adg_2021_candidates_unified.xlsx
local_2021,__main__,council_smd,gakharia,გახარია - საქართველოსთვის,,8,ამბროლაური,,25,ბორის,შაუთიძე,ბორის შაუთიძე,,,adg_2021_candidates_unified.xlsx
local_2021,__main__,council_smd,gakharia,გახარია - საქართველოსთვის,,7,ამბროლაური,,25,ირინე,კახიძე,ირინე კახიძე,,,adg_2021_candidates_unified.xlsx
local_2021,__main__,council_smd,gakharia,გახარია - საქართველოსთვის,,9,ამბროლაური,,25,ბეჟანი,ყავლაშვილი,ბეჟანი ყავლაშვილი,,,adg_2021_candidates_unified.xlsx
local_2021,__main__,council_smd,gakharia,გახარია - საქართველოსთვის,,6,ამბროლაური,,25,არჩილი,ტყეშელაშვილი,არჩილი ტყეშელაშვილი,,,adg_2021_candidates_unified.xlsx
local_2021,__main__,council_smd,gakharia,გახარია - საქართველოსთვის,,1,ამბროლაური,,25,ლევან,ქვათაძე,ლევან ქვათაძე,,,adg_2021_candidates_unified.xlsx
local_2021,__main__,council_smd,gakharia,გახარია - საქართველოსთვის,,10,ამბროლაური,,25,მამუკა,დოხნაძე,მამუკა დოხნაძე,,,adg_2021_candidates_unified.xlsx
local_2021,__main__,council_smd,gakharia,გახარია - საქართველოსთვის,,3,ამბროლაური,,25,ნიკოლოზ,კობახიძე,ნიკოლოზ კობახიძე,,,adg_2021_candidates_unified.xlsx
local_2021,__main__,council_smd,gakharia,გახარია - საქართველოსთვის,,4,ამბროლაური,,25,ბონდო,ცხვედიანი,ბონდო ცხვედიანი,,,adg_2021_candidates_unified.xlsx
local_2021,__main__,council_smd,gakharia,გახარია - საქართველოსთვის,,5,ამბროლაური,,25,როსტომ,ცხვედიანი,როსტომ ცხვედიანი,,,adg_2021_candidates_unified.xlsx
local_2021,__main__,council_smd,gakharia,გახარია - საქართველოსთვის,,2,ამბროლაური,,25,ზვიად,კბილაძე,ზვიად კბილაძე,,,adg_2021_candidates_unified.xlsx
local_2021,__main__,council_smd,free_georgia,"„თავისუფალი საქართველო (ზაზა ხატიაშვილი, კახა კუკავა, გრიგოლ ჯოჯუა)”",,8,ამბროლაური,,37,დავით,ჯანელიძე,დავით ჯანელიძე,,,adg_2021_candidates_unified.xlsx
local_2021,__main__,council_smd,gd,ქართული ოცნება - დემოკრატიული საქართველო,,1,ამბროლაური,,41,დავით,მიქიაშვილი,დავით მიქიაშვილი,,,adg_2021_candidates_unified.xlsx
local_2021,__main__,council_smd,gd,ქართული ოცნება - დემოკრატიული საქართველო,,2,ამბროლაური,,41,დავით,გოგსაძე,დავით გოგსაძე,,,adg_2021_candidates_unified.xlsx
local_2021,__main__,council_smd,gd,ქართული ოცნება - დემოკრატიული საქართველო,,3,ამბროლაური,,41,მაია,კაციტაძე,მაია კაციტაძე,,,adg_2021_candidates_unified.xlsx
local_2021,__main__,council_smd,gd,ქართული ოცნება - დემოკრატიული საქართველო,,4,ამბროლაური,,41,მურმან,ქველიძე,მურმან ქველიძე,,,adg_2021_candidates_unified.xlsx
local_2021,__main__,council_smd,gd,ქართული ოცნება - დემოკრატიული საქართველო,,8,ამბროლაური,,41,მერაბი,ჩიტალაძე,მერაბი ჩიტალაძე,,,adg_2021_candidates_unified.xlsx
local_2021,__main__,council_smd,gd,ქართული ოცნება - დემოკრატიული საქართველო,,9,ამბროლაური,,41,დავითი,ხუციშვილი,დავითი ხუციშვილი,,,adg_2021_candidates_unified.xlsx
local_2021,__main__,council_smd,gd,ქართული ოცნება - დემოკრატიული საქართველო,,10,ამბროლაური,,41,ზაალი,მეტრეველი,ზაალი მეტრეველი,,,adg_2021_candidates_unified.xlsx
local_2021,__main__,council_smd,gd,ქართული ოცნება - დემოკრატიული საქართველო,,6,ამბროლაური,,41,ნინო,ჯოხაძე,ნინო ჯოხაძე,,,adg_2021_candidates_unified.xlsx
local_2021,__main__,council_smd,gd,ქართული ოცნება - დემოკრატიული საქართველო,,7,ამბროლაური,,41,სიმონი,ჭელიძე,სიმონი ჭელიძე,,,adg_2021_candidates_unified.xlsx
local_2021,__main__,council_smd,gd,ქართული ოცნება - დემოკრატიული საქართველო,,5,ამბროლაური,,41,ბაკურ,სანთელაძე,ბაკურ სანთელაძე,,,adg_2021_candidates_unified.xlsx
local_2021,__main__,council_smd,third_force,„მესამე ძალა-სტრატეგია აღმაშენებელი”,,9,ცაგერი,,1,აბესალომი,თვარაძე,აბესალომი თვარაძე,,,adg_2021_candidates_unified.xlsx
local_2021,__main__,council_smd,third_force,„მესამე ძალა-სტრატეგია აღმაშენებელი”,,3,ცაგერი,,1,იმედა,გუგავა,იმედა გუგავა,,,adg_2021_candidates_unified.xlsx
local_2021,__main__,council_smd,third_force,„მესამე ძალა-სტრატეგია აღმაშენებელი”,,8,ცაგერი,,1,თამილა,გაბიძაშვილი,თამილა გაბიძაშვილი,,,adg_2021_candidates_unified.xlsx
local_2021,__main__,council_smd,unm,„ერთიანი ნაციონალური მოძრაობა”,,3,ცაგერი,,5,ნინო,ტვილდიანი,ნინო ტვილდიანი,,,adg_2021_candidates_unified.xlsx
local_2021,__main__,council_smd,unm,„ერთიანი ნაციონალური მოძრაობა”,,4,ცაგერი,,5,ხვიჩა,მეშველიანი,ხვიჩა მეშველიანი,,,adg_2021_candidates_unified.xlsx
local_2021,__main__,council_smd,unm,„ერთიანი ნაციონალური მოძრაობა”,,5,ცაგერი,,5,რამაზი,ყურაშვილი,რამაზი ყურაშვილი,,,adg_2021_candidates_unified.xlsx
local_2021,__main__,council_smd,unm,„ერთიანი ნაციონალური მოძრაობა”,,7,ცაგერი,,5,გია,ფრუიძე,გია ფრუიძე,,,adg_2021_candidates_unified.xlsx
local_2021,__main__,council_smd,unm,„ერთიანი ნაციონალური მოძრაობა”,,9,ცაგერი,,5,ალექსი,მახარობლიძე,ალექსი მახარობლიძე,,,adg_2021_candidates_unified.xlsx
local_2021,__main__,council_smd,unm,„ერთიანი ნაციონალური მოძრაობა”,,10,ცაგერი,,5,გოჩა,გურგუჩიანი,გოჩა გურგუჩიანი,,,adg_2021_candidates_unified.xlsx
local_2021,__main__,council_smd,lelo,„ლელო”,,6,ცაგერი,,9,კახა,ყურაშვილი,კახა ყურაშვილი,,,adg_2021_candidates_unified.xlsx
local_2021,__main__,council_smd,lelo,„ლელო”,,1,ცაგერი,,9,ლარისა,ახვლედიანი,ლარისა ახვლედიანი,,,adg_2021_candidates_unified.xlsx
local_2021,__main__,council_smd,gakharia,გახარია - საქართველოსთვის,,9,ცაგერი,,25,სალომე,ერისთავი,სალომე ერისთავი,,,adg_2021_candidates_unified.xlsx
local_2021,__main__,council_smd,gakharia,გახარია - საქართველოსთვის,,5,ცაგერი,,25,თამარი,ჩაკვეტაძე,თამარი ჩაკვეტაძე,,,adg_2021_candidates_unified.xlsx
local_2021,__main__,council_smd,gakharia,გახარია - საქართველოსთვის,,1,ცაგერი,,25,ბეჟან,ღურჭუმალიძე,ბეჟან ღურჭუმალიძე,,,adg_2021_candidates_unified.xlsx
local_2021,__main__,council_smd,gakharia,გახარია - საქართველოსთვის,,2,ცაგერი,,25,დავით,მურცხვალაძე,დავით მურცხვალაძე,,,adg_2021_candidates_unified.xlsx
local_2021,__main__,council_smd,gakharia,გახარია - საქართველოსთვის,,3,ცაგერი,,25,გიორგი,კოპალიანი,გიორგი კოპალიანი,,,adg_2021_candidates_unified.xlsx
local_2021,__main__,council_smd,gd,ქართული ოცნება - დემოკრატიული საქართველო,,2,ცაგერი,,41,გრიგოლ,კვირიკაშვილი,გრიგოლ კვირიკაშვილი,,,adg_2021_candidates_unified.xlsx
local_2021,__main__,council_smd,gd,ქართული ოცნება - დემოკრატიული საქართველო,,1,ცაგერი,,41,ზაზა,ყურაშვილი,ზაზა ყურაშვილი,,,adg_2021_candidates_unified.xlsx
local_2021,__main__,council_smd,gd,ქართული ოცნება - დემოკრატიული საქართველო,,6,ცაგერი,,41,თამაზ,ჭაბუკიანი,თამაზ ჭაბუკიანი,,,adg_2021_candidates_unified.xlsx
local_2021,__main__,council_smd,gd,ქართული ოცნება - დემოკრატიული საქართველო,,4,ცაგერი,,41,მამუკა,ხაბულიანი,მამუკა ხაბულიანი,,,adg_2021_candidates_unified.xlsx
local_2021,__main__,council_smd,gd,ქართული ოცნება - დემოკრატიული საქართველო,,5,ცაგერი,,41,მამუკა,მამარდაშვილი,მამუკა მამარდაშვილი,,,adg_2021_candidates_unified.xlsx
local_2021,__main__,council_smd,gd,ქართული ოცნება - დემოკრატიული საქართველო,,3,ცაგერი,,41,ნოდარი,საღინაძე,ნოდარი საღინაძე,,,adg_2021_candidates_unified.xlsx
local_2021,__main__,council_smd,gd,ქართული ოცნება - დემოკრატიული საქართველო,,7,ცაგერი,,41,მანონი,ახვლედიანი,მანონი ახვლედიანი,,,adg_2021_candidates_unified.xlsx
local_2021,__main__,council_smd,gd,ქართული ოცნება - დემოკრატიული საქართველო,,8,ცაგერი,,41,თინათინი,ნემსწვერიძე,თინათინი ნემსწვერიძე,,,adg_2021_candidates_unified.xlsx
local_2021,__main__,council_smd,gd,ქართული ოცნება - დემოკრატიული საქართველო,,9,ცაგერი,,41,ნატო,ბურჯალიანი,ნატო ბურჯალიანი,,,adg_2021_candidates_unified.xlsx
local_2021,__main__,council_smd,gd,ქართული ოცნება - დემოკრატიული საქართველო,,10,ცაგერი,,41,გივი,გოგებაშვილი,გივი გოგებაშვილი,,,adg_2021_candidates_unified.xlsx
local_2021,__main__,council_smd,,საინიციატივო ჯგუფი,,9,ცაგერი,,51,ია,ხმელიძე,ია ხმელიძე,,,adg_2021_candidates_unified.xlsx
local_2021,__main__,council_smd,,საინიციატივო ჯგუფი,,5,ცაგერი,,51,პაატა,შარაშენიძე,პაატა შარაშენიძე,,,adg_2021_candidates_unified.xlsx
local_2021,__main__,council_smd,european_georgia,„ევროპული საქართველო-მოძრაობა თავისუფლებისთვის”,,1,ლენტეხი,,2,ზურაბი,ლიპარტელიანი,ზურაბი ლიპარტელიანი,,,adg_2021_candidates_unified.xlsx
local_2021,__main__,council_smd,unm,„ერთიანი ნაციონალური მოძრაობა”,,1,ლენტეხი,,5,ზვიადი,ლიპარტელიანი,ზვიადი ლიპარტელიანი,,,adg_2021_candidates_unified.xlsx
local_2021,__main__,council_smd,unm,„ერთიანი ნაციონალური მოძრაობა”,,5,ლენტეხი,,5,რომან,მუკბანიანი,რომან მუკბანიანი,,,adg_2021_candidates_unified.xlsx
local_2021,__main__,council_smd,unm,„ერთიანი ნაციონალური მოძრაობა”,,6,ლენტეხი,,5,დათო,ლიპარტელიანი,დათო ლიპარტელიანი,,,adg_2021_candidates_unified.xlsx
local_2021,__main__,council_smd,unm,„ერთიანი ნაციონალური მოძრაობა”,,7,ლენტეხი,,5,შუქურა,ჯანხოთელი,შუქურა ჯანხოთელი,,,adg_2021_candidates_unified.xlsx
local_2021,__main__,council_smd,lelo,„ლელო”,,7,ლენტეხი,,9,კობა,გველებიანი,კობა გველებიანი,,,adg_2021_candidates_unified.xlsx
local_2021,__main__,council_smd,lelo,„ლელო”,,2,ლენტეხი,,9,გამზა,ლიპარტელიანი,გამზა ლიპარტელიანი,,,adg_2021_candidates_unified.xlsx
local_2021,__main__,council_smd,lelo,„ლელო”,,3,ლენტეხი,,9,ედიშერი,მეშველიანი,ედიშერი მეშველიანი,,,adg_2021_candidates_unified.xlsx
local_2021,__main__,council_smd,gakharia,გახარია - საქართველოსთვის,,5,ლენტეხი,,25,ალექსი,ლიპარტელიანი,ალექსი ლიპარტელიანი,,,adg_2021_candidates_unified.xlsx
local_2021,__main__,council_smd,gakharia,გახარია - საქართველოსთვის,,3,ლენტეხი,,25,მარიამ,ღვაჩლიანი,მარიამ ღვაჩლიანი,,,adg_2021_candidates_unified.xlsx
local_2021,__main__,council_smd,free_georgia,"„თავისუფალი საქართველო (ზაზა ხატიაშვილი, კახა კუკავა, გრიგოლ ჯოჯუა)”",,5,ლენტეხი,,37,გიორგი,შავრეშიანი,გიორგი შავრეშიანი,,,adg_2021_candidates_unified.xlsx
local_2021,__main__,council_smd,gd,ქართული ოცნება - დემოკრატიული საქართველო,,1,ლენტეხი,,41,ირაკლი,ქურასბედიანი,ირაკლი ქურასბედიანი,,,adg_2021_candidates_unified.xlsx
local_2021,__main__,council_smd,gd,ქართული ოცნება - დემოკრატიული საქართველო,,2,ლენტეხი,,41,მურადი,ჩანქსელიანი,მურადი ჩანქსელიანი,,,adg_2021_candidates_unified.xlsx
local_2021,__main__,council_smd,gd,ქართული ოცნება - დემოკრატიული საქართველო,,3,ლენტეხი,,41,კახა,ლიპარტელიანი,კახა ლიპარტელიანი,,,adg_2021_candidates_unified.xlsx
local_2021,__main__,council_smd,gd,ქართული ოცნება - დემოკრატიული საქართველო,,4,ლენტეხი,,41,დალი,ტვილდიანი,დალი ტვილდიანი,,,adg_2021_candidates_unified.xlsx
local_2021,__main__,council_smd,gd,ქართული ოცნება - დემოკრატიული საქართველო,,5,ლენტეხი,,41,ბერდია,ზურაბიანი,ბერდია ზურაბიანი,,,adg_2021_candidates_unified.xlsx
local_2021,__main__,council_smd,gd,ქართული ოცნება - დემოკრატიული საქართველო,,6,ლენტეხი,,41,ზურაბი,ონიანი,ზურაბი ონიანი,,,adg_2021_candidates_unified.xlsx
local_2021,__main__,council_smd,gd,ქართული ოცნება - დემოკრატიული საქართველო,,7,ლენტეხი,,41,სოსო,ავალიანი,სოსო ავალიანი,,,adg_2021_candidates_unified.xlsx
local_2021,__main__,council_smd,,საინიციატივო ჯგუფი,,6,ლენტეხი,,51,მარიეტა,ნემსაძე,მარიეტა ნემსაძე,,,adg_2021_candidates_unified.xlsx
local_2021,__main__,council_smd,,საინიციატივო ჯგუფი,,4,ლენტეხი,,51,გაბრო,ტვილდიანი,გაბრო ტვილდიანი,,,adg_2021_candidates_unified.xlsx
local_2021,__main__,council_smd,,საინიციატივო ჯგუფი,,6,ლენტეხი,,52,ტარიელ,ონიანი,ტარიელ ონიანი,,,adg_2021_candidates_unified.xlsx
local_2021,__main__,council_smd,third_force,„მესამე ძალა-სტრატეგია აღმაშენებელი”,,1,მესტია,,1,მალხაზ,ფალიანი,მალხაზ ფალიანი,,,adg_2021_candidates_unified.xlsx
local_2021,__main__,council_smd,european_georgia,„ევროპული საქართველო-მოძრაობა თავისუფლებისთვის”,,1,მესტია,,2,დავით,ჯაფარიძე,დავით ჯაფარიძე,,,adg_2021_candidates_unified.xlsx
local_2021,__main__,council_smd,unm,„ერთიანი ნაციონალური მოძრაობა”,,1,მესტია,,5,ლევან,ნაკანი,ლევან ნაკანი,,,adg_2021_candidates_unified.xlsx
local_2021,__main__,council_smd,unm,„ერთიანი ნაციონალური მოძრაობა”,,6,მესტია,,5,ლევან,წერედიანი,ლევან წერედიანი,,,adg_2021_candidates_unified.xlsx
local_2021,__main__,council_smd,unm,„ერთიანი ნაციონალური მოძრაობა”,,10,მესტია,,5,ვახტანგ,ჭკადუა,ვახტანგ ჭკადუა,,,adg_2021_candidates_unified.xlsx
local_2021,__main__,council_smd,patriots,"„დავით თარხან-მოურავი, ირმა ინაშვილი - საქართველოს პატრიოტთა ალიანსი”",,1,მესტია,,8,ერეკლე,საღლიანი,ერეკლე საღლიანი,,,adg_2021_candidates_unified.xlsx
local_2021,__main__,council_smd,lelo,„ლელო”,,3,მესტია,,9,გიორგი,ხვისტანი,გიორგი ხვისტანი,,,adg_2021_candidates_unified.xlsx
local_2021,__main__,council_smd,lelo,„ლელო”,,9,მესტია,,9,ლევანი,ქალდანი,ლევანი ქალდანი,,,adg_2021_candidates_unified.xlsx
local_2021,__main__,council_smd,lelo,„ლელო”,,7,მესტია,,9,ლევანი,გაბულდანი,ლევანი გაბულდანი,,,adg_2021_candidates_unified.xlsx
local_2021,__main__,council_smd,lelo,„ლელო”,,5,მესტია,,9,სანდრო,მერლანი,სანდრო მერლანი,,,adg_2021_candidates_unified.xlsx
local_2021,__main__,council_smd,gakharia,გახარია - საქართველოსთვის,,4,მესტია,,25,ზურაბ,დევდარიანი,ზურაბ დევდარიანი,,,adg_2021_candidates_unified.xlsx
local_2021,__main__,council_smd,gakharia,გახარია - საქართველოსთვის,,5,მესტია,,25,ვიკა,ფილფანი,ვიკა ფილფანი,,,adg_2021_candidates_unified.xlsx
local_2021,__main__,council_smd,gakharia,გახარია - საქართველოსთვის,,1,მესტია,,25,გიორგი,გვარლიანი,გიორგი გვარლიანი,,,adg_2021_candidates_unified.xlsx
local_2021,__main__,council_smd,gakharia,გახარია - საქართველოსთვის,,10,მესტია,,25,ნანა,მუშკუდიანი,ნანა მუშკუდიანი,,,adg_2021_candidates_unified.xlsx
local_2021,__main__,council_smd,gakharia,გახარია - საქართველოსთვის,,7,მესტია,,25,მირანდა,აფრასიძე,მირანდა აფრასიძე,,,adg_2021_candidates_unified.xlsx
local_2021,__main__,council_smd,gakharia,გახარია - საქართველოსთვის,,8,მესტია,,25,რამაზ,გერლიანი,რამაზ გერლიანი,,,adg_2021_candidates_unified.xlsx
local_2021,__main__,council_smd,gakharia,გახარია - საქართველოსთვის,,11,მესტია,,25,ლერი,ნარსავიძე,ლერი ნარსავიძე,,,adg_2021_candidates_unified.xlsx
local_2021,__main__,council_smd,gd,ქართული ოცნება - დემოკრატიული საქართველო,,5,მესტია,,41,შოთა,გულედანი,შოთა გულედანი,,,adg_2021_candidates_unified.xlsx
local_2021,__main__,council_smd,gd,ქართული ოცნება - დემოკრატიული საქართველო,,6,მესტია,,41,ირაკლი,გირგვლიანი,ირაკლი გირგვლიანი,,,adg_2021_candidates_unified.xlsx
local_2021,__main__,council_smd,gd,ქართული ოცნება - დემოკრატიული საქართველო,,8,მესტია,,41,ლაშა,პაკელიანი,ლაშა პაკელიანი,,,adg_2021_candidates_unified.xlsx
local_2021,__main__,council_smd,gd,ქართული ოცნება - დემოკრატიული საქართველო,,9,მესტია,,41,როდამ,გვარმიანი,როდამ გვარმიანი,,,adg_2021_candidates_unified.xlsx
local_2021,__main__,council_smd,gd,ქართული ოცნება - დემოკრატიული საქართველო,,7,მესტია,,41,ბაქარი,კვიციანი,ბაქარი კვიციანი,,,adg_2021_candidates_unified.xlsx
local_2021,__main__,council_smd,gd,ქართული ოცნება - დემოკრატიული საქართველო,,2,მესტია,,41,ანზორ,რატიანი,ანზორ რატიანი,,,adg_2021_candidates_unified.xlsx
local_2021,__main__,council_smd,gd,ქართული ოცნება - დემოკრატიული საქართველო,,3,მესტია,,41,გოჩა,გიგლემიანი,გოჩა გიგლემიანი,,,adg_2021_candidates_unified.xlsx
local_2021,__main__,council_smd,gd,ქართული ოცნება - დემოკრატიული საქართველო,,4,მესტია,,41,კახა,გუჯეჯიანი,კახა გუჯეჯიანი,,,adg_2021_candidates_unified.xlsx
local_2021,__main__,council_smd,gd,ქართული ოცნება - დემოკრატიული საქართველო,,1,მესტია,,41,მაიზერ,ჯაფარიძე,მაიზერ ჯაფარიძე,,,adg_2021_candidates_unified.xlsx
local_2021,__main__,council_smd,gd,ქართული ოცნება - დემოკრატიული საქართველო,,10,მესტია,,41,ვალოდია,ჭკადუა,ვალოდია ჭკადუა,,,adg_2021_candidates_unified.xlsx
local_2021,__main__,council_smd,gd,ქართული ოცნება - დემოკრატიული საქართველო,,11,მესტია,,41,მერაბ,პაკელიანი,მერაბ პაკელიანი,,,adg_2021_candidates_unified.xlsx
local_2021,__main__,council_smd,for_people,„ანა დოლიძე - ხალხისთვის”,,7,მესტია,,48,ნუკრი,კვიციანი,ნუკრი კვიციანი,,,adg_2021_candidates_unified.xlsx
local_2021,__main__,council_smd,for_people,„ანა დოლიძე - ხალხისთვის”,,8,მესტია,,48,სოსო,არღვლიანი,სოსო არღვლიანი,,,adg_2021_candidates_unified.xlsx
local_2021,__main__,council_smd,for_people,„ანა დოლიძე - ხალხისთვის”,,11,მესტია,,48,ბიძინა,ჩხეტიანი,ბიძინა ჩხეტიანი,,,adg_2021_candidates_unified.xlsx
local_2021,__main__,council_smd,for_people,„ანა დოლიძე - ხალხისთვის”,,3,მესტია,,48,ზვიად,კვიციანი,ზვიად კვიციანი,,,adg_2021_candidates_unified.xlsx
local_2021,__main__,council_smd,for_people,„ანა დოლიძე - ხალხისთვის”,,9,მესტია,,48,ლევანი,ნარსავიძე,ლევანი ნარსავიძე,,,adg_2021_candidates_unified.xlsx
local_2021,__main__,council_smd,,საინიციატივო ჯგუფი,,10,მესტია,,51,ჯემალ,ჭკადუა,ჯემალ ჭკადუა,,,adg_2021_candidates_unified.xlsx
local_2021,__main__,council_smd,third_force,„მესამე ძალა-სტრატეგია აღმაშენებელი”,,9,ხარაგაული,,1,ბესიკ,ლაცაბიძე,ბესიკ ლაცაბიძე,,,adg_2021_candidates_unified.xlsx
local_2021,__main__,council_smd,third_force,„მესამე ძალა-სტრატეგია აღმაშენებელი”,,5,ხარაგაული,,1,ლატავრა,ჩინჩალაძე,ლატავრა ჩინჩალაძე,,,adg_2021_candidates_unified.xlsx
local_2021,__main__,council_smd,third_force,„მესამე ძალა-სტრატეგია აღმაშენებელი”,,10,ხარაგაული,,1,შავლეგი,ჭყოიძე,შავლეგი ჭყოიძე,,,adg_2021_candidates_unified.xlsx
local_2021,__main__,council_smd,third_force,„მესამე ძალა-სტრატეგია აღმაშენებელი”,,11,ხარაგაული,,1,ალექსანდრე,მეტრეველი,ალექსანდრე მეტრეველი,,,adg_2021_candidates_unified.xlsx
local_2021,__main__,council_smd,third_force,„მესამე ძალა-სტრატეგია აღმაშენებელი”,,7,ხარაგაული,,1,ლილი,გელაშვილი,ლილი გელაშვილი,,,adg_2021_candidates_unified.xlsx
local_2021,__main__,council_smd,third_force,„მესამე ძალა-სტრატეგია აღმაშენებელი”,,8,ხარაგაული,,1,გიორგი,ლაცაბიძე,გიორგი ლაცაბიძე,,,adg_2021_candidates_unified.xlsx
local_2021,__main__,council_smd,third_force,„მესამე ძალა-სტრატეგია აღმაშენებელი”,,1,ხარაგაული,,1,გიორგი,გელაშვილი,გიორგი გელაშვილი,,,adg_2021_candidates_unified.xlsx
local_2021,__main__,council_smd,third_force,„მესამე ძალა-სტრატეგია აღმაშენებელი”,,2,ხარაგაული,,1,ბესარიონი,ვეფხვაძე,ბესარიონი ვეფხვაძე,,,adg_2021_candidates_unified.xlsx
local_2021,__main__,council_smd,third_force,„მესამე ძალა-სტრატეგია აღმაშენებელი”,,3,ხარაგაული,,1,ფრიდონი,ვეფხვაძე,ფრიდონი ვეფხვაძე,,,adg_2021_candidates_unified.xlsx
local_2021,__main__,council_smd,european_georgia,„ევროპული საქართველო-მოძრაობა თავისუფლებისთვის”,,3,ხარაგაული,,2,ზურაბ,ხიჯაკაძე,ზურაბ ხიჯაკაძე,,,adg_2021_candidates_unified.xlsx
local_2021,__main__,council_smd,european_georgia,„ევროპული საქართველო-მოძრაობა თავისუფლებისთვის”,,7,ხარაგაული,,2,ვეფხვია,გრიგალაშვილი,ვეფხვია გრიგალაშვილი,,,adg_2021_candidates_unified.xlsx
local_2021,__main__,council_smd,european_georgia,„ევროპული საქართველო-მოძრაობა თავისუფლებისთვის”,,4,ხარაგაული,,2,აკაკი,მაჭავარიანი,აკაკი მაჭავარიანი,,,adg_2021_candidates_unified.xlsx
local_2021,__main__,council_smd,unm,„ერთიანი ნაციონალური მოძრაობა”,,10,ხარაგაული,,5,ზოია,ტალახაძე,ზოია ტალახაძე,,,adg_2021_candidates_unified.xlsx
local_2021,__main__,council_smd,unm,„ერთიანი ნაციონალური მოძრაობა”,,11,ხარაგაული,,5,ლილი,ბაბლუანი,ლილი ბაბლუანი,,,adg_2021_candidates_unified.xlsx
local_2021,__main__,council_smd,unm,„ერთიანი ნაციონალური მოძრაობა”,,5,ხარაგაული,,5,ქეთევან,ზუმბაძე,ქეთევან ზუმბაძე,,,adg_2021_candidates_unified.xlsx
local_2021,__main__,council_smd,unm,„ერთიანი ნაციონალური მოძრაობა”,,7,ხარაგაული,,5,ბადრი,ხაჩიძე,ბადრი ხაჩიძე,,,adg_2021_candidates_unified.xlsx
local_2021,__main__,council_smd,unm,„ერთიანი ნაციონალური მოძრაობა”,,8,ხარაგაული,,5,თეიმურაზ,მაღლაკელიძე,თეიმურაზ მაღლაკელიძე,,,adg_2021_candidates_unified.xlsx
local_2021,__main__,council_smd,unm,„ერთიანი ნაციონალური მოძრაობა”,,9,ხარაგაული,,5,ზვიადი,არევაძე,ზვიადი არევაძე,,,adg_2021_candidates_unified.xlsx
local_2021,__main__,council_smd,unm,„ერთიანი ნაციონალური მოძრაობა”,,1,ხარაგაული,,5,ბაქარი,ბარბაქაძე,ბაქარი ბარბაქაძე,,,adg_2021_candidates_unified.xlsx
local_2021,__main__,council_smd,unm,„ერთიანი ნაციონალური მოძრაობა”,,2,ხარაგაული,,5,ჯაბა,ჩაჩანიძე,ჯაბა ჩაჩანიძე,,,adg_2021_candidates_unified.xlsx
local_2021,__main__,council_smd,unm,„ერთიანი ნაციონალური მოძრაობა”,,3,ხარაგაული,,5,კობა,გოგსაძე,კობა გოგსაძე,,,adg_2021_candidates_unified.xlsx
local_2021,__main__,council_smd,unm,„ერთიანი ნაციონალური მოძრაობა”,,4,ხარაგაული,,5,ნანა,გორგაძე,ნანა გორგაძე,,,adg_2021_candidates_unified.xlsx
local_2021,__main__,council_smd,unm,„ერთიანი ნაციონალური მოძრაობა”,,6,ხარაგაული,,5,თამაზი,ლომიძე,თამაზი ლომიძე,,,adg_2021_candidates_unified.xlsx
local_2021,__main__,council_smd,patriots,"„დავით თარხან-მოურავი, ირმა ინაშვილი - საქართველოს პატრიოტთა ალიანსი”",,1,ხარაგაული,,8,თეიმურაზ,ფცქიალაძე,თეიმურაზ ფცქიალაძე,,,adg_2021_candidates_unified.xlsx
local_2021,__main__,council_smd,patriots,"„დავით თარხან-მოურავი, ირმა ინაშვილი - საქართველოს პატრიოტთა ალიანსი”",,5,ხარაგაული,,8,თამარი,წიქარიშვილი,თამარი წიქარიშვილი,,,adg_2021_candidates_unified.xlsx
local_2021,__main__,council_smd,patriots,"„დავით თარხან-მოურავი, ირმა ინაშვილი - საქართველოს პატრიოტთა ალიანსი”",,11,ხარაგაული,,8,საბა,ბლუაშვილი,საბა ბლუაშვილი,,,adg_2021_candidates_unified.xlsx
local_2021,__main__,council_smd,patriots,"„დავით თარხან-მოურავი, ირმა ინაშვილი - საქართველოს პატრიოტთა ალიანსი”",,6,ხარაგაული,,8,თემური,ბლიაძე,თემური ბლიაძე,,,adg_2021_candidates_unified.xlsx
local_2021,__main__,council_smd,patriots,"„დავით თარხან-მოურავი, ირმა ინაშვილი - საქართველოს პატრიოტთა ალიანსი”",,9,ხარაგაული,,8,გიორგი,შარიქაძე,გიორგი შარიქაძე,,,adg_2021_candidates_unified.xlsx
local_2021,__main__,council_smd,patriots,"„დავით თარხან-მოურავი, ირმა ინაშვილი - საქართველოს პატრიოტთა ალიანსი”",,4,ხარაგაული,,8,მერაბი,კალანდაძე,მერაბი კალანდაძე,,,adg_2021_candidates_unified.xlsx
local_2021,__main__,council_smd,patriots,"„დავით თარხან-მოურავი, ირმა ინაშვილი - საქართველოს პატრიოტთა ალიანსი”",,7,ხარაგაული,,8,ამირან,გოგოლაძე,ამირან გოგოლაძე,,,adg_2021_candidates_unified.xlsx
local_2021,__main__,council_smd,patriots,"„დავით თარხან-მოურავი, ირმა ინაშვილი - საქართველოს პატრიოტთა ალიანსი”",,3,ხარაგაული,,8,ლია,ბერაძე,ლია ბერაძე,,,adg_2021_candidates_unified.xlsx
local_2021,__main__,council_smd,lelo,„ლელო”,,1,ხარაგაული,,9,მაია,შავიძე,მაია შავიძე,,,adg_2021_candidates_unified.xlsx
local_2021,__main__,council_smd,lelo,„ლელო”,,3,ხარაგაული,,9,საშიკო,ხიჯაკაძე,საშიკო ხიჯაკაძე,,,adg_2021_candidates_unified.xlsx
local_2021,__main__,council_smd,lelo,„ლელო”,,11,ხარაგაული,,9,ხვიჩა,გურგენიძე,ხვიჩა გურგენიძე,,,adg_2021_candidates_unified.xlsx
local_2021,__main__,council_smd,lelo,„ლელო”,,9,ხარაგაული,,9,ინგა,მაღრაძე,ინგა მაღრაძე,,,adg_2021_candidates_unified.xlsx
local_2021,__main__,council_smd,lelo,„ლელო”,,5,ხარაგაული,,9,ნიკოლოზ,ბირკაძე,ნიკოლოზ ბირკაძე,,,adg_2021_candidates_unified.xlsx
local_2021,__main__,council_smd,lelo,„ლელო”,,7,ხარაგაული,,9,ჯონი,ცისკაძე,ჯონი ცისკაძე,,,adg_2021_candidates_unified.xlsx
local_2021,__main__,council_smd,lelo,„ლელო”,,10,ხარაგაული,,9,ქეთევან,ლაცაბიძე,ქეთევან ლაცაბიძე,,,adg_2021_candidates_unified.xlsx
local_2021,__main__,council_smd,lelo,„ლელო”,,6,ხარაგაული,,9,ომარ,გაგოშიძე,ომარ გაგოშიძე,,,adg_2021_candidates_unified.xlsx
local_2021,__main__,council_smd,lelo,„ლელო”,,2,ხარაგაული,,9,ვიტალი,ორლოვი,ვიტალი ორლოვი,,,adg_2021_candidates_unified.xlsx
local_2021,__main__,council_smd,gakharia,გახარია - საქართველოსთვის,,3,ხარაგაული,,25,კონსტანტინე,ბერაძე,კონსტანტინე ბერაძე,,,adg_2021_candidates_unified.xlsx
local_2021,__main__,council_smd,gakharia,გახარია - საქართველოსთვის,,2,ხარაგაული,,25,ზურაბ,გიორგიძე,ზურაბ გიორგიძე,,,adg_2021_candidates_unified.xlsx
local_2021,__main__,council_smd,gakharia,გახარია - საქართველოსთვის,,1,ხარაგაული,,25,ვახტანგ,ჭანკვეტაძე,ვახტანგ ჭანკვეტაძე,,,adg_2021_candidates_unified.xlsx
local_2021,__main__,council_smd,gakharia,გახარია - საქართველოსთვის,,9,ხარაგაული,,25,ამირან,მაღრაძე,ამირან მაღრაძე,,,adg_2021_candidates_unified.xlsx
local_2021,__main__,council_smd,gakharia,გახარია - საქართველოსთვის,,11,ხარაგაული,,25,თეა,გობიანი,თეა გობიანი,,,adg_2021_candidates_unified.xlsx
local_2021,__main__,council_smd,gakharia,გახარია - საქართველოსთვის,,10,ხარაგაული,,25,ვახტანგ,ლაცაბიძე,ვახტანგ ლაცაბიძე,,,adg_2021_candidates_unified.xlsx
local_2021,__main__,council_smd,gakharia,გახარია - საქართველოსთვის,,4,ხარაგაული,,25,კახა,კამკამიძე,კახა კამკამიძე,,,adg_2021_candidates_unified.xlsx
local_2021,__main__,council_smd,gakharia,გახარია - საქართველოსთვის,,6,ხარაგაული,,25,გივი,მაისურაძე,გივი მაისურაძე,,,adg_2021_candidates_unified.xlsx
local_2021,__main__,council_smd,free_georgia,"„თავისუფალი საქართველო (ზაზა ხატიაშვილი, კახა კუკავა, გრიგოლ ჯოჯუა)”",,11,ხარაგაული,,37,მალხაზი,ყრუაშვილი,მალხაზი ყრუაშვილი,,,adg_2021_candidates_unified.xlsx
local_2021,__main__,council_smd,gd,ქართული ოცნება - დემოკრატიული საქართველო,,8,ხარაგაული,,41,ვახტანგი,ტალახაძე,ვახტანგი ტალახაძე,,,adg_2021_candidates_unified.xlsx
local_2021,__main__,council_smd,gd,ქართული ოცნება - დემოკრატიული საქართველო,,1,ხარაგაული,,41,ბესიკი,კვირიკაშვილი,ბესიკი კვირიკაშვილი,,,adg_2021_candidates_unified.xlsx
local_2021,__main__,council_smd,gd,ქართული ოცნება - დემოკრატიული საქართველო,,2,ხარაგაული,,41,კიაზო,გამრეკელაშვილი,კიაზო გამრეკელაშვილი,,,adg_2021_candidates_unified.xlsx
local_2021,__main__,council_smd,gd,ქართული ოცნება - დემოკრატიული საქართველო,,3,ხარაგაული,,41,შმაგი,ხიჯაკაძე,შმაგი ხიჯაკაძე,,,adg_2021_candidates_unified.xlsx
local_2021,__main__,council_smd,gd,ქართული ოცნება - დემოკრატიული საქართველო,,4,ხარაგაული,,41,პავლე,კიკალიშვილი,პავლე კიკალიშვილი,,,adg_2021_candidates_unified.xlsx
local_2021,__main__,council_smd,gd,ქართული ოცნება - დემოკრატიული საქართველო,,5,ხარაგაული,,41,იამზე,პაქსაშვილი,იამზე პაქსაშვილი,,,adg_2021_candidates_unified.xlsx
local_2021,__main__,council_smd,gd,ქართული ოცნება - დემოკრატიული საქართველო,,6,ხარაგაული,,41,ლენა,აბაშიძე,ლენა აბაშიძე,,,adg_2021_candidates_unified.xlsx
local_2021,__main__,council_smd,gd,ქართული ოცნება - დემოკრატიული საქართველო,,7,ხარაგაული,,41,დოდო,ხაჩიძე,დოდო ხაჩიძე,,,adg_2021_candidates_unified.xlsx
local_2021,__main__,council_smd,gd,ქართული ოცნება - დემოკრატიული საქართველო,,11,ხარაგაული,,41,დავით,კიკნაძე,დავით კიკნაძე,,,adg_2021_candidates_unified.xlsx
local_2021,__main__,council_smd,gd,ქართული ოცნება - დემოკრატიული საქართველო,,9,ხარაგაული,,41,ვერა,ოდიკაძე,ვერა ოდიკაძე,,,adg_2021_candidates_unified.xlsx
local_2021,__main__,council_smd,gd,ქართული ოცნება - დემოკრატიული საქართველო,,10,ხარაგაული,,41,მერაბი,ტალახაძე,მერაბი ტალახაძე,,,adg_2021_candidates_unified.xlsx
local_2021,__main__,council_smd,third_force,„მესამე ძალა-სტრატეგია აღმაშენებელი”,,9,თერჯოლა,,1,პეტრე,ჩიქვილაძე,პეტრე ჩიქვილაძე,,,adg_2021_candidates_unified.xlsx
local_2021,__main__,council_smd,third_force,„მესამე ძალა-სტრატეგია აღმაშენებელი”,,1,თერჯოლა,,1,ხათუნა,კაკაბაძე,ხათუნა კაკაბაძე,,,adg_2021_candidates_unified.xlsx
local_2021,__main__,council_smd,third_force,„მესამე ძალა-სტრატეგია აღმაშენებელი”,,2,თერჯოლა,,1,იპოლიტე,ამბროლაძე,იპოლიტე ამბროლაძე,,,adg_2021_candidates_unified.xlsx
local_2021,__main__,council_smd,third_force,„მესამე ძალა-სტრატეგია აღმაშენებელი”,,7,თერჯოლა,,1,გიორგი,იაშვილი,გიორგი იაშვილი,,,adg_2021_candidates_unified.xlsx
local_2021,__main__,council_smd,third_force,„მესამე ძალა-სტრატეგია აღმაშენებელი”,,4,თერჯოლა,,1,მალხაზი,გვენეტაძე,მალხაზი გვენეტაძე,,,adg_2021_candidates_unified.xlsx
local_2021,__main__,council_smd,third_force,„მესამე ძალა-სტრატეგია აღმაშენებელი”,,6,თერჯოლა,,1,გია,გეწაძე,გია გეწაძე,,,adg_2021_candidates_unified.xlsx
local_2021,__main__,council_smd,european_georgia,„ევროპული საქართველო-მოძრაობა თავისუფლებისთვის”,,7,თერჯოლა,,2,რუსუდან,კოვზირიძე,რუსუდან კოვზირიძე,,,adg_2021_candidates_unified.xlsx
local_2021,__main__,council_smd,european_georgia,„ევროპული საქართველო-მოძრაობა თავისუფლებისთვის”,,8,თერჯოლა,,2,ტარიელი,ფანჩულიძე,ტარიელი ფანჩულიძე,,,adg_2021_candidates_unified.xlsx
local_2021,__main__,council_smd,european_georgia,„ევროპული საქართველო-მოძრაობა თავისუფლებისთვის”,,4,თერჯოლა,,2,როლანდი,მესხი,როლანდი მესხი,,,adg_2021_candidates_unified.xlsx
local_2021,__main__,council_smd,european_georgia,„ევროპული საქართველო-მოძრაობა თავისუფლებისთვის”,,6,თერჯოლა,,2,მიხეილი,კვატაია,მიხეილი კვატაია,,,adg_2021_candidates_unified.xlsx
local_2021,__main__,council_smd,unm,„ერთიანი ნაციონალური მოძრაობა”,,3,თერჯოლა,,5,მერაბი,ბასილაძე,მერაბი ბასილაძე,,,adg_2021_candidates_unified.xlsx
local_2021,__main__,council_smd,unm,„ერთიანი ნაციონალური მოძრაობა”,,10,თერჯოლა,,5,კონსტანტინე,ზარნაძე,კონსტანტინე ზარნაძე,,,adg_2021_candidates_unified.xlsx
local_2021,__main__,council_smd,unm,„ერთიანი ნაციონალური მოძრაობა”,,9,თერჯოლა,,5,გელა,გამეზარდაშვილი,გელა გამეზარდაშვილი,,,adg_2021_candidates_unified.xlsx
local_2021,__main__,council_smd,unm,„ერთიანი ნაციონალური მოძრაობა”,,2,თერჯოლა,,5,ამირან,მაკარიძე,ამირან მაკარიძე,,,adg_2021_candidates_unified.xlsx
local_2021,__main__,council_smd,unm,„ერთიანი ნაციონალური მოძრაობა”,,5,თერჯოლა,,5,ფრიდონ,გვენეტაძე,ფრიდონ გვენეტაძე,,,adg_2021_candidates_unified.xlsx
local_2021,__main__,council_smd,unm,„ერთიანი ნაციონალური მოძრაობა”,,1,თერჯოლა,,5,კობა,კირკიტაძე,კობა კირკიტაძე,,,adg_2021_candidates_unified.xlsx
local_2021,__main__,council_smd,patriots,"„დავით თარხან-მოურავი, ირმა ინაშვილი - საქართველოს პატრიოტთა ალიანსი”",,2,თერჯოლა,,8,მირზა,ხუჯაძე,მირზა ხუჯაძე,,,adg_2021_candidates_unified.xlsx
local_2021,__main__,council_smd,patriots,"„დავით თარხან-მოურავი, ირმა ინაშვილი - საქართველოს პატრიოტთა ალიანსი”",,1,თერჯოლა,,8,ხვიჩა,წკეპლაძე,ხვიჩა წკეპლაძე,,,adg_2021_candidates_unified.xlsx
local_2021,__main__,council_smd,patriots,"„დავით თარხან-მოურავი, ირმა ინაშვილი - საქართველოს პატრიოტთა ალიანსი”",,8,თერჯოლა,,8,ქეთევანი,მემანიშვილი,ქეთევანი მემანიშვილი,,,adg_2021_candidates_unified.xlsx
local_2021,__main__,council_smd,patriots,"„დავით თარხან-მოურავი, ირმა ინაშვილი - საქართველოს პატრიოტთა ალიანსი”",,10,თერჯოლა,,8,გრიგოლ,არაბიძე,გრიგოლ არაბიძე,,,adg_2021_candidates_unified.xlsx
local_2021,__main__,council_smd,patriots,"„დავით თარხან-მოურავი, ირმა ინაშვილი - საქართველოს პატრიოტთა ალიანსი”",,9,თერჯოლა,,8,თამუნა,გიორგაძე,თამუნა გიორგაძე,,,adg_2021_candidates_unified.xlsx
local_2021,__main__,council_smd,patriots,"„დავით თარხან-მოურავი, ირმა ინაშვილი - საქართველოს პატრიოტთა ალიანსი”",,4,თერჯოლა,,8,ბადრი,ქარქაშაძე,ბადრი ქარქაშაძე,,,adg_2021_candidates_unified.xlsx
local_2021,__main__,council_smd,patriots,"„დავით თარხან-მოურავი, ირმა ინაშვილი - საქართველოს პატრიოტთა ალიანსი”",,6,თერჯოლა,,8,გია,ჩხეიძე,გია ჩხეიძე,,,adg_2021_candidates_unified.xlsx
local_2021,__main__,council_smd,lelo,„ლელო”,,9,თერჯოლა,,9,ნათია,უფლისაშვილი,ნათია უფლისაშვილი,,,adg_2021_candidates_unified.xlsx
local_2021,__main__,council_smd,gakharia,გახარია - საქართველოსთვის,,10,თერჯოლა,,25,ბუდუ,ბუიძე,ბუდუ ბუიძე,,,adg_2021_candidates_unified.xlsx
local_2021,__main__,council_smd,gakharia,გახარია - საქართველოსთვის,,1,თერჯოლა,,25,ტარიელ,ლილუაშვილი,ტარიელ ლილუაშვილი,,,adg_2021_candidates_unified.xlsx
local_2021,__main__,council_smd,gakharia,გახარია - საქართველოსთვის,,4,თერჯოლა,,25,სულიკო,ზარნაძე,სულიკო ზარნაძე,,,adg_2021_candidates_unified.xlsx
local_2021,__main__,council_smd,gakharia,გახარია - საქართველოსთვის,,6,თერჯოლა,,25,ბესიკ,ცხადაძე,ბესიკ ცხადაძე,,,adg_2021_candidates_unified.xlsx
local_2021,__main__,council_smd,gakharia,გახარია - საქართველოსთვის,,7,თერჯოლა,,25,კახაბერ,რობაქიძე,კახაბერ რობაქიძე,,,adg_2021_candidates_unified.xlsx
local_2021,__main__,council_smd,gakharia,გახარია - საქართველოსთვის,,8,თერჯოლა,,25,დავით,ჯაბიძე,დავით ჯაბიძე,,,adg_2021_candidates_unified.xlsx
local_2021,__main__,council_smd,gakharia,გახარია - საქართველოსთვის,,9,თერჯოლა,,25,მიხეილ,ჩუბინიძე,მიხეილ ჩუბინიძე,,,adg_2021_candidates_unified.xlsx
local_2021,__main__,council_smd,free_georgia,"„თავისუფალი საქართველო (ზაზა ხატიაშვილი, კახა კუკავა, გრიგოლ ჯოჯუა)”",,6,თერჯოლა,,37,სანდრო,ლეკვეიშვილი,სანდრო ლეკვეიშვილი,,,adg_2021_candidates_unified.xlsx
local_2021,__main__,council_smd,gd,ქართული ოცნება - დემოკრატიული საქართველო,,9,თერჯოლა,,41,დავითი,გოგბერაშვილი,დავითი გოგბერაშვილი,,,adg_2021_candidates_unified.xlsx
local_2021,__main__,council_smd,gd,ქართული ოცნება - დემოკრატიული საქართველო,,10,თერჯოლა,,41,მანუჩარი,ფანჩულიძე,მანუჩარი ფანჩულიძე,,,adg_2021_candidates_unified.xlsx
local_2021,__main__,council_smd,gd,ქართული ოცნება - დემოკრატიული საქართველო,,1,თერჯოლა,,41,ელისო,მურადაშვილი,ელისო მურადაშვილი,,,adg_2021_candidates_unified.xlsx
local_2021,__main__,council_smd,gd,ქართული ოცნება - დემოკრატიული საქართველო,,2,თერჯოლა,,41,გრიგოლ,გიორგაძე,გრიგოლ გიორგაძე,,,adg_2021_candidates_unified.xlsx
local_2021,__main__,council_smd,gd,ქართული ოცნება - დემოკრატიული საქართველო,,3,თერჯოლა,,41,კახაბერ,წივწივაძე,კახაბერ წივწივაძე,,,adg_2021_candidates_unified.xlsx
local_2021,__main__,council_smd,gd,ქართული ოცნება - დემოკრატიული საქართველო,,4,თერჯოლა,,41,გიორგი,ქასრაშვილი,გიორგი ქასრაშვილი,,,adg_2021_candidates_unified.xlsx
local_2021,__main__,council_smd,gd,ქართული ოცნება - დემოკრატიული საქართველო,,5,თერჯოლა,,41,გოჩა,ვერულაშვილი,გოჩა ვერულაშვილი,,,adg_2021_candidates_unified.xlsx
local_2021,__main__,council_smd,gd,ქართული ოცნება - დემოკრატიული საქართველო,,6,თერჯოლა,,41,ჯემალი,ისაკაძე,ჯემალი ისაკაძე,,,adg_2021_candidates_unified.xlsx
local_2021,__main__,council_smd,gd,ქართული ოცნება - დემოკრატიული საქართველო,,7,თერჯოლა,,41,შალვა,ჭანკვეტაძე,შალვა ჭანკვეტაძე,,,adg_2021_candidates_unified.xlsx
local_2021,__main__,council_smd,gd,ქართული ოცნება - დემოკრატიული საქართველო,,8,თერჯოლა,,41,ბადრი,ბუცხრიკიძე,ბადრი ბუცხრიკიძე,,,adg_2021_candidates_unified.xlsx
local_2021,__main__,council_smd,,საინიციატივო ჯგუფი,,5,თერჯოლა,,52,მამული,კოვზირიძე,მამული კოვზირიძე,,,adg_2021_candidates_unified.xlsx
local_2021,__main__,council_smd,,საინიციატივო ჯგუფი,,10,თერჯოლა,,53,ლია,რობაქიძე,ლია რობაქიძე,,,adg_2021_candidates_unified.xlsx
local_2021,__main__,council_smd,third_force,„მესამე ძალა-სტრატეგია აღმაშენებელი”,,5,საჩხერე,,1,თამაზ,დოღაძე,თამაზ დოღაძე,,,adg_2021_candidates_unified.xlsx
local_2021,__main__,council_smd,european_georgia,„ევროპული საქართველო-მოძრაობა თავისუფლებისთვის”,,3,საჩხერე,,2,ტარიელი,გულიაშვილი,ტარიელი გულიაშვილი,,,adg_2021_candidates_unified.xlsx
local_2021,__main__,council_smd,european_georgia,„ევროპული საქართველო-მოძრაობა თავისუფლებისთვის”,,4,საჩხერე,,2,ჯემალი,ლაბაძე,ჯემალი ლაბაძე,,,adg_2021_candidates_unified.xlsx
local_2021,__main__,council_smd,european_georgia,„ევროპული საქართველო-მოძრაობა თავისუფლებისთვის”,,10,საჩხერე,,2,ნათია,მაკასარაშვილი,ნათია მაკასარაშვილი,,,adg_2021_candidates_unified.xlsx
local_2021,__main__,council_smd,unm,„ერთიანი ნაციონალური მოძრაობა”,,1,საჩხერე,,5,თედორე,კალმახელიძე,თედორე კალმახელიძე,,,adg_2021_candidates_unified.xlsx
local_2021,__main__,council_smd,unm,„ერთიანი ნაციონალური მოძრაობა”,,2,საჩხერე,,5,ვალია,ცუხიშვილი,ვალია ცუხიშვილი,,,adg_2021_candidates_unified.xlsx
local_2021,__main__,council_smd,unm,„ერთიანი ნაციონალური მოძრაობა”,,3,საჩხერე,,5,ნატო,კაპანაძე,ნატო კაპანაძე,,,adg_2021_candidates_unified.xlsx
local_2021,__main__,council_smd,unm,„ერთიანი ნაციონალური მოძრაობა”,,5,საჩხერე,,5,შალვა,ვაშაძე,შალვა ვაშაძე,,,adg_2021_candidates_unified.xlsx
local_2021,__main__,council_smd,unm,„ერთიანი ნაციონალური მოძრაობა”,,6,საჩხერე,,5,ვაჟა,კაპანაძე,ვაჟა კაპანაძე,,,adg_2021_candidates_unified.xlsx
local_2021,__main__,council_smd,unm,„ერთიანი ნაციონალური მოძრაობა”,,7,საჩხერე,,5,ზურაბ,კალმახელიძე,ზურაბ კალმახელიძე,,,adg_2021_candidates_unified.xlsx
local_2021,__main__,council_smd,unm,„ერთიანი ნაციონალური მოძრაობა”,,8,საჩხერე,,5,მერაბ,შაორშაძე,მერაბ შაორშაძე,,,adg_2021_candidates_unified.xlsx
local_2021,__main__,council_smd,unm,„ერთიანი ნაციონალური მოძრაობა”,,9,საჩხერე,,5,გივი,ცერცვაძე,გივი ცერცვაძე,,,adg_2021_candidates_unified.xlsx
local_2021,__main__,council_smd,unm,„ერთიანი ნაციონალური მოძრაობა”,,10,საჩხერე,,5,სალომე,ჭიღლაძე,სალომე ჭიღლაძე,,,adg_2021_candidates_unified.xlsx
local_2021,__main__,council_smd,unm,„ერთიანი ნაციონალური მოძრაობა”,,11,საჩხერე,,5,ნინო,ნადირაძე,ნინო ნადირაძე,,,adg_2021_candidates_unified.xlsx
local_2021,__main__,council_smd,lelo,„ლელო”,,9,საჩხერე,,9,გელა,ტყემალაძე,გელა ტყემალაძე,,,adg_2021_candidates_unified.xlsx
local_2021,__main__,council_smd,lelo,„ლელო”,,1,საჩხერე,,9,ტარიელ,ტყემალაძე,ტარიელ ტყემალაძე,,,adg_2021_candidates_unified.xlsx
local_2021,__main__,council_smd,lelo,„ლელო”,,2,საჩხერე,,9,ნანა,აბესაძე,ნანა აბესაძე,,,adg_2021_candidates_unified.xlsx
local_2021,__main__,council_smd,lelo,„ლელო”,,3,საჩხერე,,9,მურთაზი,გაბაძე,მურთაზი გაბაძე,,,adg_2021_candidates_unified.xlsx
local_2021,__main__,council_smd,lelo,„ლელო”,,4,საჩხერე,,9,ლაშა,სოფრომაძე,ლაშა სოფრომაძე,,,adg_2021_candidates_unified.xlsx
local_2021,__main__,council_smd,lelo,„ლელო”,,7,საჩხერე,,9,ელგუჯა,ჭიღლაძე,ელგუჯა ჭიღლაძე,,,adg_2021_candidates_unified.xlsx
local_2021,__main__,council_smd,gakharia,გახარია - საქართველოსთვის,,1,საჩხერე,,25,შორენა,დარბაიძე,შორენა დარბაიძე,,,adg_2021_candidates_unified.xlsx
local_2021,__main__,council_smd,gakharia,გახარია - საქართველოსთვის,,2,საჩხერე,,25,ირაკლი,გაბაძე,ირაკლი გაბაძე,,,adg_2021_candidates_unified.xlsx
local_2021,__main__,council_smd,gakharia,გახარია - საქართველოსთვის,,3,საჩხერე,,25,ნანა,გოგატიშვილი,ნანა გოგატიშვილი,,,adg_2021_candidates_unified.xlsx
local_2021,__main__,council_smd,gakharia,გახარია - საქართველოსთვის,,5,საჩხერე,,25,ტიტე,ძინძიბაძე,ტიტე ძინძიბაძე,,,adg_2021_candidates_unified.xlsx
local_2021,__main__,council_smd,gakharia,გახარია - საქართველოსთვის,,7,საჩხერე,,25,გიორგი,იაკობაშვილი,გიორგი იაკობაშვილი,,,adg_2021_candidates_unified.xlsx
local_2021,__main__,council_smd,gakharia,გახარია - საქართველოსთვის,,8,საჩხერე,,25,ვასილ,ვაჭრიძე,ვასილ ვაჭრიძე,,,adg_2021_candidates_unified.xlsx
local_2021,__main__,council_smd,gakharia,გახარია - საქართველოსთვის,,9,საჩხერე,,25,სოფიკო,ნოზაძე,სოფიკო ნოზაძე,,,adg_2021_candidates_unified.xlsx
local_2021,__main__,council_smd,gakharia,გახარია - საქართველოსთვის,,10,საჩხერე,,25,კოსტანტინე,აბაშიძე,კოსტანტინე აბაშიძე,,,adg_2021_candidates_unified.xlsx
local_2021,__main__,council_smd,gakharia,გახარია - საქართველოსთვის,,11,საჩხერე,,25,ნანული,წერეთელი,ნანული წერეთელი,,,adg_2021_candidates_unified.xlsx
local_2021,__main__,council_smd,gakharia,გახარია - საქართველოსთვის,,4,საჩხერე,,25,ვალერი,ბარბაქაძე,ვალერი ბარბაქაძე,,,adg_2021_candidates_unified.xlsx
local_2021,__main__,council_smd,gakharia,გახარია - საქართველოსთვის,,6,საჩხერე,,25,ნინო,სულაბერიძე,ნინო სულაბერიძე,,,adg_2021_candidates_unified.xlsx
local_2021,__main__,council_smd,gd,ქართული ოცნება - დემოკრატიული საქართველო,,1,საჩხერე,,41,გივი,კუჭაშვილი,გივი კუჭაშვილი,,,adg_2021_candidates_unified.xlsx
local_2021,__main__,council_smd,gd,ქართული ოცნება - დემოკრატიული საქართველო,,2,საჩხერე,,41,მარინა,წერეთელი,მარინა წერეთელი,,,adg_2021_candidates_unified.xlsx
local_2021,__main__,council_smd,gd,ქართული ოცნება - დემოკრატიული საქართველო,,3,საჩხერე,,41,იოსებ,გოგიტაძე,იოსებ გოგიტაძე,,,adg_2021_candidates_unified.xlsx
local_2021,__main__,council_smd,gd,ქართული ოცნება - დემოკრატიული საქართველო,,4,საჩხერე,,41,იაგო,ბერიძე,იაგო ბერიძე,,,adg_2021_candidates_unified.xlsx
local_2021,__main__,council_smd,gd,ქართული ოცნება - დემოკრატიული საქართველო,,5,საჩხერე,,41,ტარიელ,ხვედელიძე,ტარიელ ხვედელიძე,,,adg_2021_candidates_unified.xlsx
local_2021,__main__,council_smd,gd,ქართული ოცნება - დემოკრატიული საქართველო,,6,საჩხერე,,41,მამუკა,ბედიანიძე,მამუკა ბედიანიძე,,,adg_2021_candidates_unified.xlsx
local_2021,__main__,council_smd,gd,ქართული ოცნება - დემოკრატიული საქართველო,,7,საჩხერე,,41,კობა,ხვედელიძე,კობა ხვედელიძე,,,adg_2021_candidates_unified.xlsx
local_2021,__main__,council_smd,gd,ქართული ოცნება - დემოკრატიული საქართველო,,8,საჩხერე,,41,ირაკლი,ჩხიკვაძე,ირაკლი ჩხიკვაძე,,,adg_2021_candidates_unified.xlsx
local_2021,__main__,council_smd,gd,ქართული ოცნება - დემოკრატიული საქართველო,,9,საჩხერე,,41,დავით,მაჭარაშვილი,დავით მაჭარაშვილი,,,adg_2021_candidates_unified.xlsx
local_2021,__main__,council_smd,gd,ქართული ოცნება - დემოკრატიული საქართველო,,10,საჩხერე,,41,გაიოზი,დავაძე,გაიოზი დავაძე,,,adg_2021_candidates_unified.xlsx
local_2021,__main__,council_smd,gd,ქართული ოცნება - დემოკრატიული საქართველო,,11,საჩხერე,,41,ანტონი,კერესელიძე,ანტონი კერესელიძე,,,adg_2021_candidates_unified.xlsx
local_2021,__main__,council_smd,,საინიციატივო ჯგუფი,,7,საჩხერე,,51,ლამზირა,კირვალიძე,ლამზირა კირვალიძე,,,adg_2021_candidates_unified.xlsx
local_2021,__main__,council_smd,third_force,„მესამე ძალა-სტრატეგია აღმაშენებელი”,,2,ზესტაფონი,,1,ზაურ,პეტრიაშვილი,ზაურ პეტრიაშვილი,,,adg_2021_candidates_unified.xlsx
local_2021,__main__,council_smd,third_force,„მესამე ძალა-სტრატეგია აღმაშენებელი”,,11,ზესტაფონი,,1,პაატა,ლუტიძე,პაატა ლუტიძე,,,adg_2021_candidates_unified.xlsx
local_2021,__main__,council_smd,third_force,„მესამე ძალა-სტრატეგია აღმაშენებელი”,,1,ზესტაფონი,,1,ვარლამი,სირდაძე,ვარლამი სირდაძე,,,adg_2021_candidates_unified.xlsx
local_2021,__main__,council_smd,third_force,„მესამე ძალა-სტრატეგია აღმაშენებელი”,,3,ზესტაფონი,,1,ვახტანგი,რობაქიძე,ვახტანგი რობაქიძე,,,adg_2021_candidates_unified.xlsx
local_2021,__main__,council_smd,european_georgia,„ევროპული საქართველო-მოძრაობა თავისუფლებისთვის”,,5,ზესტაფონი,,2,ამირან,წაქაძე,ამირან წაქაძე,,,adg_2021_candidates_unified.xlsx
local_2021,__main__,council_smd,european_georgia,„ევროპული საქართველო-მოძრაობა თავისუფლებისთვის”,,2,ზესტაფონი,,2,გოჩა,მაკარიძე,გოჩა მაკარიძე,,,adg_2021_candidates_unified.xlsx
local_2021,__main__,council_smd,european_georgia,„ევროპული საქართველო-მოძრაობა თავისუფლებისთვის”,,3,ზესტაფონი,,2,ზვიადი,სარდანაძე,ზვიადი სარდანაძე,,,adg_2021_candidates_unified.xlsx
local_2021,__main__,council_smd,european_georgia,„ევროპული საქართველო-მოძრაობა თავისუფლებისთვის”,,10,ზესტაფონი,,2,მამუკა,ჭიჭინაძე,მამუკა ჭიჭინაძე,,,adg_2021_candidates_unified.xlsx
local_2021,__main__,council_smd,european_georgia,„ევროპული საქართველო-მოძრაობა თავისუფლებისთვის”,,12,ზესტაფონი,,2,გელა,სხილაძე,გელა სხილაძე,,,adg_2021_candidates_unified.xlsx
local_2021,__main__,council_smd,european_georgia,„ევროპული საქართველო-მოძრაობა თავისუფლებისთვის”,,13,ზესტაფონი,,2,თეიმურაზ,ფერაძე,თეიმურაზ ფერაძე,,,adg_2021_candidates_unified.xlsx
local_2021,__main__,council_smd,european_georgia,„ევროპული საქართველო-მოძრაობა თავისუფლებისთვის”,,8,ზესტაფონი,,2,რუსუდან,ონიანი,რუსუდან ონიანი,,,adg_2021_candidates_unified.xlsx
local_2021,__main__,council_smd,european_georgia,„ევროპული საქართველო-მოძრაობა თავისუფლებისთვის”,,6,ზესტაფონი,,2,ხვიჩა,გორგოძე,ხვიჩა გორგოძე,,,adg_2021_candidates_unified.xlsx
local_2021,__main__,council_smd,unm,„ერთიანი ნაციონალური მოძრაობა”,,1,ზესტაფონი,,5,ოთარი,მაღლაკელიძე,ოთარი მაღლაკელიძე,,,adg_2021_candidates_unified.xlsx
local_2021,__main__,council_smd,unm,„ერთიანი ნაციონალური მოძრაობა”,,2,ზესტაფონი,,5,ვალერიანე,ლაშხი,ვალერიანე ლაშხი,,,adg_2021_candidates_unified.xlsx
local_2021,__main__,council_smd,unm,„ერთიანი ნაციონალური მოძრაობა”,,3,ზესტაფონი,,5,მიხეილ,ფოცხვერაშვილი,მიხეილ ფოცხვერაშვილი,,,adg_2021_candidates_unified.xlsx
local_2021,__main__,council_smd,unm,„ერთიანი ნაციონალური მოძრაობა”,,4,ზესტაფონი,,5,მანუჩარ,გეწაძე,მანუჩარ გეწაძე,,,adg_2021_candidates_unified.xlsx
local_2021,__main__,council_smd,unm,„ერთიანი ნაციონალური მოძრაობა”,,5,ზესტაფონი,,5,ირაკლი,მუმლაძე,ირაკლი მუმლაძე,,,adg_2021_candidates_unified.xlsx
local_2021,__main__,council_smd,unm,„ერთიანი ნაციონალური მოძრაობა”,,6,ზესტაფონი,,5,ტარიელ,ოსაძე,ტარიელ ოსაძე,,,adg_2021_candidates_unified.xlsx
local_2021,__main__,council_smd,unm,„ერთიანი ნაციონალური მოძრაობა”,,7,ზესტაფონი,,5,თედო,ჩხიკვაძე,თედო ჩხიკვაძე,,,adg_2021_candidates_unified.xlsx
local_2021,__main__,council_smd,unm,„ერთიანი ნაციონალური მოძრაობა”,,8,ზესტაფონი,,5,გიორგი,მუმლაძე,გიორგი მუმლაძე,,,adg_2021_candidates_unified.xlsx
local_2021,__main__,council_smd,unm,„ერთიანი ნაციონალური მოძრაობა”,,13,ზესტაფონი,,5,ვახტანგი,ზალიკიანი,ვახტანგი ზალიკიანი,,,adg_2021_candidates_unified.xlsx
local_2021,__main__,council_smd,unm,„ერთიანი ნაციონალური მოძრაობა”,,12,ზესტაფონი,,5,კოსტანტინე,მახათაძე,კოსტანტინე მახათაძე,,,adg_2021_candidates_unified.xlsx
local_2021,__main__,council_smd,unm,„ერთიანი ნაციონალური მოძრაობა”,,11,ზესტაფონი,,5,ილია,ნებიერიძე,ილია ნებიერიძე,,,adg_2021_candidates_unified.xlsx
local_2021,__main__,council_smd,unm,„ერთიანი ნაციონალური მოძრაობა”,,10,ზესტაფონი,,5,მამუკა,მერკვილაძე,მამუკა მერკვილაძე,,,adg_2021_candidates_unified.xlsx
local_2021,__main__,council_smd,unm,„ერთიანი ნაციონალური მოძრაობა”,,9,ზესტაფონი,,5,გოჩა,ლაღუნდარიძე,გოჩა ლაღუნდარიძე,,,adg_2021_candidates_unified.xlsx
local_2021,__main__,council_smd,lelo,„ლელო”,,7,ზესტაფონი,,9,ვალერიანე,ბოჭორიშვილი,ვალერიანე ბოჭორიშვილი,,,adg_2021_candidates_unified.xlsx
local_2021,__main__,council_smd,lelo,„ლელო”,,11,ზესტაფონი,,9,ხვიჩა,მდივანი,ხვიჩა მდივანი,,,adg_2021_candidates_unified.xlsx
local_2021,__main__,council_smd,lelo,„ლელო”,,1,ზესტაფონი,,9,მამუკა,ჭაჭიაშვილი,მამუკა ჭაჭიაშვილი,,,adg_2021_candidates_unified.xlsx
local_2021,__main__,council_smd,law_justice,„კანონი და სამართალი”,,12,ზესტაფონი,,12,გიორგი,ებანოიძე,გიორგი ებანოიძე,,,adg_2021_candidates_unified.xlsx
local_2021,__main__,council_smd,gakharia,გახარია - საქართველოსთვის,,1,ზესტაფონი,,25,ბექა,მაღლაკელიძე,ბექა მაღლაკელიძე,,,adg_2021_candidates_unified.xlsx
local_2021,__main__,council_smd,gakharia,გახარია - საქართველოსთვის,,13,ზესტაფონი,,25,ბექა,ფუტკარაძე,ბექა ფუტკარაძე,,,adg_2021_candidates_unified.xlsx
local_2021,__main__,council_smd,gakharia,გახარია - საქართველოსთვის,,9,ზესტაფონი,,25,ნინო,ანთაძე,ნინო ანთაძე,,,adg_2021_candidates_unified.xlsx
local_2021,__main__,council_smd,gakharia,გახარია - საქართველოსთვის,,10,ზესტაფონი,,25,იროდიონი,სამხარაძე,იროდიონი სამხარაძე,,,adg_2021_candidates_unified.xlsx
local_2021,__main__,council_smd,gakharia,გახარია - საქართველოსთვის,,2,ზესტაფონი,,25,ლევან,ჭანტურიძე,ლევან ჭანტურიძე,,,adg_2021_candidates_unified.xlsx
local_2021,__main__,council_smd,gakharia,გახარია - საქართველოსთვის,,12,ზესტაფონი,,25,ნინო,ბუხრაშვილი,ნინო ბუხრაშვილი,,,adg_2021_candidates_unified.xlsx
local_2021,__main__,council_smd,gakharia,გახარია - საქართველოსთვის,,5,ზესტაფონი,,25,მერაბ,ცხადაძე,მერაბ ცხადაძე,,,adg_2021_candidates_unified.xlsx
local_2021,__main__,council_smd,gakharia,გახარია - საქართველოსთვის,,8,ზესტაფონი,,25,თორნიკე,კვანტრიშვილი,თორნიკე კვანტრიშვილი,,,adg_2021_candidates_unified.xlsx
local_2021,__main__,council_smd,gakharia,გახარია - საქართველოსთვის,,3,ზესტაფონი,,25,მალხაზი,ვეკუა,მალხაზი ვეკუა,,,adg_2021_candidates_unified.xlsx
local_2021,__main__,council_smd,gakharia,გახარია - საქართველოსთვის,,6,ზესტაფონი,,25,ელგუჯა,დვალი,ელგუჯა დვალი,,,adg_2021_candidates_unified.xlsx
local_2021,__main__,council_smd,gakharia,გახარია - საქართველოსთვის,,11,ზესტაფონი,,25,ლევან,ურიადმყოფელი,ლევან ურიადმყოფელი,,,adg_2021_candidates_unified.xlsx
local_2021,__main__,council_smd,free_georgia,"„თავისუფალი საქართველო (ზაზა ხატიაშვილი, კახა კუკავა, გრიგოლ ჯოჯუა)”",,10,ზესტაფონი,,37,ტარიელ,მერკვილაძე,ტარიელ მერკვილაძე,,,adg_2021_candidates_unified.xlsx
local_2021,__main__,council_smd,free_georgia,"„თავისუფალი საქართველო (ზაზა ხატიაშვილი, კახა კუკავა, გრიგოლ ჯოჯუა)”",,12,ზესტაფონი,,37,ზურაბი,ებანოიძე,ზურაბი ებანოიძე,,,adg_2021_candidates_unified.xlsx
local_2021,__main__,council_smd,gd,ქართული ოცნება - დემოკრატიული საქართველო,,10,ზესტაფონი,,41,ზურაბ,ყანჩაველი,ზურაბ ყანჩაველი,,,adg_2021_candidates_unified.xlsx
local_2021,__main__,council_smd,gd,ქართული ოცნება - დემოკრატიული საქართველო,,11,ზესტაფონი,,41,პაატა,ნასრაძე,პაატა ნასრაძე,,,adg_2021_candidates_unified.xlsx
local_2021,__main__,council_smd,gd,ქართული ოცნება - დემოკრატიული საქართველო,,9,ზესტაფონი,,41,ნუგზარი,ფერაძე,ნუგზარი ფერაძე,,,adg_2021_candidates_unified.xlsx
local_2021,__main__,council_smd,gd,ქართული ოცნება - დემოკრატიული საქართველო,,7,ზესტაფონი,,41,ანგი,ბოჭორიშვილი,ანგი ბოჭორიშვილი,,,adg_2021_candidates_unified.xlsx
local_2021,__main__,council_smd,gd,ქართული ოცნება - დემოკრატიული საქართველო,,6,ზესტაფონი,,41,ვლადიმერ,კამლაძე,ვლადიმერ კამლაძე,,,adg_2021_candidates_unified.xlsx
local_2021,__main__,council_smd,gd,ქართული ოცნება - დემოკრატიული საქართველო,,8,ზესტაფონი,,41,იოსები,ჯანიაშვილი,იოსები ჯანიაშვილი,,,adg_2021_candidates_unified.xlsx
local_2021,__main__,council_smd,gd,ქართული ოცნება - დემოკრატიული საქართველო,,3,ზესტაფონი,,41,გიორგი,კაკოიშვილი,გიორგი კაკოიშვილი,,,adg_2021_candidates_unified.xlsx
local_2021,__main__,council_smd,gd,ქართული ოცნება - დემოკრატიული საქართველო,,4,ზესტაფონი,,41,ჯემალ,ჯუღელი,ჯემალ ჯუღელი,,,adg_2021_candidates_unified.xlsx
local_2021,__main__,council_smd,gd,ქართული ოცნება - დემოკრატიული საქართველო,,5,ზესტაფონი,,41,ბადრი,წაქაძე,ბადრი წაქაძე,,,adg_2021_candidates_unified.xlsx
local_2021,__main__,council_smd,gd,ქართული ოცნება - დემოკრატიული საქართველო,,2,ზესტაფონი,,41,უჩა,ჩუბინიძე,უჩა ჩუბინიძე,,,adg_2021_candidates_unified.xlsx
local_2021,__main__,council_smd,gd,ქართული ოცნება - დემოკრატიული საქართველო,,13,ზესტაფონი,,41,ილია,ფუტკარაძე,ილია ფუტკარაძე,,,adg_2021_candidates_unified.xlsx
local_2021,__main__,council_smd,gd,ქართული ოცნება - დემოკრატიული საქართველო,,1,ზესტაფონი,,41,მარეხი,ქათამაძე,მარეხი ქათამაძე,,,adg_2021_candidates_unified.xlsx
local_2021,__main__,council_smd,gd,ქართული ოცნება - დემოკრატიული საქართველო,,12,ზესტაფონი,,41,თემური,მაღლაკელიძე,თემური მაღლაკელიძე,,,adg_2021_candidates_unified.xlsx
local_2021,__main__,council_smd,peoples_party,„სახალხო პარტია”,,4,ზესტაფონი,,44,გიორგი,ჭანტურიძე,გიორგი ჭანტურიძე,,,adg_2021_candidates_unified.xlsx
local_2021,__main__,council_smd,peoples_party,„სახალხო პარტია”,,1,ზესტაფონი,,44,გიორგი,ყაშუაშვილი,გიორგი ყაშუაშვილი,,,adg_2021_candidates_unified.xlsx
local_2021,__main__,council_smd,peoples_party,„სახალხო პარტია”,,8,ზესტაფონი,,44,თეიმურაზ,ფერაძე,თეიმურაზ ფერაძე,,,adg_2021_candidates_unified.xlsx
local_2021,__main__,council_smd,peoples_party,„სახალხო პარტია”,,10,ზესტაფონი,,44,ზურაბ,ბარბაქაძე,ზურაბ ბარბაქაძე,,,adg_2021_candidates_unified.xlsx
local_2021,__main__,council_smd,peoples_party,„სახალხო პარტია”,,5,ზესტაფონი,,44,ვლადიმერ,ჭანტურიძე,ვლადიმერ ჭანტურიძე,,,adg_2021_candidates_unified.xlsx
local_2021,__main__,council_smd,peoples_party,„სახალხო პარტია”,,7,ზესტაფონი,,44,მალხაზი,ირემაძე,მალხაზი ირემაძე,,,adg_2021_candidates_unified.xlsx
local_2021,__main__,council_smd,peoples_party,„სახალხო პარტია”,,13,ზესტაფონი,,44,მალხაზ,ხიხაძე,მალხაზ ხიხაძე,,,adg_2021_candidates_unified.xlsx
local_2021,__main__,council_smd,peoples_party,„სახალხო პარტია”,,2,ზესტაფონი,,44,გარსევან,ბუცხრიკიძე,გარსევან ბუცხრიკიძე,,,adg_2021_candidates_unified.xlsx
local_2021,__main__,council_smd,peoples_party,„სახალხო პარტია”,,12,ზესტაფონი,,44,გიორგი,მდივანი,გიორგი მდივანი,,,adg_2021_candidates_unified.xlsx
local_2021,__main__,council_smd,peoples_party,„სახალხო პარტია”,,6,ზესტაფონი,,44,მაია,გავაშელაშვილი,მაია გავაშელაშვილი,,,adg_2021_candidates_unified.xlsx
local_2021,__main__,council_smd,peoples_party,„სახალხო პარტია”,,9,ზესტაფონი,,44,ეკატერინე,ქლიბაძე,ეკატერინე ქლიბაძე,,,adg_2021_candidates_unified.xlsx
local_2021,__main__,council_smd,peoples_party,„სახალხო პარტია”,,3,ზესტაფონი,,44,ვახტანგ,ქურციკიძე,ვახტანგ ქურციკიძე,,,adg_2021_candidates_unified.xlsx
local_2021,__main__,council_smd,girchi_more_freedom,„ზურაბ გირჩი ჯაფარიძე: გირჩი - მეტი თავისუფლება”,,1,ზესტაფონი,,45,დავით,ჩიხლაძე,დავით ჩიხლაძე,,,adg_2021_candidates_unified.xlsx
local_2021,__main__,council_smd,,საინიციატივო ჯგუფი,,4,ზესტაფონი,,51,იმედა,ბებიაშვილი,იმედა ბებიაშვილი,,,adg_2021_candidates_unified.xlsx
local_2021,__main__,council_smd,,საინიციატივო ჯგუფი,,4,ზესტაფონი,,52,სპარტაკ,კაპანაძე,სპარტაკ კაპანაძე,,,adg_2021_candidates_unified.xlsx
local_2021,__main__,council_smd,,საინიციატივო ჯგუფი,,4,ზესტაფონი,,53,მადონა,ნიკაჭაძე,მადონა ნიკაჭაძე,,,adg_2021_candidates_unified.xlsx
local_2021,__main__,council_smd,,საინიციატივო ჯგუფი,,9,ზესტაფონი,,54,კობა,გოჩელეიშვილი,კობა გოჩელეიშვილი,,,adg_2021_candidates_unified.xlsx
local_2021,__main__,council_smd,,საინიციატივო ჯგუფი,,10,ზესტაფონი,,55,ლუკა,ჭიჭინაძე,ლუკა ჭიჭინაძე,,,adg_2021_candidates_unified.xlsx
local_2021,__main__,council_smd,third_force,„მესამე ძალა-სტრატეგია აღმაშენებელი”,,4,ბაღდათი,,1,ბადრი,წივწივაძე,ბადრი წივწივაძე,,,adg_2021_candidates_unified.xlsx
local_2021,__main__,council_smd,third_force,„მესამე ძალა-სტრატეგია აღმაშენებელი”,,1,ბაღდათი,,1,რევაზი,ფოფხაძე,რევაზი ფოფხაძე,,,adg_2021_candidates_unified.xlsx
local_2021,__main__,council_smd,third_force,„მესამე ძალა-სტრატეგია აღმაშენებელი”,,2,ბაღდათი,,1,გრიგოლ,გრძელიძე,გრიგოლ გრძელიძე,,,adg_2021_candidates_unified.xlsx
local_2021,__main__,council_smd,third_force,„მესამე ძალა-სტრატეგია აღმაშენებელი”,,3,ბაღდათი,,1,ნინო,ფოფხაძე,ნინო ფოფხაძე,,,adg_2021_candidates_unified.xlsx
local_2021,__main__,council_smd,third_force,„მესამე ძალა-სტრატეგია აღმაშენებელი”,,8,ბაღდათი,,1,კობა,ბოლქვაძე,კობა ბოლქვაძე,,,adg_2021_candidates_unified.xlsx
local_2021,__main__,council_smd,third_force,„მესამე ძალა-სტრატეგია აღმაშენებელი”,,9,ბაღდათი,,1,ქეთევან,გრძელიძე,ქეთევან გრძელიძე,,,adg_2021_candidates_unified.xlsx
local_2021,__main__,council_smd,third_force,„მესამე ძალა-სტრატეგია აღმაშენებელი”,,7,ბაღდათი,,1,ჯემალ,გრძელიძე,ჯემალ გრძელიძე,,,adg_2021_candidates_unified.xlsx
local_2021,__main__,council_smd,european_georgia,„ევროპული საქართველო-მოძრაობა თავისუფლებისთვის”,,5,ბაღდათი,,2,მამუკა,დათუაძე,მამუკა დათუაძე,,,adg_2021_candidates_unified.xlsx
local_2021,__main__,council_smd,unm,„ერთიანი ნაციონალური მოძრაობა”,,7,ბაღდათი,,5,ამბროსი,დევიძე,ამბროსი დევიძე,,,adg_2021_candidates_unified.xlsx
local_2021,__main__,council_smd,unm,„ერთიანი ნაციონალური მოძრაობა”,,3,ბაღდათი,,5,დავით,მახარეიშვილი,დავით მახარეიშვილი,,,adg_2021_candidates_unified.xlsx
local_2021,__main__,council_smd,unm,„ერთიანი ნაციონალური მოძრაობა”,,4,ბაღდათი,,5,იოსებ,კვირიკაშვილი,იოსებ კვირიკაშვილი,,,adg_2021_candidates_unified.xlsx
local_2021,__main__,council_smd,unm,„ერთიანი ნაციონალური მოძრაობა”,,6,ბაღდათი,,5,ავთანდილ,რობაქიძე,ავთანდილ რობაქიძე,,,adg_2021_candidates_unified.xlsx
local_2021,__main__,council_smd,unm,„ერთიანი ნაციონალური მოძრაობა”,,9,ბაღდათი,,5,თეიმურაზ,კვირიკაძე,თეიმურაზ კვირიკაძე,,,adg_2021_candidates_unified.xlsx
local_2021,__main__,council_smd,unm,„ერთიანი ნაციონალური მოძრაობა”,,8,ბაღდათი,,5,ზვიად,გუმბერიძე,ზვიად გუმბერიძე,,,adg_2021_candidates_unified.xlsx
local_2021,__main__,council_smd,unm,„ერთიანი ნაციონალური მოძრაობა”,,1,ბაღდათი,,5,კირილე,წიქორიძე,კირილე წიქორიძე,,,adg_2021_candidates_unified.xlsx
local_2021,__main__,council_smd,patriots,"„დავით თარხან-მოურავი, ირმა ინაშვილი - საქართველოს პატრიოტთა ალიანსი”",,3,ბაღდათი,,8,ირაკლი,ჩიგოგიძე,ირაკლი ჩიგოგიძე,,,adg_2021_candidates_unified.xlsx
local_2021,__main__,council_smd,patriots,"„დავით თარხან-მოურავი, ირმა ინაშვილი - საქართველოს პატრიოტთა ალიანსი”",,5,ბაღდათი,,8,ზაზა,ჯანიაშვილი,ზაზა ჯანიაშვილი,,,adg_2021_candidates_unified.xlsx
local_2021,__main__,council_smd,patriots,"„დავით თარხან-მოურავი, ირმა ინაშვილი - საქართველოს პატრიოტთა ალიანსი”",,6,ბაღდათი,,8,გიორგი,ჩაკვეტაძე,გიორგი ჩაკვეტაძე,,,adg_2021_candidates_unified.xlsx
local_2021,__main__,council_smd,patriots,"„დავით თარხან-მოურავი, ირმა ინაშვილი - საქართველოს პატრიოტთა ალიანსი”",,1,ბაღდათი,,8,ტარიელ,ჩაკვეტაძე,ტარიელ ჩაკვეტაძე,,,adg_2021_candidates_unified.xlsx
local_2021,__main__,council_smd,patriots,"„დავით თარხან-მოურავი, ირმა ინაშვილი - საქართველოს პატრიოტთა ალიანსი”",,9,ბაღდათი,,8,მათე,მსხვილიძე,მათე მსხვილიძე,,,adg_2021_candidates_unified.xlsx
local_2021,__main__,council_smd,patriots,"„დავით თარხან-მოურავი, ირმა ინაშვილი - საქართველოს პატრიოტთა ალიანსი”",,2,ბაღდათი,,8,შოთა,ჟვანია,შოთა ჟვანია,,,adg_2021_candidates_unified.xlsx
local_2021,__main__,council_smd,lelo,„ლელო”,,2,ბაღდათი,,9,გოჩა,ჭრელაშვილი,გოჩა ჭრელაშვილი,,,adg_2021_candidates_unified.xlsx
local_2021,__main__,council_smd,lelo,„ლელო”,,7,ბაღდათი,,9,გაბრიელ,ღიბრაძე,გაბრიელ ღიბრაძე,,,adg_2021_candidates_unified.xlsx
local_2021,__main__,council_smd,lelo,„ლელო”,,4,ბაღდათი,,9,გიგა,მახარეიშვილი,გიგა მახარეიშვილი,,,adg_2021_candidates_unified.xlsx
local_2021,__main__,council_smd,gakharia,გახარია - საქართველოსთვის,,1,ბაღდათი,,25,მამუკა,გორგოძე,მამუკა გორგოძე,,,adg_2021_candidates_unified.xlsx
local_2021,__main__,council_smd,gakharia,გახარია - საქართველოსთვის,,4,ბაღდათი,,25,რომან,ცერცვაძე,რომან ცერცვაძე,,,adg_2021_candidates_unified.xlsx
local_2021,__main__,council_smd,gakharia,გახარია - საქართველოსთვის,,7,ბაღდათი,,25,გელა,კოვზაძე,გელა კოვზაძე,,,adg_2021_candidates_unified.xlsx
local_2021,__main__,council_smd,gakharia,გახარია - საქართველოსთვის,,6,ბაღდათი,,25,გიული,ხერგიანი,გიული ხერგიანი,,,adg_2021_candidates_unified.xlsx
local_2021,__main__,council_smd,gakharia,გახარია - საქართველოსთვის,,2,ბაღდათი,,25,გიორგი,ჩინჩალაძე,გიორგი ჩინჩალაძე,,,adg_2021_candidates_unified.xlsx
local_2021,__main__,council_smd,gakharia,გახარია - საქართველოსთვის,,9,ბაღდათი,,25,გიორგი,ქარსელაძე,გიორგი ქარსელაძე,,,adg_2021_candidates_unified.xlsx
local_2021,__main__,council_smd,gakharia,გახარია - საქართველოსთვის,,8,ბაღდათი,,25,სერგო,კიკნაველიძე,სერგო კიკნაველიძე,,,adg_2021_candidates_unified.xlsx
local_2021,__main__,council_smd,gakharia,გახარია - საქართველოსთვის,,3,ბაღდათი,,25,ნანა,ჟორჟოლიანი,ნანა ჟორჟოლიანი,,,adg_2021_candidates_unified.xlsx
local_2021,__main__,council_smd,gd,ქართული ოცნება - დემოკრატიული საქართველო,,9,ბაღდათი,,41,სიმონ,ჭოლოკავა,სიმონ ჭოლოკავა,,,adg_2021_candidates_unified.xlsx
local_2021,__main__,council_smd,gd,ქართული ოცნება - დემოკრატიული საქართველო,,8,ბაღდათი,,41,დიომიდე,კიკნაველიძე,დიომიდე კიკნაველიძე,,,adg_2021_candidates_unified.xlsx
local_2021,__main__,council_smd,gd,ქართული ოცნება - დემოკრატიული საქართველო,,7,ბაღდათი,,41,გიორგი,კოტორეიშვილი,გიორგი კოტორეიშვილი,,,adg_2021_candidates_unified.xlsx
local_2021,__main__,council_smd,gd,ქართული ოცნება - დემოკრატიული საქართველო,,4,ბაღდათი,,41,თორნიკე,გაჩეჩილაძე,თორნიკე გაჩეჩილაძე,,,adg_2021_candidates_unified.xlsx
local_2021,__main__,council_smd,gd,ქართული ოცნება - დემოკრატიული საქართველო,,5,ბაღდათი,,41,მურად,ბურჯანაძე,მურად ბურჯანაძე,,,adg_2021_candidates_unified.xlsx
local_2021,__main__,council_smd,gd,ქართული ოცნება - დემოკრატიული საქართველო,,6,ბაღდათი,,41,ზაზა,ზივზივაძე,ზაზა ზივზივაძე,,,adg_2021_candidates_unified.xlsx
local_2021,__main__,council_smd,gd,ქართული ოცნება - დემოკრატიული საქართველო,,1,ბაღდათი,,41,თეა,გოგნაძე,თეა გოგნაძე,,,adg_2021_candidates_unified.xlsx
local_2021,__main__,council_smd,gd,ქართული ოცნება - დემოკრატიული საქართველო,,2,ბაღდათი,,41,გია,სახამბერიძე,გია სახამბერიძე,,,adg_2021_candidates_unified.xlsx
local_2021,__main__,council_smd,gd,ქართული ოცნება - დემოკრატიული საქართველო,,3,ბაღდათი,,41,ბიძინა,ჯაბიძე,ბიძინა ჯაბიძე,,,adg_2021_candidates_unified.xlsx
local_2021,__main__,council_smd,,საინიციატივო ჯგუფი,,1,ბაღდათი,,52,დავით,ჯანიაშვილი,დავით ჯანიაშვილი,,,adg_2021_candidates_unified.xlsx
local_2021,__main__,council_smd,third_force,„მესამე ძალა-სტრატეგია აღმაშენებელი”,,3,ვანი,,1,ივანე,გაბუნია,ივანე გაბუნია,,,adg_2021_candidates_unified.xlsx
local_2021,__main__,council_smd,third_force,„მესამე ძალა-სტრატეგია აღმაშენებელი”,,6,ვანი,,1,დავით,შარაშენიძე,დავით შარაშენიძე,,,adg_2021_candidates_unified.xlsx
local_2021,__main__,council_smd,third_force,„მესამე ძალა-სტრატეგია აღმაშენებელი”,,9,ვანი,,1,გოდერძი,ქარჩხაძე,გოდერძი ქარჩხაძე,,,adg_2021_candidates_unified.xlsx
local_2021,__main__,council_smd,european_georgia,„ევროპული საქართველო-მოძრაობა თავისუფლებისთვის”,,2,ვანი,,2,კობა,ძაგნიძე,კობა ძაგნიძე,,,adg_2021_candidates_unified.xlsx
local_2021,__main__,council_smd,european_georgia,„ევროპული საქართველო-მოძრაობა თავისუფლებისთვის”,,5,ვანი,,2,გია,ოჩხიკიძე,გია ოჩხიკიძე,,,adg_2021_candidates_unified.xlsx
local_2021,__main__,council_smd,european_georgia,„ევროპული საქართველო-მოძრაობა თავისუფლებისთვის”,,9,ვანი,,2,ნინო,ვაშაყმაძე,ნინო ვაშაყმაძე,,,adg_2021_candidates_unified.xlsx
local_2021,__main__,council_smd,european_georgia,„ევროპული საქართველო-მოძრაობა თავისუფლებისთვის”,,1,ვანი,,2,ალექსანდრე,ერისთავი,ალექსანდრე ერისთავი,,,adg_2021_candidates_unified.xlsx
local_2021,__main__,council_smd,unm,„ერთიანი ნაციონალური მოძრაობა”,,3,ვანი,,5,ნატო,დვალი,ნატო დვალი,,,adg_2021_candidates_unified.xlsx
local_2021,__main__,council_smd,unm,„ერთიანი ნაციონალური მოძრაობა”,,7,ვანი,,5,სევერიანე,ტყეშელაშვილი,სევერიანე ტყეშელაშვილი,,,adg_2021_candidates_unified.xlsx
local_2021,__main__,council_smd,unm,„ერთიანი ნაციონალური მოძრაობა”,,8,ვანი,,5,ზაირა,ნიჟარაძე,ზაირა ნიჟარაძე,,,adg_2021_candidates_unified.xlsx
local_2021,__main__,council_smd,unm,„ერთიანი ნაციონალური მოძრაობა”,,10,ვანი,,5,თორნიკე,ერისთავი,თორნიკე ერისთავი,,,adg_2021_candidates_unified.xlsx
local_2021,__main__,council_smd,unm,„ერთიანი ნაციონალური მოძრაობა”,,4,ვანი,,5,გიორგი,ძაგნიძე,გიორგი ძაგნიძე,,,adg_2021_candidates_unified.xlsx
local_2021,__main__,council_smd,unm,„ერთიანი ნაციონალური მოძრაობა”,,6,ვანი,,5,გიზო,სულაბერიძე,გიზო სულაბერიძე,,,adg_2021_candidates_unified.xlsx
local_2021,__main__,council_smd,lelo,„ლელო”,,3,ვანი,,9,დათო,კოპალეიშვილი,დათო კოპალეიშვილი,,,adg_2021_candidates_unified.xlsx
local_2021,__main__,council_smd,lelo,„ლელო”,,4,ვანი,,9,გიორგი,ჭიქაშუა,გიორგი ჭიქაშუა,,,adg_2021_candidates_unified.xlsx
local_2021,__main__,council_smd,lelo,„ლელო”,,7,ვანი,,9,დარეჯან,რიჟამაძე,დარეჯან რიჟამაძე,,,adg_2021_candidates_unified.xlsx
local_2021,__main__,council_smd,georgia_party,„ჩვენი გაერთიანებული საქართველო”,,9,ვანი,,23,პოლიკარპე,როხვაძე,პოლიკარპე როხვაძე,,,adg_2021_candidates_unified.xlsx
local_2021,__main__,council_smd,gd,ქართული ოცნება - დემოკრატიული საქართველო,,3,ვანი,,41,ილია,დვალიშვილი,ილია დვალიშვილი,,,adg_2021_candidates_unified.xlsx
local_2021,__main__,council_smd,gd,ქართული ოცნება - დემოკრატიული საქართველო,,6,ვანი,,41,რამაზ,არველაძე,რამაზ არველაძე,,,adg_2021_candidates_unified.xlsx
local_2021,__main__,council_smd,gd,ქართული ოცნება - დემოკრატიული საქართველო,,8,ვანი,,41,გელა,ვარდოსანიძე,გელა ვარდოსანიძე,,,adg_2021_candidates_unified.xlsx
local_2021,__main__,council_smd,gd,ქართული ოცნება - დემოკრატიული საქართველო,,5,ვანი,,41,ლანა,გოგოძე,ლანა გოგოძე,,,adg_2021_candidates_unified.xlsx
local_2021,__main__,council_smd,gd,ქართული ოცნება - დემოკრატიული საქართველო,,2,ვანი,,41,ლია,დიასამიძე,ლია დიასამიძე,,,adg_2021_candidates_unified.xlsx
local_2021,__main__,council_smd,gd,ქართული ოცნება - დემოკრატიული საქართველო,,9,ვანი,,41,სანდრო,ხურციძე,სანდრო ხურციძე,,,adg_2021_candidates_unified.xlsx
local_2021,__main__,council_smd,gd,ქართული ოცნება - დემოკრატიული საქართველო,,10,ვანი,,41,გელა,ღვიტიძე,გელა ღვიტიძე,,,adg_2021_candidates_unified.xlsx
local_2021,__main__,council_smd,gd,ქართული ოცნება - დემოკრატიული საქართველო,,7,ვანი,,41,გიორგი,ტყეშელაშვილი,გიორგი ტყეშელაშვილი,,,adg_2021_candidates_unified.xlsx
local_2021,__main__,council_smd,gd,ქართული ოცნება - დემოკრატიული საქართველო,,4,ვანი,,41,შოთა,გიორგაძე,შოთა გიორგაძე,,,adg_2021_candidates_unified.xlsx
local_2021,__main__,council_smd,gd,ქართული ოცნება - დემოკრატიული საქართველო,,1,ვანი,,41,ბიჭიკო,პაიკიძე,ბიჭიკო პაიკიძე,,,adg_2021_candidates_unified.xlsx
local_2021,__main__,council_smd,third_force,„მესამე ძალა-სტრატეგია აღმაშენებელი”,,2,სამტრედია,,1,პაატა,კიკაჩეიშვილი,პაატა კიკაჩეიშვილი,,,adg_2021_candidates_unified.xlsx
local_2021,__main__,council_smd,third_force,„მესამე ძალა-სტრატეგია აღმაშენებელი”,,10,სამტრედია,,1,ოლეგ,თავაძე,ოლეგ თავაძე,,,adg_2021_candidates_unified.xlsx
local_2021,__main__,council_smd,third_force,„მესამე ძალა-სტრატეგია აღმაშენებელი”,,9,სამტრედია,,1,მამუკა,ნიკოლეიშვილი,მამუკა ნიკოლეიშვილი,,,adg_2021_candidates_unified.xlsx
local_2021,__main__,council_smd,third_force,„მესამე ძალა-სტრატეგია აღმაშენებელი”,,3,სამტრედია,,1,დიმიტრი,ქართველიშვილი,დიმიტრი ქართველიშვილი,,,adg_2021_candidates_unified.xlsx
local_2021,__main__,council_smd,third_force,„მესამე ძალა-სტრატეგია აღმაშენებელი”,,4,სამტრედია,,1,კობა,კანდელაკი,კობა კანდელაკი,,,adg_2021_candidates_unified.xlsx
local_2021,__main__,council_smd,third_force,„მესამე ძალა-სტრატეგია აღმაშენებელი”,,8,სამტრედია,,1,ნიკა,საკანდელიძე,ნიკა საკანდელიძე,,,adg_2021_candidates_unified.xlsx
local_2021,__main__,council_smd,european_georgia,„ევროპული საქართველო-მოძრაობა თავისუფლებისთვის”,,3,სამტრედია,,2,ლალი,უბილავა,ლალი უბილავა,,,adg_2021_candidates_unified.xlsx
local_2021,__main__,council_smd,european_georgia,„ევროპული საქართველო-მოძრაობა თავისუფლებისთვის”,,4,სამტრედია,,2,მარიამ,ნემსაძე,მარიამ ნემსაძე,,,adg_2021_candidates_unified.xlsx
local_2021,__main__,council_smd,european_georgia,„ევროპული საქართველო-მოძრაობა თავისუფლებისთვის”,,5,სამტრედია,,2,ირინა,პერელმანი,ირინა პერელმანი,,,adg_2021_candidates_unified.xlsx
local_2021,__main__,council_smd,european_georgia,„ევროპული საქართველო-მოძრაობა თავისუფლებისთვის”,,6,სამტრედია,,2,ომარი,ჩხაიძე,ომარი ჩხაიძე,,,adg_2021_candidates_unified.xlsx
local_2021,__main__,council_smd,european_georgia,„ევროპული საქართველო-მოძრაობა თავისუფლებისთვის”,,7,სამტრედია,,2,ზაზა,ახობაძე,ზაზა ახობაძე,,,adg_2021_candidates_unified.xlsx
local_2021,__main__,council_smd,european_georgia,„ევროპული საქართველო-მოძრაობა თავისუფლებისთვის”,,8,სამტრედია,,2,პაატა,ჯვარშეიშვილი,პაატა ჯვარშეიშვილი,,,adg_2021_candidates_unified.xlsx
local_2021,__main__,council_smd,european_georgia,„ევროპული საქართველო-მოძრაობა თავისუფლებისთვის”,,9,სამტრედია,,2,ზაზა,მეგენეიშვილი,ზაზა მეგენეიშვილი,,,adg_2021_candidates_unified.xlsx
local_2021,__main__,council_smd,european_georgia,„ევროპული საქართველო-მოძრაობა თავისუფლებისთვის”,,10,სამტრედია,,2,გიორგი,კუტალაძე,გიორგი კუტალაძე,,,adg_2021_candidates_unified.xlsx
local_2021,__main__,council_smd,european_georgia,„ევროპული საქართველო-მოძრაობა თავისუფლებისთვის”,,11,სამტრედია,,2,გურამ,სტურუა,გურამ სტურუა,,,adg_2021_candidates_unified.xlsx
local_2021,__main__,council_smd,european_georgia,„ევროპული საქართველო-მოძრაობა თავისუფლებისთვის”,,2,სამტრედია,,2,თამარ,ბალანჩივაძე,თამარ ბალანჩივაძე,,,adg_2021_candidates_unified.xlsx
local_2021,__main__,council_smd,european_georgia,„ევროპული საქართველო-მოძრაობა თავისუფლებისთვის”,,1,სამტრედია,,2,ავთანდილ,სტურუა,ავთანდილ სტურუა,,,adg_2021_candidates_unified.xlsx
local_2021,__main__,council_smd,early_elections_coalition,„ვადამდელი არჩევნები - ერთიანი საქართველო - დემოკრატიული მოძრაობა”,,5,სამტრედია,,3,პეტრე,ბოლქვაძე,პეტრე ბოლქვაძე,,,adg_2021_candidates_unified.xlsx
local_2021,__main__,council_smd,unm,„ერთიანი ნაციონალური მოძრაობა”,,7,სამტრედია,,5,ლევან,ბალანჩივაძე,ლევან ბალანჩივაძე,,,adg_2021_candidates_unified.xlsx
local_2021,__main__,council_smd,unm,„ერთიანი ნაციონალური მოძრაობა”,,11,სამტრედია,,5,ლაშა,გრიგოლია,ლაშა გრიგოლია,,,adg_2021_candidates_unified.xlsx
local_2021,__main__,council_smd,unm,„ერთიანი ნაციონალური მოძრაობა”,,10,სამტრედია,,5,გენადი,ხაბეიშვილი,გენადი ხაბეიშვილი,,,adg_2021_candidates_unified.xlsx
local_2021,__main__,council_smd,unm,„ერთიანი ნაციონალური მოძრაობა”,,5,სამტრედია,,5,გივი,ღაღანიძე,გივი ღაღანიძე,,,adg_2021_candidates_unified.xlsx
local_2021,__main__,council_smd,unm,„ერთიანი ნაციონალური მოძრაობა”,,6,სამტრედია,,5,ანზორი,კოპალეიშვილი,ანზორი კოპალეიშვილი,,,adg_2021_candidates_unified.xlsx
local_2021,__main__,council_smd,unm,„ერთიანი ნაციონალური მოძრაობა”,,1,სამტრედია,,5,ავთანდილ,თადუმაძე,ავთანდილ თადუმაძე,,,adg_2021_candidates_unified.xlsx
local_2021,__main__,council_smd,unm,„ერთიანი ნაციონალური მოძრაობა”,,2,სამტრედია,,5,საბა,კიწმარიშვილი,საბა კიწმარიშვილი,,,adg_2021_candidates_unified.xlsx
local_2021,__main__,council_smd,unm,„ერთიანი ნაციონალური მოძრაობა”,,3,სამტრედია,,5,აკაკი,მინაშვილი,აკაკი მინაშვილი,,,adg_2021_candidates_unified.xlsx
local_2021,__main__,council_smd,unm,„ერთიანი ნაციონალური მოძრაობა”,,4,სამტრედია,,5,გიორგი,ნინუა,გიორგი ნინუა,,,adg_2021_candidates_unified.xlsx
local_2021,__main__,council_smd,unm,„ერთიანი ნაციონალური მოძრაობა”,,8,სამტრედია,,5,ალექსანდრე,კოხრეიძე,ალექსანდრე კოხრეიძე,,,adg_2021_candidates_unified.xlsx
local_2021,__main__,council_smd,citizens,„ალეკო ელისაშვილი-მოქალაქეები”,,2,სამტრედია,,7,ლაშა,კვანტალიანი,ლაშა კვანტალიანი,,,adg_2021_candidates_unified.xlsx
local_2021,__main__,council_smd,citizens,„ალეკო ელისაშვილი-მოქალაქეები”,,1,სამტრედია,,7,გელა,ზელინსკი,გელა ზელინსკი,,,adg_2021_candidates_unified.xlsx
local_2021,__main__,council_smd,lelo,„ლელო”,,1,სამტრედია,,9,გივი,ჯულაყიძე,გივი ჯულაყიძე,,,adg_2021_candidates_unified.xlsx
local_2021,__main__,council_smd,lelo,„ლელო”,,5,სამტრედია,,9,დარეჯან,ვეკუა,დარეჯან ვეკუა,,,adg_2021_candidates_unified.xlsx
local_2021,__main__,council_smd,lelo,„ლელო”,,2,სამტრედია,,9,ნოდარ,ესებუა,ნოდარ ესებუა,,,adg_2021_candidates_unified.xlsx
local_2021,__main__,council_smd,lelo,„ლელო”,,8,სამტრედია,,9,ლევან,ფესვიანიძე,ლევან ფესვიანიძე,,,adg_2021_candidates_unified.xlsx
local_2021,__main__,council_smd,lelo,„ლელო”,,7,სამტრედია,,9,გრიგორ,დიდიძე,გრიგორ დიდიძე,,,adg_2021_candidates_unified.xlsx
local_2021,__main__,council_smd,lelo,„ლელო”,,9,სამტრედია,,9,ვალერიანე,ზაქარეიშვილი,ვალერიანე ზაქარეიშვილი,,,adg_2021_candidates_unified.xlsx
local_2021,__main__,council_smd,lelo,„ლელო”,,6,სამტრედია,,9,რუსუდან,ჩხენკელი,რუსუდან ჩხენკელი,,,adg_2021_candidates_unified.xlsx
local_2021,__main__,council_smd,lelo,„ლელო”,,11,სამტრედია,,9,გელა,ზენაიშვილი,გელა ზენაიშვილი,,,adg_2021_candidates_unified.xlsx
local_2021,__main__,council_smd,lelo,„ლელო”,,3,სამტრედია,,9,დავით,ბურკაძე,დავით ბურკაძე,,,adg_2021_candidates_unified.xlsx
local_2021,__main__,council_smd,gakharia,გახარია - საქართველოსთვის,,11,სამტრედია,,25,გურამ,გეფერიძე,გურამ გეფერიძე,,,adg_2021_candidates_unified.xlsx
local_2021,__main__,council_smd,gakharia,გახარია - საქართველოსთვის,,8,სამტრედია,,25,მერაბ,კოხრეიძე,მერაბ კოხრეიძე,,,adg_2021_candidates_unified.xlsx
local_2021,__main__,council_smd,gakharia,გახარია - საქართველოსთვის,,10,სამტრედია,,25,ამირან,შანიძე,ამირან შანიძე,,,adg_2021_candidates_unified.xlsx
local_2021,__main__,council_smd,gakharia,გახარია - საქართველოსთვის,,4,სამტრედია,,25,ვასილ,ფარულავა,ვასილ ფარულავა,,,adg_2021_candidates_unified.xlsx
local_2021,__main__,council_smd,gakharia,გახარია - საქართველოსთვის,,3,სამტრედია,,25,მალხაზ,იანტბელიძე,მალხაზ იანტბელიძე,,,adg_2021_candidates_unified.xlsx
local_2021,__main__,council_smd,gakharia,გახარია - საქართველოსთვის,,2,სამტრედია,,25,მალხაზ,ნიკოლეიშვილი,მალხაზ ნიკოლეიშვილი,,,adg_2021_candidates_unified.xlsx
local_2021,__main__,council_smd,gakharia,გახარია - საქართველოსთვის,,1,სამტრედია,,25,გიორგი,ბოჭორიშვილი,გიორგი ბოჭორიშვილი,,,adg_2021_candidates_unified.xlsx
local_2021,__main__,council_smd,gakharia,გახარია - საქართველოსთვის,,6,სამტრედია,,25,გოჩა,კალაძე,გოჩა კალაძე,,,adg_2021_candidates_unified.xlsx
local_2021,__main__,council_smd,free_georgia,"„თავისუფალი საქართველო (ზაზა ხატიაშვილი, კახა კუკავა, გრიგოლ ჯოჯუა)”",,5,სამტრედია,,37,გურამ,გალდავა,გურამ გალდავა,,,adg_2021_candidates_unified.xlsx
local_2021,__main__,council_smd,gd,ქართული ოცნება - დემოკრატიული საქართველო,,9,სამტრედია,,41,ჯონი,თევზაძე,ჯონი თევზაძე,,,adg_2021_candidates_unified.xlsx
local_2021,__main__,council_smd,gd,ქართული ოცნება - დემოკრატიული საქართველო,,10,სამტრედია,,41,გიორგი,გაგუა,გიორგი გაგუა,,,adg_2021_candidates_unified.xlsx
local_2021,__main__,council_smd,gd,ქართული ოცნება - დემოკრატიული საქართველო,,11,სამტრედია,,41,ილია,მჟავია,ილია მჟავია,,,adg_2021_candidates_unified.xlsx
local_2021,__main__,council_smd,gd,ქართული ოცნება - დემოკრატიული საქართველო,,3,სამტრედია,,41,დავით,ჯანელიძე,დავით ჯანელიძე,,,adg_2021_candidates_unified.xlsx
local_2021,__main__,council_smd,gd,ქართული ოცნება - დემოკრატიული საქართველო,,2,სამტრედია,,41,ნათია,პაპავა,ნათია პაპავა,,,adg_2021_candidates_unified.xlsx
local_2021,__main__,council_smd,gd,ქართული ოცნება - დემოკრატიული საქართველო,,6,სამტრედია,,41,მერაბ,უღრელიძე,მერაბ უღრელიძე,,,adg_2021_candidates_unified.xlsx
local_2021,__main__,council_smd,gd,ქართული ოცნება - დემოკრატიული საქართველო,,1,სამტრედია,,41,ზაზა,ადეიშვილი,ზაზა ადეიშვილი,,,adg_2021_candidates_unified.xlsx
local_2021,__main__,council_smd,gd,ქართული ოცნება - დემოკრატიული საქართველო,,5,სამტრედია,,41,გოჩა,არველაძე,გოჩა არველაძე,,,adg_2021_candidates_unified.xlsx
local_2021,__main__,council_smd,gd,ქართული ოცნება - დემოკრატიული საქართველო,,8,სამტრედია,,41,პაატა,კოხრეიძე,პაატა კოხრეიძე,,,adg_2021_candidates_unified.xlsx
local_2021,__main__,council_smd,gd,ქართული ოცნება - დემოკრატიული საქართველო,,4,სამტრედია,,41,ვაჟა,სტურუა,ვაჟა სტურუა,,,adg_2021_candidates_unified.xlsx
local_2021,__main__,council_smd,gd,ქართული ოცნება - დემოკრატიული საქართველო,,7,სამტრედია,,41,გიორგი,ლეჟავა,გიორგი ლეჟავა,,,adg_2021_candidates_unified.xlsx
local_2021,__main__,council_smd,,საინიციატივო ჯგუფი,,8,სამტრედია,,51,დავით,კომახიძე,დავით კომახიძე,,,adg_2021_candidates_unified.xlsx
local_2021,__main__,council_smd,,საინიციატივო ჯგუფი,,5,სამტრედია,,52,რუსლან,ჯუღაშვილი,რუსლან ჯუღაშვილი,,,adg_2021_candidates_unified.xlsx
local_2021,__main__,council_smd,third_force,„მესამე ძალა-სტრატეგია აღმაშენებელი”,,9,ხონი,,1,ქეთევან,ჯიშკარიანი,ქეთევან ჯიშკარიანი,,,adg_2021_candidates_unified.xlsx
local_2021,__main__,council_smd,third_force,„მესამე ძალა-სტრატეგია აღმაშენებელი”,,1,ხონი,,1,ვაჟა,ცაგარეიშვილი,ვაჟა ცაგარეიშვილი,,,adg_2021_candidates_unified.xlsx
local_2021,__main__,council_smd,third_force,„მესამე ძალა-სტრატეგია აღმაშენებელი”,,2,ხონი,,1,კოტე,გვილავა,კოტე გვილავა,,,adg_2021_candidates_unified.xlsx
local_2021,__main__,council_smd,european_georgia,„ევროპული საქართველო-მოძრაობა თავისუფლებისთვის”,,5,ხონი,,2,შორენა,ჭოლოკავა,შორენა ჭოლოკავა,,,adg_2021_candidates_unified.xlsx
local_2021,__main__,council_smd,european_georgia,„ევროპული საქართველო-მოძრაობა თავისუფლებისთვის”,,10,ხონი,,2,გოჩა,ჯიბუხაია,გოჩა ჯიბუხაია,,,adg_2021_candidates_unified.xlsx
local_2021,__main__,council_smd,european_georgia,„ევროპული საქართველო-მოძრაობა თავისუფლებისთვის”,,3,ხონი,,2,ლაშა,გედენიძე,ლაშა გედენიძე,,,adg_2021_candidates_unified.xlsx
local_2021,__main__,council_smd,unm,„ერთიანი ნაციონალური მოძრაობა”,,9,ხონი,,5,ვალერიანე,ქელბაქიანი,ვალერიანე ქელბაქიანი,,,adg_2021_candidates_unified.xlsx
local_2021,__main__,council_smd,unm,„ერთიანი ნაციონალური მოძრაობა”,,6,ხონი,,5,ლევანი,ჯიმშელეიშვილი,ლევანი ჯიმშელეიშვილი,,,adg_2021_candidates_unified.xlsx
local_2021,__main__,council_smd,unm,„ერთიანი ნაციონალური მოძრაობა”,,8,ხონი,,5,რამაზი,ბუაძე,რამაზი ბუაძე,,,adg_2021_candidates_unified.xlsx
local_2021,__main__,council_smd,unm,„ერთიანი ნაციონალური მოძრაობა”,,1,ხონი,,5,ნაზიბროლა,გეგია,ნაზიბროლა გეგია,,,adg_2021_candidates_unified.xlsx
local_2021,__main__,council_smd,unm,„ერთიანი ნაციონალური მოძრაობა”,,2,ხონი,,5,ბესარიონ,ჭელიძე,ბესარიონ ჭელიძე,,,adg_2021_candidates_unified.xlsx
local_2021,__main__,council_smd,unm,„ერთიანი ნაციონალური მოძრაობა”,,4,ხონი,,5,ზვიადი,ჩიმაკაძე,ზვიადი ჩიმაკაძე,,,adg_2021_candidates_unified.xlsx
local_2021,__main__,council_smd,unm,„ერთიანი ნაციონალური მოძრაობა”,,7,ხონი,,5,რაული,ვაშაკიძე,რაული ვაშაკიძე,,,adg_2021_candidates_unified.xlsx
local_2021,__main__,council_smd,gakharia,გახარია - საქართველოსთვის,,6,ხონი,,25,მინდია,გველებიანი,მინდია გველებიანი,,,adg_2021_candidates_unified.xlsx
local_2021,__main__,council_smd,gd,ქართული ოცნება - დემოკრატიული საქართველო,,9,ხონი,,41,ელისო,ლიპარტელიანი,ელისო ლიპარტელიანი,,,adg_2021_candidates_unified.xlsx
local_2021,__main__,council_smd,gd,ქართული ოცნება - დემოკრატიული საქართველო,,8,ხონი,,41,ზურაბ,მიქაძე,ზურაბ მიქაძე,,,adg_2021_candidates_unified.xlsx
local_2021,__main__,council_smd,gd,ქართული ოცნება - დემოკრატიული საქართველო,,10,ხონი,,41,მათე,ჩანქსელიანი,მათე ჩანქსელიანი,,,adg_2021_candidates_unified.xlsx
local_2021,__main__,council_smd,gd,ქართული ოცნება - დემოკრატიული საქართველო,,3,ხონი,,41,იუზა,ჩიხლაძე,იუზა ჩიხლაძე,,,adg_2021_candidates_unified.xlsx
local_2021,__main__,council_smd,gd,ქართული ოცნება - დემოკრატიული საქართველო,,2,ხონი,,41,ამირან,კაშია,ამირან კაშია,,,adg_2021_candidates_unified.xlsx
local_2021,__main__,council_smd,gd,ქართული ოცნება - დემოკრატიული საქართველო,,1,ხონი,,41,ვალერ,ბახტაძე,ვალერ ბახტაძე,,,adg_2021_candidates_unified.xlsx
local_2021,__main__,council_smd,gd,ქართული ოცნება - დემოკრატიული საქართველო,,7,ხონი,,41,ზაზა,ვაშაკიძე,ზაზა ვაშაკიძე,,,adg_2021_candidates_unified.xlsx
local_2021,__main__,council_smd,gd,ქართული ოცნება - დემოკრატიული საქართველო,,6,ხონი,,41,ვახტანგ,ვაჭარაძე,ვახტანგ ვაჭარაძე,,,adg_2021_candidates_unified.xlsx
local_2021,__main__,council_smd,gd,ქართული ოცნება - დემოკრატიული საქართველო,,4,ხონი,,41,ნინო,კუხალაშვილი,ნინო კუხალაშვილი,,,adg_2021_candidates_unified.xlsx
local_2021,__main__,council_smd,gd,ქართული ოცნება - დემოკრატიული საქართველო,,5,ხონი,,41,ია,სულუხია,ია სულუხია,,,adg_2021_candidates_unified.xlsx
local_2021,__main__,council_smd,third_force,„მესამე ძალა-სტრატეგია აღმაშენებელი”,,8,ჭიათურა,,1,დავითი,ნადირაძე,დავითი ნადირაძე,,,adg_2021_candidates_unified.xlsx
local_2021,__main__,council_smd,third_force,„მესამე ძალა-სტრატეგია აღმაშენებელი”,,1,ჭიათურა,,1,კონსტანტინე,ქვარიანი,კონსტანტინე ქვარიანი,,,adg_2021_candidates_unified.xlsx
local_2021,__main__,council_smd,european_georgia,„ევროპული საქართველო-მოძრაობა თავისუფლებისთვის”,,10,ჭიათურა,,2,დავით,ლომიძე,დავით ლომიძე,,,adg_2021_candidates_unified.xlsx
local_2021,__main__,council_smd,european_georgia,„ევროპული საქართველო-მოძრაობა თავისუფლებისთვის”,,7,ჭიათურა,,2,ეკა,ხვედელიძე,ეკა ხვედელიძე,,,adg_2021_candidates_unified.xlsx
local_2021,__main__,council_smd,early_elections_coalition,„ვადამდელი არჩევნები - ერთიანი საქართველო - დემოკრატიული მოძრაობა”,,12,ჭიათურა,,3,რემი,ბიწაძე,რემი ბიწაძე,,,adg_2021_candidates_unified.xlsx
local_2021,__main__,council_smd,unm,„ერთიანი ნაციონალური მოძრაობა”,,2,ჭიათურა,,5,პროკოფ,ჩიკვილაძე,პროკოფ ჩიკვილაძე,,,adg_2021_candidates_unified.xlsx
local_2021,__main__,council_smd,unm,„ერთიანი ნაციონალური მოძრაობა”,,4,ჭიათურა,,5,ილიკო,ჩიკვილაძე,ილიკო ჩიკვილაძე,,,adg_2021_candidates_unified.xlsx
local_2021,__main__,council_smd,unm,„ერთიანი ნაციონალური მოძრაობა”,,12,ჭიათურა,,5,კობა,შეყილაძე,კობა შეყილაძე,,,adg_2021_candidates_unified.xlsx
local_2021,__main__,council_smd,unm,„ერთიანი ნაციონალური მოძრაობა”,,11,ჭიათურა,,5,გოჩა,ციცვიძე,გოჩა ციცვიძე,,,adg_2021_candidates_unified.xlsx
local_2021,__main__,council_smd,unm,„ერთიანი ნაციონალური მოძრაობა”,,5,ჭიათურა,,5,ნუკრი,კაპანაძე,ნუკრი კაპანაძე,,,adg_2021_candidates_unified.xlsx
local_2021,__main__,council_smd,unm,„ერთიანი ნაციონალური მოძრაობა”,,3,ჭიათურა,,5,ნოდარი,სარალიძე,ნოდარი სარალიძე,,,adg_2021_candidates_unified.xlsx
local_2021,__main__,council_smd,citizens,„ალეკო ელისაშვილი-მოქალაქეები”,,3,ჭიათურა,,7,ლევან,კაპანაძე,ლევან კაპანაძე,,,adg_2021_candidates_unified.xlsx
local_2021,__main__,council_smd,patriots,"„დავით თარხან-მოურავი, ირმა ინაშვილი - საქართველოს პატრიოტთა ალიანსი”",,5,ჭიათურა,,8,ტარიელ,მიქაცაძე,ტარიელ მიქაცაძე,,,adg_2021_candidates_unified.xlsx
local_2021,__main__,council_smd,patriots,"„დავით თარხან-მოურავი, ირმა ინაშვილი - საქართველოს პატრიოტთა ალიანსი”",,7,ჭიათურა,,8,თემური,კაციტაძე,თემური კაციტაძე,,,adg_2021_candidates_unified.xlsx
local_2021,__main__,council_smd,patriots,"„დავით თარხან-მოურავი, ირმა ინაშვილი - საქართველოს პატრიოტთა ალიანსი”",,6,ჭიათურა,,8,დავით,არჩვაძე,დავით არჩვაძე,,,adg_2021_candidates_unified.xlsx
local_2021,__main__,council_smd,patriots,"„დავით თარხან-მოურავი, ირმა ინაშვილი - საქართველოს პატრიოტთა ალიანსი”",,8,ჭიათურა,,8,რამინი,ღუღუნიშვილი,რამინი ღუღუნიშვილი,,,adg_2021_candidates_unified.xlsx
local_2021,__main__,council_smd,patriots,"„დავით თარხან-მოურავი, ირმა ინაშვილი - საქართველოს პატრიოტთა ალიანსი”",,1,ჭიათურა,,8,გიორგი,კასრაძე,გიორგი კასრაძე,,,adg_2021_candidates_unified.xlsx
local_2021,__main__,council_smd,lelo,„ლელო”,,9,ჭიათურა,,9,გიორგი,გაფრინდაშვილი,გიორგი გაფრინდაშვილი,,,adg_2021_candidates_unified.xlsx
local_2021,__main__,council_smd,lelo,„ლელო”,,6,ჭიათურა,,9,ამირანი,მეცხოვრიშვილი,ამირანი მეცხოვრიშვილი,,,adg_2021_candidates_unified.xlsx
local_2021,__main__,council_smd,gakharia,გახარია - საქართველოსთვის,,9,ჭიათურა,,25,შოთა,ცერცვაძე,შოთა ცერცვაძე,,,adg_2021_candidates_unified.xlsx
local_2021,__main__,council_smd,gakharia,გახარია - საქართველოსთვის,,10,ჭიათურა,,25,ნიკა,კაპანაძე,ნიკა კაპანაძე,,,adg_2021_candidates_unified.xlsx
local_2021,__main__,council_smd,gakharia,გახარია - საქართველოსთვის,,11,ჭიათურა,,25,გივი,კაპანაძე,გივი კაპანაძე,,,adg_2021_candidates_unified.xlsx
local_2021,__main__,council_smd,gakharia,გახარია - საქართველოსთვის,,12,ჭიათურა,,25,ირაკლი,ბიწაძე,ირაკლი ბიწაძე,,,adg_2021_candidates_unified.xlsx
local_2021,__main__,council_smd,gakharia,გახარია - საქართველოსთვის,,1,ჭიათურა,,25,ავთანდილ,ცხადიაშვილი,ავთანდილ ცხადიაშვილი,,,adg_2021_candidates_unified.xlsx
local_2021,__main__,council_smd,gakharia,გახარია - საქართველოსთვის,,2,ჭიათურა,,25,ეკა,კაპანაძე,ეკა კაპანაძე,,,adg_2021_candidates_unified.xlsx
local_2021,__main__,council_smd,gakharia,გახარია - საქართველოსთვის,,4,ჭიათურა,,25,მანუჩარ,მუჯირი,მანუჩარ მუჯირი,,,adg_2021_candidates_unified.xlsx
local_2021,__main__,council_smd,gakharia,გახარია - საქართველოსთვის,,5,ჭიათურა,,25,გრიგოლი,ტყემალაძე,გრიგოლი ტყემალაძე,,,adg_2021_candidates_unified.xlsx
local_2021,__main__,council_smd,gakharia,გახარია - საქართველოსთვის,,6,ჭიათურა,,25,მარინა,ღუღუნიშვილი,მარინა ღუღუნიშვილი,,,adg_2021_candidates_unified.xlsx
local_2021,__main__,council_smd,gakharia,გახარია - საქართველოსთვის,,7,ჭიათურა,,25,შოთა,ღუღუნიშვილი,შოთა ღუღუნიშვილი,,,adg_2021_candidates_unified.xlsx
local_2021,__main__,council_smd,gakharia,გახარია - საქართველოსთვის,,8,ჭიათურა,,25,ვალერი,კაპანაძე,ვალერი კაპანაძე,,,adg_2021_candidates_unified.xlsx
local_2021,__main__,council_smd,gd,ქართული ოცნება - დემოკრატიული საქართველო,,11,ჭიათურა,,41,გელა,გელაშვილი,გელა გელაშვილი,,,adg_2021_candidates_unified.xlsx
local_2021,__main__,council_smd,gd,ქართული ოცნება - დემოკრატიული საქართველო,,10,ჭიათურა,,41,ზაზა,ჯოხაძე,ზაზა ჯოხაძე,,,adg_2021_candidates_unified.xlsx
local_2021,__main__,council_smd,gd,ქართული ოცნება - დემოკრატიული საქართველო,,12,ჭიათურა,,41,ვახტანგ,ცუცქირიძე,ვახტანგ ცუცქირიძე,,,adg_2021_candidates_unified.xlsx
local_2021,__main__,council_smd,gd,ქართული ოცნება - დემოკრატიული საქართველო,,9,ჭიათურა,,41,გიორგი,ვაშაძე,გიორგი ვაშაძე,,,adg_2021_candidates_unified.xlsx
local_2021,__main__,council_smd,gd,ქართული ოცნება - დემოკრატიული საქართველო,,7,ჭიათურა,,41,ირაკლი,მერმანიშვილი,ირაკლი მერმანიშვილი,,,adg_2021_candidates_unified.xlsx
local_2021,__main__,council_smd,gd,ქართული ოცნება - დემოკრატიული საქართველო,,8,ჭიათურა,,41,ოლეგი,ყობიაშვილი,ოლეგი ყობიაშვილი,,,adg_2021_candidates_unified.xlsx
local_2021,__main__,council_smd,gd,ქართული ოცნება - დემოკრატიული საქართველო,,4,ჭიათურა,,41,დავით,ყიფშიძე,დავით ყიფშიძე,,,adg_2021_candidates_unified.xlsx
local_2021,__main__,council_smd,gd,ქართული ოცნება - დემოკრატიული საქართველო,,6,ჭიათურა,,41,გიორგი,დემეტრაშვილი,გიორგი დემეტრაშვილი,,,adg_2021_candidates_unified.xlsx
local_2021,__main__,council_smd,gd,ქართული ოცნება - დემოკრატიული საქართველო,,5,ჭიათურა,,41,ემზარ,მიქაცაძე,ემზარ მიქაცაძე,,,adg_2021_candidates_unified.xlsx
local_2021,__main__,council_smd,gd,ქართული ოცნება - დემოკრატიული საქართველო,,2,ჭიათურა,,41,გელა,ბუზალაძე,გელა ბუზალაძე,,,adg_2021_candidates_unified.xlsx
local_2021,__main__,council_smd,gd,ქართული ოცნება - დემოკრატიული საქართველო,,3,ჭიათურა,,41,რომანი,მუმლაძე,რომანი მუმლაძე,,,adg_2021_candidates_unified.xlsx
local_2021,__main__,council_smd,gd,ქართული ოცნება - დემოკრატიული საქართველო,,1,ჭიათურა,,41,ალექსანდრე,ციცქიშვილი,ალექსანდრე ციცქიშვილი,,,adg_2021_candidates_unified.xlsx
local_2021,__main__,council_smd,third_force,„მესამე ძალა-სტრატეგია აღმაშენებელი”,,5,ტყიბული,,1,შოთა,ასათიანი,შოთა ასათიანი,,,adg_2021_candidates_unified.xlsx
local_2021,__main__,council_smd,european_georgia,„ევროპული საქართველო-მოძრაობა თავისუფლებისთვის”,,1,ტყიბული,,2,მადონა,გაბელაშვილი,მადონა გაბელაშვილი,,,adg_2021_candidates_unified.xlsx
local_2021,__main__,council_smd,unm,„ერთიანი ნაციონალური მოძრაობა”,,2,ტყიბული,,5,ბესიკი,გაბელაშვილი,ბესიკი გაბელაშვილი,,,adg_2021_candidates_unified.xlsx
local_2021,__main__,council_smd,unm,„ერთიანი ნაციონალური მოძრაობა”,,3,ტყიბული,,5,ნატო,ბუბაშვილი-ობოლაძე,ნატო ბუბაშვილი-ობოლაძე,,,adg_2021_candidates_unified.xlsx
local_2021,__main__,council_smd,unm,„ერთიანი ნაციონალური მოძრაობა”,,4,ტყიბული,,5,ბესიკი,კუბლაშვილი,ბესიკი კუბლაშვილი,,,adg_2021_candidates_unified.xlsx
local_2021,__main__,council_smd,unm,„ერთიანი ნაციონალური მოძრაობა”,,5,ტყიბული,,5,ალექსანდრე,გაბადაძე,ალექსანდრე გაბადაძე,,,adg_2021_candidates_unified.xlsx
local_2021,__main__,council_smd,unm,„ერთიანი ნაციონალური მოძრაობა”,,6,ტყიბული,,5,გოჩა,სირბილაძე,გოჩა სირბილაძე,,,adg_2021_candidates_unified.xlsx
local_2021,__main__,council_smd,unm,„ერთიანი ნაციონალური მოძრაობა”,,7,ტყიბული,,5,ბახვა,ცნობილაძე,ბახვა ცნობილაძე,,,adg_2021_candidates_unified.xlsx
local_2021,__main__,council_smd,unm,„ერთიანი ნაციონალური მოძრაობა”,,8,ტყიბული,,5,ირაკლი,აფრიდონიძე,ირაკლი აფრიდონიძე,,,adg_2021_candidates_unified.xlsx
local_2021,__main__,council_smd,unm,„ერთიანი ნაციონალური მოძრაობა”,,9,ტყიბული,,5,ცოტნე,აბესაძე,ცოტნე აბესაძე,,,adg_2021_candidates_unified.xlsx
local_2021,__main__,council_smd,gakharia,გახარია - საქართველოსთვის,,4,ტყიბული,,25,გიორგი,გაბრიაძე,გიორგი გაბრიაძე,,,adg_2021_candidates_unified.xlsx
local_2021,__main__,council_smd,gakharia,გახარია - საქართველოსთვის,,5,ტყიბული,,25,ბაჩანა,ხერხაძე,ბაჩანა ხერხაძე,,,adg_2021_candidates_unified.xlsx
local_2021,__main__,council_smd,gakharia,გახარია - საქართველოსთვის,,3,ტყიბული,,25,ქეთევანი,ყვავაძე,ქეთევანი ყვავაძე,,,adg_2021_candidates_unified.xlsx
local_2021,__main__,council_smd,gakharia,გახარია - საქართველოსთვის,,9,ტყიბული,,25,გიორგი,კირკიტაძე,გიორგი კირკიტაძე,,,adg_2021_candidates_unified.xlsx
local_2021,__main__,council_smd,gakharia,გახარია - საქართველოსთვის,,1,ტყიბული,,25,ნუგზარი,მიქიაშვილი,ნუგზარი მიქიაშვილი,,,adg_2021_candidates_unified.xlsx
local_2021,__main__,council_smd,free_georgia,"„თავისუფალი საქართველო (ზაზა ხატიაშვილი, კახა კუკავა, გრიგოლ ჯოჯუა)”",,1,ტყიბული,,37,ზვიად,კვირიკაძე,ზვიად კვირიკაძე,,,adg_2021_candidates_unified.xlsx
local_2021,__main__,council_smd,gd,ქართული ოცნება - დემოკრატიული საქართველო,,3,ტყიბული,,41,ზვიადი,კუბლაშვილი,ზვიადი კუბლაშვილი,,,adg_2021_candidates_unified.xlsx
local_2021,__main__,council_smd,gd,ქართული ოცნება - დემოკრატიული საქართველო,,4,ტყიბული,,41,იზოლდა,ნემსაძე,იზოლდა ნემსაძე,,,adg_2021_candidates_unified.xlsx
local_2021,__main__,council_smd,gd,ქართული ოცნება - დემოკრატიული საქართველო,,1,ტყიბული,,41,რომან,მაწკეპლაძე,რომან მაწკეპლაძე,,,adg_2021_candidates_unified.xlsx
local_2021,__main__,council_smd,gd,ქართული ოცნება - დემოკრატიული საქართველო,,6,ტყიბული,,41,გრიგოლი,ჩიხლაძე,გრიგოლი ჩიხლაძე,,,adg_2021_candidates_unified.xlsx
local_2021,__main__,council_smd,gd,ქართული ოცნება - დემოკრატიული საქართველო,,5,ტყიბული,,41,გიორგი,ნანიკაშვილი,გიორგი ნანიკაშვილი,,,adg_2021_candidates_unified.xlsx
local_2021,__main__,council_smd,gd,ქართული ოცნება - დემოკრატიული საქართველო,,7,ტყიბული,,41,მანუჩარი,გოტიაშვილი,მანუჩარი გოტიაშვილი,,,adg_2021_candidates_unified.xlsx
local_2021,__main__,council_smd,gd,ქართული ოცნება - დემოკრატიული საქართველო,,2,ტყიბული,,41,ირაკლი,აბესაძე,ირაკლი აბესაძე,,,adg_2021_candidates_unified.xlsx
local_2021,__main__,council_smd,gd,ქართული ოცნება - დემოკრატიული საქართველო,,8,ტყიბული,,41,გიორგი,ავალიანი,გიორგი ავალიანი,,,adg_2021_candidates_unified.xlsx
local_2021,__main__,council_smd,gd,ქართული ოცნება - დემოკრატიული საქართველო,,9,ტყიბული,,41,როლანდი,არსენაშვილი,როლანდი არსენაშვილი,,,adg_2021_candidates_unified.xlsx
local_2021,__main__,council_smd,third_force,„მესამე ძალა-სტრატეგია აღმაშენებელი”,,7,წყალტუბო,,1,ნონა,სილაგაძე,ნონა სილაგაძე,,,adg_2021_candidates_unified.xlsx
local_2021,__main__,council_smd,third_force,„მესამე ძალა-სტრატეგია აღმაშენებელი”,,1,წყალტუბო,,1,თეიმურაზ,თუთბერიძე,თეიმურაზ თუთბერიძე,,,adg_2021_candidates_unified.xlsx
local_2021,__main__,council_smd,third_force,„მესამე ძალა-სტრატეგია აღმაშენებელი”,,3,წყალტუბო,,1,ხვიჩა,კოხრეიძე,ხვიჩა კოხრეიძე,,,adg_2021_candidates_unified.xlsx
local_2021,__main__,council_smd,third_force,„მესამე ძალა-სტრატეგია აღმაშენებელი”,,4,წყალტუბო,,1,ლაშა,კენჭაძე,ლაშა კენჭაძე,,,adg_2021_candidates_unified.xlsx
local_2021,__main__,council_smd,third_force,„მესამე ძალა-სტრატეგია აღმაშენებელი”,,5,წყალტუბო,,1,ლაშა,ქუთათელაძე,ლაშა ქუთათელაძე,,,adg_2021_candidates_unified.xlsx
local_2021,__main__,council_smd,third_force,„მესამე ძალა-სტრატეგია აღმაშენებელი”,,9,წყალტუბო,,1,ავთანდილ,ტოგონიძე,ავთანდილ ტოგონიძე,,,adg_2021_candidates_unified.xlsx
local_2021,__main__,council_smd,third_force,„მესამე ძალა-სტრატეგია აღმაშენებელი”,,11,წყალტუბო,,1,ოთარ,ჯანელიძე,ოთარ ჯანელიძე,,,adg_2021_candidates_unified.xlsx
local_2021,__main__,council_smd,european_georgia,„ევროპული საქართველო-მოძრაობა თავისუფლებისთვის”,,2,წყალტუბო,,2,სევერიანე,გორდულაძე,სევერიანე გორდულაძე,,,adg_2021_candidates_unified.xlsx
local_2021,__main__,council_smd,european_georgia,„ევროპული საქართველო-მოძრაობა თავისუფლებისთვის”,,6,წყალტუბო,,2,გელა,ბობოხიძე,გელა ბობოხიძე,,,adg_2021_candidates_unified.xlsx
local_2021,__main__,council_smd,european_georgia,„ევროპული საქართველო-მოძრაობა თავისუფლებისთვის”,,10,წყალტუბო,,2,გიორგი,ჩიტეიშვილი,გიორგი ჩიტეიშვილი,,,adg_2021_candidates_unified.xlsx
local_2021,__main__,council_smd,european_georgia,„ევროპული საქართველო-მოძრაობა თავისუფლებისთვის”,,3,წყალტუბო,,2,მურთაზი,კვერნაძე,მურთაზი კვერნაძე,,,adg_2021_candidates_unified.xlsx
local_2021,__main__,council_smd,unm,„ერთიანი ნაციონალური მოძრაობა”,,1,წყალტუბო,,5,დავით,ხიდეშელი,დავით ხიდეშელი,,,adg_2021_candidates_unified.xlsx
local_2021,__main__,council_smd,unm,„ერთიანი ნაციონალური მოძრაობა”,,3,წყალტუბო,,5,ზვიად,ცომაია,ზვიად ცომაია,,,adg_2021_candidates_unified.xlsx
local_2021,__main__,council_smd,unm,„ერთიანი ნაციონალური მოძრაობა”,,4,წყალტუბო,,5,ვასილი,მხეცაძე,ვასილი მხეცაძე,,,adg_2021_candidates_unified.xlsx
local_2021,__main__,council_smd,unm,„ერთიანი ნაციონალური მოძრაობა”,,5,წყალტუბო,,5,ზურაბ,იოსელიანი,ზურაბ იოსელიანი,,,adg_2021_candidates_unified.xlsx
local_2021,__main__,council_smd,unm,„ერთიანი ნაციონალური მოძრაობა”,,7,წყალტუბო,,5,შოთა,გურეშიძე,შოთა გურეშიძე,,,adg_2021_candidates_unified.xlsx
local_2021,__main__,council_smd,unm,„ერთიანი ნაციონალური მოძრაობა”,,8,წყალტუბო,,5,გალაქტიონ,ხარაბაძე,გალაქტიონ ხარაბაძე,,,adg_2021_candidates_unified.xlsx
local_2021,__main__,council_smd,unm,„ერთიანი ნაციონალური მოძრაობა”,,9,წყალტუბო,,5,ია,იაშვილი,ია იაშვილი,,,adg_2021_candidates_unified.xlsx
local_2021,__main__,council_smd,unm,„ერთიანი ნაციონალური მოძრაობა”,,11,წყალტუბო,,5,ლადო,ყაველაშვილი,ლადო ყაველაშვილი,,,adg_2021_candidates_unified.xlsx
local_2021,__main__,council_smd,unm,„ერთიანი ნაციონალური მოძრაობა”,,12,წყალტუბო,,5,ავთანდილ,გაბუნია,ავთანდილ გაბუნია,,,adg_2021_candidates_unified.xlsx
local_2021,__main__,council_smd,unm,„ერთიანი ნაციონალური მოძრაობა”,,13,წყალტუბო,,5,როლანდი,ზაქარაშვილი,როლანდი ზაქარაშვილი,,,adg_2021_candidates_unified.xlsx
local_2021,__main__,council_smd,patriots,"„დავით თარხან-მოურავი, ირმა ინაშვილი - საქართველოს პატრიოტთა ალიანსი”",,11,წყალტუბო,,8,სერგო,დათუაშვილი,სერგო დათუაშვილი,,,adg_2021_candidates_unified.xlsx
local_2021,__main__,council_smd,patriots,"„დავით თარხან-მოურავი, ირმა ინაშვილი - საქართველოს პატრიოტთა ალიანსი”",,1,წყალტუბო,,8,ირაკლი,გველესიანი,ირაკლი გველესიანი,,,adg_2021_candidates_unified.xlsx
local_2021,__main__,council_smd,patriots,"„დავით თარხან-მოურავი, ირმა ინაშვილი - საქართველოს პატრიოტთა ალიანსი”",,7,წყალტუბო,,8,გენადი,ქუთათელაძე,გენადი ქუთათელაძე,,,adg_2021_candidates_unified.xlsx
local_2021,__main__,council_smd,patriots,"„დავით თარხან-მოურავი, ირმა ინაშვილი - საქართველოს პატრიოტთა ალიანსი”",,9,წყალტუბო,,8,თემურ,იამანიძე,თემურ იამანიძე,,,adg_2021_candidates_unified.xlsx
local_2021,__main__,council_smd,lelo,„ლელო”,,3,წყალტუბო,,9,ამირან,ჟორჟოლიანი,ამირან ჟორჟოლიანი,,,adg_2021_candidates_unified.xlsx
local_2021,__main__,council_smd,lelo,„ლელო”,,11,წყალტუბო,,9,დავით,გიორხელიძე,დავით გიორხელიძე,,,adg_2021_candidates_unified.xlsx
local_2021,__main__,council_smd,gakharia,გახარია - საქართველოსთვის,,1,წყალტუბო,,25,ნოდარი,ასათიანი,ნოდარი ასათიანი,,,adg_2021_candidates_unified.xlsx
local_2021,__main__,council_smd,gakharia,გახარია - საქართველოსთვის,,2,წყალტუბო,,25,პლატონ,ლიპარტელიანი,პლატონ ლიპარტელიანი,,,adg_2021_candidates_unified.xlsx
local_2021,__main__,council_smd,gakharia,გახარია - საქართველოსთვის,,3,წყალტუბო,,25,მალხაზ,ჟორჟოლიანი,მალხაზ ჟორჟოლიანი,,,adg_2021_candidates_unified.xlsx
local_2021,__main__,council_smd,gakharia,გახარია - საქართველოსთვის,,5,წყალტუბო,,25,ნოდარი,ჩირგაძე,ნოდარი ჩირგაძე,,,adg_2021_candidates_unified.xlsx
local_2021,__main__,council_smd,gakharia,გახარია - საქართველოსთვის,,6,წყალტუბო,,25,მარად,ჩანქსელიანი,მარად ჩანქსელიანი,,,adg_2021_candidates_unified.xlsx
local_2021,__main__,council_smd,gakharia,გახარია - საქართველოსთვის,,8,წყალტუბო,,25,ვალერი,მარდალეიშვილი,ვალერი მარდალეიშვილი,,,adg_2021_candidates_unified.xlsx
local_2021,__main__,council_smd,gakharia,გახარია - საქართველოსთვის,,9,წყალტუბო,,25,მირიანი,მურღულია,მირიანი მურღულია,,,adg_2021_candidates_unified.xlsx
local_2021,__main__,council_smd,gakharia,გახარია - საქართველოსთვის,,10,წყალტუბო,,25,ბაჩანა,ლიპარტელიანი,ბაჩანა ლიპარტელიანი,,,adg_2021_candidates_unified.xlsx
local_2021,__main__,council_smd,gd,ქართული ოცნება - დემოკრატიული საქართველო,,13,წყალტუბო,,41,გრიგოლ,მაღლაფერიძე,გრიგოლ მაღლაფერიძე,,,adg_2021_candidates_unified.xlsx
local_2021,__main__,council_smd,gd,ქართული ოცნება - დემოკრატიული საქართველო,,10,წყალტუბო,,41,ვეფხვია,ბანძელაძე,ვეფხვია ბანძელაძე,,,adg_2021_candidates_unified.xlsx
local_2021,__main__,council_smd,gd,ქართული ოცნება - დემოკრატიული საქართველო,,12,წყალტუბო,,41,შალვა,კილაძე,შალვა კილაძე,,,adg_2021_candidates_unified.xlsx
local_2021,__main__,council_smd,gd,ქართული ოცნება - დემოკრატიული საქართველო,,11,წყალტუბო,,41,რევაზი,დიდავა,რევაზი დიდავა,,,adg_2021_candidates_unified.xlsx
local_2021,__main__,council_smd,gd,ქართული ოცნება - დემოკრატიული საქართველო,,1,წყალტუბო,,41,ხათუნა,მაღლაკელიძე,ხათუნა მაღლაკელიძე,,,adg_2021_candidates_unified.xlsx
local_2021,__main__,council_smd,gd,ქართული ოცნება - დემოკრატიული საქართველო,,9,წყალტუბო,,41,ნინო,ჭეიშვილი,ნინო ჭეიშვილი,,,adg_2021_candidates_unified.xlsx
local_2021,__main__,council_smd,gd,ქართული ოცნება - დემოკრატიული საქართველო,,7,წყალტუბო,,41,ომარ,სინაურიძე,ომარ სინაურიძე,,,adg_2021_candidates_unified.xlsx
local_2021,__main__,council_smd,gd,ქართული ოცნება - დემოკრატიული საქართველო,,6,წყალტუბო,,41,ჯეირან,ომანაძე,ჯეირან ომანაძე,,,adg_2021_candidates_unified.xlsx
local_2021,__main__,council_smd,gd,ქართული ოცნება - დემოკრატიული საქართველო,,4,წყალტუბო,,41,სერგო,კირკიტაძე,სერგო კირკიტაძე,,,adg_2021_candidates_unified.xlsx
local_2021,__main__,council_smd,gd,ქართული ოცნება - დემოკრატიული საქართველო,,3,წყალტუბო,,41,დევი,დოლაბერიძე,დევი დოლაბერიძე,,,adg_2021_candidates_unified.xlsx
local_2021,__main__,council_smd,gd,ქართული ოცნება - დემოკრატიული საქართველო,,2,წყალტუბო,,41,ავთანდილ,მხეიძე,ავთანდილ მხეიძე,,,adg_2021_candidates_unified.xlsx
local_2021,__main__,council_smd,gd,ქართული ოცნება - დემოკრატიული საქართველო,,5,წყალტუბო,,41,ზურაბ,მამარდაშვილი,ზურაბ მამარდაშვილი,,,adg_2021_candidates_unified.xlsx
local_2021,__main__,council_smd,gd,ქართული ოცნება - დემოკრატიული საქართველო,,8,წყალტუბო,,41,ალექსანდრე,ნიქაბაძე,ალექსანდრე ნიქაბაძე,,,adg_2021_candidates_unified.xlsx
local_2021,__main__,council_smd,third_force,„მესამე ძალა-სტრატეგია აღმაშენებელი”,,7,ქუთაისი,,1,ხათუნა,ხურციძე,ხათუნა ხურციძე,,,adg_2021_candidates_unified.xlsx
local_2021,__main__,council_smd,third_force,„მესამე ძალა-სტრატეგია აღმაშენებელი”,,6,ქუთაისი,,1,ანნა,სირბილაძე,ანნა სირბილაძე,,,adg_2021_candidates_unified.xlsx
local_2021,__main__,council_smd,third_force,„მესამე ძალა-სტრატეგია აღმაშენებელი”,,2,ქუთაისი,,1,კობა,გურული,კობა გურული,,,adg_2021_candidates_unified.xlsx
local_2021,__main__,council_smd,third_force,„მესამე ძალა-სტრატეგია აღმაშენებელი”,,3,ქუთაისი,,1,ოთარი,კაჭკაჭიშვილი,ოთარი კაჭკაჭიშვილი,,,adg_2021_candidates_unified.xlsx
local_2021,__main__,council_smd,third_force,„მესამე ძალა-სტრატეგია აღმაშენებელი”,,5,ქუთაისი,,1,ვლადიმერ,ხმელიძე,ვლადიმერ ხმელიძე,,,adg_2021_candidates_unified.xlsx
local_2021,__main__,council_smd,third_force,„მესამე ძალა-სტრატეგია აღმაშენებელი”,,4,ქუთაისი,,1,გიორგი,ქათამაძე,გიორგი ქათამაძე,,,adg_2021_candidates_unified.xlsx
local_2021,__main__,council_smd,european_georgia,„ევროპული საქართველო-მოძრაობა თავისუფლებისთვის”,,3,ქუთაისი,,2,ამირან,ძოწენიძე,ამირან ძოწენიძე,,,adg_2021_candidates_unified.xlsx
local_2021,__main__,council_smd,unm,„ერთიანი ნაციონალური მოძრაობა”,,1,ქუთაისი,,5,ბესიკი,ბრეგაძე,ბესიკი ბრეგაძე,,,adg_2021_candidates_unified.xlsx
local_2021,__main__,council_smd,unm,„ერთიანი ნაციონალური მოძრაობა”,,4,ქუთაისი,,5,ანა,კოხრეიძე,ანა კოხრეიძე,,,adg_2021_candidates_unified.xlsx
local_2021,__main__,council_smd,unm,„ერთიანი ნაციონალური მოძრაობა”,,5,ქუთაისი,,5,ჯუმბერი,შაშიაშვილი,ჯუმბერი შაშიაშვილი,,,adg_2021_candidates_unified.xlsx
local_2021,__main__,council_smd,unm,„ერთიანი ნაციონალური მოძრაობა”,,6,ქუთაისი,,5,ნიკოლოზ,ნარსია,ნიკოლოზ ნარსია,,,adg_2021_candidates_unified.xlsx
local_2021,__main__,council_smd,unm,„ერთიანი ნაციონალური მოძრაობა”,,7,ქუთაისი,,5,ნესტან,დანელია,ნესტან დანელია,,,adg_2021_candidates_unified.xlsx
local_2021,__main__,council_smd,citizens,„ალეკო ელისაშვილი-მოქალაქეები”,,4,ქუთაისი,,7,გიორგი,ონიანი,გიორგი ონიანი,,,adg_2021_candidates_unified.xlsx
local_2021,__main__,council_smd,lelo,„ლელო”,,2,ქუთაისი,,9,ეკატერინე,ჩინჩალაძე,ეკატერინე ჩინჩალაძე,,,adg_2021_candidates_unified.xlsx
local_2021,__main__,council_smd,lelo,„ლელო”,,1,ქუთაისი,,9,ზურაბ,მახარობლიძე,ზურაბ მახარობლიძე,,,adg_2021_candidates_unified.xlsx
local_2021,__main__,council_smd,lelo,„ლელო”,,4,ქუთაისი,,9,ნანა,გოდუაძე,ნანა გოდუაძე,,,adg_2021_candidates_unified.xlsx
local_2021,__main__,council_smd,lelo,„ლელო”,,5,ქუთაისი,,9,ნათია,ფახურიძე,ნათია ფახურიძე,,,adg_2021_candidates_unified.xlsx
local_2021,__main__,council_smd,lelo,„ლელო”,,7,ქუთაისი,,9,ლელა,შანიძე,ლელა შანიძე,,,adg_2021_candidates_unified.xlsx
local_2021,__main__,council_smd,lelo,„ლელო”,,6,ქუთაისი,,9,გია,გურგენიძე,გია გურგენიძე,,,adg_2021_candidates_unified.xlsx
local_2021,__main__,council_smd,lelo,„ლელო”,,3,ქუთაისი,,9,ოთარი,ჭელიძე,ოთარი ჭელიძე,,,adg_2021_candidates_unified.xlsx
local_2021,__main__,council_smd,labour,„შალვა ნათელაშვილი-საქართველოს ლეიბორისტული პარტია”,,1,ქუთაისი,,10,გაგი,ახალაძე,გაგი ახალაძე,,,adg_2021_candidates_unified.xlsx
local_2021,__main__,council_smd,labour,„შალვა ნათელაშვილი-საქართველოს ლეიბორისტული პარტია”,,2,ქუთაისი,,10,იანა,ჯანელიძე,იანა ჯანელიძე,,,adg_2021_candidates_unified.xlsx
local_2021,__main__,council_smd,labour,„შალვა ნათელაშვილი-საქართველოს ლეიბორისტული პარტია”,,3,ქუთაისი,,10,მერაბი,ჭუმბურიძე,მერაბი ჭუმბურიძე,,,adg_2021_candidates_unified.xlsx
local_2021,__main__,council_smd,labour,„შალვა ნათელაშვილი-საქართველოს ლეიბორისტული პარტია”,,4,ქუთაისი,,10,დურმიშხანი,ასათიანი,დურმიშხანი ასათიანი,,,adg_2021_candidates_unified.xlsx
local_2021,__main__,council_smd,labour,„შალვა ნათელაშვილი-საქართველოს ლეიბორისტული პარტია”,,5,ქუთაისი,,10,ირაკლი,კიკვაძე,ირაკლი კიკვაძე,,,adg_2021_candidates_unified.xlsx
local_2021,__main__,council_smd,labour,„შალვა ნათელაშვილი-საქართველოს ლეიბორისტული პარტია”,,6,ქუთაისი,,10,გიორგი,წკეპლაძე,გიორგი წკეპლაძე,,,adg_2021_candidates_unified.xlsx
local_2021,__main__,council_smd,labour,„შალვა ნათელაშვილი-საქართველოს ლეიბორისტული პარტია”,,7,ქუთაისი,,10,მანანა,ლეჟავა,მანანა ლეჟავა,,,adg_2021_candidates_unified.xlsx
local_2021,__main__,council_smd,european_socialists,„ევროპელი სოციალისტები”,,1,ქუთაისი,,19,ლადიმერ,ბედენაშვილი,ლადიმერ ბედენაშვილი,,,adg_2021_candidates_unified.xlsx
local_2021,__main__,council_smd,european_socialists,„ევროპელი სოციალისტები”,,7,ქუთაისი,,19,ავთანდილ,ხეცურიანი,ავთანდილ ხეცურიანი,,,adg_2021_candidates_unified.xlsx
local_2021,__main__,council_smd,european_socialists,„ევროპელი სოციალისტები”,,4,ქუთაისი,,19,მამუკა,კიბორძალიძე,მამუკა კიბორძალიძე,,,adg_2021_candidates_unified.xlsx
local_2021,__main__,council_smd,gakharia,გახარია - საქართველოსთვის,,4,ქუთაისი,,25,ედიშერ,მიქაბერიძე,ედიშერ მიქაბერიძე,,,adg_2021_candidates_unified.xlsx
local_2021,__main__,council_smd,gakharia,გახარია - საქართველოსთვის,,5,ქუთაისი,,25,გიორგი,სილაგაძე,გიორგი სილაგაძე,,,adg_2021_candidates_unified.xlsx
local_2021,__main__,council_smd,gakharia,გახარია - საქართველოსთვის,,6,ქუთაისი,,25,ლაშა,ლაღიძე,ლაშა ლაღიძე,,,adg_2021_candidates_unified.xlsx
local_2021,__main__,council_smd,gakharia,გახარია - საქართველოსთვის,,7,ქუთაისი,,25,თამარ,ნიკოლეიშვილი,თამარ ნიკოლეიშვილი,,,adg_2021_candidates_unified.xlsx
local_2021,__main__,council_smd,gakharia,გახარია - საქართველოსთვის,,1,ქუთაისი,,25,ალეკო,თამაზაშვილი,ალეკო თამაზაშვილი,,,adg_2021_candidates_unified.xlsx
local_2021,__main__,council_smd,gakharia,გახარია - საქართველოსთვის,,2,ქუთაისი,,25,მათე,ზოსიაშვილი,მათე ზოსიაშვილი,,,adg_2021_candidates_unified.xlsx
local_2021,__main__,council_smd,gakharia,გახარია - საქართველოსთვის,,3,ქუთაისი,,25,მაკა,ბერაია,მაკა ბერაია,,,adg_2021_candidates_unified.xlsx
local_2021,__main__,council_smd,free_choice,„თავისუფალი არჩევანი - ახალი ალტერნატივა”,,3,ქუთაისი,,26,გიორგი,ფირცხალავა,გიორგი ფირცხალავა,,,adg_2021_candidates_unified.xlsx
local_2021,__main__,council_smd,social_justice,„მამუკა ტუსკაძე-სოციალური სამართლიანობისათვის”,,2,ქუთაისი,,29,ალექსი,ნაკანი,ალექსი ნაკანი,,,adg_2021_candidates_unified.xlsx
local_2021,__main__,council_smd,social_justice,„მამუკა ტუსკაძე-სოციალური სამართლიანობისათვის”,,4,ქუთაისი,,29,ელგუჯა,მაჭავარიანი,ელგუჯა მაჭავარიანი,,,adg_2021_candidates_unified.xlsx
local_2021,__main__,council_smd,social_justice,„მამუკა ტუსკაძე-სოციალური სამართლიანობისათვის”,,5,ქუთაისი,,29,მურთაზი,სიჭინავა,მურთაზი სიჭინავა,,,adg_2021_candidates_unified.xlsx
local_2021,__main__,council_smd,social_justice,„მამუკა ტუსკაძე-სოციალური სამართლიანობისათვის”,,6,ქუთაისი,,29,გიორგი,ტყეშელაშვილი,გიორგი ტყეშელაშვილი,,,adg_2021_candidates_unified.xlsx
local_2021,__main__,council_smd,social_justice,„მამუკა ტუსკაძე-სოციალური სამართლიანობისათვის”,,7,ქუთაისი,,29,მადონა,ხუსკივაძე,მადონა ხუსკივაძე,,,adg_2021_candidates_unified.xlsx
local_2021,__main__,council_smd,tribuna,დავით ჭიჭინაძე - ტრიბუნა,,7,ქუთაისი,,35,ლაშა,არსენიძე,ლაშა არსენიძე,,,adg_2021_candidates_unified.xlsx
local_2021,__main__,council_smd,gd,ქართული ოცნება - დემოკრატიული საქართველო,,1,ქუთაისი,,41,მერაბ,კვიცარიძე,მერაბ კვიცარიძე,,,adg_2021_candidates_unified.xlsx
local_2021,__main__,council_smd,gd,ქართული ოცნება - დემოკრატიული საქართველო,,2,ქუთაისი,,41,ირაკლი,შენგელია,ირაკლი შენგელია,,,adg_2021_candidates_unified.xlsx
local_2021,__main__,council_smd,gd,ქართული ოცნება - დემოკრატიული საქართველო,,7,ქუთაისი,,41,მაგდა,კოსტავა,მაგდა კოსტავა,,,adg_2021_candidates_unified.xlsx
local_2021,__main__,council_smd,gd,ქართული ოცნება - დემოკრატიული საქართველო,,3,ქუთაისი,,41,ამირან,კოპალეიშვილი,ამირან კოპალეიშვილი,,,adg_2021_candidates_unified.xlsx
local_2021,__main__,council_smd,gd,ქართული ოცნება - დემოკრატიული საქართველო,,4,ქუთაისი,,41,კახაბერ,ბოჭორიშვილი,კახაბერ ბოჭორიშვილი,,,adg_2021_candidates_unified.xlsx
local_2021,__main__,council_smd,gd,ქართული ოცნება - დემოკრატიული საქართველო,,6,ქუთაისი,,41,თეიმურაზი,ნადირაძე,თეიმურაზი ნადირაძე,,,adg_2021_candidates_unified.xlsx
local_2021,__main__,council_smd,gd,ქართული ოცნება - დემოკრატიული საქართველო,,5,ქუთაისი,,41,მამუკა,რიჟამაძე,მამუკა რიჟამაძე,,,adg_2021_candidates_unified.xlsx
local_2021,__main__,council_smd,girchi_more_freedom,„ზურაბ გირჩი ჯაფარიძე: გირჩი - მეტი თავისუფლება”,,2,ქუთაისი,,45,თეიმურაზ,პატარიძე,თეიმურაზ პატარიძე,,,adg_2021_candidates_unified.xlsx
local_2021,__main__,council_smd,third_force,„მესამე ძალა-სტრატეგია აღმაშენებელი”,,7,ოზურგეთი,,1,ინდირა,გორგოშაძე,ინდირა გორგოშაძე,,,adg_2021_candidates_unified.xlsx
local_2021,__main__,council_smd,european_georgia,„ევროპული საქართველო-მოძრაობა თავისუფლებისთვის”,,5,ოზურგეთი,,2,ვალიკო,მურმანიშვილი,ვალიკო მურმანიშვილი,,,adg_2021_candidates_unified.xlsx
local_2021,__main__,council_smd,european_georgia,„ევროპული საქართველო-მოძრაობა თავისუფლებისთვის”,,10,ოზურგეთი,,2,ლაშა,ცერცვაძე,ლაშა ცერცვაძე,,,adg_2021_candidates_unified.xlsx
local_2021,__main__,council_smd,european_georgia,„ევროპული საქართველო-მოძრაობა თავისუფლებისთვის”,,6,ოზურგეთი,,2,ნუგზარ,ცეცხლაძე,ნუგზარ ცეცხლაძე,,,adg_2021_candidates_unified.xlsx
local_2021,__main__,council_smd,european_georgia,„ევროპული საქართველო-მოძრაობა თავისუფლებისთვის”,,13,ოზურგეთი,,2,თეონა,მურუსიძე,თეონა მურუსიძე,,,adg_2021_candidates_unified.xlsx
local_2021,__main__,council_smd,european_georgia,„ევროპული საქართველო-მოძრაობა თავისუფლებისთვის”,,3,ოზურგეთი,,2,ედიშერ,ჩავლეიშვილი,ედიშერ ჩავლეიშვილი,,,adg_2021_candidates_unified.xlsx
local_2021,__main__,council_smd,european_georgia,„ევროპული საქართველო-მოძრაობა თავისუფლებისთვის”,,12,ოზურგეთი,,2,ზვიად,ბზეკალავა,ზვიად ბზეკალავა,,,adg_2021_candidates_unified.xlsx
local_2021,__main__,council_smd,unm,„ერთიანი ნაციონალური მოძრაობა”,,11,ოზურგეთი,,5,ელგუჯა,კვერღელიძე,ელგუჯა კვერღელიძე,,,adg_2021_candidates_unified.xlsx
local_2021,__main__,council_smd,unm,„ერთიანი ნაციონალური მოძრაობა”,,3,ოზურგეთი,,5,კახაბერ,კვაჭანტირაძე,კახაბერ კვაჭანტირაძე,,,adg_2021_candidates_unified.xlsx
local_2021,__main__,council_smd,unm,„ერთიანი ნაციონალური მოძრაობა”,,1,ოზურგეთი,,5,მარინე,ტუღუში,მარინე ტუღუში,,,adg_2021_candidates_unified.xlsx
local_2021,__main__,council_smd,unm,„ერთიანი ნაციონალური მოძრაობა”,,6,ოზურგეთი,,5,რაინდი,დუმბაძე,რაინდი დუმბაძე,,,adg_2021_candidates_unified.xlsx
local_2021,__main__,council_smd,unm,„ერთიანი ნაციონალური მოძრაობა”,,8,ოზურგეთი,,5,ემზარ,მახარაძე,ემზარ მახარაძე,,,adg_2021_candidates_unified.xlsx
local_2021,__main__,council_smd,unm,„ერთიანი ნაციონალური მოძრაობა”,,4,ოზურგეთი,,5,ავთანდილ,ნემსაძე,ავთანდილ ნემსაძე,,,adg_2021_candidates_unified.xlsx
local_2021,__main__,council_smd,unm,„ერთიანი ნაციონალური მოძრაობა”,,5,ოზურგეთი,,5,დავით,მჟავანაძე,დავით მჟავანაძე,,,adg_2021_candidates_unified.xlsx
local_2021,__main__,council_smd,unm,„ერთიანი ნაციონალური მოძრაობა”,,12,ოზურგეთი,,5,შალვა,თავდიშვილი,შალვა თავდიშვილი,,,adg_2021_candidates_unified.xlsx
local_2021,__main__,council_smd,unm,„ერთიანი ნაციონალური მოძრაობა”,,7,ოზურგეთი,,5,ბესიკი,ქათამაძე,ბესიკი ქათამაძე,,,adg_2021_candidates_unified.xlsx
local_2021,__main__,council_smd,unm,„ერთიანი ნაციონალური მოძრაობა”,,2,ოზურგეთი,,5,ბადრი,კილაძე,ბადრი კილაძე,,,adg_2021_candidates_unified.xlsx
local_2021,__main__,council_smd,unm,„ერთიანი ნაციონალური მოძრაობა”,,14,ოზურგეთი,,5,გოჩა,შარაშენიძე,გოჩა შარაშენიძე,,,adg_2021_candidates_unified.xlsx
local_2021,__main__,council_smd,unm,„ერთიანი ნაციონალური მოძრაობა”,,13,ოზურგეთი,,5,კახა,ქუტიძე,კახა ქუტიძე,,,adg_2021_candidates_unified.xlsx
local_2021,__main__,council_smd,unm,„ერთიანი ნაციონალური მოძრაობა”,,10,ოზურგეთი,,5,გელა,ხომერიკი,გელა ხომერიკი,,,adg_2021_candidates_unified.xlsx
local_2021,__main__,council_smd,lelo,„ლელო”,,5,ოზურგეთი,,9,ტოგო,ჭელიძე,ტოგო ჭელიძე,,,adg_2021_candidates_unified.xlsx
local_2021,__main__,council_smd,lelo,„ლელო”,,13,ოზურგეთი,,9,ზაზა,ჩხარტიშვილი,ზაზა ჩხარტიშვილი,,,adg_2021_candidates_unified.xlsx
local_2021,__main__,council_smd,labour,„შალვა ნათელაშვილი-საქართველოს ლეიბორისტული პარტია”,,3,ოზურგეთი,,10,კაკო,თავდუმაძე,კაკო თავდუმაძე,,,adg_2021_candidates_unified.xlsx
local_2021,__main__,council_smd,labour,„შალვა ნათელაშვილი-საქართველოს ლეიბორისტული პარტია”,,2,ოზურგეთი,,10,ზაზა,თავაძე,ზაზა თავაძე,,,adg_2021_candidates_unified.xlsx
local_2021,__main__,council_smd,labour,„შალვა ნათელაშვილი-საქართველოს ლეიბორისტული პარტია”,,10,ოზურგეთი,,10,სოფიო,ხომერიკი,სოფიო ხომერიკი,,,adg_2021_candidates_unified.xlsx
local_2021,__main__,council_smd,labour,„შალვა ნათელაშვილი-საქართველოს ლეიბორისტული პარტია”,,9,ოზურგეთი,,10,გელა,ლესელიძე,გელა ლესელიძე,,,adg_2021_candidates_unified.xlsx
local_2021,__main__,council_smd,labour,„შალვა ნათელაშვილი-საქართველოს ლეიბორისტული პარტია”,,15,ოზურგეთი,,10,თეიმურაზ,ნაცვალაძე,თეიმურაზ ნაცვალაძე,,,adg_2021_candidates_unified.xlsx
local_2021,__main__,council_smd,labour,„შალვა ნათელაშვილი-საქართველოს ლეიბორისტული პარტია”,,6,ოზურგეთი,,10,ტატიანა,რიგალინა,ტატიანა რიგალინა,,,adg_2021_candidates_unified.xlsx
local_2021,__main__,council_smd,labour,„შალვა ნათელაშვილი-საქართველოს ლეიბორისტული პარტია”,,12,ოზურგეთი,,10,დავით,ანდღულაძე,დავით ანდღულაძე,,,adg_2021_candidates_unified.xlsx
local_2021,__main__,council_smd,labour,„შალვა ნათელაშვილი-საქართველოს ლეიბორისტული პარტია”,,5,ოზურგეთი,,10,იასონ,ურუშაძე,იასონ ურუშაძე,,,adg_2021_candidates_unified.xlsx
local_2021,__main__,council_smd,labour,„შალვა ნათელაშვილი-საქართველოს ლეიბორისტული პარტია”,,7,ოზურგეთი,,10,გელა,ანთაძე,გელა ანთაძე,,,adg_2021_candidates_unified.xlsx
local_2021,__main__,council_smd,labour,„შალვა ნათელაშვილი-საქართველოს ლეიბორისტული პარტია”,,8,ოზურგეთი,,10,შორენა,მახარაძე,შორენა მახარაძე,,,adg_2021_candidates_unified.xlsx
local_2021,__main__,council_smd,labour,„შალვა ნათელაშვილი-საქართველოს ლეიბორისტული პარტია”,,4,ოზურგეთი,,10,თამაზ,შარაშიძე,თამაზ შარაშიძე,,,adg_2021_candidates_unified.xlsx
local_2021,__main__,council_smd,labour,„შალვა ნათელაშვილი-საქართველოს ლეიბორისტული პარტია”,,1,ოზურგეთი,,10,ბექა,ბერსენაძე,ბექა ბერსენაძე,,,adg_2021_candidates_unified.xlsx
local_2021,__main__,council_smd,labour,„შალვა ნათელაშვილი-საქართველოს ლეიბორისტული პარტია”,,13,ოზურგეთი,,10,მირიან,მეგრელაძე,მირიან მეგრელაძე,,,adg_2021_candidates_unified.xlsx
local_2021,__main__,council_smd,gakharia,გახარია - საქართველოსთვის,,3,ოზურგეთი,,25,ვლადიმერ,სალუქვაძე,ვლადიმერ სალუქვაძე,,,adg_2021_candidates_unified.xlsx
local_2021,__main__,council_smd,gakharia,გახარია - საქართველოსთვის,,6,ოზურგეთი,,25,რესან,გაბაიძე,რესან გაბაიძე,,,adg_2021_candidates_unified.xlsx
local_2021,__main__,council_smd,gakharia,გახარია - საქართველოსთვის,,1,ოზურგეთი,,25,გიორგი,სირაძე,გიორგი სირაძე,,,adg_2021_candidates_unified.xlsx
local_2021,__main__,council_smd,gakharia,გახარია - საქართველოსთვის,,10,ოზურგეთი,,25,ომარი,ფუტკარაძე,ომარი ფუტკარაძე,,,adg_2021_candidates_unified.xlsx
local_2021,__main__,council_smd,gakharia,გახარია - საქართველოსთვის,,11,ოზურგეთი,,25,მაია,ზოიძე,მაია ზოიძე,,,adg_2021_candidates_unified.xlsx
local_2021,__main__,council_smd,gakharia,გახარია - საქართველოსთვის,,15,ოზურგეთი,,25,ნაზი,თოდრაძე,ნაზი თოდრაძე,,,adg_2021_candidates_unified.xlsx
local_2021,__main__,council_smd,gakharia,გახარია - საქართველოსთვის,,5,ოზურგეთი,,25,კახაბერ,გობრონიძე,კახაბერ გობრონიძე,,,adg_2021_candidates_unified.xlsx
local_2021,__main__,council_smd,gakharia,გახარია - საქართველოსთვის,,14,ოზურგეთი,,25,კოკა,ჯახუტაშვილი,კოკა ჯახუტაშვილი,,,adg_2021_candidates_unified.xlsx
local_2021,__main__,council_smd,gakharia,გახარია - საქართველოსთვის,,13,ოზურგეთი,,25,ვლადიმერ,გვილავა,ვლადიმერ გვილავა,,,adg_2021_candidates_unified.xlsx
local_2021,__main__,council_smd,gakharia,გახარია - საქართველოსთვის,,8,ოზურგეთი,,25,ალექსანდრე,ხომერიკი,ალექსანდრე ხომერიკი,,,adg_2021_candidates_unified.xlsx
local_2021,__main__,council_smd,gakharia,გახარია - საქართველოსთვის,,7,ოზურგეთი,,25,ბესიკ,ირემაძე,ბესიკ ირემაძე,,,adg_2021_candidates_unified.xlsx
local_2021,__main__,council_smd,gakharia,გახარია - საქართველოსთვის,,12,ოზურგეთი,,25,დავით,ხინიკაძე,დავით ხინიკაძე,,,adg_2021_candidates_unified.xlsx
local_2021,__main__,council_smd,gakharia,გახარია - საქართველოსთვის,,4,ოზურგეთი,,25,დავით,მენაბდე,დავით მენაბდე,,,adg_2021_candidates_unified.xlsx
local_2021,__main__,council_smd,gakharia,გახარია - საქართველოსთვის,,9,ოზურგეთი,,25,ვეფხვია,ბათიროვ,ვეფხვია ბათიროვ,,,adg_2021_candidates_unified.xlsx
local_2021,__main__,council_smd,free_georgia,"„თავისუფალი საქართველო (ზაზა ხატიაშვილი, კახა კუკავა, გრიგოლ ჯოჯუა)”",,14,ოზურგეთი,,37,თინათინ,ბასილაშვილი,თინათინ ბასილაშვილი,,,adg_2021_candidates_unified.xlsx
local_2021,__main__,council_smd,gd,ქართული ოცნება - დემოკრატიული საქართველო,,4,ოზურგეთი,,41,ვახტანგ,ნიჟარაძე,ვახტანგ ნიჟარაძე,,,adg_2021_candidates_unified.xlsx
local_2021,__main__,council_smd,gd,ქართული ოცნება - დემოკრატიული საქართველო,,3,ოზურგეთი,,41,დავით,მდინარაძე,დავით მდინარაძე,,,adg_2021_candidates_unified.xlsx
local_2021,__main__,council_smd,gd,ქართული ოცნება - დემოკრატიული საქართველო,,12,ოზურგეთი,,41,ტიტე,მგელაძე,ტიტე მგელაძე,,,adg_2021_candidates_unified.xlsx
local_2021,__main__,council_smd,gd,ქართული ოცნება - დემოკრატიული საქართველო,,13,ოზურგეთი,,41,პაატა,კიღურაძე,პაატა კიღურაძე,,,adg_2021_candidates_unified.xlsx
local_2021,__main__,council_smd,gd,ქართული ოცნება - დემოკრატიული საქართველო,,14,ოზურგეთი,,41,მარიკა,ჩხიკვიშვილი,მარიკა ჩხიკვიშვილი,,,adg_2021_candidates_unified.xlsx
local_2021,__main__,council_smd,gd,ქართული ოცნება - დემოკრატიული საქართველო,,15,ოზურგეთი,,41,ნუგზარ,სარჯველაძე,ნუგზარ სარჯველაძე,,,adg_2021_candidates_unified.xlsx
local_2021,__main__,council_smd,gd,ქართული ოცნება - დემოკრატიული საქართველო,,1,ოზურგეთი,,41,ლელა,საჯაია,ლელა საჯაია,,,adg_2021_candidates_unified.xlsx
local_2021,__main__,council_smd,gd,ქართული ოცნება - დემოკრატიული საქართველო,,2,ოზურგეთი,,41,ნინო,ნადირაშვილი,ნინო ნადირაშვილი,,,adg_2021_candidates_unified.xlsx
local_2021,__main__,council_smd,gd,ქართული ოცნება - დემოკრატიული საქართველო,,8,ოზურგეთი,,41,თამაზ,ტუღუში,თამაზ ტუღუში,,,adg_2021_candidates_unified.xlsx
local_2021,__main__,council_smd,gd,ქართული ოცნება - დემოკრატიული საქართველო,,9,ოზურგეთი,,41,ტარიელ,აროშიძე,ტარიელ აროშიძე,,,adg_2021_candidates_unified.xlsx
local_2021,__main__,council_smd,gd,ქართული ოცნება - დემოკრატიული საქართველო,,7,ოზურგეთი,,41,გოგიტა,ართმელაძე,გოგიტა ართმელაძე,,,adg_2021_candidates_unified.xlsx
local_2021,__main__,council_smd,gd,ქართული ოცნება - დემოკრატიული საქართველო,,5,ოზურგეთი,,41,ბექა,თოიძე,ბექა თოიძე,,,adg_2021_candidates_unified.xlsx
local_2021,__main__,council_smd,gd,ქართული ოცნება - დემოკრატიული საქართველო,,6,ოზურგეთი,,41,გიორგი,ჩაგანავა,გიორგი ჩაგანავა,,,adg_2021_candidates_unified.xlsx
local_2021,__main__,council_smd,gd,ქართული ოცნება - დემოკრატიული საქართველო,,10,ოზურგეთი,,41,დავით,ჭაკნელიძე,დავით ჭაკნელიძე,,,adg_2021_candidates_unified.xlsx
local_2021,__main__,council_smd,gd,ქართული ოცნება - დემოკრატიული საქართველო,,11,ოზურგეთი,,41,ნინო,მახარაძე,ნინო მახარაძე,,,adg_2021_candidates_unified.xlsx
local_2021,__main__,council_smd,girchi_more_freedom,„ზურაბ გირჩი ჯაფარიძე: გირჩი - მეტი თავისუფლება”,,2,ოზურგეთი,,45,ზურაბი,ქუტიძე,ზურაბი ქუტიძე,,,adg_2021_candidates_unified.xlsx
local_2021,__main__,council_smd,girchi_more_freedom,„ზურაბ გირჩი ჯაფარიძე: გირჩი - მეტი თავისუფლება”,,13,ოზურგეთი,,45,სტეფანე,დევდარიანი,სტეფანე დევდარიანი,,,adg_2021_candidates_unified.xlsx
local_2021,__main__,council_smd,girchi_more_freedom,„ზურაბ გირჩი ჯაფარიძე: გირჩი - მეტი თავისუფლება”,,15,ოზურგეთი,,45,ვასიკო,ქუტიძე,ვასიკო ქუტიძე,,,adg_2021_candidates_unified.xlsx
local_2021,__main__,council_smd,girchi_more_freedom,„ზურაბ გირჩი ჯაფარიძე: გირჩი - მეტი თავისუფლება”,,9,ოზურგეთი,,45,ოთარი,ქუტიძე,ოთარი ქუტიძე,,,adg_2021_candidates_unified.xlsx
local_2021,__main__,council_smd,girchi_more_freedom,„ზურაბ გირჩი ჯაფარიძე: გირჩი - მეტი თავისუფლება”,,7,ოზურგეთი,,45,ავთანდილ,ქუტიძე,ავთანდილ ქუტიძე,,,adg_2021_candidates_unified.xlsx
local_2021,__main__,council_smd,girchi_more_freedom,„ზურაბ გირჩი ჯაფარიძე: გირჩი - მეტი თავისუფლება”,,14,ოზურგეთი,,45,რევაზ,ჭელიძე,რევაზ ჭელიძე,,,adg_2021_candidates_unified.xlsx
local_2021,__main__,council_smd,girchi_more_freedom,„ზურაბ გირჩი ჯაფარიძე: გირჩი - მეტი თავისუფლება”,,5,ოზურგეთი,,45,გიორგი,ქათამაძე,გიორგი ქათამაძე,,,adg_2021_candidates_unified.xlsx
local_2021,__main__,council_smd,girchi_more_freedom,„ზურაბ გირჩი ჯაფარიძე: გირჩი - მეტი თავისუფლება”,,3,ოზურგეთი,,45,მამუკა,ზაქრაძე,მამუკა ზაქრაძე,,,adg_2021_candidates_unified.xlsx
local_2021,__main__,council_smd,girchi_more_freedom,„ზურაბ გირჩი ჯაფარიძე: გირჩი - მეტი თავისუფლება”,,8,ოზურგეთი,,45,ზურაბ,ხომერიკი,ზურაბ ხომერიკი,,,adg_2021_candidates_unified.xlsx
local_2021,__main__,council_smd,girchi_more_freedom,„ზურაბ გირჩი ჯაფარიძე: გირჩი - მეტი თავისუფლება”,,11,ოზურგეთი,,45,ხატია,ზოიძე,ხატია ზოიძე,,,adg_2021_candidates_unified.xlsx
local_2021,__main__,council_smd,girchi_more_freedom,„ზურაბ გირჩი ჯაფარიძე: გირჩი - მეტი თავისუფლება”,,10,ოზურგეთი,,45,ბექა,ბერიძე,ბექა ბერიძე,,,adg_2021_candidates_unified.xlsx
local_2021,__main__,council_smd,girchi_more_freedom,„ზურაბ გირჩი ჯაფარიძე: გირჩი - მეტი თავისუფლება”,,1,ოზურგეთი,,45,ლაშა,დარჩია,ლაშა დარჩია,,,adg_2021_candidates_unified.xlsx
local_2021,__main__,council_smd,girchi_more_freedom,„ზურაბ გირჩი ჯაფარიძე: გირჩი - მეტი თავისუფლება”,,4,ოზურგეთი,,45,გივი,ქუტიძე,გივი ქუტიძე,,,adg_2021_candidates_unified.xlsx
local_2021,__main__,council_smd,girchi_more_freedom,„ზურაბ გირჩი ჯაფარიძე: გირჩი - მეტი თავისუფლება”,,12,ოზურგეთი,,45,სალომე,მუჯირი,სალომე მუჯირი,,,adg_2021_candidates_unified.xlsx
local_2021,__main__,council_smd,girchi_more_freedom,„ზურაბ გირჩი ჯაფარიძე: გირჩი - მეტი თავისუფლება”,,6,ოზურგეთი,,45,ლევანი,თალაკვაძე,ლევანი თალაკვაძე,,,adg_2021_candidates_unified.xlsx
local_2021,__main__,council_smd,for_people,„ანა დოლიძე - ხალხისთვის”,,2,ოზურგეთი,,48,ივანე,გოგოლაშვილი,ივანე გოგოლაშვილი,,,adg_2021_candidates_unified.xlsx
local_2021,__main__,council_smd,,საინიციატივო ჯგუფი,,14,ოზურგეთი,,51,შოთა,მაჭავარიანი,შოთა მაჭავარიანი,,,adg_2021_candidates_unified.xlsx
local_2021,__main__,council_smd,,საინიციატივო ჯგუფი,,2,ოზურგეთი,,52,გელა,კობალაძე,გელა კობალაძე,,,adg_2021_candidates_unified.xlsx
local_2021,__main__,council_smd,,საინიციატივო ჯგუფი,,11,ოზურგეთი,,53,დათა,მიქელაშვილი,დათა მიქელაშვილი,,,adg_2021_candidates_unified.xlsx
local_2021,__main__,council_smd,,საინიციატივო ჯგუფი,,15,ოზურგეთი,,55,ხვიჩა,წულაძე,ხვიჩა წულაძე,,,adg_2021_candidates_unified.xlsx
local_2021,__main__,council_smd,third_force,„მესამე ძალა-სტრატეგია აღმაშენებელი”,,9,ლანჩხუთი,,1,ავთანდილ,სურმანიძე,ავთანდილ სურმანიძე,,,adg_2021_candidates_unified.xlsx
local_2021,__main__,council_smd,third_force,„მესამე ძალა-სტრატეგია აღმაშენებელი”,,1,ლანჩხუთი,,1,ნანა,კიტია,ნანა კიტია,,,adg_2021_candidates_unified.xlsx
local_2021,__main__,council_smd,third_force,„მესამე ძალა-სტრატეგია აღმაშენებელი”,,7,ლანჩხუთი,,1,თაკო,ჩხარტიშვილი,თაკო ჩხარტიშვილი,,,adg_2021_candidates_unified.xlsx
local_2021,__main__,council_smd,third_force,„მესამე ძალა-სტრატეგია აღმაშენებელი”,,5,ლანჩხუთი,,1,ხათუნა,ზოიძე,ხათუნა ზოიძე,,,adg_2021_candidates_unified.xlsx
local_2021,__main__,council_smd,third_force,„მესამე ძალა-სტრატეგია აღმაშენებელი”,,8,ლანჩხუთი,,1,ამირან,შაინიძე,ამირან შაინიძე,,,adg_2021_candidates_unified.xlsx
local_2021,__main__,council_smd,third_force,„მესამე ძალა-სტრატეგია აღმაშენებელი”,,4,ლანჩხუთი,,1,მიხეილ,გალოგრე,მიხეილ გალოგრე,,,adg_2021_candidates_unified.xlsx
local_2021,__main__,council_smd,european_georgia,„ევროპული საქართველო-მოძრაობა თავისუფლებისთვის”,,1,ლანჩხუთი,,2,რამაზ,გვარჯალაძე,რამაზ გვარჯალაძე,,,adg_2021_candidates_unified.xlsx
local_2021,__main__,council_smd,european_georgia,„ევროპული საქართველო-მოძრაობა თავისუფლებისთვის”,,7,ლანჩხუთი,,2,ელეონორა,გოგიჩაიშვილი,ელეონორა გოგიჩაიშვილი,,,adg_2021_candidates_unified.xlsx
local_2021,__main__,council_smd,early_elections_coalition,„ვადამდელი არჩევნები - ერთიანი საქართველო - დემოკრატიული მოძრაობა”,,6,ლანჩხუთი,,3,ნონა,მურვანიძე,ნონა მურვანიძე,,,adg_2021_candidates_unified.xlsx
local_2021,__main__,council_smd,unm,„ერთიანი ნაციონალური მოძრაობა”,,4,ლანჩხუთი,,5,გელა,რიონიძე,გელა რიონიძე,,,adg_2021_candidates_unified.xlsx
local_2021,__main__,council_smd,unm,„ერთიანი ნაციონალური მოძრაობა”,,5,ლანჩხუთი,,5,გია,მოქია,გია მოქია,,,adg_2021_candidates_unified.xlsx
local_2021,__main__,council_smd,unm,„ერთიანი ნაციონალური მოძრაობა”,,7,ლანჩხუთი,,5,დურმიშხან,მოდებაძე,დურმიშხან მოდებაძე,,,adg_2021_candidates_unified.xlsx
local_2021,__main__,council_smd,unm,„ერთიანი ნაციონალური მოძრაობა”,,2,ლანჩხუთი,,5,ოთარ,პატიეშვილი,ოთარ პატიეშვილი,,,adg_2021_candidates_unified.xlsx
local_2021,__main__,council_smd,unm,„ერთიანი ნაციონალური მოძრაობა”,,3,ლანჩხუთი,,5,ლია,ასკურავა,ლია ასკურავა,,,adg_2021_candidates_unified.xlsx
local_2021,__main__,council_smd,unm,„ერთიანი ნაციონალური მოძრაობა”,,1,ლანჩხუთი,,5,კახაბერ,გუჯაბიძე,კახაბერ გუჯაბიძე,,,adg_2021_candidates_unified.xlsx
local_2021,__main__,council_smd,unm,„ერთიანი ნაციონალური მოძრაობა”,,8,ლანჩხუთი,,5,დინარა,ცხომარია,დინარა ცხომარია,,,adg_2021_candidates_unified.xlsx
local_2021,__main__,council_smd,unm,„ერთიანი ნაციონალური მოძრაობა”,,9,ლანჩხუთი,,5,გენადი,შენგელია,გენადი შენგელია,,,adg_2021_candidates_unified.xlsx
local_2021,__main__,council_smd,gakharia,გახარია - საქართველოსთვის,,8,ლანჩხუთი,,25,ჯუმბერ,ბლაგიძე,ჯუმბერ ბლაგიძე,,,adg_2021_candidates_unified.xlsx
local_2021,__main__,council_smd,gakharia,გახარია - საქართველოსთვის,,6,ლანჩხუთი,,25,ელენე,ტუღუში,ელენე ტუღუში,,,adg_2021_candidates_unified.xlsx
local_2021,__main__,council_smd,gakharia,გახარია - საქართველოსთვის,,4,ლანჩხუთი,,25,გენო,შარაბიძე,გენო შარაბიძე,,,adg_2021_candidates_unified.xlsx
local_2021,__main__,council_smd,gakharia,გახარია - საქართველოსთვის,,5,ლანჩხუთი,,25,დათო,დობორჯგინიძე,დათო დობორჯგინიძე,,,adg_2021_candidates_unified.xlsx
local_2021,__main__,council_smd,gakharia,გახარია - საქართველოსთვის,,2,ლანჩხუთი,,25,გიორგი,ჩხაიძე,გიორგი ჩხაიძე,,,adg_2021_candidates_unified.xlsx
local_2021,__main__,council_smd,gakharia,გახარია - საქართველოსთვის,,3,ლანჩხუთი,,25,მაკა,მშვიდობაძე,მაკა მშვიდობაძე,,,adg_2021_candidates_unified.xlsx
local_2021,__main__,council_smd,gakharia,გახარია - საქართველოსთვის,,9,ლანჩხუთი,,25,გიორგი,სურმანიძე,გიორგი სურმანიძე,,,adg_2021_candidates_unified.xlsx
local_2021,__main__,council_smd,gakharia,გახარია - საქართველოსთვის,,1,ლანჩხუთი,,25,გიორგი,ანდღულაძე,გიორგი ანდღულაძე,,,adg_2021_candidates_unified.xlsx
local_2021,__main__,council_smd,gd,ქართული ოცნება - დემოკრატიული საქართველო,,8,ლანჩხუთი,,41,ია,მოქია,ია მოქია,,,adg_2021_candidates_unified.xlsx
local_2021,__main__,council_smd,gd,ქართული ოცნება - დემოკრატიული საქართველო,,9,ლანჩხუთი,,41,კახა,თედორაძე,კახა თედორაძე,,,adg_2021_candidates_unified.xlsx
local_2021,__main__,council_smd,gd,ქართული ოცნება - დემოკრატიული საქართველო,,1,ლანჩხუთი,,41,კარლო,კვიტაიშვილი,კარლო კვიტაიშვილი,,,adg_2021_candidates_unified.xlsx
local_2021,__main__,council_smd,gd,ქართული ოცნება - დემოკრატიული საქართველო,,2,ლანჩხუთი,,41,ემზარ,თევდორაძე,ემზარ თევდორაძე,,,adg_2021_candidates_unified.xlsx
local_2021,__main__,council_smd,gd,ქართული ოცნება - დემოკრატიული საქართველო,,3,ლანჩხუთი,,41,ზაზა,წულაძე,ზაზა წულაძე,,,adg_2021_candidates_unified.xlsx
local_2021,__main__,council_smd,gd,ქართული ოცნება - დემოკრატიული საქართველო,,4,ლანჩხუთი,,41,გიორგი,ჩახვაძე,გიორგი ჩახვაძე,,,adg_2021_candidates_unified.xlsx
local_2021,__main__,council_smd,gd,ქართული ოცნება - დემოკრატიული საქართველო,,5,ლანჩხუთი,,41,ელისო,ჭიჭინაძე,ელისო ჭიჭინაძე,,,adg_2021_candidates_unified.xlsx
local_2021,__main__,council_smd,gd,ქართული ოცნება - დემოკრატიული საქართველო,,6,ლანჩხუთი,,41,რევაზ,კვერენჩხილაძე,რევაზ კვერენჩხილაძე,,,adg_2021_candidates_unified.xlsx
local_2021,__main__,council_smd,gd,ქართული ოცნება - დემოკრატიული საქართველო,,7,ლანჩხუთი,,41,ბესიკ,ტაბიძე,ბესიკ ტაბიძე,,,adg_2021_candidates_unified.xlsx
local_2021,__main__,council_smd,,საინიციატივო ჯგუფი,,6,ლანჩხუთი,,51,ირაკლი,მარშანიშვილი,ირაკლი მარშანიშვილი,,,adg_2021_candidates_unified.xlsx
local_2021,__main__,council_smd,,საინიციატივო ჯგუფი,,2,ლანჩხუთი,,52,იოსებ,ქურიძე,იოსებ ქურიძე,,,adg_2021_candidates_unified.xlsx
local_2021,__main__,council_smd,,საინიციატივო ჯგუფი,,3,ლანჩხუთი,,53,ალექსანდრე,იმნაიშვილი,ალექსანდრე იმნაიშვილი,,,adg_2021_candidates_unified.xlsx
local_2021,__main__,council_smd,third_force,„მესამე ძალა-სტრატეგია აღმაშენებელი”,,10,ჩოხატაური,,1,ომარ,ჭელიძე,ომარ ჭელიძე,,,adg_2021_candidates_unified.xlsx
local_2021,__main__,council_smd,third_force,„მესამე ძალა-სტრატეგია აღმაშენებელი”,,5,ჩოხატაური,,1,რაჟდენ,რამიშვილი,რაჟდენ რამიშვილი,,,adg_2021_candidates_unified.xlsx
local_2021,__main__,council_smd,third_force,„მესამე ძალა-სტრატეგია აღმაშენებელი”,,1,ჩოხატაური,,1,თეიმურაზ,ძნელაძე,თეიმურაზ ძნელაძე,,,adg_2021_candidates_unified.xlsx
local_2021,__main__,council_smd,third_force,„მესამე ძალა-სტრატეგია აღმაშენებელი”,,11,ჩოხატაური,,1,ზვიადი,ირემაძე,ზვიადი ირემაძე,,,adg_2021_candidates_unified.xlsx
local_2021,__main__,council_smd,third_force,„მესამე ძალა-სტრატეგია აღმაშენებელი”,,9,ჩოხატაური,,1,მამუკა,ცინცაძე,მამუკა ცინცაძე,,,adg_2021_candidates_unified.xlsx
local_2021,__main__,council_smd,third_force,„მესამე ძალა-სტრატეგია აღმაშენებელი”,,8,ჩოხატაური,,1,ომარი,ირემაძე,ომარი ირემაძე,,,adg_2021_candidates_unified.xlsx
local_2021,__main__,council_smd,third_force,„მესამე ძალა-სტრატეგია აღმაშენებელი”,,6,ჩოხატაური,,1,ზურაბ,ჯინჭარაძე,ზურაბ ჯინჭარაძე,,,adg_2021_candidates_unified.xlsx
local_2021,__main__,council_smd,european_georgia,„ევროპული საქართველო-მოძრაობა თავისუფლებისთვის”,,5,ჩოხატაური,,2,თემური,უნგიაძე,თემური უნგიაძე,,,adg_2021_candidates_unified.xlsx
local_2021,__main__,council_smd,european_georgia,„ევროპული საქართველო-მოძრაობა თავისუფლებისთვის”,,6,ჩოხატაური,,2,ლია,ჩიგოგიძე,ლია ჩიგოგიძე,,,adg_2021_candidates_unified.xlsx
local_2021,__main__,council_smd,european_georgia,„ევროპული საქართველო-მოძრაობა თავისუფლებისთვის”,,3,ჩოხატაური,,2,თემური,რამიშვილი,თემური რამიშვილი,,,adg_2021_candidates_unified.xlsx
local_2021,__main__,council_smd,european_georgia,„ევროპული საქართველო-მოძრაობა თავისუფლებისთვის”,,1,ჩოხატაური,,2,გია,ჟღენტი,გია ჟღენტი,,,adg_2021_candidates_unified.xlsx
local_2021,__main__,council_smd,european_georgia,„ევროპული საქართველო-მოძრაობა თავისუფლებისთვის”,,10,ჩოხატაური,,2,გოჩა,დუმბაძე,გოჩა დუმბაძე,,,adg_2021_candidates_unified.xlsx
local_2021,__main__,council_smd,european_georgia,„ევროპული საქართველო-მოძრაობა თავისუფლებისთვის”,,11,ჩოხატაური,,2,ზურაბი,ანთაძე,ზურაბი ანთაძე,,,adg_2021_candidates_unified.xlsx
local_2021,__main__,council_smd,unm,„ერთიანი ნაციონალური მოძრაობა”,,8,ჩოხატაური,,5,როლანდ,ირემაძე,როლანდ ირემაძე,,,adg_2021_candidates_unified.xlsx
local_2021,__main__,council_smd,unm,„ერთიანი ნაციონალური მოძრაობა”,,6,ჩოხატაური,,5,ნიკოლოზ,კალანდაძე,ნიკოლოზ კალანდაძე,,,adg_2021_candidates_unified.xlsx
local_2021,__main__,council_smd,unm,„ერთიანი ნაციონალური მოძრაობა”,,4,ჩოხატაური,,5,არჩილ,სიხარულიძე,არჩილ სიხარულიძე,,,adg_2021_candidates_unified.xlsx
local_2021,__main__,council_smd,unm,„ერთიანი ნაციონალური მოძრაობა”,,1,ჩოხატაური,,5,მინდია,დოლიძე,მინდია დოლიძე,,,adg_2021_candidates_unified.xlsx
local_2021,__main__,council_smd,unm,„ერთიანი ნაციონალური მოძრაობა”,,2,ჩოხატაური,,5,მამია,ბარამიძე,მამია ბარამიძე,,,adg_2021_candidates_unified.xlsx
local_2021,__main__,council_smd,unm,„ერთიანი ნაციონალური მოძრაობა”,,10,ჩოხატაური,,5,ჯემალი,ბერიძე,ჯემალი ბერიძე,,,adg_2021_candidates_unified.xlsx
local_2021,__main__,council_smd,unm,„ერთიანი ნაციონალური მოძრაობა”,,11,ჩოხატაური,,5,ნუგზარი,ჭაღალიძე,ნუგზარი ჭაღალიძე,,,adg_2021_candidates_unified.xlsx
local_2021,__main__,council_smd,unm,„ერთიანი ნაციონალური მოძრაობა”,,12,ჩოხატაური,,5,ნანა,ცხოიძე,ნანა ცხოიძე,,,adg_2021_candidates_unified.xlsx
local_2021,__main__,council_smd,unm,„ერთიანი ნაციონალური მოძრაობა”,,9,ჩოხატაური,,5,დიმიტრი,კორიფაძე,დიმიტრი კორიფაძე,,,adg_2021_candidates_unified.xlsx
local_2021,__main__,council_smd,unm,„ერთიანი ნაციონალური მოძრაობა”,,7,ჩოხატაური,,5,ხათუნა,ბერიშვილი,ხათუნა ბერიშვილი,,,adg_2021_candidates_unified.xlsx
local_2021,__main__,council_smd,gakharia,გახარია - საქართველოსთვის,,12,ჩოხატაური,,25,გოჩა,გუდავაძე,გოჩა გუდავაძე,,,adg_2021_candidates_unified.xlsx
local_2021,__main__,council_smd,gakharia,გახარია - საქართველოსთვის,,11,ჩოხატაური,,25,თემურ,ჭანტურია,თემურ ჭანტურია,,,adg_2021_candidates_unified.xlsx
local_2021,__main__,council_smd,gakharia,გახარია - საქართველოსთვის,,9,ჩოხატაური,,25,ვალერიან,ჩხიკვაძე,ვალერიან ჩხიკვაძე,,,adg_2021_candidates_unified.xlsx
local_2021,__main__,council_smd,gakharia,გახარია - საქართველოსთვის,,10,ჩოხატაური,,25,მამუკა,ჯინჭარაძე,მამუკა ჯინჭარაძე,,,adg_2021_candidates_unified.xlsx
local_2021,__main__,council_smd,gakharia,გახარია - საქართველოსთვის,,1,ჩოხატაური,,25,ზვიადი,ბენდელიანი,ზვიადი ბენდელიანი,,,adg_2021_candidates_unified.xlsx
local_2021,__main__,council_smd,gakharia,გახარია - საქართველოსთვის,,2,ჩოხატაური,,25,აკაკი,ბერიშვილი,აკაკი ბერიშვილი,,,adg_2021_candidates_unified.xlsx
local_2021,__main__,council_smd,gakharia,გახარია - საქართველოსთვის,,3,ჩოხატაური,,25,თეიმურაზ,ვადაჭკორია,თეიმურაზ ვადაჭკორია,,,adg_2021_candidates_unified.xlsx
local_2021,__main__,council_smd,gakharia,გახარია - საქართველოსთვის,,4,ჩოხატაური,,25,ანა,თავართქილაძე,ანა თავართქილაძე,,,adg_2021_candidates_unified.xlsx
local_2021,__main__,council_smd,gakharia,გახარია - საქართველოსთვის,,5,ჩოხატაური,,25,გოგი,ბოლქვაძე,გოგი ბოლქვაძე,,,adg_2021_candidates_unified.xlsx
local_2021,__main__,council_smd,gakharia,გახარია - საქართველოსთვის,,7,ჩოხატაური,,25,გივი,ქორიძე,გივი ქორიძე,,,adg_2021_candidates_unified.xlsx
local_2021,__main__,council_smd,gakharia,გახარია - საქართველოსთვის,,8,ჩოხატაური,,25,გია,ირემაძე,გია ირემაძე,,,adg_2021_candidates_unified.xlsx
local_2021,__main__,council_smd,gakharia,გახარია - საქართველოსთვის,,6,ჩოხატაური,,25,ვახტანგ,გაჩეჩილაძე,ვახტანგ გაჩეჩილაძე,,,adg_2021_candidates_unified.xlsx
local_2021,__main__,council_smd,free_georgia,"„თავისუფალი საქართველო (ზაზა ხატიაშვილი, კახა კუკავა, გრიგოლ ჯოჯუა)”",,1,ჩოხატაური,,37,შუშანა,ძირკვაძე,შუშანა ძირკვაძე,,,adg_2021_candidates_unified.xlsx
local_2021,__main__,council_smd,free_georgia,"„თავისუფალი საქართველო (ზაზა ხატიაშვილი, კახა კუკავა, გრიგოლ ჯოჯუა)”",,8,ჩოხატაური,,37,ამირან,ჭაღალიძე,ამირან ჭაღალიძე,,,adg_2021_candidates_unified.xlsx
local_2021,__main__,council_smd,free_georgia,"„თავისუფალი საქართველო (ზაზა ხატიაშვილი, კახა კუკავა, გრიგოლ ჯოჯუა)”",,9,ჩოხატაური,,37,გიორგი,ჭაღალიძე,გიორგი ჭაღალიძე,,,adg_2021_candidates_unified.xlsx
local_2021,__main__,council_smd,gd,ქართული ოცნება - დემოკრატიული საქართველო,,9,ჩოხატაური,,41,ბიძინა,ცინცაძე,ბიძინა ცინცაძე,,,adg_2021_candidates_unified.xlsx
local_2021,__main__,council_smd,gd,ქართული ოცნება - დემოკრატიული საქართველო,,5,ჩოხატაური,,41,გივი,ჩხიკვაძე,გივი ჩხიკვაძე,,,adg_2021_candidates_unified.xlsx
local_2021,__main__,council_smd,gd,ქართული ოცნება - დემოკრატიული საქართველო,,7,ჩოხატაური,,41,ზაურ,ზარბაზოია,ზაურ ზარბაზოია,,,adg_2021_candidates_unified.xlsx
local_2021,__main__,council_smd,gd,ქართული ოცნება - დემოკრატიული საქართველო,,8,ჩოხატაური,,41,ლაშა,ირემაძე,ლაშა ირემაძე,,,adg_2021_candidates_unified.xlsx
local_2021,__main__,council_smd,gd,ქართული ოცნება - დემოკრატიული საქართველო,,6,ჩოხატაური,,41,ლაშა,თოლორდავა,ლაშა თოლორდავა,,,adg_2021_candidates_unified.xlsx
local_2021,__main__,council_smd,gd,ქართული ოცნება - დემოკრატიული საქართველო,,3,ჩოხატაური,,41,ზვიად,წეროძე,ზვიად წეროძე,,,adg_2021_candidates_unified.xlsx
local_2021,__main__,council_smd,gd,ქართული ოცნება - დემოკრატიული საქართველო,,4,ჩოხატაური,,41,აკაკი,ყაჭეიშვილი,აკაკი ყაჭეიშვილი,,,adg_2021_candidates_unified.xlsx
local_2021,__main__,council_smd,gd,ქართული ოცნება - დემოკრატიული საქართველო,,12,ჩოხატაური,,41,კახაბერ,სიხარულიძე,კახაბერ სიხარულიძე,,,adg_2021_candidates_unified.xlsx
local_2021,__main__,council_smd,gd,ქართული ოცნება - დემოკრატიული საქართველო,,11,ჩოხატაური,,41,მიხეილ,თავართქილაძე,მიხეილ თავართქილაძე,,,adg_2021_candidates_unified.xlsx
local_2021,__main__,council_smd,gd,ქართული ოცნება - დემოკრატიული საქართველო,,10,ჩოხატაური,,41,ზვიადი,მამალაძე,ზვიადი მამალაძე,,,adg_2021_candidates_unified.xlsx
local_2021,__main__,council_smd,gd,ქართული ოცნება - დემოკრატიული საქართველო,,2,ჩოხატაური,,41,გოჩა,ჯიქია,გოჩა ჯიქია,,,adg_2021_candidates_unified.xlsx
local_2021,__main__,council_smd,gd,ქართული ოცნება - დემოკრატიული საქართველო,,1,ჩოხატაური,,41,ჯუმბერი,ბერძენიშვილი,ჯუმბერი ბერძენიშვილი,,,adg_2021_candidates_unified.xlsx
local_2021,__main__,council_smd,,საინიციატივო ჯგუფი,,2,ჩოხატაური,,51,იაშა,შათირიშვილი,იაშა შათირიშვილი,,,adg_2021_candidates_unified.xlsx
local_2021,__main__,council_smd,,საინიციატივო ჯგუფი,,3,ჩოხატაური,,52,გიორგი,დოლიძე,გიორგი დოლიძე,,,adg_2021_candidates_unified.xlsx
local_2021,__main__,council_smd,third_force,„მესამე ძალა-სტრატეგია აღმაშენებელი”,,1,აბაშა,,1,ლამარა,ცანავა,ლამარა ცანავა,,,adg_2021_candidates_unified.xlsx
local_2021,__main__,council_smd,european_georgia,„ევროპული საქართველო-მოძრაობა თავისუფლებისთვის”,,4,აბაშა,,2,გიორგი,ჩაგანავა,გიორგი ჩაგანავა,,,adg_2021_candidates_unified.xlsx
local_2021,__main__,council_smd,european_georgia,„ევროპული საქართველო-მოძრაობა თავისუფლებისთვის”,,2,აბაშა,,2,გოჩა,ბაახია,გოჩა ბაახია,,,adg_2021_candidates_unified.xlsx
local_2021,__main__,council_smd,unm,„ერთიანი ნაციონალური მოძრაობა”,,1,აბაშა,,5,სოსო,ცომაია,სოსო ცომაია,,,adg_2021_candidates_unified.xlsx
local_2021,__main__,council_smd,unm,„ერთიანი ნაციონალური მოძრაობა”,,2,აბაშა,,5,ლევანი,მიქაძე,ლევანი მიქაძე,,,adg_2021_candidates_unified.xlsx
local_2021,__main__,council_smd,unm,„ერთიანი ნაციონალური მოძრაობა”,,4,აბაშა,,5,გიგა,ჩაგანავა,გიგა ჩაგანავა,,,adg_2021_candidates_unified.xlsx
local_2021,__main__,council_smd,unm,„ერთიანი ნაციონალური მოძრაობა”,,6,აბაშა,,5,გია,გაბელაია,გია გაბელაია,,,adg_2021_candidates_unified.xlsx
local_2021,__main__,council_smd,unm,„ერთიანი ნაციონალური მოძრაობა”,,7,აბაშა,,5,მერაბი,მელია,მერაბი მელია,,,adg_2021_candidates_unified.xlsx
local_2021,__main__,council_smd,unm,„ერთიანი ნაციონალური მოძრაობა”,,5,აბაშა,,5,კახა,ცანავა,კახა ცანავა,,,adg_2021_candidates_unified.xlsx
local_2021,__main__,council_smd,unm,„ერთიანი ნაციონალური მოძრაობა”,,9,აბაშა,,5,კობა,ნოდია,კობა ნოდია,,,adg_2021_candidates_unified.xlsx
local_2021,__main__,council_smd,unm,„ერთიანი ნაციონალური მოძრაობა”,,3,აბაშა,,5,გენო,მიმინოშვილი,გენო მიმინოშვილი,,,adg_2021_candidates_unified.xlsx
local_2021,__main__,council_smd,lelo,„ლელო”,,10,აბაშა,,9,კახაბერი,ცომაია,კახაბერი ცომაია,,,adg_2021_candidates_unified.xlsx
local_2021,__main__,council_smd,european_socialists,„ევროპელი სოციალისტები”,,5,აბაშა,,19,ზურაბ,ნინუა,ზურაბ ნინუა,,,adg_2021_candidates_unified.xlsx
local_2021,__main__,council_smd,gakharia,გახარია - საქართველოსთვის,,4,აბაშა,,25,ვახტანგ,კეკელია,ვახტანგ კეკელია,,,adg_2021_candidates_unified.xlsx
local_2021,__main__,council_smd,gakharia,გახარია - საქართველოსთვის,,9,აბაშა,,25,ლაშა,კუპრეიშვილი,ლაშა კუპრეიშვილი,,,adg_2021_candidates_unified.xlsx
local_2021,__main__,council_smd,gakharia,გახარია - საქართველოსთვის,,10,აბაშა,,25,ბაჩუკი,ქვილითაია,ბაჩუკი ქვილითაია,,,adg_2021_candidates_unified.xlsx
local_2021,__main__,council_smd,gakharia,გახარია - საქართველოსთვის,,6,აბაშა,,25,მიხეილ,ჭანტურია,მიხეილ ჭანტურია,,,adg_2021_candidates_unified.xlsx
local_2021,__main__,council_smd,gakharia,გახარია - საქართველოსთვის,,7,აბაშა,,25,რევაზი,ხაბეიშვილი,რევაზი ხაბეიშვილი,,,adg_2021_candidates_unified.xlsx
local_2021,__main__,council_smd,gakharia,გახარია - საქართველოსთვის,,8,აბაშა,,25,გელა,ვერულაშვილი,გელა ვერულაშვილი,,,adg_2021_candidates_unified.xlsx
local_2021,__main__,council_smd,gakharia,გახარია - საქართველოსთვის,,1,აბაშა,,25,მეგული,ჩოჩია,მეგული ჩოჩია,,,adg_2021_candidates_unified.xlsx
local_2021,__main__,council_smd,gakharia,გახარია - საქართველოსთვის,,2,აბაშა,,25,გაგი,კვანტალიანი,გაგი კვანტალიანი,,,adg_2021_candidates_unified.xlsx
local_2021,__main__,council_smd,gakharia,გახარია - საქართველოსთვის,,5,აბაშა,,25,ბონდო,გეგეშიძე,ბონდო გეგეშიძე,,,adg_2021_candidates_unified.xlsx
local_2021,__main__,council_smd,gd,ქართული ოცნება - დემოკრატიული საქართველო,,5,აბაშა,,41,ბენია,პიტავა,ბენია პიტავა,,,adg_2021_candidates_unified.xlsx
local_2021,__main__,council_smd,gd,ქართული ოცნება - დემოკრატიული საქართველო,,6,აბაშა,,41,ზაზა,ალასანია,ზაზა ალასანია,,,adg_2021_candidates_unified.xlsx
local_2021,__main__,council_smd,gd,ქართული ოცნება - დემოკრატიული საქართველო,,4,აბაშა,,41,ბაქარი,შელია,ბაქარი შელია,,,adg_2021_candidates_unified.xlsx
local_2021,__main__,council_smd,gd,ქართული ოცნება - დემოკრატიული საქართველო,,2,აბაშა,,41,დიმიტრი,ვერულაშვილი,დიმიტრი ვერულაშვილი,,,adg_2021_candidates_unified.xlsx
local_2021,__main__,council_smd,gd,ქართული ოცნება - დემოკრატიული საქართველო,,3,აბაშა,,41,დავითი,გუნია,დავითი გუნია,,,adg_2021_candidates_unified.xlsx
local_2021,__main__,council_smd,gd,ქართული ოცნება - დემოკრატიული საქართველო,,1,აბაშა,,41,დავითი,ცანავა,დავითი ცანავა,,,adg_2021_candidates_unified.xlsx
local_2021,__main__,council_smd,gd,ქართული ოცნება - დემოკრატიული საქართველო,,7,აბაშა,,41,მურთაზი,ჯალაღონია,მურთაზი ჯალაღონია,,,adg_2021_candidates_unified.xlsx
local_2021,__main__,council_smd,gd,ქართული ოცნება - დემოკრატიული საქართველო,,10,აბაშა,,41,გია,მიგინეიშვილი,გია მიგინეიშვილი,,,adg_2021_candidates_unified.xlsx
local_2021,__main__,council_smd,gd,ქართული ოცნება - დემოკრატიული საქართველო,,8,აბაშა,,41,იაგო,თოდუა,იაგო თოდუა,,,adg_2021_candidates_unified.xlsx
local_2021,__main__,council_smd,gd,ქართული ოცნება - დემოკრატიული საქართველო,,9,აბაშა,,41,გია,კუცია,გია კუცია,,,adg_2021_candidates_unified.xlsx
local_2021,__main__,council_smd,,საინიციატივო ჯგუფი,,9,აბაშა,,51,ელგუჯა,ნოდია,ელგუჯა ნოდია,,,adg_2021_candidates_unified.xlsx
local_2021,__main__,council_smd,third_force,„მესამე ძალა-სტრატეგია აღმაშენებელი”,,10,სენაკი,,1,გიორგი,აბაკელია,გიორგი აბაკელია,,,adg_2021_candidates_unified.xlsx
local_2021,__main__,council_smd,european_georgia,„ევროპული საქართველო-მოძრაობა თავისუფლებისთვის”,,7,სენაკი,,2,ამირან,დავითაია,ამირან დავითაია,,,adg_2021_candidates_unified.xlsx
local_2021,__main__,council_smd,european_georgia,„ევროპული საქართველო-მოძრაობა თავისუფლებისთვის”,,8,სენაკი,,2,სოსლანი,ჯოჯუა,სოსლანი ჯოჯუა,,,adg_2021_candidates_unified.xlsx
local_2021,__main__,council_smd,european_georgia,„ევროპული საქართველო-მოძრაობა თავისუფლებისთვის”,,6,სენაკი,,2,მიხეილი,სანიკიძე,მიხეილი სანიკიძე,,,adg_2021_candidates_unified.xlsx
local_2021,__main__,council_smd,european_georgia,„ევროპული საქართველო-მოძრაობა თავისუფლებისთვის”,,5,სენაკი,,2,ირაკლი,ჯიშკარიანი,ირაკლი ჯიშკარიანი,,,adg_2021_candidates_unified.xlsx
local_2021,__main__,council_smd,european_georgia,„ევროპული საქართველო-მოძრაობა თავისუფლებისთვის”,,4,სენაკი,,2,ოქსანა,წურწუმია,ოქსანა წურწუმია,,,adg_2021_candidates_unified.xlsx
local_2021,__main__,council_smd,european_georgia,„ევროპული საქართველო-მოძრაობა თავისუფლებისთვის”,,9,სენაკი,,2,ასმათი,ნოდია,ასმათი ნოდია,,,adg_2021_candidates_unified.xlsx
local_2021,__main__,council_smd,european_georgia,„ევროპული საქართველო-მოძრაობა თავისუფლებისთვის”,,2,სენაკი,,2,მანანა,წურწუმია,მანანა წურწუმია,,,adg_2021_candidates_unified.xlsx
local_2021,__main__,council_smd,european_georgia,„ევროპული საქართველო-მოძრაობა თავისუფლებისთვის”,,11,სენაკი,,2,ვანო,ხარბედია,ვანო ხარბედია,,,adg_2021_candidates_unified.xlsx
local_2021,__main__,council_smd,unm,„ერთიანი ნაციონალური მოძრაობა”,,11,სენაკი,,5,ვალერი,კუჭავა,ვალერი კუჭავა,,,adg_2021_candidates_unified.xlsx
local_2021,__main__,council_smd,unm,„ერთიანი ნაციონალური მოძრაობა”,,10,სენაკი,,5,რეზო,ავალიანი,რეზო ავალიანი,,,adg_2021_candidates_unified.xlsx
local_2021,__main__,council_smd,unm,„ერთიანი ნაციონალური მოძრაობა”,,6,სენაკი,,5,საბა,სირია,საბა სირია,,,adg_2021_candidates_unified.xlsx
local_2021,__main__,council_smd,unm,„ერთიანი ნაციონალური მოძრაობა”,,5,სენაკი,,5,ბაკური,ხურცია,ბაკური ხურცია,,,adg_2021_candidates_unified.xlsx
local_2021,__main__,council_smd,unm,„ერთიანი ნაციონალური მოძრაობა”,,4,სენაკი,,5,ვახტანგი,წურწუმია,ვახტანგი წურწუმია,,,adg_2021_candidates_unified.xlsx
local_2021,__main__,council_smd,unm,„ერთიანი ნაციონალური მოძრაობა”,,3,სენაკი,,5,ლაშა,კუჭავა,ლაშა კუჭავა,,,adg_2021_candidates_unified.xlsx
local_2021,__main__,council_smd,unm,„ერთიანი ნაციონალური მოძრაობა”,,2,სენაკი,,5,ბესიკი,ნარმანია,ბესიკი ნარმანია,,,adg_2021_candidates_unified.xlsx
local_2021,__main__,council_smd,unm,„ერთიანი ნაციონალური მოძრაობა”,,9,სენაკი,,5,ზურაბი,სანაია,ზურაბი სანაია,,,adg_2021_candidates_unified.xlsx
local_2021,__main__,council_smd,unm,„ერთიანი ნაციონალური მოძრაობა”,,1,სენაკი,,5,მირანდა,მირცხულავა,მირანდა მირცხულავა,,,adg_2021_candidates_unified.xlsx
local_2021,__main__,council_smd,unm,„ერთიანი ნაციონალური მოძრაობა”,,8,სენაკი,,5,მამუკა,აბშილავა,მამუკა აბშილავა,,,adg_2021_candidates_unified.xlsx
local_2021,__main__,council_smd,lelo,„ლელო”,,4,სენაკი,,9,მონიკა,თოდუა,მონიკა თოდუა,,,adg_2021_candidates_unified.xlsx
local_2021,__main__,council_smd,lelo,„ლელო”,,2,სენაკი,,9,კახა,ადამია,კახა ადამია,,,adg_2021_candidates_unified.xlsx
local_2021,__main__,council_smd,gakharia,გახარია - საქართველოსთვის,,1,სენაკი,,25,ელისო,ხარბედია,ელისო ხარბედია,,,adg_2021_candidates_unified.xlsx
local_2021,__main__,council_smd,gakharia,გახარია - საქართველოსთვის,,2,სენაკი,,25,ირაკლი,კაჭარავა,ირაკლი კაჭარავა,,,adg_2021_candidates_unified.xlsx
local_2021,__main__,council_smd,gakharia,გახარია - საქართველოსთვის,,3,სენაკი,,25,თამაზი,ჟვანია,თამაზი ჟვანია,,,adg_2021_candidates_unified.xlsx
local_2021,__main__,council_smd,gakharia,გახარია - საქართველოსთვის,,4,სენაკი,,25,ბაკური,შამათავა,ბაკური შამათავა,,,adg_2021_candidates_unified.xlsx
local_2021,__main__,council_smd,gakharia,გახარია - საქართველოსთვის,,5,სენაკი,,25,გიორგი,მურღულია,გიორგი მურღულია,,,adg_2021_candidates_unified.xlsx
local_2021,__main__,council_smd,gakharia,გახარია - საქართველოსთვის,,6,სენაკი,,25,ნათია,სიმონია,ნათია სიმონია,,,adg_2021_candidates_unified.xlsx
local_2021,__main__,council_smd,gakharia,გახარია - საქართველოსთვის,,8,სენაკი,,25,თეონა,ბაღათურია,თეონა ბაღათურია,,,adg_2021_candidates_unified.xlsx
local_2021,__main__,council_smd,gakharia,გახარია - საქართველოსთვის,,9,სენაკი,,25,გენადი,გაბელია,გენადი გაბელია,,,adg_2021_candidates_unified.xlsx
local_2021,__main__,council_smd,gakharia,გახარია - საქართველოსთვის,,10,სენაკი,,25,მამუკა,ჭითავა,მამუკა ჭითავა,,,adg_2021_candidates_unified.xlsx
local_2021,__main__,council_smd,gakharia,გახარია - საქართველოსთვის,,11,სენაკი,,25,გიგა,ხარბედია,გიგა ხარბედია,,,adg_2021_candidates_unified.xlsx
local_2021,__main__,council_smd,gakharia,გახარია - საქართველოსთვის,,7,სენაკი,,25,ლანა,ქავთარაძე,ლანა ქავთარაძე,,,adg_2021_candidates_unified.xlsx
local_2021,__main__,council_smd,gd,ქართული ოცნება - დემოკრატიული საქართველო,,11,სენაკი,,41,ირაკლი,ცხვიტავა,ირაკლი ცხვიტავა,,,adg_2021_candidates_unified.xlsx
local_2021,__main__,council_smd,gd,ქართული ოცნება - დემოკრატიული საქართველო,,3,სენაკი,,41,გიგა,წურწუმია,გიგა წურწუმია,,,adg_2021_candidates_unified.xlsx
local_2021,__main__,council_smd,gd,ქართული ოცნება - დემოკრატიული საქართველო,,2,სენაკი,,41,გრიგოლი,მიქაია,გრიგოლი მიქაია,,,adg_2021_candidates_unified.xlsx
local_2021,__main__,council_smd,gd,ქართული ოცნება - დემოკრატიული საქართველო,,1,სენაკი,,41,ბეჟანი,სანაია,ბეჟანი სანაია,,,adg_2021_candidates_unified.xlsx
local_2021,__main__,council_smd,gd,ქართული ოცნება - დემოკრატიული საქართველო,,10,სენაკი,,41,ბადრი,შარტავა,ბადრი შარტავა,,,adg_2021_candidates_unified.xlsx
local_2021,__main__,council_smd,gd,ქართული ოცნება - დემოკრატიული საქართველო,,5,სენაკი,,41,ბადრი,ხურცია,ბადრი ხურცია,,,adg_2021_candidates_unified.xlsx
local_2021,__main__,council_smd,gd,ქართული ოცნება - დემოკრატიული საქართველო,,8,სენაკი,,41,შაქრო,კოკაია,შაქრო კოკაია,,,adg_2021_candidates_unified.xlsx
local_2021,__main__,council_smd,gd,ქართული ოცნება - დემოკრატიული საქართველო,,7,სენაკი,,41,ლევანი,ჯინორია,ლევანი ჯინორია,,,adg_2021_candidates_unified.xlsx
local_2021,__main__,council_smd,gd,ქართული ოცნება - დემოკრატიული საქართველო,,6,სენაკი,,41,კობა,კილასონია,კობა კილასონია,,,adg_2021_candidates_unified.xlsx
local_2021,__main__,council_smd,gd,ქართული ოცნება - დემოკრატიული საქართველო,,4,სენაკი,,41,ირაკლი,რუსია,ირაკლი რუსია,,,adg_2021_candidates_unified.xlsx
local_2021,__main__,council_smd,gd,ქართული ოცნება - დემოკრატიული საქართველო,,9,სენაკი,,41,კაპიტონი,ტორჩინავა,კაპიტონი ტორჩინავა,,,adg_2021_candidates_unified.xlsx
local_2021,__main__,council_smd,third_way,„მესამე გზა“,,1,სენაკი,,43,ბესიკი,წულეისკირი,ბესიკი წულეისკირი,,,adg_2021_candidates_unified.xlsx
local_2021,__main__,council_smd,third_way,„მესამე გზა“,,3,სენაკი,,43,თენგიზი,გარუჩავა,თენგიზი გარუჩავა,,,adg_2021_candidates_unified.xlsx
local_2021,__main__,council_smd,third_way,„მესამე გზა“,,4,სენაკი,,43,ელგუჯა,გარუჩავა,ელგუჯა გარუჩავა,,,adg_2021_candidates_unified.xlsx
local_2021,__main__,council_smd,third_way,„მესამე გზა“,,5,სენაკი,,43,გიორგი,ხუნწარია,გიორგი ხუნწარია,,,adg_2021_candidates_unified.xlsx
local_2021,__main__,council_smd,third_way,„მესამე გზა“,,6,სენაკი,,43,თამაზი,ოდიშარია,თამაზი ოდიშარია,,,adg_2021_candidates_unified.xlsx
local_2021,__main__,council_smd,third_way,„მესამე გზა“,,7,სენაკი,,43,თეონა,გარუჩავა,თეონა გარუჩავა,,,adg_2021_candidates_unified.xlsx
local_2021,__main__,council_smd,third_way,„მესამე გზა“,,8,სენაკი,,43,ცირა,გარუჩავა,ცირა გარუჩავა,,,adg_2021_candidates_unified.xlsx
local_2021,__main__,council_smd,third_way,„მესამე გზა“,,9,სენაკი,,43,შორენა,მალიჩავა,შორენა მალიჩავა,,,adg_2021_candidates_unified.xlsx
local_2021,__main__,council_smd,third_way,„მესამე გზა“,,11,სენაკი,,43,სოფიო,ადამია,სოფიო ადამია,,,adg_2021_candidates_unified.xlsx
local_2021,__main__,council_smd,third_way,„მესამე გზა“,,10,სენაკი,,43,ანტონი,შარტავა,ანტონი შარტავა,,,adg_2021_candidates_unified.xlsx
local_2021,__main__,council_smd,third_way,„მესამე გზა“,,2,სენაკი,,43,გურანდა,ოდიშარია,გურანდა ოდიშარია,,,adg_2021_candidates_unified.xlsx
local_2021,__main__,council_smd,third_force,„მესამე ძალა-სტრატეგია აღმაშენებელი”,,8,მარტვილი,,1,მოგელი,ჯოჯუა,მოგელი ჯოჯუა,,,adg_2021_candidates_unified.xlsx
local_2021,__main__,council_smd,third_force,„მესამე ძალა-სტრატეგია აღმაშენებელი”,,12,მარტვილი,,1,ლაშა,კორთხონჯია,ლაშა კორთხონჯია,,,adg_2021_candidates_unified.xlsx
local_2021,__main__,council_smd,european_georgia,„ევროპული საქართველო-მოძრაობა თავისუფლებისთვის”,,10,მარტვილი,,2,დათო,ხელაია,დათო ხელაია,,,adg_2021_candidates_unified.xlsx
local_2021,__main__,council_smd,european_georgia,„ევროპული საქართველო-მოძრაობა თავისუფლებისთვის”,,12,მარტვილი,,2,გიზო,ხარებავა,გიზო ხარებავა,,,adg_2021_candidates_unified.xlsx
local_2021,__main__,council_smd,unm,„ერთიანი ნაციონალური მოძრაობა”,,1,მარტვილი,,5,ვლადიმერ,დანელია,ვლადიმერ დანელია,,,adg_2021_candidates_unified.xlsx
local_2021,__main__,council_smd,unm,„ერთიანი ნაციონალური მოძრაობა”,,2,მარტვილი,,5,ელისო,დარციმელია,ელისო დარციმელია,,,adg_2021_candidates_unified.xlsx
local_2021,__main__,council_smd,unm,„ერთიანი ნაციონალური მოძრაობა”,,3,მარტვილი,,5,კობა,ასაბაშვილი,კობა ასაბაშვილი,,,adg_2021_candidates_unified.xlsx
local_2021,__main__,council_smd,unm,„ერთიანი ნაციონალური მოძრაობა”,,4,მარტვილი,,5,მამუკა,დანელია,მამუკა დანელია,,,adg_2021_candidates_unified.xlsx
local_2021,__main__,council_smd,unm,„ერთიანი ნაციონალური მოძრაობა”,,5,მარტვილი,,5,ნუკრი,ძიძიგური,ნუკრი ძიძიგური,,,adg_2021_candidates_unified.xlsx
local_2021,__main__,council_smd,unm,„ერთიანი ნაციონალური მოძრაობა”,,6,მარტვილი,,5,ბექა,ოდიშარია,ბექა ოდიშარია,,,adg_2021_candidates_unified.xlsx
local_2021,__main__,council_smd,unm,„ერთიანი ნაციონალური მოძრაობა”,,9,მარტვილი,,5,სოსო,სურმავა,სოსო სურმავა,,,adg_2021_candidates_unified.xlsx
local_2021,__main__,council_smd,unm,„ერთიანი ნაციონალური მოძრაობა”,,11,მარტვილი,,5,პაატა,პირტახია,პაატა პირტახია,,,adg_2021_candidates_unified.xlsx
local_2021,__main__,council_smd,patriots,"„დავით თარხან-მოურავი, ირმა ინაშვილი - საქართველოს პატრიოტთა ალიანსი”",,2,მარტვილი,,8,ნანა,გაბუნია,ნანა გაბუნია,,,adg_2021_candidates_unified.xlsx
local_2021,__main__,council_smd,patriots,"„დავით თარხან-მოურავი, ირმა ინაშვილი - საქართველოს პატრიოტთა ალიანსი”",,1,მარტვილი,,8,გია,ცანავა,გია ცანავა,,,adg_2021_candidates_unified.xlsx
local_2021,__main__,council_smd,patriots,"„დავით თარხან-მოურავი, ირმა ინაშვილი - საქართველოს პატრიოტთა ალიანსი”",,3,მარტვილი,,8,ზაზა,ჩიქოვანი,ზაზა ჩიქოვანი,,,adg_2021_candidates_unified.xlsx
local_2021,__main__,council_smd,patriots,"„დავით თარხან-მოურავი, ირმა ინაშვილი - საქართველოს პატრიოტთა ალიანსი”",,4,მარტვილი,,8,ზვიად,დანელია,ზვიად დანელია,,,adg_2021_candidates_unified.xlsx
local_2021,__main__,council_smd,patriots,"„დავით თარხან-მოურავი, ირმა ინაშვილი - საქართველოს პატრიოტთა ალიანსი”",,5,მარტვილი,,8,როლანდ,დანელია,როლანდ დანელია,,,adg_2021_candidates_unified.xlsx
local_2021,__main__,council_smd,patriots,"„დავით თარხან-მოურავი, ირმა ინაშვილი - საქართველოს პატრიოტთა ალიანსი”",,8,მარტვილი,,8,ზვიად,ჯოჯუა,ზვიად ჯოჯუა,,,adg_2021_candidates_unified.xlsx
local_2021,__main__,council_smd,lelo,„ლელო”,,2,მარტვილი,,9,ალიოშა,ჭიჭინავა,ალიოშა ჭიჭინავა,,,adg_2021_candidates_unified.xlsx
local_2021,__main__,council_smd,european_socialists,„ევროპელი სოციალისტები”,,9,მარტვილი,,19,გიორგი,ჯიჯელავა,გიორგი ჯიჯელავა,,,adg_2021_candidates_unified.xlsx
local_2021,__main__,council_smd,european_socialists,„ევროპელი სოციალისტები”,,3,მარტვილი,,19,ალექსანდრე,ფაღავა,ალექსანდრე ფაღავა,,,adg_2021_candidates_unified.xlsx
local_2021,__main__,council_smd,european_socialists,„ევროპელი სოციალისტები”,,7,მარტვილი,,19,მიხეილ,ნაჭყებია,მიხეილ ნაჭყებია,,,adg_2021_candidates_unified.xlsx
local_2021,__main__,council_smd,gakharia,გახარია - საქართველოსთვის,,1,მარტვილი,,25,გიორგი,ხორავა,გიორგი ხორავა,,,adg_2021_candidates_unified.xlsx
local_2021,__main__,council_smd,gakharia,გახარია - საქართველოსთვის,,2,მარტვილი,,25,ლევან,რურუა,ლევან რურუა,,,adg_2021_candidates_unified.xlsx
local_2021,__main__,council_smd,gakharia,გახარია - საქართველოსთვის,,3,მარტვილი,,25,გიორგი,წირქვაძე,გიორგი წირქვაძე,,,adg_2021_candidates_unified.xlsx
local_2021,__main__,council_smd,gakharia,გახარია - საქართველოსთვის,,4,მარტვილი,,25,ნანო,დანელია,ნანო დანელია,,,adg_2021_candidates_unified.xlsx
local_2021,__main__,council_smd,gakharia,გახარია - საქართველოსთვის,,5,მარტვილი,,25,მარიამ,თვალაძე,მარიამ თვალაძე,,,adg_2021_candidates_unified.xlsx
local_2021,__main__,council_smd,gakharia,გახარია - საქართველოსთვის,,7,მარტვილი,,25,სერგი,ფაცაცია,სერგი ფაცაცია,,,adg_2021_candidates_unified.xlsx
local_2021,__main__,council_smd,gakharia,გახარია - საქართველოსთვის,,8,მარტვილი,,25,ზურაბ,ბიგვავა,ზურაბ ბიგვავა,,,adg_2021_candidates_unified.xlsx
local_2021,__main__,council_smd,gakharia,გახარია - საქართველოსთვის,,9,მარტვილი,,25,არკად,ცაავა,არკად ცაავა,,,adg_2021_candidates_unified.xlsx
local_2021,__main__,council_smd,gakharia,გახარია - საქართველოსთვის,,10,მარტვილი,,25,გოგიტა,კალანდია,გოგიტა კალანდია,,,adg_2021_candidates_unified.xlsx
local_2021,__main__,council_smd,gakharia,გახარია - საქართველოსთვის,,11,მარტვილი,,25,ნიკა,ფარცვანია,ნიკა ფარცვანია,,,adg_2021_candidates_unified.xlsx
local_2021,__main__,council_smd,gakharia,გახარია - საქართველოსთვის,,12,მარტვილი,,25,გერონტი,ბარამია,გერონტი ბარამია,,,adg_2021_candidates_unified.xlsx
local_2021,__main__,council_smd,gakharia,გახარია - საქართველოსთვის,,6,მარტვილი,,25,ბესიკ,ჯახუა,ბესიკ ჯახუა,,,adg_2021_candidates_unified.xlsx
local_2021,__main__,council_smd,freedom_gamsakhurdia,თავისუფლება-ზვიად გამსახურდიას გზა,,1,მარტვილი,,39,გიორგი,გრიგალავა,გიორგი გრიგალავა,,,adg_2021_candidates_unified.xlsx
local_2021,__main__,council_smd,freedom_gamsakhurdia,თავისუფლება-ზვიად გამსახურდიას გზა,,7,მარტვილი,,39,აკაკი,ახალაია,აკაკი ახალაია,,,adg_2021_candidates_unified.xlsx
local_2021,__main__,council_smd,gd,ქართული ოცნება - დემოკრატიული საქართველო,,1,მარტვილი,,41,დავით,ბარამია,დავით ბარამია,,,adg_2021_candidates_unified.xlsx
local_2021,__main__,council_smd,gd,ქართული ოცნება - დემოკრატიული საქართველო,,12,მარტვილი,,41,კახაბერ,ჯგერენაია,კახაბერ ჯგერენაია,,,adg_2021_candidates_unified.xlsx
local_2021,__main__,council_smd,gd,ქართული ოცნება - დემოკრატიული საქართველო,,10,მარტვილი,,41,რამაზ,ხურცილავა,რამაზ ხურცილავა,,,adg_2021_candidates_unified.xlsx
local_2021,__main__,council_smd,gd,ქართული ოცნება - დემოკრატიული საქართველო,,11,მარტვილი,,41,ავქსენტი,აბაკელია,ავქსენტი აბაკელია,,,adg_2021_candidates_unified.xlsx
local_2021,__main__,council_smd,gd,ქართული ოცნება - დემოკრატიული საქართველო,,9,მარტვილი,,41,გოგი,ბასილაია,გოგი ბასილაია,,,adg_2021_candidates_unified.xlsx
local_2021,__main__,council_smd,gd,ქართული ოცნება - დემოკრატიული საქართველო,,8,მარტვილი,,41,მინდია,გაბისონია,მინდია გაბისონია,,,adg_2021_candidates_unified.xlsx
local_2021,__main__,council_smd,gd,ქართული ოცნება - დემოკრატიული საქართველო,,7,მარტვილი,,41,ჯამლეტ,ბეჭვაია,ჯამლეტ ბეჭვაია,,,adg_2021_candidates_unified.xlsx
local_2021,__main__,council_smd,gd,ქართული ოცნება - დემოკრატიული საქართველო,,6,მარტვილი,,41,ირაკლი,დიხამინჯია,ირაკლი დიხამინჯია,,,adg_2021_candidates_unified.xlsx
local_2021,__main__,council_smd,gd,ქართული ოცნება - დემოკრატიული საქართველო,,5,მარტვილი,,41,ჯამბულ,ხუროძე,ჯამბულ ხუროძე,,,adg_2021_candidates_unified.xlsx
local_2021,__main__,council_smd,gd,ქართული ოცნება - დემოკრატიული საქართველო,,3,მარტვილი,,41,გიორგი,გაბუნია,გიორგი გაბუნია,,,adg_2021_candidates_unified.xlsx
local_2021,__main__,council_smd,gd,ქართული ოცნება - დემოკრატიული საქართველო,,4,მარტვილი,,41,იპოლიტე,დანელია,იპოლიტე დანელია,,,adg_2021_candidates_unified.xlsx
local_2021,__main__,council_smd,gd,ქართული ოცნება - დემოკრატიული საქართველო,,2,მარტვილი,,41,შალვა,ბახია,შალვა ბახია,,,adg_2021_candidates_unified.xlsx
local_2021,__main__,council_smd,third_force,„მესამე ძალა-სტრატეგია აღმაშენებელი”,,6,ხობი,,1,ალექსანდრე,ესებუა,ალექსანდრე ესებუა,,,adg_2021_candidates_unified.xlsx
local_2021,__main__,council_smd,third_force,„მესამე ძალა-სტრატეგია აღმაშენებელი”,,1,ხობი,,1,კარინა,ბუკია,კარინა ბუკია,,,adg_2021_candidates_unified.xlsx
local_2021,__main__,council_smd,european_georgia,„ევროპული საქართველო-მოძრაობა თავისუფლებისთვის”,,2,ხობი,,2,მანანა,კვირკვაია,მანანა კვირკვაია,,,adg_2021_candidates_unified.xlsx
local_2021,__main__,council_smd,european_georgia,„ევროპული საქართველო-მოძრაობა თავისუფლებისთვის”,,3,ხობი,,2,მამუკა,ჭოხონელიძე,მამუკა ჭოხონელიძე,,,adg_2021_candidates_unified.xlsx
local_2021,__main__,council_smd,european_georgia,„ევროპული საქართველო-მოძრაობა თავისუფლებისთვის”,,4,ხობი,,2,გოჩა,კვაშილავა,გოჩა კვაშილავა,,,adg_2021_candidates_unified.xlsx
local_2021,__main__,council_smd,european_georgia,„ევროპული საქართველო-მოძრაობა თავისუფლებისთვის”,,5,ხობი,,2,ლორა,ლაგვილავა,ლორა ლაგვილავა,,,adg_2021_candidates_unified.xlsx
local_2021,__main__,council_smd,european_georgia,„ევროპული საქართველო-მოძრაობა თავისუფლებისთვის”,,6,ხობი,,2,ნანული,ძიძარია,ნანული ძიძარია,,,adg_2021_candidates_unified.xlsx
local_2021,__main__,council_smd,european_georgia,„ევროპული საქართველო-მოძრაობა თავისუფლებისთვის”,,1,ხობი,,2,მარიამ,შონია,მარიამ შონია,,,adg_2021_candidates_unified.xlsx
local_2021,__main__,council_smd,european_georgia,„ევროპული საქართველო-მოძრაობა თავისუფლებისთვის”,,8,ხობი,,2,გიორგი,რუხაია,გიორგი რუხაია,,,adg_2021_candidates_unified.xlsx
local_2021,__main__,council_smd,european_georgia,„ევროპული საქართველო-მოძრაობა თავისუფლებისთვის”,,9,ხობი,,2,ნანა,ალანია,ნანა ალანია,,,adg_2021_candidates_unified.xlsx
local_2021,__main__,council_smd,european_georgia,„ევროპული საქართველო-მოძრაობა თავისუფლებისთვის”,,10,ხობი,,2,ნინო,ალანია,ნინო ალანია,,,adg_2021_candidates_unified.xlsx
local_2021,__main__,council_smd,european_georgia,„ევროპული საქართველო-მოძრაობა თავისუფლებისთვის”,,11,ხობი,,2,ტარიელი,გრიგალაშვილი,ტარიელი გრიგალაშვილი,,,adg_2021_candidates_unified.xlsx
local_2021,__main__,council_smd,european_georgia,„ევროპული საქართველო-მოძრაობა თავისუფლებისთვის”,,12,ხობი,,2,გულჩორა,ცანავა,გულჩორა ცანავა,,,adg_2021_candidates_unified.xlsx
local_2021,__main__,council_smd,european_georgia,„ევროპული საქართველო-მოძრაობა თავისუფლებისთვის”,,7,ხობი,,2,მამუკა,ჩოკორაია,მამუკა ჩოკორაია,,,adg_2021_candidates_unified.xlsx
local_2021,__main__,council_smd,unm,„ერთიანი ნაციონალური მოძრაობა”,,4,ხობი,,5,ბესიკ,სიჭინავა,ბესიკ სიჭინავა,,,adg_2021_candidates_unified.xlsx
local_2021,__main__,council_smd,unm,„ერთიანი ნაციონალური მოძრაობა”,,7,ხობი,,5,გია,ფირცხელავა,გია ფირცხელავა,,,adg_2021_candidates_unified.xlsx
local_2021,__main__,council_smd,unm,„ერთიანი ნაციონალური მოძრაობა”,,6,ხობი,,5,თამარი,ქირია,თამარი ქირია,,,adg_2021_candidates_unified.xlsx
local_2021,__main__,council_smd,unm,„ერთიანი ნაციონალური მოძრაობა”,,8,ხობი,,5,რიმა,დონდოლაძე,რიმა დონდოლაძე,,,adg_2021_candidates_unified.xlsx
local_2021,__main__,council_smd,unm,„ერთიანი ნაციონალური მოძრაობა”,,5,ხობი,,5,ლევანი,ჭითანავა,ლევანი ჭითანავა,,,adg_2021_candidates_unified.xlsx
local_2021,__main__,council_smd,unm,„ერთიანი ნაციონალური მოძრაობა”,,11,ხობი,,5,მაია,გაბრიჭიძე,მაია გაბრიჭიძე,,,adg_2021_candidates_unified.xlsx
local_2021,__main__,council_smd,unm,„ერთიანი ნაციონალური მოძრაობა”,,12,ხობი,,5,იამზე,გაბელია-ფიფია,იამზე გაბელია-ფიფია,,,adg_2021_candidates_unified.xlsx
local_2021,__main__,council_smd,unm,„ერთიანი ნაციონალური მოძრაობა”,,9,ხობი,,5,ირაკლი,ნადარაია,ირაკლი ნადარაია,,,adg_2021_candidates_unified.xlsx
local_2021,__main__,council_smd,unm,„ერთიანი ნაციონალური მოძრაობა”,,10,ხობი,,5,გიგა,პაჭკორია,გიგა პაჭკორია,,,adg_2021_candidates_unified.xlsx
local_2021,__main__,council_smd,unm,„ერთიანი ნაციონალური მოძრაობა”,,1,ხობი,,5,ბესიკი,თამლიანი,ბესიკი თამლიანი,,,adg_2021_candidates_unified.xlsx
local_2021,__main__,council_smd,unm,„ერთიანი ნაციონალური მოძრაობა”,,2,ხობი,,5,ლევანი,ლაშხია,ლევანი ლაშხია,,,adg_2021_candidates_unified.xlsx
local_2021,__main__,council_smd,unm,„ერთიანი ნაციონალური მოძრაობა”,,3,ხობი,,5,ვეფხვია,ფოცხორაია,ვეფხვია ფოცხორაია,,,adg_2021_candidates_unified.xlsx
local_2021,__main__,council_smd,gakharia,გახარია - საქართველოსთვის,,9,ხობი,,25,გია,ფირცხელავა,გია ფირცხელავა,,,adg_2021_candidates_unified.xlsx
local_2021,__main__,council_smd,gakharia,გახარია - საქართველოსთვის,,10,ხობი,,25,გოგი,ტაბაღუა,გოგი ტაბაღუა,,,adg_2021_candidates_unified.xlsx
local_2021,__main__,council_smd,gakharia,გახარია - საქართველოსთვის,,11,ხობი,,25,მამუკა,სახურია,მამუკა სახურია,,,adg_2021_candidates_unified.xlsx
local_2021,__main__,council_smd,gakharia,გახარია - საქართველოსთვის,,12,ხობი,,25,ლევანი,მესხია,ლევანი მესხია,,,adg_2021_candidates_unified.xlsx
local_2021,__main__,council_smd,gakharia,გახარია - საქართველოსთვის,,1,ხობი,,25,მალხაზი,იოსავა,მალხაზი იოსავა,,,adg_2021_candidates_unified.xlsx
local_2021,__main__,council_smd,gakharia,გახარია - საქართველოსთვის,,3,ხობი,,25,ვარლამ,ნადარაია,ვარლამ ნადარაია,,,adg_2021_candidates_unified.xlsx
local_2021,__main__,council_smd,gakharia,გახარია - საქართველოსთვის,,4,ხობი,,25,კოტე,შონია,კოტე შონია,,,adg_2021_candidates_unified.xlsx
local_2021,__main__,council_smd,gakharia,გახარია - საქართველოსთვის,,5,ხობი,,25,აპალონი,გვაზავა,აპალონი გვაზავა,,,adg_2021_candidates_unified.xlsx
local_2021,__main__,council_smd,gakharia,გახარია - საქართველოსთვის,,6,ხობი,,25,ბადრი,ანთია,ბადრი ანთია,,,adg_2021_candidates_unified.xlsx
local_2021,__main__,council_smd,gakharia,გახარია - საქართველოსთვის,,7,ხობი,,25,გოჩა,ჯობავა,გოჩა ჯობავა,,,adg_2021_candidates_unified.xlsx
local_2021,__main__,council_smd,gakharia,გახარია - საქართველოსთვის,,8,ხობი,,25,ამირან,ნანავა,ამირან ნანავა,,,adg_2021_candidates_unified.xlsx
local_2021,__main__,council_smd,gd,ქართული ოცნება - დემოკრატიული საქართველო,,7,ხობი,,41,კობა,გერგაია,კობა გერგაია,,,adg_2021_candidates_unified.xlsx
local_2021,__main__,council_smd,gd,ქართული ოცნება - დემოკრატიული საქართველო,,5,ხობი,,41,ფრიდონი,კუკავა,ფრიდონი კუკავა,,,adg_2021_candidates_unified.xlsx
local_2021,__main__,council_smd,gd,ქართული ოცნება - დემოკრატიული საქართველო,,6,ხობი,,41,გივი,ლატარია,გივი ლატარია,,,adg_2021_candidates_unified.xlsx
local_2021,__main__,council_smd,gd,ქართული ოცნება - დემოკრატიული საქართველო,,4,ხობი,,41,ლევანი,ლიპარტია,ლევანი ლიპარტია,,,adg_2021_candidates_unified.xlsx
local_2021,__main__,council_smd,gd,ქართული ოცნება - დემოკრატიული საქართველო,,8,ხობი,,41,აკაკი,ხურცილავა,აკაკი ხურცილავა,,,adg_2021_candidates_unified.xlsx
local_2021,__main__,council_smd,gd,ქართული ოცნება - დემოკრატიული საქართველო,,2,ხობი,,41,მაია,ქაჯაია,მაია ქაჯაია,,,adg_2021_candidates_unified.xlsx
local_2021,__main__,council_smd,gd,ქართული ოცნება - დემოკრატიული საქართველო,,1,ხობი,,41,ლევან,ქავთარაძე,ლევან ქავთარაძე,,,adg_2021_candidates_unified.xlsx
local_2021,__main__,council_smd,gd,ქართული ოცნება - დემოკრატიული საქართველო,,9,ხობი,,41,სერგო,ბერაია,სერგო ბერაია,,,adg_2021_candidates_unified.xlsx
local_2021,__main__,council_smd,gd,ქართული ოცნება - დემოკრატიული საქართველო,,10,ხობი,,41,გიორგი,გვასალია,გიორგი გვასალია,,,adg_2021_candidates_unified.xlsx
local_2021,__main__,council_smd,gd,ქართული ოცნება - დემოკრატიული საქართველო,,11,ხობი,,41,ბადრი,რიჟამაძე,ბადრი რიჟამაძე,,,adg_2021_candidates_unified.xlsx
local_2021,__main__,council_smd,gd,ქართული ოცნება - დემოკრატიული საქართველო,,12,ხობი,,41,ბექა,ხარბედია,ბექა ხარბედია,,,adg_2021_candidates_unified.xlsx
local_2021,__main__,council_smd,gd,ქართული ოცნება - დემოკრატიული საქართველო,,3,ხობი,,41,ხვიჩა,ჭანტურია,ხვიჩა ჭანტურია,,,adg_2021_candidates_unified.xlsx
local_2021,__main__,council_smd,,საინიციატივო ჯგუფი,,5,ხობი,,51,ადელინა,ჭაბუკიანი,ადელინა ჭაბუკიანი,,,adg_2021_candidates_unified.xlsx
local_2021,__main__,council_smd,third_force,„მესამე ძალა-სტრატეგია აღმაშენებელი”,,3,ზუგდიდი,,1,ივერი,ჩიქოვანი,ივერი ჩიქოვანი,,,adg_2021_candidates_unified.xlsx
local_2021,__main__,council_smd,third_force,„მესამე ძალა-სტრატეგია აღმაშენებელი”,,5,ზუგდიდი,,1,ლალი,ჩერქეზია,ლალი ჩერქეზია,,,adg_2021_candidates_unified.xlsx
local_2021,__main__,council_smd,third_force,„მესამე ძალა-სტრატეგია აღმაშენებელი”,,14,ზუგდიდი,,1,გოგიტა,ბიგვავა,გოგიტა ბიგვავა,,,adg_2021_candidates_unified.xlsx
local_2021,__main__,council_smd,european_georgia,„ევროპული საქართველო-მოძრაობა თავისუფლებისთვის”,,1,ზუგდიდი,,2,ბათლომე,შელია,ბათლომე შელია,,,adg_2021_candidates_unified.xlsx
local_2021,__main__,council_smd,unm,„ერთიანი ნაციონალური მოძრაობა”,,6,ზუგდიდი,,5,თენგიზ,მამფორია,თენგიზ მამფორია,,,adg_2021_candidates_unified.xlsx
local_2021,__main__,council_smd,unm,„ერთიანი ნაციონალური მოძრაობა”,,7,ზუგდიდი,,5,დავით,ვეკუა,დავით ვეკუა,,,adg_2021_candidates_unified.xlsx
local_2021,__main__,council_smd,unm,„ერთიანი ნაციონალური მოძრაობა”,,8,ზუგდიდი,,5,მერაბი,ჭაჭუა,მერაბი ჭაჭუა,,,adg_2021_candidates_unified.xlsx
local_2021,__main__,council_smd,unm,„ერთიანი ნაციონალური მოძრაობა”,,9,ზუგდიდი,,5,დავით,ფიფია,დავით ფიფია,,,adg_2021_candidates_unified.xlsx
local_2021,__main__,council_smd,unm,„ერთიანი ნაციონალური მოძრაობა”,,15,ზუგდიდი,,5,ლაშა,ბეჭვაია,ლაშა ბეჭვაია,,,adg_2021_candidates_unified.xlsx
local_2021,__main__,council_smd,unm,„ერთიანი ნაციონალური მოძრაობა”,,13,ზუგდიდი,,5,ბესიკი,გაბუნია,ბესიკი გაბუნია,,,adg_2021_candidates_unified.xlsx
local_2021,__main__,council_smd,unm,„ერთიანი ნაციონალური მოძრაობა”,,14,ზუგდიდი,,5,მაია,კალანდია,მაია კალანდია,,,adg_2021_candidates_unified.xlsx
local_2021,__main__,council_smd,unm,„ერთიანი ნაციონალური მოძრაობა”,,10,ზუგდიდი,,5,ბესიკი,ჭეჟია,ბესიკი ჭეჟია,,,adg_2021_candidates_unified.xlsx
local_2021,__main__,council_smd,unm,„ერთიანი ნაციონალური მოძრაობა”,,11,ზუგდიდი,,5,მანუჩარი,ფიფია,მანუჩარი ფიფია,,,adg_2021_candidates_unified.xlsx
local_2021,__main__,council_smd,unm,„ერთიანი ნაციონალური მოძრაობა”,,12,ზუგდიდი,,5,გიორგი,სორდია,გიორგი სორდია,,,adg_2021_candidates_unified.xlsx
local_2021,__main__,council_smd,unm,„ერთიანი ნაციონალური მოძრაობა”,,2,ზუგდიდი,,5,თემურ,ღურწკაია,თემურ ღურწკაია,,,adg_2021_candidates_unified.xlsx
local_2021,__main__,council_smd,unm,„ერთიანი ნაციონალური მოძრაობა”,,3,ზუგდიდი,,5,ირაკლი,სორდია,ირაკლი სორდია,,,adg_2021_candidates_unified.xlsx
local_2021,__main__,council_smd,unm,„ერთიანი ნაციონალური მოძრაობა”,,4,ზუგდიდი,,5,ზვიად,ჯღარკავა,ზვიად ჯღარკავა,,,adg_2021_candidates_unified.xlsx
local_2021,__main__,council_smd,unm,„ერთიანი ნაციონალური მოძრაობა”,,5,ზუგდიდი,,5,დავით,გრიგოლაია,დავით გრიგოლაია,,,adg_2021_candidates_unified.xlsx
local_2021,__main__,council_smd,patriots,"„დავით თარხან-მოურავი, ირმა ინაშვილი - საქართველოს პატრიოტთა ალიანსი”",,2,ზუგდიდი,,8,იზოლდა,ხასია,იზოლდა ხასია,,,adg_2021_candidates_unified.xlsx
local_2021,__main__,council_smd,patriots,"„დავით თარხან-მოურავი, ირმა ინაშვილი - საქართველოს პატრიოტთა ალიანსი”",,1,ზუგდიდი,,8,რამაზ,ჩაჩიბაია,რამაზ ჩაჩიბაია,,,adg_2021_candidates_unified.xlsx
local_2021,__main__,council_smd,lelo,„ლელო”,,4,ზუგდიდი,,9,სოფიო,შამუგია,სოფიო შამუგია,,,adg_2021_candidates_unified.xlsx
local_2021,__main__,council_smd,lelo,„ლელო”,,2,ზუგდიდი,,9,თენგიზ,ქოჩუა,თენგიზ ქოჩუა,,,adg_2021_candidates_unified.xlsx
local_2021,__main__,council_smd,gakharia,გახარია - საქართველოსთვის,,10,ზუგდიდი,,25,ნიკოლოზი,ჭეჟია,ნიკოლოზი ჭეჟია,,,adg_2021_candidates_unified.xlsx
local_2021,__main__,council_smd,gakharia,გახარია - საქართველოსთვის,,5,ზუგდიდი,,25,მაია,თოდუა,მაია თოდუა,,,adg_2021_candidates_unified.xlsx
local_2021,__main__,council_smd,gakharia,გახარია - საქართველოსთვის,,4,ზუგდიდი,,25,თამთა,დაგარგულია,თამთა დაგარგულია,,,adg_2021_candidates_unified.xlsx
local_2021,__main__,council_smd,gakharia,გახარია - საქართველოსთვის,,13,ზუგდიდი,,25,გიორგი,მორგოშია,გიორგი მორგოშია,,,adg_2021_candidates_unified.xlsx
local_2021,__main__,council_smd,gakharia,გახარია - საქართველოსთვის,,3,ზუგდიდი,,25,ირაკლი,ჩიქავა,ირაკლი ჩიქავა,,,adg_2021_candidates_unified.xlsx
local_2021,__main__,council_smd,gakharia,გახარია - საქართველოსთვის,,15,ზუგდიდი,,25,ნანი,ღვამბერია,ნანი ღვამბერია,,,adg_2021_candidates_unified.xlsx
local_2021,__main__,council_smd,gakharia,გახარია - საქართველოსთვის,,2,ზუგდიდი,,25,დავით,გახარია,დავით გახარია,,,adg_2021_candidates_unified.xlsx
local_2021,__main__,council_smd,gakharia,გახარია - საქართველოსთვის,,9,ზუგდიდი,,25,ირაკლი,ზარანდია,ირაკლი ზარანდია,,,adg_2021_candidates_unified.xlsx
local_2021,__main__,council_smd,gakharia,გახარია - საქართველოსთვის,,1,ზუგდიდი,,25,გოჩა,კოკაია,გოჩა კოკაია,,,adg_2021_candidates_unified.xlsx
local_2021,__main__,council_smd,gakharia,გახარია - საქართველოსთვის,,11,ზუგდიდი,,25,ნიკა,გაბედავა,ნიკა გაბედავა,,,adg_2021_candidates_unified.xlsx
local_2021,__main__,council_smd,gakharia,გახარია - საქართველოსთვის,,6,ზუგდიდი,,25,დათო,აბულაძე,დათო აბულაძე,,,adg_2021_candidates_unified.xlsx
local_2021,__main__,council_smd,gakharia,გახარია - საქართველოსთვის,,14,ზუგდიდი,,25,დავითი,ხაბურზანია,დავითი ხაბურზანია,,,adg_2021_candidates_unified.xlsx
local_2021,__main__,council_smd,gakharia,გახარია - საქართველოსთვის,,12,ზუგდიდი,,25,გიორგი,ნარმანია,გიორგი ნარმანია,,,adg_2021_candidates_unified.xlsx
local_2021,__main__,council_smd,gakharia,გახარია - საქართველოსთვის,,7,ზუგდიდი,,25,მურადი,შეროზია,მურადი შეროზია,,,adg_2021_candidates_unified.xlsx
local_2021,__main__,council_smd,gakharia,გახარია - საქართველოსთვის,,8,ზუგდიდი,,25,გურანდა,ღურწკაია,გურანდა ღურწკაია,,,adg_2021_candidates_unified.xlsx
local_2021,__main__,council_smd,gd,ქართული ოცნება - დემოკრატიული საქართველო,,9,ზუგდიდი,,41,ჯონი,ჯიქია,ჯონი ჯიქია,,,adg_2021_candidates_unified.xlsx
local_2021,__main__,council_smd,gd,ქართული ოცნება - დემოკრატიული საქართველო,,10,ზუგდიდი,,41,გიორგი,ქვარაია,გიორგი ქვარაია,,,adg_2021_candidates_unified.xlsx
local_2021,__main__,council_smd,gd,ქართული ოცნება - დემოკრატიული საქართველო,,15,ზუგდიდი,,41,მამუკა,თოლორაია,მამუკა თოლორაია,,,adg_2021_candidates_unified.xlsx
local_2021,__main__,council_smd,gd,ქართული ოცნება - დემოკრატიული საქართველო,,14,ზუგდიდი,,41,ზაზა,ანდრიაძე,ზაზა ანდრიაძე,,,adg_2021_candidates_unified.xlsx
local_2021,__main__,council_smd,gd,ქართული ოცნება - დემოკრატიული საქართველო,,13,ზუგდიდი,,41,ამირან,ჩხოლარია,ამირან ჩხოლარია,,,adg_2021_candidates_unified.xlsx
local_2021,__main__,council_smd,gd,ქართული ოცნება - დემოკრატიული საქართველო,,11,ზუგდიდი,,41,სოსო,გოგოხია,სოსო გოგოხია,,,adg_2021_candidates_unified.xlsx
local_2021,__main__,council_smd,gd,ქართული ოცნება - დემოკრატიული საქართველო,,12,ზუგდიდი,,41,ოთარ,გუგუჩია,ოთარ გუგუჩია,,,adg_2021_candidates_unified.xlsx
local_2021,__main__,council_smd,gd,ქართული ოცნება - დემოკრატიული საქართველო,,1,ზუგდიდი,,41,თაზო,ფაცაცია,თაზო ფაცაცია,,,adg_2021_candidates_unified.xlsx
local_2021,__main__,council_smd,gd,ქართული ოცნება - დემოკრატიული საქართველო,,2,ზუგდიდი,,41,მამუკა,ყურაშვილი,მამუკა ყურაშვილი,,,adg_2021_candidates_unified.xlsx
local_2021,__main__,council_smd,gd,ქართული ოცნება - დემოკრატიული საქართველო,,3,ზუგდიდი,,41,თამარი,სოსელია,თამარი სოსელია,,,adg_2021_candidates_unified.xlsx
local_2021,__main__,council_smd,gd,ქართული ოცნება - დემოკრატიული საქართველო,,5,ზუგდიდი,,41,ედიტა,კოდუა,ედიტა კოდუა,,,adg_2021_candidates_unified.xlsx
local_2021,__main__,council_smd,gd,ქართული ოცნება - დემოკრატიული საქართველო,,4,ზუგდიდი,,41,ირაკლი,ჯანაშია,ირაკლი ჯანაშია,,,adg_2021_candidates_unified.xlsx
local_2021,__main__,council_smd,gd,ქართული ოცნება - დემოკრატიული საქართველო,,7,ზუგდიდი,,41,გიორგი,ფიფია,გიორგი ფიფია,,,adg_2021_candidates_unified.xlsx
local_2021,__main__,council_smd,gd,ქართული ოცნება - დემოკრატიული საქართველო,,6,ზუგდიდი,,41,ქეთევან,ესართია,ქეთევან ესართია,,,adg_2021_candidates_unified.xlsx
local_2021,__main__,council_smd,gd,ქართული ოცნება - დემოკრატიული საქართველო,,8,ზუგდიდი,,41,გოგი,თოდუა,გოგი თოდუა,,,adg_2021_candidates_unified.xlsx
local_2021,__main__,council_smd,european_georgia,„ევროპული საქართველო-მოძრაობა თავისუფლებისთვის”,,3,წალენჯიხა,,2,თამაზ,ბერიშვილი,თამაზ ბერიშვილი,,,adg_2021_candidates_unified.xlsx
local_2021,__main__,council_smd,european_georgia,„ევროპული საქართველო-მოძრაობა თავისუფლებისთვის”,,1,წალენჯიხა,,2,ანზორ,არახამია,ანზორ არახამია,,,adg_2021_candidates_unified.xlsx
local_2021,__main__,council_smd,european_georgia,„ევროპული საქართველო-მოძრაობა თავისუფლებისთვის”,,4,წალენჯიხა,,2,კორნელი,მიქავა,კორნელი მიქავა,,,adg_2021_candidates_unified.xlsx
local_2021,__main__,council_smd,european_georgia,„ევროპული საქართველო-მოძრაობა თავისუფლებისთვის”,,5,წალენჯიხა,,2,მარიამ,შეროზია,მარიამ შეროზია,,,adg_2021_candidates_unified.xlsx
local_2021,__main__,council_smd,european_georgia,„ევროპული საქართველო-მოძრაობა თავისუფლებისთვის”,,9,წალენჯიხა,,2,ვაჟა,ფიფია,ვაჟა ფიფია,,,adg_2021_candidates_unified.xlsx
local_2021,__main__,council_smd,unm,„ერთიანი ნაციონალური მოძრაობა”,,5,წალენჯიხა,,5,ბელა,კვირკვია,ბელა კვირკვია,,,adg_2021_candidates_unified.xlsx
local_2021,__main__,council_smd,unm,„ერთიანი ნაციონალური მოძრაობა”,,6,წალენჯიხა,,5,რომან,კვარაცხელია,რომან კვარაცხელია,,,adg_2021_candidates_unified.xlsx
local_2021,__main__,council_smd,unm,„ერთიანი ნაციონალური მოძრაობა”,,3,წალენჯიხა,,5,ეკა,სამუშია,ეკა სამუშია,,,adg_2021_candidates_unified.xlsx
local_2021,__main__,council_smd,unm,„ერთიანი ნაციონალური მოძრაობა”,,2,წალენჯიხა,,5,ბაჩანა,ქანთარია,ბაჩანა ქანთარია,,,adg_2021_candidates_unified.xlsx
local_2021,__main__,council_smd,unm,„ერთიანი ნაციონალური მოძრაობა”,,4,წალენჯიხა,,5,მამუკა,მიქავა,მამუკა მიქავა,,,adg_2021_candidates_unified.xlsx
local_2021,__main__,council_smd,unm,„ერთიანი ნაციონალური მოძრაობა”,,8,წალენჯიხა,,5,კახაბერ,გოგოხია,კახაბერ გოგოხია,,,adg_2021_candidates_unified.xlsx
local_2021,__main__,council_smd,unm,„ერთიანი ნაციონალური მოძრაობა”,,9,წალენჯიხა,,5,დათო,მესხია,დათო მესხია,,,adg_2021_candidates_unified.xlsx
local_2021,__main__,council_smd,unm,„ერთიანი ნაციონალური მოძრაობა”,,1,წალენჯიხა,,5,გიორგი,ჯინჯოლავა,გიორგი ჯინჯოლავა,,,adg_2021_candidates_unified.xlsx
local_2021,__main__,council_smd,patriots,"„დავით თარხან-მოურავი, ირმა ინაშვილი - საქართველოს პატრიოტთა ალიანსი”",,6,წალენჯიხა,,8,ბესიკ,ჯოლოხავა,ბესიკ ჯოლოხავა,,,adg_2021_candidates_unified.xlsx
local_2021,__main__,council_smd,lelo,„ლელო”,,8,წალენჯიხა,,9,გოგი,გოგოხია,გოგი გოგოხია,,,adg_2021_candidates_unified.xlsx
local_2021,__main__,council_smd,lelo,„ლელო”,,4,წალენჯიხა,,9,ლევან,ბელქანია,ლევან ბელქანია,,,adg_2021_candidates_unified.xlsx
local_2021,__main__,council_smd,lelo,„ლელო”,,1,წალენჯიხა,,9,გიორგი,დარსალია,გიორგი დარსალია,,,adg_2021_candidates_unified.xlsx
local_2021,__main__,council_smd,gakharia,გახარია - საქართველოსთვის,,1,წალენჯიხა,,25,გელა,აბულაძე,გელა აბულაძე,,,adg_2021_candidates_unified.xlsx
local_2021,__main__,council_smd,gakharia,გახარია - საქართველოსთვის,,2,წალენჯიხა,,25,კობა,მითაგვარია,კობა მითაგვარია,,,adg_2021_candidates_unified.xlsx
local_2021,__main__,council_smd,gakharia,გახარია - საქართველოსთვის,,3,წალენჯიხა,,25,სოსო,ფიფია,სოსო ფიფია,,,adg_2021_candidates_unified.xlsx
local_2021,__main__,council_smd,gakharia,გახარია - საქართველოსთვის,,4,წალენჯიხა,,25,გიორგი,კვარაცხელია,გიორგი კვარაცხელია,,,adg_2021_candidates_unified.xlsx
local_2021,__main__,council_smd,gakharia,გახარია - საქართველოსთვის,,5,წალენჯიხა,,25,ფელიქსი,არდია,ფელიქსი არდია,,,adg_2021_candidates_unified.xlsx
local_2021,__main__,council_smd,gakharia,გახარია - საქართველოსთვის,,6,წალენჯიხა,,25,გოჩა,კვარაცხელია,გოჩა კვარაცხელია,,,adg_2021_candidates_unified.xlsx
local_2021,__main__,council_smd,gakharia,გახარია - საქართველოსთვის,,8,წალენჯიხა,,25,მარიამ,ჭურღულია,მარიამ ჭურღულია,,,adg_2021_candidates_unified.xlsx
local_2021,__main__,council_smd,gakharia,გახარია - საქართველოსთვის,,9,წალენჯიხა,,25,ჯანიერი,ფიფია,ჯანიერი ფიფია,,,adg_2021_candidates_unified.xlsx
local_2021,__main__,council_smd,gd,ქართული ოცნება - დემოკრატიული საქართველო,,2,წალენჯიხა,,41,გოჩა,ლიპარტია,გოჩა ლიპარტია,,,adg_2021_candidates_unified.xlsx
local_2021,__main__,council_smd,gd,ქართული ოცნება - დემოკრატიული საქართველო,,3,წალენჯიხა,,41,ბესიკ,ფარცვანია,ბესიკ ფარცვანია,,,adg_2021_candidates_unified.xlsx
local_2021,__main__,council_smd,gd,ქართული ოცნება - დემოკრატიული საქართველო,,1,წალენჯიხა,,41,ვალერიანე,კვარაცხელია,ვალერიანე კვარაცხელია,,,adg_2021_candidates_unified.xlsx
local_2021,__main__,council_smd,gd,ქართული ოცნება - დემოკრატიული საქართველო,,9,წალენჯიხა,,41,ბაკურ,სონგულია,ბაკურ სონგულია,,,adg_2021_candidates_unified.xlsx
local_2021,__main__,council_smd,gd,ქართული ოცნება - დემოკრატიული საქართველო,,8,წალენჯიხა,,41,დათა,კუკავა,დათა კუკავა,,,adg_2021_candidates_unified.xlsx
local_2021,__main__,council_smd,gd,ქართული ოცნება - დემოკრატიული საქართველო,,4,წალენჯიხა,,41,ლირა,ღურწკაია,ლირა ღურწკაია,,,adg_2021_candidates_unified.xlsx
local_2021,__main__,council_smd,gd,ქართული ოცნება - დემოკრატიული საქართველო,,6,წალენჯიხა,,41,ვლადიმერი,კვარაცხელია,ვლადიმერი კვარაცხელია,,,adg_2021_candidates_unified.xlsx
local_2021,__main__,council_smd,gd,ქართული ოცნება - დემოკრატიული საქართველო,,5,წალენჯიხა,,41,ნანა,კეკუა,ნანა კეკუა,,,adg_2021_candidates_unified.xlsx
local_2021,__main__,council_smd,gd,ქართული ოცნება - დემოკრატიული საქართველო,,7,წალენჯიხა,,41,ზაზა,უბილავა,ზაზა უბილავა,,,adg_2021_candidates_unified.xlsx
local_2021,__main__,council_smd,third_force,„მესამე ძალა-სტრატეგია აღმაშენებელი”,,1,ჩხოროწყუ,,1,გრიგოლ,სორდია,გრიგოლ სორდია,,,adg_2021_candidates_unified.xlsx
local_2021,__main__,council_smd,third_force,„მესამე ძალა-სტრატეგია აღმაშენებელი”,,2,ჩხოროწყუ,,1,რაინდ,სიჭინავა,რაინდ სიჭინავა,,,adg_2021_candidates_unified.xlsx
local_2021,__main__,council_smd,third_force,„მესამე ძალა-სტრატეგია აღმაშენებელი”,,6,ჩხოროწყუ,,1,ელენე,შენგელია,ელენე შენგელია,,,adg_2021_candidates_unified.xlsx
local_2021,__main__,council_smd,third_force,„მესამე ძალა-სტრატეგია აღმაშენებელი”,,5,ჩხოროწყუ,,1,გიგლა,ესართია,გიგლა ესართია,,,adg_2021_candidates_unified.xlsx
local_2021,__main__,council_smd,unm,„ერთიანი ნაციონალური მოძრაობა”,,5,ჩხოროწყუ,,5,გოგიტა,ჯიქია,გოგიტა ჯიქია,,,adg_2021_candidates_unified.xlsx
local_2021,__main__,council_smd,unm,„ერთიანი ნაციონალური მოძრაობა”,,4,ჩხოროწყუ,,5,გიორგი,ქობალია,გიორგი ქობალია,,,adg_2021_candidates_unified.xlsx
local_2021,__main__,council_smd,unm,„ერთიანი ნაციონალური მოძრაობა”,,6,ჩხოროწყუ,,5,ზურაბ,გაბისონია,ზურაბ გაბისონია,,,adg_2021_candidates_unified.xlsx
local_2021,__main__,council_smd,unm,„ერთიანი ნაციონალური მოძრაობა”,,2,ჩხოროწყუ,,5,ვარლამ,სიჭინავა,ვარლამ სიჭინავა,,,adg_2021_candidates_unified.xlsx
local_2021,__main__,council_smd,unm,„ერთიანი ნაციონალური მოძრაობა”,,1,ჩხოროწყუ,,5,რამაზი,გულუა,რამაზი გულუა,,,adg_2021_candidates_unified.xlsx
local_2021,__main__,council_smd,unm,„ერთიანი ნაციონალური მოძრაობა”,,3,ჩხოროწყუ,,5,გოგი,პერტახია,გოგი პერტახია,,,adg_2021_candidates_unified.xlsx
local_2021,__main__,council_smd,unm,„ერთიანი ნაციონალური მოძრაობა”,,8,ჩხოროწყუ,,5,მარინე,დარსალია,მარინე დარსალია,,,adg_2021_candidates_unified.xlsx
local_2021,__main__,council_smd,unm,„ერთიანი ნაციონალური მოძრაობა”,,9,ჩხოროწყუ,,5,გიორგი,თოდუა,გიორგი თოდუა,,,adg_2021_candidates_unified.xlsx
local_2021,__main__,council_smd,unm,„ერთიანი ნაციონალური მოძრაობა”,,7,ჩხოროწყუ,,5,რამაზ,თოლორდავა,რამაზ თოლორდავა,,,adg_2021_candidates_unified.xlsx
local_2021,__main__,council_smd,lelo,„ლელო”,,3,ჩხოროწყუ,,9,დევი,გახარია,დევი გახარია,,,adg_2021_candidates_unified.xlsx
local_2021,__main__,council_smd,lelo,„ლელო”,,4,ჩხოროწყუ,,9,მანუჩარ,ახალაია,მანუჩარ ახალაია,,,adg_2021_candidates_unified.xlsx
local_2021,__main__,council_smd,lelo,„ლელო”,,2,ჩხოროწყუ,,9,ბაკურ,ხორავა,ბაკურ ხორავა,,,adg_2021_candidates_unified.xlsx
local_2021,__main__,council_smd,lelo,„ლელო”,,1,ჩხოროწყუ,,9,დემნა,ყალიჩავა,დემნა ყალიჩავა,,,adg_2021_candidates_unified.xlsx
local_2021,__main__,council_smd,gakharia,გახარია - საქართველოსთვის,,1,ჩხოროწყუ,,25,თენგიზ,ზედანია,თენგიზ ზედანია,,,adg_2021_candidates_unified.xlsx
local_2021,__main__,council_smd,gakharia,გახარია - საქართველოსთვის,,7,ჩხოროწყუ,,25,აჩიკო,ცირამუა,აჩიკო ცირამუა,,,adg_2021_candidates_unified.xlsx
local_2021,__main__,council_smd,gakharia,გახარია - საქართველოსთვის,,6,ჩხოროწყუ,,25,ტარიელ,შენგელია,ტარიელ შენგელია,,,adg_2021_candidates_unified.xlsx
local_2021,__main__,council_smd,gakharia,გახარია - საქართველოსთვის,,4,ჩხოროწყუ,,25,გიორგი,ვეკუა,გიორგი ვეკუა,,,adg_2021_candidates_unified.xlsx
local_2021,__main__,council_smd,gakharia,გახარია - საქართველოსთვის,,5,ჩხოროწყუ,,25,შოთა,წურწუმია,შოთა წურწუმია,,,adg_2021_candidates_unified.xlsx
local_2021,__main__,council_smd,gakharia,გახარია - საქართველოსთვის,,2,ჩხოროწყუ,,25,კახაბერი,ჭანტურია,კახაბერი ჭანტურია,,,adg_2021_candidates_unified.xlsx
local_2021,__main__,council_smd,gakharia,გახარია - საქართველოსთვის,,9,ჩხოროწყუ,,25,მაია,ქობალია,მაია ქობალია,,,adg_2021_candidates_unified.xlsx
local_2021,__main__,council_smd,gakharia,გახარია - საქართველოსთვის,,8,ჩხოროწყუ,,25,გურგენ,ბერია,გურგენ ბერია,,,adg_2021_candidates_unified.xlsx
local_2021,__main__,council_smd,gakharia,გახარია - საქართველოსთვის,,3,ჩხოროწყუ,,25,ირაკლი,კარტოზია,ირაკლი კარტოზია,,,adg_2021_candidates_unified.xlsx
local_2021,__main__,council_smd,freedom_gamsakhurdia,თავისუფლება-ზვიად გამსახურდიას გზა,,1,ჩხოროწყუ,,39,ლევან,მამფორია,ლევან მამფორია,,,adg_2021_candidates_unified.xlsx
local_2021,__main__,council_smd,gd,ქართული ოცნება - დემოკრატიული საქართველო,,1,ჩხოროწყუ,,41,ჯანო,პერტაია,ჯანო პერტაია,,,adg_2021_candidates_unified.xlsx
local_2021,__main__,council_smd,gd,ქართული ოცნება - დემოკრატიული საქართველო,,2,ჩხოროწყუ,,41,მამუკა,ფიჩხაია,მამუკა ფიჩხაია,,,adg_2021_candidates_unified.xlsx
local_2021,__main__,council_smd,gd,ქართული ოცნება - დემოკრატიული საქართველო,,3,ჩხოროწყუ,,41,ზურაბ,ჯიქია,ზურაბ ჯიქია,,,adg_2021_candidates_unified.xlsx
local_2021,__main__,council_smd,gd,ქართული ოცნება - დემოკრატიული საქართველო,,4,ჩხოროწყუ,,41,დიმიტრი,ყალიჩავა,დიმიტრი ყალიჩავა,,,adg_2021_candidates_unified.xlsx
local_2021,__main__,council_smd,gd,ქართული ოცნება - დემოკრატიული საქართველო,,5,ჩხოროწყუ,,41,დათო,კვირტია,დათო კვირტია,,,adg_2021_candidates_unified.xlsx
local_2021,__main__,council_smd,gd,ქართული ოცნება - დემოკრატიული საქართველო,,6,ჩხოროწყუ,,41,ნუგზარ,ჯალაღონია,ნუგზარ ჯალაღონია,,,adg_2021_candidates_unified.xlsx
local_2021,__main__,council_smd,gd,ქართული ოცნება - დემოკრატიული საქართველო,,7,ჩხოროწყუ,,41,გოგა,თოლორდავა,გოგა თოლორდავა,,,adg_2021_candidates_unified.xlsx
local_2021,__main__,council_smd,gd,ქართული ოცნება - დემოკრატიული საქართველო,,8,ჩხოროწყუ,,41,დაზმირ,დარსალია,დაზმირ დარსალია,,,adg_2021_candidates_unified.xlsx
local_2021,__main__,council_smd,gd,ქართული ოცნება - დემოკრატიული საქართველო,,9,ჩხოროწყუ,,41,ოქრო,შენგელია,ოქრო შენგელია,,,adg_2021_candidates_unified.xlsx
local_2021,__main__,council_smd,third_force,„მესამე ძალა-სტრატეგია აღმაშენებელი”,,2,ფოთი,,1,ანა,ჭითანავა,ანა ჭითანავა,,,adg_2021_candidates_unified.xlsx
local_2021,__main__,council_smd,third_force,„მესამე ძალა-სტრატეგია აღმაშენებელი”,,6,ფოთი,,1,ლიკა,რუხაძე,ლიკა რუხაძე,,,adg_2021_candidates_unified.xlsx
local_2021,__main__,council_smd,european_georgia,„ევროპული საქართველო-მოძრაობა თავისუფლებისთვის”,,4,ფოთი,,2,გიორგი,შამუგია,გიორგი შამუგია,,,adg_2021_candidates_unified.xlsx
local_2021,__main__,council_smd,european_georgia,„ევროპული საქართველო-მოძრაობა თავისუფლებისთვის”,,6,ფოთი,,2,ირაკლი,დუნდუა,ირაკლი დუნდუა,,,adg_2021_candidates_unified.xlsx
local_2021,__main__,council_smd,unm,„ერთიანი ნაციონალური მოძრაობა”,,3,ფოთი,,5,დავით,ბაბილუა,დავით ბაბილუა,,,adg_2021_candidates_unified.xlsx
local_2021,__main__,council_smd,unm,„ერთიანი ნაციონალური მოძრაობა”,,5,ფოთი,,5,ლაშა,რუხაია,ლაშა რუხაია,,,adg_2021_candidates_unified.xlsx
local_2021,__main__,council_smd,unm,„ერთიანი ნაციონალური მოძრაობა”,,1,ფოთი,,5,ჟანა,ჩაჩავა,ჟანა ჩაჩავა,,,adg_2021_candidates_unified.xlsx
local_2021,__main__,council_smd,lelo,„ლელო”,,4,ფოთი,,9,ლალი,სამუშია,ლალი სამუშია,,,adg_2021_candidates_unified.xlsx
local_2021,__main__,council_smd,lelo,„ლელო”,,6,ფოთი,,9,მიხეილი,გოგოხია,მიხეილი გოგოხია,,,adg_2021_candidates_unified.xlsx
local_2021,__main__,council_smd,lelo,„ლელო”,,7,ფოთი,,9,მაია,ჩხარტიშვილი,მაია ჩხარტიშვილი,,,adg_2021_candidates_unified.xlsx
local_2021,__main__,council_smd,lelo,„ლელო”,,3,ფოთი,,9,ლაშა,სამუშია,ლაშა სამუშია,,,adg_2021_candidates_unified.xlsx
local_2021,__main__,council_smd,reformer,„რეფორმერი”,,7,ფოთი,,17,თეიმურაზ,შურღაია,თეიმურაზ შურღაია,,,adg_2021_candidates_unified.xlsx
local_2021,__main__,council_smd,reformer,„რეფორმერი”,,3,ფოთი,,17,მარიამ,ჯოლოგუა,მარიამ ჯოლოგუა,,,adg_2021_candidates_unified.xlsx
local_2021,__main__,council_smd,gakharia,გახარია - საქართველოსთვის,,1,ფოთი,,25,გიგლა,თურქია,გიგლა თურქია,,,adg_2021_candidates_unified.xlsx
local_2021,__main__,council_smd,gakharia,გახარია - საქართველოსთვის,,6,ფოთი,,25,მამუკა,გვასალია,მამუკა გვასალია,,,adg_2021_candidates_unified.xlsx
local_2021,__main__,council_smd,gakharia,გახარია - საქართველოსთვის,,7,ფოთი,,25,ზვიად,მიმინოშვილი,ზვიად მიმინოშვილი,,,adg_2021_candidates_unified.xlsx
local_2021,__main__,council_smd,gakharia,გახარია - საქართველოსთვის,,2,ფოთი,,25,თამთა,ქევხიშვილი,თამთა ქევხიშვილი,,,adg_2021_candidates_unified.xlsx
local_2021,__main__,council_smd,gakharia,გახარია - საქართველოსთვის,,4,ფოთი,,25,გიორგი,აბშილავა,გიორგი აბშილავა,,,adg_2021_candidates_unified.xlsx
local_2021,__main__,council_smd,gakharia,გახარია - საქართველოსთვის,,5,ფოთი,,25,იური,შონია,იური შონია,,,adg_2021_candidates_unified.xlsx
local_2021,__main__,council_smd,gakharia,გახარია - საქართველოსთვის,,3,ფოთი,,25,იური,გუნია,იური გუნია,,,adg_2021_candidates_unified.xlsx
local_2021,__main__,council_smd,gd,ქართული ოცნება - დემოკრატიული საქართველო,,3,ფოთი,,41,სანდრო,ქუშაშვილი,სანდრო ქუშაშვილი,,,adg_2021_candidates_unified.xlsx
local_2021,__main__,council_smd,gd,ქართული ოცნება - დემოკრატიული საქართველო,,2,ფოთი,,41,უჩა,დოლიძე,უჩა დოლიძე,,,adg_2021_candidates_unified.xlsx
local_2021,__main__,council_smd,gd,ქართული ოცნება - დემოკრატიული საქართველო,,1,ფოთი,,41,თორნიკე,კირთაძე,თორნიკე კირთაძე,,,adg_2021_candidates_unified.xlsx
local_2021,__main__,council_smd,gd,ქართული ოცნება - დემოკრატიული საქართველო,,6,ფოთი,,41,მალხაზი,ფოჩხუა,მალხაზი ფოჩხუა,,,adg_2021_candidates_unified.xlsx
local_2021,__main__,council_smd,gd,ქართული ოცნება - დემოკრატიული საქართველო,,7,ფოთი,,41,ოლეგი,ნაჭყებია,ოლეგი ნაჭყებია,,,adg_2021_candidates_unified.xlsx
local_2021,__main__,council_smd,gd,ქართული ოცნება - დემოკრატიული საქართველო,,5,ფოთი,,41,სამსონი,კუტალია,სამსონი კუტალია,,,adg_2021_candidates_unified.xlsx
local_2021,__main__,council_smd,gd,ქართული ოცნება - დემოკრატიული საქართველო,,4,ფოთი,,41,ნიკოლოზ,იზორია,ნიკოლოზ იზორია,,,adg_2021_candidates_unified.xlsx
local_2021,__main__,council_smd,girchi_more_freedom,„ზურაბ გირჩი ჯაფარიძე: გირჩი - მეტი თავისუფლება”,,7,ფოთი,,45,ლევანი,ბერიძე,ლევანი ბერიძე,,,adg_2021_candidates_unified.xlsx
local_2021,__main__,council_smd,third_force,„მესამე ძალა-სტრატეგია აღმაშენებელი”,,5,ბათუმი,,1,ბექა,დიასამიძე,ბექა დიასამიძე,,,adg_2021_candidates_unified.xlsx
local_2021,__main__,council_smd,european_georgia,„ევროპული საქართველო-მოძრაობა თავისუფლებისთვის”,,6,ბათუმი,,2,ვახტანგ,კალოიანი,ვახტანგ კალოიანი,,,adg_2021_candidates_unified.xlsx
local_2021,__main__,council_smd,unm,„ერთიანი ნაციონალური მოძრაობა”,,1,ბათუმი,,5,ნაზი,ფუტკარაძე,ნაზი ფუტკარაძე,,,adg_2021_candidates_unified.xlsx
local_2021,__main__,council_smd,unm,„ერთიანი ნაციონალური მოძრაობა”,,3,ბათუმი,,5,ნოდარ,დუმბაძე,ნოდარ დუმბაძე,,,adg_2021_candidates_unified.xlsx
local_2021,__main__,council_smd,unm,„ერთიანი ნაციონალური მოძრაობა”,,4,ბათუმი,,5,ნუგზარ,ფუტკარაძე,ნუგზარ ფუტკარაძე,,,adg_2021_candidates_unified.xlsx
local_2021,__main__,council_smd,patriots,"„დავით თარხან-მოურავი, ირმა ინაშვილი - საქართველოს პატრიოტთა ალიანსი”",,3,ბათუმი,,8,ალექსანდრე,ჩხარტიშვილი,ალექსანდრე ჩხარტიშვილი,,,adg_2021_candidates_unified.xlsx
local_2021,__main__,council_smd,patriots,"„დავით თარხან-მოურავი, ირმა ინაშვილი - საქართველოს პატრიოტთა ალიანსი”",,5,ბათუმი,,8,ნანი,გორგაძე,ნანი გორგაძე,,,adg_2021_candidates_unified.xlsx
local_2021,__main__,council_smd,patriots,"„დავით თარხან-მოურავი, ირმა ინაშვილი - საქართველოს პატრიოტთა ალიანსი”",,7,ბათუმი,,8,ზაურ,გაბაიძე,ზაურ გაბაიძე,,,adg_2021_candidates_unified.xlsx
local_2021,__main__,council_smd,patriots,"„დავით თარხან-მოურავი, ირმა ინაშვილი - საქართველოს პატრიოტთა ალიანსი”",,2,ბათუმი,,8,ფრიდონი,ბრეგვაძე,ფრიდონი ბრეგვაძე,,,adg_2021_candidates_unified.xlsx
local_2021,__main__,council_smd,patriots,"„დავით თარხან-მოურავი, ირმა ინაშვილი - საქართველოს პატრიოტთა ალიანსი”",,6,ბათუმი,,8,პაატა,ჭყონია,პაატა ჭყონია,,,adg_2021_candidates_unified.xlsx
local_2021,__main__,council_smd,patriots,"„დავით თარხან-მოურავი, ირმა ინაშვილი - საქართველოს პატრიოტთა ალიანსი”",,4,ბათუმი,,8,იაშა,სამნიძე,იაშა სამნიძე,,,adg_2021_candidates_unified.xlsx
local_2021,__main__,council_smd,lelo,„ლელო”,,7,ბათუმი,,9,გენადი,თებიძე,გენადი თებიძე,,,adg_2021_candidates_unified.xlsx
local_2021,__main__,council_smd,gakharia,გახარია - საქართველოსთვის,,1,ბათუმი,,25,ბექა,წუწუნავა,ბექა წუწუნავა,,,adg_2021_candidates_unified.xlsx
local_2021,__main__,council_smd,gakharia,გახარია - საქართველოსთვის,,2,ბათუმი,,25,ლაშა,ქობულია,ლაშა ქობულია,,,adg_2021_candidates_unified.xlsx
local_2021,__main__,council_smd,gakharia,გახარია - საქართველოსთვის,,3,ბათუმი,,25,ნაზი,აბაშიძე,ნაზი აბაშიძე,,,adg_2021_candidates_unified.xlsx
local_2021,__main__,council_smd,gakharia,გახარია - საქართველოსთვის,,4,ბათუმი,,25,მინდია,დევაძე,მინდია დევაძე,,,adg_2021_candidates_unified.xlsx
local_2021,__main__,council_smd,gakharia,გახარია - საქართველოსთვის,,5,ბათუმი,,25,ჯემალ,ანანიძე,ჯემალ ანანიძე,,,adg_2021_candidates_unified.xlsx
local_2021,__main__,council_smd,gakharia,გახარია - საქართველოსთვის,,6,ბათუმი,,25,დავით,თავართქილაძე,დავით თავართქილაძე,,,adg_2021_candidates_unified.xlsx
local_2021,__main__,council_smd,gakharia,გახარია - საქართველოსთვის,,7,ბათუმი,,25,თამილა,ფაღავა,თამილა ფაღავა,,,adg_2021_candidates_unified.xlsx
local_2021,__main__,council_smd,droa,„ელენე ხოშტარია - დროა”,,2,ბათუმი,,32,დიმიტრი,დარჩია,დიმიტრი დარჩია,,,adg_2021_candidates_unified.xlsx
local_2021,__main__,council_smd,girchi,„გირჩი”,,6,ბათუმი,,36,ლევან,ბაკურიძე,ლევან ბაკურიძე,,,adg_2021_candidates_unified.xlsx
local_2021,__main__,council_smd,free_georgia,"„თავისუფალი საქართველო (ზაზა ხატიაშვილი, კახა კუკავა, გრიგოლ ჯოჯუა)”",,5,ბათუმი,,37,სულიკო,მიქელაძე,სულიკო მიქელაძე,,,adg_2021_candidates_unified.xlsx
local_2021,__main__,council_smd,free_georgia,"„თავისუფალი საქართველო (ზაზა ხატიაშვილი, კახა კუკავა, გრიგოლ ჯოჯუა)”",,1,ბათუმი,,37,ალექსანდრე,ტაკიძე,ალექსანდრე ტაკიძე,,,adg_2021_candidates_unified.xlsx
local_2021,__main__,council_smd,face_plus,„სახე+”,,1,ბათუმი,,40,ინგა,ბაგრატიონი,ინგა ბაგრატიონი,,,adg_2021_candidates_unified.xlsx
local_2021,__main__,council_smd,face_plus,„სახე+”,,3,ბათუმი,,40,ვახტანგ,ჯანაშვილი,ვახტანგ ჯანაშვილი,,,adg_2021_candidates_unified.xlsx
local_2021,__main__,council_smd,face_plus,„სახე+”,,4,ბათუმი,,40,რამაზ,ათაბაგი,რამაზ ათაბაგი,,,adg_2021_candidates_unified.xlsx
local_2021,__main__,council_smd,face_plus,„სახე+”,,5,ბათუმი,,40,ინეზა,ვარშანიძე,ინეზა ვარშანიძე,,,adg_2021_candidates_unified.xlsx
local_2021,__main__,council_smd,face_plus,„სახე+”,,7,ბათუმი,,40,ბეჟან,დუმბაძე,ბეჟან დუმბაძე,,,adg_2021_candidates_unified.xlsx
local_2021,__main__,council_smd,gd,ქართული ოცნება - დემოკრატიული საქართველო,,5,ბათუმი,,41,ლევან,დოლიძე,ლევან დოლიძე,,,adg_2021_candidates_unified.xlsx
local_2021,__main__,council_smd,gd,ქართული ოცნება - დემოკრატიული საქართველო,,6,ბათუმი,,41,გიორგი,ლომთათიძე,გიორგი ლომთათიძე,,,adg_2021_candidates_unified.xlsx
local_2021,__main__,council_smd,gd,ქართული ოცნება - დემოკრატიული საქართველო,,7,ბათუმი,,41,მინდია,გოგუაძე,მინდია გოგუაძე,,,adg_2021_candidates_unified.xlsx
local_2021,__main__,council_smd,gd,ქართული ოცნება - დემოკრატიული საქართველო,,1,ბათუმი,,41,მამული,ლომაძე,მამული ლომაძე,,,adg_2021_candidates_unified.xlsx
local_2021,__main__,council_smd,gd,ქართული ოცნება - დემოკრატიული საქართველო,,2,ბათუმი,,41,გოჩა,მგელაძე,გოჩა მგელაძე,,,adg_2021_candidates_unified.xlsx
local_2021,__main__,council_smd,gd,ქართული ოცნება - დემოკრატიული საქართველო,,3,ბათუმი,,41,ოთარ,დიასამიძე,ოთარ დიასამიძე,,,adg_2021_candidates_unified.xlsx
local_2021,__main__,council_smd,gd,ქართული ოცნება - დემოკრატიული საქართველო,,4,ბათუმი,,41,მამუკა,კაკაბაძე,მამუკა კაკაბაძე,,,adg_2021_candidates_unified.xlsx
local_2021,__main__,council_smd,third_force,„მესამე ძალა-სტრატეგია აღმაშენებელი”,,1,ქედა,,1,რეზო,ნაკაშიძე,რეზო ნაკაშიძე,,,adg_2021_candidates_unified.xlsx
local_2021,__main__,council_smd,unm,„ერთიანი ნაციონალური მოძრაობა”,,1,ქედა,,5,შორენა,კარანაძე,შორენა კარანაძე,,,adg_2021_candidates_unified.xlsx
local_2021,__main__,council_smd,unm,„ერთიანი ნაციონალური მოძრაობა”,,4,ქედა,,5,ზაურ,ჯაბნიძე,ზაურ ჯაბნიძე,,,adg_2021_candidates_unified.xlsx
local_2021,__main__,council_smd,unm,„ერთიანი ნაციონალური მოძრაობა”,,3,ქედა,,5,როსტომ,დავითაძე,როსტომ დავითაძე,,,adg_2021_candidates_unified.xlsx
local_2021,__main__,council_smd,unm,„ერთიანი ნაციონალური მოძრაობა”,,6,ქედა,,5,ზვიად,ფარტენაძე,ზვიად ფარტენაძე,,,adg_2021_candidates_unified.xlsx
local_2021,__main__,council_smd,unm,„ერთიანი ნაციონალური მოძრაობა”,,2,ქედა,,5,ევგენ,ცინცაძე,ევგენ ცინცაძე,,,adg_2021_candidates_unified.xlsx
local_2021,__main__,council_smd,patriots,"„დავით თარხან-მოურავი, ირმა ინაშვილი - საქართველოს პატრიოტთა ალიანსი”",,2,ქედა,,8,გენადი,არძენაძე,გენადი არძენაძე,,,adg_2021_candidates_unified.xlsx
local_2021,__main__,council_smd,patriots,"„დავით თარხან-მოურავი, ირმა ინაშვილი - საქართველოს პატრიოტთა ალიანსი”",,1,ქედა,,8,ოთარ,თურმანიძე,ოთარ თურმანიძე,,,adg_2021_candidates_unified.xlsx
local_2021,__main__,council_smd,patriots,"„დავით თარხან-მოურავი, ირმა ინაშვილი - საქართველოს პატრიოტთა ალიანსი”",,7,ქედა,,8,საიმე,შოთაძე,საიმე შოთაძე,,,adg_2021_candidates_unified.xlsx
local_2021,__main__,council_smd,patriots,"„დავით თარხან-მოურავი, ირმა ინაშვილი - საქართველოს პატრიოტთა ალიანსი”",,4,ქედა,,8,გელა,თედორაძე,გელა თედორაძე,,,adg_2021_candidates_unified.xlsx
local_2021,__main__,council_smd,lelo,„ლელო”,,5,ქედა,,9,ჯემალ,შარაძე,ჯემალ შარაძე,,,adg_2021_candidates_unified.xlsx
local_2021,__main__,council_smd,lelo,„ლელო”,,7,ქედა,,9,რომან,ბედინაძე,რომან ბედინაძე,,,adg_2021_candidates_unified.xlsx
local_2021,__main__,council_smd,gakharia,გახარია - საქართველოსთვის,,2,ქედა,,25,ლაშა,ზაქარაძე,ლაშა ზაქარაძე,,,adg_2021_candidates_unified.xlsx
local_2021,__main__,council_smd,gakharia,გახარია - საქართველოსთვის,,3,ქედა,,25,ზაზა,ბერიძე,ზაზა ბერიძე,,,adg_2021_candidates_unified.xlsx
local_2021,__main__,council_smd,gakharia,გახარია - საქართველოსთვის,,4,ქედა,,25,ამირან,ბოლქვაძე,ამირან ბოლქვაძე,,,adg_2021_candidates_unified.xlsx
local_2021,__main__,council_smd,gakharia,გახარია - საქართველოსთვის,,5,ქედა,,25,ჯამბულ,თურმანიძე,ჯამბულ თურმანიძე,,,adg_2021_candidates_unified.xlsx
local_2021,__main__,council_smd,gakharia,გახარია - საქართველოსთვის,,6,ქედა,,25,ნუკრი,წითელაძე,ნუკრი წითელაძე,,,adg_2021_candidates_unified.xlsx
local_2021,__main__,council_smd,gakharia,გახარია - საქართველოსთვის,,7,ქედა,,25,მზია,საფარიძე,მზია საფარიძე,,,adg_2021_candidates_unified.xlsx
local_2021,__main__,council_smd,gd,ქართული ოცნება - დემოკრატიული საქართველო,,6,ქედა,,41,ჯიმშერ,სამნიძე,ჯიმშერ სამნიძე,,,adg_2021_candidates_unified.xlsx
local_2021,__main__,council_smd,gd,ქართული ოცნება - დემოკრატიული საქართველო,,7,ქედა,,41,ლევან,ვერძაძე,ლევან ვერძაძე,,,adg_2021_candidates_unified.xlsx
local_2021,__main__,council_smd,gd,ქართული ოცნება - დემოკრატიული საქართველო,,5,ქედა,,41,მამუკა,გოგოლიშვილი,მამუკა გოგოლიშვილი,,,adg_2021_candidates_unified.xlsx
local_2021,__main__,council_smd,gd,ქართული ოცნება - დემოკრატიული საქართველო,,4,ქედა,,41,ამირან,წულუკიძე,ამირან წულუკიძე,,,adg_2021_candidates_unified.xlsx
local_2021,__main__,council_smd,gd,ქართული ოცნება - დემოკრატიული საქართველო,,2,ქედა,,41,ოთარ,ხარაძე,ოთარ ხარაძე,,,adg_2021_candidates_unified.xlsx
local_2021,__main__,council_smd,gd,ქართული ოცნება - დემოკრატიული საქართველო,,1,ქედა,,41,ვაჟა,აბულაძე,ვაჟა აბულაძე,,,adg_2021_candidates_unified.xlsx
local_2021,__main__,council_smd,gd,ქართული ოცნება - დემოკრატიული საქართველო,,3,ქედა,,41,მერაბ,ნაკაშიძე,მერაბ ნაკაშიძე,,,adg_2021_candidates_unified.xlsx
local_2021,__main__,council_smd,,საინიციატივო ჯგუფი,,5,ქედა,,51,თეიმურაზ,კონცელიძე,თეიმურაზ კონცელიძე,,,adg_2021_candidates_unified.xlsx
local_2021,__main__,council_smd,,საინიციატივო ჯგუფი,,2,ქედა,,51,თენგიზ,ბალაძე,თენგიზ ბალაძე,,,adg_2021_candidates_unified.xlsx
local_2021,__main__,council_smd,third_force,„მესამე ძალა-სტრატეგია აღმაშენებელი”,,9,ქობულეთი,,1,დავით,მანელიშვილი,დავით მანელიშვილი,,,adg_2021_candidates_unified.xlsx
local_2021,__main__,council_smd,european_georgia,„ევროპული საქართველო-მოძრაობა თავისუფლებისთვის”,,13,ქობულეთი,,2,გიორგი,ცინარიძე,გიორგი ცინარიძე,,,adg_2021_candidates_unified.xlsx
local_2021,__main__,council_smd,early_elections_coalition,„ვადამდელი არჩევნები - ერთიანი საქართველო - დემოკრატიული მოძრაობა”,,7,ქობულეთი,,3,ლაშა,ხალვაში,ლაშა ხალვაში,,,adg_2021_candidates_unified.xlsx
local_2021,__main__,council_smd,early_elections_coalition,„ვადამდელი არჩევნები - ერთიანი საქართველო - დემოკრატიული მოძრაობა”,,6,ქობულეთი,,3,ხვიჩა,გამარჯობაძე,ხვიჩა გამარჯობაძე,,,adg_2021_candidates_unified.xlsx
local_2021,__main__,council_smd,unm,„ერთიანი ნაციონალური მოძრაობა”,,13,ქობულეთი,,5,დავით,ოქროპირიძე,დავით ოქროპირიძე,,,adg_2021_candidates_unified.xlsx
local_2021,__main__,council_smd,unm,„ერთიანი ნაციონალური მოძრაობა”,,7,ქობულეთი,,5,მამუკა,ცინაძე,მამუკა ცინაძე,,,adg_2021_candidates_unified.xlsx
local_2021,__main__,council_smd,unm,„ერთიანი ნაციონალური მოძრაობა”,,2,ქობულეთი,,5,რამაზ,გოხიძე,რამაზ გოხიძე,,,adg_2021_candidates_unified.xlsx
local_2021,__main__,council_smd,unm,„ერთიანი ნაციონალური მოძრაობა”,,3,ქობულეთი,,5,მერაბ,ცინცაბაძე,მერაბ ცინცაბაძე,,,adg_2021_candidates_unified.xlsx
local_2021,__main__,council_smd,unm,„ერთიანი ნაციონალური მოძრაობა”,,4,ქობულეთი,,5,სოსო,ქიზინიძე,სოსო ქიზინიძე,,,adg_2021_candidates_unified.xlsx
local_2021,__main__,council_smd,unm,„ერთიანი ნაციონალური მოძრაობა”,,5,ქობულეთი,,5,გივი,მგელაძე,გივი მგელაძე,,,adg_2021_candidates_unified.xlsx
local_2021,__main__,council_smd,unm,„ერთიანი ნაციონალური მოძრაობა”,,1,ქობულეთი,,5,მამუკა,ჯაბნიძე,მამუკა ჯაბნიძე,,,adg_2021_candidates_unified.xlsx
local_2021,__main__,council_smd,unm,„ერთიანი ნაციონალური მოძრაობა”,,8,ქობულეთი,,5,გელა,მამინაიშვილი,გელა მამინაიშვილი,,,adg_2021_candidates_unified.xlsx
local_2021,__main__,council_smd,unm,„ერთიანი ნაციონალური მოძრაობა”,,11,ქობულეთი,,5,ზურაბ,კინწურაშვილი,ზურაბ კინწურაშვილი,,,adg_2021_candidates_unified.xlsx
local_2021,__main__,council_smd,unm,„ერთიანი ნაციონალური მოძრაობა”,,12,ქობულეთი,,5,მალხაზ,დიასამიძე,მალხაზ დიასამიძე,,,adg_2021_candidates_unified.xlsx
local_2021,__main__,council_smd,unm,„ერთიანი ნაციონალური მოძრაობა”,,10,ქობულეთი,,5,გია,გეგიძე,გია გეგიძე,,,adg_2021_candidates_unified.xlsx
local_2021,__main__,council_smd,unm,„ერთიანი ნაციონალური მოძრაობა”,,9,ქობულეთი,,5,ლადო,ჯაბნიძე,ლადო ჯაბნიძე,,,adg_2021_candidates_unified.xlsx
local_2021,__main__,council_smd,patriots,"„დავით თარხან-მოურავი, ირმა ინაშვილი - საქართველოს პატრიოტთა ალიანსი”",,11,ქობულეთი,,8,ირაკლი,კონცელიძე,ირაკლი კონცელიძე,,,adg_2021_candidates_unified.xlsx
local_2021,__main__,council_smd,patriots,"„დავით თარხან-მოურავი, ირმა ინაშვილი - საქართველოს პატრიოტთა ალიანსი”",,12,ქობულეთი,,8,მინდია,ჯაფარიძე,მინდია ჯაფარიძე,,,adg_2021_candidates_unified.xlsx
local_2021,__main__,council_smd,patriots,"„დავით თარხან-მოურავი, ირმა ინაშვილი - საქართველოს პატრიოტთა ალიანსი”",,9,ქობულეთი,,8,ჯუმბერ,თურმანიძე,ჯუმბერ თურმანიძე,,,adg_2021_candidates_unified.xlsx
local_2021,__main__,council_smd,patriots,"„დავით თარხან-მოურავი, ირმა ინაშვილი - საქართველოს პატრიოტთა ალიანსი”",,8,ქობულეთი,,8,მამუკა,ღაღაიშვილი,მამუკა ღაღაიშვილი,,,adg_2021_candidates_unified.xlsx
local_2021,__main__,council_smd,lelo,„ლელო”,,6,ქობულეთი,,9,ბეგი,ტაკიძე,ბეგი ტაკიძე,,,adg_2021_candidates_unified.xlsx
local_2021,__main__,council_smd,labour,„შალვა ნათელაშვილი-საქართველოს ლეიბორისტული პარტია”,,6,ქობულეთი,,10,ბელა,ბერაძე,ბელა ბერაძე,,,adg_2021_candidates_unified.xlsx
local_2021,__main__,council_smd,labour,„შალვა ნათელაშვილი-საქართველოს ლეიბორისტული პარტია”,,12,ქობულეთი,,10,ლამარა,ბარამიძე,ლამარა ბარამიძე,,,adg_2021_candidates_unified.xlsx
local_2021,__main__,council_smd,labour,„შალვა ნათელაშვილი-საქართველოს ლეიბორისტული პარტია”,,13,ქობულეთი,,10,ნინო,ქარცივაძე,ნინო ქარცივაძე,,,adg_2021_candidates_unified.xlsx
local_2021,__main__,council_smd,labour,„შალვა ნათელაშვილი-საქართველოს ლეიბორისტული პარტია”,,4,ქობულეთი,,10,თამაზი,მაჭარაძე,თამაზი მაჭარაძე,,,adg_2021_candidates_unified.xlsx
local_2021,__main__,council_smd,gakharia,გახარია - საქართველოსთვის,,8,ქობულეთი,,25,როსტომ,მესხიძე,როსტომ მესხიძე,,,adg_2021_candidates_unified.xlsx
local_2021,__main__,council_smd,gakharia,გახარია - საქართველოსთვის,,9,ქობულეთი,,25,მანუჩარი,მსხალაძე,მანუჩარი მსხალაძე,,,adg_2021_candidates_unified.xlsx
local_2021,__main__,council_smd,gakharia,გახარია - საქართველოსთვის,,10,ქობულეთი,,25,ნუგზარ,ბეჟანიძე,ნუგზარ ბეჟანიძე,,,adg_2021_candidates_unified.xlsx
local_2021,__main__,council_smd,gakharia,გახარია - საქართველოსთვის,,11,ქობულეთი,,25,ტარიელ,ქათამაძე,ტარიელ ქათამაძე,,,adg_2021_candidates_unified.xlsx
local_2021,__main__,council_smd,gakharia,გახარია - საქართველოსთვის,,12,ქობულეთი,,25,სულიკო,ბერიძე,სულიკო ბერიძე,,,adg_2021_candidates_unified.xlsx
local_2021,__main__,council_smd,gakharia,გახარია - საქართველოსთვის,,13,ქობულეთი,,25,რუსლან,გიორგაძე,რუსლან გიორგაძე,,,adg_2021_candidates_unified.xlsx
local_2021,__main__,council_smd,gakharia,გახარია - საქართველოსთვის,,1,ქობულეთი,,25,იაზგულ,ხაჯიშვილი,იაზგულ ხაჯიშვილი,,,adg_2021_candidates_unified.xlsx
local_2021,__main__,council_smd,gakharia,გახარია - საქართველოსთვის,,2,ქობულეთი,,25,მერაბი,ვერულიძე,მერაბი ვერულიძე,,,adg_2021_candidates_unified.xlsx
local_2021,__main__,council_smd,gakharia,გახარია - საქართველოსთვის,,3,ქობულეთი,,25,ელდარ,შავიშვილი,ელდარ შავიშვილი,,,adg_2021_candidates_unified.xlsx
local_2021,__main__,council_smd,gakharia,გახარია - საქართველოსთვის,,4,ქობულეთი,,25,მირიან,ცეცხლაძე,მირიან ცეცხლაძე,,,adg_2021_candidates_unified.xlsx
local_2021,__main__,council_smd,gakharia,გახარია - საქართველოსთვის,,5,ქობულეთი,,25,სულხან,ბასილიძე,სულხან ბასილიძე,,,adg_2021_candidates_unified.xlsx
local_2021,__main__,council_smd,gakharia,გახარია - საქართველოსთვის,,6,ქობულეთი,,25,მამუკა,ნოღაიდელი,მამუკა ნოღაიდელი,,,adg_2021_candidates_unified.xlsx
local_2021,__main__,council_smd,gakharia,გახარია - საქართველოსთვის,,7,ქობულეთი,,25,თეონა,შავიშვილი,თეონა შავიშვილი,,,adg_2021_candidates_unified.xlsx
local_2021,__main__,council_smd,gd,ქართული ოცნება - დემოკრატიული საქართველო,,6,ქობულეთი,,41,დავით,მჭედლიშვილი,დავით მჭედლიშვილი,,,adg_2021_candidates_unified.xlsx
local_2021,__main__,council_smd,gd,ქართული ოცნება - დემოკრატიული საქართველო,,5,ქობულეთი,,41,ლაშა,ხახუტაიშვილი,ლაშა ხახუტაიშვილი,,,adg_2021_candidates_unified.xlsx
local_2021,__main__,council_smd,gd,ქართული ოცნება - დემოკრატიული საქართველო,,13,ქობულეთი,,41,როინ,ჩხაიძე,როინ ჩხაიძე,,,adg_2021_candidates_unified.xlsx
local_2021,__main__,council_smd,gd,ქართული ოცნება - დემოკრატიული საქართველო,,10,ქობულეთი,,41,ზურაბ,ხინიკაძე,ზურაბ ხინიკაძე,,,adg_2021_candidates_unified.xlsx
local_2021,__main__,council_smd,gd,ქართული ოცნება - დემოკრატიული საქართველო,,11,ქობულეთი,,41,ალექსანდრე,ხიდაშელი,ალექსანდრე ხიდაშელი,,,adg_2021_candidates_unified.xlsx
local_2021,__main__,council_smd,gd,ქართული ოცნება - დემოკრატიული საქართველო,,12,ქობულეთი,,41,ედნარ,თურმანიძე,ედნარ თურმანიძე,,,adg_2021_candidates_unified.xlsx
local_2021,__main__,council_smd,gd,ქართული ოცნება - დემოკრატიული საქართველო,,7,ქობულეთი,,41,ჯემალ,ბლადაძე,ჯემალ ბლადაძე,,,adg_2021_candidates_unified.xlsx
local_2021,__main__,council_smd,gd,ქართული ოცნება - დემოკრატიული საქართველო,,1,ქობულეთი,,41,დავით,წულუკიძე,დავით წულუკიძე,,,adg_2021_candidates_unified.xlsx
local_2021,__main__,council_smd,gd,ქართული ოცნება - დემოკრატიული საქართველო,,2,ქობულეთი,,41,იოსებ,ჟღენტი,იოსებ ჟღენტი,,,adg_2021_candidates_unified.xlsx
local_2021,__main__,council_smd,gd,ქართული ოცნება - დემოკრატიული საქართველო,,3,ქობულეთი,,41,ავთანდილ,გოგიბერიძე,ავთანდილ გოგიბერიძე,,,adg_2021_candidates_unified.xlsx
local_2021,__main__,council_smd,gd,ქართული ოცნება - დემოკრატიული საქართველო,,4,ქობულეთი,,41,ლადო,ხოზრევანიძე,ლადო ხოზრევანიძე,,,adg_2021_candidates_unified.xlsx
local_2021,__main__,council_smd,gd,ქართული ოცნება - დემოკრატიული საქართველო,,8,ქობულეთი,,41,გელა,შაქარიშვილი,გელა შაქარიშვილი,,,adg_2021_candidates_unified.xlsx
local_2021,__main__,council_smd,gd,ქართული ოცნება - დემოკრატიული საქართველო,,9,ქობულეთი,,41,ირაკლი,ქათამაძე,ირაკლი ქათამაძე,,,adg_2021_candidates_unified.xlsx
local_2021,__main__,council_smd,european_georgia,„ევროპული საქართველო-მოძრაობა თავისუფლებისთვის”,,4,შუახევი,,2,მირზა,თურმანიძე,მირზა თურმანიძე,,,adg_2021_candidates_unified.xlsx
local_2021,__main__,council_smd,unm,„ერთიანი ნაციონალური მოძრაობა”,,7,შუახევი,,5,ავთანდილ,მახარაძე,ავთანდილ მახარაძე,,,adg_2021_candidates_unified.xlsx
local_2021,__main__,council_smd,unm,„ერთიანი ნაციონალური მოძრაობა”,,2,შუახევი,,5,ამირან,ხიმშიაშვილი,ამირან ხიმშიაშვილი,,,adg_2021_candidates_unified.xlsx
local_2021,__main__,council_smd,unm,„ერთიანი ნაციონალური მოძრაობა”,,3,შუახევი,,5,ჯემალ,ამაღლობელი,ჯემალ ამაღლობელი,,,adg_2021_candidates_unified.xlsx
local_2021,__main__,council_smd,unm,„ერთიანი ნაციონალური მოძრაობა”,,1,შუახევი,,5,იოსებ,ზოიძე,იოსებ ზოიძე,,,adg_2021_candidates_unified.xlsx
local_2021,__main__,council_smd,unm,„ერთიანი ნაციონალური მოძრაობა”,,5,შუახევი,,5,გენად,ფუტკარაძე,გენად ფუტკარაძე,,,adg_2021_candidates_unified.xlsx
local_2021,__main__,council_smd,patriots,"„დავით თარხან-მოურავი, ირმა ინაშვილი - საქართველოს პატრიოტთა ალიანსი”",,6,შუახევი,,8,ნაზიბროლა,ათაბაგი,ნაზიბროლა ათაბაგი,,,adg_2021_candidates_unified.xlsx
local_2021,__main__,council_smd,patriots,"„დავით თარხან-მოურავი, ირმა ინაშვილი - საქართველოს პატრიოტთა ალიანსი”",,5,შუახევი,,8,სერიოჟა,აბაშიძე,სერიოჟა აბაშიძე,,,adg_2021_candidates_unified.xlsx
local_2021,__main__,council_smd,patriots,"„დავით თარხან-მოურავი, ირმა ინაშვილი - საქართველოს პატრიოტთა ალიანსი”",,2,შუახევი,,8,გელა,მიქელაძე,გელა მიქელაძე,,,adg_2021_candidates_unified.xlsx
local_2021,__main__,council_smd,patriots,"„დავით თარხან-მოურავი, ირმა ინაშვილი - საქართველოს პატრიოტთა ალიანსი”",,1,შუახევი,,8,მანანა,ქამადაძე,მანანა ქამადაძე,,,adg_2021_candidates_unified.xlsx
local_2021,__main__,council_smd,patriots,"„დავით თარხან-მოურავი, ირმა ინაშვილი - საქართველოს პატრიოტთა ალიანსი”",,4,შუახევი,,8,გიორგი,ველიაძე,გიორგი ველიაძე,,,adg_2021_candidates_unified.xlsx
local_2021,__main__,council_smd,patriots,"„დავით თარხან-მოურავი, ირმა ინაშვილი - საქართველოს პატრიოტთა ალიანსი”",,7,შუახევი,,8,რამინ,მახარაძე,რამინ მახარაძე,,,adg_2021_candidates_unified.xlsx
local_2021,__main__,council_smd,lelo,„ლელო”,,6,შუახევი,,9,გიორგი,ჯაყელი,გიორგი ჯაყელი,,,adg_2021_candidates_unified.xlsx
local_2021,__main__,council_smd,gakharia,გახარია - საქართველოსთვის,,1,შუახევი,,25,გიორგი,დავითაძე,გიორგი დავითაძე,,,adg_2021_candidates_unified.xlsx
local_2021,__main__,council_smd,gakharia,გახარია - საქართველოსთვის,,2,შუახევი,,25,ზურაბ,დიასამიძე,ზურაბ დიასამიძე,,,adg_2021_candidates_unified.xlsx
local_2021,__main__,council_smd,gakharia,გახარია - საქართველოსთვის,,3,შუახევი,,25,როლანდ,დავითაძე,როლანდ დავითაძე,,,adg_2021_candidates_unified.xlsx
local_2021,__main__,council_smd,gakharia,გახარია - საქართველოსთვის,,4,შუახევი,,25,რამაზ,ზოსიძე,რამაზ ზოსიძე,,,adg_2021_candidates_unified.xlsx
local_2021,__main__,council_smd,gakharia,გახარია - საქართველოსთვის,,6,შუახევი,,25,იური,ბერიძე,იური ბერიძე,,,adg_2021_candidates_unified.xlsx
local_2021,__main__,council_smd,gakharia,გახარია - საქართველოსთვის,,7,შუახევი,,25,უჩა,ფუტკარაძე,უჩა ფუტკარაძე,,,adg_2021_candidates_unified.xlsx
local_2021,__main__,council_smd,gd,ქართული ოცნება - დემოკრატიული საქართველო,,3,შუახევი,,41,მალხაზ,ტაკიძე,მალხაზ ტაკიძე,,,adg_2021_candidates_unified.xlsx
local_2021,__main__,council_smd,gd,ქართული ოცნება - დემოკრატიული საქართველო,,1,შუახევი,,41,ზაზა,დავითაძე,ზაზა დავითაძე,,,adg_2021_candidates_unified.xlsx
local_2021,__main__,council_smd,gd,ქართული ოცნება - დემოკრატიული საქართველო,,2,შუახევი,,41,გიორგი,კეკელიძე,გიორგი კეკელიძე,,,adg_2021_candidates_unified.xlsx
local_2021,__main__,council_smd,gd,ქართული ოცნება - დემოკრატიული საქართველო,,4,შუახევი,,41,როსტომ,ლორთქიფანიძე,როსტომ ლორთქიფანიძე,,,adg_2021_candidates_unified.xlsx
local_2021,__main__,council_smd,gd,ქართული ოცნება - დემოკრატიული საქართველო,,5,შუახევი,,41,ემზარ,აბაშიძე,ემზარ აბაშიძე,,,adg_2021_candidates_unified.xlsx
local_2021,__main__,council_smd,gd,ქართული ოცნება - დემოკრატიული საქართველო,,6,შუახევი,,41,მურად,ქათამაძე,მურად ქათამაძე,,,adg_2021_candidates_unified.xlsx
local_2021,__main__,council_smd,gd,ქართული ოცნება - დემოკრატიული საქართველო,,7,შუახევი,,41,ფრიდონ,ფუტკარაძე,ფრიდონ ფუტკარაძე,,,adg_2021_candidates_unified.xlsx
local_2021,__main__,council_smd,third_force,„მესამე ძალა-სტრატეგია აღმაშენებელი”,,1,ხელვაჩაური,,1,ნანა,სურმანიძე,ნანა სურმანიძე,,,adg_2021_candidates_unified.xlsx
local_2021,__main__,council_smd,unm,„ერთიანი ნაციონალური მოძრაობა”,,7,ხელვაჩაური,,5,გიორგი,ფარტენაძე,გიორგი ფარტენაძე,,,adg_2021_candidates_unified.xlsx
local_2021,__main__,council_smd,unm,„ერთიანი ნაციონალური მოძრაობა”,,8,ხელვაჩაური,,5,სერგო,ცინცაძე,სერგო ცინცაძე,,,adg_2021_candidates_unified.xlsx
local_2021,__main__,council_smd,unm,„ერთიანი ნაციონალური მოძრაობა”,,2,ხელვაჩაური,,5,ირაკლი,კომახიძე,ირაკლი კომახიძე,,,adg_2021_candidates_unified.xlsx
local_2021,__main__,council_smd,unm,„ერთიანი ნაციონალური მოძრაობა”,,3,ხელვაჩაური,,5,ირაკლი,ჩხაიძე,ირაკლი ჩხაიძე,,,adg_2021_candidates_unified.xlsx
local_2021,__main__,council_smd,unm,„ერთიანი ნაციონალური მოძრაობა”,,5,ხელვაჩაური,,5,მამუკა,ჯევაიში,მამუკა ჯევაიში,,,adg_2021_candidates_unified.xlsx
local_2021,__main__,council_smd,unm,„ერთიანი ნაციონალური მოძრაობა”,,6,ხელვაჩაური,,5,დავით,დუმბაძე,დავით დუმბაძე,,,adg_2021_candidates_unified.xlsx
local_2021,__main__,council_smd,unm,„ერთიანი ნაციონალური მოძრაობა”,,1,ხელვაჩაური,,5,ამირან,თედორაძე,ამირან თედორაძე,,,adg_2021_candidates_unified.xlsx
local_2021,__main__,council_smd,patriots,"„დავით თარხან-მოურავი, ირმა ინაშვილი - საქართველოს პატრიოტთა ალიანსი”",,7,ხელვაჩაური,,8,რევაზ,ნაგერვაძე,რევაზ ნაგერვაძე,,,adg_2021_candidates_unified.xlsx
local_2021,__main__,council_smd,patriots,"„დავით თარხან-მოურავი, ირმა ინაშვილი - საქართველოს პატრიოტთა ალიანსი”",,3,ხელვაჩაური,,8,თენგიზ,ჩახვაძე,თენგიზ ჩახვაძე,,,adg_2021_candidates_unified.xlsx
local_2021,__main__,council_smd,lelo,„ლელო”,,4,ხელვაჩაური,,9,დიანა,აიოზბა,დიანა აიოზბა,,,adg_2021_candidates_unified.xlsx
local_2021,__main__,council_smd,labour,„შალვა ნათელაშვილი-საქართველოს ლეიბორისტული პარტია”,,6,ხელვაჩაური,,10,უშანგი,ცეცხლაძე,უშანგი ცეცხლაძე,,,adg_2021_candidates_unified.xlsx
local_2021,__main__,council_smd,labour,„შალვა ნათელაშვილი-საქართველოს ლეიბორისტული პარტია”,,1,ხელვაჩაური,,10,ჯაბა,შაქარიშვილი,ჯაბა შაქარიშვილი,,,adg_2021_candidates_unified.xlsx
local_2021,__main__,council_smd,labour,„შალვა ნათელაშვილი-საქართველოს ლეიბორისტული პარტია”,,2,ხელვაჩაური,,10,თამარ,დიასამიძე,თამარ დიასამიძე,,,adg_2021_candidates_unified.xlsx
local_2021,__main__,council_smd,labour,„შალვა ნათელაშვილი-საქართველოს ლეიბორისტული პარტია”,,3,ხელვაჩაური,,10,ავთანდილ,მაჭუტაძე,ავთანდილ მაჭუტაძე,,,adg_2021_candidates_unified.xlsx
local_2021,__main__,council_smd,labour,„შალვა ნათელაშვილი-საქართველოს ლეიბორისტული პარტია”,,5,ხელვაჩაური,,10,შოთა,გორგაძე,შოთა გორგაძე,,,adg_2021_candidates_unified.xlsx
local_2021,__main__,council_smd,labour,„შალვა ნათელაშვილი-საქართველოს ლეიბორისტული პარტია”,,7,ხელვაჩაური,,10,გურგენ,ფარტენაძე,გურგენ ფარტენაძე,,,adg_2021_candidates_unified.xlsx
local_2021,__main__,council_smd,labour,„შალვა ნათელაშვილი-საქართველოს ლეიბორისტული პარტია”,,4,ხელვაჩაური,,10,მადონა,ჩხაიძე,მადონა ჩხაიძე,,,adg_2021_candidates_unified.xlsx
local_2021,__main__,council_smd,labour,„შალვა ნათელაშვილი-საქართველოს ლეიბორისტული პარტია”,,8,ხელვაჩაური,,10,გურამი,ცისკარაძე,გურამი ცისკარაძე,,,adg_2021_candidates_unified.xlsx
local_2021,__main__,council_smd,georgia_party,„გიორგი ლაღიძე - მომავალი საქართველო”,,6,ხელვაჩაური,,20,ნუკრი,ბასილაძე,ნუკრი ბასილაძე,,,adg_2021_candidates_unified.xlsx
local_2021,__main__,council_smd,gakharia,გახარია - საქართველოსთვის,,1,ხელვაჩაური,,25,ბეგლარ,ცინცაძე,ბეგლარ ცინცაძე,,,adg_2021_candidates_unified.xlsx
local_2021,__main__,council_smd,gakharia,გახარია - საქართველოსთვის,,4,ხელვაჩაური,,25,როინ,თურმანიძე,როინ თურმანიძე,,,adg_2021_candidates_unified.xlsx
local_2021,__main__,council_smd,gakharia,გახარია - საქართველოსთვის,,3,ხელვაჩაური,,25,გივი,მაჭუტაძე,გივი მაჭუტაძე,,,adg_2021_candidates_unified.xlsx
local_2021,__main__,council_smd,gakharia,გახარია - საქართველოსთვის,,2,ხელვაჩაური,,25,ლევან,თურმანიძე,ლევან თურმანიძე,,,adg_2021_candidates_unified.xlsx
local_2021,__main__,council_smd,gakharia,გახარია - საქართველოსთვის,,6,ხელვაჩაური,,25,ზურაბ,გულაბერიძე,ზურაბ გულაბერიძე,,,adg_2021_candidates_unified.xlsx
local_2021,__main__,council_smd,gakharia,გახარია - საქართველოსთვის,,5,ხელვაჩაური,,25,ნური,აბესლამიძე,ნური აბესლამიძე,,,adg_2021_candidates_unified.xlsx
local_2021,__main__,council_smd,gakharia,გახარია - საქართველოსთვის,,8,ხელვაჩაური,,25,იაშა,თავდგირიძე,იაშა თავდგირიძე,,,adg_2021_candidates_unified.xlsx
local_2021,__main__,council_smd,gakharia,გახარია - საქართველოსთვის,,7,ხელვაჩაური,,25,მურად,აბესლამიძე,მურად აბესლამიძე,,,adg_2021_candidates_unified.xlsx
local_2021,__main__,council_smd,gd,ქართული ოცნება - დემოკრატიული საქართველო,,2,ხელვაჩაური,,41,არჩილ,მხეიძე,არჩილ მხეიძე,,,adg_2021_candidates_unified.xlsx
local_2021,__main__,council_smd,gd,ქართული ოცნება - დემოკრატიული საქართველო,,1,ხელვაჩაური,,41,რამაზ,თავდგირიძე,რამაზ თავდგირიძე,,,adg_2021_candidates_unified.xlsx
local_2021,__main__,council_smd,gd,ქართული ოცნება - დემოკრატიული საქართველო,,8,ხელვაჩაური,,41,გოჩა,ლორთქიფანიძე,გოჩა ლორთქიფანიძე,,,adg_2021_candidates_unified.xlsx
local_2021,__main__,council_smd,gd,ქართული ოცნება - დემოკრატიული საქართველო,,7,ხელვაჩაური,,41,მალხაზ,სალვარიძე,მალხაზ სალვარიძე,,,adg_2021_candidates_unified.xlsx
local_2021,__main__,council_smd,gd,ქართული ოცნება - დემოკრატიული საქართველო,,6,ხელვაჩაური,,41,შოთა,ფუტკარაძე,შოთა ფუტკარაძე,,,adg_2021_candidates_unified.xlsx
local_2021,__main__,council_smd,gd,ქართული ოცნება - დემოკრატიული საქართველო,,5,ხელვაჩაური,,41,ელიზბარ,ზოიძე,ელიზბარ ზოიძე,,,adg_2021_candidates_unified.xlsx
local_2021,__main__,council_smd,gd,ქართული ოცნება - დემოკრატიული საქართველო,,4,ხელვაჩაური,,41,მინდია,დიასამიძე,მინდია დიასამიძე,,,adg_2021_candidates_unified.xlsx
local_2021,__main__,council_smd,gd,ქართული ოცნება - დემოკრატიული საქართველო,,3,ხელვაჩაური,,41,ნინო,ფაღავა,ნინო ფაღავა,,,adg_2021_candidates_unified.xlsx
local_2021,__main__,council_smd,,საინიციატივო ჯგუფი,,5,ხელვაჩაური,,51,ლამზირა,ლეონიძე,ლამზირა ლეონიძე,,,adg_2021_candidates_unified.xlsx
local_2021,__main__,council_smd,third_force,„მესამე ძალა-სტრატეგია აღმაშენებელი”,,4,ხულო,,1,გოჩა,ხოზრევანიძე,გოჩა ხოზრევანიძე,,,adg_2021_candidates_unified.xlsx
local_2021,__main__,council_smd,third_force,„მესამე ძალა-სტრატეგია აღმაშენებელი”,,2,ხულო,,1,ედნარ,შანთაძე,ედნარ შანთაძე,,,adg_2021_candidates_unified.xlsx
local_2021,__main__,council_smd,european_georgia,„ევროპული საქართველო-მოძრაობა თავისუფლებისთვის”,,7,ხულო,,2,გენადი,ცეცხლაძე,გენადი ცეცხლაძე,,,adg_2021_candidates_unified.xlsx
local_2021,__main__,council_smd,european_georgia,„ევროპული საქართველო-მოძრაობა თავისუფლებისთვის”,,2,ხულო,,2,კახა,დეკანაძე,კახა დეკანაძე,,,adg_2021_candidates_unified.xlsx
local_2021,__main__,council_smd,european_georgia,„ევროპული საქართველო-მოძრაობა თავისუფლებისთვის”,,3,ხულო,,2,როინ,ირემაძე,როინ ირემაძე,,,adg_2021_candidates_unified.xlsx
local_2021,__main__,council_smd,unm,„ერთიანი ნაციონალური მოძრაობა”,,1,ხულო,,5,ლევან,მახარაძე,ლევან მახარაძე,,,adg_2021_candidates_unified.xlsx
local_2021,__main__,council_smd,unm,„ერთიანი ნაციონალური მოძრაობა”,,6,ხულო,,5,ლაშა,შაინიძე,ლაშა შაინიძე,,,adg_2021_candidates_unified.xlsx
local_2021,__main__,council_smd,unm,„ერთიანი ნაციონალური მოძრაობა”,,3,ხულო,,5,დავით,ხოზრევანიძე,დავით ხოზრევანიძე,,,adg_2021_candidates_unified.xlsx
local_2021,__main__,council_smd,unm,„ერთიანი ნაციონალური მოძრაობა”,,4,ხულო,,5,რამაზ,შავაძე,რამაზ შავაძე,,,adg_2021_candidates_unified.xlsx
local_2021,__main__,council_smd,unm,„ერთიანი ნაციონალური მოძრაობა”,,7,ხულო,,5,რამინ,გორგაძე,რამინ გორგაძე,,,adg_2021_candidates_unified.xlsx
local_2021,__main__,council_smd,unm,„ერთიანი ნაციონალური მოძრაობა”,,2,ხულო,,5,თენგიზ,შანთაძე,თენგიზ შანთაძე,,,adg_2021_candidates_unified.xlsx
local_2021,__main__,council_smd,unm,„ერთიანი ნაციონალური მოძრაობა”,,5,ხულო,,5,ამირან,მელაძე,ამირან მელაძე,,,adg_2021_candidates_unified.xlsx
local_2021,__main__,council_smd,patriots,"„დავით თარხან-მოურავი, ირმა ინაშვილი - საქართველოს პატრიოტთა ალიანსი”",,2,ხულო,,8,მურად,ჯორბენაძე,მურად ჯორბენაძე,,,adg_2021_candidates_unified.xlsx
local_2021,__main__,council_smd,patriots,"„დავით თარხან-მოურავი, ირმა ინაშვილი - საქართველოს პატრიოტთა ალიანსი”",,6,ხულო,,8,მერაბ,გორგილაძე,მერაბ გორგილაძე,,,adg_2021_candidates_unified.xlsx
local_2021,__main__,council_smd,patriots,"„დავით თარხან-მოურავი, ირმა ინაშვილი - საქართველოს პატრიოტთა ალიანსი”",,4,ხულო,,8,ვარლამ,ხოზრევანიძე,ვარლამ ხოზრევანიძე,,,adg_2021_candidates_unified.xlsx
local_2021,__main__,council_smd,lelo,„ლელო”,,8,ხულო,,9,ვაჟა,სურმანიძე,ვაჟა სურმანიძე,,,adg_2021_candidates_unified.xlsx
local_2021,__main__,council_smd,gakharia,გახარია - საქართველოსთვის,,5,ხულო,,25,მინდია,რიჟვაძე,მინდია რიჟვაძე,,,adg_2021_candidates_unified.xlsx
local_2021,__main__,council_smd,gakharia,გახარია - საქართველოსთვის,,1,ხულო,,25,ირაკლი,ბოლქვაძე,ირაკლი ბოლქვაძე,,,adg_2021_candidates_unified.xlsx
local_2021,__main__,council_smd,gakharia,გახარია - საქართველოსთვის,,2,ხულო,,25,დურმიშხან,თავართქილაძე,დურმიშხან თავართქილაძე,,,adg_2021_candidates_unified.xlsx
local_2021,__main__,council_smd,gakharia,გახარია - საქართველოსთვის,,6,ხულო,,25,ელდარ,შაინიძე,ელდარ შაინიძე,,,adg_2021_candidates_unified.xlsx
local_2021,__main__,council_smd,gakharia,გახარია - საქართველოსთვის,,7,ხულო,,25,მურმან,ხარაბაძე,მურმან ხარაბაძე,,,adg_2021_candidates_unified.xlsx
local_2021,__main__,council_smd,gakharia,გახარია - საქართველოსთვის,,3,ხულო,,25,ამირან,ქარცივაძე,ამირან ქარცივაძე,,,adg_2021_candidates_unified.xlsx
local_2021,__main__,council_smd,gd,ქართული ოცნება - დემოკრატიული საქართველო,,5,ხულო,,41,რენარ,ბოლქვაძე,რენარ ბოლქვაძე,,,adg_2021_candidates_unified.xlsx
local_2021,__main__,council_smd,gd,ქართული ოცნება - დემოკრატიული საქართველო,,6,ხულო,,41,ავთანდილ,მახარაძე,ავთანდილ მახარაძე,,,adg_2021_candidates_unified.xlsx
local_2021,__main__,council_smd,gd,ქართული ოცნება - დემოკრატიული საქართველო,,7,ხულო,,41,თემურ,ანთაძე,თემურ ანთაძე,,,adg_2021_candidates_unified.xlsx
local_2021,__main__,council_smd,gd,ქართული ოცნება - დემოკრატიული საქართველო,,2,ხულო,,41,ნადიმ,დეკანაძე,ნადიმ დეკანაძე,,,adg_2021_candidates_unified.xlsx
local_2021,__main__,council_smd,gd,ქართული ოცნება - დემოკრატიული საქართველო,,3,ხულო,,41,ზაურ,გობაძე,ზაურ გობაძე,,,adg_2021_candidates_unified.xlsx
local_2021,__main__,council_smd,gd,ქართული ოცნება - დემოკრატიული საქართველო,,4,ხულო,,41,ლევან,გელაძე,ლევან გელაძე,,,adg_2021_candidates_unified.xlsx
local_2021,__main__,council_smd,gd,ქართული ოცნება - დემოკრატიული საქართველო,,1,ხულო,,41,ემზარ,ბოლქვაძე,ემზარ ბოლქვაძე,,,adg_2021_candidates_unified.xlsx
local_2021,__main__,council_smd,gd,ქართული ოცნება - დემოკრატიული საქართველო,,8,ხულო,,41,არჩილ,აბაშიძე,არჩილ აბაშიძე,,,adg_2021_candidates_unified.xlsx
local_2021,__main__,council_smd,,საინიციატივო ჯგუფი,,3,ხულო,,51,მევლუდ,წულუკიძე,მევლუდ წულუკიძე,,,adg_2021_candidates_unified.xlsx
local_2021,__main__,council_smd,,საინიციატივო ჯგუფი,,2,ხულო,,51,მალხაზ,სოლომონიძე,მალხაზ სოლომონიძე,,,adg_2021_candidates_unified.xlsx