election_id,sub_id,vote_type,party_id,party_label_ka,party_code,district_id,district_name_ka,list_order,ballot_number,first_name,last_name,name_ka,partisanship,elected,source
local_2017,__main__,council_smd,european_georgia,"საარჩევნო ბლოკი „ბაქრაძე, უგულავა-ევროპული საქართველო”",,1,მთაწმინდა,,2,დავით,ავალიანი,დავით ავალიანი,,,majoritarians_all.pdf
local_2017,__main__,council_smd,free_georgia,"საარჩევნო ბლოკი „დიმიტრი ლორთქიფანიძე, კახა კუკავა-დემოკრატიული მოძრაობა-თავისუფალი საქართველო”",,1,მთაწმინდა,,3,ბადრი,ხურცილავა,ბადრი ხურცილავა,,,majoritarians_all.pdf
local_2017,__main__,council_smd,unm,საარჩევნო ბლოკი „ერთიანი ნაციონალური მოძრაობა”,,1,მთაწმინდა,,5,ნიკოლოზ,ვაჩეიშვილი,ნიკოლოზ ვაჩეიშვილი,,,majoritarians_all.pdf
local_2017,__main__,council_smd,patriots,"„დავით თარხან-მოურავი, ირმა ინაშვილი - საქართველოს პატრიოტთა",,1,მთაწმინდა,,8,ალიანსი”ზაზა,მამალაძე,ალიანსი”ზაზა მამალაძე,,,majoritarians_all.pdf
local_2017,__main__,council_smd,labour,„შალვა ნათელაშვილი - საქართველოს ლეიბორისტული პარტია”,,1,მთაწმინდა,,10,მაია,ხოფერია,მაია ხოფერია,,,majoritarians_all.pdf
local_2017,__main__,council_smd,patriots,„საქართველო”,,1,მთაწმინდა,,17,გიორგი,კაკურია,გიორგი კაკურია,,,majoritarians_all.pdf
local_2017,__main__,council_smd,georgia_party,„სოციალისტური საქართველო - კომუნისტები”,,1,მთაწმინდა,,37,პართენ,ყიფშიძე,პართენ ყიფშიძე,,,majoritarians_all.pdf
local_2017,__main__,council_smd,peoples_unity_2017,საარჩევნო ბლოკი „სახალხო-ხალხის ერთსულოვნება”,,1,მთაწმინდა,,38,ნანა,ჭიკაძე,ნანა ჭიკაძე,,,majoritarians_all.pdf
local_2017,__main__,council_smd,progressive_democratic_2017,„ პროგრესულ-დემოკრატიული მოძრაობა”,,1,მთაწმინდა,,39,ლევან,პაპაშვილი,ლევან პაპაშვილი,,,majoritarians_all.pdf
local_2017,__main__,council_smd,gd,„ქართული ოცნება-დემოკრატიული საქართველო”,,1,მთაწმინდა,,41,ჯაბა,ჯიშკარიანი,ჯაბა ჯიშკარიანი,,,majoritarians_all.pdf
local_2017,__main__,council_smd,european_georgia,"საარჩევნო ბლოკი „ბაქრაძე, უგულავა-ევროპული საქართველო”",,2,ვაკე,,2,დავით,დარჩიაშვილი,დავით დარჩიაშვილი,,,majoritarians_all.pdf
local_2017,__main__,council_smd,european_georgia,"საარჩევნო ბლოკი „ბაქრაძე, უგულავა-ევროპული საქართველო”",,3,ვაკე,,2,დავით,ჯინჯოლავა,დავით ჯინჯოლავა,,,majoritarians_all.pdf
local_2017,__main__,council_smd,free_georgia,"საარჩევნო ბლოკი „დიმიტრი ლორთქიფანიძე, კახა კუკავა-დემოკრატიული მოძრაობა-თავისუფალი საქართველო”",,2,ვაკე,,3,ზურაბ,დგებუაძე,ზურაბ დგებუაძე,,,majoritarians_all.pdf
local_2017,__main__,council_smd,free_georgia,"საარჩევნო ბლოკი „დიმიტრი ლორთქიფანიძე, კახა კუკავა-დემოკრატიული მოძრაობა-თავისუფალი საქართველო”",,3,ვაკე,,3,დავით,წერეთელი,დავით წერეთელი,,,majoritarians_all.pdf
local_2017,__main__,council_smd,unm,საარჩევნო ბლოკი „ერთიანი ნაციონალური მოძრაობა”,,2,ვაკე,,5,კონსტანტინე,იოსელიანი,კონსტანტინე იოსელიანი,,,majoritarians_all.pdf
local_2017,__main__,council_smd,unm,საარჩევნო ბლოკი „ერთიანი ნაციონალური მოძრაობა” მარინა დათუკიშვილი 2017 წლის 21 ოქტომბრის მუნიციპალიტეტის წარმომადგენლობითი ორგანოს -საკრებულოსა და თვითმმართველი ქალაქის/თვითმმართველის თემის,,3,ვაკე,,5,მერის,არჩევნებისათვის,მერის არჩევნებისათვის,,,majoritarians_all.pdf
local_2017,__main__,council_smd,patriots,"„დავით თარხან-მოურავი, ირმა ინაშვილი - საქართველოს პატრიოტთა",,3,ვაკე,,8,ალიანსი”მაია,დათუნაშვილი,ალიანსი”მაია დათუნაშვილი,,,majoritarians_all.pdf
local_2017,__main__,council_smd,labour,„შალვა ნათელაშვილი - საქართველოს ლეიბორისტული პარტია”,,2,ვაკე,,10,ბეჟან,ნათელაშვილი,ბეჟან ნათელაშვილი,,,majoritarians_all.pdf
local_2017,__main__,council_smd,labour,„შალვა ნათელაშვილი - საქართველოს ლეიბორისტული პარტია”,,3,ვაკე,,10,ეთერი,მიქელაძე,ეთერი მიქელაძე,,,majoritarians_all.pdf
local_2017,__main__,council_smd,patriots,„საქართველო”,,2,ვაკე,,17,თამარ,ჩაჩიბაია,თამარ ჩაჩიბაია,,,majoritarians_all.pdf
local_2017,__main__,council_smd,patriots,„საქართველო”,,3,ვაკე,,17,მაკა,გრიგოლია,მაკა გრიგოლია,,,majoritarians_all.pdf
local_2017,__main__,council_smd,construction_movement_2017,„შენების მოძრაობა”,,3,ვაკე,,20,გურამ,მჭედლიძე,გურამ მჭედლიძე,,,majoritarians_all.pdf
local_2017,__main__,council_smd,vashadze_2017,საარჩევნო ბლოკი „გიორგი ვაშაძე - ერთობა ახალი საქართველო”,,3,ვაკე,,27,გიორგი,ჩოჩია,გიორგი ჩოჩია,,,majoritarians_all.pdf
local_2017,__main__,council_smd,vashadze_2017,საარჩევნო ბლოკი „გიორგი ვაშაძე - ერთობა ახალი საქართველო”,,2,ვაკე,,27,ბექა,დიასამიძე,ბექა დიასამიძე,,,majoritarians_all.pdf
local_2017,__main__,council_smd,georgia_party,„სოციალისტური საქართველო - კომუნისტები”,,2,ვაკე,,37,ლერი,კავთელაძე,ლერი კავთელაძე,,,majoritarians_all.pdf
local_2017,__main__,council_smd,peoples_unity_2017,საარჩევნო ბლოკი „სახალხო-ხალხის ერთსულოვნება”,,3,ვაკე,,38,არჩილ,იოსელიანი,არჩილ იოსელიანი,,,majoritarians_all.pdf
local_2017,__main__,council_smd,peoples_unity_2017,საარჩევნო ბლოკი „სახალხო-ხალხის ერთსულოვნება”,,2,ვაკე,,38,ნანა,ჩხიკვაძე,ნანა ჩხიკვაძე,,,majoritarians_all.pdf
local_2017,__main__,council_smd,progressive_democratic_2017,„ პროგრესულ-დემოკრატიული მოძრაობა”,,2,ვაკე,,39,ნანი,ჩაჩიბაია,ნანი ჩაჩიბაია,,,majoritarians_all.pdf
local_2017,__main__,council_smd,gd,„ქართული ოცნება-დემოკრატიული საქართველო”,,3,ვაკე,,41,გიორგი,ბირბიჩაძე,გიორგი ბირბიჩაძე,,,majoritarians_all.pdf
local_2017,__main__,council_smd,gd,„ქართული ოცნება-დემოკრატიული საქართველო”,,2,ვაკე,,41,გიორგი,მუსხელიშვილი,გიორგი მუსხელიშვილი,,,majoritarians_all.pdf
local_2017,__main__,council_smd,european_georgia,"საარჩევნო ბლოკი „ბაქრაძე, უგულავა-ევროპული საქართველო”",,5,საბურთალო,,2,მარიამ,რამინაშვილი,მარიამ რამინაშვილი,,,majoritarians_all.pdf
local_2017,__main__,council_smd,european_georgia,"საარჩევნო ბლოკი „ბაქრაძე, უგულავა-ევროპული საქართველო”",,6,საბურთალო,,2,აკაკი,კილასონია,აკაკი კილასონია,,,majoritarians_all.pdf
local_2017,__main__,council_smd,european_georgia,"საარჩევნო ბლოკი „ბაქრაძე, უგულავა-ევროპული საქართველო”",,4,საბურთალო,,2,მარინა,ტალიკაძე,მარინა ტალიკაძე,,,majoritarians_all.pdf
local_2017,__main__,council_smd,free_georgia,"საარჩევნო ბლოკი „დიმიტრი ლორთქიფანიძე, კახა კუკავა-დემოკრატიული მოძრაობა-თავისუფალი საქართველო”",,4,საბურთალო,,3,როინი,ხიჯაკაძე,როინი ხიჯაკაძე,,,majoritarians_all.pdf
local_2017,__main__,council_smd,free_georgia,"საარჩევნო ბლოკი „დიმიტრი ლორთქიფანიძე, კახა კუკავა-დემოკრატიული მოძრაობა-თავისუფალი საქართველო”",,5,საბურთალო,,3,თამაზ,წურწუმია,თამაზ წურწუმია,,,majoritarians_all.pdf
local_2017,__main__,council_smd,free_georgia,"საარჩევნო ბლოკი „დიმიტრი ლორთქიფანიძე, კახა კუკავა-დემოკრატიული მოძრაობა-თავისუფალი საქართველო”",,6,საბურთალო,,3,მამუკა,კვარაცხელია,მამუკა კვარაცხელია,,,majoritarians_all.pdf
local_2017,__main__,council_smd,unm,საარჩევნო ბლოკი „ერთიანი ნაციონალური მოძრაობა”,,4,საბურთალო,,5,დავით,ლაგვილავა,დავით ლაგვილავა,,,majoritarians_all.pdf
local_2017,__main__,council_smd,unm,საარჩევნო ბლოკი „ერთიანი ნაციონალური მოძრაობა”,,5,საბურთალო,,5,ნინო,კვიტაიშვილი,ნინო კვიტაიშვილი,,,majoritarians_all.pdf
local_2017,__main__,council_smd,unm,საარჩევნო ბლოკი „ერთიანი ნაციონალური მოძრაობა”,,6,საბურთალო,,5,მარიამ,გერსამია,მარიამ გერსამია,,,majoritarians_all.pdf
local_2017,__main__,council_smd,patriots,"„დავით თარხან-მოურავი, ირმა ინაშვილი - საქართველოს პატრიოტთა",,4,საბურთალო,,8,ალიანსი”იოსებ,ჯუღელი,ალიანსი”იოსებ ჯუღელი,,,majoritarians_all.pdf
local_2017,__main__,council_smd,patriots,"„დავით თარხან-მოურავი, ირმა ინაშვილი - საქართველოს პატრიოტთა",,5,საბურთალო,,8,ალიანსი”მალხაზ,მაისურაძე,ალიანსი”მალხაზ მაისურაძე,,,majoritarians_all.pdf
local_2017,__main__,council_smd,patriots,"„დავით თარხან-მოურავი, ირმა ინაშვილი - საქართველოს პატრიოტთა",,6,საბურთალო,,8,ალიანსი”გია,ფოჩხუა,ალიანსი”გია ფოჩხუა,,,majoritarians_all.pdf
local_2017,__main__,council_smd,labour,„შალვა ნათელაშვილი - საქართველოს ლეიბორისტული პარტია”,,5,საბურთალო,,10,ბესარიონ,ზაქარიაძე,ბესარიონ ზაქარიაძე,,,majoritarians_all.pdf
local_2017,__main__,council_smd,patriots,„საქართველო”,,4,საბურთალო,,17,ალექსი,გეჯაძე,ალექსი გეჯაძე,,,majoritarians_all.pdf
local_2017,__main__,council_smd,patriots,„საქართველო”,,5,საბურთალო,,17,მამუკა,მელიქიშვილი,მამუკა მელიქიშვილი,,,majoritarians_all.pdf
local_2017,__main__,council_smd,patriots,„საქართველო”,,6,საბურთალო,,17,დავით,დავითაია,დავით დავითაია,,,majoritarians_all.pdf
local_2017,__main__,council_smd,construction_movement_2017,„შენების მოძრაობა”,,5,საბურთალო,,20,თეიმურაზ,მურვანიძე,თეიმურაზ მურვანიძე,,,majoritarians_all.pdf
local_2017,__main__,council_smd,construction_movement_2017,„შენების მოძრაობა”,,6,საბურთალო,,20,გიორგი,თაქთაქიშვილი,გიორგი თაქთაქიშვილი,,,majoritarians_all.pdf
local_2017,__main__,council_smd,construction_movement_2017,„შენების მოძრაობა”,,4,საბურთალო,,20,შორენა,ბუხრაშვილი,შორენა ბუხრაშვილი,,,majoritarians_all.pdf
local_2017,__main__,council_smd,vashadze_2017,საარჩევნო ბლოკი „გიორგი ვაშაძე - ერთობა ახალი საქართველო”,,6,საბურთალო,,27,თამთა,შამათავა,თამთა შამათავა,,,majoritarians_all.pdf
local_2017,__main__,council_smd,vashadze_2017,საარჩევნო ბლოკი „გიორგი ვაშაძე - ერთობა ახალი საქართველო”,,4,საბურთალო,,27,დავით,შაშიაშვილი,დავით შაშიაშვილი,,,majoritarians_all.pdf
local_2017,__main__,council_smd,vashadze_2017,საარჩევნო ბლოკი „გიორგი ვაშაძე - ერთობა ახალი საქართველო”,,5,საბურთალო,,27,გრიგოლი,ლაბარტყავა,გრიგოლი ლაბარტყავა,,,majoritarians_all.pdf
local_2017,__main__,council_smd,georgia_party,„სოციალისტური საქართველო - კომუნისტები”,,4,საბურთალო,,37,დჟენი,ჩოფიკაშვილი,დჟენი ჩოფიკაშვილი,,,majoritarians_all.pdf
local_2017,__main__,council_smd,peoples_unity_2017,საარჩევნო ბლოკი „სახალხო-ხალხის ერთსულოვნება”,,6,საბურთალო,,38,ლევან,ღლონტი,ლევან ღლონტი,,,majoritarians_all.pdf
local_2017,__main__,council_smd,peoples_unity_2017,საარჩევნო ბლოკი „სახალხო-ხალხის ერთსულოვნება”,,5,საბურთალო,,38,ლეილა,არხოშაშვილი,ლეილა არხოშაშვილი,,,majoritarians_all.pdf
local_2017,__main__,council_smd,peoples_unity_2017,საარჩევნო ბლოკი „სახალხო-ხალხის ერთსულოვნება”,,4,საბურთალო,,38,ალექსი,კობაიძე,ალექსი კობაიძე,,,majoritarians_all.pdf
local_2017,__main__,council_smd,progressive_democratic_2017,„ პროგრესულ-დემოკრატიული მოძრაობა”,,5,საბურთალო,,39,რუსუდან,ხუბუტია,რუსუდან ხუბუტია,,,majoritarians_all.pdf
local_2017,__main__,council_smd,progressive_democratic_2017,„ პროგრესულ-დემოკრატიული მოძრაობა”,,4,საბურთალო,,39,თინათინ,ფირცხალავა,თინათინ ფირცხალავა,,,majoritarians_all.pdf
local_2017,__main__,council_smd,progressive_democratic_2017,„ პროგრესულ-დემოკრატიული მოძრაობა”,,6,საბურთალო,,39,ნანა,ნინოშვილი,ნანა ნინოშვილი,,,majoritarians_all.pdf
local_2017,__main__,council_smd,gd,„ქართული ოცნება-დემოკრატიული საქართველო”,,4,საბურთალო,,41,ავთანდილ,ცინცაძე,ავთანდილ ცინცაძე,,,majoritarians_all.pdf
local_2017,__main__,council_smd,gd,„ქართული ოცნება-დემოკრატიული საქართველო”,,5,საბურთალო,,41,დავით,უთმელიძე,დავით უთმელიძე,,,majoritarians_all.pdf
local_2017,__main__,council_smd,gd,„ქართული ოცნება-დემოკრატიული საქართველო”,,6,საბურთალო,,41,ვახტანგ,შაქარიშვილი,ვახტანგ შაქარიშვილი,,,majoritarians_all.pdf
local_2017,__main__,council_smd,initiative_group,"საინიციატივო ჯგუფი - ნიკოლოზ რუხაძე, როსტომ კაჭახიძე, ეთერ გიგიბერია-კაჭახიძე, ირმა ჯავაშვილი, სალომე გაფრინდაშვილი.",,5,საბურთალო,,43,ჯოზეფ,ალექსანდერსმიტ,ჯოზეფ ალექსანდერსმიტ,,,majoritarians_all.pdf
local_2017,__main__,council_smd,european_georgia,"საარჩევნო ბლოკი „ბაქრაძე, უგულავა-ევროპული საქართველო”",,7,კრწანისი,,2,მამუკა,ახვლედიანი,მამუკა ახვლედიანი,,,majoritarians_all.pdf
local_2017,__main__,council_smd,free_georgia,"საარჩევნო ბლოკი „დიმიტრი ლორთქიფანიძე, კახა კუკავა-დემოკრატიული მოძრაობა-თავისუფალი საქართველო”",,7,კრწანისი,,3,გურამ,ფალავანდიშვილი,გურამ ფალავანდიშვილი,,,majoritarians_all.pdf
local_2017,__main__,council_smd,unm,საარჩევნო ბლოკი „ერთიანი ნაციონალური მოძრაობა”,,7,კრწანისი,,5,ლილე,ლიპარტელიანი,ლილე ლიპარტელიანი,,,majoritarians_all.pdf
local_2017,__main__,council_smd,patriots,"„დავით თარხან-მოურავი, ირმა ინაშვილი - საქართველოს პატრიოტთა",,7,კრწანისი,,8,ალიანსი”თამარ,ბოყოველი,ალიანსი”თამარ ბოყოველი,,,majoritarians_all.pdf
local_2017,__main__,council_smd,patriots,„საქართველო”,,7,კრწანისი,,17,გიორგი,ფეიქრიშვილი,გიორგი ფეიქრიშვილი,,,majoritarians_all.pdf
local_2017,__main__,council_smd,construction_movement_2017,„შენების მოძრაობა”,,7,კრწანისი,,20,გოჩა,ბურდიაშვილი,გოჩა ბურდიაშვილი,,,majoritarians_all.pdf
local_2017,__main__,council_smd,vashadze_2017,საარჩევნო ბლოკი „გიორგი ვაშაძე - ერთობა ახალი საქართველო”,,7,კრწანისი,,27,ასმათ,იმერლიშვილი,ასმათ იმერლიშვილი,,,majoritarians_all.pdf
local_2017,__main__,council_smd,georgia_party,„სოციალისტური საქართველო - კომუნისტები”,,7,კრწანისი,,37,არიფ,თანირვერდიევი,არიფ თანირვერდიევი,,,majoritarians_all.pdf
local_2017,__main__,council_smd,peoples_unity_2017,საარჩევნო ბლოკი „სახალხო-ხალხის ერთსულოვნება”,,7,კრწანისი,,38,ვეფხვია,ღვალაძე,ვეფხვია ღვალაძე,,,majoritarians_all.pdf
local_2017,__main__,council_smd,progressive_democratic_2017,„ პროგრესულ-დემოკრატიული მოძრაობა”,,7,კრწანისი,,39,ნონა,ჯაიანი,ნონა ჯაიანი,,,majoritarians_all.pdf
local_2017,__main__,council_smd,gd,„ქართული ოცნება-დემოკრატიული საქართველო”,,7,კრწანისი,,41,თემურ,გორგაძე,თემურ გორგაძე,,,majoritarians_all.pdf
local_2017,__main__,council_smd,european_georgia,"საარჩევნო ბლოკი „ბაქრაძე, უგულავა-ევროპული საქართველო”",,9,ისანი,,2,მიმოზა,კოხია,მიმოზა კოხია,,,majoritarians_all.pdf
local_2017,__main__,council_smd,european_georgia,"საარჩევნო ბლოკი „ბაქრაძე, უგულავა-ევროპული საქართველო”",,10,ისანი,,2,ლია,მერაბიშვილი,ლია მერაბიშვილი,,,majoritarians_all.pdf
local_2017,__main__,council_smd,european_georgia,"საარჩევნო ბლოკი „ბაქრაძე, უგულავა-ევროპული საქართველო”",,8,ისანი,,2,გიორგი,შამიევი,გიორგი შამიევი,,,majoritarians_all.pdf
local_2017,__main__,council_smd,free_georgia,"საარჩევნო ბლოკი „დიმიტრი ლორთქიფანიძე, კახა კუკავა-დემოკრატიული მოძრაობა-თავისუფალი საქართველო”",,8,ისანი,,3,გია,ცხვარიაშვილი,გია ცხვარიაშვილი,,,majoritarians_all.pdf
local_2017,__main__,council_smd,free_georgia,"საარჩევნო ბლოკი „დიმიტრი ლორთქიფანიძე, კახა კუკავა-დემოკრატიული მოძრაობა-თავისუფალი საქართველო”",,9,ისანი,,3,ვლადიმერი,კობახიძე,ვლადიმერი კობახიძე,,,majoritarians_all.pdf
local_2017,__main__,council_smd,free_georgia,"საარჩევნო ბლოკი „დიმიტრი ლორთქიფანიძე, კახა კუკავა-დემოკრატიული მოძრაობა-თავისუფალი საქართველო”",,10,ისანი,,3,სვეტლანა,ქარდავა,სვეტლანა ქარდავა,,,majoritarians_all.pdf
local_2017,__main__,council_smd,unm,საარჩევნო ბლოკი „ერთიანი ნაციონალური მოძრაობა”,,8,ისანი,,5,გრიგოლი,გვილავა,გრიგოლი გვილავა,,,majoritarians_all.pdf
local_2017,__main__,council_smd,unm,საარჩევნო ბლოკი „ერთიანი ნაციონალური მოძრაობა”,,9,ისანი,,5,გიორგი,ვაჟბედაშვილი,გიორგი ვაჟბედაშვილი,,,majoritarians_all.pdf
local_2017,__main__,council_smd,unm,საარჩევნო ბლოკი „ერთიანი ნაციონალური მოძრაობა”,,10,ისანი,,5,ირაკლი,ნადირაძე,ირაკლი ნადირაძე,,,majoritarians_all.pdf
local_2017,__main__,council_smd,patriots,"„დავით თარხან-მოურავი, ირმა ინაშვილი - საქართველოს პატრიოტთა",,8,ისანი,,8,ალიანსი”ნიკოლოზ,კაჭკაჭური,ალიანსი”ნიკოლოზ კაჭკაჭური,,,majoritarians_all.pdf
local_2017,__main__,council_smd,patriots,"„დავით თარხან-მოურავი, ირმა ინაშვილი - საქართველოს პატრიოტთა",,10,ისანი,,8,ალიანსი”გიორგი,ბენაშვილი,ალიანსი”გიორგი ბენაშვილი,,,majoritarians_all.pdf
local_2017,__main__,council_smd,labour,„შალვა ნათელაშვილი - საქართველოს ლეიბორისტული პარტია”,,9,ისანი,,10,გია,ხუხიაშვილი,გია ხუხიაშვილი,,,majoritarians_all.pdf
local_2017,__main__,council_smd,workers_socialist,„ მშრომელთა სოციალისტური პარტია”,,8,ისანი,,15,ირინე,რუხაძე,ირინე რუხაძე,,,majoritarians_all.pdf
local_2017,__main__,council_smd,vashadze_2017,საარჩევნო ბლოკი „გიორგი ვაშაძე - ერთობა ახალი საქართველო”,,10,ისანი,,27,თეონა,ჭალიძე,თეონა ჭალიძე,,,majoritarians_all.pdf
local_2017,__main__,council_smd,vashadze_2017,საარჩევნო ბლოკი „გიორგი ვაშაძე - ერთობა ახალი საქართველო”,,9,ისანი,,27,გიორგი,ხაბურზანია,გიორგი ხაბურზანია,,,majoritarians_all.pdf
local_2017,__main__,council_smd,vashadze_2017,საარჩევნო ბლოკი „გიორგი ვაშაძე - ერთობა ახალი საქართველო”,,8,ისანი,,27,შაქრო,აივაზიანი,შაქრო აივაზიანი,,,majoritarians_all.pdf
local_2017,__main__,council_smd,georgia_party,„სოციალისტური საქართველო - კომუნისტები”,,9,ისანი,,37,ჟიული,სიყმაშვილი,ჟიული სიყმაშვილი,,,majoritarians_all.pdf
local_2017,__main__,council_smd,georgia_party,„სოციალისტური საქართველო - კომუნისტები”,,8,ისანი,,37,იოსები,ალავიძე,იოსები ალავიძე,,,majoritarians_all.pdf
local_2017,__main__,council_smd,peoples_unity_2017,საარჩევნო ბლოკი „სახალხო-ხალხის ერთსულოვნება”,,8,ისანი,,38,ნაილი,ფხიკიძე,ნაილი ფხიკიძე,,,majoritarians_all.pdf
local_2017,__main__,council_smd,peoples_unity_2017,საარჩევნო ბლოკი „სახალხო-ხალხის ერთსულოვნება”,,9,ისანი,,38,გიორგი,თარხნიშვილი,გიორგი თარხნიშვილი,,,majoritarians_all.pdf
local_2017,__main__,council_smd,progressive_democratic_2017,„ პროგრესულ-დემოკრატიული მოძრაობა”,,9,ისანი,,39,გოდერძი,ლომთათიძე,გოდერძი ლომთათიძე,,,majoritarians_all.pdf
local_2017,__main__,council_smd,progressive_democratic_2017,„ პროგრესულ-დემოკრატიული მოძრაობა”,,10,ისანი,,39,დავით,ჯორბენაძე,დავით ჯორბენაძე,,,majoritarians_all.pdf
local_2017,__main__,council_smd,progressive_democratic_2017,„ პროგრესულ-დემოკრატიული მოძრაობა”,,8,ისანი,,39,ნანა,მაისურაძე,ნანა მაისურაძე,,,majoritarians_all.pdf
local_2017,__main__,council_smd,gd,„ქართული ოცნება-დემოკრატიული საქართველო”,,10,ისანი,,41,ლევანი,დავითაშვილი,ლევანი დავითაშვილი,,,majoritarians_all.pdf
local_2017,__main__,council_smd,gd,„ქართული ოცნება-დემოკრატიული საქართველო”,,9,ისანი,,41,ნინო,ლაცაბიძე,ნინო ლაცაბიძე,,,majoritarians_all.pdf
local_2017,__main__,council_smd,gd,„ქართული ოცნება-დემოკრატიული საქართველო”,,8,ისანი,,41,ილია,ჯიშკარიანი,ილია ჯიშკარიანი,,,majoritarians_all.pdf
local_2017,__main__,council_smd,european_georgia,"საარჩევნო ბლოკი „ბაქრაძე, უგულავა-ევროპული საქართველო”",,11,სამგორი,,2,აკაკი,ველთაური,აკაკი ველთაური,,,majoritarians_all.pdf
local_2017,__main__,council_smd,european_georgia,"საარჩევნო ბლოკი „ბაქრაძე, უგულავა-ევროპული საქართველო”",,12,სამგორი,,2,თამაზ,ქავთარაძე,თამაზ ქავთარაძე,,,majoritarians_all.pdf
local_2017,__main__,council_smd,european_georgia,"საარჩევნო ბლოკი „ბაქრაძე, უგულავა-ევროპული საქართველო”",,13,სამგორი,,2,გოჩა,გოგოჭური,გოჩა გოგოჭური,,,majoritarians_all.pdf
local_2017,__main__,council_smd,european_georgia,"საარჩევნო ბლოკი „ბაქრაძე, უგულავა-ევროპული საქართველო”",,14,სამგორი,,2,დათო,ჟღენტი,დათო ჟღენტი,,,majoritarians_all.pdf
local_2017,__main__,council_smd,free_georgia,"საარჩევნო ბლოკი „დიმიტრი ლორთქიფანიძე, კახა კუკავა-დემოკრატიული მოძრაობა-თავისუფალი საქართველო”",,11,სამგორი,,3,ალექსანდრე,რიჟამაძე,ალექსანდრე რიჟამაძე,,,majoritarians_all.pdf
local_2017,__main__,council_smd,free_georgia,"საარჩევნო ბლოკი „დიმიტრი ლორთქიფანიძე, კახა კუკავა-დემოკრატიული მოძრაობა-თავისუფალი საქართველო”",,14,სამგორი,,3,ნოდარ,თეთრაძე,ნოდარ თეთრაძე,,,majoritarians_all.pdf
local_2017,__main__,council_smd,free_georgia,"საარჩევნო ბლოკი „დიმიტრი ლორთქიფანიძე, კახა კუკავა-დემოკრატიული მოძრაობა-თავისუფალი საქართველო”",,12,სამგორი,,3,ირაკლი,სანიკიძე,ირაკლი სანიკიძე,,,majoritarians_all.pdf
local_2017,__main__,council_smd,unm,საარჩევნო ბლოკი „ერთიანი ნაციონალური მოძრაობა”,,11,სამგორი,,5,შოთა,გრიგოლია,შოთა გრიგოლია,,,majoritarians_all.pdf
local_2017,__main__,council_smd,unm,საარჩევნო ბლოკი „ერთიანი ნაციონალური მოძრაობა”,,12,სამგორი,,5,ლევან,ხაბეიშვილი,ლევან ხაბეიშვილი,,,majoritarians_all.pdf
local_2017,__main__,council_smd,unm,საარჩევნო ბლოკი „ერთიანი ნაციონალური მოძრაობა”,,13,სამგორი,,5,თორნიკე,ბიკაშვილი,თორნიკე ბიკაშვილი,,,majoritarians_all.pdf
local_2017,__main__,council_smd,unm,საარჩევნო ბლოკი „ერთიანი ნაციონალური მოძრაობა”,,14,სამგორი,,5,ლევან,ბეჟაშვილი,ლევან ბეჟაშვილი,,,majoritarians_all.pdf
local_2017,__main__,council_smd,patriots,"„დავით თარხან-მოურავი, ირმა ინაშვილი - საქართველოს პატრიოტთა",,12,სამგორი,,8,ალიანსი”ვაჟა,ჯელაძე,ალიანსი”ვაჟა ჯელაძე,,,majoritarians_all.pdf
local_2017,__main__,council_smd,patriots,"„დავით თარხან-მოურავი, ირმა ინაშვილი - საქართველოს პატრიოტთა",,11,სამგორი,,8,ალიანსი”ტიგრან,ფარულავა,ალიანსი”ტიგრან ფარულავა,,,majoritarians_all.pdf
local_2017,__main__,council_smd,patriots,"„დავით თარხან-მოურავი, ირმა ინაშვილი - საქართველოს პატრიოტთა",,13,სამგორი,,8,ალიანსი”ბეჟან,გუნავა,ალიანსი”ბეჟან გუნავა,,,majoritarians_all.pdf
local_2017,__main__,council_smd,patriots,"„დავით თარხან-მოურავი, ირმა ინაშვილი - საქართველოს პატრიოტთა",,14,სამგორი,,8,ალიანსი”კობა,მახაური,ალიანსი”კობა მახაური,,,majoritarians_all.pdf
local_2017,__main__,council_smd,labour,„შალვა ნათელაშვილი - საქართველოს ლეიბორისტული პარტია”,,11,სამგორი,,10,აკაკი,ჯიყაშვილი,აკაკი ჯიყაშვილი,,,majoritarians_all.pdf
local_2017,__main__,council_smd,labour,„შალვა ნათელაშვილი - საქართველოს ლეიბორისტული პარტია”,,12,სამგორი,,10,ვაჟა,ბარბაქაძე,ვაჟა ბარბაქაძე,,,majoritarians_all.pdf
local_2017,__main__,council_smd,labour,„შალვა ნათელაშვილი - საქართველოს ლეიბორისტული პარტია”,,13,სამგორი,,10,ნათია,შარაშანიძე,ნათია შარაშანიძე,,,majoritarians_all.pdf
local_2017,__main__,council_smd,labour,„შალვა ნათელაშვილი - საქართველოს ლეიბორისტული პარტია”,,14,სამგორი,,10,იოსებ,ღვარძელაშვილი,იოსებ ღვარძელაშვილი,,,majoritarians_all.pdf
local_2017,__main__,council_smd,construction_movement_2017,„შენების მოძრაობა”,,14,სამგორი,,20,ზვიად,გელაშვილი,ზვიად გელაშვილი,,,majoritarians_all.pdf
local_2017,__main__,council_smd,vashadze_2017,საარჩევნო ბლოკი „გიორგი ვაშაძე - ერთობა ახალი საქართველო”,,14,სამგორი,,27,გიორგი,კუპატაძე,გიორგი კუპატაძე,,,majoritarians_all.pdf
local_2017,__main__,council_smd,vashadze_2017,საარჩევნო ბლოკი „გიორგი ვაშაძე - ერთობა ახალი საქართველო”,,13,სამგორი,,27,დარეჯან,ყანდაშვილი,დარეჯან ყანდაშვილი,,,majoritarians_all.pdf
local_2017,__main__,council_smd,vashadze_2017,საარჩევნო ბლოკი „გიორგი ვაშაძე - ერთობა ახალი საქართველო”,,11,სამგორი,,27,სერგო,გიგანი,სერგო გიგანი,,,majoritarians_all.pdf
local_2017,__main__,council_smd,vashadze_2017,საარჩევნო ბლოკი „გიორგი ვაშაძე - ერთობა ახალი საქართველო”,,12,სამგორი,,27,ბექა,ბაღნაშვილი,ბექა ბაღნაშვილი,,,majoritarians_all.pdf
local_2017,__main__,council_smd,georgia_party,„სოციალისტური საქართველო - კომუნისტები”,,14,სამგორი,,37,სერგო,ამბარიანი,სერგო ამბარიანი,,,majoritarians_all.pdf
local_2017,__main__,council_smd,georgia_party,„სოციალისტური საქართველო - კომუნისტები”,,12,სამგორი,,37,შორენა,ქორქია,შორენა ქორქია,,,majoritarians_all.pdf
local_2017,__main__,council_smd,peoples_unity_2017,საარჩევნო ბლოკი „სახალხო-ხალხის ერთსულოვნება”,,14,სამგორი,,38,მამუკა,ქათამაძე,მამუკა ქათამაძე,,,majoritarians_all.pdf
local_2017,__main__,council_smd,progressive_democratic_2017,„ პროგრესულ-დემოკრატიული მოძრაობა”,,11,სამგორი,,39,დიანა,შენგელია,დიანა შენგელია,,,majoritarians_all.pdf
local_2017,__main__,council_smd,progressive_democratic_2017,„ პროგრესულ-დემოკრატიული,,12,სამგორი,,39,მოძრაობა”,ქეთევანჭუჭულაშვილი-ბარბაქაძე,მოძრაობა” ქეთევანჭუჭულაშვილი-ბარბაქაძე,,,majoritarians_all.pdf
local_2017,__main__,council_smd,progressive_democratic_2017,„ პროგრესულ-დემოკრატიული მოძრაობა”,,13,სამგორი,,39,რუსლან,გვარაძე,რუსლან გვარაძე,,,majoritarians_all.pdf
local_2017,__main__,council_smd,progressive_democratic_2017,„ პროგრესულ-დემოკრატიული მოძრაობა”,,14,სამგორი,,39,ალექსი,გაბუნია,ალექსი გაბუნია,,,majoritarians_all.pdf
local_2017,__main__,council_smd,gd,„ქართული ოცნება-დემოკრატიული საქართველო”,,11,სამგორი,,41,რევაზ,სოხაძე,რევაზ სოხაძე,,,majoritarians_all.pdf
local_2017,__main__,council_smd,gd,„ქართული ოცნება-დემოკრატიული საქართველო”,,12,სამგორი,,41,გიორგი,დოხტურიშვილი,გიორგი დოხტურიშვილი,,,majoritarians_all.pdf
local_2017,__main__,council_smd,gd,„ქართული ოცნება-დემოკრატიული საქართველო”,,13,სამგორი,,41,გიორგი,ტყემალაძე,გიორგი ტყემალაძე,,,majoritarians_all.pdf
local_2017,__main__,council_smd,gd,„ქართული ოცნება-დემოკრატიული საქართველო”,,14,სამგორი,,41,ქეთევანი,მამულაშვილი,ქეთევანი მამულაშვილი,,,majoritarians_all.pdf
local_2017,__main__,council_smd,initiative_group,"საინიციატივო ჯგუფი - ზაზა ხურციძე, გოჩა ღუჭაშვილი, ზურაბ პეტრიაშვილი, რომანი ბადალიანი, ჯუმბერ გოგრიჭიანი",,13,სამგორი,,43,გულო,ზუმბაძე,გულო ზუმბაძე,,,majoritarians_all.pdf
local_2017,__main__,council_smd,european_georgia,"საარჩევნო ბლოკი „ბაქრაძე, უგულავა-ევროპული საქართველო”",,15,ჩუღურეთი,,2,გიორგი,მაკასარაშვილი,გიორგი მაკასარაშვილი,,,majoritarians_all.pdf
local_2017,__main__,council_smd,free_georgia,"საარჩევნო ბლოკი „დიმიტრი ლორთქიფანიძე, კახა კუკავა-დემოკრატიული მოძრაობა-თავისუფალი საქართველო”",,15,ჩუღურეთი,,3,მალხაზი,მაისაშვილი,მალხაზი მაისაშვილი,,,majoritarians_all.pdf
local_2017,__main__,council_smd,unm,საარჩევნო ბლოკი „ერთიანი ნაციონალური მოძრაობა”,,15,ჩუღურეთი,,5,გიორგი,რობაქიძე,გიორგი რობაქიძე,,,majoritarians_all.pdf
local_2017,__main__,council_smd,patriots,"„დავით თარხან-მოურავი, ირმა ინაშვილი - საქართველოს პატრიოტთა",,15,ჩუღურეთი,,8,ალიანსი”ზვიადი,გიორგაძე,ალიანსი”ზვიადი გიორგაძე,,,majoritarians_all.pdf
local_2017,__main__,council_smd,patriots,„საქართველო”,,15,ჩუღურეთი,,17,თეზიკო,ჯანუაშვილი,თეზიკო ჯანუაშვილი,,,majoritarians_all.pdf
local_2017,__main__,council_smd,construction_movement_2017,„შენების მოძრაობა”,,15,ჩუღურეთი,,20,გიორგი,ეპიტაშვილი,გიორგი ეპიტაშვილი,,,majoritarians_all.pdf
local_2017,__main__,council_smd,vashadze_2017,საარჩევნო ბლოკი „გიორგი ვაშაძე - ერთობა ახალი საქართველო”,,15,ჩუღურეთი,,27,მიხეილი,გელუკაშვილი,მიხეილი გელუკაშვილი,,,majoritarians_all.pdf
local_2017,__main__,council_smd,zviads_way,„ზვიადის გზა უფლის სახელით [სამართლიანობის აღდგენის კავშირი; მეანაბრეთა ასოციაცია; იპოთეკით დაზარალებულთა დარბაზი; ალტერნატიული პირადობის დაშვების ლიგა; უფალია ჩვენი სიმართლე]”,,15,ჩუღურეთი,,28,ნანა,კოდელაშვილი,ნანა კოდელაშვილი,,,majoritarians_all.pdf
local_2017,__main__,council_smd,georgia_party,„სოციალისტური საქართველო - კომუნისტები”,,15,ჩუღურეთი,,37,ციცინო,ცინცაძე,ციცინო ცინცაძე,,,majoritarians_all.pdf
local_2017,__main__,council_smd,progressive_democratic_2017,„ პროგრესულ-დემოკრატიული მოძრაობა”,,15,ჩუღურეთი,,39,ნაირა,იაშაღაშვილი,ნაირა იაშაღაშვილი,,,majoritarians_all.pdf
local_2017,__main__,council_smd,gd,„ქართული ოცნება-დემოკრატიული საქართველო”,,15,ჩუღურეთი,,41,რამინა,ბერაძე,რამინა ბერაძე,,,majoritarians_all.pdf
local_2017,__main__,council_smd,european_georgia,"საარჩევნო ბლოკი „ბაქრაძე, უგულავა-ევროპული საქართველო”",,16,დიდუბე,,2,გიორგი,წასიძე,გიორგი წასიძე,,,majoritarians_all.pdf
local_2017,__main__,council_smd,european_georgia,"საარჩევნო ბლოკი „ბაქრაძე, უგულავა-ევროპული საქართველო”",,17,დიდუბე,,2,ოთარი,ბიკაშვილი,ოთარი ბიკაშვილი,,,majoritarians_all.pdf
local_2017,__main__,council_smd,free_georgia,"საარჩევნო ბლოკი „დიმიტრი ლორთქიფანიძე, კახა კუკავა-დემოკრატიული მოძრაობა-თავისუფალი საქართველო”",,16,დიდუბე,,3,გიორგი,ფირცხალაიშვილი,გიორგი ფირცხალაიშვილი,,,majoritarians_all.pdf
local_2017,__main__,council_smd,free_georgia,"საარჩევნო ბლოკი „დიმიტრი ლორთქიფანიძე, კახა კუკავა-დემოკრატიული მოძრაობა-თავისუფალი საქართველო”",,17,დიდუბე,,3,ბექა,პეტრიაშვილი,ბექა პეტრიაშვილი,,,majoritarians_all.pdf
local_2017,__main__,council_smd,unm,საარჩევნო ბლოკი „ერთიანი ნაციონალური მოძრაობა”,,16,დიდუბე,,5,გიორგი,ჭანტურია,გიორგი ჭანტურია,,,majoritarians_all.pdf
local_2017,__main__,council_smd,unm,საარჩევნო ბლოკი „ერთიანი ნაციონალური მოძრაობა”,,17,დიდუბე,,5,გივი,კუბლაშვილი,გივი კუბლაშვილი,,,majoritarians_all.pdf
local_2017,__main__,council_smd,patriots,"„დავით თარხან-მოურავი, ირმა ინაშვილი - საქართველოს პატრიოტთა",,17,დიდუბე,,8,ალიანსი”კონსტანტინე,ხვთისიაშვილი,ალიანსი”კონსტანტინე ხვთისიაშვილი,,,majoritarians_all.pdf
local_2017,__main__,council_smd,patriots,"„დავით თარხან-მოურავი, ირმა ინაშვილი - საქართველოს პატრიოტთა",,16,დიდუბე,,8,ალიანსი”ვლადიმერ,ნონიკაშვილი,ალიანსი”ვლადიმერ ნონიკაშვილი,,,majoritarians_all.pdf
local_2017,__main__,council_smd,labour,„შალვა ნათელაშვილი - საქართველოს ლეიბორისტული პარტია”,,16,დიდუბე,,10,ბესიკი,ნოზაძე,ბესიკი ნოზაძე,,,majoritarians_all.pdf
local_2017,__main__,council_smd,patriots,„საქართველო”,,16,დიდუბე,,17,მაია,ჯაფარიძე,მაია ჯაფარიძე,,,majoritarians_all.pdf
local_2017,__main__,council_smd,patriots,„საქართველო”,,17,დიდუბე,,17,გია,კაიშაური,გია კაიშაური,,,majoritarians_all.pdf
local_2017,__main__,council_smd,construction_movement_2017,„შენების მოძრაობა”,,16,დიდუბე,,20,ნათია,ქობალია,ნათია ქობალია,,,majoritarians_all.pdf
local_2017,__main__,council_smd,construction_movement_2017,„შენების მოძრაობა”,,17,დიდუბე,,20,იოსებ,ვარდოშვილი,იოსებ ვარდოშვილი,,,majoritarians_all.pdf
local_2017,__main__,council_smd,vashadze_2017,საარჩევნო ბლოკი „გიორგი ვაშაძე - ერთობა ახალი საქართველო”,,16,დიდუბე,,27,ჟანა,მაჩალაძე,ჟანა მაჩალაძე,,,majoritarians_all.pdf
local_2017,__main__,council_smd,peoples_unity_2017,საარჩევნო ბლოკი „სახალხო-ხალხის ერთსულოვნება”,,16,დიდუბე,,38,ალექსანდრე,კობაიძე,ალექსანდრე კობაიძე,,,majoritarians_all.pdf
local_2017,__main__,council_smd,peoples_unity_2017,საარჩევნო ბლოკი „სახალხო-ხალხის ერთსულოვნება”,,17,დიდუბე,,38,კახაბერი,ადეიშვილი,კახაბერი ადეიშვილი,,,majoritarians_all.pdf
local_2017,__main__,council_smd,progressive_democratic_2017,„ პროგრესულ-დემოკრატიული მოძრაობა”,,17,დიდუბე,,39,მარინე,ჩაჩუა,მარინე ჩაჩუა,,,majoritarians_all.pdf
local_2017,__main__,council_smd,progressive_democratic_2017,„ პროგრესულ-დემოკრატიული მოძრაობა”,,16,დიდუბე,,39,ნანა,ხომასურიძე,ნანა ხომასურიძე,,,majoritarians_all.pdf
local_2017,__main__,council_smd,gd,„ქართული ოცნება-დემოკრატიული საქართველო”,,17,დიდუბე,,41,თარაშ,შურღაია,თარაშ შურღაია,,,majoritarians_all.pdf
local_2017,__main__,council_smd,gd,„ქართული ოცნება-დემოკრატიული საქართველო”,,16,დიდუბე,,41,ვლადიმერ,ძნელაძე,ვლადიმერ ძნელაძე,,,majoritarians_all.pdf
local_2017,__main__,council_smd,initiative_group,"საინიციატივო ჯგუფი - დავით ბირკაძე, რევაზ სვანიძე, შალვა მზარეულიშვიილი,ნიკა მუყასშვილი,ლევანი კოშაძე.",,16,დიდუბე,,43,გიორგი,ქაჯაია,გიორგი ქაჯაია,,,majoritarians_all.pdf
local_2017,__main__,council_smd,european_georgia,"საარჩევნო ბლოკი „ბაქრაძე, უგულავა-ევროპული საქართველო”",,18,ნაძალადევი,,2,შოთა,ქურდაძე,შოთა ქურდაძე,,,majoritarians_all.pdf
local_2017,__main__,council_smd,european_georgia,"საარჩევნო ბლოკი „ბაქრაძე, უგულავა-ევროპული საქართველო”",,19,ნაძალადევი,,2,თამთა,გოგოლაძე,თამთა გოგოლაძე,,,majoritarians_all.pdf
local_2017,__main__,council_smd,european_georgia,"საარჩევნო ბლოკი „ბაქრაძე, უგულავა-ევროპული საქართველო”",,20,ნაძალადევი,,2,ნიკოლოზ,მაისურაძე,ნიკოლოზ მაისურაძე,,,majoritarians_all.pdf
local_2017,__main__,council_smd,european_georgia,"საარჩევნო ბლოკი „ბაქრაძე, უგულავა-ევროპული საქართველო”",,21,ნაძალადევი,,2,გიორგი,ეგრისელაშვილი,გიორგი ეგრისელაშვილი,,,majoritarians_all.pdf
local_2017,__main__,council_smd,free_georgia,"საარჩევნო ბლოკი „დიმიტრი ლორთქიფანიძე, კახა კუკავა-დემოკრატიული მოძრაობა-თავისუფალი საქართველო”",,18,ნაძალადევი,,3,მარინე,მაისურაძე,მარინე მაისურაძე,,,majoritarians_all.pdf
local_2017,__main__,council_smd,free_georgia,"საარჩევნო ბლოკი „დიმიტრი ლორთქიფანიძე, კახა კუკავა-დემოკრატიული მოძრაობა-თავისუფალი საქართველო”",,19,ნაძალადევი,,3,მაია,ცინცაძე,მაია ცინცაძე,,,majoritarians_all.pdf
local_2017,__main__,council_smd,free_georgia,"საარჩევნო ბლოკი „დიმიტრი ლორთქიფანიძე, კახა კუკავა-დემოკრატიული მოძრაობა-თავისუფალი საქართველო”",,20,ნაძალადევი,,3,დავით,კუჭაშვილი,დავით კუჭაშვილი,,,majoritarians_all.pdf
local_2017,__main__,council_smd,free_georgia,"საარჩევნო ბლოკი „დიმიტრი ლორთქიფანიძე, კახა კუკავა-დემოკრატიული მოძრაობა-თავისუფალი საქართველო”",,21,ნაძალადევი,,3,ნიკოლოზ,ჯაში,ნიკოლოზ ჯაში,,,majoritarians_all.pdf
local_2017,__main__,council_smd,unm,საარჩევნო ბლოკი „ერთიანი ნაციონალური მოძრაობა”,,19,ნაძალადევი,,5,ბესიკ,დოდიაშვილი,ბესიკ დოდიაშვილი,,,majoritarians_all.pdf
local_2017,__main__,council_smd,unm,საარჩევნო ბლოკი „ერთიანი ნაციონალური მოძრაობა”,,18,ნაძალადევი,,5,მურმან,თხელიძე,მურმან თხელიძე,,,majoritarians_all.pdf
local_2017,__main__,council_smd,unm,საარჩევნო ბლოკი „ერთიანი ნაციონალური მოძრაობა”,,21,ნაძალადევი,,5,დავით,ჯანგველაძე,დავით ჯანგველაძე,,,majoritarians_all.pdf
local_2017,__main__,council_smd,unm,საარჩევნო ბლოკი „ერთიანი ნაციონალური მოძრაობა”,,20,ნაძალადევი,,5,რევაზ,სხულუხია,რევაზ სხულუხია,,,majoritarians_all.pdf
local_2017,__main__,council_smd,patriots,"„დავით თარხან-მოურავი, ირმა ინაშვილი - საქართველოს პატრიოტთა",,19,ნაძალადევი,,8,ალიანსი”ბაადურ,ლებანიძე,ალიანსი”ბაადურ ლებანიძე,,,majoritarians_all.pdf
local_2017,__main__,council_smd,patriots,"„დავით თარხან-მოურავი, ირმა ინაშვილი - საქართველოს პატრიოტთა",,21,ნაძალადევი,,8,ალიანსი”გიორგი,გოგოლაძე,ალიანსი”გიორგი გოგოლაძე,,,majoritarians_all.pdf
local_2017,__main__,council_smd,patriots,"„დავით თარხან-მოურავი, ირმა ინაშვილი - საქართველოს პატრიოტთა",,20,ნაძალადევი,,8,ალიანსი”ლეილა,ძიძიგური,ალიანსი”ლეილა ძიძიგური,,,majoritarians_all.pdf
local_2017,__main__,council_smd,patriots,"„დავით თარხან-მოურავი, ირმა ინაშვილი - საქართველოს პატრიოტთა",,18,ნაძალადევი,,8,ალიანსი”კონსტანტინე,დანელია,ალიანსი”კონსტანტინე დანელია,,,majoritarians_all.pdf
local_2017,__main__,council_smd,labour,„შალვა ნათელაშვილი - საქართველოს ლეიბორისტული პარტია”,,19,ნაძალადევი,,10,ზაზა,სიდამონიძე,ზაზა სიდამონიძე,,,majoritarians_all.pdf
local_2017,__main__,council_smd,labour,„შალვა ნათელაშვილი - საქართველოს ლეიბორისტული პარტია”,,21,ნაძალადევი,,10,მიხეილ,ქუმსიშვილი,მიხეილ ქუმსიშვილი,,,majoritarians_all.pdf
local_2017,__main__,council_smd,patriots,„საქართველო”,,21,ნაძალადევი,,17,ზურაბ,ვეფხვაძე,ზურაბ ვეფხვაძე,,,majoritarians_all.pdf
local_2017,__main__,council_smd,patriots,„საქართველო”,,20,ნაძალადევი,,17,მალხაზი,მუშკუდიანი,მალხაზი მუშკუდიანი,,,majoritarians_all.pdf
local_2017,__main__,council_smd,patriots,„საქართველო”,,19,ნაძალადევი,,17,გოგი,მთვარელიშვილი,გოგი მთვარელიშვილი,,,majoritarians_all.pdf
local_2017,__main__,council_smd,patriots,„საქართველო”,,18,ნაძალადევი,,17,ემა,არზიანი,ემა არზიანი,,,majoritarians_all.pdf
local_2017,__main__,council_smd,construction_movement_2017,„შენების მოძრაობა”,,21,ნაძალადევი,,20,გოჩა,მსხილაძე,გოჩა მსხილაძე,,,majoritarians_all.pdf
local_2017,__main__,council_smd,vashadze_2017,საარჩევნო ბლოკი „გიორგი ვაშაძე - ერთობა ახალი საქართველო”,,19,ნაძალადევი,,27,თინათინ,დარბაიძე,თინათინ დარბაიძე,,,majoritarians_all.pdf
local_2017,__main__,council_smd,vashadze_2017,საარჩევნო ბლოკი „გიორგი ვაშაძე - ერთობა ახალი საქართველო”,,20,ნაძალადევი,,27,ნათია,ტაბლიაშვილი,ნათია ტაბლიაშვილი,,,majoritarians_all.pdf
local_2017,__main__,council_smd,vashadze_2017,საარჩევნო ბლოკი „გიორგი ვაშაძე - ერთობა ახალი საქართველო”,,21,ნაძალადევი,,27,ვახტანგ,დიდებულიძე,ვახტანგ დიდებულიძე,,,majoritarians_all.pdf
local_2017,__main__,council_smd,vashadze_2017,საარჩევნო ბლოკი „გიორგი ვაშაძე - ერთობა ახალი საქართველო”,,18,ნაძალადევი,,27,ვალისა,ღვინჯილია,ვალისა ღვინჯილია,,,majoritarians_all.pdf
local_2017,__main__,council_smd,georgia_party,„სოციალისტური საქართველო - კომუნისტები”,,20,ნაძალადევი,,37,სერიოჟა,გეთია,სერიოჟა გეთია,,,majoritarians_all.pdf
local_2017,__main__,council_smd,georgia_party,„სოციალისტური საქართველო - კომუნისტები”,,19,ნაძალადევი,,37,ვაჟა,კანდელაკი,ვაჟა კანდელაკი,,,majoritarians_all.pdf
local_2017,__main__,council_smd,georgia_party,„სოციალისტური საქართველო - კომუნისტები”,,18,ნაძალადევი,,37,გია,ნემსაძე,გია ნემსაძე,,,majoritarians_all.pdf
local_2017,__main__,council_smd,georgia_party,„სოციალისტური საქართველო - კომუნისტები”,,21,ნაძალადევი,,37,ვაჟა,ბერიანიძე,ვაჟა ბერიანიძე,,,majoritarians_all.pdf
local_2017,__main__,council_smd,progressive_democratic_2017,„ პროგრესულ-დემოკრატიული მოძრაობა”,,21,ნაძალადევი,,39,არმენაკ,სარქისიან,არმენაკ სარქისიან,,,majoritarians_all.pdf
local_2017,__main__,council_smd,progressive_democratic_2017,„ პროგრესულ-დემოკრატიული მოძრაობა”,,18,ნაძალადევი,,39,ნიკოლოზ,ზაალიშვილი,ნიკოლოზ ზაალიშვილი,,,majoritarians_all.pdf
local_2017,__main__,council_smd,progressive_democratic_2017,„ პროგრესულ-დემოკრატიული მოძრაობა”,,20,ნაძალადევი,,39,გიორგი,ხაჩიძე,გიორგი ხაჩიძე,,,majoritarians_all.pdf
local_2017,__main__,council_smd,progressive_democratic_2017,„ პროგრესულ-დემოკრატიული მოძრაობა”,,19,ნაძალადევი,,39,ხათუნა,ვაჭრიძე,ხათუნა ვაჭრიძე,,,majoritarians_all.pdf
local_2017,__main__,council_smd,gd,„ქართული ოცნება-დემოკრატიული საქართველო”,,21,ნაძალადევი,,41,თამარ,ტალიაშვილი,თამარ ტალიაშვილი,,,majoritarians_all.pdf
local_2017,__main__,council_smd,gd,„ქართული ოცნება-დემოკრატიული საქართველო”,,18,ნაძალადევი,,41,დავით,ჭელიძე,დავით ჭელიძე,,,majoritarians_all.pdf
local_2017,__main__,council_smd,gd,„ქართული ოცნება-დემოკრატიული საქართველო”,,19,ნაძალადევი,,41,მიხეილ,ამაშუკელი,მიხეილ ამაშუკელი,,,majoritarians_all.pdf
local_2017,__main__,council_smd,gd,„ქართული ოცნება-დემოკრატიული საქართველო”,,20,ნაძალადევი,,41,ალექსანდრე,ხუჯაძე,ალექსანდრე ხუჯაძე,,,majoritarians_all.pdf
local_2017,__main__,council_smd,european_georgia,"საარჩევნო ბლოკი „ბაქრაძე, უგულავა-ევროპული საქართველო”",,25,გლდანი,,2,ბესარიონი,ლაკვეხელიანი,ბესარიონი ლაკვეხელიანი,,,majoritarians_all.pdf
local_2017,__main__,council_smd,european_georgia,"საარჩევნო ბლოკი „ბაქრაძე, უგულავა-ევროპული საქართველო”",,24,გლდანი,,2,ელენე,ოზაშვილი,ელენე ოზაშვილი,,,majoritarians_all.pdf
local_2017,__main__,council_smd,european_georgia,"საარჩევნო ბლოკი „ბაქრაძე, უგულავა-ევროპული საქართველო”",,22,გლდანი,,2,ბესარიონ,არველაძე,ბესარიონ არველაძე,,,majoritarians_all.pdf
local_2017,__main__,council_smd,european_georgia,"საარჩევნო ბლოკი „ბაქრაძე, უგულავა-ევროპული საქართველო”",,23,გლდანი,,2,იაკობ,ზაქარეიშვილი,იაკობ ზაქარეიშვილი,,,majoritarians_all.pdf
local_2017,__main__,council_smd,free_georgia,"საარჩევნო ბლოკი „დიმიტრი ლორთქიფანიძე, კახა კუკავა-დემოკრატიული მოძრაობა-თავისუფალი საქართველო”",,22,გლდანი,,3,არჩილ,გულიაშვილი,არჩილ გულიაშვილი,,,majoritarians_all.pdf
local_2017,__main__,council_smd,free_georgia,"საარჩევნო ბლოკი „დიმიტრი ლორთქიფანიძე, კახა კუკავა-დემოკრატიული მოძრაობა-თავისუფალი საქართველო”",,23,გლდანი,,3,მარინე,ცეცხლაძე,მარინე ცეცხლაძე,,,majoritarians_all.pdf
local_2017,__main__,council_smd,free_georgia,"საარჩევნო ბლოკი „დიმიტრი ლორთქიფანიძე, კახა კუკავა-დემოკრატიული მოძრაობა-თავისუფალი საქართველო”",,24,გლდანი,,3,თენგიზ,ჯგუშია,თენგიზ ჯგუშია,,,majoritarians_all.pdf
local_2017,__main__,council_smd,free_georgia,"საარჩევნო ბლოკი „დიმიტრი ლორთქიფანიძე, კახა კუკავა-დემოკრატიული მოძრაობა-თავისუფალი საქართველო”",,25,გლდანი,,3,ნინო,ჯურხაძე,ნინო ჯურხაძე,,,majoritarians_all.pdf
local_2017,__main__,council_smd,unm,საარჩევნო ბლოკი „ერთიანი ნაციონალური მოძრაობა”,,22,გლდანი,,5,თენგიზ,გიორგაძე,თენგიზ გიორგაძე,,,majoritarians_all.pdf
local_2017,__main__,council_smd,unm,საარჩევნო ბლოკი „ერთიანი ნაციონალური მოძრაობა”,,23,გლდანი,,5,მიხეილ,კაკაურიძე,მიხეილ კაკაურიძე,,,majoritarians_all.pdf
local_2017,__main__,council_smd,unm,საარჩევნო ბლოკი „ერთიანი ნაციონალური მოძრაობა”,,24,გლდანი,,5,გოჩა,კოკაია,გოჩა კოკაია,,,majoritarians_all.pdf
local_2017,__main__,council_smd,unm,საარჩევნო ბლოკი „ერთიანი ნაციონალური მოძრაობა”,,25,გლდანი,,5,გიორგი,ჟამუტაშვილი,გიორგი ჟამუტაშვილი,,,majoritarians_all.pdf
local_2017,__main__,council_smd,patriots,"„დავით თარხან-მოურავი, ირმა ინაშვილი - საქართველოს პატრიოტთა",,24,გლდანი,,8,ალიანსი”თათია,ცეკვავა,ალიანსი”თათია ცეკვავა,,,majoritarians_all.pdf
local_2017,__main__,council_smd,patriots,"„დავით თარხან-მოურავი, ირმა ინაშვილი - საქართველოს პატრიოტთა",,25,გლდანი,,8,ალიანსი”მამუკა,ტუსკაძე,ალიანსი”მამუკა ტუსკაძე,,,majoritarians_all.pdf
local_2017,__main__,council_smd,patriots,"„დავით თარხან-მოურავი, ირმა ინაშვილი - საქართველოს პატრიოტთა",,23,გლდანი,,8,ალიანსი”გიორგი,ხიზანიშვილი,ალიანსი”გიორგი ხიზანიშვილი,,,majoritarians_all.pdf
local_2017,__main__,council_smd,patriots,"„დავით თარხან-მოურავი, ირმა ინაშვილი - საქართველოს პატრიოტთა",,22,გლდანი,,8,ალიანსი”ნიტა,სიხარულიძე,ალიანსი”ნიტა სიხარულიძე,,,majoritarians_all.pdf
local_2017,__main__,council_smd,left_alliance,„მემარცხენე ალიანსი”,,22,გლდანი,,9,ირაკლი,ბიჭიკაშვილი,ირაკლი ბიჭიკაშვილი,,,majoritarians_all.pdf
local_2017,__main__,council_smd,labour,„შალვა ნათელაშვილი - საქართველოს ლეიბორისტული პარტია”,,22,გლდანი,,10,სულიკო,პატურაშვილი,სულიკო პატურაშვილი,,,majoritarians_all.pdf
local_2017,__main__,council_smd,labour,„შალვა ნათელაშვილი - საქართველოს ლეიბორისტული პარტია”,,23,გლდანი,,10,იოსებ,ირემაშვილი,იოსებ ირემაშვილი,,,majoritarians_all.pdf
local_2017,__main__,council_smd,labour,„შალვა ნათელაშვილი - საქართველოს ლეიბორისტული პარტია”,,24,გლდანი,,10,დალი,ყარაულაშვილი,დალი ყარაულაშვილი,,,majoritarians_all.pdf
local_2017,__main__,council_smd,labour,„შალვა ნათელაშვილი - საქართველოს ლეიბორისტული პარტია”,,25,გლდანი,,10,თამაზ,ხუციშვილი,თამაზ ხუციშვილი,,,majoritarians_all.pdf
local_2017,__main__,council_smd,patriots,„საქართველო”,,22,გლდანი,,17,პეტრე,მურაჩაშვილი,პეტრე მურაჩაშვილი,,,majoritarians_all.pdf
local_2017,__main__,council_smd,patriots,„საქართველო”,,23,გლდანი,,17,გრიგოლი,ბოგვერაძე,გრიგოლი ბოგვერაძე,,,majoritarians_all.pdf
local_2017,__main__,council_smd,construction_movement_2017,„შენების მოძრაობა”,,22,გლდანი,,20,გურამ,გურჩიანი,გურამ გურჩიანი,,,majoritarians_all.pdf
local_2017,__main__,council_smd,vashadze_2017,საარჩევნო ბლოკი „გიორგი ვაშაძე - ერთობა ახალი საქართველო”,,25,გლდანი,,27,ზვიად,ბარამიძე,ზვიად ბარამიძე,,,majoritarians_all.pdf
local_2017,__main__,council_smd,vashadze_2017,საარჩევნო ბლოკი „გიორგი ვაშაძე - ერთობა ახალი საქართველო”,,24,გლდანი,,27,ნინო,შუკვანი,ნინო შუკვანი,,,majoritarians_all.pdf
local_2017,__main__,council_smd,vashadze_2017,საარჩევნო ბლოკი „გიორგი ვაშაძე - ერთობა ახალი საქართველო”,,22,გლდანი,,27,ირაკლი,შეთეკაური,ირაკლი შეთეკაური,,,majoritarians_all.pdf
local_2017,__main__,council_smd,vashadze_2017,საარჩევნო ბლოკი „გიორგი ვაშაძე - ერთობა ახალი საქართველო”,,23,გლდანი,,27,ნანა,ტოხვაძე,ნანა ტოხვაძე,,,majoritarians_all.pdf
local_2017,__main__,council_smd,georgia_party,„სოციალისტური საქართველო - კომუნისტები”,,24,გლდანი,,37,ზორბეგი,ნაცვლიშვილი,ზორბეგი ნაცვლიშვილი,,,majoritarians_all.pdf
local_2017,__main__,council_smd,georgia_party,„სოციალისტური საქართველო - კომუნისტები”,,23,გლდანი,,37,მურაზა,თამოიანი,მურაზა თამოიანი,,,majoritarians_all.pdf
local_2017,__main__,council_smd,peoples_unity_2017,საარჩევნო ბლოკი „სახალხო-ხალხის ერთსულოვნება”,,23,გლდანი,,38,ზინა,ბესტაევა,ზინა ბესტაევა,,,majoritarians_all.pdf
local_2017,__main__,council_smd,peoples_unity_2017,საარჩევნო ბლოკი „სახალხო-ხალხის ერთსულოვნება”,,22,გლდანი,,38,ია,გაბედავა,ია გაბედავა,,,majoritarians_all.pdf
local_2017,__main__,council_smd,progressive_democratic_2017,„ პროგრესულ-დემოკრატიული მოძრაობა”,,22,გლდანი,,39,როინ,ნაჭყებია,როინ ნაჭყებია,,,majoritarians_all.pdf
local_2017,__main__,council_smd,progressive_democratic_2017,„ პროგრესულ-დემოკრატიული მოძრაობა”,,23,გლდანი,,39,მერი,ჩხენკელი,მერი ჩხენკელი,,,majoritarians_all.pdf
local_2017,__main__,council_smd,progressive_democratic_2017,„ პროგრესულ-დემოკრატიული მოძრაობა”,,24,გლდანი,,39,ნუნუ,მამარდაშვილი,ნუნუ მამარდაშვილი,,,majoritarians_all.pdf
local_2017,__main__,council_smd,progressive_democratic_2017,„ პროგრესულ-დემოკრატიული მოძრაობა”,,25,გლდანი,,39,მარიკა,კალანდაძე,მარიკა კალანდაძე,,,majoritarians_all.pdf
local_2017,__main__,council_smd,gd,„ქართული ოცნება-დემოკრატიული საქართველო”,,22,გლდანი,,41,შალვა,ოგბაიძე,შალვა ოგბაიძე,,,majoritarians_all.pdf
local_2017,__main__,council_smd,gd,„ქართული ოცნება-დემოკრატიული საქართველო”,,23,გლდანი,,41,გულია,გოცირიძე,გულია გოცირიძე,,,majoritarians_all.pdf
local_2017,__main__,council_smd,gd,„ქართული ოცნება-დემოკრატიული საქართველო”,,24,გლდანი,,41,ოთარი,გრიგოლია,ოთარი გრიგოლია,,,majoritarians_all.pdf
local_2017,__main__,council_smd,gd,„ქართული ოცნება-დემოკრატიული საქართველო”,,25,გლდანი,,41,ქეთევან,ჯოხაძე,ქეთევან ჯოხაძე,,,majoritarians_all.pdf
local_2017,__main__,council_smd,european_georgia,"საარჩევნო ბლოკი „ბაქრაძე, უგულავა-ევროპული საქართველო”",,4,საგარეჯო,,2,ვახტანგი,მესხიშვილი,ვახტანგი მესხიშვილი,,,majoritarians_all.pdf
local_2017,__main__,council_smd,european_georgia,"საარჩევნო ბლოკი „ბაქრაძე, უგულავა-ევროპული საქართველო”",,11,საგარეჯო,,2,გივი,დაბახიშვილი,გივი დაბახიშვილი,,,majoritarians_all.pdf
local_2017,__main__,council_smd,european_georgia,"საარჩევნო ბლოკი „ბაქრაძე, უგულავა-ევროპული საქართველო”",,12,საგარეჯო,,2,თამარი,მანძულაშვილი,თამარი მანძულაშვილი,,,majoritarians_all.pdf
local_2017,__main__,council_smd,european_georgia,"საარჩევნო ბლოკი „ბაქრაძე, უგულავა-ევროპული საქართველო”",,1,საგარეჯო,,2,ვალერი,შიოშვილი,ვალერი შიოშვილი,,,majoritarians_all.pdf
local_2017,__main__,council_smd,european_georgia,"საარჩევნო ბლოკი „ბაქრაძე, უგულავა-ევროპული საქართველო”",,15,საგარეჯო,,2,დარეჯანი,გაბრელაშვილი,დარეჯანი გაბრელაშვილი,,,majoritarians_all.pdf
local_2017,__main__,council_smd,european_georgia,"საარჩევნო ბლოკი „ბაქრაძე, უგულავა-ევროპული საქართველო”",,17,საგარეჯო,,2,კოშკარ,გუსეინოვი,კოშკარ გუსეინოვი,,,majoritarians_all.pdf
local_2017,__main__,council_smd,european_georgia,"საარჩევნო ბლოკი „ბაქრაძე, უგულავა-ევროპული საქართველო”",,19,საგარეჯო,,2,მახლუკ,ბაირამოვი,მახლუკ ბაირამოვი,,,majoritarians_all.pdf
local_2017,__main__,council_smd,european_georgia,"საარჩევნო ბლოკი „ბაქრაძე, უგულავა-ევროპული საქართველო”",,18,საგარეჯო,,2,მუბარიზ,მამედოვი,მუბარიზ მამედოვი,,,majoritarians_all.pdf
local_2017,__main__,council_smd,european_georgia,"საარჩევნო ბლოკი „ბაქრაძე, უგულავა-ევროპული საქართველო”",,7,საგარეჯო,,2,თაკო,გოგიტაშვილი,თაკო გოგიტაშვილი,,,majoritarians_all.pdf
local_2017,__main__,council_smd,european_georgia,"საარჩევნო ბლოკი „ბაქრაძე, უგულავა-ევროპული საქართველო”",,6,საგარეჯო,,2,ელისო,შიოშვილი,ელისო შიოშვილი,,,majoritarians_all.pdf
local_2017,__main__,council_smd,european_georgia,"საარჩევნო ბლოკი „ბაქრაძე, უგულავა-ევროპული საქართველო”",,7,საგარეჯო,,2,გიორგი,ქურხული,გიორგი ქურხული,,,majoritarians_all.pdf
local_2017,__main__,council_smd,european_georgia,"საარჩევნო ბლოკი „ბაქრაძე, უგულავა-ევროპული საქართველო”",,10,საგარეჯო,,2,გიორგი,ახალკაციშვილი,გიორგი ახალკაციშვილი,,,majoritarians_all.pdf
local_2017,__main__,council_smd,european_georgia,"საარჩევნო ბლოკი „ბაქრაძე, უგულავა-ევროპული საქართველო”",,14,საგარეჯო,,2,გოჩა,გიქორაშვილი,გოჩა გიქორაშვილი,,,majoritarians_all.pdf
local_2017,__main__,council_smd,european_georgia,"საარჩევნო ბლოკი „ბაქრაძე, უგულავა-ევროპული საქართველო”",,9,საგარეჯო,,2,ლარისა,ხუციშვილი,ლარისა ხუციშვილი,,,majoritarians_all.pdf
local_2017,__main__,council_smd,european_georgia,"საარჩევნო ბლოკი „ბაქრაძე, უგულავა-ევროპული საქართველო”",,8,საგარეჯო,,2,გიორგი,ჭიაბერაშვილი,გიორგი ჭიაბერაშვილი,,,majoritarians_all.pdf
local_2017,__main__,council_smd,european_georgia,"საარჩევნო ბლოკი „ბაქრაძე, უგულავა-ევროპული საქართველო”",,5,საგარეჯო,,2,თეიმურაზ,ყუშიტაშვილი,თეიმურაზ ყუშიტაშვილი,,,majoritarians_all.pdf
local_2017,__main__,council_smd,european_georgia,"საარჩევნო ბლოკი „ბაქრაძე, უგულავა-ევროპული საქართველო”",,16,საგარეჯო,,2,თეირანი,თუშიშვილი,თეირანი თუშიშვილი,,,majoritarians_all.pdf
local_2017,__main__,council_smd,european_georgia,"საარჩევნო ბლოკი „ბაქრაძე, უგულავა-ევროპული საქართველო”",,21,საგარეჯო,,2,ბექა,ასლამაზაშვილი,ბექა ასლამაზაშვილი,,,majoritarians_all.pdf
local_2017,__main__,council_smd,european_georgia,"საარჩევნო ბლოკი „ბაქრაძე, უგულავა-ევროპული საქართველო”",,2,საგარეჯო,,2,დავით,აფციაური,დავით აფციაური,,,majoritarians_all.pdf
local_2017,__main__,council_smd,european_georgia,"საარჩევნო ბლოკი „ბაქრაძე, უგულავა-ევროპული საქართველო”",,3,საგარეჯო,,2,გიორგი,დიღმელაშვილი,გიორგი დიღმელაშვილი,,,majoritarians_all.pdf
local_2017,__main__,council_smd,european_georgia,"საარჩევნო ბლოკი „ბაქრაძე, უგულავა-ევროპული საქართველო”",,13,საგარეჯო,,2,გიორგი,ამბარდნიშვილი,გიორგი ამბარდნიშვილი,,,majoritarians_all.pdf
local_2017,__main__,council_smd,free_georgia,"საარჩევნო ბლოკი „დიმიტრი ლორთქიფანიძე, კახა კუკავა-დემოკრატიული მოძრაობა-თავისუფალი საქართველო”",,4,საგარეჯო,,3,მარინე,ხატიაშვილი,მარინე ხატიაშვილი,,,majoritarians_all.pdf
local_2017,__main__,council_smd,free_georgia,"საარჩევნო ბლოკი „დიმიტრი ლორთქიფანიძე, კახა კუკავა-დემოკრატიული მოძრაობა-თავისუფალი საქართველო”",,5,საგარეჯო,,3,ვლადიმერ,უსტიაშვილი,ვლადიმერ უსტიაშვილი,,,majoritarians_all.pdf
local_2017,__main__,council_smd,free_georgia,"საარჩევნო ბლოკი „დიმიტრი ლორთქიფანიძე, კახა კუკავა-დემოკრატიული მოძრაობა-თავისუფალი საქართველო”",,21,საგარეჯო,,3,მამია,ჩართოლანი,მამია ჩართოლანი,,,majoritarians_all.pdf
local_2017,__main__,council_smd,free_georgia,"საარჩევნო ბლოკი „დიმიტრი ლორთქიფანიძე, კახა კუკავა-დემოკრატიული მოძრაობა-თავისუფალი საქართველო”",,19,საგარეჯო,,3,შახვალათ,ხეირხაბაროვი,შახვალათ ხეირხაბაროვი,,,majoritarians_all.pdf
local_2017,__main__,council_smd,free_georgia,"საარჩევნო ბლოკი „დიმიტრი ლორთქიფანიძე, კახა კუკავა-დემოკრატიული მოძრაობა-თავისუფალი საქართველო”",,14,საგარეჯო,,3,მერაბი,ჯავახიშვილი,მერაბი ჯავახიშვილი,,,majoritarians_all.pdf
local_2017,__main__,council_smd,free_georgia,"საარჩევნო ბლოკი „დიმიტრი ლორთქიფანიძე, კახა კუკავა-დემოკრატიული მოძრაობა-თავისუფალი საქართველო”",,16,საგარეჯო,,3,თამაზ,ხუროშვილი,თამაზ ხუროშვილი,,,majoritarians_all.pdf
local_2017,__main__,council_smd,free_georgia,"საარჩევნო ბლოკი „დიმიტრი ლორთქიფანიძე, კახა კუკავა-დემოკრატიული მოძრაობა-თავისუფალი საქართველო”",,8,საგარეჯო,,3,ვაჟა,კევლიშვილი,ვაჟა კევლიშვილი,,,majoritarians_all.pdf
local_2017,__main__,council_smd,free_georgia,"საარჩევნო ბლოკი „დიმიტრი ლორთქიფანიძე, კახა კუკავა-დემოკრატიული მოძრაობა-თავისუფალი საქართველო”",,13,საგარეჯო,,3,მალხაზ,ფილაური,მალხაზ ფილაური,,,majoritarians_all.pdf
local_2017,__main__,council_smd,free_georgia,"საარჩევნო ბლოკი „დიმიტრი ლორთქიფანიძე, კახა კუკავა-დემოკრატიული მოძრაობა-თავისუფალი საქართველო”",,7,საგარეჯო,,3,კახაბერი,ლაფერიშვილი,კახაბერი ლაფერიშვილი,,,majoritarians_all.pdf
local_2017,__main__,council_smd,free_georgia,"საარჩევნო ბლოკი „დიმიტრი ლორთქიფანიძე, კახა კუკავა-დემოკრატიული მოძრაობა-თავისუფალი საქართველო”",,7,საგარეჯო,,3,ვასილი,დარბაისელი,ვასილი დარბაისელი,,,majoritarians_all.pdf
local_2017,__main__,council_smd,unm,საარჩევნო ბლოკი „ერთიანი ნაციონალური მოძრაობა”,,3,საგარეჯო,,5,ირაკლი,ჯინჭარაძე,ირაკლი ჯინჭარაძე,,,majoritarians_all.pdf
local_2017,__main__,council_smd,unm,საარჩევნო ბლოკი „ერთიანი ნაციონალური მოძრაობა”,,8,საგარეჯო,,5,ვასილი,კანჯარაშვილი,ვასილი კანჯარაშვილი,,,majoritarians_all.pdf
local_2017,__main__,council_smd,unm,საარჩევნო ბლოკი „ერთიანი ნაციონალური მოძრაობა”,,6,საგარეჯო,,5,გიორგი,ხარატიძე,გიორგი ხარატიძე,,,majoritarians_all.pdf
local_2017,__main__,council_smd,unm,საარჩევნო ბლოკი „ერთიანი ნაციონალური მოძრაობა”,,2,საგარეჯო,,5,ივანე,დიდებაშვილი,ივანე დიდებაშვილი,,,majoritarians_all.pdf
local_2017,__main__,council_smd,unm,საარჩევნო ბლოკი „ერთიანი ნაციონალური მოძრაობა”,,1,საგარეჯო,,5,იდრის,მამედოვი,იდრის მამედოვი,,,majoritarians_all.pdf
local_2017,__main__,council_smd,unm,საარჩევნო ბლოკი „ერთიანი ნაციონალური მოძრაობა”,,7,საგარეჯო,,5,გიორგი,კუჭუაშვილი,გიორგი კუჭუაშვილი,,,majoritarians_all.pdf
local_2017,__main__,council_smd,unm,საარჩევნო ბლოკი „ერთიანი ნაციონალური მოძრაობა”,,7,საგარეჯო,,5,ალექსი,გოდერძიშვილი,ალექსი გოდერძიშვილი,,,majoritarians_all.pdf
local_2017,__main__,council_smd,unm,საარჩევნო ბლოკი „ერთიანი ნაციონალური მოძრაობა”,,5,საგარეჯო,,5,ნათია,უსტიაშვილი,ნათია უსტიაშვილი,,,majoritarians_all.pdf
local_2017,__main__,council_smd,unm,საარჩევნო ბლოკი „ერთიანი ნაციონალური მოძრაობა”,,4,საგარეჯო,,5,ოთარი,თამაზაშვილი,ოთარი თამაზაშვილი,,,majoritarians_all.pdf
local_2017,__main__,council_smd,unm,საარჩევნო ბლოკი „ერთიანი ნაციონალური მოძრაობა”,,20,საგარეჯო,,5,იოლჩუ,სულეიმანოვი,იოლჩუ სულეიმანოვი,,,majoritarians_all.pdf
local_2017,__main__,council_smd,unm,საარჩევნო ბლოკი „ერთიანი ნაციონალური მოძრაობა”,,21,საგარეჯო,,5,გაგი,გულბანი,გაგი გულბანი,,,majoritarians_all.pdf
local_2017,__main__,council_smd,unm,საარჩევნო ბლოკი „ერთიანი ნაციონალური მოძრაობა”,,19,საგარეჯო,,5,რამიზ,ეიბოვი,რამიზ ეიბოვი,,,majoritarians_all.pdf
local_2017,__main__,council_smd,unm,საარჩევნო ბლოკი „ერთიანი ნაციონალური მოძრაობა”,,9,საგარეჯო,,5,რომანი,პასიკაშვილი,რომანი პასიკაშვილი,,,majoritarians_all.pdf
local_2017,__main__,council_smd,unm,საარჩევნო ბლოკი „ერთიანი ნაციონალური მოძრაობა”,,14,საგარეჯო,,5,მარინე,ყაჭიური,მარინე ყაჭიური,,,majoritarians_all.pdf
local_2017,__main__,council_smd,unm,საარჩევნო ბლოკი „ერთიანი ნაციონალური მოძრაობა”,,11,საგარეჯო,,5,კახა,უცუნაშვილი,კახა უცუნაშვილი,,,majoritarians_all.pdf
local_2017,__main__,council_smd,unm,საარჩევნო ბლოკი „ერთიანი ნაციონალური მოძრაობა”,,10,საგარეჯო,,5,ვახტანგ,ოდიკაძე,ვახტანგ ოდიკაძე,,,majoritarians_all.pdf
local_2017,__main__,council_smd,unm,საარჩევნო ბლოკი „ერთიანი ნაციონალური მოძრაობა”,,18,საგარეჯო,,5,რასიმ,ასკეროვი,რასიმ ასკეროვი,,,majoritarians_all.pdf
local_2017,__main__,council_smd,unm,საარჩევნო ბლოკი „ერთიანი ნაციონალური მოძრაობა”,,17,საგარეჯო,,5,ორუჯ,კულიევი,ორუჯ კულიევი,,,majoritarians_all.pdf
local_2017,__main__,council_smd,unm,საარჩევნო ბლოკი „ერთიანი ნაციონალური მოძრაობა”,,16,საგარეჯო,,5,გელა,ჭამიაშვილი,გელა ჭამიაშვილი,,,majoritarians_all.pdf
local_2017,__main__,council_smd,unm,საარჩევნო ბლოკი „ერთიანი ნაციონალური მოძრაობა”,,15,საგარეჯო,,5,ელგუჯი,ზირაქაშვილი,ელგუჯი ზირაქაშვილი,,,majoritarians_all.pdf
local_2017,__main__,council_smd,unm,საარჩევნო ბლოკი „ერთიანი ნაციონალური მოძრაობა”,,13,საგარეჯო,,5,ივანე,კუზანაშვილი,ივანე კუზანაშვილი,,,majoritarians_all.pdf
local_2017,__main__,council_smd,unm,საარჩევნო ბლოკი „ერთიანი ნაციონალური მოძრაობა”,,12,საგარეჯო,,5,ნიკო,ღვინაშვილი,ნიკო ღვინაშვილი,,,majoritarians_all.pdf
local_2017,__main__,council_smd,patriots,"„დავით თარხან-მოურავი, ირმა ინაშვილი - საქართველოს პატრიოტთა",,7,საგარეჯო,,8,ალიანსი”ლევან,თედიაშვილი,ალიანსი”ლევან თედიაშვილი,,,majoritarians_all.pdf
local_2017,__main__,council_smd,patriots,"„დავით თარხან-მოურავი, ირმა ინაშვილი - საქართველოს პატრიოტთა",,6,საგარეჯო,,8,ალიანსი”შოთა,როსტომაშვილი,ალიანსი”შოთა როსტომაშვილი,,,majoritarians_all.pdf
local_2017,__main__,council_smd,patriots,"„დავით თარხან-მოურავი, ირმა ინაშვილი - საქართველოს პატრიოტთა",,8,საგარეჯო,,8,ალიანსი”გიორგი,კანჯარაშვილი,ალიანსი”გიორგი კანჯარაშვილი,,,majoritarians_all.pdf
local_2017,__main__,council_smd,patriots,"„დავით თარხან-მოურავი, ირმა ინაშვილი - საქართველოს პატრიოტთა",,5,საგარეჯო,,8,ალიანსი”ირმა,ზუკაკიშვილი,ალიანსი”ირმა ზუკაკიშვილი,,,majoritarians_all.pdf
local_2017,__main__,council_smd,patriots,"„დავით თარხან-მოურავი, ირმა ინაშვილი - საქართველოს პატრიოტთა",,1,საგარეჯო,,8,ალიანსი”ზაზა,ხიზანიშვილი,ალიანსი”ზაზა ხიზანიშვილი,,,majoritarians_all.pdf
local_2017,__main__,council_smd,patriots,"„დავით თარხან-მოურავი, ირმა ინაშვილი - საქართველოს პატრიოტთა",,7,საგარეჯო,,8,ალიანსი”მირიანი,აზარიაშვილი,ალიანსი”მირიანი აზარიაშვილი,,,majoritarians_all.pdf
local_2017,__main__,council_smd,patriots,"„დავით თარხან-მოურავი, ირმა ინაშვილი - საქართველოს პატრიოტთა",,13,საგარეჯო,,8,ალიანსი”ოთარი,ოთიაშვილი,ალიანსი”ოთარი ოთიაშვილი,,,majoritarians_all.pdf
local_2017,__main__,council_smd,patriots,"„დავით თარხან-მოურავი, ირმა ინაშვილი - საქართველოს პატრიოტთა",,14,საგარეჯო,,8,ალიანსი”სარქისა,ათაბეგაშვილი,ალიანსი”სარქისა ათაბეგაშვილი,,,majoritarians_all.pdf
local_2017,__main__,council_smd,patriots,"„დავით თარხან-მოურავი, ირმა ინაშვილი - საქართველოს პატრიოტთა",,21,საგარეჯო,,8,ალიანსი”გურამი,ჭინჭარაული,ალიანსი”გურამი ჭინჭარაული,,,majoritarians_all.pdf
local_2017,__main__,council_smd,patriots,"„დავით თარხან-მოურავი, ირმა ინაშვილი - საქართველოს პატრიოტთა",,2,საგარეჯო,,8,ალიანსი”თამაზი,აბგაიძე,ალიანსი”თამაზი აბგაიძე,,,majoritarians_all.pdf
local_2017,__main__,council_smd,patriots,"„დავით თარხან-მოურავი, ირმა ინაშვილი - საქართველოს პატრიოტთა",,11,საგარეჯო,,8,ალიანსი”ალექსანდრე,კუზანაშვილი,ალიანსი”ალექსანდრე კუზანაშვილი,,,majoritarians_all.pdf
local_2017,__main__,council_smd,patriots,"„დავით თარხან-მოურავი, ირმა ინაშვილი - საქართველოს პატრიოტთა",,12,საგარეჯო,,8,ალიანსი”გიორგი,გორელიშვილი,ალიანსი”გიორგი გორელიშვილი,,,majoritarians_all.pdf
local_2017,__main__,council_smd,patriots,"„დავით თარხან-მოურავი, ირმა ინაშვილი - საქართველოს პატრიოტთა",,4,საგარეჯო,,8,ალიანსი”ვახტანგ,ციქურიშვილი,ალიანსი”ვახტანგ ციქურიშვილი,,,majoritarians_all.pdf
local_2017,__main__,council_smd,patriots,"„დავით თარხან-მოურავი, ირმა ინაშვილი - საქართველოს პატრიოტთა",,10,საგარეჯო,,8,ალიანსი”დავითი,ჭიკაძე,ალიანსი”დავითი ჭიკაძე,,,majoritarians_all.pdf
local_2017,__main__,council_smd,patriots,"„დავით თარხან-მოურავი, ირმა ინაშვილი - საქართველოს პატრიოტთა",,9,საგარეჯო,,8,ალიანსი”გიორგი,ნარსია,ალიანსი”გიორგი ნარსია,,,majoritarians_all.pdf
local_2017,__main__,council_smd,patriots,"„დავით თარხან-მოურავი, ირმა ინაშვილი - საქართველოს პატრიოტთა",,16,საგარეჯო,,8,ალიანსი”ნინო,ხუროშვილი,ალიანსი”ნინო ხუროშვილი,,,majoritarians_all.pdf
local_2017,__main__,council_smd,patriots,"„დავით თარხან-მოურავი, ირმა ინაშვილი - საქართველოს პატრიოტთა",,3,საგარეჯო,,8,ალიანსი”უშანგი,ხინჩაგაშვილი,ალიანსი”უშანგი ხინჩაგაშვილი,,,majoritarians_all.pdf
local_2017,__main__,council_smd,labour,„შალვა ნათელაშვილი - საქართველოს ლეიბორისტული პარტია”,,16,საგარეჯო,,10,ზვიადი,ხუროშვილი,ზვიადი ხუროშვილი,,,majoritarians_all.pdf
local_2017,__main__,council_smd,peoples_unity_2017,საარჩევნო ბლოკი „სახალხო-ხალხის ერთსულოვნება”,,7,საგარეჯო,,38,გიორგი,ძაბილაშვილი,გიორგი ძაბილაშვილი,,,majoritarians_all.pdf
local_2017,__main__,council_smd,gd,„ქართული ოცნება-დემოკრატიული საქართველო”,,21,საგარეჯო,,41,ალექსი,იოსელიანი,ალექსი იოსელიანი,,,majoritarians_all.pdf
local_2017,__main__,council_smd,gd,„ქართული ოცნება-დემოკრატიული საქართველო”,,1,საგარეჯო,,41,დავითი,არაბული,დავითი არაბული,,,majoritarians_all.pdf
local_2017,__main__,council_smd,gd,„ქართული ოცნება-დემოკრატიული საქართველო”,,2,საგარეჯო,,41,ხათუნა,ბერიძე,ხათუნა ბერიძე,,,majoritarians_all.pdf
local_2017,__main__,council_smd,gd,„ქართული ოცნება-დემოკრატიული საქართველო”,,7,საგარეჯო,,41,ივანე,ივანიშვილი,ივანე ივანიშვილი,,,majoritarians_all.pdf
local_2017,__main__,council_smd,gd,„ქართული ოცნება-დემოკრატიული საქართველო”,,10,საგარეჯო,,41,ვეფხია,ჩერქეზიშვილი,ვეფხია ჩერქეზიშვილი,,,majoritarians_all.pdf
local_2017,__main__,council_smd,gd,„ქართული ოცნება-დემოკრატიული საქართველო”,,8,საგარეჯო,,41,ივანე,ბეჟიაშვილი,ივანე ბეჟიაშვილი,,,majoritarians_all.pdf
local_2017,__main__,council_smd,gd,„ქართული ოცნება-დემოკრატიული საქართველო”,,9,საგარეჯო,,41,გიორგი,მუჩიაშვილი,გიორგი მუჩიაშვილი,,,majoritarians_all.pdf
local_2017,__main__,council_smd,gd,„ქართული ოცნება-დემოკრატიული საქართველო”,,4,საგარეჯო,,41,ნიკო,ნახუცრიშვილი,ნიკო ნახუცრიშვილი,,,majoritarians_all.pdf
local_2017,__main__,council_smd,gd,„ქართული ოცნება-დემოკრატიული საქართველო”,,3,საგარეჯო,,41,თამუნა,ნაკანი,თამუნა ნაკანი,,,majoritarians_all.pdf
local_2017,__main__,council_smd,gd,„ქართული ოცნება-დემოკრატიული საქართველო”,,5,საგარეჯო,,41,დავითი,თათრიშვილი,დავითი თათრიშვილი,,,majoritarians_all.pdf
local_2017,__main__,council_smd,gd,„ქართული ოცნება-დემოკრატიული საქართველო”,,7,საგარეჯო,,41,ოთარ,ჩალათაშვილი,ოთარ ჩალათაშვილი,,,majoritarians_all.pdf
local_2017,__main__,council_smd,gd,„ქართული ოცნება-დემოკრატიული საქართველო”,,19,საგარეჯო,,41,ილგარ,ოჯახვერდიევი,ილგარ ოჯახვერდიევი,,,majoritarians_all.pdf
local_2017,__main__,council_smd,gd,„ქართული ოცნება-დემოკრატიული საქართველო”,,15,საგარეჯო,,41,სოსო,ჭიკაძე,სოსო ჭიკაძე,,,majoritarians_all.pdf
local_2017,__main__,council_smd,gd,„ქართული ოცნება-დემოკრატიული საქართველო”,,16,საგარეჯო,,41,თენგიზი,ძირკველიშვილი,თენგიზი ძირკველიშვილი,,,majoritarians_all.pdf
local_2017,__main__,council_smd,gd,„ქართული ოცნება-დემოკრატიული საქართველო”,,6,საგარეჯო,,41,ელენე,სამხთუაშვილი,ელენე სამხთუაშვილი,,,majoritarians_all.pdf
local_2017,__main__,council_smd,gd,„ქართული ოცნება-დემოკრატიული საქართველო”,,14,საგარეჯო,,41,ავთანდილი,გოგიაშვილი,ავთანდილი გოგიაშვილი,,,majoritarians_all.pdf
local_2017,__main__,council_smd,gd,„ქართული ოცნება-დემოკრატიული საქართველო”,,13,საგარეჯო,,41,დიმიტრი,მჭედლიშვილი,დიმიტრი მჭედლიშვილი,,,majoritarians_all.pdf
local_2017,__main__,council_smd,gd,„ქართული ოცნება-დემოკრატიული საქართველო”,,12,საგარეჯო,,41,მამუკა,ჯაჭვაძე,მამუკა ჯაჭვაძე,,,majoritarians_all.pdf
local_2017,__main__,council_smd,gd,„ქართული ოცნება-დემოკრატიული საქართველო”,,17,საგარეჯო,,41,აიაზ,ბაირამოვი,აიაზ ბაირამოვი,,,majoritarians_all.pdf
local_2017,__main__,council_smd,gd,„ქართული ოცნება-დემოკრატიული საქართველო”,,20,საგარეჯო,,41,ეთბარ,ილიასოვი,ეთბარ ილიასოვი,,,majoritarians_all.pdf
local_2017,__main__,council_smd,gd,„ქართული ოცნება-დემოკრატიული საქართველო”,,18,საგარეჯო,,41,ელშად,კურბანოვი,ელშად კურბანოვი,,,majoritarians_all.pdf
local_2017,__main__,council_smd,gd,„ქართული ოცნება-დემოკრატიული საქართველო”,,11,საგარეჯო,,41,ნიკო,გიუაშვილი,ნიკო გიუაშვილი,,,majoritarians_all.pdf
local_2017,__main__,council_smd,initiative_group,"საინიციატივო ჯგუფი - 7. თურან თაზახანოვი, მახმად ალაზოვი, ორუჯ მირზალიევი, ისმაილ ისაევი, საბუთაი ალიევი",,17,საგარეჯო,,42,მახმად,მამედოვი,მახმად მამედოვი,,,majoritarians_all.pdf
local_2017,__main__,council_smd,initiative_group,"საინიციატივო ჯგუფი - 4. გიორგი ნიბლოშვილი, მერაბი ქმოსტელი, თეიმურაზ ბუჯიაშვილი, ლერი დევლარიშვილი,ხვიჩა თამაზაშვილი",,1,საგარეჯო,,42,იაგო,ღრუბელაშვილი,იაგო ღრუბელაშვილი,,,majoritarians_all.pdf
local_2017,__main__,council_smd,initiative_group,"საინიციატივო ჯგუფი - 2. მინდია ჯეირანაშვილი, თორნიკე ღოღელიანი, ვალერიან ჭუნაშვილი, იოსები მანაგაძე, ივანე შიოლაშვილი",,3,საგარეჯო,,42,კონსტანტინე,ღოღელიანი,კონსტანტინე ღოღელიანი,,,majoritarians_all.pdf
local_2017,__main__,council_smd,initiative_group,"საინიციატივო ჯგუფი - 3. გიორგი ბასლიკაშვილი, ვალერი მამისაშვილი, რამაზი კევლიშვილი, მიხეილ დიღმელაშვილი, მიხეილ გორელაშვილი",,8,საგარეჯო,,42,გიორგი,კაკუტაშვილი,გიორგი კაკუტაშვილი,,,majoritarians_all.pdf
local_2017,__main__,council_smd,european_georgia,"საარჩევნო ბლოკი „ბაქრაძე, უგულავა-ევროპული საქართველო”",,23,გურჯაანი,,2,ლევანი,ზურაბაშვილი,ლევანი ზურაბაშვილი,,,majoritarians_all.pdf
local_2017,__main__,council_smd,european_georgia,"საარჩევნო ბლოკი „ბაქრაძე, უგულავა-ევროპული საქართველო”",,2,გურჯაანი,,2,არჩილ,ნაპირელი,არჩილ ნაპირელი,,,majoritarians_all.pdf
local_2017,__main__,council_smd,european_georgia,"საარჩევნო ბლოკი „ბაქრაძე, უგულავა-ევროპული საქართველო”",,1,გურჯაანი,,2,ილია,ჩიკვილაძე,ილია ჩიკვილაძე,,,majoritarians_all.pdf
local_2017,__main__,council_smd,european_georgia,"საარჩევნო ბლოკი „ბაქრაძე, უგულავა-ევროპული საქართველო”",,5,გურჯაანი,,2,გიორგი,ბაწელაშვილი,გიორგი ბაწელაშვილი,,,majoritarians_all.pdf
local_2017,__main__,council_smd,european_georgia,"საარჩევნო ბლოკი „ბაქრაძე, უგულავა-ევროპული საქართველო”",,6,გურჯაანი,,2,მიხეილი,ბეჟანიშვილი,მიხეილი ბეჟანიშვილი,,,majoritarians_all.pdf
local_2017,__main__,council_smd,european_georgia,"საარჩევნო ბლოკი „ბაქრაძე, უგულავა-ევროპული საქართველო”",,3,გურჯაანი,,2,თამაზი,ჯაჭვაძე,თამაზი ჯაჭვაძე,,,majoritarians_all.pdf
local_2017,__main__,council_smd,european_georgia,"საარჩევნო ბლოკი „ბაქრაძე, უგულავა-ევროპული საქართველო”",,4,გურჯაანი,,2,გიორგი,კულულაშვილი,გიორგი კულულაშვილი,,,majoritarians_all.pdf
local_2017,__main__,council_smd,european_georgia,"საარჩევნო ბლოკი „ბაქრაძე, უგულავა-ევროპული საქართველო”",,22,გურჯაანი,,2,ლევანი,ათუაშვილი,ლევანი ათუაშვილი,,,majoritarians_all.pdf
local_2017,__main__,council_smd,european_georgia,"საარჩევნო ბლოკი „ბაქრაძე, უგულავა-ევროპული საქართველო”",,21,გურჯაანი,,2,ამირანი,ჩომახაშვილი,ამირანი ჩომახაშვილი,,,majoritarians_all.pdf
local_2017,__main__,council_smd,european_georgia,"საარჩევნო ბლოკი „ბაქრაძე, უგულავა-ევროპული საქართველო”",,20,გურჯაანი,,2,ალექსანდრე,ზირაქაშვილი,ალექსანდრე ზირაქაშვილი,,,majoritarians_all.pdf
local_2017,__main__,council_smd,european_georgia,"საარჩევნო ბლოკი „ბაქრაძე, უგულავა-ევროპული საქართველო”",,11,გურჯაანი,,2,ეთერი,სონღულაშვილი,ეთერი სონღულაშვილი,,,majoritarians_all.pdf
local_2017,__main__,council_smd,european_georgia,"საარჩევნო ბლოკი „ბაქრაძე, უგულავა-ევროპული საქართველო”",,19,გურჯაანი,,2,ჯუმბერი,ქუფარაშვილი,ჯუმბერი ქუფარაშვილი,,,majoritarians_all.pdf
local_2017,__main__,council_smd,european_georgia,"საარჩევნო ბლოკი „ბაქრაძე, უგულავა-ევროპული საქართველო”",,12,გურჯაანი,,2,ლევანი,ჯანიაშვილი,ლევანი ჯანიაშვილი,,,majoritarians_all.pdf
local_2017,__main__,council_smd,european_georgia,"საარჩევნო ბლოკი „ბაქრაძე, უგულავა-ევროპული საქართველო”",,13,გურჯაანი,,2,ვლადიმერ,მინდორაშვილი,ვლადიმერ მინდორაშვილი,,,majoritarians_all.pdf
local_2017,__main__,council_smd,european_georgia,"საარჩევნო ბლოკი „ბაქრაძე, უგულავა-ევროპული საქართველო”",,14,გურჯაანი,,2,ლია,შველაშვილი,ლია შველაშვილი,,,majoritarians_all.pdf
local_2017,__main__,council_smd,european_georgia,"საარჩევნო ბლოკი „ბაქრაძე, უგულავა-ევროპული საქართველო”",,15,გურჯაანი,,2,გურამი,ხატიაშვილი,გურამი ხატიაშვილი,,,majoritarians_all.pdf
local_2017,__main__,council_smd,european_georgia,"საარჩევნო ბლოკი „ბაქრაძე, უგულავა-ევროპული საქართველო”",,16,გურჯაანი,,2,ვალერი,ბარნაბიშვილი,ვალერი ბარნაბიშვილი,,,majoritarians_all.pdf
local_2017,__main__,council_smd,european_georgia,"საარჩევნო ბლოკი „ბაქრაძე, უგულავა-ევროპული საქართველო”",,17,გურჯაანი,,2,ვალერი,ირომაშვილი,ვალერი ირომაშვილი,,,majoritarians_all.pdf
local_2017,__main__,council_smd,european_georgia,"საარჩევნო ბლოკი „ბაქრაძე, უგულავა-ევროპული საქართველო”",,18,გურჯაანი,,2,სოფიკო,გოგილაშვილი,სოფიკო გოგილაშვილი,,,majoritarians_all.pdf
local_2017,__main__,council_smd,european_georgia,"საარჩევნო ბლოკი „ბაქრაძე, უგულავა-ევროპული საქართველო”",,9,გურჯაანი,,2,ვასილი,უტიაშვილი,ვასილი უტიაშვილი,,,majoritarians_all.pdf
local_2017,__main__,council_smd,european_georgia,"საარჩევნო ბლოკი „ბაქრაძე, უგულავა-ევროპული საქართველო”",,10,გურჯაანი,,2,მარინე,თევდორაშვილი,მარინე თევდორაშვილი,,,majoritarians_all.pdf
local_2017,__main__,council_smd,european_georgia,"საარჩევნო ბლოკი „ბაქრაძე, უგულავა-ევროპული საქართველო”",,8,გურჯაანი,,2,ზურაბი,რუაძე,ზურაბი რუაძე,,,majoritarians_all.pdf
local_2017,__main__,council_smd,european_georgia,"საარჩევნო ბლოკი „ბაქრაძე, უგულავა-ევროპული საქართველო”",,9,გურჯაანი,,2,ბადური,ღვინიაშვილი,ბადური ღვინიაშვილი,,,majoritarians_all.pdf
local_2017,__main__,council_smd,european_georgia,"საარჩევნო ბლოკი „ბაქრაძე, უგულავა-ევროპული საქართველო”",,7,გურჯაანი,,2,როინი,კობიაშვილი,როინი კობიაშვილი,,,majoritarians_all.pdf
local_2017,__main__,council_smd,free_georgia,"საარჩევნო ბლოკი „დიმიტრი ლორთქიფანიძე, კახა კუკავა-დემოკრატიული მოძრაობა-თავისუფალი საქართველო”",,9,გურჯაანი,,3,ალექსანდრე,გეთიაშვილი,ალექსანდრე გეთიაშვილი,,,majoritarians_all.pdf
local_2017,__main__,council_smd,free_georgia,"საარჩევნო ბლოკი „დიმიტრი ლორთქიფანიძე, კახა კუკავა-დემოკრატიული მოძრაობა-თავისუფალი საქართველო”",,12,გურჯაანი,,3,პაატა,ბერიკაშვილი,პაატა ბერიკაშვილი,,,majoritarians_all.pdf
local_2017,__main__,council_smd,free_georgia,"საარჩევნო ბლოკი „დიმიტრი ლორთქიფანიძე, კახა კუკავა-დემოკრატიული მოძრაობა-თავისუფალი საქართველო”",,4,გურჯაანი,,3,ბესიკი,ონაშვილი,ბესიკი ონაშვილი,,,majoritarians_all.pdf
local_2017,__main__,council_smd,free_georgia,"საარჩევნო ბლოკი „დიმიტრი ლორთქიფანიძე, კახა კუკავა-დემოკრატიული მოძრაობა-თავისუფალი საქართველო”",,9,გურჯაანი,,3,გიორგი,გიგნაძე,გიორგი გიგნაძე,,,majoritarians_all.pdf
local_2017,__main__,council_smd,unm,საარჩევნო ბლოკი „ერთიანი ნაციონალური მოძრაობა”,,3,გურჯაანი,,5,მარი,ქევხიშვილი,მარი ქევხიშვილი,,,majoritarians_all.pdf
local_2017,__main__,council_smd,unm,საარჩევნო ბლოკი „ერთიანი ნაციონალური მოძრაობა”,,18,გურჯაანი,,5,ჯონი,ამისულაშვილი,ჯონი ამისულაშვილი,,,majoritarians_all.pdf
local_2017,__main__,council_smd,unm,საარჩევნო ბლოკი „ერთიანი ნაციონალური მოძრაობა”,,5,გურჯაანი,,5,თეონა,ამონაშვილი,თეონა ამონაშვილი,,,majoritarians_all.pdf
local_2017,__main__,council_smd,unm,საარჩევნო ბლოკი „ერთიანი ნაციონალური მოძრაობა”,,1,გურჯაანი,,5,თომა,მოსემღვდლიშვილი,თომა მოსემღვდლიშვილი,,,majoritarians_all.pdf
local_2017,__main__,council_smd,unm,საარჩევნო ბლოკი „ერთიანი ნაციონალური მოძრაობა”,,23,გურჯაანი,,5,გიორგი,ზარდიაშვილი,გიორგი ზარდიაშვილი,,,majoritarians_all.pdf
local_2017,__main__,council_smd,unm,საარჩევნო ბლოკი „ერთიანი ნაციონალური მოძრაობა”,,13,გურჯაანი,,5,შენგელი,აფთარაშვილი,შენგელი აფთარაშვილი,,,majoritarians_all.pdf
local_2017,__main__,council_smd,unm,საარჩევნო ბლოკი „ერთიანი ნაციონალური მოძრაობა”,,15,გურჯაანი,,5,თამაზი,გოგებაშვილი,თამაზი გოგებაშვილი,,,majoritarians_all.pdf
local_2017,__main__,council_smd,unm,საარჩევნო ბლოკი „ერთიანი ნაციონალური მოძრაობა”,,10,გურჯაანი,,5,ავთანდილ,იმერლიშვილი,ავთანდილ იმერლიშვილი,,,majoritarians_all.pdf
local_2017,__main__,council_smd,unm,საარჩევნო ბლოკი „ერთიანი ნაციონალური მოძრაობა”,,16,გურჯაანი,,5,მაკა,ფრიდონაშვილი-დადაშევა,მაკა ფრიდონაშვილი-დადაშევა,,,majoritarians_all.pdf
local_2017,__main__,council_smd,unm,საარჩევნო ბლოკი „ერთიანი ნაციონალური მოძრაობა”,,6,გურჯაანი,,5,ლალი,ჯვარისაშვილი,ლალი ჯვარისაშვილი,,,majoritarians_all.pdf
local_2017,__main__,council_smd,unm,საარჩევნო ბლოკი „ერთიანი ნაციონალური მოძრაობა”,,22,გურჯაანი,,5,ალექსანდრე,იაცენკო,ალექსანდრე იაცენკო,,,majoritarians_all.pdf
local_2017,__main__,council_smd,unm,საარჩევნო ბლოკი „ერთიანი ნაციონალური მოძრაობა”,,4,გურჯაანი,,5,ვალოდია,ყალაბეგაშვილი,ვალოდია ყალაბეგაშვილი,,,majoritarians_all.pdf
local_2017,__main__,council_smd,unm,საარჩევნო ბლოკი „ერთიანი ნაციონალური მოძრაობა”,,2,გურჯაანი,,5,გიორგი,ლეგაშვილი,გიორგი ლეგაშვილი,,,majoritarians_all.pdf
local_2017,__main__,council_smd,unm,საარჩევნო ბლოკი „ერთიანი ნაციონალური მოძრაობა”,,14,გურჯაანი,,5,მალხაზი,ლუაშვილი,მალხაზი ლუაშვილი,,,majoritarians_all.pdf
local_2017,__main__,council_smd,unm,საარჩევნო ბლოკი „ერთიანი ნაციონალური მოძრაობა”,,7,გურჯაანი,,5,მამუკა,სააკაშვილი,მამუკა სააკაშვილი,,,majoritarians_all.pdf
local_2017,__main__,council_smd,unm,საარჩევნო ბლოკი „ერთიანი ნაციონალური მოძრაობა”,,12,გურჯაანი,,5,ელმირა,ბეციაშვილი,ელმირა ბეციაშვილი,,,majoritarians_all.pdf
local_2017,__main__,council_smd,unm,საარჩევნო ბლოკი „ერთიანი ნაციონალური მოძრაობა”,,9,გურჯაანი,,5,თემური,ბუწაშვილი,თემური ბუწაშვილი,,,majoritarians_all.pdf
local_2017,__main__,council_smd,unm,საარჩევნო ბლოკი „ერთიანი ნაციონალური მოძრაობა”,,8,გურჯაანი,,5,უჩა,ქემაშვილი,უჩა ქემაშვილი,,,majoritarians_all.pdf
local_2017,__main__,council_smd,unm,საარჩევნო ბლოკი „ერთიანი ნაციონალური მოძრაობა”,,9,გურჯაანი,,5,მარინა,ლაფაჩიშვილი,მარინა ლაფაჩიშვილი,,,majoritarians_all.pdf
local_2017,__main__,council_smd,patriots,"„დავით თარხან-მოურავი, ირმა ინაშვილი - საქართველოს პატრიოტთა",,3,გურჯაანი,,8,ალიანსი”გიორგი,ჩეკურიშვილი,ალიანსი”გიორგი ჩეკურიშვილი,,,majoritarians_all.pdf
local_2017,__main__,council_smd,patriots,"„დავით თარხან-მოურავი, ირმა ინაშვილი - საქართველოს პატრიოტთა",,4,გურჯაანი,,8,ალიანსი”გიორგი,სოლომნიშვილი,ალიანსი”გიორგი სოლომნიშვილი,,,majoritarians_all.pdf
local_2017,__main__,council_smd,patriots,"„დავით თარხან-მოურავი, ირმა ინაშვილი - საქართველოს პატრიოტთა",,5,გურჯაანი,,8,ალიანსი”ხათუნა,თარხნიშვილი,ალიანსი”ხათუნა თარხნიშვილი,,,majoritarians_all.pdf
local_2017,__main__,council_smd,patriots,"„დავით თარხან-მოურავი, ირმა ინაშვილი - საქართველოს პატრიოტთა",,6,გურჯაანი,,8,ალიანსი”სიმონ,ოსიაშვილი,ალიანსი”სიმონ ოსიაშვილი,,,majoritarians_all.pdf
local_2017,__main__,council_smd,patriots,"„დავით თარხან-მოურავი, ირმა ინაშვილი - საქართველოს პატრიოტთა",,7,გურჯაანი,,8,ალიანსი”ლევანი,მაისურაძე,ალიანსი”ლევანი მაისურაძე,,,majoritarians_all.pdf
local_2017,__main__,council_smd,patriots,"„დავით თარხან-მოურავი, ირმა ინაშვილი - საქართველოს პატრიოტთა",,8,გურჯაანი,,8,ალიანსი”გურამი,სადუნიშვილი,ალიანსი”გურამი სადუნიშვილი,,,majoritarians_all.pdf
local_2017,__main__,council_smd,patriots,"„დავით თარხან-მოურავი, ირმა ინაშვილი - საქართველოს პატრიოტთა",,9,გურჯაანი,,8,ალიანსი”ვალერიან,თევდორაშვილი,ალიანსი”ვალერიან თევდორაშვილი,,,majoritarians_all.pdf
local_2017,__main__,council_smd,patriots,"„დავით თარხან-მოურავი, ირმა ინაშვილი - საქართველოს პატრიოტთა",,9,გურჯაანი,,8,ალიანსი”მერაბ,სულხანიშვილი,ალიანსი”მერაბ სულხანიშვილი,,,majoritarians_all.pdf
local_2017,__main__,council_smd,patriots,"„დავით თარხან-მოურავი, ირმა ინაშვილი - საქართველოს პატრიოტთა",,11,გურჯაანი,,8,ალიანსი”გიორგი,ფენაშვილი,ალიანსი”გიორგი ფენაშვილი,,,majoritarians_all.pdf
local_2017,__main__,council_smd,patriots,"„დავით თარხან-მოურავი, ირმა ინაშვილი - საქართველოს პატრიოტთა",,12,გურჯაანი,,8,ალიანსი”ნინა,სიმონიშვილი,ალიანსი”ნინა სიმონიშვილი,,,majoritarians_all.pdf
local_2017,__main__,council_smd,patriots,"„დავით თარხან-მოურავი, ირმა ინაშვილი - საქართველოს პატრიოტთა",,13,გურჯაანი,,8,ალიანსი”ლალი,ნალიყაშვილი,ალიანსი”ლალი ნალიყაშვილი,,,majoritarians_all.pdf
local_2017,__main__,council_smd,patriots,"„დავით თარხან-მოურავი, ირმა ინაშვილი - საქართველოს პატრიოტთა",,15,გურჯაანი,,8,ალიანსი”გიორგი,კორკოტაშვილი,ალიანსი”გიორგი კორკოტაშვილი,,,majoritarians_all.pdf
local_2017,__main__,council_smd,patriots,"„დავით თარხან-მოურავი, ირმა ინაშვილი - საქართველოს პატრიოტთა",,16,გურჯაანი,,8,ალიანსი”ბესიკი,შაიშმელაშვილი,ალიანსი”ბესიკი შაიშმელაშვილი,,,majoritarians_all.pdf
local_2017,__main__,council_smd,patriots,"„დავით თარხან-მოურავი, ირმა ინაშვილი - საქართველოს პატრიოტთა",,17,გურჯაანი,,8,ალიანსი”ვაჟა,ჯავახიშვილი,ალიანსი”ვაჟა ჯავახიშვილი,,,majoritarians_all.pdf
local_2017,__main__,council_smd,patriots,"„დავით თარხან-მოურავი, ირმა ინაშვილი - საქართველოს პატრიოტთა",,18,გურჯაანი,,8,ალიანსი”პაატა,გიოშვილი,ალიანსი”პაატა გიოშვილი,,,majoritarians_all.pdf
local_2017,__main__,council_smd,patriots,"„დავით თარხან-მოურავი, ირმა ინაშვილი - საქართველოს პატრიოტთა",,19,გურჯაანი,,8,ალიანსი”ბიძინა,დარჩიაშვილი,ალიანსი”ბიძინა დარჩიაშვილი,,,majoritarians_all.pdf
local_2017,__main__,council_smd,patriots,"„დავით თარხან-მოურავი, ირმა ინაშვილი - საქართველოს პატრიოტთა",,21,გურჯაანი,,8,ალიანსი”შოთა,მამისაშვილი,ალიანსი”შოთა მამისაშვილი,,,majoritarians_all.pdf
local_2017,__main__,council_smd,patriots,"„დავით თარხან-მოურავი, ირმა ინაშვილი - საქართველოს პატრიოტთა",,10,გურჯაანი,,8,ალიანსი”ბესარიონ,ჩუგოშვილი,ალიანსი”ბესარიონ ჩუგოშვილი,,,majoritarians_all.pdf
local_2017,__main__,council_smd,left_alliance,„მემარცხენე ალიანსი”,,18,გურჯაანი,,9,გელა,ილურიძე,გელა ილურიძე,,,majoritarians_all.pdf
local_2017,__main__,council_smd,left_alliance,„მემარცხენე ალიანსი”,,3,გურჯაანი,,9,ნუგზარი,მუჩიაშვილი,ნუგზარი მუჩიაშვილი,,,majoritarians_all.pdf
local_2017,__main__,council_smd,left_alliance,„მემარცხენე ალიანსი”,,19,გურჯაანი,,9,მიხეილი,სეფიაშვილი,მიხეილი სეფიაშვილი,,,majoritarians_all.pdf
local_2017,__main__,council_smd,left_alliance,„მემარცხენე ალიანსი”,,9,გურჯაანი,,9,ნინო,ბაწაშვილი,ნინო ბაწაშვილი,,,majoritarians_all.pdf
local_2017,__main__,council_smd,left_alliance,„მემარცხენე ალიანსი”,,14,გურჯაანი,,9,კობა,ბაწაშვილი,კობა ბაწაშვილი,,,majoritarians_all.pdf
local_2017,__main__,council_smd,left_alliance,„მემარცხენე ალიანსი”,,13,გურჯაანი,,9,ბესიკი,სიმონიშვილი,ბესიკი სიმონიშვილი,,,majoritarians_all.pdf
local_2017,__main__,council_smd,left_alliance,„მემარცხენე ალიანსი”,,9,გურჯაანი,,9,ქეთევანი,ბაწაშვილი,ქეთევანი ბაწაშვილი,,,majoritarians_all.pdf
local_2017,__main__,council_smd,left_alliance,„მემარცხენე ალიანსი”,,12,გურჯაანი,,9,არსენა,სეფიაშვილი,არსენა სეფიაშვილი,,,majoritarians_all.pdf
local_2017,__main__,council_smd,labour,„შალვა ნათელაშვილი - საქართველოს ლეიბორისტული პარტია”,,9,გურჯაანი,,10,ნუგზარ,პატურაშვილი,ნუგზარ პატურაშვილი,,,majoritarians_all.pdf
local_2017,__main__,council_smd,labour,„შალვა ნათელაშვილი - საქართველოს ლეიბორისტული პარტია”,,23,გურჯაანი,,10,ასმათი,პატურაშვილი,ასმათი პატურაშვილი,,,majoritarians_all.pdf
local_2017,__main__,council_smd,georgia_party,„სოციალისტური საქართველო - კომუნისტები”,,6,გურჯაანი,,37,ალექსანდრე,სეხნიაშვილი,ალექსანდრე სეხნიაშვილი,,,majoritarians_all.pdf
local_2017,__main__,council_smd,gd,„ქართული ოცნება-დემოკრატიული საქართველო”,,1,გურჯაანი,,41,ზურაბ,სიმონიშვილი,ზურაბ სიმონიშვილი,,,majoritarians_all.pdf
local_2017,__main__,council_smd,gd,„ქართული ოცნება-დემოკრატიული საქართველო”,,3,გურჯაანი,,41,თეიმურაზ,ქევხიშვილი,თეიმურაზ ქევხიშვილი,,,majoritarians_all.pdf
local_2017,__main__,council_smd,gd,„ქართული ოცნება-დემოკრატიული საქართველო”,,2,გურჯაანი,,41,აკაკი,ფოცხვერაშვილი,აკაკი ფოცხვერაშვილი,,,majoritarians_all.pdf
local_2017,__main__,council_smd,gd,„ქართული ოცნება-დემოკრატიული საქართველო”,,19,გურჯაანი,,41,ზურაბი,ბადრიაშვილი,ზურაბი ბადრიაშვილი,,,majoritarians_all.pdf
local_2017,__main__,council_smd,gd,„ქართული ოცნება-დემოკრატიული საქართველო”,,18,გურჯაანი,,41,გივი,რამაზაშვილი,გივი რამაზაშვილი,,,majoritarians_all.pdf
local_2017,__main__,council_smd,gd,„ქართული ოცნება-დემოკრატიული საქართველო”,,17,გურჯაანი,,41,ვახტანგი,ნათიძე,ვახტანგი ნათიძე,,,majoritarians_all.pdf
local_2017,__main__,council_smd,gd,„ქართული ოცნება-დემოკრატიული საქართველო”,,16,გურჯაანი,,41,ალუდი,კაპანაძე,ალუდი კაპანაძე,,,majoritarians_all.pdf
local_2017,__main__,council_smd,gd,„ქართული ოცნება-დემოკრატიული საქართველო”,,20,გურჯაანი,,41,ლევანი,თევდორაშვილი,ლევანი თევდორაშვილი,,,majoritarians_all.pdf
local_2017,__main__,council_smd,gd,„ქართული ოცნება-დემოკრატიული საქართველო”,,21,გურჯაანი,,41,ვაჟა,მამისაშვილი,ვაჟა მამისაშვილი,,,majoritarians_all.pdf
local_2017,__main__,council_smd,gd,„ქართული ოცნება-დემოკრატიული საქართველო”,,22,გურჯაანი,,41,გელა,ზაკალაშვილი,გელა ზაკალაშვილი,,,majoritarians_all.pdf
local_2017,__main__,council_smd,gd,„ქართული ოცნება-დემოკრატიული საქართველო”,,23,გურჯაანი,,41,ვაჟა,მაჩხაშვილი,ვაჟა მაჩხაშვილი,,,majoritarians_all.pdf
local_2017,__main__,council_smd,gd,„ქართული ოცნება-დემოკრატიული საქართველო”,,14,გურჯაანი,,41,თეიმურაზი,ზავრაშვილი,თეიმურაზი ზავრაშვილი,,,majoritarians_all.pdf
local_2017,__main__,council_smd,gd,„ქართული ოცნება-დემოკრატიული საქართველო”,,15,გურჯაანი,,41,ალექსანდრე,ბასილაშვილი,ალექსანდრე ბასილაშვილი,,,majoritarians_all.pdf
local_2017,__main__,council_smd,gd,„ქართული ოცნება-დემოკრატიული საქართველო”,,13,გურჯაანი,,41,ზურაბი,წინწალაშვილი,ზურაბი წინწალაშვილი,,,majoritarians_all.pdf
local_2017,__main__,council_smd,gd,„ქართული ოცნება-დემოკრატიული საქართველო”,,12,გურჯაანი,,41,ზურაბი,მუხულიშვილი,ზურაბი მუხულიშვილი,,,majoritarians_all.pdf
local_2017,__main__,council_smd,gd,„ქართული ოცნება-დემოკრატიული საქართველო”,,11,გურჯაანი,,41,თემური,ელიკაშვილი,თემური ელიკაშვილი,,,majoritarians_all.pdf
local_2017,__main__,council_smd,gd,„ქართული ოცნება-დემოკრატიული საქართველო”,,8,გურჯაანი,,41,გია,შაოშვილი,გია შაოშვილი,,,majoritarians_all.pdf
local_2017,__main__,council_smd,gd,„ქართული ოცნება-დემოკრატიული საქართველო”,,9,გურჯაანი,,41,გიორგი,მაჭავარიანი,გიორგი მაჭავარიანი,,,majoritarians_all.pdf
local_2017,__main__,council_smd,gd,„ქართული ოცნება-დემოკრატიული საქართველო”,,9,გურჯაანი,,41,რამაზი,უტიაშვილი,რამაზი უტიაშვილი,,,majoritarians_all.pdf
local_2017,__main__,council_smd,gd,„ქართული ოცნება-დემოკრატიული საქართველო”,,10,გურჯაანი,,41,თეიმურაზი,ზარდიაშვილი,თეიმურაზი ზარდიაშვილი,,,majoritarians_all.pdf
local_2017,__main__,council_smd,gd,„ქართული ოცნება-დემოკრატიული საქართველო”,,5,გურჯაანი,,41,გიგო,მაჩხაშვილი,გიგო მაჩხაშვილი,,,majoritarians_all.pdf
local_2017,__main__,council_smd,gd,„ქართული ოცნება-დემოკრატიული საქართველო”,,4,გურჯაანი,,41,დავითი,პაიჭაძე,დავითი პაიჭაძე,,,majoritarians_all.pdf
local_2017,__main__,council_smd,gd,„ქართული ოცნება-დემოკრატიული საქართველო”,,6,გურჯაანი,,41,ზაქარა,შოშიაშვილი,ზაქარა შოშიაშვილი,,,majoritarians_all.pdf
local_2017,__main__,council_smd,gd,„ქართული ოცნება-დემოკრატიული საქართველო”,,7,გურჯაანი,,41,ლევანი,ხაზიური,ლევანი ხაზიური,,,majoritarians_all.pdf
local_2017,__main__,council_smd,initiative_group,საინიციატივო ჯგუფი - ნინო მთივლიშვილი;ნაზიბროლა ამირაძე;მალხაზი ჯოხაძე;დავით ჯოხაძე;ნათია ფოცხვერაშვილი;,,22,გურჯაანი,,43,ბეჟანი,კავილაძე,ბეჟანი კავილაძე,,,majoritarians_all.pdf
local_2017,__main__,council_smd,initiative_group,საინიციატივო ჯგუფი - ლელა იმერლიშვილი;ირაკლი ნადაშვილი;ნინელი ქაჩლიშვილი;ნინო გიორგაძე;ილია ნადაშვილი;,,10,გურჯაანი,,43,ზაქრო,ქაჩლიშვილი,ზაქრო ქაჩლიშვილი,,,majoritarians_all.pdf
local_2017,__main__,council_smd,initiative_group,საინიციატივო ჯგუფი - ნუნუ კარდენახლიშვილი;მიხეილ გიორგაძე;თამარი მახარაშვილი;მიხეილ გიორგაძე;ლანა დავიდოვი,,6,გურჯაანი,,43,ნათია,გიორგაძე,ნათია გიორგაძე,,,majoritarians_all.pdf
local_2017,__main__,council_smd,initiative_group,საინიციატივო ჯგუფი - მამუკა ომარაშვილი;გიორგი ლიპარტაშვილი;ივანე ომარაშვილი;ჯიმშერი დოლენჯაშვილი;ბადური ჯავახიშვილი,,8,გურჯაანი,,43,გიორგი,დვალი,გიორგი დვალი,,,majoritarians_all.pdf
local_2017,__main__,council_smd,european_georgia,"საარჩევნო ბლოკი „ბაქრაძე, უგულავა-ევროპული საქართველო”",,14,სიღნაღი,,2,რომანი,ხუნაშვილი,რომანი ხუნაშვილი,,,majoritarians_all.pdf
local_2017,__main__,council_smd,european_georgia,"საარჩევნო ბლოკი „ბაქრაძე, უგულავა-ევროპული საქართველო”",,13,სიღნაღი,,2,თორნიკე,ხუნაშვილი,თორნიკე ხუნაშვილი,,,majoritarians_all.pdf
local_2017,__main__,council_smd,european_georgia,"საარჩევნო ბლოკი „ბაქრაძე, უგულავა-ევროპული საქართველო”",,12,სიღნაღი,,2,ალექსანდრე,კალანდაძე,ალექსანდრე კალანდაძე,,,majoritarians_all.pdf
local_2017,__main__,council_smd,european_georgia,"საარჩევნო ბლოკი „ბაქრაძე, უგულავა-ევროპული საქართველო”",,11,სიღნაღი,,2,გოჩა,ყანდაშვილი,გოჩა ყანდაშვილი,,,majoritarians_all.pdf
local_2017,__main__,council_smd,european_georgia,"საარჩევნო ბლოკი „ბაქრაძე, უგულავა-ევროპული საქართველო”",,9,სიღნაღი,,2,ნინო,ბუწაშვილი,ნინო ბუწაშვილი,,,majoritarians_all.pdf
local_2017,__main__,council_smd,european_georgia,"საარჩევნო ბლოკი „ბაქრაძე, უგულავა-ევროპული საქართველო”",,8,სიღნაღი,,2,ვასილ,ჯანგულაშვილი,ვასილ ჯანგულაშვილი,,,majoritarians_all.pdf
local_2017,__main__,council_smd,european_georgia,"საარჩევნო ბლოკი „ბაქრაძე, უგულავა-ევროპული საქართველო”",,10,სიღნაღი,,2,იოსებ,ქობალია,იოსებ ქობალია,,,majoritarians_all.pdf
local_2017,__main__,council_smd,european_georgia,"საარჩევნო ბლოკი „ბაქრაძე, უგულავა-ევროპული საქართველო”",,1,სიღნაღი,,2,გიორგი,თამაზაშვილი,გიორგი თამაზაშვილი,,,majoritarians_all.pdf
local_2017,__main__,council_smd,european_georgia,"საარჩევნო ბლოკი „ბაქრაძე, უგულავა-ევროპული საქართველო”",,6,სიღნაღი,,2,იაგო,ხუნაშვილი,იაგო ხუნაშვილი,,,majoritarians_all.pdf
local_2017,__main__,council_smd,european_georgia,"საარჩევნო ბლოკი „ბაქრაძე, უგულავა-ევროპული საქართველო”",,7,სიღნაღი,,2,პაატა,ბაიდოშვილი,პაატა ბაიდოშვილი,,,majoritarians_all.pdf
local_2017,__main__,council_smd,european_georgia,"საარჩევნო ბლოკი „ბაქრაძე, უგულავა-ევროპული საქართველო”",,3,სიღნაღი,,2,სანდრო,ლომაშვილი,სანდრო ლომაშვილი,,,majoritarians_all.pdf
local_2017,__main__,council_smd,european_georgia,"საარჩევნო ბლოკი „ბაქრაძე, უგულავა-ევროპული საქართველო”",,5,სიღნაღი,,2,ქეთევან,ხოსიტაშვილი,ქეთევან ხოსიტაშვილი,,,majoritarians_all.pdf
local_2017,__main__,council_smd,european_georgia,"საარჩევნო ბლოკი „ბაქრაძე, უგულავა-ევროპული საქართველო”",,4,სიღნაღი,,2,ბესიკი,ლაზარიაშვილი,ბესიკი ლაზარიაშვილი,,,majoritarians_all.pdf
local_2017,__main__,council_smd,european_georgia,"საარჩევნო ბლოკი „ბაქრაძე, უგულავა-ევროპული საქართველო”",,2,სიღნაღი,,2,ნანა,დათუკიშვილი,ნანა დათუკიშვილი,,,majoritarians_all.pdf
local_2017,__main__,council_smd,free_georgia,"საარჩევნო ბლოკი „დიმიტრი ლორთქიფანიძე, კახა კუკავა-დემოკრატიული მოძრაობა-თავისუფალი საქართველო”",,4,სიღნაღი,,3,იოსებ,კოჭლამაზაშვილი,იოსებ კოჭლამაზაშვილი,,,majoritarians_all.pdf
local_2017,__main__,council_smd,unm,საარჩევნო ბლოკი „ერთიანი ნაციონალური მოძრაობა”,,1,სიღნაღი,,5,თემურ,ელიზბარაშვილი,თემურ ელიზბარაშვილი,,,majoritarians_all.pdf
local_2017,__main__,council_smd,unm,საარჩევნო ბლოკი „ერთიანი ნაციონალური მოძრაობა”,,2,სიღნაღი,,5,დავით,ლოლაშვილი,დავით ლოლაშვილი,,,majoritarians_all.pdf
local_2017,__main__,council_smd,unm,საარჩევნო ბლოკი „ერთიანი ნაციონალური მოძრაობა”,,5,სიღნაღი,,5,მანანა,გელაშვილი,მანანა გელაშვილი,,,majoritarians_all.pdf
local_2017,__main__,council_smd,unm,საარჩევნო ბლოკი „ერთიანი ნაციონალური მოძრაობა”,,6,სიღნაღი,,5,იოსებ,კავთლიშვილი,იოსებ კავთლიშვილი,,,majoritarians_all.pdf
local_2017,__main__,council_smd,unm,საარჩევნო ბლოკი „ერთიანი ნაციონალური მოძრაობა”,,4,სიღნაღი,,5,იოსებ,ქოქიაშვილი,იოსებ ქოქიაშვილი,,,majoritarians_all.pdf
local_2017,__main__,council_smd,unm,საარჩევნო ბლოკი „ერთიანი ნაციონალური მოძრაობა”,,14,სიღნაღი,,5,გიორგი,ზედელაშვილი,გიორგი ზედელაშვილი,,,majoritarians_all.pdf
local_2017,__main__,council_smd,unm,საარჩევნო ბლოკი „ერთიანი ნაციონალური მოძრაობა”,,13,სიღნაღი,,5,თენგიზ,ზურაშვილი,თენგიზ ზურაშვილი,,,majoritarians_all.pdf
local_2017,__main__,council_smd,unm,საარჩევნო ბლოკი „ერთიანი ნაციონალური მოძრაობა”,,12,სიღნაღი,,5,ვლადიმერი,მოსულიშვილი,ვლადიმერი მოსულიშვილი,,,majoritarians_all.pdf
local_2017,__main__,council_smd,unm,საარჩევნო ბლოკი „ერთიანი ნაციონალური მოძრაობა”,,9,სიღნაღი,,5,ილია,მუსაშვილი,ილია მუსაშვილი,,,majoritarians_all.pdf
local_2017,__main__,council_smd,unm,საარჩევნო ბლოკი „ერთიანი ნაციონალური მოძრაობა”,,11,სიღნაღი,,5,ივანე,ონანაშვილი,ივანე ონანაშვილი,,,majoritarians_all.pdf
local_2017,__main__,council_smd,unm,საარჩევნო ბლოკი „ერთიანი ნაციონალური მოძრაობა”,,3,სიღნაღი,,5,თამარ,მირიანაშვილი,თამარ მირიანაშვილი,,,majoritarians_all.pdf
local_2017,__main__,council_smd,unm,საარჩევნო ბლოკი „ერთიანი ნაციონალური მოძრაობა”,,8,სიღნაღი,,5,ომარი,კოჭლამაზაშვილი,ომარი კოჭლამაზაშვილი,,,majoritarians_all.pdf
local_2017,__main__,council_smd,unm,საარჩევნო ბლოკი „ერთიანი ნაციონალური მოძრაობა”,,7,სიღნაღი,,5,გიორგი,ბაბაკიშვილი,გიორგი ბაბაკიშვილი,,,majoritarians_all.pdf
local_2017,__main__,council_smd,unm,საარჩევნო ბლოკი „ერთიანი ნაციონალური მოძრაობა”,,10,სიღნაღი,,5,ინგა,გურაშვილი,ინგა გურაშვილი,,,majoritarians_all.pdf
local_2017,__main__,council_smd,patriots,"„დავით თარხან-მოურავი, ირმა ინაშვილი - საქართველოს პატრიოტთა",,7,სიღნაღი,,8,ალიანსი”თამაზ,უსენაშვილი,ალიანსი”თამაზ უსენაშვილი,,,majoritarians_all.pdf
local_2017,__main__,council_smd,patriots,"„დავით თარხან-მოურავი, ირმა ინაშვილი - საქართველოს პატრიოტთა",,3,სიღნაღი,,8,ალიანსი”რამაზი,კვარაცხელია,ალიანსი”რამაზი კვარაცხელია,,,majoritarians_all.pdf
local_2017,__main__,council_smd,patriots,"„დავით თარხან-მოურავი, ირმა ინაშვილი - საქართველოს პატრიოტთა",,10,სიღნაღი,,8,ალიანსი”ვაჟა,ჯორკოშვილი,ალიანსი”ვაჟა ჯორკოშვილი,,,majoritarians_all.pdf
local_2017,__main__,council_smd,patriots,"„დავით თარხან-მოურავი, ირმა ინაშვილი - საქართველოს პატრიოტთა",,4,სიღნაღი,,8,ალიანსი”ვლადიმერ,ჯანიაშვილი,ალიანსი”ვლადიმერ ჯანიაშვილი,,,majoritarians_all.pdf
local_2017,__main__,council_smd,patriots,"„დავით თარხან-მოურავი, ირმა ინაშვილი - საქართველოს პატრიოტთა",,2,სიღნაღი,,8,ალიანსი”აკაკი,თეგაშვილი,ალიანსი”აკაკი თეგაშვილი,,,majoritarians_all.pdf
local_2017,__main__,council_smd,patriots,"„დავით თარხან-მოურავი, ირმა ინაშვილი - საქართველოს პატრიოტთა",,12,სიღნაღი,,8,ალიანსი”რუსუდანი,ვადაჩკორია,ალიანსი”რუსუდანი ვადაჩკორია,,,majoritarians_all.pdf
local_2017,__main__,council_smd,patriots,"„დავით თარხან-მოურავი, ირმა ინაშვილი - საქართველოს პატრიოტთა",,5,სიღნაღი,,8,ალიანსი”დავით,ელიზბარაშვილი,ალიანსი”დავით ელიზბარაშვილი,,,majoritarians_all.pdf
local_2017,__main__,council_smd,patriots,"„დავით თარხან-მოურავი, ირმა ინაშვილი - საქართველოს პატრიოტთა",,6,სიღნაღი,,8,ალიანსი”თეიმურაზ,ხელაშვილი,ალიანსი”თეიმურაზ ხელაშვილი,,,majoritarians_all.pdf
local_2017,__main__,council_smd,patriots,"„დავით თარხან-მოურავი, ირმა ინაშვილი - საქართველოს პატრიოტთა",,11,სიღნაღი,,8,ალიანსი”გელა,მჭედლიშვილი,ალიანსი”გელა მჭედლიშვილი,,,majoritarians_all.pdf
local_2017,__main__,council_smd,patriots,"„დავით თარხან-მოურავი, ირმა ინაშვილი - საქართველოს პატრიოტთა",,9,სიღნაღი,,8,ალიანსი”ანა,ცაკიაშვილი,ალიანსი”ანა ცაკიაშვილი,,,majoritarians_all.pdf
local_2017,__main__,council_smd,patriots,"„დავით თარხან-მოურავი, ირმა ინაშვილი - საქართველოს პატრიოტთა",,1,სიღნაღი,,8,ალიანსი”გია,დავითაშვილი,ალიანსი”გია დავითაშვილი,,,majoritarians_all.pdf
local_2017,__main__,council_smd,patriots,"„დავით თარხან-მოურავი, ირმა ინაშვილი - საქართველოს პატრიოტთა",,13,სიღნაღი,,8,ალიანსი”ნუკრი,ღვედაშვილი,ალიანსი”ნუკრი ღვედაშვილი,,,majoritarians_all.pdf
local_2017,__main__,council_smd,labour,„შალვა ნათელაშვილი - საქართველოს ლეიბორისტული პარტია”,,3,სიღნაღი,,10,ნინო,მაზანაშვილი,ნინო მაზანაშვილი,,,majoritarians_all.pdf
local_2017,__main__,council_smd,labour,„შალვა ნათელაშვილი - საქართველოს ლეიბორისტული პარტია”,,2,სიღნაღი,,10,მირიან,სეხნიაშვილი,მირიან სეხნიაშვილი,,,majoritarians_all.pdf
local_2017,__main__,council_smd,labour,„შალვა ნათელაშვილი - საქართველოს ლეიბორისტული პარტია”,,6,სიღნაღი,,10,ნანა,ბექტურაშვილი,ნანა ბექტურაშვილი,,,majoritarians_all.pdf
local_2017,__main__,council_smd,labour,„შალვა ნათელაშვილი - საქართველოს ლეიბორისტული პარტია”,,1,სიღნაღი,,10,ფარნაოზი,ზალდასტანიშვილი,ფარნაოზი ზალდასტანიშვილი,,,majoritarians_all.pdf
local_2017,__main__,council_smd,labour,„შალვა ნათელაშვილი - საქართველოს ლეიბორისტული პარტია”,,4,სიღნაღი,,10,რუსუდანი,შუშიაშვილი,რუსუდანი შუშიაშვილი,,,majoritarians_all.pdf
local_2017,__main__,council_smd,labour,„შალვა ნათელაშვილი - საქართველოს ლეიბორისტული პარტია”,,7,სიღნაღი,,10,ნოდარ,ბექტურაშვილი,ნოდარ ბექტურაშვილი,,,majoritarians_all.pdf
local_2017,__main__,council_smd,labour,„შალვა ნათელაშვილი - საქართველოს ლეიბორისტული პარტია”,,5,სიღნაღი,,10,გიორგი,ნეკრესელაშვილი,გიორგი ნეკრესელაშვილი,,,majoritarians_all.pdf
local_2017,__main__,council_smd,labour,„შალვა ნათელაშვილი - საქართველოს ლეიბორისტული პარტია”,,9,სიღნაღი,,10,ნაზი,ქუმსიაშვილი,ნაზი ქუმსიაშვილი,,,majoritarians_all.pdf
local_2017,__main__,council_smd,labour,„შალვა ნათელაშვილი - საქართველოს ლეიბორისტული პარტია”,,8,სიღნაღი,,10,გურამ,ხარშილაძე,გურამ ხარშილაძე,,,majoritarians_all.pdf
local_2017,__main__,council_smd,labour,„შალვა ნათელაშვილი - საქართველოს ლეიბორისტული პარტია”,,10,სიღნაღი,,10,გიორგი,ხარაიშვილი,გიორგი ხარაიშვილი,,,majoritarians_all.pdf
local_2017,__main__,council_smd,labour,„შალვა ნათელაშვილი - საქართველოს ლეიბორისტული პარტია”,,11,სიღნაღი,,10,ინესა,გავარდაშვილი,ინესა გავარდაშვილი,,,majoritarians_all.pdf
local_2017,__main__,council_smd,labour,„შალვა ნათელაშვილი - საქართველოს ლეიბორისტული პარტია”,,12,სიღნაღი,,10,ლია,ჩერქეზიშვილი,ლია ჩერქეზიშვილი,,,majoritarians_all.pdf
local_2017,__main__,council_smd,labour,„შალვა ნათელაშვილი - საქართველოს ლეიბორისტული პარტია”,,13,სიღნაღი,,10,თეა,წურწუმია,თეა წურწუმია,,,majoritarians_all.pdf
local_2017,__main__,council_smd,kostava_society,„მერაბ კოსტავას საზოგადოება”,,1,სიღნაღი,,22,ჯონდო,ცანავა,ჯონდო ცანავა,,,majoritarians_all.pdf
local_2017,__main__,council_smd,gd,„ქართული ოცნება-დემოკრატიული საქართველო”,,14,სიღნაღი,,41,გიორგი,ელაშვილი,გიორგი ელაშვილი,,,majoritarians_all.pdf
local_2017,__main__,council_smd,gd,„ქართული ოცნება-დემოკრატიული საქართველო”,,1,სიღნაღი,,41,ცოტნე,ბეჟაშვილი,ცოტნე ბეჟაშვილი,,,majoritarians_all.pdf
local_2017,__main__,council_smd,gd,„ქართული ოცნება-დემოკრატიული საქართველო”,,2,სიღნაღი,,41,თემურ,ჯავაშვილი,თემურ ჯავაშვილი,,,majoritarians_all.pdf
local_2017,__main__,council_smd,gd,„ქართული ოცნება-დემოკრატიული საქართველო”,,3,სიღნაღი,,41,ვლადიმერ,სიმონიშვილი,ვლადიმერ სიმონიშვილი,,,majoritarians_all.pdf
local_2017,__main__,council_smd,gd,„ქართული ოცნება-დემოკრატიული საქართველო”,,4,სიღნაღი,,41,გელა,ლეკიაშვილი,გელა ლეკიაშვილი,,,majoritarians_all.pdf
local_2017,__main__,council_smd,gd,„ქართული ოცნება-დემოკრატიული საქართველო”,,5,სიღნაღი,,41,არჩილ,ტუხაშვილი,არჩილ ტუხაშვილი,,,majoritarians_all.pdf
local_2017,__main__,council_smd,gd,„ქართული ოცნება-დემოკრატიული საქართველო”,,7,სიღნაღი,,41,ილია,ბაიდოშვილი,ილია ბაიდოშვილი,,,majoritarians_all.pdf
local_2017,__main__,council_smd,gd,„ქართული ოცნება-დემოკრატიული საქართველო”,,6,სიღნაღი,,41,ნანა,ნანობაშვილი,ნანა ნანობაშვილი,,,majoritarians_all.pdf
local_2017,__main__,council_smd,gd,„ქართული ოცნება-დემოკრატიული საქართველო”,,8,სიღნაღი,,41,იოსებ,მათეშვილი,იოსებ მათეშვილი,,,majoritarians_all.pdf
local_2017,__main__,council_smd,gd,„ქართული ოცნება-დემოკრატიული საქართველო”,,10,სიღნაღი,,41,ოთარ,ალადაშვილი,ოთარ ალადაშვილი,,,majoritarians_all.pdf
local_2017,__main__,council_smd,gd,„ქართული ოცნება-დემოკრატიული საქართველო”,,9,სიღნაღი,,41,ნინო,კოჭლამაზაშვილი,ნინო კოჭლამაზაშვილი,,,majoritarians_all.pdf
local_2017,__main__,council_smd,gd,„ქართული ოცნება-დემოკრატიული საქართველო”,,11,სიღნაღი,,41,ნანა,ლეკიაშვილი,ნანა ლეკიაშვილი,,,majoritarians_all.pdf
local_2017,__main__,council_smd,gd,„ქართული ოცნება-დემოკრატიული საქართველო”,,12,სიღნაღი,,41,გოჩა,შანშაშვილი,გოჩა შანშაშვილი,,,majoritarians_all.pdf
local_2017,__main__,council_smd,gd,„ქართული ოცნება-დემოკრატიული საქართველო”,,13,სიღნაღი,,41,გოჩა,ჯალიაშვილი,გოჩა ჯალიაშვილი,,,majoritarians_all.pdf
local_2017,__main__,council_smd,european_georgia,"საარჩევნო ბლოკი „ბაქრაძე, უგულავა-ევროპული საქართველო”",,9,დედოფლისწყარო,,2,დავით,დიდებაშვილი,დავით დიდებაშვილი,,,majoritarians_all.pdf
local_2017,__main__,council_smd,european_georgia,"საარჩევნო ბლოკი „ბაქრაძე, უგულავა-ევროპული საქართველო”",,4,დედოფლისწყარო,,2,ელგუჯა,წიკლაური,ელგუჯა წიკლაური,,,majoritarians_all.pdf
local_2017,__main__,council_smd,european_georgia,"საარჩევნო ბლოკი „ბაქრაძე, უგულავა-ევროპული საქართველო”",,1,დედოფლისწყარო,,2,ნოშრევან,ნატროშვილი,ნოშრევან ნატროშვილი,,,majoritarians_all.pdf
local_2017,__main__,council_smd,european_georgia,"საარჩევნო ბლოკი „ბაქრაძე, უგულავა-ევროპული საქართველო”",,1,დედოფლისწყარო,,2,გიორგი,რობიტაშვილი,გიორგი რობიტაშვილი,,,majoritarians_all.pdf
local_2017,__main__,council_smd,european_georgia,"საარჩევნო ბლოკი „ბაქრაძე, უგულავა-ევროპული საქართველო”",,7,დედოფლისწყარო,,2,იოსებ,გარსენიშვილი,იოსებ გარსენიშვილი,,,majoritarians_all.pdf
local_2017,__main__,council_smd,european_georgia,"საარჩევნო ბლოკი „ბაქრაძე, უგულავა-ევროპული საქართველო”",,12,დედოფლისწყარო,,2,ვაჟა,წიკლაური,ვაჟა წიკლაური,,,majoritarians_all.pdf
local_2017,__main__,council_smd,european_georgia,"საარჩევნო ბლოკი „ბაქრაძე, უგულავა-ევროპული საქართველო”",,8,დედოფლისწყარო,,2,გრიშა,ბერიძე,გრიშა ბერიძე,,,majoritarians_all.pdf
local_2017,__main__,council_smd,european_georgia,"საარჩევნო ბლოკი „ბაქრაძე, უგულავა-ევროპული საქართველო”",,5,დედოფლისწყარო,,2,გენადი,ნატროშვილი,გენადი ნატროშვილი,,,majoritarians_all.pdf
local_2017,__main__,council_smd,european_georgia,"საარჩევნო ბლოკი „ბაქრაძე, უგულავა-ევროპული საქართველო”",,3,დედოფლისწყარო,,2,მანანა,ალექსანოვი,მანანა ალექსანოვი,,,majoritarians_all.pdf
local_2017,__main__,council_smd,european_georgia,"საარჩევნო ბლოკი „ბაქრაძე, უგულავა-ევროპული საქართველო”",,2,დედოფლისწყარო,,2,ვახტანგ,ზუბიაშვილი,ვახტანგ ზუბიაშვილი,,,majoritarians_all.pdf
local_2017,__main__,council_smd,european_georgia,"საარჩევნო ბლოკი „ბაქრაძე, უგულავა-ევროპული საქართველო”",,6,დედოფლისწყარო,,2,ლეილა,ლაზვიაშვილი,ლეილა ლაზვიაშვილი,,,majoritarians_all.pdf
local_2017,__main__,council_smd,free_georgia,"საარჩევნო ბლოკი „დიმიტრი ლორთქიფანიძე, კახა კუკავა-დემოკრატიული მოძრაობა-თავისუფალი საქართველო”",,1,დედოფლისწყარო,,3,დავით,იაკობიშვილი,დავით იაკობიშვილი,,,majoritarians_all.pdf
local_2017,__main__,council_smd,free_georgia,"საარჩევნო ბლოკი „დიმიტრი ლორთქიფანიძე, კახა კუკავა-დემოკრატიული მოძრაობა-თავისუფალი საქართველო”",,1,დედოფლისწყარო,,3,ემზარ,ბეჟაშვილი,ემზარ ბეჟაშვილი,,,majoritarians_all.pdf
local_2017,__main__,council_smd,free_georgia,"საარჩევნო ბლოკი „დიმიტრი ლორთქიფანიძე, კახა კუკავა-დემოკრატიული მოძრაობა-თავისუფალი საქართველო”",,5,დედოფლისწყარო,,3,შოთა,ჯამასპიშვილი,შოთა ჯამასპიშვილი,,,majoritarians_all.pdf
local_2017,__main__,council_smd,free_georgia,"საარჩევნო ბლოკი „დიმიტრი ლორთქიფანიძე, კახა კუკავა-დემოკრატიული მოძრაობა-თავისუფალი საქართველო”",,7,დედოფლისწყარო,,3,გია,ბენაშვილი,გია ბენაშვილი,,,majoritarians_all.pdf
local_2017,__main__,council_smd,free_georgia,"საარჩევნო ბლოკი „დიმიტრი ლორთქიფანიძე, კახა კუკავა-დემოკრატიული მოძრაობა-თავისუფალი საქართველო”",,8,დედოფლისწყარო,,3,ზაურ,ბერიძე,ზაურ ბერიძე,,,majoritarians_all.pdf
local_2017,__main__,council_smd,free_georgia,"საარჩევნო ბლოკი „დიმიტრი ლორთქიფანიძე, კახა კუკავა-დემოკრატიული მოძრაობა-თავისუფალი საქართველო”",,12,დედოფლისწყარო,,3,შალვა,გოგოლაძე,შალვა გოგოლაძე,,,majoritarians_all.pdf
local_2017,__main__,council_smd,free_georgia,"საარჩევნო ბლოკი „დიმიტრი ლორთქიფანიძე, კახა კუკავა-დემოკრატიული მოძრაობა-თავისუფალი საქართველო”",,11,დედოფლისწყარო,,3,დავით,ჯამასპიშვილი,დავით ჯამასპიშვილი,,,majoritarians_all.pdf
local_2017,__main__,council_smd,unm,საარჩევნო ბლოკი „ერთიანი ნაციონალური მოძრაობა”,,11,დედოფლისწყარო,,5,ფიქრია,გოდერიძე,ფიქრია გოდერიძე,,,majoritarians_all.pdf
local_2017,__main__,council_smd,unm,საარჩევნო ბლოკი „ერთიანი ნაციონალური მოძრაობა”,,4,დედოფლისწყარო,,5,ნიკოლოზ,კაკალაშვილი,ნიკოლოზ კაკალაშვილი,,,majoritarians_all.pdf
local_2017,__main__,council_smd,unm,საარჩევნო ბლოკი „ერთიანი ნაციონალური მოძრაობა”,,8,დედოფლისწყარო,,5,პაატა,სურმანიძე,პაატა სურმანიძე,,,majoritarians_all.pdf
local_2017,__main__,council_smd,unm,საარჩევნო ბლოკი „ერთიანი ნაციონალური მოძრაობა”,,1,დედოფლისწყარო,,5,თამაზ,კოჭლამაზაშვილი,თამაზ კოჭლამაზაშვილი,,,majoritarians_all.pdf
local_2017,__main__,council_smd,unm,საარჩევნო ბლოკი „ერთიანი ნაციონალური მოძრაობა”,,9,დედოფლისწყარო,,5,ავთანდილ,ხარხელაური,ავთანდილ ხარხელაური,,,majoritarians_all.pdf
local_2017,__main__,council_smd,unm,საარჩევნო ბლოკი „ერთიანი ნაციონალური მოძრაობა”,,10,დედოფლისწყარო,,5,კარო,ნერსესიან,კარო ნერსესიან,,,majoritarians_all.pdf
local_2017,__main__,council_smd,unm,საარჩევნო ბლოკი „ერთიანი ნაციონალური მოძრაობა”,,7,დედოფლისწყარო,,5,ავრორა,თევზაძე,ავრორა თევზაძე,,,majoritarians_all.pdf
local_2017,__main__,council_smd,unm,საარჩევნო ბლოკი „ერთიანი ნაციონალური მოძრაობა”,,5,დედოფლისწყარო,,5,ლევან,იაკობიშვილი,ლევან იაკობიშვილი,,,majoritarians_all.pdf
local_2017,__main__,council_smd,unm,საარჩევნო ბლოკი „ერთიანი ნაციონალური მოძრაობა”,,1,დედოფლისწყარო,,5,ლევან,მჭედლიშვილი,ლევან მჭედლიშვილი,,,majoritarians_all.pdf
local_2017,__main__,council_smd,unm,საარჩევნო ბლოკი „ერთიანი ნაციონალური მოძრაობა”,,2,დედოფლისწყარო,,5,ემზარ,ჯანაშვილი,ემზარ ჯანაშვილი,,,majoritarians_all.pdf
local_2017,__main__,council_smd,unm,საარჩევნო ბლოკი „ერთიანი ნაციონალური მოძრაობა”,,12,დედოფლისწყარო,,5,ვალერი,გოგილაშვილი,ვალერი გოგილაშვილი,,,majoritarians_all.pdf
local_2017,__main__,council_smd,republicans_2016,„რესპუბლიკური პარტია”,,5,დედოფლისწყარო,,6,ნოდარ,ტოკლიკიშვილი,ნოდარ ტოკლიკიშვილი,,,majoritarians_all.pdf
local_2017,__main__,council_smd,republicans_2016,„რესპუბლიკური პარტია”,,11,დედოფლისწყარო,,6,რიგასა,ზანგელოვი,რიგასა ზანგელოვი,,,majoritarians_all.pdf
local_2017,__main__,council_smd,patriots,"„დავით თარხან-მოურავი, ირმა ინაშვილი - საქართველოს პატრიოტთა",,1,დედოფლისწყარო,,8,ალიანსი”ბაკურ,გონაშვილი,ალიანსი”ბაკურ გონაშვილი,,,majoritarians_all.pdf
local_2017,__main__,council_smd,patriots,"„დავით თარხან-მოურავი, ირმა ინაშვილი - საქართველოს პატრიოტთა",,2,დედოფლისწყარო,,8,ალიანსი”ალექსანდრე,ჯაგაშვილი,ალიანსი”ალექსანდრე ჯაგაშვილი,,,majoritarians_all.pdf
local_2017,__main__,council_smd,patriots,"„დავით თარხან-მოურავი, ირმა ინაშვილი - საქართველოს პატრიოტთა",,3,დედოფლისწყარო,,8,ალიანსი”შალვა,ხორნაული,ალიანსი”შალვა ხორნაული,,,majoritarians_all.pdf
local_2017,__main__,council_smd,patriots,"„დავით თარხან-მოურავი, ირმა ინაშვილი - საქართველოს პატრიოტთა",,4,დედოფლისწყარო,,8,ალიანსი”ნუგზარ,ფიროსმანიშვილი,ალიანსი”ნუგზარ ფიროსმანიშვილი,,,majoritarians_all.pdf
local_2017,__main__,council_smd,patriots,"„დავით თარხან-მოურავი, ირმა ინაშვილი - საქართველოს პატრიოტთა",,6,დედოფლისწყარო,,8,ალიანსი”გელა,თანდილაშვილი,ალიანსი”გელა თანდილაშვილი,,,majoritarians_all.pdf
local_2017,__main__,council_smd,patriots,"„დავით თარხან-მოურავი, ირმა ინაშვილი - საქართველოს პატრიოტთა",,7,დედოფლისწყარო,,8,ალიანსი”ზაზა,ჩალახეშაშვილი,ალიანსი”ზაზა ჩალახეშაშვილი,,,majoritarians_all.pdf
local_2017,__main__,council_smd,patriots,"„დავით თარხან-მოურავი, ირმა ინაშვილი - საქართველოს პატრიოტთა",,8,დედოფლისწყარო,,8,ალიანსი”რევაზ,ფუტკარაძე,ალიანსი”რევაზ ფუტკარაძე,,,majoritarians_all.pdf
local_2017,__main__,council_smd,patriots,"„დავით თარხან-მოურავი, ირმა ინაშვილი - საქართველოს პატრიოტთა",,9,დედოფლისწყარო,,8,ალიანსი”თემურ,კურეტიშვილი,ალიანსი”თემურ კურეტიშვილი,,,majoritarians_all.pdf
local_2017,__main__,council_smd,patriots,"„დავით თარხან-მოურავი, ირმა ინაშვილი - საქართველოს პატრიოტთა",,11,დედოფლისწყარო,,8,ალიანსი”გელა,ალადაშვილი,ალიანსი”გელა ალადაშვილი,,,majoritarians_all.pdf
local_2017,__main__,council_smd,patriots,"„დავით თარხან-მოურავი, ირმა ინაშვილი - საქართველოს პატრიოტთა",,12,დედოფლისწყარო,,8,ალიანსი”მანანა,ბოსტოღანაშვილი,ალიანსი”მანანა ბოსტოღანაშვილი,,,majoritarians_all.pdf
local_2017,__main__,council_smd,gd,„ქართული ოცნება-დემოკრატიული საქართველო”,,1,დედოფლისწყარო,,41,დავით,გონაშვილი,დავით გონაშვილი,,,majoritarians_all.pdf
local_2017,__main__,council_smd,gd,„ქართული ოცნება-დემოკრატიული საქართველო”,,1,დედოფლისწყარო,,41,მიხეილ,ბახუტაშვილი,მიხეილ ბახუტაშვილი,,,majoritarians_all.pdf
local_2017,__main__,council_smd,gd,„ქართული ოცნება-დემოკრატიული საქართველო”,,2,დედოფლისწყარო,,41,არსენა,ბაღაშვილი,არსენა ბაღაშვილი,,,majoritarians_all.pdf
local_2017,__main__,council_smd,gd,„ქართული ოცნება-დემოკრატიული საქართველო”,,3,დედოფლისწყარო,,41,დავით,გიგაური,დავით გიგაური,,,majoritarians_all.pdf
local_2017,__main__,council_smd,gd,„ქართული ოცნება-დემოკრატიული საქართველო”,,4,დედოფლისწყარო,,41,გივი,გიგაური,გივი გიგაური,,,majoritarians_all.pdf
local_2017,__main__,council_smd,gd,„ქართული ოცნება-დემოკრატიული საქართველო”,,5,დედოფლისწყარო,,41,ალექსანდრე,ბენაშვილი,ალექსანდრე ბენაშვილი,,,majoritarians_all.pdf
local_2017,__main__,council_smd,gd,„ქართული ოცნება-დემოკრატიული საქართველო”,,12,დედოფლისწყარო,,41,გოჩა,სამუკაშვილი,გოჩა სამუკაშვილი,,,majoritarians_all.pdf
local_2017,__main__,council_smd,gd,„ქართული ოცნება-დემოკრატიული საქართველო”,,10,დედოფლისწყარო,,41,ვასილი,ჩოვუშიან,ვასილი ჩოვუშიან,,,majoritarians_all.pdf
local_2017,__main__,council_smd,gd,„ქართული ოცნება-დემოკრატიული საქართველო”,,6,დედოფლისწყარო,,41,აკაკი,ქავთარაძე,აკაკი ქავთარაძე,,,majoritarians_all.pdf
local_2017,__main__,council_smd,gd,„ქართული ოცნება-დემოკრატიული საქართველო”,,7,დედოფლისწყარო,,41,ზაზა,მეხრიშვილი,ზაზა მეხრიშვილი,,,majoritarians_all.pdf
local_2017,__main__,council_smd,gd,„ქართული ოცნება-დემოკრატიული საქართველო”,,8,დედოფლისწყარო,,41,ბაბალე,თეთრაული,ბაბალე თეთრაული,,,majoritarians_all.pdf
local_2017,__main__,council_smd,gd,„ქართული ოცნება-დემოკრატიული საქართველო”,,9,დედოფლისწყარო,,41,გიორგი,ხუმარაშვილი,გიორგი ხუმარაშვილი,,,majoritarians_all.pdf
local_2017,__main__,council_smd,gd,„ქართული ოცნება-დემოკრატიული საქართველო”,,11,დედოფლისწყარო,,41,გიორგი,გოგილაშვილი,გიორგი გოგილაშვილი,,,majoritarians_all.pdf
local_2017,__main__,council_smd,european_georgia,"საარჩევნო ბლოკი „ბაქრაძე, უგულავა-ევროპული საქართველო”",,1,ლაგოდეხი,,2,ეკატერინე,იობაშვილი,ეკატერინე იობაშვილი,,,majoritarians_all.pdf
local_2017,__main__,council_smd,european_georgia,"საარჩევნო ბლოკი „ბაქრაძე, უგულავა-ევროპული საქართველო”",,1,ლაგოდეხი,,2,ნუგზარი,ჩაჩანიძე,ნუგზარი ჩაჩანიძე,,,majoritarians_all.pdf
local_2017,__main__,council_smd,european_georgia,"საარჩევნო ბლოკი „ბაქრაძე, უგულავა-ევროპული საქართველო”",,3,ლაგოდეხი,,2,მალხაზი,მელაშვილი,მალხაზი მელაშვილი,,,majoritarians_all.pdf
local_2017,__main__,council_smd,european_georgia,"საარჩევნო ბლოკი „ბაქრაძე, უგულავა-ევროპული საქართველო”",,4,ლაგოდეხი,,2,გიორგი,შავერდაშვილი,გიორგი შავერდაშვილი,,,majoritarians_all.pdf
local_2017,__main__,council_smd,european_georgia,"საარჩევნო ბლოკი „ბაქრაძე, უგულავა-ევროპული საქართველო”",,2,ლაგოდეხი,,2,კახა,ჭიჭიბოშვილი,კახა ჭიჭიბოშვილი,,,majoritarians_all.pdf
local_2017,__main__,council_smd,european_georgia,"საარჩევნო ბლოკი „ბაქრაძე, უგულავა-ევროპული საქართველო”",,9,ლაგოდეხი,,2,ვერა,ჭიოკაძე,ვერა ჭიოკაძე,,,majoritarians_all.pdf
local_2017,__main__,council_smd,european_georgia,"საარჩევნო ბლოკი „ბაქრაძე, უგულავა-ევროპული საქართველო”",,6,ლაგოდეხი,,2,მამუკა,კაპანაძე,მამუკა კაპანაძე,,,majoritarians_all.pdf
local_2017,__main__,council_smd,european_georgia,"საარჩევნო ბლოკი „ბაქრაძე, უგულავა-ევროპული საქართველო”",,7,ლაგოდეხი,,2,ფირუდინ,ანნაგიევ,ფირუდინ ანნაგიევ,,,majoritarians_all.pdf
local_2017,__main__,council_smd,european_georgia,"საარჩევნო ბლოკი „ბაქრაძე, უგულავა-ევროპული საქართველო”",,15,ლაგოდეხი,,2,ჯემალი,მაჭარაშვილი,ჯემალი მაჭარაშვილი,,,majoritarians_all.pdf
local_2017,__main__,council_smd,european_georgia,"საარჩევნო ბლოკი „ბაქრაძე, უგულავა-ევროპული საქართველო”",,14,ლაგოდეხი,,2,ლილი,ქარქოზაშვილი,ლილი ქარქოზაშვილი,,,majoritarians_all.pdf
local_2017,__main__,council_smd,european_georgia,"საარჩევნო ბლოკი „ბაქრაძე, უგულავა-ევროპული საქართველო”",,11,ლაგოდეხი,,2,ნიკა,ბარბაქაძე,ნიკა ბარბაქაძე,,,majoritarians_all.pdf
local_2017,__main__,council_smd,european_georgia,"საარჩევნო ბლოკი „ბაქრაძე, უგულავა-ევროპული საქართველო”",,12,ლაგოდეხი,,2,დალი,ტალახაძე,დალი ტალახაძე,,,majoritarians_all.pdf
local_2017,__main__,council_smd,european_georgia,"საარჩევნო ბლოკი „ბაქრაძე, უგულავა-ევროპული საქართველო”",,10,ლაგოდეხი,,2,ნანული,მათიაშვილი,ნანული მათიაშვილი,,,majoritarians_all.pdf
local_2017,__main__,council_smd,european_georgia,"საარჩევნო ბლოკი „ბაქრაძე, უგულავა-ევროპული საქართველო”",,13,ლაგოდეხი,,2,გიორგი,ჭიჭიბოშვილი,გიორგი ჭიჭიბოშვილი,,,majoritarians_all.pdf
local_2017,__main__,council_smd,european_georgia,"საარჩევნო ბლოკი „ბაქრაძე, უგულავა-ევროპული საქართველო”",,5,ლაგოდეხი,,2,თემური,ციყელაშვილი,თემური ციყელაშვილი,,,majoritarians_all.pdf
local_2017,__main__,council_smd,free_georgia,"საარჩევნო ბლოკი „დიმიტრი ლორთქიფანიძე, კახა კუკავა-დემოკრატიული მოძრაობა-თავისუფალი საქართველო”",,5,ლაგოდეხი,,3,ირინე,მაისურაძე,ირინე მაისურაძე,,,majoritarians_all.pdf
local_2017,__main__,council_smd,free_georgia,"საარჩევნო ბლოკი „დიმიტრი ლორთქიფანიძე, კახა კუკავა-დემოკრატიული მოძრაობა-თავისუფალი საქართველო”",,10,ლაგოდეხი,,3,რამაზი,ცქიფურიშვილი,რამაზი ცქიფურიშვილი,,,majoritarians_all.pdf
local_2017,__main__,council_smd,free_georgia,"საარჩევნო ბლოკი „დიმიტრი ლორთქიფანიძე, კახა კუკავა-დემოკრატიული მოძრაობა-თავისუფალი საქართველო”",,3,ლაგოდეხი,,3,გელა,კობახიძე,გელა კობახიძე,,,majoritarians_all.pdf
local_2017,__main__,council_smd,free_georgia,"საარჩევნო ბლოკი „დიმიტრი ლორთქიფანიძე, კახა კუკავა-დემოკრატიული მოძრაობა-თავისუფალი საქართველო”",,1,ლაგოდეხი,,3,მაია,გივიშვილი,მაია გივიშვილი,,,majoritarians_all.pdf
local_2017,__main__,council_smd,free_georgia,"საარჩევნო ბლოკი „დიმიტრი ლორთქიფანიძე, კახა კუკავა-დემოკრატიული მოძრაობა-თავისუფალი საქართველო”",,7,ლაგოდეხი,,3,შახინ,მირზაევ,შახინ მირზაევ,,,majoritarians_all.pdf
local_2017,__main__,council_smd,free_georgia,"საარჩევნო ბლოკი „დიმიტრი ლორთქიფანიძე, კახა კუკავა-დემოკრატიული მოძრაობა-თავისუფალი საქართველო”",,14,ლაგოდეხი,,3,დალი,ჩაჩანიძე,დალი ჩაჩანიძე,,,majoritarians_all.pdf
local_2017,__main__,council_smd,free_georgia,"საარჩევნო ბლოკი „დიმიტრი ლორთქიფანიძე, კახა კუკავა-დემოკრატიული მოძრაობა-თავისუფალი საქართველო”",,1,ლაგოდეხი,,3,ზურაბ,ნიქაცაძე,ზურაბ ნიქაცაძე,,,majoritarians_all.pdf
local_2017,__main__,council_smd,unm,საარჩევნო ბლოკი „ერთიანი ნაციონალური მოძრაობა”,,9,ლაგოდეხი,,5,სალომე,მოდებაძე,სალომე მოდებაძე,,,majoritarians_all.pdf
local_2017,__main__,council_smd,unm,საარჩევნო ბლოკი „ერთიანი ნაციონალური მოძრაობა”,,1,ლაგოდეხი,,5,ალექსანდრე,ზაქარიაშვილი,ალექსანდრე ზაქარიაშვილი,,,majoritarians_all.pdf
local_2017,__main__,council_smd,unm,საარჩევნო ბლოკი „ერთიანი ნაციონალური მოძრაობა”,,14,ლაგოდეხი,,5,გლახო,გრიგალაშვილი,გლახო გრიგალაშვილი,,,majoritarians_all.pdf
local_2017,__main__,council_smd,unm,საარჩევნო ბლოკი „ერთიანი ნაციონალური მოძრაობა”,,13,ლაგოდეხი,,5,მალხაზ,ხიმშიაშვილი,მალხაზ ხიმშიაშვილი,,,majoritarians_all.pdf
local_2017,__main__,council_smd,unm,საარჩევნო ბლოკი „ერთიანი ნაციონალური მოძრაობა”,,11,ლაგოდეხი,,5,ჟუჟუნა,ქურდაშვილი,ჟუჟუნა ქურდაშვილი,,,majoritarians_all.pdf
local_2017,__main__,council_smd,unm,საარჩევნო ბლოკი „ერთიანი ნაციონალური მოძრაობა”,,10,ლაგოდეხი,,5,ფირუზი,გელაშვილი,ფირუზი გელაშვილი,,,majoritarians_all.pdf
local_2017,__main__,council_smd,unm,საარჩევნო ბლოკი „ერთიანი ნაციონალური მოძრაობა”,,1,ლაგოდეხი,,5,ევა,ლომთაძე,ევა ლომთაძე,,,majoritarians_all.pdf
local_2017,__main__,council_smd,unm,საარჩევნო ბლოკი „ერთიანი ნაციონალური მოძრაობა”,,3,ლაგოდეხი,,5,ნინო,ჩალაძე,ნინო ჩალაძე,,,majoritarians_all.pdf
local_2017,__main__,council_smd,unm,საარჩევნო ბლოკი „ერთიანი ნაციონალური მოძრაობა”,,4,ლაგოდეხი,,5,თენგიზი,წიქარიშვილი,თენგიზი წიქარიშვილი,,,majoritarians_all.pdf
local_2017,__main__,council_smd,unm,საარჩევნო ბლოკი „ერთიანი ნაციონალური მოძრაობა”,,5,ლაგოდეხი,,5,ნათელა,ტეფნაძე,ნათელა ტეფნაძე,,,majoritarians_all.pdf
local_2017,__main__,council_smd,unm,საარჩევნო ბლოკი „ერთიანი ნაციონალური მოძრაობა”,,6,ლაგოდეხი,,5,მამუკა,გოგოლაძე,მამუკა გოგოლაძე,,,majoritarians_all.pdf
local_2017,__main__,council_smd,unm,საარჩევნო ბლოკი „ერთიანი ნაციონალური მოძრაობა”,,7,ლაგოდეხი,,5,ქამილ,ხალილოვ,ქამილ ხალილოვ,,,majoritarians_all.pdf
local_2017,__main__,council_smd,unm,საარჩევნო ბლოკი „ერთიანი ნაციონალური მოძრაობა”,,8,ლაგოდეხი,,5,რევაზი,პერანიძე,რევაზი პერანიძე,,,majoritarians_all.pdf
local_2017,__main__,council_smd,unm,საარჩევნო ბლოკი „ერთიანი ნაციონალური მოძრაობა”,,15,ლაგოდეხი,,5,მამუკა,კევლიშვილი,მამუკა კევლიშვილი,,,majoritarians_all.pdf
local_2017,__main__,council_smd,patriots,"„დავით თარხან-მოურავი, ირმა ინაშვილი - საქართველოს პატრიოტთა",,1,ლაგოდეხი,,8,ალიანსი”ზაზა,ბეკოშვილი,ალიანსი”ზაზა ბეკოშვილი,,,majoritarians_all.pdf
local_2017,__main__,council_smd,patriots,"„დავით თარხან-მოურავი, ირმა ინაშვილი - საქართველოს პატრიოტთა",,14,ლაგოდეხი,,8,ალიანსი”ავთანდილი,რეხვიაშვილი,ალიანსი”ავთანდილი რეხვიაშვილი,,,majoritarians_all.pdf
local_2017,__main__,council_smd,patriots,"„დავით თარხან-მოურავი, ირმა ინაშვილი - საქართველოს პატრიოტთა",,6,ლაგოდეხი,,8,ალიანსი”ბორისი,თითბერიძე,ალიანსი”ბორისი თითბერიძე,,,majoritarians_all.pdf
local_2017,__main__,council_smd,patriots,"„დავით თარხან-მოურავი, ირმა ინაშვილი - საქართველოს პატრიოტთა",,5,ლაგოდეხი,,8,ალიანსი”ლაშა,ლობჟანიძე,ალიანსი”ლაშა ლობჟანიძე,,,majoritarians_all.pdf
local_2017,__main__,council_smd,patriots,"„დავით თარხან-მოურავი, ირმა ინაშვილი - საქართველოს პატრიოტთა",,3,ლაგოდეხი,,8,ალიანსი”ზურაბი,აბრამიშვილი,ალიანსი”ზურაბი აბრამიშვილი,,,majoritarians_all.pdf
local_2017,__main__,council_smd,patriots,"„დავით თარხან-მოურავი, ირმა ინაშვილი - საქართველოს პატრიოტთა",,4,ლაგოდეხი,,8,ალიანსი”ვლადიმერი,სამხარაძე,ალიანსი”ვლადიმერი სამხარაძე,,,majoritarians_all.pdf
local_2017,__main__,council_smd,patriots,"„დავით თარხან-მოურავი, ირმა ინაშვილი - საქართველოს პატრიოტთა",,11,ლაგოდეხი,,8,ალიანსი”მარინე,შარიქაძე,ალიანსი”მარინე შარიქაძე,,,majoritarians_all.pdf
local_2017,__main__,council_smd,patriots,"„დავით თარხან-მოურავი, ირმა ინაშვილი - საქართველოს პატრიოტთა",,9,ლაგოდეხი,,8,ალიანსი”მიხეილი,ბოჭორიშვილი,ალიანსი”მიხეილი ბოჭორიშვილი,,,majoritarians_all.pdf
local_2017,__main__,council_smd,georgia_party,„სოციალისტური საქართველო - კომუნისტები”,,7,ლაგოდეხი,,37,ახმედ,აბდულაევ,ახმედ აბდულაევ,,,majoritarians_all.pdf
local_2017,__main__,council_smd,georgia_party,„სოციალისტური საქართველო - კომუნისტები”,,1,ლაგოდეხი,,37,მევლუდი,ღამბაშიძე,მევლუდი ღამბაშიძე,,,majoritarians_all.pdf
local_2017,__main__,council_smd,georgia_party,„სოციალისტური საქართველო - კომუნისტები”,,3,ლაგოდეხი,,37,პეტრე,ქიმაძე,პეტრე ქიმაძე,,,majoritarians_all.pdf
local_2017,__main__,council_smd,gd,„ქართული ოცნება-დემოკრატიული საქართველო”,,1,ლაგოდეხი,,41,ვახტანგი,სარალიძე,ვახტანგი სარალიძე,,,majoritarians_all.pdf
local_2017,__main__,council_smd,gd,„ქართული ოცნება-დემოკრატიული საქართველო”,,13,ლაგოდეხი,,41,მაირბეგ,ქოზაევი,მაირბეგ ქოზაევი,,,majoritarians_all.pdf
local_2017,__main__,council_smd,gd,„ქართული ოცნება-დემოკრატიული საქართველო”,,14,ლაგოდეხი,,41,ბესარიონი,შუბითიძე,ბესარიონი შუბითიძე,,,majoritarians_all.pdf
local_2017,__main__,council_smd,gd,„ქართული ოცნება-დემოკრატიული საქართველო”,,15,ლაგოდეხი,,41,ვაჟა,კობერიძე,ვაჟა კობერიძე,,,majoritarians_all.pdf
local_2017,__main__,council_smd,gd,„ქართული ოცნება-დემოკრატიული საქართველო”,,1,ლაგოდეხი,,41,ვლადიმერი,ალიბეგაშვილი,ვლადიმერი ალიბეგაშვილი,,,majoritarians_all.pdf
local_2017,__main__,council_smd,gd,„ქართული ოცნება-დემოკრატიული საქართველო”,,2,ლაგოდეხი,,41,სტელა,გიგოლაევა,სტელა გიგოლაევა,,,majoritarians_all.pdf
local_2017,__main__,council_smd,gd,„ქართული ოცნება-დემოკრატიული საქართველო”,,3,ლაგოდეხი,,41,გია,კობახიძე,გია კობახიძე,,,majoritarians_all.pdf
local_2017,__main__,council_smd,gd,„ქართული ოცნება-დემოკრატიული საქართველო”,,4,ლაგოდეხი,,41,ვასილი,ნოზაძე,ვასილი ნოზაძე,,,majoritarians_all.pdf
local_2017,__main__,council_smd,gd,„ქართული ოცნება-დემოკრატიული საქართველო”,,6,ლაგოდეხი,,41,დავით,კაპანაძე,დავით კაპანაძე,,,majoritarians_all.pdf
local_2017,__main__,council_smd,gd,„ქართული ოცნება-დემოკრატიული საქართველო”,,5,ლაგოდეხი,,41,ალექსანდრე,ბაინდურაშვილი,ალექსანდრე ბაინდურაშვილი,,,majoritarians_all.pdf
local_2017,__main__,council_smd,gd,„ქართული ოცნება-დემოკრატიული საქართველო”,,7,ლაგოდეხი,,41,ამილ,ნიაზოვ,ამილ ნიაზოვ,,,majoritarians_all.pdf
local_2017,__main__,council_smd,gd,„ქართული ოცნება-დემოკრატიული საქართველო”,,8,ლაგოდეხი,,41,კოტე,კაპანაძე,კოტე კაპანაძე,,,majoritarians_all.pdf
local_2017,__main__,council_smd,gd,„ქართული ოცნება-დემოკრატიული საქართველო”,,9,ლაგოდეხი,,41,ხვიჩა,ყაველაშვილი,ხვიჩა ყაველაშვილი,,,majoritarians_all.pdf
local_2017,__main__,council_smd,gd,„ქართული ოცნება-დემოკრატიული საქართველო”,,11,ლაგოდეხი,,41,ზაზა,შუბითიძე,ზაზა შუბითიძე,,,majoritarians_all.pdf
local_2017,__main__,council_smd,gd,„ქართული ოცნება-დემოკრატიული საქართველო”,,12,ლაგოდეხი,,41,სიმონი,კვერნაძე,სიმონი კვერნაძე,,,majoritarians_all.pdf
local_2017,__main__,council_smd,gd,„ქართული ოცნება-დემოკრატიული საქართველო”,,10,ლაგოდეხი,,41,ვახტანგი,ჭიპაშვილი,ვახტანგი ჭიპაშვილი,,,majoritarians_all.pdf
local_2017,__main__,council_smd,initiative_group,"საინიციატივო ჯგუფი - რობერტი მარგიევი, ანზორი პაპაშვილი, ვასილი ნატროშვილი, შოთა ციხისელი, ოთარი გაჯიშვილი",,11,ლაგოდეხი,,42,ემზარი,გვალია,ემზარი გვალია,,,majoritarians_all.pdf
local_2017,__main__,council_smd,initiative_group,"საინიციატივო ჯგუფი - ავთანდილი ჯოხაძე, გიორგი ფცქიალაძე, ვლადიმერი ბაქრაძე, ნოდარი ბუთხუზი, გიორგი ყავრელიშვილი",,12,ლაგოდეხი,,42,ტარიელ,ქიმაძე,ტარიელ ქიმაძე,,,majoritarians_all.pdf
local_2017,__main__,council_smd,initiative_group,"საინიციატივო ჯგუფი - ზვიადი ხვედელიძე, კობა კაპანაძე, ვალერი შეყელაძე, გელა კობახიძე, ალექსანდრე შეყელაძე.",,3,ლაგოდეხი,,42,ისაკო,ცქიფურიშვილი,ისაკო ცქიფურიშვილი,,,majoritarians_all.pdf
local_2017,__main__,council_smd,initiative_group,"საინიციატივო ჯგუფი - ბორისი მაჭარაშვილი, რობიზონი ხარებაშვილი, გიორგი რაზმაძე, ნანა ივანეიშვილი, ლიანა გოგოსაშვილი.",,14,ლაგოდეხი,,42,ჯემალი,კუსიანი,ჯემალი კუსიანი,,,majoritarians_all.pdf
local_2017,__main__,council_smd,initiative_group,"საინიციატივო ჯგუფი - თეონა ძმანაშვილი, ხათუნა ჩინჩალაძე, ტარიელი ჩინჩალაძე, ალექსანდრე სამხარაძე, ელენე ჩინჩალაძე.",,4,ლაგოდეხი,,42,ლევანი,ჩინჩალაძე,ლევანი ჩინჩალაძე,,,majoritarians_all.pdf
local_2017,__main__,council_smd,initiative_group,"საინიციატივო ჯგუფი - აქვსენტი გელაშვილი, ნანული მოდებაძე, ნანა მერმანიშვილი, ბიჭიკო ცხოვრებოვი, ირინე ჭუმბურიძე.",,9,ლაგოდეხი,,42,ნინო,კაპანაძე,ნინო კაპანაძე,,,majoritarians_all.pdf
local_2017,__main__,council_smd,initiative_group,"საინიციატივო ჯგუფი - დავით ბაკაშვილი, გიორგი არევაძე, რამაზი არევაძე, თამაზ მჭედლიძე, ზაზა ქველაძე.",,6,ლაგოდეხი,,42,ვალერი,კაპანაძე,ვალერი კაპანაძე,,,majoritarians_all.pdf
local_2017,__main__,council_smd,initiative_group,"საინიციატივო ჯგუფი - დავითი ციცვიძე, ირმა ციცვიძე, ბონდო ლაშხი, ნიკოლოზი ლობჟანიძე, სვეტლანა პაპაშვილი",,1,ლაგოდეხი,,142,გიორგი,ციცვიძე,გიორგი ციცვიძე,,,majoritarians_all.pdf
local_2017,__main__,council_smd,initiative_group,"საინიციატივო ჯგუფი - ნინო გელაშვილი, იოსებ წიქარიშვილი, ნატო დარჩიაშვილი, ამბროსი ტაბატაძე, ნათია ბეჟიაშვილი",,15,ლაგოდეხი,,42,ალექსანდრე,ვარდოსანიძე,ალექსანდრე ვარდოსანიძე,,,majoritarians_all.pdf
local_2017,__main__,council_smd,initiative_group,"საინიციატივო ჯგუფი - იმედა მაჭარაშვილი, გულიკო ჯუსოევი, თეა მილაშვილი, ნოდარი ბერიძე, ანგელი ჯიოევი",,2,ლაგოდეხი,,42,ბესიკი,თაბუნიძე,ბესიკი თაბუნიძე,,,majoritarians_all.pdf
local_2017,__main__,council_smd,initiative_group,"საინიციატივო ჯგუფი - ნანული გელაშვილი, გოჩა ლომიძე, დიმიტრი ნოზაძე, თინათინი მჭედლიძე, ნინო ნოზაძე",,8,ლაგოდეხი,,42,დავით,ლომიძე,დავით ლომიძე,,,majoritarians_all.pdf
local_2017,__main__,council_smd,european_georgia,"საარჩევნო ბლოკი „ბაქრაძე, უგულავა-ევროპული საქართველო”",,1,ყვარელი,,2,დიანა,ლეშკაშვილი,დიანა ლეშკაშვილი,,,majoritarians_all.pdf
local_2017,__main__,council_smd,european_georgia,"საარჩევნო ბლოკი „ბაქრაძე, უგულავა-ევროპული საქართველო”",,1,ყვარელი,,2,სოსო,ბეჟანიშვილი,სოსო ბეჟანიშვილი,,,majoritarians_all.pdf
local_2017,__main__,council_smd,european_georgia,"საარჩევნო ბლოკი „ბაქრაძე, უგულავა-ევროპული საქართველო”",,8,ყვარელი,,2,ია,ალადაშვილი,ია ალადაშვილი,,,majoritarians_all.pdf
local_2017,__main__,council_smd,european_georgia,"საარჩევნო ბლოკი „ბაქრაძე, უგულავა-ევროპული საქართველო”",,4,ყვარელი,,2,ნანა,ოთარაშვილი,ნანა ოთარაშვილი,,,majoritarians_all.pdf
local_2017,__main__,council_smd,european_georgia,"საარჩევნო ბლოკი „ბაქრაძე, უგულავა-ევროპული საქართველო”",,11,ყვარელი,,2,ლევან,ფიცხელაური,ლევან ფიცხელაური,,,majoritarians_all.pdf
local_2017,__main__,council_smd,european_georgia,"საარჩევნო ბლოკი „ბაქრაძე, უგულავა-ევროპული საქართველო”",,10,ყვარელი,,2,სვიმანა,შარმაზნიშვილი,სვიმანა შარმაზნიშვილი,,,majoritarians_all.pdf
local_2017,__main__,council_smd,european_georgia,"საარჩევნო ბლოკი „ბაქრაძე, უგულავა-ევროპული საქართველო”",,9,ყვარელი,,2,ელენე,წიწრიაშვილი,ელენე წიწრიაშვილი,,,majoritarians_all.pdf
local_2017,__main__,council_smd,european_georgia,"საარჩევნო ბლოკი „ბაქრაძე, უგულავა-ევროპული საქართველო”",,5,ყვარელი,,2,გიორგი,კაზარაშვილი,გიორგი კაზარაშვილი,,,majoritarians_all.pdf
local_2017,__main__,council_smd,european_georgia,"საარჩევნო ბლოკი „ბაქრაძე, უგულავა-ევროპული საქართველო”",,6,ყვარელი,,2,ტარიელ,მელქოშვილი,ტარიელ მელქოშვილი,,,majoritarians_all.pdf
local_2017,__main__,council_smd,free_georgia,"საარჩევნო ბლოკი „დიმიტრი ლორთქიფანიძე, კახა კუკავა-დემოკრატიული მოძრაობა-თავისუფალი საქართველო”",,9,ყვარელი,,3,მევლუდი,იობაშვილი,მევლუდი იობაშვილი,,,majoritarians_all.pdf
local_2017,__main__,council_smd,free_georgia,"საარჩევნო ბლოკი „დიმიტრი ლორთქიფანიძე, კახა კუკავა-დემოკრატიული მოძრაობა-თავისუფალი საქართველო”",,1,ყვარელი,,3,აკაკი,ჯოხაძე,აკაკი ჯოხაძე,,,majoritarians_all.pdf
local_2017,__main__,council_smd,unm,საარჩევნო ბლოკი „ერთიანი ნაციონალური მოძრაობა”,,2,ყვარელი,,5,ჯემალი,ადეიშვილი,ჯემალი ადეიშვილი,,,majoritarians_all.pdf
local_2017,__main__,council_smd,unm,საარჩევნო ბლოკი „ერთიანი ნაციონალური მოძრაობა”,,7,ყვარელი,,5,ვალერი,იმედაშვილი,ვალერი იმედაშვილი,,,majoritarians_all.pdf
local_2017,__main__,council_smd,unm,საარჩევნო ბლოკი „ერთიანი ნაციონალური მოძრაობა”,,8,ყვარელი,,5,დავითი,ირემაშვილი,დავითი ირემაშვილი,,,majoritarians_all.pdf
local_2017,__main__,council_smd,unm,საარჩევნო ბლოკი „ერთიანი ნაციონალური მოძრაობა”,,9,ყვარელი,,5,დავითი,მელიქიშვილი,დავითი მელიქიშვილი,,,majoritarians_all.pdf
local_2017,__main__,council_smd,unm,საარჩევნო ბლოკი „ერთიანი ნაციონალური მოძრაობა”,,6,ყვარელი,,5,ბადური,ბერიძე,ბადური ბერიძე,,,majoritarians_all.pdf
local_2017,__main__,council_smd,unm,საარჩევნო ბლოკი „ერთიანი ნაციონალური მოძრაობა”,,5,ყვარელი,,5,აკაკი,იოხმუსაშვილი,აკაკი იოხმუსაშვილი,,,majoritarians_all.pdf
local_2017,__main__,council_smd,unm,საარჩევნო ბლოკი „ერთიანი ნაციონალური მოძრაობა”,,11,ყვარელი,,5,იოსებ,ჩაბრაშვილი,იოსებ ჩაბრაშვილი,,,majoritarians_all.pdf
local_2017,__main__,council_smd,unm,საარჩევნო ბლოკი „ერთიანი ნაციონალური მოძრაობა”,,10,ყვარელი,,5,ირა,ამბროსიშვილი,ირა ამბროსიშვილი,,,majoritarians_all.pdf
local_2017,__main__,council_smd,unm,საარჩევნო ბლოკი „ერთიანი ნაციონალური მოძრაობა”,,1,ყვარელი,,5,გიორგი,ბერიაშვილი,გიორგი ბერიაშვილი,,,majoritarians_all.pdf
local_2017,__main__,council_smd,unm,საარჩევნო ბლოკი „ერთიანი ნაციონალური მოძრაობა”,,1,ყვარელი,,5,ბექა,ფოჩხიძე,ბექა ფოჩხიძე,,,majoritarians_all.pdf
local_2017,__main__,council_smd,unm,საარჩევნო ბლოკი „ერთიანი ნაციონალური მოძრაობა”,,4,ყვარელი,,5,ვალერი,ბერიძე,ვალერი ბერიძე,,,majoritarians_all.pdf
local_2017,__main__,council_smd,patriots,"„დავით თარხან-მოურავი, ირმა ინაშვილი - საქართველოს პატრიოტთა",,11,ყვარელი,,8,ალიანსი”მანანა,ლაჩაშვილი,ალიანსი”მანანა ლაჩაშვილი,,,majoritarians_all.pdf
local_2017,__main__,council_smd,patriots,"„დავით თარხან-მოურავი, ირმა ინაშვილი - საქართველოს პატრიოტთა",,1,ყვარელი,,8,ალიანსი”მინდია,გუშკაშვილი,ალიანსი”მინდია გუშკაშვილი,,,majoritarians_all.pdf
local_2017,__main__,council_smd,patriots,"„დავით თარხან-მოურავი, ირმა ინაშვილი - საქართველოს პატრიოტთა",,1,ყვარელი,,8,ალიანსი”ალექსი,შიუკაშვილი,ალიანსი”ალექსი შიუკაშვილი,,,majoritarians_all.pdf
local_2017,__main__,council_smd,patriots,"„დავით თარხან-მოურავი, ირმა ინაშვილი - საქართველოს პატრიოტთა",,4,ყვარელი,,8,ალიანსი”რევაზი,ჩოხადარი,ალიანსი”რევაზი ჩოხადარი,,,majoritarians_all.pdf
local_2017,__main__,council_smd,patriots,"„დავით თარხან-მოურავი, ირმა ინაშვილი - საქართველოს პატრიოტთა",,9,ყვარელი,,8,ალიანსი”ზურაბი,ხოსროშვილი,ალიანსი”ზურაბი ხოსროშვილი,,,majoritarians_all.pdf
local_2017,__main__,council_smd,patriots,"„დავით თარხან-მოურავი, ირმა ინაშვილი - საქართველოს პატრიოტთა",,6,ყვარელი,,8,ალიანსი”ალექსანდრე,ჯანგიძე,ალიანსი”ალექსანდრე ჯანგიძე,,,majoritarians_all.pdf
local_2017,__main__,council_smd,patriots,"„დავით თარხან-მოურავი, ირმა ინაშვილი - საქართველოს პატრიოტთა",,2,ყვარელი,,8,ალიანსი”ვლადიმერი,პოსოშვილი,ალიანსი”ვლადიმერი პოსოშვილი,,,majoritarians_all.pdf
local_2017,__main__,council_smd,patriots,"„დავით თარხან-მოურავი, ირმა ინაშვილი - საქართველოს პატრიოტთა",,5,ყვარელი,,8,ალიანსი”გიორგი,პართენიშვილი,ალიანსი”გიორგი პართენიშვილი,,,majoritarians_all.pdf
local_2017,__main__,council_smd,patriots,"„დავით თარხან-მოურავი, ირმა ინაშვილი - საქართველოს პატრიოტთა",,7,ყვარელი,,8,ალიანსი”ნიკოლოზი,კირვალიძე,ალიანსი”ნიკოლოზი კირვალიძე,,,majoritarians_all.pdf
local_2017,__main__,council_smd,labour,„შალვა ნათელაშვილი - საქართველოს ლეიბორისტული პარტია”,,3,ყვარელი,,10,ვალერი,ონოფრიშვილი,ვალერი ონოფრიშვილი,,,majoritarians_all.pdf
local_2017,__main__,council_smd,gd,„ქართული ოცნება-დემოკრატიული საქართველო”,,8,ყვარელი,,41,ჯემალი,შავერდაშვილი,ჯემალი შავერდაშვილი,,,majoritarians_all.pdf
local_2017,__main__,council_smd,gd,„ქართული ოცნება-დემოკრატიული საქართველო”,,7,ყვარელი,,41,ვახტანგი,მაჭავარიანი,ვახტანგი მაჭავარიანი,,,majoritarians_all.pdf
local_2017,__main__,council_smd,gd,„ქართული ოცნება-დემოკრატიული საქართველო”,,1,ყვარელი,,41,ზურაბი,ჩხეიძე,ზურაბი ჩხეიძე,,,majoritarians_all.pdf
local_2017,__main__,council_smd,gd,„ქართული ოცნება-დემოკრატიული საქართველო”,,1,ყვარელი,,41,ვანო,მამულაშვილი,ვანო მამულაშვილი,,,majoritarians_all.pdf
local_2017,__main__,council_smd,gd,„ქართული ოცნება-დემოკრატიული საქართველო”,,2,ყვარელი,,41,ალექსანდრე,მაზმიშვილი,ალექსანდრე მაზმიშვილი,,,majoritarians_all.pdf
local_2017,__main__,council_smd,gd,„ქართული ოცნება-დემოკრატიული საქართველო”,,3,ყვარელი,,41,ზურაბი,კაპანაძე,ზურაბი კაპანაძე,,,majoritarians_all.pdf
local_2017,__main__,council_smd,gd,„ქართული ოცნება-დემოკრატიული საქართველო”,,4,ყვარელი,,41,კახა,ასისტიშვილი,კახა ასისტიშვილი,,,majoritarians_all.pdf
local_2017,__main__,council_smd,gd,„ქართული ოცნება-დემოკრატიული საქართველო”,,5,ყვარელი,,41,თენგიზ,ღვალაძე,თენგიზ ღვალაძე,,,majoritarians_all.pdf
local_2017,__main__,council_smd,gd,„ქართული ოცნება-დემოკრატიული საქართველო”,,11,ყვარელი,,41,სერგო,მამაგულიშვილი,სერგო მამაგულიშვილი,,,majoritarians_all.pdf
local_2017,__main__,council_smd,gd,„ქართული ოცნება-დემოკრატიული საქართველო”,,9,ყვარელი,,41,იოსები,სოლომნიშვილი,იოსები სოლომნიშვილი,,,majoritarians_all.pdf
local_2017,__main__,council_smd,gd,„ქართული ოცნება-დემოკრატიული საქართველო”,,10,ყვარელი,,41,მამუკა,ბერიაშვილი,მამუკა ბერიაშვილი,,,majoritarians_all.pdf
local_2017,__main__,council_smd,initiative_group,"საინიციატივო ჯგუფი - 2. გიორგი ყაველაშვილი, კონსტანტინე კობახიძე, ზურაბი კახიძე, დავითი ყანჩაშვილი, გიორგი ბრეგვაძე.",,5,ყვარელი,,42,ქართლოს,რიგიშვილი,ქართლოს რიგიშვილი,,,majoritarians_all.pdf
local_2017,__main__,council_smd,initiative_group,"საინიციატივო ჯგუფი - 1. სოფიკო ქურდაძე, ირაკლი კახიძე, ქეთევანი კახიძე,გიორგი ხვედელიძე, გია თუშურაშვილი",,5,ყვარელი,,43,როინი,ხვედელიძე,როინი ხვედელიძე,,,majoritarians_all.pdf
local_2017,__main__,council_smd,european_georgia,"საარჩევნო ბლოკი „ბაქრაძე, უგულავა-ევროპული საქართველო”",,16,თელავი,,2,ელდარი,გრიშიკაშვილი,ელდარი გრიშიკაშვილი,,,majoritarians_all.pdf
local_2017,__main__,council_smd,european_georgia,"საარჩევნო ბლოკი „ბაქრაძე, უგულავა-ევროპული საქართველო”",,17,თელავი,,2,ბესიკ,ბუცხრიკიძე,ბესიკ ბუცხრიკიძე,,,majoritarians_all.pdf
local_2017,__main__,council_smd,european_georgia,"საარჩევნო ბლოკი „ბაქრაძე, უგულავა-ევროპული საქართველო”",,18,თელავი,,2,თეიმურაზ,ზაალიშვილი,თეიმურაზ ზაალიშვილი,,,majoritarians_all.pdf
local_2017,__main__,council_smd,european_georgia,"საარჩევნო ბლოკი „ბაქრაძე, უგულავა-ევროპული საქართველო”",,10,თელავი,,2,მალხაზი,სესიაშვილი,მალხაზი სესიაშვილი,,,majoritarians_all.pdf
local_2017,__main__,council_smd,european_georgia,"საარჩევნო ბლოკი „ბაქრაძე, უგულავა-ევროპული საქართველო”",,11,თელავი,,2,ზურაბი,ნაცარაშვილი,ზურაბი ნაცარაშვილი,,,majoritarians_all.pdf
local_2017,__main__,council_smd,european_georgia,"საარჩევნო ბლოკი „ბაქრაძე, უგულავა-ევროპული საქართველო”",,13,თელავი,,2,ელიკო,მეტრეველი,ელიკო მეტრეველი,,,majoritarians_all.pdf
local_2017,__main__,council_smd,european_georgia,"საარჩევნო ბლოკი „ბაქრაძე, უგულავა-ევროპული საქართველო”",,12,თელავი,,2,მაგდა,თათულაშვილი,მაგდა თათულაშვილი,,,majoritarians_all.pdf
local_2017,__main__,council_smd,european_georgia,"საარჩევნო ბლოკი „ბაქრაძე, უგულავა-ევროპული საქართველო”",,14,თელავი,,2,ია,ქალიაშვილი,ია ქალიაშვილი,,,majoritarians_all.pdf
local_2017,__main__,council_smd,european_georgia,"საარჩევნო ბლოკი „ბაქრაძე, უგულავა-ევროპული საქართველო”",,15,თელავი,,2,სტეფანე,აღვინოვი,სტეფანე აღვინოვი,,,majoritarians_all.pdf
local_2017,__main__,council_smd,european_georgia,"საარჩევნო ბლოკი „ბაქრაძე, უგულავა-ევროპული საქართველო”",,5,თელავი,,2,გიორგი,ლიქოკელი,გიორგი ლიქოკელი,,,majoritarians_all.pdf
local_2017,__main__,council_smd,european_georgia,"საარჩევნო ბლოკი „ბაქრაძე, უგულავა-ევროპული საქართველო”",,6,თელავი,,2,შალვა,ხვთისიაშვილი,შალვა ხვთისიაშვილი,,,majoritarians_all.pdf
local_2017,__main__,council_smd,european_georgia,"საარჩევნო ბლოკი „ბაქრაძე, უგულავა-ევროპული საქართველო”",,2,თელავი,,2,მიხეილი,მაისურაძე,მიხეილი მაისურაძე,,,majoritarians_all.pdf
local_2017,__main__,council_smd,european_georgia,"საარჩევნო ბლოკი „ბაქრაძე, უგულავა-ევროპული საქართველო”",,3,თელავი,,2,მათე,პაპუნაშვილი,მათე პაპუნაშვილი,,,majoritarians_all.pdf
local_2017,__main__,council_smd,european_georgia,"საარჩევნო ბლოკი „ბაქრაძე, უგულავა-ევროპული საქართველო”",,1,თელავი,,2,ქეთევან,ბედოიძე,ქეთევან ბედოიძე,,,majoritarians_all.pdf
local_2017,__main__,council_smd,european_georgia,"საარჩევნო ბლოკი „ბაქრაძე, უგულავა-ევროპული საქართველო”",,1,თელავი,,2,ნინო,ფეიქრიშვილი,ნინო ფეიქრიშვილი,,,majoritarians_all.pdf
local_2017,__main__,council_smd,european_georgia,"საარჩევნო ბლოკი „ბაქრაძე, უგულავა-ევროპული საქართველო”",,1,თელავი,,2,ნოდარი,ეჟიშვილი,ნოდარი ეჟიშვილი,,,majoritarians_all.pdf
local_2017,__main__,council_smd,european_georgia,"საარჩევნო ბლოკი „ბაქრაძე, უგულავა-ევროპული საქართველო”",,7,თელავი,,2,ხათუნა,დურგლიშვილი,ხათუნა დურგლიშვილი,,,majoritarians_all.pdf
local_2017,__main__,council_smd,european_georgia,"საარჩევნო ბლოკი „ბაქრაძე, უგულავა-ევროპული საქართველო”",,9,თელავი,,2,ნიკოლოზ,დალაქიშვილი,ნიკოლოზ დალაქიშვილი,,,majoritarians_all.pdf
local_2017,__main__,council_smd,european_georgia,"საარჩევნო ბლოკი „ბაქრაძე, უგულავა-ევროპული საქართველო”",,8,თელავი,,2,როლანდი,ნაწიფაშვილი,როლანდი ნაწიფაშვილი,,,majoritarians_all.pdf
local_2017,__main__,council_smd,european_georgia,"საარჩევნო ბლოკი „ბაქრაძე, უგულავა-ევროპული საქართველო”",,4,თელავი,,2,ლევანი,კობიაშვილი,ლევანი კობიაშვილი,,,majoritarians_all.pdf
local_2017,__main__,council_smd,free_georgia,"საარჩევნო ბლოკი „დიმიტრი ლორთქიფანიძე, კახა კუკავა-დემოკრატიული მოძრაობა-თავისუფალი საქართველო”",,10,თელავი,,3,ბიძინა,პაპაშვილი,ბიძინა პაპაშვილი,,,majoritarians_all.pdf
local_2017,__main__,council_smd,free_georgia,"საარჩევნო ბლოკი „დიმიტრი ლორთქიფანიძე, კახა კუკავა-დემოკრატიული მოძრაობა-თავისუფალი საქართველო”",,7,თელავი,,3,ბიძინა,ზუროშვილი,ბიძინა ზუროშვილი,,,majoritarians_all.pdf
local_2017,__main__,council_smd,free_georgia,"საარჩევნო ბლოკი „დიმიტრი ლორთქიფანიძე, კახა კუკავა-დემოკრატიული მოძრაობა-თავისუფალი საქართველო”",,8,თელავი,,3,გურამი,ხიზანიშვილი,გურამი ხიზანიშვილი,,,majoritarians_all.pdf
local_2017,__main__,council_smd,unm,საარჩევნო ბლოკი „ერთიანი ნაციონალური მოძრაობა”,,18,თელავი,,5,დავითი,წიფლაშვილი,დავითი წიფლაშვილი,,,majoritarians_all.pdf
local_2017,__main__,council_smd,unm,საარჩევნო ბლოკი „ერთიანი ნაციონალური მოძრაობა”,,16,თელავი,,5,კობა,ოქრუაშვილი,კობა ოქრუაშვილი,,,majoritarians_all.pdf
local_2017,__main__,council_smd,unm,საარჩევნო ბლოკი „ერთიანი ნაციონალური მოძრაობა”,,14,თელავი,,5,ალექსანდრე,კუპატაძე,ალექსანდრე კუპატაძე,,,majoritarians_all.pdf
local_2017,__main__,council_smd,unm,საარჩევნო ბლოკი „ერთიანი ნაციონალური მოძრაობა”,,12,თელავი,,5,ლაშა,საქუაშვილი,ლაშა საქუაშვილი,,,majoritarians_all.pdf
local_2017,__main__,council_smd,unm,საარჩევნო ბლოკი „ერთიანი ნაციონალური მოძრაობა”,,13,თელავი,,5,რამაზ,ჩეკურიშვილი,რამაზ ჩეკურიშვილი,,,majoritarians_all.pdf
local_2017,__main__,council_smd,unm,საარჩევნო ბლოკი „ერთიანი ნაციონალური მოძრაობა”,,17,თელავი,,5,მერი,მაისურაძე,მერი მაისურაძე,,,majoritarians_all.pdf
local_2017,__main__,council_smd,unm,საარჩევნო ბლოკი „ერთიანი ნაციონალური მოძრაობა”,,15,თელავი,,5,ფოლად,სულეიმანოვი,ფოლად სულეიმანოვი,,,majoritarians_all.pdf
local_2017,__main__,council_smd,unm,საარჩევნო ბლოკი „ერთიანი ნაციონალური მოძრაობა”,,11,თელავი,,5,ეთერი,გურგენაშვილი,ეთერი გურგენაშვილი,,,majoritarians_all.pdf
local_2017,__main__,council_smd,unm,საარჩევნო ბლოკი „ერთიანი ნაციონალური მოძრაობა”,,4,თელავი,,5,არჩილი,თუშიშვილი,არჩილი თუშიშვილი,,,majoritarians_all.pdf
local_2017,__main__,council_smd,unm,საარჩევნო ბლოკი „ერთიანი ნაციონალური მოძრაობა”,,5,თელავი,,5,გიორგი,მუმლაური,გიორგი მუმლაური,,,majoritarians_all.pdf
local_2017,__main__,council_smd,unm,საარჩევნო ბლოკი „ერთიანი ნაციონალური მოძრაობა”,,6,თელავი,,5,ზაქარია,ენუქაშვილი,ზაქარია ენუქაშვილი,,,majoritarians_all.pdf
local_2017,__main__,council_smd,unm,საარჩევნო ბლოკი „ერთიანი ნაციონალური მოძრაობა”,,3,თელავი,,5,ივანე,დალაქიშვილი,ივანე დალაქიშვილი,,,majoritarians_all.pdf
local_2017,__main__,council_smd,unm,საარჩევნო ბლოკი „ერთიანი ნაციონალური მოძრაობა”,,2,თელავი,,5,ივანე,ქევხიშვილი,ივანე ქევხიშვილი,,,majoritarians_all.pdf
local_2017,__main__,council_smd,unm,საარჩევნო ბლოკი „ერთიანი ნაციონალური მოძრაობა”,,1,თელავი,,5,ბაადურ,რევაზიშვილი,ბაადურ რევაზიშვილი,,,majoritarians_all.pdf
local_2017,__main__,council_smd,unm,საარჩევნო ბლოკი „ერთიანი ნაციონალური მოძრაობა”,,10,თელავი,,5,აბრამ,მახარიაშვილი,აბრამ მახარიაშვილი,,,majoritarians_all.pdf
local_2017,__main__,council_smd,unm,საარჩევნო ბლოკი „ერთიანი ნაციონალური მოძრაობა”,,8,თელავი,,5,გელა,ახალაური,გელა ახალაური,,,majoritarians_all.pdf
local_2017,__main__,council_smd,unm,საარჩევნო ბლოკი „ერთიანი ნაციონალური მოძრაობა”,,9,თელავი,,5,თამარ,სვანიძე,თამარ სვანიძე,,,majoritarians_all.pdf
local_2017,__main__,council_smd,unm,საარჩევნო ბლოკი „ერთიანი ნაციონალური მოძრაობა”,,7,თელავი,,5,ზაქარია,გრიშიკაშვილი,ზაქარია გრიშიკაშვილი,,,majoritarians_all.pdf
local_2017,__main__,council_smd,unm,საარჩევნო ბლოკი „ერთიანი ნაციონალური მოძრაობა”,,1,თელავი,,5,ზაზა,მურველაშვილი,ზაზა მურველაშვილი,,,majoritarians_all.pdf
local_2017,__main__,council_smd,republicans_2016,„რესპუბლიკური პარტია”,,1,თელავი,,6,გელა,აზიკური,გელა აზიკური,,,majoritarians_all.pdf
local_2017,__main__,council_smd,patriots,"„დავით თარხან-მოურავი, ირმა ინაშვილი - საქართველოს პატრიოტთა",,14,თელავი,,8,ალიანსი”მანანა,ბოჭორიშვილი,ალიანსი”მანანა ბოჭორიშვილი,,,majoritarians_all.pdf
local_2017,__main__,council_smd,patriots,"„დავით თარხან-მოურავი, ირმა ინაშვილი - საქართველოს პატრიოტთა",,1,თელავი,,8,ალიანსი”არჩილი,თვალიაშვილი,ალიანსი”არჩილი თვალიაშვილი,,,majoritarians_all.pdf
local_2017,__main__,council_smd,patriots,"„დავით თარხან-მოურავი, ირმა ინაშვილი - საქართველოს პატრიოტთა",,16,თელავი,,8,ალიანსი”აბესალომ,არუთინოვი,ალიანსი”აბესალომ არუთინოვი,,,majoritarians_all.pdf
local_2017,__main__,council_smd,patriots,"„დავით თარხან-მოურავი, ირმა ინაშვილი - საქართველოს პატრიოტთა",,2,თელავი,,8,ალიანსი”შალვა,კირვალიძე,ალიანსი”შალვა კირვალიძე,,,majoritarians_all.pdf
local_2017,__main__,council_smd,patriots,"„დავით თარხან-მოურავი, ირმა ინაშვილი - საქართველოს პატრიოტთა",,8,თელავი,,8,ალიანსი”ასმათი,გალახვარიძე,ალიანსი”ასმათი გალახვარიძე,,,majoritarians_all.pdf
local_2017,__main__,council_smd,patriots,"„დავით თარხან-მოურავი, ირმა ინაშვილი - საქართველოს პატრიოტთა",,17,თელავი,,8,ალიანსი”გივი,ელიზბარაშვილი,ალიანსი”გივი ელიზბარაშვილი,,,majoritarians_all.pdf
local_2017,__main__,council_smd,patriots,"„დავით თარხან-მოურავი, ირმა ინაშვილი - საქართველოს პატრიოტთა",,12,თელავი,,8,ალიანსი”ფირუზი,ყაზარაშვილი,ალიანსი”ფირუზი ყაზარაშვილი,,,majoritarians_all.pdf
local_2017,__main__,council_smd,patriots,"„დავით თარხან-მოურავი, ირმა ინაშვილი - საქართველოს პატრიოტთა",,10,თელავი,,8,ალიანსი”ლალი,ვაყელაშვილი,ალიანსი”ლალი ვაყელაშვილი,,,majoritarians_all.pdf
local_2017,__main__,council_smd,labour,„შალვა ნათელაშვილი - საქართველოს ლეიბორისტული პარტია”,,1,თელავი,,10,თენგიზ,წითელაური,თენგიზ წითელაური,,,majoritarians_all.pdf
local_2017,__main__,council_smd,labour,„შალვა ნათელაშვილი - საქართველოს ლეიბორისტული პარტია” ვალერიან,,15,თელავი,,10,ჯამალ,ოღლი,ჯამალ ოღლი,,,majoritarians_all.pdf
local_2017,__main__,council_smd,labour,„შალვა ნათელაშვილი - საქართველოს ლეიბორისტული პარტია”,,1,თელავი,,10,პავულინა,ბერიკიშვილი,პავულინა ბერიკიშვილი,,,majoritarians_all.pdf
local_2017,__main__,council_smd,labour,„შალვა ნათელაშვილი - საქართველოს ლეიბორისტული პარტია”,,7,თელავი,,10,ზაქარია,რაზმაძე,ზაქარია რაზმაძე,,,majoritarians_all.pdf
local_2017,__main__,council_smd,labour,„შალვა ნათელაშვილი - საქართველოს ლეიბორისტული პარტია”,,10,თელავი,,10,მინდია,ხეცაშვილი,მინდია ხეცაშვილი,,,majoritarians_all.pdf
local_2017,__main__,council_smd,labour,„შალვა ნათელაშვილი - საქართველოს ლეიბორისტული პარტია”,,16,თელავი,,10,არჩილ,ურჩუხიშვილი,არჩილ ურჩუხიშვილი,,,majoritarians_all.pdf
local_2017,__main__,council_smd,labour,„შალვა ნათელაშვილი - საქართველოს ლეიბორისტული პარტია”,,18,თელავი,,10,გიორგი,გურასპიშვილი,გიორგი გურასპიშვილი,,,majoritarians_all.pdf
local_2017,__main__,council_smd,labour,„შალვა ნათელაშვილი - საქართველოს ლეიბორისტული პარტია”,,2,თელავი,,10,გიორგი,გოგიშვილი,გიორგი გოგიშვილი,,,majoritarians_all.pdf
local_2017,__main__,council_smd,labour,„შალვა ნათელაშვილი - საქართველოს ლეიბორისტული პარტია”,,11,თელავი,,10,ლევან,ვარდოშვილი,ლევან ვარდოშვილი,,,majoritarians_all.pdf
local_2017,__main__,council_smd,labour,„შალვა ნათელაშვილი - საქართველოს ლეიბორისტული პარტია”,,13,თელავი,,10,მიხეილ,არაბული,მიხეილ არაბული,,,majoritarians_all.pdf
local_2017,__main__,council_smd,labour,„შალვა ნათელაშვილი - საქართველოს ლეიბორისტული პარტია”,,14,თელავი,,10,ლილი,მიქელაშვილი,ლილი მიქელაშვილი,,,majoritarians_all.pdf
local_2017,__main__,council_smd,labour,„შალვა ნათელაშვილი - საქართველოს ლეიბორისტული პარტია”,,9,თელავი,,10,ლია,წიგნაძე,ლია წიგნაძე,,,majoritarians_all.pdf
local_2017,__main__,council_smd,labour,„შალვა ნათელაშვილი - საქართველოს ლეიბორისტული პარტია”,,4,თელავი,,10,მარინე,ბახბახაშვილი,მარინე ბახბახაშვილი,,,majoritarians_all.pdf
local_2017,__main__,council_smd,construction_movement_2017,„შენების მოძრაობა”,,8,თელავი,,20,ლალი,მამუკელაშვილი,ლალი მამუკელაშვილი,,,majoritarians_all.pdf
local_2017,__main__,council_smd,construction_movement_2017,„შენების მოძრაობა”,,15,თელავი,,20,სოსო,აბულაძე,სოსო აბულაძე,,,majoritarians_all.pdf
local_2017,__main__,council_smd,construction_movement_2017,„შენების მოძრაობა”,,1,თელავი,,20,გიორგი,კარჭაული,გიორგი კარჭაული,,,majoritarians_all.pdf
local_2017,__main__,council_smd,construction_movement_2017,„შენების მოძრაობა”,,4,თელავი,,20,მერაბ,თუშიშვილი,მერაბ თუშიშვილი,,,majoritarians_all.pdf
local_2017,__main__,council_smd,construction_movement_2017,„შენების მოძრაობა”,,2,თელავი,,20,რამაზი,ქევხიშვილი,რამაზი ქევხიშვილი,,,majoritarians_all.pdf
local_2017,__main__,council_smd,construction_movement_2017,„შენების მოძრაობა”,,17,თელავი,,20,მერი,ბაქრაძე,მერი ბაქრაძე,,,majoritarians_all.pdf
local_2017,__main__,council_smd,construction_movement_2017,„შენების მოძრაობა”,,9,თელავი,,20,ჯონი,ბიძინაშვილი,ჯონი ბიძინაშვილი,,,majoritarians_all.pdf
local_2017,__main__,council_smd,vashadze_2017,საარჩევნო ბლოკი „გიორგი ვაშაძე - ერთობა ახალი საქართველო”,,9,თელავი,,27,ოთარ,ფეიქრიშვილი,ოთარ ფეიქრიშვილი,,,majoritarians_all.pdf
local_2017,__main__,council_smd,gd,„ქართული ოცნება-დემოკრატიული საქართველო”,,13,თელავი,,41,გიორგი,ქიზიყელაშვილი,გიორგი ქიზიყელაშვილი,,,majoritarians_all.pdf
local_2017,__main__,council_smd,gd,„ქართული ოცნება-დემოკრატიული საქართველო”,,17,თელავი,,41,ნიკოლოზ,მაისურაძე,ნიკოლოზ მაისურაძე,,,majoritarians_all.pdf
local_2017,__main__,council_smd,gd,„ქართული ოცნება-დემოკრატიული საქართველო”,,16,თელავი,,41,მიხეილ,გრემელაშვილი,მიხეილ გრემელაშვილი,,,majoritarians_all.pdf
local_2017,__main__,council_smd,gd,„ქართული ოცნება-დემოკრატიული საქართველო”,,1,თელავი,,41,გიგა,ორკოდაშვილი,გიგა ორკოდაშვილი,,,majoritarians_all.pdf
local_2017,__main__,council_smd,gd,„ქართული ოცნება-დემოკრატიული საქართველო”,,10,თელავი,,41,მაია,ნაცვლიშვილი,მაია ნაცვლიშვილი,,,majoritarians_all.pdf
local_2017,__main__,council_smd,gd,„ქართული ოცნება-დემოკრატიული საქართველო”,,8,თელავი,,41,გოჩა,წაწალაშვილი,გოჩა წაწალაშვილი,,,majoritarians_all.pdf
local_2017,__main__,council_smd,gd,„ქართული ოცნება-დემოკრატიული საქართველო”,,9,თელავი,,41,გიგა,მამუკელაშვილი,გიგა მამუკელაშვილი,,,majoritarians_all.pdf
local_2017,__main__,council_smd,gd,„ქართული ოცნება-დემოკრატიული საქართველო”,,11,თელავი,,41,ბესიკი,ბახსოლიანი,ბესიკი ბახსოლიანი,,,majoritarians_all.pdf
local_2017,__main__,council_smd,gd,„ქართული ოცნება-დემოკრატიული საქართველო”,,12,თელავი,,41,უჩა,ჭოტიაშვილი,უჩა ჭოტიაშვილი,,,majoritarians_all.pdf
local_2017,__main__,council_smd,gd,„ქართული ოცნება-დემოკრატიული საქართველო”,,14,თელავი,,41,ზურაბი,ლილუაშვილი,ზურაბი ლილუაშვილი,,,majoritarians_all.pdf
local_2017,__main__,council_smd,gd,„ქართული ოცნება-დემოკრატიული საქართველო”,,15,თელავი,,41,ზურაბ,მუსაევი,ზურაბ მუსაევი,,,majoritarians_all.pdf
local_2017,__main__,council_smd,gd,„ქართული ოცნება-დემოკრატიული საქართველო”,,18,თელავი,,41,ბესიკ,გაიპარაშვილი,ბესიკ გაიპარაშვილი,,,majoritarians_all.pdf
local_2017,__main__,council_smd,gd,„ქართული ოცნება-დემოკრატიული საქართველო”,,5,თელავი,,41,ვასილი,არაბული,ვასილი არაბული,,,majoritarians_all.pdf
local_2017,__main__,council_smd,gd,„ქართული ოცნება-დემოკრატიული საქართველო”,,3,თელავი,,41,გურამი,წულუკიძე,გურამი წულუკიძე,,,majoritarians_all.pdf
local_2017,__main__,council_smd,gd,„ქართული ოცნება-დემოკრატიული საქართველო”,,4,თელავი,,41,დავით,გოგოშვილი,დავით გოგოშვილი,,,majoritarians_all.pdf
local_2017,__main__,council_smd,gd,„ქართული ოცნება-დემოკრატიული საქართველო”,,6,თელავი,,41,ლევან,მრელაშვილი,ლევან მრელაშვილი,,,majoritarians_all.pdf
local_2017,__main__,council_smd,gd,„ქართული ოცნება-დემოკრატიული საქართველო”,,7,თელავი,,41,ზაქარია,ყარასაშვილი,ზაქარია ყარასაშვილი,,,majoritarians_all.pdf
local_2017,__main__,council_smd,gd,„ქართული ოცნება-დემოკრატიული საქართველო”,,2,თელავი,,41,იოსებ,პარწიკანაშვილი,იოსებ პარწიკანაშვილი,,,majoritarians_all.pdf
local_2017,__main__,council_smd,gd,„ქართული ოცნება-დემოკრატიული საქართველო”,,1,თელავი,,41,ბესიკი,ქოჩიშვილი,ბესიკი ქოჩიშვილი,,,majoritarians_all.pdf
local_2017,__main__,council_smd,gd,„ქართული ოცნება-დემოკრატიული საქართველო”,,1,თელავი,,41,გიორგი,ჩაბრაშვილი,გიორგი ჩაბრაშვილი,,,majoritarians_all.pdf
local_2017,__main__,council_smd,initiative_group,"საინიციატივო ჯგუფი - გელა, არაბული, ტარიელ არაბული, ლილი არაბული, ალუდა წიკლაური, გიორგი არაბული",,5,თელავი,,42,ბერდია,ბალიაური,ბერდია ბალიაური,,,majoritarians_all.pdf
local_2017,__main__,council_smd,initiative_group,"საინიციატივო ჯგუფი - თამაზ ჩიტაური, გიგლა დათუაშვილი, ფიქრია წოწოლაშვილი, ელა მარკოზაშვილი, მაკა რთველიევი",,16,თელავი,,42,ნათელა,ერგემლიძე,ნათელა ერგემლიძე,,,majoritarians_all.pdf
local_2017,__main__,council_smd,initiative_group,"საინიციატივო ჯგუფი - გიორგი ბატიაშვილი,ზვიადი ელიზბარაშვილი, ზურაბი მამულაშვილი, თამაზი ბაღიშვილი, მარეხ ბერიძიშვილი",,1,თელავი,,142,ვასილი,კობიაშვილი,ვასილი კობიაშვილი,,,majoritarians_all.pdf
local_2017,__main__,council_smd,european_georgia,"საარჩევნო ბლოკი „ბაქრაძე, უგულავა-ევროპული საქართველო”",,10,ახმეტა,,2,ზაზა,კუპრავიშვილი,ზაზა კუპრავიშვილი,,,majoritarians_all.pdf
local_2017,__main__,council_smd,european_georgia,"საარჩევნო ბლოკი „ბაქრაძე, უგულავა-ევროპული საქართველო”",,9,ახმეტა,,2,რამაზი,ალიაიძე,რამაზი ალიაიძე,,,majoritarians_all.pdf
local_2017,__main__,council_smd,european_georgia,"საარჩევნო ბლოკი „ბაქრაძე, უგულავა-ევროპული საქართველო”",,4,ახმეტა,,2,ადუ,ცათიაშვილი,ადუ ცათიაშვილი,,,majoritarians_all.pdf
local_2017,__main__,council_smd,european_georgia,"საარჩევნო ბლოკი „ბაქრაძე, უგულავა-ევროპული საქართველო”",,3,ახმეტა,,2,თამარი,ჯამარიშვილი,თამარი ჯამარიშვილი,,,majoritarians_all.pdf
local_2017,__main__,council_smd,european_georgia,"საარჩევნო ბლოკი „ბაქრაძე, უგულავა-ევროპული საქართველო”",,2,ახმეტა,,2,მორისი,მაჩალიკაშვილი,მორისი მაჩალიკაშვილი,,,majoritarians_all.pdf
local_2017,__main__,council_smd,european_georgia,"საარჩევნო ბლოკი „ბაქრაძე, უგულავა-ევროპული საქართველო”",,1,ახმეტა,,2,გივი,უძილაური,გივი უძილაური,,,majoritarians_all.pdf
local_2017,__main__,council_smd,european_georgia,"საარჩევნო ბლოკი „ბაქრაძე, უგულავა-ევროპული საქართველო”",,1,ახმეტა,,2,ანა,პატარკაციშვილი,ანა პატარკაციშვილი,,,majoritarians_all.pdf
local_2017,__main__,council_smd,european_georgia,"საარჩევნო ბლოკი „ბაქრაძე, უგულავა-ევროპული საქართველო”",,15,ახმეტა,,2,დავით,ცათიაშვილი,დავით ცათიაშვილი,,,majoritarians_all.pdf
local_2017,__main__,council_smd,european_georgia,"საარჩევნო ბლოკი „ბაქრაძე, უგულავა-ევროპული საქართველო”",,12,ახმეტა,,2,მამუკა,ბაშინურიძე,მამუკა ბაშინურიძე,,,majoritarians_all.pdf
local_2017,__main__,council_smd,european_georgia,"საარჩევნო ბლოკი „ბაქრაძე, უგულავა-ევროპული საქართველო”",,14,ახმეტა,,2,ნინო,წოწკოლაური,ნინო წოწკოლაური,,,majoritarians_all.pdf
local_2017,__main__,council_smd,european_georgia,"საარჩევნო ბლოკი „ბაქრაძე, უგულავა-ევროპული საქართველო”",,5,ახმეტა,,2,გიორგი,ებელაშვილი,გიორგი ებელაშვილი,,,majoritarians_all.pdf
local_2017,__main__,council_smd,european_georgia,"საარჩევნო ბლოკი „ბაქრაძე, უგულავა-ევროპული საქართველო”",,6,ახმეტა,,2,ივანე,ქააძე,ივანე ქააძე,,,majoritarians_all.pdf
local_2017,__main__,council_smd,european_georgia,"საარჩევნო ბლოკი „ბაქრაძე, უგულავა-ევროპული საქართველო”",,7,ახმეტა,,2,ფირუზ,შიომღვდლიშვილი,ფირუზ შიომღვდლიშვილი,,,majoritarians_all.pdf
local_2017,__main__,council_smd,european_georgia,"საარჩევნო ბლოკი „ბაქრაძე, უგულავა-ევროპული საქართველო”",,13,ახმეტა,,2,ნინო,ხოხობაშვილი,ნინო ხოხობაშვილი,,,majoritarians_all.pdf
local_2017,__main__,council_smd,european_georgia,"საარჩევნო ბლოკი „ბაქრაძე, უგულავა-ევროპული საქართველო”",,11,ახმეტა,,2,ბერდია,ჭინჭარაული,ბერდია ჭინჭარაული,,,majoritarians_all.pdf
local_2017,__main__,council_smd,european_georgia,"საარჩევნო ბლოკი „ბაქრაძე, უგულავა-ევროპული საქართველო”",,8,ახმეტა,,2,ქეთევან,ყორბეზაშვილი,ქეთევან ყორბეზაშვილი,,,majoritarians_all.pdf
local_2017,__main__,council_smd,free_georgia,"საარჩევნო ბლოკი „დიმიტრი ლორთქიფანიძე, კახა კუკავა-დემოკრატიული მოძრაობა-თავისუფალი საქართველო”",,3,ახმეტა,,3,გივი,ბაიხოიძე,გივი ბაიხოიძე,,,majoritarians_all.pdf
local_2017,__main__,council_smd,free_georgia,"საარჩევნო ბლოკი „დიმიტრი ლორთქიფანიძე, კახა კუკავა-დემოკრატიული მოძრაობა-თავისუფალი საქართველო”",,14,ახმეტა,,3,გივი,უძილაური,გივი უძილაური,,,majoritarians_all.pdf
local_2017,__main__,council_smd,free_georgia,"საარჩევნო ბლოკი „დიმიტრი ლორთქიფანიძე, კახა კუკავა-დემოკრატიული მოძრაობა-თავისუფალი საქართველო”",,9,ახმეტა,,3,სოსო,იჭირაული,სოსო იჭირაული,,,majoritarians_all.pdf
local_2017,__main__,council_smd,free_georgia,"საარჩევნო ბლოკი „დიმიტრი ლორთქიფანიძე, კახა კუკავა-დემოკრატიული მოძრაობა-თავისუფალი საქართველო”",,15,ახმეტა,,3,ნოდარი,გუმაშვილი,ნოდარი გუმაშვილი,,,majoritarians_all.pdf
local_2017,__main__,council_smd,free_georgia,"საარჩევნო ბლოკი „დიმიტრი ლორთქიფანიძე, კახა კუკავა-დემოკრატიული მოძრაობა-თავისუფალი საქართველო”",,4,ახმეტა,,3,ფარნაოზ,ჩიტაშვილი,ფარნაოზ ჩიტაშვილი,,,majoritarians_all.pdf
local_2017,__main__,council_smd,free_georgia,"საარჩევნო ბლოკი „დიმიტრი ლორთქიფანიძე, კახა კუკავა-დემოკრატიული მოძრაობა-თავისუფალი საქართველო”",,1,ახმეტა,,3,ალექსი,ფიცხელაური,ალექსი ფიცხელაური,,,majoritarians_all.pdf
local_2017,__main__,council_smd,free_georgia,"საარჩევნო ბლოკი „დიმიტრი ლორთქიფანიძე, კახა კუკავა-დემოკრატიული მოძრაობა-თავისუფალი საქართველო”",,7,ახმეტა,,3,ალექსანდრე,ძეგველიშვილი,ალექსანდრე ძეგველიშვილი,,,majoritarians_all.pdf
local_2017,__main__,council_smd,free_georgia,"საარჩევნო ბლოკი „დიმიტრი ლორთქიფანიძე, კახა კუკავა-დემოკრატიული მოძრაობა-თავისუფალი საქართველო”",,13,ახმეტა,,3,ლევანი,ვაჩეიშვილი,ლევანი ვაჩეიშვილი,,,majoritarians_all.pdf
local_2017,__main__,council_smd,free_georgia,"საარჩევნო ბლოკი „დიმიტრი ლორთქიფანიძე, კახა კუკავა-დემოკრატიული მოძრაობა-თავისუფალი საქართველო”",,8,ახმეტა,,3,არკადი,გიგაური,არკადი გიგაური,,,majoritarians_all.pdf
local_2017,__main__,council_smd,unm,საარჩევნო ბლოკი „ერთიანი ნაციონალური მოძრაობა”,,13,ახმეტა,,5,ბეჟანი,ჯაბანიშვილი,ბეჟანი ჯაბანიშვილი,,,majoritarians_all.pdf
local_2017,__main__,council_smd,unm,საარჩევნო ბლოკი „ერთიანი ნაციონალური მოძრაობა”,,14,ახმეტა,,5,ზურაბ,ძეგლიგაშვილი,ზურაბ ძეგლიგაშვილი,,,majoritarians_all.pdf
local_2017,__main__,council_smd,unm,საარჩევნო ბლოკი „ერთიანი ნაციონალური მოძრაობა”,,7,ახმეტა,,5,ლევან,ვარდოშვილი,ლევან ვარდოშვილი,,,majoritarians_all.pdf
local_2017,__main__,council_smd,unm,საარჩევნო ბლოკი „ერთიანი ნაციონალური მოძრაობა”,,8,ახმეტა,,5,ლაშა,ტერტერაშვილი,ლაშა ტერტერაშვილი,,,majoritarians_all.pdf
local_2017,__main__,council_smd,unm,საარჩევნო ბლოკი „ერთიანი ნაციონალური მოძრაობა”,,6,ახმეტა,,5,ლაშა,იჭირაული,ლაშა იჭირაული,,,majoritarians_all.pdf
local_2017,__main__,council_smd,unm,საარჩევნო ბლოკი „ერთიანი ნაციონალური მოძრაობა”,,12,ახმეტა,,5,დავით,ნაკუდაიძე,დავით ნაკუდაიძე,,,majoritarians_all.pdf
local_2017,__main__,council_smd,unm,საარჩევნო ბლოკი „ერთიანი ნაციონალური მოძრაობა”,,1,ახმეტა,,5,გიორგი,მაისურაძე,გიორგი მაისურაძე,,,majoritarians_all.pdf
local_2017,__main__,council_smd,unm,საარჩევნო ბლოკი „ერთიანი ნაციონალური მოძრაობა”,,1,ახმეტა,,5,ვალერიან,დედაბრიშვილი,ვალერიან დედაბრიშვილი,,,majoritarians_all.pdf
local_2017,__main__,council_smd,unm,საარჩევნო ბლოკი „ერთიანი ნაციონალური მოძრაობა”,,3,ახმეტა,,5,გელა,შორთიშვილი,გელა შორთიშვილი,,,majoritarians_all.pdf
local_2017,__main__,council_smd,unm,საარჩევნო ბლოკი „ერთიანი ნაციონალური მოძრაობა”,,10,ახმეტა,,5,დავითი,ახალკაციშვილი,დავითი ახალკაციშვილი,,,majoritarians_all.pdf
local_2017,__main__,council_smd,unm,საარჩევნო ბლოკი „ერთიანი ნაციონალური მოძრაობა”,,5,ახმეტა,,5,ელენე,მარკოზაშვილი,ელენე მარკოზაშვილი,,,majoritarians_all.pdf
local_2017,__main__,council_smd,unm,საარჩევნო ბლოკი „ერთიანი ნაციონალური მოძრაობა”,,11,ახმეტა,,5,ემზარი,ვალიშვილი,ემზარი ვალიშვილი,,,majoritarians_all.pdf
local_2017,__main__,council_smd,patriots,"„დავით თარხან-მოურავი, ირმა ინაშვილი - საქართველოს პატრიოტთა",,1,ახმეტა,,8,ალიანსი”ლაშა,ჩოკოლაშვილი,ალიანსი”ლაშა ჩოკოლაშვილი,,,majoritarians_all.pdf
local_2017,__main__,council_smd,patriots,"„დავით თარხან-მოურავი, ირმა ინაშვილი - საქართველოს პატრიოტთა",,3,ახმეტა,,8,ალიანსი”თინათინი,ცისკარიშვილი,ალიანსი”თინათინი ცისკარიშვილი,,,majoritarians_all.pdf
local_2017,__main__,council_smd,patriots,"„დავით თარხან-მოურავი, ირმა ინაშვილი - საქართველოს პატრიოტთა",,1,ახმეტა,,8,ალიანსი”ლევანი,ფრუიძე,ალიანსი”ლევანი ფრუიძე,,,majoritarians_all.pdf
local_2017,__main__,council_smd,patriots,"„დავით თარხან-მოურავი, ირმა ინაშვილი - საქართველოს პატრიოტთა",,5,ახმეტა,,8,ალიანსი”ლეილა,ჯავახიშვილი,ალიანსი”ლეილა ჯავახიშვილი,,,majoritarians_all.pdf
local_2017,__main__,council_smd,patriots,"„დავით თარხან-მოურავი, ირმა ინაშვილი - საქართველოს პატრიოტთა",,4,ახმეტა,,8,ალიანსი”ბადრი,წუწაშვილი,ალიანსი”ბადრი წუწაშვილი,,,majoritarians_all.pdf
local_2017,__main__,council_smd,patriots,"„დავით თარხან-მოურავი, ირმა ინაშვილი - საქართველოს პატრიოტთა",,7,ახმეტა,,8,ალიანსი”ირმა,გრიგოლავა,ალიანსი”ირმა გრიგოლავა,,,majoritarians_all.pdf
local_2017,__main__,council_smd,patriots,"„დავით თარხან-მოურავი, ირმა ინაშვილი - საქართველოს პატრიოტთა",,9,ახმეტა,,8,ალიანსი”ნუგზარ,თათრულაიძე,ალიანსი”ნუგზარ თათრულაიძე,,,majoritarians_all.pdf
local_2017,__main__,council_smd,patriots,"„დავით თარხან-მოურავი, ირმა ინაშვილი - საქართველოს პატრიოტთა",,15,ახმეტა,,8,ალიანსი”მალხაზ,მუთოშვილი,ალიანსი”მალხაზ მუთოშვილი,,,majoritarians_all.pdf
local_2017,__main__,council_smd,patriots,"„დავით თარხან-მოურავი, ირმა ინაშვილი - საქართველოს პატრიოტთა",,11,ახმეტა,,8,ალიანსი”ანზორი,ხადილაშვილი,ალიანსი”ანზორი ხადილაშვილი,,,majoritarians_all.pdf
local_2017,__main__,council_smd,patriots,"„დავით თარხან-მოურავი, ირმა ინაშვილი - საქართველოს პატრიოტთა",,10,ახმეტა,,8,ალიანსი”ვაჟა,შათირიშვილი,ალიანსი”ვაჟა შათირიშვილი,,,majoritarians_all.pdf
local_2017,__main__,council_smd,patriots,"„დავით თარხან-მოურავი, ირმა ინაშვილი - საქართველოს პატრიოტთა",,12,ახმეტა,,8,ალიანსი”ზაზა,სისაური,ალიანსი”ზაზა სისაური,,,majoritarians_all.pdf
local_2017,__main__,council_smd,labour,„შალვა ნათელაშვილი - საქართველოს ლეიბორისტული პარტია”,,13,ახმეტა,,10,ვაჟა,ავთანდილაშვილი,ვაჟა ავთანდილაშვილი,,,majoritarians_all.pdf
local_2017,__main__,council_smd,labour,„შალვა ნათელაშვილი - საქართველოს ლეიბორისტული პარტია”,,3,ახმეტა,,10,ინგა,ჯამარიშვილი,ინგა ჯამარიშვილი,,,majoritarians_all.pdf
local_2017,__main__,council_smd,labour,„შალვა ნათელაშვილი - საქართველოს ლეიბორისტული პარტია”,,1,ახმეტა,,10,ზაური,ქისტაშვილი,ზაური ქისტაშვილი,,,majoritarians_all.pdf
local_2017,__main__,council_smd,labour,„შალვა ნათელაშვილი - საქართველოს ლეიბორისტული პარტია”,,7,ახმეტა,,10,ზაზა,დოინჯაშვილი,ზაზა დოინჯაშვილი,,,majoritarians_all.pdf
local_2017,__main__,council_smd,labour,„შალვა ნათელაშვილი - საქართველოს ლეიბორისტული პარტია”,,1,ახმეტა,,10,გოჩა,ალხანაშვილი,გოჩა ალხანაშვილი,,,majoritarians_all.pdf
local_2017,__main__,council_smd,progressive_democratic_2017,„ პროგრესულ-დემოკრატიული მოძრაობა”,,2,ახმეტა,,39,მუხმად,ქუშანაშვილი,მუხმად ქუშანაშვილი,,,majoritarians_all.pdf
local_2017,__main__,council_smd,gd,„ქართული ოცნება-დემოკრატიული საქართველო”,,13,ახმეტა,,41,ალექსი,მაილაშვილი,ალექსი მაილაშვილი,,,majoritarians_all.pdf
local_2017,__main__,council_smd,gd,„ქართული ოცნება-დემოკრატიული საქართველო”,,11,ახმეტა,,41,რევაზ,გახუაშვილი,რევაზ გახუაშვილი,,,majoritarians_all.pdf
local_2017,__main__,council_smd,gd,„ქართული ოცნება-დემოკრატიული საქართველო”,,12,ახმეტა,,41,იური,მრელაშვილი,იური მრელაშვილი,,,majoritarians_all.pdf
local_2017,__main__,council_smd,gd,„ქართული ოცნება-დემოკრატიული საქართველო”,,14,ახმეტა,,41,ლევანი,უძილაური,ლევანი უძილაური,,,majoritarians_all.pdf
local_2017,__main__,council_smd,gd,„ქართული ოცნება-დემოკრატიული საქართველო”,,15,ახმეტა,,41,თამაზი,ბორჩაშვილი,თამაზი ბორჩაშვილი,,,majoritarians_all.pdf
local_2017,__main__,council_smd,gd,„ქართული ოცნება-დემოკრატიული საქართველო”,,8,ახმეტა,,41,დავითი,იმერლიშვილი,დავითი იმერლიშვილი,,,majoritarians_all.pdf
local_2017,__main__,council_smd,gd,„ქართული ოცნება-დემოკრატიული საქართველო”,,7,ახმეტა,,41,ვაჟა,სუხოშვილი,ვაჟა სუხოშვილი,,,majoritarians_all.pdf
local_2017,__main__,council_smd,gd,„ქართული ოცნება-დემოკრატიული საქართველო”,,5,ახმეტა,,41,თამაზი,წითელაური,თამაზი წითელაური,,,majoritarians_all.pdf
local_2017,__main__,council_smd,gd,„ქართული ოცნება-დემოკრატიული საქართველო”,,4,ახმეტა,,41,მაგდანა,ალხანაშვილი,მაგდანა ალხანაშვილი,,,majoritarians_all.pdf
local_2017,__main__,council_smd,gd,„ქართული ოცნება-დემოკრატიული საქართველო”,,1,ახმეტა,,41,ნუგზარ,ალავიძე,ნუგზარ ალავიძე,,,majoritarians_all.pdf
local_2017,__main__,council_smd,gd,„ქართული ოცნება-დემოკრატიული საქართველო”,,1,ახმეტა,,41,არჩილ,შათირიშვილი,არჩილ შათირიშვილი,,,majoritarians_all.pdf
local_2017,__main__,council_smd,gd,„ქართული ოცნება-დემოკრატიული საქართველო”,,3,ახმეტა,,41,ლევან,ითიურიძე,ლევან ითიურიძე,,,majoritarians_all.pdf
local_2017,__main__,council_smd,gd,„ქართული ოცნება-დემოკრატიული საქართველო”,,2,ახმეტა,,41,რამაზ,ბაღაკაშვილი,რამაზ ბაღაკაშვილი,,,majoritarians_all.pdf
local_2017,__main__,council_smd,gd,„ქართული ოცნება-დემოკრატიული საქართველო”,,9,ახმეტა,,41,ანზორი,ხიზანაიძე,ანზორი ხიზანაიძე,,,majoritarians_all.pdf
local_2017,__main__,council_smd,gd,„ქართული ოცნება-დემოკრატიული საქართველო”,,10,ახმეტა,,41,ამირანი,ნახუცრიშვილი,ამირანი ნახუცრიშვილი,,,majoritarians_all.pdf
local_2017,__main__,council_smd,gd,„ქართული ოცნება-დემოკრატიული საქართველო”,,6,ახმეტა,,41,ნოდარი,ხააძე,ნოდარი ხააძე,,,majoritarians_all.pdf
local_2017,__main__,council_smd,initiative_group,საინიციატივო ჯგუფი - ეგნატე მიქელაძე;ვახტანგი ქააძე;ამირანი ნუიშვილი;იოსები მიქელაძე;ილია ჭრელაშვილი,,3,ახმეტა,,42,ლევანი,მიქელაძე,ლევანი მიქელაძე,,,majoritarians_all.pdf
local_2017,__main__,council_smd,initiative_group,საინიციატივო ჯგუფი - ალექსი ყიფიანი;გიორგი მელქუაშვილი;ალექსანდრე ალექსანაშვილი;ლევან თათარაშვილი;გოგი მაისურაძე,,13,ახმეტა,,42,დავით,ავაზაშვილი,დავით ავაზაშვილი,,,majoritarians_all.pdf
local_2017,__main__,council_smd,initiative_group,საინიციატივო ჯგუფი - ბესლან ბაღაკაშვილი; ზეზვა გუნაშაშვილი; ელიოზ კუშტანაშვილი; გია კუშტანაშვილი; ბერდია ისახაშვილი,,4,ახმეტა,,42,ბრენდენი,ალხანაშვილი,ბრენდენი ალხანაშვილი,,,majoritarians_all.pdf
local_2017,__main__,council_smd,initiative_group,საინიციატივო ჯგუფი - ბიძინა ცაძიკიძე; გიორგი ქარსამაული; იოსებ ბექურაიძე; ნინო იაკობაშვილი;დავით ბელადიძე,,9,ახმეტა,,42,ვახტანგ,ხვედაგურიძე,ვახტანგ ხვედაგურიძე,,,majoritarians_all.pdf
local_2017,__main__,council_smd,initiative_group,საინიციატივო ჯგუფი - ნოდარ მარგოშვილი; ვახტანგი ბაღაკაშვილი; ჯარაფ ქავთარაშვილი; ზვიადი ქავთარაშვილი; ლარისა ქავთარაშვილი,,2,ახმეტა,,42,თამაზი,ქავთარაშვილი,თამაზი ქავთარაშვილი,,,majoritarians_all.pdf
local_2017,__main__,council_smd,initiative_group,"საინიციატივო ჯგუფი - ალექსანდრე მესაბლიშვილი;კობა ჯველაური; აკაკი დავიდოვი, გიორგი ჭილაშვილი; ლაშა ერთგულაშვილი",,1,ახმეტა,,242,გიორგი,უძილაური,გიორგი უძილაური,,,majoritarians_all.pdf
local_2017,__main__,council_smd,initiative_group,საინიციატივო ჯგუფი - ვასილ თელაურიძე; ვასილ რაინაული; ლაშა ნაკუდაიძე; ალექსანდრე რაინაული; იოსებ გიგოიძე,,12,ახმეტა,,42,გიორგი,გოგოთიძე,გიორგი გოგოთიძე,,,majoritarians_all.pdf
local_2017,__main__,council_smd,initiative_group,საინიციატივო ჯგუფი - ქეთევანი კუპრავიშვილი; ციცინო თედეშვილი; გია უძილაური; ნოდარი უძილაური; შორენა დუდაური,,14,ახმეტა,,42,გიორგი,უძილაური,გიორგი უძილაური,,,majoritarians_all.pdf
local_2017,__main__,council_smd,initiative_group,საინიციატივო ჯგუფი - თემური მოზაიძე;გოჩა გოგოთიძე;გურამ კახოიძე; ნოდარ წეწიაიძე;ალბერტ ბექურაიძე,,6,ახმეტა,,42,ლევანი,გოგოთიძე,ლევანი გოგოთიძე,,,majoritarians_all.pdf
local_2017,__main__,council_smd,initiative_group,საინიციატივო ჯგუფი - ემზარი ვალიშვილი; დავითი ღუბიანური; გოგია სოხურაშვილი; ლევანი თორღვაშვილი;ქეთევანი ქეშიკაშვილი,,11,ახმეტა,,42,სპარტაკ,კოჭლაშვილი,სპარტაკ კოჭლაშვილი,,,majoritarians_all.pdf
local_2017,__main__,council_smd,free_georgia,"საარჩევნო ბლოკი „დიმიტრი ლორთქიფანიძე, კახა კუკავა-დემოკრატიული მოძრაობა-თავისუფალი საქართველო”",,3,თიანეთი,,3,ოლეგ,ბალღიაშვილი,ოლეგ ბალღიაშვილი,,,majoritarians_all.pdf
local_2017,__main__,council_smd,free_georgia,"საარჩევნო ბლოკი „დიმიტრი ლორთქიფანიძე, კახა კუკავა-დემოკრატიული მოძრაობა-თავისუფალი საქართველო”",,1,თიანეთი,,3,ზაზა,ბადურაშვილი,ზაზა ბადურაშვილი,,,majoritarians_all.pdf
local_2017,__main__,council_smd,free_georgia,"საარჩევნო ბლოკი „დიმიტრი ლორთქიფანიძე, კახა კუკავა-დემოკრატიული მოძრაობა-თავისუფალი საქართველო”",,7,თიანეთი,,3,ივერი,ივანაური,ივერი ივანაური,,,majoritarians_all.pdf
local_2017,__main__,council_smd,mechiauri,„თამაზ მეჭიაური ერთიანი საქართველოსთვის”,,4,თიანეთი,,7,შალვა,ხორნაული,შალვა ხორნაული,,,majoritarians_all.pdf
local_2017,__main__,council_smd,mechiauri,„თამაზ მეჭიაური ერთიანი საქართველოსთვის”,,12,თიანეთი,,7,მალხაზ,არაბული,მალხაზ არაბული,,,majoritarians_all.pdf
local_2017,__main__,council_smd,mechiauri,„თამაზ მეჭიაური ერთიანი საქართველოსთვის”,,5,თიანეთი,,7,გივი,ჩიტაური,გივი ჩიტაური,,,majoritarians_all.pdf
local_2017,__main__,council_smd,mechiauri,„თამაზ მეჭიაური ერთიანი საქართველოსთვის”,,6,თიანეთი,,7,ცარო,ბუწანკალური,ცარო ბუწანკალური,,,majoritarians_all.pdf
local_2017,__main__,council_smd,mechiauri,„თამაზ მეჭიაური ერთიანი საქართველოსთვის”,,2,თიანეთი,,7,გივი,ოსეფაშვილი,გივი ოსეფაშვილი,,,majoritarians_all.pdf
local_2017,__main__,council_smd,mechiauri,„თამაზ მეჭიაური ერთიანი საქართველოსთვის”,,11,თიანეთი,,7,ბესიკ,ღუბიანური,ბესიკ ღუბიანური,,,majoritarians_all.pdf
local_2017,__main__,council_smd,mechiauri,„თამაზ მეჭიაური ერთიანი საქართველოსთვის”,,1,თიანეთი,,7,ზურაბ,მოსიაშვილი,ზურაბ მოსიაშვილი,,,majoritarians_all.pdf
local_2017,__main__,council_smd,mechiauri,„თამაზ მეჭიაური ერთიანი საქართველოსთვის”,,8,თიანეთი,,7,ეკა,ბაიაშვილი,ეკა ბაიაშვილი,,,majoritarians_all.pdf
local_2017,__main__,council_smd,mechiauri,„თამაზ მეჭიაური ერთიანი საქართველოსთვის”,,7,თიანეთი,,7,მალხაზ,სინჯარაძე,მალხაზ სინჯარაძე,,,majoritarians_all.pdf
local_2017,__main__,council_smd,patriots,"„დავით თარხან-მოურავი, ირმა ინაშვილი - საქართველოს პატრიოტთა",,9,თიანეთი,,8,ალიანსი”არმაზ,ბოდაველი,ალიანსი”არმაზ ბოდაველი,,,majoritarians_all.pdf
local_2017,__main__,council_smd,patriots,"„დავით თარხან-მოურავი, ირმა ინაშვილი - საქართველოს პატრიოტთა",,8,თიანეთი,,8,ალიანსი”ზვიადი,ბეჟანიშვილი,ალიანსი”ზვიადი ბეჟანიშვილი,,,majoritarians_all.pdf
local_2017,__main__,council_smd,patriots,"„დავით თარხან-მოურავი, ირმა ინაშვილი - საქართველოს პატრიოტთა",,10,თიანეთი,,8,ალიანსი”ტარიელ,წიკლაური,ალიანსი”ტარიელ წიკლაური,,,majoritarians_all.pdf
local_2017,__main__,council_smd,labour,„შალვა ნათელაშვილი - საქართველოს ლეიბორისტული პარტია”,,10,თიანეთი,,10,გოგიტა,წიკლაური,გოგიტა წიკლაური,,,majoritarians_all.pdf
local_2017,__main__,council_smd,labour,„შალვა ნათელაშვილი - საქართველოს ლეიბორისტული პარტია”,,11,თიანეთი,,10,ბაბულია,პატურაშვილი,ბაბულია პატურაშვილი,,,majoritarians_all.pdf
local_2017,__main__,council_smd,labour,„შალვა ნათელაშვილი - საქართველოს ლეიბორისტული პარტია”,,2,თიანეთი,,10,ზვიადი,წიკლაური,ზვიადი წიკლაური,,,majoritarians_all.pdf
local_2017,__main__,council_smd,gd,„ქართული ოცნება-დემოკრატიული საქართველო”,,6,თიანეთი,,41,მინდია,ნადირაშვილი,მინდია ნადირაშვილი,,,majoritarians_all.pdf
local_2017,__main__,council_smd,gd,„ქართული ოცნება-დემოკრატიული საქართველო”,,12,თიანეთი,,41,გიორგი,წივილაშვილი,გიორგი წივილაშვილი,,,majoritarians_all.pdf
local_2017,__main__,council_smd,gd,„ქართული ოცნება-დემოკრატიული საქართველო”,,3,თიანეთი,,41,ჯურხა,ჯაბუშანური,ჯურხა ჯაბუშანური,,,majoritarians_all.pdf
local_2017,__main__,council_smd,gd,„ქართული ოცნება-დემოკრატიული საქართველო”,,2,თიანეთი,,41,ბადურ,მერებაშვილი,ბადურ მერებაშვილი,,,majoritarians_all.pdf
local_2017,__main__,council_smd,gd,„ქართული ოცნება-დემოკრატიული საქართველო”,,5,თიანეთი,,41,დავით,ფოლადიშვილი,დავით ფოლადიშვილი,,,majoritarians_all.pdf
local_2017,__main__,council_smd,gd,„ქართული ოცნება-დემოკრატიული საქართველო”,,4,თიანეთი,,41,ცეზარ,ღუბიანური,ცეზარ ღუბიანური,,,majoritarians_all.pdf
local_2017,__main__,council_smd,gd,„ქართული ოცნება-დემოკრატიული საქართველო”,,11,თიანეთი,,41,გრიშა,მინდიკაური,გრიშა მინდიკაური,,,majoritarians_all.pdf
local_2017,__main__,council_smd,gd,„ქართული ოცნება-დემოკრატიული საქართველო”,,10,თიანეთი,,41,კახა,წიკლაური,კახა წიკლაური,,,majoritarians_all.pdf
local_2017,__main__,council_smd,gd,„ქართული ოცნება-დემოკრატიული საქართველო”,,9,თიანეთი,,41,სოსო,მამულაშვილი,სოსო მამულაშვილი,,,majoritarians_all.pdf
local_2017,__main__,council_smd,gd,„ქართული ოცნება-დემოკრატიული საქართველო”,,8,თიანეთი,,41,იაგო,შარაზადიშვილი,იაგო შარაზადიშვილი,,,majoritarians_all.pdf
local_2017,__main__,council_smd,gd,„ქართული ოცნება-დემოკრატიული საქართველო”,,7,თიანეთი,,41,იოსებ,მათურელი,იოსებ მათურელი,,,majoritarians_all.pdf
local_2017,__main__,council_smd,gd,„ქართული ოცნება-დემოკრატიული საქართველო”,,1,თიანეთი,,41,ზვიად,ზვიადაური,ზვიად ზვიადაური,,,majoritarians_all.pdf
local_2017,__main__,council_smd,european_georgia,"საარჩევნო ბლოკი „ბაქრაძე, უგულავა-ევროპული საქართველო”",,6,რუსთავი,,2,ანა,სულიაური,ანა სულიაური,,,majoritarians_all.pdf
local_2017,__main__,council_smd,european_georgia,"საარჩევნო ბლოკი „ბაქრაძე, უგულავა-ევროპული საქართველო”",,8,რუსთავი,,2,მახარე,ჯამრიშვილი,მახარე ჯამრიშვილი,,,majoritarians_all.pdf
local_2017,__main__,council_smd,european_georgia,"საარჩევნო ბლოკი „ბაქრაძე, უგულავა-ევროპული საქართველო”",,9,რუსთავი,,2,თორნიკე,მებურიშვილი,თორნიკე მებურიშვილი,,,majoritarians_all.pdf
local_2017,__main__,council_smd,european_georgia,"საარჩევნო ბლოკი „ბაქრაძე, უგულავა-ევროპული საქართველო”",,10,რუსთავი,,2,ამირანი,მიქაძე,ამირანი მიქაძე,,,majoritarians_all.pdf
local_2017,__main__,council_smd,european_georgia,"საარჩევნო ბლოკი „ბაქრაძე, უგულავა-ევროპული საქართველო”",,5,რუსთავი,,2,ვახტანგ,ქებაძე,ვახტანგ ქებაძე,,,majoritarians_all.pdf
local_2017,__main__,council_smd,european_georgia,"საარჩევნო ბლოკი „ბაქრაძე, უგულავა-ევროპული საქართველო”",,2,რუსთავი,,2,ოლეგი,ღვალაძე,ოლეგი ღვალაძე,,,majoritarians_all.pdf
local_2017,__main__,council_smd,european_georgia,"საარჩევნო ბლოკი „ბაქრაძე, უგულავა-ევროპული საქართველო”",,1,რუსთავი,,2,კობა,ლომიძე,კობა ლომიძე,,,majoritarians_all.pdf
local_2017,__main__,council_smd,european_georgia,"საარჩევნო ბლოკი „ბაქრაძე, უგულავა-ევროპული საქართველო”",,3,რუსთავი,,2,მამუკა,აბულაძე,მამუკა აბულაძე,,,majoritarians_all.pdf
local_2017,__main__,council_smd,european_georgia,"საარჩევნო ბლოკი „ბაქრაძე, უგულავა-ევროპული საქართველო”",,4,რუსთავი,,2,ვლადიმერი,ნიქაცაძე,ვლადიმერი ნიქაცაძე,,,majoritarians_all.pdf
local_2017,__main__,council_smd,european_georgia,"საარჩევნო ბლოკი „ბაქრაძე, უგულავა-ევროპული საქართველო”",,7,რუსთავი,,2,გიორგი,კოკილაშვილი,გიორგი კოკილაშვილი,,,majoritarians_all.pdf
local_2017,__main__,council_smd,free_georgia,"საარჩევნო ბლოკი „დიმიტრი ლორთქიფანიძე, კახა კუკავა-დემოკრატიული მოძრაობა-თავისუფალი საქართველო”",,8,რუსთავი,,3,მარია,შალუტაშვილი,მარია შალუტაშვილი,,,majoritarians_all.pdf
local_2017,__main__,council_smd,free_georgia,"საარჩევნო ბლოკი „დიმიტრი ლორთქიფანიძე, კახა კუკავა-დემოკრატიული მოძრაობა-თავისუფალი საქართველო”",,7,რუსთავი,,3,დავით,მოძღვრიშვილი,დავით მოძღვრიშვილი,,,majoritarians_all.pdf
local_2017,__main__,council_smd,free_georgia,"საარჩევნო ბლოკი „დიმიტრი ლორთქიფანიძე, კახა კუკავა-დემოკრატიული მოძრაობა-თავისუფალი საქართველო”",,10,რუსთავი,,3,ლაშა,მაჭარაშვილი,ლაშა მაჭარაშვილი,,,majoritarians_all.pdf
local_2017,__main__,council_smd,free_georgia,"საარჩევნო ბლოკი „დიმიტრი ლორთქიფანიძე, კახა კუკავა-დემოკრატიული მოძრაობა-თავისუფალი საქართველო”",,2,რუსთავი,,3,თემურ,პოპიაშვილი,თემურ პოპიაშვილი,,,majoritarians_all.pdf
local_2017,__main__,council_smd,free_georgia,"საარჩევნო ბლოკი „დიმიტრი ლორთქიფანიძე, კახა კუკავა-დემოკრატიული მოძრაობა-თავისუფალი საქართველო”",,1,რუსთავი,,3,მარინა,ბარათაშვილი,მარინა ბარათაშვილი,,,majoritarians_all.pdf
local_2017,__main__,council_smd,free_georgia,"საარჩევნო ბლოკი „დიმიტრი ლორთქიფანიძე, კახა კუკავა-დემოკრატიული მოძრაობა-თავისუფალი საქართველო”",,4,რუსთავი,,3,თამარ,კანდელაკი,თამარ კანდელაკი,,,majoritarians_all.pdf
local_2017,__main__,council_smd,free_georgia,"საარჩევნო ბლოკი „დიმიტრი ლორთქიფანიძე, კახა კუკავა-დემოკრატიული მოძრაობა-თავისუფალი საქართველო”",,3,რუსთავი,,3,ირინე,სიმონიშვილი,ირინე სიმონიშვილი,,,majoritarians_all.pdf
local_2017,__main__,council_smd,free_georgia,"საარჩევნო ბლოკი „დიმიტრი ლორთქიფანიძე, კახა კუკავა-დემოკრატიული მოძრაობა-თავისუფალი საქართველო”",,6,რუსთავი,,3,მარიამი,დუგლაძე,მარიამი დუგლაძე,,,majoritarians_all.pdf
local_2017,__main__,council_smd,free_georgia,"საარჩევნო ბლოკი „დიმიტრი ლორთქიფანიძე, კახა კუკავა-დემოკრატიული მოძრაობა-თავისუფალი საქართველო”",,5,რუსთავი,,3,შალვა,გოგიბერიძე,შალვა გოგიბერიძე,,,majoritarians_all.pdf
local_2017,__main__,council_smd,unm,საარჩევნო ბლოკი „ერთიანი ნაციონალური მოძრაობა”,,6,რუსთავი,,5,დავით,სულაძე,დავით სულაძე,,,majoritarians_all.pdf
local_2017,__main__,council_smd,unm,საარჩევნო ბლოკი „ერთიანი ნაციონალური მოძრაობა”,,7,რუსთავი,,5,ვაჟა,მორგოშია,ვაჟა მორგოშია,,,majoritarians_all.pdf
local_2017,__main__,council_smd,unm,საარჩევნო ბლოკი „ერთიანი ნაციონალური მოძრაობა”,,4,რუსთავი,,5,გიორგი,მღებრიშვილი,გიორგი მღებრიშვილი,,,majoritarians_all.pdf
local_2017,__main__,council_smd,unm,საარჩევნო ბლოკი „ერთიანი ნაციონალური მოძრაობა”,,3,რუსთავი,,5,ჯუმბერი,მგელაძე,ჯუმბერი მგელაძე,,,majoritarians_all.pdf
local_2017,__main__,council_smd,unm,საარჩევნო ბლოკი „ერთიანი ნაციონალური მოძრაობა”,,2,რუსთავი,,5,ლია,მაისურაძე,ლია მაისურაძე,,,majoritarians_all.pdf
local_2017,__main__,council_smd,unm,საარჩევნო ბლოკი „ერთიანი ნაციონალური მოძრაობა”,,1,რუსთავი,,5,ნანა,შატბერაშვილი,ნანა შატბერაშვილი,,,majoritarians_all.pdf
local_2017,__main__,council_smd,unm,საარჩევნო ბლოკი „ერთიანი ნაციონალური მოძრაობა”,,9,რუსთავი,,5,ანა,სანაია,ანა სანაია,,,majoritarians_all.pdf
local_2017,__main__,council_smd,unm,საარჩევნო ბლოკი „ერთიანი ნაციონალური მოძრაობა”,,10,რუსთავი,,5,კახაბერ,ცერცვაძე,კახაბერ ცერცვაძე,,,majoritarians_all.pdf
local_2017,__main__,council_smd,unm,საარჩევნო ბლოკი „ერთიანი ნაციონალური მოძრაობა”,,5,რუსთავი,,5,გიორგი,გოგილაშვილი,გიორგი გოგილაშვილი,,,majoritarians_all.pdf
local_2017,__main__,council_smd,unm,საარჩევნო ბლოკი „ერთიანი ნაციონალური მოძრაობა”,,8,რუსთავი,,5,ნონა,გელაშვილი,ნონა გელაშვილი,,,majoritarians_all.pdf
local_2017,__main__,council_smd,patriots,"„დავით თარხან-მოურავი, ირმა ინაშვილი - საქართველოს პატრიოტთა",,8,რუსთავი,,8,ალიანსი”დავითი,კაპანაძე,ალიანსი”დავითი კაპანაძე,,,majoritarians_all.pdf
local_2017,__main__,council_smd,patriots,"„დავით თარხან-მოურავი, ირმა ინაშვილი - საქართველოს პატრიოტთა",,9,რუსთავი,,8,ალიანსი”მამუკა,დარჩია,ალიანსი”მამუკა დარჩია,,,majoritarians_all.pdf
local_2017,__main__,council_smd,patriots,"„დავით თარხან-მოურავი, ირმა ინაშვილი - საქართველოს პატრიოტთა",,10,რუსთავი,,8,ალიანსი”ვალერიანი,გოგრიჭიანი,ალიანსი”ვალერიანი გოგრიჭიანი,,,majoritarians_all.pdf
local_2017,__main__,council_smd,patriots,"„დავით თარხან-მოურავი, ირმა ინაშვილი - საქართველოს პატრიოტთა",,7,რუსთავი,,8,ალიანსი”ბესიკი,ფარცხალაძე,ალიანსი”ბესიკი ფარცხალაძე,,,majoritarians_all.pdf
local_2017,__main__,council_smd,patriots,"„დავით თარხან-მოურავი, ირმა ინაშვილი - საქართველოს პატრიოტთა",,6,რუსთავი,,8,ალიანსი”ბადრი,სულთანიშვილი,ალიანსი”ბადრი სულთანიშვილი,,,majoritarians_all.pdf
local_2017,__main__,council_smd,patriots,"„დავით თარხან-მოურავი, ირმა ინაშვილი - საქართველოს პატრიოტთა",,4,რუსთავი,,8,ალიანსი”ამირან,სულთანიშვილი,ალიანსი”ამირან სულთანიშვილი,,,majoritarians_all.pdf
local_2017,__main__,council_smd,patriots,"„დავით თარხან-მოურავი, ირმა ინაშვილი - საქართველოს პატრიოტთა",,5,რუსთავი,,8,ალიანსი”ტრისტანი,ცინცაძე,ალიანსი”ტრისტანი ცინცაძე,,,majoritarians_all.pdf
local_2017,__main__,council_smd,patriots,"„დავით თარხან-მოურავი, ირმა ინაშვილი - საქართველოს პატრიოტთა",,3,რუსთავი,,8,ალიანსი”თორნიკე,არევაძე,ალიანსი”თორნიკე არევაძე,,,majoritarians_all.pdf
local_2017,__main__,council_smd,patriots,"„დავით თარხან-მოურავი, ირმა ინაშვილი - საქართველოს პატრიოტთა",,2,რუსთავი,,8,ალიანსი”მანანა,რთველიაშვილი,ალიანსი”მანანა რთველიაშვილი,,,majoritarians_all.pdf
local_2017,__main__,council_smd,patriots,"„დავით თარხან-მოურავი, ირმა ინაშვილი - საქართველოს პატრიოტთა",,1,რუსთავი,,8,ალიანსი”რამაზი,მანაშვილი,ალიანსი”რამაზი მანაშვილი,,,majoritarians_all.pdf
local_2017,__main__,council_smd,labour,„შალვა ნათელაშვილი - საქართველოს ლეიბორისტული პარტია”,,7,რუსთავი,,10,კობა,ჩალაძე,კობა ჩალაძე,,,majoritarians_all.pdf
local_2017,__main__,council_smd,labour,„შალვა ნათელაშვილი - საქართველოს ლეიბორისტული პარტია”,,6,რუსთავი,,10,გიორგი,გზირიშვილი,გიორგი გზირიშვილი,,,majoritarians_all.pdf
local_2017,__main__,council_smd,labour,„შალვა ნათელაშვილი - საქართველოს ლეიბორისტული პარტია”,,2,რუსთავი,,10,სალომე,ლურსმანაშვილი,სალომე ლურსმანაშვილი,,,majoritarians_all.pdf
local_2017,__main__,council_smd,labour,„შალვა ნათელაშვილი - საქართველოს ლეიბორისტული პარტია”,,5,რუსთავი,,10,ზაზა,ტუღუში,ზაზა ტუღუში,,,majoritarians_all.pdf
local_2017,__main__,council_smd,labour,„შალვა ნათელაშვილი - საქართველოს ლეიბორისტული პარტია”,,4,რუსთავი,,10,დავით,ლამაზოშვილი,დავით ლამაზოშვილი,,,majoritarians_all.pdf
local_2017,__main__,council_smd,labour,„შალვა ნათელაშვილი - საქართველოს ლეიბორისტული პარტია”,,10,რუსთავი,,10,ხათუნა,ლამაზოშვილი,ხათუნა ლამაზოშვილი,,,majoritarians_all.pdf
local_2017,__main__,council_smd,labour,„შალვა ნათელაშვილი - საქართველოს ლეიბორისტული პარტია”,,8,რუსთავი,,10,ჯაბა,გურეშიძე,ჯაბა გურეშიძე,,,majoritarians_all.pdf
local_2017,__main__,council_smd,labour,„შალვა ნათელაშვილი - საქართველოს ლეიბორისტული პარტია”,,9,რუსთავი,,10,ქეთევანი,ტუღუში,ქეთევანი ტუღუში,,,majoritarians_all.pdf
local_2017,__main__,council_smd,labour,„შალვა ნათელაშვილი - საქართველოს ლეიბორისტული პარტია”,,1,რუსთავი,,10,დიმიტრი,ხითარიშვილი,დიმიტრი ხითარიშვილი,,,majoritarians_all.pdf
local_2017,__main__,council_smd,labour,„შალვა ნათელაშვილი - საქართველოს ლეიბორისტული პარტია”,,3,რუსთავი,,10,გელა,ბაღდადაშვილი,გელა ბაღდადაშვილი,,,majoritarians_all.pdf
local_2017,__main__,council_smd,vashadze_2017,საარჩევნო ბლოკი „გიორგი ვაშაძე - ერთობა ახალი საქართველო”,,7,რუსთავი,,27,ლია,მოსიძე,ლია მოსიძე,,,majoritarians_all.pdf
local_2017,__main__,council_smd,vashadze_2017,საარჩევნო ბლოკი „გიორგი ვაშაძე - ერთობა ახალი საქართველო”,,4,რუსთავი,,27,ვალერიან,პატიაშვილი,ვალერიან პატიაშვილი,,,majoritarians_all.pdf
local_2017,__main__,council_smd,vashadze_2017,საარჩევნო ბლოკი „გიორგი ვაშაძე - ერთობა ახალი საქართველო”,,9,რუსთავი,,27,ვაჟა,ბახტურიძე,ვაჟა ბახტურიძე,,,majoritarians_all.pdf
local_2017,__main__,council_smd,vashadze_2017,საარჩევნო ბლოკი „გიორგი ვაშაძე - ერთობა ახალი საქართველო”,,3,რუსთავი,,27,თამაზ,თაბორიძე,თამაზ თაბორიძე,,,majoritarians_all.pdf
local_2017,__main__,council_smd,vashadze_2017,საარჩევნო ბლოკი „გიორგი ვაშაძე - ერთობა ახალი საქართველო”,,5,რუსთავი,,27,ჯემალი,ჯანელიძე,ჯემალი ჯანელიძე,,,majoritarians_all.pdf
local_2017,__main__,council_smd,vashadze_2017,საარჩევნო ბლოკი „გიორგი ვაშაძე - ერთობა ახალი საქართველო”,,1,რუსთავი,,27,მანანა,ცოცხალაშვილი,მანანა ცოცხალაშვილი,,,majoritarians_all.pdf
local_2017,__main__,council_smd,vashadze_2017,საარჩევნო ბლოკი „გიორგი ვაშაძე - ერთობა ახალი საქართველო”,,2,რუსთავი,,27,გიორგი,ცანავა,გიორგი ცანავა,,,majoritarians_all.pdf
local_2017,__main__,council_smd,vashadze_2017,საარჩევნო ბლოკი „გიორგი ვაშაძე - ერთობა ახალი საქართველო”,,8,რუსთავი,,27,ემზარ,ომიაძე,ემზარ ომიაძე,,,majoritarians_all.pdf
local_2017,__main__,council_smd,vashadze_2017,საარჩევნო ბლოკი „გიორგი ვაშაძე - ერთობა ახალი საქართველო”,,10,რუსთავი,,27,კობა,საყვარელიძე,კობა საყვარელიძე,,,majoritarians_all.pdf
local_2017,__main__,council_smd,vashadze_2017,საარჩევნო ბლოკი „გიორგი ვაშაძე - ერთობა ახალი საქართველო”,,6,რუსთავი,,27,გიორგი,ფართლაძე,გიორგი ფართლაძე,,,majoritarians_all.pdf
local_2017,__main__,council_smd,zviads_way,„ზვიადის გზა უფლის სახელით [სამართლიანობის აღდგენის კავშირი; მეანაბრეთა ასოციაცია; იპოთეკით დაზარალებულთა დარბაზი; ალტერნატიული პირადობის დაშვების ლიგა; უფალია ჩვენი სიმართლე]”,,6,რუსთავი,,28,ჯემალი,ნინიკური,ჯემალი ნინიკური,,,majoritarians_all.pdf
local_2017,__main__,council_smd,zviads_way,„ზვიადის გზა უფლის სახელით [სამართლიანობის აღდგენის კავშირი; მეანაბრეთა ასოციაცია; იპოთეკით დაზარალებულთა დარბაზი; ალტერნატიული პირადობის დაშვების ლიგა; უფალია ჩვენი სიმართლე]”,,7,რუსთავი,,28,ზურაბი,გობეჯიშვილი,ზურაბი გობეჯიშვილი,,,majoritarians_all.pdf
local_2017,__main__,council_smd,zviads_way,„ზვიადის გზა უფლის სახელით [სამართლიანობის აღდგენის კავშირი; მეანაბრეთა ასოციაცია; იპოთეკით დაზარალებულთა დარბაზი; ალტერნატიული პირადობის დაშვების ლიგა; უფალია ჩვენი სიმართლე]”,,5,რუსთავი,,28,მურმან,ხოჯანაშვილი,მურმან ხოჯანაშვილი,,,majoritarians_all.pdf
local_2017,__main__,council_smd,zviads_way,„ზვიადის გზა უფლის სახელით [სამართლიანობის აღდგენის კავშირი; მეანაბრეთა ასოციაცია; იპოთეკით დაზარალებულთა დარბაზი; ალტერნატიული პირადობის დაშვების ლიგა; უფალია ჩვენი სიმართლე]”,,10,რუსთავი,,28,ბესიკ,ქოჩიაშვილი,ბესიკ ქოჩიაშვილი,,,majoritarians_all.pdf
local_2017,__main__,council_smd,zviads_way,„ზვიადის გზა უფლის სახელით [სამართლიანობის აღდგენის კავშირი; მეანაბრეთა ასოციაცია; იპოთეკით დაზარალებულთა დარბაზი; ალტერნატიული პირადობის დაშვების ლიგა; უფალია ჩვენი სიმართლე]”,,9,რუსთავი,,28,ემზარ,გოგოლაძე,ემზარ გოგოლაძე,,,majoritarians_all.pdf
local_2017,__main__,council_smd,zviads_way,„ზვიადის გზა უფლის სახელით [სამართლიანობის აღდგენის კავშირი; მეანაბრეთა ასოციაცია; იპოთეკით დაზარალებულთა დარბაზი; ალტერნატიული პირადობის დაშვების ლიგა; უფალია ჩვენი სიმართლე]”,,2,რუსთავი,,28,ქეთევან,იაშვილი,ქეთევან იაშვილი,,,majoritarians_all.pdf
local_2017,__main__,council_smd,zviads_way,„ზვიადის გზა უფლის სახელით [სამართლიანობის აღდგენის კავშირი; მეანაბრეთა ასოციაცია; იპოთეკით დაზარალებულთა დარბაზი; ალტერნატიული პირადობის დაშვების ლიგა; უფალია ჩვენი სიმართლე]”,,1,რუსთავი,,28,სიმონ,გოჩიტაშვილი,სიმონ გოჩიტაშვილი,,,majoritarians_all.pdf
local_2017,__main__,council_smd,zviads_way,„ზვიადის გზა უფლის სახელით [სამართლიანობის აღდგენის კავშირი; მეანაბრეთა ასოციაცია; იპოთეკით დაზარალებულთა დარბაზი; ალტერნატიული პირადობის დაშვების ლიგა; უფალია ჩვენი სიმართლე]”,,4,რუსთავი,,28,გოდერძი,გუნაშვილი,გოდერძი გუნაშვილი,,,majoritarians_all.pdf
local_2017,__main__,council_smd,zviads_way,„ზვიადის გზა უფლის სახელით [სამართლიანობის აღდგენის კავშირი; მეანაბრეთა ასოციაცია; იპოთეკით დაზარალებულთა დარბაზი; ალტერნატიული პირადობის დაშვების ლიგა; უფალია ჩვენი სიმართლე]”,,3,რუსთავი,,28,ელგუჯა,იმერლიშვილი,ელგუჯა იმერლიშვილი,,,majoritarians_all.pdf
local_2017,__main__,council_smd,georgia_party,„სოციალისტური საქართველო - კომუნისტები”,,3,რუსთავი,,37,ოლღა,დანელია,ოლღა დანელია,,,majoritarians_all.pdf
local_2017,__main__,council_smd,peoples_unity_2017,საარჩევნო ბლოკი „სახალხო-ხალხის ერთსულოვნება”,,5,რუსთავი,,38,ზურაბ,მესხიძე,ზურაბ მესხიძე,,,majoritarians_all.pdf
local_2017,__main__,council_smd,peoples_unity_2017,საარჩევნო ბლოკი „სახალხო-ხალხის ერთსულოვნება”,,9,რუსთავი,,38,ერეკლე,დოლიძე,ერეკლე დოლიძე,,,majoritarians_all.pdf
local_2017,__main__,council_smd,peoples_unity_2017,საარჩევნო ბლოკი „სახალხო-ხალხის ერთსულოვნება”,,7,რუსთავი,,38,მამუკა,დეკანოსიძე,მამუკა დეკანოსიძე,,,majoritarians_all.pdf
local_2017,__main__,council_smd,peoples_unity_2017,საარჩევნო ბლოკი „სახალხო-ხალხის ერთსულოვნება”,,2,რუსთავი,,38,მზია,ნარიმანიძე,მზია ნარიმანიძე,,,majoritarians_all.pdf
local_2017,__main__,council_smd,peoples_unity_2017,საარჩევნო ბლოკი „სახალხო-ხალხის ერთსულოვნება”,,6,რუსთავი,,38,ზაზა,ჯუსტიშვილი,ზაზა ჯუსტიშვილი,,,majoritarians_all.pdf
local_2017,__main__,council_smd,gd,„ქართული ოცნება-დემოკრატიული საქართველო”,,8,რუსთავი,,41,გრიგოლ,ვეფხვაძე,გრიგოლ ვეფხვაძე,,,majoritarians_all.pdf
local_2017,__main__,council_smd,gd,„ქართული ოცნება-დემოკრატიული საქართველო”,,10,რუსთავი,,41,ამირან,ჯანჯღავა,ამირან ჯანჯღავა,,,majoritarians_all.pdf
local_2017,__main__,council_smd,gd,„ქართული ოცნება-დემოკრატიული საქართველო”,,7,რუსთავი,,41,გიორგი,ჯღარკავა,გიორგი ჯღარკავა,,,majoritarians_all.pdf
local_2017,__main__,council_smd,gd,„ქართული ოცნება-დემოკრატიული საქართველო”,,4,რუსთავი,,41,გურამ,კვარაცხელია,გურამ კვარაცხელია,,,majoritarians_all.pdf
local_2017,__main__,council_smd,gd,„ქართული ოცნება-დემოკრატიული საქართველო”,,5,რუსთავი,,41,დავით,იშხნელი,დავით იშხნელი,,,majoritarians_all.pdf
local_2017,__main__,council_smd,gd,„ქართული ოცნება-დემოკრატიული საქართველო”,,6,რუსთავი,,41,გოჩა,ჯანგიძე,გოჩა ჯანგიძე,,,majoritarians_all.pdf
local_2017,__main__,council_smd,gd,„ქართული ოცნება-დემოკრატიული საქართველო”,,9,რუსთავი,,41,ზვიად,დოლიძე,ზვიად დოლიძე,,,majoritarians_all.pdf
local_2017,__main__,council_smd,gd,„ქართული ოცნება-დემოკრატიული საქართველო”,,2,რუსთავი,,41,რამაზ,გოგობერიშვილი,რამაზ გოგობერიშვილი,,,majoritarians_all.pdf
local_2017,__main__,council_smd,gd,„ქართული ოცნება-დემოკრატიული საქართველო”,,1,რუსთავი,,41,დავით,რეხვიაშვილი,დავით რეხვიაშვილი,,,majoritarians_all.pdf
local_2017,__main__,council_smd,gd,„ქართული ოცნება-დემოკრატიული საქართველო”,,3,რუსთავი,,41,გიორგი,ტუხაშვილი,გიორგი ტუხაშვილი,,,majoritarians_all.pdf
local_2017,__main__,council_smd,initiative_group,"საინიციატივო ჯგუფი - 26. რევაზ სალაძე, ედუარდ ბოსტოღანაშვილი, გოჩა მელიქიშვილი, დავით ბუცხრიკიძე, დავით სამუნაშვილი",,4,რუსთავი,,42,ზაზა,სივსივაძე,ზაზა სივსივაძე,,,majoritarians_all.pdf
local_2017,__main__,council_smd,initiative_group,"საინიციატივო ჯგუფი - 31. თენგიზ ბაბუნაშვილი, თამარ კუპრაშვილი, ნატალია თოფურია, ვასილ მელიქიძე, მიხეილ ზლოდეევი",,4,რუსთავი,,43,აკაკი,ნიკოლაიშვილი,აკაკი ნიკოლაიშვილი,,,majoritarians_all.pdf
local_2017,__main__,council_smd,european_georgia,"საარჩევნო ბლოკი „ბაქრაძე, უგულავა-ევროპული საქართველო”",,16,გარდაბანი,,2,მუშფიგ,იუსუბოვი,მუშფიგ იუსუბოვი,,,majoritarians_all.pdf
local_2017,__main__,council_smd,european_georgia,"საარჩევნო ბლოკი „ბაქრაძე, უგულავა-ევროპული საქართველო”",,15,გარდაბანი,,2,ემინ,ემინოვი,ემინ ემინოვი,,,majoritarians_all.pdf
local_2017,__main__,council_smd,european_georgia,"საარჩევნო ბლოკი „ბაქრაძე, უგულავა-ევროპული საქართველო”",,14,გარდაბანი,,2,პავლე,ბერიძე,პავლე ბერიძე,,,majoritarians_all.pdf
local_2017,__main__,council_smd,european_georgia,"საარჩევნო ბლოკი „ბაქრაძე, უგულავა-ევროპული საქართველო”",,18,გარდაბანი,,2,რამიზ,მამედოვი,რამიზ მამედოვი,,,majoritarians_all.pdf
local_2017,__main__,council_smd,european_georgia,"საარჩევნო ბლოკი „ბაქრაძე, უგულავა-ევროპული საქართველო”",,13,გარდაბანი,,2,გვანცა,შარაშიძე,გვანცა შარაშიძე,,,majoritarians_all.pdf
local_2017,__main__,council_smd,european_georgia,"საარჩევნო ბლოკი „ბაქრაძე, უგულავა-ევროპული საქართველო”",,2,გარდაბანი,,2,ელშან,კურბანოვი,ელშან კურბანოვი,,,majoritarians_all.pdf
local_2017,__main__,council_smd,european_georgia,"საარჩევნო ბლოკი „ბაქრაძე, უგულავა-ევროპული საქართველო”",,4,გარდაბანი,,2,ჯულეტა,პეტროსიანი,ჯულეტა პეტროსიანი,,,majoritarians_all.pdf
local_2017,__main__,council_smd,european_georgia,"საარჩევნო ბლოკი „ბაქრაძე, უგულავა-ევროპული საქართველო”",,3,გარდაბანი,,2,ვასილი,გიგაური,ვასილი გიგაური,,,majoritarians_all.pdf
local_2017,__main__,council_smd,european_georgia,"საარჩევნო ბლოკი „ბაქრაძე, უგულავა-ევროპული საქართველო”",,6,გარდაბანი,,2,გაიატ,მეხტიევი,გაიატ მეხტიევი,,,majoritarians_all.pdf
local_2017,__main__,council_smd,european_georgia,"საარჩევნო ბლოკი „ბაქრაძე, უგულავა-ევროპული საქართველო”",,5,გარდაბანი,,2,ნაზო,შამათავა,ნაზო შამათავა,,,majoritarians_all.pdf
local_2017,__main__,council_smd,european_georgia,"საარჩევნო ბლოკი „ბაქრაძე, უგულავა-ევროპული საქართველო”",,9,გარდაბანი,,2,მარინე,ქურხაშვილი,მარინე ქურხაშვილი,,,majoritarians_all.pdf
local_2017,__main__,council_smd,european_georgia,"საარჩევნო ბლოკი „ბაქრაძე, უგულავა-ევროპული საქართველო”",,17,გარდაბანი,,2,ელისო,თედორაძე,ელისო თედორაძე,,,majoritarians_all.pdf
local_2017,__main__,council_smd,european_georgia,"საარჩევნო ბლოკი „ბაქრაძე, უგულავა-ევროპული საქართველო”",,1,გარდაბანი,,2,ვიტალი,კაკრიაშვილი,ვიტალი კაკრიაშვილი,,,majoritarians_all.pdf
local_2017,__main__,council_smd,european_georgia,"საარჩევნო ბლოკი „ბაქრაძე, უგულავა-ევროპული საქართველო”",,1,გარდაბანი,,2,ტურალ,მამედოვი,ტურალ მამედოვი,,,majoritarians_all.pdf
local_2017,__main__,council_smd,european_georgia,"საარჩევნო ბლოკი „ბაქრაძე, უგულავა-ევროპული საქართველო”",,1,გარდაბანი,,2,გიორგი,ჯანხოთელი,გიორგი ჯანხოთელი,,,majoritarians_all.pdf
local_2017,__main__,council_smd,european_georgia,"საარჩევნო ბლოკი „ბაქრაძე, უგულავა-ევროპული საქართველო”",,12,გარდაბანი,,2,სალახ,მამედოვი,სალახ მამედოვი,,,majoritarians_all.pdf
local_2017,__main__,council_smd,european_georgia,"საარჩევნო ბლოკი „ბაქრაძე, უგულავა-ევროპული საქართველო”",,11,გარდაბანი,,2,ელენე,დადვანი,ელენე დადვანი,,,majoritarians_all.pdf
local_2017,__main__,council_smd,european_georgia,"საარჩევნო ბლოკი „ბაქრაძე, უგულავა-ევროპული საქართველო”",,8,გარდაბანი,,2,შამშად,მამედოვი,შამშად მამედოვი,,,majoritarians_all.pdf
local_2017,__main__,council_smd,european_georgia,"საარჩევნო ბლოკი „ბაქრაძე, უგულავა-ევროპული საქართველო”",,7,გარდაბანი,,2,მარიამი,შალუტაშვილი,მარიამი შალუტაშვილი,,,majoritarians_all.pdf
local_2017,__main__,council_smd,european_georgia,"საარჩევნო ბლოკი „ბაქრაძე, უგულავა-ევროპული საქართველო”",,19,გარდაბანი,,2,ბახრუზ,ალიევი,ბახრუზ ალიევი,,,majoritarians_all.pdf
local_2017,__main__,council_smd,free_georgia,"საარჩევნო ბლოკი „დიმიტრი ლორთქიფანიძე, კახა კუკავა-დემოკრატიული მოძრაობა-თავისუფალი საქართველო”",,11,გარდაბანი,,3,ზურაბი,ფერაშვილი,ზურაბი ფერაშვილი,,,majoritarians_all.pdf
local_2017,__main__,council_smd,free_georgia,"საარჩევნო ბლოკი „დიმიტრი ლორთქიფანიძე, კახა კუკავა-დემოკრატიული მოძრაობა-თავისუფალი საქართველო”",,13,გარდაბანი,,3,ხათუნა,ღონიაშვილი,ხათუნა ღონიაშვილი,,,majoritarians_all.pdf
local_2017,__main__,council_smd,free_georgia,"საარჩევნო ბლოკი „დიმიტრი ლორთქიფანიძე, კახა კუკავა-დემოკრატიული მოძრაობა-თავისუფალი საქართველო”",,1,გარდაბანი,,3,ფატიმა,ნეიმატოვა,ფატიმა ნეიმატოვა,,,majoritarians_all.pdf
local_2017,__main__,council_smd,free_georgia,"საარჩევნო ბლოკი „დიმიტრი ლორთქიფანიძე, კახა კუკავა-დემოკრატიული მოძრაობა-თავისუფალი საქართველო”",,2,გარდაბანი,,3,ანდჟელა,მაკაროვა,ანდჟელა მაკაროვა,,,majoritarians_all.pdf
local_2017,__main__,council_smd,free_georgia,"საარჩევნო ბლოკი „დიმიტრი ლორთქიფანიძე, კახა კუკავა-დემოკრატიული მოძრაობა-თავისუფალი საქართველო”",,1,გარდაბანი,,3,მამედ,ბაგიროვი,მამედ ბაგიროვი,,,majoritarians_all.pdf
local_2017,__main__,council_smd,free_georgia,"საარჩევნო ბლოკი „დიმიტრი ლორთქიფანიძე, კახა კუკავა-დემოკრატიული მოძრაობა-თავისუფალი საქართველო”",,4,გარდაბანი,,3,ბორისი,ბიძინაშვილი,ბორისი ბიძინაშვილი,,,majoritarians_all.pdf
local_2017,__main__,council_smd,free_georgia,"საარჩევნო ბლოკი „დიმიტრი ლორთქიფანიძე, კახა კუკავა-დემოკრატიული მოძრაობა-თავისუფალი საქართველო”",,8,გარდაბანი,,3,რაშად,მუსაევი,რაშად მუსაევი,,,majoritarians_all.pdf
local_2017,__main__,council_smd,unm,საარჩევნო ბლოკი „ერთიანი ნაციონალური მოძრაობა”,,19,გარდაბანი,,5,მზაღო,მურვანიძე,მზაღო მურვანიძე,,,majoritarians_all.pdf
local_2017,__main__,council_smd,unm,საარჩევნო ბლოკი „ერთიანი ნაციონალური მოძრაობა”,,2,გარდაბანი,,5,ამირანი,ხარშილაძე,ამირანი ხარშილაძე,,,majoritarians_all.pdf
local_2017,__main__,council_smd,unm,საარჩევნო ბლოკი „ერთიანი ნაციონალური მოძრაობა”,,10,გარდაბანი,,5,გულნაზი,რეხვიაშვილი,გულნაზი რეხვიაშვილი,,,majoritarians_all.pdf
local_2017,__main__,council_smd,unm,საარჩევნო ბლოკი „ერთიანი ნაციონალური მოძრაობა”,,11,გარდაბანი,,5,თეა,გორდაშვილი,თეა გორდაშვილი,,,majoritarians_all.pdf
local_2017,__main__,council_smd,unm,საარჩევნო ბლოკი „ერთიანი ნაციონალური მოძრაობა”,,13,გარდაბანი,,5,გურამი,ცისკარიშვილი,გურამი ცისკარიშვილი,,,majoritarians_all.pdf
local_2017,__main__,council_smd,unm,საარჩევნო ბლოკი „ერთიანი ნაციონალური მოძრაობა”,,14,გარდაბანი,,5,ლელა,გოგოჭური,ლელა გოგოჭური,,,majoritarians_all.pdf
local_2017,__main__,council_smd,unm,საარჩევნო ბლოკი „ერთიანი ნაციონალური მოძრაობა”,,12,გარდაბანი,,5,ნინო,ჩახვაშვილი,ნინო ჩახვაშვილი,,,majoritarians_all.pdf
local_2017,__main__,council_smd,unm,საარჩევნო ბლოკი „ერთიანი ნაციონალური მოძრაობა”,,15,გარდაბანი,,5,კურბან,მურადოვი,კურბან მურადოვი,,,majoritarians_all.pdf
local_2017,__main__,council_smd,unm,საარჩევნო ბლოკი „ერთიანი ნაციონალური მოძრაობა”,,17,გარდაბანი,,5,ვახუშტი,აბულაძე,ვახუშტი აბულაძე,,,majoritarians_all.pdf
local_2017,__main__,council_smd,unm,საარჩევნო ბლოკი „ერთიანი ნაციონალური მოძრაობა”,,18,გარდაბანი,,5,ვასიფ,ნურიევ,ვასიფ ნურიევ,,,majoritarians_all.pdf
local_2017,__main__,council_smd,unm,საარჩევნო ბლოკი „ერთიანი ნაციონალური მოძრაობა”,,3,გარდაბანი,,5,მანანა,აფციაური,მანანა აფციაური,,,majoritarians_all.pdf
local_2017,__main__,council_smd,unm,საარჩევნო ბლოკი „ერთიანი ნაციონალური მოძრაობა”,,6,გარდაბანი,,5,ბახლულ,ისმაილოვი,ბახლულ ისმაილოვი,,,majoritarians_all.pdf
local_2017,__main__,council_smd,unm,საარჩევნო ბლოკი „ერთიანი ნაციონალური მოძრაობა”,,1,გარდაბანი,,5,ფარაჯ,ბახიშევი,ფარაჯ ბახიშევი,,,majoritarians_all.pdf
local_2017,__main__,council_smd,unm,საარჩევნო ბლოკი „ერთიანი ნაციონალური მოძრაობა”,,1,გარდაბანი,,5,მედეა,კვეკვესკირი,მედეა კვეკვესკირი,,,majoritarians_all.pdf
local_2017,__main__,council_smd,unm,საარჩევნო ბლოკი „ერთიანი ნაციონალური მოძრაობა”,,1,გარდაბანი,,5,აკიფ,ისმაილოვი,აკიფ ისმაილოვი,,,majoritarians_all.pdf
local_2017,__main__,council_smd,unm,საარჩევნო ბლოკი „ერთიანი ნაციონალური მოძრაობა”,,7,გარდაბანი,,5,ზურაბი,ავალიშვილი,ზურაბი ავალიშვილი,,,majoritarians_all.pdf
local_2017,__main__,council_smd,unm,საარჩევნო ბლოკი „ერთიანი ნაციონალური მოძრაობა”,,9,გარდაბანი,,5,გელა,ბუაძე,გელა ბუაძე,,,majoritarians_all.pdf
local_2017,__main__,council_smd,unm,საარჩევნო ბლოკი „ერთიანი ნაციონალური მოძრაობა”,,8,გარდაბანი,,5,მურადხან,ემინოვი,მურადხან ემინოვი,,,majoritarians_all.pdf
local_2017,__main__,council_smd,unm,საარჩევნო ბლოკი „ერთიანი ნაციონალური მოძრაობა”,,5,გარდაბანი,,5,გია,ელიზბარაშვილი,გია ელიზბარაშვილი,,,majoritarians_all.pdf
local_2017,__main__,council_smd,unm,საარჩევნო ბლოკი „ერთიანი ნაციონალური მოძრაობა”,,4,გარდაბანი,,5,ფიქრია,მაღალდაძე,ფიქრია მაღალდაძე,,,majoritarians_all.pdf
local_2017,__main__,council_smd,patriots,"„დავით თარხან-მოურავი, ირმა ინაშვილი - საქართველოს პატრიოტთა",,19,გარდაბანი,,8,ალიანსი”ტაფტიხ,გარიბოვი,ალიანსი”ტაფტიხ გარიბოვი,,,majoritarians_all.pdf
local_2017,__main__,council_smd,patriots,"„დავით თარხან-მოურავი, ირმა ინაშვილი - საქართველოს პატრიოტთა",,17,გარდაბანი,,8,ალიანსი”ხვიჩა,გაბაშვილი,ალიანსი”ხვიჩა გაბაშვილი,,,majoritarians_all.pdf
local_2017,__main__,council_smd,patriots,"„დავით თარხან-მოურავი, ირმა ინაშვილი - საქართველოს პატრიოტთა",,16,გარდაბანი,,8,ალიანსი”ელგუჯა,პირველი,ალიანსი”ელგუჯა პირველი,,,majoritarians_all.pdf
local_2017,__main__,council_smd,patriots,"„დავით თარხან-მოურავი, ირმა ინაშვილი - საქართველოს პატრიოტთა",,15,გარდაბანი,,8,ალიანსი”ელიმხან,გაჯიევი,ალიანსი”ელიმხან გაჯიევი,,,majoritarians_all.pdf
local_2017,__main__,council_smd,patriots,"„დავით თარხან-მოურავი, ირმა ინაშვილი - საქართველოს პატრიოტთა",,14,გარდაბანი,,8,ალიანსი”ესმა,მახარამოვა,ალიანსი”ესმა მახარამოვა,,,majoritarians_all.pdf
local_2017,__main__,council_smd,patriots,"„დავით თარხან-მოურავი, ირმა ინაშვილი - საქართველოს პატრიოტთა",,13,გარდაბანი,,8,ალიანსი”დალი,ბაზარაშვილი,ალიანსი”დალი ბაზარაშვილი,,,majoritarians_all.pdf
local_2017,__main__,council_smd,patriots,"„დავით თარხან-მოურავი, ირმა ინაშვილი - საქართველოს პატრიოტთა",,5,გარდაბანი,,8,ალიანსი”კახაბერი,დავლაშერიძე,ალიანსი”კახაბერი დავლაშერიძე,,,majoritarians_all.pdf
local_2017,__main__,council_smd,patriots,"„დავით თარხან-მოურავი, ირმა ინაშვილი - საქართველოს პატრიოტთა",,10,გარდაბანი,,8,ალიანსი”არკადი,ფანგანი,ალიანსი”არკადი ფანგანი,,,majoritarians_all.pdf
local_2017,__main__,council_smd,patriots,"„დავით თარხან-მოურავი, ირმა ინაშვილი - საქართველოს პატრიოტთა",,11,გარდაბანი,,8,ალიანსი”ზურაბ,პაქსაძე,ალიანსი”ზურაბ პაქსაძე,,,majoritarians_all.pdf
local_2017,__main__,council_smd,patriots,"„დავით თარხან-მოურავი, ირმა ინაშვილი - საქართველოს პატრიოტთა",,1,გარდაბანი,,8,ალიანსი”გელა,ხუციშვილი,ალიანსი”გელა ხუციშვილი,,,majoritarians_all.pdf
local_2017,__main__,council_smd,patriots,"„დავით თარხან-მოურავი, ირმა ინაშვილი - საქართველოს პატრიოტთა",,1,გარდაბანი,,8,ალიანსი”გურამი,ჭვინტიაშვილი,ალიანსი”გურამი ჭვინტიაშვილი,,,majoritarians_all.pdf
local_2017,__main__,council_smd,patriots,"„დავით თარხან-მოურავი, ირმა ინაშვილი - საქართველოს პატრიოტთა",,3,გარდაბანი,,8,ალიანსი”გია,ობგაიძე,ალიანსი”გია ობგაიძე,,,majoritarians_all.pdf
local_2017,__main__,council_smd,patriots,"„დავით თარხან-მოურავი, ირმა ინაშვილი - საქართველოს პატრიოტთა",,6,გარდაბანი,,8,ალიანსი”მუსტაფა,კიარიმოვი,ალიანსი”მუსტაფა კიარიმოვი,,,majoritarians_all.pdf
local_2017,__main__,council_smd,patriots,"„დავით თარხან-მოურავი, ირმა ინაშვილი - საქართველოს პატრიოტთა",,7,გარდაბანი,,8,ალიანსი”მალხაზი,კიკოლაშვილი,ალიანსი”მალხაზი კიკოლაშვილი,,,majoritarians_all.pdf
local_2017,__main__,council_smd,patriots,"„დავით თარხან-მოურავი, ირმა ინაშვილი - საქართველოს პატრიოტთა",,9,გარდაბანი,,8,ალიანსი”ევგენი,ჯაჭვლიანი,ალიანსი”ევგენი ჯაჭვლიანი,,,majoritarians_all.pdf
local_2017,__main__,council_smd,labour,„შალვა ნათელაშვილი - საქართველოს ლეიბორისტული პარტია”,,11,გარდაბანი,,10,ნოდარი,ძამაშვილი,ნოდარი ძამაშვილი,,,majoritarians_all.pdf
local_2017,__main__,council_smd,georgia_party,„სოციალისტური საქართველო - კომუნისტები”,,14,გარდაბანი,,37,ფახრად,თანირგულიევ,ფახრად თანირგულიევ,,,majoritarians_all.pdf
local_2017,__main__,council_smd,gd,„ქართული ოცნება-დემოკრატიული საქართველო”,,5,გარდაბანი,,41,ზურაბ,ჩიტაძე,ზურაბ ჩიტაძე,,,majoritarians_all.pdf
local_2017,__main__,council_smd,gd,„ქართული ოცნება-დემოკრატიული საქართველო”,,13,გარდაბანი,,41,თორნიკე,ქავთარაძე,თორნიკე ქავთარაძე,,,majoritarians_all.pdf
local_2017,__main__,council_smd,gd,„ქართული ოცნება-დემოკრატიული საქართველო”,,6,გარდაბანი,,41,რასიმი,ისაევი,რასიმი ისაევი,,,majoritarians_all.pdf
local_2017,__main__,council_smd,gd,„ქართული ოცნება-დემოკრატიული საქართველო”,,7,გარდაბანი,,41,გიორგი,გურულიშვილი,გიორგი გურულიშვილი,,,majoritarians_all.pdf
local_2017,__main__,council_smd,gd,„ქართული ოცნება-დემოკრატიული საქართველო”,,8,გარდაბანი,,41,როიშან,გაჯიევი,როიშან გაჯიევი,,,majoritarians_all.pdf
local_2017,__main__,council_smd,gd,„ქართული ოცნება-დემოკრატიული საქართველო”,,9,გარდაბანი,,41,ლევან,ნიჟარაძე,ლევან ნიჟარაძე,,,majoritarians_all.pdf
local_2017,__main__,council_smd,gd,„ქართული ოცნება-დემოკრატიული საქართველო”,,10,გარდაბანი,,41,ბეთქილი,კახიანი,ბეთქილი კახიანი,,,majoritarians_all.pdf
local_2017,__main__,council_smd,gd,„ქართული ოცნება-დემოკრატიული საქართველო”,,11,გარდაბანი,,41,გენადი,იორდანაშვილი,გენადი იორდანაშვილი,,,majoritarians_all.pdf
local_2017,__main__,council_smd,gd,„ქართული ოცნება-დემოკრატიული საქართველო”,,14,გარდაბანი,,41,მიხეილ,გედეხაური,მიხეილ გედეხაური,,,majoritarians_all.pdf
local_2017,__main__,council_smd,gd,„ქართული ოცნება-დემოკრატიული საქართველო”,,15,გარდაბანი,,41,აკიფ,მუსაევი,აკიფ მუსაევი,,,majoritarians_all.pdf
local_2017,__main__,council_smd,gd,„ქართული ოცნება-დემოკრატიული საქართველო”,,16,გარდაბანი,,41,ისმაილ,სამედოვი,ისმაილ სამედოვი,,,majoritarians_all.pdf
local_2017,__main__,council_smd,gd,„ქართული ოცნება-დემოკრატიული საქართველო”,,17,გარდაბანი,,41,ლევანი,ბეგლარიშვილი,ლევანი ბეგლარიშვილი,,,majoritarians_all.pdf
local_2017,__main__,council_smd,gd,„ქართული ოცნება-დემოკრატიული საქართველო”,,18,გარდაბანი,,41,ვუგარ,მამედოვი,ვუგარ მამედოვი,,,majoritarians_all.pdf
local_2017,__main__,council_smd,gd,„ქართული ოცნება-დემოკრატიული საქართველო”,,4,გარდაბანი,,41,ალექსი,დურგლიშვილი,ალექსი დურგლიშვილი,,,majoritarians_all.pdf
local_2017,__main__,council_smd,gd,„ქართული ოცნება-დემოკრატიული საქართველო”,,19,გარდაბანი,,41,რაფი,ორუჯოვი,რაფი ორუჯოვი,,,majoritarians_all.pdf
local_2017,__main__,council_smd,gd,„ქართული ოცნება-დემოკრატიული საქართველო”,,12,გარდაბანი,,41,შახადატ,მეხრალიევი,შახადატ მეხრალიევი,,,majoritarians_all.pdf
local_2017,__main__,council_smd,gd,„ქართული ოცნება-დემოკრატიული საქართველო”,,1,გარდაბანი,,41,ჩინგიზ,ალიევი,ჩინგიზ ალიევი,,,majoritarians_all.pdf
local_2017,__main__,council_smd,gd,„ქართული ოცნება-დემოკრატიული საქართველო”,,1,გარდაბანი,,41,ზაზა,ონიანი,ზაზა ონიანი,,,majoritarians_all.pdf
local_2017,__main__,council_smd,gd,„ქართული ოცნება-დემოკრატიული საქართველო”,,1,გარდაბანი,,41,ზურაბი,მჭედლიშვილი,ზურაბი მჭედლიშვილი,,,majoritarians_all.pdf
local_2017,__main__,council_smd,gd,„ქართული ოცნება-დემოკრატიული საქართველო”,,2,გარდაბანი,,41,ელიმდარ,კულიევ,ელიმდარ კულიევ,,,majoritarians_all.pdf
local_2017,__main__,council_smd,gd,„ქართული ოცნება-დემოკრატიული საქართველო”,,3,გარდაბანი,,41,გელა,მიგრიაული,გელა მიგრიაული,,,majoritarians_all.pdf
local_2017,__main__,council_smd,initiative_group,"საინიციატივო ჯგუფი - ჯოყოლა ხორგუანი,გერმან ქალდანი,ნანა ფილფანი,ოლეგი ქალდანი, ჯემალ ხვისტანი",,10,გარდაბანი,,42,გოგი,ქალდანი,გოგი ქალდანი,,,majoritarians_all.pdf
local_2017,__main__,council_smd,initiative_group,"საინიციატივო ჯგუფი - ავთანდილ თეგეთაშვილი,არჩილ მიგრიაული,შალვა წიკლაური,კობა კობაიძე,ზურაბ ბექაური",,3,გარდაბანი,,42,თემურ,წიკლაური,თემურ წიკლაური,,,majoritarians_all.pdf
local_2017,__main__,council_smd,initiative_group,"საინიციატივო ჯგუფი - ზაბიტ მამედოვი,ვალი ტუშდიევი,ხალილბეკ აშიროვი,იმრან ნურიევი,აგამირ გაჯიევი",,18,გარდაბანი,,42,ელშად,გაჯიევი,ელშად გაჯიევი,,,majoritarians_all.pdf
local_2017,__main__,council_smd,initiative_group,"საინიციატივო ჯგუფი - ალადინ გარაბაგლი,კამილ მუსაევი,ფარმან ისმაილოვი,რაშიდ ორუჯოვი,ელვარ გასანოვ",,2,გარდაბანი,,42,აბასკულუ,ისმაილოვი,აბასკულუ ისმაილოვი,,,majoritarians_all.pdf
local_2017,__main__,council_smd,initiative_group,"საინიციატივო ჯგუფი - გიორგი ივანიშვილი,როლანდი აფუაშვილი,მევლუდი ფალავანდიშვილი,ნიკოლოზ მდივანი,ბექა ბეგიაშვილი",,17,გარდაბანი,,42,არჩილ,მდივნიშვილი,არჩილ მდივნიშვილი,,,majoritarians_all.pdf
local_2017,__main__,council_smd,initiative_group,"საინიციატივო ჯგუფი - იასინ ისმაილოვი,ნაზიმ ალაგოზოვი,კინიაზ კურბანოვი,ჯამალ შახვერდიევ,გეიდარალი მუსაევი",,2,გარდაბანი,,43,გუსეინხან,ბაირამოვი,გუსეინხან ბაირამოვი,,,majoritarians_all.pdf
local_2017,__main__,council_smd,european_georgia,"საარჩევნო ბლოკი „ბაქრაძე, უგულავა-ევროპული საქართველო”",,1,მარნეული,,2,ვაკილ,მამედოვი,ვაკილ მამედოვი,,,majoritarians_all.pdf
local_2017,__main__,council_smd,european_georgia,"საარჩევნო ბლოკი „ბაქრაძე, უგულავა-ევროპული საქართველო”",,1,მარნეული,,2,სეიმურ,საფაროვი,სეიმურ საფაროვი,,,majoritarians_all.pdf
local_2017,__main__,council_smd,european_georgia,"საარჩევნო ბლოკი „ბაქრაძე, უგულავა-ევროპული საქართველო”",,14,მარნეული,,2,ანარ,ზეინალოვი,ანარ ზეინალოვი,,,majoritarians_all.pdf
local_2017,__main__,council_smd,european_georgia,"საარჩევნო ბლოკი „ბაქრაძე, უგულავა-ევროპული საქართველო”",,13,მარნეული,,2,ასად,ალიევი,ასად ალიევი,,,majoritarians_all.pdf
local_2017,__main__,council_smd,european_georgia,"საარჩევნო ბლოკი „ბაქრაძე, უგულავა-ევროპული საქართველო”",,15,მარნეული,,2,მახმუდ,ახმედოვი,მახმუდ ახმედოვი,,,majoritarians_all.pdf
local_2017,__main__,council_smd,european_georgia,"საარჩევნო ბლოკი „ბაქრაძე, უგულავა-ევროპული საქართველო”",,11,მარნეული,,2,ამილ,გასუმოვი,ამილ გასუმოვი,,,majoritarians_all.pdf
local_2017,__main__,council_smd,european_georgia,"საარჩევნო ბლოკი „ბაქრაძე, უგულავა-ევროპული საქართველო”",,16,მარნეული,,2,ჯეიხუნ,კარაევი,ჯეიხუნ კარაევი,,,majoritarians_all.pdf
local_2017,__main__,council_smd,european_georgia,"საარჩევნო ბლოკი „ბაქრაძე, უგულავა-ევროპული საქართველო”",,18,მარნეული,,2,ბორის,პეპანიანი,ბორის პეპანიანი,,,majoritarians_all.pdf
local_2017,__main__,council_smd,european_georgia,"საარჩევნო ბლოკი „ბაქრაძე, უგულავა-ევროპული საქართველო”",,17,მარნეული,,2,გიორგი,გიორგაძე,გიორგი გიორგაძე,,,majoritarians_all.pdf
local_2017,__main__,council_smd,european_georgia,"საარჩევნო ბლოკი „ბაქრაძე, უგულავა-ევროპული საქართველო”",,4,მარნეული,,2,მაის,დარბინიანი,მაის დარბინიანი,,,majoritarians_all.pdf
local_2017,__main__,council_smd,european_georgia,"საარჩევნო ბლოკი „ბაქრაძე, უგულავა-ევროპული საქართველო”",,2,მარნეული,,2,ვარდან,მისკარიანი,ვარდან მისკარიანი,,,majoritarians_all.pdf
local_2017,__main__,council_smd,european_georgia,"საარჩევნო ბლოკი „ბაქრაძე, უგულავა-ევროპული საქართველო”",,7,მარნეული,,2,ხაზეინ,ტაგიევი,ხაზეინ ტაგიევი,,,majoritarians_all.pdf
local_2017,__main__,council_smd,european_georgia,"საარჩევნო ბლოკი „ბაქრაძე, უგულავა-ევროპული საქართველო”",,5,მარნეული,,2,ადილ,გურბანოვი,ადილ გურბანოვი,,,majoritarians_all.pdf
local_2017,__main__,council_smd,european_georgia,"საარჩევნო ბლოკი „ბაქრაძე, უგულავა-ევროპული საქართველო”",,6,მარნეული,,2,ლევანი,ბარათაშვილი,ლევანი ბარათაშვილი,,,majoritarians_all.pdf
local_2017,__main__,council_smd,european_georgia,"საარჩევნო ბლოკი „ბაქრაძე, უგულავა-ევროპული საქართველო”",,3,მარნეული,,2,აკრამ,სულეიმანოვი,აკრამ სულეიმანოვი,,,majoritarians_all.pdf
local_2017,__main__,council_smd,european_georgia,"საარჩევნო ბლოკი „ბაქრაძე, უგულავა-ევროპული საქართველო”",,10,მარნეული,,2,ალი,მამედოვი,ალი მამედოვი,,,majoritarians_all.pdf
local_2017,__main__,council_smd,european_georgia,"საარჩევნო ბლოკი „ბაქრაძე, უგულავა-ევროპული საქართველო”",,8,მარნეული,,2,ნიკო,ქველაძე,ნიკო ქველაძე,,,majoritarians_all.pdf
local_2017,__main__,council_smd,european_georgia,"საარჩევნო ბლოკი „ბაქრაძე, უგულავა-ევროპული საქართველო”",,9,მარნეული,,2,ომარი,ბადალოვი,ომარი ბადალოვი,,,majoritarians_all.pdf
local_2017,__main__,council_smd,european_georgia,"საარჩევნო ბლოკი „ბაქრაძე, უგულავა-ევროპული საქართველო”",,1,მარნეული,,2,ანარ,კალაევი,ანარ კალაევი,,,majoritarians_all.pdf
local_2017,__main__,council_smd,european_georgia,"საარჩევნო ბლოკი „ბაქრაძე, უგულავა-ევროპული საქართველო”",,12,მარნეული,,2,ელდანიზ,კეჩალოვი,ელდანიზ კეჩალოვი,,,majoritarians_all.pdf
local_2017,__main__,council_smd,free_georgia,"საარჩევნო ბლოკი „დიმიტრი ლორთქიფანიძე, კახა კუკავა-დემოკრატიული მოძრაობა-თავისუფალი საქართველო”",,2,მარნეული,,3,გიორგი,ბოჭოიძე,გიორგი ბოჭოიძე,,,majoritarians_all.pdf
local_2017,__main__,council_smd,free_georgia,"საარჩევნო ბლოკი „დიმიტრი ლორთქიფანიძე, კახა კუკავა-დემოკრატიული მოძრაობა-თავისუფალი საქართველო”",,11,მარნეული,,3,აზერ,მამედოვი,აზერ მამედოვი,,,majoritarians_all.pdf
local_2017,__main__,council_smd,free_georgia,"საარჩევნო ბლოკი „დიმიტრი ლორთქიფანიძე, კახა კუკავა-დემოკრატიული მოძრაობა-თავისუფალი საქართველო”",,9,მარნეული,,3,მიხეილ,ბოჭოიძე,მიხეილ ბოჭოიძე,,,majoritarians_all.pdf
local_2017,__main__,council_smd,free_georgia,"საარჩევნო ბლოკი „დიმიტრი ლორთქიფანიძე, კახა კუკავა-დემოკრატიული მოძრაობა-თავისუფალი საქართველო”",,15,მარნეული,,3,აბდულა,აბდალოვი,აბდულა აბდალოვი,,,majoritarians_all.pdf
local_2017,__main__,council_smd,free_georgia,"საარჩევნო ბლოკი „დიმიტრი ლორთქიფანიძე, კახა კუკავა-დემოკრატიული მოძრაობა-თავისუფალი საქართველო”",,13,მარნეული,,3,ვუგარ,ბაგმანოვი,ვუგარ ბაგმანოვი,,,majoritarians_all.pdf
local_2017,__main__,council_smd,free_georgia,"საარჩევნო ბლოკი „დიმიტრი ლორთქიფანიძე, კახა კუკავა-დემოკრატიული მოძრაობა-თავისუფალი საქართველო”",,12,მარნეული,,3,მიქაილ,კარაევი,მიქაილ კარაევი,,,majoritarians_all.pdf
local_2017,__main__,council_smd,free_georgia,"საარჩევნო ბლოკი „დიმიტრი ლორთქიფანიძე, კახა კუკავა-დემოკრატიული მოძრაობა-თავისუფალი საქართველო”",,1,მარნეული,,3,ალმაზ,მუსტაფაევი,ალმაზ მუსტაფაევი,,,majoritarians_all.pdf
local_2017,__main__,council_smd,free_georgia,"საარჩევნო ბლოკი „დიმიტრი ლორთქიფანიძე, კახა კუკავა-დემოკრატიული მოძრაობა-თავისუფალი საქართველო”",,17,მარნეული,,3,სარხან,იუსუბოვი,სარხან იუსუბოვი,,,majoritarians_all.pdf
local_2017,__main__,council_smd,free_georgia,"საარჩევნო ბლოკი „დიმიტრი ლორთქიფანიძე, კახა კუკავა-დემოკრატიული მოძრაობა-თავისუფალი საქართველო”",,1,მარნეული,,3,მაკარ,ზურაბაშვილი,მაკარ ზურაბაშვილი,,,majoritarians_all.pdf
local_2017,__main__,council_smd,free_georgia,"საარჩევნო ბლოკი „დიმიტრი ლორთქიფანიძე, კახა კუკავა-დემოკრატიული მოძრაობა-თავისუფალი საქართველო”",,14,მარნეული,,3,ახმედ,კურბანოვი,ახმედ კურბანოვი,,,majoritarians_all.pdf
local_2017,__main__,council_smd,free_georgia,"საარჩევნო ბლოკი „დიმიტრი ლორთქიფანიძე, კახა კუკავა-დემოკრატიული მოძრაობა-თავისუფალი საქართველო”",,8,მარნეული,,3,როსტომ,ქველაძე,როსტომ ქველაძე,,,majoritarians_all.pdf
local_2017,__main__,council_smd,free_georgia,"საარჩევნო ბლოკი „დიმიტრი ლორთქიფანიძე, კახა კუკავა-დემოკრატიული მოძრაობა-თავისუფალი საქართველო”",,7,მარნეული,,3,სამანდარ,ისმაილოვი,სამანდარ ისმაილოვი,,,majoritarians_all.pdf
local_2017,__main__,council_smd,free_georgia,"საარჩევნო ბლოკი „დიმიტრი ლორთქიფანიძე, კახა კუკავა-დემოკრატიული მოძრაობა-თავისუფალი საქართველო”",,4,მარნეული,,3,გიორგი,დავაძე,გიორგი დავაძე,,,majoritarians_all.pdf
local_2017,__main__,council_smd,free_georgia,"საარჩევნო ბლოკი „დიმიტრი ლორთქიფანიძე, კახა კუკავა-დემოკრატიული მოძრაობა-თავისუფალი საქართველო”",,18,მარნეული,,3,დილგამ,ნაგიევი,დილგამ ნაგიევი,,,majoritarians_all.pdf
local_2017,__main__,council_smd,unm,საარჩევნო ბლოკი „ერთიანი ნაციონალური მოძრაობა”,,7,მარნეული,,5,ელდანიზ,ყურბანოვი,ელდანიზ ყურბანოვი,,,majoritarians_all.pdf
local_2017,__main__,council_smd,unm,საარჩევნო ბლოკი „ერთიანი ნაციონალური მოძრაობა”,,8,მარნეული,,5,გივი,ქველაძე,გივი ქველაძე,,,majoritarians_all.pdf
local_2017,__main__,council_smd,unm,საარჩევნო ბლოკი „ერთიანი ნაციონალური მოძრაობა”,,10,მარნეული,,5,ასიფ,ბედიევი,ასიფ ბედიევი,,,majoritarians_all.pdf
local_2017,__main__,council_smd,unm,საარჩევნო ბლოკი „ერთიანი ნაციონალური მოძრაობა”,,1,მარნეული,,5,ელმირაზ,ხუდაევი,ელმირაზ ხუდაევი,,,majoritarians_all.pdf
local_2017,__main__,council_smd,unm,საარჩევნო ბლოკი „ერთიანი ნაციონალური მოძრაობა”,,16,მარნეული,,5,რუსტამ,ფაშაევი,რუსტამ ფაშაევი,,,majoritarians_all.pdf
local_2017,__main__,council_smd,unm,საარჩევნო ბლოკი „ერთიანი ნაციონალური მოძრაობა”,,1,მარნეული,,5,რამალ,ახმედოვი,რამალ ახმედოვი,,,majoritarians_all.pdf
local_2017,__main__,council_smd,unm,საარჩევნო ბლოკი „ერთიანი ნაციონალური მოძრაობა”,,5,მარნეული,,5,ელბრუს,გუსეინოვი,ელბრუს გუსეინოვი,,,majoritarians_all.pdf
local_2017,__main__,council_smd,unm,საარჩევნო ბლოკი „ერთიანი ნაციონალური მოძრაობა”,,3,მარნეული,,5,მურთუზ,იბადოვი,მურთუზ იბადოვი,,,majoritarians_all.pdf
local_2017,__main__,council_smd,unm,საარჩევნო ბლოკი „ერთიანი ნაციონალური მოძრაობა”,,12,მარნეული,,5,ბახიშ,ასლანოვი,ბახიშ ასლანოვი,,,majoritarians_all.pdf
local_2017,__main__,council_smd,unm,საარჩევნო ბლოკი „ერთიანი ნაციონალური მოძრაობა”,,2,მარნეული,,5,მამუკა,ოქროპირიძე,მამუკა ოქროპირიძე,,,majoritarians_all.pdf
local_2017,__main__,council_smd,unm,საარჩევნო ბლოკი „ერთიანი ნაციონალური მოძრაობა”,,13,მარნეული,,5,ეიტირამ,ახმედოვი,ეიტირამ ახმედოვი,,,majoritarians_all.pdf
local_2017,__main__,council_smd,unm,საარჩევნო ბლოკი „ერთიანი ნაციონალური მოძრაობა”,,1,მარნეული,,5,სურაჯი,ბარამიძე,სურაჯი ბარამიძე,,,majoritarians_all.pdf
local_2017,__main__,council_smd,unm,საარჩევნო ბლოკი „ერთიანი ნაციონალური მოძრაობა”,,11,მარნეული,,5,ელდარ,იუსუბოვი,ელდარ იუსუბოვი,,,majoritarians_all.pdf
local_2017,__main__,council_smd,unm,საარჩევნო ბლოკი „ერთიანი ნაციონალური მოძრაობა”,,15,მარნეული,,5,ნაჯაბგულუ,მამედოვი,ნაჯაბგულუ მამედოვი,,,majoritarians_all.pdf
local_2017,__main__,council_smd,unm,საარჩევნო ბლოკი „ერთიანი ნაციონალური მოძრაობა”,,14,მარნეული,,5,კარა,ორუჯევი,კარა ორუჯევი,,,majoritarians_all.pdf
local_2017,__main__,council_smd,patriots,"„დავით თარხან-მოურავი, ირმა ინაშვილი - საქართველოს პატრიოტთა",,12,მარნეული,,8,ალიანსი”ჯავად,ნაბიევი,ალიანსი”ჯავად ნაბიევი,,,majoritarians_all.pdf
local_2017,__main__,council_smd,patriots,"„დავით თარხან-მოურავი, ირმა ინაშვილი - საქართველოს პატრიოტთა",,10,მარნეული,,8,ალიანსი”ანა,კლიშტორნაია,ალიანსი”ანა კლიშტორნაია,,,majoritarians_all.pdf
local_2017,__main__,council_smd,patriots,"„დავით თარხან-მოურავი, ირმა ინაშვილი - საქართველოს პატრიოტთა",,4,მარნეული,,8,ალიანსი”ხათუნა,გოგატიშვილი,ალიანსი”ხათუნა გოგატიშვილი,,,majoritarians_all.pdf
local_2017,__main__,council_smd,patriots,"„დავით თარხან-მოურავი, ირმა ინაშვილი - საქართველოს პატრიოტთა",,1,მარნეული,,8,ალიანსი”მიხეილ,ხარაზიშვილი,ალიანსი”მიხეილ ხარაზიშვილი,,,majoritarians_all.pdf
local_2017,__main__,council_smd,patriots,"„დავით თარხან-მოურავი, ირმა ინაშვილი - საქართველოს პატრიოტთა",,1,მარნეული,,8,ალიანსი”რუსლან,ზედგენიძე,ალიანსი”რუსლან ზედგენიძე,,,majoritarians_all.pdf
local_2017,__main__,council_smd,patriots,"„დავით თარხან-მოურავი, ირმა ინაშვილი - საქართველოს პატრიოტთა",,1,მარნეული,,8,ალიანსი”ნუნუ,ჩიტაშვილი,ალიანსი”ნუნუ ჩიტაშვილი,,,majoritarians_all.pdf
local_2017,__main__,council_smd,patriots,"„დავით თარხან-მოურავი, ირმა ინაშვილი - საქართველოს პატრიოტთა",,2,მარნეული,,8,ალიანსი”ზურაბი,ხუციშვილი,ალიანსი”ზურაბი ხუციშვილი,,,majoritarians_all.pdf
local_2017,__main__,council_smd,patriots,"„დავით თარხან-მოურავი, ირმა ინაშვილი - საქართველოს პატრიოტთა",,6,მარნეული,,8,ალიანსი”ელმირა,იოსელიანი,ალიანსი”ელმირა იოსელიანი,,,majoritarians_all.pdf
local_2017,__main__,council_smd,patriots,"„დავით თარხან-მოურავი, ირმა ინაშვილი - საქართველოს პატრიოტთა",,5,მარნეული,,8,ალიანსი”ოლღა,გოგატიშვილი,ალიანსი”ოლღა გოგატიშვილი,,,majoritarians_all.pdf
local_2017,__main__,council_smd,patriots,"„დავით თარხან-მოურავი, ირმა ინაშვილი - საქართველოს პატრიოტთა",,3,მარნეული,,8,ალიანსი”ნამიგ,ბაირამოვი,ალიანსი”ნამიგ ბაირამოვი,,,majoritarians_all.pdf
local_2017,__main__,council_smd,patriots,"„დავით თარხან-მოურავი, ირმა ინაშვილი - საქართველოს პატრიოტთა",,8,მარნეული,,8,ალიანსი”რეზო,ჩხიტუნიძე,ალიანსი”რეზო ჩხიტუნიძე,,,majoritarians_all.pdf
local_2017,__main__,council_smd,patriots,"„დავით თარხან-მოურავი, ირმა ინაშვილი - საქართველოს პატრიოტთა",,7,მარნეული,,8,ალიანსი”აზერ,მაგარრამოვი,ალიანსი”აზერ მაგარრამოვი,,,majoritarians_all.pdf
local_2017,__main__,council_smd,patriots,"„დავით თარხან-მოურავი, ირმა ინაშვილი - საქართველოს პატრიოტთა",,9,მარნეული,,8,ალიანსი”თენგიზ,კაპანაძე,ალიანსი”თენგიზ კაპანაძე,,,majoritarians_all.pdf
local_2017,__main__,council_smd,patriots,"„დავით თარხან-მოურავი, ირმა ინაშვილი - საქართველოს პატრიოტთა",,13,მარნეული,,8,ალიანსი”ნაზახიმ,რუსთამოვი,ალიანსი”ნაზახიმ რუსთამოვი,,,majoritarians_all.pdf
local_2017,__main__,council_smd,patriots,"„დავით თარხან-მოურავი, ირმა ინაშვილი - საქართველოს პატრიოტთა",,15,მარნეული,,8,ალიანსი”ამირასლან,ალიევი,ალიანსი”ამირასლან ალიევი,,,majoritarians_all.pdf
local_2017,__main__,council_smd,patriots,"„დავით თარხან-მოურავი, ირმა ინაშვილი - საქართველოს პატრიოტთა",,16,მარნეული,,8,ალიანსი”ვაგიფ,ალიევი,ალიანსი”ვაგიფ ალიევი,,,majoritarians_all.pdf
local_2017,__main__,council_smd,patriots,"„დავით თარხან-მოურავი, ირმა ინაშვილი - საქართველოს პატრიოტთა",,14,მარნეული,,8,ალიანსი”ამალია,ურუმოვა,ალიანსი”ამალია ურუმოვა,,,majoritarians_all.pdf
local_2017,__main__,council_smd,patriots,"„დავით თარხან-მოურავი, ირმა ინაშვილი - საქართველოს პატრიოტთა",,18,მარნეული,,8,ალიანსი”ედუარდ,ტუნიანი,ალიანსი”ედუარდ ტუნიანი,,,majoritarians_all.pdf
local_2017,__main__,council_smd,patriots,„საქართველო”,,1,მარნეული,,17,მანანა,სტურუა,მანანა სტურუა,,,majoritarians_all.pdf
local_2017,__main__,council_smd,patriots,„საქართველო”,,1,მარნეული,,17,მაკა,ბახტაძე,მაკა ბახტაძე,,,majoritarians_all.pdf
local_2017,__main__,council_smd,patriots,„საქართველო”,,1,მარნეული,,17,მაკა,ბეჟანიშვილი,მაკა ბეჟანიშვილი,,,majoritarians_all.pdf
local_2017,__main__,council_smd,patriots,„საქართველო”,,8,მარნეული,,17,ჯუმბერი,ბეჟანიშვილი,ჯუმბერი ბეჟანიშვილი,,,majoritarians_all.pdf
local_2017,__main__,council_smd,patriots,„საქართველო”,,2,მარნეული,,17,ირინა,ალავერდოვა,ირინა ალავერდოვა,,,majoritarians_all.pdf
local_2017,__main__,council_smd,patriots,„საქართველო”,,4,მარნეული,,17,ლამარა,აბდულაევა,ლამარა აბდულაევა,,,majoritarians_all.pdf
local_2017,__main__,council_smd,construction_movement_2017,„შენების მოძრაობა”,,1,მარნეული,,20,მურგუზ,ხალილოვი,მურგუზ ხალილოვი,,,majoritarians_all.pdf
local_2017,__main__,council_smd,construction_movement_2017,„შენების მოძრაობა”,,1,მარნეული,,20,ქამილ,ალიევი,ქამილ ალიევი,,,majoritarians_all.pdf
local_2017,__main__,council_smd,construction_movement_2017,„შენების მოძრაობა”,,1,მარნეული,,20,კანან,იბრაგიმოვი,კანან იბრაგიმოვი,,,majoritarians_all.pdf
local_2017,__main__,council_smd,vashadze_2017,საარჩევნო ბლოკი „გიორგი ვაშაძე - ერთობა ახალი საქართველო”,,10,მარნეული,,27,მურადხან,იბრაგიმოვი,მურადხან იბრაგიმოვი,,,majoritarians_all.pdf
local_2017,__main__,council_smd,vashadze_2017,საარჩევნო ბლოკი „გიორგი ვაშაძე - ერთობა ახალი საქართველო”,,3,მარნეული,,27,ხაიალ,ოჯახვერდიევი,ხაიალ ოჯახვერდიევი,,,majoritarians_all.pdf
local_2017,__main__,council_smd,vashadze_2017,საარჩევნო ბლოკი „გიორგი ვაშაძე - ერთობა ახალი საქართველო”,,11,მარნეული,,27,გიულმამედ,სადიგოვი,გიულმამედ სადიგოვი,,,majoritarians_all.pdf
local_2017,__main__,council_smd,vashadze_2017,საარჩევნო ბლოკი „გიორგი ვაშაძე - ერთობა ახალი საქართველო”,,7,მარნეული,,27,ამირ,ბადალოვი,ამირ ბადალოვი,,,majoritarians_all.pdf
local_2017,__main__,council_smd,vashadze_2017,საარჩევნო ბლოკი „გიორგი ვაშაძე - ერთობა ახალი საქართველო”,,1,მარნეული,,27,ფუად,კახრამანოვი,ფუად კახრამანოვი,,,majoritarians_all.pdf
local_2017,__main__,council_smd,vashadze_2017,საარჩევნო ბლოკი „გიორგი ვაშაძე - ერთობა ახალი საქართველო”,,12,მარნეული,,27,მეიდან,ჰუსეინოვი,მეიდან ჰუსეინოვი,,,majoritarians_all.pdf
local_2017,__main__,council_smd,vashadze_2017,საარჩევნო ბლოკი „გიორგი ვაშაძე - ერთობა ახალი საქართველო”,,13,მარნეული,,27,ახმედ,ახმედოვი,ახმედ ახმედოვი,,,majoritarians_all.pdf
local_2017,__main__,council_smd,vashadze_2017,საარჩევნო ბლოკი „გიორგი ვაშაძე - ერთობა ახალი საქართველო”,,16,მარნეული,,27,არზუ,მუსტაფაევი,არზუ მუსტაფაევი,,,majoritarians_all.pdf
local_2017,__main__,council_smd,vashadze_2017,საარჩევნო ბლოკი „გიორგი ვაშაძე - ერთობა ახალი საქართველო”,,8,მარნეული,,27,გუნაი,ეთირმიშლი,გუნაი ეთირმიშლი,,,majoritarians_all.pdf
local_2017,__main__,council_smd,gd,„ქართული ოცნება-დემოკრატიული,,3,მარნეული,,41,საქართველო”,ალიმურადოვი,საქართველო” ალიმურადოვი,,,majoritarians_all.pdf
local_2017,__main__,council_smd,gd,„ქართული ოცნება-დემოკრატიული საქართველო”,,18,მარნეული,,41,არსენ,ახვერდიანი,არსენ ახვერდიანი,,,majoritarians_all.pdf
local_2017,__main__,council_smd,gd,„ქართული ოცნება-დემოკრატიული საქართველო”,,9,მარნეული,,41,ბესიკ,გუჯეჯიანი,ბესიკ გუჯეჯიანი,,,majoritarians_all.pdf
local_2017,__main__,council_smd,gd,„ქართული ოცნება-დემოკრატიული საქართველო”,,8,მარნეული,,41,რომანი,ტაბატაძე,რომანი ტაბატაძე,,,majoritarians_all.pdf
local_2017,__main__,council_smd,gd,„ქართული ოცნება-დემოკრატიული საქართველო”,,11,მარნეული,,41,აივაზ,ისკანდაროვი,აივაზ ისკანდაროვი,,,majoritarians_all.pdf
local_2017,__main__,council_smd,gd,„ქართული ოცნება-დემოკრატიული საქართველო”,,6,მარნეული,,41,რიჩარდ,გიგანი,რიჩარდ გიგანი,,,majoritarians_all.pdf
local_2017,__main__,council_smd,gd,„ქართული ოცნება-დემოკრატიული საქართველო”,,12,მარნეული,,41,ომარი,ირიშოვი,ომარი ირიშოვი,,,majoritarians_all.pdf
local_2017,__main__,council_smd,gd,„ქართული ოცნება-დემოკრატიული საქართველო”,,7,მარნეული,,41,აშრაფ,ტუკანოვი,აშრაფ ტუკანოვი,,,majoritarians_all.pdf
local_2017,__main__,council_smd,gd,„ქართული ოცნება-დემოკრატიული საქართველო”,,1,მარნეული,,41,ტარიელ,მამედოვი,ტარიელ მამედოვი,,,majoritarians_all.pdf
local_2017,__main__,council_smd,gd,„ქართული ოცნება-დემოკრატიული საქართველო”,,1,მარნეული,,41,ნადირ,გულიევი,ნადირ გულიევი,,,majoritarians_all.pdf
local_2017,__main__,council_smd,gd,„ქართული ოცნება-დემოკრატიული საქართველო”,,10,მარნეული,,41,როვშან,ისკანდაროვი,როვშან ისკანდაროვი,,,majoritarians_all.pdf
local_2017,__main__,council_smd,gd,„ქართული ოცნება-დემოკრატიული საქართველო”,,5,მარნეული,,41,გეიდარ,მუსაევი,გეიდარ მუსაევი,,,majoritarians_all.pdf
local_2017,__main__,council_smd,gd,„ქართული ოცნება-დემოკრატიული საქართველო”,,13,მარნეული,,41,ჰუსეინ,ჰუსეინოვი,ჰუსეინ ჰუსეინოვი,,,majoritarians_all.pdf
local_2017,__main__,council_smd,gd,„ქართული ოცნება-დემოკრატიული საქართველო”,,14,მარნეული,,41,ჯეიხუნ,ჩოიდაროვი,ჯეიხუნ ჩოიდაროვი,,,majoritarians_all.pdf
local_2017,__main__,council_smd,gd,„ქართული ოცნება-დემოკრატიული საქართველო”,,2,მარნეული,,41,ლევონ,აკოპიანი,ლევონ აკოპიანი,,,majoritarians_all.pdf
local_2017,__main__,council_smd,gd,„ქართული ოცნება-დემოკრატიული საქართველო”,,4,მარნეული,,41,არამ,კარაპეტიანი,არამ კარაპეტიანი,,,majoritarians_all.pdf
local_2017,__main__,council_smd,gd,„ქართული ოცნება-დემოკრატიული საქართველო”,,15,მარნეული,,41,ილხამ,გასანოვი,ილხამ გასანოვი,,,majoritarians_all.pdf
local_2017,__main__,council_smd,gd,„ქართული ოცნება-დემოკრატიული საქართველო”,,16,მარნეული,,41,მირკაზუმ,იაგუბოვი,მირკაზუმ იაგუბოვი,,,majoritarians_all.pdf
local_2017,__main__,council_smd,gd,„ქართული ოცნება-დემოკრატიული საქართველო”,,17,მარნეული,,41,ვანო,ბურნაძე,ვანო ბურნაძე,,,majoritarians_all.pdf
local_2017,__main__,council_smd,gd,„ქართული ოცნება-დემოკრატიული საქართველო”,,1,მარნეული,,41,რამინ,ალახვერდიევი,რამინ ალახვერდიევი,,,majoritarians_all.pdf
local_2017,__main__,council_smd,european_georgia,"საარჩევნო ბლოკი „ბაქრაძე, უგულავა-ევროპული საქართველო”",,8,ბოლნისი,,2,მოვლუდ,ისმაილოვი,მოვლუდ ისმაილოვი,,,majoritarians_all.pdf
local_2017,__main__,council_smd,european_georgia,"საარჩევნო ბლოკი „ბაქრაძე, უგულავა-ევროპული საქართველო”",,9,ბოლნისი,,2,მახმუდ,მახმუდოვი,მახმუდ მახმუდოვი,,,majoritarians_all.pdf
local_2017,__main__,council_smd,european_georgia,"საარჩევნო ბლოკი „ბაქრაძე, უგულავა-ევროპული საქართველო”",,11,ბოლნისი,,2,აგილ,მუსაევი,აგილ მუსაევი,,,majoritarians_all.pdf
local_2017,__main__,council_smd,european_georgia,"საარჩევნო ბლოკი „ბაქრაძე, უგულავა-ევროპული საქართველო”",,13,ბოლნისი,,2,ელიმდარ,მირიევი,ელიმდარ მირიევი,,,majoritarians_all.pdf
local_2017,__main__,council_smd,european_georgia,"საარჩევნო ბლოკი „ბაქრაძე, უგულავა-ევროპული საქართველო”",,2,ბოლნისი,,2,ზულფიგარ,იბრაგიმოვი,ზულფიგარ იბრაგიმოვი,,,majoritarians_all.pdf
local_2017,__main__,council_smd,european_georgia,"საარჩევნო ბლოკი „ბაქრაძე, უგულავა-ევროპული საქართველო”",,7,ბოლნისი,,2,თურალ,ალიევი,თურალ ალიევი,,,majoritarians_all.pdf
local_2017,__main__,council_smd,european_georgia,"საარჩევნო ბლოკი „ბაქრაძე, უგულავა-ევროპული საქართველო”",,6,ბოლნისი,,2,ოვჩუ,ოვჩუევი,ოვჩუ ოვჩუევი,,,majoritarians_all.pdf
local_2017,__main__,council_smd,european_georgia,"საარჩევნო ბლოკი „ბაქრაძე, უგულავა-ევროპული საქართველო”",,1,ბოლნისი,,2,აზა,მემანიშვილი,აზა მემანიშვილი,,,majoritarians_all.pdf
local_2017,__main__,council_smd,free_georgia,"საარჩევნო ბლოკი „დიმიტრი ლორთქიფანიძე, კახა კუკავა-დემოკრატიული მოძრაობა-თავისუფალი საქართველო”",,3,ბოლნისი,,3,ტარიელ,ჯაყელი,ტარიელ ჯაყელი,,,majoritarians_all.pdf
local_2017,__main__,council_smd,free_georgia,"საარჩევნო ბლოკი „დიმიტრი ლორთქიფანიძე, კახა კუკავა-დემოკრატიული მოძრაობა-თავისუფალი საქართველო”",,10,ბოლნისი,,3,ზურაბი,რეხვიაშვილი,ზურაბი რეხვიაშვილი,,,majoritarians_all.pdf
local_2017,__main__,council_smd,free_georgia,"საარჩევნო ბლოკი „დიმიტრი ლორთქიფანიძე, კახა კუკავა-დემოკრატიული მოძრაობა-თავისუფალი საქართველო”",,9,ბოლნისი,,3,ლალი,ბეჟანიშვილი,ლალი ბეჟანიშვილი,,,majoritarians_all.pdf
local_2017,__main__,council_smd,free_georgia,"საარჩევნო ბლოკი „დიმიტრი ლორთქიფანიძე, კახა კუკავა-დემოკრატიული მოძრაობა-თავისუფალი საქართველო”",,8,ბოლნისი,,3,თენგიზ,გეთიაშვილი,თენგიზ გეთიაშვილი,,,majoritarians_all.pdf
local_2017,__main__,council_smd,unm,საარჩევნო ბლოკი „ერთიანი ნაციონალური მოძრაობა”,,1,ბოლნისი,,5,ანზორ,შაინიძე,ანზორ შაინიძე,,,majoritarians_all.pdf
local_2017,__main__,council_smd,unm,საარჩევნო ბლოკი „ერთიანი ნაციონალური მოძრაობა”,,4,ბოლნისი,,5,ისმაილ,მამედოვი,ისმაილ მამედოვი,,,majoritarians_all.pdf
local_2017,__main__,council_smd,unm,საარჩევნო ბლოკი „ერთიანი ნაციონალური მოძრაობა”,,6,ბოლნისი,,5,სამირა,ისმაილოვა,სამირა ისმაილოვა,,,majoritarians_all.pdf
local_2017,__main__,council_smd,unm,საარჩევნო ბლოკი „ერთიანი ნაციონალური მოძრაობა”,,3,ბოლნისი,,5,მაყვალა,გიორგაძე,მაყვალა გიორგაძე,,,majoritarians_all.pdf
local_2017,__main__,council_smd,unm,საარჩევნო ბლოკი „ერთიანი ნაციონალური მოძრაობა”,,14,ბოლნისი,,5,ედიშერ,საბიაშვილი,ედიშერ საბიაშვილი,,,majoritarians_all.pdf
local_2017,__main__,council_smd,unm,საარჩევნო ბლოკი „ერთიანი ნაციონალური მოძრაობა”,,13,ბოლნისი,,5,ათაშ,მუსაევი,ათაშ მუსაევი,,,majoritarians_all.pdf
local_2017,__main__,council_smd,unm,საარჩევნო ბლოკი „ერთიანი ნაციონალური მოძრაობა”,,7,ბოლნისი,,5,ვალეხ,ზეინალოვი,ვალეხ ზეინალოვი,,,majoritarians_all.pdf
local_2017,__main__,council_smd,unm,საარჩევნო ბლოკი „ერთიანი ნაციონალური მოძრაობა”,,11,ბოლნისი,,5,მახალ,ალიევი,მახალ ალიევი,,,majoritarians_all.pdf
local_2017,__main__,council_smd,unm,საარჩევნო ბლოკი „ერთიანი ნაციონალური მოძრაობა”,,12,ბოლნისი,,5,ნაზიკო,ოქრიაშვილი,ნაზიკო ოქრიაშვილი,,,majoritarians_all.pdf
local_2017,__main__,council_smd,unm,საარჩევნო ბლოკი „ერთიანი ნაციონალური მოძრაობა”,,8,ბოლნისი,,5,არიფ,იუსუბოვი,არიფ იუსუბოვი,,,majoritarians_all.pdf
local_2017,__main__,council_smd,unm,საარჩევნო ბლოკი „ერთიანი ნაციონალური მოძრაობა”,,9,ბოლნისი,,5,გიორგი,ოლქიევი,გიორგი ოლქიევი,,,majoritarians_all.pdf
local_2017,__main__,council_smd,unm,საარჩევნო ბლოკი „ერთიანი ნაციონალური მოძრაობა”,,10,ბოლნისი,,5,გურამი,იაკობაძე,გურამი იაკობაძე,,,majoritarians_all.pdf
local_2017,__main__,council_smd,unm,საარჩევნო ბლოკი „ერთიანი ნაციონალური მოძრაობა”,,1,ბოლნისი,,5,გია,მიქაუტაძე,გია მიქაუტაძე,,,majoritarians_all.pdf
local_2017,__main__,council_smd,patriots,"„დავით თარხან-მოურავი, ირმა ინაშვილი - საქართველოს პატრიოტთა",,13,ბოლნისი,,8,ალიანსი”ვაგიფ,გუვალოვი,ალიანსი”ვაგიფ გუვალოვი,,,majoritarians_all.pdf
local_2017,__main__,council_smd,patriots,"„დავით თარხან-მოურავი, ირმა ინაშვილი - საქართველოს პატრიოტთა",,14,ბოლნისი,,8,ალიანსი”ცეზარ,მამულაშვილი,ალიანსი”ცეზარ მამულაშვილი,,,majoritarians_all.pdf
local_2017,__main__,council_smd,patriots,"„დავით თარხან-მოურავი, ირმა ინაშვილი - საქართველოს პატრიოტთა",,1,ბოლნისი,,8,ალიანსი”გოდერძი,მიქელაძე,ალიანსი”გოდერძი მიქელაძე,,,majoritarians_all.pdf
local_2017,__main__,council_smd,patriots,"„დავით თარხან-მოურავი, ირმა ინაშვილი - საქართველოს პატრიოტთა",,11,ბოლნისი,,8,ალიანსი”თაჯედდინ,გულიევი,ალიანსი”თაჯედდინ გულიევი,,,majoritarians_all.pdf
local_2017,__main__,council_smd,patriots,"„დავით თარხან-მოურავი, ირმა ინაშვილი - საქართველოს პატრიოტთა",,12,ბოლნისი,,8,ალიანსი”რუბენ,გუჯეჯიანი,ალიანსი”რუბენ გუჯეჯიანი,,,majoritarians_all.pdf
local_2017,__main__,council_smd,patriots,"„დავით თარხან-მოურავი, ირმა ინაშვილი - საქართველოს პატრიოტთა",,9,ბოლნისი,,8,ალიანსი”ეთერი,მანთაშოვი,ალიანსი”ეთერი მანთაშოვი,,,majoritarians_all.pdf
local_2017,__main__,council_smd,patriots,"„დავით თარხან-მოურავი, ირმა ინაშვილი - საქართველოს პატრიოტთა",,1,ბოლნისი,,8,ალიანსი”ზურაბ,ანსიანი,ალიანსი”ზურაბ ანსიანი,,,majoritarians_all.pdf
local_2017,__main__,council_smd,patriots,"„დავით თარხან-მოურავი, ირმა ინაშვილი - საქართველოს პატრიოტთა",,2,ბოლნისი,,8,ალიანსი”ეკა,ბერიანი,ალიანსი”ეკა ბერიანი,,,majoritarians_all.pdf
local_2017,__main__,council_smd,patriots,"„დავით თარხან-მოურავი, ირმა ინაშვილი - საქართველოს პატრიოტთა",,3,ბოლნისი,,8,ალიანსი”დალი,მამულაშვილი,ალიანსი”დალი მამულაშვილი,,,majoritarians_all.pdf
local_2017,__main__,council_smd,gd,„ქართული ოცნება-დემოკრატიული საქართველო”,,3,ბოლნისი,,41,გია,ბასილაშვილი,გია ბასილაშვილი,,,majoritarians_all.pdf
local_2017,__main__,council_smd,gd,„ქართული ოცნება-დემოკრატიული საქართველო”,,7,ბოლნისი,,41,რასულ,ბახტიაროვი,რასულ ბახტიაროვი,,,majoritarians_all.pdf
local_2017,__main__,council_smd,gd,„ქართული ოცნება-დემოკრატიული საქართველო”,,8,ბოლნისი,,41,ვუგარ,ისაევი,ვუგარ ისაევი,,,majoritarians_all.pdf
local_2017,__main__,council_smd,gd,„ქართული ოცნება-დემოკრატიული საქართველო”,,1,ბოლნისი,,41,თეიმურაზ,ჯოხაძე,თეიმურაზ ჯოხაძე,,,majoritarians_all.pdf
local_2017,__main__,council_smd,gd,„ქართული ოცნება-დემოკრატიული საქართველო”,,1,ბოლნისი,,41,ნონა,რეხვიაშვილი,ნონა რეხვიაშვილი,,,majoritarians_all.pdf
local_2017,__main__,council_smd,gd,„ქართული ოცნება-დემოკრატიული საქართველო”,,4,ბოლნისი,,41,ელიმხან,გაჯიევი,ელიმხან გაჯიევი,,,majoritarians_all.pdf
local_2017,__main__,council_smd,gd,„ქართული ოცნება-დემოკრატიული საქართველო”,,2,ბოლნისი,,41,მამედ,გუსეინოვი,მამედ გუსეინოვი,,,majoritarians_all.pdf
local_2017,__main__,council_smd,gd,„ქართული ოცნება-დემოკრატიული საქართველო”,,5,ბოლნისი,,41,ლევონ,მანუკიანი,ლევონ მანუკიანი,,,majoritarians_all.pdf
local_2017,__main__,council_smd,gd,„ქართული ოცნება-დემოკრატიული საქართველო”,,6,ბოლნისი,,41,შირადინ,ასლანოვი,შირადინ ასლანოვი,,,majoritarians_all.pdf
local_2017,__main__,council_smd,gd,„ქართული ოცნება-დემოკრატიული საქართველო”,,9,ბოლნისი,,41,გიორგი,ლომიძე,გიორგი ლომიძე,,,majoritarians_all.pdf
local_2017,__main__,council_smd,gd,„ქართული ოცნება-დემოკრატიული საქართველო”,,10,ბოლნისი,,41,დავით,რეხვიაშვილი,დავით რეხვიაშვილი,,,majoritarians_all.pdf
local_2017,__main__,council_smd,gd,„ქართული ოცნება-დემოკრატიული საქართველო”,,11,ბოლნისი,,41,დოსტუ,აშიროვი,დოსტუ აშიროვი,,,majoritarians_all.pdf
local_2017,__main__,council_smd,gd,„ქართული ოცნება-დემოკრატიული საქართველო”,,12,ბოლნისი,,41,შერმანდინ,დადვანი,შერმანდინ დადვანი,,,majoritarians_all.pdf
local_2017,__main__,council_smd,gd,„ქართული ოცნება-დემოკრატიული საქართველო”,,13,ბოლნისი,,41,იმრან,მ.გასიმოვი,იმრან მ.გასიმოვი,,,majoritarians_all.pdf
local_2017,__main__,council_smd,gd,„ქართული ოცნება-დემოკრატიული საქართველო”,,14,ბოლნისი,,41,დიმიტრი,ურუმაშვილი,დიმიტრი ურუმაშვილი,,,majoritarians_all.pdf
local_2017,__main__,council_smd,initiative_group,"საინიციატივო ჯგუფი - არმენ არუთიუნიანი,სარქის მანუჩარიანი,, ზორენ სარგისიანი,არშაკ სუგიანი,კარინე მინასიანი, სლავიკ აბგარიანი",,5,ბოლნისი,,42,ვაგან,არუთიუნიანი,ვაგან არუთიუნიანი,,,majoritarians_all.pdf
local_2017,__main__,council_smd,initiative_group,"საინიციატივო ჯგუფი - ჯონი რთველაძე, მალხაზი ჟიჟიაშვილი,იასე მარტიაშვილი, გიორგი ჩაკვეტაძე, იური მუკვანი, გელა ასლანიშვილი",,3,ბოლნისი,,42,ბესიკ,ასლანიშვილი,ბესიკ ასლანიშვილი,,,majoritarians_all.pdf
local_2017,__main__,council_smd,initiative_group,"საინიციატივო ჯგუფი - ბახადინ გუსეინოვი, ალტაი გასიმოვი,მეხფარე კასუმოვა,მინავარ გასიმოვა,ნურაი კასუმოვა",,11,ბოლნისი,,42,ჩინგიზ,კასუმოვი,ჩინგიზ კასუმოვი,,,majoritarians_all.pdf
local_2017,__main__,council_smd,initiative_group,"საინიციატივო ჯგუფი - ბახმან გასანოვი, სახილ ისმაილოვი, როიალ ბადალოვი, ორუჯ კასუმოვი, ნამიგ კურბანალიევი",,11,ბოლნისი,,43,ინტიზარ,მიქაილოვი,ინტიზარ მიქაილოვი,,,majoritarians_all.pdf
local_2017,__main__,council_smd,european_georgia,"საარჩევნო ბლოკი „ბაქრაძე, უგულავა-ევროპული საქართველო”",,13,დმანისი,,2,თემური,ბერიძე,თემური ბერიძე,,,majoritarians_all.pdf
local_2017,__main__,council_smd,european_georgia,"საარჩევნო ბლოკი „ბაქრაძე, უგულავა-ევროპული საქართველო”",,2,დმანისი,,2,საჰიბდარ,ტანრივერდიევი,საჰიბდარ ტანრივერდიევი,,,majoritarians_all.pdf
local_2017,__main__,council_smd,european_georgia,"საარჩევნო ბლოკი „ბაქრაძე, უგულავა-ევროპული საქართველო”",,11,დმანისი,,2,ანატოლი,დონაძე,ანატოლი დონაძე,,,majoritarians_all.pdf
local_2017,__main__,council_smd,european_georgia,"საარჩევნო ბლოკი „ბაქრაძე, უგულავა-ევროპული საქართველო”",,12,დმანისი,,2,ვანო,ადამაშვილი,ვანო ადამაშვილი,,,majoritarians_all.pdf
local_2017,__main__,council_smd,european_georgia,"საარჩევნო ბლოკი „ბაქრაძე, უგულავა-ევროპული საქართველო”",,8,დმანისი,,2,მუბარიზ,ტანრივერდიევი,მუბარიზ ტანრივერდიევი,,,majoritarians_all.pdf
local_2017,__main__,council_smd,european_georgia,"საარჩევნო ბლოკი „ბაქრაძე, უგულავა-ევროპული საქართველო”",,4,დმანისი,,2,ბაჩუკი,ბაქრაძე,ბაჩუკი ბაქრაძე,,,majoritarians_all.pdf
local_2017,__main__,council_smd,european_georgia,"საარჩევნო ბლოკი „ბაქრაძე, უგულავა-ევროპული საქართველო”",,9,დმანისი,,2,ეგანა,მირზაევა,ეგანა მირზაევა,,,majoritarians_all.pdf
local_2017,__main__,council_smd,european_georgia,"საარჩევნო ბლოკი „ბაქრაძე, უგულავა-ევროპული საქართველო”",,5,დმანისი,,2,ამირან,კურბანოვი,ამირან კურბანოვი,,,majoritarians_all.pdf
local_2017,__main__,council_smd,european_georgia,"საარჩევნო ბლოკი „ბაქრაძე, უგულავა-ევროპული საქართველო”",,6,დმანისი,,2,მანუჩარი,მურადაშვილი,მანუჩარი მურადაშვილი,,,majoritarians_all.pdf
local_2017,__main__,council_smd,european_georgia,"საარჩევნო ბლოკი „ბაქრაძე, უგულავა-ევროპული საქართველო”",,1,დმანისი,,2,პავლე,ადუაშვილი,პავლე ადუაშვილი,,,majoritarians_all.pdf
local_2017,__main__,council_smd,european_georgia,"საარჩევნო ბლოკი „ბაქრაძე, უგულავა-ევროპული საქართველო”",,3,დმანისი,,2,გელა,ადუაშვილი,გელა ადუაშვილი,,,majoritarians_all.pdf
local_2017,__main__,council_smd,european_georgia,"საარჩევნო ბლოკი „ბაქრაძე, უგულავა-ევროპული საქართველო”",,16,დმანისი,,2,ქამილ,აბდურახმანოვი,ქამილ აბდურახმანოვი,,,majoritarians_all.pdf
local_2017,__main__,council_smd,european_georgia,"საარჩევნო ბლოკი „ბაქრაძე, უგულავა-ევროპული საქართველო”",,7,დმანისი,,2,ალი,ალლაზოვი,ალი ალლაზოვი,,,majoritarians_all.pdf
local_2017,__main__,council_smd,european_georgia,"საარჩევნო ბლოკი „ბაქრაძე, უგულავა-ევროპული საქართველო”",,15,დმანისი,,2,ფარიზ,კურბანოვი,ფარიზ კურბანოვი,,,majoritarians_all.pdf
local_2017,__main__,council_smd,european_georgia,"საარჩევნო ბლოკი „ბაქრაძე, უგულავა-ევროპული საქართველო”",,14,დმანისი,,2,რაშიდ,ისმაილოვი,რაშიდ ისმაილოვი,,,majoritarians_all.pdf
local_2017,__main__,council_smd,free_georgia,"საარჩევნო ბლოკი „დიმიტრი ლორთქიფანიძე, კახა კუკავა-დემოკრატიული მოძრაობა-თავისუფალი საქართველო”",,2,დმანისი,,3,ანზორ,მარკოზია,ანზორ მარკოზია,,,majoritarians_all.pdf
local_2017,__main__,council_smd,free_georgia,"საარჩევნო ბლოკი „დიმიტრი ლორთქიფანიძე, კახა კუკავა-დემოკრატიული მოძრაობა-თავისუფალი საქართველო”",,1,დმანისი,,3,ირმა,აფრასიძე,ირმა აფრასიძე,,,majoritarians_all.pdf
local_2017,__main__,council_smd,free_georgia,"საარჩევნო ბლოკი „დიმიტრი ლორთქიფანიძე, კახა კუკავა-დემოკრატიული მოძრაობა-თავისუფალი საქართველო”",,8,დმანისი,,3,ზურაბი,ოქრიაშვილი,ზურაბი ოქრიაშვილი,,,majoritarians_all.pdf
local_2017,__main__,council_smd,free_georgia,"საარჩევნო ბლოკი „დიმიტრი ლორთქიფანიძე, კახა კუკავა-დემოკრატიული მოძრაობა-თავისუფალი საქართველო”",,15,დმანისი,,3,ანჟელა,ვიბლიანი,ანჟელა ვიბლიანი,,,majoritarians_all.pdf
local_2017,__main__,council_smd,free_georgia,"საარჩევნო ბლოკი „დიმიტრი ლორთქიფანიძე, კახა კუკავა-დემოკრატიული მოძრაობა-თავისუფალი საქართველო”",,13,დმანისი,,3,ანელა,გერლიანი,ანელა გერლიანი,,,majoritarians_all.pdf
local_2017,__main__,council_smd,unm,საარჩევნო ბლოკი „ერთიანი ნაციონალური მოძრაობა”,,9,დმანისი,,5,ნაზაბათ,ისმაილოვი,ნაზაბათ ისმაილოვი,,,majoritarians_all.pdf
local_2017,__main__,council_smd,unm,საარჩევნო ბლოკი „ერთიანი ნაციონალური მოძრაობა”,,8,დმანისი,,5,დურსუნ,ვალიევი,დურსუნ ვალიევი,,,majoritarians_all.pdf
local_2017,__main__,council_smd,unm,საარჩევნო ბლოკი „ერთიანი ნაციონალური მოძრაობა”,,7,დმანისი,,5,ელმან,იმანოვი,ელმან იმანოვი,,,majoritarians_all.pdf
local_2017,__main__,council_smd,unm,საარჩევნო ბლოკი „ერთიანი ნაციონალური მოძრაობა”,,6,დმანისი,,5,რიჩარდი,მარტიაშვილი,რიჩარდი მარტიაშვილი,,,majoritarians_all.pdf
local_2017,__main__,council_smd,unm,საარჩევნო ბლოკი „ერთიანი ნაციონალური მოძრაობა”,,16,დმანისი,,5,ქამრან,მამედოვი,ქამრან მამედოვი,,,majoritarians_all.pdf
local_2017,__main__,council_smd,unm,საარჩევნო ბლოკი „ერთიანი ნაციონალური მოძრაობა”,,1,დმანისი,,5,ლეილა,მიქიანი,ლეილა მიქიანი,,,majoritarians_all.pdf
local_2017,__main__,council_smd,unm,საარჩევნო ბლოკი „ერთიანი ნაციონალური მოძრაობა”,,2,დმანისი,,5,ბაირამ,გარაჯაევი,ბაირამ გარაჯაევი,,,majoritarians_all.pdf
local_2017,__main__,council_smd,unm,საარჩევნო ბლოკი „ერთიანი ნაციონალური მოძრაობა”,,4,დმანისი,,5,ქეთევანი,ქართველიშვილი,ქეთევანი ქართველიშვილი,,,majoritarians_all.pdf
local_2017,__main__,council_smd,unm,საარჩევნო ბლოკი „ერთიანი ნაციონალური მოძრაობა”,,3,დმანისი,,5,ელიზბარ,ჩარაშვილი,ელიზბარ ჩარაშვილი,,,majoritarians_all.pdf
local_2017,__main__,council_smd,unm,საარჩევნო ბლოკი „ერთიანი ნაციონალური მოძრაობა”,,5,დმანისი,,5,ზაზა,ჯორთმენაძე,ზაზა ჯორთმენაძე,,,majoritarians_all.pdf
local_2017,__main__,council_smd,unm,საარჩევნო ბლოკი „ერთიანი ნაციონალური მოძრაობა”,,11,დმანისი,,5,ლევანი,მოსეშვილი,ლევანი მოსეშვილი,,,majoritarians_all.pdf
local_2017,__main__,council_smd,unm,საარჩევნო ბლოკი „ერთიანი ნაციონალური მოძრაობა”,,10,დმანისი,,5,მუბარიზ,მამედოვი,მუბარიზ მამედოვი,,,majoritarians_all.pdf
local_2017,__main__,council_smd,unm,საარჩევნო ბლოკი „ერთიანი ნაციონალური მოძრაობა”,,14,დმანისი,,5,ისა,ალიევი,ისა ალიევი,,,majoritarians_all.pdf
local_2017,__main__,council_smd,unm,საარჩევნო ბლოკი „ერთიანი ნაციონალური მოძრაობა”,,13,დმანისი,,5,რამინ,გერლიანი,რამინ გერლიანი,,,majoritarians_all.pdf
local_2017,__main__,council_smd,unm,საარჩევნო ბლოკი „ერთიანი ნაციონალური მოძრაობა”,,15,დმანისი,,5,შახმარდან,ახმედოვი,შახმარდან ახმედოვი,,,majoritarians_all.pdf
local_2017,__main__,council_smd,patriots,"„დავით თარხან-მოურავი, ირმა ინაშვილი - საქართველოს პატრიოტთა",,10,დმანისი,,8,ალიანსი”ალიმ,ასკაროვი,ალიანსი”ალიმ ასკაროვი,,,majoritarians_all.pdf
local_2017,__main__,council_smd,patriots,"„დავით თარხან-მოურავი, ირმა ინაშვილი - საქართველოს პატრიოტთა",,11,დმანისი,,8,ალიანსი”ქეთინო,სიმონიშვილი,ალიანსი”ქეთინო სიმონიშვილი,,,majoritarians_all.pdf
local_2017,__main__,council_smd,patriots,"„დავით თარხან-მოურავი, ირმა ინაშვილი - საქართველოს პატრიოტთა",,13,დმანისი,,8,ალიანსი”ამირან,არღვლიანი,ალიანსი”ამირან არღვლიანი,,,majoritarians_all.pdf
local_2017,__main__,council_smd,patriots,"„დავით თარხან-მოურავი, ირმა ინაშვილი - საქართველოს პატრიოტთა",,14,დმანისი,,8,ალიანსი”ჯალალ,გასანოვი,ალიანსი”ჯალალ გასანოვი,,,majoritarians_all.pdf
local_2017,__main__,council_smd,patriots,"„დავით თარხან-მოურავი, ირმა ინაშვილი - საქართველოს პატრიოტთა",,12,დმანისი,,8,ალიანსი”ქეთევანი,ქადარია,ალიანსი”ქეთევანი ქადარია,,,majoritarians_all.pdf
local_2017,__main__,council_smd,patriots,"„დავით თარხან-მოურავი, ირმა ინაშვილი - საქართველოს პატრიოტთა",,16,დმანისი,,8,ალიანსი”გურამ,ჩხვიმიანი,ალიანსი”გურამ ჩხვიმიანი,,,majoritarians_all.pdf
local_2017,__main__,council_smd,patriots,"„დავით თარხან-მოურავი, ირმა ინაშვილი - საქართველოს პატრიოტთა",,1,დმანისი,,8,ალიანსი”ზვიადაური,ჩხვიმიანი,ალიანსი”ზვიადაური ჩხვიმიანი,,,majoritarians_all.pdf
local_2017,__main__,council_smd,patriots,"„დავით თარხან-მოურავი, ირმა ინაშვილი - საქართველოს პატრიოტთა",,2,დმანისი,,8,ალიანსი”ვაგიფ,მუსტაფაევი,ალიანსი”ვაგიფ მუსტაფაევი,,,majoritarians_all.pdf
local_2017,__main__,council_smd,patriots,"„დავით თარხან-მოურავი, ირმა ინაშვილი - საქართველოს პატრიოტთა",,3,დმანისი,,8,ალიანსი”ლამარა,დაუთაშვილი,ალიანსი”ლამარა დაუთაშვილი,,,majoritarians_all.pdf
local_2017,__main__,council_smd,patriots,"„დავით თარხან-მოურავი, ირმა ინაშვილი - საქართველოს პატრიოტთა",,4,დმანისი,,8,ალიანსი”მანია,ჩახოვა,ალიანსი”მანია ჩახოვა,,,majoritarians_all.pdf
local_2017,__main__,council_smd,patriots,"„დავით თარხან-მოურავი, ირმა ინაშვილი - საქართველოს პატრიოტთა",,5,დმანისი,,8,ალიანსი”ერეკლე,კალატოზიშვილი,ალიანსი”ერეკლე კალატოზიშვილი,,,majoritarians_all.pdf
local_2017,__main__,council_smd,patriots,"„დავით თარხან-მოურავი, ირმა ინაშვილი - საქართველოს პატრიოტთა",,6,დმანისი,,8,ალიანსი”მანანა,იასაღაშვილი,ალიანსი”მანანა იასაღაშვილი,,,majoritarians_all.pdf
local_2017,__main__,council_smd,patriots,"„დავით თარხან-მოურავი, ირმა ინაშვილი - საქართველოს პატრიოტთა",,8,დმანისი,,8,ალიანსი”მუსიბატ,ბაირამოვი,ალიანსი”მუსიბატ ბაირამოვი,,,majoritarians_all.pdf
local_2017,__main__,council_smd,patriots,"„დავით თარხან-მოურავი, ირმა ინაშვილი - საქართველოს პატრიოტთა",,9,დმანისი,,8,ალიანსი”მალხაზ,გურჩიანი,ალიანსი”მალხაზ გურჩიანი,,,majoritarians_all.pdf
local_2017,__main__,council_smd,construction_movement_2017,„შენების მოძრაობა”,,1,დმანისი,,20,ლერი,ბერუაშვილი,ლერი ბერუაშვილი,,,majoritarians_all.pdf
local_2017,__main__,council_smd,construction_movement_2017,„შენების მოძრაობა”,,5,დმანისი,,20,ინტიგამ,მამედოვი,ინტიგამ მამედოვი,,,majoritarians_all.pdf
local_2017,__main__,council_smd,construction_movement_2017,„შენების მოძრაობა”,,8,დმანისი,,20,გუმბათ,იუსუბოვი,გუმბათ იუსუბოვი,,,majoritarians_all.pdf
local_2017,__main__,council_smd,construction_movement_2017,„შენების მოძრაობა”,,13,დმანისი,,20,ომარ,გოგოჭური,ომარ გოგოჭური,,,majoritarians_all.pdf
local_2017,__main__,council_smd,construction_movement_2017,„შენების მოძრაობა”,,9,დმანისი,,20,მახმუდ,ოვჩიევი,მახმუდ ოვჩიევი,,,majoritarians_all.pdf
local_2017,__main__,council_smd,construction_movement_2017,„შენების მოძრაობა”,,14,დმანისი,,20,ფარხად,კურბანოვი,ფარხად კურბანოვი,,,majoritarians_all.pdf
local_2017,__main__,council_smd,construction_movement_2017,„შენების მოძრაობა”,,4,დმანისი,,20,ილია,სარსევანიძე,ილია სარსევანიძე,,,majoritarians_all.pdf
local_2017,__main__,council_smd,construction_movement_2017,„შენების მოძრაობა”,,2,დმანისი,,20,ფაიკ,რუსტამოვი,ფაიკ რუსტამოვი,,,majoritarians_all.pdf
local_2017,__main__,council_smd,construction_movement_2017,„ შენების მოძრაობა”,,12,დმანისი,,20,ალექსანდრე,ნონიაშვილი,ალექსანდრე ნონიაშვილი,,,majoritarians_all.pdf
local_2017,__main__,council_smd,gd,„ქართული ოცნება-დემოკრატიული საქართველო”,,16,დმანისი,,41,აფთანდილ,მუსაევი,აფთანდილ მუსაევი,,,majoritarians_all.pdf
local_2017,__main__,council_smd,gd,„ქართული ოცნება-დემოკრატიული საქართველო”,,1,დმანისი,,41,ალექსანდრე,დაუთაშვილი,ალექსანდრე დაუთაშვილი,,,majoritarians_all.pdf
local_2017,__main__,council_smd,gd,„ქართული ოცნება-დემოკრატიული საქართველო”,,3,დმანისი,,41,მერაბი,ოქრიაშვილი,მერაბი ოქრიაშვილი,,,majoritarians_all.pdf
local_2017,__main__,council_smd,gd,„ქართული ოცნება-დემოკრატიული საქართველო”,,2,დმანისი,,41,ემილ,იბრაგიმოვი,ემილ იბრაგიმოვი,,,majoritarians_all.pdf
local_2017,__main__,council_smd,gd,„ქართული ოცნება-დემოკრატიული საქართველო”,,4,დმანისი,,41,ვალერი,სამადაშვილი,ვალერი სამადაშვილი,,,majoritarians_all.pdf
local_2017,__main__,council_smd,gd,„ქართული ოცნება-დემოკრატიული საქართველო”,,5,დმანისი,,41,თორნიკე,ნინიაშვილი,თორნიკე ნინიაშვილი,,,majoritarians_all.pdf
local_2017,__main__,council_smd,gd,„ქართული ოცნება-დემოკრატიული საქართველო”,,6,დმანისი,,41,შოთა,აკობაშვილი,შოთა აკობაშვილი,,,majoritarians_all.pdf
local_2017,__main__,council_smd,gd,„ქართული ოცნება-დემოკრატიული საქართველო”,,7,დმანისი,,41,გუსეინ,ისმაილოვი,გუსეინ ისმაილოვი,,,majoritarians_all.pdf
local_2017,__main__,council_smd,gd,„ქართული ოცნება-დემოკრატიული საქართველო”,,8,დმანისი,,41,ჯამალ,იადიგაროვი,ჯამალ იადიგაროვი,,,majoritarians_all.pdf
local_2017,__main__,council_smd,gd,„ქართული ოცნება-დემოკრატიული საქართველო”,,9,დმანისი,,41,ვიდადი,აბდულლაევი,ვიდადი აბდულლაევი,,,majoritarians_all.pdf
local_2017,__main__,council_smd,gd,„ქართული ოცნება-დემოკრატიული საქართველო”,,10,დმანისი,,41,აზერ,ალიევი,აზერ ალიევი,,,majoritarians_all.pdf
local_2017,__main__,council_smd,gd,„ქართული ოცნება-დემოკრატიული საქართველო”,,11,დმანისი,,41,დავით,მენაბდიშვილი,დავით მენაბდიშვილი,,,majoritarians_all.pdf
local_2017,__main__,council_smd,gd,„ქართული ოცნება-დემოკრატიული საქართველო”,,12,დმანისი,,41,დავით,დაუთაშვილი,დავით დაუთაშვილი,,,majoritarians_all.pdf
local_2017,__main__,council_smd,gd,„ქართული ოცნება-დემოკრატიული საქართველო”,,14,დმანისი,,41,რამიზ,რამაზანოვი,რამიზ რამაზანოვი,,,majoritarians_all.pdf
local_2017,__main__,council_smd,gd,„ქართული ოცნება-დემოკრატიული საქართველო”,,15,დმანისი,,41,ფაიგ,ისმაილოვი,ფაიგ ისმაილოვი,,,majoritarians_all.pdf
local_2017,__main__,council_smd,gd,„ქართული ოცნება-დემოკრატიული საქართველო”,,13,დმანისი,,41,გეგი,უმფრიანი,გეგი უმფრიანი,,,majoritarians_all.pdf
local_2017,__main__,council_smd,initiative_group,"საინიციატივო ჯგუფი - 1. ნიკოლოზი ადუაშვილი;რომანი ოქრიაშვილი, ანზორი დევნოზაშვილი,ალზირა დევნოზაშვილი, მუბარის ყურბანოვ",,3,დმანისი,,43,აკაკი,ოქრიაშვილი,აკაკი ოქრიაშვილი,,,majoritarians_all.pdf
local_2017,__main__,council_smd,european_georgia,"საარჩევნო ბლოკი „ბაქრაძე, უგულავა-ევროპული საქართველო”",,2,წალკა,,2,შორენა,ირემაძე,შორენა ირემაძე,,,majoritarians_all.pdf
local_2017,__main__,council_smd,european_georgia,"საარჩევნო ბლოკი „ბაქრაძე, უგულავა-ევროპული საქართველო”",,1,წალკა,,2,გია,თაფლაძე,გია თაფლაძე,,,majoritarians_all.pdf
local_2017,__main__,council_smd,european_georgia,"საარჩევნო ბლოკი „ბაქრაძე, უგულავა-ევროპული საქართველო”",,28,წალკა,,2,ციალა,შაინიძე,ციალა შაინიძე,,,majoritarians_all.pdf
local_2017,__main__,council_smd,european_georgia,"საარჩევნო ბლოკი „ბაქრაძე, უგულავა-ევროპული საქართველო”",,25,წალკა,,2,ავთანდილ,საბაძე,ავთანდილ საბაძე,,,majoritarians_all.pdf
local_2017,__main__,council_smd,european_georgia,"საარჩევნო ბლოკი „ბაქრაძე, უგულავა-ევროპული საქართველო”",,24,წალკა,,2,ლარისა,მურადოვი,ლარისა მურადოვი,,,majoritarians_all.pdf
local_2017,__main__,council_smd,european_georgia,"საარჩევნო ბლოკი „ბაქრაძე, უგულავა-ევროპული საქართველო”",,12,წალკა,,2,ბესიკი,კახაძე,ბესიკი კახაძე,,,majoritarians_all.pdf
local_2017,__main__,council_smd,european_georgia,"საარჩევნო ბლოკი „ბაქრაძე, უგულავა-ევროპული საქართველო”",,30,წალკა,,2,ჯამბულ,ჯიმშერაძე,ჯამბულ ჯიმშერაძე,,,majoritarians_all.pdf
local_2017,__main__,council_smd,european_georgia,"საარჩევნო ბლოკი „ბაქრაძე, უგულავა-ევროპული საქართველო”",,9,წალკა,,2,ციური,ბოლქვაძე,ციური ბოლქვაძე,,,majoritarians_all.pdf
local_2017,__main__,council_smd,european_georgia,"საარჩევნო ბლოკი „ბაქრაძე, უგულავა-ევროპული საქართველო”",,19,წალკა,,2,ზეინაბ,მიქელაძე,ზეინაბ მიქელაძე,,,majoritarians_all.pdf
local_2017,__main__,council_smd,european_georgia,"საარჩევნო ბლოკი „ბაქრაძე, უგულავა-ევროპული საქართველო”",,3,წალკა,,2,ნანა,ბოლქვაძე,ნანა ბოლქვაძე,,,majoritarians_all.pdf
local_2017,__main__,council_smd,european_georgia,"საარჩევნო ბლოკი „ბაქრაძე, უგულავა-ევროპული საქართველო”",,26,წალკა,,2,ციური,შამანაძე,ციური შამანაძე,,,majoritarians_all.pdf
local_2017,__main__,council_smd,european_georgia,"საარჩევნო ბლოკი „ბაქრაძე, უგულავა-ევროპული საქართველო”",,17,წალკა,,2,სუნაია,მუსტაფაევა,სუნაია მუსტაფაევა,,,majoritarians_all.pdf
local_2017,__main__,council_smd,european_georgia,"საარჩევნო ბლოკი „ბაქრაძე, უგულავა-ევროპული საქართველო”",,21,წალკა,,2,ევგენია,ნალბანდიან,ევგენია ნალბანდიან,,,majoritarians_all.pdf
local_2017,__main__,council_smd,european_georgia,"საარჩევნო ბლოკი „ბაქრაძე, უგულავა-ევროპული საქართველო”",,5,წალკა,,2,აგვან,სურმალიან,აგვან სურმალიან,,,majoritarians_all.pdf
local_2017,__main__,council_smd,european_georgia,"საარჩევნო ბლოკი „ბაქრაძე, უგულავა-ევროპული საქართველო”",,13,წალკა,,2,როინ,ძირკვაძე,როინ ძირკვაძე,,,majoritarians_all.pdf
local_2017,__main__,council_smd,european_georgia,"საარჩევნო ბლოკი „ბაქრაძე, უგულავა-ევროპული საქართველო”",,4,წალკა,,2,სულიკო,ხოზრევანიძე,სულიკო ხოზრევანიძე,,,majoritarians_all.pdf
local_2017,__main__,council_smd,european_georgia,"საარჩევნო ბლოკი „ბაქრაძე, უგულავა-ევროპული საქართველო”",,15,წალკა,,2,ალექსანდრ,ზადოიან,ალექსანდრ ზადოიან,,,majoritarians_all.pdf
local_2017,__main__,council_smd,european_georgia,"საარჩევნო ბლოკი „ბაქრაძე, უგულავა-ევროპული საქართველო”",,7,წალკა,,2,ჯუმბერ,თურმანიძე,ჯუმბერ თურმანიძე,,,majoritarians_all.pdf
local_2017,__main__,council_smd,european_georgia,"საარჩევნო ბლოკი „ბაქრაძე, უგულავა-ევროპული საქართველო”",,10,წალკა,,2,ბადრი,მგელაძე,ბადრი მგელაძე,,,majoritarians_all.pdf
local_2017,__main__,council_smd,european_georgia,"საარჩევნო ბლოკი „ბაქრაძე, უგულავა-ევროპული საქართველო”",,16,წალკა,,2,გია,დეკანაძე,გია დეკანაძე,,,majoritarians_all.pdf
local_2017,__main__,council_smd,european_georgia,"საარჩევნო ბლოკი „ბაქრაძე, უგულავა-ევროპული საქართველო”",,11,წალკა,,2,ედუარდ,ტოროსიან,ედუარდ ტოროსიან,,,majoritarians_all.pdf
local_2017,__main__,council_smd,european_georgia,"საარჩევნო ბლოკი „ბაქრაძე, უგულავა-ევროპული საქართველო”",,23,წალკა,,2,თამარ,ბიბიჩაძე,თამარ ბიბიჩაძე,,,majoritarians_all.pdf
local_2017,__main__,council_smd,european_georgia,"საარჩევნო ბლოკი „ბაქრაძე, უგულავა-ევროპული საქართველო”",,29,წალკა,,2,ქეთევან,შაინიძე,ქეთევან შაინიძე,,,majoritarians_all.pdf
local_2017,__main__,council_smd,european_georgia,"საარჩევნო ბლოკი „ბაქრაძე, უგულავა-ევროპული საქართველო”",,18,წალკა,,2,რომან,რიჟვაძე,რომან რიჟვაძე,,,majoritarians_all.pdf
local_2017,__main__,council_smd,european_georgia,"საარჩევნო ბლოკი „ბაქრაძე, უგულავა-ევროპული საქართველო”",,6,წალკა,,2,ვალიდა,აშრალოვა,ვალიდა აშრალოვა,,,majoritarians_all.pdf
local_2017,__main__,council_smd,european_georgia,"საარჩევნო ბლოკი „ბაქრაძე, უგულავა-ევროპული საქართველო”",,14,წალკა,,2,ლიანა,მიქელაძე,ლიანა მიქელაძე,,,majoritarians_all.pdf
local_2017,__main__,council_smd,free_georgia,"საარჩევნო ბლოკი „დიმიტრი ლორთქიფანიძე, კახა კუკავა-დემოკრატიული მოძრაობა-თავისუფალი საქართველო”",,3,წალკა,,3,მურად,ადაძე,მურად ადაძე,,,majoritarians_all.pdf
local_2017,__main__,council_smd,free_georgia,"საარჩევნო ბლოკი „დიმიტრი ლორთქიფანიძე, კახა კუკავა-დემოკრატიული მოძრაობა-თავისუფალი საქართველო”",,25,წალკა,,3,ტარიელი,ხუციშვილი,ტარიელი ხუციშვილი,,,majoritarians_all.pdf
local_2017,__main__,council_smd,free_georgia,"საარჩევნო ბლოკი „დიმიტრი ლორთქიფანიძე, კახა კუკავა-დემოკრატიული მოძრაობა-თავისუფალი საქართველო”",,9,წალკა,,3,ვაჟა,გულბანი,ვაჟა გულბანი,,,majoritarians_all.pdf
local_2017,__main__,council_smd,free_georgia,"საარჩევნო ბლოკი „დიმიტრი ლორთქიფანიძე, კახა კუკავა-დემოკრატიული მოძრაობა-თავისუფალი საქართველო”",,27,წალკა,,3,ვართაზარ,კლოიან,ვართაზარ კლოიან,,,majoritarians_all.pdf
local_2017,__main__,council_smd,free_georgia,"საარჩევნო ბლოკი „დიმიტრი ლორთქიფანიძე, კახა კუკავა-დემოკრატიული მოძრაობა-თავისუფალი საქართველო”",,23,წალკა,,3,აკაკი,დანელია,აკაკი დანელია,,,majoritarians_all.pdf
local_2017,__main__,council_smd,unm,საარჩევნო ბლოკი „ერთიანი ნაციონალური მოძრაობა”,,10,წალკა,,5,თამაზ,შავაძე,თამაზ შავაძე,,,majoritarians_all.pdf
local_2017,__main__,council_smd,unm,საარჩევნო ბლოკი „ერთიანი ნაციონალური მოძრაობა”,,5,წალკა,,5,ცისანა,ბეჟუაშვილი,ცისანა ბეჟუაშვილი,,,majoritarians_all.pdf
local_2017,__main__,council_smd,unm,საარჩევნო ბლოკი „ერთიანი ნაციონალური მოძრაობა”,,15,წალკა,,5,სალომე,ზარქუა,სალომე ზარქუა,,,majoritarians_all.pdf
local_2017,__main__,council_smd,unm,საარჩევნო ბლოკი „ერთიანი ნაციონალური მოძრაობა”,,11,წალკა,,5,რაზმიკ,ვარტანიან,რაზმიკ ვარტანიან,,,majoritarians_all.pdf
local_2017,__main__,council_smd,unm,საარჩევნო ბლოკი „ერთიანი ნაციონალური მოძრაობა”,,7,წალკა,,5,ნუგზარ,პაქსაძე,ნუგზარ პაქსაძე,,,majoritarians_all.pdf
local_2017,__main__,council_smd,unm,საარჩევნო ბლოკი „ერთიანი ნაციონალური მოძრაობა”,,19,წალკა,,5,ვრეჟ,ადამიან,ვრეჟ ადამიან,,,majoritarians_all.pdf
local_2017,__main__,council_smd,unm,საარჩევნო ბლოკი „ერთიანი ნაციონალური მოძრაობა”,,23,წალკა,,5,იაშა,ჩხიკვაძე,იაშა ჩხიკვაძე,,,majoritarians_all.pdf
local_2017,__main__,council_smd,unm,საარჩევნო ბლოკი „ერთიანი ნაციონალური მოძრაობა”,,29,წალკა,,5,ვალოდია,შაინიძე,ვალოდია შაინიძე,,,majoritarians_all.pdf
local_2017,__main__,council_smd,unm,საარჩევნო ბლოკი „ერთიანი ნაციონალური მოძრაობა”,,30,წალკა,,5,ჯურხა,ჭელიძე,ჯურხა ჭელიძე,,,majoritarians_all.pdf
local_2017,__main__,council_smd,unm,საარჩევნო ბლოკი „ერთიანი ნაციონალური მოძრაობა”,,21,წალკა,,5,არტურ,მკრტიჩიანი,არტურ მკრტიჩიანი,,,majoritarians_all.pdf
local_2017,__main__,council_smd,unm,საარჩევნო ბლოკი „ერთიანი ნაციონალური მოძრაობა”,,4,წალკა,,5,გიორგი,იაკობაძე,გიორგი იაკობაძე,,,majoritarians_all.pdf
local_2017,__main__,council_smd,unm,საარჩევნო ბლოკი „ერთიანი ნაციონალური მოძრაობა”,,9,წალკა,,5,მინდია,მიქელაძე,მინდია მიქელაძე,,,majoritarians_all.pdf
local_2017,__main__,council_smd,unm,საარჩევნო ბლოკი „ერთიანი ნაციონალური მოძრაობა”,,8,წალკა,,5,მარიამ,ხაჩატურიანი,მარიამ ხაჩატურიანი,,,majoritarians_all.pdf
local_2017,__main__,council_smd,unm,საარჩევნო ბლოკი „ერთიანი ნაციონალური მოძრაობა”,,26,წალკა,,5,გელა,ცეცხლაძე,გელა ცეცხლაძე,,,majoritarians_all.pdf
local_2017,__main__,council_smd,unm,საარჩევნო ბლოკი „ერთიანი ნაციონალური მოძრაობა”,,17,წალკა,,5,ნათიგ,მუსტაფაევი,ნათიგ მუსტაფაევი,,,majoritarians_all.pdf
local_2017,__main__,council_smd,unm,საარჩევნო ბლოკი „ერთიანი ნაციონალური მოძრაობა”,,20,წალკა,,5,ასტხიკ,ხზანიან,ასტხიკ ხზანიან,,,majoritarians_all.pdf
local_2017,__main__,council_smd,unm,საარჩევნო ბლოკი „ერთიანი ნაციონალური მოძრაობა”,,18,წალკა,,5,სანდრო,შავაძე,სანდრო შავაძე,,,majoritarians_all.pdf
local_2017,__main__,council_smd,unm,საარჩევნო ბლოკი „ერთიანი ნაციონალური მოძრაობა”,,12,წალკა,,5,ელიკო,ზარქუა,ელიკო ზარქუა,,,majoritarians_all.pdf
local_2017,__main__,council_smd,unm,საარჩევნო ბლოკი „ერთიანი ნაციონალური მოძრაობა”,,22,წალკა,,5,ნატო,მამარდაშვილი,ნატო მამარდაშვილი,,,majoritarians_all.pdf
local_2017,__main__,council_smd,unm,საარჩევნო ბლოკი „ერთიანი ნაციონალური მოძრაობა”,,14,წალკა,,5,სურენ,სარკისიან,სურენ სარკისიან,,,majoritarians_all.pdf
local_2017,__main__,council_smd,unm,საარჩევნო ბლოკი „ერთიანი ნაციონალური მოძრაობა”,,25,წალკა,,5,მერაბ,იაკობაძე,მერაბ იაკობაძე,,,majoritarians_all.pdf
local_2017,__main__,council_smd,unm,საარჩევნო ბლოკი „ერთიანი ნაციონალური მოძრაობა”,,3,წალკა,,5,მალხაზ,მგელაძე,მალხაზ მგელაძე,,,majoritarians_all.pdf
local_2017,__main__,council_smd,unm,საარჩევნო ბლოკი „ერთიანი ნაციონალური მოძრაობა”,,2,წალკა,,5,ნინო,დევდერიანი,ნინო დევდერიანი,,,majoritarians_all.pdf
local_2017,__main__,council_smd,unm,საარჩევნო ბლოკი „ერთიანი ნაციონალური მოძრაობა”,,27,წალკა,,5,ანაიდ,იაილიან,ანაიდ იაილიან,,,majoritarians_all.pdf
local_2017,__main__,council_smd,unm,საარჩევნო ბლოკი „ერთიანი ნაციონალური მოძრაობა”,,6,წალკა,,5,იასინ,ალაგეზოვი,იასინ ალაგეზოვი,,,majoritarians_all.pdf
local_2017,__main__,council_smd,unm,საარჩევნო ბლოკი „ერთიანი ნაციონალური მოძრაობა”,,28,წალკა,,5,ტრტად,პეტროსიან,ტრტად პეტროსიან,,,majoritarians_all.pdf
local_2017,__main__,council_smd,unm,საარჩევნო ბლოკი „ერთიანი ნაციონალური მოძრაობა”,,13,წალკა,,5,ამირან,ძირკვაძე,ამირან ძირკვაძე,,,majoritarians_all.pdf
local_2017,__main__,council_smd,unm,საარჩევნო ბლოკი „ერთიანი ნაციონალური მოძრაობა”,,24,წალკა,,5,ოთარი,ანესიან,ოთარი ანესიან,,,majoritarians_all.pdf
local_2017,__main__,council_smd,unm,საარჩევნო ბლოკი „ერთიანი ნაციონალური მოძრაობა”,,16,წალკა,,5,გურამ,მგელაძე,გურამ მგელაძე,,,majoritarians_all.pdf
local_2017,__main__,council_smd,republicans_2016,„რესპუბლიკური პარტია”,,13,წალკა,,6,ხვიჩა,მუშარბაძე,ხვიჩა მუშარბაძე,,,majoritarians_all.pdf
local_2017,__main__,council_smd,patriots,"„დავით თარხან-მოურავი, ირმა ინაშვილი - საქართველოს პატრიოტთა",,28,წალკა,,8,ალიანსი”არმინაკ,აროიან,ალიანსი”არმინაკ აროიან,,,majoritarians_all.pdf
local_2017,__main__,council_smd,patriots,"„დავით თარხან-მოურავი, ირმა ინაშვილი - საქართველოს პატრიოტთა",,10,წალკა,,8,ალიანსი”ბორის,კარიბოვი,ალიანსი”ბორის კარიბოვი,,,majoritarians_all.pdf
local_2017,__main__,council_smd,patriots,"„დავით თარხან-მოურავი, ირმა ინაშვილი - საქართველოს პატრიოტთა",,26,წალკა,,8,ალიანსი”გურამ,ართმელაძე,ალიანსი”გურამ ართმელაძე,,,majoritarians_all.pdf
local_2017,__main__,council_smd,patriots,"„დავით თარხან-მოურავი, ირმა ინაშვილი - საქართველოს პატრიოტთა",,23,წალკა,,8,ალიანსი”ანჟელა,ხურციძე,ალიანსი”ანჟელა ხურციძე,,,majoritarians_all.pdf
local_2017,__main__,council_smd,patriots,"„დავით თარხან-მოურავი, ირმა ინაშვილი - საქართველოს პატრიოტთა",,29,წალკა,,8,ალიანსი”ვლადიმერი,კირიაკოვი,ალიანსი”ვლადიმერი კირიაკოვი,,,majoritarians_all.pdf
local_2017,__main__,council_smd,patriots,"„დავით თარხან-მოურავი, ირმა ინაშვილი - საქართველოს პატრიოტთა",,16,წალკა,,8,ალიანსი”ეთერი,ყიფიანი,ალიანსი”ეთერი ყიფიანი,,,majoritarians_all.pdf
local_2017,__main__,council_smd,patriots,"„დავით თარხან-მოურავი, ირმა ინაშვილი - საქართველოს პატრიოტთა",,18,წალკა,,8,ალიანსი”მერაბ,ირემაძე,ალიანსი”მერაბ ირემაძე,,,majoritarians_all.pdf
local_2017,__main__,council_smd,patriots,"„დავით თარხან-მოურავი, ირმა ინაშვილი - საქართველოს პატრიოტთა",,15,წალკა,,8,ალიანსი”რეზო,ნარინოვი,ალიანსი”რეზო ნარინოვი,,,majoritarians_all.pdf
local_2017,__main__,council_smd,patriots,"„დავით თარხან-მოურავი, ირმა ინაშვილი - საქართველოს პატრიოტთა",,30,წალკა,,8,ალიანსი”ლაშა,მიქელაძე,ალიანსი”ლაშა მიქელაძე,,,majoritarians_all.pdf
local_2017,__main__,council_smd,patriots,"„დავით თარხან-მოურავი, ირმა ინაშვილი - საქართველოს პატრიოტთა",,19,წალკა,,8,ალიანსი”ანდრანიკ,ნერსესიან,ალიანსი”ანდრანიკ ნერსესიან,,,majoritarians_all.pdf
local_2017,__main__,council_smd,patriots,"„დავით თარხან-მოურავი, ირმა ინაშვილი - საქართველოს პატრიოტთა",,13,წალკა,,8,ალიანსი”ჯუმბერ,ანთაძე,ალიანსი”ჯუმბერ ანთაძე,,,majoritarians_all.pdf
local_2017,__main__,council_smd,patriots,"„დავით თარხან-მოურავი, ირმა ინაშვილი - საქართველოს პატრიოტთა",,7,წალკა,,8,ალიანსი”ზურაბ,ხოზრევანიძე,ალიანსი”ზურაბ ხოზრევანიძე,,,majoritarians_all.pdf
local_2017,__main__,council_smd,patriots,"„დავით თარხან-მოურავი, ირმა ინაშვილი - საქართველოს პატრიოტთა",,22,წალკა,,8,ალიანსი”აგაბეკ,აივაზიან,ალიანსი”აგაბეკ აივაზიან,,,majoritarians_all.pdf
local_2017,__main__,council_smd,patriots,"„დავით თარხან-მოურავი, ირმა ინაშვილი - საქართველოს პატრიოტთა",,12,წალკა,,8,ალიანსი”ავთანდილ,მიქელაძე,ალიანსი”ავთანდილ მიქელაძე,,,majoritarians_all.pdf
local_2017,__main__,council_smd,patriots,"„დავით თარხან-მოურავი, ირმა ინაშვილი - საქართველოს პატრიოტთა",,9,წალკა,,8,ალიანსი”ოთარი,მარგველიანი,ალიანსი”ოთარი მარგველიანი,,,majoritarians_all.pdf
local_2017,__main__,council_smd,patriots,"„დავით თარხან-მოურავი, ირმა ინაშვილი - საქართველოს პატრიოტთა",,4,წალკა,,8,ალიანსი”იოსები,ბალაბანიშვილი,ალიანსი”იოსები ბალაბანიშვილი,,,majoritarians_all.pdf
local_2017,__main__,council_smd,patriots,"„დავით თარხან-მოურავი, ირმა ინაშვილი - საქართველოს პატრიოტთა",,21,წალკა,,8,ალიანსი”ასატურ,ვარტერესიან,ალიანსი”ასატურ ვარტერესიან,,,majoritarians_all.pdf
local_2017,__main__,council_smd,vashadze_2017,საარჩევნო ბლოკი „გიორგი ვაშაძე - ერთობა ახალი საქართველო”,,5,წალკა,,27,ვაან,არუტიუნიან,ვაან არუტიუნიან,,,majoritarians_all.pdf
local_2017,__main__,council_smd,vashadze_2017,საარჩევნო ბლოკი „გიორგი ვაშაძე - ერთობა ახალი საქართველო”,,7,წალკა,,27,ზურაბ,იაკობაძე,ზურაბ იაკობაძე,,,majoritarians_all.pdf
local_2017,__main__,council_smd,gd,„ქართული ოცნება-დემოკრატიული საქართველო”,,1,წალკა,,41,ნუგზარი,ჩამურლიევი,ნუგზარი ჩამურლიევი,,,majoritarians_all.pdf
local_2017,__main__,council_smd,gd,„ქართული ოცნება-დემოკრატიული საქართველო”,,2,წალკა,,41,ავთანდილ,ვანაძე,ავთანდილ ვანაძე,,,majoritarians_all.pdf
local_2017,__main__,council_smd,gd,„ქართული ოცნება-დემოკრატიული საქართველო”,,3,წალკა,,41,ნოდარი,მიქელაძე,ნოდარი მიქელაძე,,,majoritarians_all.pdf
local_2017,__main__,council_smd,gd,„ქართული ოცნება-დემოკრატიული,,4,წალკა,,41,საქართველო”,იდაბალაბანოვა,საქართველო” იდაბალაბანოვა,,,majoritarians_all.pdf
local_2017,__main__,council_smd,gd,„ქართული ოცნება-დემოკრატიული საქართველო”,,5,წალკა,,41,ლევონ,მარკოსიან,ლევონ მარკოსიან,,,majoritarians_all.pdf
local_2017,__main__,council_smd,gd,„ქართული ოცნება-დემოკრატიული საქართველო”,,6,წალკა,,41,ვუსალ,უზუნალოვ,ვუსალ უზუნალოვ,,,majoritarians_all.pdf
local_2017,__main__,council_smd,gd,„ქართული ოცნება-დემოკრატიული საქართველო”,,7,წალკა,,41,რამაზი,ქათამაძე,რამაზი ქათამაძე,,,majoritarians_all.pdf
local_2017,__main__,council_smd,gd,„ქართული ოცნება-დემოკრატიული საქართველო”,,8,წალკა,,41,გოჩა,ხაჩატურიან,გოჩა ხაჩატურიან,,,majoritarians_all.pdf
local_2017,__main__,council_smd,gd,„ქართული ოცნება-დემოკრატიული საქართველო”,,9,წალკა,,41,ჯემალ,ნაკაიძე,ჯემალ ნაკაიძე,,,majoritarians_all.pdf
local_2017,__main__,council_smd,gd,„ქართული ოცნება-დემოკრატიული საქართველო”,,10,წალკა,,41,ალექსეი,მუხსიევი,ალექსეი მუხსიევი,,,majoritarians_all.pdf
local_2017,__main__,council_smd,gd,„ქართული ოცნება-დემოკრატიული საქართველო”,,11,წალკა,,41,არტურ,სარკისიან,არტურ სარკისიან,,,majoritarians_all.pdf
local_2017,__main__,council_smd,gd,„ქართული ოცნება-დემოკრატიული საქართველო”,,12,წალკა,,41,ჯემალ,ძირკვაძე,ჯემალ ძირკვაძე,,,majoritarians_all.pdf
local_2017,__main__,council_smd,gd,„ქართული ოცნება-დემოკრატიული საქართველო”,,13,წალკა,,41,ლერი,კოჩალიძე,ლერი კოჩალიძე,,,majoritarians_all.pdf
local_2017,__main__,council_smd,gd,„ქართული ოცნება-დემოკრატიული საქართველო”,,14,წალკა,,41,ლაერტ,ტოროსიან,ლაერტ ტოროსიან,,,majoritarians_all.pdf
local_2017,__main__,council_smd,gd,„ქართული ოცნება-დემოკრატიული საქართველო”,,15,წალკა,,41,არმენ,მკრტიჩიანი,არმენ მკრტიჩიანი,,,majoritarians_all.pdf
local_2017,__main__,council_smd,gd,„ქართული ოცნება-დემოკრატიული საქართველო”,,16,წალკა,,41,ზვიად,გელაძე,ზვიად გელაძე,,,majoritarians_all.pdf
local_2017,__main__,council_smd,gd,„ქართული ოცნება-დემოკრატიული საქართველო”,,17,წალკა,,41,იასინ,გურბანოვი,იასინ გურბანოვი,,,majoritarians_all.pdf
local_2017,__main__,council_smd,gd,„ქართული ოცნება-დემოკრატიული საქართველო”,,18,წალკა,,41,ემზარი,სურმანიძე,ემზარი სურმანიძე,,,majoritarians_all.pdf
local_2017,__main__,council_smd,gd,„ქართული ოცნება-დემოკრატიული საქართველო”,,19,წალკა,,41,ხაჩატურ,მაზმანიან,ხაჩატურ მაზმანიან,,,majoritarians_all.pdf
local_2017,__main__,council_smd,gd,„ქართული ოცნება-დემოკრატიული საქართველო”,,20,წალკა,,41,სერგეი,გულიკიან,სერგეი გულიკიან,,,majoritarians_all.pdf
local_2017,__main__,council_smd,gd,„ქართული ოცნება-დემოკრატიული საქართველო”,,21,წალკა,,41,არუტიუნ,ავეტიან,არუტიუნ ავეტიან,,,majoritarians_all.pdf
local_2017,__main__,council_smd,gd,„ქართული ოცნება-დემოკრატიული საქართველო”,,22,წალკა,,41,ანტარამ,მელტონიან,ანტარამ მელტონიან,,,majoritarians_all.pdf
local_2017,__main__,council_smd,gd,„ქართული ოცნება-დემოკრატიული საქართველო”,,23,წალკა,,41,დავით,კვარაცხელია,დავით კვარაცხელია,,,majoritarians_all.pdf
local_2017,__main__,council_smd,gd,„ქართული ოცნება-დემოკრატიული საქართველო”,,24,წალკა,,41,რუბენ,ანესიან,რუბენ ანესიან,,,majoritarians_all.pdf
local_2017,__main__,council_smd,gd,„ქართული ოცნება-დემოკრატიული საქართველო”,,25,წალკა,,41,მურთაზ,საბაძე,მურთაზ საბაძე,,,majoritarians_all.pdf
local_2017,__main__,council_smd,gd,„ქართული ოცნება-დემოკრატიული საქართველო”,,26,წალკა,,41,ბეჟან,გორგაძე,ბეჟან გორგაძე,,,majoritarians_all.pdf
local_2017,__main__,council_smd,gd,„ქართული ოცნება-დემოკრატიული საქართველო”,,27,წალკა,,41,სარკის,ოგანესიან,სარკის ოგანესიან,,,majoritarians_all.pdf
local_2017,__main__,council_smd,gd,„ქართული ოცნება-დემოკრატიული საქართველო”,,28,წალკა,,41,ავეტის,შახბაზიან,ავეტის შახბაზიან,,,majoritarians_all.pdf
local_2017,__main__,council_smd,gd,„ქართული ოცნება-დემოკრატიული საქართველო”,,29,წალკა,,41,ანტეი,ტერსენოვი,ანტეი ტერსენოვი,,,majoritarians_all.pdf
local_2017,__main__,council_smd,gd,„ქართული ოცნება-დემოკრატიული საქართველო”,,30,წალკა,,41,უშანგი,ბოლქვაძე,უშანგი ბოლქვაძე,,,majoritarians_all.pdf
local_2017,__main__,council_smd,initiative_group,"საინიციატივო ჯგუფი - 1. ზვიადი ღვინიაშვილი, პაატა საბაძე, რატი საბაძე, ნინო ოსიძე, მერაბი საბაძე",,25,წალკა,,42,ჯონი,საბაძე,ჯონი საბაძე,,,majoritarians_all.pdf
local_2017,__main__,council_smd,initiative_group,"საინიციატივო ჯგუფი - 2. ტიგრან პეპანიან, ხაჩატურ ზადოიან, არტურ გალუსტიან, აგაბეკ აგაჯანოვი, გაგიკ გალუსტიან",,15,წალკა,,42,ედუარდ,სტეპანიან,ედუარდ სტეპანიან,,,majoritarians_all.pdf
local_2017,__main__,council_smd,initiative_group,"საინიციატივო ჯგუფი - 3. თამაზ სირაძე, შორენა ქათამაძე, დათო ქათამაძე, ნათია ვაშაყმაძე, თეონა ვაშაყმაძე",,3,წალკა,,42,იოსები,ქათამაძე,იოსები ქათამაძე,,,majoritarians_all.pdf
local_2017,__main__,council_smd,initiative_group,"საინიციატივო ჯგუფი - 4. ელგუჯა გიგლემიანი, ერეკლე ფირცხელიანი, ნინო გიგლემიანი, მამუკა მარკოიძე, დარეჯან იარლოვა",,13,წალკა,,42,ლევან,გიგლემიანი,ლევან გიგლემიანი,,,majoritarians_all.pdf
local_2017,__main__,council_smd,initiative_group,"საინიციატივო ჯგუფი - 6. მზიური ბოლქვაძე, რამინ ჯოყილაძე, ზებურ აბუსელიძე, გენადი თავართქილაძე, პაატა ჯორბენაძე",,23,წალკა,,42,დიანა,ზოიძე,დიანა ზოიძე,,,majoritarians_all.pdf
local_2017,__main__,council_smd,initiative_group,"საინიციატივო ჯგუფი - 5. ასლან ბოლქვაძე, ლევან ხარაბაძე, ბადრი მუშარბაძე, ზაზა ბოლქვაძე, ედნარ ირემაძე",,9,წალკა,,42,თემურ,ბოლქვაძე,თემურ ბოლქვაძე,,,majoritarians_all.pdf
local_2017,__main__,council_smd,free_georgia,"საარჩევნო ბლოკი „დიმიტრი ლორთქიფანიძე, კახა კუკავა-დემოკრატიული მოძრაობა-თავისუფალი საქართველო”",,11,თეთრიწყარო,,3,მადონა,ყიფიანი,მადონა ყიფიანი,,,majoritarians_all.pdf
local_2017,__main__,council_smd,free_georgia,"საარჩევნო ბლოკი „დიმიტრი ლორთქიფანიძე, კახა კუკავა-დემოკრატიული მოძრაობა-თავისუფალი საქართველო”",,13,თეთრიწყარო,,3,ირინე,ივანისელი,ირინე ივანისელი,,,majoritarians_all.pdf
local_2017,__main__,council_smd,free_georgia,"საარჩევნო ბლოკი „დიმიტრი ლორთქიფანიძე, კახა კუკავა-დემოკრატიული მოძრაობა-თავისუფალი საქართველო”",,19,თეთრიწყარო,,3,ნატო,ლიპარტელიანი,ნატო ლიპარტელიანი,,,majoritarians_all.pdf
local_2017,__main__,council_smd,free_georgia,"საარჩევნო ბლოკი „დიმიტრი ლორთქიფანიძე, კახა კუკავა-დემოკრატიული მოძრაობა-თავისუფალი საქართველო”",,20,თეთრიწყარო,,3,ლაშა,ჯაშიაშვილი,ლაშა ჯაშიაშვილი,,,majoritarians_all.pdf
local_2017,__main__,council_smd,free_georgia,"საარჩევნო ბლოკი „დიმიტრი ლორთქიფანიძე, კახა კუკავა-დემოკრატიული მოძრაობა-თავისუფალი საქართველო”",,3,თეთრიწყარო,,3,თეიმურაზ,წიკლაური,თეიმურაზ წიკლაური,,,majoritarians_all.pdf
local_2017,__main__,council_smd,unm,საარჩევნო ბლოკი „ერთიანი ნაციონალური მოძრაობა”,,13,თეთრიწყარო,,5,ჯუმბერ,მაღალაშვილი,ჯუმბერ მაღალაშვილი,,,majoritarians_all.pdf
local_2017,__main__,council_smd,unm,საარჩევნო ბლოკი „ერთიანი ნაციონალური მოძრაობა”,,3,თეთრიწყარო,,5,ჯულიეტა,დარჯანია,ჯულიეტა დარჯანია,,,majoritarians_all.pdf
local_2017,__main__,council_smd,unm,საარჩევნო ბლოკი „ერთიანი ნაციონალური მოძრაობა”,,17,თეთრიწყარო,,5,სერგო,ლობჟანიძე,სერგო ლობჟანიძე,,,majoritarians_all.pdf
local_2017,__main__,council_smd,unm,საარჩევნო ბლოკი „ერთიანი ნაციონალური მოძრაობა”,,7,თეთრიწყარო,,5,ამირან,მეშველიანი,ამირან მეშველიანი,,,majoritarians_all.pdf
local_2017,__main__,council_smd,unm,საარჩევნო ბლოკი „ერთიანი ნაციონალური მოძრაობა”,,2,თეთრიწყარო,,5,კახა,სამადაშვილი,კახა სამადაშვილი,,,majoritarians_all.pdf
local_2017,__main__,council_smd,unm,საარჩევნო ბლოკი „ერთიანი ნაციონალური მოძრაობა”,,5,თეთრიწყარო,,5,ელგუჯა,ქავთარაძე,ელგუჯა ქავთარაძე,,,majoritarians_all.pdf
local_2017,__main__,council_smd,unm,საარჩევნო ბლოკი „ერთიანი ნაციონალური მოძრაობა”,,1,თეთრიწყარო,,5,ნონა,აბულაძე,ნონა აბულაძე,,,majoritarians_all.pdf
local_2017,__main__,council_smd,unm,საარჩევნო ბლოკი „ერთიანი ნაციონალური მოძრაობა”,,4,თეთრიწყარო,,5,ლალი,გელოვანი,ლალი გელოვანი,,,majoritarians_all.pdf
local_2017,__main__,council_smd,unm,საარჩევნო ბლოკი „ერთიანი ნაციონალური მოძრაობა”,,20,თეთრიწყარო,,5,რამაზი,ჭელიძე,რამაზი ჭელიძე,,,majoritarians_all.pdf
local_2017,__main__,council_smd,unm,საარჩევნო ბლოკი „ერთიანი ნაციონალური მოძრაობა”,,10,თეთრიწყარო,,5,ვასილ,ჯაბახიძე,ვასილ ჯაბახიძე,,,majoritarians_all.pdf
local_2017,__main__,council_smd,unm,საარჩევნო ბლოკი „ერთიანი ნაციონალური მოძრაობა”,,16,თეთრიწყარო,,5,გოჩა,წიკლაური,გოჩა წიკლაური,,,majoritarians_all.pdf
local_2017,__main__,council_smd,patriots,"„დავით თარხან-მოურავი, ირმა ინაშვილი - საქართველოს პატრიოტთა",,13,თეთრიწყარო,,8,ალიანსი”თამარ,მაღალდაძე,ალიანსი”თამარ მაღალდაძე,,,majoritarians_all.pdf
local_2017,__main__,council_smd,patriots,"„დავით თარხან-მოურავი, ირმა ინაშვილი - საქართველოს პატრიოტთა",,10,თეთრიწყარო,,8,ალიანსი”მაია,დარბაიძე,ალიანსი”მაია დარბაიძე,,,majoritarians_all.pdf
local_2017,__main__,council_smd,patriots,"„დავით თარხან-მოურავი, ირმა ინაშვილი - საქართველოს პატრიოტთა",,17,თეთრიწყარო,,8,ალიანსი”ვაჟა,ებრალიძე,ალიანსი”ვაჟა ებრალიძე,,,majoritarians_all.pdf
local_2017,__main__,council_smd,patriots,"„დავით თარხან-მოურავი, ირმა ინაშვილი - საქართველოს პატრიოტთა",,8,თეთრიწყარო,,8,ალიანსი”გარნიკ,სიმონიანი,ალიანსი”გარნიკ სიმონიანი,,,majoritarians_all.pdf
local_2017,__main__,council_smd,patriots,"„დავით თარხან-მოურავი, ირმა ინაშვილი - საქართველოს პატრიოტთა",,12,თეთრიწყარო,,8,ალიანსი”გოჩა,გოგიჩაიშვილი,ალიანსი”გოჩა გოგიჩაიშვილი,,,majoritarians_all.pdf
local_2017,__main__,council_smd,patriots,"„დავით თარხან-მოურავი, ირმა ინაშვილი - საქართველოს პატრიოტთა",,11,თეთრიწყარო,,8,ალიანსი”ელენე,გოგებაშვილი,ალიანსი”ელენე გოგებაშვილი,,,majoritarians_all.pdf
local_2017,__main__,council_smd,patriots,"„დავით თარხან-მოურავი, ირმა ინაშვილი - საქართველოს პატრიოტთა",,16,თეთრიწყარო,,8,ალიანსი”უშანგი,გაბიდაური,ალიანსი”უშანგი გაბიდაური,,,majoritarians_all.pdf
local_2017,__main__,council_smd,patriots,"„დავით თარხან-მოურავი, ირმა ინაშვილი - საქართველოს პატრიოტთა",,3,თეთრიწყარო,,8,ალიანსი”ზაზა,მიქიაშვილი,ალიანსი”ზაზა მიქიაშვილი,,,majoritarians_all.pdf
local_2017,__main__,council_smd,patriots,"„დავით თარხან-მოურავი, ირმა ინაშვილი - საქართველოს პატრიოტთა",,2,თეთრიწყარო,,8,ალიანსი”თამაზი,აფციაური,ალიანსი”თამაზი აფციაური,,,majoritarians_all.pdf
local_2017,__main__,council_smd,patriots,"„დავით თარხან-მოურავი, ირმა ინაშვილი - საქართველოს პატრიოტთა",,1,თეთრიწყარო,,8,ალიანსი”დალი,ზავრადაშვილი,ალიანსი”დალი ზავრადაშვილი,,,majoritarians_all.pdf
local_2017,__main__,council_smd,labour,„შალვა ნათელაშვილი - საქართველოს ლეიბორისტული პარტია”,,13,თეთრიწყარო,,10,შალვა,აფციაური,შალვა აფციაური,,,majoritarians_all.pdf
local_2017,__main__,council_smd,labour,„შალვა ნათელაშვილი - საქართველოს ლეიბორისტული პარტია”,,1,თეთრიწყარო,,10,ნონა,ნინიაშვილი,ნონა ნინიაშვილი,,,majoritarians_all.pdf
local_2017,__main__,council_smd,labour,„შალვა ნათელაშვილი - საქართველოს ლეიბორისტული პარტია”,,5,თეთრიწყარო,,10,მზევინარი,წიკლაური,მზევინარი წიკლაური,,,majoritarians_all.pdf
local_2017,__main__,council_smd,progressive_democratic_2017,„ პროგრესულ-დემოკრატიული მოძრაობა”,,1,თეთრიწყარო,,39,ლიანა,დემეტრაშვილი,ლიანა დემეტრაშვილი,,,majoritarians_all.pdf
local_2017,__main__,council_smd,progressive_democratic_2017,„ პროგრესულ-დემოკრატიული მოძრაობა”,,17,თეთრიწყარო,,39,ქეთევანი,უგრეხელიძე,ქეთევანი უგრეხელიძე,,,majoritarians_all.pdf
local_2017,__main__,council_smd,gd,„ქართული ოცნება-დემოკრატიული საქართველო”,,9,თეთრიწყარო,,41,სვეტლანა,ჯირაშვილი,სვეტლანა ჯირაშვილი,,,majoritarians_all.pdf
local_2017,__main__,council_smd,gd,„ქართული ოცნება-დემოკრატიული საქართველო”,,11,თეთრიწყარო,,41,რამაზ,გულბანი,რამაზ გულბანი,,,majoritarians_all.pdf
local_2017,__main__,council_smd,gd,„ქართული ოცნება-დემოკრატიული საქართველო”,,10,თეთრიწყარო,,41,ნუკრი,ტატუაშვილი,ნუკრი ტატუაშვილი,,,majoritarians_all.pdf
local_2017,__main__,council_smd,gd,„ქართული ოცნება-დემოკრატიული საქართველო”,,6,თეთრიწყარო,,41,რამაზი,ჩომახაშვილი,რამაზი ჩომახაშვილი,,,majoritarians_all.pdf
local_2017,__main__,council_smd,gd,„ქართული ოცნება-დემოკრატიული საქართველო”,,8,თეთრიწყარო,,41,ანდრანიკ,საგრადიანი,ანდრანიკ საგრადიანი,,,majoritarians_all.pdf
local_2017,__main__,council_smd,gd,„ქართული ოცნება-დემოკრატიული საქართველო”,,2,თეთრიწყარო,,41,ტარიელ,მელიქიძე,ტარიელ მელიქიძე,,,majoritarians_all.pdf
local_2017,__main__,council_smd,gd,„ქართული ოცნება-დემოკრატიული საქართველო”,,3,თეთრიწყარო,,41,ომარ,გიორგობიანი,ომარ გიორგობიანი,,,majoritarians_all.pdf
local_2017,__main__,council_smd,gd,„ქართული ოცნება-დემოკრატიული საქართველო”,,1,თეთრიწყარო,,41,ზურაბ,დალაქიშვილი,ზურაბ დალაქიშვილი,,,majoritarians_all.pdf
local_2017,__main__,council_smd,gd,„ქართული ოცნება-დემოკრატიული საქართველო”,,7,თეთრიწყარო,,41,როლანდი,ლიპარტელიანი,როლანდი ლიპარტელიანი,,,majoritarians_all.pdf
local_2017,__main__,council_smd,gd,„ქართული ოცნება-დემოკრატიული საქართველო”,,13,თეთრიწყარო,,41,მერაბი,ღაღეთაშვილი,მერაბი ღაღეთაშვილი,,,majoritarians_all.pdf
local_2017,__main__,council_smd,gd,„ქართული ოცნება-დემოკრატიული საქართველო”,,14,თეთრიწყარო,,41,გიორგი,ფიჩხულაშვილი,გიორგი ფიჩხულაშვილი,,,majoritarians_all.pdf
local_2017,__main__,council_smd,gd,„ქართული ოცნება-დემოკრატიული საქართველო”,,15,თეთრიწყარო,,41,ზაქარია,ცხვედაძე,ზაქარია ცხვედაძე,,,majoritarians_all.pdf
local_2017,__main__,council_smd,gd,„ქართული ოცნება-დემოკრატიული საქართველო”,,16,თეთრიწყარო,,41,მიხეილ,აფციაური,მიხეილ აფციაური,,,majoritarians_all.pdf
local_2017,__main__,council_smd,gd,„ქართული ოცნება-დემოკრატიული საქართველო”,,17,თეთრიწყარო,,41,გიორგი,დავითაშვილი,გიორგი დავითაშვილი,,,majoritarians_all.pdf
local_2017,__main__,council_smd,gd,„ქართული ოცნება-დემოკრატიული საქართველო”,,18,თეთრიწყარო,,41,ანზორ,ღორჯომელაძე,ანზორ ღორჯომელაძე,,,majoritarians_all.pdf
local_2017,__main__,council_smd,gd,„ქართული ოცნება-დემოკრატიული საქართველო”,,19,თეთრიწყარო,,41,დათო,ხვისტანი,დათო ხვისტანი,,,majoritarians_all.pdf
local_2017,__main__,council_smd,gd,„ქართული ოცნება-დემოკრატიული საქართველო”,,20,თეთრიწყარო,,41,ოთარი,ლონდარიძე,ოთარი ლონდარიძე,,,majoritarians_all.pdf
local_2017,__main__,council_smd,gd,„ქართული ოცნება-დემოკრატიული საქართველო”,,12,თეთრიწყარო,,41,პაატა,ჭალიძე,პაატა ჭალიძე,,,majoritarians_all.pdf
local_2017,__main__,council_smd,gd,„ქართული ოცნება-დემოკრატიული საქართველო”,,4,თეთრიწყარო,,41,კახა,კვირიკაძე,კახა კვირიკაძე,,,majoritarians_all.pdf
local_2017,__main__,council_smd,gd,„ქართული ოცნება-დემოკრატიული საქართველო”,,5,თეთრიწყარო,,41,სიმონი,წიკლაური,სიმონი წიკლაური,,,majoritarians_all.pdf
local_2017,__main__,council_smd,initiative_group,"საინიციატივო ჯგუფი - დალილა ძირკვაძე, კაბატოვა მელანია, ჩარკვიანი ფატიმა, ონიანი თორნიკე, ბოლქვაძე მინდია",,11,თეთრიწყარო,,43,ალექსანდრე,გულბანი,ალექსანდრე გულბანი,,,majoritarians_all.pdf
local_2017,__main__,council_smd,initiative_group,"საინიციატივო ჯგუფი - შალვა გიგაური, მალხაზ მანთაშაშვილი, დავით ზურაბიშვილი, დავით მენთეშაშვილი, ჯემალი ზაუტაშვილი",,6,თეთრიწყარო,,43,სულიკო,გიგაური,სულიკო გიგაური,,,majoritarians_all.pdf
local_2017,__main__,council_smd,initiative_group,"საინიციატივო ჯგუფი - ვაჟა შარაბიძე, გიორგი პაპუაშვილი, ლევან მაცაბერიძე, მერაბი დონაძე, ლევან დვალი",,3,თეთრიწყარო,,43,გიორგი,ჭელიძე,გიორგი ჭელიძე,,,majoritarians_all.pdf
local_2017,__main__,council_smd,european_georgia,"საარჩევნო ბლოკი „ბაქრაძე, უგულავა-ევროპული საქართველო”",,13,მცხეთა,,2,ალექსანდრე,ლებსკი,ალექსანდრე ლებსკი,,,majoritarians_all.pdf
local_2017,__main__,council_smd,european_georgia,"საარჩევნო ბლოკი „ბაქრაძე, უგულავა-ევროპული საქართველო”",,9,მცხეთა,,2,ზურაბ,ღერკენაშვილი,ზურაბ ღერკენაშვილი,,,majoritarians_all.pdf
local_2017,__main__,council_smd,european_georgia,"საარჩევნო ბლოკი „ბაქრაძე, უგულავა-ევროპული საქართველო”",,12,მცხეთა,,2,მაია,ბაბუციძე,მაია ბაბუციძე,,,majoritarians_all.pdf
local_2017,__main__,council_smd,european_georgia,"საარჩევნო ბლოკი „ბაქრაძე, უგულავა-ევროპული საქართველო”",,11,მცხეთა,,2,ბაჩანა,აბრამიშვილი,ბაჩანა აბრამიშვილი,,,majoritarians_all.pdf
local_2017,__main__,council_smd,european_georgia,"საარჩევნო ბლოკი „ბაქრაძე, უგულავა-ევროპული საქართველო”",,10,მცხეთა,,2,დავით,გელაშვილი,დავით გელაშვილი,,,majoritarians_all.pdf
local_2017,__main__,council_smd,european_georgia,"საარჩევნო ბლოკი „ბაქრაძე, უგულავა-ევროპული საქართველო”",,8,მცხეთა,,2,ნინო,გოგიშვილი,ნინო გოგიშვილი,,,majoritarians_all.pdf
local_2017,__main__,council_smd,european_georgia,"საარჩევნო ბლოკი „ბაქრაძე, უგულავა-ევროპული საქართველო”",,7,მცხეთა,,2,ვახტანგ,ვალიშვილი,ვახტანგ ვალიშვილი,,,majoritarians_all.pdf
local_2017,__main__,council_smd,european_georgia,"საარჩევნო ბლოკი „ბაქრაძე, უგულავა-ევროპული საქართველო”",,6,მცხეთა,,2,მამუკა,ბუჩუკური,მამუკა ბუჩუკური,,,majoritarians_all.pdf
local_2017,__main__,council_smd,european_georgia,"საარჩევნო ბლოკი „ბაქრაძე, უგულავა-ევროპული საქართველო”",,5,მცხეთა,,2,მალხაზ,ჭანკოტაძე,მალხაზ ჭანკოტაძე,,,majoritarians_all.pdf
local_2017,__main__,council_smd,european_georgia,"საარჩევნო ბლოკი „ბაქრაძე, უგულავა-ევროპული საქართველო”",,1,მცხეთა,,2,გიორგი,ნოზაძე,გიორგი ნოზაძე,,,majoritarians_all.pdf
local_2017,__main__,council_smd,european_georgia,"საარჩევნო ბლოკი „ბაქრაძე, უგულავა-ევროპული საქართველო”",,4,მცხეთა,,2,გერონტი,მერებაშვილი,გერონტი მერებაშვილი,,,majoritarians_all.pdf
local_2017,__main__,council_smd,european_georgia,"საარჩევნო ბლოკი „ბაქრაძე, უგულავა-ევროპული საქართველო”",,2,მცხეთა,,2,მარშალი,როსტიაშვილი,მარშალი როსტიაშვილი,,,majoritarians_all.pdf
local_2017,__main__,council_smd,european_georgia,"საარჩევნო ბლოკი „ბაქრაძე, უგულავა-ევროპული საქართველო”",,1,მცხეთა,,2,ივანე,ჯირკვალიძე,ივანე ჯირკვალიძე,,,majoritarians_all.pdf
local_2017,__main__,council_smd,free_georgia,"საარჩევნო ბლოკი „დიმიტრი ლორთქიფანიძე, კახა კუკავა-დემოკრატიული მოძრაობა-თავისუფალი საქართველო”",,9,მცხეთა,,3,გოჩა,მორბედაძე,გოჩა მორბედაძე,,,majoritarians_all.pdf
local_2017,__main__,council_smd,unm,საარჩევნო ბლოკი „ერთიანი ნაციონალური მოძრაობა”,,4,მცხეთა,,5,თეა,შავშიშვილი,თეა შავშიშვილი,,,majoritarians_all.pdf
local_2017,__main__,council_smd,unm,საარჩევნო ბლოკი „ერთიანი ნაციონალური მოძრაობა”,,2,მცხეთა,,5,გიორგი,მამულაშვილი,გიორგი მამულაშვილი,,,majoritarians_all.pdf
local_2017,__main__,council_smd,unm,საარჩევნო ბლოკი „ერთიანი ნაციონალური მოძრაობა”,,11,მცხეთა,,5,შალვა,ატაშვილი,შალვა ატაშვილი,,,majoritarians_all.pdf
local_2017,__main__,council_smd,unm,საარჩევნო ბლოკი „ერთიანი ნაციონალური მოძრაობა”,,12,მცხეთა,,5,სოლომონი,ყოჩიშვილი,სოლომონი ყოჩიშვილი,,,majoritarians_all.pdf
local_2017,__main__,council_smd,unm,საარჩევნო ბლოკი „ერთიანი ნაციონალური მოძრაობა”,,9,მცხეთა,,5,ჰამლეტი,კახნიაშვილი,ჰამლეტი კახნიაშვილი,,,majoritarians_all.pdf
local_2017,__main__,council_smd,unm,საარჩევნო ბლოკი „ერთიანი ნაციონალური მოძრაობა”,,6,მცხეთა,,5,გიორგი,წონდელი,გიორგი წონდელი,,,majoritarians_all.pdf
local_2017,__main__,council_smd,unm,საარჩევნო ბლოკი „ერთიანი ნაციონალური მოძრაობა”,,8,მცხეთა,,5,ტარიელი,ყოჩიშვილი,ტარიელი ყოჩიშვილი,,,majoritarians_all.pdf
local_2017,__main__,council_smd,unm,საარჩევნო ბლოკი „ერთიანი ნაციონალური მოძრაობა”,,5,მცხეთა,,5,ილარიონ,ბიჭიაშვილი,ილარიონ ბიჭიაშვილი,,,majoritarians_all.pdf
local_2017,__main__,council_smd,patriots,"„დავით თარხან-მოურავი, ირმა ინაშვილი - საქართველოს პატრიოტთა",,1,მცხეთა,,8,ალიანსი”ესტატე,ოდიშვილი,ალიანსი”ესტატე ოდიშვილი,,,majoritarians_all.pdf
local_2017,__main__,council_smd,patriots,"„დავით თარხან-მოურავი, ირმა ინაშვილი - საქართველოს პატრიოტთა",,3,მცხეთა,,8,ალიანსი”ილია,შოთაევი,ალიანსი”ილია შოთაევი,,,majoritarians_all.pdf
local_2017,__main__,council_smd,patriots,"„დავით თარხან-მოურავი, ირმა ინაშვილი - საქართველოს პატრიოტთა",,5,მცხეთა,,8,ალიანსი”ზაურ,ღვინიაშვილი,ალიანსი”ზაურ ღვინიაშვილი,,,majoritarians_all.pdf
local_2017,__main__,council_smd,patriots,"„დავით თარხან-მოურავი, ირმა ინაშვილი - საქართველოს პატრიოტთა",,6,მცხეთა,,8,ალიანსი”გოჩა,ლაბაური,ალიანსი”გოჩა ლაბაური,,,majoritarians_all.pdf
local_2017,__main__,council_smd,patriots,"„დავით თარხან-მოურავი, ირმა ინაშვილი - საქართველოს პატრიოტთა",,7,მცხეთა,,8,ალიანსი”გალინა,ახსაბაძე,ალიანსი”გალინა ახსაბაძე,,,majoritarians_all.pdf
local_2017,__main__,council_smd,patriots,"„დავით თარხან-მოურავი, ირმა ინაშვილი - საქართველოს პატრიოტთა",,8,მცხეთა,,8,ალიანსი”ნუგზარ,ჩანადირი,ალიანსი”ნუგზარ ჩანადირი,,,majoritarians_all.pdf
local_2017,__main__,council_smd,patriots,"„დავით თარხან-მოურავი, ირმა ინაშვილი - საქართველოს პატრიოტთა",,9,მცხეთა,,8,ალიანსი”ტარიელი,ოდიშვილი,ალიანსი”ტარიელი ოდიშვილი,,,majoritarians_all.pdf
local_2017,__main__,council_smd,patriots,"„დავით თარხან-მოურავი, ირმა ინაშვილი - საქართველოს პატრიოტთა",,10,მცხეთა,,8,ალიანსი”გია,გოგიძე,ალიანსი”გია გოგიძე,,,majoritarians_all.pdf
local_2017,__main__,council_smd,patriots,"„დავით თარხან-მოურავი, ირმა ინაშვილი - საქართველოს პატრიოტთა",,11,მცხეთა,,8,ალიანსი”მალხაზი,კახობერაშვილი,ალიანსი”მალხაზი კახობერაშვილი,,,majoritarians_all.pdf
local_2017,__main__,council_smd,labour,„შალვა ნათელაშვილი - საქართველოს ლეიბორისტული პარტია”,,7,მცხეთა,,10,გია,პავლიაშვილი,გია პავლიაშვილი,,,majoritarians_all.pdf
local_2017,__main__,council_smd,labour,„შალვა ნათელაშვილი - საქართველოს ლეიბორისტული პარტია”,,13,მცხეთა,,10,ზურაბ,ზურაბიშვილი,ზურაბ ზურაბიშვილი,,,majoritarians_all.pdf
local_2017,__main__,council_smd,labour,„შალვა ნათელაშვილი - საქართველოს ლეიბორისტული პარტია”,,9,მცხეთა,,10,ნიკოლოზი,ტატუნაშვილი,ნიკოლოზი ტატუნაშვილი,,,majoritarians_all.pdf
local_2017,__main__,council_smd,labour,„შალვა ნათელაშვილი - საქართველოს ლეიბორისტული პარტია”,,1,მცხეთა,,10,ედუარდი,ჯანგირაშვილი,ედუარდი ჯანგირაშვილი,,,majoritarians_all.pdf
local_2017,__main__,council_smd,labour,„შალვა ნათელაშვილი - საქართველოს ლეიბორისტული პარტია”,,4,მცხეთა,,10,თამარ,შოშიტაშვილი,თამარ შოშიტაშვილი,,,majoritarians_all.pdf
local_2017,__main__,council_smd,labour,„შალვა ნათელაშვილი - საქართველოს ლეიბორისტული პარტია”,,10,მცხეთა,,10,ჯულიეტა,ლაბაური,ჯულიეტა ლაბაური,,,majoritarians_all.pdf
local_2017,__main__,council_smd,labour,„შალვა ნათელაშვილი - საქართველოს ლეიბორისტული პარტია”,,1,მცხეთა,,10,ნანა,მაკარიძე,ნანა მაკარიძე,,,majoritarians_all.pdf
local_2017,__main__,council_smd,labour,„შალვა ნათელაშვილი - საქართველოს ლეიბორისტული პარტია”,,11,მცხეთა,,10,გიორგი,სუხიაშვილი,გიორგი სუხიაშვილი,,,majoritarians_all.pdf
local_2017,__main__,council_smd,labour,„შალვა ნათელაშვილი - საქართველოს ლეიბორისტული პარტია”,,8,მცხეთა,,10,ჯიმშერ,ცერექაშვილი,ჯიმშერ ცერექაშვილი,,,majoritarians_all.pdf
local_2017,__main__,council_smd,labour,„შალვა ნათელაშვილი - საქართველოს ლეიბორისტული პარტია”,,3,მცხეთა,,10,ილხამი,მამედოვი,ილხამი მამედოვი,,,majoritarians_all.pdf
local_2017,__main__,council_smd,labour,„შალვა ნათელაშვილი - საქართველოს ლეიბორისტული პარტია”,,5,მცხეთა,,10,ამირანი,ოქრუაშვილი,ამირანი ოქრუაშვილი,,,majoritarians_all.pdf
local_2017,__main__,council_smd,labour,„შალვა ნათელაშვილი - საქართველოს ლეიბორისტული პარტია”,,6,მცხეთა,,10,მარიამი,მარღიშვილი,მარიამი მარღიშვილი,,,majoritarians_all.pdf
local_2017,__main__,council_smd,labour,„შალვა ნათელაშვილი - საქართველოს ლეიბორისტული პარტია”,,2,მცხეთა,,10,ლეილა,ხუტაშვილი,ლეილა ხუტაშვილი,,,majoritarians_all.pdf
local_2017,__main__,council_smd,labour,„შალვა ნათელაშვილი - საქართველოს ლეიბორისტული პარტია”,,12,მცხეთა,,10,თამაზ,ბურდული,თამაზ ბურდული,,,majoritarians_all.pdf
local_2017,__main__,council_smd,patriots,„საქართველო”,,1,მცხეთა,,17,ვლადიმერ,გათენაშვილი,ვლადიმერ გათენაშვილი,,,majoritarians_all.pdf
local_2017,__main__,council_smd,gd,„ქართული ოცნება-დემოკრატიული საქართველო”,,13,მცხეთა,,41,თემირ,ლელუაშვილი,თემირ ლელუაშვილი,,,majoritarians_all.pdf
local_2017,__main__,council_smd,gd,„ქართული ოცნება-დემოკრატიული საქართველო”,,12,მცხეთა,,41,გოჩა,ჭინჭარაული,გოჩა ჭინჭარაული,,,majoritarians_all.pdf
local_2017,__main__,council_smd,gd,„ქართული ოცნება-დემოკრატიული საქართველო”,,11,მცხეთა,,41,ჯონდო,მუზაშვილი,ჯონდო მუზაშვილი,,,majoritarians_all.pdf
local_2017,__main__,council_smd,gd,„ქართული ოცნება-დემოკრატიული საქართველო”,,7,მცხეთა,,41,თევდორე,კახუაშვილი,თევდორე კახუაშვილი,,,majoritarians_all.pdf
local_2017,__main__,council_smd,gd,„ქართული ოცნება-დემოკრატიული საქართველო”,,8,მცხეთა,,41,გიორგი,კუპრაშვილი,გიორგი კუპრაშვილი,,,majoritarians_all.pdf
local_2017,__main__,council_smd,gd,„ქართული ოცნება-დემოკრატიული საქართველო”,,10,მცხეთა,,41,ალექსანდრე,ორუჯაშვილი,ალექსანდრე ორუჯაშვილი,,,majoritarians_all.pdf
local_2017,__main__,council_smd,gd,„ქართული ოცნება-დემოკრატიული საქართველო”,,9,მცხეთა,,41,ბექა,ხალიბეგაშვილი,ბექა ხალიბეგაშვილი,,,majoritarians_all.pdf
local_2017,__main__,council_smd,gd,„ქართული ოცნება-დემოკრატიული საქართველო”,,1,მცხეთა,,41,გიორგი,ელოშვილი,გიორგი ელოშვილი,,,majoritarians_all.pdf
local_2017,__main__,council_smd,gd,„ქართული ოცნება-დემოკრატიული საქართველო”,,5,მცხეთა,,41,გელა,ბაქრაძე,გელა ბაქრაძე,,,majoritarians_all.pdf
local_2017,__main__,council_smd,gd,„ქართული ოცნება-დემოკრატიული საქართველო”,,1,მცხეთა,,41,კახაბერ,გაბრელიანი,კახაბერ გაბრელიანი,,,majoritarians_all.pdf
local_2017,__main__,council_smd,gd,„ქართული ოცნება-დემოკრატიული საქართველო”,,2,მცხეთა,,41,გიორგი,კვახაძე,გიორგი კვახაძე,,,majoritarians_all.pdf
local_2017,__main__,council_smd,gd,„ქართული ოცნება-დემოკრატიული საქართველო”,,3,მცხეთა,,41,თამაზ,ფოლოდაშვილი,თამაზ ფოლოდაშვილი,,,majoritarians_all.pdf
local_2017,__main__,council_smd,gd,„ქართული ოცნება-დემოკრატიული საქართველო”,,6,მცხეთა,,41,ზაქარია,ლოხიშვილი,ზაქარია ლოხიშვილი,,,majoritarians_all.pdf
local_2017,__main__,council_smd,gd,„ქართული ოცნება-დემოკრატიული საქართველო”,,4,მცხეთა,,41,დავით,პაპიაშვილი,დავით პაპიაშვილი,,,majoritarians_all.pdf
local_2017,__main__,council_smd,initiative_group,საინიციატივო ჯგუფი - 1. იზოლდა ნაროუშვილი; დავით უნდილაშვილი; მზია ლაბაური; ბესიკ ჩალაური; გიორგი საგინაშვილი.,,10,მცხეთა,,42,თამარ,უნდილაშვილი,თამარ უნდილაშვილი,,,majoritarians_all.pdf
local_2017,__main__,council_smd,european_georgia,"საარჩევნო ბლოკი „ბაქრაძე, უგულავა-ევროპული საქართველო”",,8,დუშეთი,,2,დავით,მწითური,დავით მწითური,,,majoritarians_all.pdf
local_2017,__main__,council_smd,european_georgia,"საარჩევნო ბლოკი „ბაქრაძე, უგულავა-ევროპული საქართველო”",,5,დუშეთი,,2,ვახტანგი,ხარხელაური,ვახტანგი ხარხელაური,,,majoritarians_all.pdf
local_2017,__main__,council_smd,european_georgia,"საარჩევნო ბლოკი „ბაქრაძე, უგულავა-ევროპული საქართველო”",,9,დუშეთი,,2,მევლუდ,ლოსეურაშვილი,მევლუდ ლოსეურაშვილი,,,majoritarians_all.pdf
local_2017,__main__,council_smd,european_georgia,"საარჩევნო ბლოკი „ბაქრაძე, უგულავა-ევროპული საქართველო”",,1,დუშეთი,,2,მიხეილ,ბიჭიაშვილი,მიხეილ ბიჭიაშვილი,,,majoritarians_all.pdf
local_2017,__main__,council_smd,european_georgia,"საარჩევნო ბლოკი „ბაქრაძე, უგულავა-ევროპული საქართველო”",,4,დუშეთი,,2,შორენა,ყარმაზანაშვილი,შორენა ყარმაზანაშვილი,,,majoritarians_all.pdf
local_2017,__main__,council_smd,european_georgia,"საარჩევნო ბლოკი „ბაქრაძე, უგულავა-ევროპული საქართველო”",,1,დუშეთი,,2,მერი,ფოლოდაშვილი,მერი ფოლოდაშვილი,,,majoritarians_all.pdf
local_2017,__main__,council_smd,european_georgia,"საარჩევნო ბლოკი „ბაქრაძე, უგულავა-ევროპული საქართველო”",,12,დუშეთი,,2,გელა,ნადიბაიძე,გელა ნადიბაიძე,,,majoritarians_all.pdf
local_2017,__main__,council_smd,european_georgia,"საარჩევნო ბლოკი „ბაქრაძე, უგულავა-ევროპული საქართველო”",,16,დუშეთი,,2,ვაჟა,ხეოშვილი,ვაჟა ხეოშვილი,,,majoritarians_all.pdf
local_2017,__main__,council_smd,european_georgia,"საარჩევნო ბლოკი „ბაქრაძე, უგულავა-ევროპული საქართველო”",,13,დუშეთი,,2,ნოდარი,დაიაური,ნოდარი დაიაური,,,majoritarians_all.pdf
local_2017,__main__,council_smd,european_georgia,"საარჩევნო ბლოკი „ბაქრაძე, უგულავა-ევროპული საქართველო”",,6,დუშეთი,,2,ნონა,კაკაშვილი,ნონა კაკაშვილი,,,majoritarians_all.pdf
local_2017,__main__,council_smd,free_georgia,"საარჩევნო ბლოკი „დიმიტრი ლორთქიფანიძე, კახა კუკავა-დემოკრატიული მოძრაობა-თავისუფალი საქართველო”",,16,დუშეთი,,3,გიორგი,გურაშვილი,გიორგი გურაშვილი,,,majoritarians_all.pdf
local_2017,__main__,council_smd,free_georgia,"საარჩევნო ბლოკი „დიმიტრი ლორთქიფანიძე, კახა კუკავა-დემოკრატიული მოძრაობა-თავისუფალი საქართველო”",,9,დუშეთი,,3,როლანდ,ვაჩეიშვილი,როლანდ ვაჩეიშვილი,,,majoritarians_all.pdf
local_2017,__main__,council_smd,free_georgia,"საარჩევნო ბლოკი „დიმიტრი ლორთქიფანიძე, კახა კუკავა-დემოკრატიული მოძრაობა-თავისუფალი საქართველო”",,5,დუშეთი,,3,ნუგზარ,ჯავახიშვილი,ნუგზარ ჯავახიშვილი,,,majoritarians_all.pdf
local_2017,__main__,council_smd,free_georgia,"საარჩევნო ბლოკი „დიმიტრი ლორთქიფანიძე, კახა კუკავა-დემოკრატიული მოძრაობა-თავისუფალი საქართველო”",,11,დუშეთი,,3,შორენა,კოჭლიშვილი,შორენა კოჭლიშვილი,,,majoritarians_all.pdf
local_2017,__main__,council_smd,free_georgia,"საარჩევნო ბლოკი „დიმიტრი ლორთქიფანიძე, კახა კუკავა-დემოკრატიული მოძრაობა-თავისუფალი საქართველო”",,1,დუშეთი,,3,ტარიელ,დუდაური,ტარიელ დუდაური,,,majoritarians_all.pdf
local_2017,__main__,council_smd,free_georgia,"საარჩევნო ბლოკი „დიმიტრი ლორთქიფანიძე, კახა კუკავა-დემოკრატიული მოძრაობა-თავისუფალი საქართველო”",,15,დუშეთი,,3,გელა,ყაჭიური,გელა ყაჭიური,,,majoritarians_all.pdf
local_2017,__main__,council_smd,free_georgia,"საარჩევნო ბლოკი „დიმიტრი ლორთქიფანიძე, კახა კუკავა-დემოკრატიული მოძრაობა-თავისუფალი საქართველო”",,10,დუშეთი,,3,არჩილ,კოლხიტაშვილი,არჩილ კოლხიტაშვილი,,,majoritarians_all.pdf
local_2017,__main__,council_smd,unm,საარჩევნო ბლოკი „ერთიანი ნაციონალური მოძრაობა”,,16,დუშეთი,,5,გიორგი,ირემაშვილი,გიორგი ირემაშვილი,,,majoritarians_all.pdf
local_2017,__main__,council_smd,unm,საარჩევნო ბლოკი „ერთიანი ნაციონალური მოძრაობა”,,1,დუშეთი,,5,ლევან,ხოსროშვილი,ლევან ხოსროშვილი,,,majoritarians_all.pdf
local_2017,__main__,council_smd,unm,საარჩევნო ბლოკი „ერთიანი ნაციონალური მოძრაობა”,,18,დუშეთი,,5,პაატა,წოწკოლაური,პაატა წოწკოლაური,,,majoritarians_all.pdf
local_2017,__main__,council_smd,unm,საარჩევნო ბლოკი „ერთიანი ნაციონალური მოძრაობა”,,5,დუშეთი,,5,ზაზა,პატრიშვილი,ზაზა პატრიშვილი,,,majoritarians_all.pdf
local_2017,__main__,council_smd,unm,საარჩევნო ბლოკი „ერთიანი ნაციონალური მოძრაობა”,,1,დუშეთი,,5,გიორგი,პირმისაშვილი,გიორგი პირმისაშვილი,,,majoritarians_all.pdf
local_2017,__main__,council_smd,unm,საარჩევნო ბლოკი „ერთიანი ნაციონალური მოძრაობა”,,12,დუშეთი,,5,გიორგი,ნარიმანიძე,გიორგი ნარიმანიძე,,,majoritarians_all.pdf
local_2017,__main__,council_smd,unm,საარჩევნო ბლოკი „ერთიანი ნაციონალური მოძრაობა”,,15,დუშეთი,,5,რობერტი,საღირაშვილი,რობერტი საღირაშვილი,,,majoritarians_all.pdf
local_2017,__main__,council_smd,unm,საარჩევნო ბლოკი „ერთიანი ნაციონალური მოძრაობა”,,6,დუშეთი,,5,ფირუზი,თამარაშვილი,ფირუზი თამარაშვილი,,,majoritarians_all.pdf
local_2017,__main__,council_smd,unm,საარჩევნო ბლოკი „ერთიანი ნაციონალური მოძრაობა”,,8,დუშეთი,,5,გელა,ბიბილაშვილი,გელა ბიბილაშვილი,,,majoritarians_all.pdf
local_2017,__main__,council_smd,unm,საარჩევნო ბლოკი „ერთიანი ნაციონალური მოძრაობა”,,10,დუშეთი,,5,მედეია,არათანაშვილი,მედეია არათანაშვილი,,,majoritarians_all.pdf
local_2017,__main__,council_smd,mechiauri,„თამაზ მეჭიაური ერთიანი საქართველოსთვის”,,9,დუშეთი,,7,სალომე,კაკაბლიშვილი,სალომე კაკაბლიშვილი,,,majoritarians_all.pdf
local_2017,__main__,council_smd,patriots,"„დავით თარხან-მოურავი, ირმა ინაშვილი - საქართველოს პატრიოტთა",,4,დუშეთი,,8,ალიანსი”მიხეილ,ცილიკიშვილი,ალიანსი”მიხეილ ცილიკიშვილი,,,majoritarians_all.pdf
local_2017,__main__,council_smd,patriots,"„დავით თარხან-მოურავი, ირმა ინაშვილი - საქართველოს პატრიოტთა",,1,დუშეთი,,8,ალიანსი”ჯუმბერ,ჯავახიშვილი,ალიანსი”ჯუმბერ ჯავახიშვილი,,,majoritarians_all.pdf
local_2017,__main__,council_smd,patriots,"„დავით თარხან-მოურავი, ირმა ინაშვილი - საქართველოს პატრიოტთა",,11,დუშეთი,,8,ალიანსი”ნანული,ქოჩაშვილი,ალიანსი”ნანული ქოჩაშვილი,,,majoritarians_all.pdf
local_2017,__main__,council_smd,patriots,"„დავით თარხან-მოურავი, ირმა ინაშვილი - საქართველოს პატრიოტთა",,1,დუშეთი,,8,ალიანსი”გიორგი,მებუკე,ალიანსი”გიორგი მებუკე,,,majoritarians_all.pdf
local_2017,__main__,council_smd,patriots,"„დავით თარხან-მოურავი, ირმა ინაშვილი - საქართველოს პატრიოტთა",,13,დუშეთი,,8,ალიანსი”გიორგი,შეთეკაური,ალიანსი”გიორგი შეთეკაური,,,majoritarians_all.pdf
local_2017,__main__,council_smd,patriots,"„დავით თარხან-მოურავი, ირმა ინაშვილი - საქართველოს პატრიოტთა",,2,დუშეთი,,8,ალიანსი”თორნიკე,თათარაშვილი,ალიანსი”თორნიკე თათარაშვილი,,,majoritarians_all.pdf
local_2017,__main__,council_smd,patriots,"„დავით თარხან-მოურავი, ირმა ინაშვილი - საქართველოს პატრიოტთა",,16,დუშეთი,,8,ალიანსი”ვახტანგ,ვაჟიკაშვილი,ალიანსი”ვახტანგ ვაჟიკაშვილი,,,majoritarians_all.pdf
local_2017,__main__,council_smd,patriots,"„დავით თარხან-მოურავი, ირმა ინაშვილი - საქართველოს პატრიოტთა",,18,დუშეთი,,8,ალიანსი”გელა,ხარანაული,ალიანსი”გელა ხარანაული,,,majoritarians_all.pdf
local_2017,__main__,council_smd,patriots,"„დავით თარხან-მოურავი, ირმა ინაშვილი - საქართველოს პატრიოტთა",,3,დუშეთი,,8,ალიანსი”გიორგი,ამირიძე,ალიანსი”გიორგი ამირიძე,,,majoritarians_all.pdf
local_2017,__main__,council_smd,patriots,"„დავით თარხან-მოურავი, ირმა ინაშვილი - საქართველოს პატრიოტთა",,5,დუშეთი,,8,ალიანსი”თეიმურაზ,მამსიკაშვილი,ალიანსი”თეიმურაზ მამსიკაშვილი,,,majoritarians_all.pdf
local_2017,__main__,council_smd,patriots,"„დავით თარხან-მოურავი, ირმა ინაშვილი - საქართველოს პატრიოტთა",,15,დუშეთი,,8,ალიანსი”თეიმურაზი,ლიქოკელი,ალიანსი”თეიმურაზი ლიქოკელი,,,majoritarians_all.pdf
local_2017,__main__,council_smd,patriots,"„დავით თარხან-მოურავი, ირმა ინაშვილი - საქართველოს პატრიოტთა",,6,დუშეთი,,8,ალიანსი”იაგო,მიშელაშვილი,ალიანსი”იაგო მიშელაშვილი,,,majoritarians_all.pdf
local_2017,__main__,council_smd,patriots,"„დავით თარხან-მოურავი, ირმა ინაშვილი - საქართველოს პატრიოტთა",,7,დუშეთი,,8,ალიანსი”გიორგი,წიკლაური,ალიანსი”გიორგი წიკლაური,,,majoritarians_all.pdf
local_2017,__main__,council_smd,patriots,"„დავით თარხან-მოურავი, ირმა ინაშვილი - საქართველოს პატრიოტთა",,8,დუშეთი,,8,ალიანსი”გიორგი,წიკლაური,ალიანსი”გიორგი წიკლაური,,,majoritarians_all.pdf
local_2017,__main__,council_smd,patriots,"„დავით თარხან-მოურავი, ირმა ინაშვილი - საქართველოს პატრიოტთა",,10,დუშეთი,,8,ალიანსი”ვასილი,ნავროზაშვილი,ალიანსი”ვასილი ნავროზაშვილი,,,majoritarians_all.pdf
local_2017,__main__,council_smd,patriots,"„დავით თარხან-მოურავი, ირმა ინაშვილი - საქართველოს პატრიოტთა",,12,დუშეთი,,8,ალიანსი”ნოდარ,ტატიშვილი,ალიანსი”ნოდარ ტატიშვილი,,,majoritarians_all.pdf
local_2017,__main__,council_smd,left_alliance,„მემარცხენე ალიანსი”,,18,დუშეთი,,9,გიორგი,წოწკოლაური,გიორგი წოწკოლაური,,,majoritarians_all.pdf
local_2017,__main__,council_smd,left_alliance,„მემარცხენე ალიანსი”,,12,დუშეთი,,9,ელზა,ჯმუხაძე,ელზა ჯმუხაძე,,,majoritarians_all.pdf
local_2017,__main__,council_smd,labour,„შალვა ნათელაშვილი - საქართველოს ლეიბორისტული პარტია”,,2,დუშეთი,,10,თეიმურაზ,ლომაშვილი,თეიმურაზ ლომაშვილი,,,majoritarians_all.pdf
local_2017,__main__,council_smd,labour,„შალვა ნათელაშვილი - საქართველოს ლეიბორისტული პარტია”,,15,დუშეთი,,10,ნუგზარ,კაჭკაჭური,ნუგზარ კაჭკაჭური,,,majoritarians_all.pdf
local_2017,__main__,council_smd,labour,„შალვა ნათელაშვილი - საქართველოს ლეიბორისტული პარტია”,,7,დუშეთი,,10,გელა,ბექაური,გელა ბექაური,,,majoritarians_all.pdf
local_2017,__main__,council_smd,labour,„შალვა ნათელაშვილი - საქართველოს ლეიბორისტული პარტია”,,10,დუშეთი,,10,ნანული,არჩუაძე,ნანული არჩუაძე,,,majoritarians_all.pdf
local_2017,__main__,council_smd,labour,„შალვა ნათელაშვილი - საქართველოს ლეიბორისტული პარტია”,,16,დუშეთი,,10,ეთერ,ჭიკაიძე,ეთერ ჭიკაიძე,,,majoritarians_all.pdf
local_2017,__main__,council_smd,labour,„შალვა ნათელაშვილი - საქართველოს ლეიბორისტული პარტია”,,14,დუშეთი,,10,ამირან,ხუციანიძე,ამირან ხუციანიძე,,,majoritarians_all.pdf
local_2017,__main__,council_smd,labour,„შალვა ნათელაშვილი - საქართველოს ლეიბორისტული პარტია”,,12,დუშეთი,,10,კახაბერ,ზაქაიძე,კახაბერ ზაქაიძე,,,majoritarians_all.pdf
local_2017,__main__,council_smd,labour,„შალვა ნათელაშვილი - საქართველოს ლეიბორისტული პარტია”,,1,დუშეთი,,10,ირაკლი,ახალაშვილი,ირაკლი ახალაშვილი,,,majoritarians_all.pdf
local_2017,__main__,council_smd,labour,„შალვა ნათელაშვილი - საქართველოს ლეიბორისტული პარტია”,,1,დუშეთი,,10,გიორგი,ხუციშვილი,გიორგი ხუციშვილი,,,majoritarians_all.pdf
local_2017,__main__,council_smd,labour,„შალვა ნათელაშვილი - საქართველოს ლეიბორისტული პარტია”,,3,დუშეთი,,10,კახა,ბიბილაშვილი,კახა ბიბილაშვილი,,,majoritarians_all.pdf
local_2017,__main__,council_smd,construction_movement_2017,„შენების მოძრაობა”,,11,დუშეთი,,20,ნოდარ,ტოხოსაშვილი,ნოდარ ტოხოსაშვილი,,,majoritarians_all.pdf
local_2017,__main__,council_smd,progressive_democratic_2017,„ პროგრესულ-დემოკრატიული მოძრაობა”,,1,დუშეთი,,39,დარეჯან,გორძამაშვილი,დარეჯან გორძამაშვილი,,,majoritarians_all.pdf
local_2017,__main__,council_smd,gd,„ქართული ოცნება-დემოკრატიული საქართველო”,,14,დუშეთი,,41,კახაბერ,ჩიტაური,კახაბერ ჩიტაური,,,majoritarians_all.pdf
local_2017,__main__,council_smd,gd,„ქართული ოცნება-დემოკრატიული საქართველო”,,18,დუშეთი,,41,იაგო,წოწკოლაური,იაგო წოწკოლაური,,,majoritarians_all.pdf
local_2017,__main__,council_smd,gd,„ქართული ოცნება-დემოკრატიული საქართველო”,,16,დუშეთი,,41,მამუკა,აფციაური,მამუკა აფციაური,,,majoritarians_all.pdf
local_2017,__main__,council_smd,gd,„ქართული ოცნება-დემოკრატიული საქართველო”,,17,დუშეთი,,41,ზურაბ,არაბული,ზურაბ არაბული,,,majoritarians_all.pdf
local_2017,__main__,council_smd,gd,„ქართული ოცნება-დემოკრატიული საქართველო”,,15,დუშეთი,,41,ნანი,თეთრუაშვილი,ნანი თეთრუაშვილი,,,majoritarians_all.pdf
local_2017,__main__,council_smd,gd,„ქართული ოცნება-დემოკრატიული საქართველო”,,12,დუშეთი,,41,ქეთევან,კახურაშვილი,ქეთევან კახურაშვილი,,,majoritarians_all.pdf
local_2017,__main__,council_smd,gd,„ქართული ოცნება-დემოკრატიული საქართველო”,,13,დუშეთი,,41,მინდია,ჭინჭარაული,მინდია ჭინჭარაული,,,majoritarians_all.pdf
local_2017,__main__,council_smd,gd,„ქართული ოცნება-დემოკრატიული საქართველო”,,11,დუშეთი,,41,მაია,წელაური,მაია წელაური,,,majoritarians_all.pdf
local_2017,__main__,council_smd,gd,„ქართული ოცნება-დემოკრატიული საქართველო”,,10,დუშეთი,,41,ილია,ქარჩაიძე,ილია ქარჩაიძე,,,majoritarians_all.pdf
local_2017,__main__,council_smd,gd,„ქართული ოცნება-დემოკრატიული საქართველო”,,9,დუშეთი,,41,ხვიჩა,გოგოლაური,ხვიჩა გოგოლაური,,,majoritarians_all.pdf
local_2017,__main__,council_smd,gd,„ქართული ოცნება-დემოკრატიული საქართველო”,,7,დუშეთი,,41,თამაზ,ბექაური,თამაზ ბექაური,,,majoritarians_all.pdf
local_2017,__main__,council_smd,gd,„ქართული ოცნება-დემოკრატიული საქართველო”,,8,დუშეთი,,41,ხვიჩა,ოდიშელიძე,ხვიჩა ოდიშელიძე,,,majoritarians_all.pdf
local_2017,__main__,council_smd,gd,„ქართული ოცნება-დემოკრატიული საქართველო”,,4,დუშეთი,,41,მაია,გოგინაშვილი,მაია გოგინაშვილი,,,majoritarians_all.pdf
local_2017,__main__,council_smd,gd,„ქართული ოცნება-დემოკრატიული საქართველო”,,5,დუშეთი,,41,ნუკრი,უნდილაშვილი,ნუკრი უნდილაშვილი,,,majoritarians_all.pdf
local_2017,__main__,council_smd,gd,„ქართული ოცნება-დემოკრატიული საქართველო”,,6,დუშეთი,,41,როინ,პეტრიაშვილი,როინ პეტრიაშვილი,,,majoritarians_all.pdf
local_2017,__main__,council_smd,gd,„ქართული ოცნება-დემოკრატიული საქართველო”,,1,დუშეთი,,41,გიორგი,ასლამაზიშვილი,გიორგი ასლამაზიშვილი,,,majoritarians_all.pdf
local_2017,__main__,council_smd,gd,„ქართული ოცნება-დემოკრატიული საქართველო”,,1,დუშეთი,,41,გიორგი,ინაშვილი,გიორგი ინაშვილი,,,majoritarians_all.pdf
local_2017,__main__,council_smd,gd,„ქართული ოცნება-დემოკრატიული საქართველო”,,2,დუშეთი,,41,ზაზა,უნდილაშვილი,ზაზა უნდილაშვილი,,,majoritarians_all.pdf
local_2017,__main__,council_smd,gd,„ქართული ოცნება-დემოკრატიული საქართველო”,,3,დუშეთი,,41,ივანე,კობაიძე,ივანე კობაიძე,,,majoritarians_all.pdf
local_2017,__main__,council_smd,initiative_group,"საინიციატივო ჯგუფი - მერაბ მელიქიშვილი, ზურაბ მოთიაშვილი, ვაჟა მოთიაშვილი, სალომე ნიკოლაშვილი, დავით ლაზვიაშვილი",,3,დუშეთი,,42,ბადრი,დავითური,ბადრი დავითური,,,majoritarians_all.pdf
local_2017,__main__,council_smd,initiative_group,"საინიციატივო ჯგუფი - გიორგი ჯავახიშვილი, პაატა დაუშვილი, თეიმურაზ დუმბაძე, რამაზ ჯავახიშვილი, ზაზა სულაბერიძე",,8,დუშეთი,,42,რობერტ,ოდიშელიძე,რობერტ ოდიშელიძე,,,majoritarians_all.pdf
local_2017,__main__,council_smd,initiative_group,"საინიციატივო ჯგუფი - ზურაბ უნდილაშვილი, თეონა ველთაური, მალხაზ ჯანიაშვილი, ანნა ასლამაზიშვილი, ელენე ასლამაზიშვილი",,16,დუშეთი,,42,გიორგი,ლაფანაშვილი,გიორგი ლაფანაშვილი,,,majoritarians_all.pdf
local_2017,__main__,council_smd,initiative_group,"საინიციატივო ჯგუფი - ანნა ჯანგირაშვილი, გიორგი ხეიძე, ნინო ბუჩუკური, ხატია კვირკვეიშვილი, რომანი თანიაშვილი",,15,დუშეთი,,42,გიორგი,თანიაშვილი,გიორგი თანიაშვილი,,,majoritarians_all.pdf
local_2017,__main__,council_smd,initiative_group,"საინიციატივო ჯგუფი - ვეფხია ბოდაველი, ლაშა შარაშიძე, ბელა ჩანადირი, იზაბელა წვერაძე, თინათინი ველთაური",,1,დუშეთი,,142,ლია,როინიშვილი,ლია როინიშვილი,,,majoritarians_all.pdf
local_2017,__main__,council_smd,initiative_group,"საინიციატივო ჯგუფი - ლია ქავთარაძე, ნანული წიკლაური, გელა ქავთარაძე, ელზა ბედოშვილი, ნინო ქავთარაძე",,3,დუშეთი,,43,ზაზა,ქავთარაძე,ზაზა ქავთარაძე,,,majoritarians_all.pdf
local_2017,__main__,council_smd,european_georgia,"საარჩევნო ბლოკი „ბაქრაძე, უგულავა-ევროპული საქართველო”",,5,ყაზბეგი,,2,თამაზ,ლიჩელი,თამაზ ლიჩელი,,,majoritarians_all.pdf
local_2017,__main__,council_smd,european_georgia,"საარჩევნო ბლოკი „ბაქრაძე, უგულავა-ევროპული საქართველო”",,6,ყაზბეგი,,2,გიორგი,ბოკუჩავა,გიორგი ბოკუჩავა,,,majoritarians_all.pdf
local_2017,__main__,council_smd,free_georgia,"საარჩევნო ბლოკი „დიმიტრი ლორთქიფანიძე, კახა კუკავა-დემოკრატიული მოძრაობა-თავისუფალი საქართველო”",,3,ყაზბეგი,,3,ხვიჩა,გელაძე,ხვიჩა გელაძე,,,majoritarians_all.pdf
local_2017,__main__,council_smd,free_georgia,"საარჩევნო ბლოკი „დიმიტრი ლორთქიფანიძე, კახა კუკავა-დემოკრატიული მოძრაობა-თავისუფალი საქართველო”",,6,ყაზბეგი,,3,სოსო,ავსაჯანიშვილი,სოსო ავსაჯანიშვილი,,,majoritarians_all.pdf
local_2017,__main__,council_smd,patriots,"„დავით თარხან-მოურავი, ირმა ინაშვილი - საქართველოს პატრიოტთა",,5,ყაზბეგი,,8,ალიანსი”ხვიჩა,წიკლაური,ალიანსი”ხვიჩა წიკლაური,,,majoritarians_all.pdf
local_2017,__main__,council_smd,patriots,"„დავით თარხან-მოურავი, ირმა ინაშვილი - საქართველოს პატრიოტთა",,3,ყაზბეგი,,8,ალიანსი”ბეჟანი,ხულელიძე,ალიანსი”ბეჟანი ხულელიძე,,,majoritarians_all.pdf
local_2017,__main__,council_smd,patriots,"„დავით თარხან-მოურავი, ირმა ინაშვილი - საქართველოს პატრიოტთა",,2,ყაზბეგი,,8,ალიანსი”გურამი,აქიაშვილი,ალიანსი”გურამი აქიაშვილი,,,majoritarians_all.pdf
local_2017,__main__,council_smd,patriots,"„დავით თარხან-მოურავი, ირმა ინაშვილი - საქართველოს პატრიოტთა",,1,ყაზბეგი,,8,ალიანსი”თამაზ,წიკლაური,ალიანსი”თამაზ წიკლაური,,,majoritarians_all.pdf
local_2017,__main__,council_smd,gd,„ქართული ოცნება-დემოკრატიული საქართველო”,,1,ყაზბეგი,,41,ბაჩანა,ფიცხელაური,ბაჩანა ფიცხელაური,,,majoritarians_all.pdf
local_2017,__main__,council_smd,gd,„ქართული ოცნება-დემოკრატიული საქართველო”,,2,ყაზბეგი,,41,ელბერდი,პაპიაშვილი,ელბერდი პაპიაშვილი,,,majoritarians_all.pdf
local_2017,__main__,council_smd,gd,„ქართული ოცნება-დემოკრატიული საქართველო”,,5,ყაზბეგი,,41,კახა,ჩოფიკაშვილი,კახა ჩოფიკაშვილი,,,majoritarians_all.pdf
local_2017,__main__,council_smd,gd,„ქართული ოცნება-დემოკრატიული საქართველო”,,6,ყაზბეგი,,41,ელგუჯა,ღუდუშაური,ელგუჯა ღუდუშაური,,,majoritarians_all.pdf
local_2017,__main__,council_smd,gd,„ქართული ოცნება-დემოკრატიული საქართველო”,,3,ყაზბეგი,,41,სოსო,კობაიძე,სოსო კობაიძე,,,majoritarians_all.pdf
local_2017,__main__,council_smd,gd,„ქართული ოცნება-დემოკრატიული საქართველო”,,4,ყაზბეგი,,41,პავლე,ავსაჯანიშვილი,პავლე ავსაჯანიშვილი,,,majoritarians_all.pdf
local_2017,__main__,council_smd,european_georgia,"საარჩევნო ბლოკი „ბაქრაძე, უგულავა-ევროპული საქართველო”",,14,კასპი,,2,მაკა,ბაშარული,მაკა ბაშარული,,,majoritarians_all.pdf
local_2017,__main__,council_smd,european_georgia,"საარჩევნო ბლოკი „ბაქრაძე, უგულავა-ევროპული საქართველო”",,5,კასპი,,2,ნინო,კვიციანი,ნინო კვიციანი,,,majoritarians_all.pdf
local_2017,__main__,council_smd,european_georgia,"საარჩევნო ბლოკი „ბაქრაძე, უგულავა-ევროპული საქართველო”",,6,კასპი,,2,ზაზა,მაზმიშვილი,ზაზა მაზმიშვილი,,,majoritarians_all.pdf
local_2017,__main__,council_smd,european_georgia,"საარჩევნო ბლოკი „ბაქრაძე, უგულავა-ევროპული საქართველო”",,4,კასპი,,2,ჯუმბერ,ჯანელიძე,ჯუმბერ ჯანელიძე,,,majoritarians_all.pdf
local_2017,__main__,council_smd,european_georgia,"საარჩევნო ბლოკი „ბაქრაძე, უგულავა-ევროპული საქართველო”",,8,კასპი,,2,გიორგი,წიკლაური,გიორგი წიკლაური,,,majoritarians_all.pdf
local_2017,__main__,council_smd,european_georgia,"საარჩევნო ბლოკი „ბაქრაძე, უგულავა-ევროპული საქართველო”",,7,კასპი,,2,ირაკლი,ბოჭორმელი,ირაკლი ბოჭორმელი,,,majoritarians_all.pdf
local_2017,__main__,council_smd,european_georgia,"საარჩევნო ბლოკი „ბაქრაძე, უგულავა-ევროპული საქართველო”",,11,კასპი,,2,მარიამ,პავლიაშვილი,მარიამ პავლიაშვილი,,,majoritarians_all.pdf
local_2017,__main__,council_smd,european_georgia,"საარჩევნო ბლოკი „ბაქრაძე, უგულავა-ევროპული საქართველო”",,13,კასპი,,2,გიორგი,კილაძე,გიორგი კილაძე,,,majoritarians_all.pdf
local_2017,__main__,council_smd,european_georgia,"საარჩევნო ბლოკი „ბაქრაძე, უგულავა-ევროპული საქართველო”",,12,კასპი,,2,მარიამ,გიგაური,მარიამ გიგაური,,,majoritarians_all.pdf
local_2017,__main__,council_smd,european_georgia,"საარჩევნო ბლოკი „ბაქრაძე, უგულავა-ევროპული საქართველო”",,15,კასპი,,2,დავით,ხელაშვილი,დავით ხელაშვილი,,,majoritarians_all.pdf
local_2017,__main__,council_smd,european_georgia,"საარჩევნო ბლოკი „ბაქრაძე, უგულავა-ევროპული საქართველო”",,1,კასპი,,2,გიორგი,ბაინდურაშვილი,გიორგი ბაინდურაშვილი,,,majoritarians_all.pdf
local_2017,__main__,council_smd,european_georgia,"საარჩევნო ბლოკი „ბაქრაძე, უგულავა-ევროპული საქართველო”",,2,კასპი,,2,ზაქარია,მხიარულაშვილი,ზაქარია მხიარულაშვილი,,,majoritarians_all.pdf
local_2017,__main__,council_smd,european_georgia,"საარჩევნო ბლოკი „ბაქრაძე, უგულავა-ევროპული საქართველო”",,1,კასპი,,2,ნინო,შავშიშვილი,ნინო შავშიშვილი,,,majoritarians_all.pdf
local_2017,__main__,council_smd,european_georgia,"საარჩევნო ბლოკი „ბაქრაძე, უგულავა-ევროპული საქართველო”",,1,კასპი,,2,ნატალია,მამალაძე,ნატალია მამალაძე,,,majoritarians_all.pdf
local_2017,__main__,council_smd,free_georgia,"საარჩევნო ბლოკი „დიმიტრი ლორთქიფანიძე, კახა კუკავა-დემოკრატიული მოძრაობა-თავისუფალი საქართველო”",,10,კასპი,,3,მედეია,ჯუხარიძე,მედეია ჯუხარიძე,,,majoritarians_all.pdf
local_2017,__main__,council_smd,free_georgia,"საარჩევნო ბლოკი „დიმიტრი ლორთქიფანიძე, კახა კუკავა-დემოკრატიული მოძრაობა-თავისუფალი საქართველო”",,12,კასპი,,3,ირინა,ტალახაძე,ირინა ტალახაძე,,,majoritarians_all.pdf
local_2017,__main__,council_smd,free_georgia,"საარჩევნო ბლოკი „დიმიტრი ლორთქიფანიძე, კახა კუკავა-დემოკრატიული მოძრაობა-თავისუფალი საქართველო”",,14,კასპი,,3,მალხაზი,ჯაბანაშვილი,მალხაზი ჯაბანაშვილი,,,majoritarians_all.pdf
local_2017,__main__,council_smd,free_georgia,"საარჩევნო ბლოკი „დიმიტრი ლორთქიფანიძე, კახა კუკავა-დემოკრატიული მოძრაობა-თავისუფალი საქართველო”",,16,კასპი,,3,ემზარ,ბეჟიტაშვილი,ემზარ ბეჟიტაშვილი,,,majoritarians_all.pdf
local_2017,__main__,council_smd,free_georgia,"საარჩევნო ბლოკი „დიმიტრი ლორთქიფანიძე, კახა კუკავა-დემოკრატიული მოძრაობა-თავისუფალი საქართველო”",,17,კასპი,,3,ვასილ,მიქუტიშვილი,ვასილ მიქუტიშვილი,,,majoritarians_all.pdf
local_2017,__main__,council_smd,free_georgia,"საარჩევნო ბლოკი „დიმიტრი ლორთქიფანიძე, კახა კუკავა-დემოკრატიული მოძრაობა-თავისუფალი საქართველო”",,1,კასპი,,3,გიორგი,მიგრიაული,გიორგი მიგრიაული,,,majoritarians_all.pdf
local_2017,__main__,council_smd,free_georgia,"საარჩევნო ბლოკი „დიმიტრი ლორთქიფანიძე, კახა კუკავა-დემოკრატიული მოძრაობა-თავისუფალი საქართველო”",,1,კასპი,,3,ნანა,მამულაშვილი,ნანა მამულაშვილი,,,majoritarians_all.pdf
local_2017,__main__,council_smd,free_georgia,"საარჩევნო ბლოკი „დიმიტრი ლორთქიფანიძე, კახა კუკავა-დემოკრატიული მოძრაობა-თავისუფალი საქართველო”",,1,კასპი,,3,ლელა,წიკლაური,ლელა წიკლაური,,,majoritarians_all.pdf
local_2017,__main__,council_smd,free_georgia,"საარჩევნო ბლოკი „დიმიტრი ლორთქიფანიძე, კახა კუკავა-დემოკრატიული მოძრაობა-თავისუფალი საქართველო”",,2,კასპი,,3,გიორგი,მარტიაშვილი,გიორგი მარტიაშვილი,,,majoritarians_all.pdf
local_2017,__main__,council_smd,free_georgia,"საარჩევნო ბლოკი „დიმიტრი ლორთქიფანიძე, კახა კუკავა-დემოკრატიული მოძრაობა-თავისუფალი საქართველო”",,3,კასპი,,3,გივი,მამასახლისი,გივი მამასახლისი,,,majoritarians_all.pdf
local_2017,__main__,council_smd,free_georgia,"საარჩევნო ბლოკი „დიმიტრი ლორთქიფანიძე, კახა კუკავა-დემოკრატიული მოძრაობა-თავისუფალი საქართველო”",,4,კასპი,,3,ქეთევანი,დავითაშვილი-ცომაშვილი,ქეთევანი დავითაშვილი-ცომაშვილი,,,majoritarians_all.pdf
local_2017,__main__,council_smd,free_georgia,"საარჩევნო ბლოკი „დიმიტრი ლორთქიფანიძე, კახა კუკავა-დემოკრატიული მოძრაობა-თავისუფალი საქართველო”",,5,კასპი,,3,ვალიკო,ლაფერაშვილი,ვალიკო ლაფერაშვილი,,,majoritarians_all.pdf
local_2017,__main__,council_smd,free_georgia,"საარჩევნო ბლოკი „დიმიტრი ლორთქიფანიძე, კახა კუკავა-დემოკრატიული მოძრაობა-თავისუფალი საქართველო”",,6,კასპი,,3,ვახტანგ,უხურგუნაშვილი,ვახტანგ უხურგუნაშვილი,,,majoritarians_all.pdf
local_2017,__main__,council_smd,free_georgia,"საარჩევნო ბლოკი „დიმიტრი ლორთქიფანიძე, კახა კუკავა-დემოკრატიული მოძრაობა-თავისუფალი საქართველო”",,7,კასპი,,3,ნიკოლოზ,მზარეულაშვილი,ნიკოლოზ მზარეულაშვილი,,,majoritarians_all.pdf
local_2017,__main__,council_smd,free_georgia,"საარჩევნო ბლოკი „დიმიტრი ლორთქიფანიძე, კახა კუკავა-დემოკრატიული მოძრაობა-თავისუფალი საქართველო”",,8,კასპი,,3,ალექსანდრე,ცომაშვილი,ალექსანდრე ცომაშვილი,,,majoritarians_all.pdf
local_2017,__main__,council_smd,free_georgia,"საარჩევნო ბლოკი „დიმიტრი ლორთქიფანიძე, კახა კუკავა-დემოკრატიული მოძრაობა-თავისუფალი საქართველო”",,9,კასპი,,3,ვასილი,ცომაშვილი,ვასილი ცომაშვილი,,,majoritarians_all.pdf
local_2017,__main__,council_smd,free_georgia,"საარჩევნო ბლოკი „დიმიტრი ლორთქიფანიძე, კახა კუკავა-დემოკრატიული მოძრაობა-თავისუფალი საქართველო”",,15,კასპი,,3,ვახტანგ,საჩალელი,ვახტანგ საჩალელი,,,majoritarians_all.pdf
local_2017,__main__,council_smd,free_georgia,"საარჩევნო ბლოკი „დიმიტრი ლორთქიფანიძე, კახა კუკავა-დემოკრატიული მოძრაობა-თავისუფალი საქართველო”",,13,კასპი,,3,გივი,კურდღელაშვილი,გივი კურდღელაშვილი,,,majoritarians_all.pdf
local_2017,__main__,council_smd,unm,საარჩევნო ბლოკი „ერთიანი ნაციონალური მოძრაობა”,,17,კასპი,,5,მარინე,ყურაშვილი,მარინე ყურაშვილი,,,majoritarians_all.pdf
local_2017,__main__,council_smd,unm,საარჩევნო ბლოკი „ერთიანი ნაციონალური მოძრაობა”,,16,კასპი,,5,ქეთევან,ქსოვრელაშვილი,ქეთევან ქსოვრელაშვილი,,,majoritarians_all.pdf
local_2017,__main__,council_smd,unm,საარჩევნო ბლოკი „ერთიანი ნაციონალური მოძრაობა”,,13,კასპი,,5,თამილა,სიდამონიძე,თამილა სიდამონიძე,,,majoritarians_all.pdf
local_2017,__main__,council_smd,unm,საარჩევნო ბლოკი „ერთიანი ნაციონალური მოძრაობა”,,12,კასპი,,5,გიორგი,შარიფაშვილი,გიორგი შარიფაშვილი,,,majoritarians_all.pdf
local_2017,__main__,council_smd,unm,საარჩევნო ბლოკი „ერთიანი ნაციონალური მოძრაობა”,,14,კასპი,,5,ზაქარია,ტატუნაშვილი,ზაქარია ტატუნაშვილი,,,majoritarians_all.pdf
local_2017,__main__,council_smd,unm,საარჩევნო ბლოკი „ერთიანი ნაციონალური მოძრაობა”,,15,კასპი,,5,თენგიზი,ფსუტური,თენგიზი ფსუტური,,,majoritarians_all.pdf
local_2017,__main__,council_smd,unm,საარჩევნო ბლოკი „ერთიანი ნაციონალური მოძრაობა”,,11,კასპი,,5,გიორგი,ჩუგუაშვილი,გიორგი ჩუგუაშვილი,,,majoritarians_all.pdf
local_2017,__main__,council_smd,unm,საარჩევნო ბლოკი „ერთიანი ნაციონალური მოძრაობა”,,1,კასპი,,5,მირიანი,ბერიანიძე,მირიანი ბერიანიძე,,,majoritarians_all.pdf
local_2017,__main__,council_smd,unm,საარჩევნო ბლოკი „ერთიანი ნაციონალური მოძრაობა”,,1,კასპი,,5,გივი,ბაინდურაშვილი,გივი ბაინდურაშვილი,,,majoritarians_all.pdf
local_2017,__main__,council_smd,unm,საარჩევნო ბლოკი „ერთიანი ნაციონალური მოძრაობა”,,1,კასპი,,5,თამაზ,ახვერდოვი,თამაზ ახვერდოვი,,,majoritarians_all.pdf
local_2017,__main__,council_smd,unm,საარჩევნო ბლოკი „ერთიანი ნაციონალური მოძრაობა”,,2,კასპი,,5,ელგა,ოდოსაშვილი,ელგა ოდოსაშვილი,,,majoritarians_all.pdf
local_2017,__main__,council_smd,unm,საარჩევნო ბლოკი „ერთიანი ნაციონალური მოძრაობა”,,3,კასპი,,5,შალვა,თითირაშვილი,შალვა თითირაშვილი,,,majoritarians_all.pdf
local_2017,__main__,council_smd,unm,საარჩევნო ბლოკი „ერთიანი ნაციონალური მოძრაობა”,,4,კასპი,,5,ვანო,თინიკაშვილი,ვანო თინიკაშვილი,,,majoritarians_all.pdf
local_2017,__main__,council_smd,unm,საარჩევნო ბლოკი „ერთიანი ნაციონალური მოძრაობა”,,5,კასპი,,5,გურამ,მჭედლიშვილი,გურამ მჭედლიშვილი,,,majoritarians_all.pdf
local_2017,__main__,council_smd,unm,საარჩევნო ბლოკი „ერთიანი ნაციონალური მოძრაობა”,,6,კასპი,,5,ნინო,აბრამიძე,ნინო აბრამიძე,,,majoritarians_all.pdf
local_2017,__main__,council_smd,unm,საარჩევნო ბლოკი „ერთიანი ნაციონალური მოძრაობა”,,7,კასპი,,5,ლევან,ფეიქრიშვილი,ლევან ფეიქრიშვილი,,,majoritarians_all.pdf
local_2017,__main__,council_smd,unm,საარჩევნო ბლოკი „ერთიანი ნაციონალური მოძრაობა”,,8,კასპი,,5,შოთა,შერაზადიშვილი,შოთა შერაზადიშვილი,,,majoritarians_all.pdf
local_2017,__main__,council_smd,unm,საარჩევნო ბლოკი „ერთიანი ნაციონალური მოძრაობა”,,9,კასპი,,5,ნონა,დანდუროვი,ნონა დანდუროვი,,,majoritarians_all.pdf
local_2017,__main__,council_smd,unm,საარჩევნო ბლოკი „ერთიანი ნაციონალური მოძრაობა”,,10,კასპი,,5,მადონა,ხუბაშვილი,მადონა ხუბაშვილი,,,majoritarians_all.pdf
local_2017,__main__,council_smd,patriots,"„დავით თარხან-მოურავი, ირმა ინაშვილი - საქართველოს პატრიოტთა",,12,კასპი,,8,ალიანსი”ბიჭიკო,ტორუაშვილი,ალიანსი”ბიჭიკო ტორუაშვილი,,,majoritarians_all.pdf
local_2017,__main__,council_smd,patriots,"„დავით თარხან-მოურავი, ირმა ინაშვილი - საქართველოს პატრიოტთა",,13,კასპი,,8,ალიანსი”ივანე,მახარობლიშვილი,ალიანსი”ივანე მახარობლიშვილი,,,majoritarians_all.pdf
local_2017,__main__,council_smd,patriots,"„დავით თარხან-მოურავი, ირმა ინაშვილი - საქართველოს პატრიოტთა",,14,კასპი,,8,ალიანსი”გიორგი,ილურიძე,ალიანსი”გიორგი ილურიძე,,,majoritarians_all.pdf
local_2017,__main__,council_smd,patriots,"„დავით თარხან-მოურავი, ირმა ინაშვილი - საქართველოს პატრიოტთა",,15,კასპი,,8,ალიანსი”ომარ,ბათილაშვილი,ალიანსი”ომარ ბათილაშვილი,,,majoritarians_all.pdf
local_2017,__main__,council_smd,patriots,"„დავით თარხან-მოურავი, ირმა ინაშვილი - საქართველოს პატრიოტთა",,16,კასპი,,8,ალიანსი”ნელი,მამასახლისი,ალიანსი”ნელი მამასახლისი,,,majoritarians_all.pdf
local_2017,__main__,council_smd,patriots,"„დავით თარხან-მოურავი, ირმა ინაშვილი - საქართველოს პატრიოტთა",,17,კასპი,,8,ალიანსი”ვახტანგ,ხათაშვილი,ალიანსი”ვახტანგ ხათაშვილი,,,majoritarians_all.pdf
local_2017,__main__,council_smd,patriots,"„დავით თარხან-მოურავი, ირმა ინაშვილი - საქართველოს პატრიოტთა",,10,კასპი,,8,ალიანსი”ჯემალ,აბულაძე,ალიანსი”ჯემალ აბულაძე,,,majoritarians_all.pdf
local_2017,__main__,council_smd,patriots,"„დავით თარხან-მოურავი, ირმა ინაშვილი - საქართველოს პატრიოტთა",,11,კასპი,,8,ალიანსი”ვეფხვია,რაზმაძე,ალიანსი”ვეფხვია რაზმაძე,,,majoritarians_all.pdf
local_2017,__main__,council_smd,patriots,"„დავით თარხან-მოურავი, ირმა ინაშვილი - საქართველოს პატრიოტთა",,9,კასპი,,8,ალიანსი”ანზორ,შალიტაური,ალიანსი”ანზორ შალიტაური,,,majoritarians_all.pdf
local_2017,__main__,council_smd,patriots,"„დავით თარხან-მოურავი, ირმა ინაშვილი - საქართველოს პატრიოტთა",,8,კასპი,,8,ალიანსი”ილია,ბერიანიძე,ალიანსი”ილია ბერიანიძე,,,majoritarians_all.pdf
local_2017,__main__,council_smd,patriots,"„დავით თარხან-მოურავი, ირმა ინაშვილი - საქართველოს პატრიოტთა",,5,კასპი,,8,ალიანსი”მიხეილი,მარიდაშვილი,ალიანსი”მიხეილი მარიდაშვილი,,,majoritarians_all.pdf
local_2017,__main__,council_smd,patriots,"„დავით თარხან-მოურავი, ირმა ინაშვილი - საქართველოს პატრიოტთა",,6,კასპი,,8,ალიანსი”მედეა,ხვთისიაშვილი,ალიანსი”მედეა ხვთისიაშვილი,,,majoritarians_all.pdf
local_2017,__main__,council_smd,patriots,"„დავით თარხან-მოურავი, ირმა ინაშვილი - საქართველოს პატრიოტთა",,4,კასპი,,8,ალიანსი”სვიმონ,ხიზამბარელი,ალიანსი”სვიმონ ხიზამბარელი,,,majoritarians_all.pdf
local_2017,__main__,council_smd,patriots,"„დავით თარხან-მოურავი, ირმა ინაშვილი - საქართველოს პატრიოტთა",,1,კასპი,,8,ალიანსი”მამუკა,მილაძე,ალიანსი”მამუკა მილაძე,,,majoritarians_all.pdf
local_2017,__main__,council_smd,patriots,"„დავით თარხან-მოურავი, ირმა ინაშვილი - საქართველოს პატრიოტთა",,3,კასპი,,8,ალიანსი”ავთანდილ,ხვთისიაშვილი,ალიანსი”ავთანდილ ხვთისიაშვილი,,,majoritarians_all.pdf
local_2017,__main__,council_smd,patriots,"„დავით თარხან-მოურავი, ირმა ინაშვილი - საქართველოს პატრიოტთა",,1,კასპი,,8,ალიანსი”ლევან,თაბორიძე,ალიანსი”ლევან თაბორიძე,,,majoritarians_all.pdf
local_2017,__main__,council_smd,patriots,"„დავით თარხან-მოურავი, ირმა ინაშვილი - საქართველოს პატრიოტთა",,1,კასპი,,8,ალიანსი”ილია,ბექაური,ალიანსი”ილია ბექაური,,,majoritarians_all.pdf
local_2017,__main__,council_smd,patriots,"„დავით თარხან-მოურავი, ირმა ინაშვილი - საქართველოს პატრიოტთა",,2,კასპი,,8,ალიანსი”თინათინი,გაბიტაშვილი,ალიანსი”თინათინი გაბიტაშვილი,,,majoritarians_all.pdf
local_2017,__main__,council_smd,labour,„შალვა ნათელაშვილი - საქართველოს ლეიბორისტული პარტია”,,1,კასპი,,10,ოთარ,ქოსაშვილი,ოთარ ქოსაშვილი,,,majoritarians_all.pdf
local_2017,__main__,council_smd,labour,„შალვა ნათელაშვილი - საქართველოს ლეიბორისტული პარტია”,,1,კასპი,,10,ლიანა,ზარიძე,ლიანა ზარიძე,,,majoritarians_all.pdf
local_2017,__main__,council_smd,labour,„შალვა ნათელაშვილი - საქართველოს ლეიბორისტული პარტია”,,1,კასპი,,10,ნუგზარ,ბერიანიძე,ნუგზარ ბერიანიძე,,,majoritarians_all.pdf
local_2017,__main__,council_smd,labour,„შალვა ნათელაშვილი - საქართველოს ლეიბორისტული პარტია”,,7,კასპი,,10,მაია,გარაყანიძე,მაია გარაყანიძე,,,majoritarians_all.pdf
local_2017,__main__,council_smd,labour,„შალვა ნათელაშვილი - საქართველოს ლეიბორისტული პარტია”,,11,კასპი,,10,კობა,მჭედლიშვილი,კობა მჭედლიშვილი,,,majoritarians_all.pdf
local_2017,__main__,council_smd,labour,„შალვა ნათელაშვილი - საქართველოს ლეიბორისტული პარტია”,,9,კასპი,,10,ესტატე,კასრაძე,ესტატე კასრაძე,,,majoritarians_all.pdf
local_2017,__main__,council_smd,labour,„შალვა ნათელაშვილი - საქართველოს ლეიბორისტული პარტია”,,5,კასპი,,10,მაგდა,ქოსაშვილი,მაგდა ქოსაშვილი,,,majoritarians_all.pdf
local_2017,__main__,council_smd,labour,„შალვა ნათელაშვილი - საქართველოს ლეიბორისტული პარტია”,,13,კასპი,,10,ქართლოს,კურდღელაშვილი,ქართლოს კურდღელაშვილი,,,majoritarians_all.pdf
local_2017,__main__,council_smd,labour,„შალვა ნათელაშვილი - საქართველოს ლეიბორისტული პარტია”,,10,კასპი,,10,თეიმურაზ,ილურიძე,თეიმურაზ ილურიძე,,,majoritarians_all.pdf
local_2017,__main__,council_smd,progressive_democratic_2017,„ პროგრესულ-დემოკრატიული მოძრაობა”,,17,კასპი,,39,ოთარი,ყურაშვილი,ოთარი ყურაშვილი,,,majoritarians_all.pdf
local_2017,__main__,council_smd,progressive_democratic_2017,„ პროგრესულ-დემოკრატიული მოძრაობა”,,1,კასპი,,39,შოთა,დალაქიშვილი,შოთა დალაქიშვილი,,,majoritarians_all.pdf
local_2017,__main__,council_smd,progressive_democratic_2017,„ პროგრესულ-დემოკრატიული მოძრაობა”,,1,კასპი,,39,ავთანდილი,სულაშვილი,ავთანდილი სულაშვილი,,,majoritarians_all.pdf
local_2017,__main__,council_smd,progressive_democratic_2017,„ პროგრესულ-დემოკრატიული მოძრაობა”,,1,კასპი,,39,ტრისტან,გიგაური,ტრისტან გიგაური,,,majoritarians_all.pdf
local_2017,__main__,council_smd,progressive_democratic_2017,„ პროგრესულ-დემოკრატიული მოძრაობა”,,5,კასპი,,39,კობა,ბერიაშვილი,კობა ბერიაშვილი,,,majoritarians_all.pdf
local_2017,__main__,council_smd,progressive_democratic_2017,„ პროგრესულ-დემოკრატიული მოძრაობა”,,6,კასპი,,39,ტარიელ,ბეგლარაშვილი,ტარიელ ბეგლარაშვილი,,,majoritarians_all.pdf
local_2017,__main__,council_smd,progressive_democratic_2017,„ პროგრესულ-დემოკრატიული მოძრაობა”,,10,კასპი,,39,ილია,მუზაშვილი,ილია მუზაშვილი,,,majoritarians_all.pdf
local_2017,__main__,council_smd,progressive_democratic_2017,„ პროგრესულ-დემოკრატიული მოძრაობა”,,15,კასპი,,39,თინა,გახელაძე,თინა გახელაძე,,,majoritarians_all.pdf
local_2017,__main__,council_smd,gd,„ქართული ოცნება-დემოკრატიული საქართველო”,,4,კასპი,,41,რამინ,ჯანგიშერაშვილი,რამინ ჯანგიშერაშვილი,,,majoritarians_all.pdf
local_2017,__main__,council_smd,gd,„ქართული ოცნება-დემოკრატიული საქართველო”,,5,კასპი,,41,ალექსანდრე,ბიძინაშვილი,ალექსანდრე ბიძინაშვილი,,,majoritarians_all.pdf
local_2017,__main__,council_smd,gd,„ქართული ოცნება-დემოკრატიული საქართველო”,,7,კასპი,,41,ილია,ქამხაძე,ილია ქამხაძე,,,majoritarians_all.pdf
local_2017,__main__,council_smd,gd,„ქართული ოცნება-დემოკრატიული საქართველო”,,6,კასპი,,41,შოთა,ბეგლარაშვილი,შოთა ბეგლარაშვილი,,,majoritarians_all.pdf
local_2017,__main__,council_smd,gd,„ქართული ოცნება-დემოკრატიული საქართველო”,,8,კასპი,,41,იოსებ,დემეტრაშვილი,იოსებ დემეტრაშვილი,,,majoritarians_all.pdf
local_2017,__main__,council_smd,gd,„ქართული ოცნება-დემოკრატიული საქართველო”,,3,კასპი,,41,გიორგი,დარბიაშვილი,გიორგი დარბიაშვილი,,,majoritarians_all.pdf
local_2017,__main__,council_smd,gd,„ქართული ოცნება-დემოკრატიული საქართველო”,,2,კასპი,,41,ქიტესა,ხოდელი,ქიტესა ხოდელი,,,majoritarians_all.pdf
local_2017,__main__,council_smd,gd,„ქართული ოცნება-დემოკრატიული საქართველო”,,1,კასპი,,41,ბეგი,თათრიშვილი,ბეგი თათრიშვილი,,,majoritarians_all.pdf
local_2017,__main__,council_smd,gd,„ქართული ოცნება-დემოკრატიული საქართველო”,,1,კასპი,,41,ლევან,გახელაძე,ლევან გახელაძე,,,majoritarians_all.pdf
local_2017,__main__,council_smd,gd,„ქართული ოცნება-დემოკრატიული საქართველო”,,1,კასპი,,41,ვალოდია,გზირიშვილი,ვალოდია გზირიშვილი,,,majoritarians_all.pdf
local_2017,__main__,council_smd,gd,„ქართული ოცნება-დემოკრატიული საქართველო”,,16,კასპი,,41,ზაზა,მარჯანიძე,ზაზა მარჯანიძე,,,majoritarians_all.pdf
local_2017,__main__,council_smd,gd,„ქართული ოცნება-დემოკრატიული საქართველო”,,15,კასპი,,41,დავით,მუხიაშვილი,დავით მუხიაშვილი,,,majoritarians_all.pdf
local_2017,__main__,council_smd,gd,„ქართული ოცნება-დემოკრატიული საქართველო”,,14,კასპი,,41,ვლადიმერი,უზნაძე,ვლადიმერი უზნაძე,,,majoritarians_all.pdf
local_2017,__main__,council_smd,gd,„ქართული ოცნება-დემოკრატიული საქართველო”,,13,კასპი,,41,დავით,ოთარაშვილი,დავით ოთარაშვილი,,,majoritarians_all.pdf
local_2017,__main__,council_smd,gd,„ქართული ოცნება-დემოკრატიული საქართველო”,,12,კასპი,,41,ზაზა,გუგულაშვილი,ზაზა გუგულაშვილი,,,majoritarians_all.pdf
local_2017,__main__,council_smd,gd,„ქართული ოცნება-დემოკრატიული საქართველო”,,10,კასპი,,41,ნუკრი,მიდელაშვილი,ნუკრი მიდელაშვილი,,,majoritarians_all.pdf
local_2017,__main__,council_smd,gd,„ქართული ოცნება-დემოკრატიული საქართველო”,,11,კასპი,,41,მარიამ,გზირიშვილი,მარიამ გზირიშვილი,,,majoritarians_all.pdf
local_2017,__main__,council_smd,gd,„ქართული ოცნება-დემოკრატიული საქართველო”,,9,კასპი,,41,ნანა,წიკლაური,ნანა წიკლაური,,,majoritarians_all.pdf
local_2017,__main__,council_smd,gd,„ქართული ოცნება-დემოკრატიული საქართველო”,,17,კასპი,,41,გიორგი,მჭედლიშვილი,გიორგი მჭედლიშვილი,,,majoritarians_all.pdf
local_2017,__main__,council_smd,initiative_group,"საინიციატივო ჯგუფი - 42. სერგო ირემაშვილი, ლია ბასიაშვილი,ლალი გელიაშვილი,ქეთევან დავლაშერიძე,ელზა გორგაძე.",,16,კასპი,,42,ია,ირემაშვილი,ია ირემაშვილი,,,majoritarians_all.pdf
local_2017,__main__,council_smd,initiative_group,"საინიციატივო ჯგუფი - 42. ვასილ გოგიშვილი,ტრისტან გიგაური,ეთერ ქენქაძე, ელენა გოგოლაური, ლევან დემეტრაშვილი.",,9,კასპი,,42,გიორგი,გოგოლაური,გიორგი გოგოლაური,,,majoritarians_all.pdf
local_2017,__main__,council_smd,european_georgia,"საარჩევნო ბლოკი „ბაქრაძე, უგულავა-ევროპული საქართველო”",,1,გორი,,2,გივი,წვერავა,გივი წვერავა,,,majoritarians_all.pdf
local_2017,__main__,council_smd,european_georgia,"საარჩევნო ბლოკი „ბაქრაძე, უგულავა-ევროპული საქართველო”",,1,გორი,,2,რუსუდან,ოქროაშვილი,რუსუდან ოქროაშვილი,,,majoritarians_all.pdf
local_2017,__main__,council_smd,european_georgia,"საარჩევნო ბლოკი „ბაქრაძე, უგულავა-ევროპული საქართველო”",,1,გორი,,2,ზურაბ,ღვინიაშვილი,ზურაბ ღვინიაშვილი,,,majoritarians_all.pdf
local_2017,__main__,council_smd,european_georgia,"საარჩევნო ბლოკი „ბაქრაძე, უგულავა-ევროპული საქართველო”",,1,გორი,,2,ანა,ირემაძე,ანა ირემაძე,,,majoritarians_all.pdf
local_2017,__main__,council_smd,european_georgia,"საარჩევნო ბლოკი „ბაქრაძე, უგულავა-ევროპული საქართველო”",,1,გორი,,2,მზევინარ,ცარიელაშვილი,მზევინარ ცარიელაშვილი,,,majoritarians_all.pdf
local_2017,__main__,council_smd,european_georgia,"საარჩევნო ბლოკი „ბაქრაძე, უგულავა-ევროპული საქართველო”",,2,გორი,,2,თეონა,ფისუაშვილი,თეონა ფისუაშვილი,,,majoritarians_all.pdf
local_2017,__main__,council_smd,european_georgia,"საარჩევნო ბლოკი „ბაქრაძე, უგულავა-ევროპული საქართველო”",,3,გორი,,2,იოსებ,ღვინიაშვილი,იოსებ ღვინიაშვილი,,,majoritarians_all.pdf
local_2017,__main__,council_smd,european_georgia,"საარჩევნო ბლოკი „ბაქრაძე, უგულავა-ევროპული საქართველო”",,4,გორი,,2,ვახტანგი,გაგნიძე,ვახტანგი გაგნიძე,,,majoritarians_all.pdf
local_2017,__main__,council_smd,european_georgia,"საარჩევნო ბლოკი „ბაქრაძე, უგულავა-ევროპული საქართველო”",,5,გორი,,2,ოთარ,თინიკაშვილი,ოთარ თინიკაშვილი,,,majoritarians_all.pdf
local_2017,__main__,council_smd,european_georgia,"საარჩევნო ბლოკი „ბაქრაძე, უგულავა-ევროპული საქართველო”",,6,გორი,,2,თამარ,ნარიაშვილი,თამარ ნარიაშვილი,,,majoritarians_all.pdf
local_2017,__main__,council_smd,european_georgia,"საარჩევნო ბლოკი „ბაქრაძე, უგულავა-ევროპული საქართველო”",,7,გორი,,2,დავით,მურადაშვილი,დავით მურადაშვილი,,,majoritarians_all.pdf
local_2017,__main__,council_smd,european_georgia,"საარჩევნო ბლოკი „ბაქრაძე, უგულავა-ევროპული საქართველო”",,8,გორი,,2,ზაზა,ალავერდაშვილი,ზაზა ალავერდაშვილი,,,majoritarians_all.pdf
local_2017,__main__,council_smd,european_georgia,"საარჩევნო ბლოკი „ბაქრაძე, უგულავა-ევროპული საქართველო”",,9,გორი,,2,გიორგი,მელქუაშვილი,გიორგი მელქუაშვილი,,,majoritarians_all.pdf
local_2017,__main__,council_smd,european_georgia,"საარჩევნო ბლოკი „ბაქრაძე, უგულავა-ევროპული საქართველო”",,10,გორი,,2,მარინა,კობალაძე,მარინა კობალაძე,,,majoritarians_all.pdf
local_2017,__main__,council_smd,european_georgia,"საარჩევნო ბლოკი „ბაქრაძე, უგულავა-ევროპული საქართველო”",,11,გორი,,2,ლევან,პიპანაშვილი,ლევან პიპანაშვილი,,,majoritarians_all.pdf
local_2017,__main__,council_smd,european_georgia,"საარჩევნო ბლოკი „ბაქრაძე, უგულავა-ევროპული საქართველო”",,12,გორი,,2,ილია,ესიაშვილი,ილია ესიაშვილი,,,majoritarians_all.pdf
local_2017,__main__,council_smd,european_georgia,"საარჩევნო ბლოკი „ბაქრაძე, უგულავა-ევროპული საქართველო”",,13,გორი,,2,ერეკლე,ლაფაჩი,ერეკლე ლაფაჩი,,,majoritarians_all.pdf
local_2017,__main__,council_smd,european_georgia,"საარჩევნო ბლოკი „ბაქრაძე, უგულავა-ევროპული საქართველო”",,14,გორი,,2,ზურაბ,ფისუაშვილი,ზურაბ ფისუაშვილი,,,majoritarians_all.pdf
local_2017,__main__,council_smd,european_georgia,"საარჩევნო ბლოკი „ბაქრაძე, უგულავა-ევროპული საქართველო”",,15,გორი,,2,ინგა,ონიაშვილი,ინგა ონიაშვილი,,,majoritarians_all.pdf
local_2017,__main__,council_smd,european_georgia,"საარჩევნო ბლოკი „ბაქრაძე, უგულავა-ევროპული საქართველო”",,16,გორი,,2,მაია,მარგველაშვილი,მაია მარგველაშვილი,,,majoritarians_all.pdf
local_2017,__main__,council_smd,european_georgia,"საარჩევნო ბლოკი „ბაქრაძე, უგულავა-ევროპული საქართველო”",,17,გორი,,2,ტარიელი,მამისაშვილი,ტარიელი მამისაშვილი,,,majoritarians_all.pdf
local_2017,__main__,council_smd,european_georgia,"საარჩევნო ბლოკი „ბაქრაძე, უგულავა-ევროპული საქართველო”",,18,გორი,,2,ლაშა,წკრიალაშვილი,ლაშა წკრიალაშვილი,,,majoritarians_all.pdf
local_2017,__main__,council_smd,european_georgia,"საარჩევნო ბლოკი „ბაქრაძე, უგულავა-ევროპული საქართველო”",,19,გორი,,2,თამაზ,ხუციშვილი,თამაზ ხუციშვილი,,,majoritarians_all.pdf
local_2017,__main__,council_smd,european_georgia,"საარჩევნო ბლოკი „ბაქრაძე, უგულავა-ევროპული საქართველო”",,20,გორი,,2,ეთერ,კეჩხუაშვილი,ეთერ კეჩხუაშვილი,,,majoritarians_all.pdf
local_2017,__main__,council_smd,european_georgia,"საარჩევნო ბლოკი „ბაქრაძე, უგულავა-ევროპული საქართველო”",,21,გორი,,2,გიორგი,სულთანიშვილი,გიორგი სულთანიშვილი,,,majoritarians_all.pdf
local_2017,__main__,council_smd,free_georgia,"საარჩევნო ბლოკი „დიმიტრი ლორთქიფანიძე, კახა კუკავა-დემოკრატიული მოძრაობა-თავისუფალი საქართველო”",,1,გორი,,3,ნუკრი,ჯალაბაძე,ნუკრი ჯალაბაძე,,,majoritarians_all.pdf
local_2017,__main__,council_smd,free_georgia,"საარჩევნო ბლოკი „დიმიტრი ლორთქიფანიძე, კახა კუკავა-დემოკრატიული მოძრაობა-თავისუფალი საქართველო”",,1,გორი,,3,ვახტანგ,რაზმაძე,ვახტანგ რაზმაძე,,,majoritarians_all.pdf
local_2017,__main__,council_smd,free_georgia,"საარჩევნო ბლოკი „დიმიტრი ლორთქიფანიძე, კახა კუკავა-დემოკრატიული მოძრაობა-თავისუფალი საქართველო”",,7,გორი,,3,გიორგი,მაჭარაშვილი,გიორგი მაჭარაშვილი,,,majoritarians_all.pdf
local_2017,__main__,council_smd,free_georgia,"საარჩევნო ბლოკი „დიმიტრი ლორთქიფანიძე, კახა კუკავა-დემოკრატიული მოძრაობა-თავისუფალი საქართველო”",,18,გორი,,3,ალექსანდრე,კუდუხაშვილი,ალექსანდრე კუდუხაშვილი,,,majoritarians_all.pdf
local_2017,__main__,council_smd,free_georgia,"საარჩევნო ბლოკი „დიმიტრი ლორთქიფანიძე, კახა კუკავა-დემოკრატიული მოძრაობა-თავისუფალი საქართველო”",,15,გორი,,3,ზურაბ,ნასყიდაშვილი,ზურაბ ნასყიდაშვილი,,,majoritarians_all.pdf
local_2017,__main__,council_smd,free_georgia,"საარჩევნო ბლოკი „დიმიტრი ლორთქიფანიძე, კახა კუკავა-დემოკრატიული მოძრაობა-თავისუფალი საქართველო”",,17,გორი,,3,ხვიჩა,ქარელიშვილი,ხვიჩა ქარელიშვილი,,,majoritarians_all.pdf
local_2017,__main__,council_smd,free_georgia,"საარჩევნო ბლოკი „დიმიტრი ლორთქიფანიძე, კახა კუკავა-დემოკრატიული მოძრაობა-თავისუფალი საქართველო”",,3,გორი,,3,იოსებ,ხუბულაშვილი,იოსებ ხუბულაშვილი,,,majoritarians_all.pdf
local_2017,__main__,council_smd,free_georgia,"საარჩევნო ბლოკი „დიმიტრი ლორთქიფანიძე, კახა კუკავა-დემოკრატიული მოძრაობა-თავისუფალი საქართველო”",,1,გორი,,3,ივანე,მაჭარაშვილი,ივანე მაჭარაშვილი,,,majoritarians_all.pdf
local_2017,__main__,council_smd,unm,საარჩევნო ბლოკი „ერთიანი ნაციონალური მოძრაობა”,,1,გორი,,5,კახა,ლობჟანიძე,კახა ლობჟანიძე,,,majoritarians_all.pdf
local_2017,__main__,council_smd,unm,საარჩევნო ბლოკი „ერთიანი ნაციონალური მოძრაობა”,,2,გორი,,5,მაია,ბარჯაძე,მაია ბარჯაძე,,,majoritarians_all.pdf
local_2017,__main__,council_smd,unm,საარჩევნო ბლოკი „ერთიანი ნაციონალური მოძრაობა”,,3,გორი,,5,მალხაზ,გელაძე,მალხაზ გელაძე,,,majoritarians_all.pdf
local_2017,__main__,council_smd,unm,საარჩევნო ბლოკი „ერთიანი ნაციონალური მოძრაობა”,,4,გორი,,5,კონსტანტინე,რომელაშვილი,კონსტანტინე რომელაშვილი,,,majoritarians_all.pdf
local_2017,__main__,council_smd,unm,საარჩევნო ბლოკი „ერთიანი ნაციონალური მოძრაობა”,,5,გორი,,5,ტარიელ,თინიკაშვილი,ტარიელ თინიკაშვილი,,,majoritarians_all.pdf
local_2017,__main__,council_smd,unm,საარჩევნო ბლოკი „ერთიანი ნაციონალური მოძრაობა”,,6,გორი,,5,ზურაბ,ბოლაშვილი,ზურაბ ბოლაშვილი,,,majoritarians_all.pdf
local_2017,__main__,council_smd,unm,საარჩევნო ბლოკი „ერთიანი ნაციონალური მოძრაობა”,,7,გორი,,5,არჩილ,ტარუაშვილი,არჩილ ტარუაშვილი,,,majoritarians_all.pdf
local_2017,__main__,council_smd,unm,საარჩევნო ბლოკი „ერთიანი ნაციონალური მოძრაობა”,,8,გორი,,5,საბა,სეხნიაშვილი,საბა სეხნიაშვილი,,,majoritarians_all.pdf
local_2017,__main__,council_smd,unm,საარჩევნო ბლოკი „ერთიანი ნაციონალური მოძრაობა”,,9,გორი,,5,ილია,ეცადაშვილი,ილია ეცადაშვილი,,,majoritarians_all.pdf
local_2017,__main__,council_smd,unm,საარჩევნო ბლოკი „ერთიანი ნაციონალური მოძრაობა”,,10,გორი,,5,მალხაზ,სალამაძე,მალხაზ სალამაძე,,,majoritarians_all.pdf
local_2017,__main__,council_smd,unm,საარჩევნო ბლოკი „ერთიანი ნაციონალური მოძრაობა”,,11,გორი,,5,გიორგი,ტურაშვილი,გიორგი ტურაშვილი,,,majoritarians_all.pdf
local_2017,__main__,council_smd,unm,საარჩევნო ბლოკი „ერთიანი ნაციონალური მოძრაობა”,,12,გორი,,5,პაატა,დევიძე,პაატა დევიძე,,,majoritarians_all.pdf
local_2017,__main__,council_smd,unm,საარჩევნო ბლოკი „ერთიანი ნაციონალური მოძრაობა”,,13,გორი,,5,თევდორე,ხოსრუაშვილი,თევდორე ხოსრუაშვილი,,,majoritarians_all.pdf
local_2017,__main__,council_smd,unm,საარჩევნო ბლოკი „ერთიანი ნაციონალური მოძრაობა”,,14,გორი,,5,ნაზი,დიდებელი,ნაზი დიდებელი,,,majoritarians_all.pdf
local_2017,__main__,council_smd,unm,საარჩევნო ბლოკი „ერთიანი ნაციონალური მოძრაობა”,,15,გორი,,5,გოჩა,მაზმიშვილი,გოჩა მაზმიშვილი,,,majoritarians_all.pdf
local_2017,__main__,council_smd,unm,საარჩევნო ბლოკი „ერთიანი ნაციონალური მოძრაობა”,,16,გორი,,5,ვახტანგ,აზალაძე,ვახტანგ აზალაძე,,,majoritarians_all.pdf
local_2017,__main__,council_smd,unm,საარჩევნო ბლოკი „ერთიანი ნაციონალური მოძრაობა”,,17,გორი,,5,ვასილისა,ჯაბახიძე,ვასილისა ჯაბახიძე,,,majoritarians_all.pdf
local_2017,__main__,council_smd,unm,საარჩევნო ბლოკი „ერთიანი ნაციონალური მოძრაობა”,,18,გორი,,5,შორენა,ჭიოტაშვილი,შორენა ჭიოტაშვილი,,,majoritarians_all.pdf
local_2017,__main__,council_smd,unm,საარჩევნო ბლოკი „ერთიანი ნაციონალური მოძრაობა”,,19,გორი,,5,ბექა,ქორჩილავა,ბექა ქორჩილავა,,,majoritarians_all.pdf
local_2017,__main__,council_smd,unm,საარჩევნო ბლოკი „ერთიანი ნაციონალური მოძრაობა”,,20,გორი,,5,კახაბერ,ინაური,კახაბერ ინაური,,,majoritarians_all.pdf
local_2017,__main__,council_smd,unm,საარჩევნო ბლოკი „ერთიანი ნაციონალური მოძრაობა”,,1,გორი,,5,კობა,ტლაშაძე,კობა ტლაშაძე,,,majoritarians_all.pdf
local_2017,__main__,council_smd,unm,საარჩევნო ბლოკი „ერთიანი ნაციონალური მოძრაობა”,,21,გორი,,5,სერგო,ლუკაშვილი,სერგო ლუკაშვილი,,,majoritarians_all.pdf
local_2017,__main__,council_smd,unm,საარჩევნო ბლოკი „ერთიანი ნაციონალური მოძრაობა”,,1,გორი,,5,შორენა,მაყიშვილი,შორენა მაყიშვილი,,,majoritarians_all.pdf
local_2017,__main__,council_smd,unm,საარჩევნო ბლოკი „ერთიანი ნაციონალური მოძრაობა”,,1,გორი,,5,მიხეილ,თვაური,მიხეილ თვაური,,,majoritarians_all.pdf
local_2017,__main__,council_smd,unm,საარჩევნო ბლოკი „ერთიანი ნაციონალური მოძრაობა”,,1,გორი,,5,მინდია,გოდერძიშვილი,მინდია გოდერძიშვილი,,,majoritarians_all.pdf
local_2017,__main__,council_smd,patriots,"„დავით თარხან-მოურავი, ირმა ინაშვილი - საქართველოს პატრიოტთა",,1,გორი,,8,ალიანსი”ციცინო,შოშიაშვილი,ალიანსი”ციცინო შოშიაშვილი,,,majoritarians_all.pdf
local_2017,__main__,council_smd,patriots,"„დავით თარხან-მოურავი, ირმა ინაშვილი - საქართველოს პატრიოტთა",,1,გორი,,8,ალიანსი”იზა,კენჭოშვილი,ალიანსი”იზა კენჭოშვილი,,,majoritarians_all.pdf
local_2017,__main__,council_smd,patriots,"„დავით თარხან-მოურავი, ირმა ინაშვილი - საქართველოს პატრიოტთა",,1,გორი,,8,ალიანსი”მარინე,მდივანი,ალიანსი”მარინე მდივანი,,,majoritarians_all.pdf
local_2017,__main__,council_smd,patriots,"„დავით თარხან-მოურავი, ირმა ინაშვილი - საქართველოს პატრიოტთა",,3,გორი,,8,ალიანსი”მიხეილ,ქობლიანიძე,ალიანსი”მიხეილ ქობლიანიძე,,,majoritarians_all.pdf
local_2017,__main__,council_smd,patriots,"„დავით თარხან-მოურავი, ირმა ინაშვილი - საქართველოს პატრიოტთა",,4,გორი,,8,ალიანსი”რიტა,აბალაკი,ალიანსი”რიტა აბალაკი,,,majoritarians_all.pdf
local_2017,__main__,council_smd,patriots,"„დავით თარხან-მოურავი, ირმა ინაშვილი - საქართველოს პატრიოტთა",,5,გორი,,8,ალიანსი”აკაკი,წიკლაური,ალიანსი”აკაკი წიკლაური,,,majoritarians_all.pdf
local_2017,__main__,council_smd,patriots,"„დავით თარხან-მოურავი, ირმა ინაშვილი - საქართველოს პატრიოტთა",,9,გორი,,8,ალიანსი”ნანა,ადუაშვილი,ალიანსი”ნანა ადუაშვილი,,,majoritarians_all.pdf
local_2017,__main__,council_smd,patriots,"„დავით თარხან-მოურავი, ირმა ინაშვილი - საქართველოს პატრიოტთა",,12,გორი,,8,ალიანსი”ილია,მინდიაშვილი,ალიანსი”ილია მინდიაშვილი,,,majoritarians_all.pdf
local_2017,__main__,council_smd,patriots,"„დავით თარხან-მოურავი, ირმა ინაშვილი - საქართველოს პატრიოტთა",,14,გორი,,8,ალიანსი”ბესარიონი,ბერიანიძე,ალიანსი”ბესარიონი ბერიანიძე,,,majoritarians_all.pdf
local_2017,__main__,council_smd,patriots,"„დავით თარხან-მოურავი, ირმა ინაშვილი - საქართველოს პატრიოტთა",,16,გორი,,8,ალიანსი”ვახტანგ,ასლანიშვილი,ალიანსი”ვახტანგ ასლანიშვილი,,,majoritarians_all.pdf
local_2017,__main__,council_smd,patriots,"„დავით თარხან-მოურავი, ირმა ინაშვილი - საქართველოს პატრიოტთა",,17,გორი,,8,ალიანსი”თამაზ,მამისაშვილი,ალიანსი”თამაზ მამისაშვილი,,,majoritarians_all.pdf
local_2017,__main__,council_smd,patriots,"„დავით თარხან-მოურავი, ირმა ინაშვილი - საქართველოს პატრიოტთა",,21,გორი,,8,ალიანსი”მიხეილ,ჩიხლაძე,ალიანსი”მიხეილ ჩიხლაძე,,,majoritarians_all.pdf
local_2017,__main__,council_smd,patriots,"„დავით თარხან-მოურავი, ირმა ინაშვილი - საქართველოს პატრიოტთა",,20,გორი,,8,ალიანსი”ზურაბ,კეჩხუაშვილი,ალიანსი”ზურაბ კეჩხუაშვილი,,,majoritarians_all.pdf
local_2017,__main__,council_smd,labour,„შალვა ნათელაშვილი - საქართველოს ლეიბორისტული პარტია”,,1,გორი,,10,ზურაბ,მეზვრიშვილი,ზურაბ მეზვრიშვილი,,,majoritarians_all.pdf
local_2017,__main__,council_smd,labour,„შალვა ნათელაშვილი - საქართველოს ლეიბორისტული პარტია”,,1,გორი,,10,ილია,ქერდიყოშვილი,ილია ქერდიყოშვილი,,,majoritarians_all.pdf
local_2017,__main__,council_smd,construction_movement_2017,„შენების მოძრაობა”,,17,გორი,,20,თემურ,აფხაზაშვილი,თემურ აფხაზაშვილი,,,majoritarians_all.pdf
local_2017,__main__,council_smd,construction_movement_2017,„შენების მოძრაობა”,,16,გორი,,20,თეიმურაზ,გიგუაშვილი,თეიმურაზ გიგუაშვილი,,,majoritarians_all.pdf
local_2017,__main__,council_smd,construction_movement_2017,„შენების მოძრაობა”,,18,გორი,,20,ზურაბი,კუდუხაშვილი,ზურაბი კუდუხაშვილი,,,majoritarians_all.pdf
local_2017,__main__,council_smd,construction_movement_2017,„შენების მოძრაობა”,,20,გორი,,20,პაატა,ხუციშვილი,პაატა ხუციშვილი,,,majoritarians_all.pdf
local_2017,__main__,council_smd,construction_movement_2017,„შენების მოძრაობა”,,19,გორი,,20,მირიან,მაზმიშვილი,მირიან მაზმიშვილი,,,majoritarians_all.pdf
local_2017,__main__,council_smd,construction_movement_2017,„შენების მოძრაობა”,,6,გორი,,20,ბექა,ვატიტაძე,ბექა ვატიტაძე,,,majoritarians_all.pdf
local_2017,__main__,council_smd,construction_movement_2017,„შენების მოძრაობა”,,12,გორი,,20,კახაბერ,ერგემლიძე,კახაბერ ერგემლიძე,,,majoritarians_all.pdf
local_2017,__main__,council_smd,construction_movement_2017,„შენების მოძრაობა”,,13,გორი,,20,ილია,ძამაშვილი,ილია ძამაშვილი,,,majoritarians_all.pdf
local_2017,__main__,council_smd,construction_movement_2017,„შენების მოძრაობა”,,8,გორი,,20,გიორგი,აწკარუნაშვილი,გიორგი აწკარუნაშვილი,,,majoritarians_all.pdf
local_2017,__main__,council_smd,construction_movement_2017,„შენების მოძრაობა”,,5,გორი,,20,ლუბა,ყველაშვილი,ლუბა ყველაშვილი,,,majoritarians_all.pdf
local_2017,__main__,council_smd,construction_movement_2017,„შენების მოძრაობა”,,4,გორი,,20,რამაზ,ყაყიტაშვილი,რამაზ ყაყიტაშვილი,,,majoritarians_all.pdf
local_2017,__main__,council_smd,construction_movement_2017,„შენების მოძრაობა”,,15,გორი,,20,თეიმურაზ,ელიკაშვილი,თეიმურაზ ელიკაშვილი,,,majoritarians_all.pdf
local_2017,__main__,council_smd,construction_movement_2017,„შენების მოძრაობა”,,21,გორი,,20,ზაურ,კვინიკაძე,ზაურ კვინიკაძე,,,majoritarians_all.pdf
local_2017,__main__,council_smd,construction_movement_2017,„შენების მოძრაობა”,,9,გორი,,20,ივანე,არჩუაძე,ივანე არჩუაძე,,,majoritarians_all.pdf
local_2017,__main__,council_smd,construction_movement_2017,„შენების მოძრაობა”,,1,გორი,,20,ირმა,პაპიძე,ირმა პაპიძე,,,majoritarians_all.pdf
local_2017,__main__,council_smd,construction_movement_2017,„შენების მოძრაობა”,,7,გორი,,20,ვახტანგ,ბერკაცაშვილი,ვახტანგ ბერკაცაშვილი,,,majoritarians_all.pdf
local_2017,__main__,council_smd,construction_movement_2017,„შენების მოძრაობა”,,1,გორი,,20,თამარ,ედიშერაშვილი,თამარ ედიშერაშვილი,,,majoritarians_all.pdf
local_2017,__main__,council_smd,construction_movement_2017,„შენების მოძრაობა”,,1,გორი,,20,ზურაბ,ლაღიძე,ზურაბ ლაღიძე,,,majoritarians_all.pdf
local_2017,__main__,council_smd,construction_movement_2017,„შენების მოძრაობა”,,1,გორი,,20,გურამ,ვაჭრიძე,გურამ ვაჭრიძე,,,majoritarians_all.pdf
local_2017,__main__,council_smd,construction_movement_2017,„შენების მოძრაობა”,,11,გორი,,20,ტარიელ,გურგენიძე,ტარიელ გურგენიძე,,,majoritarians_all.pdf
local_2017,__main__,council_smd,georgia_party,„სოციალისტური საქართველო - კომუნისტები”,,8,გორი,,37,ალექსი,მიქელაშვილი,ალექსი მიქელაშვილი,,,majoritarians_all.pdf
local_2017,__main__,council_smd,peoples_unity_2017,საარჩევნო ბლოკი „სახალხო-ხალხის ერთსულოვნება”,,1,გორი,,38,ბესიკ,კაიშაური,ბესიკ კაიშაური,,,majoritarians_all.pdf
local_2017,__main__,council_smd,peoples_unity_2017,საარჩევნო ბლოკი „სახალხო-ხალხის ერთსულოვნება”,,1,გორი,,38,სოფიო,გუდაძე,სოფიო გუდაძე,,,majoritarians_all.pdf
local_2017,__main__,council_smd,peoples_unity_2017,საარჩევნო ბლოკი „სახალხო-ხალხის ერთსულოვნება”,,13,გორი,,38,ნაზო,კურტანიძე,ნაზო კურტანიძე,,,majoritarians_all.pdf
local_2017,__main__,council_smd,peoples_unity_2017,საარჩევნო ბლოკი „სახალხო-ხალხის ერთსულოვნება”,,2,გორი,,38,ავთანდილ,ნაფიშვილი,ავთანდილ ნაფიშვილი,,,majoritarians_all.pdf
local_2017,__main__,council_smd,peoples_unity_2017,საარჩევნო ბლოკი „სახალხო-ხალხის ერთსულოვნება”,,11,გორი,,38,ილია,მახათაძე,ილია მახათაძე,,,majoritarians_all.pdf
local_2017,__main__,council_smd,peoples_unity_2017,საარჩევნო ბლოკი „სახალხო-ხალხის ერთსულოვნება”,,1,გორი,,38,გოჩა,დათაშვილი,გოჩა დათაშვილი,,,majoritarians_all.pdf
local_2017,__main__,council_smd,peoples_unity_2017,საარჩევნო ბლოკი „სახალხო-ხალხის ერთსულოვნება”,,1,გორი,,38,ზაზა,მელთაური,ზაზა მელთაური,,,majoritarians_all.pdf
local_2017,__main__,council_smd,peoples_unity_2017,საარჩევნო ბლოკი „სახალხო-ხალხის ერთსულოვნება”,,1,გორი,,38,ბეგლარ,კოლოტაშვილი,ბეგლარ კოლოტაშვილი,,,majoritarians_all.pdf
local_2017,__main__,council_smd,peoples_unity_2017,საარჩევნო ბლოკი „სახალხო-ხალხის ერთსულოვნება”,,21,გორი,,38,ილია,კოშორიძე,ილია კოშორიძე,,,majoritarians_all.pdf
local_2017,__main__,council_smd,peoples_unity_2017,საარჩევნო ბლოკი „სახალხო-ხალხის ერთსულოვნება”,,9,გორი,,38,თეიმურაზ,ირემაძე,თეიმურაზ ირემაძე,,,majoritarians_all.pdf
local_2017,__main__,council_smd,peoples_unity_2017,საარჩევნო ბლოკი „სახალხო-ხალხის ერთსულოვნება”,,14,გორი,,38,შოთა,დუტკინი,შოთა დუტკინი,,,majoritarians_all.pdf
local_2017,__main__,council_smd,peoples_unity_2017,საარჩევნო ბლოკი „სახალხო-ხალხის ერთსულოვნება”,,20,გორი,,38,ნიკა,ელიაური,ნიკა ელიაური,,,majoritarians_all.pdf
local_2017,__main__,council_smd,peoples_unity_2017,საარჩევნო ბლოკი „სახალხო-ხალხის ერთსულოვნება”,,4,გორი,,38,გიორგი,ზერეკიძე,გიორგი ზერეკიძე,,,majoritarians_all.pdf
local_2017,__main__,council_smd,peoples_unity_2017,საარჩევნო ბლოკი „სახალხო-ხალხის ერთსულოვნება”,,17,გორი,,38,ზაზა,გალუსტაშვილი,ზაზა გალუსტაშვილი,,,majoritarians_all.pdf
local_2017,__main__,council_smd,gd,„ქართული ოცნება-დემოკრატიული საქართველო”,,17,გორი,,41,დავით,ადუაშვილი,დავით ადუაშვილი,,,majoritarians_all.pdf
local_2017,__main__,council_smd,gd,„ქართული ოცნება-დემოკრატიული საქართველო”,,18,გორი,,41,ჯემიკო,დუდაშვილი,ჯემიკო დუდაშვილი,,,majoritarians_all.pdf
local_2017,__main__,council_smd,gd,„ქართული ოცნება-დემოკრატიული საქართველო”,,21,გორი,,41,ივანე,ნონიკაშვილი,ივანე ნონიკაშვილი,,,majoritarians_all.pdf
local_2017,__main__,council_smd,gd,„ქართული ოცნება-დემოკრატიული საქართველო”,,19,გორი,,41,ზურაბ,ყაჯრიშვილი,ზურაბ ყაჯრიშვილი,,,majoritarians_all.pdf
local_2017,__main__,council_smd,gd,„ქართული ოცნება-დემოკრატიული საქართველო”,,11,გორი,,41,ასმათ,ტალახაძე,ასმათ ტალახაძე,,,majoritarians_all.pdf
local_2017,__main__,council_smd,gd,„ქართული ოცნება-დემოკრატიული საქართველო”,,7,გორი,,41,მიხეილ,გოგებაშვილი,მიხეილ გოგებაშვილი,,,majoritarians_all.pdf
local_2017,__main__,council_smd,gd,„ქართული ოცნება-დემოკრატიული საქართველო”,,8,გორი,,41,კობა,ბერიანიძე,კობა ბერიანიძე,,,majoritarians_all.pdf
local_2017,__main__,council_smd,gd,„ქართული ოცნება-დემოკრატიული საქართველო”,,9,გორი,,41,მურაზ,ღოლიჯაშვილი,მურაზ ღოლიჯაშვილი,,,majoritarians_all.pdf
local_2017,__main__,council_smd,gd,„ქართული ოცნება-დემოკრატიული საქართველო”,,10,გორი,,41,მალხაზ,ბაიაძე,მალხაზ ბაიაძე,,,majoritarians_all.pdf
local_2017,__main__,council_smd,gd,„ქართული ოცნება-დემოკრატიული საქართველო”,,6,გორი,,41,ირაკლი,ჯალაბაძე,ირაკლი ჯალაბაძე,,,majoritarians_all.pdf
local_2017,__main__,council_smd,gd,„ქართული ოცნება-დემოკრატიული საქართველო”,,1,გორი,,41,დავით,სარალიძე,დავით სარალიძე,,,majoritarians_all.pdf
local_2017,__main__,council_smd,gd,„ქართული ოცნება-დემოკრატიული საქართველო”,,2,გორი,,41,შოთა,ვანიშვილი,შოთა ვანიშვილი,,,majoritarians_all.pdf
local_2017,__main__,council_smd,gd,„ქართული ოცნება-დემოკრატიული საქართველო”,,3,გორი,,41,ილია,ვარდანაშვილი,ილია ვარდანაშვილი,,,majoritarians_all.pdf
local_2017,__main__,council_smd,gd,„ქართული ოცნება-დემოკრატიული საქართველო”,,4,გორი,,41,გიორგი,შიოშვილი,გიორგი შიოშვილი,,,majoritarians_all.pdf
local_2017,__main__,council_smd,gd,„ქართული ოცნება-დემოკრატიული საქართველო”,,1,გორი,,41,ხვიჩა,ხიხალაშვილი,ხვიჩა ხიხალაშვილი,,,majoritarians_all.pdf
local_2017,__main__,council_smd,gd,„ქართული ოცნება-დემოკრატიული საქართველო”,,5,გორი,,41,ჯუმბერ,გიგაური,ჯუმბერ გიგაური,,,majoritarians_all.pdf
local_2017,__main__,council_smd,gd,„ქართული ოცნება-დემოკრატიული საქართველო”,,13,გორი,,41,მანუჩარ,ლაფაჩი,მანუჩარ ლაფაჩი,,,majoritarians_all.pdf
local_2017,__main__,council_smd,gd,„ქართული ოცნება-დემოკრატიული საქართველო”,,12,გორი,,41,მერაბ,მელანაშვილი,მერაბ მელანაშვილი,,,majoritarians_all.pdf
local_2017,__main__,council_smd,gd,„ქართული ოცნება-დემოკრატიული საქართველო”,,14,გორი,,41,ავთანდილ,შოშიაშვილი,ავთანდილ შოშიაშვილი,,,majoritarians_all.pdf
local_2017,__main__,council_smd,gd,„ქართული ოცნება-დემოკრატიული საქართველო”,,15,გორი,,41,კახაბერ,ედიშერაშვილი,კახაბერ ედიშერაშვილი,,,majoritarians_all.pdf
local_2017,__main__,council_smd,gd,„ქართული ოცნება-დემოკრატიული საქართველო”,,20,გორი,,41,იოსებ,მუმლაძე,იოსებ მუმლაძე,,,majoritarians_all.pdf
local_2017,__main__,council_smd,gd,„ქართული ოცნება-დემოკრატიული საქართველო”,,16,გორი,,41,ივანე,კორინთელი,ივანე კორინთელი,,,majoritarians_all.pdf
local_2017,__main__,council_smd,gd,„ქართული ოცნება-დემოკრატიული საქართველო”,,1,გორი,,41,დავით,რაზმაძე,დავით რაზმაძე,,,majoritarians_all.pdf
local_2017,__main__,council_smd,gd,„ქართული ოცნება-დემოკრატიული საქართველო”,,1,გორი,,41,დავით,გუდაძე,დავით გუდაძე,,,majoritarians_all.pdf
local_2017,__main__,council_smd,gd,„ქართული ოცნება-დემოკრატიული საქართველო”,,1,გორი,,41,ნანა,ედიშერაშვილი,ნანა ედიშერაშვილი,,,majoritarians_all.pdf
local_2017,__main__,council_smd,initiative_group,"საინიციატივო ჯგუფი - ილია ელიაშვილი, მამუკა ბერუაშვილი, ბადრი გლახაშვილი, გელა მახარაშვილი, ილია მეცხვარიშვილი.",,10,გორი,,42,მერაბ,მახარაშვილი,მერაბ მახარაშვილი,,,majoritarians_all.pdf
local_2017,__main__,council_smd,initiative_group,"საინიციატივო ჯგუფი - ზურაბი ფარნიაშვილი, ზურაბი ელუაშვილი, ნიკო გიორგაშვილი, გიორგი ნამორაძე, გიორგი მეტრეველი",,12,გორი,,42,თემურაზ,ლაზარაშვილი,თემურაზ ლაზარაშვილი,,,majoritarians_all.pdf
local_2017,__main__,council_smd,initiative_group,"საინიციატივო ჯგუფი - მერაბ ბზიშვილი, ნაზიკო ბზიშვილი, ზეინაბ ვანიშვილი, როინ მიდელაშვილი, ლევან ვანიშვილი",,2,გორი,,42,დავით,ვანიშვილი,დავით ვანიშვილი,,,majoritarians_all.pdf
local_2017,__main__,council_smd,initiative_group,"საინიციატივო ჯგუფი - ნიკოლოზ ნიჟარაძე, გულნარა ცარციძე, ლიანა ყველაშვილი, ლავრენტი თოჩიშვილი, მურად თოჩიშვილი",,5,გორი,,42,მურადი,თოფჩიშვილი,მურადი თოფჩიშვილი,,,majoritarians_all.pdf
local_2017,__main__,council_smd,european_georgia,"საარჩევნო ბლოკი „ბაქრაძე, უგულავა-ევროპული საქართველო”",,15,ქარელი,,2,ვანო,ბალიაშვილი,ვანო ბალიაშვილი,,,majoritarians_all.pdf
local_2017,__main__,council_smd,european_georgia,"საარჩევნო ბლოკი „ბაქრაძე, უგულავა-ევროპული საქართველო”",,12,ქარელი,,2,ემზარ,მედოშვილი,ემზარ მედოშვილი,,,majoritarians_all.pdf
local_2017,__main__,council_smd,european_georgia,"საარჩევნო ბლოკი „ბაქრაძე, უგულავა-ევროპული საქართველო”",,11,ქარელი,,2,მალხაზ,ქუბაძე,მალხაზ ქუბაძე,,,majoritarians_all.pdf
local_2017,__main__,council_smd,european_georgia,"საარჩევნო ბლოკი „ბაქრაძე, უგულავა-ევროპული საქართველო”",,3,ქარელი,,2,ლალი,რამაზაშვილი,ლალი რამაზაშვილი,,,majoritarians_all.pdf
local_2017,__main__,council_smd,european_georgia,"საარჩევნო ბლოკი „ბაქრაძე, უგულავა-ევროპული საქართველო”",,2,ქარელი,,2,ნინო,ბიჭიაშვილი,ნინო ბიჭიაშვილი,,,majoritarians_all.pdf
local_2017,__main__,council_smd,european_georgia,"საარჩევნო ბლოკი „ბაქრაძე, უგულავა-ევროპული საქართველო”",,7,ქარელი,,2,გელა,ემანულიძე,გელა ემანულიძე,,,majoritarians_all.pdf
local_2017,__main__,council_smd,european_georgia,"საარჩევნო ბლოკი „ბაქრაძე, უგულავა-ევროპული საქართველო”",,6,ქარელი,,2,ზაზა,გოჩაშვილი,ზაზა გოჩაშვილი,,,majoritarians_all.pdf
local_2017,__main__,council_smd,european_georgia,"საარჩევნო ბლოკი „ბაქრაძე, უგულავა-ევროპული საქართველო”",,5,ქარელი,,2,ალექსანდრე,ლემსაძე,ალექსანდრე ლემსაძე,,,majoritarians_all.pdf
local_2017,__main__,council_smd,european_georgia,"საარჩევნო ბლოკი „ბაქრაძე, უგულავა-ევროპული საქართველო”",,4,ქარელი,,2,ალექსანდრე,ორჯონიკიძე,ალექსანდრე ორჯონიკიძე,,,majoritarians_all.pdf
local_2017,__main__,council_smd,european_georgia,"საარჩევნო ბლოკი „ბაქრაძე, უგულავა-ევროპული საქართველო”",,1,ქარელი,,2,მარინე,მარჯანიძე,მარინე მარჯანიძე,,,majoritarians_all.pdf
local_2017,__main__,council_smd,european_georgia,"საარჩევნო ბლოკი „ბაქრაძე, უგულავა-ევროპული საქართველო”",,16,ქარელი,,2,გია,ინდუაშვილი,გია ინდუაშვილი,,,majoritarians_all.pdf
local_2017,__main__,council_smd,european_georgia,"საარჩევნო ბლოკი „ბაქრაძე, უგულავა-ევროპული საქართველო”",,10,ქარელი,,2,გურამი,მურაჩაშვილი,გურამი მურაჩაშვილი,,,majoritarians_all.pdf
local_2017,__main__,council_smd,european_georgia,"საარჩევნო ბლოკი „ბაქრაძე, უგულავა-ევროპული საქართველო”",,9,ქარელი,,2,სარდიონ,კოპაძე,სარდიონ კოპაძე,,,majoritarians_all.pdf
local_2017,__main__,council_smd,european_georgia,"საარჩევნო ბლოკი „ბაქრაძე, უგულავა-ევროპული საქართველო”",,8,ქარელი,,2,ვახტანგ,გულიკაშვილი,ვახტანგ გულიკაშვილი,,,majoritarians_all.pdf
local_2017,__main__,council_smd,free_georgia,"საარჩევნო ბლოკი „დიმიტრი ლორთქიფანიძე, კახა კუკავა-დემოკრატიული მოძრაობა-თავისუფალი საქართველო”",,16,ქარელი,,3,გიორგი,თევდორაშვილი,გიორგი თევდორაშვილი,,,majoritarians_all.pdf
local_2017,__main__,council_smd,free_georgia,"საარჩევნო ბლოკი „დიმიტრი ლორთქიფანიძე, კახა კუკავა-დემოკრატიული მოძრაობა-თავისუფალი საქართველო”",,15,ქარელი,,3,ალექსი,ჩხიკვაძე,ალექსი ჩხიკვაძე,,,majoritarians_all.pdf
local_2017,__main__,council_smd,free_georgia,"საარჩევნო ბლოკი „დიმიტრი ლორთქიფანიძე, კახა კუკავა-დემოკრატიული მოძრაობა-თავისუფალი საქართველო”",,2,ქარელი,,3,მერაბ,ობოლაძე,მერაბ ობოლაძე,,,majoritarians_all.pdf
local_2017,__main__,council_smd,unm,საარჩევნო ბლოკი „ერთიანი ნაციონალური მოძრაობა”,,16,ქარელი,,5,რომან,ხანიშვილი,რომან ხანიშვილი,,,majoritarians_all.pdf
local_2017,__main__,council_smd,unm,საარჩევნო ბლოკი „ერთიანი ნაციონალური მოძრაობა”,,17,ქარელი,,5,ბესიკ,სიდამონიძე,ბესიკ სიდამონიძე,,,majoritarians_all.pdf
local_2017,__main__,council_smd,unm,საარჩევნო ბლოკი „ერთიანი ნაციონალური მოძრაობა”,,13,ქარელი,,5,გია,ვოსკანიანი,გია ვოსკანიანი,,,majoritarians_all.pdf
local_2017,__main__,council_smd,unm,საარჩევნო ბლოკი „ერთიანი ნაციონალური მოძრაობა”,,14,ქარელი,,5,თამარ,დიასამიძე,თამარ დიასამიძე,,,majoritarians_all.pdf
local_2017,__main__,council_smd,unm,საარჩევნო ბლოკი „ერთიანი ნაციონალური მოძრაობა”,,12,ქარელი,,5,დავით,ჯოხტაბერიძე,დავით ჯოხტაბერიძე,,,majoritarians_all.pdf
local_2017,__main__,council_smd,unm,საარჩევნო ბლოკი „ერთიანი ნაციონალური მოძრაობა”,,15,ქარელი,,5,გიორგი,გელდიაშვილი,გიორგი გელდიაშვილი,,,majoritarians_all.pdf
local_2017,__main__,council_smd,unm,საარჩევნო ბლოკი „ერთიანი ნაციონალური მოძრაობა”,,9,ქარელი,,5,გოჩა,ნებიერიძე,გოჩა ნებიერიძე,,,majoritarians_all.pdf
local_2017,__main__,council_smd,unm,საარჩევნო ბლოკი „ერთიანი ნაციონალური მოძრაობა”,,8,ქარელი,,5,ლევან,სტეფანიშვილი,ლევან სტეფანიშვილი,,,majoritarians_all.pdf
local_2017,__main__,council_smd,unm,საარჩევნო ბლოკი „ერთიანი ნაციონალური მოძრაობა”,,11,ქარელი,,5,დავით,კოპაძე,დავით კოპაძე,,,majoritarians_all.pdf
local_2017,__main__,council_smd,unm,საარჩევნო ბლოკი „ერთიანი ნაციონალური მოძრაობა”,,10,ქარელი,,5,ჰამლეტ,დავრაშელიძე,ჰამლეტ დავრაშელიძე,,,majoritarians_all.pdf
local_2017,__main__,council_smd,unm,საარჩევნო ბლოკი „ერთიანი ნაციონალური მოძრაობა”,,3,ქარელი,,5,ლალი,კილასონია,ლალი კილასონია,,,majoritarians_all.pdf
local_2017,__main__,council_smd,unm,საარჩევნო ბლოკი „ერთიანი ნაციონალური მოძრაობა”,,2,ქარელი,,5,ჯუმბერ,ნოზაძე,ჯუმბერ ნოზაძე,,,majoritarians_all.pdf
local_2017,__main__,council_smd,unm,საარჩევნო ბლოკი „ერთიანი ნაციონალური მოძრაობა”,,1,ქარელი,,5,ზაზა,მარჯანიძე,ზაზა მარჯანიძე,,,majoritarians_all.pdf
local_2017,__main__,council_smd,unm,საარჩევნო ბლოკი „ერთიანი ნაციონალური მოძრაობა”,,4,ქარელი,,5,გია,ჭიღლაძე,გია ჭიღლაძე,,,majoritarians_all.pdf
local_2017,__main__,council_smd,unm,საარჩევნო ბლოკი „ერთიანი ნაციონალური მოძრაობა”,,5,ქარელი,,5,მიხეილ,ჩუტკერაშვილი,მიხეილ ჩუტკერაშვილი,,,majoritarians_all.pdf
local_2017,__main__,council_smd,unm,საარჩევნო ბლოკი „ერთიანი ნაციონალური მოძრაობა”,,6,ქარელი,,5,ვაჟა,ცისკაძე,ვაჟა ცისკაძე,,,majoritarians_all.pdf
local_2017,__main__,council_smd,unm,საარჩევნო ბლოკი „ერთიანი ნაციონალური მოძრაობა”,,7,ქარელი,,5,თამაზ,ახალკაცი,თამაზ ახალკაცი,,,majoritarians_all.pdf
local_2017,__main__,council_smd,unm,საარჩევნო ბლოკი „ერთიანი ნაციონალური მოძრაობა”,,1,ქარელი,,5,ილია,ბაბლიძე,ილია ბაბლიძე,,,majoritarians_all.pdf
local_2017,__main__,council_smd,patriots,"„დავით თარხან-მოურავი, ირმა ინაშვილი - საქართველოს პატრიოტთა",,13,ქარელი,,8,ალიანსი”ტარიელ,მძინარაშვილი,ალიანსი”ტარიელ მძინარაშვილი,,,majoritarians_all.pdf
local_2017,__main__,council_smd,patriots,"„დავით თარხან-მოურავი, ირმა ინაშვილი - საქართველოს პატრიოტთა",,16,ქარელი,,8,ალიანსი”ილია,ხანიშვილი,ალიანსი”ილია ხანიშვილი,,,majoritarians_all.pdf
local_2017,__main__,council_smd,patriots,"„დავით თარხან-მოურავი, ირმა ინაშვილი - საქართველოს პატრიოტთა",,11,ქარელი,,8,ალიანსი”ნოდარ,არხოშაშვილი,ალიანსი”ნოდარ არხოშაშვილი,,,majoritarians_all.pdf
local_2017,__main__,council_smd,patriots,"„დავით თარხან-მოურავი, ირმა ინაშვილი - საქართველოს პატრიოტთა",,2,ქარელი,,8,ალიანსი”ნიკა,სიდამონიძე,ალიანსი”ნიკა სიდამონიძე,,,majoritarians_all.pdf
local_2017,__main__,council_smd,patriots,"„დავით თარხან-მოურავი, ირმა ინაშვილი - საქართველოს პატრიოტთა",,7,ქარელი,,8,ალიანსი”როზა,პაპიაშვილი,ალიანსი”როზა პაპიაშვილი,,,majoritarians_all.pdf
local_2017,__main__,council_smd,patriots,"„დავით თარხან-მოურავი, ირმა ინაშვილი - საქართველოს პატრიოტთა",,4,ქარელი,,8,ალიანსი”ჯემალი,ხუციშვილი,ალიანსი”ჯემალი ხუციშვილი,,,majoritarians_all.pdf
local_2017,__main__,council_smd,patriots,"„დავით თარხან-მოურავი, ირმა ინაშვილი - საქართველოს პატრიოტთა",,14,ქარელი,,8,ალიანსი”გელა,ამბოკაძე,ალიანსი”გელა ამბოკაძე,,,majoritarians_all.pdf
local_2017,__main__,council_smd,patriots,"„დავით თარხან-მოურავი, ირმა ინაშვილი - საქართველოს პატრიოტთა",,6,ქარელი,,8,ალიანსი”მურთაზ,იმერლიშვილი,ალიანსი”მურთაზ იმერლიშვილი,,,majoritarians_all.pdf
local_2017,__main__,council_smd,patriots,"„დავით თარხან-მოურავი, ირმა ინაშვილი - საქართველოს პატრიოტთა",,10,ქარელი,,8,ალიანსი”თეიმურაზ,გემიაშვილი,ალიანსი”თეიმურაზ გემიაშვილი,,,majoritarians_all.pdf
local_2017,__main__,council_smd,patriots,"„დავით თარხან-მოურავი, ირმა ინაშვილი - საქართველოს პატრიოტთა",,15,ქარელი,,8,ალიანსი”ნანა,ზურაბაშვილი,ალიანსი”ნანა ზურაბაშვილი,,,majoritarians_all.pdf
local_2017,__main__,council_smd,gd,„ქართული ოცნება-დემოკრატიული საქართველო”,,10,ქარელი,,41,მიხეილ,ხათაშვილი,მიხეილ ხათაშვილი,,,majoritarians_all.pdf
local_2017,__main__,council_smd,gd,„ქართული ოცნება-დემოკრატიული საქართველო”,,8,ქარელი,,41,ჯუმბერ,შუბითიძე,ჯუმბერ შუბითიძე,,,majoritarians_all.pdf
local_2017,__main__,council_smd,gd,„ქართული ოცნება-დემოკრატიული საქართველო”,,11,ქარელი,,41,არჩილ,სადუნაშვილი,არჩილ სადუნაშვილი,,,majoritarians_all.pdf
local_2017,__main__,council_smd,gd,„ქართული ოცნება-დემოკრატიული საქართველო”,,12,ქარელი,,41,იური,ქობესაშვილი,იური ქობესაშვილი,,,majoritarians_all.pdf
local_2017,__main__,council_smd,gd,„ქართული ოცნება-დემოკრატიული საქართველო”,,9,ქარელი,,41,მამუკა,მახაჭაშვილი,მამუკა მახაჭაშვილი,,,majoritarians_all.pdf
local_2017,__main__,council_smd,gd,„ქართული ოცნება-დემოკრატიული საქართველო”,,16,ქარელი,,41,ვლადიმერ,ხიზანაშვილი,ვლადიმერ ხიზანაშვილი,,,majoritarians_all.pdf
local_2017,__main__,council_smd,gd,„ქართული ოცნება-დემოკრატიული საქართველო”,,14,ქარელი,,41,ზაზა,სოიტაშვილი,ზაზა სოიტაშვილი,,,majoritarians_all.pdf
local_2017,__main__,council_smd,gd,„ქართული ოცნება-დემოკრატიული საქართველო”,,15,ქარელი,,41,პაატა,ღვინიაშვილი,პაატა ღვინიაშვილი,,,majoritarians_all.pdf
local_2017,__main__,council_smd,gd,„ქართული ოცნება-დემოკრატიული საქართველო”,,13,ქარელი,,41,მამუკა,კოკოზაშვილი,მამუკა კოკოზაშვილი,,,majoritarians_all.pdf
local_2017,__main__,council_smd,gd,„ქართული ოცნება-დემოკრატიული საქართველო”,,17,ქარელი,,41,გელა,ქოთოლაშვილი,გელა ქოთოლაშვილი,,,majoritarians_all.pdf
local_2017,__main__,council_smd,gd,„ქართული ოცნება-დემოკრატიული საქართველო”,,1,ქარელი,,41,ყარამან,როინაშვილი,ყარამან როინაშვილი,,,majoritarians_all.pdf
local_2017,__main__,council_smd,gd,„ქართული ოცნება-დემოკრატიული საქართველო”,,7,ქარელი,,41,კობა,ნახუცრიშვილი,კობა ნახუცრიშვილი,,,majoritarians_all.pdf
local_2017,__main__,council_smd,gd,„ქართული ოცნება-დემოკრატიული საქართველო”,,4,ქარელი,,41,ბაქარ,მაჭარაშვილი,ბაქარ მაჭარაშვილი,,,majoritarians_all.pdf
local_2017,__main__,council_smd,gd,„ქართული ოცნება-დემოკრატიული საქართველო”,,5,ქარელი,,41,ლაშა,ლურსმანაშვილი,ლაშა ლურსმანაშვილი,,,majoritarians_all.pdf
local_2017,__main__,council_smd,gd,„ქართული ოცნება-დემოკრატიული საქართველო”,,3,ქარელი,,41,ზაზა,დაბრუნდაშვილი,ზაზა დაბრუნდაშვილი,,,majoritarians_all.pdf
local_2017,__main__,council_smd,gd,„ქართული ოცნება-დემოკრატიული საქართველო”,,1,ქარელი,,41,თეიმურაზი,ვახტანგიშვილი,თეიმურაზი ვახტანგიშვილი,,,majoritarians_all.pdf
local_2017,__main__,council_smd,gd,„ქართული ოცნება-დემოკრატიული საქართველო”,,2,ქარელი,,41,თამაზი,თურმანიძე,თამაზი თურმანიძე,,,majoritarians_all.pdf
local_2017,__main__,council_smd,gd,„ქართული ოცნება-დემოკრატიული საქართველო”,,6,ქარელი,,41,დავითი,მიდელაშვილი,დავითი მიდელაშვილი,,,majoritarians_all.pdf
local_2017,__main__,council_smd,initiative_group,"საინიციატივო ჯგუფი - ეკატერინე მარჯანიძე, ნონა კვინიკაძე, თამუნა ორჩალიევა, მარინე მარჯანიძე, ზურაბ მარჯანიძე",,1,ქარელი,,242,გიორგი,მარჯანიძე,გიორგი მარჯანიძე,,,majoritarians_all.pdf
local_2017,__main__,council_smd,initiative_group,"საინიციატივო ჯგუფი - თორნიკე ტიტვინიძე, რამაზი ტიტვინიძე,ოლია კუპატაძე, ნატო გულიაშვილი, ზურმუხტი ტიტვინიძე",,7,ქარელი,,42,ვეფხვია,ტიტვინიძე,ვეფხვია ტიტვინიძე,,,majoritarians_all.pdf
local_2017,__main__,council_smd,european_georgia,"საარჩევნო ბლოკი „ბაქრაძე, უგულავა-ევროპული საქართველო”",,3,ხაშური,,2,გიორგი,იმერლიშვილი,გიორგი იმერლიშვილი,,,majoritarians_all.pdf
local_2017,__main__,council_smd,european_georgia,"საარჩევნო ბლოკი „ბაქრაძე, უგულავა-ევროპული საქართველო”",,2,ხაშური,,2,გიორგი,ფცქიალაძე,გიორგი ფცქიალაძე,,,majoritarians_all.pdf
local_2017,__main__,council_smd,european_georgia,"საარჩევნო ბლოკი „ბაქრაძე, უგულავა-ევროპული საქართველო”",,1,ხაშური,,2,ბესიკ,მაზიაშვილი,ბესიკ მაზიაშვილი,,,majoritarians_all.pdf
local_2017,__main__,council_smd,european_georgia,"საარჩევნო ბლოკი „ბაქრაძე, უგულავა-ევროპული საქართველო”",,1,ხაშური,,2,ოლღა,გრივცოვა,ოლღა გრივცოვა,,,majoritarians_all.pdf
local_2017,__main__,council_smd,european_georgia,"საარჩევნო ბლოკი „ბაქრაძე, უგულავა-ევროპული საქართველო”",,1,ხაშური,,2,ჯემალ,მირზოევი,ჯემალ მირზოევი,,,majoritarians_all.pdf
local_2017,__main__,council_smd,european_georgia,"საარჩევნო ბლოკი „ბაქრაძე, უგულავა-ევროპული საქართველო”",,5,ხაშური,,2,მარიამ,ლომიძე,მარიამ ლომიძე,,,majoritarians_all.pdf
local_2017,__main__,council_smd,european_georgia,"საარჩევნო ბლოკი „ბაქრაძე, უგულავა-ევროპული საქართველო”",,1,ხაშური,,2,მარინა,ლომიძე,მარინა ლომიძე,,,majoritarians_all.pdf
local_2017,__main__,council_smd,european_georgia,"საარჩევნო ბლოკი „ბაქრაძე, უგულავა-ევროპული საქართველო”",,13,ხაშური,,2,ვასილ,მაზიაშვილი,ვასილ მაზიაშვილი,,,majoritarians_all.pdf
local_2017,__main__,council_smd,european_georgia,"საარჩევნო ბლოკი „ბაქრაძე, უგულავა-ევროპული საქართველო”",,11,ხაშური,,2,თეონა,ხარშილაძე,თეონა ხარშილაძე,,,majoritarians_all.pdf
local_2017,__main__,council_smd,european_georgia,"საარჩევნო ბლოკი „ბაქრაძე, უგულავა-ევროპული საქართველო”",,7,ხაშური,,2,შორენა,კიკაძე,შორენა კიკაძე,,,majoritarians_all.pdf
local_2017,__main__,council_smd,european_georgia,"საარჩევნო ბლოკი „ბაქრაძე, უგულავა-ევროპული საქართველო”",,9,ხაშური,,2,ოლია,ხარშილაძე,ოლია ხარშილაძე,,,majoritarians_all.pdf
local_2017,__main__,council_smd,free_georgia,"საარჩევნო ბლოკი „დიმიტრი ლორთქიფანიძე, კახა კუკავა-დემოკრატიული მოძრაობა-თავისუფალი საქართველო”",,1,ხაშური,,3,ანატოლი,ბლიაძე,ანატოლი ბლიაძე,,,majoritarians_all.pdf
local_2017,__main__,council_smd,free_georgia,"საარჩევნო ბლოკი „დიმიტრი ლორთქიფანიძე, კახა კუკავა-დემოკრატიული მოძრაობა-თავისუფალი საქართველო”",,3,ხაშური,,3,გიორგი,ნოზაძე,გიორგი ნოზაძე,,,majoritarians_all.pdf
local_2017,__main__,council_smd,free_georgia,"საარჩევნო ბლოკი „დიმიტრი ლორთქიფანიძე, კახა კუკავა-დემოკრატიული მოძრაობა-თავისუფალი საქართველო”",,2,ხაშური,,3,ვლადიმერ,ტალახაძე,ვლადიმერ ტალახაძე,,,majoritarians_all.pdf
local_2017,__main__,council_smd,free_georgia,"საარჩევნო ბლოკი „დიმიტრი ლორთქიფანიძე, კახა კუკავა-დემოკრატიული მოძრაობა-თავისუფალი საქართველო”",,10,ხაშური,,3,ინგა,უბირია,ინგა უბირია,,,majoritarians_all.pdf
local_2017,__main__,council_smd,free_georgia,"საარჩევნო ბლოკი „დიმიტრი ლორთქიფანიძე, კახა კუკავა-დემოკრატიული მოძრაობა-თავისუფალი საქართველო”",,11,ხაშური,,3,გურამ,სარალიძე,გურამ სარალიძე,,,majoritarians_all.pdf
local_2017,__main__,council_smd,free_georgia,"საარჩევნო ბლოკი „დიმიტრი ლორთქიფანიძე, კახა კუკავა-დემოკრატიული მოძრაობა-თავისუფალი საქართველო”",,1,ხაშური,,3,არჩილ,ჯაფარაშვილი,არჩილ ჯაფარაშვილი,,,majoritarians_all.pdf
local_2017,__main__,council_smd,free_georgia,"საარჩევნო ბლოკი „დიმიტრი ლორთქიფანიძე, კახა კუკავა-დემოკრატიული მოძრაობა-თავისუფალი საქართველო”",,1,ხაშური,,3,ავთანდილი,ჩადუნელი,ავთანდილი ჩადუნელი,,,majoritarians_all.pdf
local_2017,__main__,council_smd,free_georgia,"საარჩევნო ბლოკი „დიმიტრი ლორთქიფანიძე, კახა კუკავა-დემოკრატიული მოძრაობა-თავისუფალი საქართველო”",,1,ხაშური,,3,ზაზა,ბურჯანაძე,ზაზა ბურჯანაძე,,,majoritarians_all.pdf
local_2017,__main__,council_smd,free_georgia,"საარჩევნო ბლოკი „დიმიტრი ლორთქიფანიძე, კახა კუკავა-დემოკრატიული მოძრაობა-თავისუფალი საქართველო”",,8,ხაშური,,3,გია,ნოზაძე,გია ნოზაძე,,,majoritarians_all.pdf
local_2017,__main__,council_smd,free_georgia,"საარჩევნო ბლოკი „დიმიტრი ლორთქიფანიძე, კახა კუკავა-დემოკრატიული მოძრაობა-თავისუფალი საქართველო”",,12,ხაშური,,3,ზურაბ,პაქსაშვილი,ზურაბ პაქსაშვილი,,,majoritarians_all.pdf
local_2017,__main__,council_smd,free_georgia,"საარჩევნო ბლოკი „დიმიტრი ლორთქიფანიძე, კახა კუკავა-დემოკრატიული მოძრაობა-თავისუფალი საქართველო”",,13,ხაშური,,3,აკაკი,მთიულიშვილი,აკაკი მთიულიშვილი,,,majoritarians_all.pdf
local_2017,__main__,council_smd,free_georgia,"საარჩევნო ბლოკი „დიმიტრი ლორთქიფანიძე, კახა კუკავა-დემოკრატიული მოძრაობა-თავისუფალი საქართველო”",,7,ხაშური,,3,აზა,ლაცაბიძე,აზა ლაცაბიძე,,,majoritarians_all.pdf
local_2017,__main__,council_smd,free_georgia,"საარჩევნო ბლოკი „დიმიტრი ლორთქიფანიძე, კახა კუკავა-დემოკრატიული მოძრაობა-თავისუფალი საქართველო”",,6,ხაშური,,3,ზაქარია,ნოზაძე,ზაქარია ნოზაძე,,,majoritarians_all.pdf
local_2017,__main__,council_smd,free_georgia,"საარჩევნო ბლოკი „დიმიტრი ლორთქიფანიძე, კახა კუკავა-დემოკრატიული მოძრაობა-თავისუფალი საქართველო”",,5,ხაშური,,3,ნიკოლოზ,არჯევანიძე,ნიკოლოზ არჯევანიძე,,,majoritarians_all.pdf
local_2017,__main__,council_smd,free_georgia,"საარჩევნო ბლოკი „დიმიტრი ლორთქიფანიძე, კახა კუკავა-დემოკრატიული მოძრაობა-თავისუფალი საქართველო”",,4,ხაშური,,3,მამუკა,შუბითიძე,მამუკა შუბითიძე,,,majoritarians_all.pdf
local_2017,__main__,council_smd,unm,საარჩევნო ბლოკი „ერთიანი ნაციონალური მოძრაობა”,,6,ხაშური,,5,ზურაბ,გაგნიძე,ზურაბ გაგნიძე,,,majoritarians_all.pdf
local_2017,__main__,council_smd,unm,საარჩევნო ბლოკი „ერთიანი ნაციონალური მოძრაობა”,,11,ხაშური,,5,ვახტანგ,მურჯიკნელი,ვახტანგ მურჯიკნელი,,,majoritarians_all.pdf
local_2017,__main__,council_smd,unm,საარჩევნო ბლოკი „ერთიანი ნაციონალური მოძრაობა”,,7,ხაშური,,5,ალიკა,ღონღაძე,ალიკა ღონღაძე,,,majoritarians_all.pdf
local_2017,__main__,council_smd,unm,საარჩევნო ბლოკი „ერთიანი ნაციონალური მოძრაობა”,,4,ხაშური,,5,ინგა,ცოცხალაშვილი,ინგა ცოცხალაშვილი,,,majoritarians_all.pdf
local_2017,__main__,council_smd,unm,საარჩევნო ბლოკი „ერთიანი ნაციონალური მოძრაობა”,,1,ხაშური,,5,გიორგი,ნოზაძე,გიორგი ნოზაძე,,,majoritarians_all.pdf
local_2017,__main__,council_smd,unm,საარჩევნო ბლოკი „ერთიანი ნაციონალური მოძრაობა”,,13,ხაშური,,5,გივი,ძამანაშვილი,გივი ძამანაშვილი,,,majoritarians_all.pdf
local_2017,__main__,council_smd,unm,საარჩევნო ბლოკი „ერთიანი ნაციონალური მოძრაობა”,,10,ხაშური,,5,გელა,შეყელაშვილი,გელა შეყელაშვილი,,,majoritarians_all.pdf
local_2017,__main__,council_smd,unm,საარჩევნო ბლოკი „ერთიანი ნაციონალური მოძრაობა”,,2,ხაშური,,5,შავლეგ,დოლიძე,შავლეგ დოლიძე,,,majoritarians_all.pdf
local_2017,__main__,council_smd,unm,საარჩევნო ბლოკი „ერთიანი ნაციონალური მოძრაობა”,,9,ხაშური,,5,ქრისტეფორე,კოპაძე,ქრისტეფორე კოპაძე,,,majoritarians_all.pdf
local_2017,__main__,council_smd,unm,საარჩევნო ბლოკი „ერთიანი ნაციონალური მოძრაობა”,,8,ხაშური,,5,ალექსანდრე,გოგალაძე,ალექსანდრე გოგალაძე,,,majoritarians_all.pdf
local_2017,__main__,council_smd,unm,საარჩევნო ბლოკი „ერთიანი ნაციონალური მოძრაობა”,,3,ხაშური,,5,ელენე,ნოზაძე,ელენე ნოზაძე,,,majoritarians_all.pdf
local_2017,__main__,council_smd,unm,საარჩევნო ბლოკი „ერთიანი ნაციონალური მოძრაობა”,,5,ხაშური,,5,პარმენ,ბარბაქაძე,პარმენ ბარბაქაძე,,,majoritarians_all.pdf
local_2017,__main__,council_smd,unm,საარჩევნო ბლოკი „ერთიანი ნაციონალური მოძრაობა”,,12,ხაშური,,5,ანზორ,გასიშვილი,ანზორ გასიშვილი,,,majoritarians_all.pdf
local_2017,__main__,council_smd,unm,საარჩევნო ბლოკი „ერთიანი ნაციონალური მოძრაობა”,,1,ხაშური,,5,ეკატერინე,პაპუაშვილი,ეკატერინე პაპუაშვილი,,,majoritarians_all.pdf
local_2017,__main__,council_smd,unm,საარჩევნო ბლოკი „ერთიანი ნაციონალური მოძრაობა”,,1,ხაშური,,5,ეკატერინე,ლომუაშვილი,ეკატერინე ლომუაშვილი,,,majoritarians_all.pdf
local_2017,__main__,council_smd,unm,საარჩევნო ბლოკი „ერთიანი ნაციონალური მოძრაობა”,,1,ხაშური,,5,გიორგი,ხონელიძე,გიორგი ხონელიძე,,,majoritarians_all.pdf
local_2017,__main__,council_smd,patriots,"„დავით თარხან-მოურავი, ირმა ინაშვილი - საქართველოს პატრიოტთა",,1,ხაშური,,8,ალიანსი”ალექსანდრე,სიმონიშვილი,ალიანსი”ალექსანდრე სიმონიშვილი,,,majoritarians_all.pdf
local_2017,__main__,council_smd,patriots,"„დავით თარხან-მოურავი, ირმა ინაშვილი - საქართველოს პატრიოტთა",,5,ხაშური,,8,ალიანსი”გოჩა,კვესაძე,ალიანსი”გოჩა კვესაძე,,,majoritarians_all.pdf
local_2017,__main__,council_smd,patriots,"„დავით თარხან-მოურავი, ირმა ინაშვილი - საქართველოს პატრიოტთა",,2,ხაშური,,8,ალიანსი”ნიკოლოზ,ზაბახიძე,ალიანსი”ნიკოლოზ ზაბახიძე,,,majoritarians_all.pdf
local_2017,__main__,council_smd,patriots,"„დავით თარხან-მოურავი, ირმა ინაშვილი - საქართველოს პატრიოტთა",,1,ხაშური,,8,ალიანსი”ნინო,მესხიძე,ალიანსი”ნინო მესხიძე,,,majoritarians_all.pdf
local_2017,__main__,council_smd,patriots,"„დავით თარხან-მოურავი, ირმა ინაშვილი - საქართველოს პატრიოტთა",,12,ხაშური,,8,ალიანსი”გიორგი,ღონღაძე,ალიანსი”გიორგი ღონღაძე,,,majoritarians_all.pdf
local_2017,__main__,council_smd,patriots,"„დავით თარხან-მოურავი, ირმა ინაშვილი - საქართველოს პატრიოტთა",,9,ხაშური,,8,ალიანსი”მადონა,კურტანიძე,ალიანსი”მადონა კურტანიძე,,,majoritarians_all.pdf
local_2017,__main__,council_smd,patriots,"„დავით თარხან-მოურავი, ირმა ინაშვილი - საქართველოს პატრიოტთა",,6,ხაშური,,8,ალიანსი”სიმონ,შუბითიძე,ალიანსი”სიმონ შუბითიძე,,,majoritarians_all.pdf
local_2017,__main__,council_smd,patriots,"„დავით თარხან-მოურავი, ირმა ინაშვილი - საქართველოს პატრიოტთა",,1,ხაშური,,8,ალიანსი”პაატა,ქიმერიძე,ალიანსი”პაატა ქიმერიძე,,,majoritarians_all.pdf
local_2017,__main__,council_smd,patriots,"„დავით თარხან-მოურავი, ირმა ინაშვილი - საქართველოს პატრიოტთა",,13,ხაშური,,8,ალიანსი”თამაზ,ბურნაძე,ალიანსი”თამაზ ბურნაძე,,,majoritarians_all.pdf
local_2017,__main__,council_smd,patriots,"„დავით თარხან-მოურავი, ირმა ინაშვილი - საქართველოს პატრიოტთა",,1,ხაშური,,8,ალიანსი”თამარ,ნოზაძე,ალიანსი”თამარ ნოზაძე,,,majoritarians_all.pdf
local_2017,__main__,council_smd,patriots,"„დავით თარხან-მოურავი, ირმა ინაშვილი - საქართველოს პატრიოტთა",,10,ხაშური,,8,ალიანსი”მალხაზ,ლომიძე,ალიანსი”მალხაზ ლომიძე,,,majoritarians_all.pdf
local_2017,__main__,council_smd,patriots,"„დავით თარხან-მოურავი, ირმა ინაშვილი - საქართველოს პატრიოტთა",,4,ხაშური,,8,ალიანსი”ვეფხვია,ჯამბაზიშვილი,ალიანსი”ვეფხვია ჯამბაზიშვილი,,,majoritarians_all.pdf
local_2017,__main__,council_smd,patriots,"„დავით თარხან-მოურავი, ირმა ინაშვილი - საქართველოს პატრიოტთა",,3,ხაშური,,8,ალიანსი”მიხეილ,მიქაძე,ალიანსი”მიხეილ მიქაძე,,,majoritarians_all.pdf
local_2017,__main__,council_smd,patriots,"„დავით თარხან-მოურავი, ირმა ინაშვილი - საქართველოს პატრიოტთა",,11,ხაშური,,8,ალიანსი”თამაზ,მურჯიკნელი,ალიანსი”თამაზ მურჯიკნელი,,,majoritarians_all.pdf
local_2017,__main__,council_smd,labour,„შალვა ნათელაშვილი - საქართველოს ლეიბორისტული პარტია”,,1,ხაშური,,10,მანანა,კაპანაძე,მანანა კაპანაძე,,,majoritarians_all.pdf
local_2017,__main__,council_smd,labour,„შალვა ნათელაშვილი - საქართველოს ლეიბორისტული პარტია”,,2,ხაშური,,10,ელგუჯა,ულუმბელაშვილი,ელგუჯა ულუმბელაშვილი,,,majoritarians_all.pdf
local_2017,__main__,council_smd,labour,„შალვა ნათელაშვილი - საქართველოს ლეიბორისტული პარტია”,,6,ხაშური,,10,ზაურ,ხაჩიძე,ზაურ ხაჩიძე,,,majoritarians_all.pdf
local_2017,__main__,council_smd,labour,„შალვა ნათელაშვილი - საქართველოს ლეიბორისტული პარტია”,,4,ხაშური,,10,გურამ,გელაშვილი,გურამ გელაშვილი,,,majoritarians_all.pdf
local_2017,__main__,council_smd,gd,„ქართული ოცნება-დემოკრატიული საქართველო”,,13,ხაშური,,41,გურამ,მაზიაშვილი,გურამ მაზიაშვილი,,,majoritarians_all.pdf
local_2017,__main__,council_smd,gd,„ქართული ოცნება-დემოკრატიული საქართველო”,,10,ხაშური,,41,ჯონდო,კაპანაძე,ჯონდო კაპანაძე,,,majoritarians_all.pdf
local_2017,__main__,council_smd,gd,„ქართული ოცნება-დემოკრატიული საქართველო”,,12,ხაშური,,41,ალექსანდრე,ჩაჩანიძე,ალექსანდრე ჩაჩანიძე,,,majoritarians_all.pdf
local_2017,__main__,council_smd,gd,„ქართული ოცნება-დემოკრატიული საქართველო”,,11,ხაშური,,41,ემზარ,მურჯიკნელი,ემზარ მურჯიკნელი,,,majoritarians_all.pdf
local_2017,__main__,council_smd,gd,„ქართული ოცნება-დემოკრატიული საქართველო”,,1,ხაშური,,41,მერაბ,ცხოვრებაძე,მერაბ ცხოვრებაძე,,,majoritarians_all.pdf
local_2017,__main__,council_smd,gd,„ქართული ოცნება-დემოკრატიული საქართველო”,,8,ხაშური,,41,ელგუჯი,გოგალაძე,ელგუჯი გოგალაძე,,,majoritarians_all.pdf
local_2017,__main__,council_smd,gd,„ქართული ოცნება-დემოკრატიული საქართველო”,,9,ხაშური,,41,ლაშა,ლურსმანაშვილი,ლაშა ლურსმანაშვილი,,,majoritarians_all.pdf
local_2017,__main__,council_smd,gd,„ქართული ოცნება-დემოკრატიული საქართველო”,,3,ხაშური,,41,ზურაბ,ნოზაძე,ზურაბ ნოზაძე,,,majoritarians_all.pdf
local_2017,__main__,council_smd,gd,„ქართული ოცნება-დემოკრატიული საქართველო”,,2,ხაშური,,41,მაყვალა,მაისურაძე,მაყვალა მაისურაძე,,,majoritarians_all.pdf
local_2017,__main__,council_smd,gd,„ქართული ოცნება-დემოკრატიული საქართველო”,,1,ხაშური,,41,გიორგი,ბერაია,გიორგი ბერაია,,,majoritarians_all.pdf
local_2017,__main__,council_smd,gd,„ქართული ოცნება-დემოკრატიული საქართველო”,,7,ხაშური,,41,არჩილ,ჩაჩანიძე,არჩილ ჩაჩანიძე,,,majoritarians_all.pdf
local_2017,__main__,council_smd,gd,„ქართული ოცნება-დემოკრატიული საქართველო”,,4,ხაშური,,41,დავით,მეტრეველი,დავით მეტრეველი,,,majoritarians_all.pdf
local_2017,__main__,council_smd,gd,„ქართული ოცნება-დემოკრატიული საქართველო”,,6,ხაშური,,41,ზაზა,კაპანაძე,ზაზა კაპანაძე,,,majoritarians_all.pdf
local_2017,__main__,council_smd,gd,„ქართული ოცნება-დემოკრატიული საქართველო”,,5,ხაშური,,41,ლევან,გამრეკელი,ლევან გამრეკელი,,,majoritarians_all.pdf
local_2017,__main__,council_smd,gd,„ქართული ოცნება-დემოკრატიული საქართველო”,,1,ხაშური,,41,იმედა,მეტრეველი,იმედა მეტრეველი,,,majoritarians_all.pdf
local_2017,__main__,council_smd,gd,„ქართული ოცნება-დემოკრატიული საქართველო”,,1,ხაშური,,41,ზვიადი,ტეფნაძე,ზვიადი ტეფნაძე,,,majoritarians_all.pdf
local_2017,__main__,council_smd,initiative_group,"საინიციატივო ჯგუფი - დავით სტეფანოვი, ჯემალ ცერიაშვილი, ანზორ ჭანკოტაძე, დავით ხაჩიძე, ნუკრი სტეფანოვი.",,1,ხაშური,,144,თეიმურაზ,რუხაძე,თეიმურაზ რუხაძე,,,majoritarians_all.pdf
local_2017,__main__,council_smd,initiative_group,"საინიციატივო ჯგუფი - ნარი შონია, მზია ქურდაძე, თინათინ სამნიაშვილი, ბეგლარ ლოთუაშვილი, ცოტნე გელაშვილი.",,2,ხაშური,,44,ივანე,გელაშვილი,ივანე გელაშვილი,,,majoritarians_all.pdf
local_2017,__main__,council_smd,initiative_group,"საინიციატივო ჯგუფი - ალექსი კაპანაძე, პაატა გელაშვილი, გიორგი გაგნიძე, იაგო ხაჩიძე, ინგა დავრაშელიძე.",,6,ხაშური,,44,მიხეილ,კაპანაძე,მიხეილ კაპანაძე,,,majoritarians_all.pdf
local_2017,__main__,council_smd,initiative_group,"საინიციატივო ჯგუფი - ესმა მეხრიშვილი, ლიდა მულაძე, ლიდა მოსიაშვილი, შორენა ნინიაშვილი, თეიმურაზ მეხრიშვილი.",,4,ხაშური,,44,ენგური,ნინიაშვილი,ენგური ნინიაშვილი,,,majoritarians_all.pdf
local_2017,__main__,council_smd,initiative_group,"საინიციატივო ჯგუფი - დავით ქაჯაია, მედული ბასიშვილი, დავით გოგალაძე, ლიანა გაგლოშვილი, ნაირა ბლიაძე.",,12,ხაშური,,44,ნოვე,ტაბატაძე,ნოვე ტაბატაძე,,,majoritarians_all.pdf
local_2017,__main__,council_smd,initiative_group,"საინიციატივო ჯგუფი - ნათია ხაჩიძე, გიორგი გაგნიძე, ჟანა ელბაქიძე, გივი ნეკერაშვილი, რამაზ ნეკერაშვილი.",,13,ხაშური,,44,ნიკოლოზ,გაგნიძე,ნიკოლოზ გაგნიძე,,,majoritarians_all.pdf
local_2017,__main__,council_smd,initiative_group,"საინიციატივო ჯგუფი - ზურაბ ფილიშვილი, ალექსანდრე ზღუდაძე, ვალერი ფილიშვილი, ემზარ ფილიშვილი, ზაზა კაკიაშვილი.",,5,ხაშური,,45,გიორგი,ზღუდაძე,გიორგი ზღუდაძე,,,majoritarians_all.pdf
local_2017,__main__,council_smd,initiative_group,"საინიციატივო ჯგუფი - ზურაბ ღონღაძე, ლია მოდებაძე, რობერტ სუხიაშვილი, თამაზ მელიქიძე, მაია ლომიძე.",,1,ხაშური,,445,ვასილ,ხაჩიძე,ვასილ ხაჩიძე,,,majoritarians_all.pdf
local_2017,__main__,council_smd,initiative_group,"საინიციატივო ჯგუფი - მანანა გელაშვილი, თეიმურაზ გოგოლაძე, თემურ ლომიძე, მიხეილ გიორგაძე, სერგო ფასოევი.",,2,ხაშური,,45,ხათუნა,კურტანიძე,ხათუნა კურტანიძე,,,majoritarians_all.pdf
local_2017,__main__,council_smd,initiative_group,"საინიციატივო ჯგუფი - მამუკა ომიაძე, მურმან ჩაჩანიძე, ივანე სკანაძე, ოთარ ჭანკოტაძე, პაატა ნოზაძე.",,4,ხაშური,,45,გენადი,გელაშვილი,გენადი გელაშვილი,,,majoritarians_all.pdf
local_2017,__main__,council_smd,european_georgia,"საარჩევნო ბლოკი „ბაქრაძე, უგულავა-ევროპული საქართველო”",,12,ბორჯომი,,2,გიორგი,ჩადუნელი,გიორგი ჩადუნელი,,,majoritarians_all.pdf
local_2017,__main__,council_smd,european_georgia,"საარჩევნო ბლოკი „ბაქრაძე, უგულავა-ევროპული საქართველო”",,8,ბორჯომი,,2,მაყვალა,მაისურაძე,მაყვალა მაისურაძე,,,majoritarians_all.pdf
local_2017,__main__,council_smd,european_georgia,"საარჩევნო ბლოკი „ბაქრაძე, უგულავა-ევროპული საქართველო”",,10,ბორჯომი,,2,ალბინა,ფილაური,ალბინა ფილაური,,,majoritarians_all.pdf
local_2017,__main__,council_smd,european_georgia,"საარჩევნო ბლოკი „ბაქრაძე, უგულავა-ევროპული საქართველო”",,3,ბორჯომი,,2,ლენა,ხაჩატურიანი,ლენა ხაჩატურიანი,,,majoritarians_all.pdf
local_2017,__main__,council_smd,european_georgia,"საარჩევნო ბლოკი „ბაქრაძე, უგულავა-ევროპული საქართველო”",,2,ბორჯომი,,2,დავით,ჩადუნელი,დავით ჩადუნელი,,,majoritarians_all.pdf
local_2017,__main__,council_smd,european_georgia,"საარჩევნო ბლოკი „ბაქრაძე, უგულავა-ევროპული საქართველო”",,1,ბორჯომი,,2,ლევან,ლომსაძე,ლევან ლომსაძე,,,majoritarians_all.pdf
local_2017,__main__,council_smd,european_georgia,"საარჩევნო ბლოკი „ბაქრაძე, უგულავა-ევროპული საქართველო”",,1,ბორჯომი,,2,გულნარა,ჩოფლიანი,გულნარა ჩოფლიანი,,,majoritarians_all.pdf
local_2017,__main__,council_smd,european_georgia,"საარჩევნო ბლოკი „ბაქრაძე, უგულავა-ევროპული საქართველო”",,1,ბორჯომი,,2,დიმიტრი,წურწუმია,დიმიტრი წურწუმია,,,majoritarians_all.pdf
local_2017,__main__,council_smd,european_georgia,"საარჩევნო ბლოკი „ბაქრაძე, უგულავა-ევროპული საქართველო”",,13,ბორჯომი,,2,მარინა,სპიტარი,მარინა სპიტარი,,,majoritarians_all.pdf
local_2017,__main__,council_smd,free_georgia,"საარჩევნო ბლოკი „დიმიტრი ლორთქიფანიძე, კახა კუკავა-დემოკრატიული მოძრაობა-თავისუფალი საქართველო”",,1,ბორჯომი,,3,თამაზი,ღამბარაშვილი,თამაზი ღამბარაშვილი,,,majoritarians_all.pdf
local_2017,__main__,council_smd,free_georgia,"საარჩევნო ბლოკი „დიმიტრი ლორთქიფანიძე, კახა კუკავა-დემოკრატიული მოძრაობა-თავისუფალი საქართველო”",,11,ბორჯომი,,3,სპარტაკი,ლურსმანაშვილი,სპარტაკი ლურსმანაშვილი,,,majoritarians_all.pdf
local_2017,__main__,council_smd,free_georgia,"საარჩევნო ბლოკი „დიმიტრი ლორთქიფანიძე, კახა კუკავა-დემოკრატიული მოძრაობა-თავისუფალი საქართველო”",,1,ბორჯომი,,3,სოფიო,ლურსმანაშვილი,სოფიო ლურსმანაშვილი,,,majoritarians_all.pdf
local_2017,__main__,council_smd,free_georgia,"საარჩევნო ბლოკი „დიმიტრი ლორთქიფანიძე, კახა კუკავა-დემოკრატიული მოძრაობა-თავისუფალი საქართველო”",,4,ბორჯომი,,3,მაია,ხრიკაძე,მაია ხრიკაძე,,,majoritarians_all.pdf
local_2017,__main__,council_smd,free_georgia,"საარჩევნო ბლოკი „დიმიტრი ლორთქიფანიძე, კახა კუკავა-დემოკრატიული მოძრაობა-თავისუფალი საქართველო”",,1,ბორჯომი,,3,ნინო,დევნოსაძე,ნინო დევნოსაძე,,,majoritarians_all.pdf
local_2017,__main__,council_smd,free_georgia,"საარჩევნო ბლოკი „დიმიტრი ლორთქიფანიძე, კახა კუკავა-დემოკრატიული მოძრაობა-თავისუფალი საქართველო”",,2,ბორჯომი,,3,თეიმურაზ,იანვარაშვილი,თეიმურაზ იანვარაშვილი,,,majoritarians_all.pdf
local_2017,__main__,council_smd,free_georgia,"საარჩევნო ბლოკი „დიმიტრი ლორთქიფანიძე, კახა კუკავა-დემოკრატიული მოძრაობა-თავისუფალი საქართველო”",,9,ბორჯომი,,3,რუბენ,ყანდილიანი,რუბენ ყანდილიანი,,,majoritarians_all.pdf
local_2017,__main__,council_smd,unm,საარჩევნო ბლოკი „ერთიანი ნაციონალური მოძრაობა”,,5,ბორჯომი,,5,ავთანდილ,მაღრაძე,ავთანდილ მაღრაძე,,,majoritarians_all.pdf
local_2017,__main__,council_smd,unm,საარჩევნო ბლოკი „ერთიანი ნაციონალური მოძრაობა”,,1,ბორჯომი,,5,დოდო,მაისურაძე,დოდო მაისურაძე,,,majoritarians_all.pdf
local_2017,__main__,council_smd,unm,საარჩევნო ბლოკი „ერთიანი ნაციონალური მოძრაობა”,,1,ბორჯომი,,5,ზურაბ,კორძაია,ზურაბ კორძაია,,,majoritarians_all.pdf
local_2017,__main__,council_smd,unm,საარჩევნო ბლოკი „ერთიანი ნაციონალური მოძრაობა”,,13,ბორჯომი,,5,მაია,ბლიაძე,მაია ბლიაძე,,,majoritarians_all.pdf
local_2017,__main__,council_smd,unm,საარჩევნო ბლოკი „ერთიანი ნაციონალური მოძრაობა”,,1,ბორჯომი,,5,ნანა,ქუმსიაშვილი,ნანა ქუმსიაშვილი,,,majoritarians_all.pdf
local_2017,__main__,council_smd,unm,საარჩევნო ბლოკი „ერთიანი ნაციონალური მოძრაობა”,,3,ბორჯომი,,5,ამირან,არუთინოვი,ამირან არუთინოვი,,,majoritarians_all.pdf
local_2017,__main__,council_smd,unm,საარჩევნო ბლოკი „ერთიანი ნაციონალური მოძრაობა”,,2,ბორჯომი,,5,სერგო,ქელეხსაშვილი,სერგო ქელეხსაშვილი,,,majoritarians_all.pdf
local_2017,__main__,council_smd,unm,საარჩევნო ბლოკი „ერთიანი ნაციონალური მოძრაობა”,,4,ბორჯომი,,5,ირმა,მაღრაძე,ირმა მაღრაძე,,,majoritarians_all.pdf
local_2017,__main__,council_smd,unm,საარჩევნო ბლოკი „ერთიანი ნაციონალური მოძრაობა”,,11,ბორჯომი,,5,ოთარი,იობაშვილი,ოთარი იობაშვილი,,,majoritarians_all.pdf
local_2017,__main__,council_smd,unm,საარჩევნო ბლოკი „ერთიანი ნაციონალური მოძრაობა”,,12,ბორჯომი,,5,ბაკურ,გელაშვილი,ბაკურ გელაშვილი,,,majoritarians_all.pdf
local_2017,__main__,council_smd,unm,საარჩევნო ბლოკი „ერთიანი ნაციონალური მოძრაობა”,,9,ბორჯომი,,5,ვიდია,ირიციანი,ვიდია ირიციანი,,,majoritarians_all.pdf
local_2017,__main__,council_smd,unm,საარჩევნო ბლოკი „ერთიანი ნაციონალური მოძრაობა”,,10,ბორჯომი,,5,გიორგი,ჯავახიძე,გიორგი ჯავახიძე,,,majoritarians_all.pdf
local_2017,__main__,council_smd,patriots,"„დავით თარხან-მოურავი, ირმა ინაშვილი - საქართველოს პატრიოტთა",,1,ბორჯომი,,8,ალიანსი”ფირან,გოგიჩაშვილი,ალიანსი”ფირან გოგიჩაშვილი,,,majoritarians_all.pdf
local_2017,__main__,council_smd,patriots,"„დავით თარხან-მოურავი, ირმა ინაშვილი - საქართველოს პატრიოტთა",,1,ბორჯომი,,8,ალიანსი”გიორგი,გოგიჩაიშვილი,ალიანსი”გიორგი გოგიჩაიშვილი,,,majoritarians_all.pdf
local_2017,__main__,council_smd,patriots,"„დავით თარხან-მოურავი, ირმა ინაშვილი - საქართველოს პატრიოტთა",,1,ბორჯომი,,8,ალიანსი”თედორე,მელიქიძე,ალიანსი”თედორე მელიქიძე,,,majoritarians_all.pdf
local_2017,__main__,council_smd,patriots,"„დავით თარხან-მოურავი, ირმა ინაშვილი - საქართველოს პატრიოტთა",,2,ბორჯომი,,8,ალიანსი”გოჩა,ჩადუნელი,ალიანსი”გოჩა ჩადუნელი,,,majoritarians_all.pdf
local_2017,__main__,council_smd,patriots,"„დავით თარხან-მოურავი, ირმა ინაშვილი - საქართველოს პატრიოტთა",,3,ბორჯომი,,8,ალიანსი”კახაბერ,ქუმარიტაშვილი,ალიანსი”კახაბერ ქუმარიტაშვილი,,,majoritarians_all.pdf
local_2017,__main__,council_smd,patriots,"„დავით თარხან-მოურავი, ირმა ინაშვილი - საქართველოს პატრიოტთა",,4,ბორჯომი,,8,ალიანსი”სოსო,გოგოლაძე,ალიანსი”სოსო გოგოლაძე,,,majoritarians_all.pdf
local_2017,__main__,council_smd,patriots,"„დავით თარხან-მოურავი, ირმა ინაშვილი - საქართველოს პატრიოტთა",,5,ბორჯომი,,8,ალიანსი”გიორგი,ბერძენიშვილი,ალიანსი”გიორგი ბერძენიშვილი,,,majoritarians_all.pdf
local_2017,__main__,council_smd,patriots,"„დავით თარხან-მოურავი, ირმა ინაშვილი - საქართველოს პატრიოტთა",,8,ბორჯომი,,8,ალიანსი”ალიკა,ხუციშვილი,ალიანსი”ალიკა ხუციშვილი,,,majoritarians_all.pdf
local_2017,__main__,council_smd,patriots,"„დავით თარხან-მოურავი, ირმა ინაშვილი - საქართველოს პატრიოტთა",,9,ბორჯომი,,8,ალიანსი”ჟირაირ,სანდაძე,ალიანსი”ჟირაირ სანდაძე,,,majoritarians_all.pdf
local_2017,__main__,council_smd,patriots,"„დავით თარხან-მოურავი, ირმა ინაშვილი - საქართველოს პატრიოტთა",,10,ბორჯომი,,8,ალიანსი”ვიოლეტა,ბალახაშვილი,ალიანსი”ვიოლეტა ბალახაშვილი,,,majoritarians_all.pdf
local_2017,__main__,council_smd,patriots,"„დავით თარხან-მოურავი, ირმა ინაშვილი - საქართველოს პატრიოტთა",,11,ბორჯომი,,8,ალიანსი”მამუკა,ლურსმანაშვილი,ალიანსი”მამუკა ლურსმანაშვილი,,,majoritarians_all.pdf
local_2017,__main__,council_smd,patriots,"„დავით თარხან-მოურავი, ირმა ინაშვილი - საქართველოს პატრიოტთა",,12,ბორჯომი,,8,ალიანსი”ზაქარია,ციცქიშვილი,ალიანსი”ზაქარია ციცქიშვილი,,,majoritarians_all.pdf
local_2017,__main__,council_smd,patriots,"„დავით თარხან-მოურავი, ირმა ინაშვილი - საქართველოს პატრიოტთა",,13,ბორჯომი,,8,ალიანსი”ზაზა,ბლიაძე,ალიანსი”ზაზა ბლიაძე,,,majoritarians_all.pdf
local_2017,__main__,council_smd,labour,„შალვა ნათელაშვილი - საქართველოს ლეიბორისტული პარტია”,,2,ბორჯომი,,10,მაკა,ჩადუნელი,მაკა ჩადუნელი,,,majoritarians_all.pdf
local_2017,__main__,council_smd,labour,„შალვა ნათელაშვილი - საქართველოს ლეიბორისტული პარტია”,,11,ბორჯომი,,10,ნიკოლოზ,ხაჩიძე,ნიკოლოზ ხაჩიძე,,,majoritarians_all.pdf
local_2017,__main__,council_smd,georgia_party,„სოციალისტური საქართველო - კომუნისტები”,,11,ბორჯომი,,37,დავით,ხაჩიძე,დავით ხაჩიძე,,,majoritarians_all.pdf
local_2017,__main__,council_smd,gd,„ქართული ოცნება-დემოკრატიული საქართველო”,,5,ბორჯომი,,41,არაიკ,ანტონიანი,არაიკ ანტონიანი,,,majoritarians_all.pdf
local_2017,__main__,council_smd,gd,„ქართული ოცნება-დემოკრატიული საქართველო”,,1,ბორჯომი,,41,გიორგი,ლონდარიძე,გიორგი ლონდარიძე,,,majoritarians_all.pdf
local_2017,__main__,council_smd,gd,„ქართული ოცნება-დემოკრატიული საქართველო”,,1,ბორჯომი,,41,ბესიკ,ფოფხაძე,ბესიკ ფოფხაძე,,,majoritarians_all.pdf
local_2017,__main__,council_smd,gd,„ქართული ოცნება-დემოკრატიული საქართველო”,,4,ბორჯომი,,41,ოთარ,არბოლიშვილი,ოთარ არბოლიშვილი,,,majoritarians_all.pdf
local_2017,__main__,council_smd,gd,„ქართული ოცნება-დემოკრატიული საქართველო”,,1,ბორჯომი,,41,გიორგი,ტალახაძე,გიორგი ტალახაძე,,,majoritarians_all.pdf
local_2017,__main__,council_smd,gd,„ქართული ოცნება-დემოკრატიული საქართველო”,,2,ბორჯომი,,41,ირაკლი,ჩადუნელი,ირაკლი ჩადუნელი,,,majoritarians_all.pdf
local_2017,__main__,council_smd,gd,„ქართული ოცნება-დემოკრატიული საქართველო”,,3,ბორჯომი,,41,ანდრო,თედიაშვილი,ანდრო თედიაშვილი,,,majoritarians_all.pdf
local_2017,__main__,council_smd,gd,„ქართული ოცნება-დემოკრატიული საქართველო”,,8,ბორჯომი,,41,ელიზავეტა,კუჭუხიძე,ელიზავეტა კუჭუხიძე,,,majoritarians_all.pdf
local_2017,__main__,council_smd,gd,„ქართული ოცნება-დემოკრატიული საქართველო”,,9,ბორჯომი,,41,ანდრუშ,ირიციან,ანდრუშ ირიციან,,,majoritarians_all.pdf
local_2017,__main__,council_smd,gd,„ქართული ოცნება-დემოკრატიული საქართველო”,,10,ბორჯომი,,41,ვახტანგ,კაპანაძე,ვახტანგ კაპანაძე,,,majoritarians_all.pdf
local_2017,__main__,council_smd,gd,„ქართული ოცნება-დემოკრატიული საქართველო”,,11,ბორჯომი,,41,იანგო,ურჩაძე,იანგო ურჩაძე,,,majoritarians_all.pdf
local_2017,__main__,council_smd,gd,„ქართული ოცნება-დემოკრატიული საქართველო”,,13,ბორჯომი,,41,ახილეს,ილიევი,ახილეს ილიევი,,,majoritarians_all.pdf
local_2017,__main__,council_smd,gd,„ქართული ოცნება-დემოკრატიული საქართველო”,,12,ბორჯომი,,41,რევაზ,ლაშხი,რევაზ ლაშხი,,,majoritarians_all.pdf
local_2017,__main__,council_smd,european_georgia,"საარჩევნო ბლოკი „ბაქრაძე, უგულავა-ევროპული საქართველო”",,15,ახალციხე,,2,მინას,გრიგორიან,მინას გრიგორიან,,,majoritarians_all.pdf
local_2017,__main__,council_smd,european_georgia,"საარჩევნო ბლოკი „ბაქრაძე, უგულავა-ევროპული საქართველო”",,12,ახალციხე,,2,არუთუნ,მაგაკიან,არუთუნ მაგაკიან,,,majoritarians_all.pdf
local_2017,__main__,council_smd,european_georgia,"საარჩევნო ბლოკი „ბაქრაძე, უგულავა-ევროპული საქართველო”",,14,ახალციხე,,2,გერონტი,ჩადუნელი,გერონტი ჩადუნელი,,,majoritarians_all.pdf
local_2017,__main__,council_smd,european_georgia,"საარჩევნო ბლოკი „ბაქრაძე, უგულავა-ევროპული საქართველო”",,16,ახალციხე,,2,რუბენ,კარაპეტიან,რუბენ კარაპეტიან,,,majoritarians_all.pdf
local_2017,__main__,council_smd,european_georgia,"საარჩევნო ბლოკი „ბაქრაძე, უგულავა-ევროპული საქართველო”",,1,ახალციხე,,2,მალხაზი,გიქოშვილი,მალხაზი გიქოშვილი,,,majoritarians_all.pdf
local_2017,__main__,council_smd,european_georgia,"საარჩევნო ბლოკი „ბაქრაძე, უგულავა-ევროპული საქართველო”",,3,ახალციხე,,2,გიორგი,ხაჩიძე,გიორგი ხაჩიძე,,,majoritarians_all.pdf
local_2017,__main__,council_smd,european_georgia,"საარჩევნო ბლოკი „ბაქრაძე, უგულავა-ევროპული საქართველო”",,7,ახალციხე,,2,ზურაბ,სადათიერაშვილი,ზურაბ სადათიერაშვილი,,,majoritarians_all.pdf
local_2017,__main__,council_smd,european_georgia,"საარჩევნო ბლოკი „ბაქრაძე, უგულავა-ევროპული საქართველო”",,13,ახალციხე,,2,კახაბერ,მოდებაძე,კახაბერ მოდებაძე,,,majoritarians_all.pdf
local_2017,__main__,council_smd,european_georgia,"საარჩევნო ბლოკი „ბაქრაძე, უგულავა-ევროპული საქართველო”",,4,ახალციხე,,2,ტარიელ,ტაბატაძე,ტარიელ ტაბატაძე,,,majoritarians_all.pdf
local_2017,__main__,council_smd,european_georgia,"საარჩევნო ბლოკი „ბაქრაძე, უგულავა-ევროპული საქართველო”",,2,ახალციხე,,2,ნუგზარი,სამარჯიშვილი,ნუგზარი სამარჯიშვილი,,,majoritarians_all.pdf
local_2017,__main__,council_smd,european_georgia,"საარჩევნო ბლოკი „ბაქრაძე, უგულავა-ევროპული საქართველო”",,1,ახალციხე,,2,გელა,დემეტრაძე,გელა დემეტრაძე,,,majoritarians_all.pdf
local_2017,__main__,council_smd,european_georgia,"საარჩევნო ბლოკი „ბაქრაძე, უგულავა-ევროპული საქართველო”",,1,ახალციხე,,2,ეკა,ტატალაშვილი,ეკა ტატალაშვილი,,,majoritarians_all.pdf
local_2017,__main__,council_smd,european_georgia,"საარჩევნო ბლოკი „ბაქრაძე, უგულავა-ევროპული საქართველო”",,6,ახალციხე,,2,მარიამ,ჩადუნელი,მარიამ ჩადუნელი,,,majoritarians_all.pdf
local_2017,__main__,council_smd,european_georgia,"საარჩევნო ბლოკი „ბაქრაძე, უგულავა-ევროპული საქართველო”",,8,ახალციხე,,2,გიორგი,მოთიაშვილი,გიორგი მოთიაშვილი,,,majoritarians_all.pdf
local_2017,__main__,council_smd,european_georgia,"საარჩევნო ბლოკი „ბაქრაძე, უგულავა-ევროპული საქართველო”",,5,ახალციხე,,2,ფიქრია,გელაშვილი,ფიქრია გელაშვილი,,,majoritarians_all.pdf
local_2017,__main__,council_smd,european_georgia,"საარჩევნო ბლოკი „ბაქრაძე, უგულავა-ევროპული საქართველო”",,9,ახალციხე,,2,არტურ,სოგომონიან,არტურ სოგომონიან,,,majoritarians_all.pdf
local_2017,__main__,council_smd,european_georgia,"საარჩევნო ბლოკი „ბაქრაძე, უგულავა-ევროპული საქართველო”",,10,ახალციხე,,2,სააკ,პოღოსიან,სააკ პოღოსიან,,,majoritarians_all.pdf
local_2017,__main__,council_smd,european_georgia,"საარჩევნო ბლოკი „ბაქრაძე, უგულავა-ევროპული საქართველო”",,11,ახალციხე,,2,სოსო,შუბითიძე,სოსო შუბითიძე,,,majoritarians_all.pdf
local_2017,__main__,council_smd,unm,საარჩევნო ბლოკი „ერთიანი ნაციონალური მოძრაობა”,,6,ახალციხე,,5,თენგიზ,კაპანაძე,თენგიზ კაპანაძე,,,majoritarians_all.pdf
local_2017,__main__,council_smd,unm,საარჩევნო ბლოკი „ერთიანი ნაციონალური მოძრაობა”,,7,ახალციხე,,5,მამუკა,კურტანიძე,მამუკა კურტანიძე,,,majoritarians_all.pdf
local_2017,__main__,council_smd,unm,საარჩევნო ბლოკი „ერთიანი ნაციონალური მოძრაობა”,,13,ახალციხე,,5,ნიკოლოზ,ბერიძე,ნიკოლოზ ბერიძე,,,majoritarians_all.pdf
local_2017,__main__,council_smd,unm,საარჩევნო ბლოკი „ერთიანი ნაციონალური მოძრაობა”,,14,ახალციხე,,5,ნოდარ,ქოზაშვილი,ნოდარ ქოზაშვილი,,,majoritarians_all.pdf
local_2017,__main__,council_smd,unm,საარჩევნო ბლოკი „ერთიანი ნაციონალური მოძრაობა”,,1,ახალციხე,,5,კობა,სანდროშვილი,კობა სანდროშვილი,,,majoritarians_all.pdf
local_2017,__main__,council_smd,unm,საარჩევნო ბლოკი „ერთიანი ნაციონალური მოძრაობა”,,15,ახალციხე,,5,ანა,ჩილინგარაშვილი,ანა ჩილინგარაშვილი,,,majoritarians_all.pdf
local_2017,__main__,council_smd,unm,საარჩევნო ბლოკი „ერთიანი ნაციონალური მოძრაობა”,,2,ახალციხე,,5,დავითი,ახალკაცი,დავითი ახალკაცი,,,majoritarians_all.pdf
local_2017,__main__,council_smd,unm,საარჩევნო ბლოკი „ერთიანი ნაციონალური მოძრაობა”,,16,ახალციხე,,5,დერენიკ,ელბაქიან,დერენიკ ელბაქიან,,,majoritarians_all.pdf
local_2017,__main__,council_smd,unm,საარჩევნო ბლოკი „ერთიანი ნაციონალური მოძრაობა”,,5,ახალციხე,,5,კონსტანტინე,კაპანაძე,კონსტანტინე კაპანაძე,,,majoritarians_all.pdf
local_2017,__main__,council_smd,unm,საარჩევნო ბლოკი „ერთიანი ნაციონალური მოძრაობა”,,3,ახალციხე,,5,ბესიკი,გაჩეჩილაძე,ბესიკი გაჩეჩილაძე,,,majoritarians_all.pdf
local_2017,__main__,council_smd,unm,საარჩევნო ბლოკი „ერთიანი ნაციონალური მოძრაობა”,,4,ახალციხე,,5,ბეგლარ,ტაბატაძე,ბეგლარ ტაბატაძე,,,majoritarians_all.pdf
local_2017,__main__,council_smd,unm,საარჩევნო ბლოკი „ერთიანი ნაციონალური მოძრაობა”,,1,ახალციხე,,5,მარინა,ირიციანი,მარინა ირიციანი,,,majoritarians_all.pdf
local_2017,__main__,council_smd,unm,საარჩევნო ბლოკი „ერთიანი ნაციონალური მოძრაობა”,,9,ახალციხე,,5,თამაზი,მელიქიძე,თამაზი მელიქიძე,,,majoritarians_all.pdf
local_2017,__main__,council_smd,unm,საარჩევნო ბლოკი „ერთიანი ნაციონალური მოძრაობა”,,10,ახალციხე,,5,ალექსანდრე,ინასარიძე,ალექსანდრე ინასარიძე,,,majoritarians_all.pdf
local_2017,__main__,council_smd,unm,საარჩევნო ბლოკი „ერთიანი ნაციონალური მოძრაობა”,,8,ახალციხე,,5,მამუკა,მესხი,მამუკა მესხი,,,majoritarians_all.pdf
local_2017,__main__,council_smd,unm,საარჩევნო ბლოკი „ერთიანი ნაციონალური მოძრაობა”,,11,ახალციხე,,5,აბესალომ,გოგოლაძე,აბესალომ გოგოლაძე,,,majoritarians_all.pdf
local_2017,__main__,council_smd,unm,საარჩევნო ბლოკი „ერთიანი ნაციონალური მოძრაობა”,,12,ახალციხე,,5,ალექსანდრე,თოროსიან,ალექსანდრე თოროსიან,,,majoritarians_all.pdf
local_2017,__main__,council_smd,unm,საარჩევნო ბლოკი „ერთიანი ნაციონალური მოძრაობა”,,1,ახალციხე,,5,ბესიკ,ოქრომელიძე,ბესიკ ოქრომელიძე,,,majoritarians_all.pdf
local_2017,__main__,council_smd,patriots,"„დავით თარხან-მოურავი, ირმა ინაშვილი - საქართველოს პატრიოტთა",,14,ახალციხე,,8,ალიანსი”კობა,ჩოხელი,ალიანსი”კობა ჩოხელი,,,majoritarians_all.pdf
local_2017,__main__,council_smd,patriots,"„დავით თარხან-მოურავი, ირმა ინაშვილი - საქართველოს პატრიოტთა",,1,ახალციხე,,8,ალიანსი”თემური,თაქთაქიძე,ალიანსი”თემური თაქთაქიძე,,,majoritarians_all.pdf
local_2017,__main__,council_smd,patriots,"„დავით თარხან-მოურავი, ირმა ინაშვილი - საქართველოს პატრიოტთა",,2,ახალციხე,,8,ალიანსი”ნანა,ბაღდოშვილი,ალიანსი”ნანა ბაღდოშვილი,,,majoritarians_all.pdf
local_2017,__main__,council_smd,patriots,"„დავით თარხან-მოურავი, ირმა ინაშვილი - საქართველოს პატრიოტთა",,12,ახალციხე,,8,ალიანსი”რობერტ,პაპიძე,ალიანსი”რობერტ პაპიძე,,,majoritarians_all.pdf
local_2017,__main__,council_smd,patriots,"„დავით თარხან-მოურავი, ირმა ინაშვილი - საქართველოს პატრიოტთა",,1,ახალციხე,,8,ალიანსი”ჯემალი,სუდაძე,ალიანსი”ჯემალი სუდაძე,,,majoritarians_all.pdf
local_2017,__main__,council_smd,patriots,"„დავით თარხან-მოურავი, ირმა ინაშვილი - საქართველოს პატრიოტთა",,4,ახალციხე,,8,ალიანსი”გიორგი,კეთილაძე,ალიანსი”გიორგი კეთილაძე,,,majoritarians_all.pdf
local_2017,__main__,council_smd,patriots,"„დავით თარხან-მოურავი, ირმა ინაშვილი - საქართველოს პატრიოტთა",,1,ახალციხე,,8,ალიანსი”ბეგლარ,მიქუტიშვილი,ალიანსი”ბეგლარ მიქუტიშვილი,,,majoritarians_all.pdf
local_2017,__main__,council_smd,freedom_gamsakhurdia,„ თავისუფლება-ზვიად გამსახურდიას გზა”,,1,ახალციხე,,31,არუთუნ,ელოიან,არუთუნ ელოიან,,,majoritarians_all.pdf
local_2017,__main__,council_smd,freedom_gamsakhurdia,„ თავისუფლება-ზვიად გამსახურდიას გზა”,,1,ახალციხე,,31,აკაკი,ბერიძე,აკაკი ბერიძე,,,majoritarians_all.pdf
local_2017,__main__,council_smd,freedom_gamsakhurdia,„ თავისუფლება-ზვიად გამსახურდიას გზა”,,12,ახალციხე,,31,გიორგი,რიბაკოვ,გიორგი რიბაკოვ,,,majoritarians_all.pdf
local_2017,__main__,council_smd,gd,„ქართული ოცნება-დემოკრატიული საქართველო”,,6,ახალციხე,,41,იოსები,კაპანაძე,იოსები კაპანაძე,,,majoritarians_all.pdf
local_2017,__main__,council_smd,gd,„ქართული ოცნება-დემოკრატიული საქართველო”,,7,ახალციხე,,41,ვლადიმერი,კურტანიძე,ვლადიმერი კურტანიძე,,,majoritarians_all.pdf
local_2017,__main__,council_smd,gd,„ქართული ოცნება-დემოკრატიული საქართველო”,,11,ახალციხე,,41,არჩილ,უჩიძე,არჩილ უჩიძე,,,majoritarians_all.pdf
local_2017,__main__,council_smd,gd,„ქართული ოცნება-დემოკრატიული საქართველო”,,12,ახალციხე,,41,არუთუნ,აგაბაბიან,არუთუნ აგაბაბიან,,,majoritarians_all.pdf
local_2017,__main__,council_smd,gd,„ქართული ოცნება-დემოკრატიული საქართველო”,,9,ახალციხე,,41,არტაშეს,ბალასანიან,არტაშეს ბალასანიან,,,majoritarians_all.pdf
local_2017,__main__,council_smd,gd,„ქართული ოცნება-დემოკრატიული საქართველო”,,8,ახალციხე,,41,ზაალი,ბერიძე,ზაალი ბერიძე,,,majoritarians_all.pdf
local_2017,__main__,council_smd,gd,„ქართული ოცნება-დემოკრატიული საქართველო”,,4,ახალციხე,,41,ნოდარი,სუდაძე,ნოდარი სუდაძე,,,majoritarians_all.pdf
local_2017,__main__,council_smd,gd,„ქართული ოცნება-დემოკრატიული საქართველო”,,3,ახალციხე,,41,სიმონ,გელაშვილი,სიმონ გელაშვილი,,,majoritarians_all.pdf
local_2017,__main__,council_smd,gd,„ქართული ოცნება-დემოკრატიული საქართველო”,,1,ახალციხე,,41,გიორგი,ბეროშვილი,გიორგი ბეროშვილი,,,majoritarians_all.pdf
local_2017,__main__,council_smd,gd,„ქართული ოცნება-დემოკრატიული საქართველო”,,1,ახალციხე,,41,ამბარცუმ,ბაბოიან,ამბარცუმ ბაბოიან,,,majoritarians_all.pdf
local_2017,__main__,council_smd,gd,„ქართული ოცნება-დემოკრატიული საქართველო”,,1,ახალციხე,,41,ზოია,ბალიაშვილი,ზოია ბალიაშვილი,,,majoritarians_all.pdf
local_2017,__main__,council_smd,gd,„ქართული ოცნება-დემოკრატიული საქართველო”,,5,ახალციხე,,41,ალექსი,ლაბაძე,ალექსი ლაბაძე,,,majoritarians_all.pdf
local_2017,__main__,council_smd,gd,„ქართული ოცნება-დემოკრატიული საქართველო”,,2,ახალციხე,,41,გიორგი,ზაქროშვილი,გიორგი ზაქროშვილი,,,majoritarians_all.pdf
local_2017,__main__,council_smd,gd,„ქართული ოცნება-დემოკრატიული საქართველო”,,10,ახალციხე,,41,პაიცარ,მანასიან,პაიცარ მანასიან,,,majoritarians_all.pdf
local_2017,__main__,council_smd,gd,„ქართული ოცნება-დემოკრატიული საქართველო”,,15,ახალციხე,,41,პეტროს,ვართანიან,პეტროს ვართანიან,,,majoritarians_all.pdf
local_2017,__main__,council_smd,gd,„ქართული ოცნება-დემოკრატიული საქართველო”,,13,ახალციხე,,41,ბესიკი,გოგსაძე,ბესიკი გოგსაძე,,,majoritarians_all.pdf
local_2017,__main__,council_smd,gd,„ქართული ოცნება-დემოკრატიული საქართველო”,,14,ახალციხე,,41,ნოდარი,ტალახაძე,ნოდარი ტალახაძე,,,majoritarians_all.pdf
local_2017,__main__,council_smd,gd,„ქართული ოცნება-დემოკრატიული საქართველო”,,16,ახალციხე,,41,მკრტიჩ,გინოსიან,მკრტიჩ გინოსიან,,,majoritarians_all.pdf
local_2017,__main__,council_smd,european_georgia,"საარჩევნო ბლოკი „ბაქრაძე, უგულავა-ევროპული საქართველო”",,1,ადიგენი,,2,მურმან,წითაშვილი,მურმან წითაშვილი,,,majoritarians_all.pdf
local_2017,__main__,council_smd,european_georgia,"საარჩევნო ბლოკი „ბაქრაძე, უგულავა-ევროპული საქართველო”",,2,ადიგენი,,2,რუსუდანი,აფრიამაშვილი,რუსუდანი აფრიამაშვილი,,,majoritarians_all.pdf
local_2017,__main__,council_smd,european_georgia,"საარჩევნო ბლოკი „ბაქრაძე, უგულავა-ევროპული საქართველო”",,3,ადიგენი,,2,თენგიზ,ქომოშვილი,თენგიზ ქომოშვილი,,,majoritarians_all.pdf
local_2017,__main__,council_smd,european_georgia,"საარჩევნო ბლოკი „ბაქრაძე, უგულავა-ევროპული საქართველო”",,15,ადიგენი,,2,გურამ,მგელაძე,გურამ მგელაძე,,,majoritarians_all.pdf
local_2017,__main__,council_smd,european_georgia,"საარჩევნო ბლოკი „ბაქრაძე, უგულავა-ევროპული საქართველო”",,13,ადიგენი,,2,ბადრი,ცქიფურიშვილი,ბადრი ცქიფურიშვილი,,,majoritarians_all.pdf
local_2017,__main__,council_smd,european_georgia,"საარჩევნო ბლოკი „ბაქრაძე, უგულავა-ევროპული საქართველო”",,14,ადიგენი,,2,ალექსანდრე,ჯალაბაძე,ალექსანდრე ჯალაბაძე,,,majoritarians_all.pdf
local_2017,__main__,council_smd,european_georgia,"საარჩევნო ბლოკი „ბაქრაძე, უგულავა-ევროპული საქართველო”",,4,ადიგენი,,2,კობა,ენდელაძე,კობა ენდელაძე,,,majoritarians_all.pdf
local_2017,__main__,council_smd,european_georgia,"საარჩევნო ბლოკი „ბაქრაძე, უგულავა-ევროპული საქართველო”",,6,ადიგენი,,2,ასლანი,მარკოიძე,ასლანი მარკოიძე,,,majoritarians_all.pdf
local_2017,__main__,council_smd,european_georgia,"საარჩევნო ბლოკი „ბაქრაძე, უგულავა-ევროპული საქართველო”",,7,ადიგენი,,2,ტარიელ,მსხვილიძე,ტარიელ მსხვილიძე,,,majoritarians_all.pdf
local_2017,__main__,council_smd,european_georgia,"საარჩევნო ბლოკი „ბაქრაძე, უგულავა-ევროპული საქართველო”",,5,ადიგენი,,2,ვეფხვია,ბაქრაძე,ვეფხვია ბაქრაძე,,,majoritarians_all.pdf
local_2017,__main__,council_smd,european_georgia,"საარჩევნო ბლოკი „ბაქრაძე, უგულავა-ევროპული საქართველო”",,9,ადიგენი,,2,გოჩა,ხარაიშვილი,გოჩა ხარაიშვილი,,,majoritarians_all.pdf
local_2017,__main__,council_smd,european_georgia,"საარჩევნო ბლოკი „ბაქრაძე, უგულავა-ევროპული საქართველო”",,8,ადიგენი,,2,ზურაბ,შაინიძე,ზურაბ შაინიძე,,,majoritarians_all.pdf
local_2017,__main__,council_smd,european_georgia,"საარჩევნო ბლოკი „ბაქრაძე, უგულავა-ევროპული საქართველო”",,10,ადიგენი,,2,თამაზ,ღორჯომელაძე,თამაზ ღორჯომელაძე,,,majoritarians_all.pdf
local_2017,__main__,council_smd,european_georgia,"საარჩევნო ბლოკი „ბაქრაძე, უგულავა-ევროპული საქართველო”",,11,ადიგენი,,2,ანზორ,მუშარბაძე,ანზორ მუშარბაძე,,,majoritarians_all.pdf
local_2017,__main__,council_smd,european_georgia,"საარჩევნო ბლოკი „ბაქრაძე, უგულავა-ევროპული საქართველო”",,12,ადიგენი,,2,სტეფანე,ბალახაშვილი,სტეფანე ბალახაშვილი,,,majoritarians_all.pdf
local_2017,__main__,council_smd,free_georgia,"საარჩევნო ბლოკი „დიმიტრი ლორთქიფანიძე, კახა კუკავა-დემოკრატიული მოძრაობა-თავისუფალი საქართველო”",,15,ადიგენი,,3,მურადი,ზურგალიძე,მურადი ზურგალიძე,,,majoritarians_all.pdf
local_2017,__main__,council_smd,free_georgia,"საარჩევნო ბლოკი „დიმიტრი ლორთქიფანიძე, კახა კუკავა-დემოკრატიული მოძრაობა-თავისუფალი საქართველო”",,1,ადიგენი,,3,მარლენ,ქაფიანიძე,მარლენ ქაფიანიძე,,,majoritarians_all.pdf
local_2017,__main__,council_smd,free_georgia,"საარჩევნო ბლოკი „დიმიტრი ლორთქიფანიძე, კახა კუკავა-დემოკრატიული მოძრაობა-თავისუფალი საქართველო”",,4,ადიგენი,,3,ტარიელ,გორგოძე,ტარიელ გორგოძე,,,majoritarians_all.pdf
local_2017,__main__,council_smd,free_georgia,"საარჩევნო ბლოკი „დიმიტრი ლორთქიფანიძე, კახა კუკავა-დემოკრატიული მოძრაობა-თავისუფალი საქართველო”",,6,ადიგენი,,3,მალხაზ,ბოჩიკაშვილი,მალხაზ ბოჩიკაშვილი,,,majoritarians_all.pdf
local_2017,__main__,council_smd,free_georgia,"საარჩევნო ბლოკი „დიმიტრი ლორთქიფანიძე, კახა კუკავა-დემოკრატიული მოძრაობა-თავისუფალი საქართველო”",,9,ადიგენი,,3,რამაზ,შავაძე,რამაზ შავაძე,,,majoritarians_all.pdf
local_2017,__main__,council_smd,free_georgia,"საარჩევნო ბლოკი „დიმიტრი ლორთქიფანიძე, კახა კუკავა-დემოკრატიული მოძრაობა-თავისუფალი საქართველო”",,14,ადიგენი,,3,გელა,ჩაჩანიძე,გელა ჩაჩანიძე,,,majoritarians_all.pdf
local_2017,__main__,council_smd,free_georgia,"საარჩევნო ბლოკი „დიმიტრი ლორთქიფანიძე, კახა კუკავა-დემოკრატიული მოძრაობა-თავისუფალი საქართველო”",,8,ადიგენი,,3,ზურაბ,მარკოიძე,ზურაბ მარკოიძე,,,majoritarians_all.pdf
local_2017,__main__,council_smd,unm,საარჩევნო ბლოკი „ერთიანი ნაციონალური მოძრაობა”,,10,ადიგენი,,5,შაქრო,ინასარიძე,შაქრო ინასარიძე,,,majoritarians_all.pdf
local_2017,__main__,council_smd,unm,საარჩევნო ბლოკი „ერთიანი ნაციონალური მოძრაობა”,,11,ადიგენი,,5,დავით,გობაძე,დავით გობაძე,,,majoritarians_all.pdf
local_2017,__main__,council_smd,unm,საარჩევნო ბლოკი „ერთიანი ნაციონალური მოძრაობა”,,13,ადიგენი,,5,ვეფხვია,გელაშვილი,ვეფხვია გელაშვილი,,,majoritarians_all.pdf
local_2017,__main__,council_smd,unm,საარჩევნო ბლოკი „ერთიანი ნაციონალური მოძრაობა”,,12,ადიგენი,,5,ივანე,თათოშვილი,ივანე თათოშვილი,,,majoritarians_all.pdf
local_2017,__main__,council_smd,unm,საარჩევნო ბლოკი „ერთიანი ნაციონალური მოძრაობა”,,15,ადიგენი,,5,ლევან,ბოლქვაძე,ლევან ბოლქვაძე,,,majoritarians_all.pdf
local_2017,__main__,council_smd,unm,საარჩევნო ბლოკი „ერთიანი ნაციონალური მოძრაობა”,,6,ადიგენი,,5,მამუკა,ბარაბაძე,მამუკა ბარაბაძე,,,majoritarians_all.pdf
local_2017,__main__,council_smd,unm,საარჩევნო ბლოკი „ერთიანი ნაციონალური მოძრაობა”,,7,ადიგენი,,5,ზაალ,მაზაშვილი,ზაალ მაზაშვილი,,,majoritarians_all.pdf
local_2017,__main__,council_smd,unm,საარჩევნო ბლოკი „ერთიანი ნაციონალური მოძრაობა”,,9,ადიგენი,,5,გიორგი,ჭანტურიძე,გიორგი ჭანტურიძე,,,majoritarians_all.pdf
local_2017,__main__,council_smd,unm,საარჩევნო ბლოკი „ერთიანი ნაციონალური მოძრაობა”,,8,ადიგენი,,5,ალიოსმან,კოჩალიძე,ალიოსმან კოჩალიძე,,,majoritarians_all.pdf
local_2017,__main__,council_smd,unm,საარჩევნო ბლოკი „ერთიანი ნაციონალური მოძრაობა”,,3,ადიგენი,,5,გიორგი,ფეიქრიშვილი,გიორგი ფეიქრიშვილი,,,majoritarians_all.pdf
local_2017,__main__,council_smd,unm,საარჩევნო ბლოკი „ერთიანი ნაციონალური მოძრაობა”,,5,ადიგენი,,5,თეიმურაზ,ჩაბრაძე,თეიმურაზ ჩაბრაძე,,,majoritarians_all.pdf
local_2017,__main__,council_smd,unm,საარჩევნო ბლოკი „ერთიანი ნაციონალური მოძრაობა”,,1,ადიგენი,,5,პავლე,ჩილაშვილი,პავლე ჩილაშვილი,,,majoritarians_all.pdf
local_2017,__main__,council_smd,patriots,"„დავით თარხან-მოურავი, ირმა ინაშვილი - საქართველოს პატრიოტთა",,2,ადიგენი,,8,ალიანსი”ირაკლი,მინაძე,ალიანსი”ირაკლი მინაძე,,,majoritarians_all.pdf
local_2017,__main__,council_smd,patriots,"„დავით თარხან-მოურავი, ირმა ინაშვილი - საქართველოს პატრიოტთა",,1,ადიგენი,,8,ალიანსი”ნუგზარ,ქაშიბაძე,ალიანსი”ნუგზარ ქაშიბაძე,,,majoritarians_all.pdf
local_2017,__main__,council_smd,patriots,"„დავით თარხან-მოურავი, ირმა ინაშვილი - საქართველოს პატრიოტთა",,5,ადიგენი,,8,ალიანსი”კობა,ჩხიტუნიძე,ალიანსი”კობა ჩხიტუნიძე,,,majoritarians_all.pdf
local_2017,__main__,council_smd,patriots,"„დავით თარხან-მოურავი, ირმა ინაშვილი - საქართველოს პატრიოტთა",,4,ადიგენი,,8,ალიანსი”ვალერიან,კლდიაშვილი,ალიანსი”ვალერიან კლდიაშვილი,,,majoritarians_all.pdf
local_2017,__main__,council_smd,patriots,"„დავით თარხან-მოურავი, ირმა ინაშვილი - საქართველოს პატრიოტთა",,10,ადიგენი,,8,ალიანსი”თამაზ,ბოხაშვილი,ალიანსი”თამაზ ბოხაშვილი,,,majoritarians_all.pdf
local_2017,__main__,council_smd,patriots,"„დავით თარხან-მოურავი, ირმა ინაშვილი - საქართველოს პატრიოტთა",,14,ადიგენი,,8,ალიანსი”ილია,ფოფხაძე,ალიანსი”ილია ფოფხაძე,,,majoritarians_all.pdf
local_2017,__main__,council_smd,patriots,"„დავით თარხან-მოურავი, ირმა ინაშვილი - საქართველოს პატრიოტთა",,6,ადიგენი,,8,ალიანსი”ზაზა,გიგოლაშვილი,ალიანსი”ზაზა გიგოლაშვილი,,,majoritarians_all.pdf
local_2017,__main__,council_smd,gd,„ქართული ოცნება-დემოკრატიული საქართველო”,,4,ადიგენი,,41,ზაზა,მღებრიშვილი,ზაზა მღებრიშვილი,,,majoritarians_all.pdf
local_2017,__main__,council_smd,gd,„ქართული ოცნება-დემოკრატიული საქართველო”,,1,ადიგენი,,41,დავითი,აბულაძე,დავითი აბულაძე,,,majoritarians_all.pdf
local_2017,__main__,council_smd,gd,„ქართული ოცნება-დემოკრატიული საქართველო”,,2,ადიგენი,,41,ტარიელი,ენდელაძე,ტარიელი ენდელაძე,,,majoritarians_all.pdf
local_2017,__main__,council_smd,gd,„ქართული ოცნება-დემოკრატიული საქართველო”,,3,ადიგენი,,41,ლაზარე,ჩილინგარაშვილი,ლაზარე ჩილინგარაშვილი,,,majoritarians_all.pdf
local_2017,__main__,council_smd,gd,„ქართული ოცნება-დემოკრატიული საქართველო”,,7,ადიგენი,,41,რუსუდან,ხობიაშვილი,რუსუდან ხობიაშვილი,,,majoritarians_all.pdf
local_2017,__main__,council_smd,gd,„ქართული ოცნება-დემოკრატიული საქართველო”,,5,ადიგენი,,41,მევლუდი,ბახტურიძე,მევლუდი ბახტურიძე,,,majoritarians_all.pdf
local_2017,__main__,council_smd,gd,„ქართული ოცნება-დემოკრატიული საქართველო”,,6,ადიგენი,,41,ვაჟა,მერაბიშვილი,ვაჟა მერაბიშვილი,,,majoritarians_all.pdf
local_2017,__main__,council_smd,gd,„ქართული ოცნება-დემოკრატიული საქართველო”,,8,ადიგენი,,41,ჯაბა,ხოზრევანიძე,ჯაბა ხოზრევანიძე,,,majoritarians_all.pdf
local_2017,__main__,council_smd,gd,„ქართული ოცნება-დემოკრატიული საქართველო”,,9,ადიგენი,,41,ნუკრი,ხვედელიძე,ნუკრი ხვედელიძე,,,majoritarians_all.pdf
local_2017,__main__,council_smd,gd,„ქართული ოცნება-დემოკრატიული საქართველო”,,10,ადიგენი,,41,რამაზ,გოგრიჭიანი,რამაზ გოგრიჭიანი,,,majoritarians_all.pdf
local_2017,__main__,council_smd,gd,„ქართული ოცნება-დემოკრატიული საქართველო”,,11,ადიგენი,,41,ნოდარ,გობაძე,ნოდარ გობაძე,,,majoritarians_all.pdf
local_2017,__main__,council_smd,gd,„ქართული ოცნება-დემოკრატიული საქართველო”,,12,ადიგენი,,41,ნუგზარ,ბოჩიკაშვილი,ნუგზარ ბოჩიკაშვილი,,,majoritarians_all.pdf
local_2017,__main__,council_smd,gd,„ქართული ოცნება-დემოკრატიული საქართველო”,,13,ადიგენი,,41,იაგორ,ასანიძე,იაგორ ასანიძე,,,majoritarians_all.pdf
local_2017,__main__,council_smd,gd,„ქართული ოცნება-დემოკრატიული საქართველო”,,14,ადიგენი,,41,ამირანი,ჭიტაძე,ამირანი ჭიტაძე,,,majoritarians_all.pdf
local_2017,__main__,council_smd,gd,„ქართული ოცნება-დემოკრატიული საქართველო”,,15,ადიგენი,,41,თეიმურაზ,მიქელაძე,თეიმურაზ მიქელაძე,,,majoritarians_all.pdf
local_2017,__main__,council_smd,initiative_group,"საინიციატივო ჯგუფი - ნოდარ ობოლაძე, გურამ ჩხიტუნიძე, ავთანდილ ხარაიშვილი, შოთა ტეფნაძე,კახა ჩხიტუნიძე",,5,ადიგენი,,42,თენგიზი,სხირტლაძე,თენგიზი სხირტლაძე,,,majoritarians_all.pdf
local_2017,__main__,council_smd,initiative_group,"საინიციატივო ჯგუფი - თემური ირემაძე, გურამი ბერიძე, მალხაზ ბერიძე, თამაზი ვანაძე, რამაზი ირემაძე",,15,ადიგენი,,42,ჯიმშერი,ბერიძე,ჯიმშერი ბერიძე,,,majoritarians_all.pdf
local_2017,__main__,council_smd,initiative_group,"საინიციატივო ჯგუფი - ალექსანდრე ლობჯანიძე, ტარიელი გავაშელი, გივი ლობჯანიძე, ზაალ გოგრიჭიანი, ლალი მეტრეველი",,10,ადიგენი,,42,ლევან,ლობჯანიძე,ლევან ლობჯანიძე,,,majoritarians_all.pdf
local_2017,__main__,council_smd,european_georgia,"საარჩევნო ბლოკი „ბაქრაძე, უგულავა-ევროპული საქართველო”",,11,ასპინძა,,2,ზურაბ,ზედგინიძე,ზურაბ ზედგინიძე,,,majoritarians_all.pdf
local_2017,__main__,council_smd,european_georgia,"საარჩევნო ბლოკი „ბაქრაძე, უგულავა-ევროპული საქართველო”",,12,ასპინძა,,2,ვასილ,ხითარიშვილი,ვასილ ხითარიშვილი,,,majoritarians_all.pdf
local_2017,__main__,council_smd,european_georgia,"საარჩევნო ბლოკი „ბაქრაძე, უგულავა-ევროპული საქართველო”",,8,ასპინძა,,2,ნუგზარ,ნარიმანიძე,ნუგზარ ნარიმანიძე,,,majoritarians_all.pdf
local_2017,__main__,council_smd,european_georgia,"საარჩევნო ბლოკი „ბაქრაძე, უგულავა-ევროპული საქართველო”",,10,ასპინძა,,2,მერაბ,დავლაშერიძე,მერაბ დავლაშერიძე,,,majoritarians_all.pdf
local_2017,__main__,council_smd,european_georgia,"საარჩევნო ბლოკი „ბაქრაძე, უგულავა-ევროპული საქართველო”",,1,ასპინძა,,2,მერი,გიორგაძე,მერი გიორგაძე,,,majoritarians_all.pdf
local_2017,__main__,council_smd,european_georgia,"საარჩევნო ბლოკი „ბაქრაძე, უგულავა-ევროპული საქართველო”",,2,ასპინძა,,2,ვიტალი,ველიჯანაშვილი,ვიტალი ველიჯანაშვილი,,,majoritarians_all.pdf
local_2017,__main__,council_smd,european_georgia,"საარჩევნო ბლოკი „ბაქრაძე, უგულავა-ევროპული საქართველო”",,5,ასპინძა,,2,თეიმურაზ,გოგიშვილი,თეიმურაზ გოგიშვილი,,,majoritarians_all.pdf
local_2017,__main__,council_smd,european_georgia,"საარჩევნო ბლოკი „ბაქრაძე, უგულავა-ევროპული საქართველო”",,6,ასპინძა,,2,დურმიშხან,ზაზაძე,დურმიშხან ზაზაძე,,,majoritarians_all.pdf
local_2017,__main__,council_smd,unm,საარჩევნო ბლოკი „ერთიანი ნაციონალური მოძრაობა”,,2,ასპინძა,,5,გურამი,ივანიძე,გურამი ივანიძე,,,majoritarians_all.pdf
local_2017,__main__,council_smd,unm,საარჩევნო ბლოკი „ერთიანი ნაციონალური მოძრაობა”,,6,ასპინძა,,5,ლევან,ქამაშიძე,ლევან ქამაშიძე,,,majoritarians_all.pdf
local_2017,__main__,council_smd,unm,საარჩევნო ბლოკი „ერთიანი ნაციონალური მოძრაობა”,,10,ასპინძა,,5,ნუკრი,დავლაშერიძე,ნუკრი დავლაშერიძე,,,majoritarians_all.pdf
local_2017,__main__,council_smd,patriots,"„დავით თარხან-მოურავი, ირმა ინაშვილი - საქართველოს პატრიოტთა",,1,ასპინძა,,8,ალიანსი”კობა,ზედგინიძე,ალიანსი”კობა ზედგინიძე,,,majoritarians_all.pdf
local_2017,__main__,council_smd,patriots,"„დავით თარხან-მოურავი, ირმა ინაშვილი - საქართველოს პატრიოტთა",,2,ასპინძა,,8,ალიანსი”ზურაბ,თევდორაშვილი,ალიანსი”ზურაბ თევდორაშვილი,,,majoritarians_all.pdf
local_2017,__main__,council_smd,patriots,"„დავით თარხან-მოურავი, ირმა ინაშვილი - საქართველოს პატრიოტთა",,12,ასპინძა,,8,ალიანსი”გურამ,მურადაშვილი,ალიანსი”გურამ მურადაშვილი,,,majoritarians_all.pdf
local_2017,__main__,council_smd,patriots,"„დავით თარხან-მოურავი, ირმა ინაშვილი - საქართველოს პატრიოტთა",,10,ასპინძა,,8,ალიანსი”ელენე,ზედგინიძე,ალიანსი”ელენე ზედგინიძე,,,majoritarians_all.pdf
local_2017,__main__,council_smd,patriots,"„დავით თარხან-მოურავი, ირმა ინაშვილი - საქართველოს პატრიოტთა",,11,ასპინძა,,8,ალიანსი”გელა,ზედგინიძე,ალიანსი”გელა ზედგინიძე,,,majoritarians_all.pdf
local_2017,__main__,council_smd,patriots,"„დავით თარხან-მოურავი, ირმა ინაშვილი - საქართველოს პატრიოტთა",,7,ასპინძა,,8,ალიანსი”ბადრი,ლალიაშვილი,ალიანსი”ბადრი ლალიაშვილი,,,majoritarians_all.pdf
local_2017,__main__,council_smd,patriots,"„დავით თარხან-მოურავი, ირმა ინაშვილი - საქართველოს პატრიოტთა",,9,ასპინძა,,8,ალიანსი”გივი,სანდროშვილი,ალიანსი”გივი სანდროშვილი,,,majoritarians_all.pdf
local_2017,__main__,council_smd,patriots,"„დავით თარხან-მოურავი, ირმა ინაშვილი - საქართველოს პატრიოტთა",,5,ასპინძა,,8,ალიანსი”რეზო,ბოლქვაძე,ალიანსი”რეზო ბოლქვაძე,,,majoritarians_all.pdf
local_2017,__main__,council_smd,patriots,"„დავით თარხან-მოურავი, ირმა ინაშვილი - საქართველოს პატრიოტთა",,6,ასპინძა,,8,ალიანსი”პავლე,ბერიძე,ალიანსი”პავლე ბერიძე,,,majoritarians_all.pdf
local_2017,__main__,council_smd,patriots,"„დავით თარხან-მოურავი, ირმა ინაშვილი - საქართველოს პატრიოტთა",,4,ასპინძა,,8,ალიანსი”თამილა,ოთანაძე,ალიანსი”თამილა ოთანაძე,,,majoritarians_all.pdf
local_2017,__main__,council_smd,patriots,"„დავით თარხან-მოურავი, ირმა ინაშვილი - საქართველოს პატრიოტთა",,3,ასპინძა,,8,ალიანსი”რამინ,ბუცხრიკიძე,ალიანსი”რამინ ბუცხრიკიძე,,,majoritarians_all.pdf
local_2017,__main__,council_smd,gd,„ქართული ოცნება-დემოკრატიული საქართველო”,,1,ასპინძა,,41,დავით,ფართლაძე,დავით ფართლაძე,,,majoritarians_all.pdf
local_2017,__main__,council_smd,gd,„ქართული ოცნება-დემოკრატიული საქართველო”,,2,ასპინძა,,41,ავთანდილ,ივანიძე,ავთანდილ ივანიძე,,,majoritarians_all.pdf
local_2017,__main__,council_smd,gd,„ქართული ოცნება-დემოკრატიული საქართველო”,,3,ასპინძა,,41,ემინ,ბალოიან,ემინ ბალოიან,,,majoritarians_all.pdf
local_2017,__main__,council_smd,gd,„ქართული ოცნება-დემოკრატიული საქართველო”,,4,ასპინძა,,41,ზვიად,ზარიძე,ზვიად ზარიძე,,,majoritarians_all.pdf
local_2017,__main__,council_smd,gd,„ქართული ოცნება-დემოკრატიული საქართველო”,,5,ასპინძა,,41,გაგა,სახელაშვილი,გაგა სახელაშვილი,,,majoritarians_all.pdf
local_2017,__main__,council_smd,gd,„ქართული ოცნება-დემოკრატიული საქართველო”,,7,ასპინძა,,41,ბესიკ,მაგრაქველიძე,ბესიკ მაგრაქველიძე,,,majoritarians_all.pdf
local_2017,__main__,council_smd,gd,„ქართული ოცნება-დემოკრატიული საქართველო”,,8,ასპინძა,,41,პაატა,ნარიმანიძე,პაატა ნარიმანიძე,,,majoritarians_all.pdf
local_2017,__main__,council_smd,gd,„ქართული ოცნება-დემოკრატიული საქართველო”,,9,ასპინძა,,41,თამაზ,შავაძე,თამაზ შავაძე,,,majoritarians_all.pdf
local_2017,__main__,council_smd,gd,„ქართული ოცნება-დემოკრატიული საქართველო”,,10,ასპინძა,,41,ზურაბ,მელიქიძე,ზურაბ მელიქიძე,,,majoritarians_all.pdf
local_2017,__main__,council_smd,gd,„ქართული ოცნება-დემოკრატიული საქართველო”,,6,ასპინძა,,41,ბადრი,მაღრაძე,ბადრი მაღრაძე,,,majoritarians_all.pdf
local_2017,__main__,council_smd,gd,„ქართული ოცნება-დემოკრატიული საქართველო”,,11,ასპინძა,,41,გიორგი,ჯვარიძე,გიორგი ჯვარიძე,,,majoritarians_all.pdf
local_2017,__main__,council_smd,gd,„ქართული ოცნება-დემოკრატიული საქართველო”,,12,ასპინძა,,41,გოჩა,ყრუაშვილი,გოჩა ყრუაშვილი,,,majoritarians_all.pdf
local_2017,__main__,council_smd,initiative_group,"საინიციატივო ჯგუფი - სერგო ჯვარიძე, ზაურ ზედგინიძე, ლევან ლონდარიძე, ლამარა ქავთარაძე, ნინო ლონდარიძე",,11,ასპინძა,,43,ალბერტი,ჯვარიძე,ალბერტი ჯვარიძე,,,majoritarians_all.pdf
local_2017,__main__,council_smd,european_georgia,"საარჩევნო ბლოკი „ბაქრაძე, უგულავა-ევროპული საქართველო”",,20,ახალქალაქი,,2,აიკანუშ,მარტიროსიანი,აიკანუშ მარტიროსიანი,,,majoritarians_all.pdf
local_2017,__main__,council_smd,european_georgia,"საარჩევნო ბლოკი „ბაქრაძე, უგულავა-ევროპული საქართველო”",,1,ახალქალაქი,,2,ჰარუთიუნ,ავეტისიან,ჰარუთიუნ ავეტისიან,,,majoritarians_all.pdf
local_2017,__main__,council_smd,european_georgia,"საარჩევნო ბლოკი „ბაქრაძე, უგულავა-ევროპული საქართველო”",,1,ახალქალაქი,,2,არსენ,კარაპეტიან,არსენ კარაპეტიან,,,majoritarians_all.pdf
local_2017,__main__,council_smd,european_georgia,"საარჩევნო ბლოკი „ბაქრაძე, უგულავა-ევროპული საქართველო”",,2,ახალქალაქი,,2,სტეპან,ტონაკანიან,სტეპან ტონაკანიან,,,majoritarians_all.pdf
local_2017,__main__,council_smd,european_georgia,"საარჩევნო ბლოკი „ბაქრაძე, უგულავა-ევროპული საქართველო”",,19,ახალქალაქი,,2,ანნა,პეტროსიან,ანნა პეტროსიან,,,majoritarians_all.pdf
local_2017,__main__,council_smd,european_georgia,"საარჩევნო ბლოკი „ბაქრაძე, უგულავა-ევროპული საქართველო”",,22,ახალქალაქი,,2,სერიოჟა,ირიციან,სერიოჟა ირიციან,,,majoritarians_all.pdf
local_2017,__main__,council_smd,european_georgia,"საარჩევნო ბლოკი „ბაქრაძე, უგულავა-ევროპული საქართველო”",,7,ახალქალაქი,,2,სტეფან,ერზინკიან,სტეფან ერზინკიან,,,majoritarians_all.pdf
local_2017,__main__,council_smd,european_georgia,"საარჩევნო ბლოკი „ბაქრაძე, უგულავა-ევროპული საქართველო”",,8,ახალქალაქი,,2,არამ,მარანგოზიან,არამ მარანგოზიან,,,majoritarians_all.pdf
local_2017,__main__,council_smd,european_georgia,"საარჩევნო ბლოკი „ბაქრაძე, უგულავა-ევროპული საქართველო”",,9,ახალქალაქი,,2,ერვანდ,მკრტჩიან,ერვანდ მკრტჩიან,,,majoritarians_all.pdf
local_2017,__main__,council_smd,european_georgia,"საარჩევნო ბლოკი „ბაქრაძე, უგულავა-ევროპული საქართველო”",,10,ახალქალაქი,,2,გაგიკ,კაზარიან,გაგიკ კაზარიან,,,majoritarians_all.pdf
local_2017,__main__,council_smd,european_georgia,"საარჩევნო ბლოკი „ბაქრაძე, უგულავა-ევროპული საქართველო”",,11,ახალქალაქი,,2,ჰრაჩ,გრიგორიან,ჰრაჩ გრიგორიან,,,majoritarians_all.pdf
local_2017,__main__,council_smd,european_georgia,"საარჩევნო ბლოკი „ბაქრაძე, უგულავა-ევროპული საქართველო”",,3,ახალქალაქი,,2,ქეროფ,აბაჯიან,ქეროფ აბაჯიან,,,majoritarians_all.pdf
local_2017,__main__,council_smd,european_georgia,"საარჩევნო ბლოკი „ბაქრაძე, უგულავა-ევროპული საქართველო”",,4,ახალქალაქი,,2,მარტიროს,არუთიუნიან,მარტიროს არუთიუნიან,,,majoritarians_all.pdf
local_2017,__main__,council_smd,european_georgia,"საარჩევნო ბლოკი „ბაქრაძე, უგულავა-ევროპული საქართველო”",,5,ახალქალაქი,,2,ნარინე,ხაჩატრიან,ნარინე ხაჩატრიან,,,majoritarians_all.pdf
local_2017,__main__,council_smd,european_georgia,"საარჩევნო ბლოკი „ბაქრაძე, უგულავა-ევროპული საქართველო”",,12,ახალქალაქი,,2,ლუიზა,მინოსიანი,ლუიზა მინოსიანი,,,majoritarians_all.pdf
local_2017,__main__,council_smd,european_georgia,"საარჩევნო ბლოკი „ბაქრაძე, უგულავა-ევროპული საქართველო”",,13,ახალქალაქი,,2,ჟორა,ალექსანიან,ჟორა ალექსანიან,,,majoritarians_all.pdf
local_2017,__main__,council_smd,european_georgia,"საარჩევნო ბლოკი „ბაქრაძე, უგულავა-ევროპული საქართველო”",,14,ახალქალაქი,,2,გაბრიელ,სტეპანიან,გაბრიელ სტეპანიან,,,majoritarians_all.pdf
local_2017,__main__,council_smd,european_georgia,"საარჩევნო ბლოკი „ბაქრაძე, უგულავა-ევროპული საქართველო”",,6,ახალქალაქი,,2,ნინო,კოჟორიძე,ნინო კოჟორიძე,,,majoritarians_all.pdf
local_2017,__main__,council_smd,european_georgia,"საარჩევნო ბლოკი „ბაქრაძე, უგულავა-ევროპული საქართველო”",,16,ახალქალაქი,,2,ჯონი,ხოზრევანიძე,ჯონი ხოზრევანიძე,,,majoritarians_all.pdf
local_2017,__main__,council_smd,european_georgia,"საარჩევნო ბლოკი „ბაქრაძე, უგულავა-ევროპული საქართველო”",,18,ახალქალაქი,,2,არმენ,მოსოიან,არმენ მოსოიან,,,majoritarians_all.pdf
local_2017,__main__,council_smd,european_georgia,"საარჩევნო ბლოკი „ბაქრაძე, უგულავა-ევროპული საქართველო”",,15,ახალქალაქი,,2,ოთარი,ქამადაძე,ოთარი ქამადაძე,,,majoritarians_all.pdf
local_2017,__main__,council_smd,free_georgia,"საარჩევნო ბლოკი „დიმიტრი ლორთქიფანიძე, კახა კუკავა-დემოკრატიული მოძრაობა-თავისუფალი საქართველო”",,3,ახალქალაქი,,3,სამველ,აბაჯიან,სამველ აბაჯიან,,,majoritarians_all.pdf
local_2017,__main__,council_smd,free_georgia,"საარჩევნო ბლოკი „დიმიტრი ლორთქიფანიძე, კახა კუკავა-დემოკრატიული მოძრაობა-თავისუფალი საქართველო”",,22,ახალქალაქი,,3,ანდრანიკ,მარაბიან,ანდრანიკ მარაბიან,,,majoritarians_all.pdf
local_2017,__main__,council_smd,free_georgia,"საარჩევნო ბლოკი „დიმიტრი ლორთქიფანიძე, კახა კუკავა-დემოკრატიული მოძრაობა-თავისუფალი საქართველო”",,10,ახალქალაქი,,3,ვარდან,ჩოკანდარიან,ვარდან ჩოკანდარიან,,,majoritarians_all.pdf
local_2017,__main__,council_smd,free_georgia,"საარჩევნო ბლოკი „დიმიტრი ლორთქიფანიძე, კახა კუკავა-დემოკრატიული მოძრაობა-თავისუფალი საქართველო”",,1,ახალქალაქი,,3,ჟორა,სუკასიან,ჟორა სუკასიან,,,majoritarians_all.pdf
local_2017,__main__,council_smd,free_georgia,"საარჩევნო ბლოკი „დიმიტრი ლორთქიფანიძე, კახა კუკავა-დემოკრატიული მოძრაობა-თავისუფალი საქართველო”",,18,ახალქალაქი,,3,ანდრეი,ნონოიან,ანდრეი ნონოიან,,,majoritarians_all.pdf
local_2017,__main__,council_smd,free_georgia,"საარჩევნო ბლოკი „დიმიტრი ლორთქიფანიძე, კახა კუკავა-დემოკრატიული მოძრაობა-თავისუფალი საქართველო”",,20,ახალქალაქი,,3,კარაპეტ,კარაპეტიან,კარაპეტ კარაპეტიან,,,majoritarians_all.pdf
local_2017,__main__,council_smd,free_georgia,"საარჩევნო ბლოკი „დიმიტრი ლორთქიფანიძე, კახა კუკავა-დემოკრატიული მოძრაობა-თავისუფალი საქართველო”",,11,ახალქალაქი,,3,აბრაჰამ,აბრამიან,აბრაჰამ აბრამიან,,,majoritarians_all.pdf
local_2017,__main__,council_smd,free_georgia,"საარჩევნო ბლოკი „დიმიტრი ლორთქიფანიძე, კახა კუკავა-დემოკრატიული მოძრაობა-თავისუფალი საქართველო”",,14,ახალქალაქი,,3,ხაჩიკ,ბაღდადიან,ხაჩიკ ბაღდადიან,,,majoritarians_all.pdf
local_2017,__main__,council_smd,free_georgia,"საარჩევნო ბლოკი „დიმიტრი ლორთქიფანიძე, კახა კუკავა-დემოკრატიული მოძრაობა-თავისუფალი საქართველო”",,4,ახალქალაქი,,3,აშოტ,რაისიან,აშოტ რაისიან,,,majoritarians_all.pdf
local_2017,__main__,council_smd,free_georgia,"საარჩევნო ბლოკი „დიმიტრი ლორთქიფანიძე, კახა კუკავა-დემოკრატიული მოძრაობა-თავისუფალი საქართველო”",,8,ახალქალაქი,,3,ნასლეტ,ხანახიან,ნასლეტ ხანახიან,,,majoritarians_all.pdf
local_2017,__main__,council_smd,free_georgia,"საარჩევნო ბლოკი „დიმიტრი ლორთქიფანიძე, კახა კუკავა-დემოკრატიული მოძრაობა-თავისუფალი საქართველო”",,1,ახალქალაქი,,3,კარლოს,რაისიან,კარლოს რაისიან,,,majoritarians_all.pdf
local_2017,__main__,council_smd,free_georgia,"საარჩევნო ბლოკი „დიმიტრი ლორთქიფანიძე, კახა კუკავა-დემოკრატიული მოძრაობა-თავისუფალი საქართველო”",,7,ახალქალაქი,,3,ნვერ,მოსოიან,ნვერ მოსოიან,,,majoritarians_all.pdf
local_2017,__main__,council_smd,free_georgia,"საარჩევნო ბლოკი „დიმიტრი ლორთქიფანიძე, კახა კუკავა-დემოკრატიული მოძრაობა-თავისუფალი საქართველო”",,5,ახალქალაქი,,3,რუდიკ,პაპოიან,რუდიკ პაპოიან,,,majoritarians_all.pdf
local_2017,__main__,council_smd,patriots,"„დავით თარხან-მოურავი, ირმა ინაშვილი - საქართველოს პატრიოტთა",,2,ახალქალაქი,,8,ალიანსი”ერვანდ,აივაზიან,ალიანსი”ერვანდ აივაზიან,,,majoritarians_all.pdf
local_2017,__main__,council_smd,patriots,"„დავით თარხან-მოურავი, ირმა ინაშვილი - საქართველოს პატრიოტთა",,3,ახალქალაქი,,8,ალიანსი”სეირან,მანანიან,ალიანსი”სეირან მანანიან,,,majoritarians_all.pdf
local_2017,__main__,council_smd,patriots,"„დავით თარხან-მოურავი, ირმა ინაშვილი - საქართველოს პატრიოტთა",,4,ახალქალაქი,,8,ალიანსი”მანველ,საღათელიან,ალიანსი”მანველ საღათელიან,,,majoritarians_all.pdf
local_2017,__main__,council_smd,patriots,"„დავით თარხან-მოურავი, ირმა ინაშვილი - საქართველოს პატრიოტთა",,5,ახალქალაქი,,8,ალიანსი”სლავიკ,მარაბიან,ალიანსი”სლავიკ მარაბიან,,,majoritarians_all.pdf
local_2017,__main__,council_smd,patriots,"„დავით თარხან-მოურავი, ირმა ინაშვილი - საქართველოს პატრიოტთა",,6,ახალქალაქი,,8,ალიანსი”აბესალომ,ნათენაძე,ალიანსი”აბესალომ ნათენაძე,,,majoritarians_all.pdf
local_2017,__main__,council_smd,patriots,"„დავით თარხან-მოურავი, ირმა ინაშვილი - საქართველოს პატრიოტთა",,7,ახალქალაქი,,8,ალიანსი”ჟორა,ეზოიან,ალიანსი”ჟორა ეზოიან,,,majoritarians_all.pdf
local_2017,__main__,council_smd,patriots,"„დავით თარხან-მოურავი, ირმა ინაშვილი - საქართველოს პატრიოტთა",,9,ახალქალაქი,,8,ალიანსი”კარენ,აკოფიან,ალიანსი”კარენ აკოფიან,,,majoritarians_all.pdf
local_2017,__main__,council_smd,patriots,"„დავით თარხან-მოურავი, ირმა ინაშვილი - საქართველოს პატრიოტთა",,8,ახალქალაქი,,8,ალიანსი”ანდრანიკ,დილბანდიან,ალიანსი”ანდრანიკ დილბანდიან,,,majoritarians_all.pdf
local_2017,__main__,council_smd,patriots,"„დავით თარხან-მოურავი, ირმა ინაშვილი - საქართველოს პატრიოტთა",,10,ახალქალაქი,,8,ალიანსი”გენადი,ელიზბარიან,ალიანსი”გენადი ელიზბარიან,,,majoritarians_all.pdf
local_2017,__main__,council_smd,patriots,"„დავით თარხან-მოურავი, ირმა ინაშვილი - საქართველოს პატრიოტთა",,11,ახალქალაქი,,8,ალიანსი”აბრაჰამ,კარაპეტიან,ალიანსი”აბრაჰამ კარაპეტიან,,,majoritarians_all.pdf
local_2017,__main__,council_smd,patriots,"„დავით თარხან-მოურავი, ირმა ინაშვილი - საქართველოს პატრიოტთა",,12,ახალქალაქი,,8,ალიანსი”ბადრი,ელიზბარაშვილი,ალიანსი”ბადრი ელიზბარაშვილი,,,majoritarians_all.pdf
local_2017,__main__,council_smd,patriots,"„დავით თარხან-მოურავი, ირმა ინაშვილი - საქართველოს პატრიოტთა",,14,ახალქალაქი,,8,ალიანსი”არმენაკ,ღარღარიან,ალიანსი”არმენაკ ღარღარიან,,,majoritarians_all.pdf
local_2017,__main__,council_smd,patriots,"„დავით თარხან-მოურავი, ირმა ინაშვილი - საქართველოს პატრიოტთა",,15,ახალქალაქი,,8,ალიანსი”მხითარ,ტიტოიან,ალიანსი”მხითარ ტიტოიან,,,majoritarians_all.pdf
local_2017,__main__,council_smd,patriots,"„დავით თარხან-მოურავი, ირმა ინაშვილი - საქართველოს პატრიოტთა",,21,ახალქალაქი,,8,ალიანსი”ვიტალი,თოროსიან,ალიანსი”ვიტალი თოროსიან,,,majoritarians_all.pdf
local_2017,__main__,council_smd,patriots,"„დავით თარხან-მოურავი, ირმა ინაშვილი - საქართველოს პატრიოტთა",,19,ახალქალაქი,,8,ალიანსი”გიორგი,თოთაძე,ალიანსი”გიორგი თოთაძე,,,majoritarians_all.pdf
local_2017,__main__,council_smd,patriots,"„დავით თარხან-მოურავი, ირმა ინაშვილი - საქართველოს პატრიოტთა",,18,ახალქალაქი,,8,ალიანსი”ნორიკ,ხითარიან,ალიანსი”ნორიკ ხითარიან,,,majoritarians_all.pdf
local_2017,__main__,council_smd,patriots,"„დავით თარხან-მოურავი, ირმა ინაშვილი - საქართველოს პატრიოტთა",,16,ახალქალაქი,,8,ალიანსი”ანზორი,გვარამაძე,ალიანსი”ანზორი გვარამაძე,,,majoritarians_all.pdf
local_2017,__main__,council_smd,patriots,"„დავით თარხან-მოურავი, ირმა ინაშვილი - საქართველოს პატრიოტთა",,17,ახალქალაქი,,8,ალიანსი”გრიგორი,აპოიან,ალიანსი”გრიგორი აპოიან,,,majoritarians_all.pdf
local_2017,__main__,council_smd,patriots,"„დავით თარხან-მოურავი, ირმა ინაშვილი - საქართველოს პატრიოტთა",,20,ახალქალაქი,,8,ალიანსი”ლიპარიტ,პეტროსიან,ალიანსი”ლიპარიტ პეტროსიან,,,majoritarians_all.pdf
local_2017,__main__,council_smd,patriots,"„დავით თარხან-მოურავი, ირმა ინაშვილი - საქართველოს პატრიოტთა",,1,ახალქალაქი,,8,ალიანსი”ადამ,ზარმარიან,ალიანსი”ადამ ზარმარიან,,,majoritarians_all.pdf
local_2017,__main__,council_smd,patriots,"„დავით თარხან-მოურავი, ირმა ინაშვილი - საქართველოს პატრიოტთა",,1,ახალქალაქი,,8,ალიანსი”არმენ,ფარმანიანი,ალიანსი”არმენ ფარმანიანი,,,majoritarians_all.pdf
local_2017,__main__,council_smd,gd,„ქართული ოცნება-დემოკრატიული საქართველო”,,9,ახალქალაქი,,41,ჰამლეტ,მოვსესიან,ჰამლეტ მოვსესიან,,,majoritarians_all.pdf
local_2017,__main__,council_smd,gd,„ქართული ოცნება-დემოკრატიული საქართველო”,,8,ახალქალაქი,,41,ანდრანიკ,მურადიან,ანდრანიკ მურადიან,,,majoritarians_all.pdf
local_2017,__main__,council_smd,gd,„ქართული ოცნება-დემოკრატიული საქართველო”,,7,ახალქალაქი,,41,არტურ,მკოიან,არტურ მკოიან,,,majoritarians_all.pdf
local_2017,__main__,council_smd,gd,„ქართული ოცნება-დემოკრატიული საქართველო”,,12,ახალქალაქი,,41,ანზორ,ყავრელიშვილი,ანზორ ყავრელიშვილი,,,majoritarians_all.pdf
local_2017,__main__,council_smd,gd,„ქართული ოცნება-დემოკრატიული საქართველო”,,13,ახალქალაქი,,41,აშოტიკ,ეღუნიან,აშოტიკ ეღუნიან,,,majoritarians_all.pdf
local_2017,__main__,council_smd,gd,„ქართული ოცნება-დემოკრატიული საქართველო”,,14,ახალქალაქი,,41,აშოტ,საარიან,აშოტ საარიან,,,majoritarians_all.pdf
local_2017,__main__,council_smd,gd,„ქართული ოცნება-დემოკრატიული საქართველო”,,15,ახალქალაქი,,41,ბორის,ალელიშვილი,ბორის ალელიშვილი,,,majoritarians_all.pdf
local_2017,__main__,council_smd,gd,„ქართული ოცნება-დემოკრატიული საქართველო”,,16,ახალქალაქი,,41,სოსო,თეთვაძე,სოსო თეთვაძე,,,majoritarians_all.pdf
local_2017,__main__,council_smd,gd,„ქართული ოცნება-დემოკრატიული საქართველო”,,17,ახალქალაქი,,41,ვაგარშაკ,არაქელიან,ვაგარშაკ არაქელიან,,,majoritarians_all.pdf
local_2017,__main__,council_smd,gd,„ქართული ოცნება-დემოკრატიული საქართველო”,,18,ახალქალაქი,,41,ედუარდ,ელიაზიან,ედუარდ ელიაზიან,,,majoritarians_all.pdf
local_2017,__main__,council_smd,gd,„ქართული ოცნება-დემოკრატიული საქართველო”,,5,ახალქალაქი,,41,ედგარ,ხეჩოიან,ედგარ ხეჩოიან,,,majoritarians_all.pdf
local_2017,__main__,council_smd,gd,„ქართული ოცნება-დემოკრატიული საქართველო”,,6,ახალქალაქი,,41,კობა,გოხაძე,კობა გოხაძე,,,majoritarians_all.pdf
local_2017,__main__,council_smd,gd,„ქართული ოცნება-დემოკრატიული საქართველო”,,3,ახალქალაქი,,41,ნაირი,მელტონიან,ნაირი მელტონიან,,,majoritarians_all.pdf
local_2017,__main__,council_smd,gd,„ქართული ოცნება-დემოკრატიული საქართველო”,,4,ახალქალაქი,,41,ალბერტ,მანუშიან,ალბერტ მანუშიან,,,majoritarians_all.pdf
local_2017,__main__,council_smd,gd,„ქართული ოცნება-დემოკრატიული საქართველო”,,1,ახალქალაქი,,41,კარაპეტ,პალოიან,კარაპეტ პალოიან,,,majoritarians_all.pdf
local_2017,__main__,council_smd,gd,„ქართული ოცნება-დემოკრატიული საქართველო”,,1,ახალქალაქი,,41,ჰაკოპ,ჩახმახჩიან,ჰაკოპ ჩახმახჩიან,,,majoritarians_all.pdf
local_2017,__main__,council_smd,gd,„ქართული ოცნება-დემოკრატიული საქართველო”,,2,ახალქალაქი,,41,სიპან,შიპაკციან,სიპან შიპაკციან,,,majoritarians_all.pdf
local_2017,__main__,council_smd,gd,„ქართული ოცნება-დემოკრატიული საქართველო”,,10,ახალქალაქი,,41,გაგიკ,ელიზბარიან,გაგიკ ელიზბარიან,,,majoritarians_all.pdf
local_2017,__main__,council_smd,gd,„ქართული ოცნება-დემოკრატიული საქართველო”,,11,ახალქალაქი,,41,ვარდან,პაპოიან,ვარდან პაპოიან,,,majoritarians_all.pdf
local_2017,__main__,council_smd,gd,„ქართული ოცნება-დემოკრატიული საქართველო”,,21,ახალქალაქი,,41,სარკის,მელიქიან,სარკის მელიქიან,,,majoritarians_all.pdf
local_2017,__main__,council_smd,gd,„ქართული ოცნება-დემოკრატიული საქართველო”,,22,ახალქალაქი,,41,ედიკ,ბერიკიან,ედიკ ბერიკიან,,,majoritarians_all.pdf
local_2017,__main__,council_smd,gd,„ქართული ოცნება-დემოკრატიული საქართველო”,,19,ახალქალაქი,,41,ზაური,პაქსაძე,ზაური პაქსაძე,,,majoritarians_all.pdf
local_2017,__main__,council_smd,gd,„ქართული ოცნება-დემოკრატიული საქართველო”,,20,ახალქალაქი,,41,გრაჩია,მოვსესიან,გრაჩია მოვსესიან,,,majoritarians_all.pdf
local_2017,__main__,council_smd,initiative_group,"საინიციატივო ჯგუფი - 7. არტურ ასლანიან, გრიგორ სტეპანიან, სტეპან შირინიან, პეტროს სტეპანიან, ვილგენ ვარდანიან",,22,ახალქალაქი,,42,სოღომონ,ასლანიან,სოღომონ ასლანიან,,,majoritarians_all.pdf
local_2017,__main__,council_smd,initiative_group,"საინიციატივო ჯგუფი - 6. დავით არაქელიან, სანდრიკ ალექსანიან, მუშეღ სტეპანიან, სერიოჟა ქეროპიან, ვარშამ მაკარიან",,13,ახალქალაქი,,42,ჰოვანეს,ქეროპიან,ჰოვანეს ქეროპიან,,,majoritarians_all.pdf
local_2017,__main__,council_smd,initiative_group,"საინიციატივო ჯგუფი - 4. თამაზ ნათენაძე, ვანო ნათენაძე, ნაზი ხოსიტაშვილი, მანთაშო კოჟორიძე, საბა ნათენაძე",,6,ახალქალაქი,,42,დავით,თაქთაქიძე,დავით თაქთაქიძე,,,majoritarians_all.pdf
local_2017,__main__,council_smd,initiative_group,"საინიციატივო ჯგუფი - 5. შორენა ოსიძე, ბაირამ პაქსაძე, გელა პაქსაძე, ვენერა მაღრაძე, ელგუჯა მაღრაძე",,15,ახალქალაქი,,42,უშანგი,ოქროაძე,უშანგი ოქროაძე,,,majoritarians_all.pdf
local_2017,__main__,council_smd,initiative_group,"საინიციატივო ჯგუფი - 1. არტავაზდ რსტაკიან, რაფიკ გურჯანიან, ავთანდილ მაზმანიშვილი, ვაჰან ღაზარიან, რომიკ პარაკესიკიან",,1,ახალქალაქი,,242,ვრეჟ,საარიან,ვრეჟ საარიან,,,majoritarians_all.pdf
local_2017,__main__,council_smd,initiative_group,"საინიციატივო ჯგუფი - 3. ილია ყავრელიშვილი, ფრიდონ ბალახაძე, ნიკოლაი აჩელაშვილი, კახა ხმალაძე, პეტრე წინწკალაძე",,12,ახალქალაქი,,43,თეიმურაზ,ხმალაძე,თეიმურაზ ხმალაძე,,,majoritarians_all.pdf
local_2017,__main__,council_smd,european_georgia,"საარჩევნო ბლოკი „ბაქრაძე, უგულავა-ევროპული საქართველო”",,1,ნინოწმინდა,,2,ვარაზდატ,არზუმანიან,ვარაზდატ არზუმანიან,,,majoritarians_all.pdf
local_2017,__main__,council_smd,european_georgia,"საარჩევნო ბლოკი „ბაქრაძე, უგულავა-ევროპული საქართველო”",,5,ნინოწმინდა,,2,არმენუჰი,მღდესიან,არმენუჰი მღდესიან,,,majoritarians_all.pdf
local_2017,__main__,council_smd,european_georgia,"საარჩევნო ბლოკი „ბაქრაძე, უგულავა-ევროპული საქართველო”",,1,ნინოწმინდა,,2,ილია,მოსოიან,ილია მოსოიან,,,majoritarians_all.pdf
local_2017,__main__,council_smd,european_georgia,"საარჩევნო ბლოკი „ბაქრაძე, უგულავა-ევროპული საქართველო”",,9,ნინოწმინდა,,2,სეტრაკ,მგდესიან,სეტრაკ მგდესიან,,,majoritarians_all.pdf
local_2017,__main__,council_smd,european_georgia,"საარჩევნო ბლოკი „ბაქრაძე, უგულავა-ევროპული საქართველო”",,8,ნინოწმინდა,,2,გრაჩიკ,მზიკიან,გრაჩიკ მზიკიან,,,majoritarians_all.pdf
local_2017,__main__,council_smd,european_georgia,"საარჩევნო ბლოკი „ბაქრაძე, უგულავა-ევროპული საქართველო”",,2,ნინოწმინდა,,2,ხორსოვ,მოსოიან,ხორსოვ მოსოიან,,,majoritarians_all.pdf
local_2017,__main__,council_smd,european_georgia,"საარჩევნო ბლოკი „ბაქრაძე, უგულავა-ევროპული საქართველო”",,7,ნინოწმინდა,,2,ვაჩაგან,ხოდერიან,ვაჩაგან ხოდერიან,,,majoritarians_all.pdf
local_2017,__main__,council_smd,european_georgia,"საარჩევნო ბლოკი „ბაქრაძე, უგულავა-ევროპული საქართველო”",,10,ნინოწმინდა,,2,ასთხიკ,თათარიან,ასთხიკ თათარიან,,,majoritarians_all.pdf
local_2017,__main__,council_smd,patriots,"„დავით თარხან-მოურავი, ირმა ინაშვილი - საქართველოს პატრიოტთა",,3,ნინოწმინდა,,8,ალიანსი”ხაჩატურ,მარკარიან,ალიანსი”ხაჩატურ მარკარიან,,,majoritarians_all.pdf
local_2017,__main__,council_smd,vashadze_2017,საარჩევნო ბლოკი „გიორგი ვაშაძე - ერთობა ახალი საქართველო”,,9,ნინოწმინდა,,27,ვარუჟან,კუიუმჩიან,ვარუჟან კუიუმჩიან,,,majoritarians_all.pdf
local_2017,__main__,council_smd,gd,„ქართული ოცნება-დემოკრატიული საქართველო”,,9,ნინოწმინდა,,41,გეორგი,ჩაპანიან,გეორგი ჩაპანიან,,,majoritarians_all.pdf
local_2017,__main__,council_smd,gd,„ქართული ოცნება-დემოკრატიული საქართველო”,,10,ნინოწმინდა,,41,ანდრანიკ,კარაპეტიან,ანდრანიკ კარაპეტიან,,,majoritarians_all.pdf
local_2017,__main__,council_smd,gd,„ქართული ოცნება-დემოკრატიული საქართველო”,,2,ნინოწმინდა,,41,დავიდ,დურგარიან,დავიდ დურგარიან,,,majoritarians_all.pdf
local_2017,__main__,council_smd,gd,„ქართული ოცნება-დემოკრატიული საქართველო”,,1,ნინოწმინდა,,41,ვაგინაკ,არზუმანიან,ვაგინაკ არზუმანიან,,,majoritarians_all.pdf
local_2017,__main__,council_smd,gd,„ქართული ოცნება-დემოკრატიული საქართველო”,,1,ნინოწმინდა,,41,ვოსკან,ელოიან,ვოსკან ელოიან,,,majoritarians_all.pdf
local_2017,__main__,council_smd,gd,„ქართული ოცნება-დემოკრატიული საქართველო”,,3,ნინოწმინდა,,41,გრიგორი,შამილიან,გრიგორი შამილიან,,,majoritarians_all.pdf
local_2017,__main__,council_smd,gd,„ქართული ოცნება-დემოკრატიული საქართველო”,,5,ნინოწმინდა,,41,სერგეი,ადუმიან,სერგეი ადუმიან,,,majoritarians_all.pdf
local_2017,__main__,council_smd,gd,„ქართული ოცნება-დემოკრატიული საქართველო”,,4,ნინოწმინდა,,41,ასქანაზ,მარკოსიან,ასქანაზ მარკოსიან,,,majoritarians_all.pdf
local_2017,__main__,council_smd,gd,„ქართული ოცნება-დემოკრატიული საქართველო”,,6,ნინოწმინდა,,41,სამველ,დარბინიან,სამველ დარბინიან,,,majoritarians_all.pdf
local_2017,__main__,council_smd,gd,„ქართული ოცნება-დემოკრატიული საქართველო”,,7,ნინოწმინდა,,41,მკრტიჩ,ნანაიან,მკრტიჩ ნანაიან,,,majoritarians_all.pdf
local_2017,__main__,council_smd,gd,„ქართული ოცნება-დემოკრატიული საქართველო”,,8,ნინოწმინდა,,41,ვალერიკ,ბეზოიან,ვალერიკ ბეზოიან,,,majoritarians_all.pdf
local_2017,__main__,council_smd,initiative_group,"საინიციატივო ჯგუფი - 1. აიკუშ წარუკიან, ნათელა წარუკიან, სერგეი წარუკიან, კარენ ხაჩატრიან, სამველ არისტაკესიან",,7,ნინოწმინდა,,43,ოგანეს,მნდლიან,ოგანეს მნდლიან,,,majoritarians_all.pdf
local_2017,__main__,council_smd,unm,საარჩევნო ბლოკი „ერთიანი ნაციონალური მოძრაობა”,,2,ონი,,5,დავითი,პეტრიაშვილი,დავითი პეტრიაშვილი,,,majoritarians_all.pdf
local_2017,__main__,council_smd,unm,საარჩევნო ბლოკი „ერთიანი ნაციონალური მოძრაობა”,,3,ონი,,5,გელა,გუტაშვილი,გელა გუტაშვილი,,,majoritarians_all.pdf
local_2017,__main__,council_smd,unm,საარჩევნო ბლოკი „ერთიანი ნაციონალური მოძრაობა”,,4,ონი,,5,მიხეილ,ჩიხრაძე,მიხეილ ჩიხრაძე,,,majoritarians_all.pdf
local_2017,__main__,council_smd,unm,საარჩევნო ბლოკი „ერთიანი ნაციონალური მოძრაობა”,,5,ონი,,5,თენგიზ,კობერიძე,თენგიზ კობერიძე,,,majoritarians_all.pdf
local_2017,__main__,council_smd,unm,საარჩევნო ბლოკი „ერთიანი ნაციონალური მოძრაობა”,,6,ონი,,5,მაია,სხირტლაძე,მაია სხირტლაძე,,,majoritarians_all.pdf
local_2017,__main__,council_smd,unm,საარჩევნო ბლოკი „ერთიანი ნაციონალური მოძრაობა”,,8,ონი,,5,მაკა,შერაზადიშვილი,მაკა შერაზადიშვილი,,,majoritarians_all.pdf
local_2017,__main__,council_smd,unm,საარჩევნო ბლოკი „ერთიანი ნაციონალური მოძრაობა”,,10,ონი,,5,ამირან,ქაფიანიძე,ამირან ქაფიანიძე,,,majoritarians_all.pdf
local_2017,__main__,council_smd,unm,საარჩევნო ბლოკი „ერთიანი ნაციონალური მოძრაობა”,,11,ონი,,5,გერმანე,თოდაძე,გერმანე თოდაძე,,,majoritarians_all.pdf
local_2017,__main__,council_smd,yes,საარჩევნო ბლოკი „ერთიანი ნაციონალური,,16,ონი,,5,მოძრაობა”,ლეოლობჯანიძე,მოძრაობა” ლეოლობჯანიძე,,,majoritarians_all.pdf
local_2017,__main__,council_smd,unm,საარჩევნო ბლოკი „ერთიანი ნაციონალური მოძრაობა”,,17,ონი,,5,ვასილი,მაისურაძე,ვასილი მაისურაძე,,,majoritarians_all.pdf
local_2017,__main__,council_smd,unm,საარჩევნო ბლოკი „ერთიანი ნაციონალური მოძრაობა”,,9,ონი,,5,ნუგზარ,კერვალიშვილი,ნუგზარ კერვალიშვილი,,,majoritarians_all.pdf
local_2017,__main__,council_smd,unm,საარჩევნო ბლოკი „ერთიანი ნაციონალური მოძრაობა”,,15,ონი,,5,გია,გაგნიძე,გია გაგნიძე,,,majoritarians_all.pdf
local_2017,__main__,council_smd,unm,საარჩევნო ბლოკი „ერთიანი ნაციონალური მოძრაობა”,,14,ონი,,5,ნიკოლოზ,ყავლაშვილი,ნიკოლოზ ყავლაშვილი,,,majoritarians_all.pdf
local_2017,__main__,council_smd,unm,საარჩევნო ბლოკი „ერთიანი ნაციონალური მოძრაობა”,,18,ონი,,5,ივანე,რეხვიაშვილი,ივანე რეხვიაშვილი,,,majoritarians_all.pdf
local_2017,__main__,council_smd,unm,საარჩევნო ბლოკი „ერთიანი ნაციონალური მოძრაობა”,,12,ონი,,5,შოთა,ჯაფარიძე,შოთა ჯაფარიძე,,,majoritarians_all.pdf
local_2017,__main__,council_smd,unm,საარჩევნო ბლოკი „ერთიანი ნაციონალური მოძრაობა”,,1,ონი,,5,ბექარი,მაისურაძე,ბექარი მაისურაძე,,,majoritarians_all.pdf
local_2017,__main__,council_smd,unm,საარჩევნო ბლოკი „ერთიანი ნაციონალური მოძრაობა”,,13,ონი,,5,ჯემალ,ლობჯანიძე,ჯემალ ლობჯანიძე,,,majoritarians_all.pdf
local_2017,__main__,council_smd,patriots,"„დავით თარხან-მოურავი, ირმა ინაშვილი - საქართველოს პატრიოტთა",,14,ონი,,8,ალიანსი”თეიმურაზ,დევიძე,ალიანსი”თეიმურაზ დევიძე,,,majoritarians_all.pdf
local_2017,__main__,council_smd,patriots,"„დავით თარხან-მოურავი, ირმა ინაშვილი - საქართველოს პატრიოტთა",,17,ონი,,8,ალიანსი”ვაჟა,ლობჟანიძე,ალიანსი”ვაჟა ლობჟანიძე,,,majoritarians_all.pdf
local_2017,__main__,council_smd,patriots,"„დავით თარხან-მოურავი, ირმა ინაშვილი - საქართველოს პატრიოტთა",,1,ონი,,8,ალიანსი”ოქროპირ,ნავროზაშვილი,ალიანსი”ოქროპირ ნავროზაშვილი,,,majoritarians_all.pdf
local_2017,__main__,council_smd,patriots,"„დავით თარხან-მოურავი, ირმა ინაშვილი - საქართველოს პატრიოტთა",,18,ონი,,8,ალიანსი”ნოდარ,რეხვიაშვილი,ალიანსი”ნოდარ რეხვიაშვილი,,,majoritarians_all.pdf
local_2017,__main__,council_smd,patriots,"„დავით თარხან-მოურავი, ირმა ინაშვილი - საქართველოს პატრიოტთა",,3,ონი,,8,ალიანსი”როლანდ,სულთანიშვილი,ალიანსი”როლანდ სულთანიშვილი,,,majoritarians_all.pdf
local_2017,__main__,council_smd,patriots,"„დავით თარხან-მოურავი, ირმა ინაშვილი - საქართველოს პატრიოტთა",,8,ონი,,8,ალიანსი”გიორგი,ქებაძე,ალიანსი”გიორგი ქებაძე,,,majoritarians_all.pdf
local_2017,__main__,council_smd,patriots,"„დავით თარხან-მოურავი, ირმა ინაშვილი - საქართველოს პატრიოტთა",,5,ონი,,8,ალიანსი”დავითი,ცეცაძე,ალიანსი”დავითი ცეცაძე,,,majoritarians_all.pdf
local_2017,__main__,council_smd,patriots,"„დავით თარხან-მოურავი, ირმა ინაშვილი - საქართველოს პატრიოტთა",,10,ონი,,8,ალიანსი”ელენე,ორდინიძე,ალიანსი”ელენე ორდინიძე,,,majoritarians_all.pdf
local_2017,__main__,council_smd,patriots,"„დავით თარხან-მოურავი, ირმა ინაშვილი - საქართველოს პატრიოტთა",,4,ონი,,8,ალიანსი”ნუგზარ,მეტრეველი,ალიანსი”ნუგზარ მეტრეველი,,,majoritarians_all.pdf
local_2017,__main__,council_smd,patriots,"„დავით თარხან-მოურავი, ირმა ინაშვილი - საქართველოს პატრიოტთა",,13,ონი,,8,ალიანსი”მზია,გავაშელიშვილი,ალიანსი”მზია გავაშელიშვილი,,,majoritarians_all.pdf
local_2017,__main__,council_smd,patriots,"„დავით თარხან-მოურავი, ირმა ინაშვილი - საქართველოს პატრიოტთა",,16,ონი,,8,ალიანსი”მარიამი,ჯელაძე,ალიანსი”მარიამი ჯელაძე,,,majoritarians_all.pdf
local_2017,__main__,council_smd,patriots,"„დავით თარხან-მოურავი, ირმა ინაშვილი - საქართველოს პატრიოტთა",,12,ონი,,8,ალიანსი”აველ,ორდინიძე,ალიანსი”აველ ორდინიძე,,,majoritarians_all.pdf
local_2017,__main__,council_smd,patriots,"„დავით თარხან-მოურავი, ირმა ინაშვილი - საქართველოს პატრიოტთა",,11,ონი,,8,ალიანსი”რომანოზი,გრძელიშვილი,ალიანსი”რომანოზი გრძელიშვილი,,,majoritarians_all.pdf
local_2017,__main__,council_smd,construction_movement_2017,„შენების მოძრაობა”,,10,ონი,,20,ომარ,მეტრეველი,ომარ მეტრეველი,,,majoritarians_all.pdf
local_2017,__main__,council_smd,construction_movement_2017,„შენების მოძრაობა”,,1,ონი,,20,თამაზ,მეტრეველი,თამაზ მეტრეველი,,,majoritarians_all.pdf
local_2017,__main__,council_smd,construction_movement_2017,„შენების მოძრაობა”,,16,ონი,,20,მიხეილ,ლობჯანიძე,მიხეილ ლობჯანიძე,,,majoritarians_all.pdf
local_2017,__main__,council_smd,gd,„ქართული ოცნება-დემოკრატიული საქართველო”,,1,ონი,,41,გივი,მეტრეველი,გივი მეტრეველი,,,majoritarians_all.pdf
local_2017,__main__,council_smd,gd,„ქართული ოცნება-დემოკრატიული საქართველო”,,3,ონი,,41,ვანო,ბაღაშვილი,ვანო ბაღაშვილი,,,majoritarians_all.pdf
local_2017,__main__,council_smd,gd,„ქართული ოცნება-დემოკრატიული საქართველო”,,2,ონი,,41,ვლადიმერ,ჩლაიძე,ვლადიმერ ჩლაიძე,,,majoritarians_all.pdf
local_2017,__main__,council_smd,gd,„ქართული ოცნება-დემოკრატიული საქართველო”,,5,ონი,,41,დიმიტრი,გოშაძე,დიმიტრი გოშაძე,,,majoritarians_all.pdf
local_2017,__main__,council_smd,gd,„ქართული ოცნება-დემოკრატიული საქართველო”,,4,ონი,,41,დავით,მეტრეველი,დავით მეტრეველი,,,majoritarians_all.pdf
local_2017,__main__,council_smd,gd,„ქართული ოცნება-დემოკრატიული საქართველო”,,6,ონი,,41,დავით,სხირტლაძე,დავით სხირტლაძე,,,majoritarians_all.pdf
local_2017,__main__,council_smd,gd,„ქართული ოცნება-დემოკრატიული საქართველო”,,14,ონი,,41,მამუკა,ყავლაშვილი,მამუკა ყავლაშვილი,,,majoritarians_all.pdf
local_2017,__main__,council_smd,gd,„ქართული ოცნება-დემოკრატიული საქართველო”,,15,ონი,,41,კესო,ჩარკვიანი,კესო ჩარკვიანი,,,majoritarians_all.pdf
local_2017,__main__,council_smd,gd,„ქართული ოცნება-დემოკრატიული საქართველო”,,16,ონი,,41,გიორგი,მაისურაძე,გიორგი მაისურაძე,,,majoritarians_all.pdf
local_2017,__main__,council_smd,gd,„ქართული ოცნება-დემოკრატიული საქართველო”,,13,ონი,,41,სერგო,ლობჯანიძე,სერგო ლობჯანიძე,,,majoritarians_all.pdf
local_2017,__main__,council_smd,gd,„ქართული ოცნება-დემოკრატიული საქართველო”,,10,ონი,,41,გიორგი,მეტრეველი,გიორგი მეტრეველი,,,majoritarians_all.pdf
local_2017,__main__,council_smd,gd,„ქართული ოცნება-დემოკრატიული საქართველო”,,7,ონი,,41,ღვთისავარი,ბაკურაძე,ღვთისავარი ბაკურაძე,,,majoritarians_all.pdf
local_2017,__main__,council_smd,gd,„ქართული ოცნება-დემოკრატიული საქართველო”,,8,ონი,,41,ვლადიმერი,ბერელიძე,ვლადიმერი ბერელიძე,,,majoritarians_all.pdf
local_2017,__main__,council_smd,gd,„ქართული ოცნება-დემოკრატიული საქართველო”,,9,ონი,,41,ჭაბუკა,კერვალიშვილი,ჭაბუკა კერვალიშვილი,,,majoritarians_all.pdf
local_2017,__main__,council_smd,gd,„ქართული ოცნება-დემოკრატიული საქართველო”,,11,ონი,,41,გიორგი,სულაძე,გიორგი სულაძე,,,majoritarians_all.pdf
local_2017,__main__,council_smd,gd,„ქართული ოცნება-დემოკრატიული საქართველო”,,12,ონი,,41,გიორგი,მარკოიშვილი,გიორგი მარკოიშვილი,,,majoritarians_all.pdf
local_2017,__main__,council_smd,gd,„ქართული ოცნება-დემოკრატიული საქართველო”,,17,ონი,,41,ბესიკი,მაისურაძე,ბესიკი მაისურაძე,,,majoritarians_all.pdf
local_2017,__main__,council_smd,gd,„ქართული ოცნება-დემოკრატიული საქართველო”,,18,ონი,,41,შორენა,რეხვიაშვილი,შორენა რეხვიაშვილი,,,majoritarians_all.pdf
local_2017,__main__,council_smd,european_georgia,"საარჩევნო ბლოკი „ბაქრაძე, უგულავა-ევროპული საქართველო”",,5,ამბროლაური,,2,ბესიკი,ლობჯანიძე,ბესიკი ლობჯანიძე,,,majoritarians_all.pdf
local_2017,__main__,council_smd,european_georgia,"საარჩევნო ბლოკი „ბაქრაძე, უგულავა-ევროპული საქართველო”",,1,ამბროლაური,,2,ქეთევან,კაციტაძე,ქეთევან კაციტაძე,,,majoritarians_all.pdf
local_2017,__main__,council_smd,european_georgia,"საარჩევნო ბლოკი „ბაქრაძე, უგულავა-ევროპული საქართველო”",,10,ამბროლაური,,2,ყარამან,კობერიძე,ყარამან კობერიძე,,,majoritarians_all.pdf
local_2017,__main__,council_smd,european_georgia,"საარჩევნო ბლოკი „ბაქრაძე, უგულავა-ევროპული საქართველო”",,13,ამბროლაური,,2,ალექსანდრე,კაციტაძე,ალექსანდრე კაციტაძე,,,majoritarians_all.pdf
local_2017,__main__,council_smd,european_georgia,"საარჩევნო ბლოკი „ბაქრაძე, უგულავა-ევროპული საქართველო”",,14,ამბროლაური,,2,ნუგზარ,ჭიჭინაძე,ნუგზარ ჭიჭინაძე,,,majoritarians_all.pdf
local_2017,__main__,council_smd,european_georgia,"საარჩევნო ბლოკი „ბაქრაძე, უგულავა-ევროპული საქართველო”",,17,ამბროლაური,,2,ალექსანდრე,ბათხაძე,ალექსანდრე ბათხაძე,,,majoritarians_all.pdf
local_2017,__main__,council_smd,european_georgia,"საარჩევნო ბლოკი „ბაქრაძე, უგულავა-ევროპული საქართველო”",,19,ამბროლაური,,2,ვახტანგ,ჭიჭინაძე,ვახტანგ ჭიჭინაძე,,,majoritarians_all.pdf
local_2017,__main__,council_smd,free_georgia,"საარჩევნო ბლოკი „დიმიტრი ლორთქიფანიძე, კახა კუკავა-დემოკრატიული მოძრაობა-თავისუფალი საქართველო”",,6,ამბროლაური,,3,ფიქრია,ბერიშვილი,ფიქრია ბერიშვილი,,,majoritarians_all.pdf
local_2017,__main__,council_smd,free_georgia,"საარჩევნო ბლოკი „დიმიტრი ლორთქიფანიძე, კახა კუკავა-დემოკრატიული მოძრაობა-თავისუფალი საქართველო”",,15,ამბროლაური,,3,ამირან,სალუქვაძე,ამირან სალუქვაძე,,,majoritarians_all.pdf
local_2017,__main__,council_smd,free_georgia,"საარჩევნო ბლოკი „დიმიტრი ლორთქიფანიძე, კახა კუკავა-დემოკრატიული მოძრაობა-თავისუფალი საქართველო”",,18,ამბროლაური,,3,კახაბერ,ლომთაძე,კახაბერ ლომთაძე,,,majoritarians_all.pdf
local_2017,__main__,council_smd,free_georgia,"საარჩევნო ბლოკი „დიმიტრი ლორთქიფანიძე, კახა კუკავა-დემოკრატიული მოძრაობა-თავისუფალი საქართველო”",,13,ამბროლაური,,3,ლევან,გოცირიძე,ლევან გოცირიძე,,,majoritarians_all.pdf
local_2017,__main__,council_smd,free_georgia,"საარჩევნო ბლოკი „დიმიტრი ლორთქიფანიძე, კახა კუკავა-დემოკრატიული მოძრაობა-თავისუფალი საქართველო”",,17,ამბროლაური,,3,გოჩა,ნემსწვერიძე,გოჩა ნემსწვერიძე,,,majoritarians_all.pdf
local_2017,__main__,council_smd,free_georgia,"საარჩევნო ბლოკი „დიმიტრი ლორთქიფანიძე, კახა კუკავა-დემოკრატიული მოძრაობა-თავისუფალი საქართველო”",,4,ამბროლაური,,3,ლაშა,ბაკურაძე,ლაშა ბაკურაძე,,,majoritarians_all.pdf
local_2017,__main__,council_smd,free_georgia,"საარჩევნო ბლოკი „დიმიტრი ლორთქიფანიძე, კახა კუკავა-დემოკრატიული მოძრაობა-თავისუფალი საქართველო”",,7,ამბროლაური,,3,ამირან,ჭელიძე,ამირან ჭელიძე,,,majoritarians_all.pdf
local_2017,__main__,council_smd,free_georgia,"საარჩევნო ბლოკი „დიმიტრი ლორთქიფანიძე, კახა კუკავა-დემოკრატიული მოძრაობა-თავისუფალი საქართველო”",,14,ამბროლაური,,3,პაატა,კობახიძე,პაატა კობახიძე,,,majoritarians_all.pdf
local_2017,__main__,council_smd,free_georgia,"საარჩევნო ბლოკი „დიმიტრი ლორთქიფანიძე, კახა კუკავა-დემოკრატიული მოძრაობა-თავისუფალი საქართველო”",,19,ამბროლაური,,3,ზურაბ,კაციტაძე,ზურაბ კაციტაძე,,,majoritarians_all.pdf
local_2017,__main__,council_smd,free_georgia,"საარჩევნო ბლოკი „დიმიტრი ლორთქიფანიძე, კახა კუკავა-დემოკრატიული მოძრაობა-თავისუფალი საქართველო”",,2,ამბროლაური,,3,გორდა,სანიკიძე,გორდა სანიკიძე,,,majoritarians_all.pdf
local_2017,__main__,council_smd,free_georgia,"საარჩევნო ბლოკი „დიმიტრი ლორთქიფანიძე, კახა კუკავა-დემოკრატიული მოძრაობა-თავისუფალი საქართველო”",,9,ამბროლაური,,3,ბეჟანი,დარახველიძე,ბეჟანი დარახველიძე,,,majoritarians_all.pdf
local_2017,__main__,council_smd,unm,საარჩევნო ბლოკი „ერთიანი ნაციონალური მოძრაობა”,,9,ამბროლაური,,5,კობა,კერესელიძე,კობა კერესელიძე,,,majoritarians_all.pdf
local_2017,__main__,council_smd,unm,საარჩევნო ბლოკი „ერთიანი ნაციონალური მოძრაობა”,,13,ამბროლაური,,5,ბადრი,ნატმელაძე,ბადრი ნატმელაძე,,,majoritarians_all.pdf
local_2017,__main__,council_smd,unm,საარჩევნო ბლოკი „ერთიანი ნაციონალური მოძრაობა”,,10,ამბროლაური,,5,თამარ,არჩვაძე,თამარ არჩვაძე,,,majoritarians_all.pdf
local_2017,__main__,council_smd,unm,საარჩევნო ბლოკი „ერთიანი ნაციონალური მოძრაობა”,,14,ამბროლაური,,5,ვიოლეტა,კაციტაძე,ვიოლეტა კაციტაძე,,,majoritarians_all.pdf
local_2017,__main__,council_smd,unm,საარჩევნო ბლოკი „ერთიანი ნაციონალური მოძრაობა”,,15,ამბროლაური,,5,გრიგოლ,კიბაბიძე,გრიგოლ კიბაბიძე,,,majoritarians_all.pdf
local_2017,__main__,council_smd,unm,საარჩევნო ბლოკი „ერთიანი ნაციონალური მოძრაობა”,,16,ამბროლაური,,5,გიორგი,კერესელიძე,გიორგი კერესელიძე,,,majoritarians_all.pdf
local_2017,__main__,council_smd,unm,საარჩევნო ბლოკი „ერთიანი ნაციონალური მოძრაობა”,,17,ამბროლაური,,5,თამაზ,ლომთაძე,თამაზ ლომთაძე,,,majoritarians_all.pdf
local_2017,__main__,council_smd,unm,საარჩევნო ბლოკი „ერთიანი ნაციონალური მოძრაობა”,,18,ამბროლაური,,5,ნოდარი,ქევანაშვილი,ნოდარი ქევანაშვილი,,,majoritarians_all.pdf
local_2017,__main__,council_smd,unm,საარჩევნო ბლოკი „ერთიანი ნაციონალური მოძრაობა”,,19,ამბროლაური,,5,თენგიზი,კობახიძე,თენგიზი კობახიძე,,,majoritarians_all.pdf
local_2017,__main__,council_smd,unm,საარჩევნო ბლოკი „ერთიანი ნაციონალური მოძრაობა”,,7,ამბროლაური,,5,აბელი,ბუაძე,აბელი ბუაძე,,,majoritarians_all.pdf
local_2017,__main__,council_smd,unm,საარჩევნო ბლოკი „ერთიანი ნაციონალური მოძრაობა”,,8,ამბროლაური,,5,კახა,კობახიძე,კახა კობახიძე,,,majoritarians_all.pdf
local_2017,__main__,council_smd,unm,საარჩევნო ბლოკი „ერთიანი ნაციონალური მოძრაობა”,,1,ამბროლაური,,5,ბაქარ,გობეჯიშვილი,ბაქარ გობეჯიშვილი,,,majoritarians_all.pdf
local_2017,__main__,council_smd,unm,საარჩევნო ბლოკი „ერთიანი ნაციონალური მოძრაობა”,,2,ამბროლაური,,5,გიორგი,ვახტანგაძე,გიორგი ვახტანგაძე,,,majoritarians_all.pdf
local_2017,__main__,council_smd,unm,საარჩევნო ბლოკი „ერთიანი ნაციონალური მოძრაობა”,,6,ამბროლაური,,5,ზაზა,ლობჯანიძე,ზაზა ლობჯანიძე,,,majoritarians_all.pdf
local_2017,__main__,council_smd,republicans_2016,„რესპუბლიკური პარტია”,,1,ამბროლაური,,6,მამუკა,ქემოკლიძე,მამუკა ქემოკლიძე,,,majoritarians_all.pdf
local_2017,__main__,council_smd,republicans_2016,„რესპუბლიკური პარტია”,,5,ამბროლაური,,6,ბექა,ქემოკლიძე,ბექა ქემოკლიძე,,,majoritarians_all.pdf
local_2017,__main__,council_smd,republicans_2016,„რესპუბლიკური პარტია”,,10,ამბროლაური,,6,იაგორ,ალავიძე,იაგორ ალავიძე,,,majoritarians_all.pdf
local_2017,__main__,council_smd,patriots,"„დავით თარხან-მოურავი, ირმა ინაშვილი - საქართველოს პატრიოტთა",,9,ამბროლაური,,8,ალიანსი”ელგუჯა,სურგულაძე,ალიანსი”ელგუჯა სურგულაძე,,,majoritarians_all.pdf
local_2017,__main__,council_smd,patriots,"„დავით თარხან-მოურავი, ირმა ინაშვილი - საქართველოს პატრიოტთა",,4,ამბროლაური,,8,ალიანსი”მერაბი,ჭოხონელიძე,ალიანსი”მერაბი ჭოხონელიძე,,,majoritarians_all.pdf
local_2017,__main__,council_smd,patriots,"„დავით თარხან-მოურავი, ირმა ინაშვილი - საქართველოს პატრიოტთა",,14,ამბროლაური,,8,ალიანსი”გივი,ჭელიძე,ალიანსი”გივი ჭელიძე,,,majoritarians_all.pdf
local_2017,__main__,council_smd,patriots,"„დავით თარხან-მოურავი, ირმა ინაშვილი - საქართველოს პატრიოტთა",,19,ამბროლაური,,8,ალიანსი”რობიზონ,ავალიანი,ალიანსი”რობიზონ ავალიანი,,,majoritarians_all.pdf
local_2017,__main__,council_smd,patriots,"„დავით თარხან-მოურავი, ირმა ინაშვილი - საქართველოს პატრიოტთა",,15,ამბროლაური,,8,ალიანსი”თამარ,კოპალიანი,ალიანსი”თამარ კოპალიანი,,,majoritarians_all.pdf
local_2017,__main__,council_smd,patriots,"„დავით თარხან-მოურავი, ირმა ინაშვილი - საქართველოს პატრიოტთა",,16,ამბროლაური,,8,ალიანსი”გივი,ქურციკიძე,ალიანსი”გივი ქურციკიძე,,,majoritarians_all.pdf
local_2017,__main__,council_smd,patriots,"„დავით თარხან-მოურავი, ირმა ინაშვილი - საქართველოს პატრიოტთა",,17,ამბროლაური,,8,ალიანსი”მიზალბეგ,ტყეშელაშვილი,ალიანსი”მიზალბეგ ტყეშელაშვილი,,,majoritarians_all.pdf
local_2017,__main__,council_smd,patriots,"„დავით თარხან-მოურავი, ირმა ინაშვილი - საქართველოს პატრიოტთა",,3,ამბროლაური,,8,ალიანსი”რამინი,მაცაბერიძე,ალიანსი”რამინი მაცაბერიძე,,,majoritarians_all.pdf
local_2017,__main__,council_smd,patriots,"„დავით თარხან-მოურავი, ირმა ინაშვილი - საქართველოს პატრიოტთა",,13,ამბროლაური,,8,ალიანსი”ილარიონ,მელაშვილი,ალიანსი”ილარიონ მელაშვილი,,,majoritarians_all.pdf
local_2017,__main__,council_smd,patriots,"„დავით თარხან-მოურავი, ირმა ინაშვილი - საქართველოს პატრიოტთა",,18,ამბროლაური,,8,ალიანსი”რამაზ,ნიკოლაშვილი,ალიანსი”რამაზ ნიკოლაშვილი,,,majoritarians_all.pdf
local_2017,__main__,council_smd,patriots,"„დავით თარხან-მოურავი, ირმა ინაშვილი - საქართველოს პატრიოტთა",,1,ამბროლაური,,8,ალიანსი”შოთა,ყიფიანი,ალიანსი”შოთა ყიფიანი,,,majoritarians_all.pdf
local_2017,__main__,council_smd,labour,„შალვა ნათელაშვილი - საქართველოს ლეიბორისტული პარტია”,,17,ამბროლაური,,10,მამუკა,ლომთაძე,მამუკა ლომთაძე,,,majoritarians_all.pdf
local_2017,__main__,council_smd,labour,„შალვა ნათელაშვილი - საქართველოს ლეიბორისტული პარტია”,,5,ამბროლაური,,10,ამირან,ქემოკლიძე,ამირან ქემოკლიძე,,,majoritarians_all.pdf
local_2017,__main__,council_smd,labour,„შალვა ნათელაშვილი - საქართველოს ლეიბორისტული პარტია”,,7,ამბროლაური,,10,ავთანდილ,რაზმაძე,ავთანდილ რაზმაძე,,,majoritarians_all.pdf
local_2017,__main__,council_smd,gd,„ქართული ოცნება-დემოკრატიული საქართველო”,,19,ამბროლაური,,41,ლაშა,ჭიჭინაძე,ლაშა ჭიჭინაძე,,,majoritarians_all.pdf
local_2017,__main__,council_smd,gd,„ქართული ოცნება-დემოკრატიული საქართველო”,,18,ამბროლაური,,41,ლია,გოგოლაძე,ლია გოგოლაძე,,,majoritarians_all.pdf
local_2017,__main__,council_smd,gd,„ქართული ოცნება-დემოკრატიული საქართველო”,,1,ამბროლაური,,41,ელევნორა,ბედენაშვილი,ელევნორა ბედენაშვილი,,,majoritarians_all.pdf
local_2017,__main__,council_smd,gd,„ქართული ოცნება-დემოკრატიული საქართველო”,,2,ამბროლაური,,41,თენგიზ,ველიაშვილი,თენგიზ ველიაშვილი,,,majoritarians_all.pdf
local_2017,__main__,council_smd,gd,„ქართული ოცნება-დემოკრატიული საქართველო”,,3,ამბროლაური,,41,დავით,გოგსაძე,დავით გოგსაძე,,,majoritarians_all.pdf
local_2017,__main__,council_smd,gd,„ქართული ოცნება-დემოკრატიული საქართველო”,,4,ამბროლაური,,41,ამირან,მურუსიძე,ამირან მურუსიძე,,,majoritarians_all.pdf
local_2017,__main__,council_smd,gd,„ქართული ოცნება-დემოკრატიული საქართველო”,,5,ამბროლაური,,41,დავით,ნასარიძე,დავით ნასარიძე,,,majoritarians_all.pdf
local_2017,__main__,council_smd,gd,„ქართული ოცნება-დემოკრატიული საქართველო”,,6,ამბროლაური,,41,დავითი,ხუციშვილი,დავითი ხუციშვილი,,,majoritarians_all.pdf
local_2017,__main__,council_smd,gd,„ქართული ოცნება-დემოკრატიული საქართველო”,,7,ამბროლაური,,41,ფიქრია,კობახიძე,ფიქრია კობახიძე,,,majoritarians_all.pdf
local_2017,__main__,council_smd,gd,„ქართული ოცნება-დემოკრატიული საქართველო”,,8,ამბროლაური,,41,თემურ,ჯმუხაძე,თემურ ჯმუხაძე,,,majoritarians_all.pdf
local_2017,__main__,council_smd,gd,„ქართული ოცნება-დემოკრატიული საქართველო”,,9,ამბროლაური,,41,ლელა,ჯოხაძე,ლელა ჯოხაძე,,,majoritarians_all.pdf
local_2017,__main__,council_smd,gd,„ქართული ოცნება-დემოკრატიული საქართველო”,,10,ამბროლაური,,41,ზაალი,მეტრეველი,ზაალი მეტრეველი,,,majoritarians_all.pdf
local_2017,__main__,council_smd,gd,„ქართული ოცნება-დემოკრატიული საქართველო”,,11,ამბროლაური,,41,რიჩარდ,კიკვიძე,რიჩარდ კიკვიძე,,,majoritarians_all.pdf
local_2017,__main__,council_smd,gd,„ქართული ოცნება-დემოკრატიული საქართველო”,,12,ამბროლაური,,41,გიორგი,ქარსელაძე,გიორგი ქარსელაძე,,,majoritarians_all.pdf
local_2017,__main__,council_smd,gd,„ქართული ოცნება-დემოკრატიული საქართველო”,,13,ამბროლაური,,41,დავით,მაისაშვილი,დავით მაისაშვილი,,,majoritarians_all.pdf
local_2017,__main__,council_smd,gd,„ქართული ოცნება-დემოკრატიული საქართველო”,,14,ამბროლაური,,41,გრიგოლ,მომცელიძე,გრიგოლ მომცელიძე,,,majoritarians_all.pdf
local_2017,__main__,council_smd,gd,„ქართული ოცნება-დემოკრატიული საქართველო”,,15,ამბროლაური,,41,გიორგი,ფრუიძე,გიორგი ფრუიძე,,,majoritarians_all.pdf
local_2017,__main__,council_smd,gd,„ქართული ოცნება-დემოკრატიული საქართველო”,,16,ამბროლაური,,41,ბორის,ფრუიძე,ბორის ფრუიძე,,,majoritarians_all.pdf
local_2017,__main__,council_smd,gd,„ქართული ოცნება-დემოკრატიული საქართველო”,,17,ამბროლაური,,41,ლევანი,მეტონიძე,ლევანი მეტონიძე,,,majoritarians_all.pdf
local_2017,__main__,council_smd,initiative_group,"საინიციატივო ჯგუფი - მზია პაპუაშვილი, ნაირა გურგენიძე, ნოდარ კობახიძე, ირა გურგენიძე, ალექსანდრე გურგენიძე",,19,ამბროლაური,,42,ზურაბი,გურგენიძე,ზურაბი გურგენიძე,,,majoritarians_all.pdf
local_2017,__main__,council_smd,european_georgia,"საარჩევნო ბლოკი „ბაქრაძე, უგულავა-ევროპული საქართველო”",,7,ცაგერი,,2,ლამზირა,საღინაძე,ლამზირა საღინაძე,,,majoritarians_all.pdf
local_2017,__main__,council_smd,european_georgia,"საარჩევნო ბლოკი „ბაქრაძე, უგულავა-ევროპული საქართველო”",,1,ცაგერი,,2,ლელა,სვანიძე,ლელა სვანიძე,,,majoritarians_all.pdf
local_2017,__main__,council_smd,european_georgia,"საარჩევნო ბლოკი „ბაქრაძე, უგულავა-ევროპული საქართველო”",,2,ცაგერი,,2,დარეჯან,დვალი,დარეჯან დვალი,,,majoritarians_all.pdf
local_2017,__main__,council_smd,european_georgia,"საარჩევნო ბლოკი „ბაქრაძე, უგულავა-ევროპული საქართველო”",,4,ცაგერი,,2,ხვიჩა,ნემსწვერიძე,ხვიჩა ნემსწვერიძე,,,majoritarians_all.pdf
local_2017,__main__,council_smd,european_georgia,"საარჩევნო ბლოკი „ბაქრაძე, უგულავა-ევროპული საქართველო”",,5,ცაგერი,,2,ჯიმშერი,გიორგობიანი,ჯიმშერი გიორგობიანი,,,majoritarians_all.pdf
local_2017,__main__,council_smd,european_georgia,"საარჩევნო ბლოკი „ბაქრაძე, უგულავა-ევროპული საქართველო”",,6,ცაგერი,,2,გია,ცხვედიანი,გია ცხვედიანი,,,majoritarians_all.pdf
local_2017,__main__,council_smd,european_georgia,"საარჩევნო ბლოკი „ბაქრაძე, უგულავა-ევროპული საქართველო”",,8,ცაგერი,,2,ზურაბი,სვანიძე,ზურაბი სვანიძე,,,majoritarians_all.pdf
local_2017,__main__,council_smd,european_georgia,"საარჩევნო ბლოკი „ბაქრაძე, უგულავა-ევროპული საქართველო”",,9,ცაგერი,,2,გოჩა,გურგუჩიანი,გოჩა გურგუჩიანი,,,majoritarians_all.pdf
local_2017,__main__,council_smd,european_georgia,"საარჩევნო ბლოკი „ბაქრაძე, უგულავა-ევროპული საქართველო”",,10,ცაგერი,,2,თინათინ,თუთისანი,თინათინ თუთისანი,,,majoritarians_all.pdf
local_2017,__main__,council_smd,european_georgia,"საარჩევნო ბლოკი „ბაქრაძე, უგულავა-ევროპული საქართველო”",,11,ცაგერი,,2,ბექა,ასათიანი,ბექა ასათიანი,,,majoritarians_all.pdf
local_2017,__main__,council_smd,european_georgia,"საარჩევნო ბლოკი „ბაქრაძე, უგულავა-ევროპული საქართველო”",,12,ცაგერი,,2,გიორგი,გოლეთიანი,გიორგი გოლეთიანი,,,majoritarians_all.pdf
local_2017,__main__,council_smd,european_georgia,"საარჩევნო ბლოკი „ბაქრაძე, უგულავა-ევროპული საქართველო”",,13,ცაგერი,,2,ავთანდილ,ბენდელიანი,ავთანდილ ბენდელიანი,,,majoritarians_all.pdf
local_2017,__main__,council_smd,european_georgia,"საარჩევნო ბლოკი „ბაქრაძე, უგულავა-ევროპული საქართველო”",,14,ცაგერი,,2,ლაშა,კოპალიანი,ლაშა კოპალიანი,,,majoritarians_all.pdf
local_2017,__main__,council_smd,european_georgia,"საარჩევნო ბლოკი „ბაქრაძე, უგულავა-ევროპული საქართველო”",,15,ცაგერი,,2,გია,ხეცურიანი,გია ხეცურიანი,,,majoritarians_all.pdf
local_2017,__main__,council_smd,european_georgia,"საარჩევნო ბლოკი „ბაქრაძე, უგულავა-ევროპული საქართველო”",,16,ცაგერი,,2,ვასილი,გულბანი,ვასილი გულბანი,,,majoritarians_all.pdf
local_2017,__main__,council_smd,free_georgia,"საარჩევნო ბლოკი „დიმიტრი ლორთქიფანიძე, კახა კუკავა-დემოკრატიული მოძრაობა-თავისუფალი საქართველო”",,1,ცაგერი,,3,გოჩა,მეგრელი,გოჩა მეგრელი,,,majoritarians_all.pdf
local_2017,__main__,council_smd,unm,საარჩევნო ბლოკი „ერთიანი ნაციონალური მოძრაობა”,,13,ცაგერი,,5,ციცინო,მუშკუდიანი,ციცინო მუშკუდიანი,,,majoritarians_all.pdf
local_2017,__main__,council_smd,unm,საარჩევნო ბლოკი „ერთიანი ნაციონალური მოძრაობა”,,12,ცაგერი,,5,ჯონი,თვარაძე,ჯონი თვარაძე,,,majoritarians_all.pdf
local_2017,__main__,council_smd,unm,საარჩევნო ბლოკი „ერთიანი ნაციონალური მოძრაობა”,,11,ცაგერი,,5,ბექა,ლაჭყეპიანი,ბექა ლაჭყეპიანი,,,majoritarians_all.pdf
local_2017,__main__,council_smd,unm,საარჩევნო ბლოკი „ერთიანი ნაციონალური მოძრაობა”,,14,ცაგერი,,5,გია,ფრუიძე,გია ფრუიძე,,,majoritarians_all.pdf
local_2017,__main__,council_smd,unm,საარჩევნო ბლოკი „ერთიანი ნაციონალური მოძრაობა”,,10,ცაგერი,,5,რამაზი,ყურაშვილი,რამაზი ყურაშვილი,,,majoritarians_all.pdf
local_2017,__main__,council_smd,unm,საარჩევნო ბლოკი „ერთიანი ნაციონალური მოძრაობა”,,6,ცაგერი,,5,ბექა,ახვლედიანი,ბექა ახვლედიანი,,,majoritarians_all.pdf
local_2017,__main__,council_smd,patriots,"„დავით თარხან-მოურავი, ირმა ინაშვილი - საქართველოს პატრიოტთა",,13,ცაგერი,,8,ალიანსი”გრიგოლ,ლეთოდიანი,ალიანსი”გრიგოლ ლეთოდიანი,,,majoritarians_all.pdf
local_2017,__main__,council_smd,patriots,"„დავით თარხან-მოურავი, ირმა ინაშვილი - საქართველოს პატრიოტთა",,11,ცაგერი,,8,ალიანსი”ბადრი,კენჭაძე,ალიანსი”ბადრი კენჭაძე,,,majoritarians_all.pdf
local_2017,__main__,council_smd,labour,„შალვა ნათელაშვილი - საქართველოს ლეიბორისტული პარტია”,,15,ცაგერი,,10,დათო,ხეცურიანი,დათო ხეცურიანი,,,majoritarians_all.pdf
local_2017,__main__,council_smd,gd,„ქართული ოცნება-დემოკრატიული საქართველო”,,3,ცაგერი,,41,გოდერძი,ახვლედიანი,გოდერძი ახვლედიანი,,,majoritarians_all.pdf
local_2017,__main__,council_smd,gd,„ქართული ოცნება-დემოკრატიული საქართველო”,,2,ცაგერი,,41,მაიზერი,ახვლედიანი,მაიზერი ახვლედიანი,,,majoritarians_all.pdf
local_2017,__main__,council_smd,gd,„ქართული ოცნება-დემოკრატიული საქართველო”,,4,ცაგერი,,41,შოთა,ომანაძე,შოთა ომანაძე,,,majoritarians_all.pdf
local_2017,__main__,council_smd,gd,„ქართული ოცნება-დემოკრატიული საქართველო”,,5,ცაგერი,,41,მამუკა,ჩაჩხიანი,მამუკა ჩაჩხიანი,,,majoritarians_all.pdf
local_2017,__main__,council_smd,gd,„ქართული ოცნება-დემოკრატიული საქართველო”,,9,ცაგერი,,41,გივი,გოგებაშვილი,გივი გოგებაშვილი,,,majoritarians_all.pdf
local_2017,__main__,council_smd,gd,„ქართული ოცნება-დემოკრატიული საქართველო”,,10,ცაგერი,,41,ვალოდია,ყურაშვილი,ვალოდია ყურაშვილი,,,majoritarians_all.pdf
local_2017,__main__,council_smd,gd,„ქართული ოცნება-დემოკრატიული საქართველო”,,6,ცაგერი,,41,თამაზ,ჭაბუკიანი,თამაზ ჭაბუკიანი,,,majoritarians_all.pdf
local_2017,__main__,council_smd,gd,„ქართული ოცნება-დემოკრატიული საქართველო”,,7,ცაგერი,,41,გოჩა,საღინაძე,გოჩა საღინაძე,,,majoritarians_all.pdf
local_2017,__main__,council_smd,gd,„ქართული ოცნება-დემოკრატიული საქართველო”,,8,ცაგერი,,41,ფატმანი,სვანიძე,ფატმანი სვანიძე,,,majoritarians_all.pdf
local_2017,__main__,council_smd,gd,„ქართული ოცნება-დემოკრატიული საქართველო”,,1,ცაგერი,,41,ზაზა,ყურაშვილი,ზაზა ყურაშვილი,,,majoritarians_all.pdf
local_2017,__main__,council_smd,gd,„ქართული ოცნება-დემოკრატიული საქართველო”,,16,ცაგერი,,41,გრიგოლ,კვირიკაშვილი,გრიგოლ კვირიკაშვილი,,,majoritarians_all.pdf
local_2017,__main__,council_smd,gd,„ქართული ოცნება-დემოკრატიული საქართველო”,,15,ცაგერი,,41,მამუკა,ხაბულიანი,მამუკა ხაბულიანი,,,majoritarians_all.pdf
local_2017,__main__,council_smd,gd,„ქართული ოცნება-დემოკრატიული საქართველო”,,14,ცაგერი,,41,მანონი,ახვლედიანი,მანონი ახვლედიანი,,,majoritarians_all.pdf
local_2017,__main__,council_smd,gd,„ქართული ოცნება-დემოკრატიული საქართველო”,,11,ცაგერი,,41,თინათინი,ნემსწვერიძე,თინათინი ნემსწვერიძე,,,majoritarians_all.pdf
local_2017,__main__,council_smd,gd,„ქართული ოცნება-დემოკრატიული საქართველო”,,13,ცაგერი,,41,დავით,ჩიქოვანი,დავით ჩიქოვანი,,,majoritarians_all.pdf
local_2017,__main__,council_smd,gd,„ქართული ოცნება-დემოკრატიული საქართველო”,,12,ცაგერი,,41,კუკური,ხეცურიანი,კუკური ხეცურიანი,,,majoritarians_all.pdf
local_2017,__main__,council_smd,initiative_group,საინიციატივო ჯგუფი - იური მამარდაშვილი. დალი უგრეხელიძე. გულნარა კუხალაშვილი . რამაზი უგრეხელიძე. ბორისი გოლეთიანი.,,10,ცაგერი,,43,ბორისი,მამარდაშვილი,ბორისი მამარდაშვილი,,,majoritarians_all.pdf
local_2017,__main__,council_smd,initiative_group,საინიციატივო ჯგუფი - ომარი ზურაბიანი. ელიკო ზურაბიანი. თეიმურაზ საღინაძე. თემურ ლეთოდიანი. გელა ფუტკარაძე.,,13,ცაგერი,,43,როსტომ,საღინაძე,როსტომ საღინაძე,,,majoritarians_all.pdf
local_2017,__main__,council_smd,unm,საარჩევნო ბლოკი „ერთიანი ნაციონალური მოძრაობა”,,1,ლენტეხი,,5,დათო,ლიპარტელიანი,დათო ლიპარტელიანი,,,majoritarians_all.pdf
local_2017,__main__,council_smd,unm,საარჩევნო ბლოკი „ერთიანი ნაციონალური მოძრაობა”,,2,ლენტეხი,,5,მურად,ბაბლუანი,მურად ბაბლუანი,,,majoritarians_all.pdf
local_2017,__main__,council_smd,unm,საარჩევნო ბლოკი „ერთიანი ნაციონალური მოძრაობა”,,5,ლენტეხი,,5,ჯოტო,ბენდელიანი,ჯოტო ბენდელიანი,,,majoritarians_all.pdf
local_2017,__main__,council_smd,unm,საარჩევნო ბლოკი „ერთიანი ნაციონალური მოძრაობა”,,4,ლენტეხი,,5,სერგო,ჯამბურიძე,სერგო ჯამბურიძე,,,majoritarians_all.pdf
local_2017,__main__,council_smd,unm,საარჩევნო ბლოკი „ერთიანი ნაციონალური მოძრაობა”,,8,ლენტეხი,,5,ვენერა,ქურასბედიანი,ვენერა ქურასბედიანი,,,majoritarians_all.pdf
local_2017,__main__,council_smd,patriots,"„დავით თარხან-მოურავი, ირმა ინაშვილი - საქართველოს პატრიოტთა",,1,ლენტეხი,,8,ალიანსი”ოლეგ,ფურელიანი,ალიანსი”ოლეგ ფურელიანი,,,majoritarians_all.pdf
local_2017,__main__,council_smd,patriots,"„დავით თარხან-მოურავი, ირმა ინაშვილი - საქართველოს პატრიოტთა",,2,ლენტეხი,,8,ალიანსი”ზურაბი,ლობჟანიძე,ალიანსი”ზურაბი ლობჟანიძე,,,majoritarians_all.pdf
local_2017,__main__,council_smd,patriots,"„დავით თარხან-მოურავი, ირმა ინაშვილი - საქართველოს პატრიოტთა",,4,ლენტეხი,,8,ალიანსი”ვალოდია,ჯანხოთელი,ალიანსი”ვალოდია ჯანხოთელი,,,majoritarians_all.pdf
local_2017,__main__,council_smd,patriots,"„დავით თარხან-მოურავი, ირმა ინაშვილი - საქართველოს პატრიოტთა",,5,ლენტეხი,,8,ალიანსი”ზურაბი,ზურაბიანი,ალიანსი”ზურაბი ზურაბიანი,,,majoritarians_all.pdf
local_2017,__main__,council_smd,patriots,"„დავით თარხან-მოურავი, ირმა ინაშვილი - საქართველოს პატრიოტთა",,8,ლენტეხი,,8,ალიანსი”ზაზა,გაბიძაშვილი,ალიანსი”ზაზა გაბიძაშვილი,,,majoritarians_all.pdf
local_2017,__main__,council_smd,gd,„ქართული ოცნება-დემოკრატიული საქართველო”,,7,ლენტეხი,,41,მურადი,ჩანქსელიანი,მურადი ჩანქსელიანი,,,majoritarians_all.pdf
local_2017,__main__,council_smd,gd,„ქართული ოცნება-დემოკრატიული საქართველო”,,6,ლენტეხი,,41,თორნიკე,ნიჟარაძე,თორნიკე ნიჟარაძე,,,majoritarians_all.pdf
local_2017,__main__,council_smd,gd,„ქართული ოცნება-დემოკრატიული საქართველო”,,8,ლენტეხი,,41,სოსო,ქურასბედიანი,სოსო ქურასბედიანი,,,majoritarians_all.pdf
local_2017,__main__,council_smd,gd,„ქართული ოცნება-დემოკრატიული საქართველო”,,3,ლენტეხი,,41,დალი,ტვილდიანი,დალი ტვილდიანი,,,majoritarians_all.pdf
local_2017,__main__,council_smd,gd,„ქართული ოცნება-დემოკრატიული საქართველო”,,2,ლენტეხი,,41,ემზარი,გუჯეჯიანი,ემზარი გუჯეჯიანი,,,majoritarians_all.pdf
local_2017,__main__,council_smd,gd,„ქართული ოცნება-დემოკრატიული საქართველო”,,4,ლენტეხი,,41,სოსო,ავალიანი,სოსო ავალიანი,,,majoritarians_all.pdf
local_2017,__main__,council_smd,gd,„ქართული ოცნება-დემოკრატიული საქართველო”,,1,ლენტეხი,,41,დავითი,პირველი,დავითი პირველი,,,majoritarians_all.pdf
local_2017,__main__,council_smd,gd,„ქართული ოცნება-დემოკრატიული საქართველო”,,5,ლენტეხი,,41,მამუკა,მუკბანიანი,მამუკა მუკბანიანი,,,majoritarians_all.pdf
local_2017,__main__,council_smd,initiative_group,"საინიციატივო ჯგუფი - ონიანი ერეკლე , ონიანი მაია,ონიანი ტარიელი , ონიანი დავით, ონიანი მამუკა",,2,ლენტეხი,,42,ზურაბი,ონიანი,ზურაბი ონიანი,,,majoritarians_all.pdf
local_2017,__main__,council_smd,initiative_group,"საინიციატივო ჯგუფი - გაზდელიანი აზა,ბაბლუანი ვასილ, ზურაბიანი იროდი, ბაბლუანი ტარიელ , ლიპარტელიანი მარინა .",,5,ლენტეხი,,42,ნოდარ,ონიანი,ნოდარ ონიანი,,,majoritarians_all.pdf
local_2017,__main__,council_smd,european_georgia,"საარჩევნო ბლოკი „ბაქრაძე, უგულავა-ევროპული საქართველო”",,1,მესტია,,2,დავით,ჯაფარიძე,დავით ჯაფარიძე,,,majoritarians_all.pdf
local_2017,__main__,council_smd,european_georgia,"საარჩევნო ბლოკი „ბაქრაძე, უგულავა-ევროპული საქართველო”",,3,მესტია,,2,ლაშა,პაკელიანი,ლაშა პაკელიანი,,,majoritarians_all.pdf
local_2017,__main__,council_smd,european_georgia,"საარჩევნო ბლოკი „ბაქრაძე, უგულავა-ევროპული საქართველო”",,13,მესტია,,2,ვეფხვია,გერლიანი,ვეფხვია გერლიანი,,,majoritarians_all.pdf
local_2017,__main__,council_smd,free_georgia,"საარჩევნო ბლოკი „დიმიტრი ლორთქიფანიძე, კახა კუკავა-დემოკრატიული მოძრაობა-თავისუფალი საქართველო”",,12,მესტია,,3,ჯაბა,რეზესიძე,ჯაბა რეზესიძე,,,majoritarians_all.pdf
local_2017,__main__,council_smd,free_georgia,"საარჩევნო ბლოკი „დიმიტრი ლორთქიფანიძე, კახა კუკავა-დემოკრატიული მოძრაობა-თავისუფალი საქართველო”",,10,მესტია,,3,კორნელი,გვარმიანი,კორნელი გვარმიანი,,,majoritarians_all.pdf
local_2017,__main__,council_smd,unm,საარჩევნო ბლოკი „ერთიანი ნაციონალური მოძრაობა”,,12,მესტია,,5,ანზორ,ვიბლიანი,ანზორ ვიბლიანი,,,majoritarians_all.pdf
local_2017,__main__,council_smd,unm,საარჩევნო ბლოკი „ერთიანი ნაციონალური მოძრაობა”,,6,მესტია,,5,ლევან,წერედიანი,ლევან წერედიანი,,,majoritarians_all.pdf
local_2017,__main__,council_smd,unm,საარჩევნო ბლოკი „ერთიანი ნაციონალური მოძრაობა”,,14,მესტია,,5,მანუჩარ,ფანგანი,მანუჩარ ფანგანი,,,majoritarians_all.pdf
local_2017,__main__,council_smd,patriots,"„დავით თარხან-მოურავი, ირმა ინაშვილი - საქართველოს პატრიოტთა",,3,მესტია,,8,ალიანსი”ლერი,გერლიანი,ალიანსი”ლერი გერლიანი,,,majoritarians_all.pdf
local_2017,__main__,council_smd,patriots,"„დავით თარხან-მოურავი, ირმა ინაშვილი - საქართველოს პატრიოტთა",,16,მესტია,,8,ალიანსი”რომან,ჭკადუა,ალიანსი”რომან ჭკადუა,,,majoritarians_all.pdf
local_2017,__main__,council_smd,patriots,"„დავით თარხან-მოურავი, ირმა ინაშვილი - საქართველოს პატრიოტთა",,15,მესტია,,8,ალიანსი”ლაშა,ვიბლიანი,ალიანსი”ლაშა ვიბლიანი,,,majoritarians_all.pdf
local_2017,__main__,council_smd,patriots,"„დავით თარხან-მოურავი, ირმა ინაშვილი - საქართველოს პატრიოტთა",,10,მესტია,,8,ალიანსი”გიონი,ცინდელიანი,ალიანსი”გიონი ცინდელიანი,,,majoritarians_all.pdf
local_2017,__main__,council_smd,patriots,"„დავით თარხან-მოურავი, ირმა ინაშვილი - საქართველოს პატრიოტთა",,11,მესტია,,8,ალიანსი”ანზორ,რატიანი,ალიანსი”ანზორ რატიანი,,,majoritarians_all.pdf
local_2017,__main__,council_smd,patriots,"„დავით თარხან-მოურავი, ირმა ინაშვილი - საქართველოს პატრიოტთა",,14,მესტია,,8,ალიანსი”გოჩა,თამლიანი,ალიანსი”გოჩა თამლიანი,,,majoritarians_all.pdf
local_2017,__main__,council_smd,patriots,"„დავით თარხან-მოურავი, ირმა ინაშვილი - საქართველოს პატრიოტთა",,13,მესტია,,8,ალიანსი”ლაშა,არღვლიანი,ალიანსი”ლაშა არღვლიანი,,,majoritarians_all.pdf
local_2017,__main__,council_smd,patriots,"„დავით თარხან-მოურავი, ირმა ინაშვილი - საქართველოს პატრიოტთა",,9,მესტია,,8,ალიანსი”ირაკლი,იოსელიანი,ალიანსი”ირაკლი იოსელიანი,,,majoritarians_all.pdf
local_2017,__main__,council_smd,gd,„ქართული ოცნება-დემოკრატიული საქართველო”,,1,მესტია,,41,მაიზერ,ჯაფარიძე,მაიზერ ჯაფარიძე,,,majoritarians_all.pdf
local_2017,__main__,council_smd,gd,„ქართული ოცნება-დემოკრატიული საქართველო”,,9,მესტია,,41,კახა,გუჯეჯიანი,კახა გუჯეჯიანი,,,majoritarians_all.pdf
local_2017,__main__,council_smd,gd,„ქართული ოცნება-დემოკრატიული საქართველო”,,10,მესტია,,41,როდამ,გვარმიანი,როდამ გვარმიანი,,,majoritarians_all.pdf
local_2017,__main__,council_smd,gd,„ქართული ოცნება-დემოკრატიული საქართველო”,,11,მესტია,,41,ვლადიმერ,ნიჟარაძე,ვლადიმერ ნიჟარაძე,,,majoritarians_all.pdf
local_2017,__main__,council_smd,gd,„ქართული ოცნება-დემოკრატიული საქართველო”,,12,მესტია,,41,თენგიზ,დადეშქელიანი,თენგიზ დადეშქელიანი,,,majoritarians_all.pdf
local_2017,__main__,council_smd,gd,„ქართული ოცნება-დემოკრატიული საქართველო”,,13,მესტია,,41,ლექსო,ქალდანი,ლექსო ქალდანი,,,majoritarians_all.pdf
local_2017,__main__,council_smd,gd,„ქართული ოცნება-დემოკრატიული საქართველო”,,14,მესტია,,41,სიმონ,ფირცხელიანი,სიმონ ფირცხელიანი,,,majoritarians_all.pdf
local_2017,__main__,council_smd,gd,„ქართული ოცნება-დემოკრატიული საქართველო”,,15,მესტია,,41,ზაზა,ვიბლიანი,ზაზა ვიბლიანი,,,majoritarians_all.pdf
local_2017,__main__,council_smd,gd,„ქართული ოცნება-დემოკრატიული საქართველო”,,16,მესტია,,41,გიორგი,გელოვანი,გიორგი გელოვანი,,,majoritarians_all.pdf
local_2017,__main__,council_smd,gd,„ქართული ოცნება-დემოკრატიული საქართველო”,,5,მესტია,,41,მირზა,დადვანი,მირზა დადვანი,,,majoritarians_all.pdf
local_2017,__main__,council_smd,gd,„ქართული ოცნება-დემოკრატიული საქართველო”,,6,მესტია,,41,ირაკლი,გირგვლიანი,ირაკლი გირგვლიანი,,,majoritarians_all.pdf
local_2017,__main__,council_smd,gd,„ქართული ოცნება-დემოკრატიული საქართველო”,,7,მესტია,,41,ვალოდია,ჭკადუა,ვალოდია ჭკადუა,,,majoritarians_all.pdf
local_2017,__main__,council_smd,gd,„ქართული ოცნება-დემოკრატიული საქართველო”,,8,მესტია,,41,მურთაზ,გულედანი,მურთაზ გულედანი,,,majoritarians_all.pdf
local_2017,__main__,council_smd,gd,„ქართული ოცნება-დემოკრატიული საქართველო”,,2,მესტია,,41,თინათინ,კუზანაშვილი,თინათინ კუზანაშვილი,,,majoritarians_all.pdf
local_2017,__main__,council_smd,gd,„ქართული ოცნება-დემოკრატიული საქართველო”,,3,მესტია,,41,ვახტანგი,აფრასიძე,ვახტანგი აფრასიძე,,,majoritarians_all.pdf
local_2017,__main__,council_smd,gd,„ქართული ოცნება-დემოკრატიული საქართველო”,,4,მესტია,,41,ლაშა,პირველი,ლაშა პირველი,,,majoritarians_all.pdf
local_2017,__main__,council_smd,initiative_group,"საინიციატივო ჯგუფი - ლია ჯაფარიძე, ბესიკ ჯაფარიძე, ზაზა ჯაფარიძე, გეგი უდესიანი, მურთაზ ჯაფარიძე",,1,მესტია,,43,დავით,ჯაფარიძე,დავით ჯაფარიძე,,,majoritarians_all.pdf
local_2017,__main__,council_smd,initiative_group,"საინიციატივო ჯგუფი - გია არღვლიანი, ამინათ ხორგუანი, ირაკლი კვიციანი, მაიზერ კვიციანი, სეფე არღვლიანიღ",,2,მესტია,,43,ლერი,კვიციანი,ლერი კვიციანი,,,majoritarians_all.pdf
local_2017,__main__,council_smd,initiative_group,"საინიციატივო ჯგუფი - გალაქტიონ გულბანი, მერი პირველი, ლერი ხვისტანი, თამარი პირველი, ლელა პირველი",,4,მესტია,,43,გიორგი,ხვისტანი,გიორგი ხვისტანი,,,majoritarians_all.pdf
local_2017,__main__,council_smd,initiative_group,"საინიციატივო ჯგუფი - ელევნორა ფარჯიანი, დოდო კვიციანი, თამაზ ფარჯიანი, ამირან ფარჯიანი, ჯანიკო ფარჯიანი",,6,მესტია,,43,დავით,წერედიანი,დავით წერედიანი,,,majoritarians_all.pdf
local_2017,__main__,council_smd,initiative_group,"საინიციატივო ჯგუფი - მარინე გიგდელიანი, ირინა ჯაფარიძე, ლუბა ხერგიანი, ვლადიმერ ჯაჯვანი, არჩილ ჯაჯვანი",,8,მესტია,,43,ჯიმშერ,ფილფანი,ჯიმშერ ფილფანი,,,majoritarians_all.pdf
local_2017,__main__,council_smd,european_georgia,"საარჩევნო ბლოკი „ბაქრაძე, უგულავა-ევროპული საქართველო”",,1,ხარაგაული,,2,დავით,მაღლაფერიძე,დავით მაღლაფერიძე,,,majoritarians_all.pdf
local_2017,__main__,council_smd,european_georgia,"საარჩევნო ბლოკი „ბაქრაძე, უგულავა-ევროპული საქართველო”",,2,ხარაგაული,,2,გოჩა,კამკამიძე,გოჩა კამკამიძე,,,majoritarians_all.pdf
local_2017,__main__,council_smd,european_georgia,"საარჩევნო ბლოკი „ბაქრაძე, უგულავა-ევროპული საქართველო”",,3,ხარაგაული,,2,ამირან,სხილაძე,ამირან სხილაძე,,,majoritarians_all.pdf
local_2017,__main__,council_smd,european_georgia,"საარჩევნო ბლოკი „ბაქრაძე, უგულავა-ევროპული საქართველო”",,6,ხარაგაული,,2,თემური,მაღლაკელიძე,თემური მაღლაკელიძე,,,majoritarians_all.pdf
local_2017,__main__,council_smd,european_georgia,"საარჩევნო ბლოკი „ბაქრაძე, უგულავა-ევროპული საქართველო”",,4,ხარაგაული,,2,ზურაბ,ხიჯაკაძე,ზურაბ ხიჯაკაძე,,,majoritarians_all.pdf
local_2017,__main__,council_smd,european_georgia,"საარჩევნო ბლოკი „ბაქრაძე, უგულავა-ევროპული საქართველო”",,18,ხარაგაული,,2,ცოტნე,ტაბატაძე,ცოტნე ტაბატაძე,,,majoritarians_all.pdf
local_2017,__main__,council_smd,european_georgia,"საარჩევნო ბლოკი „ბაქრაძე, უგულავა-ევროპული საქართველო”",,14,ხარაგაული,,2,გიორგი,თაბუკაშვილი,გიორგი თაბუკაშვილი,,,majoritarians_all.pdf
local_2017,__main__,council_smd,european_georgia,"საარჩევნო ბლოკი „ბაქრაძე, უგულავა-ევროპული საქართველო”",,13,ხარაგაული,,2,კახაბერ,ეჯიბაძე,კახაბერ ეჯიბაძე,,,majoritarians_all.pdf
local_2017,__main__,council_smd,european_georgia,"საარჩევნო ბლოკი „ბაქრაძე, უგულავა-ევროპული საქართველო”",,15,ხარაგაული,,2,დურმიშხან,იჩქიტიძე,დურმიშხან იჩქიტიძე,,,majoritarians_all.pdf
local_2017,__main__,council_smd,european_georgia,"საარჩევნო ბლოკი „ბაქრაძე, უგულავა-ევროპული საქართველო”",,11,ხარაგაული,,2,მამუკა,გელაშვილი,მამუკა გელაშვილი,,,majoritarians_all.pdf
local_2017,__main__,council_smd,european_georgia,"საარჩევნო ბლოკი „ბაქრაძე, უგულავა-ევროპული საქართველო”",,12,ხარაგაული,,2,გულნარა,კიკალიშვილი,გულნარა კიკალიშვილი,,,majoritarians_all.pdf
local_2017,__main__,council_smd,european_georgia,"საარჩევნო ბლოკი „ბაქრაძე, უგულავა-ევროპული საქართველო”",,7,ხარაგაული,,2,ჯუნა,ბარბაქაძე,ჯუნა ბარბაქაძე,,,majoritarians_all.pdf
local_2017,__main__,council_smd,european_georgia,"საარჩევნო ბლოკი „ბაქრაძე, უგულავა-ევროპული საქართველო”",,8,ხარაგაული,,2,ზაზა,ჭიტაძე,ზაზა ჭიტაძე,,,majoritarians_all.pdf
local_2017,__main__,council_smd,european_georgia,"საარჩევნო ბლოკი „ბაქრაძე, უგულავა-ევროპული საქართველო”",,9,ხარაგაული,,2,მანანა,მაღრაძე,მანანა მაღრაძე,,,majoritarians_all.pdf
local_2017,__main__,council_smd,european_georgia,"საარჩევნო ბლოკი „ბაქრაძე, უგულავა-ევროპული საქართველო”",,5,ხარაგაული,,2,ოთარ,არევაძე,ოთარ არევაძე,,,majoritarians_all.pdf
local_2017,__main__,council_smd,european_georgia,"საარჩევნო ბლოკი „ბაქრაძე, უგულავა-ევროპული საქართველო”",,10,ხარაგაული,,2,ჯემალ,კიკნაძე,ჯემალ კიკნაძე,,,majoritarians_all.pdf
local_2017,__main__,council_smd,european_georgia,"საარჩევნო ბლოკი „ბაქრაძე, უგულავა-ევროპული საქართველო”",,20,ხარაგაული,,2,ჯემალ,ციცქიშვილი,ჯემალ ციცქიშვილი,,,majoritarians_all.pdf
local_2017,__main__,council_smd,european_georgia,"საარჩევნო ბლოკი „ბაქრაძე, უგულავა-ევროპული საქართველო”",,19,ხარაგაული,,2,გელა,ხეცაძე,გელა ხეცაძე,,,majoritarians_all.pdf
local_2017,__main__,council_smd,european_georgia,"საარჩევნო ბლოკი „ბაქრაძე, უგულავა-ევროპული საქართველო”",,16,ხარაგაული,,2,ნანული,დევდარიანი,ნანული დევდარიანი,,,majoritarians_all.pdf
local_2017,__main__,council_smd,european_georgia,"საარჩევნო ბლოკი „ბაქრაძე, უგულავა-ევროპული საქართველო”",,17,ხარაგაული,,2,მერაბი,ქოჩიაშვილი,მერაბი ქოჩიაშვილი,,,majoritarians_all.pdf
local_2017,__main__,council_smd,free_georgia,"საარჩევნო ბლოკი „დიმიტრი ლორთქიფანიძე, კახა კუკავა-დემოკრატიული მოძრაობა-თავისუფალი საქართველო”",,3,ხარაგაული,,3,ვლადიმერ,ბარბაქაძე,ვლადიმერ ბარბაქაძე,,,majoritarians_all.pdf
local_2017,__main__,council_smd,free_georgia,"საარჩევნო ბლოკი „დიმიტრი ლორთქიფანიძე, კახა კუკავა-დემოკრატიული მოძრაობა-თავისუფალი საქართველო”",,16,ხარაგაული,,3,მალხაზ,ტალახაძე,მალხაზ ტალახაძე,,,majoritarians_all.pdf
local_2017,__main__,council_smd,free_georgia,"საარჩევნო ბლოკი „დიმიტრი ლორთქიფანიძე, კახა კუკავა-დემოკრატიული მოძრაობა-თავისუფალი საქართველო”",,13,ხარაგაული,,3,კახაბერ,ყრუაშვილი,კახაბერ ყრუაშვილი,,,majoritarians_all.pdf
local_2017,__main__,council_smd,free_georgia,"საარჩევნო ბლოკი „დიმიტრი ლორთქიფანიძე, კახა კუკავა-დემოკრატიული მოძრაობა-თავისუფალი საქართველო”",,4,ხარაგაული,,3,გიორგი,სარალიძე,გიორგი სარალიძე,,,majoritarians_all.pdf
local_2017,__main__,council_smd,free_georgia,"საარჩევნო ბლოკი „დიმიტრი ლორთქიფანიძე, კახა კუკავა-დემოკრატიული მოძრაობა-თავისუფალი საქართველო”",,10,ხარაგაული,,3,ვახტანგ,ლაცაბიძე,ვახტანგ ლაცაბიძე,,,majoritarians_all.pdf
local_2017,__main__,council_smd,free_georgia,"საარჩევნო ბლოკი „დიმიტრი ლორთქიფანიძე, კახა კუკავა-დემოკრატიული მოძრაობა-თავისუფალი საქართველო”",,19,ხარაგაული,,3,ბორის,ბერაძე,ბორის ბერაძე,,,majoritarians_all.pdf
local_2017,__main__,council_smd,free_georgia,"საარჩევნო ბლოკი „დიმიტრი ლორთქიფანიძე, კახა კუკავა-დემოკრატიული მოძრაობა-თავისუფალი საქართველო”",,17,ხარაგაული,,3,თამაზ,ციცქიშვილი,თამაზ ციცქიშვილი,,,majoritarians_all.pdf
local_2017,__main__,council_smd,free_georgia,"საარჩევნო ბლოკი „დიმიტრი ლორთქიფანიძე, კახა კუკავა-დემოკრატიული მოძრაობა-თავისუფალი საქართველო”",,5,ხარაგაული,,3,ირაკლი,იჩქიტიძე,ირაკლი იჩქიტიძე,,,majoritarians_all.pdf
local_2017,__main__,council_smd,free_georgia,"საარჩევნო ბლოკი „დიმიტრი ლორთქიფანიძე, კახა კუკავა-დემოკრატიული მოძრაობა-თავისუფალი საქართველო”",,15,ხარაგაული,,3,რატი,იჩქიტიძე,რატი იჩქიტიძე,,,majoritarians_all.pdf
local_2017,__main__,council_smd,unm,საარჩევნო ბლოკი „ერთიანი ნაციონალური მოძრაობა”,,4,ხარაგაული,,5,კობა,გოგსაძე,კობა გოგსაძე,,,majoritarians_all.pdf
local_2017,__main__,council_smd,unm,საარჩევნო ბლოკი „ერთიანი ნაციონალური მოძრაობა”,,1,ხარაგაული,,5,ქეთევან,ზუმბაძე,ქეთევან ზუმბაძე,,,majoritarians_all.pdf
local_2017,__main__,council_smd,unm,საარჩევნო ბლოკი „ერთიანი ნაციონალური მოძრაობა”,,6,ხარაგაული,,5,ირმა,ალხაზიშვილი,ირმა ალხაზიშვილი,,,majoritarians_all.pdf
local_2017,__main__,council_smd,unm,საარჩევნო ბლოკი „ერთიანი ნაციონალური მოძრაობა”,,2,ხარაგაული,,5,ამირან,გლუნჩაძე,ამირან გლუნჩაძე,,,majoritarians_all.pdf
local_2017,__main__,council_smd,unm,საარჩევნო ბლოკი „ერთიანი ნაციონალური მოძრაობა”,,3,ხარაგაული,,5,ნათელა,მაქაძე,ნათელა მაქაძე,,,majoritarians_all.pdf
local_2017,__main__,council_smd,unm,საარჩევნო ბლოკი „ერთიანი ნაციონალური მოძრაობა”,,16,ხარაგაული,,5,ელენა,ბანცაძე,ელენა ბანცაძე,,,majoritarians_all.pdf
local_2017,__main__,council_smd,unm,საარჩევნო ბლოკი „ერთიანი ნაციონალური მოძრაობა”,,17,ხარაგაული,,5,იაგო,გაბეხაძე,იაგო გაბეხაძე,,,majoritarians_all.pdf
local_2017,__main__,council_smd,unm,საარჩევნო ბლოკი „ერთიანი ნაციონალური მოძრაობა”,,12,ხარაგაული,,5,ზურაბ,ასათიანი,ზურაბ ასათიანი,,,majoritarians_all.pdf
local_2017,__main__,council_smd,unm,საარჩევნო ბლოკი „ერთიანი ნაციონალური მოძრაობა”,,7,ხარაგაული,,5,თენგიზ,ჩაჩანიძე,თენგიზ ჩაჩანიძე,,,majoritarians_all.pdf
local_2017,__main__,council_smd,unm,საარჩევნო ბლოკი „ერთიანი ნაციონალური მოძრაობა”,,13,ხარაგაული,,5,თეიმურაზ,ოსანაძე,თეიმურაზ ოსანაძე,,,majoritarians_all.pdf
local_2017,__main__,council_smd,unm,საარჩევნო ბლოკი „ერთიანი ნაციონალური მოძრაობა”,,11,ხარაგაული,,5,კობა,შუბითიძე,კობა შუბითიძე,,,majoritarians_all.pdf
local_2017,__main__,council_smd,unm,საარჩევნო ბლოკი „ერთიანი ნაციონალური მოძრაობა”,,20,ხარაგაული,,5,დალი,ციცქიშვილი,დალი ციცქიშვილი,,,majoritarians_all.pdf
local_2017,__main__,council_smd,unm,საარჩევნო ბლოკი „ერთიანი ნაციონალური მოძრაობა”,,18,ხარაგაული,,5,ბადრი,ხაჩიძე,ბადრი ხაჩიძე,,,majoritarians_all.pdf
local_2017,__main__,council_smd,unm,საარჩევნო ბლოკი „ერთიანი ნაციონალური მოძრაობა”,,14,ხარაგაული,,5,პაატა,შარიქაძე,პაატა შარიქაძე,,,majoritarians_all.pdf
local_2017,__main__,council_smd,unm,საარჩევნო ბლოკი „ერთიანი ნაციონალური მოძრაობა”,,15,ხარაგაული,,5,შალვა,კურტანიძე,შალვა კურტანიძე,,,majoritarians_all.pdf
local_2017,__main__,council_smd,unm,საარჩევნო ბლოკი „ერთიანი ნაციონალური მოძრაობა”,,19,ხარაგაული,,5,ზურაბი,ბერაძე,ზურაბი ბერაძე,,,majoritarians_all.pdf
local_2017,__main__,council_smd,unm,საარჩევნო ბლოკი „ერთიანი ნაციონალური მოძრაობა”,,5,ხარაგაული,,5,ვახტანგი,მეგრელიშვილი,ვახტანგი მეგრელიშვილი,,,majoritarians_all.pdf
local_2017,__main__,council_smd,unm,საარჩევნო ბლოკი „ერთიანი ნაციონალური მოძრაობა”,,8,ხარაგაული,,5,მადონა,მანჯავიძე,მადონა მანჯავიძე,,,majoritarians_all.pdf
local_2017,__main__,council_smd,unm,საარჩევნო ბლოკი „ერთიანი ნაციონალური მოძრაობა”,,9,ხარაგაული,,5,თინათინ,მაღრაძე,თინათინ მაღრაძე,,,majoritarians_all.pdf
local_2017,__main__,council_smd,unm,საარჩევნო ბლოკი „ერთიანი ნაციონალური მოძრაობა”,,10,ხარაგაული,,5,თამილა,ჭყოიძე,თამილა ჭყოიძე,,,majoritarians_all.pdf
local_2017,__main__,council_smd,patriots,"„დავით თარხან-მოურავი, ირმა ინაშვილი - საქართველოს პატრიოტთა",,1,ხარაგაული,,8,ალიანსი”თეიმურაზ,ფცქიალაძე,ალიანსი”თეიმურაზ ფცქიალაძე,,,majoritarians_all.pdf
local_2017,__main__,council_smd,patriots,"„დავით თარხან-მოურავი, ირმა ინაშვილი - საქართველოს პატრიოტთა",,5,ხარაგაული,,8,ალიანსი”ნოდარი,გოგოლაძე,ალიანსი”ნოდარი გოგოლაძე,,,majoritarians_all.pdf
local_2017,__main__,council_smd,patriots,"„დავით თარხან-მოურავი, ირმა ინაშვილი - საქართველოს პატრიოტთა",,13,ხარაგაული,,8,ალიანსი”თამარ,მაღლაკელიძე,ალიანსი”თამარ მაღლაკელიძე,,,majoritarians_all.pdf
local_2017,__main__,council_smd,patriots,"„დავით თარხან-მოურავი, ირმა ინაშვილი - საქართველოს პატრიოტთა",,12,ხარაგაული,,8,ალიანსი”რომანი,შერგელაშვილი,ალიანსი”რომანი შერგელაშვილი,,,majoritarians_all.pdf
local_2017,__main__,council_smd,patriots,"„დავით თარხან-მოურავი, ირმა ინაშვილი - საქართველოს პატრიოტთა",,8,ხარაგაული,,8,ალიანსი”მერაბი,კალანდაძე,ალიანსი”მერაბი კალანდაძე,,,majoritarians_all.pdf
local_2017,__main__,council_smd,patriots,"„დავით თარხან-მოურავი, ირმა ინაშვილი - საქართველოს პატრიოტთა",,9,ხარაგაული,,8,ალიანსი”გურამ,ბერაძე,ალიანსი”გურამ ბერაძე,,,majoritarians_all.pdf
local_2017,__main__,council_smd,patriots,"„დავით თარხან-მოურავი, ირმა ინაშვილი - საქართველოს პატრიოტთა",,14,ხარაგაული,,8,ალიანსი”ნიკოლოზი,ბუაჩიძე,ალიანსი”ნიკოლოზი ბუაჩიძე,,,majoritarians_all.pdf
local_2017,__main__,council_smd,patriots,"„დავით თარხან-მოურავი, ირმა ინაშვილი - საქართველოს პატრიოტთა",,20,ხარაგაული,,8,ალიანსი”ბადრი,გოგოლაძე,ალიანსი”ბადრი გოგოლაძე,,,majoritarians_all.pdf
local_2017,__main__,council_smd,patriots,"„დავით თარხან-მოურავი, ირმა ინაშვილი - საქართველოს პატრიოტთა",,10,ხარაგაული,,8,ალიანსი”თენგიზ,ჭყოიძე,ალიანსი”თენგიზ ჭყოიძე,,,majoritarians_all.pdf
local_2017,__main__,council_smd,patriots,"„დავით თარხან-მოურავი, ირმა ინაშვილი - საქართველოს პატრიოტთა",,17,ხარაგაული,,8,ალიანსი”დემური,ხიჯაკაძე,ალიანსი”დემური ხიჯაკაძე,,,majoritarians_all.pdf
local_2017,__main__,council_smd,patriots,"„დავით თარხან-მოურავი, ირმა ინაშვილი - საქართველოს პატრიოტთა",,6,ხარაგაული,,8,ალიანსი”ლევან,ფანქველაშვილი,ალიანსი”ლევან ფანქველაშვილი,,,majoritarians_all.pdf
local_2017,__main__,council_smd,patriots,"„დავით თარხან-მოურავი, ირმა ინაშვილი - საქართველოს პატრიოტთა",,18,ხარაგაული,,8,ალიანსი”თეიმურაზ,ტაბატაძე,ალიანსი”თეიმურაზ ტაბატაძე,,,majoritarians_all.pdf
local_2017,__main__,council_smd,patriots,"„დავით თარხან-მოურავი, ირმა ინაშვილი - საქართველოს პატრიოტთა",,16,ხარაგაული,,8,ალიანსი”გიორგი,ლაცაბიძე,ალიანსი”გიორგი ლაცაბიძე,,,majoritarians_all.pdf
local_2017,__main__,council_smd,patriots,"„დავით თარხან-მოურავი, ირმა ინაშვილი - საქართველოს პატრიოტთა",,4,ხარაგაული,,8,ალიანსი”დავით,კოჩაძე,ალიანსი”დავით კოჩაძე,,,majoritarians_all.pdf
local_2017,__main__,council_smd,patriots,"„დავით თარხან-მოურავი, ირმა ინაშვილი - საქართველოს პატრიოტთა",,3,ხარაგაული,,8,ალიანსი”მალხაზი,წიქარიშვილი,ალიანსი”მალხაზი წიქარიშვილი,,,majoritarians_all.pdf
local_2017,__main__,council_smd,construction_movement_2017,„შენების მოძრაობა”,,1,ხარაგაული,,20,ინგა,მაღრაძე,ინგა მაღრაძე,,,majoritarians_all.pdf
local_2017,__main__,council_smd,construction_movement_2017,„შენების მოძრაობა”,,19,ხარაგაული,,20,ომარ,გაგოშიძე,ომარ გაგოშიძე,,,majoritarians_all.pdf
local_2017,__main__,council_smd,construction_movement_2017,„შენების მოძრაობა”,,13,ხარაგაული,,20,ზურაბ,ჭანკოტაძე,ზურაბ ჭანკოტაძე,,,majoritarians_all.pdf
local_2017,__main__,council_smd,construction_movement_2017,„შენების მოძრაობა”,,20,ხარაგაული,,20,ენვერ,ჩადუნელი,ენვერ ჩადუნელი,,,majoritarians_all.pdf
local_2017,__main__,council_smd,construction_movement_2017,„შენების მოძრაობა”,,7,ხარაგაული,,20,სიმონ,ბერაძე,სიმონ ბერაძე,,,majoritarians_all.pdf
local_2017,__main__,council_smd,construction_movement_2017,„შენების მოძრაობა”,,4,ხარაგაული,,20,ლევანი,ლევიძე,ლევანი ლევიძე,,,majoritarians_all.pdf
local_2017,__main__,council_smd,construction_movement_2017,„შენების მოძრაობა”,,5,ხარაგაული,,20,მერაბ,ღონღაძე,მერაბ ღონღაძე,,,majoritarians_all.pdf
local_2017,__main__,council_smd,construction_movement_2017,„შენების მოძრაობა”,,16,ხარაგაული,,20,დავითი,ქურდაძე,დავითი ქურდაძე,,,majoritarians_all.pdf
local_2017,__main__,council_smd,construction_movement_2017,„შენების მოძრაობა”,,15,ხარაგაული,,20,იური,მჭედლიძე,იური მჭედლიძე,,,majoritarians_all.pdf
local_2017,__main__,council_smd,construction_movement_2017,„შენების მოძრაობა”,,14,ხარაგაული,,20,მიხეილ,ჭიპაშვილი,მიხეილ ჭიპაშვილი,,,majoritarians_all.pdf
local_2017,__main__,council_smd,gd,„ქართული ოცნება-დემოკრატიული საქართველო”,,13,ხარაგაული,,41,დავით,კიკნაძე,დავით კიკნაძე,,,majoritarians_all.pdf
local_2017,__main__,council_smd,gd,„ქართული ოცნება-დემოკრატიული საქართველო”,,17,ხარაგაული,,41,მალხაზ,ფხალაძე,მალხაზ ფხალაძე,,,majoritarians_all.pdf
local_2017,__main__,council_smd,gd,„ქართული ოცნება-დემოკრატიული საქართველო”,,2,ხარაგაული,,41,ვარლამ,ჭიპაშვილი,ვარლამ ჭიპაშვილი,,,majoritarians_all.pdf
local_2017,__main__,council_smd,gd,„ქართული ოცნება-დემოკრატიული საქართველო”,,3,ხარაგაული,,41,იამზე,პაქსაშვილი,იამზე პაქსაშვილი,,,majoritarians_all.pdf
local_2017,__main__,council_smd,gd,„ქართული ოცნება-დემოკრატიული საქართველო”,,6,ხარაგაული,,41,ვლადიმერ,ტალახაძე,ვლადიმერ ტალახაძე,,,majoritarians_all.pdf
local_2017,__main__,council_smd,gd,„ქართული ოცნება-დემოკრატიული საქართველო”,,7,ხარაგაული,,41,აკაკი,ლურსმანაშვილი,აკაკი ლურსმანაშვილი,,,majoritarians_all.pdf
local_2017,__main__,council_smd,gd,„ქართული ოცნება-დემოკრატიული საქართველო”,,8,ხარაგაული,,41,პავლე,კიკალიშვილი,პავლე კიკალიშვილი,,,majoritarians_all.pdf
local_2017,__main__,council_smd,gd,„ქართული ოცნება-დემოკრატიული საქართველო”,,4,ხარაგაული,,41,გივი,ხიჯაკაძე,გივი ხიჯაკაძე,,,majoritarians_all.pdf
local_2017,__main__,council_smd,gd,„ქართული ოცნება-დემოკრატიული საქართველო”,,5,ხარაგაული,,41,ირაკლი,ფერაძე,ირაკლი ფერაძე,,,majoritarians_all.pdf
local_2017,__main__,council_smd,gd,„ქართული ოცნება-დემოკრატიული საქართველო”,,20,ხარაგაული,,41,ლენა,აბაშიძე,ლენა აბაშიძე,,,majoritarians_all.pdf
local_2017,__main__,council_smd,gd,„ქართული ოცნება-დემოკრატიული საქართველო”,,14,ხარაგაული,,41,ავთანდილ,თაბუკაშვილი,ავთანდილ თაბუკაშვილი,,,majoritarians_all.pdf
local_2017,__main__,council_smd,gd,„ქართული ოცნება-დემოკრატიული საქართველო”,,1,ხარაგაული,,41,პაატა,გოგოლაძე,პაატა გოგოლაძე,,,majoritarians_all.pdf
local_2017,__main__,council_smd,gd,„ქართული ოცნება-დემოკრატიული საქართველო”,,12,ხარაგაული,,41,რუსუდან,გიორგაძე,რუსუდან გიორგაძე,,,majoritarians_all.pdf
local_2017,__main__,council_smd,gd,„ქართული ოცნება-დემოკრატიული საქართველო”,,19,ხარაგაული,,41,ნონა,ზურაბიანი,ნონა ზურაბიანი,,,majoritarians_all.pdf
local_2017,__main__,council_smd,gd,„ქართული ოცნება-დემოკრატიული საქართველო”,,15,ხარაგაული,,41,იულონ,კოპაძე,იულონ კოპაძე,,,majoritarians_all.pdf
local_2017,__main__,council_smd,gd,„ქართული ოცნება-დემოკრატიული საქართველო”,,16,ხარაგაული,,41,ბესიკ,ტალახაძე,ბესიკ ტალახაძე,,,majoritarians_all.pdf
local_2017,__main__,council_smd,gd,„ქართული ოცნება-დემოკრატიული საქართველო”,,18,ხარაგაული,,41,ზურაბი,ხაჩიძე,ზურაბი ხაჩიძე,,,majoritarians_all.pdf
local_2017,__main__,council_smd,gd,„ქართული ოცნება-დემოკრატიული საქართველო”,,11,ხარაგაული,,41,დოდო,ხაჩიძე,დოდო ხაჩიძე,,,majoritarians_all.pdf
local_2017,__main__,council_smd,gd,„ქართული ოცნება-დემოკრატიული საქართველო”,,9,ხარაგაული,,41,ნიკოლოზ,მაღრაძე,ნიკოლოზ მაღრაძე,,,majoritarians_all.pdf
local_2017,__main__,council_smd,gd,„ქართული ოცნება-დემოკრატიული საქართველო”,,10,ხარაგაული,,41,ვახტანგი,ტალახაძე,ვახტანგი ტალახაძე,,,majoritarians_all.pdf
local_2017,__main__,council_smd,initiative_group,"საინიციატივო ჯგუფი - მურთაზ ლაცაბიძე, ალექსანდრე მაღრაძე, გივი შარიქაძე, გიორგი მაღრაძე, ნაირა შარიქაძე",,9,ხარაგაული,,42,ამირან,მაღრაძე,ამირან მაღრაძე,,,majoritarians_all.pdf
local_2017,__main__,council_smd,initiative_group,"საინიციატივო ჯგუფი - შოთა ნაცვლიშვილი, ლალი ღონღაძე, ალექსანდრე მეტრეველი, ლალი ღამბაშიძე, როზა ხომასურიძე",,13,ხარაგაული,,42,ბესიკ,ხომასურიძე,ბესიკ ხომასურიძე,,,majoritarians_all.pdf
local_2017,__main__,council_smd,european_georgia,"საარჩევნო ბლოკი „ბაქრაძე, უგულავა-ევროპული საქართველო”",,19,თერჯოლა,,2,შოთა,შანიძე,შოთა შანიძე,,,majoritarians_all.pdf
local_2017,__main__,council_smd,european_georgia,"საარჩევნო ბლოკი „ბაქრაძე, უგულავა-ევროპული საქართველო”",,17,თერჯოლა,,2,კობა,არაბიძე,კობა არაბიძე,,,majoritarians_all.pdf
local_2017,__main__,council_smd,european_georgia,"საარჩევნო ბლოკი „ბაქრაძე, უგულავა-ევროპული საქართველო”",,18,თერჯოლა,,2,რეზო,გრძელიშვილი,რეზო გრძელიშვილი,,,majoritarians_all.pdf
local_2017,__main__,council_smd,european_georgia,"საარჩევნო ბლოკი „ბაქრაძე, უგულავა-ევროპული საქართველო”",,16,თერჯოლა,,2,მირიან,რობაქიძე,მირიან რობაქიძე,,,majoritarians_all.pdf
local_2017,__main__,council_smd,european_georgia,"საარჩევნო ბლოკი „ბაქრაძე, უგულავა-ევროპული საქართველო”",,13,თერჯოლა,,2,ზვიადი,გვადიბაძე,ზვიადი გვადიბაძე,,,majoritarians_all.pdf
local_2017,__main__,council_smd,european_georgia,"საარჩევნო ბლოკი „ბაქრაძე, უგულავა-ევროპული საქართველო”",,7,თერჯოლა,,2,სპარტაკ,აბულაძე,სპარტაკ აბულაძე,,,majoritarians_all.pdf
local_2017,__main__,council_smd,european_georgia,"საარჩევნო ბლოკი „ბაქრაძე, უგულავა-ევროპული საქართველო”",,6,თერჯოლა,,2,ირა,გაბრიჭიძე,ირა გაბრიჭიძე,,,majoritarians_all.pdf
local_2017,__main__,council_smd,european_georgia,"საარჩევნო ბლოკი „ბაქრაძე, უგულავა-ევროპული საქართველო”",,5,თერჯოლა,,2,მერი,ბერძული,მერი ბერძული,,,majoritarians_all.pdf
local_2017,__main__,council_smd,european_georgia,"საარჩევნო ბლოკი „ბაქრაძე, უგულავა-ევროპული საქართველო”",,9,თერჯოლა,,2,ნოდარი,მამრიკიშვილი,ნოდარი მამრიკიშვილი,,,majoritarians_all.pdf
local_2017,__main__,council_smd,european_georgia,"საარჩევნო ბლოკი „ბაქრაძე, უგულავა-ევროპული საქართველო”",,8,თერჯოლა,,2,ზურაბი,რიჟამაძე,ზურაბი რიჟამაძე,,,majoritarians_all.pdf
local_2017,__main__,council_smd,european_georgia,"საარჩევნო ბლოკი „ბაქრაძე, უგულავა-ევროპული საქართველო”",,14,თერჯოლა,,2,ლევანი,კვატაია,ლევანი კვატაია,,,majoritarians_all.pdf
local_2017,__main__,council_smd,european_georgia,"საარჩევნო ბლოკი „ბაქრაძე, უგულავა-ევროპული საქართველო”",,15,თერჯოლა,,2,ტარიელ,ხოხიაშვილი,ტარიელ ხოხიაშვილი,,,majoritarians_all.pdf
local_2017,__main__,council_smd,european_georgia,"საარჩევნო ბლოკი „ბაქრაძე, უგულავა-ევროპული საქართველო”",,11,თერჯოლა,,2,ავთანდილ,კირკიტაძე,ავთანდილ კირკიტაძე,,,majoritarians_all.pdf
local_2017,__main__,council_smd,european_georgia,"საარჩევნო ბლოკი „ბაქრაძე, უგულავა-ევროპული საქართველო”",,10,თერჯოლა,,2,დავითი,ლანჩავა,დავითი ლანჩავა,,,majoritarians_all.pdf
local_2017,__main__,council_smd,european_georgia,"საარჩევნო ბლოკი „ბაქრაძე, უგულავა-ევროპული საქართველო”",,2,თერჯოლა,,2,ტარიელი,სახელაშვილი,ტარიელი სახელაშვილი,,,majoritarians_all.pdf
local_2017,__main__,council_smd,european_georgia,"საარჩევნო ბლოკი „ბაქრაძე, უგულავა-ევროპული საქართველო”",,3,თერჯოლა,,2,ზვიადი,გიორგაძე,ზვიადი გიორგაძე,,,majoritarians_all.pdf
local_2017,__main__,council_smd,european_georgia,"საარჩევნო ბლოკი „ბაქრაძე, უგულავა-ევროპული საქართველო”",,4,თერჯოლა,,2,ფრიდონ,გვენეტაძე,ფრიდონ გვენეტაძე,,,majoritarians_all.pdf
local_2017,__main__,council_smd,european_georgia,"საარჩევნო ბლოკი „ბაქრაძე, უგულავა-ევროპული საქართველო”",,1,თერჯოლა,,2,სოფიკო,სიუკაევა,სოფიკო სიუკაევა,,,majoritarians_all.pdf
local_2017,__main__,council_smd,european_georgia,"საარჩევნო ბლოკი „ბაქრაძე, უგულავა-ევროპული საქართველო”",,1,თერჯოლა,,2,ემზარი,დოლაკიძე,ემზარი დოლაკიძე,,,majoritarians_all.pdf
local_2017,__main__,council_smd,free_georgia,"საარჩევნო ბლოკი „დიმიტრი ლორთქიფანიძე, კახა კუკავა-დემოკრატიული მოძრაობა-თავისუფალი საქართველო”",,15,თერჯოლა,,3,ნიკა,ლიკლიკაძე,ნიკა ლიკლიკაძე,,,majoritarians_all.pdf
local_2017,__main__,council_smd,free_georgia,"საარჩევნო ბლოკი „დიმიტრი ლორთქიფანიძე, კახა კუკავა-დემოკრატიული მოძრაობა-თავისუფალი საქართველო”",,12,თერჯოლა,,3,ლილე,კუპატაძე,ლილე კუპატაძე,,,majoritarians_all.pdf
local_2017,__main__,council_smd,free_georgia,"საარჩევნო ბლოკი „დიმიტრი ლორთქიფანიძე, კახა კუკავა-დემოკრატიული მოძრაობა-თავისუფალი საქართველო”",,17,თერჯოლა,,3,იაზონი,აბულაძე,იაზონი აბულაძე,,,majoritarians_all.pdf
local_2017,__main__,council_smd,free_georgia,"საარჩევნო ბლოკი „დიმიტრი ლორთქიფანიძე, კახა კუკავა-დემოკრატიული მოძრაობა-თავისუფალი საქართველო”",,16,თერჯოლა,,3,არკადი,გოგბერაშვილი,არკადი გოგბერაშვილი,,,majoritarians_all.pdf
local_2017,__main__,council_smd,free_georgia,"საარჩევნო ბლოკი „დიმიტრი ლორთქიფანიძე, კახა კუკავა-დემოკრატიული მოძრაობა-თავისუფალი საქართველო”",,14,თერჯოლა,,3,ნესტანი,მარუაშვილი,ნესტანი მარუაშვილი,,,majoritarians_all.pdf
local_2017,__main__,council_smd,free_georgia,"საარჩევნო ბლოკი „დიმიტრი ლორთქიფანიძე, კახა კუკავა-დემოკრატიული მოძრაობა-თავისუფალი საქართველო”",,1,თერჯოლა,,3,ოთარი,კაპანაძე,ოთარი კაპანაძე,,,majoritarians_all.pdf
local_2017,__main__,council_smd,free_georgia,"საარჩევნო ბლოკი „დიმიტრი ლორთქიფანიძე, კახა კუკავა-დემოკრატიული მოძრაობა-თავისუფალი საქართველო”",,4,თერჯოლა,,3,ვალერი,კლდიაშვილი,ვალერი კლდიაშვილი,,,majoritarians_all.pdf
local_2017,__main__,council_smd,free_georgia,"საარჩევნო ბლოკი „დიმიტრი ლორთქიფანიძე, კახა კუკავა-დემოკრატიული მოძრაობა-თავისუფალი საქართველო”",,18,თერჯოლა,,3,სოფიო,ჩაჩუა,სოფიო ჩაჩუა,,,majoritarians_all.pdf
local_2017,__main__,council_smd,free_georgia,"საარჩევნო ბლოკი „დიმიტრი ლორთქიფანიძე, კახა კუკავა-დემოკრატიული მოძრაობა-თავისუფალი საქართველო”",,3,თერჯოლა,,3,ტარიელ,გაბრიჭიძე,ტარიელ გაბრიჭიძე,,,majoritarians_all.pdf
local_2017,__main__,council_smd,free_georgia,"საარჩევნო ბლოკი „დიმიტრი ლორთქიფანიძე, კახა კუკავა-დემოკრატიული მოძრაობა-თავისუფალი საქართველო”",,1,თერჯოლა,,3,მიხეილ,რობაქიძე,მიხეილ რობაქიძე,,,majoritarians_all.pdf
local_2017,__main__,council_smd,free_georgia,"საარჩევნო ბლოკი „დიმიტრი ლორთქიფანიძე, კახა კუკავა-დემოკრატიული მოძრაობა-თავისუფალი საქართველო”",,6,თერჯოლა,,3,დავით,ამბროლაძე,დავით ამბროლაძე,,,majoritarians_all.pdf
local_2017,__main__,council_smd,free_georgia,"საარჩევნო ბლოკი „დიმიტრი ლორთქიფანიძე, კახა კუკავა-დემოკრატიული მოძრაობა-თავისუფალი საქართველო”",,7,თერჯოლა,,3,ავთანდილ,დევიძე,ავთანდილ დევიძე,,,majoritarians_all.pdf
local_2017,__main__,council_smd,free_georgia,"საარჩევნო ბლოკი „დიმიტრი ლორთქიფანიძე, კახა კუკავა-დემოკრატიული მოძრაობა-თავისუფალი საქართველო”",,8,თერჯოლა,,3,კახაბერი,შეყრილაძე,კახაბერი შეყრილაძე,,,majoritarians_all.pdf
local_2017,__main__,council_smd,unm,საარჩევნო ბლოკი „ერთიანი ნაციონალური მოძრაობა”,,17,თერჯოლა,,5,დავითი,ფანჩულიძე,დავითი ფანჩულიძე,,,majoritarians_all.pdf
local_2017,__main__,council_smd,unm,საარჩევნო ბლოკი „ერთიანი ნაციონალური მოძრაობა”,,6,თერჯოლა,,5,ნატალია,ქუთათელაძე,ნატალია ქუთათელაძე,,,majoritarians_all.pdf
local_2017,__main__,council_smd,unm,საარჩევნო ბლოკი „ერთიანი ნაციონალური მოძრაობა”,,15,თერჯოლა,,5,ანნა,ამბროლაძე,ანნა ამბროლაძე,,,majoritarians_all.pdf
local_2017,__main__,council_smd,unm,საარჩევნო ბლოკი „ერთიანი ნაციონალური მოძრაობა”,,13,თერჯოლა,,5,გაგა,სულამანიძე,გაგა სულამანიძე,,,majoritarians_all.pdf
local_2017,__main__,council_smd,unm,საარჩევნო ბლოკი „ერთიანი ნაციონალური მოძრაობა”,,19,თერჯოლა,,5,გიორგი,კვიმსაძე,გიორგი კვიმსაძე,,,majoritarians_all.pdf
local_2017,__main__,council_smd,unm,საარჩევნო ბლოკი „ერთიანი ნაციონალური მოძრაობა”,,1,თერჯოლა,,5,დავით,ობოლაძე,დავით ობოლაძე,,,majoritarians_all.pdf
local_2017,__main__,council_smd,unm,საარჩევნო ბლოკი „ერთიანი ნაციონალური მოძრაობა”,,11,თერჯოლა,,5,გია,კაპანაძე,გია კაპანაძე,,,majoritarians_all.pdf
local_2017,__main__,council_smd,unm,საარჩევნო ბლოკი „ერთიანი ნაციონალური მოძრაობა”,,14,თერჯოლა,,5,არჩილ,გაბიანი,არჩილ გაბიანი,,,majoritarians_all.pdf
local_2017,__main__,council_smd,unm,საარჩევნო ბლოკი „ერთიანი ნაციონალური მოძრაობა”,,9,თერჯოლა,,5,ჯემალი,მამრიკიშვილი,ჯემალი მამრიკიშვილი,,,majoritarians_all.pdf
local_2017,__main__,council_smd,unm,საარჩევნო ბლოკი „ერთიანი ნაციონალური მოძრაობა”,,1,თერჯოლა,,5,მირიან,გეწაძე,მირიან გეწაძე,,,majoritarians_all.pdf
local_2017,__main__,council_smd,unm,საარჩევნო ბლოკი „ერთიანი ნაციონალური მოძრაობა”,,12,თერჯოლა,,5,არჩილ,გიორგაძე,არჩილ გიორგაძე,,,majoritarians_all.pdf
local_2017,__main__,council_smd,unm,საარჩევნო ბლოკი „ერთიანი ნაციონალური მოძრაობა”,,8,თერჯოლა,,5,ბესიკ,ჩაფიჩაძე,ბესიკ ჩაფიჩაძე,,,majoritarians_all.pdf
local_2017,__main__,council_smd,unm,საარჩევნო ბლოკი „ერთიანი ნაციონალური მოძრაობა”,,4,თერჯოლა,,5,ნოდარი,ცირეკიძე,ნოდარი ცირეკიძე,,,majoritarians_all.pdf
local_2017,__main__,council_smd,unm,საარჩევნო ბლოკი „ერთიანი ნაციონალური მოძრაობა”,,7,თერჯოლა,,5,შალვა,ზარნაძე,შალვა ზარნაძე,,,majoritarians_all.pdf
local_2017,__main__,council_smd,unm,საარჩევნო ბლოკი „ერთიანი ნაციონალური მოძრაობა”,,10,თერჯოლა,,5,მამუკა,მაკარიძე,მამუკა მაკარიძე,,,majoritarians_all.pdf
local_2017,__main__,council_smd,unm,საარჩევნო ბლოკი „ერთიანი ნაციონალური მოძრაობა”,,2,თერჯოლა,,5,თამარი,პატარიძე,თამარი პატარიძე,,,majoritarians_all.pdf
local_2017,__main__,council_smd,unm,საარჩევნო ბლოკი „ერთიანი ნაციონალური მოძრაობა”,,16,თერჯოლა,,5,იზოლდა,ვარდოსანიძე,იზოლდა ვარდოსანიძე,,,majoritarians_all.pdf
local_2017,__main__,council_smd,unm,საარჩევნო ბლოკი „ერთიანი ნაციონალური მოძრაობა”,,3,თერჯოლა,,5,ნარგიზი,გუგუმბერიძე,ნარგიზი გუგუმბერიძე,,,majoritarians_all.pdf
local_2017,__main__,council_smd,patriots,"„დავით თარხან-მოურავი, ირმა ინაშვილი - საქართველოს პატრიოტთა",,1,თერჯოლა,,8,ალიანსი”გელა,ზარნაძე,ალიანსი”გელა ზარნაძე,,,majoritarians_all.pdf
local_2017,__main__,council_smd,patriots,"„დავით თარხან-მოურავი, ირმა ინაშვილი - საქართველოს პატრიოტთა",,7,თერჯოლა,,8,ალიანსი”მამული,კოვზირიძე,ალიანსი”მამული კოვზირიძე,,,majoritarians_all.pdf
local_2017,__main__,council_smd,patriots,"„დავით თარხან-მოურავი, ირმა ინაშვილი - საქართველოს პატრიოტთა",,19,თერჯოლა,,8,ალიანსი”იმედა,ბასილაძე,ალიანსი”იმედა ბასილაძე,,,majoritarians_all.pdf
local_2017,__main__,council_smd,patriots,"„დავით თარხან-მოურავი, ირმა ინაშვილი - საქართველოს პატრიოტთა",,2,თერჯოლა,,8,ალიანსი”გოჩა,თორთლაძე,ალიანსი”გოჩა თორთლაძე,,,majoritarians_all.pdf
local_2017,__main__,council_smd,patriots,"„დავით თარხან-მოურავი, ირმა ინაშვილი - საქართველოს პატრიოტთა",,4,თერჯოლა,,8,ალიანსი”თამაზი,რობაქიძე,ალიანსი”თამაზი რობაქიძე,,,majoritarians_all.pdf
local_2017,__main__,council_smd,patriots,"„დავით თარხან-მოურავი, ირმა ინაშვილი - საქართველოს პატრიოტთა",,3,თერჯოლა,,8,ალიანსი”თემური,გურული,ალიანსი”თემური გურული,,,majoritarians_all.pdf
local_2017,__main__,council_smd,kostava_society,„მერაბ კოსტავას საზოგადოება”,,8,თერჯოლა,,22,პაატა,საყვარელიძე,პაატა საყვარელიძე,,,majoritarians_all.pdf
local_2017,__main__,council_smd,gd,„ქართული ოცნება-დემოკრატიული საქართველო”,,19,თერჯოლა,,41,გიორგი,ბერეკაშვილი,გიორგი ბერეკაშვილი,,,majoritarians_all.pdf
local_2017,__main__,council_smd,gd,„ქართული ოცნება-დემოკრატიული საქართველო”,,18,თერჯოლა,,41,მანუჩარი,ფანჩულიძე,მანუჩარი ფანჩულიძე,,,majoritarians_all.pdf
local_2017,__main__,council_smd,gd,„ქართული ოცნება-დემოკრატიული საქართველო”,,4,თერჯოლა,,41,გოჩა,ვერულაშვილი,გოჩა ვერულაშვილი,,,majoritarians_all.pdf
local_2017,__main__,council_smd,gd,„ქართული ოცნება-დემოკრატიული საქართველო”,,3,თერჯოლა,,41,გიორგი,რობაქიძე,გიორგი რობაქიძე,,,majoritarians_all.pdf
local_2017,__main__,council_smd,gd,„ქართული ოცნება-დემოკრატიული საქართველო”,,1,თერჯოლა,,41,თემური,ქოჩიაშვილი,თემური ქოჩიაშვილი,,,majoritarians_all.pdf
local_2017,__main__,council_smd,gd,„ქართული ოცნება-დემოკრატიული საქართველო”,,2,თერჯოლა,,41,ბადრი,ბუცხრიკიძე,ბადრი ბუცხრიკიძე,,,majoritarians_all.pdf
local_2017,__main__,council_smd,gd,„ქართული ოცნება-დემოკრატიული საქართველო”,,1,თერჯოლა,,41,გიორგი,ლილუაშვილი,გიორგი ლილუაშვილი,,,majoritarians_all.pdf
local_2017,__main__,council_smd,gd,„ქართული ოცნება-დემოკრატიული საქართველო”,,12,თერჯოლა,,41,ავთანდილ,ჩუბინიძე,ავთანდილ ჩუბინიძე,,,majoritarians_all.pdf
local_2017,__main__,council_smd,gd,„ქართული ოცნება-დემოკრატიული საქართველო”,,10,თერჯოლა,,41,ლაშა,ლანჩავა,ლაშა ლანჩავა,,,majoritarians_all.pdf
local_2017,__main__,council_smd,gd,„ქართული ოცნება-დემოკრატიული საქართველო”,,11,თერჯოლა,,41,შალვა,ჭანკვეტაძე,შალვა ჭანკვეტაძე,,,majoritarians_all.pdf
local_2017,__main__,council_smd,gd,„ქართული ოცნება-დემოკრატიული საქართველო”,,9,თერჯოლა,,41,მირზა,აფრიდონიძე,მირზა აფრიდონიძე,,,majoritarians_all.pdf
local_2017,__main__,council_smd,gd,„ქართული ოცნება-დემოკრატიული საქართველო”,,13,თერჯოლა,,41,გიორგი,ქასრაშვილი,გიორგი ქასრაშვილი,,,majoritarians_all.pdf
local_2017,__main__,council_smd,gd,„ქართული ოცნება-დემოკრატიული საქართველო”,,17,თერჯოლა,,41,ნოდარი,ფანჩულიძე,ნოდარი ფანჩულიძე,,,majoritarians_all.pdf
local_2017,__main__,council_smd,gd,„ქართული ოცნება-დემოკრატიული საქართველო”,,8,თერჯოლა,,41,კახაბერი,მეგრელიშვილი,კახაბერი მეგრელიშვილი,,,majoritarians_all.pdf
local_2017,__main__,council_smd,gd,„ქართული ოცნება-დემოკრატიული საქართველო”,,6,თერჯოლა,,41,გრიგოლ,გიორგაძე,გრიგოლ გიორგაძე,,,majoritarians_all.pdf
local_2017,__main__,council_smd,gd,„ქართული ოცნება-დემოკრატიული საქართველო”,,5,თერჯოლა,,41,დავითი,ისაკაძე,დავითი ისაკაძე,,,majoritarians_all.pdf
local_2017,__main__,council_smd,gd,„ქართული ოცნება-დემოკრატიული საქართველო”,,7,თერჯოლა,,41,მალხაზი,უკლება,მალხაზი უკლება,,,majoritarians_all.pdf
local_2017,__main__,council_smd,gd,„ქართული ოცნება-დემოკრატიული საქართველო”,,16,თერჯოლა,,41,სოფიო,ბუსკივაძე,სოფიო ბუსკივაძე,,,majoritarians_all.pdf
local_2017,__main__,council_smd,gd,„ქართული ოცნება-დემოკრატიული საქართველო”,,15,თერჯოლა,,41,ენვერი,ხოხიაშვილი,ენვერი ხოხიაშვილი,,,majoritarians_all.pdf
local_2017,__main__,council_smd,gd,„ქართული ოცნება-დემოკრატიული საქართველო”,,14,თერჯოლა,,41,კონსტანტინე,ამაშუკელი,კონსტანტინე ამაშუკელი,,,majoritarians_all.pdf
local_2017,__main__,council_smd,initiative_group,"საინიციატივო ჯგუფი - ზაზა ბრეგვაძე, რომან ქოჩიაშვილი, კობა ხუციშვილი, გიორგი ქოჩიაშვილი, ამირან მგელაძე",,1,თერჯოლა,,242,მევლუდი,ბრეგვაძე,მევლუდი ბრეგვაძე,,,majoritarians_all.pdf
local_2017,__main__,council_smd,initiative_group,"საინიციატივო ჯგუფი - შოთა აბჟანდაძე, ლალი აბჟანდაძე, ნათელა ფანჩულიძე, ვახტანგი ფანჩულიძე, შორენა ფანჩულიძე",,17,თერჯოლა,,42,თეიმურაზი,ფანჩულიძე,თეიმურაზი ფანჩულიძე,,,majoritarians_all.pdf
local_2017,__main__,council_smd,initiative_group,"საინიციატივო ჯგუფი - გივი ჩუბინიძე,ვალერიანი გიორგაძე, გოჩა გიორგაძე, გელა გამეზარდაშვილი, ცეზარი ჭანტურიძე",,12,თერჯოლა,,42,გიორგი,გიორგაძე,გიორგი გიორგაძე,,,majoritarians_all.pdf
local_2017,__main__,council_smd,initiative_group,"საინიციატივო ჯგუფი - გურჯანი გიგაშვილი, გურამი ბრეგვაძე, გიორგი კვანტიძე, ბექა გიორგაძე, ვანო ჭუმბურიძე",,12,თერჯოლა,,43,ივანე,ჩუბინიძე,ივანე ჩუბინიძე,,,majoritarians_all.pdf
local_2017,__main__,council_smd,initiative_group,"საინიციატივო ჯგუფი - თამაზ სოფრომაძე, ირინა სტაროდუბი, რამაზი ბარბაქაძე,თამარი რობაქიძე ,მაგდა ბუიძე",,17,თერჯოლა,,43,ბუდუ,ბუიძე,ბუდუ ბუიძე,,,majoritarians_all.pdf
local_2017,__main__,council_smd,european_georgia,"საარჩევნო ბლოკი „ბაქრაძე, უგულავა-ევროპული საქართველო”",,3,საჩხერე,,2,მაია,ჯაჯანიძე,მაია ჯაჯანიძე,,,majoritarians_all.pdf
local_2017,__main__,council_smd,european_georgia,"საარჩევნო ბლოკი „ბაქრაძე, უგულავა-ევროპული საქართველო”",,7,საჩხერე,,2,ავთანდილ,აბრამიშვილი,ავთანდილ აბრამიშვილი,,,majoritarians_all.pdf
local_2017,__main__,council_smd,european_georgia,"საარჩევნო ბლოკი „ბაქრაძე, უგულავა-ევროპული საქართველო”",,4,საჩხერე,,2,რაიბულ,სისვაძე,რაიბულ სისვაძე,,,majoritarians_all.pdf
local_2017,__main__,council_smd,european_georgia,"საარჩევნო ბლოკი „ბაქრაძე, უგულავა-ევროპული საქართველო”",,2,საჩხერე,,2,ნოდარი,გვეხიძე,ნოდარი გვეხიძე,,,majoritarians_all.pdf
local_2017,__main__,council_smd,european_georgia,"საარჩევნო ბლოკი „ბაქრაძე, უგულავა-ევროპული საქართველო”",,6,საჩხერე,,2,ბუხუტი,დვალი,ბუხუტი დვალი,,,majoritarians_all.pdf
local_2017,__main__,council_smd,european_georgia,"საარჩევნო ბლოკი „ბაქრაძე, უგულავა-ევროპული საქართველო”",,9,საჩხერე,,2,ნიკოლოზ,კირვალიძე,ნიკოლოზ კირვალიძე,,,majoritarians_all.pdf
local_2017,__main__,council_smd,european_georgia,"საარჩევნო ბლოკი „ბაქრაძე, უგულავა-ევროპული საქართველო”",,10,საჩხერე,,2,ასმათი,ჯაჯანიძე,ასმათი ჯაჯანიძე,,,majoritarians_all.pdf
local_2017,__main__,council_smd,european_georgia,"საარჩევნო ბლოკი „ბაქრაძე, უგულავა-ევროპული საქართველო”",,12,საჩხერე,,2,ქეთევან,ყაველაშვილი,ქეთევან ყაველაშვილი,,,majoritarians_all.pdf
local_2017,__main__,council_smd,european_georgia,"საარჩევნო ბლოკი „ბაქრაძე, უგულავა-ევროპული საქართველო”",,13,საჩხერე,,2,ჯემალი,ლაბაძე,ჯემალი ლაბაძე,,,majoritarians_all.pdf
local_2017,__main__,council_smd,european_georgia,"საარჩევნო ბლოკი „ბაქრაძე, უგულავა-ევროპული საქართველო”",,11,საჩხერე,,2,კოსტანტინე,აბაშიძე,კოსტანტინე აბაშიძე,,,majoritarians_all.pdf
local_2017,__main__,council_smd,european_georgia,"საარჩევნო ბლოკი „ბაქრაძე, უგულავა-ევროპული საქართველო”",,8,საჩხერე,,2,მურთაზი,გაბაძე,მურთაზი გაბაძე,,,majoritarians_all.pdf
local_2017,__main__,council_smd,european_georgia,"საარჩევნო ბლოკი „ბაქრაძე, უგულავა-ევროპული საქართველო”",,1,საჩხერე,,2,ოთარი,გულიაშვილი,ოთარი გულიაშვილი,,,majoritarians_all.pdf
local_2017,__main__,council_smd,european_georgia,"საარჩევნო ბლოკი „ბაქრაძე, უგულავა-ევროპული საქართველო”",,1,საჩხერე,,2,ბესა,ჯაჯანიძე,ბესა ჯაჯანიძე,,,majoritarians_all.pdf
local_2017,__main__,council_smd,european_georgia,"საარჩევნო ბლოკი „ბაქრაძე, უგულავა-ევროპული საქართველო”",,5,საჩხერე,,2,მიხეილ,გულიტაშვილი,მიხეილ გულიტაშვილი,,,majoritarians_all.pdf
local_2017,__main__,council_smd,unm,საარჩევნო ბლოკი „ერთიანი ნაციონალური მოძრაობა”,,13,საჩხერე,,5,შალვა,ვაშაძე,შალვა ვაშაძე,,,majoritarians_all.pdf
local_2017,__main__,council_smd,unm,საარჩევნო ბლოკი „ერთიანი ნაციონალური მოძრაობა”,,11,საჩხერე,,5,ხათუნა,ბრეგვაძე,ხათუნა ბრეგვაძე,,,majoritarians_all.pdf
local_2017,__main__,council_smd,unm,საარჩევნო ბლოკი „ერთიანი ნაციონალური მოძრაობა”,,10,საჩხერე,,5,დავითი,გოგავა,დავითი გოგავა,,,majoritarians_all.pdf
local_2017,__main__,council_smd,unm,საარჩევნო ბლოკი „ერთიანი ნაციონალური მოძრაობა”,,9,საჩხერე,,5,ზურაბ,კალმახელიძე,ზურაბ კალმახელიძე,,,majoritarians_all.pdf
local_2017,__main__,council_smd,unm,საარჩევნო ბლოკი „ერთიანი ნაციონალური მოძრაობა”,,8,საჩხერე,,5,გია,ქამუშაძე,გია ქამუშაძე,,,majoritarians_all.pdf
local_2017,__main__,council_smd,unm,საარჩევნო ბლოკი „ერთიანი ნაციონალური მოძრაობა”,,6,საჩხერე,,5,მერი,კაშმაძე,მერი კაშმაძე,,,majoritarians_all.pdf
local_2017,__main__,council_smd,unm,საარჩევნო ბლოკი „ერთიანი ნაციონალური მოძრაობა”,,7,საჩხერე,,5,ვალია,ცუხიშვილი,ვალია ცუხიშვილი,,,majoritarians_all.pdf
local_2017,__main__,council_smd,unm,საარჩევნო ბლოკი „ერთიანი ნაციონალური მოძრაობა”,,5,საჩხერე,,5,გიზო,კაპანაძე,გიზო კაპანაძე,,,majoritarians_all.pdf
local_2017,__main__,council_smd,unm,საარჩევნო ბლოკი „ერთიანი ნაციონალური მოძრაობა”,,4,საჩხერე,,5,ნოე,მაჭარაშვილი,ნოე მაჭარაშვილი,,,majoritarians_all.pdf
local_2017,__main__,council_smd,unm,საარჩევნო ბლოკი „ერთიანი ნაციონალური მოძრაობა”,,2,საჩხერე,,5,მერაბ,შაორშაძე,მერაბ შაორშაძე,,,majoritarians_all.pdf
local_2017,__main__,council_smd,unm,საარჩევნო ბლოკი „ერთიანი ნაციონალური მოძრაობა”,,3,საჩხერე,,5,ირმა,არსენაძე,ირმა არსენაძე,,,majoritarians_all.pdf
local_2017,__main__,council_smd,unm,საარჩევნო ბლოკი „ერთიანი ნაციონალური მოძრაობა”,,1,საჩხერე,,5,გიორგი,აბჟანდაძე,გიორგი აბჟანდაძე,,,majoritarians_all.pdf
local_2017,__main__,council_smd,unm,საარჩევნო ბლოკი „ერთიანი ნაციონალური მოძრაობა”,,1,საჩხერე,,5,თედორე,კალმახელიძე,თედორე კალმახელიძე,,,majoritarians_all.pdf
local_2017,__main__,council_smd,patriots,"„დავით თარხან-მოურავი, ირმა ინაშვილი - საქართველოს პატრიოტთა",,11,საჩხერე,,8,ალიანსი”კახაბერი,ჭიტაძე,ალიანსი”კახაბერი ჭიტაძე,,,majoritarians_all.pdf
local_2017,__main__,council_smd,patriots,"„დავით თარხან-მოურავი, ირმა ინაშვილი - საქართველოს პატრიოტთა",,7,საჩხერე,,8,ალიანსი”მიხეილ,აბრამიშვილი,ალიანსი”მიხეილ აბრამიშვილი,,,majoritarians_all.pdf
local_2017,__main__,council_smd,patriots,"„დავით თარხან-მოურავი, ირმა ინაშვილი - საქართველოს პატრიოტთა",,9,საჩხერე,,8,ალიანსი”ალექსანდრე,ზაბახიძე,ალიანსი”ალექსანდრე ზაბახიძე,,,majoritarians_all.pdf
local_2017,__main__,council_smd,patriots,"„დავით თარხან-მოურავი, ირმა ინაშვილი - საქართველოს პატრიოტთა",,4,საჩხერე,,8,ალიანსი”იუზა,მაჭარაშვილი,ალიანსი”იუზა მაჭარაშვილი,,,majoritarians_all.pdf
local_2017,__main__,council_smd,patriots,"„დავით თარხან-მოურავი, ირმა ინაშვილი - საქართველოს პატრიოტთა",,3,საჩხერე,,8,ალიანსი”ელისო,აბაშიძე,ალიანსი”ელისო აბაშიძე,,,majoritarians_all.pdf
local_2017,__main__,council_smd,patriots,"„დავით თარხან-მოურავი, ირმა ინაშვილი - საქართველოს პატრიოტთა",,8,საჩხერე,,8,ალიანსი”კობა,ფარქოსაძე,ალიანსი”კობა ფარქოსაძე,,,majoritarians_all.pdf
local_2017,__main__,council_smd,patriots,"„დავით თარხან-მოურავი, ირმა ინაშვილი - საქართველოს პატრიოტთა",,10,საჩხერე,,8,ალიანსი”აბელ,გოგავა,ალიანსი”აბელ გოგავა,,,majoritarians_all.pdf
local_2017,__main__,council_smd,patriots,"„დავით თარხან-მოურავი, ირმა ინაშვილი - საქართველოს პატრიოტთა",,6,საჩხერე,,8,ალიანსი”ლაშა,სოფრომაძე,ალიანსი”ლაშა სოფრომაძე,,,majoritarians_all.pdf
local_2017,__main__,council_smd,freedom_gamsakhurdia,„ თავისუფლება-ზვიად გამსახურდიას გზა”,,1,საჩხერე,,31,მიხეილ,აბრამიშვილი,მიხეილ აბრამიშვილი,,,majoritarians_all.pdf
local_2017,__main__,council_smd,freedom_gamsakhurdia,„ თავისუფლება-ზვიად გამსახურდიას გზა”,,9,საჩხერე,,31,ია,გოშაძე,ია გოშაძე,,,majoritarians_all.pdf
local_2017,__main__,council_smd,freedom_gamsakhurdia,„ თავისუფლება-ზვიად გამსახურდიას გზა”,,13,საჩხერე,,31,სოსო,ნოზაძე,სოსო ნოზაძე,,,majoritarians_all.pdf
local_2017,__main__,council_smd,gd,„ქართული ოცნება-დემოკრატიული საქართველო”,,1,საჩხერე,,41,ნოდარი,ბუღაძე,ნოდარი ბუღაძე,,,majoritarians_all.pdf
local_2017,__main__,council_smd,gd,„ქართული ოცნება-დემოკრატიული საქართველო”,,1,საჩხერე,,41,ოქროპირი,სადუნიშვილი,ოქროპირი სადუნიშვილი,,,majoritarians_all.pdf
local_2017,__main__,council_smd,gd,„ქართული ოცნება-დემოკრატიული საქართველო”,,2,საჩხერე,,41,ირაკლი,ჩხიკვაძე,ირაკლი ჩხიკვაძე,,,majoritarians_all.pdf
local_2017,__main__,council_smd,gd,„ქართული ოცნება-დემოკრატიული საქართველო”,,3,საჩხერე,,41,ირინე,ენუქიძე,ირინე ენუქიძე,,,majoritarians_all.pdf
local_2017,__main__,council_smd,gd,„ქართული ოცნება-დემოკრატიული საქართველო”,,4,საჩხერე,,41,დავით,მაჭარაშვილი,დავით მაჭარაშვილი,,,majoritarians_all.pdf
local_2017,__main__,council_smd,gd,„ქართული ოცნება-დემოკრატიული საქართველო”,,5,საჩხერე,,41,ბესიკ,დეკანოიძე,ბესიკ დეკანოიძე,,,majoritarians_all.pdf
local_2017,__main__,council_smd,gd,„ქართული ოცნება-დემოკრატიული საქართველო”,,6,საჩხერე,,41,იაგო,ბერიძე,იაგო ბერიძე,,,majoritarians_all.pdf
local_2017,__main__,council_smd,gd,„ქართული ოცნება-დემოკრატიული საქართველო”,,7,საჩხერე,,41,ერეკლე,ჭიღლაძე,ერეკლე ჭიღლაძე,,,majoritarians_all.pdf
local_2017,__main__,council_smd,gd,„ქართული ოცნება-დემოკრატიული საქართველო”,,8,საჩხერე,,41,იოსებ,გოგიტაძე,იოსებ გოგიტაძე,,,majoritarians_all.pdf
local_2017,__main__,council_smd,gd,„ქართული ოცნება-დემოკრატიული საქართველო”,,9,საჩხერე,,41,კობა,ხვედელიძე,კობა ხვედელიძე,,,majoritarians_all.pdf
local_2017,__main__,council_smd,gd,„ქართული ოცნება-დემოკრატიული საქართველო”,,11,საჩხერე,,41,ოლეგი,მაჭავარიანი,ოლეგი მაჭავარიანი,,,majoritarians_all.pdf
local_2017,__main__,council_smd,gd,„ქართული ოცნება-დემოკრატიული საქართველო”,,10,საჩხერე,,41,ბესარიონ,კუჭაშვილი,ბესარიონ კუჭაშვილი,,,majoritarians_all.pdf
local_2017,__main__,council_smd,gd,„ქართული ოცნება-დემოკრატიული საქართველო”,,12,საჩხერე,,41,მამუკა,ნოზაძე,მამუკა ნოზაძე,,,majoritarians_all.pdf
local_2017,__main__,council_smd,gd,„ქართული ოცნება-დემოკრატიული საქართველო”,,13,საჩხერე,,41,ბესიკი,კაპანაძე,ბესიკი კაპანაძე,,,majoritarians_all.pdf
local_2017,__main__,council_smd,initiative_group,"საინიციატივო ჯგუფი - გუგულა მეგრელიშვილი,ნათელა ყიფიანი,თამარი ჭიღლაძე,რუსუდან ყაველაშვილი, ზოია შალამბერიძე.",,13,საჩხერე,,42,რუსუდანი,ნოზაძე,რუსუდანი ნოზაძე,,,majoritarians_all.pdf
local_2017,__main__,council_smd,initiative_group,"საინიციატივო ჯგუფი - იოსებ შუბითიძე,ბუდუ კილაძე,გიორგი კაპანაძე, ჯულხა დეკანოიძე, გელა გელალაშვილი.",,12,საჩხერე,,42,დავით,შუბითიძე,დავით შუბითიძე,,,majoritarians_all.pdf
local_2017,__main__,council_smd,european_georgia,"საარჩევნო ბლოკი „ბაქრაძე, უგულავა-ევროპული საქართველო”",,16,ზესტაფონი,,2,დავით,მერკვილაძე,დავით მერკვილაძე,,,majoritarians_all.pdf
local_2017,__main__,council_smd,european_georgia,"საარჩევნო ბლოკი „ბაქრაძე, უგულავა-ევროპული საქართველო”",,17,ზესტაფონი,,2,მირიან,ღამბაშიძე,მირიან ღამბაშიძე,,,majoritarians_all.pdf
local_2017,__main__,council_smd,european_georgia,"საარჩევნო ბლოკი „ბაქრაძე, უგულავა-ევროპული საქართველო”",,18,ზესტაფონი,,2,ლელა,გაჩეჩილაძე,ლელა გაჩეჩილაძე,,,majoritarians_all.pdf
local_2017,__main__,council_smd,european_georgia,"საარჩევნო ბლოკი „ბაქრაძე, უგულავა-ევროპული საქართველო”",,19,ზესტაფონი,,2,ლია,ექსეულიძე,ლია ექსეულიძე,,,majoritarians_all.pdf
local_2017,__main__,council_smd,european_georgia,"საარჩევნო ბლოკი „ბაქრაძე, უგულავა-ევროპული საქართველო”",,1,ზესტაფონი,,2,ვარლამი,სირდაძე,ვარლამი სირდაძე,,,majoritarians_all.pdf
local_2017,__main__,council_smd,european_georgia,"საარჩევნო ბლოკი „ბაქრაძე, უგულავა-ევროპული საქართველო”",,1,ზესტაფონი,,2,ზვიადი,სარდანაძე,ზვიადი სარდანაძე,,,majoritarians_all.pdf
local_2017,__main__,council_smd,european_georgia,"საარჩევნო ბლოკი „ბაქრაძე, უგულავა-ევროპული საქართველო”",,1,ზესტაფონი,,2,გოჩა,მაკარიძე,გოჩა მაკარიძე,,,majoritarians_all.pdf
local_2017,__main__,council_smd,european_georgia,"საარჩევნო ბლოკი „ბაქრაძე, უგულავა-ევროპული საქართველო”",,2,ზესტაფონი,,2,ია,ყიფშიძე,ია ყიფშიძე,,,majoritarians_all.pdf
local_2017,__main__,council_smd,european_georgia,"საარჩევნო ბლოკი „ბაქრაძე, უგულავა-ევროპული საქართველო”",,3,ზესტაფონი,,2,მიხეილ,კახნიაშვილი,მიხეილ კახნიაშვილი,,,majoritarians_all.pdf
local_2017,__main__,council_smd,european_georgia,"საარჩევნო ბლოკი „ბაქრაძე, უგულავა-ევროპული საქართველო”",,4,ზესტაფონი,,2,კობა,სვიანაძე,კობა სვიანაძე,,,majoritarians_all.pdf
local_2017,__main__,council_smd,european_georgia,"საარჩევნო ბლოკი „ბაქრაძე, უგულავა-ევროპული საქართველო”",,5,ზესტაფონი,,2,თეიმურაზ,ფერაძე,თეიმურაზ ფერაძე,,,majoritarians_all.pdf
local_2017,__main__,council_smd,european_georgia,"საარჩევნო ბლოკი „ბაქრაძე, უგულავა-ევროპული საქართველო”",,6,ზესტაფონი,,2,დავით,ცხადაძე,დავით ცხადაძე,,,majoritarians_all.pdf
local_2017,__main__,council_smd,european_georgia,"საარჩევნო ბლოკი „ბაქრაძე, უგულავა-ევროპული საქართველო”",,7,ზესტაფონი,,2,ცისკარა,სხილაძე,ცისკარა სხილაძე,,,majoritarians_all.pdf
local_2017,__main__,council_smd,european_georgia,"საარჩევნო ბლოკი „ბაქრაძე, უგულავა-ევროპული საქართველო”",,8,ზესტაფონი,,2,რატი,გვალია,რატი გვალია,,,majoritarians_all.pdf
local_2017,__main__,council_smd,european_georgia,"საარჩევნო ბლოკი „ბაქრაძე, უგულავა-ევროპული საქართველო”",,9,ზესტაფონი,,2,თორნიკე,გრძელიძე,თორნიკე გრძელიძე,,,majoritarians_all.pdf
local_2017,__main__,council_smd,european_georgia,"საარჩევნო ბლოკი „ბაქრაძე, უგულავა-ევროპული საქართველო”",,10,ზესტაფონი,,2,ამირან,წაქაძე,ამირან წაქაძე,,,majoritarians_all.pdf
local_2017,__main__,council_smd,european_georgia,"საარჩევნო ბლოკი „ბაქრაძე, უგულავა-ევროპული საქართველო”",,11,ზესტაფონი,,2,პაატა,გვალია,პაატა გვალია,,,majoritarians_all.pdf
local_2017,__main__,council_smd,european_georgia,"საარჩევნო ბლოკი „ბაქრაძე, უგულავა-ევროპული საქართველო”",,12,ზესტაფონი,,2,მამუკა,ღამბაშიძე,მამუკა ღამბაშიძე,,,majoritarians_all.pdf
local_2017,__main__,council_smd,european_georgia,"საარჩევნო ბლოკი „ბაქრაძე, უგულავა-ევროპული საქართველო”",,13,ზესტაფონი,,2,გოჩა,ბედიაშვილი,გოჩა ბედიაშვილი,,,majoritarians_all.pdf
local_2017,__main__,council_smd,european_georgia,"საარჩევნო ბლოკი „ბაქრაძე, უგულავა-ევროპული საქართველო”",,14,ზესტაფონი,,2,დავით,ბეგაძე,დავით ბეგაძე,,,majoritarians_all.pdf
local_2017,__main__,council_smd,european_georgia,"საარჩევნო ბლოკი „ბაქრაძე, უგულავა-ევროპული საქართველო”",,15,ზესტაფონი,,2,ლევან,კვიჟაშვილი,ლევან კვიჟაშვილი,,,majoritarians_all.pdf
local_2017,__main__,council_smd,free_georgia,"საარჩევნო ბლოკი „დიმიტრი ლორთქიფანიძე, კახა კუკავა-დემოკრატიული მოძრაობა-თავისუფალი საქართველო”",,2,ზესტაფონი,,3,კორნელი,გველესიანი,კორნელი გველესიანი,,,majoritarians_all.pdf
local_2017,__main__,council_smd,free_georgia,"საარჩევნო ბლოკი „დიმიტრი ლორთქიფანიძე, კახა კუკავა-დემოკრატიული მოძრაობა-თავისუფალი საქართველო”",,1,ზესტაფონი,,3,დავით,გამცემლიძე,დავით გამცემლიძე,,,majoritarians_all.pdf
local_2017,__main__,council_smd,free_georgia,"საარჩევნო ბლოკი „დიმიტრი ლორთქიფანიძე, კახა კუკავა-დემოკრატიული მოძრაობა-თავისუფალი საქართველო”",,4,ზესტაფონი,,3,ვახტანგი,ზალიკიანი,ვახტანგი ზალიკიანი,,,majoritarians_all.pdf
local_2017,__main__,council_smd,unm,საარჩევნო ბლოკი „ერთიანი ნაციონალური მოძრაობა”,,4,ზესტაფონი,,5,გელა,სალაძე,გელა სალაძე,,,majoritarians_all.pdf
local_2017,__main__,council_smd,unm,საარჩევნო ბლოკი „ერთიანი ნაციონალური მოძრაობა”,,5,ზესტაფონი,,5,მურმან,ფერაძე,მურმან ფერაძე,,,majoritarians_all.pdf
local_2017,__main__,council_smd,unm,საარჩევნო ბლოკი „ერთიანი ნაციონალური მოძრაობა”,,6,ზესტაფონი,,5,ჯუანშერი,ცქიფურიშვილი,ჯუანშერი ცქიფურიშვილი,,,majoritarians_all.pdf
local_2017,__main__,council_smd,unm,საარჩევნო ბლოკი „ერთიანი ნაციონალური მოძრაობა”,,7,ზესტაფონი,,5,ბესიკ,მესხიშვილი,ბესიკ მესხიშვილი,,,majoritarians_all.pdf
local_2017,__main__,council_smd,unm,საარჩევნო ბლოკი „ერთიანი ნაციონალური მოძრაობა”,,1,ზესტაფონი,,5,მამუკა,ჭიჭინაძე,მამუკა ჭიჭინაძე,,,majoritarians_all.pdf
local_2017,__main__,council_smd,unm,საარჩევნო ბლოკი „ერთიანი ნაციონალური მოძრაობა”,,2,ზესტაფონი,,5,კობა,ელისაშვილი,კობა ელისაშვილი,,,majoritarians_all.pdf
local_2017,__main__,council_smd,unm,საარჩევნო ბლოკი „ერთიანი ნაციონალური მოძრაობა”,,3,ზესტაფონი,,5,კობა,მუმლაძე,კობა მუმლაძე,,,majoritarians_all.pdf
local_2017,__main__,council_smd,unm,საარჩევნო ბლოკი „ერთიანი ნაციონალური მოძრაობა”,,14,ზესტაფონი,,5,ლევან,ქათამაძე,ლევან ქათამაძე,,,majoritarians_all.pdf
local_2017,__main__,council_smd,unm,საარჩევნო ბლოკი „ერთიანი ნაციონალური მოძრაობა”,,12,ზესტაფონი,,5,თეიმურაზ,აბულაძე,თეიმურაზ აბულაძე,,,majoritarians_all.pdf
local_2017,__main__,council_smd,unm,საარჩევნო ბლოკი „ერთიანი ნაციონალური მოძრაობა”,,1,ზესტაფონი,,5,მანანა,ფხაკაძე,მანანა ფხაკაძე,,,majoritarians_all.pdf
local_2017,__main__,council_smd,unm,საარჩევნო ბლოკი „ერთიანი ნაციონალური მოძრაობა”,,1,ზესტაფონი,,5,ოთარი,მაღლაკელიძე,ოთარი მაღლაკელიძე,,,majoritarians_all.pdf
local_2017,__main__,council_smd,unm,საარჩევნო ბლოკი „ერთიანი ნაციონალური მოძრაობა”,,11,ზესტაფონი,,5,ლეილა,გეწაძე,ლეილა გეწაძე,,,majoritarians_all.pdf
local_2017,__main__,council_smd,unm,საარჩევნო ბლოკი „ერთიანი ნაციონალური მოძრაობა”,,8,ზესტაფონი,,5,თედო,ჩხიკვაძე,თედო ჩხიკვაძე,,,majoritarians_all.pdf
local_2017,__main__,council_smd,unm,საარჩევნო ბლოკი „ერთიანი ნაციონალური მოძრაობა”,,9,ზესტაფონი,,5,ვალერიან,ნიკაჭაძე,ვალერიან ნიკაჭაძე,,,majoritarians_all.pdf
local_2017,__main__,council_smd,unm,საარჩევნო ბლოკი „ერთიანი ნაციონალური მოძრაობა”,,10,ზესტაფონი,,5,ვლადიმერ,ჯუღელი,ვლადიმერ ჯუღელი,,,majoritarians_all.pdf
local_2017,__main__,council_smd,unm,საარჩევნო ბლოკი „ერთიანი ნაციონალური მოძრაობა”,,18,ზესტაფონი,,5,ალექსანდრე,ქებაძე,ალექსანდრე ქებაძე,,,majoritarians_all.pdf
local_2017,__main__,council_smd,unm,საარჩევნო ბლოკი „ერთიანი ნაციონალური მოძრაობა”,,19,ზესტაფონი,,5,თეონა,ხურციძე,თეონა ხურციძე,,,majoritarians_all.pdf
local_2017,__main__,council_smd,unm,საარჩევნო ბლოკი „ერთიანი ნაციონალური მოძრაობა”,,17,ზესტაფონი,,5,კოსტანტინე,მახათაძე,კოსტანტინე მახათაძე,,,majoritarians_all.pdf
local_2017,__main__,council_smd,unm,საარჩევნო ბლოკი „ერთიანი ნაციონალური მოძრაობა”,,16,ზესტაფონი,,5,ავთანდილ,არაბიძე,ავთანდილ არაბიძე,,,majoritarians_all.pdf
local_2017,__main__,council_smd,unm,საარჩევნო ბლოკი „ერთიანი ნაციონალური მოძრაობა”,,15,ზესტაფონი,,5,გელა,მაჩიტიძე,გელა მაჩიტიძე,,,majoritarians_all.pdf
local_2017,__main__,council_smd,unm,საარჩევნო ბლოკი „ერთიანი ნაციონალური მოძრაობა”,,13,ზესტაფონი,,5,სალომე,თურმანიძე,სალომე თურმანიძე,,,majoritarians_all.pdf
local_2017,__main__,council_smd,patriots,"„დავით თარხან-მოურავი, ირმა ინაშვილი - საქართველოს პატრიოტთა",,9,ზესტაფონი,,8,ალიანსი”გოჩა,ჭუმბაძე,ალიანსი”გოჩა ჭუმბაძე,,,majoritarians_all.pdf
local_2017,__main__,council_smd,patriots,"„დავით თარხან-მოურავი, ირმა ინაშვილი - საქართველოს პატრიოტთა",,13,ზესტაფონი,,8,ალიანსი”ზაზა,შერგელაშვილი,ალიანსი”ზაზა შერგელაშვილი,,,majoritarians_all.pdf
local_2017,__main__,council_smd,patriots,"„დავით თარხან-მოურავი, ირმა ინაშვილი - საქართველოს პატრიოტთა",,14,ზესტაფონი,,8,ალიანსი”ირაკლი,მუმლაძე,ალიანსი”ირაკლი მუმლაძე,,,majoritarians_all.pdf
local_2017,__main__,council_smd,patriots,"„დავით თარხან-მოურავი, ირმა ინაშვილი - საქართველოს პატრიოტთა",,16,ზესტაფონი,,8,ალიანსი”კახა,შავგულიძე,ალიანსი”კახა შავგულიძე,,,majoritarians_all.pdf
local_2017,__main__,council_smd,patriots,"„დავით თარხან-მოურავი, ირმა ინაშვილი - საქართველოს პატრიოტთა",,12,ზესტაფონი,,8,ალიანსი”ვლადიმერ,ვარდოსანიძე,ალიანსი”ვლადიმერ ვარდოსანიძე,,,majoritarians_all.pdf
local_2017,__main__,council_smd,patriots,"„დავით თარხან-მოურავი, ირმა ინაშვილი - საქართველოს პატრიოტთა",,11,ზესტაფონი,,8,ალიანსი”ნატო,გვალია,ალიანსი”ნატო გვალია,,,majoritarians_all.pdf
local_2017,__main__,council_smd,patriots,"„დავით თარხან-მოურავი, ირმა ინაშვილი - საქართველოს პატრიოტთა",,10,ზესტაფონი,,8,ალიანსი”ვარლამ,ხიდაშელი,ალიანსი”ვარლამ ხიდაშელი,,,majoritarians_all.pdf
local_2017,__main__,council_smd,patriots,"„დავით თარხან-მოურავი, ირმა ინაშვილი - საქართველოს პატრიოტთა",,6,ზესტაფონი,,8,ალიანსი”რაული,შერგელაშვილი,ალიანსი”რაული შერგელაშვილი,,,majoritarians_all.pdf
local_2017,__main__,council_smd,patriots,"„დავით თარხან-მოურავი, ირმა ინაშვილი - საქართველოს პატრიოტთა",,8,ზესტაფონი,,8,ალიანსი”იზოლდა,ოდიკაძე,ალიანსი”იზოლდა ოდიკაძე,,,majoritarians_all.pdf
local_2017,__main__,council_smd,patriots,"„დავით თარხან-მოურავი, ირმა ინაშვილი - საქართველოს პატრიოტთა",,7,ზესტაფონი,,8,ალიანსი”ილია,გორგაძე,ალიანსი”ილია გორგაძე,,,majoritarians_all.pdf
local_2017,__main__,council_smd,patriots,"„დავით თარხან-მოურავი, ირმა ინაშვილი - საქართველოს პატრიოტთა",,15,ზესტაფონი,,8,ალიანსი”ემზარი,ფოცხვერაშვილი,ალიანსი”ემზარი ფოცხვერაშვილი,,,majoritarians_all.pdf
local_2017,__main__,council_smd,patriots,"„დავით თარხან-მოურავი, ირმა ინაშვილი - საქართველოს პატრიოტთა",,4,ზესტაფონი,,8,ალიანსი”ამირან,ქლიბაძე,ალიანსი”ამირან ქლიბაძე,,,majoritarians_all.pdf
local_2017,__main__,council_smd,patriots,"„დავით თარხან-მოურავი, ირმა ინაშვილი - საქართველოს პატრიოტთა",,1,ზესტაფონი,,8,ალიანსი”გელა,კობახიძე,ალიანსი”გელა კობახიძე,,,majoritarians_all.pdf
local_2017,__main__,council_smd,patriots,"„დავით თარხან-მოურავი, ირმა ინაშვილი - საქართველოს პატრიოტთა",,3,ზესტაფონი,,8,ალიანსი”ბესიკი,ღავთაძე,ალიანსი”ბესიკი ღავთაძე,,,majoritarians_all.pdf
local_2017,__main__,council_smd,patriots,"„დავით თარხან-მოურავი, ირმა ინაშვილი - საქართველოს პატრიოტთა",,1,ზესტაფონი,,8,ალიანსი”მამუკა,მახათაძე,ალიანსი”მამუკა მახათაძე,,,majoritarians_all.pdf
local_2017,__main__,council_smd,patriots,"„დავით თარხან-მოურავი, ირმა ინაშვილი - საქართველოს პატრიოტთა",,1,ზესტაფონი,,8,ალიანსი”პავლე,გაბრიჭიძე,ალიანსი”პავლე გაბრიჭიძე,,,majoritarians_all.pdf
local_2017,__main__,council_smd,patriots,"„დავით თარხან-მოურავი, ირმა ინაშვილი - საქართველოს პატრიოტთა",,2,ზესტაფონი,,8,ალიანსი”თორნიკე,კვინიკაძე,ალიანსი”თორნიკე კვინიკაძე,,,majoritarians_all.pdf
local_2017,__main__,council_smd,patriots,"„დავით თარხან-მოურავი, ირმა ინაშვილი - საქართველოს პატრიოტთა",,19,ზესტაფონი,,8,ალიანსი”ავთანდილ,ტალახაძე,ალიანსი”ავთანდილ ტალახაძე,,,majoritarians_all.pdf
local_2017,__main__,council_smd,patriots,"„დავით თარხან-მოურავი, ირმა ინაშვილი - საქართველოს პატრიოტთა",,18,ზესტაფონი,,8,ალიანსი”ამირან,ბახტიძე,ალიანსი”ამირან ბახტიძე,,,majoritarians_all.pdf
local_2017,__main__,council_smd,patriots,"„დავით თარხან-მოურავი, ირმა ინაშვილი - საქართველოს პატრიოტთა",,17,ზესტაფონი,,8,ალიანსი”პავლე,მოდებაძე,ალიანსი”პავლე მოდებაძე,,,majoritarians_all.pdf
local_2017,__main__,council_smd,gd,„ქართული ოცნება-დემოკრატიული საქართველო”,,15,ზესტაფონი,,41,ბუბა,ნასრაძე,ბუბა ნასრაძე,,,majoritarians_all.pdf
local_2017,__main__,council_smd,gd,„ქართული ოცნება-დემოკრატიული საქართველო”,,16,ზესტაფონი,,41,კობა,ტუკვაძე,კობა ტუკვაძე,,,majoritarians_all.pdf
local_2017,__main__,council_smd,gd,„ქართული ოცნება-დემოკრატიული საქართველო”,,17,ზესტაფონი,,41,მამუკა,კურტანიძე,მამუკა კურტანიძე,,,majoritarians_all.pdf
local_2017,__main__,council_smd,gd,„ქართული ოცნება-დემოკრატიული საქართველო”,,1,ზესტაფონი,,41,შალვა,ხეცაძე,შალვა ხეცაძე,,,majoritarians_all.pdf
local_2017,__main__,council_smd,gd,„ქართული ოცნება-დემოკრატიული საქართველო”,,1,ზესტაფონი,,41,გიორგი,კაკოიშვილი,გიორგი კაკოიშვილი,,,majoritarians_all.pdf
local_2017,__main__,council_smd,gd,„ქართული ოცნება-დემოკრატიული საქართველო”,,1,ზესტაფონი,,41,უჩა,ჩუბინიძე,უჩა ჩუბინიძე,,,majoritarians_all.pdf
local_2017,__main__,council_smd,gd,„ქართული ოცნება-დემოკრატიული საქართველო”,,2,ზესტაფონი,,41,კობა,გოჩელეიშვილი,კობა გოჩელეიშვილი,,,majoritarians_all.pdf
local_2017,__main__,council_smd,gd,„ქართული ოცნება-დემოკრატიული საქართველო”,,3,ზესტაფონი,,41,რობერტი,მახათაძე,რობერტი მახათაძე,,,majoritarians_all.pdf
local_2017,__main__,council_smd,gd,„ქართული ოცნება-დემოკრატიული საქართველო”,,4,ზესტაფონი,,41,ნანული,ეჯიბაძე,ნანული ეჯიბაძე,,,majoritarians_all.pdf
local_2017,__main__,council_smd,gd,„ქართული ოცნება-დემოკრატიული საქართველო”,,5,ზესტაფონი,,41,ილია,ფუტკარაძე,ილია ფუტკარაძე,,,majoritarians_all.pdf
local_2017,__main__,council_smd,gd,„ქართული ოცნება-დემოკრატიული საქართველო”,,6,ზესტაფონი,,41,ირაკლი,კვეტენაძე,ირაკლი კვეტენაძე,,,majoritarians_all.pdf
local_2017,__main__,council_smd,gd,„ქართული ოცნება-დემოკრატიული საქართველო”,,7,ზესტაფონი,,41,ჯემალ,გორგოძე,ჯემალ გორგოძე,,,majoritarians_all.pdf
local_2017,__main__,council_smd,gd,„ქართული ოცნება-დემოკრატიული საქართველო”,,8,ზესტაფონი,,41,ტარიელ,ხუსკივაძე,ტარიელ ხუსკივაძე,,,majoritarians_all.pdf
local_2017,__main__,council_smd,gd,„ქართული ოცნება-დემოკრატიული საქართველო”,,9,ზესტაფონი,,41,იოსები,ჯანიაშვილი,იოსები ჯანიაშვილი,,,majoritarians_all.pdf
local_2017,__main__,council_smd,gd,„ქართული ოცნება-დემოკრატიული საქართველო”,,10,ზესტაფონი,,41,ბადრი,წაქაძე,ბადრი წაქაძე,,,majoritarians_all.pdf
local_2017,__main__,council_smd,gd,„ქართული ოცნება-დემოკრატიული საქართველო”,,11,ზესტაფონი,,41,იმედა,ბებიაშვილი,იმედა ბებიაშვილი,,,majoritarians_all.pdf
local_2017,__main__,council_smd,gd,„ქართული ოცნება-დემოკრატიული საქართველო”,,12,ზესტაფონი,,41,გალაქტიონ,ვარდოსანიძე,გალაქტიონ ვარდოსანიძე,,,majoritarians_all.pdf
local_2017,__main__,council_smd,gd,„ქართული ოცნება-დემოკრატიული საქართველო”,,13,ზესტაფონი,,41,ნუგზარი,ფერაძე,ნუგზარი ფერაძე,,,majoritarians_all.pdf
local_2017,__main__,council_smd,gd,„ქართული ოცნება-დემოკრატიული საქართველო”,,14,ზესტაფონი,,41,მაია,ჩხეიძე,მაია ჩხეიძე,,,majoritarians_all.pdf
local_2017,__main__,council_smd,gd,„ქართული ოცნება-დემოკრატიული საქართველო”,,18,ზესტაფონი,,41,ლაშა,საყვარელიძე,ლაშა საყვარელიძე,,,majoritarians_all.pdf
local_2017,__main__,council_smd,gd,„ქართული ოცნება-დემოკრატიული საქართველო”,,19,ზესტაფონი,,41,აკაკი,გაჩეჩილაძე,აკაკი გაჩეჩილაძე,,,majoritarians_all.pdf
local_2017,__main__,council_smd,initiative_group,"საინიციატივო ჯგუფი - 08. გიორგი ჭანკვეტაძე, ივანე კახნიაშვილი, თეიმურაზ არაბიძე, დავით ჭიჭინაძე, გაგა არაბიძე",,16,ზესტაფონი,,43,გურამი,არაბიძე,გურამი არაბიძე,,,majoritarians_all.pdf
local_2017,__main__,council_smd,initiative_group,"საინიციატივო ჯგუფი - 01. ნონა ცერცვაძე, შორენა ცალუღელაშვილი, მარიამი კახნიაშვილი, დავით კახნიაშვილი, ანა შერგელაშვილი",,4,ზესტაფონი,,43,რევაზ,კავთელაძე,რევაზ კავთელაძე,,,majoritarians_all.pdf
local_2017,__main__,council_smd,initiative_group,"საინიციატივო ჯგუფი - 02. ჯუანშერ მაღლაკელიძე, ტრისტანი არეშიძე, ზაზა ბერიძე, ალექსანდრე ზიბზიბაძე, უჩა მაღლაკელიძე",,12,ზესტაფონი,,43,გალაქტიონ,არეშიძე,გალაქტიონ არეშიძე,,,majoritarians_all.pdf
local_2017,__main__,council_smd,initiative_group,"საინიციატივო ჯგუფი - 05. აკაკი კუპატაძე, შალვა კაკაურიძე, გიორგი კაპანაძე, დავით ჭულუხაძე, უჩა ჭანტურიძე",,11,ზესტაფონი,,44,სპარტაკ,კაპანაძე,სპარტაკ კაპანაძე,,,majoritarians_all.pdf
local_2017,__main__,council_smd,european_georgia,"საარჩევნო ბლოკი „ბაქრაძე, უგულავა-ევროპული საქართველო”",,5,ბაღდათი,,2,გიგა,ჩიგოგა,გიგა ჩიგოგა,,,majoritarians_all.pdf
local_2017,__main__,council_smd,european_georgia,"საარჩევნო ბლოკი „ბაქრაძე, უგულავა-ევროპული საქართველო”",,6,ბაღდათი,,2,მამუკა,ლომსიანიძე,მამუკა ლომსიანიძე,,,majoritarians_all.pdf
local_2017,__main__,council_smd,european_georgia,"საარჩევნო ბლოკი „ბაქრაძე, უგულავა-ევროპული საქართველო”",,7,ბაღდათი,,2,შალვა,დათუაძე,შალვა დათუაძე,,,majoritarians_all.pdf
local_2017,__main__,council_smd,european_georgia,"საარჩევნო ბლოკი „ბაქრაძე, უგულავა-ევროპული საქართველო”",,8,ბაღდათი,,2,მურად,ლაბაძე,მურად ლაბაძე,,,majoritarians_all.pdf
local_2017,__main__,council_smd,european_georgia,"საარჩევნო ბლოკი „ბაქრაძე, უგულავა-ევროპული საქართველო”",,9,ბაღდათი,,2,თათია,ჯანელიძე,თათია ჯანელიძე,,,majoritarians_all.pdf
local_2017,__main__,council_smd,european_georgia,"საარჩევნო ბლოკი „ბაქრაძე, უგულავა-ევროპული საქართველო”",,10,ბაღდათი,,2,ჯემალი,ჩარკვიანი,ჯემალი ჩარკვიანი,,,majoritarians_all.pdf
local_2017,__main__,council_smd,european_georgia,"საარჩევნო ბლოკი „ბაქრაძე, უგულავა-ევროპული საქართველო”",,11,ბაღდათი,,2,დათო,კარკაძე,დათო კარკაძე,,,majoritarians_all.pdf
local_2017,__main__,council_smd,european_georgia,"საარჩევნო ბლოკი „ბაქრაძე, უგულავა-ევროპული საქართველო”",,12,ბაღდათი,,2,ბესიკ,ლომსიანიძე,ბესიკ ლომსიანიძე,,,majoritarians_all.pdf
local_2017,__main__,council_smd,european_georgia,"საარჩევნო ბლოკი „ბაქრაძე, უგულავა-ევროპული საქართველო”",,3,ბაღდათი,,2,დავით,კოჩივარი,დავით კოჩივარი,,,majoritarians_all.pdf
local_2017,__main__,council_smd,european_georgia,"საარჩევნო ბლოკი „ბაქრაძე, უგულავა-ევროპული საქართველო”",,2,ბაღდათი,,2,გიორგი,კაპანაძე,გიორგი კაპანაძე,,,majoritarians_all.pdf
local_2017,__main__,council_smd,european_georgia,"საარჩევნო ბლოკი „ბაქრაძე, უგულავა-ევროპული საქართველო”",,1,ბაღდათი,,2,სანდრო,გოგსაძე,სანდრო გოგსაძე,,,majoritarians_all.pdf
local_2017,__main__,council_smd,european_georgia,"საარჩევნო ბლოკი „ბაქრაძე, უგულავა-ევროპული საქართველო”",,1,ბაღდათი,,2,კირილე,წიქორიძე,კირილე წიქორიძე,,,majoritarians_all.pdf
local_2017,__main__,council_smd,european_georgia,"საარჩევნო ბლოკი „ბაქრაძე, უგულავა-ევროპული საქართველო”",,13,ბაღდათი,,2,ნიკოლოზ,მსხვილიძე,ნიკოლოზ მსხვილიძე,,,majoritarians_all.pdf
local_2017,__main__,council_smd,free_georgia,"საარჩევნო ბლოკი „დიმიტრი ლორთქიფანიძე, კახა კუკავა-დემოკრატიული მოძრაობა-თავისუფალი საქართველო”",,1,ბაღდათი,,3,თეიმურაზ,გუმბერიძე,თეიმურაზ გუმბერიძე,,,majoritarians_all.pdf
local_2017,__main__,council_smd,free_georgia,"საარჩევნო ბლოკი „დიმიტრი ლორთქიფანიძე, კახა კუკავა-დემოკრატიული მოძრაობა-თავისუფალი საქართველო”",,2,ბაღდათი,,3,ლაშა,ჩიქვინიძე,ლაშა ჩიქვინიძე,,,majoritarians_all.pdf
local_2017,__main__,council_smd,free_georgia,"საარჩევნო ბლოკი „დიმიტრი ლორთქიფანიძე, კახა კუკავა-დემოკრატიული მოძრაობა-თავისუფალი საქართველო”",,11,ბაღდათი,,3,ტარიელ,მესხი,ტარიელ მესხი,,,majoritarians_all.pdf
local_2017,__main__,council_smd,free_georgia,"საარჩევნო ბლოკი „დიმიტრი ლორთქიფანიძე, კახა კუკავა-დემოკრატიული მოძრაობა-თავისუფალი საქართველო”",,6,ბაღდათი,,3,აკაკი,გოცირიძე,აკაკი გოცირიძე,,,majoritarians_all.pdf
local_2017,__main__,council_smd,unm,საარჩევნო ბლოკი „ერთიანი ნაციონალური მოძრაობა”,,13,ბაღდათი,,5,ალექსი,გელხვიიძე,ალექსი გელხვიიძე,,,majoritarians_all.pdf
local_2017,__main__,council_smd,unm,საარჩევნო ბლოკი „ერთიანი ნაციონალური მოძრაობა”,,12,ბაღდათი,,5,თენგიზ,ხურციძე,თენგიზ ხურციძე,,,majoritarians_all.pdf
local_2017,__main__,council_smd,unm,საარჩევნო ბლოკი „ერთიანი ნაციონალური მოძრაობა”,,1,ბაღდათი,,5,ბერდია,რობაქიძე,ბერდია რობაქიძე,,,majoritarians_all.pdf
local_2017,__main__,council_smd,unm,საარჩევნო ბლოკი „ერთიანი ნაციონალური მოძრაობა”,,1,ბაღდათი,,5,იაგო,ენდელაძე,იაგო ენდელაძე,,,majoritarians_all.pdf
local_2017,__main__,council_smd,unm,საარჩევნო ბლოკი „ერთიანი ნაციონალური მოძრაობა”,,6,ბაღდათი,,5,მარინა,გარუჩავა,მარინა გარუჩავა,,,majoritarians_all.pdf
local_2017,__main__,council_smd,unm,საარჩევნო ბლოკი „ერთიანი ნაციონალური მოძრაობა”,,8,ბაღდათი,,5,მადონა,ქორიძე,მადონა ქორიძე,,,majoritarians_all.pdf
local_2017,__main__,council_smd,unm,საარჩევნო ბლოკი „ერთიანი ნაციონალური მოძრაობა”,,2,ბაღდათი,,5,ლეგია,კვეტენაძე,ლეგია კვეტენაძე,,,majoritarians_all.pdf
local_2017,__main__,council_smd,unm,საარჩევნო ბლოკი „ერთიანი ნაციონალური მოძრაობა”,,3,ბაღდათი,,5,ალექსანდრე,ფახურიძე,ალექსანდრე ფახურიძე,,,majoritarians_all.pdf
local_2017,__main__,council_smd,unm,საარჩევნო ბლოკი „ერთიანი ნაციონალური მოძრაობა”,,4,ბაღდათი,,5,ზვიად,გუმბერიძე,ზვიად გუმბერიძე,,,majoritarians_all.pdf
local_2017,__main__,council_smd,unm,საარჩევნო ბლოკი „ერთიანი ნაციონალური მოძრაობა”,,5,ბაღდათი,,5,ამირანი,მშვილდაძე,ამირანი მშვილდაძე,,,majoritarians_all.pdf
local_2017,__main__,council_smd,unm,საარჩევნო ბლოკი „ერთიანი ნაციონალური მოძრაობა”,,9,ბაღდათი,,5,იოსებ,კვირიკაშვილი,იოსებ კვირიკაშვილი,,,majoritarians_all.pdf
local_2017,__main__,council_smd,unm,საარჩევნო ბლოკი „ერთიანი ნაციონალური მოძრაობა”,,10,ბაღდათი,,5,ლევან,აბაშიძე,ლევან აბაშიძე,,,majoritarians_all.pdf
local_2017,__main__,council_smd,unm,საარჩევნო ბლოკი „ერთიანი ნაციონალური მოძრაობა”,,11,ბაღდათი,,5,ვლადიმერ,წიქორიძე,ვლადიმერ წიქორიძე,,,majoritarians_all.pdf
local_2017,__main__,council_smd,patriots,"„დავით თარხან-მოურავი, ირმა ინაშვილი - საქართველოს პატრიოტთა",,2,ბაღდათი,,8,ალიანსი”თენგიზ,მაღლაკელიძე,ალიანსი”თენგიზ მაღლაკელიძე,,,majoritarians_all.pdf
local_2017,__main__,council_smd,patriots,"„დავით თარხან-მოურავი, ირმა ინაშვილი - საქართველოს პატრიოტთა",,11,ბაღდათი,,8,ალიანსი”ტარიელ,ჩაკვეტაძე,ალიანსი”ტარიელ ჩაკვეტაძე,,,majoritarians_all.pdf
local_2017,__main__,council_smd,patriots,"„დავით თარხან-მოურავი, ირმა ინაშვილი - საქართველოს პატრიოტთა",,9,ბაღდათი,,8,ალიანსი”გიგა,კაცაძე,ალიანსი”გიგა კაცაძე,,,majoritarians_all.pdf
local_2017,__main__,council_smd,patriots,"„დავით თარხან-მოურავი, ირმა ინაშვილი - საქართველოს პატრიოტთა",,1,ბაღდათი,,8,ალიანსი”სოსო,ნატრიაშვილი,ალიანსი”სოსო ნატრიაშვილი,,,majoritarians_all.pdf
local_2017,__main__,council_smd,patriots,"„დავით თარხან-მოურავი, ირმა ინაშვილი - საქართველოს პატრიოტთა",,12,ბაღდათი,,8,ალიანსი”ილარიონ,მანჯავიძე,ალიანსი”ილარიონ მანჯავიძე,,,majoritarians_all.pdf
local_2017,__main__,council_smd,patriots,"„დავით თარხან-მოურავი, ირმა ინაშვილი - საქართველოს პატრიოტთა",,8,ბაღდათი,,8,ალიანსი”რომანი,კირტავა,ალიანსი”რომანი კირტავა,,,majoritarians_all.pdf
local_2017,__main__,council_smd,patriots,"„დავით თარხან-მოურავი, ირმა ინაშვილი - საქართველოს პატრიოტთა",,13,ბაღდათი,,8,ალიანსი”დავით,გიორგიძე,ალიანსი”დავით გიორგიძე,,,majoritarians_all.pdf
local_2017,__main__,council_smd,labour,„შალვა ნათელაშვილი - საქართველოს ლეიბორისტული პარტია”,,3,ბაღდათი,,10,მელიტონ,ჯიხვაძე,მელიტონ ჯიხვაძე,,,majoritarians_all.pdf
local_2017,__main__,council_smd,construction_movement_2017,„შენების მოძრაობა”,,7,ბაღდათი,,20,გია,ეგუტიძე,გია ეგუტიძე,,,majoritarians_all.pdf
local_2017,__main__,council_smd,construction_movement_2017,„შენების მოძრაობა”,,12,ბაღდათი,,20,გიორგი,ჭანტურიძე,გიორგი ჭანტურიძე,,,majoritarians_all.pdf
local_2017,__main__,council_smd,construction_movement_2017,„შენების მოძრაობა”,,10,ბაღდათი,,20,თამაზ,ჯოხაძე,თამაზ ჯოხაძე,,,majoritarians_all.pdf
local_2017,__main__,council_smd,construction_movement_2017,„შენების მოძრაობა”,,11,ბაღდათი,,20,ზაზა,ჯაბიძე,ზაზა ჯაბიძე,,,majoritarians_all.pdf
local_2017,__main__,council_smd,construction_movement_2017,„შენების მოძრაობა”,,2,ბაღდათი,,20,ნოდარ,კოხოძე,ნოდარ კოხოძე,,,majoritarians_all.pdf
local_2017,__main__,council_smd,construction_movement_2017,„შენების მოძრაობა”,,3,ბაღდათი,,20,სიმონი,ლომინაშვილი,სიმონი ლომინაშვილი,,,majoritarians_all.pdf
local_2017,__main__,council_smd,gd,„ქართული ოცნება-დემოკრატიული საქართველო”,,3,ბაღდათი,,41,თეონა,ფახურიძე,თეონა ფახურიძე,,,majoritarians_all.pdf
local_2017,__main__,council_smd,gd,„ქართული ოცნება-დემოკრატიული საქართველო”,,4,ბაღდათი,,41,შადიმან,გორგოძე,შადიმან გორგოძე,,,majoritarians_all.pdf
local_2017,__main__,council_smd,gd,„ქართული ოცნება-დემოკრატიული საქართველო”,,1,ბაღდათი,,41,ირაკლი,გოგსაძე,ირაკლი გოგსაძე,,,majoritarians_all.pdf
local_2017,__main__,council_smd,gd,„ქართული ოცნება-დემოკრატიული საქართველო”,,1,ბაღდათი,,41,ალექსი,ლომინაშვილი,ალექსი ლომინაშვილი,,,majoritarians_all.pdf
local_2017,__main__,council_smd,gd,„ქართული ოცნება-დემოკრატიული საქართველო”,,2,ბაღდათი,,41,გია,სახამბერიძე,გია სახამბერიძე,,,majoritarians_all.pdf
local_2017,__main__,council_smd,gd,„ქართული ოცნება-დემოკრატიული საქართველო”,,5,ბაღდათი,,41,კობა,მშვილდაძე,კობა მშვილდაძე,,,majoritarians_all.pdf
local_2017,__main__,council_smd,gd,„ქართული ოცნება-დემოკრატიული საქართველო”,,6,ბაღდათი,,41,სიმონ,ჭოლოკავა,სიმონ ჭოლოკავა,,,majoritarians_all.pdf
local_2017,__main__,council_smd,gd,„ქართული ოცნება-დემოკრატიული საქართველო”,,7,ბაღდათი,,41,მურად,ბურჯანაძე,მურად ბურჯანაძე,,,majoritarians_all.pdf
local_2017,__main__,council_smd,gd,„ქართული ოცნება-დემოკრატიული საქართველო”,,8,ბაღდათი,,41,ზაზა,ზივზივაძე,ზაზა ზივზივაძე,,,majoritarians_all.pdf
local_2017,__main__,council_smd,gd,„ქართული ოცნება-დემოკრატიული საქართველო”,,9,ბაღდათი,,41,თორნიკე,გაჩეჩილაძე,თორნიკე გაჩეჩილაძე,,,majoritarians_all.pdf
local_2017,__main__,council_smd,gd,„ქართული ოცნება-დემოკრატიული საქართველო”,,10,ბაღდათი,,41,დიომიდე,კიკნაველიძე,დიომიდე კიკნაველიძე,,,majoritarians_all.pdf
local_2017,__main__,council_smd,gd,„ქართული ოცნება-დემოკრატიული საქართველო”,,11,ბაღდათი,,41,გრიგოლ,ტაბეშაძე,გრიგოლ ტაბეშაძე,,,majoritarians_all.pdf
local_2017,__main__,council_smd,gd,„ქართული ოცნება-დემოკრატიული საქართველო”,,12,ბაღდათი,,41,გაბრიელ,ღიბრაძე,გაბრიელ ღიბრაძე,,,majoritarians_all.pdf
local_2017,__main__,council_smd,gd,„ქართული ოცნება-დემოკრატიული საქართველო”,,13,ბაღდათი,,41,ნოდარ,გიორგიძე,ნოდარ გიორგიძე,,,majoritarians_all.pdf
local_2017,__main__,council_smd,european_georgia,"საარჩევნო ბლოკი „ბაქრაძე, უგულავა-ევროპული საქართველო”",,1,ვანი,,2,თედო,ვაშაყმაძე,თედო ვაშაყმაძე,,,majoritarians_all.pdf
local_2017,__main__,council_smd,european_georgia,"საარჩევნო ბლოკი „ბაქრაძე, უგულავა-ევროპული საქართველო”",,8,ვანი,,2,ლანა,ძაგნიძე,ლანა ძაგნიძე,,,majoritarians_all.pdf
local_2017,__main__,council_smd,european_georgia,"საარჩევნო ბლოკი „ბაქრაძე, უგულავა-ევროპული საქართველო”",,5,ვანი,,2,თამაზ,გამრეკლიძე,თამაზ გამრეკლიძე,,,majoritarians_all.pdf
local_2017,__main__,council_smd,european_georgia,"საარჩევნო ბლოკი „ბაქრაძე, უგულავა-ევროპული საქართველო”",,12,ვანი,,2,ნინო,ვაშაყმაძე,ნინო ვაშაყმაძე,,,majoritarians_all.pdf
local_2017,__main__,council_smd,european_georgia,"საარჩევნო ბლოკი „ბაქრაძე, უგულავა-ევროპული საქართველო”",,13,ვანი,,2,მიხეილ,დვალიშვილი,მიხეილ დვალიშვილი,,,majoritarians_all.pdf
local_2017,__main__,council_smd,european_georgia,"საარჩევნო ბლოკი „ბაქრაძე, უგულავა-ევროპული საქართველო”",,4,ვანი,,2,რაული,ძაგნიძე,რაული ძაგნიძე,,,majoritarians_all.pdf
local_2017,__main__,council_smd,european_georgia,"საარჩევნო ბლოკი „ბაქრაძე, უგულავა-ევროპული საქართველო”",,6,ვანი,,2,ქართლოს,ქავთარაძე,ქართლოს ქავთარაძე,,,majoritarians_all.pdf
local_2017,__main__,council_smd,european_georgia,"საარჩევნო ბლოკი „ბაქრაძე, უგულავა-ევროპული საქართველო”",,3,ვანი,,2,ავთანდილ,ტყეშელაშვილი,ავთანდილ ტყეშელაშვილი,,,majoritarians_all.pdf
local_2017,__main__,council_smd,european_georgia,"საარჩევნო ბლოკი „ბაქრაძე, უგულავა-ევროპული საქართველო”",,2,ვანი,,2,თენგის,მელაძე,თენგის მელაძე,,,majoritarians_all.pdf
local_2017,__main__,council_smd,european_georgia,"საარჩევნო ბლოკი „ბაქრაძე, უგულავა-ევროპული საქართველო”",,19,ვანი,,2,მელქისადექ,რობაქიძე,მელქისადექ რობაქიძე,,,majoritarians_all.pdf
local_2017,__main__,council_smd,european_georgia,"საარჩევნო ბლოკი „ბაქრაძე, უგულავა-ევროპული საქართველო”",,20,ვანი,,2,ვალერიანე,ხურციძე,ვალერიანე ხურციძე,,,majoritarians_all.pdf
local_2017,__main__,council_smd,european_georgia,"საარჩევნო ბლოკი „ბაქრაძე, უგულავა-ევროპული საქართველო”",,11,ვანი,,2,გიორგი,ძაგნიძე,გიორგი ძაგნიძე,,,majoritarians_all.pdf
local_2017,__main__,council_smd,european_georgia,"საარჩევნო ბლოკი „ბაქრაძე, უგულავა-ევროპული საქართველო”",,7,ვანი,,2,კობა,ძაგნიძე,კობა ძაგნიძე,,,majoritarians_all.pdf
local_2017,__main__,council_smd,european_georgia,"საარჩევნო ბლოკი „ბაქრაძე, უგულავა-ევროპული საქართველო”",,9,ვანი,,2,ირაკლი,ივანიაძე,ირაკლი ივანიაძე,,,majoritarians_all.pdf
local_2017,__main__,council_smd,european_georgia,"საარჩევნო ბლოკი „ბაქრაძე, უგულავა-ევროპული საქართველო”",,10,ვანი,,2,ბადრი,მებურიშვილი,ბადრი მებურიშვილი,,,majoritarians_all.pdf
local_2017,__main__,council_smd,european_georgia,"საარჩევნო ბლოკი „ბაქრაძე, უგულავა-ევროპული საქართველო”",,15,ვანი,,2,მალხაზ,დიაკონიძე,მალხაზ დიაკონიძე,,,majoritarians_all.pdf
local_2017,__main__,council_smd,european_georgia,"საარჩევნო ბლოკი „ბაქრაძე, უგულავა-ევროპული საქართველო”",,14,ვანი,,2,მანუჩარ,ტრაპაიძე,მანუჩარ ტრაპაიძე,,,majoritarians_all.pdf
local_2017,__main__,council_smd,european_georgia,"საარჩევნო ბლოკი „ბაქრაძე, უგულავა-ევროპული საქართველო”",,18,ვანი,,2,მამუკა,ორმოცაძე,მამუკა ორმოცაძე,,,majoritarians_all.pdf
local_2017,__main__,council_smd,european_georgia,"საარჩევნო ბლოკი „ბაქრაძე, უგულავა-ევროპული საქართველო”",,17,ვანი,,2,მიხეილ,გერსამია,მიხეილ გერსამია,,,majoritarians_all.pdf
local_2017,__main__,council_smd,european_georgia,"საარჩევნო ბლოკი „ბაქრაძე, უგულავა-ევროპული საქართველო”",,16,ვანი,,2,ივანე,ქარციძე,ივანე ქარციძე,,,majoritarians_all.pdf
local_2017,__main__,council_smd,unm,საარჩევნო ბლოკი „ერთიანი ნაციონალური მოძრაობა”,,10,ვანი,,5,კუკური,ლიპარიშვილი,კუკური ლიპარიშვილი,,,majoritarians_all.pdf
local_2017,__main__,council_smd,unm,საარჩევნო ბლოკი „ერთიანი ნაციონალური მოძრაობა”,,8,ვანი,,5,გიორგი,ხურციძე,გიორგი ხურციძე,,,majoritarians_all.pdf
local_2017,__main__,council_smd,unm,საარჩევნო ბლოკი „ერთიანი ნაციონალური მოძრაობა”,,7,ვანი,,5,ვარლამი,ოჩხიკიძე,ვარლამი ოჩხიკიძე,,,majoritarians_all.pdf
local_2017,__main__,council_smd,unm,საარჩევნო ბლოკი „ერთიანი ნაციონალური მოძრაობა”,,6,ვანი,,5,ნატო,დვალი,ნატო დვალი,,,majoritarians_all.pdf
local_2017,__main__,council_smd,unm,საარჩევნო ბლოკი „ერთიანი ნაციონალური მოძრაობა”,,12,ვანი,,5,ამტონი,ხელაძე,ამტონი ხელაძე,,,majoritarians_all.pdf
local_2017,__main__,council_smd,unm,საარჩევნო ბლოკი „ერთიანი ნაციონალური მოძრაობა”,,13,ვანი,,5,ავთანდილ,დვალიშვილი,ავთანდილ დვალიშვილი,,,majoritarians_all.pdf
local_2017,__main__,council_smd,unm,საარჩევნო ბლოკი „ერთიანი ნაციონალური მოძრაობა”,,11,ვანი,,5,შოთა,ბაღდავაძე,შოთა ბაღდავაძე,,,majoritarians_all.pdf
local_2017,__main__,council_smd,unm,საარჩევნო ბლოკი „ერთიანი ნაციონალური მოძრაობა”,,9,ვანი,,5,შოთა,კორძაძე,შოთა კორძაძე,,,majoritarians_all.pdf
local_2017,__main__,council_smd,unm,საარჩევნო ბლოკი „ერთიანი ნაციონალური მოძრაობა”,,20,ვანი,,5,რამაზ,გოგიბერიძე,რამაზ გოგიბერიძე,,,majoritarians_all.pdf
local_2017,__main__,council_smd,unm,საარჩევნო ბლოკი „ერთიანი ნაციონალური მოძრაობა”,,14,ვანი,,5,გია,ჯოგლიძე,გია ჯოგლიძე,,,majoritarians_all.pdf
local_2017,__main__,council_smd,unm,საარჩევნო ბლოკი „ერთიანი ნაციონალური მოძრაობა”,,15,ვანი,,5,რაჟდენ,ლომიძე,რაჟდენ ლომიძე,,,majoritarians_all.pdf
local_2017,__main__,council_smd,unm,საარჩევნო ბლოკი „ერთიანი ნაციონალური მოძრაობა”,,18,ვანი,,5,პაატა,ბაღდავაძე,პაატა ბაღდავაძე,,,majoritarians_all.pdf
local_2017,__main__,council_smd,unm,საარჩევნო ბლოკი „ერთიანი ნაციონალური მოძრაობა”,,19,ვანი,,5,ჟანი,შარაშენიძე,ჟანი შარაშენიძე,,,majoritarians_all.pdf
local_2017,__main__,council_smd,unm,საარჩევნო ბლოკი „ერთიანი ნაციონალური მოძრაობა”,,3,ვანი,,5,სევერიანე,ტყეშელაშვილი,სევერიანე ტყეშელაშვილი,,,majoritarians_all.pdf
local_2017,__main__,council_smd,unm,საარჩევნო ბლოკი „ერთიანი ნაციონალური მოძრაობა”,,4,ვანი,,5,ალექსანდრე,მხეიძე,ალექსანდრე მხეიძე,,,majoritarians_all.pdf
local_2017,__main__,council_smd,unm,საარჩევნო ბლოკი „ერთიანი ნაციონალური მოძრაობა”,,5,ვანი,,5,ლაშა,ცერცვაძე,ლაშა ცერცვაძე,,,majoritarians_all.pdf
local_2017,__main__,council_smd,unm,საარჩევნო ბლოკი „ერთიანი ნაციონალური მოძრაობა”,,2,ვანი,,5,ოლეგი,ფუტკარაძე,ოლეგი ფუტკარაძე,,,majoritarians_all.pdf
local_2017,__main__,council_smd,unm,საარჩევნო ბლოკი „ერთიანი ნაციონალური მოძრაობა”,,17,ვანი,,5,ჯუმბერ,ადეიშვილი,ჯუმბერ ადეიშვილი,,,majoritarians_all.pdf
local_2017,__main__,council_smd,unm,საარჩევნო ბლოკი „ერთიანი ნაციონალური მოძრაობა”,,16,ვანი,,5,თეიმურაზ,ხურციძე,თეიმურაზ ხურციძე,,,majoritarians_all.pdf
local_2017,__main__,council_smd,patriots,"„დავით თარხან-მოურავი, ირმა ინაშვილი - საქართველოს პატრიოტთა",,8,ვანი,,8,ალიანსი”ამირან,დვალიშვილი,ალიანსი”ამირან დვალიშვილი,,,majoritarians_all.pdf
local_2017,__main__,council_smd,patriots,"„დავით თარხან-მოურავი, ირმა ინაშვილი - საქართველოს პატრიოტთა",,9,ვანი,,8,ალიანსი”ლამარა,სოფრომაძე,ალიანსი”ლამარა სოფრომაძე,,,majoritarians_all.pdf
local_2017,__main__,council_smd,patriots,"„დავით თარხან-მოურავი, ირმა ინაშვილი - საქართველოს პატრიოტთა",,10,ვანი,,8,ალიანსი”გიორგი,ერისთავი,ალიანსი”გიორგი ერისთავი,,,majoritarians_all.pdf
local_2017,__main__,council_smd,patriots,"„დავით თარხან-მოურავი, ირმა ინაშვილი - საქართველოს პატრიოტთა",,11,ვანი,,8,ალიანსი”ნიკოლოზ,ძაგნიძე,ალიანსი”ნიკოლოზ ძაგნიძე,,,majoritarians_all.pdf
local_2017,__main__,council_smd,patriots,"„დავით თარხან-მოურავი, ირმა ინაშვილი - საქართველოს პატრიოტთა",,12,ვანი,,8,ალიანსი”მურთაზი,ქარჩხაძე,ალიანსი”მურთაზი ქარჩხაძე,,,majoritarians_all.pdf
local_2017,__main__,council_smd,patriots,"„დავით თარხან-მოურავი, ირმა ინაშვილი - საქართველოს პატრიოტთა",,13,ვანი,,8,ალიანსი”ზაალი,გაბუნია,ალიანსი”ზაალი გაბუნია,,,majoritarians_all.pdf
local_2017,__main__,council_smd,patriots,"„დავით თარხან-მოურავი, ირმა ინაშვილი - საქართველოს პატრიოტთა",,14,ვანი,,8,ალიანსი”იური,ხვიჩია,ალიანსი”იური ხვიჩია,,,majoritarians_all.pdf
local_2017,__main__,council_smd,patriots,"„დავით თარხან-მოურავი, ირმა ინაშვილი - საქართველოს პატრიოტთა",,15,ვანი,,8,ალიანსი”ირინა,ვაშაყმაძე,ალიანსი”ირინა ვაშაყმაძე,,,majoritarians_all.pdf
local_2017,__main__,council_smd,patriots,"„დავით თარხან-მოურავი, ირმა ინაშვილი - საქართველოს პატრიოტთა",,18,ვანი,,8,ალიანსი”ლალი,კორძაძე,ალიანსი”ლალი კორძაძე,,,majoritarians_all.pdf
local_2017,__main__,council_smd,patriots,"„დავით თარხან-მოურავი, ირმა ინაშვილი - საქართველოს პატრიოტთა",,19,ვანი,,8,ალიანსი”ლუბა,დვალიშვილი,ალიანსი”ლუბა დვალიშვილი,,,majoritarians_all.pdf
local_2017,__main__,council_smd,patriots,"„დავით თარხან-მოურავი, ირმა ინაშვილი - საქართველოს პატრიოტთა",,20,ვანი,,8,ალიანსი”პოლიკარპე,როხვაძე,ალიანსი”პოლიკარპე როხვაძე,,,majoritarians_all.pdf
local_2017,__main__,council_smd,patriots,"„დავით თარხან-მოურავი, ირმა ინაშვილი - საქართველოს პატრიოტთა",,1,ვანი,,8,ალიანსი”რამაზი,ნამიჭეიშვილი,ალიანსი”რამაზი ნამიჭეიშვილი,,,majoritarians_all.pdf
local_2017,__main__,council_smd,patriots,"„დავით თარხან-მოურავი, ირმა ინაშვილი - საქართველოს პატრიოტთა",,2,ვანი,,8,ალიანსი”ლევან,ზვიადაძე,ალიანსი”ლევან ზვიადაძე,,,majoritarians_all.pdf
local_2017,__main__,council_smd,patriots,"„დავით თარხან-მოურავი, ირმა ინაშვილი - საქართველოს პატრიოტთა",,3,ვანი,,8,ალიანსი”თამაზი,ტყეშელაშვილი,ალიანსი”თამაზი ტყეშელაშვილი,,,majoritarians_all.pdf
local_2017,__main__,council_smd,patriots,"„დავით თარხან-მოურავი, ირმა ინაშვილი - საქართველოს პატრიოტთა",,4,ვანი,,8,ალიანსი”მექი,ძაგნიძე,ალიანსი”მექი ძაგნიძე,,,majoritarians_all.pdf
local_2017,__main__,council_smd,patriots,"„დავით თარხან-მოურავი, ირმა ინაშვილი - საქართველოს პატრიოტთა",,6,ვანი,,8,ალიანსი”დავითი,სუპატაშვილი,ალიანსი”დავითი სუპატაშვილი,,,majoritarians_all.pdf
local_2017,__main__,council_smd,labour,„შალვა ნათელაშვილი - საქართველოს ლეიბორისტული პარტია”,,19,ვანი,,10,არმაზ,გიორგაძე,არმაზ გიორგაძე,,,majoritarians_all.pdf
local_2017,__main__,council_smd,labour,„შალვა ნათელაშვილი - საქართველოს ლეიბორისტული პარტია”,,8,ვანი,,10,გიორგი,ხურციძე,გიორგი ხურციძე,,,majoritarians_all.pdf
local_2017,__main__,council_smd,labour,„შალვა ნათელაშვილი - საქართველოს ლეიბორისტული პარტია”,,12,ვანი,,10,გელა,ხურციძე,გელა ხურციძე,,,majoritarians_all.pdf
local_2017,__main__,council_smd,labour,„შალვა ნათელაშვილი - საქართველოს ლეიბორისტული პარტია”,,18,ვანი,,10,დავით,შარაშენიძე,დავით შარაშენიძე,,,majoritarians_all.pdf
local_2017,__main__,council_smd,labour,„შალვა ნათელაშვილი - საქართველოს ლეიბორისტული პარტია”,,2,ვანი,,10,ვალერიანე,ხურციძე,ვალერიანე ხურციძე,,,majoritarians_all.pdf
local_2017,__main__,council_smd,labour,„შალვა ნათელაშვილი - საქართველოს ლეიბორისტული პარტია”,,1,ვანი,,10,მაია,ხელაძე,მაია ხელაძე,,,majoritarians_all.pdf
local_2017,__main__,council_smd,gd,„ქართული ოცნება-დემოკრატიული საქართველო”,,16,ვანი,,41,გელა,ღვიტიძე,გელა ღვიტიძე,,,majoritarians_all.pdf
local_2017,__main__,council_smd,gd,„ქართული ოცნება-დემოკრატიული საქართველო”,,20,ვანი,,41,მერაბი,ხურციძე,მერაბი ხურციძე,,,majoritarians_all.pdf
local_2017,__main__,council_smd,gd,„ქართული ოცნება-დემოკრატიული საქართველო”,,10,ვანი,,41,ამირან,ტალახაძე,ამირან ტალახაძე,,,majoritarians_all.pdf
local_2017,__main__,council_smd,gd,„ქართული ოცნება-დემოკრატიული საქართველო”,,14,ვანი,,41,ვარლამ,გიორგაძე,ვარლამ გიორგაძე,,,majoritarians_all.pdf
local_2017,__main__,council_smd,gd,„ქართული ოცნება-დემოკრატიული საქართველო”,,15,ვანი,,41,სანდრო,ხურციძე,სანდრო ხურციძე,,,majoritarians_all.pdf
local_2017,__main__,council_smd,gd,„ქართული ოცნება-დემოკრატიული საქართველო”,,3,ვანი,,41,გია,ხარაბაძე,გია ხარაბაძე,,,majoritarians_all.pdf
local_2017,__main__,council_smd,gd,„ქართული ოცნება-დემოკრატიული საქართველო”,,2,ვანი,,41,ალექსანდრე,ოქროპილაშვილი,ალექსანდრე ოქროპილაშვილი,,,majoritarians_all.pdf
local_2017,__main__,council_smd,gd,„ქართული ოცნება-დემოკრატიული საქართველო”,,11,ვანი,,41,გიგა,გოგიბერიძე,გიგა გოგიბერიძე,,,majoritarians_all.pdf
local_2017,__main__,council_smd,gd,„ქართული ოცნება-დემოკრატიული საქართველო”,,7,ვანი,,41,რობიზონ,ფუტკარაძე,რობიზონ ფუტკარაძე,,,majoritarians_all.pdf
local_2017,__main__,council_smd,gd,„ქართული ოცნება-დემოკრატიული საქართველო”,,12,ვანი,,41,პაატა,ხურციძე,პაატა ხურციძე,,,majoritarians_all.pdf
local_2017,__main__,council_smd,gd,„ქართული ოცნება-დემოკრატიული საქართველო”,,13,ვანი,,41,თენგიზ,დვალიშვილი,თენგიზ დვალიშვილი,,,majoritarians_all.pdf
local_2017,__main__,council_smd,gd,„ქართული ოცნება-დემოკრატიული საქართველო”,,18,ვანი,,41,რამაზ,არველაძე,რამაზ არველაძე,,,majoritarians_all.pdf
local_2017,__main__,council_smd,gd,„ქართული ოცნება-დემოკრატიული საქართველო”,,19,ვანი,,41,შოთა,გიორგაძე,შოთა გიორგაძე,,,majoritarians_all.pdf
local_2017,__main__,council_smd,gd,„ქართული ოცნება-დემოკრატიული საქართველო”,,17,ვანი,,41,დავით,ადეიშვილი,დავით ადეიშვილი,,,majoritarians_all.pdf
local_2017,__main__,council_smd,gd,„ქართული ოცნება-დემოკრატიული საქართველო”,,8,ვანი,,41,ტარიელ,ბარამიძე,ტარიელ ბარამიძე,,,majoritarians_all.pdf
local_2017,__main__,council_smd,gd,„ქართული ოცნება-დემოკრატიული საქართველო”,,9,ვანი,,41,ივანე,კორძაძე,ივანე კორძაძე,,,majoritarians_all.pdf
local_2017,__main__,council_smd,gd,„ქართული ოცნება-დემოკრატიული საქართველო”,,4,ვანი,,41,ოლეგი,მიქელთაძე,ოლეგი მიქელთაძე,,,majoritarians_all.pdf
local_2017,__main__,council_smd,gd,„ქართული ოცნება-დემოკრატიული საქართველო”,,5,ვანი,,41,მალხაზ,ცერცვაძე,მალხაზ ცერცვაძე,,,majoritarians_all.pdf
local_2017,__main__,council_smd,gd,„ქართული ოცნება-დემოკრატიული საქართველო”,,1,ვანი,,41,ბიჭიკო,პაიკიძე,ბიჭიკო პაიკიძე,,,majoritarians_all.pdf
local_2017,__main__,council_smd,gd,„ქართული ოცნება-დემოკრატიული საქართველო”,,6,ვანი,,41,შალვა,ლორთქიფანიძე,შალვა ლორთქიფანიძე,,,majoritarians_all.pdf
local_2017,__main__,council_smd,european_georgia,"საარჩევნო ბლოკი „ბაქრაძე, უგულავა-ევროპული საქართველო”",,14,სამტრედია,,2,სევერიან,ლორია,სევერიან ლორია,,,majoritarians_all.pdf
local_2017,__main__,council_smd,european_georgia,"საარჩევნო ბლოკი „ბაქრაძე, უგულავა-ევროპული საქართველო”",,13,სამტრედია,,2,დათუნა,ქორიძე,დათუნა ქორიძე,,,majoritarians_all.pdf
local_2017,__main__,council_smd,european_georgia,"საარჩევნო ბლოკი „ბაქრაძე, უგულავა-ევროპული საქართველო”",,1,სამტრედია,,2,ბეჟან,ბაკურაძე,ბეჟან ბაკურაძე,,,majoritarians_all.pdf
local_2017,__main__,council_smd,european_georgia,"საარჩევნო ბლოკი „ბაქრაძე, უგულავა-ევროპული საქართველო”",,1,სამტრედია,,2,თამარ,ახობაძე,თამარ ახობაძე,,,majoritarians_all.pdf
local_2017,__main__,council_smd,european_georgia,"საარჩევნო ბლოკი „ბაქრაძე, უგულავა-ევროპული საქართველო”",,1,სამტრედია,,2,გივი,ჯულაყიძე,გივი ჯულაყიძე,,,majoritarians_all.pdf
local_2017,__main__,council_smd,european_georgia,"საარჩევნო ბლოკი „ბაქრაძე, უგულავა-ევროპული საქართველო”",,3,სამტრედია,,2,მარინა,ხაზარაძე,მარინა ხაზარაძე,,,majoritarians_all.pdf
local_2017,__main__,council_smd,european_georgia,"საარჩევნო ბლოკი „ბაქრაძე, უგულავა-ევროპული საქართველო”",,4,სამტრედია,,2,ვლადიმერ,ბარამიძე,ვლადიმერ ბარამიძე,,,majoritarians_all.pdf
local_2017,__main__,council_smd,european_georgia,"საარჩევნო ბლოკი „ბაქრაძე, უგულავა-ევროპული საქართველო”",,5,სამტრედია,,2,ზაზა,მეგენეიშვილი,ზაზა მეგენეიშვილი,,,majoritarians_all.pdf
local_2017,__main__,council_smd,european_georgia,"საარჩევნო ბლოკი „ბაქრაძე, უგულავა-ევროპული საქართველო”",,6,სამტრედია,,2,მამუკა,კიწმარიშვილი,მამუკა კიწმარიშვილი,,,majoritarians_all.pdf
local_2017,__main__,council_smd,european_georgia,"საარჩევნო ბლოკი „ბაქრაძე, უგულავა-ევროპული საქართველო”",,2,სამტრედია,,2,გაგა,ოჩხიკიძე,გაგა ოჩხიკიძე,,,majoritarians_all.pdf
local_2017,__main__,council_smd,european_georgia,"საარჩევნო ბლოკი „ბაქრაძე, უგულავა-ევროპული საქართველო”",,7,სამტრედია,,2,ზაზა,ახობაძე,ზაზა ახობაძე,,,majoritarians_all.pdf
local_2017,__main__,council_smd,european_georgia,"საარჩევნო ბლოკი „ბაქრაძე, უგულავა-ევროპული საქართველო”",,8,სამტრედია,,2,თეიმურაზ,კახიანი,თეიმურაზ კახიანი,,,majoritarians_all.pdf
local_2017,__main__,council_smd,european_georgia,"საარჩევნო ბლოკი „ბაქრაძე, უგულავა-ევროპული საქართველო”",,9,სამტრედია,,2,კობა,თვალავაძე,კობა თვალავაძე,,,majoritarians_all.pdf
local_2017,__main__,council_smd,european_georgia,"საარჩევნო ბლოკი „ბაქრაძე, უგულავა-ევროპული საქართველო”",,12,სამტრედია,,2,ნინო,ჭაფოძე,ნინო ჭაფოძე,,,majoritarians_all.pdf
local_2017,__main__,council_smd,european_georgia,"საარჩევნო ბლოკი „ბაქრაძე, უგულავა-ევროპული საქართველო”",,15,სამტრედია,,2,გიორგი,გვალია,გიორგი გვალია,,,majoritarians_all.pdf
local_2017,__main__,council_smd,european_georgia,"საარჩევნო ბლოკი „ბაქრაძე, უგულავა-ევროპული საქართველო”",,10,სამტრედია,,2,გოჩა,ადეიშვილი,გოჩა ადეიშვილი,,,majoritarians_all.pdf
local_2017,__main__,council_smd,european_georgia,"საარჩევნო ბლოკი „ბაქრაძე, უგულავა-ევროპული საქართველო”",,11,სამტრედია,,2,გიორგი,შენგელია,გიორგი შენგელია,,,majoritarians_all.pdf
local_2017,__main__,council_smd,european_georgia,"საარჩევნო ბლოკი „ბაქრაძე, უგულავა-ევროპული საქართველო”",,1,სამტრედია,,2,ჟუჟუნა,ფოფხაძე,ჟუჟუნა ფოფხაძე,,,majoritarians_all.pdf
local_2017,__main__,council_smd,free_georgia,"საარჩევნო ბლოკი „დიმიტრი ლორთქიფანიძე, კახა კუკავა-დემოკრატიული მოძრაობა-თავისუფალი საქართველო”",,14,სამტრედია,,3,ბიძინა,ლორია,ბიძინა ლორია,,,majoritarians_all.pdf
local_2017,__main__,council_smd,free_georgia,"საარჩევნო ბლოკი „დიმიტრი ლორთქიფანიძე, კახა კუკავა-დემოკრატიული მოძრაობა-თავისუფალი საქართველო”",,15,სამტრედია,,3,დავით,მანჯგალაძე,დავით მანჯგალაძე,,,majoritarians_all.pdf
local_2017,__main__,council_smd,free_georgia,"საარჩევნო ბლოკი „დიმიტრი ლორთქიფანიძე, კახა კუკავა-დემოკრატიული მოძრაობა-თავისუფალი საქართველო”",,13,სამტრედია,,3,კონსტანტინე,ჩხაიძე,კონსტანტინე ჩხაიძე,,,majoritarians_all.pdf
local_2017,__main__,council_smd,free_georgia,"საარჩევნო ბლოკი „დიმიტრი ლორთქიფანიძე, კახა კუკავა-დემოკრატიული მოძრაობა-თავისუფალი საქართველო”",,10,სამტრედია,,3,ზურაბ,ლეჟავა,ზურაბ ლეჟავა,,,majoritarians_all.pdf
local_2017,__main__,council_smd,free_georgia,"საარჩევნო ბლოკი „დიმიტრი ლორთქიფანიძე, კახა კუკავა-დემოკრატიული მოძრაობა-თავისუფალი საქართველო”",,9,სამტრედია,,3,გოდერძი,ლეკვეიშვილი,გოდერძი ლეკვეიშვილი,,,majoritarians_all.pdf
local_2017,__main__,council_smd,free_georgia,"საარჩევნო ბლოკი „დიმიტრი ლორთქიფანიძე, კახა კუკავა-დემოკრატიული მოძრაობა-თავისუფალი საქართველო”",,8,სამტრედია,,3,ანზორი,კოპალეიშვილი,ანზორი კოპალეიშვილი,,,majoritarians_all.pdf
local_2017,__main__,council_smd,free_georgia,"საარჩევნო ბლოკი „დიმიტრი ლორთქიფანიძე, კახა კუკავა-დემოკრატიული მოძრაობა-თავისუფალი საქართველო”",,3,სამტრედია,,3,ილია,კაშია,ილია კაშია,,,majoritarians_all.pdf
local_2017,__main__,council_smd,free_georgia,"საარჩევნო ბლოკი „დიმიტრი ლორთქიფანიძე, კახა კუკავა-დემოკრატიული მოძრაობა-თავისუფალი საქართველო”",,2,სამტრედია,,3,ბიძინა,ჩაჩუა,ბიძინა ჩაჩუა,,,majoritarians_all.pdf
local_2017,__main__,council_smd,free_georgia,"საარჩევნო ბლოკი „დიმიტრი ლორთქიფანიძე, კახა კუკავა-დემოკრატიული მოძრაობა-თავისუფალი საქართველო”",,1,სამტრედია,,3,ნიკოლოზ,კაკაბაძე,ნიკოლოზ კაკაბაძე,,,majoritarians_all.pdf
local_2017,__main__,council_smd,free_georgia,"საარჩევნო ბლოკი „დიმიტრი ლორთქიფანიძე, კახა კუკავა-დემოკრატიული მოძრაობა-თავისუფალი საქართველო”",,4,სამტრედია,,3,ტარიელ,თელია,ტარიელ თელია,,,majoritarians_all.pdf
local_2017,__main__,council_smd,free_georgia,"საარჩევნო ბლოკი „დიმიტრი ლორთქიფანიძე, კახა კუკავა-დემოკრატიული მოძრაობა-თავისუფალი საქართველო”",,7,სამტრედია,,3,ჯამბულ,ჩხაიძე,ჯამბულ ჩხაიძე,,,majoritarians_all.pdf
local_2017,__main__,council_smd,free_georgia,"საარჩევნო ბლოკი „დიმიტრი ლორთქიფანიძე, კახა კუკავა-დემოკრატიული მოძრაობა-თავისუფალი საქართველო”",,1,სამტრედია,,3,ლილი,კრავეიშვილი,ლილი კრავეიშვილი,,,majoritarians_all.pdf
local_2017,__main__,council_smd,free_georgia,"საარჩევნო ბლოკი „დიმიტრი ლორთქიფანიძე, კახა კუკავა-დემოკრატიული მოძრაობა-თავისუფალი საქართველო”",,1,სამტრედია,,3,ეკა,ზურაშვილი,ეკა ზურაშვილი,,,majoritarians_all.pdf
local_2017,__main__,council_smd,unm,საარჩევნო ბლოკი „ერთიანი ნაციონალური მოძრაობა”,,3,სამტრედია,,5,ლუარსაბ,მეძმარიაშვილი,ლუარსაბ მეძმარიაშვილი,,,majoritarians_all.pdf
local_2017,__main__,council_smd,unm,საარჩევნო ბლოკი „ერთიანი ნაციონალური მოძრაობა”,,4,სამტრედია,,5,ქეთევან,კუტალაძე,ქეთევან კუტალაძე,,,majoritarians_all.pdf
local_2017,__main__,council_smd,unm,საარჩევნო ბლოკი „ერთიანი ნაციონალური მოძრაობა”,,10,სამტრედია,,5,გიული,ხუჭუა,გიული ხუჭუა,,,majoritarians_all.pdf
local_2017,__main__,council_smd,unm,საარჩევნო ბლოკი „ერთიანი ნაციონალური მოძრაობა”,,5,სამტრედია,,5,აკაკი,გაბედავა,აკაკი გაბედავა,,,majoritarians_all.pdf
local_2017,__main__,council_smd,unm,საარჩევნო ბლოკი „ერთიანი ნაციონალური მოძრაობა”,,6,სამტრედია,,5,ლევან,ლორია,ლევან ლორია,,,majoritarians_all.pdf
local_2017,__main__,council_smd,unm,საარჩევნო ბლოკი „ერთიანი ნაციონალური მოძრაობა”,,7,სამტრედია,,5,დემურ,დევიძე,დემურ დევიძე,,,majoritarians_all.pdf
local_2017,__main__,council_smd,unm,საარჩევნო ბლოკი „ერთიანი ნაციონალური მოძრაობა”,,9,სამტრედია,,5,ალექსანდრე,კოხრეიძე,ალექსანდრე კოხრეიძე,,,majoritarians_all.pdf
local_2017,__main__,council_smd,unm,საარჩევნო ბლოკი „ერთიანი ნაციონალური მოძრაობა”,,8,სამტრედია,,5,ზურაბ,ციბაძე,ზურაბ ციბაძე,,,majoritarians_all.pdf
local_2017,__main__,council_smd,unm,საარჩევნო ბლოკი „ერთიანი ნაციონალური მოძრაობა”,,1,სამტრედია,,5,აკაკი,მინაშვილი,აკაკი მინაშვილი,,,majoritarians_all.pdf
local_2017,__main__,council_smd,unm,საარჩევნო ბლოკი „ერთიანი ნაციონალური მოძრაობა”,,2,სამტრედია,,5,ირაკლი,ახობაძე,ირაკლი ახობაძე,,,majoritarians_all.pdf
local_2017,__main__,council_smd,unm,საარჩევნო ბლოკი „ერთიანი ნაციონალური მოძრაობა”,,1,სამტრედია,,5,ავთანდილ,თადუმაძე,ავთანდილ თადუმაძე,,,majoritarians_all.pdf
local_2017,__main__,council_smd,unm,საარჩევნო ბლოკი „ერთიანი ნაციონალური მოძრაობა”,,1,სამტრედია,,5,ნუკრი,კუჭავა,ნუკრი კუჭავა,,,majoritarians_all.pdf
local_2017,__main__,council_smd,unm,საარჩევნო ბლოკი „ერთიანი ნაციონალური მოძრაობა”,,1,სამტრედია,,5,ემზარ,შუბლაძე,ემზარ შუბლაძე,,,majoritarians_all.pdf
local_2017,__main__,council_smd,unm,საარჩევნო ბლოკი „ერთიანი ნაციონალური მოძრაობა”,,13,სამტრედია,,5,დავით,ნიკოლეიშვილი,დავით ნიკოლეიშვილი,,,majoritarians_all.pdf
local_2017,__main__,council_smd,unm,საარჩევნო ბლოკი „ერთიანი ნაციონალური მოძრაობა”,,14,სამტრედია,,5,ლაშა,გრიგოლია,ლაშა გრიგოლია,,,majoritarians_all.pdf
local_2017,__main__,council_smd,unm,საარჩევნო ბლოკი „ერთიანი ნაციონალური მოძრაობა”,,15,სამტრედია,,5,ჯუტუ,თვალოძე,ჯუტუ თვალოძე,,,majoritarians_all.pdf
local_2017,__main__,council_smd,unm,საარჩევნო ბლოკი „ერთიანი ნაციონალური მოძრაობა”,,11,სამტრედია,,5,გიორგი,ნინუა,გიორგი ნინუა,,,majoritarians_all.pdf
local_2017,__main__,council_smd,unm,საარჩევნო ბლოკი „ერთიანი ნაციონალური მოძრაობა”,,12,სამტრედია,,5,გია,ჩაჩუა,გია ჩაჩუა,,,majoritarians_all.pdf
local_2017,__main__,council_smd,republicans_2016,„რესპუბლიკური პარტია”,,1,სამტრედია,,6,ჯეირან,კეკუა,ჯეირან კეკუა,,,majoritarians_all.pdf
local_2017,__main__,council_smd,republicans_2016,„რესპუბლიკური პარტია”,,1,სამტრედია,,6,გრიგოლ,რუსია,გრიგოლ რუსია,,,majoritarians_all.pdf
local_2017,__main__,council_smd,republicans_2016,„ რესპუბლიკური პარტია”,,1,სამტრედია,,6,კონსტანტინე,ნიკოლეიშვილი,კონსტანტინე ნიკოლეიშვილი,,,majoritarians_all.pdf
local_2017,__main__,council_smd,republicans_2016,„რესპუბლიკური პარტია”,,1,სამტრედია,,6,ილია,ქარჩილაძე,ილია ქარჩილაძე,,,majoritarians_all.pdf
local_2017,__main__,council_smd,patriots,"„დავით თარხან-მოურავი, ირმა ინაშვილი - საქართველოს პატრიოტთა",,1,სამტრედია,,8,ალიანსი”ინგა,ხელაძე,ალიანსი”ინგა ხელაძე,,,majoritarians_all.pdf
local_2017,__main__,council_smd,patriots,"„დავით თარხან-მოურავი, ირმა ინაშვილი - საქართველოს პატრიოტთა",,1,სამტრედია,,8,ალიანსი”აკაკი,ჯოჯუა,ალიანსი”აკაკი ჯოჯუა,,,majoritarians_all.pdf
local_2017,__main__,council_smd,patriots,"„დავით თარხან-მოურავი, ირმა ინაშვილი - საქართველოს პატრიოტთა",,1,სამტრედია,,8,ალიანსი”ბეჟანი,პატარიძე,ალიანსი”ბეჟანი პატარიძე,,,majoritarians_all.pdf
local_2017,__main__,council_smd,patriots,"„დავით თარხან-მოურავი, ირმა ინაშვილი - საქართველოს პატრიოტთა",,1,სამტრედია,,8,ალიანსი”ზაზა,ნიკოლეიშვილი,ალიანსი”ზაზა ნიკოლეიშვილი,,,majoritarians_all.pdf
local_2017,__main__,council_smd,patriots,"„დავით თარხან-მოურავი, ირმა ინაშვილი - საქართველოს პატრიოტთა",,2,სამტრედია,,8,ალიანსი”თეიმურაზ,შენგელია,ალიანსი”თეიმურაზ შენგელია,,,majoritarians_all.pdf
local_2017,__main__,council_smd,patriots,"„დავით თარხან-მოურავი, ირმა ინაშვილი - საქართველოს პატრიოტთა",,5,სამტრედია,,8,ალიანსი”რევაზ,ქორიძე,ალიანსი”რევაზ ქორიძე,,,majoritarians_all.pdf
local_2017,__main__,council_smd,patriots,"„დავით თარხან-მოურავი, ირმა ინაშვილი - საქართველოს პატრიოტთა",,8,სამტრედია,,8,ალიანსი”ზაზა,შოვნაძე,ალიანსი”ზაზა შოვნაძე,,,majoritarians_all.pdf
local_2017,__main__,council_smd,patriots,"„დავით თარხან-მოურავი, ირმა ინაშვილი - საქართველოს პატრიოტთა",,7,სამტრედია,,8,ალიანსი”ირაკლი,ვაშაკიძე,ალიანსი”ირაკლი ვაშაკიძე,,,majoritarians_all.pdf
local_2017,__main__,council_smd,patriots,"„დავით თარხან-მოურავი, ირმა ინაშვილი - საქართველოს პატრიოტთა",,9,სამტრედია,,8,ალიანსი”იური,კოხრეიძე,ალიანსი”იური კოხრეიძე,,,majoritarians_all.pdf
local_2017,__main__,council_smd,patriots,"„დავით თარხან-მოურავი, ირმა ინაშვილი - საქართველოს პატრიოტთა",,3,სამტრედია,,8,ალიანსი”გია,ჭოლაძე,ალიანსი”გია ჭოლაძე,,,majoritarians_all.pdf
local_2017,__main__,council_smd,patriots,"„დავით თარხან-მოურავი, ირმა ინაშვილი - საქართველოს პატრიოტთა",,11,სამტრედია,,8,ალიანსი”ხვიჩა,თადუმაძე,ალიანსი”ხვიჩა თადუმაძე,,,majoritarians_all.pdf
local_2017,__main__,council_smd,construction_movement_2017,„შენების მოძრაობა”,,11,სამტრედია,,20,ჯონი,ბზიკაძე,ჯონი ბზიკაძე,,,majoritarians_all.pdf
local_2017,__main__,council_smd,construction_movement_2017,„შენების მოძრაობა”,,7,სამტრედია,,20,ზურაბ,ფანცულაია,ზურაბ ფანცულაია,,,majoritarians_all.pdf
local_2017,__main__,council_smd,construction_movement_2017,„შენების მოძრაობა”,,1,სამტრედია,,20,სოფიო,კეშელავა,სოფიო კეშელავა,,,majoritarians_all.pdf
local_2017,__main__,council_smd,construction_movement_2017,„შენების მოძრაობა”,,3,სამტრედია,,20,ქეთევან,ჭოლაძე,ქეთევან ჭოლაძე,,,majoritarians_all.pdf
local_2017,__main__,council_smd,construction_movement_2017,„შენების მოძრაობა”,,1,სამტრედია,,20,იმედა,თევზაძე,იმედა თევზაძე,,,majoritarians_all.pdf
local_2017,__main__,council_smd,construction_movement_2017,„შენების მოძრაობა”,,14,სამტრედია,,20,ნიკოლოზ,ჯიხვაძე,ნიკოლოზ ჯიხვაძე,,,majoritarians_all.pdf
local_2017,__main__,council_smd,construction_movement_2017,„შენების მოძრაობა”,,1,სამტრედია,,20,რობერტი,შალამბერიძე,რობერტი შალამბერიძე,,,majoritarians_all.pdf
local_2017,__main__,council_smd,construction_movement_2017,„შენების მოძრაობა”,,9,სამტრედია,,20,ლევან,ფესვიანიძე,ლევან ფესვიანიძე,,,majoritarians_all.pdf
local_2017,__main__,council_smd,construction_movement_2017,„შენების მოძრაობა”,,5,სამტრედია,,20,მამია,ამაღლობელი,მამია ამაღლობელი,,,majoritarians_all.pdf
local_2017,__main__,council_smd,construction_movement_2017,„შენების მოძრაობა”,,6,სამტრედია,,20,ვლადიმერ,ლორია,ვლადიმერ ლორია,,,majoritarians_all.pdf
local_2017,__main__,council_smd,construction_movement_2017,„შენების მოძრაობა”,,15,სამტრედია,,20,პრაკოფი,ფოცხვერია,პრაკოფი ფოცხვერია,,,majoritarians_all.pdf
local_2017,__main__,council_smd,construction_movement_2017,„შენების მოძრაობა”,,2,სამტრედია,,20,მამუკა,მინაშვილი,მამუკა მინაშვილი,,,majoritarians_all.pdf
local_2017,__main__,council_smd,construction_movement_2017,„შენების მოძრაობა”,,1,სამტრედია,,20,დიმიტრი,სულაქველიძე,დიმიტრი სულაქველიძე,,,majoritarians_all.pdf
local_2017,__main__,council_smd,vashadze_2017,საარჩევნო ბლოკი „გიორგი ვაშაძე - ერთობა ახალი საქართველო”,,5,სამტრედია,,27,მამუკა,ნიკოლეიშვილი,მამუკა ნიკოლეიშვილი,,,majoritarians_all.pdf
local_2017,__main__,council_smd,gd,„ქართული ოცნება-დემოკრატიული საქართველო”,,14,სამტრედია,,41,ილია,მჟავია,ილია მჟავია,,,majoritarians_all.pdf
local_2017,__main__,council_smd,gd,„ქართული ოცნება-დემოკრატიული საქართველო”,,7,სამტრედია,,41,გიორგი,ლეჟავა,გიორგი ლეჟავა,,,majoritarians_all.pdf
local_2017,__main__,council_smd,gd,„ქართული ოცნება-დემოკრატიული საქართველო”,,12,სამტრედია,,41,ტარიელ,თევზაძე,ტარიელ თევზაძე,,,majoritarians_all.pdf
local_2017,__main__,council_smd,gd,„ქართული ოცნება-დემოკრატიული საქართველო”,,13,სამტრედია,,41,ბაია,იმესაშვილი,ბაია იმესაშვილი,,,majoritarians_all.pdf
local_2017,__main__,council_smd,gd,„ქართული ოცნება-დემოკრატიული საქართველო”,,1,სამტრედია,,41,ლაშა,რუსია,ლაშა რუსია,,,majoritarians_all.pdf
local_2017,__main__,council_smd,gd,„ქართული ოცნება-დემოკრატიული საქართველო”,,2,სამტრედია,,41,გოჩა,არველაძე,გოჩა არველაძე,,,majoritarians_all.pdf
local_2017,__main__,council_smd,gd,„ქართული ოცნება-დემოკრატიული საქართველო”,,3,სამტრედია,,41,კოტე,ნაცვლიშვილი,კოტე ნაცვლიშვილი,,,majoritarians_all.pdf
local_2017,__main__,council_smd,gd,„ქართული ოცნება-დემოკრატიული საქართველო”,,4,სამტრედია,,41,რაჟდენ,ტორონჯაძე,რაჟდენ ტორონჯაძე,,,majoritarians_all.pdf
local_2017,__main__,council_smd,gd,„ქართული ოცნება-დემოკრატიული საქართველო”,,5,სამტრედია,,41,დავით,ამაღლობელი,დავით ამაღლობელი,,,majoritarians_all.pdf
local_2017,__main__,council_smd,gd,„ქართული ოცნება-დემოკრატიული საქართველო”,,6,სამტრედია,,41,გრიგოლ,ჩიგოგიძე,გრიგოლ ჩიგოგიძე,,,majoritarians_all.pdf
local_2017,__main__,council_smd,gd,„ქართული ოცნება-დემოკრატიული საქართველო”,,1,სამტრედია,,41,კობა,ძიძიგური,კობა ძიძიგური,,,majoritarians_all.pdf
local_2017,__main__,council_smd,gd,„ქართული ოცნება-დემოკრატიული საქართველო”,,1,სამტრედია,,41,ზაზა,ადეიშვილი,ზაზა ადეიშვილი,,,majoritarians_all.pdf
local_2017,__main__,council_smd,gd,„ქართული ოცნება-დემოკრატიული საქართველო”,,1,სამტრედია,,41,ვახტანგ,დუნდუა,ვახტანგ დუნდუა,,,majoritarians_all.pdf
local_2017,__main__,council_smd,gd,„ქართული ოცნება-დემოკრატიული საქართველო”,,8,სამტრედია,,41,მერაბ,უღრელიძე,მერაბ უღრელიძე,,,majoritarians_all.pdf
local_2017,__main__,council_smd,gd,„ქართული ოცნება-დემოკრატიული საქართველო”,,9,სამტრედია,,41,ვაჟა,კოხრეიძე,ვაჟა კოხრეიძე,,,majoritarians_all.pdf
local_2017,__main__,council_smd,gd,„ქართული ოცნება-დემოკრატიული საქართველო”,,10,სამტრედია,,41,ხვიჩა,ფანცულაია,ხვიჩა ფანცულაია,,,majoritarians_all.pdf
local_2017,__main__,council_smd,gd,„ქართული ოცნება-დემოკრატიული საქართველო”,,11,სამტრედია,,41,ვაჟა,სტურუა,ვაჟა სტურუა,,,majoritarians_all.pdf
local_2017,__main__,council_smd,gd,„ქართული ოცნება-დემოკრატიული საქართველო”,,15,სამტრედია,,41,ბადრი,შენგელია,ბადრი შენგელია,,,majoritarians_all.pdf
local_2017,__main__,council_smd,initiative_group,"საინიციატივო ჯგუფი - ეკატერინე მიქავა, ბადრი თავაძე, თამაზი ჯოჯუა, გიორგი სულაქველიძე, ლეონადი ძიძიგური",,1,სამტრედია,,142,გია,ჯანჯალია,გია ჯანჯალია,,,majoritarians_all.pdf
local_2017,__main__,council_smd,initiative_group,"საინიციატივო ჯგუფი - ბესარიონ ნიკურაძე, ჯაბა ნიკურაძე, თეა მეგენეიშვილი, მურმან ნიკურაძე, დათო ნიკურაძე",,5,სამტრედია,,42,ვაჟა,ნიკურაძე,ვაჟა ნიკურაძე,,,majoritarians_all.pdf
local_2017,__main__,council_smd,initiative_group,"საინიციატივო ჯგუფი - ზურაბ კოხრეიძე, გიორგი ესაკია, თეიმურაზ კოხრეიძე, ამირან ლეკვეიშვილი, მაია ხორხომელიძე",,9,სამტრედია,,42,ილარიონ,ჩაჩუა,ილარიონ ჩაჩუა,,,majoritarians_all.pdf
local_2017,__main__,council_smd,initiative_group,"საინიციატივო ჯგუფი - ქეთევან მაჭარაშვილი, ლია ურიდია, გიგანტი ბიბილეიშვილი, მარინა ლეკვეიშვილი, მარინე ნინუა",,1,სამტრედია,,442,ტარიელ,ალფაიძე,ტარიელ ალფაიძე,,,majoritarians_all.pdf
local_2017,__main__,council_smd,european_georgia,"საარჩევნო ბლოკი „ბაქრაძე, უგულავა-ევროპული საქართველო”",,7,ხონი,,2,ირაკლი,ჯიშკარიანი,ირაკლი ჯიშკარიანი,,,majoritarians_all.pdf
local_2017,__main__,council_smd,european_georgia,"საარჩევნო ბლოკი „ბაქრაძე, უგულავა-ევროპული საქართველო”",,6,ხონი,,2,ნუგზარ,ხეცურიანი,ნუგზარ ხეცურიანი,,,majoritarians_all.pdf
local_2017,__main__,council_smd,european_georgia,"საარჩევნო ბლოკი „ბაქრაძე, უგულავა-ევროპული საქართველო”",,8,ხონი,,2,ნატო,კოპალიანი,ნატო კოპალიანი,,,majoritarians_all.pdf
local_2017,__main__,council_smd,european_georgia,"საარჩევნო ბლოკი „ბაქრაძე, უგულავა-ევროპული საქართველო”",,1,ხონი,,2,კახა,ბახტაძე,კახა ბახტაძე,,,majoritarians_all.pdf
local_2017,__main__,council_smd,european_georgia,"საარჩევნო ბლოკი „ბაქრაძე, უგულავა-ევროპული საქართველო”",,3,ხონი,,2,ვლადიმერ,ნუცუბიძე,ვლადიმერ ნუცუბიძე,,,majoritarians_all.pdf
local_2017,__main__,council_smd,european_georgia,"საარჩევნო ბლოკი „ბაქრაძე, უგულავა-ევროპული საქართველო”",,2,ხონი,,2,ლაშა,გედენიძე,ლაშა გედენიძე,,,majoritarians_all.pdf
local_2017,__main__,council_smd,european_georgia,"საარჩევნო ბლოკი „ბაქრაძე, უგულავა-ევროპული საქართველო”",,10,ხონი,,2,ზურაბ,ჯიბუხაია,ზურაბ ჯიბუხაია,,,majoritarians_all.pdf
local_2017,__main__,council_smd,european_georgia,"საარჩევნო ბლოკი „ბაქრაძე, უგულავა-ევროპული საქართველო”",,11,ხონი,,2,კონსტანტინე,ჩერქეზია,კონსტანტინე ჩერქეზია,,,majoritarians_all.pdf
local_2017,__main__,council_smd,european_georgia,"საარჩევნო ბლოკი „ბაქრაძე, უგულავა-ევროპული საქართველო”",,12,ხონი,,2,ნუგზარი,გორდულაძე,ნუგზარი გორდულაძე,,,majoritarians_all.pdf
local_2017,__main__,council_smd,european_georgia,"საარჩევნო ბლოკი „ბაქრაძე, უგულავა-ევროპული საქართველო”",,5,ხონი,,2,შორენა,ჭოლოკავა,შორენა ჭოლოკავა,,,majoritarians_all.pdf
local_2017,__main__,council_smd,european_georgia,"საარჩევნო ბლოკი „ბაქრაძე, უგულავა-ევროპული საქართველო”",,9,ხონი,,2,აკაკი,ჩიხლაძე,აკაკი ჩიხლაძე,,,majoritarians_all.pdf
local_2017,__main__,council_smd,european_georgia,"საარჩევნო ბლოკი „ბაქრაძე, უგულავა-ევროპული საქართველო”",,1,ხონი,,2,მაია,სულაბერიძე,მაია სულაბერიძე,,,majoritarians_all.pdf
local_2017,__main__,council_smd,european_georgia,"საარჩევნო ბლოკი „ბაქრაძე, უგულავა-ევროპული საქართველო”",,4,ხონი,,2,გიორგი,კორძაძე,გიორგი კორძაძე,,,majoritarians_all.pdf
local_2017,__main__,council_smd,unm,საარჩევნო ბლოკი „ერთიანი ნაციონალური მოძრაობა”,,1,ხონი,,5,ზურაბ,ჭავჭანიძე,ზურაბ ჭავჭანიძე,,,majoritarians_all.pdf
local_2017,__main__,council_smd,unm,საარჩევნო ბლოკი „ერთიანი ნაციონალური მოძრაობა”,,8,ხონი,,5,ჯაბა,ძიძიგური,ჯაბა ძიძიგური,,,majoritarians_all.pdf
local_2017,__main__,council_smd,unm,საარჩევნო ბლოკი „ერთიანი ნაციონალური მოძრაობა”,,1,ხონი,,5,რევაზ,ხურცილავა,რევაზ ხურცილავა,,,majoritarians_all.pdf
local_2017,__main__,council_smd,unm,საარჩევნო ბლოკი „ერთიანი ნაციონალური მოძრაობა”,,10,ხონი,,5,მაია,ჭოლოკავა,მაია ჭოლოკავა,,,majoritarians_all.pdf
local_2017,__main__,council_smd,unm,საარჩევნო ბლოკი „ერთიანი ნაციონალური მოძრაობა”,,7,ხონი,,5,სიმონ,ჩხეიძე,სიმონ ჩხეიძე,,,majoritarians_all.pdf
local_2017,__main__,council_smd,unm,საარჩევნო ბლოკი „ერთიანი ნაციონალური მოძრაობა”,,6,ხონი,,5,მალხაზი,ჩანქსელიანი,მალხაზი ჩანქსელიანი,,,majoritarians_all.pdf
local_2017,__main__,council_smd,unm,საარჩევნო ბლოკი „ერთიანი ნაციონალური მოძრაობა”,,5,ხონი,,5,ხვიჩა,ჭიღვარია,ხვიჩა ჭიღვარია,,,majoritarians_all.pdf
local_2017,__main__,council_smd,unm,საარჩევნო ბლოკი „ერთიანი ნაციონალური მოძრაობა”,,3,ხონი,,5,მირზა,ფანცულაია,მირზა ფანცულაია,,,majoritarians_all.pdf
local_2017,__main__,council_smd,unm,საარჩევნო ბლოკი „ერთიანი ნაციონალური მოძრაობა”,,12,ხონი,,5,გიორგი,ტყაბლაძე,გიორგი ტყაბლაძე,,,majoritarians_all.pdf
local_2017,__main__,council_smd,unm,საარჩევნო ბლოკი „ერთიანი ნაციონალური მოძრაობა”,,11,ხონი,,5,ნიკოლოზი,რუხაძე,ნიკოლოზი რუხაძე,,,majoritarians_all.pdf
local_2017,__main__,council_smd,unm,საარჩევნო ბლოკი „ერთიანი ნაციონალური მოძრაობა”,,9,ხონი,,5,მირზა,კინწურაშვილი,მირზა კინწურაშვილი,,,majoritarians_all.pdf
local_2017,__main__,council_smd,unm,საარჩევნო ბლოკი „ერთიანი ნაციონალური მოძრაობა”,,4,ხონი,,5,რაული,ვაშაკიძე,რაული ვაშაკიძე,,,majoritarians_all.pdf
local_2017,__main__,council_smd,patriots,"„დავით თარხან-მოურავი, ირმა ინაშვილი - საქართველოს პატრიოტთა",,9,ხონი,,8,ალიანსი”ირაკლი,დოჭვირი,ალიანსი”ირაკლი დოჭვირი,,,majoritarians_all.pdf
local_2017,__main__,council_smd,patriots,"„დავით თარხან-მოურავი, ირმა ინაშვილი - საქართველოს პატრიოტთა",,1,ხონი,,8,ალიანსი”ალექსანდრე,ჯიჯიეშვილი,ალიანსი”ალექსანდრე ჯიჯიეშვილი,,,majoritarians_all.pdf
local_2017,__main__,council_smd,patriots,"„დავით თარხან-მოურავი, ირმა ინაშვილი - საქართველოს პატრიოტთა",,1,ხონი,,8,ალიანსი”კახა,ნამიჭეიშვილი,ალიანსი”კახა ნამიჭეიშვილი,,,majoritarians_all.pdf
local_2017,__main__,council_smd,patriots,"„დავით თარხან-მოურავი, ირმა ინაშვილი - საქართველოს პატრიოტთა",,11,ხონი,,8,ალიანსი”კონსტანტინე,რუხაძე,ალიანსი”კონსტანტინე რუხაძე,,,majoritarians_all.pdf
local_2017,__main__,council_smd,patriots,"„დავით თარხან-მოურავი, ირმა ინაშვილი - საქართველოს პატრიოტთა",,10,ხონი,,8,ალიანსი”გიორგი,სურმავა,ალიანსი”გიორგი სურმავა,,,majoritarians_all.pdf
local_2017,__main__,council_smd,patriots,"„დავით თარხან-მოურავი, ირმა ინაშვილი - საქართველოს პატრიოტთა",,5,ხონი,,8,ალიანსი”ჯამბული,ბერიძე,ალიანსი”ჯამბული ბერიძე,,,majoritarians_all.pdf
local_2017,__main__,council_smd,labour,„შალვა ნათელაშვილი - საქართველოს ლეიბორისტული პარტია”,,8,ხონი,,10,გელა,სტეფანოვი,გელა სტეფანოვი,,,majoritarians_all.pdf
local_2017,__main__,council_smd,labour,„შალვა ნათელაშვილი - საქართველოს ლეიბორისტული პარტია”,,10,ხონი,,10,რამინი,რუხაძე,რამინი რუხაძე,,,majoritarians_all.pdf
local_2017,__main__,council_smd,gd,„ქართული ოცნება-დემოკრატიული საქართველო”,,8,ხონი,,41,ოლეგი,ვაჭარაძე,ოლეგი ვაჭარაძე,,,majoritarians_all.pdf
local_2017,__main__,council_smd,gd,„ქართული ოცნება-დემოკრატიული საქართველო”,,7,ხონი,,41,დავით,ჯიშკარიანი,დავით ჯიშკარიანი,,,majoritarians_all.pdf
local_2017,__main__,council_smd,gd,„ქართული ოცნება-დემოკრატიული საქართველო”,,2,ხონი,,41,თემიკო,ჩხეიძე,თემიკო ჩხეიძე,,,majoritarians_all.pdf
local_2017,__main__,council_smd,gd,„ქართული ოცნება-დემოკრატიული საქართველო”,,3,ხონი,,41,თამაზი,ცაგარეიშვილი,თამაზი ცაგარეიშვილი,,,majoritarians_all.pdf
local_2017,__main__,council_smd,gd,„ქართული ოცნება-დემოკრატიული საქართველო”,,1,ხონი,,41,შორენა,კაკაბაძე,შორენა კაკაბაძე,,,majoritarians_all.pdf
local_2017,__main__,council_smd,gd,„ქართული ოცნება-დემოკრატიული საქართველო”,,4,ხონი,,41,ზაზა,ვაშაკიძე,ზაზა ვაშაკიძე,,,majoritarians_all.pdf
local_2017,__main__,council_smd,gd,„ქართული ოცნება-დემოკრატიული საქართველო”,,1,ხონი,,41,ლია,ღაჭავა,ლია ღაჭავა,,,majoritarians_all.pdf
local_2017,__main__,council_smd,gd,„ქართული ოცნება-დემოკრატიული საქართველო”,,5,ხონი,,41,ია,სულუხია,ია სულუხია,,,majoritarians_all.pdf
local_2017,__main__,council_smd,gd,„ქართული ოცნება-დემოკრატიული საქართველო”,,6,ხონი,,41,გოგიტა,ავალიანი,გოგიტა ავალიანი,,,majoritarians_all.pdf
local_2017,__main__,council_smd,gd,„ქართული ოცნება-დემოკრატიული საქართველო”,,12,ხონი,,41,კახა,გიორხელიძე,კახა გიორხელიძე,,,majoritarians_all.pdf
local_2017,__main__,council_smd,gd,„ქართული ოცნება-დემოკრატიული საქართველო”,,10,ხონი,,41,მათე,ჩანქსელიანი,მათე ჩანქსელიანი,,,majoritarians_all.pdf
local_2017,__main__,council_smd,gd,„ქართული ოცნება-დემოკრატიული საქართველო”,,9,ხონი,,41,ტარიელი,ბარაბაძე,ტარიელი ბარაბაძე,,,majoritarians_all.pdf
local_2017,__main__,council_smd,gd,„ქართული ოცნება-დემოკრატიული საქართველო”,,11,ხონი,,41,მაია,ფეიქრიშვილი,მაია ფეიქრიშვილი,,,majoritarians_all.pdf
local_2017,__main__,council_smd,initiative_group,"საინიციატივო ჯგუფი - 42. ლაშა ხუროძე, გიული ჩაგუნავა, გიორგი გიორხელიძე,თემურ ჩაკვეტაძე, ირაკლი ფირცხალავა",,9,ხონი,,42,გიორგი,ჯანელიძე,გიორგი ჯანელიძე,,,majoritarians_all.pdf
local_2017,__main__,council_smd,initiative_group,"საინიციატივო ჯგუფი - 42. ჟირონი ხუჯაძე,ლევანი ანდრიაძე, იზოლდა ანდრიაძე, კოტე ანდრიაძე, თამილა ანდრიაძე",,3,ხონი,,42,თეიმურაზი,ხუჯაძე,თეიმურაზი ხუჯაძე,,,majoritarians_all.pdf
local_2017,__main__,council_smd,initiative_group,"საინიციატივო ჯგუფი - 42. თეონა ქუთათელაძე, ვინარი ქუთათელაძე,თეიმურაზ ქუთათელაძე, თამარი ფირცხალავა, დავით მაჭარაძე",,6,ხონი,,42,კახა,ფირცხალავა,კახა ფირცხალავა,,,majoritarians_all.pdf
local_2017,__main__,council_smd,european_georgia,"საარჩევნო ბლოკი „ბაქრაძე, უგულავა-ევროპული საქართველო”",,3,ჭიათურა,,2,თენგიზ,ცერცვაძე,თენგიზ ცერცვაძე,,,majoritarians_all.pdf
local_2017,__main__,council_smd,european_georgia,"საარჩევნო ბლოკი „ბაქრაძე, უგულავა-ევროპული საქართველო”",,1,ჭიათურა,,2,ანა,ცუცქირიძე,ანა ცუცქირიძე,,,majoritarians_all.pdf
local_2017,__main__,council_smd,european_georgia,"საარჩევნო ბლოკი „ბაქრაძე, უგულავა-ევროპული საქართველო”",,1,ჭიათურა,,2,რევაზ,ხვედელიძე,რევაზ ხვედელიძე,,,majoritarians_all.pdf
local_2017,__main__,council_smd,european_georgia,"საარჩევნო ბლოკი „ბაქრაძე, უგულავა-ევროპული საქართველო”",,2,ჭიათურა,,2,როლანდი,კაპანაძე,როლანდი კაპანაძე,,,majoritarians_all.pdf
local_2017,__main__,council_smd,european_georgia,"საარჩევნო ბლოკი „ბაქრაძე, უგულავა-ევროპული საქართველო”",,6,ჭიათურა,,2,იზოლდა,გაფრინდაშვილი,იზოლდა გაფრინდაშვილი,,,majoritarians_all.pdf
local_2017,__main__,council_smd,european_georgia,"საარჩევნო ბლოკი „ბაქრაძე, უგულავა-ევროპული საქართველო”",,4,ჭიათურა,,2,ნინო,ნოზაძე,ნინო ნოზაძე,,,majoritarians_all.pdf
local_2017,__main__,council_smd,european_georgia,"საარჩევნო ბლოკი „ბაქრაძე, უგულავა-ევროპული საქართველო”",,9,ჭიათურა,,2,კახა,ჩუბინიძე,კახა ჩუბინიძე,,,majoritarians_all.pdf
local_2017,__main__,council_smd,european_georgia,"საარჩევნო ბლოკი „ბაქრაძე, უგულავა-ევროპული საქართველო”",,8,ჭიათურა,,2,დავით,ლომიძე,დავით ლომიძე,,,majoritarians_all.pdf
local_2017,__main__,council_smd,european_georgia,"საარჩევნო ბლოკი „ბაქრაძე, უგულავა-ევროპული საქართველო”",,12,ჭიათურა,,2,პავლე,შუკაკიძე,პავლე შუკაკიძე,,,majoritarians_all.pdf
local_2017,__main__,council_smd,european_georgia,"საარჩევნო ბლოკი „ბაქრაძე, უგულავა-ევროპული საქართველო”",,10,ჭიათურა,,2,მირიან,ხვედელიძე,მირიან ხვედელიძე,,,majoritarians_all.pdf
local_2017,__main__,council_smd,european_georgia,"საარჩევნო ბლოკი „ბაქრაძე, უგულავა-ევროპული საქართველო”",,11,ჭიათურა,,2,მიხეილ,თაბაგარი,მიხეილ თაბაგარი,,,majoritarians_all.pdf
local_2017,__main__,council_smd,european_georgia,"საარჩევნო ბლოკი „ბაქრაძე, უგულავა-ევროპული საქართველო”",,15,ჭიათურა,,2,ზურაბ,ჯაჯანიძე,ზურაბ ჯაჯანიძე,,,majoritarians_all.pdf
local_2017,__main__,council_smd,european_georgia,"საარჩევნო ბლოკი „ბაქრაძე, უგულავა-ევროპული საქართველო”",,7,ჭიათურა,,2,ლერი,ფერაძე,ლერი ფერაძე,,,majoritarians_all.pdf
local_2017,__main__,council_smd,european_georgia,"საარჩევნო ბლოკი „ბაქრაძე, უგულავა-ევროპული საქართველო”",,16,ჭიათურა,,2,სულხან,მიქაცაძე,სულხან მიქაცაძე,,,majoritarians_all.pdf
local_2017,__main__,council_smd,european_georgia,"საარჩევნო ბლოკი „ბაქრაძე, უგულავა-ევროპული საქართველო”",,13,ჭიათურა,,2,დიჟონი,ჩაფიძე,დიჟონი ჩაფიძე,,,majoritarians_all.pdf
local_2017,__main__,council_smd,european_georgia,"საარჩევნო ბლოკი „ბაქრაძე, უგულავა-ევროპული საქართველო”",,14,ჭიათურა,,2,ეკა,ხვედელიძე,ეკა ხვედელიძე,,,majoritarians_all.pdf
local_2017,__main__,council_smd,free_georgia,"საარჩევნო ბლოკი „დიმიტრი ლორთქიფანიძე, კახა კუკავა-დემოკრატიული მოძრაობა-თავისუფალი საქართველო”",,12,ჭიათურა,,3,რამაზ,ცუცქირიძე,რამაზ ცუცქირიძე,,,majoritarians_all.pdf
local_2017,__main__,council_smd,unm,საარჩევნო ბლოკი „ერთიანი ნაციონალური მოძრაობა”,,13,ჭიათურა,,5,ზაზა,ქველიაშვილი,ზაზა ქველიაშვილი,,,majoritarians_all.pdf
local_2017,__main__,council_smd,unm,საარჩევნო ბლოკი „ერთიანი ნაციონალური მოძრაობა”,,12,ჭიათურა,,5,როსტომ,ცუცქირიძე,როსტომ ცუცქირიძე,,,majoritarians_all.pdf
local_2017,__main__,council_smd,unm,საარჩევნო ბლოკი „ერთიანი ნაციონალური მოძრაობა”,,11,ჭიათურა,,5,რამაზი,კენჭოშვილი,რამაზი კენჭოშვილი,,,majoritarians_all.pdf
local_2017,__main__,council_smd,unm,საარჩევნო ბლოკი „ერთიანი ნაციონალური მოძრაობა”,,10,ჭიათურა,,5,ზურაბი,მოდებაძე,ზურაბი მოდებაძე,,,majoritarians_all.pdf
local_2017,__main__,council_smd,unm,საარჩევნო ბლოკი „ერთიანი ნაციონალური მოძრაობა”,,1,ჭიათურა,,5,ილიკო,ჩიკვილაძე,ილიკო ჩიკვილაძე,,,majoritarians_all.pdf
local_2017,__main__,council_smd,unm,საარჩევნო ბლოკი „ერთიანი ნაციონალური მოძრაობა”,,1,ჭიათურა,,5,ზურაბ,კეთილაძე,ზურაბ კეთილაძე,,,majoritarians_all.pdf
local_2017,__main__,council_smd,unm,საარჩევნო ბლოკი „ერთიანი ნაციონალური მოძრაობა”,,3,ჭიათურა,,5,ვლადიმერ,კუპატაძე,ვლადიმერ კუპატაძე,,,majoritarians_all.pdf
local_2017,__main__,council_smd,unm,საარჩევნო ბლოკი „ერთიანი ნაციონალური მოძრაობა”,,1,ჭიათურა,,5,ლუკა,კაპანაძე,ლუკა კაპანაძე,,,majoritarians_all.pdf
local_2017,__main__,council_smd,unm,საარჩევნო ბლოკი „ერთიანი ნაციონალური მოძრაობა”,,2,ჭიათურა,,5,კობა,შეყილაძე,კობა შეყილაძე,,,majoritarians_all.pdf
local_2017,__main__,council_smd,unm,საარჩევნო ბლოკი „ერთიანი ნაციონალური მოძრაობა”,,5,ჭიათურა,,5,ემზარ,სამხარაძე,ემზარ სამხარაძე,,,majoritarians_all.pdf
local_2017,__main__,council_smd,unm,საარჩევნო ბლოკი „ერთიანი ნაციონალური მოძრაობა”,,4,ჭიათურა,,5,მერი,გაფრინდაშვილი,მერი გაფრინდაშვილი,,,majoritarians_all.pdf
local_2017,__main__,council_smd,unm,საარჩევნო ბლოკი „ერთიანი ნაციონალური მოძრაობა”,,7,ჭიათურა,,5,გოჩა,ციცვიძე,გოჩა ციცვიძე,,,majoritarians_all.pdf
local_2017,__main__,council_smd,unm,საარჩევნო ბლოკი „ერთიანი ნაციონალური მოძრაობა”,,6,ჭიათურა,,5,ფირანი,ყიფშიძე,ფირანი ყიფშიძე,,,majoritarians_all.pdf
local_2017,__main__,council_smd,unm,საარჩევნო ბლოკი „ერთიანი ნაციონალური მოძრაობა”,,8,ჭიათურა,,5,თამაზი,ტაბატაძე,თამაზი ტაბატაძე,,,majoritarians_all.pdf
local_2017,__main__,council_smd,unm,საარჩევნო ბლოკი „ერთიანი ნაციონალური მოძრაობა”,,9,ჭიათურა,,5,ანა,ბარელაძე,ანა ბარელაძე,,,majoritarians_all.pdf
local_2017,__main__,council_smd,unm,საარჩევნო ბლოკი „ერთიანი ნაციონალური მოძრაობა”,,14,ჭიათურა,,5,დავით,ჭიოკაძე,დავით ჭიოკაძე,,,majoritarians_all.pdf
local_2017,__main__,council_smd,unm,საარჩევნო ბლოკი „ერთიანი ნაციონალური მოძრაობა”,,15,ჭიათურა,,5,მალხაზი,ჯაჯანიძე,მალხაზი ჯაჯანიძე,,,majoritarians_all.pdf
local_2017,__main__,council_smd,unm,საარჩევნო ბლოკი „ერთიანი ნაციონალური მოძრაობა”,,16,ჭიათურა,,5,იური,შეყილაძე,იური შეყილაძე,,,majoritarians_all.pdf
local_2017,__main__,council_smd,republicans_2016,„რესპუბლიკური პარტია”,,1,ჭიათურა,,6,ზურაბ,კაპანაძე,ზურაბ კაპანაძე,,,majoritarians_all.pdf
local_2017,__main__,council_smd,patriots,"„დავით თარხან-მოურავი, ირმა ინაშვილი - საქართველოს პატრიოტთა",,8,ჭიათურა,,8,ალიანსი”დემურ,კვიჟინაძე,ალიანსი”დემურ კვიჟინაძე,,,majoritarians_all.pdf
local_2017,__main__,council_smd,patriots,"„დავით თარხან-მოურავი, ირმა ინაშვილი - საქართველოს პატრიოტთა",,11,ჭიათურა,,8,ალიანსი”გიორგი,ვაშაძე,ალიანსი”გიორგი ვაშაძე,,,majoritarians_all.pdf
local_2017,__main__,council_smd,patriots,"„დავით თარხან-მოურავი, ირმა ინაშვილი - საქართველოს პატრიოტთა",,12,ჭიათურა,,8,ალიანსი”შალვა,ცუცქირიძე,ალიანსი”შალვა ცუცქირიძე,,,majoritarians_all.pdf
local_2017,__main__,council_smd,patriots,"„დავით თარხან-მოურავი, ირმა ინაშვილი - საქართველოს პატრიოტთა",,1,ჭიათურა,,8,ალიანსი”ნიკა,ბიწაძე,ალიანსი”ნიკა ბიწაძე,,,majoritarians_all.pdf
local_2017,__main__,council_smd,patriots,"„დავით თარხან-მოურავი, ირმა ინაშვილი - საქართველოს პატრიოტთა",,1,ჭიათურა,,8,ალიანსი”გიორგი,კასრაძე,ალიანსი”გიორგი კასრაძე,,,majoritarians_all.pdf
local_2017,__main__,council_smd,patriots,"„დავით თარხან-მოურავი, ირმა ინაშვილი - საქართველოს პატრიოტთა",,1,ჭიათურა,,8,ალიანსი”ლელა,ცერცვაძე,ალიანსი”ლელა ცერცვაძე,,,majoritarians_all.pdf
local_2017,__main__,council_smd,patriots,"„დავით თარხან-მოურავი, ირმა ინაშვილი - საქართველოს პატრიოტთა",,10,ჭიათურა,,8,ალიანსი”ზურაბ,მოდებაძე,ალიანსი”ზურაბ მოდებაძე,,,majoritarians_all.pdf
local_2017,__main__,council_smd,patriots,"„დავით თარხან-მოურავი, ირმა ინაშვილი - საქართველოს პატრიოტთა",,5,ჭიათურა,,8,ალიანსი”ნიკა,ღუღუნიშვილი,ალიანსი”ნიკა ღუღუნიშვილი,,,majoritarians_all.pdf
local_2017,__main__,council_smd,patriots,"„დავით თარხან-მოურავი, ირმა ინაშვილი - საქართველოს პატრიოტთა",,6,ჭიათურა,,8,ალიანსი”ბესიკ,ღვალაძე,ალიანსი”ბესიკ ღვალაძე,,,majoritarians_all.pdf
local_2017,__main__,council_smd,patriots,"„დავით თარხან-მოურავი, ირმა ინაშვილი - საქართველოს პატრიოტთა",,16,ჭიათურა,,8,ალიანსი”კობა,ცერცვაძე,ალიანსი”კობა ცერცვაძე,,,majoritarians_all.pdf
local_2017,__main__,council_smd,patriots,"„დავით თარხან-მოურავი, ირმა ინაშვილი - საქართველოს პატრიოტთა",,9,ჭიათურა,,8,ალიანსი”ლაშა,ასანიძე,ალიანსი”ლაშა ასანიძე,,,majoritarians_all.pdf
local_2017,__main__,council_smd,patriots,"„დავით თარხან-მოურავი, ირმა ინაშვილი - საქართველოს პატრიოტთა",,15,ჭიათურა,,8,ალიანსი”ნოდარ,ხუციშვილი,ალიანსი”ნოდარ ხუციშვილი,,,majoritarians_all.pdf
local_2017,__main__,council_smd,patriots,"„დავით თარხან-მოურავი, ირმა ინაშვილი - საქართველოს პატრიოტთა",,4,ჭიათურა,,8,ალიანსი”დემურ,დავლაძე,ალიანსი”დემურ დავლაძე,,,majoritarians_all.pdf
local_2017,__main__,council_smd,construction_movement_2017,„შენების მოძრაობა”,,7,ჭიათურა,,20,მამია,ფხალაძე,მამია ფხალაძე,,,majoritarians_all.pdf
local_2017,__main__,council_smd,construction_movement_2017,„შენების მოძრაობა”,,13,ჭიათურა,,20,სულხანი,ჩუბინიძე,სულხანი ჩუბინიძე,,,majoritarians_all.pdf
local_2017,__main__,council_smd,construction_movement_2017,„შენების მოძრაობა”,,6,ჭიათურა,,20,მანუჩარ,სარალიძე,მანუჩარ სარალიძე,,,majoritarians_all.pdf
local_2017,__main__,council_smd,construction_movement_2017,„შენების მოძრაობა”,,14,ჭიათურა,,20,პარმენ,ნადირაძე,პარმენ ნადირაძე,,,majoritarians_all.pdf
local_2017,__main__,council_smd,construction_movement_2017,„შენების მოძრაობა”,,4,ჭიათურა,,20,გივი,ბრეგვაძე,გივი ბრეგვაძე,,,majoritarians_all.pdf
local_2017,__main__,council_smd,construction_movement_2017,„შენების მოძრაობა”,,10,ჭიათურა,,20,მირიანი,ხვედელიძე,მირიანი ხვედელიძე,,,majoritarians_all.pdf
local_2017,__main__,council_smd,construction_movement_2017,„შენების მოძრაობა”,,16,ჭიათურა,,20,მამია,სამაკაშვილი,მამია სამაკაშვილი,,,majoritarians_all.pdf
local_2017,__main__,council_smd,vashadze_2017,საარჩევნო ბლოკი „გიორგი ვაშაძე - ერთობა ახალი საქართველო”,,1,ჭიათურა,,27,ნუგზარ,ყაველაშვილი,ნუგზარ ყაველაშვილი,,,majoritarians_all.pdf
local_2017,__main__,council_smd,vashadze_2017,საარჩევნო ბლოკი „გიორგი ვაშაძე - ერთობა ახალი საქართველო”,,1,ჭიათურა,,27,თემური,მუმლაძე,თემური მუმლაძე,,,majoritarians_all.pdf
local_2017,__main__,council_smd,vashadze_2017,საარჩევნო ბლოკი „გიორგი ვაშაძე - ერთობა ახალი საქართველო”,,9,ჭიათურა,,27,კონსტანტინე,ფხალაძე,კონსტანტინე ფხალაძე,,,majoritarians_all.pdf
local_2017,__main__,council_smd,vashadze_2017,საარჩევნო ბლოკი „გიორგი ვაშაძე - ერთობა ახალი საქართველო”,,1,ჭიათურა,,27,აკაკი,ტყემალაძე,აკაკი ტყემალაძე,,,majoritarians_all.pdf
local_2017,__main__,council_smd,gd,„ქართული ოცნება-დემოკრატიული,,1,ჭიათურა,,41,საქართველო”,ინაასანიძე,საქართველო” ინაასანიძე,,,majoritarians_all.pdf
local_2017,__main__,council_smd,gd,„ქართული ოცნება-დემოკრატიული საქართველო”,,3,ჭიათურა,,41,ზაზა,ცერცვაძე,ზაზა ცერცვაძე,,,majoritarians_all.pdf
local_2017,__main__,council_smd,gd,„ქართული ოცნება-დემოკრატიული საქართველო”,,2,ჭიათურა,,41,აკაკი,გვალია,აკაკი გვალია,,,majoritarians_all.pdf
local_2017,__main__,council_smd,gd,„ქართული ოცნება-დემოკრატიული საქართველო”,,11,ჭიათურა,,41,დავით,თაბაგარი,დავით თაბაგარი,,,majoritarians_all.pdf
local_2017,__main__,council_smd,gd,„ქართული ოცნება-დემოკრატიული საქართველო”,,12,ჭიათურა,,41,ვახტანგ,ცუცქირიძე,ვახტანგ ცუცქირიძე,,,majoritarians_all.pdf
local_2017,__main__,council_smd,gd,„ქართული ოცნება-დემოკრატიული საქართველო”,,8,ჭიათურა,,41,მამია,ლაბაძე,მამია ლაბაძე,,,majoritarians_all.pdf
local_2017,__main__,council_smd,gd,„ქართული ოცნება-დემოკრატიული საქართველო”,,7,ჭიათურა,,41,გელა,გელაშვილი,გელა გელაშვილი,,,majoritarians_all.pdf
local_2017,__main__,council_smd,gd,„ქართული ოცნება-დემოკრატიული საქართველო”,,1,ჭიათურა,,41,ბესარიონ,ნადირაძე,ბესარიონ ნადირაძე,,,majoritarians_all.pdf
local_2017,__main__,council_smd,gd,„ქართული ოცნება-დემოკრატიული საქართველო”,,4,ჭიათურა,,41,ირაკლი,მერმანიშვილი,ირაკლი მერმანიშვილი,,,majoritarians_all.pdf
local_2017,__main__,council_smd,gd,„ქართული ოცნება-დემოკრატიული საქართველო”,,5,ჭიათურა,,41,მარინა,სამხარაძე,მარინა სამხარაძე,,,majoritarians_all.pdf
local_2017,__main__,council_smd,gd,„ქართული ოცნება-დემოკრატიული საქართველო”,,6,ჭიათურა,,41,რომან,მუმლაძე,რომან მუმლაძე,,,majoritarians_all.pdf
local_2017,__main__,council_smd,gd,„ქართული ოცნება-დემოკრატიული საქართველო”,,1,ჭიათურა,,41,ალექსანდრე,ციცქიშვილი,ალექსანდრე ციცქიშვილი,,,majoritarians_all.pdf
local_2017,__main__,council_smd,gd,„ქართული ოცნება-დემოკრატიული საქართველო”,,9,ჭიათურა,,41,გიორგი,ვაშაძე,გიორგი ვაშაძე,,,majoritarians_all.pdf
local_2017,__main__,council_smd,gd,„ქართული ოცნება-დემოკრატიული საქართველო”,,10,ჭიათურა,,41,ზალი,სამხარაძე,ზალი სამხარაძე,,,majoritarians_all.pdf
local_2017,__main__,council_smd,gd,„ქართული ოცნება-დემოკრატიული საქართველო”,,14,ჭიათურა,,41,ნუგზარ,მიროტაძე,ნუგზარ მიროტაძე,,,majoritarians_all.pdf
local_2017,__main__,council_smd,gd,„ქართული ოცნება-დემოკრატიული საქართველო”,,13,ჭიათურა,,41,მევლუდი,მოდებაძე,მევლუდი მოდებაძე,,,majoritarians_all.pdf
local_2017,__main__,council_smd,gd,„ქართული ოცნება-დემოკრატიული საქართველო”,,15,ჭიათურა,,41,დავით,ბუზალაძე,დავით ბუზალაძე,,,majoritarians_all.pdf
local_2017,__main__,council_smd,gd,„ქართული ოცნება-დემოკრატიული საქართველო”,,16,ჭიათურა,,41,მიხეილ,ლაშხი,მიხეილ ლაშხი,,,majoritarians_all.pdf
local_2017,__main__,council_smd,initiative_group,"საინიციატივო ჯგუფი - შავლეგ მახათაძე,როინ მოცრაძე, შმაგი დარბაიძე, ვარლამ მოცრაძე, ინეზა იაკობიძე",,5,ჭიათურა,,42,დავით,მოცრაძე,დავით მოცრაძე,,,majoritarians_all.pdf
local_2017,__main__,council_smd,initiative_group,"საინიციატივო ჯგუფი - ზაქრო ბარათაშვილი, გურამი სამყურაშვილი, მალხაზი ვაშაძე, ხვიჩა კენჭოშვილი, ბადრი სამყურაშვილი, დარეჯან თაბაგარი",,11,ჭიათურა,,42,მურმან,ბარათაშვილი,მურმან ბარათაშვილი,,,majoritarians_all.pdf
local_2017,__main__,council_smd,initiative_group,"საინიციატივო ჯგუფი - მამუკა კუპატაძე,გიზო გაფრინდაშვილი,სიმონ ნეფარიძე, თეიმურაზ მაჭარაშვილი, დავით კუპატაძე",,9,ჭიათურა,,42,ვახტანგ,კუპატაძე,ვახტანგ კუპატაძე,,,majoritarians_all.pdf
local_2017,__main__,council_smd,initiative_group,"საინიციატივო ჯგუფი - ოთარი მოლაშხია, ბექა ჭუმბურიძე, მანანა ტაბატაძე, სოფიკო ჩიხელიძე, მაკა ბარამიძე",,1,ჭიათურა,,242,დავით,ჭუმბურიძე,დავით ჭუმბურიძე,,,majoritarians_all.pdf
local_2017,__main__,council_smd,european_georgia,"საარჩევნო ბლოკი „ბაქრაძე, უგულავა-ევროპული საქართველო”",,5,ტყიბული,,2,გოჩა,ქათამაძე,გოჩა ქათამაძე,,,majoritarians_all.pdf
local_2017,__main__,council_smd,european_georgia,"საარჩევნო ბლოკი „ბაქრაძე, უგულავა-ევროპული საქართველო”",,1,ტყიბული,,2,ნანა,ბახუტაშვილი,ნანა ბახუტაშვილი,,,majoritarians_all.pdf
local_2017,__main__,council_smd,european_georgia,"საარჩევნო ბლოკი „ბაქრაძე, უგულავა-ევროპული საქართველო”",,2,ტყიბული,,2,შიო,ობოლაძე,შიო ობოლაძე,,,majoritarians_all.pdf
local_2017,__main__,council_smd,european_georgia,"საარჩევნო ბლოკი „ბაქრაძე, უგულავა-ევროპული საქართველო”",,1,ტყიბული,,2,ელდარი,ჩაფიძე,ელდარი ჩაფიძე,,,majoritarians_all.pdf
local_2017,__main__,council_smd,european_georgia,"საარჩევნო ბლოკი „ბაქრაძე, უგულავა-ევროპული საქართველო”",,1,ტყიბული,,2,ნინო,ბახუტაშვილი,ნინო ბახუტაშვილი,,,majoritarians_all.pdf
local_2017,__main__,council_smd,european_georgia,"საარჩევნო ბლოკი „ბაქრაძე, უგულავა-ევროპული საქართველო”",,6,ტყიბული,,2,მანუჩარი,ბრეგაძე,მანუჩარი ბრეგაძე,,,majoritarians_all.pdf
local_2017,__main__,council_smd,european_georgia,"საარჩევნო ბლოკი „ბაქრაძე, უგულავა-ევროპული საქართველო”",,7,ტყიბული,,2,გურამი,გაბელაშვილი,გურამი გაბელაშვილი,,,majoritarians_all.pdf
local_2017,__main__,council_smd,european_georgia,"საარჩევნო ბლოკი „ბაქრაძე, უგულავა-ევროპული საქართველო”",,8,ტყიბული,,2,ლევანი,ხვადაგიანი,ლევანი ხვადაგიანი,,,majoritarians_all.pdf
local_2017,__main__,council_smd,european_georgia,"საარჩევნო ბლოკი „ბაქრაძე, უგულავა-ევროპული საქართველო”",,4,ტყიბული,,2,რეზო,გაბრიჭიძე,რეზო გაბრიჭიძე,,,majoritarians_all.pdf
local_2017,__main__,council_smd,european_georgia,"საარჩევნო ბლოკი „ბაქრაძე, უგულავა-ევროპული საქართველო”",,9,ტყიბული,,2,ნიკოლოზი,ობოლაძე,ნიკოლოზი ობოლაძე,,,majoritarians_all.pdf
local_2017,__main__,council_smd,european_georgia,"საარჩევნო ბლოკი „ბაქრაძე, უგულავა-ევროპული საქართველო”",,10,ტყიბული,,2,შოთა,ცნობილაძე,შოთა ცნობილაძე,,,majoritarians_all.pdf
local_2017,__main__,council_smd,european_georgia,"საარჩევნო ბლოკი „ბაქრაძე, უგულავა-ევროპული საქართველო”",,3,ტყიბული,,2,დავითი,მორჩაძე,დავითი მორჩაძე,,,majoritarians_all.pdf
local_2017,__main__,council_smd,free_georgia,"საარჩევნო ბლოკი „დიმიტრი ლორთქიფანიძე, კახა კუკავა-დემოკრატიული მოძრაობა-თავისუფალი საქართველო”",,1,ტყიბული,,3,კოსტანტინე,ბოჭორიშვილი,კოსტანტინე ბოჭორიშვილი,,,majoritarians_all.pdf
local_2017,__main__,council_smd,free_georgia,"საარჩევნო ბლოკი „დიმიტრი ლორთქიფანიძე, კახა კუკავა-დემოკრატიული მოძრაობა-თავისუფალი საქართველო”",,1,ტყიბული,,3,თენგიზ,ჭიქაბერიძე,თენგიზ ჭიქაბერიძე,,,majoritarians_all.pdf
local_2017,__main__,council_smd,unm,საარჩევნო ბლოკი „ერთიანი ნაციონალური მოძრაობა”,,1,ტყიბული,,5,დავითი,ქათამაძე,დავითი ქათამაძე,,,majoritarians_all.pdf
local_2017,__main__,council_smd,unm,საარჩევნო ბლოკი „ერთიანი ნაციონალური მოძრაობა”,,2,ტყიბული,,5,ალექსანდრე,გაბადაძე,ალექსანდრე გაბადაძე,,,majoritarians_all.pdf
local_2017,__main__,council_smd,unm,საარჩევნო ბლოკი „ერთიანი ნაციონალური მოძრაობა”,,3,ტყიბული,,5,ირაკლი,აფრიდონიძე,ირაკლი აფრიდონიძე,,,majoritarians_all.pdf
local_2017,__main__,council_smd,unm,საარჩევნო ბლოკი „ერთიანი ნაციონალური მოძრაობა”,,1,ტყიბული,,5,ბესიკი,გაბელაშვილი,ბესიკი გაბელაშვილი,,,majoritarians_all.pdf
local_2017,__main__,council_smd,unm,საარჩევნო ბლოკი „ერთიანი ნაციონალური მოძრაობა”,,4,ტყიბული,,5,ირაკლი,ბოჭორიშვილი,ირაკლი ბოჭორიშვილი,,,majoritarians_all.pdf
local_2017,__main__,council_smd,unm,საარჩევნო ბლოკი „ერთიანი ნაციონალური მოძრაობა”,,5,ტყიბული,,5,გოჩა,სირბილაძე,გოჩა სირბილაძე,,,majoritarians_all.pdf
local_2017,__main__,council_smd,unm,საარჩევნო ბლოკი „ერთიანი ნაციონალური მოძრაობა”,,1,ტყიბული,,5,დავითი,ლომიძე,დავითი ლომიძე,,,majoritarians_all.pdf
local_2017,__main__,council_smd,unm,საარჩევნო ბლოკი „ერთიანი ნაციონალური მოძრაობა”,,8,ტყიბული,,5,ჯემალი,ობოლაძე,ჯემალი ობოლაძე,,,majoritarians_all.pdf
local_2017,__main__,council_smd,unm,საარჩევნო ბლოკი „ერთიანი ნაციონალური მოძრაობა”,,9,ტყიბული,,5,ნაირა,კოკელაძე,ნაირა კოკელაძე,,,majoritarians_all.pdf
local_2017,__main__,council_smd,unm,საარჩევნო ბლოკი „ერთიანი ნაციონალური მოძრაობა”,,6,ტყიბული,,5,ბესიკი,კუბლაშვილი,ბესიკი კუბლაშვილი,,,majoritarians_all.pdf
local_2017,__main__,council_smd,unm,საარჩევნო ბლოკი „ერთიანი ნაციონალური მოძრაობა”,,7,ტყიბული,,5,ლევანი,შარვაძე,ლევანი შარვაძე,,,majoritarians_all.pdf
local_2017,__main__,council_smd,unm,საარჩევნო ბლოკი „ერთიანი ნაციონალური მოძრაობა”,,10,ტყიბული,,5,ვასილი,ჩუბინიძე,ვასილი ჩუბინიძე,,,majoritarians_all.pdf
local_2017,__main__,council_smd,patriots,"„დავით თარხან-მოურავი, ირმა ინაშვილი - საქართველოს პატრიოტთა",,1,ტყიბული,,8,ალიანსი”მამუკა,ჯიშიაშვილი,ალიანსი”მამუკა ჯიშიაშვილი,,,majoritarians_all.pdf
local_2017,__main__,council_smd,patriots,"„დავით თარხან-მოურავი, ირმა ინაშვილი - საქართველოს პატრიოტთა",,5,ტყიბული,,8,ალიანსი”ზვიადი,ბერეკაშვილი,ალიანსი”ზვიადი ბერეკაშვილი,,,majoritarians_all.pdf
local_2017,__main__,council_smd,patriots,"„დავით თარხან-მოურავი, ირმა ინაშვილი - საქართველოს პატრიოტთა",,1,ტყიბული,,8,ალიანსი”კახაბერი,ხეცურიანი,ალიანსი”კახაბერი ხეცურიანი,,,majoritarians_all.pdf
local_2017,__main__,council_smd,patriots,"„დავით თარხან-მოურავი, ირმა ინაშვილი - საქართველოს პატრიოტთა",,9,ტყიბული,,8,ალიანსი”გურამი,ობოლაძე,ალიანსი”გურამი ობოლაძე,,,majoritarians_all.pdf
local_2017,__main__,council_smd,patriots,"„დავით თარხან-მოურავი, ირმა ინაშვილი - საქართველოს პატრიოტთა",,4,ტყიბული,,8,ალიანსი”გელა,ჯიხვაშვილი,ალიანსი”გელა ჯიხვაშვილი,,,majoritarians_all.pdf
local_2017,__main__,council_smd,patriots,"„დავით თარხან-მოურავი, ირმა ინაშვილი - საქართველოს პატრიოტთა",,6,ტყიბული,,8,ალიანსი”ჯემალი,ნანიკაშვილი,ალიანსი”ჯემალი ნანიკაშვილი,,,majoritarians_all.pdf
local_2017,__main__,council_smd,vashadze_2017,საარჩევნო ბლოკი „გიორგი ვაშაძე - ერთობა ახალი საქართველო”,,3,ტყიბული,,27,გოგიტა,ჭყოიძე,გოგიტა ჭყოიძე,,,majoritarians_all.pdf
local_2017,__main__,council_smd,vashadze_2017,საარჩევნო ბლოკი „გიორგი ვაშაძე - ერთობა ახალი საქართველო”,,1,ტყიბული,,27,დავითი,კაკაურიძე,დავითი კაკაურიძე,,,majoritarians_all.pdf
local_2017,__main__,council_smd,vashadze_2017,საარჩევნო ბლოკი „გიორგი ვაშაძე - ერთობა ახალი საქართველო”,,1,ტყიბული,,27,ბადრი,გუმბერიძე,ბადრი გუმბერიძე,,,majoritarians_all.pdf
local_2017,__main__,council_smd,vashadze_2017,საარჩევნო ბლოკი „გიორგი ვაშაძე - ერთობა ახალი საქართველო”,,1,ტყიბული,,27,თეონა,სინაურიძე,თეონა სინაურიძე,,,majoritarians_all.pdf
local_2017,__main__,council_smd,vashadze_2017,საარჩევნო ბლოკი „გიორგი ვაშაძე - ერთობა ახალი საქართველო”,,2,ტყიბული,,27,დავითი,გუმბერიძე,დავითი გუმბერიძე,,,majoritarians_all.pdf
local_2017,__main__,council_smd,vashadze_2017,საარჩევნო ბლოკი „გიორგი ვაშაძე - ერთობა ახალი საქართველო”,,8,ტყიბული,,27,თორნიკე,ზივზივაძე,თორნიკე ზივზივაძე,,,majoritarians_all.pdf
local_2017,__main__,council_smd,vashadze_2017,საარჩევნო ბლოკი „გიორგი ვაშაძე - ერთობა ახალი საქართველო”,,5,ტყიბული,,27,ჟანა,ხურციძე,ჟანა ხურციძე,,,majoritarians_all.pdf
local_2017,__main__,council_smd,vashadze_2017,საარჩევნო ბლოკი „გიორგი ვაშაძე - ერთობა ახალი საქართველო”,,6,ტყიბული,,27,მარინა,გუმბერიძე,მარინა გუმბერიძე,,,majoritarians_all.pdf
local_2017,__main__,council_smd,vashadze_2017,საარჩევნო ბლოკი „გიორგი ვაშაძე - ერთობა ახალი საქართველო”,,10,ტყიბული,,27,ეთერი,ბრეგაძე,ეთერი ბრეგაძე,,,majoritarians_all.pdf
local_2017,__main__,council_smd,vashadze_2017,საარჩევნო ბლოკი „გიორგი ვაშაძე - ერთობა ახალი საქართველო”,,7,ტყიბული,,27,რევაზი,გუმბერიძე,რევაზი გუმბერიძე,,,majoritarians_all.pdf
local_2017,__main__,council_smd,vashadze_2017,საარჩევნო ბლოკი „გიორგი ვაშაძე - ერთობა ახალი საქართველო”,,4,ტყიბული,,27,დავითი,ბრეგაძე,დავითი ბრეგაძე,,,majoritarians_all.pdf
local_2017,__main__,council_smd,vashadze_2017,საარჩევნო ბლოკი „გიორგი ვაშაძე - ერთობა ახალი საქართველო”,,9,ტყიბული,,27,ქრისტინე,ზივზივაძე,ქრისტინე ზივზივაძე,,,majoritarians_all.pdf
local_2017,__main__,council_smd,gd,„ქართული ოცნება-დემოკრატიული საქართველო”,,8,ტყიბული,,41,გრიგოლი,ჩიხლაძე,გრიგოლი ჩიხლაძე,,,majoritarians_all.pdf
local_2017,__main__,council_smd,gd,„ქართული ოცნება-დემოკრატიული საქართველო”,,7,ტყიბული,,41,მანუჩარი,გოტიაშვილი,მანუჩარი გოტიაშვილი,,,majoritarians_all.pdf
local_2017,__main__,council_smd,gd,„ქართული ოცნება-დემოკრატიული საქართველო”,,6,ტყიბული,,41,იზოლდა,ნემსაძე,იზოლდა ნემსაძე,,,majoritarians_all.pdf
local_2017,__main__,council_smd,gd,„ქართული ოცნება-დემოკრატიული საქართველო”,,10,ტყიბული,,41,ისიდორე,ლომთაძე,ისიდორე ლომთაძე,,,majoritarians_all.pdf
local_2017,__main__,council_smd,gd,„ქართული ოცნება-დემოკრატიული საქართველო”,,9,ტყიბული,,41,ზვიადი,კუბლაშვილი,ზვიადი კუბლაშვილი,,,majoritarians_all.pdf
local_2017,__main__,council_smd,gd,„ქართული ოცნება-დემოკრატიული საქართველო”,,5,ტყიბული,,41,მურმანი,ბასილაძე,მურმანი ბასილაძე,,,majoritarians_all.pdf
local_2017,__main__,council_smd,gd,„ქართული ოცნება-დემოკრატიული საქართველო”,,3,ტყიბული,,41,გიორგი,ავალიანი,გიორგი ავალიანი,,,majoritarians_all.pdf
local_2017,__main__,council_smd,gd,„ქართული ოცნება-დემოკრატიული საქართველო”,,4,ტყიბული,,41,როლანდი,არსენაშვილი,როლანდი არსენაშვილი,,,majoritarians_all.pdf
local_2017,__main__,council_smd,gd,„ქართული ოცნება-დემოკრატიული საქართველო”,,1,ტყიბული,,41,ირაკლი,აბესაძე,ირაკლი აბესაძე,,,majoritarians_all.pdf
local_2017,__main__,council_smd,gd,„ქართული ოცნება-დემოკრატიული საქართველო”,,1,ტყიბული,,41,თეიმურაზი,ქელბაქიანი,თეიმურაზი ქელბაქიანი,,,majoritarians_all.pdf
local_2017,__main__,council_smd,gd,„ქართული ოცნება-დემოკრატიული საქართველო”,,1,ტყიბული,,41,ბონდო,კუბლაშვილი,ბონდო კუბლაშვილი,,,majoritarians_all.pdf
local_2017,__main__,council_smd,gd,„ქართული ოცნება-დემოკრატიული საქართველო”,,2,ტყიბული,,41,გიორგი,ნანიკაშვილი,გიორგი ნანიკაშვილი,,,majoritarians_all.pdf
local_2017,__main__,council_smd,european_georgia,"საარჩევნო ბლოკი „ბაქრაძე, უგულავა-ევროპული საქართველო”",,1,წყალტუბო,,2,კახა,გორდულაძე,კახა გორდულაძე,,,majoritarians_all.pdf
local_2017,__main__,council_smd,european_georgia,"საარჩევნო ბლოკი „ბაქრაძე, უგულავა-ევროპული საქართველო”",,1,წყალტუბო,,2,ზაურ,ქაშიბაძე,ზაურ ქაშიბაძე,,,majoritarians_all.pdf
local_2017,__main__,council_smd,european_georgia,"საარჩევნო ბლოკი „ბაქრაძე, უგულავა-ევროპული საქართველო”",,1,წყალტუბო,,2,ემზარ,ჯიქიძე,ემზარ ჯიქიძე,,,majoritarians_all.pdf
local_2017,__main__,council_smd,european_georgia,"საარჩევნო ბლოკი „ბაქრაძე, უგულავა-ევროპული საქართველო”",,17,წყალტუბო,,2,კირილე,შვანგირაძე,კირილე შვანგირაძე,,,majoritarians_all.pdf
local_2017,__main__,council_smd,european_georgia,"საარჩევნო ბლოკი „ბაქრაძე, უგულავა-ევროპული საქართველო”",,9,წყალტუბო,,2,ნიკოლოზი,გაბუნია,ნიკოლოზი გაბუნია,,,majoritarians_all.pdf
local_2017,__main__,council_smd,european_georgia,"საარჩევნო ბლოკი „ბაქრაძე, უგულავა-ევროპული საქართველო”",,16,წყალტუბო,,2,ნუგზარ,დანგაძე,ნუგზარ დანგაძე,,,majoritarians_all.pdf
local_2017,__main__,council_smd,european_georgia,"საარჩევნო ბლოკი „ბაქრაძე, უგულავა-ევროპული საქართველო”",,13,წყალტუბო,,2,გიორგი,კუჭავა,გიორგი კუჭავა,,,majoritarians_all.pdf
local_2017,__main__,council_smd,european_georgia,"საარჩევნო ბლოკი „ბაქრაძე, უგულავა-ევროპული საქართველო”",,10,წყალტუბო,,2,ვლადიმერი,კაპანაძე,ვლადიმერი კაპანაძე,,,majoritarians_all.pdf
local_2017,__main__,council_smd,european_georgia,"საარჩევნო ბლოკი „ბაქრაძე, უგულავა-ევროპული საქართველო”",,12,წყალტუბო,,2,ბადრი,ტურაბელიძე,ბადრი ტურაბელიძე,,,majoritarians_all.pdf
local_2017,__main__,council_smd,european_georgia,"საარჩევნო ბლოკი „ბაქრაძე, უგულავა-ევროპული საქართველო”",,3,წყალტუბო,,2,ბერდია,სილაგაძე,ბერდია სილაგაძე,,,majoritarians_all.pdf
local_2017,__main__,council_smd,european_georgia,"საარჩევნო ბლოკი „ბაქრაძე, უგულავა-ევროპული საქართველო”",,6,წყალტუბო,,2,მევლუდი,გურეშიძე,მევლუდი გურეშიძე,,,majoritarians_all.pdf
local_2017,__main__,council_smd,european_georgia,"საარჩევნო ბლოკი „ბაქრაძე, უგულავა-ევროპული საქართველო”",,4,წყალტუბო,,2,კობა,ფანცხავა,კობა ფანცხავა,,,majoritarians_all.pdf
local_2017,__main__,council_smd,european_georgia,"საარჩევნო ბლოკი „ბაქრაძე, უგულავა-ევროპული საქართველო”",,8,წყალტუბო,,2,სოფიკო,ბაბუნაშვილი,სოფიკო ბაბუნაშვილი,,,majoritarians_all.pdf
local_2017,__main__,council_smd,european_georgia,"საარჩევნო ბლოკი „ბაქრაძე, უგულავა-ევროპული საქართველო”",,2,წყალტუბო,,2,კახაბერი,ბოდოკია,კახაბერი ბოდოკია,,,majoritarians_all.pdf
local_2017,__main__,council_smd,european_georgia,"საარჩევნო ბლოკი „ბაქრაძე, უგულავა-ევროპული საქართველო”",,14,წყალტუბო,,2,თეიმურაზ,შაშიაშვილი,თეიმურაზ შაშიაშვილი,,,majoritarians_all.pdf
local_2017,__main__,council_smd,european_georgia,"საარჩევნო ბლოკი „ბაქრაძე, უგულავა-ევროპული საქართველო”",,15,წყალტუბო,,2,ზაზა,ჭეიშვილი,ზაზა ჭეიშვილი,,,majoritarians_all.pdf
local_2017,__main__,council_smd,european_georgia,"საარჩევნო ბლოკი „ბაქრაძე, უგულავა-ევროპული საქართველო”",,11,წყალტუბო,,2,ვასილი,ენუქიძე,ვასილი ენუქიძე,,,majoritarians_all.pdf
local_2017,__main__,council_smd,free_georgia,"საარჩევნო ბლოკი „დიმიტრი ლორთქიფანიძე, კახა კუკავა-დემოკრატიული მოძრაობა-თავისუფალი საქართველო”",,17,წყალტუბო,,3,გელა,სებუა,გელა სებუა,,,majoritarians_all.pdf
local_2017,__main__,council_smd,free_georgia,"საარჩევნო ბლოკი „დიმიტრი ლორთქიფანიძე, კახა კუკავა-დემოკრატიული მოძრაობა-თავისუფალი საქართველო”",,16,წყალტუბო,,3,ივანე,როყვა,ივანე როყვა,,,majoritarians_all.pdf
local_2017,__main__,council_smd,free_georgia,"საარჩევნო ბლოკი „დიმიტრი ლორთქიფანიძე, კახა კუკავა-დემოკრატიული მოძრაობა-თავისუფალი საქართველო”",,14,წყალტუბო,,3,მურმან,ჭეიშვილი,მურმან ჭეიშვილი,,,majoritarians_all.pdf
local_2017,__main__,council_smd,free_georgia,"საარჩევნო ბლოკი „დიმიტრი ლორთქიფანიძე, კახა კუკავა-დემოკრატიული მოძრაობა-თავისუფალი საქართველო”",,15,წყალტუბო,,3,შალვა,ბუმბეიშვილი,შალვა ბუმბეიშვილი,,,majoritarians_all.pdf
local_2017,__main__,council_smd,free_georgia,"საარჩევნო ბლოკი „დიმიტრი ლორთქიფანიძე, კახა კუკავა-დემოკრატიული მოძრაობა-თავისუფალი საქართველო”",,5,წყალტუბო,,3,რევაზ,შენგელია,რევაზ შენგელია,,,majoritarians_all.pdf
local_2017,__main__,council_smd,free_georgia,"საარჩევნო ბლოკი „დიმიტრი ლორთქიფანიძე, კახა კუკავა-დემოკრატიული მოძრაობა-თავისუფალი საქართველო”",,6,წყალტუბო,,3,რატი,ჟორჟოლიანი,რატი ჟორჟოლიანი,,,majoritarians_all.pdf
local_2017,__main__,council_smd,free_georgia,"საარჩევნო ბლოკი „დიმიტრი ლორთქიფანიძე, კახა კუკავა-დემოკრატიული მოძრაობა-თავისუფალი საქართველო”",,8,წყალტუბო,,3,რამაზი,ბარათელი,რამაზი ბარათელი,,,majoritarians_all.pdf
local_2017,__main__,council_smd,free_georgia,"საარჩევნო ბლოკი „დიმიტრი ლორთქიფანიძე, კახა კუკავა-დემოკრატიული მოძრაობა-თავისუფალი საქართველო”",,9,წყალტუბო,,3,შალვა,უშვერიძე,შალვა უშვერიძე,,,majoritarians_all.pdf
local_2017,__main__,council_smd,free_georgia,"საარჩევნო ბლოკი „დიმიტრი ლორთქიფანიძე, კახა კუკავა-დემოკრატიული მოძრაობა-თავისუფალი საქართველო”",,10,წყალტუბო,,3,ომარი,კეპულაძე,ომარი კეპულაძე,,,majoritarians_all.pdf
local_2017,__main__,council_smd,free_georgia,"საარჩევნო ბლოკი „დიმიტრი ლორთქიფანიძე, კახა კუკავა-დემოკრატიული მოძრაობა-თავისუფალი საქართველო”",,11,წყალტუბო,,3,დავით,გიორხელიძე,დავით გიორხელიძე,,,majoritarians_all.pdf
local_2017,__main__,council_smd,free_georgia,"საარჩევნო ბლოკი „დიმიტრი ლორთქიფანიძე, კახა კუკავა-დემოკრატიული მოძრაობა-თავისუფალი საქართველო”",,12,წყალტუბო,,3,ვასილი,მხეცაძე,ვასილი მხეცაძე,,,majoritarians_all.pdf
local_2017,__main__,council_smd,free_georgia,"საარჩევნო ბლოკი „დიმიტრი ლორთქიფანიძე, კახა კუკავა-დემოკრატიული მოძრაობა-თავისუფალი საქართველო”",,13,წყალტუბო,,3,ავთანდილი,სვანაძე,ავთანდილი სვანაძე,,,majoritarians_all.pdf
local_2017,__main__,council_smd,free_georgia,"საარჩევნო ბლოკი „დიმიტრი ლორთქიფანიძე, კახა კუკავა-დემოკრატიული მოძრაობა-თავისუფალი საქართველო”",,1,წყალტუბო,,3,მაია,შალამბერიძე,მაია შალამბერიძე,,,majoritarians_all.pdf
local_2017,__main__,council_smd,free_georgia,"საარჩევნო ბლოკი „დიმიტრი ლორთქიფანიძე, კახა კუკავა-დემოკრატიული მოძრაობა-თავისუფალი საქართველო”",,1,წყალტუბო,,3,დავითი,როყვა,დავითი როყვა,,,majoritarians_all.pdf
local_2017,__main__,council_smd,free_georgia,"საარჩევნო ბლოკი „დიმიტრი ლორთქიფანიძე, კახა კუკავა-დემოკრატიული მოძრაობა-თავისუფალი საქართველო”",,1,წყალტუბო,,3,გოჩა,უგულავა,გოჩა უგულავა,,,majoritarians_all.pdf
local_2017,__main__,council_smd,free_georgia,"საარჩევნო ბლოკი „დიმიტრი ლორთქიფანიძე, კახა კუკავა-დემოკრატიული მოძრაობა-თავისუფალი საქართველო”",,2,წყალტუბო,,3,გრიგოლი,არეშიძე,გრიგოლი არეშიძე,,,majoritarians_all.pdf
local_2017,__main__,council_smd,free_georgia,"საარჩევნო ბლოკი „დიმიტრი ლორთქიფანიძე, კახა კუკავა-დემოკრატიული მოძრაობა-თავისუფალი საქართველო”",,3,წყალტუბო,,3,რეზო,მუშკუდიანი,რეზო მუშკუდიანი,,,majoritarians_all.pdf
local_2017,__main__,council_smd,free_georgia,"საარჩევნო ბლოკი „დიმიტრი ლორთქიფანიძე, კახა კუკავა-დემოკრატიული მოძრაობა-თავისუფალი საქართველო”",,4,წყალტუბო,,3,იმედა,ზვიადაძე,იმედა ზვიადაძე,,,majoritarians_all.pdf
local_2017,__main__,council_smd,unm,საარჩევნო ბლოკი „ერთიანი ნაციონალური მოძრაობა”,,15,წყალტუბო,,5,დავითი,შალამბერიძე,დავითი შალამბერიძე,,,majoritarians_all.pdf
local_2017,__main__,council_smd,unm,საარჩევნო ბლოკი „ერთიანი ნაციონალური მოძრაობა”,,16,წყალტუბო,,5,გელა,ბურჯალიანი,გელა ბურჯალიანი,,,majoritarians_all.pdf
local_2017,__main__,council_smd,unm,საარჩევნო ბლოკი „ერთიანი ნაციონალური მოძრაობა”,,17,წყალტუბო,,5,ზურაბ,იოსელიანი,ზურაბ იოსელიანი,,,majoritarians_all.pdf
local_2017,__main__,council_smd,unm,საარჩევნო ბლოკი „ერთიანი ნაციონალური მოძრაობა”,,6,წყალტუბო,,5,ალეკო,მარჯანიშვილი,ალეკო მარჯანიშვილი,,,majoritarians_all.pdf
local_2017,__main__,council_smd,unm,საარჩევნო ბლოკი „ერთიანი ნაციონალური მოძრაობა”,,8,წყალტუბო,,5,მალხაზ,გორგიძე,მალხაზ გორგიძე,,,majoritarians_all.pdf
local_2017,__main__,council_smd,unm,საარჩევნო ბლოკი „ერთიანი ნაციონალური მოძრაობა”,,7,წყალტუბო,,5,დავით,ჭუმპაშვილი,დავით ჭუმპაშვილი,,,majoritarians_all.pdf
local_2017,__main__,council_smd,unm,საარჩევნო ბლოკი „ერთიანი ნაციონალური მოძრაობა”,,5,წყალტუბო,,5,თამაზ,ლომთაძე,თამაზ ლომთაძე,,,majoritarians_all.pdf
local_2017,__main__,council_smd,unm,საარჩევნო ბლოკი „ერთიანი ნაციონალური მოძრაობა”,,2,წყალტუბო,,5,ავთანდილ,გაბუნია,ავთანდილ გაბუნია,,,majoritarians_all.pdf
local_2017,__main__,council_smd,unm,საარჩევნო ბლოკი „ერთიანი ნაციონალური მოძრაობა”,,3,წყალტუბო,,5,მამუკა,მაცაბერიძე,მამუკა მაცაბერიძე,,,majoritarians_all.pdf
local_2017,__main__,council_smd,unm,საარჩევნო ბლოკი „ერთიანი ნაციონალური მოძრაობა”,,1,წყალტუბო,,5,ნიკოლოზ,ნიკოლაძე,ნიკოლოზ ნიკოლაძე,,,majoritarians_all.pdf
local_2017,__main__,council_smd,unm,საარჩევნო ბლოკი „ერთიანი ნაციონალური მოძრაობა”,,1,წყალტუბო,,5,ზურაბ,ჯიმშელეიშვილი,ზურაბ ჯიმშელეიშვილი,,,majoritarians_all.pdf
local_2017,__main__,council_smd,unm,საარჩევნო ბლოკი „ერთიანი ნაციონალური მოძრაობა”,,1,წყალტუბო,,5,დავით,ჩარკვიანი,დავით ჩარკვიანი,,,majoritarians_all.pdf
local_2017,__main__,council_smd,unm,საარჩევნო ბლოკი „ერთიანი ნაციონალური მოძრაობა”,,12,წყალტუბო,,5,მურად,სირბილაძე,მურად სირბილაძე,,,majoritarians_all.pdf
local_2017,__main__,council_smd,unm,საარჩევნო ბლოკი „ერთიანი ნაციონალური მოძრაობა”,,13,წყალტუბო,,5,როინ,როხვაძე,როინ როხვაძე,,,majoritarians_all.pdf
local_2017,__main__,council_smd,unm,საარჩევნო ბლოკი „ერთიანი ნაციონალური მოძრაობა”,,14,წყალტუბო,,5,გალაქტიონ,ხარაბაძე,გალაქტიონ ხარაბაძე,,,majoritarians_all.pdf
local_2017,__main__,council_smd,unm,საარჩევნო ბლოკი „ერთიანი ნაციონალური მოძრაობა”,,10,წყალტუბო,,5,გიორგი,ღვინიანიძე,გიორგი ღვინიანიძე,,,majoritarians_all.pdf
local_2017,__main__,council_smd,unm,საარჩევნო ბლოკი „ერთიანი ნაციონალური მოძრაობა”,,9,წყალტუბო,,5,ზვიადი,სახელაშვილი,ზვიადი სახელაშვილი,,,majoritarians_all.pdf
local_2017,__main__,council_smd,unm,საარჩევნო ბლოკი „ერთიანი ნაციონალური მოძრაობა”,,4,წყალტუბო,,5,ხვიჩა,ჩიხლაძე,ხვიჩა ჩიხლაძე,,,majoritarians_all.pdf
local_2017,__main__,council_smd,unm,საარჩევნო ბლოკი „ერთიანი ნაციონალური მოძრაობა”,,11,წყალტუბო,,5,რაჟდენ,ჯანელიძე,რაჟდენ ჯანელიძე,,,majoritarians_all.pdf
local_2017,__main__,council_smd,patriots,"„დავით თარხან-მოურავი, ირმა ინაშვილი - საქართველოს პატრიოტთა",,16,წყალტუბო,,8,ალიანსი”ირაკლი,უგლავა,ალიანსი”ირაკლი უგლავა,,,majoritarians_all.pdf
local_2017,__main__,council_smd,patriots,"„დავით თარხან-მოურავი, ირმა ინაშვილი - საქართველოს პატრიოტთა",,5,წყალტუბო,,8,ალიანსი”გიორგი,კახიძე,ალიანსი”გიორგი კახიძე,,,majoritarians_all.pdf
local_2017,__main__,council_smd,patriots,"„დავით თარხან-მოურავი, ირმა ინაშვილი - საქართველოს პატრიოტთა",,9,წყალტუბო,,8,ალიანსი”გრიგოლი,ჯანელიძე,ალიანსი”გრიგოლი ჯანელიძე,,,majoritarians_all.pdf
local_2017,__main__,council_smd,patriots,"„დავით თარხან-მოურავი, ირმა ინაშვილი - საქართველოს პატრიოტთა",,8,წყალტუბო,,8,ალიანსი”ავთანდილ,ბაბუნაშვილი,ალიანსი”ავთანდილ ბაბუნაშვილი,,,majoritarians_all.pdf
local_2017,__main__,council_smd,patriots,"„დავით თარხან-მოურავი, ირმა ინაშვილი - საქართველოს პატრიოტთა",,14,წყალტუბო,,8,ალიანსი”სერგო,პატარაია,ალიანსი”სერგო პატარაია,,,majoritarians_all.pdf
local_2017,__main__,council_smd,patriots,"„დავით თარხან-მოურავი, ირმა ინაშვილი - საქართველოს პატრიოტთა",,1,წყალტუბო,,8,ალიანსი”რომან,შალამბერიძე,ალიანსი”რომან შალამბერიძე,,,majoritarians_all.pdf
local_2017,__main__,council_smd,patriots,"„დავით თარხან-მოურავი, ირმა ინაშვილი - საქართველოს პატრიოტთა",,13,წყალტუბო,,8,ალიანსი”ტარიელ,სვანაძე,ალიანსი”ტარიელ სვანაძე,,,majoritarians_all.pdf
local_2017,__main__,council_smd,patriots,"„დავით თარხან-მოურავი, ირმა ინაშვილი - საქართველოს პატრიოტთა",,12,წყალტუბო,,8,ალიანსი”მურადი,ტურაბელიძე,ალიანსი”მურადი ტურაბელიძე,,,majoritarians_all.pdf
local_2017,__main__,council_smd,patriots,"„დავით თარხან-მოურავი, ირმა ინაშვილი - საქართველოს პატრიოტთა",,15,წყალტუბო,,8,ალიანსი”ბექა,გიორბელიძე,ალიანსი”ბექა გიორბელიძე,,,majoritarians_all.pdf
local_2017,__main__,council_smd,patriots,"„დავით თარხან-მოურავი, ირმა ინაშვილი - საქართველოს პატრიოტთა",,3,წყალტუბო,,8,ალიანსი”ზურაბ,ჯიქიძე,ალიანსი”ზურაბ ჯიქიძე,,,majoritarians_all.pdf
local_2017,__main__,council_smd,patriots,"„დავით თარხან-მოურავი, ირმა ინაშვილი - საქართველოს პატრიოტთა",,10,წყალტუბო,,8,ალიანსი”გაგა,თედორაძე,ალიანსი”გაგა თედორაძე,,,majoritarians_all.pdf
local_2017,__main__,council_smd,patriots,"„დავით თარხან-მოურავი, ირმა ინაშვილი - საქართველოს პატრიოტთა",,11,წყალტუბო,,8,ალიანსი”სერგო,დათუაშვილი,ალიანსი”სერგო დათუაშვილი,,,majoritarians_all.pdf
local_2017,__main__,council_smd,patriots,"„დავით თარხან-მოურავი, ირმა ინაშვილი - საქართველოს პატრიოტთა",,4,წყალტუბო,,8,ალიანსი”ვახტანგ,გველესიანი,ალიანსი”ვახტანგ გველესიანი,,,majoritarians_all.pdf
local_2017,__main__,council_smd,labour,„შალვა ნათელაშვილი - საქართველოს ლეიბორისტული პარტია”,,13,წყალტუბო,,10,იმედა,გუგავა,იმედა გუგავა,,,majoritarians_all.pdf
local_2017,__main__,council_smd,labour,„შალვა ნათელაშვილი - საქართველოს ლეიბორისტული პარტია”,,1,წყალტუბო,,10,რუსუდან,ჩირგაძე,რუსუდან ჩირგაძე,,,majoritarians_all.pdf
local_2017,__main__,council_smd,labour,„შალვა ნათელაშვილი - საქართველოს ლეიბორისტული პარტია”,,8,წყალტუბო,,10,ნინო,სიმსივე,ნინო სიმსივე,,,majoritarians_all.pdf
local_2017,__main__,council_smd,labour,„შალვა ნათელაშვილი - საქართველოს ლეიბორისტული პარტია”,,1,წყალტუბო,,10,გელა,გურაბანიძე,გელა გურაბანიძე,,,majoritarians_all.pdf
local_2017,__main__,council_smd,labour,„შალვა ნათელაშვილი - საქართველოს ლეიბორისტული პარტია”,,5,წყალტუბო,,10,შორენა,კახიძე,შორენა კახიძე,,,majoritarians_all.pdf
local_2017,__main__,council_smd,gd,„ქართული ოცნება-დემოკრატიული საქართველო”,,17,წყალტუბო,,41,გრიგოლი,ივანეიშვილი,გრიგოლი ივანეიშვილი,,,majoritarians_all.pdf
local_2017,__main__,council_smd,gd,„ქართული ოცნება-დემოკრატიული საქართველო”,,14,წყალტუბო,,41,შალვა,ხარაბაძე,შალვა ხარაბაძე,,,majoritarians_all.pdf
local_2017,__main__,council_smd,gd,„ქართული ოცნება-დემოკრატიული საქართველო”,,1,წყალტუბო,,41,მიხეილ,კაკაბაძე,მიხეილ კაკაბაძე,,,majoritarians_all.pdf
local_2017,__main__,council_smd,gd,„ქართული ოცნება-დემოკრატიული საქართველო”,,1,წყალტუბო,,41,ლაშა,კაკრიაშვილი,ლაშა კაკრიაშვილი,,,majoritarians_all.pdf
local_2017,__main__,council_smd,gd,„ქართული ოცნება-დემოკრატიული საქართველო”,,1,წყალტუბო,,41,ბადრი,პაპავა,ბადრი პაპავა,,,majoritarians_all.pdf
local_2017,__main__,council_smd,gd,„ქართული ოცნება-დემოკრატიული საქართველო”,,2,წყალტუბო,,41,შალვა,კილაძე,შალვა კილაძე,,,majoritarians_all.pdf
local_2017,__main__,council_smd,gd,„ქართული ოცნება-დემოკრატიული საქართველო”,,3,წყალტუბო,,41,დავითი,თუთბერიძე,დავითი თუთბერიძე,,,majoritarians_all.pdf
local_2017,__main__,council_smd,gd,„ქართული ოცნება-დემოკრატიული საქართველო”,,4,წყალტუბო,,41,ონისე,ტყაბლაძე,ონისე ტყაბლაძე,,,majoritarians_all.pdf
local_2017,__main__,council_smd,gd,„ქართული ოცნება-დემოკრატიული საქართველო”,,5,წყალტუბო,,41,სერგო,კირკიტაძე,სერგო კირკიტაძე,,,majoritarians_all.pdf
local_2017,__main__,council_smd,gd,„ქართული ოცნება-დემოკრატიული საქართველო”,,6,წყალტუბო,,41,თენგიზ,ნიჟარაძე,თენგიზ ნიჟარაძე,,,majoritarians_all.pdf
local_2017,__main__,council_smd,gd,„ქართული ოცნება-დემოკრატიული საქართველო”,,7,წყალტუბო,,41,დავით,ბანძელაძე,დავით ბანძელაძე,,,majoritarians_all.pdf
local_2017,__main__,council_smd,gd,„ქართული ოცნება-დემოკრატიული საქართველო”,,8,წყალტუბო,,41,ზურაბი,ფუთურიძე,ზურაბი ფუთურიძე,,,majoritarians_all.pdf
local_2017,__main__,council_smd,gd,„ქართული ოცნება-დემოკრატიული საქართველო”,,9,წყალტუბო,,41,პაატა,ახალაძე,პაატა ახალაძე,,,majoritarians_all.pdf
local_2017,__main__,council_smd,gd,„ქართული ოცნება-დემოკრატიული საქართველო”,,10,წყალტუბო,,41,ირაკლი,გვანცელაძე,ირაკლი გვანცელაძე,,,majoritarians_all.pdf
local_2017,__main__,council_smd,gd,„ქართული ოცნება-დემოკრატიული საქართველო”,,11,წყალტუბო,,41,რევაზი,დიდავა,რევაზი დიდავა,,,majoritarians_all.pdf
local_2017,__main__,council_smd,gd,„ქართული ოცნება-დემოკრატიული საქართველო”,,12,წყალტუბო,,41,მაკა,ჭელიძე,მაკა ჭელიძე,,,majoritarians_all.pdf
local_2017,__main__,council_smd,gd,„ქართული ოცნება-დემოკრატიული საქართველო”,,13,წყალტუბო,,41,ნაილი,ჭოლაძე,ნაილი ჭოლაძე,,,majoritarians_all.pdf
local_2017,__main__,council_smd,gd,„ქართული ოცნება-დემოკრატიული საქართველო”,,16,წყალტუბო,,41,ლატავრა,ბენდელიანი,ლატავრა ბენდელიანი,,,majoritarians_all.pdf
local_2017,__main__,council_smd,gd,„ქართული ოცნება-დემოკრატიული საქართველო”,,15,წყალტუბო,,41,ლევანი,მამაგეიშვილი,ლევანი მამაგეიშვილი,,,majoritarians_all.pdf
local_2017,__main__,council_smd,initiative_group,"საინიციატივო ჯგუფი - გივი ლომთაძე, გუგული კახიძე,თამარ კახიძე, ამირან კახიძე,გიზო ლომთაძე.",,5,წყალტუბო,,42,გიორგი,ლომთაძე,გიორგი ლომთაძე,,,majoritarians_all.pdf
local_2017,__main__,council_smd,european_georgia,"საარჩევნო ბლოკი „ბაქრაძე, უგულავა-ევროპული საქართველო”",,5,ქუთაისი,,2,დავითი,ჯანელიძე,დავითი ჯანელიძე,,,majoritarians_all.pdf
local_2017,__main__,council_smd,european_georgia,"საარჩევნო ბლოკი „ბაქრაძე, უგულავა-ევროპული საქართველო”",,6,ქუთაისი,,2,ანდრო,მაღლაკელიძე,ანდრო მაღლაკელიძე,,,majoritarians_all.pdf
local_2017,__main__,council_smd,european_georgia,"საარჩევნო ბლოკი „ბაქრაძე, უგულავა-ევროპული საქართველო”",,7,ქუთაისი,,2,კახაბერი,ქორიძე,კახაბერი ქორიძე,,,majoritarians_all.pdf
local_2017,__main__,council_smd,european_georgia,"საარჩევნო ბლოკი „ბაქრაძე, უგულავა-ევროპული საქართველო”",,8,ქუთაისი,,2,ელისო,დათუსანი,ელისო დათუსანი,,,majoritarians_all.pdf
local_2017,__main__,council_smd,european_georgia,"საარჩევნო ბლოკი „ბაქრაძე, უგულავა-ევროპული საქართველო”",,9,ქუთაისი,,2,კოტე,რატიანი,კოტე რატიანი,,,majoritarians_all.pdf
local_2017,__main__,council_smd,european_georgia,"საარჩევნო ბლოკი „ბაქრაძე, უგულავა-ევროპული საქართველო”",,10,ქუთაისი,,2,ნანა,ქუმელაშვილი,ნანა ქუმელაშვილი,,,majoritarians_all.pdf
local_2017,__main__,council_smd,european_georgia,"საარჩევნო ბლოკი „ბაქრაძე, უგულავა-ევროპული საქართველო”",,1,ქუთაისი,,2,მერაბი,მეშველიანი,მერაბი მეშველიანი,,,majoritarians_all.pdf
local_2017,__main__,council_smd,european_georgia,"საარჩევნო ბლოკი „ბაქრაძე, უგულავა-ევროპული საქართველო”",,2,ქუთაისი,,2,გიორგი,ხუციშვილი,გიორგი ხუციშვილი,,,majoritarians_all.pdf
local_2017,__main__,council_smd,european_georgia,"საარჩევნო ბლოკი „ბაქრაძე, უგულავა-ევროპული საქართველო”",,3,ქუთაისი,,2,რევაზი,გვამბერაძე,რევაზი გვამბერაძე,,,majoritarians_all.pdf
local_2017,__main__,council_smd,european_georgia,"საარჩევნო ბლოკი „ბაქრაძე, უგულავა-ევროპული საქართველო”",,4,ქუთაისი,,2,ამირან,ძოწენიძე,ამირან ძოწენიძე,,,majoritarians_all.pdf
local_2017,__main__,council_smd,free_georgia,"საარჩევნო ბლოკი „დიმიტრი ლორთქიფანიძე, კახა კუკავა-დემოკრატიული მოძრაობა-თავისუფალი საქართველო”",,9,ქუთაისი,,3,თამთა,ფხაკაძე,თამთა ფხაკაძე,,,majoritarians_all.pdf
local_2017,__main__,council_smd,free_georgia,"საარჩევნო ბლოკი „დიმიტრი ლორთქიფანიძე, კახა კუკავა-დემოკრატიული მოძრაობა-თავისუფალი საქართველო”",,4,ქუთაისი,,3,ნინო,ჯინჭარაძე,ნინო ჯინჭარაძე,,,majoritarians_all.pdf
local_2017,__main__,council_smd,free_georgia,"საარჩევნო ბლოკი „დიმიტრი ლორთქიფანიძე, კახა კუკავა-დემოკრატიული მოძრაობა-თავისუფალი საქართველო”",,6,ქუთაისი,,3,ლევანი,გოცაძე,ლევანი გოცაძე,,,majoritarians_all.pdf
local_2017,__main__,council_smd,free_georgia,"საარჩევნო ბლოკი „დიმიტრი ლორთქიფანიძე, კახა კუკავა-დემოკრატიული მოძრაობა-თავისუფალი საქართველო”",,8,ქუთაისი,,3,ნინო,დოლიძე,ნინო დოლიძე,,,majoritarians_all.pdf
local_2017,__main__,council_smd,free_georgia,"საარჩევნო ბლოკი „დიმიტრი ლორთქიფანიძე, კახა კუკავა-დემოკრატიული მოძრაობა-თავისუფალი საქართველო”",,10,ქუთაისი,,3,ვეფხვია,მიქაუტაძე,ვეფხვია მიქაუტაძე,,,majoritarians_all.pdf
local_2017,__main__,council_smd,free_georgia,"საარჩევნო ბლოკი „დიმიტრი ლორთქიფანიძე, კახა კუკავა-დემოკრატიული მოძრაობა-თავისუფალი საქართველო”",,3,ქუთაისი,,3,თენგიზი,ხვადაგიანი,თენგიზი ხვადაგიანი,,,majoritarians_all.pdf
local_2017,__main__,council_smd,free_georgia,"საარჩევნო ბლოკი „დიმიტრი ლორთქიფანიძე, კახა კუკავა-დემოკრატიული მოძრაობა-თავისუფალი საქართველო”",,5,ქუთაისი,,3,გაგა,ვაშაყმაძე,გაგა ვაშაყმაძე,,,majoritarians_all.pdf
local_2017,__main__,council_smd,free_georgia,"საარჩევნო ბლოკი „დიმიტრი ლორთქიფანიძე, კახა კუკავა-დემოკრატიული მოძრაობა-თავისუფალი საქართველო”",,7,ქუთაისი,,3,გიორგი,სვანიძე,გიორგი სვანიძე,,,majoritarians_all.pdf
local_2017,__main__,council_smd,free_georgia,"საარჩევნო ბლოკი „დიმიტრი ლორთქიფანიძე, კახა კუკავა-დემოკრატიული მოძრაობა-თავისუფალი საქართველო”",,1,ქუთაისი,,3,ოთარი,ხმელიძე,ოთარი ხმელიძე,,,majoritarians_all.pdf
local_2017,__main__,council_smd,unm,საარჩევნო ბლოკი „ერთიანი ნაციონალური მოძრაობა”,,5,ქუთაისი,,5,ნიკოლოზ,ნარსია,ნიკოლოზ ნარსია,,,majoritarians_all.pdf
local_2017,__main__,council_smd,unm,საარჩევნო ბლოკი „ერთიანი ნაციონალური მოძრაობა”,,9,ქუთაისი,,5,კახაბერ,გაბუნია,კახაბერ გაბუნია,,,majoritarians_all.pdf
local_2017,__main__,council_smd,unm,საარჩევნო ბლოკი „ერთიანი ნაციონალური მოძრაობა”,,1,ქუთაისი,,5,ვლადიმერ,კლდიაშვილი,ვლადიმერ კლდიაშვილი,,,majoritarians_all.pdf
local_2017,__main__,council_smd,unm,საარჩევნო ბლოკი „ერთიანი ნაციონალური მოძრაობა”,,4,ქუთაისი,,5,მამუკა,ირემაძე,მამუკა ირემაძე,,,majoritarians_all.pdf
local_2017,__main__,council_smd,unm,საარჩევნო ბლოკი „ერთიანი ნაციონალური მოძრაობა”,,7,ქუთაისი,,5,დავითი,ბახტაძე,დავითი ბახტაძე,,,majoritarians_all.pdf
local_2017,__main__,council_smd,unm,საარჩევნო ბლოკი „ერთიანი ნაციონალური მოძრაობა”,,8,ქუთაისი,,5,მალხაზი,ვაშაყმაძე,მალხაზი ვაშაყმაძე,,,majoritarians_all.pdf
local_2017,__main__,council_smd,unm,საარჩევნო ბლოკი „ერთიანი ნაციონალური მოძრაობა”,,2,ქუთაისი,,5,გაგა,მანაგაძე,გაგა მანაგაძე,,,majoritarians_all.pdf
local_2017,__main__,council_smd,unm,საარჩევნო ბლოკი „ერთიანი ნაციონალური მოძრაობა”,,3,ქუთაისი,,5,ლაშა,შალამბერიძე,ლაშა შალამბერიძე,,,majoritarians_all.pdf
local_2017,__main__,council_smd,unm,საარჩევნო ბლოკი „ერთიანი ნაციონალური მოძრაობა”,,6,ქუთაისი,,5,გიორგი,უკლება,გიორგი უკლება,,,majoritarians_all.pdf
local_2017,__main__,council_smd,unm,საარჩევნო ბლოკი „ერთიანი ნაციონალური მოძრაობა”,,10,ქუთაისი,,5,ჯუმბერი,შაშიაშვილი,ჯუმბერი შაშიაშვილი,,,majoritarians_all.pdf
local_2017,__main__,council_smd,patriots,"„დავით თარხან-მოურავი, ირმა ინაშვილი - საქართველოს პატრიოტთა",,9,ქუთაისი,,8,ალიანსი”ავთანდილი,გვეტაძე,ალიანსი”ავთანდილი გვეტაძე,,,majoritarians_all.pdf
local_2017,__main__,council_smd,patriots,"„დავით თარხან-მოურავი, ირმა ინაშვილი - საქართველოს პატრიოტთა",,2,ქუთაისი,,8,ალიანსი”გენადი,ქუთათელაძე,ალიანსი”გენადი ქუთათელაძე,,,majoritarians_all.pdf
local_2017,__main__,council_smd,patriots,"„დავით თარხან-მოურავი, ირმა ინაშვილი - საქართველოს პატრიოტთა",,3,ქუთაისი,,8,ალიანსი”ზაზა,ვარდანიძე,ალიანსი”ზაზა ვარდანიძე,,,majoritarians_all.pdf
local_2017,__main__,council_smd,patriots,"„დავით თარხან-მოურავი, ირმა ინაშვილი - საქართველოს პატრიოტთა",,10,ქუთაისი,,8,ალიანსი”მამია,გიორგაძე,ალიანსი”მამია გიორგაძე,,,majoritarians_all.pdf
local_2017,__main__,council_smd,patriots,"„დავით თარხან-მოურავი, ირმა ინაშვილი - საქართველოს პატრიოტთა",,1,ქუთაისი,,8,ალიანსი”თამარი,ახვლედიანი,ალიანსი”თამარი ახვლედიანი,,,majoritarians_all.pdf
local_2017,__main__,council_smd,patriots,"„დავით თარხან-მოურავი, ირმა ინაშვილი - საქართველოს პატრიოტთა",,8,ქუთაისი,,8,ალიანსი”ავთანდილი,ლელაძე,ალიანსი”ავთანდილი ლელაძე,,,majoritarians_all.pdf
local_2017,__main__,council_smd,patriots,"„დავით თარხან-მოურავი, ირმა ინაშვილი - საქართველოს პატრიოტთა",,5,ქუთაისი,,8,ალიანსი”დავითი,გოგსაძე,ალიანსი”დავითი გოგსაძე,,,majoritarians_all.pdf
local_2017,__main__,council_smd,patriots,"„დავით თარხან-მოურავი, ირმა ინაშვილი - საქართველოს პატრიოტთა",,6,ქუთაისი,,8,ალიანსი”დავითი,ჯანაშია,ალიანსი”დავითი ჯანაშია,,,majoritarians_all.pdf
local_2017,__main__,council_smd,patriots,"„დავით თარხან-მოურავი, ირმა ინაშვილი - საქართველოს პატრიოტთა",,7,ქუთაისი,,8,ალიანსი”ბადრი,ფორჩხიძე,ალიანსი”ბადრი ფორჩხიძე,,,majoritarians_all.pdf
local_2017,__main__,council_smd,labour,„შალვა ნათელაშვილი - საქართველოს ლეიბორისტული პარტია”,,4,ქუთაისი,,10,მერაბი,ჭუმბურიძე,მერაბი ჭუმბურიძე,,,majoritarians_all.pdf
local_2017,__main__,council_smd,labour,„შალვა ნათელაშვილი - საქართველოს ლეიბორისტული პარტია”,,9,ქუთაისი,,10,ირაკლი,კიკვაძე,ირაკლი კიკვაძე,,,majoritarians_all.pdf
local_2017,__main__,council_smd,labour,„შალვა ნათელაშვილი - საქართველოს ლეიბორისტული პარტია”,,1,ქუთაისი,,10,ზურაბი,ძნელაძე,ზურაბი ძნელაძე,,,majoritarians_all.pdf
local_2017,__main__,council_smd,labour,„შალვა ნათელაშვილი - საქართველოს ლეიბორისტული პარტია”,,10,ქუთაისი,,10,მირზა,ბრეგაძე,მირზა ბრეგაძე,,,majoritarians_all.pdf
local_2017,__main__,council_smd,labour,„შალვა ნათელაშვილი - საქართველოს ლეიბორისტული პარტია”,,8,ქუთაისი,,10,ნელი,ცაბაძე,ნელი ცაბაძე,,,majoritarians_all.pdf
local_2017,__main__,council_smd,labour,„შალვა ნათელაშვილი - საქართველოს ლეიბორისტული პარტია”,,5,ქუთაისი,,10,გოჩა,ნიკოლაძე,გოჩა ნიკოლაძე,,,majoritarians_all.pdf
local_2017,__main__,council_smd,labour,„შალვა ნათელაშვილი - საქართველოს ლეიბორისტული პარტია”,,7,ქუთაისი,,10,დავითი,სოფრომაძე,დავითი სოფრომაძე,,,majoritarians_all.pdf
local_2017,__main__,council_smd,labour,„შალვა ნათელაშვილი - საქართველოს ლეიბორისტული პარტია”,,2,ქუთაისი,,10,გაგი,ახალაძე,გაგი ახალაძე,,,majoritarians_all.pdf
local_2017,__main__,council_smd,labour,„შალვა ნათელაშვილი - საქართველოს ლეიბორისტული პარტია”,,6,ქუთაისი,,10,ნუგზარ,ლომაშვილი,ნუგზარ ლომაშვილი,,,majoritarians_all.pdf
local_2017,__main__,council_smd,labour,„შალვა ნათელაშვილი - საქართველოს ლეიბორისტული პარტია”,,3,ქუთაისი,,10,გიორგი,ღვინიანიძე,გიორგი ღვინიანიძე,,,majoritarians_all.pdf
local_2017,__main__,council_smd,construction_movement_2017,„შენების მოძრაობა”,,4,ქუთაისი,,20,ნინო,კინწურაშვილი,ნინო კინწურაშვილი,,,majoritarians_all.pdf
local_2017,__main__,council_smd,construction_movement_2017,„შენების მოძრაობა”,,5,ქუთაისი,,20,ირმა,აბჟანდაძე,ირმა აბჟანდაძე,,,majoritarians_all.pdf
local_2017,__main__,council_smd,construction_movement_2017,„შენების მოძრაობა”,,1,ქუთაისი,,20,მზია,სირბილაძე,მზია სირბილაძე,,,majoritarians_all.pdf
local_2017,__main__,council_smd,vashadze_2017,საარჩევნო ბლოკი „გიორგი ვაშაძე - ერთობა ახალი საქართველო”,,9,ქუთაისი,,27,თეა,მარდალეიშვილი,თეა მარდალეიშვილი,,,majoritarians_all.pdf
local_2017,__main__,council_smd,vashadze_2017,საარჩევნო ბლოკი „გიორგი ვაშაძე - ერთობა ახალი საქართველო”,,10,ქუთაისი,,27,თენგიზი,ცხადაძე,თენგიზი ცხადაძე,,,majoritarians_all.pdf
local_2017,__main__,council_smd,vashadze_2017,საარჩევნო ბლოკი „გიორგი ვაშაძე - ერთობა ახალი საქართველო”,,6,ქუთაისი,,27,მარინა,მესხი,მარინა მესხი,,,majoritarians_all.pdf
local_2017,__main__,council_smd,vashadze_2017,საარჩევნო ბლოკი „გიორგი ვაშაძე - ერთობა ახალი საქართველო”,,7,ქუთაისი,,27,გოგი,დაუშვილი,გოგი დაუშვილი,,,majoritarians_all.pdf
local_2017,__main__,council_smd,vashadze_2017,საარჩევნო ბლოკი „გიორგი ვაშაძე - ერთობა ახალი საქართველო”,,4,ქუთაისი,,27,არჩილი,სულაძე,არჩილი სულაძე,,,majoritarians_all.pdf
local_2017,__main__,council_smd,vashadze_2017,საარჩევნო ბლოკი „გიორგი ვაშაძე - ერთობა ახალი საქართველო”,,5,ქუთაისი,,27,მარიამი,ხვიჩია,მარიამი ხვიჩია,,,majoritarians_all.pdf
local_2017,__main__,council_smd,vashadze_2017,საარჩევნო ბლოკი „გიორგი ვაშაძე - ერთობა ახალი საქართველო”,,3,ქუთაისი,,27,გიორგი,მარდალეიშვილი,გიორგი მარდალეიშვილი,,,majoritarians_all.pdf
local_2017,__main__,council_smd,vashadze_2017,საარჩევნო ბლოკი „გიორგი ვაშაძე - ერთობა ახალი საქართველო”,,1,ქუთაისი,,27,გიორგი,მაჩიტიძე,გიორგი მაჩიტიძე,,,majoritarians_all.pdf
local_2017,__main__,council_smd,vashadze_2017,საარჩევნო ბლოკი „გიორგი ვაშაძე - ერთობა ახალი საქართველო”,,2,ქუთაისი,,27,მამუკა,ხურციძე,მამუკა ხურციძე,,,majoritarians_all.pdf
local_2017,__main__,council_smd,vashadze_2017,საარჩევნო ბლოკი „გიორგი ვაშაძე - ერთობა ახალი საქართველო”,,8,ქუთაისი,,27,ანა,გაბუნია,ანა გაბუნია,,,majoritarians_all.pdf
local_2017,__main__,council_smd,motherland_2020,მამულიშვილთა ორდენი „სამშობლო”,,5,ქუთაისი,,34,ზურაბ,ივანეიშვილი,ზურაბ ივანეიშვილი,,,majoritarians_all.pdf
local_2017,__main__,council_smd,motherland_2020,მამულიშვილთა ორდენი „სამშობლო”,,6,ქუთაისი,,34,ნანი,ზაუტაშვილი,ნანი ზაუტაშვილი,,,majoritarians_all.pdf
local_2017,__main__,council_smd,motherland_2020,მამულიშვილთა ორდენი „სამშობლო”,,10,ქუთაისი,,34,ნინო,ძოწენიძე,ნინო ძოწენიძე,,,majoritarians_all.pdf
local_2017,__main__,council_smd,motherland_2020,მამულიშვილთა ორდენი „სამშობლო”,,1,ქუთაისი,,34,სემირამიდა,კუპრაძე,სემირამიდა კუპრაძე,,,majoritarians_all.pdf
local_2017,__main__,council_smd,motherland_2020,მამულიშვილთა ორდენი „სამშობლო”,,3,ქუთაისი,,34,კახაბერი,გამრეკლიძე,კახაბერი გამრეკლიძე,,,majoritarians_all.pdf
local_2017,__main__,council_smd,motherland_2020,მამულიშვილთა ორდენი „სამშობლო”,,9,ქუთაისი,,34,მაკა,ბაწაშვილი,მაკა ბაწაშვილი,,,majoritarians_all.pdf
local_2017,__main__,council_smd,motherland_2020,მამულიშვილთა ორდენი „სამშობლო”,,8,ქუთაისი,,34,ლილი,კაპანაძე,ლილი კაპანაძე,,,majoritarians_all.pdf
local_2017,__main__,council_smd,motherland_2020,მამულიშვილთა ორდენი „სამშობლო”,,7,ქუთაისი,,34,სალომე,ქომეთიანი,სალომე ქომეთიანი,,,majoritarians_all.pdf
local_2017,__main__,council_smd,motherland_2020,მამულიშვილთა ორდენი „სამშობლო”,,4,ქუთაისი,,34,ზვიადი,ერისთავი,ზვიადი ერისთავი,,,majoritarians_all.pdf
local_2017,__main__,council_smd,motherland_2020,მამულიშვილთა ორდენი „სამშობლო”,,2,ქუთაისი,,34,ირმა,ჭაფოძე,ირმა ჭაფოძე,,,majoritarians_all.pdf
local_2017,__main__,council_smd,gd,„ქართული ოცნება-დემოკრატიული საქართველო”,,10,ქუთაისი,,41,მამუკა,რიჟამაძე,მამუკა რიჟამაძე,,,majoritarians_all.pdf
local_2017,__main__,council_smd,gd,„ქართული ოცნება-დემოკრატიული საქართველო”,,7,ქუთაისი,,41,ელეონორა,არჩაია,ელეონორა არჩაია,,,majoritarians_all.pdf
local_2017,__main__,council_smd,gd,„ქართული ოცნება-დემოკრატიული საქართველო”,,8,ქუთაისი,,41,ნიკოლოზი,ჩეჩელაშვილი,ნიკოლოზი ჩეჩელაშვილი,,,majoritarians_all.pdf
local_2017,__main__,council_smd,gd,„ქართული ოცნება-დემოკრატიული საქართველო”,,9,ქუთაისი,,41,კახაბერ,ბოჭორიშვილი,კახაბერ ბოჭორიშვილი,,,majoritarians_all.pdf
local_2017,__main__,council_smd,gd,„ქართული ოცნება-დემოკრატიული საქართველო”,,5,ქუთაისი,,41,გიორგი,ჭეიშვილი,გიორგი ჭეიშვილი,,,majoritarians_all.pdf
local_2017,__main__,council_smd,gd,„ქართული ოცნება-დემოკრატიული საქართველო”,,6,ქუთაისი,,41,მარეხი,ნიჟარაძე,მარეხი ნიჟარაძე,,,majoritarians_all.pdf
local_2017,__main__,council_smd,gd,„ქართული ოცნება-დემოკრატიული საქართველო”,,1,ქუთაისი,,41,მერაბ,კვიცარიძე,მერაბ კვიცარიძე,,,majoritarians_all.pdf
local_2017,__main__,council_smd,gd,„ქართული ოცნება-დემოკრატიული საქართველო”,,2,ქუთაისი,,41,იმედა,საღინაძე,იმედა საღინაძე,,,majoritarians_all.pdf
local_2017,__main__,council_smd,gd,„ქართული ოცნება-დემოკრატიული საქართველო”,,3,ქუთაისი,,41,ირაკლი,შენგელია,ირაკლი შენგელია,,,majoritarians_all.pdf
local_2017,__main__,council_smd,gd,„ქართული ოცნება-დემოკრატიული საქართველო”,,4,ქუთაისი,,41,ამირან,კოპალეიშვილი,ამირან კოპალეიშვილი,,,majoritarians_all.pdf
local_2017,__main__,council_smd,european_georgia,"საარჩევნო ბლოკი „ბაქრაძე, უგულავა-ევროპული საქართველო”",,9,ოზურგეთი,,2,რამაზი,ჩანგელია,რამაზი ჩანგელია,,,majoritarians_all.pdf
local_2017,__main__,council_smd,european_georgia,"საარჩევნო ბლოკი „ბაქრაძე, უგულავა-ევროპული საქართველო”",,10,ოზურგეთი,,2,თეონა,მურუსიძე,თეონა მურუსიძე,,,majoritarians_all.pdf
local_2017,__main__,council_smd,european_georgia,"საარჩევნო ბლოკი „ბაქრაძე, უგულავა-ევროპული საქართველო”",,13,ოზურგეთი,,2,გულნაზი,დაუშვილი,გულნაზი დაუშვილი,,,majoritarians_all.pdf
local_2017,__main__,council_smd,european_georgia,"საარჩევნო ბლოკი „ბაქრაძე, უგულავა-ევროპული საქართველო”",,14,ოზურგეთი,,2,მარინე,მაჭარაშვილი,მარინე მაჭარაშვილი,,,majoritarians_all.pdf
local_2017,__main__,council_smd,european_georgia,"საარჩევნო ბლოკი „ბაქრაძე, უგულავა-ევროპული საქართველო”",,1,ოზურგეთი,,2,გოჩა,დოლიძე,გოჩა დოლიძე,,,majoritarians_all.pdf
local_2017,__main__,council_smd,european_georgia,"საარჩევნო ბლოკი „ბაქრაძე, უგულავა-ევროპული საქართველო”",,1,ოზურგეთი,,2,მერაბ,ნინუა,მერაბ ნინუა,,,majoritarians_all.pdf
local_2017,__main__,council_smd,european_georgia,"საარჩევნო ბლოკი „ბაქრაძე, უგულავა-ევროპული საქართველო”",,12,ოზურგეთი,,2,თინათინ,სოსელია,თინათინ სოსელია,,,majoritarians_all.pdf
local_2017,__main__,council_smd,european_georgia,"საარჩევნო ბლოკი „ბაქრაძე, უგულავა-ევროპული საქართველო”",,11,ოზურგეთი,,2,ზვიად,ოსეფაიშვილი,ზვიად ოსეფაიშვილი,,,majoritarians_all.pdf
local_2017,__main__,council_smd,european_georgia,"საარჩევნო ბლოკი „ბაქრაძე, უგულავა-ევროპული საქართველო”",,15,ოზურგეთი,,2,მაკა,პავლიაშვილი,მაკა პავლიაშვილი,,,majoritarians_all.pdf
local_2017,__main__,council_smd,european_georgia,"საარჩევნო ბლოკი „ბაქრაძე, უგულავა-ევროპული საქართველო”",,16,ოზურგეთი,,2,ჯაბა,ჭანუყვაძე,ჯაბა ჭანუყვაძე,,,majoritarians_all.pdf
local_2017,__main__,council_smd,european_georgia,"საარჩევნო ბლოკი „ბაქრაძე, უგულავა-ევროპული საქართველო”",,17,ოზურგეთი,,2,თენგიზი,ღლონტი,თენგიზი ღლონტი,,,majoritarians_all.pdf
local_2017,__main__,council_smd,european_georgia,"საარჩევნო ბლოკი „ბაქრაძე, უგულავა-ევროპული საქართველო”",,18,ოზურგეთი,,2,მინდია,კეჭაყმაძე,მინდია კეჭაყმაძე,,,majoritarians_all.pdf
local_2017,__main__,council_smd,european_georgia,"საარჩევნო ბლოკი „ბაქრაძე, უგულავა-ევროპული საქართველო”",,19,ოზურგეთი,,2,თეონა,წიტაიშვილი,თეონა წიტაიშვილი,,,majoritarians_all.pdf
local_2017,__main__,council_smd,european_georgia,"საარჩევნო ბლოკი „ბაქრაძე, უგულავა-ევროპული საქართველო”",,4,ოზურგეთი,,2,გიორგი,ხაბალაშვილი,გიორგი ხაბალაშვილი,,,majoritarians_all.pdf
local_2017,__main__,council_smd,european_georgia,"საარჩევნო ბლოკი „ბაქრაძე, უგულავა-ევროპული საქართველო”",,3,ოზურგეთი,,2,მალხაზ,ბერიძე,მალხაზ ბერიძე,,,majoritarians_all.pdf
local_2017,__main__,council_smd,european_georgia,"საარჩევნო ბლოკი „ბაქრაძე, უგულავა-ევროპული საქართველო”",,5,ოზურგეთი,,2,ბესიკ,ირემაძე,ბესიკ ირემაძე,,,majoritarians_all.pdf
local_2017,__main__,council_smd,european_georgia,"საარჩევნო ბლოკი „ბაქრაძე, უგულავა-ევროპული საქართველო”",,6,ოზურგეთი,,2,შაქრო,ბზეკალავა,შაქრო ბზეკალავა,,,majoritarians_all.pdf
local_2017,__main__,council_smd,european_georgia,"საარჩევნო ბლოკი „ბაქრაძე, უგულავა-ევროპული საქართველო”",,7,ოზურგეთი,,2,ლია,ჯიხვაშვილი,ლია ჯიხვაშვილი,,,majoritarians_all.pdf
local_2017,__main__,council_smd,european_georgia,"საარჩევნო ბლოკი „ბაქრაძე, უგულავა-ევროპული საქართველო”",,8,ოზურგეთი,,2,რამაზ,ნაჭყეპია,რამაზ ნაჭყეპია,,,majoritarians_all.pdf
local_2017,__main__,council_smd,european_georgia,"საარჩევნო ბლოკი „ბაქრაძე, უგულავა-ევროპული საქართველო”",,28,ოზურგეთი,,2,გიორგი,ლომჯარია,გიორგი ლომჯარია,,,majoritarians_all.pdf
local_2017,__main__,council_smd,european_georgia,"საარჩევნო ბლოკი „ბაქრაძე, უგულავა-ევროპული საქართველო”",,29,ოზურგეთი,,2,მანანა,ჯორბენაძე,მანანა ჯორბენაძე,,,majoritarians_all.pdf
local_2017,__main__,council_smd,european_georgia,"საარჩევნო ბლოკი „ბაქრაძე, უგულავა-ევროპული საქართველო”",,21,ოზურგეთი,,2,ნიკოლოზ,ტუღუში,ნიკოლოზ ტუღუში,,,majoritarians_all.pdf
local_2017,__main__,council_smd,european_georgia,"საარჩევნო ბლოკი „ბაქრაძე, უგულავა-ევროპული საქართველო”",,22,ოზურგეთი,,2,გიორგი,როყვა,გიორგი როყვა,,,majoritarians_all.pdf
local_2017,__main__,council_smd,european_georgia,"საარჩევნო ბლოკი „ბაქრაძე, უგულავა-ევროპული საქართველო”",,23,ოზურგეთი,,2,დავით,ჩოლაბარგია,დავით ჩოლაბარგია,,,majoritarians_all.pdf
local_2017,__main__,council_smd,european_georgia,"საარჩევნო ბლოკი „ბაქრაძე, უგულავა-ევროპული საქართველო”",,24,ოზურგეთი,,2,მაია,ქოჩიშვილი,მაია ქოჩიშვილი,,,majoritarians_all.pdf
local_2017,__main__,council_smd,european_georgia,"საარჩევნო ბლოკი „ბაქრაძე, უგულავა-ევროპული საქართველო”",,25,ოზურგეთი,,2,ალექსანდრე,დემეტრაშვილი,ალექსანდრე დემეტრაშვილი,,,majoritarians_all.pdf
local_2017,__main__,council_smd,european_georgia,"საარჩევნო ბლოკი „ბაქრაძე, უგულავა-ევროპული საქართველო”",,26,ოზურგეთი,,2,დავით,ბარამიძე,დავით ბარამიძე,,,majoritarians_all.pdf
local_2017,__main__,council_smd,european_georgia,"საარჩევნო ბლოკი „ბაქრაძე, უგულავა-ევროპული საქართველო”",,1,ოზურგეთი,,2,კობა,ლომაძე,კობა ლომაძე,,,majoritarians_all.pdf
local_2017,__main__,council_smd,free_georgia,"საარჩევნო ბლოკი „დიმიტრი ლორთქიფანიძე, კახა კუკავა-დემოკრატიული მოძრაობა-თავისუფალი საქართველო”",,24,ოზურგეთი,,3,ავთანდილ,ბურჭულაძე,ავთანდილ ბურჭულაძე,,,majoritarians_all.pdf
local_2017,__main__,council_smd,free_georgia,"საარჩევნო ბლოკი „დიმიტრი ლორთქიფანიძე, კახა კუკავა-დემოკრატიული მოძრაობა-თავისუფალი საქართველო”",,15,ოზურგეთი,,3,ბიძინა,ცეცხლაძე,ბიძინა ცეცხლაძე,,,majoritarians_all.pdf
local_2017,__main__,council_smd,free_georgia,"საარჩევნო ბლოკი „დიმიტრი ლორთქიფანიძე, კახა კუკავა-დემოკრატიული მოძრაობა-თავისუფალი საქართველო”",,17,ოზურგეთი,,3,ნაზი,სალუქვაძე,ნაზი სალუქვაძე,,,majoritarians_all.pdf
local_2017,__main__,council_smd,free_georgia,"საარჩევნო ბლოკი „დიმიტრი ლორთქიფანიძე, კახა კუკავა-დემოკრატიული მოძრაობა-თავისუფალი საქართველო”",,9,ოზურგეთი,,3,შუქრი,ბარამიძე,შუქრი ბარამიძე,,,majoritarians_all.pdf
local_2017,__main__,council_smd,free_georgia,"საარჩევნო ბლოკი „დიმიტრი ლორთქიფანიძე, კახა კუკავა-დემოკრატიული მოძრაობა-თავისუფალი საქართველო”",,1,ოზურგეთი,,3,გივი,ანთაძე,გივი ანთაძე,,,majoritarians_all.pdf
local_2017,__main__,council_smd,unm,საარჩევნო ბლოკი „ერთიანი ნაციონალური მოძრაობა”,,10,ოზურგეთი,,5,მამუკა,მჟავია,მამუკა მჟავია,,,majoritarians_all.pdf
local_2017,__main__,council_smd,unm,საარჩევნო ბლოკი „ერთიანი ნაციონალური მოძრაობა”,,7,ოზურგეთი,,5,როინი,ფრანგულაშვილი,როინი ფრანგულაშვილი,,,majoritarians_all.pdf
local_2017,__main__,council_smd,unm,საარჩევნო ბლოკი „ერთიანი ნაციონალური მოძრაობა”,,8,ოზურგეთი,,5,კონსტანტინე,თოდრაძე,კონსტანტინე თოდრაძე,,,majoritarians_all.pdf
local_2017,__main__,council_smd,unm,საარჩევნო ბლოკი „ერთიანი ნაციონალური მოძრაობა”,,9,ოზურგეთი,,5,ილია,ღლონტი,ილია ღლონტი,,,majoritarians_all.pdf
local_2017,__main__,council_smd,unm,საარჩევნო ბლოკი „ერთიანი ნაციონალური მოძრაობა”,,1,ოზურგეთი,,5,მარიამი,პატარავა,მარიამი პატარავა,,,majoritarians_all.pdf
local_2017,__main__,council_smd,unm,საარჩევნო ბლოკი „ერთიანი ნაციონალური მოძრაობა”,,3,ოზურგეთი,,5,მანუჩარ,გოგრაჭაძე,მანუჩარ გოგრაჭაძე,,,majoritarians_all.pdf
local_2017,__main__,council_smd,unm,საარჩევნო ბლოკი „ერთიანი ნაციონალური მოძრაობა”,,2,ოზურგეთი,,5,არჩილი,ფუტკარაძე,არჩილი ფუტკარაძე,,,majoritarians_all.pdf
local_2017,__main__,council_smd,unm,საარჩევნო ბლოკი „ერთიანი ნაციონალური მოძრაობა”,,6,ოზურგეთი,,5,როლანდ,ძირკვაძე,როლანდ ძირკვაძე,,,majoritarians_all.pdf
local_2017,__main__,council_smd,unm,საარჩევნო ბლოკი „ერთიანი ნაციონალური მოძრაობა”,,5,ოზურგეთი,,5,ბესიკი,ქათამაძე,ბესიკი ქათამაძე,,,majoritarians_all.pdf
local_2017,__main__,council_smd,unm,საარჩევნო ბლოკი „ერთიანი ნაციონალური მოძრაობა”,,11,ოზურგეთი,,5,ბექა,თავდიშვილი,ბექა თავდიშვილი,,,majoritarians_all.pdf
local_2017,__main__,council_smd,unm,საარჩევნო ბლოკი „ერთიანი ნაციონალური მოძრაობა”,,13,ოზურგეთი,,5,ნონა,ბაბილოძე,ნონა ბაბილოძე,,,majoritarians_all.pdf
local_2017,__main__,council_smd,unm,საარჩევნო ბლოკი „ერთიანი ნაციონალური მოძრაობა”,,14,ოზურგეთი,,5,ნოდარ,სირაძე,ნოდარ სირაძე,,,majoritarians_all.pdf
local_2017,__main__,council_smd,unm,საარჩევნო ბლოკი „ერთიანი ნაციონალური მოძრაობა”,,17,ოზურგეთი,,5,თამარ,ცხომელიძე,თამარ ცხომელიძე,,,majoritarians_all.pdf
local_2017,__main__,council_smd,unm,საარჩევნო ბლოკი „ერთიანი ნაციონალური მოძრაობა”,,12,ოზურგეთი,,5,ნინა,საღარაძე,ნინა საღარაძე,,,majoritarians_all.pdf
local_2017,__main__,council_smd,unm,საარჩევნო ბლოკი „ერთიანი ნაციონალური მოძრაობა”,,16,ოზურგეთი,,5,მზევინარ,მუჯირი,მზევინარ მუჯირი,,,majoritarians_all.pdf
local_2017,__main__,council_smd,unm,საარჩევნო ბლოკი „ერთიანი ნაციონალური მოძრაობა”,,28,ოზურგეთი,,5,დავით,მჟავანაძე,დავით მჟავანაძე,,,majoritarians_all.pdf
local_2017,__main__,council_smd,unm,საარჩევნო ბლოკი „ერთიანი ნაციონალური მოძრაობა”,,27,ოზურგეთი,,5,შალვა,თავდიშვილი,შალვა თავდიშვილი,,,majoritarians_all.pdf
local_2017,__main__,council_smd,unm,საარჩევნო ბლოკი „ერთიანი ნაციონალური მოძრაობა”,,23,ოზურგეთი,,5,კახა,ქუტიძე,კახა ქუტიძე,,,majoritarians_all.pdf
local_2017,__main__,council_smd,unm,საარჩევნო ბლოკი „ერთიანი ნაციონალური მოძრაობა”,,22,ოზურგეთი,,5,ელგუჯა,კვერღელიძე,ელგუჯა კვერღელიძე,,,majoritarians_all.pdf
local_2017,__main__,council_smd,unm,საარჩევნო ბლოკი „ერთიანი ნაციონალური მოძრაობა”,,21,ოზურგეთი,,5,თამარი,ბარბაქაძე,თამარი ბარბაქაძე,,,majoritarians_all.pdf
local_2017,__main__,council_smd,unm,საარჩევნო ბლოკი „ერთიანი ნაციონალური მოძრაობა”,,24,ოზურგეთი,,5,გიორგი,შილაკაძე,გიორგი შილაკაძე,,,majoritarians_all.pdf
local_2017,__main__,council_smd,unm,საარჩევნო ბლოკი „ერთიანი ნაციონალური მოძრაობა”,,25,ოზურგეთი,,5,ავთანდილ,ბედინეიშვილი,ავთანდილ ბედინეიშვილი,,,majoritarians_all.pdf
local_2017,__main__,council_smd,unm,საარჩევნო ბლოკი „ერთიანი ნაციონალური მოძრაობა”,,15,ოზურგეთი,,5,შაქრო,რუსიეშვილი,შაქრო რუსიეშვილი,,,majoritarians_all.pdf
local_2017,__main__,council_smd,unm,საარჩევნო ბლოკი „ერთიანი ნაციონალური მოძრაობა”,,18,ოზურგეთი,,5,გელა,ბურჯალიანი,გელა ბურჯალიანი,,,majoritarians_all.pdf
local_2017,__main__,council_smd,unm,საარჩევნო ბლოკი „ერთიანი ნაციონალური მოძრაობა”,,19,ოზურგეთი,,5,გენადი,ზურგალიძე,გენადი ზურგალიძე,,,majoritarians_all.pdf
local_2017,__main__,council_smd,unm,საარჩევნო ბლოკი „ერთიანი ნაციონალური მოძრაობა”,,20,ოზურგეთი,,5,ვაჟა,გურგენიძე,ვაჟა გურგენიძე,,,majoritarians_all.pdf
local_2017,__main__,council_smd,unm,საარჩევნო ბლოკი „ერთიანი ნაციონალური მოძრაობა”,,26,ოზურგეთი,,5,იოსებ,ბოლქვაძე,იოსებ ბოლქვაძე,,,majoritarians_all.pdf
local_2017,__main__,council_smd,republicans_2016,„რესპუბლიკური პარტია”,,11,ოზურგეთი,,6,ილია,გოგოტიშვილი,ილია გოგოტიშვილი,,,majoritarians_all.pdf
local_2017,__main__,council_smd,patriots,"„დავით თარხან-მოურავი, ირმა ინაშვილი - საქართველოს პატრიოტთა",,3,ოზურგეთი,,8,ალიანსი”მიხეილ,ბერიძე,ალიანსი”მიხეილ ბერიძე,,,majoritarians_all.pdf
local_2017,__main__,council_smd,patriots,"„დავით თარხან-მოურავი, ირმა ინაშვილი - საქართველოს პატრიოტთა",,8,ოზურგეთი,,8,ალიანსი”შოთა,მაჭავარიანი,ალიანსი”შოთა მაჭავარიანი,,,majoritarians_all.pdf
local_2017,__main__,council_smd,patriots,"„დავით თარხან-მოურავი, ირმა ინაშვილი - საქართველოს პატრიოტთა",,9,ოზურგეთი,,8,ალიანსი”გელა,კობალავა,ალიანსი”გელა კობალავა,,,majoritarians_all.pdf
local_2017,__main__,council_smd,patriots,"„დავით თარხან-მოურავი, ირმა ინაშვილი - საქართველოს პატრიოტთა",,7,ოზურგეთი,,8,ალიანსი”ლალი,ჩანქსელიანი,ალიანსი”ლალი ჩანქსელიანი,,,majoritarians_all.pdf
local_2017,__main__,council_smd,patriots,"„დავით თარხან-მოურავი, ირმა ინაშვილი - საქართველოს პატრიოტთა",,25,ოზურგეთი,,8,ალიანსი”მერაბ,მოქია,ალიანსი”მერაბ მოქია,,,majoritarians_all.pdf
local_2017,__main__,council_smd,patriots,"„დავით თარხან-მოურავი, ირმა ინაშვილი - საქართველოს პატრიოტთა",,26,ოზურგეთი,,8,ალიანსი”შოთა,მახარაძე,ალიანსი”შოთა მახარაძე,,,majoritarians_all.pdf
local_2017,__main__,council_smd,patriots,"„დავით თარხან-მოურავი, ირმა ინაშვილი - საქართველოს პატრიოტთა",,27,ოზურგეთი,,8,ალიანსი”დათო,მგელაძე,ალიანსი”დათო მგელაძე,,,majoritarians_all.pdf
local_2017,__main__,council_smd,patriots,"„დავით თარხან-მოურავი, ირმა ინაშვილი - საქართველოს პატრიოტთა",,28,ოზურგეთი,,8,ალიანსი”ზაზა,სალუქვაძე,ალიანსი”ზაზა სალუქვაძე,,,majoritarians_all.pdf
local_2017,__main__,council_smd,patriots,"„დავით თარხან-მოურავი, ირმა ინაშვილი - საქართველოს პატრიოტთა",,19,ოზურგეთი,,8,ალიანსი”თამაზ,შავაძე,ალიანსი”თამაზ შავაძე,,,majoritarians_all.pdf
local_2017,__main__,council_smd,patriots,"„დავით თარხან-მოურავი, ირმა ინაშვილი - საქართველოს პატრიოტთა",,10,ოზურგეთი,,8,ალიანსი”ნოდარ,ვაჩნაძე,ალიანსი”ნოდარ ვაჩნაძე,,,majoritarians_all.pdf
local_2017,__main__,council_smd,patriots,"„დავით თარხან-მოურავი, ირმა ინაშვილი - საქართველოს პატრიოტთა",,18,ოზურგეთი,,8,ალიანსი”ვახტანგ,მარგალიტაძე,ალიანსი”ვახტანგ მარგალიტაძე,,,majoritarians_all.pdf
local_2017,__main__,council_smd,patriots,"„დავით თარხან-მოურავი, ირმა ინაშვილი - საქართველოს პატრიოტთა",,21,ოზურგეთი,,8,ალიანსი”ნინო,თავაძე,ალიანსი”ნინო თავაძე,,,majoritarians_all.pdf
local_2017,__main__,council_smd,patriots,"„დავით თარხან-მოურავი, ირმა ინაშვილი - საქართველოს პატრიოტთა",,24,ოზურგეთი,,8,ალიანსი”ვარდენ,ტოროშელიძე,ალიანსი”ვარდენ ტოროშელიძე,,,majoritarians_all.pdf
local_2017,__main__,council_smd,patriots,"„დავით თარხან-მოურავი, ირმა ინაშვილი - საქართველოს პატრიოტთა",,11,ოზურგეთი,,8,ალიანსი”ქეთევან,ჭეიშვილი,ალიანსი”ქეთევან ჭეიშვილი,,,majoritarians_all.pdf
local_2017,__main__,council_smd,patriots,"„დავით თარხან-მოურავი, ირმა ინაშვილი - საქართველოს პატრიოტთა",,15,ოზურგეთი,,8,ალიანსი”კახაბერ,გორდელაძე,ალიანსი”კახაბერ გორდელაძე,,,majoritarians_all.pdf
local_2017,__main__,council_smd,patriots,"„დავით თარხან-მოურავი, ირმა ინაშვილი - საქართველოს პატრიოტთა",,17,ოზურგეთი,,8,ალიანსი”კონსტანტინე,დოლიძე,ალიანსი”კონსტანტინე დოლიძე,,,majoritarians_all.pdf
local_2017,__main__,council_smd,patriots,"„დავით თარხან-მოურავი, ირმა ინაშვილი - საქართველოს პატრიოტთა",,1,ოზურგეთი,,8,ალიანსი”ნანული,ორაგველიძე,ალიანსი”ნანული ორაგველიძე,,,majoritarians_all.pdf
local_2017,__main__,council_smd,patriots,"„დავით თარხან-მოურავი, ირმა ინაშვილი - საქართველოს პატრიოტთა",,1,ოზურგეთი,,8,ალიანსი”მირზა,ჩხიკვიშვილი,ალიანსი”მირზა ჩხიკვიშვილი,,,majoritarians_all.pdf
local_2017,__main__,council_smd,labour,„შალვა ნათელაშვილი - საქართველოს ლეიბორისტული პარტია”,,10,ოზურგეთი,,10,ჯამლეთ,ზურაბიანი,ჯამლეთ ზურაბიანი,,,majoritarians_all.pdf
local_2017,__main__,council_smd,labour,„შალვა ნათელაშვილი - საქართველოს ლეიბორისტული პარტია”,,19,ოზურგეთი,,10,რამაზ,ირემაძე,რამაზ ირემაძე,,,majoritarians_all.pdf
local_2017,__main__,council_smd,labour,„შალვა ნათელაშვილი - საქართველოს ლეიბორისტული პარტია”,,17,ოზურგეთი,,10,ავთანდილ,ბილიხოძე,ავთანდილ ბილიხოძე,,,majoritarians_all.pdf
local_2017,__main__,council_smd,labour,„შალვა ნათელაშვილი - საქართველოს ლეიბორისტული პარტია”,,25,ოზურგეთი,,10,მარინა,სიხარულიძე,მარინა სიხარულიძე,,,majoritarians_all.pdf
local_2017,__main__,council_smd,labour,„შალვა ნათელაშვილი - საქართველოს ლეიბორისტული პარტია”,,18,ოზურგეთი,,10,გელა,ლესელიძე,გელა ლესელიძე,,,majoritarians_all.pdf
local_2017,__main__,council_smd,labour,„შალვა ნათელაშვილი - საქართველოს ლეიბორისტული პარტია”,,26,ოზურგეთი,,10,მიხეილ,ჯინჭარაძე,მიხეილ ჯინჭარაძე,,,majoritarians_all.pdf
local_2017,__main__,council_smd,labour,„შალვა ნათელაშვილი - საქართველოს ლეიბორისტული პარტია”,,11,ოზურგეთი,,10,ჯონდო,ბასილია,ჯონდო ბასილია,,,majoritarians_all.pdf
local_2017,__main__,council_smd,labour,„შალვა ნათელაშვილი - საქართველოს ლეიბორისტული პარტია”,,27,ოზურგეთი,,10,დავით,ანდღულაძე,დავით ანდღულაძე,,,majoritarians_all.pdf
local_2017,__main__,council_smd,labour,„შალვა ნათელაშვილი - საქართველოს ლეიბორისტული პარტია”,,3,ოზურგეთი,,10,მადონა,კილაძე,მადონა კილაძე,,,majoritarians_all.pdf
local_2017,__main__,council_smd,labour,„შალვა ნათელაშვილი - საქართველოს ლეიბორისტული პარტია”,,16,ოზურგეთი,,10,გურამ,ბაბილოძე,გურამ ბაბილოძე,,,majoritarians_all.pdf
local_2017,__main__,council_smd,labour,„შალვა ნათელაშვილი - საქართველოს ლეიბორისტული პარტია”,,4,ოზურგეთი,,10,ნანა,ღელეყვა,ნანა ღელეყვა,,,majoritarians_all.pdf
local_2017,__main__,council_smd,labour,„შალვა ნათელაშვილი - საქართველოს ლეიბორისტული პარტია”,,1,ოზურგეთი,,10,ზაზა,თავაძე,ზაზა თავაძე,,,majoritarians_all.pdf
local_2017,__main__,council_smd,labour,„შალვა ნათელაშვილი - საქართველოს ლეიბორისტული პარტია”,,13,ოზურგეთი,,10,ნანა,ლომიძე,ნანა ლომიძე,,,majoritarians_all.pdf
local_2017,__main__,council_smd,labour,„შალვა ნათელაშვილი - საქართველოს ლეიბორისტული პარტია”,,5,ოზურგეთი,,10,ომარი,ირემაძე,ომარი ირემაძე,,,majoritarians_all.pdf
local_2017,__main__,council_smd,labour,„შალვა ნათელაშვილი - საქართველოს ლეიბორისტული პარტია”,,21,ოზურგეთი,,10,სოფიო,ხომერიკი,სოფიო ხომერიკი,,,majoritarians_all.pdf
local_2017,__main__,council_smd,labour,„შალვა ნათელაშვილი - საქართველოს ლეიბორისტული პარტია”,,8,ოზურგეთი,,10,ლელა,ჯიშკარიანი,ლელა ჯიშკარიანი,,,majoritarians_all.pdf
local_2017,__main__,council_smd,labour,„შალვა ნათელაშვილი - საქართველოს ლეიბორისტული პარტია”,,1,ოზურგეთი,,10,კაკო,თავდუმაძე,კაკო თავდუმაძე,,,majoritarians_all.pdf
local_2017,__main__,council_smd,labour,„შალვა ნათელაშვილი - საქართველოს ლეიბორისტული პარტია”,,1,ოზურგეთი,,10,ალექსანდრე,გორდელაძე,ალექსანდრე გორდელაძე,,,majoritarians_all.pdf
local_2017,__main__,council_smd,labour,„შალვა ნათელაშვილი - საქართველოს ლეიბორისტული პარტია”,,9,ოზურგეთი,,10,ნოდარ,თავამაიშვილი,ნოდარ თავამაიშვილი,,,majoritarians_all.pdf
local_2017,__main__,council_smd,construction_movement_2017,„შენების მოძრაობა”,,1,ოზურგეთი,,20,ტოგო,ჭელიძე,ტოგო ჭელიძე,,,majoritarians_all.pdf
local_2017,__main__,council_smd,gd,„ქართული ოცნება-დემოკრატიული საქართველო”,,10,ოზურგეთი,,41,ბონდო,ღლონტი,ბონდო ღლონტი,,,majoritarians_all.pdf
local_2017,__main__,council_smd,gd,„ქართული ოცნება-დემოკრატიული საქართველო”,,18,ოზურგეთი,,41,ალექსანდრე,ღლონტი,ალექსანდრე ღლონტი,,,majoritarians_all.pdf
local_2017,__main__,council_smd,gd,„ქართული ოცნება-დემოკრატიული საქართველო”,,17,ოზურგეთი,,41,ლევან,კილაძე,ლევან კილაძე,,,majoritarians_all.pdf
local_2017,__main__,council_smd,gd,„ქართული ოცნება-დემოკრატიული საქართველო”,,11,ოზურგეთი,,41,როზეტა,სკამკოჩაიშვილი,როზეტა სკამკოჩაიშვილი,,,majoritarians_all.pdf
local_2017,__main__,council_smd,gd,„ქართული ოცნება-დემოკრატიული საქართველო”,,23,ოზურგეთი,,41,გოჩა,კილაძე,გოჩა კილაძე,,,majoritarians_all.pdf
local_2017,__main__,council_smd,gd,„ქართული ოცნება-დემოკრატიული საქართველო”,,21,ოზურგეთი,,41,თამაზ,ტუღუში,თამაზ ტუღუში,,,majoritarians_all.pdf
local_2017,__main__,council_smd,gd,„ქართული ოცნება-დემოკრატიული საქართველო”,,22,ოზურგეთი,,41,ვლადიმერ,ღლონტი,ვლადიმერ ღლონტი,,,majoritarians_all.pdf
local_2017,__main__,council_smd,gd,„ქართული ოცნება-დემოკრატიული საქართველო”,,7,ოზურგეთი,,41,პაატა,კიღურაძე,პაატა კიღურაძე,,,majoritarians_all.pdf
local_2017,__main__,council_smd,gd,„ქართული ოცნება-დემოკრატიული საქართველო”,,9,ოზურგეთი,,41,გელა,ჩავლეშვილი,გელა ჩავლეშვილი,,,majoritarians_all.pdf
local_2017,__main__,council_smd,gd,„ქართული ოცნება-დემოკრატიული საქართველო”,,1,ოზურგეთი,,41,მამია,გოგუაძე,მამია გოგუაძე,,,majoritarians_all.pdf
local_2017,__main__,council_smd,gd,„ქართული ოცნება-დემოკრატიული საქართველო”,,1,ოზურგეთი,,41,ლევან,თოიძე,ლევან თოიძე,,,majoritarians_all.pdf
local_2017,__main__,council_smd,gd,„ქართული ოცნება-დემოკრატიული საქართველო”,,2,ოზურგეთი,,41,გიორგი,ჩაგანავა,გიორგი ჩაგანავა,,,majoritarians_all.pdf
local_2017,__main__,council_smd,gd,„ქართული ოცნება-დემოკრატიული საქართველო”,,1,ოზურგეთი,,41,ლელა,საჯაია,ლელა საჯაია,,,majoritarians_all.pdf
local_2017,__main__,council_smd,gd,„ქართული ოცნება-დემოკრატიული საქართველო”,,8,ოზურგეთი,,41,ეროდი,გორდელაძე,ეროდი გორდელაძე,,,majoritarians_all.pdf
local_2017,__main__,council_smd,gd,„ქართული ოცნება-დემოკრატიული საქართველო”,,6,ოზურგეთი,,41,ლევან,ნინიძე,ლევან ნინიძე,,,majoritarians_all.pdf
local_2017,__main__,council_smd,gd,„ქართული ოცნება-დემოკრატიული საქართველო”,,19,ოზურგეთი,,41,ვლადიმერ,ჩავლეშვილი,ვლადიმერ ჩავლეშვილი,,,majoritarians_all.pdf
local_2017,__main__,council_smd,gd,„ქართული ოცნება-დემოკრატიული საქართველო”,,20,ოზურგეთი,,41,ჯემალ,თავართქილაძე,ჯემალ თავართქილაძე,,,majoritarians_all.pdf
local_2017,__main__,council_smd,gd,„ქართული ოცნება-დემოკრატიული საქართველო”,,15,ოზურგეთი,,41,გიორგი,თოიძე,გიორგი თოიძე,,,majoritarians_all.pdf
local_2017,__main__,council_smd,gd,„ქართული ოცნება-დემოკრატიული საქართველო”,,12,ოზურგეთი,,41,ვახტანგ,ნიჟარაძე,ვახტანგ ნიჟარაძე,,,majoritarians_all.pdf
local_2017,__main__,council_smd,gd,„ქართული ოცნება-დემოკრატიული საქართველო”,,13,ოზურგეთი,,41,ვალერიან,ჩხაიძე,ვალერიან ჩხაიძე,,,majoritarians_all.pdf
local_2017,__main__,council_smd,gd,„ქართული ოცნება-დემოკრატიული საქართველო”,,16,ოზურგეთი,,41,ბექა,თოიძე,ბექა თოიძე,,,majoritarians_all.pdf
local_2017,__main__,council_smd,gd,„ქართული ოცნება-დემოკრატიული საქართველო”,,14,ოზურგეთი,,41,ტარიელ,აროშიძე,ტარიელ აროშიძე,,,majoritarians_all.pdf
local_2017,__main__,council_smd,gd,„ქართული ოცნება-დემოკრატიული საქართველო”,,5,ოზურგეთი,,41,დავით,ტუნაძე,დავით ტუნაძე,,,majoritarians_all.pdf
local_2017,__main__,council_smd,gd,„ქართული ოცნება-დემოკრატიული საქართველო”,,3,ოზურგეთი,,41,ვალოდია,ბერიძე,ვალოდია ბერიძე,,,majoritarians_all.pdf
local_2017,__main__,council_smd,gd,„ქართული ოცნება-დემოკრატიული საქართველო”,,4,ოზურგეთი,,41,გოჩა,მდინარაძე,გოჩა მდინარაძე,,,majoritarians_all.pdf
local_2017,__main__,council_smd,gd,„ქართული ოცნება-დემოკრატიული საქართველო”,,24,ოზურგეთი,,41,თამაზ,ბურჭულაძე,თამაზ ბურჭულაძე,,,majoritarians_all.pdf
local_2017,__main__,council_smd,gd,„ქართული ოცნება-დემოკრატიული საქართველო”,,25,ოზურგეთი,,41,დავით,ჭაკნელიძე,დავით ჭაკნელიძე,,,majoritarians_all.pdf
local_2017,__main__,council_smd,gd,„ქართული ოცნება-დემოკრატიული საქართველო”,,28,ოზურგეთი,,41,ავთანდილ,სურგულაძე,ავთანდილ სურგულაძე,,,majoritarians_all.pdf
local_2017,__main__,council_smd,gd,„ქართული ოცნება-დემოკრატიული საქართველო”,,27,ოზურგეთი,,41,ტიტე,მგელაძე,ტიტე მგელაძე,,,majoritarians_all.pdf
local_2017,__main__,council_smd,gd,„ქართული ოცნება-დემოკრატიული საქართველო”,,29,ოზურგეთი,,41,მერაბ,ბერიძე,მერაბ ბერიძე,,,majoritarians_all.pdf
local_2017,__main__,council_smd,gd,„ქართული ოცნება-დემოკრატიული საქართველო”,,26,ოზურგეთი,,41,ლალი,სიჭინავა,ლალი სიჭინავა,,,majoritarians_all.pdf
local_2017,__main__,council_smd,initiative_group,"საინიციატივო ჯგუფი - ცისია სვანიძე, შაქრო ჩხაიძე, რევაზ კილაძე, მიხეილ ინწკირველი, ბექა მაღლაფერიძე",,6,ოზურგეთი,,43,ირაკლი,ჯაველიძე,ირაკლი ჯაველიძე,,,majoritarians_all.pdf
local_2017,__main__,council_smd,initiative_group,"საინიციატივო ჯგუფი - ამირან ფუტკარაძე, მამული ღლონტი, დავით ლეჟავა, ზურაბ ვასაძე, აივენგო ქუტიძე",,18,ოზურგეთი,,43,ვაჟა,ჩანჩიბაძე,ვაჟა ჩანჩიბაძე,,,majoritarians_all.pdf
local_2017,__main__,council_smd,initiative_group,"საინიციატივო ჯგუფი - თენგიზ ნიკოლაშვილი, ნუკრი ზოიძე, მერაბ თოიძე, ტიტე ბაქანიძე, ბადრი პატარავა",,21,ოზურგეთი,,43,ილია,ნიკოლაშვილი,ილია ნიკოლაშვილი,,,majoritarians_all.pdf
local_2017,__main__,council_smd,initiative_group,"საინიციატივო ჯგუფი - ავთანდილ ხოზრევანიძე, გივი აბაშიძე, ომარ ქამადაძე, დათუნა ჯოყილაძე, თენგიზ თავართქილაძე.",,2,ოზურგეთი,,43,რესან,გაბაიძე,რესან გაბაიძე,,,majoritarians_all.pdf
local_2017,__main__,council_smd,initiative_group,"საინიციატივო ჯგუფი - ჯემალ აბულაძე, გური ბერიძე, გიორგი ანთაძე, ოთარ ართმელაძე, გიორგი ირემაძე",,5,ოზურგეთი,,43,შოთა,ართმელაძე,შოთა ართმელაძე,,,majoritarians_all.pdf
local_2017,__main__,council_smd,initiative_group,"საინიციატივო ჯგუფი - თენგიზ გოგუაძე, ემზარ გოგიტიძე, დავით კუკუტიძე, ილია გაბუნია, შალვა მეგრელიშვილი",,4,ოზურგეთი,,43,ჯაბა,მიქაბერიძე,ჯაბა მიქაბერიძე,,,majoritarians_all.pdf
local_2017,__main__,council_smd,initiative_group,"საინიციატივო ჯგუფი - მარიამ თვალავაძე, რევაზ ვაშალომიძე, მიშიკო სალუქვაძე, ირაკლი ჯაში, ჯუმბერ მაჭავარიანი, გიორგი მახარაძე",,8,ოზურგეთი,,43,მამუკა,ანდღულაძე,მამუკა ანდღულაძე,,,majoritarians_all.pdf
local_2017,__main__,council_smd,initiative_group,"საინიციატივო ჯგუფი - დავით სტეფანია, ნატო თევდორაძე, გიორგი შავდია, ოლეგ მუკბანიანი, გიორგი შავდია",,20,ოზურგეთი,,43,გიორგი,ბოლქვაძე,გიორგი ბოლქვაძე,,,majoritarians_all.pdf
local_2017,__main__,council_smd,initiative_group,"საინიციატივო ჯგუფი - გოჩა ერქომაიშვილი, ნადია კახიანი, ვალიდა გაბედავა, დალი ჯაფარიძე, ივანე ხომერიკი",,1,ოზურგეთი,,243,ლევან,მგელაძე,ლევან მგელაძე,,,majoritarians_all.pdf
local_2017,__main__,council_smd,initiative_group,"საინიციატივო ჯგუფი - რუსუდან ჩხაიძე, ქეთევან დათუნაშვილი, თინა მჟავანაძე, სოფიო კვაჭაძე, ლაშა ბარათაშვილი",,10,ოზურგეთი,,43,მაია,ზოიძე,მაია ზოიძე,,,majoritarians_all.pdf
local_2017,__main__,council_smd,initiative_group,"საინიციატივო ჯგუფი - აქვსენტი ქუთათელაძე, რევაზი ცქვიტინიძე, ნინა ვასაძე, ლავრენტი ვასაძე, რომან ინწკირველი",,6,ოზურგეთი,,44,ილია,მამალაძე,ილია მამალაძე,,,majoritarians_all.pdf
local_2017,__main__,council_smd,european_georgia,"საარჩევნო ბლოკი „ბაქრაძე, უგულავა-ევროპული საქართველო”",,1,ლანჩხუთი,,2,მერი,მოისწრაფეშვილი,მერი მოისწრაფეშვილი,,,majoritarians_all.pdf
local_2017,__main__,council_smd,european_georgia,"საარჩევნო ბლოკი „ბაქრაძე, უგულავა-ევროპული საქართველო”",,2,ლანჩხუთი,,2,გულნარა,ჩიჩუა,გულნარა ჩიჩუა,,,majoritarians_all.pdf
local_2017,__main__,council_smd,european_georgia,"საარჩევნო ბლოკი „ბაქრაძე, უგულავა-ევროპული საქართველო”",,8,ლანჩხუთი,,2,ავთანდილ,სურმანიძე,ავთანდილ სურმანიძე,,,majoritarians_all.pdf
local_2017,__main__,council_smd,european_georgia,"საარჩევნო ბლოკი „ბაქრაძე, უგულავა-ევროპული საქართველო”",,5,ლანჩხუთი,,2,უჩა,ჟორდანია,უჩა ჟორდანია,,,majoritarians_all.pdf
local_2017,__main__,council_smd,european_georgia,"საარჩევნო ბლოკი „ბაქრაძე, უგულავა-ევროპული საქართველო”",,3,ლანჩხუთი,,2,ზაურ,რიჟვაძე,ზაურ რიჟვაძე,,,majoritarians_all.pdf
local_2017,__main__,council_smd,european_georgia,"საარჩევნო ბლოკი „ბაქრაძე, უგულავა-ევროპული საქართველო”",,1,ლანჩხუთი,,2,თინათინ,ხვედელიძე,თინათინ ხვედელიძე,,,majoritarians_all.pdf
local_2017,__main__,council_smd,european_georgia,"საარჩევნო ბლოკი „ბაქრაძე, უგულავა-ევროპული საქართველო”",,9,ლანჩხუთი,,2,რუსუდან,კობალავა,რუსუდან კობალავა,,,majoritarians_all.pdf
local_2017,__main__,council_smd,european_georgia,"საარჩევნო ბლოკი „ბაქრაძე, უგულავა-ევროპული საქართველო”",,6,ლანჩხუთი,,2,თამაზ,კილაძე,თამაზ კილაძე,,,majoritarians_all.pdf
local_2017,__main__,council_smd,european_georgia,"საარჩევნო ბლოკი „ბაქრაძე, უგულავა-ევროპული საქართველო”",,15,ლანჩხუთი,,2,ლევან,ტიკარაძე,ლევან ტიკარაძე,,,majoritarians_all.pdf
local_2017,__main__,council_smd,european_georgia,"საარჩევნო ბლოკი „ბაქრაძე, უგულავა-ევროპული საქართველო”",,12,ლანჩხუთი,,2,თინათინ,ტიკარაძე,თინათინ ტიკარაძე,,,majoritarians_all.pdf
local_2017,__main__,council_smd,european_georgia,"საარჩევნო ბლოკი „ბაქრაძე, უგულავა-ევროპული საქართველო”",,13,ლანჩხუთი,,2,ზურაბ,კუკულავა,ზურაბ კუკულავა,,,majoritarians_all.pdf
local_2017,__main__,council_smd,european_georgia,"საარჩევნო ბლოკი „ბაქრაძე, უგულავა-ევროპული საქართველო”",,14,ლანჩხუთი,,2,მალხაზ,სარჯველაძე,მალხაზ სარჯველაძე,,,majoritarians_all.pdf
local_2017,__main__,council_smd,european_georgia,"საარჩევნო ბლოკი „ბაქრაძე, უგულავა-ევროპული საქართველო”",,11,ლანჩხუთი,,2,ზვიად,ლომაძე,ზვიად ლომაძე,,,majoritarians_all.pdf
local_2017,__main__,council_smd,european_georgia,"საარჩევნო ბლოკი „ბაქრაძე, უგულავა-ევროპული საქართველო”",,10,ლანჩხუთი,,2,ვახტანგ,დონდოლაძე,ვახტანგ დონდოლაძე,,,majoritarians_all.pdf
local_2017,__main__,council_smd,free_georgia,"საარჩევნო ბლოკი „დიმიტრი ლორთქიფანიძე, კახა კუკავა-დემოკრატიული მოძრაობა-თავისუფალი საქართველო”",,6,ლანჩხუთი,,3,მამუკა,ნაცვალაძე,მამუკა ნაცვალაძე,,,majoritarians_all.pdf
local_2017,__main__,council_smd,free_georgia,"საარჩევნო ბლოკი „დიმიტრი ლორთქიფანიძე, კახა კუკავა-დემოკრატიული მოძრაობა-თავისუფალი საქართველო”",,1,ლანჩხუთი,,3,კოსტანტინე,ქანთარია,კოსტანტინე ქანთარია,,,majoritarians_all.pdf
local_2017,__main__,council_smd,free_georgia,"საარჩევნო ბლოკი „დიმიტრი ლორთქიფანიძე, კახა კუკავა-დემოკრატიული მოძრაობა-თავისუფალი საქართველო”",,16,ლანჩხუთი,,3,ნონა,მურვანიძე,ნონა მურვანიძე,,,majoritarians_all.pdf
local_2017,__main__,council_smd,free_georgia,"საარჩევნო ბლოკი „დიმიტრი ლორთქიფანიძე, კახა კუკავა-დემოკრატიული მოძრაობა-თავისუფალი საქართველო”",,15,ლანჩხუთი,,3,გიორგი,გურგენაძე,გიორგი გურგენაძე,,,majoritarians_all.pdf
local_2017,__main__,council_smd,unm,საარჩევნო ბლოკი „ერთიანი ნაციონალური მოძრაობა”,,13,ლანჩხუთი,,5,ტატიანა,ივანიძე,ტატიანა ივანიძე,,,majoritarians_all.pdf
local_2017,__main__,council_smd,unm,საარჩევნო ბლოკი „ერთიანი ნაციონალური მოძრაობა”,,12,ლანჩხუთი,,5,გენადი,შენგელია,გენადი შენგელია,,,majoritarians_all.pdf
local_2017,__main__,council_smd,unm,საარჩევნო ბლოკი „ერთიანი ნაციონალური მოძრაობა”,,11,ლანჩხუთი,,5,ეგნატე,გურგენაძე,ეგნატე გურგენაძე,,,majoritarians_all.pdf
local_2017,__main__,council_smd,unm,საარჩევნო ბლოკი „ერთიანი ნაციონალური მოძრაობა”,,14,ლანჩხუთი,,5,თეიმურაზ,ჯორბენაძე,თეიმურაზ ჯორბენაძე,,,majoritarians_all.pdf
local_2017,__main__,council_smd,unm,საარჩევნო ბლოკი „ერთიანი ნაციონალური მოძრაობა”,,15,ლანჩხუთი,,5,კახა,მშვიდობაძე,კახა მშვიდობაძე,,,majoritarians_all.pdf
local_2017,__main__,council_smd,unm,საარჩევნო ბლოკი „ერთიანი ნაციონალური მოძრაობა”,,10,ლანჩხუთი,,5,მამუკა,ანანიძე,მამუკა ანანიძე,,,majoritarians_all.pdf
local_2017,__main__,council_smd,unm,საარჩევნო ბლოკი „ერთიანი ნაციონალური მოძრაობა”,,1,ლანჩხუთი,,5,გივი,ცინცაძე,გივი ცინცაძე,,,majoritarians_all.pdf
local_2017,__main__,council_smd,unm,საარჩევნო ბლოკი „ერთიანი ნაციონალური მოძრაობა”,,5,ლანჩხუთი,,5,კახაბერ,პატარაია,კახაბერ პატარაია,,,majoritarians_all.pdf
local_2017,__main__,council_smd,unm,საარჩევნო ბლოკი „ერთიანი ნაციონალური მოძრაობა”,,3,ლანჩხუთი,,5,ემზარ,ბერიძე,ემზარ ბერიძე,,,majoritarians_all.pdf
local_2017,__main__,council_smd,unm,საარჩევნო ბლოკი „ერთიანი ნაციონალური მოძრაობა”,,2,ლანჩხუთი,,5,ზაზა,თოხაძე,ზაზა თოხაძე,,,majoritarians_all.pdf
local_2017,__main__,council_smd,unm,საარჩევნო ბლოკი „ერთიანი ნაციონალური მოძრაობა”,,1,ლანჩხუთი,,5,იოსებ,ჩხაიძე,იოსებ ჩხაიძე,,,majoritarians_all.pdf
local_2017,__main__,council_smd,patriots,"„დავით თარხან-მოურავი, ირმა ინაშვილი - საქართველოს პატრიოტთა",,15,ლანჩხუთი,,8,ალიანსი”ვალერიან,მითაიშვილი,ალიანსი”ვალერიან მითაიშვილი,,,majoritarians_all.pdf
local_2017,__main__,council_smd,patriots,"„დავით თარხან-მოურავი, ირმა ინაშვილი - საქართველოს პატრიოტთა",,5,ლანჩხუთი,,8,ალიანსი”ალიკო,უგრეხელიძე,ალიანსი”ალიკო უგრეხელიძე,,,majoritarians_all.pdf
local_2017,__main__,council_smd,patriots,"„დავით თარხან-მოურავი, ირმა ინაშვილი - საქართველოს პატრიოტთა",,12,ლანჩხუთი,,8,ალიანსი”ვენიკო,ჩახვაძე,ალიანსი”ვენიკო ჩახვაძე,,,majoritarians_all.pdf
local_2017,__main__,council_smd,patriots,"„დავით თარხან-მოურავი, ირმა ინაშვილი - საქართველოს პატრიოტთა",,14,ლანჩხუთი,,8,ალიანსი”ბექა,ბზეკალავა,ალიანსი”ბექა ბზეკალავა,,,majoritarians_all.pdf
local_2017,__main__,council_smd,patriots,"„დავით თარხან-მოურავი, ირმა ინაშვილი - საქართველოს პატრიოტთა",,10,ლანჩხუთი,,8,ალიანსი”გვანცა,ჩხარტიშვილი,ალიანსი”გვანცა ჩხარტიშვილი,,,majoritarians_all.pdf
local_2017,__main__,council_smd,patriots,"„დავით თარხან-მოურავი, ირმა ინაშვილი - საქართველოს პატრიოტთა",,4,ლანჩხუთი,,8,ალიანსი”რევაზ,იმნაძე,ალიანსი”რევაზ იმნაძე,,,majoritarians_all.pdf
local_2017,__main__,council_smd,patriots,"„დავით თარხან-მოურავი, ირმა ინაშვილი - საქართველოს პატრიოტთა",,13,ლანჩხუთი,,8,ალიანსი”თეა,ორაგველიძე,ალიანსი”თეა ორაგველიძე,,,majoritarians_all.pdf
local_2017,__main__,council_smd,patriots,"„დავით თარხან-მოურავი, ირმა ინაშვილი - საქართველოს პატრიოტთა",,9,ლანჩხუთი,,8,ალიანსი”ანზორ,სიხარულიძე,ალიანსი”ანზორ სიხარულიძე,,,majoritarians_all.pdf
local_2017,__main__,council_smd,patriots,"„დავით თარხან-მოურავი, ირმა ინაშვილი - საქართველოს პატრიოტთა",,1,ლანჩხუთი,,8,ალიანსი”დარეჯან,ბურჭულაძე,ალიანსი”დარეჯან ბურჭულაძე,,,majoritarians_all.pdf
local_2017,__main__,council_smd,progressive_democratic_2017,„ პროგრესულ-დემოკრატიული მოძრაობა”,,11,ლანჩხუთი,,39,ზაზა,მჟავია,ზაზა მჟავია,,,majoritarians_all.pdf
local_2017,__main__,council_smd,gd,„ქართული ოცნება-დემოკრატიული საქართველო”,,5,ლანჩხუთი,,41,ელისო,ჭიჭინაძე,ელისო ჭიჭინაძე,,,majoritarians_all.pdf
local_2017,__main__,council_smd,gd,„ქართული ოცნება-დემოკრატიული საქართველო”,,6,ლანჩხუთი,,41,ოთარ,პატიეშვილი,ოთარ პატიეშვილი,,,majoritarians_all.pdf
local_2017,__main__,council_smd,gd,„ქართული ოცნება-დემოკრატიული საქართველო”,,7,ლანჩხუთი,,41,გოდერძი,ქურიძე,გოდერძი ქურიძე,,,majoritarians_all.pdf
local_2017,__main__,council_smd,gd,„ქართული ოცნება-დემოკრატიული საქართველო”,,8,ლანჩხუთი,,41,ბესიკ,ტაბიძე,ბესიკ ტაბიძე,,,majoritarians_all.pdf
local_2017,__main__,council_smd,gd,„ქართული ოცნება-დემოკრატიული საქართველო”,,9,ლანჩხუთი,,41,ზაზა,წულაძე,ზაზა წულაძე,,,majoritarians_all.pdf
local_2017,__main__,council_smd,gd,„ქართული ოცნება-დემოკრატიული საქართველო”,,10,ლანჩხუთი,,41,დავით,ჩხარტიშვილი,დავით ჩხარტიშვილი,,,majoritarians_all.pdf
local_2017,__main__,council_smd,gd,„ქართული ოცნება-დემოკრატიული საქართველო”,,11,ლანჩხუთი,,41,ზურაბ,კუკულავა,ზურაბ კუკულავა,,,majoritarians_all.pdf
local_2017,__main__,council_smd,gd,„ქართული ოცნება-დემოკრატიული საქართველო”,,12,ლანჩხუთი,,41,კახა,თედორაძე,კახა თედორაძე,,,majoritarians_all.pdf
local_2017,__main__,council_smd,gd,„ქართული ოცნება-დემოკრატიული საქართველო”,,13,ლანჩხუთი,,41,აკაკი,იმნაიშვილი,აკაკი იმნაიშვილი,,,majoritarians_all.pdf
local_2017,__main__,council_smd,gd,„ქართული ოცნება-დემოკრატიული საქართველო”,,14,ლანჩხუთი,,41,გიორგი,ჩახვაძე,გიორგი ჩახვაძე,,,majoritarians_all.pdf
local_2017,__main__,council_smd,gd,„ქართული ოცნება-დემოკრატიული საქართველო”,,15,ლანჩხუთი,,41,რეზო,კვაჭაძე,რეზო კვაჭაძე,,,majoritarians_all.pdf
local_2017,__main__,council_smd,gd,„ქართული ოცნება-დემოკრატიული საქართველო”,,16,ლანჩხუთი,,41,სპარტაკ,კვაჭაძე,სპარტაკ კვაჭაძე,,,majoritarians_all.pdf
local_2017,__main__,council_smd,gd,„ქართული ოცნება-დემოკრატიული საქართველო”,,4,ლანჩხუთი,,41,ცისანა,ურუშაძე,ცისანა ურუშაძე,,,majoritarians_all.pdf
local_2017,__main__,council_smd,gd,„ქართული ოცნება-დემოკრატიული საქართველო”,,3,ლანჩხუთი,,41,ემზარ,თევდორაძე,ემზარ თევდორაძე,,,majoritarians_all.pdf
local_2017,__main__,council_smd,gd,„ქართული ოცნება-დემოკრატიული საქართველო”,,2,ლანჩხუთი,,41,გოგი,მორჩილაძე,გოგი მორჩილაძე,,,majoritarians_all.pdf
local_2017,__main__,council_smd,gd,„ქართული ოცნება-დემოკრატიული საქართველო”,,1,ლანჩხუთი,,41,კარლო,კვიტაიშვილი,კარლო კვიტაიშვილი,,,majoritarians_all.pdf
local_2017,__main__,council_smd,gd,„ქართული ოცნება-დემოკრატიული საქართველო”,,1,ლანჩხუთი,,41,გიორგი,გვარჯალაძე,გიორგი გვარჯალაძე,,,majoritarians_all.pdf
local_2017,__main__,council_smd,initiative_group,"საინიციატივო ჯგუფი - მაგული რუხაძე, ციალა გოგიტიძე,ვალოდი მურ5ვანიძე, ქეთევან დობორჯგინიძე, ზაურ გოგიტიძე",,16,ლანჩხუთი,,42,დათო,დობორჯგინიძე,დათო დობორჯგინიძე,,,majoritarians_all.pdf
local_2017,__main__,council_smd,initiative_group,"საინიციატივო ჯგუფი - მალხაზ ზენაიშვილი, სალომე ზენაიშვილი, იზო ზენაიშვილი, იზოლდა ზენაიშვილი, ლალი სარიშვილი",,4,ლანჩხუთი,,42,ვახტანგ,ზენაიშვილი,ვახტანგ ზენაიშვილი,,,majoritarians_all.pdf
local_2017,__main__,council_smd,initiative_group,"საინიციატივო ჯგუფი - მიხეილ წილოსანი, გულნაზი გრიგოლია, ჯონი ქურიძე, ანნა წილოსანი, ნატო ავალიანი",,7,ლანჩხუთი,,42,რობერტ,წილოსანი,რობერტ წილოსანი,,,majoritarians_all.pdf
local_2017,__main__,council_smd,initiative_group,"საინიციატივო ჯგუფი - ოლეგი კილაძე,ამირან ნაკაიძე, ფრიდონ კილაძე, ნოდარ კილაძე, დავით დარჩია",,6,ლანჩხუთი,,42,ხვიჩა,კილაძე,ხვიჩა კილაძე,,,majoritarians_all.pdf
local_2017,__main__,council_smd,initiative_group,"საინიციატივო ჯგუფი - ზურაბ ტიკარაძე, შოთა დოლიძე, ნანა ჩხარტიშვილი, გიორგი ბოლქვაძე, გია იმედაიშვილი",,11,ლანჩხუთი,,42,ჯუმბერ,ბლაგიძე,ჯუმბერ ბლაგიძე,,,majoritarians_all.pdf
local_2017,__main__,council_smd,initiative_group,"საინიციატივო ჯგუფი - გოჩა პაპავა, ნური ფირცხალაიშვილი, ჯამბულ პაპავა, დარეჯან ფირცხალაიშვილი, ნანა დეისაძე",,1,ლანჩხუთი,,142,შოთა,ფირცხალაიშვილი,შოთა ფირცხალაიშვილი,,,majoritarians_all.pdf
local_2017,__main__,council_smd,initiative_group,"საინიციატივო ჯგუფი - მალხაზ იმნაძე, აზა კიკვაძე, ნეზალი სამხარაძე, ნიკა ზენაიშვილი, კონსტანტინე ურუშაძე",,4,ლანჩხუთი,,43,ნიკოლოზ,იმნაძე,ნიკოლოზ იმნაძე,,,majoritarians_all.pdf
local_2017,__main__,council_smd,initiative_group,"საინიციატივო ჯგუფი - უჩა ურუშაძე, მურმან კუკულავა, ინგა იმედაიშვილი, ნინო ფანცულაია, მაია კუკულავა",,7,ლანჩხუთი,,43,ხვიჩა,ურუშაძე,ხვიჩა ურუშაძე,,,majoritarians_all.pdf
local_2017,__main__,council_smd,initiative_group,"საინიციატივო ჯგუფი - თეონა კუკულაძე., მაია ნიქაბაძე,, ნინო ჟორდანია, ბორის ხოფერია, ამირან პატარაია",,4,ლანჩხუთი,,44,ბორის,ხოფერია,ბორის ხოფერია,,,majoritarians_all.pdf
local_2017,__main__,council_smd,european_georgia,"საარჩევნო ბლოკი „ბაქრაძე, უგულავა-ევროპული საქართველო”",,9,ჩოხატაური,,2,ციალა,ჭიხვარია,ციალა ჭიხვარია,,,majoritarians_all.pdf
local_2017,__main__,council_smd,european_georgia,"საარჩევნო ბლოკი „ბაქრაძე, უგულავა-ევროპული საქართველო”",,6,ჩოხატაური,,2,ბორის,უნგიაძე,ბორის უნგიაძე,,,majoritarians_all.pdf
local_2017,__main__,council_smd,european_georgia,"საარჩევნო ბლოკი „ბაქრაძე, უგულავა-ევროპული საქართველო”",,5,ჩოხატაური,,2,ლევან,ჩიგოგიძე,ლევან ჩიგოგიძე,,,majoritarians_all.pdf
local_2017,__main__,council_smd,european_georgia,"საარჩევნო ბლოკი „ბაქრაძე, უგულავა-ევროპული საქართველო”",,3,ჩოხატაური,,2,თემური,რამიშვილი,თემური რამიშვილი,,,majoritarians_all.pdf
local_2017,__main__,council_smd,european_georgia,"საარჩევნო ბლოკი „ბაქრაძე, უგულავა-ევროპული საქართველო”",,1,ჩოხატაური,,2,მინდია,დოლიძე,მინდია დოლიძე,,,majoritarians_all.pdf
local_2017,__main__,council_smd,european_georgia,"საარჩევნო ბლოკი „ბაქრაძე, უგულავა-ევროპული საქართველო”",,2,ჩოხატაური,,2,თეიმურაზ,კალანდაძე,თეიმურაზ კალანდაძე,,,majoritarians_all.pdf
local_2017,__main__,council_smd,european_georgia,"საარჩევნო ბლოკი „ბაქრაძე, უგულავა-ევროპული საქართველო”",,7,ჩოხატაური,,2,ლია,ჯიქია,ლია ჯიქია,,,majoritarians_all.pdf
local_2017,__main__,council_smd,european_georgia,"საარჩევნო ბლოკი „ბაქრაძე, უგულავა-ევროპული საქართველო”",,8,ჩოხატაური,,2,ნატო,რამიშვილი,ნატო რამიშვილი,,,majoritarians_all.pdf
local_2017,__main__,council_smd,european_georgia,"საარჩევნო ბლოკი „ბაქრაძე, უგულავა-ევროპული საქართველო”",,10,ჩოხატაური,,2,ნონა,ბარამიძე,ნონა ბარამიძე,,,majoritarians_all.pdf
local_2017,__main__,council_smd,european_georgia,"საარჩევნო ბლოკი „ბაქრაძე, უგულავა-ევროპული საქართველო”",,11,ჩოხატაური,,2,დიმიტრი,ჩიგოგიძე,დიმიტრი ჩიგოგიძე,,,majoritarians_all.pdf
local_2017,__main__,council_smd,european_georgia,"საარჩევნო ბლოკი „ბაქრაძე, უგულავა-ევროპული საქართველო”",,12,ჩოხატაური,,2,გრიგოლ,თოხაძე,გრიგოლ თოხაძე,,,majoritarians_all.pdf
local_2017,__main__,council_smd,european_georgia,"საარჩევნო ბლოკი „ბაქრაძე, უგულავა-ევროპული საქართველო”",,13,ჩოხატაური,,2,ომარი,ირემაძე,ომარი ირემაძე,,,majoritarians_all.pdf
local_2017,__main__,council_smd,european_georgia,"საარჩევნო ბლოკი „ბაქრაძე, უგულავა-ევროპული საქართველო”",,14,ჩოხატაური,,2,ჟიფო,ცინცაძე,ჟიფო ცინცაძე,,,majoritarians_all.pdf
local_2017,__main__,council_smd,european_georgia,"საარჩევნო ბლოკი „ბაქრაძე, უგულავა-ევროპული საქართველო”",,15,ჩოხატაური,,2,გოჩა,დუმბაძე,გოჩა დუმბაძე,,,majoritarians_all.pdf
local_2017,__main__,council_smd,european_georgia,"საარჩევნო ბლოკი „ბაქრაძე, უგულავა-ევროპული საქართველო”",,16,ჩოხატაური,,2,დალი,ბოცვაძე,დალი ბოცვაძე,,,majoritarians_all.pdf
local_2017,__main__,council_smd,european_georgia,"საარჩევნო ბლოკი „ბაქრაძე, უგულავა-ევროპული საქართველო”",,18,ჩოხატაური,,2,ალეკო,სვანიძე,ალეკო სვანიძე,,,majoritarians_all.pdf
local_2017,__main__,council_smd,european_georgia,"საარჩევნო ბლოკი „ბაქრაძე, უგულავა-ევროპული საქართველო”",,19,ჩოხატაური,,2,ლია,პატურაშვილი,ლია პატურაშვილი,,,majoritarians_all.pdf
local_2017,__main__,council_smd,european_georgia,"საარჩევნო ბლოკი „ბაქრაძე, უგულავა-ევროპული საქართველო”",,21,ჩოხატაური,,2,ნადია,ჯინჭარაძე,ნადია ჯინჭარაძე,,,majoritarians_all.pdf
local_2017,__main__,council_smd,european_georgia,"საარჩევნო ბლოკი „ბაქრაძე, უგულავა-ევროპული საქართველო”",,17,ჩოხატაური,,2,გია,შავაძე,გია შავაძე,,,majoritarians_all.pdf
local_2017,__main__,council_smd,european_georgia,"საარჩევნო ბლოკი „ბაქრაძე, უგულავა-ევროპული საქართველო”",,23,ჩოხატაური,,2,თამარი,ბერიძე,თამარი ბერიძე,,,majoritarians_all.pdf
local_2017,__main__,council_smd,free_georgia,"საარჩევნო ბლოკი „დიმიტრი ლორთქიფანიძე, კახა კუკავა-დემოკრატიული მოძრაობა-თავისუფალი საქართველო”",,5,ჩოხატაური,,3,სანდრო,კაკურია,სანდრო კაკურია,,,majoritarians_all.pdf
local_2017,__main__,council_smd,free_georgia,"საარჩევნო ბლოკი „დიმიტრი ლორთქიფანიძე, კახა კუკავა-დემოკრატიული მოძრაობა-თავისუფალი საქართველო”",,23,ჩოხატაური,,3,ალეკო,მეგრელიძე,ალეკო მეგრელიძე,,,majoritarians_all.pdf
local_2017,__main__,council_smd,free_georgia,"საარჩევნო ბლოკი „დიმიტრი ლორთქიფანიძე, კახა კუკავა-დემოკრატიული მოძრაობა-თავისუფალი საქართველო”",,15,ჩოხატაური,,3,ზაურ,მეგრელიძე,ზაურ მეგრელიძე,,,majoritarians_all.pdf
local_2017,__main__,council_smd,unm,საარჩევნო ბლოკი „ერთიანი ნაციონალური მოძრაობა”,,1,ჩოხატაური,,5,გია,მენაბდე,გია მენაბდე,,,majoritarians_all.pdf
local_2017,__main__,council_smd,unm,საარჩევნო ბლოკი „ერთიანი ნაციონალური მოძრაობა”,,8,ჩოხატაური,,5,კორნელი,რამიშვილი,კორნელი რამიშვილი,,,majoritarians_all.pdf
local_2017,__main__,council_smd,unm,საარჩევნო ბლოკი „ერთიანი ნაციონალური მოძრაობა”,,4,ჩოხატაური,,5,ოთარ,მამარდაშვილი,ოთარ მამარდაშვილი,,,majoritarians_all.pdf
local_2017,__main__,council_smd,unm,საარჩევნო ბლოკი „ერთიანი ნაციონალური მოძრაობა”,,7,ჩოხატაური,,5,მარინა,ოსეფაიშვილი,მარინა ოსეფაიშვილი,,,majoritarians_all.pdf
local_2017,__main__,council_smd,unm,საარჩევნო ბლოკი „ერთიანი ნაციონალური მოძრაობა”,,16,ჩოხატაური,,5,ლევან,ყენია,ლევან ყენია,,,majoritarians_all.pdf
local_2017,__main__,council_smd,unm,საარჩევნო ბლოკი „ერთიანი ნაციონალური მოძრაობა”,,18,ჩოხატაური,,5,ნუგზარი,ჭაღალიძე,ნუგზარი ჭაღალიძე,,,majoritarians_all.pdf
local_2017,__main__,council_smd,unm,საარჩევნო ბლოკი „ერთიანი ნაციონალური მოძრაობა”,,9,ჩოხატაური,,5,გულნაზი,კალანდაძე,გულნაზი კალანდაძე,,,majoritarians_all.pdf
local_2017,__main__,council_smd,unm,საარჩევნო ბლოკი „ერთიანი ნაციონალური მოძრაობა”,,12,ჩოხატაური,,5,დათო,ჟორჟოლიანი,დათო ჟორჟოლიანი,,,majoritarians_all.pdf
local_2017,__main__,council_smd,unm,საარჩევნო ბლოკი „ერთიანი ნაციონალური მოძრაობა”,,11,ჩოხატაური,,5,მარინე,თავაძე,მარინე თავაძე,,,majoritarians_all.pdf
local_2017,__main__,council_smd,unm,საარჩევნო ბლოკი „ერთიანი ნაციონალური მოძრაობა”,,14,ჩოხატაური,,5,ბაჩო,ახალაძე,ბაჩო ახალაძე,,,majoritarians_all.pdf
local_2017,__main__,council_smd,unm,საარჩევნო ბლოკი „ერთიანი ნაციონალური მოძრაობა”,,15,ჩოხატაური,,5,ჯემალი,ბერიძე,ჯემალი ბერიძე,,,majoritarians_all.pdf
local_2017,__main__,council_smd,unm,საარჩევნო ბლოკი „ერთიანი ნაციონალური მოძრაობა”,,19,ჩოხატაური,,5,არჩილ,სიხარულიძე,არჩილ სიხარულიძე,,,majoritarians_all.pdf
local_2017,__main__,council_smd,patriots,"„დავით თარხან-მოურავი, ირმა ინაშვილი - საქართველოს პატრიოტთა",,21,ჩოხატაური,,8,ალიანსი”ავთანდილ,ბასილია,ალიანსი”ავთანდილ ბასილია,,,majoritarians_all.pdf
local_2017,__main__,council_smd,patriots,"„დავით თარხან-მოურავი, ირმა ინაშვილი - საქართველოს პატრიოტთა",,16,ჩოხატაური,,8,ალიანსი”თემური,ხუნდაძე,ალიანსი”თემური ხუნდაძე,,,majoritarians_all.pdf
local_2017,__main__,council_smd,patriots,"„დავით თარხან-მოურავი, ირმა ინაშვილი - საქართველოს პატრიოტთა",,12,ჩოხატაური,,8,ალიანსი”თეიმურაზ,ვადაჭკორია,ალიანსი”თეიმურაზ ვადაჭკორია,,,majoritarians_all.pdf
local_2017,__main__,council_smd,patriots,"„დავით თარხან-მოურავი, ირმა ინაშვილი - საქართველოს პატრიოტთა",,1,ჩოხატაური,,8,ალიანსი”ვახტანგ,გაჩეჩილაძე,ალიანსი”ვახტანგ გაჩეჩილაძე,,,majoritarians_all.pdf
local_2017,__main__,council_smd,patriots,"„დავით თარხან-მოურავი, ირმა ინაშვილი - საქართველოს პატრიოტთა",,19,ჩოხატაური,,8,ალიანსი”ნანა,დოლიძე,ალიანსი”ნანა დოლიძე,,,majoritarians_all.pdf
local_2017,__main__,council_smd,patriots,"„დავით თარხან-მოურავი, ირმა ინაშვილი - საქართველოს პატრიოტთა",,23,ჩოხატაური,,8,ალიანსი”ბესიკი,ქერქაძე,ალიანსი”ბესიკი ქერქაძე,,,majoritarians_all.pdf
local_2017,__main__,council_smd,patriots,"„დავით თარხან-მოურავი, ირმა ინაშვილი - საქართველოს პატრიოტთა",,18,ჩოხატაური,,8,ალიანსი”ვახტანგი,კოტრიკაძე,ალიანსი”ვახტანგი კოტრიკაძე,,,majoritarians_all.pdf
local_2017,__main__,council_smd,patriots,"„დავით თარხან-მოურავი, ირმა ინაშვილი - საქართველოს პატრიოტთა",,17,ჩოხატაური,,8,ალიანსი”არჩილ,ცხვარაძე,ალიანსი”არჩილ ცხვარაძე,,,majoritarians_all.pdf
local_2017,__main__,council_smd,patriots,"„დავით თარხან-მოურავი, ირმა ინაშვილი - საქართველოს პატრიოტთა",,15,ჩოხატაური,,8,ალიანსი”ზურაბ,ოსეფაიშვილი,ალიანსი”ზურაბ ოსეფაიშვილი,,,majoritarians_all.pdf
local_2017,__main__,council_smd,patriots,"„დავით თარხან-მოურავი, ირმა ინაშვილი - საქართველოს პატრიოტთა",,14,ჩოხატაური,,8,ალიანსი”გოდერძი,გოგიშვილი,ალიანსი”გოდერძი გოგიშვილი,,,majoritarians_all.pdf
local_2017,__main__,council_smd,patriots,"„დავით თარხან-მოურავი, ირმა ინაშვილი - საქართველოს პატრიოტთა",,7,ჩოხატაური,,8,ალიანსი”რამაზი,დოლიძე,ალიანსი”რამაზი დოლიძე,,,majoritarians_all.pdf
local_2017,__main__,council_smd,patriots,"„დავით თარხან-მოურავი, ირმა ინაშვილი - საქართველოს პატრიოტთა",,6,ჩოხატაური,,8,ალიანსი”როლანდი,სიხარულიძე,ალიანსი”როლანდი სიხარულიძე,,,majoritarians_all.pdf
local_2017,__main__,council_smd,patriots,"„დავით თარხან-მოურავი, ირმა ინაშვილი - საქართველოს პატრიოტთა",,2,ჩოხატაური,,8,ალიანსი”კოტე,სიხარულიძე,ალიანსი”კოტე სიხარულიძე,,,majoritarians_all.pdf
local_2017,__main__,council_smd,patriots,"„დავით თარხან-მოურავი, ირმა ინაშვილი - საქართველოს პატრიოტთა",,4,ჩოხატაური,,8,ალიანსი”ნაზი,თოხაძე,ალიანსი”ნაზი თოხაძე,,,majoritarians_all.pdf
local_2017,__main__,council_smd,patriots,"„დავით თარხან-მოურავი, ირმა ინაშვილი - საქართველოს პატრიოტთა",,9,ჩოხატაური,,8,ალიანსი”ხვიჩა,მინდაძე,ალიანსი”ხვიჩა მინდაძე,,,majoritarians_all.pdf
local_2017,__main__,council_smd,patriots,"„დავით თარხან-მოურავი, ირმა ინაშვილი - საქართველოს პატრიოტთა",,8,ჩოხატაური,,8,ალიანსი”გელა,დარსალია,ალიანსი”გელა დარსალია,,,majoritarians_all.pdf
local_2017,__main__,council_smd,patriots,"„დავით თარხან-მოურავი, ირმა ინაშვილი - საქართველოს პატრიოტთა",,11,ჩოხატაური,,8,ალიანსი”ივანე,თევზაძე,ალიანსი”ივანე თევზაძე,,,majoritarians_all.pdf
local_2017,__main__,council_smd,patriots,"„დავით თარხან-მოურავი, ირმა ინაშვილი - საქართველოს პატრიოტთა",,10,ჩოხატაური,,8,ალიანსი”რომანი,ჯულაყიძე,ალიანსი”რომანი ჯულაყიძე,,,majoritarians_all.pdf
local_2017,__main__,council_smd,labour,„შალვა ნათელაშვილი - საქართველოს ლეიბორისტული პარტია”,,19,ჩოხატაური,,10,კახაბერ,ყაჭეიშვილი,კახაბერ ყაჭეიშვილი,,,majoritarians_all.pdf
local_2017,__main__,council_smd,gd,„ქართული ოცნება-დემოკრატიული საქართველო”,,3,ჩოხატაური,,41,ზვიად,წეროძე,ზვიად წეროძე,,,majoritarians_all.pdf
local_2017,__main__,council_smd,gd,„ქართული ოცნება-დემოკრატიული საქართველო”,,2,ჩოხატაური,,41,ქეთევან,სიხარულიძე,ქეთევან სიხარულიძე,,,majoritarians_all.pdf
local_2017,__main__,council_smd,gd,„ქართული ოცნება-დემოკრატიული საქართველო”,,1,ჩოხატაური,,41,დავით,ბერძენიშვილი,დავით ბერძენიშვილი,,,majoritarians_all.pdf
local_2017,__main__,council_smd,gd,„ქართული ოცნება-დემოკრატიული საქართველო”,,4,ჩოხატაური,,41,აკაკი,ყაჭეიშვილი,აკაკი ყაჭეიშვილი,,,majoritarians_all.pdf
local_2017,__main__,council_smd,gd,„ქართული ოცნება-დემოკრატიული საქართველო”,,5,ჩოხატაური,,41,დავით,ტყეშელიაძე,დავით ტყეშელიაძე,,,majoritarians_all.pdf
local_2017,__main__,council_smd,gd,„ქართული ოცნება-დემოკრატიული საქართველო”,,6,ჩოხატაური,,41,ლაშა,თოლორდავა,ლაშა თოლორდავა,,,majoritarians_all.pdf
local_2017,__main__,council_smd,gd,„ქართული ოცნება-დემოკრატიული საქართველო”,,7,ჩოხატაური,,41,გოჩა,ჯიქია,გოჩა ჯიქია,,,majoritarians_all.pdf
local_2017,__main__,council_smd,gd,„ქართული ოცნება-დემოკრატიული საქართველო”,,8,ჩოხატაური,,41,გიორგი,რამიშვილი,გიორგი რამიშვილი,,,majoritarians_all.pdf
local_2017,__main__,council_smd,gd,„ქართული ოცნება-დემოკრატიული საქართველო”,,9,ჩოხატაური,,41,ნატო,ჩანტლაძე,ნატო ჩანტლაძე,,,majoritarians_all.pdf
local_2017,__main__,council_smd,gd,„ქართული ოცნება-დემოკრატიული საქართველო”,,10,ჩოხატაური,,41,ოთარი,სოროზანიშვილი,ოთარი სოროზანიშვილი,,,majoritarians_all.pdf
local_2017,__main__,council_smd,gd,„ქართული ოცნება-დემოკრატიული საქართველო”,,11,ჩოხატაური,,41,ერეკლე,უღრელიძე,ერეკლე უღრელიძე,,,majoritarians_all.pdf
local_2017,__main__,council_smd,gd,„ქართული ოცნება-დემოკრატიული საქართველო”,,12,ჩოხატაური,,41,გივი,თავაძე,გივი თავაძე,,,majoritarians_all.pdf
local_2017,__main__,council_smd,gd,„ქართული ოცნება-დემოკრატიული საქართველო”,,13,ჩოხატაური,,41,უშანგი,ართმელაძე,უშანგი ართმელაძე,,,majoritarians_all.pdf
local_2017,__main__,council_smd,gd,„ქართული ოცნება-დემოკრატიული საქართველო”,,14,ჩოხატაური,,41,ენვერი,ახალაძე,ენვერი ახალაძე,,,majoritarians_all.pdf
local_2017,__main__,council_smd,gd,„ქართული ოცნება-დემოკრატიული საქართველო”,,15,ჩოხატაური,,41,ალექსანდრე,შარაშიძე,ალექსანდრე შარაშიძე,,,majoritarians_all.pdf
local_2017,__main__,council_smd,gd,„ქართული ოცნება-დემოკრატიული საქართველო”,,16,ჩოხატაური,,41,ბესიკი,ყენია,ბესიკი ყენია,,,majoritarians_all.pdf
local_2017,__main__,council_smd,gd,„ქართული ოცნება-დემოკრატიული საქართველო”,,17,ჩოხატაური,,41,შოთა,ჩხიკვაძე,შოთა ჩხიკვაძე,,,majoritarians_all.pdf
local_2017,__main__,council_smd,gd,„ქართული ოცნება-დემოკრატიული საქართველო”,,18,ჩოხატაური,,41,დავით,გუდავაძე,დავით გუდავაძე,,,majoritarians_all.pdf
local_2017,__main__,council_smd,gd,„ქართული ოცნება-დემოკრატიული საქართველო”,,19,ჩოხატაური,,41,ვლადიმერ,სიხარულიძე,ვლადიმერ სიხარულიძე,,,majoritarians_all.pdf
local_2017,__main__,council_smd,gd,„ქართული ოცნება-დემოკრატიული საქართველო”,,20,ჩოხატაური,,41,დავით,ტრაპაიძე,დავით ტრაპაიძე,,,majoritarians_all.pdf
local_2017,__main__,council_smd,gd,„ქართული ოცნება-დემოკრატიული საქართველო”,,21,ჩოხატაური,,41,კლოდი,მდინარაძე,კლოდი მდინარაძე,,,majoritarians_all.pdf
local_2017,__main__,council_smd,gd,„ქართული ოცნება-დემოკრატიული საქართველო”,,22,ჩოხატაური,,41,ზვიადი,მამალაძე,ზვიადი მამალაძე,,,majoritarians_all.pdf
local_2017,__main__,council_smd,gd,„ქართული ოცნება-დემოკრატიული საქართველო”,,23,ჩოხატაური,,41,კობა,კალანდაძე,კობა კალანდაძე,,,majoritarians_all.pdf
local_2017,__main__,council_smd,initiative_group,"საინიციატივო ჯგუფი - 201. გიორგი მამალაძე, ივანე მამალაძე, თამარა ჟღენტი, ნანა თოდრია, სიმონ მამალაძე.",,22,ჩოხატაური,,42,ზაურ,ოსეფაიშვილი,ზაურ ოსეფაიშვილი,,,majoritarians_all.pdf
local_2017,__main__,council_smd,initiative_group,"საინიციატივო ჯგუფი - 234. ნიკა შათირიშვილი, ლაშა შათირიშვილი, ვალერიან ტრაპაიძე, ლილი ტრაპაიძე, მამუკა ტრაპაიძე",,20,ჩოხატაური,,42,იაშა,შათირიშვილი,იაშა შათირიშვილი,,,majoritarians_all.pdf
local_2017,__main__,council_smd,initiative_group,"საინიციატივო ჯგუფი - 223. ნუკრი ლომთათიძე, ავთანდილ კიკვაძე, გია ლომინეიშვილი, ლალი ლომინეიშვილი, მზია კიკვაძე.",,10,ჩოხატაური,,42,ლევან,ლომინეიშვილი,ლევან ლომინეიშვილი,,,majoritarians_all.pdf
local_2017,__main__,council_smd,initiative_group,"საინიციატივო ჯგუფი - 224. ნუკრი ირემაძე, აკაკი ტუნაძე, თამაზი ჭელიძე, ლევან რამიშვილი, გოჩა რამიშვილი",,13,ჩოხატაური,,42,სულიკო,რამიშვილი,სულიკო რამიშვილი,,,majoritarians_all.pdf
local_2017,__main__,council_smd,initiative_group,"საინიციატივო ჯგუფი - 203. გერონტი თოდრია, ირაკლი თოდრია, ანზორი თოდრია, ზურაბ უღრელიძე, ილარიონ მეფარიშვილი",,22,ჩოხატაური,,43,გოჩა,თოდრია,გოჩა თოდრია,,,majoritarians_all.pdf
local_2017,__main__,council_smd,european_georgia,"საარჩევნო ბლოკი „ბაქრაძე, უგულავა-ევროპული საქართველო”",,3,აბაშა,,2,ნუკრი,გვაზავა,ნუკრი გვაზავა,,,majoritarians_all.pdf
local_2017,__main__,council_smd,european_georgia,"საარჩევნო ბლოკი „ბაქრაძე, უგულავა-ევროპული საქართველო”",,2,აბაშა,,2,დალი,ჯიბლაძე,დალი ჯიბლაძე,,,majoritarians_all.pdf
local_2017,__main__,council_smd,european_georgia,"საარჩევნო ბლოკი „ბაქრაძე, უგულავა-ევროპული საქართველო”",,4,აბაშა,,2,დავით,ლიპარტია,დავით ლიპარტია,,,majoritarians_all.pdf
local_2017,__main__,council_smd,european_georgia,"საარჩევნო ბლოკი „ბაქრაძე, უგულავა-ევროპული საქართველო”",,6,აბაშა,,2,სოსო,ესაკია,სოსო ესაკია,,,majoritarians_all.pdf
local_2017,__main__,council_smd,european_georgia,"საარჩევნო ბლოკი „ბაქრაძე, უგულავა-ევროპული საქართველო”",,5,აბაშა,,2,თენგიზ,გოგიშვილი,თენგიზ გოგიშვილი,,,majoritarians_all.pdf
local_2017,__main__,council_smd,european_georgia,"საარჩევნო ბლოკი „ბაქრაძე, უგულავა-ევროპული საქართველო”",,1,აბაშა,,2,მალხაზ,გაბელაია,მალხაზ გაბელაია,,,majoritarians_all.pdf
local_2017,__main__,council_smd,european_georgia,"საარჩევნო ბლოკი „ბაქრაძე, უგულავა-ევროპული საქართველო”",,8,აბაშა,,2,ვლადიმერი,ნადარეიშვილი,ვლადიმერი ნადარეიშვილი,,,majoritarians_all.pdf
local_2017,__main__,council_smd,european_georgia,"საარჩევნო ბლოკი „ბაქრაძე, უგულავა-ევროპული საქართველო”",,7,აბაშა,,2,თენგიზი,ბესელია,თენგიზი ბესელია,,,majoritarians_all.pdf
local_2017,__main__,council_smd,european_georgia,"საარჩევნო ბლოკი „ბაქრაძე, უგულავა-ევროპული საქართველო”",,10,აბაშა,,2,გიორგი,გაბელაია,გიორგი გაბელაია,,,majoritarians_all.pdf
local_2017,__main__,council_smd,european_georgia,"საარჩევნო ბლოკი „ბაქრაძე, უგულავა-ევროპული საქართველო”",,15,აბაშა,,2,ამირან,ხორავა,ამირან ხორავა,,,majoritarians_all.pdf
local_2017,__main__,council_smd,european_georgia,"საარჩევნო ბლოკი „ბაქრაძე, უგულავა-ევროპული საქართველო”",,16,აბაშა,,2,თორნიკე,ბესელია,თორნიკე ბესელია,,,majoritarians_all.pdf
local_2017,__main__,council_smd,european_georgia,"საარჩევნო ბლოკი „ბაქრაძე, უგულავა-ევროპული საქართველო”",,11,აბაშა,,2,ავთანდილი,გაგუა,ავთანდილი გაგუა,,,majoritarians_all.pdf
local_2017,__main__,council_smd,european_georgia,"საარჩევნო ბლოკი „ბაქრაძე, უგულავა-ევროპული საქართველო”",,14,აბაშა,,2,მარინა,ჯოჯუა,მარინა ჯოჯუა,,,majoritarians_all.pdf
local_2017,__main__,council_smd,european_georgia,"საარჩევნო ბლოკი „ბაქრაძე, უგულავა-ევროპული საქართველო”",,12,აბაშა,,2,მარინე,მიმინოშვილი,მარინე მიმინოშვილი,,,majoritarians_all.pdf
local_2017,__main__,council_smd,european_georgia,"საარჩევნო ბლოკი „ბაქრაძე, უგულავა-ევროპული საქართველო”",,13,აბაშა,,2,ჯიმშერ,თევდორაძე,ჯიმშერ თევდორაძე,,,majoritarians_all.pdf
local_2017,__main__,council_smd,european_georgia,"საარჩევნო ბლოკი „ბაქრაძე, უგულავა-ევროპული საქართველო”",,1,აბაშა,,2,მამუკა,გვაზავა,მამუკა გვაზავა,,,majoritarians_all.pdf
local_2017,__main__,council_smd,free_georgia,"საარჩევნო ბლოკი „დიმიტრი ლორთქიფანიძე, კახა კუკავა-დემოკრატიული მოძრაობა-თავისუფალი საქართველო”",,12,აბაშა,,3,ელგუჯა,ნოდია,ელგუჯა ნოდია,,,majoritarians_all.pdf
local_2017,__main__,council_smd,free_georgia,"საარჩევნო ბლოკი „დიმიტრი ლორთქიფანიძე, კახა კუკავა-დემოკრატიული მოძრაობა-თავისუფალი საქართველო”",,5,აბაშა,,3,ელიზა,ჯანელიძე,ელიზა ჯანელიძე,,,majoritarians_all.pdf
local_2017,__main__,council_smd,free_georgia,"საარჩევნო ბლოკი „დიმიტრი ლორთქიფანიძე, კახა კუკავა-დემოკრატიული მოძრაობა-თავისუფალი საქართველო”",,3,აბაშა,,3,ირაკლი,ქობალავა,ირაკლი ქობალავა,,,majoritarians_all.pdf
local_2017,__main__,council_smd,unm,საარჩევნო ბლოკი „ერთიანი ნაციონალური მოძრაობა”,,1,აბაშა,,5,გიგლა,კუჭუხიძე,გიგლა კუჭუხიძე,,,majoritarians_all.pdf
local_2017,__main__,council_smd,unm,საარჩევნო ბლოკი „ერთიანი ნაციონალური მოძრაობა”,,12,აბაშა,,5,კობა,ნოდია,კობა ნოდია,,,majoritarians_all.pdf
local_2017,__main__,council_smd,unm,საარჩევნო ბლოკი „ერთიანი ნაციონალური მოძრაობა”,,13,აბაშა,,5,თეიმურაზი,დუნდუა,თეიმურაზი დუნდუა,,,majoritarians_all.pdf
local_2017,__main__,council_smd,unm,საარჩევნო ბლოკი „ერთიანი ნაციონალური მოძრაობა”,,16,აბაშა,,5,კოხტა,მელია,კოხტა მელია,,,majoritarians_all.pdf
local_2017,__main__,council_smd,unm,საარჩევნო ბლოკი „ერთიანი ნაციონალური მოძრაობა”,,8,აბაშა,,5,თამაზი,ზაქაიძე,თამაზი ზაქაიძე,,,majoritarians_all.pdf
local_2017,__main__,council_smd,unm,საარჩევნო ბლოკი „ერთიანი ნაციონალური მოძრაობა”,,6,აბაშა,,5,თამაზი,კუჭუხიძე,თამაზი კუჭუხიძე,,,majoritarians_all.pdf
local_2017,__main__,council_smd,unm,საარჩევნო ბლოკი „ერთიანი ნაციონალური მოძრაობა”,,10,აბაშა,,5,მიხეილი,დარცმელიძე,მიხეილი დარცმელიძე,,,majoritarians_all.pdf
local_2017,__main__,council_smd,unm,საარჩევნო ბლოკი „ერთიანი ნაციონალური მოძრაობა”,,11,აბაშა,,5,მერაბი,მელია,მერაბი მელია,,,majoritarians_all.pdf
local_2017,__main__,council_smd,unm,საარჩევნო ბლოკი „ერთიანი ნაციონალური მოძრაობა”,,3,აბაშა,,5,გენო,მიმინოშვილი,გენო მიმინოშვილი,,,majoritarians_all.pdf
local_2017,__main__,council_smd,unm,საარჩევნო ბლოკი „ერთიანი ნაციონალური მოძრაობა”,,4,აბაშა,,5,როინი,ქობულია,როინი ქობულია,,,majoritarians_all.pdf
local_2017,__main__,council_smd,unm,საარჩევნო ბლოკი „ერთიანი ნაციონალური მოძრაობა”,,5,აბაშა,,5,ლევანი,დუნდუა,ლევანი დუნდუა,,,majoritarians_all.pdf
local_2017,__main__,council_smd,patriots,"„დავით თარხან-მოურავი, ირმა ინაშვილი - საქართველოს პატრიოტთა",,5,აბაშა,,8,ალიანსი”ზურაბ,ნინუა,ალიანსი”ზურაბ ნინუა,,,majoritarians_all.pdf
local_2017,__main__,council_smd,patriots,"„დავით თარხან-მოურავი, ირმა ინაშვილი - საქართველოს პატრიოტთა",,1,აბაშა,,8,ალიანსი”ირაკლი,იობაია,ალიანსი”ირაკლი იობაია,,,majoritarians_all.pdf
local_2017,__main__,council_smd,patriots,"„დავით თარხან-მოურავი, ირმა ინაშვილი - საქართველოს პატრიოტთა",,12,აბაშა,,8,ალიანსი”ელგუჯა,გუგუშვილი,ალიანსი”ელგუჯა გუგუშვილი,,,majoritarians_all.pdf
local_2017,__main__,council_smd,patriots,"„დავით თარხან-მოურავი, ირმა ინაშვილი - საქართველოს პატრიოტთა",,16,აბაშა,,8,ალიანსი”ადენი,ჯულაყიძე,ალიანსი”ადენი ჯულაყიძე,,,majoritarians_all.pdf
local_2017,__main__,council_smd,vashadze_2017,საარჩევნო ბლოკი „გიორგი ვაშაძე - ერთობა ახალი საქართველო”,,9,აბაშა,,27,ფარნავაზი,გრიგოლია,ფარნავაზი გრიგოლია,,,majoritarians_all.pdf
local_2017,__main__,council_smd,gd,„ქართული ოცნება-დემოკრატიული საქართველო”,,15,აბაშა,,41,ელვარდი,ნოდია,ელვარდი ნოდია,,,majoritarians_all.pdf
local_2017,__main__,council_smd,gd,„ქართული ოცნება-დემოკრატიული საქართველო”,,10,აბაშა,,41,მამუკა,ვეკუა,მამუკა ვეკუა,,,majoritarians_all.pdf
local_2017,__main__,council_smd,gd,„ქართული ოცნება-დემოკრატიული საქართველო”,,8,აბაშა,,41,ლეონტი,ნადარეიშვილი,ლეონტი ნადარეიშვილი,,,majoritarians_all.pdf
local_2017,__main__,council_smd,gd,„ქართული ოცნება-დემოკრატიული საქართველო”,,12,აბაშა,,41,რევაზი,ჩაჩავა,რევაზი ჩაჩავა,,,majoritarians_all.pdf
local_2017,__main__,council_smd,gd,„ქართული ოცნება-დემოკრატიული საქართველო”,,13,აბაშა,,41,გია,მიგინეიშვილი,გია მიგინეიშვილი,,,majoritarians_all.pdf
local_2017,__main__,council_smd,gd,„ქართული ოცნება-დემოკრატიული საქართველო”,,11,აბაშა,,41,ბაგრატი,მელია,ბაგრატი მელია,,,majoritarians_all.pdf
local_2017,__main__,council_smd,gd,„ქართული ოცნება-დემოკრატიული საქართველო”,,7,აბაშა,,41,ზაზა,ალასანია,ზაზა ალასანია,,,majoritarians_all.pdf
local_2017,__main__,council_smd,gd,„ქართული ოცნება-დემოკრატიული საქართველო”,,5,აბაშა,,41,ბენია,პიტავა,ბენია პიტავა,,,majoritarians_all.pdf
local_2017,__main__,council_smd,gd,„ქართული ოცნება-დემოკრატიული საქართველო”,,6,აბაშა,,41,ბაჩუკი,ქვილითაია,ბაჩუკი ქვილითაია,,,majoritarians_all.pdf
local_2017,__main__,council_smd,gd,„ქართული ოცნება-დემოკრატიული საქართველო”,,14,აბაშა,,41,მერაბი,მიქაძე,მერაბი მიქაძე,,,majoritarians_all.pdf
local_2017,__main__,council_smd,gd,„ქართული ოცნება-დემოკრატიული საქართველო”,,16,აბაშა,,41,ზვიადი,კუპრეიშვილი,ზვიადი კუპრეიშვილი,,,majoritarians_all.pdf
local_2017,__main__,council_smd,gd,„ქართული ოცნება-დემოკრატიული საქართველო”,,1,აბაშა,,41,გია,კუცია,გია კუცია,,,majoritarians_all.pdf
local_2017,__main__,council_smd,gd,„ქართული ოცნება-დემოკრატიული საქართველო”,,1,აბაშა,,41,შოთა,ჭანტურაია,შოთა ჭანტურაია,,,majoritarians_all.pdf
local_2017,__main__,council_smd,gd,„ქართული ოცნება-დემოკრატიული საქართველო”,,2,აბაშა,,41,ზურაბ,შუბლაძე,ზურაბ შუბლაძე,,,majoritarians_all.pdf
local_2017,__main__,council_smd,gd,„ქართული ოცნება-დემოკრატიული საქართველო”,,3,აბაშა,,41,ავთანდილ,გუნია,ავთანდილ გუნია,,,majoritarians_all.pdf
local_2017,__main__,council_smd,gd,„ქართული ოცნება-დემოკრატიული საქართველო”,,9,აბაშა,,41,იაგო,თოდუა,იაგო თოდუა,,,majoritarians_all.pdf
local_2017,__main__,council_smd,gd,„ქართული ოცნება-დემოკრატიული საქართველო”,,4,აბაშა,,41,ბაქარი,შელია,ბაქარი შელია,,,majoritarians_all.pdf
local_2017,__main__,council_smd,initiative_group,"საინიციატივო ჯგუფი - 42. თორნიკე პერტენავა, ნარგიზა ქოიავა, ბექა თოფურია, გიორგი რუბენია, ბეჟანი კორძახია",,15,აბაშა,,42,ზაზა,ბარათელია,ზაზა ბარათელია,,,majoritarians_all.pdf
local_2017,__main__,council_smd,initiative_group,"საინიციატივო ჯგუფი - 42. ირაკლი მიქაძე, შოთა მიქაძე, ემზარ რუსია, პაატა ნაუმოვი, ზაალი ნაუმოვი.",,14,აბაშა,,42,კახა,ცანავა,კახა ცანავა,,,majoritarians_all.pdf
local_2017,__main__,council_smd,initiative_group,"საინიციატივო ჯგუფი - 42. თეიმურაზი კეკელიძე, სპირიდონ სურმავა, მამუკა კეკელიძე, ივანე ჯანაშია, ოლეგი ჩიტეიშვილი",,4,აბაშა,,42,თენგიზი,კუპრავა,თენგიზი კუპრავა,,,majoritarians_all.pdf
local_2017,__main__,council_smd,initiative_group,"საინიციატივო ჯგუფი - 42. ნინო ზაქრაძე, ბონდო ლორია, ბადრი ლორია, გულნარა ჩაჩუა, ვენერა შალვაძე",,9,აბაშა,,42,გელა,ვერულაშვილი,გელა ვერულაშვილი,,,majoritarians_all.pdf
local_2017,__main__,council_smd,initiative_group,"საინიციატივო ჯგუფი - 42. ელვარდი ჭანტურია, ირა ჯულაყიძე, რომან გაბელაია, ნანა გაბელაია, ლევან გაბელაია",,1,აბაშა,,242,ვაჟა,გაბელაია,ვაჟა გაბელაია,,,majoritarians_all.pdf
local_2017,__main__,council_smd,initiative_group,"საინიციატივო ჯგუფი - 42. გოგიტა კუპრეიშვილი, ლაშა კუპრეიშვილი, სულხანი ალანია, იამზე ქვილითაია, გოჩა კუჭუხიძე.",,6,აბაშა,,42,როლანდი,კუჭუხიძე,როლანდი კუჭუხიძე,,,majoritarians_all.pdf
local_2017,__main__,council_smd,initiative_group,"საინიციატივო ჯგუფი - 42. ზაზა გამზარდია, დავითი ცომაია, ნათელა რუსია, ნაირა ლეკიშვილი, თამარ სტურუა",,13,აბაშა,,42,კახაბერი,ცომაია,კახაბერი ცომაია,,,majoritarians_all.pdf
local_2017,__main__,council_smd,european_georgia,"საარჩევნო ბლოკი „ბაქრაძე, უგულავა-ევროპული საქართველო”",,1,სენაკი,,2,გურამი,სამინავა,გურამი სამინავა,,,majoritarians_all.pdf
local_2017,__main__,council_smd,european_georgia,"საარჩევნო ბლოკი „ბაქრაძე, უგულავა-ევროპული საქართველო”",,1,სენაკი,,2,თეიმურაზ,ვახანია,თეიმურაზ ვახანია,,,majoritarians_all.pdf
local_2017,__main__,council_smd,european_georgia,"საარჩევნო ბლოკი „ბაქრაძე, უგულავა-ევროპული საქართველო”",,1,სენაკი,,2,გიორგი,ჯაიანი,გიორგი ჯაიანი,,,majoritarians_all.pdf
local_2017,__main__,council_smd,european_georgia,"საარჩევნო ბლოკი „ბაქრაძე, უგულავა-ევროპული საქართველო”",,1,სენაკი,,2,იროდი,ყურაშვილი,იროდი ყურაშვილი,,,majoritarians_all.pdf
local_2017,__main__,council_smd,european_georgia,"საარჩევნო ბლოკი „ბაქრაძე, უგულავა-ევროპული საქართველო”",,2,სენაკი,,2,ირაკლი,ჯიშკარიანი,ირაკლი ჯიშკარიანი,,,majoritarians_all.pdf
local_2017,__main__,council_smd,european_georgia,"საარჩევნო ბლოკი „ბაქრაძე, უგულავა-ევროპული საქართველო”",,3,სენაკი,,2,გელა,თურქია,გელა თურქია,,,majoritarians_all.pdf
local_2017,__main__,council_smd,european_georgia,"საარჩევნო ბლოკი „ბაქრაძე, უგულავა-ევროპული საქართველო”",,4,სენაკი,,2,ბაჩანა,გაგუა,ბაჩანა გაგუა,,,majoritarians_all.pdf
local_2017,__main__,council_smd,european_georgia,"საარჩევნო ბლოკი „ბაქრაძე, უგულავა-ევროპული საქართველო”",,6,სენაკი,,2,მურმან,ჩიქობავა,მურმან ჩიქობავა,,,majoritarians_all.pdf
local_2017,__main__,council_smd,european_georgia,"საარჩევნო ბლოკი „ბაქრაძე, უგულავა-ევროპული საქართველო”",,7,სენაკი,,2,ირაკლი,ჯოლოგუა,ირაკლი ჯოლოგუა,,,majoritarians_all.pdf
local_2017,__main__,council_smd,european_georgia,"საარჩევნო ბლოკი „ბაქრაძე, უგულავა-ევროპული საქართველო”",,8,სენაკი,,2,კახაბერი,ბარკალაია,კახაბერი ბარკალაია,,,majoritarians_all.pdf
local_2017,__main__,council_smd,european_georgia,"საარჩევნო ბლოკი „ბაქრაძე, უგულავა-ევროპული საქართველო”",,9,სენაკი,,2,შალვა,წულეისკირი,შალვა წულეისკირი,,,majoritarians_all.pdf
local_2017,__main__,council_smd,european_georgia,"საარჩევნო ბლოკი „ბაქრაძე, უგულავა-ევროპული საქართველო”",,10,სენაკი,,2,მურთაზი,სირია,მურთაზი სირია,,,majoritarians_all.pdf
local_2017,__main__,council_smd,european_georgia,"საარჩევნო ბლოკი „ბაქრაძე, უგულავა-ევროპული საქართველო”",,11,სენაკი,,2,ბაჩანა,ჯანჯღავა,ბაჩანა ჯანჯღავა,,,majoritarians_all.pdf
local_2017,__main__,council_smd,european_georgia,"საარჩევნო ბლოკი „ბაქრაძე, უგულავა-ევროპული საქართველო”",,12,სენაკი,,2,ირაკლი,მამულია,ირაკლი მამულია,,,majoritarians_all.pdf
local_2017,__main__,council_smd,european_georgia,"საარჩევნო ბლოკი „ბაქრაძე, უგულავა-ევროპული საქართველო”",,13,სენაკი,,2,რევაზი,ქუთელია,რევაზი ქუთელია,,,majoritarians_all.pdf
local_2017,__main__,council_smd,european_georgia,"საარჩევნო ბლოკი „ბაქრაძე, უგულავა-ევროპული საქართველო”",,14,სენაკი,,2,ამირან,დავითაია,ამირან დავითაია,,,majoritarians_all.pdf
local_2017,__main__,council_smd,european_georgia,"საარჩევნო ბლოკი „ბაქრაძე, უგულავა-ევროპული საქართველო”",,15,სენაკი,,2,ელგუჯა,გვასალია,ელგუჯა გვასალია,,,majoritarians_all.pdf
local_2017,__main__,council_smd,free_georgia,"საარჩევნო ბლოკი „დიმიტრი ლორთქიფანიძე, კახა კუკავა-დემოკრატიული მოძრაობა-თავისუფალი საქართველო”",,1,სენაკი,,3,ზაზა,სიჭინავა,ზაზა სიჭინავა,,,majoritarians_all.pdf
local_2017,__main__,council_smd,free_georgia,"საარჩევნო ბლოკი „დიმიტრი ლორთქიფანიძე, კახა კუკავა-დემოკრატიული მოძრაობა-თავისუფალი საქართველო”",,1,სენაკი,,3,თემურ,ჩერქეზია,თემურ ჩერქეზია,,,majoritarians_all.pdf
local_2017,__main__,council_smd,free_georgia,"საარჩევნო ბლოკი „დიმიტრი ლორთქიფანიძე, კახა კუკავა-დემოკრატიული მოძრაობა-თავისუფალი საქართველო”",,1,სენაკი,,3,ნანა,მალანია,ნანა მალანია,,,majoritarians_all.pdf
local_2017,__main__,council_smd,free_georgia,"საარჩევნო ბლოკი „დიმიტრი ლორთქიფანიძე, კახა კუკავა-დემოკრატიული მოძრაობა-თავისუფალი საქართველო”",,14,სენაკი,,3,თეიმურაზი,ადამია,თეიმურაზი ადამია,,,majoritarians_all.pdf
local_2017,__main__,council_smd,free_georgia,"საარჩევნო ბლოკი „დიმიტრი ლორთქიფანიძე, კახა კუკავა-დემოკრატიული მოძრაობა-თავისუფალი საქართველო”",,8,სენაკი,,3,ნათია,ცომაია,ნათია ცომაია,,,majoritarians_all.pdf
local_2017,__main__,council_smd,free_georgia,"საარჩევნო ბლოკი „დიმიტრი ლორთქიფანიძე, კახა კუკავა-დემოკრატიული მოძრაობა-თავისუფალი საქართველო”",,15,სენაკი,,3,ბიჭიკო,თუნთია,ბიჭიკო თუნთია,,,majoritarians_all.pdf
local_2017,__main__,council_smd,unm,საარჩევნო ბლოკი „ერთიანი ნაციონალური მოძრაობა”,,1,სენაკი,,5,ლაშა,კუჭავა,ლაშა კუჭავა,,,majoritarians_all.pdf
local_2017,__main__,council_smd,unm,საარჩევნო ბლოკი „ერთიანი ნაციონალური მოძრაობა”,,1,სენაკი,,5,ლაშა,მარკელია,ლაშა მარკელია,,,majoritarians_all.pdf
local_2017,__main__,council_smd,unm,საარჩევნო ბლოკი „ერთიანი ნაციონალური მოძრაობა”,,4,სენაკი,,5,კახაბერ,ადამია,კახაბერ ადამია,,,majoritarians_all.pdf
local_2017,__main__,council_smd,unm,საარჩევნო ბლოკი „ერთიანი ნაციონალური მოძრაობა”,,5,სენაკი,,5,გრიგოლი,შურღაია,გრიგოლი შურღაია,,,majoritarians_all.pdf
local_2017,__main__,council_smd,unm,საარჩევნო ბლოკი „ერთიანი ნაციონალური მოძრაობა”,,1,სენაკი,,5,დავითი,ნანავა,დავითი ნანავა,,,majoritarians_all.pdf
local_2017,__main__,council_smd,unm,საარჩევნო ბლოკი „ერთიანი ნაციონალური მოძრაობა”,,1,სენაკი,,5,ზურაბი,სანაია,ზურაბი სანაია,,,majoritarians_all.pdf
local_2017,__main__,council_smd,unm,საარჩევნო ბლოკი „ერთიანი ნაციონალური მოძრაობა”,,3,სენაკი,,5,გარსევანი,ჩემია,გარსევანი ჩემია,,,majoritarians_all.pdf
local_2017,__main__,council_smd,unm,საარჩევნო ბლოკი „ერთიანი ნაციონალური მოძრაობა”,,12,სენაკი,,5,გენადი,გაბელია,გენადი გაბელია,,,majoritarians_all.pdf
local_2017,__main__,council_smd,unm,საარჩევნო ბლოკი „ერთიანი ნაციონალური მოძრაობა”,,9,სენაკი,,5,ვალერი,კუჭავა,ვალერი კუჭავა,,,majoritarians_all.pdf
local_2017,__main__,council_smd,unm,საარჩევნო ბლოკი „ერთიანი ნაციონალური მოძრაობა”,,11,სენაკი,,5,შალვა,კილაძე,შალვა კილაძე,,,majoritarians_all.pdf
local_2017,__main__,council_smd,unm,საარჩევნო ბლოკი „ერთიანი ნაციონალური მოძრაობა”,,10,სენაკი,,5,მათე,სოლომონია,მათე სოლომონია,,,majoritarians_all.pdf
local_2017,__main__,council_smd,unm,საარჩევნო ბლოკი „ერთიანი ნაციონალური მოძრაობა”,,8,სენაკი,,5,მამუკა,აბშილავა,მამუკა აბშილავა,,,majoritarians_all.pdf
local_2017,__main__,council_smd,unm,საარჩევნო ბლოკი „ერთიანი ნაციონალური მოძრაობა”,,7,სენაკი,,5,ვახტანგი,წურწუმია,ვახტანგი წურწუმია,,,majoritarians_all.pdf
local_2017,__main__,council_smd,unm,საარჩევნო ბლოკი „ერთიანი ნაციონალური მოძრაობა”,,2,სენაკი,,5,ეკატერინე,ხორგუანი,ეკატერინე ხორგუანი,,,majoritarians_all.pdf
local_2017,__main__,council_smd,unm,საარჩევნო ბლოკი „ერთიანი ნაციონალური მოძრაობა”,,13,სენაკი,,5,ამირანი,სანაია,ამირანი სანაია,,,majoritarians_all.pdf
local_2017,__main__,council_smd,unm,საარჩევნო ბლოკი „ერთიანი ნაციონალური მოძრაობა”,,15,სენაკი,,5,ზურაბი,გვასალია,ზურაბი გვასალია,,,majoritarians_all.pdf
local_2017,__main__,council_smd,unm,საარჩევნო ბლოკი „ერთიანი ნაციონალური მოძრაობა”,,14,სენაკი,,5,ელზა,პირტახია,ელზა პირტახია,,,majoritarians_all.pdf
local_2017,__main__,council_smd,patriots,"„დავით თარხან-მოურავი, ირმა ინაშვილი - საქართველოს პატრიოტთა",,1,სენაკი,,8,ალიანსი”ხვიჩა,ბერაია,ალიანსი”ხვიჩა ბერაია,,,majoritarians_all.pdf
local_2017,__main__,council_smd,patriots,"„დავით თარხან-მოურავი, ირმა ინაშვილი - საქართველოს პატრიოტთა",,1,სენაკი,,8,ალიანსი”ისაკი,მურღულია,ალიანსი”ისაკი მურღულია,,,majoritarians_all.pdf
local_2017,__main__,council_smd,patriots,"„დავით თარხან-მოურავი, ირმა ინაშვილი - საქართველოს პატრიოტთა",,15,სენაკი,,8,ალიანსი”რეზო,პარკაია,ალიანსი”რეზო პარკაია,,,majoritarians_all.pdf
local_2017,__main__,council_smd,labour,„შალვა ნათელაშვილი - საქართველოს ლეიბორისტული პარტია”,,1,სენაკი,,10,თამაზი,ბოჯგუა,თამაზი ბოჯგუა,,,majoritarians_all.pdf
local_2017,__main__,council_smd,labour,„შალვა ნათელაშვილი - საქართველოს ლეიბორისტული პარტია”,,1,სენაკი,,10,ხვიჩა,მაშავა,ხვიჩა მაშავა,,,majoritarians_all.pdf
local_2017,__main__,council_smd,labour,„შალვა ნათელაშვილი - საქართველოს ლეიბორისტული პარტია”,,1,სენაკი,,10,რობერტ,შალამბერიძე,რობერტ შალამბერიძე,,,majoritarians_all.pdf
local_2017,__main__,council_smd,labour,„შალვა ნათელაშვილი - საქართველოს ლეიბორისტული პარტია”,,1,სენაკი,,10,ბელა,ალანია,ბელა ალანია,,,majoritarians_all.pdf
local_2017,__main__,council_smd,labour,„შალვა ნათელაშვილი - საქართველოს ლეიბორისტული პარტია”,,5,სენაკი,,10,კახაბერი,ესებუა,კახაბერი ესებუა,,,majoritarians_all.pdf
local_2017,__main__,council_smd,labour,„შალვა ნათელაშვილი - საქართველოს ლეიბორისტული პარტია”,,13,სენაკი,,10,ვახტანგ,შარტავა,ვახტანგ შარტავა,,,majoritarians_all.pdf
local_2017,__main__,council_smd,construction_movement_2017,„შენების მოძრაობა”,,3,სენაკი,,20,ირაკლი,კუპრეიშვილი,ირაკლი კუპრეიშვილი,,,majoritarians_all.pdf
local_2017,__main__,council_smd,construction_movement_2017,„შენების მოძრაობა”,,7,სენაკი,,20,ელგუჯა,გარუჩავა,ელგუჯა გარუჩავა,,,majoritarians_all.pdf
local_2017,__main__,council_smd,construction_movement_2017,„შენების მოძრაობა”,,4,სენაკი,,20,სოფიო,ადამია,სოფიო ადამია,,,majoritarians_all.pdf
local_2017,__main__,council_smd,construction_movement_2017,„შენების მოძრაობა”,,15,სენაკი,,20,ბათუ,კანკავა,ბათუ კანკავა,,,majoritarians_all.pdf
local_2017,__main__,council_smd,construction_movement_2017,„შენების მოძრაობა”,,1,სენაკი,,20,შოთა,გოგოლი,შოთა გოგოლი,,,majoritarians_all.pdf
local_2017,__main__,council_smd,construction_movement_2017,„შენების მოძრაობა”,,1,სენაკი,,20,გურანდა,ოდიშარია,გურანდა ოდიშარია,,,majoritarians_all.pdf
local_2017,__main__,council_smd,construction_movement_2017,„შენების მოძრაობა”,,2,სენაკი,,20,რამინი,ხუნწარია,რამინი ხუნწარია,,,majoritarians_all.pdf
local_2017,__main__,council_smd,construction_movement_2017,„შენების მოძრაობა”,,1,სენაკი,,20,გიორგი,კანკავა,გიორგი კანკავა,,,majoritarians_all.pdf
local_2017,__main__,council_smd,construction_movement_2017,„შენების მოძრაობა”,,13,სენაკი,,20,გოჩა,ჯოლოგუა,გოჩა ჯოლოგუა,,,majoritarians_all.pdf
local_2017,__main__,council_smd,construction_movement_2017,„შენების მოძრაობა”,,10,სენაკი,,20,ნოდარი,ადამია,ნოდარი ადამია,,,majoritarians_all.pdf
local_2017,__main__,council_smd,construction_movement_2017,„შენების მოძრაობა”,,6,სენაკი,,20,თენგიზი,აქუბარდია,თენგიზი აქუბარდია,,,majoritarians_all.pdf
local_2017,__main__,council_smd,construction_movement_2017,„შენების მოძრაობა”,,11,სენაკი,,20,გიორგი,ხუნწარია,გიორგი ხუნწარია,,,majoritarians_all.pdf
local_2017,__main__,council_smd,construction_movement_2017,„შენების მოძრაობა”,,14,სენაკი,,20,გიგლა,ნარსია,გიგლა ნარსია,,,majoritarians_all.pdf
local_2017,__main__,council_smd,construction_movement_2017,„შენების მოძრაობა”,,12,სენაკი,,20,გია,შეროზია,გია შეროზია,,,majoritarians_all.pdf
local_2017,__main__,council_smd,construction_movement_2017,„შენების მოძრაობა”,,9,სენაკი,,20,ბესიკი,ხარბედია,ბესიკი ხარბედია,,,majoritarians_all.pdf
local_2017,__main__,council_smd,construction_movement_2017,„შენების მოძრაობა”,,1,სენაკი,,20,ლევანი,ალანია,ლევანი ალანია,,,majoritarians_all.pdf
local_2017,__main__,council_smd,gd,„ქართული ოცნება-დემოკრატიული საქართველო”,,3,სენაკი,,41,პაატა,ჯიქიძე,პაატა ჯიქიძე,,,majoritarians_all.pdf
local_2017,__main__,council_smd,gd,„ქართული ოცნება-დემოკრატიული საქართველო”,,4,სენაკი,,41,დათო,ადამია,დათო ადამია,,,majoritarians_all.pdf
local_2017,__main__,council_smd,gd,„ქართული ოცნება-დემოკრატიული საქართველო”,,5,სენაკი,,41,ზურაბი,აფაქიძე,ზურაბი აფაქიძე,,,majoritarians_all.pdf
local_2017,__main__,council_smd,gd,„ქართული ოცნება-დემოკრატიული საქართველო”,,6,სენაკი,,41,ელისო,ცაგურია,ელისო ცაგურია,,,majoritarians_all.pdf
local_2017,__main__,council_smd,gd,„ქართული ოცნება-დემოკრატიული საქართველო”,,7,სენაკი,,41,მაია,ადამია,მაია ადამია,,,majoritarians_all.pdf
local_2017,__main__,council_smd,gd,„ქართული ოცნება-დემოკრატიული საქართველო”,,1,სენაკი,,41,ზაზა,ნაჭყებია,ზაზა ნაჭყებია,,,majoritarians_all.pdf
local_2017,__main__,council_smd,gd,„ქართული ოცნება-დემოკრატიული საქართველო”,,1,სენაკი,,41,ბეჟანი,სანაია,ბეჟანი სანაია,,,majoritarians_all.pdf
local_2017,__main__,council_smd,gd,„ქართული ოცნება-დემოკრატიული საქართველო”,,1,სენაკი,,41,ბესიკი,ნარმანია,ბესიკი ნარმანია,,,majoritarians_all.pdf
local_2017,__main__,council_smd,gd,„ქართული ოცნება-დემოკრატიული საქართველო”,,1,სენაკი,,41,კახაბერი,რუსია,კახაბერი რუსია,,,majoritarians_all.pdf
local_2017,__main__,council_smd,gd,„ქართული ოცნება-დემოკრატიული საქართველო”,,2,სენაკი,,41,ბადრი,ხურცია,ბადრი ხურცია,,,majoritarians_all.pdf
local_2017,__main__,council_smd,gd,„ქართული ოცნება-დემოკრატიული საქართველო”,,8,სენაკი,,41,გენადი,ხუხუნი,გენადი ხუხუნი,,,majoritarians_all.pdf
local_2017,__main__,council_smd,gd,„ქართული ოცნება-დემოკრატიული საქართველო”,,9,სენაკი,,41,დინარა,ხარბედია,დინარა ხარბედია,,,majoritarians_all.pdf
local_2017,__main__,council_smd,gd,„ქართული ოცნება-დემოკრატიული საქართველო”,,10,სენაკი,,41,იური,ქორიძე,იური ქორიძე,,,majoritarians_all.pdf
local_2017,__main__,council_smd,gd,„ქართული ოცნება-დემოკრატიული საქართველო”,,11,სენაკი,,41,შაქრო,კოკაია,შაქრო კოკაია,,,majoritarians_all.pdf
local_2017,__main__,council_smd,gd,„ქართული ოცნება-დემოკრატიული საქართველო”,,12,სენაკი,,41,ლევანი,გაბელია,ლევანი გაბელია,,,majoritarians_all.pdf
local_2017,__main__,council_smd,gd,„ქართული ოცნება-დემოკრატიული საქართველო”,,13,სენაკი,,41,მალხაზი,ტორჩინავა,მალხაზი ტორჩინავა,,,majoritarians_all.pdf
local_2017,__main__,council_smd,gd,„ქართული ოცნება-დემოკრატიული საქართველო”,,15,სენაკი,,41,ნუკრი,მირგატია,ნუკრი მირგატია,,,majoritarians_all.pdf
local_2017,__main__,council_smd,gd,„ქართული ოცნება-დემოკრატიული საქართველო”,,14,სენაკი,,41,დავითი,ხუხია,დავითი ხუხია,,,majoritarians_all.pdf
local_2017,__main__,council_smd,european_georgia,"საარჩევნო ბლოკი „ბაქრაძე, უგულავა-ევროპული საქართველო”",,1,მარტვილი,,2,დათა,თაფლაძე,დათა თაფლაძე,,,majoritarians_all.pdf
local_2017,__main__,council_smd,european_georgia,"საარჩევნო ბლოკი „ბაქრაძე, უგულავა-ევროპული საქართველო”",,13,მარტვილი,,2,ვარლამი,დანელია,ვარლამი დანელია,,,majoritarians_all.pdf
local_2017,__main__,council_smd,european_georgia,"საარჩევნო ბლოკი „ბაქრაძე, უგულავა-ევროპული საქართველო”",,1,მარტვილი,,2,გიორგი,გაბედავა,გიორგი გაბედავა,,,majoritarians_all.pdf
local_2017,__main__,council_smd,european_georgia,"საარჩევნო ბლოკი „ბაქრაძე, უგულავა-ევროპული საქართველო”",,3,მარტვილი,,2,კონსტანტინე,პატარაია,კონსტანტინე პატარაია,,,majoritarians_all.pdf
local_2017,__main__,council_smd,european_georgia,"საარჩევნო ბლოკი „ბაქრაძე, უგულავა-ევროპული საქართველო”",,2,მარტვილი,,2,დავით,მიქავა,დავით მიქავა,,,majoritarians_all.pdf
local_2017,__main__,council_smd,european_georgia,"საარჩევნო ბლოკი „ბაქრაძე, უგულავა-ევროპული საქართველო”",,15,მარტვილი,,2,გიორგი,ჯანჯღავა,გიორგი ჯანჯღავა,,,majoritarians_all.pdf
local_2017,__main__,council_smd,european_georgia,"საარჩევნო ბლოკი „ბაქრაძე, უგულავა-ევროპული საქართველო”",,16,მარტვილი,,2,ია,რუხაია,ია რუხაია,,,majoritarians_all.pdf
local_2017,__main__,council_smd,european_georgia,"საარჩევნო ბლოკი „ბაქრაძე, უგულავა-ევროპული საქართველო”",,11,მარტვილი,,2,მიხეილ,ხუხუა,მიხეილ ხუხუა,,,majoritarians_all.pdf
local_2017,__main__,council_smd,european_georgia,"საარჩევნო ბლოკი „ბაქრაძე, უგულავა-ევროპული საქართველო”",,9,მარტვილი,,2,კახა,გვილავა,კახა გვილავა,,,majoritarians_all.pdf
local_2017,__main__,council_smd,european_georgia,"საარჩევნო ბლოკი „ბაქრაძე, უგულავა-ევროპული საქართველო”",,12,მარტვილი,,2,პიმენ,ნაჭყებია,პიმენ ნაჭყებია,,,majoritarians_all.pdf
local_2017,__main__,council_smd,european_georgia,"საარჩევნო ბლოკი „ბაქრაძე, უგულავა-ევროპული საქართველო”",,14,მარტვილი,,2,ტარიელ,სურმავა,ტარიელ სურმავა,,,majoritarians_all.pdf
local_2017,__main__,council_smd,european_georgia,"საარჩევნო ბლოკი „ბაქრაძე, უგულავა-ევროპული საქართველო”",,7,მარტვილი,,2,გიორგი,წულაია,გიორგი წულაია,,,majoritarians_all.pdf
local_2017,__main__,council_smd,european_georgia,"საარჩევნო ბლოკი „ბაქრაძე, უგულავა-ევროპული საქართველო”",,8,მარტვილი,,2,გიორგი,ყურუა,გიორგი ყურუა,,,majoritarians_all.pdf
local_2017,__main__,council_smd,european_georgia,"საარჩევნო ბლოკი „ბაქრაძე, უგულავა-ევროპული საქართველო”",,10,მარტვილი,,2,დათო,ხელაია,დათო ხელაია,,,majoritarians_all.pdf
local_2017,__main__,council_smd,european_georgia,"საარჩევნო ბლოკი „ბაქრაძე, უგულავა-ევროპული საქართველო”",,6,მარტვილი,,2,გრიგორი,ჯანაშია,გრიგორი ჯანაშია,,,majoritarians_all.pdf
local_2017,__main__,council_smd,european_georgia,"საარჩევნო ბლოკი „ბაქრაძე, უგულავა-ევროპული საქართველო”",,4,მარტვილი,,2,თორნიკე,აპლაკოვი,თორნიკე აპლაკოვი,,,majoritarians_all.pdf
local_2017,__main__,council_smd,european_georgia,"საარჩევნო ბლოკი „ბაქრაძე, უგულავა-ევროპული საქართველო”",,5,მარტვილი,,2,გიზო,ხარებავა,გიზო ხარებავა,,,majoritarians_all.pdf
local_2017,__main__,council_smd,european_georgia,"საარჩევნო ბლოკი „ბაქრაძე, უგულავა-ევროპული საქართველო”",,20,მარტვილი,,2,თეონა,კალანდია,თეონა კალანდია,,,majoritarians_all.pdf
local_2017,__main__,council_smd,european_georgia,"საარჩევნო ბლოკი „ბაქრაძე, უგულავა-ევროპული საქართველო”",,21,მარტვილი,,2,ალექსი,რუხაია,ალექსი რუხაია,,,majoritarians_all.pdf
local_2017,__main__,council_smd,free_georgia,"საარჩევნო ბლოკი „დიმიტრი ლორთქიფანიძე, კახა კუკავა-დემოკრატიული მოძრაობა-თავისუფალი საქართველო”",,8,მარტვილი,,3,სოზარ,მაისაია,სოზარ მაისაია,,,majoritarians_all.pdf
local_2017,__main__,council_smd,unm,საარჩევნო ბლოკი „ერთიანი ნაციონალური მოძრაობა”,,1,მარტვილი,,5,ზაზა,ფრანგიშვილი,ზაზა ფრანგიშვილი,,,majoritarians_all.pdf
local_2017,__main__,council_smd,unm,საარჩევნო ბლოკი „ერთიანი ნაციონალური მოძრაობა”,,17,მარტვილი,,5,ავთანდილ,ჯიქია,ავთანდილ ჯიქია,,,majoritarians_all.pdf
local_2017,__main__,council_smd,unm,საარჩევნო ბლოკი „ერთიანი ნაციონალური მოძრაობა”,,15,მარტვილი,,5,ზაურ,ჯახუა,ზაურ ჯახუა,,,majoritarians_all.pdf
local_2017,__main__,council_smd,unm,საარჩევნო ბლოკი „ერთიანი ნაციონალური მოძრაობა”,,16,მარტვილი,,5,ნათია,ქაჯაია,ნათია ქაჯაია,,,majoritarians_all.pdf
local_2017,__main__,council_smd,unm,საარჩევნო ბლოკი „ერთიანი ნაციონალური მოძრაობა”,,21,მარტვილი,,5,ნუკრი,ძიძიგური,ნუკრი ძიძიგური,,,majoritarians_all.pdf
local_2017,__main__,council_smd,unm,საარჩევნო ბლოკი „ერთიანი ნაციონალური მოძრაობა”,,20,მარტვილი,,5,ლია,გულორდავა,ლია გულორდავა,,,majoritarians_all.pdf
local_2017,__main__,council_smd,unm,საარჩევნო ბლოკი „ერთიანი ნაციონალური მოძრაობა”,,18,მარტვილი,,5,ედემი,ბასილაია,ედემი ბასილაია,,,majoritarians_all.pdf
local_2017,__main__,council_smd,unm,საარჩევნო ბლოკი „ერთიანი ნაციონალური მოძრაობა”,,11,მარტვილი,,5,პაატა,კაკულია,პაატა კაკულია,,,majoritarians_all.pdf
local_2017,__main__,council_smd,unm,საარჩევნო ბლოკი „ერთიანი ნაციონალური მოძრაობა”,,6,მარტვილი,,5,ბექარ,კუკანია,ბექარ კუკანია,,,majoritarians_all.pdf
local_2017,__main__,council_smd,unm,საარჩევნო ბლოკი „ერთიანი ნაციონალური მოძრაობა”,,4,მარტვილი,,5,გრიგოლ,სილაგავა,გრიგოლ სილაგავა,,,majoritarians_all.pdf
local_2017,__main__,council_smd,unm,საარჩევნო ბლოკი „ერთიანი ნაციონალური მოძრაობა”,,5,მარტვილი,,5,ვეფხვია,სიორდია,ვეფხვია სიორდია,,,majoritarians_all.pdf
local_2017,__main__,council_smd,unm,საარჩევნო ბლოკი „ერთიანი ნაციონალური მოძრაობა”,,3,მარტვილი,,5,ვახტანგ,კეკელია,ვახტანგ კეკელია,,,majoritarians_all.pdf
local_2017,__main__,council_smd,unm,საარჩევნო ბლოკი „ერთიანი ნაციონალური მოძრაობა”,,2,მარტვილი,,5,ვარლამ,ცეკვავა,ვარლამ ცეკვავა,,,majoritarians_all.pdf
local_2017,__main__,council_smd,unm,საარჩევნო ბლოკი „ერთიანი ნაციონალური მოძრაობა”,,1,მარტვილი,,5,ბესიკი,გვალია,ბესიკი გვალია,,,majoritarians_all.pdf
local_2017,__main__,council_smd,unm,საარჩევნო ბლოკი „ერთიანი ნაციონალური მოძრაობა”,,13,მარტვილი,,5,ბესიკ,ხაინდრავა,ბესიკ ხაინდრავა,,,majoritarians_all.pdf
local_2017,__main__,council_smd,unm,საარჩევნო ბლოკი „ერთიანი ნაციონალური მოძრაობა”,,12,მარტვილი,,5,დიდიკო,ნაჭყებია,დიდიკო ნაჭყებია,,,majoritarians_all.pdf
local_2017,__main__,council_smd,unm,საარჩევნო ბლოკი „ერთიანი ნაციონალური მოძრაობა”,,8,მარტვილი,,5,თემურ,გახოკია,თემურ გახოკია,,,majoritarians_all.pdf
local_2017,__main__,council_smd,patriots,"„დავით თარხან-მოურავი, ირმა ინაშვილი - საქართველოს პატრიოტთა",,21,მარტვილი,,8,ალიანსი”კახა,ფაილოძე,ალიანსი”კახა ფაილოძე,,,majoritarians_all.pdf
local_2017,__main__,council_smd,patriots,"„დავით თარხან-მოურავი, ირმა ინაშვილი - საქართველოს პატრიოტთა",,1,მარტვილი,,8,ალიანსი”ვასილ,საკანდელია,ალიანსი”ვასილ საკანდელია,,,majoritarians_all.pdf
local_2017,__main__,council_smd,patriots,"„დავით თარხან-მოურავი, ირმა ინაშვილი - საქართველოს პატრიოტთა",,6,მარტვილი,,8,ალიანსი”მიხეილ,ნაჭყებია,ალიანსი”მიხეილ ნაჭყებია,,,majoritarians_all.pdf
local_2017,__main__,council_smd,patriots,"„დავით თარხან-მოურავი, ირმა ინაშვილი - საქართველოს პატრიოტთა",,7,მარტვილი,,8,ალიანსი”ლაშა,ქობალია,ალიანსი”ლაშა ქობალია,,,majoritarians_all.pdf
local_2017,__main__,council_smd,labour,„შალვა ნათელაშვილი - საქართველოს ლეიბორისტული პარტია”,,6,მარტვილი,,10,ზაზა,კორთხონჯია,ზაზა კორთხონჯია,,,majoritarians_all.pdf
local_2017,__main__,council_smd,labour,„შალვა ნათელაშვილი - საქართველოს ლეიბორისტული პარტია”,,4,მარტვილი,,10,რამაზ,ბართია,რამაზ ბართია,,,majoritarians_all.pdf
local_2017,__main__,council_smd,freedom_gamsakhurdia,„ თავისუფლება-ზვიად გამსახურდიას გზა”,,1,მარტვილი,,31,ირაკლი,ჯამბურია,ირაკლი ჯამბურია,,,majoritarians_all.pdf
local_2017,__main__,council_smd,freedom_gamsakhurdia,„ თავისუფლება-ზვიად გამსახურდიას გზა”,,9,მარტვილი,,31,პაატა,პირტახია,პაატა პირტახია,,,majoritarians_all.pdf
local_2017,__main__,council_smd,freedom_gamsakhurdia,„ თავისუფლება-ზვიად გამსახურდიას გზა”,,14,მარტვილი,,31,თენგიზ,სურმავა,თენგიზ სურმავა,,,majoritarians_all.pdf
local_2017,__main__,council_smd,freedom_gamsakhurdia,„ თავისუფლება-ზვიად გამსახურდიას გზა”,,8,მარტვილი,,31,ანზორ,ფანცულაია,ანზორ ფანცულაია,,,majoritarians_all.pdf
local_2017,__main__,council_smd,freedom_gamsakhurdia,„ თავისუფლება-ზვიად გამსახურდიას გზა”,,5,მარტვილი,,31,ჟიული,ქადარია,ჟიული ქადარია,,,majoritarians_all.pdf
local_2017,__main__,council_smd,freedom_gamsakhurdia,„ თავისუფლება-ზვიად გამსახურდიას გზა”,,11,მარტვილი,,31,გელა,აფხაზავა,გელა აფხაზავა,,,majoritarians_all.pdf
local_2017,__main__,council_smd,freedom_gamsakhurdia,„ თავისუფლება-ზვიად გამსახურდიას გზა”,,19,მარტვილი,,31,მამუკა,ხარბედია,მამუკა ხარბედია,,,majoritarians_all.pdf
local_2017,__main__,council_smd,freedom_gamsakhurdia,„ თავისუფლება-ზვიად გამსახურდიას გზა”,,7,მარტვილი,,31,ზაალ,კილასონია,ზაალ კილასონია,,,majoritarians_all.pdf
local_2017,__main__,council_smd,freedom_gamsakhurdia,„ თავისუფლება-ზვიად გამსახურდიას გზა”,,16,მარტვილი,,31,ირაკლი,დანელია,ირაკლი დანელია,,,majoritarians_all.pdf
local_2017,__main__,council_smd,freedom_gamsakhurdia,„ თავისუფლება-ზვიად გამსახურდიას გზა”,,4,მარტვილი,,31,ვლადიმერი,ბაღიშვილი,ვლადიმერი ბაღიშვილი,,,majoritarians_all.pdf
local_2017,__main__,council_smd,gd,„ქართული ოცნება-დემოკრატიული საქართველო”,,1,მარტვილი,,41,დავით,ბარამია,დავით ბარამია,,,majoritarians_all.pdf
local_2017,__main__,council_smd,gd,„ქართული ოცნება-დემოკრატიული საქართველო”,,2,მარტვილი,,41,რევაზ,წოწონავა,რევაზ წოწონავა,,,majoritarians_all.pdf
local_2017,__main__,council_smd,gd,„ქართული ოცნება-დემოკრატიული საქართველო”,,3,მარტვილი,,41,გიორგი,გაბუნია,გიორგი გაბუნია,,,majoritarians_all.pdf
local_2017,__main__,council_smd,gd,„ქართული ოცნება-დემოკრატიული საქართველო”,,20,მარტვილი,,41,გოჩა,ლაშხია,გოჩა ლაშხია,,,majoritarians_all.pdf
local_2017,__main__,council_smd,gd,„ქართული ოცნება-დემოკრატიული საქართველო”,,19,მარტვილი,,41,ზურაბ,მელიავა,ზურაბ მელიავა,,,majoritarians_all.pdf
local_2017,__main__,council_smd,gd,„ქართული ოცნება-დემოკრატიული საქართველო”,,16,მარტვილი,,41,აბესალომ,წოწონავა,აბესალომ წოწონავა,,,majoritarians_all.pdf
local_2017,__main__,council_smd,gd,„ქართული ოცნება-დემოკრატიული საქართველო”,,21,მარტვილი,,41,ზაზა,რუხაია,ზაზა რუხაია,,,majoritarians_all.pdf
local_2017,__main__,council_smd,gd,„ქართული ოცნება-დემოკრატიული საქართველო”,,17,მარტვილი,,41,ვარლამ,ქაჯაია,ვარლამ ქაჯაია,,,majoritarians_all.pdf
local_2017,__main__,council_smd,gd,„ქართული ოცნება-დემოკრატიული საქართველო”,,18,მარტვილი,,41,გოგი,ბასილაია,გოგი ბასილაია,,,majoritarians_all.pdf
local_2017,__main__,council_smd,gd,„ქართული ოცნება-დემოკრატიული საქართველო”,,15,მარტვილი,,41,ზაზა,ფარულავა,ზაზა ფარულავა,,,majoritarians_all.pdf
local_2017,__main__,council_smd,gd,„ქართული ოცნება-დემოკრატიული საქართველო”,,14,მარტვილი,,41,ლევან,სურმავა,ლევან სურმავა,,,majoritarians_all.pdf
local_2017,__main__,council_smd,gd,„ქართული ოცნება-დემოკრატიული საქართველო”,,13,მარტვილი,,41,დავით,სვანიძე,დავით სვანიძე,,,majoritarians_all.pdf
local_2017,__main__,council_smd,gd,„ქართული ოცნება-დემოკრატიული საქართველო”,,10,მარტვილი,,41,რომეო,უჩავა,რომეო უჩავა,,,majoritarians_all.pdf
local_2017,__main__,council_smd,gd,„ქართული ოცნება-დემოკრატიული საქართველო”,,11,მარტვილი,,41,ონერი,კუჭავა,ონერი კუჭავა,,,majoritarians_all.pdf
local_2017,__main__,council_smd,gd,„ქართული ოცნება-დემოკრატიული საქართველო”,,12,მარტვილი,,41,რომან,ფონიავა,რომან ფონიავა,,,majoritarians_all.pdf
local_2017,__main__,council_smd,gd,„ქართული ოცნება-დემოკრატიული საქართველო”,,9,მარტვილი,,41,თორნიკე,ჯანაშია,თორნიკე ჯანაშია,,,majoritarians_all.pdf
local_2017,__main__,council_smd,gd,„ქართული ოცნება-დემოკრატიული საქართველო”,,6,მარტვილი,,41,რევაზ,ფაცაცია,რევაზ ფაცაცია,,,majoritarians_all.pdf
local_2017,__main__,council_smd,gd,„ქართული ოცნება-დემოკრატიული საქართველო”,,7,მარტვილი,,41,თემურ,თოდუა,თემურ თოდუა,,,majoritarians_all.pdf
local_2017,__main__,council_smd,gd,„ქართული ოცნება-დემოკრატიული საქართველო”,,8,მარტვილი,,41,შალვა,ბახია,შალვა ბახია,,,majoritarians_all.pdf
local_2017,__main__,council_smd,gd,„ქართული ოცნება-დემოკრატიული საქართველო”,,5,მარტვილი,,41,დათო,ჯგერენაია,დათო ჯგერენაია,,,majoritarians_all.pdf
local_2017,__main__,council_smd,gd,„ქართული ოცნება-დემოკრატიული საქართველო”,,4,მარტვილი,,41,რამაზ,ხურცილავა,რამაზ ხურცილავა,,,majoritarians_all.pdf
local_2017,__main__,council_smd,gd,„ქართული ოცნება-დემოკრატიული საქართველო”,,1,მარტვილი,,41,ელიზბარ,ახვლედიანი,ელიზბარ ახვლედიანი,,,majoritarians_all.pdf
local_2017,__main__,council_smd,initiative_group,"საინიციატივო ჯგუფი - 42. შორენა ბედია,ლევან დანელია,ლილი ციცხვაია,ინეზა გაწერელია,თეიმურაზ ჟორდანია.",,19,მარტვილი,,42,შალვა,სურმავა,შალვა სურმავა,,,majoritarians_all.pdf
local_2017,__main__,council_smd,initiative_group,"საინიციატივო ჯგუფი - 42. დავით გვაზავა,გურამ სილაგავა,გონელი ჯღარკავა,გურამ სურმავა,ირაკლი სილაგავა",,14,მარტვილი,,42,ბესიკ,გვაზავა,ბესიკ გვაზავა,,,majoritarians_all.pdf
local_2017,__main__,council_smd,initiative_group,"საინიციატივო ჯგუფი - 42. მამუკა სხულუხია,ოქროპირ ბერიშვილი,არკად ცაავა, ვახტანგ ჭედიშვილი,დიმა ნაჭყებია",,18,მარტვილი,,42,ნუკრი,გეგელია,ნუკრი გეგელია,,,majoritarians_all.pdf
local_2017,__main__,council_smd,initiative_group,"საინიციატივო ჯგუფი - 42. ეთერ უჩავა,გულვერ ჯღარკავა,შორენა",,4,მარტვილი,,42,ჭილაიაციური,სურმავა,ჭილაიაციური სურმავა,,,majoritarians_all.pdf
local_2017,__main__,council_smd,initiative_group,"საინიციატივო ჯგუფი - 42. რევაზ რურუა,გოჩა სართანია,თემურ სიგუა,ენვერ ძაგანია,რამაზ რურუა.",,8,მარტვილი,,42,პარმენ,რურუა,პარმენ რურუა,,,majoritarians_all.pdf
local_2017,__main__,council_smd,european_georgia,"საარჩევნო ბლოკი „ბაქრაძე, უგულავა-ევროპული საქართველო”",,21,ხობი,,2,ნანული,ძიძარია,ნანული ძიძარია,,,majoritarians_all.pdf
local_2017,__main__,council_smd,european_georgia,"საარჩევნო ბლოკი „ბაქრაძე, უგულავა-ევროპული საქართველო”",,6,ხობი,,2,რატი,ტურავა,რატი ტურავა,,,majoritarians_all.pdf
local_2017,__main__,council_smd,european_georgia,"საარჩევნო ბლოკი „ბაქრაძე, უგულავა-ევროპული საქართველო”",,5,ხობი,,2,ირაკლი,კვიკვინია,ირაკლი კვიკვინია,,,majoritarians_all.pdf
local_2017,__main__,council_smd,european_georgia,"საარჩევნო ბლოკი „ბაქრაძე, უგულავა-ევროპული საქართველო”",,1,ხობი,,2,როლანდი,სერგია,როლანდი სერგია,,,majoritarians_all.pdf
local_2017,__main__,council_smd,european_georgia,"საარჩევნო ბლოკი „ბაქრაძე, უგულავა-ევროპული საქართველო”",,4,ხობი,,2,მიმოზა,ყალიჩავა,მიმოზა ყალიჩავა,,,majoritarians_all.pdf
local_2017,__main__,council_smd,european_georgia,"საარჩევნო ბლოკი „ბაქრაძე, უგულავა-ევროპული საქართველო”",,1,ხობი,,2,ნინო,ჭოხონელიძე,ნინო ჭოხონელიძე,,,majoritarians_all.pdf
local_2017,__main__,council_smd,european_georgia,"საარჩევნო ბლოკი „ბაქრაძე, უგულავა-ევროპული საქართველო”",,7,ხობი,,2,ნინო,ჭანტურია,ნინო ჭანტურია,,,majoritarians_all.pdf
local_2017,__main__,council_smd,european_georgia,"საარჩევნო ბლოკი „ბაქრაძე, უგულავა-ევროპული საქართველო”",,8,ხობი,,2,ტატიანა,ბუკია,ტატიანა ბუკია,,,majoritarians_all.pdf
local_2017,__main__,council_smd,european_georgia,"საარჩევნო ბლოკი „ბაქრაძე, უგულავა-ევროპული საქართველო”",,12,ხობი,,2,სერგო,შუბითიძე,სერგო შუბითიძე,,,majoritarians_all.pdf
local_2017,__main__,council_smd,european_georgia,"საარჩევნო ბლოკი „ბაქრაძე, უგულავა-ევროპული საქართველო”",,14,ხობი,,2,ლარისა,ნატრიაშვილი,ლარისა ნატრიაშვილი,,,majoritarians_all.pdf
local_2017,__main__,council_smd,european_georgia,"საარჩევნო ბლოკი „ბაქრაძე, უგულავა-ევროპული საქართველო”",,13,ხობი,,2,ნანა,ქაჯაია,ნანა ქაჯაია,,,majoritarians_all.pdf
local_2017,__main__,council_smd,european_georgia,"საარჩევნო ბლოკი „ბაქრაძე, უგულავა-ევროპული საქართველო”",,15,ხობი,,2,შორენა,მარშანიშვილი,შორენა მარშანიშვილი,,,majoritarians_all.pdf
local_2017,__main__,council_smd,european_georgia,"საარჩევნო ბლოკი „ბაქრაძე, უგულავა-ევროპული საქართველო”",,17,ხობი,,2,როზა,კაკულია,როზა კაკულია,,,majoritarians_all.pdf
local_2017,__main__,council_smd,european_georgia,"საარჩევნო ბლოკი „ბაქრაძე, უგულავა-ევროპული საქართველო”",,16,ხობი,,2,ირმა,ხარშილაძე,ირმა ხარშილაძე,,,majoritarians_all.pdf
local_2017,__main__,council_smd,european_georgia,"საარჩევნო ბლოკი „ბაქრაძე, უგულავა-ევროპული საქართველო”",,18,ხობი,,2,ანგელინა,გუმბერიძე,ანგელინა გუმბერიძე,,,majoritarians_all.pdf
local_2017,__main__,council_smd,european_georgia,"საარჩევნო ბლოკი „ბაქრაძე, უგულავა-ევროპული საქართველო”",,19,ხობი,,2,ბორისი,არაჩემია,ბორისი არაჩემია,,,majoritarians_all.pdf
local_2017,__main__,council_smd,european_georgia,"საარჩევნო ბლოკი „ბაქრაძე, უგულავა-ევროპული საქართველო”",,10,ხობი,,2,თეიმურაზ,თოფურია,თეიმურაზ თოფურია,,,majoritarians_all.pdf
local_2017,__main__,council_smd,european_georgia,"საარჩევნო ბლოკი „ბაქრაძე, უგულავა-ევროპული საქართველო”",,11,ხობი,,2,ლალი,შალამბერია,ლალი შალამბერია,,,majoritarians_all.pdf
local_2017,__main__,council_smd,european_georgia,"საარჩევნო ბლოკი „ბაქრაძე, უგულავა-ევროპული საქართველო”",,9,ხობი,,2,გოჩა,კვაშილავა,გოჩა კვაშილავა,,,majoritarians_all.pdf
local_2017,__main__,council_smd,european_georgia,"საარჩევნო ბლოკი „ბაქრაძე, უგულავა-ევროპული საქართველო”",,3,ხობი,,2,ელისო,ვარდია,ელისო ვარდია,,,majoritarians_all.pdf
local_2017,__main__,council_smd,european_georgia,"საარჩევნო ბლოკი „ბაქრაძე, უგულავა-ევროპული საქართველო”",,2,ხობი,,2,მაია,გაბრიჭიძე,მაია გაბრიჭიძე,,,majoritarians_all.pdf
local_2017,__main__,council_smd,european_georgia,"საარჩევნო ბლოკი „ბაქრაძე, უგულავა-ევროპული საქართველო”",,20,ხობი,,2,ნანა,კაკულია,ნანა კაკულია,,,majoritarians_all.pdf
local_2017,__main__,council_smd,free_georgia,"საარჩევნო ბლოკი „დიმიტრი ლორთქიფანიძე, კახა კუკავა-დემოკრატიული მოძრაობა-თავისუფალი საქართველო”",,20,ხობი,,3,გიზო,კუკავა,გიზო კუკავა,,,majoritarians_all.pdf
local_2017,__main__,council_smd,free_georgia,"საარჩევნო ბლოკი „დიმიტრი ლორთქიფანიძე, კახა კუკავა-დემოკრატიული მოძრაობა-თავისუფალი საქართველო”",,6,ხობი,,3,მალხაზი,ზარანდია,მალხაზი ზარანდია,,,majoritarians_all.pdf
local_2017,__main__,council_smd,unm,საარჩევნო ბლოკი „ერთიანი ნაციონალური მოძრაობა”,,1,ხობი,,5,ბადრი,ჩაგანავა,ბადრი ჩაგანავა,,,majoritarians_all.pdf
local_2017,__main__,council_smd,unm,საარჩევნო ბლოკი „ერთიანი ნაციონალური მოძრაობა”,,1,ხობი,,5,ნათია,ახალაია,ნათია ახალაია,,,majoritarians_all.pdf
local_2017,__main__,council_smd,unm,საარჩევნო ბლოკი „ერთიანი ნაციონალური მოძრაობა”,,2,ხობი,,5,მარინა,რიჟამაძე,მარინა რიჟამაძე,,,majoritarians_all.pdf
local_2017,__main__,council_smd,unm,საარჩევნო ბლოკი „ერთიანი ნაციონალური მოძრაობა”,,3,ხობი,,5,გელა,შულაია,გელა შულაია,,,majoritarians_all.pdf
local_2017,__main__,council_smd,unm,საარჩევნო ბლოკი „ერთიანი ნაციონალური მოძრაობა”,,4,ხობი,,5,მაკა,ბერიშვილი,მაკა ბერიშვილი,,,majoritarians_all.pdf
local_2017,__main__,council_smd,unm,საარჩევნო ბლოკი „ერთიანი ნაციონალური მოძრაობა”,,5,ხობი,,5,ეთერი,ბუკია,ეთერი ბუკია,,,majoritarians_all.pdf
local_2017,__main__,council_smd,unm,საარჩევნო ბლოკი „ერთიანი ნაციონალური მოძრაობა”,,6,ხობი,,5,გოჩა,აფშილავა,გოჩა აფშილავა,,,majoritarians_all.pdf
local_2017,__main__,council_smd,unm,საარჩევნო ბლოკი „ერთიანი ნაციონალური მოძრაობა”,,15,ხობი,,5,გია,პერტახია,გია პერტახია,,,majoritarians_all.pdf
local_2017,__main__,council_smd,unm,საარჩევნო ბლოკი „ერთიანი ნაციონალური მოძრაობა”,,16,ხობი,,5,ირაკლი,ნადარაია,ირაკლი ნადარაია,,,majoritarians_all.pdf
local_2017,__main__,council_smd,unm,საარჩევნო ბლოკი „ერთიანი ნაციონალური მოძრაობა”,,20,ხობი,,5,დარეჯანი,ქირია,დარეჯანი ქირია,,,majoritarians_all.pdf
local_2017,__main__,council_smd,unm,საარჩევნო ბლოკი „ერთიანი ნაციონალური მოძრაობა”,,21,ხობი,,5,მარიეტა,ბუკია,მარიეტა ბუკია,,,majoritarians_all.pdf
local_2017,__main__,council_smd,unm,საარჩევნო ბლოკი „ერთიანი ნაციონალური მოძრაობა”,,18,ხობი,,5,ნოდარ,გერსამია,ნოდარ გერსამია,,,majoritarians_all.pdf
local_2017,__main__,council_smd,unm,საარჩევნო ბლოკი „ერთიანი ნაციონალური მოძრაობა”,,19,ხობი,,5,ფელიქსი,წურწუმია,ფელიქსი წურწუმია,,,majoritarians_all.pdf
local_2017,__main__,council_smd,unm,საარჩევნო ბლოკი „ერთიანი ნაციონალური მოძრაობა”,,7,ხობი,,5,პლატონ,გაბუნია,პლატონ გაბუნია,,,majoritarians_all.pdf
local_2017,__main__,council_smd,unm,საარჩევნო ბლოკი „ერთიანი ნაციონალური მოძრაობა”,,8,ხობი,,5,ბესიკი,მუმლაძე,ბესიკი მუმლაძე,,,majoritarians_all.pdf
local_2017,__main__,council_smd,unm,საარჩევნო ბლოკი „ერთიანი ნაციონალური მოძრაობა”,,9,ხობი,,5,რომეო,ხვითარია,რომეო ხვითარია,,,majoritarians_all.pdf
local_2017,__main__,council_smd,unm,საარჩევნო ბლოკი „ერთიანი ნაციონალური მოძრაობა”,,10,ხობი,,5,ლაშა,რუხაია,ლაშა რუხაია,,,majoritarians_all.pdf
local_2017,__main__,council_smd,unm,საარჩევნო ბლოკი „ერთიანი ნაციონალური მოძრაობა”,,11,ხობი,,5,ნინო,ბოკუჩავა,ნინო ბოკუჩავა,,,majoritarians_all.pdf
local_2017,__main__,council_smd,unm,საარჩევნო ბლოკი „ერთიანი ნაციონალური მოძრაობა”,,12,ხობი,,5,პაატა,გურული,პაატა გურული,,,majoritarians_all.pdf
local_2017,__main__,council_smd,unm,საარჩევნო ბლოკი „ერთიანი ნაციონალური მოძრაობა”,,13,ხობი,,5,თეა,ორაგველიძე,თეა ორაგველიძე,,,majoritarians_all.pdf
local_2017,__main__,council_smd,unm,საარჩევნო ბლოკი „ერთიანი ნაციონალური მოძრაობა”,,14,ხობი,,5,გურიელ,ქარდავა,გურიელ ქარდავა,,,majoritarians_all.pdf
local_2017,__main__,council_smd,patriots,"„დავით თარხან-მოურავი, ირმა ინაშვილი - საქართველოს პატრიოტთა",,20,ხობი,,8,ალიანსი”მაკა,ჩარტია,ალიანსი”მაკა ჩარტია,,,majoritarians_all.pdf
local_2017,__main__,council_smd,patriots,"„დავით თარხან-მოურავი, ირმა ინაშვილი - საქართველოს პატრიოტთა",,11,ხობი,,8,ალიანსი”კობა,გოქაძე,ალიანსი”კობა გოქაძე,,,majoritarians_all.pdf
local_2017,__main__,council_smd,patriots,"„დავით თარხან-მოურავი, ირმა ინაშვილი - საქართველოს პატრიოტთა",,3,ხობი,,8,ალიანსი”ნუკრი,ბასილაია,ალიანსი”ნუკრი ბასილაია,,,majoritarians_all.pdf
local_2017,__main__,council_smd,patriots,"„დავით თარხან-მოურავი, ირმა ინაშვილი - საქართველოს პატრიოტთა",,6,ხობი,,8,ალიანსი”ტრისტანი,ვადაქარია,ალიანსი”ტრისტანი ვადაქარია,,,majoritarians_all.pdf
local_2017,__main__,council_smd,patriots,"„დავით თარხან-მოურავი, ირმა ინაშვილი - საქართველოს პატრიოტთა",,16,ხობი,,8,ალიანსი”ოთარ,იოსელიანი,ალიანსი”ოთარ იოსელიანი,,,majoritarians_all.pdf
local_2017,__main__,council_smd,left_alliance,„მემარცხენე ალიანსი”,,3,ხობი,,9,გენადი,ზარანდია,გენადი ზარანდია,,,majoritarians_all.pdf
local_2017,__main__,council_smd,left_alliance,„მემარცხენე ალიანსი”,,1,ხობი,,9,დემური,გაბისონია,დემური გაბისონია,,,majoritarians_all.pdf
local_2017,__main__,council_smd,labour,„შალვა ნათელაშვილი - საქართველოს ლეიბორისტული პარტია”,,3,ხობი,,10,თენგიზი,ჯიშკარიანი,თენგიზი ჯიშკარიანი,,,majoritarians_all.pdf
local_2017,__main__,council_smd,construction_movement_2017,„შენების მოძრაობა”,,9,ხობი,,20,მერაბ,იოსავა,მერაბ იოსავა,,,majoritarians_all.pdf
local_2017,__main__,council_smd,construction_movement_2017,„შენების მოძრაობა”,,1,ხობი,,20,ნუგზარი,შუშანია,ნუგზარი შუშანია,,,majoritarians_all.pdf
local_2017,__main__,council_smd,construction_movement_2017,„შენების მოძრაობა”,,20,ხობი,,20,ლაშა,ცატავა,ლაშა ცატავა,,,majoritarians_all.pdf
local_2017,__main__,council_smd,construction_movement_2017,„შენების მოძრაობა”,,21,ხობი,,20,ბესიკი,ბაძაღუა,ბესიკი ბაძაღუა,,,majoritarians_all.pdf
local_2017,__main__,council_smd,construction_movement_2017,„შენების მოძრაობა”,,6,ხობი,,20,ლევანი,გვასალია,ლევანი გვასალია,,,majoritarians_all.pdf
local_2017,__main__,council_smd,progressive_democratic_2017,„ პროგრესულ-დემოკრატიული მოძრაობა”,,18,ხობი,,39,მერაბ,ბერაია,მერაბ ბერაია,,,majoritarians_all.pdf
local_2017,__main__,council_smd,gd,„ქართული ოცნება-დემოკრატიული საქართველო”,,21,ხობი,,41,აბელი,ქირია,აბელი ქირია,,,majoritarians_all.pdf
local_2017,__main__,council_smd,gd,„ქართული ოცნება-დემოკრატიული საქართველო”,,20,ხობი,,41,ვასილი,კუკავა,ვასილი კუკავა,,,majoritarians_all.pdf
local_2017,__main__,council_smd,gd,„ქართული ოცნება-დემოკრატიული საქართველო”,,18,ხობი,,41,გიგა,ნასარაია,გიგა ნასარაია,,,majoritarians_all.pdf
local_2017,__main__,council_smd,gd,„ქართული ოცნება-დემოკრატიული საქართველო”,,19,ხობი,,41,გენადი,ქაძანაია,გენადი ქაძანაია,,,majoritarians_all.pdf
local_2017,__main__,council_smd,gd,„ქართული ოცნება-დემოკრატიული საქართველო”,,12,ხობი,,41,იგორი,გოგოლაძე,იგორი გოგოლაძე,,,majoritarians_all.pdf
local_2017,__main__,council_smd,gd,„ქართული ოცნება-დემოკრატიული საქართველო”,,10,ხობი,,41,აკაკი,ხურცილავა,აკაკი ხურცილავა,,,majoritarians_all.pdf
local_2017,__main__,council_smd,gd,„ქართული ოცნება-დემოკრატიული საქართველო”,,11,ხობი,,41,როსტევან,გვარამია,როსტევან გვარამია,,,majoritarians_all.pdf
local_2017,__main__,council_smd,gd,„ქართული ოცნება-დემოკრატიული საქართველო”,,1,ხობი,,41,კონსტანტინე,ნასარაია,კონსტანტინე ნასარაია,,,majoritarians_all.pdf
local_2017,__main__,council_smd,gd,„ქართული ოცნება-დემოკრატიული საქართველო”,,1,ხობი,,41,ვლადიმერი,ქანთარია,ვლადიმერი ქანთარია,,,majoritarians_all.pdf
local_2017,__main__,council_smd,gd,„ქართული ოცნება-დემოკრატიული საქართველო”,,7,ხობი,,41,თენგიზ,აბაკელია,თენგიზ აბაკელია,,,majoritarians_all.pdf
local_2017,__main__,council_smd,gd,„ქართული ოცნება-დემოკრატიული საქართველო”,,8,ხობი,,41,მზია,ლემონჯარია,მზია ლემონჯარია,,,majoritarians_all.pdf
local_2017,__main__,council_smd,gd,„ქართული ოცნება-დემოკრატიული საქართველო”,,9,ხობი,,41,გოჩა,სიჭინავა,გოჩა სიჭინავა,,,majoritarians_all.pdf
local_2017,__main__,council_smd,gd,„ქართული ოცნება-დემოკრატიული საქართველო”,,6,ხობი,,41,თეა,გელანტია,თეა გელანტია,,,majoritarians_all.pdf
local_2017,__main__,council_smd,gd,„ქართული ოცნება-დემოკრატიული საქართველო”,,5,ხობი,,41,გოჩა,ჯობავა,გოჩა ჯობავა,,,majoritarians_all.pdf
local_2017,__main__,council_smd,gd,„ქართული ოცნება-დემოკრატიული საქართველო”,,4,ხობი,,41,ფრიდონ,შონია,ფრიდონ შონია,,,majoritarians_all.pdf
local_2017,__main__,council_smd,gd,„ქართული ოცნება-დემოკრატიული საქართველო”,,13,ხობი,,41,ავთანდილი,ხუნჯუა,ავთანდილი ხუნჯუა,,,majoritarians_all.pdf
local_2017,__main__,council_smd,gd,„ქართული ოცნება-დემოკრატიული საქართველო”,,3,ხობი,,41,მერაბ,ნადარაია,მერაბ ნადარაია,,,majoritarians_all.pdf
local_2017,__main__,council_smd,gd,„ქართული ოცნება-დემოკრატიული საქართველო”,,14,ხობი,,41,კახა,მიქაბერიძე,კახა მიქაბერიძე,,,majoritarians_all.pdf
local_2017,__main__,council_smd,gd,„ქართული ოცნება-დემოკრატიული საქართველო”,,15,ხობი,,41,ტარიელ,ალექსანდრია,ტარიელ ალექსანდრია,,,majoritarians_all.pdf
local_2017,__main__,council_smd,gd,„ქართული ოცნება-დემოკრატიული საქართველო”,,16,ხობი,,41,ბექა,მამაცაშვილი,ბექა მამაცაშვილი,,,majoritarians_all.pdf
local_2017,__main__,council_smd,gd,„ქართული ოცნება-დემოკრატიული საქართველო”,,17,ხობი,,41,გია,წულაია,გია წულაია,,,majoritarians_all.pdf
local_2017,__main__,council_smd,gd,„ქართული ოცნება-დემოკრატიული საქართველო”,,2,ხობი,,41,ნიკოლოზი,ვეკუა,ნიკოლოზი ვეკუა,,,majoritarians_all.pdf
local_2017,__main__,council_smd,initiative_group,"საინიციატივო ჯგუფი - 3. რამინი ქებურია,ვალუტა ქირია,გია ჩაკაბერია,როზა მუშუქია,თეიმურაზი სიჭინავა",,17,ხობი,,42,როზენი,ლატარია,როზენი ლატარია,,,majoritarians_all.pdf
local_2017,__main__,council_smd,initiative_group,"საინიციატივო ჯგუფი - 5. რინული ნოდია,ნანული ნიკოლავა,ბაკური შურღაია,გულნაზი ბენდელიანი,ვიტალი ცხადაია",,9,ხობი,,42,გოჩა,როდონაია,გოჩა როდონაია,,,majoritarians_all.pdf
local_2017,__main__,council_smd,initiative_group,"საინიციატივო ჯგუფი - 6. ალექსანდრე არაჰამია,გონერი ბუკია,ლადო ბუკია,სევერიანე არაჰამია ,ბექა ლაგვილავა",,21,ხობი,,42,გიორგი,ბუკია,გიორგი ბუკია,,,majoritarians_all.pdf
local_2017,__main__,council_smd,european_georgia,"საარჩევნო ბლოკი „ბაქრაძე, უგულავა-ევროპული საქართველო”",,10,ზუგდიდი,,2,ფელიქს,ზარქუა,ფელიქს ზარქუა,,,majoritarians_all.pdf
local_2017,__main__,council_smd,european_georgia,"საარჩევნო ბლოკი „ბაქრაძე, უგულავა-ევროპული საქართველო”",,17,ზუგდიდი,,2,გელა,ჯიჭონაია,გელა ჯიჭონაია,,,majoritarians_all.pdf
local_2017,__main__,council_smd,european_georgia,"საარჩევნო ბლოკი „ბაქრაძე, უგულავა-ევროპული საქართველო”",,18,ზუგდიდი,,2,რომანი,საჯაია,რომანი საჯაია,,,majoritarians_all.pdf
local_2017,__main__,council_smd,european_georgia,"საარჩევნო ბლოკი „ბაქრაძე, უგულავა-ევროპული საქართველო”",,15,ზუგდიდი,,2,ზურაბ,ლაშხია,ზურაბ ლაშხია,,,majoritarians_all.pdf
local_2017,__main__,council_smd,european_georgia,"საარჩევნო ბლოკი „ბაქრაძე, უგულავა-ევროპული საქართველო”",,16,ზუგდიდი,,2,გურამ,წურწუმია,გურამ წურწუმია,,,majoritarians_all.pdf
local_2017,__main__,council_smd,european_georgia,"საარჩევნო ბლოკი „ბაქრაძე, უგულავა-ევროპული საქართველო”",,29,ზუგდიდი,,2,გლებო,ჯიქია,გლებო ჯიქია,,,majoritarians_all.pdf
local_2017,__main__,council_smd,european_georgia,"საარჩევნო ბლოკი „ბაქრაძე, უგულავა-ევროპული საქართველო”",,31,ზუგდიდი,,2,რომანი,კეკელია,რომანი კეკელია,,,majoritarians_all.pdf
local_2017,__main__,council_smd,european_georgia,"საარჩევნო ბლოკი „ბაქრაძე, უგულავა-ევროპული საქართველო”",,27,ზუგდიდი,,2,ნიკა,ჭითანავა,ნიკა ჭითანავა,,,majoritarians_all.pdf
local_2017,__main__,council_smd,european_georgia,"საარჩევნო ბლოკი „ბაქრაძე, უგულავა-ევროპული საქართველო”",,28,ზუგდიდი,,2,ირაკლი,თირქია,ირაკლი თირქია,,,majoritarians_all.pdf
local_2017,__main__,council_smd,european_georgia,"საარჩევნო ბლოკი „ბაქრაძე, უგულავა-ევროპული საქართველო”",,30,ზუგდიდი,,2,ლაშა,ანთია,ლაშა ანთია,,,majoritarians_all.pdf
local_2017,__main__,council_smd,european_georgia,"საარჩევნო ბლოკი „ბაქრაძე, უგულავა-ევროპული საქართველო”",,11,ზუგდიდი,,2,ბაჩუკი,ნაჭყებია,ბაჩუკი ნაჭყებია,,,majoritarians_all.pdf
local_2017,__main__,council_smd,european_georgia,"საარჩევნო ბლოკი „ბაქრაძე, უგულავა-ევროპული საქართველო”",,12,ზუგდიდი,,2,ალექსი,ლიპარტია,ალექსი ლიპარტია,,,majoritarians_all.pdf
local_2017,__main__,council_smd,european_georgia,"საარჩევნო ბლოკი „ბაქრაძე, უგულავა-ევროპული საქართველო”",,13,ზუგდიდი,,2,კახა,გუგუჩია,კახა გუგუჩია,,,majoritarians_all.pdf
local_2017,__main__,council_smd,european_georgia,"საარჩევნო ბლოკი „ბაქრაძე, უგულავა-ევროპული საქართველო”",,14,ზუგდიდი,,2,თეკლე,ნარმანია,თეკლე ნარმანია,,,majoritarians_all.pdf
local_2017,__main__,council_smd,european_georgia,"საარჩევნო ბლოკი „ბაქრაძე, უგულავა-ევროპული საქართველო”",,19,ზუგდიდი,,2,რამაზი,მამფორია,რამაზი მამფორია,,,majoritarians_all.pdf
local_2017,__main__,council_smd,european_georgia,"საარჩევნო ბლოკი „ბაქრაძე, უგულავა-ევროპული საქართველო”",,20,ზუგდიდი,,2,იაკობ,გეჯუა,იაკობ გეჯუა,,,majoritarians_all.pdf
local_2017,__main__,council_smd,european_georgia,"საარჩევნო ბლოკი „ბაქრაძე, უგულავა-ევროპული საქართველო”",,22,ზუგდიდი,,2,ვიტალი,ბუკია,ვიტალი ბუკია,,,majoritarians_all.pdf
local_2017,__main__,council_smd,european_georgia,"საარჩევნო ბლოკი „ბაქრაძე, უგულავა-ევროპული საქართველო”",,21,ზუგდიდი,,2,კახაბერ,ჯოჯუა,კახაბერ ჯოჯუა,,,majoritarians_all.pdf
local_2017,__main__,council_smd,european_georgia,"საარჩევნო ბლოკი „ბაქრაძე, უგულავა-ევროპული საქართველო”",,23,ზუგდიდი,,2,თეიმურაზ,მალანია,თეიმურაზ მალანია,,,majoritarians_all.pdf
local_2017,__main__,council_smd,european_georgia,"საარჩევნო ბლოკი „ბაქრაძე, უგულავა-ევროპული საქართველო”",,25,ზუგდიდი,,2,ირაკლი,ღურწკაია,ირაკლი ღურწკაია,,,majoritarians_all.pdf
local_2017,__main__,council_smd,european_georgia,"საარჩევნო ბლოკი „ბაქრაძე, უგულავა-ევროპული საქართველო”",,24,ზუგდიდი,,2,ხვიჩა,ლაგვილავა,ხვიჩა ლაგვილავა,,,majoritarians_all.pdf
local_2017,__main__,council_smd,european_georgia,"საარჩევნო ბლოკი „ბაქრაძე, უგულავა-ევროპული საქართველო”",,26,ზუგდიდი,,2,ვალერიანე,ფიფია,ვალერიანე ფიფია,,,majoritarians_all.pdf
local_2017,__main__,council_smd,european_georgia,"საარჩევნო ბლოკი „ბაქრაძე, უგულავა-ევროპული საქართველო”",,9,ზუგდიდი,,2,თამაზ,ხუფენია,თამაზ ხუფენია,,,majoritarians_all.pdf
local_2017,__main__,council_smd,european_georgia,"საარჩევნო ბლოკი „ბაქრაძე, უგულავა-ევროპული საქართველო”",,1,ზუგდიდი,,2,დათა,არახამია,დათა არახამია,,,majoritarians_all.pdf
local_2017,__main__,council_smd,european_georgia,"საარჩევნო ბლოკი „ბაქრაძე, უგულავა-ევროპული საქართველო”",,1,ზუგდიდი,,2,მარიამ,ბუკია,მარიამ ბუკია,,,majoritarians_all.pdf
local_2017,__main__,council_smd,european_georgia,"საარჩევნო ბლოკი „ბაქრაძე, უგულავა-ევროპული საქართველო”",,1,ზუგდიდი,,2,ირაკლი,ღურწკაია,ირაკლი ღურწკაია,,,majoritarians_all.pdf
local_2017,__main__,council_smd,european_georgia,"საარჩევნო ბლოკი „ბაქრაძე, უგულავა-ევროპული საქართველო”",,1,ზუგდიდი,,2,ზურაბ,ბერულავა,ზურაბ ბერულავა,,,majoritarians_all.pdf
local_2017,__main__,council_smd,european_georgia,"საარჩევნო ბლოკი „ბაქრაძე, უგულავა-ევროპული საქართველო”",,4,ზუგდიდი,,2,გიგა,თოდუა,გიგა თოდუა,,,majoritarians_all.pdf
local_2017,__main__,council_smd,european_georgia,"საარჩევნო ბლოკი „ბაქრაძე, უგულავა-ევროპული საქართველო”",,5,ზუგდიდი,,2,გურამ,კვარაცხელია,გურამ კვარაცხელია,,,majoritarians_all.pdf
local_2017,__main__,council_smd,european_georgia,"საარჩევნო ბლოკი „ბაქრაძე, უგულავა-ევროპული საქართველო”",,6,ზუგდიდი,,2,თამარ,ქადარია,თამარ ქადარია,,,majoritarians_all.pdf
local_2017,__main__,council_smd,european_georgia,"საარჩევნო ბლოკი „ბაქრაძე, უგულავა-ევროპული საქართველო”",,2,ზუგდიდი,,2,გოდერძი,მელია,გოდერძი მელია,,,majoritarians_all.pdf
local_2017,__main__,council_smd,european_georgia,"საარჩევნო ბლოკი „ბაქრაძე, უგულავა-ევროპული საქართველო”",,1,ზუგდიდი,,2,ანა,თოდუა,ანა თოდუა,,,majoritarians_all.pdf
local_2017,__main__,council_smd,european_georgia,"საარჩევნო ბლოკი „ბაქრაძე, უგულავა-ევროპული საქართველო”",,7,ზუგდიდი,,2,თედო,ჯგერენაია,თედო ჯგერენაია,,,majoritarians_all.pdf
local_2017,__main__,council_smd,european_georgia,"საარჩევნო ბლოკი „ბაქრაძე, უგულავა-ევროპული საქართველო”",,8,ზუგდიდი,,2,მანუჩარ,ჯღამაძე,მანუჩარ ჯღამაძე,,,majoritarians_all.pdf
local_2017,__main__,council_smd,european_georgia,"საარჩევნო ბლოკი „ბაქრაძე, უგულავა-ევროპული საქართველო”",,3,ზუგდიდი,,2,ლავრენტ,ყორშია,ლავრენტ ყორშია,,,majoritarians_all.pdf
local_2017,__main__,council_smd,free_georgia,"საარჩევნო ბლოკი „დიმიტრი ლორთქიფანიძე, კახა კუკავა-დემოკრატიული მოძრაობა-თავისუფალი საქართველო”",,5,ზუგდიდი,,3,ზვიად,აბსანძე,ზვიად აბსანძე,,,majoritarians_all.pdf
local_2017,__main__,council_smd,free_georgia,"საარჩევნო ბლოკი „დიმიტრი ლორთქიფანიძე, კახა კუკავა-დემოკრატიული მოძრაობა-თავისუფალი საქართველო”",,11,ზუგდიდი,,3,სპარტაკ,შენგელია,სპარტაკ შენგელია,,,majoritarians_all.pdf
local_2017,__main__,council_smd,free_georgia,"საარჩევნო ბლოკი „დიმიტრი ლორთქიფანიძე, კახა კუკავა-დემოკრატიული მოძრაობა-თავისუფალი საქართველო”",,10,ზუგდიდი,,3,ავთანდილ,ჩახაია,ავთანდილ ჩახაია,,,majoritarians_all.pdf
local_2017,__main__,council_smd,free_georgia,"საარჩევნო ბლოკი „დიმიტრი ლორთქიფანიძე, კახა კუკავა-დემოკრატიული მოძრაობა-თავისუფალი საქართველო”",,24,ზუგდიდი,,3,დავით,ფიფია,დავით ფიფია,,,majoritarians_all.pdf
local_2017,__main__,council_smd,free_georgia,"საარჩევნო ბლოკი „დიმიტრი ლორთქიფანიძე, კახა კუკავა-დემოკრატიული მოძრაობა-თავისუფალი საქართველო”",,17,ზუგდიდი,,3,გურგენ,სართანია,გურგენ სართანია,,,majoritarians_all.pdf
local_2017,__main__,council_smd,free_georgia,"საარჩევნო ბლოკი „დიმიტრი ლორთქიფანიძე, კახა კუკავა-დემოკრატიული მოძრაობა-თავისუფალი საქართველო”",,9,ზუგდიდი,,3,კონსტანტინე,სორდია,კონსტანტინე სორდია,,,majoritarians_all.pdf
local_2017,__main__,council_smd,free_georgia,"საარჩევნო ბლოკი „დიმიტრი ლორთქიფანიძე, კახა კუკავა-დემოკრატიული მოძრაობა-თავისუფალი საქართველო”",,13,ზუგდიდი,,3,ბადრი,ოთხოზორია,ბადრი ოთხოზორია,,,majoritarians_all.pdf
local_2017,__main__,council_smd,free_georgia,"საარჩევნო ბლოკი „დიმიტრი ლორთქიფანიძე, კახა კუკავა-დემოკრატიული მოძრაობა-თავისუფალი საქართველო”",,25,ზუგდიდი,,3,ვარლამ,ბოკუჩავა,ვარლამ ბოკუჩავა,,,majoritarians_all.pdf
local_2017,__main__,council_smd,free_georgia,"საარჩევნო ბლოკი „დიმიტრი ლორთქიფანიძე, კახა კუკავა-დემოკრატიული მოძრაობა-თავისუფალი საქართველო”",,20,ზუგდიდი,,3,ალიოშა,ალანია,ალიოშა ალანია,,,majoritarians_all.pdf
local_2017,__main__,council_smd,free_georgia,"საარჩევნო ბლოკი „დიმიტრი ლორთქიფანიძე, კახა კუკავა-დემოკრატიული მოძრაობა-თავისუფალი საქართველო”",,2,ზუგდიდი,,3,ზვიად,კუტალია,ზვიად კუტალია,,,majoritarians_all.pdf
local_2017,__main__,council_smd,free_georgia,"საარჩევნო ბლოკი „დიმიტრი ლორთქიფანიძე, კახა კუკავა-დემოკრატიული მოძრაობა-თავისუფალი საქართველო”",,14,ზუგდიდი,,3,ირაკლი,ხუბუა,ირაკლი ხუბუა,,,majoritarians_all.pdf
local_2017,__main__,council_smd,free_georgia,"საარჩევნო ბლოკი „დიმიტრი ლორთქიფანიძე, კახა კუკავა-დემოკრატიული მოძრაობა-თავისუფალი საქართველო”",,27,ზუგდიდი,,3,ბაჩუკი,ნარუშვილი,ბაჩუკი ნარუშვილი,,,majoritarians_all.pdf
local_2017,__main__,council_smd,unm,საარჩევნო ბლოკი „ერთიანი ნაციონალური მოძრაობა”,,31,ზუგდიდი,,5,ლევანი,ზარანდია,ლევანი ზარანდია,,,majoritarians_all.pdf
local_2017,__main__,council_smd,unm,საარჩევნო ბლოკი „ერთიანი ნაციონალური მოძრაობა”,,29,ზუგდიდი,,5,ზვიად,ჯღარკავა,ზვიად ჯღარკავა,,,majoritarians_all.pdf
local_2017,__main__,council_smd,unm,საარჩევნო ბლოკი „ერთიანი ნაციონალური მოძრაობა”,,28,ზუგდიდი,,5,ლევან,ბარამია,ლევან ბარამია,,,majoritarians_all.pdf
local_2017,__main__,council_smd,unm,საარჩევნო ბლოკი „ერთიანი ნაციონალური მოძრაობა”,,27,ზუგდიდი,,5,გოდერძი,კუკავა,გოდერძი კუკავა,,,majoritarians_all.pdf
local_2017,__main__,council_smd,unm,საარჩევნო ბლოკი „ერთიანი ნაციონალური მოძრაობა”,,20,ზუგდიდი,,5,ჯონი,ჟვანია,ჯონი ჟვანია,,,majoritarians_all.pdf
local_2017,__main__,council_smd,unm,საარჩევნო ბლოკი „ერთიანი ნაციონალური მოძრაობა”,,12,ზუგდიდი,,5,ბესიკი,ჭეჟია,ბესიკი ჭეჟია,,,majoritarians_all.pdf
local_2017,__main__,council_smd,unm,საარჩევნო ბლოკი „ერთიანი ნაციონალური მოძრაობა”,,13,ზუგდიდი,,5,ზვიად,შედანია,ზვიად შედანია,,,majoritarians_all.pdf
local_2017,__main__,council_smd,unm,საარჩევნო ბლოკი „ერთიანი ნაციონალური მოძრაობა”,,11,ზუგდიდი,,5,ზურაბ,ქურსუა,ზურაბ ქურსუა,,,majoritarians_all.pdf
local_2017,__main__,council_smd,unm,საარჩევნო ბლოკი „ერთიანი ნაციონალური მოძრაობა”,,9,ზუგდიდი,,5,ენვერ,აბსანძე,ენვერ აბსანძე,,,majoritarians_all.pdf
local_2017,__main__,council_smd,unm,საარჩევნო ბლოკი „ერთიანი ნაციონალური მოძრაობა”,,5,ზუგდიდი,,5,მანუჩარ,სარუა,მანუჩარ სარუა,,,majoritarians_all.pdf
local_2017,__main__,council_smd,unm,საარჩევნო ბლოკი „ერთიანი ნაციონალური მოძრაობა”,,1,ზუგდიდი,,5,ვახტანგი,ეზუგბაია,ვახტანგი ეზუგბაია,,,majoritarians_all.pdf
local_2017,__main__,council_smd,unm,საარჩევნო ბლოკი „ერთიანი ნაციონალური მოძრაობა”,,2,ზუგდიდი,,5,ზეინაბ,კუკავა,ზეინაბ კუკავა,,,majoritarians_all.pdf
local_2017,__main__,council_smd,unm,საარჩევნო ბლოკი „ერთიანი ნაციონალური მოძრაობა”,,1,ზუგდიდი,,5,გიორგი,ქობალია,გიორგი ქობალია,,,majoritarians_all.pdf
local_2017,__main__,council_smd,unm,საარჩევნო ბლოკი „ერთიანი ნაციონალური მოძრაობა”,,4,ზუგდიდი,,5,გურგენ,ხორავა,გურგენ ხორავა,,,majoritarians_all.pdf
local_2017,__main__,council_smd,unm,საარჩევნო ბლოკი „ერთიანი ნაციონალური მოძრაობა”,,3,ზუგდიდი,,5,დავით,შელია,დავით შელია,,,majoritarians_all.pdf
local_2017,__main__,council_smd,unm,საარჩევნო ბლოკი „ერთიანი ნაციონალური მოძრაობა”,,8,ზუგდიდი,,5,ბესიკი,ავალიანი,ბესიკი ავალიანი,,,majoritarians_all.pdf
local_2017,__main__,council_smd,unm,საარჩევნო ბლოკი „ერთიანი ნაციონალური მოძრაობა”,,6,ზუგდიდი,,5,ბაჩუკ,ქადარია,ბაჩუკ ქადარია,,,majoritarians_all.pdf
local_2017,__main__,council_smd,unm,საარჩევნო ბლოკი „ერთიანი ნაციონალური მოძრაობა”,,7,ზუგდიდი,,5,ემზარ,ახალაია,ემზარ ახალაია,,,majoritarians_all.pdf
local_2017,__main__,council_smd,unm,საარჩევნო ბლოკი „ერთიანი ნაციონალური მოძრაობა”,,10,ზუგდიდი,,5,გია,კუკავა,გია კუკავა,,,majoritarians_all.pdf
local_2017,__main__,council_smd,unm,საარჩევნო ბლოკი „ერთიანი ნაციონალური მოძრაობა”,,18,ზუგდიდი,,5,გია,წითაშვილი,გია წითაშვილი,,,majoritarians_all.pdf
local_2017,__main__,council_smd,unm,საარჩევნო ბლოკი „ერთიანი ნაციონალური მოძრაობა”,,19,ზუგდიდი,,5,მამუკა,ჭედია,მამუკა ჭედია,,,majoritarians_all.pdf
local_2017,__main__,council_smd,unm,საარჩევნო ბლოკი „ერთიანი ნაციონალური მოძრაობა”,,17,ზუგდიდი,,5,სოფიკო,ქობალია,სოფიკო ქობალია,,,majoritarians_all.pdf
local_2017,__main__,council_smd,unm,საარჩევნო ბლოკი „ერთიანი ნაციონალური მოძრაობა”,,26,ზუგდიდი,,5,ნატაშა,აფხაზავა,ნატაშა აფხაზავა,,,majoritarians_all.pdf
local_2017,__main__,council_smd,unm,საარჩევნო ბლოკი „ერთიანი ნაციონალური მოძრაობა”,,1,ზუგდიდი,,5,ნინო,ფიფია,ნინო ფიფია,,,majoritarians_all.pdf
local_2017,__main__,council_smd,unm,საარჩევნო ბლოკი „ერთიანი ნაციონალური მოძრაობა”,,1,ზუგდიდი,,5,პაატა,ადამია,პაატა ადამია,,,majoritarians_all.pdf
local_2017,__main__,council_smd,unm,საარჩევნო ბლოკი „ერთიანი ნაციონალური მოძრაობა”,,30,ზუგდიდი,,5,თამარ,ნაჭყებია,თამარ ნაჭყებია,,,majoritarians_all.pdf
local_2017,__main__,council_smd,unm,საარჩევნო ბლოკი „ერთიანი ნაციონალური მოძრაობა”,,22,ზუგდიდი,,5,ზვიად,ფაცია,ზვიად ფაცია,,,majoritarians_all.pdf
local_2017,__main__,council_smd,unm,საარჩევნო ბლოკი „ერთიანი ნაციონალური მოძრაობა”,,23,ზუგდიდი,,5,მარლენ,ფეტელავა,მარლენ ფეტელავა,,,majoritarians_all.pdf
local_2017,__main__,council_smd,unm,საარჩევნო ბლოკი „ერთიანი ნაციონალური მოძრაობა”,,25,ზუგდიდი,,5,გენად,გოგოხია,გენად გოგოხია,,,majoritarians_all.pdf
local_2017,__main__,council_smd,unm,საარჩევნო ბლოკი „ერთიანი ნაციონალური მოძრაობა”,,24,ზუგდიდი,,5,ლევან,მაქაცარია,ლევან მაქაცარია,,,majoritarians_all.pdf
local_2017,__main__,council_smd,unm,საარჩევნო ბლოკი „ერთიანი ნაციონალური მოძრაობა”,,21,ზუგდიდი,,5,დავით,ვეკუა,დავით ვეკუა,,,majoritarians_all.pdf
local_2017,__main__,council_smd,unm,საარჩევნო ბლოკი „ერთიანი ნაციონალური მოძრაობა”,,14,ზუგდიდი,,5,მერაბ,თოდუა,მერაბ თოდუა,,,majoritarians_all.pdf
local_2017,__main__,council_smd,unm,საარჩევნო ბლოკი „ერთიანი ნაციონალური მოძრაობა”,,15,ზუგდიდი,,5,გელა,თოლორაია,გელა თოლორაია,,,majoritarians_all.pdf
local_2017,__main__,council_smd,unm,საარჩევნო ბლოკი „ერთიანი ნაციონალური მოძრაობა”,,1,ზუგდიდი,,5,თენგიზ,გაბედავა,თენგიზ გაბედავა,,,majoritarians_all.pdf
local_2017,__main__,council_smd,unm,საარჩევნო ბლოკი „ერთიანი ნაციონალური მოძრაობა”,,16,ზუგდიდი,,5,გოდერძი,თოდუა,გოდერძი თოდუა,,,majoritarians_all.pdf
local_2017,__main__,council_smd,patriots,"„დავით თარხან-მოურავი, ირმა ინაშვილი - საქართველოს პატრიოტთა",,16,ზუგდიდი,,8,ალიანსი”შავლეგი,თოდუა,ალიანსი”შავლეგი თოდუა,,,majoritarians_all.pdf
local_2017,__main__,council_smd,patriots,"„დავით თარხან-მოურავი, ირმა ინაშვილი - საქართველოს პატრიოტთა",,12,ზუგდიდი,,8,ალიანსი”შალვა,აფხაზავა,ალიანსი”შალვა აფხაზავა,,,majoritarians_all.pdf
local_2017,__main__,council_smd,patriots,"„დავით თარხან-მოურავი, ირმა ინაშვილი - საქართველოს პატრიოტთა",,2,ზუგდიდი,,8,ალიანსი”გერმანე,კოდუა,ალიანსი”გერმანე კოდუა,,,majoritarians_all.pdf
local_2017,__main__,council_smd,labour,„შალვა ნათელაშვილი - საქართველოს ლეიბორისტული პარტია”,,1,ზუგდიდი,,10,გიორგი,შულაია,გიორგი შულაია,,,majoritarians_all.pdf
local_2017,__main__,council_smd,labour,„შალვა ნათელაშვილი - საქართველოს ლეიბორისტული პარტია”,,8,ზუგდიდი,,10,კობა,კანკია,კობა კანკია,,,majoritarians_all.pdf
local_2017,__main__,council_smd,construction_movement_2017,„შენების მოძრაობა”,,15,ზუგდიდი,,20,რომეო,კვარაცხელია,რომეო კვარაცხელია,,,majoritarians_all.pdf
local_2017,__main__,council_smd,construction_movement_2017,„შენების მოძრაობა”,,1,ზუგდიდი,,20,მაია,ღურწკაია,მაია ღურწკაია,,,majoritarians_all.pdf
local_2017,__main__,council_smd,zviads_way,„ზვიადის გზა უფლის სახელით [სამართლიანობის აღდგენის კავშირი; მეანაბრეთა ასოციაცია; იპოთეკით დაზარალებულთა დარბაზი; ალტერნატიული პირადობის დაშვების ლიგა; უფალია ჩვენი სიმართლე]”,,1,ზუგდიდი,,28,რამაზ,ჩაჩიბაია,რამაზ ჩაჩიბაია,,,majoritarians_all.pdf
local_2017,__main__,council_smd,zviads_way,„ზვიადის გზა უფლის სახელით [სამართლიანობის აღდგენის კავშირი; მეანაბრეთა ასოციაცია; იპოთეკით დაზარალებულთა დარბაზი; ალტერნატიული პირადობის დაშვების ლიგა; უფალია ჩვენი სიმართლე]”,,16,ზუგდიდი,,28,ზურაბ,ქობალია,ზურაბ ქობალია,,,majoritarians_all.pdf
local_2017,__main__,council_smd,gd,„ქართული ოცნება-დემოკრატიული საქართველო”,,1,ზუგდიდი,,41,დავით,გახარია,დავით გახარია,,,majoritarians_all.pdf
local_2017,__main__,council_smd,gd,„ქართული ოცნება-დემოკრატიული საქართველო”,,5,ზუგდიდი,,41,გია,დანელია,გია დანელია,,,majoritarians_all.pdf
local_2017,__main__,council_smd,gd,„ქართული ოცნება-დემოკრატიული საქართველო”,,6,ზუგდიდი,,41,რამაზი,ჯაბუა,რამაზი ჯაბუა,,,majoritarians_all.pdf
local_2017,__main__,council_smd,gd,„ქართული ოცნება-დემოკრატიული საქართველო”,,1,ზუგდიდი,,41,მამუკა,ყურაშვილი,მამუკა ყურაშვილი,,,majoritarians_all.pdf
local_2017,__main__,council_smd,gd,„ქართული ოცნება-დემოკრატიული საქართველო”,,1,ზუგდიდი,,41,თაზო,ფაცაცია,თაზო ფაცაცია,,,majoritarians_all.pdf
local_2017,__main__,council_smd,gd,„ქართული ოცნება-დემოკრატიული საქართველო”,,1,ზუგდიდი,,41,ირაკლი,ლაგვილავა,ირაკლი ლაგვილავა,,,majoritarians_all.pdf
local_2017,__main__,council_smd,gd,„ქართული ოცნება-დემოკრატიული საქართველო”,,1,ზუგდიდი,,41,სალომე,ფაცაცია,სალომე ფაცაცია,,,majoritarians_all.pdf
local_2017,__main__,council_smd,gd,„ქართული ოცნება-დემოკრატიული საქართველო”,,2,ზუგდიდი,,41,ედიტა,კოდუა,ედიტა კოდუა,,,majoritarians_all.pdf
local_2017,__main__,council_smd,gd,„ქართული ოცნება-დემოკრატიული საქართველო”,,3,ზუგდიდი,,41,ელგუჯა,ესართია,ელგუჯა ესართია,,,majoritarians_all.pdf
local_2017,__main__,council_smd,gd,„ქართული ოცნება-დემოკრატიული საქართველო”,,4,ზუგდიდი,,41,მამუკა,თოლორაია,მამუკა თოლორაია,,,majoritarians_all.pdf
local_2017,__main__,council_smd,gd,„ქართული ოცნება-დემოკრატიული საქართველო”,,30,ზუგდიდი,,41,გოგიტა,ზარქუა,გოგიტა ზარქუა,,,majoritarians_all.pdf
local_2017,__main__,council_smd,gd,„ქართული ოცნება-დემოკრატიული საქართველო”,,27,ზუგდიდი,,41,თამაზ,ჟორჟოლიანი,თამაზ ჟორჟოლიანი,,,majoritarians_all.pdf
local_2017,__main__,council_smd,gd,„ქართული ოცნება-დემოკრატიული საქართველო”,,26,ზუგდიდი,,41,რევაზ,თორდია,რევაზ თორდია,,,majoritarians_all.pdf
local_2017,__main__,council_smd,gd,„ქართული ოცნება-დემოკრატიული საქართველო”,,23,ზუგდიდი,,41,ტარიელი,გაბულდანი,ტარიელი გაბულდანი,,,majoritarians_all.pdf
local_2017,__main__,council_smd,gd,„ქართული ოცნება-დემოკრატიული საქართველო”,,25,ზუგდიდი,,41,ზაზა,ხუბუა,ზაზა ხუბუა,,,majoritarians_all.pdf
local_2017,__main__,council_smd,gd,„ქართული ოცნება-დემოკრატიული საქართველო”,,31,ზუგდიდი,,41,პაატა,ებრალიძე,პაატა ებრალიძე,,,majoritarians_all.pdf
local_2017,__main__,council_smd,gd,„ქართული ოცნება-დემოკრატიული საქართველო”,,28,ზუგდიდი,,41,ჯონი,ჯიქია,ჯონი ჯიქია,,,majoritarians_all.pdf
local_2017,__main__,council_smd,gd,„ქართული ოცნება-დემოკრატიული საქართველო”,,29,ზუგდიდი,,41,ირაკლი,ჯანაშია,ირაკლი ჯანაშია,,,majoritarians_all.pdf
local_2017,__main__,council_smd,gd,„ქართული ოცნება-დემოკრატიული საქართველო”,,13,ზუგდიდი,,41,მანანა,მებონია,მანანა მებონია,,,majoritarians_all.pdf
local_2017,__main__,council_smd,gd,„ქართული ოცნება-დემოკრატიული საქართველო”,,16,ზუგდიდი,,41,გიორგი,თოდუა,გიორგი თოდუა,,,majoritarians_all.pdf
local_2017,__main__,council_smd,gd,„ქართული ოცნება-დემოკრატიული საქართველო”,,19,ზუგდიდი,,41,ჯანსუღ,ჯაბუა,ჯანსუღ ჯაბუა,,,majoritarians_all.pdf
local_2017,__main__,council_smd,gd,„ქართული ოცნება-დემოკრატიული საქართველო”,,7,ზუგდიდი,,41,დათო,ჭაფანძე,დათო ჭაფანძე,,,majoritarians_all.pdf
local_2017,__main__,council_smd,gd,„ქართული ოცნება-დემოკრატიული საქართველო”,,11,ზუგდიდი,,41,ზვიად,ყორშია,ზვიად ყორშია,,,majoritarians_all.pdf
local_2017,__main__,council_smd,gd,„ქართული ოცნება-დემოკრატიული საქართველო”,,12,ზუგდიდი,,41,ზურაბ,გოგოძე,ზურაბ გოგოძე,,,majoritarians_all.pdf
local_2017,__main__,council_smd,gd,„ქართული ოცნება-დემოკრატიული საქართველო”,,14,ზუგდიდი,,41,ირუზა,კაკავა,ირუზა კაკავა,,,majoritarians_all.pdf
local_2017,__main__,council_smd,gd,„ქართული ოცნება-დემოკრატიული საქართველო”,,15,ზუგდიდი,,41,არჩილი,ბერანძე,არჩილი ბერანძე,,,majoritarians_all.pdf
local_2017,__main__,council_smd,gd,„ქართული ოცნება-დემოკრატიული საქართველო”,,8,ზუგდიდი,,41,ლაშა,ესებუა,ლაშა ესებუა,,,majoritarians_all.pdf
local_2017,__main__,council_smd,gd,„ქართული ოცნება-დემოკრატიული საქართველო”,,9,ზუგდიდი,,41,ზაზა,ანდრიაძე,ზაზა ანდრიაძე,,,majoritarians_all.pdf
local_2017,__main__,council_smd,gd,„ქართული ოცნება-დემოკრატიული საქართველო”,,10,ზუგდიდი,,41,გიორგი,კუკავა,გიორგი კუკავა,,,majoritarians_all.pdf
local_2017,__main__,council_smd,gd,„ქართული ოცნება-დემოკრატიული საქართველო”,,24,ზუგდიდი,,41,ზაზა,პროკოპენკო,ზაზა პროკოპენკო,,,majoritarians_all.pdf
local_2017,__main__,council_smd,gd,„ქართული ოცნება-დემოკრატიული საქართველო”,,22,ზუგდიდი,,41,გოგი,თოდუა,გოგი თოდუა,,,majoritarians_all.pdf
local_2017,__main__,council_smd,gd,„ქართული ოცნება-დემოკრატიული საქართველო”,,20,ზუგდიდი,,41,ზვიად,ქირია,ზვიად ქირია,,,majoritarians_all.pdf
local_2017,__main__,council_smd,gd,„ქართული ოცნება-დემოკრატიული საქართველო”,,21,ზუგდიდი,,41,დაზმირ,ძიმცეიშვილი,დაზმირ ძიმცეიშვილი,,,majoritarians_all.pdf
local_2017,__main__,council_smd,gd,„ქართული ოცნება-დემოკრატიული საქართველო”,,17,ზუგდიდი,,41,სოსო,გოგოხია,სოსო გოგოხია,,,majoritarians_all.pdf
local_2017,__main__,council_smd,gd,„ქართული ოცნება-დემოკრატიული საქართველო”,,18,ზუგდიდი,,41,ამირან,ჩხოლარია,ამირან ჩხოლარია,,,majoritarians_all.pdf
local_2017,__main__,council_smd,initiative_group,"საინიციატივო ჯგუფი - 3. ნათია გვილია,გიორგი კიტია,ავთანდილ შონია,იური კვარაცხელია,გია ლატარია",,1,ზუგდიდი,,143,ვაჟა,კიტია,ვაჟა კიტია,,,majoritarians_all.pdf
local_2017,__main__,council_smd,initiative_group,"საინიციატივო ჯგუფი - 1. თორნიკე ჩუხუა,გურამი ჩუხუა,ილო გაბელია,ორდენ ჩუხუა,ზვიად ჩუხუა",,28,ზუგდიდი,,43,გია,ჩუხუა,გია ჩუხუა,,,majoritarians_all.pdf
local_2017,__main__,council_smd,initiative_group,"საინიციატივო ჯგუფი - 4. მზეონა გაბედავა,დავარი კვარაცხელია,შორენა ღურწკაია,მამუკა გაბედავა,ნანი თოდუა",,15,ზუგდიდი,,43,ვახტანგ,გაბედავა,ვახტანგ გაბედავა,,,majoritarians_all.pdf
local_2017,__main__,council_smd,european_georgia,"საარჩევნო ბლოკი „ბაქრაძე, უგულავა-ევროპული საქართველო”",,11,წალენჯიხა,,2,ივეტა,ნაჭყებია,ივეტა ნაჭყებია,,,majoritarians_all.pdf
local_2017,__main__,council_smd,european_georgia,"საარჩევნო ბლოკი „ბაქრაძე, უგულავა-ევროპული საქართველო”",,4,წალენჯიხა,,2,როინი,ჭითანავა,როინი ჭითანავა,,,majoritarians_all.pdf
local_2017,__main__,council_smd,european_georgia,"საარჩევნო ბლოკი „ბაქრაძე, უგულავა-ევროპული საქართველო”",,5,წალენჯიხა,,2,კორნელი,მიქავა,კორნელი მიქავა,,,majoritarians_all.pdf
local_2017,__main__,council_smd,european_georgia,"საარჩევნო ბლოკი „ბაქრაძე, უგულავა-ევროპული საქართველო”",,14,წალენჯიხა,,2,პაატა,კუპრავა,პაატა კუპრავა,,,majoritarians_all.pdf
local_2017,__main__,council_smd,european_georgia,"საარჩევნო ბლოკი „ბაქრაძე, უგულავა-ევროპული საქართველო”",,13,წალენჯიხა,,2,ხათუნა,მებონია,ხათუნა მებონია,,,majoritarians_all.pdf
local_2017,__main__,council_smd,european_georgia,"საარჩევნო ბლოკი „ბაქრაძე, უგულავა-ევროპული საქართველო”",,10,წალენჯიხა,,2,ონისე,აფაქიძე,ონისე აფაქიძე,,,majoritarians_all.pdf
local_2017,__main__,council_smd,european_georgia,"საარჩევნო ბლოკი „ბაქრაძე, უგულავა-ევროპული საქართველო”",,1,წალენჯიხა,,2,თამაზი,მებონია,თამაზი მებონია,,,majoritarians_all.pdf
local_2017,__main__,council_smd,european_georgia,"საარჩევნო ბლოკი „ბაქრაძე, უგულავა-ევროპული საქართველო”",,1,წალენჯიხა,,2,ლევან,წირღვავა,ლევან წირღვავა,,,majoritarians_all.pdf
local_2017,__main__,council_smd,european_georgia,"საარჩევნო ბლოკი „ბაქრაძე, უგულავა-ევროპული საქართველო”",,3,წალენჯიხა,,2,გიორგი,ჭანტურია,გიორგი ჭანტურია,,,majoritarians_all.pdf
local_2017,__main__,council_smd,european_georgia,"საარჩევნო ბლოკი „ბაქრაძე, უგულავა-ევროპული საქართველო”",,2,წალენჯიხა,,2,ირაკლი,ხარჩილავა,ირაკლი ხარჩილავა,,,majoritarians_all.pdf
local_2017,__main__,council_smd,european_georgia,"საარჩევნო ბლოკი „ბაქრაძე, უგულავა-ევროპული საქართველო”",,7,წალენჯიხა,,2,მურთაზ,ხუხუა,მურთაზ ხუხუა,,,majoritarians_all.pdf
local_2017,__main__,council_smd,european_georgia,"საარჩევნო ბლოკი „ბაქრაძე, უგულავა-ევროპული საქართველო”",,6,წალენჯიხა,,2,ნინო,მოსიძე,ნინო მოსიძე,,,majoritarians_all.pdf
local_2017,__main__,council_smd,european_georgia,"საარჩევნო ბლოკი „ბაქრაძე, უგულავა-ევროპული საქართველო”",,8,წალენჯიხა,,2,მალხაზ,კვარაცხელია,მალხაზ კვარაცხელია,,,majoritarians_all.pdf
local_2017,__main__,council_smd,european_georgia,"საარჩევნო ბლოკი „ბაქრაძე, უგულავა-ევროპული საქართველო”",,9,წალენჯიხა,,2,მერაბ,გიგიბერია,მერაბ გიგიბერია,,,majoritarians_all.pdf
local_2017,__main__,council_smd,european_georgia,"საარჩევნო ბლოკი „ბაქრაძე, უგულავა-ევროპული საქართველო”",,12,წალენჯიხა,,2,აბესალომ,მატუა,აბესალომ მატუა,,,majoritarians_all.pdf
local_2017,__main__,council_smd,free_georgia,"საარჩევნო ბლოკი „დიმიტრი ლორთქიფანიძე, კახა კუკავა-დემოკრატიული მოძრაობა-თავისუფალი საქართველო”",,1,წალენჯიხა,,3,ბესიკ,კვარაცხელია,ბესიკ კვარაცხელია,,,majoritarians_all.pdf
local_2017,__main__,council_smd,free_georgia,"საარჩევნო ბლოკი „დიმიტრი ლორთქიფანიძე, კახა კუკავა-დემოკრატიული მოძრაობა-თავისუფალი საქართველო”",,6,წალენჯიხა,,3,ბესიკ,ჯოლოხავა,ბესიკ ჯოლოხავა,,,majoritarians_all.pdf
local_2017,__main__,council_smd,unm,საარჩევნო ბლოკი „ერთიანი ნაციონალური მოძრაობა”,,13,წალენჯიხა,,5,ნიკოლოზი,ხასაია,ნიკოლოზი ხასაია,,,majoritarians_all.pdf
local_2017,__main__,council_smd,unm,საარჩევნო ბლოკი „ერთიანი ნაციონალური მოძრაობა”,,12,წალენჯიხა,,5,ნინო,მჭედლიშვილი,ნინო მჭედლიშვილი,,,majoritarians_all.pdf
local_2017,__main__,council_smd,unm,საარჩევნო ბლოკი „ერთიანი ნაციონალური მოძრაობა”,,11,წალენჯიხა,,5,ნანა,ქობალია,ნანა ქობალია,,,majoritarians_all.pdf
local_2017,__main__,council_smd,unm,საარჩევნო ბლოკი „ერთიანი ნაციონალური მოძრაობა”,,3,წალენჯიხა,,5,მამუკა,ქარდავა,მამუკა ქარდავა,,,majoritarians_all.pdf
local_2017,__main__,council_smd,unm,საარჩევნო ბლოკი „ერთიანი ნაციონალური მოძრაობა”,,1,წალენჯიხა,,5,ლევან,შანავა,ლევან შანავა,,,majoritarians_all.pdf
local_2017,__main__,council_smd,unm,საარჩევნო ბლოკი „ერთიანი ნაციონალური მოძრაობა”,,14,წალენჯიხა,,5,როლანდი,ხარჩილავა,როლანდი ხარჩილავა,,,majoritarians_all.pdf
local_2017,__main__,council_smd,unm,საარჩევნო ბლოკი „ერთიანი ნაციონალური მოძრაობა”,,10,წალენჯიხა,,5,ბელა,კვირკვია,ბელა კვირკვია,,,majoritarians_all.pdf
local_2017,__main__,council_smd,unm,საარჩევნო ბლოკი „ერთიანი ნაციონალური მოძრაობა”,,9,წალენჯიხა,,5,დათო,მესხია,დათო მესხია,,,majoritarians_all.pdf
local_2017,__main__,council_smd,unm,საარჩევნო ბლოკი „ერთიანი ნაციონალური მოძრაობა”,,8,წალენჯიხა,,5,თენგიზ,ჩიქობავა,თენგიზ ჩიქობავა,,,majoritarians_all.pdf
local_2017,__main__,council_smd,unm,საარჩევნო ბლოკი „ერთიანი ნაციონალური მოძრაობა”,,7,წალენჯიხა,,5,გიგა,შონია,გიგა შონია,,,majoritarians_all.pdf
local_2017,__main__,council_smd,unm,საარჩევნო ბლოკი „ერთიანი ნაციონალური მოძრაობა”,,6,წალენჯიხა,,5,მურმან,კვარაცხელია,მურმან კვარაცხელია,,,majoritarians_all.pdf
local_2017,__main__,council_smd,unm,საარჩევნო ბლოკი „ერთიანი ნაციონალური მოძრაობა”,,1,წალენჯიხა,,5,ნონა,გუჩუა,ნონა გუჩუა,,,majoritarians_all.pdf
local_2017,__main__,council_smd,unm,საარჩევნო ბლოკი „ერთიანი ნაციონალური მოძრაობა”,,4,წალენჯიხა,,5,ნუკრი,ლომია,ნუკრი ლომია,,,majoritarians_all.pdf
local_2017,__main__,council_smd,labour,„შალვა ნათელაშვილი - საქართველოს ლეიბორისტული პარტია”,,1,წალენჯიხა,,10,მანუჩარ,გერეხელია,მანუჩარ გერეხელია,,,majoritarians_all.pdf
local_2017,__main__,council_smd,gd,„ქართული ოცნება-დემოკრატიული საქართველო”,,1,წალენჯიხა,,41,ვალერიანე,კვარაცხელია,ვალერიანე კვარაცხელია,,,majoritarians_all.pdf
local_2017,__main__,council_smd,gd,„ქართული ოცნება-დემოკრატიული საქართველო”,,2,წალენჯიხა,,41,გოჩა,ლიპარტია,გოჩა ლიპარტია,,,majoritarians_all.pdf
local_2017,__main__,council_smd,gd,„ქართული ოცნება-დემოკრატიული საქართველო”,,1,წალენჯიხა,,41,თემურ,ღვინჯილია,თემურ ღვინჯილია,,,majoritarians_all.pdf
local_2017,__main__,council_smd,gd,„ქართული ოცნება-დემოკრატიული საქართველო”,,11,წალენჯიხა,,41,დათა,კუკავა,დათა კუკავა,,,majoritarians_all.pdf
local_2017,__main__,council_smd,gd,„ქართული ოცნება-დემოკრატიული საქართველო”,,12,წალენჯიხა,,41,თეა,ხასაია,თეა ხასაია,,,majoritarians_all.pdf
local_2017,__main__,council_smd,gd,„ქართული ოცნება-დემოკრატიული საქართველო”,,13,წალენჯიხა,,41,ბაჩუკი,უბილავა,ბაჩუკი უბილავა,,,majoritarians_all.pdf
local_2017,__main__,council_smd,gd,„ქართული ოცნება-დემოკრატიული საქართველო”,,10,წალენჯიხა,,41,ლევან,შელია,ლევან შელია,,,majoritarians_all.pdf
local_2017,__main__,council_smd,gd,„ქართული ოცნება-დემოკრატიული საქართველო”,,7,წალენჯიხა,,41,დავით,ფიფია,დავით ფიფია,,,majoritarians_all.pdf
local_2017,__main__,council_smd,gd,„ქართული ოცნება-დემოკრატიული საქართველო”,,5,წალენჯიხა,,41,იაგო,მიქავა,იაგო მიქავა,,,majoritarians_all.pdf
local_2017,__main__,council_smd,gd,„ქართული ოცნება-დემოკრატიული საქართველო”,,4,წალენჯიხა,,41,ზურაბი,სამუშია,ზურაბი სამუშია,,,majoritarians_all.pdf
local_2017,__main__,council_smd,gd,„ქართული ოცნება-დემოკრატიული საქართველო”,,3,წალენჯიხა,,41,ანზორი,ძაძამია,ანზორი ძაძამია,,,majoritarians_all.pdf
local_2017,__main__,council_smd,gd,„ქართული ოცნება-დემოკრატიული საქართველო”,,9,წალენჯიხა,,41,ბაკურ,სონგულია,ბაკურ სონგულია,,,majoritarians_all.pdf
local_2017,__main__,council_smd,gd,„ქართული ოცნება-დემოკრატიული საქართველო”,,8,წალენჯიხა,,41,ვლადიმერი,კვარაცხელია,ვლადიმერი კვარაცხელია,,,majoritarians_all.pdf
local_2017,__main__,council_smd,gd,„ქართული ოცნება-დემოკრატიული საქართველო”,,6,წალენჯიხა,,41,კახაბერ,ჯოლოხავა,კახაბერ ჯოლოხავა,,,majoritarians_all.pdf
local_2017,__main__,council_smd,gd,„ქართული ოცნება-დემოკრატიული საქართველო”,,14,წალენჯიხა,,41,ნონა,მიქავა,ნონა მიქავა,,,majoritarians_all.pdf
local_2017,__main__,council_smd,initiative_group,"საინიციატივო ჯგუფი - 42. ქუხილავა თორნიკე,ლომია ზაური,ფიფია გოგა,ლევან ფიფია,ფიფია კალისტრატე",,12,წალენჯიხა,,42,ლევან,ფიფია,ლევან ფიფია,,,majoritarians_all.pdf
local_2017,__main__,council_smd,european_georgia,"საარჩევნო ბლოკი „ბაქრაძე, უგულავა-ევროპული საქართველო”",,1,ჩხოროწყუ,,2,თენგიზ,ბებია,თენგიზ ბებია,,,majoritarians_all.pdf
local_2017,__main__,council_smd,european_georgia,"საარჩევნო ბლოკი „ბაქრაძე, უგულავა-ევროპული საქართველო”",,2,ჩხოროწყუ,,2,მირიანე,შელია,მირიანე შელია,,,majoritarians_all.pdf
local_2017,__main__,council_smd,european_georgia,"საარჩევნო ბლოკი „ბაქრაძე, უგულავა-ევროპული საქართველო”",,3,ჩხოროწყუ,,2,თეიმურაზ,წახნაკია,თეიმურაზ წახნაკია,,,majoritarians_all.pdf
local_2017,__main__,council_smd,european_georgia,"საარჩევნო ბლოკი „ბაქრაძე, უგულავა-ევროპული საქართველო”",,4,ჩხოროწყუ,,2,ჯილდა,ლემონჯავა,ჯილდა ლემონჯავა,,,majoritarians_all.pdf
local_2017,__main__,council_smd,european_georgia,"საარჩევნო ბლოკი „ბაქრაძე, უგულავა-ევროპული საქართველო”",,5,ჩხოროწყუ,,2,ნანა,კვარაცხელია,ნანა კვარაცხელია,,,majoritarians_all.pdf
local_2017,__main__,council_smd,european_georgia,"საარჩევნო ბლოკი „ბაქრაძე, უგულავა-ევროპული საქართველო”",,6,ჩხოროწყუ,,2,ზურაბ,სანაია,ზურაბ სანაია,,,majoritarians_all.pdf
local_2017,__main__,council_smd,european_georgia,"საარჩევნო ბლოკი „ბაქრაძე, უგულავა-ევროპული საქართველო”",,7,ჩხოროწყუ,,2,ჯამბული,უბირია,ჯამბული უბირია,,,majoritarians_all.pdf
local_2017,__main__,council_smd,european_georgia,"საარჩევნო ბლოკი „ბაქრაძე, უგულავა-ევროპული საქართველო”",,8,ჩხოროწყუ,,2,სოლომონ,გახარია,სოლომონ გახარია,,,majoritarians_all.pdf
local_2017,__main__,council_smd,european_georgia,"საარჩევნო ბლოკი „ბაქრაძე, უგულავა-ევროპული საქართველო”",,13,ჩხოროწყუ,,2,კაკო,ღურწკაია,კაკო ღურწკაია,,,majoritarians_all.pdf
local_2017,__main__,council_smd,european_georgia,"საარჩევნო ბლოკი „ბაქრაძე, უგულავა-ევროპული საქართველო”",,12,ჩხოროწყუ,,2,ეკატერინე,კაკაჩია,ეკატერინე კაკაჩია,,,majoritarians_all.pdf
local_2017,__main__,council_smd,european_georgia,"საარჩევნო ბლოკი „ბაქრაძე, უგულავა-ევროპული საქართველო”",,9,ჩხოროწყუ,,2,ეკატერინე,ქარჩავა,ეკატერინე ქარჩავა,,,majoritarians_all.pdf
local_2017,__main__,council_smd,european_georgia,"საარჩევნო ბლოკი „ბაქრაძე, უგულავა-ევროპული საქართველო”",,10,ჩხოროწყუ,,2,გიგლა,ნაროუშვილი,გიგლა ნაროუშვილი,,,majoritarians_all.pdf
local_2017,__main__,council_smd,european_georgia,"საარჩევნო ბლოკი „ბაქრაძე, უგულავა-ევროპული საქართველო”",,11,ჩხოროწყუ,,2,თეა,ბებია,თეა ბებია,,,majoritarians_all.pdf
local_2017,__main__,council_smd,free_georgia,"საარჩევნო ბლოკი „დიმიტრი ლორთქიფანიძე, კახა კუკავა-დემოკრატიული მოძრაობა-თავისუფალი საქართველო”",,8,ჩხოროწყუ,,3,ელზა,ხოჭოლავა,ელზა ხოჭოლავა,,,majoritarians_all.pdf
local_2017,__main__,council_smd,free_georgia,"საარჩევნო ბლოკი „დიმიტრი ლორთქიფანიძე, კახა კუკავა-დემოკრატიული მოძრაობა-თავისუფალი საქართველო”",,6,ჩხოროწყუ,,3,კოტე,სიჭინავა,კოტე სიჭინავა,,,majoritarians_all.pdf
local_2017,__main__,council_smd,unm,საარჩევნო ბლოკი „ერთიანი ნაციონალური მოძრაობა”,,1,ჩხოროწყუ,,5,რამაზი,გულუა,რამაზი გულუა,,,majoritarians_all.pdf
local_2017,__main__,council_smd,unm,საარჩევნო ბლოკი „ერთიანი ნაციონალური მოძრაობა”,,4,ჩხოროწყუ,,5,ქართლოსი,საჯაია,ქართლოსი საჯაია,,,majoritarians_all.pdf
local_2017,__main__,council_smd,unm,საარჩევნო ბლოკი „ერთიანი ნაციონალური მოძრაობა”,,6,ჩხოროწყუ,,5,ბაკურ,ხორავა,ბაკურ ხორავა,,,majoritarians_all.pdf
local_2017,__main__,council_smd,unm,საარჩევნო ბლოკი „ერთიანი ნაციონალური მოძრაობა”,,7,ჩხოროწყუ,,5,ირაკლი,ნაჭყებია,ირაკლი ნაჭყებია,,,majoritarians_all.pdf
local_2017,__main__,council_smd,unm,საარჩევნო ბლოკი „ერთიანი ნაციონალური მოძრაობა”,,5,ჩხოროწყუ,,5,გიორგი,ჭილაძე,გიორგი ჭილაძე,,,majoritarians_all.pdf
local_2017,__main__,council_smd,unm,საარჩევნო ბლოკი „ერთიანი ნაციონალური მოძრაობა”,,11,ჩხოროწყუ,,5,რამაზ,პაპავა,რამაზ პაპავა,,,majoritarians_all.pdf
local_2017,__main__,council_smd,unm,საარჩევნო ბლოკი „ერთიანი ნაციონალური მოძრაობა”,,13,ჩხოროწყუ,,5,ბადრი,ქარჩავა,ბადრი ქარჩავა,,,majoritarians_all.pdf
local_2017,__main__,council_smd,unm,საარჩევნო ბლოკი „ერთიანი ნაციონალური მოძრაობა”,,12,ჩხოროწყუ,,5,ვალენტინა,შენგელია,ვალენტინა შენგელია,,,majoritarians_all.pdf
local_2017,__main__,council_smd,unm,საარჩევნო ბლოკი „ერთიანი ნაციონალური მოძრაობა”,,8,ჩხოროწყუ,,5,ვალერი,გულუა,ვალერი გულუა,,,majoritarians_all.pdf
local_2017,__main__,council_smd,unm,საარჩევნო ბლოკი „ერთიანი ნაციონალური მოძრაობა”,,10,ჩხოროწყუ,,5,გურგენ,ბერია,გურგენ ბერია,,,majoritarians_all.pdf
local_2017,__main__,council_smd,patriots,"„დავით თარხან-მოურავი, ირმა ინაშვილი - საქართველოს პატრიოტთა",,8,ჩხოროწყუ,,8,ალიანსი”სტეფანე,გახარია,ალიანსი”სტეფანე გახარია,,,majoritarians_all.pdf
local_2017,__main__,council_smd,construction_movement_2017,„შენების მოძრაობა”,,7,ჩხოროწყუ,,20,კორნელი,წურწუმია,კორნელი წურწუმია,,,majoritarians_all.pdf
local_2017,__main__,council_smd,construction_movement_2017,„შენების მოძრაობა”,,1,ჩხოროწყუ,,20,კორნელი,საჯაია,კორნელი საჯაია,,,majoritarians_all.pdf
local_2017,__main__,council_smd,construction_movement_2017,„შენების მოძრაობა”,,13,ჩხოროწყუ,,20,ლაშა,შენგელია,ლაშა შენგელია,,,majoritarians_all.pdf
local_2017,__main__,council_smd,construction_movement_2017,„შენების მოძრაობა”,,3,ჩხოროწყუ,,20,ველოდი,ლემონჯავა,ველოდი ლემონჯავა,,,majoritarians_all.pdf
local_2017,__main__,council_smd,construction_movement_2017,„შენების მოძრაობა”,,11,ჩხოროწყუ,,20,მანუჩარ,ახალაია,მანუჩარ ახალაია,,,majoritarians_all.pdf
local_2017,__main__,council_smd,construction_movement_2017,„შენების მოძრაობა”,,12,ჩხოროწყუ,,20,ელგუჯა,შენგელია,ელგუჯა შენგელია,,,majoritarians_all.pdf
local_2017,__main__,council_smd,construction_movement_2017,„შენების მოძრაობა”,,2,ჩხოროწყუ,,20,დევი,გახარია,დევი გახარია,,,majoritarians_all.pdf
local_2017,__main__,council_smd,gd,„ქართული ოცნება-დემოკრატიული საქართველო”,,1,ჩხოროწყუ,,41,ჯანო,პერტაია,ჯანო პერტაია,,,majoritarians_all.pdf
local_2017,__main__,council_smd,gd,„ქართული ოცნება-დემოკრატიული საქართველო”,,2,ჩხოროწყუ,,41,ზურაბ,ჯიქია,ზურაბ ჯიქია,,,majoritarians_all.pdf
local_2017,__main__,council_smd,gd,„ქართული ოცნება-დემოკრატიული საქართველო”,,3,ჩხოროწყუ,,41,ჯონი,ჯალაღონია,ჯონი ჯალაღონია,,,majoritarians_all.pdf
local_2017,__main__,council_smd,gd,„ქართული ოცნება-დემოკრატიული საქართველო”,,4,ჩხოროწყუ,,41,აბელი,თოდუა,აბელი თოდუა,,,majoritarians_all.pdf
local_2017,__main__,council_smd,gd,„ქართული ოცნება-დემოკრატიული საქართველო”,,5,ჩხოროწყუ,,41,დათო,კვირტია,დათო კვირტია,,,majoritarians_all.pdf
local_2017,__main__,council_smd,gd,„ქართული ოცნება-დემოკრატიული საქართველო”,,6,ჩხოროწყუ,,41,მამუკა,ფიჩხაია,მამუკა ფიჩხაია,,,majoritarians_all.pdf
local_2017,__main__,council_smd,gd,„ქართული ოცნება-დემოკრატიული საქართველო”,,7,ჩხოროწყუ,,41,მერაბ,ძაძამია,მერაბ ძაძამია,,,majoritarians_all.pdf
local_2017,__main__,council_smd,gd,„ქართული ოცნება-დემოკრატიული საქართველო”,,8,ჩხოროწყუ,,41,კობა,თოლორდავა,კობა თოლორდავა,,,majoritarians_all.pdf
local_2017,__main__,council_smd,gd,„ქართული ოცნება-დემოკრატიული საქართველო”,,9,ჩხოროწყუ,,41,ბონდო,ჭეჟია,ბონდო ჭეჟია,,,majoritarians_all.pdf
local_2017,__main__,council_smd,gd,„ქართული ოცნება-დემოკრატიული საქართველო”,,10,ჩხოროწყუ,,41,დაზმირ,დარსალია,დაზმირ დარსალია,,,majoritarians_all.pdf
local_2017,__main__,council_smd,gd,„ქართული ოცნება-დემოკრატიული საქართველო”,,11,ჩხოროწყუ,,41,გიორგი,ახალაია,გიორგი ახალაია,,,majoritarians_all.pdf
local_2017,__main__,council_smd,gd,„ქართული ოცნება-დემოკრატიული საქართველო”,,12,ჩხოროწყუ,,41,შოთა,შენგელია,შოთა შენგელია,,,majoritarians_all.pdf
local_2017,__main__,council_smd,gd,„ქართული ოცნება-დემოკრატიული საქართველო”,,13,ჩხოროწყუ,,41,ნუგზარ,ჯალაღონია,ნუგზარ ჯალაღონია,,,majoritarians_all.pdf
local_2017,__main__,council_smd,european_georgia,"საარჩევნო ბლოკი „ბაქრაძე, უგულავა-ევროპული საქართველო”",,1,ფოთი,,2,ალექსანდრე,როგავა,ალექსანდრე როგავა,,,majoritarians_all.pdf
local_2017,__main__,council_smd,european_georgia,"საარჩევნო ბლოკი „ბაქრაძე, უგულავა-ევროპული საქართველო”",,2,ფოთი,,2,კონსტანტინე,მესხი,კონსტანტინე მესხი,,,majoritarians_all.pdf
local_2017,__main__,council_smd,european_georgia,"საარჩევნო ბლოკი „ბაქრაძე, უგულავა-ევროპული საქართველო”",,3,ფოთი,,2,გიორგი,შამუგია,გიორგი შამუგია,,,majoritarians_all.pdf
local_2017,__main__,council_smd,european_georgia,"საარჩევნო ბლოკი „ბაქრაძე, უგულავა-ევროპული საქართველო”",,4,ფოთი,,2,ლინერი,კუჭუხიძე,ლინერი კუჭუხიძე,,,majoritarians_all.pdf
local_2017,__main__,council_smd,european_georgia,"საარჩევნო ბლოკი „ბაქრაძე, უგულავა-ევროპული საქართველო”",,5,ფოთი,,2,თენგიზი,კუკუტარია,თენგიზი კუკუტარია,,,majoritarians_all.pdf
local_2017,__main__,council_smd,european_georgia,"საარჩევნო ბლოკი „ბაქრაძე, უგულავა-ევროპული საქართველო”",,6,ფოთი,,2,ხვიჩა,ღლონტი,ხვიჩა ღლონტი,,,majoritarians_all.pdf
local_2017,__main__,council_smd,european_georgia,"საარჩევნო ბლოკი „ბაქრაძე, უგულავა-ევროპული საქართველო”",,7,ფოთი,,2,ჯუნა,სიჭინავა,ჯუნა სიჭინავა,,,majoritarians_all.pdf
local_2017,__main__,council_smd,european_georgia,"საარჩევნო ბლოკი „ბაქრაძე, უგულავა-ევროპული საქართველო”",,8,ფოთი,,2,გიგა,გვასალია,გიგა გვასალია,,,majoritarians_all.pdf
local_2017,__main__,council_smd,european_georgia,"საარჩევნო ბლოკი „ბაქრაძე, უგულავა-ევროპული საქართველო”",,9,ფოთი,,2,გოჩა,ფირცხალავა,გოჩა ფირცხალავა,,,majoritarians_all.pdf
local_2017,__main__,council_smd,european_georgia,"საარჩევნო ბლოკი „ბაქრაძე, უგულავა-ევროპული საქართველო”",,10,ფოთი,,2,ირაკლი,დუნდუა,ირაკლი დუნდუა,,,majoritarians_all.pdf
local_2017,__main__,council_smd,free_georgia,"საარჩევნო ბლოკი „დიმიტრი ლორთქიფანიძე, კახა კუკავა-დემოკრატიული მოძრაობა-თავისუფალი საქართველო”",,4,ფოთი,,3,თორნიკე,ხარჩილავა,თორნიკე ხარჩილავა,,,majoritarians_all.pdf
local_2017,__main__,council_smd,free_georgia,"საარჩევნო ბლოკი „დიმიტრი ლორთქიფანიძე, კახა კუკავა-დემოკრატიული მოძრაობა-თავისუფალი საქართველო”",,10,ფოთი,,3,ირმა,ბარამია,ირმა ბარამია,,,majoritarians_all.pdf
local_2017,__main__,council_smd,free_georgia,"საარჩევნო ბლოკი „დიმიტრი ლორთქიფანიძე, კახა კუკავა-დემოკრატიული მოძრაობა-თავისუფალი საქართველო”",,3,ფოთი,,3,ზაზა,ნიკოლაიშვილი,ზაზა ნიკოლაიშვილი,,,majoritarians_all.pdf
local_2017,__main__,council_smd,free_georgia,"საარჩევნო ბლოკი „დიმიტრი ლორთქიფანიძე, კახა კუკავა-დემოკრატიული მოძრაობა-თავისუფალი საქართველო”",,7,ფოთი,,3,გელა,მექვაბიშვილი,გელა მექვაბიშვილი,,,majoritarians_all.pdf
local_2017,__main__,council_smd,free_georgia,"საარჩევნო ბლოკი „დიმიტრი ლორთქიფანიძე, კახა კუკავა-დემოკრატიული მოძრაობა-თავისუფალი საქართველო”",,5,ფოთი,,3,დონარა,მუქერია,დონარა მუქერია,,,majoritarians_all.pdf
local_2017,__main__,council_smd,free_georgia,"საარჩევნო ბლოკი „დიმიტრი ლორთქიფანიძე, კახა კუკავა-დემოკრატიული მოძრაობა-თავისუფალი საქართველო”",,1,ფოთი,,3,სილოვანი,გვასალია,სილოვანი გვასალია,,,majoritarians_all.pdf
local_2017,__main__,council_smd,free_georgia,"საარჩევნო ბლოკი „დიმიტრი ლორთქიფანიძე, კახა კუკავა-დემოკრატიული მოძრაობა-თავისუფალი საქართველო”",,6,ფოთი,,3,თენგიზი,ჩაკვეტაძე,თენგიზი ჩაკვეტაძე,,,majoritarians_all.pdf
local_2017,__main__,council_smd,unm,საარჩევნო ბლოკი „ერთიანი ნაციონალური მოძრაობა”,,1,ფოთი,,5,მორის,ჯანჯღავა,მორის ჯანჯღავა,,,majoritarians_all.pdf
local_2017,__main__,council_smd,unm,საარჩევნო ბლოკი „ერთიანი ნაციონალური მოძრაობა”,,3,ფოთი,,5,ლანა,რობაქიძე,ლანა რობაქიძე,,,majoritarians_all.pdf
local_2017,__main__,council_smd,unm,საარჩევნო ბლოკი „ერთიანი ნაციონალური მოძრაობა”,,7,ფოთი,,5,ლაშა,გოგობერიშვილი,ლაშა გოგობერიშვილი,,,majoritarians_all.pdf
local_2017,__main__,council_smd,unm,საარჩევნო ბლოკი „ერთიანი ნაციონალური მოძრაობა”,,9,ფოთი,,5,დოკა,ბაღათურია,დოკა ბაღათურია,,,majoritarians_all.pdf
local_2017,__main__,council_smd,unm,საარჩევნო ბლოკი „ერთიანი ნაციონალური მოძრაობა”,,2,ფოთი,,5,ანა,ჯოჯუა,ანა ჯოჯუა,,,majoritarians_all.pdf
local_2017,__main__,council_smd,unm,საარჩევნო ბლოკი „ერთიანი ნაციონალური მოძრაობა”,,6,ფოთი,,5,გიგა,მიქავა,გიგა მიქავა,,,majoritarians_all.pdf
local_2017,__main__,council_smd,unm,საარჩევნო ბლოკი „ერთიანი ნაციონალური მოძრაობა”,,5,ფოთი,,5,თეიმურაზ,შურღაია,თეიმურაზ შურღაია,,,majoritarians_all.pdf
local_2017,__main__,council_smd,unm,საარჩევნო ბლოკი „ერთიანი ნაციონალური მოძრაობა”,,8,ფოთი,,5,თამარი,კაკულია,თამარი კაკულია,,,majoritarians_all.pdf
local_2017,__main__,council_smd,unm,საარჩევნო ბლოკი „ერთიანი ნაციონალური მოძრაობა”,,4,ფოთი,,5,ანა,კანდელაკი,ანა კანდელაკი,,,majoritarians_all.pdf
local_2017,__main__,council_smd,unm,საარჩევნო ბლოკი „ერთიანი ნაციონალური მოძრაობა”,,10,ფოთი,,5,დავითი,ცხომარია,დავითი ცხომარია,,,majoritarians_all.pdf
local_2017,__main__,council_smd,patriots,"„დავით თარხან-მოურავი, ირმა ინაშვილი - საქართველოს პატრიოტთა",,2,ფოთი,,8,ალიანსი”ბიძინა,თავბერიძე,ალიანსი”ბიძინა თავბერიძე,,,majoritarians_all.pdf
local_2017,__main__,council_smd,patriots,"„დავით თარხან-მოურავი, ირმა ინაშვილი - საქართველოს პატრიოტთა",,1,ფოთი,,8,ალიანსი”მამუკა,გობეჩია,ალიანსი”მამუკა გობეჩია,,,majoritarians_all.pdf
local_2017,__main__,council_smd,patriots,"„დავით თარხან-მოურავი, ირმა ინაშვილი - საქართველოს პატრიოტთა",,10,ფოთი,,8,ალიანსი”ნანა,გადელია,ალიანსი”ნანა გადელია,,,majoritarians_all.pdf
local_2017,__main__,council_smd,patriots,"„დავით თარხან-მოურავი, ირმა ინაშვილი - საქართველოს პატრიოტთა",,6,ფოთი,,8,ალიანსი”მალხაზ,ბუკია,ალიანსი”მალხაზ ბუკია,,,majoritarians_all.pdf
local_2017,__main__,council_smd,patriots,"„დავით თარხან-მოურავი, ირმა ინაშვილი - საქართველოს პატრიოტთა",,8,ფოთი,,8,ალიანსი”როზა,ვეკუა,ალიანსი”როზა ვეკუა,,,majoritarians_all.pdf
local_2017,__main__,council_smd,patriots,"„დავით თარხან-მოურავი, ირმა ინაშვილი - საქართველოს პატრიოტთა",,3,ფოთი,,8,ალიანსი”უშანგი,გეგენავა,ალიანსი”უშანგი გეგენავა,,,majoritarians_all.pdf
local_2017,__main__,council_smd,patriots,"„დავით თარხან-მოურავი, ირმა ინაშვილი - საქართველოს პატრიოტთა",,4,ფოთი,,8,ალიანსი”ზურაბ,ხორავა,ალიანსი”ზურაბ ხორავა,,,majoritarians_all.pdf
local_2017,__main__,council_smd,construction_movement_2017,„შენების მოძრაობა”,,8,ფოთი,,20,კახაბერ,ბუსკაძე,კახაბერ ბუსკაძე,,,majoritarians_all.pdf
local_2017,__main__,council_smd,construction_movement_2017,„შენების მოძრაობა”,,2,ფოთი,,20,იაგორ,თავართქილაძე,იაგორ თავართქილაძე,,,majoritarians_all.pdf
local_2017,__main__,council_smd,construction_movement_2017,„ შენების მოძრაობა”,,1,ფოთი,,20,ალექსანდრე,თოფურია,ალექსანდრე თოფურია,,,majoritarians_all.pdf
local_2017,__main__,council_smd,construction_movement_2017,„შენების მოძრაობა”,,9,ფოთი,,20,მერაბი,სიმონია,მერაბი სიმონია,,,majoritarians_all.pdf
local_2017,__main__,council_smd,construction_movement_2017,„შენების მოძრაობა”,,3,ფოთი,,20,ლევანი,მაშავა,ლევანი მაშავა,,,majoritarians_all.pdf
local_2017,__main__,council_smd,construction_movement_2017,„შენების მოძრაობა”,,5,ფოთი,,20,ვასილ,დანელია,ვასილ დანელია,,,majoritarians_all.pdf
local_2017,__main__,council_smd,construction_movement_2017,„შენების მოძრაობა”,,10,ფოთი,,20,ცეზარი,წულაია,ცეზარი წულაია,,,majoritarians_all.pdf
local_2017,__main__,council_smd,gd,„ქართული ოცნება-დემოკრატიული საქართველო”,,9,ფოთი,,41,მალხაზი,ფოჩხუა,მალხაზი ფოჩხუა,,,majoritarians_all.pdf
local_2017,__main__,council_smd,gd,„ქართული ოცნება-დემოკრატიული საქართველო”,,10,ფოთი,,41,სამსონი,კუტალია,სამსონი კუტალია,,,majoritarians_all.pdf
local_2017,__main__,council_smd,gd,„ქართული ოცნება-დემოკრატიული საქართველო”,,7,ფოთი,,41,ზვიადი,დგებუაძე,ზვიადი დგებუაძე,,,majoritarians_all.pdf
local_2017,__main__,council_smd,gd,„ქართული ოცნება-დემოკრატიული საქართველო”,,8,ფოთი,,41,თორნიკე,კირთაძე,თორნიკე კირთაძე,,,majoritarians_all.pdf
local_2017,__main__,council_smd,gd,„ქართული ოცნება-დემოკრატიული საქართველო”,,5,ფოთი,,41,ოლეგი,ნაჭყებია,ოლეგი ნაჭყებია,,,majoritarians_all.pdf
local_2017,__main__,council_smd,gd,„ქართული ოცნება-დემოკრატიული საქართველო”,,6,ფოთი,,41,ბექა,ვაჭარაძე,ბექა ვაჭარაძე,,,majoritarians_all.pdf
local_2017,__main__,council_smd,gd,„ქართული ოცნება-დემოკრატიული საქართველო”,,1,ფოთი,,41,დავით,ესებუა,დავით ესებუა,,,majoritarians_all.pdf
local_2017,__main__,council_smd,gd,„ქართული ოცნება-დემოკრატიული საქართველო”,,4,ფოთი,,41,დავითი,კვიციანი,დავითი კვიციანი,,,majoritarians_all.pdf
local_2017,__main__,council_smd,gd,„ქართული ოცნება-დემოკრატიული საქართველო”,,2,ფოთი,,41,აპალონი,ბჟალავა,აპალონი ბჟალავა,,,majoritarians_all.pdf
local_2017,__main__,council_smd,gd,„ქართული ოცნება-დემოკრატიული საქართველო”,,3,ფოთი,,41,თორნიკე,შონია,თორნიკე შონია,,,majoritarians_all.pdf
local_2017,__main__,council_smd,initiative_group,"საინიციატივო ჯგუფი - გელა ბახბავა, პეტრე სურმავა, ნიკა მატკავა, გიორგი უჩანეიშვილი, გიორგი სიჭინავა",,9,ფოთი,,42,დავით,ბასილაია,დავით ბასილაია,,,majoritarians_all.pdf
local_2017,__main__,council_smd,european_georgia,"საარჩევნო ბლოკი „ბაქრაძე, უგულავა-ევროპული საქართველო”",,2,ბათუმი,,2,გიორგი,ქამადაძე,გიორგი ქამადაძე,,,majoritarians_all.pdf
local_2017,__main__,council_smd,european_georgia,"საარჩევნო ბლოკი „ბაქრაძე, უგულავა-ევროპული საქართველო”",,3,ბათუმი,,2,შოთა,ცაავა,შოთა ცაავა,,,majoritarians_all.pdf
local_2017,__main__,council_smd,european_georgia,"საარჩევნო ბლოკი „ბაქრაძე, უგულავა-ევროპული საქართველო”",,1,ბათუმი,,2,ნინო,კალანდაძე,ნინო კალანდაძე,,,majoritarians_all.pdf
local_2017,__main__,council_smd,european_georgia,"საარჩევნო ბლოკი „ბაქრაძე, უგულავა-ევროპული საქართველო”",,6,ბათუმი,,2,ავთანდილ,ბარამიძე,ავთანდილ ბარამიძე,,,majoritarians_all.pdf
local_2017,__main__,council_smd,european_georgia,"საარჩევნო ბლოკი „ბაქრაძე, უგულავა-ევროპული საქართველო”",,5,ბათუმი,,2,ბადრი,გორგაძე,ბადრი გორგაძე,,,majoritarians_all.pdf
local_2017,__main__,council_smd,european_georgia,"საარჩევნო ბლოკი „ბაქრაძე, უგულავა-ევროპული საქართველო”",,7,ბათუმი,,2,ალექსანდრე,მილორავა,ალექსანდრე მილორავა,,,majoritarians_all.pdf
local_2017,__main__,council_smd,european_georgia,"საარჩევნო ბლოკი „ბაქრაძე, უგულავა-ევროპული საქართველო”",,8,ბათუმი,,2,ირაკლი,ცენტერაძე,ირაკლი ცენტერაძე,,,majoritarians_all.pdf
local_2017,__main__,council_smd,european_georgia,"საარჩევნო ბლოკი „ბაქრაძე, უგულავა-ევროპული საქართველო”",,10,ბათუმი,,2,მედეა,გოგრაჭაძე,მედეა გოგრაჭაძე,,,majoritarians_all.pdf
local_2017,__main__,council_smd,european_georgia,"საარჩევნო ბლოკი „ბაქრაძე, უგულავა-ევროპული საქართველო”",,9,ბათუმი,,2,ამირან,ტაკიძე,ამირან ტაკიძე,,,majoritarians_all.pdf
local_2017,__main__,council_smd,european_georgia,"საარჩევნო ბლოკი „ბაქრაძე, უგულავა-ევროპული საქართველო”",,4,ბათუმი,,2,ნონა,რომანაძე,ნონა რომანაძე,,,majoritarians_all.pdf
local_2017,__main__,council_smd,free_georgia,"საარჩევნო ბლოკი „დიმიტრი ლორთქიფანიძე, კახა კუკავა-დემოკრატიული მოძრაობა-თავისუფალი საქართველო”",,3,ბათუმი,,3,რომან,ჯიქია,რომან ჯიქია,,,majoritarians_all.pdf
local_2017,__main__,council_smd,free_georgia,"საარჩევნო ბლოკი „დიმიტრი ლორთქიფანიძე, კახა კუკავა-დემოკრატიული მოძრაობა-თავისუფალი საქართველო”",,4,ბათუმი,,3,ისმაილ,სურმანიძე,ისმაილ სურმანიძე,,,majoritarians_all.pdf
local_2017,__main__,council_smd,free_georgia,"საარჩევნო ბლოკი „დიმიტრი ლორთქიფანიძე, კახა კუკავა-დემოკრატიული მოძრაობა-თავისუფალი საქართველო”",,1,ბათუმი,,3,მერაბ,ჯინჭარაძე,მერაბ ჯინჭარაძე,,,majoritarians_all.pdf
local_2017,__main__,council_smd,free_georgia,"საარჩევნო ბლოკი „დიმიტრი ლორთქიფანიძე, კახა კუკავა-დემოკრატიული მოძრაობა-თავისუფალი საქართველო”",,8,ბათუმი,,3,შაქრო,პაპიძე,შაქრო პაპიძე,,,majoritarians_all.pdf
local_2017,__main__,council_smd,free_georgia,"საარჩევნო ბლოკი „დიმიტრი ლორთქიფანიძე, კახა კუკავა-დემოკრატიული მოძრაობა-თავისუფალი საქართველო”",,9,ბათუმი,,3,ტარიელ,ძაგნიძე,ტარიელ ძაგნიძე,,,majoritarians_all.pdf
local_2017,__main__,council_smd,unm,საარჩევნო ბლოკი „ერთიანი ნაციონალური მოძრაობა”,,10,ბათუმი,,5,ზურაბ,ცინცაძე,ზურაბ ცინცაძე,,,majoritarians_all.pdf
local_2017,__main__,council_smd,unm,საარჩევნო ბლოკი „ერთიანი ნაციონალური მოძრაობა”,,2,ბათუმი,,5,ლიანა,მგელაძე,ლიანა მგელაძე,,,majoritarians_all.pdf
local_2017,__main__,council_smd,unm,საარჩევნო ბლოკი „ერთიანი ნაციონალური მოძრაობა”,,1,ბათუმი,,5,როინ,ზოიძე,როინ ზოიძე,,,majoritarians_all.pdf
local_2017,__main__,council_smd,unm,საარჩევნო ბლოკი „ერთიანი ნაციონალური მოძრაობა”,,3,ბათუმი,,5,ევგენ,კუნჭულია,ევგენ კუნჭულია,,,majoritarians_all.pdf
local_2017,__main__,council_smd,unm,საარჩევნო ბლოკი „ერთიანი ნაციონალური მოძრაობა”,,9,ბათუმი,,5,გელა,დეკანაძე,გელა დეკანაძე,,,majoritarians_all.pdf
local_2017,__main__,council_smd,unm,საარჩევნო ბლოკი „ერთიანი ნაციონალური მოძრაობა”,,8,ბათუმი,,5,გოჩა,სერგოშვილი,გოჩა სერგოშვილი,,,majoritarians_all.pdf
local_2017,__main__,council_smd,unm,საარჩევნო ბლოკი „ერთიანი ნაციონალური მოძრაობა”,,4,ბათუმი,,5,მამუკა,ქობულაძე,მამუკა ქობულაძე,,,majoritarians_all.pdf
local_2017,__main__,council_smd,unm,საარჩევნო ბლოკი „ერთიანი ნაციონალური მოძრაობა”,,6,ბათუმი,,5,მანანა,ილურიძე,მანანა ილურიძე,,,majoritarians_all.pdf
local_2017,__main__,council_smd,unm,საარჩევნო ბლოკი „ერთიანი ნაციონალური მოძრაობა”,,7,ბათუმი,,5,გივი,ნახუცრიშვილი,გივი ნახუცრიშვილი,,,majoritarians_all.pdf
local_2017,__main__,council_smd,unm,საარჩევნო ბლოკი „ერთიანი ნაციონალური მოძრაობა”,,5,ბათუმი,,5,ნოდარ,დუმბაძე,ნოდარ დუმბაძე,,,majoritarians_all.pdf
local_2017,__main__,council_smd,patriots,"„დავით თარხან-მოურავი, ირმა ინაშვილი - საქართველოს პატრიოტთა",,1,ბათუმი,,8,ალიანსი”ტარიელ,მამულაიშვილი,ალიანსი”ტარიელ მამულაიშვილი,,,majoritarians_all.pdf
local_2017,__main__,council_smd,patriots,"„დავით თარხან-მოურავი, ირმა ინაშვილი - საქართველოს პატრიოტთა",,2,ბათუმი,,8,ალიანსი”შალვენ,ბაზიაშვილი,ალიანსი”შალვენ ბაზიაშვილი,,,majoritarians_all.pdf
local_2017,__main__,council_smd,patriots,"„დავით თარხან-მოურავი, ირმა ინაშვილი - საქართველოს პატრიოტთა",,3,ბათუმი,,8,ალიანსი”ოლეგ,ბარამიძე,ალიანსი”ოლეგ ბარამიძე,,,majoritarians_all.pdf
local_2017,__main__,council_smd,patriots,"„დავით თარხან-მოურავი, ირმა ინაშვილი - საქართველოს პატრიოტთა",,4,ბათუმი,,8,ალიანსი”გურამ,მამულაძე,ალიანსი”გურამ მამულაძე,,,majoritarians_all.pdf
local_2017,__main__,council_smd,patriots,"„დავით თარხან-მოურავი, ირმა ინაშვილი - საქართველოს პატრიოტთა",,5,ბათუმი,,8,ალიანსი”ელგუჯა,ვარშანიძე,ალიანსი”ელგუჯა ვარშანიძე,,,majoritarians_all.pdf
local_2017,__main__,council_smd,patriots,"„დავით თარხან-მოურავი, ირმა ინაშვილი - საქართველოს პატრიოტთა",,6,ბათუმი,,8,ალიანსი”ნინო,დავითაშვილი,ალიანსი”ნინო დავითაშვილი,,,majoritarians_all.pdf
local_2017,__main__,council_smd,patriots,"„დავით თარხან-მოურავი, ირმა ინაშვილი - საქართველოს პატრიოტთა",,7,ბათუმი,,8,ალიანსი”ელგუჯა,პაიჭაძე,ალიანსი”ელგუჯა პაიჭაძე,,,majoritarians_all.pdf
local_2017,__main__,council_smd,patriots,"„დავით თარხან-მოურავი, ირმა ინაშვილი - საქართველოს პატრიოტთა",,8,ბათუმი,,8,ალიანსი”მამია,აბაშიძე,ალიანსი”მამია აბაშიძე,,,majoritarians_all.pdf
local_2017,__main__,council_smd,patriots,"„დავით თარხან-მოურავი, ირმა ინაშვილი - საქართველოს პატრიოტთა",,9,ბათუმი,,8,ალიანსი”კახაბერ,კეჭახმაძე,ალიანსი”კახაბერ კეჭახმაძე,,,majoritarians_all.pdf
local_2017,__main__,council_smd,patriots,"„დავით თარხან-მოურავი, ირმა ინაშვილი - საქართველოს პატრიოტთა",,10,ბათუმი,,8,ალიანსი”არჩილ,მამულაძე,ალიანსი”არჩილ მამულაძე,,,majoritarians_all.pdf
local_2017,__main__,council_smd,gd,„ქართული ოცნება-დემოკრატიული საქართველო”,,3,ბათუმი,,41,ნატალია,ზოიძე,ნატალია ზოიძე,,,majoritarians_all.pdf
local_2017,__main__,council_smd,gd,„ქართული ოცნება-დემოკრატიული საქართველო”,,1,ბათუმი,,41,თამაზ,სალუქვაძე,თამაზ სალუქვაძე,,,majoritarians_all.pdf
local_2017,__main__,council_smd,gd,„ქართული ოცნება-დემოკრატიული საქართველო”,,2,ბათუმი,,41,გოჩა,მგელაძე,გოჩა მგელაძე,,,majoritarians_all.pdf
local_2017,__main__,council_smd,gd,„ქართული ოცნება-დემოკრატიული საქართველო”,,7,ბათუმი,,41,ირაკლი,თოფურიძე,ირაკლი თოფურიძე,,,majoritarians_all.pdf
local_2017,__main__,council_smd,gd,„ქართული ოცნება-დემოკრატიული საქართველო”,,4,ბათუმი,,41,ანზორ,დევაძე,ანზორ დევაძე,,,majoritarians_all.pdf
local_2017,__main__,council_smd,gd,„ქართული ოცნება-დემოკრატიული საქართველო”,,8,ბათუმი,,41,ირაკლი,პატარიძე,ირაკლი პატარიძე,,,majoritarians_all.pdf
local_2017,__main__,council_smd,gd,„ქართული ოცნება-დემოკრატიული საქართველო”,,6,ბათუმი,,41,ზურაბ,ნაკაიძე,ზურაბ ნაკაიძე,,,majoritarians_all.pdf
local_2017,__main__,council_smd,gd,„ქართული ოცნება-დემოკრატიული საქართველო”,,9,ბათუმი,,41,ომარ,მახარაძე,ომარ მახარაძე,,,majoritarians_all.pdf
local_2017,__main__,council_smd,gd,„ქართული ოცნება-დემოკრატიული საქართველო”,,5,ბათუმი,,41,ელგუჯა,ანდრიაძე,ელგუჯა ანდრიაძე,,,majoritarians_all.pdf
local_2017,__main__,council_smd,gd,„ქართული ოცნება-დემოკრატიული საქართველო”,,10,ბათუმი,,41,მუხამედ,ართმელაძე,მუხამედ ართმელაძე,,,majoritarians_all.pdf
local_2017,__main__,council_smd,initiative_group,"საინიციატივო ჯგუფი - ნათელა მანელიშვილი,ნინო ტოროტაძე,ნუნუ უშვერიძე,ნაზიბროლა ტოროტაძე,ლეილა ხინთიბიძე",,7,ბათუმი,,42,ეთერ,მანელიშვილი,ეთერ მანელიშვილი,,,majoritarians_all.pdf
local_2017,__main__,council_smd,initiative_group,"საინიციატივო ჯგუფი - მურად იაკობაძე,ნერიმან აშლარბა,ნინო პაქსაძე,ნათია პაქსაძე,ინგა აშლარბა",,10,ბათუმი,,42,ჯემალ,პაქსაძე,ჯემალ პაქსაძე,,,majoritarians_all.pdf
local_2017,__main__,council_smd,initiative_group,"საინიციატივო ჯგუფი - ოლეგ მამულაძე,ჯუმბერ აბაშიძე,ნოდარ გუნდაძე,რაულ აბაშიძე,ფატი მამულაძე",,9,ბათუმი,,42,ნოდარ,მამულაძე,ნოდარ მამულაძე,,,majoritarians_all.pdf
local_2017,__main__,council_smd,european_georgia,"საარჩევნო ბლოკი „ბაქრაძე, უგულავა-ევროპული საქართველო”",,1,ქედა,,2,ჯუმბერ,შარაძე,ჯუმბერ შარაძე,,,majoritarians_all.pdf
local_2017,__main__,council_smd,european_georgia,"საარჩევნო ბლოკი „ბაქრაძე, უგულავა-ევროპული საქართველო”",,2,ქედა,,2,გია,ჩხუბაძე,გია ჩხუბაძე,,,majoritarians_all.pdf
local_2017,__main__,council_smd,european_georgia,"საარჩევნო ბლოკი „ბაქრაძე, უგულავა-ევროპული საქართველო”",,3,ქედა,,2,ნუგზარ,ბერიძე,ნუგზარ ბერიძე,,,majoritarians_all.pdf
local_2017,__main__,council_smd,european_georgia,"საარჩევნო ბლოკი „ბაქრაძე, უგულავა-ევროპული საქართველო”",,4,ქედა,,2,ისმაილ,დოლიძე,ისმაილ დოლიძე,,,majoritarians_all.pdf
local_2017,__main__,council_smd,european_georgia,"საარჩევნო ბლოკი „ბაქრაძე, უგულავა-ევროპული საქართველო”",,5,ქედა,,2,ბადრი,ხალვაში,ბადრი ხალვაში,,,majoritarians_all.pdf
local_2017,__main__,council_smd,european_georgia,"საარჩევნო ბლოკი „ბაქრაძე, უგულავა-ევროპული საქართველო”",,6,ქედა,,2,რაულ,ბოლქვაძე,რაულ ბოლქვაძე,,,majoritarians_all.pdf
local_2017,__main__,council_smd,european_georgia,"საარჩევნო ბლოკი „ბაქრაძე, უგულავა-ევროპული საქართველო”",,7,ქედა,,2,სულხან,მახარაძე,სულხან მახარაძე,,,majoritarians_all.pdf
local_2017,__main__,council_smd,european_georgia,"საარჩევნო ბლოკი „ბაქრაძე, უგულავა-ევროპული საქართველო”",,8,ქედა,,2,ზვიად,მამუჭაძე,ზვიად მამუჭაძე,,,majoritarians_all.pdf
local_2017,__main__,council_smd,european_georgia,"საარჩევნო ბლოკი „ბაქრაძე, უგულავა-ევროპული საქართველო”",,9,ქედა,,2,იზოლდა,ბარამიძე,იზოლდა ბარამიძე,,,majoritarians_all.pdf
local_2017,__main__,council_smd,free_georgia,"საარჩევნო ბლოკი „დიმიტრი ლორთქიფანიძე, კახა კუკავა-დემოკრატიული მოძრაობა-თავისუფალი საქართველო”",,1,ქედა,,3,რეზო,ნაკაშიძე,რეზო ნაკაშიძე,,,majoritarians_all.pdf
local_2017,__main__,council_smd,unm,საარჩევნო ბლოკი „ერთიანი ნაციონალური მოძრაობა”,,7,ქედა,,5,ნუგზარ,გოგუაძე,ნუგზარ გოგუაძე,,,majoritarians_all.pdf
local_2017,__main__,council_smd,unm,საარჩევნო ბლოკი „ერთიანი ნაციონალური მოძრაობა”,,8,ქედა,,5,ევგენი,დუმბაძე,ევგენი დუმბაძე,,,majoritarians_all.pdf
local_2017,__main__,council_smd,unm,საარჩევნო ბლოკი „ერთიანი ნაციონალური მოძრაობა”,,9,ქედა,,5,ბაქარ,ბარამიძე,ბაქარ ბარამიძე,,,majoritarians_all.pdf
local_2017,__main__,council_smd,unm,საარჩევნო ბლოკი „ერთიანი ნაციონალური მოძრაობა”,,2,ქედა,,5,ბადრი,ბალაძე,ბადრი ბალაძე,,,majoritarians_all.pdf
local_2017,__main__,council_smd,unm,საარჩევნო ბლოკი „ერთიანი ნაციონალური მოძრაობა”,,3,ქედა,,5,ზაურ,ჯაბნიძე,ზაურ ჯაბნიძე,,,majoritarians_all.pdf
local_2017,__main__,council_smd,unm,საარჩევნო ბლოკი „ერთიანი ნაციონალური მოძრაობა”,,4,ქედა,,5,რემზი,ბეჟანიძე,რემზი ბეჟანიძე,,,majoritarians_all.pdf
local_2017,__main__,council_smd,unm,საარჩევნო ბლოკი „ერთიანი ნაციონალური მოძრაობა”,,5,ქედა,,5,ჯემალ,შარაძე,ჯემალ შარაძე,,,majoritarians_all.pdf
local_2017,__main__,council_smd,unm,საარჩევნო ბლოკი „ერთიანი ნაციონალური მოძრაობა”,,6,ქედა,,5,ნოდარ,ჩხიკვაძე,ნოდარ ჩხიკვაძე,,,majoritarians_all.pdf
local_2017,__main__,council_smd,unm,საარჩევნო ბლოკი „ერთიანი ნაციონალური მოძრაობა”,,1,ქედა,,5,ბადრი,დიასამიძე,ბადრი დიასამიძე,,,majoritarians_all.pdf
local_2017,__main__,council_smd,patriots,"„დავით თარხან-მოურავი, ირმა ინაშვილი - საქართველოს პატრიოტთა",,2,ქედა,,8,ალიანსი”თენგიზ,ბალაძე,ალიანსი”თენგიზ ბალაძე,,,majoritarians_all.pdf
local_2017,__main__,council_smd,patriots,"„დავით თარხან-მოურავი, ირმა ინაშვილი - საქართველოს პატრიოტთა",,8,ქედა,,8,ალიანსი”იური,აბაშიძე,ალიანსი”იური აბაშიძე,,,majoritarians_all.pdf
local_2017,__main__,council_smd,patriots,"„დავით თარხან-მოურავი, ირმა ინაშვილი - საქართველოს პატრიოტთა",,9,ქედა,,8,ალიანსი”დავით,ბერიძე,ალიანსი”დავით ბერიძე,,,majoritarians_all.pdf
local_2017,__main__,council_smd,patriots,"„დავით თარხან-მოურავი, ირმა ინაშვილი - საქართველოს პატრიოტთა",,3,ქედა,,8,ალიანსი”ჯემალ,შერვაშიძე,ალიანსი”ჯემალ შერვაშიძე,,,majoritarians_all.pdf
local_2017,__main__,council_smd,patriots,"„დავით თარხან-მოურავი, ირმა ინაშვილი - საქართველოს პატრიოტთა",,5,ქედა,,8,ალიანსი”ავთანდილ,დიასამიძე,ალიანსი”ავთანდილ დიასამიძე,,,majoritarians_all.pdf
local_2017,__main__,council_smd,patriots,"„დავით თარხან-მოურავი, ირმა ინაშვილი - საქართველოს პატრიოტთა",,7,ქედა,,8,ალიანსი”ახმედ,თებიძე,ალიანსი”ახმედ თებიძე,,,majoritarians_all.pdf
local_2017,__main__,council_smd,patriots,"„დავით თარხან-მოურავი, ირმა ინაშვილი - საქართველოს პატრიოტთა",,4,ქედა,,8,ალიანსი”მანუჩარ,კახიძე,ალიანსი”მანუჩარ კახიძე,,,majoritarians_all.pdf
local_2017,__main__,council_smd,patriots,"„დავით თარხან-მოურავი, ირმა ინაშვილი - საქართველოს პატრიოტთა",,6,ქედა,,8,ალიანსი”გურამ,შერვაშიძე,ალიანსი”გურამ შერვაშიძე,,,majoritarians_all.pdf
local_2017,__main__,council_smd,patriots,"„დავით თარხან-მოურავი, ირმა ინაშვილი - საქართველოს პატრიოტთა",,1,ქედა,,8,ალიანსი”მინდია,აბაშიძე,ალიანსი”მინდია აბაშიძე,,,majoritarians_all.pdf
local_2017,__main__,council_smd,gd,„ქართული ოცნება-დემოკრატიული საქართველო”,,7,ქედა,,41,ბადრი,შავლიძე,ბადრი შავლიძე,,,majoritarians_all.pdf
local_2017,__main__,council_smd,gd,„ქართული ოცნება-დემოკრატიული საქართველო”,,3,ქედა,,41,ამირან,დევაძე,ამირან დევაძე,,,majoritarians_all.pdf
local_2017,__main__,council_smd,gd,„ქართული ოცნება-დემოკრატიული საქართველო”,,4,ქედა,,41,ზურაბ,თავდგირიძე,ზურაბ თავდგირიძე,,,majoritarians_all.pdf
local_2017,__main__,council_smd,gd,„ქართული ოცნება-დემოკრატიული საქართველო”,,1,ქედა,,41,კარლო,თურმანიძე,კარლო თურმანიძე,,,majoritarians_all.pdf
local_2017,__main__,council_smd,gd,„ქართული ოცნება-დემოკრატიული საქართველო”,,2,ქედა,,41,ოთარ,ხარაძე,ოთარ ხარაძე,,,majoritarians_all.pdf
local_2017,__main__,council_smd,gd,„ქართული ოცნება-დემოკრატიული საქართველო”,,5,ქედა,,41,შუქრი,თურმანიძე,შუქრი თურმანიძე,,,majoritarians_all.pdf
local_2017,__main__,council_smd,gd,„ქართული ოცნება-დემოკრატიული საქართველო”,,6,ქედა,,41,უშანგი,დუმბაძე,უშანგი დუმბაძე,,,majoritarians_all.pdf
local_2017,__main__,council_smd,gd,„ქართული ოცნება-დემოკრატიული საქართველო”,,8,ქედა,,41,ოთარ,ბოლქვაძე,ოთარ ბოლქვაძე,,,majoritarians_all.pdf
local_2017,__main__,council_smd,gd,„ქართული ოცნება-დემოკრატიული საქართველო”,,9,ქედა,,41,სილოვან,ბერიძე,სილოვან ბერიძე,,,majoritarians_all.pdf
local_2017,__main__,council_smd,initiative_group,"საინიციატივო ჯგუფი - ბეგლარ წითელაძე,მერაბ ხალვაში,ავთანდილ შარაძე,მაკა წითელაძე,ეკატერინე წითელაძე",,5,ქედა,,42,თეიმურაზ,კონცელიძე,თეიმურაზ კონცელიძე,,,majoritarians_all.pdf
local_2017,__main__,council_smd,initiative_group,"საინიციატივო ჯგუფი - ფრიდონ კოჩაძე,რაულ ვარშანიძე,თინათინ ესებიძე,მაია მალაყმაძე,ბეგლარ ღოღობერიძე",,4,ქედა,,42,ნანული,ყურშუბაძე,ნანული ყურშუბაძე,,,majoritarians_all.pdf
local_2017,__main__,council_smd,initiative_group,"საინიციატივო ჯგუფი - ასლან ჯორთმენაძე,გიორგი შაქარაძე,ედნარ ძნელაძე,ნუკრი შაქარაძე,ზვიად ბეჟანიძე",,1,ქედა,,42,ასლან,შაქარაძე,ასლან შაქარაძე,,,majoritarians_all.pdf
local_2017,__main__,council_smd,initiative_group,"საინიციატივო ჯგუფი - ლანა ღოღობერიძე,თამაზ ნიგალიძე,მინდია შოთაძე,ნუგზარ მალაყმაძე,ზურაბ დავითაძე",,4,ქედა,,43,მანუჩარ,დავითაძე,მანუჩარ დავითაძე,,,majoritarians_all.pdf
local_2017,__main__,council_smd,european_georgia,"საარჩევნო ბლოკი „ბაქრაძე, უგულავა-ევროპული საქართველო”",,11,ქობულეთი,,2,თემურ,ოქროპირიძე,თემურ ოქროპირიძე,,,majoritarians_all.pdf
local_2017,__main__,council_smd,european_georgia,"საარჩევნო ბლოკი „ბაქრაძე, უგულავა-ევროპული საქართველო”",,12,ქობულეთი,,2,ლევან,ცეცხლაძე,ლევან ცეცხლაძე,,,majoritarians_all.pdf
local_2017,__main__,council_smd,european_georgia,"საარჩევნო ბლოკი „ბაქრაძე, უგულავა-ევროპული საქართველო”",,10,ქობულეთი,,2,ამირან,მახარაძე,ამირან მახარაძე,,,majoritarians_all.pdf
local_2017,__main__,council_smd,european_georgia,"საარჩევნო ბლოკი „ბაქრაძე, უგულავა-ევროპული საქართველო”",,8,ქობულეთი,,2,ნონა,ტაკიძე,ნონა ტაკიძე,,,majoritarians_all.pdf
local_2017,__main__,council_smd,european_georgia,"საარჩევნო ბლოკი „ბაქრაძე, უგულავა-ევროპული საქართველო”",,9,ქობულეთი,,2,ამირან,ათაბაძე,ამირან ათაბაძე,,,majoritarians_all.pdf
local_2017,__main__,council_smd,european_georgia,"საარჩევნო ბლოკი „ბაქრაძე, უგულავა-ევროპული საქართველო”",,7,ქობულეთი,,2,პაატა,გოგმაჩაძე,პაატა გოგმაჩაძე,,,majoritarians_all.pdf
local_2017,__main__,council_smd,european_georgia,"საარჩევნო ბლოკი „ბაქრაძე, უგულავა-ევროპული საქართველო”",,1,ქობულეთი,,2,თამილა,ჩავლეიშვილი,თამილა ჩავლეიშვილი,,,majoritarians_all.pdf
local_2017,__main__,council_smd,european_georgia,"საარჩევნო ბლოკი „ბაქრაძე, უგულავა-ევროპული საქართველო”",,3,ქობულეთი,,2,მაკა,ცინარიძე,მაკა ცინარიძე,,,majoritarians_all.pdf
local_2017,__main__,council_smd,european_georgia,"საარჩევნო ბლოკი „ბაქრაძე, უგულავა-ევროპული საქართველო”",,4,ქობულეთი,,2,ვიტალი,შავიშვილი,ვიტალი შავიშვილი,,,majoritarians_all.pdf
local_2017,__main__,council_smd,european_georgia,"საარჩევნო ბლოკი „ბაქრაძე, უგულავა-ევროპული საქართველო”",,5,ქობულეთი,,2,ზაზა,მესხიძე,ზაზა მესხიძე,,,majoritarians_all.pdf
local_2017,__main__,council_smd,european_georgia,"საარჩევნო ბლოკი „ბაქრაძე, უგულავა-ევროპული საქართველო”",,6,ქობულეთი,,2,თამთა,დიასამიძე,თამთა დიასამიძე,,,majoritarians_all.pdf
local_2017,__main__,council_smd,european_georgia,"საარჩევნო ბლოკი „ბაქრაძე, უგულავა-ევროპული საქართველო”",,1,ქობულეთი,,2,ნაზიბროლა,ალიმოვა,ნაზიბროლა ალიმოვა,,,majoritarians_all.pdf
local_2017,__main__,council_smd,european_georgia,"საარჩევნო ბლოკი „ბაქრაძე, უგულავა-ევროპული საქართველო”",,1,ქობულეთი,,2,რევაზ,ჯალაღანია,რევაზ ჯალაღანია,,,majoritarians_all.pdf
local_2017,__main__,council_smd,european_georgia,"საარჩევნო ბლოკი „ბაქრაძე, უგულავა-ევროპული საქართველო”",,2,ქობულეთი,,2,შალვა,მახარაძე,შალვა მახარაძე,,,majoritarians_all.pdf
local_2017,__main__,council_smd,european_georgia,"საარჩევნო ბლოკი „ბაქრაძე, უგულავა-ევროპული საქართველო”",,20,ქობულეთი,,2,ელიზბარ,ვერულიძე,ელიზბარ ვერულიძე,,,majoritarians_all.pdf
local_2017,__main__,council_smd,european_georgia,"საარჩევნო ბლოკი „ბაქრაძე, უგულავა-ევროპული საქართველო”",,19,ქობულეთი,,2,ირაკლი,ქავჯარაძე,ირაკლი ქავჯარაძე,,,majoritarians_all.pdf
local_2017,__main__,council_smd,european_georgia,"საარჩევნო ბლოკი „ბაქრაძე, უგულავა-ევროპული საქართველო”",,18,ქობულეთი,,2,ჯემალ,გოლიაძე,ჯემალ გოლიაძე,,,majoritarians_all.pdf
local_2017,__main__,council_smd,european_georgia,"საარჩევნო ბლოკი „ბაქრაძე, უგულავა-ევროპული საქართველო”",,16,ქობულეთი,,2,ლაურა,შამილიშვილი,ლაურა შამილიშვილი,,,majoritarians_all.pdf
local_2017,__main__,council_smd,european_georgia,"საარჩევნო ბლოკი „ბაქრაძე, უგულავა-ევროპული საქართველო”",,17,ქობულეთი,,2,ნუგზარ,ქედელიძე,ნუგზარ ქედელიძე,,,majoritarians_all.pdf
local_2017,__main__,council_smd,european_georgia,"საარჩევნო ბლოკი „ბაქრაძე, უგულავა-ევროპული საქართველო”",,14,ქობულეთი,,2,რუსლან,გუნთაიშვილი,რუსლან გუნთაიშვილი,,,majoritarians_all.pdf
local_2017,__main__,council_smd,european_georgia,"საარჩევნო ბლოკი „ბაქრაძე, უგულავა-ევროპული საქართველო”",,15,ქობულეთი,,2,გოჩა,ქათამაძე,გოჩა ქათამაძე,,,majoritarians_all.pdf
local_2017,__main__,council_smd,european_georgia,"საარჩევნო ბლოკი „ბაქრაძე, უგულავა-ევროპული საქართველო”",,13,ქობულეთი,,2,ლალი,ხალვაში,ლალი ხალვაში,,,majoritarians_all.pdf
local_2017,__main__,council_smd,free_georgia,"საარჩევნო ბლოკი „დიმიტრი ლორთქიფანიძე, კახა კუკავა-დემოკრატიული მოძრაობა-თავისუფალი საქართველო”",,1,ქობულეთი,,3,ნინო,ბაუჟაძე,ნინო ბაუჟაძე,,,majoritarians_all.pdf
local_2017,__main__,council_smd,free_georgia,"საარჩევნო ბლოკი „დიმიტრი ლორთქიფანიძე, კახა კუკავა-დემოკრატიული მოძრაობა-თავისუფალი საქართველო”",,1,ქობულეთი,,3,გიზო,გოგიტიძე,გიზო გოგიტიძე,,,majoritarians_all.pdf
local_2017,__main__,council_smd,free_georgia,"საარჩევნო ბლოკი „დიმიტრი ლორთქიფანიძე, კახა კუკავა-დემოკრატიული მოძრაობა-თავისუფალი საქართველო”",,1,ქობულეთი,,3,ირმა,ოქროპირიძე,ირმა ოქროპირიძე,,,majoritarians_all.pdf
local_2017,__main__,council_smd,free_georgia,"საარჩევნო ბლოკი „დიმიტრი ლორთქიფანიძე, კახა კუკავა-დემოკრატიული მოძრაობა-თავისუფალი საქართველო”",,3,ქობულეთი,,3,ბეჟან,გოგრაჭაძე,ბეჟან გოგრაჭაძე,,,majoritarians_all.pdf
local_2017,__main__,council_smd,free_georgia,"საარჩევნო ბლოკი „დიმიტრი ლორთქიფანიძე, კახა კუკავა-დემოკრატიული მოძრაობა-თავისუფალი საქართველო”",,20,ქობულეთი,,3,თენგიზ,მჟავანაძე,თენგიზ მჟავანაძე,,,majoritarians_all.pdf
local_2017,__main__,council_smd,free_georgia,"საარჩევნო ბლოკი „დიმიტრი ლორთქიფანიძე, კახა კუკავა-დემოკრატიული მოძრაობა-თავისუფალი საქართველო”",,11,ქობულეთი,,3,ჯამბულ,სეფერთელაძე,ჯამბულ სეფერთელაძე,,,majoritarians_all.pdf
local_2017,__main__,council_smd,free_georgia,"საარჩევნო ბლოკი „დიმიტრი ლორთქიფანიძე, კახა კუკავა-დემოკრატიული მოძრაობა-თავისუფალი საქართველო”",,12,ქობულეთი,,3,ხვიჩა,გამარჯობაძე,ხვიჩა გამარჯობაძე,,,majoritarians_all.pdf
local_2017,__main__,council_smd,free_georgia,"საარჩევნო ბლოკი „დიმიტრი ლორთქიფანიძე, კახა კუკავა-დემოკრატიული მოძრაობა-თავისუფალი საქართველო”",,14,ქობულეთი,,3,მალხაზ,ბერიძე,მალხაზ ბერიძე,,,majoritarians_all.pdf
local_2017,__main__,council_smd,free_georgia,"საარჩევნო ბლოკი „დიმიტრი ლორთქიფანიძე, კახა კუკავა-დემოკრატიული მოძრაობა-თავისუფალი საქართველო”",,17,ქობულეთი,,3,დავით,ბერიძე,დავით ბერიძე,,,majoritarians_all.pdf
local_2017,__main__,council_smd,free_georgia,"საარჩევნო ბლოკი „დიმიტრი ლორთქიფანიძე, კახა კუკავა-დემოკრატიული მოძრაობა-თავისუფალი საქართველო”",,9,ქობულეთი,,3,ზვიადი,მგელაძე,ზვიადი მგელაძე,,,majoritarians_all.pdf
local_2017,__main__,council_smd,free_georgia,"საარჩევნო ბლოკი „დიმიტრი ლორთქიფანიძე, კახა კუკავა-დემოკრატიული მოძრაობა-თავისუფალი საქართველო”",,10,ქობულეთი,,3,დათუნა,ხარაზი,დათუნა ხარაზი,,,majoritarians_all.pdf
local_2017,__main__,council_smd,free_georgia,"საარჩევნო ბლოკი „დიმიტრი ლორთქიფანიძე, კახა კუკავა-დემოკრატიული მოძრაობა-თავისუფალი საქართველო”",,6,ქობულეთი,,3,ჯემალ,ბარამიძე,ჯემალ ბარამიძე,,,majoritarians_all.pdf
local_2017,__main__,council_smd,free_georgia,"საარჩევნო ბლოკი „დიმიტრი ლორთქიფანიძე, კახა კუკავა-დემოკრატიული მოძრაობა-თავისუფალი საქართველო”",,8,ქობულეთი,,3,ჯონი,მადოიშვილი,ჯონი მადოიშვილი,,,majoritarians_all.pdf
local_2017,__main__,council_smd,free_georgia,"საარჩევნო ბლოკი „დიმიტრი ლორთქიფანიძე, კახა კუკავა-დემოკრატიული მოძრაობა-თავისუფალი საქართველო”",,4,ქობულეთი,,3,გიორგი,მიქელაძე,გიორგი მიქელაძე,,,majoritarians_all.pdf
local_2017,__main__,council_smd,unm,საარჩევნო ბლოკი „ერთიანი ნაციონალური მოძრაობა”,,1,ქობულეთი,,5,მამუკა,ჯაბნიძე,მამუკა ჯაბნიძე,,,majoritarians_all.pdf
local_2017,__main__,council_smd,unm,საარჩევნო ბლოკი „ერთიანი ნაციონალური მოძრაობა”,,1,ქობულეთი,,5,არჩილ,ჯაფარიძე,არჩილ ჯაფარიძე,,,majoritarians_all.pdf
local_2017,__main__,council_smd,unm,საარჩევნო ბლოკი „ერთიანი ნაციონალური მოძრაობა”,,1,ქობულეთი,,5,გოჩა,კაკალაძე,გოჩა კაკალაძე,,,majoritarians_all.pdf
local_2017,__main__,council_smd,unm,საარჩევნო ბლოკი „ერთიანი ნაციონალური მოძრაობა”,,2,ქობულეთი,,5,მამული,სურმანიძე,მამული სურმანიძე,,,majoritarians_all.pdf
local_2017,__main__,council_smd,unm,საარჩევნო ბლოკი „ერთიანი ნაციონალური მოძრაობა”,,3,ქობულეთი,,5,გენადი,შიშმანიძე,გენადი შიშმანიძე,,,majoritarians_all.pdf
local_2017,__main__,council_smd,yes,საარჩევნო ბლოკი „ერთიანი ნაციონალური,,4,ქობულეთი,,5,მოძრაობა”,უჩაცეცხლაძე,მოძრაობა” უჩაცეცხლაძე,,,majoritarians_all.pdf
local_2017,__main__,council_smd,unm,საარჩევნო ბლოკი „ერთიანი ნაციონალური მოძრაობა”,,5,ქობულეთი,,5,ანზორ,მემარნე,ანზორ მემარნე,,,majoritarians_all.pdf
local_2017,__main__,council_smd,unm,საარჩევნო ბლოკი „ერთიანი ნაციონალური მოძრაობა”,,6,ქობულეთი,,5,ლევან,მახარაძე,ლევან მახარაძე,,,majoritarians_all.pdf
local_2017,__main__,council_smd,unm,საარჩევნო ბლოკი „ერთიანი ნაციონალური მოძრაობა”,,7,ქობულეთი,,5,მანუჩარ,გოხიძე,მანუჩარ გოხიძე,,,majoritarians_all.pdf
local_2017,__main__,council_smd,unm,საარჩევნო ბლოკი „ერთიანი ნაციონალური მოძრაობა”,,8,ქობულეთი,,5,ლადო,ჯაბნიძე,ლადო ჯაბნიძე,,,majoritarians_all.pdf
local_2017,__main__,council_smd,unm,საარჩევნო ბლოკი „ერთიანი ნაციონალური მოძრაობა”,,9,ქობულეთი,,5,გელა,მახარაძე,გელა მახარაძე,,,majoritarians_all.pdf
local_2017,__main__,council_smd,unm,საარჩევნო ბლოკი „ერთიანი ნაციონალური მოძრაობა”,,10,ქობულეთი,,5,ჯაბა,შაინიძე,ჯაბა შაინიძე,,,majoritarians_all.pdf
local_2017,__main__,council_smd,unm,საარჩევნო ბლოკი „ერთიანი ნაციონალური მოძრაობა”,,11,ქობულეთი,,5,ლევან,ცხომელიძე,ლევან ცხომელიძე,,,majoritarians_all.pdf
local_2017,__main__,council_smd,unm,საარჩევნო ბლოკი „ერთიანი ნაციონალური მოძრაობა”,,12,ქობულეთი,,5,თამაზ,მჟავანაძე,თამაზ მჟავანაძე,,,majoritarians_all.pdf
local_2017,__main__,council_smd,unm,საარჩევნო ბლოკი „ერთიანი ნაციონალური მოძრაობა”,,13,ქობულეთი,,5,თენგიზ,ბარამიძე,თენგიზ ბარამიძე,,,majoritarians_all.pdf
local_2017,__main__,council_smd,unm,საარჩევნო ბლოკი „ერთიანი ნაციონალური მოძრაობა”,,14,ქობულეთი,,5,გიორგი,ბერაძე,გიორგი ბერაძე,,,majoritarians_all.pdf
local_2017,__main__,council_smd,unm,საარჩევნო ბლოკი „ერთიანი ნაციონალური მოძრაობა”,,15,ქობულეთი,,5,თენგიზ,მეგრელიძე,თენგიზ მეგრელიძე,,,majoritarians_all.pdf
local_2017,__main__,council_smd,unm,საარჩევნო ბლოკი „ერთიანი ნაციონალური მოძრაობა”,,16,ქობულეთი,,5,ჯუმბერ,კობალაძე,ჯუმბერ კობალაძე,,,majoritarians_all.pdf
local_2017,__main__,council_smd,unm,საარჩევნო ბლოკი „ერთიანი ნაციონალური მოძრაობა”,,17,ქობულეთი,,5,ბონდო,თედორაძე,ბონდო თედორაძე,,,majoritarians_all.pdf
local_2017,__main__,council_smd,unm,საარჩევნო ბლოკი „ერთიანი ნაციონალური მოძრაობა”,,18,ქობულეთი,,5,გია,გეგიძე,გია გეგიძე,,,majoritarians_all.pdf
local_2017,__main__,council_smd,unm,საარჩევნო ბლოკი „ერთიანი ნაციონალური მოძრაობა”,,19,ქობულეთი,,5,მალხაზ,დიასამიძე,მალხაზ დიასამიძე,,,majoritarians_all.pdf
local_2017,__main__,council_smd,unm,საარჩევნო ბლოკი „ერთიანი ნაციონალური მოძრაობა”,,20,ქობულეთი,,5,გია,ხალვაში,გია ხალვაში,,,majoritarians_all.pdf
local_2017,__main__,council_smd,republicans_2016,„რესპუბლიკური პარტია”,,20,ქობულეთი,,6,ლევან,მოწყობილი,ლევან მოწყობილი,,,majoritarians_all.pdf
local_2017,__main__,council_smd,republicans_2016,„რესპუბლიკური პარტია”,,1,ქობულეთი,,6,გიორგი,ხინიკაძე,გიორგი ხინიკაძე,,,majoritarians_all.pdf
local_2017,__main__,council_smd,republicans_2016,„რესპუბლიკური პარტია”,,17,ქობულეთი,,6,ლევან,ხინიკაძე,ლევან ხინიკაძე,,,majoritarians_all.pdf
local_2017,__main__,council_smd,patriots,"„დავით თარხან-მოურავი, ირმა ინაშვილი - საქართველოს პატრიოტთა",,4,ქობულეთი,,8,ალიანსი”ვაჟა,მენაღარიშვილი,ალიანსი”ვაჟა მენაღარიშვილი,,,majoritarians_all.pdf
local_2017,__main__,council_smd,patriots,"„დავით თარხან-მოურავი, ირმა ინაშვილი - საქართველოს პატრიოტთა",,5,ქობულეთი,,8,ალიანსი”ლანდა,მსხალაძე,ალიანსი”ლანდა მსხალაძე,,,majoritarians_all.pdf
local_2017,__main__,council_smd,patriots,"„დავით თარხან-მოურავი, ირმა ინაშვილი - საქართველოს პატრიოტთა",,6,ქობულეთი,,8,ალიანსი”ვაჟა,ქათამაძე,ალიანსი”ვაჟა ქათამაძე,,,majoritarians_all.pdf
local_2017,__main__,council_smd,patriots,"„დავით თარხან-მოურავი, ირმა ინაშვილი - საქართველოს პატრიოტთა",,7,ქობულეთი,,8,ალიანსი”თენგიზ,გიორგაძე,ალიანსი”თენგიზ გიორგაძე,,,majoritarians_all.pdf
local_2017,__main__,council_smd,patriots,"„დავით თარხან-მოურავი, ირმა ინაშვილი - საქართველოს პატრიოტთა",,8,ქობულეთი,,8,ალიანსი”ზურაბ,ჯინჭარაძე,ალიანსი”ზურაბ ჯინჭარაძე,,,majoritarians_all.pdf
local_2017,__main__,council_smd,patriots,"„დავით თარხან-მოურავი, ირმა ინაშვილი - საქართველოს პატრიოტთა",,9,ქობულეთი,,8,ალიანსი”რამაზ,ბაუჟაძე,ალიანსი”რამაზ ბაუჟაძე,,,majoritarians_all.pdf
local_2017,__main__,council_smd,patriots,"„დავით თარხან-მოურავი, ირმა ინაშვილი - საქართველოს პატრიოტთა",,10,ქობულეთი,,8,ალიანსი”ამირან,მესხიძე,ალიანსი”ამირან მესხიძე,,,majoritarians_all.pdf
local_2017,__main__,council_smd,patriots,"„დავით თარხან-მოურავი, ირმა ინაშვილი - საქართველოს პატრიოტთა",,11,ქობულეთი,,8,ალიანსი”დავით,უსტალიშვილი,ალიანსი”დავით უსტალიშვილი,,,majoritarians_all.pdf
local_2017,__main__,council_smd,patriots,"„დავით თარხან-მოურავი, ირმა ინაშვილი - საქართველოს პატრიოტთა",,12,ქობულეთი,,8,ალიანსი”ხვიჩა,მენაღარიშვილი,ალიანსი”ხვიჩა მენაღარიშვილი,,,majoritarians_all.pdf
local_2017,__main__,council_smd,patriots,"„დავით თარხან-მოურავი, ირმა ინაშვილი - საქართველოს პატრიოტთა",,13,ქობულეთი,,8,ალიანსი”ლია,ბერიძე,ალიანსი”ლია ბერიძე,,,majoritarians_all.pdf
local_2017,__main__,council_smd,patriots,"„დავით თარხან-მოურავი, ირმა ინაშვილი - საქართველოს პატრიოტთა",,14,ქობულეთი,,8,ალიანსი”თენგიზ,ბერაძე,ალიანსი”თენგიზ ბერაძე,,,majoritarians_all.pdf
local_2017,__main__,council_smd,patriots,"„დავით თარხან-მოურავი, ირმა ინაშვილი - საქართველოს პატრიოტთა",,15,ქობულეთი,,8,ალიანსი”მაყვალა,ჯაფარიძე,ალიანსი”მაყვალა ჯაფარიძე,,,majoritarians_all.pdf
local_2017,__main__,council_smd,patriots,"„დავით თარხან-მოურავი, ირმა ინაშვილი - საქართველოს პატრიოტთა",,16,ქობულეთი,,8,ალიანსი”გია,ყურშუბაძე,ალიანსი”გია ყურშუბაძე,,,majoritarians_all.pdf
local_2017,__main__,council_smd,patriots,"„დავით თარხან-მოურავი, ირმა ინაშვილი - საქართველოს პატრიოტთა",,17,ქობულეთი,,8,ალიანსი”ზაზა,ჩიკვაიძე,ალიანსი”ზაზა ჩიკვაიძე,,,majoritarians_all.pdf
local_2017,__main__,council_smd,patriots,"„დავით თარხან-მოურავი, ირმა ინაშვილი - საქართველოს პატრიოტთა",,18,ქობულეთი,,8,ალიანსი”დავით,კილაძე,ალიანსი”დავით კილაძე,,,majoritarians_all.pdf
local_2017,__main__,council_smd,patriots,"„დავით თარხან-მოურავი, ირმა ინაშვილი - საქართველოს პატრიოტთა",,19,ქობულეთი,,8,ალიანსი”ჯეირან,ფალავანდიშვილი,ალიანსი”ჯეირან ფალავანდიშვილი,,,majoritarians_all.pdf
local_2017,__main__,council_smd,patriots,"„დავით თარხან-მოურავი, ირმა ინაშვილი - საქართველოს პატრიოტთა",,20,ქობულეთი,,8,ალიანსი”ლერი,ზოიძე,ალიანსი”ლერი ზოიძე,,,majoritarians_all.pdf
local_2017,__main__,council_smd,patriots,"„დავით თარხან-მოურავი, ირმა ინაშვილი - საქართველოს პატრიოტთა",,1,ქობულეთი,,8,ალიანსი”ნადეჟდა,ცივაძე,ალიანსი”ნადეჟდა ცივაძე,,,majoritarians_all.pdf
local_2017,__main__,council_smd,patriots,"„დავით თარხან-მოურავი, ირმა ინაშვილი - საქართველოს პატრიოტთა",,1,ქობულეთი,,8,ალიანსი”მერაბ,ნემსაძე,ალიანსი”მერაბ ნემსაძე,,,majoritarians_all.pdf
local_2017,__main__,council_smd,patriots,"„დავით თარხან-მოურავი, ირმა ინაშვილი - საქართველოს პატრიოტთა",,1,ქობულეთი,,8,ალიანსი”ამირან,ლაზიშვილი,ალიანსი”ამირან ლაზიშვილი,,,majoritarians_all.pdf
local_2017,__main__,council_smd,patriots,"„დავით თარხან-მოურავი, ირმა ინაშვილი - საქართველოს პატრიოტთა",,2,ქობულეთი,,8,ალიანსი”ზურაბ,ქარცივაძე,ალიანსი”ზურაბ ქარცივაძე,,,majoritarians_all.pdf
local_2017,__main__,council_smd,patriots,"„დავით თარხან-მოურავი, ირმა ინაშვილი - საქართველოს პატრიოტთა",,3,ქობულეთი,,8,ალიანსი”რეზო,დოლიძე,ალიანსი”რეზო დოლიძე,,,majoritarians_all.pdf
local_2017,__main__,council_smd,gd,„ქართული ოცნება-დემოკრატიული საქართველო”,,1,ქობულეთი,,41,დავით,წულუკიძე,დავით წულუკიძე,,,majoritarians_all.pdf
local_2017,__main__,council_smd,gd,„ქართული ოცნება-დემოკრატიული საქართველო”,,1,ქობულეთი,,41,დავით,მჭედლიშვილი,დავით მჭედლიშვილი,,,majoritarians_all.pdf
local_2017,__main__,council_smd,gd,„ქართული ოცნება-დემოკრატიული საქართველო”,,1,ქობულეთი,,41,ავთანდილ,გოგიბერიძე,ავთანდილ გოგიბერიძე,,,majoritarians_all.pdf
local_2017,__main__,council_smd,gd,„ქართული ოცნება-დემოკრატიული საქართველო”,,2,ქობულეთი,,41,ბონდო,სურმანიძე,ბონდო სურმანიძე,,,majoritarians_all.pdf
local_2017,__main__,council_smd,gd,„ქართული ოცნება-დემოკრატიული საქართველო”,,4,ქობულეთი,,41,მანუჩარ,ნიჟარაძე,მანუჩარ ნიჟარაძე,,,majoritarians_all.pdf
local_2017,__main__,council_smd,gd,„ქართული ოცნება-დემოკრატიული საქართველო”,,3,ქობულეთი,,41,მამუკა,შამილიშვილი,მამუკა შამილიშვილი,,,majoritarians_all.pdf
local_2017,__main__,council_smd,gd,„ქართული ოცნება-დემოკრატიული საქართველო”,,5,ქობულეთი,,41,ავთანდილ,ზოიძე,ავთანდილ ზოიძე,,,majoritarians_all.pdf
local_2017,__main__,council_smd,gd,„ქართული ოცნება-დემოკრატიული საქართველო”,,6,ქობულეთი,,41,გენადი,თამაზაშვილი,გენადი თამაზაშვილი,,,majoritarians_all.pdf
local_2017,__main__,council_smd,gd,„ქართული ოცნება-დემოკრატიული საქართველო”,,7,ქობულეთი,,41,რომან,მოწყობილი,რომან მოწყობილი,,,majoritarians_all.pdf
local_2017,__main__,council_smd,gd,„ქართული ოცნება-დემოკრატიული საქართველო”,,8,ქობულეთი,,41,მალხაზ,რომანაძე,მალხაზ რომანაძე,,,majoritarians_all.pdf
local_2017,__main__,council_smd,gd,„ქართული ოცნება-დემოკრატიული საქართველო”,,9,ქობულეთი,,41,ქეთინო,ქათამაძე,ქეთინო ქათამაძე,,,majoritarians_all.pdf
local_2017,__main__,council_smd,gd,„ქართული ოცნება-დემოკრატიული საქართველო”,,10,ქობულეთი,,41,ავთანდილ,ვერულიძე,ავთანდილ ვერულიძე,,,majoritarians_all.pdf
local_2017,__main__,council_smd,gd,„ქართული ოცნება-დემოკრატიული საქართველო”,,11,ქობულეთი,,41,ავთანდილ,ანანიძე,ავთანდილ ანანიძე,,,majoritarians_all.pdf
local_2017,__main__,council_smd,gd,„ქართული ოცნება-დემოკრატიული საქართველო”,,12,ქობულეთი,,41,თედო,ტაკიძე,თედო ტაკიძე,,,majoritarians_all.pdf
local_2017,__main__,council_smd,gd,„ქართული ოცნება-დემოკრატიული საქართველო”,,13,ქობულეთი,,41,ედნარ,თურმანიძე,ედნარ თურმანიძე,,,majoritarians_all.pdf
local_2017,__main__,council_smd,gd,„ქართული ოცნება-დემოკრატიული საქართველო”,,14,ქობულეთი,,41,ვიტალი,ქარცივაძე,ვიტალი ქარცივაძე,,,majoritarians_all.pdf
local_2017,__main__,council_smd,gd,„ქართული ოცნება-დემოკრატიული საქართველო”,,15,ქობულეთი,,41,სოსო,ჯაფარიძე,სოსო ჯაფარიძე,,,majoritarians_all.pdf
local_2017,__main__,council_smd,gd,„ქართული ოცნება-დემოკრატიული საქართველო”,,16,ქობულეთი,,41,გურამ,აბაშიძე,გურამ აბაშიძე,,,majoritarians_all.pdf
local_2017,__main__,council_smd,gd,„ქართული ოცნება-დემოკრატიული საქართველო”,,17,ქობულეთი,,41,ვაჟა,შავიშვილი,ვაჟა შავიშვილი,,,majoritarians_all.pdf
local_2017,__main__,council_smd,gd,„ქართული ოცნება-დემოკრატიული საქართველო”,,18,ქობულეთი,,41,თემურ,მოწყობილი,თემურ მოწყობილი,,,majoritarians_all.pdf
local_2017,__main__,council_smd,gd,„ქართული ოცნება-დემოკრატიული საქართველო”,,19,ქობულეთი,,41,ნანული,ვასაძე,ნანული ვასაძე,,,majoritarians_all.pdf
local_2017,__main__,council_smd,gd,„ქართული ოცნება-დემოკრატიული საქართველო”,,20,ქობულეთი,,41,არჩილ,დუმბაძე,არჩილ დუმბაძე,,,majoritarians_all.pdf
local_2017,__main__,council_smd,european_georgia,"საარჩევნო ბლოკი „ბაქრაძე, უგულავა-ევროპული საქართველო”",,1,შუახევი,,2,შოთა,ქამადაძე,შოთა ქამადაძე,,,majoritarians_all.pdf
local_2017,__main__,council_smd,european_georgia,"საარჩევნო ბლოკი „ბაქრაძე, უგულავა-ევროპული საქართველო”",,2,შუახევი,,2,ჯუმბერ,დუმბაძე,ჯუმბერ დუმბაძე,,,majoritarians_all.pdf
local_2017,__main__,council_smd,european_georgia,"საარჩევნო ბლოკი „ბაქრაძე, უგულავა-ევროპული საქართველო”",,9,შუახევი,,2,გელა,მჟავანაძე,გელა მჟავანაძე,,,majoritarians_all.pdf
local_2017,__main__,council_smd,european_georgia,"საარჩევნო ბლოკი „ბაქრაძე, უგულავა-ევროპული საქართველო”",,4,შუახევი,,2,ზურაბ,დიასამიძე,ზურაბ დიასამიძე,,,majoritarians_all.pdf
local_2017,__main__,council_smd,european_georgia,"საარჩევნო ბლოკი „ბაქრაძე, უგულავა-ევროპული საქართველო”",,8,შუახევი,,2,ირინა,ხილაძე,ირინა ხილაძე,,,majoritarians_all.pdf
local_2017,__main__,council_smd,european_georgia,"საარჩევნო ბლოკი „ბაქრაძე, უგულავა-ევროპული საქართველო”",,3,შუახევი,,2,არჩილ,გოგიტიძე,არჩილ გოგიტიძე,,,majoritarians_all.pdf
local_2017,__main__,council_smd,european_georgia,"საარჩევნო ბლოკი „ბაქრაძე, უგულავა-ევროპული საქართველო”",,5,შუახევი,,2,ჯემალ,დავითაძე,ჯემალ დავითაძე,,,majoritarians_all.pdf
local_2017,__main__,council_smd,european_georgia,"საარჩევნო ბლოკი „ბაქრაძე, უგულავა-ევროპული საქართველო”",,6,შუახევი,,2,ვახტანგ,გოჩიტიძე,ვახტანგ გოჩიტიძე,,,majoritarians_all.pdf
local_2017,__main__,council_smd,european_georgia,"საარჩევნო ბლოკი „ბაქრაძე, უგულავა-ევროპული საქართველო”",,7,შუახევი,,2,მზია,ბერიძე,მზია ბერიძე,,,majoritarians_all.pdf
local_2017,__main__,council_smd,free_georgia,"საარჩევნო ბლოკი „დიმიტრი ლორთქიფანიძე, კახა კუკავა-დემოკრატიული მოძრაობა-თავისუფალი საქართველო”",,1,შუახევი,,3,დავით,დავითაძე,დავით დავითაძე,,,majoritarians_all.pdf
local_2017,__main__,council_smd,free_georgia,"საარჩევნო ბლოკი „დიმიტრი ლორთქიფანიძე, კახა კუკავა-დემოკრატიული მოძრაობა-თავისუფალი საქართველო”",,2,შუახევი,,3,დალი,ტაკიძე,დალი ტაკიძე,,,majoritarians_all.pdf
local_2017,__main__,council_smd,unm,საარჩევნო ბლოკი „ერთიანი ნაციონალური მოძრაობა”,,1,შუახევი,,5,ზურაბ,დიასამიძე,ზურაბ დიასამიძე,,,majoritarians_all.pdf
local_2017,__main__,council_smd,unm,საარჩევნო ბლოკი „ერთიანი ნაციონალური მოძრაობა”,,2,შუახევი,,5,ჯემალ,ჯაყელი,ჯემალ ჯაყელი,,,majoritarians_all.pdf
local_2017,__main__,council_smd,unm,საარჩევნო ბლოკი „ერთიანი ნაციონალური მოძრაობა”,,3,შუახევი,,5,გენად,ფუტკარაძე,გენად ფუტკარაძე,,,majoritarians_all.pdf
local_2017,__main__,council_smd,unm,საარჩევნო ბლოკი „ერთიანი ნაციონალური მოძრაობა”,,4,შუახევი,,5,ამირან,ხიმშიაშვილი,ამირან ხიმშიაშვილი,,,majoritarians_all.pdf
local_2017,__main__,council_smd,unm,საარჩევნო ბლოკი „ერთიანი ნაციონალური მოძრაობა”,,5,შუახევი,,5,ზურაბ,მაკარაძე,ზურაბ მაკარაძე,,,majoritarians_all.pdf
local_2017,__main__,council_smd,unm,საარჩევნო ბლოკი „ერთიანი ნაციონალური მოძრაობა”,,6,შუახევი,,5,თამაზ,აბუსელიძე,თამაზ აბუსელიძე,,,majoritarians_all.pdf
local_2017,__main__,council_smd,unm,საარჩევნო ბლოკი „ერთიანი ნაციონალური მოძრაობა”,,7,შუახევი,,5,გენად,ბოლქვაძე,გენად ბოლქვაძე,,,majoritarians_all.pdf
local_2017,__main__,council_smd,unm,საარჩევნო ბლოკი „ერთიანი ნაციონალური მოძრაობა”,,8,შუახევი,,5,გენად,ბოლქვაძე,გენად ბოლქვაძე,,,majoritarians_all.pdf
local_2017,__main__,council_smd,unm,საარჩევნო ბლოკი „ერთიანი ნაციონალური მოძრაობა”,,9,შუახევი,,5,ზურაბ,შარაშიძე,ზურაბ შარაშიძე,,,majoritarians_all.pdf
local_2017,__main__,council_smd,patriots,"„დავით თარხან-მოურავი, ირმა ინაშვილი - საქართველოს პატრიოტთა",,2,შუახევი,,8,ალიანსი”დურსუნ,ჯაყელი,ალიანსი”დურსუნ ჯაყელი,,,majoritarians_all.pdf
local_2017,__main__,council_smd,patriots,"„დავით თარხან-მოურავი, ირმა ინაშვილი - საქართველოს პატრიოტთა",,3,შუახევი,,8,ალიანსი”სერიოჟა,აბაშიძე,ალიანსი”სერიოჟა აბაშიძე,,,majoritarians_all.pdf
local_2017,__main__,council_smd,patriots,"„დავით თარხან-მოურავი, ირმა ინაშვილი - საქართველოს პატრიოტთა",,4,შუახევი,,8,ალიანსი”დიმიტრი,მიქელაძე,ალიანსი”დიმიტრი მიქელაძე,,,majoritarians_all.pdf
local_2017,__main__,council_smd,patriots,"„დავით თარხან-მოურავი, ირმა ინაშვილი - საქართველოს პატრიოტთა",,5,შუახევი,,8,ალიანსი”ბეგლარ,ფუტკარაძე,ალიანსი”ბეგლარ ფუტკარაძე,,,majoritarians_all.pdf
local_2017,__main__,council_smd,patriots,"„დავით თარხან-მოურავი, ირმა ინაშვილი - საქართველოს პატრიოტთა",,6,შუახევი,,8,ალიანსი”ნაზიკო,თურმანიძე,ალიანსი”ნაზიკო თურმანიძე,,,majoritarians_all.pdf
local_2017,__main__,council_smd,patriots,"„დავით თარხან-მოურავი, ირმა ინაშვილი - საქართველოს პატრიოტთა",,7,შუახევი,,8,ალიანსი”რომან,ხალაძე,ალიანსი”რომან ხალაძე,,,majoritarians_all.pdf
local_2017,__main__,council_smd,patriots,"„დავით თარხან-მოურავი, ირმა ინაშვილი - საქართველოს პატრიოტთა",,8,შუახევი,,8,ალიანსი”იური,ბერიძე,ალიანსი”იური ბერიძე,,,majoritarians_all.pdf
local_2017,__main__,council_smd,patriots,"„დავით თარხან-მოურავი, ირმა ინაშვილი - საქართველოს პატრიოტთა",,9,შუახევი,,8,ალიანსი”გივი,თავდგირიძე,ალიანსი”გივი თავდგირიძე,,,majoritarians_all.pdf
local_2017,__main__,council_smd,patriots,"„დავით თარხან-მოურავი, ირმა ინაშვილი - საქართველოს პატრიოტთა",,1,შუახევი,,8,ალიანსი”ამირან,დავითაძე,ალიანსი”ამირან დავითაძე,,,majoritarians_all.pdf
local_2017,__main__,council_smd,patriots,„საქართველო”,,6,შუახევი,,17,შალვა,ველიაძე,შალვა ველიაძე,,,majoritarians_all.pdf
local_2017,__main__,council_smd,patriots,„საქართველო”,,5,შუახევი,,17,რამაზ,მახარაძე,რამაზ მახარაძე,,,majoritarians_all.pdf
local_2017,__main__,council_smd,patriots,„საქართველო”,,3,შუახევი,,17,ლევან,ფუტკარაძე,ლევან ფუტკარაძე,,,majoritarians_all.pdf
local_2017,__main__,council_smd,patriots,„საქართველო”,,1,შუახევი,,17,ავთანდილ,ბოლქვაძე,ავთანდილ ბოლქვაძე,,,majoritarians_all.pdf
local_2017,__main__,council_smd,patriots,„საქართველო”,,2,შუახევი,,17,დიანა,ბოლქვაძე,დიანა ბოლქვაძე,,,majoritarians_all.pdf
local_2017,__main__,council_smd,patriots,„საქართველო”,,9,შუახევი,,17,რევაზ,ამაღლობელი,რევაზ ამაღლობელი,,,majoritarians_all.pdf
local_2017,__main__,council_smd,patriots,„საქართველო”,,4,შუახევი,,17,ჯონი,მელიქიშვილი,ჯონი მელიქიშვილი,,,majoritarians_all.pdf
local_2017,__main__,council_smd,patriots,„საქართველო”,,8,შუახევი,,17,ზებურ,ათაბაგი,ზებურ ათაბაგი,,,majoritarians_all.pdf
local_2017,__main__,council_smd,construction_movement_2017,„შენების მოძრაობა”,,9,შუახევი,,20,ლამარა,ხალვაში,ლამარა ხალვაში,,,majoritarians_all.pdf
local_2017,__main__,council_smd,gd,„ქართული ოცნება-დემოკრატიული საქართველო”,,8,შუახევი,,41,სულიკო,ბოლქვაძე,სულიკო ბოლქვაძე,,,majoritarians_all.pdf
local_2017,__main__,council_smd,gd,„ქართული ოცნება-დემოკრატიული საქართველო”,,7,შუახევი,,41,ემზარ,ჯუმუშაძე,ემზარ ჯუმუშაძე,,,majoritarians_all.pdf
local_2017,__main__,council_smd,gd,„ქართული ოცნება-დემოკრატიული საქართველო”,,9,შუახევი,,41,ზურაბ,ვაშაყმაძე,ზურაბ ვაშაყმაძე,,,majoritarians_all.pdf
local_2017,__main__,council_smd,gd,„ქართული ოცნება-დემოკრატიული საქართველო”,,5,შუახევი,,41,გენად,მიქელაძე,გენად მიქელაძე,,,majoritarians_all.pdf
local_2017,__main__,council_smd,gd,„ქართული ოცნება-დემოკრატიული საქართველო”,,6,შუახევი,,41,ჯემალ,ივანაძე,ჯემალ ივანაძე,,,majoritarians_all.pdf
local_2017,__main__,council_smd,gd,„ქართული ოცნება-დემოკრატიული საქართველო”,,1,შუახევი,,41,გიორგი,დავითაძე,გიორგი დავითაძე,,,majoritarians_all.pdf
local_2017,__main__,council_smd,gd,„ქართული ოცნება-დემოკრატიული საქართველო”,,2,შუახევი,,41,მურად,ქათამაძე,მურად ქათამაძე,,,majoritarians_all.pdf
local_2017,__main__,council_smd,gd,„ქართული ოცნება-დემოკრატიული საქართველო”,,3,შუახევი,,41,იმედა,მუკუტაძე,იმედა მუკუტაძე,,,majoritarians_all.pdf
local_2017,__main__,council_smd,gd,„ქართული ოცნება-დემოკრატიული საქართველო”,,4,შუახევი,,41,ამირან,ბერიძე,ამირან ბერიძე,,,majoritarians_all.pdf
local_2017,__main__,council_smd,initiative_group,"საინიციატივო ჯგუფი - 42. რეზო ტაკიძე, შორენა ტაკიძე, სერგო ტაკიძე, ასმათ ბოლქვაძე, ზურაბ ტაკიძე",,9,შუახევი,,42,თამაზ,ტაკიძე,თამაზ ტაკიძე,,,majoritarians_all.pdf
local_2017,__main__,council_smd,initiative_group,"საინიციატივო ჯგუფი - 42. ხვიჩა ცეცხლაძე, ლერი ფუტკარაძე, ინგა ცეცხლაძე, გულნაზ ტაკიძე, რუბენ გუნდაძე",,1,შუახევი,,42,მაყვალა,ცეცხლაძე,მაყვალა ცეცხლაძე,,,majoritarians_all.pdf
local_2017,__main__,council_smd,initiative_group,"საინიციატივო ჯგუფი - 42. რამაზ ხიმშიაშვილი, იამზე ტარიელაძე, როლანდ თურმანიძე, ნოდარ ქამადაძე, თამილა კეკელიძე",,4,შუახევი,,42,თამარა,მიქელაძე,თამარა მიქელაძე,,,majoritarians_all.pdf
local_2017,__main__,council_smd,european_georgia,"საარჩევნო ბლოკი „ბაქრაძე, უგულავა-ევროპული საქართველო”",,5,ხელვაჩაური,,2,თეიმურაზ,მუთიძე,თეიმურაზ მუთიძე,,,majoritarians_all.pdf
local_2017,__main__,council_smd,european_georgia,"საარჩევნო ბლოკი „ბაქრაძე, უგულავა-ევროპული საქართველო”",,4,ხელვაჩაური,,2,მიხეილ,ქამადაძე,მიხეილ ქამადაძე,,,majoritarians_all.pdf
local_2017,__main__,council_smd,european_georgia,"საარჩევნო ბლოკი „ბაქრაძე, უგულავა-ევროპული საქართველო”",,3,ხელვაჩაური,,2,მერაბ,ბერიძე,მერაბ ბერიძე,,,majoritarians_all.pdf
local_2017,__main__,council_smd,european_georgia,"საარჩევნო ბლოკი „ბაქრაძე, უგულავა-ევროპული საქართველო”",,9,ხელვაჩაური,,2,თენგიზ,მალაყმაძე,თენგიზ მალაყმაძე,,,majoritarians_all.pdf
local_2017,__main__,council_smd,european_georgia,"საარჩევნო ბლოკი „ბაქრაძე, უგულავა-ევროპული საქართველო”",,8,ხელვაჩაური,,2,გენადი,მუთიძე,გენადი მუთიძე,,,majoritarians_all.pdf
local_2017,__main__,council_smd,european_georgia,"საარჩევნო ბლოკი „ბაქრაძე, უგულავა-ევროპული საქართველო”",,2,ხელვაჩაური,,2,ხათუნა,კომახიძე,ხათუნა კომახიძე,,,majoritarians_all.pdf
local_2017,__main__,council_smd,european_georgia,"საარჩევნო ბლოკი „ბაქრაძე, უგულავა-ევროპული საქართველო”",,6,ხელვაჩაური,,2,ბეგლარ,ბალაძე,ბეგლარ ბალაძე,,,majoritarians_all.pdf
local_2017,__main__,council_smd,european_georgia,"საარჩევნო ბლოკი „ბაქრაძე, უგულავა-ევროპული საქართველო”",,10,ხელვაჩაური,,2,რესან,ფაღავა,რესან ფაღავა,,,majoritarians_all.pdf
local_2017,__main__,council_smd,european_georgia,"საარჩევნო ბლოკი „ბაქრაძე, უგულავა-ევროპული საქართველო”",,11,ხელვაჩაური,,2,ტარიელ,ჯავახიშვილი,ტარიელ ჯავახიშვილი,,,majoritarians_all.pdf
local_2017,__main__,council_smd,european_georgia,"საარჩევნო ბლოკი „ბაქრაძე, უგულავა-ევროპული საქართველო”",,13,ხელვაჩაური,,2,გელა,გორგოშაძე,გელა გორგოშაძე,,,majoritarians_all.pdf
local_2017,__main__,council_smd,european_georgia,"საარჩევნო ბლოკი „ბაქრაძე, უგულავა-ევროპული საქართველო”",,12,ხელვაჩაური,,2,რამინ,სოლომონიძე,რამინ სოლომონიძე,,,majoritarians_all.pdf
local_2017,__main__,council_smd,free_georgia,"საარჩევნო ბლოკი „დიმიტრი ლორთქიფანიძე, კახა კუკავა-დემოკრატიული მოძრაობა-თავისუფალი საქართველო”",,3,ხელვაჩაური,,3,იაშა,გვიანიძე,იაშა გვიანიძე,,,majoritarians_all.pdf
local_2017,__main__,council_smd,free_georgia,"საარჩევნო ბლოკი „დიმიტრი ლორთქიფანიძე, კახა კუკავა-დემოკრატიული მოძრაობა-თავისუფალი საქართველო”",,10,ხელვაჩაური,,3,შუქრი,ბრუნჯაძე,შუქრი ბრუნჯაძე,,,majoritarians_all.pdf
local_2017,__main__,council_smd,free_georgia,"საარჩევნო ბლოკი „დიმიტრი ლორთქიფანიძე, კახა კუკავა-დემოკრატიული მოძრაობა-თავისუფალი საქართველო”",,8,ხელვაჩაური,,3,შორენა,სვანიძე,შორენა სვანიძე,,,majoritarians_all.pdf
local_2017,__main__,council_smd,free_georgia,"საარჩევნო ბლოკი „დიმიტრი ლორთქიფანიძე, კახა კუკავა-დემოკრატიული მოძრაობა-თავისუფალი საქართველო”",,6,ხელვაჩაური,,3,ვეფხვია,ცეცხლაძე,ვეფხვია ცეცხლაძე,,,majoritarians_all.pdf
local_2017,__main__,council_smd,free_georgia,"საარჩევნო ბლოკი „დიმიტრი ლორთქიფანიძე, კახა კუკავა-დემოკრატიული მოძრაობა-თავისუფალი საქართველო”",,5,ხელვაჩაური,,3,ნუგზარ,შარაძე,ნუგზარ შარაძე,,,majoritarians_all.pdf
local_2017,__main__,council_smd,free_georgia,"საარჩევნო ბლოკი „დიმიტრი ლორთქიფანიძე, კახა კუკავა-დემოკრატიული მოძრაობა-თავისუფალი საქართველო”",,4,ხელვაჩაური,,3,ნუგზარ,მგელაძე,ნუგზარ მგელაძე,,,majoritarians_all.pdf
local_2017,__main__,council_smd,free_georgia,"საარჩევნო ბლოკი „დიმიტრი ლორთქიფანიძე, კახა კუკავა-დემოკრატიული მოძრაობა-თავისუფალი საქართველო”",,2,ხელვაჩაური,,3,ნოდარ,მგელაძე,ნოდარ მგელაძე,,,majoritarians_all.pdf
local_2017,__main__,council_smd,free_georgia,"საარჩევნო ბლოკი „დიმიტრი ლორთქიფანიძე, კახა კუკავა-დემოკრატიული მოძრაობა-თავისუფალი საქართველო”",,12,ხელვაჩაური,,3,ნოდარ,იაკობაძე,ნოდარ იაკობაძე,,,majoritarians_all.pdf
local_2017,__main__,council_smd,free_georgia,"საარჩევნო ბლოკი „დიმიტრი ლორთქიფანიძე, კახა კუკავა-დემოკრატიული მოძრაობა-თავისუფალი საქართველო”",,9,ხელვაჩაური,,3,როინ,გვიანიძე,როინ გვიანიძე,,,majoritarians_all.pdf
local_2017,__main__,council_smd,unm,საარჩევნო ბლოკი „ერთიანი ნაციონალური მოძრაობა”,,8,ხელვაჩაური,,5,ლეილა,ცინცაძე,ლეილა ცინცაძე,,,majoritarians_all.pdf
local_2017,__main__,council_smd,unm,საარჩევნო ბლოკი „ერთიანი ნაციონალური მოძრაობა”,,9,ხელვაჩაური,,5,გელა,მალაყმაძე,გელა მალაყმაძე,,,majoritarians_all.pdf
local_2017,__main__,council_smd,unm,საარჩევნო ბლოკი „ერთიანი ნაციონალური მოძრაობა”,,10,ხელვაჩაური,,5,ზურაბ,სეიდიშვილი,ზურაბ სეიდიშვილი,,,majoritarians_all.pdf
local_2017,__main__,council_smd,unm,საარჩევნო ბლოკი „ერთიანი ნაციონალური მოძრაობა”,,13,ხელვაჩაური,,5,ამირან,თედორაძე,ამირან თედორაძე,,,majoritarians_all.pdf
local_2017,__main__,council_smd,unm,საარჩევნო ბლოკი „ერთიანი ნაციონალური მოძრაობა”,,12,ხელვაჩაური,,5,მურთაზ,ზოიძე,მურთაზ ზოიძე,,,majoritarians_all.pdf
local_2017,__main__,council_smd,unm,საარჩევნო ბლოკი „ერთიანი ნაციონალური მოძრაობა”,,11,ხელვაჩაური,,5,ქენან,კახიძე,ქენან კახიძე,,,majoritarians_all.pdf
local_2017,__main__,council_smd,unm,საარჩევნო ბლოკი „ერთიანი ნაციონალური მოძრაობა”,,2,ხელვაჩაური,,5,როინ,ჩიბურდანიძე,როინ ჩიბურდანიძე,,,majoritarians_all.pdf
local_2017,__main__,council_smd,unm,საარჩევნო ბლოკი „ერთიანი ნაციონალური მოძრაობა”,,4,ხელვაჩაური,,5,თემურ,დიასამიძე,თემურ დიასამიძე,,,majoritarians_all.pdf
local_2017,__main__,council_smd,unm,საარჩევნო ბლოკი „ერთიანი ნაციონალური მოძრაობა”,,3,ხელვაჩაური,,5,ვაჟა,თავდგირიძე,ვაჟა თავდგირიძე,,,majoritarians_all.pdf
local_2017,__main__,council_smd,unm,საარჩევნო ბლოკი „ერთიანი ნაციონალური მოძრაობა”,,6,ხელვაჩაური,,5,გურამ,ასამბაძე,გურამ ასამბაძე,,,majoritarians_all.pdf
local_2017,__main__,council_smd,unm,საარჩევნო ბლოკი „ერთიანი ნაციონალური მოძრაობა”,,5,ხელვაჩაური,,5,საჩინო,მიქელაძე,საჩინო მიქელაძე,,,majoritarians_all.pdf
local_2017,__main__,council_smd,patriots,"„დავით თარხან-მოურავი, ირმა ინაშვილი - საქართველოს პატრიოტთა",,3,ხელვაჩაური,,8,ალიანსი”ლევან,ლორთქიფანიძე,ალიანსი”ლევან ლორთქიფანიძე,,,majoritarians_all.pdf
local_2017,__main__,council_smd,patriots,"„დავით თარხან-მოურავი, ირმა ინაშვილი - საქართველოს პატრიოტთა",,13,ხელვაჩაური,,8,ალიანსი”ფარნაოზ,თედორაძე,ალიანსი”ფარნაოზ თედორაძე,,,majoritarians_all.pdf
local_2017,__main__,council_smd,patriots,"„დავით თარხან-მოურავი, ირმა ინაშვილი - საქართველოს პატრიოტთა",,2,ხელვაჩაური,,8,ალიანსი”ლევან,თურმანიძე,ალიანსი”ლევან თურმანიძე,,,majoritarians_all.pdf
local_2017,__main__,council_smd,patriots,"„დავით თარხან-მოურავი, ირმა ინაშვილი - საქართველოს პატრიოტთა",,6,ხელვაჩაური,,8,ალიანსი”ბიძინა,დუმბაძე,ალიანსი”ბიძინა დუმბაძე,,,majoritarians_all.pdf
local_2017,__main__,council_smd,patriots,"„დავით თარხან-მოურავი, ირმა ინაშვილი - საქართველოს პატრიოტთა",,5,ხელვაჩაური,,8,ალიანსი”პაატა,ზაქარაძე,ალიანსი”პაატა ზაქარაძე,,,majoritarians_all.pdf
local_2017,__main__,council_smd,patriots,"„დავით თარხან-მოურავი, ირმა ინაშვილი - საქართველოს პატრიოტთა",,9,ხელვაჩაური,,8,ალიანსი”ავთანდილ,ლომინაძე,ალიანსი”ავთანდილ ლომინაძე,,,majoritarians_all.pdf
local_2017,__main__,council_smd,patriots,"„დავით თარხან-მოურავი, ირმა ინაშვილი - საქართველოს პატრიოტთა",,10,ხელვაჩაური,,8,ალიანსი”გია,ფაღავა,ალიანსი”გია ფაღავა,,,majoritarians_all.pdf
local_2017,__main__,council_smd,patriots,"„დავით თარხან-მოურავი, ირმა ინაშვილი - საქართველოს პატრიოტთა",,4,ხელვაჩაური,,8,ალიანსი”დავით,დევაძე,ალიანსი”დავით დევაძე,,,majoritarians_all.pdf
local_2017,__main__,council_smd,patriots,"„დავით თარხან-მოურავი, ირმა ინაშვილი - საქართველოს პატრიოტთა",,8,ხელვაჩაური,,8,ალიანსი”რომან,მორთულაძე,ალიანსი”რომან მორთულაძე,,,majoritarians_all.pdf
local_2017,__main__,council_smd,patriots,"„დავით თარხან-მოურავი, ირმა ინაშვილი - საქართველოს პატრიოტთა",,12,ხელვაჩაური,,8,ალიანსი”ნიაზ,ცეცხლაძე,ალიანსი”ნიაზ ცეცხლაძე,,,majoritarians_all.pdf
local_2017,__main__,council_smd,labour,„შალვა ნათელაშვილი - საქართველოს ლეიბორისტული პარტია”,,6,ხელვაჩაური,,10,უშანგი,ცეცხლაძე,უშანგი ცეცხლაძე,,,majoritarians_all.pdf
local_2017,__main__,council_smd,labour,„შალვა ნათელაშვილი - საქართველოს ლეიბორისტული პარტია”,,13,ხელვაჩაური,,10,ჯამბულატ,ცეცხლაძე,ჯამბულატ ცეცხლაძე,,,majoritarians_all.pdf
local_2017,__main__,council_smd,labour,„შალვა ნათელაშვილი - საქართველოს ლეიბორისტული პარტია”,,12,ხელვაჩაური,,10,სოფიკო,ტერაშვილი,სოფიკო ტერაშვილი,,,majoritarians_all.pdf
local_2017,__main__,council_smd,labour,„შალვა ნათელაშვილი - საქართველოს ლეიბორისტული პარტია”,,5,ხელვაჩაური,,10,გიორგი,ბაკურიძე,გიორგი ბაკურიძე,,,majoritarians_all.pdf
local_2017,__main__,council_smd,labour,„შალვა ნათელაშვილი - საქართველოს ლეიბორისტული პარტია”,,11,ხელვაჩაური,,10,მურმან,დუმბაძე,მურმან დუმბაძე,,,majoritarians_all.pdf
local_2017,__main__,council_smd,labour,„შალვა ნათელაშვილი - საქართველოს ლეიბორისტული პარტია”,,3,ხელვაჩაური,,10,ლაშა,ზაქარაძე,ლაშა ზაქარაძე,,,majoritarians_all.pdf
local_2017,__main__,council_smd,labour,„შალვა ნათელაშვილი - საქართველოს ლეიბორისტული პარტია”,,8,ხელვაჩაური,,10,რომან,შუშანიძე,რომან შუშანიძე,,,majoritarians_all.pdf
local_2017,__main__,council_smd,labour,„შალვა ნათელაშვილი - საქართველოს ლეიბორისტული პარტია”,,2,ხელვაჩაური,,10,ფატი,ცეცხლაძე,ფატი ცეცხლაძე,,,majoritarians_all.pdf
local_2017,__main__,council_smd,labour,„შალვა ნათელაშვილი - საქართველოს ლეიბორისტული პარტია”,,10,ხელვაჩაური,,10,ავთანდილ,მაჭუტაძე,ავთანდილ მაჭუტაძე,,,majoritarians_all.pdf
local_2017,__main__,council_smd,labour,„შალვა ნათელაშვილი - საქართველოს ლეიბორისტული პარტია”,,4,ხელვაჩაური,,10,ირაკლი,კონცელიძე,ირაკლი კონცელიძე,,,majoritarians_all.pdf
local_2017,__main__,council_smd,labour,„შალვა ნათელაშვილი - საქართველოს ლეიბორისტული პარტია”,,9,ხელვაჩაური,,10,ნუგზარ,სოლომონიძე,ნუგზარ სოლომონიძე,,,majoritarians_all.pdf
local_2017,__main__,council_smd,construction_movement_2017,„შენების მოძრაობა”,,6,ხელვაჩაური,,20,გია,ჭელიძე,გია ჭელიძე,,,majoritarians_all.pdf
local_2017,__main__,council_smd,construction_movement_2017,„შენების მოძრაობა”,,8,ხელვაჩაური,,20,მაყვალა,გერძაძე,მაყვალა გერძაძე,,,majoritarians_all.pdf
local_2017,__main__,council_smd,construction_movement_2017,„შენების მოძრაობა”,,2,ხელვაჩაური,,20,დავით,მამულაძე,დავით მამულაძე,,,majoritarians_all.pdf
local_2017,__main__,council_smd,gd,„ქართული ოცნება-დემოკრატიული საქართველო”,,3,ხელვაჩაური,,41,ვახტანგ,დიასამიძე,ვახტანგ დიასამიძე,,,majoritarians_all.pdf
local_2017,__main__,council_smd,gd,„ქართული ოცნება-დემოკრატიული საქართველო”,,5,ხელვაჩაური,,41,ჯამბულ,თავართქილაძე,ჯამბულ თავართქილაძე,,,majoritarians_all.pdf
local_2017,__main__,council_smd,gd,„ქართული ოცნება-დემოკრატიული საქართველო”,,2,ხელვაჩაური,,41,თამაზ,ბერიძე,თამაზ ბერიძე,,,majoritarians_all.pdf
local_2017,__main__,council_smd,gd,„ქართული ოცნება-დემოკრატიული საქართველო”,,4,ხელვაჩაური,,41,მინდია,დიასამიძე,მინდია დიასამიძე,,,majoritarians_all.pdf
local_2017,__main__,council_smd,gd,„ქართული ოცნება-დემოკრატიული საქართველო”,,9,ხელვაჩაური,,41,მალხაზ,სალვარიძე,მალხაზ სალვარიძე,,,majoritarians_all.pdf
local_2017,__main__,council_smd,gd,„ქართული ოცნება-დემოკრატიული საქართველო”,,6,ხელვაჩაური,,41,მინდია,დიდმანიძე,მინდია დიდმანიძე,,,majoritarians_all.pdf
local_2017,__main__,council_smd,gd,„ქართული ოცნება-დემოკრატიული საქართველო”,,8,ხელვაჩაური,,41,ლეილა,კახაბერიძე,ლეილა კახაბერიძე,,,majoritarians_all.pdf
local_2017,__main__,council_smd,gd,„ქართული ოცნება-დემოკრატიული საქართველო”,,10,ხელვაჩაური,,41,ბადრი,ცინცქილაძე,ბადრი ცინცქილაძე,,,majoritarians_all.pdf
local_2017,__main__,council_smd,gd,„ქართული ოცნება-დემოკრატიული საქართველო”,,11,ხელვაჩაური,,41,ნუგზარ,ვანიძე,ნუგზარ ვანიძე,,,majoritarians_all.pdf
local_2017,__main__,council_smd,gd,„ქართული ოცნება-დემოკრატიული საქართველო”,,12,ხელვაჩაური,,41,ჯემალ,მუსხაჯბა,ჯემალ მუსხაჯბა,,,majoritarians_all.pdf
local_2017,__main__,council_smd,gd,„ქართული ოცნება-დემოკრატიული საქართველო”,,13,ხელვაჩაური,,41,დავით,სამნიძე,დავით სამნიძე,,,majoritarians_all.pdf
local_2017,__main__,council_smd,european_georgia,"საარჩევნო ბლოკი „ბაქრაძე, უგულავა-ევროპული საქართველო”",,11,ხულო,,2,პაატა,აბაშიძე,პაატა აბაშიძე,,,majoritarians_all.pdf
local_2017,__main__,council_smd,european_georgia,"საარჩევნო ბლოკი „ბაქრაძე, უგულავა-ევროპული საქართველო”",,10,ხულო,,2,ლევან,ხოზრევანიძე,ლევან ხოზრევანიძე,,,majoritarians_all.pdf
local_2017,__main__,council_smd,european_georgia,"საარჩევნო ბლოკი „ბაქრაძე, უგულავა-ევროპული საქართველო”",,9,ხულო,,2,ნუგზარ,მარკოიძე,ნუგზარ მარკოიძე,,,majoritarians_all.pdf
local_2017,__main__,council_smd,european_georgia,"საარჩევნო ბლოკი „ბაქრაძე, უგულავა-ევროპული საქართველო”",,8,ხულო,,2,ამირან,პაპიძე,ამირან პაპიძე,,,majoritarians_all.pdf
local_2017,__main__,council_smd,european_georgia,"საარჩევნო ბლოკი „ბაქრაძე, უგულავა-ევროპული საქართველო”",,12,ხულო,,2,თემურ,ბერიძე,თემურ ბერიძე,,,majoritarians_all.pdf
local_2017,__main__,council_smd,european_georgia,"საარჩევნო ბლოკი „ბაქრაძე, უგულავა-ევროპული საქართველო”",,13,ხულო,,2,დავით,გორგაძე,დავით გორგაძე,,,majoritarians_all.pdf
local_2017,__main__,council_smd,european_georgia,"საარჩევნო ბლოკი „ბაქრაძე, უგულავა-ევროპული საქართველო”",,3,ხულო,,2,თენგიზ,ქედელიძე,თენგიზ ქედელიძე,,,majoritarians_all.pdf
local_2017,__main__,council_smd,european_georgia,"საარჩევნო ბლოკი „ბაქრაძე, უგულავა-ევროპული საქართველო”",,1,ხულო,,2,არჩილ,აბულაძე,არჩილ აბულაძე,,,majoritarians_all.pdf
local_2017,__main__,council_smd,european_georgia,"საარჩევნო ბლოკი „ბაქრაძე, უგულავა-ევროპული საქართველო”",,2,ხულო,,2,მალხაზ,მარკოიძე,მალხაზ მარკოიძე,,,majoritarians_all.pdf
local_2017,__main__,council_smd,european_georgia,"საარჩევნო ბლოკი „ბაქრაძე, უგულავა-ევროპული საქართველო”",,4,ხულო,,2,ედნარ,წულუკიძე,ედნარ წულუკიძე,,,majoritarians_all.pdf
local_2017,__main__,council_smd,european_georgia,"საარჩევნო ბლოკი „ბაქრაძე, უგულავა-ევროპული საქართველო”",,5,ხულო,,2,რომან,იაკობაძე,რომან იაკობაძე,,,majoritarians_all.pdf
local_2017,__main__,council_smd,european_georgia,"საარჩევნო ბლოკი „ბაქრაძე, უგულავა-ევროპული საქართველო”",,6,ხულო,,2,მამუკა,მელაძე,მამუკა მელაძე,,,majoritarians_all.pdf
local_2017,__main__,council_smd,european_georgia,"საარჩევნო ბლოკი „ბაქრაძე, უგულავა-ევროპული საქართველო”",,7,ხულო,,2,ჯემალ,ნაკაშიძე,ჯემალ ნაკაშიძე,,,majoritarians_all.pdf
local_2017,__main__,council_smd,free_georgia,"საარჩევნო ბლოკი „დიმიტრი ლორთქიფანიძე, კახა კუკავა-დემოკრატიული მოძრაობა-თავისუფალი საქართველო”",,12,ხულო,,3,ზაზა,ვანაძე,ზაზა ვანაძე,,,majoritarians_all.pdf
local_2017,__main__,council_smd,unm,საარჩევნო ბლოკი „ერთიანი ნაციონალური მოძრაობა”,,8,ხულო,,5,ომარ,ხოზრევანიძე,ომარ ხოზრევანიძე,,,majoritarians_all.pdf
local_2017,__main__,council_smd,unm,საარჩევნო ბლოკი „ერთიანი ნაციონალური მოძრაობა”,,4,ხულო,,5,ასლან,გობაძე,ასლან გობაძე,,,majoritarians_all.pdf
local_2017,__main__,council_smd,unm,საარჩევნო ბლოკი „ერთიანი ნაციონალური მოძრაობა”,,7,ხულო,,5,მერაბ,ბოლქვაძე,მერაბ ბოლქვაძე,,,majoritarians_all.pdf
local_2017,__main__,council_smd,unm,საარჩევნო ბლოკი „ერთიანი ნაციონალური მოძრაობა”,,1,ხულო,,5,ლევან,მახარაძე,ლევან მახარაძე,,,majoritarians_all.pdf
local_2017,__main__,council_smd,unm,საარჩევნო ბლოკი „ერთიანი ნაციონალური მოძრაობა”,,5,ხულო,,5,მიხეილ,შავაძე,მიხეილ შავაძე,,,majoritarians_all.pdf
local_2017,__main__,council_smd,unm,საარჩევნო ბლოკი „ერთიანი ნაციონალური მოძრაობა”,,6,ხულო,,5,სულხან,აბულაძე,სულხან აბულაძე,,,majoritarians_all.pdf
local_2017,__main__,council_smd,unm,საარჩევნო ბლოკი „ერთიანი ნაციონალური მოძრაობა”,,3,ხულო,,5,დავით,თავართქილაძე,დავით თავართქილაძე,,,majoritarians_all.pdf
local_2017,__main__,council_smd,unm,საარჩევნო ბლოკი „ერთიანი ნაციონალური მოძრაობა”,,2,ხულო,,5,ასლან,მგელაძე,ასლან მგელაძე,,,majoritarians_all.pdf
local_2017,__main__,council_smd,unm,საარჩევნო ბლოკი „ერთიანი ნაციონალური მოძრაობა”,,13,ხულო,,5,ომარ,ცეცხლაძე,ომარ ცეცხლაძე,,,majoritarians_all.pdf
local_2017,__main__,council_smd,unm,საარჩევნო ბლოკი „ერთიანი ნაციონალური მოძრაობა”,,12,ხულო,,5,მინდია,ადაძე,მინდია ადაძე,,,majoritarians_all.pdf
local_2017,__main__,council_smd,unm,საარჩევნო ბლოკი „ერთიანი ნაციონალური მოძრაობა”,,10,ხულო,,5,ნუგზარ,გორგილაძე,ნუგზარ გორგილაძე,,,majoritarians_all.pdf
local_2017,__main__,council_smd,unm,საარჩევნო ბლოკი „ერთიანი ნაციონალური მოძრაობა”,,9,ხულო,,5,ალექსანდრე,მარკოიძე,ალექსანდრე მარკოიძე,,,majoritarians_all.pdf
local_2017,__main__,council_smd,patriots,"„დავით თარხან-მოურავი, ირმა ინაშვილი - საქართველოს პატრიოტთა",,7,ხულო,,8,ალიანსი”ნაზიბროლა,მამულაძე,ალიანსი”ნაზიბროლა მამულაძე,,,majoritarians_all.pdf
local_2017,__main__,council_smd,patriots,"„დავით თარხან-მოურავი, ირმა ინაშვილი - საქართველოს პატრიოტთა",,5,ხულო,,8,ალიანსი”თენგიზ,შავაძე,ალიანსი”თენგიზ შავაძე,,,majoritarians_all.pdf
local_2017,__main__,council_smd,patriots,"„დავით თარხან-მოურავი, ირმა ინაშვილი - საქართველოს პატრიოტთა",,11,ხულო,,8,ალიანსი”არკადი,აბაშიძე,ალიანსი”არკადი აბაშიძე,,,majoritarians_all.pdf
local_2017,__main__,council_smd,patriots,"„დავით თარხან-მოურავი, ირმა ინაშვილი - საქართველოს პატრიოტთა",,8,ხულო,,8,ალიანსი”ვარლამ,ხოზრევანიძე,ალიანსი”ვარლამ ხოზრევანიძე,,,majoritarians_all.pdf
local_2017,__main__,council_smd,patriots,"„დავით თარხან-მოურავი, ირმა ინაშვილი - საქართველოს პატრიოტთა",,10,ხულო,,8,ალიანსი”ავთანდილ,მახარაძე,ალიანსი”ავთანდილ მახარაძე,,,majoritarians_all.pdf
local_2017,__main__,council_smd,patriots,"„დავით თარხან-მოურავი, ირმა ინაშვილი - საქართველოს პატრიოტთა",,13,ხულო,,8,ალიანსი”ნატო,ჯაიანი,ალიანსი”ნატო ჯაიანი,,,majoritarians_all.pdf
local_2017,__main__,council_smd,patriots,"„დავით თარხან-მოურავი, ირმა ინაშვილი - საქართველოს პატრიოტთა",,6,ხულო,,8,ალიანსი”ემზარ,მელაძე,ალიანსი”ემზარ მელაძე,,,majoritarians_all.pdf
local_2017,__main__,council_smd,patriots,"„დავით თარხან-მოურავი, ირმა ინაშვილი - საქართველოს პატრიოტთა",,3,ხულო,,8,ალიანსი”მალხაზ,ჯორბენაძე,ალიანსი”მალხაზ ჯორბენაძე,,,majoritarians_all.pdf
local_2017,__main__,council_smd,patriots,"„დავით თარხან-მოურავი, ირმა ინაშვილი - საქართველოს პატრიოტთა",,2,ხულო,,8,ალიანსი”გოჩა,მარკოიძე,ალიანსი”გოჩა მარკოიძე,,,majoritarians_all.pdf
local_2017,__main__,council_smd,patriots,"„დავით თარხან-მოურავი, ირმა ინაშვილი - საქართველოს პატრიოტთა",,1,ხულო,,8,ალიანსი”მამუკა,ჯორბენაძე,ალიანსი”მამუკა ჯორბენაძე,,,majoritarians_all.pdf
local_2017,__main__,council_smd,patriots,"„დავით თარხან-მოურავი, ირმა ინაშვილი - საქართველოს პატრიოტთა",,4,ხულო,,8,ალიანსი”დავით,ბოლქვაძე,ალიანსი”დავით ბოლქვაძე,,,majoritarians_all.pdf
local_2017,__main__,council_smd,construction_movement_2017,„შენების მოძრაობა”,,3,ხულო,,20,ვახტანგ,აბაშიძე,ვახტანგ აბაშიძე,,,majoritarians_all.pdf
local_2017,__main__,council_smd,construction_movement_2017,„შენების მოძრაობა”,,5,ხულო,,20,მამუკა,ღორჯომელაძე,მამუკა ღორჯომელაძე,,,majoritarians_all.pdf
local_2017,__main__,council_smd,construction_movement_2017,„შენების მოძრაობა”,,10,ხულო,,20,ლევან,შაინიძე,ლევან შაინიძე,,,majoritarians_all.pdf
local_2017,__main__,council_smd,gd,„ქართული ოცნება-დემოკრატიული საქართველო”,,8,ხულო,,41,რამაზ,გელაძე,რამაზ გელაძე,,,majoritarians_all.pdf
local_2017,__main__,council_smd,gd,„ქართული ოცნება-დემოკრატიული საქართველო”,,9,ხულო,,41,ჯემალ,მარკოიძე,ჯემალ მარკოიძე,,,majoritarians_all.pdf
local_2017,__main__,council_smd,gd,„ქართული ოცნება-დემოკრატიული საქართველო”,,10,ხულო,,41,ჯანგულ,შაინიძე,ჯანგულ შაინიძე,,,majoritarians_all.pdf
local_2017,__main__,council_smd,gd,„ქართული ოცნება-დემოკრატიული საქართველო”,,12,ხულო,,41,ალექსანდრე,პაიჭაძე,ალექსანდრე პაიჭაძე,,,majoritarians_all.pdf
local_2017,__main__,council_smd,gd,„ქართული ოცნება-დემოკრატიული საქართველო”,,13,ხულო,,41,ავთანდილ,გაბაიძე,ავთანდილ გაბაიძე,,,majoritarians_all.pdf
local_2017,__main__,council_smd,gd,„ქართული ოცნება-დემოკრატიული საქართველო”,,11,ხულო,,41,რამინ,ბერიძე,რამინ ბერიძე,,,majoritarians_all.pdf
local_2017,__main__,council_smd,gd,„ქართული ოცნება-დემოკრატიული საქართველო”,,6,ხულო,,41,იური,აბულაძე,იური აბულაძე,,,majoritarians_all.pdf
local_2017,__main__,council_smd,gd,„ქართული ოცნება-დემოკრატიული საქართველო”,,7,ხულო,,41,ლევან,დუაძე,ლევან დუაძე,,,majoritarians_all.pdf
local_2017,__main__,council_smd,gd,„ქართული ოცნება-დემოკრატიული საქართველო”,,4,ხულო,,41,ზაურ,გობაძე,ზაურ გობაძე,,,majoritarians_all.pdf
local_2017,__main__,council_smd,gd,„ქართული ოცნება-დემოკრატიული საქართველო”,,5,ხულო,,41,მერაბ,ღორჯომელაძე,მერაბ ღორჯომელაძე,,,majoritarians_all.pdf
local_2017,__main__,council_smd,gd,„ქართული ოცნება-დემოკრატიული საქართველო”,,1,ხულო,,41,ავთანდილ,აბულაძე,ავთანდილ აბულაძე,,,majoritarians_all.pdf
local_2017,__main__,council_smd,gd,„ქართული ოცნება-დემოკრატიული საქართველო”,,2,ხულო,,41,ჯუმბერ,დიმიტრაძე,ჯუმბერ დიმიტრაძე,,,majoritarians_all.pdf
local_2017,__main__,council_smd,gd,„ქართული ოცნება-დემოკრატიული საქართველო”,,3,ხულო,,41,ემზარ,ჩოგაძე,ემზარ ჩოგაძე,,,majoritarians_all.pdf
local_2017,__main__,council_smd,initiative_group,"საინიციატივო ჯგუფი - 42. თემურ ბოლქვაძე, ასლან დუმბაძე, ბეჟან ბოლქვაძე, ბაგრატ აბულაძე, ნანა ბოლქვაძე",,7,ხულო,,42,მერაბ,აბულაძე,მერაბ აბულაძე,,,majoritarians_all.pdf
local_2017,__main__,council_smd,initiative_group,"საინიციატივო ჯგუფი - 42. ციალა შავაძე, მთვარისა კირთაძე, თინა ბოლქვაძე, ასმათ კოჩალიძე, დალი თავართქილაძე",,1,ხულო,,42,გელა,თავართქილაძე,გელა თავართქილაძე,,,majoritarians_all.pdf
local_2017,__main__,council_smd,initiative_group,"საინიციატივო ჯგუფი - 42. გოჩა პაქსაძე, მელანო პაქსაძე, გენად პაქსაძე, ნარგიზ ბოლქვაძე, მურად პაქსაძე",,5,ხულო,,42,ზაურ,ბოლქვაძე,ზაურ ბოლქვაძე,,,majoritarians_all.pdf
local_2017,__main__,council_smd,initiative_group,"საინიციატივო ჯგუფი - 44. ამირან საგინაძე, სულიკო საგინაძე, თენგიზ საგინაძე, ნუგზარ საგინაძე, მიხეილ საგინაძე",,5,ხულო,,44,ლევან,საგინაძე,ლევან საგინაძე,,,majoritarians_all.pdf
local_2017,__main__,council_smd,initiative_group,"საინიციატივო ჯგუფი - 45. ომარ პაქსაძე, ამირან ხმალაძე, როლანდ გელაძე, გენადი გელაძე, ბადრი ძირკვაძე",,5,ხულო,,45,ლევან,გელაძე,ლევან გელაძე,,,majoritarians_all.pdf