election_id,sub_id,vote_type,party_id,party_label_ka,party_code,district_id,district_name_ka,list_order,ballot_number,first_name,last_name,name_ka,partisanship,elected,source
local_2017,__main__,pr,european_georgia,"ბაქრაძე, უგულავა - ევროპული საქართველო",2,,თბილისი,,,გიორგი,გაბაშვილი,გიორგი გაბაშვილი,,TRUE,elected_politicians.pdf
local_2017,__main__,pr,european_georgia,"ბაქრაძე, უგულავა - ევროპული საქართველო",2,,თბილისი,,,დავით,ავალიანი,დავით ავალიანი,,TRUE,elected_politicians.pdf
local_2017,__main__,pr,european_georgia,"ბაქრაძე, უგულავა - ევროპული საქართველო",2,,თბილისი,,,დავით,დარჩიაშვილი,დავით დარჩიაშვილი,,TRUE,elected_politicians.pdf
local_2017,__main__,pr,unm,ერთიანი ნაციონალური მოძრაობა,5,,თბილისი,,,ნიკანორი,მელია,ნიკანორი მელია,,TRUE,elected_politicians.pdf
local_2017,__main__,pr,unm,ერთიანი ნაციონალური მოძრაობა,5,,თბილისი,,,ნიკოლოზ,ვაჩეიშვილი,ნიკოლოზ ვაჩეიშვილი,,TRUE,elected_politicians.pdf
local_2017,__main__,pr,unm,ერთიანი ნაციონალური მოძრაობა,5,,თბილისი,,,ლევან,ხაბეიშვილი,ლევან ხაბეიშვილი,,TRUE,elected_politicians.pdf
local_2017,__main__,pr,unm,ერთიანი ნაციონალური მოძრაობა,5,,თბილისი,,,ირაკლი,ნადირაძე,ირაკლი ნადირაძე,,TRUE,elected_politicians.pdf
local_2017,__main__,pr,unm,ერთიანი ნაციონალური მოძრაობა,5,,თბილისი,,,ლილე,ლიპარტელიანი,ლილე ლიპარტელიანი,,TRUE,elected_politicians.pdf
local_2017,__main__,pr,patriots,"დავით თარხან-მოურავი, ირმა ინაშვილი - საქართველოს პატრიოტთა ალიანსი",8,,თბილისი,,,გოჩა,თევდორაძე,გოჩა თევდორაძე,,TRUE,elected_politicians.pdf
local_2017,__main__,pr,patriots,"დავით თარხან-მოურავი, ირმა ინაშვილი - საქართველოს პატრიოტთა ალიანსი",8,,თბილისი,,,ფრიდონ,ინჯია,ფრიდონ ინჯია,,TRUE,elected_politicians.pdf
local_2017,__main__,pr,gd,ქართული ოცნება - დემოკრატიული საქართველო,41,,თბილისი,,,მარიკა,დარჩია,მარიკა დარჩია,,TRUE,elected_politicians.pdf
local_2017,__main__,pr,gd,ქართული ოცნება - დემოკრატიული საქართველო,41,,თბილისი,,,ბექა,დავითულიანი,ბექა დავითულიანი,,TRUE,elected_politicians.pdf
local_2017,__main__,pr,gd,ქართული ოცნება - დემოკრატიული საქართველო,41,,თბილისი,,,თინათინ,ნიბლოშვილი,თინათინ ნიბლოშვილი,,TRUE,elected_politicians.pdf
local_2017,__main__,pr,gd,ქართული ოცნება - დემოკრატიული საქართველო,41,,თბილისი,,,ირაკლი,ზარქუა,ირაკლი ზარქუა,,TRUE,elected_politicians.pdf
local_2017,__main__,pr,gd,ქართული ოცნება - დემოკრატიული საქართველო,41,,თბილისი,,,დათო,რურუა,დათო რურუა,,TRUE,elected_politicians.pdf
local_2017,__main__,pr,gd,ქართული ოცნება - დემოკრატიული საქართველო,41,,თბილისი,,,გიორგი,ჩაკვეტაძე,გიორგი ჩაკვეტაძე,,TRUE,elected_politicians.pdf
local_2017,__main__,pr,gd,ქართული ოცნება - დემოკრატიული საქართველო,41,,თბილისი,,,დავითი,უჯმაჯურიძე,დავითი უჯმაჯურიძე,,TRUE,elected_politicians.pdf
local_2017,__main__,pr,gd,ქართული ოცნება - დემოკრატიული საქართველო,41,,თბილისი,,,გიორგი,ახვლედიანი,გიორგი ახვლედიანი,,TRUE,elected_politicians.pdf
local_2017,__main__,pr,gd,ქართული ოცნება - დემოკრატიული საქართველო,41,,თბილისი,,,ლევან,ჯაფარიძე,ლევან ჯაფარიძე,,TRUE,elected_politicians.pdf
local_2017,__main__,pr,gd,ქართული ოცნება - დემოკრატიული საქართველო,41,,თბილისი,,,გიორგი,ალიბეგაშვილი,გიორგი ალიბეგაშვილი,,TRUE,elected_politicians.pdf
local_2017,__main__,pr,gd,ქართული ოცნება - დემოკრატიული საქართველო,41,,თბილისი,,,თევდორე,ისაკაძე,თევდორე ისაკაძე,,TRUE,elected_politicians.pdf
local_2017,__main__,pr,gd,ქართული ოცნება - დემოკრატიული საქართველო,41,,თბილისი,,,ლევან,დარახველიძე,ლევან დარახველიძე,,TRUE,elected_politicians.pdf
local_2017,__main__,pr,gd,ქართული ოცნება - დემოკრატიული საქართველო,41,,თბილისი,,,ერეკლე,კუხიანიძე,ერეკლე კუხიანიძე,,TRUE,elected_politicians.pdf
local_2017,__main__,pr,gd,ქართული ოცნება - დემოკრატიული საქართველო,41,,თბილისი,,,ანა,ლაშხი,ანა ლაშხი,,TRUE,elected_politicians.pdf
local_2017,__main__,pr,gd,ქართული ოცნება - დემოკრატიული საქართველო,41,,თბილისი,,,ლევან,არველაძე,ლევან არველაძე,,TRUE,elected_politicians.pdf
local_2017,__main__,council_smd,gd,ქართული ოცნება - დემოკრატიული საქართველო,41,,თბილისი,,,ჯაბა,ჯიშკარიანი,ჯაბა ჯიშკარიანი,,TRUE,elected_politicians.pdf
local_2017,__main__,council_smd,gd,ქართული ოცნება - დემოკრატიული საქართველო,41,,თბილისი,,,გიორგი,მუსხელიშვილი,გიორგი მუსხელიშვილი,,TRUE,elected_politicians.pdf
local_2017,__main__,council_smd,gd,ქართული ოცნება - დემოკრატიული საქართველო,41,,თბილისი,,,გიორგი,ბირბიჩაძე,გიორგი ბირბიჩაძე,,TRUE,elected_politicians.pdf
local_2017,__main__,council_smd,gd,ქართული ოცნება - დემოკრატიული საქართველო,41,,თბილისი,,,ავთანდილ,ცინცაძე,ავთანდილ ცინცაძე,,TRUE,elected_politicians.pdf
local_2017,__main__,council_smd,gd,ქართული ოცნება - დემოკრატიული საქართველო,41,,თბილისი,,,დავით,უთმელიძე,დავით უთმელიძე,,TRUE,elected_politicians.pdf
local_2017,__main__,council_smd,gd,ქართული ოცნება - დემოკრატიული საქართველო,41,,თბილისი,,,ვახტანგ,შაქარიშვილი,ვახტანგ შაქარიშვილი,,TRUE,elected_politicians.pdf
local_2017,__main__,council_smd,gd,ქართული ოცნება - დემოკრატიული საქართველო,41,,თბილისი,,,თემურ,გორგაძე,თემურ გორგაძე,,TRUE,elected_politicians.pdf
local_2017,__main__,council_smd,gd,ქართული ოცნება - დემოკრატიული საქართველო,41,,თბილისი,,,ილია,ჯიშკარიანი,ილია ჯიშკარიანი,,TRUE,elected_politicians.pdf
local_2017,__main__,council_smd,gd,ქართული ოცნება - დემოკრატიული საქართველო,41,,თბილისი,,,ნინო,ლაცაბიძე,ნინო ლაცაბიძე,,TRUE,elected_politicians.pdf
local_2017,__main__,council_smd,gd,ქართული ოცნება - დემოკრატიული საქართველო,41,,თბილისი,,,ლევანი,დავითაშვილი,ლევანი დავითაშვილი,,TRUE,elected_politicians.pdf
local_2017,__main__,council_smd,gd,ქართული ოცნება - დემოკრატიული საქართველო,41,,თბილისი,,,რევაზ,სოხაძე,რევაზ სოხაძე,,TRUE,elected_politicians.pdf
local_2017,__main__,council_smd,gd,ქართული ოცნება - დემოკრატიული საქართველო,41,,თბილისი,,,გიორგი,დოხტურიშვილი,გიორგი დოხტურიშვილი,,TRUE,elected_politicians.pdf
local_2017,__main__,council_smd,gd,ქართული ოცნება - დემოკრატიული საქართველო,41,,თბილისი,,,გიორგი,ტყემალაძე,გიორგი ტყემალაძე,,TRUE,elected_politicians.pdf
local_2017,__main__,council_smd,gd,ქართული ოცნება - დემოკრატიული საქართველო,41,,თბილისი,,,ქეთევანი,მამულაშვილი,ქეთევანი მამულაშვილი,,TRUE,elected_politicians.pdf
local_2017,__main__,council_smd,gd,ქართული ოცნება - დემოკრატიული საქართველო,41,,თბილისი,,,რამინა,ბერაძე,რამინა ბერაძე,,TRUE,elected_politicians.pdf
local_2017,__main__,council_smd,gd,ქართული ოცნება - დემოკრატიული საქართველო,41,,თბილისი,,,ვლადიმერ,ძნელაძე,ვლადიმერ ძნელაძე,,TRUE,elected_politicians.pdf
local_2017,__main__,council_smd,gd,ქართული ოცნება - დემოკრატიული საქართველო,41,,თბილისი,,,თარაშ,შურღაია,თარაშ შურღაია,,TRUE,elected_politicians.pdf
local_2017,__main__,council_smd,gd,ქართული ოცნება - დემოკრატიული საქართველო,41,,თბილისი,,,დავით,ჭელიძე,დავით ჭელიძე,,TRUE,elected_politicians.pdf
local_2017,__main__,council_smd,gd,ქართული ოცნება - დემოკრატიული საქართველო,41,,თბილისი,,,მიხეილ,ამაშუკელი,მიხეილ ამაშუკელი,,TRUE,elected_politicians.pdf
local_2017,__main__,council_smd,gd,ქართული ოცნება - დემოკრატიული საქართველო,41,,თბილისი,,,ალექსანდრე,ხუჯაძე,ალექსანდრე ხუჯაძე,,TRUE,elected_politicians.pdf
local_2017,__main__,council_smd,gd,ქართული ოცნება - დემოკრატიული საქართველო,41,,თბილისი,,,თამარ,ტალიაშვილი,თამარ ტალიაშვილი,,TRUE,elected_politicians.pdf
local_2017,__main__,council_smd,gd,ქართული ოცნება - დემოკრატიული საქართველო,41,,თბილისი,,,შალვა,ოგბაიძე,შალვა ოგბაიძე,,TRUE,elected_politicians.pdf
local_2017,__main__,council_smd,gd,ქართული ოცნება - დემოკრატიული საქართველო,41,,თბილისი,,,გულია,გოცირიძე,გულია გოცირიძე,,TRUE,elected_politicians.pdf
local_2017,__main__,council_smd,gd,ქართული ოცნება - დემოკრატიული საქართველო,41,,თბილისი,,,ოთარი,გრიგოლია,ოთარი გრიგოლია,,TRUE,elected_politicians.pdf
local_2017,__main__,council_smd,gd,ქართული ოცნება - დემოკრატიული საქართველო,41,,თბილისი,,,ქეთევან,ჯოხაძე,ქეთევან ჯოხაძე,,TRUE,elected_politicians.pdf
local_2017,__main__,mayor,gd,ქართული ოცნება - დემოკრატიული საქართველო,41,,თბილისი,,,კახა,კალაძე,კახა კალაძე,,TRUE,elected_politicians.pdf
local_2017,__main__,pr,european_georgia,"ბაქრაძე, უგულავა - ევროპული საქართველო",2,,საგარეჯოს,,,ამირან,სონიშვილი,ამირან სონიშვილი,,TRUE,elected_politicians.pdf
local_2017,__main__,pr,european_georgia,"ბაქრაძე, უგულავა - ევროპული საქართველო",2,,საგარეჯოს,,,თაკო,გოგიტაშვილი,თაკო გოგიტაშვილი,,TRUE,elected_politicians.pdf
local_2017,__main__,pr,unm,ერთიანი ნაციონალური მოძრაობა,5,,საგარეჯოს,,,გარსევან,ბუხნიკაშვილი,გარსევან ბუხნიკაშვილი,,TRUE,elected_politicians.pdf
local_2017,__main__,pr,unm,ერთიანი ნაციონალური მოძრაობა,5,,საგარეჯოს,,,ნიკოლოზ,ნაცვლიშვილი,ნიკოლოზ ნაცვლიშვილი,,TRUE,elected_politicians.pdf
local_2017,__main__,pr,patriots,"დავით თარხან-მოურავი, ირმა ინაშვილი - საქართველოს პატრიოტთა ალიანსი",8,,საგარეჯოს,,,სოსლან,გარსევანიშვილი,სოსლან გარსევანიშვილი,,TRUE,elected_politicians.pdf
local_2017,__main__,pr,gd,ქართული ოცნება - დემოკრატიული საქართველო,41,,საგარეჯოს,,,პაატა,ასრათაშვილი,პაატა ასრათაშვილი,,TRUE,elected_politicians.pdf
local_2017,__main__,pr,gd,ქართული ოცნება - დემოკრატიული საქართველო,41,,საგარეჯოს,,,ელდარ,მეფარიძე,ელდარ მეფარიძე,,TRUE,elected_politicians.pdf
local_2017,__main__,pr,gd,ქართული ოცნება - დემოკრატიული საქართველო,41,,საგარეჯოს,,,ლელა,მარიდაშვილი,ლელა მარიდაშვილი,,TRUE,elected_politicians.pdf
local_2017,__main__,pr,gd,ქართული ოცნება - დემოკრატიული საქართველო,41,,საგარეჯოს,,,მამუკა,კურდღელაშვილი,მამუკა კურდღელაშვილი,,TRUE,elected_politicians.pdf
local_2017,__main__,pr,gd,ქართული ოცნება - დემოკრატიული საქართველო,41,,საგარეჯოს,,,ზურაბი,უსტიაშვილი,ზურაბი უსტიაშვილი,,TRUE,elected_politicians.pdf
local_2017,__main__,pr,gd,ქართული ოცნება - დემოკრატიული საქართველო,41,,საგარეჯოს,,,თამაზი,ურდულაშვილი,თამაზი ურდულაშვილი,,TRUE,elected_politicians.pdf
local_2017,__main__,pr,gd,ქართული ოცნება - დემოკრატიული საქართველო,41,,საგარეჯოს,,,თამარი,სუხიაშვილი,თამარი სუხიაშვილი,,TRUE,elected_politicians.pdf
local_2017,__main__,pr,gd,ქართული ოცნება - დემოკრატიული საქართველო,41,,საგარეჯოს,,,მევლუდ,დუჩიძე,მევლუდ დუჩიძე,,TRUE,elected_politicians.pdf
local_2017,__main__,pr,gd,ქართული ოცნება - დემოკრატიული საქართველო,41,,საგარეჯოს,,,გივი,ბედიაშვილი,გივი ბედიაშვილი,,TRUE,elected_politicians.pdf
local_2017,__main__,pr,gd,ქართული ოცნება - დემოკრატიული საქართველო,41,,საგარეჯოს,,,ალექსანდრე,მეზვრიშვილი,ალექსანდრე მეზვრიშვილი,,TRUE,elected_politicians.pdf
local_2017,__main__,council_smd,gd,ქართული ოცნება - დემოკრატიული საქართველო,41,,საგარეჯოს,,,დავითი,არაბული,დავითი არაბული,,TRUE,elected_politicians.pdf
local_2017,__main__,council_smd,gd,ქართული ოცნება - დემოკრატიული საქართველო,41,,საგარეჯოს,,,ხათუნა,ბერიძე,ხათუნა ბერიძე,,TRUE,elected_politicians.pdf
local_2017,__main__,council_smd,gd,ქართული ოცნება - დემოკრატიული საქართველო,41,,საგარეჯოს,,,კონსტანტინე,ღოღელიანი,კონსტანტინე ღოღელიანი,,TRUE,elected_politicians.pdf
local_2017,__main__,council_smd,gd,ქართული ოცნება - დემოკრატიული საქართველო,41,,საგარეჯოს,,,ნიკო,ნახუცრიშვილი,ნიკო ნახუცრიშვილი,,TRUE,elected_politicians.pdf
local_2017,__main__,council_smd,gd,ქართული ოცნება - დემოკრატიული საქართველო,41,,საგარეჯოს,,,დავითი,თათრიშვილი,დავითი თათრიშვილი,,TRUE,elected_politicians.pdf
local_2017,__main__,council_smd,gd,ქართული ოცნება - დემოკრატიული საქართველო,41,,საგარეჯოს,,,ელენე,სამხთუაშვილი,ელენე სამხთუაშვილი,,TRUE,elected_politicians.pdf
local_2017,__main__,council_smd,gd,ქართული ოცნება - დემოკრატიული საქართველო,41,,საგარეჯოს,,,ოთარ,ჩალათაშვილი,ოთარ ჩალათაშვილი,,TRUE,elected_politicians.pdf
local_2017,__main__,council_smd,gd,ქართული ოცნება - დემოკრატიული საქართველო,41,,საგარეჯოს,,,ივანე,ივანიშვილი,ივანე ივანიშვილი,,TRUE,elected_politicians.pdf
local_2017,__main__,council_smd,gd,ქართული ოცნება - დემოკრატიული საქართველო,41,,საგარეჯოს,,,ივანე,ბეჟიაშვილი,ივანე ბეჟიაშვილი,,TRUE,elected_politicians.pdf
local_2017,__main__,council_smd,gd,ქართული ოცნება - დემოკრატიული საქართველო,41,,საგარეჯოს,,,გიორგი,მუჩიაშვილი,გიორგი მუჩიაშვილი,,TRUE,elected_politicians.pdf
local_2017,__main__,council_smd,gd,ქართული ოცნება - დემოკრატიული საქართველო,41,,საგარეჯოს,,,ვეფხია,ჩერქეზიშვილი,ვეფხია ჩერქეზიშვილი,,TRUE,elected_politicians.pdf
local_2017,__main__,council_smd,gd,ქართული ოცნება - დემოკრატიული საქართველო,41,,საგარეჯოს,,,ნიკო,გიუაშვილი,ნიკო გიუაშვილი,,TRUE,elected_politicians.pdf
local_2017,__main__,council_smd,gd,ქართული ოცნება - დემოკრატიული საქართველო,41,,საგარეჯოს,,,მამუკა,ჯაჭვაძე,მამუკა ჯაჭვაძე,,TRUE,elected_politicians.pdf
local_2017,__main__,council_smd,gd,ქართული ოცნება - დემოკრატიული საქართველო,41,,საგარეჯოს,,,დიმიტრი,მჭედლიშვილი,დიმიტრი მჭედლიშვილი,,TRUE,elected_politicians.pdf
local_2017,__main__,council_smd,gd,ქართული ოცნება - დემოკრატიული საქართველო,41,,საგარეჯოს,,,ავთანდილი,გოგიაშვილი,ავთანდილი გოგიაშვილი,,TRUE,elected_politicians.pdf
local_2017,__main__,council_smd,gd,ქართული ოცნება - დემოკრატიული საქართველო,41,,საგარეჯოს,,,სოსო,ჭიკაძე,სოსო ჭიკაძე,,TRUE,elected_politicians.pdf
local_2017,__main__,council_smd,gd,ქართული ოცნება - დემოკრატიული საქართველო,41,,საგარეჯოს,,,თენგიზი,ძირკველიშვილი,თენგიზი ძირკველიშვილი,,TRUE,elected_politicians.pdf
local_2017,__main__,council_smd,gd,ქართული ოცნება - დემოკრატიული საქართველო,41,,საგარეჯოს,,,აიაზ,ბაირამოვი,აიაზ ბაირამოვი,,TRUE,elected_politicians.pdf
local_2017,__main__,council_smd,gd,ქართული ოცნება - დემოკრატიული საქართველო,41,,საგარეჯოს,,,ელშად,კურბანოვი,ელშად კურბანოვი,,TRUE,elected_politicians.pdf
local_2017,__main__,council_smd,gd,ქართული ოცნება - დემოკრატიული საქართველო,41,,საგარეჯოს,,,ილგარ,ოჯახვერდიევი,ილგარ ოჯახვერდიევი,,TRUE,elected_politicians.pdf
local_2017,__main__,council_smd,gd,ქართული ოცნება - დემოკრატიული საქართველო,41,,საგარეჯოს,,,ეთბარ,ილიასოვი,ეთბარ ილიასოვი,,TRUE,elected_politicians.pdf
local_2017,__main__,council_smd,gd,ქართული ოცნება - დემოკრატიული საქართველო,41,,საგარეჯოს,,,ალექსი,იოსელიანი,ალექსი იოსელიანი,,TRUE,elected_politicians.pdf
local_2017,__main__,mayor,gd,ქართული ოცნება - დემოკრატიული საქართველო,41,,საგარეჯოს,,,გიორგი,ერბოწონაშვილი,გიორგი ერბოწონაშვილი,,TRUE,elected_politicians.pdf
local_2017,__main__,pr,european_georgia,"ბაქრაძე, უგულავა - ევროპული საქართველო",2,,გურჯაანის,,,გიორგი,პეტრუზაშვილი,გიორგი პეტრუზაშვილი,,TRUE,elected_politicians.pdf
local_2017,__main__,pr,european_georgia,"ბაქრაძე, უგულავა - ევროპული საქართველო",2,,გურჯაანის,,,ვასილი,უტიაშვილი,ვასილი უტიაშვილი,,TRUE,elected_politicians.pdf
local_2017,__main__,pr,european_georgia,"ბაქრაძე, უგულავა - ევროპული საქართველო",2,,გურჯაანის,,,მიხეილი,ბეჟანიშვილი,მიხეილი ბეჟანიშვილი,,TRUE,elected_politicians.pdf
local_2017,__main__,pr,unm,ერთიანი ნაციონალური მოძრაობა,5,,გურჯაანის,,,თემური,ბუწაშვილი,თემური ბუწაშვილი,,TRUE,elected_politicians.pdf
local_2017,__main__,pr,unm,ერთიანი ნაციონალური მოძრაობა,5,,გურჯაანის,,,ნიკა,ნიჟარაძე,ნიკა ნიჟარაძე,,TRUE,elected_politicians.pdf
local_2017,__main__,pr,patriots,"დავით თარხან-მოურავი, ირმა ინაშვილი - საქართველოს პატრიოტთა ალიანსი",8,,გურჯაანის,,,კობა,კუპრაშვილი,კობა კუპრაშვილი,,TRUE,elected_politicians.pdf
local_2017,__main__,pr,gd,ქართული ოცნება - დემოკრატიული საქართველო,41,,გურჯაანის,,,ვანო,ბერიძიშვილი,ვანო ბერიძიშვილი,,TRUE,elected_politicians.pdf
local_2017,__main__,pr,gd,ქართული ოცნება - დემოკრატიული საქართველო,41,,გურჯაანის,,,გიორგი,ალიაშვილი,გიორგი ალიაშვილი,,TRUE,elected_politicians.pdf
local_2017,__main__,pr,gd,ქართული ოცნება - დემოკრატიული საქართველო,41,,გურჯაანის,,,ზურაბი,ხუროშვილი,ზურაბი ხუროშვილი,,TRUE,elected_politicians.pdf
local_2017,__main__,pr,gd,ქართული ოცნება - დემოკრატიული საქართველო,41,,გურჯაანის,,,ელგუჯა,ქათამაძე,ელგუჯა ქათამაძე,,TRUE,elected_politicians.pdf
local_2017,__main__,pr,gd,ქართული ოცნება - დემოკრატიული საქართველო,41,,გურჯაანის,,,მაია,ბეროშვილი,მაია ბეროშვილი,,TRUE,elected_politicians.pdf
local_2017,__main__,pr,gd,ქართული ოცნება - დემოკრატიული საქართველო,41,,გურჯაანის,,,ზაზა,თოდაშვილი,ზაზა თოდაშვილი,,TRUE,elected_politicians.pdf
local_2017,__main__,pr,gd,ქართული ოცნება - დემოკრატიული საქართველო,41,,გურჯაანის,,,დალი,მინდიაშვილი,დალი მინდიაშვილი,,TRUE,elected_politicians.pdf
local_2017,__main__,pr,gd,ქართული ოცნება - დემოკრატიული საქართველო,41,,გურჯაანის,,,მარიამი,სირბილაშვილი,მარიამი სირბილაშვილი,,TRUE,elected_politicians.pdf
local_2017,__main__,pr,gd,ქართული ოცნება - დემოკრატიული საქართველო,41,,გურჯაანის,,,თამაზი,შიშნიაშვილი,თამაზი შიშნიაშვილი,,TRUE,elected_politicians.pdf
local_2017,__main__,council_smd,gd,ქართული ოცნება - დემოკრატიული საქართველო,41,,გურჯაანის,,,ზურაბ,სიმონიშვილი,ზურაბ სიმონიშვილი,,TRUE,elected_politicians.pdf
local_2017,__main__,council_smd,gd,ქართული ოცნება - დემოკრატიული საქართველო,41,,გურჯაანის,,,აკაკი,ფოცხვერაშვილი,აკაკი ფოცხვერაშვილი,,TRUE,elected_politicians.pdf
local_2017,__main__,council_smd,gd,ქართული ოცნება - დემოკრატიული საქართველო,41,,გურჯაანის,,,თეიმურაზ,ქევხიშვილი,თეიმურაზ ქევხიშვილი,,TRUE,elected_politicians.pdf
local_2017,__main__,council_smd,gd,ქართული ოცნება - დემოკრატიული საქართველო,41,,გურჯაანის,,,დავითი,პაიჭაძე,დავითი პაიჭაძე,,TRUE,elected_politicians.pdf
local_2017,__main__,council_smd,gd,ქართული ოცნება - დემოკრატიული საქართველო,41,,გურჯაანის,,,გიგო,მაჩხაშვილი,გიგო მაჩხაშვილი,,TRUE,elected_politicians.pdf
local_2017,__main__,council_smd,gd,ქართული ოცნება - დემოკრატიული საქართველო,41,,გურჯაანის,,,ზაქარა,შოშიაშვილი,ზაქარა შოშიაშვილი,,TRUE,elected_politicians.pdf
local_2017,__main__,council_smd,gd,ქართული ოცნება - დემოკრატიული საქართველო,41,,გურჯაანის,,,ლევანი,ხაზიური,ლევანი ხაზიური,,TRUE,elected_politicians.pdf
local_2017,__main__,council_smd,gd,ქართული ოცნება - დემოკრატიული საქართველო,21,,გურჯაანის,,,გია,შაოშვილი,გია შაოშვილი,,TRUE,elected_politicians.pdf
local_2017,__main__,council_smd,gd,ქართული ოცნება - დემოკრატიული საქართველო,41,,გურჯაანის,,,გიორგი,მაჭავარიანი,გიორგი მაჭავარიანი,,TRUE,elected_politicians.pdf
local_2017,__main__,council_smd,gd,ქართული ოცნება - დემოკრატიული საქართველო,41,,გურჯაანის,,,რამაზი,უტიაშვილი,რამაზი უტიაშვილი,,TRUE,elected_politicians.pdf
local_2017,__main__,council_smd,gd,ქართული ოცნება - დემოკრატიული საქართველო,41,,გურჯაანის,,,თეიმურაზი,ზარდიაშვილი,თეიმურაზი ზარდიაშვილი,,TRUE,elected_politicians.pdf
local_2017,__main__,council_smd,gd,ქართული ოცნება - დემოკრატიული საქართველო,41,,გურჯაანის,,,თემური,ელიკაშვილი,თემური ელიკაშვილი,,TRUE,elected_politicians.pdf
local_2017,__main__,council_smd,gd,ქართული ოცნება - დემოკრატიული საქართველო,41,,გურჯაანის,,,ზურაბი,მუხულიშვილი,ზურაბი მუხულიშვილი,,TRUE,elected_politicians.pdf
local_2017,__main__,council_smd,gd,ქართული ოცნება - დემოკრატიული საქართველო,41,,გურჯაანის,,,ზურაბი,წინწალაშვილი,ზურაბი წინწალაშვილი,,TRUE,elected_politicians.pdf
local_2017,__main__,council_smd,gd,ქართული ოცნება - დემოკრატიული საქართველო,41,,გურჯაანის,,,თეიმურაზი,ზავრაშვილი,თეიმურაზი ზავრაშვილი,,TRUE,elected_politicians.pdf
local_2017,__main__,council_smd,gd,ქართული ოცნება - დემოკრატიული საქართველო,41,,გურჯაანის,,,ალექსანდრე,ბასილაშვილი,ალექსანდრე ბასილაშვილი,,TRUE,elected_politicians.pdf
local_2017,__main__,council_smd,european_georgia,"ბაქრაძე, უგულავა - ევროპული საქართველო",2,,გურჯაანის,,,ვალერი,ბარნაბიშვილი,ვალერი ბარნაბიშვილი,,TRUE,elected_politicians.pdf
local_2017,__main__,council_smd,european_georgia,"ბაქრაძე, უგულავა - ევროპული საქართველო",2,,გურჯაანის,,,ვალერი,ირომაშვილი,ვალერი ირომაშვილი,,TRUE,elected_politicians.pdf
local_2017,__main__,council_smd,gd,ქართული ოცნება - დემოკრატიული საქართველო,41,,გურჯაანის,,,გივი,რამაზაშვილი,გივი რამაზაშვილი,,TRUE,elected_politicians.pdf
local_2017,__main__,council_smd,gd,ქართული ოცნება - დემოკრატიული საქართველო,41,,გურჯაანის,,,ზურაბი,ბადრიაშვილი,ზურაბი ბადრიაშვილი,,TRUE,elected_politicians.pdf
local_2017,__main__,council_smd,gd,ქართული ოცნება - დემოკრატიული საქართველო,41,,გურჯაანის,,,ლევანი,თევდორაშვილი,ლევანი თევდორაშვილი,,TRUE,elected_politicians.pdf
local_2017,__main__,council_smd,gd,ქართული ოცნება - დემოკრატიული საქართველო,41,,გურჯაანის,,,ვაჟა,მამისაშვილი,ვაჟა მამისაშვილი,,TRUE,elected_politicians.pdf
local_2017,__main__,council_smd,gd,ქართული ოცნება - დემოკრატიული საქართველო,41,,გურჯაანის,,,გელა,ზაკალაშვილი,გელა ზაკალაშვილი,,TRUE,elected_politicians.pdf
local_2017,__main__,council_smd,gd,ქართული ოცნება - დემოკრატიული საქართველო,41,,გურჯაანის,,,ვაჟა,მაჩხაშვილი,ვაჟა მაჩხაშვილი,,TRUE,elected_politicians.pdf
local_2017,__main__,pr,european_georgia,"ბაქრაძე, უგულავა - ევროპული საქართველო",2,,გურჯაანის,,,მალხაზ,ფეიქრიშვილი,მალხაზ ფეიქრიშვილი,,TRUE,elected_politicians.pdf
local_2017,__main__,pr,unm,ერთიანი ნაციონალური მოძრაობა,5,,გურჯაანის,,,გიორგი,ბაბაკიშვილი,გიორგი ბაბაკიშვილი,,TRUE,elected_politicians.pdf
local_2017,__main__,pr,unm,ერთიანი ნაციონალური მოძრაობა,5,,გურჯაანის,,,გიორგი,ზედელაშვილი,გიორგი ზედელაშვილი,,TRUE,elected_politicians.pdf
local_2017,__main__,pr,unm,ერთიანი ნაციონალური მოძრაობა,5,,გურჯაანის,,,რუსუდან,ოღიაშვილი,რუსუდან ოღიაშვილი,,TRUE,elected_politicians.pdf
local_2017,__main__,pr,unm,ერთიანი ნაციონალური მოძრაობა,5,,გურჯაანის,,,ალექსანდრე,მირაქოვი,ალექსანდრე მირაქოვი,,TRUE,elected_politicians.pdf
local_2017,__main__,pr,patriots,"დავით თარხან-მოურავი, ირმა ინაშვილი - საქართველოს პატრიოტთა ალიანსი",8,,გურჯაანის,,,ალექსანდრე,ბურდულაძე,ალექსანდრე ბურდულაძე,,TRUE,elected_politicians.pdf
local_2017,__main__,pr,gd,ქართული ოცნება - დემოკრატიული საქართველო,41,,გურჯაანის,,,ილია,ხატიაშვილი,ილია ხატიაშვილი,,TRUE,elected_politicians.pdf
local_2017,__main__,pr,gd,ქართული ოცნება - დემოკრატიული საქართველო,41,,გურჯაანის,,,ივანე,მირიანაშვილი,ივანე მირიანაშვილი,,TRUE,elected_politicians.pdf
local_2017,__main__,pr,gd,ქართული ოცნება - დემოკრატიული საქართველო,41,,გურჯაანის,,,გია,პავლიაშვილი,გია პავლიაშვილი,,TRUE,elected_politicians.pdf
local_2017,__main__,pr,gd,ქართული ოცნება - დემოკრატიული საქართველო,41,,გურჯაანის,,,ირაკლი,ლათიბაშვილი,ირაკლი ლათიბაშვილი,,TRUE,elected_politicians.pdf
local_2017,__main__,pr,gd,ქართული ოცნება - დემოკრატიული საქართველო,41,,გურჯაანის,,,გიორგი,ჯანყარაშვილი,გიორგი ჯანყარაშვილი,,TRUE,elected_politicians.pdf
local_2017,__main__,pr,gd,ქართული ოცნება - დემოკრატიული საქართველო,41,,გურჯაანის,,,მალხაზი,ხუციშვილი,მალხაზი ხუციშვილი,,TRUE,elected_politicians.pdf
local_2017,__main__,pr,gd,ქართული ოცნება - დემოკრატიული საქართველო,41,,გურჯაანის,,,გიორგი,ბოლღაშვილი,გიორგი ბოლღაშვილი,,TRUE,elected_politicians.pdf
local_2017,__main__,pr,gd,ქართული ოცნება - დემოკრატიული საქართველო,41,,გურჯაანის,,,გოჩა,ტოკლიკიშვილი,გოჩა ტოკლიკიშვილი,,TRUE,elected_politicians.pdf
local_2017,__main__,pr,gd,ქართული ოცნება - დემოკრატიული საქართველო,41,,გურჯაანის,,,ნელი,გურაშვილი,ნელი გურაშვილი,,TRUE,elected_politicians.pdf
local_2017,__main__,council_smd,gd,ქართული ოცნება - დემოკრატიული საქართველო,41,,გურჯაანის,,,ცოტნე,ბეჟაშვილი,ცოტნე ბეჟაშვილი,,TRUE,elected_politicians.pdf
local_2017,__main__,council_smd,gd,ქართული ოცნება - დემოკრატიული საქართველო,41,,გურჯაანის,,,თემურ,ჯავაშვილი,თემურ ჯავაშვილი,,TRUE,elected_politicians.pdf
local_2017,__main__,council_smd,gd,ქართული ოცნება - დემოკრატიული საქართველო,41,,გურჯაანის,,,ვლადიმერ,სიმონიშვილი,ვლადიმერ სიმონიშვილი,,TRUE,elected_politicians.pdf
local_2017,__main__,council_smd,gd,ქართული ოცნება - დემოკრატიული საქართველო,41,,გურჯაანის,,,გელა,ლეკიაშვილი,გელა ლეკიაშვილი,,TRUE,elected_politicians.pdf
local_2017,__main__,council_smd,gd,ქართული ოცნება - დემოკრატიული საქართველო,41,,გურჯაანის,,,არჩილ,ტუხაშვილი,არჩილ ტუხაშვილი,,TRUE,elected_politicians.pdf
local_2017,__main__,council_smd,gd,ქართული ოცნება - დემოკრატიული საქართველო,41,,გურჯაანის,,,ნანა,ნანობაშვილი,ნანა ნანობაშვილი,,TRUE,elected_politicians.pdf
local_2017,__main__,council_smd,gd,ქართული ოცნება - დემოკრატიული საქართველო,41,,გურჯაანის,,,ილია,ბაიდოშვილი,ილია ბაიდოშვილი,,TRUE,elected_politicians.pdf
local_2017,__main__,council_smd,gd,ქართული ოცნება - დემოკრატიული საქართველო,41,,გურჯაანის,,,იოსებ,მათეშვილი,იოსებ მათეშვილი,,TRUE,elected_politicians.pdf
local_2017,__main__,council_smd,gd,ქართული ოცნება - დემოკრატიული საქართველო,41,,გურჯაანის,,,ნინო,კოჭლამაზაშვილი,ნინო კოჭლამაზაშვილი,,TRUE,elected_politicians.pdf
local_2017,__main__,council_smd,gd,ქართული ოცნება - დემოკრატიული საქართველო,41,,გურჯაანის,,,ოთარ,ალადაშვილი,ოთარ ალადაშვილი,,TRUE,elected_politicians.pdf
local_2017,__main__,council_smd,gd,ქართული ოცნება - დემოკრატიული საქართველო,41,,გურჯაანის,,,ნანა,ლეკიაშვილი,ნანა ლეკიაშვილი,,TRUE,elected_politicians.pdf
local_2017,__main__,council_smd,gd,ქართული ოცნება - დემოკრატიული საქართველო,41,,გურჯაანის,,,გოჩა,შანშაშვილი,გოჩა შანშაშვილი,,TRUE,elected_politicians.pdf
local_2017,__main__,council_smd,gd,ქართული ოცნება - დემოკრატიული საქართველო,41,,გურჯაანის,,,გოჩა,ჯალიაშვილი,გოჩა ჯალიაშვილი,,TRUE,elected_politicians.pdf
local_2017,__main__,council_smd,gd,ქართული ოცნება - დემოკრატიული საქართველო,41,,გურჯაანის,,,გიორგი,ელაშვილი,გიორგი ელაშვილი,,TRUE,elected_politicians.pdf
local_2017,__main__,mayor,gd,ქართული ოცნება - დემოკრატიული საქართველო,41,,სიღნაღის,,,გიორგი,გოგილაშვილი,გიორგი გოგილაშვილი,,TRUE,elected_politicians.pdf
local_2017,__main__,pr,european_georgia,"ბაქრაძე, უგულავა - ევროპული საქართველო",2,,დედოფლისწყაროს,,,ივანე,შანშიაშვილი,ივანე შანშიაშვილი,,TRUE,elected_politicians.pdf
local_2017,__main__,pr,european_georgia,"ბაქრაძე, უგულავა - ევროპული საქართველო",2,,დედოფლისწყაროს,,,ნოშრევან,ნატროშვილი,ნოშრევან ნატროშვილი,,TRUE,elected_politicians.pdf
local_2017,__main__,pr,unm,ერთიანი ნაციონალური მოძრაობა,5,,დედოფლისწყაროს,,,ლევან,ბაღაშვილი,ლევან ბაღაშვილი,,TRUE,elected_politicians.pdf
local_2017,__main__,pr,unm,ერთიანი ნაციონალური მოძრაობა,5,,დედოფლისწყაროს,,,ლევან,იაკობიშვილი,ლევან იაკობიშვილი,,TRUE,elected_politicians.pdf
local_2017,__main__,pr,patriots,"დავით თარხან-მოურავი, ირმა ინაშვილი - საქართველოს პატრიოტთა ალიანსი",8,,დედოფლისწყაროს,,,შოთა,ჭინჭარაული,შოთა ჭინჭარაული,,TRUE,elected_politicians.pdf
local_2017,__main__,pr,gd,ქართული ოცნება - დემოკრატიული საქართველო,41,,დედოფლისწყაროს,,,ნუგზარი,პაპიაშვილი,ნუგზარი პაპიაშვილი,,TRUE,elected_politicians.pdf
local_2017,__main__,pr,gd,ქართული ოცნება - დემოკრატიული საქართველო,41,,დედოფლისწყაროს,,,დავით,ალუღიშვილი,დავით ალუღიშვილი,,TRUE,elected_politicians.pdf
local_2017,__main__,pr,gd,ქართული ოცნება - დემოკრატიული საქართველო,41,,დედოფლისწყაროს,,,ეთერ,დავითაშვილი,ეთერ დავითაშვილი,,TRUE,elected_politicians.pdf
local_2017,__main__,pr,gd,ქართული ოცნება - დემოკრატიული საქართველო,41,,დედოფლისწყაროს,,,ნუგზარ,ყოჩიაშვილი,ნუგზარ ყოჩიაშვილი,,TRUE,elected_politicians.pdf
local_2017,__main__,pr,gd,ქართული ოცნება - დემოკრატიული საქართველო,41,,დედოფლისწყაროს,,,მამუკა,სეფიაშვილი,მამუკა სეფიაშვილი,,TRUE,elected_politicians.pdf
local_2017,__main__,pr,gd,ქართული ოცნება - დემოკრატიული საქართველო,41,,დედოფლისწყაროს,,,ნიკოლოზ,ხუციშვილი,ნიკოლოზ ხუციშვილი,,TRUE,elected_politicians.pdf
local_2017,__main__,pr,gd,ქართული ოცნება - დემოკრატიული საქართველო,41,,დედოფლისწყაროს,,,გიორგი,ჭინჭარაული,გიორგი ჭინჭარაული,,TRUE,elected_politicians.pdf
local_2017,__main__,pr,gd,ქართული ოცნება - დემოკრატიული საქართველო,41,,დედოფლისწყაროს,,,ვასილ,სამადაშვილი,ვასილ სამადაშვილი,,TRUE,elected_politicians.pdf
local_2017,__main__,pr,gd,ქართული ოცნება - დემოკრატიული საქართველო,41,,დედოფლისწყაროს,,,ჯემალი,კოტაშვილი,ჯემალი კოტაშვილი,,TRUE,elected_politicians.pdf
local_2017,__main__,pr,gd,ქართული ოცნება - დემოკრატიული საქართველო,41,,დედოფლისწყაროს,,,ალექსანდრე,პაპაჩაშვილი,ალექსანდრე პაპაჩაშვილი,,TRUE,elected_politicians.pdf
local_2017,__main__,council_smd,gd,ქართული ოცნება - დემოკრატიული საქართველო,41,,დედოფლისწყაროს,,,დავით,გონაშვილი,დავით გონაშვილი,,TRUE,elected_politicians.pdf
local_2017,__main__,council_smd,gd,ქართული ოცნება - დემოკრატიული საქართველო,41,,დედოფლისწყაროს,,,მიხეილ,ბახუტაშვილი,მიხეილ ბახუტაშვილი,,TRUE,elected_politicians.pdf
local_2017,__main__,council_smd,gd,ქართული ოცნება - დემოკრატიული საქართველო,41,,დედოფლისწყაროს,,,არსენა,ბაღაშვილი,არსენა ბაღაშვილი,,TRUE,elected_politicians.pdf
local_2017,__main__,council_smd,patriots,"დავით თარხან-მოურავი, ირმა ინაშვილი - საქართველოს პატრიოტთა ალიანსი",8,,დედოფლისწყაროს,,,შალვა,ხორნაული,შალვა ხორნაული,,TRUE,elected_politicians.pdf
local_2017,__main__,council_smd,gd,ქართული ოცნება - დემოკრატიული საქართველო,41,,დედოფლისწყაროს,,,გივი,გიგაური,გივი გიგაური,,TRUE,elected_politicians.pdf
local_2017,__main__,council_smd,gd,ქართული ოცნება - დემოკრატიული საქართველო,41,,დედოფლისწყაროს,,,ალექსანდრე,ბენაშვილი,ალექსანდრე ბენაშვილი,,TRUE,elected_politicians.pdf
local_2017,__main__,council_smd,gd,ქართული ოცნება - დემოკრატიული საქართველო,41,,დედოფლისწყაროს,,,აკაკი,ქავთარაძე,აკაკი ქავთარაძე,,TRUE,elected_politicians.pdf
local_2017,__main__,council_smd,gd,ქართული ოცნება - დემოკრატიული საქართველო,41,,დედოფლისწყაროს,,,ზაზა,მეხრიშვილი,ზაზა მეხრიშვილი,,TRUE,elected_politicians.pdf
local_2017,__main__,council_smd,gd,ქართული ოცნება - დემოკრატიული საქართველო,41,,დედოფლისწყაროს,,,ბაბალე,თეთრაული,ბაბალე თეთრაული,,TRUE,elected_politicians.pdf
local_2017,__main__,council_smd,unm,ერთიანი ნაციონალური მოძრაობა,5,,დედოფლისწყაროს,,,ავთანდილ,ხარხელაური,ავთანდილ ხარხელაური,,TRUE,elected_politicians.pdf
local_2017,__main__,council_smd,gd,ქართული ოცნება - დემოკრატიული საქართველო,41,,დედოფლისწყაროს,,,ვასილი,ჩოვუშიან,ვასილი ჩოვუშიან,,TRUE,elected_politicians.pdf
local_2017,__main__,council_smd,gd,ქართული ოცნება - დემოკრატიული საქართველო,41,,დედოფლისწყაროს,,,გიორგი,გოგილაშვილი,გიორგი გოგილაშვილი,,TRUE,elected_politicians.pdf
local_2017,__main__,council_smd,gd,ქართული ოცნება - დემოკრატიული საქართველო,41,,დედოფლისწყაროს,,,გოჩა,სამუკაშვილი,გოჩა სამუკაშვილი,,TRUE,elected_politicians.pdf
local_2017,__main__,mayor,gd,ქართული ოცნება - დემოკრატიული საქართველო,41,,დედოფლისწყაროს,,,ნიკოლოზ,ჯანიაშვილი,ნიკოლოზ ჯანიაშვილი,,TRUE,elected_politicians.pdf
local_2017,__main__,pr,european_georgia,"ბაქრაძე, უგულავა - ევროპული საქართველო",2,,ლაგოდეხის,,,გიორგი,ენუქიძე,გიორგი ენუქიძე,,TRUE,elected_politicians.pdf
local_2017,__main__,pr,european_georgia,"ბაქრაძე, უგულავა - ევროპული საქართველო",2,,ლაგოდეხის,,,ეკატერინე,იობაშვილი,ეკატერინე იობაშვილი,,TRUE,elected_politicians.pdf
local_2017,__main__,pr,unm,ერთიანი ნაციონალური მოძრაობა,5,,ლაგოდეხის,,,ევა,ლომთაძე,ევა ლომთაძე,,TRUE,elected_politicians.pdf
local_2017,__main__,pr,unm,ერთიანი ნაციონალური მოძრაობა,5,,ლაგოდეხის,,,ფირუზი,გელაშვილი,ფირუზი გელაშვილი,,TRUE,elected_politicians.pdf
local_2017,__main__,pr,unm,ერთიანი ნაციონალური მოძრაობა,5,,ლაგოდეხის,,,ალიხან,ალლაზოვი,ალიხან ალლაზოვი,,TRUE,elected_politicians.pdf
local_2017,__main__,pr,patriots,"დავით თარხან-მოურავი, ირმა ინაშვილი - საქართველოს პატრიოტთა ალიანსი",8,,ლაგოდეხის,,,არჩილი,როსეფაშვილი,არჩილი როსეფაშვილი,,TRUE,elected_politicians.pdf
local_2017,__main__,pr,gd,ქართული ოცნება - დემოკრატიული საქართველო,41,,ლაგოდეხის,,,ივანე,ხაჩიძე,ივანე ხაჩიძე,,TRUE,elected_politicians.pdf
local_2017,__main__,pr,gd,ქართული ოცნება - დემოკრატიული საქართველო,41,,ლაგოდეხის,,,კარლო,ჯამბურია,კარლო ჯამბურია,,TRUE,elected_politicians.pdf
local_2017,__main__,pr,gd,ქართული ოცნება - დემოკრატიული საქართველო,41,,ლაგოდეხის,,,ზურაბი,ჯაფარიძე,ზურაბი ჯაფარიძე,,TRUE,elected_politicians.pdf
local_2017,__main__,pr,gd,ქართული ოცნება - დემოკრატიული საქართველო,41,,ლაგოდეხის,,,გიორგი,ღამბაშიძე,გიორგი ღამბაშიძე,,TRUE,elected_politicians.pdf
local_2017,__main__,pr,gd,ქართული ოცნება - დემოკრატიული საქართველო,41,,ლაგოდეხის,,,მარიანა,გელაშვილი,მარიანა გელაშვილი,,TRUE,elected_politicians.pdf
local_2017,__main__,pr,gd,ქართული ოცნება - დემოკრატიული საქართველო,41,,ლაგოდეხის,,,სალომე,ღონღაძე,სალომე ღონღაძე,,TRUE,elected_politicians.pdf
local_2017,__main__,pr,gd,ქართული ოცნება - დემოკრატიული საქართველო,41,,ლაგოდეხის,,,გიორგი,დარბაიძე,გიორგი დარბაიძე,,TRUE,elected_politicians.pdf
local_2017,__main__,pr,gd,ქართული ოცნება - დემოკრატიული საქართველო,41,,ლაგოდეხის,,,თორნიკე,ტალახაძე,თორნიკე ტალახაძე,,TRUE,elected_politicians.pdf
local_2017,__main__,pr,gd,ქართული ოცნება - დემოკრატიული საქართველო,41,,ლაგოდეხის,,,ომარი,მირზოშვილი,ომარი მირზოშვილი,,TRUE,elected_politicians.pdf
local_2017,__main__,council_smd,gd,ქართული ოცნება - დემოკრატიული საქართველო,41,,ლაგოდეხის,,,ვახტანგი,სარალიძე,ვახტანგი სარალიძე,,TRUE,elected_politicians.pdf
local_2017,__main__,council_smd,gd,ქართული ოცნება - დემოკრატიული საქართველო,41,,ლაგოდეხის,,,ვლადიმერი,ალიბეგაშვილი,ვლადიმერი ალიბეგაშვილი,,TRUE,elected_politicians.pdf
local_2017,__main__,council_smd,independent,დამოუკიდებელი,,,ლაგოდეხის,,,ბესიკი,თაბუნიძე,ბესიკი თაბუნიძე,,TRUE,elected_politicians.pdf
local_2017,__main__,council_smd,gd,ქართული ოცნება - დემოკრატიული საქართველო,41,,ლაგოდეხის,,,გია,კობახიძე,გია კობახიძე,,TRUE,elected_politicians.pdf
local_2017,__main__,council_smd,gd,ქართული ოცნება - დემოკრატიული საქართველო,41,,ლაგოდეხის,,,ვასილი,ნოზაძე,ვასილი ნოზაძე,,TRUE,elected_politicians.pdf
local_2017,__main__,council_smd,gd,ქართული ოცნება - დემოკრატიული საქართველო,41,,ლაგოდეხის,,,ალექსანდრე,ბაინდურაშვილი,ალექსანდრე ბაინდურაშვილი,,TRUE,elected_politicians.pdf
local_2017,__main__,council_smd,gd,ქართული ოცნება - დემოკრატიული საქართველო,41,,ლაგოდეხის,,,დავით,კაპანაძე,დავით კაპანაძე,,TRUE,elected_politicians.pdf
local_2017,__main__,council_smd,gd,ქართული ოცნება - დემოკრატიული საქართველო,41,,ლაგოდეხის,,,ამილ,ნიაზოვ,ამილ ნიაზოვ,,TRUE,elected_politicians.pdf
local_2017,__main__,council_smd,independent,დამოუკიდებელი,,,ლაგოდეხის,,,დავით,ლომიძე,დავით ლომიძე,,TRUE,elected_politicians.pdf
local_2017,__main__,council_smd,gd,ქართული ოცნება - დემოკრატიული საქართველო,41,,ლაგოდეხის,,,ხვიჩა,ყაველაშვილი,ხვიჩა ყაველაშვილი,,TRUE,elected_politicians.pdf
local_2017,__main__,council_smd,gd,ქართული ოცნება - დემოკრატიული საქართველო,41,,ლაგოდეხის,,,ვახტანგი,ჭიპაშვილი,ვახტანგი ჭიპაშვილი,,TRUE,elected_politicians.pdf
local_2017,__main__,council_smd,independent,დამოუკიდებელი,,,ლაგოდეხის,,,ემზარი,გვალია,ემზარი გვალია,,TRUE,elected_politicians.pdf
local_2017,__main__,council_smd,gd,ქართული ოცნება - დემოკრატიული საქართველო,41,,ლაგოდეხის,,,სიმონი,კვერნაძე,სიმონი კვერნაძე,,TRUE,elected_politicians.pdf
local_2017,__main__,council_smd,gd,ქართული ოცნება - დემოკრატიული საქართველო,41,,ლაგოდეხის,,,მაირბეგ,ქოზაევი,მაირბეგ ქოზაევი,,TRUE,elected_politicians.pdf
local_2017,__main__,council_smd,gd,ქართული ოცნება - დემოკრატიული საქართველო,41,,ლაგოდეხის,,,ბესარიონი,შუბითიძე,ბესარიონი შუბითიძე,,TRUE,elected_politicians.pdf
local_2017,__main__,council_smd,independent,დამოუკიდებელი,,,ლაგოდეხის,,,ალექსანდრე,ვარდოსანიძე,ალექსანდრე ვარდოსანიძე,,TRUE,elected_politicians.pdf
local_2017,__main__,mayor,gd,ქართული ოცნება - დემოკრატიული საქართველო,41,,ლაგოდეხის,,,ჯონდო,მდივნიშვილი,ჯონდო მდივნიშვილი,,TRUE,elected_politicians.pdf
local_2017,__main__,pr,european_georgia,"ბაქრაძე, უგულავა - ევროპული საქართველო",2,,ყვარლის,,,გოგიტა,წიწრიაშვილი,გოგიტა წიწრიაშვილი,,TRUE,elected_politicians.pdf
local_2017,__main__,pr,unm,ერთიანი ნაციონალური მოძრაობა,5,,ყვარლის,,,ბესიკი,იაშვილი,ბესიკი იაშვილი,,TRUE,elected_politicians.pdf
local_2017,__main__,pr,unm,ერთიანი ნაციონალური მოძრაობა,5,,ყვარლის,,,ბექა,ფოჩხიძე,ბექა ფოჩხიძე,,TRUE,elected_politicians.pdf
local_2017,__main__,pr,unm,ერთიანი ნაციონალური მოძრაობა,5,,ყვარლის,,,შალვა,ადეიშვილი,შალვა ადეიშვილი,,TRUE,elected_politicians.pdf
local_2017,__main__,pr,patriots,"დავით თარხან-მოურავი, ირმა ინაშვილი - საქართველოს პატრიოტთა ალიანსი",8,,ყვარლის,,,ალექსი,შიუკაშვილი,ალექსი შიუკაშვილი,,TRUE,elected_politicians.pdf
local_2017,__main__,pr,labour,შალვა ნათელაშვილი - საქართველოს ლეიბორისტული პარტია,10,,ყვარლის,,,თინათინი,ჩიხიაშვილი,თინათინი ჩიხიაშვილი,,TRUE,elected_politicians.pdf
local_2017,__main__,pr,gd,ქართული ოცნება - დემოკრატიული საქართველო,41,,ყვარლის,,,დავითი,ქევხიშვილი,დავითი ქევხიშვილი,,TRUE,elected_politicians.pdf
local_2017,__main__,pr,gd,ქართული ოცნება - დემოკრატიული საქართველო,41,,ყვარლის,,,ილია,მზექალაშვილი,ილია მზექალაშვილი,,TRUE,elected_politicians.pdf
local_2017,__main__,pr,gd,ქართული ოცნება - დემოკრატიული საქართველო,41,,ყვარლის,,,ნინო,ხუციშვილი,ნინო ხუციშვილი,,TRUE,elected_politicians.pdf
local_2017,__main__,pr,gd,ქართული ოცნება - დემოკრატიული საქართველო,41,,ყვარლის,,,ქეთევანი,სეფაშვილი,ქეთევანი სეფაშვილი,,TRUE,elected_politicians.pdf
local_2017,__main__,pr,gd,ქართული ოცნება - დემოკრატიული საქართველო,41,,ყვარლის,,,ვაჟა,ჭუნაშვილი,ვაჟა ჭუნაშვილი,,TRUE,elected_politicians.pdf
local_2017,__main__,pr,gd,ქართული ოცნება - დემოკრატიული საქართველო,41,,ყვარლის,,,თამარი,დენტოშვილი,თამარი დენტოშვილი,,TRUE,elected_politicians.pdf
local_2017,__main__,pr,gd,ქართული ოცნება - დემოკრატიული საქართველო,41,,ყვარლის,,,გიორგი,სირაძე,გიორგი სირაძე,,TRUE,elected_politicians.pdf
local_2017,__main__,pr,gd,ქართული ოცნება - დემოკრატიული საქართველო,41,,ყვარლის,,,შამილა,კახიტაევ,შამილა კახიტაევ,,TRUE,elected_politicians.pdf
local_2017,__main__,pr,gd,ქართული ოცნება - დემოკრატიული საქართველო,41,,ყვარლის,,,ლევანი,გელაძე,ლევანი გელაძე,,TRUE,elected_politicians.pdf
local_2017,__main__,council_smd,gd,ქართული ოცნება - დემოკრატიული საქართველო,41,,ყვარლის,,,ზურაბი,ჩხეიძე,ზურაბი ჩხეიძე,,TRUE,elected_politicians.pdf
local_2017,__main__,council_smd,gd,ქართული ოცნება - დემოკრატიული საქართველო,41,,ყვარლის,,,ვანო,მამულაშვილი,ვანო მამულაშვილი,,TRUE,elected_politicians.pdf
local_2017,__main__,council_smd,gd,ქართული ოცნება - დემოკრატიული საქართველო,41,,ყვარლის,,,ალექსანდრე,მაზმიშვილი,ალექსანდრე მაზმიშვილი,,TRUE,elected_politicians.pdf
local_2017,__main__,council_smd,gd,ქართული ოცნება - დემოკრატიული საქართველო,41,,ყვარლის,,,ზურაბი,კაპანაძე,ზურაბი კაპანაძე,,TRUE,elected_politicians.pdf
local_2017,__main__,council_smd,gd,ქართული ოცნება - დემოკრატიული საქართველო,41,,ყვარლის,,,კახა,ასისტიშვილი,კახა ასისტიშვილი,,TRUE,elected_politicians.pdf
local_2017,__main__,council_smd,gd,ქართული ოცნება - დემოკრატიული საქართველო,41,,ყვარლის,,,თენგიზ,ღვალაძე,თენგიზ ღვალაძე,,TRUE,elected_politicians.pdf
local_2017,__main__,council_smd,unm,ერთიანი ნაციონალური მოძრაობა,5,,ყვარლის,,,ბადური,ბერიძე,ბადური ბერიძე,,TRUE,elected_politicians.pdf
local_2017,__main__,council_smd,gd,ქართული ოცნება - დემოკრატიული საქართველო,41,,ყვარლის,,,ვახტანგი,მაჭავარიანი,ვახტანგი მაჭავარიანი,,TRUE,elected_politicians.pdf
local_2017,__main__,council_smd,gd,ქართული ოცნება - დემოკრატიული საქართველო,41,,ყვარლის,,,ჯემალი,შავერდაშვილი,ჯემალი შავერდაშვილი,,TRUE,elected_politicians.pdf
local_2017,__main__,council_smd,gd,ქართული ოცნება - დემოკრატიული საქართველო,41,,ყვარლის,,,იოსები,სოლომნიშვილი,იოსები სოლომნიშვილი,,TRUE,elected_politicians.pdf
local_2017,__main__,council_smd,gd,ქართული ოცნება - დემოკრატიული საქართველო,41,,ყვარლის,,,მამუკა,ბერიაშვილი,მამუკა ბერიაშვილი,,TRUE,elected_politicians.pdf
local_2017,__main__,council_smd,gd,ქართული ოცნება - დემოკრატიული საქართველო,41,,ყვარლის,,,სერგო,მამაგულიშვილი,სერგო მამაგულიშვილი,,TRUE,elected_politicians.pdf
local_2017,__main__,mayor,gd,ქართული ოცნება - დემოკრატიული საქართველო,41,,ყვარლის,,,როსტომ,სესიაშვილი,როსტომ სესიაშვილი,,TRUE,elected_politicians.pdf
local_2017,__main__,pr,european_georgia,"ბაქრაძე, უგულავა - ევროპული საქართველო",2,,თელავის,,,ლელა,მენთეშაშვილი,ლელა მენთეშაშვილი,,TRUE,elected_politicians.pdf
local_2017,__main__,pr,unm,ერთიანი ნაციონალური მოძრაობა,5,,თელავის,,,ალექსი,ძულიაშვილი,ალექსი ძულიაშვილი,,TRUE,elected_politicians.pdf
local_2017,__main__,pr,unm,ერთიანი ნაციონალური მოძრაობა,5,,თელავის,,,ზაქარია,გრიშიკაშვილი,ზაქარია გრიშიკაშვილი,,TRUE,elected_politicians.pdf
local_2017,__main__,pr,unm,ერთიანი ნაციონალური მოძრაობა,5,,თელავის,,,ბაადური,რევაზიშვილი,ბაადური რევაზიშვილი,,TRUE,elected_politicians.pdf
local_2017,__main__,pr,unm,ერთიანი ნაციონალური მოძრაობა,5,,თელავის,,,ალექსანდრე,კუპატაძე,ალექსანდრე კუპატაძე,,TRUE,elected_politicians.pdf
local_2017,__main__,pr,patriots,"დავით თარხან-მოურავი, ირმა ინაშვილი - საქართველოს პატრიოტთა ალიანსი",8,,თელავის,,,არჩილი,თვალიაშვილი,არჩილი თვალიაშვილი,,TRUE,elected_politicians.pdf
local_2017,__main__,pr,gd,ქართული ოცნება - დემოკრატიული საქართველო,41,,თელავის,,,არჩილი,თხლაშიძე,არჩილი თხლაშიძე,,TRUE,elected_politicians.pdf
local_2017,__main__,pr,gd,ქართული ოცნება - დემოკრატიული საქართველო,41,,თელავის,,,ლევანი,ლილუაშვილი,ლევანი ლილუაშვილი,,TRUE,elected_politicians.pdf
local_2017,__main__,pr,gd,ქართული ოცნება - დემოკრატიული საქართველო,41,,თელავის,,,ნანა,ხვისტანი,ნანა ხვისტანი,,TRUE,elected_politicians.pdf
local_2017,__main__,pr,gd,ქართული ოცნება - დემოკრატიული საქართველო,41,,თელავის,,,ალექსანდრე,შათირიშვილი,ალექსანდრე შათირიშვილი,,TRUE,elected_politicians.pdf
local_2017,__main__,pr,gd,ქართული ოცნება - დემოკრატიული საქართველო,41,,თელავის,,,ლევანი,ოთიურიძე,ლევანი ოთიურიძე,,TRUE,elected_politicians.pdf
local_2017,__main__,pr,gd,ქართული ოცნება - დემოკრატიული საქართველო,41,,თელავის,,,ლევან,კოჭლოშვილი,ლევან კოჭლოშვილი,,TRUE,elected_politicians.pdf
local_2017,__main__,pr,gd,ქართული ოცნება - დემოკრატიული საქართველო,41,,თელავის,,,მაია,მარკოზაშვილი,მაია მარკოზაშვილი,,TRUE,elected_politicians.pdf
local_2017,__main__,pr,gd,ქართული ოცნება - დემოკრატიული საქართველო,41,,თელავის,,,ტიტე,დარეჯანიშვილი,ტიტე დარეჯანიშვილი,,TRUE,elected_politicians.pdf
local_2017,__main__,pr,gd,ქართული ოცნება - დემოკრატიული საქართველო,41,,თელავის,,,დავით,ღაღანიძე,დავით ღაღანიძე,,TRUE,elected_politicians.pdf
local_2017,__main__,council_smd,gd,ქართული ოცნება - დემოკრატიული საქართველო,41,,თელავის,,,გიგა,ორკოდაშვილი,გიგა ორკოდაშვილი,,TRUE,elected_politicians.pdf
local_2017,__main__,council_smd,gd,ქართული ოცნება - დემოკრატიული საქართველო,41,,თელავის,,,ბესიკი,ქოჩიშვილი,ბესიკი ქოჩიშვილი,,TRUE,elected_politicians.pdf
local_2017,__main__,council_smd,gd,ქართული ოცნება - დემოკრატიული საქართველო,41,,თელავის,,,გიორგი,ჩაბრაშვილი,გიორგი ჩაბრაშვილი,,TRUE,elected_politicians.pdf
local_2017,__main__,council_smd,gd,ქართული ოცნება - დემოკრატიული საქართველო,41,,თელავის,,,იოსებ,პარწიკანაშვილი,იოსებ პარწიკანაშვილი,,TRUE,elected_politicians.pdf
local_2017,__main__,council_smd,gd,ქართული ოცნება - დემოკრატიული საქართველო,41,,თელავის,,,გურამი,წულუკიძე,გურამი წულუკიძე,,TRUE,elected_politicians.pdf
local_2017,__main__,council_smd,gd,ქართული ოცნება - დემოკრატიული საქართველო,41,,თელავის,,,დავით,გოგოშვილი,დავით გოგოშვილი,,TRUE,elected_politicians.pdf
local_2017,__main__,council_smd,gd,ქართული ოცნება - დემოკრატიული საქართველო,41,,თელავის,,,ვასილი,არაბული,ვასილი არაბული,,TRUE,elected_politicians.pdf
local_2017,__main__,council_smd,gd,ქართული ოცნება - დემოკრატიული საქართველო,41,,თელავის,,,ლევან,მრელაშვილი,ლევან მრელაშვილი,,TRUE,elected_politicians.pdf
local_2017,__main__,council_smd,gd,ქართული ოცნება - დემოკრატიული საქართველო,41,,თელავის,,,ზაქარია,ყარასაშვილი,ზაქარია ყარასაშვილი,,TRUE,elected_politicians.pdf
local_2017,__main__,council_smd,gd,ქართული ოცნება - დემოკრატიული საქართველო,41,,თელავის,,,გოჩა,წაწალაშვილი,გოჩა წაწალაშვილი,,TRUE,elected_politicians.pdf
local_2017,__main__,council_smd,gd,ქართული ოცნება - დემოკრატიული საქართველო,41,,თელავის,,,გიგა,მამუკელაშვილი,გიგა მამუკელაშვილი,,TRUE,elected_politicians.pdf
local_2017,__main__,council_smd,unm,ერთიანი ნაციონალური მოძრაობა,5,,თელავის,,,აბრამ,მახარიაშვილი,აბრამ მახარიაშვილი,,TRUE,elected_politicians.pdf
local_2017,__main__,council_smd,european_georgia,"ბაქრაძე, უგულავა - ევროპული საქართველო",2,,თელავის,,,ზურაბი,ნაცარაშვილი,ზურაბი ნაცარაშვილი,,TRUE,elected_politicians.pdf
local_2017,__main__,council_smd,gd,ქართული ოცნება - დემოკრატიული საქართველო,41,,თელავის,,,უჩა,ჭოტიაშვილი,უჩა ჭოტიაშვილი,,TRUE,elected_politicians.pdf
local_2017,__main__,council_smd,gd,ქართული ოცნება - დემოკრატიული საქართველო,41,,თელავის,,,გიორგი,ქიზიყელაშვილი,გიორგი ქიზიყელაშვილი,,TRUE,elected_politicians.pdf
local_2017,__main__,council_smd,gd,ქართული ოცნება - დემოკრატიული საქართველო,41,,თელავის,,,ზურაბი,ლილუაშვილი,ზურაბი ლილუაშვილი,,TRUE,elected_politicians.pdf
local_2017,__main__,council_smd,gd,ქართული ოცნება - დემოკრატიული საქართველო,41,,თელავის,,,ზურაბ,მუსაევი,ზურაბ მუსაევი,,TRUE,elected_politicians.pdf
local_2017,__main__,council_smd,gd,ქართული ოცნება - დემოკრატიული საქართველო,41,,თელავის,,,მიხეილ,გრემელაშვილი,მიხეილ გრემელაშვილი,,TRUE,elected_politicians.pdf
local_2017,__main__,council_smd,gd,ქართული ოცნება - დემოკრატიული საქართველო,41,,თელავის,,,ნიკოლოზ,მაისურაძე,ნიკოლოზ მაისურაძე,,TRUE,elected_politicians.pdf
local_2017,__main__,council_smd,gd,ქართული ოცნება - დემოკრატიული საქართველო,41,,თელავის,,,ბესიკ,გაიპარაშვილი,ბესიკ გაიპარაშვილი,,TRUE,elected_politicians.pdf
local_2017,__main__,mayor,gd,ქართული ოცნება - დემოკრატიული საქართველო,41,,ახმეტის,,,შოთა,ნარეკლიშვილი,შოთა ნარეკლიშვილი,,TRUE,elected_politicians.pdf
local_2017,__main__,pr,european_georgia,"ბაქრაძე, უგულავა - ევროპული საქართველო",2,,ახმეტის,,,გელა,ჭვრიტიძე,გელა ჭვრიტიძე,,TRUE,elected_politicians.pdf
local_2017,__main__,pr,european_georgia,"ბაქრაძე, უგულავა - ევროპული საქართველო",2,,ახმეტის,,,ფირუზ,შიომღვდლიშვილი,ფირუზ შიომღვდლიშვილი,,TRUE,elected_politicians.pdf
local_2017,__main__,pr,unm,ერთიანი ნაციონალური მოძრაობა,5,,ახმეტის,,,შაქრო,ტერტერაშვილი,შაქრო ტერტერაშვილი,,TRUE,elected_politicians.pdf
local_2017,__main__,pr,unm,ერთიანი ნაციონალური მოძრაობა,5,,ახმეტის,,,გიორგი,მაისურაძე,გიორგი მაისურაძე,,TRUE,elected_politicians.pdf
local_2017,__main__,pr,unm,ერთიანი ნაციონალური მოძრაობა,5,,ახმეტის,,,ვალერიან,დედაბრიშვილი,ვალერიან დედაბრიშვილი,,TRUE,elected_politicians.pdf
local_2017,__main__,pr,patriots,"დავით თარხან-მოურავი, ირმა ინაშვილი - საქართველოს პატრიოტთა ალიანსი",8,,ახმეტის,,,თინათინი,მოზაიძე,თინათინი მოზაიძე,,TRUE,elected_politicians.pdf
local_2017,__main__,pr,labour,შალვა ნათელაშვილი - საქართველოს ლეიბორისტული პარტია,10,,ახმეტის,,,თეიმურაზ,ბოდაველი,თეიმურაზ ბოდაველი,,TRUE,elected_politicians.pdf
local_2017,__main__,pr,gd,ქართული ოცნება - დემოკრატიული საქართველო,41,,ახმეტის,,,ზაზა,მიგრიაული,ზაზა მიგრიაული,,TRUE,elected_politicians.pdf
local_2017,__main__,pr,gd,ქართული ოცნება - დემოკრატიული საქართველო,41,,ახმეტის,,,თამარ,ყეინიშვილი,თამარ ყეინიშვილი,,TRUE,elected_politicians.pdf
local_2017,__main__,pr,gd,ქართული ოცნება - დემოკრატიული საქართველო,41,,ახმეტის,,,მარეხ,კოხტაშვილი,მარეხ კოხტაშვილი,,TRUE,elected_politicians.pdf
local_2017,__main__,pr,gd,ქართული ოცნება - დემოკრატიული საქართველო,41,,ახმეტის,,,ბიძინა,ჭიჭიკლიშვილი,ბიძინა ჭიჭიკლიშვილი,,TRUE,elected_politicians.pdf
local_2017,__main__,pr,gd,ქართული ოცნება - დემოკრატიული საქართველო,41,,ახმეტის,,,თიკო,მგელიაშვილი,თიკო მგელიაშვილი,,TRUE,elected_politicians.pdf
local_2017,__main__,pr,gd,ქართული ოცნება - დემოკრატიული საქართველო,41,,ახმეტის,,,არჩილ,მექვევრიშვილი,არჩილ მექვევრიშვილი,,TRUE,elected_politicians.pdf
local_2017,__main__,pr,gd,ქართული ოცნება - დემოკრატიული საქართველო,41,,ახმეტის,,,არსენ,ბუღრიძე,არსენ ბუღრიძე,,TRUE,elected_politicians.pdf
local_2017,__main__,pr,gd,ქართული ოცნება - დემოკრატიული საქართველო,41,,ახმეტის,,,გიორგი,ხუცურაული,გიორგი ხუცურაული,,TRUE,elected_politicians.pdf
local_2017,__main__,council_smd,gd,ქართული ოცნება - დემოკრატიული საქართველო,41,,ახმეტის,,,ნუგზარ,ალავიძე,ნუგზარ ალავიძე,,TRUE,elected_politicians.pdf
local_2017,__main__,council_smd,gd,ქართული ოცნება - დემოკრატიული საქართველო,41,,ახმეტის,,,არჩილ,შათირიშვილი,არჩილ შათირიშვილი,,TRUE,elected_politicians.pdf
local_2017,__main__,council_smd,gd,ქართული ოცნება - დემოკრატიული საქართველო,41,,ახმეტის,,,რამაზ,ბაღაკაშვილი,რამაზ ბაღაკაშვილი,,TRUE,elected_politicians.pdf
local_2017,__main__,council_smd,gd,ქართული ოცნება - დემოკრატიული საქართველო,41,,ახმეტის,,,ლევან,ითიურიძე,ლევან ითიურიძე,,TRUE,elected_politicians.pdf
local_2017,__main__,council_smd,gd,ქართული ოცნება - დემოკრატიული საქართველო,41,,ახმეტის,,,მაგდანა,ალხანაშვილი,მაგდანა ალხანაშვილი,,TRUE,elected_politicians.pdf
local_2017,__main__,council_smd,gd,ქართული ოცნება - დემოკრატიული საქართველო,41,,ახმეტის,,,თამაზი,წითელაური,თამაზი წითელაური,,TRUE,elected_politicians.pdf
local_2017,__main__,council_smd,gd,ქართული ოცნება - დემოკრატიული საქართველო,41,,ახმეტის,,,ლევანი,გოგოთიძე,ლევანი გოგოთიძე,,TRUE,elected_politicians.pdf
local_2017,__main__,council_smd,gd,ქართული ოცნება - დემოკრატიული საქართველო,41,,ახმეტის,,,ვაჟა,სუხოშვილი,ვაჟა სუხოშვილი,,TRUE,elected_politicians.pdf
local_2017,__main__,council_smd,gd,ქართული ოცნება - დემოკრატიული საქართველო,41,,ახმეტის,,,დავითი,იმერლიშვილი,დავითი იმერლიშვილი,,TRUE,elected_politicians.pdf
local_2017,__main__,council_smd,gd,ქართული ოცნება - დემოკრატიული საქართველო,41,,ახმეტის,,,ანზორი,ხიზანაიძე,ანზორი ხიზანაიძე,,TRUE,elected_politicians.pdf
local_2017,__main__,council_smd,unm,ერთიანი ნაციონალური მოძრაობა,5,,ახმეტის,,,დავითი,ახალკაციშვილი,დავითი ახალკაციშვილი,,TRUE,elected_politicians.pdf
local_2017,__main__,council_smd,gd,ქართული ოცნება - დემოკრატიული საქართველო,41,,ახმეტის,,,რევაზ,გახუაშვილი,რევაზ გახუაშვილი,,TRUE,elected_politicians.pdf
local_2017,__main__,council_smd,gd,ქართული ოცნება - დემოკრატიული საქართველო,41,,ახმეტის,,,იური,მრელაშვილი,იური მრელაშვილი,,TRUE,elected_politicians.pdf
local_2017,__main__,council_smd,independent,დამოუკიდებელი,,,ახმეტის,,,დავით,ავაზაშვილი,დავით ავაზაშვილი,,TRUE,elected_politicians.pdf
local_2017,__main__,council_smd,gd,ქართული ოცნება - დემოკრატიული საქართველო,41,,ახმეტის,,,ლევანი,უძილაური,ლევანი უძილაური,,TRUE,elected_politicians.pdf
local_2017,__main__,council_smd,gd,ქართული ოცნება - დემოკრატიული საქართველო,41,,ახმეტის,,,თამაზი,ბორჩაშვილი,თამაზი ბორჩაშვილი,,TRUE,elected_politicians.pdf
local_2017,__main__,mayor,gd,ქართული ოცნება - დემოკრატიული საქართველო,41,,ახმეტის,,,იოსები,ქარუმაშვილი,იოსები ქარუმაშვილი,,TRUE,elected_politicians.pdf
local_2017,__main__,pr,unm,ერთიანი ნაციონალური მოძრაობა,5,,თიანეთის,,,ნინო,ნანობაშვილი,ნინო ნანობაშვილი,,TRUE,elected_politicians.pdf
local_2017,__main__,pr,mechiauri,თამაზ მეჭიაური ერთიანი საქართველოსთვის,7,,თიანეთის,,,თამაზ,მეჭიაური,თამაზ მეჭიაური,,TRUE,elected_politicians.pdf
local_2017,__main__,pr,mechiauri,თამაზ მეჭიაური ერთიანი საქართველოსთვის,7,,თიანეთის,,,ზურაბ,მოსიაშვილი,ზურაბ მოსიაშვილი,,TRUE,elected_politicians.pdf
local_2017,__main__,pr,mechiauri,თამაზ მეჭიაური ერთიანი საქართველოსთვის,7,,თიანეთის,,,თამაზ,იარაჯული,თამაზ იარაჯული,,TRUE,elected_politicians.pdf
local_2017,__main__,pr,mechiauri,თამაზ მეჭიაური ერთიანი საქართველოსთვის,7,,თიანეთის,,,ბაჩუკი,მეჭიაური,ბაჩუკი მეჭიაური,,TRUE,elected_politicians.pdf
local_2017,__main__,pr,mechiauri,თამაზ მეჭიაური ერთიანი საქართველოსთვის,7,,თიანეთის,,,გივი,წიკლაური,გივი წიკლაური,,TRUE,elected_politicians.pdf
local_2017,__main__,pr,patriots,"დავით თარხან-მოურავი, ირმა ინაშვილი - საქართველოს პატრიოტთა ალიანსი",8,,თიანეთის,,,შოთა,ბოდაველი,შოთა ბოდაველი,,TRUE,elected_politicians.pdf
local_2017,__main__,pr,gd,ქართული ოცნება - დემოკრატიული საქართველო,41,,თიანეთის,,,გიორგი,წოწკოლაური,გიორგი წოწკოლაური,,TRUE,elected_politicians.pdf
local_2017,__main__,pr,gd,ქართული ოცნება - დემოკრატიული საქართველო,41,,თიანეთის,,,ლერი,ბაინდურაშვილი,ლერი ბაინდურაშვილი,,TRUE,elected_politicians.pdf
local_2017,__main__,pr,gd,ქართული ოცნება - დემოკრატიული საქართველო,41,,თიანეთის,,,ეკატერინე,შეთეკაური,ეკატერინე შეთეკაური,,TRUE,elected_politicians.pdf
local_2017,__main__,pr,gd,ქართული ოცნება - დემოკრატიული საქართველო,41,,თიანეთის,,,დავით,მგელიაშვილი,დავით მგელიაშვილი,,TRUE,elected_politicians.pdf
local_2017,__main__,pr,gd,ქართული ოცნება - დემოკრატიული საქართველო,41,,თიანეთის,,,ომარი,გიანაშვილი,ომარი გიანაშვილი,,TRUE,elected_politicians.pdf
local_2017,__main__,pr,gd,ქართული ოცნება - დემოკრატიული საქართველო,41,,თიანეთის,,,მარიამი,როკაშვილი,მარიამი როკაშვილი,,TRUE,elected_politicians.pdf
local_2017,__main__,pr,gd,ქართული ოცნება - დემოკრატიული საქართველო,41,,თიანეთის,,,რევაზ,სეთური,რევაზ სეთური,,TRUE,elected_politicians.pdf
local_2017,__main__,pr,gd,ქართული ოცნება - დემოკრატიული საქართველო,41,,თიანეთის,,,იაგო,ჩხუტიაშვილი,იაგო ჩხუტიაშვილი,,TRUE,elected_politicians.pdf
local_2017,__main__,council_smd,gd,ქართული ოცნება - დემოკრატიული საქართველო,41,,თიანეთის,,,ზვიად,ზვიადაური,ზვიად ზვიადაური,,TRUE,elected_politicians.pdf
local_2017,__main__,council_smd,gd,ქართული ოცნება - დემოკრატიული საქართველო,41,,თიანეთის,,,ბადურ,მერებაშვილი,ბადურ მერებაშვილი,,TRUE,elected_politicians.pdf
local_2017,__main__,council_smd,gd,ქართული ოცნება - დემოკრატიული საქართველო,41,,თიანეთის,,,ჯურხა,ჯაბუშანური,ჯურხა ჯაბუშანური,,TRUE,elected_politicians.pdf
local_2017,__main__,council_smd,gd,ქართული ოცნება - დემოკრატიული საქართველო,41,,თიანეთის,,,ცეზარ,ღუბიანური,ცეზარ ღუბიანური,,TRUE,elected_politicians.pdf
local_2017,__main__,council_smd,mechiauri,თამაზ მეჭიაური ერთიანი საქართველოსთვის,7,,თიანეთის,,,გივი,ჩიტაური,გივი ჩიტაური,,TRUE,elected_politicians.pdf
local_2017,__main__,council_smd,mechiauri,თამაზ მეჭიაური ერთიანი საქართველოსთვის,7,,თიანეთის,,,ცარო,ბუწანკალური,ცარო ბუწანკალური,,TRUE,elected_politicians.pdf
local_2017,__main__,council_smd,gd,ქართული ოცნება - დემოკრატიული საქართველო,41,,თიანეთის,,,იოსებ,მათურელი,იოსებ მათურელი,,TRUE,elected_politicians.pdf
local_2017,__main__,council_smd,gd,ქართული ოცნება - დემოკრატიული საქართველო,41,,თიანეთის,,,იაგო,შარაზადიშვილი,იაგო შარაზადიშვილი,,TRUE,elected_politicians.pdf
local_2017,__main__,council_smd,gd,ქართული ოცნება - დემოკრატიული საქართველო,41,,თიანეთის,,,სოსო,მამულაშვილი,სოსო მამულაშვილი,,TRUE,elected_politicians.pdf
local_2017,__main__,council_smd,gd,ქართული ოცნება - დემოკრატიული საქართველო,41,,თიანეთის,,,კახა,წიკლაური,კახა წიკლაური,,TRUE,elected_politicians.pdf
local_2017,__main__,council_smd,gd,ქართული ოცნება - დემოკრატიული საქართველო,41,,თიანეთის,,,გრიშა,მინდიკაური,გრიშა მინდიკაური,,TRUE,elected_politicians.pdf
local_2017,__main__,council_smd,gd,ქართული ოცნება - დემოკრატიული საქართველო,41,,თიანეთის,,,გიორგი,წივილაშვილი,გიორგი წივილაშვილი,,TRUE,elected_politicians.pdf
local_2017,__main__,mayor,mechiauri,თამაზ მეჭიაური ერთიანი საქართველოსთვის,7,,თიანეთის,,,თამაზ,მეჭიაური,თამაზ მეჭიაური,,TRUE,elected_politicians.pdf
local_2017,__main__,pr,european_georgia,"ბაქრაძე, უგულავა - ევროპული საქართველო",2,,თვითმმართველი ქალაქის - რუსთავის,,,მამუკა,აბულაძე,მამუკა აბულაძე,,TRUE,elected_politicians.pdf
local_2017,__main__,pr,european_georgia,"ბაქრაძე, უგულავა - ევროპული საქართველო",2,,თვითმმართველი ქალაქის - რუსთავის,,,კობა,ლომიძე,კობა ლომიძე,,TRUE,elected_politicians.pdf
local_2017,__main__,pr,unm,ერთიანი ნაციონალური მოძრაობა,5,,თვითმმართველი ქალაქის - რუსთავის,,,გურამ,ლაცაბიძე,გურამ ლაცაბიძე,,TRUE,elected_politicians.pdf
local_2017,__main__,pr,unm,ერთიანი ნაციონალური მოძრაობა,5,,თვითმმართველი ქალაქის - რუსთავის,,,ნანა,შატბერაშვილი,ნანა შატბერაშვილი,,TRUE,elected_politicians.pdf
local_2017,__main__,pr,unm,ერთიანი ნაციონალური მოძრაობა,5,,თვითმმართველი ქალაქის - რუსთავის,,,ალექსანდრე,ბერიძე,ალექსანდრე ბერიძე,,TRUE,elected_politicians.pdf
local_2017,__main__,pr,patriots,"დავით თარხან-მოურავი, ირმა ინაშვილი - საქართველოს პატრიოტთა ალიანსი",8,,თვითმმართველი ქალაქის - რუსთავის,,,დავითი,კაპანაძე,დავითი კაპანაძე,,TRUE,elected_politicians.pdf
local_2017,__main__,pr,labour,შალვა ნათელაშვილი - საქართველოს ლეიბორისტული პარტია,10,,თვითმმართველი ქალაქის - რუსთავის,,,კობა,ჩალაძე,კობა ჩალაძე,,TRUE,elected_politicians.pdf
local_2017,__main__,pr,gd,ქართული ოცნება - დემოკრატიული საქართველო,41,,თვითმმართველი ქალაქის - რუსთავის,,,ლევანი,ონიანი,ლევანი ონიანი,,TRUE,elected_politicians.pdf
local_2017,__main__,pr,gd,ქართული ოცნება - დემოკრატიული საქართველო,41,,თვითმმართველი ქალაქის - რუსთავის,,,მალხაზი,კომლაძე,მალხაზი კომლაძე,,TRUE,elected_politicians.pdf
local_2017,__main__,pr,gd,ქართული ოცნება - დემოკრატიული საქართველო,41,,თვითმმართველი ქალაქის - რუსთავის,,,ნინო,ქავთარაძე,ნინო ქავთარაძე,,TRUE,elected_politicians.pdf
local_2017,__main__,pr,gd,ქართული ოცნება - დემოკრატიული საქართველო,41,,თვითმმართველი ქალაქის - რუსთავის,,,გურამ,ფირცხალაიშვილი,გურამ ფირცხალაიშვილი,,TRUE,elected_politicians.pdf
local_2017,__main__,pr,gd,ქართული ოცნება - დემოკრატიული საქართველო,41,,თვითმმართველი ქალაქის - რუსთავის,,,გიორგი,ჭანტურია,გიორგი ჭანტურია,,TRUE,elected_politicians.pdf
local_2017,__main__,pr,gd,ქართული ოცნება - დემოკრატიული საქართველო,41,,თვითმმართველი ქალაქის - რუსთავის,,,ზურაბ,ბერიძე,ზურაბ ბერიძე,,TRUE,elected_politicians.pdf
local_2017,__main__,pr,gd,ქართული ოცნება - დემოკრატიული საქართველო,41,,თვითმმართველი ქალაქის - რუსთავის,,,დავითი,მაღლაკელიძე,დავითი მაღლაკელიძე,,TRUE,elected_politicians.pdf
local_2017,__main__,pr,gd,ქართული ოცნება - დემოკრატიული საქართველო,41,,თვითმმართველი ქალაქის - რუსთავის,,,ბონდო,მამულაშვილი,ბონდო მამულაშვილი,,TRUE,elected_politicians.pdf
local_2017,__main__,council_smd,gd,ქართული ოცნება - დემოკრატიული საქართველო,41,,თვითმმართველი ქალაქის - რუსთავის,,,დავით,რეხვიაშვილი,დავით რეხვიაშვილი,,TRUE,elected_politicians.pdf
local_2017,__main__,council_smd,gd,ქართული ოცნება - დემოკრატიული საქართველო,41,,თვითმმართველი ქალაქის - რუსთავის,,,რამაზ,გოგობერიშვილი,რამაზ გოგობერიშვილი,,TRUE,elected_politicians.pdf
local_2017,__main__,council_smd,gd,ქართული ოცნება - დემოკრატიული საქართველო,41,,თვითმმართველი ქალაქის - რუსთავის,,,გიორგი,ტუხაშვილი,გიორგი ტუხაშვილი,,TRUE,elected_politicians.pdf
local_2017,__main__,council_smd,gd,ქართული ოცნება - დემოკრატიული საქართველო,41,,თვითმმართველი ქალაქის - რუსთავის,,,გურამ,კვარაცხელია,გურამ კვარაცხელია,,TRUE,elected_politicians.pdf
local_2017,__main__,council_smd,gd,ქართული ოცნება - დემოკრატიული საქართველო,41,,თვითმმართველი ქალაქის - რუსთავის,,,დავით,იშხნელი,დავით იშხნელი,,TRUE,elected_politicians.pdf
local_2017,__main__,council_smd,gd,ქართული ოცნება - დემოკრატიული საქართველო,41,,თვითმმართველი ქალაქის - რუსთავის,,,გოჩა,ჯანგიძე,გოჩა ჯანგიძე,,TRUE,elected_politicians.pdf
local_2017,__main__,council_smd,gd,ქართული ოცნება - დემოკრატიული საქართველო,41,,თვითმმართველი ქალაქის - რუსთავის,,,გიორგი,ჯღარკავა,გიორგი ჯღარკავა,,TRUE,elected_politicians.pdf
local_2017,__main__,council_smd,gd,ქართული ოცნება - დემოკრატიული საქართველო,41,,თვითმმართველი ქალაქის - რუსთავის,,,გრიგოლ,ვეფხვაძე,გრიგოლ ვეფხვაძე,,TRUE,elected_politicians.pdf
local_2017,__main__,council_smd,gd,ქართული ოცნება - დემოკრატიული საქართველო,41,,თვითმმართველი ქალაქის - რუსთავის,,,ზვიად,დოლიძე,ზვიად დოლიძე,,TRUE,elected_politicians.pdf
local_2017,__main__,council_smd,gd,ქართული ოცნება - დემოკრატიული საქართველო,41,,თვითმმართველი ქალაქის - რუსთავის,,,ამირან,ჯანჯღავა,ამირან ჯანჯღავა,,TRUE,elected_politicians.pdf
local_2017,__main__,mayor,gd,ქართული ოცნება - დემოკრატიული საქართველო,41,,თვითმმართველი ქალაქის - რუსთავის,,,ირაკლი,ტაბაღუა,ირაკლი ტაბაღუა,,TRUE,elected_politicians.pdf
local_2017,__main__,pr,european_georgia,"ბაქრაძე, უგულავა - ევროპული საქართველო",2,,გარდაბნის,,,გაბილ,გასანოვი,გაბილ გასანოვი,,TRUE,elected_politicians.pdf
local_2017,__main__,pr,unm,ერთიანი ნაციონალური მოძრაობა,5,,გარდაბნის,,,ბესიკი,კახაბრიშვილი,ბესიკი კახაბრიშვილი,,TRUE,elected_politicians.pdf
local_2017,__main__,pr,unm,ერთიანი ნაციონალური მოძრაობა,5,,გარდაბნის,,,აკიფ,ისმაილოვი,აკიფ ისმაილოვი,,TRUE,elected_politicians.pdf
local_2017,__main__,pr,patriots,"დავით თარხან-მოურავი, ირმა ინაშვილი - საქართველოს პატრიოტთა ალიანსი",8,,გარდაბნის,,,გელა,ხუციშვილი,გელა ხუციშვილი,,TRUE,elected_politicians.pdf
local_2017,__main__,pr,gd,ქართული ოცნება - დემოკრატიული საქართველო,41,,გარდაბნის,,,ტარიელ,ჯანხოთელი,ტარიელ ჯანხოთელი,,TRUE,elected_politicians.pdf
local_2017,__main__,pr,gd,ქართული ოცნება - დემოკრატიული საქართველო,41,,გარდაბნის,,,თამარ,ხაჩიძე,თამარ ხაჩიძე,,TRUE,elected_politicians.pdf
local_2017,__main__,pr,gd,ქართული ოცნება - დემოკრატიული საქართველო,41,,გარდაბნის,,,მაია,შამედოვა,მაია შამედოვა,,TRUE,elected_politicians.pdf
local_2017,__main__,pr,gd,ქართული ოცნება - დემოკრატიული საქართველო,41,,გარდაბნის,,,ბახტიარ,ზეინალოვი,ბახტიარ ზეინალოვი,,TRUE,elected_politicians.pdf
local_2017,__main__,pr,gd,ქართული ოცნება - დემოკრატიული საქართველო,41,,გარდაბნის,,,ზურაბი,ბენდელიანი,ზურაბი ბენდელიანი,,TRUE,elected_politicians.pdf
local_2017,__main__,pr,gd,ქართული ოცნება - დემოკრატიული საქართველო,41,,გარდაბნის,,,ბაკურ,ზურაბიანი,ბაკურ ზურაბიანი,,TRUE,elected_politicians.pdf
local_2017,__main__,pr,gd,ქართული ოცნება - დემოკრატიული საქართველო,41,,გარდაბნის,,,გივი,ძმანაშვილი,გივი ძმანაშვილი,,TRUE,elected_politicians.pdf
local_2017,__main__,pr,gd,ქართული ოცნება - დემოკრატიული საქართველო,41,,გარდაბნის,,,სოლიკო,ფურცელაძე,სოლიკო ფურცელაძე,,TRUE,elected_politicians.pdf
local_2017,__main__,pr,gd,ქართული ოცნება - დემოკრატიული საქართველო,41,,გარდაბნის,,,ლაშა,ქართლოსიშვილი,ლაშა ქართლოსიშვილი,,TRUE,elected_politicians.pdf
local_2017,__main__,pr,gd,ქართული ოცნება - დემოკრატიული საქართველო,41,,გარდაბნის,,,ფლორა,ასკაროვა,ფლორა ასკაროვა,,TRUE,elected_politicians.pdf
local_2017,__main__,pr,gd,ქართული ოცნება - დემოკრატიული საქართველო,41,,გარდაბნის,,,მირზა,მირზოევი,მირზა მირზოევი,,TRUE,elected_politicians.pdf
local_2017,__main__,council_smd,gd,ქართული ოცნება - დემოკრატიული საქართველო,41,,გარდაბნის,,,ჩინგიზ,ალიევი,ჩინგიზ ალიევი,,TRUE,elected_politicians.pdf
local_2017,__main__,council_smd,gd,ქართული ოცნება - დემოკრატიული საქართველო,41,,გარდაბნის,,,ზაზა,ონიანი,ზაზა ონიანი,,TRUE,elected_politicians.pdf
local_2017,__main__,council_smd,gd,ქართული ოცნება - დემოკრატიული საქართველო,41,,გარდაბნის,,,ზურაბი,მჭედლიშვილი,ზურაბი მჭედლიშვილი,,TRUE,elected_politicians.pdf
local_2017,__main__,council_smd,gd,ქართული ოცნება - დემოკრატიული საქართველო,41,,გარდაბნის,,,ელიმდარ,კულიევ,ელიმდარ კულიევ,,TRUE,elected_politicians.pdf
local_2017,__main__,council_smd,gd,ქართული ოცნება - დემოკრატიული საქართველო,41,,გარდაბნის,,,გელა,მიგრიაული,გელა მიგრიაული,,TRUE,elected_politicians.pdf
local_2017,__main__,council_smd,gd,ქართული ოცნება - დემოკრატიული საქართველო,41,,გარდაბნის,,,ალექსი,დურგლიშვილი,ალექსი დურგლიშვილი,,TRUE,elected_politicians.pdf
local_2017,__main__,council_smd,gd,ქართული ოცნება - დემოკრატიული საქართველო,41,,გარდაბნის,,,ზურაბ,ჩიტაძე,ზურაბ ჩიტაძე,,TRUE,elected_politicians.pdf
local_2017,__main__,council_smd,gd,ქართული ოცნება - დემოკრატიული საქართველო,41,,გარდაბნის,,,რასიმი,ისაევი,რასიმი ისაევი,,TRUE,elected_politicians.pdf
local_2017,__main__,council_smd,gd,ქართული ოცნება - დემოკრატიული საქართველო,41,,გარდაბნის,,,გიორგი,გურულიშვილი,გიორგი გურულიშვილი,,TRUE,elected_politicians.pdf
local_2017,__main__,council_smd,gd,ქართული ოცნება - დემოკრატიული საქართველო,41,,გარდაბნის,,,როიშან,გაჯიევი,როიშან გაჯიევი,,TRUE,elected_politicians.pdf
local_2017,__main__,council_smd,gd,ქართული ოცნება - დემოკრატიული საქართველო,41,,გარდაბნის,,,ლევან,ნიჟარაძე,ლევან ნიჟარაძე,,TRUE,elected_politicians.pdf
local_2017,__main__,council_smd,gd,ქართული ოცნება - დემოკრატიული საქართველო,41,,გარდაბნის,,,ბეთქილი,კახიანი,ბეთქილი კახიანი,,TRUE,elected_politicians.pdf
local_2017,__main__,council_smd,gd,ქართული ოცნება - დემოკრატიული საქართველო,41,,გარდაბნის,,,გენადი,იორდანაშვილი,გენადი იორდანაშვილი,,TRUE,elected_politicians.pdf
local_2017,__main__,council_smd,gd,ქართული ოცნება - დემოკრატიული საქართველო,41,,გარდაბნის,,,შახადატ,მეხრალიევი,შახადატ მეხრალიევი,,TRUE,elected_politicians.pdf
local_2017,__main__,council_smd,gd,ქართული ოცნება - დემოკრატიული საქართველო,41,,გარდაბნის,,,თორნიკე,ქავთარაძე,თორნიკე ქავთარაძე,,TRUE,elected_politicians.pdf
local_2017,__main__,council_smd,gd,ქართული ოცნება - დემოკრატიული საქართველო,41,,გარდაბნის,,,მიხეილ,გედეხაური,მიხეილ გედეხაური,,TRUE,elected_politicians.pdf
local_2017,__main__,council_smd,gd,ქართული ოცნება - დემოკრატიული საქართველო,41,,გარდაბნის,,,აკიფ,მუსაევი,აკიფ მუსაევი,,TRUE,elected_politicians.pdf
local_2017,__main__,council_smd,gd,ქართული ოცნება - დემოკრატიული საქართველო,41,,გარდაბნის,,,ისმაილ,სამედოვი,ისმაილ სამედოვი,,TRUE,elected_politicians.pdf
local_2017,__main__,council_smd,gd,ქართული ოცნება - დემოკრატიული საქართველო,41,,გარდაბნის,,,ლევანი,ბეგლარიშვილი,ლევანი ბეგლარიშვილი,,TRUE,elected_politicians.pdf
local_2017,__main__,council_smd,gd,ქართული ოცნება - დემოკრატიული საქართველო,41,,გარდაბნის,,,ვუგარ,მამედოვი,ვუგარ მამედოვი,,TRUE,elected_politicians.pdf
local_2017,__main__,council_smd,gd,ქართული ოცნება - დემოკრატიული საქართველო,41,,გარდაბნის,,,რაფი,ორუჯოვი,რაფი ორუჯოვი,,TRUE,elected_politicians.pdf
local_2017,__main__,mayor,gd,ქართული ოცნება - დემოკრატიული საქართველო,41,,გარდაბნის,,,რამაზი,ბუდაღაშვილი,რამაზი ბუდაღაშვილი,,TRUE,elected_politicians.pdf
local_2017,__main__,pr,european_georgia,"ბაქრაძე, უგულავა - ევროპული საქართველო",2,,მარნეულის,,,აკმამედ,იმამკულიევი,აკმამედ იმამკულიევი,,TRUE,elected_politicians.pdf
local_2017,__main__,pr,european_georgia,"ბაქრაძე, უგულავა - ევროპული საქართველო",2,,მარნეულის,,,აზატ,კარიმოვი,აზატ კარიმოვი,,TRUE,elected_politicians.pdf
local_2017,__main__,pr,european_georgia,"ბაქრაძე, უგულავა - ევროპული საქართველო",2,,მარნეულის,,,ადილ,გურბანოვი,ადილ გურბანოვი,,TRUE,elected_politicians.pdf
local_2017,__main__,pr,unm,ერთიანი ნაციონალური მოძრაობა,5,,მარნეულის,,,რაგიმ,ასკეროვი,რაგიმ ასკეროვი,,TRUE,elected_politicians.pdf
local_2017,__main__,pr,gd,ქართული ოცნება - დემოკრატიული საქართველო,41,,მარნეულის,,,ამირან,გიორგაძე,ამირან გიორგაძე,,TRUE,elected_politicians.pdf
local_2017,__main__,pr,gd,ქართული ოცნება - დემოკრატიული საქართველო,41,,მარნეულის,,,ბესიკ,გელენიძე,ბესიკ გელენიძე,,TRUE,elected_politicians.pdf
local_2017,__main__,pr,gd,ქართული ოცნება - დემოკრატიული საქართველო,41,,მარნეულის,,,მამუკა,ნავერიანი,მამუკა ნავერიანი,,TRUE,elected_politicians.pdf
local_2017,__main__,pr,gd,ქართული ოცნება - დემოკრატიული საქართველო,41,,მარნეულის,,,ნიკოლოზ,გოგოჭური,ნიკოლოზ გოგოჭური,,TRUE,elected_politicians.pdf
local_2017,__main__,pr,gd,ქართული ოცნება - დემოკრატიული საქართველო,41,,მარნეულის,,,ნოდარი,მთვარელიძე,ნოდარი მთვარელიძე,,TRUE,elected_politicians.pdf
local_2017,__main__,pr,gd,ქართული ოცნება - დემოკრატიული საქართველო,41,,მარნეულის,,,ზურაბ,ფანგანი,ზურაბ ფანგანი,,TRUE,elected_politicians.pdf
local_2017,__main__,pr,gd,ქართული ოცნება - დემოკრატიული საქართველო,41,,მარნეულის,,,გივი,გიორგაძე,გივი გიორგაძე,,TRUE,elected_politicians.pdf
local_2017,__main__,pr,gd,ქართული ოცნება - დემოკრატიული საქართველო,41,,მარნეულის,,,დავით,ხუციშვილი,დავით ხუციშვილი,,TRUE,elected_politicians.pdf
local_2017,__main__,pr,gd,ქართული ოცნება - დემოკრატიული საქართველო,41,,მარნეულის,,,ნიკოლოზ,მუმლაძე,ნიკოლოზ მუმლაძე,,TRUE,elected_politicians.pdf
local_2017,__main__,pr,gd,ქართული ოცნება - დემოკრატიული საქართველო,41,,მარნეულის,,,თორნიკე,გოგლიძე,თორნიკე გოგლიძე,,TRUE,elected_politicians.pdf
local_2017,__main__,pr,gd,ქართული ოცნება - დემოკრატიული საქართველო,41,,მარნეულის,,,ზურაბ,ჭონიაშვილი,ზურაბ ჭონიაშვილი,,TRUE,elected_politicians.pdf
local_2017,__main__,council_smd,gd,ქართული ოცნება - დემოკრატიული საქართველო,41,,მარნეულის,,,ნადირ,გულიევი,ნადირ გულიევი,,TRUE,elected_politicians.pdf
local_2017,__main__,council_smd,gd,ქართული ოცნება - დემოკრატიული საქართველო,41,,მარნეულის,,,რამინ,ალახვერდიევი,რამინ ალახვერდიევი,,TRUE,elected_politicians.pdf
local_2017,__main__,council_smd,gd,ქართული ოცნება - დემოკრატიული საქართველო,41,,მარნეულის,,,ტარიელ,მამედოვი,ტარიელ მამედოვი,,TRUE,elected_politicians.pdf
local_2017,__main__,council_smd,gd,ქართული ოცნება - დემოკრატიული საქართველო,41,,მარნეულის,,,ლევონ,აკოპიანი,ლევონ აკოპიანი,,TRUE,elected_politicians.pdf
local_2017,__main__,council_smd,gd,ქართული ოცნება - დემოკრატიული საქართველო,41,,მარნეულის,,,თემის,ალიმურადოვი,თემის ალიმურადოვი,,TRUE,elected_politicians.pdf
local_2017,__main__,council_smd,gd,ქართული ოცნება - დემოკრატიული საქართველო,41,,მარნეულის,,,არამ,კარაპეტიანი,არამ კარაპეტიანი,,TRUE,elected_politicians.pdf
local_2017,__main__,council_smd,gd,ქართული ოცნება - დემოკრატიული საქართველო,41,,მარნეულის,,,გეიდარ,მუსაევი,გეიდარ მუსაევი,,TRUE,elected_politicians.pdf
local_2017,__main__,council_smd,gd,ქართული ოცნება - დემოკრატიული საქართველო,41,,მარნეულის,,,რიჩარდ,გიგანი,რიჩარდ გიგანი,,TRUE,elected_politicians.pdf
local_2017,__main__,council_smd,gd,ქართული ოცნება - დემოკრატიული საქართველო,41,,მარნეულის,,,აშრაფ,ტუკანოვი,აშრაფ ტუკანოვი,,TRUE,elected_politicians.pdf
local_2017,__main__,council_smd,gd,ქართული ოცნება - დემოკრატიული საქართველო,41,,მარნეულის,,,რომანი,ტაბატაძე,რომანი ტაბატაძე,,TRUE,elected_politicians.pdf
local_2017,__main__,council_smd,gd,ქართული ოცნება - დემოკრატიული საქართველო,41,,მარნეულის,,,ბესიკ,გუჯეჯიანი,ბესიკ გუჯეჯიანი,,TRUE,elected_politicians.pdf
local_2017,__main__,council_smd,gd,ქართული ოცნება - დემოკრატიული საქართველო,41,,მარნეულის,,,როვშან,ისკანდაროვი,როვშან ისკანდაროვი,,TRUE,elected_politicians.pdf
local_2017,__main__,council_smd,gd,ქართული ოცნება - დემოკრატიული საქართველო,41,,მარნეულის,,,აივაზ,ისკანდაროვი,აივაზ ისკანდაროვი,,TRUE,elected_politicians.pdf
local_2017,__main__,council_smd,gd,ქართული ოცნება - დემოკრატიული საქართველო,41,,მარნეულის,,,ომარი,ირიშოვი,ომარი ირიშოვი,,TRUE,elected_politicians.pdf
local_2017,__main__,council_smd,gd,ქართული ოცნება - დემოკრატიული საქართველო,41,,მარნეულის,,,ჰუსეინ,ჰუსეინოვი,ჰუსეინ ჰუსეინოვი,,TRUE,elected_politicians.pdf
local_2017,__main__,council_smd,gd,ქართული ოცნება - დემოკრატიული საქართველო,41,,მარნეულის,,,ჯეიხუნ,ჩოიდაროვი,ჯეიხუნ ჩოიდაროვი,,TRUE,elected_politicians.pdf
local_2017,__main__,council_smd,gd,ქართული ოცნება - დემოკრატიული საქართველო,41,,მარნეულის,,,ილხამ,გასანოვი,ილხამ გასანოვი,,TRUE,elected_politicians.pdf
local_2017,__main__,council_smd,gd,ქართული ოცნება - დემოკრატიული საქართველო,41,,მარნეულის,,,მირკაზუმ,იაგუბოვი,მირკაზუმ იაგუბოვი,,TRUE,elected_politicians.pdf
local_2017,__main__,council_smd,gd,ქართული ოცნება - დემოკრატიული საქართველო,41,,მარნეულის,,,ვანო,ბურნაძე,ვანო ბურნაძე,,TRUE,elected_politicians.pdf
local_2017,__main__,council_smd,gd,ქართული ოცნება - დემოკრატიული საქართველო,41,,მარნეულის,,,არსენ,ახვერდიანი,არსენ ახვერდიანი,,TRUE,elected_politicians.pdf
local_2017,__main__,mayor,gd,ქართული ოცნება - დემოკრატიული საქართველო,41,,მარნეულის,,,თემურ,აბაზოვი,თემურ აბაზოვი,,TRUE,elected_politicians.pdf
local_2017,__main__,pr,unm,ერთიანი ნაციონალური მოძრაობა,5,,ბოლნისის,,,სამირა,ისმაილოვა,სამირა ისმაილოვა,,TRUE,elected_politicians.pdf
local_2017,__main__,pr,unm,ერთიანი ნაციონალური მოძრაობა,5,,ბოლნისის,,,ისმაილ,მამედოვი,ისმაილ მამედოვი,,TRUE,elected_politicians.pdf
local_2017,__main__,pr,gd,ქართული ოცნება - დემოკრატიული საქართველო,41,,ბოლნისის,,,თამაზი,ჟორჟოლიანი,თამაზი ჟორჟოლიანი,,TRUE,elected_politicians.pdf
local_2017,__main__,pr,gd,ქართული ოცნება - დემოკრატიული საქართველო,41,,ბოლნისის,,,გიორგი,მირიანაშვილი,გიორგი მირიანაშვილი,,TRUE,elected_politicians.pdf
local_2017,__main__,pr,gd,ქართული ოცნება - დემოკრატიული საქართველო,41,,ბოლნისის,,,იანა,ბერიანი,იანა ბერიანი,,TRUE,elected_politicians.pdf
local_2017,__main__,pr,gd,ქართული ოცნება - დემოკრატიული საქართველო,41,,ბოლნისის,,,არაზ,ბაირამოვი,არაზ ბაირამოვი,,TRUE,elected_politicians.pdf
local_2017,__main__,pr,gd,ქართული ოცნება - დემოკრატიული საქართველო,41,,ბოლნისის,,,ბექა,წაქაძე,ბექა წაქაძე,,TRUE,elected_politicians.pdf
local_2017,__main__,pr,gd,ქართული ოცნება - დემოკრატიული საქართველო,41,,ბოლნისის,,,იბრაგიმ,კასუმოვი,იბრაგიმ კასუმოვი,,TRUE,elected_politicians.pdf
local_2017,__main__,pr,gd,ქართული ოცნება - დემოკრატიული საქართველო,41,,ბოლნისის,,,ნათელა,სვანიძე,ნათელა სვანიძე,,TRUE,elected_politicians.pdf
local_2017,__main__,pr,gd,ქართული ოცნება - დემოკრატიული საქართველო,41,,ბოლნისის,,,ტარიელ,ჩხეტიანი,ტარიელ ჩხეტიანი,,TRUE,elected_politicians.pdf
local_2017,__main__,pr,gd,ქართული ოცნება - დემოკრატიული საქართველო,41,,ბოლნისის,,,დავით,ჯაფარიძე,დავით ჯაფარიძე,,TRUE,elected_politicians.pdf
local_2017,__main__,pr,gd,ქართული ოცნება - დემოკრატიული საქართველო,41,,ბოლნისის,,,თამაზ,ჩუბინიძე,თამაზ ჩუბინიძე,,TRUE,elected_politicians.pdf
local_2017,__main__,pr,gd,ქართული ოცნება - დემოკრატიული საქართველო,41,,ბოლნისის,,,კარა,გულმამედოვი,კარა გულმამედოვი,,TRUE,elected_politicians.pdf
local_2017,__main__,pr,gd,ქართული ოცნება - დემოკრატიული საქართველო,41,,ბოლნისის,,,გოჩა,მეშველიანი,გოჩა მეშველიანი,,TRUE,elected_politicians.pdf
local_2017,__main__,pr,gd,ქართული ოცნება - დემოკრატიული საქართველო,41,,ბოლნისის,,,ბაჩუკი,ჯაყელი,ბაჩუკი ჯაყელი,,TRUE,elected_politicians.pdf
local_2017,__main__,council_smd,gd,ქართული ოცნება - დემოკრატიული საქართველო,41,,ბოლნისის,,,ნონა,რეხვიაშვილი,ნონა რეხვიაშვილი,,TRUE,elected_politicians.pdf
local_2017,__main__,council_smd,gd,ქართული ოცნება - დემოკრატიული საქართველო,41,,ბოლნისის,,,თეიმურაზ,ჯოხაძე,თეიმურაზ ჯოხაძე,,TRUE,elected_politicians.pdf
local_2017,__main__,council_smd,gd,ქართული ოცნება - დემოკრატიული საქართველო,41,,ბოლნისის,,,მამედ,გუსეინოვი,მამედ გუსეინოვი,,TRUE,elected_politicians.pdf
local_2017,__main__,council_smd,gd,ქართული ოცნება - დემოკრატიული საქართველო,41,,ბოლნისის,,,გია,ბასილაშვილი,გია ბასილაშვილი,,TRUE,elected_politicians.pdf
local_2017,__main__,council_smd,gd,ქართული ოცნება - დემოკრატიული საქართველო,41,,ბოლნისის,,,ელიმხან,გაჯიევი,ელიმხან გაჯიევი,,TRUE,elected_politicians.pdf
local_2017,__main__,council_smd,gd,ქართული ოცნება - დემოკრატიული საქართველო,41,,ბოლნისის,,,ლევონ,მანუკიანი,ლევონ მანუკიანი,,TRUE,elected_politicians.pdf
local_2017,__main__,council_smd,gd,ქართული ოცნება - დემოკრატიული საქართველო,41,,ბოლნისის,,,შირადინ,ასლანოვი,შირადინ ასლანოვი,,TRUE,elected_politicians.pdf
local_2017,__main__,council_smd,gd,ქართული ოცნება - დემოკრატიული საქართველო,41,,ბოლნისის,,,რასულ,ბახტიაროვი,რასულ ბახტიაროვი,,TRUE,elected_politicians.pdf
local_2017,__main__,council_smd,gd,ქართული ოცნება - დემოკრატიული საქართველო,41,,ბოლნისის,,,ვუგარ,ისაევი,ვუგარ ისაევი,,TRUE,elected_politicians.pdf
local_2017,__main__,council_smd,gd,ქართული ოცნება - დემოკრატიული საქართველო,41,,ბოლნისის,,,გიორგი,ლომიძე,გიორგი ლომიძე,,TRUE,elected_politicians.pdf
local_2017,__main__,council_smd,gd,ქართული ოცნება - დემოკრატიული საქართველო,41,,ბოლნისის,,,დავით,რეხვიაშვილი,დავით რეხვიაშვილი,,TRUE,elected_politicians.pdf
local_2017,__main__,council_smd,gd,ქართული ოცნება - დემოკრატიული საქართველო,41,,ბოლნისის,,,დოსტუ,აშიროვი,დოსტუ აშიროვი,,TRUE,elected_politicians.pdf
local_2017,__main__,council_smd,gd,ქართული ოცნება - დემოკრატიული საქართველო,41,,ბოლნისის,,,შერმანდინ,დადვანი,შერმანდინ დადვანი,,TRUE,elected_politicians.pdf
local_2017,__main__,council_smd,gd,ქართული ოცნება - დემოკრატიული საქართველო,41,,ბოლნისის,,,იმრან,მ.გასიმოვი,იმრან მ.გასიმოვი,,TRUE,elected_politicians.pdf
local_2017,__main__,council_smd,gd,ქართული ოცნება - დემოკრატიული საქართველო,41,,ბოლნისის,,,დიმიტრი,ურუმაშვილი,დიმიტრი ურუმაშვილი,,TRUE,elected_politicians.pdf
local_2017,__main__,mayor,gd,ქართული ოცნება - დემოკრატიული საქართველო,41,,ბოლნისის,,,დავითი,შერაზადიშვილი,დავითი შერაზადიშვილი,,TRUE,elected_politicians.pdf
local_2017,__main__,pr,unm,ერთიანი ნაციონალური მოძრაობა,5,,დმანისის,,,ბაკური,მგელაძე,ბაკური მგელაძე,,TRUE,elected_politicians.pdf
local_2017,__main__,pr,construction_movement_2017,შენების მოძრაობა,20,,დმანისის,,,გოგი,ბარბაქაძე,გოგი ბარბაქაძე,,TRUE,elected_politicians.pdf
local_2017,__main__,pr,construction_movement_2017,შენების მოძრაობა,20,,დმანისის,,,ალექსანდრე,ნონიაშვილი,ალექსანდრე ნონიაშვილი,,TRUE,elected_politicians.pdf
local_2017,__main__,pr,gd,ქართული ოცნება - დემოკრატიული საქართველო,41,,დმანისის,,,კახა,პეტრიაშვილი,კახა პეტრიაშვილი,,TRUE,elected_politicians.pdf
local_2017,__main__,pr,gd,ქართული ოცნება - დემოკრატიული საქართველო,41,,დმანისის,,,გოგი,ციხელაშვილი,გოგი ციხელაშვილი,,TRUE,elected_politicians.pdf
local_2017,__main__,pr,gd,ქართული ოცნება - დემოკრატიული საქართველო,41,,დმანისის,,,მზია,ნინიაშვილი,მზია ნინიაშვილი,,TRUE,elected_politicians.pdf
local_2017,__main__,pr,gd,ქართული ოცნება - დემოკრატიული საქართველო,41,,დმანისის,,,ფირუზა,ციხელაშვილი,ფირუზა ციხელაშვილი,,TRUE,elected_politicians.pdf
local_2017,__main__,pr,gd,ქართული ოცნება - დემოკრატიული საქართველო,41,,დმანისის,,,თეიმურაზ,აფრასიძე,თეიმურაზ აფრასიძე,,TRUE,elected_politicians.pdf
local_2017,__main__,pr,gd,ქართული ოცნება - დემოკრატიული საქართველო,41,,დმანისის,,,ქამრან,ხიდიროვი,ქამრან ხიდიროვი,,TRUE,elected_politicians.pdf
local_2017,__main__,pr,gd,ქართული ოცნება - დემოკრატიული საქართველო,41,,დმანისის,,,სოფიო,ასლამაზაშვილი,სოფიო ასლამაზაშვილი,,TRUE,elected_politicians.pdf
local_2017,__main__,pr,gd,ქართული ოცნება - დემოკრატიული საქართველო,41,,დმანისის,,,ზაური,გრიგალაშვილი,ზაური გრიგალაშვილი,,TRUE,elected_politicians.pdf
local_2017,__main__,pr,gd,ქართული ოცნება - დემოკრატიული საქართველო,41,,დმანისის,,,ზურიკო,ჩხვიმიანი,ზურიკო ჩხვიმიანი,,TRUE,elected_politicians.pdf
local_2017,__main__,pr,gd,ქართული ოცნება - დემოკრატიული საქართველო,41,,დმანისის,,,ნიაზ,მაჯითოვი,ნიაზ მაჯითოვი,,TRUE,elected_politicians.pdf
local_2017,__main__,pr,gd,ქართული ოცნება - დემოკრატიული საქართველო,41,,დმანისის,,,აიდინ,შარიფოვი,აიდინ შარიფოვი,,TRUE,elected_politicians.pdf
local_2017,__main__,pr,gd,ქართული ოცნება - დემოკრატიული საქართველო,41,,დმანისის,,,მურაზი,აბრამიშვილი,მურაზი აბრამიშვილი,,TRUE,elected_politicians.pdf
local_2017,__main__,council_smd,gd,ქართული ოცნება - დემოკრატიული საქართველო,41,,დმანისის,,,ალექსანდრე,დაუთაშვილი,ალექსანდრე დაუთაშვილი,,TRUE,elected_politicians.pdf
local_2017,__main__,council_smd,gd,ქართული ოცნება - დემოკრატიული საქართველო,41,,დმანისის,,,ემილ,იბრაგიმოვი,ემილ იბრაგიმოვი,,TRUE,elected_politicians.pdf
local_2017,__main__,council_smd,gd,ქართული ოცნება - დემოკრატიული საქართველო,41,,დმანისის,,,მერაბი,ოქრიაშვილი,მერაბი ოქრიაშვილი,,TRUE,elected_politicians.pdf
local_2017,__main__,council_smd,gd,ქართული ოცნება - დემოკრატიული საქართველო,41,,დმანისის,,,ვალერი,სამადაშვილი,ვალერი სამადაშვილი,,TRUE,elected_politicians.pdf
local_2017,__main__,council_smd,gd,ქართული ოცნება - დემოკრატიული საქართველო,41,,დმანისის,,,თორნიკე,ნინიაშვილი,თორნიკე ნინიაშვილი,,TRUE,elected_politicians.pdf
local_2017,__main__,council_smd,gd,ქართული ოცნება - დემოკრატიული საქართველო,41,,დმანისის,,,შოთა,აკობაშვილი,შოთა აკობაშვილი,,TRUE,elected_politicians.pdf
local_2017,__main__,council_smd,gd,ქართული ოცნება - დემოკრატიული საქართველო,41,,დმანისის,,,გუსეინ,ისმაილოვი,გუსეინ ისმაილოვი,,TRUE,elected_politicians.pdf
local_2017,__main__,council_smd,construction_movement_2017,შენების მოძრაობა,20,,დმანისის,,,გუმბათ,იუსუბოვი,გუმბათ იუსუბოვი,,TRUE,elected_politicians.pdf
local_2017,__main__,council_smd,gd,ქართული ოცნება - დემოკრატიული საქართველო,41,,დმანისის,,,ვიდადი,აბდულლაევი,ვიდადი აბდულლაევი,,TRUE,elected_politicians.pdf
local_2017,__main__,council_smd,gd,ქართული ოცნება - დემოკრატიული საქართველო,41,,დმანისის,,,აზერ,ალიევი,აზერ ალიევი,,TRUE,elected_politicians.pdf
local_2017,__main__,council_smd,gd,ქართული ოცნება - დემოკრატიული საქართველო,41,,დმანისის,,,დავით,მენაბდიშვილი,დავით მენაბდიშვილი,,TRUE,elected_politicians.pdf
local_2017,__main__,council_smd,gd,ქართული ოცნება - დემოკრატიული საქართველო,41,,დმანისის,,,დავით,დაუთაშვილი,დავით დაუთაშვილი,,TRUE,elected_politicians.pdf
local_2017,__main__,council_smd,gd,ქართული ოცნება - დემოკრატიული საქართველო,41,,დმანისის,,,გეგი,უმფრიანი,გეგი უმფრიანი,,TRUE,elected_politicians.pdf
local_2017,__main__,council_smd,gd,ქართული ოცნება - დემოკრატიული საქართველო,41,,დმანისის,,,რამიზ,რამაზანოვი,რამიზ რამაზანოვი,,TRUE,elected_politicians.pdf
local_2017,__main__,council_smd,gd,ქართული ოცნება - დემოკრატიული საქართველო,41,,დმანისის,,,ფაიგ,ისმაილოვი,ფაიგ ისმაილოვი,,TRUE,elected_politicians.pdf
local_2017,__main__,council_smd,gd,ქართული ოცნება - დემოკრატიული საქართველო,41,,დმანისის,,,აფთანდილ,მუსაევი,აფთანდილ მუსაევი,,TRUE,elected_politicians.pdf
local_2017,__main__,mayor,gd,ქართული ოცნება - დემოკრატიული საქართველო,41,,დმანისის,,,გიორგი,ტატუაშვილი,გიორგი ტატუაშვილი,,TRUE,elected_politicians.pdf
local_2017,__main__,pr,european_georgia,"ბაქრაძე, უგულავა - ევროპული საქართველო",2,,წალკის,,,ემზარ,შაინიძე,ემზარ შაინიძე,,TRUE,elected_politicians.pdf
local_2017,__main__,pr,unm,ერთიანი ნაციონალური მოძრაობა,5,,წალკის,,,ემზარი,დიმიტრაძე,ემზარი დიმიტრაძე,,TRUE,elected_politicians.pdf
local_2017,__main__,pr,unm,ერთიანი ნაციონალური მოძრაობა,5,,წალკის,,,ნატო,მამარდაშვილი,ნატო მამარდაშვილი,,TRUE,elected_politicians.pdf
local_2017,__main__,pr,patriots,"დავით თარხან-მოურავი, ირმა ინაშვილი - საქართველოს პატრიოტთა ალიანსი",8,,წალკის,,,თამაზი,ჭელიძე,თამაზი ჭელიძე,,TRUE,elected_politicians.pdf
local_2017,__main__,pr,vashadze_2017,გიორგი ვაშაძე - ერთობა ახალი საქართველო,27,,წალკის,,,ჯონი,ღორჯომელაძე,ჯონი ღორჯომელაძე,,TRUE,elected_politicians.pdf
local_2017,__main__,pr,gd,ქართული ოცნება - დემოკრატიული საქართველო,41,,წალკის,,,ირაკლი,გიგინეიშვილი,ირაკლი გიგინეიშვილი,,TRUE,elected_politicians.pdf
local_2017,__main__,pr,gd,ქართული ოცნება - დემოკრატიული საქართველო,41,,წალკის,,,ჯემალი,ბერიძე,ჯემალი ბერიძე,,TRUE,elected_politicians.pdf
local_2017,__main__,pr,gd,ქართული ოცნება - დემოკრატიული საქართველო,41,,წალკის,,,აგასიმ,ნაზარეტიან,აგასიმ ნაზარეტიან,,TRUE,elected_politicians.pdf
local_2017,__main__,pr,gd,ქართული ოცნება - დემოკრატიული საქართველო,41,,წალკის,,,მელიტონ,პაკელიანი,მელიტონ პაკელიანი,,TRUE,elected_politicians.pdf
local_2017,__main__,pr,gd,ქართული ოცნება - დემოკრატიული საქართველო,41,,წალკის,,,ჯაბა,აბულაძე,ჯაბა აბულაძე,,TRUE,elected_politicians.pdf
local_2017,__main__,pr,gd,ქართული ოცნება - დემოკრატიული საქართველო,41,,წალკის,,,მიხეილი,ჯაყელი,მიხეილი ჯაყელი,,TRUE,elected_politicians.pdf
local_2017,__main__,pr,gd,ქართული ოცნება - დემოკრატიული საქართველო,41,,წალკის,,,სარკის,ხზანიან,სარკის ხზანიან,,TRUE,elected_politicians.pdf
local_2017,__main__,pr,gd,ქართული ოცნება - დემოკრატიული საქართველო,41,,წალკის,,,დავით,მაჩიტიძე,დავით მაჩიტიძე,,TRUE,elected_politicians.pdf
local_2017,__main__,pr,gd,ქართული ოცნება - დემოკრატიული საქართველო,41,,წალკის,,,თენგიზ,კვიციანი,თენგიზ კვიციანი,,TRUE,elected_politicians.pdf
local_2017,__main__,pr,gd,ქართული ოცნება - დემოკრატიული საქართველო,41,,წალკის,,,ამირან,ირემაძე,ამირან ირემაძე,,TRUE,elected_politicians.pdf
local_2017,__main__,council_smd,gd,ქართული ოცნება - დემოკრატიული საქართველო,41,,წალკის,,,ნუგზარი,ჩამურლიევი,ნუგზარი ჩამურლიევი,,TRUE,elected_politicians.pdf
local_2017,__main__,council_smd,gd,ქართული ოცნება - დემოკრატიული საქართველო,41,,წალკის,,,ავთანდილ,ვანაძე,ავთანდილ ვანაძე,,TRUE,elected_politicians.pdf
local_2017,__main__,council_smd,independent,დამოუკიდებელი,,,წალკის,,,იოსები,ქათამაძე,იოსები ქათამაძე,,TRUE,elected_politicians.pdf
local_2017,__main__,council_smd,gd,ქართული ოცნება - დემოკრატიული საქართველო,41,,წალკის,,,იდა,ბალაბანოვა,იდა ბალაბანოვა,,TRUE,elected_politicians.pdf
local_2017,__main__,council_smd,gd,ქართული ოცნება - დემოკრატიული საქართველო,41,,წალკის,,,ლევონ,მარკოსიან,ლევონ მარკოსიან,,TRUE,elected_politicians.pdf
local_2017,__main__,council_smd,gd,ქართული ოცნება - დემოკრატიული საქართველო,41,,წალკის,,,ვუსალ,უზუნალოვ,ვუსალ უზუნალოვ,,TRUE,elected_politicians.pdf
local_2017,__main__,council_smd,gd,ქართული ოცნება - დემოკრატიული საქართველო,41,,წალკის,,,რამაზი,ქათამაძე,რამაზი ქათამაძე,,TRUE,elected_politicians.pdf
local_2017,__main__,council_smd,gd,ქართული ოცნება - დემოკრატიული საქართველო,41,,წალკის,,,გოჩა,ხაჩატურიან,გოჩა ხაჩატურიან,,TRUE,elected_politicians.pdf
local_2017,__main__,council_smd,gd,ქართული ოცნება - დემოკრატიული საქართველო,41,,წალკის,,,ჯემალ,ნაკაიძე,ჯემალ ნაკაიძე,,TRUE,elected_politicians.pdf
local_2017,__main__,council_smd,gd,ქართული ოცნება - დემოკრატიული საქართველო,41,,წალკის,,,ალექსეი,მუხსიევი,ალექსეი მუხსიევი,,TRUE,elected_politicians.pdf
local_2017,__main__,council_smd,gd,ქართული ოცნება - დემოკრატიული საქართველო,41,,წალკის,,,არტურ,სარკისიან,არტურ სარკისიან,,TRUE,elected_politicians.pdf
local_2017,__main__,council_smd,gd,ქართული ოცნება - დემოკრატიული საქართველო,41,,წალკის,,,ჯემალ,ძირკვაძე,ჯემალ ძირკვაძე,,TRUE,elected_politicians.pdf
local_2017,__main__,council_smd,gd,ქართული ოცნება - დემოკრატიული საქართველო,41,,წალკის,,,ლერი,კოჩალიძე,ლერი კოჩალიძე,,TRUE,elected_politicians.pdf
local_2017,__main__,council_smd,gd,ქართული ოცნება - დემოკრატიული საქართველო,41,,წალკის,,,ლაერტ,ტოროსიან,ლაერტ ტოროსიან,,TRUE,elected_politicians.pdf
local_2017,__main__,council_smd,gd,ქართული ოცნება - დემოკრატიული საქართველო,41,,წალკის,,,არმენ,მკრტიჩიანი,არმენ მკრტიჩიანი,,TRUE,elected_politicians.pdf
local_2017,__main__,council_smd,gd,ქართული ოცნება - დემოკრატიული საქართველო,41,,წალკის,,,ზვიად,გელაძე,ზვიად გელაძე,,TRUE,elected_politicians.pdf
local_2017,__main__,council_smd,gd,ქართული ოცნება - დემოკრატიული საქართველო,41,,წალკის,,,იასინ,გურბანოვი,იასინ გურბანოვი,,TRUE,elected_politicians.pdf
local_2017,__main__,council_smd,gd,ქართული ოცნება - დემოკრატიული საქართველო,41,,წალკის,,,ემზარი,სურმანიძე,ემზარი სურმანიძე,,TRUE,elected_politicians.pdf
local_2017,__main__,council_smd,gd,ქართული ოცნება - დემოკრატიული საქართველო,41,,წალკის,,,ხაჩატურ,მაზმანიან,ხაჩატურ მაზმანიან,,TRUE,elected_politicians.pdf
local_2017,__main__,council_smd,gd,ქართული ოცნება - დემოკრატიული საქართველო,41,,წალკის,,,სერგეი,გულიკიან,სერგეი გულიკიან,,TRUE,elected_politicians.pdf
local_2017,__main__,council_smd,gd,ქართული ოცნება - დემოკრატიული საქართველო,41,,წალკის,,,არუტიუნ,ავეტიან,არუტიუნ ავეტიან,,TRUE,elected_politicians.pdf
local_2017,__main__,council_smd,gd,ქართული ოცნება - დემოკრატიული საქართველო,41,,წალკის,,,ანტარამ,მელტონიან,ანტარამ მელტონიან,,TRUE,elected_politicians.pdf
local_2017,__main__,council_smd,gd,ქართული ოცნება - დემოკრატიული საქართველო,41,,წალკის,,,დავით,კვარაცხელია,დავით კვარაცხელია,,TRUE,elected_politicians.pdf
local_2017,__main__,council_smd,gd,ქართული ოცნება - დემოკრატიული საქართველო,41,,წალკის,,,რუბენ,ანესიან,რუბენ ანესიან,,TRUE,elected_politicians.pdf
local_2017,__main__,council_smd,independent,დამოუკიდებელი,,,წალკის,,,ჯონი,საბაძე,ჯონი საბაძე,,TRUE,elected_politicians.pdf
local_2017,__main__,council_smd,gd,ქართული ოცნება - დემოკრატიული საქართველო,41,,წალკის,,,ბეჟან,გორგაძე,ბეჟან გორგაძე,,TRUE,elected_politicians.pdf
local_2017,__main__,council_smd,gd,ქართული ოცნება - დემოკრატიული საქართველო,41,,წალკის,,,სარკის,ოგანესიან,სარკის ოგანესიან,,TRUE,elected_politicians.pdf
local_2017,__main__,council_smd,gd,ქართული ოცნება - დემოკრატიული საქართველო,41,,წალკის,,,ავეტის,შახბაზიან,ავეტის შახბაზიან,,TRUE,elected_politicians.pdf
local_2017,__main__,council_smd,gd,ქართული ოცნება - დემოკრატიული საქართველო,41,,წალკის,,,ანტეი,ტერსენოვი,ანტეი ტერსენოვი,,TRUE,elected_politicians.pdf
local_2017,__main__,council_smd,gd,ქართული ოცნება - დემოკრატიული საქართველო,41,,წალკის,,,უშანგი,ბოლქვაძე,უშანგი ბოლქვაძე,,TRUE,elected_politicians.pdf
local_2017,__main__,mayor,gd,ქართული ოცნება - დემოკრატიული საქართველო,41,,წალკის,,,ილია,საბაძე,ილია საბაძე,,TRUE,elected_politicians.pdf
local_2017,__main__,pr,free_georgia,"დიმიტრი ლორთქიფანიძე, კახა კუკავა-დემოკრატიული მოძრაობა-თავისუფალი საქართველო",3,,თეთრიწყაროს,,,ნუნუ,ნათობიძე,ნუნუ ნათობიძე,,TRUE,elected_politicians.pdf
local_2017,__main__,pr,unm,ერთიანი ნაციონალური მოძრაობა,5,,თეთრიწყაროს,,,თამარი,დალაქიშვილი,თამარი დალაქიშვილი,,TRUE,elected_politicians.pdf
local_2017,__main__,pr,unm,ერთიანი ნაციონალური მოძრაობა,5,,თეთრიწყაროს,,,გიორგი,დალაქიშვილი,გიორგი დალაქიშვილი,,TRUE,elected_politicians.pdf
local_2017,__main__,pr,unm,ერთიანი ნაციონალური მოძრაობა,5,,თეთრიწყაროს,,,ნონა,აბულაძე,ნონა აბულაძე,,TRUE,elected_politicians.pdf
local_2017,__main__,pr,patriots,"დავით თარხან-მოურავი, ირმა ინაშვილი - საქართველოს პატრიოტთა ალიანსი",8,,თეთრიწყაროს,,,ბადრი,ლაზიაშვილი,ბადრი ლაზიაშვილი,,TRUE,elected_politicians.pdf
local_2017,__main__,pr,labour,შალვა ნათელაშვილი - საქართველოს ლეიბორისტული პარტია,10,,თეთრიწყაროს,,,თემურ,წიკლაური,თემურ წიკლაური,,TRUE,elected_politicians.pdf
local_2017,__main__,pr,gd,ქართული ოცნება - დემოკრატიული საქართველო,41,,თეთრიწყაროს,,,გოჩა,თედორაძე,გოჩა თედორაძე,,TRUE,elected_politicians.pdf
local_2017,__main__,pr,gd,ქართული ოცნება - დემოკრატიული საქართველო,41,,თეთრიწყაროს,,,ავთანდილ,მუხაშავრია,ავთანდილ მუხაშავრია,,TRUE,elected_politicians.pdf
local_2017,__main__,pr,gd,ქართული ოცნება - დემოკრატიული საქართველო,41,,თეთრიწყაროს,,,ლია,ზურებიანი,ლია ზურებიანი,,TRUE,elected_politicians.pdf
local_2017,__main__,pr,gd,ქართული ოცნება - დემოკრატიული საქართველო,41,,თეთრიწყაროს,,,ბერდია,ხვისტანი,ბერდია ხვისტანი,,TRUE,elected_politicians.pdf
local_2017,__main__,pr,gd,ქართული ოცნება - დემოკრატიული საქართველო,41,,თეთრიწყაროს,,,ვასილ,კენკებაშვილი,ვასილ კენკებაშვილი,,TRUE,elected_politicians.pdf
local_2017,__main__,pr,gd,ქართული ოცნება - დემოკრატიული საქართველო,41,,თეთრიწყაროს,,,მანანა,იოსელიანი,მანანა იოსელიანი,,TRUE,elected_politicians.pdf
local_2017,__main__,pr,gd,ქართული ოცნება - დემოკრატიული საქართველო,41,,თეთრიწყაროს,,,უჩა,ჩარკვიანი,უჩა ჩარკვიანი,,TRUE,elected_politicians.pdf
local_2017,__main__,pr,gd,ქართული ოცნება - დემოკრატიული საქართველო,41,,თეთრიწყაროს,,,ლერი,ლონდარიძე,ლერი ლონდარიძე,,TRUE,elected_politicians.pdf
local_2017,__main__,pr,gd,ქართული ოცნება - დემოკრატიული საქართველო,41,,თეთრიწყაროს,,,ბაფატ,საფაროვი,ბაფატ საფაროვი,,TRUE,elected_politicians.pdf
local_2017,__main__,council_smd,gd,ქართული ოცნება - დემოკრატიული საქართველო,41,,თეთრიწყაროს,,,ზურაბ,დალაქიშვილი,ზურაბ დალაქიშვილი,,TRUE,elected_politicians.pdf
local_2017,__main__,council_smd,gd,ქართული ოცნება - დემოკრატიული საქართველო,41,,თეთრიწყაროს,,,ტარიელ,მელიქიძე,ტარიელ მელიქიძე,,TRUE,elected_politicians.pdf
local_2017,__main__,council_smd,gd,ქართული ოცნება - დემოკრატიული საქართველო,41,,თეთრიწყაროს,,,ომარ,გიორგობიანი,ომარ გიორგობიანი,,TRUE,elected_politicians.pdf
local_2017,__main__,council_smd,gd,ქართული ოცნება - დემოკრატიული საქართველო,41,,თეთრიწყაროს,,,კახა,კვირიკაძე,კახა კვირიკაძე,,TRUE,elected_politicians.pdf
local_2017,__main__,council_smd,gd,ქართული ოცნება - დემოკრატიული საქართველო,41,,თეთრიწყაროს,,,სიმონი,წიკლაური,სიმონი წიკლაური,,TRUE,elected_politicians.pdf
local_2017,__main__,council_smd,gd,ქართული ოცნება - დემოკრატიული საქართველო,41,,თეთრიწყაროს,,,რამაზი,ჩომახაშვილი,რამაზი ჩომახაშვილი,,TRUE,elected_politicians.pdf
local_2017,__main__,council_smd,gd,ქართული ოცნება - დემოკრატიული საქართველო,41,,თეთრიწყაროს,,,როლანდი,ლიპარტელიანი,როლანდი ლიპარტელიანი,,TRUE,elected_politicians.pdf
local_2017,__main__,council_smd,gd,ქართული ოცნება - დემოკრატიული საქართველო,41,,თეთრიწყაროს,,,ანდრანიკ,საგრადიანი,ანდრანიკ საგრადიანი,,TRUE,elected_politicians.pdf
local_2017,__main__,council_smd,gd,ქართული ოცნება - დემოკრატიული საქართველო,41,,თეთრიწყაროს,,,სვეტლანა,ჯირაშვილი,სვეტლანა ჯირაშვილი,,TRUE,elected_politicians.pdf
local_2017,__main__,council_smd,gd,ქართული ოცნება - დემოკრატიული საქართველო,41,,თეთრიწყაროს,,,ნუკრი,ტატუაშვილი,ნუკრი ტატუაშვილი,,TRUE,elected_politicians.pdf
local_2017,__main__,council_smd,gd,ქართული ოცნება - დემოკრატიული საქართველო,41,,თეთრიწყაროს,,,რამაზ,გულბანი,რამაზ გულბანი,,TRUE,elected_politicians.pdf
local_2017,__main__,council_smd,gd,ქართული ოცნება - დემოკრატიული საქართველო,41,,თეთრიწყაროს,,,პაატა,ჭალიძე,პაატა ჭალიძე,,TRUE,elected_politicians.pdf
local_2017,__main__,council_smd,gd,ქართული ოცნება - დემოკრატიული საქართველო,41,,თეთრიწყაროს,,,მერაბი,ღაღეთაშვილი,მერაბი ღაღეთაშვილი,,TRUE,elected_politicians.pdf
local_2017,__main__,council_smd,gd,ქართული ოცნება - დემოკრატიული საქართველო,41,,თეთრიწყაროს,,,გიორგი,ფიჩხულაშვილი,გიორგი ფიჩხულაშვილი,,TRUE,elected_politicians.pdf
local_2017,__main__,council_smd,gd,ქართული ოცნება - დემოკრატიული საქართველო,41,,თეთრიწყაროს,,,ზაქარია,ცხვედაძე,ზაქარია ცხვედაძე,,TRUE,elected_politicians.pdf
local_2017,__main__,council_smd,gd,ქართული ოცნება - დემოკრატიული საქართველო,41,,თეთრიწყაროს,,,მიხეილ,აფციაური,მიხეილ აფციაური,,TRUE,elected_politicians.pdf
local_2017,__main__,council_smd,gd,ქართული ოცნება - დემოკრატიული საქართველო,41,,თეთრიწყაროს,,,გიორგი,დავითაშვილი,გიორგი დავითაშვილი,,TRUE,elected_politicians.pdf
local_2017,__main__,council_smd,gd,ქართული ოცნება - დემოკრატიული საქართველო,41,,თეთრიწყაროს,,,ანზორ,ღორჯომელაძე,ანზორ ღორჯომელაძე,,TRUE,elected_politicians.pdf
local_2017,__main__,council_smd,gd,ქართული ოცნება - დემოკრატიული საქართველო,41,,თეთრიწყაროს,,,დათო,ხვისტანი,დათო ხვისტანი,,TRUE,elected_politicians.pdf
local_2017,__main__,council_smd,gd,ქართული ოცნება - დემოკრატიული საქართველო,41,,თეთრიწყაროს,,,ოთარი,ლონდარიძე,ოთარი ლონდარიძე,,TRUE,elected_politicians.pdf
local_2017,__main__,mayor,gd,ქართული ოცნება - დემოკრატიული საქართველო,41,,თეთრიწყაროს,,,გიორგი,ქორიძე,გიორგი ქორიძე,,TRUE,elected_politicians.pdf
local_2017,__main__,pr,european_georgia,"ბაქრაძე, უგულავა - ევროპული საქართველო",2,,მცხეთის,,,გურამი,კინწურაშვილი,გურამი კინწურაშვილი,,TRUE,elected_politicians.pdf
local_2017,__main__,pr,unm,ერთიანი ნაციონალური მოძრაობა,5,,მცხეთის,,,კახაბერი,წოწინაშვილი,კახაბერი წოწინაშვილი,,TRUE,elected_politicians.pdf
local_2017,__main__,pr,unm,ერთიანი ნაციონალური მოძრაობა,5,,მცხეთის,,,სევდია,უგრეხელიძე,სევდია უგრეხელიძე,,TRUE,elected_politicians.pdf
local_2017,__main__,pr,patriots,"დავით თარხან-მოურავი, ირმა ინაშვილი - საქართველოს პატრიოტთა ალიანსი",8,,მცხეთის,,,გურამ,ანსიანი,გურამ ანსიანი,,TRUE,elected_politicians.pdf
local_2017,__main__,pr,patriots,"დავით თარხან-მოურავი, ირმა ინაშვილი - საქართველოს პატრიოტთა ალიანსი",8,,მცხეთის,,,გალინა,ახსაბაძე,გალინა ახსაბაძე,,TRUE,elected_politicians.pdf
local_2017,__main__,pr,labour,შალვა ნათელაშვილი - საქართველოს ლეიბორისტული პარტია,10,,მცხეთის,,,იოსებ,სამხარაძე,იოსებ სამხარაძე,,TRUE,elected_politicians.pdf
local_2017,__main__,pr,gd,ქართული ოცნება - დემოკრატიული საქართველო,41,,მცხეთის,,,გიორგი,ბაინდუროვი,გიორგი ბაინდუროვი,,TRUE,elected_politicians.pdf
local_2017,__main__,pr,gd,ქართული ოცნება - დემოკრატიული საქართველო,41,,მცხეთის,,,მიხეილი,ბუჯიაშვილი,მიხეილი ბუჯიაშვილი,,TRUE,elected_politicians.pdf
local_2017,__main__,pr,gd,ქართული ოცნება - დემოკრატიული საქართველო,41,,მცხეთის,,,მადონა,ჯიქია,მადონა ჯიქია,,TRUE,elected_politicians.pdf
local_2017,__main__,pr,gd,ქართული ოცნება - დემოკრატიული საქართველო,41,,მცხეთის,,,მირიან,პავლიაშვილი,მირიან პავლიაშვილი,,TRUE,elected_politicians.pdf
local_2017,__main__,pr,gd,ქართული ოცნება - დემოკრატიული საქართველო,41,,მცხეთის,,,გიორგი,ბაჯაძე,გიორგი ბაჯაძე,,TRUE,elected_politicians.pdf
local_2017,__main__,pr,gd,ქართული ოცნება - დემოკრატიული საქართველო,41,,მცხეთის,,,გივი,ჩანადირი,გივი ჩანადირი,,TRUE,elected_politicians.pdf
local_2017,__main__,pr,gd,ქართული ოცნება - დემოკრატიული საქართველო,41,,მცხეთის,,,შორენა,ნოზაძე-ბერიძე,შორენა ნოზაძე-ბერიძე,,TRUE,elected_politicians.pdf
local_2017,__main__,pr,gd,ქართული ოცნება - დემოკრატიული საქართველო,41,,მცხეთის,,,იოანე,ლაშხი,იოანე ლაშხი,,TRUE,elected_politicians.pdf
local_2017,__main__,pr,gd,ქართული ოცნება - დემოკრატიული საქართველო,41,,მცხეთის,,,თენგიზ,რუბანოვი,თენგიზ რუბანოვი,,TRUE,elected_politicians.pdf
local_2017,__main__,council_smd,gd,ქართული ოცნება - დემოკრატიული საქართველო,41,,მცხეთის,,,გიორგი,ელოშვილი,გიორგი ელოშვილი,,TRUE,elected_politicians.pdf
local_2017,__main__,council_smd,gd,ქართული ოცნება - დემოკრატიული საქართველო,41,,მცხეთის,,,კახაბერ,გაბრელიანი,კახაბერ გაბრელიანი,,TRUE,elected_politicians.pdf
local_2017,__main__,council_smd,gd,ქართული ოცნება - დემოკრატიული საქართველო,41,,მცხეთის,,,გიორგი,კვახაძე,გიორგი კვახაძე,,TRUE,elected_politicians.pdf
local_2017,__main__,council_smd,gd,ქართული ოცნება - დემოკრატიული საქართველო,41,,მცხეთის,,,თამაზ,ფოლოდაშვილი,თამაზ ფოლოდაშვილი,,TRUE,elected_politicians.pdf
local_2017,__main__,council_smd,gd,ქართული ოცნება - დემოკრატიული საქართველო,41,,მცხეთის,,,დავით,პაპიაშვილი,დავით პაპიაშვილი,,TRUE,elected_politicians.pdf
local_2017,__main__,council_smd,gd,ქართული ოცნება - დემოკრატიული საქართველო,41,,მცხეთის,,,გელა,ბაქრაძე,გელა ბაქრაძე,,TRUE,elected_politicians.pdf
local_2017,__main__,council_smd,gd,ქართული ოცნება - დემოკრატიული საქართველო,41,,მცხეთის,,,ზაქარია,ლოხიშვილი,ზაქარია ლოხიშვილი,,TRUE,elected_politicians.pdf
local_2017,__main__,council_smd,gd,ქართული ოცნება - დემოკრატიული საქართველო,41,,მცხეთის,,,თევდორე,კახუაშვილი,თევდორე კახუაშვილი,,TRUE,elected_politicians.pdf
local_2017,__main__,council_smd,gd,ქართული ოცნება - დემოკრატიული საქართველო,41,,მცხეთის,,,გიორგი,კუპრაშვილი,გიორგი კუპრაშვილი,,TRUE,elected_politicians.pdf
local_2017,__main__,council_smd,gd,ქართული ოცნება - დემოკრატიული საქართველო,41,,მცხეთის,,,ბექა,ხალიბეგაშვილი,ბექა ხალიბეგაშვილი,,TRUE,elected_politicians.pdf
local_2017,__main__,council_smd,gd,ქართული ოცნება - დემოკრატიული საქართველო,41,,მცხეთის,,,ალექსანდრე,ორუჯაშვილი,ალექსანდრე ორუჯაშვილი,,TRUE,elected_politicians.pdf
local_2017,__main__,council_smd,gd,ქართული ოცნება - დემოკრატიული საქართველო,41,,მცხეთის,,,ჯონდო,მუზაშვილი,ჯონდო მუზაშვილი,,TRUE,elected_politicians.pdf
local_2017,__main__,council_smd,gd,ქართული ოცნება - დემოკრატიული საქართველო,41,,მცხეთის,,,გოჩა,ჭინჭარაული,გოჩა ჭინჭარაული,,TRUE,elected_politicians.pdf
local_2017,__main__,council_smd,gd,ქართული ოცნება - დემოკრატიული საქართველო,41,,მცხეთის,,,თემირ,ლელუაშვილი,თემირ ლელუაშვილი,,TRUE,elected_politicians.pdf
local_2017,__main__,mayor,gd,ქართული ოცნება - დემოკრატიული საქართველო,41,,მცხეთის,,,გიორგი,კაპანაძე,გიორგი კაპანაძე,,TRUE,elected_politicians.pdf
local_2017,__main__,pr,european_georgia,"ბაქრაძე, უგულავა - ევროპული საქართველო",2,,დუშეთის,,,მერი,ფოლოდაშვილი,მერი ფოლოდაშვილი,,TRUE,elected_politicians.pdf
local_2017,__main__,pr,unm,ერთიანი ნაციონალური მოძრაობა,5,,დუშეთის,,,რევაზი,ბიტარიშვილი,რევაზი ბიტარიშვილი,,TRUE,elected_politicians.pdf
local_2017,__main__,pr,patriots,"დავით თარხან-მოურავი, ირმა ინაშვილი - საქართველოს პატრიოტთა ალიანსი",8,,დუშეთის,,,გია,ნაცვლიშვილი,გია ნაცვლიშვილი,,TRUE,elected_politicians.pdf
local_2017,__main__,pr,patriots,"დავით თარხან-მოურავი, ირმა ინაშვილი - საქართველოს პატრიოტთა ალიანსი",8,,დუშეთის,,,დავითი,ბურდული,დავითი ბურდული,,TRUE,elected_politicians.pdf
local_2017,__main__,pr,patriots,"დავით თარხან-მოურავი, ირმა ინაშვილი - საქართველოს პატრიოტთა ალიანსი",8,,დუშეთის,,,ნატო,ქარჩაიძე,ნატო ქარჩაიძე,,TRUE,elected_politicians.pdf
local_2017,__main__,pr,labour,შალვა ნათელაშვილი - საქართველოს ლეიბორისტული პარტია,10,,დუშეთის,,,ბექა,ნათელაშვილი,ბექა ნათელაშვილი,,TRUE,elected_politicians.pdf
local_2017,__main__,pr,labour,შალვა ნათელაშვილი - საქართველოს ლეიბორისტული პარტია,10,,დუშეთის,,,ირაკლი,ახალაშვილი,ირაკლი ახალაშვილი,,TRUE,elected_politicians.pdf
local_2017,__main__,pr,gd,ქართული ოცნება - დემოკრატიული საქართველო,41,,დუშეთის,,,გიორგი,რუბაშვილი,გიორგი რუბაშვილი,,TRUE,elected_politicians.pdf
local_2017,__main__,pr,gd,ქართული ოცნება - დემოკრატიული საქართველო,41,,დუშეთის,,,გვანცა,ხულუზაური,გვანცა ხულუზაური,,TRUE,elected_politicians.pdf
local_2017,__main__,pr,gd,ქართული ოცნება - დემოკრატიული საქართველო,41,,დუშეთის,,,ელგუჯა,უნდილაშვილი,ელგუჯა უნდილაშვილი,,TRUE,elected_politicians.pdf
local_2017,__main__,pr,gd,ქართული ოცნება - დემოკრატიული საქართველო,41,,დუშეთის,,,ბებური,გოჩიტაშვილი,ბებური გოჩიტაშვილი,,TRUE,elected_politicians.pdf
local_2017,__main__,pr,gd,ქართული ოცნება - დემოკრატიული საქართველო,41,,დუშეთის,,,გივი,ზურაბაშვილი,გივი ზურაბაშვილი,,TRUE,elected_politicians.pdf
local_2017,__main__,pr,gd,ქართული ოცნება - დემოკრატიული საქართველო,41,,დუშეთის,,,გია,ბექაური,გია ბექაური,,TRUE,elected_politicians.pdf
local_2017,__main__,pr,gd,ქართული ოცნება - დემოკრატიული საქართველო,41,,დუშეთის,,,გოჩა,რაზიკაშვილი,გოჩა რაზიკაშვილი,,TRUE,elected_politicians.pdf
local_2017,__main__,pr,gd,ქართული ოცნება - დემოკრატიული საქართველო,41,,დუშეთის,,,ტარიელ,ჩხუტიაშვილი,ტარიელ ჩხუტიაშვილი,,TRUE,elected_politicians.pdf
local_2017,__main__,council_smd,gd,ქართული ოცნება - დემოკრატიული საქართველო,41,,დუშეთის,,,გიორგი,ასლამაზიშვილი,გიორგი ასლამაზიშვილი,,TRUE,elected_politicians.pdf
local_2017,__main__,council_smd,gd,ქართული ოცნება - დემოკრატიული საქართველო,41,,დუშეთის,,,გიორგი,ინაშვილი,გიორგი ინაშვილი,,TRUE,elected_politicians.pdf
local_2017,__main__,council_smd,gd,ქართული ოცნება - დემოკრატიული საქართველო,41,,დუშეთის,,,ზაზა,უნდილაშვილი,ზაზა უნდილაშვილი,,TRUE,elected_politicians.pdf
local_2017,__main__,council_smd,independent,დამოუკიდებელი,,,დუშეთის,,,ზაზა,ქავთარაძე,ზაზა ქავთარაძე,,TRUE,elected_politicians.pdf
local_2017,__main__,council_smd,gd,ქართული ოცნება - დემოკრატიული საქართველო,41,,დუშეთის,,,მაია,გოგინაშვილი,მაია გოგინაშვილი,,TRUE,elected_politicians.pdf
local_2017,__main__,council_smd,gd,ქართული ოცნება - დემოკრატიული საქართველო,41,,დუშეთის,,,ნუკრი,უნდილაშვილი,ნუკრი უნდილაშვილი,,TRUE,elected_politicians.pdf
local_2017,__main__,council_smd,gd,ქართული ოცნება - დემოკრატიული საქართველო,41,,დუშეთის,,,როინ,პეტრიაშვილი,როინ პეტრიაშვილი,,TRUE,elected_politicians.pdf
local_2017,__main__,council_smd,gd,ქართული ოცნება - დემოკრატიული საქართველო,41,,დუშეთის,,,თამაზ,ბექაური,თამაზ ბექაური,,TRUE,elected_politicians.pdf
local_2017,__main__,council_smd,gd,ქართული ოცნება - დემოკრატიული საქართველო,41,,დუშეთის,,,ხვიჩა,ოდიშელიძე,ხვიჩა ოდიშელიძე,,TRUE,elected_politicians.pdf
local_2017,__main__,council_smd,gd,ქართული ოცნება - დემოკრატიული საქართველო,41,,დუშეთის,,,ხვიჩა,გოგოლაური,ხვიჩა გოგოლაური,,TRUE,elected_politicians.pdf
local_2017,__main__,council_smd,gd,ქართული ოცნება - დემოკრატიული საქართველო,41,,დუშეთის,,,ილია,ქარჩაიძე,ილია ქარჩაიძე,,TRUE,elected_politicians.pdf
local_2017,__main__,council_smd,patriots,"დავით თარხან-მოურავი, ირმა ინაშვილი - საქართველოს პატრიოტთა ალიანსი",8,,დუშეთის,,,ნანული,ქოჩაშვილი,ნანული ქოჩაშვილი,,TRUE,elected_politicians.pdf
local_2017,__main__,council_smd,gd,ქართული ოცნება - დემოკრატიული საქართველო,41,,დუშეთის,,,ქეთევან,კახურაშვილი,ქეთევან კახურაშვილი,,TRUE,elected_politicians.pdf
local_2017,__main__,council_smd,gd,ქართული ოცნება - დემოკრატიული საქართველო,41,,დუშეთის,,,მინდია,ჭინჭარაული,მინდია ჭინჭარაული,,TRUE,elected_politicians.pdf
local_2017,__main__,council_smd,gd,ქართული ოცნება - დემოკრატიული საქართველო,41,,დუშეთის,,,კახაბერ,ჩიტაური,კახაბერ ჩიტაური,,TRUE,elected_politicians.pdf
local_2017,__main__,council_smd,gd,ქართული ოცნება - დემოკრატიული საქართველო,41,,დუშეთის,,,ნანი,თეთრუაშვილი,ნანი თეთრუაშვილი,,TRUE,elected_politicians.pdf
local_2017,__main__,council_smd,gd,ქართული ოცნება - დემოკრატიული საქართველო,41,,დუშეთის,,,მამუკა,აფციაური,მამუკა აფციაური,,TRUE,elected_politicians.pdf
local_2017,__main__,council_smd,gd,ქართული ოცნება - დემოკრატიული საქართველო,41,,დუშეთის,,,ზურაბ,არაბული,ზურაბ არაბული,,TRUE,elected_politicians.pdf
local_2017,__main__,council_smd,unm,ერთიანი ნაციონალური მოძრაობა,5,,დუშეთის,,,პაატა,წოწკოლაური,პაატა წოწკოლაური,,TRUE,elected_politicians.pdf
local_2017,__main__,mayor,gd,ქართული ოცნება - დემოკრატიული საქართველო,41,,დუშეთის,,,ზურაბ,სეხნიაშვილი,ზურაბ სეხნიაშვილი,,TRUE,elected_politicians.pdf
local_2017,__main__,pr,european_georgia,"ბაქრაძე, უგულავა - ევროპული საქართველო",2,,ყაზბეგის,,,ვიქტორი,სუჯაშვილი,ვიქტორი სუჯაშვილი,,TRUE,elected_politicians.pdf
local_2017,__main__,pr,free_georgia,"დიმიტრი ლორთქიფანიძე, კახა კუკავა-დემოკრატიული მოძრაობა-თავისუფალი საქართველო",3,,ყაზბეგის,,,ვაჟა,გელაძე,ვაჟა გელაძე,,TRUE,elected_politicians.pdf
local_2017,__main__,pr,patriots,"დავით თარხან-მოურავი, ირმა ინაშვილი - საქართველოს პატრიოტთა ალიანსი",8,,ყაზბეგის,,,თამაზ,წიკლაური,თამაზ წიკლაური,,TRUE,elected_politicians.pdf
local_2017,__main__,pr,patriots,"დავით თარხან-მოურავი, ირმა ინაშვილი - საქართველოს პატრიოტთა ალიანსი",8,,ყაზბეგის,,,ბეჟანი,ხულელიძე,ბეჟანი ხულელიძე,,TRUE,elected_politicians.pdf
local_2017,__main__,pr,labour,შალვა ნათელაშვილი - საქართველოს ლეიბორისტული პარტია,10,,ყაზბეგის,,,ვეფხია,ხართიშვილი,ვეფხია ხართიშვილი,,TRUE,elected_politicians.pdf
local_2017,__main__,pr,national_democrats,ეროვნულ დემოკრატიული მოძრაობა,11,,ყაზბეგის,,,დავითი,ხუციშვილი,დავითი ხუციშვილი,,TRUE,elected_politicians.pdf
local_2017,__main__,pr,patriots,საქართველო,17,,ყაზბეგის,,,ზაზა,ალიბეგაშვილი,ზაზა ალიბეგაშვილი,,TRUE,elected_politicians.pdf
local_2017,__main__,pr,traditionalists,ტრადიციონალისტები,18,,ყაზბეგის,,,ეთერი,დვალიშვილი,ეთერი დვალიშვილი,,TRUE,elected_politicians.pdf
local_2017,__main__,pr,gd,ქართული ოცნება - დემოკრატიული საქართველო,41,,ყაზბეგის,,,გრიგოლ,სეთურიძე,გრიგოლ სეთურიძე,,TRUE,elected_politicians.pdf
local_2017,__main__,pr,gd,ქართული ოცნება - დემოკრატიული საქართველო,41,,ყაზბეგის,,,ჯაბა,გომიაშვილი,ჯაბა გომიაშვილი,,TRUE,elected_politicians.pdf
local_2017,__main__,pr,gd,ქართული ოცნება - დემოკრატიული საქართველო,41,,ყაზბეგის,,,იოანე,გელაშვილი,იოანე გელაშვილი,,TRUE,elected_politicians.pdf
local_2017,__main__,pr,gd,ქართული ოცნება - დემოკრატიული საქართველო,41,,ყაზბეგის,,,მანანა,სეთურიძე,მანანა სეთურიძე,,TRUE,elected_politicians.pdf
local_2017,__main__,pr,gd,ქართული ოცნება - დემოკრატიული საქართველო,41,,ყაზბეგის,,,ნოდარი,ავსაჯანიშვილი,ნოდარი ავსაჯანიშვილი,,TRUE,elected_politicians.pdf
local_2017,__main__,pr,gd,ქართული ოცნება - დემოკრატიული საქართველო,41,,ყაზბეგის,,,გივი,ქირიკაშვილი,გივი ქირიკაშვილი,,TRUE,elected_politicians.pdf
local_2017,__main__,pr,gd,ქართული ოცნება - დემოკრატიული საქართველო,41,,ყაზბეგის,,,სპარტაკი,ელოშვილი,სპარტაკი ელოშვილი,,TRUE,elected_politicians.pdf
local_2017,__main__,council_smd,gd,ქართული ოცნება - დემოკრატიული საქართველო,41,,ყაზბეგის,,,ბაჩანა,ფიცხელაური,ბაჩანა ფიცხელაური,,TRUE,elected_politicians.pdf
local_2017,__main__,council_smd,patriots,"დავით თარხან-მოურავი, ირმა ინაშვილი - საქართველოს პატრიოტთა ალიანსი",8,,ყაზბეგის,,,გურამი,აქიაშვილი,გურამი აქიაშვილი,,TRUE,elected_politicians.pdf
local_2017,__main__,council_smd,gd,ქართული ოცნება - დემოკრატიული საქართველო,41,,ყაზბეგის,,,სოსო,კობაიძე,სოსო კობაიძე,,TRUE,elected_politicians.pdf
local_2017,__main__,council_smd,gd,ქართული ოცნება - დემოკრატიული საქართველო,41,,ყაზბეგის,,,პავლე,ავსაჯანიშვილი,პავლე ავსაჯანიშვილი,,TRUE,elected_politicians.pdf
local_2017,__main__,council_smd,gd,ქართული ოცნება - დემოკრატიული საქართველო,41,,ყაზბეგის,,,კახა,ჩოფიკაშვილი,კახა ჩოფიკაშვილი,,TRUE,elected_politicians.pdf
local_2017,__main__,council_smd,gd,ქართული ოცნება - დემოკრატიული საქართველო,41,,ყაზბეგის,,,ელგუჯა,ღუდუშაური,ელგუჯა ღუდუშაური,,TRUE,elected_politicians.pdf
local_2017,__main__,mayor,gd,ქართული ოცნება - დემოკრატიული საქართველო,41,,ყაზბეგის,,,ალექსანდრე,ზაგაშვილი,ალექსანდრე ზაგაშვილი,,TRUE,elected_politicians.pdf
local_2017,__main__,pr,european_georgia,"ბაქრაძე, უგულავა - ევროპული საქართველო",2,,კასპის,,,გიორგი,ხელაშვილი,გიორგი ხელაშვილი,,TRUE,elected_politicians.pdf
local_2017,__main__,pr,unm,ერთიანი ნაციონალური მოძრაობა,5,,კასპის,,,ნუგზარი,ნონიაშვილი,ნუგზარი ნონიაშვილი,,TRUE,elected_politicians.pdf
local_2017,__main__,pr,unm,ერთიანი ნაციონალური მოძრაობა,5,,კასპის,,,ალექსანდრე,შაქარაშვილი,ალექსანდრე შაქარაშვილი,,TRUE,elected_politicians.pdf
local_2017,__main__,pr,patriots,"დავით თარხან-მოურავი, ირმა ინაშვილი - საქართველოს პატრიოტთა ალიანსი",8,,კასპის,,,ილია,კიტრიაშვილი,ილია კიტრიაშვილი,,TRUE,elected_politicians.pdf
local_2017,__main__,pr,patriots,"დავით თარხან-მოურავი, ირმა ინაშვილი - საქართველოს პატრიოტთა ალიანსი",8,,კასპის,,,ვახტანგ,ხათაშვილი,ვახტანგ ხათაშვილი,,TRUE,elected_politicians.pdf
local_2017,__main__,pr,labour,შალვა ნათელაშვილი - საქართველოს ლეიბორისტული პარტია,10,,კასპის,,,ოთარ,ქოსაშვილი,ოთარ ქოსაშვილი,,TRUE,elected_politicians.pdf
local_2017,__main__,pr,gd,ქართული ოცნება - დემოკრატიული საქართველო,41,,კასპის,,,შოთა,გზირიშვილი,შოთა გზირიშვილი,,TRUE,elected_politicians.pdf
local_2017,__main__,pr,gd,ქართული ოცნება - დემოკრატიული საქართველო,41,,კასპის,,,ზურიკო,ჩადუნელი,ზურიკო ჩადუნელი,,TRUE,elected_politicians.pdf
local_2017,__main__,pr,gd,ქართული ოცნება - დემოკრატიული საქართველო,41,,კასპის,,,თეა,გულიკაშვილი-ხარატიშვილი,თეა გულიკაშვილი-ხარატიშვილი,,TRUE,elected_politicians.pdf
local_2017,__main__,pr,gd,ქართული ოცნება - დემოკრატიული საქართველო,41,,კასპის,,,დავით,ლეონიძე,დავით ლეონიძე,,TRUE,elected_politicians.pdf
local_2017,__main__,pr,gd,ქართული ოცნება - დემოკრატიული საქართველო,41,,კასპის,,,ზურაბ,ჯავახიშვილი,ზურაბ ჯავახიშვილი,,TRUE,elected_politicians.pdf
local_2017,__main__,pr,gd,ქართული ოცნება - დემოკრატიული საქართველო,41,,კასპის,,,გიორგი,ქვრივიშვილი,გიორგი ქვრივიშვილი,,TRUE,elected_politicians.pdf
local_2017,__main__,pr,gd,ქართული ოცნება - დემოკრატიული საქართველო,41,,კასპის,,,ოთარ,ჭეიშვილი,ოთარ ჭეიშვილი,,TRUE,elected_politicians.pdf
local_2017,__main__,pr,gd,ქართული ოცნება - დემოკრატიული საქართველო,41,,კასპის,,,ხათუნა,თათანაშვილი,ხათუნა თათანაშვილი,,TRUE,elected_politicians.pdf
local_2017,__main__,pr,gd,ქართული ოცნება - დემოკრატიული საქართველო,41,,კასპის,,,რამაზი,ხიზანიშვილი,რამაზი ხიზანიშვილი,,TRUE,elected_politicians.pdf
local_2017,__main__,council_smd,gd,ქართული ოცნება - დემოკრატიული საქართველო,41,,კასპის,,,ვალოდია,გზირიშვილი,ვალოდია გზირიშვილი,,TRUE,elected_politicians.pdf
local_2017,__main__,council_smd,gd,ქართული ოცნება - დემოკრატიული საქართველო,41,,კასპის,,,ლევან,გახელაძე,ლევან გახელაძე,,TRUE,elected_politicians.pdf
local_2017,__main__,council_smd,gd,ქართული ოცნება - დემოკრატიული საქართველო,41,,კასპის,,,ბეგი,თათრიშვილი,ბეგი თათრიშვილი,,TRUE,elected_politicians.pdf
local_2017,__main__,council_smd,gd,ქართული ოცნება - დემოკრატიული საქართველო,41,,კასპის,,,ქიტესა,ხოდელი,ქიტესა ხოდელი,,TRUE,elected_politicians.pdf
local_2017,__main__,council_smd,gd,ქართული ოცნება - დემოკრატიული საქართველო,41,,კასპის,,,გიორგი,დარბიაშვილი,გიორგი დარბიაშვილი,,TRUE,elected_politicians.pdf
local_2017,__main__,council_smd,gd,ქართული ოცნება - დემოკრატიული საქართველო,41,,კასპის,,,რამინ,ჯანგიშერაშვილი,რამინ ჯანგიშერაშვილი,,TRUE,elected_politicians.pdf
local_2017,__main__,council_smd,gd,ქართული ოცნება - დემოკრატიული საქართველო,41,,კასპის,,,ალექსანდრე,ბიძინაშვილი,ალექსანდრე ბიძინაშვილი,,TRUE,elected_politicians.pdf
local_2017,__main__,council_smd,gd,ქართული ოცნება - დემოკრატიული საქართველო,41,,კასპის,,,შოთა,ბეგლარაშვილი,შოთა ბეგლარაშვილი,,TRUE,elected_politicians.pdf
local_2017,__main__,council_smd,gd,ქართული ოცნება - დემოკრატიული საქართველო,41,,კასპის,,,ილია,ქამხაძე,ილია ქამხაძე,,TRUE,elected_politicians.pdf
local_2017,__main__,council_smd,gd,ქართული ოცნება - დემოკრატიული საქართველო,41,,კასპის,,,იოსებ,დემეტრაშვილი,იოსებ დემეტრაშვილი,,TRUE,elected_politicians.pdf
local_2017,__main__,council_smd,gd,ქართული ოცნება - დემოკრატიული საქართველო,41,,კასპის,,,ნანა,წიკლაური,ნანა წიკლაური,,TRUE,elected_politicians.pdf
local_2017,__main__,council_smd,gd,ქართული ოცნება - დემოკრატიული საქართველო,41,,კასპის,,,ნუკრი,მიდელაშვილი,ნუკრი მიდელაშვილი,,TRUE,elected_politicians.pdf
local_2017,__main__,council_smd,gd,ქართული ოცნება - დემოკრატიული საქართველო,41,,კასპის,,,მარიამ,გზირიშვილი,მარიამ გზირიშვილი,,TRUE,elected_politicians.pdf
local_2017,__main__,council_smd,gd,ქართული ოცნება - დემოკრატიული საქართველო,41,,კასპის,,,ზაზა,გუგულაშვილი,ზაზა გუგულაშვილი,,TRUE,elected_politicians.pdf
local_2017,__main__,council_smd,gd,ქართული ოცნება - დემოკრატიული საქართველო,41,,კასპის,,,დავით,ოთარაშვილი,დავით ოთარაშვილი,,TRUE,elected_politicians.pdf
local_2017,__main__,council_smd,gd,ქართული ოცნება - დემოკრატიული საქართველო,41,,კასპის,,,ვლადიმერი,უზნაძე,ვლადიმერი უზნაძე,,TRUE,elected_politicians.pdf
local_2017,__main__,council_smd,gd,ქართული ოცნება - დემოკრატიული საქართველო,41,,კასპის,,,დავით,მუხიაშვილი,დავით მუხიაშვილი,,TRUE,elected_politicians.pdf
local_2017,__main__,council_smd,gd,ქართული ოცნება - დემოკრატიული საქართველო,41,,კასპის,,,ზაზა,მარჯანიძე,ზაზა მარჯანიძე,,TRUE,elected_politicians.pdf
local_2017,__main__,council_smd,gd,ქართული ოცნება - დემოკრატიული საქართველო,41,,კასპის,,,გიორგი,მჭედლიშვილი,გიორგი მჭედლიშვილი,,TRUE,elected_politicians.pdf
local_2017,__main__,mayor,gd,ქართული ოცნება - დემოკრატიული საქართველო,41,,კასპის,,,მანუჩარ,მერებაშვილი,მანუჩარ მერებაშვილი,,TRUE,elected_politicians.pdf
local_2017,__main__,pr,european_georgia,"ბაქრაძე, უგულავა - ევროპული საქართველო",2,,გორის,,,ზვიად,საბანაძე,ზვიად საბანაძე,,TRUE,elected_politicians.pdf
local_2017,__main__,pr,european_georgia,"ბაქრაძე, უგულავა - ევროპული საქართველო",2,,გორის,,,კახაბერ,ბურჯანაძე,კახაბერ ბურჯანაძე,,TRUE,elected_politicians.pdf
local_2017,__main__,pr,unm,ერთიანი ნაციონალური მოძრაობა,5,,გორის,,,ვასილისა,ჯაბახიძე,ვასილისა ჯაბახიძე,,TRUE,elected_politicians.pdf
local_2017,__main__,pr,unm,ერთიანი ნაციონალური მოძრაობა,5,,გორის,,,ბექა,ქორჩილავა,ბექა ქორჩილავა,,TRUE,elected_politicians.pdf
local_2017,__main__,pr,unm,ერთიანი ნაციონალური მოძრაობა,5,,გორის,,,თეონა,მაისურაძე,თეონა მაისურაძე,,TRUE,elected_politicians.pdf
local_2017,__main__,pr,patriots,"დავით თარხან-მოურავი, ირმა ინაშვილი - საქართველოს პატრიოტთა ალიანსი",8,,გორის,,,თამარ,კოდოშვილი,თამარ კოდოშვილი,,TRUE,elected_politicians.pdf
local_2017,__main__,pr,construction_movement_2017,შენების მოძრაობა,20,,გორის,,,ბადრი,ნანეტაშვილი,ბადრი ნანეტაშვილი,,TRUE,elected_politicians.pdf
local_2017,__main__,pr,gd,ქართული ოცნება - დემოკრატიული საქართველო,41,,გორის,,,გელა,კაპანაძე,გელა კაპანაძე,,TRUE,elected_politicians.pdf
local_2017,__main__,pr,gd,ქართული ოცნება - დემოკრატიული საქართველო,41,,გორის,,,მიხეილ,გოგინაშვილი,მიხეილ გოგინაშვილი,,TRUE,elected_politicians.pdf
local_2017,__main__,pr,gd,ქართული ოცნება - დემოკრატიული საქართველო,41,,გორის,,,თამარ,მურალოვი,თამარ მურალოვი,,TRUE,elected_politicians.pdf
local_2017,__main__,pr,gd,ქართული ოცნება - დემოკრატიული საქართველო,41,,გორის,,,ზაქარია,მებადური,ზაქარია მებადური,,TRUE,elected_politicians.pdf
local_2017,__main__,pr,gd,ქართული ოცნება - დემოკრატიული საქართველო,41,,გორის,,,ბაქარი,გიუნაშვილი,ბაქარი გიუნაშვილი,,TRUE,elected_politicians.pdf
local_2017,__main__,pr,gd,ქართული ოცნება - დემოკრატიული საქართველო,41,,გორის,,,მარლენ,ნადირაძე,მარლენ ნადირაძე,,TRUE,elected_politicians.pdf
local_2017,__main__,pr,gd,ქართული ოცნება - დემოკრატიული საქართველო,41,,გორის,,,ლიანა,ჩლაჩიძე,ლიანა ჩლაჩიძე,,TRUE,elected_politicians.pdf
local_2017,__main__,pr,gd,ქართული ოცნება - დემოკრატიული საქართველო,41,,გორის,,,მამუკა,ფანიაშვილი,მამუკა ფანიაშვილი,,TRUE,elected_politicians.pdf
local_2017,__main__,council_smd,gd,ქართული ოცნება - დემოკრატიული საქართველო,41,,გორის,,,დავით,რაზმაძე,დავით რაზმაძე,,TRUE,elected_politicians.pdf
local_2017,__main__,council_smd,gd,ქართული ოცნება - დემოკრატიული საქართველო,41,,გორის,,,დავით,გუდაძე,დავით გუდაძე,,TRUE,elected_politicians.pdf
local_2017,__main__,council_smd,gd,ქართული ოცნება - დემოკრატიული საქართველო,41,,გორის,,,ნანა,ედიშერაშვილი,ნანა ედიშერაშვილი,,TRUE,elected_politicians.pdf
local_2017,__main__,council_smd,gd,ქართული ოცნება - დემოკრატიული საქართველო,41,,გორის,,,დავით,სარალიძე,დავით სარალიძე,,TRUE,elected_politicians.pdf
local_2017,__main__,council_smd,gd,ქართული ოცნება - დემოკრატიული საქართველო,41,,გორის,,,ხვიჩა,ხიხალაშვილი,ხვიჩა ხიხალაშვილი,,TRUE,elected_politicians.pdf
local_2017,__main__,council_smd,gd,ქართული ოცნება - დემოკრატიული საქართველო,41,,გორის,,,შოთა,ვანიშვილი,შოთა ვანიშვილი,,TRUE,elected_politicians.pdf
local_2017,__main__,council_smd,gd,ქართული ოცნება - დემოკრატიული საქართველო,41,,გორის,,,ილია,ვარდანაშვილი,ილია ვარდანაშვილი,,TRUE,elected_politicians.pdf
local_2017,__main__,council_smd,gd,ქართული ოცნება - დემოკრატიული საქართველო,41,,გორის,,,გიორგი,შიოშვილი,გიორგი შიოშვილი,,TRUE,elected_politicians.pdf
local_2017,__main__,council_smd,gd,ქართული ოცნება - დემოკრატიული საქართველო,41,,გორის,,,ჯუმბერ,გიგაური,ჯუმბერ გიგაური,,TRUE,elected_politicians.pdf
local_2017,__main__,council_smd,gd,ქართული ოცნება - დემოკრატიული საქართველო,41,,გორის,,,ირაკლი,ჯალაბაძე,ირაკლი ჯალაბაძე,,TRUE,elected_politicians.pdf
local_2017,__main__,council_smd,gd,ქართული ოცნება - დემოკრატიული საქართველო,41,,გორის,,,მიხეილ,გოგებაშვილი,მიხეილ გოგებაშვილი,,TRUE,elected_politicians.pdf
local_2017,__main__,council_smd,gd,ქართული ოცნება - დემოკრატიული საქართველო,41,,გორის,,,კობა,ბერიანიძე,კობა ბერიანიძე,,TRUE,elected_politicians.pdf
local_2017,__main__,council_smd,gd,ქართული ოცნება - დემოკრატიული საქართველო,41,,გორის,,,მურაზ,ღოლიჯაშვილი,მურაზ ღოლიჯაშვილი,,TRUE,elected_politicians.pdf
local_2017,__main__,council_smd,independent,დამოუკიდებელი,,,გორის,,,მერაბ,მახარაშვილი,მერაბ მახარაშვილი,,TRUE,elected_politicians.pdf
local_2017,__main__,council_smd,gd,ქართული ოცნება - დემოკრატიული საქართველო,41,,გორის,,,ასმათ,ტალახაძე,ასმათ ტალახაძე,,TRUE,elected_politicians.pdf
local_2017,__main__,council_smd,gd,ქართული ოცნება - დემოკრატიული საქართველო,41,,გორის,,,მერაბ,მელანაშვილი,მერაბ მელანაშვილი,,TRUE,elected_politicians.pdf
local_2017,__main__,council_smd,gd,ქართული ოცნება - დემოკრატიული საქართველო,41,,გორის,,,მანუჩარ,ლაფაჩი,მანუჩარ ლაფაჩი,,TRUE,elected_politicians.pdf
local_2017,__main__,council_smd,gd,ქართული ოცნება - დემოკრატიული საქართველო,41,,გორის,,,ავთანდილ,შოშიაშვილი,ავთანდილ შოშიაშვილი,,TRUE,elected_politicians.pdf
local_2017,__main__,council_smd,gd,ქართული ოცნება - დემოკრატიული საქართველო,41,,გორის,,,კახაბერ,ედიშერაშვილი,კახაბერ ედიშერაშვილი,,TRUE,elected_politicians.pdf
local_2017,__main__,council_smd,gd,ქართული ოცნება - დემოკრატიული საქართველო,41,,გორის,,,ივანე,კორინთელი,ივანე კორინთელი,,TRUE,elected_politicians.pdf
local_2017,__main__,council_smd,gd,ქართული ოცნება - დემოკრატიული საქართველო,41,,გორის,,,დავით,ადუაშვილი,დავით ადუაშვილი,,TRUE,elected_politicians.pdf
local_2017,__main__,council_smd,gd,ქართული ოცნება - დემოკრატიული საქართველო,41,,გორის,,,ჯემიკო,დუდაშვილი,ჯემიკო დუდაშვილი,,TRUE,elected_politicians.pdf
local_2017,__main__,council_smd,gd,ქართული ოცნება - დემოკრატიული საქართველო,41,,გორის,,,ზურაბ,ყაჯრიშვილი,ზურაბ ყაჯრიშვილი,,TRUE,elected_politicians.pdf
local_2017,__main__,council_smd,gd,ქართული ოცნება - დემოკრატიული საქართველო,41,,გორის,,,იოსებ,მუმლაძე,იოსებ მუმლაძე,,TRUE,elected_politicians.pdf
local_2017,__main__,council_smd,gd,ქართული ოცნება - დემოკრატიული საქართველო,41,,გორის,,,ივანე,ნონიკაშვილი,ივანე ნონიკაშვილი,,TRUE,elected_politicians.pdf
local_2017,__main__,mayor,gd,ქართული ოცნება - დემოკრატიული საქართველო,41,,გორის,,,კონსტანტინე,თავზარაშვილი,კონსტანტინე თავზარაშვილი,,TRUE,elected_politicians.pdf
local_2017,__main__,pr,european_georgia,"ბაქრაძე, უგულავა - ევროპული საქართველო",2,,ქარელის,,,მარლენ,ლომიტაშვილი,მარლენ ლომიტაშვილი,,TRUE,elected_politicians.pdf
local_2017,__main__,pr,unm,ერთიანი ნაციონალური მოძრაობა,5,,ქარელის,,,ნიკოლოზ,ახალკაცი,ნიკოლოზ ახალკაცი,,TRUE,elected_politicians.pdf
local_2017,__main__,pr,unm,ერთიანი ნაციონალური მოძრაობა,5,,ქარელის,,,ზაზა,მარჯანიძე,ზაზა მარჯანიძე,,TRUE,elected_politicians.pdf
local_2017,__main__,pr,unm,ერთიანი ნაციონალური მოძრაობა,5,,ქარელის,,,მარიამი,ქელეხსაშვილი,მარიამი ქელეხსაშვილი,,TRUE,elected_politicians.pdf
local_2017,__main__,pr,patriots,"დავით თარხან-მოურავი, ირმა ინაშვილი - საქართველოს პატრიოტთა ალიანსი",8,,ქარელის,,,ზურაბ,ქველაძე,ზურაბ ქველაძე,,TRUE,elected_politicians.pdf
local_2017,__main__,pr,labour,შალვა ნათელაშვილი - საქართველოს ლეიბორისტული პარტია,10,,ქარელის,,,ზურაბ,ლომია,ზურაბ ლომია,,TRUE,elected_politicians.pdf
local_2017,__main__,pr,gd,ქართული ოცნება - დემოკრატიული საქართველო,41,,ქარელის,,,ივანე,არდემანაშვილი,ივანე არდემანაშვილი,,TRUE,elected_politicians.pdf
local_2017,__main__,pr,gd,ქართული ოცნება - დემოკრატიული საქართველო,41,,ქარელის,,,ილია,ქელეხსაშვილი,ილია ქელეხსაშვილი,,TRUE,elected_politicians.pdf
local_2017,__main__,pr,gd,ქართული ოცნება - დემოკრატიული საქართველო,41,,ქარელის,,,ცირა,ინდუაშვილი,ცირა ინდუაშვილი,,TRUE,elected_politicians.pdf
local_2017,__main__,pr,gd,ქართული ოცნება - დემოკრატიული საქართველო,41,,ქარელის,,,გია,კუთხაშვილი,გია კუთხაშვილი,,TRUE,elected_politicians.pdf
local_2017,__main__,pr,gd,ქართული ოცნება - დემოკრატიული საქართველო,41,,ქარელის,,,გიორგი,დაბრუნდაშვილი,გიორგი დაბრუნდაშვილი,,TRUE,elected_politicians.pdf
local_2017,__main__,pr,gd,ქართული ოცნება - დემოკრატიული საქართველო,41,,ქარელის,,,ზურაბი,ახმედოვი,ზურაბი ახმედოვი,,TRUE,elected_politicians.pdf
local_2017,__main__,pr,gd,ქართული ოცნება - დემოკრატიული საქართველო,41,,ქარელის,,,გიორგი,გოგაშვილი,გიორგი გოგაშვილი,,TRUE,elected_politicians.pdf
local_2017,__main__,pr,gd,ქართული ოცნება - დემოკრატიული საქართველო,41,,ქარელის,,,ნიკოლოზ,მეხრიშვილი,ნიკოლოზ მეხრიშვილი,,TRUE,elected_politicians.pdf
local_2017,__main__,pr,gd,ქართული ოცნება - დემოკრატიული საქართველო,41,,ქარელის,,,მიხეილ,მექვაბიძე,მიხეილ მექვაბიძე,,TRUE,elected_politicians.pdf
local_2017,__main__,council_smd,gd,ქართული ოცნება - დემოკრატიული საქართველო,41,,ქარელის,,,ყარამან,როინაშვილი,ყარამან როინაშვილი,,TRUE,elected_politicians.pdf
local_2017,__main__,council_smd,gd,ქართული ოცნება - დემოკრატიული საქართველო,41,,ქარელის,,,თეიმურაზი,ვახტანგიშვილი,თეიმურაზი ვახტანგიშვილი,,TRUE,elected_politicians.pdf
local_2017,__main__,council_smd,gd,ქართული ოცნება - დემოკრატიული საქართველო,41,,ქარელის,,,თამაზი,თურმანიძე,თამაზი თურმანიძე,,TRUE,elected_politicians.pdf
local_2017,__main__,council_smd,gd,ქართული ოცნება - დემოკრატიული საქართველო,41,,ქარელის,,,ზაზა,დაბრუნდაშვილი,ზაზა დაბრუნდაშვილი,,TRUE,elected_politicians.pdf
local_2017,__main__,council_smd,gd,ქართული ოცნება - დემოკრატიული საქართველო,41,,ქარელის,,,ბაქარ,მაჭარაშვილი,ბაქარ მაჭარაშვილი,,TRUE,elected_politicians.pdf
local_2017,__main__,council_smd,gd,ქართული ოცნება - დემოკრატიული საქართველო,41,,ქარელის,,,ლაშა,ლურსმანაშვილი,ლაშა ლურსმანაშვილი,,TRUE,elected_politicians.pdf
local_2017,__main__,council_smd,gd,ქართული ოცნება - დემოკრატიული საქართველო,41,,ქარელის,,,დავითი,მიდელაშვილი,დავითი მიდელაშვილი,,TRUE,elected_politicians.pdf
local_2017,__main__,council_smd,gd,ქართული ოცნება - დემოკრატიული საქართველო,41,,ქარელის,,,კობა,ნახუცრიშვილი,კობა ნახუცრიშვილი,,TRUE,elected_politicians.pdf
local_2017,__main__,council_smd,gd,ქართული ოცნება - დემოკრატიული საქართველო,41,,ქარელის,,,ჯუმბერ,შუბითიძე,ჯუმბერ შუბითიძე,,TRUE,elected_politicians.pdf
local_2017,__main__,council_smd,gd,ქართული ოცნება - დემოკრატიული საქართველო,41,,ქარელის,,,მამუკა,მახაჭაშვილი,მამუკა მახაჭაშვილი,,TRUE,elected_politicians.pdf
local_2017,__main__,council_smd,gd,ქართული ოცნება - დემოკრატიული საქართველო,41,,ქარელის,,,მიხეილ,ხათაშვილი,მიხეილ ხათაშვილი,,TRUE,elected_politicians.pdf
local_2017,__main__,council_smd,gd,ქართული ოცნება - დემოკრატიული საქართველო,41,,ქარელის,,,არჩილ,სადუნაშვილი,არჩილ სადუნაშვილი,,TRUE,elected_politicians.pdf
local_2017,__main__,council_smd,gd,ქართული ოცნება - დემოკრატიული საქართველო,41,,ქარელის,,,იური,ქობესაშვილი,იური ქობესაშვილი,,TRUE,elected_politicians.pdf
local_2017,__main__,council_smd,gd,ქართული ოცნება - დემოკრატიული საქართველო,41,,ქარელის,,,მამუკა,კოკოზაშვილი,მამუკა კოკოზაშვილი,,TRUE,elected_politicians.pdf
local_2017,__main__,council_smd,unm,ერთიანი ნაციონალური მოძრაობა,5,,ქარელის,,,თამარ,დიასამიძე,თამარ დიასამიძე,,TRUE,elected_politicians.pdf
local_2017,__main__,council_smd,gd,ქართული ოცნება - დემოკრატიული საქართველო,41,,ქარელის,,,პაატა,ღვინიაშვილი,პაატა ღვინიაშვილი,,TRUE,elected_politicians.pdf
local_2017,__main__,council_smd,free_georgia,"დიმიტრი ლორთქიფანიძე, კახა კუკავა-დემოკრატიული მოძრაობა-თავისუფალი საქართველო",3,,ქარელის,,,გიორგი,თევდორაშვილი,გიორგი თევდორაშვილი,,TRUE,elected_politicians.pdf
local_2017,__main__,council_smd,gd,ქართული ოცნება - დემოკრატიული საქართველო,41,,ქარელის,,,გელა,ქოთოლაშვილი,გელა ქოთოლაშვილი,,TRUE,elected_politicians.pdf
local_2017,__main__,mayor,gd,ქართული ოცნება - დემოკრატიული საქართველო,41,,ქარელის,,,ზაზა,გულიაშვილი,ზაზა გულიაშვილი,,TRUE,elected_politicians.pdf
local_2017,__main__,pr,european_georgia,"ბაქრაძე, უგულავა - ევროპული საქართველო",2,,ხაშურის,,,ელზა,კიკაძე,ელზა კიკაძე,,TRUE,elected_politicians.pdf
local_2017,__main__,pr,european_georgia,"ბაქრაძე, უგულავა - ევროპული საქართველო",2,,ხაშურის,,,ნატო,კიკაძე,ნატო კიკაძე,,TRUE,elected_politicians.pdf
local_2017,__main__,pr,unm,ერთიანი ნაციონალური მოძრაობა,5,,ხაშურის,,,როინ,მახარობლიძე,როინ მახარობლიძე,,TRUE,elected_politicians.pdf
local_2017,__main__,pr,unm,ერთიანი ნაციონალური მოძრაობა,5,,ხაშურის,,,შავლეგ,დოლიძე,შავლეგ დოლიძე,,TRUE,elected_politicians.pdf
local_2017,__main__,pr,unm,ერთიანი ნაციონალური მოძრაობა,5,,ხაშურის,,,დავით,გარადინსკი,დავით გარადინსკი,,TRUE,elected_politicians.pdf
local_2017,__main__,pr,patriots,"დავით თარხან-მოურავი, ირმა ინაშვილი - საქართველოს პატრიოტთა ალიანსი",8,,ხაშურის,,,ალექსანდრე,სიმონიშვილი,ალექსანდრე სიმონიშვილი,,TRUE,elected_politicians.pdf
local_2017,__main__,pr,patriots,"დავით თარხან-მოურავი, ირმა ინაშვილი - საქართველოს პატრიოტთა ალიანსი",8,,ხაშურის,,,აკაკი,ჩიტაძე,აკაკი ჩიტაძე,,TRUE,elected_politicians.pdf
local_2017,__main__,pr,labour,შალვა ნათელაშვილი - საქართველოს ლეიბორისტული პარტია,10,,ხაშურის,,,ირინე,გრიგალაშვილი,ირინე გრიგალაშვილი,,TRUE,elected_politicians.pdf
local_2017,__main__,pr,gd,ქართული ოცნება - დემოკრატიული საქართველო,41,,ხაშურის,,,მიხეილ,ჯანაშვილი,მიხეილ ჯანაშვილი,,TRUE,elected_politicians.pdf
local_2017,__main__,pr,gd,ქართული ოცნება - დემოკრატიული საქართველო,41,,ხაშურის,,,ვაჟა,ხარშილაძე,ვაჟა ხარშილაძე,,TRUE,elected_politicians.pdf
local_2017,__main__,pr,gd,ქართული ოცნება - დემოკრატიული საქართველო,41,,ხაშურის,,,ირინე,გელაშვილი,ირინე გელაშვილი,,TRUE,elected_politicians.pdf
local_2017,__main__,pr,gd,ქართული ოცნება - დემოკრატიული საქართველო,41,,ხაშურის,,,დავით,გელაშვილი,დავით გელაშვილი,,TRUE,elected_politicians.pdf
local_2017,__main__,pr,gd,ქართული ოცნება - დემოკრატიული საქართველო,41,,ხაშურის,,,ცოტნე,ნოზაძე,ცოტნე ნოზაძე,,TRUE,elected_politicians.pdf
local_2017,__main__,pr,gd,ქართული ოცნება - დემოკრატიული საქართველო,41,,ხაშურის,,,მამუკა,წიქარიშვილი,მამუკა წიქარიშვილი,,TRUE,elected_politicians.pdf
local_2017,__main__,pr,gd,ქართული ოცნება - დემოკრატიული საქართველო,41,,ხაშურის,,,ანა,ხარებავა,ანა ხარებავა,,TRUE,elected_politicians.pdf
local_2017,__main__,council_smd,gd,ქართული ოცნება - დემოკრატიული საქართველო,41,,ხაშურის,,,გიორგი,ბერაია,გიორგი ბერაია,,TRUE,elected_politicians.pdf
local_2017,__main__,council_smd,gd,ქართული ოცნება - დემოკრატიული საქართველო,41,,ხაშურის,,,იმედა,მეტრეველი,იმედა მეტრეველი,,TRUE,elected_politicians.pdf
local_2017,__main__,council_smd,gd,ქართული ოცნება - დემოკრატიული საქართველო,41,,ხაშურის,,,მერაბ,ცხოვრებაძე,მერაბ ცხოვრებაძე,,TRUE,elected_politicians.pdf
local_2017,__main__,council_smd,gd,ქართული ოცნება - დემოკრატიული საქართველო,41,,ხაშურის,,,ზვიადი,ტეფნაძე,ზვიადი ტეფნაძე,,TRUE,elected_politicians.pdf
local_2017,__main__,council_smd,gd,ქართული ოცნება - დემოკრატიული საქართველო,41,,ხაშურის,,,მაყვალა,მაისურაძე,მაყვალა მაისურაძე,,TRUE,elected_politicians.pdf
local_2017,__main__,council_smd,gd,ქართული ოცნება - დემოკრატიული საქართველო,41,,ხაშურის,,,ზურაბ,ნოზაძე,ზურაბ ნოზაძე,,TRUE,elected_politicians.pdf
local_2017,__main__,council_smd,gd,ქართული ოცნება - დემოკრატიული საქართველო,41,,ხაშურის,,,დავით,მეტრეველი,დავით მეტრეველი,,TRUE,elected_politicians.pdf
local_2017,__main__,council_smd,gd,ქართული ოცნება - დემოკრატიული საქართველო,41,,ხაშურის,,,ლევან,გამრეკელი,ლევან გამრეკელი,,TRUE,elected_politicians.pdf
local_2017,__main__,council_smd,independent,დამოუკიდებელი,,,ხაშურის,,,მიხეილ,კაპანაძე,მიხეილ კაპანაძე,,TRUE,elected_politicians.pdf
local_2017,__main__,council_smd,gd,ქართული ოცნება - დემოკრატიული საქართველო,41,,ხაშურის,,,არჩილ,ჩაჩანიძე,არჩილ ჩაჩანიძე,,TRUE,elected_politicians.pdf
local_2017,__main__,council_smd,gd,ქართული ოცნება - დემოკრატიული საქართველო,41,,ხაშურის,,,ელგუჯი,გოგალაძე,ელგუჯი გოგალაძე,,TRUE,elected_politicians.pdf
local_2017,__main__,council_smd,gd,ქართული ოცნება - დემოკრატიული საქართველო,41,,ხაშურის,,,ლაშა,ლურსმანაშვილი,ლაშა ლურსმანაშვილი,,TRUE,elected_politicians.pdf
local_2017,__main__,council_smd,gd,ქართული ოცნება - დემოკრატიული საქართველო,41,,ხაშურის,,,ჯონდო,კაპანაძე,ჯონდო კაპანაძე,,TRUE,elected_politicians.pdf
local_2017,__main__,council_smd,gd,ქართული ოცნება - დემოკრატიული საქართველო,41,,ხაშურის,,,ემზარ,მურჯიკნელი,ემზარ მურჯიკნელი,,TRUE,elected_politicians.pdf
local_2017,__main__,council_smd,independent,დამოუკიდებელი,,,ხაშურის,,,ნოვე,ტაბატაძე,ნოვე ტაბატაძე,,TRUE,elected_politicians.pdf
local_2017,__main__,council_smd,gd,ქართული ოცნება - დემოკრატიული საქართველო,41,,ხაშურის,,,გურამ,მაზიაშვილი,გურამ მაზიაშვილი,,TRUE,elected_politicians.pdf
local_2017,__main__,mayor,gd,ქართული ოცნება - დემოკრატიული საქართველო,41,,ხაშურის,,,გიორგი,გურასპაშვილი,გიორგი გურასპაშვილი,,TRUE,elected_politicians.pdf
local_2017,__main__,pr,european_georgia,"ბაქრაძე, უგულავა - ევროპული საქართველო",2,,ბორჯომის,,,ბაქარ,შირაძე,ბაქარ შირაძე,,TRUE,elected_politicians.pdf
local_2017,__main__,pr,unm,ერთიანი ნაციონალური მოძრაობა,5,,ბორჯომის,,,ბაკურ,გელაშვილი,ბაკურ გელაშვილი,,TRUE,elected_politicians.pdf
local_2017,__main__,pr,unm,ერთიანი ნაციონალური მოძრაობა,5,,ბორჯომის,,,ვახტანგ,ქვათაძე,ვახტანგ ქვათაძე,,TRUE,elected_politicians.pdf
local_2017,__main__,pr,patriots,"დავით თარხან-მოურავი, ირმა ინაშვილი - საქართველოს პატრიოტთა ალიანსი",8,,ბორჯომის,,,ზაზა,ჩაჩანიძე,ზაზა ჩაჩანიძე,,TRUE,elected_politicians.pdf
local_2017,__main__,pr,patriots,"დავით თარხან-მოურავი, ირმა ინაშვილი - საქართველოს პატრიოტთა ალიანსი",8,,ბორჯომის,,,ტატიანა,მარტინენკო,ტატიანა მარტინენკო,,TRUE,elected_politicians.pdf
local_2017,__main__,pr,patriots,"დავით თარხან-მოურავი, ირმა ინაშვილი - საქართველოს პატრიოტთა ალიანსი",8,,ბორჯომის,,,ნიკოლოზ,კიკნაძე,ნიკოლოზ კიკნაძე,,TRUE,elected_politicians.pdf
local_2017,__main__,pr,patriots,"დავით თარხან-მოურავი, ირმა ინაშვილი - საქართველოს პატრიოტთა ალიანსი",8,,ბორჯომის,,,მერაბ,კვარაცხელია,მერაბ კვარაცხელია,,TRUE,elected_politicians.pdf
local_2017,__main__,pr,patriots,"დავით თარხან-მოურავი, ირმა ინაშვილი - საქართველოს პატრიოტთა ალიანსი",8,,ბორჯომის,,,ირმა,ზედგინიძე,ირმა ზედგინიძე,,TRUE,elected_politicians.pdf
local_2017,__main__,pr,labour,შალვა ნათელაშვილი - საქართველოს ლეიბორისტული პარტია,10,,ბორჯომის,,,გიორგი,გიუაშვილი,გიორგი გიუაშვილი,,TRUE,elected_politicians.pdf
local_2017,__main__,pr,gd,ქართული ოცნება - დემოკრატიული საქართველო,41,,ბორჯომის,,,გიორგი,ფერაძე,გიორგი ფერაძე,,TRUE,elected_politicians.pdf
local_2017,__main__,pr,gd,ქართული ოცნება - დემოკრატიული საქართველო,41,,ბორჯომის,,,ირაკლი,კვირკველია,ირაკლი კვირკველია,,TRUE,elected_politicians.pdf
local_2017,__main__,pr,gd,ქართული ოცნება - დემოკრატიული საქართველო,41,,ბორჯომის,,,თამარ,სხირტლაძე,თამარ სხირტლაძე,,TRUE,elected_politicians.pdf
local_2017,__main__,pr,gd,ქართული ოცნება - დემოკრატიული საქართველო,41,,ბორჯომის,,,ივანე,შალუტაშვილი,ივანე შალუტაშვილი,,TRUE,elected_politicians.pdf
local_2017,__main__,pr,gd,ქართული ოცნება - დემოკრატიული საქართველო,41,,ბორჯომის,,,ლევან,ლონდარიძე,ლევან ლონდარიძე,,TRUE,elected_politicians.pdf
local_2017,__main__,pr,gd,ქართული ოცნება - დემოკრატიული საქართველო,41,,ბორჯომის,,,ვარლამი,ხვინგია,ვარლამი ხვინგია,,TRUE,elected_politicians.pdf
local_2017,__main__,council_smd,patriots,"დავით თარხან-მოურავი, ირმა ინაშვილი - საქართველოს პატრიოტთა ალიანსი",8,,ბორჯომის,,,ფირან,გოგიჩაშვილი,ფირან გოგიჩაშვილი,,TRUE,elected_politicians.pdf
local_2017,__main__,council_smd,patriots,"დავით თარხან-მოურავი, ირმა ინაშვილი - საქართველოს პატრიოტთა ალიანსი",8,,ბორჯომის,,,გიორგი,გოგიჩაიშვილი,გიორგი გოგიჩაიშვილი,,TRUE,elected_politicians.pdf
local_2017,__main__,council_smd,patriots,"დავით თარხან-მოურავი, ირმა ინაშვილი - საქართველოს პატრიოტთა ალიანსი",8,,ბორჯომის,,,თედორე,მელიქიძე,თედორე მელიქიძე,,TRUE,elected_politicians.pdf
local_2017,__main__,council_smd,patriots,"დავით თარხან-მოურავი, ირმა ინაშვილი - საქართველოს პატრიოტთა ალიანსი",8,,ბორჯომის,,,გოჩა,ჩადუნელი,გოჩა ჩადუნელი,,TRUE,elected_politicians.pdf
local_2017,__main__,council_smd,gd,ქართული ოცნება - დემოკრატიული საქართველო,41,,ბორჯომის,,,ანდრო,თედიაშვილი,ანდრო თედიაშვილი,,TRUE,elected_politicians.pdf
local_2017,__main__,council_smd,gd,ქართული ოცნება - დემოკრატიული საქართველო,41,,ბორჯომის,,,ოთარ,არბოლიშვილი,ოთარ არბოლიშვილი,,TRUE,elected_politicians.pdf
local_2017,__main__,council_smd,gd,ქართული ოცნება - დემოკრატიული საქართველო,41,,ბორჯომის,,,არაიკ,ანტონიანი,არაიკ ანტონიანი,,TRUE,elected_politicians.pdf
local_2017,__main__,council_smd,gd,ქართული ოცნება - დემოკრატიული საქართველო,41,,ბორჯომის,,,ელიზავეტა,კუჭუხიძე,ელიზავეტა კუჭუხიძე,,TRUE,elected_politicians.pdf
local_2017,__main__,council_smd,gd,ქართული ოცნება - დემოკრატიული საქართველო,41,,ბორჯომის,,,ანდრუშ,ირიციან,ანდრუშ ირიციან,,TRUE,elected_politicians.pdf
local_2017,__main__,council_smd,patriots,"დავით თარხან-მოურავი, ირმა ინაშვილი - საქართველოს პატრიოტთა ალიანსი",8,,ბორჯომის,,,ვიოლეტა,ბალახაშვილი,ვიოლეტა ბალახაშვილი,,TRUE,elected_politicians.pdf
local_2017,__main__,council_smd,patriots,"დავით თარხან-მოურავი, ირმა ინაშვილი - საქართველოს პატრიოტთა ალიანსი",8,,ბორჯომის,,,მამუკა,ლურსმანაშვილი,მამუკა ლურსმანაშვილი,,TRUE,elected_politicians.pdf
local_2017,__main__,council_smd,gd,ქართული ოცნება - დემოკრატიული საქართველო,41,,ბორჯომის,,,რევაზ,ლაშხი,რევაზ ლაშხი,,TRUE,elected_politicians.pdf
local_2017,__main__,council_smd,gd,ქართული ოცნება - დემოკრატიული საქართველო,41,,ბორჯომის,,,ახილეს,ილიევი,ახილეს ილიევი,,TRUE,elected_politicians.pdf
local_2017,__main__,mayor,gd,ქართული ოცნება - დემოკრატიული საქართველო,41,,ბორჯომის,,,ლევან,ლიპარტია,ლევან ლიპარტია,,TRUE,elected_politicians.pdf
local_2017,__main__,pr,european_georgia,"ბაქრაძე, უგულავა - ევროპული საქართველო",2,,ახალციხის,,,ვაჟა,ჩიტაშვილი,ვაჟა ჩიტაშვილი,,TRUE,elected_politicians.pdf
local_2017,__main__,pr,european_georgia,"ბაქრაძე, უგულავა - ევროპული საქართველო",2,,ახალციხის,,,გელა,დემეტრაძე,გელა დემეტრაძე,,TRUE,elected_politicians.pdf
local_2017,__main__,pr,european_georgia,"ბაქრაძე, უგულავა - ევროპული საქართველო",2,,ახალციხის,,,ირინა,გელაშვილი,ირინა გელაშვილი,,TRUE,elected_politicians.pdf
local_2017,__main__,pr,unm,ერთიანი ნაციონალური მოძრაობა,5,,ახალციხის,,,კობა,სანდროშვილი,კობა სანდროშვილი,,TRUE,elected_politicians.pdf
local_2017,__main__,pr,unm,ერთიანი ნაციონალური მოძრაობა,5,,ახალციხის,,,ნატო,დარბაიძე,ნატო დარბაიძე,,TRUE,elected_politicians.pdf
local_2017,__main__,pr,gd,ქართული ოცნება - დემოკრატიული საქართველო,41,,ახალციხის,,,გელა,ნოზაძე,გელა ნოზაძე,,TRUE,elected_politicians.pdf
local_2017,__main__,pr,gd,ქართული ოცნება - დემოკრატიული საქართველო,41,,ახალციხის,,,გიორგი,გვარამაძე,გიორგი გვარამაძე,,TRUE,elected_politicians.pdf
local_2017,__main__,pr,gd,ქართული ოცნება - დემოკრატიული საქართველო,41,,ახალციხის,,,თამარ,გოგოლაძე,თამარ გოგოლაძე,,TRUE,elected_politicians.pdf
local_2017,__main__,pr,gd,ქართული ოცნება - დემოკრატიული საქართველო,41,,ახალციხის,,,სამველ,ოვეიან,სამველ ოვეიან,,TRUE,elected_politicians.pdf
local_2017,__main__,pr,gd,ქართული ოცნება - დემოკრატიული საქართველო,41,,ახალციხის,,,გიორგი,ვედიაკოვი,გიორგი ვედიაკოვი,,TRUE,elected_politicians.pdf
local_2017,__main__,pr,gd,ქართული ოცნება - დემოკრატიული საქართველო,41,,ახალციხის,,,ტიგრან,მელქონიან,ტიგრან მელქონიან,,TRUE,elected_politicians.pdf
local_2017,__main__,pr,gd,ქართული ოცნება - დემოკრატიული საქართველო,41,,ახალციხის,,,მანანა,ბალიაშვილი,მანანა ბალიაშვილი,,TRUE,elected_politicians.pdf
local_2017,__main__,pr,gd,ქართული ოცნება - დემოკრატიული საქართველო,41,,ახალციხის,,,ვასილი,სისვაძე,ვასილი სისვაძე,,TRUE,elected_politicians.pdf
local_2017,__main__,pr,gd,ქართული ოცნება - დემოკრატიული საქართველო,41,,ახალციხის,,,კობა,გელაშვილი,კობა გელაშვილი,,TRUE,elected_politicians.pdf
local_2017,__main__,pr,gd,ქართული ოცნება - დემოკრატიული საქართველო,41,,ახალციხის,,,გიორგი,ჭელიძე,გიორგი ჭელიძე,,TRUE,elected_politicians.pdf
local_2017,__main__,council_smd,gd,ქართული ოცნება - დემოკრატიული საქართველო,41,,ახალციხის,,,ზოია,ბალიაშვილი,ზოია ბალიაშვილი,,TRUE,elected_politicians.pdf
local_2017,__main__,council_smd,gd,ქართული ოცნება - დემოკრატიული საქართველო,41,,ახალციხის,,,გიორგი,ბეროშვილი,გიორგი ბეროშვილი,,TRUE,elected_politicians.pdf
local_2017,__main__,council_smd,gd,ქართული ოცნება - დემოკრატიული საქართველო,41,,ახალციხის,,,ამბარცუმ,ბაბოიან,ამბარცუმ ბაბოიან,,TRUE,elected_politicians.pdf
local_2017,__main__,council_smd,gd,ქართული ოცნება - დემოკრატიული საქართველო,41,,ახალციხის,,,გიორგი,ზაქროშვილი,გიორგი ზაქროშვილი,,TRUE,elected_politicians.pdf
local_2017,__main__,council_smd,gd,ქართული ოცნება - დემოკრატიული საქართველო,41,,ახალციხის,,,სიმონ,გელაშვილი,სიმონ გელაშვილი,,TRUE,elected_politicians.pdf
local_2017,__main__,council_smd,gd,ქართული ოცნება - დემოკრატიული საქართველო,41,,ახალციხის,,,ნოდარი,სუდაძე,ნოდარი სუდაძე,,TRUE,elected_politicians.pdf
local_2017,__main__,council_smd,gd,ქართული ოცნება - დემოკრატიული საქართველო,41,,ახალციხის,,,ალექსი,ლაბაძე,ალექსი ლაბაძე,,TRUE,elected_politicians.pdf
local_2017,__main__,council_smd,gd,ქართული ოცნება - დემოკრატიული საქართველო,41,,ახალციხის,,,იოსები,კაპანაძე,იოსები კაპანაძე,,TRUE,elected_politicians.pdf
local_2017,__main__,council_smd,gd,ქართული ოცნება - დემოკრატიული საქართველო,41,,ახალციხის,,,ვლადიმერი,კურტანიძე,ვლადიმერი კურტანიძე,,TRUE,elected_politicians.pdf
local_2017,__main__,council_smd,gd,ქართული ოცნება - დემოკრატიული საქართველო,41,,ახალციხის,,,ზაალი,ბერიძე,ზაალი ბერიძე,,TRUE,elected_politicians.pdf
local_2017,__main__,council_smd,gd,ქართული ოცნება - დემოკრატიული საქართველო,41,,ახალციხის,,,არტაშეს,ბალასანიან,არტაშეს ბალასანიან,,TRUE,elected_politicians.pdf
local_2017,__main__,council_smd,gd,ქართული ოცნება - დემოკრატიული საქართველო,41,,ახალციხის,,,პაიცარ,მანასიან,პაიცარ მანასიან,,TRUE,elected_politicians.pdf
local_2017,__main__,council_smd,gd,ქართული ოცნება - დემოკრატიული საქართველო,41,,ახალციხის,,,არჩილ,უჩიძე,არჩილ უჩიძე,,TRUE,elected_politicians.pdf
local_2017,__main__,council_smd,gd,ქართული ოცნება - დემოკრატიული საქართველო,41,,ახალციხის,,,არუთუნ,აგაბაბიან,არუთუნ აგაბაბიან,,TRUE,elected_politicians.pdf
local_2017,__main__,council_smd,gd,ქართული ოცნება - დემოკრატიული საქართველო,41,,ახალციხის,,,ბესიკი,გოგსაძე,ბესიკი გოგსაძე,,TRUE,elected_politicians.pdf
local_2017,__main__,council_smd,gd,ქართული ოცნება - დემოკრატიული საქართველო,41,,ახალციხის,,,ნოდარი,ტალახაძე,ნოდარი ტალახაძე,,TRUE,elected_politicians.pdf
local_2017,__main__,council_smd,gd,ქართული ოცნება - დემოკრატიული საქართველო,41,,ახალციხის,,,პეტროს,ვართანიან,პეტროს ვართანიან,,TRUE,elected_politicians.pdf
local_2017,__main__,council_smd,gd,ქართული ოცნება - დემოკრატიული საქართველო,41,,ახალციხის,,,მკრტიჩ,გინოსიან,მკრტიჩ გინოსიან,,TRUE,elected_politicians.pdf
local_2017,__main__,mayor,gd,ქართული ოცნება - დემოკრატიული საქართველო,41,,ახალციხის,,,ზაზა,მელიქიძე,ზაზა მელიქიძე,,TRUE,elected_politicians.pdf
local_2017,__main__,pr,european_georgia,"ბაქრაძე, უგულავა - ევროპული საქართველო",2,,ადიგენის,,,გელა,სარაშვილი,გელა სარაშვილი,,TRUE,elected_politicians.pdf
local_2017,__main__,pr,european_georgia,"ბაქრაძე, უგულავა - ევროპული საქართველო",2,,ადიგენის,,,თენგიზ,ქომოშვილი,თენგიზ ქომოშვილი,,TRUE,elected_politicians.pdf
local_2017,__main__,pr,european_georgia,"ბაქრაძე, უგულავა - ევროპული საქართველო",2,,ადიგენის,,,სიმონ,პარუნაშვილი,სიმონ პარუნაშვილი,,TRUE,elected_politicians.pdf
local_2017,__main__,pr,unm,ერთიანი ნაციონალური მოძრაობა,5,,ადიგენის,,,რატი,ტატალაშვილი,რატი ტატალაშვილი,,TRUE,elected_politicians.pdf
local_2017,__main__,pr,patriots,"დავით თარხან-მოურავი, ირმა ინაშვილი - საქართველოს პატრიოტთა ალიანსი",8,,ადიგენის,,,მინდია,ჯელია,მინდია ჯელია,,TRUE,elected_politicians.pdf
local_2017,__main__,pr,gd,ქართული ოცნება - დემოკრატიული საქართველო,41,,ადიგენის,,,იმედა,მღებრიშვილი,იმედა მღებრიშვილი,,TRUE,elected_politicians.pdf
local_2017,__main__,pr,gd,ქართული ოცნება - დემოკრატიული საქართველო,41,,ადიგენის,,,შალვა,გავაშელი,შალვა გავაშელი,,TRUE,elected_politicians.pdf
local_2017,__main__,pr,gd,ქართული ოცნება - დემოკრატიული საქართველო,41,,ადიგენის,,,მანანა,რეხვიაშვილი,მანანა რეხვიაშვილი,,TRUE,elected_politicians.pdf
local_2017,__main__,pr,gd,ქართული ოცნება - დემოკრატიული საქართველო,41,,ადიგენის,,,თამაზ,ძაძამია,თამაზ ძაძამია,,TRUE,elected_politicians.pdf
local_2017,__main__,pr,gd,ქართული ოცნება - დემოკრატიული საქართველო,41,,ადიგენის,,,ამირან,მინაძე,ამირან მინაძე,,TRUE,elected_politicians.pdf
local_2017,__main__,pr,gd,ქართული ოცნება - დემოკრატიული საქართველო,41,,ადიგენის,,,ინა,კაპანაძე,ინა კაპანაძე,,TRUE,elected_politicians.pdf
local_2017,__main__,pr,gd,ქართული ოცნება - დემოკრატიული საქართველო,41,,ადიგენის,,,ნინო,ჩოგოვაძე,ნინო ჩოგოვაძე,,TRUE,elected_politicians.pdf
local_2017,__main__,pr,gd,ქართული ოცნება - დემოკრატიული საქართველო,41,,ადიგენის,,,ნოდარი,გაგნიძე,ნოდარი გაგნიძე,,TRUE,elected_politicians.pdf
local_2017,__main__,pr,gd,ქართული ოცნება - დემოკრატიული საქართველო,41,,ადიგენის,,,ალექსი,ენდელაძე,ალექსი ენდელაძე,,TRUE,elected_politicians.pdf
local_2017,__main__,pr,gd,ქართული ოცნება - დემოკრატიული საქართველო,41,,ადიგენის,,,თეიმურაზი,შავაძე,თეიმურაზი შავაძე,,TRUE,elected_politicians.pdf
local_2017,__main__,council_smd,gd,ქართული ოცნება - დემოკრატიული საქართველო,41,,ადიგენის,,,დავითი,აბულაძე,დავითი აბულაძე,,TRUE,elected_politicians.pdf
local_2017,__main__,council_smd,gd,ქართული ოცნება - დემოკრატიული საქართველო,41,,ადიგენის,,,ტარიელი,ენდელაძე,ტარიელი ენდელაძე,,TRUE,elected_politicians.pdf
local_2017,__main__,council_smd,gd,ქართული ოცნება - დემოკრატიული საქართველო,41,,ადიგენის,,,ლაზარე,ჩილინგარაშვილი,ლაზარე ჩილინგარაშვილი,,TRUE,elected_politicians.pdf
local_2017,__main__,council_smd,gd,ქართული ოცნება - დემოკრატიული საქართველო,41,,ადიგენის,,,ზაზა,მღებრიშვილი,ზაზა მღებრიშვილი,,TRUE,elected_politicians.pdf
local_2017,__main__,council_smd,gd,ქართული ოცნება - დემოკრატიული საქართველო,41,,ადიგენის,,,მევლუდი,ბახტურიძე,მევლუდი ბახტურიძე,,TRUE,elected_politicians.pdf
local_2017,__main__,council_smd,gd,ქართული ოცნება - დემოკრატიული საქართველო,41,,ადიგენის,,,ვაჟა,მერაბიშვილი,ვაჟა მერაბიშვილი,,TRUE,elected_politicians.pdf
local_2017,__main__,council_smd,european_georgia,"ბაქრაძე, უგულავა - ევროპული საქართველო",2,,ადიგენის,,,ტარიელ,მსხვილიძე,ტარიელ მსხვილიძე,,TRUE,elected_politicians.pdf
local_2017,__main__,council_smd,european_georgia,"ბაქრაძე, უგულავა - ევროპული საქართველო",2,,ადიგენის,,,ზურაბ,შაინიძე,ზურაბ შაინიძე,,TRUE,elected_politicians.pdf
local_2017,__main__,council_smd,gd,ქართული ოცნება - დემოკრატიული საქართველო,41,,ადიგენის,,,ნუკრი,ხვედელიძე,ნუკრი ხვედელიძე,,TRUE,elected_politicians.pdf
local_2017,__main__,council_smd,gd,ქართული ოცნება - დემოკრატიული საქართველო,41,,ადიგენის,,,რამაზ,გოგრიჭიანი,რამაზ გოგრიჭიანი,,TRUE,elected_politicians.pdf
local_2017,__main__,council_smd,gd,ქართული ოცნება - დემოკრატიული საქართველო,41,,ადიგენის,,,ნოდარ,გობაძე,ნოდარ გობაძე,,TRUE,elected_politicians.pdf
local_2017,__main__,council_smd,gd,ქართული ოცნება - დემოკრატიული საქართველო,41,,ადიგენის,,,ნუგზარ,ბოჩიკაშვილი,ნუგზარ ბოჩიკაშვილი,,TRUE,elected_politicians.pdf
local_2017,__main__,council_smd,gd,ქართული ოცნება - დემოკრატიული საქართველო,41,,ადიგენის,,,იაგორ,ასანიძე,იაგორ ასანიძე,,TRUE,elected_politicians.pdf
local_2017,__main__,council_smd,gd,ქართული ოცნება - დემოკრატიული საქართველო,41,,ადიგენის,,,ამირანი,ჭიტაძე,ამირანი ჭიტაძე,,TRUE,elected_politicians.pdf
local_2017,__main__,council_smd,gd,ქართული ოცნება - დემოკრატიული საქართველო,41,,ადიგენის,,,თეიმურაზ,მიქელაძე,თეიმურაზ მიქელაძე,,TRUE,elected_politicians.pdf
local_2017,__main__,mayor,gd,ქართული ოცნება - დემოკრატიული საქართველო,41,,ადიგენის,,,ზაქარია,ენდელაძე,ზაქარია ენდელაძე,,TRUE,elected_politicians.pdf
local_2017,__main__,pr,european_georgia,"ბაქრაძე, უგულავა - ევროპული საქართველო",2,,ასპინძის,,,ტარიელი,ლონდარიძე,ტარიელი ლონდარიძე,,TRUE,elected_politicians.pdf
local_2017,__main__,pr,european_georgia,"ბაქრაძე, უგულავა - ევროპული საქართველო",2,,ასპინძის,,,მერი,გიორგაძე,მერი გიორგაძე,,TRUE,elected_politicians.pdf
local_2017,__main__,pr,unm,ერთიანი ნაციონალური მოძრაობა,5,,ასპინძის,,,მალხაზ,მოსიძე,მალხაზ მოსიძე,,TRUE,elected_politicians.pdf
local_2017,__main__,pr,patriots,"დავით თარხან-მოურავი, ირმა ინაშვილი - საქართველოს პატრიოტთა ალიანსი",8,,ასპინძის,,,კობა,ზედგინიძე,კობა ზედგინიძე,,TRUE,elected_politicians.pdf
local_2017,__main__,pr,patriots,"დავით თარხან-მოურავი, ირმა ინაშვილი - საქართველოს პატრიოტთა ალიანსი",8,,ასპინძის,,,გელა,ზედგინიძე,გელა ზედგინიძე,,TRUE,elected_politicians.pdf
local_2017,__main__,pr,gd,ქართული ოცნება - დემოკრატიული საქართველო,41,,ასპინძის,,,მამუკა,მელიქიძე,მამუკა მელიქიძე,,TRUE,elected_politicians.pdf
local_2017,__main__,pr,gd,ქართული ოცნება - დემოკრატიული საქართველო,41,,ასპინძის,,,ბესიკი,ბერიძე,ბესიკი ბერიძე,,TRUE,elected_politicians.pdf
local_2017,__main__,pr,gd,ქართული ოცნება - დემოკრატიული საქართველო,41,,ასპინძის,,,ანა,ტივაძე,ანა ტივაძე,,TRUE,elected_politicians.pdf
local_2017,__main__,pr,gd,ქართული ოცნება - დემოკრატიული საქართველო,41,,ასპინძის,,,ნუგზარ,ლონდარიძე,ნუგზარ ლონდარიძე,,TRUE,elected_politicians.pdf
local_2017,__main__,pr,gd,ქართული ოცნება - დემოკრატიული საქართველო,41,,ასპინძის,,,სოფიო,ბერიძე,სოფიო ბერიძე,,TRUE,elected_politicians.pdf
local_2017,__main__,pr,gd,ქართული ოცნება - დემოკრატიული საქართველო,41,,ასპინძის,,,კახაბერ,ტივაძე,კახაბერ ტივაძე,,TRUE,elected_politicians.pdf
local_2017,__main__,pr,gd,ქართული ოცნება - დემოკრატიული საქართველო,41,,ასპინძის,,,დარეჯან,ზღუდაძე,დარეჯან ზღუდაძე,,TRUE,elected_politicians.pdf
local_2017,__main__,pr,gd,ქართული ოცნება - დემოკრატიული საქართველო,41,,ასპინძის,,,გია,ჭელიშვილი,გია ჭელიშვილი,,TRUE,elected_politicians.pdf
local_2017,__main__,pr,gd,ქართული ოცნება - დემოკრატიული საქართველო,41,,ასპინძის,,,მალხაზ,გიორგაძე,მალხაზ გიორგაძე,,TRUE,elected_politicians.pdf
local_2017,__main__,pr,gd,ქართული ოცნება - დემოკრატიული საქართველო,41,,ასპინძის,,,რობერტ,ნახაპეტიან,რობერტ ნახაპეტიან,,TRUE,elected_politicians.pdf
local_2017,__main__,council_smd,gd,ქართული ოცნება - დემოკრატიული საქართველო,41,,ასპინძის,,,დავით,ფართლაძე,დავით ფართლაძე,,TRUE,elected_politicians.pdf
local_2017,__main__,council_smd,gd,ქართული ოცნება - დემოკრატიული საქართველო,41,,ასპინძის,,,ავთანდილ,ივანიძე,ავთანდილ ივანიძე,,TRUE,elected_politicians.pdf
local_2017,__main__,council_smd,gd,ქართული ოცნება - დემოკრატიული საქართველო,41,,ასპინძის,,,ემინ,ბალოიან,ემინ ბალოიან,,TRUE,elected_politicians.pdf
local_2017,__main__,council_smd,gd,ქართული ოცნება - დემოკრატიული საქართველო,41,,ასპინძის,,,ზვიად,ზარიძე,ზვიად ზარიძე,,TRUE,elected_politicians.pdf
local_2017,__main__,council_smd,gd,ქართული ოცნება - დემოკრატიული საქართველო,41,,ასპინძის,,,გაგა,სახელაშვილი,გაგა სახელაშვილი,,TRUE,elected_politicians.pdf
local_2017,__main__,council_smd,gd,ქართული ოცნება - დემოკრატიული საქართველო,41,,ასპინძის,,,ბადრი,მაღრაძე,ბადრი მაღრაძე,,TRUE,elected_politicians.pdf
local_2017,__main__,council_smd,gd,ქართული ოცნება - დემოკრატიული საქართველო,41,,ასპინძის,,,ბესიკ,მაგრაქველიძე,ბესიკ მაგრაქველიძე,,TRUE,elected_politicians.pdf
local_2017,__main__,council_smd,gd,ქართული ოცნება - დემოკრატიული საქართველო,41,,ასპინძის,,,პაატა,ნარიმანიძე,პაატა ნარიმანიძე,,TRUE,elected_politicians.pdf
local_2017,__main__,council_smd,gd,ქართული ოცნება - დემოკრატიული საქართველო,41,,ასპინძის,,,თამაზ,შავაძე,თამაზ შავაძე,,TRUE,elected_politicians.pdf
local_2017,__main__,council_smd,gd,ქართული ოცნება - დემოკრატიული საქართველო,41,,ასპინძის,,,ზურაბ,მელიქიძე,ზურაბ მელიქიძე,,TRUE,elected_politicians.pdf
local_2017,__main__,council_smd,gd,ქართული ოცნება - დემოკრატიული საქართველო,41,,ასპინძის,,,გიორგი,ჯვარიძე,გიორგი ჯვარიძე,,TRUE,elected_politicians.pdf
local_2017,__main__,council_smd,gd,ქართული ოცნება - დემოკრატიული საქართველო,41,,ასპინძის,,,გოჩა,ყრუაშვილი,გოჩა ყრუაშვილი,,TRUE,elected_politicians.pdf
local_2017,__main__,mayor,gd,ქართული ოცნება - დემოკრატიული საქართველო,41,,ასპინძის,,,როსტომ,მაგრაქველიძე,როსტომ მაგრაქველიძე,,TRUE,elected_politicians.pdf
local_2017,__main__,pr,european_georgia,"ბაქრაძე, უგულავა - ევროპული საქართველო",2,,ახალქალაქის,,,ჰარუთიუნ,ალექსანიან,ჰარუთიუნ ალექსანიან,,TRUE,elected_politicians.pdf
local_2017,__main__,pr,free_georgia,"დიმიტრი ლორთქიფანიძე, კახა კუკავა-დემოკრატიული მოძრაობა-თავისუფალი საქართველო",3,,ახალქალაქის,,,აშოტ,რაისიან,აშოტ რაისიან,,TRUE,elected_politicians.pdf
local_2017,__main__,pr,patriots,"დავით თარხან-მოურავი, ირმა ინაშვილი - საქართველოს პატრიოტთა ალიანსი",8,,ახალქალაქის,,,სამველ,პეტროსიან,სამველ პეტროსიან,,TRUE,elected_politicians.pdf
local_2017,__main__,pr,patriots,"დავით თარხან-მოურავი, ირმა ინაშვილი - საქართველოს პატრიოტთა ალიანსი",8,,ახალქალაქის,,,ზაქარ,ზაქარიან,ზაქარ ზაქარიან,,TRUE,elected_politicians.pdf
local_2017,__main__,pr,patriots,"დავით თარხან-მოურავი, ირმა ინაშვილი - საქართველოს პატრიოტთა ალიანსი",8,,ახალქალაქის,,,სიმონ,მანანიან,სიმონ მანანიან,,TRUE,elected_politicians.pdf
local_2017,__main__,pr,patriots,"დავით თარხან-მოურავი, ირმა ინაშვილი - საქართველოს პატრიოტთა ალიანსი",8,,ახალქალაქის,,,სარგის,უზუნიან,სარგის უზუნიან,,TRUE,elected_politicians.pdf
local_2017,__main__,pr,gd,ქართული ოცნება - დემოკრატიული საქართველო,41,,ახალქალაქის,,,ნაირი,ირიციან,ნაირი ირიციან,,TRUE,elected_politicians.pdf
local_2017,__main__,pr,gd,ქართული ოცნება - დემოკრატიული საქართველო,41,,ახალქალაქის,,,გაიოზ,ლომსაძე,გაიოზ ლომსაძე,,TRUE,elected_politicians.pdf
local_2017,__main__,pr,gd,ქართული ოცნება - დემოკრატიული საქართველო,41,,ახალქალაქის,,,არმინე,მინასიან,არმინე მინასიან,,TRUE,elected_politicians.pdf
local_2017,__main__,pr,gd,ქართული ოცნება - დემოკრატიული საქართველო,41,,ახალქალაქის,,,მელქონ,მაკარიან,მელქონ მაკარიან,,TRUE,elected_politicians.pdf
local_2017,__main__,pr,gd,ქართული ოცნება - დემოკრატიული საქართველო,41,,ახალქალაქის,,,ოთარ,ერანოსიან,ოთარ ერანოსიან,,TRUE,elected_politicians.pdf
local_2017,__main__,pr,gd,ქართული ოცნება - დემოკრატიული საქართველო,41,,ახალქალაქის,,,რობიზონ,ყავრელიშვილი,რობიზონ ყავრელიშვილი,,TRUE,elected_politicians.pdf
local_2017,__main__,pr,gd,ქართული ოცნება - დემოკრატიული საქართველო,41,,ახალქალაქის,,,სედა,მელკუმიან,სედა მელკუმიან,,TRUE,elected_politicians.pdf
local_2017,__main__,pr,gd,ქართული ოცნება - დემოკრატიული საქართველო,41,,ახალქალაქის,,,გრიგორ,წორმუტიან,გრიგორ წორმუტიან,,TRUE,elected_politicians.pdf
local_2017,__main__,pr,gd,ქართული ოცნება - დემოკრატიული საქართველო,41,,ახალქალაქის,,,ჰოვიკ,მურადიან,ჰოვიკ მურადიან,,TRUE,elected_politicians.pdf
local_2017,__main__,council_smd,gd,ქართული ოცნება - დემოკრატიული საქართველო,41,,ახალქალაქის,,,კარაპეტ,პალოიან,კარაპეტ პალოიან,,TRUE,elected_politicians.pdf
local_2017,__main__,council_smd,gd,ქართული ოცნება - დემოკრატიული საქართველო,41,,ახალქალაქის,,,ჰაკოპ,ჩახმახჩიან,ჰაკოპ ჩახმახჩიან,,TRUE,elected_politicians.pdf
local_2017,__main__,council_smd,gd,ქართული ოცნება - დემოკრატიული საქართველო,41,,ახალქალაქის,,,სიპან,შიპაკციან,სიპან შიპაკციან,,TRUE,elected_politicians.pdf
local_2017,__main__,council_smd,gd,ქართული ოცნება - დემოკრატიული საქართველო,41,,ახალქალაქის,,,ნაირი,მელტონიან,ნაირი მელტონიან,,TRUE,elected_politicians.pdf
local_2017,__main__,council_smd,gd,ქართული ოცნება - დემოკრატიული საქართველო,41,,ახალქალაქის,,,ალბერტ,მანუშიან,ალბერტ მანუშიან,,TRUE,elected_politicians.pdf
local_2017,__main__,council_smd,gd,ქართული ოცნება - დემოკრატიული საქართველო,41,,ახალქალაქის,,,ედგარ,ხეჩოიან,ედგარ ხეჩოიან,,TRUE,elected_politicians.pdf
local_2017,__main__,council_smd,gd,ქართული ოცნება - დემოკრატიული საქართველო,41,,ახალქალაქის,,,კობა,გოხაძე,კობა გოხაძე,,TRUE,elected_politicians.pdf
local_2017,__main__,council_smd,gd,ქართული ოცნება - დემოკრატიული საქართველო,41,,ახალქალაქის,,,არტურ,მკოიან,არტურ მკოიან,,TRUE,elected_politicians.pdf
local_2017,__main__,council_smd,gd,ქართული ოცნება - დემოკრატიული საქართველო,41,,ახალქალაქის,,,ანდრანიკ,მურადიან,ანდრანიკ მურადიან,,TRUE,elected_politicians.pdf
local_2017,__main__,council_smd,gd,ქართული ოცნება - დემოკრატიული საქართველო,41,,ახალქალაქის,,,ჰამლეტ,მოვსესიან,ჰამლეტ მოვსესიან,,TRUE,elected_politicians.pdf
local_2017,__main__,council_smd,patriots,"დავით თარხან-მოურავი, ირმა ინაშვილი - საქართველოს პატრიოტთა ალიანსი",8,,ახალქალაქის,,,გენადი,ელიზბარიან,გენადი ელიზბარიან,,TRUE,elected_politicians.pdf
local_2017,__main__,council_smd,gd,ქართული ოცნება - დემოკრატიული საქართველო,41,,ახალქალაქის,,,ვარდან,პაპოიან,ვარდან პაპოიან,,TRUE,elected_politicians.pdf
local_2017,__main__,council_smd,gd,ქართული ოცნება - დემოკრატიული საქართველო,41,,ახალქალაქის,,,ანზორ,ყავრელიშვილი,ანზორ ყავრელიშვილი,,TRUE,elected_politicians.pdf
local_2017,__main__,council_smd,gd,ქართული ოცნება - დემოკრატიული საქართველო,41,,ახალქალაქის,,,აშოტიკ,ეღუნიან,აშოტიკ ეღუნიან,,TRUE,elected_politicians.pdf
local_2017,__main__,council_smd,gd,ქართული ოცნება - დემოკრატიული საქართველო,41,,ახალქალაქის,,,აშოტ,საარიან,აშოტ საარიან,,TRUE,elected_politicians.pdf
local_2017,__main__,council_smd,gd,ქართული ოცნება - დემოკრატიული საქართველო,41,,ახალქალაქის,,,ბორის,ალელიშვილი,ბორის ალელიშვილი,,TRUE,elected_politicians.pdf
local_2017,__main__,council_smd,gd,ქართული ოცნება - დემოკრატიული საქართველო,41,,ახალქალაქის,,,სოსო,თეთვაძე,სოსო თეთვაძე,,TRUE,elected_politicians.pdf
local_2017,__main__,council_smd,gd,ქართული ოცნება - დემოკრატიული საქართველო,41,,ახალქალაქის,,,ვაგარშაკ,არაქელიან,ვაგარშაკ არაქელიან,,TRUE,elected_politicians.pdf
local_2017,__main__,council_smd,gd,ქართული ოცნება - დემოკრატიული საქართველო,41,,ახალქალაქის,,,ედუარდ,ელიაზიან,ედუარდ ელიაზიან,,TRUE,elected_politicians.pdf
local_2017,__main__,council_smd,gd,ქართული ოცნება - დემოკრატიული საქართველო,41,,ახალქალაქის,,,ზაური,პაქსაძე,ზაური პაქსაძე,,TRUE,elected_politicians.pdf
local_2017,__main__,council_smd,gd,ქართული ოცნება - დემოკრატიული საქართველო,41,,ახალქალაქის,,,გრაჩია,მოვსესიან,გრაჩია მოვსესიან,,TRUE,elected_politicians.pdf
local_2017,__main__,council_smd,gd,ქართული ოცნება - დემოკრატიული საქართველო,41,,ახალქალაქის,,,სარკის,მელიქიან,სარკის მელიქიან,,TRUE,elected_politicians.pdf
local_2017,__main__,council_smd,gd,ქართული ოცნება - დემოკრატიული საქართველო,41,,ახალქალაქის,,,ედიკ,ბერიკიან,ედიკ ბერიკიან,,TRUE,elected_politicians.pdf
local_2017,__main__,mayor,gd,ქართული ოცნება - დემოკრატიული საქართველო,41,,ახალქალაქის,,,იურიკ,უნანიან,იურიკ უნანიან,,TRUE,elected_politicians.pdf
local_2017,__main__,pr,european_georgia,"ბაქრაძე, უგულავა - ევროპული საქართველო",2,,ნინოწმინდის,,,არაიკ,ბდოიან,არაიკ ბდოიან,,TRUE,elected_politicians.pdf
local_2017,__main__,pr,patriots,"დავით თარხან-მოურავი, ირმა ინაშვილი - საქართველოს პატრიოტთა ალიანსი",8,,ნინოწმინდის,,,ვაღინაკ,ღაზარიან,ვაღინაკ ღაზარიან,,TRUE,elected_politicians.pdf
local_2017,__main__,pr,gd,ქართული ოცნება - დემოკრატიული საქართველო,41,,ნინოწმინდის,,,სუმბატ,კიურეღიან,სუმბატ კიურეღიან,,TRUE,elected_politicians.pdf
local_2017,__main__,pr,gd,ქართული ოცნება - დემოკრატიული საქართველო,41,,ნინოწმინდის,,,გიორგი,ზმოიან,გიორგი ზმოიან,,TRUE,elected_politicians.pdf
local_2017,__main__,pr,gd,ქართული ოცნება - დემოკრატიული საქართველო,41,,ნინოწმინდის,,,ნატო,ირემაძე,ნატო ირემაძე,,TRUE,elected_politicians.pdf
local_2017,__main__,pr,gd,ქართული ოცნება - დემოკრატიული საქართველო,41,,ნინოწმინდის,,,კონსტანტინ,ვარდანიან,კონსტანტინ ვარდანიან,,TRUE,elected_politicians.pdf
local_2017,__main__,pr,gd,ქართული ოცნება - დემოკრატიული საქართველო,41,,ნინოწმინდის,,,ვაან,აროიან,ვაან აროიან,,TRUE,elected_politicians.pdf
local_2017,__main__,pr,gd,ქართული ოცნება - დემოკრატიული საქართველო,41,,ნინოწმინდის,,,სამველ,ირიციან,სამველ ირიციან,,TRUE,elected_politicians.pdf
local_2017,__main__,pr,gd,ქართული ოცნება - დემოკრატიული საქართველო,41,,ნინოწმინდის,,,სედა,დარბინიან,სედა დარბინიან,,TRUE,elected_politicians.pdf
local_2017,__main__,pr,gd,ქართული ოცნება - დემოკრატიული საქართველო,41,,ნინოწმინდის,,,ანდრანიკ,ხაჩატრიან,ანდრანიკ ხაჩატრიან,,TRUE,elected_politicians.pdf
local_2017,__main__,pr,gd,ქართული ოცნება - დემოკრატიული საქართველო,41,,ნინოწმინდის,,,მანველ,აბგარიან,მანველ აბგარიან,,TRUE,elected_politicians.pdf
local_2017,__main__,pr,gd,ქართული ოცნება - დემოკრატიული საქართველო,41,,ნინოწმინდის,,,ჯონი,ბერიძე,ჯონი ბერიძე,,TRUE,elected_politicians.pdf
local_2017,__main__,pr,gd,ქართული ოცნება - დემოკრატიული საქართველო,41,,ნინოწმინდის,,,ვრეჟ,მურადიან,ვრეჟ მურადიან,,TRUE,elected_politicians.pdf
local_2017,__main__,pr,gd,ქართული ოცნება - დემოკრატიული საქართველო,41,,ნინოწმინდის,,,არუთიუნ,ოგანესიან,არუთიუნ ოგანესიან,,TRUE,elected_politicians.pdf
local_2017,__main__,pr,gd,ქართული ოცნება - დემოკრატიული საქართველო,41,,ნინოწმინდის,,,ანდრანიკ,მკრტჩიან,ანდრანიკ მკრტჩიან,,TRUE,elected_politicians.pdf
local_2017,__main__,council_smd,gd,ქართული ოცნება - დემოკრატიული საქართველო,41,,ნინოწმინდის,,,ვოსკან,ელოიან,ვოსკან ელოიან,,TRUE,elected_politicians.pdf
local_2017,__main__,council_smd,gd,ქართული ოცნება - დემოკრატიული საქართველო,41,,ნინოწმინდის,,,ვაგინაკ,არზუმანიან,ვაგინაკ არზუმანიან,,TRUE,elected_politicians.pdf
local_2017,__main__,council_smd,gd,ქართული ოცნება - დემოკრატიული საქართველო,41,,ნინოწმინდის,,,დავიდ,დურგარიან,დავიდ დურგარიან,,TRUE,elected_politicians.pdf
local_2017,__main__,council_smd,gd,ქართული ოცნება - დემოკრატიული საქართველო,41,,ნინოწმინდის,,,გრიგორი,შამილიან,გრიგორი შამილიან,,TRUE,elected_politicians.pdf
local_2017,__main__,council_smd,gd,ქართული ოცნება - დემოკრატიული საქართველო,41,,ნინოწმინდის,,,ასქანაზ,მარკოსიან,ასქანაზ მარკოსიან,,TRUE,elected_politicians.pdf
local_2017,__main__,council_smd,gd,ქართული ოცნება - დემოკრატიული საქართველო,41,,ნინოწმინდის,,,სერგეი,ადუმიან,სერგეი ადუმიან,,TRUE,elected_politicians.pdf
local_2017,__main__,council_smd,gd,ქართული ოცნება - დემოკრატიული საქართველო,41,,ნინოწმინდის,,,სამველ,დარბინიან,სამველ დარბინიან,,TRUE,elected_politicians.pdf
local_2017,__main__,council_smd,gd,ქართული ოცნება - დემოკრატიული საქართველო,41,,ნინოწმინდის,,,მკრტიჩ,ნანაიან,მკრტიჩ ნანაიან,,TRUE,elected_politicians.pdf
local_2017,__main__,council_smd,gd,ქართული ოცნება - დემოკრატიული საქართველო,41,,ნინოწმინდის,,,ვალერიკ,ბეზოიან,ვალერიკ ბეზოიან,,TRUE,elected_politicians.pdf
local_2017,__main__,council_smd,gd,ქართული ოცნება - დემოკრატიული საქართველო,41,,ნინოწმინდის,,,გეორგი,ჩაპანიან,გეორგი ჩაპანიან,,TRUE,elected_politicians.pdf
local_2017,__main__,council_smd,gd,ქართული ოცნება - დემოკრატიული საქართველო,41,,ნინოწმინდის,,,ანდრანიკ,კარაპეტიან,ანდრანიკ კარაპეტიან,,TRUE,elected_politicians.pdf
local_2017,__main__,mayor,gd,ქართული ოცნება - დემოკრატიული საქართველო,41,,ნინოწმინდის,,,ანივარდ,მოსოიან,ანივარდ მოსოიან,,TRUE,elected_politicians.pdf
local_2017,__main__,pr,european_georgia,"ბაქრაძე, უგულავა - ევროპული საქართველო",2,,ონის,,,ირმა,სტეფნაძე-იაშვილი,ირმა სტეფნაძე-იაშვილი,,TRUE,elected_politicians.pdf
local_2017,__main__,pr,unm,ერთიანი ნაციონალური მოძრაობა,5,,ონის,,,ნოდარი,ბურდილაძე,ნოდარი ბურდილაძე,,TRUE,elected_politicians.pdf
local_2017,__main__,pr,unm,ერთიანი ნაციონალური მოძრაობა,5,,ონის,,,ბექარი,მაისურაძე,ბექარი მაისურაძე,,TRUE,elected_politicians.pdf
local_2017,__main__,pr,patriots,"დავით თარხან-მოურავი, ირმა ინაშვილი - საქართველოს პატრიოტთა ალიანსი",8,,ონის,,,გელა,მეტრეველი,გელა მეტრეველი,,TRUE,elected_politicians.pdf
local_2017,__main__,pr,patriots,"დავით თარხან-მოურავი, ირმა ინაშვილი - საქართველოს პატრიოტთა ალიანსი",8,,ონის,,,აველ,ორდინიძე,აველ ორდინიძე,,TRUE,elected_politicians.pdf
local_2017,__main__,pr,construction_movement_2017,შენების მოძრაობა,20,,ონის,,,როზა,ჩალაძე,როზა ჩალაძე,,TRUE,elected_politicians.pdf
local_2017,__main__,pr,gd,ქართული ოცნება - დემოკრატიული საქართველო,41,,ონის,,,შუქურა,ჯაფარიძე,შუქურა ჯაფარიძე,,TRUE,elected_politicians.pdf
local_2017,__main__,pr,gd,ქართული ოცნება - დემოკრატიული საქართველო,41,,ონის,,,ვასილი,მეტრეველი,ვასილი მეტრეველი,,TRUE,elected_politicians.pdf
local_2017,__main__,pr,gd,ქართული ოცნება - დემოკრატიული საქართველო,41,,ონის,,,ბაჩანა,მარკოიშვილი,ბაჩანა მარკოიშვილი,,TRUE,elected_politicians.pdf
local_2017,__main__,pr,gd,ქართული ოცნება - დემოკრატიული საქართველო,41,,ონის,,,გოჩა,მეტრეველი,გოჩა მეტრეველი,,TRUE,elected_politicians.pdf
local_2017,__main__,pr,gd,ქართული ოცნება - დემოკრატიული საქართველო,41,,ონის,,,ანა,ბაქრაძე,ანა ბაქრაძე,,TRUE,elected_politicians.pdf
local_2017,__main__,pr,gd,ქართული ოცნება - დემოკრატიული საქართველო,41,,ონის,,,ვასილი,მაისურაძე,ვასილი მაისურაძე,,TRUE,elected_politicians.pdf
local_2017,__main__,pr,gd,ქართული ოცნება - დემოკრატიული საქართველო,41,,ონის,,,სონია,გუგეშაშვილი,სონია გუგეშაშვილი,,TRUE,elected_politicians.pdf
local_2017,__main__,pr,gd,ქართული ოცნება - დემოკრატიული საქართველო,41,,ონის,,,ჯონი,ბურდილაძე,ჯონი ბურდილაძე,,TRUE,elected_politicians.pdf
local_2017,__main__,pr,gd,ქართული ოცნება - დემოკრატიული საქართველო,41,,ონის,,,ლევან,შერაზადიშვილი,ლევან შერაზადიშვილი,,TRUE,elected_politicians.pdf
local_2017,__main__,council_smd,gd,ქართული ოცნება - დემოკრატიული საქართველო,41,,ონის,,,გივი,მეტრეველი,გივი მეტრეველი,,TRUE,elected_politicians.pdf
local_2017,__main__,council_smd,gd,ქართული ოცნება - დემოკრატიული საქართველო,41,,ონის,,,ვლადიმერ,ჩლაიძე,ვლადიმერ ჩლაიძე,,TRUE,elected_politicians.pdf
local_2017,__main__,council_smd,gd,ქართული ოცნება - დემოკრატიული საქართველო,41,,ონის,,,ვანო,ბაღაშვილი,ვანო ბაღაშვილი,,TRUE,elected_politicians.pdf
local_2017,__main__,council_smd,gd,ქართული ოცნება - დემოკრატიული საქართველო,41,,ონის,,,დავით,მეტრეველი,დავით მეტრეველი,,TRUE,elected_politicians.pdf
local_2017,__main__,council_smd,gd,ქართული ოცნება - დემოკრატიული საქართველო,41,,ონის,,,დიმიტრი,გოშაძე,დიმიტრი გოშაძე,,TRUE,elected_politicians.pdf
local_2017,__main__,council_smd,gd,ქართული ოცნება - დემოკრატიული საქართველო,41,,ონის,,,დავით,სხირტლაძე,დავით სხირტლაძე,,TRUE,elected_politicians.pdf
local_2017,__main__,council_smd,gd,ქართული ოცნება - დემოკრატიული საქართველო,41,,ონის,,,ღვთისავარი,ბაკურაძე,ღვთისავარი ბაკურაძე,,TRUE,elected_politicians.pdf
local_2017,__main__,council_smd,gd,ქართული ოცნება - დემოკრატიული საქართველო,41,,ონის,,,ვლადიმერი,ბერელიძე,ვლადიმერი ბერელიძე,,TRUE,elected_politicians.pdf
local_2017,__main__,council_smd,gd,ქართული ოცნება - დემოკრატიული საქართველო,41,,ონის,,,ჭაბუკა,კერვალიშვილი,ჭაბუკა კერვალიშვილი,,TRUE,elected_politicians.pdf
local_2017,__main__,council_smd,gd,ქართული ოცნება - დემოკრატიული საქართველო,41,,ონის,,,გიორგი,მეტრეველი,გიორგი მეტრეველი,,TRUE,elected_politicians.pdf
local_2017,__main__,council_smd,gd,ქართული ოცნება - დემოკრატიული საქართველო,41,,ონის,,,გიორგი,სულაძე,გიორგი სულაძე,,TRUE,elected_politicians.pdf
local_2017,__main__,council_smd,gd,ქართული ოცნება - დემოკრატიული საქართველო,41,,ონის,,,გიორგი,მარკოიშვილი,გიორგი მარკოიშვილი,,TRUE,elected_politicians.pdf
local_2017,__main__,council_smd,gd,ქართული ოცნება - დემოკრატიული საქართველო,41,,ონის,,,სერგო,ლობჯანიძე,სერგო ლობჯანიძე,,TRUE,elected_politicians.pdf
local_2017,__main__,council_smd,gd,ქართული ოცნება - დემოკრატიული საქართველო,41,,ონის,,,მამუკა,ყავლაშვილი,მამუკა ყავლაშვილი,,TRUE,elected_politicians.pdf
local_2017,__main__,council_smd,gd,ქართული ოცნება - დემოკრატიული საქართველო,41,,ონის,,,კესო,ჩარკვიანი,კესო ჩარკვიანი,,TRUE,elected_politicians.pdf
local_2017,__main__,council_smd,gd,ქართული ოცნება - დემოკრატიული საქართველო,41,,ონის,,,გიორგი,მაისურაძე,გიორგი მაისურაძე,,TRUE,elected_politicians.pdf
local_2017,__main__,council_smd,gd,ქართული ოცნება - დემოკრატიული საქართველო,41,,ონის,,,ბესიკი,მაისურაძე,ბესიკი მაისურაძე,,TRUE,elected_politicians.pdf
local_2017,__main__,council_smd,gd,ქართული ოცნება - დემოკრატიული საქართველო,41,,ონის,,,შორენა,რეხვიაშვილი,შორენა რეხვიაშვილი,,TRUE,elected_politicians.pdf
local_2017,__main__,mayor,gd,ქართული ოცნება - დემოკრატიული საქართველო,41,,ონის,,,ემზარ,საბანაძე,ემზარ საბანაძე,,TRUE,elected_politicians.pdf
local_2017,__main__,pr,european_georgia,"ბაქრაძე, უგულავა - ევროპული საქართველო",2,,ამბროლაურის,,,მაია,კაციტაძე,მაია კაციტაძე,,TRUE,elected_politicians.pdf
local_2017,__main__,pr,free_georgia,"დიმიტრი ლორთქიფანიძე, კახა კუკავა-დემოკრატიული მოძრაობა-თავისუფალი საქართველო",3,,ამბროლაურის,,,გორდა,სანიკიძე,გორდა სანიკიძე,,TRUE,elected_politicians.pdf
local_2017,__main__,pr,unm,ერთიანი ნაციონალური მოძრაობა,5,,ამბროლაურის,,,ბაქარ,გობეჯიშვილი,ბაქარ გობეჯიშვილი,,TRUE,elected_politicians.pdf
local_2017,__main__,pr,unm,ერთიანი ნაციონალური მოძრაობა,5,,ამბროლაურის,,,ამირან,ლომთაძე,ამირან ლომთაძე,,TRUE,elected_politicians.pdf
local_2017,__main__,pr,patriots,"დავით თარხან-მოურავი, ირმა ინაშვილი - საქართველოს პატრიოტთა ალიანსი",8,,ამბროლაურის,,,გივი,ქურციკიძე,გივი ქურციკიძე,,TRUE,elected_politicians.pdf
local_2017,__main__,pr,labour,შალვა ნათელაშვილი - საქართველოს ლეიბორისტული პარტია,10,,ამბროლაურის,,,იური,გიორგობიანი,იური გიორგობიანი,,TRUE,elected_politicians.pdf
local_2017,__main__,pr,gd,ქართული ოცნება - დემოკრატიული საქართველო,41,,ამბროლაურის,,,დავით,ვაჩაძე,დავით ვაჩაძე,,TRUE,elected_politicians.pdf
local_2017,__main__,pr,gd,ქართული ოცნება - დემოკრატიული საქართველო,41,,ამბროლაურის,,,ასლან,საგანელიძე,ასლან საგანელიძე,,TRUE,elected_politicians.pdf
local_2017,__main__,pr,gd,ქართული ოცნება - დემოკრატიული საქართველო,41,,ამბროლაურის,,,მარინე,ჯაფარიძე,მარინე ჯაფარიძე,,TRUE,elected_politicians.pdf
local_2017,__main__,pr,gd,ქართული ოცნება - დემოკრატიული საქართველო,41,,ამბროლაურის,,,ელგუჯა,გურგენიძე,ელგუჯა გურგენიძე,,TRUE,elected_politicians.pdf
local_2017,__main__,pr,gd,ქართული ოცნება - დემოკრატიული საქართველო,41,,ამბროლაურის,,,ელიზბარ,კობახიძე,ელიზბარ კობახიძე,,TRUE,elected_politicians.pdf
local_2017,__main__,pr,gd,ქართული ოცნება - დემოკრატიული საქართველო,41,,ამბროლაურის,,,მამუკა,მეტონიძე,მამუკა მეტონიძე,,TRUE,elected_politicians.pdf
local_2017,__main__,pr,gd,ქართული ოცნება - დემოკრატიული საქართველო,41,,ამბროლაურის,,,ბელა,აბაიშვილი,ბელა აბაიშვილი,,TRUE,elected_politicians.pdf
local_2017,__main__,pr,gd,ქართული ოცნება - დემოკრატიული საქართველო,41,,ამბროლაურის,,,როსტომ,კობახიძე,როსტომ კობახიძე,,TRUE,elected_politicians.pdf
local_2017,__main__,pr,gd,ქართული ოცნება - დემოკრატიული საქართველო,41,,ამბროლაურის,,,გიორგი,ლაიშვილი,გიორგი ლაიშვილი,,TRUE,elected_politicians.pdf
local_2017,__main__,council_smd,gd,ქართული ოცნება - დემოკრატიული საქართველო,41,,ამბროლაურის,,,ელევნორა,ბედენაშვილი,ელევნორა ბედენაშვილი,,TRUE,elected_politicians.pdf
local_2017,__main__,council_smd,gd,ქართული ოცნება - დემოკრატიული საქართველო,41,,ამბროლაურის,,,თენგიზ,ველიაშვილი,თენგიზ ველიაშვილი,,TRUE,elected_politicians.pdf
local_2017,__main__,council_smd,gd,ქართული ოცნება - დემოკრატიული საქართველო,41,,ამბროლაურის,,,დავით,გოგსაძე,დავით გოგსაძე,,TRUE,elected_politicians.pdf
local_2017,__main__,council_smd,gd,ქართული ოცნება - დემოკრატიული საქართველო,41,,ამბროლაურის,,,ამირან,მურუსიძე,ამირან მურუსიძე,,TRUE,elected_politicians.pdf
local_2017,__main__,council_smd,gd,ქართული ოცნება - დემოკრატიული საქართველო,41,,ამბროლაურის,,,დავით,ნასარიძე,დავით ნასარიძე,,TRUE,elected_politicians.pdf
local_2017,__main__,council_smd,gd,ქართული ოცნება - დემოკრატიული საქართველო,41,,ამბროლაურის,,,დავითი,ხუციშვილი,დავითი ხუციშვილი,,TRUE,elected_politicians.pdf
local_2017,__main__,council_smd,gd,ქართული ოცნება - დემოკრატიული საქართველო,41,,ამბროლაურის,,,ფიქრია,კობახიძე,ფიქრია კობახიძე,,TRUE,elected_politicians.pdf
local_2017,__main__,council_smd,gd,ქართული ოცნება - დემოკრატიული საქართველო,41,,ამბროლაურის,,,თემურ,ჯმუხაძე,თემურ ჯმუხაძე,,TRUE,elected_politicians.pdf
local_2017,__main__,council_smd,gd,ქართული ოცნება - დემოკრატიული საქართველო,41,,ამბროლაურის,,,ლელა,ჯოხაძე,ლელა ჯოხაძე,,TRUE,elected_politicians.pdf
local_2017,__main__,council_smd,gd,ქართული ოცნება - დემოკრატიული საქართველო,41,,ამბროლაურის,,,ზაალი,მეტრეველი,ზაალი მეტრეველი,,TRUE,elected_politicians.pdf
local_2017,__main__,council_smd,gd,ქართული ოცნება - დემოკრატიული საქართველო,41,,ამბროლაურის,,,რიჩარდ,კიკვიძე,რიჩარდ კიკვიძე,,TRUE,elected_politicians.pdf
local_2017,__main__,council_smd,gd,ქართული ოცნება - დემოკრატიული საქართველო,41,,ამბროლაურის,,,გიორგი,ქარსელაძე,გიორგი ქარსელაძე,,TRUE,elected_politicians.pdf
local_2017,__main__,council_smd,gd,ქართული ოცნება - დემოკრატიული საქართველო,41,,ამბროლაურის,,,დავით,მაისაშვილი,დავით მაისაშვილი,,TRUE,elected_politicians.pdf
local_2017,__main__,council_smd,gd,ქართული ოცნება - დემოკრატიული საქართველო,41,,ამბროლაურის,,,გრიგოლ,მომცელიძე,გრიგოლ მომცელიძე,,TRUE,elected_politicians.pdf
local_2017,__main__,council_smd,gd,ქართული ოცნება - დემოკრატიული საქართველო,41,,ამბროლაურის,,,გიორგი,ფრუიძე,გიორგი ფრუიძე,,TRUE,elected_politicians.pdf
local_2017,__main__,council_smd,gd,ქართული ოცნება - დემოკრატიული საქართველო,41,,ამბროლაურის,,,ბორის,ფრუიძე,ბორის ფრუიძე,,TRUE,elected_politicians.pdf
local_2017,__main__,council_smd,gd,ქართული ოცნება - დემოკრატიული საქართველო,41,,ამბროლაურის,,,ლევანი,მეტონიძე,ლევანი მეტონიძე,,TRUE,elected_politicians.pdf
local_2017,__main__,council_smd,gd,ქართული ოცნება - დემოკრატიული საქართველო,41,,ამბროლაურის,,,ლია,გოგოლაძე,ლია გოგოლაძე,,TRUE,elected_politicians.pdf
local_2017,__main__,council_smd,gd,ქართული ოცნება - დემოკრატიული საქართველო,41,,ამბროლაურის,,,ლაშა,ჭიჭინაძე,ლაშა ჭიჭინაძე,,TRUE,elected_politicians.pdf
local_2017,__main__,mayor,gd,ქართული ოცნება - დემოკრატიული საქართველო,41,,ამბროლაურის,,,ზვიადი,მხეიძე,ზვიადი მხეიძე,,TRUE,elected_politicians.pdf
local_2017,__main__,pr,european_georgia,"ბაქრაძე, უგულავა - ევროპული საქართველო",2,,ცაგერის,,,გოჩა,გურგუჩიანი,გოჩა გურგუჩიანი,,TRUE,elected_politicians.pdf
local_2017,__main__,pr,european_georgia,"ბაქრაძე, უგულავა - ევროპული საქართველო",2,,ცაგერის,,,მირანდა,საღინაძე,მირანდა საღინაძე,,TRUE,elected_politicians.pdf
local_2017,__main__,pr,european_georgia,"ბაქრაძე, უგულავა - ევროპული საქართველო",2,,ცაგერის,,,ალექსი,მახარობლიძე,ალექსი მახარობლიძე,,TRUE,elected_politicians.pdf
local_2017,__main__,pr,free_georgia,"დიმიტრი ლორთქიფანიძე, კახა კუკავა-დემოკრატიული მოძრაობა-თავისუფალი საქართველო",3,,ცაგერის,,,ლაშა,ლეთოდიანი,ლაშა ლეთოდიანი,,TRUE,elected_politicians.pdf
local_2017,__main__,pr,unm,ერთიანი ნაციონალური მოძრაობა,5,,ცაგერის,,,ნინო,ტვილდიანი,ნინო ტვილდიანი,,TRUE,elected_politicians.pdf
local_2017,__main__,pr,patriots,"დავით თარხან-მოურავი, ირმა ინაშვილი - საქართველოს პატრიოტთა ალიანსი",8,,ცაგერის,,,თენგიზი,კოპალიანი,თენგიზი კოპალიანი,,TRUE,elected_politicians.pdf
local_2017,__main__,pr,labour,შალვა ნათელაშვილი - საქართველოს ლეიბორისტული პარტია,10,,ცაგერის,,,ამირანი,მახარობლიძე,ამირანი მახარობლიძე,,TRUE,elected_politicians.pdf
local_2017,__main__,pr,gd,ქართული ოცნება - დემოკრატიული საქართველო,41,,ცაგერის,,,იმედა,მეშველიანი,იმედა მეშველიანი,,TRUE,elected_politicians.pdf
local_2017,__main__,pr,gd,ქართული ოცნება - დემოკრატიული საქართველო,41,,ცაგერის,,,კარლო,მუშკუდიანი,კარლო მუშკუდიანი,,TRUE,elected_politicians.pdf
local_2017,__main__,pr,gd,ქართული ოცნება - დემოკრატიული საქართველო,41,,ცაგერის,,,მარიკა,კოპალიანი,მარიკა კოპალიანი,,TRUE,elected_politicians.pdf
local_2017,__main__,pr,gd,ქართული ოცნება - დემოკრატიული საქართველო,41,,ცაგერის,,,რეზო,ხეცურიანი,რეზო ხეცურიანი,,TRUE,elected_politicians.pdf
local_2017,__main__,pr,gd,ქართული ოცნება - დემოკრატიული საქართველო,41,,ცაგერის,,,დავით,მუშკუდიანი,დავით მუშკუდიანი,,TRUE,elected_politicians.pdf
local_2017,__main__,pr,gd,ქართული ოცნება - დემოკრატიული საქართველო,41,,ცაგერის,,,ალუდა,თუთისანი,ალუდა თუთისანი,,TRUE,elected_politicians.pdf
local_2017,__main__,pr,gd,ქართული ოცნება - დემოკრატიული საქართველო,41,,ცაგერის,,,ლანა,საღინაძე,ლანა საღინაძე,,TRUE,elected_politicians.pdf
local_2017,__main__,pr,gd,ქართული ოცნება - დემოკრატიული საქართველო,41,,ცაგერის,,,გორდა,გვიშიანი,გორდა გვიშიანი,,TRUE,elected_politicians.pdf
local_2017,__main__,council_smd,gd,ქართული ოცნება - დემოკრატიული საქართველო,41,,ცაგერის,,,ზაზა,ყურაშვილი,ზაზა ყურაშვილი,,TRUE,elected_politicians.pdf
local_2017,__main__,council_smd,gd,ქართული ოცნება - დემოკრატიული საქართველო,41,,ცაგერის,,,მაიზერი,ახვლედიანი,მაიზერი ახვლედიანი,,TRUE,elected_politicians.pdf
local_2017,__main__,council_smd,gd,ქართული ოცნება - დემოკრატიული საქართველო,41,,ცაგერის,,,გოდერძი,ახვლედიანი,გოდერძი ახვლედიანი,,TRUE,elected_politicians.pdf
local_2017,__main__,council_smd,gd,ქართული ოცნება - დემოკრატიული საქართველო,41,,ცაგერის,,,შოთა,ომანაძე,შოთა ომანაძე,,TRUE,elected_politicians.pdf
local_2017,__main__,council_smd,gd,ქართული ოცნება - დემოკრატიული საქართველო,41,,ცაგერის,,,მამუკა,ჩაჩხიანი,მამუკა ჩაჩხიანი,,TRUE,elected_politicians.pdf
local_2017,__main__,council_smd,gd,ქართული ოცნება - დემოკრატიული საქართველო,41,,ცაგერის,,,თამაზ,ჭაბუკიანი,თამაზ ჭაბუკიანი,,TRUE,elected_politicians.pdf
local_2017,__main__,council_smd,gd,ქართული ოცნება - დემოკრატიული საქართველო,41,,ცაგერის,,,გოჩა,საღინაძე,გოჩა საღინაძე,,TRUE,elected_politicians.pdf
local_2017,__main__,council_smd,gd,ქართული ოცნება - დემოკრატიული საქართველო,41,,ცაგერის,,,ფატმანი,სვანიძე,ფატმანი სვანიძე,,TRUE,elected_politicians.pdf
local_2017,__main__,council_smd,gd,ქართული ოცნება - დემოკრატიული საქართველო,41,,ცაგერის,,,გივი,გოგებაშვილი,გივი გოგებაშვილი,,TRUE,elected_politicians.pdf
local_2017,__main__,council_smd,gd,ქართული ოცნება - დემოკრატიული საქართველო,41,,ცაგერის,,,ვალოდია,ყურაშვილი,ვალოდია ყურაშვილი,,TRUE,elected_politicians.pdf
local_2017,__main__,council_smd,gd,ქართული ოცნება - დემოკრატიული საქართველო,41,,ცაგერის,,,თინათინი,ნემსწვერიძე,თინათინი ნემსწვერიძე,,TRUE,elected_politicians.pdf
local_2017,__main__,council_smd,gd,ქართული ოცნება - დემოკრატიული საქართველო,41,,ცაგერის,,,კუკური,ხეცურიანი,კუკური ხეცურიანი,,TRUE,elected_politicians.pdf
local_2017,__main__,council_smd,gd,ქართული ოცნება - დემოკრატიული საქართველო,41,,ცაგერის,,,დავით,ჩიქოვანი,დავით ჩიქოვანი,,TRUE,elected_politicians.pdf
local_2017,__main__,council_smd,gd,ქართული ოცნება - დემოკრატიული საქართველო,41,,ცაგერის,,,მანონი,ახვლედიანი,მანონი ახვლედიანი,,TRUE,elected_politicians.pdf
local_2017,__main__,council_smd,gd,ქართული ოცნება - დემოკრატიული საქართველო,41,,ცაგერის,,,მამუკა,ხაბულიანი,მამუკა ხაბულიანი,,TRUE,elected_politicians.pdf
local_2017,__main__,council_smd,gd,ქართული ოცნება - დემოკრატიული საქართველო,41,,ცაგერის,,,გრიგოლ,კვირიკაშვილი,გრიგოლ კვირიკაშვილი,,TRUE,elected_politicians.pdf
local_2017,__main__,mayor,gd,ქართული ოცნება - დემოკრატიული საქართველო,41,,ცაგერის,,,ავთანდილი,უგრეხელიძე,ავთანდილი უგრეხელიძე,,TRUE,elected_politicians.pdf
local_2017,__main__,pr,european_georgia,"ბაქრაძე, უგულავა - ევროპული საქართველო",2,,ლენტეხის,,,მირიან,ლიპარტელიანი,მირიან ლიპარტელიანი,,TRUE,elected_politicians.pdf
local_2017,__main__,pr,free_georgia,"დიმიტრი ლორთქიფანიძე, კახა კუკავა-დემოკრატიული მოძრაობა-თავისუფალი საქართველო",3,,ლენტეხის,,,გრიგოლი,ლიპარტელიანი,გრიგოლი ლიპარტელიანი,,TRUE,elected_politicians.pdf
local_2017,__main__,pr,unm,ერთიანი ნაციონალური მოძრაობა,5,,ლენტეხის,,,რომან,მუკბანიანი,რომან მუკბანიანი,,TRUE,elected_politicians.pdf
local_2017,__main__,pr,unm,ერთიანი ნაციონალური მოძრაობა,5,,ლენტეხის,,,დათო,ლიპარტელიანი,დათო ლიპარტელიანი,,TRUE,elected_politicians.pdf
local_2017,__main__,pr,patriots,"დავით თარხან-მოურავი, ირმა ინაშვილი - საქართველოს პატრიოტთა ალიანსი",8,,ლენტეხის,,,ზურაბი,ზურაბიანი,ზურაბი ზურაბიანი,,TRUE,elected_politicians.pdf
local_2017,__main__,pr,patriots,"დავით თარხან-მოურავი, ირმა ინაშვილი - საქართველოს პატრიოტთა ალიანსი",8,,ლენტეხის,,,მურმან,ტვილდიანი,მურმან ტვილდიანი,,TRUE,elected_politicians.pdf
local_2017,__main__,pr,gd,ქართული ოცნება - დემოკრატიული საქართველო,41,,ლენტეხის,,,გიორგი,გაზდელიანი,გიორგი გაზდელიანი,,TRUE,elected_politicians.pdf
local_2017,__main__,pr,gd,ქართული ოცნება - დემოკრატიული საქართველო,41,,ლენტეხის,,,მარეხ,ონიანი,მარეხ ონიანი,,TRUE,elected_politicians.pdf
local_2017,__main__,pr,gd,ქართული ოცნება - დემოკრატიული საქართველო,41,,ლენტეხის,,,ირინე,ლიპარტელიანი,ირინე ლიპარტელიანი,,TRUE,elected_politicians.pdf
local_2017,__main__,pr,gd,ქართული ოცნება - დემოკრატიული საქართველო,41,,ლენტეხის,,,დავით,ლიპარტელიანი,დავით ლიპარტელიანი,,TRUE,elected_politicians.pdf
local_2017,__main__,pr,gd,ქართული ოცნება - დემოკრატიული საქართველო,41,,ლენტეხის,,,ირაკლი,ქურასბედიანი,ირაკლი ქურასბედიანი,,TRUE,elected_politicians.pdf
local_2017,__main__,pr,gd,ქართული ოცნება - დემოკრატიული საქართველო,41,,ლენტეხის,,,ამირანი,ლიპარტელიანი,ამირანი ლიპარტელიანი,,TRUE,elected_politicians.pdf
local_2017,__main__,pr,gd,ქართული ოცნება - დემოკრატიული საქართველო,41,,ლენტეხის,,,ლამზირა,გუგავა,ლამზირა გუგავა,,TRUE,elected_politicians.pdf
local_2017,__main__,pr,gd,ქართული ოცნება - დემოკრატიული საქართველო,41,,ლენტეხის,,,ამირან,ქურასბედიანი,ამირან ქურასბედიანი,,TRUE,elected_politicians.pdf
local_2017,__main__,pr,gd,ქართული ოცნება - დემოკრატიული საქართველო,41,,ლენტეხის,,,ვახტანგი,ჯანხოთელი,ვახტანგი ჯანხოთელი,,TRUE,elected_politicians.pdf
local_2017,__main__,council_smd,gd,ქართული ოცნება - დემოკრატიული საქართველო,41,,ლენტეხის,,,დავითი,პირველი,დავითი პირველი,,TRUE,elected_politicians.pdf
local_2017,__main__,council_smd,independent,დამოუკიდებელი,,,ლენტეხის,,,ზურაბი,ონიანი,ზურაბი ონიანი,,TRUE,elected_politicians.pdf
local_2017,__main__,council_smd,gd,ქართული ოცნება - დემოკრატიული საქართველო,41,,ლენტეხის,,,დალი,ტვილდიანი,დალი ტვილდიანი,,TRUE,elected_politicians.pdf
local_2017,__main__,council_smd,gd,ქართული ოცნება - დემოკრატიული საქართველო,41,,ლენტეხის,,,სოსო,ავალიანი,სოსო ავალიანი,,TRUE,elected_politicians.pdf
local_2017,__main__,council_smd,gd,ქართული ოცნება - დემოკრატიული საქართველო,41,,ლენტეხის,,,მამუკა,მუკბანიანი,მამუკა მუკბანიანი,,TRUE,elected_politicians.pdf
local_2017,__main__,council_smd,gd,ქართული ოცნება - დემოკრატიული საქართველო,41,,ლენტეხის,,,თორნიკე,ნიჟარაძე,თორნიკე ნიჟარაძე,,TRUE,elected_politicians.pdf
local_2017,__main__,council_smd,gd,ქართული ოცნება - დემოკრატიული საქართველო,41,,ლენტეხის,,,მურადი,ჩანქსელიანი,მურადი ჩანქსელიანი,,TRUE,elected_politicians.pdf
local_2017,__main__,council_smd,gd,ქართული ოცნება - დემოკრატიული საქართველო,41,,ლენტეხის,,,სოსო,ქურასბედიანი,სოსო ქურასბედიანი,,TRUE,elected_politicians.pdf
local_2017,__main__,mayor,gd,ქართული ოცნება - დემოკრატიული საქართველო,41,,ლენტეხის,,,ბადრი,ლიპარტელიანი,ბადრი ლიპარტელიანი,,TRUE,elected_politicians.pdf
local_2017,__main__,pr,european_georgia,"ბაქრაძე, უგულავა - ევროპული საქართველო",2,,მესტიის,,,ილია,ჯაფარიძე,ილია ჯაფარიძე,,TRUE,elected_politicians.pdf
local_2017,__main__,pr,european_georgia,"ბაქრაძე, უგულავა - ევროპული საქართველო",2,,მესტიის,,,იური,რატიანი,იური რატიანი,,TRUE,elected_politicians.pdf
local_2017,__main__,pr,unm,ერთიანი ნაციონალური მოძრაობა,5,,მესტიის,,,ლომარ,ნიგურიანი,ლომარ ნიგურიანი,,TRUE,elected_politicians.pdf
local_2017,__main__,pr,patriots,"დავით თარხან-მოურავი, ირმა ინაშვილი - საქართველოს პატრიოტთა ალიანსი",8,,მესტიის,,,ზაზა,დევდარიანი,ზაზა დევდარიანი,,TRUE,elected_politicians.pdf
local_2017,__main__,pr,patriots,"დავით თარხან-მოურავი, ირმა ინაშვილი - საქართველოს პატრიოტთა ალიანსი",8,,მესტიის,,,თემურ,ფალიანი,თემურ ფალიანი,,TRUE,elected_politicians.pdf
local_2017,__main__,pr,gd,ქართული ოცნება - დემოკრატიული საქართველო,41,,მესტიის,,,ზაურ,ჩართოლანი,ზაურ ჩართოლანი,,TRUE,elected_politicians.pdf
local_2017,__main__,pr,gd,ქართული ოცნება - დემოკრატიული საქართველო,41,,მესტიის,,,მაია,ხორგუანი,მაია ხორგუანი,,TRUE,elected_politicians.pdf
local_2017,__main__,pr,gd,ქართული ოცნება - დემოკრატიული საქართველო,41,,მესტიის,,,ვახტანგ,ნაკანი,ვახტანგ ნაკანი,,TRUE,elected_politicians.pdf
local_2017,__main__,pr,gd,ქართული ოცნება - დემოკრატიული საქართველო,41,,მესტიის,,,გიორგი,გულბანი,გიორგი გულბანი,,TRUE,elected_politicians.pdf
local_2017,__main__,pr,gd,ქართული ოცნება - დემოკრატიული საქართველო,41,,მესტიის,,,იგორი,რატიანი,იგორი რატიანი,,TRUE,elected_politicians.pdf
local_2017,__main__,pr,gd,ქართული ოცნება - დემოკრატიული საქართველო,41,,მესტიის,,,ზურაბ,ჯაფარიძე,ზურაბ ჯაფარიძე,,TRUE,elected_politicians.pdf
local_2017,__main__,pr,gd,ქართული ოცნება - დემოკრატიული საქართველო,41,,მესტიის,,,ლაშა,ფალიანი,ლაშა ფალიანი,,TRUE,elected_politicians.pdf
local_2017,__main__,pr,gd,ქართული ოცნება - დემოკრატიული საქართველო,41,,მესტიის,,,შორენა,ცინდელიანი,შორენა ცინდელიანი,,TRUE,elected_politicians.pdf
local_2017,__main__,pr,gd,ქართული ოცნება - დემოკრატიული საქართველო,41,,მესტიის,,,მერაბ,სუბელიანი,მერაბ სუბელიანი,,TRUE,elected_politicians.pdf
local_2017,__main__,pr,gd,ქართული ოცნება - დემოკრატიული საქართველო,41,,მესტიის,,,დავით,ნავერიანი,დავით ნავერიანი,,TRUE,elected_politicians.pdf
local_2017,__main__,council_smd,gd,ქართული ოცნება - დემოკრატიული საქართველო,41,,მესტიის,,,მაიზერ,ჯაფარიძე,მაიზერ ჯაფარიძე,,TRUE,elected_politicians.pdf
local_2017,__main__,council_smd,independent,დამოუკიდებელი,,,მესტიის,,,ლერი,კვიციანი,ლერი კვიციანი,,TRUE,elected_politicians.pdf
local_2017,__main__,council_smd,gd,ქართული ოცნება - დემოკრატიული საქართველო,41,,მესტიის,,,ვახტანგი,აფრასიძე,ვახტანგი აფრასიძე,,TRUE,elected_politicians.pdf
local_2017,__main__,council_smd,gd,ქართული ოცნება - დემოკრატიული საქართველო,41,,მესტიის,,,ლაშა,პირველი,ლაშა პირველი,,TRUE,elected_politicians.pdf
local_2017,__main__,council_smd,gd,ქართული ოცნება - დემოკრატიული საქართველო,41,,მესტიის,,,მირზა,დადვანი,მირზა დადვანი,,TRUE,elected_politicians.pdf
local_2017,__main__,council_smd,gd,ქართული ოცნება - დემოკრატიული საქართველო,41,,მესტიის,,,ირაკლი,გირგვლიანი,ირაკლი გირგვლიანი,,TRUE,elected_politicians.pdf
local_2017,__main__,council_smd,gd,ქართული ოცნება - დემოკრატიული საქართველო,41,,მესტიის,,,ვალოდია,ჭკადუა,ვალოდია ჭკადუა,,TRUE,elected_politicians.pdf
local_2017,__main__,council_smd,independent,დამოუკიდებელი,,,მესტიის,,,ჯიმშერ,ფილფანი,ჯიმშერ ფილფანი,,TRUE,elected_politicians.pdf
local_2017,__main__,council_smd,gd,ქართული ოცნება - დემოკრატიული საქართველო,41,,მესტიის,,,კახა,გუჯეჯიანი,კახა გუჯეჯიანი,,TRUE,elected_politicians.pdf
local_2017,__main__,council_smd,gd,ქართული ოცნება - დემოკრატიული საქართველო,41,,მესტიის,,,როდამ,გვარმიანი,როდამ გვარმიანი,,TRUE,elected_politicians.pdf
local_2017,__main__,council_smd,patriots,"დავით თარხან-მოურავი, ირმა ინაშვილი - საქართველოს პატრიოტთა ალიანსი",8,,მესტიის,,,ანზორ,რატიანი,ანზორ რატიანი,,TRUE,elected_politicians.pdf
local_2017,__main__,council_smd,gd,ქართული ოცნება - დემოკრატიული საქართველო,41,,მესტიის,,,თენგიზ,დადეშქელიანი,თენგიზ დადეშქელიანი,,TRUE,elected_politicians.pdf
local_2017,__main__,council_smd,gd,ქართული ოცნება - დემოკრატიული საქართველო,41,,მესტიის,,,ლექსო,ქალდანი,ლექსო ქალდანი,,TRUE,elected_politicians.pdf
local_2017,__main__,council_smd,gd,ქართული ოცნება - დემოკრატიული საქართველო,41,,მესტიის,,,სიმონ,ფირცხელიანი,სიმონ ფირცხელიანი,,TRUE,elected_politicians.pdf
local_2017,__main__,council_smd,gd,ქართული ოცნება - დემოკრატიული საქართველო,41,,მესტიის,,,ზაზა,ვიბლიანი,ზაზა ვიბლიანი,,TRUE,elected_politicians.pdf
local_2017,__main__,council_smd,gd,ქართული ოცნება - დემოკრატიული საქართველო,41,,მესტიის,,,გიორგი,გელოვანი,გიორგი გელოვანი,,TRUE,elected_politicians.pdf
local_2017,__main__,mayor,gd,ქართული ოცნება - დემოკრატიული საქართველო,41,,მესტიის,,,კაპიტონ,ჟორჟოლიანი,კაპიტონ ჟორჟოლიანი,,TRUE,elected_politicians.pdf
local_2017,__main__,pr,european_georgia,"ბაქრაძე, უგულავა - ევროპული საქართველო",2,,ხარაგაულის,,,აკაკი,მაჭავარიანი,აკაკი მაჭავარიანი,,TRUE,elected_politicians.pdf
local_2017,__main__,pr,european_georgia,"ბაქრაძე, უგულავა - ევროპული საქართველო",2,,ხარაგაულის,,,დავით,მაღლაფერიძე,დავით მაღლაფერიძე,,TRUE,elected_politicians.pdf
local_2017,__main__,pr,unm,ერთიანი ნაციონალური მოძრაობა,5,,ხარაგაულის,,,ქეთევან,ზუმბაძე,ქეთევან ზუმბაძე,,TRUE,elected_politicians.pdf
local_2017,__main__,pr,unm,ერთიანი ნაციონალური მოძრაობა,5,,ხარაგაულის,,,თორნიკე,ავალიშვილი,თორნიკე ავალიშვილი,,TRUE,elected_politicians.pdf
local_2017,__main__,pr,patriots,"დავით თარხან-მოურავი, ირმა ინაშვილი - საქართველოს პატრიოტთა ალიანსი",8,,ხარაგაულის,,,თეიმურაზ,ფცქიალაძე,თეიმურაზ ფცქიალაძე,,TRUE,elected_politicians.pdf
local_2017,__main__,pr,construction_movement_2017,შენების მოძრაობა,20,,ხარაგაულის,,,ინგა,მაღრაძე,ინგა მაღრაძე,,TRUE,elected_politicians.pdf
local_2017,__main__,pr,gd,ქართული ოცნება - დემოკრატიული საქართველო,41,,ხარაგაულის,,,მანანა,ბარბაქაძე,მანანა ბარბაქაძე,,TRUE,elected_politicians.pdf
local_2017,__main__,pr,gd,ქართული ოცნება - დემოკრატიული საქართველო,41,,ხარაგაულის,,,გივი,თხელიძე,გივი თხელიძე,,TRUE,elected_politicians.pdf
local_2017,__main__,pr,gd,ქართული ოცნება - დემოკრატიული საქართველო,41,,ხარაგაულის,,,ოთარ,ლურსმანაშვილი,ოთარ ლურსმანაშვილი,,TRUE,elected_politicians.pdf
local_2017,__main__,pr,gd,ქართული ოცნება - დემოკრატიული საქართველო,41,,ხარაგაულის,,,გივი,თავზარაშვილი,გივი თავზარაშვილი,,TRUE,elected_politicians.pdf
local_2017,__main__,pr,gd,ქართული ოცნება - დემოკრატიული საქართველო,41,,ხარაგაულის,,,მარინე,ხვედელიძე,მარინე ხვედელიძე,,TRUE,elected_politicians.pdf
local_2017,__main__,pr,gd,ქართული ოცნება - დემოკრატიული საქართველო,41,,ხარაგაულის,,,იუზა,კელენჯერიძე,იუზა კელენჯერიძე,,TRUE,elected_politicians.pdf
local_2017,__main__,pr,gd,ქართული ოცნება - დემოკრატიული საქართველო,41,,ხარაგაულის,,,ეკატერინე,შველიძე,ეკატერინე შველიძე,,TRUE,elected_politicians.pdf
local_2017,__main__,pr,gd,ქართული ოცნება - დემოკრატიული საქართველო,41,,ხარაგაულის,,,შალვა,ლურსმანაშვილი,შალვა ლურსმანაშვილი,,TRUE,elected_politicians.pdf
local_2017,__main__,pr,gd,ქართული ოცნება - დემოკრატიული საქართველო,41,,ხარაგაულის,,,ჯამბულ,გამცემლიძე,ჯამბულ გამცემლიძე,,TRUE,elected_politicians.pdf
local_2017,__main__,council_smd,gd,ქართული ოცნება - დემოკრატიული საქართველო,41,,ხარაგაულის,,,პაატა,გოგოლაძე,პაატა გოგოლაძე,,TRUE,elected_politicians.pdf
local_2017,__main__,council_smd,gd,ქართული ოცნება - დემოკრატიული საქართველო,41,,ხარაგაულის,,,ვარლამ,ჭიპაშვილი,ვარლამ ჭიპაშვილი,,TRUE,elected_politicians.pdf
local_2017,__main__,council_smd,gd,ქართული ოცნება - დემოკრატიული საქართველო,41,,ხარაგაულის,,,იამზე,პაქსაშვილი,იამზე პაქსაშვილი,,TRUE,elected_politicians.pdf
local_2017,__main__,council_smd,gd,ქართული ოცნება - დემოკრატიული საქართველო,41,,ხარაგაულის,,,გივი,ხიჯაკაძე,გივი ხიჯაკაძე,,TRUE,elected_politicians.pdf
local_2017,__main__,council_smd,gd,ქართული ოცნება - დემოკრატიული საქართველო,41,,ხარაგაულის,,,ირაკლი,ფერაძე,ირაკლი ფერაძე,,TRUE,elected_politicians.pdf
local_2017,__main__,council_smd,gd,ქართული ოცნება - დემოკრატიული საქართველო,41,,ხარაგაულის,,,ვლადიმერ,ტალახაძე,ვლადიმერ ტალახაძე,,TRUE,elected_politicians.pdf
local_2017,__main__,council_smd,gd,ქართული ოცნება - დემოკრატიული საქართველო,41,,ხარაგაულის,,,აკაკი,ლურსმანაშვილი,აკაკი ლურსმანაშვილი,,TRUE,elected_politicians.pdf
local_2017,__main__,council_smd,gd,ქართული ოცნება - დემოკრატიული საქართველო,41,,ხარაგაულის,,,პავლე,კიკალიშვილი,პავლე კიკალიშვილი,,TRUE,elected_politicians.pdf
local_2017,__main__,council_smd,gd,ქართული ოცნება - დემოკრატიული საქართველო,41,,ხარაგაულის,,,ნიკოლოზ,მაღრაძე,ნიკოლოზ მაღრაძე,,TRUE,elected_politicians.pdf
local_2017,__main__,council_smd,gd,ქართული ოცნება - დემოკრატიული საქართველო,41,,ხარაგაულის,,,ვახტანგი,ტალახაძე,ვახტანგი ტალახაძე,,TRUE,elected_politicians.pdf
local_2017,__main__,council_smd,gd,ქართული ოცნება - დემოკრატიული საქართველო,41,,ხარაგაულის,,,დოდო,ხაჩიძე,დოდო ხაჩიძე,,TRUE,elected_politicians.pdf
local_2017,__main__,council_smd,gd,ქართული ოცნება - დემოკრატიული საქართველო,41,,ხარაგაულის,,,რუსუდან,გიორგაძე,რუსუდან გიორგაძე,,TRUE,elected_politicians.pdf
local_2017,__main__,council_smd,gd,ქართული ოცნება - დემოკრატიული საქართველო,41,,ხარაგაულის,,,დავით,კიკნაძე,დავით კიკნაძე,,TRUE,elected_politicians.pdf
local_2017,__main__,council_smd,construction_movement_2017,შენების მოძრაობა,20,,ხარაგაულის,,,მიხეილ,ჭიპაშვილი,მიხეილ ჭიპაშვილი,,TRUE,elected_politicians.pdf
local_2017,__main__,council_smd,gd,ქართული ოცნება - დემოკრატიული საქართველო,41,,ხარაგაულის,,,იულონ,კოპაძე,იულონ კოპაძე,,TRUE,elected_politicians.pdf
local_2017,__main__,council_smd,gd,ქართული ოცნება - დემოკრატიული საქართველო,41,,ხარაგაულის,,,ბესიკ,ტალახაძე,ბესიკ ტალახაძე,,TRUE,elected_politicians.pdf
local_2017,__main__,council_smd,gd,ქართული ოცნება - დემოკრატიული საქართველო,41,,ხარაგაულის,,,მალხაზ,ფხალაძე,მალხაზ ფხალაძე,,TRUE,elected_politicians.pdf
local_2017,__main__,council_smd,gd,ქართული ოცნება - დემოკრატიული საქართველო,41,,ხარაგაულის,,,ზურაბი,ხაჩიძე,ზურაბი ხაჩიძე,,TRUE,elected_politicians.pdf
local_2017,__main__,council_smd,gd,ქართული ოცნება - დემოკრატიული საქართველო,41,,ხარაგაულის,,,ნონა,ზურაბიანი,ნონა ზურაბიანი,,TRUE,elected_politicians.pdf
local_2017,__main__,council_smd,gd,ქართული ოცნება - დემოკრატიული საქართველო,41,,ხარაგაულის,,,ლენა,აბაშიძე,ლენა აბაშიძე,,TRUE,elected_politicians.pdf
local_2017,__main__,mayor,gd,ქართული ოცნება - დემოკრატიული საქართველო,41,,ხარაგაულის,,,ნიკოლოზ,თოფურიძე,ნიკოლოზ თოფურიძე,,TRUE,elected_politicians.pdf
local_2017,__main__,pr,european_georgia,"ბაქრაძე, უგულავა - ევროპული საქართველო",2,,თერჯოლის,,,ტარიელი,ფანჩულიძე,ტარიელი ფანჩულიძე,,TRUE,elected_politicians.pdf
local_2017,__main__,pr,european_georgia,"ბაქრაძე, უგულავა - ევროპული საქართველო",2,,თერჯოლის,,,სოფიკო,სიუკაევა,სოფიკო სიუკაევა,,TRUE,elected_politicians.pdf
local_2017,__main__,pr,european_georgia,"ბაქრაძე, უგულავა - ევროპული საქართველო",2,,თერჯოლის,,,როლანდი,მესხი,როლანდი მესხი,,TRUE,elected_politicians.pdf
local_2017,__main__,pr,european_georgia,"ბაქრაძე, უგულავა - ევროპული საქართველო",2,,თერჯოლის,,,მიხეილი,კვატაია,მიხეილი კვატაია,,TRUE,elected_politicians.pdf
local_2017,__main__,pr,unm,ერთიანი ნაციონალური მოძრაობა,5,,თერჯოლის,,,დავითი,ცხადაძე,დავითი ცხადაძე,,TRUE,elected_politicians.pdf
local_2017,__main__,pr,patriots,"დავით თარხან-მოურავი, ირმა ინაშვილი - საქართველოს პატრიოტთა ალიანსი",8,,თერჯოლის,,,ხვიჩა,წკეპლაძე,ხვიჩა წკეპლაძე,,TRUE,elected_politicians.pdf
local_2017,__main__,pr,gd,ქართული ოცნება - დემოკრატიული საქართველო,41,,თერჯოლის,,,ნინო,ჯანელიძე,ნინო ჯანელიძე,,TRUE,elected_politicians.pdf
local_2017,__main__,pr,gd,ქართული ოცნება - დემოკრატიული საქართველო,41,,თერჯოლის,,,იმედა,რობაქიძე,იმედა რობაქიძე,,TRUE,elected_politicians.pdf
local_2017,__main__,pr,gd,ქართული ოცნება - დემოკრატიული საქართველო,41,,თერჯოლის,,,გიორგი,ფანჩულიძე,გიორგი ფანჩულიძე,,TRUE,elected_politicians.pdf
local_2017,__main__,pr,gd,ქართული ოცნება - დემოკრატიული საქართველო,41,,თერჯოლის,,,ამირან,ვერულაშვილი,ამირან ვერულაშვილი,,TRUE,elected_politicians.pdf
local_2017,__main__,pr,gd,ქართული ოცნება - დემოკრატიული საქართველო,41,,თერჯოლის,,,ეკა,მაკარიძე,ეკა მაკარიძე,,TRUE,elected_politicians.pdf
local_2017,__main__,pr,gd,ქართული ოცნება - დემოკრატიული საქართველო,41,,თერჯოლის,,,მერაბი,ღიბრაძე,მერაბი ღიბრაძე,,TRUE,elected_politicians.pdf
local_2017,__main__,pr,gd,ქართული ოცნება - დემოკრატიული საქართველო,41,,თერჯოლის,,,ვალერიან,ლილუაშვილი,ვალერიან ლილუაშვილი,,TRUE,elected_politicians.pdf
local_2017,__main__,pr,gd,ქართული ოცნება - დემოკრატიული საქართველო,41,,თერჯოლის,,,ალექსანდრე,ზანკალიანი,ალექსანდრე ზანკალიანი,,TRUE,elected_politicians.pdf
local_2017,__main__,pr,gd,ქართული ოცნება - დემოკრატიული საქართველო,41,,თერჯოლის,,,მერაბი,სირაძე,მერაბი სირაძე,,TRUE,elected_politicians.pdf
local_2017,__main__,council_smd,gd,ქართული ოცნება - დემოკრატიული საქართველო,41,,თერჯოლის,,,გიორგი,ლილუაშვილი,გიორგი ლილუაშვილი,,TRUE,elected_politicians.pdf
local_2017,__main__,council_smd,gd,ქართული ოცნება - დემოკრატიული საქართველო,41,,თერჯოლის,,,თემური,ქოჩიაშვილი,თემური ქოჩიაშვილი,,TRUE,elected_politicians.pdf
local_2017,__main__,council_smd,gd,ქართული ოცნება - დემოკრატიული საქართველო,41,,თერჯოლის,,,ბადრი,ბუცხრიკიძე,ბადრი ბუცხრიკიძე,,TRUE,elected_politicians.pdf
local_2017,__main__,council_smd,gd,ქართული ოცნება - დემოკრატიული საქართველო,41,,თერჯოლის,,,გიორგი,რობაქიძე,გიორგი რობაქიძე,,TRUE,elected_politicians.pdf
local_2017,__main__,council_smd,gd,ქართული ოცნება - დემოკრატიული საქართველო,41,,თერჯოლის,,,გოჩა,ვერულაშვილი,გოჩა ვერულაშვილი,,TRUE,elected_politicians.pdf
local_2017,__main__,council_smd,gd,ქართული ოცნება - დემოკრატიული საქართველო,41,,თერჯოლის,,,დავითი,ისაკაძე,დავითი ისაკაძე,,TRUE,elected_politicians.pdf
local_2017,__main__,council_smd,gd,ქართული ოცნება - დემოკრატიული საქართველო,41,,თერჯოლის,,,გრიგოლ,გიორგაძე,გრიგოლ გიორგაძე,,TRUE,elected_politicians.pdf
local_2017,__main__,council_smd,gd,ქართული ოცნება - დემოკრატიული საქართველო,41,,თერჯოლის,,,მალხაზი,უკლება,მალხაზი უკლება,,TRUE,elected_politicians.pdf
local_2017,__main__,council_smd,gd,ქართული ოცნება - დემოკრატიული საქართველო,41,,თერჯოლის,,,კახაბერი,მეგრელიშვილი,კახაბერი მეგრელიშვილი,,TRUE,elected_politicians.pdf
local_2017,__main__,council_smd,gd,ქართული ოცნება - დემოკრატიული საქართველო,41,,თერჯოლის,,,მირზა,აფრიდონიძე,მირზა აფრიდონიძე,,TRUE,elected_politicians.pdf
local_2017,__main__,council_smd,gd,ქართული ოცნება - დემოკრატიული საქართველო,41,,თერჯოლის,,,ლაშა,ლანჩავა,ლაშა ლანჩავა,,TRUE,elected_politicians.pdf
local_2017,__main__,council_smd,gd,ქართული ოცნება - დემოკრატიული საქართველო,41,,თერჯოლის,,,შალვა,ჭანკვეტაძე,შალვა ჭანკვეტაძე,,TRUE,elected_politicians.pdf
local_2017,__main__,council_smd,gd,ქართული ოცნება - დემოკრატიული საქართველო,41,,თერჯოლის,,,ავთანდილ,ჩუბინიძე,ავთანდილ ჩუბინიძე,,TRUE,elected_politicians.pdf
local_2017,__main__,council_smd,gd,ქართული ოცნება - დემოკრატიული საქართველო,41,,თერჯოლის,,,გიორგი,ქასრაშვილი,გიორგი ქასრაშვილი,,TRUE,elected_politicians.pdf
local_2017,__main__,council_smd,gd,ქართული ოცნება - დემოკრატიული საქართველო,41,,თერჯოლის,,,კონსტანტინე,ამაშუკელი,კონსტანტინე ამაშუკელი,,TRUE,elected_politicians.pdf
local_2017,__main__,council_smd,gd,ქართული ოცნება - დემოკრატიული საქართველო,41,,თერჯოლის,,,ენვერი,ხოხიაშვილი,ენვერი ხოხიაშვილი,,TRUE,elected_politicians.pdf
local_2017,__main__,council_smd,gd,ქართული ოცნება - დემოკრატიული საქართველო,41,,თერჯოლის,,,სოფიო,ბუსკივაძე,სოფიო ბუსკივაძე,,TRUE,elected_politicians.pdf
local_2017,__main__,council_smd,gd,ქართული ოცნება - დემოკრატიული საქართველო,41,,თერჯოლის,,,ნოდარი,ფანჩულიძე,ნოდარი ფანჩულიძე,,TRUE,elected_politicians.pdf
local_2017,__main__,council_smd,gd,ქართული ოცნება - დემოკრატიული საქართველო,41,,თერჯოლის,,,მანუჩარი,ფანჩულიძე,მანუჩარი ფანჩულიძე,,TRUE,elected_politicians.pdf
local_2017,__main__,council_smd,gd,ქართული ოცნება - დემოკრატიული საქართველო,41,,თერჯოლის,,,გიორგი,ბერეკაშვილი,გიორგი ბერეკაშვილი,,TRUE,elected_politicians.pdf
local_2017,__main__,mayor,gd,ქართული ოცნება - დემოკრატიული საქართველო,41,,თერჯოლის,,,ბონდო,სოფრომაძე,ბონდო სოფრომაძე,,TRUE,elected_politicians.pdf
local_2017,__main__,pr,european_georgia,"ბაქრაძე, უგულავა - ევროპული საქართველო",2,,საჩხერის,,,კობა,მოდებაძე,კობა მოდებაძე,,TRUE,elected_politicians.pdf
local_2017,__main__,pr,unm,ერთიანი ნაციონალური მოძრაობა,5,,საჩხერის,,,თედორე,კალმახელიძე,თედორე კალმახელიძე,,TRUE,elected_politicians.pdf
local_2017,__main__,pr,patriots,"დავით თარხან-მოურავი, ირმა ინაშვილი - საქართველოს პატრიოტთა ალიანსი",8,,საჩხერის,,,კახაბერი,ჭიტაძე,კახაბერი ჭიტაძე,,TRUE,elected_politicians.pdf
local_2017,__main__,pr,gd,ქართული ოცნება - დემოკრატიული საქართველო,41,,საჩხერის,,,ლევანი,ივანაშვილი,ლევანი ივანაშვილი,,TRUE,elected_politicians.pdf
local_2017,__main__,pr,gd,ქართული ოცნება - დემოკრატიული საქართველო,41,,საჩხერის,,,თამაზი,ნადირაძე,თამაზი ნადირაძე,,TRUE,elected_politicians.pdf
local_2017,__main__,pr,gd,ქართული ოცნება - დემოკრატიული საქართველო,41,,საჩხერის,,,ლია,დეკანოიძე,ლია დეკანოიძე,,TRUE,elected_politicians.pdf
local_2017,__main__,pr,gd,ქართული ოცნება - დემოკრატიული საქართველო,41,,საჩხერის,,,გაგა,დარბაიძე,გაგა დარბაიძე,,TRUE,elected_politicians.pdf
local_2017,__main__,pr,gd,ქართული ოცნება - დემოკრატიული საქართველო,41,,საჩხერის,,,გიორგი,მაჭარაშვილი,გიორგი მაჭარაშვილი,,TRUE,elected_politicians.pdf
local_2017,__main__,pr,gd,ქართული ოცნება - დემოკრატიული საქართველო,41,,საჩხერის,,,ირა,ძინძიბაძე,ირა ძინძიბაძე,,TRUE,elected_politicians.pdf
local_2017,__main__,pr,gd,ქართული ოცნება - დემოკრატიული საქართველო,41,,საჩხერის,,,მარინა,კაციტაძე,მარინა კაციტაძე,,TRUE,elected_politicians.pdf
local_2017,__main__,pr,gd,ქართული ოცნება - დემოკრატიული საქართველო,41,,საჩხერის,,,გიორგი,ხარშილაძე,გიორგი ხარშილაძე,,TRUE,elected_politicians.pdf
local_2017,__main__,pr,gd,ქართული ოცნება - დემოკრატიული საქართველო,41,,საჩხერის,,,მარინე,დემეტრაშვილი,მარინე დემეტრაშვილი,,TRUE,elected_politicians.pdf
local_2017,__main__,pr,gd,ქართული ოცნება - დემოკრატიული საქართველო,41,,საჩხერის,,,შოთა,ტყემალაძე,შოთა ტყემალაძე,,TRUE,elected_politicians.pdf
local_2017,__main__,pr,gd,ქართული ოცნება - დემოკრატიული საქართველო,41,,საჩხერის,,,გოჩა,ახვლედიანი,გოჩა ახვლედიანი,,TRUE,elected_politicians.pdf
local_2017,__main__,pr,gd,ქართული ოცნება - დემოკრატიული საქართველო,41,,საჩხერის,,,გივი,კუჭაშვილი,გივი კუჭაშვილი,,TRUE,elected_politicians.pdf
local_2017,__main__,council_smd,gd,ქართული ოცნება - დემოკრატიული საქართველო,41,,საჩხერის,,,ნოდარი,ბუღაძე,ნოდარი ბუღაძე,,TRUE,elected_politicians.pdf
local_2017,__main__,council_smd,gd,ქართული ოცნება - დემოკრატიული საქართველო,41,,საჩხერის,,,ოქროპირი,სადუნიშვილი,ოქროპირი სადუნიშვილი,,TRUE,elected_politicians.pdf
local_2017,__main__,council_smd,gd,ქართული ოცნება - დემოკრატიული საქართველო,41,,საჩხერის,,,ირაკლი,ჩხიკვაძე,ირაკლი ჩხიკვაძე,,TRUE,elected_politicians.pdf
local_2017,__main__,council_smd,gd,ქართული ოცნება - დემოკრატიული საქართველო,41,,საჩხერის,,,ირინე,ენუქიძე,ირინე ენუქიძე,,TRUE,elected_politicians.pdf
local_2017,__main__,council_smd,gd,ქართული ოცნება - დემოკრატიული საქართველო,41,,საჩხერის,,,დავით,მაჭარაშვილი,დავით მაჭარაშვილი,,TRUE,elected_politicians.pdf
local_2017,__main__,council_smd,gd,ქართული ოცნება - დემოკრატიული საქართველო,41,,საჩხერის,,,ბესიკ,დეკანოიძე,ბესიკ დეკანოიძე,,TRUE,elected_politicians.pdf
local_2017,__main__,council_smd,gd,ქართული ოცნება - დემოკრატიული საქართველო,41,,საჩხერის,,,იაგო,ბერიძე,იაგო ბერიძე,,TRUE,elected_politicians.pdf
local_2017,__main__,council_smd,gd,ქართული ოცნება - დემოკრატიული საქართველო,41,,საჩხერის,,,ერეკლე,ჭიღლაძე,ერეკლე ჭიღლაძე,,TRUE,elected_politicians.pdf
local_2017,__main__,council_smd,gd,ქართული ოცნება - დემოკრატიული საქართველო,41,,საჩხერის,,,იოსებ,გოგიტაძე,იოსებ გოგიტაძე,,TRUE,elected_politicians.pdf
local_2017,__main__,council_smd,gd,ქართული ოცნება - დემოკრატიული საქართველო,41,,საჩხერის,,,კობა,ხვედელიძე,კობა ხვედელიძე,,TRUE,elected_politicians.pdf
local_2017,__main__,council_smd,gd,ქართული ოცნება - დემოკრატიული საქართველო,41,,საჩხერის,,,ბესარიონ,კუჭაშვილი,ბესარიონ კუჭაშვილი,,TRUE,elected_politicians.pdf
local_2017,__main__,council_smd,gd,ქართული ოცნება - დემოკრატიული საქართველო,41,,საჩხერის,,,ოლეგი,მაჭავარიანი,ოლეგი მაჭავარიანი,,TRUE,elected_politicians.pdf
local_2017,__main__,council_smd,gd,ქართული ოცნება - დემოკრატიული საქართველო,41,,საჩხერის,,,მამუკა,ნოზაძე,მამუკა ნოზაძე,,TRUE,elected_politicians.pdf
local_2017,__main__,council_smd,gd,ქართული ოცნება - დემოკრატიული საქართველო,41,,საჩხერის,,,ბესიკი,კაპანაძე,ბესიკი კაპანაძე,,TRUE,elected_politicians.pdf
local_2017,__main__,mayor,gd,ქართული ოცნება - დემოკრატიული საქართველო,41,,საჩხერის,,,ბენიამენი,ფალავანდიშვილი,ბენიამენი ფალავანდიშვილი,,TRUE,elected_politicians.pdf
local_2017,__main__,pr,european_georgia,"ბაქრაძე, უგულავა - ევროპული საქართველო",2,,ზესტაფონის,,,გელა,სხილაძე,გელა სხილაძე,,TRUE,elected_politicians.pdf
local_2017,__main__,pr,european_georgia,"ბაქრაძე, უგულავა - ევროპული საქართველო",2,,ზესტაფონის,,,ვარლამი,სირდაძე,ვარლამი სირდაძე,,TRUE,elected_politicians.pdf
local_2017,__main__,pr,unm,ერთიანი ნაციონალური მოძრაობა,5,,ზესტაფონის,,,დავით,ფერაძე,დავით ფერაძე,,TRUE,elected_politicians.pdf
local_2017,__main__,pr,unm,ერთიანი ნაციონალური მოძრაობა,5,,ზესტაფონის,,,გიგა,გურული,გიგა გურული,,TRUE,elected_politicians.pdf
local_2017,__main__,pr,unm,ერთიანი ნაციონალური მოძრაობა,5,,ზესტაფონის,,,მამუკა,ჭიჭინაძე,მამუკა ჭიჭინაძე,,TRUE,elected_politicians.pdf
local_2017,__main__,pr,patriots,"დავით თარხან-მოურავი, ირმა ინაშვილი - საქართველოს პატრიოტთა ალიანსი",8,,ზესტაფონის,,,გიგა,გაბრიჭიძე,გიგა გაბრიჭიძე,,TRUE,elected_politicians.pdf
local_2017,__main__,pr,patriots,"დავით თარხან-მოურავი, ირმა ინაშვილი - საქართველოს პატრიოტთა ალიანსი",8,,ზესტაფონის,,,გელა,კობახიძე,გელა კობახიძე,,TRUE,elected_politicians.pdf
local_2017,__main__,pr,gd,ქართული ოცნება - დემოკრატიული საქართველო,41,,ზესტაფონის,,,ვახტანგ,ღამბაშიძე,ვახტანგ ღამბაშიძე,,TRUE,elected_politicians.pdf
local_2017,__main__,pr,gd,ქართული ოცნება - დემოკრატიული საქართველო,41,,ზესტაფონის,,,თეიმურაზ,საყვარელიძე,თეიმურაზ საყვარელიძე,,TRUE,elected_politicians.pdf
local_2017,__main__,pr,gd,ქართული ოცნება - დემოკრატიული საქართველო,41,,ზესტაფონის,,,ირმა,გიორგაძე,ირმა გიორგაძე,,TRUE,elected_politicians.pdf
local_2017,__main__,pr,gd,ქართული ოცნება - დემოკრატიული საქართველო,41,,ზესტაფონის,,,გოჩა,გაბრიჭიძე,გოჩა გაბრიჭიძე,,TRUE,elected_politicians.pdf
local_2017,__main__,pr,gd,ქართული ოცნება - დემოკრატიული საქართველო,41,,ზესტაფონის,,,ელისო,ბოგვერაძე,ელისო ბოგვერაძე,,TRUE,elected_politicians.pdf
local_2017,__main__,pr,gd,ქართული ოცნება - დემოკრატიული საქართველო,41,,ზესტაფონის,,,დავით,მიქაბერიძე,დავით მიქაბერიძე,,TRUE,elected_politicians.pdf
local_2017,__main__,pr,gd,ქართული ოცნება - დემოკრატიული საქართველო,41,,ზესტაფონის,,,ამირან,ზარნაძე,ამირან ზარნაძე,,TRUE,elected_politicians.pdf
local_2017,__main__,pr,gd,ქართული ოცნება - დემოკრატიული საქართველო,41,,ზესტაფონის,,,გოჩა,მაჭავარიანი,გოჩა მაჭავარიანი,,TRUE,elected_politicians.pdf
local_2017,__main__,council_smd,gd,ქართული ოცნება - დემოკრატიული საქართველო,41,,ზესტაფონის,,,შალვა,ხეცაძე,შალვა ხეცაძე,,TRUE,elected_politicians.pdf
local_2017,__main__,council_smd,gd,ქართული ოცნება - დემოკრატიული საქართველო,41,,ზესტაფონის,,,გიორგი,კაკოიშვილი,გიორგი კაკოიშვილი,,TRUE,elected_politicians.pdf
local_2017,__main__,council_smd,gd,ქართული ოცნება - დემოკრატიული საქართველო,41,,ზესტაფონის,,,უჩა,ჩუბინიძე,უჩა ჩუბინიძე,,TRUE,elected_politicians.pdf
local_2017,__main__,council_smd,gd,ქართული ოცნება - დემოკრატიული საქართველო,41,,ზესტაფონის,,,კობა,გოჩელეიშვილი,კობა გოჩელეიშვილი,,TRUE,elected_politicians.pdf
local_2017,__main__,council_smd,gd,ქართული ოცნება - დემოკრატიული საქართველო,41,,ზესტაფონის,,,რობერტი,მახათაძე,რობერტი მახათაძე,,TRUE,elected_politicians.pdf
local_2017,__main__,council_smd,gd,ქართული ოცნება - დემოკრატიული საქართველო,41,,ზესტაფონის,,,ნანული,ეჯიბაძე,ნანული ეჯიბაძე,,TRUE,elected_politicians.pdf
local_2017,__main__,council_smd,gd,ქართული ოცნება - დემოკრატიული საქართველო,41,,ზესტაფონის,,,ილია,ფუტკარაძე,ილია ფუტკარაძე,,TRUE,elected_politicians.pdf
local_2017,__main__,council_smd,gd,ქართული ოცნება - დემოკრატიული საქართველო,41,,ზესტაფონის,,,ირაკლი,კვეტენაძე,ირაკლი კვეტენაძე,,TRUE,elected_politicians.pdf
local_2017,__main__,council_smd,gd,ქართული ოცნება - დემოკრატიული საქართველო,41,,ზესტაფონის,,,ჯემალ,გორგოძე,ჯემალ გორგოძე,,TRUE,elected_politicians.pdf
local_2017,__main__,council_smd,gd,ქართული ოცნება - დემოკრატიული საქართველო,41,,ზესტაფონის,,,ტარიელ,ხუსკივაძე,ტარიელ ხუსკივაძე,,TRUE,elected_politicians.pdf
local_2017,__main__,council_smd,gd,ქართული ოცნება - დემოკრატიული საქართველო,41,,ზესტაფონის,,,იოსები,ჯანიაშვილი,იოსები ჯანიაშვილი,,TRUE,elected_politicians.pdf
local_2017,__main__,council_smd,gd,ქართული ოცნება - დემოკრატიული საქართველო,41,,ზესტაფონის,,,ბადრი,წაქაძე,ბადრი წაქაძე,,TRUE,elected_politicians.pdf
local_2017,__main__,council_smd,gd,ქართული ოცნება - დემოკრატიული საქართველო,41,,ზესტაფონის,,,იმედა,ბებიაშვილი,იმედა ბებიაშვილი,,TRUE,elected_politicians.pdf
local_2017,__main__,council_smd,gd,ქართული ოცნება - დემოკრატიული საქართველო,41,,ზესტაფონის,,,გალაქტიონ,ვარდოსანიძე,გალაქტიონ ვარდოსანიძე,,TRUE,elected_politicians.pdf
local_2017,__main__,council_smd,gd,ქართული ოცნება - დემოკრატიული საქართველო,41,,ზესტაფონის,,,ნუგზარი,ფერაძე,ნუგზარი ფერაძე,,TRUE,elected_politicians.pdf
local_2017,__main__,council_smd,gd,ქართული ოცნება - დემოკრატიული საქართველო,41,,ზესტაფონის,,,მაია,ჩხეიძე,მაია ჩხეიძე,,TRUE,elected_politicians.pdf
local_2017,__main__,council_smd,gd,ქართული ოცნება - დემოკრატიული საქართველო,41,,ზესტაფონის,,,ბუბა,ნასრაძე,ბუბა ნასრაძე,,TRUE,elected_politicians.pdf
local_2017,__main__,council_smd,gd,ქართული ოცნება - დემოკრატიული საქართველო,41,,ზესტაფონის,,,კობა,ტუკვაძე,კობა ტუკვაძე,,TRUE,elected_politicians.pdf
local_2017,__main__,council_smd,gd,ქართული ოცნება - დემოკრატიული საქართველო,41,,ზესტაფონის,,,მამუკა,კურტანიძე,მამუკა კურტანიძე,,TRUE,elected_politicians.pdf
local_2017,__main__,council_smd,gd,ქართული ოცნება - დემოკრატიული საქართველო,41,,ზესტაფონის,,,ლაშა,საყვარელიძე,ლაშა საყვარელიძე,,TRUE,elected_politicians.pdf
local_2017,__main__,council_smd,gd,ქართული ოცნება - დემოკრატიული საქართველო,41,,ზესტაფონის,,,აკაკი,გაჩეჩილაძე,აკაკი გაჩეჩილაძე,,TRUE,elected_politicians.pdf
local_2017,__main__,mayor,gd,ქართული ოცნება - დემოკრატიული საქართველო,41,,ზესტაფონის,,,კახაბერ,მახათაძე,კახაბერ მახათაძე,,TRUE,elected_politicians.pdf
local_2017,__main__,pr,european_georgia,"ბაქრაძე, უგულავა - ევროპული საქართველო",2,,ბაღდათის,,,შალვა,დათუაძე,შალვა დათუაძე,,TRUE,elected_politicians.pdf
local_2017,__main__,pr,european_georgia,"ბაქრაძე, უგულავა - ევროპული საქართველო",2,,ბაღდათის,,,დათო,კარკაძე,დათო კარკაძე,,TRUE,elected_politicians.pdf
local_2017,__main__,pr,unm,ერთიანი ნაციონალური მოძრაობა,5,,ბაღდათის,,,გიორგი,რობაქიძე,გიორგი რობაქიძე,,TRUE,elected_politicians.pdf
local_2017,__main__,pr,unm,ერთიანი ნაციონალური მოძრაობა,5,,ბაღდათის,,,ვლადიმერ,წიქორიძე,ვლადიმერ წიქორიძე,,TRUE,elected_politicians.pdf
local_2017,__main__,pr,unm,ერთიანი ნაციონალური მოძრაობა,5,,ბაღდათის,,,მაკა,მესხი,მაკა მესხი,,TRUE,elected_politicians.pdf
local_2017,__main__,pr,patriots,"დავით თარხან-მოურავი, ირმა ინაშვილი - საქართველოს პატრიოტთა ალიანსი",8,,ბაღდათის,,,როლანდ,გაჩეჩილაძე,როლანდ გაჩეჩილაძე,,TRUE,elected_politicians.pdf
local_2017,__main__,pr,gd,ქართული ოცნება - დემოკრატიული საქართველო,41,,ბაღდათის,,,შალვა,მშვილდაძე,შალვა მშვილდაძე,,TRUE,elected_politicians.pdf
local_2017,__main__,pr,gd,ქართული ოცნება - დემოკრატიული საქართველო,41,,ბაღდათის,,,ირინა,ტყეშელაშვილი,ირინა ტყეშელაშვილი,,TRUE,elected_politicians.pdf
local_2017,__main__,pr,gd,ქართული ოცნება - დემოკრატიული საქართველო,41,,ბაღდათის,,,მაია,კბილაშვილი,მაია კბილაშვილი,,TRUE,elected_politicians.pdf
local_2017,__main__,pr,gd,ქართული ოცნება - დემოკრატიული საქართველო,41,,ბაღდათის,,,მამუკა,გორგოძე,მამუკა გორგოძე,,TRUE,elected_politicians.pdf
local_2017,__main__,pr,gd,ქართული ოცნება - დემოკრატიული საქართველო,41,,ბაღდათის,,,გვანცა,გრძელიძე,გვანცა გრძელიძე,,TRUE,elected_politicians.pdf
local_2017,__main__,pr,gd,ქართული ოცნება - დემოკრატიული საქართველო,41,,ბაღდათის,,,ფრიდონ,მაჩიტაძე,ფრიდონ მაჩიტაძე,,TRUE,elected_politicians.pdf
local_2017,__main__,pr,gd,ქართული ოცნება - დემოკრატიული საქართველო,41,,ბაღდათის,,,გურამ,ჩხეიძე,გურამ ჩხეიძე,,TRUE,elected_politicians.pdf
local_2017,__main__,pr,gd,ქართული ოცნება - დემოკრატიული საქართველო,41,,ბაღდათის,,,გურამი,კიკნაველიძე,გურამი კიკნაველიძე,,TRUE,elected_politicians.pdf
local_2017,__main__,pr,gd,ქართული ოცნება - დემოკრატიული საქართველო,41,,ბაღდათის,,,თემურ,მინაძე,თემურ მინაძე,,TRUE,elected_politicians.pdf
local_2017,__main__,council_smd,gd,ქართული ოცნება - დემოკრატიული საქართველო,41,,ბაღდათის,,,ირაკლი,გოგსაძე,ირაკლი გოგსაძე,,TRUE,elected_politicians.pdf
local_2017,__main__,council_smd,gd,ქართული ოცნება - დემოკრატიული საქართველო,41,,ბაღდათის,,,ალექსი,ლომინაშვილი,ალექსი ლომინაშვილი,,TRUE,elected_politicians.pdf
local_2017,__main__,council_smd,gd,ქართული ოცნება - დემოკრატიული საქართველო,41,,ბაღდათის,,,გია,სახამბერიძე,გია სახამბერიძე,,TRUE,elected_politicians.pdf
local_2017,__main__,council_smd,gd,ქართული ოცნება - დემოკრატიული საქართველო,41,,ბაღდათის,,,თეონა,ფახურიძე,თეონა ფახურიძე,,TRUE,elected_politicians.pdf
local_2017,__main__,council_smd,gd,ქართული ოცნება - დემოკრატიული საქართველო,41,,ბაღდათის,,,შადიმან,გორგოძე,შადიმან გორგოძე,,TRUE,elected_politicians.pdf
local_2017,__main__,council_smd,gd,ქართული ოცნება - დემოკრატიული საქართველო,41,,ბაღდათის,,,კობა,მშვილდაძე,კობა მშვილდაძე,,TRUE,elected_politicians.pdf
local_2017,__main__,council_smd,gd,ქართული ოცნება - დემოკრატიული საქართველო,41,,ბაღდათის,,,სიმონ,ჭოლოკავა,სიმონ ჭოლოკავა,,TRUE,elected_politicians.pdf
local_2017,__main__,council_smd,gd,ქართული ოცნება - დემოკრატიული საქართველო,41,,ბაღდათის,,,მურად,ბურჯანაძე,მურად ბურჯანაძე,,TRUE,elected_politicians.pdf
local_2017,__main__,council_smd,gd,ქართული ოცნება - დემოკრატიული საქართველო,41,,ბაღდათის,,,ზაზა,ზივზივაძე,ზაზა ზივზივაძე,,TRUE,elected_politicians.pdf
local_2017,__main__,council_smd,gd,ქართული ოცნება - დემოკრატიული საქართველო,41,,ბაღდათის,,,თორნიკე,გაჩეჩილაძე,თორნიკე გაჩეჩილაძე,,TRUE,elected_politicians.pdf
local_2017,__main__,council_smd,gd,ქართული ოცნება - დემოკრატიული საქართველო,41,,ბაღდათის,,,დიომიდე,კიკნაველიძე,დიომიდე კიკნაველიძე,,TRUE,elected_politicians.pdf
local_2017,__main__,council_smd,gd,ქართული ოცნება - დემოკრატიული საქართველო,41,,ბაღდათის,,,გრიგოლ,ტაბეშაძე,გრიგოლ ტაბეშაძე,,TRUE,elected_politicians.pdf
local_2017,__main__,council_smd,gd,ქართული ოცნება - დემოკრატიული საქართველო,41,,ბაღდათის,,,გაბრიელ,ღიბრაძე,გაბრიელ ღიბრაძე,,TRUE,elected_politicians.pdf
local_2017,__main__,council_smd,gd,ქართული ოცნება - დემოკრატიული საქართველო,41,,ბაღდათის,,,ნოდარ,გიორგიძე,ნოდარ გიორგიძე,,TRUE,elected_politicians.pdf
local_2017,__main__,mayor,gd,ქართული ოცნება - დემოკრატიული საქართველო,41,,ბაღდათის,,,არჩილ,გოგსაძე,არჩილ გოგსაძე,,TRUE,elected_politicians.pdf
local_2017,__main__,pr,european_georgia,"ბაქრაძე, უგულავა - ევროპული საქართველო",2,,ვანის,,,კობა,ძაგნიძე,კობა ძაგნიძე,,TRUE,elected_politicians.pdf
local_2017,__main__,pr,european_georgia,"ბაქრაძე, უგულავა - ევროპული საქართველო",2,,ვანის,,,აპოლონ,რამიშვილი,აპოლონ რამიშვილი,,TRUE,elected_politicians.pdf
local_2017,__main__,pr,european_georgia,"ბაქრაძე, უგულავა - ევროპული საქართველო",2,,ვანის,,,გია,ოჩხიკიძე,გია ოჩხიკიძე,,TRUE,elected_politicians.pdf
local_2017,__main__,pr,unm,ერთიანი ნაციონალური მოძრაობა,5,,ვანის,,,პაატა,ლეჟავა,პაატა ლეჟავა,,TRUE,elected_politicians.pdf
local_2017,__main__,pr,unm,ერთიანი ნაციონალური მოძრაობა,5,,ვანის,,,თორნიკე,ერისთავი,თორნიკე ერისთავი,,TRUE,elected_politicians.pdf
local_2017,__main__,pr,gd,ქართული ოცნება - დემოკრატიული საქართველო,41,,ვანის,,,ალექსანდრე,ლილუაშვილი,ალექსანდრე ლილუაშვილი,,TRUE,elected_politicians.pdf
local_2017,__main__,pr,gd,ქართული ოცნება - დემოკრატიული საქართველო,41,,ვანის,,,ეთერი,ჭიჭინაძე,ეთერი ჭიჭინაძე,,TRUE,elected_politicians.pdf
local_2017,__main__,pr,gd,ქართული ოცნება - დემოკრატიული საქართველო,41,,ვანის,,,ვლადიმერ,ჭვალაძე,ვლადიმერ ჭვალაძე,,TRUE,elected_politicians.pdf
local_2017,__main__,pr,gd,ქართული ოცნება - დემოკრატიული საქართველო,41,,ვანის,,,დავით,ხარძეიშვილი,დავით ხარძეიშვილი,,TRUE,elected_politicians.pdf
local_2017,__main__,pr,gd,ქართული ოცნება - დემოკრატიული საქართველო,41,,ვანის,,,სალომე,ფახურიძე,სალომე ფახურიძე,,TRUE,elected_politicians.pdf
local_2017,__main__,pr,gd,ქართული ოცნება - დემოკრატიული საქართველო,41,,ვანის,,,გელა,ვარდოსანიძე,გელა ვარდოსანიძე,,TRUE,elected_politicians.pdf
local_2017,__main__,pr,gd,ქართული ოცნება - დემოკრატიული საქართველო,41,,ვანის,,,თამთა,დვალიშვილი,თამთა დვალიშვილი,,TRUE,elected_politicians.pdf
local_2017,__main__,pr,gd,ქართული ოცნება - დემოკრატიული საქართველო,41,,ვანის,,,თამარ,შენგელია,თამარ შენგელია,,TRUE,elected_politicians.pdf
local_2017,__main__,pr,gd,ქართული ოცნება - დემოკრატიული საქართველო,41,,ვანის,,,კობა,ტოხვაძე,კობა ტოხვაძე,,TRUE,elected_politicians.pdf
local_2017,__main__,pr,gd,ქართული ოცნება - დემოკრატიული საქართველო,41,,ვანის,,,გელა,ჩიკვაიძე,გელა ჩიკვაიძე,,TRUE,elected_politicians.pdf
local_2017,__main__,council_smd,gd,ქართული ოცნება - დემოკრატიული საქართველო,41,,ვანის,,,ბიჭიკო,პაიკიძე,ბიჭიკო პაიკიძე,,TRUE,elected_politicians.pdf
local_2017,__main__,council_smd,gd,ქართული ოცნება - დემოკრატიული საქართველო,41,,ვანის,,,ალექსანდრე,ოქროპილაშვილი,ალექსანდრე ოქროპილაშვილი,,TRUE,elected_politicians.pdf
local_2017,__main__,council_smd,gd,ქართული ოცნება - დემოკრატიული საქართველო,41,,ვანის,,,გია,ხარაბაძე,გია ხარაბაძე,,TRUE,elected_politicians.pdf
local_2017,__main__,council_smd,gd,ქართული ოცნება - დემოკრატიული საქართველო,41,,ვანის,,,ოლეგი,მიქელთაძე,ოლეგი მიქელთაძე,,TRUE,elected_politicians.pdf
local_2017,__main__,council_smd,gd,ქართული ოცნება - დემოკრატიული საქართველო,41,,ვანის,,,მალხაზ,ცერცვაძე,მალხაზ ცერცვაძე,,TRUE,elected_politicians.pdf
local_2017,__main__,council_smd,gd,ქართული ოცნება - დემოკრატიული საქართველო,41,,ვანის,,,შალვა,ლორთქიფანიძე,შალვა ლორთქიფანიძე,,TRUE,elected_politicians.pdf
local_2017,__main__,council_smd,gd,ქართული ოცნება - დემოკრატიული საქართველო,41,,ვანის,,,რობიზონ,ფუტკარაძე,რობიზონ ფუტკარაძე,,TRUE,elected_politicians.pdf
local_2017,__main__,council_smd,gd,ქართული ოცნება - დემოკრატიული საქართველო,41,,ვანის,,,ტარიელ,ბარამიძე,ტარიელ ბარამიძე,,TRUE,elected_politicians.pdf
local_2017,__main__,council_smd,gd,ქართული ოცნება - დემოკრატიული საქართველო,41,,ვანის,,,ივანე,კორძაძე,ივანე კორძაძე,,TRUE,elected_politicians.pdf
local_2017,__main__,council_smd,gd,ქართული ოცნება - დემოკრატიული საქართველო,41,,ვანის,,,ამირან,ტალახაძე,ამირან ტალახაძე,,TRUE,elected_politicians.pdf
local_2017,__main__,council_smd,gd,ქართული ოცნება - დემოკრატიული საქართველო,41,,ვანის,,,გიგა,გოგიბერიძე,გიგა გოგიბერიძე,,TRUE,elected_politicians.pdf
local_2017,__main__,council_smd,gd,ქართული ოცნება - დემოკრატიული საქართველო,41,,ვანის,,,პაატა,ხურციძე,პაატა ხურციძე,,TRUE,elected_politicians.pdf
local_2017,__main__,council_smd,gd,ქართული ოცნება - დემოკრატიული საქართველო,41,,ვანის,,,თენგიზ,დვალიშვილი,თენგიზ დვალიშვილი,,TRUE,elected_politicians.pdf
local_2017,__main__,council_smd,gd,ქართული ოცნება - დემოკრატიული საქართველო,41,,ვანის,,,ვარლამ,გიორგაძე,ვარლამ გიორგაძე,,TRUE,elected_politicians.pdf
local_2017,__main__,council_smd,gd,ქართული ოცნება - დემოკრატიული საქართველო,41,,ვანის,,,სანდრო,ხურციძე,სანდრო ხურციძე,,TRUE,elected_politicians.pdf
local_2017,__main__,council_smd,gd,ქართული ოცნება - დემოკრატიული საქართველო,41,,ვანის,,,გელა,ღვიტიძე,გელა ღვიტიძე,,TRUE,elected_politicians.pdf
local_2017,__main__,council_smd,gd,ქართული ოცნება - დემოკრატიული საქართველო,41,,ვანის,,,დავით,ადეიშვილი,დავით ადეიშვილი,,TRUE,elected_politicians.pdf
local_2017,__main__,council_smd,gd,ქართული ოცნება - დემოკრატიული საქართველო,41,,ვანის,,,რამაზ,არველაძე,რამაზ არველაძე,,TRUE,elected_politicians.pdf
local_2017,__main__,council_smd,gd,ქართული ოცნება - დემოკრატიული საქართველო,41,,ვანის,,,შოთა,გიორგაძე,შოთა გიორგაძე,,TRUE,elected_politicians.pdf
local_2017,__main__,council_smd,gd,ქართული ოცნება - დემოკრატიული საქართველო,41,,ვანის,,,მერაბი,ხურციძე,მერაბი ხურციძე,,TRUE,elected_politicians.pdf
local_2017,__main__,mayor,gd,ქართული ოცნება - დემოკრატიული საქართველო,41,,ვანის,,,ალექსანდრე,გოგორიშვილი,ალექსანდრე გოგორიშვილი,,TRUE,elected_politicians.pdf
local_2017,__main__,pr,european_georgia,"ბაქრაძე, უგულავა - ევროპული საქართველო",2,,სამტრედიის,,,ავთანდილ,სტურუა,ავთანდილ სტურუა,,TRUE,elected_politicians.pdf
local_2017,__main__,pr,european_georgia,"ბაქრაძე, უგულავა - ევროპული საქართველო",2,,სამტრედიის,,,ალექსანდრე,ჯვარშეიშვილი,ალექსანდრე ჯვარშეიშვილი,,TRUE,elected_politicians.pdf
local_2017,__main__,pr,unm,ერთიანი ნაციონალური მოძრაობა,5,,სამტრედიის,,,ემზარ,შუბლაძე,ემზარ შუბლაძე,,TRUE,elected_politicians.pdf
local_2017,__main__,pr,unm,ერთიანი ნაციონალური მოძრაობა,5,,სამტრედიის,,,დავით,ნიკოლეიშვილი,დავით ნიკოლეიშვილი,,TRUE,elected_politicians.pdf
local_2017,__main__,pr,unm,ერთიანი ნაციონალური მოძრაობა,5,,სამტრედიის,,,მამუკა,ბიბილეიშვილი,მამუკა ბიბილეიშვილი,,TRUE,elected_politicians.pdf
local_2017,__main__,pr,unm,ერთიანი ნაციონალური მოძრაობა,5,,სამტრედიის,,,ავთანდილ,თადუმაძე,ავთანდილ თადუმაძე,,TRUE,elected_politicians.pdf
local_2017,__main__,pr,patriots,"დავით თარხან-მოურავი, ირმა ინაშვილი - საქართველოს პატრიოტთა ალიანსი",8,,სამტრედიის,,,კამო,კანდელაკი,კამო კანდელაკი,,TRUE,elected_politicians.pdf
local_2017,__main__,pr,gd,ქართული ოცნება - დემოკრატიული საქართველო,41,,სამტრედიის,,,ნუგზარ,ჯამბურია,ნუგზარ ჯამბურია,,TRUE,elected_politicians.pdf
local_2017,__main__,pr,gd,ქართული ოცნება - დემოკრატიული საქართველო,41,,სამტრედიის,,,ტარიელ,დვალიშვილი,ტარიელ დვალიშვილი,,TRUE,elected_politicians.pdf
local_2017,__main__,pr,gd,ქართული ოცნება - დემოკრატიული საქართველო,41,,სამტრედიის,,,ნონა,გოგისვანიძე,ნონა გოგისვანიძე,,TRUE,elected_politicians.pdf
local_2017,__main__,pr,gd,ქართული ოცნება - დემოკრატიული საქართველო,41,,სამტრედიის,,,შალვა,არზუმანიანი,შალვა არზუმანიანი,,TRUE,elected_politicians.pdf
local_2017,__main__,pr,gd,ქართული ოცნება - დემოკრატიული საქართველო,41,,სამტრედიის,,,ლიზა,კრავეიშვილი,ლიზა კრავეიშვილი,,TRUE,elected_politicians.pdf
local_2017,__main__,pr,gd,ქართული ოცნება - დემოკრატიული საქართველო,41,,სამტრედიის,,,ავთანდილი,ტორონჯაძე,ავთანდილი ტორონჯაძე,,TRUE,elected_politicians.pdf
local_2017,__main__,pr,gd,ქართული ოცნება - დემოკრატიული საქართველო,41,,სამტრედიის,,,მანანა,სირბილაძე,მანანა სირბილაძე,,TRUE,elected_politicians.pdf
local_2017,__main__,pr,gd,ქართული ოცნება - დემოკრატიული საქართველო,41,,სამტრედიის,,,გრიგოლ,დარჯანია,გრიგოლ დარჯანია,,TRUE,elected_politicians.pdf
local_2017,__main__,council_smd,gd,ქართული ოცნება - დემოკრატიული საქართველო,41,,სამტრედიის,,,ვახტანგ,დუნდუა,ვახტანგ დუნდუა,,TRUE,elected_politicians.pdf
local_2017,__main__,council_smd,gd,ქართული ოცნება - დემოკრატიული საქართველო,41,,სამტრედიის,,,კობა,ძიძიგური,კობა ძიძიგური,,TRUE,elected_politicians.pdf
local_2017,__main__,council_smd,gd,ქართული ოცნება - დემოკრატიული საქართველო,41,,სამტრედიის,,,ზაზა,ადეიშვილი,ზაზა ადეიშვილი,,TRUE,elected_politicians.pdf
local_2017,__main__,council_smd,gd,ქართული ოცნება - დემოკრატიული საქართველო,41,,სამტრედიის,,,ლაშა,რუსია,ლაშა რუსია,,TRUE,elected_politicians.pdf
local_2017,__main__,council_smd,gd,ქართული ოცნება - დემოკრატიული საქართველო,41,,სამტრედიის,,,გოჩა,არველაძე,გოჩა არველაძე,,TRUE,elected_politicians.pdf
local_2017,__main__,council_smd,gd,ქართული ოცნება - დემოკრატიული საქართველო,41,,სამტრედიის,,,კოტე,ნაცვლიშვილი,კოტე ნაცვლიშვილი,,TRUE,elected_politicians.pdf
local_2017,__main__,council_smd,gd,ქართული ოცნება - დემოკრატიული საქართველო,41,,სამტრედიის,,,რაჟდენ,ტორონჯაძე,რაჟდენ ტორონჯაძე,,TRUE,elected_politicians.pdf
local_2017,__main__,council_smd,gd,ქართული ოცნება - დემოკრატიული საქართველო,41,,სამტრედიის,,,დავით,ამაღლობელი,დავით ამაღლობელი,,TRUE,elected_politicians.pdf
local_2017,__main__,council_smd,gd,ქართული ოცნება - დემოკრატიული საქართველო,41,,სამტრედიის,,,გრიგოლ,ჩიგოგიძე,გრიგოლ ჩიგოგიძე,,TRUE,elected_politicians.pdf
local_2017,__main__,council_smd,gd,ქართული ოცნება - დემოკრატიული საქართველო,41,,სამტრედიის,,,გიორგი,ლეჟავა,გიორგი ლეჟავა,,TRUE,elected_politicians.pdf
local_2017,__main__,council_smd,gd,ქართული ოცნება - დემოკრატიული საქართველო,41,,სამტრედიის,,,მერაბ,უღრელიძე,მერაბ უღრელიძე,,TRUE,elected_politicians.pdf
local_2017,__main__,council_smd,gd,ქართული ოცნება - დემოკრატიული საქართველო,41,,სამტრედიის,,,ვაჟა,კოხრეიძე,ვაჟა კოხრეიძე,,TRUE,elected_politicians.pdf
local_2017,__main__,council_smd,gd,ქართული ოცნება - დემოკრატიული საქართველო,41,,სამტრედიის,,,ხვიჩა,ფანცულაია,ხვიჩა ფანცულაია,,TRUE,elected_politicians.pdf
local_2017,__main__,council_smd,gd,ქართული ოცნება - დემოკრატიული საქართველო,41,,სამტრედიის,,,ვაჟა,სტურუა,ვაჟა სტურუა,,TRUE,elected_politicians.pdf
local_2017,__main__,council_smd,gd,ქართული ოცნება - დემოკრატიული საქართველო,41,,სამტრედიის,,,ტარიელ,თევზაძე,ტარიელ თევზაძე,,TRUE,elected_politicians.pdf
local_2017,__main__,council_smd,gd,ქართული ოცნება - დემოკრატიული საქართველო,41,,სამტრედიის,,,ბაია,იმესაშვილი,ბაია იმესაშვილი,,TRUE,elected_politicians.pdf
local_2017,__main__,council_smd,gd,ქართული ოცნება - დემოკრატიული საქართველო,41,,სამტრედიის,,,ილია,მჟავია,ილია მჟავია,,TRUE,elected_politicians.pdf
local_2017,__main__,council_smd,gd,ქართული ოცნება - დემოკრატიული საქართველო,41,,სამტრედიის,,,ბადრი,შენგელია,ბადრი შენგელია,,TRUE,elected_politicians.pdf
local_2017,__main__,mayor,gd,ქართული ოცნება - დემოკრატიული საქართველო,41,,სამტრედიის,,,ვალერიანე,ფოცხვერია,ვალერიანე ფოცხვერია,,TRUE,elected_politicians.pdf
local_2017,__main__,pr,european_georgia,"ბაქრაძე, უგულავა - ევროპული საქართველო",2,,ხონის,,,ზურაბ,ჯიბუხაია,ზურაბ ჯიბუხაია,,TRUE,elected_politicians.pdf
local_2017,__main__,pr,european_georgia,"ბაქრაძე, უგულავა - ევროპული საქართველო",2,,ხონის,,,ლევან,ბობოხიძე,ლევან ბობოხიძე,,TRUE,elected_politicians.pdf
local_2017,__main__,pr,european_georgia,"ბაქრაძე, უგულავა - ევროპული საქართველო",2,,ხონის,,,სერგო,ჯალაღანია,სერგო ჯალაღანია,,TRUE,elected_politicians.pdf
local_2017,__main__,pr,european_georgia,"ბაქრაძე, უგულავა - ევროპული საქართველო",2,,ხონის,,,ზაზა,ქუთათელაძე,ზაზა ქუთათელაძე,,TRUE,elected_politicians.pdf
local_2017,__main__,pr,european_georgia,"ბაქრაძე, უგულავა - ევროპული საქართველო",2,,ხონის,,,შორენა,ჭოლოკავა,შორენა ჭოლოკავა,,TRUE,elected_politicians.pdf
local_2017,__main__,pr,unm,ერთიანი ნაციონალური მოძრაობა,5,,ხონის,,,ნაზიბროლა,გეგია,ნაზიბროლა გეგია,,TRUE,elected_politicians.pdf
local_2017,__main__,pr,gd,ქართული ოცნება - დემოკრატიული საქართველო,41,,ხონის,,,ვალერ,ბახტაძე,ვალერ ბახტაძე,,TRUE,elected_politicians.pdf
local_2017,__main__,pr,gd,ქართული ოცნება - დემოკრატიული საქართველო,41,,ხონის,,,არსენი,ბენდელიანი,არსენი ბენდელიანი,,TRUE,elected_politicians.pdf
local_2017,__main__,pr,gd,ქართული ოცნება - დემოკრატიული საქართველო,41,,ხონის,,,ნანა,ბახტაძე,ნანა ბახტაძე,,TRUE,elected_politicians.pdf
local_2017,__main__,pr,gd,ქართული ოცნება - დემოკრატიული საქართველო,41,,ხონის,,,ალიკო,ვეკუა,ალიკო ვეკუა,,TRUE,elected_politicians.pdf
local_2017,__main__,pr,gd,ქართული ოცნება - დემოკრატიული საქართველო,41,,ხონის,,,გურამი,ბახტაძე,გურამი ბახტაძე,,TRUE,elected_politicians.pdf
local_2017,__main__,pr,gd,ქართული ოცნება - დემოკრატიული საქართველო,41,,ხონის,,,ჯუნგლი,გოდერიძე,ჯუნგლი გოდერიძე,,TRUE,elected_politicians.pdf
local_2017,__main__,pr,gd,ქართული ოცნება - დემოკრატიული საქართველო,41,,ხონის,,,არჩილ,საღარაძე,არჩილ საღარაძე,,TRUE,elected_politicians.pdf
local_2017,__main__,pr,gd,ქართული ოცნება - დემოკრატიული საქართველო,41,,ხონის,,,მაკა,ტაბიძე,მაკა ტაბიძე,,TRUE,elected_politicians.pdf
local_2017,__main__,pr,gd,ქართული ოცნება - დემოკრატიული საქართველო,41,,ხონის,,,ზაზა,რუხაძე,ზაზა რუხაძე,,TRUE,elected_politicians.pdf
local_2017,__main__,council_smd,gd,ქართული ოცნება - დემოკრატიული საქართველო,41,,ხონის,,,ლია,ღაჭავა,ლია ღაჭავა,,TRUE,elected_politicians.pdf
local_2017,__main__,council_smd,gd,ქართული ოცნება - დემოკრატიული საქართველო,41,,ხონის,,,შორენა,კაკაბაძე,შორენა კაკაბაძე,,TRUE,elected_politicians.pdf
local_2017,__main__,council_smd,european_georgia,"ბაქრაძე, უგულავა - ევროპული საქართველო",2,,ხონის,,,ლაშა,გედენიძე,ლაშა გედენიძე,,TRUE,elected_politicians.pdf
local_2017,__main__,council_smd,gd,ქართული ოცნება - დემოკრატიული საქართველო,41,,ხონის,,,თამაზი,ცაგარეიშვილი,თამაზი ცაგარეიშვილი,,TRUE,elected_politicians.pdf
local_2017,__main__,council_smd,gd,ქართული ოცნება - დემოკრატიული საქართველო,41,,ხონის,,,ზაზა,ვაშაკიძე,ზაზა ვაშაკიძე,,TRUE,elected_politicians.pdf
local_2017,__main__,council_smd,gd,ქართული ოცნება - დემოკრატიული საქართველო,41,,ხონის,,,ია,სულუხია,ია სულუხია,,TRUE,elected_politicians.pdf
local_2017,__main__,council_smd,independent,დამოუკიდებელი,,,ხონის,,,კახა,ფირცხალავა,კახა ფირცხალავა,,TRUE,elected_politicians.pdf
local_2017,__main__,council_smd,gd,ქართული ოცნება - დემოკრატიული საქართველო,41,,ხონის,,,დავით,ჯიშკარიანი,დავით ჯიშკარიანი,,TRUE,elected_politicians.pdf
local_2017,__main__,council_smd,gd,ქართული ოცნება - დემოკრატიული საქართველო,41,,ხონის,,,ოლეგი,ვაჭარაძე,ოლეგი ვაჭარაძე,,TRUE,elected_politicians.pdf
local_2017,__main__,council_smd,gd,ქართული ოცნება - დემოკრატიული საქართველო,41,,ხონის,,,ტარიელი,ბარაბაძე,ტარიელი ბარაბაძე,,TRUE,elected_politicians.pdf
local_2017,__main__,council_smd,gd,ქართული ოცნება - დემოკრატიული საქართველო,41,,ხონის,,,მათე,ჩანქსელიანი,მათე ჩანქსელიანი,,TRUE,elected_politicians.pdf
local_2017,__main__,council_smd,european_georgia,"ბაქრაძე, უგულავა - ევროპული საქართველო",2,,ხონის,,,კონსტანტინე,ჩერქეზია,კონსტანტინე ჩერქეზია,,TRUE,elected_politicians.pdf
local_2017,__main__,council_smd,european_georgia,"ბაქრაძე, უგულავა - ევროპული საქართველო",2,,ხონის,,,ნუგზარი,გორდულაძე,ნუგზარი გორდულაძე,,TRUE,elected_politicians.pdf
local_2017,__main__,mayor,european_georgia,"ბაქრაძე, უგულავა - ევროპული საქართველო",41,,ხონის,,,ლადო,ჯურხაძე,ლადო ჯურხაძე,,TRUE,elected_politicians.pdf
local_2017,__main__,pr,european_georgia,"ბაქრაძე, უგულავა - ევროპული საქართველო",2,,ჭიათურის,,,თენგიზ,სამხარაძე,თენგიზ სამხარაძე,,TRUE,elected_politicians.pdf
local_2017,__main__,pr,unm,ერთიანი ნაციონალური მოძრაობა,5,,ჭიათურის,,,პროკოფ,ჩიკვილაძე,პროკოფ ჩიკვილაძე,,TRUE,elected_politicians.pdf
local_2017,__main__,pr,unm,ერთიანი ნაციონალური მოძრაობა,5,,ჭიათურის,,,ვლადიმერ,კუპატაძე,ვლადიმერ კუპატაძე,,TRUE,elected_politicians.pdf
local_2017,__main__,pr,unm,ერთიანი ნაციონალური მოძრაობა,5,,ჭიათურის,,,ზურაბ,კეთილაძე,ზურაბ კეთილაძე,,TRUE,elected_politicians.pdf
local_2017,__main__,pr,patriots,"დავით თარხან-მოურავი, ირმა ინაშვილი - საქართველოს პატრიოტთა ალიანსი",8,,ჭიათურის,,,ამირანი,მაჩიტიძე,ამირანი მაჩიტიძე,,TRUE,elected_politicians.pdf
local_2017,__main__,pr,gd,ქართული ოცნება - დემოკრატიული საქართველო,41,,ჭიათურის,,,ავთანდილი,ვაშაძე,ავთანდილი ვაშაძე,,TRUE,elected_politicians.pdf
local_2017,__main__,pr,gd,ქართული ოცნება - დემოკრატიული საქართველო,41,,ჭიათურის,,,ნათელა,ხარაიშვილი,ნათელა ხარაიშვილი,,TRUE,elected_politicians.pdf
local_2017,__main__,pr,gd,ქართული ოცნება - დემოკრატიული საქართველო,41,,ჭიათურის,,,დავით,ლაბაძე,დავით ლაბაძე,,TRUE,elected_politicians.pdf
local_2017,__main__,pr,gd,ქართული ოცნება - დემოკრატიული საქართველო,41,,ჭიათურის,,,ზაზა,ჯოხაძე,ზაზა ჯოხაძე,,TRUE,elected_politicians.pdf
local_2017,__main__,pr,gd,ქართული ოცნება - დემოკრატიული საქართველო,41,,ჭიათურის,,,ვაჟა,სამხარაძე,ვაჟა სამხარაძე,,TRUE,elected_politicians.pdf
local_2017,__main__,pr,gd,ქართული ოცნება - დემოკრატიული საქართველო,41,,ჭიათურის,,,მალხაზ,გოგატიშვილი,მალხაზ გოგატიშვილი,,TRUE,elected_politicians.pdf
local_2017,__main__,pr,gd,ქართული ოცნება - დემოკრატიული საქართველო,41,,ჭიათურის,,,გივი,კიკნაძე,გივი კიკნაძე,,TRUE,elected_politicians.pdf
local_2017,__main__,pr,gd,ქართული ოცნება - დემოკრატიული საქართველო,41,,ჭიათურის,,,მალხაზ,ხუციშვილი,მალხაზ ხუციშვილი,,TRUE,elected_politicians.pdf
local_2017,__main__,pr,gd,ქართული ოცნება - დემოკრატიული საქართველო,41,,ჭიათურის,,,ნესტორი,ნოზაძე,ნესტორი ნოზაძე,,TRUE,elected_politicians.pdf
local_2017,__main__,pr,gd,ქართული ოცნება - დემოკრატიული საქართველო,41,,ჭიათურის,,,ბადრი,ჩინჩალაძე,ბადრი ჩინჩალაძე,,TRUE,elected_politicians.pdf
local_2017,__main__,council_smd,gd,ქართული ოცნება - დემოკრატიული საქართველო,41,,ჭიათურის,,,ალექსანდრე,ციცქიშვილი,ალექსანდრე ციცქიშვილი,,TRUE,elected_politicians.pdf
local_2017,__main__,council_smd,gd,ქართული ოცნება - დემოკრატიული საქართველო,41,,ჭიათურის,,,ქალაქის,ინაასანიძე,ქალაქის ინაასანიძე,,TRUE,elected_politicians.pdf
local_2017,__main__,council_smd,gd,ქართული ოცნება - დემოკრატიული საქართველო,41,,ჭიათურის,,,ბესარიონ,ნადირაძე,ბესარიონ ნადირაძე,,TRUE,elected_politicians.pdf
local_2017,__main__,council_smd,gd,ქართული ოცნება - დემოკრატიული საქართველო,41,,ჭიათურის,,,აკაკი,გვალია,აკაკი გვალია,,TRUE,elected_politicians.pdf
local_2017,__main__,council_smd,gd,ქართული ოცნება - დემოკრატიული საქართველო,41,,ჭიათურის,,,ზაზა,ცერცვაძე,ზაზა ცერცვაძე,,TRUE,elected_politicians.pdf
local_2017,__main__,council_smd,gd,ქართული ოცნება - დემოკრატიული საქართველო,41,,ჭიათურის,,,ირაკლი,მერმანიშვილი,ირაკლი მერმანიშვილი,,TRUE,elected_politicians.pdf
local_2017,__main__,council_smd,gd,ქართული ოცნება - დემოკრატიული საქართველო,41,,ჭიათურის,,,მარინა,სამხარაძე,მარინა სამხარაძე,,TRUE,elected_politicians.pdf
local_2017,__main__,council_smd,gd,ქართული ოცნება - დემოკრატიული საქართველო,41,,ჭიათურის,,,რომან,მუმლაძე,რომან მუმლაძე,,TRUE,elected_politicians.pdf
local_2017,__main__,council_smd,gd,ქართული ოცნება - დემოკრატიული საქართველო,41,,ჭიათურის,,,გელა,გელაშვილი,გელა გელაშვილი,,TRUE,elected_politicians.pdf
local_2017,__main__,council_smd,gd,ქართული ოცნება - დემოკრატიული საქართველო,41,,ჭიათურის,,,მამია,ლაბაძე,მამია ლაბაძე,,TRUE,elected_politicians.pdf
local_2017,__main__,council_smd,gd,ქართული ოცნება - დემოკრატიული საქართველო,41,,ჭიათურის,,,გიორგი,ვაშაძე,გიორგი ვაშაძე,,TRUE,elected_politicians.pdf
local_2017,__main__,council_smd,gd,ქართული ოცნება - დემოკრატიული საქართველო,41,,ჭიათურის,,,ზალი,სამხარაძე,ზალი სამხარაძე,,TRUE,elected_politicians.pdf
local_2017,__main__,council_smd,gd,ქართული ოცნება - დემოკრატიული საქართველო,41,,ჭიათურის,,,დავით,თაბაგარი,დავით თაბაგარი,,TRUE,elected_politicians.pdf
local_2017,__main__,council_smd,gd,ქართული ოცნება - დემოკრატიული საქართველო,41,,ჭიათურის,,,ვახტანგ,ცუცქირიძე,ვახტანგ ცუცქირიძე,,TRUE,elected_politicians.pdf
local_2017,__main__,council_smd,gd,ქართული ოცნება - დემოკრატიული საქართველო,41,,ჭიათურის,,,მევლუდი,მოდებაძე,მევლუდი მოდებაძე,,TRUE,elected_politicians.pdf
local_2017,__main__,council_smd,gd,ქართული ოცნება - დემოკრატიული საქართველო,41,,ჭიათურის,,,ნუგზარ,მიროტაძე,ნუგზარ მიროტაძე,,TRUE,elected_politicians.pdf
local_2017,__main__,council_smd,gd,ქართული ოცნება - დემოკრატიული საქართველო,41,,ჭიათურის,,,დავით,ბუზალაძე,დავით ბუზალაძე,,TRUE,elected_politicians.pdf
local_2017,__main__,council_smd,gd,ქართული ოცნება - დემოკრატიული საქართველო,41,,ჭიათურის,,,მიხეილ,ლაშხი,მიხეილ ლაშხი,,TRUE,elected_politicians.pdf
local_2017,__main__,mayor,gd,ქართული ოცნება - დემოკრატიული საქართველო,41,,ჭიათურის,,,პაატა,ნადირაძე,პაატა ნადირაძე,,TRUE,elected_politicians.pdf
local_2017,__main__,pr,european_georgia,"ბაქრაძე, უგულავა - ევროპული საქართველო",2,,ტყიბულის,,,რუსლან,ჯულაყიძე,რუსლან ჯულაყიძე,,TRUE,elected_politicians.pdf
local_2017,__main__,pr,european_georgia,"ბაქრაძე, უგულავა - ევროპული საქართველო",2,,ტყიბულის,,,რეზო,გაბრიჭიძე,რეზო გაბრიჭიძე,,TRUE,elected_politicians.pdf
local_2017,__main__,pr,free_georgia,"დიმიტრი ლორთქიფანიძე, კახა კუკავა-დემოკრატიული მოძრაობა-თავისუფალი საქართველო",3,,ტყიბულის,,,თენგიზ,ჭიქაბერიძე,თენგიზ ჭიქაბერიძე,,TRUE,elected_politicians.pdf
local_2017,__main__,pr,unm,ერთიანი ნაციონალური მოძრაობა,5,,ტყიბულის,,,დავითი,ქათამაძე,დავითი ქათამაძე,,TRUE,elected_politicians.pdf
local_2017,__main__,pr,unm,ერთიანი ნაციონალური მოძრაობა,5,,ტყიბულის,,,ლევანი,დოხნაძე,ლევანი დოხნაძე,,TRUE,elected_politicians.pdf
local_2017,__main__,pr,unm,ერთიანი ნაციონალური მოძრაობა,5,,ტყიბულის,,,დავითი,სოხაძე,დავითი სოხაძე,,TRUE,elected_politicians.pdf
local_2017,__main__,pr,patriots,"დავით თარხან-მოურავი, ირმა ინაშვილი - საქართველოს პატრიოტთა ალიანსი",8,,ტყიბულის,,,ბესიკი,ცქიფურიშვილი,ბესიკი ცქიფურიშვილი,,TRUE,elected_politicians.pdf
local_2017,__main__,pr,gd,ქართული ოცნება - დემოკრატიული საქართველო,41,,ტყიბულის,,,დავით,კუბლაშვილი,დავით კუბლაშვილი,,TRUE,elected_politicians.pdf
local_2017,__main__,pr,gd,ქართული ოცნება - დემოკრატიული საქართველო,41,,ტყიბულის,,,იოსებ,რობაქიძე,იოსებ რობაქიძე,,TRUE,elected_politicians.pdf
local_2017,__main__,pr,gd,ქართული ოცნება - დემოკრატიული საქართველო,41,,ტყიბულის,,,ნატალია,კობახიძე,ნატალია კობახიძე,,TRUE,elected_politicians.pdf
local_2017,__main__,pr,gd,ქართული ოცნება - დემოკრატიული საქართველო,41,,ტყიბულის,,,იური,ელიაშვილი,იური ელიაშვილი,,TRUE,elected_politicians.pdf
local_2017,__main__,pr,gd,ქართული ოცნება - დემოკრატიული საქართველო,41,,ტყიბულის,,,თამაზი,ფართლაძე,თამაზი ფართლაძე,,TRUE,elected_politicians.pdf
local_2017,__main__,pr,gd,ქართული ოცნება - დემოკრატიული საქართველო,41,,ტყიბულის,,,თემური,ძაგნიძე,თემური ძაგნიძე,,TRUE,elected_politicians.pdf
local_2017,__main__,pr,gd,ქართული ოცნება - დემოკრატიული საქართველო,41,,ტყიბულის,,,მიხეილ,ჯანელიძე,მიხეილ ჯანელიძე,,TRUE,elected_politicians.pdf
local_2017,__main__,pr,gd,ქართული ოცნება - დემოკრატიული საქართველო,41,,ტყიბულის,,,მარინა,რობაქიძე,მარინა რობაქიძე,,TRUE,elected_politicians.pdf
local_2017,__main__,council_smd,gd,ქართული ოცნება - დემოკრატიული საქართველო,41,,ტყიბულის,,,ირაკლი,აბესაძე,ირაკლი აბესაძე,,TRUE,elected_politicians.pdf
local_2017,__main__,council_smd,gd,ქართული ოცნება - დემოკრატიული საქართველო,41,,ტყიბულის,,,თეიმურაზი,ქელბაქიანი,თეიმურაზი ქელბაქიანი,,TRUE,elected_politicians.pdf
local_2017,__main__,council_smd,gd,ქართული ოცნება - დემოკრატიული საქართველო,41,,ტყიბულის,,,ბონდო,კუბლაშვილი,ბონდო კუბლაშვილი,,TRUE,elected_politicians.pdf
local_2017,__main__,council_smd,gd,ქართული ოცნება - დემოკრატიული საქართველო,41,,ტყიბულის,,,გიორგი,ნანიკაშვილი,გიორგი ნანიკაშვილი,,TRUE,elected_politicians.pdf
local_2017,__main__,council_smd,gd,ქართული ოცნება - დემოკრატიული საქართველო,41,,ტყიბულის,,,გიორგი,ავალიანი,გიორგი ავალიანი,,TRUE,elected_politicians.pdf
local_2017,__main__,council_smd,gd,ქართული ოცნება - დემოკრატიული საქართველო,41,,ტყიბულის,,,როლანდი,არსენაშვილი,როლანდი არსენაშვილი,,TRUE,elected_politicians.pdf
local_2017,__main__,council_smd,unm,ერთიანი ნაციონალური მოძრაობა,5,,ტყიბულის,,,გოჩა,სირბილაძე,გოჩა სირბილაძე,,TRUE,elected_politicians.pdf
local_2017,__main__,council_smd,gd,ქართული ოცნება - დემოკრატიული საქართველო,41,,ტყიბულის,,,იზოლდა,ნემსაძე,იზოლდა ნემსაძე,,TRUE,elected_politicians.pdf
local_2017,__main__,council_smd,gd,ქართული ოცნება - დემოკრატიული საქართველო,41,,ტყიბულის,,,მანუჩარი,გოტიაშვილი,მანუჩარი გოტიაშვილი,,TRUE,elected_politicians.pdf
local_2017,__main__,council_smd,gd,ქართული ოცნება - დემოკრატიული საქართველო,41,,ტყიბულის,,,გრიგოლი,ჩიხლაძე,გრიგოლი ჩიხლაძე,,TRUE,elected_politicians.pdf
local_2017,__main__,council_smd,gd,ქართული ოცნება - დემოკრატიული საქართველო,41,,ტყიბულის,,,ზვიადი,კუბლაშვილი,ზვიადი კუბლაშვილი,,TRUE,elected_politicians.pdf
local_2017,__main__,council_smd,gd,ქართული ოცნება - დემოკრატიული საქართველო,41,,ტყიბულის,,,ისიდორე,ლომთაძე,ისიდორე ლომთაძე,,TRUE,elected_politicians.pdf
local_2017,__main__,mayor,gd,ქართული ოცნება - დემოკრატიული საქართველო,41,,ტყიბულის,,,თემურ,ჩუბინიძე,თემურ ჩუბინიძე,,TRUE,elected_politicians.pdf
local_2017,__main__,pr,european_georgia,"ბაქრაძე, უგულავა - ევროპული საქართველო",2,,წყალტუბოს,,,სევერიან,გორდულაძე,სევერიან გორდულაძე,,TRUE,elected_politicians.pdf
local_2017,__main__,pr,european_georgia,"ბაქრაძე, უგულავა - ევროპული საქართველო",2,,წყალტუბოს,,,ავთანდილი,მოწონელიძე,ავთანდილი მოწონელიძე,,TRUE,elected_politicians.pdf
local_2017,__main__,pr,unm,ერთიანი ნაციონალური მოძრაობა,5,,წყალტუბოს,,,მამუკა,საღარეიშვილი,მამუკა საღარეიშვილი,,TRUE,elected_politicians.pdf
local_2017,__main__,pr,unm,ერთიანი ნაციონალური მოძრაობა,5,,წყალტუბოს,,,ზაზა,მეტრეველი,ზაზა მეტრეველი,,TRUE,elected_politicians.pdf
local_2017,__main__,pr,unm,ერთიანი ნაციონალური მოძრაობა,5,,წყალტუბოს,,,ზურაბ,ლექვინაძე,ზურაბ ლექვინაძე,,TRUE,elected_politicians.pdf
local_2017,__main__,pr,unm,ერთიანი ნაციონალური მოძრაობა,5,,წყალტუბოს,,,ალეკო,მარჯანიშვილი,ალეკო მარჯანიშვილი,,TRUE,elected_politicians.pdf
local_2017,__main__,pr,unm,ერთიანი ნაციონალური მოძრაობა,5,,წყალტუბოს,,,გიორგი,შუბლაძე,გიორგი შუბლაძე,,TRUE,elected_politicians.pdf
local_2017,__main__,pr,gd,ქართული ოცნება - დემოკრატიული საქართველო,41,,წყალტუბოს,,,ზურაბი,მაისურაძე,ზურაბი მაისურაძე,,TRUE,elected_politicians.pdf
local_2017,__main__,pr,gd,ქართული ოცნება - დემოკრატიული საქართველო,41,,წყალტუბოს,,,ნადია,მელქაძე,ნადია მელქაძე,,TRUE,elected_politicians.pdf
local_2017,__main__,pr,gd,ქართული ოცნება - დემოკრატიული საქართველო,41,,წყალტუბოს,,,თამარი,მამარდაშვილი,თამარი მამარდაშვილი,,TRUE,elected_politicians.pdf
local_2017,__main__,pr,gd,ქართული ოცნება - დემოკრატიული საქართველო,41,,წყალტუბოს,,,ვლადიმერი,ხურცია,ვლადიმერი ხურცია,,TRUE,elected_politicians.pdf
local_2017,__main__,pr,gd,ქართული ოცნება - დემოკრატიული საქართველო,41,,წყალტუბოს,,,მურმან,შალამბერიძე,მურმან შალამბერიძე,,TRUE,elected_politicians.pdf
local_2017,__main__,pr,gd,ქართული ოცნება - დემოკრატიული საქართველო,41,,წყალტუბოს,,,რომეო,ნიჟარაძე,რომეო ნიჟარაძე,,TRUE,elected_politicians.pdf
local_2017,__main__,pr,gd,ქართული ოცნება - დემოკრატიული საქართველო,41,,წყალტუბოს,,,ჯემალი,ფანცხავა,ჯემალი ფანცხავა,,TRUE,elected_politicians.pdf
local_2017,__main__,pr,gd,ქართული ოცნება - დემოკრატიული საქართველო,41,,წყალტუბოს,,,გიორგი,დოლიძე,გიორგი დოლიძე,,TRUE,elected_politicians.pdf
local_2017,__main__,council_smd,gd,ქართული ოცნება - დემოკრატიული საქართველო,41,,წყალტუბოს,,,მიხეილ,კაკაბაძე,მიხეილ კაკაბაძე,,TRUE,elected_politicians.pdf
local_2017,__main__,council_smd,gd,ქართული ოცნება - დემოკრატიული საქართველო,41,,წყალტუბოს,,,ლაშა,კაკრიაშვილი,ლაშა კაკრიაშვილი,,TRUE,elected_politicians.pdf
local_2017,__main__,council_smd,gd,ქართული ოცნება - დემოკრატიული საქართველო,41,,წყალტუბოს,,,ბადრი,პაპავა,ბადრი პაპავა,,TRUE,elected_politicians.pdf
local_2017,__main__,council_smd,gd,ქართული ოცნება - დემოკრატიული საქართველო,41,,წყალტუბოს,,,შალვა,კილაძე,შალვა კილაძე,,TRUE,elected_politicians.pdf
local_2017,__main__,council_smd,gd,ქართული ოცნება - დემოკრატიული საქართველო,41,,წყალტუბოს,,,დავითი,თუთბერიძე,დავითი თუთბერიძე,,TRUE,elected_politicians.pdf
local_2017,__main__,council_smd,gd,ქართული ოცნება - დემოკრატიული საქართველო,41,,წყალტუბოს,,,ონისე,ტყაბლაძე,ონისე ტყაბლაძე,,TRUE,elected_politicians.pdf
local_2017,__main__,council_smd,gd,ქართული ოცნება - დემოკრატიული საქართველო,41,,წყალტუბოს,,,სერგო,კირკიტაძე,სერგო კირკიტაძე,,TRUE,elected_politicians.pdf
local_2017,__main__,council_smd,gd,ქართული ოცნება - დემოკრატიული საქართველო,41,,წყალტუბოს,,,თენგიზ,ნიჟარაძე,თენგიზ ნიჟარაძე,,TRUE,elected_politicians.pdf
local_2017,__main__,council_smd,gd,ქართული ოცნება - დემოკრატიული საქართველო,41,,წყალტუბოს,,,დავით,ბანძელაძე,დავით ბანძელაძე,,TRUE,elected_politicians.pdf
local_2017,__main__,council_smd,gd,ქართული ოცნება - დემოკრატიული საქართველო,41,,წყალტუბოს,,,ზურაბი,ფუთურიძე,ზურაბი ფუთურიძე,,TRUE,elected_politicians.pdf
local_2017,__main__,council_smd,gd,ქართული ოცნება - დემოკრატიული საქართველო,41,,წყალტუბოს,,,პაატა,ახალაძე,პაატა ახალაძე,,TRUE,elected_politicians.pdf
local_2017,__main__,council_smd,gd,ქართული ოცნება - დემოკრატიული საქართველო,41,,წყალტუბოს,,,ირაკლი,გვანცელაძე,ირაკლი გვანცელაძე,,TRUE,elected_politicians.pdf
local_2017,__main__,council_smd,gd,ქართული ოცნება - დემოკრატიული საქართველო,41,,წყალტუბოს,,,რევაზი,დიდავა,რევაზი დიდავა,,TRUE,elected_politicians.pdf
local_2017,__main__,council_smd,gd,ქართული ოცნება - დემოკრატიული საქართველო,41,,წყალტუბოს,,,მაკა,ჭელიძე,მაკა ჭელიძე,,TRUE,elected_politicians.pdf
local_2017,__main__,council_smd,gd,ქართული ოცნება - დემოკრატიული საქართველო,41,,წყალტუბოს,,,ნაილი,ჭოლაძე,ნაილი ჭოლაძე,,TRUE,elected_politicians.pdf
local_2017,__main__,council_smd,gd,ქართული ოცნება - დემოკრატიული საქართველო,41,,წყალტუბოს,,,შალვა,ხარაბაძე,შალვა ხარაბაძე,,TRUE,elected_politicians.pdf
local_2017,__main__,council_smd,gd,ქართული ოცნება - დემოკრატიული საქართველო,41,,წყალტუბოს,,,ლევანი,მამაგეიშვილი,ლევანი მამაგეიშვილი,,TRUE,elected_politicians.pdf
local_2017,__main__,council_smd,gd,ქართული ოცნება - დემოკრატიული საქართველო,41,,წყალტუბოს,,,ლატავრა,ბენდელიანი,ლატავრა ბენდელიანი,,TRUE,elected_politicians.pdf
local_2017,__main__,council_smd,gd,ქართული ოცნება - დემოკრატიული საქართველო,41,,წყალტუბოს,,,გრიგოლი,ივანეიშვილი,გრიგოლი ივანეიშვილი,,TRUE,elected_politicians.pdf
local_2017,__main__,mayor,gd,ქართული ოცნება - დემოკრატიული საქართველო,41,,წყალტუბოს,,,გრიგოლ,იოსელიანი,გრიგოლ იოსელიანი,,TRUE,elected_politicians.pdf
local_2017,__main__,pr,european_georgia,"ბაქრაძე, უგულავა - ევროპული საქართველო",2,,თვითმმართველი ქალაქის - ქუთაისის,,,დავით,გოგისვანიძე,დავით გოგისვანიძე,,TRUE,elected_politicians.pdf
local_2017,__main__,pr,european_georgia,"ბაქრაძე, უგულავა - ევროპული საქართველო",2,,თვითმმართველი ქალაქის - ქუთაისის,,,ნანა,ქუმელაშვილი,ნანა ქუმელაშვილი,,TRUE,elected_politicians.pdf
local_2017,__main__,pr,unm,ერთიანი ნაციონალური მოძრაობა,5,,თვითმმართველი ქალაქის - ქუთაისის,,,ბესიკი,ბრეგაძე,ბესიკი ბრეგაძე,,TRUE,elected_politicians.pdf
local_2017,__main__,pr,unm,ერთიანი ნაციონალური მოძრაობა,5,,თვითმმართველი ქალაქის - ქუთაისის,,,გიორგი,უკლება,გიორგი უკლება,,TRUE,elected_politicians.pdf
local_2017,__main__,pr,unm,ერთიანი ნაციონალური მოძრაობა,5,,თვითმმართველი ქალაქის - ქუთაისის,,,ვლადიმერ,კლდიაშვილი,ვლადიმერ კლდიაშვილი,,TRUE,elected_politicians.pdf
local_2017,__main__,pr,unm,ერთიანი ნაციონალური მოძრაობა,5,,თვითმმართველი ქალაქის - ქუთაისის,,,გრიგოლი,შუშანია,გრიგოლი შუშანია,,TRUE,elected_politicians.pdf
local_2017,__main__,pr,gd,ქართული ოცნება - დემოკრატიული საქართველო,41,,თვითმმართველი ქალაქის - ქუთაისის,,,ნიკოლოზ,ლატარია,ნიკოლოზ ლატარია,,TRUE,elected_politicians.pdf
local_2017,__main__,pr,gd,ქართული ოცნება - დემოკრატიული საქართველო,41,,თვითმმართველი ქალაქის - ქუთაისის,,,მაია,სიმონიძე,მაია სიმონიძე,,TRUE,elected_politicians.pdf
local_2017,__main__,pr,gd,ქართული ოცნება - დემოკრატიული საქართველო,41,,თვითმმართველი ქალაქის - ქუთაისის,,,რამაზი,ჩხიკვაძე,რამაზი ჩხიკვაძე,,TRUE,elected_politicians.pdf
local_2017,__main__,pr,gd,ქართული ოცნება - დემოკრატიული საქართველო,41,,თვითმმართველი ქალაქის - ქუთაისის,,,ალექსანდრე,ახალაძე,ალექსანდრე ახალაძე,,TRUE,elected_politicians.pdf
local_2017,__main__,pr,gd,ქართული ოცნება - დემოკრატიული საქართველო,41,,თვითმმართველი ქალაქის - ქუთაისის,,,ოთარი,ლორთქიფანიძე,ოთარი ლორთქიფანიძე,,TRUE,elected_politicians.pdf
local_2017,__main__,pr,gd,ქართული ოცნება - დემოკრატიული საქართველო,41,,თვითმმართველი ქალაქის - ქუთაისის,,,ლაშა,გვენეტაძე,ლაშა გვენეტაძე,,TRUE,elected_politicians.pdf
local_2017,__main__,pr,gd,ქართული ოცნება - დემოკრატიული საქართველო,41,,თვითმმართველი ქალაქის - ქუთაისის,,,ნანა,კოსტავა,ნანა კოსტავა,,TRUE,elected_politicians.pdf
local_2017,__main__,pr,gd,ქართული ოცნება - დემოკრატიული საქართველო,41,,თვითმმართველი ქალაქის - ქუთაისის,,,დათო,წულეისკირი,დათო წულეისკირი,,TRUE,elected_politicians.pdf
local_2017,__main__,pr,gd,ქართული ოცნება - დემოკრატიული საქართველო,41,,თვითმმართველი ქალაქის - ქუთაისის,,,ვლასი,გარდაფხაძე,ვლასი გარდაფხაძე,,TRUE,elected_politicians.pdf
local_2017,__main__,council_smd,gd,ქართული ოცნება - დემოკრატიული საქართველო,41,,თვითმმართველი ქალაქის - ქუთაისის,,,მერაბ,კვიცარიძე,მერაბ კვიცარიძე,,TRUE,elected_politicians.pdf
local_2017,__main__,council_smd,gd,ქართული ოცნება - დემოკრატიული საქართველო,41,,თვითმმართველი ქალაქის - ქუთაისის,,,იმედა,საღინაძე,იმედა საღინაძე,,TRUE,elected_politicians.pdf
local_2017,__main__,council_smd,gd,ქართული ოცნება - დემოკრატიული საქართველო,41,,თვითმმართველი ქალაქის - ქუთაისის,,,ირაკლი,შენგელია,ირაკლი შენგელია,,TRUE,elected_politicians.pdf
local_2017,__main__,council_smd,gd,ქართული ოცნება - დემოკრატიული საქართველო,41,,თვითმმართველი ქალაქის - ქუთაისის,,,ამირან,კოპალეიშვილი,ამირან კოპალეიშვილი,,TRUE,elected_politicians.pdf
local_2017,__main__,council_smd,gd,ქართული ოცნება - დემოკრატიული საქართველო,41,,თვითმმართველი ქალაქის - ქუთაისის,,,გიორგი,ჭეიშვილი,გიორგი ჭეიშვილი,,TRUE,elected_politicians.pdf
local_2017,__main__,council_smd,gd,ქართული ოცნება - დემოკრატიული საქართველო,41,,თვითმმართველი ქალაქის - ქუთაისის,,,მარეხი,ნიჟარაძე,მარეხი ნიჟარაძე,,TRUE,elected_politicians.pdf
local_2017,__main__,council_smd,gd,ქართული ოცნება - დემოკრატიული საქართველო,41,,თვითმმართველი ქალაქის - ქუთაისის,,,ელეონორა,არჩაია,ელეონორა არჩაია,,TRUE,elected_politicians.pdf
local_2017,__main__,council_smd,gd,ქართული ოცნება - დემოკრატიული საქართველო,41,,თვითმმართველი ქალაქის - ქუთაისის,,,ნიკოლოზი,ჩეჩელაშვილი,ნიკოლოზი ჩეჩელაშვილი,,TRUE,elected_politicians.pdf
local_2017,__main__,council_smd,gd,ქართული ოცნება - დემოკრატიული საქართველო,41,,თვითმმართველი ქალაქის - ქუთაისის,,,კახაბერ,ბოჭორიშვილი,კახაბერ ბოჭორიშვილი,,TRUE,elected_politicians.pdf
local_2017,__main__,council_smd,gd,ქართული ოცნება - დემოკრატიული საქართველო,41,,თვითმმართველი ქალაქის - ქუთაისის,,,მამუკა,რიჟამაძე,მამუკა რიჟამაძე,,TRUE,elected_politicians.pdf
local_2017,__main__,mayor,gd,ქართული ოცნება - დემოკრატიული საქართველო,41,,თვითმმართველი ქალაქის - ქუთაისის,,,გიორგი,ჭიღვარია,გიორგი ჭიღვარია,,TRUE,elected_politicians.pdf
local_2017,__main__,pr,european_georgia,"ბაქრაძე, უგულავა - ევროპული საქართველო",2,,ოზურგეთის,,,მიხეილ,გოგოტიშვილი,მიხეილ გოგოტიშვილი,,TRUE,elected_politicians.pdf
local_2017,__main__,pr,unm,ერთიანი ნაციონალური მოძრაობა,5,,ოზურგეთის,,,შალვა,თავდიშვილი,შალვა თავდიშვილი,,TRUE,elected_politicians.pdf
local_2017,__main__,pr,unm,ერთიანი ნაციონალური მოძრაობა,5,,ოზურგეთის,,,თორნიკე,გოგუაძე,თორნიკე გოგუაძე,,TRUE,elected_politicians.pdf
local_2017,__main__,pr,patriots,"დავით თარხან-მოურავი, ირმა ინაშვილი - საქართველოს პატრიოტთა ალიანსი",8,,ოზურგეთის,,,შოთა,გოგიბერიძე,შოთა გოგიბერიძე,,TRUE,elected_politicians.pdf
local_2017,__main__,pr,patriots,"დავით თარხან-მოურავი, ირმა ინაშვილი - საქართველოს პატრიოტთა ალიანსი",8,,ოზურგეთის,,,ნანული,ორაგველიძე,ნანული ორაგველიძე,,TRUE,elected_politicians.pdf
local_2017,__main__,pr,labour,შალვა ნათელაშვილი - საქართველოს ლეიბორისტული პარტია,10,,ოზურგეთის,,,დავით,მამალაძე,დავით მამალაძე,,TRUE,elected_politicians.pdf
local_2017,__main__,pr,gd,ქართული ოცნება - დემოკრატიული საქართველო,41,,ოზურგეთის,,,დავით,დარჩია,დავით დარჩია,,TRUE,elected_politicians.pdf
local_2017,__main__,pr,gd,ქართული ოცნება - დემოკრატიული საქართველო,41,,ოზურგეთის,,,გიორგი,ღურჯუმელიძე,გიორგი ღურჯუმელიძე,,TRUE,elected_politicians.pdf
local_2017,__main__,pr,gd,ქართული ოცნება - დემოკრატიული საქართველო,41,,ოზურგეთის,,,მარიკა,ჩხიკვიშვილი,მარიკა ჩხიკვიშვილი,,TRUE,elected_politicians.pdf
local_2017,__main__,pr,gd,ქართული ოცნება - დემოკრატიული საქართველო,41,,ოზურგეთის,,,ლავრენტი,ბიგვავა,ლავრენტი ბიგვავა,,TRUE,elected_politicians.pdf
local_2017,__main__,pr,gd,ქართული ოცნება - დემოკრატიული საქართველო,41,,ოზურგეთის,,,ქეთევან,ვასაძე,ქეთევან ვასაძე,,TRUE,elected_politicians.pdf
local_2017,__main__,pr,gd,ქართული ოცნება - დემოკრატიული საქართველო,41,,ოზურგეთის,,,ბახვა,დოლიძე,ბახვა დოლიძე,,TRUE,elected_politicians.pdf
local_2017,__main__,pr,gd,ქართული ოცნება - დემოკრატიული საქართველო,41,,ოზურგეთის,,,ხათუნა,ცერცვაძე,ხათუნა ცერცვაძე,,TRUE,elected_politicians.pdf
local_2017,__main__,pr,gd,ქართული ოცნება - დემოკრატიული საქართველო,41,,ოზურგეთის,,,გენო,ჩავლეშვილი,გენო ჩავლეშვილი,,TRUE,elected_politicians.pdf
local_2017,__main__,pr,gd,ქართული ოცნება - დემოკრატიული საქართველო,41,,ოზურგეთის,,,ვასილ,ჩიგოგიძე,ვასილ ჩიგოგიძე,,TRUE,elected_politicians.pdf
local_2017,__main__,council_smd,gd,ქართული ოცნება - დემოკრატიული საქართველო,41,,ოზურგეთის,,,ლელა,საჯაია,ლელა საჯაია,,TRUE,elected_politicians.pdf
local_2017,__main__,council_smd,independent,დამოუკიდებელი,,,ოზურგეთის,,,ლევან,მგელაძე,ლევან მგელაძე,,TRUE,elected_politicians.pdf
local_2017,__main__,council_smd,gd,ქართული ოცნება - დემოკრატიული საქართველო,41,,ოზურგეთის,,,ლევან,თოიძე,ლევან თოიძე,,TRUE,elected_politicians.pdf
local_2017,__main__,council_smd,gd,ქართული ოცნება - დემოკრატიული საქართველო,41,,ოზურგეთის,,,გიორგი,ჩაგანავა,გიორგი ჩაგანავა,,TRUE,elected_politicians.pdf
local_2017,__main__,council_smd,gd,ქართული ოცნება - დემოკრატიული საქართველო,41,,ოზურგეთის,,,ვალოდია,ბერიძე,ვალოდია ბერიძე,,TRUE,elected_politicians.pdf
local_2017,__main__,council_smd,gd,ქართული ოცნება - დემოკრატიული საქართველო,41,,ოზურგეთის,,,გოჩა,მდინარაძე,გოჩა მდინარაძე,,TRUE,elected_politicians.pdf
local_2017,__main__,council_smd,unm,ერთიანი ნაციონალური მოძრაობა,5,,ოზურგეთის,,,ბესიკი,ქათამაძე,ბესიკი ქათამაძე,,TRUE,elected_politicians.pdf
local_2017,__main__,council_smd,gd,ქართული ოცნება - დემოკრატიული საქართველო,41,,ოზურგეთის,,,ლევან,ნინიძე,ლევან ნინიძე,,TRUE,elected_politicians.pdf
local_2017,__main__,council_smd,gd,ქართული ოცნება - დემოკრატიული საქართველო,41,,ოზურგეთის,,,პაატა,კიღურაძე,პაატა კიღურაძე,,TRUE,elected_politicians.pdf
local_2017,__main__,council_smd,gd,ქართული ოცნება - დემოკრატიული საქართველო,41,,ოზურგეთის,,,ეროდი,გორდელაძე,ეროდი გორდელაძე,,TRUE,elected_politicians.pdf
local_2017,__main__,council_smd,gd,ქართული ოცნება - დემოკრატიული საქართველო,41,,ოზურგეთის,,,გელა,ჩავლეშვილი,გელა ჩავლეშვილი,,TRUE,elected_politicians.pdf
local_2017,__main__,council_smd,independent,დამოუკიდებელი,,,ოზურგეთის,,,მაია,ზოიძე,მაია ზოიძე,,TRUE,elected_politicians.pdf
local_2017,__main__,council_smd,gd,ქართული ოცნება - დემოკრატიული საქართველო,41,,ოზურგეთის,,,როზეტა,სკამკოჩაიშვილი,როზეტა სკამკოჩაიშვილი,,TRUE,elected_politicians.pdf
local_2017,__main__,council_smd,gd,ქართული ოცნება - დემოკრატიული საქართველო,41,,ოზურგეთის,,,ვახტანგ,ნიჟარაძე,ვახტანგ ნიჟარაძე,,TRUE,elected_politicians.pdf
local_2017,__main__,council_smd,gd,ქართული ოცნება - დემოკრატიული საქართველო,41,,ოზურგეთის,,,ვალერიან,ჩხაიძე,ვალერიან ჩხაიძე,,TRUE,elected_politicians.pdf
local_2017,__main__,council_smd,gd,ქართული ოცნება - დემოკრატიული საქართველო,41,,ოზურგეთის,,,ტარიელ,აროშიძე,ტარიელ აროშიძე,,TRUE,elected_politicians.pdf
local_2017,__main__,council_smd,gd,ქართული ოცნება - დემოკრატიული საქართველო,41,,ოზურგეთის,,,გიორგი,თოიძე,გიორგი თოიძე,,TRUE,elected_politicians.pdf
local_2017,__main__,council_smd,gd,ქართული ოცნება - დემოკრატიული საქართველო,41,,ოზურგეთის,,,ბექა,თოიძე,ბექა თოიძე,,TRUE,elected_politicians.pdf
local_2017,__main__,council_smd,gd,ქართული ოცნება - დემოკრატიული საქართველო,41,,ოზურგეთის,,,ლევან,კილაძე,ლევან კილაძე,,TRUE,elected_politicians.pdf
local_2017,__main__,council_smd,gd,ქართული ოცნება - დემოკრატიული საქართველო,41,,ოზურგეთის,,,ალექსანდრე,ღლონტი,ალექსანდრე ღლონტი,,TRUE,elected_politicians.pdf
local_2017,__main__,council_smd,gd,ქართული ოცნება - დემოკრატიული საქართველო,41,,ოზურგეთის,,,ვლადიმერ,ჩავლეშვილი,ვლადიმერ ჩავლეშვილი,,TRUE,elected_politicians.pdf
local_2017,__main__,council_smd,gd,ქართული ოცნება - დემოკრატიული საქართველო,41,,ოზურგეთის,,,ჯემალ,თავართქილაძე,ჯემალ თავართქილაძე,,TRUE,elected_politicians.pdf
local_2017,__main__,council_smd,gd,ქართული ოცნება - დემოკრატიული საქართველო,41,,ოზურგეთის,,,თამაზ,ტუღუში,თამაზ ტუღუში,,TRUE,elected_politicians.pdf
local_2017,__main__,council_smd,gd,ქართული ოცნება - დემოკრატიული საქართველო,41,,ოზურგეთის,,,ვლადიმერ,ღლონტი,ვლადიმერ ღლონტი,,TRUE,elected_politicians.pdf
local_2017,__main__,council_smd,gd,ქართული ოცნება - დემოკრატიული საქართველო,41,,ოზურგეთის,,,გოჩა,კილაძე,გოჩა კილაძე,,TRUE,elected_politicians.pdf
local_2017,__main__,council_smd,gd,ქართული ოცნება - დემოკრატიული საქართველო,41,,ოზურგეთის,,,თამაზ,ბურჭულაძე,თამაზ ბურჭულაძე,,TRUE,elected_politicians.pdf
local_2017,__main__,council_smd,gd,ქართული ოცნება - დემოკრატიული საქართველო,41,,ოზურგეთის,,,დავით,ჭაკნელიძე,დავით ჭაკნელიძე,,TRUE,elected_politicians.pdf
local_2017,__main__,council_smd,gd,ქართული ოცნება - დემოკრატიული საქართველო,41,,ოზურგეთის,,,ლალი,სიჭინავა,ლალი სიჭინავა,,TRUE,elected_politicians.pdf
local_2017,__main__,council_smd,gd,ქართული ოცნება - დემოკრატიული საქართველო,41,,ოზურგეთის,,,ტიტე,მგელაძე,ტიტე მგელაძე,,TRUE,elected_politicians.pdf
local_2017,__main__,council_smd,unm,ერთიანი ნაციონალური მოძრაობა,5,,ოზურგეთის,,,დავით,მჟავანაძე,დავით მჟავანაძე,,TRUE,elected_politicians.pdf
local_2017,__main__,council_smd,gd,ქართული ოცნება - დემოკრატიული საქართველო,41,,ოზურგეთის,,,მერაბ,ბერიძე,მერაბ ბერიძე,,TRUE,elected_politicians.pdf
local_2017,__main__,mayor,independent,დამოუკიდებელი,42,,ოზურგეთის,,,კონსტანტინე,შარაშენიძე,კონსტანტინე შარაშენიძე,,TRUE,elected_politicians.pdf
local_2017,__main__,pr,european_georgia,"ბაქრაძე, უგულავა - ევროპული საქართველო",2,,ლანჩხუთის,,,ირაკლი,მარშანიშვილი,ირაკლი მარშანიშვილი,,TRUE,elected_politicians.pdf
local_2017,__main__,pr,european_georgia,"ბაქრაძე, უგულავა - ევროპული საქართველო",2,,ლანჩხუთის,,,ამირან,გიგინეიშვილი,ამირან გიგინეიშვილი,,TRUE,elected_politicians.pdf
local_2017,__main__,pr,unm,ერთიანი ნაციონალური მოძრაობა,5,,ლანჩხუთის,,,კახაბერ,ასკურავა,კახაბერ ასკურავა,,TRUE,elected_politicians.pdf
local_2017,__main__,pr,unm,ერთიანი ნაციონალური მოძრაობა,5,,ლანჩხუთის,,,იოსებ,ჩხაიძე,იოსებ ჩხაიძე,,TRUE,elected_politicians.pdf
local_2017,__main__,pr,patriots,"დავით თარხან-მოურავი, ირმა ინაშვილი - საქართველოს პატრიოტთა ალიანსი",8,,ლანჩხუთის,,,ლელა,ჩახვაძე,ლელა ჩახვაძე,,TRUE,elected_politicians.pdf
local_2017,__main__,pr,gd,ქართული ოცნება - დემოკრატიული საქართველო,41,,ლანჩხუთის,,,ვლადიმერ,ნანაძე,ვლადიმერ ნანაძე,,TRUE,elected_politicians.pdf
local_2017,__main__,pr,gd,ქართული ოცნება - დემოკრატიული საქართველო,41,,ლანჩხუთის,,,რევაზ,კვერენჩხილაძე,რევაზ კვერენჩხილაძე,,TRUE,elected_politicians.pdf
local_2017,__main__,pr,gd,ქართული ოცნება - დემოკრატიული საქართველო,41,,ლანჩხუთის,,,ვერიკო,კვირკველია,ვერიკო კვირკველია,,TRUE,elected_politicians.pdf
local_2017,__main__,pr,gd,ქართული ოცნება - დემოკრატიული საქართველო,41,,ლანჩხუთის,,,თორნიკე,ტიკაძე,თორნიკე ტიკაძე,,TRUE,elected_politicians.pdf
local_2017,__main__,pr,gd,ქართული ოცნება - დემოკრატიული საქართველო,41,,ლანჩხუთის,,,ალექსანდრე,მახათაძე,ალექსანდრე მახათაძე,,TRUE,elected_politicians.pdf
local_2017,__main__,pr,gd,ქართული ოცნება - დემოკრატიული საქართველო,41,,ლანჩხუთის,,,ციცინო,ჩხაიძე,ციცინო ჩხაიძე,,TRUE,elected_politicians.pdf
local_2017,__main__,pr,gd,ქართული ოცნება - დემოკრატიული საქართველო,41,,ლანჩხუთის,,,ბესიკ,კუპრაძე,ბესიკ კუპრაძე,,TRUE,elected_politicians.pdf
local_2017,__main__,pr,gd,ქართული ოცნება - დემოკრატიული საქართველო,41,,ლანჩხუთის,,,ამირან,ქანთარია,ამირან ქანთარია,,TRUE,elected_politicians.pdf
local_2017,__main__,pr,gd,ქართული ოცნება - დემოკრატიული საქართველო,41,,ლანჩხუთის,,,ზაალ,სანაძე,ზაალ სანაძე,,TRUE,elected_politicians.pdf
local_2017,__main__,pr,gd,ქართული ოცნება - დემოკრატიული საქართველო,41,,ლანჩხუთის,,,კახა,ბოლქვაძე,კახა ბოლქვაძე,,TRUE,elected_politicians.pdf
local_2017,__main__,council_smd,gd,ქართული ოცნება - დემოკრატიული საქართველო,41,,ლანჩხუთის,,,კარლო,კვიტაიშვილი,კარლო კვიტაიშვილი,,TRUE,elected_politicians.pdf
local_2017,__main__,council_smd,gd,ქართული ოცნება - დემოკრატიული საქართველო,41,,ლანჩხუთის,,,გიორგი,გვარჯალაძე,გიორგი გვარჯალაძე,,TRUE,elected_politicians.pdf
local_2017,__main__,council_smd,gd,ქართული ოცნება - დემოკრატიული საქართველო,41,,ლანჩხუთის,,,გოგი,მორჩილაძე,გოგი მორჩილაძე,,TRUE,elected_politicians.pdf
local_2017,__main__,council_smd,gd,ქართული ოცნება - დემოკრატიული საქართველო,41,,ლანჩხუთის,,,ემზარ,თევდორაძე,ემზარ თევდორაძე,,TRUE,elected_politicians.pdf
local_2017,__main__,council_smd,gd,ქართული ოცნება - დემოკრატიული საქართველო,41,,ლანჩხუთის,,,ცისანა,ურუშაძე,ცისანა ურუშაძე,,TRUE,elected_politicians.pdf
local_2017,__main__,council_smd,gd,ქართული ოცნება - დემოკრატიული საქართველო,41,,ლანჩხუთის,,,ელისო,ჭიჭინაძე,ელისო ჭიჭინაძე,,TRUE,elected_politicians.pdf
local_2017,__main__,council_smd,gd,ქართული ოცნება - დემოკრატიული საქართველო,41,,ლანჩხუთის,,,ოთარ,პატიეშვილი,ოთარ პატიეშვილი,,TRUE,elected_politicians.pdf
local_2017,__main__,council_smd,gd,ქართული ოცნება - დემოკრატიული საქართველო,41,,ლანჩხუთის,,,გოდერძი,ქურიძე,გოდერძი ქურიძე,,TRUE,elected_politicians.pdf
local_2017,__main__,council_smd,gd,ქართული ოცნება - დემოკრატიული საქართველო,41,,ლანჩხუთის,,,ბესიკ,ტაბიძე,ბესიკ ტაბიძე,,TRUE,elected_politicians.pdf
local_2017,__main__,council_smd,gd,ქართული ოცნება - დემოკრატიული საქართველო,41,,ლანჩხუთის,,,ზაზა,წულაძე,ზაზა წულაძე,,TRUE,elected_politicians.pdf
local_2017,__main__,council_smd,gd,ქართული ოცნება - დემოკრატიული საქართველო,41,,ლანჩხუთის,,,დავით,ჩხარტიშვილი,დავით ჩხარტიშვილი,,TRUE,elected_politicians.pdf
local_2017,__main__,council_smd,gd,ქართული ოცნება - დემოკრატიული საქართველო,41,,ლანჩხუთის,,,ზურაბ,კუკულავა,ზურაბ კუკულავა,,TRUE,elected_politicians.pdf
local_2017,__main__,council_smd,gd,ქართული ოცნება - დემოკრატიული საქართველო,41,,ლანჩხუთის,,,კახა,თედორაძე,კახა თედორაძე,,TRUE,elected_politicians.pdf
local_2017,__main__,council_smd,gd,ქართული ოცნება - დემოკრატიული საქართველო,41,,ლანჩხუთის,,,აკაკი,იმნაიშვილი,აკაკი იმნაიშვილი,,TRUE,elected_politicians.pdf
local_2017,__main__,council_smd,gd,ქართული ოცნება - დემოკრატიული საქართველო,41,,ლანჩხუთის,,,გიორგი,ჩახვაძე,გიორგი ჩახვაძე,,TRUE,elected_politicians.pdf
local_2017,__main__,council_smd,gd,ქართული ოცნება - დემოკრატიული საქართველო,41,,ლანჩხუთის,,,რეზო,კვაჭაძე,რეზო კვაჭაძე,,TRUE,elected_politicians.pdf
local_2017,__main__,council_smd,gd,ქართული ოცნება - დემოკრატიული საქართველო,41,,ლანჩხუთის,,,სპარტაკ,კვაჭაძე,სპარტაკ კვაჭაძე,,TRUE,elected_politicians.pdf
local_2017,__main__,mayor,gd,ქართული ოცნება - დემოკრატიული საქართველო,41,,ლანჩხუთის,,,ალექსანდრე,სარიშვილი,ალექსანდრე სარიშვილი,,TRUE,elected_politicians.pdf
local_2017,__main__,pr,european_georgia,"ბაქრაძე, უგულავა - ევროპული საქართველო",2,,ჩოხატაურის,,,ლია,ჩიგოგიძე,ლია ჩიგოგიძე,,TRUE,elected_politicians.pdf
local_2017,__main__,pr,european_georgia,"ბაქრაძე, უგულავა - ევროპული საქართველო",2,,ჩოხატაურის,,,მინდია,დოლიძე,მინდია დოლიძე,,TRUE,elected_politicians.pdf
local_2017,__main__,pr,unm,ერთიანი ნაციონალური მოძრაობა,5,,ჩოხატაურის,,,მამია,ბარამიძე,მამია ბარამიძე,,TRUE,elected_politicians.pdf
local_2017,__main__,pr,patriots,"დავით თარხან-მოურავი, ირმა ინაშვილი - საქართველოს პატრიოტთა ალიანსი",8,,ჩოხატაურის,,,მაია,კუტუბიძე,მაია კუტუბიძე,,TRUE,elected_politicians.pdf
local_2017,__main__,pr,patriots,"დავით თარხან-მოურავი, ირმა ინაშვილი - საქართველოს პატრიოტთა ალიანსი",8,,ჩოხატაურის,,,ირაკლი,ახობაძე,ირაკლი ახობაძე,,TRUE,elected_politicians.pdf
local_2017,__main__,pr,construction_movement_2017,შენების მოძრაობა,20,,ჩოხატაურის,,,გოჩა,მეგრელიშვილი,გოჩა მეგრელიშვილი,,TRUE,elected_politicians.pdf
local_2017,__main__,pr,gd,ქართული ოცნება - დემოკრატიული საქართველო,41,,ჩოხატაურის,,,ზაალ,მამალაძე,ზაალ მამალაძე,,TRUE,elected_politicians.pdf
local_2017,__main__,pr,gd,ქართული ოცნება - დემოკრატიული საქართველო,41,,ჩოხატაურის,,,ბექა,გამდლიშვილი,ბექა გამდლიშვილი,,TRUE,elected_politicians.pdf
local_2017,__main__,pr,gd,ქართული ოცნება - დემოკრატიული საქართველო,41,,ჩოხატაურის,,,მანანა,მინდაძე,მანანა მინდაძე,,TRUE,elected_politicians.pdf
local_2017,__main__,pr,gd,ქართული ოცნება - დემოკრატიული საქართველო,41,,ჩოხატაურის,,,მარინე,ბერაძე,მარინე ბერაძე,,TRUE,elected_politicians.pdf
local_2017,__main__,pr,gd,ქართული ოცნება - დემოკრატიული საქართველო,41,,ჩოხატაურის,,,დავით,შარაშიძე,დავით შარაშიძე,,TRUE,elected_politicians.pdf
local_2017,__main__,pr,gd,ქართული ოცნება - დემოკრატიული საქართველო,41,,ჩოხატაურის,,,თემურ,ხუხუნაიშვილი,თემურ ხუხუნაიშვილი,,TRUE,elected_politicians.pdf
local_2017,__main__,pr,gd,ქართული ოცნება - დემოკრატიული საქართველო,41,,ჩოხატაურის,,,მაია,გიორგაძე,მაია გიორგაძე,,TRUE,elected_politicians.pdf
local_2017,__main__,pr,gd,ქართული ოცნება - დემოკრატიული საქართველო,41,,ჩოხატაურის,,,შალვა,ჩანტლაძე,შალვა ჩანტლაძე,,TRUE,elected_politicians.pdf
local_2017,__main__,pr,gd,ქართული ოცნება - დემოკრატიული საქართველო,41,,ჩოხატაურის,,,ალექსანდრე,ყაჭეიშვილი,ალექსანდრე ყაჭეიშვილი,,TRUE,elected_politicians.pdf
local_2017,__main__,council_smd,gd,ქართული ოცნება - დემოკრატიული საქართველო,41,,ჩოხატაურის,,,დავით,ბერძენიშვილი,დავით ბერძენიშვილი,,TRUE,elected_politicians.pdf
local_2017,__main__,council_smd,gd,ქართული ოცნება - დემოკრატიული საქართველო,41,,ჩოხატაურის,,,ქეთევან,სიხარულიძე,ქეთევან სიხარულიძე,,TRUE,elected_politicians.pdf
local_2017,__main__,council_smd,gd,ქართული ოცნება - დემოკრატიული საქართველო,41,,ჩოხატაურის,,,ზვიად,წეროძე,ზვიად წეროძე,,TRUE,elected_politicians.pdf
local_2017,__main__,council_smd,gd,ქართული ოცნება - დემოკრატიული საქართველო,41,,ჩოხატაურის,,,აკაკი,ყაჭეიშვილი,აკაკი ყაჭეიშვილი,,TRUE,elected_politicians.pdf
local_2017,__main__,council_smd,gd,ქართული ოცნება - დემოკრატიული საქართველო,41,,ჩოხატაურის,,,დავით,ტყეშელიაძე,დავით ტყეშელიაძე,,TRUE,elected_politicians.pdf
local_2017,__main__,council_smd,gd,ქართული ოცნება - დემოკრატიული საქართველო,41,,ჩოხატაურის,,,ლაშა,თოლორდავა,ლაშა თოლორდავა,,TRUE,elected_politicians.pdf
local_2017,__main__,council_smd,gd,ქართული ოცნება - დემოკრატიული საქართველო,41,,ჩოხატაურის,,,გოჩა,ჯიქია,გოჩა ჯიქია,,TRUE,elected_politicians.pdf
local_2017,__main__,council_smd,gd,ქართული ოცნება - დემოკრატიული საქართველო,41,,ჩოხატაურის,,,გიორგი,რამიშვილი,გიორგი რამიშვილი,,TRUE,elected_politicians.pdf
local_2017,__main__,council_smd,gd,ქართული ოცნება - დემოკრატიული საქართველო,41,,ჩოხატაურის,,,ნატო,ჩანტლაძე,ნატო ჩანტლაძე,,TRUE,elected_politicians.pdf
local_2017,__main__,council_smd,independent,დამოუკიდებელი,,,ჩოხატაურის,,,ლევან,ლომინეიშვილი,ლევან ლომინეიშვილი,,TRUE,elected_politicians.pdf
local_2017,__main__,council_smd,gd,ქართული ოცნება - დემოკრატიული საქართველო,41,,ჩოხატაურის,,,ერეკლე,უღრელიძე,ერეკლე უღრელიძე,,TRUE,elected_politicians.pdf
local_2017,__main__,council_smd,gd,ქართული ოცნება - დემოკრატიული საქართველო,41,,ჩოხატაურის,,,გივი,თავაძე,გივი თავაძე,,TRUE,elected_politicians.pdf
local_2017,__main__,council_smd,gd,ქართული ოცნება - დემოკრატიული საქართველო,41,,ჩოხატაურის,,,უშანგი,ართმელაძე,უშანგი ართმელაძე,,TRUE,elected_politicians.pdf
local_2017,__main__,council_smd,gd,ქართული ოცნება - დემოკრატიული საქართველო,41,,ჩოხატაურის,,,ენვერი,ახალაძე,ენვერი ახალაძე,,TRUE,elected_politicians.pdf
local_2017,__main__,council_smd,gd,ქართული ოცნება - დემოკრატიული საქართველო,41,,ჩოხატაურის,,,ალექსანდრე,შარაშიძე,ალექსანდრე შარაშიძე,,TRUE,elected_politicians.pdf
local_2017,__main__,council_smd,gd,ქართული ოცნება - დემოკრატიული საქართველო,41,,ჩოხატაურის,,,ბესიკი,ყენია,ბესიკი ყენია,,TRUE,elected_politicians.pdf
local_2017,__main__,council_smd,gd,ქართული ოცნება - დემოკრატიული საქართველო,41,,ჩოხატაურის,,,შოთა,ჩხიკვაძე,შოთა ჩხიკვაძე,,TRUE,elected_politicians.pdf
local_2017,__main__,council_smd,gd,ქართული ოცნება - დემოკრატიული საქართველო,41,,ჩოხატაურის,,,დავით,გუდავაძე,დავით გუდავაძე,,TRUE,elected_politicians.pdf
local_2017,__main__,council_smd,gd,ქართული ოცნება - დემოკრატიული საქართველო,41,,ჩოხატაურის,,,ვლადიმერ,სიხარულიძე,ვლადიმერ სიხარულიძე,,TRUE,elected_politicians.pdf
local_2017,__main__,council_smd,independent,დამოუკიდებელი,,,ჩოხატაურის,,,იაშა,შათირიშვილი,იაშა შათირიშვილი,,TRUE,elected_politicians.pdf
local_2017,__main__,council_smd,gd,ქართული ოცნება - დემოკრატიული საქართველო,41,,ჩოხატაურის,,,კლოდი,მდინარაძე,კლოდი მდინარაძე,,TRUE,elected_politicians.pdf
local_2017,__main__,council_smd,gd,ქართული ოცნება - დემოკრატიული საქართველო,41,,ჩოხატაურის,,,ზვიადი,მამალაძე,ზვიადი მამალაძე,,TRUE,elected_politicians.pdf
local_2017,__main__,council_smd,gd,ქართული ოცნება - დემოკრატიული საქართველო,41,,ჩოხატაურის,,,კობა,კალანდაძე,კობა კალანდაძე,,TRUE,elected_politicians.pdf
local_2017,__main__,mayor,gd,ქართული ოცნება - დემოკრატიული საქართველო,41,,ჩოხატაურის,,,ირაკლი,კუჭავა,ირაკლი კუჭავა,,TRUE,
local_2017,__main__,pr,for_people,მოძრაობა სახელმწიფო ხალხისთვის,1,,აბაშის,,,კოკი,ჩაჩავა,კოკი ჩაჩავა,,TRUE,elected_politicians.pdf
local_2017,__main__,pr,european_georgia,"ბაქრაძე, უგულავა - ევროპული საქართველო",2,,აბაშის,,,ზურაბ,ლომია,ზურაბ ლომია,,TRUE,elected_politicians.pdf
local_2017,__main__,pr,free_georgia,"დიმიტრი ლორთქიფანიძე, კახა კუკავა-დემოკრატიული მოძრაობა-თავისუფალი საქართველო",3,,აბაშის,,,გელა,კაჭარავა,გელა კაჭარავა,,TRUE,elected_politicians.pdf
local_2017,__main__,pr,unm,ერთიანი ნაციონალური მოძრაობა,5,,აბაშის,,,დავითი,კაჭარავა,დავითი კაჭარავა,,TRUE,elected_politicians.pdf
local_2017,__main__,pr,unm,ერთიანი ნაციონალური მოძრაობა,5,,აბაშის,,,გენო,მიმინოშვილი,გენო მიმინოშვილი,,TRUE,elected_politicians.pdf
local_2017,__main__,pr,unm,ერთიანი ნაციონალური მოძრაობა,5,,აბაშის,,,კობა,ნოდია,კობა ნოდია,,TRUE,elected_politicians.pdf
local_2017,__main__,pr,patriots,"დავით თარხან-მოურავი, ირმა ინაშვილი - საქართველოს პატრიოტთა ალიანსი",8,,აბაშის,,,გიორგი,კაჭარავა,გიორგი კაჭარავა,,TRUE,elected_politicians.pdf
local_2017,__main__,pr,gd,ქართული ოცნება - დემოკრატიული საქართველო,41,,აბაშის,,,მამუკა,კვიტაშვილი,მამუკა კვიტაშვილი,,TRUE,elected_politicians.pdf
local_2017,__main__,pr,gd,ქართული ოცნება - დემოკრატიული საქართველო,41,,აბაშის,,,გელა,ხოშტარია,გელა ხოშტარია,,TRUE,elected_politicians.pdf
local_2017,__main__,pr,gd,ქართული ოცნება - დემოკრატიული საქართველო,41,,აბაშის,,,ტატიანა,ხოშტარია,ტატიანა ხოშტარია,,TRUE,elected_politicians.pdf
local_2017,__main__,pr,gd,ქართული ოცნება - დემოკრატიული საქართველო,41,,აბაშის,,,ზაზა,გაბელაია,ზაზა გაბელაია,,TRUE,elected_politicians.pdf
local_2017,__main__,pr,gd,ქართული ოცნება - დემოკრატიული საქართველო,41,,აბაშის,,,ირაკლი,ჭანტურია,ირაკლი ჭანტურია,,TRUE,elected_politicians.pdf
local_2017,__main__,pr,gd,ქართული ოცნება - დემოკრატიული საქართველო,41,,აბაშის,,,გოდერძი,კუპრავა,გოდერძი კუპრავა,,TRUE,elected_politicians.pdf
local_2017,__main__,pr,gd,ქართული ოცნება - დემოკრატიული საქართველო,41,,აბაშის,,,კონსტანტინე,კუჭუხიძე,კონსტანტინე კუჭუხიძე,,TRUE,elected_politicians.pdf
local_2017,__main__,pr,gd,ქართული ოცნება - დემოკრატიული საქართველო,41,,აბაშის,,,პროკოფი,ნიკურაძე,პროკოფი ნიკურაძე,,TRUE,elected_politicians.pdf
local_2017,__main__,council_smd,gd,ქართული ოცნება - დემოკრატიული საქართველო,41,,აბაშის,,,გია,კუცია,გია კუცია,,TRUE,elected_politicians.pdf
local_2017,__main__,council_smd,gd,ქართული ოცნება - დემოკრატიული საქართველო,41,,აბაშის,,,შოთა,ჭანტურაია,შოთა ჭანტურაია,,TRUE,elected_politicians.pdf
local_2017,__main__,council_smd,gd,ქართული ოცნება - დემოკრატიული საქართველო,41,,აბაშის,,,ზურაბ,შუბლაძე,ზურაბ შუბლაძე,,TRUE,elected_politicians.pdf
local_2017,__main__,council_smd,gd,ქართული ოცნება - დემოკრატიული საქართველო,41,,აბაშის,,,ავთანდილ,გუნია,ავთანდილ გუნია,,TRUE,elected_politicians.pdf
local_2017,__main__,council_smd,gd,ქართული ოცნება - დემოკრატიული საქართველო,41,,აბაშის,,,ბაქარი,შელია,ბაქარი შელია,,TRUE,elected_politicians.pdf
local_2017,__main__,council_smd,gd,ქართული ოცნება - დემოკრატიული საქართველო,41,,აბაშის,,,ბენია,პიტავა,ბენია პიტავა,,TRUE,elected_politicians.pdf
local_2017,__main__,council_smd,gd,ქართული ოცნება - დემოკრატიული საქართველო,41,,აბაშის,,,ბაჩუკი,ქვილითაია,ბაჩუკი ქვილითაია,,TRUE,elected_politicians.pdf
local_2017,__main__,council_smd,gd,ქართული ოცნება - დემოკრატიული საქართველო,41,,აბაშის,,,ზაზა,ალასანია,ზაზა ალასანია,,TRUE,elected_politicians.pdf
local_2017,__main__,council_smd,gd,ქართული ოცნება - დემოკრატიული საქართველო,41,,აბაშის,,,ლეონტი,ნადარეიშვილი,ლეონტი ნადარეიშვილი,,TRUE,elected_politicians.pdf
local_2017,__main__,council_smd,gd,ქართული ოცნება - დემოკრატიული საქართველო,41,,აბაშის,,,იაგო,თოდუა,იაგო თოდუა,,TRUE,elected_politicians.pdf
local_2017,__main__,council_smd,unm,ერთიანი ნაციონალური მოძრაობა,5,,აბაშის,,,მიხეილი,დარცმელიძე,მიხეილი დარცმელიძე,,TRUE,elected_politicians.pdf
local_2017,__main__,council_smd,unm,ერთიანი ნაციონალური მოძრაობა,5,,აბაშის,,,მერაბი,მელია,მერაბი მელია,,TRUE,elected_politicians.pdf
local_2017,__main__,council_smd,gd,ქართული ოცნება - დემოკრატიული საქართველო,41,,აბაშის,,,რევაზი,ჩაჩავა,რევაზი ჩაჩავა,,TRUE,elected_politicians.pdf
local_2017,__main__,council_smd,gd,ქართული ოცნება - დემოკრატიული საქართველო,41,,აბაშის,,,გია,მიგინეიშვილი,გია მიგინეიშვილი,,TRUE,elected_politicians.pdf
local_2017,__main__,council_smd,independent,დამოუკიდებელი,,,აბაშის,,,კახა,ცანავა,კახა ცანავა,,TRUE,elected_politicians.pdf
local_2017,__main__,council_smd,gd,ქართული ოცნება - დემოკრატიული საქართველო,41,,აბაშის,,,ელვარდი,ნოდია,ელვარდი ნოდია,,TRUE,elected_politicians.pdf
local_2017,__main__,council_smd,unm,ერთიანი ნაციონალური მოძრაობა,5,,აბაშის,,,კოხტა,მელია,კოხტა მელია,,TRUE,elected_politicians.pdf
local_2017,__main__,mayor,gd,ქართული ოცნება - დემოკრატიული საქართველო,41,,აბაშის,,,ლევან,მაკალათია,ლევან მაკალათია,,TRUE,elected_politicians.pdf
local_2017,__main__,pr,european_georgia,"ბაქრაძე, უგულავა - ევროპული საქართველო",2,,სენაკის,,,მურადი,შამათავა,მურადი შამათავა,,TRUE,elected_politicians.pdf
local_2017,__main__,pr,european_georgia,"ბაქრაძე, უგულავა - ევროპული საქართველო",2,,სენაკის,,,თეიმურაზ,ვახანია,თეიმურაზ ვახანია,,TRUE,elected_politicians.pdf
local_2017,__main__,pr,unm,ერთიანი ნაციონალური მოძრაობა,5,,სენაკის,,,ლაშა,კუჭავა,ლაშა კუჭავა,,TRUE,elected_politicians.pdf
local_2017,__main__,pr,unm,ერთიანი ნაციონალური მოძრაობა,5,,სენაკის,,,ბორისი,სოსელია,ბორისი სოსელია,,TRUE,elected_politicians.pdf
local_2017,__main__,pr,unm,ერთიანი ნაციონალური მოძრაობა,5,,სენაკის,,,მირანდა,მირცხულავა,მირანდა მირცხულავა,,TRUE,elected_politicians.pdf
local_2017,__main__,pr,unm,ერთიანი ნაციონალური მოძრაობა,5,,სენაკის,,,ზურაბი,სანაია,ზურაბი სანაია,,TRUE,elected_politicians.pdf
local_2017,__main__,pr,patriots,"დავით თარხან-მოურავი, ირმა ინაშვილი - საქართველოს პატრიოტთა ალიანსი",8,,სენაკის,,,როზმანი,ქამადაძე,როზმანი ქამადაძე,,TRUE,elected_politicians.pdf
local_2017,__main__,pr,gd,ქართული ოცნება - დემოკრატიული საქართველო,41,,სენაკის,,,ბადრი,კალანდარიშვილი,ბადრი კალანდარიშვილი,,TRUE,elected_politicians.pdf
local_2017,__main__,pr,gd,ქართული ოცნება - დემოკრატიული საქართველო,41,,სენაკის,,,ჯუმბერი,ლაშქარავა,ჯუმბერი ლაშქარავა,,TRUE,elected_politicians.pdf
local_2017,__main__,pr,gd,ქართული ოცნება - დემოკრატიული საქართველო,41,,სენაკის,,,თამარი,სალაყაია,თამარი სალაყაია,,TRUE,elected_politicians.pdf
local_2017,__main__,pr,gd,ქართული ოცნება - დემოკრატიული საქართველო,41,,სენაკის,,,ავთანდილი,ფოცხვერაია,ავთანდილი ფოცხვერაია,,TRUE,elected_politicians.pdf
local_2017,__main__,pr,gd,ქართული ოცნება - დემოკრატიული საქართველო,41,,სენაკის,,,თათია,ჯინჯოლავა,თათია ჯინჯოლავა,,TRUE,elected_politicians.pdf
local_2017,__main__,pr,gd,ქართული ოცნება - დემოკრატიული საქართველო,41,,სენაკის,,,ზურაბი,წურწუმია,ზურაბი წურწუმია,,TRUE,elected_politicians.pdf
local_2017,__main__,pr,gd,ქართული ოცნება - დემოკრატიული საქართველო,41,,სენაკის,,,ნანა,ალანია,ნანა ალანია,,TRUE,elected_politicians.pdf
local_2017,__main__,pr,gd,ქართული ოცნება - დემოკრატიული საქართველო,41,,სენაკის,,,ინგა,ქარდავა,ინგა ქარდავა,,TRUE,elected_politicians.pdf
local_2017,__main__,council_smd,gd,ქართული ოცნება - დემოკრატიული საქართველო,41,,სენაკის,,,ზაზა,ნაჭყებია,ზაზა ნაჭყებია,,TRUE,elected_politicians.pdf
local_2017,__main__,council_smd,gd,ქართული ოცნება - დემოკრატიული საქართველო,41,,სენაკის,,,ბეჟანი,სანაია,ბეჟანი სანაია,,TRUE,elected_politicians.pdf
local_2017,__main__,council_smd,gd,ქართული ოცნება - დემოკრატიული საქართველო,41,,სენაკის,,,ბესიკი,ნარმანია,ბესიკი ნარმანია,,TRUE,elected_politicians.pdf
local_2017,__main__,council_smd,gd,ქართული ოცნება - დემოკრატიული საქართველო,41,,სენაკის,,,კახაბერი,რუსია,კახაბერი რუსია,,TRUE,elected_politicians.pdf
local_2017,__main__,council_smd,gd,ქართული ოცნება - დემოკრატიული საქართველო,41,,სენაკის,,,ბადრი,ხურცია,ბადრი ხურცია,,TRUE,elected_politicians.pdf
local_2017,__main__,council_smd,gd,ქართული ოცნება - დემოკრატიული საქართველო,41,,სენაკის,,,პაატა,ჯიქიძე,პაატა ჯიქიძე,,TRUE,elected_politicians.pdf
local_2017,__main__,council_smd,gd,ქართული ოცნება - დემოკრატიული საქართველო,41,,სენაკის,,,დათო,ადამია,დათო ადამია,,TRUE,elected_politicians.pdf
local_2017,__main__,council_smd,gd,ქართული ოცნება - დემოკრატიული საქართველო,41,,სენაკის,,,ზურაბი,აფაქიძე,ზურაბი აფაქიძე,,TRUE,elected_politicians.pdf
local_2017,__main__,council_smd,gd,ქართული ოცნება - დემოკრატიული საქართველო,41,,სენაკის,,,ელისო,ცაგურია,ელისო ცაგურია,,TRUE,elected_politicians.pdf
local_2017,__main__,council_smd,gd,ქართული ოცნება - დემოკრატიული საქართველო,41,,სენაკის,,,მაია,ადამია,მაია ადამია,,TRUE,elected_politicians.pdf
local_2017,__main__,council_smd,gd,ქართული ოცნება - დემოკრატიული საქართველო,41,,სენაკის,,,გენადი,ხუხუნი,გენადი ხუხუნი,,TRUE,elected_politicians.pdf
local_2017,__main__,council_smd,gd,ქართული ოცნება - დემოკრატიული საქართველო,41,,სენაკის,,,დინარა,ხარბედია,დინარა ხარბედია,,TRUE,elected_politicians.pdf
local_2017,__main__,council_smd,gd,ქართული ოცნება - დემოკრატიული საქართველო,41,,სენაკის,,,იური,ქორიძე,იური ქორიძე,,TRUE,elected_politicians.pdf
local_2017,__main__,council_smd,gd,ქართული ოცნება - დემოკრატიული საქართველო,41,,სენაკის,,,შაქრო,კოკაია,შაქრო კოკაია,,TRUE,elected_politicians.pdf
local_2017,__main__,council_smd,gd,ქართული ოცნება - დემოკრატიული საქართველო,41,,სენაკის,,,ლევანი,გაბელია,ლევანი გაბელია,,TRUE,elected_politicians.pdf
local_2017,__main__,council_smd,gd,ქართული ოცნება - დემოკრატიული საქართველო,41,,სენაკის,,,მალხაზი,ტორჩინავა,მალხაზი ტორჩინავა,,TRUE,elected_politicians.pdf
local_2017,__main__,council_smd,gd,ქართული ოცნება - დემოკრატიული საქართველო,41,,სენაკის,,,დავითი,ხუხია,დავითი ხუხია,,TRUE,elected_politicians.pdf
local_2017,__main__,council_smd,gd,ქართული ოცნება - დემოკრატიული საქართველო,41,,სენაკის,,,ნუკრი,მირგატია,ნუკრი მირგატია,,TRUE,elected_politicians.pdf
local_2017,__main__,mayor,gd,ქართული ოცნება - დემოკრატიული საქართველო,41,,სენაკის,,,ლევანი,კუპრეიშვილი,ლევანი კუპრეიშვილი,,TRUE,
local_2017,__main__,pr,european_georgia,"ბაქრაძე, უგულავა - ევროპული საქართველო",2,,მარტვილის,,,გიორგი,რუხაია,გიორგი რუხაია,,TRUE,elected_politicians.pdf
local_2017,__main__,pr,european_georgia,"ბაქრაძე, უგულავა - ევროპული საქართველო",2,,მარტვილის,,,ნოე,დანელია,ნოე დანელია,,TRUE,elected_politicians.pdf
local_2017,__main__,pr,unm,ერთიანი ნაციონალური მოძრაობა,5,,მარტვილის,,,ზაალ,გოროზია,ზაალ გოროზია,,TRUE,elected_politicians.pdf
local_2017,__main__,pr,unm,ერთიანი ნაციონალური მოძრაობა,5,,მარტვილის,,,ვახტანგ,კეკელია,ვახტანგ კეკელია,,TRUE,elected_politicians.pdf
local_2017,__main__,pr,unm,ერთიანი ნაციონალური მოძრაობა,5,,მარტვილის,,,ფრიდონ,გვილავა,ფრიდონ გვილავა,,TRUE,elected_politicians.pdf
local_2017,__main__,pr,unm,ერთიანი ნაციონალური მოძრაობა,5,,მარტვილის,,,ბორის,მიქავა,ბორის მიქავა,,TRUE,elected_politicians.pdf
local_2017,__main__,pr,unm,ერთიანი ნაციონალური მოძრაობა,5,,მარტვილის,,,ნატო,ჯღარკავა,ნატო ჯღარკავა,,TRUE,elected_politicians.pdf
local_2017,__main__,pr,patriots,"დავით თარხან-მოურავი, ირმა ინაშვილი - საქართველოს პატრიოტთა ალიანსი",8,,მარტვილის,,,ელდარი,თოდუა,ელდარი თოდუა,,TRUE,elected_politicians.pdf
local_2017,__main__,pr,freedom_gamsakhurdia,თავისუფლება - ზვიად გამსახურდიას გზა,31,,მარტვილის,,,ირაკლი,ჯამბურია,ირაკლი ჯამბურია,,TRUE,elected_politicians.pdf
local_2017,__main__,pr,gd,ქართული ოცნება - დემოკრატიული საქართველო,41,,მარტვილის,,,ალექსი,გაბისონია,ალექსი გაბისონია,,TRUE,elected_politicians.pdf
local_2017,__main__,pr,gd,ქართული ოცნება - დემოკრატიული საქართველო,41,,მარტვილის,,,ალექსანდრე,ახვლედიანი,ალექსანდრე ახვლედიანი,,TRUE,elected_politicians.pdf
local_2017,__main__,pr,gd,ქართული ოცნება - დემოკრატიული საქართველო,41,,მარტვილის,,,ირინა,გადელია,ირინა გადელია,,TRUE,elected_politicians.pdf
local_2017,__main__,pr,gd,ქართული ოცნება - დემოკრატიული საქართველო,41,,მარტვილის,,,კობა,დარჯანია,კობა დარჯანია,,TRUE,elected_politicians.pdf
local_2017,__main__,pr,gd,ქართული ოცნება - დემოკრატიული საქართველო,41,,მარტვილის,,,გიორგი,ხორავა,გიორგი ხორავა,,TRUE,elected_politicians.pdf
local_2017,__main__,pr,gd,ქართული ოცნება - დემოკრატიული საქართველო,41,,მარტვილის,,,ზურაბ,ბიგვავა,ზურაბ ბიგვავა,,TRUE,elected_politicians.pdf
local_2017,__main__,council_smd,gd,ქართული ოცნება - დემოკრატიული საქართველო,41,,მარტვილის,,,ელიზბარ,ახვლედიანი,ელიზბარ ახვლედიანი,,TRUE,elected_politicians.pdf
local_2017,__main__,council_smd,gd,ქართული ოცნება - დემოკრატიული საქართველო,41,,მარტვილის,,,დავით,ბარამია,დავით ბარამია,,TRUE,elected_politicians.pdf
local_2017,__main__,council_smd,unm,ერთიანი ნაციონალური მოძრაობა,5,,მარტვილის,,,ვარლამ,ცეკვავა,ვარლამ ცეკვავა,,TRUE,elected_politicians.pdf
local_2017,__main__,council_smd,gd,ქართული ოცნება - დემოკრატიული საქართველო,41,,მარტვილის,,,გიორგი,გაბუნია,გიორგი გაბუნია,,TRUE,elected_politicians.pdf
local_2017,__main__,council_smd,gd,ქართული ოცნება - დემოკრატიული საქართველო,41,,მარტვილის,,,რამაზ,ხურცილავა,რამაზ ხურცილავა,,TRUE,elected_politicians.pdf
local_2017,__main__,council_smd,european_georgia,"ბაქრაძე, უგულავა - ევროპული საქართველო",2,,მარტვილის,,,გიზო,ხარებავა,გიზო ხარებავა,,TRUE,elected_politicians.pdf
local_2017,__main__,council_smd,patriots,"დავით თარხან-მოურავი, ირმა ინაშვილი - საქართველოს პატრიოტთა ალიანსი",8,,მარტვილის,,,მიხეილ,ნაჭყებია,მიხეილ ნაჭყებია,,TRUE,elected_politicians.pdf
local_2017,__main__,council_smd,patriots,"დავით თარხან-მოურავი, ირმა ინაშვილი - საქართველოს პატრიოტთა ალიანსი",8,,მარტვილის,,,ლაშა,ქობალია,ლაშა ქობალია,,TRUE,elected_politicians.pdf
local_2017,__main__,council_smd,gd,ქართული ოცნება - დემოკრატიული საქართველო,41,,მარტვილის,,,შალვა,ბახია,შალვა ბახია,,TRUE,elected_politicians.pdf
local_2017,__main__,council_smd,gd,ქართული ოცნება - დემოკრატიული საქართველო,41,,მარტვილის,,,თორნიკე,ჯანაშია,თორნიკე ჯანაშია,,TRUE,elected_politicians.pdf
local_2017,__main__,council_smd,european_georgia,"ბაქრაძე, უგულავა - ევროპული საქართველო",2,,მარტვილის,,,დათო,ხელაია,დათო ხელაია,,TRUE,elected_politicians.pdf
local_2017,__main__,council_smd,gd,ქართული ოცნება - დემოკრატიული საქართველო,41,,მარტვილის,,,ონერი,კუჭავა,ონერი კუჭავა,,TRUE,elected_politicians.pdf
local_2017,__main__,council_smd,gd,ქართული ოცნება - დემოკრატიული საქართველო,41,,მარტვილის,,,რომან,ფონიავა,რომან ფონიავა,,TRUE,elected_politicians.pdf
local_2017,__main__,council_smd,unm,ერთიანი ნაციონალური მოძრაობა,5,,მარტვილის,,,ბესიკ,ხაინდრავა,ბესიკ ხაინდრავა,,TRUE,elected_politicians.pdf
local_2017,__main__,council_smd,gd,ქართული ოცნება - დემოკრატიული საქართველო,41,,მარტვილის,,,ლევან,სურმავა,ლევან სურმავა,,TRUE,elected_politicians.pdf
local_2017,__main__,council_smd,unm,ერთიანი ნაციონალური მოძრაობა,5,,მარტვილის,,,ზაურ,ჯახუა,ზაურ ჯახუა,,TRUE,elected_politicians.pdf
local_2017,__main__,council_smd,unm,ერთიანი ნაციონალური მოძრაობა,5,,მარტვილის,,,ნათია,ქაჯაია,ნათია ქაჯაია,,TRUE,elected_politicians.pdf
local_2017,__main__,council_smd,unm,ერთიანი ნაციონალური მოძრაობა,5,,მარტვილის,,,ავთანდილ,ჯიქია,ავთანდილ ჯიქია,,TRUE,elected_politicians.pdf
local_2017,__main__,council_smd,gd,ქართული ოცნება - დემოკრატიული საქართველო,41,,მარტვილის,,,გოგი,ბასილაია,გოგი ბასილაია,,TRUE,elected_politicians.pdf
local_2017,__main__,council_smd,gd,ქართული ოცნება - დემოკრატიული საქართველო,41,,მარტვილის,,,ზურაბ,მელიავა,ზურაბ მელიავა,,TRUE,elected_politicians.pdf
local_2017,__main__,council_smd,gd,ქართული ოცნება - დემოკრატიული საქართველო,41,,მარტვილის,,,გოჩა,ლაშხია,გოჩა ლაშხია,,TRUE,elected_politicians.pdf
local_2017,__main__,council_smd,gd,ქართული ოცნება - დემოკრატიული საქართველო,41,,მარტვილის,,,ზაზა,რუხაია,ზაზა რუხაია,,TRUE,elected_politicians.pdf
local_2017,__main__,mayor,gd,ქართული ოცნება - დემოკრატიული საქართველო,41,,მარტვილის,,,ალექსანდრე,გრიგალავა,ალექსანდრე გრიგალავა,,TRUE,elected_politicians.pdf
local_2017,__main__,pr,european_georgia,"ბაქრაძე, უგულავა - ევროპული საქართველო",2,,ხობის,,,მამუკა,ჭოხონელიძე,მამუკა ჭოხონელიძე,,TRUE,elected_politicians.pdf
local_2017,__main__,pr,european_georgia,"ბაქრაძე, უგულავა - ევროპული საქართველო",2,,ხობის,,,როლანდი,სერგია,როლანდი სერგია,,TRUE,elected_politicians.pdf
local_2017,__main__,pr,unm,ერთიანი ნაციონალური მოძრაობა,5,,ხობის,,,ია,ჯიშკარიანი,ია ჯიშკარიანი,,TRUE,elected_politicians.pdf
local_2017,__main__,pr,unm,ერთიანი ნაციონალური მოძრაობა,5,,ხობის,,,თემური,გულუა,თემური გულუა,,TRUE,elected_politicians.pdf
local_2017,__main__,pr,unm,ერთიანი ნაციონალური მოძრაობა,5,,ხობის,,,ირაკლი,ნადარაია,ირაკლი ნადარაია,,TRUE,elected_politicians.pdf
local_2017,__main__,pr,labour,შალვა ნათელაშვილი - საქართველოს ლეიბორისტული პარტია,10,,ხობის,,,კახა,ლატარია,კახა ლატარია,,TRUE,elected_politicians.pdf
local_2017,__main__,pr,gd,ქართული ოცნება - დემოკრატიული საქართველო,41,,ხობის,,,ვარაზ,გაბედავა,ვარაზ გაბედავა,,TRUE,elected_politicians.pdf
local_2017,__main__,pr,gd,ქართული ოცნება - დემოკრატიული საქართველო,41,,ხობის,,,ედიშერი,ჯობავა,ედიშერი ჯობავა,,TRUE,elected_politicians.pdf
local_2017,__main__,pr,gd,ქართული ოცნება - დემოკრატიული საქართველო,41,,ხობის,,,დოდო,გაბუნია,დოდო გაბუნია,,TRUE,elected_politicians.pdf
local_2017,__main__,pr,gd,ქართული ოცნება - დემოკრატიული საქართველო,41,,ხობის,,,დავით,ბერაია,დავით ბერაია,,TRUE,elected_politicians.pdf
local_2017,__main__,pr,gd,ქართული ოცნება - დემოკრატიული საქართველო,41,,ხობის,,,მამუკა,ქარდავა,მამუკა ქარდავა,,TRUE,elected_politicians.pdf
local_2017,__main__,pr,gd,ქართული ოცნება - დემოკრატიული საქართველო,41,,ხობის,,,მერაბი,ფილიპია,მერაბი ფილიპია,,TRUE,elected_politicians.pdf
local_2017,__main__,pr,gd,ქართული ოცნება - დემოკრატიული საქართველო,41,,ხობის,,,დიტო,ხასია,დიტო ხასია,,TRUE,elected_politicians.pdf
local_2017,__main__,pr,gd,ქართული ოცნება - დემოკრატიული საქართველო,41,,ხობის,,,შადიმან,ჭილაია,შადიმან ჭილაია,,TRUE,elected_politicians.pdf
local_2017,__main__,pr,gd,ქართული ოცნება - დემოკრატიული საქართველო,41,,ხობის,,,ირაკლი,ბერაია,ირაკლი ბერაია,,TRUE,elected_politicians.pdf
local_2017,__main__,council_smd,gd,ქართული ოცნება - დემოკრატიული საქართველო,41,,ხობის,,,კონსტანტინე,ნასარაია,კონსტანტინე ნასარაია,,TRUE,elected_politicians.pdf
local_2017,__main__,council_smd,gd,ქართული ოცნება - დემოკრატიული საქართველო,41,,ხობის,,,ვლადიმერ,ქანთარია,ვლადიმერ ქანთარია,,TRUE,elected_politicians.pdf
local_2017,__main__,council_smd,gd,ქართული ოცნება - დემოკრატიული საქართველო,41,,ხობის,,,ნიკოლოზი,ვეკუა,ნიკოლოზი ვეკუა,,TRUE,elected_politicians.pdf
local_2017,__main__,council_smd,gd,ქართული ოცნება - დემოკრატიული საქართველო,41,,ხობის,,,მერაბ,ნადარაია,მერაბ ნადარაია,,TRUE,elected_politicians.pdf
local_2017,__main__,council_smd,gd,ქართული ოცნება - დემოკრატიული საქართველო,41,,ხობის,,,ფრიდონ,შონია,ფრიდონ შონია,,TRUE,elected_politicians.pdf
local_2017,__main__,council_smd,gd,ქართული ოცნება - დემოკრატიული საქართველო,41,,ხობის,,,გოჩა,ჯობავა,გოჩა ჯობავა,,TRUE,elected_politicians.pdf
local_2017,__main__,council_smd,gd,ქართული ოცნება - დემოკრატიული საქართველო,41,,ხობის,,,თეა,გელანტია,თეა გელანტია,,TRUE,elected_politicians.pdf
local_2017,__main__,council_smd,gd,ქართული ოცნება - დემოკრატიული საქართველო,41,,ხობის,,,თენგიზ,აბაკელია,თენგიზ აბაკელია,,TRUE,elected_politicians.pdf
local_2017,__main__,council_smd,gd,ქართული ოცნება - დემოკრატიული საქართველო,41,,ხობის,,,მზია,ლემონჯარია,მზია ლემონჯარია,,TRUE,elected_politicians.pdf
local_2017,__main__,council_smd,gd,ქართული ოცნება - დემოკრატიული საქართველო,41,,ხობის,,,გოჩა,სიჭინავა,გოჩა სიჭინავა,,TRUE,elected_politicians.pdf
local_2017,__main__,council_smd,gd,ქართული ოცნება - დემოკრატიული საქართველო,41,,ხობის,,,აკაკი,ხურცილავა,აკაკი ხურცილავა,,TRUE,elected_politicians.pdf
local_2017,__main__,council_smd,patriots,"დავით თარხან-მოურავი, ირმა ინაშვილი - საქართველოს პატრიოტთა ალიანსი",8,,ხობის,,,კობა,გოქაძე,კობა გოქაძე,,TRUE,elected_politicians.pdf
local_2017,__main__,council_smd,gd,ქართული ოცნება - დემოკრატიული საქართველო,41,,ხობის,,,იგორი,გოგოლაძე,იგორი გოგოლაძე,,TRUE,elected_politicians.pdf
local_2017,__main__,council_smd,gd,ქართული ოცნება - დემოკრატიული საქართველო,41,,ხობის,,,ავთანდილი,ხუნჯუა,ავთანდილი ხუნჯუა,,TRUE,elected_politicians.pdf
local_2017,__main__,council_smd,gd,ქართული ოცნება - დემოკრატიული საქართველო,41,,ხობის,,,კახა,მიქაბერიძე,კახა მიქაბერიძე,,TRUE,elected_politicians.pdf
local_2017,__main__,council_smd,gd,ქართული ოცნება - დემოკრატიული საქართველო,41,,ხობის,,,ტარიელ,ალექსანდრია,ტარიელ ალექსანდრია,,TRUE,elected_politicians.pdf
local_2017,__main__,council_smd,gd,ქართული ოცნება - დემოკრატიული საქართველო,41,,ხობის,,,ბექა,მამაცაშვილი,ბექა მამაცაშვილი,,TRUE,elected_politicians.pdf
local_2017,__main__,council_smd,gd,ქართული ოცნება - დემოკრატიული საქართველო,41,,ხობის,,,გია,წულაია,გია წულაია,,TRUE,elected_politicians.pdf
local_2017,__main__,council_smd,gd,ქართული ოცნება - დემოკრატიული საქართველო,41,,ხობის,,,გიგა,ნასარაია,გიგა ნასარაია,,TRUE,elected_politicians.pdf
local_2017,__main__,council_smd,gd,ქართული ოცნება - დემოკრატიული საქართველო,41,,ხობის,,,გენადი,ქაძანაია,გენადი ქაძანაია,,TRUE,elected_politicians.pdf
local_2017,__main__,council_smd,construction_movement_2017,შენების მოძრაობა,20,,ხობის,,,ლაშა,ცატავა,ლაშა ცატავა,,TRUE,elected_politicians.pdf
local_2017,__main__,council_smd,gd,ქართული ოცნება - დემოკრატიული საქართველო,41,,ხობის,,,აბელი,ქირია,აბელი ქირია,,TRUE,elected_politicians.pdf
local_2017,__main__,mayor,gd,ქართული ოცნება - დემოკრატიული საქართველო,41,,ხობის,,,გოჩა,ქაჯაია,გოჩა ქაჯაია,,TRUE,elected_politicians.pdf
local_2017,__main__,pr,european_georgia,"ბაქრაძე, უგულავა - ევროპული საქართველო",2,,ზუგდიდის,,,ბათლომე,შელია,ბათლომე შელია,,TRUE,elected_politicians.pdf
local_2017,__main__,pr,european_georgia,"ბაქრაძე, უგულავა - ევროპული საქართველო",2,,ზუგდიდის,,,ირაკლი,ღურწკაია,ირაკლი ღურწკაია,,TRUE,elected_politicians.pdf
local_2017,__main__,pr,unm,ერთიანი ნაციონალური მოძრაობა,5,,ზუგდიდის,,,ანა,წითლიძე,ანა წითლიძე,,TRUE,elected_politicians.pdf
local_2017,__main__,pr,unm,ერთიანი ნაციონალური მოძრაობა,5,,ზუგდიდის,,,პაატა,ადამია,პაატა ადამია,,TRUE,elected_politicians.pdf
local_2017,__main__,pr,unm,ერთიანი ნაციონალური მოძრაობა,5,,ზუგდიდის,,,გელა,თოლორაია,გელა თოლორაია,,TRUE,elected_politicians.pdf
local_2017,__main__,pr,unm,ერთიანი ნაციონალური მოძრაობა,5,,ზუგდიდის,,,მალხაზ,ციკუტანია,მალხაზ ციკუტანია,,TRUE,elected_politicians.pdf
local_2017,__main__,pr,gd,ქართული ოცნება - დემოკრატიული საქართველო,41,,ზუგდიდის,,,მამუკა,წოწერია,მამუკა წოწერია,,TRUE,elected_politicians.pdf
local_2017,__main__,pr,gd,ქართული ოცნება - დემოკრატიული საქართველო,41,,ზუგდიდის,,,თამუნა,ჯიქია,თამუნა ჯიქია,,TRUE,elected_politicians.pdf
local_2017,__main__,pr,gd,ქართული ოცნება - დემოკრატიული საქართველო,41,,ზუგდიდის,,,ბესიკი,ჭეჟია,ბესიკი ჭეჟია,,TRUE,elected_politicians.pdf
local_2017,__main__,pr,gd,ქართული ოცნება - დემოკრატიული საქართველო,41,,ზუგდიდის,,,კონსტანტინე,კაკავა,კონსტანტინე კაკავა,,TRUE,elected_politicians.pdf
local_2017,__main__,pr,gd,ქართული ოცნება - დემოკრატიული საქართველო,41,,ზუგდიდის,,,ოთარი,ქადარია,ოთარი ქადარია,,TRUE,elected_politicians.pdf
local_2017,__main__,pr,gd,ქართული ოცნება - დემოკრატიული საქართველო,41,,ზუგდიდის,,,მიხეილ,ჯობავა,მიხეილ ჯობავა,,TRUE,elected_politicians.pdf
local_2017,__main__,pr,gd,ქართული ოცნება - დემოკრატიული საქართველო,41,,ზუგდიდის,,,ეკატერინე,კიფაია,ეკატერინე კიფაია,,TRUE,elected_politicians.pdf
local_2017,__main__,pr,gd,ქართული ოცნება - დემოკრატიული საქართველო,41,,ზუგდიდის,,,ოთარ,მარშავა,ოთარ მარშავა,,TRUE,elected_politicians.pdf
local_2017,__main__,pr,gd,ქართული ოცნება - დემოკრატიული საქართველო,41,,ზუგდიდის,,,სანდრო,სორდია,სანდრო სორდია,,TRUE,elected_politicians.pdf
local_2017,__main__,council_smd,gd,ქართული ოცნება - დემოკრატიული საქართველო,41,,ზუგდიდის,,,მამუკა,ყურაშვილი,მამუკა ყურაშვილი,,TRUE,elected_politicians.pdf
local_2017,__main__,council_smd,gd,ქართული ოცნება - დემოკრატიული საქართველო,41,,ზუგდიდის,,,დავით,გახარია,დავით გახარია,,TRUE,elected_politicians.pdf
local_2017,__main__,council_smd,gd,ქართული ოცნება - დემოკრატიული საქართველო,41,,ზუგდიდის,,,თაზო,ფაცაცია,თაზო ფაცაცია,,TRUE,elected_politicians.pdf
local_2017,__main__,council_smd,gd,ქართული ოცნება - დემოკრატიული საქართველო,41,,ზუგდიდის,,,ირაკლი,ლაგვილავა,ირაკლი ლაგვილავა,,TRUE,elected_politicians.pdf
local_2017,__main__,council_smd,gd,ქართული ოცნება - დემოკრატიული საქართველო,41,,ზუგდიდის,,,სალომე,ფაცაცია,სალომე ფაცაცია,,TRUE,elected_politicians.pdf
local_2017,__main__,council_smd,gd,ქართული ოცნება - დემოკრატიული საქართველო,41,,ზუგდიდის,,,ედიტა,კოდუა,ედიტა კოდუა,,TRUE,elected_politicians.pdf
local_2017,__main__,council_smd,unm,ერთიანი ნაციონალური მოძრაობა,5,,ზუგდიდის,,,დავით,შელია,დავით შელია,,TRUE,elected_politicians.pdf
local_2017,__main__,council_smd,gd,ქართული ოცნება - დემოკრატიული საქართველო,41,,ზუგდიდის,,,მამუკა,თოლორაია,მამუკა თოლორაია,,TRUE,elected_politicians.pdf
local_2017,__main__,council_smd,gd,ქართული ოცნება - დემოკრატიული საქართველო,41,,ზუგდიდის,,,გია,დანელია,გია დანელია,,TRUE,elected_politicians.pdf
local_2017,__main__,council_smd,gd,ქართული ოცნება - დემოკრატიული საქართველო,41,,ზუგდიდის,,,რამაზი,ჯაბუა,რამაზი ჯაბუა,,TRUE,elected_politicians.pdf
local_2017,__main__,council_smd,gd,ქართული ოცნება - დემოკრატიული საქართველო,41,,ზუგდიდის,,,დათო,ჭაფანძე,დათო ჭაფანძე,,TRUE,elected_politicians.pdf
local_2017,__main__,council_smd,gd,ქართული ოცნება - დემოკრატიული საქართველო,41,,ზუგდიდის,,,ლაშა,ესებუა,ლაშა ესებუა,,TRUE,elected_politicians.pdf
local_2017,__main__,council_smd,gd,ქართული ოცნება - დემოკრატიული საქართველო,41,,ზუგდიდის,,,ზაზა,ანდრიაძე,ზაზა ანდრიაძე,,TRUE,elected_politicians.pdf
local_2017,__main__,council_smd,gd,ქართული ოცნება - დემოკრატიული საქართველო,41,,ზუგდიდის,,,გიორგი,კუკავა,გიორგი კუკავა,,TRUE,elected_politicians.pdf
local_2017,__main__,council_smd,gd,ქართული ოცნება - დემოკრატიული საქართველო,41,,ზუგდიდის,,,ზვიად,ყორშია,ზვიად ყორშია,,TRUE,elected_politicians.pdf
local_2017,__main__,council_smd,gd,ქართული ოცნება - დემოკრატიული საქართველო,41,,ზუგდიდის,,,ზურაბ,გოგოძე,ზურაბ გოგოძე,,TRUE,elected_politicians.pdf
local_2017,__main__,council_smd,gd,ქართული ოცნება - დემოკრატიული საქართველო,41,,ზუგდიდის,,,მანანა,მებონია,მანანა მებონია,,TRUE,elected_politicians.pdf
local_2017,__main__,council_smd,gd,ქართული ოცნება - დემოკრატიული საქართველო,41,,ზუგდიდის,,,ირუზა,კაკავა,ირუზა კაკავა,,TRUE,elected_politicians.pdf
local_2017,__main__,council_smd,gd,ქართული ოცნება - დემოკრატიული საქართველო,41,,ზუგდიდის,,,არჩილი,ბერანძე,არჩილი ბერანძე,,TRUE,elected_politicians.pdf
local_2017,__main__,council_smd,gd,ქართული ოცნება - დემოკრატიული საქართველო,41,,ზუგდიდის,,,გიორგი,თოდუა,გიორგი თოდუა,,TRUE,elected_politicians.pdf
local_2017,__main__,council_smd,gd,ქართული ოცნება - დემოკრატიული საქართველო,41,,ზუგდიდის,,,სოსო,გოგოხია,სოსო გოგოხია,,TRUE,elected_politicians.pdf
local_2017,__main__,council_smd,gd,ქართული ოცნება - დემოკრატიული საქართველო,41,,ზუგდიდის,,,ამირან,ჩხოლარია,ამირან ჩხოლარია,,TRUE,elected_politicians.pdf
local_2017,__main__,council_smd,gd,ქართული ოცნება - დემოკრატიული საქართველო,41,,ზუგდიდის,,,ჯანსუღ,ჯაბუა,ჯანსუღ ჯაბუა,,TRUE,elected_politicians.pdf
local_2017,__main__,council_smd,gd,ქართული ოცნება - დემოკრატიული საქართველო,41,,ზუგდიდის,,,ზვიად,ქირია,ზვიად ქირია,,TRUE,elected_politicians.pdf
local_2017,__main__,council_smd,gd,ქართული ოცნება - დემოკრატიული საქართველო,41,,ზუგდიდის,,,დაზმირ,ძიმცეიშვილი,დაზმირ ძიმცეიშვილი,,TRUE,elected_politicians.pdf
local_2017,__main__,council_smd,gd,ქართული ოცნება - დემოკრატიული საქართველო,41,,ზუგდიდის,,,გოგი,თოდუა,გოგი თოდუა,,TRUE,elected_politicians.pdf
local_2017,__main__,council_smd,gd,ქართული ოცნება - დემოკრატიული საქართველო,41,,ზუგდიდის,,,ტარიელი,გაბულდანი,ტარიელი გაბულდანი,,TRUE,elected_politicians.pdf
local_2017,__main__,council_smd,gd,ქართული ოცნება - დემოკრატიული საქართველო,41,,ზუგდიდის,,,ზაზა,პროკოპენკო,ზაზა პროკოპენკო,,TRUE,elected_politicians.pdf
local_2017,__main__,council_smd,gd,ქართული ოცნება - დემოკრატიული საქართველო,41,,ზუგდიდის,,,ზაზა,ხუბუა,ზაზა ხუბუა,,TRUE,elected_politicians.pdf
local_2017,__main__,council_smd,gd,ქართული ოცნება - დემოკრატიული საქართველო,41,,ზუგდიდის,,,რევაზ,თორდია,რევაზ თორდია,,TRUE,elected_politicians.pdf
local_2017,__main__,council_smd,gd,ქართული ოცნება - დემოკრატიული საქართველო,41,,ზუგდიდის,,,თამაზ,ჟორჟოლიანი,თამაზ ჟორჟოლიანი,,TRUE,elected_politicians.pdf
local_2017,__main__,council_smd,gd,ქართული ოცნება - დემოკრატიული საქართველო,41,,ზუგდიდის,,,ჯონი,ჯიქია,ჯონი ჯიქია,,TRUE,elected_politicians.pdf
local_2017,__main__,council_smd,gd,ქართული ოცნება - დემოკრატიული საქართველო,41,,ზუგდიდის,,,ირაკლი,ჯანაშია,ირაკლი ჯანაშია,,TRUE,elected_politicians.pdf
local_2017,__main__,council_smd,gd,ქართული ოცნება - დემოკრატიული საქართველო,41,,ზუგდიდის,,,გოგიტა,ზარქუა,გოგიტა ზარქუა,,TRUE,elected_politicians.pdf
local_2017,__main__,council_smd,gd,ქართული ოცნება - დემოკრატიული საქართველო,41,,ზუგდიდის,,,პაატა,ებრალიძე,პაატა ებრალიძე,,TRUE,elected_politicians.pdf
local_2017,__main__,mayor,gd,ქართული ოცნება - დემოკრატიული საქართველო,41,,ზუგდიდის,,,ლაშა,გოგია,ლაშა გოგია,,TRUE,elected_politicians.pdf
local_2017,__main__,pr,european_georgia,"ბაქრაძე, უგულავა - ევროპული საქართველო",2,,წალენჯიხის,,,გიორგი,აბულაძე,გიორგი აბულაძე,,TRUE,elected_politicians.pdf
local_2017,__main__,pr,european_georgia,"ბაქრაძე, უგულავა - ევროპული საქართველო",2,,წალენჯიხის,,,ირაკლი,ხარჩილავა,ირაკლი ხარჩილავა,,TRUE,elected_politicians.pdf
local_2017,__main__,pr,unm,ერთიანი ნაციონალური მოძრაობა,5,,წალენჯიხის,,,ნონა,გუჩუა,ნონა გუჩუა,,TRUE,elected_politicians.pdf
local_2017,__main__,pr,unm,ერთიანი ნაციონალური მოძრაობა,5,,წალენჯიხის,,,ავთანდილ,გაბელია,ავთანდილ გაბელია,,TRUE,elected_politicians.pdf
local_2017,__main__,pr,unm,ერთიანი ნაციონალური მოძრაობა,5,,წალენჯიხის,,,ელგუჯა,მესხია,ელგუჯა მესხია,,TRUE,elected_politicians.pdf
local_2017,__main__,pr,patriots,"დავით თარხან-მოურავი, ირმა ინაშვილი - საქართველოს პატრიოტთა ალიანსი",8,,წალენჯიხის,,,დათა,აკობია,დათა აკობია,,TRUE,elected_politicians.pdf
local_2017,__main__,pr,gd,ქართული ოცნება - დემოკრატიული საქართველო,41,,წალენჯიხის,,,დარეჯან,დადიანი,დარეჯან დადიანი,,TRUE,elected_politicians.pdf
local_2017,__main__,pr,gd,ქართული ოცნება - დემოკრატიული საქართველო,41,,წალენჯიხის,,,მაია,მიქავა,მაია მიქავა,,TRUE,elected_politicians.pdf
local_2017,__main__,pr,gd,ქართული ოცნება - დემოკრატიული საქართველო,41,,წალენჯიხის,,,თენგიზ,ფიფია,თენგიზ ფიფია,,TRUE,elected_politicians.pdf
local_2017,__main__,pr,gd,ქართული ოცნება - დემოკრატიული საქართველო,41,,წალენჯიხის,,,სოლომონ,სარია,სოლომონ სარია,,TRUE,elected_politicians.pdf
local_2017,__main__,pr,gd,ქართული ოცნება - დემოკრატიული საქართველო,41,,წალენჯიხის,,,დალი,კვარაცხელია,დალი კვარაცხელია,,TRUE,elected_politicians.pdf
local_2017,__main__,pr,gd,ქართული ოცნება - დემოკრატიული საქართველო,41,,წალენჯიხის,,,ცოტნე,მესხია,ცოტნე მესხია,,TRUE,elected_politicians.pdf
local_2017,__main__,pr,gd,ქართული ოცნება - დემოკრატიული საქართველო,41,,წალენჯიხის,,,დავით,ბელქანია,დავით ბელქანია,,TRUE,elected_politicians.pdf
local_2017,__main__,pr,gd,ქართული ოცნება - დემოკრატიული საქართველო,41,,წალენჯიხის,,,მანანა,ჭანია,მანანა ჭანია,,TRUE,elected_politicians.pdf
local_2017,__main__,pr,gd,ქართული ოცნება - დემოკრატიული საქართველო,41,,წალენჯიხის,,,ასმათი,კვარაცხელია,ასმათი კვარაცხელია,,TRUE,elected_politicians.pdf
local_2017,__main__,council_smd,gd,ქართული ოცნება - დემოკრატიული საქართველო,41,,წალენჯიხის,,,ვალერიანე,კვარაცხელია,ვალერიანე კვარაცხელია,,TRUE,elected_politicians.pdf
local_2017,__main__,council_smd,gd,ქართული ოცნება - დემოკრატიული საქართველო,41,,წალენჯიხის,,,თემურ,ღვინჯილია,თემურ ღვინჯილია,,TRUE,elected_politicians.pdf
local_2017,__main__,council_smd,gd,ქართული ოცნება - დემოკრატიული საქართველო,41,,წალენჯიხის,,,გოჩა,ლიპარტია,გოჩა ლიპარტია,,TRUE,elected_politicians.pdf
local_2017,__main__,council_smd,gd,ქართული ოცნება - დემოკრატიული საქართველო,41,,წალენჯიხის,,,ანზორი,ძაძამია,ანზორი ძაძამია,,TRUE,elected_politicians.pdf
local_2017,__main__,council_smd,gd,ქართული ოცნება - დემოკრატიული საქართველო,41,,წალენჯიხის,,,ზურაბი,სამუშია,ზურაბი სამუშია,,TRUE,elected_politicians.pdf
local_2017,__main__,council_smd,gd,ქართული ოცნება - დემოკრატიული საქართველო,41,,წალენჯიხის,,,იაგო,მიქავა,იაგო მიქავა,,TRUE,elected_politicians.pdf
local_2017,__main__,council_smd,gd,ქართული ოცნება - დემოკრატიული საქართველო,41,,წალენჯიხის,,,კახაბერ,ჯოლოხავა,კახაბერ ჯოლოხავა,,TRUE,elected_politicians.pdf
local_2017,__main__,council_smd,gd,ქართული ოცნება - დემოკრატიული საქართველო,41,,წალენჯიხის,,,დავით,ფიფია,დავით ფიფია,,TRUE,elected_politicians.pdf
local_2017,__main__,council_smd,gd,ქართული ოცნება - დემოკრატიული საქართველო,41,,წალენჯიხის,,,ვლადიმერი,კვარაცხელია,ვლადიმერი კვარაცხელია,,TRUE,elected_politicians.pdf
local_2017,__main__,council_smd,gd,ქართული ოცნება - დემოკრატიული საქართველო,41,,წალენჯიხის,,,ბაკურ,სონგულია,ბაკურ სონგულია,,TRUE,elected_politicians.pdf
local_2017,__main__,council_smd,gd,ქართული ოცნება - დემოკრატიული საქართველო,41,,წალენჯიხის,,,ლევან,შელია,ლევან შელია,,TRUE,elected_politicians.pdf
local_2017,__main__,council_smd,gd,ქართული ოცნება - დემოკრატიული საქართველო,41,,წალენჯიხის,,,დათა,კუკავა,დათა კუკავა,,TRUE,elected_politicians.pdf
local_2017,__main__,council_smd,gd,ქართული ოცნება - დემოკრატიული საქართველო,41,,წალენჯიხის,,,თეა,ხასაია,თეა ხასაია,,TRUE,elected_politicians.pdf
local_2017,__main__,council_smd,gd,ქართული ოცნება - დემოკრატიული საქართველო,41,,წალენჯიხის,,,ბაჩუკი,უბილავა,ბაჩუკი უბილავა,,TRUE,elected_politicians.pdf
local_2017,__main__,council_smd,gd,ქართული ოცნება - დემოკრატიული საქართველო,41,,წალენჯიხის,,,ნონა,მიქავა,ნონა მიქავა,,TRUE,elected_politicians.pdf
local_2017,__main__,mayor,gd,ქართული ოცნება - დემოკრატიული საქართველო,41,,წალენჯიხის,,,ბესიკ,ფარცვანია,ბესიკ ფარცვანია,,TRUE,elected_politicians.pdf
local_2017,__main__,pr,european_georgia,"ბაქრაძე, უგულავა - ევროპული საქართველო",2,,ჩხოროწყუს,,,მერაბი,შელია,მერაბი შელია,,TRUE,elected_politicians.pdf
local_2017,__main__,pr,unm,ერთიანი ნაციონალური მოძრაობა,5,,ჩხოროწყუს,,,რამაზი,გულუა,რამაზი გულუა,,TRUE,elected_politicians.pdf
local_2017,__main__,pr,unm,ერთიანი ნაციონალური მოძრაობა,5,,ჩხოროწყუს,,,ბადრი,ქარჩავა,ბადრი ქარჩავა,,TRUE,elected_politicians.pdf
local_2017,__main__,pr,unm,ერთიანი ნაციონალური მოძრაობა,5,,ჩხოროწყუს,,,რამაზ,თოლორდავა,რამაზ თოლორდავა,,TRUE,elected_politicians.pdf
local_2017,__main__,pr,unm,ერთიანი ნაციონალური მოძრაობა,5,,ჩხოროწყუს,,,ნია,ჭითანავა,ნია ჭითანავა,,TRUE,elected_politicians.pdf
local_2017,__main__,pr,patriots,"დავით თარხან-მოურავი, ირმა ინაშვილი - საქართველოს პატრიოტთა ალიანსი",8,,ჩხოროწყუს,,,მამუკა,გულუა,მამუკა გულუა,,TRUE,elected_politicians.pdf
local_2017,__main__,pr,construction_movement_2017,შენების მოძრაობა,20,,ჩხოროწყუს,,,კორნელი,საჯაია,კორნელი საჯაია,,TRUE,elected_politicians.pdf
local_2017,__main__,pr,gd,ქართული ოცნება - დემოკრატიული საქართველო,41,,ჩხოროწყუს,,,ბესიკ,ესებუა,ბესიკ ესებუა,,TRUE,elected_politicians.pdf
local_2017,__main__,pr,gd,ქართული ოცნება - დემოკრატიული საქართველო,41,,ჩხოროწყუს,,,კობა,ჯიქია,კობა ჯიქია,,TRUE,elected_politicians.pdf
local_2017,__main__,pr,gd,ქართული ოცნება - დემოკრატიული საქართველო,41,,ჩხოროწყუს,,,გულნაზი,ბაძაღუა,გულნაზი ბაძაღუა,,TRUE,elected_politicians.pdf
local_2017,__main__,pr,gd,ქართული ოცნება - დემოკრატიული საქართველო,41,,ჩხოროწყუს,,,ვალერი,იზორია,ვალერი იზორია,,TRUE,elected_politicians.pdf
local_2017,__main__,pr,gd,ქართული ოცნება - დემოკრატიული საქართველო,41,,ჩხოროწყუს,,,გოგა,თოლორდავა,გოგა თოლორდავა,,TRUE,elected_politicians.pdf
local_2017,__main__,pr,gd,ქართული ოცნება - დემოკრატიული საქართველო,41,,ჩხოროწყუს,,,სოსო,ბერაძე,სოსო ბერაძე,,TRUE,elected_politicians.pdf
local_2017,__main__,pr,gd,ქართული ოცნება - დემოკრატიული საქართველო,41,,ჩხოროწყუს,,,გერონტი,მამფორია,გერონტი მამფორია,,TRUE,elected_politicians.pdf
local_2017,__main__,pr,gd,ქართული ოცნება - დემოკრატიული საქართველო,41,,ჩხოროწყუს,,,ლევან,სოსელია,ლევან სოსელია,,TRUE,elected_politicians.pdf
local_2017,__main__,council_smd,gd,ქართული ოცნება - დემოკრატიული საქართველო,41,,ჩხოროწყუს,,,ჯანო,პერტაია,ჯანო პერტაია,,TRUE,elected_politicians.pdf
local_2017,__main__,council_smd,gd,ქართული ოცნება - დემოკრატიული საქართველო,41,,ჩხოროწყუს,,,ზურაბ,ჯიქია,ზურაბ ჯიქია,,TRUE,elected_politicians.pdf
local_2017,__main__,council_smd,gd,ქართული ოცნება - დემოკრატიული საქართველო,41,,ჩხოროწყუს,,,ჯონი,ჯალაღონია,ჯონი ჯალაღონია,,TRUE,elected_politicians.pdf
local_2017,__main__,council_smd,gd,ქართული ოცნება - დემოკრატიული საქართველო,41,,ჩხოროწყუს,,,აბელი,თოდუა,აბელი თოდუა,,TRUE,elected_politicians.pdf
local_2017,__main__,council_smd,gd,ქართული ოცნება - დემოკრატიული საქართველო,41,,ჩხოროწყუს,,,დათო,კვირტია,დათო კვირტია,,TRUE,elected_politicians.pdf
local_2017,__main__,council_smd,gd,ქართული ოცნება - დემოკრატიული საქართველო,41,,ჩხოროწყუს,,,მამუკა,ფიჩხაია,მამუკა ფიჩხაია,,TRUE,elected_politicians.pdf
local_2017,__main__,council_smd,construction_movement_2017,შენების მოძრაობა,20,,ჩხოროწყუს,,,კორნელი,წურწუმია,კორნელი წურწუმია,,TRUE,elected_politicians.pdf
local_2017,__main__,council_smd,gd,ქართული ოცნება - დემოკრატიული საქართველო,41,,ჩხოროწყუს,,,კობა,თოლორდავა,კობა თოლორდავა,,TRUE,elected_politicians.pdf
local_2017,__main__,council_smd,gd,ქართული ოცნება - დემოკრატიული საქართველო,41,,ჩხოროწყუს,,,ბონდო,ჭეჟია,ბონდო ჭეჟია,,TRUE,elected_politicians.pdf
local_2017,__main__,council_smd,gd,ქართული ოცნება - დემოკრატიული საქართველო,41,,ჩხოროწყუს,,,დაზმირ,დარსალია,დაზმირ დარსალია,,TRUE,elected_politicians.pdf
local_2017,__main__,council_smd,gd,ქართული ოცნება - დემოკრატიული საქართველო,41,,ჩხოროწყუს,,,გიორგი,ახალაია,გიორგი ახალაია,,TRUE,elected_politicians.pdf
local_2017,__main__,council_smd,gd,ქართული ოცნება - დემოკრატიული საქართველო,41,,ჩხოროწყუს,,,შოთა,შენგელია,შოთა შენგელია,,TRUE,elected_politicians.pdf
local_2017,__main__,council_smd,gd,ქართული ოცნება - დემოკრატიული საქართველო,41,,ჩხოროწყუს,,,ნუგზარ,ჯალაღონია,ნუგზარ ჯალაღონია,,TRUE,elected_politicians.pdf
local_2017,__main__,mayor,gd,ქართული ოცნება - დემოკრატიული საქართველო,41,,ჩხოროწყუს,,,დათო,გოგუა,დათო გოგუა,,TRUE,elected_politicians.pdf
local_2017,__main__,pr,european_georgia,"ბაქრაძე, უგულავა - ევროპული საქართველო",2,,თვითმმართველი ქალაქის - ფოთის,,,ვახტანგი,დარცმელიძე,ვახტანგი დარცმელიძე,,TRUE,elected_politicians.pdf
local_2017,__main__,pr,free_georgia,"დიმიტრი ლორთქიფანიძე, კახა კუკავა-დემოკრატიული მოძრაობა-თავისუფალი საქართველო",3,,თვითმმართველი ქალაქის - ფოთის,,,ოთარ,ხარჩილავა,ოთარ ხარჩილავა,,TRUE,elected_politicians.pdf
local_2017,__main__,pr,unm,ერთიანი ნაციონალური მოძრაობა,5,,თვითმმართველი ქალაქის - ფოთის,,,დათო,ხომერიკი,დათო ხომერიკი,,TRUE,elected_politicians.pdf
local_2017,__main__,pr,unm,ერთიანი ნაციონალური მოძრაობა,5,,თვითმმართველი ქალაქის - ფოთის,,,დარეჯან,ცხვიტარია,დარეჯან ცხვიტარია,,TRUE,elected_politicians.pdf
local_2017,__main__,pr,patriots,"დავით თარხან-მოურავი, ირმა ინაშვილი - საქართველოს პატრიოტთა ალიანსი",8,,თვითმმართველი ქალაქის - ფოთის,,,მაია,ჩხარტიშვილი,მაია ჩხარტიშვილი,,TRUE,elected_politicians.pdf
local_2017,__main__,pr,labour,შალვა ნათელაშვილი - საქართველოს ლეიბორისტული პარტია,10,,თვითმმართველი ქალაქის - ფოთის,,,მამუკა,ხორავა,მამუკა ხორავა,,TRUE,elected_politicians.pdf
local_2017,__main__,pr,construction_movement_2017,შენების მოძრაობა,20,,თვითმმართველი ქალაქის - ფოთის,,,იაგორ,თავართქილაძე,იაგორ თავართქილაძე,,TRUE,elected_politicians.pdf
local_2017,__main__,pr,gd,ქართული ოცნება - დემოკრატიული საქართველო,41,,თვითმმართველი ქალაქის - ფოთის,,,ირაკლი,კაკულია,ირაკლი კაკულია,,TRUE,elected_politicians.pdf
local_2017,__main__,pr,gd,ქართული ოცნება - დემოკრატიული საქართველო,41,,თვითმმართველი ქალაქის - ფოთის,,,ნინო,ბაკურაძე,ნინო ბაკურაძე,,TRUE,elected_politicians.pdf
local_2017,__main__,pr,gd,ქართული ოცნება - დემოკრატიული საქართველო,41,,თვითმმართველი ქალაქის - ფოთის,,,თამარ,თოფურია,თამარ თოფურია,,TRUE,elected_politicians.pdf
local_2017,__main__,pr,gd,ქართული ოცნება - დემოკრატიული საქართველო,41,,თვითმმართველი ქალაქის - ფოთის,,,აკაკი,დარჯანია,აკაკი დარჯანია,,TRUE,elected_politicians.pdf
local_2017,__main__,pr,gd,ქართული ოცნება - დემოკრატიული საქართველო,41,,თვითმმართველი ქალაქის - ფოთის,,,ხვიჩა,ცხვიტარია,ხვიჩა ცხვიტარია,,TRUE,elected_politicians.pdf
local_2017,__main__,pr,gd,ქართული ოცნება - დემოკრატიული საქართველო,41,,თვითმმართველი ქალაქის - ფოთის,,,ზურაბი,ჩაჩუა,ზურაბი ჩაჩუა,,TRUE,elected_politicians.pdf
local_2017,__main__,pr,gd,ქართული ოცნება - დემოკრატიული საქართველო,41,,თვითმმართველი ქალაქის - ფოთის,,,ჯემალ,მიგინეიშვილი,ჯემალ მიგინეიშვილი,,TRUE,elected_politicians.pdf
local_2017,__main__,pr,gd,ქართული ოცნება - დემოკრატიული საქართველო,41,,თვითმმართველი ქალაქის - ფოთის,,,ბაქარი,ერაგია,ბაქარი ერაგია,,TRUE,elected_politicians.pdf
local_2017,__main__,council_smd,gd,ქართული ოცნება - დემოკრატიული საქართველო,41,,თვითმმართველი ქალაქის - ფოთის,,,დავით,ესებუა,დავით ესებუა,,TRUE,elected_politicians.pdf
local_2017,__main__,council_smd,gd,ქართული ოცნება - დემოკრატიული საქართველო,41,,თვითმმართველი ქალაქის - ფოთის,,,აპალონი,ბჟალავა,აპალონი ბჟალავა,,TRUE,elected_politicians.pdf
local_2017,__main__,council_smd,gd,ქართული ოცნება - დემოკრატიული საქართველო,41,,თვითმმართველი ქალაქის - ფოთის,,,თორნიკე,შონია,თორნიკე შონია,,TRUE,elected_politicians.pdf
local_2017,__main__,council_smd,gd,ქართული ოცნება - დემოკრატიული საქართველო,41,,თვითმმართველი ქალაქის - ფოთის,,,დავითი,კვიციანი,დავითი კვიციანი,,TRUE,elected_politicians.pdf
local_2017,__main__,council_smd,gd,ქართული ოცნება - დემოკრატიული საქართველო,41,,თვითმმართველი ქალაქის - ფოთის,,,ოლეგი,ნაჭყებია,ოლეგი ნაჭყებია,,TRUE,elected_politicians.pdf
local_2017,__main__,council_smd,gd,ქართული ოცნება - დემოკრატიული საქართველო,41,,თვითმმართველი ქალაქის - ფოთის,,,ბექა,ვაჭარაძე,ბექა ვაჭარაძე,,TRUE,elected_politicians.pdf
local_2017,__main__,council_smd,gd,ქართული ოცნება - დემოკრატიული საქართველო,41,,თვითმმართველი ქალაქის - ფოთის,,,ზვიადი,დგებუაძე,ზვიადი დგებუაძე,,TRUE,elected_politicians.pdf
local_2017,__main__,council_smd,gd,ქართული ოცნება - დემოკრატიული საქართველო,41,,თვითმმართველი ქალაქის - ფოთის,,,თორნიკე,კირთაძე,თორნიკე კირთაძე,,TRUE,elected_politicians.pdf
local_2017,__main__,council_smd,gd,ქართული ოცნება - დემოკრატიული საქართველო,41,,თვითმმართველი ქალაქის - ფოთის,,,მალხაზი,ფოჩხუა,მალხაზი ფოჩხუა,,TRUE,elected_politicians.pdf
local_2017,__main__,council_smd,gd,ქართული ოცნება - დემოკრატიული საქართველო,41,,თვითმმართველი ქალაქის - ფოთის,,,სამსონი,კუტალია,სამსონი კუტალია,,TRUE,elected_politicians.pdf
local_2017,__main__,mayor,gd,ქართული ოცნება - დემოკრატიული საქართველო,41,,თვითმმართველი ქალაქის - ფოთის,,,გოჩა,კურდღელია,გოჩა კურდღელია,,TRUE,elected_politicians.pdf
local_2017,__main__,pr,european_georgia,"ბაქრაძე, უგულავა - ევროპული საქართველო",2,,თვითმმართველი ქალაქის - ბათუმის,,,რაულ,თავართქილაძე,რაულ თავართქილაძე,,TRUE,elected_politicians.pdf
local_2017,__main__,pr,unm,ერთიანი ნაციონალური მოძრაობა,5,,თვითმმართველი ქალაქის - ბათუმის,,,მირდატ,ქამადაძე,მირდატ ქამადაძე,,TRUE,elected_politicians.pdf
local_2017,__main__,pr,unm,ერთიანი ნაციონალური მოძრაობა,5,,თვითმმართველი ქალაქის - ბათუმის,,,ლევან,ანთაძე,ლევან ანთაძე,,TRUE,elected_politicians.pdf
local_2017,__main__,pr,unm,ერთიანი ნაციონალური მოძრაობა,5,,თვითმმართველი ქალაქის - ბათუმის,,,ნოდარ,დუმბაძე,ნოდარ დუმბაძე,,TRUE,elected_politicians.pdf
local_2017,__main__,pr,unm,ერთიანი ნაციონალური მოძრაობა,5,,თვითმმართველი ქალაქის - ბათუმის,,,ევგენ,კუნჭულია,ევგენ კუნჭულია,,TRUE,elected_politicians.pdf
local_2017,__main__,pr,patriots,"დავით თარხან-მოურავი, ირმა ინაშვილი - საქართველოს პატრიოტთა ალიანსი",8,,თვითმმართველი ქალაქის - ბათუმის,,,არჩილ,მამულაძე,არჩილ მამულაძე,,TRUE,elected_politicians.pdf
local_2017,__main__,pr,gd,ქართული ოცნება - დემოკრატიული საქართველო,41,,თვითმმართველი ქალაქის - ბათუმის,,,სულიკო,თებიძე,სულიკო თებიძე,,TRUE,elected_politicians.pdf
local_2017,__main__,pr,gd,ქართული ოცნება - დემოკრატიული საქართველო,41,,თვითმმართველი ქალაქის - ბათუმის,,,ირაკლი,მიქელაძე,ირაკლი მიქელაძე,,TRUE,elected_politicians.pdf
local_2017,__main__,pr,gd,ქართული ოცნება - დემოკრატიული საქართველო,41,,თვითმმართველი ქალაქის - ბათუმის,,,ნერიმან,ცინცაძე,ნერიმან ცინცაძე,,TRUE,elected_politicians.pdf
local_2017,__main__,pr,gd,ქართული ოცნება - დემოკრატიული საქართველო,41,,თვითმმართველი ქალაქის - ბათუმის,,,ლაშა,სირაბიძე,ლაშა სირაბიძე,,TRUE,elected_politicians.pdf
local_2017,__main__,pr,gd,ქართული ოცნება - დემოკრატიული საქართველო,41,,თვითმმართველი ქალაქის - ბათუმის,,,ბესარიონ,გოგოტიშვილი,ბესარიონ გოგოტიშვილი,,TRUE,elected_politicians.pdf
local_2017,__main__,pr,gd,ქართული ოცნება - დემოკრატიული საქართველო,41,,თვითმმართველი ქალაქის - ბათუმის,,,დიმიტრი,ჭეიშვილი,დიმიტრი ჭეიშვილი,,TRUE,elected_politicians.pdf
local_2017,__main__,pr,gd,ქართული ოცნება - დემოკრატიული საქართველო,41,,თვითმმართველი ქალაქის - ბათუმის,,,დავით,მახარაძე,დავით მახარაძე,,TRUE,elected_politicians.pdf
local_2017,__main__,pr,gd,ქართული ოცნება - დემოკრატიული საქართველო,41,,თვითმმართველი ქალაქის - ბათუმის,,,ნატალია,ძიძიგური,ნატალია ძიძიგური,,TRUE,elected_politicians.pdf
local_2017,__main__,pr,gd,ქართული ოცნება - დემოკრატიული საქართველო,41,,თვითმმართველი ქალაქის - ბათუმის,,,თამაზ,დევაძე,თამაზ დევაძე,,TRUE,elected_politicians.pdf
local_2017,__main__,council_smd,gd,ქართული ოცნება - დემოკრატიული საქართველო,41,,თვითმმართველი ქალაქის - ბათუმის,,,თამაზ,სალუქვაძე,თამაზ სალუქვაძე,,TRUE,elected_politicians.pdf
local_2017,__main__,council_smd,gd,ქართული ოცნება - დემოკრატიული საქართველო,41,,თვითმმართველი ქალაქის - ბათუმის,,,გოჩა,მგელაძე,გოჩა მგელაძე,,TRUE,elected_politicians.pdf
local_2017,__main__,council_smd,gd,ქართული ოცნება - დემოკრატიული საქართველო,41,,თვითმმართველი ქალაქის - ბათუმის,,,ნატალია,ზოიძე,ნატალია ზოიძე,,TRUE,elected_politicians.pdf
local_2017,__main__,council_smd,gd,ქართული ოცნება - დემოკრატიული საქართველო,41,,თვითმმართველი ქალაქის - ბათუმის,,,ანზორ,დევაძე,ანზორ დევაძე,,TRUE,elected_politicians.pdf
local_2017,__main__,council_smd,gd,ქართული ოცნება - დემოკრატიული საქართველო,41,,თვითმმართველი ქალაქის - ბათუმის,,,ელგუჯა,ანდრიაძე,ელგუჯა ანდრიაძე,,TRUE,elected_politicians.pdf
local_2017,__main__,council_smd,gd,ქართული ოცნება - დემოკრატიული საქართველო,41,,თვითმმართველი ქალაქის - ბათუმის,,,ზურაბ,ნაკაიძე,ზურაბ ნაკაიძე,,TRUE,elected_politicians.pdf
local_2017,__main__,council_smd,gd,ქართული ოცნება - დემოკრატიული საქართველო,41,,თვითმმართველი ქალაქის - ბათუმის,,,ირაკლი,თოფურიძე,ირაკლი თოფურიძე,,TRUE,elected_politicians.pdf
local_2017,__main__,council_smd,gd,ქართული ოცნება - დემოკრატიული საქართველო,41,,თვითმმართველი ქალაქის - ბათუმის,,,ირაკლი,პატარიძე,ირაკლი პატარიძე,,TRUE,elected_politicians.pdf
local_2017,__main__,council_smd,gd,ქართული ოცნება - დემოკრატიული საქართველო,41,,თვითმმართველი ქალაქის - ბათუმის,,,ომარ,მახარაძე,ომარ მახარაძე,,TRUE,elected_politicians.pdf
local_2017,__main__,council_smd,gd,ქართული ოცნება - დემოკრატიული საქართველო,41,,თვითმმართველი ქალაქის - ბათუმის,,,მუხამედ,ართმელაძე,მუხამედ ართმელაძე,,TRUE,elected_politicians.pdf
local_2017,__main__,mayor,gd,ქართული ოცნება - დემოკრატიული საქართველო,41,,თვითმმართველი ქალაქის - ბათუმის,,,ლაშა,კომახიძე,ლაშა კომახიძე,,TRUE,elected_politicians.pdf
local_2017,__main__,pr,european_georgia,"ბაქრაძე, უგულავა - ევროპული საქართველო",2,,ქედის,,,თემურ,ავალიანი,თემურ ავალიანი,,TRUE,elected_politicians.pdf
local_2017,__main__,pr,unm,ერთიანი ნაციონალური მოძრაობა,5,,ქედის,,,ვაჟა,ბოლქვაძე,ვაჟა ბოლქვაძე,,TRUE,elected_politicians.pdf
local_2017,__main__,pr,unm,ერთიანი ნაციონალური მოძრაობა,5,,ქედის,,,ბაქარ,ბარამიძე,ბაქარ ბარამიძე,,TRUE,elected_politicians.pdf
local_2017,__main__,pr,unm,ერთიანი ნაციონალური მოძრაობა,5,,ქედის,,,რამინ,ბერიძე,რამინ ბერიძე,,TRUE,elected_politicians.pdf
local_2017,__main__,pr,patriots,"დავით თარხან-მოურავი, ირმა ინაშვილი - საქართველოს პატრიოტთა ალიანსი",8,,ქედის,,,გენადი,არძენაძე,გენადი არძენაძე,,TRUE,elected_politicians.pdf
local_2017,__main__,pr,patriots,"დავით თარხან-მოურავი, ირმა ინაშვილი - საქართველოს პატრიოტთა ალიანსი",8,,ქედის,,,გოჩა,გათენაძე,გოჩა გათენაძე,,TRUE,elected_politicians.pdf
local_2017,__main__,pr,gd,ქართული ოცნება - დემოკრატიული საქართველო,41,,ქედის,,,ამირან,ცინცაძე,ამირან ცინცაძე,,TRUE,elected_politicians.pdf
local_2017,__main__,pr,gd,ქართული ოცნება - დემოკრატიული საქართველო,41,,ქედის,,,რომან,დავითაძე,რომან დავითაძე,,TRUE,elected_politicians.pdf
local_2017,__main__,pr,gd,ქართული ოცნება - დემოკრატიული საქართველო,41,,ქედის,,,მზია,ბოლქვაძე,მზია ბოლქვაძე,,TRUE,elected_politicians.pdf
local_2017,__main__,pr,gd,ქართული ოცნება - დემოკრატიული საქართველო,41,,ქედის,,,რეზო,თურმანიძე,რეზო თურმანიძე,,TRUE,elected_politicians.pdf
local_2017,__main__,pr,gd,ქართული ოცნება - დემოკრატიული საქართველო,41,,ქედის,,,არჩილ,გორგილაძე,არჩილ გორგილაძე,,TRUE,elected_politicians.pdf
local_2017,__main__,pr,gd,ქართული ოცნება - დემოკრატიული საქართველო,41,,ქედის,,,გოჩა,გორგილაძე,გოჩა გორგილაძე,,TRUE,elected_politicians.pdf
local_2017,__main__,pr,gd,ქართული ოცნება - დემოკრატიული საქართველო,41,,ქედის,,,მამუკა,გოგოლიშვილი,მამუკა გოგოლიშვილი,,TRUE,elected_politicians.pdf
local_2017,__main__,pr,gd,ქართული ოცნება - დემოკრატიული საქართველო,41,,ქედის,,,როსტომ,შერვაშიძე,როსტომ შერვაშიძე,,TRUE,elected_politicians.pdf
local_2017,__main__,pr,gd,ქართული ოცნება - დემოკრატიული საქართველო,41,,ქედის,,,ტარიელ,მანველიძე,ტარიელ მანველიძე,,TRUE,elected_politicians.pdf
local_2017,__main__,council_smd,gd,ქართული ოცნება - დემოკრატიული საქართველო,41,,ქედის,,,კარლო,თურმანიძე,კარლო თურმანიძე,,TRUE,elected_politicians.pdf
local_2017,__main__,council_smd,gd,ქართული ოცნება - დემოკრატიული საქართველო,41,,ქედის,,,ოთარ,ხარაძე,ოთარ ხარაძე,,TRUE,elected_politicians.pdf
local_2017,__main__,council_smd,gd,ქართული ოცნება - დემოკრატიული საქართველო,41,,ქედის,,,ამირან,დევაძე,ამირან დევაძე,,TRUE,elected_politicians.pdf
local_2017,__main__,council_smd,gd,ქართული ოცნება - დემოკრატიული საქართველო,41,,ქედის,,,ზურაბ,თავდგირიძე,ზურაბ თავდგირიძე,,TRUE,elected_politicians.pdf
local_2017,__main__,council_smd,gd,ქართული ოცნება - დემოკრატიული საქართველო,41,,ქედის,,,შუქრი,თურმანიძე,შუქრი თურმანიძე,,TRUE,elected_politicians.pdf
local_2017,__main__,council_smd,gd,ქართული ოცნება - დემოკრატიული საქართველო,41,,ქედის,,,უშანგი,დუმბაძე,უშანგი დუმბაძე,,TRUE,elected_politicians.pdf
local_2017,__main__,council_smd,gd,ქართული ოცნება - დემოკრატიული საქართველო,41,,ქედის,,,ბადრი,შავლიძე,ბადრი შავლიძე,,TRUE,elected_politicians.pdf
local_2017,__main__,council_smd,gd,ქართული ოცნება - დემოკრატიული საქართველო,41,,ქედის,,,ოთარ,ბოლქვაძე,ოთარ ბოლქვაძე,,TRUE,elected_politicians.pdf
local_2017,__main__,council_smd,gd,ქართული ოცნება - დემოკრატიული საქართველო,41,,ქედის,,,სილოვან,ბერიძე,სილოვან ბერიძე,,TRUE,elected_politicians.pdf
local_2017,__main__,mayor,gd,ქართული ოცნება - დემოკრატიული საქართველო,41,,ქედის,,,ლევან,გორგილაძე,ლევან გორგილაძე,,TRUE,elected_politicians.pdf
local_2017,__main__,pr,european_georgia,"ბაქრაძე, უგულავა - ევროპული საქართველო",2,,ქობულეთის,,,პაატა,ცინარიძე,პაატა ცინარიძე,,TRUE,elected_politicians.pdf
local_2017,__main__,pr,unm,ერთიანი ნაციონალური მოძრაობა,5,,ქობულეთის,,,ბონდო,თედორაძე,ბონდო თედორაძე,,TRUE,elected_politicians.pdf
local_2017,__main__,pr,unm,ერთიანი ნაციონალური მოძრაობა,5,,ქობულეთის,,,ლელა,ვერულიძე,ლელა ვერულიძე,,TRUE,elected_politicians.pdf
local_2017,__main__,pr,unm,ერთიანი ნაციონალური მოძრაობა,5,,ქობულეთის,,,მერაბ,ცინცაბაძე,მერაბ ცინცაბაძე,,TRUE,elected_politicians.pdf
local_2017,__main__,pr,unm,ერთიანი ნაციონალური მოძრაობა,5,,ქობულეთის,,,ჯანსუღ,ჯინჭარაძე,ჯანსუღ ჯინჭარაძე,,TRUE,elected_politicians.pdf
local_2017,__main__,pr,patriots,"დავით თარხან-მოურავი, ირმა ინაშვილი - საქართველოს პატრიოტთა ალიანსი",8,,ქობულეთის,,,ვალერი,მოწყობილი,ვალერი მოწყობილი,,TRUE,elected_politicians.pdf
local_2017,__main__,pr,gd,ქართული ოცნება - დემოკრატიული საქართველო,41,,ქობულეთის,,,გელა,გოგიტიძე,გელა გოგიტიძე,,TRUE,elected_politicians.pdf
local_2017,__main__,pr,gd,ქართული ოცნება - დემოკრატიული საქართველო,41,,ქობულეთის,,,ნათია,თხილაიშვილი,ნათია თხილაიშვილი,,TRUE,elected_politicians.pdf
local_2017,__main__,pr,gd,ქართული ოცნება - დემოკრატიული საქართველო,41,,ქობულეთის,,,ლია,შაქარიშვილი,ლია შაქარიშვილი,,TRUE,elected_politicians.pdf
local_2017,__main__,pr,gd,ქართული ოცნება - დემოკრატიული საქართველო,41,,ქობულეთის,,,იოსებ,ჟღენტი,იოსებ ჟღენტი,,TRUE,elected_politicians.pdf
local_2017,__main__,pr,gd,ქართული ოცნება - დემოკრატიული საქართველო,41,,ქობულეთის,,,გიორგი,გოგიტიძე,გიორგი გოგიტიძე,,TRUE,elected_politicians.pdf
local_2017,__main__,pr,gd,ქართული ოცნება - დემოკრატიული საქართველო,41,,ქობულეთის,,,სულხან,გორჯელაძე,სულხან გორჯელაძე,,TRUE,elected_politicians.pdf
local_2017,__main__,pr,gd,ქართული ოცნება - დემოკრატიული საქართველო,41,,ქობულეთის,,,მამია,ჟორდანია,მამია ჟორდანია,,TRUE,elected_politicians.pdf
local_2017,__main__,pr,gd,ქართული ოცნება - დემოკრატიული საქართველო,41,,ქობულეთის,,,ნარგიზ,რომანაძე,ნარგიზ რომანაძე,,TRUE,elected_politicians.pdf
local_2017,__main__,pr,gd,ქართული ოცნება - დემოკრატიული საქართველო,41,,ქობულეთის,,,ნაილე,ლაზიშვილი,ნაილე ლაზიშვილი,,TRUE,elected_politicians.pdf
local_2017,__main__,council_smd,gd,ქართული ოცნება - დემოკრატიული საქართველო,41,,ქობულეთის,,,დავით,წულუკიძე,დავით წულუკიძე,,TRUE,elected_politicians.pdf
local_2017,__main__,council_smd,gd,ქართული ოცნება - დემოკრატიული საქართველო,41,,ქობულეთის,,,დავით,მჭედლიშვილი,დავით მჭედლიშვილი,,TRUE,elected_politicians.pdf
local_2017,__main__,council_smd,gd,ქართული ოცნება - დემოკრატიული საქართველო,41,,ქობულეთის,,,ავთანდილ,გოგიბერიძე,ავთანდილ გოგიბერიძე,,TRUE,elected_politicians.pdf
local_2017,__main__,council_smd,unm,ერთიანი ნაციონალური მოძრაობა,5,,ქობულეთის,,,მამული,სურმანიძე,მამული სურმანიძე,,TRUE,elected_politicians.pdf
local_2017,__main__,council_smd,gd,ქართული ოცნება - დემოკრატიული საქართველო,41,,ქობულეთის,,,მამუკა,შამილიშვილი,მამუკა შამილიშვილი,,TRUE,elected_politicians.pdf
local_2017,__main__,council_smd,gd,ქართული ოცნება - დემოკრატიული საქართველო,41,,ქობულეთის,,,მანუჩარ,ნიჟარაძე,მანუჩარ ნიჟარაძე,,TRUE,elected_politicians.pdf
local_2017,__main__,council_smd,gd,ქართული ოცნება - დემოკრატიული საქართველო,41,,ქობულეთის,,,ავთანდილ,ზოიძე,ავთანდილ ზოიძე,,TRUE,elected_politicians.pdf
local_2017,__main__,council_smd,gd,ქართული ოცნება - დემოკრატიული საქართველო,41,,ქობულეთის,,,გენადი,თამაზაშვილი,გენადი თამაზაშვილი,,TRUE,elected_politicians.pdf
local_2017,__main__,council_smd,gd,ქართული ოცნება - დემოკრატიული საქართველო,41,,ქობულეთის,,,რომან,მოწყობილი,რომან მოწყობილი,,TRUE,elected_politicians.pdf
local_2017,__main__,council_smd,gd,ქართული ოცნება - დემოკრატიული საქართველო,41,,ქობულეთის,,,მალხაზ,რომანაძე,მალხაზ რომანაძე,,TRUE,elected_politicians.pdf
local_2017,__main__,council_smd,gd,ქართული ოცნება - დემოკრატიული საქართველო,41,,ქობულეთის,,,ქეთინო,ქათამაძე,ქეთინო ქათამაძე,,TRUE,elected_politicians.pdf
local_2017,__main__,council_smd,gd,ქართული ოცნება - დემოკრატიული საქართველო,41,,ქობულეთის,,,ავთანდილ,ვერულიძე,ავთანდილ ვერულიძე,,TRUE,elected_politicians.pdf
local_2017,__main__,council_smd,gd,ქართული ოცნება - დემოკრატიული საქართველო,41,,ქობულეთის,,,ავთანდილ,ანანიძე,ავთანდილ ანანიძე,,TRUE,elected_politicians.pdf
local_2017,__main__,council_smd,gd,ქართული ოცნება - დემოკრატიული საქართველო,41,,ქობულეთის,,,თედო,ტაკიძე,თედო ტაკიძე,,TRUE,elected_politicians.pdf
local_2017,__main__,council_smd,gd,ქართული ოცნება - დემოკრატიული საქართველო,41,,ქობულეთის,,,ედნარ,თურმანიძე,ედნარ თურმანიძე,,TRUE,elected_politicians.pdf
local_2017,__main__,council_smd,gd,ქართული ოცნება - დემოკრატიული საქართველო,41,,ქობულეთის,,,ვიტალი,ქარცივაძე,ვიტალი ქარცივაძე,,TRUE,elected_politicians.pdf
local_2017,__main__,council_smd,gd,ქართული ოცნება - დემოკრატიული საქართველო,41,,ქობულეთის,,,სოსო,ჯაფარიძე,სოსო ჯაფარიძე,,TRUE,elected_politicians.pdf
local_2017,__main__,council_smd,gd,ქართული ოცნება - დემოკრატიული საქართველო,41,,ქობულეთის,,,გურამ,აბაშიძე,გურამ აბაშიძე,,TRUE,elected_politicians.pdf
local_2017,__main__,council_smd,gd,ქართული ოცნება - დემოკრატიული საქართველო,41,,ქობულეთის,,,ვაჟა,შავიშვილი,ვაჟა შავიშვილი,,TRUE,elected_politicians.pdf
local_2017,__main__,council_smd,gd,ქართული ოცნება - დემოკრატიული საქართველო,41,,ქობულეთის,,,თემურ,მოწყობილი,თემურ მოწყობილი,,TRUE,elected_politicians.pdf
local_2017,__main__,council_smd,unm,ერთიანი ნაციონალური მოძრაობა,5,,ქობულეთის,,,მალხაზ,დიასამიძე,მალხაზ დიასამიძე,,TRUE,elected_politicians.pdf
local_2017,__main__,council_smd,gd,ქართული ოცნება - დემოკრატიული საქართველო,41,,ქობულეთის,,,არჩილ,დუმბაძე,არჩილ დუმბაძე,,TRUE,elected_politicians.pdf
local_2017,__main__,mayor,gd,ქართული ოცნება - დემოკრატიული საქართველო,41,,ქობულეთის,,,მირიან,ქათამაძე,მირიან ქათამაძე,,TRUE,elected_politicians.pdf
local_2017,__main__,pr,european_georgia,"ბაქრაძე, უგულავა - ევროპული საქართველო",2,,შუახევის,,,მირზა,თურმანიძე,მირზა თურმანიძე,,TRUE,elected_politicians.pdf
local_2017,__main__,pr,unm,ერთიანი ნაციონალური მოძრაობა,5,,შუახევის,,,სოსლან,ზოიძე,სოსლან ზოიძე,,TRUE,elected_politicians.pdf
local_2017,__main__,pr,unm,ერთიანი ნაციონალური მოძრაობა,5,,შუახევის,,,ნუგზარი,ამაღლობელი,ნუგზარი ამაღლობელი,,TRUE,elected_politicians.pdf
local_2017,__main__,pr,unm,ერთიანი ნაციონალური მოძრაობა,5,,შუახევის,,,ირმა,ფუტკარაძე,ირმა ფუტკარაძე,,TRUE,elected_politicians.pdf
local_2017,__main__,pr,patriots,"დავით თარხან-მოურავი, ირმა ინაშვილი - საქართველოს პატრიოტთა ალიანსი",8,,შუახევის,,,მიხეილ,ტარიელაძე,მიხეილ ტარიელაძე,,TRUE,elected_politicians.pdf
local_2017,__main__,pr,gd,ქართული ოცნება - დემოკრატიული საქართველო,41,,შუახევის,,,მირიან,აბაშიძე,მირიან აბაშიძე,,TRUE,elected_politicians.pdf
local_2017,__main__,pr,gd,ქართული ოცნება - დემოკრატიული საქართველო,41,,შუახევის,,,ფრიდონ,ფუტკარაძე,ფრიდონ ფუტკარაძე,,TRUE,elected_politicians.pdf
local_2017,__main__,pr,gd,ქართული ოცნება - დემოკრატიული საქართველო,41,,შუახევის,,,ნოდარ,ქარცივაძე,ნოდარ ქარცივაძე,,TRUE,elected_politicians.pdf
local_2017,__main__,pr,gd,ქართული ოცნება - დემოკრატიული საქართველო,41,,შუახევის,,,ედნარ,კეჟერაძე,ედნარ კეჟერაძე,,TRUE,elected_politicians.pdf
local_2017,__main__,pr,gd,ქართული ოცნება - დემოკრატიული საქართველო,41,,შუახევის,,,თენგიზ,ივანაძე,თენგიზ ივანაძე,,TRUE,elected_politicians.pdf
local_2017,__main__,pr,gd,ქართული ოცნება - დემოკრატიული საქართველო,41,,შუახევის,,,გურამ,ქათამაძე,გურამ ქათამაძე,,TRUE,elected_politicians.pdf
local_2017,__main__,pr,gd,ქართული ოცნება - დემოკრატიული საქართველო,41,,შუახევის,,,ვახტანგ,ზოიძე,ვახტანგ ზოიძე,,TRUE,elected_politicians.pdf
local_2017,__main__,pr,gd,ქართული ოცნება - დემოკრატიული საქართველო,41,,შუახევის,,,გურამ,ზოიძე,გურამ ზოიძე,,TRUE,elected_politicians.pdf
local_2017,__main__,pr,gd,ქართული ოცნება - დემოკრატიული საქართველო,41,,შუახევის,,,ზაზა,დავითაძე,ზაზა დავითაძე,,TRUE,elected_politicians.pdf
local_2017,__main__,pr,gd,ქართული ოცნება - დემოკრატიული საქართველო,41,,შუახევის,,,ფატი,ჭაღალიძე,ფატი ჭაღალიძე,,TRUE,elected_politicians.pdf
local_2017,__main__,council_smd,gd,ქართული ოცნება - დემოკრატიული საქართველო,41,,შუახევის,,,გიორგი,დავითაძე,გიორგი დავითაძე,,TRUE,elected_politicians.pdf
local_2017,__main__,council_smd,gd,ქართული ოცნება - დემოკრატიული საქართველო,41,,შუახევის,,,მურად,ქათამაძე,მურად ქათამაძე,,TRUE,elected_politicians.pdf
local_2017,__main__,council_smd,gd,ქართული ოცნება - დემოკრატიული საქართველო,41,,შუახევის,,,იმედა,მუკუტაძე,იმედა მუკუტაძე,,TRUE,elected_politicians.pdf
local_2017,__main__,council_smd,gd,ქართული ოცნება - დემოკრატიული საქართველო,41,,შუახევის,,,ამირან,ბერიძე,ამირან ბერიძე,,TRUE,elected_politicians.pdf
local_2017,__main__,council_smd,gd,ქართული ოცნება - დემოკრატიული საქართველო,41,,შუახევის,,,გენად,მიქელაძე,გენად მიქელაძე,,TRUE,elected_politicians.pdf
local_2017,__main__,council_smd,gd,ქართული ოცნება - დემოკრატიული საქართველო,41,,შუახევის,,,ჯემალ,ივანაძე,ჯემალ ივანაძე,,TRUE,elected_politicians.pdf
local_2017,__main__,council_smd,gd,ქართული ოცნება - დემოკრატიული საქართველო,41,,შუახევის,,,ემზარ,ჯუმუშაძე,ემზარ ჯუმუშაძე,,TRUE,elected_politicians.pdf
local_2017,__main__,council_smd,gd,ქართული ოცნება - დემოკრატიული საქართველო,41,,შუახევის,,,სულიკო,ბოლქვაძე,სულიკო ბოლქვაძე,,TRUE,elected_politicians.pdf
local_2017,__main__,council_smd,gd,ქართული ოცნება - დემოკრატიული საქართველო,41,,შუახევის,,,ზურაბ,ვაშაყმაძე,ზურაბ ვაშაყმაძე,,TRUE,elected_politicians.pdf
local_2017,__main__,mayor,gd,ქართული ოცნება - დემოკრატიული საქართველო,41,,შუახევის,,,ფრიდონ,ფუტკარაძე,ფრიდონ ფუტკარაძე,,TRUE,elected_politicians.pdf
local_2017,__main__,pr,european_georgia,"ბაქრაძე, უგულავა - ევროპული საქართველო",2,,ხელვაჩაურის,,,მურად,გორგაძე,მურად გორგაძე,,TRUE,elected_politicians.pdf
local_2017,__main__,pr,unm,ერთიანი ნაციონალური მოძრაობა,5,,ხელვაჩაურის,,,თეიმურაზ,დუმბაძე,თეიმურაზ დუმბაძე,,TRUE,elected_politicians.pdf
local_2017,__main__,pr,unm,ერთიანი ნაციონალური მოძრაობა,5,,ხელვაჩაურის,,,შორენა,ცინცაძე,შორენა ცინცაძე,,TRUE,elected_politicians.pdf
local_2017,__main__,pr,unm,ერთიანი ნაციონალური მოძრაობა,5,,ხელვაჩაურის,,,მიშა,ბოლქვაძე,მიშა ბოლქვაძე,,TRUE,elected_politicians.pdf
local_2017,__main__,pr,unm,ერთიანი ნაციონალური მოძრაობა,5,,ხელვაჩაურის,,,ქენან,კახიძე,ქენან კახიძე,,TRUE,elected_politicians.pdf
local_2017,__main__,pr,patriots,"დავით თარხან-მოურავი, ირმა ინაშვილი - საქართველოს პატრიოტთა ალიანსი",8,,ხელვაჩაურის,,,ლევან,ლორთქიფანიძე,ლევან ლორთქიფანიძე,,TRUE,elected_politicians.pdf
local_2017,__main__,pr,patriots,"დავით თარხან-მოურავი, ირმა ინაშვილი - საქართველოს პატრიოტთა ალიანსი",8,,ხელვაჩაურის,,,მალხაზ,მხეიძე,მალხაზ მხეიძე,,TRUE,elected_politicians.pdf
local_2017,__main__,pr,gd,ქართული ოცნება - დემოკრატიული საქართველო,41,,ხელვაჩაურის,,,ნადიმ,ვარშანიძე,ნადიმ ვარშანიძე,,TRUE,elected_politicians.pdf
local_2017,__main__,pr,gd,ქართული ოცნება - დემოკრატიული საქართველო,41,,ხელვაჩაურის,,,იოსებ,ბოლქვაძე,იოსებ ბოლქვაძე,,TRUE,elected_politicians.pdf
local_2017,__main__,pr,gd,ქართული ოცნება - დემოკრატიული საქართველო,41,,ხელვაჩაურის,,,გურანდა,დოლიძე,გურანდა დოლიძე,,TRUE,elected_politicians.pdf
local_2017,__main__,pr,gd,ქართული ოცნება - დემოკრატიული საქართველო,41,,ხელვაჩაურის,,,ზვიად,ხალვაში,ზვიად ხალვაში,,TRUE,elected_politicians.pdf
local_2017,__main__,pr,gd,ქართული ოცნება - დემოკრატიული საქართველო,41,,ხელვაჩაურის,,,სულხან,დუმბაძე,სულხან დუმბაძე,,TRUE,elected_politicians.pdf
local_2017,__main__,pr,gd,ქართული ოცნება - დემოკრატიული საქართველო,41,,ხელვაჩაურის,,,ვახტანგ,ლორთქიფანიძე,ვახტანგ ლორთქიფანიძე,,TRUE,elected_politicians.pdf
local_2017,__main__,pr,gd,ქართული ოცნება - დემოკრატიული საქართველო,41,,ხელვაჩაურის,,,თეიმურაზ,შამილაძე,თეიმურაზ შამილაძე,,TRUE,elected_politicians.pdf
local_2017,__main__,pr,gd,ქართული ოცნება - დემოკრატიული საქართველო,41,,ხელვაჩაურის,,,მალხაზ,ბალაძე,მალხაზ ბალაძე,,TRUE,elected_politicians.pdf
local_2017,__main__,council_smd,gd,ქართული ოცნება - დემოკრატიული საქართველო,41,,ხელვაჩაურის,,,თამაზ,ბერიძე,თამაზ ბერიძე,,TRUE,elected_politicians.pdf
local_2017,__main__,council_smd,unm,ერთიანი ნაციონალური მოძრაობა,5,,ხელვაჩაურის,,,ვაჟა,თავდგირიძე,ვაჟა თავდგირიძე,,TRUE,elected_politicians.pdf
local_2017,__main__,council_smd,gd,ქართული ოცნება - დემოკრატიული საქართველო,41,,ხელვაჩაურის,,,მინდია,დიასამიძე,მინდია დიასამიძე,,TRUE,elected_politicians.pdf
local_2017,__main__,council_smd,gd,ქართული ოცნება - დემოკრატიული საქართველო,41,,ხელვაჩაურის,,,ჯამბულ,თავართქილაძე,ჯამბულ თავართქილაძე,,TRUE,elected_politicians.pdf
local_2017,__main__,council_smd,gd,ქართული ოცნება - დემოკრატიული საქართველო,41,,ხელვაჩაურის,,,მინდია,დიდმანიძე,მინდია დიდმანიძე,,TRUE,elected_politicians.pdf
local_2017,__main__,council_smd,unm,ერთიანი ნაციონალური მოძრაობა,5,,ხელვაჩაურის,,,ლეილა,ცინცაძე,ლეილა ცინცაძე,,TRUE,elected_politicians.pdf
local_2017,__main__,council_smd,gd,ქართული ოცნება - დემოკრატიული საქართველო,41,,ხელვაჩაურის,,,მალხაზ,სალვარიძე,მალხაზ სალვარიძე,,TRUE,elected_politicians.pdf
local_2017,__main__,council_smd,gd,ქართული ოცნება - დემოკრატიული საქართველო,41,,ხელვაჩაურის,,,ბადრი,ცინცქილაძე,ბადრი ცინცქილაძე,,TRUE,elected_politicians.pdf
local_2017,__main__,council_smd,gd,ქართული ოცნება - დემოკრატიული საქართველო,41,,ხელვაჩაურის,,,ნუგზარ,ვანიძე,ნუგზარ ვანიძე,,TRUE,elected_politicians.pdf
local_2017,__main__,council_smd,gd,ქართული ოცნება - დემოკრატიული საქართველო,41,,ხელვაჩაურის,,,ჯემალ,მუსხაჯბა,ჯემალ მუსხაჯბა,,TRUE,elected_politicians.pdf
local_2017,__main__,council_smd,gd,ქართული ოცნება - დემოკრატიული საქართველო,41,,ხელვაჩაურის,,,დავით,სამნიძე,დავით სამნიძე,,TRUE,elected_politicians.pdf
local_2017,__main__,mayor,gd,ქართული ოცნება - დემოკრატიული საქართველო,41,,ხელვაჩაურის,,,ჯუმბერ,ვარდმანიძე,ჯუმბერ ვარდმანიძე,,TRUE,elected_politicians.pdf
local_2017,__main__,pr,european_georgia,"ბაქრაძე, უგულავა - ევროპული საქართველო",2,,ხულოს,,,ნუგზარ,სოლომონიძე,ნუგზარ სოლომონიძე,,TRUE,elected_politicians.pdf
local_2017,__main__,pr,european_georgia,"ბაქრაძე, უგულავა - ევროპული საქართველო",2,,ხულოს,,,მამუკა,მელაძე,მამუკა მელაძე,,TRUE,elected_politicians.pdf
local_2017,__main__,pr,free_georgia,"დიმიტრი ლორთქიფანიძე, კახა კუკავა-დემოკრატიული მოძრაობა-თავისუფალი საქართველო",3,,ხულოს,,,მინდია,რიჟვაძე,მინდია რიჟვაძე,,TRUE,elected_politicians.pdf
local_2017,__main__,pr,unm,ერთიანი ნაციონალური მოძრაობა,5,,ხულოს,,,ირაკლი,ჯორბენაძე,ირაკლი ჯორბენაძე,,TRUE,elected_politicians.pdf
local_2017,__main__,pr,unm,ერთიანი ნაციონალური მოძრაობა,5,,ხულოს,,,ოთარ,შაინიძე,ოთარ შაინიძე,,TRUE,elected_politicians.pdf
local_2017,__main__,pr,unm,ერთიანი ნაციონალური მოძრაობა,5,,ხულოს,,,რამაზ,შავაძე,რამაზ შავაძე,,TRUE,elected_politicians.pdf
local_2017,__main__,pr,patriots,"დავით თარხან-მოურავი, ირმა ინაშვილი - საქართველოს პატრიოტთა ალიანსი",8,,ხულოს,,,ზურაბი,ტუნაძე,ზურაბი ტუნაძე,,TRUE,elected_politicians.pdf
local_2017,__main__,pr,gd,ქართული ოცნება - დემოკრატიული საქართველო,41,,ხულოს,,,თამაზ,აბაშიძე,თამაზ აბაშიძე,,TRUE,elected_politicians.pdf
local_2017,__main__,pr,gd,ქართული ოცნება - დემოკრატიული საქართველო,41,,ხულოს,,,ბესიკ,ბაუჩაძე,ბესიკ ბაუჩაძე,,TRUE,elected_politicians.pdf
local_2017,__main__,pr,gd,ქართული ოცნება - დემოკრატიული საქართველო,41,,ხულოს,,,ნარგიზ,დეკანაძე,ნარგიზ დეკანაძე,,TRUE,elected_politicians.pdf
local_2017,__main__,pr,gd,ქართული ოცნება - დემოკრატიული საქართველო,41,,ხულოს,,,ნოდარ,მიქელაძე,ნოდარ მიქელაძე,,TRUE,elected_politicians.pdf
local_2017,__main__,pr,gd,ქართული ოცნება - დემოკრატიული საქართველო,41,,ხულოს,,,ნიკა,წულუკიძე,ნიკა წულუკიძე,,TRUE,elected_politicians.pdf
local_2017,__main__,pr,gd,ქართული ოცნება - დემოკრატიული საქართველო,41,,ხულოს,,,იზოლდა,სურმანიძე,იზოლდა სურმანიძე,,TRUE,elected_politicians.pdf
local_2017,__main__,pr,gd,ქართული ოცნება - დემოკრატიული საქართველო,41,,ხულოს,,,რომან,ქედელიძე,რომან ქედელიძე,,TRUE,elected_politicians.pdf
local_2017,__main__,pr,gd,ქართული ოცნება - დემოკრატიული საქართველო,41,,ხულოს,,,ირაკლი,ბოლქვაძე,ირაკლი ბოლქვაძე,,TRUE,elected_politicians.pdf
local_2017,__main__,council_smd,unm,ერთიანი ნაციონალური მოძრაობა,5,,ხულოს,,,ლევან,მახარაძე,ლევან მახარაძე,,TRUE,elected_politicians.pdf
local_2017,__main__,council_smd,gd,ქართული ოცნება - დემოკრატიული საქართველო,41,,ხულოს,,,ჯუმბერ,დიმიტრაძე,ჯუმბერ დიმიტრაძე,,TRUE,elected_politicians.pdf
local_2017,__main__,council_smd,european_georgia,"ბაქრაძე, უგულავა - ევროპული საქართველო",2,,ხულოს,,,თენგიზ,ქედელიძე,თენგიზ ქედელიძე,,TRUE,elected_politicians.pdf
local_2017,__main__,council_smd,gd,ქართული ოცნება - დემოკრატიული საქართველო,41,,ხულოს,,,ზაურ,გობაძე,ზაურ გობაძე,,TRUE,elected_politicians.pdf
local_2017,__main__,council_smd,gd,ქართული ოცნება - დემოკრატიული საქართველო,41,,ხულოს,,,მერაბ,ღორჯომელაძე,მერაბ ღორჯომელაძე,,TRUE,elected_politicians.pdf
local_2017,__main__,council_smd,gd,ქართული ოცნება - დემოკრატიული საქართველო,41,,ხულოს,,,იური,აბულაძე,იური აბულაძე,,TRUE,elected_politicians.pdf
local_2017,__main__,council_smd,unm,ერთიანი ნაციონალური მოძრაობა,5,,ხულოს,,,მერაბ,ბოლქვაძე,მერაბ ბოლქვაძე,,TRUE,elected_politicians.pdf
local_2017,__main__,council_smd,gd,ქართული ოცნება - დემოკრატიული საქართველო,41,,ხულოს,,,რამაზ,გელაძე,რამაზ გელაძე,,TRUE,elected_politicians.pdf
local_2017,__main__,council_smd,gd,ქართული ოცნება - დემოკრატიული საქართველო,41,,ხულოს,,,ჯემალ,მარკოიძე,ჯემალ მარკოიძე,,TRUE,elected_politicians.pdf
local_2017,__main__,council_smd,unm,ერთიანი ნაციონალური მოძრაობა,5,,ხულოს,,,ნუგზარ,გორგილაძე,ნუგზარ გორგილაძე,,TRUE,elected_politicians.pdf
local_2017,__main__,council_smd,gd,ქართული ოცნება - დემოკრატიული საქართველო,41,,ხულოს,,,რამინ,ბერიძე,რამინ ბერიძე,,TRUE,elected_politicians.pdf
local_2017,__main__,council_smd,gd,ქართული ოცნება - დემოკრატიული საქართველო,41,,ხულოს,,,ალექსანდრე,პაიჭაძე,ალექსანდრე პაიჭაძე,,TRUE,elected_politicians.pdf
local_2017,__main__,council_smd,gd,ქართული ოცნება - დემოკრატიული საქართველო,41,,ხულოს,,,ავთანდილ,გაბაიძე,ავთანდილ გაბაიძე,,TRUE,elected_politicians.pdf
local_2017,__main__,mayor,gd,ქართული ოცნება - დემოკრატიული საქართველო,41,,ხულოს,,,გოჩა,მელაძე,გოჩა მელაძე,,TRUE,elected_politicians.pdf