election_id,sub_id,vote_type,party_id,party_label_ka,party_code,district_id,district_name_ka,list_order,ballot_number,first_name,last_name,name_ka,partisanship,elected,source
local_2025,__main__,council_smd,mamuli_ena,"მამული, ენა, სარწმუნოება",,101,,,,გიორგი,ქადაგიშვილი,გიორგი ქადაგიშვილი,,,local_2025.yml
local_2025,__main__,council_smd,conservatives_geo,კონსერვატორები საქართველოსთვის,,101,,,,გიორგი,ქარდავა,გიორგი ქარდავა,,,local_2025.yml
local_2025,__main__,council_smd,strong_georgia,ძლიერი საქართველო,,101,,,,ლანა,გალდავა,ლანა გალდავა,,,local_2025.yml
local_2025,__main__,council_smd,georgia_party,საქართველო,,101,,,,ბესიკი,ადამია,ბესიკი ადამია,,,local_2025.yml
local_2025,__main__,council_smd,girchi,გირჩი,,101,,,,ნუგზარ,კაპანაძე,ნუგზარ კაპანაძე,,,local_2025.yml
local_2025,__main__,council_smd,gd,ქართული ოცნება,,101,,,,ზურაბ,აბაშიძე,ზურაბ აბაშიძე,,,local_2025.yml
local_2025,__main__,council_smd,mamuli_ena,"მამული, ენა, სარწმუნოება",,102,,,,გიორგი,ქუთათელაძე,გიორგი ქუთათელაძე,,,local_2025.yml
local_2025,__main__,council_smd,conservatives_geo,კონსერვატორები საქართველოსთვის,,102,,,,ირაკლი,მარტინენკო,ირაკლი მარტინენკო,,,local_2025.yml
local_2025,__main__,council_smd,free_georgia,თავისუფალი საქართველო,,102,,,,ირაკლი,მაჭავარიანი,ირაკლი მაჭავარიანი,,,local_2025.yml
local_2025,__main__,council_smd,strong_georgia,ძლიერი საქართველო,,102,,,,ვახტანგ,სურგულაძე,ვახტანგ სურგულაძე,,,local_2025.yml
local_2025,__main__,council_smd,georgia_party,საქართველო,,102,,,,მამუკა,მელიქიშვილი,მამუკა მელიქიშვილი,,,local_2025.yml
local_2025,__main__,council_smd,peoples_power,სახალხო ხელისუფლება,,102,,,,ირაკლი,კიკაჩეიშვილი,ირაკლი კიკაჩეიშვილი,,,local_2025.yml
local_2025,__main__,council_smd,girchi,გირჩი,,102,,,,დავით,ფანჯაკიძე,დავით ფანჯაკიძე,,,local_2025.yml
local_2025,__main__,council_smd,gd,ქართული ოცნება,,102,,,,ალექსანდრე,ასათიანი,ალექსანდრე ასათიანი,,,local_2025.yml
local_2025,__main__,council_smd,mamuli_ena,"მამული, ენა, სარწმუნოება",,103,,,,ვლადიმერ,გოროზია,ვლადიმერ გოროზია,,,local_2025.yml
local_2025,__main__,council_smd,conservatives_geo,კონსერვატორები საქართველოსთვის,,103,,,,ირაკლი,მორგოშია,ირაკლი მორგოშია,,,local_2025.yml
local_2025,__main__,council_smd,free_georgia,თავისუფალი საქართველო,,103,,,,თათია,ინაძე,თათია ინაძე,,,local_2025.yml
local_2025,__main__,council_smd,georgia_party,საქართველო,,103,,,,იოსებ,კობერიძე,იოსებ კობერიძე,,,local_2025.yml
local_2025,__main__,council_smd,peoples_power,სახალხო ხელისუფლება,,103,,,,ნინო,კუპრეიშვილი,ნინო კუპრეიშვილი,,,local_2025.yml
local_2025,__main__,council_smd,gakharia,გახარია საქართველოსთვის,,103,,,,ზაზა,თავაძე,ზაზა თავაძე,,,local_2025.yml
local_2025,__main__,council_smd,girchi,გირჩი,,103,,,,ბორის,სოლომონია,ბორის სოლომონია,,,local_2025.yml
local_2025,__main__,council_smd,gd,ქართული ოცნება,,103,,,,ბექა,გელენავა,ბექა გელენავა,,,local_2025.yml
local_2025,__main__,council_smd,conservatives_geo,კონსერვატორები საქართველოსთვის,,104,,,,დავით,გაფრინდაშვილი,დავით გაფრინდაშვილი,,,local_2025.yml
local_2025,__main__,council_smd,georgia_party,საქართველო,,104,,,,ლეილა,ბივის,ლეილა ბივის,,,local_2025.yml
local_2025,__main__,council_smd,peoples_power,სახალხო ხელისუფლება,,104,,,,მაია,გულაშვილი,მაია გულაშვილი,,,local_2025.yml
local_2025,__main__,council_smd,gakharia,გახარია საქართველოსთვის,,104,,,,როინი,ქოჩორაშვილი,როინი ქოჩორაშვილი,,,local_2025.yml
local_2025,__main__,council_smd,girchi,გირჩი,,104,,,,გიორგი,ჭაუჭიძე,გიორგი ჭაუჭიძე,,,local_2025.yml
local_2025,__main__,council_smd,gd,ქართული ოცნება,,104,,,,შალვა,პერანიძე,შალვა პერანიძე,,,local_2025.yml
local_2025,__main__,council_smd,mamuli_ena,"მამული, ენა, სარწმუნოება",,105,,,,ომარ,ცხვარაძე,ომარ ცხვარაძე,,,local_2025.yml
local_2025,__main__,council_smd,conservatives_geo,კონსერვატორები საქართველოსთვის,,105,,,,შოთა,მარტინენკო,შოთა მარტინენკო,,,local_2025.yml
local_2025,__main__,council_smd,strong_georgia,ძლიერი საქართველო,,105,,,,რამაზ,მანდარია,რამაზ მანდარია,,,local_2025.yml
local_2025,__main__,council_smd,georgia_party,საქართველო,,105,,,,დავით,დავითაია,დავით დავითაია,,,local_2025.yml
local_2025,__main__,council_smd,peoples_power,სახალხო ხელისუფლება,,105,,,,ოთარ,თვარაძე,ოთარ თვარაძე,,,local_2025.yml
local_2025,__main__,council_smd,girchi,გირჩი,,105,,,,ეკა,ონიანი,ეკა ონიანი,,,local_2025.yml
local_2025,__main__,council_smd,gd,ქართული ოცნება,,105,,,,ბექა,მიქაუტაძე,ბექა მიქაუტაძე,,,local_2025.yml
local_2025,__main__,council_smd,mamuli_ena,"მამული, ენა, სარწმუნოება",,106,,,,იოსებ,მაისაშვილი,იოსებ მაისაშვილი,,,local_2025.yml
local_2025,__main__,council_smd,conservatives_geo,კონსერვატორები საქართველოსთვის,,106,,,,მაგდა,ჭყოიძე,მაგდა ჭყოიძე,,,local_2025.yml
local_2025,__main__,council_smd,georgia_party,საქართველო,,106,,,,ანზორი,ფოფხაძე,ანზორი ფოფხაძე,,,local_2025.yml
local_2025,__main__,council_smd,peoples_power,სახალხო ხელისუფლება,,106,,,,კახაბერ,ანთიძე,კახაბერ ანთიძე,,,local_2025.yml
local_2025,__main__,council_smd,gakharia,გახარია საქართველოსთვის,,106,,,,სალომე,კობალაძე,სალომე კობალაძე,,,local_2025.yml
local_2025,__main__,council_smd,girchi,გირჩი,,106,,,,გიორგი,გვენეტაძე,გიორგი გვენეტაძე,,,local_2025.yml
local_2025,__main__,council_smd,gd,ქართული ოცნება,,106,,,,არჩილ,ნიჟარაძე,არჩილ ნიჟარაძე,,,local_2025.yml
local_2025,__main__,council_smd,mamuli_ena,"მამული, ენა, სარწმუნოება",,107,,,,ირმა,დელონ,ირმა დელონ,,,local_2025.yml
local_2025,__main__,council_smd,conservatives_geo,კონსერვატორები საქართველოსთვის,,107,,,,სოფიო,ჟივიძე,სოფიო ჟივიძე,,,local_2025.yml
local_2025,__main__,council_smd,free_georgia,თავისუფალი საქართველო,,107,,,,ზვიადი,აბესაძე,ზვიადი აბესაძე,,,local_2025.yml
local_2025,__main__,council_smd,strong_georgia,ძლიერი საქართველო,,107,,,,თამარ,ბოყოველი,თამარ ბოყოველი,,,local_2025.yml
local_2025,__main__,council_smd,georgia_party,საქართველო,,107,,,,გოჩა,ფოფხაძე,გოჩა ფოფხაძე,,,local_2025.yml
local_2025,__main__,council_smd,girchi,გირჩი,,107,,,,სანდრო,სიდამონიძე,სანდრო სიდამონიძე,,,local_2025.yml
local_2025,__main__,council_smd,gd,ქართული ოცნება,,107,,,,ლევან,ჯაფარიძე,ლევან ჯაფარიძე,,,local_2025.yml
local_2025,__main__,council_smd,mamuli_ena,"მამული, ენა, სარწმუნოება",,108,,,,რამაზი,ბეჟანიშვილი,რამაზი ბეჟანიშვილი,,,local_2025.yml
local_2025,__main__,council_smd,conservatives_geo,კონსერვატორები საქართველოსთვის,,108,,,,ზურაბი,ზუკაკიშვილი,ზურაბი ზუკაკიშვილი,,,local_2025.yml
local_2025,__main__,council_smd,georgia_party,საქართველო,,108,,,,ლალი,ბუნტური,ლალი ბუნტური,,,local_2025.yml
local_2025,__main__,council_smd,peoples_power,სახალხო ხელისუფლება,,108,,,,ვლადიმერ,კარამიანი,ვლადიმერ კარამიანი,,,local_2025.yml
local_2025,__main__,council_smd,gakharia,გახარია საქართველოსთვის,,108,,,,სოფიო,ხორგუანი,სოფიო ხორგუანი,,,local_2025.yml
local_2025,__main__,council_smd,girchi,გირჩი,,108,,,,ანრი,გიგუაშვილი,ანრი გიგუაშვილი,,,local_2025.yml
local_2025,__main__,council_smd,gd,ქართული ოცნება,,108,,,,კახაბერი,ლაბუჩიძე,კახაბერი ლაბუჩიძე,,,local_2025.yml
local_2025,__main__,council_smd,mamuli_ena,"მამული, ენა, სარწმუნოება",,109,,,,დავით,ჯორბენაძე,დავით ჯორბენაძე,,,local_2025.yml
local_2025,__main__,council_smd,conservatives_geo,კონსერვატორები საქართველოსთვის,,109,,,,გიგა,კობახიძე,გიგა კობახიძე,,,local_2025.yml
local_2025,__main__,council_smd,georgia_party,საქართველო,,109,,,,მიხეილი,შიოშვილი,მიხეილი შიოშვილი,,,local_2025.yml
local_2025,__main__,council_smd,gakharia,გახარია საქართველოსთვის,,109,,,,ვიკა,ფილფანი,ვიკა ფილფანი,,,local_2025.yml
local_2025,__main__,council_smd,girchi,გირჩი,,109,,,,ლაშა,ხვიჩია,ლაშა ხვიჩია,,,local_2025.yml
local_2025,__main__,council_smd,gd,ქართული ოცნება,,109,,,,დავითი,ხაბეიშვილი,დავითი ხაბეიშვილი,,,local_2025.yml
local_2025,__main__,council_smd,mamuli_ena,"მამული, ენა, სარწმუნოება",,110,,,,შავლეგი,ჭყოიძე,შავლეგი ჭყოიძე,,,local_2025.yml
local_2025,__main__,council_smd,conservatives_geo,კონსერვატორები საქართველოსთვის,,110,,,,სერგო,ხურციძე,სერგო ხურციძე,,,local_2025.yml
local_2025,__main__,council_smd,strong_georgia,ძლიერი საქართველო,,110,,,,გიორგი,სიორიძე,გიორგი სიორიძე,,,local_2025.yml
local_2025,__main__,council_smd,georgia_party,საქართველო,,110,,,,ლაშა,ქუსიკაშვილი,ლაშა ქუსიკაშვილი,,,local_2025.yml
local_2025,__main__,council_smd,girchi,გირჩი,,110,,,,დავით,მეტრეველი,დავით მეტრეველი,,,local_2025.yml
local_2025,__main__,council_smd,gd,ქართული ოცნება,,110,,,,ბექა,მენთეშაშვილი,ბექა მენთეშაშვილი,,,local_2025.yml
local_2025,__main__,council_smd,conservatives_geo,კონსერვატორები საქართველოსთვის,,111,,,,ოთარი,ზუკაკიშვილი,ოთარი ზუკაკიშვილი,,,local_2025.yml
local_2025,__main__,council_smd,strong_georgia,ძლიერი საქართველო,,111,,,,ნინო,ქათამაძე,ნინო ქათამაძე,,,local_2025.yml
local_2025,__main__,council_smd,georgia_party,საქართველო,,111,,,,დავით,არაბიძე,დავით არაბიძე,,,local_2025.yml
local_2025,__main__,council_smd,girchi,გირჩი,,111,,,,ირაკლი,ეხვაია,ირაკლი ეხვაია,,,local_2025.yml
local_2025,__main__,council_smd,gd,ქართული ოცნება,,111,,,,ვაჟა,კოკაია,ვაჟა კოკაია,,,local_2025.yml
local_2025,__main__,council_smd,mamuli_ena,"მამული, ენა, სარწმუნოება",,112,,,,არჩილ,ოთარაშვილი,არჩილ ოთარაშვილი,,,local_2025.yml
local_2025,__main__,council_smd,conservatives_geo,კონსერვატორები საქართველოსთვის,,112,,,,გიორგი,ფაცაცია,გიორგი ფაცაცია,,,local_2025.yml
local_2025,__main__,council_smd,strong_georgia,ძლიერი საქართველო,,112,,,,გულო,ზუმბაძე,გულო ზუმბაძე,,,local_2025.yml
local_2025,__main__,council_smd,georgia_party,საქართველო,,112,,,,გიორგი,მაისურაძე,გიორგი მაისურაძე,,,local_2025.yml
local_2025,__main__,council_smd,girchi,გირჩი,,112,,,,ირაკლი,ჭიღვარია,ირაკლი ჭიღვარია,,,local_2025.yml
local_2025,__main__,council_smd,gd,ქართული ოცნება,,112,,,,გიორგი,დოხტურიშვილი,გიორგი დოხტურიშვილი,,,local_2025.yml
local_2025,__main__,council_smd,mamuli_ena,"მამული, ენა, სარწმუნოება",,113,,,,მიხეილ,შენგელია,მიხეილ შენგელია,,,local_2025.yml
local_2025,__main__,council_smd,conservatives_geo,კონსერვატორები საქართველოსთვის,,113,,,,ლუკა,დანელია,ლუკა დანელია,,,local_2025.yml
local_2025,__main__,council_smd,georgia_party,საქართველო,,113,,,,იოსებ,მაისურაძე,იოსებ მაისურაძე,,,local_2025.yml
local_2025,__main__,council_smd,gakharia,გახარია საქართველოსთვის,,113,,,,დაჯი,კოვზირიძე,დაჯი კოვზირიძე,,,local_2025.yml
local_2025,__main__,council_smd,girchi,გირჩი,,113,,,,თამაზ,თიკანაძე,თამაზ თიკანაძე,,,local_2025.yml
local_2025,__main__,council_smd,gd,ქართული ოცნება,,113,,,,მამუკა,ხაბარელი,მამუკა ხაბარელი,,,local_2025.yml
local_2025,__main__,council_smd,conservatives_geo,კონსერვატორები საქართველოსთვის,,114,,,,გიორგი,ხარიბეგაშვილი,გიორგი ხარიბეგაშვილი,,,local_2025.yml
local_2025,__main__,council_smd,georgia_party,საქართველო,,114,,,,ნანული,თურქოშვილი,ნანული თურქოშვილი,,,local_2025.yml
local_2025,__main__,council_smd,peoples_power,სახალხო ხელისუფლება,,114,,,,ლელა,მამალაძე,ლელა მამალაძე,,,local_2025.yml
local_2025,__main__,council_smd,gakharia,გახარია საქართველოსთვის,,114,,,,გივი,კაცია,გივი კაცია,,,local_2025.yml
local_2025,__main__,council_smd,girchi,გირჩი,,114,,,,მაია,ჩარჩხალია,მაია ჩარჩხალია,,,local_2025.yml
local_2025,__main__,council_smd,gd,ქართული ოცნება,,114,,,,ზაქარია,წიკლაური,ზაქარია წიკლაური,,,local_2025.yml
local_2025,__main__,council_smd,mamuli_ena,"მამული, ენა, სარწმუნოება",,115,,,,ირაკლი,გელაშვილი,ირაკლი გელაშვილი,,,local_2025.yml
local_2025,__main__,council_smd,conservatives_geo,კონსერვატორები საქართველოსთვის,,115,,,,საბა,ბერიშვილი,საბა ბერიშვილი,,,local_2025.yml
local_2025,__main__,council_smd,georgia_party,საქართველო,,115,,,,ფატი,კიპაროიძე,ფატი კიპაროიძე,,,local_2025.yml
local_2025,__main__,council_smd,peoples_power,სახალხო ხელისუფლება,,115,,,,ომარ,ჩოლოიანი,ომარ ჩოლოიანი,,,local_2025.yml
local_2025,__main__,council_smd,gakharia,გახარია საქართველოსთვის,,115,,,,რუსუდან,თევზაძე,რუსუდან თევზაძე,,,local_2025.yml
local_2025,__main__,council_smd,girchi,გირჩი,,115,,,,ავთანდილ,ჩხეტია,ავთანდილ ჩხეტია,,,local_2025.yml
local_2025,__main__,council_smd,gd,ქართული ოცნება,,115,,,,ზურაბ,ჩიკვილაძე,ზურაბ ჩიკვილაძე,,,local_2025.yml
local_2025,__main__,council_smd,mamuli_ena,"მამული, ენა, სარწმუნოება",,116,,,,ლევან,გულუაშვილი,ლევან გულუაშვილი,,,local_2025.yml
local_2025,__main__,council_smd,conservatives_geo,კონსერვატორები საქართველოსთვის,,116,,,,ზაზა,გველესიანი,ზაზა გველესიანი,,,local_2025.yml
local_2025,__main__,council_smd,strong_georgia,ძლიერი საქართველო,,116,,,,ბექა,ბერიძიშვილი,ბექა ბერიძიშვილი,,,local_2025.yml
local_2025,__main__,council_smd,georgia_party,საქართველო,,116,,,,მერაბი,შონია,მერაბი შონია,,,local_2025.yml
local_2025,__main__,council_smd,peoples_power,სახალხო ხელისუფლება,,116,,,,ირაკლი,ლომიძე,ირაკლი ლომიძე,,,local_2025.yml
local_2025,__main__,council_smd,girchi,გირჩი,,116,,,,ოთარ,ზაკალაშვილი,ოთარ ზაკალაშვილი,,,local_2025.yml
local_2025,__main__,council_smd,gd,ქართული ოცნება,,116,,,,გივი,ჩხარტიშვილი,გივი ჩხარტიშვილი,,,local_2025.yml
local_2025,__main__,council_smd,mamuli_ena,"მამული, ენა, სარწმუნოება",,117,,,,კლარა,ხაჭაპურიძე,კლარა ხაჭაპურიძე,,,local_2025.yml
local_2025,__main__,council_smd,conservatives_geo,კონსერვატორები საქართველოსთვის,,117,,,,რამაზ,გაგნიძე,რამაზ გაგნიძე,,,local_2025.yml
local_2025,__main__,council_smd,georgia_party,საქართველო,,117,,,,მარინა,ბერსენაძე-კაციტაძე,მარინა ბერსენაძე-კაციტაძე,,,local_2025.yml
local_2025,__main__,council_smd,gakharia,გახარია საქართველოსთვის,,117,,,,გიორგი,შარაშიძე,გიორგი შარაშიძე,,,local_2025.yml
local_2025,__main__,council_smd,girchi,გირჩი,,117,,,,ედუარდი,შავაძე,ედუარდი შავაძე,,,local_2025.yml
local_2025,__main__,council_smd,gd,ქართული ოცნება,,117,,,,შოთა,ქევხიშვილი,შოთა ქევხიშვილი,,,local_2025.yml
local_2025,__main__,council_smd,conservatives_geo,კონსერვატორები საქართველოსთვის,,118,,,,რამაზ,ღვალაძე,რამაზ ღვალაძე,,,local_2025.yml
local_2025,__main__,council_smd,georgia_party,საქართველო,,118,,,,კახაბერ,გაბინაშვილი,კახაბერ გაბინაშვილი,,,local_2025.yml
local_2025,__main__,council_smd,peoples_power,სახალხო ხელისუფლება,,118,,,,მარიამ,ცაცანაშვილი,მარიამ ცაცანაშვილი,,,local_2025.yml
local_2025,__main__,council_smd,gakharia,გახარია საქართველოსთვის,,118,,,,ფიქრია,გოგოლაძე,ფიქრია გოგოლაძე,,,local_2025.yml
local_2025,__main__,council_smd,girchi,გირჩი,,118,,,,ალექსანდრე,ჯიქია,ალექსანდრე ჯიქია,,,local_2025.yml
local_2025,__main__,council_smd,gd,ქართული ოცნება,,118,,,,დავით,ჭელიძე,დავით ჭელიძე,,,local_2025.yml
local_2025,__main__,council_smd,mamuli_ena,"მამული, ენა, სარწმუნოება",,119,,,,ქეთევან,ტრაპაიძე,ქეთევან ტრაპაიძე,,,local_2025.yml
local_2025,__main__,council_smd,conservatives_geo,კონსერვატორები საქართველოსთვის,,119,,,,მათე,ჯავახიშვილი,მათე ჯავახიშვილი,,,local_2025.yml
local_2025,__main__,council_smd,free_georgia,თავისუფალი საქართველო,,119,,,,მარიამი,კაკიაშვილი,მარიამი კაკიაშვილი,,,local_2025.yml
local_2025,__main__,council_smd,strong_georgia,ძლიერი საქართველო,,119,,,,ნიკოლოზ,ჩერქეზიშვილი,ნიკოლოზ ჩერქეზიშვილი,,,local_2025.yml
local_2025,__main__,council_smd,georgia_party,საქართველო,,119,,,,ნათია,კელი,ნათია კელი,,,local_2025.yml
local_2025,__main__,council_smd,girchi,გირჩი,,119,,,,ნიკო,ნიკოლაძე,ნიკო ნიკოლაძე,,,local_2025.yml
local_2025,__main__,council_smd,gd,ქართული ოცნება,,119,,,,შალვა,მაისურაძე,შალვა მაისურაძე,,,local_2025.yml
local_2025,__main__,council_smd,conservatives_geo,კონსერვატორები საქართველოსთვის,,120,,,,მინდია,ჯიქურიძე,მინდია ჯიქურიძე,,,local_2025.yml
local_2025,__main__,council_smd,free_georgia,თავისუფალი საქართველო,,120,,,,გიორგი,ლალიაშვილი,გიორგი ლალიაშვილი,,,local_2025.yml
local_2025,__main__,council_smd,strong_georgia,ძლიერი საქართველო,,120,,,,ქეთევან,თურაზაშვილი,ქეთევან თურაზაშვილი,,,local_2025.yml
local_2025,__main__,council_smd,georgia_party,საქართველო,,120,,,,გოჩა,მაჩაიძე,გოჩა მაჩაიძე,,,local_2025.yml
local_2025,__main__,council_smd,girchi,გირჩი,,120,,,,ნათია,გიგაური,ნათია გიგაური,,,local_2025.yml
local_2025,__main__,council_smd,gd,ქართული ოცნება,,120,,,,ვალერიან,პაპუაშვილი,ვალერიან პაპუაშვილი,,,local_2025.yml
local_2025,__main__,council_smd,conservatives_geo,კონსერვატორები საქართველოსთვის,,121,,,,გიორგი,ღონღაძე,გიორგი ღონღაძე,,,local_2025.yml
local_2025,__main__,council_smd,georgia_party,საქართველო,,121,,,,გიორგი,ჯავახიშვილი,გიორგი ჯავახიშვილი,,,local_2025.yml
local_2025,__main__,council_smd,gakharia,გახარია საქართველოსთვის,,121,,,,ეკატერინე,უდესიანი,ეკატერინე უდესიანი,,,local_2025.yml
local_2025,__main__,council_smd,girchi,გირჩი,,121,,,,ნიკოლოზ,ნადირაძე,ნიკოლოზ ნადირაძე,,,local_2025.yml
local_2025,__main__,council_smd,gd,ქართული ოცნება,,121,,,,ირაკლი,ბენდელიანი,ირაკლი ბენდელიანი,,,local_2025.yml
local_2025,__main__,council_smd,mamuli_ena,"მამული, ენა, სარწმუნოება",,122,,,,დავით,ბორჩხაძე,დავით ბორჩხაძე,,,local_2025.yml
local_2025,__main__,council_smd,conservatives_geo,კონსერვატორები საქართველოსთვის,,122,,,,გია,ბაინდურაშვილი,გია ბაინდურაშვილი,,,local_2025.yml
local_2025,__main__,council_smd,free_georgia,თავისუფალი საქართველო,,122,,,,მალხაზი,ყრუაშვილი,მალხაზი ყრუაშვილი,,,local_2025.yml
local_2025,__main__,council_smd,strong_georgia,ძლიერი საქართველო,,122,,,,გიორგი,რეხვიაშვილი,გიორგი რეხვიაშვილი,,,local_2025.yml
local_2025,__main__,council_smd,georgia_party,საქართველო,,122,,,,ქეთევანი,მიშელაძე,ქეთევანი მიშელაძე,,,local_2025.yml
local_2025,__main__,council_smd,girchi,გირჩი,,122,,,,ბექა,მუზაშვილი,ბექა მუზაშვილი,,,local_2025.yml
local_2025,__main__,council_smd,gd,ქართული ოცნება,,122,,,,შალვა,ოგბაიძე,შალვა ოგბაიძე,,,local_2025.yml
local_2025,__main__,council_smd,conservatives_geo,კონსერვატორები საქართველოსთვის,,123,,,,პაატა,ნოზაძე,პაატა ნოზაძე,,,local_2025.yml
local_2025,__main__,council_smd,georgia_party,საქართველო,,123,,,,გოდერძი,ლომთათიძე,გოდერძი ლომთათიძე,,,local_2025.yml
local_2025,__main__,council_smd,gakharia,გახარია საქართველოსთვის,,123,,,,კოკა,კობალაძე,კოკა კობალაძე,,,local_2025.yml
local_2025,__main__,council_smd,girchi,გირჩი,,123,,,,ზურაბი,ბუხნიკაშვილი,ზურაბი ბუხნიკაშვილი,,,local_2025.yml
local_2025,__main__,council_smd,gd,ქართული ოცნება,,123,,,,მიხეილ,რეხვიაშვილი,მიხეილ რეხვიაშვილი,,,local_2025.yml
local_2025,__main__,council_smd,mamuli_ena,"მამული, ენა, სარწმუნოება",,124,,,,ვალერი,მელაძე,ვალერი მელაძე,,,local_2025.yml
local_2025,__main__,council_smd,conservatives_geo,კონსერვატორები საქართველოსთვის,,124,,,,მაია,დვალიძე,მაია დვალიძე,,,local_2025.yml
local_2025,__main__,council_smd,strong_georgia,ძლიერი საქართველო,,124,,,,ჯუმბერ,ლოლაძე,ჯუმბერ ლოლაძე,,,local_2025.yml
local_2025,__main__,council_smd,georgia_party,საქართველო,,124,,,,პაატა,შალამბერიძე,პაატა შალამბერიძე,,,local_2025.yml
local_2025,__main__,council_smd,peoples_power,სახალხო ხელისუფლება,,124,,,,ლია,გამრეკელი,ლია გამრეკელი,,,local_2025.yml
local_2025,__main__,council_smd,girchi,გირჩი,,124,,,,მალხაზ,ფხალაძე,მალხაზ ფხალაძე,,,local_2025.yml
local_2025,__main__,council_smd,gd,ქართული ოცნება,,124,,,,ჯაბა,კოღუა,ჯაბა კოღუა,,,local_2025.yml
local_2025,__main__,council_smd,conservatives_geo,კონსერვატორები საქართველოსთვის,,125,,,,ვასილ,ხუცურაული,ვასილ ხუცურაული,,,local_2025.yml
local_2025,__main__,council_smd,free_georgia,თავისუფალი საქართველო,,125,,,,ნინო,ჯურხაძე,ნინო ჯურხაძე,,,local_2025.yml
local_2025,__main__,council_smd,strong_georgia,ძლიერი საქართველო,,125,,,,გრიგოლ,გეგელია,გრიგოლ გეგელია,,,local_2025.yml
local_2025,__main__,council_smd,georgia_party,საქართველო,,125,,,,თორნიკე,გობეჯიშვილი,თორნიკე გობეჯიშვილი,,,local_2025.yml
local_2025,__main__,council_smd,girchi,გირჩი,,125,,,,ცოტნე,ფიფია,ცოტნე ფიფია,,,local_2025.yml
local_2025,__main__,council_smd,gd,ქართული ოცნება,,125,,,,ცოტნე,ჩიქვინიძე,ცოტნე ჩიქვინიძე,,,local_2025.yml
local_2025,__main__,council_smd,conservatives_geo,კონსერვატორები საქართველოსთვის,,1101,,,,რამაზი,პასიკაშვილი,რამაზი პასიკაშვილი,,,local_2025.yml
local_2025,__main__,council_smd,strong_georgia,ძლიერი საქართველო,,1101,,,,თამარ,ყორღანაშვილი,თამარ ყორღანაშვილი,,,local_2025.yml
local_2025,__main__,council_smd,gd,ქართული ოცნება,,1101,,,,გიორგი,კოხტაშვილი,გიორგი კოხტაშვილი,,,local_2025.yml
local_2025,__main__,council_smd,conservatives_geo,კონსერვატორები საქართველოსთვის,,1102,,,,მარინე,ჟორჟოლაძე,მარინე ჟორჟოლაძე,,,local_2025.yml
local_2025,__main__,council_smd,gakharia,გახარია საქართველოსთვის,,1102,,,,მარინე,თოლომაშვილი,მარინე თოლომაშვილი,,,local_2025.yml
local_2025,__main__,council_smd,gd,ქართული ოცნება,,1102,,,,გიორგი,მამუკაშვილი,გიორგი მამუკაშვილი,,,local_2025.yml
local_2025,__main__,council_smd,strong_georgia,ძლიერი საქართველო,,1103,,,,არჩილ,ხაჭაპურიძე,არჩილ ხაჭაპურიძე,,,local_2025.yml
local_2025,__main__,council_smd,gd,ქართული ოცნება,,1103,,,,დავითი,არაბული,დავითი არაბული,,,local_2025.yml
local_2025,__main__,council_smd,gd,ქართული ოცნება,,1104,,,,ქეთევანი,წიკლაური,ქეთევანი წიკლაური,,,local_2025.yml
local_2025,__main__,council_smd,strong_georgia,ძლიერი საქართველო,,1105,,,,გიორგი,ჯავახიშვილი,გიორგი ჯავახიშვილი,,,local_2025.yml
local_2025,__main__,council_smd,gd,ქართული ოცნება,,1105,,,,ზურაბ,შინდელაშვილი,ზურაბ შინდელაშვილი,,,local_2025.yml
local_2025,__main__,council_smd,gd,ქართული ოცნება,,1106,,,,ვასილი,მამუჩიშვილი,ვასილი მამუჩიშვილი,,,local_2025.yml
local_2025,__main__,council_smd,gakharia,გახარია საქართველოსთვის,,1107,,,,ეკატერინე,ბერბერაშვილი,ეკატერინე ბერბერაშვილი,,,local_2025.yml
local_2025,__main__,council_smd,gd,ქართული ოცნება,,1107,,,,ვეფხია,უსტიაშვილი,ვეფხია უსტიაშვილი,,,local_2025.yml
local_2025,__main__,council_smd,conservatives_geo,კონსერვატორები საქართველოსთვის,,1108,,,,გელა,ორკოშნელი,გელა ორკოშნელი,,,local_2025.yml
local_2025,__main__,council_smd,gd,ქართული ოცნება,,1108,,,,ელენე,სამხთუაშვილი,ელენე სამხთუაშვილი,,,local_2025.yml
local_2025,__main__,council_smd,gd,ქართული ოცნება,,1109,,,,გიორგი,ხოსიტაშვილი,გიორგი ხოსიტაშვილი,,,local_2025.yml
local_2025,__main__,council_smd,gd,ქართული ოცნება,,1110,,,,გივი,ბედიაშვილი,გივი ბედიაშვილი,,,local_2025.yml
local_2025,__main__,council_smd,strong_georgia,ძლიერი საქართველო,,1111,,,,თემურ,ქოქიაური,თემურ ქოქიაური,,,local_2025.yml
local_2025,__main__,council_smd,gd,ქართული ოცნება,,1111,,,,ნონა,ბუზარიაშვილი,ნონა ბუზარიაშვილი,,,local_2025.yml
local_2025,__main__,council_smd,conservatives_geo,კონსერვატორები საქართველოსთვის,,1112,,,,დიმიტრი,ბაზერაშვილი,დიმიტრი ბაზერაშვილი,,,local_2025.yml
local_2025,__main__,council_smd,gd,ქართული ოცნება,,1112,,,,არჩილ,ნემსიაშვილი,არჩილ ნემსიაშვილი,,,local_2025.yml
local_2025,__main__,council_smd,conservatives_geo,კონსერვატორები საქართველოსთვის,,1113,,,,გიორგი,გზირიშვილი,გიორგი გზირიშვილი,,,local_2025.yml
local_2025,__main__,council_smd,strong_georgia,ძლიერი საქართველო,,1113,,,,ავთანდილი,მჭედლიშვილი,ავთანდილი მჭედლიშვილი,,,local_2025.yml
local_2025,__main__,council_smd,gd,ქართული ოცნება,,1113,,,,ლევან,როსტიაშვილი,ლევან როსტიაშვილი,,,local_2025.yml
local_2025,__main__,council_smd,gd,ქართული ოცნება,,1114,,,,ვალერიანი,ხუნაშვილი,ვალერიანი ხუნაშვილი,,,local_2025.yml
local_2025,__main__,council_smd,conservatives_geo,კონსერვატორები საქართველოსთვის,,1115,,,,ზაალი,ჩოკოშვილი,ზაალი ჩოკოშვილი,,,local_2025.yml
local_2025,__main__,council_smd,gd,ქართული ოცნება,,1115,,,,ნიკა,ნაცვლიშვილი,ნიკა ნაცვლიშვილი,,,local_2025.yml
local_2025,__main__,council_smd,independent,დამოუკიდებელი,,1115,,,,ზურა,ჯავახიშვილი,ზურა ჯავახიშვილი,,,local_2025.yml
local_2025,__main__,council_smd,conservatives_geo,კონსერვატორები საქართველოსთვის,,1116,,,,ალექსი,გამყრელიძე,ალექსი გამყრელიძე,,,local_2025.yml
local_2025,__main__,council_smd,gd,ქართული ოცნება,,1116,,,,სოსო,ჭიკაძე,სოსო ჭიკაძე,,,local_2025.yml
local_2025,__main__,council_smd,gd,ქართული ოცნება,,1117,,,,კახაბერი,ზირაქაშვილი,კახაბერი ზირაქაშვილი,,,local_2025.yml
local_2025,__main__,council_smd,gd,ქართული ოცნება,,1118,,,,ქამრან,ალიევი,ქამრან ალიევი,,,local_2025.yml
local_2025,__main__,council_smd,gd,ქართული ოცნება,,1119,,,,მუსტაფა,ახმედოვი,მუსტაფა ახმედოვი,,,local_2025.yml
local_2025,__main__,council_smd,gd,ქართული ოცნება,,1120,,,,თეიმურ,ომაროვი,თეიმურ ომაროვი,,,local_2025.yml
local_2025,__main__,council_smd,gd,ქართული ოცნება,,1121,,,,ზამინ,მამედოვი,ზამინ მამედოვი,,,local_2025.yml
local_2025,__main__,council_smd,gd,ქართული ოცნება,,1122,,,,ალექსი,იოსელიანი,ალექსი იოსელიანი,,,local_2025.yml
local_2025,__main__,council_smd,conservatives_geo,კონსერვატორები საქართველოსთვის,,1201,,,,გიორგი,სოლომნიშვილი,გიორგი სოლომნიშვილი,,,local_2025.yml
local_2025,__main__,council_smd,gakharia,გახარია საქართველოსთვის,,1201,,,,სიმონ,ქოჩორაშვილი,სიმონ ქოჩორაშვილი,,,local_2025.yml
local_2025,__main__,council_smd,gd,ქართული ოცნება,,1201,,,,ნაირა,სეხნიაშვილი,ნაირა სეხნიაშვილი,,,local_2025.yml
local_2025,__main__,council_smd,conservatives_geo,კონსერვატორები საქართველოსთვის,,1202,,,,ლიანა,მანიჟაშვილი,ლიანა მანიჟაშვილი,,,local_2025.yml
local_2025,__main__,council_smd,strong_georgia,ძლიერი საქართველო,,1202,,,,მირანდა,უტიაშვილი,მირანდა უტიაშვილი,,,local_2025.yml
local_2025,__main__,council_smd,gd,ქართული ოცნება,,1202,,,,რამაზი,უტიაშვილი,რამაზი უტიაშვილი,,,local_2025.yml
local_2025,__main__,council_smd,conservatives_geo,კონსერვატორები საქართველოსთვის,,1203,,,,სიმონი,არუსტაშვილი,სიმონი არუსტაშვილი,,,local_2025.yml
local_2025,__main__,council_smd,gakharia,გახარია საქართველოსთვის,,1203,,,,ვიქტორ,ბერიკაშვილი,ვიქტორ ბერიკაშვილი,,,local_2025.yml
local_2025,__main__,council_smd,gd,ქართული ოცნება,,1203,,,,ლერი,ჩხეტიანი,ლერი ჩხეტიანი,,,local_2025.yml
local_2025,__main__,council_smd,conservatives_geo,კონსერვატორები საქართველოსთვის,,1204,,,,დავითი,მელქოშვილი,დავითი მელქოშვილი,,,local_2025.yml
local_2025,__main__,council_smd,gd,ქართული ოცნება,,1204,,,,ბესიკ,ფოცხვერაშვილი,ბესიკ ფოცხვერაშვილი,,,local_2025.yml
local_2025,__main__,council_smd,gd,ქართული ოცნება,,1205,,,,თეიმურაზ,ქევხიშვილი,თეიმურაზ ქევხიშვილი,,,local_2025.yml
local_2025,__main__,council_smd,conservatives_geo,კონსერვატორები საქართველოსთვის,,1206,,,,გოჩა,მანუჩარაშვილი,გოჩა მანუჩარაშვილი,,,local_2025.yml
local_2025,__main__,council_smd,strong_georgia,ძლიერი საქართველო,,1206,,,,მარიამი,მატიაშვილი,მარიამი მატიაშვილი,,,local_2025.yml
local_2025,__main__,council_smd,gd,ქართული ოცნება,,1206,,,,ლევანი,რუსიშვილი,ლევანი რუსიშვილი,,,local_2025.yml
local_2025,__main__,council_smd,gd,ქართული ოცნება,,1207,,,,კობა,ჟამურაშვილი,კობა ჟამურაშვილი,,,local_2025.yml
local_2025,__main__,council_smd,conservatives_geo,კონსერვატორები საქართველოსთვის,,1208,,,,ალექსანდრე,კავთელაძე,ალექსანდრე კავთელაძე,,,local_2025.yml
local_2025,__main__,council_smd,strong_georgia,ძლიერი საქართველო,,1208,,,,სიმონ,ოსიაშვილი,სიმონ ოსიაშვილი,,,local_2025.yml
local_2025,__main__,council_smd,gd,ქართული ოცნება,,1208,,,,ზაქარა,შოშიაშვილი,ზაქარა შოშიაშვილი,,,local_2025.yml
local_2025,__main__,council_smd,conservatives_geo,კონსერვატორები საქართველოსთვის,,1209,,,,გიორგი,ხელაშვილი,გიორგი ხელაშვილი,,,local_2025.yml
local_2025,__main__,council_smd,strong_georgia,ძლიერი საქართველო,,1209,,,,არჩილი,ხელაშვილი,არჩილი ხელაშვილი,,,local_2025.yml
local_2025,__main__,council_smd,gd,ქართული ოცნება,,1209,,,,ლევანი,ხაზიური,ლევანი ხაზიური,,,local_2025.yml
local_2025,__main__,council_smd,gd,ქართული ოცნება,,1210,,,,ვანო,ბურდიაშვილი,ვანო ბურდიაშვილი,,,local_2025.yml
local_2025,__main__,council_smd,conservatives_geo,კონსერვატორები საქართველოსთვის,,1211,,,,გიორგი,პაპუნაშვილი,გიორგი პაპუნაშვილი,,,local_2025.yml
local_2025,__main__,council_smd,gd,ქართული ოცნება,,1211,,,,ვლადიმერი,მუსალბიშვილი,ვლადიმერი მუსალბიშვილი,,,local_2025.yml
local_2025,__main__,council_smd,gd,ქართული ოცნება,,1212,,,,ბადრი,სონღულაშვილი,ბადრი სონღულაშვილი,,,local_2025.yml
local_2025,__main__,council_smd,strong_georgia,ძლიერი საქართველო,,1213,,,,კუკური,ჯამატაშვილი,კუკური ჯამატაშვილი,,,local_2025.yml
local_2025,__main__,council_smd,gd,ქართული ოცნება,,1213,,,,ზურაბი,მუხულიშვილი,ზურაბი მუხულიშვილი,,,local_2025.yml
local_2025,__main__,council_smd,conservatives_geo,კონსერვატორები საქართველოსთვის,,1214,,,,მაია,ცანკაშვილი,მაია ცანკაშვილი,,,local_2025.yml
local_2025,__main__,council_smd,gd,ქართული ოცნება,,1214,,,,ზურაბი,წინწალაშვილი,ზურაბი წინწალაშვილი,,,local_2025.yml
local_2025,__main__,council_smd,strong_georgia,ძლიერი საქართველო,,1215,,,,ლალი,არდაზიშვილი,ლალი არდაზიშვილი,,,local_2025.yml
local_2025,__main__,council_smd,gd,ქართული ოცნება,,1215,,,,ვანო,ბერიძიშვილი,ვანო ბერიძიშვილი,,,local_2025.yml
local_2025,__main__,council_smd,strong_georgia,ძლიერი საქართველო,,1216,,,,ბეჟანი,სიყმაშვილი,ბეჟანი სიყმაშვილი,,,local_2025.yml
local_2025,__main__,council_smd,gd,ქართული ოცნება,,1216,,,,ალექსანდრე,ბასილაშვილი,ალექსანდრე ბასილაშვილი,,,local_2025.yml
local_2025,__main__,council_smd,gakharia,გახარია საქართველოსთვის,,1217,,,,ზურაბ,საბაშვილი,ზურაბ საბაშვილი,,,local_2025.yml
local_2025,__main__,council_smd,gd,ქართული ოცნება,,1217,,,,გიგა,მირაშვილი,გიგა მირაშვილი,,,local_2025.yml
local_2025,__main__,council_smd,gd,ქართული ოცნება,,1218,,,,გიგა,მესხიშვილი,გიგა მესხიშვილი,,,local_2025.yml
local_2025,__main__,council_smd,gd,ქართული ოცნება,,1219,,,,გივი,რამაზაშვილი,გივი რამაზაშვილი,,,local_2025.yml
local_2025,__main__,council_smd,gd,ქართული ოცნება,,1220,,,,ზურაბი,ბადრიაშვილი,ზურაბი ბადრიაშვილი,,,local_2025.yml
local_2025,__main__,council_smd,gd,ქართული ოცნება,,1221,,,,ლევანი,თევდორაშვილი,ლევანი თევდორაშვილი,,,local_2025.yml
local_2025,__main__,council_smd,gd,ქართული ოცნება,,1222,,,,ვაჟა,მამისაშვილი,ვაჟა მამისაშვილი,,,local_2025.yml
local_2025,__main__,council_smd,conservatives_geo,კონსერვატორები საქართველოსთვის,,1223,,,,გიგა,ქურციკიძე,გიგა ქურციკიძე,,,local_2025.yml
local_2025,__main__,council_smd,gd,ქართული ოცნება,,1223,,,,ალექსანდრე,მთივლიშვილი,ალექსანდრე მთივლიშვილი,,,local_2025.yml
local_2025,__main__,council_smd,gd,ქართული ოცნება,,1224,,,,ვაჟა,მაჩხაშვილი,ვაჟა მაჩხაშვილი,,,local_2025.yml
local_2025,__main__,council_smd,conservatives_geo,კონსერვატორები საქართველოსთვის,,1301,,,,დარეჯანი,ბახტურიძე,დარეჯანი ბახტურიძე,,,local_2025.yml
local_2025,__main__,council_smd,gakharia,გახარია საქართველოსთვის,,1301,,,,ოთარ,ალადაშვილი,ოთარ ალადაშვილი,,,local_2025.yml
local_2025,__main__,council_smd,gd,ქართული ოცნება,,1301,,,,ცოტნე,ბეჟაშვილი,ცოტნე ბეჟაშვილი,,,local_2025.yml
local_2025,__main__,council_smd,conservatives_geo,კონსერვატორები საქართველოსთვის,,1302,,,,გიორგი,ხატიაშვილი,გიორგი ხატიაშვილი,,,local_2025.yml
local_2025,__main__,council_smd,strong_georgia,ძლიერი საქართველო,,1302,,,,იაკობ,ჯოხარიძე,იაკობ ჯოხარიძე,,,local_2025.yml
local_2025,__main__,council_smd,gd,ქართული ოცნება,,1302,,,,მიხეილი,კუტიბაშვილი,მიხეილი კუტიბაშვილი,,,local_2025.yml
local_2025,__main__,council_smd,conservatives_geo,კონსერვატორები საქართველოსთვის,,1303,,,,გიორგი,მაზიაშვილი,გიორგი მაზიაშვილი,,,local_2025.yml
local_2025,__main__,council_smd,gakharia,გახარია საქართველოსთვის,,1303,,,,ბექა,ალადაშვილი,ბექა ალადაშვილი,,,local_2025.yml
local_2025,__main__,council_smd,gd,ქართული ოცნება,,1303,,,,ვლადიმერ,სიმონიშვილი,ვლადიმერ სიმონიშვილი,,,local_2025.yml
local_2025,__main__,council_smd,conservatives_geo,კონსერვატორები საქართველოსთვის,,1304,,,,დავით,აბულაშვილი,დავით აბულაშვილი,,,local_2025.yml
local_2025,__main__,council_smd,strong_georgia,ძლიერი საქართველო,,1304,,,,გოგიტა,ნასყიდაშვილი,გოგიტა ნასყიდაშვილი,,,local_2025.yml
local_2025,__main__,council_smd,gd,ქართული ოცნება,,1304,,,,გელა,ლეკიაშვილი,გელა ლეკიაშვილი,,,local_2025.yml
local_2025,__main__,council_smd,conservatives_geo,კონსერვატორები საქართველოსთვის,,1305,,,,ია,ცაბუტაშვილი,ია ცაბუტაშვილი,,,local_2025.yml
local_2025,__main__,council_smd,strong_georgia,ძლიერი საქართველო,,1305,,,,იოსებ,ბოქოლიშვილი,იოსებ ბოქოლიშვილი,,,local_2025.yml
local_2025,__main__,council_smd,gd,ქართული ოცნება,,1305,,,,გოჩა,ხოსიტაშვილი,გოჩა ხოსიტაშვილი,,,local_2025.yml
local_2025,__main__,council_smd,conservatives_geo,კონსერვატორები საქართველოსთვის,,1306,,,,ილია,შეითნიშვილი,ილია შეითნიშვილი,,,local_2025.yml
local_2025,__main__,council_smd,strong_georgia,ძლიერი საქართველო,,1306,,,,ფიქრია,აფთარაშვილი,ფიქრია აფთარაშვილი,,,local_2025.yml
local_2025,__main__,council_smd,gd,ქართული ოცნება,,1306,,,,ნანა,ნანობაშვილი,ნანა ნანობაშვილი,,,local_2025.yml
local_2025,__main__,council_smd,strong_georgia,ძლიერი საქართველო,,1307,,,,გოჩა,ფხოველიშვილი,გოჩა ფხოველიშვილი,,,local_2025.yml
local_2025,__main__,council_smd,gd,ქართული ოცნება,,1307,,,,დავითი,ჯანიკაშვილი,დავითი ჯანიკაშვილი,,,local_2025.yml
local_2025,__main__,council_smd,conservatives_geo,კონსერვატორები საქართველოსთვის,,1308,,,,ირაკლი,ლათიბაშვილი,ირაკლი ლათიბაშვილი,,,local_2025.yml
local_2025,__main__,council_smd,gd,ქართული ოცნება,,1308,,,,ნინო,ბახტურიძე,ნინო ბახტურიძე,,,local_2025.yml
local_2025,__main__,council_smd,conservatives_geo,კონსერვატორები საქართველოსთვის,,1309,,,,ზაზა,გოგინაშვილი,ზაზა გოგინაშვილი,,,local_2025.yml
local_2025,__main__,council_smd,gakharia,გახარია საქართველოსთვის,,1309,,,,ლევან,კაიდარაშვილი,ლევან კაიდარაშვილი,,,local_2025.yml
local_2025,__main__,council_smd,gd,ქართული ოცნება,,1309,,,,გიორგი,სპანდერაშვილი,გიორგი სპანდერაშვილი,,,local_2025.yml
local_2025,__main__,council_smd,conservatives_geo,კონსერვატორები საქართველოსთვის,,1310,,,,ნიკოლოზ,ლათიბაშვილი,ნიკოლოზ ლათიბაშვილი,,,local_2025.yml
local_2025,__main__,council_smd,strong_georgia,ძლიერი საქართველო,,1310,,,,თეკლე,ლათიბაშვილი,თეკლე ლათიბაშვილი,,,local_2025.yml
local_2025,__main__,council_smd,gd,ქართული ოცნება,,1310,,,,მარინე,ათანელიშვილი,მარინე ათანელიშვილი,,,local_2025.yml
local_2025,__main__,council_smd,strong_georgia,ძლიერი საქართველო,,1311,,,,ვასილი,მჭედლიშვილი,ვასილი მჭედლიშვილი,,,local_2025.yml
local_2025,__main__,council_smd,gd,ქართული ოცნება,,1311,,,,ილია,ბაიდოშვილი,ილია ბაიდოშვილი,,,local_2025.yml
local_2025,__main__,council_smd,conservatives_geo,კონსერვატორები საქართველოსთვის,,1312,,,,დავით,პაპუაშვილი,დავით პაპუაშვილი,,,local_2025.yml
local_2025,__main__,council_smd,strong_georgia,ძლიერი საქართველო,,1312,,,,ალექსანდრე,პაპუაშვილი,ალექსანდრე პაპუაშვილი,,,local_2025.yml
local_2025,__main__,council_smd,gd,ქართული ოცნება,,1312,,,,გოჩა,შანშაშვილი,გოჩა შანშაშვილი,,,local_2025.yml
local_2025,__main__,council_smd,gakharia,გახარია საქართველოსთვის,,1313,,,,ბექა,კანდელაკიშვილი,ბექა კანდელაკიშვილი,,,local_2025.yml
local_2025,__main__,council_smd,gd,ქართული ოცნება,,1313,,,,ირაკლი,ზურაშვილი,ირაკლი ზურაშვილი,,,local_2025.yml
local_2025,__main__,council_smd,gd,ქართული ოცნება,,1314,,,,გიორგი,ელაშვილი,გიორგი ელაშვილი,,,local_2025.yml
local_2025,__main__,council_smd,conservatives_geo,კონსერვატორები საქართველოსთვის,,1401,,,,გია,მეხრიშვილი,გია მეხრიშვილი,,,local_2025.yml
local_2025,__main__,council_smd,gd,ქართული ოცნება,,1401,,,,გოჩა,სამუკაშვილი,გოჩა სამუკაშვილი,,,local_2025.yml
local_2025,__main__,council_smd,conservatives_geo,კონსერვატორები საქართველოსთვის,,1402,,,,ილია,კობაიძე,ილია კობაიძე,,,local_2025.yml
local_2025,__main__,council_smd,gd,ქართული ოცნება,,1402,,,,მამუკა,სეფიაშვილი,მამუკა სეფიაშვილი,,,local_2025.yml
local_2025,__main__,council_smd,conservatives_geo,კონსერვატორები საქართველოსთვის,,1403,,,,გელა,ნასყიდაშვილი,გელა ნასყიდაშვილი,,,local_2025.yml
local_2025,__main__,council_smd,strong_georgia,ძლიერი საქართველო,,1403,,,,ვასილ,მოსულიშვილი,ვასილ მოსულიშვილი,,,local_2025.yml
local_2025,__main__,council_smd,gd,ქართული ოცნება,,1403,,,,ივანე,ნატროშვილი,ივანე ნატროშვილი,,,local_2025.yml
local_2025,__main__,council_smd,strong_georgia,ძლიერი საქართველო,,1404,,,,ნუკრი,გოგაშვილი,ნუკრი გოგაშვილი,,,local_2025.yml
local_2025,__main__,council_smd,gd,ქართული ოცნება,,1404,,,,არსენა,ბაღაშვილი,არსენა ბაღაშვილი,,,local_2025.yml
local_2025,__main__,council_smd,conservatives_geo,კონსერვატორები საქართველოსთვის,,1405,,,,ლევანი,მეხრიშვილი,ლევანი მეხრიშვილი,,,local_2025.yml
local_2025,__main__,council_smd,gd,ქართული ოცნება,,1405,,,,ირინე,ფოცხვერაშვილი,ირინე ფოცხვერაშვილი,,,local_2025.yml
local_2025,__main__,council_smd,strong_georgia,ძლიერი საქართველო,,1406,,,,ვაჟა,წიკლაური,ვაჟა წიკლაური,,,local_2025.yml
local_2025,__main__,council_smd,gd,ქართული ოცნება,,1406,,,,გივი,გიგაური,გივი გიგაური,,,local_2025.yml
local_2025,__main__,council_smd,strong_georgia,ძლიერი საქართველო,,1407,,,,ზურაბი,ნატროშვილი,ზურაბი ნატროშვილი,,,local_2025.yml
local_2025,__main__,council_smd,gd,ქართული ოცნება,,1407,,,,გიორგი,გოგილაშვილი,გიორგი გოგილაშვილი,,,local_2025.yml
local_2025,__main__,council_smd,conservatives_geo,კონსერვატორები საქართველოსთვის,,1408,,,,თემური,ავსაჯანიშვილი,თემური ავსაჯანიშვილი,,,local_2025.yml
local_2025,__main__,council_smd,gd,ქართული ოცნება,,1408,,,,სიმონ,ყოჩიაშვილი,სიმონ ყოჩიაშვილი,,,local_2025.yml
local_2025,__main__,council_smd,strong_georgia,ძლიერი საქართველო,,1409,,,,ნოდარ,პატაშური,ნოდარ პატაშური,,,local_2025.yml
local_2025,__main__,council_smd,gd,ქართული ოცნება,,1409,,,,ნიკოლოზ,ხუციშვილი,ნიკოლოზ ხუციშვილი,,,local_2025.yml
local_2025,__main__,council_smd,conservatives_geo,კონსერვატორები საქართველოსთვის,,1410,,,,რამაზ,ჯიბღაშვილი,რამაზ ჯიბღაშვილი,,,local_2025.yml
local_2025,__main__,council_smd,gd,ქართული ოცნება,,1410,,,,სიმონ,წიკლაური,სიმონ წიკლაური,,,local_2025.yml
local_2025,__main__,council_smd,conservatives_geo,კონსერვატორები საქართველოსთვის,,1411,,,,კახი,ხუციშვილი,კახი ხუციშვილი,,,local_2025.yml
local_2025,__main__,council_smd,strong_georgia,ძლიერი საქართველო,,1411,,,,გელა,თურმანაული,გელა თურმანაული,,,local_2025.yml
local_2025,__main__,council_smd,gd,ქართული ოცნება,,1411,,,,ავთანდილ,ხუმარაშვილი,ავთანდილ ხუმარაშვილი,,,local_2025.yml
local_2025,__main__,council_smd,gd,ქართული ოცნება,,1412,,,,მანუჩარი,დუმბაძე,მანუჩარი დუმბაძე,,,local_2025.yml
local_2025,__main__,council_smd,gd,ქართული ოცნება,,1413,,,,ვასილი,ჩოვუშიან,ვასილი ჩოვუშიან,,,local_2025.yml
local_2025,__main__,council_smd,conservatives_geo,კონსერვატორები საქართველოსთვის,,1501,,,,პაატა,ნოზაძე,პაატა ნოზაძე,,,local_2025.yml
local_2025,__main__,council_smd,gakharia,გახარია საქართველოსთვის,,1501,,,,ლაშა,პოსოშვილი,ლაშა პოსოშვილი,,,local_2025.yml
local_2025,__main__,council_smd,gd,ქართული ოცნება,,1501,,,,ირაკლი,ტაბატაძე,ირაკლი ტაბატაძე,,,local_2025.yml
local_2025,__main__,council_smd,strong_georgia,ძლიერი საქართველო,,1502,,,,ხვიჩა,კუზიბაბაშვილი,ხვიჩა კუზიბაბაშვილი,,,local_2025.yml
local_2025,__main__,council_smd,gd,ქართული ოცნება,,1502,,,,ვლადიმერი,ალიბეგაშვილი,ვლადიმერი ალიბეგაშვილი,,,local_2025.yml
local_2025,__main__,council_smd,gakharia,გახარია საქართველოსთვის,,1503,,,,ლაშა,მახათაძე,ლაშა მახათაძე,,,local_2025.yml
local_2025,__main__,council_smd,gd,ქართული ოცნება,,1503,,,,ალექსი,ჩიღოშვილი,ალექსი ჩიღოშვილი,,,local_2025.yml
local_2025,__main__,council_smd,gd,ქართული ოცნება,,1504,,,,ალექსანდრე,კაციტაძე,ალექსანდრე კაციტაძე,,,local_2025.yml
local_2025,__main__,council_smd,conservatives_geo,კონსერვატორები საქართველოსთვის,,1505,,,,ვლადიმერი,სამხარაძე,ვლადიმერი სამხარაძე,,,local_2025.yml
local_2025,__main__,council_smd,strong_georgia,ძლიერი საქართველო,,1505,,,,თეიმურაზ,შველიძე,თეიმურაზ შველიძე,,,local_2025.yml
local_2025,__main__,council_smd,gd,ქართული ოცნება,,1505,,,,ლუკა,მუმლაძე,ლუკა მუმლაძე,,,local_2025.yml
local_2025,__main__,council_smd,gd,ქართული ოცნება,,1506,,,,ვიტალი,გუგეშაშვილი,ვიტალი გუგეშაშვილი,,,local_2025.yml
local_2025,__main__,council_smd,conservatives_geo,კონსერვატორები საქართველოსთვის,,1507,,,,მარიამი,ფაფიაშვილი,მარიამი ფაფიაშვილი,,,local_2025.yml
local_2025,__main__,council_smd,strong_georgia,ძლიერი საქართველო,,1507,,,,კობა,ცხოვრებაშვილი,კობა ცხოვრებაშვილი,,,local_2025.yml
local_2025,__main__,council_smd,gd,ქართული ოცნება,,1507,,,,გოგიტა,ბუთლიაშვილი,გოგიტა ბუთლიაშვილი,,,local_2025.yml
local_2025,__main__,council_smd,strong_georgia,ძლიერი საქართველო,,1508,,,,უსუფალი,კურბანოვი,უსუფალი კურბანოვი,,,local_2025.yml
local_2025,__main__,council_smd,gd,ქართული ოცნება,,1508,,,,რაფაელ,ფაშაევი,რაფაელ ფაშაევი,,,local_2025.yml
local_2025,__main__,council_smd,conservatives_geo,კონსერვატორები საქართველოსთვის,,1509,,,,ზაზა,ფცქიალაძე,ზაზა ფცქიალაძე,,,local_2025.yml
local_2025,__main__,council_smd,strong_georgia,ძლიერი საქართველო,,1509,,,,გრიგოლ,ზურაბაშვილი,გრიგოლ ზურაბაშვილი,,,local_2025.yml
local_2025,__main__,council_smd,gd,ქართული ოცნება,,1509,,,,იოსები,ვარდიაშვილი,იოსები ვარდიაშვილი,,,local_2025.yml
local_2025,__main__,council_smd,gd,ქართული ოცნება,,1510,,,,ხვიჩა,ყაველაშვილი,ხვიჩა ყაველაშვილი,,,local_2025.yml
local_2025,__main__,council_smd,gd,ქართული ოცნება,,1511,,,,ვახტანგი,ჭიპაშვილი,ვახტანგი ჭიპაშვილი,,,local_2025.yml
local_2025,__main__,council_smd,gd,ქართული ოცნება,,1512,,,,გიორგი,ყიფშიძე,გიორგი ყიფშიძე,,,local_2025.yml
local_2025,__main__,council_smd,conservatives_geo,კონსერვატორები საქართველოსთვის,,1513,,,,სპარტაკ,გრიგალაშვილი,სპარტაკ გრიგალაშვილი,,,local_2025.yml
local_2025,__main__,council_smd,gd,ქართული ოცნება,,1513,,,,ალექსანდრე,ხახიშვილი,ალექსანდრე ხახიშვილი,,,local_2025.yml
local_2025,__main__,council_smd,gd,ქართული ოცნება,,1514,,,,მაირბეგ,ქოზაევი,მაირბეგ ქოზაევი,,,local_2025.yml
local_2025,__main__,council_smd,conservatives_geo,კონსერვატორები საქართველოსთვის,,1515,,,,ავთანდილი,ლობჟანიძე,ავთანდილი ლობჟანიძე,,,local_2025.yml
local_2025,__main__,council_smd,gd,ქართული ოცნება,,1515,,,,თორნიკე,ტალახაძე,თორნიკე ტალახაძე,,,local_2025.yml
local_2025,__main__,council_smd,conservatives_geo,კონსერვატორები საქართველოსთვის,,1516,,,,სერგო,გელაშვილი,სერგო გელაშვილი,,,local_2025.yml
local_2025,__main__,council_smd,gd,ქართული ოცნება,,1516,,,,შორენა,ხაჩიაშვილი,შორენა ხაჩიაშვილი,,,local_2025.yml
local_2025,__main__,council_smd,conservatives_geo,კონსერვატორები საქართველოსთვის,,1601,,,,გიორგი,ბუჯიაშვილი,გიორგი ბუჯიაშვილი,,,local_2025.yml
local_2025,__main__,council_smd,gakharia,გახარია საქართველოსთვის,,1601,,,,თამარი,დენტოშვილი,თამარი დენტოშვილი,,,local_2025.yml
local_2025,__main__,council_smd,gd,ქართული ოცნება,,1601,,,,ვახტანგი,ხარატიშვილი,ვახტანგი ხარატიშვილი,,,local_2025.yml
local_2025,__main__,council_smd,conservatives_geo,კონსერვატორები საქართველოსთვის,,1602,,,,თეიმურაზი,ფირანიშვილი,თეიმურაზი ფირანიშვილი,,,local_2025.yml
local_2025,__main__,council_smd,strong_georgia,ძლიერი საქართველო,,1602,,,,ვასილი,ხიზანიშვილი,ვასილი ხიზანიშვილი,,,local_2025.yml
local_2025,__main__,council_smd,gd,ქართული ოცნება,,1602,,,,ვალერი,გოქსაძე,ვალერი გოქსაძე,,,local_2025.yml
local_2025,__main__,council_smd,conservatives_geo,კონსერვატორები საქართველოსთვის,,1603,,,,ტრისტანი,კალაიჯიშვილი,ტრისტანი კალაიჯიშვილი,,,local_2025.yml
local_2025,__main__,council_smd,gd,ქართული ოცნება,,1603,,,,ვლადიმერი,ხაზალიშვილი,ვლადიმერი ხაზალიშვილი,,,local_2025.yml
local_2025,__main__,council_smd,conservatives_geo,კონსერვატორები საქართველოსთვის,,1604,,,,სულხანი,კაპანაძე,სულხანი კაპანაძე,,,local_2025.yml
local_2025,__main__,council_smd,strong_georgia,ძლიერი საქართველო,,1604,,,,გოდერძი,იოსებიანი,გოდერძი იოსებიანი,,,local_2025.yml
local_2025,__main__,council_smd,gd,ქართული ოცნება,,1604,,,,ზურაბი,კაპანაძე,ზურაბი კაპანაძე,,,local_2025.yml
local_2025,__main__,council_smd,conservatives_geo,კონსერვატორები საქართველოსთვის,,1605,,,,გელა,გელიკოშვილი,გელა გელიკოშვილი,,,local_2025.yml
local_2025,__main__,council_smd,gd,ქართული ოცნება,,1605,,,,კახა,ასისტიშვილი,კახა ასისტიშვილი,,,local_2025.yml
local_2025,__main__,council_smd,conservatives_geo,კონსერვატორები საქართველოსთვის,,1606,,,,გიორგი,ქუმსიაშვილი,გიორგი ქუმსიაშვილი,,,local_2025.yml
local_2025,__main__,council_smd,strong_georgia,ძლიერი საქართველო,,1606,,,,ბიჭიკო,ბაიდოშვილი,ბიჭიკო ბაიდოშვილი,,,local_2025.yml
local_2025,__main__,council_smd,gd,ქართული ოცნება,,1606,,,,რევი,ხვედელიძე,რევი ხვედელიძე,,,local_2025.yml
local_2025,__main__,council_smd,strong_georgia,ძლიერი საქართველო,,1607,,,,ონისე,ხუროშვილი,ონისე ხუროშვილი,,,local_2025.yml
local_2025,__main__,council_smd,gd,ქართული ოცნება,,1607,,,,პაატა,ხაჩიშვილი,პაატა ხაჩიშვილი,,,local_2025.yml
local_2025,__main__,council_smd,conservatives_geo,კონსერვატორები საქართველოსთვის,,1608,,,,ნიკა,სვიმონიშვილი,ნიკა სვიმონიშვილი,,,local_2025.yml
local_2025,__main__,council_smd,gd,ქართული ოცნება,,1608,,,,დათო,ვარადაშვილი,დათო ვარადაშვილი,,,local_2025.yml
local_2025,__main__,council_smd,conservatives_geo,კონსერვატორები საქართველოსთვის,,1609,,,,გიორგი,ზუბიტაშვილი,გიორგი ზუბიტაშვილი,,,local_2025.yml
local_2025,__main__,council_smd,strong_georgia,ძლიერი საქართველო,,1609,,,,კობა,ფაჩოშვილი,კობა ფაჩოშვილი,,,local_2025.yml
local_2025,__main__,council_smd,gd,ქართული ოცნება,,1609,,,,გიორგი,ამირხანოვი,გიორგი ამირხანოვი,,,local_2025.yml
local_2025,__main__,council_smd,conservatives_geo,კონსერვატორები საქართველოსთვის,,1610,,,,მურად,დევლარიშვილი,მურად დევლარიშვილი,,,local_2025.yml
local_2025,__main__,council_smd,gd,ქართული ოცნება,,1610,,,,იოსები,სოლომნიშვილი,იოსები სოლომნიშვილი,,,local_2025.yml
local_2025,__main__,council_smd,conservatives_geo,კონსერვატორები საქართველოსთვის,,1611,,,,გიგა,პატატიშვილი,გიგა პატატიშვილი,,,local_2025.yml
local_2025,__main__,council_smd,gakharia,გახარია საქართველოსთვის,,1611,,,,გოდერძი,ჭიტაშვილი,გოდერძი ჭიტაშვილი,,,local_2025.yml
local_2025,__main__,council_smd,gd,ქართული ოცნება,,1611,,,,მამუკა,ბერიაშვილი,მამუკა ბერიაშვილი,,,local_2025.yml
local_2025,__main__,council_smd,conservatives_geo,კონსერვატორები საქართველოსთვის,,1612,,,,კობა,შილდელაშვილი,კობა შილდელაშვილი,,,local_2025.yml
local_2025,__main__,council_smd,gd,ქართული ოცნება,,1612,,,,კონსტანტინე,ცხოვრებაძე,კონსტანტინე ცხოვრებაძე,,,local_2025.yml
local_2025,__main__,council_smd,conservatives_geo,კონსერვატორები საქართველოსთვის,,1701,,,,გიორგი,კარჭაული,გიორგი კარჭაული,,,local_2025.yml
local_2025,__main__,council_smd,gakharia,გახარია საქართველოსთვის,,1701,,,,ალექსი,პაპუნაშვილი,ალექსი პაპუნაშვილი,,,local_2025.yml
local_2025,__main__,council_smd,gd,ქართული ოცნება,,1701,,,,მიხეილი,დაღუნდარიძე,მიხეილი დაღუნდარიძე,,,local_2025.yml
local_2025,__main__,council_smd,conservatives_geo,კონსერვატორები საქართველოსთვის,,1702,,,,გიორგი,ახალკაციშვილი,გიორგი ახალკაციშვილი,,,local_2025.yml
local_2025,__main__,council_smd,strong_georgia,ძლიერი საქართველო,,1702,,,,მერაბი,ხიზანიშვილი,მერაბი ხიზანიშვილი,,,local_2025.yml
local_2025,__main__,council_smd,gd,ქართული ოცნება,,1702,,,,გიორგი,ხაჭაპურიძე,გიორგი ხაჭაპურიძე,,,local_2025.yml
local_2025,__main__,council_smd,conservatives_geo,კონსერვატორები საქართველოსთვის,,1703,,,,იმედა,მაისურაძე,იმედა მაისურაძე,,,local_2025.yml
local_2025,__main__,council_smd,gd,ქართული ოცნება,,1703,,,,სოლომონი,რამაზაშვილი,სოლომონი რამაზაშვილი,,,local_2025.yml
local_2025,__main__,council_smd,conservatives_geo,კონსერვატორები საქართველოსთვის,,1704,,,,გიორგი,ბლუიშვილი,გიორგი ბლუიშვილი,,,local_2025.yml
local_2025,__main__,council_smd,gd,ქართული ოცნება,,1704,,,,ივანე,კირვალიძე,ივანე კირვალიძე,,,local_2025.yml
local_2025,__main__,council_smd,gd,ქართული ოცნება,,1705,,,,ზურაბი,ლილუაშვილი,ზურაბი ლილუაშვილი,,,local_2025.yml
local_2025,__main__,council_smd,conservatives_geo,კონსერვატორები საქართველოსთვის,,1706,,,,გოჩა,ჯელაძე,გოჩა ჯელაძე,,,local_2025.yml
local_2025,__main__,council_smd,gd,ქართული ოცნება,,1706,,,,ჯუმბერი,ბატიაშვილი,ჯუმბერი ბატიაშვილი,,,local_2025.yml
local_2025,__main__,council_smd,conservatives_geo,კონსერვატორები საქართველოსთვის,,1707,,,,გოჩა,წაწალაშვილი,გოჩა წაწალაშვილი,,,local_2025.yml
local_2025,__main__,council_smd,strong_georgia,ძლიერი საქართველო,,1707,,,,გურამი,ხიზანიშვილი,გურამი ხიზანიშვილი,,,local_2025.yml
local_2025,__main__,council_smd,gd,ქართული ოცნება,,1707,,,,დავითი,ოქროცვარიძე,დავითი ოქროცვარიძე,,,local_2025.yml
local_2025,__main__,council_smd,gd,ქართული ოცნება,,1708,,,,გიორგი,ჭიკაძე,გიორგი ჭიკაძე,,,local_2025.yml
local_2025,__main__,council_smd,gd,ქართული ოცნება,,1709,,,,ზურაბი,ძამუკაშვილი,ზურაბი ძამუკაშვილი,,,local_2025.yml
local_2025,__main__,council_smd,conservatives_geo,კონსერვატორები საქართველოსთვის,,1710,,,,ალექსი,ჩუბინაშვილი,ალექსი ჩუბინაშვილი,,,local_2025.yml
local_2025,__main__,council_smd,gd,ქართული ოცნება,,1710,,,,ფირუზ,კევლიშვილი,ფირუზ კევლიშვილი,,,local_2025.yml
local_2025,__main__,council_smd,gd,ქართული ოცნება,,1711,,,,ვასილი,არაბული,ვასილი არაბული,,,local_2025.yml
local_2025,__main__,council_smd,conservatives_geo,კონსერვატორები საქართველოსთვის,,1712,,,,ტიტე,დარეჯანიშვილი,ტიტე დარეჯანიშვილი,,,local_2025.yml
local_2025,__main__,council_smd,gd,ქართული ოცნება,,1712,,,,გაგა,გიგაური,გაგა გიგაური,,,local_2025.yml
local_2025,__main__,council_smd,conservatives_geo,კონსერვატორები საქართველოსთვის,,1713,,,,ოთარ,ზაალიშვილი,ოთარ ზაალიშვილი,,,local_2025.yml
local_2025,__main__,council_smd,strong_georgia,ძლიერი საქართველო,,1713,,,,ნოდარ,თუშიშვილი,ნოდარ თუშიშვილი,,,local_2025.yml
local_2025,__main__,council_smd,gd,ქართული ოცნება,,1713,,,,ვალერი,ყარაულაშვილი,ვალერი ყარაულაშვილი,,,local_2025.yml
local_2025,__main__,council_smd,gd,ქართული ოცნება,,1714,,,,ზურაბ,მუსაევი,ზურაბ მუსაევი,,,local_2025.yml
local_2025,__main__,council_smd,strong_georgia,ძლიერი საქართველო,,1715,,,,თენგიზი,სეხნიაშვილი,თენგიზი სეხნიაშვილი,,,local_2025.yml
local_2025,__main__,council_smd,gd,ქართული ოცნება,,1715,,,,ზაზა,ტატულიშვილი,ზაზა ტატულიშვილი,,,local_2025.yml
local_2025,__main__,council_smd,strong_georgia,ძლიერი საქართველო,,1716,,,,ლევან,ბერძენაშვილი,ლევან ბერძენაშვილი,,,local_2025.yml
local_2025,__main__,council_smd,gd,ქართული ოცნება,,1716,,,,ალექსანდრე,შათირიშვილი,ალექსანდრე შათირიშვილი,,,local_2025.yml
local_2025,__main__,council_smd,gd,ქართული ოცნება,,1717,,,,გია,ხოლუაშვილი,გია ხოლუაშვილი,,,local_2025.yml
local_2025,__main__,council_smd,strong_georgia,ძლიერი საქართველო,,1718,,,,ალექსანდრე,ყაზარაშვილი,ალექსანდრე ყაზარაშვილი,,,local_2025.yml
local_2025,__main__,council_smd,gd,ქართული ოცნება,,1718,,,,ლაშა,ოსეფაშვილი,ლაშა ოსეფაშვილი,,,local_2025.yml
local_2025,__main__,council_smd,gd,ქართული ოცნება,,1719,,,,თამარი,სიმაშვილი,თამარი სიმაშვილი,,,local_2025.yml
local_2025,__main__,council_smd,strong_georgia,ძლიერი საქართველო,,1720,,,,გელა,უშარაული,გელა უშარაული,,,local_2025.yml
local_2025,__main__,council_smd,gd,ქართული ოცნება,,1720,,,,ნინო,ციხისთავი,ნინო ციხისთავი,,,local_2025.yml
local_2025,__main__,council_smd,gakharia,გახარია საქართველოსთვის,,1801,,,,თინათინი,მოზაიძე,თინათინი მოზაიძე,,,local_2025.yml
local_2025,__main__,council_smd,gd,ქართული ოცნება,,1801,,,,კახა,მამულაშვილი,კახა მამულაშვილი,,,local_2025.yml
local_2025,__main__,council_smd,conservatives_geo,კონსერვატორები საქართველოსთვის,,1802,,,,ზაზა,მებაღიშვილი,ზაზა მებაღიშვილი,,,local_2025.yml
local_2025,__main__,council_smd,strong_georgia,ძლიერი საქართველო,,1802,,,,მზია,ჭიკაიძე,მზია ჭიკაიძე,,,local_2025.yml
local_2025,__main__,council_smd,gakharia,გახარია საქართველოსთვის,,1802,,,,ვახტანგი,მამადაშვილი,ვახტანგი მამადაშვილი,,,local_2025.yml
local_2025,__main__,council_smd,gd,ქართული ოცნება,,1802,,,,ვალერიან,თურქიაშვილი,ვალერიან თურქიაშვილი,,,local_2025.yml
local_2025,__main__,council_smd,gd,ქართული ოცნება,,1803,,,,ისლამ,მარგოშვილი,ისლამ მარგოშვილი,,,local_2025.yml
local_2025,__main__,council_smd,conservatives_geo,კონსერვატორები საქართველოსთვის,,1804,,,,ჯემალი,ცაძიკიძე,ჯემალი ცაძიკიძე,,,local_2025.yml
local_2025,__main__,council_smd,strong_georgia,ძლიერი საქართველო,,1804,,,,ალექსი,ციხელიშვილი,ალექსი ციხელიშვილი,,,local_2025.yml
local_2025,__main__,council_smd,gd,ქართული ოცნება,,1804,,,,ბესარიონ,კაიშვილი,ბესარიონ კაიშვილი,,,local_2025.yml
local_2025,__main__,council_smd,gakharia,გახარია საქართველოსთვის,,1805,,,,დავითი,მარგოშვილი,დავითი მარგოშვილი,,,local_2025.yml
local_2025,__main__,council_smd,gd,ქართული ოცნება,,1805,,,,როსტომ,ალხანაშვილი,როსტომ ალხანაშვილი,,,local_2025.yml
local_2025,__main__,council_smd,strong_georgia,ძლიერი საქართველო,,1806,,,,თინათინ,შენგელია,თინათინ შენგელია,,,local_2025.yml
local_2025,__main__,council_smd,gd,ქართული ოცნება,,1806,,,,ზეზვა,ფიცხელაური,ზეზვა ფიცხელაური,,,local_2025.yml
local_2025,__main__,council_smd,gd,ქართული ოცნება,,1807,,,,ადამე,მოზაიძე,ადამე მოზაიძე,,,local_2025.yml
local_2025,__main__,council_smd,conservatives_geo,კონსერვატორები საქართველოსთვის,,1808,,,,გელა,ვალაშვილი,გელა ვალაშვილი,,,local_2025.yml
local_2025,__main__,council_smd,gakharia,გახარია საქართველოსთვის,,1808,,,,ლეილა,მარკოზაშვილი,ლეილა მარკოზაშვილი,,,local_2025.yml
local_2025,__main__,council_smd,gd,ქართული ოცნება,,1808,,,,გიორგი,მამუჩარაშვილი,გიორგი მამუჩარაშვილი,,,local_2025.yml
local_2025,__main__,council_smd,conservatives_geo,კონსერვატორები საქართველოსთვის,,1809,,,,ავთანდილ,ბობოქაიძე,ავთანდილ ბობოქაიძე,,,local_2025.yml
local_2025,__main__,council_smd,strong_georgia,ძლიერი საქართველო,,1809,,,,ანატოლი,ქოჩიევი,ანატოლი ქოჩიევი,,,local_2025.yml
local_2025,__main__,council_smd,gd,ქართული ოცნება,,1809,,,,ბიძინა,მექვევრიშვილი,ბიძინა მექვევრიშვილი,,,local_2025.yml
local_2025,__main__,council_smd,gd,ქართული ოცნება,,1810,,,,ირაკლი,ბექურაიძე,ირაკლი ბექურაიძე,,,local_2025.yml
local_2025,__main__,council_smd,strong_georgia,ძლიერი საქართველო,,1811,,,,ლაშა,თვალიაშვილი,ლაშა თვალიაშვილი,,,local_2025.yml
local_2025,__main__,council_smd,gd,ქართული ოცნება,,1811,,,,ილია,კუპრავიშვილი,ილია კუპრავიშვილი,,,local_2025.yml
local_2025,__main__,council_smd,gd,ქართული ოცნება,,1812,,,,რევაზ,გახუაშვილი,რევაზ გახუაშვილი,,,local_2025.yml
local_2025,__main__,council_smd,conservatives_geo,კონსერვატორები საქართველოსთვის,,1813,,,,ზაზა,სისაური,ზაზა სისაური,,,local_2025.yml
local_2025,__main__,council_smd,strong_georgia,ძლიერი საქართველო,,1813,,,,თეიმურაზ,კარხილაური,თეიმურაზ კარხილაური,,,local_2025.yml
local_2025,__main__,council_smd,gd,ქართული ოცნება,,1813,,,,არჩილ,ჭოლიკიძე,არჩილ ჭოლიკიძე,,,local_2025.yml
local_2025,__main__,council_smd,strong_georgia,ძლიერი საქართველო,,1814,,,,ზაზა,ხოსიაშვილი,ზაზა ხოსიაშვილი,,,local_2025.yml
local_2025,__main__,council_smd,gd,ქართული ოცნება,,1814,,,,დავით,ავაზაშვილი,დავით ავაზაშვილი,,,local_2025.yml
local_2025,__main__,council_smd,strong_georgia,ძლიერი საქართველო,,1815,,,,ლაშა,წოწკოლაური,ლაშა წოწკოლაური,,,local_2025.yml
local_2025,__main__,council_smd,gd,ქართული ოცნება,,1815,,,,ზეზვა,უძილაური,ზეზვა უძილაური,,,local_2025.yml
local_2025,__main__,council_smd,gd,ქართული ოცნება,,1816,,,,ჯუმბერ,მუთოშვილი,ჯუმბერ მუთოშვილი,,,local_2025.yml
local_2025,__main__,council_smd,gakharia,გახარია საქართველოსთვის,,1901,,,,მალხაზ,დავითაშვილი,მალხაზ დავითაშვილი,,,local_2025.yml
local_2025,__main__,council_smd,gd,ქართული ოცნება,,1901,,,,ნანა,დულუზაური,ნანა დულუზაური,,,local_2025.yml
local_2025,__main__,council_smd,gd,ქართული ოცნება,,1902,,,,ბესიკ,ჩახმახაშვილი,ბესიკ ჩახმახაშვილი,,,local_2025.yml
local_2025,__main__,council_smd,strong_georgia,ძლიერი საქართველო,,1903,,,,მალხაზ,აფციაური,მალხაზ აფციაური,,,local_2025.yml
local_2025,__main__,council_smd,gd,ქართული ოცნება,,1903,,,,უჩა,ქეშიკაშვილი,უჩა ქეშიკაშვილი,,,local_2025.yml
local_2025,__main__,council_smd,gakharia,გახარია საქართველოსთვის,,1904,,,,დავით,ოთარაშვილი,დავით ოთარაშვილი,,,local_2025.yml
local_2025,__main__,council_smd,gd,ქართული ოცნება,,1904,,,,აჩიკო,ალბუთაშვილი,აჩიკო ალბუთაშვილი,,,local_2025.yml
local_2025,__main__,council_smd,strong_georgia,ძლიერი საქართველო,,1905,,,,გიორგი,აფციაური,გიორგი აფციაური,,,local_2025.yml
local_2025,__main__,council_smd,gd,ქართული ოცნება,,1905,,,,გივი,ჩიტაური,გივი ჩიტაური,,,local_2025.yml
local_2025,__main__,council_smd,conservatives_geo,კონსერვატორები საქართველოსთვის,,1906,,,,ხვთისო,სეთური,ხვთისო სეთური,,,local_2025.yml
local_2025,__main__,council_smd,gakharia,გახარია საქართველოსთვის,,1906,,,,ტარიელ,ლეკვიაშვილი,ტარიელ ლეკვიაშვილი,,,local_2025.yml
local_2025,__main__,council_smd,gd,ქართული ოცნება,,1906,,,,მინდია,ნადირაშვილი,მინდია ნადირაშვილი,,,local_2025.yml
local_2025,__main__,council_smd,conservatives_geo,კონსერვატორები საქართველოსთვის,,1907,,,,ირაკლი,ბადურაშვილი,ირაკლი ბადურაშვილი,,,local_2025.yml
local_2025,__main__,council_smd,strong_georgia,ძლიერი საქართველო,,1907,,,,ამირანი,გელაშვილი,ამირანი გელაშვილი,,,local_2025.yml
local_2025,__main__,council_smd,gd,ქართული ოცნება,,1907,,,,იოსებ,მათურელი,იოსებ მათურელი,,,local_2025.yml
local_2025,__main__,council_smd,mamuli_ena,"მამული, ენა, სარწმუნოება",,1908,,,,კახა,სუხიშვილი,კახა სუხიშვილი,,,local_2025.yml
local_2025,__main__,council_smd,gd,ქართული ოცნება,,1908,,,,ზვიადი,ბიჩინაშვილი,ზვიადი ბიჩინაშვილი,,,local_2025.yml
local_2025,__main__,council_smd,gd,ქართული ოცნება,,1909,,,,ზვიად,ბაგაშვილი,ზვიად ბაგაშვილი,,,local_2025.yml
local_2025,__main__,council_smd,conservatives_geo,კონსერვატორები საქართველოსთვის,,1910,,,,ნუნუ,ხმიადაშვილი,ნუნუ ხმიადაშვილი,,,local_2025.yml
local_2025,__main__,council_smd,strong_georgia,ძლიერი საქართველო,,1910,,,,თეა,წინწკალაძე,თეა წინწკალაძე,,,local_2025.yml
local_2025,__main__,council_smd,gd,ქართული ოცნება,,1910,,,,ნიკოლოზი,დიდებაშვილი,ნიკოლოზი დიდებაშვილი,,,local_2025.yml
local_2025,__main__,council_smd,conservatives_geo,კონსერვატორები საქართველოსთვის,,1911,,,,მალხაზ,ხოსიაური,მალხაზ ხოსიაური,,,local_2025.yml
local_2025,__main__,council_smd,strong_georgia,ძლიერი საქართველო,,1911,,,,დოდო,ჯუგაშვილი,დოდო ჯუგაშვილი,,,local_2025.yml
local_2025,__main__,council_smd,gd,ქართული ოცნება,,1911,,,,გიორგი,ზვიადაური,გიორგი ზვიადაური,,,local_2025.yml
local_2025,__main__,council_smd,conservatives_geo,კონსერვატორები საქართველოსთვის,,1912,,,,გიორგი,კენკიშვილი,გიორგი კენკიშვილი,,,local_2025.yml
local_2025,__main__,council_smd,gakharia,გახარია საქართველოსთვის,,1912,,,,ლამარა,სომხიშვილი,ლამარა სომხიშვილი,,,local_2025.yml
local_2025,__main__,council_smd,gd,ქართული ოცნება,,1912,,,,გიორგი,ხუცურაული,გიორგი ხუცურაული,,,local_2025.yml
local_2025,__main__,council_smd,patriots,საქართველოს პატრიოტთა ალიანსი,,2001,,,,ვალერიანე,კაპანაძე,ვალერიანე კაპანაძე,,,local_2025.yml
local_2025,__main__,council_smd,strong_georgia,ძლიერი საქართველო,,2001,,,,დავით,სულაძე,დავით სულაძე,,,local_2025.yml
local_2025,__main__,council_smd,gd,ქართული ოცნება,,2001,,,,გიგა,კიკვაძე,გიგა კიკვაძე,,,local_2025.yml
local_2025,__main__,council_smd,strong_georgia,ძლიერი საქართველო,,2002,,,,ია,ჩერქეზია,ია ჩერქეზია,,,local_2025.yml
local_2025,__main__,council_smd,gd,ქართული ოცნება,,2002,,,,მიხეილი,მუზაშვილი,მიხეილი მუზაშვილი,,,local_2025.yml
local_2025,__main__,council_smd,gakharia,გახარია საქართველოსთვის,,2003,,,,ზვიად,ხუციშვილი,ზვიად ხუციშვილი,,,local_2025.yml
local_2025,__main__,council_smd,gd,ქართული ოცნება,,2003,,,,ზაზა,ტოგონიძე,ზაზა ტოგონიძე,,,local_2025.yml
local_2025,__main__,council_smd,conservatives_geo,კონსერვატორები საქართველოსთვის,,2004,,,,ზაზა,ვერულაშვილი,ზაზა ვერულაშვილი,,,local_2025.yml
local_2025,__main__,council_smd,gakharia,გახარია საქართველოსთვის,,2004,,,,ანა,ბეჟანიშვილი,ანა ბეჟანიშვილი,,,local_2025.yml
local_2025,__main__,council_smd,gd,ქართული ოცნება,,2004,,,,მიხეილ,ბერუაშვილი,მიხეილ ბერუაშვილი,,,local_2025.yml
local_2025,__main__,council_smd,strong_georgia,ძლიერი საქართველო,,2005,,,,ჯემალი,ნინიკური,ჯემალი ნინიკური,,,local_2025.yml
local_2025,__main__,council_smd,gd,ქართული ოცნება,,2005,,,,ლელა,ლუარსაბიშვილი,ლელა ლუარსაბიშვილი,,,local_2025.yml
local_2025,__main__,council_smd,conservatives_geo,კონსერვატორები საქართველოსთვის,,2006,,,,გიორგი,პაიჭაძე,გიორგი პაიჭაძე,,,local_2025.yml
local_2025,__main__,council_smd,gakharia,გახარია საქართველოსთვის,,2006,,,,ლია,რამიშვილი,ლია რამიშვილი,,,local_2025.yml
local_2025,__main__,council_smd,gd,ქართული ოცნება,,2006,,,,გიორგი,ტუხაშვილი,გიორგი ტუხაშვილი,,,local_2025.yml
local_2025,__main__,council_smd,strong_georgia,ძლიერი საქართველო,,2007,,,,ნანა,მექვაბიშვილი,ნანა მექვაბიშვილი,,,local_2025.yml
local_2025,__main__,council_smd,gd,ქართული ოცნება,,2007,,,,სოფიო,მაჭარაშვილი-რამიშვილი,სოფიო მაჭარაშვილი-რამიშვილი,,,local_2025.yml
local_2025,__main__,council_smd,gakharia,გახარია საქართველოსთვის,,2008,,,,ნუკრი,რამიშვილი,ნუკრი რამიშვილი,,,local_2025.yml
local_2025,__main__,council_smd,gd,ქართული ოცნება,,2008,,,,გრიგოლ,ვეფხვაძე,გრიგოლ ვეფხვაძე,,,local_2025.yml
local_2025,__main__,council_smd,conservatives_geo,კონსერვატორები საქართველოსთვის,,2009,,,,ლევან,რეხვიაშვილი,ლევან რეხვიაშვილი,,,local_2025.yml
local_2025,__main__,council_smd,strong_georgia,ძლიერი საქართველო,,2009,,,,მაია,შამანაური,მაია შამანაური,,,local_2025.yml
local_2025,__main__,council_smd,gd,ქართული ოცნება,,2009,,,,ბაჩუკი,ჩიჩუა,ბაჩუკი ჩიჩუა,,,local_2025.yml
local_2025,__main__,council_smd,patriots,საქართველოს პატრიოტთა ალიანსი,,2010,,,,ბექარ,კაპანაძე,ბექარ კაპანაძე,,,local_2025.yml
local_2025,__main__,council_smd,gakharia,გახარია საქართველოსთვის,,2010,,,,ინგა,ყალიჩავა,ინგა ყალიჩავა,,,local_2025.yml
local_2025,__main__,council_smd,gd,ქართული ოცნება,,2010,,,,კარლო,ნოდია,კარლო ნოდია,,,local_2025.yml
local_2025,__main__,council_smd,conservatives_geo,კონსერვატორები საქართველოსთვის,,2101,,,,ვანო,ბედიანი,ვანო ბედიანი,,,local_2025.yml
local_2025,__main__,council_smd,strong_georgia,ძლიერი საქართველო,,2101,,,,ფარმან,შიხიევი,ფარმან შიხიევი,,,local_2025.yml
local_2025,__main__,council_smd,gd,ქართული ოცნება,,2101,,,,ზაქირ,დაშდამიროვი,ზაქირ დაშდამიროვი,,,local_2025.yml
local_2025,__main__,council_smd,gd,ქართული ოცნება,,2102,,,,ზაზა,ონიანი,ზაზა ონიანი,,,local_2025.yml
local_2025,__main__,council_smd,gd,ქართული ოცნება,,2103,,,,თამარ,ხაჩიძე,თამარ ხაჩიძე,,,local_2025.yml
local_2025,__main__,council_smd,gd,ქართული ოცნება,,2104,,,,გუსეინკულუ,მუსაევი,გუსეინკულუ მუსაევი,,,local_2025.yml
local_2025,__main__,council_smd,strong_georgia,ძლიერი საქართველო,,2105,,,,ლევანი,აფციაური,ლევანი აფციაური,,,local_2025.yml
local_2025,__main__,council_smd,gd,ქართული ოცნება,,2105,,,,ქართლოსი,მამულაძე,ქართლოსი მამულაძე,,,local_2025.yml
local_2025,__main__,council_smd,conservatives_geo,კონსერვატორები საქართველოსთვის,,2106,,,,ლევანი,სუხაშვილი,ლევანი სუხაშვილი,,,local_2025.yml
local_2025,__main__,council_smd,gd,ქართული ოცნება,,2106,,,,ლაშა,ქართლოსიშვილი,ლაშა ქართლოსიშვილი,,,local_2025.yml
local_2025,__main__,council_smd,gd,ქართული ოცნება,,2107,,,,დავით,ჭინჭარაული,დავით ჭინჭარაული,,,local_2025.yml
local_2025,__main__,council_smd,gd,ქართული ოცნება,,2108,,,,არაზ,ვალიევი,არაზ ვალიევი,,,local_2025.yml
local_2025,__main__,council_smd,gd,ქართული ოცნება,,2109,,,,გიორგი,გურულიშვილი,გიორგი გურულიშვილი,,,local_2025.yml
local_2025,__main__,council_smd,strong_georgia,ძლიერი საქართველო,,2110,,,,კამრან,ასკეროვი,კამრან ასკეროვი,,,local_2025.yml
local_2025,__main__,council_smd,gd,ქართული ოცნება,,2110,,,,ილხამ,ბაირამოვი,ილხამ ბაირამოვი,,,local_2025.yml
local_2025,__main__,council_smd,gd,ქართული ოცნება,,2111,,,,ლევან,ნიჟარაძე,ლევან ნიჟარაძე,,,local_2025.yml
local_2025,__main__,council_smd,conservatives_geo,კონსერვატორები საქართველოსთვის,,2112,,,,გერმან,ქალდანი,გერმან ქალდანი,,,local_2025.yml
local_2025,__main__,council_smd,strong_georgia,ძლიერი საქართველო,,2112,,,,გიორგი,სიხარულიძე,გიორგი სიხარულიძე,,,local_2025.yml
local_2025,__main__,council_smd,gd,ქართული ოცნება,,2112,,,,ბეთქილი,კახიანი,ბეთქილი კახიანი,,,local_2025.yml
local_2025,__main__,council_smd,gd,ქართული ოცნება,,2113,,,,დავითი,ებილაშვილი,დავითი ებილაშვილი,,,local_2025.yml
local_2025,__main__,council_smd,our_georgia,ჩვენი გაერთიანებული საქართველო,,2114,,,,კამალ,ვალიევი,კამალ ვალიევი,,,local_2025.yml
local_2025,__main__,council_smd,gd,ქართული ოცნება,,2114,,,,კამრან,ბაბაევი,კამრან ბაბაევი,,,local_2025.yml
local_2025,__main__,council_smd,gd,ქართული ოცნება,,2115,,,,თორნიკე,ქავთარაძე,თორნიკე ქავთარაძე,,,local_2025.yml
local_2025,__main__,council_smd,conservatives_geo,კონსერვატორები საქართველოსთვის,,2116,,,,ზურაბი,მეტრეველი,ზურაბი მეტრეველი,,,local_2025.yml
local_2025,__main__,council_smd,gd,ქართული ოცნება,,2116,,,,იოსები,ძამნაშვილი,იოსები ძამნაშვილი,,,local_2025.yml
local_2025,__main__,council_smd,strong_georgia,ძლიერი საქართველო,,2117,,,,ილგამ,ტაგიევი,ილგამ ტაგიევი,,,local_2025.yml
local_2025,__main__,council_smd,gd,ქართული ოცნება,,2117,,,,ისლამ,მამედოვი,ისლამ მამედოვი,,,local_2025.yml
local_2025,__main__,council_smd,gd,ქართული ოცნება,,2118,,,,ნიჩატ,ისმაილოვი,ნიჩატ ისმაილოვი,,,local_2025.yml
local_2025,__main__,council_smd,gd,ქართული ოცნება,,2119,,,,ლევანი,ბეგლარიშვილი,ლევანი ბეგლარიშვილი,,,local_2025.yml
local_2025,__main__,council_smd,gd,ქართული ოცნება,,2120,,,,ვუგარ,მამედოვი,ვუგარ მამედოვი,,,local_2025.yml
local_2025,__main__,council_smd,gd,ქართული ოცნება,,2121,,,,საბაილ,მამედოვი,საბაილ მამედოვი,,,local_2025.yml
local_2025,__main__,council_smd,gd,ქართული ოცნება,,2201,,,,ვასილ,ხახულაშვილი,ვასილ ხახულაშვილი,,,local_2025.yml
local_2025,__main__,council_smd,strong_georgia,ძლიერი საქართველო,,2202,,,,ანა,საფაროვა,ანა საფაროვა,,,local_2025.yml
local_2025,__main__,council_smd,gd,ქართული ოცნება,,2202,,,,ტარიელ,მამედოვი,ტარიელ მამედოვი,,,local_2025.yml
local_2025,__main__,council_smd,strong_georgia,ძლიერი საქართველო,,2203,,,,ელნურ,ნაბიევი,ელნურ ნაბიევი,,,local_2025.yml
local_2025,__main__,council_smd,gd,ქართული ოცნება,,2203,,,,ანარ,პირიევი,ანარ პირიევი,,,local_2025.yml
local_2025,__main__,council_smd,gd,ქართული ოცნება,,2204,,,,ლევონ,აკოპიანი,ლევონ აკოპიანი,,,local_2025.yml
local_2025,__main__,council_smd,strong_georgia,ძლიერი საქართველო,,2205,,,,ნამიგ,ბაირამოვი,ნამიგ ბაირამოვი,,,local_2025.yml
local_2025,__main__,council_smd,gd,ქართული ოცნება,,2205,,,,მახირ,ბაირამოვი,მახირ ბაირამოვი,,,local_2025.yml
local_2025,__main__,council_smd,strong_georgia,ძლიერი საქართველო,,2206,,,,ფარილ,აგაჯანოვი,ფარილ აგაჯანოვი,,,local_2025.yml
local_2025,__main__,council_smd,gd,ქართული ოცნება,,2206,,,,გურგენ,გოგიანი,გურგენ გოგიანი,,,local_2025.yml
local_2025,__main__,council_smd,strong_georgia,ძლიერი საქართველო,,2207,,,,ნიზამი,მამედოვი,ნიზამი მამედოვი,,,local_2025.yml
local_2025,__main__,council_smd,gd,ქართული ოცნება,,2207,,,,ადილ,გურბანოვი,ადილ გურბანოვი,,,local_2025.yml
local_2025,__main__,council_smd,conservatives_geo,კონსერვატორები საქართველოსთვის,,2208,,,,ჯონი,ქოჩქიანი,ჯონი ქოჩქიანი,,,local_2025.yml
local_2025,__main__,council_smd,strong_georgia,ძლიერი საქართველო,,2208,,,,ეკატერინე,ფარეხელაშვილი,ეკატერინე ფარეხელაშვილი,,,local_2025.yml
local_2025,__main__,council_smd,gd,ქართული ოცნება,,2208,,,,დიმიტრი,აბრამიშვილი,დიმიტრი აბრამიშვილი,,,local_2025.yml
local_2025,__main__,council_smd,strong_georgia,ძლიერი საქართველო,,2209,,,,ჯეიხუნ,ახმედოვი,ჯეიხუნ ახმედოვი,,,local_2025.yml
local_2025,__main__,council_smd,gd,ქართული ოცნება,,2209,,,,ბუნიატ,ტუკანოვი,ბუნიატ ტუკანოვი,,,local_2025.yml
local_2025,__main__,council_smd,strong_georgia,ძლიერი საქართველო,,2210,,,,ზურაბი,სხირტლაძე,ზურაბი სხირტლაძე,,,local_2025.yml
local_2025,__main__,council_smd,gd,ქართული ოცნება,,2210,,,,მარინა,მაჭარაშვილი,მარინა მაჭარაშვილი,,,local_2025.yml
local_2025,__main__,council_smd,gd,ქართული ოცნება,,2211,,,,ალექსანდრე,ურუმოვი,ალექსანდრე ურუმოვი,,,local_2025.yml
local_2025,__main__,council_smd,strong_georgia,ძლიერი საქართველო,,2212,,,,ადილხან,ნაიბოვი,ადილხან ნაიბოვი,,,local_2025.yml
local_2025,__main__,council_smd,gd,ქართული ოცნება,,2212,,,,აიაზ,ხუდიევი,აიაზ ხუდიევი,,,local_2025.yml
local_2025,__main__,council_smd,strong_georgia,ძლიერი საქართველო,,2213,,,,გიულმამედ,კასუმოვი,გიულმამედ კასუმოვი,,,local_2025.yml
local_2025,__main__,council_smd,gd,ქართული ოცნება,,2213,,,,ნაზილა,მუსტაფაევა,ნაზილა მუსტაფაევა,,,local_2025.yml
local_2025,__main__,council_smd,strong_georgia,ძლიერი საქართველო,,2214,,,,შამილ,ხალილოვი,შამილ ხალილოვი,,,local_2025.yml
local_2025,__main__,council_smd,gd,ქართული ოცნება,,2214,,,,ომარი,ირიშოვი,ომარი ირიშოვი,,,local_2025.yml
local_2025,__main__,council_smd,strong_georgia,ძლიერი საქართველო,,2215,,,,ბახდიიარ,გუმბატოვი,ბახდიიარ გუმბატოვი,,,local_2025.yml
local_2025,__main__,council_smd,gd,ქართული ოცნება,,2215,,,,მახარატ,ალახვერდიევი,მახარატ ალახვერდიევი,,,local_2025.yml
local_2025,__main__,council_smd,strong_georgia,ძლიერი საქართველო,,2216,,,,კარა,ორუჯევი,კარა ორუჯევი,,,local_2025.yml
local_2025,__main__,council_smd,gd,ქართული ოცნება,,2216,,,,ჯეიხუნ,ჩოიდაროვი,ჯეიხუნ ჩოიდაროვი,,,local_2025.yml
local_2025,__main__,council_smd,strong_georgia,ძლიერი საქართველო,,2217,,,,გუმბატ,ჯალილოვი,გუმბატ ჯალილოვი,,,local_2025.yml
local_2025,__main__,council_smd,gd,ქართული ოცნება,,2217,,,,ხაგანი,ოსმანოვი,ხაგანი ოსმანოვი,,,local_2025.yml
local_2025,__main__,council_smd,strong_georgia,ძლიერი საქართველო,,2218,,,,ჯეიხუნ,კარაევი,ჯეიხუნ კარაევი,,,local_2025.yml
local_2025,__main__,council_smd,gd,ქართული ოცნება,,2218,,,,ტალეხ,ბინნატოვი,ტალეხ ბინნატოვი,,,local_2025.yml
local_2025,__main__,council_smd,strong_georgia,ძლიერი საქართველო,,2219,,,,შოთა,ხორბალაძე,შოთა ხორბალაძე,,,local_2025.yml
local_2025,__main__,council_smd,gd,ქართული ოცნება,,2219,,,,ვანო,ბურნაძე,ვანო ბურნაძე,,,local_2025.yml
local_2025,__main__,council_smd,gd,ქართული ოცნება,,2220,,,,არსენ,ახვერდიანი,არსენ ახვერდიანი,,,local_2025.yml
local_2025,__main__,council_smd,gd,ქართული ოცნება,,2301,,,,დავით,ჯაფარიძე,დავით ჯაფარიძე,,,local_2025.yml
local_2025,__main__,council_smd,gd,ქართული ოცნება,,2302,,,,თეიმურაზ,ჯოხაძე,თეიმურაზ ჯოხაძე,,,local_2025.yml
local_2025,__main__,council_smd,strong_georgia,ძლიერი საქართველო,,2303,,,,ნურადდინ,ნაბიევი,ნურადდინ ნაბიევი,,,local_2025.yml
local_2025,__main__,council_smd,gd,ქართული ოცნება,,2303,,,,მამედ,გუსეინოვი,მამედ გუსეინოვი,,,local_2025.yml
local_2025,__main__,council_smd,gd,ქართული ოცნება,,2304,,,,ზვიად,ჯაყელი,ზვიად ჯაყელი,,,local_2025.yml
local_2025,__main__,council_smd,gd,ქართული ოცნება,,2305,,,,ფარუხ,სარიევი,ფარუხ სარიევი,,,local_2025.yml
local_2025,__main__,council_smd,gd,ქართული ოცნება,,2306,,,,ლევონ,მანუკიანი,ლევონ მანუკიანი,,,local_2025.yml
local_2025,__main__,council_smd,strong_georgia,ძლიერი საქართველო,,2307,,,,ფარიდ,ახმედოვი,ფარიდ ახმედოვი,,,local_2025.yml
local_2025,__main__,council_smd,gd,ქართული ოცნება,,2307,,,,მურმან,ნაბიევი,მურმან ნაბიევი,,,local_2025.yml
local_2025,__main__,council_smd,strong_georgia,ძლიერი საქართველო,,2308,,,,იასამან,გაჯიევა,იასამან გაჯიევა,,,local_2025.yml
local_2025,__main__,council_smd,gd,ქართული ოცნება,,2308,,,,რასულ,ბახტიაროვი,რასულ ბახტიაროვი,,,local_2025.yml
local_2025,__main__,council_smd,strong_georgia,ძლიერი საქართველო,,2309,,,,შამამა,გასანოვა,შამამა გასანოვა,,,local_2025.yml
local_2025,__main__,council_smd,gd,ქართული ოცნება,,2309,,,,ვუგარ,ისაევი,ვუგარ ისაევი,,,local_2025.yml
local_2025,__main__,council_smd,strong_georgia,ძლიერი საქართველო,,2310,,,,ელმადინ,კურბანოვი,ელმადინ კურბანოვი,,,local_2025.yml
local_2025,__main__,council_smd,gd,ქართული ოცნება,,2310,,,,გიორგი,ლომიძე,გიორგი ლომიძე,,,local_2025.yml
local_2025,__main__,council_smd,strong_georgia,ძლიერი საქართველო,,2311,,,,ფამილ,აბდულაევი,ფამილ აბდულაევი,,,local_2025.yml
local_2025,__main__,council_smd,gd,ქართული ოცნება,,2311,,,,ალექსანდრე,რეხვიაშვილი,ალექსანდრე რეხვიაშვილი,,,local_2025.yml
local_2025,__main__,council_smd,strong_georgia,ძლიერი საქართველო,,2312,,,,ფაგან,გუსეინოვი,ფაგან გუსეინოვი,,,local_2025.yml
local_2025,__main__,council_smd,gd,ქართული ოცნება,,2312,,,,დოსტუ,აშიროვი,დოსტუ აშიროვი,,,local_2025.yml
local_2025,__main__,council_smd,gd,ქართული ოცნება,,2313,,,,შერმანდინ,დადვანი,შერმანდინ დადვანი,,,local_2025.yml
local_2025,__main__,council_smd,gd,ქართული ოცნება,,2314,,,,არაზ,ბაირამოვი,არაზ ბაირამოვი,,,local_2025.yml
local_2025,__main__,council_smd,gd,ქართული ოცნება,,2315,,,,ლაშა,ურუმაშვილი,ლაშა ურუმაშვილი,,,local_2025.yml
local_2025,__main__,council_smd,strong_georgia,ძლიერი საქართველო,,2401,,,,ალექსანდრე,ნონიაშვილი,ალექსანდრე ნონიაშვილი,,,local_2025.yml
local_2025,__main__,council_smd,gd,ქართული ოცნება,,2401,,,,ოლეგი,გოშუანი,ოლეგი გოშუანი,,,local_2025.yml
local_2025,__main__,council_smd,gd,ქართული ოცნება,,2402,,,,ემილ,იბრაგიმოვი,ემილ იბრაგიმოვი,,,local_2025.yml
local_2025,__main__,council_smd,gd,ქართული ოცნება,,2403,,,,სოფიო,ასლამაზაშვილი,სოფიო ასლამაზაშვილი,,,local_2025.yml
local_2025,__main__,council_smd,strong_georgia,ძლიერი საქართველო,,2404,,,,ლიანა,ჭელიძე,ლიანა ჭელიძე,,,local_2025.yml
local_2025,__main__,council_smd,gd,ქართული ოცნება,,2404,,,,ირაკლი,მუჯირიშვილი,ირაკლი მუჯირიშვილი,,,local_2025.yml
local_2025,__main__,council_smd,gd,ქართული ოცნება,,2405,,,,ნოდარი,ადუაშვილი,ნოდარი ადუაშვილი,,,local_2025.yml
local_2025,__main__,council_smd,gd,ქართული ოცნება,,2406,,,,შოთა,აკობაშვილი,შოთა აკობაშვილი,,,local_2025.yml
local_2025,__main__,council_smd,gd,ქართული ოცნება,,2407,,,,აიდინ,შარიფოვი,აიდინ შარიფოვი,,,local_2025.yml
local_2025,__main__,council_smd,strong_georgia,ძლიერი საქართველო,,2408,,,,ალიბაი,გასანოვი,ალიბაი გასანოვი,,,local_2025.yml
local_2025,__main__,council_smd,gd,ქართული ოცნება,,2408,,,,შაქირ,ჩერპანოვი,შაქირ ჩერპანოვი,,,local_2025.yml
local_2025,__main__,council_smd,strong_georgia,ძლიერი საქართველო,,2409,,,,ნაზაბათ,ისმაილოვი,ნაზაბათ ისმაილოვი,,,local_2025.yml
local_2025,__main__,council_smd,gd,ქართული ოცნება,,2409,,,,ნატიგ,ოვჩიევი,ნატიგ ოვჩიევი,,,local_2025.yml
local_2025,__main__,council_smd,strong_georgia,ძლიერი საქართველო,,2410,,,,დურსუნ,მურსაგულოვი,დურსუნ მურსაგულოვი,,,local_2025.yml
local_2025,__main__,council_smd,gd,ქართული ოცნება,,2410,,,,აზერ,ალიევი,აზერ ალიევი,,,local_2025.yml
local_2025,__main__,council_smd,gd,ქართული ოცნება,,2411,,,,შალვა,ღამბარაშვილი,შალვა ღამბარაშვილი,,,local_2025.yml
local_2025,__main__,council_smd,gd,ქართული ოცნება,,2412,,,,დავით,დაუთაშვილი,დავით დაუთაშვილი,,,local_2025.yml
local_2025,__main__,council_smd,gd,ქართული ოცნება,,2413,,,,ილია,სარსევანიძე,ილია სარსევანიძე,,,local_2025.yml
local_2025,__main__,council_smd,gd,ქართული ოცნება,,2414,,,,რამიზ,რამაზანოვი,რამიზ რამაზანოვი,,,local_2025.yml
local_2025,__main__,council_smd,gd,ქართული ოცნება,,2415,,,,გამლეტ,ისმაილოვი,გამლეტ ისმაილოვი,,,local_2025.yml
local_2025,__main__,council_smd,strong_georgia,ძლიერი საქართველო,,2416,,,,რასიფ,გუსეინოვი,რასიფ გუსეინოვი,,,local_2025.yml
local_2025,__main__,council_smd,gd,ქართული ოცნება,,2416,,,,ქამრან,მამედოვი,ქამრან მამედოვი,,,local_2025.yml
local_2025,__main__,council_smd,gakharia,გახარია საქართველოსთვის,,2501,,,,კონსტანტინე,გაბულდანი,კონსტანტინე გაბულდანი,,,local_2025.yml
local_2025,__main__,council_smd,gd,ქართული ოცნება,,2501,,,,ჯემალ,დეკანაძე,ჯემალ დეკანაძე,,,local_2025.yml
local_2025,__main__,council_smd,gakharia,გახარია საქართველოსთვის,,2502,,,,დავით,უფლისაშვილი,დავით უფლისაშვილი,,,local_2025.yml
local_2025,__main__,council_smd,gd,ქართული ოცნება,,2502,,,,ავთანდილ,ვანაძე,ავთანდილ ვანაძე,,,local_2025.yml
local_2025,__main__,council_smd,gd,ქართული ოცნება,,2503,,,,გიორგი,ვაშაყმაძე,გიორგი ვაშაყმაძე,,,local_2025.yml
local_2025,__main__,council_smd,gd,ქართული ოცნება,,2504,,,,როლანდ,კახაძე,როლანდ კახაძე,,,local_2025.yml
local_2025,__main__,council_smd,gd,ქართული ოცნება,,2505,,,,ლევონ,მარკოსიან,ლევონ მარკოსიან,,,local_2025.yml
local_2025,__main__,council_smd,strong_georgia,ძლიერი საქართველო,,2506,,,,როვშან,ლაზგიევ,როვშან ლაზგიევ,,,local_2025.yml
local_2025,__main__,council_smd,gd,ქართული ოცნება,,2506,,,,ფაიგ,დანაჩიევი,ფაიგ დანაჩიევი,,,local_2025.yml
local_2025,__main__,council_smd,independent,დამოუკიდებელი,,2506,,,,იასინ,ალაგეზოვი,იასინ ალაგეზოვი,,,local_2025.yml
local_2025,__main__,council_smd,gd,ქართული ოცნება,,2507,,,,გია,ვაშაყმაძე,გია ვაშაყმაძე,,,local_2025.yml
local_2025,__main__,council_smd,gd,ქართული ოცნება,,2508,,,,გოჩა,ხაჩატურიან,გოჩა ხაჩატურიან,,,local_2025.yml
local_2025,__main__,council_smd,strong_georgia,ძლიერი საქართველო,,2509,,,,მერაბი,კვანჭიანი,მერაბი კვანჭიანი,,,local_2025.yml
local_2025,__main__,council_smd,gd,ქართული ოცნება,,2509,,,,რამაზი,ხინიკაძე,რამაზი ხინიკაძე,,,local_2025.yml
local_2025,__main__,council_smd,gd,ქართული ოცნება,,2510,,,,გია,მარკოიძე,გია მარკოიძე,,,local_2025.yml
local_2025,__main__,council_smd,gd,ქართული ოცნება,,2511,,,,ტატევოს,ტოროსიან,ტატევოს ტოროსიან,,,local_2025.yml
local_2025,__main__,council_smd,gd,ქართული ოცნება,,2512,,,,მარადი,კახაძე,მარადი კახაძე,,,local_2025.yml
local_2025,__main__,council_smd,gd,ქართული ოცნება,,2513,,,,ლერი,ფირცხელიანი,ლერი ფირცხელიანი,,,local_2025.yml
local_2025,__main__,council_smd,gd,ქართული ოცნება,,2514,,,,ლაერტ,ტოროსიან,ლაერტ ტოროსიან,,,local_2025.yml
local_2025,__main__,council_smd,gd,ქართული ოცნება,,2515,,,,ედუარდ,სტეპანიან,ედუარდ სტეპანიან,,,local_2025.yml
local_2025,__main__,council_smd,gd,ქართული ოცნება,,2516,,,,ალექსანდრე,შავაძე,ალექსანდრე შავაძე,,,local_2025.yml
local_2025,__main__,council_smd,gd,ქართული ოცნება,,2517,,,,რამინ,ალახვერდოვი,რამინ ალახვერდოვი,,,local_2025.yml
local_2025,__main__,council_smd,gd,ქართული ოცნება,,2518,,,,ჯუმბერ,მგელაძე,ჯუმბერ მგელაძე,,,local_2025.yml
local_2025,__main__,council_smd,gd,ქართული ოცნება,,2519,,,,ხაჩატურ,მაზმანიან,ხაჩატურ მაზმანიან,,,local_2025.yml
local_2025,__main__,council_smd,gd,ქართული ოცნება,,2520,,,,რადიკ,სარკისიან,რადიკ სარკისიან,,,local_2025.yml
local_2025,__main__,council_smd,strong_georgia,ძლიერი საქართველო,,2521,,,,ხოსროვ,ვარტერესიან,ხოსროვ ვარტერესიან,,,local_2025.yml
local_2025,__main__,council_smd,gd,ქართული ოცნება,,2521,,,,სარკის,გინოსიან,სარკის გინოსიან,,,local_2025.yml
local_2025,__main__,council_smd,gd,ქართული ოცნება,,2522,,,,ანტარამ,მელტონიან,ანტარამ მელტონიან,,,local_2025.yml
local_2025,__main__,council_smd,strong_georgia,ძლიერი საქართველო,,2523,,,,ზვიადი,ხორგუანი,ზვიადი ხორგუანი,,,local_2025.yml
local_2025,__main__,council_smd,gd,ქართული ოცნება,,2523,,,,დავით,კვარაცხელია,დავით კვარაცხელია,,,local_2025.yml
local_2025,__main__,council_smd,gd,ქართული ოცნება,,2524,,,,რუბენ,ანესიან,რუბენ ანესიან,,,local_2025.yml
local_2025,__main__,council_smd,gd,ქართული ოცნება,,2525,,,,დიმიტრი,ვახტანგიშვილი,დიმიტრი ვახტანგიშვილი,,,local_2025.yml
local_2025,__main__,council_smd,strong_georgia,ძლიერი საქართველო,,2526,,,,ავთანდილ,ირემაძე,ავთანდილ ირემაძე,,,local_2025.yml
local_2025,__main__,council_smd,gd,ქართული ოცნება,,2526,,,,ზვიად,ვანაძე,ზვიად ვანაძე,,,local_2025.yml
local_2025,__main__,council_smd,gd,ქართული ოცნება,,2527,,,,ნუნე,გალუსტიან,ნუნე გალუსტიან,,,local_2025.yml
local_2025,__main__,council_smd,independent,დამოუკიდებელი,,2527,,,,სარკის,ოგანესიან,სარკის ოგანესიან,,,local_2025.yml
local_2025,__main__,council_smd,gd,ქართული ოცნება,,2528,,,,ემილ,ხაჩატურიან,ემილ ხაჩატურიან,,,local_2025.yml
local_2025,__main__,council_smd,gd,ქართული ოცნება,,2529,,,,ლერიკ,დელიანოვ,ლერიკ დელიანოვ,,,local_2025.yml
local_2025,__main__,council_smd,gakharia,გახარია საქართველოსთვის,,2530,,,,ჯამბულ,ჯიმშერაძე,ჯამბულ ჯიმშერაძე,,,local_2025.yml
local_2025,__main__,council_smd,gd,ქართული ოცნება,,2530,,,,უშანგი,ბოლქვაძე,უშანგი ბოლქვაძე,,,local_2025.yml
local_2025,__main__,council_smd,strong_georgia,ძლიერი საქართველო,,2601,,,,ვასილი,ბექაური,ვასილი ბექაური,,,local_2025.yml
local_2025,__main__,council_smd,gd,ქართული ოცნება,,2601,,,,ნიკო,ხაბულიანი,ნიკო ხაბულიანი,,,local_2025.yml
local_2025,__main__,council_smd,gd,ქართული ოცნება,,2602,,,,ლევან,წიკლაური,ლევან წიკლაური,,,local_2025.yml
local_2025,__main__,council_smd,conservatives_geo,კონსერვატორები საქართველოსთვის,,2603,,,,თამაზი,თეგაძე,თამაზი თეგაძე,,,local_2025.yml
local_2025,__main__,council_smd,strong_georgia,ძლიერი საქართველო,,2603,,,,გიორგი,ჭელიძე,გიორგი ჭელიძე,,,local_2025.yml
local_2025,__main__,council_smd,gd,ქართული ოცნება,,2603,,,,თინა,აღდგომელაშვილი,თინა აღდგომელაშვილი,,,local_2025.yml
local_2025,__main__,council_smd,conservatives_geo,კონსერვატორები საქართველოსთვის,,2604,,,,გენადი,ჭკადუა,გენადი ჭკადუა,,,local_2025.yml
local_2025,__main__,council_smd,gd,ქართული ოცნება,,2604,,,,გიორგი,აფრასიძე,გიორგი აფრასიძე,,,local_2025.yml
local_2025,__main__,council_smd,gd,ქართული ოცნება,,2605,,,,სიმონი,წიკლაური,სიმონი წიკლაური,,,local_2025.yml
local_2025,__main__,council_smd,gd,ქართული ოცნება,,2606,,,,სოლომონი,სომხიშვილი,სოლომონი სომხიშვილი,,,local_2025.yml
local_2025,__main__,council_smd,gd,ქართული ოცნება,,2607,,,,ნანა,ონიანი,ნანა ონიანი,,,local_2025.yml
local_2025,__main__,council_smd,strong_georgia,ძლიერი საქართველო,,2608,,,,ემმა,საგრადოვა,ემმა საგრადოვა,,,local_2025.yml
local_2025,__main__,council_smd,gd,ქართული ოცნება,,2608,,,,ანდრანიკ,საგრადიანი,ანდრანიკ საგრადიანი,,,local_2025.yml
local_2025,__main__,council_smd,gd,ქართული ოცნება,,2609,,,,სვეტლანა,ჯირაშვილი,სვეტლანა ჯირაშვილი,,,local_2025.yml
local_2025,__main__,council_smd,gd,ქართული ოცნება,,2610,,,,ვაჟა,ნადირაძე,ვაჟა ნადირაძე,,,local_2025.yml
local_2025,__main__,council_smd,gd,ქართული ოცნება,,2611,,,,ამირანი,ჩეგიანი,ამირანი ჩეგიანი,,,local_2025.yml
local_2025,__main__,council_smd,gd,ქართული ოცნება,,2612,,,,პაატა,ჭალიძე,პაატა ჭალიძე,,,local_2025.yml
local_2025,__main__,council_smd,strong_georgia,ძლიერი საქართველო,,2613,,,,ხატია,ბერიშვილი,ხატია ბერიშვილი,,,local_2025.yml
local_2025,__main__,council_smd,gd,ქართული ოცნება,,2613,,,,მერაბი,ღაღეთაშვილი,მერაბი ღაღეთაშვილი,,,local_2025.yml
local_2025,__main__,council_smd,gd,ქართული ოცნება,,2614,,,,გიორგი,ფიჩხულაშვილი,გიორგი ფიჩხულაშვილი,,,local_2025.yml
local_2025,__main__,council_smd,gd,ქართული ოცნება,,2615,,,,რომანი,ქავთარაძე,რომანი ქავთარაძე,,,local_2025.yml
local_2025,__main__,council_smd,strong_georgia,ძლიერი საქართველო,,2616,,,,ვაჟა,გაბიდაური,ვაჟა გაბიდაური,,,local_2025.yml
local_2025,__main__,council_smd,gd,ქართული ოცნება,,2616,,,,ცისნამი,აზრუმელაშვილი,ცისნამი აზრუმელაშვილი,,,local_2025.yml
local_2025,__main__,council_smd,gd,ქართული ოცნება,,2617,,,,გიორგი,დავითაშვილი,გიორგი დავითაშვილი,,,local_2025.yml
local_2025,__main__,council_smd,conservatives_geo,კონსერვატორები საქართველოსთვის,,2618,,,,ელგუჯა,გერლიანი,ელგუჯა გერლიანი,,,local_2025.yml
local_2025,__main__,council_smd,gd,ქართული ოცნება,,2618,,,,ანზორ,ღორჯომელაძე,ანზორ ღორჯომელაძე,,,local_2025.yml
local_2025,__main__,council_smd,gd,ქართული ოცნება,,2619,,,,ლევან,ფანგანი,ლევან ფანგანი,,,local_2025.yml
local_2025,__main__,council_smd,gd,ქართული ოცნება,,2620,,,,ოთარი,ლონდარიძე,ოთარი ლონდარიძე,,,local_2025.yml
local_2025,__main__,council_smd,conservatives_geo,კონსერვატორები საქართველოსთვის,,2701,,,,ლაშა,შარუხია,ლაშა შარუხია,,,local_2025.yml
local_2025,__main__,council_smd,gakharia,გახარია საქართველოსთვის,,2701,,,,ანა,წოწორია,ანა წოწორია,,,local_2025.yml
local_2025,__main__,council_smd,gd,ქართული ოცნება,,2701,,,,გიორგი,ელოშვილი,გიორგი ელოშვილი,,,local_2025.yml
local_2025,__main__,council_smd,conservatives_geo,კონსერვატორები საქართველოსთვის,,2702,,,,თინათინი,თინიკაშვილი,თინათინი თინიკაშვილი,,,local_2025.yml
local_2025,__main__,council_smd,strong_georgia,ძლიერი საქართველო,,2702,,,,შალვა,მელქაძე,შალვა მელქაძე,,,local_2025.yml
local_2025,__main__,council_smd,gd,ქართული ოცნება,,2702,,,,კახაბერ,გაბრელიანი,კახაბერ გაბრელიანი,,,local_2025.yml
local_2025,__main__,council_smd,gd,ქართული ოცნება,,2703,,,,გიორგი,კვახაძე,გიორგი კვახაძე,,,local_2025.yml
local_2025,__main__,council_smd,strong_georgia,ძლიერი საქართველო,,2704,,,,გიორგი,ხუტაშვილი,გიორგი ხუტაშვილი,,,local_2025.yml
local_2025,__main__,council_smd,gd,ქართული ოცნება,,2704,,,,გიორგი,ჯიქია,გიორგი ჯიქია,,,local_2025.yml
local_2025,__main__,council_smd,gd,ქართული ოცნება,,2705,,,,გიორგი,მაკარაშვილი,გიორგი მაკარაშვილი,,,local_2025.yml
local_2025,__main__,council_smd,gd,ქართული ოცნება,,2706,,,,გელა,ბაქრაძე,გელა ბაქრაძე,,,local_2025.yml
local_2025,__main__,council_smd,gd,ქართული ოცნება,,2707,,,,ზაქარია,ლოხიშვილი,ზაქარია ლოხიშვილი,,,local_2025.yml
local_2025,__main__,council_smd,gd,ქართული ოცნება,,2708,,,,თევდორე,კახუაშვილი,თევდორე კახუაშვილი,,,local_2025.yml
local_2025,__main__,council_smd,conservatives_geo,კონსერვატორები საქართველოსთვის,,2709,,,,ზურაბ,ბუჩუკური,ზურაბ ბუჩუკური,,,local_2025.yml
local_2025,__main__,council_smd,strong_georgia,ძლიერი საქართველო,,2709,,,,დავით,ნადირაშვილი,დავით ნადირაშვილი,,,local_2025.yml
local_2025,__main__,council_smd,gd,ქართული ოცნება,,2709,,,,გიორგი,კუპრაშვილი,გიორგი კუპრაშვილი,,,local_2025.yml
local_2025,__main__,council_smd,conservatives_geo,კონსერვატორები საქართველოსთვის,,2710,,,,ზაქარია,მელაძე,ზაქარია მელაძე,,,local_2025.yml
local_2025,__main__,council_smd,gd,ქართული ოცნება,,2710,,,,ჯონი,ბაშარული,ჯონი ბაშარული,,,local_2025.yml
local_2025,__main__,council_smd,conservatives_geo,კონსერვატორები საქართველოსთვის,,2711,,,,მზია,ბეკურაშვილი,მზია ბეკურაშვილი,,,local_2025.yml
local_2025,__main__,council_smd,gd,ქართული ოცნება,,2711,,,,ალექსანდრე,ორუჯაშვილი,ალექსანდრე ორუჯაშვილი,,,local_2025.yml
local_2025,__main__,council_smd,gd,ქართული ოცნება,,2712,,,,ჯონდო,მუზაშვილი,ჯონდო მუზაშვილი,,,local_2025.yml
local_2025,__main__,council_smd,gd,ქართული ოცნება,,2713,,,,ხვიჩა,გოდერძაული,ხვიჩა გოდერძაული,,,local_2025.yml
local_2025,__main__,council_smd,gd,ქართული ოცნება,,2714,,,,მალხაზი,ქართველიშვილი,მალხაზი ქართველიშვილი,,,local_2025.yml
local_2025,__main__,council_smd,strong_georgia,ძლიერი საქართველო,,2801,,,,ლია,როინიშვილი,ლია როინიშვილი,,,local_2025.yml
local_2025,__main__,council_smd,gd,ქართული ოცნება,,2801,,,,გიორგი,ასლამაზიშვილი,გიორგი ასლამაზიშვილი,,,local_2025.yml
local_2025,__main__,council_smd,conservatives_geo,კონსერვატორები საქართველოსთვის,,2802,,,,მარინე,ლაფანაშვილი,მარინე ლაფანაშვილი,,,local_2025.yml
local_2025,__main__,council_smd,gakharia,გახარია საქართველოსთვის,,2802,,,,თენგიზ,ჟამუტაშვილი,თენგიზ ჟამუტაშვილი,,,local_2025.yml
local_2025,__main__,council_smd,gd,ქართული ოცნება,,2802,,,,თამარი,მეზვრიშვილი,თამარი მეზვრიშვილი,,,local_2025.yml
local_2025,__main__,council_smd,gd,ქართული ოცნება,,2803,,,,ზაზა,უნდილაშვილი,ზაზა უნდილაშვილი,,,local_2025.yml
local_2025,__main__,council_smd,strong_georgia,ძლიერი საქართველო,,2804,,,,ზურაბ,ჩიტაური,ზურაბ ჩიტაური,,,local_2025.yml
local_2025,__main__,council_smd,gd,ქართული ოცნება,,2804,,,,გივი,ზურაბაშვილი,გივი ზურაბაშვილი,,,local_2025.yml
local_2025,__main__,council_smd,conservatives_geo,კონსერვატორები საქართველოსთვის,,2805,,,,გოჩა,სამხარაძე,გოჩა სამხარაძე,,,local_2025.yml
local_2025,__main__,council_smd,gakharia,გახარია საქართველოსთვის,,2805,,,,თამარ,არაბული,თამარ არაბული,,,local_2025.yml
local_2025,__main__,council_smd,gd,ქართული ოცნება,,2805,,,,ვაჟა,მაჭავარიანი,ვაჟა მაჭავარიანი,,,local_2025.yml
local_2025,__main__,council_smd,conservatives_geo,კონსერვატორები საქართველოსთვის,,2806,,,,კობა,ჭინჭარაშვილი,კობა ჭინჭარაშვილი,,,local_2025.yml
local_2025,__main__,council_smd,gakharia,გახარია საქართველოსთვის,,2806,,,,ირმა,ღოღობერიძე,ირმა ღოღობერიძე,,,local_2025.yml
local_2025,__main__,council_smd,gd,ქართული ოცნება,,2806,,,,ნუკრი,უნდილაშვილი,ნუკრი უნდილაშვილი,,,local_2025.yml
local_2025,__main__,council_smd,gd,ქართული ოცნება,,2807,,,,როინ,პეტრიაშვილი,როინ პეტრიაშვილი,,,local_2025.yml
local_2025,__main__,council_smd,conservatives_geo,კონსერვატორები საქართველოსთვის,,2808,,,,ლალი,მაისურაძე,ლალი მაისურაძე,,,local_2025.yml
local_2025,__main__,council_smd,gd,ქართული ოცნება,,2808,,,,ნელი,ბექაური,ნელი ბექაური,,,local_2025.yml
local_2025,__main__,council_smd,conservatives_geo,კონსერვატორები საქართველოსთვის,,2809,,,,გიორგი,წიკლაური,გიორგი წიკლაური,,,local_2025.yml
local_2025,__main__,council_smd,gd,ქართული ოცნება,,2809,,,,ლევან,მწითური,ლევან მწითური,,,local_2025.yml
local_2025,__main__,council_smd,gd,ქართული ოცნება,,2810,,,,ხვიჩა,გოგოლაური,ხვიჩა გოგოლაური,,,local_2025.yml
local_2025,__main__,council_smd,gd,ქართული ოცნება,,2811,,,,ნიკო,ხუბაშვილი,ნიკო ხუბაშვილი,,,local_2025.yml
local_2025,__main__,council_smd,gd,ქართული ოცნება,,2812,,,,გოჩა,რაზიკაშვილი,გოჩა რაზიკაშვილი,,,local_2025.yml
local_2025,__main__,council_smd,conservatives_geo,კონსერვატორები საქართველოსთვის,,2813,,,,ნონა,კურტანიძე,ნონა კურტანიძე,,,local_2025.yml
local_2025,__main__,council_smd,gakharia,გახარია საქართველოსთვის,,2813,,,,თორნიკე,თათარაშვილი,თორნიკე თათარაშვილი,,,local_2025.yml
local_2025,__main__,council_smd,gd,ქართული ოცნება,,2813,,,,ქეთინო,კახურაშვილი,ქეთინო კახურაშვილი,,,local_2025.yml
local_2025,__main__,council_smd,gd,ქართული ოცნება,,2814,,,,მინდია,ჭინჭარაული,მინდია ჭინჭარაული,,,local_2025.yml
local_2025,__main__,council_smd,gd,ქართული ოცნება,,2815,,,,პავლე,ჩიტაური,პავლე ჩიტაური,,,local_2025.yml
local_2025,__main__,council_smd,conservatives_geo,კონსერვატორები საქართველოსთვის,,2816,,,,ფრიდონ,კბილცეცხლაშვილი,ფრიდონ კბილცეცხლაშვილი,,,local_2025.yml
local_2025,__main__,council_smd,strong_georgia,ძლიერი საქართველო,,2816,,,,გიორგი,ყაჭიური,გიორგი ყაჭიური,,,local_2025.yml
local_2025,__main__,council_smd,gd,ქართული ოცნება,,2816,,,,ნანი,თეთრუაშვილი,ნანი თეთრუაშვილი,,,local_2025.yml
local_2025,__main__,council_smd,independent,დამოუკიდებელი,,2816,,,,გიორგი,თანიაშვილი,გიორგი თანიაშვილი,,,local_2025.yml
local_2025,__main__,council_smd,strong_georgia,ძლიერი საქართველო,,2817,,,,გიორგი,გურაშვილი,გიორგი გურაშვილი,,,local_2025.yml
local_2025,__main__,council_smd,gd,ქართული ოცნება,,2817,,,,ალექსანდრე,ბუჩუკური,ალექსანდრე ბუჩუკური,,,local_2025.yml
local_2025,__main__,council_smd,conservatives_geo,კონსერვატორები საქართველოსთვის,,2818,,,,შალიკო,არაბული,შალიკო არაბული,,,local_2025.yml
local_2025,__main__,council_smd,gd,ქართული ოცნება,,2818,,,,ზურაბ,არაბული,ზურაბ არაბული,,,local_2025.yml
local_2025,__main__,council_smd,gd,ქართული ოცნება,,2819,,,,დავით,ცალუღელაშვილი,დავით ცალუღელაშვილი,,,local_2025.yml
local_2025,__main__,council_smd,conservatives_geo,კონსერვატორები საქართველოსთვის,,2901,,,,გიორგი,ღუდუშაური,გიორგი ღუდუშაური,,,local_2025.yml
local_2025,__main__,council_smd,gakharia,გახარია საქართველოსთვის,,2901,,,,მირიან,ქუშაშვილი,მირიან ქუშაშვილი,,,local_2025.yml
local_2025,__main__,council_smd,gd,ქართული ოცნება,,2901,,,,არჩილი,ალიბეგაშვილი,არჩილი ალიბეგაშვილი,,,local_2025.yml
local_2025,__main__,council_smd,conservatives_geo,კონსერვატორები საქართველოსთვის,,2902,,,,გიორგი,მარსაგიშვილი,გიორგი მარსაგიშვილი,,,local_2025.yml
local_2025,__main__,council_smd,gakharia,გახარია საქართველოსთვის,,2902,,,,დათო,ქერაშვილი,დათო ქერაშვილი,,,local_2025.yml
local_2025,__main__,council_smd,gd,ქართული ოცნება,,2902,,,,ბართლომე,პაპიაშვილი,ბართლომე პაპიაშვილი,,,local_2025.yml
local_2025,__main__,council_smd,strong_georgia,ძლიერი საქართველო,,2903,,,,ავთანდილი,ხულელიძე,ავთანდილი ხულელიძე,,,local_2025.yml
local_2025,__main__,council_smd,gd,ქართული ოცნება,,2903,,,,პაატა,ხულელიძე,პაატა ხულელიძე,,,local_2025.yml
local_2025,__main__,council_smd,conservatives_geo,კონსერვატორები საქართველოსთვის,,2904,,,,ლია,ჩქარეული,ლია ჩქარეული,,,local_2025.yml
local_2025,__main__,council_smd,gd,ქართული ოცნება,,2904,,,,ზურაბი,ზილინაშვილი,ზურაბი ზილინაშვილი,,,local_2025.yml
local_2025,__main__,council_smd,conservatives_geo,კონსერვატორები საქართველოსთვის,,2905,,,,გიორგი,ფიცხელაური,გიორგი ფიცხელაური,,,local_2025.yml
local_2025,__main__,council_smd,strong_georgia,ძლიერი საქართველო,,2905,,,,გიორგი,ხულელიძე,გიორგი ხულელიძე,,,local_2025.yml
local_2025,__main__,council_smd,gd,ქართული ოცნება,,2905,,,,დავითი,ავსაჯანიშვილი,დავითი ავსაჯანიშვილი,,,local_2025.yml
local_2025,__main__,council_smd,strong_georgia,ძლიერი საქართველო,,2906,,,,ლევანი,მარსაგიშვილი,ლევანი მარსაგიშვილი,,,local_2025.yml
local_2025,__main__,council_smd,gd,ქართული ოცნება,,2906,,,,ელგუჯა,ღუდუშაური,ელგუჯა ღუდუშაური,,,local_2025.yml
local_2025,__main__,council_smd,gd,ქართული ოცნება,,3001,,,,ოთარი,მერებაშვილი,ოთარი მერებაშვილი,,,local_2025.yml
local_2025,__main__,council_smd,gakharia,გახარია საქართველოსთვის,,3002,,,,ილია,მაჭარაშვილი,ილია მაჭარაშვილი,,,local_2025.yml
local_2025,__main__,council_smd,gd,ქართული ოცნება,,3002,,,,იოსებ,მიდელაშვილი,იოსებ მიდელაშვილი,,,local_2025.yml
local_2025,__main__,council_smd,strong_georgia,ძლიერი საქართველო,,3003,,,,ელზა,ბროლაძე,ელზა ბროლაძე,,,local_2025.yml
local_2025,__main__,council_smd,gakharia,გახარია საქართველოსთვის,,3003,,,,მარიამ,არზიანი,მარიამ არზიანი,,,local_2025.yml
local_2025,__main__,council_smd,gd,ქართული ოცნება,,3003,,,,ბექა,დაბრუნდაშვილი,ბექა დაბრუნდაშვილი,,,local_2025.yml
local_2025,__main__,council_smd,conservatives_geo,კონსერვატორები საქართველოსთვის,,3004,,,,ელგუჯა,ხოსიაური,ელგუჯა ხოსიაური,,,local_2025.yml
local_2025,__main__,council_smd,strong_georgia,ძლიერი საქართველო,,3004,,,,ერეკლე,ჩანქსელიანი,ერეკლე ჩანქსელიანი,,,local_2025.yml
local_2025,__main__,council_smd,gakharia,გახარია საქართველოსთვის,,3004,,,,ჯაბრაილ,ნორუზ ოღლი,ჯაბრაილ ნორუზ ოღლი,,,local_2025.yml
local_2025,__main__,council_smd,gd,ქართული ოცნება,,3004,,,,ქიტესა,ხოდელი,ქიტესა ხოდელი,,,local_2025.yml
local_2025,__main__,council_smd,gd,ქართული ოცნება,,3005,,,,გიორგი,დარბიაშვილი,გიორგი დარბიაშვილი,,,local_2025.yml
local_2025,__main__,council_smd,strong_georgia,ძლიერი საქართველო,,3006,,,,გიორგი,ხერკელაძე,გიორგი ხერკელაძე,,,local_2025.yml
local_2025,__main__,council_smd,gd,ქართული ოცნება,,3006,,,,რამინ,ჯანგიშერაშვილი,რამინ ჯანგიშერაშვილი,,,local_2025.yml
local_2025,__main__,council_smd,gd,ქართული ოცნება,,3007,,,,ალექსანდრე,ბიძინაშვილი,ალექსანდრე ბიძინაშვილი,,,local_2025.yml
local_2025,__main__,council_smd,gd,ქართული ოცნება,,3008,,,,შოთა,ბეგლარაშვილი,შოთა ბეგლარაშვილი,,,local_2025.yml
local_2025,__main__,council_smd,gd,ქართული ოცნება,,3009,,,,ამირან,იანვარაშვილი,ამირან იანვარაშვილი,,,local_2025.yml
local_2025,__main__,council_smd,gd,ქართული ოცნება,,3010,,,,იოსებ,დემეტრაშვილი,იოსებ დემეტრაშვილი,,,local_2025.yml
local_2025,__main__,council_smd,gd,ქართული ოცნება,,3011,,,,მაია,კაციაშვილი,მაია კაციაშვილი,,,local_2025.yml
local_2025,__main__,council_smd,conservatives_geo,კონსერვატორები საქართველოსთვის,,3012,,,,გივი,ბულბულაშვილი,გივი ბულბულაშვილი,,,local_2025.yml
local_2025,__main__,council_smd,gd,ქართული ოცნება,,3012,,,,ნუკრი,მიდელაშვილი,ნუკრი მიდელაშვილი,,,local_2025.yml
local_2025,__main__,council_smd,conservatives_geo,კონსერვატორები საქართველოსთვის,,3013,,,,დავითი,ქენქაძე,დავითი ქენქაძე,,,local_2025.yml
local_2025,__main__,council_smd,strong_georgia,ძლიერი საქართველო,,3013,,,,სოფიო,ხერკელაძე,სოფიო ხერკელაძე,,,local_2025.yml
local_2025,__main__,council_smd,gakharia,გახარია საქართველოსთვის,,3013,,,,გიორგი,ონიაშვილი,გიორგი ონიაშვილი,,,local_2025.yml
local_2025,__main__,council_smd,gd,ქართული ოცნება,,3013,,,,გიორგი,ჭიხინაშვილი,გიორგი ჭიხინაშვილი,,,local_2025.yml
local_2025,__main__,council_smd,gd,ქართული ოცნება,,3014,,,,თამაზ,ტატანაშვილი,თამაზ ტატანაშვილი,,,local_2025.yml
local_2025,__main__,council_smd,gakharia,გახარია საქართველოსთვის,,3015,,,,მამუკა,გაფრინდაშვილი,მამუკა გაფრინდაშვილი,,,local_2025.yml
local_2025,__main__,council_smd,gd,ქართული ოცნება,,3015,,,,ლევანი,ხუციშვილი,ლევანი ხუციშვილი,,,local_2025.yml
local_2025,__main__,council_smd,gd,ქართული ოცნება,,3016,,,,შალვა,მცხვეთაძე,შალვა მცხვეთაძე,,,local_2025.yml
local_2025,__main__,council_smd,strong_georgia,ძლიერი საქართველო,,3017,,,,თეა,კალატოზი,თეა კალატოზი,,,local_2025.yml
local_2025,__main__,council_smd,gd,ქართული ოცნება,,3017,,,,გიგა,მესროფაშვილი,გიგა მესროფაშვილი,,,local_2025.yml
local_2025,__main__,council_smd,conservatives_geo,კონსერვატორები საქართველოსთვის,,3018,,,,ვლადიმერ,ლაცაბიძე,ვლადიმერ ლაცაბიძე,,,local_2025.yml
local_2025,__main__,council_smd,gd,ქართული ოცნება,,3018,,,,ოთარ,კახურაშვილი,ოთარ კახურაშვილი,,,local_2025.yml
local_2025,__main__,council_smd,gd,ქართული ოცნება,,3019,,,,შალვა,ედიშერაშვილი,შალვა ედიშერაშვილი,,,local_2025.yml
local_2025,__main__,council_smd,conservatives_geo,კონსერვატორები საქართველოსთვის,,3201,,,,ზვიად,ხორგუაშვილი,ზვიად ხორგუაშვილი,,,local_2025.yml
local_2025,__main__,council_smd,strong_georgia,ძლიერი საქართველო,,3201,,,,გელა,შარვაშიძე,გელა შარვაშიძე,,,local_2025.yml
local_2025,__main__,council_smd,gd,ქართული ოცნება,,3201,,,,ნიკა,გოგინაშვილი,ნიკა გოგინაშვილი,,,local_2025.yml
local_2025,__main__,council_smd,conservatives_geo,კონსერვატორები საქართველოსთვის,,3202,,,,ბონდო,გრძელიშვილი,ბონდო გრძელიშვილი,,,local_2025.yml
local_2025,__main__,council_smd,gakharia,გახარია საქართველოსთვის,,3202,,,,მერაბ,ჭანკოტაძე,მერაბ ჭანკოტაძე,,,local_2025.yml
local_2025,__main__,council_smd,gd,ქართული ოცნება,,3202,,,,დავით,კუპრაძე,დავით კუპრაძე,,,local_2025.yml
local_2025,__main__,council_smd,conservatives_geo,კონსერვატორები საქართველოსთვის,,3203,,,,იოსებ,გიუნაშვილი,იოსებ გიუნაშვილი,,,local_2025.yml
local_2025,__main__,council_smd,strong_georgia,ძლიერი საქართველო,,3203,,,,ვალენტინა,გნოლიძე,ვალენტინა გნოლიძე,,,local_2025.yml
local_2025,__main__,council_smd,gd,ქართული ოცნება,,3203,,,,ზაზა,მურანაშვილი,ზაზა მურანაშვილი,,,local_2025.yml
local_2025,__main__,council_smd,conservatives_geo,კონსერვატორები საქართველოსთვის,,3204,,,,გიორგი,ანიაშვილი,გიორგი ანიაშვილი,,,local_2025.yml
local_2025,__main__,council_smd,strong_georgia,ძლიერი საქართველო,,3204,,,,ირმა,მთიულიშვილი,ირმა მთიულიშვილი,,,local_2025.yml
local_2025,__main__,council_smd,gd,ქართული ოცნება,,3204,,,,ვასილ,ოსიშვილი,ვასილ ოსიშვილი,,,local_2025.yml
local_2025,__main__,council_smd,conservatives_geo,კონსერვატორები საქართველოსთვის,,3205,,,,დავით,ცაბაძე,დავით ცაბაძე,,,local_2025.yml
local_2025,__main__,council_smd,strong_georgia,ძლიერი საქართველო,,3205,,,,გოჩა,ბზიშვილი,გოჩა ბზიშვილი,,,local_2025.yml
local_2025,__main__,council_smd,gakharia,გახარია საქართველოსთვის,,3205,,,,მარიამ,მელაძე,მარიამ მელაძე,,,local_2025.yml
local_2025,__main__,council_smd,gd,ქართული ოცნება,,3205,,,,გიგა,გელაშვილი,გიგა გელაშვილი,,,local_2025.yml
local_2025,__main__,council_smd,conservatives_geo,კონსერვატორები საქართველოსთვის,,3206,,,,თამაზ,გოლოშვილი,თამაზ გოლოშვილი,,,local_2025.yml
local_2025,__main__,council_smd,gakharia,გახარია საქართველოსთვის,,3206,,,,შმაგი,ხუბულური,შმაგი ხუბულური,,,local_2025.yml
local_2025,__main__,council_smd,gd,ქართული ოცნება,,3206,,,,შოთა,ვანიშვილი,შოთა ვანიშვილი,,,local_2025.yml
local_2025,__main__,council_smd,conservatives_geo,კონსერვატორები საქართველოსთვის,,3207,,,,მამუკა,გოგიაშვილი,მამუკა გოგიაშვილი,,,local_2025.yml
local_2025,__main__,council_smd,gd,ქართული ოცნება,,3207,,,,გია,გოგიაშვილი,გია გოგიაშვილი,,,local_2025.yml
local_2025,__main__,council_smd,conservatives_geo,კონსერვატორები საქართველოსთვის,,3208,,,,ზვიად,ფალელაშვილი,ზვიად ფალელაშვილი,,,local_2025.yml
local_2025,__main__,council_smd,strong_georgia,ძლიერი საქართველო,,3208,,,,მაია,კოჭლამაზაშვილი,მაია კოჭლამაზაშვილი,,,local_2025.yml
local_2025,__main__,council_smd,gd,ქართული ოცნება,,3208,,,,გენო,შატბერაშვილი,გენო შატბერაშვილი,,,local_2025.yml
local_2025,__main__,council_smd,conservatives_geo,კონსერვატორები საქართველოსთვის,,3209,,,,სოსლან,ბიკოევ,სოსლან ბიკოევ,,,local_2025.yml
local_2025,__main__,council_smd,gakharia,გახარია საქართველოსთვის,,3209,,,,დავით,ბუჟღულაშვილი,დავით ბუჟღულაშვილი,,,local_2025.yml
local_2025,__main__,council_smd,gd,ქართული ოცნება,,3209,,,,გიორგი,ყველაშვილი,გიორგი ყველაშვილი,,,local_2025.yml
local_2025,__main__,council_smd,strong_georgia,ძლიერი საქართველო,,3210,,,,ზაქარია,ვატიტაძე,ზაქარია ვატიტაძე,,,local_2025.yml
local_2025,__main__,council_smd,gd,ქართული ოცნება,,3210,,,,ირაკლი,ჯალაბაძე,ირაკლი ჯალაბაძე,,,local_2025.yml
local_2025,__main__,council_smd,conservatives_geo,კონსერვატორები საქართველოსთვის,,3211,,,,მარიამ,თოდაძე,მარიამ თოდაძე,,,local_2025.yml
local_2025,__main__,council_smd,strong_georgia,ძლიერი საქართველო,,3211,,,,გოჩა,გიორგაშვილი,გოჩა გიორგაშვილი,,,local_2025.yml
local_2025,__main__,council_smd,gd,ქართული ოცნება,,3211,,,,ნიკოლოზ,ბერკაცაშვილი,ნიკოლოზ ბერკაცაშვილი,,,local_2025.yml
local_2025,__main__,council_smd,conservatives_geo,კონსერვატორები საქართველოსთვის,,3212,,,,გიორგი,ზაუტაშვილი,გიორგი ზაუტაშვილი,,,local_2025.yml
local_2025,__main__,council_smd,gakharia,გახარია საქართველოსთვის,,3212,,,,ჯამბულ,მაყიშვილი,ჯამბულ მაყიშვილი,,,local_2025.yml
local_2025,__main__,council_smd,gd,ქართული ოცნება,,3212,,,,კობა,ბერიანიძე,კობა ბერიანიძე,,,local_2025.yml
local_2025,__main__,council_smd,conservatives_geo,კონსერვატორები საქართველოსთვის,,3213,,,,ზურაბ,ხარიბეგაშვილი,ზურაბ ხარიბეგაშვილი,,,local_2025.yml
local_2025,__main__,council_smd,strong_georgia,ძლიერი საქართველო,,3213,,,,ირმა,გოგიაშვილი,ირმა გოგიაშვილი,,,local_2025.yml
local_2025,__main__,council_smd,gd,ქართული ოცნება,,3213,,,,მურაზ,ღოლიჯაშვილი,მურაზ ღოლიჯაშვილი,,,local_2025.yml
local_2025,__main__,council_smd,strong_georgia,ძლიერი საქართველო,,3214,,,,ლევან,ბაიაძე,ლევან ბაიაძე,,,local_2025.yml
local_2025,__main__,council_smd,gd,ქართული ოცნება,,3214,,,,მერაბ,მახარაშვილი,მერაბ მახარაშვილი,,,local_2025.yml
local_2025,__main__,council_smd,conservatives_geo,კონსერვატორები საქართველოსთვის,,3215,,,,კობა,სარაული,კობა სარაული,,,local_2025.yml
local_2025,__main__,council_smd,strong_georgia,ძლიერი საქართველო,,3215,,,,აკაკი,ტერუნაშვილი,აკაკი ტერუნაშვილი,,,local_2025.yml
local_2025,__main__,council_smd,gd,ქართული ოცნება,,3215,,,,ასმათ,ტალახაძე,ასმათ ტალახაძე,,,local_2025.yml
local_2025,__main__,council_smd,conservatives_geo,კონსერვატორები საქართველოსთვის,,3216,,,,გურამ,მარიამიძე,გურამ მარიამიძე,,,local_2025.yml
local_2025,__main__,council_smd,gd,ქართული ოცნება,,3216,,,,მერაბ,მელანაშვილი,მერაბ მელანაშვილი,,,local_2025.yml
local_2025,__main__,council_smd,conservatives_geo,კონსერვატორები საქართველოსთვის,,3217,,,,ზაზა,მშვიდობაძე,ზაზა მშვიდობაძე,,,local_2025.yml
local_2025,__main__,council_smd,gd,ქართული ოცნება,,3217,,,,მანუჩარ,ლაფაჩი,მანუჩარ ლაფაჩი,,,local_2025.yml
local_2025,__main__,council_smd,conservatives_geo,კონსერვატორები საქართველოსთვის,,3218,,,,ზურაბ,ანიაშვილი,ზურაბ ანიაშვილი,,,local_2025.yml
local_2025,__main__,council_smd,gd,ქართული ოცნება,,3218,,,,ავთანდილ,ყაზარაშვილი,ავთანდილ ყაზარაშვილი,,,local_2025.yml
local_2025,__main__,council_smd,conservatives_geo,კონსერვატორები საქართველოსთვის,,3219,,,,ზაზა,წერეთელი,ზაზა წერეთელი,,,local_2025.yml
local_2025,__main__,council_smd,gakharia,გახარია საქართველოსთვის,,3219,,,,ლიანა,ჩლაჩიძე,ლიანა ჩლაჩიძე,,,local_2025.yml
local_2025,__main__,council_smd,gd,ქართული ოცნება,,3219,,,,ჯაბა,იმერლიშვილი,ჯაბა იმერლიშვილი,,,local_2025.yml
local_2025,__main__,council_smd,conservatives_geo,კონსერვატორები საქართველოსთვის,,3220,,,,იოსებ,გიუნაშვილი,იოსებ გიუნაშვილი,,,local_2025.yml
local_2025,__main__,council_smd,gd,ქართული ოცნება,,3220,,,,გიგა,ტატიაშვილი,გიგა ტატიაშვილი,,,local_2025.yml
local_2025,__main__,council_smd,conservatives_geo,კონსერვატორები საქართველოსთვის,,3221,,,,გიორგი,ანიაშვილი,გიორგი ანიაშვილი,,,local_2025.yml
local_2025,__main__,council_smd,gakharia,გახარია საქართველოსთვის,,3221,,,,ივანე,ნუსხელიძე,ივანე ნუსხელიძე,,,local_2025.yml
local_2025,__main__,council_smd,gd,ქართული ოცნება,,3221,,,,ზვიად,მღებრიშვილი,ზვიად მღებრიშვილი,,,local_2025.yml
local_2025,__main__,council_smd,conservatives_geo,კონსერვატორები საქართველოსთვის,,3222,,,,ნოდარ,დემურიშვილი,ნოდარ დემურიშვილი,,,local_2025.yml
local_2025,__main__,council_smd,strong_georgia,ძლიერი საქართველო,,3222,,,,ილია,ოქროაშვილი,ილია ოქროაშვილი,,,local_2025.yml
local_2025,__main__,council_smd,gd,ქართული ოცნება,,3222,,,,თეიმურაზ,ფსუტური,თეიმურაზ ფსუტური,,,local_2025.yml
local_2025,__main__,council_smd,conservatives_geo,კონსერვატორები საქართველოსთვის,,3223,,,,დავით,გოგიაშვილი,დავით გოგიაშვილი,,,local_2025.yml
local_2025,__main__,council_smd,gakharia,გახარია საქართველოსთვის,,3223,,,,კოსტანტინე,სამხარაძე,კოსტანტინე სამხარაძე,,,local_2025.yml
local_2025,__main__,council_smd,gd,ქართული ოცნება,,3223,,,,ზურაბ,ყაჯრიშვილი,ზურაბ ყაჯრიშვილი,,,local_2025.yml
local_2025,__main__,council_smd,conservatives_geo,კონსერვატორები საქართველოსთვის,,3224,,,,გელა,თენაძე,გელა თენაძე,,,local_2025.yml
local_2025,__main__,council_smd,gakharia,გახარია საქართველოსთვის,,3224,,,,მიხეილ,ქობლიანიძე,მიხეილ ქობლიანიძე,,,local_2025.yml
local_2025,__main__,council_smd,gd,ქართული ოცნება,,3224,,,,თამარ,მურალოვა,თამარ მურალოვა,,,local_2025.yml
local_2025,__main__,council_smd,conservatives_geo,კონსერვატორები საქართველოსთვის,,3225,,,,დავით,ოქუაშვილი,დავით ოქუაშვილი,,,local_2025.yml
local_2025,__main__,council_smd,strong_georgia,ძლიერი საქართველო,,3225,,,,ზაზა,ლაზარაშვილი,ზაზა ლაზარაშვილი,,,local_2025.yml
local_2025,__main__,council_smd,gd,ქართული ოცნება,,3225,,,,ივანე,ნონიკაშვილი,ივანე ნონიკაშვილი,,,local_2025.yml
local_2025,__main__,council_smd,gakharia,გახარია საქართველოსთვის,,3301,,,,ვასილ,ბაქრაძე,ვასილ ბაქრაძე,,,local_2025.yml
local_2025,__main__,council_smd,gd,ქართული ოცნება,,3301,,,,ყარამან,როინაშვილი,ყარამან როინაშვილი,,,local_2025.yml
local_2025,__main__,council_smd,conservatives_geo,კონსერვატორები საქართველოსთვის,,3302,,,,გიორგი,კანდელაკი,გიორგი კანდელაკი,,,local_2025.yml
local_2025,__main__,council_smd,strong_georgia,ძლიერი საქართველო,,3302,,,,ნოდარ,გიგაური,ნოდარ გიგაური,,,local_2025.yml
local_2025,__main__,council_smd,gd,ქართული ოცნება,,3302,,,,ტარიელ,გოჩაშვილი,ტარიელ გოჩაშვილი,,,local_2025.yml
local_2025,__main__,council_smd,gd,ქართული ოცნება,,3303,,,,ვლადიმერ,გათაშვილი,ვლადიმერ გათაშვილი,,,local_2025.yml
local_2025,__main__,council_smd,gd,ქართული ოცნება,,3304,,,,ზაზა,დაბრუნდაშვილი,ზაზა დაბრუნდაშვილი,,,local_2025.yml
local_2025,__main__,council_smd,gd,ქართული ოცნება,,3305,,,,ნოდარ,კოკოლაშვილი,ნოდარ კოკოლაშვილი,,,local_2025.yml
local_2025,__main__,council_smd,strong_georgia,ძლიერი საქართველო,,3306,,,,ბეგლარ,წოწოლაშვილი,ბეგლარ წოწოლაშვილი,,,local_2025.yml
local_2025,__main__,council_smd,gd,ქართული ოცნება,,3306,,,,საბა,მჭედლიშვილი,საბა მჭედლიშვილი,,,local_2025.yml
local_2025,__main__,council_smd,gd,ქართული ოცნება,,3307,,,,იოსებ,არდემანაშვილი,იოსებ არდემანაშვილი,,,local_2025.yml
local_2025,__main__,council_smd,conservatives_geo,კონსერვატორები საქართველოსთვის,,3308,,,,მამუკა,ბურჯანიძე,მამუკა ბურჯანიძე,,,local_2025.yml
local_2025,__main__,council_smd,gd,ქართული ოცნება,,3308,,,,კობა,ნახუცრიშვილი,კობა ნახუცრიშვილი,,,local_2025.yml
local_2025,__main__,council_smd,strong_georgia,ძლიერი საქართველო,,3309,,,,ვახტანგ,გულიკაშვილი,ვახტანგ გულიკაშვილი,,,local_2025.yml
local_2025,__main__,council_smd,gd,ქართული ოცნება,,3309,,,,ჯუმბერ,შუბითიძე,ჯუმბერ შუბითიძე,,,local_2025.yml
local_2025,__main__,council_smd,gakharia,გახარია საქართველოსთვის,,3310,,,,ამირან,კოპაძე,ამირან კოპაძე,,,local_2025.yml
local_2025,__main__,council_smd,gd,ქართული ოცნება,,3310,,,,მამუკა,მახაჭაშვილი,მამუკა მახაჭაშვილი,,,local_2025.yml
local_2025,__main__,council_smd,gakharia,გახარია საქართველოსთვის,,3311,,,,დანიელ,გიგაური,დანიელ გიგაური,,,local_2025.yml
local_2025,__main__,council_smd,gd,ქართული ოცნება,,3311,,,,მალხაზი,დოღანაძე,მალხაზი დოღანაძე,,,local_2025.yml
local_2025,__main__,council_smd,gd,ქართული ოცნება,,3312,,,,გელა,ჭყოიძე,გელა ჭყოიძე,,,local_2025.yml
local_2025,__main__,council_smd,gakharia,გახარია საქართველოსთვის,,3313,,,,გიორგი,ალიბეგაშვილი,გიორგი ალიბეგაშვილი,,,local_2025.yml
local_2025,__main__,council_smd,gd,ქართული ოცნება,,3313,,,,იური,ქობესაშვილი,იური ქობესაშვილი,,,local_2025.yml
local_2025,__main__,council_smd,strong_georgia,ძლიერი საქართველო,,3314,,,,ზურაბ,ლეკიშვილი,ზურაბ ლეკიშვილი,,,local_2025.yml
local_2025,__main__,council_smd,gd,ქართული ოცნება,,3314,,,,მამუკა,კოკოზაშვილი,მამუკა კოკოზაშვილი,,,local_2025.yml
local_2025,__main__,council_smd,gd,ქართული ოცნება,,3315,,,,ლევან,გოჩიაშვილი,ლევან გოჩიაშვილი,,,local_2025.yml
local_2025,__main__,council_smd,conservatives_geo,კონსერვატორები საქართველოსთვის,,3316,,,,გიორგი,მღებრიშვილი,გიორგი მღებრიშვილი,,,local_2025.yml
local_2025,__main__,council_smd,gakharia,გახარია საქართველოსთვის,,3316,,,,გიორგი,მღებრიშვილი,გიორგი მღებრიშვილი,,,local_2025.yml
local_2025,__main__,council_smd,gd,ქართული ოცნება,,3316,,,,პაატა,ღვინიაშვილი,პაატა ღვინიაშვილი,,,local_2025.yml
local_2025,__main__,council_smd,strong_georgia,ძლიერი საქართველო,,3317,,,,გია,ინდუაშვილი,გია ინდუაშვილი,,,local_2025.yml
local_2025,__main__,council_smd,gd,ქართული ოცნება,,3317,,,,გიორგი,თევდორაშვილი,გიორგი თევდორაშვილი,,,local_2025.yml
local_2025,__main__,council_smd,gd,ქართული ოცნება,,3318,,,,შოთა,ბერუაშვილი,შოთა ბერუაშვილი,,,local_2025.yml
local_2025,__main__,council_smd,gakharia,გახარია საქართველოსთვის,,3501,,,,ზვიად,გელაშვილი,ზვიად გელაშვილი,,,local_2025.yml
local_2025,__main__,council_smd,gd,ქართული ოცნება,,3501,,,,მიხეილ,გრძელიშვილი,მიხეილ გრძელიშვილი,,,local_2025.yml
local_2025,__main__,council_smd,conservatives_geo,კონსერვატორები საქართველოსთვის,,3502,,,,გიორგი,კანთელაშვილი,გიორგი კანთელაშვილი,,,local_2025.yml
local_2025,__main__,council_smd,strong_georgia,ძლიერი საქართველო,,3502,,,,ქეთინო,გელაშვილი,ქეთინო გელაშვილი,,,local_2025.yml
local_2025,__main__,council_smd,gakharia,გახარია საქართველოსთვის,,3502,,,,ნატო,კიკაძე,ნატო კიკაძე,,,local_2025.yml
local_2025,__main__,council_smd,gd,ქართული ოცნება,,3502,,,,მირიან,მეყანწიშვილი,მირიან მეყანწიშვილი,,,local_2025.yml
local_2025,__main__,council_smd,conservatives_geo,კონსერვატორები საქართველოსთვის,,3503,,,,გელა,ოსიტაშვილი,გელა ოსიტაშვილი,,,local_2025.yml
local_2025,__main__,council_smd,gd,ქართული ოცნება,,3503,,,,მერაბ,ცხოვრებაძე,მერაბ ცხოვრებაძე,,,local_2025.yml
local_2025,__main__,council_smd,strong_georgia,ძლიერი საქართველო,,3504,,,,გიორგი,კობიაშვილი,გიორგი კობიაშვილი,,,local_2025.yml
local_2025,__main__,council_smd,gd,ქართული ოცნება,,3504,,,,ზვიადი,ტეფნაძე,ზვიადი ტეფნაძე,,,local_2025.yml
local_2025,__main__,council_smd,conservatives_geo,კონსერვატორები საქართველოსთვის,,3505,,,,მურმან,კიპაროიძე,მურმან კიპაროიძე,,,local_2025.yml
local_2025,__main__,council_smd,gakharia,გახარია საქართველოსთვის,,3505,,,,ირინე,გელაშვილი,ირინე გელაშვილი,,,local_2025.yml
local_2025,__main__,council_smd,gd,ქართული ოცნება,,3505,,,,ირაკლი,ჩადუნელი,ირაკლი ჩადუნელი,,,local_2025.yml
local_2025,__main__,council_smd,conservatives_geo,კონსერვატორები საქართველოსთვის,,3506,,,,გოჩა,გელაშვილი,გოჩა გელაშვილი,,,local_2025.yml
local_2025,__main__,council_smd,gakharia,გახარია საქართველოსთვის,,3506,,,,ეკატერინე,მულაძე,ეკატერინე მულაძე,,,local_2025.yml
local_2025,__main__,council_smd,gd,ქართული ოცნება,,3506,,,,ზაზა,სხილაძე,ზაზა სხილაძე,,,local_2025.yml
local_2025,__main__,council_smd,conservatives_geo,კონსერვატორები საქართველოსთვის,,3507,,,,გიორგი,ხარაზიშვილი,გიორგი ხარაზიშვილი,,,local_2025.yml
local_2025,__main__,council_smd,strong_georgia,ძლიერი საქართველო,,3507,,,,ზაზა,ქურდაძე,ზაზა ქურდაძე,,,local_2025.yml
local_2025,__main__,council_smd,gd,ქართული ოცნება,,3507,,,,თორნიკე,მოსიაშვილი,თორნიკე მოსიაშვილი,,,local_2025.yml
local_2025,__main__,council_smd,strong_georgia,ძლიერი საქართველო,,3508,,,,მაია,ახალკაცი,მაია ახალკაცი,,,local_2025.yml
local_2025,__main__,council_smd,gd,ქართული ოცნება,,3508,,,,ბუხუტი,ბუხრიკიძე,ბუხუტი ბუხრიკიძე,,,local_2025.yml
local_2025,__main__,council_smd,strong_georgia,ძლიერი საქართველო,,3509,,,,ემზარ,სულაბერიძე,ემზარ სულაბერიძე,,,local_2025.yml
local_2025,__main__,council_smd,gd,ქართული ოცნება,,3509,,,,ნანა,ცხოვრებაძე,ნანა ცხოვრებაძე,,,local_2025.yml
local_2025,__main__,council_smd,conservatives_geo,კონსერვატორები საქართველოსთვის,,3510,,,,ლალი,ბინსონი,ლალი ბინსონი,,,local_2025.yml
local_2025,__main__,council_smd,strong_georgia,ძლიერი საქართველო,,3510,,,,მარიამ,ხვედელიანი,მარიამ ხვედელიანი,,,local_2025.yml
local_2025,__main__,council_smd,gd,ქართული ოცნება,,3510,,,,არჩილ,ჩაჩანიძე,არჩილ ჩაჩანიძე,,,local_2025.yml
local_2025,__main__,council_smd,strong_georgia,ძლიერი საქართველო,,3511,,,,ირმა,მურჯიკნელი,ირმა მურჯიკნელი,,,local_2025.yml
local_2025,__main__,council_smd,gd,ქართული ოცნება,,3511,,,,ვაჟა,ხარშილაძე,ვაჟა ხარშილაძე,,,local_2025.yml
local_2025,__main__,council_smd,strong_georgia,ძლიერი საქართველო,,3512,,,,ია,ჯოხაძე,ია ჯოხაძე,,,local_2025.yml
local_2025,__main__,council_smd,gd,ქართული ოცნება,,3512,,,,ლაშა,ლურსმანაშვილი,ლაშა ლურსმანაშვილი,,,local_2025.yml
local_2025,__main__,council_smd,gd,ქართული ოცნება,,3513,,,,ვაჟა,ლომიძე,ვაჟა ლომიძე,,,local_2025.yml
local_2025,__main__,council_smd,gd,ქართული ოცნება,,3514,,,,მიხეილ,ტალახაძე,მიხეილ ტალახაძე,,,local_2025.yml
local_2025,__main__,council_smd,gd,ქართული ოცნება,,3515,,,,დავით,ტაბატაძე,დავით ტაბატაძე,,,local_2025.yml
local_2025,__main__,council_smd,independent,დამოუკიდებელი,,3515,,,,ბახვა,გელაშვილი,ბახვა გელაშვილი,,,local_2025.yml
local_2025,__main__,council_smd,conservatives_geo,კონსერვატორები საქართველოსთვის,,3516,,,,კონსტანტინე,თუმანიშვილი,კონსტანტინე თუმანიშვილი,,,local_2025.yml
local_2025,__main__,council_smd,strong_georgia,ძლიერი საქართველო,,3516,,,,ჯუმბერ,ახალკაცი,ჯუმბერ ახალკაცი,,,local_2025.yml
local_2025,__main__,council_smd,gd,ქართული ოცნება,,3516,,,,ზურაბ,დაბრუნდაშვილი,ზურაბ დაბრუნდაშვილი,,,local_2025.yml
local_2025,__main__,council_smd,strong_georgia,ძლიერი საქართველო,,3601,,,,ბაქარ,შირაძე,ბაქარ შირაძე,,,local_2025.yml
local_2025,__main__,council_smd,gd,ქართული ოცნება,,3601,,,,მერაბ,იობაშვილი,მერაბ იობაშვილი,,,local_2025.yml
local_2025,__main__,council_smd,conservatives_geo,კონსერვატორები საქართველოსთვის,,3602,,,,ალექსანდრე,სტეფნაძე,ალექსანდრე სტეფნაძე,,,local_2025.yml
local_2025,__main__,council_smd,strong_georgia,ძლიერი საქართველო,,3602,,,,თამაზი,მამიჯანაშვილი,თამაზი მამიჯანაშვილი,,,local_2025.yml
local_2025,__main__,council_smd,gd,ქართული ოცნება,,3602,,,,ივანე,შალუტაშვილი,ივანე შალუტაშვილი,,,local_2025.yml
local_2025,__main__,council_smd,strong_georgia,ძლიერი საქართველო,,3603,,,,ზურაბ,ლაკვეხელიანი,ზურაბ ლაკვეხელიანი,,,local_2025.yml
local_2025,__main__,council_smd,gd,ქართული ოცნება,,3603,,,,დავით,შონია,დავით შონია,,,local_2025.yml
local_2025,__main__,council_smd,conservatives_geo,კონსერვატორები საქართველოსთვის,,3604,,,,ბექა,კობერიძე,ბექა კობერიძე,,,local_2025.yml
local_2025,__main__,council_smd,strong_georgia,ძლიერი საქართველო,,3604,,,,ხვიჩა,ჩადუნელი,ხვიჩა ჩადუნელი,,,local_2025.yml
local_2025,__main__,council_smd,gd,ქართული ოცნება,,3604,,,,ზურაბ,ბლიაძე,ზურაბ ბლიაძე,,,local_2025.yml
local_2025,__main__,council_smd,conservatives_geo,კონსერვატორები საქართველოსთვის,,3605,,,,ირაკლი,ტალახაძე,ირაკლი ტალახაძე,,,local_2025.yml
local_2025,__main__,council_smd,gd,ქართული ოცნება,,3605,,,,ზურაბი,კურტანიძე,ზურაბი კურტანიძე,,,local_2025.yml
local_2025,__main__,council_smd,independent,დამოუკიდებელი,,3605,,,,ოთარი,არბოლიშვილი,ოთარი არბოლიშვილი,,,local_2025.yml
local_2025,__main__,council_smd,strong_georgia,ძლიერი საქართველო,,3606,,,,სოფიკო,კაჯაევი,სოფიკო კაჯაევი,,,local_2025.yml
local_2025,__main__,council_smd,gd,ქართული ოცნება,,3606,,,,კახაბერ,თედიაშვილი,კახაბერ თედიაშვილი,,,local_2025.yml
local_2025,__main__,council_smd,strong_georgia,ძლიერი საქართველო,,3607,,,,ვახტანგ,კილასონია,ვახტანგ კილასონია,,,local_2025.yml
local_2025,__main__,council_smd,gd,ქართული ოცნება,,3607,,,,არაიკ,ანტონიანი,არაიკ ანტონიანი,,,local_2025.yml
local_2025,__main__,council_smd,strong_georgia,ძლიერი საქართველო,,3610,,,,ნანა,მეხრიშვილი,ნანა მეხრიშვილი,,,local_2025.yml
local_2025,__main__,council_smd,gd,ქართული ოცნება,,3610,,,,ელიზავეტა,კუჭუხიძე,ელიზავეტა კუჭუხიძე,,,local_2025.yml
local_2025,__main__,council_smd,strong_georgia,ძლიერი საქართველო,,3611,,,,დიმიტრი,წურწუმია,დიმიტრი წურწუმია,,,local_2025.yml
local_2025,__main__,council_smd,gd,ქართული ოცნება,,3611,,,,ანდრუშ,ირიციან,ანდრუშ ირიციან,,,local_2025.yml
local_2025,__main__,council_smd,conservatives_geo,კონსერვატორები საქართველოსთვის,,3612,,,,გია,შაყულაშვილი,გია შაყულაშვილი,,,local_2025.yml
local_2025,__main__,council_smd,strong_georgia,ძლიერი საქართველო,,3612,,,,მამუკა,ფერაძე,მამუკა ფერაძე,,,local_2025.yml
local_2025,__main__,council_smd,gd,ქართული ოცნება,,3612,,,,თამაზი,ჩუტკერაშვილი,თამაზი ჩუტკერაშვილი,,,local_2025.yml
local_2025,__main__,council_smd,conservatives_geo,კონსერვატორები საქართველოსთვის,,3613,,,,მალხაზი,ლომსაძე,მალხაზი ლომსაძე,,,local_2025.yml
local_2025,__main__,council_smd,strong_georgia,ძლიერი საქართველო,,3613,,,,ზაურ,გეგეშიძე,ზაურ გეგეშიძე,,,local_2025.yml
local_2025,__main__,council_smd,gd,ქართული ოცნება,,3613,,,,მამუკა,ლურსმანაშვილი,მამუკა ლურსმანაშვილი,,,local_2025.yml
local_2025,__main__,council_smd,conservatives_geo,კონსერვატორები საქართველოსთვის,,3614,,,,მანუჩარ,ბაღდავანიძე,მანუჩარ ბაღდავანიძე,,,local_2025.yml
local_2025,__main__,council_smd,strong_georgia,ძლიერი საქართველო,,3614,,,,მალხაზ,დევაძე,მალხაზ დევაძე,,,local_2025.yml
local_2025,__main__,council_smd,gd,ქართული ოცნება,,3614,,,,ზაქარია,ციცქიშვილი,ზაქარია ციცქიშვილი,,,local_2025.yml
local_2025,__main__,council_smd,strong_georgia,ძლიერი საქართველო,,3615,,,,ზურაბი,შუბითიძე,ზურაბი შუბითიძე,,,local_2025.yml
local_2025,__main__,council_smd,gd,ქართული ოცნება,,3615,,,,გიორგი,ბლიაძე,გიორგი ბლიაძე,,,local_2025.yml
local_2025,__main__,council_smd,conservatives_geo,კონსერვატორები საქართველოსთვის,,3701,,,,სიმონ,ეღიაშვილი,სიმონ ეღიაშვილი,,,local_2025.yml
local_2025,__main__,council_smd,strong_georgia,ძლიერი საქართველო,,3701,,,,ნუგზარ,გიორგაძე,ნუგზარ გიორგაძე,,,local_2025.yml
local_2025,__main__,council_smd,gd,ქართული ოცნება,,3701,,,,დავით,სამსონიძე,დავით სამსონიძე,,,local_2025.yml
local_2025,__main__,council_smd,conservatives_geo,კონსერვატორები საქართველოსთვის,,3702,,,,ნათია,ქურდაძე,ნათია ქურდაძე,,,local_2025.yml
local_2025,__main__,council_smd,gakharia,გახარია საქართველოსთვის,,3702,,,,არტურ,ქოლიან,არტურ ქოლიან,,,local_2025.yml
local_2025,__main__,council_smd,gd,ქართული ოცნება,,3702,,,,გელა,ჭალიძე,გელა ჭალიძე,,,local_2025.yml
local_2025,__main__,council_smd,strong_georgia,ძლიერი საქართველო,,3703,,,,მაია,გაჩეჩილაძე,მაია გაჩეჩილაძე,,,local_2025.yml
local_2025,__main__,council_smd,gd,ქართული ოცნება,,3703,,,,ამბარცუმ,ბაბოიან,ამბარცუმ ბაბოიან,,,local_2025.yml
local_2025,__main__,council_smd,conservatives_geo,კონსერვატორები საქართველოსთვის,,3704,,,,არსენი,როხვაძე,არსენი როხვაძე,,,local_2025.yml
local_2025,__main__,council_smd,strong_georgia,ძლიერი საქართველო,,3704,,,,ჯუმბერ,ინასარიძე,ჯუმბერ ინასარიძე,,,local_2025.yml
local_2025,__main__,council_smd,gd,ქართული ოცნება,,3704,,,,ბიძინა,გოზალოვი,ბიძინა გოზალოვი,,,local_2025.yml
local_2025,__main__,council_smd,gd,ქართული ოცნება,,3705,,,,ზურაბი,ბარძიმაძე,ზურაბი ბარძიმაძე,,,local_2025.yml
local_2025,__main__,council_smd,gd,ქართული ოცნება,,3706,,,,სიმონ,გელაშვილი,სიმონ გელაშვილი,,,local_2025.yml
local_2025,__main__,council_smd,gd,ქართული ოცნება,,3707,,,,მერი,გოგოლაძე-ჩადუნელი,მერი გოგოლაძე-ჩადუნელი,,,local_2025.yml
local_2025,__main__,council_smd,gakharia,გახარია საქართველოსთვის,,3708,,,,გიორგი,გიორგაძე,გიორგი გიორგაძე,,,local_2025.yml
local_2025,__main__,council_smd,gd,ქართული ოცნება,,3708,,,,ვლადიმერი,კურტანიძე,ვლადიმერი კურტანიძე,,,local_2025.yml
local_2025,__main__,council_smd,gakharia,გახარია საქართველოსთვის,,3709,,,,ლია,მანჩხაშვილი,ლია მანჩხაშვილი,,,local_2025.yml
local_2025,__main__,council_smd,gd,ქართული ოცნება,,3709,,,,ლევანი,მჭედლიშვილი,ლევანი მჭედლიშვილი,,,local_2025.yml
local_2025,__main__,council_smd,gd,ქართული ოცნება,,3710,,,,კახაბერ,გელაშვილი,კახაბერ გელაშვილი,,,local_2025.yml
local_2025,__main__,council_smd,gakharia,გახარია საქართველოსთვის,,3711,,,,მარინა,ქოლიან,მარინა ქოლიან,,,local_2025.yml
local_2025,__main__,council_smd,gd,ქართული ოცნება,,3711,,,,მკრტიჩ,გინოსიან,მკრტიჩ გინოსიან,,,local_2025.yml
local_2025,__main__,council_smd,gd,ქართული ოცნება,,3712,,,,არუთუნ,აგაბაბიან,არუთუნ აგაბაბიან,,,local_2025.yml
local_2025,__main__,council_smd,strong_georgia,ძლიერი საქართველო,,3713,,,,სარქის,კრტიან,სარქის კრტიან,,,local_2025.yml
local_2025,__main__,council_smd,gd,ქართული ოცნება,,3713,,,,არშალუის,მანუკიან,არშალუის მანუკიან,,,local_2025.yml
local_2025,__main__,council_smd,gd,ქართული ოცნება,,3714,,,,პეტროს,ვართანიან,პეტროს ვართანიან,,,local_2025.yml
local_2025,__main__,council_smd,gd,ქართული ოცნება,,3715,,,,ხორენ,ოგანესიან,ხორენ ოგანესიან,,,local_2025.yml
local_2025,__main__,council_smd,strong_georgia,ძლიერი საქართველო,,3716,,,,ჯუმბერი,გიორგაძე,ჯუმბერი გიორგაძე,,,local_2025.yml
local_2025,__main__,council_smd,gd,ქართული ოცნება,,3716,,,,ზაზა,ნებაძე,ზაზა ნებაძე,,,local_2025.yml
local_2025,__main__,council_smd,gd,ქართული ოცნება,,3717,,,,გოგიტა,მოდებაძე,გოგიტა მოდებაძე,,,local_2025.yml
local_2025,__main__,council_smd,conservatives_geo,კონსერვატორები საქართველოსთვის,,3718,,,,აკაკი,ჯელია,აკაკი ჯელია,,,local_2025.yml
local_2025,__main__,council_smd,gd,ქართული ოცნება,,3718,,,,ტარიელ,ტაბატაძე,ტარიელ ტაბატაძე,,,local_2025.yml
local_2025,__main__,council_smd,conservatives_geo,კონსერვატორები საქართველოსთვის,,3801,,,,გიორგი,ობოლაძე,გიორგი ობოლაძე,,,local_2025.yml
local_2025,__main__,council_smd,strong_georgia,ძლიერი საქართველო,,3801,,,,მაკა,ლობჯანიძე,მაკა ლობჯანიძე,,,local_2025.yml
local_2025,__main__,council_smd,gd,ქართული ოცნება,,3801,,,,ჯემალ,ყურაშვილი,ჯემალ ყურაშვილი,,,local_2025.yml
local_2025,__main__,council_smd,conservatives_geo,კონსერვატორები საქართველოსთვის,,3802,,,,ვარლამ,ჭრელაშვილი,ვარლამ ჭრელაშვილი,,,local_2025.yml
local_2025,__main__,council_smd,strong_georgia,ძლიერი საქართველო,,3802,,,,ბესიკ,კიკაბიძე,ბესიკ კიკაბიძე,,,local_2025.yml
local_2025,__main__,council_smd,gd,ქართული ოცნება,,3802,,,,გენადი,ბოლქვაძე,გენადი ბოლქვაძე,,,local_2025.yml
local_2025,__main__,council_smd,strong_georgia,ძლიერი საქართველო,,3803,,,,ირინე,მამულაშვილი,ირინე მამულაშვილი,,,local_2025.yml
local_2025,__main__,council_smd,gd,ქართული ოცნება,,3803,,,,რამაზ,კაჭკაჭაშვილი,რამაზ კაჭკაჭაშვილი,,,local_2025.yml
local_2025,__main__,council_smd,conservatives_geo,კონსერვატორები საქართველოსთვის,,3804,,,,ბესიკ,ზარიძე,ბესიკ ზარიძე,,,local_2025.yml
local_2025,__main__,council_smd,gd,ქართული ოცნება,,3804,,,,იმედა,მღებრიშვილი,იმედა მღებრიშვილი,,,local_2025.yml
local_2025,__main__,council_smd,strong_georgia,ძლიერი საქართველო,,3805,,,,ჯაბა,ხახიშვილი,ჯაბა ხახიშვილი,,,local_2025.yml
local_2025,__main__,council_smd,gd,ქართული ოცნება,,3805,,,,გიორგი,ქიმაძე,გიორგი ქიმაძე,,,local_2025.yml
local_2025,__main__,council_smd,gd,ქართული ოცნება,,3806,,,,გოჩა,ჩიტორელიძე,გოჩა ჩიტორელიძე,,,local_2025.yml
local_2025,__main__,council_smd,conservatives_geo,კონსერვატორები საქართველოსთვის,,3807,,,,ზურაბი,დემეტრაძე,ზურაბი დემეტრაძე,,,local_2025.yml
local_2025,__main__,council_smd,strong_georgia,ძლიერი საქართველო,,3807,,,,ბახვა,კიკაბიძე,ბახვა კიკაბიძე,,,local_2025.yml
local_2025,__main__,council_smd,gd,ქართული ოცნება,,3807,,,,ელდარი,კბილაშვილი,ელდარი კბილაშვილი,,,local_2025.yml
local_2025,__main__,council_smd,strong_georgia,ძლიერი საქართველო,,3808,,,,ამირანი,პაპიძე,ამირანი პაპიძე,,,local_2025.yml
local_2025,__main__,council_smd,gd,ქართული ოცნება,,3808,,,,ჯაბა,ხოზრევანიძე,ჯაბა ხოზრევანიძე,,,local_2025.yml
local_2025,__main__,council_smd,strong_georgia,ძლიერი საქართველო,,3809,,,,თორნიკე,კუბლაშვილი,თორნიკე კუბლაშვილი,,,local_2025.yml
local_2025,__main__,council_smd,gd,ქართული ოცნება,,3809,,,,გიორგი,ოდიკაძე,გიორგი ოდიკაძე,,,local_2025.yml
local_2025,__main__,council_smd,strong_georgia,ძლიერი საქართველო,,3810,,,,ლალი,პარუნაშვილი,ლალი პარუნაშვილი,,,local_2025.yml
local_2025,__main__,council_smd,gd,ქართული ოცნება,,3810,,,,შალვა,გავაშელი,შალვა გავაშელი,,,local_2025.yml
local_2025,__main__,council_smd,strong_georgia,ძლიერი საქართველო,,3811,,,,ავთანდილი,ძაძამია,ავთანდილი ძაძამია,,,local_2025.yml
local_2025,__main__,council_smd,gd,ქართული ოცნება,,3811,,,,ბადრი,ვაშაყმაძე,ბადრი ვაშაყმაძე,,,local_2025.yml
local_2025,__main__,council_smd,strong_georgia,ძლიერი საქართველო,,3812,,,,ივანე,გზირიშვილი,ივანე გზირიშვილი,,,local_2025.yml
local_2025,__main__,council_smd,gd,ქართული ოცნება,,3812,,,,შოთა,ყულჯანიშვილი,შოთა ყულჯანიშვილი,,,local_2025.yml
local_2025,__main__,council_smd,conservatives_geo,კონსერვატორები საქართველოსთვის,,3813,,,,შავლეგი,ზარიძე,შავლეგი ზარიძე,,,local_2025.yml
local_2025,__main__,council_smd,strong_georgia,ძლიერი საქართველო,,3813,,,,ზაზა,კუბლაშვილი,ზაზა კუბლაშვილი,,,local_2025.yml
local_2025,__main__,council_smd,gd,ქართული ოცნება,,3813,,,,იაგორ,ასანიძე,იაგორ ასანიძე,,,local_2025.yml
local_2025,__main__,council_smd,gd,ქართული ოცნება,,3814,,,,სერგო,კილაძე,სერგო კილაძე,,,local_2025.yml
local_2025,__main__,council_smd,strong_georgia,ძლიერი საქართველო,,3815,,,,ირმა,ფარულავა,ირმა ფარულავა,,,local_2025.yml
local_2025,__main__,council_smd,gd,ქართული ოცნება,,3815,,,,როინი,მარკოიძე,როინი მარკოიძე,,,local_2025.yml
local_2025,__main__,council_smd,strong_georgia,ძლიერი საქართველო,,3901,,,,შოთა,ბერიძე,შოთა ბერიძე,,,local_2025.yml
local_2025,__main__,council_smd,gd,ქართული ოცნება,,3901,,,,დავით,ფართლაძე,დავით ფართლაძე,,,local_2025.yml
local_2025,__main__,council_smd,gd,ქართული ოცნება,,3902,,,,ბესიკი,ივანიძე,ბესიკი ივანიძე,,,local_2025.yml
local_2025,__main__,council_smd,strong_georgia,ძლიერი საქართველო,,3903,,,,ელგუჯა,ნარიმანიძე,ელგუჯა ნარიმანიძე,,,local_2025.yml
local_2025,__main__,council_smd,gd,ქართული ოცნება,,3903,,,,ემინ,ბალოიან,ემინ ბალოიან,,,local_2025.yml
local_2025,__main__,council_smd,strong_georgia,ძლიერი საქართველო,,3904,,,,ლავრენტი,შეშაბერიძე,ლავრენტი შეშაბერიძე,,,local_2025.yml
local_2025,__main__,council_smd,gd,ქართული ოცნება,,3904,,,,ზვიად,ზარიძე,ზვიად ზარიძე,,,local_2025.yml
local_2025,__main__,council_smd,strong_georgia,ძლიერი საქართველო,,3905,,,,მინდია,პაპიძე,მინდია პაპიძე,,,local_2025.yml
local_2025,__main__,council_smd,gd,ქართული ოცნება,,3905,,,,მაია,ბუცხრიკიძე,მაია ბუცხრიკიძე,,,local_2025.yml
local_2025,__main__,council_smd,strong_georgia,ძლიერი საქართველო,,3906,,,,ნუგზარ,ელიზბარაშვილი,ნუგზარ ელიზბარაშვილი,,,local_2025.yml
local_2025,__main__,council_smd,gd,ქართული ოცნება,,3906,,,,ოლეგ,ზაზაძე,ოლეგ ზაზაძე,,,local_2025.yml
local_2025,__main__,council_smd,gd,ქართული ოცნება,,3907,,,,ბესიკ,მაგრაქველიძე,ბესიკ მაგრაქველიძე,,,local_2025.yml
local_2025,__main__,council_smd,gd,ქართული ოცნება,,3908,,,,შიო,არგანაშვილი,შიო არგანაშვილი,,,local_2025.yml
local_2025,__main__,council_smd,strong_georgia,ძლიერი საქართველო,,3909,,,,თამაზ,შავაძე,თამაზ შავაძე,,,local_2025.yml
local_2025,__main__,council_smd,gd,ქართული ოცნება,,3909,,,,ჯემალ,იაკობაძე,ჯემალ იაკობაძე,,,local_2025.yml
local_2025,__main__,council_smd,gd,ქართული ოცნება,,3910,,,,ზურაბ,მელიქიძე,ზურაბ მელიქიძე,,,local_2025.yml
local_2025,__main__,council_smd,gd,ქართული ოცნება,,3911,,,,გენადი,დიასამიძე,გენადი დიასამიძე,,,local_2025.yml
local_2025,__main__,council_smd,strong_georgia,ძლიერი საქართველო,,3912,,,,ვასილ,ხითარაშვილი,ვასილ ხითარაშვილი,,,local_2025.yml
local_2025,__main__,council_smd,gd,ქართული ოცნება,,3912,,,,როინი,დათაშვილი,როინი დათაშვილი,,,local_2025.yml
local_2025,__main__,council_smd,gd,ქართული ოცნება,,4001,,,,კარაპეტ,პალოიან,კარაპეტ პალოიან,,,local_2025.yml
local_2025,__main__,council_smd,gd,ქართული ოცნება,,4002,,,,ჰაკოპ,ჩახმახჩიან,ჰაკოპ ჩახმახჩიან,,,local_2025.yml
local_2025,__main__,council_smd,gd,ქართული ოცნება,,4003,,,,სიპან,შიპაკციან,სიპან შიპაკციან,,,local_2025.yml
local_2025,__main__,council_smd,gd,ქართული ოცნება,,4004,,,,ნაირი,მელტონიან,ნაირი მელტონიან,,,local_2025.yml
local_2025,__main__,council_smd,gd,ქართული ოცნება,,4005,,,,ალბერტ,მანუშიან,ალბერტ მანუშიან,,,local_2025.yml
local_2025,__main__,council_smd,gd,ქართული ოცნება,,4006,,,,გრიგორ,კარაგებაკიან,გრიგორ კარაგებაკიან,,,local_2025.yml
local_2025,__main__,council_smd,gd,ქართული ოცნება,,4007,,,,ხვიჩა,ნათენაძე,ხვიჩა ნათენაძე,,,local_2025.yml
local_2025,__main__,council_smd,gd,ქართული ოცნება,,4008,,,,ნვერ,მოსოიან,ნვერ მოსოიან,,,local_2025.yml
local_2025,__main__,council_smd,gd,ქართული ოცნება,,4009,,,,ჰოვიკ,მურადიან,ჰოვიკ მურადიან,,,local_2025.yml
local_2025,__main__,council_smd,gd,ქართული ოცნება,,4010,,,,ჰამლეტ,მოვსესიან,ჰამლეტ მოვსესიან,,,local_2025.yml
local_2025,__main__,council_smd,gd,ქართული ოცნება,,4011,,,,გენადი,ელიზბარიან,გენადი ელიზბარიან,,,local_2025.yml
local_2025,__main__,council_smd,gd,ქართული ოცნება,,4012,,,,სამველ,მანუკიან,სამველ მანუკიან,,,local_2025.yml
local_2025,__main__,council_smd,gd,ქართული ოცნება,,4013,,,,ანზორ,ყავრელიშვილი,ანზორ ყავრელიშვილი,,,local_2025.yml
local_2025,__main__,council_smd,gd,ქართული ოცნება,,4014,,,,აშოტიკ,ეღუნიან,აშოტიკ ეღუნიან,,,local_2025.yml
local_2025,__main__,council_smd,gd,ქართული ოცნება,,4015,,,,არამაის,ზაქარიან,არამაის ზაქარიან,,,local_2025.yml
local_2025,__main__,council_smd,gd,ქართული ოცნება,,4016,,,,უშანგი,ოქროაძე,უშანგი ოქროაძე,,,local_2025.yml
local_2025,__main__,council_smd,gd,ქართული ოცნება,,4017,,,,გოჩა,შავაძე,გოჩა შავაძე,,,local_2025.yml
local_2025,__main__,council_smd,gd,ქართული ოცნება,,4018,,,,ვაგარშაკ,არაქელიან,ვაგარშაკ არაქელიან,,,local_2025.yml
local_2025,__main__,council_smd,gd,ქართული ოცნება,,4019,,,,ანნა,ღევენიან,ანნა ღევენიან,,,local_2025.yml
local_2025,__main__,council_smd,gd,ქართული ოცნება,,4020,,,,მამუკა,მარკოიძე,მამუკა მარკოიძე,,,local_2025.yml
local_2025,__main__,council_smd,gd,ქართული ოცნება,,4021,,,,გრაჩია,მოვსესიან,გრაჩია მოვსესიან,,,local_2025.yml
local_2025,__main__,council_smd,gd,ქართული ოცნება,,4022,,,,სარკის,მელიქიან,სარკის მელიქიან,,,local_2025.yml
local_2025,__main__,council_smd,gd,ქართული ოცნება,,4023,,,,სოღომონ,ასლანიან,სოღომონ ასლანიან,,,local_2025.yml
local_2025,__main__,council_smd,gd,ქართული ოცნება,,4101,,,,თუმას,ჯაღაცპანიან,თუმას ჯაღაცპანიან,,,local_2025.yml
local_2025,__main__,council_smd,gd,ქართული ოცნება,,4102,,,,ვაგინაკ,არზუმანიან,ვაგინაკ არზუმანიან,,,local_2025.yml
local_2025,__main__,council_smd,gd,ქართული ოცნება,,4103,,,,არნაკ,ახვერდიან,არნაკ ახვერდიან,,,local_2025.yml
local_2025,__main__,council_smd,gd,ქართული ოცნება,,4104,,,,არა,მანასიან,არა მანასიან,,,local_2025.yml
local_2025,__main__,council_smd,peoples_power,სახალხო ხელისუფლება,,4105,,,,ავთანდილ,ნაკაიძე,ავთანდილ ნაკაიძე,,,local_2025.yml
local_2025,__main__,council_smd,gd,ქართული ოცნება,,4105,,,,არარატ,ჩაპანიან,არარატ ჩაპანიან,,,local_2025.yml
local_2025,__main__,council_smd,gd,ქართული ოცნება,,4106,,,,სერგეი,ადუმიან,სერგეი ადუმიან,,,local_2025.yml
local_2025,__main__,council_smd,gd,ქართული ოცნება,,4107,,,,ეგორ,ქოთოიან,ეგორ ქოთოიან,,,local_2025.yml
local_2025,__main__,council_smd,gd,ქართული ოცნება,,4108,,,,გევორკ,ისოიან,გევორკ ისოიან,,,local_2025.yml
local_2025,__main__,council_smd,gd,ქართული ოცნება,,4109,,,,მანუკ,არაკელიან,მანუკ არაკელიან,,,local_2025.yml
local_2025,__main__,council_smd,independent,დამოუკიდებელი,,4109,,,,ეღიშ,მკრტჩიან,ეღიშ მკრტჩიან,,,local_2025.yml
local_2025,__main__,council_smd,gd,ქართული ოცნება,,4110,,,,ტიგრან,მადოიან,ტიგრან მადოიან,,,local_2025.yml
local_2025,__main__,council_smd,gd,ქართული ოცნება,,4111,,,,შირაზ,ხოდიკიან,შირაზ ხოდიკიან,,,local_2025.yml
local_2025,__main__,council_smd,strong_georgia,ძლიერი საქართველო,,4301,,,,ზურაბ,ბენდიანიშვილი,ზურაბ ბენდიანიშვილი,,,local_2025.yml
local_2025,__main__,council_smd,gakharia,გახარია საქართველოსთვის,,4301,,,,ეკა,მაისურაძე,ეკა მაისურაძე,,,local_2025.yml
local_2025,__main__,council_smd,gd,ქართული ოცნება,,4301,,,,პაატა,მაისურაძე,პაატა მაისურაძე,,,local_2025.yml
local_2025,__main__,council_smd,strong_georgia,ძლიერი საქართველო,,4302,,,,მევლუდი,პეტრიაშვილი,მევლუდი პეტრიაშვილი,,,local_2025.yml
local_2025,__main__,council_smd,gakharia,გახარია საქართველოსთვის,,4302,,,,შალვა,კახეთელიძე,შალვა კახეთელიძე,,,local_2025.yml
local_2025,__main__,council_smd,gd,ქართული ოცნება,,4302,,,,ნიკოლოზი,მაისურაძე,ნიკოლოზი მაისურაძე,,,local_2025.yml
local_2025,__main__,council_smd,strong_georgia,ძლიერი საქართველო,,4303,,,,გიგა,ხარებაშვილი,გიგა ხარებაშვილი,,,local_2025.yml
local_2025,__main__,council_smd,gd,ქართული ოცნება,,4303,,,,ვანო,ბიჭაშვილი,ვანო ბიჭაშვილი,,,local_2025.yml
local_2025,__main__,council_smd,gakharia,გახარია საქართველოსთვის,,4304,,,,თამაზ,მეტრეველი,თამაზ მეტრეველი,,,local_2025.yml
local_2025,__main__,council_smd,gd,ქართული ოცნება,,4304,,,,დავით,მეტრეველი,დავით მეტრეველი,,,local_2025.yml
local_2025,__main__,council_smd,conservatives_geo,კონსერვატორები საქართველოსთვის,,4305,,,,დიმიტრი,გოშაძე,დიმიტრი გოშაძე,,,local_2025.yml
local_2025,__main__,council_smd,strong_georgia,ძლიერი საქართველო,,4305,,,,დავით,გოშაძე,დავით გოშაძე,,,local_2025.yml
local_2025,__main__,council_smd,gd,ქართული ოცნება,,4305,,,,გიორგი,მელაშვილი,გიორგი მელაშვილი,,,local_2025.yml
local_2025,__main__,council_smd,strong_georgia,ძლიერი საქართველო,,4306,,,,ალექსანდრე,სხირტლაძე,ალექსანდრე სხირტლაძე,,,local_2025.yml
local_2025,__main__,council_smd,gd,ქართული ოცნება,,4306,,,,დავით,სხირტლაძე,დავით სხირტლაძე,,,local_2025.yml
local_2025,__main__,council_smd,gd,ქართული ოცნება,,4307,,,,მინდია,შერაზადიშვილი,მინდია შერაზადიშვილი,,,local_2025.yml
local_2025,__main__,council_smd,gd,ქართული ოცნება,,4308,,,,ვლადიმერი,ბერელიძე,ვლადიმერი ბერელიძე,,,local_2025.yml
local_2025,__main__,council_smd,strong_georgia,ძლიერი საქართველო,,4309,,,,ვაჟა,ბერიშვილი,ვაჟა ბერიშვილი,,,local_2025.yml
local_2025,__main__,council_smd,gd,ქართული ოცნება,,4309,,,,ბიჭიკო,კერვალიშვილი,ბიჭიკო კერვალიშვილი,,,local_2025.yml
local_2025,__main__,council_smd,gd,ქართული ოცნება,,4310,,,,მადლენა,მეტრეველი,მადლენა მეტრეველი,,,local_2025.yml
local_2025,__main__,council_smd,strong_georgia,ძლიერი საქართველო,,4311,,,,მერაბი,აბაიშვილი,მერაბი აბაიშვილი,,,local_2025.yml
local_2025,__main__,council_smd,gd,ქართული ოცნება,,4311,,,,თეიმურაზი,გოგშელიძე,თეიმურაზი გოგშელიძე,,,local_2025.yml
local_2025,__main__,council_smd,strong_georgia,ძლიერი საქართველო,,4312,,,,თამილა,არჩვაძე,თამილა არჩვაძე,,,local_2025.yml
local_2025,__main__,council_smd,gd,ქართული ოცნება,,4312,,,,გიორგი,მარკოიშვილი,გიორგი მარკოიშვილი,,,local_2025.yml
local_2025,__main__,council_smd,gd,ქართული ოცნება,,4313,,,,სერგო,ლობჯანიძე,სერგო ლობჯანიძე,,,local_2025.yml
local_2025,__main__,council_smd,conservatives_geo,კონსერვატორები საქართველოსთვის,,4314,,,,ომარ,ხვედელიანი,ომარ ხვედელიანი,,,local_2025.yml
local_2025,__main__,council_smd,strong_georgia,ძლიერი საქართველო,,4314,,,,კახაბერ,ჩიკვილაძე,კახაბერ ჩიკვილაძე,,,local_2025.yml
local_2025,__main__,council_smd,gd,ქართული ოცნება,,4314,,,,მამუკა,ყავლაშვილი,მამუკა ყავლაშვილი,,,local_2025.yml
local_2025,__main__,council_smd,independent,დამოუკიდებელი,,4314,,,,გიგა,ლობჟანიძე,გიგა ლობჟანიძე,,,local_2025.yml
local_2025,__main__,council_smd,gd,ქართული ოცნება,,4315,,,,გიორგი,ნაცვლიშვილი,გიორგი ნაცვლიშვილი,,,local_2025.yml
local_2025,__main__,council_smd,gd,ქართული ოცნება,,4316,,,,რევაზ,საბანაძე,რევაზ საბანაძე,,,local_2025.yml
local_2025,__main__,council_smd,strong_georgia,ძლიერი საქართველო,,4317,,,,გივი,მაისურაძე,გივი მაისურაძე,,,local_2025.yml
local_2025,__main__,council_smd,gakharia,გახარია საქართველოსთვის,,4317,,,,კობა,მაისურაძე,კობა მაისურაძე,,,local_2025.yml
local_2025,__main__,council_smd,gd,ქართული ოცნება,,4317,,,,ბესიკი,მაისურაძე,ბესიკი მაისურაძე,,,local_2025.yml
local_2025,__main__,council_smd,gd,ქართული ოცნება,,4318,,,,ზურაბ,რეხვიაშვილი,ზურაბ რეხვიაშვილი,,,local_2025.yml
local_2025,__main__,council_smd,conservatives_geo,კონსერვატორები საქართველოსთვის,,4401,,,,ბორის,გეწაძე,ბორის გეწაძე,,,local_2025.yml
local_2025,__main__,council_smd,strong_georgia,ძლიერი საქართველო,,4401,,,,დავით,თომაძე,დავით თომაძე,,,local_2025.yml
local_2025,__main__,council_smd,gakharia,გახარია საქართველოსთვის,,4401,,,,შოთა,ყიფიანი,შოთა ყიფიანი,,,local_2025.yml
local_2025,__main__,council_smd,gd,ქართული ოცნება,,4401,,,,ელევნორა,ბედენაშვილი,ელევნორა ბედენაშვილი,,,local_2025.yml
local_2025,__main__,council_smd,conservatives_geo,კონსერვატორები საქართველოსთვის,,4402,,,,ჭაბუკა,სოხაძე,ჭაბუკა სოხაძე,,,local_2025.yml
local_2025,__main__,council_smd,gd,ქართული ოცნება,,4402,,,,ვახტანგი,დვალი,ვახტანგი დვალი,,,local_2025.yml
local_2025,__main__,council_smd,gd,ქართული ოცნება,,4403,,,,დავით,გოგსაძე,დავით გოგსაძე,,,local_2025.yml
local_2025,__main__,council_smd,gd,ქართული ოცნება,,4404,,,,გია,მიქიაშვილი,გია მიქიაშვილი,,,local_2025.yml
local_2025,__main__,council_smd,strong_georgia,ძლიერი საქართველო,,4405,,,,ზაზა,ერაძე,ზაზა ერაძე,,,local_2025.yml
local_2025,__main__,council_smd,gd,ქართული ოცნება,,4405,,,,პაატა,მაჭანკალაძე,პაატა მაჭანკალაძე,,,local_2025.yml
local_2025,__main__,council_smd,conservatives_geo,კონსერვატორები საქართველოსთვის,,4406,,,,მანანა,ხუციშვილი,მანანა ხუციშვილი,,,local_2025.yml
local_2025,__main__,council_smd,strong_georgia,ძლიერი საქართველო,,4406,,,,სოსო,რეხვიაშვილი,სოსო რეხვიაშვილი,,,local_2025.yml
local_2025,__main__,council_smd,gd,ქართული ოცნება,,4406,,,,გიორგი,ლობჯანიძე,გიორგი ლობჯანიძე,,,local_2025.yml
local_2025,__main__,council_smd,strong_georgia,ძლიერი საქართველო,,4407,,,,ამირან,ჭელიძე,ამირან ჭელიძე,,,local_2025.yml
local_2025,__main__,council_smd,gd,ქართული ოცნება,,4407,,,,ფრიდონ,ფოფხაძე,ფრიდონ ფოფხაძე,,,local_2025.yml
local_2025,__main__,council_smd,gd,ქართული ოცნება,,4408,,,,მაია,კაციტაძე,მაია კაციტაძე,,,local_2025.yml
local_2025,__main__,council_smd,conservatives_geo,კონსერვატორები საქართველოსთვის,,4409,,,,გიორგი,ჯანგიძე,გიორგი ჯანგიძე,,,local_2025.yml
local_2025,__main__,council_smd,strong_georgia,ძლიერი საქართველო,,4409,,,,ბეჟანი,დარახველიძე,ბეჟანი დარახველიძე,,,local_2025.yml
local_2025,__main__,council_smd,gd,ქართული ოცნება,,4409,,,,მერაბი,ჩიტალაძე,მერაბი ჩიტალაძე,,,local_2025.yml
local_2025,__main__,council_smd,conservatives_geo,კონსერვატორები საქართველოსთვის,,4410,,,,მამუკა,ბედელაძე,მამუკა ბედელაძე,,,local_2025.yml
local_2025,__main__,council_smd,gd,ქართული ოცნება,,4410,,,,ზაალი,მეტრეველი,ზაალი მეტრეველი,,,local_2025.yml
local_2025,__main__,council_smd,conservatives_geo,კონსერვატორები საქართველოსთვის,,4411,,,,ტარიელი,ემნაძე,ტარიელი ემნაძე,,,local_2025.yml
local_2025,__main__,council_smd,gd,ქართული ოცნება,,4411,,,,რიჩარდ,კიკვიძე,რიჩარდ კიკვიძე,,,local_2025.yml
local_2025,__main__,council_smd,gd,ქართული ოცნება,,4412,,,,ფრიდონ,სოხაძე,ფრიდონ სოხაძე,,,local_2025.yml
local_2025,__main__,council_smd,conservatives_geo,კონსერვატორები საქართველოსთვის,,4413,,,,ბეჟან,რატიანი,ბეჟან რატიანი,,,local_2025.yml
local_2025,__main__,council_smd,strong_georgia,ძლიერი საქართველო,,4413,,,,გოჩა,ნატმელაძე,გოჩა ნატმელაძე,,,local_2025.yml
local_2025,__main__,council_smd,gd,ქართული ოცნება,,4413,,,,ესმა,მაისაშვილი,ესმა მაისაშვილი,,,local_2025.yml
local_2025,__main__,council_smd,gd,ქართული ოცნება,,4414,,,,ივანე,ცაგურიშვილი,ივანე ცაგურიშვილი,,,local_2025.yml
local_2025,__main__,council_smd,conservatives_geo,კონსერვატორები საქართველოსთვის,,4415,,,,გაიოზ,ჯინჭარაძე,გაიოზ ჯინჭარაძე,,,local_2025.yml
local_2025,__main__,council_smd,strong_georgia,ძლიერი საქართველო,,4415,,,,მედიკო,სალუქვაძე,მედიკო სალუქვაძე,,,local_2025.yml
local_2025,__main__,council_smd,gd,ქართული ოცნება,,4415,,,,ბაკურ,სანთელაძე,ბაკურ სანთელაძე,,,local_2025.yml
local_2025,__main__,council_smd,gd,ქართული ოცნება,,4416,,,,ბორის,ფრუიძე,ბორის ფრუიძე,,,local_2025.yml
local_2025,__main__,council_smd,conservatives_geo,კონსერვატორები საქართველოსთვის,,4417,,,,ფრიდონი,გეწაძე,ფრიდონი გეწაძე,,,local_2025.yml
local_2025,__main__,council_smd,strong_georgia,ძლიერი საქართველო,,4417,,,,გია,ვაწაძე,გია ვაწაძე,,,local_2025.yml
local_2025,__main__,council_smd,peoples_power,სახალხო ხელისუფლება,,4417,,,,მალხაზ,ლომთაძე,მალხაზ ლომთაძე,,,local_2025.yml
local_2025,__main__,council_smd,gakharia,გახარია საქართველოსთვის,,4417,,,,ჯულიეტა,კვაჭაძე,ჯულიეტა კვაჭაძე,,,local_2025.yml
local_2025,__main__,council_smd,gd,ქართული ოცნება,,4417,,,,ნინო,ჯოხაძე,ნინო ჯოხაძე,,,local_2025.yml
local_2025,__main__,council_smd,strong_georgia,ძლიერი საქართველო,,4418,,,,ლია,გოგოლაძე,ლია გოგოლაძე,,,local_2025.yml
local_2025,__main__,council_smd,gd,ქართული ოცნება,,4418,,,,თენგიზ,გელოვნიშვილი,თენგიზ გელოვნიშვილი,,,local_2025.yml
local_2025,__main__,council_smd,conservatives_geo,კონსერვატორები საქართველოსთვის,,4419,,,,დარეჯან,ქევანაშვილი,დარეჯან ქევანაშვილი,,,local_2025.yml
local_2025,__main__,council_smd,gd,ქართული ოცნება,,4419,,,,პაატა,კობახიძე,პაატა კობახიძე,,,local_2025.yml
local_2025,__main__,council_smd,gakharia,გახარია საქართველოსთვის,,4501,,,,აკაკი,მეშველიანი,აკაკი მეშველიანი,,,local_2025.yml
local_2025,__main__,council_smd,gd,ქართული ოცნება,,4501,,,,ვასილ,საღინაძე,ვასილ საღინაძე,,,local_2025.yml
local_2025,__main__,council_smd,gakharia,გახარია საქართველოსთვის,,4502,,,,გოგი,ანთიძე,გოგი ანთიძე,,,local_2025.yml
local_2025,__main__,council_smd,gd,ქართული ოცნება,,4502,,,,ნატო,ბურჯალიანი,ნატო ბურჯალიანი,,,local_2025.yml
local_2025,__main__,council_smd,strong_georgia,ძლიერი საქართველო,,4503,,,,კახა,ყურაშვილი,კახა ყურაშვილი,,,local_2025.yml
local_2025,__main__,council_smd,gd,ქართული ოცნება,,4503,,,,დავით,მუშკუდიანი,დავით მუშკუდიანი,,,local_2025.yml
local_2025,__main__,council_smd,conservatives_geo,კონსერვატორები საქართველოსთვის,,4504,,,,გიგა,კოპალიანი,გიგა კოპალიანი,,,local_2025.yml
local_2025,__main__,council_smd,gakharia,გახარია საქართველოსთვის,,4504,,,,ირმა,ყურაშვილი,ირმა ყურაშვილი,,,local_2025.yml
local_2025,__main__,council_smd,gd,ქართული ოცნება,,4504,,,,მამუკა,მამარდაშვილი,მამუკა მამარდაშვილი,,,local_2025.yml
local_2025,__main__,council_smd,gakharia,გახარია საქართველოსთვის,,4505,,,,სალომე,ერისთავი,სალომე ერისთავი,,,local_2025.yml
local_2025,__main__,council_smd,gd,ქართული ოცნება,,4505,,,,ვიქტორ,ცხვედიანი,ვიქტორ ცხვედიანი,,,local_2025.yml
local_2025,__main__,council_smd,gakharia,გახარია საქართველოსთვის,,4506,,,,გოდერძი,ახვლედიანი,გოდერძი ახვლედიანი,,,local_2025.yml
local_2025,__main__,council_smd,gd,ქართული ოცნება,,4506,,,,თამაზ,ჭაბუკიანი,თამაზ ჭაბუკიანი,,,local_2025.yml
local_2025,__main__,council_smd,gd,ქართული ოცნება,,4507,,,,ლაშა,ლეთოდიანი,ლაშა ლეთოდიანი,,,local_2025.yml
local_2025,__main__,council_smd,strong_georgia,ძლიერი საქართველო,,4508,,,,გოგიტა,ახვლედიანი,გოგიტა ახვლედიანი,,,local_2025.yml
local_2025,__main__,council_smd,gd,ქართული ოცნება,,4508,,,,გიორგი,გუგავა,გიორგი გუგავა,,,local_2025.yml
local_2025,__main__,council_smd,gakharia,გახარია საქართველოსთვის,,4509,,,,ზაზა,ონიანი,ზაზა ონიანი,,,local_2025.yml
local_2025,__main__,council_smd,gd,ქართული ოცნება,,4509,,,,გივი,გოგებაშვილი,გივი გოგებაშვილი,,,local_2025.yml
local_2025,__main__,council_smd,gd,ქართული ოცნება,,4510,,,,გიორგი,გოლეთიანი,გიორგი გოლეთიანი,,,local_2025.yml
local_2025,__main__,council_smd,gd,ქართული ოცნება,,4511,,,,თინათინი,ნემსწვერიძე,თინათინი ნემსწვერიძე,,,local_2025.yml
local_2025,__main__,council_smd,gd,ქართული ოცნება,,4512,,,,თამაზ,თვარაძე,თამაზ თვარაძე,,,local_2025.yml
local_2025,__main__,council_smd,gd,ქართული ოცნება,,4513,,,,ნოდარი,საღინაძე,ნოდარი საღინაძე,,,local_2025.yml
local_2025,__main__,council_smd,strong_georgia,ძლიერი საქართველო,,4514,,,,შალვა,ირემაძე,შალვა ირემაძე,,,local_2025.yml
local_2025,__main__,council_smd,gd,ქართული ოცნება,,4514,,,,ხვიჩა,ჩხეტიანი,ხვიჩა ჩხეტიანი,,,local_2025.yml
local_2025,__main__,council_smd,gakharia,გახარია საქართველოსთვის,,4515,,,,საბა,კოპალიანი,საბა კოპალიანი,,,local_2025.yml
local_2025,__main__,council_smd,gd,ქართული ოცნება,,4515,,,,ბესიკი,ჩანქსელიანი,ბესიკი ჩანქსელიანი,,,local_2025.yml
local_2025,__main__,council_smd,strong_georgia,ძლიერი საქართველო,,4516,,,,ზურაბი,დაშნიანი,ზურაბი დაშნიანი,,,local_2025.yml
local_2025,__main__,council_smd,gd,ქართული ოცნება,,4516,,,,ოთარი,თვარაძე,ოთარი თვარაძე,,,local_2025.yml
local_2025,__main__,council_smd,gd,ქართული ოცნება,,4601,,,,ირაკლი,ქურასბედიანი,ირაკლი ქურასბედიანი,,,local_2025.yml
local_2025,__main__,council_smd,gd,ქართული ოცნება,,4602,,,,მარეხ,ონიანი,მარეხ ონიანი,,,local_2025.yml
local_2025,__main__,council_smd,strong_georgia,ძლიერი საქართველო,,4603,,,,ცოტნე,მუსელიანი,ცოტნე მუსელიანი,,,local_2025.yml
local_2025,__main__,council_smd,gd,ქართული ოცნება,,4603,,,,მურმან,ტვილდიანი,მურმან ტვილდიანი,,,local_2025.yml
local_2025,__main__,council_smd,gd,ქართული ოცნება,,4604,,,,სოსო,ავალიანი,სოსო ავალიანი,,,local_2025.yml
local_2025,__main__,council_smd,gd,ქართული ოცნება,,4605,,,,ხუტა,მუკბანიანი,ხუტა მუკბანიანი,,,local_2025.yml
local_2025,__main__,council_smd,gd,ქართული ოცნება,,4606,,,,ემზარ,ქალდანი,ემზარ ქალდანი,,,local_2025.yml
local_2025,__main__,council_smd,strong_georgia,ძლიერი საქართველო,,4607,,,,გამზა,ლიპარტელიანი,გამზა ლიპარტელიანი,,,local_2025.yml
local_2025,__main__,council_smd,gd,ქართული ოცნება,,4607,,,,ელდარ,ლიპარტელიანი,ელდარ ლიპარტელიანი,,,local_2025.yml
local_2025,__main__,council_smd,strong_georgia,ძლიერი საქართველო,,4608,,,,ედიშერი,მეშველიანი,ედიშერი მეშველიანი,,,local_2025.yml
local_2025,__main__,council_smd,gd,ქართული ოცნება,,4608,,,,კახა,ლიპარტელიანი,კახა ლიპარტელიანი,,,local_2025.yml
local_2025,__main__,council_smd,strong_georgia,ძლიერი საქართველო,,4701,,,,ზაზა,დევდარიანი,ზაზა დევდარიანი,,,local_2025.yml
local_2025,__main__,council_smd,gd,ქართული ოცნება,,4701,,,,მაიზერ,ჯაფარიძე,მაიზერ ჯაფარიძე,,,local_2025.yml
local_2025,__main__,council_smd,strong_georgia,ძლიერი საქართველო,,4702,,,,მალხაზ,გოშუანი,მალხაზ გოშუანი,,,local_2025.yml
local_2025,__main__,council_smd,gd,ქართული ოცნება,,4702,,,,ტარიელ,კვიციანი,ტარიელ კვიციანი,,,local_2025.yml
local_2025,__main__,council_smd,gd,ქართული ოცნება,,4703,,,,ზაზა,გერლიანი,ზაზა გერლიანი,,,local_2025.yml
local_2025,__main__,council_smd,gd,ქართული ოცნება,,4704,,,,ლაშა,პირველი,ლაშა პირველი,,,local_2025.yml
local_2025,__main__,council_smd,gd,ქართული ოცნება,,4705,,,,ზვიადი,ხარძიანი,ზვიადი ხარძიანი,,,local_2025.yml
local_2025,__main__,council_smd,gd,ქართული ოცნება,,4706,,,,ირაკლი,გირგვლიანი,ირაკლი გირგვლიანი,,,local_2025.yml
local_2025,__main__,council_smd,gd,ქართული ოცნება,,4707,,,,ვალოდია,ჭკადუა,ვალოდია ჭკადუა,,,local_2025.yml
local_2025,__main__,council_smd,gd,ქართული ოცნება,,4708,,,,გიორგი,შუკვანი,გიორგი შუკვანი,,,local_2025.yml
local_2025,__main__,council_smd,gd,ქართული ოცნება,,4709,,,,კახა,გუჯეჯიანი,კახა გუჯეჯიანი,,,local_2025.yml
local_2025,__main__,council_smd,gd,ქართული ოცნება,,4710,,,,როდამ,გვარმიანი,როდამ გვარმიანი,,,local_2025.yml
local_2025,__main__,council_smd,gd,ქართული ოცნება,,4711,,,,ანზორ,რატიანი,ანზორ რატიანი,,,local_2025.yml
local_2025,__main__,council_smd,gd,ქართული ოცნება,,4712,,,,თენგიზ,დადეშქელიანი,თენგიზ დადეშქელიანი,,,local_2025.yml
local_2025,__main__,council_smd,gd,ქართული ოცნება,,4713,,,,გოჩა,ქალდანი,გოჩა ქალდანი,,,local_2025.yml
local_2025,__main__,council_smd,gd,ქართული ოცნება,,4714,,,,გოჩა,გიგლემიანი,გოჩა გიგლემიანი,,,local_2025.yml
local_2025,__main__,council_smd,gakharia,გახარია საქართველოსთვის,,4715,,,,გელა,ცალანი,გელა ცალანი,,,local_2025.yml
local_2025,__main__,council_smd,gd,ქართული ოცნება,,4715,,,,მერაბ,პაკელიანი,მერაბ პაკელიანი,,,local_2025.yml
local_2025,__main__,council_smd,gakharia,გახარია საქართველოსთვის,,4716,,,,დავით,ნიჟარაძე,დავით ნიჟარაძე,,,local_2025.yml
local_2025,__main__,council_smd,gd,ქართული ოცნება,,4716,,,,ლერი,კვირიკაძე,ლერი კვირიკაძე,,,local_2025.yml
local_2025,__main__,council_smd,strong_georgia,ძლიერი საქართველო,,4801,,,,მიხეილ,ჭიპაშვილი,მიხეილ ჭიპაშვილი,,,local_2025.yml
local_2025,__main__,council_smd,gakharia,გახარია საქართველოსთვის,,4801,,,,ქეთევან,თავზარაშვილი,ქეთევან თავზარაშვილი,,,local_2025.yml
local_2025,__main__,council_smd,gd,ქართული ოცნება,,4801,,,,ბესიკი,კვირიკაშვილი,ბესიკი კვირიკაშვილი,,,local_2025.yml
local_2025,__main__,council_smd,gakharia,გახარია საქართველოსთვის,,4802,,,,ბესიკ,ავალიშვილი,ბესიკ ავალიშვილი,,,local_2025.yml
local_2025,__main__,council_smd,gd,ქართული ოცნება,,4802,,,,იზოლდა,ვეფხვაძე,იზოლდა ვეფხვაძე,,,local_2025.yml
local_2025,__main__,council_smd,patriots,საქართველოს პატრიოტთა ალიანსი,,4803,,,,მალხაზი,წიქარიშვილი,მალხაზი წიქარიშვილი,,,local_2025.yml
local_2025,__main__,council_smd,strong_georgia,ძლიერი საქართველო,,4803,,,,ნიკოლოზ,ბირკაძე,ნიკოლოზ ბირკაძე,,,local_2025.yml
local_2025,__main__,council_smd,gd,ქართული ოცნება,,4803,,,,მანანა,ბარბაქაძე,მანანა ბარბაქაძე,,,local_2025.yml
local_2025,__main__,council_smd,strong_georgia,ძლიერი საქართველო,,4804,,,,ომარ,გაგოშიძე,ომარ გაგოშიძე,,,local_2025.yml
local_2025,__main__,council_smd,gd,ქართული ოცნება,,4804,,,,კობა,კვირიკაშვილი,კობა კვირიკაშვილი,,,local_2025.yml
local_2025,__main__,council_smd,strong_georgia,ძლიერი საქართველო,,4805,,,,აკაკი,მეტრეველი,აკაკი მეტრეველი,,,local_2025.yml
local_2025,__main__,council_smd,gd,ქართული ოცნება,,4805,,,,პაატა,გოგოლაძე,პაატა გოგოლაძე,,,local_2025.yml
local_2025,__main__,council_smd,strong_georgia,ძლიერი საქართველო,,4806,,,,გიორგი,მაღლაკელიძე,გიორგი მაღლაკელიძე,,,local_2025.yml
local_2025,__main__,council_smd,gd,ქართული ოცნება,,4806,,,,ვლადიმერ,ტალახაძე,ვლადიმერ ტალახაძე,,,local_2025.yml
local_2025,__main__,council_smd,gakharia,გახარია საქართველოსთვის,,4807,,,,ვარლამ,თავზარაშვილი,ვარლამ თავზარაშვილი,,,local_2025.yml
local_2025,__main__,council_smd,gd,ქართული ოცნება,,4807,,,,კიაზო,გამრეკელაშვილი,კიაზო გამრეკელაშვილი,,,local_2025.yml
local_2025,__main__,council_smd,strong_georgia,ძლიერი საქართველო,,4808,,,,დარეჯან,გელაშვილი,დარეჯან გელაშვილი,,,local_2025.yml
local_2025,__main__,council_smd,gd,ქართული ოცნება,,4808,,,,პავლე,კიკალიშვილი,პავლე კიკალიშვილი,,,local_2025.yml
local_2025,__main__,council_smd,strong_georgia,ძლიერი საქართველო,,4809,,,,თამარ,ტაბატაძე,თამარ ტაბატაძე,,,local_2025.yml
local_2025,__main__,council_smd,gd,ქართული ოცნება,,4809,,,,გელა,მაღრაძე,გელა მაღრაძე,,,local_2025.yml
local_2025,__main__,council_smd,gakharia,გახარია საქართველოსთვის,,4810,,,,გოჩა,ჩხაბერიძე,გოჩა ჩხაბერიძე,,,local_2025.yml
local_2025,__main__,council_smd,gd,ქართული ოცნება,,4810,,,,მერაბი,ტალახაძე,მერაბი ტალახაძე,,,local_2025.yml
local_2025,__main__,council_smd,strong_georgia,ძლიერი საქართველო,,4811,,,,ზურაბი,გელაშვილი,ზურაბი გელაშვილი,,,local_2025.yml
local_2025,__main__,council_smd,gd,ქართული ოცნება,,4811,,,,დოდო,ხაჩიძე,დოდო ხაჩიძე,,,local_2025.yml
local_2025,__main__,council_smd,strong_georgia,ძლიერი საქართველო,,4812,,,,ბეჟან,კაპანაძე,ბეჟან კაპანაძე,,,local_2025.yml
local_2025,__main__,council_smd,gd,ქართული ოცნება,,4812,,,,ავთანდილ,ვეფხვაძე,ავთანდილ ვეფხვაძე,,,local_2025.yml
local_2025,__main__,council_smd,strong_georgia,ძლიერი საქართველო,,4813,,,,არჩილ,ზირაქაძე,არჩილ ზირაქაძე,,,local_2025.yml
local_2025,__main__,council_smd,gd,ქართული ოცნება,,4813,,,,დავით,კიკნაძე,დავით კიკნაძე,,,local_2025.yml
local_2025,__main__,council_smd,strong_georgia,ძლიერი საქართველო,,4814,,,,ვიტალი,ორლოვი,ვიტალი ორლოვი,,,local_2025.yml
local_2025,__main__,council_smd,gd,ქართული ოცნება,,4814,,,,გრიგოლ,ჭიპაშვილი,გრიგოლ ჭიპაშვილი,,,local_2025.yml
local_2025,__main__,council_smd,strong_georgia,ძლიერი საქართველო,,4815,,,,დურმიშხან,იჩქიტიძე,დურმიშხან იჩქიტიძე,,,local_2025.yml
local_2025,__main__,council_smd,gd,ქართული ოცნება,,4815,,,,გურამ,კურტანიძე,გურამ კურტანიძე,,,local_2025.yml
local_2025,__main__,council_smd,strong_georgia,ძლიერი საქართველო,,4816,,,,გერონტი,ბლუაშვილი,გერონტი ბლუაშვილი,,,local_2025.yml
local_2025,__main__,council_smd,gd,ქართული ოცნება,,4816,,,,ბესიკ,ტალახაძე,ბესიკ ტალახაძე,,,local_2025.yml
local_2025,__main__,council_smd,gakharia,გახარია საქართველოსთვის,,4817,,,,დავით,მღებრიშვილი,დავით მღებრიშვილი,,,local_2025.yml
local_2025,__main__,council_smd,gd,ქართული ოცნება,,4817,,,,როინ,გელაშვილი,როინ გელაშვილი,,,local_2025.yml
local_2025,__main__,council_smd,patriots,საქართველოს პატრიოტთა ალიანსი,,4818,,,,ბადრი,გოგოლაძე,ბადრი გოგოლაძე,,,local_2025.yml
local_2025,__main__,council_smd,strong_georgia,ძლიერი საქართველო,,4818,,,,გოგიტა,გრიგალაშვილი,გოგიტა გრიგალაშვილი,,,local_2025.yml
local_2025,__main__,council_smd,gd,ქართული ოცნება,,4818,,,,ბესარიონ,გრიგალაშვილი,ბესარიონ გრიგალაშვილი,,,local_2025.yml
local_2025,__main__,council_smd,gd,ქართული ოცნება,,4819,,,,ნონა,ზურაბიანი,ნონა ზურაბიანი,,,local_2025.yml
local_2025,__main__,council_smd,gakharia,გახარია საქართველოსთვის,,4820,,,,გივი,მაისურაძე,გივი მაისურაძე,,,local_2025.yml
local_2025,__main__,council_smd,gd,ქართული ოცნება,,4820,,,,ლენა,აბაშიძე,ლენა აბაშიძე,,,local_2025.yml
local_2025,__main__,council_smd,independent,დამოუკიდებელი,,4820,,,,ალექსანდრე,ციცქიშვილი,ალექსანდრე ციცქიშვილი,,,local_2025.yml
local_2025,__main__,council_smd,conservatives_geo,კონსერვატორები საქართველოსთვის,,4901,,,,ზაზა,კვერნაძე,ზაზა კვერნაძე,,,local_2025.yml
local_2025,__main__,council_smd,strong_georgia,ძლიერი საქართველო,,4901,,,,ხვიჩა,ნიკოლეიშვილი,ხვიჩა ნიკოლეიშვილი,,,local_2025.yml
local_2025,__main__,council_smd,gd,ქართული ოცნება,,4901,,,,ზურაბი,ჩხიკვაძე,ზურაბი ჩხიკვაძე,,,local_2025.yml
local_2025,__main__,council_smd,conservatives_geo,კონსერვატორები საქართველოსთვის,,4902,,,,ზაური,ობოლაძე,ზაური ობოლაძე,,,local_2025.yml
local_2025,__main__,council_smd,strong_georgia,ძლიერი საქართველო,,4902,,,,რევაზი,მაჭარაშვილი,რევაზი მაჭარაშვილი,,,local_2025.yml
local_2025,__main__,council_smd,gd,ქართული ოცნება,,4902,,,,ელისო,მურადაშვილი,ელისო მურადაშვილი,,,local_2025.yml
local_2025,__main__,council_smd,strong_georgia,ძლიერი საქართველო,,4903,,,,ალექსანდრე,კახიძე,ალექსანდრე კახიძე,,,local_2025.yml
local_2025,__main__,council_smd,gd,ქართული ოცნება,,4903,,,,ბადრი,ბუცხრიკიძე,ბადრი ბუცხრიკიძე,,,local_2025.yml
local_2025,__main__,council_smd,conservatives_geo,კონსერვატორები საქართველოსთვის,,4904,,,,დიმიტრი,ცარციძე,დიმიტრი ცარციძე,,,local_2025.yml
local_2025,__main__,council_smd,strong_georgia,ძლიერი საქართველო,,4904,,,,რამიზი,ბუცხრიკიძე,რამიზი ბუცხრიკიძე,,,local_2025.yml
local_2025,__main__,council_smd,gd,ქართული ოცნება,,4904,,,,ბიძინა,ბუცხრიკიძე,ბიძინა ბუცხრიკიძე,,,local_2025.yml
local_2025,__main__,council_smd,conservatives_geo,კონსერვატორები საქართველოსთვის,,4905,,,,ნიკო,კლდიაშვილი,ნიკო კლდიაშვილი,,,local_2025.yml
local_2025,__main__,council_smd,gakharia,გახარია საქართველოსთვის,,4905,,,,გელა,ქასრაშვილი,გელა ქასრაშვილი,,,local_2025.yml
local_2025,__main__,council_smd,gd,ქართული ოცნება,,4905,,,,გოჩა,ვერულაშვილი,გოჩა ვერულაშვილი,,,local_2025.yml
local_2025,__main__,council_smd,strong_georgia,ძლიერი საქართველო,,4906,,,,გიორგი,არაბიძე,გიორგი არაბიძე,,,local_2025.yml
local_2025,__main__,council_smd,gd,ქართული ოცნება,,4906,,,,რამაზი,ლორთქიფანიძე,რამაზი ლორთქიფანიძე,,,local_2025.yml
local_2025,__main__,council_smd,independent,დამოუკიდებელი,,4906,,,,დავითი,ისაკაძე,დავითი ისაკაძე,,,local_2025.yml
local_2025,__main__,council_smd,conservatives_geo,კონსერვატორები საქართველოსთვის,,4907,,,,კახა,გიორხელიძე,კახა გიორხელიძე,,,local_2025.yml
local_2025,__main__,council_smd,strong_georgia,ძლიერი საქართველო,,4907,,,,სოფიკო,გუბელიძე,სოფიკო გუბელიძე,,,local_2025.yml
local_2025,__main__,council_smd,gd,ქართული ოცნება,,4907,,,,გრიგოლ,გიორგაძე,გრიგოლ გიორგაძე,,,local_2025.yml
local_2025,__main__,council_smd,conservatives_geo,კონსერვატორები საქართველოსთვის,,4908,,,,მურადი,კუბლაშვილი,მურადი კუბლაშვილი,,,local_2025.yml
local_2025,__main__,council_smd,gd,ქართული ოცნება,,4908,,,,მამული,კოვზირიძე,მამული კოვზირიძე,,,local_2025.yml
local_2025,__main__,council_smd,strong_georgia,ძლიერი საქართველო,,4909,,,,მარეხი,კირკიტაძე,მარეხი კირკიტაძე,,,local_2025.yml
local_2025,__main__,council_smd,gd,ქართული ოცნება,,4909,,,,ომარი,ჯიხვაშვილი,ომარი ჯიხვაშვილი,,,local_2025.yml
local_2025,__main__,council_smd,strong_georgia,ძლიერი საქართველო,,4910,,,,ტარიელ,გაბრიჭიძე,ტარიელ გაბრიჭიძე,,,local_2025.yml
local_2025,__main__,council_smd,gakharia,გახარია საქართველოსთვის,,4910,,,,გურამი,თედიაშვილი,გურამი თედიაშვილი,,,local_2025.yml
local_2025,__main__,council_smd,gd,ქართული ოცნება,,4910,,,,მირზა,აფრიდონიძე,მირზა აფრიდონიძე,,,local_2025.yml
local_2025,__main__,council_smd,strong_georgia,ძლიერი საქართველო,,4911,,,,ბერდია,ცირეკიძე,ბერდია ცირეკიძე,,,local_2025.yml
local_2025,__main__,council_smd,gd,ქართული ოცნება,,4911,,,,ლაშა,ლანჩავა,ლაშა ლანჩავა,,,local_2025.yml
local_2025,__main__,council_smd,conservatives_geo,კონსერვატორები საქართველოსთვის,,4912,,,,როინი,გოგიაშვილი,როინი გოგიაშვილი,,,local_2025.yml
local_2025,__main__,council_smd,strong_georgia,ძლიერი საქართველო,,4912,,,,ოთარი,სოფრომაძე,ოთარი სოფრომაძე,,,local_2025.yml
local_2025,__main__,council_smd,gd,ქართული ოცნება,,4912,,,,შალვა,ჭანკვეტაძე,შალვა ჭანკვეტაძე,,,local_2025.yml
local_2025,__main__,council_smd,conservatives_geo,კონსერვატორები საქართველოსთვის,,4913,,,,ელიზბარი,ცინაძე,ელიზბარი ცინაძე,,,local_2025.yml
local_2025,__main__,council_smd,strong_georgia,ძლიერი საქართველო,,4913,,,,სერგო,კირკიტაძე,სერგო კირკიტაძე,,,local_2025.yml
local_2025,__main__,council_smd,gd,ქართული ოცნება,,4913,,,,დავითი,გოგბერაშვილი,დავითი გოგბერაშვილი,,,local_2025.yml
local_2025,__main__,council_smd,gakharia,გახარია საქართველოსთვის,,4914,,,,თენგიზი,კლდიაშვილი,თენგიზი კლდიაშვილი,,,local_2025.yml
local_2025,__main__,council_smd,gd,ქართული ოცნება,,4914,,,,გიორგი,ქასრაშვილი,გიორგი ქასრაშვილი,,,local_2025.yml
local_2025,__main__,council_smd,gd,ქართული ოცნება,,4915,,,,ჯემალი,ისაკაძე,ჯემალი ისაკაძე,,,local_2025.yml
local_2025,__main__,council_smd,independent,დამოუკიდებელი,,4915,,,,ბიქტორ,სირბილაძე,ბიქტორ სირბილაძე,,,local_2025.yml
local_2025,__main__,council_smd,conservatives_geo,კონსერვატორები საქართველოსთვის,,4916,,,,ირაკლი,დათუაძე,ირაკლი დათუაძე,,,local_2025.yml
local_2025,__main__,council_smd,gd,ქართული ოცნება,,4916,,,,გიორგი,ბრეგაძე,გიორგი ბრეგაძე,,,local_2025.yml
local_2025,__main__,council_smd,strong_georgia,ძლიერი საქართველო,,4917,,,,თინა,თავაძე,თინა თავაძე,,,local_2025.yml
local_2025,__main__,council_smd,gd,ქართული ოცნება,,4917,,,,იუზა,უგრეხელიძე,იუზა უგრეხელიძე,,,local_2025.yml
local_2025,__main__,council_smd,strong_georgia,ძლიერი საქართველო,,4918,,,,იაზონი,აბულაძე,იაზონი აბულაძე,,,local_2025.yml
local_2025,__main__,council_smd,gd,ქართული ოცნება,,4918,,,,გიორგი,ყაზაიშვილი,გიორგი ყაზაიშვილი,,,local_2025.yml
local_2025,__main__,council_smd,gakharia,გახარია საქართველოსთვის,,4919,,,,ვლადიმერი,ბლიაძე,ვლადიმერი ბლიაძე,,,local_2025.yml
local_2025,__main__,council_smd,gd,ქართული ოცნება,,4919,,,,მანუჩარი,ფანჩულიძე,მანუჩარი ფანჩულიძე,,,local_2025.yml
local_2025,__main__,council_smd,strong_georgia,ძლიერი საქართველო,,4920,,,,ლალი,ელიავა,ლალი ელიავა,,,local_2025.yml
local_2025,__main__,council_smd,gd,ქართული ოცნება,,4920,,,,გიორგი,ბერეკაშვილი,გიორგი ბერეკაშვილი,,,local_2025.yml
local_2025,__main__,council_smd,gd,ქართული ოცნება,,5001,,,,გივი,კუჭაშვილი,გივი კუჭაშვილი,,,local_2025.yml
local_2025,__main__,council_smd,gd,ქართული ოცნება,,5002,,,,ნოდარი,ბუღაძე,ნოდარი ბუღაძე,,,local_2025.yml
local_2025,__main__,council_smd,gd,ქართული ოცნება,,5003,,,,ირაკლი,ჩხიკვაძე,ირაკლი ჩხიკვაძე,,,local_2025.yml
local_2025,__main__,council_smd,gd,ქართული ოცნება,,5004,,,,ანტონი,კერესელიძე,ანტონი კერესელიძე,,,local_2025.yml
local_2025,__main__,council_smd,gd,ქართული ოცნება,,5005,,,,დავით,მაჭარაშვილი,დავით მაჭარაშვილი,,,local_2025.yml
local_2025,__main__,council_smd,gd,ქართული ოცნება,,5006,,,,მამუკა,ბედიანიძე,მამუკა ბედიანიძე,,,local_2025.yml
local_2025,__main__,council_smd,gd,ქართული ოცნება,,5007,,,,იაგო,ბერიძე,იაგო ბერიძე,,,local_2025.yml
local_2025,__main__,council_smd,gd,ქართული ოცნება,,5008,,,,მარინა,წერეთელი,მარინა წერეთელი,,,local_2025.yml
local_2025,__main__,council_smd,strong_georgia,ძლიერი საქართველო,,5009,,,,მურთაზი,გაბაძე,მურთაზი გაბაძე,,,local_2025.yml
local_2025,__main__,council_smd,gd,ქართული ოცნება,,5009,,,,იოსებ,გოგიტაძე,იოსებ გოგიტაძე,,,local_2025.yml
local_2025,__main__,council_smd,gd,ქართული ოცნება,,5010,,,,კობა,ხვედელიძე,კობა ხვედელიძე,,,local_2025.yml
local_2025,__main__,council_smd,gd,ქართული ოცნება,,5011,,,,ბეჟანი,ომიაძე,ბეჟანი ომიაძე,,,local_2025.yml
local_2025,__main__,council_smd,gd,ქართული ოცნება,,5012,,,,გოჩა,ახვლედიანი,გოჩა ახვლედიანი,,,local_2025.yml
local_2025,__main__,council_smd,gd,ქართული ოცნება,,5013,,,,მამუკა,ნოზაძე,მამუკა ნოზაძე,,,local_2025.yml
local_2025,__main__,council_smd,strong_georgia,ძლიერი საქართველო,,5014,,,,ზურაბ,ნოზაძე,ზურაბ ნოზაძე,,,local_2025.yml
local_2025,__main__,council_smd,gd,ქართული ოცნება,,5014,,,,ტარიელ,ხვედელიძე,ტარიელ ხვედელიძე,,,local_2025.yml
local_2025,__main__,council_smd,mamuli_ena,"მამული, ენა, სარწმუნოება",,5101,,,,ზურაბ,ნინიკაშვილი,ზურაბ ნინიკაშვილი,,,local_2025.yml
local_2025,__main__,council_smd,strong_georgia,ძლიერი საქართველო,,5101,,,,სიმონ,ქოჩიაშვილი,სიმონ ქოჩიაშვილი,,,local_2025.yml
local_2025,__main__,council_smd,gd,ქართული ოცნება,,5101,,,,ირმა,გიორგაძე,ირმა გიორგაძე,,,local_2025.yml
local_2025,__main__,council_smd,conservatives_geo,კონსერვატორები საქართველოსთვის,,5102,,,,ვახტანგ,ქურციკიძე,ვახტანგ ქურციკიძე,,,local_2025.yml
local_2025,__main__,council_smd,gakharia,გახარია საქართველოსთვის,,5102,,,,მაია,კახნიაშვილი,მაია კახნიაშვილი,,,local_2025.yml
local_2025,__main__,council_smd,gd,ქართული ოცნება,,5102,,,,გიორგი,კაკოიშვილი,გიორგი კაკოიშვილი,,,local_2025.yml
local_2025,__main__,council_smd,gakharia,გახარია საქართველოსთვის,,5103,,,,არჩილ,სამხარაძე,არჩილ სამხარაძე,,,local_2025.yml
local_2025,__main__,council_smd,gd,ქართული ოცნება,,5103,,,,დავით,ტალახაძე,დავით ტალახაძე,,,local_2025.yml
local_2025,__main__,council_smd,gakharia,გახარია საქართველოსთვის,,5104,,,,მევლუდი,ნიშნიანიძე,მევლუდი ნიშნიანიძე,,,local_2025.yml
local_2025,__main__,council_smd,gd,ქართული ოცნება,,5104,,,,არჩილი,მაღლაკელიძე,არჩილი მაღლაკელიძე,,,local_2025.yml
local_2025,__main__,council_smd,gakharia,გახარია საქართველოსთვის,,5105,,,,ლუკა,თავაძე,ლუკა თავაძე,,,local_2025.yml
local_2025,__main__,council_smd,gd,ქართული ოცნება,,5105,,,,რობერტი,მახათაძე,რობერტი მახათაძე,,,local_2025.yml
local_2025,__main__,council_smd,gakharia,გახარია საქართველოსთვის,,5106,,,,ჯაბა,სუქნიძე,ჯაბა სუქნიძე,,,local_2025.yml
local_2025,__main__,council_smd,gd,ქართული ოცნება,,5106,,,,ნანული,ეჯიბაძე,ნანული ეჯიბაძე,,,local_2025.yml
local_2025,__main__,council_smd,gakharia,გახარია საქართველოსთვის,,5107,,,,გიორგი,მანჯავიძე,გიორგი მანჯავიძე,,,local_2025.yml
local_2025,__main__,council_smd,gd,ქართული ოცნება,,5107,,,,ილია,ფუტკარაძე,ილია ფუტკარაძე,,,local_2025.yml
local_2025,__main__,council_smd,strong_georgia,ძლიერი საქართველო,,5108,,,,ზურაბ,კურცხალია,ზურაბ კურცხალია,,,local_2025.yml
local_2025,__main__,council_smd,gd,ქართული ოცნება,,5108,,,,ელგუჯა,კვეტენაძე,ელგუჯა კვეტენაძე,,,local_2025.yml
local_2025,__main__,council_smd,independent,დამოუკიდებელი,,5108,,,,ერეკლე,კვეტენაძე,ერეკლე კვეტენაძე,,,local_2025.yml
local_2025,__main__,council_smd,gd,ქართული ოცნება,,5109,,,,ალექსანდრე,შავიძე,ალექსანდრე შავიძე,,,local_2025.yml
local_2025,__main__,council_smd,gakharia,გახარია საქართველოსთვის,,5110,,,,გიგა,გაბრიჭიძე,გიგა გაბრიჭიძე,,,local_2025.yml
local_2025,__main__,council_smd,gd,ქართული ოცნება,,5110,,,,ანგი,ბოჭორიშვილი,ანგი ბოჭორიშვილი,,,local_2025.yml
local_2025,__main__,council_smd,gd,ქართული ოცნება,,5111,,,,კახაბერ,არსენაშვილი,კახაბერ არსენაშვილი,,,local_2025.yml
local_2025,__main__,council_smd,strong_georgia,ძლიერი საქართველო,,5112,,,,ილია,ღვანიძე,ილია ღვანიძე,,,local_2025.yml
local_2025,__main__,council_smd,gd,ქართული ოცნება,,5112,,,,ბადრი,წაქაძე,ბადრი წაქაძე,,,local_2025.yml
local_2025,__main__,council_smd,strong_georgia,ძლიერი საქართველო,,5113,,,,გია,თავხელიძე,გია თავხელიძე,,,local_2025.yml
local_2025,__main__,council_smd,gd,ქართული ოცნება,,5113,,,,ბექა,ხურციძე,ბექა ხურციძე,,,local_2025.yml
local_2025,__main__,council_smd,gd,ქართული ოცნება,,5114,,,,ვლადიმერ,კამლაძე,ვლადიმერ კამლაძე,,,local_2025.yml
local_2025,__main__,council_smd,gakharia,გახარია საქართველოსთვის,,5115,,,,მერაბი,ფერაძე,მერაბი ფერაძე,,,local_2025.yml
local_2025,__main__,council_smd,gd,ქართული ოცნება,,5115,,,,ნუგზარი,ფერაძე,ნუგზარი ფერაძე,,,local_2025.yml
local_2025,__main__,council_smd,gd,ქართული ოცნება,,5116,,,,მაია,ჩხეიძე,მაია ჩხეიძე,,,local_2025.yml
local_2025,__main__,council_smd,strong_georgia,ძლიერი საქართველო,,5117,,,,ლევან,ურიადმყოფელი,ლევან ურიადმყოფელი,,,local_2025.yml
local_2025,__main__,council_smd,gd,ქართული ოცნება,,5117,,,,პაატა,ნასრაძე,პაატა ნასრაძე,,,local_2025.yml
local_2025,__main__,council_smd,gakharia,გახარია საქართველოსთვის,,5118,,,,იროდიონი,სამხარაძე,იროდიონი სამხარაძე,,,local_2025.yml
local_2025,__main__,council_smd,gd,ქართული ოცნება,,5118,,,,ვახტანგ,ლაბაძე,ვახტანგ ლაბაძე,,,local_2025.yml
local_2025,__main__,council_smd,gd,ქართული ოცნება,,5119,,,,მამუკა,კურტანიძე,მამუკა კურტანიძე,,,local_2025.yml
local_2025,__main__,council_smd,mamuli_ena,"მამული, ენა, სარწმუნოება",,5120,,,,ნინო,შალამბერიძე,ნინო შალამბერიძე,,,local_2025.yml
local_2025,__main__,council_smd,strong_georgia,ძლიერი საქართველო,,5120,,,,ლუარსაბ,გიორგაძე,ლუარსაბ გიორგაძე,,,local_2025.yml
local_2025,__main__,council_smd,gd,ქართული ოცნება,,5120,,,,გიორგი,ბახტიძე,გიორგი ბახტიძე,,,local_2025.yml
local_2025,__main__,council_smd,gakharia,გახარია საქართველოსთვის,,5121,,,,დავით,გურგენიძე,დავით გურგენიძე,,,local_2025.yml
local_2025,__main__,council_smd,gd,ქართული ოცნება,,5121,,,,თემური,მაღლაკელიძე,თემური მაღლაკელიძე,,,local_2025.yml
local_2025,__main__,council_smd,conservatives_geo,კონსერვატორები საქართველოსთვის,,5201,,,,ნინო,გუმბერიძე,ნინო გუმბერიძე,,,local_2025.yml
local_2025,__main__,council_smd,gd,ქართული ოცნება,,5201,,,,ირაკლი,ყანჩაველი,ირაკლი ყანჩაველი,,,local_2025.yml
local_2025,__main__,council_smd,conservatives_geo,კონსერვატორები საქართველოსთვის,,5202,,,,ავთანდილ,კვეტენაძე,ავთანდილ კვეტენაძე,,,local_2025.yml
local_2025,__main__,council_smd,strong_georgia,ძლიერი საქართველო,,5202,,,,გოგა,თოლორდავა,გოგა თოლორდავა,,,local_2025.yml
local_2025,__main__,council_smd,gd,ქართული ოცნება,,5202,,,,თეა,გოგნაძე,თეა გოგნაძე,,,local_2025.yml
local_2025,__main__,council_smd,conservatives_geo,კონსერვატორები საქართველოსთვის,,5203,,,,მამუკა,კვეტენაძე,მამუკა კვეტენაძე,,,local_2025.yml
local_2025,__main__,council_smd,strong_georgia,ძლიერი საქართველო,,5203,,,,კახა,კოხოძე,კახა კოხოძე,,,local_2025.yml
local_2025,__main__,council_smd,gd,ქართული ოცნება,,5203,,,,გია,სახამბერიძე,გია სახამბერიძე,,,local_2025.yml
local_2025,__main__,council_smd,gd,ქართული ოცნება,,5204,,,,ელიზა,ზაზარაშვილი,ელიზა ზაზარაშვილი,,,local_2025.yml
local_2025,__main__,council_smd,strong_georgia,ძლიერი საქართველო,,5205,,,,მურთაზ,კელენჯერიძე,მურთაზ კელენჯერიძე,,,local_2025.yml
local_2025,__main__,council_smd,gd,ქართული ოცნება,,5205,,,,შადიმან,გორგოძე,შადიმან გორგოძე,,,local_2025.yml
local_2025,__main__,council_smd,gd,ქართული ოცნება,,5206,,,,ირაკლი,მშვილდაძე,ირაკლი მშვილდაძე,,,local_2025.yml
local_2025,__main__,council_smd,conservatives_geo,კონსერვატორები საქართველოსთვის,,5207,,,,არტურ,მაშანეიშვილი,არტურ მაშანეიშვილი,,,local_2025.yml
local_2025,__main__,council_smd,gd,ქართული ოცნება,,5207,,,,სიმონ,ჭოლოკავა,სიმონ ჭოლოკავა,,,local_2025.yml
local_2025,__main__,council_smd,strong_georgia,ძლიერი საქართველო,,5208,,,,რეზო,ბურჯანაძე,რეზო ბურჯანაძე,,,local_2025.yml
local_2025,__main__,council_smd,gd,ქართული ოცნება,,5208,,,,მურად,ბურჯანაძე,მურად ბურჯანაძე,,,local_2025.yml
local_2025,__main__,council_smd,gd,ქართული ოცნება,,5209,,,,ზაზა,ზივზივაძე,ზაზა ზივზივაძე,,,local_2025.yml
local_2025,__main__,council_smd,our_georgia,ჩვენი გაერთიანებული საქართველო,,5210,,,,ალექსანდრე,ორბელაძე,ალექსანდრე ორბელაძე,,,local_2025.yml
local_2025,__main__,council_smd,gd,ქართული ოცნება,,5210,,,,თორნიკე,გაჩეჩილაძე,თორნიკე გაჩეჩილაძე,,,local_2025.yml
local_2025,__main__,council_smd,gd,ქართული ოცნება,,5211,,,,დიომიდე,კიკნაველიძე,დიომიდე კიკნაველიძე,,,local_2025.yml
local_2025,__main__,council_smd,gd,ქართული ოცნება,,5212,,,,ბიძინა,ჯაბიძე,ბიძინა ჯაბიძე,,,local_2025.yml
local_2025,__main__,council_smd,gd,ქართული ოცნება,,5213,,,,გიორგი,კოტორეიშვილი,გიორგი კოტორეიშვილი,,,local_2025.yml
local_2025,__main__,council_smd,gd,ქართული ოცნება,,5214,,,,მურად,მსხვილიძე,მურად მსხვილიძე,,,local_2025.yml
local_2025,__main__,council_smd,gd,ქართული ოცნება,,5301,,,,შოთა,დიასამიძე,შოთა დიასამიძე,,,local_2025.yml
local_2025,__main__,council_smd,strong_georgia,ძლიერი საქართველო,,5302,,,,დარეჯან,რიჟამაძე,დარეჯან რიჟამაძე,,,local_2025.yml
local_2025,__main__,council_smd,gd,ქართული ოცნება,,5302,,,,შმაგი,დადუნაშვილი,შმაგი დადუნაშვილი,,,local_2025.yml
local_2025,__main__,council_smd,gd,ქართული ოცნება,,5303,,,,გიორგი,ტყეშელაშვილი,გიორგი ტყეშელაშვილი,,,local_2025.yml
local_2025,__main__,council_smd,gd,ქართული ოცნება,,5304,,,,აკაკი,ბელთაძე,აკაკი ბელთაძე,,,local_2025.yml
local_2025,__main__,council_smd,strong_georgia,ძლიერი საქართველო,,5305,,,,ავთანდილ,ქარჩხაძე,ავთანდილ ქარჩხაძე,,,local_2025.yml
local_2025,__main__,council_smd,gd,ქართული ოცნება,,5305,,,,მამუკა,ქართველიშვილი,მამუკა ქართველიშვილი,,,local_2025.yml
local_2025,__main__,council_smd,strong_georgia,ძლიერი საქართველო,,5306,,,,გურამი,ერემეიშვილი,გურამი ერემეიშვილი,,,local_2025.yml
local_2025,__main__,council_smd,gd,ქართული ოცნება,,5306,,,,ილია,დვალიშვილი,ილია დვალიშვილი,,,local_2025.yml
local_2025,__main__,council_smd,gd,ქართული ოცნება,,5307,,,,ლაშა,ჭიჭუეიშვილი,ლაშა ჭიჭუეიშვილი,,,local_2025.yml
local_2025,__main__,council_smd,strong_georgia,ძლიერი საქართველო,,5308,,,,ილია,მეგენეიშვილი,ილია მეგენეიშვილი,,,local_2025.yml
local_2025,__main__,council_smd,gd,ქართული ოცნება,,5308,,,,თორნიკე,ადეიშვილი,თორნიკე ადეიშვილი,,,local_2025.yml
local_2025,__main__,council_smd,gd,ქართული ოცნება,,5309,,,,ივანე,კორძაძე,ივანე კორძაძე,,,local_2025.yml
local_2025,__main__,council_smd,gakharia,გახარია საქართველოსთვის,,5310,,,,გონი,სანიკიძე,გონი სანიკიძე,,,local_2025.yml
local_2025,__main__,council_smd,gd,ქართული ოცნება,,5310,,,,როზა,ერისთავი,როზა ერისთავი,,,local_2025.yml
local_2025,__main__,council_smd,peoples_power,სახალხო ხელისუფლება,,5311,,,,იური,ლორთქიფანიძე,იური ლორთქიფანიძე,,,local_2025.yml
local_2025,__main__,council_smd,gd,ქართული ოცნება,,5311,,,,ლია,დიასამიძე,ლია დიასამიძე,,,local_2025.yml
local_2025,__main__,council_smd,gd,ქართული ოცნება,,5312,,,,პაატა,ხურციძე,პაატა ხურციძე,,,local_2025.yml
local_2025,__main__,council_smd,gakharia,გახარია საქართველოსთვის,,5313,,,,აკაკი,თვალაბეიშვილი,აკაკი თვალაბეიშვილი,,,local_2025.yml
local_2025,__main__,council_smd,gd,ქართული ოცნება,,5313,,,,დოდო,ჩახუნაშვილი,დოდო ჩახუნაშვილი,,,local_2025.yml
local_2025,__main__,council_smd,strong_georgia,ძლიერი საქართველო,,5314,,,,მაკარ,სანიკიძე,მაკარ სანიკიძე,,,local_2025.yml
local_2025,__main__,council_smd,gd,ქართული ოცნება,,5314,,,,ვარლამ,გიორგაძე,ვარლამ გიორგაძე,,,local_2025.yml
local_2025,__main__,council_smd,gd,ქართული ოცნება,,5315,,,,ალეკო,დიაკონიძე,ალეკო დიაკონიძე,,,local_2025.yml
local_2025,__main__,council_smd,gd,ქართული ოცნება,,5316,,,,ბექა,ლაჭყეპიანი,ბექა ლაჭყეპიანი,,,local_2025.yml
local_2025,__main__,council_smd,gakharia,გახარია საქართველოსთვის,,5317,,,,ამირან,ადეიშვილი,ამირან ადეიშვილი,,,local_2025.yml
local_2025,__main__,council_smd,gd,ქართული ოცნება,,5317,,,,რომან,თვალაბეიშვილი,რომან თვალაბეიშვილი,,,local_2025.yml
local_2025,__main__,council_smd,strong_georgia,ძლიერი საქართველო,,5318,,,,დათო,კოპალეიშვილი,დათო კოპალეიშვილი,,,local_2025.yml
local_2025,__main__,council_smd,gd,ქართული ოცნება,,5318,,,,რამაზ,არველაძე,რამაზ არველაძე,,,local_2025.yml
local_2025,__main__,council_smd,strong_georgia,ძლიერი საქართველო,,5319,,,,მამუკა,ორმოცაძე,მამუკა ორმოცაძე,,,local_2025.yml
local_2025,__main__,council_smd,gd,ქართული ოცნება,,5319,,,,მამუკა,ხავთასი,მამუკა ხავთასი,,,local_2025.yml
local_2025,__main__,council_smd,gd,ქართული ოცნება,,5320,,,,თომა,მჟავანაძე,თომა მჟავანაძე,,,local_2025.yml
local_2025,__main__,council_smd,strong_georgia,ძლიერი საქართველო,,5401,,,,გივი,ჯულაყიძე,გივი ჯულაყიძე,,,local_2025.yml
local_2025,__main__,council_smd,gd,ქართული ოცნება,,5401,,,,მანანა,სირბილაძე,მანანა სირბილაძე,,,local_2025.yml
local_2025,__main__,council_smd,strong_georgia,ძლიერი საქართველო,,5402,,,,ჯუმბერ,მიქელთაძე,ჯუმბერ მიქელთაძე,,,local_2025.yml
local_2025,__main__,council_smd,gd,ქართული ოცნება,,5402,,,,გიორგი,მეიშვილი,გიორგი მეიშვილი,,,local_2025.yml
local_2025,__main__,council_smd,conservatives_geo,კონსერვატორები საქართველოსთვის,,5403,,,,ნიკა,კიკაჩეიშვილი,ნიკა კიკაჩეიშვილი,,,local_2025.yml
local_2025,__main__,council_smd,gakharia,გახარია საქართველოსთვის,,5403,,,,ნიკოლოზი,ხაბეიშვილი,ნიკოლოზი ხაბეიშვილი,,,local_2025.yml
local_2025,__main__,council_smd,gd,ქართული ოცნება,,5403,,,,ემზარ,კრავეიშვილი,ემზარ კრავეიშვილი,,,local_2025.yml
local_2025,__main__,council_smd,conservatives_geo,კონსერვატორები საქართველოსთვის,,5404,,,,ავთანდილ,ბაღდავაძე,ავთანდილ ბაღდავაძე,,,local_2025.yml
local_2025,__main__,council_smd,strong_georgia,ძლიერი საქართველო,,5404,,,,რეზო,ჯულაყიძე,რეზო ჯულაყიძე,,,local_2025.yml
local_2025,__main__,council_smd,gd,ქართული ოცნება,,5404,,,,თენგიზ,ცაგურია,თენგიზ ცაგურია,,,local_2025.yml
local_2025,__main__,council_smd,conservatives_geo,კონსერვატორები საქართველოსთვის,,5405,,,,ნოდარ,ზაქრაძე,ნოდარ ზაქრაძე,,,local_2025.yml
local_2025,__main__,council_smd,strong_georgia,ძლიერი საქართველო,,5405,,,,დავით,ჯულაყიძე,დავით ჯულაყიძე,,,local_2025.yml
local_2025,__main__,council_smd,gd,ქართული ოცნება,,5405,,,,მიხეილ,კვანტალიანი,მიხეილ კვანტალიანი,,,local_2025.yml
local_2025,__main__,council_smd,conservatives_geo,კონსერვატორები საქართველოსთვის,,5406,,,,რამაზი,კაშია,რამაზი კაშია,,,local_2025.yml
local_2025,__main__,council_smd,strong_georgia,ძლიერი საქართველო,,5406,,,,ნიკა,ვაშაკიძე,ნიკა ვაშაკიძე,,,local_2025.yml
local_2025,__main__,council_smd,gd,ქართული ოცნება,,5406,,,,კობა,ჟორჟოლიანი,კობა ჟორჟოლიანი,,,local_2025.yml
local_2025,__main__,council_smd,strong_georgia,ძლიერი საქართველო,,5407,,,,დათო,ამაღლობელი,დათო ამაღლობელი,,,local_2025.yml
local_2025,__main__,council_smd,gd,ქართული ოცნება,,5407,,,,ვარგისო,ჩაჩუა,ვარგისო ჩაჩუა,,,local_2025.yml
local_2025,__main__,council_smd,strong_georgia,ძლიერი საქართველო,,5408,,,,შოთა,გოგიშვილი,შოთა გოგიშვილი,,,local_2025.yml
local_2025,__main__,council_smd,gd,ქართული ოცნება,,5408,,,,ჯონი,თევზაძე,ჯონი თევზაძე,,,local_2025.yml
local_2025,__main__,council_smd,gd,ქართული ოცნება,,5409,,,,გრიგოლ,ჩიგოგიძე,გრიგოლ ჩიგოგიძე,,,local_2025.yml
local_2025,__main__,council_smd,conservatives_geo,კონსერვატორები საქართველოსთვის,,5410,,,,მიხეილ,დარსაველიძე,მიხეილ დარსაველიძე,,,local_2025.yml
local_2025,__main__,council_smd,gakharia,გახარია საქართველოსთვის,,5410,,,,ლევან,ჩხიკვაძე,ლევან ჩხიკვაძე,,,local_2025.yml
local_2025,__main__,council_smd,gd,ქართული ოცნება,,5410,,,,ნუგზარ,ნუცუბიძე,ნუგზარ ნუცუბიძე,,,local_2025.yml
local_2025,__main__,council_smd,strong_georgia,ძლიერი საქართველო,,5411,,,,ბადრი,მანაგაძე,ბადრი მანაგაძე,,,local_2025.yml
local_2025,__main__,council_smd,gd,ქართული ოცნება,,5411,,,,მერაბ,უღრელიძე,მერაბ უღრელიძე,,,local_2025.yml
local_2025,__main__,council_smd,strong_georgia,ძლიერი საქართველო,,5412,,,,მამია,მეფარიშვილი,მამია მეფარიშვილი,,,local_2025.yml
local_2025,__main__,council_smd,gd,ქართული ოცნება,,5412,,,,პაატა,კოხრეიძე,პაატა კოხრეიძე,,,local_2025.yml
local_2025,__main__,council_smd,strong_georgia,ძლიერი საქართველო,,5413,,,,გრიგოლ,შარიქაძე,გრიგოლ შარიქაძე,,,local_2025.yml
local_2025,__main__,council_smd,gd,ქართული ოცნება,,5413,,,,ხვიჩა,ფანცულაია,ხვიჩა ფანცულაია,,,local_2025.yml
local_2025,__main__,council_smd,gd,ქართული ოცნება,,5414,,,,ვაჟა,სტურუა,ვაჟა სტურუა,,,local_2025.yml
local_2025,__main__,council_smd,strong_georgia,ძლიერი საქართველო,,5415,,,,შაქრო,ჩხაიძე,შაქრო ჩხაიძე,,,local_2025.yml
local_2025,__main__,council_smd,gd,ქართული ოცნება,,5415,,,,მერაბ,თევზაძე,მერაბ თევზაძე,,,local_2025.yml
local_2025,__main__,council_smd,strong_georgia,ძლიერი საქართველო,,5416,,,,ზურაბ,ჩაჩუა,ზურაბ ჩაჩუა,,,local_2025.yml
local_2025,__main__,council_smd,gd,ქართული ოცნება,,5416,,,,გიორგი,გაგუა,გიორგი გაგუა,,,local_2025.yml
local_2025,__main__,council_smd,strong_georgia,ძლიერი საქართველო,,5417,,,,სევერიან,ლორია,სევერიან ლორია,,,local_2025.yml
local_2025,__main__,council_smd,gd,ქართული ოცნება,,5417,,,,როლანდ,ეცადეიშვილი,როლანდ ეცადეიშვილი,,,local_2025.yml
local_2025,__main__,council_smd,mamuli_ena,"მამული, ენა, სარწმუნოება",,5418,,,,ბადრი,შენგელია,ბადრი შენგელია,,,local_2025.yml
local_2025,__main__,council_smd,gd,ქართული ოცნება,,5418,,,,ქიშვარდი,ღაღანიძე,ქიშვარდი ღაღანიძე,,,local_2025.yml
local_2025,__main__,council_smd,strong_georgia,ძლიერი საქართველო,,5501,,,,ნუკრი,გოგოხია,ნუკრი გოგოხია,,,local_2025.yml
local_2025,__main__,council_smd,gd,ქართული ოცნება,,5501,,,,აკაკი,გოფოძე,აკაკი გოფოძე,,,local_2025.yml
local_2025,__main__,council_smd,conservatives_geo,კონსერვატორები საქართველოსთვის,,5502,,,,გრიგოლ,მანაგაძე,გრიგოლ მანაგაძე,,,local_2025.yml
local_2025,__main__,council_smd,strong_georgia,ძლიერი საქართველო,,5502,,,,ვაჟა,ცაგარეიშვილი,ვაჟა ცაგარეიშვილი,,,local_2025.yml
local_2025,__main__,council_smd,gd,ქართული ოცნება,,5502,,,,ამირან,კაშია,ამირან კაშია,,,local_2025.yml
local_2025,__main__,council_smd,gd,ქართული ოცნება,,5503,,,,გიგა,ჭოლოკავა,გიგა ჭოლოკავა,,,local_2025.yml
local_2025,__main__,council_smd,strong_georgia,ძლიერი საქართველო,,5504,,,,აივენგო,ჩომახიძე,აივენგო ჩომახიძე,,,local_2025.yml
local_2025,__main__,council_smd,gd,ქართული ოცნება,,5504,,,,ესტატე,გოგავა,ესტატე გოგავა,,,local_2025.yml
local_2025,__main__,council_smd,gd,ქართული ოცნება,,5505,,,,ზაზა,ვაშაკიძე,ზაზა ვაშაკიძე,,,local_2025.yml
local_2025,__main__,council_smd,strong_georgia,ძლიერი საქართველო,,5506,,,,ჯემალი,ჩიხლაძე,ჯემალი ჩიხლაძე,,,local_2025.yml
local_2025,__main__,council_smd,gd,ქართული ოცნება,,5506,,,,ია,სულუხია,ია სულუხია,,,local_2025.yml
local_2025,__main__,council_smd,strong_georgia,ძლიერი საქართველო,,5507,,,,აბესალომ,შალამბერიძე,აბესალომ შალამბერიძე,,,local_2025.yml
local_2025,__main__,council_smd,gd,ქართული ოცნება,,5507,,,,ელისო,ლიპარტელიანი,ელისო ლიპარტელიანი,,,local_2025.yml
local_2025,__main__,council_smd,gd,ქართული ოცნება,,5508,,,,ფიქრია,ცნობილაძე,ფიქრია ცნობილაძე,,,local_2025.yml
local_2025,__main__,council_smd,conservatives_geo,კონსერვატორები საქართველოსთვის,,5509,,,,პაატა,ფეიქრიშვილი,პაატა ფეიქრიშვილი,,,local_2025.yml
local_2025,__main__,council_smd,gakharia,გახარია საქართველოსთვის,,5509,,,,მინდია,გველებიანი,მინდია გველებიანი,,,local_2025.yml
local_2025,__main__,council_smd,gd,ქართული ოცნება,,5509,,,,ვახტანგ,ვაჭარაძე,ვახტანგ ვაჭარაძე,,,local_2025.yml
local_2025,__main__,council_smd,strong_georgia,ძლიერი საქართველო,,5510,,,,ელიზა,ბარაბაძე,ელიზა ბარაბაძე,,,local_2025.yml
local_2025,__main__,council_smd,gd,ქართული ოცნება,,5510,,,,ნინო,კუხალაშვილი,ნინო კუხალაშვილი,,,local_2025.yml
local_2025,__main__,council_smd,strong_georgia,ძლიერი საქართველო,,5511,,,,ილონა,შუბითიძე,ილონა შუბითიძე,,,local_2025.yml
local_2025,__main__,council_smd,gd,ქართული ოცნება,,5511,,,,მათე,ჩანქსელიანი,მათე ჩანქსელიანი,,,local_2025.yml
local_2025,__main__,council_smd,conservatives_geo,კონსერვატორები საქართველოსთვის,,5512,,,,კონსტანტინე,რუხაძე,კონსტანტინე რუხაძე,,,local_2025.yml
local_2025,__main__,council_smd,strong_georgia,ძლიერი საქართველო,,5512,,,,გივი,ცაგარეიშვილი,გივი ცაგარეიშვილი,,,local_2025.yml
local_2025,__main__,council_smd,gd,ქართული ოცნება,,5512,,,,ზურაბ,მიქაძე,ზურაბ მიქაძე,,,local_2025.yml
local_2025,__main__,council_smd,gd,ქართული ოცნება,,5513,,,,მიტუშა,გიორხელიძე,მიტუშა გიორხელიძე,,,local_2025.yml
local_2025,__main__,council_smd,conservatives_geo,კონსერვატორები საქართველოსთვის,,5601,,,,ზურაბ,მოდებაძე,ზურაბ მოდებაძე,,,local_2025.yml
local_2025,__main__,council_smd,strong_georgia,ძლიერი საქართველო,,5601,,,,ჯემალ,ცუცქირიძე,ჯემალ ცუცქირიძე,,,local_2025.yml
local_2025,__main__,council_smd,gd,ქართული ოცნება,,5601,,,,ალექსანდრე,ციცქიშვილი,ალექსანდრე ციცქიშვილი,,,local_2025.yml
local_2025,__main__,council_smd,conservatives_geo,კონსერვატორები საქართველოსთვის,,5602,,,,ჯულიეტა,ქათალანძე,ჯულიეტა ქათალანძე,,,local_2025.yml
local_2025,__main__,council_smd,strong_georgia,ძლიერი საქართველო,,5602,,,,დავით,ჭუმბურიძე,დავით ჭუმბურიძე,,,local_2025.yml
local_2025,__main__,council_smd,gd,ქართული ოცნება,,5602,,,,გელა,ბუზალაძე,გელა ბუზალაძე,,,local_2025.yml
local_2025,__main__,council_smd,independent,დამოუკიდებელი,,5602,,,,შოთა,გაფრინდაშვილი,შოთა გაფრინდაშვილი,,,local_2025.yml
local_2025,__main__,council_smd,conservatives_geo,კონსერვატორები საქართველოსთვის,,5603,,,,მუხრანი,კაპანაძე,მუხრანი კაპანაძე,,,local_2025.yml
local_2025,__main__,council_smd,gd,ქართული ოცნება,,5603,,,,ბესარიონ,ნადირაძე,ბესარიონ ნადირაძე,,,local_2025.yml
local_2025,__main__,council_smd,gd,ქართული ოცნება,,5604,,,,ელდარ,შეყილაძე,ელდარ შეყილაძე,,,local_2025.yml
local_2025,__main__,council_smd,gd,ქართული ოცნება,,5605,,,,ზაზა,ცერცვაძე,ზაზა ცერცვაძე,,,local_2025.yml
local_2025,__main__,council_smd,gd,ქართული ოცნება,,5606,,,,ირაკლი,მერმანიშვილი,ირაკლი მერმანიშვილი,,,local_2025.yml
local_2025,__main__,council_smd,gakharia,გახარია საქართველოსთვის,,5607,,,,ვალერი,კაპანაძე,ვალერი კაპანაძე,,,local_2025.yml
local_2025,__main__,council_smd,gd,ქართული ოცნება,,5607,,,,ოლეგი,ყობიაშვილი,ოლეგი ყობიაშვილი,,,local_2025.yml
local_2025,__main__,council_smd,independent,დამოუკიდებელი,,5607,,,,მერაბი,ბაძგარაძე,მერაბი ბაძგარაძე,,,local_2025.yml
local_2025,__main__,council_smd,conservatives_geo,კონსერვატორები საქართველოსთვის,,5608,,,,გიორგი,მოდებაძე,გიორგი მოდებაძე,,,local_2025.yml
local_2025,__main__,council_smd,gakharia,გახარია საქართველოსთვის,,5608,,,,მუხრანი,მოდებაძე,მუხრანი მოდებაძე,,,local_2025.yml
local_2025,__main__,council_smd,gd,ქართული ოცნება,,5608,,,,ინგა,ასანიძე,ინგა ასანიძე,,,local_2025.yml
local_2025,__main__,council_smd,conservatives_geo,კონსერვატორები საქართველოსთვის,,5609,,,,მამუკა,ციცვიძე,მამუკა ციცვიძე,,,local_2025.yml
local_2025,__main__,council_smd,gakharia,გახარია საქართველოსთვის,,5609,,,,უსუპი,ბიწაძე,უსუპი ბიწაძე,,,local_2025.yml
local_2025,__main__,council_smd,gd,ქართული ოცნება,,5609,,,,გელა,გელაშვილი,გელა გელაშვილი,,,local_2025.yml
local_2025,__main__,council_smd,gd,ქართული ოცნება,,5610,,,,ვეფხვია,პაპიძე,ვეფხვია პაპიძე,,,local_2025.yml
local_2025,__main__,council_smd,independent,დამოუკიდებელი,,5610,,,,დემურ,კვიჟინაძე,დემურ კვიჟინაძე,,,local_2025.yml
local_2025,__main__,council_smd,conservatives_geo,კონსერვატორები საქართველოსთვის,,5611,,,,თორნიკე,დარბაიძე,თორნიკე დარბაიძე,,,local_2025.yml
local_2025,__main__,council_smd,gakharia,გახარია საქართველოსთვის,,5611,,,,მერაბი,ტყემალაძე,მერაბი ტყემალაძე,,,local_2025.yml
local_2025,__main__,council_smd,gd,ქართული ოცნება,,5611,,,,გიორგი,ვაშაძე,გიორგი ვაშაძე,,,local_2025.yml
local_2025,__main__,council_smd,conservatives_geo,კონსერვატორები საქართველოსთვის,,5612,,,,ტიტე,გველესიანი,ტიტე გველესიანი,,,local_2025.yml
local_2025,__main__,council_smd,gd,ქართული ოცნება,,5612,,,,ალექსანდრე,ხვედელიძე,ალექსანდრე ხვედელიძე,,,local_2025.yml
local_2025,__main__,council_smd,gd,ქართული ოცნება,,5613,,,,მალხაზი,სამყურაშვილი,მალხაზი სამყურაშვილი,,,local_2025.yml
local_2025,__main__,council_smd,conservatives_geo,კონსერვატორები საქართველოსთვის,,5614,,,,რამაზ,კვიჟინაძე,რამაზ კვიჟინაძე,,,local_2025.yml
local_2025,__main__,council_smd,gd,ქართული ოცნება,,5614,,,,ვახტანგ,ცუცქირიძე,ვახტანგ ცუცქირიძე,,,local_2025.yml
local_2025,__main__,council_smd,gd,ქართული ოცნება,,5615,,,,დავით,ყიფშიძე,დავით ყიფშიძე,,,local_2025.yml
local_2025,__main__,council_smd,gd,ქართული ოცნება,,5616,,,,გიორგი,დემეტრაშვილი,გიორგი დემეტრაშვილი,,,local_2025.yml
local_2025,__main__,council_smd,gd,ქართული ოცნება,,5617,,,,დავით,ბუზალაძე,დავით ბუზალაძე,,,local_2025.yml
local_2025,__main__,council_smd,conservatives_geo,კონსერვატორები საქართველოსთვის,,5618,,,,მამული,შეყილაძე,მამული შეყილაძე,,,local_2025.yml
local_2025,__main__,council_smd,strong_georgia,ძლიერი საქართველო,,5618,,,,გოჩა,აბაშიძე,გოჩა აბაშიძე,,,local_2025.yml
local_2025,__main__,council_smd,gd,ქართული ოცნება,,5618,,,,ემზარ,მიქაცაძე,ემზარ მიქაცაძე,,,local_2025.yml
local_2025,__main__,council_smd,strong_georgia,ძლიერი საქართველო,,5701,,,,ბორის,გაბრიაძე,ბორის გაბრიაძე,,,local_2025.yml
local_2025,__main__,council_smd,gd,ქართული ოცნება,,5701,,,,ირაკლი,აბესაძე,ირაკლი აბესაძე,,,local_2025.yml
local_2025,__main__,council_smd,strong_georgia,ძლიერი საქართველო,,5702,,,,ლაშა,ბოჭორიშვილი,ლაშა ბოჭორიშვილი,,,local_2025.yml
local_2025,__main__,council_smd,gd,ქართული ოცნება,,5702,,,,კახაბერ,დავლიანიძე,კახაბერ დავლიანიძე,,,local_2025.yml
local_2025,__main__,council_smd,gakharia,გახარია საქართველოსთვის,,5703,,,,თენგიზ,ჭიქაბერიძე,თენგიზ ჭიქაბერიძე,,,local_2025.yml
local_2025,__main__,council_smd,gd,ქართული ოცნება,,5703,,,,ემზარი,სიხარულიძე,ემზარი სიხარულიძე,,,local_2025.yml
local_2025,__main__,council_smd,gakharia,გახარია საქართველოსთვის,,5704,,,,გელა,ჩივაძე,გელა ჩივაძე,,,local_2025.yml
local_2025,__main__,council_smd,gd,ქართული ოცნება,,5704,,,,გიორგი,ნანიკაშვილი,გიორგი ნანიკაშვილი,,,local_2025.yml
local_2025,__main__,council_smd,gd,ქართული ოცნება,,5705,,,,გიორგი,ავალიანი,გიორგი ავალიანი,,,local_2025.yml
local_2025,__main__,council_smd,gd,ქართული ოცნება,,5706,,,,როლანდი,არსენაშვილი,როლანდი არსენაშვილი,,,local_2025.yml
local_2025,__main__,council_smd,gakharia,გახარია საქართველოსთვის,,5707,,,,სოფიო,ჯინჯიხაძე,სოფიო ჯინჯიხაძე,,,local_2025.yml
local_2025,__main__,council_smd,gd,ქართული ოცნება,,5707,,,,ელისო,ჭარხალაშვილი,ელისო ჭარხალაშვილი,,,local_2025.yml
local_2025,__main__,council_smd,gd,ქართული ოცნება,,5708,,,,იზოლდა,ნემსაძე,იზოლდა ნემსაძე,,,local_2025.yml
local_2025,__main__,council_smd,gd,ქართული ოცნება,,5709,,,,მანუჩარი,გოტიაშვილი,მანუჩარი გოტიაშვილი,,,local_2025.yml
local_2025,__main__,council_smd,gd,ქართული ოცნება,,5710,,,,გრიგოლი,ჩიხლაძე,გრიგოლი ჩიხლაძე,,,local_2025.yml
local_2025,__main__,council_smd,gd,ქართული ოცნება,,5711,,,,ზვიადი,კუბლაშვილი,ზვიადი კუბლაშვილი,,,local_2025.yml
local_2025,__main__,council_smd,gd,ქართული ოცნება,,5712,,,,ისიდორე,ლომთაძე,ისიდორე ლომთაძე,,,local_2025.yml
local_2025,__main__,council_smd,independent,დამოუკიდებელი,,5712,,,,ლერი,ჩუბინიძე,ლერი ჩუბინიძე,,,local_2025.yml
local_2025,__main__,council_smd,gakharia,გახარია საქართველოსთვის,,5801,,,,ეკატერინა,ბოლოკაძე,ეკატერინა ბოლოკაძე,,,local_2025.yml
local_2025,__main__,council_smd,gd,ქართული ოცნება,,5801,,,,ხათუნა,მაღლაკელიძე,ხათუნა მაღლაკელიძე,,,local_2025.yml
local_2025,__main__,council_smd,gd,ქართული ოცნება,,5802,,,,მამუკა,ჩხეტიანი,მამუკა ჩხეტიანი,,,local_2025.yml
local_2025,__main__,council_smd,gd,ქართული ოცნება,,5803,,,,ნოდარი,ასათიანი,ნოდარი ასათიანი,,,local_2025.yml
local_2025,__main__,council_smd,strong_georgia,ძლიერი საქართველო,,5804,,,,რევაზი,წიქორაძე,რევაზი წიქორაძე,,,local_2025.yml
local_2025,__main__,council_smd,gd,ქართული ოცნება,,5804,,,,ნიკა,მჟავია,ნიკა მჟავია,,,local_2025.yml
local_2025,__main__,council_smd,gd,ქართული ოცნება,,5805,,,,ჯეირან,ომანაძე,ჯეირან ომანაძე,,,local_2025.yml
local_2025,__main__,council_smd,gd,ქართული ოცნება,,5806,,,,ლევანი,ჩანქსელიანი,ლევანი ჩანქსელიანი,,,local_2025.yml
local_2025,__main__,council_smd,gd,ქართული ოცნება,,5807,,,,მალხაზ,მანაგაძე,მალხაზ მანაგაძე,,,local_2025.yml
local_2025,__main__,council_smd,strong_georgia,ძლიერი საქართველო,,5808,,,,ამირან,ჟორჟოლიანი,ამირან ჟორჟოლიანი,,,local_2025.yml
local_2025,__main__,council_smd,gd,ქართული ოცნება,,5808,,,,ვაჟა,ჟორჟოლიანი,ვაჟა ჟორჟოლიანი,,,local_2025.yml
local_2025,__main__,council_smd,gd,ქართული ოცნება,,5809,,,,სერგო,კირკიტაძე,სერგო კირკიტაძე,,,local_2025.yml
local_2025,__main__,council_smd,strong_georgia,ძლიერი საქართველო,,5810,,,,დავით,მარგველაშვილი,დავით მარგველაშვილი,,,local_2025.yml
local_2025,__main__,council_smd,gd,ქართული ოცნება,,5810,,,,ნინო,ჭეიშვილი,ნინო ჭეიშვილი,,,local_2025.yml
local_2025,__main__,council_smd,strong_georgia,ძლიერი საქართველო,,5811,,,,დავითი,ბანძელაძე,დავითი ბანძელაძე,,,local_2025.yml
local_2025,__main__,council_smd,gd,ქართული ოცნება,,5811,,,,გია,ხურცია,გია ხურცია,,,local_2025.yml
local_2025,__main__,council_smd,gd,ქართული ოცნება,,5812,,,,რევაზი,მარგველაშვილი,რევაზი მარგველაშვილი,,,local_2025.yml
local_2025,__main__,council_smd,gd,ქართული ოცნება,,5813,,,,რევაზი,დიდავა,რევაზი დიდავა,,,local_2025.yml
local_2025,__main__,council_smd,strong_georgia,ძლიერი საქართველო,,5814,,,,ბესიკი,შანიძე,ბესიკი შანიძე,,,local_2025.yml
local_2025,__main__,council_smd,gd,ქართული ოცნება,,5814,,,,გრიგოლ,მაღლაფერიძე,გრიგოლ მაღლაფერიძე,,,local_2025.yml
local_2025,__main__,council_smd,gd,ქართული ოცნება,,5815,,,,ნაილი,ჭოლაძე,ნაილი ჭოლაძე,,,local_2025.yml
local_2025,__main__,council_smd,gd,ქართული ოცნება,,5816,,,,ალექსანდრე,ნიქაბაძე,ალექსანდრე ნიქაბაძე,,,local_2025.yml
local_2025,__main__,council_smd,strong_georgia,ძლიერი საქართველო,,5817,,,,თედო,ჭოლაძე,თედო ჭოლაძე,,,local_2025.yml
local_2025,__main__,council_smd,gd,ქართული ოცნება,,5817,,,,გელა,ბაჯაძე,გელა ბაჯაძე,,,local_2025.yml
local_2025,__main__,council_smd,gd,ქართული ოცნება,,5818,,,,ოთარ,სულაშვილი,ოთარ სულაშვილი,,,local_2025.yml
local_2025,__main__,council_smd,strong_georgia,ძლიერი საქართველო,,5819,,,,ილია,ხაჭაპურიძე,ილია ხაჭაპურიძე,,,local_2025.yml
local_2025,__main__,council_smd,gd,ქართული ოცნება,,5819,,,,ნუგზარი,ქუთათელაძე,ნუგზარი ქუთათელაძე,,,local_2025.yml
local_2025,__main__,council_smd,conservatives_geo,კონსერვატორები საქართველოსთვის,,5901,,,,მანანა,მამისეიშვილი,მანანა მამისეიშვილი,,,local_2025.yml
local_2025,__main__,council_smd,strong_georgia,ძლიერი საქართველო,,5901,,,,კობა,სვანაძე,კობა სვანაძე,,,local_2025.yml
local_2025,__main__,council_smd,georgia_party,საქართველო,,5901,,,,ხატია,მუკბანიანი,ხატია მუკბანიანი,,,local_2025.yml
local_2025,__main__,council_smd,gd,ქართული ოცნება,,5901,,,,ალეკო,თამაზაშვილი,ალეკო თამაზაშვილი,,,local_2025.yml
local_2025,__main__,council_smd,conservatives_geo,კონსერვატორები საქართველოსთვის,,5902,,,,კახა,ბაკურაძე,კახა ბაკურაძე,,,local_2025.yml
local_2025,__main__,council_smd,georgia_party,საქართველო,,5902,,,,მაია,ამაღლობელი,მაია ამაღლობელი,,,local_2025.yml
local_2025,__main__,council_smd,gakharia,გახარია საქართველოსთვის,,5902,,,,გიორგი,ტატუნაშვილი,გიორგი ტატუნაშვილი,,,local_2025.yml
local_2025,__main__,council_smd,gd,ქართული ოცნება,,5902,,,,მიხეილი,გიორგაძე,მიხეილი გიორგაძე,,,local_2025.yml
local_2025,__main__,council_smd,conservatives_geo,კონსერვატორები საქართველოსთვის,,5903,,,,აკაკი,ლოლომაძე,აკაკი ლოლომაძე,,,local_2025.yml
local_2025,__main__,council_smd,strong_georgia,ძლიერი საქართველო,,5903,,,,სოფიო,ადეიშვილი,სოფიო ადეიშვილი,,,local_2025.yml
local_2025,__main__,council_smd,georgia_party,საქართველო,,5903,,,,სოფიო,სტურუა,სოფიო სტურუა,,,local_2025.yml
local_2025,__main__,council_smd,gd,ქართული ოცნება,,5903,,,,ბესიკ,ჩეჩელაშვილი,ბესიკ ჩეჩელაშვილი,,,local_2025.yml
local_2025,__main__,council_smd,conservatives_geo,კონსერვატორები საქართველოსთვის,,5904,,,,კესო,გვარაკიძე,კესო გვარაკიძე,,,local_2025.yml
local_2025,__main__,council_smd,georgia_party,საქართველო,,5904,,,,ნიკოლოზი,ხარძეიშვილი,ნიკოლოზი ხარძეიშვილი,,,local_2025.yml
local_2025,__main__,council_smd,gakharia,გახარია საქართველოსთვის,,5904,,,,მანანა,ახვლედიანი,მანანა ახვლედიანი,,,local_2025.yml
local_2025,__main__,council_smd,gd,ქართული ოცნება,,5904,,,,ამირან,კოპალეიშვილი,ამირან კოპალეიშვილი,,,local_2025.yml
local_2025,__main__,council_smd,conservatives_geo,კონსერვატორები საქართველოსთვის,,5905,,,,ნინო,გოგონაშვილი,ნინო გოგონაშვილი,,,local_2025.yml
local_2025,__main__,council_smd,georgia_party,საქართველო,,5905,,,,ნინო,კევლიშვილი,ნინო კევლიშვილი,,,local_2025.yml
local_2025,__main__,council_smd,gakharia,გახარია საქართველოსთვის,,5905,,,,ედიშერ,მიქაბერიძე,ედიშერ მიქაბერიძე,,,local_2025.yml
local_2025,__main__,council_smd,gd,ქართული ოცნება,,5905,,,,სალომე,სარალიძე,სალომე სარალიძე,,,local_2025.yml
local_2025,__main__,council_smd,conservatives_geo,კონსერვატორები საქართველოსთვის,,5906,,,,ავთანდილი,ყიფიანი,ავთანდილი ყიფიანი,,,local_2025.yml
local_2025,__main__,council_smd,strong_georgia,ძლიერი საქართველო,,5906,,,,ლელა,შანიძე,ლელა შანიძე,,,local_2025.yml
local_2025,__main__,council_smd,gd,ქართული ოცნება,,5906,,,,მარეხი,ნიჟარაძე,მარეხი ნიჟარაძე,,,local_2025.yml
local_2025,__main__,council_smd,conservatives_geo,კონსერვატორები საქართველოსთვის,,5907,,,,თენგიზი,წაქაძე,თენგიზი წაქაძე,,,local_2025.yml
local_2025,__main__,council_smd,georgia_party,საქართველო,,5907,,,,ლია,ჭელიძე,ლია ჭელიძე,,,local_2025.yml
local_2025,__main__,council_smd,gakharia,გახარია საქართველოსთვის,,5907,,,,ეკატერინე,ბაკურაძე,ეკატერინე ბაკურაძე,,,local_2025.yml
local_2025,__main__,council_smd,gd,ქართული ოცნება,,5907,,,,ლაშა,გვენეტაძე,ლაშა გვენეტაძე,,,local_2025.yml
local_2025,__main__,council_smd,conservatives_geo,კონსერვატორები საქართველოსთვის,,5908,,,,პაატა,მიქაუტაძე,პაატა მიქაუტაძე,,,local_2025.yml
local_2025,__main__,council_smd,strong_georgia,ძლიერი საქართველო,,5908,,,,ეკატერინე,ქარციძე,ეკატერინე ქარციძე,,,local_2025.yml
local_2025,__main__,council_smd,gd,ქართული ოცნება,,5908,,,,კობა,ფხაკაძე,კობა ფხაკაძე,,,local_2025.yml
local_2025,__main__,council_smd,conservatives_geo,კონსერვატორები საქართველოსთვის,,5909,,,,თამარა,კეჭყემაძე,თამარა კეჭყემაძე,,,local_2025.yml
local_2025,__main__,council_smd,gakharia,გახარია საქართველოსთვის,,5909,,,,მინდია,ხუჯაძე,მინდია ხუჯაძე,,,local_2025.yml
local_2025,__main__,council_smd,gd,ქართული ოცნება,,5909,,,,მამუკა,სინაურიძე,მამუკა სინაურიძე,,,local_2025.yml
local_2025,__main__,council_smd,conservatives_geo,კონსერვატორები საქართველოსთვის,,5910,,,,ვლადიმერი,დვალიშვილი,ვლადიმერი დვალიშვილი,,,local_2025.yml
local_2025,__main__,council_smd,strong_georgia,ძლიერი საქართველო,,5910,,,,ნანა,გოდუაძე,ნანა გოდუაძე,,,local_2025.yml
local_2025,__main__,council_smd,gd,ქართული ოცნება,,5910,,,,გიორგი,იობაშვილი,გიორგი იობაშვილი,,,local_2025.yml
local_2025,__main__,council_smd,conservatives_geo,კონსერვატორები საქართველოსთვის,,6001,,,,ნონა,ჯიშკიდონი,ნონა ჯიშკიდონი,,,local_2025.yml
local_2025,__main__,council_smd,gd,ქართული ოცნება,,6001,,,,გიორგი,კალანდაძე,გიორგი კალანდაძე,,,local_2025.yml
local_2025,__main__,council_smd,independent,დამოუკიდებელი,,6001,,,,გიორგი,მეხუზლა,გიორგი მეხუზლა,,,local_2025.yml
local_2025,__main__,council_smd,conservatives_geo,კონსერვატორები საქართველოსთვის,,6002,,,,გოჩა,ვაშალომიძე,გოჩა ვაშალომიძე,,,local_2025.yml
local_2025,__main__,council_smd,gakharia,გახარია საქართველოსთვის,,6002,,,,სოფიკო,ქარცივაძე,სოფიკო ქარცივაძე,,,local_2025.yml
local_2025,__main__,council_smd,gd,ქართული ოცნება,,6002,,,,ნინო,ნადირაშვილი,ნინო ნადირაშვილი,,,local_2025.yml
local_2025,__main__,council_smd,conservatives_geo,კონსერვატორები საქართველოსთვის,,6003,,,,გრიგოლ,იობიშვილი,გრიგოლ იობიშვილი,,,local_2025.yml
local_2025,__main__,council_smd,patriots,საქართველოს პატრიოტთა ალიანსი,,6003,,,,კახაბერ,გულბანი,კახაბერ გულბანი,,,local_2025.yml
local_2025,__main__,council_smd,gd,ქართული ოცნება,,6003,,,,დავით,ხურციძე,დავით ხურციძე,,,local_2025.yml
local_2025,__main__,council_smd,gd,ქართული ოცნება,,6004,,,,გიორგი,ხიდიბეგიშვილი,გიორგი ხიდიბეგიშვილი,,,local_2025.yml
local_2025,__main__,council_smd,gd,ქართული ოცნება,,6005,,,,გიორგი,გაბისიანი,გიორგი გაბისიანი,,,local_2025.yml
local_2025,__main__,council_smd,gd,ქართული ოცნება,,6006,,,,გოჩა,მდინარაძე,გოჩა მდინარაძე,,,local_2025.yml
local_2025,__main__,council_smd,gd,ქართული ოცნება,,6007,,,,დავით,კიკვაძე,დავით კიკვაძე,,,local_2025.yml
local_2025,__main__,council_smd,conservatives_geo,კონსერვატორები საქართველოსთვის,,6008,,,,დიმიტრი,ვაშალომიძე,დიმიტრი ვაშალომიძე,,,local_2025.yml
local_2025,__main__,council_smd,gd,ქართული ოცნება,,6008,,,,მაია,ცქვიტინიძე,მაია ცქვიტინიძე,,,local_2025.yml
local_2025,__main__,council_smd,gd,ქართული ოცნება,,6009,,,,პაატა,კიღურაძე,პაატა კიღურაძე,,,local_2025.yml
local_2025,__main__,council_smd,gd,ქართული ოცნება,,6010,,,,ეროდი,გორდელაძე,ეროდი გორდელაძე,,,local_2025.yml
local_2025,__main__,council_smd,conservatives_geo,კონსერვატორები საქართველოსთვის,,6011,,,,ემზარ,დოლიძე,ემზარ დოლიძე,,,local_2025.yml
local_2025,__main__,council_smd,strong_georgia,ძლიერი საქართველო,,6011,,,,ნათია,ქიშმარია,ნათია ქიშმარია,,,local_2025.yml
local_2025,__main__,council_smd,gd,ქართული ოცნება,,6011,,,,გელა,ჩავლეშვილი,გელა ჩავლეშვილი,,,local_2025.yml
local_2025,__main__,council_smd,gd,ქართული ოცნება,,6012,,,,ირაკლი,ჩიკაშუა,ირაკლი ჩიკაშუა,,,local_2025.yml
local_2025,__main__,council_smd,conservatives_geo,კონსერვატორები საქართველოსთვის,,6013,,,,მაია,ქადიეშვილი,მაია ქადიეშვილი,,,local_2025.yml
local_2025,__main__,council_smd,gd,ქართული ოცნება,,6013,,,,მარიკა,ჩხიკვიშვილი,მარიკა ჩხიკვიშვილი,,,local_2025.yml
local_2025,__main__,council_smd,gd,ქართული ოცნება,,6014,,,,დავითი,ასათიანი,დავითი ასათიანი,,,local_2025.yml
local_2025,__main__,council_smd,conservatives_geo,კონსერვატორები საქართველოსთვის,,6015,,,,ბაქარ,დოლიძე,ბაქარ დოლიძე,,,local_2025.yml
local_2025,__main__,council_smd,gd,ქართული ოცნება,,6015,,,,თორნიკე,ქინქლაძე,თორნიკე ქინქლაძე,,,local_2025.yml
local_2025,__main__,council_smd,gd,ქართული ოცნება,,6016,,,,ტარიელ,აროშიძე,ტარიელ აროშიძე,,,local_2025.yml
local_2025,__main__,council_smd,strong_georgia,ძლიერი საქართველო,,6017,,,,დავით,ვასაძე,დავით ვასაძე,,,local_2025.yml
local_2025,__main__,council_smd,gd,ქართული ოცნება,,6017,,,,ნუგზარ,გობრონიძე,ნუგზარ გობრონიძე,,,local_2025.yml
local_2025,__main__,council_smd,gakharia,გახარია საქართველოსთვის,,6018,,,,ვახტანგ,მეფარიშვილი,ვახტანგ მეფარიშვილი,,,local_2025.yml
local_2025,__main__,council_smd,gd,ქართული ოცნება,,6018,,,,ბექა,თოიძე,ბექა თოიძე,,,local_2025.yml
local_2025,__main__,council_smd,conservatives_geo,კონსერვატორები საქართველოსთვის,,6019,,,,გოჩა,თოხაძე,გოჩა თოხაძე,,,local_2025.yml
local_2025,__main__,council_smd,gd,ქართული ოცნება,,6019,,,,ლევან,კილაძე,ლევან კილაძე,,,local_2025.yml
local_2025,__main__,council_smd,patriots,საქართველოს პატრიოტთა ალიანსი,,6020,,,,მინდია,კეჭაყმაძე,მინდია კეჭაყმაძე,,,local_2025.yml
local_2025,__main__,council_smd,gd,ქართული ოცნება,,6020,,,,ტატა,ბარამიძე,ტატა ბარამიძე,,,local_2025.yml
local_2025,__main__,council_smd,strong_georgia,ძლიერი საქართველო,,6021,,,,კახაბერი,სურგულაძე,კახაბერი სურგულაძე,,,local_2025.yml
local_2025,__main__,council_smd,gd,ქართული ოცნება,,6021,,,,ლელა,მესხი,ლელა მესხი,,,local_2025.yml
local_2025,__main__,council_smd,gd,ქართული ოცნება,,6022,,,,მიხეილ,ცქვიტიშვილი,მიხეილ ცქვიტიშვილი,,,local_2025.yml
local_2025,__main__,council_smd,gd,ქართული ოცნება,,6023,,,,დავით,თოიძე,დავით თოიძე,,,local_2025.yml
local_2025,__main__,council_smd,conservatives_geo,კონსერვატორები საქართველოსთვის,,6024,,,,მზია,ბაკურაძე,მზია ბაკურაძე,,,local_2025.yml
local_2025,__main__,council_smd,strong_georgia,ძლიერი საქართველო,,6024,,,,გიზო,გრძელიძე,გიზო გრძელიძე,,,local_2025.yml
local_2025,__main__,council_smd,gd,ქართული ოცნება,,6024,,,,ცოტნე,ცინცაძე,ცოტნე ცინცაძე,,,local_2025.yml
local_2025,__main__,council_smd,gd,ქართული ოცნება,,6025,,,,გოჩა,კილაძე,გოჩა კილაძე,,,local_2025.yml
local_2025,__main__,council_smd,strong_georgia,ძლიერი საქართველო,,6026,,,,ლევანი,შაფაქიძე,ლევანი შაფაქიძე,,,local_2025.yml
local_2025,__main__,council_smd,gd,ქართული ოცნება,,6026,,,,ეკა,წუწუნავა,ეკა წუწუნავა,,,local_2025.yml
local_2025,__main__,council_smd,conservatives_geo,კონსერვატორები საქართველოსთვის,,6027,,,,ზაზა,ხომერიკი,ზაზა ხომერიკი,,,local_2025.yml
local_2025,__main__,council_smd,strong_georgia,ძლიერი საქართველო,,6027,,,,ლავრენტი,ქვილორია,ლავრენტი ქვილორია,,,local_2025.yml
local_2025,__main__,council_smd,gd,ქართული ოცნება,,6027,,,,დავით,ჭაკნელიძე,დავით ჭაკნელიძე,,,local_2025.yml
local_2025,__main__,council_smd,conservatives_geo,კონსერვატორები საქართველოსთვის,,6028,,,,თემურ,ლომთაძე,თემურ ლომთაძე,,,local_2025.yml
local_2025,__main__,council_smd,gd,ქართული ოცნება,,6028,,,,ქეთევან,კვაჭანტირაძე,ქეთევან კვაჭანტირაძე,,,local_2025.yml
local_2025,__main__,council_smd,gd,ქართული ოცნება,,6029,,,,ზურაბ,მორჩილაძე,ზურაბ მორჩილაძე,,,local_2025.yml
local_2025,__main__,council_smd,gd,ქართული ოცნება,,6030,,,,ზაზა,სალუქვაძე,ზაზა სალუქვაძე,,,local_2025.yml
local_2025,__main__,council_smd,gd,ქართული ოცნება,,6031,,,,ლაშა,კვაჭაძე,ლაშა კვაჭაძე,,,local_2025.yml
local_2025,__main__,council_smd,conservatives_geo,კონსერვატორები საქართველოსთვის,,6101,,,,გია,გოთუა,გია გოთუა,,,local_2025.yml
local_2025,__main__,council_smd,strong_georgia,ძლიერი საქართველო,,6101,,,,გოჩა,ჯანაშია,გოჩა ჯანაშია,,,local_2025.yml
local_2025,__main__,council_smd,gd,ქართული ოცნება,,6101,,,,კარლო,კვიტაიშვილი,კარლო კვიტაიშვილი,,,local_2025.yml
local_2025,__main__,council_smd,gakharia,გახარია საქართველოსთვის,,6102,,,,ვალიკო,მგელაძე,ვალიკო მგელაძე,,,local_2025.yml
local_2025,__main__,council_smd,gd,ქართული ოცნება,,6102,,,,ივანე,ებრალიძე,ივანე ებრალიძე,,,local_2025.yml
local_2025,__main__,council_smd,conservatives_geo,კონსერვატორები საქართველოსთვის,,6103,,,,ბესიკ,მორჩილაძე,ბესიკ მორჩილაძე,,,local_2025.yml
local_2025,__main__,council_smd,gd,ქართული ოცნება,,6103,,,,ირაკლი,ტოროტაძე,ირაკლი ტოროტაძე,,,local_2025.yml
local_2025,__main__,council_smd,independent,დამოუკიდებელი,,6103,,,,თეიმურაზ,გოგუაძე,თეიმურაზ გოგუაძე,,,local_2025.yml
local_2025,__main__,council_smd,gakharia,გახარია საქართველოსთვის,,6104,,,,ჯუნა,ჩხაიძე,ჯუნა ჩხაიძე,,,local_2025.yml
local_2025,__main__,council_smd,gd,ქართული ოცნება,,6104,,,,მაია,ლომთაძე,მაია ლომთაძე,,,local_2025.yml
local_2025,__main__,council_smd,conservatives_geo,კონსერვატორები საქართველოსთვის,,6105,,,,დათო,ხოფერია,დათო ხოფერია,,,local_2025.yml
local_2025,__main__,council_smd,gakharia,გახარია საქართველოსთვის,,6105,,,,შალვა,ჩხაიძე,შალვა ჩხაიძე,,,local_2025.yml
local_2025,__main__,council_smd,gd,ქართული ოცნება,,6105,,,,ტატო,ურუშაძე,ტატო ურუშაძე,,,local_2025.yml
local_2025,__main__,council_smd,gd,ქართული ოცნება,,6106,,,,ელისო,ჭიჭინაძე,ელისო ჭიჭინაძე,,,local_2025.yml
local_2025,__main__,council_smd,girchi,გირჩი,,6107,,,,კახა,ურუშაძე,კახა ურუშაძე,,,local_2025.yml
local_2025,__main__,council_smd,gd,ქართული ოცნება,,6107,,,,გელა,პატეიშვილი,გელა პატეიშვილი,,,local_2025.yml
local_2025,__main__,council_smd,gd,ქართული ოცნება,,6108,,,,თენგიზ,ურუშაძე,თენგიზ ურუშაძე,,,local_2025.yml
local_2025,__main__,council_smd,gd,ქართული ოცნება,,6109,,,,ბესიკ,ტაბიძე,ბესიკ ტაბიძე,,,local_2025.yml
local_2025,__main__,council_smd,gakharia,გახარია საქართველოსთვის,,6110,,,,მაკა,მშვიდობაძე,მაკა მშვიდობაძე,,,local_2025.yml
local_2025,__main__,council_smd,gd,ქართული ოცნება,,6110,,,,ზაზა,წულაძე,ზაზა წულაძე,,,local_2025.yml
local_2025,__main__,council_smd,gd,ქართული ოცნება,,6111,,,,ვარლამ,ჩხარტიშვილი,ვარლამ ჩხარტიშვილი,,,local_2025.yml
local_2025,__main__,council_smd,conservatives_geo,კონსერვატორები საქართველოსთვის,,6112,,,,ემზარ,გოგუაძე,ემზარ გოგუაძე,,,local_2025.yml
local_2025,__main__,council_smd,gakharia,გახარია საქართველოსთვის,,6112,,,,ჯუმბერ,ბლაგიძე,ჯუმბერ ბლაგიძე,,,local_2025.yml
local_2025,__main__,council_smd,gd,ქართული ოცნება,,6112,,,,ია,მოქია,ია მოქია,,,local_2025.yml
local_2025,__main__,council_smd,conservatives_geo,კონსერვატორები საქართველოსთვის,,6113,,,,დავით,როყვა,დავით როყვა,,,local_2025.yml
local_2025,__main__,council_smd,gd,ქართული ოცნება,,6113,,,,ბესიკი,კვაჭანტირაძე,ბესიკი კვაჭანტირაძე,,,local_2025.yml
local_2025,__main__,council_smd,gakharia,გახარია საქართველოსთვის,,6114,,,,გივი,იმნაიშვილი,გივი იმნაიშვილი,,,local_2025.yml
local_2025,__main__,council_smd,gd,ქართული ოცნება,,6114,,,,გიორგი,იმნაიშვილი,გიორგი იმნაიშვილი,,,local_2025.yml
local_2025,__main__,council_smd,gakharia,გახარია საქართველოსთვის,,6115,,,,ნინო,პატარაია,ნინო პატარაია,,,local_2025.yml
local_2025,__main__,council_smd,gd,ქართული ოცნება,,6115,,,,გიორგი,ჩახვაძე,გიორგი ჩახვაძე,,,local_2025.yml
local_2025,__main__,council_smd,strong_georgia,ძლიერი საქართველო,,6116,,,,ფრიდონი,ფუტკარაძე,ფრიდონი ფუტკარაძე,,,local_2025.yml
local_2025,__main__,council_smd,gd,ქართული ოცნება,,6116,,,,სამსონ,კვაჭაძე,სამსონ კვაჭაძე,,,local_2025.yml
local_2025,__main__,council_smd,strong_georgia,ძლიერი საქართველო,,6117,,,,ელდარ,ბენდელიანი,ელდარ ბენდელიანი,,,local_2025.yml
local_2025,__main__,council_smd,gd,ქართული ოცნება,,6117,,,,ალექსანდრე,მახათაძე,ალექსანდრე მახათაძე,,,local_2025.yml
local_2025,__main__,council_smd,conservatives_geo,კონსერვატორები საქართველოსთვის,,6201,,,,რომანოზ,გოგიბერიძე,რომანოზ გოგიბერიძე,,,local_2025.yml
local_2025,__main__,council_smd,strong_georgia,ძლიერი საქართველო,,6201,,,,ქეთევან,რამიშვილი,ქეთევან რამიშვილი,,,local_2025.yml
local_2025,__main__,council_smd,gd,ქართული ოცნება,,6201,,,,ჯუმბერი,ბერძენიშვილი,ჯუმბერი ბერძენიშვილი,,,local_2025.yml
local_2025,__main__,council_smd,conservatives_geo,კონსერვატორები საქართველოსთვის,,6202,,,,საბა,დოლიძე,საბა დოლიძე,,,local_2025.yml
local_2025,__main__,council_smd,strong_georgia,ძლიერი საქართველო,,6202,,,,ქეთო,ტრაპაიძე,ქეთო ტრაპაიძე,,,local_2025.yml
local_2025,__main__,council_smd,gd,ქართული ოცნება,,6202,,,,ქეთევან,სიხარულიძე,ქეთევან სიხარულიძე,,,local_2025.yml
local_2025,__main__,council_smd,gakharia,გახარია საქართველოსთვის,,6203,,,,გიორგი,დოლიძე,გიორგი დოლიძე,,,local_2025.yml
local_2025,__main__,council_smd,gd,ქართული ოცნება,,6203,,,,ზვიად,წეროძე,ზვიად წეროძე,,,local_2025.yml
local_2025,__main__,council_smd,gd,ქართული ოცნება,,6204,,,,აკაკი,ყაჭეიშვილი,აკაკი ყაჭეიშვილი,,,local_2025.yml
local_2025,__main__,council_smd,gd,ქართული ოცნება,,6205,,,,დავით,ტყეშელიაძე,დავით ტყეშელიაძე,,,local_2025.yml
local_2025,__main__,council_smd,gakharia,გახარია საქართველოსთვის,,6206,,,,ლაშა,გიორგაძე,ლაშა გიორგაძე,,,local_2025.yml
local_2025,__main__,council_smd,gd,ქართული ოცნება,,6206,,,,ლაშა,თოლორდავა,ლაშა თოლორდავა,,,local_2025.yml
local_2025,__main__,council_smd,strong_georgia,ძლიერი საქართველო,,6207,,,,მარინა,დოლიძე,მარინა დოლიძე,,,local_2025.yml
local_2025,__main__,council_smd,gd,ქართული ოცნება,,6207,,,,გოჩა,ჯიქია,გოჩა ჯიქია,,,local_2025.yml
local_2025,__main__,council_smd,strong_georgia,ძლიერი საქართველო,,6208,,,,გიორგი,რამიშვილი,გიორგი რამიშვილი,,,local_2025.yml
local_2025,__main__,council_smd,gd,ქართული ოცნება,,6208,,,,გიორგი,რამიშვილი,გიორგი რამიშვილი,,,local_2025.yml
local_2025,__main__,council_smd,gd,ქართული ოცნება,,6209,,,,სერგო,კობიძე,სერგო კობიძე,,,local_2025.yml
local_2025,__main__,council_smd,strong_georgia,ძლიერი საქართველო,,6210,,,,რომანი,ჯულაყიძე,რომანი ჯულაყიძე,,,local_2025.yml
local_2025,__main__,council_smd,gd,ქართული ოცნება,,6210,,,,მაია,კუტუბიძე,მაია კუტუბიძე,,,local_2025.yml
local_2025,__main__,council_smd,strong_georgia,ძლიერი საქართველო,,6211,,,,კახა,გიორგაძე,კახა გიორგაძე,,,local_2025.yml
local_2025,__main__,council_smd,gd,ქართული ოცნება,,6211,,,,ერეკლე,უღრელიძე,ერეკლე უღრელიძე,,,local_2025.yml
local_2025,__main__,council_smd,gd,ქართული ოცნება,,6212,,,,თემურ,ხუხუნაიშვილი,თემურ ხუხუნაიშვილი,,,local_2025.yml
local_2025,__main__,council_smd,strong_georgia,ძლიერი საქართველო,,6213,,,,მერაბი,ანთაძე,მერაბი ანთაძე,,,local_2025.yml
local_2025,__main__,council_smd,gakharia,გახარია საქართველოსთვის,,6213,,,,ომარი,ირემაძე,ომარი ირემაძე,,,local_2025.yml
local_2025,__main__,council_smd,gd,ქართული ოცნება,,6213,,,,ლაშა,ირემაძე,ლაშა ირემაძე,,,local_2025.yml
local_2025,__main__,council_smd,strong_georgia,ძლიერი საქართველო,,6214,,,,მასიკო,გიორგაძე,მასიკო გიორგაძე,,,local_2025.yml
local_2025,__main__,council_smd,gd,ქართული ოცნება,,6214,,,,ნოდარი,ცხომელიძე,ნოდარი ცხომელიძე,,,local_2025.yml
local_2025,__main__,council_smd,gd,ქართული ოცნება,,6215,,,,ზაზა,ბერიძე,ზაზა ბერიძე,,,local_2025.yml
local_2025,__main__,council_smd,gakharia,გახარია საქართველოსთვის,,6216,,,,ერეკლე,ჭკუასელი,ერეკლე ჭკუასელი,,,local_2025.yml
local_2025,__main__,council_smd,gd,ქართული ოცნება,,6216,,,,ლაშა,სხვიტარიძე,ლაშა სხვიტარიძე,,,local_2025.yml
local_2025,__main__,council_smd,strong_georgia,ძლიერი საქართველო,,6217,,,,მამუკა,ცინცაძე,მამუკა ცინცაძე,,,local_2025.yml
local_2025,__main__,council_smd,gd,ქართული ოცნება,,6217,,,,ოთარი,ცინცაძე,ოთარი ცინცაძე,,,local_2025.yml
local_2025,__main__,council_smd,strong_georgia,ძლიერი საქართველო,,6218,,,,ნუგზარი,ჭაღალიძე,ნუგზარი ჭაღალიძე,,,local_2025.yml
local_2025,__main__,council_smd,gakharia,გახარია საქართველოსთვის,,6218,,,,რომანი,კალანდაძე,რომანი კალანდაძე,,,local_2025.yml
local_2025,__main__,council_smd,gd,ქართული ოცნება,,6218,,,,მინდია,დოლიძე,მინდია დოლიძე,,,local_2025.yml
local_2025,__main__,council_smd,gd,ქართული ოცნება,,6219,,,,ვლადიმერ,სიხარულიძე,ვლადიმერ სიხარულიძე,,,local_2025.yml
local_2025,__main__,council_smd,gd,ქართული ოცნება,,6220,,,,გოგიტა,ტრაპაიძე,გოგიტა ტრაპაიძე,,,local_2025.yml
local_2025,__main__,council_smd,independent,დამოუკიდებელი,,6220,,,,იაშა,შათირიშვილი,იაშა შათირიშვილი,,,local_2025.yml
local_2025,__main__,council_smd,strong_georgia,ძლიერი საქართველო,,6221,,,,მაია,რამიშვილი,მაია რამიშვილი,,,local_2025.yml
local_2025,__main__,council_smd,gd,ქართული ოცნება,,6221,,,,გივი,ჩხიკვაძე,გივი ჩხიკვაძე,,,local_2025.yml
local_2025,__main__,council_smd,gd,ქართული ოცნება,,6222,,,,ზვიადი,მამალაძე,ზვიადი მამალაძე,,,local_2025.yml
local_2025,__main__,council_smd,gd,ქართული ოცნება,,6223,,,,კახაბერ,სიხარულიძე,კახაბერ სიხარულიძე,,,local_2025.yml
local_2025,__main__,council_smd,conservatives_geo,კონსერვატორები საქართველოსთვის,,6301,,,,ზაური,რუხაძე,ზაური რუხაძე,,,local_2025.yml
local_2025,__main__,council_smd,strong_georgia,ძლიერი საქართველო,,6301,,,,კახა,კაჭარავა,კახა კაჭარავა,,,local_2025.yml
local_2025,__main__,council_smd,gakharia,გახარია საქართველოსთვის,,6301,,,,ზაზა,ჭანტურია,ზაზა ჭანტურია,,,local_2025.yml
local_2025,__main__,council_smd,gd,ქართული ოცნება,,6301,,,,დავითი,ცანავა,დავითი ცანავა,,,local_2025.yml
local_2025,__main__,council_smd,strong_georgia,ძლიერი საქართველო,,6302,,,,გელა,თოფურია,გელა თოფურია,,,local_2025.yml
local_2025,__main__,council_smd,gd,ქართული ოცნება,,6302,,,,მამუკა,კვიტაშვილი,მამუკა კვიტაშვილი,,,local_2025.yml
local_2025,__main__,council_smd,strong_georgia,ძლიერი საქართველო,,6303,,,,დომენტი,ქორქია,დომენტი ქორქია,,,local_2025.yml
local_2025,__main__,council_smd,gd,ქართული ოცნება,,6303,,,,გიორგი,პაპასკირი,გიორგი პაპასკირი,,,local_2025.yml
local_2025,__main__,council_smd,gd,ქართული ოცნება,,6304,,,,მურმანი,გუნია,მურმანი გუნია,,,local_2025.yml
local_2025,__main__,council_smd,independent,დამოუკიდებელი,,6304,,,,გენო,მიმინოშვილი,გენო მიმინოშვილი,,,local_2025.yml
local_2025,__main__,council_smd,gd,ქართული ოცნება,,6305,,,,ბაქარი,შელია,ბაქარი შელია,,,local_2025.yml
local_2025,__main__,council_smd,gd,ქართული ოცნება,,6306,,,,გიორგი,მიმინოშვილი,გიორგი მიმინოშვილი,,,local_2025.yml
local_2025,__main__,council_smd,gakharia,გახარია საქართველოსთვის,,6307,,,,ბაჩუკი,ქვილითაია,ბაჩუკი ქვილითაია,,,local_2025.yml
local_2025,__main__,council_smd,gd,ქართული ოცნება,,6307,,,,იასონი,კიზირია,იასონი კიზირია,,,local_2025.yml
local_2025,__main__,council_smd,conservatives_geo,კონსერვატორები საქართველოსთვის,,6308,,,,გოდერძი,ბოკუჩავა,გოდერძი ბოკუჩავა,,,local_2025.yml
local_2025,__main__,council_smd,gakharia,გახარია საქართველოსთვის,,6308,,,,კოკი,ჩაჩავა,კოკი ჩაჩავა,,,local_2025.yml
local_2025,__main__,council_smd,gd,ქართული ოცნება,,6308,,,,ზაზა,ალასანია,ზაზა ალასანია,,,local_2025.yml
local_2025,__main__,council_smd,gd,ქართული ოცნება,,6309,,,,ლეონტი,ნადარეიშვილი,ლეონტი ნადარეიშვილი,,,local_2025.yml
local_2025,__main__,council_smd,gd,ქართული ოცნება,,6310,,,,იაგო,თოდუა,იაგო თოდუა,,,local_2025.yml
local_2025,__main__,council_smd,conservatives_geo,კონსერვატორები საქართველოსთვის,,6311,,,,ეკა,ჩორგოლაშვილი,ეკა ჩორგოლაშვილი,,,local_2025.yml
local_2025,__main__,council_smd,gd,ქართული ოცნება,,6311,,,,დიმიტრი,ვერულაშვილი,დიმიტრი ვერულაშვილი,,,local_2025.yml
local_2025,__main__,council_smd,gd,ქართული ოცნება,,6312,,,,ბესარიონი,ნადარაია,ბესარიონი ნადარაია,,,local_2025.yml
local_2025,__main__,council_smd,strong_georgia,ძლიერი საქართველო,,6313,,,,რაული,თოფურია,რაული თოფურია,,,local_2025.yml
local_2025,__main__,council_smd,gd,ქართული ოცნება,,6313,,,,ზაალი,ნოდია,ზაალი ნოდია,,,local_2025.yml
local_2025,__main__,council_smd,strong_georgia,ძლიერი საქართველო,,6314,,,,ავთანდილი,გვალია,ავთანდილი გვალია,,,local_2025.yml
local_2025,__main__,council_smd,gd,ქართული ოცნება,,6314,,,,ანდრო,ქვილითაია,ანდრო ქვილითაია,,,local_2025.yml
local_2025,__main__,council_smd,gd,ქართული ოცნება,,6315,,,,რეზო,ქავთარაძე,რეზო ქავთარაძე,,,local_2025.yml
local_2025,__main__,council_smd,strong_georgia,ძლიერი საქართველო,,6316,,,,ზვიადი,მელია,ზვიადი მელია,,,local_2025.yml
local_2025,__main__,council_smd,gd,ქართული ოცნება,,6316,,,,მურთაზი,ჯალაღონია,მურთაზი ჯალაღონია,,,local_2025.yml
local_2025,__main__,council_smd,gd,ქართული ოცნება,,6317,,,,ზვიადი,კუპრეიშვილი,ზვიადი კუპრეიშვილი,,,local_2025.yml
local_2025,__main__,council_smd,gakharia,გახარია საქართველოსთვის,,6401,,,,ირაკლი,კაჭარავა,ირაკლი კაჭარავა,,,local_2025.yml
local_2025,__main__,council_smd,gd,ქართული ოცნება,,6401,,,,გიორგი,შომახია,გიორგი შომახია,,,local_2025.yml
local_2025,__main__,council_smd,gakharia,გახარია საქართველოსთვის,,6402,,,,ნიკოლოზი,შამათავა,ნიკოლოზი შამათავა,,,local_2025.yml
local_2025,__main__,council_smd,gd,ქართული ოცნება,,6402,,,,ბადრი,კალანდარიშვილი,ბადრი კალანდარიშვილი,,,local_2025.yml
local_2025,__main__,council_smd,gakharia,გახარია საქართველოსთვის,,6403,,,,ელისო,ხარბედია,ელისო ხარბედია,,,local_2025.yml
local_2025,__main__,council_smd,gd,ქართული ოცნება,,6403,,,,გიგა,წურწუმია,გიგა წურწუმია,,,local_2025.yml
local_2025,__main__,council_smd,gakharia,გახარია საქართველოსთვის,,6404,,,,შორენა,ხოშტარია,შორენა ხოშტარია,,,local_2025.yml
local_2025,__main__,council_smd,gd,ქართული ოცნება,,6404,,,,ელიზბარი,ოდიშარია,ელიზბარი ოდიშარია,,,local_2025.yml
local_2025,__main__,council_smd,mamuli_ena,"მამული, ენა, სარწმუნოება",,6405,,,,რიმა,პირტახია,რიმა პირტახია,,,local_2025.yml
local_2025,__main__,council_smd,gakharia,გახარია საქართველოსთვის,,6405,,,,გიორგი,მურღულია,გიორგი მურღულია,,,local_2025.yml
local_2025,__main__,council_smd,gd,ქართული ოცნება,,6405,,,,ბადრი,ხურცია,ბადრი ხურცია,,,local_2025.yml
local_2025,__main__,council_smd,strong_georgia,ძლიერი საქართველო,,6406,,,,ნათია,შუბლაძე,ნათია შუბლაძე,,,local_2025.yml
local_2025,__main__,council_smd,gd,ქართული ოცნება,,6406,,,,ცოტნე,ჯღამაძე,ცოტნე ჯღამაძე,,,local_2025.yml
local_2025,__main__,council_smd,gd,ქართული ოცნება,,6407,,,,ირაკლი,ცხვიტავა,ირაკლი ცხვიტავა,,,local_2025.yml
local_2025,__main__,council_smd,gd,ქართული ოცნება,,6408,,,,ზურაბი,აფაქიძე,ზურაბი აფაქიძე,,,local_2025.yml
local_2025,__main__,council_smd,strong_georgia,ძლიერი საქართველო,,6409,,,,ბესიკი,კვირაია,ბესიკი კვირაია,,,local_2025.yml
local_2025,__main__,council_smd,gd,ქართული ოცნება,,6409,,,,ვარდო,ჩიქობავა,ვარდო ჩიქობავა,,,local_2025.yml
local_2025,__main__,council_smd,gd,ქართული ოცნება,,6410,,,,ზაზა,ყურაშვილი,ზაზა ყურაშვილი,,,local_2025.yml
local_2025,__main__,council_smd,gakharia,გახარია საქართველოსთვის,,6411,,,,კობა,ქადარია,კობა ქადარია,,,local_2025.yml
local_2025,__main__,council_smd,gd,ქართული ოცნება,,6411,,,,ნუგზარი,ხუხუნი,ნუგზარი ხუხუნი,,,local_2025.yml
local_2025,__main__,council_smd,gakharia,გახარია საქართველოსთვის,,6412,,,,გიგა,ხარბედია,გიგა ხარბედია,,,local_2025.yml
local_2025,__main__,council_smd,gd,ქართული ოცნება,,6412,,,,მიხეილი,ნადარაია,მიხეილი ნადარაია,,,local_2025.yml
local_2025,__main__,council_smd,strong_georgia,ძლიერი საქართველო,,6413,,,,მაია,სირია,მაია სირია,,,local_2025.yml
local_2025,__main__,council_smd,gd,ქართული ოცნება,,6413,,,,გოჩა,ოდიშარია,გოჩა ოდიშარია,,,local_2025.yml
local_2025,__main__,council_smd,gakharia,გახარია საქართველოსთვის,,6414,,,,თეონა,ბაღათურია,თეონა ბაღათურია,,,local_2025.yml
local_2025,__main__,council_smd,gd,ქართული ოცნება,,6414,,,,გიორგი,წურწუმია,გიორგი წურწუმია,,,local_2025.yml
local_2025,__main__,council_smd,gakharia,გახარია საქართველოსთვის,,6415,,,,თამარი,ხუნწარია,თამარი ხუნწარია,,,local_2025.yml
local_2025,__main__,council_smd,gd,ქართული ოცნება,,6415,,,,მალხაზი,ხაბურზანია,მალხაზი ხაბურზანია,,,local_2025.yml
local_2025,__main__,council_smd,strong_georgia,ძლიერი საქართველო,,6416,,,,ირაკლი,ანდრიაძე,ირაკლი ანდრიაძე,,,local_2025.yml
local_2025,__main__,council_smd,gd,ქართული ოცნება,,6416,,,,კაპიტონი,ტორჩინავა,კაპიტონი ტორჩინავა,,,local_2025.yml
local_2025,__main__,council_smd,gd,ქართული ოცნება,,6417,,,,ლევანი,ჯინორია,ლევანი ჯინორია,,,local_2025.yml
local_2025,__main__,council_smd,gd,ქართული ოცნება,,6418,,,,ბადრი,შარტავა,ბადრი შარტავა,,,local_2025.yml
local_2025,__main__,council_smd,conservatives_geo,კონსერვატორები საქართველოსთვის,,6501,,,,ალექსანდრე,ციცხვაია,ალექსანდრე ციცხვაია,,,local_2025.yml
local_2025,__main__,council_smd,gd,ქართული ოცნება,,6501,,,,ელიზბარ,ახვლედიანი,ელიზბარ ახვლედიანი,,,local_2025.yml
local_2025,__main__,council_smd,gd,ქართული ოცნება,,6502,,,,ჯესი,სურმავა,ჯესი სურმავა,,,local_2025.yml
local_2025,__main__,council_smd,gd,ქართული ოცნება,,6503,,,,ირაკლი,დიხამინჯია,ირაკლი დიხამინჯია,,,local_2025.yml
local_2025,__main__,council_smd,gd,ქართული ოცნება,,6504,,,,გიზო,პატარაია,გიზო პატარაია,,,local_2025.yml
local_2025,__main__,council_smd,gd,ქართული ოცნება,,6505,,,,ზურაბ,წულაია,ზურაბ წულაია,,,local_2025.yml
local_2025,__main__,council_smd,gd,ქართული ოცნება,,6506,,,,კახაბერ,ჯგერენაია,კახაბერ ჯგერენაია,,,local_2025.yml
local_2025,__main__,council_smd,conservatives_geo,კონსერვატორები საქართველოსთვის,,6507,,,,პაატა,ჯიჯელავა,პაატა ჯიჯელავა,,,local_2025.yml
local_2025,__main__,council_smd,gd,ქართული ოცნება,,6507,,,,ელდარი,თოდუა,ელდარი თოდუა,,,local_2025.yml
local_2025,__main__,council_smd,gd,ქართული ოცნება,,6508,,,,ლაშა,ქობალია,ლაშა ქობალია,,,local_2025.yml
local_2025,__main__,council_smd,gd,ქართული ოცნება,,6509,,,,შალვა,ბახია,შალვა ბახია,,,local_2025.yml
local_2025,__main__,council_smd,strong_georgia,ძლიერი საქართველო,,6510,,,,მირიანე,ხვიჩია,მირიანე ხვიჩია,,,local_2025.yml
local_2025,__main__,council_smd,gd,ქართული ოცნება,,6510,,,,მიხეილ,ჯანაშია,მიხეილ ჯანაშია,,,local_2025.yml
local_2025,__main__,council_smd,gd,ქართული ოცნება,,6511,,,,ზვიად,ბაჩილავა,ზვიად ბაჩილავა,,,local_2025.yml
local_2025,__main__,council_smd,independent,დამოუკიდებელი,,6511,,,,დათო,ხელაია,დათო ხელაია,,,local_2025.yml
local_2025,__main__,council_smd,conservatives_geo,კონსერვატორები საქართველოსთვის,,6512,,,,ვახტანგ,გობეჩია,ვახტანგ გობეჩია,,,local_2025.yml
local_2025,__main__,council_smd,gd,ქართული ოცნება,,6512,,,,რობერტ,კაკულია,რობერტ კაკულია,,,local_2025.yml
local_2025,__main__,council_smd,gd,ქართული ოცნება,,6513,,,,მინდია,გაბისონია,მინდია გაბისონია,,,local_2025.yml
local_2025,__main__,council_smd,gd,ქართული ოცნება,,6514,,,,იპოლიტე,დანელია,იპოლიტე დანელია,,,local_2025.yml
local_2025,__main__,council_smd,conservatives_geo,კონსერვატორები საქართველოსთვის,,6515,,,,ბადრი,სილაგავა,ბადრი სილაგავა,,,local_2025.yml
local_2025,__main__,council_smd,strong_georgia,ძლიერი საქართველო,,6515,,,,ნიაზი,კვანტალიანი,ნიაზი კვანტალიანი,,,local_2025.yml
local_2025,__main__,council_smd,gd,ქართული ოცნება,,6515,,,,ლევან,სურმავა,ლევან სურმავა,,,local_2025.yml
local_2025,__main__,council_smd,conservatives_geo,კონსერვატორები საქართველოსთვის,,6516,,,,ვახტანგ,დანელია,ვახტანგ დანელია,,,local_2025.yml
local_2025,__main__,council_smd,gd,ქართული ოცნება,,6516,,,,ბაჩანა,ცანავა,ბაჩანა ცანავა,,,local_2025.yml
local_2025,__main__,council_smd,independent,დამოუკიდებელი,,6516,,,,ზაურ,ჯახუა,ზაურ ჯახუა,,,local_2025.yml
local_2025,__main__,council_smd,gd,ქართული ოცნება,,6517,,,,ლაშა,ცანავა,ლაშა ცანავა,,,local_2025.yml
local_2025,__main__,council_smd,conservatives_geo,კონსერვატორები საქართველოსთვის,,6518,,,,აკაკი,ჯიქია,აკაკი ჯიქია,,,local_2025.yml
local_2025,__main__,council_smd,strong_georgia,ძლიერი საქართველო,,6518,,,,ჭიჭიკო,ხელაძე,ჭიჭიკო ხელაძე,,,local_2025.yml
local_2025,__main__,council_smd,gd,ქართული ოცნება,,6518,,,,კობა,დარჯანია,კობა დარჯანია,,,local_2025.yml
local_2025,__main__,council_smd,conservatives_geo,კონსერვატორები საქართველოსთვის,,6519,,,,ნუგზარ,შენგელია,ნუგზარ შენგელია,,,local_2025.yml
local_2025,__main__,council_smd,strong_georgia,ძლიერი საქართველო,,6519,,,,გიორგი,ფულარია,გიორგი ფულარია,,,local_2025.yml
local_2025,__main__,council_smd,gd,ქართული ოცნება,,6519,,,,გიორგი,ჯიჯელავა,გიორგი ჯიჯელავა,,,local_2025.yml
local_2025,__main__,council_smd,gd,ქართული ოცნება,,6520,,,,ზურაბ,მელიავა,ზურაბ მელიავა,,,local_2025.yml
local_2025,__main__,council_smd,gd,ქართული ოცნება,,6521,,,,შაკა,ნაჭყებია,შაკა ნაჭყებია,,,local_2025.yml
local_2025,__main__,council_smd,strong_georgia,ძლიერი საქართველო,,6522,,,,ჯონი,ძიძიგური,ჯონი ძიძიგური,,,local_2025.yml
local_2025,__main__,council_smd,gd,ქართული ოცნება,,6522,,,,ჯამბულ,ხუროძე,ჯამბულ ხუროძე,,,local_2025.yml
local_2025,__main__,council_smd,gakharia,გახარია საქართველოსთვის,,6601,,,,მერაბი,დოლბაია,მერაბი დოლბაია,,,local_2025.yml
local_2025,__main__,council_smd,gd,ქართული ოცნება,,6601,,,,ვლადიმერი,ქანთარია,ვლადიმერი ქანთარია,,,local_2025.yml
local_2025,__main__,council_smd,strong_georgia,ძლიერი საქართველო,,6602,,,,ნოდარი,კარტოზია,ნოდარი კარტოზია,,,local_2025.yml
local_2025,__main__,council_smd,gd,ქართული ოცნება,,6602,,,,აკაკი,მალანია,აკაკი მალანია,,,local_2025.yml
local_2025,__main__,council_smd,gd,ქართული ოცნება,,6603,,,,ბადრი,რიჟამაძე,ბადრი რიჟამაძე,,,local_2025.yml
local_2025,__main__,council_smd,gd,ქართული ოცნება,,6604,,,,კობა,შონია,კობა შონია,,,local_2025.yml
local_2025,__main__,council_smd,strong_georgia,ძლიერი საქართველო,,6605,,,,გელა,ჭითანავა,გელა ჭითანავა,,,local_2025.yml
local_2025,__main__,council_smd,gd,ქართული ოცნება,,6605,,,,ფრიდონ,შონია,ფრიდონ შონია,,,local_2025.yml
local_2025,__main__,council_smd,gakharia,გახარია საქართველოსთვის,,6606,,,,მურთაზ,ბუკია,მურთაზ ბუკია,,,local_2025.yml
local_2025,__main__,council_smd,gd,ქართული ოცნება,,6606,,,,კობა,გერგაია,კობა გერგაია,,,local_2025.yml
local_2025,__main__,council_smd,gakharia,გახარია საქართველოსთვის,,6607,,,,მაკა,სახურია,მაკა სახურია,,,local_2025.yml
local_2025,__main__,council_smd,gd,ქართული ოცნება,,6607,,,,ირაკლი,სახურია,ირაკლი სახურია,,,local_2025.yml
local_2025,__main__,council_smd,strong_georgia,ძლიერი საქართველო,,6608,,,,ბუბა,გრიგოლავა,ბუბა გრიგოლავა,,,local_2025.yml
local_2025,__main__,council_smd,gd,ქართული ოცნება,,6608,,,,ირაკლი,ალანია,ირაკლი ალანია,,,local_2025.yml
local_2025,__main__,council_smd,gakharia,გახარია საქართველოსთვის,,6609,,,,იგორი,კოდუა,იგორი კოდუა,,,local_2025.yml
local_2025,__main__,council_smd,gd,ქართული ოცნება,,6609,,,,მზია,ლემონჯარია,მზია ლემონჯარია,,,local_2025.yml
local_2025,__main__,council_smd,gd,ქართული ოცნება,,6610,,,,ლევანი,ლიპარტია,ლევანი ლიპარტია,,,local_2025.yml
local_2025,__main__,council_smd,strong_georgia,ძლიერი საქართველო,,6611,,,,ილარიონი,წოწორია,ილარიონი წოწორია,,,local_2025.yml
local_2025,__main__,council_smd,gd,ქართული ოცნება,,6611,,,,აკაკი,ხურცილავა,აკაკი ხურცილავა,,,local_2025.yml
local_2025,__main__,council_smd,strong_georgia,ძლიერი საქართველო,,6612,,,,თორნიკე,ჯანჯულია,თორნიკე ჯანჯულია,,,local_2025.yml
local_2025,__main__,council_smd,gd,ქართული ოცნება,,6612,,,,გიორგი,ბერაია,გიორგი ბერაია,,,local_2025.yml
local_2025,__main__,council_smd,strong_georgia,ძლიერი საქართველო,,6613,,,,ვიტალი,ტაბატაძე,ვიტალი ტაბატაძე,,,local_2025.yml
local_2025,__main__,council_smd,gd,ქართული ოცნება,,6613,,,,ზვიადი,სულამანიძე,ზვიადი სულამანიძე,,,local_2025.yml
local_2025,__main__,council_smd,gakharia,გახარია საქართველოსთვის,,6614,,,,სოსო,შამათავა,სოსო შამათავა,,,local_2025.yml
local_2025,__main__,council_smd,gd,ქართული ოცნება,,6614,,,,გოჩა,ქაჯაია,გოჩა ქაჯაია,,,local_2025.yml
local_2025,__main__,council_smd,strong_georgia,ძლიერი საქართველო,,6615,,,,ქრისტინე,გაფრინდაშვილი,ქრისტინე გაფრინდაშვილი,,,local_2025.yml
local_2025,__main__,council_smd,gd,ქართული ოცნება,,6615,,,,გიორგი,გვასალია,გიორგი გვასალია,,,local_2025.yml
local_2025,__main__,council_smd,strong_georgia,ძლიერი საქართველო,,6616,,,,ანა,ფიფია,ანა ფიფია,,,local_2025.yml
local_2025,__main__,council_smd,gd,ქართული ოცნება,,6616,,,,მიმოზა,ლემონჯავა,მიმოზა ლემონჯავა,,,local_2025.yml
local_2025,__main__,council_smd,strong_georgia,ძლიერი საქართველო,,6617,,,,მაია,არეშიძე,მაია არეშიძე,,,local_2025.yml
local_2025,__main__,council_smd,gd,ქართული ოცნება,,6617,,,,სერგო,ბერაია,სერგო ბერაია,,,local_2025.yml
local_2025,__main__,council_smd,strong_georgia,ძლიერი საქართველო,,6618,,,,გულადი,კაკულია,გულადი კაკულია,,,local_2025.yml
local_2025,__main__,council_smd,gd,ქართული ოცნება,,6618,,,,გია,წულაია,გია წულაია,,,local_2025.yml
local_2025,__main__,council_smd,strong_georgia,ძლიერი საქართველო,,6619,,,,ელენე,ჩიქოვანი,ელენე ჩიქოვანი,,,local_2025.yml
local_2025,__main__,council_smd,gd,ქართული ოცნება,,6619,,,,გურამი,ქირია,გურამი ქირია,,,local_2025.yml
local_2025,__main__,council_smd,gd,ქართული ოცნება,,6620,,,,მანუჩარი,ქაძანაია,მანუჩარი ქაძანაია,,,local_2025.yml
local_2025,__main__,council_smd,strong_georgia,ძლიერი საქართველო,,6621,,,,ლაშა,ცატავა,ლაშა ცატავა,,,local_2025.yml
local_2025,__main__,council_smd,gd,ქართული ოცნება,,6621,,,,ფრიდონი,კუკავა,ფრიდონი კუკავა,,,local_2025.yml
local_2025,__main__,council_smd,conservatives_geo,კონსერვატორები საქართველოსთვის,,6622,,,,ბესიკი,ბაძაღუა,ბესიკი ბაძაღუა,,,local_2025.yml
local_2025,__main__,council_smd,gd,ქართული ოცნება,,6622,,,,გივი,ლატარია,გივი ლატარია,,,local_2025.yml
local_2025,__main__,council_smd,conservatives_geo,კონსერვატორები საქართველოსთვის,,6701,,,,ჯაბა,კუტალია,ჯაბა კუტალია,,,local_2025.yml
local_2025,__main__,council_smd,gakharia,გახარია საქართველოსთვის,,6701,,,,ბელა,მოსია,ბელა მოსია,,,local_2025.yml
local_2025,__main__,council_smd,gd,ქართული ოცნება,,6701,,,,რატი,ყოლბაია,რატი ყოლბაია,,,local_2025.yml
local_2025,__main__,council_smd,strong_georgia,ძლიერი საქართველო,,6702,,,,კახა,ჭკადუა,კახა ჭკადუა,,,local_2025.yml
local_2025,__main__,council_smd,gd,ქართული ოცნება,,6702,,,,ზვიად,ჯიჭონაია,ზვიად ჯიჭონაია,,,local_2025.yml
local_2025,__main__,council_smd,conservatives_geo,კონსერვატორები საქართველოსთვის,,6703,,,,დიმიტრი,ქუხილავა,დიმიტრი ქუხილავა,,,local_2025.yml
local_2025,__main__,council_smd,strong_georgia,ძლიერი საქართველო,,6703,,,,გიორგი,კვარაცხელია,გიორგი კვარაცხელია,,,local_2025.yml
local_2025,__main__,council_smd,gd,ქართული ოცნება,,6703,,,,თაზო,ფაცაცია,თაზო ფაცაცია,,,local_2025.yml
local_2025,__main__,council_smd,strong_georgia,ძლიერი საქართველო,,6704,,,,გიორგი,ჯაკონია,გიორგი ჯაკონია,,,local_2025.yml
local_2025,__main__,council_smd,gd,ქართული ოცნება,,6704,,,,თენგიზ,ქობალია,თენგიზ ქობალია,,,local_2025.yml
local_2025,__main__,council_smd,conservatives_geo,კონსერვატორები საქართველოსთვის,,6705,,,,ბაკურ,ძიმცეიშვილი,ბაკურ ძიმცეიშვილი,,,local_2025.yml
local_2025,__main__,council_smd,strong_georgia,ძლიერი საქართველო,,6705,,,,დავით,ჩქოტუა,დავით ჩქოტუა,,,local_2025.yml
local_2025,__main__,council_smd,gd,ქართული ოცნება,,6705,,,,ნიკოლოზ,ზარქუა,ნიკოლოზ ზარქუა,,,local_2025.yml
local_2025,__main__,council_smd,strong_georgia,ძლიერი საქართველო,,6706,,,,მანუჩარ,კოდუა,მანუჩარ კოდუა,,,local_2025.yml
local_2025,__main__,council_smd,gd,ქართული ოცნება,,6706,,,,ედიტა,კოდუა,ედიტა კოდუა,,,local_2025.yml
local_2025,__main__,council_smd,strong_georgia,ძლიერი საქართველო,,6707,,,,მარინე,ტაბაღუა,მარინე ტაბაღუა,,,local_2025.yml
local_2025,__main__,council_smd,gd,ქართული ოცნება,,6707,,,,მამუკა,ყურაშვილი,მამუკა ყურაშვილი,,,local_2025.yml
local_2025,__main__,council_smd,strong_georgia,ძლიერი საქართველო,,6708,,,,ანნა,ზოლინა,ანნა ზოლინა,,,local_2025.yml
local_2025,__main__,council_smd,gd,ქართული ოცნება,,6708,,,,მამუკა,თოლორაია,მამუკა თოლორაია,,,local_2025.yml
local_2025,__main__,council_smd,gakharia,გახარია საქართველოსთვის,,6709,,,,ბადრი,აბსანძე,ბადრი აბსანძე,,,local_2025.yml
local_2025,__main__,council_smd,gd,ქართული ოცნება,,6709,,,,გაბრიელ,ხარებავა,გაბრიელ ხარებავა,,,local_2025.yml
local_2025,__main__,council_smd,conservatives_geo,კონსერვატორები საქართველოსთვის,,6710,,,,თენგიზ,პირველი,თენგიზ პირველი,,,local_2025.yml
local_2025,__main__,council_smd,strong_georgia,ძლიერი საქართველო,,6710,,,,თენგიზ,ქოჩუა,თენგიზ ქოჩუა,,,local_2025.yml
local_2025,__main__,council_smd,gd,ქართული ოცნება,,6710,,,,მირანდა,კიტია,მირანდა კიტია,,,local_2025.yml
local_2025,__main__,council_smd,strong_georgia,ძლიერი საქართველო,,6711,,,,ზვიად,ახალაია,ზვიად ახალაია,,,local_2025.yml
local_2025,__main__,council_smd,gd,ქართული ოცნება,,6711,,,,სოსო,საჯაია,სოსო საჯაია,,,local_2025.yml
local_2025,__main__,council_smd,conservatives_geo,კონსერვატორები საქართველოსთვის,,6712,,,,რომანი,გულუა,რომანი გულუა,,,local_2025.yml
local_2025,__main__,council_smd,strong_georgia,ძლიერი საქართველო,,6712,,,,ბაბუში,ლაგვილავა,ბაბუში ლაგვილავა,,,local_2025.yml
local_2025,__main__,council_smd,gakharia,გახარია საქართველოსთვის,,6712,,,,მამუკა,ხასია,მამუკა ხასია,,,local_2025.yml
local_2025,__main__,council_smd,gd,ქართული ოცნება,,6712,,,,გულადი,ესებუა,გულადი ესებუა,,,local_2025.yml
local_2025,__main__,council_smd,gd,ქართული ოცნება,,6713,,,,გიორგი,ხუფენია,გიორგი ხუფენია,,,local_2025.yml
local_2025,__main__,council_smd,conservatives_geo,კონსერვატორები საქართველოსთვის,,6714,,,,რენო,კუკავა,რენო კუკავა,,,local_2025.yml
local_2025,__main__,council_smd,strong_georgia,ძლიერი საქართველო,,6714,,,,ირაკლი,ჩახაია,ირაკლი ჩახაია,,,local_2025.yml
local_2025,__main__,council_smd,gd,ქართული ოცნება,,6714,,,,თამაზ,ლუკავა,თამაზ ლუკავა,,,local_2025.yml
local_2025,__main__,council_smd,strong_georgia,ძლიერი საქართველო,,6715,,,,ფრიდონ,ბულია,ფრიდონ ბულია,,,local_2025.yml
local_2025,__main__,council_smd,gd,ქართული ოცნება,,6715,,,,ზვიად,ყორშია,ზვიად ყორშია,,,local_2025.yml
local_2025,__main__,council_smd,conservatives_geo,კონსერვატორები საქართველოსთვის,,6716,,,,პალად,ცანავა,პალად ცანავა,,,local_2025.yml
local_2025,__main__,council_smd,strong_georgia,ძლიერი საქართველო,,6716,,,,შალვა,აფხაზავა,შალვა აფხაზავა,,,local_2025.yml
local_2025,__main__,council_smd,gd,ქართული ოცნება,,6716,,,,აკაკი,ჯიჯელავა,აკაკი ჯიჯელავა,,,local_2025.yml
local_2025,__main__,council_smd,gakharia,გახარია საქართველოსთვის,,6717,,,,გიორგი,მოსია,გიორგი მოსია,,,local_2025.yml
local_2025,__main__,council_smd,gd,ქართული ოცნება,,6717,,,,შალვა,სორდია,შალვა სორდია,,,local_2025.yml
local_2025,__main__,council_smd,strong_georgia,ძლიერი საქართველო,,6718,,,,ნანი,შონია,ნანი შონია,,,local_2025.yml
local_2025,__main__,council_smd,gd,ქართული ოცნება,,6718,,,,ირაკლი,ნარმანია,ირაკლი ნარმანია,,,local_2025.yml
local_2025,__main__,council_smd,strong_georgia,ძლიერი საქართველო,,6719,,,,ნუგზარ,ბჟინავა,ნუგზარ ბჟინავა,,,local_2025.yml
local_2025,__main__,council_smd,gd,ქართული ოცნება,,6719,,,,ცოტნე,ბულია,ცოტნე ბულია,,,local_2025.yml
local_2025,__main__,council_smd,gd,ქართული ოცნება,,6720,,,,ლევანი,ხასია,ლევანი ხასია,,,local_2025.yml
local_2025,__main__,council_smd,independent,დამოუკიდებელი,,6720,,,,გოგიტა,ჯანჯღავა,გოგიტა ჯანჯღავა,,,local_2025.yml
local_2025,__main__,council_smd,strong_georgia,ძლიერი საქართველო,,6721,,,,მამუკა,ჭაჭუა,მამუკა ჭაჭუა,,,local_2025.yml
local_2025,__main__,council_smd,gd,ქართული ოცნება,,6721,,,,სოსო,გოგოხია,სოსო გოგოხია,,,local_2025.yml
local_2025,__main__,council_smd,strong_georgia,ძლიერი საქართველო,,6722,,,,ელგუჯა,ჩიქავა,ელგუჯა ჩიქავა,,,local_2025.yml
local_2025,__main__,council_smd,gd,ქართული ოცნება,,6722,,,,ნათია,წითლიძე,ნათია წითლიძე,,,local_2025.yml
local_2025,__main__,council_smd,strong_georgia,ძლიერი საქართველო,,6723,,,,ლევან,თოდუა,ლევან თოდუა,,,local_2025.yml
local_2025,__main__,council_smd,gd,ქართული ოცნება,,6723,,,,ლევან,გახარია,ლევან გახარია,,,local_2025.yml
local_2025,__main__,council_smd,strong_georgia,ძლიერი საქართველო,,6724,,,,ლუკა,შამუგია,ლუკა შამუგია,,,local_2025.yml
local_2025,__main__,council_smd,gd,ქართული ოცნება,,6724,,,,თეა,გაბელაია,თეა გაბელაია,,,local_2025.yml
local_2025,__main__,council_smd,gakharia,გახარია საქართველოსთვის,,6725,,,,ლუკა,მებონია,ლუკა მებონია,,,local_2025.yml
local_2025,__main__,council_smd,gd,ქართული ოცნება,,6725,,,,ავთანდილ,გახოკიძე,ავთანდილ გახოკიძე,,,local_2025.yml
local_2025,__main__,council_smd,gd,ქართული ოცნება,,6726,,,,გიორგი,ჯანაშია,გიორგი ჯანაშია,,,local_2025.yml
local_2025,__main__,council_smd,independent,დამოუკიდებელი,,6726,,,,თინათინი,თოდუა,თინათინი თოდუა,,,local_2025.yml
local_2025,__main__,council_smd,strong_georgia,ძლიერი საქართველო,,6727,,,,მერაბ,ბერულავა,მერაბ ბერულავა,,,local_2025.yml
local_2025,__main__,council_smd,gd,ქართული ოცნება,,6727,,,,დიმა,მალანია,დიმა მალანია,,,local_2025.yml
local_2025,__main__,council_smd,strong_georgia,ძლიერი საქართველო,,6728,,,,ჯეირან,ხარებავა,ჯეირან ხარებავა,,,local_2025.yml
local_2025,__main__,council_smd,gd,ქართული ოცნება,,6728,,,,ზაზა,პროკოპენკო,ზაზა პროკოპენკო,,,local_2025.yml
local_2025,__main__,council_smd,gakharia,გახარია საქართველოსთვის,,6729,,,,საბა,გაბედავა,საბა გაბედავა,,,local_2025.yml
local_2025,__main__,council_smd,gd,ქართული ოცნება,,6729,,,,გიორგი,ხასია,გიორგი ხასია,,,local_2025.yml
local_2025,__main__,council_smd,strong_georgia,ძლიერი საქართველო,,6730,,,,ერეკლე,გუჯეჯიანი,ერეკლე გუჯეჯიანი,,,local_2025.yml
local_2025,__main__,council_smd,gd,ქართული ოცნება,,6730,,,,გიორგი,ფიფია,გიორგი ფიფია,,,local_2025.yml
local_2025,__main__,council_smd,strong_georgia,ძლიერი საქართველო,,6731,,,,სოფიო,შამუგია,სოფიო შამუგია,,,local_2025.yml
local_2025,__main__,council_smd,gd,ქართული ოცნება,,6731,,,,სერგო,ფიფია,სერგო ფიფია,,,local_2025.yml
local_2025,__main__,council_smd,strong_georgia,ძლიერი საქართველო,,6732,,,,ნათია,მებონია,ნათია მებონია,,,local_2025.yml
local_2025,__main__,council_smd,gd,ქართული ოცნება,,6732,,,,ჯონი,ჯიქია,ჯონი ჯიქია,,,local_2025.yml
local_2025,__main__,council_smd,gakharia,გახარია საქართველოსთვის,,6733,,,,მერი,შენგელაია,მერი შენგელაია,,,local_2025.yml
local_2025,__main__,council_smd,gd,ქართული ოცნება,,6733,,,,ირაკლი,ჯანაშია,ირაკლი ჯანაშია,,,local_2025.yml
local_2025,__main__,council_smd,strong_georgia,ძლიერი საქართველო,,6734,,,,ლევან,ანთია,ლევან ანთია,,,local_2025.yml
local_2025,__main__,council_smd,gd,ქართული ოცნება,,6734,,,,მარლენ,ჯინჯოლავა,მარლენ ჯინჯოლავა,,,local_2025.yml
local_2025,__main__,council_smd,gakharia,გახარია საქართველოსთვის,,6735,,,,თათია,შელია,თათია შელია,,,local_2025.yml
local_2025,__main__,council_smd,gd,ქართული ოცნება,,6735,,,,ნიკა,ჩალიგავა,ნიკა ჩალიგავა,,,local_2025.yml
local_2025,__main__,council_smd,conservatives_geo,კონსერვატორები საქართველოსთვის,,6801,,,,ეკატერინე,კვარაცხელია,ეკატერინე კვარაცხელია,,,local_2025.yml
local_2025,__main__,council_smd,gakharia,გახარია საქართველოსთვის,,6801,,,,გელა,აბულაძე,გელა აბულაძე,,,local_2025.yml
local_2025,__main__,council_smd,gd,ქართული ოცნება,,6801,,,,სოლომონ,სარია,სოლომონ სარია,,,local_2025.yml
local_2025,__main__,council_smd,strong_georgia,ძლიერი საქართველო,,6802,,,,გიორგი,დარსალია,გიორგი დარსალია,,,local_2025.yml
local_2025,__main__,council_smd,gd,ქართული ოცნება,,6802,,,,გიორგი,ქარდავა,გიორგი ქარდავა,,,local_2025.yml
local_2025,__main__,council_smd,conservatives_geo,კონსერვატორები საქართველოსთვის,,6803,,,,ფატმან,ქარდავა,ფატმან ქარდავა,,,local_2025.yml
local_2025,__main__,council_smd,gakharia,გახარია საქართველოსთვის,,6803,,,,დიანა,თოდუა,დიანა თოდუა,,,local_2025.yml
local_2025,__main__,council_smd,gd,ქართული ოცნება,,6803,,,,ლევან,ჭანტურია,ლევან ჭანტურია,,,local_2025.yml
local_2025,__main__,council_smd,conservatives_geo,კონსერვატორები საქართველოსთვის,,6804,,,,დარეჯან,საჯაია,დარეჯან საჯაია,,,local_2025.yml
local_2025,__main__,council_smd,gakharia,გახარია საქართველოსთვის,,6804,,,,მერაბ,ლოგუა,მერაბ ლოგუა,,,local_2025.yml
local_2025,__main__,council_smd,gd,ქართული ოცნება,,6804,,,,დიმიტრი,ქარდავა,დიმიტრი ქარდავა,,,local_2025.yml
local_2025,__main__,council_smd,conservatives_geo,კონსერვატორები საქართველოსთვის,,6805,,,,ალექსანდრე,ქარდავა,ალექსანდრე ქარდავა,,,local_2025.yml
local_2025,__main__,council_smd,strong_georgia,ძლიერი საქართველო,,6805,,,,ემზარ,უბილავა,ემზარ უბილავა,,,local_2025.yml
local_2025,__main__,council_smd,gd,ქართული ოცნება,,6805,,,,მალხაზ,სამუშია,მალხაზ სამუშია,,,local_2025.yml
local_2025,__main__,council_smd,conservatives_geo,კონსერვატორები საქართველოსთვის,,6806,,,,თეიმურაზი,აკობია,თეიმურაზი აკობია,,,local_2025.yml
local_2025,__main__,council_smd,gakharia,გახარია საქართველოსთვის,,6806,,,,ანანო,მიქავა,ანანო მიქავა,,,local_2025.yml
local_2025,__main__,council_smd,gd,ქართული ოცნება,,6806,,,,იაგო,მიქავა,იაგო მიქავა,,,local_2025.yml
local_2025,__main__,council_smd,gakharia,გახარია საქართველოსთვის,,6807,,,,დათუნა,ღვინჯილია,დათუნა ღვინჯილია,,,local_2025.yml
local_2025,__main__,council_smd,gd,ქართული ოცნება,,6807,,,,ლევან,ღვინჯილია,ლევან ღვინჯილია,,,local_2025.yml
local_2025,__main__,council_smd,gd,ქართული ოცნება,,6808,,,,მამუკა,ჩხაპელია,მამუკა ჩხაპელია,,,local_2025.yml
local_2025,__main__,council_smd,gakharia,გახარია საქართველოსთვის,,6809,,,,გოჩა,კვარაცხელია,გოჩა კვარაცხელია,,,local_2025.yml
local_2025,__main__,council_smd,gd,ქართული ოცნება,,6809,,,,ვლადიმერი,კვარაცხელია,ვლადიმერი კვარაცხელია,,,local_2025.yml
local_2025,__main__,council_smd,gakharia,გახარია საქართველოსთვის,,6810,,,,კახაბერ,მესხია,კახაბერ მესხია,,,local_2025.yml
local_2025,__main__,council_smd,gd,ქართული ოცნება,,6810,,,,ელგუჯა,ხუნწარია,ელგუჯა ხუნწარია,,,local_2025.yml
local_2025,__main__,council_smd,conservatives_geo,კონსერვატორები საქართველოსთვის,,6811,,,,რამაზ,ხულორდავა,რამაზ ხულორდავა,,,local_2025.yml
local_2025,__main__,council_smd,strong_georgia,ძლიერი საქართველო,,6811,,,,ლევან,აფაქიძე,ლევან აფაქიძე,,,local_2025.yml
local_2025,__main__,council_smd,gd,ქართული ოცნება,,6811,,,,ნანა,კეკუა,ნანა კეკუა,,,local_2025.yml
local_2025,__main__,council_smd,conservatives_geo,კონსერვატორები საქართველოსთვის,,6812,,,,ედუარდი,ქარდავა,ედუარდი ქარდავა,,,local_2025.yml
local_2025,__main__,council_smd,strong_georgia,ძლიერი საქართველო,,6812,,,,გოგი,გოგოხია,გოგი გოგოხია,,,local_2025.yml
local_2025,__main__,council_smd,gd,ქართული ოცნება,,6812,,,,დათა,კუკავა,დათა კუკავა,,,local_2025.yml
local_2025,__main__,council_smd,independent,დამოუკიდებელი,,6812,,,,თეონა,გოგოხია,თეონა გოგოხია,,,local_2025.yml
local_2025,__main__,council_smd,conservatives_geo,კონსერვატორები საქართველოსთვის,,6813,,,,ედიშერ,ქარდავა,ედიშერ ქარდავა,,,local_2025.yml
local_2025,__main__,council_smd,gakharia,გახარია საქართველოსთვის,,6813,,,,ზურაბი,შეროზია,ზურაბი შეროზია,,,local_2025.yml
local_2025,__main__,council_smd,gd,ქართული ოცნება,,6813,,,,ცოტნე,ფიფია,ცოტნე ფიფია,,,local_2025.yml
local_2025,__main__,council_smd,conservatives_geo,კონსერვატორები საქართველოსთვის,,6814,,,,ირაკლი,ფიფია,ირაკლი ფიფია,,,local_2025.yml
local_2025,__main__,council_smd,gakharia,გახარია საქართველოსთვის,,6814,,,,თომა,აკობია,თომა აკობია,,,local_2025.yml
local_2025,__main__,council_smd,gd,ქართული ოცნება,,6814,,,,ზაზა,უბილავა,ზაზა უბილავა,,,local_2025.yml
local_2025,__main__,council_smd,strong_georgia,ძლიერი საქართველო,,6815,,,,ლევან,ბელქანია,ლევან ბელქანია,,,local_2025.yml
local_2025,__main__,council_smd,gd,ქართული ოცნება,,6815,,,,დალი,კვარაცხელია,დალი კვარაცხელია,,,local_2025.yml
local_2025,__main__,council_smd,strong_georgia,ძლიერი საქართველო,,6901,,,,დემნა,ყალიჩავა,დემნა ყალიჩავა,,,local_2025.yml
local_2025,__main__,council_smd,gd,ქართული ოცნება,,6901,,,,ჯანო,პერტაია,ჯანო პერტაია,,,local_2025.yml
local_2025,__main__,council_smd,strong_georgia,ძლიერი საქართველო,,6902,,,,დევი,გახარია,დევი გახარია,,,local_2025.yml
local_2025,__main__,council_smd,gd,ქართული ოცნება,,6902,,,,ზურაბ,ჯიქია,ზურაბ ჯიქია,,,local_2025.yml
local_2025,__main__,council_smd,gakharia,გახარია საქართველოსთვის,,6903,,,,სოსო,ბერაძე,სოსო ბერაძე,,,local_2025.yml
local_2025,__main__,council_smd,gd,ქართული ოცნება,,6903,,,,თინათინ,ნაჭყებია,თინათინ ნაჭყებია,,,local_2025.yml
local_2025,__main__,council_smd,gd,ქართული ოცნება,,6904,,,,მირიანე,ოთხოზორია,მირიანე ოთხოზორია,,,local_2025.yml
local_2025,__main__,council_smd,gd,ქართული ოცნება,,6905,,,,ალიკა,მალანია,ალიკა მალანია,,,local_2025.yml
local_2025,__main__,council_smd,strong_georgia,ძლიერი საქართველო,,6906,,,,მარინა,სიჭინავა,მარინა სიჭინავა,,,local_2025.yml
local_2025,__main__,council_smd,gd,ქართული ოცნება,,6906,,,,ვალერი,სიჭინავა,ვალერი სიჭინავა,,,local_2025.yml
local_2025,__main__,council_smd,independent,დამოუკიდებელი,,6906,,,,ბაკურ,ხორავა,ბაკურ ხორავა,,,local_2025.yml
local_2025,__main__,council_smd,conservatives_geo,კონსერვატორები საქართველოსთვის,,6907,,,,თეიმურაზ,დამენია,თეიმურაზ დამენია,,,local_2025.yml
local_2025,__main__,council_smd,strong_georgia,ძლიერი საქართველო,,6907,,,,კორნელი,წურწუმია,კორნელი წურწუმია,,,local_2025.yml
local_2025,__main__,council_smd,gd,ქართული ოცნება,,6907,,,,ჯემალი,უბირია,ჯემალი უბირია,,,local_2025.yml
local_2025,__main__,council_smd,gakharia,გახარია საქართველოსთვის,,6908,,,,აკაკი,თოლორდავა,აკაკი თოლორდავა,,,local_2025.yml
local_2025,__main__,council_smd,gd,ქართული ოცნება,,6908,,,,გოგა,თოლორდავა,გოგა თოლორდავა,,,local_2025.yml
local_2025,__main__,council_smd,gd,ქართული ოცნება,,6909,,,,კახაბერ,ყალიჩავა,კახაბერ ყალიჩავა,,,local_2025.yml
local_2025,__main__,council_smd,gd,ქართული ოცნება,,6910,,,,დაზმირ,დარსალია,დაზმირ დარსალია,,,local_2025.yml
local_2025,__main__,council_smd,gd,ქართული ოცნება,,6911,,,,დიმიტრი,ყალიჩავა,დიმიტრი ყალიჩავა,,,local_2025.yml
local_2025,__main__,council_smd,strong_georgia,ძლიერი საქართველო,,6912,,,,პაატა,სორდია,პაატა სორდია,,,local_2025.yml
local_2025,__main__,council_smd,gd,ქართული ოცნება,,6912,,,,ოქრო,შენგელია,ოქრო შენგელია,,,local_2025.yml
local_2025,__main__,council_smd,gakharia,გახარია საქართველოსთვის,,6913,,,,ტარიელ,შენგელია,ტარიელ შენგელია,,,local_2025.yml
local_2025,__main__,council_smd,gd,ქართული ოცნება,,6913,,,,იროდი,შენგელია,იროდი შენგელია,,,local_2025.yml
local_2025,__main__,council_smd,strong_georgia,ძლიერი საქართველო,,7001,,,,ზაზა,ლემონჯავა,ზაზა ლემონჯავა,,,local_2025.yml
local_2025,__main__,council_smd,gd,ქართული ოცნება,,7001,,,,შოთა,გაბუნია,შოთა გაბუნია,,,local_2025.yml
local_2025,__main__,council_smd,conservatives_geo,კონსერვატორები საქართველოსთვის,,7002,,,,ირაკლი,ხელია,ირაკლი ხელია,,,local_2025.yml
local_2025,__main__,council_smd,gakharia,გახარია საქართველოსთვის,,7002,,,,დაზმირი,გვათუა,დაზმირი გვათუა,,,local_2025.yml
local_2025,__main__,council_smd,gd,ქართული ოცნება,,7002,,,,სანდრო,ქუშაშვილი,სანდრო ქუშაშვილი,,,local_2025.yml
local_2025,__main__,council_smd,strong_georgia,ძლიერი საქართველო,,7003,,,,ლევანი,ცაგურია,ლევანი ცაგურია,,,local_2025.yml
local_2025,__main__,council_smd,gd,ქართული ოცნება,,7003,,,,ნიკოლოზ,იზორია,ნიკოლოზ იზორია,,,local_2025.yml
local_2025,__main__,council_smd,conservatives_geo,კონსერვატორები საქართველოსთვის,,7004,,,,თეიმურაზი,ჭანტურია,თეიმურაზი ჭანტურია,,,local_2025.yml
local_2025,__main__,council_smd,strong_georgia,ძლიერი საქართველო,,7004,,,,ვახტანგ,გერსამია,ვახტანგ გერსამია,,,local_2025.yml
local_2025,__main__,council_smd,gd,ქართული ოცნება,,7004,,,,ირაკლი,კიკალეიშვილი,ირაკლი კიკალეიშვილი,,,local_2025.yml
local_2025,__main__,council_smd,conservatives_geo,კონსერვატორები საქართველოსთვის,,7005,,,,მურთაზ,გაბელია,მურთაზ გაბელია,,,local_2025.yml
local_2025,__main__,council_smd,strong_georgia,ძლიერი საქართველო,,7005,,,,გიორგი,ბუცხრიკიძე,გიორგი ბუცხრიკიძე,,,local_2025.yml
local_2025,__main__,council_smd,gd,ქართული ოცნება,,7005,,,,ოლეგი,ნაჭყებია,ოლეგი ნაჭყებია,,,local_2025.yml
local_2025,__main__,council_smd,conservatives_geo,კონსერვატორები საქართველოსთვის,,7006,,,,მიხეილ,გაბელია,მიხეილ გაბელია,,,local_2025.yml
local_2025,__main__,council_smd,gakharia,გახარია საქართველოსთვის,,7006,,,,გიგლა,თურქია,გიგლა თურქია,,,local_2025.yml
local_2025,__main__,council_smd,gd,ქართული ოცნება,,7006,,,,გიორგი,დოლიძე,გიორგი დოლიძე,,,local_2025.yml
local_2025,__main__,council_smd,conservatives_geo,კონსერვატორები საქართველოსთვის,,7007,,,,ლაშა,კვაჭაძე,ლაშა კვაჭაძე,,,local_2025.yml
local_2025,__main__,council_smd,strong_georgia,ძლიერი საქართველო,,7007,,,,ნათია,პატარაია,ნათია პატარაია,,,local_2025.yml
local_2025,__main__,council_smd,gd,ქართული ოცნება,,7007,,,,ნიკო,კუცია,ნიკო კუცია,,,local_2025.yml
local_2025,__main__,council_smd,conservatives_geo,კონსერვატორები საქართველოსთვის,,7008,,,,დავითი,ხაჟომია,დავითი ხაჟომია,,,local_2025.yml
local_2025,__main__,council_smd,gakharia,გახარია საქართველოსთვის,,7008,,,,გიორგი,ნაჭყებია,გიორგი ნაჭყებია,,,local_2025.yml
local_2025,__main__,council_smd,gd,ქართული ოცნება,,7008,,,,თორნიკე,კირთაძე,თორნიკე კირთაძე,,,local_2025.yml
local_2025,__main__,council_smd,gakharia,გახარია საქართველოსთვის,,7009,,,,დავით,სიორდია,დავით სიორდია,,,local_2025.yml
local_2025,__main__,council_smd,gd,ქართული ოცნება,,7009,,,,მალხაზი,ფოჩხუა,მალხაზი ფოჩხუა,,,local_2025.yml
local_2025,__main__,council_smd,conservatives_geo,კონსერვატორები საქართველოსთვის,,7010,,,,ჯამბული,პატარაია,ჯამბული პატარაია,,,local_2025.yml
local_2025,__main__,council_smd,gakharia,გახარია საქართველოსთვის,,7010,,,,გოგიტა,ხვიჩია,გოგიტა ხვიჩია,,,local_2025.yml
local_2025,__main__,council_smd,gd,ქართული ოცნება,,7010,,,,ზურაბი,ბერაია,ზურაბი ბერაია,,,local_2025.yml
local_2025,__main__,council_smd,conservatives_geo,კონსერვატორები საქართველოსთვის,,7901,,,,ავთანდილ,სირაბიძე,ავთანდილ სირაბიძე,,,local_2025.yml
local_2025,__main__,council_smd,strong_georgia,ძლიერი საქართველო,,7901,,,,გენადი,თებიძე,გენადი თებიძე,,,local_2025.yml
local_2025,__main__,council_smd,peoples_power,სახალხო ხელისუფლება,,7901,,,,მურმან,ბერიძე,მურმან ბერიძე,,,local_2025.yml
local_2025,__main__,council_smd,gd,ქართული ოცნება,,7901,,,,გალაქტიონ,ორმოცაძე,გალაქტიონ ორმოცაძე,,,local_2025.yml
local_2025,__main__,council_smd,conservatives_geo,კონსერვატორები საქართველოსთვის,,7902,,,,გელა,რამიშვილი,გელა რამიშვილი,,,local_2025.yml
local_2025,__main__,council_smd,gakharia,გახარია საქართველოსთვის,,7902,,,,მამუკა,ტაკიძე,მამუკა ტაკიძე,,,local_2025.yml
local_2025,__main__,council_smd,gd,ქართული ოცნება,,7902,,,,გოჩა,მგელაძე,გოჩა მგელაძე,,,local_2025.yml
local_2025,__main__,council_smd,conservatives_geo,კონსერვატორები საქართველოსთვის,,7903,,,,იოსებ,სირაბიძე,იოსებ სირაბიძე,,,local_2025.yml
local_2025,__main__,council_smd,peoples_power,სახალხო ხელისუფლება,,7903,,,,მურმან,ბერიძე,მურმან ბერიძე,,,local_2025.yml
local_2025,__main__,council_smd,gakharia,გახარია საქართველოსთვის,,7903,,,,მაია,სირაძე,მაია სირაძე,,,local_2025.yml
local_2025,__main__,council_smd,gd,ქართული ოცნება,,7903,,,,ირაკლი,სანადირაძე,ირაკლი სანადირაძე,,,local_2025.yml
local_2025,__main__,council_smd,conservatives_geo,კონსერვატორები საქართველოსთვის,,7904,,,,ზვიად,ქაშიბაძე,ზვიად ქაშიბაძე,,,local_2025.yml
local_2025,__main__,council_smd,gakharia,გახარია საქართველოსთვის,,7904,,,,ჯემალ,ანანიძე,ჯემალ ანანიძე,,,local_2025.yml
local_2025,__main__,council_smd,gd,ქართული ოცნება,,7904,,,,ლევან,დოლიძე,ლევან დოლიძე,,,local_2025.yml
local_2025,__main__,council_smd,conservatives_geo,კონსერვატორები საქართველოსთვის,,7905,,,,გელა,მახარაძე,გელა მახარაძე,,,local_2025.yml
local_2025,__main__,council_smd,strong_georgia,ძლიერი საქართველო,,7905,,,,რუსლან,ცისკარაძე,რუსლან ცისკარაძე,,,local_2025.yml
local_2025,__main__,council_smd,peoples_power,სახალხო ხელისუფლება,,7905,,,,ნათია,კალანდაძე,ნათია კალანდაძე,,,local_2025.yml
local_2025,__main__,council_smd,gd,ქართული ოცნება,,7905,,,,ჯაბა,ჭანტურია,ჯაბა ჭანტურია,,,local_2025.yml
local_2025,__main__,council_smd,conservatives_geo,კონსერვატორები საქართველოსთვის,,7906,,,,გალაქტიონი,ხუროშვილი,გალაქტიონი ხუროშვილი,,,local_2025.yml
local_2025,__main__,council_smd,strong_georgia,ძლიერი საქართველო,,7906,,,,ვაჟა,დარჩია,ვაჟა დარჩია,,,local_2025.yml
local_2025,__main__,council_smd,peoples_power,სახალხო ხელისუფლება,,7906,,,,გრიგოლ,ფარმანიანი,გრიგოლ ფარმანიანი,,,local_2025.yml
local_2025,__main__,council_smd,gd,ქართული ოცნება,,7906,,,,არჩილ,გოგიტიძე,არჩილ გოგიტიძე,,,local_2025.yml
local_2025,__main__,council_smd,conservatives_geo,კონსერვატორები საქართველოსთვის,,7907,,,,რუსუდან,ჯაყელი,რუსუდან ჯაყელი,,,local_2025.yml
local_2025,__main__,council_smd,strong_georgia,ძლიერი საქართველო,,7907,,,,ივანე,ფირცხალაიშვილი,ივანე ფირცხალაიშვილი,,,local_2025.yml
local_2025,__main__,council_smd,peoples_power,სახალხო ხელისუფლება,,7907,,,,გიორგი,რომელაშვილი,გიორგი რომელაშვილი,,,local_2025.yml
local_2025,__main__,council_smd,gd,ქართული ოცნება,,7907,,,,ლევან,ცხოიძე,ლევან ცხოიძე,,,local_2025.yml
local_2025,__main__,council_smd,conservatives_geo,კონსერვატორები საქართველოსთვის,,7908,,,,მირზა,თევთიძე,მირზა თევთიძე,,,local_2025.yml
local_2025,__main__,council_smd,strong_georgia,ძლიერი საქართველო,,7908,,,,მარიზა,თებიძე,მარიზა თებიძე,,,local_2025.yml
local_2025,__main__,council_smd,peoples_power,სახალხო ხელისუფლება,,7908,,,,ნანი,კეჟერაძე,ნანი კეჟერაძე,,,local_2025.yml
local_2025,__main__,council_smd,gd,ქართული ოცნება,,7908,,,,ირაკლი,დევაძე,ირაკლი დევაძე,,,local_2025.yml
local_2025,__main__,council_smd,conservatives_geo,კონსერვატორები საქართველოსთვის,,7909,,,,თეონა,ბრუნჯაძე,თეონა ბრუნჯაძე,,,local_2025.yml
local_2025,__main__,council_smd,strong_georgia,ძლიერი საქართველო,,7909,,,,ონისე,ხარჩილავა,ონისე ხარჩილავა,,,local_2025.yml
local_2025,__main__,council_smd,gd,ქართული ოცნება,,7909,,,,მინდია,გოგუაძე,მინდია გოგუაძე,,,local_2025.yml
local_2025,__main__,council_smd,conservatives_geo,კონსერვატორები საქართველოსთვის,,7910,,,,რომან,ხაბაძე,რომან ხაბაძე,,,local_2025.yml
local_2025,__main__,council_smd,peoples_power,სახალხო ხელისუფლება,,7910,,,,მერაბ,აბესლამიძე,მერაბ აბესლამიძე,,,local_2025.yml
local_2025,__main__,council_smd,gakharia,გახარია საქართველოსთვის,,7910,,,,სულიკო,გოგოლიშვილი,სულიკო გოგოლიშვილი,,,local_2025.yml
local_2025,__main__,council_smd,gd,ქართული ოცნება,,7910,,,,ირაკლი,თავდგირიძე,ირაკლი თავდგირიძე,,,local_2025.yml
local_2025,__main__,council_smd,conservatives_geo,კონსერვატორები საქართველოსთვის,,8001,,,,გივი,ბოლქვაძე,გივი ბოლქვაძე,,,local_2025.yml
local_2025,__main__,council_smd,strong_georgia,ძლიერი საქართველო,,8001,,,,გოჩა,გათენაძე,გოჩა გათენაძე,,,local_2025.yml
local_2025,__main__,council_smd,gd,ქართული ოცნება,,8001,,,,ნაზიმ,ჩხეიძე,ნაზიმ ჩხეიძე,,,local_2025.yml
local_2025,__main__,council_smd,conservatives_geo,კონსერვატორები საქართველოსთვის,,8002,,,,ომარ,დიასამიძე,ომარ დიასამიძე,,,local_2025.yml
local_2025,__main__,council_smd,strong_georgia,ძლიერი საქართველო,,8002,,,,ოთარ,ზაქარაძე,ოთარ ზაქარაძე,,,local_2025.yml
local_2025,__main__,council_smd,gd,ქართული ოცნება,,8002,,,,ანზორ,გოგიაშვილი,ანზორ გოგიაშვილი,,,local_2025.yml
local_2025,__main__,council_smd,gakharia,გახარია საქართველოსთვის,,8003,,,,ჯემალ,დავითაძე,ჯემალ დავითაძე,,,local_2025.yml
local_2025,__main__,council_smd,gd,ქართული ოცნება,,8003,,,,ამირან,დევაძე,ამირან დევაძე,,,local_2025.yml
local_2025,__main__,council_smd,conservatives_geo,კონსერვატორები საქართველოსთვის,,8004,,,,გოჩა,ბეჟანიძე,გოჩა ბეჟანიძე,,,local_2025.yml
local_2025,__main__,council_smd,strong_georgia,ძლიერი საქართველო,,8004,,,,ზაზა,ღოღობერიძე,ზაზა ღოღობერიძე,,,local_2025.yml
local_2025,__main__,council_smd,gd,ქართული ოცნება,,8004,,,,ლევან,ვერძაძე,ლევან ვერძაძე,,,local_2025.yml
local_2025,__main__,council_smd,conservatives_geo,კონსერვატორები საქართველოსთვის,,8005,,,,დავით,დოლიძე,დავით დოლიძე,,,local_2025.yml
local_2025,__main__,council_smd,strong_georgia,ძლიერი საქართველო,,8005,,,,ბეჟან,ბეჟანიძე,ბეჟან ბეჟანიძე,,,local_2025.yml
local_2025,__main__,council_smd,gd,ქართული ოცნება,,8005,,,,არკადი,საკანდელიძე,არკადი საკანდელიძე,,,local_2025.yml
local_2025,__main__,council_smd,conservatives_geo,კონსერვატორები საქართველოსთვის,,8006,,,,გიგა,უსტიაშვილი,გიგა უსტიაშვილი,,,local_2025.yml
local_2025,__main__,council_smd,gakharia,გახარია საქართველოსთვის,,8006,,,,რუსლან,ბოლქვაძე,რუსლან ბოლქვაძე,,,local_2025.yml
local_2025,__main__,council_smd,gd,ქართული ოცნება,,8006,,,,რამაზ,ალიქაძე,რამაზ ალიქაძე,,,local_2025.yml
local_2025,__main__,council_smd,strong_georgia,ძლიერი საქართველო,,8007,,,,ახმედ,თებიძე,ახმედ თებიძე,,,local_2025.yml
local_2025,__main__,council_smd,gd,ქართული ოცნება,,8007,,,,თენგიზ,ყადიძე,თენგიზ ყადიძე,,,local_2025.yml
local_2025,__main__,council_smd,strong_georgia,ძლიერი საქართველო,,8008,,,,ზურაბ,გოლომანიძე,ზურაბ გოლომანიძე,,,local_2025.yml
local_2025,__main__,council_smd,gd,ქართული ოცნება,,8008,,,,მერაბ,ნაკაშიძე,მერაბ ნაკაშიძე,,,local_2025.yml
local_2025,__main__,council_smd,strong_georgia,ძლიერი საქართველო,,8009,,,,ჯემალ,ბარამიძე,ჯემალ ბარამიძე,,,local_2025.yml
local_2025,__main__,council_smd,gd,ქართული ოცნება,,8009,,,,ამირან,წულუკიძე,ამირან წულუკიძე,,,local_2025.yml
local_2025,__main__,council_smd,conservatives_geo,კონსერვატორები საქართველოსთვის,,8101,,,,მაყვალა,კუხალაშვილი,მაყვალა კუხალაშვილი,,,local_2025.yml
local_2025,__main__,council_smd,strong_georgia,ძლიერი საქართველო,,8101,,,,მარიკა,შვანგირაძე,მარიკა შვანგირაძე,,,local_2025.yml
local_2025,__main__,council_smd,gd,ქართული ოცნება,,8101,,,,დავით,წულუკიძე,დავით წულუკიძე,,,local_2025.yml
local_2025,__main__,council_smd,conservatives_geo,კონსერვატორები საქართველოსთვის,,8102,,,,გოჩა,ნაკაშიძე,გოჩა ნაკაშიძე,,,local_2025.yml
local_2025,__main__,council_smd,strong_georgia,ძლიერი საქართველო,,8102,,,,ქეთევანი,ლომაძე,ქეთევანი ლომაძე,,,local_2025.yml
local_2025,__main__,council_smd,gd,ქართული ოცნება,,8102,,,,იოსებ,ჟღენტი,იოსებ ჟღენტი,,,local_2025.yml
local_2025,__main__,council_smd,conservatives_geo,კონსერვატორები საქართველოსთვის,,8103,,,,ზურაბ,ქაშიბაძე,ზურაბ ქაშიბაძე,,,local_2025.yml
local_2025,__main__,council_smd,strong_georgia,ძლიერი საქართველო,,8103,,,,თენგიზ,ქათამაძე,თენგიზ ქათამაძე,,,local_2025.yml
local_2025,__main__,council_smd,gd,ქართული ოცნება,,8103,,,,ავთანდილ,გოგიბერიძე,ავთანდილ გოგიბერიძე,,,local_2025.yml
local_2025,__main__,council_smd,strong_georgia,ძლიერი საქართველო,,8104,,,,მირზა,სურმანიძე,მირზა სურმანიძე,,,local_2025.yml
local_2025,__main__,council_smd,gd,ქართული ოცნება,,8104,,,,ვლადიმირ,გორგილაძე,ვლადიმირ გორგილაძე,,,local_2025.yml
local_2025,__main__,council_smd,conservatives_geo,კონსერვატორები საქართველოსთვის,,8105,,,,ნოდარ,აბაკუმოვი,ნოდარ აბაკუმოვი,,,local_2025.yml
local_2025,__main__,council_smd,strong_georgia,ძლიერი საქართველო,,8105,,,,თამარ,ქათამაძე,თამარ ქათამაძე,,,local_2025.yml
local_2025,__main__,council_smd,gd,ქართული ოცნება,,8105,,,,ალექსანდრე,ხიდაშელი,ალექსანდრე ხიდაშელი,,,local_2025.yml
local_2025,__main__,council_smd,gakharia,გახარია საქართველოსთვის,,8106,,,,ია,მესხიძე,ია მესხიძე,,,local_2025.yml
local_2025,__main__,council_smd,gd,ქართული ოცნება,,8106,,,,ლაშა,ხახუტაიშვილი,ლაშა ხახუტაიშვილი,,,local_2025.yml
local_2025,__main__,council_smd,conservatives_geo,კონსერვატორები საქართველოსთვის,,8107,,,,მალხაზ,ზოიძე,მალხაზ ზოიძე,,,local_2025.yml
local_2025,__main__,council_smd,gakharia,გახარია საქართველოსთვის,,8107,,,,ალიკო,ბაუჟაძე,ალიკო ბაუჟაძე,,,local_2025.yml
local_2025,__main__,council_smd,gd,ქართული ოცნება,,8107,,,,თამაზ,ხახუტაიშვილი,თამაზ ხახუტაიშვილი,,,local_2025.yml
local_2025,__main__,council_smd,gakharia,გახარია საქართველოსთვის,,8108,,,,ნიკა,ჯინჭარაძე,ნიკა ჯინჭარაძე,,,local_2025.yml
local_2025,__main__,council_smd,gd,ქართული ოცნება,,8108,,,,ირაკლი,ქათამაძე,ირაკლი ქათამაძე,,,local_2025.yml
local_2025,__main__,council_smd,strong_georgia,ძლიერი საქართველო,,8109,,,,მინდია,მუშამბაძე,მინდია მუშამბაძე,,,local_2025.yml
local_2025,__main__,council_smd,gd,ქართული ოცნება,,8109,,,,თამაზ,გოგმაჩაძე,თამაზ გოგმაჩაძე,,,local_2025.yml
local_2025,__main__,council_smd,gakharia,გახარია საქართველოსთვის,,8110,,,,მერი,პატიეშვილი,მერი პატიეშვილი,,,local_2025.yml
local_2025,__main__,council_smd,gd,ქართული ოცნება,,8110,,,,ასლან,მადოიშვილი,ასლან მადოიშვილი,,,local_2025.yml
local_2025,__main__,council_smd,independent,დამოუკიდებელი,,8110,,,,ნარგიზა,ბერიძე,ნარგიზა ბერიძე,,,local_2025.yml
local_2025,__main__,council_smd,gakharia,გახარია საქართველოსთვის,,8111,,,,გია,მჟავანაძე,გია მჟავანაძე,,,local_2025.yml
local_2025,__main__,council_smd,gd,ქართული ოცნება,,8111,,,,რამაზ,ქათამაძე,რამაზ ქათამაძე,,,local_2025.yml
local_2025,__main__,council_smd,conservatives_geo,კონსერვატორები საქართველოსთვის,,8112,,,,თემური,ხარაზი,თემური ხარაზი,,,local_2025.yml
local_2025,__main__,council_smd,gakharia,გახარია საქართველოსთვის,,8112,,,,მამუკა,ღაღაიშვილი,მამუკა ღაღაიშვილი,,,local_2025.yml
local_2025,__main__,council_smd,gd,ქართული ოცნება,,8112,,,,გიგლა,მესხიძე,გიგლა მესხიძე,,,local_2025.yml
local_2025,__main__,council_smd,strong_georgia,ძლიერი საქართველო,,8113,,,,ზურაბ,სეფერთელაძე,ზურაბ სეფერთელაძე,,,local_2025.yml
local_2025,__main__,council_smd,gd,ქართული ოცნება,,8113,,,,დავით,მჭედლიშვილი,დავით მჭედლიშვილი,,,local_2025.yml
local_2025,__main__,council_smd,strong_georgia,ძლიერი საქართველო,,8114,,,,ხათუნა,ვერულიძე,ხათუნა ვერულიძე,,,local_2025.yml
local_2025,__main__,council_smd,gd,ქართული ოცნება,,8114,,,,თედო,ტაკიძე,თედო ტაკიძე,,,local_2025.yml
local_2025,__main__,council_smd,gakharia,გახარია საქართველოსთვის,,8115,,,,ჯაბა,ბაუჟაძე,ჯაბა ბაუჟაძე,,,local_2025.yml
local_2025,__main__,council_smd,gd,ქართული ოცნება,,8115,,,,ოლეგ,ბოლქვაძე,ოლეგ ბოლქვაძე,,,local_2025.yml
local_2025,__main__,council_smd,strong_georgia,ძლიერი საქართველო,,8116,,,,ქეთინო,კაკალაძე,ქეთინო კაკალაძე,,,local_2025.yml
local_2025,__main__,council_smd,gd,ქართული ოცნება,,8116,,,,გიორგი,ქარცივაძე,გიორგი ქარცივაძე,,,local_2025.yml
local_2025,__main__,council_smd,independent,დამოუკიდებელი,,8116,,,,მალხაზ,ბერიძე,მალხაზ ბერიძე,,,local_2025.yml
local_2025,__main__,council_smd,gakharia,გახარია საქართველოსთვის,,8117,,,,გურამ,ტაკიძე,გურამ ტაკიძე,,,local_2025.yml
local_2025,__main__,council_smd,gd,ქართული ოცნება,,8117,,,,ზურაბ,ხინიკაძე,ზურაბ ხინიკაძე,,,local_2025.yml
local_2025,__main__,council_smd,gakharia,გახარია საქართველოსთვის,,8118,,,,ანა,ჟორჟოლიანი,ანა ჟორჟოლიანი,,,local_2025.yml
local_2025,__main__,council_smd,gd,ქართული ოცნება,,8118,,,,გურამ,აბაშიძე,გურამ აბაშიძე,,,local_2025.yml
local_2025,__main__,council_smd,conservatives_geo,კონსერვატორები საქართველოსთვის,,8119,,,,ზურაბ,სვანიძე,ზურაბ სვანიძე,,,local_2025.yml
local_2025,__main__,council_smd,strong_georgia,ძლიერი საქართველო,,8119,,,,გიორგი,ცინარიძე,გიორგი ცინარიძე,,,local_2025.yml
local_2025,__main__,council_smd,gd,ქართული ოცნება,,8119,,,,რამინ,ხინიკაძე,რამინ ხინიკაძე,,,local_2025.yml
local_2025,__main__,council_smd,gakharia,გახარია საქართველოსთვის,,8120,,,,ბეგლარ,ბერიძე,ბეგლარ ბერიძე,,,local_2025.yml
local_2025,__main__,council_smd,gd,ქართული ოცნება,,8120,,,,თემურ,მოწყობილი,თემურ მოწყობილი,,,local_2025.yml
local_2025,__main__,council_smd,gakharia,გახარია საქართველოსთვის,,8121,,,,ისმაილ,ბერიძე,ისმაილ ბერიძე,,,local_2025.yml
local_2025,__main__,council_smd,gd,ქართული ოცნება,,8121,,,,გიზო,ხალვაში,გიზო ხალვაში,,,local_2025.yml
local_2025,__main__,council_smd,strong_georgia,ძლიერი საქართველო,,8122,,,,იოსებ,ხაბაზი,იოსებ ხაბაზი,,,local_2025.yml
local_2025,__main__,council_smd,gd,ქართული ოცნება,,8122,,,,გიორგი,თხილაიშვილი,გიორგი თხილაიშვილი,,,local_2025.yml
local_2025,__main__,council_smd,conservatives_geo,კონსერვატორები საქართველოსთვის,,8201,,,,შაქრო,ბერიძე,შაქრო ბერიძე,,,local_2025.yml
local_2025,__main__,council_smd,gakharia,გახარია საქართველოსთვის,,8201,,,,მერაბ,დავითაძე,მერაბ დავითაძე,,,local_2025.yml
local_2025,__main__,council_smd,gd,ქართული ოცნება,,8201,,,,გია,დავითაძე,გია დავითაძე,,,local_2025.yml
local_2025,__main__,council_smd,gakharia,გახარია საქართველოსთვის,,8202,,,,ჯუმბერ,დუმბაძე,ჯუმბერ დუმბაძე,,,local_2025.yml
local_2025,__main__,council_smd,gd,ქართული ოცნება,,8202,,,,მურად,ქათამაძე,მურად ქათამაძე,,,local_2025.yml
local_2025,__main__,council_smd,conservatives_geo,კონსერვატორები საქართველოსთვის,,8203,,,,ასლან,ფუტკარაძე,ასლან ფუტკარაძე,,,local_2025.yml
local_2025,__main__,council_smd,strong_georgia,ძლიერი საქართველო,,8203,,,,დათო,გოგიტიძე,დათო გოგიტიძე,,,local_2025.yml
local_2025,__main__,council_smd,gd,ქართული ოცნება,,8203,,,,ემზარ,აბაშიძე,ემზარ აბაშიძე,,,local_2025.yml
local_2025,__main__,council_smd,conservatives_geo,კონსერვატორები საქართველოსთვის,,8204,,,,ზურაბ,ჯაყელი,ზურაბ ჯაყელი,,,local_2025.yml
local_2025,__main__,council_smd,strong_georgia,ძლიერი საქართველო,,8204,,,,ზვიად,დიასამიძე,ზვიად დიასამიძე,,,local_2025.yml
local_2025,__main__,council_smd,gd,ქართული ოცნება,,8204,,,,გოჩა,მიქელაძე,გოჩა მიქელაძე,,,local_2025.yml
local_2025,__main__,council_smd,conservatives_geo,კონსერვატორები საქართველოსთვის,,8205,,,,ჟუჟუნა,ბერიძე,ჟუჟუნა ბერიძე,,,local_2025.yml
local_2025,__main__,council_smd,strong_georgia,ძლიერი საქართველო,,8205,,,,გიორგი,ჯაყელი,გიორგი ჯაყელი,,,local_2025.yml
local_2025,__main__,council_smd,gd,ქართული ოცნება,,8205,,,,გიორგი,ფუტკარაძე,გიორგი ფუტკარაძე,,,local_2025.yml
local_2025,__main__,council_smd,gakharia,გახარია საქართველოსთვის,,8206,,,,რამაზ,ზოსიძე,რამაზ ზოსიძე,,,local_2025.yml
local_2025,__main__,council_smd,gd,ქართული ოცნება,,8206,,,,ემზარ,დავითაძე,ემზარ დავითაძე,,,local_2025.yml
local_2025,__main__,council_smd,conservatives_geo,კონსერვატორები საქართველოსთვის,,8207,,,,როსტისლავ,გულუა,როსტისლავ გულუა,,,local_2025.yml
local_2025,__main__,council_smd,strong_georgia,ძლიერი საქართველო,,8207,,,,კახა,სურმანიძე,კახა სურმანიძე,,,local_2025.yml
local_2025,__main__,council_smd,gd,ქართული ოცნება,,8207,,,,ფრიდონ,ფუტკარაძე,ფრიდონ ფუტკარაძე,,,local_2025.yml
local_2025,__main__,council_smd,conservatives_geo,კონსერვატორები საქართველოსთვის,,8208,,,,თეიმურაზ,ჯაყელი,თეიმურაზ ჯაყელი,,,local_2025.yml
local_2025,__main__,council_smd,gakharia,გახარია საქართველოსთვის,,8208,,,,იური,ბერიძე,იური ბერიძე,,,local_2025.yml
local_2025,__main__,council_smd,gd,ქართული ოცნება,,8208,,,,სულიკო,ბოლქვაძე,სულიკო ბოლქვაძე,,,local_2025.yml
local_2025,__main__,council_smd,conservatives_geo,კონსერვატორები საქართველოსთვის,,8209,,,,მაია,ბერიძე,მაია ბერიძე,,,local_2025.yml
local_2025,__main__,council_smd,gakharia,გახარია საქართველოსთვის,,8209,,,,გელა,მჟავანაძე,გელა მჟავანაძე,,,local_2025.yml
local_2025,__main__,council_smd,gd,ქართული ოცნება,,8209,,,,მალხაზ,ტაკიძე,მალხაზ ტაკიძე,,,local_2025.yml
local_2025,__main__,council_smd,conservatives_geo,კონსერვატორები საქართველოსთვის,,8301,,,,ელდარ,ქოქოლაძე,ელდარ ქოქოლაძე,,,local_2025.yml
local_2025,__main__,council_smd,gakharia,გახარია საქართველოსთვის,,8301,,,,ელიზბარ,ჩხიკვაძე,ელიზბარ ჩხიკვაძე,,,local_2025.yml
local_2025,__main__,council_smd,gd,ქართული ოცნება,,8301,,,,რამაზ,თავდგირიძე,რამაზ თავდგირიძე,,,local_2025.yml
local_2025,__main__,council_smd,conservatives_geo,კონსერვატორები საქართველოსთვის,,8302,,,,ზვიად,ქოქოლაძე,ზვიად ქოქოლაძე,,,local_2025.yml
local_2025,__main__,council_smd,strong_georgia,ძლიერი საქართველო,,8302,,,,რამინ,იაკობაძე,რამინ იაკობაძე,,,local_2025.yml
local_2025,__main__,council_smd,gd,ქართული ოცნება,,8302,,,,გოჩა,ლორთქიფანიძე,გოჩა ლორთქიფანიძე,,,local_2025.yml
local_2025,__main__,council_smd,strong_georgia,ძლიერი საქართველო,,8303,,,,დავით,დევაძე,დავით დევაძე,,,local_2025.yml
local_2025,__main__,council_smd,gd,ქართული ოცნება,,8303,,,,გიორგი,ბერიძე,გიორგი ბერიძე,,,local_2025.yml
local_2025,__main__,council_smd,conservatives_geo,კონსერვატორები საქართველოსთვის,,8304,,,,ია,ქოქოლაძე,ია ქოქოლაძე,,,local_2025.yml
local_2025,__main__,council_smd,strong_georgia,ძლიერი საქართველო,,8304,,,,როლანდ,გოგიტიძე,როლანდ გოგიტიძე,,,local_2025.yml
local_2025,__main__,council_smd,gd,ქართული ოცნება,,8304,,,,ელიზბარ,ზოიძე,ელიზბარ ზოიძე,,,local_2025.yml
local_2025,__main__,council_smd,conservatives_geo,კონსერვატორები საქართველოსთვის,,8305,,,,ჯამბულ,კომახიძე,ჯამბულ კომახიძე,,,local_2025.yml
local_2025,__main__,council_smd,strong_georgia,ძლიერი საქართველო,,8305,,,,სულხან,მსხალაძე,სულხან მსხალაძე,,,local_2025.yml
local_2025,__main__,council_smd,gd,ქართული ოცნება,,8305,,,,შოთა,ფუტკარაძე,შოთა ფუტკარაძე,,,local_2025.yml
local_2025,__main__,council_smd,conservatives_geo,კონსერვატორები საქართველოსთვის,,8306,,,,მამუკა,მორთულაძე,მამუკა მორთულაძე,,,local_2025.yml
local_2025,__main__,council_smd,strong_georgia,ძლიერი საქართველო,,8306,,,,გოგიტა,წითელაძე,გოგიტა წითელაძე,,,local_2025.yml
local_2025,__main__,council_smd,gd,ქართული ოცნება,,8306,,,,ელზა,ლასტაკანიძე,ელზა ლასტაკანიძე,,,local_2025.yml
local_2025,__main__,council_smd,conservatives_geo,კონსერვატორები საქართველოსთვის,,8307,,,,ვაჟა,ქოქოლაძე,ვაჟა ქოქოლაძე,,,local_2025.yml
local_2025,__main__,council_smd,strong_georgia,ძლიერი საქართველო,,8307,,,,ვაჟა,ხინკილაძე,ვაჟა ხინკილაძე,,,local_2025.yml
local_2025,__main__,council_smd,gd,ქართული ოცნება,,8307,,,,მალხაზ,სალვარიძე,მალხაზ სალვარიძე,,,local_2025.yml
local_2025,__main__,council_smd,conservatives_geo,კონსერვატორები საქართველოსთვის,,8308,,,,მინდია,მსახურაძე,მინდია მსახურაძე,,,local_2025.yml
local_2025,__main__,council_smd,strong_georgia,ძლიერი საქართველო,,8308,,,,გურამ,სურმანიძე,გურამ სურმანიძე,,,local_2025.yml
local_2025,__main__,council_smd,gd,ქართული ოცნება,,8308,,,,როსტომ,ფაღავა,როსტომ ფაღავა,,,local_2025.yml
local_2025,__main__,council_smd,conservatives_geo,კონსერვატორები საქართველოსთვის,,8309,,,,დათო,ვანიძე,დათო ვანიძე,,,local_2025.yml
local_2025,__main__,council_smd,free_georgia,თავისუფალი საქართველო,,8309,,,,თემურ,კაკაბაძე,თემურ კაკაბაძე,,,local_2025.yml
local_2025,__main__,council_smd,gakharia,გახარია საქართველოსთვის,,8309,,,,ამირან,ბოლქვაძე,ამირან ბოლქვაძე,,,local_2025.yml
local_2025,__main__,council_smd,gd,ქართული ოცნება,,8309,,,,აბდულ,კახიძე,აბდულ კახიძე,,,local_2025.yml
local_2025,__main__,council_smd,gakharia,გახარია საქართველოსთვის,,8310,,,,მუხრან,გორგაძე,მუხრან გორგაძე,,,local_2025.yml
local_2025,__main__,council_smd,gd,ქართული ოცნება,,8310,,,,ბეგლარ,აბაშიძე,ბეგლარ აბაშიძე,,,local_2025.yml
local_2025,__main__,council_smd,patriots,საქართველოს პატრიოტთა ალიანსი,,8311,,,,თამაზ,ბერიძე,თამაზ ბერიძე,,,local_2025.yml
local_2025,__main__,council_smd,gakharia,გახარია საქართველოსთვის,,8311,,,,ედიშერ,აბაშიძე,ედიშერ აბაშიძე,,,local_2025.yml
local_2025,__main__,council_smd,gd,ქართული ოცნება,,8311,,,,არჩილ,მხეიძე,არჩილ მხეიძე,,,local_2025.yml
local_2025,__main__,council_smd,peoples_power,სახალხო ხელისუფლება,,8401,,,,თეიმურაზ,მელაძე,თეიმურაზ მელაძე,,,local_2025.yml
local_2025,__main__,council_smd,gakharia,გახარია საქართველოსთვის,,8401,,,,თენგიზ,ბოლქვაძე,თენგიზ ბოლქვაძე,,,local_2025.yml
local_2025,__main__,council_smd,gd,ქართული ოცნება,,8401,,,,ავთანდილ,აბულაძე,ავთანდილ აბულაძე,,,local_2025.yml
local_2025,__main__,council_smd,gd,ქართული ოცნება,,8402,,,,ასლან,მგელაძე,ასლან მგელაძე,,,local_2025.yml
local_2025,__main__,council_smd,conservatives_geo,კონსერვატორები საქართველოსთვის,,8403,,,,თამარ,ბოლქვაძე,თამარ ბოლქვაძე,,,local_2025.yml
local_2025,__main__,council_smd,peoples_power,სახალხო ხელისუფლება,,8403,,,,გულვარდი,დეკანაძე,გულვარდი დეკანაძე,,,local_2025.yml
local_2025,__main__,council_smd,gakharia,გახარია საქართველოსთვის,,8403,,,,მირანდა,ქამადაძე,მირანდა ქამადაძე,,,local_2025.yml
local_2025,__main__,council_smd,gd,ქართული ოცნება,,8403,,,,ომარ,აბაშიძე,ომარ აბაშიძე,,,local_2025.yml
local_2025,__main__,council_smd,conservatives_geo,კონსერვატორები საქართველოსთვის,,8404,,,,ნარგიზ,ცეცხლაძე,ნარგიზ ცეცხლაძე,,,local_2025.yml
local_2025,__main__,council_smd,strong_georgia,ძლიერი საქართველო,,8404,,,,ალექსი,ბოლქვაძე,ალექსი ბოლქვაძე,,,local_2025.yml
local_2025,__main__,council_smd,gakharia,გახარია საქართველოსთვის,,8404,,,,ჯიმი,მელაძე,ჯიმი მელაძე,,,local_2025.yml
local_2025,__main__,council_smd,gd,ქართული ოცნება,,8404,,,,ირმა,შავაძე,ირმა შავაძე,,,local_2025.yml
local_2025,__main__,council_smd,independent,დამოუკიდებელი,,8404,,,,ბადრი,მელაძე,ბადრი მელაძე,,,local_2025.yml
local_2025,__main__,council_smd,conservatives_geo,კონსერვატორები საქართველოსთვის,,8405,,,,ჯემალ,ვასაძე,ჯემალ ვასაძე,,,local_2025.yml
local_2025,__main__,council_smd,strong_georgia,ძლიერი საქართველო,,8405,,,,მერაბ,ღორჯომელაძე,მერაბ ღორჯომელაძე,,,local_2025.yml
local_2025,__main__,council_smd,peoples_power,სახალხო ხელისუფლება,,8405,,,,თენგიზ,შავაძე,თენგიზ შავაძე,,,local_2025.yml
local_2025,__main__,council_smd,gd,ქართული ოცნება,,8405,,,,ლევან,გელაძე,ლევან გელაძე,,,local_2025.yml
local_2025,__main__,council_smd,conservatives_geo,კონსერვატორები საქართველოსთვის,,8406,,,,რამინ,აბულაძე,რამინ აბულაძე,,,local_2025.yml
local_2025,__main__,council_smd,peoples_power,სახალხო ხელისუფლება,,8406,,,,გოგიტა,მელაძე,გოგიტა მელაძე,,,local_2025.yml
local_2025,__main__,council_smd,gakharia,გახარია საქართველოსთვის,,8406,,,,თემურ,აბულაძე,თემურ აბულაძე,,,local_2025.yml
local_2025,__main__,council_smd,gd,ქართული ოცნება,,8406,,,,რენარ,ბოლქვაძე,რენარ ბოლქვაძე,,,local_2025.yml
local_2025,__main__,council_smd,strong_georgia,ძლიერი საქართველო,,8407,,,,ზურაბ,ქამადაძე,ზურაბ ქამადაძე,,,local_2025.yml
local_2025,__main__,council_smd,gd,ქართული ოცნება,,8407,,,,გელა,ბოლქვაძე,გელა ბოლქვაძე,,,local_2025.yml
local_2025,__main__,council_smd,peoples_power,სახალხო ხელისუფლება,,8408,,,,ბადრი,შავაძე,ბადრი შავაძე,,,local_2025.yml
local_2025,__main__,council_smd,gakharia,გახარია საქართველოსთვის,,8408,,,,გია,კოჩალიძე,გია კოჩალიძე,,,local_2025.yml
local_2025,__main__,council_smd,gd,ქართული ოცნება,,8408,,,,ნუგზარ,შამანაძე,ნუგზარ შამანაძე,,,local_2025.yml
local_2025,__main__,council_smd,conservatives_geo,კონსერვატორები საქართველოსთვის,,8409,,,,როლანდ,დიასამიძე,როლანდ დიასამიძე,,,local_2025.yml
local_2025,__main__,council_smd,strong_georgia,ძლიერი საქართველო,,8409,,,,რომან,ქედელიძე,რომან ქედელიძე,,,local_2025.yml
local_2025,__main__,council_smd,gd,ქართული ოცნება,,8409,,,,სულხან,ფასანიძე,სულხან ფასანიძე,,,local_2025.yml
local_2025,__main__,council_smd,independent,დამოუკიდებელი,,8409,,,,მერაბ,ვაშაყმაძე,მერაბ ვაშაყმაძე,,,local_2025.yml
local_2025,__main__,council_smd,conservatives_geo,კონსერვატორები საქართველოსთვის,,8410,,,,ელზა,შოთაძე,ელზა შოთაძე,,,local_2025.yml
local_2025,__main__,council_smd,strong_georgia,ძლიერი საქართველო,,8410,,,,ჰალდუნი,დავითაძე,ჰალდუნი დავითაძე,,,local_2025.yml
local_2025,__main__,council_smd,peoples_power,სახალხო ხელისუფლება,,8410,,,,ტარიელ,მახარაძე,ტარიელ მახარაძე,,,local_2025.yml
local_2025,__main__,council_smd,gd,ქართული ოცნება,,8410,,,,ავთანდილ,მახარაძე,ავთანდილ მახარაძე,,,local_2025.yml
local_2025,__main__,council_smd,independent,დამოუკიდებელი,,8410,,,,ნუგზარ,გორგილაძე,ნუგზარ გორგილაძე,,,local_2025.yml
local_2025,__main__,council_smd,strong_georgia,ძლიერი საქართველო,,8411,,,,მანუჩარ,შაინიძე,მანუჩარ შაინიძე,,,local_2025.yml
local_2025,__main__,council_smd,gd,ქართული ოცნება,,8411,,,,რამინ,ბერიძე,რამინ ბერიძე,,,local_2025.yml
local_2025,__main__,council_smd,conservatives_geo,კონსერვატორები საქართველოსთვის,,8412,,,,მეგი,მსახურაძე,მეგი მსახურაძე,,,local_2025.yml
local_2025,__main__,council_smd,strong_georgia,ძლიერი საქართველო,,8412,,,,ჯუმბერ,ირემაძე,ჯუმბერ ირემაძე,,,local_2025.yml
local_2025,__main__,council_smd,peoples_power,სახალხო ხელისუფლება,,8412,,,,ვეფხვია,ბერიძე,ვეფხვია ბერიძე,,,local_2025.yml
local_2025,__main__,council_smd,gd,ქართული ოცნება,,8412,,,,თემურ,ანთაძე,თემურ ანთაძე,,,local_2025.yml
local_2025,__main__,council_smd,strong_georgia,ძლიერი საქართველო,,8413,,,,ბესიკ,შაინიძე,ბესიკ შაინიძე,,,local_2025.yml
local_2025,__main__,council_smd,peoples_power,სახალხო ხელისუფლება,,8413,,,,ასლან,გაბაიძე,ასლან გაბაიძე,,,local_2025.yml
local_2025,__main__,council_smd,gd,ქართული ოცნება,,8413,,,,არჩილ,აბაშიძე,არჩილ აბაშიძე,,,local_2025.yml