election_id,sub_id,vote_type,party_id,party_label_ka,party_code,district_id,district_name_ka,list_order,ballot_number,first_name,last_name,name_ka,partisanship,elected,source
local_2025,__main__,pr,conservatives_geo,„კონსერვატორები საქართველოსთვის“,3,11,საგარეჯო,1,,დავითი,ნაცვლიშვილი,დავითი ნაცვლიშვილი,,,adg_2025_candidates_unified.xlsx
local_2025,__main__,pr,conservatives_geo,„კონსერვატორები საქართველოსთვის“,3,11,საგარეჯო,2,,რამაზი,პასიკაშვილი,რამაზი პასიკაშვილი,,,adg_2025_candidates_unified.xlsx
local_2025,__main__,pr,conservatives_geo,„კონსერვატორები საქართველოსთვის“,3,11,საგარეჯო,3,,მარინე,ჟორჟოლაძე,მარინე ჟორჟოლაძე,,,adg_2025_candidates_unified.xlsx
local_2025,__main__,pr,conservatives_geo,„კონსერვატორები საქართველოსთვის“,3,11,საგარეჯო,4,,ზაალი,ჩოკოშვილი,ზაალი ჩოკოშვილი,,,adg_2025_candidates_unified.xlsx
local_2025,__main__,pr,conservatives_geo,„კონსერვატორები საქართველოსთვის“,3,11,საგარეჯო,6,,დიმიტრი,ხატისაშვილი,დიმიტრი ხატისაშვილი,,,adg_2025_candidates_unified.xlsx
local_2025,__main__,pr,conservatives_geo,„კონსერვატორები საქართველოსთვის“,3,11,საგარეჯო,7,,დიმიტრი,ბაზერაშვილი,დიმიტრი ბაზერაშვილი,,,adg_2025_candidates_unified.xlsx
local_2025,__main__,pr,conservatives_geo,„კონსერვატორები საქართველოსთვის“,3,11,საგარეჯო,8,,გიორგი,გზირიშვილი,გიორგი გზირიშვილი,,,adg_2025_candidates_unified.xlsx
local_2025,__main__,pr,our_georgia,„ჩვენი გაერთიანებული საქართველო“,5,11,საგარეჯო,1,,ელვინ,მამედოვი,ელვინ მამედოვი,,,adg_2025_candidates_unified.xlsx
local_2025,__main__,pr,our_georgia,„ჩვენი გაერთიანებული საქართველო“,5,11,საგარეჯო,2,,ლალა,გასანოვა,ლალა გასანოვა,,,adg_2025_candidates_unified.xlsx
local_2025,__main__,pr,our_georgia,„ჩვენი გაერთიანებული საქართველო“,5,11,საგარეჯო,3,,მახმად,მამედოვი,მახმად მამედოვი,,,adg_2025_candidates_unified.xlsx
local_2025,__main__,pr,our_georgia,„ჩვენი გაერთიანებული საქართველო“,5,11,საგარეჯო,4,,თანრივერდი,გუსეინოვი,თანრივერდი გუსეინოვი,,,adg_2025_candidates_unified.xlsx
local_2025,__main__,pr,our_georgia,„ჩვენი გაერთიანებული საქართველო“,5,11,საგარეჯო,5,,ნიუვარ,მამედოვა,ნიუვარ მამედოვა,,,adg_2025_candidates_unified.xlsx
local_2025,__main__,pr,our_georgia,„ჩვენი გაერთიანებული საქართველო“,5,11,საგარეჯო,6,,სეიმურ,კურბანოვ,სეიმურ კურბანოვ,,,adg_2025_candidates_unified.xlsx
local_2025,__main__,pr,patriots,„საქართველოს პატრიოტთა ალიანსი“,8,11,საგარეჯო,1,,იოსები,გარსევანიშვილი,იოსები გარსევანიშვილი,,,adg_2025_candidates_unified.xlsx
local_2025,__main__,pr,patriots,„საქართველოს პატრიოტთა ალიანსი“,8,11,საგარეჯო,2,,ივანე,ელერდაშვილი,ივანე ელერდაშვილი,,,adg_2025_candidates_unified.xlsx
local_2025,__main__,pr,patriots,„საქართველოს პატრიოტთა ალიანსი“,8,11,საგარეჯო,3,,გიორგი,კანჯარაშვილი,გიორგი კანჯარაშვილი,,,adg_2025_candidates_unified.xlsx
local_2025,__main__,pr,patriots,„საქართველოს პატრიოტთა ალიანსი“,8,11,საგარეჯო,4,,ნოდარი,ფირანიშვილი,ნოდარი ფირანიშვილი,,,adg_2025_candidates_unified.xlsx
local_2025,__main__,pr,patriots,„საქართველოს პატრიოტთა ალიანსი“,8,11,საგარეჯო,5,,ტრისტანი,ჭიაბერაშვილი,ტრისტანი ჭიაბერაშვილი,,,adg_2025_candidates_unified.xlsx
local_2025,__main__,pr,patriots,„საქართველოს პატრიოტთა ალიანსი“,8,11,საგარეჯო,6,,თამარ,ელერდაშვილი,თამარ ელერდაშვილი,,,adg_2025_candidates_unified.xlsx
local_2025,__main__,pr,patriots,„საქართველოს პატრიოტთა ალიანსი“,8,11,საგარეჯო,7,,დავითი,ხარებაშვილი,დავითი ხარებაშვილი,,,adg_2025_candidates_unified.xlsx
local_2025,__main__,pr,strong_georgia,ძლიერი საქართველო-ლელო,9,11,საგარეჯო,1,,თამარ,ყორღანაშვილი,თამარ ყორღანაშვილი,,,adg_2025_candidates_unified.xlsx
local_2025,__main__,pr,strong_georgia,ძლიერი საქართველო-ლელო,9,11,საგარეჯო,2,,გიორგი,ჯავახიშვილი,გიორგი ჯავახიშვილი,,,adg_2025_candidates_unified.xlsx
local_2025,__main__,pr,strong_georgia,ძლიერი საქართველო-ლელო,9,11,საგარეჯო,3,,მაია,ფირანიშვილი,მაია ფირანიშვილი,,,adg_2025_candidates_unified.xlsx
local_2025,__main__,pr,strong_georgia,ძლიერი საქართველო-ლელო,9,11,საგარეჯო,4,,სოლომონი,გრძელიშვილი,სოლომონი გრძელიშვილი,,,adg_2025_candidates_unified.xlsx
local_2025,__main__,pr,strong_georgia,ძლიერი საქართველო-ლელო,9,11,საგარეჯო,5,,ნიკო,ღვინაშვილი,ნიკო ღვინაშვილი,,,adg_2025_candidates_unified.xlsx
local_2025,__main__,pr,strong_georgia,ძლიერი საქართველო-ლელო,9,11,საგარეჯო,6,,ქეთევანი,თედიაშვილი,ქეთევანი თედიაშვილი,,,adg_2025_candidates_unified.xlsx
local_2025,__main__,pr,strong_georgia,ძლიერი საქართველო-ლელო,9,11,საგარეჯო,7,,არჩილ,ხაჭაპურიძე,არჩილ ხაჭაპურიძე,,,adg_2025_candidates_unified.xlsx
local_2025,__main__,pr,strong_georgia,ძლიერი საქართველო-ლელო,9,11,საგარეჯო,8,,ავთანდილი,მჭედლიშვილი,ავთანდილი მჭედლიშვილი,,,adg_2025_candidates_unified.xlsx
local_2025,__main__,pr,strong_georgia,ძლიერი საქართველო-ლელო,9,11,საგარეჯო,9,,თემურ,ქოქიაური,თემურ ქოქიაური,,,adg_2025_candidates_unified.xlsx
local_2025,__main__,pr,gakharia,„გახარია საქართველოსთვის“,25,11,საგარეჯო,1,,მარინე,თოლომაშვილი,მარინე თოლომაშვილი,,,adg_2025_candidates_unified.xlsx
local_2025,__main__,pr,gakharia,„გახარია საქართველოსთვის“,25,11,საგარეჯო,2,,თორნიკე,თევდორაშვილი,თორნიკე თევდორაშვილი,,,adg_2025_candidates_unified.xlsx
local_2025,__main__,pr,gakharia,„გახარია საქართველოსთვის“,25,11,საგარეჯო,3,,ეკატერინე,ბერბერაშვილი,ეკატერინე ბერბერაშვილი,,,adg_2025_candidates_unified.xlsx
local_2025,__main__,pr,gakharia,„გახარია საქართველოსთვის“,25,11,საგარეჯო,4,,ნიკოლოზი,ურუშაძე,ნიკოლოზი ურუშაძე,,,adg_2025_candidates_unified.xlsx
local_2025,__main__,pr,gakharia,„გახარია საქართველოსთვის“,25,11,საგარეჯო,5,,გიორგი,ყულოშვილი,გიორგი ყულოშვილი,,,adg_2025_candidates_unified.xlsx
local_2025,__main__,pr,gakharia,„გახარია საქართველოსთვის“,25,11,საგარეჯო,6,,გიორგი,ვარძელაშვილი,გიორგი ვარძელაშვილი,,,adg_2025_candidates_unified.xlsx
local_2025,__main__,pr,gakharia,„გახარია საქართველოსთვის“,25,11,საგარეჯო,7,,გიგა,გოშაძე,გიგა გოშაძე,,,adg_2025_candidates_unified.xlsx
local_2025,__main__,pr,gakharia,„გახარია საქართველოსთვის“,25,11,საგარეჯო,8,,საბა,ხაჭაპურიძე,საბა ხაჭაპურიძე,,,adg_2025_candidates_unified.xlsx
local_2025,__main__,pr,gakharia,„გახარია საქართველოსთვის“,25,11,საგარეჯო,9,,თემურ,სამხარაძე,თემურ სამხარაძე,,,adg_2025_candidates_unified.xlsx
local_2025,__main__,pr,gakharia,„გახარია საქართველოსთვის“,25,11,საგარეჯო,10,,ივა,ბახტაძე,ივა ბახტაძე,,,adg_2025_candidates_unified.xlsx
local_2025,__main__,pr,gakharia,„გახარია საქართველოსთვის“,25,11,საგარეჯო,11,,ელენე,სირაძე,ელენე სირაძე,,,adg_2025_candidates_unified.xlsx
local_2025,__main__,pr,gakharia,„გახარია საქართველოსთვის“,25,11,საგარეჯო,12,,გაგა,სირაძე,გაგა სირაძე,,,adg_2025_candidates_unified.xlsx
local_2025,__main__,pr,gakharia,„გახარია საქართველოსთვის“,25,11,საგარეჯო,13,,ეკატერინე,თევდორაშვილი,ეკატერინე თევდორაშვილი,,,adg_2025_candidates_unified.xlsx
local_2025,__main__,pr,gakharia,„გახარია საქართველოსთვის“,25,11,საგარეჯო,14,,ქეთევანი,სახიაშვილი- თევდორაშვილი,ქეთევანი სახიაშვილი- თევდორაშვილი,,,adg_2025_candidates_unified.xlsx
local_2025,__main__,pr,gd,ქართული ოცნება,41,11,საგარეჯო,1,,ალექსი,გილაშვილი,ალექსი გილაშვილი,,,adg_2025_candidates_unified.xlsx
local_2025,__main__,pr,gd,ქართული ოცნება,41,11,საგარეჯო,2,,ლელა,ფანოზიშვილი,ლელა ფანოზიშვილი,,,adg_2025_candidates_unified.xlsx
local_2025,__main__,pr,gd,ქართული ოცნება,41,11,საგარეჯო,3,,ვანო,ანუაშვილი,ვანო ანუაშვილი,,,adg_2025_candidates_unified.xlsx
local_2025,__main__,pr,gd,ქართული ოცნება,41,11,საგარეჯო,4,,ნიკა,მემარნიშვილი,ნიკა მემარნიშვილი,,,adg_2025_candidates_unified.xlsx
local_2025,__main__,pr,gd,ქართული ოცნება,41,11,საგარეჯო,5,,გიორგი,თათრიშვილი,გიორგი თათრიშვილი,,,adg_2025_candidates_unified.xlsx
local_2025,__main__,pr,gd,ქართული ოცნება,41,11,საგარეჯო,6,,გია,ადუაშვილი,გია ადუაშვილი,,,adg_2025_candidates_unified.xlsx
local_2025,__main__,pr,gd,ქართული ოცნება,41,11,საგარეჯო,7,,ირაკლი,რუაძე,ირაკლი რუაძე,,,adg_2025_candidates_unified.xlsx
local_2025,__main__,pr,gd,ქართული ოცნება,41,11,საგარეჯო,8,,ნუნუ,გზირიშვილი,ნუნუ გზირიშვილი,,,adg_2025_candidates_unified.xlsx
local_2025,__main__,pr,gd,ქართული ოცნება,41,11,საგარეჯო,9,,იქრამ,ბაირამოვი,იქრამ ბაირამოვი,,,adg_2025_candidates_unified.xlsx
local_2025,__main__,pr,gd,ქართული ოცნება,41,11,საგარეჯო,10,,მეჰდიხან,კულიევი,მეჰდიხან კულიევი,,,adg_2025_candidates_unified.xlsx
local_2025,__main__,pr,gd,ქართული ოცნება,41,11,საგარეჯო,11,,ციალა,გოჯიტაშვილი,ციალა გოჯიტაშვილი,,,adg_2025_candidates_unified.xlsx
local_2025,__main__,pr,gd,ქართული ოცნება,41,11,საგარეჯო,12,,ცინარი,კონიაშვილი,ცინარი კონიაშვილი,,,adg_2025_candidates_unified.xlsx
local_2025,__main__,pr,gd,ქართული ოცნება,41,11,საგარეჯო,13,,მზია,მახარობლიშვილი,მზია მახარობლიშვილი,,,adg_2025_candidates_unified.xlsx
local_2025,__main__,pr,gd,ქართული ოცნება,41,11,საგარეჯო,14,,ნანა,ჩოხელი,ნანა ჩოხელი,,,adg_2025_candidates_unified.xlsx
local_2025,__main__,pr,gd,ქართული ოცნება,41,11,საგარეჯო,15,,ბესიკი,საგინაშვილი,ბესიკი საგინაშვილი,,,adg_2025_candidates_unified.xlsx
local_2025,__main__,pr,gd,ქართული ოცნება,41,11,საგარეჯო,16,,გიორგი,ზირაქაშვილი,გიორგი ზირაქაშვილი,,,adg_2025_candidates_unified.xlsx
local_2025,__main__,pr,gd,ქართული ოცნება,41,11,საგარეჯო,17,,ისაკი,მეხაშიშვილი,ისაკი მეხაშიშვილი,,,adg_2025_candidates_unified.xlsx
local_2025,__main__,pr,gd,ქართული ოცნება,41,11,საგარეჯო,18,,გიორგი,ჩხეიძე,გიორგი ჩხეიძე,,,adg_2025_candidates_unified.xlsx
local_2025,__main__,pr,gd,ქართული ოცნება,41,11,საგარეჯო,19,,იმედა,ოთიაშვილი,იმედა ოთიაშვილი,,,adg_2025_candidates_unified.xlsx
local_2025,__main__,pr,gd,ქართული ოცნება,41,11,საგარეჯო,20,,დათო,ყორღანაშვილი,დათო ყორღანაშვილი,,,adg_2025_candidates_unified.xlsx
local_2025,__main__,pr,gd,ქართული ოცნება,41,11,საგარეჯო,21,,გიორგი,მამიაური,გიორგი მამიაური,,,adg_2025_candidates_unified.xlsx
local_2025,__main__,pr,gd,ქართული ოცნება,41,11,საგარეჯო,22,,გიორგი,ჭიაბერაშვილი,გიორგი ჭიაბერაშვილი,,,adg_2025_candidates_unified.xlsx
local_2025,__main__,pr,gd,ქართული ოცნება,41,11,საგარეჯო,23,,ვასილი,ბუზარიაშვილი,ვასილი ბუზარიაშვილი,,,adg_2025_candidates_unified.xlsx
local_2025,__main__,pr,gd,ქართული ოცნება,41,11,საგარეჯო,24,,გეგა,ჯაჭვაძე,გეგა ჯაჭვაძე,,,adg_2025_candidates_unified.xlsx
local_2025,__main__,pr,gd,ქართული ოცნება,41,11,საგარეჯო,25,,მარიამი,მეკოკიშვილი,მარიამი მეკოკიშვილი,,,adg_2025_candidates_unified.xlsx
local_2025,__main__,pr,gd,ქართული ოცნება,41,11,საგარეჯო,26,,ანა,ხებრელაშვილი,ანა ხებრელაშვილი,,,adg_2025_candidates_unified.xlsx
local_2025,__main__,pr,gd,ქართული ოცნება,41,11,საგარეჯო,27,,ნუკრი,მღებრიშვილი,ნუკრი მღებრიშვილი,,,adg_2025_candidates_unified.xlsx
local_2025,__main__,pr,gd,ქართული ოცნება,41,11,საგარეჯო,28,,დავითი,სონიშვილი,დავითი სონიშვილი,,,adg_2025_candidates_unified.xlsx
local_2025,__main__,pr,gd,ქართული ოცნება,41,11,საგარეჯო,29,,მარი,აზარიაშვილი,მარი აზარიაშვილი,,,adg_2025_candidates_unified.xlsx
local_2025,__main__,pr,conservatives_geo,„კონსერვატორები საქართველოსთვის“,3,12,გურჯაანი,1,,გიორგი,პაპუნაშვილი,გიორგი პაპუნაშვილი,,,adg_2025_candidates_unified.xlsx
local_2025,__main__,pr,conservatives_geo,„კონსერვატორები საქართველოსთვის“,3,12,გურჯაანი,2,,გიგა,ქურციკიძე,გიგა ქურციკიძე,,,adg_2025_candidates_unified.xlsx
local_2025,__main__,pr,conservatives_geo,„კონსერვატორები საქართველოსთვის“,3,12,გურჯაანი,3,,დავითი,მელქოშვილი,დავითი მელქოშვილი,,,adg_2025_candidates_unified.xlsx
local_2025,__main__,pr,conservatives_geo,„კონსერვატორები საქართველოსთვის“,3,12,გურჯაანი,4,,გიორგი,ხელაშვილი,გიორგი ხელაშვილი,,,adg_2025_candidates_unified.xlsx
local_2025,__main__,pr,conservatives_geo,„კონსერვატორები საქართველოსთვის“,3,12,გურჯაანი,5,,გოჩა,მანუჩარაშვილი,გოჩა მანუჩარაშვილი,,,adg_2025_candidates_unified.xlsx
local_2025,__main__,pr,conservatives_geo,„კონსერვატორები საქართველოსთვის“,3,12,გურჯაანი,6,,გიორგი,სოლომნიშვილი,გიორგი სოლომნიშვილი,,,adg_2025_candidates_unified.xlsx
local_2025,__main__,pr,conservatives_geo,„კონსერვატორები საქართველოსთვის“,3,12,გურჯაანი,7,,მაია,ცანკაშვილი,მაია ცანკაშვილი,,,adg_2025_candidates_unified.xlsx
local_2025,__main__,pr,conservatives_geo,„კონსერვატორები საქართველოსთვის“,3,12,გურჯაანი,8,,ლიანა,მანიჟაშვილი,ლიანა მანიჟაშვილი,,,adg_2025_candidates_unified.xlsx
local_2025,__main__,pr,conservatives_geo,„კონსერვატორები საქართველოსთვის“,3,12,გურჯაანი,9,,სიმონი,არუსტაშვილი,სიმონი არუსტაშვილი,,,adg_2025_candidates_unified.xlsx
local_2025,__main__,pr,conservatives_geo,„კონსერვატორები საქართველოსთვის“,3,12,გურჯაანი,10,,ალექსანდრე,კავთელაძე,ალექსანდრე კავთელაძე,,,adg_2025_candidates_unified.xlsx
local_2025,__main__,pr,patriots,„საქართველოს პატრიოტთა ალიანსი“,8,12,გურჯაანი,1,,აკაკი,ბეგაშვილი,აკაკი ბეგაშვილი,,,adg_2025_candidates_unified.xlsx
local_2025,__main__,pr,patriots,„საქართველოს პატრიოტთა ალიანსი“,8,12,გურჯაანი,2,,ლევანი,მაისურაძე,ლევანი მაისურაძე,,,adg_2025_candidates_unified.xlsx
local_2025,__main__,pr,patriots,„საქართველოს პატრიოტთა ალიანსი“,8,12,გურჯაანი,3,,შოთა,ბეგაშვილი,შოთა ბეგაშვილი,,,adg_2025_candidates_unified.xlsx
local_2025,__main__,pr,patriots,„საქართველოს პატრიოტთა ალიანსი“,8,12,გურჯაანი,4,,შოთა,მამისაშვილი,შოთა მამისაშვილი,,,adg_2025_candidates_unified.xlsx
local_2025,__main__,pr,patriots,„საქართველოს პატრიოტთა ალიანსი“,8,12,გურჯაანი,5,,ლეილა,ბეგაშვილი,ლეილა ბეგაშვილი,,,adg_2025_candidates_unified.xlsx
local_2025,__main__,pr,patriots,„საქართველოს პატრიოტთა ალიანსი“,8,12,გურჯაანი,6,,თამარი,ვარდოსანიძე,თამარი ვარდოსანიძე,,,adg_2025_candidates_unified.xlsx
local_2025,__main__,pr,strong_georgia,ძლიერი საქართველო-ლელო,9,12,გურჯაანი,1,,არჩილი,ხელაშვილი,არჩილი ხელაშვილი,,,adg_2025_candidates_unified.xlsx
local_2025,__main__,pr,strong_georgia,ძლიერი საქართველო-ლელო,9,12,გურჯაანი,2,,სიმონ,ოსიაშვილი,სიმონ ოსიაშვილი,,,adg_2025_candidates_unified.xlsx
local_2025,__main__,pr,strong_georgia,ძლიერი საქართველო-ლელო,9,12,გურჯაანი,3,,მირანდა,უტიაშვილი,მირანდა უტიაშვილი,,,adg_2025_candidates_unified.xlsx
local_2025,__main__,pr,strong_georgia,ძლიერი საქართველო-ლელო,9,12,გურჯაანი,4,,ლალი,არდაზიშვილი,ლალი არდაზიშვილი,,,adg_2025_candidates_unified.xlsx
local_2025,__main__,pr,strong_georgia,ძლიერი საქართველო-ლელო,9,12,გურჯაანი,5,,გვანცა,თათარაშვილი,გვანცა თათარაშვილი,,,adg_2025_candidates_unified.xlsx
local_2025,__main__,pr,strong_georgia,ძლიერი საქართველო-ლელო,9,12,გურჯაანი,6,,მარიამი,მატიაშვილი,მარიამი მატიაშვილი,,,adg_2025_candidates_unified.xlsx
local_2025,__main__,pr,strong_georgia,ძლიერი საქართველო-ლელო,9,12,გურჯაანი,7,,ეკატერინე,ყალაბეგაშვილი,ეკატერინე ყალაბეგაშვილი,,,adg_2025_candidates_unified.xlsx
local_2025,__main__,pr,strong_georgia,ძლიერი საქართველო-ლელო,9,12,გურჯაანი,8,,კუკური,ჯამატაშვილი,კუკური ჯამატაშვილი,,,adg_2025_candidates_unified.xlsx
local_2025,__main__,pr,strong_georgia,ძლიერი საქართველო-ლელო,9,12,გურჯაანი,9,,ერეკლე,ოსიაშვილი,ერეკლე ოსიაშვილი,,,adg_2025_candidates_unified.xlsx
local_2025,__main__,pr,strong_georgia,ძლიერი საქართველო-ლელო,9,12,გურჯაანი,10,,ბეჟანი,სიყმაშვილი,ბეჟანი სიყმაშვილი,,,adg_2025_candidates_unified.xlsx
local_2025,__main__,pr,gakharia,„გახარია საქართველოსთვის“,25,12,გურჯაანი,1,,სიმონ,ქოჩორაშვილი,სიმონ ქოჩორაშვილი,,,adg_2025_candidates_unified.xlsx
local_2025,__main__,pr,gakharia,„გახარია საქართველოსთვის“,25,12,გურჯაანი,2,,ანა,მინდორაშვილი,ანა მინდორაშვილი,,,adg_2025_candidates_unified.xlsx
local_2025,__main__,pr,gakharia,„გახარია საქართველოსთვის“,25,12,გურჯაანი,3,,კოტე,ნაპირელი,კოტე ნაპირელი,,,adg_2025_candidates_unified.xlsx
local_2025,__main__,pr,gakharia,„გახარია საქართველოსთვის“,25,12,გურჯაანი,4,,ვიქტორ,ბერიკაშვილი,ვიქტორ ბერიკაშვილი,,,adg_2025_candidates_unified.xlsx
local_2025,__main__,pr,gakharia,„გახარია საქართველოსთვის“,25,12,გურჯაანი,5,,ზურაბ,საბაშვილი,ზურაბ საბაშვილი,,,adg_2025_candidates_unified.xlsx
local_2025,__main__,pr,gakharia,„გახარია საქართველოსთვის“,25,12,გურჯაანი,6,,რობერტ,მიტიჩაშვილი,რობერტ მიტიჩაშვილი,,,adg_2025_candidates_unified.xlsx
local_2025,__main__,pr,gakharia,„გახარია საქართველოსთვის“,25,12,გურჯაანი,7,,გოდერძი,ამონაშვილი,გოდერძი ამონაშვილი,,,adg_2025_candidates_unified.xlsx
local_2025,__main__,pr,gakharia,„გახარია საქართველოსთვის“,25,12,გურჯაანი,8,,გულნარა,იმერლიშვილი,გულნარა იმერლიშვილი,,,adg_2025_candidates_unified.xlsx
local_2025,__main__,pr,gakharia,„გახარია საქართველოსთვის“,25,12,გურჯაანი,9,,ვაჟა,მიტიჩაშვილი,ვაჟა მიტიჩაშვილი,,,adg_2025_candidates_unified.xlsx
local_2025,__main__,pr,gakharia,„გახარია საქართველოსთვის“,25,12,გურჯაანი,10,,გიორგი,ზარდიაშვილი,გიორგი ზარდიაშვილი,,,adg_2025_candidates_unified.xlsx
local_2025,__main__,pr,gakharia,„გახარია საქართველოსთვის“,25,12,გურჯაანი,11,,ზაზა,ხვედელიძე,ზაზა ხვედელიძე,,,adg_2025_candidates_unified.xlsx
local_2025,__main__,pr,gakharia,„გახარია საქართველოსთვის“,25,12,გურჯაანი,12,,მარიამი,დვალიშვილი,მარიამი დვალიშვილი,,,adg_2025_candidates_unified.xlsx
local_2025,__main__,pr,gd,ქართული ოცნება,41,12,გურჯაანი,1,,ვანო,ბერიძიშვილი,ვანო ბერიძიშვილი,,,adg_2025_candidates_unified.xlsx
local_2025,__main__,pr,gd,ქართული ოცნება,41,12,გურჯაანი,2,,ელგუჯა,ქათამაძე,ელგუჯა ქათამაძე,,,adg_2025_candidates_unified.xlsx
local_2025,__main__,pr,gd,ქართული ოცნება,41,12,გურჯაანი,3,,დალი,მინდიაშვილი,დალი მინდიაშვილი,,,adg_2025_candidates_unified.xlsx
local_2025,__main__,pr,gd,ქართული ოცნება,41,12,გურჯაანი,4,,ილია,საყვარლიშვილი,ილია საყვარლიშვილი,,,adg_2025_candidates_unified.xlsx
local_2025,__main__,pr,gd,ქართული ოცნება,41,12,გურჯაანი,5,,თამარ,ცანკაშვილი,თამარ ცანკაშვილი,,,adg_2025_candidates_unified.xlsx
local_2025,__main__,pr,gd,ქართული ოცნება,41,12,გურჯაანი,6,,გიორგი,დვალი,გიორგი დვალი,,,adg_2025_candidates_unified.xlsx
local_2025,__main__,pr,gd,ქართული ოცნება,41,12,გურჯაანი,7,,ნანა,რამაზაშვილი,ნანა რამაზაშვილი,,,adg_2025_candidates_unified.xlsx
local_2025,__main__,pr,gd,ქართული ოცნება,41,12,გურჯაანი,8,,ლელა,თევდორაშვილი,ლელა თევდორაშვილი,,,adg_2025_candidates_unified.xlsx
local_2025,__main__,pr,gd,ქართული ოცნება,41,12,გურჯაანი,9,,თამაზი,შიშნიაშვილი,თამაზი შიშნიაშვილი,,,adg_2025_candidates_unified.xlsx
local_2025,__main__,pr,gd,ქართული ოცნება,41,12,გურჯაანი,10,,მარიამი,სირბილაშვილი,მარიამი სირბილაშვილი,,,adg_2025_candidates_unified.xlsx
local_2025,__main__,pr,gd,ქართული ოცნება,41,12,გურჯაანი,11,,გელა,ზაკალაშვილი,გელა ზაკალაშვილი,,,adg_2025_candidates_unified.xlsx
local_2025,__main__,pr,gd,ქართული ოცნება,41,12,გურჯაანი,12,,ბექა,სონღულაშვილი,ბექა სონღულაშვილი,,,adg_2025_candidates_unified.xlsx
local_2025,__main__,pr,gd,ქართული ოცნება,41,12,გურჯაანი,13,,ავთანდილი,საგინაშვილი,ავთანდილი საგინაშვილი,,,adg_2025_candidates_unified.xlsx
local_2025,__main__,pr,gd,ქართული ოცნება,41,12,გურჯაანი,14,,ივანე,ბაციაშვილი,ივანე ბაციაშვილი,,,adg_2025_candidates_unified.xlsx
local_2025,__main__,pr,gd,ქართული ოცნება,41,12,გურჯაანი,15,,ირაკლი,შაშიაშვილი,ირაკლი შაშიაშვილი,,,adg_2025_candidates_unified.xlsx
local_2025,__main__,pr,gd,ქართული ოცნება,41,12,გურჯაანი,16,,ზურაბი,ხუროშვილი,ზურაბი ხუროშვილი,,,adg_2025_candidates_unified.xlsx
local_2025,__main__,pr,gd,ქართული ოცნება,41,12,გურჯაანი,17,,თინათინ,ბიწაძე,თინათინ ბიწაძე,,,adg_2025_candidates_unified.xlsx
local_2025,__main__,pr,gd,ქართული ოცნება,41,12,გურჯაანი,18,,ირმა,ჩაიროვი,ირმა ჩაიროვი,,,adg_2025_candidates_unified.xlsx
local_2025,__main__,pr,gd,ქართული ოცნება,41,12,გურჯაანი,19,,თამარი,ცისკარაშვილი,თამარი ცისკარაშვილი,,,adg_2025_candidates_unified.xlsx
local_2025,__main__,pr,gd,ქართული ოცნება,41,12,გურჯაანი,20,,რამაზი,უტიაშვილი,რამაზი უტიაშვილი,,,adg_2025_candidates_unified.xlsx
local_2025,__main__,pr,gd,ქართული ოცნება,41,12,გურჯაანი,21,,ნიკა,მჭედლიშვილი,ნიკა მჭედლიშვილი,,,adg_2025_candidates_unified.xlsx
local_2025,__main__,pr,gd,ქართული ოცნება,41,12,გურჯაანი,22,,ვახტანგი,კირვალიძე,ვახტანგი კირვალიძე,,,adg_2025_candidates_unified.xlsx
local_2025,__main__,pr,gd,ქართული ოცნება,41,12,გურჯაანი,23,,ზაქარა,შოშიაშვილი,ზაქარა შოშიაშვილი,,,adg_2025_candidates_unified.xlsx
local_2025,__main__,pr,gd,ქართული ოცნება,41,12,გურჯაანი,24,,ლიკა,პარწიკანაშვილი,ლიკა პარწიკანაშვილი,,,adg_2025_candidates_unified.xlsx
local_2025,__main__,pr,gd,ქართული ოცნება,41,12,გურჯაანი,25,,გიორგი,თარხნიშვილი,გიორგი თარხნიშვილი,,,adg_2025_candidates_unified.xlsx
local_2025,__main__,pr,gd,ქართული ოცნება,41,12,გურჯაანი,26,,ზურაბი,წინწალაშვილი,ზურაბი წინწალაშვილი,,,adg_2025_candidates_unified.xlsx
local_2025,__main__,pr,gd,ქართული ოცნება,41,12,გურჯაანი,27,,ბადრი,სონღულაშვილი,ბადრი სონღულაშვილი,,,adg_2025_candidates_unified.xlsx
local_2025,__main__,pr,gd,ქართული ოცნება,41,12,გურჯაანი,28,,ზვიადი,კურდღელაშვილი,ზვიადი კურდღელაშვილი,,,adg_2025_candidates_unified.xlsx
local_2025,__main__,pr,gd,ქართული ოცნება,41,12,გურჯაანი,29,,გიორგი,ფერიშვილი,გიორგი ფერიშვილი,,,adg_2025_candidates_unified.xlsx
local_2025,__main__,pr,gd,ქართული ოცნება,41,12,გურჯაანი,30,,ლაშა,უსინაშვილი,ლაშა უსინაშვილი,,,adg_2025_candidates_unified.xlsx
local_2025,__main__,pr,gd,ქართული ოცნება,41,12,გურჯაანი,31,,ირმა,გაბუნია,ირმა გაბუნია,,,adg_2025_candidates_unified.xlsx
local_2025,__main__,pr,gd,ქართული ოცნება,41,12,გურჯაანი,32,,ზურაბი,მუხულიშვილი,ზურაბი მუხულიშვილი,,,adg_2025_candidates_unified.xlsx
local_2025,__main__,pr,gd,ქართული ოცნება,41,12,გურჯაანი,33,,ლევანი,ხაზიური,ლევანი ხაზიური,,,adg_2025_candidates_unified.xlsx
local_2025,__main__,pr,gd,ქართული ოცნება,41,12,გურჯაანი,34,,ლერი,ჩხეტიანი,ლერი ჩხეტიანი,,,adg_2025_candidates_unified.xlsx
local_2025,__main__,pr,conservatives_geo,„კონსერვატორები საქართველოსთვის“,3,13,სიღნაღი,1,,გიორგი,ხატიაშვილი,გიორგი ხატიაშვილი,,,adg_2025_candidates_unified.xlsx
local_2025,__main__,pr,conservatives_geo,„კონსერვატორები საქართველოსთვის“,3,13,სიღნაღი,2,,ზაზა,გოგინაშვილი,ზაზა გოგინაშვილი,,,adg_2025_candidates_unified.xlsx
local_2025,__main__,pr,conservatives_geo,„კონსერვატორები საქართველოსთვის“,3,13,სიღნაღი,3,,ნიკოლოზ,ლათიბაშვილი,ნიკოლოზ ლათიბაშვილი,,,adg_2025_candidates_unified.xlsx
local_2025,__main__,pr,conservatives_geo,„კონსერვატორები საქართველოსთვის“,3,13,სიღნაღი,4,,დავით,აბულაშვილი,დავით აბულაშვილი,,,adg_2025_candidates_unified.xlsx
local_2025,__main__,pr,conservatives_geo,„კონსერვატორები საქართველოსთვის“,3,13,სიღნაღი,5,,გიორგი,მაზიაშვილი,გიორგი მაზიაშვილი,,,adg_2025_candidates_unified.xlsx
local_2025,__main__,pr,conservatives_geo,„კონსერვატორები საქართველოსთვის“,3,13,სიღნაღი,6,,ირაკლი,ლათიბაშვილი,ირაკლი ლათიბაშვილი,,,adg_2025_candidates_unified.xlsx
local_2025,__main__,pr,conservatives_geo,„კონსერვატორები საქართველოსთვის“,3,13,სიღნაღი,7,,ია,ცაბუტაშვილი,ია ცაბუტაშვილი,,,adg_2025_candidates_unified.xlsx
local_2025,__main__,pr,conservatives_geo,„კონსერვატორები საქართველოსთვის“,3,13,სიღნაღი,8,,ილია,შეითნიშვილი,ილია შეითნიშვილი,,,adg_2025_candidates_unified.xlsx
local_2025,__main__,pr,conservatives_geo,„კონსერვატორები საქართველოსთვის“,3,13,სიღნაღი,9,,დარეჯანი,ბახტურიძე,დარეჯანი ბახტურიძე,,,adg_2025_candidates_unified.xlsx
local_2025,__main__,pr,conservatives_geo,„კონსერვატორები საქართველოსთვის“,3,13,სიღნაღი,10,,დავით,პაპუაშვილი,დავით პაპუაშვილი,,,adg_2025_candidates_unified.xlsx
local_2025,__main__,pr,patriots,„საქართველოს პატრიოტთა ალიანსი“,8,13,სიღნაღი,1,,სანდრო,სამადაშვილი,სანდრო სამადაშვილი,,,adg_2025_candidates_unified.xlsx
local_2025,__main__,pr,patriots,„საქართველოს პატრიოტთა ალიანსი“,8,13,სიღნაღი,2,,ივანე,ყოჩაშვილი,ივანე ყოჩაშვილი,,,adg_2025_candidates_unified.xlsx
local_2025,__main__,pr,patriots,„საქართველოს პატრიოტთა ალიანსი“,8,13,სიღნაღი,3,,მალხაზი,შალაშვილი,მალხაზი შალაშვილი,,,adg_2025_candidates_unified.xlsx
local_2025,__main__,pr,patriots,„საქართველოს პატრიოტთა ალიანსი“,8,13,სიღნაღი,4,,ვაჟა,გოგნაძე,ვაჟა გოგნაძე,,,adg_2025_candidates_unified.xlsx
local_2025,__main__,pr,patriots,„საქართველოს პატრიოტთა ალიანსი“,8,13,სიღნაღი,5,,აკაკი,ბეგაშვილი,აკაკი ბეგაშვილი,,,adg_2025_candidates_unified.xlsx
local_2025,__main__,pr,patriots,„საქართველოს პატრიოტთა ალიანსი“,8,13,სიღნაღი,6,,ლიკა,ბეგაშვილი,ლიკა ბეგაშვილი,,,adg_2025_candidates_unified.xlsx
local_2025,__main__,pr,strong_georgia,ძლიერი საქართველო-ლელო,9,13,სიღნაღი,1,,გოჩა,ფხოველიშვილი,გოჩა ფხოველიშვილი,,,adg_2025_candidates_unified.xlsx
local_2025,__main__,pr,strong_georgia,ძლიერი საქართველო-ლელო,9,13,სიღნაღი,2,,ვასილი,მჭედლიშვილი,ვასილი მჭედლიშვილი,,,adg_2025_candidates_unified.xlsx
local_2025,__main__,pr,strong_georgia,ძლიერი საქართველო-ლელო,9,13,სიღნაღი,3,,იაკობ,ჯოხარიძე,იაკობ ჯოხარიძე,,,adg_2025_candidates_unified.xlsx
local_2025,__main__,pr,strong_georgia,ძლიერი საქართველო-ლელო,9,13,სიღნაღი,4,,გოგიტა,ნასყიდაშვილი,გოგიტა ნასყიდაშვილი,,,adg_2025_candidates_unified.xlsx
local_2025,__main__,pr,strong_georgia,ძლიერი საქართველო-ლელო,9,13,სიღნაღი,5,,იოსებ,ბოქოლიშვილი,იოსებ ბოქოლიშვილი,,,adg_2025_candidates_unified.xlsx
local_2025,__main__,pr,strong_georgia,ძლიერი საქართველო-ლელო,9,13,სიღნაღი,6,,თეკლე,ლათიბაშვილი,თეკლე ლათიბაშვილი,,,adg_2025_candidates_unified.xlsx
local_2025,__main__,pr,strong_georgia,ძლიერი საქართველო-ლელო,9,13,სიღნაღი,7,,ფიქრია,აფთარაშვილი,ფიქრია აფთარაშვილი,,,adg_2025_candidates_unified.xlsx
local_2025,__main__,pr,strong_georgia,ძლიერი საქართველო-ლელო,9,13,სიღნაღი,8,,ალექსანდრე,პაპუაშვილი,ალექსანდრე პაპუაშვილი,,,adg_2025_candidates_unified.xlsx
local_2025,__main__,pr,gakharia,„გახარია საქართველოსთვის“,25,13,სიღნაღი,1,,ოთარ,ალადაშვილი,ოთარ ალადაშვილი,,,adg_2025_candidates_unified.xlsx
local_2025,__main__,pr,gakharia,„გახარია საქართველოსთვის“,25,13,სიღნაღი,2,,ბექა,კანდელაკიშვილი,ბექა კანდელაკიშვილი,,,adg_2025_candidates_unified.xlsx
local_2025,__main__,pr,gakharia,„გახარია საქართველოსთვის“,25,13,სიღნაღი,3,,ბექა,ალადაშვილი,ბექა ალადაშვილი,,,adg_2025_candidates_unified.xlsx
local_2025,__main__,pr,gakharia,„გახარია საქართველოსთვის“,25,13,სიღნაღი,4,,ლევან,კაიდარაშვილი,ლევან კაიდარაშვილი,,,adg_2025_candidates_unified.xlsx
local_2025,__main__,pr,gakharia,„გახარია საქართველოსთვის“,25,13,სიღნაღი,5,,მარი,დათუკიშვილი,მარი დათუკიშვილი,,,adg_2025_candidates_unified.xlsx
local_2025,__main__,pr,gakharia,„გახარია საქართველოსთვის“,25,13,სიღნაღი,6,,გიორგი,დათუკიშვილი,გიორგი დათუკიშვილი,,,adg_2025_candidates_unified.xlsx
local_2025,__main__,pr,gakharia,„გახარია საქართველოსთვის“,25,13,სიღნაღი,7,,ნათია,კიკილაშვილი,ნათია კიკილაშვილი,,,adg_2025_candidates_unified.xlsx
local_2025,__main__,pr,gakharia,„გახარია საქართველოსთვის“,25,13,სიღნაღი,8,,ხათუნა,ჭუჭულაშვილი,ხათუნა ჭუჭულაშვილი,,,adg_2025_candidates_unified.xlsx
local_2025,__main__,pr,gakharia,„გახარია საქართველოსთვის“,25,13,სიღნაღი,9,,ლეილა,მჭედლიშვილი,ლეილა მჭედლიშვილი,,,adg_2025_candidates_unified.xlsx
local_2025,__main__,pr,gakharia,„გახარია საქართველოსთვის“,25,13,სიღნაღი,10,,ვაჟა,ასანიშვილი,ვაჟა ასანიშვილი,,,adg_2025_candidates_unified.xlsx
local_2025,__main__,pr,gakharia,„გახარია საქართველოსთვის“,25,13,სიღნაღი,11,,ნინო,ჟამუტაშვილი,ნინო ჟამუტაშვილი,,,adg_2025_candidates_unified.xlsx
local_2025,__main__,pr,gd,ქართული ოცნება,41,13,სიღნაღი,1,,დავითი,ჯანიკაშვილი,დავითი ჯანიკაშვილი,,,adg_2025_candidates_unified.xlsx
local_2025,__main__,pr,gd,ქართული ოცნება,41,13,სიღნაღი,2,,ივანე,მირიანაშვილი,ივანე მირიანაშვილი,,,adg_2025_candidates_unified.xlsx
local_2025,__main__,pr,gd,ქართული ოცნება,41,13,სიღნაღი,3,,ლია,ბეჟაშვილი,ლია ბეჟაშვილი,,,adg_2025_candidates_unified.xlsx
local_2025,__main__,pr,gd,ქართული ოცნება,41,13,სიღნაღი,4,,გია,პავლიაშვილი,გია პავლიაშვილი,,,adg_2025_candidates_unified.xlsx
local_2025,__main__,pr,gd,ქართული ოცნება,41,13,სიღნაღი,5,,გიორგი,ასანიშვილი,გიორგი ასანიშვილი,,,adg_2025_candidates_unified.xlsx
local_2025,__main__,pr,gd,ქართული ოცნება,41,13,სიღნაღი,6,,მზია,სუხიშვილი,მზია სუხიშვილი,,,adg_2025_candidates_unified.xlsx
local_2025,__main__,pr,gd,ქართული ოცნება,41,13,სიღნაღი,7,,მალხაზი,ხუციშვილი,მალხაზი ხუციშვილი,,,adg_2025_candidates_unified.xlsx
local_2025,__main__,pr,gd,ქართული ოცნება,41,13,სიღნაღი,8,,მალხაზ,მჭედლიშვილი,მალხაზ მჭედლიშვილი,,,adg_2025_candidates_unified.xlsx
local_2025,__main__,pr,gd,ქართული ოცნება,41,13,სიღნაღი,9,,გივი,ქავთარაძე,გივი ქავთარაძე,,,adg_2025_candidates_unified.xlsx
local_2025,__main__,pr,gd,ქართული ოცნება,41,13,სიღნაღი,10,,მადონა,ბატიაშვილი,მადონა ბატიაშვილი,,,adg_2025_candidates_unified.xlsx
local_2025,__main__,pr,gd,ქართული ოცნება,41,13,სიღნაღი,11,,შოთა,ბეგიაშვილი,შოთა ბეგიაშვილი,,,adg_2025_candidates_unified.xlsx
local_2025,__main__,pr,gd,ქართული ოცნება,41,13,სიღნაღი,12,,კახაბერი,ოტიაშვილი,კახაბერი ოტიაშვილი,,,adg_2025_candidates_unified.xlsx
local_2025,__main__,pr,gd,ქართული ოცნება,41,13,სიღნაღი,13,,გოჩა,ტოკლიკიშვილი,გოჩა ტოკლიკიშვილი,,,adg_2025_candidates_unified.xlsx
local_2025,__main__,pr,gd,ქართული ოცნება,41,13,სიღნაღი,14,,გიგა,ბაკაშვილი,გიგა ბაკაშვილი,,,adg_2025_candidates_unified.xlsx
local_2025,__main__,pr,gd,ქართული ოცნება,41,13,სიღნაღი,15,,ეკა,ბაკაშვილი,ეკა ბაკაშვილი,,,adg_2025_candidates_unified.xlsx
local_2025,__main__,pr,gd,ქართული ოცნება,41,13,სიღნაღი,16,,შორენა,კუსრაშვილი,შორენა კუსრაშვილი,,,adg_2025_candidates_unified.xlsx
local_2025,__main__,pr,gd,ქართული ოცნება,41,13,სიღნაღი,17,,მაია,ყოჩიაშვილი,მაია ყოჩიაშვილი,,,adg_2025_candidates_unified.xlsx
local_2025,__main__,pr,gd,ქართული ოცნება,41,13,სიღნაღი,18,,ეკატერინე,შაიშმელაშვილი,ეკატერინე შაიშმელაშვილი,,,adg_2025_candidates_unified.xlsx
local_2025,__main__,pr,gd,ქართული ოცნება,41,13,სიღნაღი,19,,ანა,ბიჭიაშვილი,ანა ბიჭიაშვილი,,,adg_2025_candidates_unified.xlsx
local_2025,__main__,pr,gd,ქართული ოცნება,41,13,სიღნაღი,20,,იური,ბასილაშვილი,იური ბასილაშვილი,,,adg_2025_candidates_unified.xlsx
local_2025,__main__,pr,gd,ქართული ოცნება,41,13,სიღნაღი,21,,ეკატერინე,კოზაკიშვილი,ეკატერინე კოზაკიშვილი,,,adg_2025_candidates_unified.xlsx
local_2025,__main__,pr,gd,ქართული ოცნება,41,13,სიღნაღი,22,,გიორგი,ფხოველიშვილი,გიორგი ფხოველიშვილი,,,adg_2025_candidates_unified.xlsx
local_2025,__main__,pr,gd,ქართული ოცნება,41,13,სიღნაღი,23,,ზაქრო,ბეგიაშვილი,ზაქრო ბეგიაშვილი,,,adg_2025_candidates_unified.xlsx
local_2025,__main__,pr,gd,ქართული ოცნება,41,13,სიღნაღი,24,,ხათუნა,პავლიაშვილი,ხათუნა პავლიაშვილი,,,adg_2025_candidates_unified.xlsx
local_2025,__main__,pr,gd,ქართული ოცნება,41,13,სიღნაღი,25,,ნათელა,კიკილაშვილი,ნათელა კიკილაშვილი,,,adg_2025_candidates_unified.xlsx
local_2025,__main__,pr,gd,ქართული ოცნება,41,13,სიღნაღი,26,,თინიკო,შიხაშვილი,თინიკო შიხაშვილი,,,adg_2025_candidates_unified.xlsx
local_2025,__main__,pr,gd,ქართული ოცნება,41,13,სიღნაღი,27,,გიორგი,ნანობაშვილი,გიორგი ნანობაშვილი,,,adg_2025_candidates_unified.xlsx
local_2025,__main__,pr,gd,ქართული ოცნება,41,13,სიღნაღი,28,,მარინა,ხანდოლიშვილი,მარინა ხანდოლიშვილი,,,adg_2025_candidates_unified.xlsx
local_2025,__main__,pr,gd,ქართული ოცნება,41,13,სიღნაღი,29,,სოფიო,ღვინიაშვილი,სოფიო ღვინიაშვილი,,,adg_2025_candidates_unified.xlsx
local_2025,__main__,pr,gd,ქართული ოცნება,41,13,სიღნაღი,30,,ნინო,ჯამატაშვილი,ნინო ჯამატაშვილი,,,adg_2025_candidates_unified.xlsx
local_2025,__main__,pr,conservatives_geo,„კონსერვატორები საქართველოსთვის“,3,14,დედოფლისწყარო,1,,კახი,ხუციშვილი,კახი ხუციშვილი,,,adg_2025_candidates_unified.xlsx
local_2025,__main__,pr,conservatives_geo,„კონსერვატორები საქართველოსთვის“,3,14,დედოფლისწყარო,2,,თემური,ავსაჯანიშვილი,თემური ავსაჯანიშვილი,,,adg_2025_candidates_unified.xlsx
local_2025,__main__,pr,conservatives_geo,„კონსერვატორები საქართველოსთვის“,3,14,დედოფლისწყარო,3,,გია,მეხრიშვილი,გია მეხრიშვილი,,,adg_2025_candidates_unified.xlsx
local_2025,__main__,pr,conservatives_geo,„კონსერვატორები საქართველოსთვის“,3,14,დედოფლისწყარო,4,,ლევანი,მეხრიშვილი,ლევანი მეხრიშვილი,,,adg_2025_candidates_unified.xlsx
local_2025,__main__,pr,conservatives_geo,„კონსერვატორები საქართველოსთვის“,3,14,დედოფლისწყარო,5,,ილია,კობაიძე,ილია კობაიძე,,,adg_2025_candidates_unified.xlsx
local_2025,__main__,pr,conservatives_geo,„კონსერვატორები საქართველოსთვის“,3,14,დედოფლისწყარო,6,,რამაზ,ჯიბღაშვილი,რამაზ ჯიბღაშვილი,,,adg_2025_candidates_unified.xlsx
local_2025,__main__,pr,conservatives_geo,„კონსერვატორები საქართველოსთვის“,3,14,დედოფლისწყარო,7,,გელა,ნასყიდაშვილი,გელა ნასყიდაშვილი,,,adg_2025_candidates_unified.xlsx
local_2025,__main__,pr,patriots,„საქართველოს პატრიოტთა ალიანსი“,8,14,დედოფლისწყარო,1,,გიორგი,კავთუაშვილი,გიორგი კავთუაშვილი,,,adg_2025_candidates_unified.xlsx
local_2025,__main__,pr,patriots,„საქართველოს პატრიოტთა ალიანსი“,8,14,დედოფლისწყარო,2,,ლელა,ჯანეზაშვილი,ლელა ჯანეზაშვილი,,,adg_2025_candidates_unified.xlsx
local_2025,__main__,pr,patriots,„საქართველოს პატრიოტთა ალიანსი“,8,14,დედოფლისწყარო,3,,ნანა,ორკოდაშვილი,ნანა ორკოდაშვილი,,,adg_2025_candidates_unified.xlsx
local_2025,__main__,pr,patriots,„საქართველოს პატრიოტთა ალიანსი“,8,14,დედოფლისწყარო,4,,იულია,სონიშვილი,იულია სონიშვილი,,,adg_2025_candidates_unified.xlsx
local_2025,__main__,pr,patriots,„საქართველოს პატრიოტთა ალიანსი“,8,14,დედოფლისწყარო,5,,მადონა,გოგოლაძე,მადონა გოგოლაძე,,,adg_2025_candidates_unified.xlsx
local_2025,__main__,pr,patriots,„საქართველოს პატრიოტთა ალიანსი“,8,14,დედოფლისწყარო,6,,შორენა,ფირანიშვილი,შორენა ფირანიშვილი,,,adg_2025_candidates_unified.xlsx
local_2025,__main__,pr,strong_georgia,ძლიერი საქართველო-ლელო,9,14,დედოფლისწყარო,1,,ალიკო,ნატროშვილი,ალიკო ნატროშვილი,,,adg_2025_candidates_unified.xlsx
local_2025,__main__,pr,strong_georgia,ძლიერი საქართველო-ლელო,9,14,დედოფლისწყარო,2,,ზურაბი,ნატროშვილი,ზურაბი ნატროშვილი,,,adg_2025_candidates_unified.xlsx
local_2025,__main__,pr,strong_georgia,ძლიერი საქართველო-ლელო,9,14,დედოფლისწყარო,3,,ნოდარ,პატაშური,ნოდარ პატაშური,,,adg_2025_candidates_unified.xlsx
local_2025,__main__,pr,strong_georgia,ძლიერი საქართველო-ლელო,9,14,დედოფლისწყარო,4,,მარიამ,პაპაჩაშვილი,მარიამ პაპაჩაშვილი,,,adg_2025_candidates_unified.xlsx
local_2025,__main__,pr,strong_georgia,ძლიერი საქართველო-ლელო,9,14,დედოფლისწყარო,5,,გელა,თურმანაული,გელა თურმანაული,,,adg_2025_candidates_unified.xlsx
local_2025,__main__,pr,strong_georgia,ძლიერი საქართველო-ლელო,9,14,დედოფლისწყარო,6,,გიორგი,შაინიძე,გიორგი შაინიძე,,,adg_2025_candidates_unified.xlsx
local_2025,__main__,pr,strong_georgia,ძლიერი საქართველო-ლელო,9,14,დედოფლისწყარო,7,,გია,მათეშვილი,გია მათეშვილი,,,adg_2025_candidates_unified.xlsx
local_2025,__main__,pr,strong_georgia,ძლიერი საქართველო-ლელო,9,14,დედოფლისწყარო,8,,ნუკრი,გოგაშვილი,ნუკრი გოგაშვილი,,,adg_2025_candidates_unified.xlsx
local_2025,__main__,pr,strong_georgia,ძლიერი საქართველო-ლელო,9,14,დედოფლისწყარო,9,,ვასილ,მოსულიშვილი,ვასილ მოსულიშვილი,,,adg_2025_candidates_unified.xlsx
local_2025,__main__,pr,strong_georgia,ძლიერი საქართველო-ლელო,9,14,დედოფლისწყარო,10,,ვაჟა,წიკლაური,ვაჟა წიკლაური,,,adg_2025_candidates_unified.xlsx
local_2025,__main__,pr,gakharia,„გახარია საქართველოსთვის“,25,14,დედოფლისწყარო,1,,გიორგი,ედიშერაშვილი,გიორგი ედიშერაშვილი,,,adg_2025_candidates_unified.xlsx
local_2025,__main__,pr,gakharia,„გახარია საქართველოსთვის“,25,14,დედოფლისწყარო,2,,ვაჟა,ქემოკლიძე,ვაჟა ქემოკლიძე,,,adg_2025_candidates_unified.xlsx
local_2025,__main__,pr,gakharia,„გახარია საქართველოსთვის“,25,14,დედოფლისწყარო,3,,დავითი,ყაჭიაშვილი,დავითი ყაჭიაშვილი,,,adg_2025_candidates_unified.xlsx
local_2025,__main__,pr,gakharia,„გახარია საქართველოსთვის“,25,14,დედოფლისწყარო,4,,ზურაბი,დათაშვილი,ზურაბი დათაშვილი,,,adg_2025_candidates_unified.xlsx
local_2025,__main__,pr,gakharia,„გახარია საქართველოსთვის“,25,14,დედოფლისწყარო,5,,ემზარი,სულხანიშვილი,ემზარი სულხანიშვილი,,,adg_2025_candidates_unified.xlsx
local_2025,__main__,pr,gakharia,„გახარია საქართველოსთვის“,25,14,დედოფლისწყარო,6,,იგორი,ხუტიძე,იგორი ხუტიძე,,,adg_2025_candidates_unified.xlsx
local_2025,__main__,pr,gakharia,„გახარია საქართველოსთვის“,25,14,დედოფლისწყარო,7,,ბელა,მზექალაშვილი,ბელა მზექალაშვილი,,,adg_2025_candidates_unified.xlsx
local_2025,__main__,pr,gakharia,„გახარია საქართველოსთვის“,25,14,დედოფლისწყარო,8,,დავითი,გამრეკელაშვილი,დავითი გამრეკელაშვილი,,,adg_2025_candidates_unified.xlsx
local_2025,__main__,pr,gakharia,„გახარია საქართველოსთვის“,25,14,დედოფლისწყარო,10,,საბედა,ჭიჭიაშვილი,საბედა ჭიჭიაშვილი,,,adg_2025_candidates_unified.xlsx
local_2025,__main__,pr,gd,ქართული ოცნება,41,14,დედოფლისწყარო,1,,ნუგზარი,პაპიაშვილი,ნუგზარი პაპიაშვილი,,,adg_2025_candidates_unified.xlsx
local_2025,__main__,pr,gd,ქართული ოცნება,41,14,დედოფლისწყარო,2,,დავით,ალუღიშვილი,დავით ალუღიშვილი,,,adg_2025_candidates_unified.xlsx
local_2025,__main__,pr,gd,ქართული ოცნება,41,14,დედოფლისწყარო,3,,მაია,ცისკარაული,მაია ცისკარაული,,,adg_2025_candidates_unified.xlsx
local_2025,__main__,pr,gd,ქართული ოცნება,41,14,დედოფლისწყარო,4,,ზურაბ,თეთვაძე,ზურაბ თეთვაძე,,,adg_2025_candidates_unified.xlsx
local_2025,__main__,pr,gd,ქართული ოცნება,41,14,დედოფლისწყარო,5,,გიორგი,ჯანაშვილი,გიორგი ჯანაშვილი,,,adg_2025_candidates_unified.xlsx
local_2025,__main__,pr,gd,ქართული ოცნება,41,14,დედოფლისწყარო,6,,ლელა,ჭინჭარაული,ლელა ჭინჭარაული,,,adg_2025_candidates_unified.xlsx
local_2025,__main__,pr,gd,ქართული ოცნება,41,14,დედოფლისწყარო,7,,ნონა,პოპიაშვილი,ნონა პოპიაშვილი,,,adg_2025_candidates_unified.xlsx
local_2025,__main__,pr,gd,ქართული ოცნება,41,14,დედოფლისწყარო,8,,მამუკა,ყავრელიშვილი,მამუკა ყავრელიშვილი,,,adg_2025_candidates_unified.xlsx
local_2025,__main__,pr,gd,ქართული ოცნება,41,14,დედოფლისწყარო,9,,მაკა,ჯანაშვილი,მაკა ჯანაშვილი,,,adg_2025_candidates_unified.xlsx
local_2025,__main__,pr,gd,ქართული ოცნება,41,14,დედოფლისწყარო,10,,მიხეილ,ბახუტაშვილი,მიხეილ ბახუტაშვილი,,,adg_2025_candidates_unified.xlsx
local_2025,__main__,pr,gd,ქართული ოცნება,41,14,დედოფლისწყარო,11,,ლალი,იაკობიშვილი- ჩერქეზიშვილი,ლალი იაკობიშვილი- ჩერქეზიშვილი,,,adg_2025_candidates_unified.xlsx
local_2025,__main__,pr,gd,ქართული ოცნება,41,14,დედოფლისწყარო,12,,დავით,გონაშვილი,დავით გონაშვილი,,,adg_2025_candidates_unified.xlsx
local_2025,__main__,pr,gd,ქართული ოცნება,41,14,დედოფლისწყარო,13,,მაია,სიმონიძე,მაია სიმონიძე,,,adg_2025_candidates_unified.xlsx
local_2025,__main__,pr,gd,ქართული ოცნება,41,14,დედოფლისწყარო,14,,კახა,წიკლაური,კახა წიკლაური,,,adg_2025_candidates_unified.xlsx
local_2025,__main__,pr,gd,ქართული ოცნება,41,14,დედოფლისწყარო,15,,მარინე,ტოკლიკიშვილი,მარინე ტოკლიკიშვილი,,,adg_2025_candidates_unified.xlsx
local_2025,__main__,pr,gd,ქართული ოცნება,41,14,დედოფლისწყარო,16,,გოჩა,სამუკაშვილი,გოჩა სამუკაშვილი,,,adg_2025_candidates_unified.xlsx
local_2025,__main__,pr,gd,ქართული ოცნება,41,14,დედოფლისწყარო,17,,მამუკა,სეფიაშვილი,მამუკა სეფიაშვილი,,,adg_2025_candidates_unified.xlsx
local_2025,__main__,pr,gd,ქართული ოცნება,41,14,დედოფლისწყარო,18,,არსენა,ბაღაშვილი,არსენა ბაღაშვილი,,,adg_2025_candidates_unified.xlsx
local_2025,__main__,pr,gd,ქართული ოცნება,41,14,დედოფლისწყარო,19,,გივი,გიგაური,გივი გიგაური,,,adg_2025_candidates_unified.xlsx
local_2025,__main__,pr,gd,ქართული ოცნება,41,14,დედოფლისწყარო,20,,გიორგი,გოგილაშვილი,გიორგი გოგილაშვილი,,,adg_2025_candidates_unified.xlsx
local_2025,__main__,pr,gd,ქართული ოცნება,41,14,დედოფლისწყარო,21,,ნიკოლოზ,ხუციშვილი,ნიკოლოზ ხუციშვილი,,,adg_2025_candidates_unified.xlsx
local_2025,__main__,pr,gd,ქართული ოცნება,41,14,დედოფლისწყარო,22,,ლილი,ჯანაშვილი,ლილი ჯანაშვილი,,,adg_2025_candidates_unified.xlsx
local_2025,__main__,pr,gd,ქართული ოცნება,41,14,დედოფლისწყარო,23,,სოსო,პოპიაშვილი,სოსო პოპიაშვილი,,,adg_2025_candidates_unified.xlsx
local_2025,__main__,pr,gd,ქართული ოცნება,41,14,დედოფლისწყარო,24,,ზვიად,ზვიადაური,ზვიად ზვიადაური,,,adg_2025_candidates_unified.xlsx
local_2025,__main__,pr,gd,ქართული ოცნება,41,14,დედოფლისწყარო,25,,ბეჟან,სუხაშვილი,ბეჟან სუხაშვილი,,,adg_2025_candidates_unified.xlsx
local_2025,__main__,pr,gd,ქართული ოცნება,41,14,დედოფლისწყარო,26,,მურად,ელაშვილი,მურად ელაშვილი,,,adg_2025_candidates_unified.xlsx
local_2025,__main__,pr,gd,ქართული ოცნება,41,14,დედოფლისწყარო,27,,აკაკი,ლობჟანიძე,აკაკი ლობჟანიძე,,,adg_2025_candidates_unified.xlsx
local_2025,__main__,pr,gd,ქართული ოცნება,41,14,დედოფლისწყარო,28,,გიორგი,იაკობიშვილი,გიორგი იაკობიშვილი,,,adg_2025_candidates_unified.xlsx
local_2025,__main__,pr,gd,ქართული ოცნება,41,14,დედოფლისწყარო,29,,ჯემალი,დიმიტრაძე,ჯემალი დიმიტრაძე,,,adg_2025_candidates_unified.xlsx
local_2025,__main__,pr,gd,ქართული ოცნება,41,14,დედოფლისწყარო,30,,იოსებ,კობაიძე,იოსებ კობაიძე,,,adg_2025_candidates_unified.xlsx
local_2025,__main__,pr,conservatives_geo,„კონსერვატორები საქართველოსთვის“,3,15,ლაგოდეხი,1,,ვლადიმერი,სამხარაძე,ვლადიმერი სამხარაძე,,,adg_2025_candidates_unified.xlsx
local_2025,__main__,pr,conservatives_geo,„კონსერვატორები საქართველოსთვის“,3,15,ლაგოდეხი,2,,ავთანდილი,ლობჟანიძე,ავთანდილი ლობჟანიძე,,,adg_2025_candidates_unified.xlsx
local_2025,__main__,pr,conservatives_geo,„კონსერვატორები საქართველოსთვის“,3,15,ლაგოდეხი,3,,მარიამი,ფაფიაშვილი,მარიამი ფაფიაშვილი,,,adg_2025_candidates_unified.xlsx
local_2025,__main__,pr,conservatives_geo,„კონსერვატორები საქართველოსთვის“,3,15,ლაგოდეხი,4,,სერგო,გელაშვილი,სერგო გელაშვილი,,,adg_2025_candidates_unified.xlsx
local_2025,__main__,pr,conservatives_geo,„კონსერვატორები საქართველოსთვის“,3,15,ლაგოდეხი,5,,ზაზა,ფცქიალაძე,ზაზა ფცქიალაძე,,,adg_2025_candidates_unified.xlsx
local_2025,__main__,pr,conservatives_geo,„კონსერვატორები საქართველოსთვის“,3,15,ლაგოდეხი,6,,პაატა,ნოზაძე,პაატა ნოზაძე,,,adg_2025_candidates_unified.xlsx
local_2025,__main__,pr,conservatives_geo,„კონსერვატორები საქართველოსთვის“,3,15,ლაგოდეხი,7,,სპარტაკ,გრიგალაშვილი,სპარტაკ გრიგალაშვილი,,,adg_2025_candidates_unified.xlsx
local_2025,__main__,pr,patriots,„საქართველოს პატრიოტთა ალიანსი“,8,15,ლაგოდეხი,1,,ილია,მახათაძე,ილია მახათაძე,,,adg_2025_candidates_unified.xlsx
local_2025,__main__,pr,patriots,„საქართველოს პატრიოტთა ალიანსი“,8,15,ლაგოდეხი,2,,დავით,ჩიხლაძე,დავით ჩიხლაძე,,,adg_2025_candidates_unified.xlsx
local_2025,__main__,pr,patriots,„საქართველოს პატრიოტთა ალიანსი“,8,15,ლაგოდეხი,3,,ლელა,შალაშვილი,ლელა შალაშვილი,,,adg_2025_candidates_unified.xlsx
local_2025,__main__,pr,patriots,„საქართველოს პატრიოტთა ალიანსი“,8,15,ლაგოდეხი,4,,ტარიელი,კასრაძე,ტარიელი კასრაძე,,,adg_2025_candidates_unified.xlsx
local_2025,__main__,pr,patriots,„საქართველოს პატრიოტთა ალიანსი“,8,15,ლაგოდეხი,5,,მამუკა,მახათაძე,მამუკა მახათაძე,,,adg_2025_candidates_unified.xlsx
local_2025,__main__,pr,patriots,„საქართველოს პატრიოტთა ალიანსი“,8,15,ლაგოდეხი,6,,ვეფხია,შუკაკიძე,ვეფხია შუკაკიძე,,,adg_2025_candidates_unified.xlsx
local_2025,__main__,pr,strong_georgia,ძლიერი საქართველო-ლელო,9,15,ლაგოდეხი,1,,ხვიჩა,კუზიბაბაშვილი,ხვიჩა კუზიბაბაშვილი,,,adg_2025_candidates_unified.xlsx
local_2025,__main__,pr,strong_georgia,ძლიერი საქართველო-ლელო,9,15,ლაგოდეხი,2,,თეიმურაზ,შველიძე,თეიმურაზ შველიძე,,,adg_2025_candidates_unified.xlsx
local_2025,__main__,pr,strong_georgia,ძლიერი საქართველო-ლელო,9,15,ლაგოდეხი,3,,კობა,ცხოვრებაშვილი,კობა ცხოვრებაშვილი,,,adg_2025_candidates_unified.xlsx
local_2025,__main__,pr,strong_georgia,ძლიერი საქართველო-ლელო,9,15,ლაგოდეხი,4,,გრიგოლ,ზურაბაშვილი,გრიგოლ ზურაბაშვილი,,,adg_2025_candidates_unified.xlsx
local_2025,__main__,pr,strong_georgia,ძლიერი საქართველო-ლელო,9,15,ლაგოდეხი,5,,უსუფალი,კურბანოვი,უსუფალი კურბანოვი,,,adg_2025_candidates_unified.xlsx
local_2025,__main__,pr,strong_georgia,ძლიერი საქართველო-ლელო,9,15,ლაგოდეხი,6,,ლია,შველიძე,ლია შველიძე,,,adg_2025_candidates_unified.xlsx
local_2025,__main__,pr,strong_georgia,ძლიერი საქართველო-ლელო,9,15,ლაგოდეხი,8,,მერი,ბოჟაძე,მერი ბოჟაძე,,,adg_2025_candidates_unified.xlsx
local_2025,__main__,pr,strong_georgia,ძლიერი საქართველო-ლელო,9,15,ლაგოდეხი,9,,დალი,კობიაშვილი,დალი კობიაშვილი,,,adg_2025_candidates_unified.xlsx
local_2025,__main__,pr,peoples_power,„სახალხო ხელისუფლება“,14,15,ლაგოდეხი,1,,ზურაბი,ბლუაშვილი,ზურაბი ბლუაშვილი,,,adg_2025_candidates_unified.xlsx
local_2025,__main__,pr,peoples_power,„სახალხო ხელისუფლება“,14,15,ლაგოდეხი,2,,კახი,ჩხარტიშვილი,კახი ჩხარტიშვილი,,,adg_2025_candidates_unified.xlsx
local_2025,__main__,pr,peoples_power,„სახალხო ხელისუფლება“,14,15,ლაგოდეხი,3,,ალბერტი,გიგოლაევი,ალბერტი გიგოლაევი,,,adg_2025_candidates_unified.xlsx
local_2025,__main__,pr,peoples_power,„სახალხო ხელისუფლება“,14,15,ლაგოდეხი,4,,ნიკა,ჩადუნელი,ნიკა ჩადუნელი,,,adg_2025_candidates_unified.xlsx
local_2025,__main__,pr,peoples_power,„სახალხო ხელისუფლება“,14,15,ლაგოდეხი,5,,ემზარი,შუბითიძე,ემზარი შუბითიძე,,,adg_2025_candidates_unified.xlsx
local_2025,__main__,pr,peoples_power,„სახალხო ხელისუფლება“,14,15,ლაგოდეხი,6,,მურადი,ყურაშვილი,მურადი ყურაშვილი,,,adg_2025_candidates_unified.xlsx
local_2025,__main__,pr,peoples_power,„სახალხო ხელისუფლება“,14,15,ლაგოდეხი,7,,ნინო,კახაბრიშვილი,ნინო კახაბრიშვილი,,,adg_2025_candidates_unified.xlsx
local_2025,__main__,pr,gakharia,„გახარია საქართველოსთვის“,25,15,ლაგოდეხი,1,,ლაშა,მახათაძე,ლაშა მახათაძე,,,adg_2025_candidates_unified.xlsx
local_2025,__main__,pr,gakharia,„გახარია საქართველოსთვის“,25,15,ლაგოდეხი,3,,ლაშა,პოსოშვილი,ლაშა პოსოშვილი,,,adg_2025_candidates_unified.xlsx
local_2025,__main__,pr,gakharia,„გახარია საქართველოსთვის“,25,15,ლაგოდეხი,4,,თორნიკე,ჯავახიშვილი,თორნიკე ჯავახიშვილი,,,adg_2025_candidates_unified.xlsx
local_2025,__main__,pr,gakharia,„გახარია საქართველოსთვის“,25,15,ლაგოდეხი,5,,თამარი,კასრაძე,თამარი კასრაძე,,,adg_2025_candidates_unified.xlsx
local_2025,__main__,pr,gakharia,„გახარია საქართველოსთვის“,25,15,ლაგოდეხი,6,,ალექსი,ითონიშვილი,ალექსი ითონიშვილი,,,adg_2025_candidates_unified.xlsx
local_2025,__main__,pr,gakharia,„გახარია საქართველოსთვის“,25,15,ლაგოდეხი,7,,საბა,შაუთიძე,საბა შაუთიძე,,,adg_2025_candidates_unified.xlsx
local_2025,__main__,pr,gakharia,„გახარია საქართველოსთვის“,25,15,ლაგოდეხი,8,,ანა,მხეიძე,ანა მხეიძე,,,adg_2025_candidates_unified.xlsx
local_2025,__main__,pr,gakharia,„გახარია საქართველოსთვის“,25,15,ლაგოდეხი,9,,გიორგი,პოსოშვილი,გიორგი პოსოშვილი,,,adg_2025_candidates_unified.xlsx
local_2025,__main__,pr,gakharia,„გახარია საქართველოსთვის“,25,15,ლაგოდეხი,10,,თორნიკე,მახათაძე,თორნიკე მახათაძე,,,adg_2025_candidates_unified.xlsx
local_2025,__main__,pr,gd,ქართული ოცნება,41,15,ლაგოდეხი,1,,კარლო,ჯამბურია,კარლო ჯამბურია,,,adg_2025_candidates_unified.xlsx
local_2025,__main__,pr,gd,ქართული ოცნება,41,15,ლაგოდეხი,2,,ივანე,ხაჩიძე,ივანე ხაჩიძე,,,adg_2025_candidates_unified.xlsx
local_2025,__main__,pr,gd,ქართული ოცნება,41,15,ლაგოდეხი,3,,მაკა,მოდებაძე,მაკა მოდებაძე,,,adg_2025_candidates_unified.xlsx
local_2025,__main__,pr,gd,ქართული ოცნება,41,15,ლაგოდეხი,4,,გიორგი,ღამბაშიძე,გიორგი ღამბაშიძე,,,adg_2025_candidates_unified.xlsx
local_2025,__main__,pr,gd,ქართული ოცნება,41,15,ლაგოდეხი,5,,გიორგი,შუბითიძე,გიორგი შუბითიძე,,,adg_2025_candidates_unified.xlsx
local_2025,__main__,pr,gd,ქართული ოცნება,41,15,ლაგოდეხი,6,,ომარი,შველიძე,ომარი შველიძე,,,adg_2025_candidates_unified.xlsx
local_2025,__main__,pr,gd,ქართული ოცნება,41,15,ლაგოდეხი,7,,სიმონი,კვერნაძე,სიმონი კვერნაძე,,,adg_2025_candidates_unified.xlsx
local_2025,__main__,pr,gd,ქართული ოცნება,41,15,ლაგოდეხი,8,,ნინო,კუპრაშვილი,ნინო კუპრაშვილი,,,adg_2025_candidates_unified.xlsx
local_2025,__main__,pr,gd,ქართული ოცნება,41,15,ლაგოდეხი,9,,ბესარიონი,შუბითიძე,ბესარიონი შუბითიძე,,,adg_2025_candidates_unified.xlsx
local_2025,__main__,pr,gd,ქართული ოცნება,41,15,ლაგოდეხი,10,,ეკატერინე,ლეკიაშვილი,ეკატერინე ლეკიაშვილი,,,adg_2025_candidates_unified.xlsx
local_2025,__main__,pr,gd,ქართული ოცნება,41,15,ლაგოდეხი,11,,ლელა,ნატროშვილი,ლელა ნატროშვილი,,,adg_2025_candidates_unified.xlsx
local_2025,__main__,pr,gd,ქართული ოცნება,41,15,ლაგოდეხი,12,,ალექსანდრე,ბაინდურაშვილი,ალექსანდრე ბაინდურაშვილი,,,adg_2025_candidates_unified.xlsx
local_2025,__main__,pr,gd,ქართული ოცნება,41,15,ლაგოდეხი,13,,დაჩი,მჭედლიშვილი,დაჩი მჭედლიშვილი,,,adg_2025_candidates_unified.xlsx
local_2025,__main__,pr,gd,ქართული ოცნება,41,15,ლაგოდეხი,14,,ზვიადი,ფხალაძე,ზვიადი ფხალაძე,,,adg_2025_candidates_unified.xlsx
local_2025,__main__,pr,gd,ქართული ოცნება,41,15,ლაგოდეხი,15,,ზურაბი,ჭაბაშვილი,ზურაბი ჭაბაშვილი,,,adg_2025_candidates_unified.xlsx
local_2025,__main__,pr,gd,ქართული ოცნება,41,15,ლაგოდეხი,16,,გელა,გელაშვილი,გელა გელაშვილი,,,adg_2025_candidates_unified.xlsx
local_2025,__main__,pr,gd,ქართული ოცნება,41,15,ლაგოდეხი,17,,დავით,გოგსაძე,დავით გოგსაძე,,,adg_2025_candidates_unified.xlsx
local_2025,__main__,pr,gd,ქართული ოცნება,41,15,ლაგოდეხი,18,,ნინო,იასეშვილი,ნინო იასეშვილი,,,adg_2025_candidates_unified.xlsx
local_2025,__main__,pr,gd,ქართული ოცნება,41,15,ლაგოდეხი,19,,გიორგი,მეტრეველი,გიორგი მეტრეველი,,,adg_2025_candidates_unified.xlsx
local_2025,__main__,pr,gd,ქართული ოცნება,41,15,ლაგოდეხი,20,,ბეჟანი,ხანდოლიშვილი,ბეჟანი ხანდოლიშვილი,,,adg_2025_candidates_unified.xlsx
local_2025,__main__,pr,gd,ქართული ოცნება,41,15,ლაგოდეხი,21,,რობერტი,მოლჩანოვი,რობერტი მოლჩანოვი,,,adg_2025_candidates_unified.xlsx
local_2025,__main__,pr,gd,ქართული ოცნება,41,15,ლაგოდეხი,22,,ჭაბუკი,შეყელაძე,ჭაბუკი შეყელაძე,,,adg_2025_candidates_unified.xlsx
local_2025,__main__,pr,gd,ქართული ოცნება,41,15,ლაგოდეხი,23,,ლაშა,ტაბატაძე,ლაშა ტაბატაძე,,,adg_2025_candidates_unified.xlsx
local_2025,__main__,pr,gd,ქართული ოცნება,41,15,ლაგოდეხი,24,,კამო,პოზოიან,კამო პოზოიან,,,adg_2025_candidates_unified.xlsx
local_2025,__main__,pr,gd,ქართული ოცნება,41,15,ლაგოდეხი,25,,ხათუნა,სარალიძე,ხათუნა სარალიძე,,,adg_2025_candidates_unified.xlsx
local_2025,__main__,pr,gd,ქართული ოცნება,41,15,ლაგოდეხი,26,,დავით,აბრამიშვილი,დავით აბრამიშვილი,,,adg_2025_candidates_unified.xlsx
local_2025,__main__,pr,gd,ქართული ოცნება,41,15,ლაგოდეხი,27,,ზაზა,ტალახაძე,ზაზა ტალახაძე,,,adg_2025_candidates_unified.xlsx
local_2025,__main__,pr,gd,ქართული ოცნება,41,15,ლაგოდეხი,28,,მამუკა,მუმლაძე,მამუკა მუმლაძე,,,adg_2025_candidates_unified.xlsx
local_2025,__main__,pr,gd,ქართული ოცნება,41,15,ლაგოდეხი,29,,ილია,ჩიხრაძე,ილია ჩიხრაძე,,,adg_2025_candidates_unified.xlsx
local_2025,__main__,pr,gd,ქართული ოცნება,41,15,ლაგოდეხი,30,,ნინო,ნარეკლიშვილი,ნინო ნარეკლიშვილი,,,adg_2025_candidates_unified.xlsx
local_2025,__main__,pr,gd,ქართული ოცნება,41,15,ლაგოდეხი,31,,ჯემალი,ბატიაშვილი,ჯემალი ბატიაშვილი,,,adg_2025_candidates_unified.xlsx
local_2025,__main__,pr,gd,ქართული ოცნება,41,15,ლაგოდეხი,32,,თამარი,ლომსაძე,თამარი ლომსაძე,,,adg_2025_candidates_unified.xlsx
local_2025,__main__,pr,gd,ქართული ოცნება,41,15,ლაგოდეხი,33,,ნათელა,ხაბულიანი,ნათელა ხაბულიანი,,,adg_2025_candidates_unified.xlsx
local_2025,__main__,pr,gd,ქართული ოცნება,41,15,ლაგოდეხი,34,,ირინა,ხაზალაშვილი,ირინა ხაზალაშვილი,,,adg_2025_candidates_unified.xlsx
local_2025,__main__,pr,gd,ქართული ოცნება,41,15,ლაგოდეხი,35,,ვოვა,კიკილაშვილი,ვოვა კიკილაშვილი,,,adg_2025_candidates_unified.xlsx
local_2025,__main__,pr,gd,ქართული ოცნება,41,15,ლაგოდეხი,36,,ასია,ლიმარ,ასია ლიმარ,,,adg_2025_candidates_unified.xlsx
local_2025,__main__,pr,gd,ქართული ოცნება,41,15,ლაგოდეხი,37,,ლალი,მამაიაშვილი,ლალი მამაიაშვილი,,,adg_2025_candidates_unified.xlsx
local_2025,__main__,pr,gd,ქართული ოცნება,41,15,ლაგოდეხი,38,,რუსუდანი,ზარიძე,რუსუდანი ზარიძე,,,adg_2025_candidates_unified.xlsx
local_2025,__main__,pr,gd,ქართული ოცნება,41,15,ლაგოდეხი,39,,ქიშვარდი,კერესელიძე,ქიშვარდი კერესელიძე,,,adg_2025_candidates_unified.xlsx
local_2025,__main__,pr,gd,ქართული ოცნება,41,15,ლაგოდეხი,40,,ნონა,ჯიოევი,ნონა ჯიოევი,,,adg_2025_candidates_unified.xlsx
local_2025,__main__,pr,gd,ქართული ოცნება,41,15,ლაგოდეხი,41,,თამარი,ჩადუნელი,თამარი ჩადუნელი,,,adg_2025_candidates_unified.xlsx
local_2025,__main__,pr,gd,ქართული ოცნება,41,15,ლაგოდეხი,42,,ზურაბი,დავლაშერიძე,ზურაბი დავლაშერიძე,,,adg_2025_candidates_unified.xlsx
local_2025,__main__,pr,gd,ქართული ოცნება,41,15,ლაგოდეხი,43,,ზეზვა,ღაბოსნიძე,ზეზვა ღაბოსნიძე,,,adg_2025_candidates_unified.xlsx
local_2025,__main__,pr,gd,ქართული ოცნება,41,15,ლაგოდეხი,44,,მზევინარი,მოდებაძე,მზევინარი მოდებაძე,,,adg_2025_candidates_unified.xlsx
local_2025,__main__,pr,conservatives_geo,„კონსერვატორები საქართველოსთვის“,3,16,ყვარელი,1,,გიორგი,ბუჯიაშვილი,გიორგი ბუჯიაშვილი,,,adg_2025_candidates_unified.xlsx
local_2025,__main__,pr,conservatives_geo,„კონსერვატორები საქართველოსთვის“,3,16,ყვარელი,2,,თეიმურაზი,ფირანიშვილი,თეიმურაზი ფირანიშვილი,,,adg_2025_candidates_unified.xlsx
local_2025,__main__,pr,conservatives_geo,„კონსერვატორები საქართველოსთვის“,3,16,ყვარელი,3,,მურად,დევლარიშვილი,მურად დევლარიშვილი,,,adg_2025_candidates_unified.xlsx
local_2025,__main__,pr,conservatives_geo,„კონსერვატორები საქართველოსთვის“,3,16,ყვარელი,4,,გიორგი,ზუბიტაშვილი,გიორგი ზუბიტაშვილი,,,adg_2025_candidates_unified.xlsx
local_2025,__main__,pr,conservatives_geo,„კონსერვატორები საქართველოსთვის“,3,16,ყვარელი,5,,გიორგი,ქუმსიაშვილი,გიორგი ქუმსიაშვილი,,,adg_2025_candidates_unified.xlsx
local_2025,__main__,pr,conservatives_geo,„კონსერვატორები საქართველოსთვის“,3,16,ყვარელი,6,,გიგა,პატატიშვილი,გიგა პატატიშვილი,,,adg_2025_candidates_unified.xlsx
local_2025,__main__,pr,conservatives_geo,„კონსერვატორები საქართველოსთვის“,3,16,ყვარელი,7,,გელა,გელიკოშვილი,გელა გელიკოშვილი,,,adg_2025_candidates_unified.xlsx
local_2025,__main__,pr,conservatives_geo,„კონსერვატორები საქართველოსთვის“,3,16,ყვარელი,8,,ტრისტანი,კალაიჯიშვილი,ტრისტანი კალაიჯიშვილი,,,adg_2025_candidates_unified.xlsx
local_2025,__main__,pr,conservatives_geo,„კონსერვატორები საქართველოსთვის“,3,16,ყვარელი,9,,კობა,შილდელაშვილი,კობა შილდელაშვილი,,,adg_2025_candidates_unified.xlsx
local_2025,__main__,pr,conservatives_geo,„კონსერვატორები საქართველოსთვის“,3,16,ყვარელი,10,,სულხანი,კაპანაძე,სულხანი კაპანაძე,,,adg_2025_candidates_unified.xlsx
local_2025,__main__,pr,patriots,„საქართველოს პატრიოტთა ალიანსი“,8,16,ყვარელი,1,,ზურაბი,მამადაშვილი,ზურაბი მამადაშვილი,,,adg_2025_candidates_unified.xlsx
local_2025,__main__,pr,patriots,„საქართველოს პატრიოტთა ალიანსი“,8,16,ყვარელი,2,,ირმა,გრიგალაშვილი,ირმა გრიგალაშვილი,,,adg_2025_candidates_unified.xlsx
local_2025,__main__,pr,patriots,„საქართველოს პატრიოტთა ალიანსი“,8,16,ყვარელი,3,,არჩილი,შაიშმელაშვილი,არჩილი შაიშმელაშვილი,,,adg_2025_candidates_unified.xlsx
local_2025,__main__,pr,patriots,„საქართველოს პატრიოტთა ალიანსი“,8,16,ყვარელი,4,,დავითი,ჯამაგიძე,დავითი ჯამაგიძე,,,adg_2025_candidates_unified.xlsx
local_2025,__main__,pr,patriots,„საქართველოს პატრიოტთა ალიანსი“,8,16,ყვარელი,5,,ლევანი,წიწრიაშვილი,ლევანი წიწრიაშვილი,,,adg_2025_candidates_unified.xlsx
local_2025,__main__,pr,patriots,„საქართველოს პატრიოტთა ალიანსი“,8,16,ყვარელი,6,,ალუდა,რუსიაშვილი,ალუდა რუსიაშვილი,,,adg_2025_candidates_unified.xlsx
local_2025,__main__,pr,patriots,„საქართველოს პატრიოტთა ალიანსი“,8,16,ყვარელი,7,,სულხან,წიწრიაშვილი,სულხან წიწრიაშვილი,,,adg_2025_candidates_unified.xlsx
local_2025,__main__,pr,patriots,„საქართველოს პატრიოტთა ალიანსი“,8,16,ყვარელი,8,,მალხაზი,ნატმელაძე,მალხაზი ნატმელაძე,,,adg_2025_candidates_unified.xlsx
local_2025,__main__,pr,patriots,„საქართველოს პატრიოტთა ალიანსი“,8,16,ყვარელი,9,,არჩილი,მუმლაძე,არჩილი მუმლაძე,,,adg_2025_candidates_unified.xlsx
local_2025,__main__,pr,strong_georgia,ძლიერი საქართველო-ლელო,9,16,ყვარელი,1,,კობა,ფაჩოშვილი,კობა ფაჩოშვილი,,,adg_2025_candidates_unified.xlsx
local_2025,__main__,pr,strong_georgia,ძლიერი საქართველო-ლელო,9,16,ყვარელი,2,,ვასილი,ხიზანიშვილი,ვასილი ხიზანიშვილი,,,adg_2025_candidates_unified.xlsx
local_2025,__main__,pr,strong_georgia,ძლიერი საქართველო-ლელო,9,16,ყვარელი,3,,გოდერძი,იოსებიანი,გოდერძი იოსებიანი,,,adg_2025_candidates_unified.xlsx
local_2025,__main__,pr,strong_georgia,ძლიერი საქართველო-ლელო,9,16,ყვარელი,4,,მანანა,ავაზაშვილი,მანანა ავაზაშვილი,,,adg_2025_candidates_unified.xlsx
local_2025,__main__,pr,strong_georgia,ძლიერი საქართველო-ლელო,9,16,ყვარელი,6,,თენგიზ,ხუხიაშვილი,თენგიზ ხუხიაშვილი,,,adg_2025_candidates_unified.xlsx
local_2025,__main__,pr,strong_georgia,ძლიერი საქართველო-ლელო,9,16,ყვარელი,7,,მერაბი,მინდიაშვილი,მერაბი მინდიაშვილი,,,adg_2025_candidates_unified.xlsx
local_2025,__main__,pr,strong_georgia,ძლიერი საქართველო-ლელო,9,16,ყვარელი,8,,ონისე,ხუროშვილი,ონისე ხუროშვილი,,,adg_2025_candidates_unified.xlsx
local_2025,__main__,pr,strong_georgia,ძლიერი საქართველო-ლელო,9,16,ყვარელი,9,,ილო,მიქაუტიძე,ილო მიქაუტიძე,,,adg_2025_candidates_unified.xlsx
local_2025,__main__,pr,strong_georgia,ძლიერი საქართველო-ლელო,9,16,ყვარელი,10,,ბიჭიკო,ბაიდოშვილი,ბიჭიკო ბაიდოშვილი,,,adg_2025_candidates_unified.xlsx
local_2025,__main__,pr,gakharia,„გახარია საქართველოსთვის“,25,16,ყვარელი,1,,თამარი,დენტოშვილი,თამარი დენტოშვილი,,,adg_2025_candidates_unified.xlsx
local_2025,__main__,pr,gakharia,„გახარია საქართველოსთვის“,25,16,ყვარელი,2,,გოდერძი,ჭიტაშვილი,გოდერძი ჭიტაშვილი,,,adg_2025_candidates_unified.xlsx
local_2025,__main__,pr,gakharia,„გახარია საქართველოსთვის“,25,16,ყვარელი,3,,მაია,კორაშვილი,მაია კორაშვილი,,,adg_2025_candidates_unified.xlsx
local_2025,__main__,pr,gakharia,„გახარია საქართველოსთვის“,25,16,ყვარელი,4,,შორენა,ბერიაშვილი,შორენა ბერიაშვილი,,,adg_2025_candidates_unified.xlsx
local_2025,__main__,pr,gakharia,„გახარია საქართველოსთვის“,25,16,ყვარელი,5,,ნინო,კალაიჯიშვილი,ნინო კალაიჯიშვილი,,,adg_2025_candidates_unified.xlsx
local_2025,__main__,pr,gakharia,„გახარია საქართველოსთვის“,25,16,ყვარელი,6,,ლუიზა,აგურაშვილი,ლუიზა აგურაშვილი,,,adg_2025_candidates_unified.xlsx
local_2025,__main__,pr,gakharia,„გახარია საქართველოსთვის“,25,16,ყვარელი,7,,მანანა,გიგიტელაშვილი,მანანა გიგიტელაშვილი,,,adg_2025_candidates_unified.xlsx
local_2025,__main__,pr,gakharia,„გახარია საქართველოსთვის“,25,16,ყვარელი,8,,მარი,მზექალაშვილი,მარი მზექალაშვილი,,,adg_2025_candidates_unified.xlsx
local_2025,__main__,pr,gakharia,„გახარია საქართველოსთვის“,25,16,ყვარელი,9,,თეიმურაზ,ზურაბიშვილი,თეიმურაზ ზურაბიშვილი,,,adg_2025_candidates_unified.xlsx
local_2025,__main__,pr,gakharia,„გახარია საქართველოსთვის“,25,16,ყვარელი,10,,თეიმურაზი,კონჭოშვილი,თეიმურაზი კონჭოშვილი,,,adg_2025_candidates_unified.xlsx
local_2025,__main__,pr,gakharia,„გახარია საქართველოსთვის“,25,16,ყვარელი,11,,გიორგი,ქანდაურიშვილი,გიორგი ქანდაურიშვილი,,,adg_2025_candidates_unified.xlsx
local_2025,__main__,pr,gakharia,„გახარია საქართველოსთვის“,25,16,ყვარელი,12,,სოლომონი,ბერიაშვილი,სოლომონი ბერიაშვილი,,,adg_2025_candidates_unified.xlsx
local_2025,__main__,pr,gd,ქართული ოცნება,41,16,ყვარელი,1,,გივი,ზაუტაშვილი,გივი ზაუტაშვილი,,,adg_2025_candidates_unified.xlsx
local_2025,__main__,pr,gd,ქართული ოცნება,41,16,ყვარელი,2,,თამილა,ბურკიაშვილი,თამილა ბურკიაშვილი,,,adg_2025_candidates_unified.xlsx
local_2025,__main__,pr,gd,ქართული ოცნება,41,16,ყვარელი,3,,ქეთევანი,ჭიპაშვილი,ქეთევანი ჭიპაშვილი,,,adg_2025_candidates_unified.xlsx
local_2025,__main__,pr,gd,ქართული ოცნება,41,16,ყვარელი,4,,იოსები,სეფაშვილი,იოსები სეფაშვილი,,,adg_2025_candidates_unified.xlsx
local_2025,__main__,pr,gd,ქართული ოცნება,41,16,ყვარელი,5,,ბესიკ,კაციტაძე,ბესიკ კაციტაძე,,,adg_2025_candidates_unified.xlsx
local_2025,__main__,pr,gd,ქართული ოცნება,41,16,ყვარელი,6,,ვანო,მამულაშვილი,ვანო მამულაშვილი,,,adg_2025_candidates_unified.xlsx
local_2025,__main__,pr,gd,ქართული ოცნება,41,16,ყვარელი,7,,ქეთევანი,სეფაშვილი,ქეთევანი სეფაშვილი,,,adg_2025_candidates_unified.xlsx
local_2025,__main__,pr,gd,ქართული ოცნება,41,16,ყვარელი,8,,ზურაბი,ჩხეიძე,ზურაბი ჩხეიძე,,,adg_2025_candidates_unified.xlsx
local_2025,__main__,pr,gd,ქართული ოცნება,41,16,ყვარელი,9,,ლალი,თვალიაშვილი,ლალი თვალიაშვილი,,,adg_2025_candidates_unified.xlsx
local_2025,__main__,pr,gd,ქართული ოცნება,41,16,ყვარელი,10,,ლუკა,ბულბულაშვილი,ლუკა ბულბულაშვილი,,,adg_2025_candidates_unified.xlsx
local_2025,__main__,pr,gd,ქართული ოცნება,41,16,ყვარელი,11,,მამუკა,ნათელაძე,მამუკა ნათელაძე,,,adg_2025_candidates_unified.xlsx
local_2025,__main__,pr,gd,ქართული ოცნება,41,16,ყვარელი,12,,ვლადიმერი,გელაძე,ვლადიმერი გელაძე,,,adg_2025_candidates_unified.xlsx
local_2025,__main__,pr,gd,ქართული ოცნება,41,16,ყვარელი,13,,თამარ,ჭერაშვილი,თამარ ჭერაშვილი,,,adg_2025_candidates_unified.xlsx
local_2025,__main__,pr,gd,ქართული ოცნება,41,16,ყვარელი,14,,დავითი,ქანდაურიშვილი,დავითი ქანდაურიშვილი,,,adg_2025_candidates_unified.xlsx
local_2025,__main__,pr,gd,ქართული ოცნება,41,16,ყვარელი,15,,სოფიო,ბილანიშვილი,სოფიო ბილანიშვილი,,,adg_2025_candidates_unified.xlsx
local_2025,__main__,pr,gd,ქართული ოცნება,41,16,ყვარელი,16,,ჯონი,ჩუბინიძე,ჯონი ჩუბინიძე,,,adg_2025_candidates_unified.xlsx
local_2025,__main__,pr,gd,ქართული ოცნება,41,16,ყვარელი,17,,კონსტანტინე,ცხოვრებაძე,კონსტანტინე ცხოვრებაძე,,,adg_2025_candidates_unified.xlsx
local_2025,__main__,pr,gd,ქართული ოცნება,41,16,ყვარელი,18,,გიორგი,ამირხანოვი,გიორგი ამირხანოვი,,,adg_2025_candidates_unified.xlsx
local_2025,__main__,pr,gd,ქართული ოცნება,41,16,ყვარელი,19,,მამუკა,ბერიაშვილი,მამუკა ბერიაშვილი,,,adg_2025_candidates_unified.xlsx
local_2025,__main__,pr,gd,ქართული ოცნება,41,16,ყვარელი,20,,იოსები,სოლომნიშვილი,იოსები სოლომნიშვილი,,,adg_2025_candidates_unified.xlsx
local_2025,__main__,pr,gd,ქართული ოცნება,41,16,ყვარელი,21,,რევი,ხვედელიძე,რევი ხვედელიძე,,,adg_2025_candidates_unified.xlsx
local_2025,__main__,pr,gd,ქართული ოცნება,41,16,ყვარელი,22,,პაატა,ხაჩიშვილი,პაატა ხაჩიშვილი,,,adg_2025_candidates_unified.xlsx
local_2025,__main__,pr,gd,ქართული ოცნება,41,16,ყვარელი,23,,ვახტანგი,ხარატიშვილი,ვახტანგი ხარატიშვილი,,,adg_2025_candidates_unified.xlsx
local_2025,__main__,pr,gd,ქართული ოცნება,41,16,ყვარელი,24,,ვალერი,გოქსაძე,ვალერი გოქსაძე,,,adg_2025_candidates_unified.xlsx
local_2025,__main__,pr,gd,ქართული ოცნება,41,16,ყვარელი,25,,ვლადიმერი,ხაზალიშვილი,ვლადიმერი ხაზალიშვილი,,,adg_2025_candidates_unified.xlsx
local_2025,__main__,pr,gd,ქართული ოცნება,41,16,ყვარელი,26,,დათო,ვარადაშვილი,დათო ვარადაშვილი,,,adg_2025_candidates_unified.xlsx
local_2025,__main__,pr,gd,ქართული ოცნება,41,16,ყვარელი,27,,ზურაბი,კაპანაძე,ზურაბი კაპანაძე,,,adg_2025_candidates_unified.xlsx
local_2025,__main__,pr,gd,ქართული ოცნება,41,16,ყვარელი,28,,კახა,ასისტიშვილი,კახა ასისტიშვილი,,,adg_2025_candidates_unified.xlsx
local_2025,__main__,pr,gd,ქართული ოცნება,41,16,ყვარელი,29,,ლევანი,გელაძე,ლევანი გელაძე,,,adg_2025_candidates_unified.xlsx
local_2025,__main__,pr,gd,ქართული ოცნება,41,16,ყვარელი,30,,ოთარი,ბუჯიაშვილი,ოთარი ბუჯიაშვილი,,,adg_2025_candidates_unified.xlsx
local_2025,__main__,pr,conservatives_geo,„კონსერვატორები საქართველოსთვის“,3,17,თელავი,1,,გიორგი,კარჭაული,გიორგი კარჭაული,,,adg_2025_candidates_unified.xlsx
local_2025,__main__,pr,conservatives_geo,„კონსერვატორები საქართველოსთვის“,3,17,თელავი,2,,იმედა,მაისურაძე,იმედა მაისურაძე,,,adg_2025_candidates_unified.xlsx
local_2025,__main__,pr,conservatives_geo,„კონსერვატორები საქართველოსთვის“,3,17,თელავი,3,,გიორგი,ბლუიშვილი,გიორგი ბლუიშვილი,,,adg_2025_candidates_unified.xlsx
local_2025,__main__,pr,conservatives_geo,„კონსერვატორები საქართველოსთვის“,3,17,თელავი,4,,გოჩა,წაწალაშვილი,გოჩა წაწალაშვილი,,,adg_2025_candidates_unified.xlsx
local_2025,__main__,pr,conservatives_geo,„კონსერვატორები საქართველოსთვის“,3,17,თელავი,5,,ზაზა,ნუსხელიძე,ზაზა ნუსხელიძე,,,adg_2025_candidates_unified.xlsx
local_2025,__main__,pr,conservatives_geo,„კონსერვატორები საქართველოსთვის“,3,17,თელავი,6,,გიორგი,ახალკაციშვილი,გიორგი ახალკაციშვილი,,,adg_2025_candidates_unified.xlsx
local_2025,__main__,pr,conservatives_geo,„კონსერვატორები საქართველოსთვის“,3,17,თელავი,7,,ტიტე,დარეჯანიშვილი,ტიტე დარეჯანიშვილი,,,adg_2025_candidates_unified.xlsx
local_2025,__main__,pr,conservatives_geo,„კონსერვატორები საქართველოსთვის“,3,17,თელავი,8,,ვასილი,ლეკიშვილი,ვასილი ლეკიშვილი,,,adg_2025_candidates_unified.xlsx
local_2025,__main__,pr,conservatives_geo,„კონსერვატორები საქართველოსთვის“,3,17,თელავი,9,,ოთარ,ზაალიშვილი,ოთარ ზაალიშვილი,,,adg_2025_candidates_unified.xlsx
local_2025,__main__,pr,conservatives_geo,„კონსერვატორები საქართველოსთვის“,3,17,თელავი,10,,გოჩა,ჯელაძე,გოჩა ჯელაძე,,,adg_2025_candidates_unified.xlsx
local_2025,__main__,pr,conservatives_geo,„კონსერვატორები საქართველოსთვის“,3,17,თელავი,11,,ალექსი,ჩუბინაშვილი,ალექსი ჩუბინაშვილი,,,adg_2025_candidates_unified.xlsx
local_2025,__main__,pr,patriots,„საქართველოს პატრიოტთა ალიანსი“,8,17,თელავი,1,,ნათია,მაზანაშვილი,ნათია მაზანაშვილი,,,adg_2025_candidates_unified.xlsx
local_2025,__main__,pr,patriots,„საქართველოს პატრიოტთა ალიანსი“,8,17,თელავი,2,,გიორგი,კვანტრიშვილი,გიორგი კვანტრიშვილი,,,adg_2025_candidates_unified.xlsx
local_2025,__main__,pr,patriots,„საქართველოს პატრიოტთა ალიანსი“,8,17,თელავი,3,,ნიკოლოზ,ქავთარაძე,ნიკოლოზ ქავთარაძე,,,adg_2025_candidates_unified.xlsx
local_2025,__main__,pr,patriots,„საქართველოს პატრიოტთა ალიანსი“,8,17,თელავი,4,,გიორგი,მაზანაშვილი,გიორგი მაზანაშვილი,,,adg_2025_candidates_unified.xlsx
local_2025,__main__,pr,patriots,„საქართველოს პატრიოტთა ალიანსი“,8,17,თელავი,5,,გოგა,წულუკიძე,გოგა წულუკიძე,,,adg_2025_candidates_unified.xlsx
local_2025,__main__,pr,patriots,„საქართველოს პატრიოტთა ალიანსი“,8,17,თელავი,6,,გოჩა,წულუკიძე,გოჩა წულუკიძე,,,adg_2025_candidates_unified.xlsx
local_2025,__main__,pr,patriots,„საქართველოს პატრიოტთა ალიანსი“,8,17,თელავი,7,,შორენა,კვანტიძე,შორენა კვანტიძე,,,adg_2025_candidates_unified.xlsx
local_2025,__main__,pr,strong_georgia,ძლიერი საქართველო-ლელო,9,17,თელავი,1,,ლევან,ბერძენაშვილი,ლევან ბერძენაშვილი,,,adg_2025_candidates_unified.xlsx
local_2025,__main__,pr,strong_georgia,ძლიერი საქართველო-ლელო,9,17,თელავი,2,,მერაბი,ხიზანიშვილი,მერაბი ხიზანიშვილი,,,adg_2025_candidates_unified.xlsx
local_2025,__main__,pr,strong_georgia,ძლიერი საქართველო-ლელო,9,17,თელავი,3,,გელა,უშარაული,გელა უშარაული,,,adg_2025_candidates_unified.xlsx
local_2025,__main__,pr,strong_georgia,ძლიერი საქართველო-ლელო,9,17,თელავი,4,,ალექსანდრე,ყაზარაშვილი,ალექსანდრე ყაზარაშვილი,,,adg_2025_candidates_unified.xlsx
local_2025,__main__,pr,strong_georgia,ძლიერი საქართველო-ლელო,9,17,თელავი,5,,ნოდარ,თუშიშვილი,ნოდარ თუშიშვილი,,,adg_2025_candidates_unified.xlsx
local_2025,__main__,pr,strong_georgia,ძლიერი საქართველო-ლელო,9,17,თელავი,6,,ლევანი,ხიზანიშვილი,ლევანი ხიზანიშვილი,,,adg_2025_candidates_unified.xlsx
local_2025,__main__,pr,strong_georgia,ძლიერი საქართველო-ლელო,9,17,თელავი,7,,თენგიზი,სეხნიაშვილი,თენგიზი სეხნიაშვილი,,,adg_2025_candidates_unified.xlsx
local_2025,__main__,pr,strong_georgia,ძლიერი საქართველო-ლელო,9,17,თელავი,8,,ეკატერინე,დედაბრიშვილი,ეკატერინე დედაბრიშვილი,,,adg_2025_candidates_unified.xlsx
local_2025,__main__,pr,strong_georgia,ძლიერი საქართველო-ლელო,9,17,თელავი,9,,ბელა,გაიძვერაშვილი,ბელა გაიძვერაშვილი,,,adg_2025_candidates_unified.xlsx
local_2025,__main__,pr,strong_georgia,ძლიერი საქართველო-ლელო,9,17,თელავი,10,,გურამი,ხიზანიშვილი,გურამი ხიზანიშვილი,,,adg_2025_candidates_unified.xlsx
local_2025,__main__,pr,strong_georgia,ძლიერი საქართველო-ლელო,9,17,თელავი,11,,ეთერი,ასისტიშვილი,ეთერი ასისტიშვილი,,,adg_2025_candidates_unified.xlsx
local_2025,__main__,pr,gakharia,„გახარია საქართველოსთვის“,25,17,თელავი,1,,რამაზი,ქევხიშვილი,რამაზი ქევხიშვილი,,,adg_2025_candidates_unified.xlsx
local_2025,__main__,pr,gakharia,„გახარია საქართველოსთვის“,25,17,თელავი,2,,რევაზ,მჭედლიშვილი,რევაზ მჭედლიშვილი,,,adg_2025_candidates_unified.xlsx
local_2025,__main__,pr,gakharia,„გახარია საქართველოსთვის“,25,17,თელავი,3,,ალექსი,პაპუნაშვილი,ალექსი პაპუნაშვილი,,,adg_2025_candidates_unified.xlsx
local_2025,__main__,pr,gakharia,„გახარია საქართველოსთვის“,25,17,თელავი,4,,გიორგი,ქიბიშაური,გიორგი ქიბიშაური,,,adg_2025_candidates_unified.xlsx
local_2025,__main__,pr,gakharia,„გახარია საქართველოსთვის“,25,17,თელავი,5,,მერაბი,ნუსხელიძე,მერაბი ნუსხელიძე,,,adg_2025_candidates_unified.xlsx
local_2025,__main__,pr,gakharia,„გახარია საქართველოსთვის“,25,17,თელავი,6,,მამუკა,ქურციკიძე,მამუკა ქურციკიძე,,,adg_2025_candidates_unified.xlsx
local_2025,__main__,pr,gakharia,„გახარია საქართველოსთვის“,25,17,თელავი,7,,ევა,ოსორაული,ევა ოსორაული,,,adg_2025_candidates_unified.xlsx
local_2025,__main__,pr,gakharia,„გახარია საქართველოსთვის“,25,17,თელავი,8,,დავითი,ნუსხელიძე,დავითი ნუსხელიძე,,,adg_2025_candidates_unified.xlsx
local_2025,__main__,pr,gakharia,„გახარია საქართველოსთვის“,25,17,თელავი,9,,ნინო,ნუსხელიძე,ნინო ნუსხელიძე,,,adg_2025_candidates_unified.xlsx
local_2025,__main__,pr,gakharia,„გახარია საქართველოსთვის“,25,17,თელავი,10,,თამარი,ასანიშვილი,თამარი ასანიშვილი,,,adg_2025_candidates_unified.xlsx
local_2025,__main__,pr,gd,ქართული ოცნება,41,17,თელავი,1,,არჩილი,თხლაშიძე,არჩილი თხლაშიძე,,,adg_2025_candidates_unified.xlsx
local_2025,__main__,pr,gd,ქართული ოცნება,41,17,თელავი,2,,თინათინ,ხანჯალიაშვილი,თინათინ ხანჯალიაშვილი,,,adg_2025_candidates_unified.xlsx
local_2025,__main__,pr,gd,ქართული ოცნება,41,17,თელავი,3,,მარიამ,ლილუაშვილი,მარიამ ლილუაშვილი,,,adg_2025_candidates_unified.xlsx
local_2025,__main__,pr,gd,ქართული ოცნება,41,17,თელავი,4,,ზაზა,ჩიკვაიძე,ზაზა ჩიკვაიძე,,,adg_2025_candidates_unified.xlsx
local_2025,__main__,pr,gd,ქართული ოცნება,41,17,თელავი,5,,ნიკა,ხუციშვილი,ნიკა ხუციშვილი,,,adg_2025_candidates_unified.xlsx
local_2025,__main__,pr,gd,ქართული ოცნება,41,17,თელავი,6,,ეკატერინე,ონიკაძე,ეკატერინე ონიკაძე,,,adg_2025_candidates_unified.xlsx
local_2025,__main__,pr,gd,ქართული ოცნება,41,17,თელავი,7,,დავით,ღაღანიძე,დავით ღაღანიძე,,,adg_2025_candidates_unified.xlsx
local_2025,__main__,pr,gd,ქართული ოცნება,41,17,თელავი,8,,ლევან,კოჭლოშვილი,ლევან კოჭლოშვილი,,,adg_2025_candidates_unified.xlsx
local_2025,__main__,pr,gd,ქართული ოცნება,41,17,თელავი,9,,ეკატერინე,ობოლაძე,ეკატერინე ობოლაძე,,,adg_2025_candidates_unified.xlsx
local_2025,__main__,pr,gd,ქართული ოცნება,41,17,თელავი,10,,გივი,ლაფაური,გივი ლაფაური,,,adg_2025_candidates_unified.xlsx
local_2025,__main__,pr,gd,ქართული ოცნება,41,17,თელავი,11,,ნუგზარი,ცაძიკიძე,ნუგზარი ცაძიკიძე,,,adg_2025_candidates_unified.xlsx
local_2025,__main__,pr,gd,ქართული ოცნება,41,17,თელავი,12,,ნიკოლოზ,ლაშხი,ნიკოლოზ ლაშხი,,,adg_2025_candidates_unified.xlsx
local_2025,__main__,pr,gd,ქართული ოცნება,41,17,თელავი,13,,გიორგი,კოჭლოშვილი,გიორგი კოჭლოშვილი,,,adg_2025_candidates_unified.xlsx
local_2025,__main__,pr,gd,ქართული ოცნება,41,17,თელავი,14,,გიორგი,ქართლელიშვილი,გიორგი ქართლელიშვილი,,,adg_2025_candidates_unified.xlsx
local_2025,__main__,pr,gd,ქართული ოცნება,41,17,თელავი,15,,ოთარი,ესიტაშვილი,ოთარი ესიტაშვილი,,,adg_2025_candidates_unified.xlsx
local_2025,__main__,pr,gd,ქართული ოცნება,41,17,თელავი,16,,ანდრო,ასატუროვი,ანდრო ასატუროვი,,,adg_2025_candidates_unified.xlsx
local_2025,__main__,pr,gd,ქართული ოცნება,41,17,თელავი,17,,ელენე,ღარიბაშვილი,ელენე ღარიბაშვილი,,,adg_2025_candidates_unified.xlsx
local_2025,__main__,pr,gd,ქართული ოცნება,41,17,თელავი,18,,დავითი,სლოევი,დავითი სლოევი,,,adg_2025_candidates_unified.xlsx
local_2025,__main__,pr,gd,ქართული ოცნება,41,17,თელავი,19,,თემურ,მეტრეველი,თემურ მეტრეველი,,,adg_2025_candidates_unified.xlsx
local_2025,__main__,pr,gd,ქართული ოცნება,41,17,თელავი,20,,ზაქარია,რაზმაძე,ზაქარია რაზმაძე,,,adg_2025_candidates_unified.xlsx
local_2025,__main__,pr,gd,ქართული ოცნება,41,17,თელავი,21,,ლაშა,გიგაური,ლაშა გიგაური,,,adg_2025_candidates_unified.xlsx
local_2025,__main__,pr,gd,ქართული ოცნება,41,17,თელავი,22,,ნიკოლოზი,ესიტაშვილი,ნიკოლოზი ესიტაშვილი,,,adg_2025_candidates_unified.xlsx
local_2025,__main__,pr,gd,ქართული ოცნება,41,17,თელავი,23,,გოჩა,კობიაშვილი,გოჩა კობიაშვილი,,,adg_2025_candidates_unified.xlsx
local_2025,__main__,pr,gd,ქართული ოცნება,41,17,თელავი,24,,ზურაბი,წვერიკმაზაშვილი,ზურაბი წვერიკმაზაშვილი,,,adg_2025_candidates_unified.xlsx
local_2025,__main__,pr,gd,ქართული ოცნება,41,17,თელავი,25,,ვანო,თულიანი,ვანო თულიანი,,,adg_2025_candidates_unified.xlsx
local_2025,__main__,pr,gd,ქართული ოცნება,41,17,თელავი,26,,გულნარა,ყარაულაშვილი,გულნარა ყარაულაშვილი,,,adg_2025_candidates_unified.xlsx
local_2025,__main__,pr,gd,ქართული ოცნება,41,17,თელავი,27,,ეკატერინე,ახვერდაშვილი,ეკატერინე ახვერდაშვილი,,,adg_2025_candidates_unified.xlsx
local_2025,__main__,pr,gd,ქართული ოცნება,41,17,თელავი,28,,ილია,ბაჩიაშვილი,ილია ბაჩიაშვილი,,,adg_2025_candidates_unified.xlsx
local_2025,__main__,pr,gd,ქართული ოცნება,41,17,თელავი,29,,გიგა,შაქარაშვილი,გიგა შაქარაშვილი,,,adg_2025_candidates_unified.xlsx
local_2025,__main__,pr,gd,ქართული ოცნება,41,17,თელავი,30,,ლევან,იაკაშვილი,ლევან იაკაშვილი,,,adg_2025_candidates_unified.xlsx
local_2025,__main__,pr,gd,ქართული ოცნება,41,17,თელავი,31,,ავთანდილი,მჭედლიშვილი,ავთანდილი მჭედლიშვილი,,,adg_2025_candidates_unified.xlsx
local_2025,__main__,pr,gd,ქართული ოცნება,41,17,თელავი,32,,ეკატერინე,ჩხუტიაშვილი,ეკატერინე ჩხუტიაშვილი,,,adg_2025_candidates_unified.xlsx
local_2025,__main__,pr,gd,ქართული ოცნება,41,17,თელავი,33,,მაია,ისმაილოვი,მაია ისმაილოვი,,,adg_2025_candidates_unified.xlsx
local_2025,__main__,pr,gd,ქართული ოცნება,41,17,თელავი,34,,თამარი,პაპალაშვილი,თამარი პაპალაშვილი,,,adg_2025_candidates_unified.xlsx
local_2025,__main__,pr,gd,ქართული ოცნება,41,17,თელავი,35,,თამარი,კანანაძე,თამარი კანანაძე,,,adg_2025_candidates_unified.xlsx
local_2025,__main__,pr,gd,ქართული ოცნება,41,17,თელავი,36,,ლია,დათიშვილი,ლია დათიშვილი,,,adg_2025_candidates_unified.xlsx
local_2025,__main__,pr,gd,ქართული ოცნება,41,17,თელავი,37,,დალი,ხუციშვილი,დალი ხუციშვილი,,,adg_2025_candidates_unified.xlsx
local_2025,__main__,pr,gd,ქართული ოცნება,41,17,თელავი,38,,ნანა,გიგაური,ნანა გიგაური,,,adg_2025_candidates_unified.xlsx
local_2025,__main__,pr,gd,ქართული ოცნება,41,17,თელავი,39,,მაგდა,შაშვიაშვილი,მაგდა შაშვიაშვილი,,,adg_2025_candidates_unified.xlsx
local_2025,__main__,pr,gd,ქართული ოცნება,41,17,თელავი,40,,ნინო,აბუევი,ნინო აბუევი,,,adg_2025_candidates_unified.xlsx
local_2025,__main__,pr,gd,ქართული ოცნება,41,17,თელავი,41,,ია,ჭიკაძე,ია ჭიკაძე,,,adg_2025_candidates_unified.xlsx
local_2025,__main__,pr,conservatives_geo,„კონსერვატორები საქართველოსთვის“,3,18,ახმეტა,1,,ზაზა,მებაღიშვილი,ზაზა მებაღიშვილი,,,adg_2025_candidates_unified.xlsx
local_2025,__main__,pr,conservatives_geo,„კონსერვატორები საქართველოსთვის“,3,18,ახმეტა,2,,ჯემალი,ცაძიკიძე,ჯემალი ცაძიკიძე,,,adg_2025_candidates_unified.xlsx
local_2025,__main__,pr,conservatives_geo,„კონსერვატორები საქართველოსთვის“,3,18,ახმეტა,3,,ზაზა,სისაური,ზაზა სისაური,,,adg_2025_candidates_unified.xlsx
local_2025,__main__,pr,conservatives_geo,„კონსერვატორები საქართველოსთვის“,3,18,ახმეტა,5,,ავთანდილ,ბობოქაიძე,ავთანდილ ბობოქაიძე,,,adg_2025_candidates_unified.xlsx
local_2025,__main__,pr,conservatives_geo,„კონსერვატორები საქართველოსთვის“,3,18,ახმეტა,6,,არსენ,ღუზარაული,არსენ ღუზარაული,,,adg_2025_candidates_unified.xlsx
local_2025,__main__,pr,conservatives_geo,„კონსერვატორები საქართველოსთვის“,3,18,ახმეტა,7,,ჯემალი,ბაკურიძე,ჯემალი ბაკურიძე,,,adg_2025_candidates_unified.xlsx
local_2025,__main__,pr,conservatives_geo,„კონსერვატორები საქართველოსთვის“,3,18,ახმეტა,8,,ჯიმშერ,ჟანგირაშვილი,ჯიმშერ ჟანგირაშვილი,,,adg_2025_candidates_unified.xlsx
local_2025,__main__,pr,conservatives_geo,„კონსერვატორები საქართველოსთვის“,3,18,ახმეტა,9,,ზაქარია,დედაბრიშვილი,ზაქარია დედაბრიშვილი,,,adg_2025_candidates_unified.xlsx
local_2025,__main__,pr,our_georgia,„ჩვენი გაერთიანებული საქართველო“,5,18,ახმეტა,1,,აჩიკო,ფილიშვილი,აჩიკო ფილიშვილი,,,adg_2025_candidates_unified.xlsx
local_2025,__main__,pr,our_georgia,„ჩვენი გაერთიანებული საქართველო“,5,18,ახმეტა,2,,ფიქრია,ხარატიშვილი,ფიქრია ხარატიშვილი,,,adg_2025_candidates_unified.xlsx
local_2025,__main__,pr,our_georgia,„ჩვენი გაერთიანებული საქართველო“,5,18,ახმეტა,3,,ელიზბარი,ცისკარიშვილი,ელიზბარი ცისკარიშვილი,,,adg_2025_candidates_unified.xlsx
local_2025,__main__,pr,our_georgia,„ჩვენი გაერთიანებული საქართველო“,5,18,ახმეტა,4,,ლევანი,ლაგაზიძე,ლევანი ლაგაზიძე,,,adg_2025_candidates_unified.xlsx
local_2025,__main__,pr,our_georgia,„ჩვენი გაერთიანებული საქართველო“,5,18,ახმეტა,5,,გოჩა,ქებაძე,გოჩა ქებაძე,,,adg_2025_candidates_unified.xlsx
local_2025,__main__,pr,our_georgia,„ჩვენი გაერთიანებული საქართველო“,5,18,ახმეტა,6,,ეკა,ფაილოძე,ეკა ფაილოძე,,,adg_2025_candidates_unified.xlsx
local_2025,__main__,pr,our_georgia,„ჩვენი გაერთიანებული საქართველო“,5,18,ახმეტა,7,,დავითი,ბიბილაშვილი,დავითი ბიბილაშვილი,,,adg_2025_candidates_unified.xlsx
local_2025,__main__,pr,patriots,„საქართველოს პატრიოტთა ალიანსი“,8,18,ახმეტა,1,,ზვიადი,ბურდული,ზვიადი ბურდული,,,adg_2025_candidates_unified.xlsx
local_2025,__main__,pr,patriots,„საქართველოს პატრიოტთა ალიანსი“,8,18,ახმეტა,2,,გიორგი,ბურდული,გიორგი ბურდული,,,adg_2025_candidates_unified.xlsx
local_2025,__main__,pr,patriots,„საქართველოს პატრიოტთა ალიანსი“,8,18,ახმეტა,3,,მაკა,აივაზაშვილი,მაკა აივაზაშვილი,,,adg_2025_candidates_unified.xlsx
local_2025,__main__,pr,patriots,„საქართველოს პატრიოტთა ალიანსი“,8,18,ახმეტა,4,,თეონა,გაბლიანი,თეონა გაბლიანი,,,adg_2025_candidates_unified.xlsx
local_2025,__main__,pr,patriots,„საქართველოს პატრიოტთა ალიანსი“,8,18,ახმეტა,5,,ჯაბა,ბლიაძე,ჯაბა ბლიაძე,,,adg_2025_candidates_unified.xlsx
local_2025,__main__,pr,patriots,„საქართველოს პატრიოტთა ალიანსი“,8,18,ახმეტა,6,,ალექსანდრე,ვეფხვაძე,ალექსანდრე ვეფხვაძე,,,adg_2025_candidates_unified.xlsx
local_2025,__main__,pr,patriots,„საქართველოს პატრიოტთა ალიანსი“,8,18,ახმეტა,7,,კახაბერ,თეთრაძე,კახაბერ თეთრაძე,,,adg_2025_candidates_unified.xlsx
local_2025,__main__,pr,patriots,„საქართველოს პატრიოტთა ალიანსი“,8,18,ახმეტა,8,,დავით,მოლაშვილი,დავით მოლაშვილი,,,adg_2025_candidates_unified.xlsx
local_2025,__main__,pr,strong_georgia,ძლიერი საქართველო-ლელო,9,18,ახმეტა,1,,ზაზა,ხოსიაშვილი,ზაზა ხოსიაშვილი,,,adg_2025_candidates_unified.xlsx
local_2025,__main__,pr,strong_georgia,ძლიერი საქართველო-ლელო,9,18,ახმეტა,2,,ავთანდილი,ხოსიაშვილი,ავთანდილი ხოსიაშვილი,,,adg_2025_candidates_unified.xlsx
local_2025,__main__,pr,strong_georgia,ძლიერი საქართველო-ლელო,9,18,ახმეტა,3,,თინათინ,შენგელია,თინათინ შენგელია,,,adg_2025_candidates_unified.xlsx
local_2025,__main__,pr,strong_georgia,ძლიერი საქართველო-ლელო,9,18,ახმეტა,4,,ანატოლი,ქოჩიევი,ანატოლი ქოჩიევი,,,adg_2025_candidates_unified.xlsx
local_2025,__main__,pr,strong_georgia,ძლიერი საქართველო-ლელო,9,18,ახმეტა,5,,მზია,ჭიკაიძე,მზია ჭიკაიძე,,,adg_2025_candidates_unified.xlsx
local_2025,__main__,pr,strong_georgia,ძლიერი საქართველო-ლელო,9,18,ახმეტა,6,,ლაშა,თვალიაშვილი,ლაშა თვალიაშვილი,,,adg_2025_candidates_unified.xlsx
local_2025,__main__,pr,strong_georgia,ძლიერი საქართველო-ლელო,9,18,ახმეტა,7,,ალექსი,ციხელიშვილი,ალექსი ციხელიშვილი,,,adg_2025_candidates_unified.xlsx
local_2025,__main__,pr,strong_georgia,ძლიერი საქართველო-ლელო,9,18,ახმეტა,8,,ლაშა,წოწკოლაური,ლაშა წოწკოლაური,,,adg_2025_candidates_unified.xlsx
local_2025,__main__,pr,strong_georgia,ძლიერი საქართველო-ლელო,9,18,ახმეტა,9,,თეიმურაზ,კარხილაური,თეიმურაზ კარხილაური,,,adg_2025_candidates_unified.xlsx
local_2025,__main__,pr,gakharia,„გახარია საქართველოსთვის“,25,18,ახმეტა,1,,თინათინი,მოზაიძე,თინათინი მოზაიძე,,,adg_2025_candidates_unified.xlsx
local_2025,__main__,pr,gakharia,„გახარია საქართველოსთვის“,25,18,ახმეტა,2,,ლეილა,მარკოზაშვილი,ლეილა მარკოზაშვილი,,,adg_2025_candidates_unified.xlsx
local_2025,__main__,pr,gakharia,„გახარია საქართველოსთვის“,25,18,ახმეტა,3,,დავითი,მარგოშვილი,დავითი მარგოშვილი,,,adg_2025_candidates_unified.xlsx
local_2025,__main__,pr,gakharia,„გახარია საქართველოსთვის“,25,18,ახმეტა,4,,ვახტანგი,მამადაშვილი,ვახტანგი მამადაშვილი,,,adg_2025_candidates_unified.xlsx
local_2025,__main__,pr,gakharia,„გახარია საქართველოსთვის“,25,18,ახმეტა,5,,ნატალია,ბერიძე,ნატალია ბერიძე,,,adg_2025_candidates_unified.xlsx
local_2025,__main__,pr,gakharia,„გახარია საქართველოსთვის“,25,18,ახმეტა,6,,დიმიტრი,ქარჩაიძე,დიმიტრი ქარჩაიძე,,,adg_2025_candidates_unified.xlsx
local_2025,__main__,pr,gakharia,„გახარია საქართველოსთვის“,25,18,ახმეტა,7,,ელისო,მოზაიძე,ელისო მოზაიძე,,,adg_2025_candidates_unified.xlsx
local_2025,__main__,pr,gakharia,„გახარია საქართველოსთვის“,25,18,ახმეტა,8,,რევაზ,კაიშაური,რევაზ კაიშაური,,,adg_2025_candidates_unified.xlsx
local_2025,__main__,pr,gakharia,„გახარია საქართველოსთვის“,25,18,ახმეტა,9,,ზურაბ,ხალხელაური,ზურაბ ხალხელაური,,,adg_2025_candidates_unified.xlsx
local_2025,__main__,pr,gakharia,„გახარია საქართველოსთვის“,25,18,ახმეტა,10,,შორენა,თურქიაშვილი,შორენა თურქიაშვილი,,,adg_2025_candidates_unified.xlsx
local_2025,__main__,pr,gakharia,„გახარია საქართველოსთვის“,25,18,ახმეტა,11,,ივერი,ტუგულაშვილი,ივერი ტუგულაშვილი,,,adg_2025_candidates_unified.xlsx
local_2025,__main__,pr,gakharia,„გახარია საქართველოსთვის“,25,18,ახმეტა,12,,იოსები,იოსებაშვილი,იოსები იოსებაშვილი,,,adg_2025_candidates_unified.xlsx
local_2025,__main__,pr,girchi,გირჩი,36,18,ახმეტა,1,,ეკატერინე,ლონგიშვილი,ეკატერინე ლონგიშვილი,,,adg_2025_candidates_unified.xlsx
local_2025,__main__,pr,girchi,გირჩი,36,18,ახმეტა,2,,ლუკა,ცისკარიშვილი,ლუკა ცისკარიშვილი,,,adg_2025_candidates_unified.xlsx
local_2025,__main__,pr,girchi,გირჩი,36,18,ახმეტა,3,,ანდრო,ცისკარიშვილი,ანდრო ცისკარიშვილი,,,adg_2025_candidates_unified.xlsx
local_2025,__main__,pr,girchi,გირჩი,36,18,ახმეტა,4,,ლიანა,მკერვალიძე,ლიანა მკერვალიძე,,,adg_2025_candidates_unified.xlsx
local_2025,__main__,pr,girchi,გირჩი,36,18,ახმეტა,5,,თინათინ,ოსიაშვილი,თინათინ ოსიაშვილი,,,adg_2025_candidates_unified.xlsx
local_2025,__main__,pr,girchi,გირჩი,36,18,ახმეტა,6,,ევა,ცისკარიშვილი,ევა ცისკარიშვილი,,,adg_2025_candidates_unified.xlsx
local_2025,__main__,pr,gd,ქართული ოცნება,41,18,ახმეტა,1,,იოსები,ქარუმაშვილი,იოსები ქარუმაშვილი,,,adg_2025_candidates_unified.xlsx
local_2025,__main__,pr,gd,ქართული ოცნება,41,18,ახმეტა,2,,გიორგი,ქიბროწაშვილი,გიორგი ქიბროწაშვილი,,,adg_2025_candidates_unified.xlsx
local_2025,__main__,pr,gd,ქართული ოცნება,41,18,ახმეტა,3,,ლევანი,ვაჩეიშვილი,ლევანი ვაჩეიშვილი,,,adg_2025_candidates_unified.xlsx
local_2025,__main__,pr,gd,ქართული ოცნება,41,18,ახმეტა,4,,გელა,ონიაშვილი,გელა ონიაშვილი,,,adg_2025_candidates_unified.xlsx
local_2025,__main__,pr,gd,ქართული ოცნება,41,18,ახმეტა,5,,მარეხი,მამულაშვილი,მარეხი მამულაშვილი,,,adg_2025_candidates_unified.xlsx
local_2025,__main__,pr,gd,ქართული ოცნება,41,18,ახმეტა,6,,ხათუნა,იჩუაიძე,ხათუნა იჩუაიძე,,,adg_2025_candidates_unified.xlsx
local_2025,__main__,pr,gd,ქართული ოცნება,41,18,ახმეტა,7,,გიორგი,ახმეტელი,გიორგი ახმეტელი,,,adg_2025_candidates_unified.xlsx
local_2025,__main__,pr,gd,ქართული ოცნება,41,18,ახმეტა,8,,ბიძინა,ჭიჭიკლიშვილი,ბიძინა ჭიჭიკლიშვილი,,,adg_2025_candidates_unified.xlsx
local_2025,__main__,pr,gd,ქართული ოცნება,41,18,ახმეტა,9,,ანდრო,ხოხობაშვილი,ანდრო ხოხობაშვილი,,,adg_2025_candidates_unified.xlsx
local_2025,__main__,pr,gd,ქართული ოცნება,41,18,ახმეტა,10,,თამარ,ყეინიშვილი,თამარ ყეინიშვილი,,,adg_2025_candidates_unified.xlsx
local_2025,__main__,pr,gd,ქართული ოცნება,41,18,ახმეტა,11,,გელა,შაშიაშვილი,გელა შაშიაშვილი,,,adg_2025_candidates_unified.xlsx
local_2025,__main__,pr,gd,ქართული ოცნება,41,18,ახმეტა,12,,ლია,ვალაშვილი,ლია ვალაშვილი,,,adg_2025_candidates_unified.xlsx
local_2025,__main__,pr,gd,ქართული ოცნება,41,18,ახმეტა,13,,შორენა,ხოხობაშვილი,შორენა ხოხობაშვილი,,,adg_2025_candidates_unified.xlsx
local_2025,__main__,pr,gd,ქართული ოცნება,41,18,ახმეტა,14,,მერაბი,უძილაური,მერაბი უძილაური,,,adg_2025_candidates_unified.xlsx
local_2025,__main__,pr,gd,ქართული ოცნება,41,18,ახმეტა,15,,მერაბ,ზვიადაური,მერაბ ზვიადაური,,,adg_2025_candidates_unified.xlsx
local_2025,__main__,pr,gd,ქართული ოცნება,41,18,ახმეტა,16,,ირმა,ჭილაშვილი,ირმა ჭილაშვილი,,,adg_2025_candidates_unified.xlsx
local_2025,__main__,pr,gd,ქართული ოცნება,41,18,ახმეტა,17,,ადამ,სამხარაძე,ადამ სამხარაძე,,,adg_2025_candidates_unified.xlsx
local_2025,__main__,pr,gd,ქართული ოცნება,41,18,ახმეტა,18,,გიორგი,თურქიაშვილი,გიორგი თურქიაშვილი,,,adg_2025_candidates_unified.xlsx
local_2025,__main__,pr,gd,ქართული ოცნება,41,18,ახმეტა,19,,ოლეგ,საგინაშვილი,ოლეგ საგინაშვილი,,,adg_2025_candidates_unified.xlsx
local_2025,__main__,pr,gd,ქართული ოცნება,41,18,ახმეტა,20,,ლია,შათირიშვილი,ლია შათირიშვილი,,,adg_2025_candidates_unified.xlsx
local_2025,__main__,pr,gd,ქართული ოცნება,41,18,ახმეტა,21,,ციალა,ფილაშვილი,ციალა ფილაშვილი,,,adg_2025_candidates_unified.xlsx
local_2025,__main__,pr,gd,ქართული ოცნება,41,18,ახმეტა,22,,ლია,მაისურაძე,ლია მაისურაძე,,,adg_2025_candidates_unified.xlsx
local_2025,__main__,pr,gd,ქართული ოცნება,41,18,ახმეტა,23,,ზურაბ,ბაგაური,ზურაბ ბაგაური,,,adg_2025_candidates_unified.xlsx
local_2025,__main__,pr,gd,ქართული ოცნება,41,18,ახმეტა,24,,რევაზი,ჩოლოყაშვილი,რევაზი ჩოლოყაშვილი,,,adg_2025_candidates_unified.xlsx
local_2025,__main__,pr,gd,ქართული ოცნება,41,18,ახმეტა,25,,ნათია,ბერიკაშვილი,ნათია ბერიკაშვილი,,,adg_2025_candidates_unified.xlsx
local_2025,__main__,pr,gd,ქართული ოცნება,41,18,ახმეტა,26,,გურამი,გორთამაშვილი,გურამი გორთამაშვილი,,,adg_2025_candidates_unified.xlsx
local_2025,__main__,pr,gd,ქართული ოცნება,41,18,ახმეტა,27,,ზაზა,ბაგაური,ზაზა ბაგაური,,,adg_2025_candidates_unified.xlsx
local_2025,__main__,pr,gd,ქართული ოცნება,41,18,ახმეტა,28,,ნათია,ძარღუაშვილი,ნათია ძარღუაშვილი,,,adg_2025_candidates_unified.xlsx
local_2025,__main__,pr,gd,ქართული ოცნება,41,18,ახმეტა,29,,ხათუნა,მებაღიშვილი,ხათუნა მებაღიშვილი,,,adg_2025_candidates_unified.xlsx
local_2025,__main__,pr,gd,ქართული ოცნება,41,18,ახმეტა,30,,ზაზა,ბოდაველი,ზაზა ბოდაველი,,,adg_2025_candidates_unified.xlsx
local_2025,__main__,pr,conservatives_geo,„კონსერვატორები საქართველოსთვის“,3,19,თიანეთი,1,,კახაბერ,ელიზბარაშვილი,კახაბერ ელიზბარაშვილი,,,adg_2025_candidates_unified.xlsx
local_2025,__main__,pr,conservatives_geo,„კონსერვატორები საქართველოსთვის“,3,19,თიანეთი,2,,ირაკლი,ბადურაშვილი,ირაკლი ბადურაშვილი,,,adg_2025_candidates_unified.xlsx
local_2025,__main__,pr,conservatives_geo,„კონსერვატორები საქართველოსთვის“,3,19,თიანეთი,3,,გიორგი,კენკიშვილი,გიორგი კენკიშვილი,,,adg_2025_candidates_unified.xlsx
local_2025,__main__,pr,conservatives_geo,„კონსერვატორები საქართველოსთვის“,3,19,თიანეთი,4,,მალხაზ,ხოსიაური,მალხაზ ხოსიაური,,,adg_2025_candidates_unified.xlsx
local_2025,__main__,pr,conservatives_geo,„კონსერვატორები საქართველოსთვის“,3,19,თიანეთი,5,,სიმონ,ბადურაშვილი,სიმონ ბადურაშვილი,,,adg_2025_candidates_unified.xlsx
local_2025,__main__,pr,conservatives_geo,„კონსერვატორები საქართველოსთვის“,3,19,თიანეთი,6,,ხვთისო,სეთური,ხვთისო სეთური,,,adg_2025_candidates_unified.xlsx
local_2025,__main__,pr,patriots,„საქართველოს პატრიოტთა ალიანსი“,8,19,თიანეთი,1,,დავით,მეჭიაური,დავით მეჭიაური,,,adg_2025_candidates_unified.xlsx
local_2025,__main__,pr,patriots,„საქართველოს პატრიოტთა ალიანსი“,8,19,თიანეთი,2,,ზურაბ,ჯიმშიტაშვილი,ზურაბ ჯიმშიტაშვილი,,,adg_2025_candidates_unified.xlsx
local_2025,__main__,pr,patriots,„საქართველოს პატრიოტთა ალიანსი“,8,19,თიანეთი,3,,ნინო,ჭურჭელაური,ნინო ჭურჭელაური,,,adg_2025_candidates_unified.xlsx
local_2025,__main__,pr,patriots,„საქართველოს პატრიოტთა ალიანსი“,8,19,თიანეთი,4,,სანდრო,ჯიმშიტაშვილი,სანდრო ჯიმშიტაშვილი,,,adg_2025_candidates_unified.xlsx
local_2025,__main__,pr,patriots,„საქართველოს პატრიოტთა ალიანსი“,8,19,თიანეთი,5,,თეონა,გედეშური,თეონა გედეშური,,,adg_2025_candidates_unified.xlsx
local_2025,__main__,pr,patriots,„საქართველოს პატრიოტთა ალიანსი“,8,19,თიანეთი,6,,ლევან,ჭურჭელაური,ლევან ჭურჭელაური,,,adg_2025_candidates_unified.xlsx
local_2025,__main__,pr,patriots,„საქართველოს პატრიოტთა ალიანსი“,8,19,თიანეთი,7,,ზურაბ,ჯაბანიშვილი,ზურაბ ჯაბანიშვილი,,,adg_2025_candidates_unified.xlsx
local_2025,__main__,pr,patriots,„საქართველოს პატრიოტთა ალიანსი“,8,19,თიანეთი,8,,ელენე,ჯიმშიტაშვილი,ელენე ჯიმშიტაშვილი,,,adg_2025_candidates_unified.xlsx
local_2025,__main__,pr,strong_georgia,ძლიერი საქართველო-ლელო,9,19,თიანეთი,1,,გიორგი,ჯუგაშვილი,გიორგი ჯუგაშვილი,,,adg_2025_candidates_unified.xlsx
local_2025,__main__,pr,strong_georgia,ძლიერი საქართველო-ლელო,9,19,თიანეთი,2,,დოდო,ჯუგაშვილი,დოდო ჯუგაშვილი,,,adg_2025_candidates_unified.xlsx
local_2025,__main__,pr,strong_georgia,ძლიერი საქართველო-ლელო,9,19,თიანეთი,3,,თამარ,ახადელი,თამარ ახადელი,,,adg_2025_candidates_unified.xlsx
local_2025,__main__,pr,strong_georgia,ძლიერი საქართველო-ლელო,9,19,თიანეთი,4,,გიორგი,აფციაური,გიორგი აფციაური,,,adg_2025_candidates_unified.xlsx
local_2025,__main__,pr,strong_georgia,ძლიერი საქართველო-ლელო,9,19,თიანეთი,5,,ლილი,პატურაშვილი,ლილი პატურაშვილი,,,adg_2025_candidates_unified.xlsx
local_2025,__main__,pr,strong_georgia,ძლიერი საქართველო-ლელო,9,19,თიანეთი,6,,თეა,წინწკალაძე,თეა წინწკალაძე,,,adg_2025_candidates_unified.xlsx
local_2025,__main__,pr,strong_georgia,ძლიერი საქართველო-ლელო,9,19,თიანეთი,7,,მალხაზ,აფციაური,მალხაზ აფციაური,,,adg_2025_candidates_unified.xlsx
local_2025,__main__,pr,strong_georgia,ძლიერი საქართველო-ლელო,9,19,თიანეთი,8,,ამირანი,გელაშვილი,ამირანი გელაშვილი,,,adg_2025_candidates_unified.xlsx
local_2025,__main__,pr,gakharia,„გახარია საქართველოსთვის“,25,19,თიანეთი,1,,თამაზ,იარაჯული,თამაზ იარაჯული,,,adg_2025_candidates_unified.xlsx
local_2025,__main__,pr,gakharia,„გახარია საქართველოსთვის“,25,19,თიანეთი,2,,მალხაზ,დავითაშვილი,მალხაზ დავითაშვილი,,,adg_2025_candidates_unified.xlsx
local_2025,__main__,pr,gakharia,„გახარია საქართველოსთვის“,25,19,თიანეთი,3,,ნიკა,ქაჩლიშვილი,ნიკა ქაჩლიშვილი,,,adg_2025_candidates_unified.xlsx
local_2025,__main__,pr,gakharia,„გახარია საქართველოსთვის“,25,19,თიანეთი,4,,ლამარა,სომხიშვილი,ლამარა სომხიშვილი,,,adg_2025_candidates_unified.xlsx
local_2025,__main__,pr,gakharia,„გახარია საქართველოსთვის“,25,19,თიანეთი,5,,გიორგი,მამადაშვილი,გიორგი მამადაშვილი,,,adg_2025_candidates_unified.xlsx
local_2025,__main__,pr,gakharia,„გახარია საქართველოსთვის“,25,19,თიანეთი,6,,დავით,ოთარაშვილი,დავით ოთარაშვილი,,,adg_2025_candidates_unified.xlsx
local_2025,__main__,pr,gakharia,„გახარია საქართველოსთვის“,25,19,თიანეთი,7,,ტარიელ,ლეკვიაშვილი,ტარიელ ლეკვიაშვილი,,,adg_2025_candidates_unified.xlsx
local_2025,__main__,pr,gakharia,„გახარია საქართველოსთვის“,25,19,თიანეთი,8,,ქეთევან,დავითაშვილი,ქეთევან დავითაშვილი,,,adg_2025_candidates_unified.xlsx
local_2025,__main__,pr,gakharia,„გახარია საქართველოსთვის“,25,19,თიანეთი,9,,სოფიკო,დოლიაშვილი,სოფიკო დოლიაშვილი,,,adg_2025_candidates_unified.xlsx
local_2025,__main__,pr,gakharia,„გახარია საქართველოსთვის“,25,19,თიანეთი,10,,ხვიჩა,დოლიაშვილი,ხვიჩა დოლიაშვილი,,,adg_2025_candidates_unified.xlsx
local_2025,__main__,pr,gakharia,„გახარია საქართველოსთვის“,25,19,თიანეთი,11,,ირინე,იარაჯული,ირინე იარაჯული,,,adg_2025_candidates_unified.xlsx
local_2025,__main__,pr,gakharia,„გახარია საქართველოსთვის“,25,19,თიანეთი,12,,სოლომონ,იარაჯული,სოლომონ იარაჯული,,,adg_2025_candidates_unified.xlsx
local_2025,__main__,pr,gakharia,„გახარია საქართველოსთვის“,25,19,თიანეთი,13,,ზურაბ,წივილაშვილი,ზურაბ წივილაშვილი,,,adg_2025_candidates_unified.xlsx
local_2025,__main__,pr,gakharia,„გახარია საქართველოსთვის“,25,19,თიანეთი,14,,კობა,ფიცხელაური,კობა ფიცხელაური,,,adg_2025_candidates_unified.xlsx
local_2025,__main__,pr,gakharia,„გახარია საქართველოსთვის“,25,19,თიანეთი,15,,ვაჟა,პაპიაშვილი,ვაჟა პაპიაშვილი,,,adg_2025_candidates_unified.xlsx
local_2025,__main__,pr,gakharia,„გახარია საქართველოსთვის“,25,19,თიანეთი,16,,დავით,იარაჯული,დავით იარაჯული,,,adg_2025_candidates_unified.xlsx
local_2025,__main__,pr,gd,ქართული ოცნება,41,19,თიანეთი,1,,დავით,ჯიმშიტაშვილი,დავით ჯიმშიტაშვილი,,,adg_2025_candidates_unified.xlsx
local_2025,__main__,pr,gd,ქართული ოცნება,41,19,თიანეთი,2,,თამარი,არჩემაშვილი,თამარი არჩემაშვილი,,,adg_2025_candidates_unified.xlsx
local_2025,__main__,pr,gd,ქართული ოცნება,41,19,თიანეთი,3,,დავით,მგელიაშვილი,დავით მგელიაშვილი,,,adg_2025_candidates_unified.xlsx
local_2025,__main__,pr,gd,ქართული ოცნება,41,19,თიანეთი,4,,ლევან,ბალღიაშვილი,ლევან ბალღიაშვილი,,,adg_2025_candidates_unified.xlsx
local_2025,__main__,pr,gd,ქართული ოცნება,41,19,თიანეთი,5,,დავითი,ბოდაველი,დავითი ბოდაველი,,,adg_2025_candidates_unified.xlsx
local_2025,__main__,pr,gd,ქართული ოცნება,41,19,თიანეთი,6,,გიორგი,ჯიმშიტაშვილი,გიორგი ჯიმშიტაშვილი,,,adg_2025_candidates_unified.xlsx
local_2025,__main__,pr,gd,ქართული ოცნება,41,19,თიანეთი,7,,ნათია,ოქროჯანაშვილი,ნათია ოქროჯანაშვილი,,,adg_2025_candidates_unified.xlsx
local_2025,__main__,pr,gd,ქართული ოცნება,41,19,თიანეთი,8,,სოლომონ,ბოღრაშვილი,სოლომონ ბოღრაშვილი,,,adg_2025_candidates_unified.xlsx
local_2025,__main__,pr,gd,ქართული ოცნება,41,19,თიანეთი,9,,იაგო,შარაზადიშვილი,იაგო შარაზადიშვილი,,,adg_2025_candidates_unified.xlsx
local_2025,__main__,pr,gd,ქართული ოცნება,41,19,თიანეთი,10,,ირაკლი,ცალუღელაშვილი,ირაკლი ცალუღელაშვილი,,,adg_2025_candidates_unified.xlsx
local_2025,__main__,pr,gd,ქართული ოცნება,41,19,თიანეთი,11,,იაგო,ჩხუტიაშვილი,იაგო ჩხუტიაშვილი,,,adg_2025_candidates_unified.xlsx
local_2025,__main__,pr,gd,ქართული ოცნება,41,19,თიანეთი,12,,ზვიად,ზვიადაური,ზვიად ზვიადაური,,,adg_2025_candidates_unified.xlsx
local_2025,__main__,pr,gd,ქართული ოცნება,41,19,თიანეთი,13,,თამარ,ბადურაშვილი,თამარ ბადურაშვილი,,,adg_2025_candidates_unified.xlsx
local_2025,__main__,pr,gd,ქართული ოცნება,41,19,თიანეთი,14,,ავთანდილ,ლომაშვილი,ავთანდილ ლომაშვილი,,,adg_2025_candidates_unified.xlsx
local_2025,__main__,pr,gd,ქართული ოცნება,41,19,თიანეთი,15,,მანუჩარ,გოგოჭური,მანუჩარ გოგოჭური,,,adg_2025_candidates_unified.xlsx
local_2025,__main__,pr,gd,ქართული ოცნება,41,19,თიანეთი,16,,თამაზ,ფეტვიაშვილი,თამაზ ფეტვიაშვილი,,,adg_2025_candidates_unified.xlsx
local_2025,__main__,pr,gd,ქართული ოცნება,41,19,თიანეთი,17,,დავით,ფხიკლეშვილი,დავით ფხიკლეშვილი,,,adg_2025_candidates_unified.xlsx
local_2025,__main__,pr,gd,ქართული ოცნება,41,19,თიანეთი,18,,გიორგი,ბაღიაშვილი,გიორგი ბაღიაშვილი,,,adg_2025_candidates_unified.xlsx
local_2025,__main__,pr,gd,ქართული ოცნება,41,19,თიანეთი,19,,ზაზა,აბრამიშვილი,ზაზა აბრამიშვილი,,,adg_2025_candidates_unified.xlsx
local_2025,__main__,pr,gd,ქართული ოცნება,41,19,თიანეთი,20,,ბესიკ,კობაშვილი,ბესიკ კობაშვილი,,,adg_2025_candidates_unified.xlsx
local_2025,__main__,pr,gd,ქართული ოცნება,41,19,თიანეთი,21,,ელიზბარ,ქერაული,ელიზბარ ქერაული,,,adg_2025_candidates_unified.xlsx
local_2025,__main__,pr,gd,ქართული ოცნება,41,19,თიანეთი,22,,ლალი,სეხნიაშვილი,ლალი სეხნიაშვილი,,,adg_2025_candidates_unified.xlsx
local_2025,__main__,pr,gd,ქართული ოცნება,41,19,თიანეთი,23,,ნონა,მოზაიძე,ნონა მოზაიძე,,,adg_2025_candidates_unified.xlsx
local_2025,__main__,pr,gd,ქართული ოცნება,41,19,თიანეთი,24,,თეონა,ლაცაბიძე,თეონა ლაცაბიძე,,,adg_2025_candidates_unified.xlsx
local_2025,__main__,pr,gd,ქართული ოცნება,41,19,თიანეთი,25,,ვაჟა,ხახაშვილი,ვაჟა ხახაშვილი,,,adg_2025_candidates_unified.xlsx
local_2025,__main__,pr,gd,ქართული ოცნება,41,19,თიანეთი,26,,ვანო,ჯავახიშვილი,ვანო ჯავახიშვილი,,,adg_2025_candidates_unified.xlsx
local_2025,__main__,pr,gd,ქართული ოცნება,41,19,თიანეთი,27,,დავით,ჯავახიშვილი,დავით ჯავახიშვილი,,,adg_2025_candidates_unified.xlsx
local_2025,__main__,pr,conservatives_geo,„კონსერვატორები საქართველოსთვის“,3,20,რუსთავი,1,,მერაბი,გიგანი,მერაბი გიგანი,,,adg_2025_candidates_unified.xlsx
local_2025,__main__,pr,conservatives_geo,„კონსერვატორები საქართველოსთვის“,3,20,რუსთავი,2,,ზურაბი,ჭეიშვილი,ზურაბი ჭეიშვილი,,,adg_2025_candidates_unified.xlsx
local_2025,__main__,pr,conservatives_geo,„კონსერვატორები საქართველოსთვის“,3,20,რუსთავი,3,,ბესიკი,ჯალაღანია,ბესიკი ჯალაღანია,,,adg_2025_candidates_unified.xlsx
local_2025,__main__,pr,conservatives_geo,„კონსერვატორები საქართველოსთვის“,3,20,რუსთავი,4,,გიორგი,პაიჭაძე,გიორგი პაიჭაძე,,,adg_2025_candidates_unified.xlsx
local_2025,__main__,pr,conservatives_geo,„კონსერვატორები საქართველოსთვის“,3,20,რუსთავი,5,,ლევან,რეხვიაშვილი,ლევან რეხვიაშვილი,,,adg_2025_candidates_unified.xlsx
local_2025,__main__,pr,conservatives_geo,„კონსერვატორები საქართველოსთვის“,3,20,რუსთავი,6,,რუსუდანი,კურტანიძე,რუსუდანი კურტანიძე,,,adg_2025_candidates_unified.xlsx
local_2025,__main__,pr,conservatives_geo,„კონსერვატორები საქართველოსთვის“,3,20,რუსთავი,7,,ზაზა,ვერულაშვილი,ზაზა ვერულაშვილი,,,adg_2025_candidates_unified.xlsx
local_2025,__main__,pr,conservatives_geo,„კონსერვატორები საქართველოსთვის“,3,20,რუსთავი,8,,იაშა,ჩინჩალაძე,იაშა ჩინჩალაძე,,,adg_2025_candidates_unified.xlsx
local_2025,__main__,pr,conservatives_geo,„კონსერვატორები საქართველოსთვის“,3,20,რუსთავი,9,,მერაბ,დიხამინჯია,მერაბ დიხამინჯია,,,adg_2025_candidates_unified.xlsx
local_2025,__main__,pr,free_georgia,„თავისუფალი საქართველო“,7,20,რუსთავი,1,,დავით,მოძღვრიშვილი,დავით მოძღვრიშვილი,,,adg_2025_candidates_unified.xlsx
local_2025,__main__,pr,free_georgia,„თავისუფალი საქართველო“,7,20,რუსთავი,2,,დავით,ნონიკაშვილი,დავით ნონიკაშვილი,,,adg_2025_candidates_unified.xlsx
local_2025,__main__,pr,free_georgia,„თავისუფალი საქართველო“,7,20,რუსთავი,3,,თამარი,ქოსმენაშვილი,თამარი ქოსმენაშვილი,,,adg_2025_candidates_unified.xlsx
local_2025,__main__,pr,free_georgia,„თავისუფალი საქართველო“,7,20,რუსთავი,4,,ზაზა,ნონიკაშვილი,ზაზა ნონიკაშვილი,,,adg_2025_candidates_unified.xlsx
local_2025,__main__,pr,free_georgia,„თავისუფალი საქართველო“,7,20,რუსთავი,5,,მამუკა,გელაშვილი,მამუკა გელაშვილი,,,adg_2025_candidates_unified.xlsx
local_2025,__main__,pr,free_georgia,„თავისუფალი საქართველო“,7,20,რუსთავი,7,,ნუგზარი,გაგნიძე,ნუგზარი გაგნიძე,,,adg_2025_candidates_unified.xlsx
local_2025,__main__,pr,patriots,„საქართველოს პატრიოტთა ალიანსი“,8,20,რუსთავი,1,,თორნიკე,არევაძე,თორნიკე არევაძე,,,adg_2025_candidates_unified.xlsx
local_2025,__main__,pr,patriots,„საქართველოს პატრიოტთა ალიანსი“,8,20,რუსთავი,2,,ზურაბ,შათირიშვილი,ზურაბ შათირიშვილი,,,adg_2025_candidates_unified.xlsx
local_2025,__main__,pr,patriots,„საქართველოს პატრიოტთა ალიანსი“,8,20,რუსთავი,3,,ვალერიანე,კაპანაძე,ვალერიანე კაპანაძე,,,adg_2025_candidates_unified.xlsx
local_2025,__main__,pr,patriots,„საქართველოს პატრიოტთა ალიანსი“,8,20,რუსთავი,4,,დავითი,ოვაშვილი,დავითი ოვაშვილი,,,adg_2025_candidates_unified.xlsx
local_2025,__main__,pr,patriots,„საქართველოს პატრიოტთა ალიანსი“,8,20,რუსთავი,5,,ბექარ,კაპანაძე,ბექარ კაპანაძე,,,adg_2025_candidates_unified.xlsx
local_2025,__main__,pr,patriots,„საქართველოს პატრიოტთა ალიანსი“,8,20,რუსთავი,6,,ნინო,გოგიძე,ნინო გოგიძე,,,adg_2025_candidates_unified.xlsx
local_2025,__main__,pr,patriots,„საქართველოს პატრიოტთა ალიანსი“,8,20,რუსთავი,7,,გიორგი,მჭედლიძე,გიორგი მჭედლიძე,,,adg_2025_candidates_unified.xlsx
local_2025,__main__,pr,patriots,„საქართველოს პატრიოტთა ალიანსი“,8,20,რუსთავი,8,,ზვიადი,ჭიღლაძე,ზვიადი ჭიღლაძე,,,adg_2025_candidates_unified.xlsx
local_2025,__main__,pr,strong_georgia,ძლიერი საქართველო-ლელო,9,20,რუსთავი,1,,ნინო,სულაძე,ნინო სულაძე,,,adg_2025_candidates_unified.xlsx
local_2025,__main__,pr,strong_georgia,ძლიერი საქართველო-ლელო,9,20,რუსთავი,2,,დავით,სულაძე,დავით სულაძე,,,adg_2025_candidates_unified.xlsx
local_2025,__main__,pr,strong_georgia,ძლიერი საქართველო-ლელო,9,20,რუსთავი,3,,ვაჟა,კანდელაკი,ვაჟა კანდელაკი,,,adg_2025_candidates_unified.xlsx
local_2025,__main__,pr,strong_georgia,ძლიერი საქართველო-ლელო,9,20,რუსთავი,4,,ტასიკო,მოსიაშვილი,ტასიკო მოსიაშვილი,,,adg_2025_candidates_unified.xlsx
local_2025,__main__,pr,strong_georgia,ძლიერი საქართველო-ლელო,9,20,რუსთავი,5,,მაია,შამანაური,მაია შამანაური,,,adg_2025_candidates_unified.xlsx
local_2025,__main__,pr,strong_georgia,ძლიერი საქართველო-ლელო,9,20,რუსთავი,6,,ჯემალი,ნინიკური,ჯემალი ნინიკური,,,adg_2025_candidates_unified.xlsx
local_2025,__main__,pr,strong_georgia,ძლიერი საქართველო-ლელო,9,20,რუსთავი,7,,ია,ჩერქეზია,ია ჩერქეზია,,,adg_2025_candidates_unified.xlsx
local_2025,__main__,pr,strong_georgia,ძლიერი საქართველო-ლელო,9,20,რუსთავი,8,,ნანა,მექვაბიშვილი,ნანა მექვაბიშვილი,,,adg_2025_candidates_unified.xlsx
local_2025,__main__,pr,strong_georgia,ძლიერი საქართველო-ლელო,9,20,რუსთავი,9,,ნათია,ჭანკვეტაძე,ნათია ჭანკვეტაძე,,,adg_2025_candidates_unified.xlsx
local_2025,__main__,pr,strong_georgia,ძლიერი საქართველო-ლელო,9,20,რუსთავი,10,,კახა,მიმინოშვილი,კახა მიმინოშვილი,,,adg_2025_candidates_unified.xlsx
local_2025,__main__,pr,strong_georgia,ძლიერი საქართველო-ლელო,9,20,რუსთავი,11,,რამაზი,ასკურავა,რამაზი ასკურავა,,,adg_2025_candidates_unified.xlsx
local_2025,__main__,pr,peoples_power,„სახალხო ხელისუფლება“,14,20,რუსთავი,1,,ზოია,მაისაშვილი,ზოია მაისაშვილი,,,adg_2025_candidates_unified.xlsx
local_2025,__main__,pr,peoples_power,„სახალხო ხელისუფლება“,14,20,რუსთავი,2,,თემურ,ანთიძე,თემურ ანთიძე,,,adg_2025_candidates_unified.xlsx
local_2025,__main__,pr,peoples_power,„სახალხო ხელისუფლება“,14,20,რუსთავი,3,,მაია,ნეფარიძე,მაია ნეფარიძე,,,adg_2025_candidates_unified.xlsx
local_2025,__main__,pr,peoples_power,„სახალხო ხელისუფლება“,14,20,რუსთავი,4,,ედგარ,კულიევი,ედგარ კულიევი,,,adg_2025_candidates_unified.xlsx
local_2025,__main__,pr,peoples_power,„სახალხო ხელისუფლება“,14,20,რუსთავი,5,,მალხაზ,ჟღენტი,მალხაზ ჟღენტი,,,adg_2025_candidates_unified.xlsx
local_2025,__main__,pr,peoples_power,„სახალხო ხელისუფლება“,14,20,რუსთავი,6,,ივანე,ბიძინაშვილი,ივანე ბიძინაშვილი,,,adg_2025_candidates_unified.xlsx
local_2025,__main__,pr,peoples_power,„სახალხო ხელისუფლება“,14,20,რუსთავი,7,,ლაშა,მაღრაძე,ლაშა მაღრაძე,,,adg_2025_candidates_unified.xlsx
local_2025,__main__,pr,gakharia,„გახარია საქართველოსთვის“,25,20,რუსთავი,1,,ნათია,შელეგია,ნათია შელეგია,,,adg_2025_candidates_unified.xlsx
local_2025,__main__,pr,gakharia,„გახარია საქართველოსთვის“,25,20,რუსთავი,2,,ზაზა,ჯაიანი,ზაზა ჯაიანი,,,adg_2025_candidates_unified.xlsx
local_2025,__main__,pr,gakharia,„გახარია საქართველოსთვის“,25,20,რუსთავი,3,,ნოდარ,შეროზია,ნოდარ შეროზია,,,adg_2025_candidates_unified.xlsx
local_2025,__main__,pr,gakharia,„გახარია საქართველოსთვის“,25,20,რუსთავი,4,,ზვიად,დოლიძე,ზვიად დოლიძე,,,adg_2025_candidates_unified.xlsx
local_2025,__main__,pr,gakharia,„გახარია საქართველოსთვის“,25,20,რუსთავი,5,,ანა,ბეჟანიშვილი,ანა ბეჟანიშვილი,,,adg_2025_candidates_unified.xlsx
local_2025,__main__,pr,gakharia,„გახარია საქართველოსთვის“,25,20,რუსთავი,6,,ბექა,მარგველაშვილი,ბექა მარგველაშვილი,,,adg_2025_candidates_unified.xlsx
local_2025,__main__,pr,gakharia,„გახარია საქართველოსთვის“,25,20,რუსთავი,7,,ლია,რამიშვილი,ლია რამიშვილი,,,adg_2025_candidates_unified.xlsx
local_2025,__main__,pr,gakharia,„გახარია საქართველოსთვის“,25,20,რუსთავი,8,,დავით,ჩაჩხიანი,დავით ჩაჩხიანი,,,adg_2025_candidates_unified.xlsx
local_2025,__main__,pr,gakharia,„გახარია საქართველოსთვის“,25,20,რუსთავი,9,,ნუკრი,რამიშვილი,ნუკრი რამიშვილი,,,adg_2025_candidates_unified.xlsx
local_2025,__main__,pr,gakharia,„გახარია საქართველოსთვის“,25,20,რუსთავი,10,,ზვიად,ხუციშვილი,ზვიად ხუციშვილი,,,adg_2025_candidates_unified.xlsx
local_2025,__main__,pr,gakharia,„გახარია საქართველოსთვის“,25,20,რუსთავი,11,,ინგა,ყალიჩავა,ინგა ყალიჩავა,,,adg_2025_candidates_unified.xlsx
local_2025,__main__,pr,gakharia,„გახარია საქართველოსთვის“,25,20,რუსთავი,12,,კახაბერ,ზურაბაშვილი,კახაბერ ზურაბაშვილი,,,adg_2025_candidates_unified.xlsx
local_2025,__main__,pr,gakharia,„გახარია საქართველოსთვის“,25,20,რუსთავი,13,,ივეტა,ნაზარეტიანი,ივეტა ნაზარეტიანი,,,adg_2025_candidates_unified.xlsx
local_2025,__main__,pr,gakharia,„გახარია საქართველოსთვის“,25,20,რუსთავი,14,,ერმანოზი,სვიმონიშვილი,ერმანოზი სვიმონიშვილი,,,adg_2025_candidates_unified.xlsx
local_2025,__main__,pr,gakharia,„გახარია საქართველოსთვის“,25,20,რუსთავი,15,,ნინა,სამაშვილი,ნინა სამაშვილი,,,adg_2025_candidates_unified.xlsx
local_2025,__main__,pr,gakharia,„გახარია საქართველოსთვის“,25,20,რუსთავი,16,,ზურაბი,ფიფია,ზურაბი ფიფია,,,adg_2025_candidates_unified.xlsx
local_2025,__main__,pr,gakharia,„გახარია საქართველოსთვის“,25,20,რუსთავი,17,,მალხაზ,სამაშვილი,მალხაზ სამაშვილი,,,adg_2025_candidates_unified.xlsx
local_2025,__main__,pr,girchi,გირჩი,36,20,რუსთავი,1,,შოთა,ზალკალიანი,შოთა ზალკალიანი,,,adg_2025_candidates_unified.xlsx
local_2025,__main__,pr,girchi,გირჩი,36,20,რუსთავი,2,,თორნიკე,აბაშიძე,თორნიკე აბაშიძე,,,adg_2025_candidates_unified.xlsx
local_2025,__main__,pr,girchi,გირჩი,36,20,რუსთავი,3,,ილია,გამყრელიძე,ილია გამყრელიძე,,,adg_2025_candidates_unified.xlsx
local_2025,__main__,pr,girchi,გირჩი,36,20,რუსთავი,4,,ალექსი,ხვედელიძე,ალექსი ხვედელიძე,,,adg_2025_candidates_unified.xlsx
local_2025,__main__,pr,girchi,გირჩი,36,20,რუსთავი,5,,ფრიდონ,ტყემალაძე,ფრიდონ ტყემალაძე,,,adg_2025_candidates_unified.xlsx
local_2025,__main__,pr,girchi,გირჩი,36,20,რუსთავი,6,,ელგუჯა,თედორაძე,ელგუჯა თედორაძე,,,adg_2025_candidates_unified.xlsx
local_2025,__main__,pr,girchi,გირჩი,36,20,რუსთავი,7,,ანა,კონტრიძე,ანა კონტრიძე,,,adg_2025_candidates_unified.xlsx
local_2025,__main__,pr,girchi,გირჩი,36,20,რუსთავი,8,,ვლადიმერ,გვარამაძე,ვლადიმერ გვარამაძე,,,adg_2025_candidates_unified.xlsx
local_2025,__main__,pr,gd,ქართული ოცნება,41,20,რუსთავი,1,,მამუკა,რეხვიაშვილი,მამუკა რეხვიაშვილი,,,adg_2025_candidates_unified.xlsx
local_2025,__main__,pr,gd,ქართული ოცნება,41,20,რუსთავი,2,,მარინა,ლიპარტელიანი,მარინა ლიპარტელიანი,,,adg_2025_candidates_unified.xlsx
local_2025,__main__,pr,gd,ქართული ოცნება,41,20,რუსთავი,3,,მამუკა,ხელაია,მამუკა ხელაია,,,adg_2025_candidates_unified.xlsx
local_2025,__main__,pr,gd,ქართული ოცნება,41,20,რუსთავი,4,,ლაშა,ჩოფლიანი,ლაშა ჩოფლიანი,,,adg_2025_candidates_unified.xlsx
local_2025,__main__,pr,gd,ქართული ოცნება,41,20,რუსთავი,5,,გოჩა,ლორია,გოჩა ლორია,,,adg_2025_candidates_unified.xlsx
local_2025,__main__,pr,gd,ქართული ოცნება,41,20,რუსთავი,6,,ბადრი,მაჭავარიანი,ბადრი მაჭავარიანი,,,adg_2025_candidates_unified.xlsx
local_2025,__main__,pr,gd,ქართული ოცნება,41,20,რუსთავი,7,,ამირან,ჯანჯღავა,ამირან ჯანჯღავა,,,adg_2025_candidates_unified.xlsx
local_2025,__main__,pr,gd,ქართული ოცნება,41,20,რუსთავი,8,,ერეკლე,ლაცაბიძე,ერეკლე ლაცაბიძე,,,adg_2025_candidates_unified.xlsx
local_2025,__main__,pr,gd,ქართული ოცნება,41,20,რუსთავი,9,,თამარი,გოგაძე,თამარი გოგაძე,,,adg_2025_candidates_unified.xlsx
local_2025,__main__,pr,gd,ქართული ოცნება,41,20,რუსთავი,10,,გიორგი,დემეტრაშვილი,გიორგი დემეტრაშვილი,,,adg_2025_candidates_unified.xlsx
local_2025,__main__,pr,gd,ქართული ოცნება,41,20,რუსთავი,11,,ლიანა,ჯღარკავა,ლიანა ჯღარკავა,,,adg_2025_candidates_unified.xlsx
local_2025,__main__,pr,gd,ქართული ოცნება,41,20,რუსთავი,12,,გიორგი,კოკაია,გიორგი კოკაია,,,adg_2025_candidates_unified.xlsx
local_2025,__main__,pr,gd,ქართული ოცნება,41,20,რუსთავი,13,,ევტიხ,ხაჩიძე,ევტიხ ხაჩიძე,,,adg_2025_candidates_unified.xlsx
local_2025,__main__,pr,gd,ქართული ოცნება,41,20,რუსთავი,14,,არჩილი,ძამაშვილი,არჩილი ძამაშვილი,,,adg_2025_candidates_unified.xlsx
local_2025,__main__,pr,gd,ქართული ოცნება,41,20,რუსთავი,15,,ალბერტი,მესხი,ალბერტი მესხი,,,adg_2025_candidates_unified.xlsx
local_2025,__main__,pr,gd,ქართული ოცნება,41,20,რუსთავი,16,,ეთერი,ქურდიანი,ეთერი ქურდიანი,,,adg_2025_candidates_unified.xlsx
local_2025,__main__,pr,gd,ქართული ოცნება,41,20,რუსთავი,17,,შალვა,აბულაშვილი,შალვა აბულაშვილი,,,adg_2025_candidates_unified.xlsx
local_2025,__main__,pr,gd,ქართული ოცნება,41,20,რუსთავი,18,,თამარ,ჩხიკვაძე,თამარ ჩხიკვაძე,,,adg_2025_candidates_unified.xlsx
local_2025,__main__,pr,gd,ქართული ოცნება,41,20,რუსთავი,19,,ლევან,შუბითიძე,ლევან შუბითიძე,,,adg_2025_candidates_unified.xlsx
local_2025,__main__,pr,gd,ქართული ოცნება,41,20,რუსთავი,20,,რატი,ყიფიანი,რატი ყიფიანი,,,adg_2025_candidates_unified.xlsx
local_2025,__main__,pr,gd,ქართული ოცნება,41,20,რუსთავი,21,,ბაია,ალაფიშვილი,ბაია ალაფიშვილი,,,adg_2025_candidates_unified.xlsx
local_2025,__main__,pr,gd,ქართული ოცნება,41,20,რუსთავი,22,,ნათია,კაპანაძე,ნათია კაპანაძე,,,adg_2025_candidates_unified.xlsx
local_2025,__main__,pr,gd,ქართული ოცნება,41,20,რუსთავი,23,,თამარი,გულიაშვილი,თამარი გულიაშვილი,,,adg_2025_candidates_unified.xlsx
local_2025,__main__,pr,gd,ქართული ოცნება,41,20,რუსთავი,24,,გვანცა,ქემაშვილი,გვანცა ქემაშვილი,,,adg_2025_candidates_unified.xlsx
local_2025,__main__,pr,gd,ქართული ოცნება,41,20,რუსთავი,25,,ალექსანდრე,ზაზაძე,ალექსანდრე ზაზაძე,,,adg_2025_candidates_unified.xlsx
local_2025,__main__,pr,gd,ქართული ოცნება,41,20,რუსთავი,26,,ხათუნა,ცერცვაძე,ხათუნა ცერცვაძე,,,adg_2025_candidates_unified.xlsx
local_2025,__main__,pr,gd,ქართული ოცნება,41,20,რუსთავი,27,,ზურაბ,გულიაშვილი,ზურაბ გულიაშვილი,,,adg_2025_candidates_unified.xlsx
local_2025,__main__,pr,gd,ქართული ოცნება,41,20,რუსთავი,28,,მიმოზა,შულაია,მიმოზა შულაია,,,adg_2025_candidates_unified.xlsx
local_2025,__main__,pr,gd,ქართული ოცნება,41,20,რუსთავი,29,,მაია,მახარაშვილი,მაია მახარაშვილი,,,adg_2025_candidates_unified.xlsx
local_2025,__main__,pr,gd,ქართული ოცნება,41,20,რუსთავი,30,,ზაზა,კობერიძე,ზაზა კობერიძე,,,adg_2025_candidates_unified.xlsx
local_2025,__main__,pr,gd,ქართული ოცნება,41,20,რუსთავი,31,,მაია,ჟვანია,მაია ჟვანია,,,adg_2025_candidates_unified.xlsx
local_2025,__main__,pr,gd,ქართული ოცნება,41,20,რუსთავი,32,,დიმიტრი,გენგაშვილი,დიმიტრი გენგაშვილი,,,adg_2025_candidates_unified.xlsx
local_2025,__main__,pr,gd,ქართული ოცნება,41,20,რუსთავი,33,,იზა,კეთილაძე,იზა კეთილაძე,,,adg_2025_candidates_unified.xlsx
local_2025,__main__,pr,gd,ქართული ოცნება,41,20,რუსთავი,34,,ზვიადი,ჩანადირი,ზვიადი ჩანადირი,,,adg_2025_candidates_unified.xlsx
local_2025,__main__,pr,gd,ქართული ოცნება,41,20,რუსთავი,35,,მარინა,მესხი,მარინა მესხი,,,adg_2025_candidates_unified.xlsx
local_2025,__main__,pr,gd,ქართული ოცნება,41,20,რუსთავი,36,,რევაზი,გოგიძე,რევაზი გოგიძე,,,adg_2025_candidates_unified.xlsx
local_2025,__main__,pr,gd,ქართული ოცნება,41,20,რუსთავი,37,,ზურაბი,ტაბაღუა,ზურაბი ტაბაღუა,,,adg_2025_candidates_unified.xlsx
local_2025,__main__,pr,gd,ქართული ოცნება,41,20,რუსთავი,38,,ლაშა,ბუსხრიკიძე,ლაშა ბუსხრიკიძე,,,adg_2025_candidates_unified.xlsx
local_2025,__main__,pr,gd,ქართული ოცნება,41,20,რუსთავი,39,,ანა,ჩხარტიშვილი,ანა ჩხარტიშვილი,,,adg_2025_candidates_unified.xlsx
local_2025,__main__,pr,gd,ქართული ოცნება,41,20,რუსთავი,40,,ალექსანდრე,მესხი,ალექსანდრე მესხი,,,adg_2025_candidates_unified.xlsx
local_2025,__main__,pr,conservatives_geo,„კონსერვატორები საქართველოსთვის“,3,21,გარდაბანი,1,,გერმან,ქალდანი,გერმან ქალდანი,,,adg_2025_candidates_unified.xlsx
local_2025,__main__,pr,conservatives_geo,„კონსერვატორები საქართველოსთვის“,3,21,გარდაბანი,2,,ვანო,ბედიანი,ვანო ბედიანი,,,adg_2025_candidates_unified.xlsx
local_2025,__main__,pr,conservatives_geo,„კონსერვატორები საქართველოსთვის“,3,21,გარდაბანი,3,,ზურაბი,მეტრეველი,ზურაბი მეტრეველი,,,adg_2025_candidates_unified.xlsx
local_2025,__main__,pr,conservatives_geo,„კონსერვატორები საქართველოსთვის“,3,21,გარდაბანი,4,,ლევანი,სუხაშვილი,ლევანი სუხაშვილი,,,adg_2025_candidates_unified.xlsx
local_2025,__main__,pr,conservatives_geo,„კონსერვატორები საქართველოსთვის“,3,21,გარდაბანი,5,,აკაკი,შამუგია,აკაკი შამუგია,,,adg_2025_candidates_unified.xlsx
local_2025,__main__,pr,conservatives_geo,„კონსერვატორები საქართველოსთვის“,3,21,გარდაბანი,6,,აკაკი,თუთბერიძე,აკაკი თუთბერიძე,,,adg_2025_candidates_unified.xlsx
local_2025,__main__,pr,conservatives_geo,„კონსერვატორები საქართველოსთვის“,3,21,გარდაბანი,7,,ქეთევანი,მიგრიაული,ქეთევანი მიგრიაული,,,adg_2025_candidates_unified.xlsx
local_2025,__main__,pr,patriots,„საქართველოს პატრიოტთა ალიანსი“,8,21,გარდაბანი,1,,გიორგი,გაბათაშვილი,გიორგი გაბათაშვილი,,,adg_2025_candidates_unified.xlsx
local_2025,__main__,pr,patriots,„საქართველოს პატრიოტთა ალიანსი“,8,21,გარდაბანი,2,,მირიანი,ახალკაციშვილი,მირიანი ახალკაციშვილი,,,adg_2025_candidates_unified.xlsx
local_2025,__main__,pr,patriots,„საქართველოს პატრიოტთა ალიანსი“,8,21,გარდაბანი,3,,მირიანი,ბერიძიშვილი,მირიანი ბერიძიშვილი,,,adg_2025_candidates_unified.xlsx
local_2025,__main__,pr,patriots,„საქართველოს პატრიოტთა ალიანსი“,8,21,გარდაბანი,4,,იოანე,მჭედლიშვილი,იოანე მჭედლიშვილი,,,adg_2025_candidates_unified.xlsx
local_2025,__main__,pr,patriots,„საქართველოს პატრიოტთა ალიანსი“,8,21,გარდაბანი,5,,დავითი,აბრამიშვილი,დავითი აბრამიშვილი,,,adg_2025_candidates_unified.xlsx
local_2025,__main__,pr,patriots,„საქართველოს პატრიოტთა ალიანსი“,8,21,გარდაბანი,6,,ვაჟა,ბაგაშვილი,ვაჟა ბაგაშვილი,,,adg_2025_candidates_unified.xlsx
local_2025,__main__,pr,patriots,„საქართველოს პატრიოტთა ალიანსი“,8,21,გარდაბანი,8,,თამაზი,გოგრიჭიანი,თამაზი გოგრიჭიანი,,,adg_2025_candidates_unified.xlsx
local_2025,__main__,pr,patriots,„საქართველოს პატრიოტთა ალიანსი“,8,21,გარდაბანი,9,,სოინ,კაზუმოვ,სოინ კაზუმოვ,,,adg_2025_candidates_unified.xlsx
local_2025,__main__,pr,strong_georgia,ძლიერი საქართველო-ლელო,9,21,გარდაბანი,1,,კახა,გველებიანი,კახა გველებიანი,,,adg_2025_candidates_unified.xlsx
local_2025,__main__,pr,strong_georgia,ძლიერი საქართველო-ლელო,9,21,გარდაბანი,2,,ირაკლი,ზურაბიანი,ირაკლი ზურაბიანი,,,adg_2025_candidates_unified.xlsx
local_2025,__main__,pr,strong_georgia,ძლიერი საქართველო-ლელო,9,21,გარდაბანი,3,,კახა,გველებიანი,კახა გველებიანი,,,adg_2025_candidates_unified.xlsx
local_2025,__main__,pr,strong_georgia,ძლიერი საქართველო-ლელო,9,21,გარდაბანი,4,,კამრან,ასკეროვი,კამრან ასკეროვი,,,adg_2025_candidates_unified.xlsx
local_2025,__main__,pr,strong_georgia,ძლიერი საქართველო-ლელო,9,21,გარდაბანი,5,,რატი,დონღვანი,რატი დონღვანი,,,adg_2025_candidates_unified.xlsx
local_2025,__main__,pr,strong_georgia,ძლიერი საქართველო-ლელო,9,21,გარდაბანი,6,,ფარმან,შიხიევი,ფარმან შიხიევი,,,adg_2025_candidates_unified.xlsx
local_2025,__main__,pr,strong_georgia,ძლიერი საქართველო-ლელო,9,21,გარდაბანი,7,,ლევანი,აფციაური,ლევანი აფციაური,,,adg_2025_candidates_unified.xlsx
local_2025,__main__,pr,strong_georgia,ძლიერი საქართველო-ლელო,9,21,გარდაბანი,8,,გიორგი,სიხარულიძე,გიორგი სიხარულიძე,,,adg_2025_candidates_unified.xlsx
local_2025,__main__,pr,strong_georgia,ძლიერი საქართველო-ლელო,9,21,გარდაბანი,10,,ილგამ,ტაგიევი,ილგამ ტაგიევი,,,adg_2025_candidates_unified.xlsx
local_2025,__main__,pr,peoples_power,„სახალხო ხელისუფლება“,14,21,გარდაბანი,1,,ნუგზარი,ფერიაშვილი,ნუგზარი ფერიაშვილი,,,adg_2025_candidates_unified.xlsx
local_2025,__main__,pr,peoples_power,„სახალხო ხელისუფლება“,14,21,გარდაბანი,3,,ტაჯირ,მამედოვი,ტაჯირ მამედოვი,,,adg_2025_candidates_unified.xlsx
local_2025,__main__,pr,peoples_power,„სახალხო ხელისუფლება“,14,21,გარდაბანი,4,,გოგა,ნარგიზაშვილი,გოგა ნარგიზაშვილი,,,adg_2025_candidates_unified.xlsx
local_2025,__main__,pr,peoples_power,„სახალხო ხელისუფლება“,14,21,გარდაბანი,5,,იოსები,ივანიშვილი,იოსები ივანიშვილი,,,adg_2025_candidates_unified.xlsx
local_2025,__main__,pr,peoples_power,„სახალხო ხელისუფლება“,14,21,გარდაბანი,7,,მურმან,ონიანი,მურმან ონიანი,,,adg_2025_candidates_unified.xlsx
local_2025,__main__,pr,peoples_power,„სახალხო ხელისუფლება“,14,21,გარდაბანი,8,,ელისო,ბაბუხადია,ელისო ბაბუხადია,,,adg_2025_candidates_unified.xlsx
local_2025,__main__,pr,gakharia,„გახარია საქართველოსთვის“,25,21,გარდაბანი,1,,ვალიკო,ბერიძე,ვალიკო ბერიძე,,,adg_2025_candidates_unified.xlsx
local_2025,__main__,pr,gakharia,„გახარია საქართველოსთვის“,25,21,გარდაბანი,2,,აქსიონ,ჩუბინიძე,აქსიონ ჩუბინიძე,,,adg_2025_candidates_unified.xlsx
local_2025,__main__,pr,gakharia,„გახარია საქართველოსთვის“,25,21,გარდაბანი,3,,ხვიჩა,გაბაშვილი,ხვიჩა გაბაშვილი,,,adg_2025_candidates_unified.xlsx
local_2025,__main__,pr,gakharia,„გახარია საქართველოსთვის“,25,21,გარდაბანი,4,,სალომე,ლატარია,სალომე ლატარია,,,adg_2025_candidates_unified.xlsx
local_2025,__main__,pr,gakharia,„გახარია საქართველოსთვის“,25,21,გარდაბანი,5,,ვიტალი,სანაძე,ვიტალი სანაძე,,,adg_2025_candidates_unified.xlsx
local_2025,__main__,pr,gakharia,„გახარია საქართველოსთვის“,25,21,გარდაბანი,7,,ნინო,ღვინჯილია,ნინო ღვინჯილია,,,adg_2025_candidates_unified.xlsx
local_2025,__main__,pr,gakharia,„გახარია საქართველოსთვის“,25,21,გარდაბანი,8,,თემურ,კილაძე,თემურ კილაძე,,,adg_2025_candidates_unified.xlsx
local_2025,__main__,pr,gakharia,„გახარია საქართველოსთვის“,25,21,გარდაბანი,11,,ცოტნე,ბერიძე,ცოტნე ბერიძე,,,adg_2025_candidates_unified.xlsx
local_2025,__main__,pr,gd,ქართული ოცნება,41,21,გარდაბანი,1,,მიხეილ,გედეხაური,მიხეილ გედეხაური,,,adg_2025_candidates_unified.xlsx
local_2025,__main__,pr,gd,ქართული ოცნება,41,21,გარდაბანი,2,,მირზა,მირზოევი,მირზა მირზოევი,,,adg_2025_candidates_unified.xlsx
local_2025,__main__,pr,gd,ქართული ოცნება,41,21,გარდაბანი,3,,სამირ,ხიალოვი,სამირ ხიალოვი,,,adg_2025_candidates_unified.xlsx
local_2025,__main__,pr,gd,ქართული ოცნება,41,21,გარდაბანი,4,,ლია,მეტრეველი,ლია მეტრეველი,,,adg_2025_candidates_unified.xlsx
local_2025,__main__,pr,gd,ქართული ოცნება,41,21,გარდაბანი,5,,ზურაბი,ბენდელიანი,ზურაბი ბენდელიანი,,,adg_2025_candidates_unified.xlsx
local_2025,__main__,pr,gd,ქართული ოცნება,41,21,გარდაბანი,6,,ოთარი,გავაშელიშვილი,ოთარი გავაშელიშვილი,,,adg_2025_candidates_unified.xlsx
local_2025,__main__,pr,gd,ქართული ოცნება,41,21,გარდაბანი,7,,ფლორა,ასკაროვა,ფლორა ასკაროვა,,,adg_2025_candidates_unified.xlsx
local_2025,__main__,pr,gd,ქართული ოცნება,41,21,გარდაბანი,8,,ლევანი,ხმალაძე,ლევანი ხმალაძე,,,adg_2025_candidates_unified.xlsx
local_2025,__main__,pr,gd,ქართული ოცნება,41,21,გარდაბანი,9,,შახადატ,მეხრალიევი,შახადატ მეხრალიევი,,,adg_2025_candidates_unified.xlsx
local_2025,__main__,pr,gd,ქართული ოცნება,41,21,გარდაბანი,10,,ანი,მანჩხაშვილი,ანი მანჩხაშვილი,,,adg_2025_candidates_unified.xlsx
local_2025,__main__,pr,gd,ქართული ოცნება,41,21,გარდაბანი,11,,იუსუფ,მელაძე,იუსუფ მელაძე,,,adg_2025_candidates_unified.xlsx
local_2025,__main__,pr,gd,ქართული ოცნება,41,21,გარდაბანი,12,,არკადი,ფანგანი,არკადი ფანგანი,,,adg_2025_candidates_unified.xlsx
local_2025,__main__,pr,gd,ქართული ოცნება,41,21,გარდაბანი,13,,ზვიადი,ქართლოსიშვილი,ზვიადი ქართლოსიშვილი,,,adg_2025_candidates_unified.xlsx
local_2025,__main__,pr,gd,ქართული ოცნება,41,21,გარდაბანი,14,,ხვიჩა,ჩიტიაშვილი,ხვიჩა ჩიტიაშვილი,,,adg_2025_candidates_unified.xlsx
local_2025,__main__,pr,gd,ქართული ოცნება,41,21,გარდაბანი,15,,გიორგი,გამეზარდაშვილი,გიორგი გამეზარდაშვილი,,,adg_2025_candidates_unified.xlsx
local_2025,__main__,pr,gd,ქართული ოცნება,41,21,გარდაბანი,16,,ანა,დადეშქელიანი,ანა დადეშქელიანი,,,adg_2025_candidates_unified.xlsx
local_2025,__main__,pr,gd,ქართული ოცნება,41,21,გარდაბანი,17,,მალხაზ,ვახტანგიძე,მალხაზ ვახტანგიძე,,,adg_2025_candidates_unified.xlsx
local_2025,__main__,pr,gd,ქართული ოცნება,41,21,გარდაბანი,18,,ბახტიარ,ზეინალოვი,ბახტიარ ზეინალოვი,,,adg_2025_candidates_unified.xlsx
local_2025,__main__,pr,gd,ქართული ოცნება,41,21,გარდაბანი,19,,ნარიმან,ისაევი,ნარიმან ისაევი,,,adg_2025_candidates_unified.xlsx
local_2025,__main__,pr,gd,ქართული ოცნება,41,21,გარდაბანი,20,,რაუფ,აბდულაევი,რაუფ აბდულაევი,,,adg_2025_candidates_unified.xlsx
local_2025,__main__,pr,gd,ქართული ოცნება,41,21,გარდაბანი,21,,თემური,ჯანხოთელი,თემური ჯანხოთელი,,,adg_2025_candidates_unified.xlsx
local_2025,__main__,pr,gd,ქართული ოცნება,41,21,გარდაბანი,22,,ნადირ,მახმუდოვი,ნადირ მახმუდოვი,,,adg_2025_candidates_unified.xlsx
local_2025,__main__,pr,gd,ქართული ოცნება,41,21,გარდაბანი,23,,სამირ,გუსეინოვი,სამირ გუსეინოვი,,,adg_2025_candidates_unified.xlsx
local_2025,__main__,pr,gd,ქართული ოცნება,41,21,გარდაბანი,24,,შაფაგ,ორუჯევა,შაფაგ ორუჯევა,,,adg_2025_candidates_unified.xlsx
local_2025,__main__,pr,gd,ქართული ოცნება,41,21,გარდაბანი,25,,ილგარ,ხუდაევი,ილგარ ხუდაევი,,,adg_2025_candidates_unified.xlsx
local_2025,__main__,pr,gd,ქართული ოცნება,41,21,გარდაბანი,26,,მუსა,ალიევი,მუსა ალიევი,,,adg_2025_candidates_unified.xlsx
local_2025,__main__,pr,conservatives_geo,„კონსერვატორები საქართველოსთვის“,3,22,მარნეული,1,,ჯონი,ქოჩქიანი,ჯონი ქოჩქიანი,,,adg_2025_candidates_unified.xlsx
local_2025,__main__,pr,conservatives_geo,„კონსერვატორები საქართველოსთვის“,3,22,მარნეული,2,,ზაქარია,ბოლქვაძე,ზაქარია ბოლქვაძე,,,adg_2025_candidates_unified.xlsx
local_2025,__main__,pr,conservatives_geo,„კონსერვატორები საქართველოსთვის“,3,22,მარნეული,3,,სადი,ვალიევი,სადი ვალიევი,,,adg_2025_candidates_unified.xlsx
local_2025,__main__,pr,conservatives_geo,„კონსერვატორები საქართველოსთვის“,3,22,მარნეული,4,,რიტა,გუჯეჯიანი,რიტა გუჯეჯიანი,,,adg_2025_candidates_unified.xlsx
local_2025,__main__,pr,conservatives_geo,„კონსერვატორები საქართველოსთვის“,3,22,მარნეული,5,,ალეკო,გიგანი,ალეკო გიგანი,,,adg_2025_candidates_unified.xlsx
local_2025,__main__,pr,conservatives_geo,„კონსერვატორები საქართველოსთვის“,3,22,მარნეული,6,,აკაკი,გულიტაშვილი,აკაკი გულიტაშვილი,,,adg_2025_candidates_unified.xlsx
local_2025,__main__,pr,conservatives_geo,„კონსერვატორები საქართველოსთვის“,3,22,მარნეული,7,,ჟივლენი,კვიციანი,ჟივლენი კვიციანი,,,adg_2025_candidates_unified.xlsx
local_2025,__main__,pr,our_georgia,„ჩვენი გაერთიანებული საქართველო“,5,22,მარნეული,1,,აგშინ,მაგარრამოვი,აგშინ მაგარრამოვი,,,adg_2025_candidates_unified.xlsx
local_2025,__main__,pr,our_georgia,„ჩვენი გაერთიანებული საქართველო“,5,22,მარნეული,2,,სალეხ,ტაგიევი,სალეხ ტაგიევი,,,adg_2025_candidates_unified.xlsx
local_2025,__main__,pr,our_georgia,„ჩვენი გაერთიანებული საქართველო“,5,22,მარნეული,3,,შამილ,შამილოვი,შამილ შამილოვი,,,adg_2025_candidates_unified.xlsx
local_2025,__main__,pr,our_georgia,„ჩვენი გაერთიანებული საქართველო“,5,22,მარნეული,4,,ელნურ,რიზაგულიევი,ელნურ რიზაგულიევი,,,adg_2025_candidates_unified.xlsx
local_2025,__main__,pr,our_georgia,„ჩვენი გაერთიანებული საქართველო“,5,22,მარნეული,5,,სანან,ფარაჯოვი,სანან ფარაჯოვი,,,adg_2025_candidates_unified.xlsx
local_2025,__main__,pr,our_georgia,„ჩვენი გაერთიანებული საქართველო“,5,22,მარნეული,6,,რომან,ფარაჯოვი,რომან ფარაჯოვი,,,adg_2025_candidates_unified.xlsx
local_2025,__main__,pr,our_georgia,„ჩვენი გაერთიანებული საქართველო“,5,22,მარნეული,7,,ორხან,ნასიბოვი,ორხან ნასიბოვი,,,adg_2025_candidates_unified.xlsx
local_2025,__main__,pr,our_georgia,„ჩვენი გაერთიანებული საქართველო“,5,22,მარნეული,8,,შარიფ,შამილოვი,შარიფ შამილოვი,,,adg_2025_candidates_unified.xlsx
local_2025,__main__,pr,patriots,„საქართველოს პატრიოტთა ალიანსი“,8,22,მარნეული,1,,ფრიდონ,ჭოხონელიძე,ფრიდონ ჭოხონელიძე,,,adg_2025_candidates_unified.xlsx
local_2025,__main__,pr,patriots,„საქართველოს პატრიოტთა ალიანსი“,8,22,მარნეული,2,,ნინო,ჭოხონელიძე,ნინო ჭოხონელიძე,,,adg_2025_candidates_unified.xlsx
local_2025,__main__,pr,patriots,„საქართველოს პატრიოტთა ალიანსი“,8,22,მარნეული,3,,ალექსანდრე,ნაქევხრიშვილი,ალექსანდრე ნაქევხრიშვილი,,,adg_2025_candidates_unified.xlsx
local_2025,__main__,pr,patriots,„საქართველოს პატრიოტთა ალიანსი“,8,22,მარნეული,4,,ალექსანდრე,ზედგენიძე,ალექსანდრე ზედგენიძე,,,adg_2025_candidates_unified.xlsx
local_2025,__main__,pr,patriots,„საქართველოს პატრიოტთა ალიანსი“,8,22,მარნეული,5,,რუსიკო,ქველაძე,რუსიკო ქველაძე,,,adg_2025_candidates_unified.xlsx
local_2025,__main__,pr,patriots,„საქართველოს პატრიოტთა ალიანსი“,8,22,მარნეული,6,,გურამ,მელენჩუკი,გურამ მელენჩუკი,,,adg_2025_candidates_unified.xlsx
local_2025,__main__,pr,patriots,„საქართველოს პატრიოტთა ალიანსი“,8,22,მარნეული,7,,მარინა,დავაძე,მარინა დავაძე,,,adg_2025_candidates_unified.xlsx
local_2025,__main__,pr,strong_georgia,ძლიერი საქართველო-ლელო,9,22,მარნეული,1,,აგილ,მუსტაფაევი,აგილ მუსტაფაევი,,,adg_2025_candidates_unified.xlsx
local_2025,__main__,pr,strong_georgia,ძლიერი საქართველო-ლელო,9,22,მარნეული,2,,ჯეიხუნ,კარაევი,ჯეიხუნ კარაევი,,,adg_2025_candidates_unified.xlsx
local_2025,__main__,pr,strong_georgia,ძლიერი საქართველო-ლელო,9,22,მარნეული,3,,ზურაბი,სხირტლაძე,ზურაბი სხირტლაძე,,,adg_2025_candidates_unified.xlsx
local_2025,__main__,pr,strong_georgia,ძლიერი საქართველო-ლელო,9,22,მარნეული,4,,ჯეიხუნ,ახმედოვი,ჯეიხუნ ახმედოვი,,,adg_2025_candidates_unified.xlsx
local_2025,__main__,pr,strong_georgia,ძლიერი საქართველო-ლელო,9,22,მარნეული,5,,ანა,საფაროვა,ანა საფაროვა,,,adg_2025_candidates_unified.xlsx
local_2025,__main__,pr,strong_georgia,ძლიერი საქართველო-ლელო,9,22,მარნეული,6,,ბახდიიარ,გუმბატოვი,ბახდიიარ გუმბატოვი,,,adg_2025_candidates_unified.xlsx
local_2025,__main__,pr,strong_georgia,ძლიერი საქართველო-ლელო,9,22,მარნეული,7,,ადილხან,ნაიბოვი,ადილხან ნაიბოვი,,,adg_2025_candidates_unified.xlsx
local_2025,__main__,pr,strong_georgia,ძლიერი საქართველო-ლელო,9,22,მარნეული,8,,გუმბატ,ჯალილოვი,გუმბატ ჯალილოვი,,,adg_2025_candidates_unified.xlsx
local_2025,__main__,pr,strong_georgia,ძლიერი საქართველო-ლელო,9,22,მარნეული,9,,ნამიგ,ბაირამოვი,ნამიგ ბაირამოვი,,,adg_2025_candidates_unified.xlsx
local_2025,__main__,pr,strong_georgia,ძლიერი საქართველო-ლელო,9,22,მარნეული,10,,ელნურ,ნაბიევი,ელნურ ნაბიევი,,,adg_2025_candidates_unified.xlsx
local_2025,__main__,pr,strong_georgia,ძლიერი საქართველო-ლელო,9,22,მარნეული,11,,კარა,ორუჯევი,კარა ორუჯევი,,,adg_2025_candidates_unified.xlsx
local_2025,__main__,pr,strong_georgia,ძლიერი საქართველო-ლელო,9,22,მარნეული,12,,შამილ,ხალილოვი,შამილ ხალილოვი,,,adg_2025_candidates_unified.xlsx
local_2025,__main__,pr,strong_georgia,ძლიერი საქართველო-ლელო,9,22,მარნეული,13,,ნიზამი,მამედოვი,ნიზამი მამედოვი,,,adg_2025_candidates_unified.xlsx
local_2025,__main__,pr,strong_georgia,ძლიერი საქართველო-ლელო,9,22,მარნეული,14,,შოთა,ხორბალაძე,შოთა ხორბალაძე,,,adg_2025_candidates_unified.xlsx
local_2025,__main__,pr,strong_georgia,ძლიერი საქართველო-ლელო,9,22,მარნეული,15,,ფარილ,აგაჯანოვი,ფარილ აგაჯანოვი,,,adg_2025_candidates_unified.xlsx
local_2025,__main__,pr,strong_georgia,ძლიერი საქართველო-ლელო,9,22,მარნეული,16,,ეკატერინე,ფარეხელაშვილი,ეკატერინე ფარეხელაშვილი,,,adg_2025_candidates_unified.xlsx
local_2025,__main__,pr,strong_georgia,ძლიერი საქართველო-ლელო,9,22,მარნეული,17,,გიულმამედ,კასუმოვი,გიულმამედ კასუმოვი,,,adg_2025_candidates_unified.xlsx
local_2025,__main__,pr,peoples_power,„სახალხო ხელისუფლება“,14,22,მარნეული,1,,ვაქილ,სადიევი,ვაქილ სადიევი,,,adg_2025_candidates_unified.xlsx
local_2025,__main__,pr,peoples_power,„სახალხო ხელისუფლება“,14,22,მარნეული,2,,ჯუმბერი,ბესტავაშვილი,ჯუმბერი ბესტავაშვილი,,,adg_2025_candidates_unified.xlsx
local_2025,__main__,pr,peoples_power,„სახალხო ხელისუფლება“,14,22,მარნეული,3,,დარეჯან,გუჯეჯიანი,დარეჯან გუჯეჯიანი,,,adg_2025_candidates_unified.xlsx
local_2025,__main__,pr,peoples_power,„სახალხო ხელისუფლება“,14,22,მარნეული,4,,მუხტარ,მურადოვი,მუხტარ მურადოვი,,,adg_2025_candidates_unified.xlsx
local_2025,__main__,pr,peoples_power,„სახალხო ხელისუფლება“,14,22,მარნეული,5,,ნათია,გელაშვილი,ნათია გელაშვილი,,,adg_2025_candidates_unified.xlsx
local_2025,__main__,pr,peoples_power,„სახალხო ხელისუფლება“,14,22,მარნეული,6,,ჰამლეტ,კახიანი,ჰამლეტ კახიანი,,,adg_2025_candidates_unified.xlsx
local_2025,__main__,pr,peoples_power,„სახალხო ხელისუფლება“,14,22,მარნეული,7,,აბას,ჯულფაევი,აბას ჯულფაევი,,,adg_2025_candidates_unified.xlsx
local_2025,__main__,pr,peoples_power,„სახალხო ხელისუფლება“,14,22,მარნეული,8,,გიას,ისმაილოვი,გიას ისმაილოვი,,,adg_2025_candidates_unified.xlsx
local_2025,__main__,pr,peoples_power,„სახალხო ხელისუფლება“,14,22,მარნეული,9,,ინტიგამ,მუსაევი,ინტიგამ მუსაევი,,,adg_2025_candidates_unified.xlsx
local_2025,__main__,pr,peoples_power,„სახალხო ხელისუფლება“,14,22,მარნეული,10,,ელშან,სადიევი,ელშან სადიევი,,,adg_2025_candidates_unified.xlsx
local_2025,__main__,pr,peoples_power,„სახალხო ხელისუფლება“,14,22,მარნეული,11,,ახმედ,ისმაილოვი,ახმედ ისმაილოვი,,,adg_2025_candidates_unified.xlsx
local_2025,__main__,pr,peoples_power,„სახალხო ხელისუფლება“,14,22,მარნეული,12,,ელმურაზ,ნოვრუზოვი,ელმურაზ ნოვრუზოვი,,,adg_2025_candidates_unified.xlsx
local_2025,__main__,pr,peoples_power,„სახალხო ხელისუფლება“,14,22,მარნეული,13,,რაჟდენ,ბაბაქიშიევი,რაჟდენ ბაბაქიშიევი,,,adg_2025_candidates_unified.xlsx
local_2025,__main__,pr,peoples_power,„სახალხო ხელისუფლება“,14,22,მარნეული,14,,ილგარ,იუსუბოვი,ილგარ იუსუბოვი,,,adg_2025_candidates_unified.xlsx
local_2025,__main__,pr,peoples_power,„სახალხო ხელისუფლება“,14,22,მარნეული,15,,აკიფ,ზეინალოვი,აკიფ ზეინალოვი,,,adg_2025_candidates_unified.xlsx
local_2025,__main__,pr,peoples_power,„სახალხო ხელისუფლება“,14,22,მარნეული,16,,ელხან,ხალილოვი,ელხან ხალილოვი,,,adg_2025_candidates_unified.xlsx
local_2025,__main__,pr,peoples_power,„სახალხო ხელისუფლება“,14,22,მარნეული,17,,აზად,გარაევი,აზად გარაევი,,,adg_2025_candidates_unified.xlsx
local_2025,__main__,pr,peoples_power,„სახალხო ხელისუფლება“,14,22,მარნეული,18,,ამირ,მამედოვი,ამირ მამედოვი,,,adg_2025_candidates_unified.xlsx
local_2025,__main__,pr,peoples_power,„სახალხო ხელისუფლება“,14,22,მარნეული,19,,აზიზ,ჰასანოვი,აზიზ ჰასანოვი,,,adg_2025_candidates_unified.xlsx
local_2025,__main__,pr,gakharia,„გახარია საქართველოსთვის“,25,22,მარნეული,1,,ვეფხია,გურგენიშვილი,ვეფხია გურგენიშვილი,,,adg_2025_candidates_unified.xlsx
local_2025,__main__,pr,gakharia,„გახარია საქართველოსთვის“,25,22,მარნეული,2,,დავით,გურგენიშვილი,დავით გურგენიშვილი,,,adg_2025_candidates_unified.xlsx
local_2025,__main__,pr,gakharia,„გახარია საქართველოსთვის“,25,22,მარნეული,3,,რამილია,მამედოვა,რამილია მამედოვა,,,adg_2025_candidates_unified.xlsx
local_2025,__main__,pr,gakharia,„გახარია საქართველოსთვის“,25,22,მარნეული,4,,გიორგი,რუსიშვილი,გიორგი რუსიშვილი,,,adg_2025_candidates_unified.xlsx
local_2025,__main__,pr,gakharia,„გახარია საქართველოსთვის“,25,22,მარნეული,5,,ოთარ,რუხაძე,ოთარ რუხაძე,,,adg_2025_candidates_unified.xlsx
local_2025,__main__,pr,gakharia,„გახარია საქართველოსთვის“,25,22,მარნეული,6,,ინგა,დევაძე,ინგა დევაძე,,,adg_2025_candidates_unified.xlsx
local_2025,__main__,pr,gakharia,„გახარია საქართველოსთვის“,25,22,მარნეული,7,,ლაშა,ბერაძე,ლაშა ბერაძე,,,adg_2025_candidates_unified.xlsx
local_2025,__main__,pr,gakharia,„გახარია საქართველოსთვის“,25,22,მარნეული,8,,მირანდა,გოგიჩაიშვილი,მირანდა გოგიჩაიშვილი,,,adg_2025_candidates_unified.xlsx
local_2025,__main__,pr,gakharia,„გახარია საქართველოსთვის“,25,22,მარნეული,9,,მარიამ,ბერაძე,მარიამ ბერაძე,,,adg_2025_candidates_unified.xlsx
local_2025,__main__,pr,gakharia,„გახარია საქართველოსთვის“,25,22,მარნეული,10,,გელა,ნოზაძე,გელა ნოზაძე,,,adg_2025_candidates_unified.xlsx
local_2025,__main__,pr,gakharia,„გახარია საქართველოსთვის“,25,22,მარნეული,12,,ნოდარ,კორაშვილი,ნოდარ კორაშვილი,,,adg_2025_candidates_unified.xlsx
local_2025,__main__,pr,gakharia,„გახარია საქართველოსთვის“,25,22,მარნეული,13,,მერაბ,რუსიშვილი,მერაბ რუსიშვილი,,,adg_2025_candidates_unified.xlsx
local_2025,__main__,pr,gd,ქართული ოცნება,41,22,მარნეული,1,,ამირან,გიორგაძე,ამირან გიორგაძე,,,adg_2025_candidates_unified.xlsx
local_2025,__main__,pr,gd,ქართული ოცნება,41,22,მარნეული,2,,რიჩარდ,გიგანი,რიჩარდ გიგანი,,,adg_2025_candidates_unified.xlsx
local_2025,__main__,pr,gd,ქართული ოცნება,41,22,მარნეული,3,,ბესიკ,გელენიძე,ბესიკ გელენიძე,,,adg_2025_candidates_unified.xlsx
local_2025,__main__,pr,gd,ქართული ოცნება,41,22,მარნეული,4,,ადილ,ალიევი,ადილ ალიევი,,,adg_2025_candidates_unified.xlsx
local_2025,__main__,pr,gd,ქართული ოცნება,41,22,მარნეული,5,,სოსო,ინაძე,სოსო ინაძე,,,adg_2025_candidates_unified.xlsx
local_2025,__main__,pr,gd,ქართული ოცნება,41,22,მარნეული,6,,გივი,გიორგაძე,გივი გიორგაძე,,,adg_2025_candidates_unified.xlsx
local_2025,__main__,pr,gd,ქართული ოცნება,41,22,მარნეული,7,,თეონა,ფარჯიანი,თეონა ფარჯიანი,,,adg_2025_candidates_unified.xlsx
local_2025,__main__,pr,gd,ქართული ოცნება,41,22,მარნეული,8,,ზურაბ,ჭონიაშვილი,ზურაბ ჭონიაშვილი,,,adg_2025_candidates_unified.xlsx
local_2025,__main__,pr,gd,ქართული ოცნება,41,22,მარნეული,9,,ელშან,ჰასანოვი,ელშან ჰასანოვი,,,adg_2025_candidates_unified.xlsx
local_2025,__main__,pr,gd,ქართული ოცნება,41,22,მარნეული,10,,ასიფ,იუზბაშევი,ასიფ იუზბაშევი,,,adg_2025_candidates_unified.xlsx
local_2025,__main__,pr,gd,ქართული ოცნება,41,22,მარნეული,11,,მაგამედალი,ბედიევი,მაგამედალი ბედიევი,,,adg_2025_candidates_unified.xlsx
local_2025,__main__,pr,gd,ქართული ოცნება,41,22,მარნეული,12,,ანარ,დურსუნოვი,ანარ დურსუნოვი,,,adg_2025_candidates_unified.xlsx
local_2025,__main__,pr,gd,ქართული ოცნება,41,22,მარნეული,13,,აქსანა,კურბანოვა,აქსანა კურბანოვა,,,adg_2025_candidates_unified.xlsx
local_2025,__main__,pr,gd,ქართული ოცნება,41,22,მარნეული,14,,ორხან,კასუმოვი,ორხან კასუმოვი,,,adg_2025_candidates_unified.xlsx
local_2025,__main__,pr,gd,ქართული ოცნება,41,22,მარნეული,15,,რამიზ,გაჯიევი,რამიზ გაჯიევი,,,adg_2025_candidates_unified.xlsx
local_2025,__main__,pr,gd,ქართული ოცნება,41,22,მარნეული,16,,ამინ,უმბათოვი,ამინ უმბათოვი,,,adg_2025_candidates_unified.xlsx
local_2025,__main__,pr,gd,ქართული ოცნება,41,22,მარნეული,17,,მაია,გელაშვილი,მაია გელაშვილი,,,adg_2025_candidates_unified.xlsx
local_2025,__main__,pr,gd,ქართული ოცნება,41,22,მარნეული,18,,გიუნაშ,რიზაგულიევა,გიუნაშ რიზაგულიევა,,,adg_2025_candidates_unified.xlsx
local_2025,__main__,pr,gd,ქართული ოცნება,41,22,მარნეული,19,,ვუსალ,ბაირამოვი,ვუსალ ბაირამოვი,,,adg_2025_candidates_unified.xlsx
local_2025,__main__,pr,gd,ქართული ოცნება,41,22,მარნეული,20,,მედეა,გიორგაძე,მედეა გიორგაძე,,,adg_2025_candidates_unified.xlsx
local_2025,__main__,pr,gd,ქართული ოცნება,41,22,მარნეული,21,,მარიამი,გოგრიჭიანი,მარიამი გოგრიჭიანი,,,adg_2025_candidates_unified.xlsx
local_2025,__main__,pr,gd,ქართული ოცნება,41,22,მარნეული,22,,ლევან,ნავერიანი,ლევან ნავერიანი,,,adg_2025_candidates_unified.xlsx
local_2025,__main__,pr,gd,ქართული ოცნება,41,22,მარნეული,23,,თორნიკე,მთვარელიძე,თორნიკე მთვარელიძე,,,adg_2025_candidates_unified.xlsx
local_2025,__main__,pr,gd,ქართული ოცნება,41,22,მარნეული,24,,ლევან,ბექაური,ლევან ბექაური,,,adg_2025_candidates_unified.xlsx
local_2025,__main__,pr,gd,ქართული ოცნება,41,22,მარნეული,25,,ლუკა,ცარციძე,ლუკა ცარციძე,,,adg_2025_candidates_unified.xlsx
local_2025,__main__,pr,conservatives_geo,„კონსერვატორები საქართველოსთვის“,3,23,ბოლნისი,1,,გიორგი,მანდარია,გიორგი მანდარია,,,adg_2025_candidates_unified.xlsx
local_2025,__main__,pr,conservatives_geo,„კონსერვატორები საქართველოსთვის“,3,23,ბოლნისი,2,,გივი,მწყაზარიშვილი,გივი მწყაზარიშვილი,,,adg_2025_candidates_unified.xlsx
local_2025,__main__,pr,conservatives_geo,„კონსერვატორები საქართველოსთვის“,3,23,ბოლნისი,3,,გიორგი,გიორბელიძე,გიორგი გიორბელიძე,,,adg_2025_candidates_unified.xlsx
local_2025,__main__,pr,conservatives_geo,„კონსერვატორები საქართველოსთვის“,3,23,ბოლნისი,4,,გიორგი,მემანიშვილი,გიორგი მემანიშვილი,,,adg_2025_candidates_unified.xlsx
local_2025,__main__,pr,conservatives_geo,„კონსერვატორები საქართველოსთვის“,3,23,ბოლნისი,5,,თენგიზ,რეხვიაშვილი,თენგიზ რეხვიაშვილი,,,adg_2025_candidates_unified.xlsx
local_2025,__main__,pr,conservatives_geo,„კონსერვატორები საქართველოსთვის“,3,23,ბოლნისი,6,,ზაზა,მანდარია,ზაზა მანდარია,,,adg_2025_candidates_unified.xlsx
local_2025,__main__,pr,conservatives_geo,„კონსერვატორები საქართველოსთვის“,3,23,ბოლნისი,7,,საბა,ღამბაშიძე,საბა ღამბაშიძე,,,adg_2025_candidates_unified.xlsx
local_2025,__main__,pr,patriots,„საქართველოს პატრიოტთა ალიანსი“,8,23,ბოლნისი,1,,დალი,მამულაშვილი,დალი მამულაშვილი,,,adg_2025_candidates_unified.xlsx
local_2025,__main__,pr,patriots,„საქართველოს პატრიოტთა ალიანსი“,8,23,ბოლნისი,2,,მაკა,მამულაშვილი,მაკა მამულაშვილი,,,adg_2025_candidates_unified.xlsx
local_2025,__main__,pr,patriots,„საქართველოს პატრიოტთა ალიანსი“,8,23,ბოლნისი,3,,მზია,ნინიაშვილი,მზია ნინიაშვილი,,,adg_2025_candidates_unified.xlsx
local_2025,__main__,pr,patriots,„საქართველოს პატრიოტთა ალიანსი“,8,23,ბოლნისი,4,,მანანა,გოგიძე,მანანა გოგიძე,,,adg_2025_candidates_unified.xlsx
local_2025,__main__,pr,patriots,„საქართველოს პატრიოტთა ალიანსი“,8,23,ბოლნისი,5,,მზია,გურჯიშვილი,მზია გურჯიშვილი,,,adg_2025_candidates_unified.xlsx
local_2025,__main__,pr,patriots,„საქართველოს პატრიოტთა ალიანსი“,8,23,ბოლნისი,6,,რუსუდან,მენაბდიშვილი,რუსუდან მენაბდიშვილი,,,adg_2025_candidates_unified.xlsx
local_2025,__main__,pr,strong_georgia,ძლიერი საქართველო-ლელო,9,23,ბოლნისი,1,,ფაგან,გუსეინოვი,ფაგან გუსეინოვი,,,adg_2025_candidates_unified.xlsx
local_2025,__main__,pr,strong_georgia,ძლიერი საქართველო-ლელო,9,23,ბოლნისი,2,,ნურადდინ,ნაბიევი,ნურადდინ ნაბიევი,,,adg_2025_candidates_unified.xlsx
local_2025,__main__,pr,strong_georgia,ძლიერი საქართველო-ლელო,9,23,ბოლნისი,3,,ფამილ,აბდულაევი,ფამილ აბდულაევი,,,adg_2025_candidates_unified.xlsx
local_2025,__main__,pr,strong_georgia,ძლიერი საქართველო-ლელო,9,23,ბოლნისი,4,,შამამა,გასანოვა,შამამა გასანოვა,,,adg_2025_candidates_unified.xlsx
local_2025,__main__,pr,strong_georgia,ძლიერი საქართველო-ლელო,9,23,ბოლნისი,5,,ელმადინ,კურბანოვი,ელმადინ კურბანოვი,,,adg_2025_candidates_unified.xlsx
local_2025,__main__,pr,strong_georgia,ძლიერი საქართველო-ლელო,9,23,ბოლნისი,6,,იასამან,გაჯიევა,იასამან გაჯიევა,,,adg_2025_candidates_unified.xlsx
local_2025,__main__,pr,strong_georgia,ძლიერი საქართველო-ლელო,9,23,ბოლნისი,7,,ფარიდ,ახმედოვი,ფარიდ ახმედოვი,,,adg_2025_candidates_unified.xlsx
local_2025,__main__,pr,strong_georgia,ძლიერი საქართველო-ლელო,9,23,ბოლნისი,8,,საბინა,იბრაგიმოვა,საბინა იბრაგიმოვა,,,adg_2025_candidates_unified.xlsx
local_2025,__main__,pr,strong_georgia,ძლიერი საქართველო-ლელო,9,23,ბოლნისი,9,,ნარმინ,ალიევა,ნარმინ ალიევა,,,adg_2025_candidates_unified.xlsx
local_2025,__main__,pr,strong_georgia,ძლიერი საქართველო-ლელო,9,23,ბოლნისი,10,,გიულნარ,რიზაგულიევა,გიულნარ რიზაგულიევა,,,adg_2025_candidates_unified.xlsx
local_2025,__main__,pr,peoples_power,„სახალხო ხელისუფლება“,14,23,ბოლნისი,1,,რამიზ,ბაქიროვი,რამიზ ბაქიროვი,,,adg_2025_candidates_unified.xlsx
local_2025,__main__,pr,peoples_power,„სახალხო ხელისუფლება“,14,23,ბოლნისი,2,,იოსებ,ქობულაძე,იოსებ ქობულაძე,,,adg_2025_candidates_unified.xlsx
local_2025,__main__,pr,peoples_power,„სახალხო ხელისუფლება“,14,23,ბოლნისი,4,,გურამ,ავქოფაშვილი,გურამ ავქოფაშვილი,,,adg_2025_candidates_unified.xlsx
local_2025,__main__,pr,peoples_power,„სახალხო ხელისუფლება“,14,23,ბოლნისი,5,,შახალი,ბაირამოვი,შახალი ბაირამოვი,,,adg_2025_candidates_unified.xlsx
local_2025,__main__,pr,peoples_power,„სახალხო ხელისუფლება“,14,23,ბოლნისი,7,,ხანლარ,აბდულაევი,ხანლარ აბდულაევი,,,adg_2025_candidates_unified.xlsx
local_2025,__main__,pr,peoples_power,„სახალხო ხელისუფლება“,14,23,ბოლნისი,8,,ნიაზ,მირზოევი,ნიაზ მირზოევი,,,adg_2025_candidates_unified.xlsx
local_2025,__main__,pr,gakharia,„გახარია საქართველოსთვის“,25,23,ბოლნისი,1,,დავით,გვარაძე,დავით გვარაძე,,,adg_2025_candidates_unified.xlsx
local_2025,__main__,pr,gakharia,„გახარია საქართველოსთვის“,25,23,ბოლნისი,2,,ნათია,მჭედლიძე,ნათია მჭედლიძე,,,adg_2025_candidates_unified.xlsx
local_2025,__main__,pr,gakharia,„გახარია საქართველოსთვის“,25,23,ბოლნისი,3,,ირაკლი,სოლოღაშვილი,ირაკლი სოლოღაშვილი,,,adg_2025_candidates_unified.xlsx
local_2025,__main__,pr,gakharia,„გახარია საქართველოსთვის“,25,23,ბოლნისი,4,,გიორგი,ქაჯაია,გიორგი ქაჯაია,,,adg_2025_candidates_unified.xlsx
local_2025,__main__,pr,gakharia,„გახარია საქართველოსთვის“,25,23,ბოლნისი,5,,დავით,ნადირაშვილი,დავით ნადირაშვილი,,,adg_2025_candidates_unified.xlsx
local_2025,__main__,pr,gakharia,„გახარია საქართველოსთვის“,25,23,ბოლნისი,6,,ლევან,ბაშელეიშვილი,ლევან ბაშელეიშვილი,,,adg_2025_candidates_unified.xlsx
local_2025,__main__,pr,gakharia,„გახარია საქართველოსთვის“,25,23,ბოლნისი,7,,დავით,მჭედლიძე,დავით მჭედლიძე,,,adg_2025_candidates_unified.xlsx
local_2025,__main__,pr,gakharia,„გახარია საქართველოსთვის“,25,23,ბოლნისი,8,,დილგამ,გუსეინოვი,დილგამ გუსეინოვი,,,adg_2025_candidates_unified.xlsx
local_2025,__main__,pr,gd,ქართული ოცნება,41,23,ბოლნისი,1,,გიორგი,სვანიძე,გიორგი სვანიძე,,,adg_2025_candidates_unified.xlsx
local_2025,__main__,pr,gd,ქართული ოცნება,41,23,ბოლნისი,2,,გიორგი,მირიანაშვილი,გიორგი მირიანაშვილი,,,adg_2025_candidates_unified.xlsx
local_2025,__main__,pr,gd,ქართული ოცნება,41,23,ბოლნისი,3,,ნონა,რეხვიაშვილი,ნონა რეხვიაშვილი,,,adg_2025_candidates_unified.xlsx
local_2025,__main__,pr,gd,ქართული ოცნება,41,23,ბოლნისი,4,,კარა,გულმამედოვი,კარა გულმამედოვი,,,adg_2025_candidates_unified.xlsx
local_2025,__main__,pr,gd,ქართული ოცნება,41,23,ბოლნისი,5,,გიორგი,მჭედლიძე,გიორგი მჭედლიძე,,,adg_2025_candidates_unified.xlsx
local_2025,__main__,pr,gd,ქართული ოცნება,41,23,ბოლნისი,6,,ნონა,ყაველაშვილი,ნონა ყაველაშვილი,,,adg_2025_candidates_unified.xlsx
local_2025,__main__,pr,gd,ქართული ოცნება,41,23,ბოლნისი,7,,იოსებ,მუხაგულიშვილი,იოსებ მუხაგულიშვილი,,,adg_2025_candidates_unified.xlsx
local_2025,__main__,pr,gd,ქართული ოცნება,41,23,ბოლნისი,8,,ირაკლი,კოდელაშვილი,ირაკლი კოდელაშვილი,,,adg_2025_candidates_unified.xlsx
local_2025,__main__,pr,gd,ქართული ოცნება,41,23,ბოლნისი,9,,მარიამ,ბურჯალიანი,მარიამ ბურჯალიანი,,,adg_2025_candidates_unified.xlsx
local_2025,__main__,pr,gd,ქართული ოცნება,41,23,ბოლნისი,10,,ბექა,წაქაძე,ბექა წაქაძე,,,adg_2025_candidates_unified.xlsx
local_2025,__main__,pr,gd,ქართული ოცნება,41,23,ბოლნისი,11,,ირაკლი,ჯაფარიძე,ირაკლი ჯაფარიძე,,,adg_2025_candidates_unified.xlsx
local_2025,__main__,pr,gd,ქართული ოცნება,41,23,ბოლნისი,12,,მურმან,ქველაძე,მურმან ქველაძე,,,adg_2025_candidates_unified.xlsx
local_2025,__main__,pr,gd,ქართული ოცნება,41,23,ბოლნისი,13,,პაპუნა,მუშკუდიანი,პაპუნა მუშკუდიანი,,,adg_2025_candidates_unified.xlsx
local_2025,__main__,pr,gd,ქართული ოცნება,41,23,ბოლნისი,14,,იმრან,მ.გასიმოვი,იმრან მ.გასიმოვი,,,adg_2025_candidates_unified.xlsx
local_2025,__main__,pr,gd,ქართული ოცნება,41,23,ბოლნისი,15,,გელა,თამაზაშვილი,გელა თამაზაშვილი,,,adg_2025_candidates_unified.xlsx
local_2025,__main__,pr,gd,ქართული ოცნება,41,23,ბოლნისი,18,,აიშა,ახმედოვა,აიშა ახმედოვა,,,adg_2025_candidates_unified.xlsx
local_2025,__main__,pr,gd,ქართული ოცნება,41,23,ბოლნისი,19,,გიორგი,დაშნიანი,გიორგი დაშნიანი,,,adg_2025_candidates_unified.xlsx
local_2025,__main__,pr,gd,ქართული ოცნება,41,23,ბოლნისი,20,,ქეთევან,ფარქოსაძე,ქეთევან ფარქოსაძე,,,adg_2025_candidates_unified.xlsx
local_2025,__main__,pr,gd,ქართული ოცნება,41,23,ბოლნისი,21,,აბელ,მუშკუდიანი,აბელ მუშკუდიანი,,,adg_2025_candidates_unified.xlsx
local_2025,__main__,pr,gd,ქართული ოცნება,41,23,ბოლნისი,22,,ნიკა,აბდუშელიშვილი,ნიკა აბდუშელიშვილი,,,adg_2025_candidates_unified.xlsx
local_2025,__main__,pr,gd,ქართული ოცნება,41,23,ბოლნისი,23,,გიორგი,აწყვერელი,გიორგი აწყვერელი,,,adg_2025_candidates_unified.xlsx
local_2025,__main__,pr,gd,ქართული ოცნება,41,23,ბოლნისი,24,,ირაკლი,სტეფლიანი,ირაკლი სტეფლიანი,,,adg_2025_candidates_unified.xlsx
local_2025,__main__,pr,conservatives_geo,„კონსერვატორები საქართველოსთვის“,3,24,დმანისი,1,,ჯაბა,საღლიანი,ჯაბა საღლიანი,,,adg_2025_candidates_unified.xlsx
local_2025,__main__,pr,conservatives_geo,„კონსერვატორები საქართველოსთვის“,3,24,დმანისი,2,,გოჩა,ჩხვიმიანი,გოჩა ჩხვიმიანი,,,adg_2025_candidates_unified.xlsx
local_2025,__main__,pr,conservatives_geo,„კონსერვატორები საქართველოსთვის“,3,24,დმანისი,3,,პაატა,ვიბლიანი,პაატა ვიბლიანი,,,adg_2025_candidates_unified.xlsx
local_2025,__main__,pr,conservatives_geo,„კონსერვატორები საქართველოსთვის“,3,24,დმანისი,4,,ლელა,ჩხვიმიანი,ლელა ჩხვიმიანი,,,adg_2025_candidates_unified.xlsx
local_2025,__main__,pr,conservatives_geo,„კონსერვატორები საქართველოსთვის“,3,24,დმანისი,5,,შაკა,ვიბლიანი,შაკა ვიბლიანი,,,adg_2025_candidates_unified.xlsx
local_2025,__main__,pr,conservatives_geo,„კონსერვატორები საქართველოსთვის“,3,24,დმანისი,6,,გიორგი,საღლიანი,გიორგი საღლიანი,,,adg_2025_candidates_unified.xlsx
local_2025,__main__,pr,our_georgia,„ჩვენი გაერთიანებული საქართველო“,5,24,დმანისი,1,,აზიზ,მუსაევი,აზიზ მუსაევი,,,adg_2025_candidates_unified.xlsx
local_2025,__main__,pr,our_georgia,„ჩვენი გაერთიანებული საქართველო“,5,24,დმანისი,2,,ბესიკ,ასლანიშვილი,ბესიკ ასლანიშვილი,,,adg_2025_candidates_unified.xlsx
local_2025,__main__,pr,our_georgia,„ჩვენი გაერთიანებული საქართველო“,5,24,დმანისი,3,,ორხან,იბრაგიმოვი,ორხან იბრაგიმოვი,,,adg_2025_candidates_unified.xlsx
local_2025,__main__,pr,our_georgia,„ჩვენი გაერთიანებული საქართველო“,5,24,დმანისი,4,,რაშად,ალიევი,რაშად ალიევი,,,adg_2025_candidates_unified.xlsx
local_2025,__main__,pr,our_georgia,„ჩვენი გაერთიანებული საქართველო“,5,24,დმანისი,5,,მაილ,რუსტამოვი,მაილ რუსტამოვი,,,adg_2025_candidates_unified.xlsx
local_2025,__main__,pr,our_georgia,„ჩვენი გაერთიანებული საქართველო“,5,24,დმანისი,6,,რახილა,ალიევა,რახილა ალიევა,,,adg_2025_candidates_unified.xlsx
local_2025,__main__,pr,our_georgia,„ჩვენი გაერთიანებული საქართველო“,5,24,დმანისი,7,,სამანგიულ,ვალიევა,სამანგიულ ვალიევა,,,adg_2025_candidates_unified.xlsx
local_2025,__main__,pr,strong_georgia,ძლიერი საქართველო-ლელო,9,24,დმანისი,1,,ალექსანდრე,ნონიაშვილი,ალექსანდრე ნონიაშვილი,,,adg_2025_candidates_unified.xlsx
local_2025,__main__,pr,strong_georgia,ძლიერი საქართველო-ლელო,9,24,დმანისი,2,,ქამანდარ,მიქაილოვი,ქამანდარ მიქაილოვი,,,adg_2025_candidates_unified.xlsx
local_2025,__main__,pr,strong_georgia,ძლიერი საქართველო-ლელო,9,24,დმანისი,3,,ალიბაი,გასანოვი,ალიბაი გასანოვი,,,adg_2025_candidates_unified.xlsx
local_2025,__main__,pr,strong_georgia,ძლიერი საქართველო-ლელო,9,24,დმანისი,5,,ლიანა,ჭელიძე,ლიანა ჭელიძე,,,adg_2025_candidates_unified.xlsx
local_2025,__main__,pr,strong_georgia,ძლიერი საქართველო-ლელო,9,24,დმანისი,6,,დურსუნ,მურსაგულოვი,დურსუნ მურსაგულოვი,,,adg_2025_candidates_unified.xlsx
local_2025,__main__,pr,strong_georgia,ძლიერი საქართველო-ლელო,9,24,დმანისი,7,,გამიდ,მუსტაფაევი,გამიდ მუსტაფაევი,,,adg_2025_candidates_unified.xlsx
local_2025,__main__,pr,strong_georgia,ძლიერი საქართველო-ლელო,9,24,დმანისი,8,,კარამ,ოსმანოვი,კარამ ოსმანოვი,,,adg_2025_candidates_unified.xlsx
local_2025,__main__,pr,strong_georgia,ძლიერი საქართველო-ლელო,9,24,დმანისი,9,,რასიფ,გუსეინოვი,რასიფ გუსეინოვი,,,adg_2025_candidates_unified.xlsx
local_2025,__main__,pr,strong_georgia,ძლიერი საქართველო-ლელო,9,24,დმანისი,10,,ემილ,გასანოვი,ემილ გასანოვი,,,adg_2025_candidates_unified.xlsx
local_2025,__main__,pr,strong_georgia,ძლიერი საქართველო-ლელო,9,24,დმანისი,11,,ნაზაბათ,ისმაილოვი,ნაზაბათ ისმაილოვი,,,adg_2025_candidates_unified.xlsx
local_2025,__main__,pr,gakharia,„გახარია საქართველოსთვის“,25,24,დმანისი,1,,დავით,საგანელიძე,დავით საგანელიძე,,,adg_2025_candidates_unified.xlsx
local_2025,__main__,pr,gakharia,„გახარია საქართველოსთვის“,25,24,დმანისი,2,,ნინო,ჯავახიშვილი,ნინო ჯავახიშვილი,,,adg_2025_candidates_unified.xlsx
local_2025,__main__,pr,gakharia,„გახარია საქართველოსთვის“,25,24,დმანისი,3,,სალომე,კობიაშვილი,სალომე კობიაშვილი,,,adg_2025_candidates_unified.xlsx
local_2025,__main__,pr,gakharia,„გახარია საქართველოსთვის“,25,24,დმანისი,4,,მარიამ,ონიაშვილი,მარიამ ონიაშვილი,,,adg_2025_candidates_unified.xlsx
local_2025,__main__,pr,gakharia,„გახარია საქართველოსთვის“,25,24,დმანისი,5,,კობა,სანდოძე,კობა სანდოძე,,,adg_2025_candidates_unified.xlsx
local_2025,__main__,pr,gakharia,„გახარია საქართველოსთვის“,25,24,დმანისი,6,,დალი,ნარიმანიძე,დალი ნარიმანიძე,,,adg_2025_candidates_unified.xlsx
local_2025,__main__,pr,gakharia,„გახარია საქართველოსთვის“,25,24,დმანისი,7,,ანზორ,ბაზუაშვილი,ანზორ ბაზუაშვილი,,,adg_2025_candidates_unified.xlsx
local_2025,__main__,pr,gakharia,„გახარია საქართველოსთვის“,25,24,დმანისი,8,,სვეტლანა,ფარეხელაშვილი,სვეტლანა ფარეხელაშვილი,,,adg_2025_candidates_unified.xlsx
local_2025,__main__,pr,gakharia,„გახარია საქართველოსთვის“,25,24,დმანისი,9,,მზია,გოგიჩაშვილი,მზია გოგიჩაშვილი,,,adg_2025_candidates_unified.xlsx
local_2025,__main__,pr,gd,ქართული ოცნება,41,24,დმანისი,1,,პაატა,ყულიაშვილი,პაატა ყულიაშვილი,,,adg_2025_candidates_unified.xlsx
local_2025,__main__,pr,gd,ქართული ოცნება,41,24,დმანისი,2,,თურალ,ვალიევი,თურალ ვალიევი,,,adg_2025_candidates_unified.xlsx
local_2025,__main__,pr,gd,ქართული ოცნება,41,24,დმანისი,3,,მაკა,ასლანიშვილი,მაკა ასლანიშვილი,,,adg_2025_candidates_unified.xlsx
local_2025,__main__,pr,gd,ქართული ოცნება,41,24,დმანისი,4,,ლერი,ბერუაშვილი,ლერი ბერუაშვილი,,,adg_2025_candidates_unified.xlsx
local_2025,__main__,pr,gd,ქართული ოცნება,41,24,დმანისი,5,,გიორგი,გურჩიანი,გიორგი გურჩიანი,,,adg_2025_candidates_unified.xlsx
local_2025,__main__,pr,gd,ქართული ოცნება,41,24,დმანისი,6,,მურაზი,აბრამიშვილი,მურაზი აბრამიშვილი,,,adg_2025_candidates_unified.xlsx
local_2025,__main__,pr,gd,ქართული ოცნება,41,24,დმანისი,7,,ემზარი,პეტრიაშვილი,ემზარი პეტრიაშვილი,,,adg_2025_candidates_unified.xlsx
local_2025,__main__,pr,gd,ქართული ოცნება,41,24,დმანისი,8,,მაკა,ოკმელაშვილი,მაკა ოკმელაშვილი,,,adg_2025_candidates_unified.xlsx
local_2025,__main__,pr,gd,ქართული ოცნება,41,24,დმანისი,9,,მიხეილი,დაუთაშვილი,მიხეილი დაუთაშვილი,,,adg_2025_candidates_unified.xlsx
local_2025,__main__,pr,gd,ქართული ოცნება,41,24,დმანისი,10,,თეიმურაზი,მენაბდიშვილი,თეიმურაზი მენაბდიშვილი,,,adg_2025_candidates_unified.xlsx
local_2025,__main__,pr,gd,ქართული ოცნება,41,24,დმანისი,11,,სტამბულ,ისაევი,სტამბულ ისაევი,,,adg_2025_candidates_unified.xlsx
local_2025,__main__,pr,gd,ქართული ოცნება,41,24,დმანისი,12,,ლია,კავლელაშვილი,ლია კავლელაშვილი,,,adg_2025_candidates_unified.xlsx
local_2025,__main__,pr,gd,ქართული ოცნება,41,24,დმანისი,13,,ლომა,გადრანი,ლომა გადრანი,,,adg_2025_candidates_unified.xlsx
local_2025,__main__,pr,gd,ქართული ოცნება,41,24,დმანისი,14,,გოჩა,გოჩაძე,გოჩა გოჩაძე,,,adg_2025_candidates_unified.xlsx
local_2025,__main__,pr,gd,ქართული ოცნება,41,24,დმანისი,15,,ვაგიფ,მუსაევი,ვაგიფ მუსაევი,,,adg_2025_candidates_unified.xlsx
local_2025,__main__,pr,gd,ქართული ოცნება,41,24,დმანისი,16,,რობინზონი,ყულიაშვილი,რობინზონი ყულიაშვილი,,,adg_2025_candidates_unified.xlsx
local_2025,__main__,pr,gd,ქართული ოცნება,41,24,დმანისი,17,,დავით,ავალიშვილი,დავით ავალიშვილი,,,adg_2025_candidates_unified.xlsx
local_2025,__main__,pr,gd,ქართული ოცნება,41,24,დმანისი,18,,ალი,ალლაზოვი,ალი ალლაზოვი,,,adg_2025_candidates_unified.xlsx
local_2025,__main__,pr,gd,ქართული ოცნება,41,24,დმანისი,19,,ეხტირამ,ისაევი,ეხტირამ ისაევი,,,adg_2025_candidates_unified.xlsx
local_2025,__main__,pr,gd,ქართული ოცნება,41,24,დმანისი,20,,არიზ,ფაშაევი,არიზ ფაშაევი,,,adg_2025_candidates_unified.xlsx
local_2025,__main__,pr,gd,ქართული ოცნება,41,24,დმანისი,21,,ზახირ,მურვალადოვი,ზახირ მურვალადოვი,,,adg_2025_candidates_unified.xlsx
local_2025,__main__,pr,gd,ქართული ოცნება,41,24,დმანისი,22,,მეხმან,ვალიევი,მეხმან ვალიევი,,,adg_2025_candidates_unified.xlsx
local_2025,__main__,pr,gd,ქართული ოცნება,41,24,დმანისი,23,,ქეთევან,ხიზაძე,ქეთევან ხიზაძე,,,adg_2025_candidates_unified.xlsx
local_2025,__main__,pr,gd,ქართული ოცნება,41,24,დმანისი,24,,ბაილარ,სულეიმანოვი,ბაილარ სულეიმანოვი,,,adg_2025_candidates_unified.xlsx
local_2025,__main__,pr,gd,ქართული ოცნება,41,24,დმანისი,25,,მთვარისა,ქართველიშვილი,მთვარისა ქართველიშვილი,,,adg_2025_candidates_unified.xlsx
local_2025,__main__,pr,conservatives_geo,„კონსერვატორები საქართველოსთვის“,3,25,წალკა,1,,დავით,რეხვიაშვილი,დავით რეხვიაშვილი,,,adg_2025_candidates_unified.xlsx
local_2025,__main__,pr,conservatives_geo,„კონსერვატორები საქართველოსთვის“,3,25,წალკა,2,,მარლენი,კვინიკაძე,მარლენი კვინიკაძე,,,adg_2025_candidates_unified.xlsx
local_2025,__main__,pr,conservatives_geo,„კონსერვატორები საქართველოსთვის“,3,25,წალკა,3,,სილოვანი,ტუღუში,სილოვანი ტუღუში,,,adg_2025_candidates_unified.xlsx
local_2025,__main__,pr,conservatives_geo,„კონსერვატორები საქართველოსთვის“,3,25,წალკა,4,,რამაზ,მიქელაძე,რამაზ მიქელაძე,,,adg_2025_candidates_unified.xlsx
local_2025,__main__,pr,conservatives_geo,„კონსერვატორები საქართველოსთვის“,3,25,წალკა,5,,გიორგი,გოზალიშვილი,გიორგი გოზალიშვილი,,,adg_2025_candidates_unified.xlsx
local_2025,__main__,pr,conservatives_geo,„კონსერვატორები საქართველოსთვის“,3,25,წალკა,6,,ილია,საზანდრიშვილი,ილია საზანდრიშვილი,,,adg_2025_candidates_unified.xlsx
local_2025,__main__,pr,our_georgia,„ჩვენი გაერთიანებული საქართველო“,5,25,წალკა,1,,აიაზ,დალივალოვი,აიაზ დალივალოვი,,,adg_2025_candidates_unified.xlsx
local_2025,__main__,pr,our_georgia,„ჩვენი გაერთიანებული საქართველო“,5,25,წალკა,2,,ისმაილ,ორუჯოვი,ისმაილ ორუჯოვი,,,adg_2025_candidates_unified.xlsx
local_2025,__main__,pr,our_georgia,„ჩვენი გაერთიანებული საქართველო“,5,25,წალკა,3,,ელვარდი,ბადიროვი,ელვარდი ბადიროვი,,,adg_2025_candidates_unified.xlsx
local_2025,__main__,pr,our_georgia,„ჩვენი გაერთიანებული საქართველო“,5,25,წალკა,4,,თამილა,ბადიროვა,თამილა ბადიროვა,,,adg_2025_candidates_unified.xlsx
local_2025,__main__,pr,our_georgia,„ჩვენი გაერთიანებული საქართველო“,5,25,წალკა,5,,გულჯახან,კასუმოვა,გულჯახან კასუმოვა,,,adg_2025_candidates_unified.xlsx
local_2025,__main__,pr,our_georgia,„ჩვენი გაერთიანებული საქართველო“,5,25,წალკა,6,,ხადიჯა,გასიმოვა,ხადიჯა გასიმოვა,,,adg_2025_candidates_unified.xlsx
local_2025,__main__,pr,patriots,„საქართველოს პატრიოტთა ალიანსი“,8,25,წალკა,1,,მილენა,სევასტიანოვა,მილენა სევასტიანოვა,,,adg_2025_candidates_unified.xlsx
local_2025,__main__,pr,patriots,„საქართველოს პატრიოტთა ალიანსი“,8,25,წალკა,2,,ლაურა,გუროვანოვა,ლაურა გუროვანოვა,,,adg_2025_candidates_unified.xlsx
local_2025,__main__,pr,patriots,„საქართველოს პატრიოტთა ალიანსი“,8,25,წალკა,3,,ანა,ცილიკიშვილი,ანა ცილიკიშვილი,,,adg_2025_candidates_unified.xlsx
local_2025,__main__,pr,patriots,„საქართველოს პატრიოტთა ალიანსი“,8,25,წალკა,4,,ნიკა,ცილიკიშვილი,ნიკა ცილიკიშვილი,,,adg_2025_candidates_unified.xlsx
local_2025,__main__,pr,patriots,„საქართველოს პატრიოტთა ალიანსი“,8,25,წალკა,5,,მიხეილი,ნაფეტვარიძე,მიხეილი ნაფეტვარიძე,,,adg_2025_candidates_unified.xlsx
local_2025,__main__,pr,patriots,„საქართველოს პატრიოტთა ალიანსი“,8,25,წალკა,6,,თამაზ,ფრუიძე,თამაზ ფრუიძე,,,adg_2025_candidates_unified.xlsx
local_2025,__main__,pr,strong_georgia,ძლიერი საქართველო-ლელო,9,25,წალკა,1,,ზვიადი,ხორგუანი,ზვიადი ხორგუანი,,,adg_2025_candidates_unified.xlsx
local_2025,__main__,pr,strong_georgia,ძლიერი საქართველო-ლელო,9,25,წალკა,2,,ხოსროვ,ვარტერესიან,ხოსროვ ვარტერესიან,,,adg_2025_candidates_unified.xlsx
local_2025,__main__,pr,strong_georgia,ძლიერი საქართველო-ლელო,9,25,წალკა,3,,სუზანა,ნალბანდიან,სუზანა ნალბანდიან,,,adg_2025_candidates_unified.xlsx
local_2025,__main__,pr,strong_georgia,ძლიერი საქართველო-ლელო,9,25,წალკა,4,,როვშან,ლაზგიევ,როვშან ლაზგიევ,,,adg_2025_candidates_unified.xlsx
local_2025,__main__,pr,strong_georgia,ძლიერი საქართველო-ლელო,9,25,წალკა,5,,ბადრი,ბერიძე,ბადრი ბერიძე,,,adg_2025_candidates_unified.xlsx
local_2025,__main__,pr,strong_georgia,ძლიერი საქართველო-ლელო,9,25,წალკა,6,,გიორგი,ხორგუანი,გიორგი ხორგუანი,,,adg_2025_candidates_unified.xlsx
local_2025,__main__,pr,strong_georgia,ძლიერი საქართველო-ლელო,9,25,წალკა,7,,მანანა,ფალიანი,მანანა ფალიანი,,,adg_2025_candidates_unified.xlsx
local_2025,__main__,pr,strong_georgia,ძლიერი საქართველო-ლელო,9,25,წალკა,8,,შახინ,დალივალოვი,შახინ დალივალოვი,,,adg_2025_candidates_unified.xlsx
local_2025,__main__,pr,strong_georgia,ძლიერი საქართველო-ლელო,9,25,წალკა,9,,მარიკა,კვიციანი,მარიკა კვიციანი,,,adg_2025_candidates_unified.xlsx
local_2025,__main__,pr,strong_georgia,ძლიერი საქართველო-ლელო,9,25,წალკა,10,,ნონა,მამნიაშვილი,ნონა მამნიაშვილი,,,adg_2025_candidates_unified.xlsx
local_2025,__main__,pr,strong_georgia,ძლიერი საქართველო-ლელო,9,25,წალკა,11,,ავთანდილ,ირემაძე,ავთანდილ ირემაძე,,,adg_2025_candidates_unified.xlsx
local_2025,__main__,pr,peoples_power,„სახალხო ხელისუფლება“,14,25,წალკა,1,,თამაზ,მიქელაძე,თამაზ მიქელაძე,,,adg_2025_candidates_unified.xlsx
local_2025,__main__,pr,peoples_power,„სახალხო ხელისუფლება“,14,25,წალკა,2,,ბეჟან,ნაკაიძე,ბეჟან ნაკაიძე,,,adg_2025_candidates_unified.xlsx
local_2025,__main__,pr,peoples_power,„სახალხო ხელისუფლება“,14,25,წალკა,3,,ედნარ,ირემაძე,ედნარ ირემაძე,,,adg_2025_candidates_unified.xlsx
local_2025,__main__,pr,peoples_power,„სახალხო ხელისუფლება“,14,25,წალკა,4,,ბეჟან,გორგაძე,ბეჟან გორგაძე,,,adg_2025_candidates_unified.xlsx
local_2025,__main__,pr,peoples_power,„სახალხო ხელისუფლება“,14,25,წალკა,5,,ვასილ,ბერიანიძე,ვასილ ბერიანიძე,,,adg_2025_candidates_unified.xlsx
local_2025,__main__,pr,peoples_power,„სახალხო ხელისუფლება“,14,25,წალკა,6,,ოთარი,მეკეიძე,ოთარი მეკეიძე,,,adg_2025_candidates_unified.xlsx
local_2025,__main__,pr,peoples_power,„სახალხო ხელისუფლება“,14,25,წალკა,7,,ედუარდ,ზახარიანი,ედუარდ ზახარიანი,,,adg_2025_candidates_unified.xlsx
local_2025,__main__,pr,gakharia,„გახარია საქართველოსთვის“,25,25,წალკა,1,,კონსტანტინე,გაბულდანი,კონსტანტინე გაბულდანი,,,adg_2025_candidates_unified.xlsx
local_2025,__main__,pr,gakharia,„გახარია საქართველოსთვის“,25,25,წალკა,2,,დავით,უფლისაშვილი,დავით უფლისაშვილი,,,adg_2025_candidates_unified.xlsx
local_2025,__main__,pr,gakharia,„გახარია საქართველოსთვის“,25,25,წალკა,3,,ჯამბულ,ჯიმშერაძე,ჯამბულ ჯიმშერაძე,,,adg_2025_candidates_unified.xlsx
local_2025,__main__,pr,gakharia,„გახარია საქართველოსთვის“,25,25,წალკა,4,,დავით,ჩხაპელია,დავით ჩხაპელია,,,adg_2025_candidates_unified.xlsx
local_2025,__main__,pr,gakharia,„გახარია საქართველოსთვის“,25,25,წალკა,5,,ირაკლი,ბელქანია,ირაკლი ბელქანია,,,adg_2025_candidates_unified.xlsx
local_2025,__main__,pr,gakharia,„გახარია საქართველოსთვის“,25,25,წალკა,6,,მარიამი,გაბულდანი,მარიამი გაბულდანი,,,adg_2025_candidates_unified.xlsx
local_2025,__main__,pr,gakharia,„გახარია საქართველოსთვის“,25,25,წალკა,7,,თამარ,გაბულდანი,თამარ გაბულდანი,,,adg_2025_candidates_unified.xlsx
local_2025,__main__,pr,gakharia,„გახარია საქართველოსთვის“,25,25,წალკა,8,,თამილა,გაბულდანი,თამილა გაბულდანი,,,adg_2025_candidates_unified.xlsx
local_2025,__main__,pr,gakharia,„გახარია საქართველოსთვის“,25,25,წალკა,9,,ემზარ,გაბულდანი,ემზარ გაბულდანი,,,adg_2025_candidates_unified.xlsx
local_2025,__main__,pr,gd,ქართული ოცნება,41,25,წალკა,1,,ირაკლი,გიგინეიშვილი,ირაკლი გიგინეიშვილი,,,adg_2025_candidates_unified.xlsx
local_2025,__main__,pr,gd,ქართული ოცნება,41,25,წალკა,2,,ჯემალი,ბერიძე,ჯემალი ბერიძე,,,adg_2025_candidates_unified.xlsx
local_2025,__main__,pr,gd,ქართული ოცნება,41,25,წალკა,3,,ნუგზარი,ჩამურლიევი,ნუგზარი ჩამურლიევი,,,adg_2025_candidates_unified.xlsx
local_2025,__main__,pr,gd,ქართული ოცნება,41,25,წალკა,4,,მელიტონ,პაკელიანი,მელიტონ პაკელიანი,,,adg_2025_candidates_unified.xlsx
local_2025,__main__,pr,gd,ქართული ოცნება,41,25,წალკა,5,,ჯაბა,აბულაძე,ჯაბა აბულაძე,,,adg_2025_candidates_unified.xlsx
local_2025,__main__,pr,gd,ქართული ოცნება,41,25,წალკა,6,,იდა,ბალაბანოვა,იდა ბალაბანოვა,,,adg_2025_candidates_unified.xlsx
local_2025,__main__,pr,gd,ქართული ოცნება,41,25,წალკა,7,,მანანა,გულედანი,მანანა გულედანი,,,adg_2025_candidates_unified.xlsx
local_2025,__main__,pr,gd,ქართული ოცნება,41,25,წალკა,8,,ალექსეი,მუხსიევი,ალექსეი მუხსიევი,,,adg_2025_candidates_unified.xlsx
local_2025,__main__,pr,gd,ქართული ოცნება,41,25,წალკა,9,,ბადრი,ხოზრევანიძე,ბადრი ხოზრევანიძე,,,adg_2025_candidates_unified.xlsx
local_2025,__main__,pr,gd,ქართული ოცნება,41,25,წალკა,10,,გრიშა,რანიან,გრიშა რანიან,,,adg_2025_candidates_unified.xlsx
local_2025,__main__,pr,gd,ქართული ოცნება,41,25,წალკა,11,,მარინე,ირემაძე,მარინე ირემაძე,,,adg_2025_candidates_unified.xlsx
local_2025,__main__,pr,gd,ქართული ოცნება,41,25,წალკა,12,,ვახტანგი,შავაძე,ვახტანგი შავაძე,,,adg_2025_candidates_unified.xlsx
local_2025,__main__,pr,gd,ქართული ოცნება,41,25,წალკა,13,,გენად,ბოლქვაძე,გენად ბოლქვაძე,,,adg_2025_candidates_unified.xlsx
local_2025,__main__,pr,gd,ქართული ოცნება,41,25,წალკა,14,,მამუკა,გელაძე,მამუკა გელაძე,,,adg_2025_candidates_unified.xlsx
local_2025,__main__,pr,gd,ქართული ოცნება,41,25,წალკა,15,,ნუგზარ,ანთაძე,ნუგზარ ანთაძე,,,adg_2025_candidates_unified.xlsx
local_2025,__main__,pr,gd,ქართული ოცნება,41,25,წალკა,16,,ამირან,ჭელიძე,ამირან ჭელიძე,,,adg_2025_candidates_unified.xlsx
local_2025,__main__,pr,gd,ქართული ოცნება,41,25,წალკა,17,,ემზარ,გელაძე,ემზარ გელაძე,,,adg_2025_candidates_unified.xlsx
local_2025,__main__,pr,gd,ქართული ოცნება,41,25,წალკა,18,,ელდარი,გობაძე,ელდარი გობაძე,,,adg_2025_candidates_unified.xlsx
local_2025,__main__,pr,gd,ქართული ოცნება,41,25,წალკა,19,,გოგა,ფირცხელანი,გოგა ფირცხელანი,,,adg_2025_candidates_unified.xlsx
local_2025,__main__,pr,gd,ქართული ოცნება,41,25,წალკა,20,,ვაჟა,მარკოიძე,ვაჟა მარკოიძე,,,adg_2025_candidates_unified.xlsx
local_2025,__main__,pr,gd,ქართული ოცნება,41,25,წალკა,21,,მალხაზ,ქედელიძე,მალხაზ ქედელიძე,,,adg_2025_candidates_unified.xlsx
local_2025,__main__,pr,gd,ქართული ოცნება,41,25,წალკა,22,,მევლუდ,ირემაძე,მევლუდ ირემაძე,,,adg_2025_candidates_unified.xlsx
local_2025,__main__,pr,gd,ქართული ოცნება,41,25,წალკა,23,,ვასიკო,ჩხაიძე,ვასიკო ჩხაიძე,,,adg_2025_candidates_unified.xlsx
local_2025,__main__,pr,conservatives_geo,„კონსერვატორები საქართველოსთვის“,3,26,თეთრიწყარო,1,,ნოდარ,ჩხეტიანი,ნოდარ ჩხეტიანი,,,adg_2025_candidates_unified.xlsx
local_2025,__main__,pr,conservatives_geo,„კონსერვატორები საქართველოსთვის“,3,26,თეთრიწყარო,2,,ელგუჯა,გერლიანი,ელგუჯა გერლიანი,,,adg_2025_candidates_unified.xlsx
local_2025,__main__,pr,conservatives_geo,„კონსერვატორები საქართველოსთვის“,3,26,თეთრიწყარო,3,,თამაზი,თეგაძე,თამაზი თეგაძე,,,adg_2025_candidates_unified.xlsx
local_2025,__main__,pr,conservatives_geo,„კონსერვატორები საქართველოსთვის“,3,26,თეთრიწყარო,4,,გენადი,ჭკადუა,გენადი ჭკადუა,,,adg_2025_candidates_unified.xlsx
local_2025,__main__,pr,conservatives_geo,„კონსერვატორები საქართველოსთვის“,3,26,თეთრიწყარო,5,,კობა,ღოღაძე,კობა ღოღაძე,,,adg_2025_candidates_unified.xlsx
local_2025,__main__,pr,conservatives_geo,„კონსერვატორები საქართველოსთვის“,3,26,თეთრიწყარო,6,,დავით,დავითაშვილი,დავით დავითაშვილი,,,adg_2025_candidates_unified.xlsx
local_2025,__main__,pr,strong_georgia,ძლიერი საქართველო-ლელო,9,26,თეთრიწყარო,1,,გიორგი,ჭელიძე,გიორგი ჭელიძე,,,adg_2025_candidates_unified.xlsx
local_2025,__main__,pr,strong_georgia,ძლიერი საქართველო-ლელო,9,26,თეთრიწყარო,2,,ვასილი,ბექაური,ვასილი ბექაური,,,adg_2025_candidates_unified.xlsx
local_2025,__main__,pr,strong_georgia,ძლიერი საქართველო-ლელო,9,26,თეთრიწყარო,3,,ხატია,ბერიშვილი,ხატია ბერიშვილი,,,adg_2025_candidates_unified.xlsx
local_2025,__main__,pr,strong_georgia,ძლიერი საქართველო-ლელო,9,26,თეთრიწყარო,4,,ემმა,საგრადოვა,ემმა საგრადოვა,,,adg_2025_candidates_unified.xlsx
local_2025,__main__,pr,strong_georgia,ძლიერი საქართველო-ლელო,9,26,თეთრიწყარო,5,,გივი,ტარახანიანი,გივი ტარახანიანი,,,adg_2025_candidates_unified.xlsx
local_2025,__main__,pr,strong_georgia,ძლიერი საქართველო-ლელო,9,26,თეთრიწყარო,6,,ვაჟა,გაბიდაური,ვაჟა გაბიდაური,,,adg_2025_candidates_unified.xlsx
local_2025,__main__,pr,strong_georgia,ძლიერი საქართველო-ლელო,9,26,თეთრიწყარო,7,,დავით,ბერიანიძე,დავით ბერიანიძე,,,adg_2025_candidates_unified.xlsx
local_2025,__main__,pr,strong_georgia,ძლიერი საქართველო-ლელო,9,26,თეთრიწყარო,8,,დავითი,მონადირიშვილი,დავითი მონადირიშვილი,,,adg_2025_candidates_unified.xlsx
local_2025,__main__,pr,strong_georgia,ძლიერი საქართველო-ლელო,9,26,თეთრიწყარო,10,,მუხრანი,ლაიშვილი,მუხრანი ლაიშვილი,,,adg_2025_candidates_unified.xlsx
local_2025,__main__,pr,gakharia,„გახარია საქართველოსთვის“,25,26,თეთრიწყარო,1,,შალვა,ოქრუაშვილი,შალვა ოქრუაშვილი,,,adg_2025_candidates_unified.xlsx
local_2025,__main__,pr,gakharia,„გახარია საქართველოსთვის“,25,26,თეთრიწყარო,2,,გიორგი,კრიალაშვილი,გიორგი კრიალაშვილი,,,adg_2025_candidates_unified.xlsx
local_2025,__main__,pr,gakharia,„გახარია საქართველოსთვის“,25,26,თეთრიწყარო,3,,გელა,ბუცხრიკიძე,გელა ბუცხრიკიძე,,,adg_2025_candidates_unified.xlsx
local_2025,__main__,pr,gakharia,„გახარია საქართველოსთვის“,25,26,თეთრიწყარო,4,,გიორგი,ბეკოშვილი,გიორგი ბეკოშვილი,,,adg_2025_candidates_unified.xlsx
local_2025,__main__,pr,gakharia,„გახარია საქართველოსთვის“,25,26,თეთრიწყარო,5,,მაია,წირღვავა,მაია წირღვავა,,,adg_2025_candidates_unified.xlsx
local_2025,__main__,pr,gakharia,„გახარია საქართველოსთვის“,25,26,თეთრიწყარო,6,,ანა,ქარდავა,ანა ქარდავა,,,adg_2025_candidates_unified.xlsx
local_2025,__main__,pr,gakharia,„გახარია საქართველოსთვის“,25,26,თეთრიწყარო,7,,ოთარ,ბუცხრიკიძე,ოთარ ბუცხრიკიძე,,,adg_2025_candidates_unified.xlsx
local_2025,__main__,pr,gakharia,„გახარია საქართველოსთვის“,25,26,თეთრიწყარო,8,,იოსებ,კალხიტაშვილი,იოსებ კალხიტაშვილი,,,adg_2025_candidates_unified.xlsx
local_2025,__main__,pr,gakharia,„გახარია საქართველოსთვის“,25,26,თეთრიწყარო,9,,ნიკოლოზი,ტუხაშვილი,ნიკოლოზი ტუხაშვილი,,,adg_2025_candidates_unified.xlsx
local_2025,__main__,pr,gakharia,„გახარია საქართველოსთვის“,25,26,თეთრიწყარო,10,,იზა,ბუცხრიკიძე,იზა ბუცხრიკიძე,,,adg_2025_candidates_unified.xlsx
local_2025,__main__,pr,gakharia,„გახარია საქართველოსთვის“,25,26,თეთრიწყარო,11,,ტარიელ,საგინაშვილი,ტარიელ საგინაშვილი,,,adg_2025_candidates_unified.xlsx
local_2025,__main__,pr,gakharia,„გახარია საქართველოსთვის“,25,26,თეთრიწყარო,12,,მარინე,წიქარიშვილი,მარინე წიქარიშვილი,,,adg_2025_candidates_unified.xlsx
local_2025,__main__,pr,gakharia,„გახარია საქართველოსთვის“,25,26,თეთრიწყარო,14,,ნუგზარ,კალხიტაშვილი,ნუგზარ კალხიტაშვილი,,,adg_2025_candidates_unified.xlsx
local_2025,__main__,pr,gd,ქართული ოცნება,41,26,თეთრიწყარო,1,,გოჩა,თედორაძე,გოჩა თედორაძე,,,adg_2025_candidates_unified.xlsx
local_2025,__main__,pr,gd,ქართული ოცნება,41,26,თეთრიწყარო,2,,ავთანდილ,მუხაშავრია,ავთანდილ მუხაშავრია,,,adg_2025_candidates_unified.xlsx
local_2025,__main__,pr,gd,ქართული ოცნება,41,26,თეთრიწყარო,3,,რამაზ,გულბანი,რამაზ გულბანი,,,adg_2025_candidates_unified.xlsx
local_2025,__main__,pr,gd,ქართული ოცნება,41,26,თეთრიწყარო,4,,გოჩა,თეგაძე,გოჩა თეგაძე,,,adg_2025_candidates_unified.xlsx
local_2025,__main__,pr,gd,ქართული ოცნება,41,26,თეთრიწყარო,5,,ტარიელ,მამისაშვილი,ტარიელ მამისაშვილი,,,adg_2025_candidates_unified.xlsx
local_2025,__main__,pr,gd,ქართული ოცნება,41,26,თეთრიწყარო,6,,ვალერიან,სუხიტაშვილი,ვალერიან სუხიტაშვილი,,,adg_2025_candidates_unified.xlsx
local_2025,__main__,pr,gd,ქართული ოცნება,41,26,თეთრიწყარო,7,,ვასილ,კენკებაშვილი,ვასილ კენკებაშვილი,,,adg_2025_candidates_unified.xlsx
local_2025,__main__,pr,gd,ქართული ოცნება,41,26,თეთრიწყარო,8,,ბაფატ,საფაროვი,ბაფატ საფაროვი,,,adg_2025_candidates_unified.xlsx
local_2025,__main__,pr,gd,ქართული ოცნება,41,26,თეთრიწყარო,9,,მიხეილ,გაჩეჩილაძე,მიხეილ გაჩეჩილაძე,,,adg_2025_candidates_unified.xlsx
local_2025,__main__,pr,gd,ქართული ოცნება,41,26,თეთრიწყარო,10,,მამუკა,შავაძე,მამუკა შავაძე,,,adg_2025_candidates_unified.xlsx
local_2025,__main__,pr,gd,ქართული ოცნება,41,26,თეთრიწყარო,11,,ზურაბ,დალაქიშვილი,ზურაბ დალაქიშვილი,,,adg_2025_candidates_unified.xlsx
local_2025,__main__,pr,gd,ქართული ოცნება,41,26,თეთრიწყარო,12,,იამზე,მელაძე,იამზე მელაძე,,,adg_2025_candidates_unified.xlsx
local_2025,__main__,pr,gd,ქართული ოცნება,41,26,თეთრიწყარო,13,,ზურაბ,აზარიაშვილი,ზურაბ აზარიაშვილი,,,adg_2025_candidates_unified.xlsx
local_2025,__main__,pr,gd,ქართული ოცნება,41,26,თეთრიწყარო,14,,მანანა,კვიციანი,მანანა კვიციანი,,,adg_2025_candidates_unified.xlsx
local_2025,__main__,pr,gd,ქართული ოცნება,41,26,თეთრიწყარო,15,,ენვერ,ცინდელიანი,ენვერ ცინდელიანი,,,adg_2025_candidates_unified.xlsx
local_2025,__main__,pr,gd,ქართული ოცნება,41,26,თეთრიწყარო,16,,ირაკლი,ბაჯიაშვილი,ირაკლი ბაჯიაშვილი,,,adg_2025_candidates_unified.xlsx
local_2025,__main__,pr,gd,ქართული ოცნება,41,26,თეთრიწყარო,17,,ინგა,ჯაჯანიძე,ინგა ჯაჯანიძე,,,adg_2025_candidates_unified.xlsx
local_2025,__main__,pr,gd,ქართული ოცნება,41,26,თეთრიწყარო,18,,რიმა,კირაკოსიანი,რიმა კირაკოსიანი,,,adg_2025_candidates_unified.xlsx
local_2025,__main__,pr,gd,ქართული ოცნება,41,26,თეთრიწყარო,19,,ნინო,სარდლიშვილი,ნინო სარდლიშვილი,,,adg_2025_candidates_unified.xlsx
local_2025,__main__,pr,gd,ქართული ოცნება,41,26,თეთრიწყარო,20,,ანა,წიკლაური,ანა წიკლაური,,,adg_2025_candidates_unified.xlsx
local_2025,__main__,pr,gd,ქართული ოცნება,41,26,თეთრიწყარო,21,,თინა,ტიკურიშვილი,თინა ტიკურიშვილი,,,adg_2025_candidates_unified.xlsx
local_2025,__main__,pr,gd,ქართული ოცნება,41,26,თეთრიწყარო,22,,ივანე,მეგულაშვილი,ივანე მეგულაშვილი,,,adg_2025_candidates_unified.xlsx
local_2025,__main__,pr,gd,ქართული ოცნება,41,26,თეთრიწყარო,23,,ნიკა,ბაციკაძე,ნიკა ბაციკაძე,,,adg_2025_candidates_unified.xlsx
local_2025,__main__,pr,gd,ქართული ოცნება,41,26,თეთრიწყარო,24,,დათო,ზაზიაშვილი,დათო ზაზიაშვილი,,,adg_2025_candidates_unified.xlsx
local_2025,__main__,pr,conservatives_geo,„კონსერვატორები საქართველოსთვის“,3,27,მცხეთა,1,,გიორგი,გოგია,გიორგი გოგია,,,adg_2025_candidates_unified.xlsx
local_2025,__main__,pr,conservatives_geo,„კონსერვატორები საქართველოსთვის“,3,27,მცხეთა,2,,თენგიზ,ვეშაგური,თენგიზ ვეშაგური,,,adg_2025_candidates_unified.xlsx
local_2025,__main__,pr,conservatives_geo,„კონსერვატორები საქართველოსთვის“,3,27,მცხეთა,3,,ლაშა,შარუხია,ლაშა შარუხია,,,adg_2025_candidates_unified.xlsx
local_2025,__main__,pr,conservatives_geo,„კონსერვატორები საქართველოსთვის“,3,27,მცხეთა,4,,ზაქარია,მელაძე,ზაქარია მელაძე,,,adg_2025_candidates_unified.xlsx
local_2025,__main__,pr,conservatives_geo,„კონსერვატორები საქართველოსთვის“,3,27,მცხეთა,5,,თინათინი,თინიკაშვილი,თინათინი თინიკაშვილი,,,adg_2025_candidates_unified.xlsx
local_2025,__main__,pr,conservatives_geo,„კონსერვატორები საქართველოსთვის“,3,27,მცხეთა,6,,ზურაბ,ბუჩუკური,ზურაბ ბუჩუკური,,,adg_2025_candidates_unified.xlsx
local_2025,__main__,pr,conservatives_geo,„კონსერვატორები საქართველოსთვის“,3,27,მცხეთა,7,,მზია,ბეკურაშვილი,მზია ბეკურაშვილი,,,adg_2025_candidates_unified.xlsx
local_2025,__main__,pr,conservatives_geo,„კონსერვატორები საქართველოსთვის“,3,27,მცხეთა,8,,ბესიკ,კობაიძე,ბესიკ კობაიძე,,,adg_2025_candidates_unified.xlsx
local_2025,__main__,pr,patriots,„საქართველოს პატრიოტთა ალიანსი“,8,27,მცხეთა,1,,გივი,ქურციკიძე,გივი ქურციკიძე,,,adg_2025_candidates_unified.xlsx
local_2025,__main__,pr,patriots,„საქართველოს პატრიოტთა ალიანსი“,8,27,მცხეთა,2,,თეიმურაზ,ბერუაშვილი,თეიმურაზ ბერუაშვილი,,,adg_2025_candidates_unified.xlsx
local_2025,__main__,pr,patriots,„საქართველოს პატრიოტთა ალიანსი“,8,27,მცხეთა,4,,ქეთევან,გოზალიშვილი,ქეთევან გოზალიშვილი,,,adg_2025_candidates_unified.xlsx
local_2025,__main__,pr,patriots,„საქართველოს პატრიოტთა ალიანსი“,8,27,მცხეთა,5,,გიორგი,არჩვაძე,გიორგი არჩვაძე,,,adg_2025_candidates_unified.xlsx
local_2025,__main__,pr,patriots,„საქართველოს პატრიოტთა ალიანსი“,8,27,მცხეთა,6,,როინ,აბრამაშვილი,როინ აბრამაშვილი,,,adg_2025_candidates_unified.xlsx
local_2025,__main__,pr,patriots,„საქართველოს პატრიოტთა ალიანსი“,8,27,მცხეთა,7,,რევაზ,არჩვაძე,რევაზ არჩვაძე,,,adg_2025_candidates_unified.xlsx
local_2025,__main__,pr,strong_georgia,ძლიერი საქართველო-ლელო,9,27,მცხეთა,1,,ივანე,ჯირკვალიძე,ივანე ჯირკვალიძე,,,adg_2025_candidates_unified.xlsx
local_2025,__main__,pr,strong_georgia,ძლიერი საქართველო-ლელო,9,27,მცხეთა,2,,ზურაბ,კობახიძე,ზურაბ კობახიძე,,,adg_2025_candidates_unified.xlsx
local_2025,__main__,pr,strong_georgia,ძლიერი საქართველო-ლელო,9,27,მცხეთა,3,,ზამინა,ბაბაევი,ზამინა ბაბაევი,,,adg_2025_candidates_unified.xlsx
local_2025,__main__,pr,strong_georgia,ძლიერი საქართველო-ლელო,9,27,მცხეთა,4,,ირინა,მიდელაური,ირინა მიდელაური,,,adg_2025_candidates_unified.xlsx
local_2025,__main__,pr,strong_georgia,ძლიერი საქართველო-ლელო,9,27,მცხეთა,5,,შალვა,მელქაძე,შალვა მელქაძე,,,adg_2025_candidates_unified.xlsx
local_2025,__main__,pr,strong_georgia,ძლიერი საქართველო-ლელო,9,27,მცხეთა,6,,გიორგი,ხუტაშვილი,გიორგი ხუტაშვილი,,,adg_2025_candidates_unified.xlsx
local_2025,__main__,pr,strong_georgia,ძლიერი საქართველო-ლელო,9,27,მცხეთა,7,,ედუარდი,ჯანგირაშვილი,ედუარდი ჯანგირაშვილი,,,adg_2025_candidates_unified.xlsx
local_2025,__main__,pr,strong_georgia,ძლიერი საქართველო-ლელო,9,27,მცხეთა,8,,ლევან,რევაზიშვილი,ლევან რევაზიშვილი,,,adg_2025_candidates_unified.xlsx
local_2025,__main__,pr,strong_georgia,ძლიერი საქართველო-ლელო,9,27,მცხეთა,9,,დავით,ნადირაშვილი,დავით ნადირაშვილი,,,adg_2025_candidates_unified.xlsx
local_2025,__main__,pr,strong_georgia,ძლიერი საქართველო-ლელო,9,27,მცხეთა,10,,ნიკოლოზი,ჯირკვალიძე,ნიკოლოზი ჯირკვალიძე,,,adg_2025_candidates_unified.xlsx
local_2025,__main__,pr,strong_georgia,ძლიერი საქართველო-ლელო,9,27,მცხეთა,11,,ზვიადი,ჯირკვალიძე,ზვიადი ჯირკვალიძე,,,adg_2025_candidates_unified.xlsx
local_2025,__main__,pr,strong_georgia,ძლიერი საქართველო-ლელო,9,27,მცხეთა,12,,ციცინო,მელქაძე,ციცინო მელქაძე,,,adg_2025_candidates_unified.xlsx
local_2025,__main__,pr,gakharia,„გახარია საქართველოსთვის“,25,27,მცხეთა,1,,ანა,წოწორია,ანა წოწორია,,,adg_2025_candidates_unified.xlsx
local_2025,__main__,pr,gakharia,„გახარია საქართველოსთვის“,25,27,მცხეთა,2,,ირაკლი,გახარია,ირაკლი გახარია,,,adg_2025_candidates_unified.xlsx
local_2025,__main__,pr,gakharia,„გახარია საქართველოსთვის“,25,27,მცხეთა,5,,ლია,ყოჩიშვილი,ლია ყოჩიშვილი,,,adg_2025_candidates_unified.xlsx
local_2025,__main__,pr,gakharia,„გახარია საქართველოსთვის“,25,27,მცხეთა,6,,ირაკლი,დონჯაშვილი,ირაკლი დონჯაშვილი,,,adg_2025_candidates_unified.xlsx
local_2025,__main__,pr,gakharia,„გახარია საქართველოსთვის“,25,27,მცხეთა,7,,მამუკა,გოდერძიშვილი,მამუკა გოდერძიშვილი,,,adg_2025_candidates_unified.xlsx
local_2025,__main__,pr,gakharia,„გახარია საქართველოსთვის“,25,27,მცხეთა,8,,იოსებ,ყანჩაველი,იოსებ ყანჩაველი,,,adg_2025_candidates_unified.xlsx
local_2025,__main__,pr,gakharia,„გახარია საქართველოსთვის“,25,27,მცხეთა,9,,ნათელა,ოქროევი,ნათელა ოქროევი,,,adg_2025_candidates_unified.xlsx
local_2025,__main__,pr,gakharia,„გახარია საქართველოსთვის“,25,27,მცხეთა,10,,ლაურა,პროხორენკო,ლაურა პროხორენკო,,,adg_2025_candidates_unified.xlsx
local_2025,__main__,pr,gakharia,„გახარია საქართველოსთვის“,25,27,მცხეთა,11,,ეფემია,გარაყანიძე,ეფემია გარაყანიძე,,,adg_2025_candidates_unified.xlsx
local_2025,__main__,pr,gakharia,„გახარია საქართველოსთვის“,25,27,მცხეთა,12,,ნინო,ხუნწელია,ნინო ხუნწელია,,,adg_2025_candidates_unified.xlsx
local_2025,__main__,pr,girchi,გირჩი,36,27,მცხეთა,1,,რუსუდანი,აბუაშვილი,რუსუდანი აბუაშვილი,,,adg_2025_candidates_unified.xlsx
local_2025,__main__,pr,girchi,გირჩი,36,27,მცხეთა,2,,თამარი,გაბუნია,თამარი გაბუნია,,,adg_2025_candidates_unified.xlsx
local_2025,__main__,pr,girchi,გირჩი,36,27,მცხეთა,3,,ლელი,ქურასბედიანი,ლელი ქურასბედიანი,,,adg_2025_candidates_unified.xlsx
local_2025,__main__,pr,girchi,გირჩი,36,27,მცხეთა,4,,ელენე,ანდღულაძე,ელენე ანდღულაძე,,,adg_2025_candidates_unified.xlsx
local_2025,__main__,pr,girchi,გირჩი,36,27,მცხეთა,5,,მარიამ,შენგელია,მარიამ შენგელია,,,adg_2025_candidates_unified.xlsx
local_2025,__main__,pr,girchi,გირჩი,36,27,მცხეთა,6,,ქეთევან,ასათიანი,ქეთევან ასათიანი,,,adg_2025_candidates_unified.xlsx
local_2025,__main__,pr,gd,ქართული ოცნება,41,27,მცხეთა,1,,ლევან,ჩუგუაშვილი,ლევან ჩუგუაშვილი,,,adg_2025_candidates_unified.xlsx
local_2025,__main__,pr,gd,ქართული ოცნება,41,27,მცხეთა,2,,მიხეილი,ბუჯიაშვილი,მიხეილი ბუჯიაშვილი,,,adg_2025_candidates_unified.xlsx
local_2025,__main__,pr,gd,ქართული ოცნება,41,27,მცხეთა,3,,ნინო,ბიწაძე,ნინო ბიწაძე,,,adg_2025_candidates_unified.xlsx
local_2025,__main__,pr,gd,ქართული ოცნება,41,27,მცხეთა,4,,კონსტანტინე,წამალაძე,კონსტანტინე წამალაძე,,,adg_2025_candidates_unified.xlsx
local_2025,__main__,pr,gd,ქართული ოცნება,41,27,მცხეთა,5,,მევლუდი,ჩხაიძე,მევლუდი ჩხაიძე,,,adg_2025_candidates_unified.xlsx
local_2025,__main__,pr,gd,ქართული ოცნება,41,27,მცხეთა,6,,შორენა,ნოზაძე-ბერიძე,შორენა ნოზაძე-ბერიძე,,,adg_2025_candidates_unified.xlsx
local_2025,__main__,pr,gd,ქართული ოცნება,41,27,მცხეთა,7,,ალექსი,რუბაშვილი,ალექსი რუბაშვილი,,,adg_2025_candidates_unified.xlsx
local_2025,__main__,pr,gd,ქართული ოცნება,41,27,მცხეთა,8,,ზაზა,ნადირაძე,ზაზა ნადირაძე,,,adg_2025_candidates_unified.xlsx
local_2025,__main__,pr,gd,ქართული ოცნება,41,27,მცხეთა,9,,რევაზ,ხუბაშვილი,რევაზ ხუბაშვილი,,,adg_2025_candidates_unified.xlsx
local_2025,__main__,pr,gd,ქართული ოცნება,41,27,მცხეთა,10,,გიორგი,გაბარაშვილი,გიორგი გაბარაშვილი,,,adg_2025_candidates_unified.xlsx
local_2025,__main__,pr,gd,ქართული ოცნება,41,27,მცხეთა,11,,კახაბერ,ბერძნიშვილი,კახაბერ ბერძნიშვილი,,,adg_2025_candidates_unified.xlsx
local_2025,__main__,pr,gd,ქართული ოცნება,41,27,მცხეთა,12,,ლათიფ,ალიევი,ლათიფ ალიევი,,,adg_2025_candidates_unified.xlsx
local_2025,__main__,pr,gd,ქართული ოცნება,41,27,მცხეთა,13,,ლადო,თხლაშიძე,ლადო თხლაშიძე,,,adg_2025_candidates_unified.xlsx
local_2025,__main__,pr,gd,ქართული ოცნება,41,27,მცხეთა,14,,დავით,პაპიაშვილი,დავით პაპიაშვილი,,,adg_2025_candidates_unified.xlsx
local_2025,__main__,pr,gd,ქართული ოცნება,41,27,მცხეთა,15,,თინათინ,ხუნდაძე,თინათინ ხუნდაძე,,,adg_2025_candidates_unified.xlsx
local_2025,__main__,pr,gd,ქართული ოცნება,41,27,მცხეთა,16,,მარიამ,თათარაშვილი,მარიამ თათარაშვილი,,,adg_2025_candidates_unified.xlsx
local_2025,__main__,pr,gd,ქართული ოცნება,41,27,მცხეთა,17,,ზურა,ელყანიშვილი,ზურა ელყანიშვილი,,,adg_2025_candidates_unified.xlsx
local_2025,__main__,pr,gd,ქართული ოცნება,41,27,მცხეთა,18,,ლევან,შაიშმელაშვილი,ლევან შაიშმელაშვილი,,,adg_2025_candidates_unified.xlsx
local_2025,__main__,pr,gd,ქართული ოცნება,41,27,მცხეთა,19,,რამაზ,ჩიბუხაშვილი,რამაზ ჩიბუხაშვილი,,,adg_2025_candidates_unified.xlsx
local_2025,__main__,pr,gd,ქართული ოცნება,41,27,მცხეთა,20,,ივანე,მამულაშვილი,ივანე მამულაშვილი,,,adg_2025_candidates_unified.xlsx
local_2025,__main__,pr,gd,ქართული ოცნება,41,27,მცხეთა,21,,ვალერი,რთველიაშვილი,ვალერი რთველიაშვილი,,,adg_2025_candidates_unified.xlsx
local_2025,__main__,pr,gd,ქართული ოცნება,41,27,მცხეთა,22,,ზოია,ილიაევი,ზოია ილიაევი,,,adg_2025_candidates_unified.xlsx
local_2025,__main__,pr,gd,ქართული ოცნება,41,27,მცხეთა,23,,დავითი,ჩანადირი,დავითი ჩანადირი,,,adg_2025_candidates_unified.xlsx
local_2025,__main__,pr,gd,ქართული ოცნება,41,27,მცხეთა,24,,ლაშა,მარტოლეკი,ლაშა მარტოლეკი,,,adg_2025_candidates_unified.xlsx
local_2025,__main__,pr,gd,ქართული ოცნება,41,27,მცხეთა,25,,თეონა,აბუაშვილი,თეონა აბუაშვილი,,,adg_2025_candidates_unified.xlsx
local_2025,__main__,pr,gd,ქართული ოცნება,41,27,მცხეთა,26,,კახაბერ,ბურდული,კახაბერ ბურდული,,,adg_2025_candidates_unified.xlsx
local_2025,__main__,pr,gd,ქართული ოცნება,41,27,მცხეთა,27,,ნინო,ირიაული,ნინო ირიაული,,,adg_2025_candidates_unified.xlsx
local_2025,__main__,pr,gd,ქართული ოცნება,41,27,მცხეთა,28,,თამაზ,ჭავჭავაძე,თამაზ ჭავჭავაძე,,,adg_2025_candidates_unified.xlsx
local_2025,__main__,pr,conservatives_geo,„კონსერვატორები საქართველოსთვის“,3,28,დუშეთი,1,,მარინე,ლაფანაშვილი,მარინე ლაფანაშვილი,,,adg_2025_candidates_unified.xlsx
local_2025,__main__,pr,conservatives_geo,„კონსერვატორები საქართველოსთვის“,3,28,დუშეთი,2,,შალიკო,არაბული,შალიკო არაბული,,,adg_2025_candidates_unified.xlsx
local_2025,__main__,pr,conservatives_geo,„კონსერვატორები საქართველოსთვის“,3,28,დუშეთი,3,,კობა,ჭინჭარაშვილი,კობა ჭინჭარაშვილი,,,adg_2025_candidates_unified.xlsx
local_2025,__main__,pr,conservatives_geo,„კონსერვატორები საქართველოსთვის“,3,28,დუშეთი,4,,ფრიდონ,კბილცეცხლაშვილი,ფრიდონ კბილცეცხლაშვილი,,,adg_2025_candidates_unified.xlsx
local_2025,__main__,pr,conservatives_geo,„კონსერვატორები საქართველოსთვის“,3,28,დუშეთი,7,,გოჩა,სამხარაძე,გოჩა სამხარაძე,,,adg_2025_candidates_unified.xlsx
local_2025,__main__,pr,conservatives_geo,„კონსერვატორები საქართველოსთვის“,3,28,დუშეთი,9,,ნონა,კურტანიძე,ნონა კურტანიძე,,,adg_2025_candidates_unified.xlsx
local_2025,__main__,pr,conservatives_geo,„კონსერვატორები საქართველოსთვის“,3,28,დუშეთი,10,,ლალი,მაისურაძე,ლალი მაისურაძე,,,adg_2025_candidates_unified.xlsx
local_2025,__main__,pr,patriots,„საქართველოს პატრიოტთა ალიანსი“,8,28,დუშეთი,1,,გენადი,ყაჭიური,გენადი ყაჭიური,,,adg_2025_candidates_unified.xlsx
local_2025,__main__,pr,patriots,„საქართველოს პატრიოტთა ალიანსი“,8,28,დუშეთი,2,,ლია,კოხტაშვილი,ლია კოხტაშვილი,,,adg_2025_candidates_unified.xlsx
local_2025,__main__,pr,patriots,„საქართველოს პატრიოტთა ალიანსი“,8,28,დუშეთი,3,,დავითი,ბურდული,დავითი ბურდული,,,adg_2025_candidates_unified.xlsx
local_2025,__main__,pr,patriots,„საქართველოს პატრიოტთა ალიანსი“,8,28,დუშეთი,4,,არსენა,უნდილაშვილი,არსენა უნდილაშვილი,,,adg_2025_candidates_unified.xlsx
local_2025,__main__,pr,patriots,„საქართველოს პატრიოტთა ალიანსი“,8,28,დუშეთი,5,,ლელა,ქეთელაური,ლელა ქეთელაური,,,adg_2025_candidates_unified.xlsx
local_2025,__main__,pr,patriots,„საქართველოს პატრიოტთა ალიანსი“,8,28,დუშეთი,6,,თამარი,მუმლაური,თამარი მუმლაური,,,adg_2025_candidates_unified.xlsx
local_2025,__main__,pr,strong_georgia,ძლიერი საქართველო-ლელო,9,28,დუშეთი,1,,ლია,როინიშვილი,ლია როინიშვილი,,,adg_2025_candidates_unified.xlsx
local_2025,__main__,pr,strong_georgia,ძლიერი საქართველო-ლელო,9,28,დუშეთი,2,,გიორგი,ყაჭიური,გიორგი ყაჭიური,,,adg_2025_candidates_unified.xlsx
local_2025,__main__,pr,strong_georgia,ძლიერი საქართველო-ლელო,9,28,დუშეთი,3,,გიორგი,გურაშვილი,გიორგი გურაშვილი,,,adg_2025_candidates_unified.xlsx
local_2025,__main__,pr,strong_georgia,ძლიერი საქართველო-ლელო,9,28,დუშეთი,4,,ზურაბ,ჩიტაური,ზურაბ ჩიტაური,,,adg_2025_candidates_unified.xlsx
local_2025,__main__,pr,strong_georgia,ძლიერი საქართველო-ლელო,9,28,დუშეთი,5,,ავთანდილ,არაბული,ავთანდილ არაბული,,,adg_2025_candidates_unified.xlsx
local_2025,__main__,pr,strong_georgia,ძლიერი საქართველო-ლელო,9,28,დუშეთი,6,,გიორგი,ინაშვილი,გიორგი ინაშვილი,,,adg_2025_candidates_unified.xlsx
local_2025,__main__,pr,strong_georgia,ძლიერი საქართველო-ლელო,9,28,დუშეთი,7,,იზაბელა,წვერაძე,იზაბელა წვერაძე,,,adg_2025_candidates_unified.xlsx
local_2025,__main__,pr,strong_georgia,ძლიერი საქართველო-ლელო,9,28,დუშეთი,8,,ჟოზეფინა,ხარანაული,ჟოზეფინა ხარანაული,,,adg_2025_candidates_unified.xlsx
local_2025,__main__,pr,strong_georgia,ძლიერი საქართველო-ლელო,9,28,დუშეთი,9,,ეთერი,თეთრუაშვილი,ეთერი თეთრუაშვილი,,,adg_2025_candidates_unified.xlsx
local_2025,__main__,pr,strong_georgia,ძლიერი საქართველო-ლელო,9,28,დუშეთი,10,,გია,როინიშვილი,გია როინიშვილი,,,adg_2025_candidates_unified.xlsx
local_2025,__main__,pr,gakharia,„გახარია საქართველოსთვის“,25,28,დუშეთი,1,,თორნიკე,თათარაშვილი,თორნიკე თათარაშვილი,,,adg_2025_candidates_unified.xlsx
local_2025,__main__,pr,gakharia,„გახარია საქართველოსთვის“,25,28,დუშეთი,2,,ირმა,ღოღობერიძე,ირმა ღოღობერიძე,,,adg_2025_candidates_unified.xlsx
local_2025,__main__,pr,gakharia,„გახარია საქართველოსთვის“,25,28,დუშეთი,3,,თენგიზ,ჟამუტაშვილი,თენგიზ ჟამუტაშვილი,,,adg_2025_candidates_unified.xlsx
local_2025,__main__,pr,gakharia,„გახარია საქართველოსთვის“,25,28,დუშეთი,4,,ნინო,კაპანაძე,ნინო კაპანაძე,,,adg_2025_candidates_unified.xlsx
local_2025,__main__,pr,gakharia,„გახარია საქართველოსთვის“,25,28,დუშეთი,5,,თამარ,არაბული,თამარ არაბული,,,adg_2025_candidates_unified.xlsx
local_2025,__main__,pr,gakharia,„გახარია საქართველოსთვის“,25,28,დუშეთი,6,,ვაჟა,კენტელაძე,ვაჟა კენტელაძე,,,adg_2025_candidates_unified.xlsx
local_2025,__main__,pr,gakharia,„გახარია საქართველოსთვის“,25,28,დუშეთი,7,,თამარი,ხუციშვილი,თამარი ხუციშვილი,,,adg_2025_candidates_unified.xlsx
local_2025,__main__,pr,gakharia,„გახარია საქართველოსთვის“,25,28,დუშეთი,8,,მერი,ბრაჭული,მერი ბრაჭული,,,adg_2025_candidates_unified.xlsx
local_2025,__main__,pr,gakharia,„გახარია საქართველოსთვის“,25,28,დუშეთი,9,,თამილა,გულბათაშვილი,თამილა გულბათაშვილი,,,adg_2025_candidates_unified.xlsx
local_2025,__main__,pr,gakharia,„გახარია საქართველოსთვის“,25,28,დუშეთი,10,,გელა,ოქროპირიძე,გელა ოქროპირიძე,,,adg_2025_candidates_unified.xlsx
local_2025,__main__,pr,gakharia,„გახარია საქართველოსთვის“,25,28,დუშეთი,11,,ქეთევან,გულბათაშვილი,ქეთევან გულბათაშვილი,,,adg_2025_candidates_unified.xlsx
local_2025,__main__,pr,gakharia,„გახარია საქართველოსთვის“,25,28,დუშეთი,12,,გიორგი,ურიდია,გიორგი ურიდია,,,adg_2025_candidates_unified.xlsx
local_2025,__main__,pr,gakharia,„გახარია საქართველოსთვის“,25,28,დუშეთი,13,,გიორგი,წოწკოლაური,გიორგი წოწკოლაური,,,adg_2025_candidates_unified.xlsx
local_2025,__main__,pr,gakharia,„გახარია საქართველოსთვის“,25,28,დუშეთი,14,,მარინე,ქავთარაძე,მარინე ქავთარაძე,,,adg_2025_candidates_unified.xlsx
local_2025,__main__,pr,girchi,გირჩი,36,28,დუშეთი,1,,ზაზა,ქავთარაძე,ზაზა ქავთარაძე,,,adg_2025_candidates_unified.xlsx
local_2025,__main__,pr,girchi,გირჩი,36,28,დუშეთი,2,,ბექა,ზანდუკელი,ბექა ზანდუკელი,,,adg_2025_candidates_unified.xlsx
local_2025,__main__,pr,girchi,გირჩი,36,28,დუშეთი,3,,ვაჟა,ყარსიმაშვილი,ვაჟა ყარსიმაშვილი,,,adg_2025_candidates_unified.xlsx
local_2025,__main__,pr,girchi,გირჩი,36,28,დუშეთი,4,,ვლადიმერი,წაქაძე,ვლადიმერი წაქაძე,,,adg_2025_candidates_unified.xlsx
local_2025,__main__,pr,girchi,გირჩი,36,28,დუშეთი,5,,სოფიო,ადამია,სოფიო ადამია,,,adg_2025_candidates_unified.xlsx
local_2025,__main__,pr,girchi,გირჩი,36,28,დუშეთი,6,,ზვიად,ჯაბუა,ზვიად ჯაბუა,,,adg_2025_candidates_unified.xlsx
local_2025,__main__,pr,gd,ქართული ოცნება,41,28,დუშეთი,1,,გიორგი,რუბაშვილი,გიორგი რუბაშვილი,,,adg_2025_candidates_unified.xlsx
local_2025,__main__,pr,gd,ქართული ოცნება,41,28,დუშეთი,2,,ელგუჯა,უნდილაშვილი,ელგუჯა უნდილაშვილი,,,adg_2025_candidates_unified.xlsx
local_2025,__main__,pr,gd,ქართული ოცნება,41,28,დუშეთი,3,,ლევან,შერმადინი,ლევან შერმადინი,,,adg_2025_candidates_unified.xlsx
local_2025,__main__,pr,gd,ქართული ოცნება,41,28,დუშეთი,4,,ნათია,კაჯილაშვილი,ნათია კაჯილაშვილი,,,adg_2025_candidates_unified.xlsx
local_2025,__main__,pr,gd,ქართული ოცნება,41,28,დუშეთი,5,,ილია,დორეული,ილია დორეული,,,adg_2025_candidates_unified.xlsx
local_2025,__main__,pr,gd,ქართული ოცნება,41,28,დუშეთი,6,,ნუგზარ,ხუზაურაშვილი,ნუგზარ ხუზაურაშვილი,,,adg_2025_candidates_unified.xlsx
local_2025,__main__,pr,gd,ქართული ოცნება,41,28,დუშეთი,7,,გვანცა,ესტატიშვილი,გვანცა ესტატიშვილი,,,adg_2025_candidates_unified.xlsx
local_2025,__main__,pr,gd,ქართული ოცნება,41,28,დუშეთი,8,,ია,ვარსიმაშვილი,ია ვარსიმაშვილი,,,adg_2025_candidates_unified.xlsx
local_2025,__main__,pr,gd,ქართული ოცნება,41,28,დუშეთი,9,,ხატია,პირმისაშვილი,ხატია პირმისაშვილი,,,adg_2025_candidates_unified.xlsx
local_2025,__main__,pr,gd,ქართული ოცნება,41,28,დუშეთი,10,,ირაკლი,კობაიძე,ირაკლი კობაიძე,,,adg_2025_candidates_unified.xlsx
local_2025,__main__,pr,gd,ქართული ოცნება,41,28,დუშეთი,11,,ზაქარია,ხეხელაშვილი,ზაქარია ხეხელაშვილი,,,adg_2025_candidates_unified.xlsx
local_2025,__main__,pr,gd,ქართული ოცნება,41,28,დუშეთი,12,,რევაზ,დარჩიაშვილი,რევაზ დარჩიაშვილი,,,adg_2025_candidates_unified.xlsx
local_2025,__main__,pr,gd,ქართული ოცნება,41,28,დუშეთი,13,,ლია,წიკლაური,ლია წიკლაური,,,adg_2025_candidates_unified.xlsx
local_2025,__main__,pr,gd,ქართული ოცნება,41,28,დუშეთი,14,,იაგო,წოწკოლაური,იაგო წოწკოლაური,,,adg_2025_candidates_unified.xlsx
local_2025,__main__,pr,gd,ქართული ოცნება,41,28,დუშეთი,15,,ნიკოლოზ,მარაული,ნიკოლოზ მარაული,,,adg_2025_candidates_unified.xlsx
local_2025,__main__,pr,gd,ქართული ოცნება,41,28,დუშეთი,16,,სულხან,ჯავახიშვილი,სულხან ჯავახიშვილი,,,adg_2025_candidates_unified.xlsx
local_2025,__main__,pr,gd,ქართული ოცნება,41,28,დუშეთი,17,,ჯონი,ჯანგირაშვილი,ჯონი ჯანგირაშვილი,,,adg_2025_candidates_unified.xlsx
local_2025,__main__,pr,gd,ქართული ოცნება,41,28,დუშეთი,18,,თემურ,ქადაგიშვილი,თემურ ქადაგიშვილი,,,adg_2025_candidates_unified.xlsx
local_2025,__main__,pr,gd,ქართული ოცნება,41,28,დუშეთი,19,,იამზე,რუბაშვილი,იამზე რუბაშვილი,,,adg_2025_candidates_unified.xlsx
local_2025,__main__,pr,gd,ქართული ოცნება,41,28,დუშეთი,20,,სოფიკო,ბეწუაშვილი,სოფიკო ბეწუაშვილი,,,adg_2025_candidates_unified.xlsx
local_2025,__main__,pr,gd,ქართული ოცნება,41,28,დუშეთი,21,,არჩილ,გელიაიძე,არჩილ გელიაიძე,,,adg_2025_candidates_unified.xlsx
local_2025,__main__,pr,gd,ქართული ოცნება,41,28,დუშეთი,22,,თამარი,ჭოხონელიძე,თამარი ჭოხონელიძე,,,adg_2025_candidates_unified.xlsx
local_2025,__main__,pr,gd,ქართული ოცნება,41,28,დუშეთი,23,,ლალი,სონღულაშვილი,ლალი სონღულაშვილი,,,adg_2025_candidates_unified.xlsx
local_2025,__main__,pr,gd,ქართული ოცნება,41,28,დუშეთი,24,,ოლეგი,მელიქიშვილი,ოლეგი მელიქიშვილი,,,adg_2025_candidates_unified.xlsx
local_2025,__main__,pr,gd,ქართული ოცნება,41,28,დუშეთი,25,,ზვიად,ქავთარაძე,ზვიად ქავთარაძე,,,adg_2025_candidates_unified.xlsx
local_2025,__main__,pr,gd,ქართული ოცნება,41,28,დუშეთი,26,,ნინო,ლილუაშვილი,ნინო ლილუაშვილი,,,adg_2025_candidates_unified.xlsx
local_2025,__main__,pr,gd,ქართული ოცნება,41,28,დუშეთი,27,,ლეილა,გიუნაშვილი,ლეილა გიუნაშვილი,,,adg_2025_candidates_unified.xlsx
local_2025,__main__,pr,gd,ქართული ოცნება,41,28,დუშეთი,29,,გიორგი,ჯღუნიაშვილი,გიორგი ჯღუნიაშვილი,,,adg_2025_candidates_unified.xlsx
local_2025,__main__,pr,conservatives_geo,„კონსერვატორები საქართველოსთვის“,3,29,ყაზბეგი,1,,გიორგი,ღუდუშაური,გიორგი ღუდუშაური,,,adg_2025_candidates_unified.xlsx
local_2025,__main__,pr,conservatives_geo,„კონსერვატორები საქართველოსთვის“,3,29,ყაზბეგი,2,,გიორგი,ფიცხელაური,გიორგი ფიცხელაური,,,adg_2025_candidates_unified.xlsx
local_2025,__main__,pr,conservatives_geo,„კონსერვატორები საქართველოსთვის“,3,29,ყაზბეგი,3,,ლია,ჩქარეული,ლია ჩქარეული,,,adg_2025_candidates_unified.xlsx
local_2025,__main__,pr,conservatives_geo,„კონსერვატორები საქართველოსთვის“,3,29,ყაზბეგი,4,,გიორგი,მარსაგიშვილი,გიორგი მარსაგიშვილი,,,adg_2025_candidates_unified.xlsx
local_2025,__main__,pr,conservatives_geo,„კონსერვატორები საქართველოსთვის“,3,29,ყაზბეგი,5,,ნათია,ღუდუშაური,ნათია ღუდუშაური,,,adg_2025_candidates_unified.xlsx
local_2025,__main__,pr,conservatives_geo,„კონსერვატორები საქართველოსთვის“,3,29,ყაზბეგი,6,,ზვიად,სუჯაშვილი,ზვიად სუჯაშვილი,,,adg_2025_candidates_unified.xlsx
local_2025,__main__,pr,free_georgia,„თავისუფალი საქართველო“,7,29,ყაზბეგი,1,,ეთერი,დვალიშვილი,ეთერი დვალიშვილი,,,adg_2025_candidates_unified.xlsx
local_2025,__main__,pr,free_georgia,„თავისუფალი საქართველო“,7,29,ყაზბეგი,2,,ავთანდილ,ფიცხელაური,ავთანდილ ფიცხელაური,,,adg_2025_candidates_unified.xlsx
local_2025,__main__,pr,free_georgia,„თავისუფალი საქართველო“,7,29,ყაზბეგი,3,,კახა,დვალიშვილი,კახა დვალიშვილი,,,adg_2025_candidates_unified.xlsx
local_2025,__main__,pr,free_georgia,„თავისუფალი საქართველო“,7,29,ყაზბეგი,4,,სალომე,ხაბელაშვილი,სალომე ხაბელაშვილი,,,adg_2025_candidates_unified.xlsx
local_2025,__main__,pr,free_georgia,„თავისუფალი საქართველო“,7,29,ყაზბეგი,5,,ნუნუ,ბუთიაშვილი,ნუნუ ბუთიაშვილი,,,adg_2025_candidates_unified.xlsx
local_2025,__main__,pr,free_georgia,„თავისუფალი საქართველო“,7,29,ყაზბეგი,6,,ნატალია,ფიცხელაური,ნატალია ფიცხელაური,,,adg_2025_candidates_unified.xlsx
local_2025,__main__,pr,patriots,„საქართველოს პატრიოტთა ალიანსი“,8,29,ყაზბეგი,1,,თამაზ,წიკლაური,თამაზ წიკლაური,,,adg_2025_candidates_unified.xlsx
local_2025,__main__,pr,patriots,„საქართველოს პატრიოტთა ალიანსი“,8,29,ყაზბეგი,2,,მირზა,წიკლაური,მირზა წიკლაური,,,adg_2025_candidates_unified.xlsx
local_2025,__main__,pr,patriots,„საქართველოს პატრიოტთა ალიანსი“,8,29,ყაზბეგი,3,,მაია,გუჯარაიძე,მაია გუჯარაიძე,,,adg_2025_candidates_unified.xlsx
local_2025,__main__,pr,patriots,„საქართველოს პატრიოტთა ალიანსი“,8,29,ყაზბეგი,5,,ალიოშა,სუჯაშვილი,ალიოშა სუჯაშვილი,,,adg_2025_candidates_unified.xlsx
local_2025,__main__,pr,patriots,„საქართველოს პატრიოტთა ალიანსი“,8,29,ყაზბეგი,6,,ლევანი,სუჯაშვილი,ლევანი სუჯაშვილი,,,adg_2025_candidates_unified.xlsx
local_2025,__main__,pr,patriots,„საქართველოს პატრიოტთა ალიანსი“,8,29,ყაზბეგი,7,,გურამი,სუჯაშვილი,გურამი სუჯაშვილი,,,adg_2025_candidates_unified.xlsx
local_2025,__main__,pr,strong_georgia,ძლიერი საქართველო-ლელო,9,29,ყაზბეგი,1,,ვაჟა,სეთურიძე,ვაჟა სეთურიძე,,,adg_2025_candidates_unified.xlsx
local_2025,__main__,pr,strong_georgia,ძლიერი საქართველო-ლელო,9,29,ყაზბეგი,2,,მანანა,ღუდუშაური,მანანა ღუდუშაური,,,adg_2025_candidates_unified.xlsx
local_2025,__main__,pr,strong_georgia,ძლიერი საქართველო-ლელო,9,29,ყაზბეგი,3,,გიორგი,ხულელიძე,გიორგი ხულელიძე,,,adg_2025_candidates_unified.xlsx
local_2025,__main__,pr,strong_georgia,ძლიერი საქართველო-ლელო,9,29,ყაზბეგი,4,,ლევანი,მარსაგიშვილი,ლევანი მარსაგიშვილი,,,adg_2025_candidates_unified.xlsx
local_2025,__main__,pr,strong_georgia,ძლიერი საქართველო-ლელო,9,29,ყაზბეგი,5,,ავთანდილი,ხულელიძე,ავთანდილი ხულელიძე,,,adg_2025_candidates_unified.xlsx
local_2025,__main__,pr,strong_georgia,ძლიერი საქართველო-ლელო,9,29,ყაზბეგი,6,,ვაჟა,ფაჯიშვილი,ვაჟა ფაჯიშვილი,,,adg_2025_candidates_unified.xlsx
local_2025,__main__,pr,strong_georgia,ძლიერი საქართველო-ლელო,9,29,ყაზბეგი,7,,თამარ,სეთურიძე,თამარ სეთურიძე,,,adg_2025_candidates_unified.xlsx
local_2025,__main__,pr,strong_georgia,ძლიერი საქართველო-ლელო,9,29,ყაზბეგი,8,,შენგელი,ტუჩაშვილი,შენგელი ტუჩაშვილი,,,adg_2025_candidates_unified.xlsx
local_2025,__main__,pr,strong_georgia,ძლიერი საქართველო-ლელო,9,29,ყაზბეგი,9,,გოგი,ხაიკაშვილი,გოგი ხაიკაშვილი,,,adg_2025_candidates_unified.xlsx
local_2025,__main__,pr,gakharia,„გახარია საქართველოსთვის“,25,29,ყაზბეგი,1,,გიორგი,გომიაშვილი,გიორგი გომიაშვილი,,,adg_2025_candidates_unified.xlsx
local_2025,__main__,pr,gakharia,„გახარია საქართველოსთვის“,25,29,ყაზბეგი,2,,მირიან,ქუშაშვილი,მირიან ქუშაშვილი,,,adg_2025_candidates_unified.xlsx
local_2025,__main__,pr,gakharia,„გახარია საქართველოსთვის“,25,29,ყაზბეგი,3,,გიორგი,ფიცხელაური,გიორგი ფიცხელაური,,,adg_2025_candidates_unified.xlsx
local_2025,__main__,pr,gakharia,„გახარია საქართველოსთვის“,25,29,ყაზბეგი,4,,დათო,ქერაშვილი,დათო ქერაშვილი,,,adg_2025_candidates_unified.xlsx
local_2025,__main__,pr,gakharia,„გახარია საქართველოსთვის“,25,29,ყაზბეგი,5,,კახა,ოდიშვილი,კახა ოდიშვილი,,,adg_2025_candidates_unified.xlsx
local_2025,__main__,pr,gakharia,„გახარია საქართველოსთვის“,25,29,ყაზბეგი,6,,გაიოზი,ბუჩუკური,გაიოზი ბუჩუკური,,,adg_2025_candidates_unified.xlsx
local_2025,__main__,pr,gakharia,„გახარია საქართველოსთვის“,25,29,ყაზბეგი,7,,ნაილი,ბუჩუკური,ნაილი ბუჩუკური,,,adg_2025_candidates_unified.xlsx
local_2025,__main__,pr,gakharia,„გახარია საქართველოსთვის“,25,29,ყაზბეგი,8,,ილია,გიგაური,ილია გიგაური,,,adg_2025_candidates_unified.xlsx
local_2025,__main__,pr,gakharia,„გახარია საქართველოსთვის“,25,29,ყაზბეგი,9,,სოფიკო,ხაჭაპურიძე,სოფიკო ხაჭაპურიძე,,,adg_2025_candidates_unified.xlsx
local_2025,__main__,pr,gakharia,„გახარია საქართველოსთვის“,25,29,ყაზბეგი,10,,მაგდა,გაფრინდაშვილი,მაგდა გაფრინდაშვილი,,,adg_2025_candidates_unified.xlsx
local_2025,__main__,pr,gd,ქართული ოცნება,41,29,ყაზბეგი,1,,დავითი,ქირიკაშვილი,დავითი ქირიკაშვილი,,,adg_2025_candidates_unified.xlsx
local_2025,__main__,pr,gd,ქართული ოცნება,41,29,ყაზბეგი,2,,დავითი,ჩოფიკაშვილი,დავითი ჩოფიკაშვილი,,,adg_2025_candidates_unified.xlsx
local_2025,__main__,pr,gd,ქართული ოცნება,41,29,ყაზბეგი,3,,ნინო,ქუშაშვილი,ნინო ქუშაშვილი,,,adg_2025_candidates_unified.xlsx
local_2025,__main__,pr,gd,ქართული ოცნება,41,29,ყაზბეგი,4,,მანანა,სეთურიძე,მანანა სეთურიძე,,,adg_2025_candidates_unified.xlsx
local_2025,__main__,pr,gd,ქართული ოცნება,41,29,ყაზბეგი,5,,ნათია,კობაიძე,ნათია კობაიძე,,,adg_2025_candidates_unified.xlsx
local_2025,__main__,pr,gd,ქართული ოცნება,41,29,ყაზბეგი,6,,ირაკლი,მარსაგიშვილი,ირაკლი მარსაგიშვილი,,,adg_2025_candidates_unified.xlsx
local_2025,__main__,pr,gd,ქართული ოცნება,41,29,ყაზბეგი,7,,პავლე,ავსაჯანიშვილი,პავლე ავსაჯანიშვილი,,,adg_2025_candidates_unified.xlsx
local_2025,__main__,pr,gd,ქართული ოცნება,41,29,ყაზბეგი,8,,ვაჟა,ღუდუშაური,ვაჟა ღუდუშაური,,,adg_2025_candidates_unified.xlsx
local_2025,__main__,pr,gd,ქართული ოცნება,41,29,ყაზბეგი,9,,უჩა,ხუციშვილი,უჩა ხუციშვილი,,,adg_2025_candidates_unified.xlsx
local_2025,__main__,pr,gd,ქართული ოცნება,41,29,ყაზბეგი,10,,სპარტაკი,ელოშვილი,სპარტაკი ელოშვილი,,,adg_2025_candidates_unified.xlsx
local_2025,__main__,pr,gd,ქართული ოცნება,41,29,ყაზბეგი,11,,ირაკლი,შიოლაშვილი,ირაკლი შიოლაშვილი,,,adg_2025_candidates_unified.xlsx
local_2025,__main__,pr,gd,ქართული ოცნება,41,29,ყაზბეგი,12,,ნინო,ჩქარეული,ნინო ჩქარეული,,,adg_2025_candidates_unified.xlsx
local_2025,__main__,pr,gd,ქართული ოცნება,41,29,ყაზბეგი,13,,თამარ,ქუშაშვილი,თამარ ქუშაშვილი,,,adg_2025_candidates_unified.xlsx
local_2025,__main__,pr,gd,ქართული ოცნება,41,29,ყაზბეგი,14,,გივი,გუჯარაიძე,გივი გუჯარაიძე,,,adg_2025_candidates_unified.xlsx
local_2025,__main__,pr,gd,ქართული ოცნება,41,29,ყაზბეგი,15,,ლეო,გელაძე,ლეო გელაძე,,,adg_2025_candidates_unified.xlsx
local_2025,__main__,pr,gd,ქართული ოცნება,41,29,ყაზბეგი,16,,გია,ოდიშვილი,გია ოდიშვილი,,,adg_2025_candidates_unified.xlsx
local_2025,__main__,pr,gd,ქართული ოცნება,41,29,ყაზბეგი,17,,ეთერ,ნარიმანიძე,ეთერ ნარიმანიძე,,,adg_2025_candidates_unified.xlsx
local_2025,__main__,pr,gd,ქართული ოცნება,41,29,ყაზბეგი,18,,გერმანი,ტუჩაშვილი,გერმანი ტუჩაშვილი,,,adg_2025_candidates_unified.xlsx
local_2025,__main__,pr,gd,ქართული ოცნება,41,29,ყაზბეგი,19,,ლია,ქუშაშვილი,ლია ქუშაშვილი,,,adg_2025_candidates_unified.xlsx
local_2025,__main__,pr,gd,ქართული ოცნება,41,29,ყაზბეგი,20,,ბონდო,ელიაძე,ბონდო ელიაძე,,,adg_2025_candidates_unified.xlsx
local_2025,__main__,pr,gd,ქართული ოცნება,41,29,ყაზბეგი,21,,მარიამ,ხულელიძე,მარიამ ხულელიძე,,,adg_2025_candidates_unified.xlsx
local_2025,__main__,pr,gd,ქართული ოცნება,41,29,ყაზბეგი,22,,იასონი,წამალაიძე,იასონი წამალაიძე,,,adg_2025_candidates_unified.xlsx
local_2025,__main__,pr,gd,ქართული ოცნება,41,29,ყაზბეგი,23,,ნუნუ,გოგრიჭიანი,ნუნუ გოგრიჭიანი,,,adg_2025_candidates_unified.xlsx
local_2025,__main__,pr,gd,ქართული ოცნება,41,29,ყაზბეგი,24,,ლუკა,ჩქარეული,ლუკა ჩქარეული,,,adg_2025_candidates_unified.xlsx
local_2025,__main__,pr,gd,ქართული ოცნება,41,29,ყაზბეგი,25,,ელენე,შადური,ელენე შადური,,,adg_2025_candidates_unified.xlsx
local_2025,__main__,pr,conservatives_geo,„კონსერვატორები საქართველოსთვის“,3,30,კასპი,1,,გიორგი,შიუკაშვილი,გიორგი შიუკაშვილი,,,adg_2025_candidates_unified.xlsx
local_2025,__main__,pr,conservatives_geo,„კონსერვატორები საქართველოსთვის“,3,30,კასპი,2,,გივი,ბულბულაშვილი,გივი ბულბულაშვილი,,,adg_2025_candidates_unified.xlsx
local_2025,__main__,pr,conservatives_geo,„კონსერვატორები საქართველოსთვის“,3,30,კასპი,3,,ნელი,მამასახლისი,ნელი მამასახლისი,,,adg_2025_candidates_unified.xlsx
local_2025,__main__,pr,conservatives_geo,„კონსერვატორები საქართველოსთვის“,3,30,კასპი,4,,ელგუჯა,ხოსიაური,ელგუჯა ხოსიაური,,,adg_2025_candidates_unified.xlsx
local_2025,__main__,pr,conservatives_geo,„კონსერვატორები საქართველოსთვის“,3,30,კასპი,5,,დავითი,ქენქაძე,დავითი ქენქაძე,,,adg_2025_candidates_unified.xlsx
local_2025,__main__,pr,conservatives_geo,„კონსერვატორები საქართველოსთვის“,3,30,კასპი,6,,ვლადიმერ,ლაცაბიძე,ვლადიმერ ლაცაბიძე,,,adg_2025_candidates_unified.xlsx
local_2025,__main__,pr,conservatives_geo,„კონსერვატორები საქართველოსთვის“,3,30,კასპი,7,,ნინო,მამასახლისი,ნინო მამასახლისი,,,adg_2025_candidates_unified.xlsx
local_2025,__main__,pr,patriots,„საქართველოს პატრიოტთა ალიანსი“,8,30,კასპი,1,,დავითი,ოქროპირიძე,დავითი ოქროპირიძე,,,adg_2025_candidates_unified.xlsx
local_2025,__main__,pr,patriots,„საქართველოს პატრიოტთა ალიანსი“,8,30,კასპი,2,,ელენე,თარხნიშვილი,ელენე თარხნიშვილი,,,adg_2025_candidates_unified.xlsx
local_2025,__main__,pr,patriots,„საქართველოს პატრიოტთა ალიანსი“,8,30,კასპი,3,,გიორგი,შოშიაშვილი,გიორგი შოშიაშვილი,,,adg_2025_candidates_unified.xlsx
local_2025,__main__,pr,patriots,„საქართველოს პატრიოტთა ალიანსი“,8,30,კასპი,4,,ზურაბ,მაჭარაშვილი,ზურაბ მაჭარაშვილი,,,adg_2025_candidates_unified.xlsx
local_2025,__main__,pr,patriots,„საქართველოს პატრიოტთა ალიანსი“,8,30,კასპი,6,,ინგა,კანდელაკი,ინგა კანდელაკი,,,adg_2025_candidates_unified.xlsx
local_2025,__main__,pr,patriots,„საქართველოს პატრიოტთა ალიანსი“,8,30,კასპი,7,,ნუნუ,ფილიშვილი,ნუნუ ფილიშვილი,,,adg_2025_candidates_unified.xlsx
local_2025,__main__,pr,strong_georgia,ძლიერი საქართველო-ლელო,9,30,კასპი,1,,ერეკლე,ჩანქსელიანი,ერეკლე ჩანქსელიანი,,,adg_2025_candidates_unified.xlsx
local_2025,__main__,pr,strong_georgia,ძლიერი საქართველო-ლელო,9,30,კასპი,2,,ელზა,ბროლაძე,ელზა ბროლაძე,,,adg_2025_candidates_unified.xlsx
local_2025,__main__,pr,strong_georgia,ძლიერი საქართველო-ლელო,9,30,კასპი,3,,გიორგი,ხერკელაძე,გიორგი ხერკელაძე,,,adg_2025_candidates_unified.xlsx
local_2025,__main__,pr,strong_georgia,ძლიერი საქართველო-ლელო,9,30,კასპი,4,,თეა,კალატოზი,თეა კალატოზი,,,adg_2025_candidates_unified.xlsx
local_2025,__main__,pr,strong_georgia,ძლიერი საქართველო-ლელო,9,30,კასპი,5,,სოფიო,ხერკელაძე,სოფიო ხერკელაძე,,,adg_2025_candidates_unified.xlsx
local_2025,__main__,pr,strong_georgia,ძლიერი საქართველო-ლელო,9,30,კასპი,6,,ლუკა,ზინდრიშვილი,ლუკა ზინდრიშვილი,,,adg_2025_candidates_unified.xlsx
local_2025,__main__,pr,strong_georgia,ძლიერი საქართველო-ლელო,9,30,კასპი,7,,გიგლა,თუმანიშვილი,გიგლა თუმანიშვილი,,,adg_2025_candidates_unified.xlsx
local_2025,__main__,pr,gakharia,„გახარია საქართველოსთვის“,25,30,კასპი,1,,ილია,მაჭარაშვილი,ილია მაჭარაშვილი,,,adg_2025_candidates_unified.xlsx
local_2025,__main__,pr,gakharia,„გახარია საქართველოსთვის“,25,30,კასპი,2,,თორნიკე,ქობულაშვილი,თორნიკე ქობულაშვილი,,,adg_2025_candidates_unified.xlsx
local_2025,__main__,pr,gakharia,„გახარია საქართველოსთვის“,25,30,კასპი,3,,მამუკა,გაფრინდაშვილი,მამუკა გაფრინდაშვილი,,,adg_2025_candidates_unified.xlsx
local_2025,__main__,pr,gakharia,„გახარია საქართველოსთვის“,25,30,კასპი,4,,ჯაბრაილ,ნორუზ ოღლი,ჯაბრაილ ნორუზ ოღლი,,,adg_2025_candidates_unified.xlsx
local_2025,__main__,pr,gakharia,„გახარია საქართველოსთვის“,25,30,კასპი,5,,მარიამ,არზიანი,მარიამ არზიანი,,,adg_2025_candidates_unified.xlsx
local_2025,__main__,pr,gakharia,„გახარია საქართველოსთვის“,25,30,კასპი,6,,გიორგი,შამანაური,გიორგი შამანაური,,,adg_2025_candidates_unified.xlsx
local_2025,__main__,pr,gakharia,„გახარია საქართველოსთვის“,25,30,კასპი,7,,გიორგი,ონიაშვილი,გიორგი ონიაშვილი,,,adg_2025_candidates_unified.xlsx
local_2025,__main__,pr,gakharia,„გახარია საქართველოსთვის“,25,30,კასპი,8,,ირინე,ონიაშვილი,ირინე ონიაშვილი,,,adg_2025_candidates_unified.xlsx
local_2025,__main__,pr,gakharia,„გახარია საქართველოსთვის“,25,30,კასპი,9,,მაია,ფილიშვილი- მაჭარაშვილი,მაია ფილიშვილი- მაჭარაშვილი,,,adg_2025_candidates_unified.xlsx
local_2025,__main__,pr,gakharia,„გახარია საქართველოსთვის“,25,30,კასპი,10,,ნანა,ქობულაშვილი,ნანა ქობულაშვილი,,,adg_2025_candidates_unified.xlsx
local_2025,__main__,pr,gakharia,„გახარია საქართველოსთვის“,25,30,კასპი,11,,ალექსი,ბუნტური,ალექსი ბუნტური,,,adg_2025_candidates_unified.xlsx
local_2025,__main__,pr,girchi,გირჩი,36,30,კასპი,1,,ანა,ნოდია,ანა ნოდია,,,adg_2025_candidates_unified.xlsx
local_2025,__main__,pr,girchi,გირჩი,36,30,კასპი,2,,დოდო,წიკლაური,დოდო წიკლაური,,,adg_2025_candidates_unified.xlsx
local_2025,__main__,pr,girchi,გირჩი,36,30,კასპი,3,,რამაზ,სიჭინავა,რამაზ სიჭინავა,,,adg_2025_candidates_unified.xlsx
local_2025,__main__,pr,girchi,გირჩი,36,30,კასპი,4,,მანჟოლა,მიმინოშვილი,მანჟოლა მიმინოშვილი,,,adg_2025_candidates_unified.xlsx
local_2025,__main__,pr,girchi,გირჩი,36,30,კასპი,5,,ივანე,ჯაშიაშვილი,ივანე ჯაშიაშვილი,,,adg_2025_candidates_unified.xlsx
local_2025,__main__,pr,girchi,გირჩი,36,30,კასპი,6,,მაია,ხიდეშელი,მაია ხიდეშელი,,,adg_2025_candidates_unified.xlsx
local_2025,__main__,pr,gd,ქართული ოცნება,41,30,კასპი,1,,ზურაბ,ჩიტიშვილი,ზურაბ ჩიტიშვილი,,,adg_2025_candidates_unified.xlsx
local_2025,__main__,pr,gd,ქართული ოცნება,41,30,კასპი,2,,თეა,გულიკაშვილი- ხარატიშვილი,თეა გულიკაშვილი- ხარატიშვილი,,,adg_2025_candidates_unified.xlsx
local_2025,__main__,pr,gd,ქართული ოცნება,41,30,კასპი,3,,იოსებ,მამულაშვილი,იოსებ მამულაშვილი,,,adg_2025_candidates_unified.xlsx
local_2025,__main__,pr,gd,ქართული ოცნება,41,30,კასპი,4,,ხათუნა,თათანაშვილი,ხათუნა თათანაშვილი,,,adg_2025_candidates_unified.xlsx
local_2025,__main__,pr,gd,ქართული ოცნება,41,30,კასპი,5,,გიორგი,ჯალალი,გიორგი ჯალალი,,,adg_2025_candidates_unified.xlsx
local_2025,__main__,pr,gd,ქართული ოცნება,41,30,კასპი,6,,ზურიკო,ჩადუნელი,ზურიკო ჩადუნელი,,,adg_2025_candidates_unified.xlsx
local_2025,__main__,pr,gd,ქართული ოცნება,41,30,კასპი,7,,ილია,ქამხაძე,ილია ქამხაძე,,,adg_2025_candidates_unified.xlsx
local_2025,__main__,pr,gd,ქართული ოცნება,41,30,კასპი,8,,გიორგი,მჭედლიშვილი,გიორგი მჭედლიშვილი,,,adg_2025_candidates_unified.xlsx
local_2025,__main__,pr,gd,ქართული ოცნება,41,30,კასპი,9,,ბადრი,ჯანიაშვილი,ბადრი ჯანიაშვილი,,,adg_2025_candidates_unified.xlsx
local_2025,__main__,pr,gd,ქართული ოცნება,41,30,კასპი,10,,ლედი,ონეზაშვილი,ლედი ონეზაშვილი,,,adg_2025_candidates_unified.xlsx
local_2025,__main__,pr,gd,ქართული ოცნება,41,30,კასპი,11,,ლევან,გახელაძე,ლევან გახელაძე,,,adg_2025_candidates_unified.xlsx
local_2025,__main__,pr,gd,ქართული ოცნება,41,30,კასპი,12,,ბეგი,თათრიშვილი,ბეგი თათრიშვილი,,,adg_2025_candidates_unified.xlsx
local_2025,__main__,pr,gd,ქართული ოცნება,41,30,კასპი,13,,გივი,კობაური,გივი კობაური,,,adg_2025_candidates_unified.xlsx
local_2025,__main__,pr,gd,ქართული ოცნება,41,30,კასპი,14,,რამაზი,ხიზანიშვილი,რამაზი ხიზანიშვილი,,,adg_2025_candidates_unified.xlsx
local_2025,__main__,pr,gd,ქართული ოცნება,41,30,კასპი,15,,შალვა,ილურიძე,შალვა ილურიძე,,,adg_2025_candidates_unified.xlsx
local_2025,__main__,pr,gd,ქართული ოცნება,41,30,კასპი,16,,თეიმურაზ,ალიევი,თეიმურაზ ალიევი,,,adg_2025_candidates_unified.xlsx
local_2025,__main__,pr,gd,ქართული ოცნება,41,30,კასპი,17,,შორენა,შეშაბერიძე,შორენა შეშაბერიძე,,,adg_2025_candidates_unified.xlsx
local_2025,__main__,pr,gd,ქართული ოცნება,41,30,კასპი,18,,ნატალია,ცინცაძე,ნატალია ცინცაძე,,,adg_2025_candidates_unified.xlsx
local_2025,__main__,pr,gd,ქართული ოცნება,41,30,კასპი,19,,ნათია,შერმადინი,ნათია შერმადინი,,,adg_2025_candidates_unified.xlsx
local_2025,__main__,pr,gd,ქართული ოცნება,41,30,კასპი,20,,ზაზა,გეჯაძე,ზაზა გეჯაძე,,,adg_2025_candidates_unified.xlsx
local_2025,__main__,pr,gd,ქართული ოცნება,41,30,კასპი,21,,გიორგი,თაბუაშვილი,გიორგი თაბუაშვილი,,,adg_2025_candidates_unified.xlsx
local_2025,__main__,pr,gd,ქართული ოცნება,41,30,კასპი,22,,ლიკა,ფასიაშვილი,ლიკა ფასიაშვილი,,,adg_2025_candidates_unified.xlsx
local_2025,__main__,pr,gd,ქართული ოცნება,41,30,კასპი,23,,ალექსი,მერებაშვილი,ალექსი მერებაშვილი,,,adg_2025_candidates_unified.xlsx
local_2025,__main__,pr,gd,ქართული ოცნება,41,30,კასპი,24,,მანანა,მარგიანი,მანანა მარგიანი,,,adg_2025_candidates_unified.xlsx
local_2025,__main__,pr,gd,ქართული ოცნება,41,30,კასპი,25,,თამარ,ნონიაშვილი,თამარ ნონიაშვილი,,,adg_2025_candidates_unified.xlsx
local_2025,__main__,pr,conservatives_geo,„კონსერვატორები საქართველოსთვის“,3,32,გორი,1,,გიორგი,ანიაშვილი,გიორგი ანიაშვილი,,,adg_2025_candidates_unified.xlsx
local_2025,__main__,pr,conservatives_geo,„კონსერვატორები საქართველოსთვის“,3,32,გორი,2,,ნოდარ,დემურიშვილი,ნოდარ დემურიშვილი,,,adg_2025_candidates_unified.xlsx
local_2025,__main__,pr,conservatives_geo,„კონსერვატორები საქართველოსთვის“,3,32,გორი,3,,ზურაბ,ანიაშვილი,ზურაბ ანიაშვილი,,,adg_2025_candidates_unified.xlsx
local_2025,__main__,pr,conservatives_geo,„კონსერვატორები საქართველოსთვის“,3,32,გორი,4,,იოსებ,გიუნაშვილი,იოსებ გიუნაშვილი,,,adg_2025_candidates_unified.xlsx
local_2025,__main__,pr,conservatives_geo,„კონსერვატორები საქართველოსთვის“,3,32,გორი,5,,დავით,ოქუაშვილი,დავით ოქუაშვილი,,,adg_2025_candidates_unified.xlsx
local_2025,__main__,pr,conservatives_geo,„კონსერვატორები საქართველოსთვის“,3,32,გორი,6,,ზურაბ,ხარიბეგაშვილი,ზურაბ ხარიბეგაშვილი,,,adg_2025_candidates_unified.xlsx
local_2025,__main__,pr,conservatives_geo,„კონსერვატორები საქართველოსთვის“,3,32,გორი,7,,დავით,გოგიაშვილი,დავით გოგიაშვილი,,,adg_2025_candidates_unified.xlsx
local_2025,__main__,pr,conservatives_geo,„კონსერვატორები საქართველოსთვის“,3,32,გორი,8,,ეთერ,გაზაშვილი,ეთერ გაზაშვილი,,,adg_2025_candidates_unified.xlsx
local_2025,__main__,pr,conservatives_geo,„კონსერვატორები საქართველოსთვის“,3,32,გორი,10,,ზაზა,მშვიდობაძე,ზაზა მშვიდობაძე,,,adg_2025_candidates_unified.xlsx
local_2025,__main__,pr,conservatives_geo,„კონსერვატორები საქართველოსთვის“,3,32,გორი,11,,ბონდო,გრძელიშვილი,ბონდო გრძელიშვილი,,,adg_2025_candidates_unified.xlsx
local_2025,__main__,pr,conservatives_geo,„კონსერვატორები საქართველოსთვის“,3,32,გორი,13,,სოსლან,ბიკოევ,სოსლან ბიკოევ,,,adg_2025_candidates_unified.xlsx
local_2025,__main__,pr,conservatives_geo,„კონსერვატორები საქართველოსთვის“,3,32,გორი,14,,ზაზა,წერეთელი,ზაზა წერეთელი,,,adg_2025_candidates_unified.xlsx
local_2025,__main__,pr,conservatives_geo,„კონსერვატორები საქართველოსთვის“,3,32,გორი,15,,დავით,ცაბაძე,დავით ცაბაძე,,,adg_2025_candidates_unified.xlsx
local_2025,__main__,pr,patriots,„საქართველოს პატრიოტთა ალიანსი“,8,32,გორი,1,,გიული,ახალკაცი,გიული ახალკაცი,,,adg_2025_candidates_unified.xlsx
local_2025,__main__,pr,patriots,„საქართველოს პატრიოტთა ალიანსი“,8,32,გორი,2,,ლიანა,ბუთხუზი,ლიანა ბუთხუზი,,,adg_2025_candidates_unified.xlsx
local_2025,__main__,pr,patriots,„საქართველოს პატრიოტთა ალიანსი“,8,32,გორი,3,,ნათია,გიგაური,ნათია გიგაური,,,adg_2025_candidates_unified.xlsx
local_2025,__main__,pr,patriots,„საქართველოს პატრიოტთა ალიანსი“,8,32,გორი,4,,მაია,მახათაძე,მაია მახათაძე,,,adg_2025_candidates_unified.xlsx
local_2025,__main__,pr,patriots,„საქართველოს პატრიოტთა ალიანსი“,8,32,გორი,5,,ნინო,ვანიშვილი,ნინო ვანიშვილი,,,adg_2025_candidates_unified.xlsx
local_2025,__main__,pr,patriots,„საქართველოს პატრიოტთა ალიანსი“,8,32,გორი,6,,თამარ,უზნაძე,თამარ უზნაძე,,,adg_2025_candidates_unified.xlsx
local_2025,__main__,pr,strong_georgia,ძლიერი საქართველო-ლელო,9,32,გორი,1,,გელა,შარვაშიძე,გელა შარვაშიძე,,,adg_2025_candidates_unified.xlsx
local_2025,__main__,pr,strong_georgia,ძლიერი საქართველო-ლელო,9,32,გორი,2,,მაია,კოჭლამაზაშვილი,მაია კოჭლამაზაშვილი,,,adg_2025_candidates_unified.xlsx
local_2025,__main__,pr,strong_georgia,ძლიერი საქართველო-ლელო,9,32,გორი,3,,ნაილი,მელანაშვილი,ნაილი მელანაშვილი,,,adg_2025_candidates_unified.xlsx
local_2025,__main__,pr,strong_georgia,ძლიერი საქართველო-ლელო,9,32,გორი,4,,მიხეილ,შარვაშიძე,მიხეილ შარვაშიძე,,,adg_2025_candidates_unified.xlsx
local_2025,__main__,pr,strong_georgia,ძლიერი საქართველო-ლელო,9,32,გორი,5,,ირმა,გოგიაშვილი,ირმა გოგიაშვილი,,,adg_2025_candidates_unified.xlsx
local_2025,__main__,pr,strong_georgia,ძლიერი საქართველო-ლელო,9,32,გორი,6,,რუსუდან,იმერლიშვილი,რუსუდან იმერლიშვილი,,,adg_2025_candidates_unified.xlsx
local_2025,__main__,pr,strong_georgia,ძლიერი საქართველო-ლელო,9,32,გორი,7,,ზაქარია,ვატიტაძე,ზაქარია ვატიტაძე,,,adg_2025_candidates_unified.xlsx
local_2025,__main__,pr,strong_georgia,ძლიერი საქართველო-ლელო,9,32,გორი,8,,თინათინი,ნადიბაიძე,თინათინი ნადიბაიძე,,,adg_2025_candidates_unified.xlsx
local_2025,__main__,pr,strong_georgia,ძლიერი საქართველო-ლელო,9,32,გორი,9,,აკაკი,ტერუნაშვილი,აკაკი ტერუნაშვილი,,,adg_2025_candidates_unified.xlsx
local_2025,__main__,pr,strong_georgia,ძლიერი საქართველო-ლელო,9,32,გორი,10,,ილია,ოქროაშვილი,ილია ოქროაშვილი,,,adg_2025_candidates_unified.xlsx
local_2025,__main__,pr,strong_georgia,ძლიერი საქართველო-ლელო,9,32,გორი,11,,ირმა,მთიულიშვილი,ირმა მთიულიშვილი,,,adg_2025_candidates_unified.xlsx
local_2025,__main__,pr,strong_georgia,ძლიერი საქართველო-ლელო,9,32,გორი,12,,ვალენტინა,გნოლიძე,ვალენტინა გნოლიძე,,,adg_2025_candidates_unified.xlsx
local_2025,__main__,pr,strong_georgia,ძლიერი საქართველო-ლელო,9,32,გორი,13,,გოჩა,ბზიშვილი,გოჩა ბზიშვილი,,,adg_2025_candidates_unified.xlsx
local_2025,__main__,pr,strong_georgia,ძლიერი საქართველო-ლელო,9,32,გორი,14,,ზაზა,ლაზარაშვილი,ზაზა ლაზარაშვილი,,,adg_2025_candidates_unified.xlsx
local_2025,__main__,pr,gakharia,„გახარია საქართველოსთვის“,25,32,გორი,1,,ლიანა,ჩლაჩიძე,ლიანა ჩლაჩიძე,,,adg_2025_candidates_unified.xlsx
local_2025,__main__,pr,gakharia,„გახარია საქართველოსთვის“,25,32,გორი,2,,შმაგი,ხუბულური,შმაგი ხუბულური,,,adg_2025_candidates_unified.xlsx
local_2025,__main__,pr,gakharia,„გახარია საქართველოსთვის“,25,32,გორი,3,,მერაბ,ჭანკოტაძე,მერაბ ჭანკოტაძე,,,adg_2025_candidates_unified.xlsx
local_2025,__main__,pr,gakharia,„გახარია საქართველოსთვის“,25,32,გორი,4,,მარიამ,მელაძე,მარიამ მელაძე,,,adg_2025_candidates_unified.xlsx
local_2025,__main__,pr,gakharia,„გახარია საქართველოსთვის“,25,32,გორი,5,,ივანე,ნუსხელიძე,ივანე ნუსხელიძე,,,adg_2025_candidates_unified.xlsx
local_2025,__main__,pr,gakharia,„გახარია საქართველოსთვის“,25,32,გორი,6,,დავით,ბუჟღულაშვილი,დავით ბუჟღულაშვილი,,,adg_2025_candidates_unified.xlsx
local_2025,__main__,pr,gakharia,„გახარია საქართველოსთვის“,25,32,გორი,7,,ჯამბულ,მაყიშვილი,ჯამბულ მაყიშვილი,,,adg_2025_candidates_unified.xlsx
local_2025,__main__,pr,gakharia,„გახარია საქართველოსთვის“,25,32,გორი,8,,მიხეილ,ქობლიანიძე,მიხეილ ქობლიანიძე,,,adg_2025_candidates_unified.xlsx
local_2025,__main__,pr,gakharia,„გახარია საქართველოსთვის“,25,32,გორი,9,,კოსტანტინე,სამხარაძე,კოსტანტინე სამხარაძე,,,adg_2025_candidates_unified.xlsx
local_2025,__main__,pr,gakharia,„გახარია საქართველოსთვის“,25,32,გორი,10,,მიხეილ,ხუბულური,მიხეილ ხუბულური,,,adg_2025_candidates_unified.xlsx
local_2025,__main__,pr,gakharia,„გახარია საქართველოსთვის“,25,32,გორი,11,,კონსტანტინე,კერესელიძე,კონსტანტინე კერესელიძე,,,adg_2025_candidates_unified.xlsx
local_2025,__main__,pr,gakharia,„გახარია საქართველოსთვის“,25,32,გორი,12,,გოჩა,კურტანიძე,გოჩა კურტანიძე,,,adg_2025_candidates_unified.xlsx
local_2025,__main__,pr,gakharia,„გახარია საქართველოსთვის“,25,32,გორი,13,,ლაშა,ასკილაშვილი,ლაშა ასკილაშვილი,,,adg_2025_candidates_unified.xlsx
local_2025,__main__,pr,gakharia,„გახარია საქართველოსთვის“,25,32,გორი,14,,ღვთისო,გოგიჩაშვილი,ღვთისო გოგიჩაშვილი,,,adg_2025_candidates_unified.xlsx
local_2025,__main__,pr,girchi,გირჩი,36,32,გორი,1,,გიორგი,ბერკაცაშვილი,გიორგი ბერკაცაშვილი,,,adg_2025_candidates_unified.xlsx
local_2025,__main__,pr,girchi,გირჩი,36,32,გორი,2,,დავით,სამხარაძე,დავით სამხარაძე,,,adg_2025_candidates_unified.xlsx
local_2025,__main__,pr,girchi,გირჩი,36,32,გორი,3,,დავით,დვალიშვილი,დავით დვალიშვილი,,,adg_2025_candidates_unified.xlsx
local_2025,__main__,pr,girchi,გირჩი,36,32,გორი,4,,ნინო,მინდიაშვილი,ნინო მინდიაშვილი,,,adg_2025_candidates_unified.xlsx
local_2025,__main__,pr,girchi,გირჩი,36,32,გორი,5,,ნათია,დარჯანია,ნათია დარჯანია,,,adg_2025_candidates_unified.xlsx
local_2025,__main__,pr,girchi,გირჩი,36,32,გორი,6,,ხვიჩა,მითაიშვილი,ხვიჩა მითაიშვილი,,,adg_2025_candidates_unified.xlsx
local_2025,__main__,pr,gd,ქართული ოცნება,41,32,გორი,1,,ნინო,წიკლაური,ნინო წიკლაური,,,adg_2025_candidates_unified.xlsx
local_2025,__main__,pr,gd,ქართული ოცნება,41,32,გორი,2,,მარლენ,ნადირაძე,მარლენ ნადირაძე,,,adg_2025_candidates_unified.xlsx
local_2025,__main__,pr,gd,ქართული ოცნება,41,32,გორი,3,,არჩილ,ბარამიძე,არჩილ ბარამიძე,,,adg_2025_candidates_unified.xlsx
local_2025,__main__,pr,gd,ქართული ოცნება,41,32,გორი,4,,ნოდარ,მეტრეველი,ნოდარ მეტრეველი,,,adg_2025_candidates_unified.xlsx
local_2025,__main__,pr,gd,ქართული ოცნება,41,32,გორი,5,,გიორგი,პაპიძე,გიორგი პაპიძე,,,adg_2025_candidates_unified.xlsx
local_2025,__main__,pr,gd,ქართული ოცნება,41,32,გორი,6,,ზურაბ,ყაულაშვილი,ზურაბ ყაულაშვილი,,,adg_2025_candidates_unified.xlsx
local_2025,__main__,pr,gd,ქართული ოცნება,41,32,გორი,7,,ლეილა,მამულაშვილი,ლეილა მამულაშვილი,,,adg_2025_candidates_unified.xlsx
local_2025,__main__,pr,gd,ქართული ოცნება,41,32,გორი,8,,მამუკა,ბაზანდარაშვილი,მამუკა ბაზანდარაშვილი,,,adg_2025_candidates_unified.xlsx
local_2025,__main__,pr,gd,ქართული ოცნება,41,32,გორი,9,,მერაბ,სულეიმანიშვილი,მერაბ სულეიმანიშვილი,,,adg_2025_candidates_unified.xlsx
local_2025,__main__,pr,gd,ქართული ოცნება,41,32,გორი,10,,ზურაბ,ზურაბაშვილი,ზურაბ ზურაბაშვილი,,,adg_2025_candidates_unified.xlsx
local_2025,__main__,pr,gd,ქართული ოცნება,41,32,გორი,11,,თინათინ,წერეთელი,თინათინ წერეთელი,,,adg_2025_candidates_unified.xlsx
local_2025,__main__,pr,gd,ქართული ოცნება,41,32,გორი,12,,აარონ,ძორელაშვილი,აარონ ძორელაშვილი,,,adg_2025_candidates_unified.xlsx
local_2025,__main__,pr,gd,ქართული ოცნება,41,32,გორი,13,,ლიანა,ოქროპირიძე,ლიანა ოქროპირიძე,,,adg_2025_candidates_unified.xlsx
local_2025,__main__,pr,gd,ქართული ოცნება,41,32,გორი,14,,გიორგი,ხორბალაძე,გიორგი ხორბალაძე,,,adg_2025_candidates_unified.xlsx
local_2025,__main__,pr,gd,ქართული ოცნება,41,32,გორი,15,,ივანე,ბალახაშვილი,ივანე ბალახაშვილი,,,adg_2025_candidates_unified.xlsx
local_2025,__main__,pr,gd,ქართული ოცნება,41,32,გორი,16,,ზურაბ,ილურიძე,ზურაბ ილურიძე,,,adg_2025_candidates_unified.xlsx
local_2025,__main__,pr,gd,ქართული ოცნება,41,32,გორი,17,,ზაზა,მირუაშვილი,ზაზა მირუაშვილი,,,adg_2025_candidates_unified.xlsx
local_2025,__main__,pr,gd,ქართული ოცნება,41,32,გორი,18,,ნანი,ოქროპირიძე,ნანი ოქროპირიძე,,,adg_2025_candidates_unified.xlsx
local_2025,__main__,pr,gd,ქართული ოცნება,41,32,გორი,19,,კახაბერ,კაკაშვილი,კახაბერ კაკაშვილი,,,adg_2025_candidates_unified.xlsx
local_2025,__main__,pr,gd,ქართული ოცნება,41,32,გორი,20,,მიხეილ,გოგინაშვილი,მიხეილ გოგინაშვილი,,,adg_2025_candidates_unified.xlsx
local_2025,__main__,pr,gd,ქართული ოცნება,41,32,გორი,21,,მირიან,კლიმიაშვილი,მირიან კლიმიაშვილი,,,adg_2025_candidates_unified.xlsx
local_2025,__main__,pr,gd,ქართული ოცნება,41,32,გორი,22,,გია,მელაძე,გია მელაძე,,,adg_2025_candidates_unified.xlsx
local_2025,__main__,pr,gd,ქართული ოცნება,41,32,გორი,23,,ივანე,ბაბუციძე,ივანე ბაბუციძე,,,adg_2025_candidates_unified.xlsx
local_2025,__main__,pr,gd,ქართული ოცნება,41,32,გორი,24,,ავთანდილ,შოშიაშვილი,ავთანდილ შოშიაშვილი,,,adg_2025_candidates_unified.xlsx
local_2025,__main__,pr,gd,ქართული ოცნება,41,32,გორი,25,,ხვიჩა,ხიხალაშვილი,ხვიჩა ხიხალაშვილი,,,adg_2025_candidates_unified.xlsx
local_2025,__main__,pr,mamuli_ena,"„მამული, ენა, სარწმუნოება“",1,33,ქარელი,1,,მალხაზ,კორკოტაძე,მალხაზ კორკოტაძე,,,adg_2025_candidates_unified.xlsx
local_2025,__main__,pr,mamuli_ena,"„მამული, ენა, სარწმუნოება“",1,33,ქარელი,3,,ლევან,მექოშვილი,ლევან მექოშვილი,,,adg_2025_candidates_unified.xlsx
local_2025,__main__,pr,mamuli_ena,"„მამული, ენა, სარწმუნოება“",1,33,ქარელი,4,,დავით,შავდათუაშვილი,დავით შავდათუაშვილი,,,adg_2025_candidates_unified.xlsx
local_2025,__main__,pr,mamuli_ena,"„მამული, ენა, სარწმუნოება“",1,33,ქარელი,5,,ტარიელ,მძინარაშვილი,ტარიელ მძინარაშვილი,,,adg_2025_candidates_unified.xlsx
local_2025,__main__,pr,mamuli_ena,"„მამული, ენა, სარწმუნოება“",1,33,ქარელი,6,,ქაიხოსრო,ყიფიანი,ქაიხოსრო ყიფიანი,,,adg_2025_candidates_unified.xlsx
local_2025,__main__,pr,mamuli_ena,"„მამული, ენა, სარწმუნოება“",1,33,ქარელი,7,,იური,ყანჩაველი,იური ყანჩაველი,,,adg_2025_candidates_unified.xlsx
local_2025,__main__,pr,conservatives_geo,„კონსერვატორები საქართველოსთვის“,3,33,ქარელი,1,,გიორგი,კანდელაკი,გიორგი კანდელაკი,,,adg_2025_candidates_unified.xlsx
local_2025,__main__,pr,conservatives_geo,„კონსერვატორები საქართველოსთვის“,3,33,ქარელი,2,,მამუკა,ბურჯანიძე,მამუკა ბურჯანიძე,,,adg_2025_candidates_unified.xlsx
local_2025,__main__,pr,conservatives_geo,„კონსერვატორები საქართველოსთვის“,3,33,ქარელი,4,,გიორგი,მღებრიშვილი,გიორგი მღებრიშვილი,,,adg_2025_candidates_unified.xlsx
local_2025,__main__,pr,conservatives_geo,„კონსერვატორები საქართველოსთვის“,3,33,ქარელი,5,,სოფიო,ფეიქრიშვილი,სოფიო ფეიქრიშვილი,,,adg_2025_candidates_unified.xlsx
local_2025,__main__,pr,conservatives_geo,„კონსერვატორები საქართველოსთვის“,3,33,ქარელი,6,,თამარ,მეტრეველი,თამარ მეტრეველი,,,adg_2025_candidates_unified.xlsx
local_2025,__main__,pr,conservatives_geo,„კონსერვატორები საქართველოსთვის“,3,33,ქარელი,7,,თეა,გურასპიშვილი,თეა გურასპიშვილი,,,adg_2025_candidates_unified.xlsx
local_2025,__main__,pr,conservatives_geo,„კონსერვატორები საქართველოსთვის“,3,33,ქარელი,8,,გიორგი,სანდოძე,გიორგი სანდოძე,,,adg_2025_candidates_unified.xlsx
local_2025,__main__,pr,conservatives_geo,„კონსერვატორები საქართველოსთვის“,3,33,ქარელი,9,,ლაშა,ნადირაშვილი,ლაშა ნადირაშვილი,,,adg_2025_candidates_unified.xlsx
local_2025,__main__,pr,patriots,„საქართველოს პატრიოტთა ალიანსი“,8,33,ქარელი,1,,ზურაბ,ქველაძე,ზურაბ ქველაძე,,,adg_2025_candidates_unified.xlsx
local_2025,__main__,pr,patriots,„საქართველოს პატრიოტთა ალიანსი“,8,33,ქარელი,2,,ლალი,ნოზაძე,ლალი ნოზაძე,,,adg_2025_candidates_unified.xlsx
local_2025,__main__,pr,patriots,„საქართველოს პატრიოტთა ალიანსი“,8,33,ქარელი,3,,ილია,ქველაძე,ილია ქველაძე,,,adg_2025_candidates_unified.xlsx
local_2025,__main__,pr,patriots,„საქართველოს პატრიოტთა ალიანსი“,8,33,ქარელი,4,,კახა,არხოშაშვილი,კახა არხოშაშვილი,,,adg_2025_candidates_unified.xlsx
local_2025,__main__,pr,patriots,„საქართველოს პატრიოტთა ალიანსი“,8,33,ქარელი,5,,თაია,ქველაძე,თაია ქველაძე,,,adg_2025_candidates_unified.xlsx
local_2025,__main__,pr,patriots,„საქართველოს პატრიოტთა ალიანსი“,8,33,ქარელი,6,,გურამი,მულაძე,გურამი მულაძე,,,adg_2025_candidates_unified.xlsx
local_2025,__main__,pr,patriots,„საქართველოს პატრიოტთა ალიანსი“,8,33,ქარელი,7,,მერი,ქველაძე,მერი ქველაძე,,,adg_2025_candidates_unified.xlsx
local_2025,__main__,pr,patriots,„საქართველოს პატრიოტთა ალიანსი“,8,33,ქარელი,8,,სოფიკო,ქველაძე,სოფიკო ქველაძე,,,adg_2025_candidates_unified.xlsx
local_2025,__main__,pr,strong_georgia,ძლიერი საქართველო-ლელო,9,33,ქარელი,1,,ზურაბ,ლეკიშვილი,ზურაბ ლეკიშვილი,,,adg_2025_candidates_unified.xlsx
local_2025,__main__,pr,strong_georgia,ძლიერი საქართველო-ლელო,9,33,ქარელი,2,,ნოდარ,გიგაური,ნოდარ გიგაური,,,adg_2025_candidates_unified.xlsx
local_2025,__main__,pr,strong_georgia,ძლიერი საქართველო-ლელო,9,33,ქარელი,3,,ვახტანგ,გულიკაშვილი,ვახტანგ გულიკაშვილი,,,adg_2025_candidates_unified.xlsx
local_2025,__main__,pr,strong_georgia,ძლიერი საქართველო-ლელო,9,33,ქარელი,4,,სოფიო,ხაჭიპერაძე,სოფიო ხაჭიპერაძე,,,adg_2025_candidates_unified.xlsx
local_2025,__main__,pr,strong_georgia,ძლიერი საქართველო-ლელო,9,33,ქარელი,5,,შორენა,ხაჩიძე,შორენა ხაჩიძე,,,adg_2025_candidates_unified.xlsx
local_2025,__main__,pr,strong_georgia,ძლიერი საქართველო-ლელო,9,33,ქარელი,6,,ბეგლარ,წოწოლაშვილი,ბეგლარ წოწოლაშვილი,,,adg_2025_candidates_unified.xlsx
local_2025,__main__,pr,strong_georgia,ძლიერი საქართველო-ლელო,9,33,ქარელი,7,,გია,ინდუაშვილი,გია ინდუაშვილი,,,adg_2025_candidates_unified.xlsx
local_2025,__main__,pr,strong_georgia,ძლიერი საქართველო-ლელო,9,33,ქარელი,8,,ბონდო,წოწოლაშვილი,ბონდო წოწოლაშვილი,,,adg_2025_candidates_unified.xlsx
local_2025,__main__,pr,strong_georgia,ძლიერი საქართველო-ლელო,9,33,ქარელი,9,,ბესიკი,ქვრივიშვილი,ბესიკი ქვრივიშვილი,,,adg_2025_candidates_unified.xlsx
local_2025,__main__,pr,strong_georgia,ძლიერი საქართველო-ლელო,9,33,ქარელი,10,,ვლადიმერ,ბუზალაძე,ვლადიმერ ბუზალაძე,,,adg_2025_candidates_unified.xlsx
local_2025,__main__,pr,gakharia,„გახარია საქართველოსთვის“,25,33,ქარელი,1,,ვასილ,ბაქრაძე,ვასილ ბაქრაძე,,,adg_2025_candidates_unified.xlsx
local_2025,__main__,pr,gakharia,„გახარია საქართველოსთვის“,25,33,ქარელი,2,,ტარიელ,ჯავახიშვილი,ტარიელ ჯავახიშვილი,,,adg_2025_candidates_unified.xlsx
local_2025,__main__,pr,gakharia,„გახარია საქართველოსთვის“,25,33,ქარელი,3,,ილია,დაბრუნდაშვილი,ილია დაბრუნდაშვილი,,,adg_2025_candidates_unified.xlsx
local_2025,__main__,pr,gakharia,„გახარია საქართველოსთვის“,25,33,ქარელი,4,,ამირან,კოპაძე,ამირან კოპაძე,,,adg_2025_candidates_unified.xlsx
local_2025,__main__,pr,gakharia,„გახარია საქართველოსთვის“,25,33,ქარელი,5,,ვლადიმერ,ალიბეგაშვილი,ვლადიმერ ალიბეგაშვილი,,,adg_2025_candidates_unified.xlsx
local_2025,__main__,pr,gakharia,„გახარია საქართველოსთვის“,25,33,ქარელი,6,,დანიელ,გიგაური,დანიელ გიგაური,,,adg_2025_candidates_unified.xlsx
local_2025,__main__,pr,gakharia,„გახარია საქართველოსთვის“,25,33,ქარელი,7,,გიორგი,მღებრიშვილი,გიორგი მღებრიშვილი,,,adg_2025_candidates_unified.xlsx
local_2025,__main__,pr,gakharia,„გახარია საქართველოსთვის“,25,33,ქარელი,8,,გიორგი,ალიბეგაშვილი,გიორგი ალიბეგაშვილი,,,adg_2025_candidates_unified.xlsx
local_2025,__main__,pr,gakharia,„გახარია საქართველოსთვის“,25,33,ქარელი,9,,ნანა,გოგიჩაშვილი,ნანა გოგიჩაშვილი,,,adg_2025_candidates_unified.xlsx
local_2025,__main__,pr,gakharia,„გახარია საქართველოსთვის“,25,33,ქარელი,11,,რამაზი,ჩინჩალაძე,რამაზი ჩინჩალაძე,,,adg_2025_candidates_unified.xlsx
local_2025,__main__,pr,gakharia,„გახარია საქართველოსთვის“,25,33,ქარელი,12,,ვაჟა,ბაქრაძე,ვაჟა ბაქრაძე,,,adg_2025_candidates_unified.xlsx
local_2025,__main__,pr,gd,ქართული ოცნება,41,33,ქარელი,1,,ცირა,ინდუაშვილი,ცირა ინდუაშვილი,,,adg_2025_candidates_unified.xlsx
local_2025,__main__,pr,gd,ქართული ოცნება,41,33,ქარელი,2,,ილია,ქელეხსაშვილი,ილია ქელეხსაშვილი,,,adg_2025_candidates_unified.xlsx
local_2025,__main__,pr,gd,ქართული ოცნება,41,33,ქარელი,3,,გია,კუთხაშვილი,გია კუთხაშვილი,,,adg_2025_candidates_unified.xlsx
local_2025,__main__,pr,gd,ქართული ოცნება,41,33,ქარელი,4,,ზურაბი,ახმედოვი,ზურაბი ახმედოვი,,,adg_2025_candidates_unified.xlsx
local_2025,__main__,pr,gd,ქართული ოცნება,41,33,ქარელი,5,,გიორგი,ჩხიკვაძე,გიორგი ჩხიკვაძე,,,adg_2025_candidates_unified.xlsx
local_2025,__main__,pr,gd,ქართული ოცნება,41,33,ქარელი,6,,აკაკი,ბერიკაშვილი,აკაკი ბერიკაშვილი,,,adg_2025_candidates_unified.xlsx
local_2025,__main__,pr,gd,ქართული ოცნება,41,33,ქარელი,7,,ნინო,ლომსაძე,ნინო ლომსაძე,,,adg_2025_candidates_unified.xlsx
local_2025,__main__,pr,gd,ქართული ოცნება,41,33,ქარელი,8,,მიხეილ,ხათაშვილი,მიხეილ ხათაშვილი,,,adg_2025_candidates_unified.xlsx
local_2025,__main__,pr,gd,ქართული ოცნება,41,33,ქარელი,9,,გიგა,მამესწარაშვილი,გიგა მამესწარაშვილი,,,adg_2025_candidates_unified.xlsx
local_2025,__main__,pr,gd,ქართული ოცნება,41,33,ქარელი,10,,ბექა,სულაშვილი,ბექა სულაშვილი,,,adg_2025_candidates_unified.xlsx
local_2025,__main__,pr,gd,ქართული ოცნება,41,33,ქარელი,11,,ზვიად,იმერლიშვილი,ზვიად იმერლიშვილი,,,adg_2025_candidates_unified.xlsx
local_2025,__main__,pr,gd,ქართული ოცნება,41,33,ქარელი,12,,თამაზი,თურმანიძე,თამაზი თურმანიძე,,,adg_2025_candidates_unified.xlsx
local_2025,__main__,pr,gd,ქართული ოცნება,41,33,ქარელი,13,,ლალი,გეგელაშვილი,ლალი გეგელაშვილი,,,adg_2025_candidates_unified.xlsx
local_2025,__main__,pr,gd,ქართული ოცნება,41,33,ქარელი,15,,სოფიო,ჩოჩიშვილი,სოფიო ჩოჩიშვილი,,,adg_2025_candidates_unified.xlsx
local_2025,__main__,pr,gd,ქართული ოცნება,41,33,ქარელი,16,,მანონი,მანაგაძე,მანონი მანაგაძე,,,adg_2025_candidates_unified.xlsx
local_2025,__main__,pr,gd,ქართული ოცნება,41,33,ქარელი,17,,კახაბერ,მამესწარაშვილი,კახაბერ მამესწარაშვილი,,,adg_2025_candidates_unified.xlsx
local_2025,__main__,pr,gd,ქართული ოცნება,41,33,ქარელი,18,,გიორგი,ქიტიაშვილი,გიორგი ქიტიაშვილი,,,adg_2025_candidates_unified.xlsx
local_2025,__main__,pr,gd,ქართული ოცნება,41,33,ქარელი,19,,გიორგი,გოდელაძე,გიორგი გოდელაძე,,,adg_2025_candidates_unified.xlsx
local_2025,__main__,pr,gd,ქართული ოცნება,41,33,ქარელი,20,,გიორგი,ლომიძე,გიორგი ლომიძე,,,adg_2025_candidates_unified.xlsx
local_2025,__main__,pr,conservatives_geo,„კონსერვატორები საქართველოსთვის“,3,35,ხაშური,1,,გიორგი,ოსიტაშვილი,გიორგი ოსიტაშვილი,,,adg_2025_candidates_unified.xlsx
local_2025,__main__,pr,conservatives_geo,„კონსერვატორები საქართველოსთვის“,3,35,ხაშური,2,,გიორგი,კანთელაშვილი,გიორგი კანთელაშვილი,,,adg_2025_candidates_unified.xlsx
local_2025,__main__,pr,conservatives_geo,„კონსერვატორები საქართველოსთვის“,3,35,ხაშური,3,,ბორისი,ხეცაძე,ბორისი ხეცაძე,,,adg_2025_candidates_unified.xlsx
local_2025,__main__,pr,conservatives_geo,„კონსერვატორები საქართველოსთვის“,3,35,ხაშური,4,,გიორგი,ხარაზიშვილი,გიორგი ხარაზიშვილი,,,adg_2025_candidates_unified.xlsx
local_2025,__main__,pr,conservatives_geo,„კონსერვატორები საქართველოსთვის“,3,35,ხაშური,5,,კონსტანტინე,თუმანიშვილი,კონსტანტინე თუმანიშვილი,,,adg_2025_candidates_unified.xlsx
local_2025,__main__,pr,conservatives_geo,„კონსერვატორები საქართველოსთვის“,3,35,ხაშური,6,,სოლომონ,თედიაშვილი,სოლომონ თედიაშვილი,,,adg_2025_candidates_unified.xlsx
local_2025,__main__,pr,conservatives_geo,„კონსერვატორები საქართველოსთვის“,3,35,ხაშური,7,,ლალი,ბინსონი,ლალი ბინსონი,,,adg_2025_candidates_unified.xlsx
local_2025,__main__,pr,conservatives_geo,„კონსერვატორები საქართველოსთვის“,3,35,ხაშური,8,,ავთანდილ,თიბილაშვილი,ავთანდილ თიბილაშვილი,,,adg_2025_candidates_unified.xlsx
local_2025,__main__,pr,conservatives_geo,„კონსერვატორები საქართველოსთვის“,3,35,ხაშური,9,,რამაზ,რაზმაძე,რამაზ რაზმაძე,,,adg_2025_candidates_unified.xlsx
local_2025,__main__,pr,conservatives_geo,„კონსერვატორები საქართველოსთვის“,3,35,ხაშური,10,,მურმან,კიპაროიძე,მურმან კიპაროიძე,,,adg_2025_candidates_unified.xlsx
local_2025,__main__,pr,conservatives_geo,„კონსერვატორები საქართველოსთვის“,3,35,ხაშური,11,,გელა,ოსიტაშვილი,გელა ოსიტაშვილი,,,adg_2025_candidates_unified.xlsx
local_2025,__main__,pr,patriots,„საქართველოს პატრიოტთა ალიანსი“,8,35,ხაშური,1,,დავით,ბანცაძე,დავით ბანცაძე,,,adg_2025_candidates_unified.xlsx
local_2025,__main__,pr,patriots,„საქართველოს პატრიოტთა ალიანსი“,8,35,ხაშური,2,,ვალერიან,ტეფნაძე,ვალერიან ტეფნაძე,,,adg_2025_candidates_unified.xlsx
local_2025,__main__,pr,patriots,„საქართველოს პატრიოტთა ალიანსი“,8,35,ხაშური,3,,ალექსანდრე,კიკნაძე,ალექსანდრე კიკნაძე,,,adg_2025_candidates_unified.xlsx
local_2025,__main__,pr,patriots,„საქართველოს პატრიოტთა ალიანსი“,8,35,ხაშური,4,,ქეთევან,ბირკაძე,ქეთევან ბირკაძე,,,adg_2025_candidates_unified.xlsx
local_2025,__main__,pr,patriots,„საქართველოს პატრიოტთა ალიანსი“,8,35,ხაშური,5,,თამაზ,თოფჩიაშვილი,თამაზ თოფჩიაშვილი,,,adg_2025_candidates_unified.xlsx
local_2025,__main__,pr,patriots,„საქართველოს პატრიოტთა ალიანსი“,8,35,ხაშური,7,,რობიზონ,ჩიმჩიური,რობიზონ ჩიმჩიური,,,adg_2025_candidates_unified.xlsx
local_2025,__main__,pr,patriots,„საქართველოს პატრიოტთა ალიანსი“,8,35,ხაშური,8,,ეთერ,ლომსაძე,ეთერ ლომსაძე,,,adg_2025_candidates_unified.xlsx
local_2025,__main__,pr,patriots,„საქართველოს პატრიოტთა ალიანსი“,8,35,ხაშური,10,,ნინა,გელაშვილი,ნინა გელაშვილი,,,adg_2025_candidates_unified.xlsx
local_2025,__main__,pr,strong_georgia,ძლიერი საქართველო-ლელო,9,35,ხაშური,1,,მაია,ახალკაცი,მაია ახალკაცი,,,adg_2025_candidates_unified.xlsx
local_2025,__main__,pr,strong_georgia,ძლიერი საქართველო-ლელო,9,35,ხაშური,2,,ქეთინო,გელაშვილი,ქეთინო გელაშვილი,,,adg_2025_candidates_unified.xlsx
local_2025,__main__,pr,strong_georgia,ძლიერი საქართველო-ლელო,9,35,ხაშური,3,,ემზარ,სულაბერიძე,ემზარ სულაბერიძე,,,adg_2025_candidates_unified.xlsx
local_2025,__main__,pr,strong_georgia,ძლიერი საქართველო-ლელო,9,35,ხაშური,4,,ირმა,მურჯიკნელი,ირმა მურჯიკნელი,,,adg_2025_candidates_unified.xlsx
local_2025,__main__,pr,strong_georgia,ძლიერი საქართველო-ლელო,9,35,ხაშური,5,,გიორგი,კობიაშვილი,გიორგი კობიაშვილი,,,adg_2025_candidates_unified.xlsx
local_2025,__main__,pr,strong_georgia,ძლიერი საქართველო-ლელო,9,35,ხაშური,6,,ია,ჯოხაძე,ია ჯოხაძე,,,adg_2025_candidates_unified.xlsx
local_2025,__main__,pr,strong_georgia,ძლიერი საქართველო-ლელო,9,35,ხაშური,7,,ზაზა,ქურდაძე,ზაზა ქურდაძე,,,adg_2025_candidates_unified.xlsx
local_2025,__main__,pr,strong_georgia,ძლიერი საქართველო-ლელო,9,35,ხაშური,8,,ჯუმბერ,ახალკაცი,ჯუმბერ ახალკაცი,,,adg_2025_candidates_unified.xlsx
local_2025,__main__,pr,strong_georgia,ძლიერი საქართველო-ლელო,9,35,ხაშური,9,,მარიამ,ხვედელიანი,მარიამ ხვედელიანი,,,adg_2025_candidates_unified.xlsx
local_2025,__main__,pr,gakharia,„გახარია საქართველოსთვის“,25,35,ხაშური,1,,ირინე,გელაშვილი,ირინე გელაშვილი,,,adg_2025_candidates_unified.xlsx
local_2025,__main__,pr,gakharia,„გახარია საქართველოსთვის“,25,35,ხაშური,2,,მალხაზ,ლომსაძე,მალხაზ ლომსაძე,,,adg_2025_candidates_unified.xlsx
local_2025,__main__,pr,gakharia,„გახარია საქართველოსთვის“,25,35,ხაშური,3,,ანა,გელაშვილი,ანა გელაშვილი,,,adg_2025_candidates_unified.xlsx
local_2025,__main__,pr,gakharia,„გახარია საქართველოსთვის“,25,35,ხაშური,4,,ეკატერინე,მულაძე,ეკატერინე მულაძე,,,adg_2025_candidates_unified.xlsx
local_2025,__main__,pr,gakharia,„გახარია საქართველოსთვის“,25,35,ხაშური,5,,თეონა,გუგუბერიძე,თეონა გუგუბერიძე,,,adg_2025_candidates_unified.xlsx
local_2025,__main__,pr,gakharia,„გახარია საქართველოსთვის“,25,35,ხაშური,6,,ელენე,ლომიძე,ელენე ლომიძე,,,adg_2025_candidates_unified.xlsx
local_2025,__main__,pr,gakharia,„გახარია საქართველოსთვის“,25,35,ხაშური,7,,ირმა,ნაზარაშვილი,ირმა ნაზარაშვილი,,,adg_2025_candidates_unified.xlsx
local_2025,__main__,pr,gakharia,„გახარია საქართველოსთვის“,25,35,ხაშური,8,,ზვიად,გელაშვილი,ზვიად გელაშვილი,,,adg_2025_candidates_unified.xlsx
local_2025,__main__,pr,gakharia,„გახარია საქართველოსთვის“,25,35,ხაშური,9,,მზია,დონაძე,მზია დონაძე,,,adg_2025_candidates_unified.xlsx
local_2025,__main__,pr,gakharia,„გახარია საქართველოსთვის“,25,35,ხაშური,10,,თამარ,კიკაძე,თამარ კიკაძე,,,adg_2025_candidates_unified.xlsx
local_2025,__main__,pr,gakharia,„გახარია საქართველოსთვის“,25,35,ხაშური,11,,ნატო,კიკაძე,ნატო კიკაძე,,,adg_2025_candidates_unified.xlsx
local_2025,__main__,pr,girchi,გირჩი,36,35,ხაშური,1,,ზაზა,მეხრიშვილი,ზაზა მეხრიშვილი,,,adg_2025_candidates_unified.xlsx
local_2025,__main__,pr,girchi,გირჩი,36,35,ხაშური,2,,გურამ,ბიჭიკაშვილი,გურამ ბიჭიკაშვილი,,,adg_2025_candidates_unified.xlsx
local_2025,__main__,pr,girchi,გირჩი,36,35,ხაშური,3,,ფიქრია,შერაზადიშვილი,ფიქრია შერაზადიშვილი,,,adg_2025_candidates_unified.xlsx
local_2025,__main__,pr,girchi,გირჩი,36,35,ხაშური,4,,ხათუნა,მჭედლიძე,ხათუნა მჭედლიძე,,,adg_2025_candidates_unified.xlsx
local_2025,__main__,pr,girchi,გირჩი,36,35,ხაშური,5,,რამაზ,მეხრიშვილი,რამაზ მეხრიშვილი,,,adg_2025_candidates_unified.xlsx
local_2025,__main__,pr,girchi,გირჩი,36,35,ხაშური,6,,თორნიკე,ბიჭიკაშვილი,თორნიკე ბიჭიკაშვილი,,,adg_2025_candidates_unified.xlsx
local_2025,__main__,pr,gd,ქართული ოცნება,41,35,ხაშური,1,,ნინო,ლიპარტელიანი,ნინო ლიპარტელიანი,,,adg_2025_candidates_unified.xlsx
local_2025,__main__,pr,gd,ქართული ოცნება,41,35,ხაშური,2,,მიხეილ,ჯანაშვილი,მიხეილ ჯანაშვილი,,,adg_2025_candidates_unified.xlsx
local_2025,__main__,pr,gd,ქართული ოცნება,41,35,ხაშური,3,,ცოტნე,ნოზაძე,ცოტნე ნოზაძე,,,adg_2025_candidates_unified.xlsx
local_2025,__main__,pr,gd,ქართული ოცნება,41,35,ხაშური,4,,ალექსი,ნოზაძე,ალექსი ნოზაძე,,,adg_2025_candidates_unified.xlsx
local_2025,__main__,pr,gd,ქართული ოცნება,41,35,ხაშური,5,,გიორგი,მაჭარაშვილი,გიორგი მაჭარაშვილი,,,adg_2025_candidates_unified.xlsx
local_2025,__main__,pr,gd,ქართული ოცნება,41,35,ხაშური,6,,ზვიად,ქურდაძე,ზვიად ქურდაძე,,,adg_2025_candidates_unified.xlsx
local_2025,__main__,pr,gd,ქართული ოცნება,41,35,ხაშური,7,,მაყვალა,მაისურაძე,მაყვალა მაისურაძე,,,adg_2025_candidates_unified.xlsx
local_2025,__main__,pr,gd,ქართული ოცნება,41,35,ხაშური,8,,ალექსანდრე,სიმონიშვილი,ალექსანდრე სიმონიშვილი,,,adg_2025_candidates_unified.xlsx
local_2025,__main__,pr,gd,ქართული ოცნება,41,35,ხაშური,9,,ივანე,ციცვიძე,ივანე ციცვიძე,,,adg_2025_candidates_unified.xlsx
local_2025,__main__,pr,gd,ქართული ოცნება,41,35,ხაშური,10,,ეკა,ამირაშვილი,ეკა ამირაშვილი,,,adg_2025_candidates_unified.xlsx
local_2025,__main__,pr,gd,ქართული ოცნება,41,35,ხაშური,11,,კობა,ქუზიაშვილი,კობა ქუზიაშვილი,,,adg_2025_candidates_unified.xlsx
local_2025,__main__,pr,gd,ქართული ოცნება,41,35,ხაშური,12,,იზოლდა,ბანკანაშვილი,იზოლდა ბანკანაშვილი,,,adg_2025_candidates_unified.xlsx
local_2025,__main__,pr,gd,ქართული ოცნება,41,35,ხაშური,13,,თემურ,ჩუბინიძე,თემურ ჩუბინიძე,,,adg_2025_candidates_unified.xlsx
local_2025,__main__,pr,gd,ქართული ოცნება,41,35,ხაშური,14,,გიორგი,აბელიანი,გიორგი აბელიანი,,,adg_2025_candidates_unified.xlsx
local_2025,__main__,pr,gd,ქართული ოცნება,41,35,ხაშური,15,,ალექსანდრე,ქურდაძე,ალექსანდრე ქურდაძე,,,adg_2025_candidates_unified.xlsx
local_2025,__main__,pr,gd,ქართული ოცნება,41,35,ხაშური,16,,გიორგი,ნოზაძე,გიორგი ნოზაძე,,,adg_2025_candidates_unified.xlsx
local_2025,__main__,pr,gd,ქართული ოცნება,41,35,ხაშური,17,,ჯუმბერ,გოგოლაძე,ჯუმბერ გოგოლაძე,,,adg_2025_candidates_unified.xlsx
local_2025,__main__,pr,gd,ქართული ოცნება,41,35,ხაშური,18,,ირინე,ლომიძე,ირინე ლომიძე,,,adg_2025_candidates_unified.xlsx
local_2025,__main__,pr,gd,ქართული ოცნება,41,35,ხაშური,19,,თემურ,ცაცანაშვილი,თემურ ცაცანაშვილი,,,adg_2025_candidates_unified.xlsx
local_2025,__main__,pr,gd,ქართული ოცნება,41,35,ხაშური,20,,დიმიტრი,მულაძე,დიმიტრი მულაძე,,,adg_2025_candidates_unified.xlsx
local_2025,__main__,pr,gd,ქართული ოცნება,41,35,ხაშური,21,,ელგუჯა,ბესტავაშვილი,ელგუჯა ბესტავაშვილი,,,adg_2025_candidates_unified.xlsx
local_2025,__main__,pr,gd,ქართული ოცნება,41,35,ხაშური,22,,ეთერ,კილაძე,ეთერ კილაძე,,,adg_2025_candidates_unified.xlsx
local_2025,__main__,pr,gd,ქართული ოცნება,41,35,ხაშური,23,,გიორგი,ხაჩიძე,გიორგი ხაჩიძე,,,adg_2025_candidates_unified.xlsx
local_2025,__main__,pr,gd,ქართული ოცნება,41,35,ხაშური,24,,გიორგი,გელაშვილი,გიორგი გელაშვილი,,,adg_2025_candidates_unified.xlsx
local_2025,__main__,pr,gd,ქართული ოცნება,41,35,ხაშური,25,,ირმა,გურგენიძე,ირმა გურგენიძე,,,adg_2025_candidates_unified.xlsx
local_2025,__main__,pr,conservatives_geo,„კონსერვატორები საქართველოსთვის“,3,36,ბორჯომი,1,,მანუჩარ,ბაღდავანიძე,მანუჩარ ბაღდავანიძე,,,adg_2025_candidates_unified.xlsx
local_2025,__main__,pr,conservatives_geo,„კონსერვატორები საქართველოსთვის“,3,36,ბორჯომი,2,,ხათუნა,კვერნაძე,ხათუნა კვერნაძე,,,adg_2025_candidates_unified.xlsx
local_2025,__main__,pr,conservatives_geo,„კონსერვატორები საქართველოსთვის“,3,36,ბორჯომი,3,,ალექსანდრე,სტეფნაძე,ალექსანდრე სტეფნაძე,,,adg_2025_candidates_unified.xlsx
local_2025,__main__,pr,conservatives_geo,„კონსერვატორები საქართველოსთვის“,3,36,ბორჯომი,4,,ირაკლი,ტალახაძე,ირაკლი ტალახაძე,,,adg_2025_candidates_unified.xlsx
local_2025,__main__,pr,conservatives_geo,„კონსერვატორები საქართველოსთვის“,3,36,ბორჯომი,5,,მალხაზი,ლომსაძე,მალხაზი ლომსაძე,,,adg_2025_candidates_unified.xlsx
local_2025,__main__,pr,conservatives_geo,„კონსერვატორები საქართველოსთვის“,3,36,ბორჯომი,6,,ბექა,კობერიძე,ბექა კობერიძე,,,adg_2025_candidates_unified.xlsx
local_2025,__main__,pr,conservatives_geo,„კონსერვატორები საქართველოსთვის“,3,36,ბორჯომი,7,,ლევან,გოგოლაძე,ლევან გოგოლაძე,,,adg_2025_candidates_unified.xlsx
local_2025,__main__,pr,patriots,„საქართველოს პატრიოტთა ალიანსი“,8,36,ბორჯომი,1,,ტატიანა,მარტინენკო,ტატიანა მარტინენკო,,,adg_2025_candidates_unified.xlsx
local_2025,__main__,pr,patriots,„საქართველოს პატრიოტთა ალიანსი“,8,36,ბორჯომი,2,,თამარ,ლომიძე,თამარ ლომიძე,,,adg_2025_candidates_unified.xlsx
local_2025,__main__,pr,patriots,„საქართველოს პატრიოტთა ალიანსი“,8,36,ბორჯომი,3,,მიხეილ,ბალახაძე,მიხეილ ბალახაძე,,,adg_2025_candidates_unified.xlsx
local_2025,__main__,pr,patriots,„საქართველოს პატრიოტთა ალიანსი“,8,36,ბორჯომი,4,,სოფიკო,ლონდარიძე,სოფიკო ლონდარიძე,,,adg_2025_candidates_unified.xlsx
local_2025,__main__,pr,patriots,„საქართველოს პატრიოტთა ალიანსი“,8,36,ბორჯომი,5,,მარინე,გელაშვილი,მარინე გელაშვილი,,,adg_2025_candidates_unified.xlsx
local_2025,__main__,pr,patriots,„საქართველოს პატრიოტთა ალიანსი“,8,36,ბორჯომი,6,,ვლადიმერი,მოსესოვი,ვლადიმერი მოსესოვი,,,adg_2025_candidates_unified.xlsx
local_2025,__main__,pr,patriots,„საქართველოს პატრიოტთა ალიანსი“,8,36,ბორჯომი,7,,სილვარდ,მოსესოვი,სილვარდ მოსესოვი,,,adg_2025_candidates_unified.xlsx
local_2025,__main__,pr,strong_georgia,ძლიერი საქართველო-ლელო,9,36,ბორჯომი,1,,ბაქარ,შირაძე,ბაქარ შირაძე,,,adg_2025_candidates_unified.xlsx
local_2025,__main__,pr,strong_georgia,ძლიერი საქართველო-ლელო,9,36,ბორჯომი,2,,ზაურ,გეგეშიძე,ზაურ გეგეშიძე,,,adg_2025_candidates_unified.xlsx
local_2025,__main__,pr,strong_georgia,ძლიერი საქართველო-ლელო,9,36,ბორჯომი,3,,ზურაბ,ლაკვეხელიანი,ზურაბ ლაკვეხელიანი,,,adg_2025_candidates_unified.xlsx
local_2025,__main__,pr,strong_georgia,ძლიერი საქართველო-ლელო,9,36,ბორჯომი,4,,სოფიკო,კაჯაევი,სოფიკო კაჯაევი,,,adg_2025_candidates_unified.xlsx
local_2025,__main__,pr,strong_georgia,ძლიერი საქართველო-ლელო,9,36,ბორჯომი,5,,ნანა,მეხრიშვილი,ნანა მეხრიშვილი,,,adg_2025_candidates_unified.xlsx
local_2025,__main__,pr,strong_georgia,ძლიერი საქართველო-ლელო,9,36,ბორჯომი,6,,მალხაზ,დევაძე,მალხაზ დევაძე,,,adg_2025_candidates_unified.xlsx
local_2025,__main__,pr,strong_georgia,ძლიერი საქართველო-ლელო,9,36,ბორჯომი,7,,მამუკა,ფერაძე,მამუკა ფერაძე,,,adg_2025_candidates_unified.xlsx
local_2025,__main__,pr,strong_georgia,ძლიერი საქართველო-ლელო,9,36,ბორჯომი,8,,ზურაბი,შუბითიძე,ზურაბი შუბითიძე,,,adg_2025_candidates_unified.xlsx
local_2025,__main__,pr,strong_georgia,ძლიერი საქართველო-ლელო,9,36,ბორჯომი,9,,თამაზი,მამიჯანაშვილი,თამაზი მამიჯანაშვილი,,,adg_2025_candidates_unified.xlsx
local_2025,__main__,pr,strong_georgia,ძლიერი საქართველო-ლელო,9,36,ბორჯომი,10,,ვახტანგ,კილასონია,ვახტანგ კილასონია,,,adg_2025_candidates_unified.xlsx
local_2025,__main__,pr,strong_georgia,ძლიერი საქართველო-ლელო,9,36,ბორჯომი,11,,დიმიტრი,წურწუმია,დიმიტრი წურწუმია,,,adg_2025_candidates_unified.xlsx
local_2025,__main__,pr,strong_georgia,ძლიერი საქართველო-ლელო,9,36,ბორჯომი,12,,ლიანა,გაგოშვილი,ლიანა გაგოშვილი,,,adg_2025_candidates_unified.xlsx
local_2025,__main__,pr,strong_georgia,ძლიერი საქართველო-ლელო,9,36,ბორჯომი,13,,გიორგი,ხუციშვილი,გიორგი ხუციშვილი,,,adg_2025_candidates_unified.xlsx
local_2025,__main__,pr,strong_georgia,ძლიერი საქართველო-ლელო,9,36,ბორჯომი,14,,ხვიჩა,ჩადუნელი,ხვიჩა ჩადუნელი,,,adg_2025_candidates_unified.xlsx
local_2025,__main__,pr,gakharia,„გახარია საქართველოსთვის“,25,36,ბორჯომი,1,,ცირა,მესხიშვილი,ცირა მესხიშვილი,,,adg_2025_candidates_unified.xlsx
local_2025,__main__,pr,gakharia,„გახარია საქართველოსთვის“,25,36,ბორჯომი,2,,ზვიად,ბარდაველიძე,ზვიად ბარდაველიძე,,,adg_2025_candidates_unified.xlsx
local_2025,__main__,pr,gakharia,„გახარია საქართველოსთვის“,25,36,ბორჯომი,3,,ბესიკ,სიდამონიძე,ბესიკ სიდამონიძე,,,adg_2025_candidates_unified.xlsx
local_2025,__main__,pr,gakharia,„გახარია საქართველოსთვის“,25,36,ბორჯომი,4,,გიორგი,გელაშვილი,გიორგი გელაშვილი,,,adg_2025_candidates_unified.xlsx
local_2025,__main__,pr,gakharia,„გახარია საქართველოსთვის“,25,36,ბორჯომი,5,,ლუკა,გელაშვილი,ლუკა გელაშვილი,,,adg_2025_candidates_unified.xlsx
local_2025,__main__,pr,gakharia,„გახარია საქართველოსთვის“,25,36,ბორჯომი,6,,შოთა,გვარამაძე,შოთა გვარამაძე,,,adg_2025_candidates_unified.xlsx
local_2025,__main__,pr,gakharia,„გახარია საქართველოსთვის“,25,36,ბორჯომი,7,,მანანა,შაინიძე,მანანა შაინიძე,,,adg_2025_candidates_unified.xlsx
local_2025,__main__,pr,gakharia,„გახარია საქართველოსთვის“,25,36,ბორჯომი,8,,ავთანდილ,შაინიძე,ავთანდილ შაინიძე,,,adg_2025_candidates_unified.xlsx
local_2025,__main__,pr,gakharia,„გახარია საქართველოსთვის“,25,36,ბორჯომი,9,,რეზო,ბუსხრიკიძე,რეზო ბუსხრიკიძე,,,adg_2025_candidates_unified.xlsx
local_2025,__main__,pr,gakharia,„გახარია საქართველოსთვის“,25,36,ბორჯომი,10,,დავით,მერაბიშვილი,დავით მერაბიშვილი,,,adg_2025_candidates_unified.xlsx
local_2025,__main__,pr,gd,ქართული ოცნება,41,36,ბორჯომი,1,,გიორგი,ფერაძე,გიორგი ფერაძე,,,adg_2025_candidates_unified.xlsx
local_2025,__main__,pr,gd,ქართული ოცნება,41,36,ბორჯომი,2,,ნიკოლოზ,კიკნაძე,ნიკოლოზ კიკნაძე,,,adg_2025_candidates_unified.xlsx
local_2025,__main__,pr,gd,ქართული ოცნება,41,36,ბორჯომი,3,,რევაზ,ლაშხი,რევაზ ლაშხი,,,adg_2025_candidates_unified.xlsx
local_2025,__main__,pr,gd,ქართული ოცნება,41,36,ბორჯომი,4,,ოთარ,არბოლიშვილი,ოთარ არბოლიშვილი,,,adg_2025_candidates_unified.xlsx
local_2025,__main__,pr,gd,ქართული ოცნება,41,36,ბორჯომი,5,,მამუკა,ხითარიშვილი,მამუკა ხითარიშვილი,,,adg_2025_candidates_unified.xlsx
local_2025,__main__,pr,gd,ქართული ოცნება,41,36,ბორჯომი,6,,სალომე,თედელური,სალომე თედელური,,,adg_2025_candidates_unified.xlsx
local_2025,__main__,pr,gd,ქართული ოცნება,41,36,ბორჯომი,7,,ლევან,თედიაშვილი,ლევან თედიაშვილი,,,adg_2025_candidates_unified.xlsx
local_2025,__main__,pr,gd,ქართული ოცნება,41,36,ბორჯომი,8,,ზურაბი,კოპაძე,ზურაბი კოპაძე,,,adg_2025_candidates_unified.xlsx
local_2025,__main__,pr,gd,ქართული ოცნება,41,36,ბორჯომი,9,,დავით,თედიაშვილი,დავით თედიაშვილი,,,adg_2025_candidates_unified.xlsx
local_2025,__main__,pr,gd,ქართული ოცნება,41,36,ბორჯომი,10,,მიხეილ,გოგოლაძე,მიხეილ გოგოლაძე,,,adg_2025_candidates_unified.xlsx
local_2025,__main__,pr,gd,ქართული ოცნება,41,36,ბორჯომი,11,,გენადი,მუმლაძე,გენადი მუმლაძე,,,adg_2025_candidates_unified.xlsx
local_2025,__main__,pr,gd,ქართული ოცნება,41,36,ბორჯომი,12,,გოჩა,ბლიაძე,გოჩა ბლიაძე,,,adg_2025_candidates_unified.xlsx
local_2025,__main__,pr,gd,ქართული ოცნება,41,36,ბორჯომი,13,,ალექსი,გოგოლაძე,ალექსი გოგოლაძე,,,adg_2025_candidates_unified.xlsx
local_2025,__main__,pr,gd,ქართული ოცნება,41,36,ბორჯომი,14,,ქეთევან,გრიგალაშვილი,ქეთევან გრიგალაშვილი,,,adg_2025_candidates_unified.xlsx
local_2025,__main__,pr,gd,ქართული ოცნება,41,36,ბორჯომი,15,,დოდო,მაისურაძე,დოდო მაისურაძე,,,adg_2025_candidates_unified.xlsx
local_2025,__main__,pr,gd,ქართული ოცნება,41,36,ბორჯომი,16,,გელა,ლაზარევი,გელა ლაზარევი,,,adg_2025_candidates_unified.xlsx
local_2025,__main__,pr,gd,ქართული ოცნება,41,36,ბორჯომი,17,,ზურაბ,კაჭკაჭიშვილი,ზურაბ კაჭკაჭიშვილი,,,adg_2025_candidates_unified.xlsx
local_2025,__main__,pr,gd,ქართული ოცნება,41,36,ბორჯომი,18,,თეა,კაპანაძე,თეა კაპანაძე,,,adg_2025_candidates_unified.xlsx
local_2025,__main__,pr,gd,ქართული ოცნება,41,36,ბორჯომი,19,,ლევან,ბლიაძე,ლევან ბლიაძე,,,adg_2025_candidates_unified.xlsx
local_2025,__main__,pr,gd,ქართული ოცნება,41,36,ბორჯომი,20,,ელდარ,გელაშვილი,ელდარ გელაშვილი,,,adg_2025_candidates_unified.xlsx
local_2025,__main__,pr,gd,ქართული ოცნება,41,36,ბორჯომი,21,,შალვა,კიკნაძე,შალვა კიკნაძე,,,adg_2025_candidates_unified.xlsx
local_2025,__main__,pr,gd,ქართული ოცნება,41,36,ბორჯომი,22,,ზურაბ,იობაშვილი,ზურაბ იობაშვილი,,,adg_2025_candidates_unified.xlsx
local_2025,__main__,pr,gd,ქართული ოცნება,41,36,ბორჯომი,23,,ხათუნა,ხუციშვილი,ხათუნა ხუციშვილი,,,adg_2025_candidates_unified.xlsx
local_2025,__main__,pr,gd,ქართული ოცნება,41,36,ბორჯომი,24,,ეკა,სიდამონიძე,ეკა სიდამონიძე,,,adg_2025_candidates_unified.xlsx
local_2025,__main__,pr,gd,ქართული ოცნება,41,36,ბორჯომი,25,,ზაზა,გოგოლაძე,ზაზა გოგოლაძე,,,adg_2025_candidates_unified.xlsx
local_2025,__main__,pr,gd,ქართული ოცნება,41,36,ბორჯომი,26,,რევაზ,გლუნჩაძე,რევაზ გლუნჩაძე,,,adg_2025_candidates_unified.xlsx
local_2025,__main__,pr,gd,ქართული ოცნება,41,36,ბორჯომი,27,,ვასილ,ბეშკენაძე,ვასილ ბეშკენაძე,,,adg_2025_candidates_unified.xlsx
local_2025,__main__,pr,gd,ქართული ოცნება,41,36,ბორჯომი,28,,ქეთევან,გლუნჩაძე,ქეთევან გლუნჩაძე,,,adg_2025_candidates_unified.xlsx
local_2025,__main__,pr,gd,ქართული ოცნება,41,36,ბორჯომი,29,,სულხან,ქიმერიძე,სულხან ქიმერიძე,,,adg_2025_candidates_unified.xlsx
local_2025,__main__,pr,gd,ქართული ოცნება,41,36,ბორჯომი,30,,ხათუნა,თედორაძე,ხათუნა თედორაძე,,,adg_2025_candidates_unified.xlsx
local_2025,__main__,pr,conservatives_geo,„კონსერვატორები საქართველოსთვის“,3,37,ახალციხე,1,,სიმონ,ეღიაშვილი,სიმონ ეღიაშვილი,,,adg_2025_candidates_unified.xlsx
local_2025,__main__,pr,conservatives_geo,„კონსერვატორები საქართველოსთვის“,3,37,ახალციხე,2,,აკაკი,ჯელია,აკაკი ჯელია,,,adg_2025_candidates_unified.xlsx
local_2025,__main__,pr,conservatives_geo,„კონსერვატორები საქართველოსთვის“,3,37,ახალციხე,3,,ნათია,ქურდაძე,ნათია ქურდაძე,,,adg_2025_candidates_unified.xlsx
local_2025,__main__,pr,conservatives_geo,„კონსერვატორები საქართველოსთვის“,3,37,ახალციხე,4,,არსენი,როხვაძე,არსენი როხვაძე,,,adg_2025_candidates_unified.xlsx
local_2025,__main__,pr,conservatives_geo,„კონსერვატორები საქართველოსთვის“,3,37,ახალციხე,5,,ნათია,ტაბატაძე,ნათია ტაბატაძე,,,adg_2025_candidates_unified.xlsx
local_2025,__main__,pr,conservatives_geo,„კონსერვატორები საქართველოსთვის“,3,37,ახალციხე,6,,კახაბერ,ლომიძე,კახაბერ ლომიძე,,,adg_2025_candidates_unified.xlsx
local_2025,__main__,pr,conservatives_geo,„კონსერვატორები საქართველოსთვის“,3,37,ახალციხე,7,,გიორგი,ბერიძე,გიორგი ბერიძე,,,adg_2025_candidates_unified.xlsx
local_2025,__main__,pr,patriots,„საქართველოს პატრიოტთა ალიანსი“,8,37,ახალციხე,1,,ნანა,ივანიძე,ნანა ივანიძე,,,adg_2025_candidates_unified.xlsx
local_2025,__main__,pr,patriots,„საქართველოს პატრიოტთა ალიანსი“,8,37,ახალციხე,2,,თინათინ,ივანიძე,თინათინ ივანიძე,,,adg_2025_candidates_unified.xlsx
local_2025,__main__,pr,patriots,„საქართველოს პატრიოტთა ალიანსი“,8,37,ახალციხე,3,,ელენე,დავითიშვილი,ელენე დავითიშვილი,,,adg_2025_candidates_unified.xlsx
local_2025,__main__,pr,patriots,„საქართველოს პატრიოტთა ალიანსი“,8,37,ახალციხე,4,,ნანი,სურმავა,ნანი სურმავა,,,adg_2025_candidates_unified.xlsx
local_2025,__main__,pr,patriots,„საქართველოს პატრიოტთა ალიანსი“,8,37,ახალციხე,5,,ნინო,ყიფიანი,ნინო ყიფიანი,,,adg_2025_candidates_unified.xlsx
local_2025,__main__,pr,patriots,„საქართველოს პატრიოტთა ალიანსი“,8,37,ახალციხე,6,,გურამ,უმიკაშვილი,გურამ უმიკაშვილი,,,adg_2025_candidates_unified.xlsx
local_2025,__main__,pr,strong_georgia,ძლიერი საქართველო-ლელო,9,37,ახალციხე,1,,ჯუმბერ,ინასარიძე,ჯუმბერ ინასარიძე,,,adg_2025_candidates_unified.xlsx
local_2025,__main__,pr,strong_georgia,ძლიერი საქართველო-ლელო,9,37,ახალციხე,2,,ჯუმბერი,გიორგაძე,ჯუმბერი გიორგაძე,,,adg_2025_candidates_unified.xlsx
local_2025,__main__,pr,strong_georgia,ძლიერი საქართველო-ლელო,9,37,ახალციხე,3,,ნუგზარ,გიორგაძე,ნუგზარ გიორგაძე,,,adg_2025_candidates_unified.xlsx
local_2025,__main__,pr,strong_georgia,ძლიერი საქართველო-ლელო,9,37,ახალციხე,4,,თამილა,კორტი,თამილა კორტი,,,adg_2025_candidates_unified.xlsx
local_2025,__main__,pr,strong_georgia,ძლიერი საქართველო-ლელო,9,37,ახალციხე,5,,მაია,გაჩეჩილაძე,მაია გაჩეჩილაძე,,,adg_2025_candidates_unified.xlsx
local_2025,__main__,pr,strong_georgia,ძლიერი საქართველო-ლელო,9,37,ახალციხე,6,,ნინო,ონსუზიან,ნინო ონსუზიან,,,adg_2025_candidates_unified.xlsx
local_2025,__main__,pr,strong_georgia,ძლიერი საქართველო-ლელო,9,37,ახალციხე,7,,ზარუი,სააკიან,ზარუი სააკიან,,,adg_2025_candidates_unified.xlsx
local_2025,__main__,pr,strong_georgia,ძლიერი საქართველო-ლელო,9,37,ახალციხე,8,,თამარ,კორტი,თამარ კორტი,,,adg_2025_candidates_unified.xlsx
local_2025,__main__,pr,strong_georgia,ძლიერი საქართველო-ლელო,9,37,ახალციხე,9,,რუბენ,კინოსიან,რუბენ კინოსიან,,,adg_2025_candidates_unified.xlsx
local_2025,__main__,pr,strong_georgia,ძლიერი საქართველო-ლელო,9,37,ახალციხე,10,,სარქის,კრტიან,სარქის კრტიან,,,adg_2025_candidates_unified.xlsx
local_2025,__main__,pr,gakharia,„გახარია საქართველოსთვის“,25,37,ახალციხე,1,,გიორგი,გიორგაძე,გიორგი გიორგაძე,,,adg_2025_candidates_unified.xlsx
local_2025,__main__,pr,gakharia,„გახარია საქართველოსთვის“,25,37,ახალციხე,2,,ლია,მანჩხაშვილი,ლია მანჩხაშვილი,,,adg_2025_candidates_unified.xlsx
local_2025,__main__,pr,gakharia,„გახარია საქართველოსთვის“,25,37,ახალციხე,3,,არტურ,ქოლიან,არტურ ქოლიან,,,adg_2025_candidates_unified.xlsx
local_2025,__main__,pr,gakharia,„გახარია საქართველოსთვის“,25,37,ახალციხე,4,,მარინა,ქოლიან,მარინა ქოლიან,,,adg_2025_candidates_unified.xlsx
local_2025,__main__,pr,gakharia,„გახარია საქართველოსთვის“,25,37,ახალციხე,5,,გალაქტიონი,ხითარიშვილი,გალაქტიონი ხითარიშვილი,,,adg_2025_candidates_unified.xlsx
local_2025,__main__,pr,gakharia,„გახარია საქართველოსთვის“,25,37,ახალციხე,6,,ლია,კურტანიძე,ლია კურტანიძე,,,adg_2025_candidates_unified.xlsx
local_2025,__main__,pr,gakharia,„გახარია საქართველოსთვის“,25,37,ახალციხე,7,,ელიზავეტა,ამბარცუმიან,ელიზავეტა ამბარცუმიან,,,adg_2025_candidates_unified.xlsx
local_2025,__main__,pr,gakharia,„გახარია საქართველოსთვის“,25,37,ახალციხე,8,,თეონა,ლაცაბიძე,თეონა ლაცაბიძე,,,adg_2025_candidates_unified.xlsx
local_2025,__main__,pr,gakharia,„გახარია საქართველოსთვის“,25,37,ახალციხე,9,,გაიანე,მეირაბიან,გაიანე მეირაბიან,,,adg_2025_candidates_unified.xlsx
local_2025,__main__,pr,girchi,გირჩი,36,37,ახალციხე,1,,ირაკლი,მარუქაშვილი,ირაკლი მარუქაშვილი,,,adg_2025_candidates_unified.xlsx
local_2025,__main__,pr,girchi,გირჩი,36,37,ახალციხე,2,,თამრიკო,გუგუჩია,თამრიკო გუგუჩია,,,adg_2025_candidates_unified.xlsx
local_2025,__main__,pr,girchi,გირჩი,36,37,ახალციხე,3,,ვლადიმერი,საჯაია,ვლადიმერი საჯაია,,,adg_2025_candidates_unified.xlsx
local_2025,__main__,pr,girchi,გირჩი,36,37,ახალციხე,4,,კესარია,ჩიქობავა,კესარია ჩიქობავა,,,adg_2025_candidates_unified.xlsx
local_2025,__main__,pr,girchi,გირჩი,36,37,ახალციხე,5,,ზენული,ჯიქია,ზენული ჯიქია,,,adg_2025_candidates_unified.xlsx
local_2025,__main__,pr,girchi,გირჩი,36,37,ახალციხე,6,,ზაირა,ჯიქია,ზაირა ჯიქია,,,adg_2025_candidates_unified.xlsx
local_2025,__main__,pr,gd,ქართული ოცნება,41,37,ახალციხე,1,,საბა,კბილაშვილი,საბა კბილაშვილი,,,adg_2025_candidates_unified.xlsx
local_2025,__main__,pr,gd,ქართული ოცნება,41,37,ახალციხე,2,,დავითი,ტაბატაძე,დავითი ტაბატაძე,,,adg_2025_candidates_unified.xlsx
local_2025,__main__,pr,gd,ქართული ოცნება,41,37,ახალციხე,3,,ბესიკ,ბლიაძე,ბესიკ ბლიაძე,,,adg_2025_candidates_unified.xlsx
local_2025,__main__,pr,gd,ქართული ოცნება,41,37,ახალციხე,4,,მალვინა,ბურძენიძე,მალვინა ბურძენიძე,,,adg_2025_candidates_unified.xlsx
local_2025,__main__,pr,gd,ქართული ოცნება,41,37,ახალციხე,5,,გიორგი,კურტანიძე,გიორგი კურტანიძე,,,adg_2025_candidates_unified.xlsx
local_2025,__main__,pr,gd,ქართული ოცნება,41,37,ახალციხე,6,,კარლენ,მანასიან,კარლენ მანასიან,,,adg_2025_candidates_unified.xlsx
local_2025,__main__,pr,gd,ქართული ოცნება,41,37,ახალციხე,7,,ხარება,მოდებაძე,ხარება მოდებაძე,,,adg_2025_candidates_unified.xlsx
local_2025,__main__,pr,gd,ქართული ოცნება,41,37,ახალციხე,8,,მერი,ხაბეიშვილი,მერი ხაბეიშვილი,,,adg_2025_candidates_unified.xlsx
local_2025,__main__,pr,gd,ქართული ოცნება,41,37,ახალციხე,9,,მამისა,დიაკონოვი,მამისა დიაკონოვი,,,adg_2025_candidates_unified.xlsx
local_2025,__main__,pr,gd,ქართული ოცნება,41,37,ახალციხე,10,,ზოია,ბალიაშვილი,ზოია ბალიაშვილი,,,adg_2025_candidates_unified.xlsx
local_2025,__main__,pr,gd,ქართული ოცნება,41,37,ახალციხე,11,,ნათელა,ლურსმანაშვილი,ნათელა ლურსმანაშვილი,,,adg_2025_candidates_unified.xlsx
local_2025,__main__,pr,gd,ქართული ოცნება,41,37,ახალციხე,12,,ილია,მუმლაძე,ილია მუმლაძე,,,adg_2025_candidates_unified.xlsx
local_2025,__main__,pr,gd,ქართული ოცნება,41,37,ახალციხე,13,,ილია,კაპანაძე,ილია კაპანაძე,,,adg_2025_candidates_unified.xlsx
local_2025,__main__,pr,gd,ქართული ოცნება,41,37,ახალციხე,14,,არტაშეს,ბალასანიან,არტაშეს ბალასანიან,,,adg_2025_candidates_unified.xlsx
local_2025,__main__,pr,gd,ქართული ოცნება,41,37,ახალციხე,15,,ნოდარ,ხითარიშვილი,ნოდარ ხითარიშვილი,,,adg_2025_candidates_unified.xlsx
local_2025,__main__,pr,gd,ქართული ოცნება,41,37,ახალციხე,16,,როინი,ნებაძე,როინი ნებაძე,,,adg_2025_candidates_unified.xlsx
local_2025,__main__,pr,gd,ქართული ოცნება,41,37,ახალციხე,17,,ასია,კარაპეტიან,ასია კარაპეტიან,,,adg_2025_candidates_unified.xlsx
local_2025,__main__,pr,gd,ქართული ოცნება,41,37,ახალციხე,18,,ხატია,თედორაძე,ხატია თედორაძე,,,adg_2025_candidates_unified.xlsx
local_2025,__main__,pr,gd,ქართული ოცნება,41,37,ახალციხე,19,,ეკატერინე,ზედგინიძე,ეკატერინე ზედგინიძე,,,adg_2025_candidates_unified.xlsx
local_2025,__main__,pr,gd,ქართული ოცნება,41,37,ახალციხე,20,,მალხაზი,ოქრომელიძე,მალხაზი ოქრომელიძე,,,adg_2025_candidates_unified.xlsx
local_2025,__main__,pr,gd,ქართული ოცნება,41,37,ახალციხე,21,,აკოფ,პოზოიან,აკოფ პოზოიან,,,adg_2025_candidates_unified.xlsx
local_2025,__main__,pr,gd,ქართული ოცნება,41,37,ახალციხე,22,,შორენა,დიასამიძე,შორენა დიასამიძე,,,adg_2025_candidates_unified.xlsx
local_2025,__main__,pr,gd,ქართული ოცნება,41,37,ახალციხე,23,,ანდრეი,მკრტჩიან,ანდრეი მკრტჩიან,,,adg_2025_candidates_unified.xlsx
local_2025,__main__,pr,gd,ქართული ოცნება,41,37,ახალციხე,24,,კახაბერ,პაქსაშვილი,კახაბერ პაქსაშვილი,,,adg_2025_candidates_unified.xlsx
local_2025,__main__,pr,gd,ქართული ოცნება,41,37,ახალციხე,25,,სიმონ,თოროსიან,სიმონ თოროსიან,,,adg_2025_candidates_unified.xlsx
local_2025,__main__,pr,gd,ქართული ოცნება,41,37,ახალციხე,26,,ნიკოლოზ,ბარძიმაძე,ნიკოლოზ ბარძიმაძე,,,adg_2025_candidates_unified.xlsx
local_2025,__main__,pr,gd,ქართული ოცნება,41,37,ახალციხე,27,,თენგიზ,ქიმერიძე,თენგიზ ქიმერიძე,,,adg_2025_candidates_unified.xlsx
local_2025,__main__,pr,gd,ქართული ოცნება,41,37,ახალციხე,28,,დერენიკ,ადამიან,დერენიკ ადამიან,,,adg_2025_candidates_unified.xlsx
local_2025,__main__,pr,gd,ქართული ოცნება,41,37,ახალციხე,30,,ზურაბი,ბარძიმაძე,ზურაბი ბარძიმაძე,,,adg_2025_candidates_unified.xlsx
local_2025,__main__,pr,conservatives_geo,„კონსერვატორები საქართველოსთვის“,3,38,ადიგენი,1,,ბესიკ,ზარიძე,ბესიკ ზარიძე,,,adg_2025_candidates_unified.xlsx
local_2025,__main__,pr,conservatives_geo,„კონსერვატორები საქართველოსთვის“,3,38,ადიგენი,2,,ვარლამ,ჭრელაშვილი,ვარლამ ჭრელაშვილი,,,adg_2025_candidates_unified.xlsx
local_2025,__main__,pr,conservatives_geo,„კონსერვატორები საქართველოსთვის“,3,38,ადიგენი,3,,ზურაბი,დემეტრაძე,ზურაბი დემეტრაძე,,,adg_2025_candidates_unified.xlsx
local_2025,__main__,pr,conservatives_geo,„კონსერვატორები საქართველოსთვის“,3,38,ადიგენი,4,,თამაზ,ძინძიბაძე,თამაზ ძინძიბაძე,,,adg_2025_candidates_unified.xlsx
local_2025,__main__,pr,conservatives_geo,„კონსერვატორები საქართველოსთვის“,3,38,ადიგენი,5,,გიორგი,ობოლაძე,გიორგი ობოლაძე,,,adg_2025_candidates_unified.xlsx
local_2025,__main__,pr,conservatives_geo,„კონსერვატორები საქართველოსთვის“,3,38,ადიგენი,6,,შავლეგი,ზარიძე,შავლეგი ზარიძე,,,adg_2025_candidates_unified.xlsx
local_2025,__main__,pr,conservatives_geo,„კონსერვატორები საქართველოსთვის“,3,38,ადიგენი,7,,სიმონ,ბაღდოშვილი,სიმონ ბაღდოშვილი,,,adg_2025_candidates_unified.xlsx
local_2025,__main__,pr,strong_georgia,ძლიერი საქართველო-ლელო,9,38,ადიგენი,1,,ბახვა,კიკაბიძე,ბახვა კიკაბიძე,,,adg_2025_candidates_unified.xlsx
local_2025,__main__,pr,strong_georgia,ძლიერი საქართველო-ლელო,9,38,ადიგენი,2,,ბესიკ,კიკაბიძე,ბესიკ კიკაბიძე,,,adg_2025_candidates_unified.xlsx
local_2025,__main__,pr,strong_georgia,ძლიერი საქართველო-ლელო,9,38,ადიგენი,3,,ავთანდილი,ძაძამია,ავთანდილი ძაძამია,,,adg_2025_candidates_unified.xlsx
local_2025,__main__,pr,strong_georgia,ძლიერი საქართველო-ლელო,9,38,ადიგენი,4,,გივი,აღლემაშვილი,გივი აღლემაშვილი,,,adg_2025_candidates_unified.xlsx
local_2025,__main__,pr,strong_georgia,ძლიერი საქართველო-ლელო,9,38,ადიგენი,5,,ივანე,გზირიშვილი,ივანე გზირიშვილი,,,adg_2025_candidates_unified.xlsx
local_2025,__main__,pr,strong_georgia,ძლიერი საქართველო-ლელო,9,38,ადიგენი,6,,ირმა,ფარულავა,ირმა ფარულავა,,,adg_2025_candidates_unified.xlsx
local_2025,__main__,pr,strong_georgia,ძლიერი საქართველო-ლელო,9,38,ადიგენი,7,,ირინე,მამულაშვილი,ირინე მამულაშვილი,,,adg_2025_candidates_unified.xlsx
local_2025,__main__,pr,strong_georgia,ძლიერი საქართველო-ლელო,9,38,ადიგენი,8,,ლალი,პარუნაშვილი,ლალი პარუნაშვილი,,,adg_2025_candidates_unified.xlsx
local_2025,__main__,pr,strong_georgia,ძლიერი საქართველო-ლელო,9,38,ადიგენი,9,,ამირანი,პაპიძე,ამირანი პაპიძე,,,adg_2025_candidates_unified.xlsx
local_2025,__main__,pr,strong_georgia,ძლიერი საქართველო-ლელო,9,38,ადიგენი,10,,ზაზა,კუბლაშვილი,ზაზა კუბლაშვილი,,,adg_2025_candidates_unified.xlsx
local_2025,__main__,pr,strong_georgia,ძლიერი საქართველო-ლელო,9,38,ადიგენი,12,,მაკა,ლობჯანიძე,მაკა ლობჯანიძე,,,adg_2025_candidates_unified.xlsx
local_2025,__main__,pr,strong_georgia,ძლიერი საქართველო-ლელო,9,38,ადიგენი,13,,მალხაზ,ბოჩიკაშვილი,მალხაზ ბოჩიკაშვილი,,,adg_2025_candidates_unified.xlsx
local_2025,__main__,pr,strong_georgia,ძლიერი საქართველო-ლელო,9,38,ადიგენი,14,,ჯაბა,ხახიშვილი,ჯაბა ხახიშვილი,,,adg_2025_candidates_unified.xlsx
local_2025,__main__,pr,strong_georgia,ძლიერი საქართველო-ლელო,9,38,ადიგენი,15,,თორნიკე,კუბლაშვილი,თორნიკე კუბლაშვილი,,,adg_2025_candidates_unified.xlsx
local_2025,__main__,pr,strong_georgia,ძლიერი საქართველო-ლელო,9,38,ადიგენი,16,,ზურა,ბოჩიკაშვილი,ზურა ბოჩიკაშვილი,,,adg_2025_candidates_unified.xlsx
local_2025,__main__,pr,gakharia,„გახარია საქართველოსთვის“,25,38,ადიგენი,1,,ზაზა,ბუცხრიკიძე,ზაზა ბუცხრიკიძე,,,adg_2025_candidates_unified.xlsx
local_2025,__main__,pr,gakharia,„გახარია საქართველოსთვის“,25,38,ადიგენი,2,,გოჩა,ხარაიშვილი,გოჩა ხარაიშვილი,,,adg_2025_candidates_unified.xlsx
local_2025,__main__,pr,gakharia,„გახარია საქართველოსთვის“,25,38,ადიგენი,3,,ლამზერი,მაჭარაშვილი,ლამზერი მაჭარაშვილი,,,adg_2025_candidates_unified.xlsx
local_2025,__main__,pr,gakharia,„გახარია საქართველოსთვის“,25,38,ადიგენი,4,,მიხეილი,ბუსხრიკიძე,მიხეილი ბუსხრიკიძე,,,adg_2025_candidates_unified.xlsx
local_2025,__main__,pr,gakharia,„გახარია საქართველოსთვის“,25,38,ადიგენი,5,,ზვიად,გოგრიჭიანი,ზვიად გოგრიჭიანი,,,adg_2025_candidates_unified.xlsx
local_2025,__main__,pr,gakharia,„გახარია საქართველოსთვის“,25,38,ადიგენი,6,,ლელა,ხარაიშვილი,ლელა ხარაიშვილი,,,adg_2025_candidates_unified.xlsx
local_2025,__main__,pr,gakharia,„გახარია საქართველოსთვის“,25,38,ადიგენი,7,,მამუკა,კახაძე,მამუკა კახაძე,,,adg_2025_candidates_unified.xlsx
local_2025,__main__,pr,gakharia,„გახარია საქართველოსთვის“,25,38,ადიგენი,8,,ნანი,შავაძე,ნანი შავაძე,,,adg_2025_candidates_unified.xlsx
local_2025,__main__,pr,gakharia,„გახარია საქართველოსთვის“,25,38,ადიგენი,9,,თამარი,ხაზიური,თამარი ხაზიური,,,adg_2025_candidates_unified.xlsx
local_2025,__main__,pr,gakharia,„გახარია საქართველოსთვის“,25,38,ადიგენი,10,,იმედა,მამულაშვილი,იმედა მამულაშვილი,,,adg_2025_candidates_unified.xlsx
local_2025,__main__,pr,gd,ქართული ოცნება,41,38,ადიგენი,1,,შმაგი,ბიძიშვილი,შმაგი ბიძიშვილი,,,adg_2025_candidates_unified.xlsx
local_2025,__main__,pr,gd,ქართული ოცნება,41,38,ადიგენი,2,,ზაზა,მღებრიშვილი,ზაზა მღებრიშვილი,,,adg_2025_candidates_unified.xlsx
local_2025,__main__,pr,gd,ქართული ოცნება,41,38,ადიგენი,3,,ინა,კაპანაძე,ინა კაპანაძე,,,adg_2025_candidates_unified.xlsx
local_2025,__main__,pr,gd,ქართული ოცნება,41,38,ადიგენი,4,,დავითი,აბულაძე,დავითი აბულაძე,,,adg_2025_candidates_unified.xlsx
local_2025,__main__,pr,gd,ქართული ოცნება,41,38,ადიგენი,5,,გელა,შავაძე,გელა შავაძე,,,adg_2025_candidates_unified.xlsx
local_2025,__main__,pr,gd,ქართული ოცნება,41,38,ადიგენი,6,,ნუგზარ,ობოლაშვილი,ნუგზარ ობოლაშვილი,,,adg_2025_candidates_unified.xlsx
local_2025,__main__,pr,gd,ქართული ოცნება,41,38,ადიგენი,7,,ნათია,ხარშილაძე,ნათია ხარშილაძე,,,adg_2025_candidates_unified.xlsx
local_2025,__main__,pr,gd,ქართული ოცნება,41,38,ადიგენი,8,,კობა,ხარშილაძე,კობა ხარშილაძე,,,adg_2025_candidates_unified.xlsx
local_2025,__main__,pr,gd,ქართული ოცნება,41,38,ადიგენი,9,,მედეა,იორდანიშვილი,მედეა იორდანიშვილი,,,adg_2025_candidates_unified.xlsx
local_2025,__main__,pr,gd,ქართული ოცნება,41,38,ადიგენი,10,,ბესიკ,ტეფნაძე,ბესიკ ტეფნაძე,,,adg_2025_candidates_unified.xlsx
local_2025,__main__,pr,gd,ქართული ოცნება,41,38,ადიგენი,11,,შოთა,მეტრეველი,შოთა მეტრეველი,,,adg_2025_candidates_unified.xlsx
local_2025,__main__,pr,gd,ქართული ოცნება,41,38,ადიგენი,12,,ვიქტორ,მინაძე,ვიქტორ მინაძე,,,adg_2025_candidates_unified.xlsx
local_2025,__main__,pr,gd,ქართული ოცნება,41,38,ადიგენი,13,,ზურაბ,ბაღდოშვილი,ზურაბ ბაღდოშვილი,,,adg_2025_candidates_unified.xlsx
local_2025,__main__,pr,gd,ქართული ოცნება,41,38,ადიგენი,14,,ზვიად,ყიფშიძე,ზვიად ყიფშიძე,,,adg_2025_candidates_unified.xlsx
local_2025,__main__,pr,gd,ქართული ოცნება,41,38,ადიგენი,15,,სერგი,ბოჭორიშვილი,სერგი ბოჭორიშვილი,,,adg_2025_candidates_unified.xlsx
local_2025,__main__,pr,gd,ქართული ოცნება,41,38,ადიგენი,16,,ავთანდილი,ბოჭორიშვილი,ავთანდილი ბოჭორიშვილი,,,adg_2025_candidates_unified.xlsx
local_2025,__main__,pr,gd,ქართული ოცნება,41,38,ადიგენი,17,,ბორისი,შეყლაშვილი,ბორისი შეყლაშვილი,,,adg_2025_candidates_unified.xlsx
local_2025,__main__,pr,gd,ქართული ოცნება,41,38,ადიგენი,18,,ამირან,ჩიქოვანი,ამირან ჩიქოვანი,,,adg_2025_candidates_unified.xlsx
local_2025,__main__,pr,gd,ქართული ოცნება,41,38,ადიგენი,19,,სტეფანე,კაჭკაჭაშვილი,სტეფანე კაჭკაჭაშვილი,,,adg_2025_candidates_unified.xlsx
local_2025,__main__,pr,gd,ქართული ოცნება,41,38,ადიგენი,20,,ჯაბა,ხოზრევანიძე,ჯაბა ხოზრევანიძე,,,adg_2025_candidates_unified.xlsx
local_2025,__main__,pr,gd,ქართული ოცნება,41,38,ადიგენი,21,,ელგუჯა,შაინიძე,ელგუჯა შაინიძე,,,adg_2025_candidates_unified.xlsx
local_2025,__main__,pr,gd,ქართული ოცნება,41,38,ადიგენი,22,,თეიმურაზ,შავაძე,თეიმურაზ შავაძე,,,adg_2025_candidates_unified.xlsx
local_2025,__main__,pr,gd,ქართული ოცნება,41,38,ადიგენი,23,,გიორგი,ძაძამია,გიორგი ძაძამია,,,adg_2025_candidates_unified.xlsx
local_2025,__main__,pr,gd,ქართული ოცნება,41,38,ადიგენი,24,,მინდია,გელაშვილი,მინდია გელაშვილი,,,adg_2025_candidates_unified.xlsx
local_2025,__main__,pr,gd,ქართული ოცნება,41,38,ადიგენი,25,,ვლადიმერ,ნატრიაშვილი,ვლადიმერ ნატრიაშვილი,,,adg_2025_candidates_unified.xlsx
local_2025,__main__,pr,gd,ქართული ოცნება,41,38,ადიგენი,26,,მამუკა,ბარბლიშვილი,მამუკა ბარბლიშვილი,,,adg_2025_candidates_unified.xlsx
local_2025,__main__,pr,gd,ქართული ოცნება,41,38,ადიგენი,27,,რუსუდან,აკოფოვი,რუსუდან აკოფოვი,,,adg_2025_candidates_unified.xlsx
local_2025,__main__,pr,gd,ქართული ოცნება,41,38,ადიგენი,28,,შალვა,გავაშელი,შალვა გავაშელი,,,adg_2025_candidates_unified.xlsx
local_2025,__main__,pr,gd,ქართული ოცნება,41,38,ადიგენი,29,,გრიგოლ,ჩაგუნავა,გრიგოლ ჩაგუნავა,,,adg_2025_candidates_unified.xlsx
local_2025,__main__,pr,gd,ქართული ოცნება,41,38,ადიგენი,30,,ბადრი,ვაშაყმაძე,ბადრი ვაშაყმაძე,,,adg_2025_candidates_unified.xlsx
local_2025,__main__,pr,conservatives_geo,„კონსერვატორები საქართველოსთვის“,3,39,ასპინძა,1,,გიორგი,ზაზაშვილი,გიორგი ზაზაშვილი,,,adg_2025_candidates_unified.xlsx
local_2025,__main__,pr,conservatives_geo,„კონსერვატორები საქართველოსთვის“,3,39,ასპინძა,2,,ზურაბ,კასრაძე,ზურაბ კასრაძე,,,adg_2025_candidates_unified.xlsx
local_2025,__main__,pr,conservatives_geo,„კონსერვატორები საქართველოსთვის“,3,39,ასპინძა,3,,ვაჟა,ბერაშვილი,ვაჟა ბერაშვილი,,,adg_2025_candidates_unified.xlsx
local_2025,__main__,pr,conservatives_geo,„კონსერვატორები საქართველოსთვის“,3,39,ასპინძა,4,,თამუნა,ედილაშვილი,თამუნა ედილაშვილი,,,adg_2025_candidates_unified.xlsx
local_2025,__main__,pr,conservatives_geo,„კონსერვატორები საქართველოსთვის“,3,39,ასპინძა,5,,ვალერ,ხუბაშვილი,ვალერ ხუბაშვილი,,,adg_2025_candidates_unified.xlsx
local_2025,__main__,pr,conservatives_geo,„კონსერვატორები საქართველოსთვის“,3,39,ასპინძა,6,,ბესიკ,ვართაპეტიანი,ბესიკ ვართაპეტიანი,,,adg_2025_candidates_unified.xlsx
local_2025,__main__,pr,conservatives_geo,„კონსერვატორები საქართველოსთვის“,3,39,ასპინძა,7,,გიორგი,მურადაშვილი,გიორგი მურადაშვილი,,,adg_2025_candidates_unified.xlsx
local_2025,__main__,pr,strong_georgia,ძლიერი საქართველო-ლელო,9,39,ასპინძა,1,,ელგუჯა,ნარიმანიძე,ელგუჯა ნარიმანიძე,,,adg_2025_candidates_unified.xlsx
local_2025,__main__,pr,strong_georgia,ძლიერი საქართველო-ლელო,9,39,ასპინძა,2,,შოთა,ბერიძე,შოთა ბერიძე,,,adg_2025_candidates_unified.xlsx
local_2025,__main__,pr,strong_georgia,ძლიერი საქართველო-ლელო,9,39,ასპინძა,3,,ნუგზარ,ელიზბარაშვილი,ნუგზარ ელიზბარაშვილი,,,adg_2025_candidates_unified.xlsx
local_2025,__main__,pr,strong_georgia,ძლიერი საქართველო-ლელო,9,39,ასპინძა,4,,თამაზ,შავაძე,თამაზ შავაძე,,,adg_2025_candidates_unified.xlsx
local_2025,__main__,pr,strong_georgia,ძლიერი საქართველო-ლელო,9,39,ასპინძა,5,,ვასილ,ხითარაშვილი,ვასილ ხითარაშვილი,,,adg_2025_candidates_unified.xlsx
local_2025,__main__,pr,strong_georgia,ძლიერი საქართველო-ლელო,9,39,ასპინძა,6,,ლავრენტი,შეშაბერიძე,ლავრენტი შეშაბერიძე,,,adg_2025_candidates_unified.xlsx
local_2025,__main__,pr,strong_georgia,ძლიერი საქართველო-ლელო,9,39,ასპინძა,7,,ცინუკი,ამირეჯიბი,ცინუკი ამირეჯიბი,,,adg_2025_candidates_unified.xlsx
local_2025,__main__,pr,strong_georgia,ძლიერი საქართველო-ლელო,9,39,ასპინძა,8,,მინდია,პაპიძე,მინდია პაპიძე,,,adg_2025_candidates_unified.xlsx
local_2025,__main__,pr,strong_georgia,ძლიერი საქართველო-ლელო,9,39,ასპინძა,9,,ვასილი,ყრუაშვილი,ვასილი ყრუაშვილი,,,adg_2025_candidates_unified.xlsx
local_2025,__main__,pr,strong_georgia,ძლიერი საქართველო-ლელო,9,39,ასპინძა,10,,ანა,ბერიძე,ანა ბერიძე,,,adg_2025_candidates_unified.xlsx
local_2025,__main__,pr,strong_georgia,ძლიერი საქართველო-ლელო,9,39,ასპინძა,11,,თამაზ,გოგალაძე,თამაზ გოგალაძე,,,adg_2025_candidates_unified.xlsx
local_2025,__main__,pr,strong_georgia,ძლიერი საქართველო-ლელო,9,39,ასპინძა,12,,დარეჯანი,როსტოშვილი,დარეჯანი როსტოშვილი,,,adg_2025_candidates_unified.xlsx
local_2025,__main__,pr,gakharia,„გახარია საქართველოსთვის“,25,39,ასპინძა,1,,რამაზ,ბარბაქაძე,რამაზ ბარბაქაძე,,,adg_2025_candidates_unified.xlsx
local_2025,__main__,pr,gakharia,„გახარია საქართველოსთვის“,25,39,ასპინძა,2,,თამარი,დადიანი,თამარი დადიანი,,,adg_2025_candidates_unified.xlsx
local_2025,__main__,pr,gakharia,„გახარია საქართველოსთვის“,25,39,ასპინძა,3,,მარიამ,სორდია-დადიანი,მარიამ სორდია-დადიანი,,,adg_2025_candidates_unified.xlsx
local_2025,__main__,pr,gakharia,„გახარია საქართველოსთვის“,25,39,ასპინძა,4,,დავით,ფხაკაძე,დავით ფხაკაძე,,,adg_2025_candidates_unified.xlsx
local_2025,__main__,pr,gakharia,„გახარია საქართველოსთვის“,25,39,ასპინძა,5,,მაკა,ლევიძე,მაკა ლევიძე,,,adg_2025_candidates_unified.xlsx
local_2025,__main__,pr,gakharia,„გახარია საქართველოსთვის“,25,39,ასპინძა,6,,თეიმურაზი,დადიანი,თეიმურაზი დადიანი,,,adg_2025_candidates_unified.xlsx
local_2025,__main__,pr,gakharia,„გახარია საქართველოსთვის“,25,39,ასპინძა,7,,დიმიტრი,თეთრაძე,დიმიტრი თეთრაძე,,,adg_2025_candidates_unified.xlsx
local_2025,__main__,pr,gakharia,„გახარია საქართველოსთვის“,25,39,ასპინძა,8,,ნათელა,გაფრინდაშვილი,ნათელა გაფრინდაშვილი,,,adg_2025_candidates_unified.xlsx
local_2025,__main__,pr,gakharia,„გახარია საქართველოსთვის“,25,39,ასპინძა,9,,ლიანა,თეთრაძე,ლიანა თეთრაძე,,,adg_2025_candidates_unified.xlsx
local_2025,__main__,pr,gakharia,„გახარია საქართველოსთვის“,25,39,ასპინძა,10,,რაიზა,დადიანი,რაიზა დადიანი,,,adg_2025_candidates_unified.xlsx
local_2025,__main__,pr,gd,ქართული ოცნება,41,39,ასპინძა,1,,ბესიკი,ბერიძე,ბესიკი ბერიძე,,,adg_2025_candidates_unified.xlsx
local_2025,__main__,pr,gd,ქართული ოცნება,41,39,ასპინძა,2,,მერაბ,ზურაბაშვილი,მერაბ ზურაბაშვილი,,,adg_2025_candidates_unified.xlsx
local_2025,__main__,pr,gd,ქართული ოცნება,41,39,ასპინძა,3,,ელისო,ზედგინიძე,ელისო ზედგინიძე,,,adg_2025_candidates_unified.xlsx
local_2025,__main__,pr,gd,ქართული ოცნება,41,39,ასპინძა,4,,ალექსი,ნემსაძე,ალექსი ნემსაძე,,,adg_2025_candidates_unified.xlsx
local_2025,__main__,pr,gd,ქართული ოცნება,41,39,ასპინძა,5,,გივი,ბერიძე,გივი ბერიძე,,,adg_2025_candidates_unified.xlsx
local_2025,__main__,pr,gd,ქართული ოცნება,41,39,ასპინძა,6,,მალხაზ,გიორგაძე,მალხაზ გიორგაძე,,,adg_2025_candidates_unified.xlsx
local_2025,__main__,pr,gd,ქართული ოცნება,41,39,ასპინძა,7,,გია,ჭელიშვილი,გია ჭელიშვილი,,,adg_2025_candidates_unified.xlsx
local_2025,__main__,pr,gd,ქართული ოცნება,41,39,ასპინძა,8,,რობერტ,ნახაპეტიან,რობერტ ნახაპეტიან,,,adg_2025_candidates_unified.xlsx
local_2025,__main__,pr,gd,ქართული ოცნება,41,39,ასპინძა,9,,გიორგი,ჯვარიძე,გიორგი ჯვარიძე,,,adg_2025_candidates_unified.xlsx
local_2025,__main__,pr,gd,ქართული ოცნება,41,39,ასპინძა,10,,მამუკა,მელიქიძე,მამუკა მელიქიძე,,,adg_2025_candidates_unified.xlsx
local_2025,__main__,pr,gd,ქართული ოცნება,41,39,ასპინძა,11,,მანანა,თედორაძე,მანანა თედორაძე,,,adg_2025_candidates_unified.xlsx
local_2025,__main__,pr,gd,ქართული ოცნება,41,39,ასპინძა,12,,შორენა,გვარამაძე,შორენა გვარამაძე,,,adg_2025_candidates_unified.xlsx
local_2025,__main__,pr,gd,ქართული ოცნება,41,39,ასპინძა,13,,ანა,ტივაძე,ანა ტივაძე,,,adg_2025_candidates_unified.xlsx
local_2025,__main__,pr,gd,ქართული ოცნება,41,39,ასპინძა,14,,დარეჯან,ზღუდაძე,დარეჯან ზღუდაძე,,,adg_2025_candidates_unified.xlsx
local_2025,__main__,pr,gd,ქართული ოცნება,41,39,ასპინძა,15,,ლევანი,მარუაშვილი,ლევანი მარუაშვილი,,,adg_2025_candidates_unified.xlsx
local_2025,__main__,pr,gd,ქართული ოცნება,41,39,ასპინძა,16,,იური,ხოზრევანიძე,იური ხოზრევანიძე,,,adg_2025_candidates_unified.xlsx
local_2025,__main__,pr,gd,ქართული ოცნება,41,39,ასპინძა,17,,ნუგზარი,ტატურაშვილი,ნუგზარი ტატურაშვილი,,,adg_2025_candidates_unified.xlsx
local_2025,__main__,pr,gd,ქართული ოცნება,41,39,ასპინძა,18,,მეგი,იაკობაძე,მეგი იაკობაძე,,,adg_2025_candidates_unified.xlsx
local_2025,__main__,pr,gd,ქართული ოცნება,41,39,ასპინძა,19,,გელა,გურგენიძე,გელა გურგენიძე,,,adg_2025_candidates_unified.xlsx
local_2025,__main__,pr,gd,ქართული ოცნება,41,39,ასპინძა,20,,დავითი,მელიქიძე,დავითი მელიქიძე,,,adg_2025_candidates_unified.xlsx
local_2025,__main__,pr,gd,ქართული ოცნება,41,39,ასპინძა,21,,ზურაბი,დიასამიძე,ზურაბი დიასამიძე,,,adg_2025_candidates_unified.xlsx
local_2025,__main__,pr,gd,ქართული ოცნება,41,39,ასპინძა,22,,ანა,ტივაძე,ანა ტივაძე,,,adg_2025_candidates_unified.xlsx
local_2025,__main__,pr,gd,ქართული ოცნება,41,39,ასპინძა,23,,ბიძინა,ოგბაიძე,ბიძინა ოგბაიძე,,,adg_2025_candidates_unified.xlsx
local_2025,__main__,pr,gd,ქართული ოცნება,41,39,ასპინძა,24,,ნანული,ჭიკაიძე,ნანული ჭიკაიძე,,,adg_2025_candidates_unified.xlsx
local_2025,__main__,pr,gd,ქართული ოცნება,41,39,ასპინძა,25,,მაია,ვეშაგური,მაია ვეშაგური,,,adg_2025_candidates_unified.xlsx
local_2025,__main__,pr,gd,ქართული ოცნება,41,39,ასპინძა,26,,სამველ,თუმასიან,სამველ თუმასიან,,,adg_2025_candidates_unified.xlsx
local_2025,__main__,pr,gd,ქართული ოცნება,41,39,ასპინძა,27,,ირაკლი,ბერიძე,ირაკლი ბერიძე,,,adg_2025_candidates_unified.xlsx
local_2025,__main__,pr,gd,ქართული ოცნება,41,39,ასპინძა,28,,ბესიკ,მაგრაქველიძე,ბესიკ მაგრაქველიძე,,,adg_2025_candidates_unified.xlsx
local_2025,__main__,pr,gd,ქართული ოცნება,41,39,ასპინძა,29,,დავით,ფართლაძე,დავით ფართლაძე,,,adg_2025_candidates_unified.xlsx
local_2025,__main__,pr,gd,ქართული ოცნება,41,39,ასპინძა,30,,ეკატერინე,სუდაძე,ეკატერინე სუდაძე,,,adg_2025_candidates_unified.xlsx
local_2025,__main__,pr,patriots,„საქართველოს პატრიოტთა ალიანსი“,8,40,ახალქალაქი,2,,აიდა,დავთიან,აიდა დავთიან,,,adg_2025_candidates_unified.xlsx
local_2025,__main__,pr,patriots,„საქართველოს პატრიოტთა ალიანსი“,8,40,ახალქალაქი,3,,გრიგორი,მანველიან,გრიგორი მანველიან,,,adg_2025_candidates_unified.xlsx
local_2025,__main__,pr,patriots,„საქართველოს პატრიოტთა ალიანსი“,8,40,ახალქალაქი,4,,სოკრატ,გრიგორიან,სოკრატ გრიგორიან,,,adg_2025_candidates_unified.xlsx
local_2025,__main__,pr,patriots,„საქართველოს პატრიოტთა ალიანსი“,8,40,ახალქალაქი,5,,შუშანიკ,დავთიან,შუშანიკ დავთიან,,,adg_2025_candidates_unified.xlsx
local_2025,__main__,pr,patriots,„საქართველოს პატრიოტთა ალიანსი“,8,40,ახალქალაქი,6,,მარიამ,გრიგორიან,მარიამ გრიგორიან,,,adg_2025_candidates_unified.xlsx
local_2025,__main__,pr,patriots,„საქართველოს პატრიოტთა ალიანსი“,8,40,ახალქალაქი,7,,ჰრაჩ,გრიგორიან,ჰრაჩ გრიგორიან,,,adg_2025_candidates_unified.xlsx
local_2025,__main__,pr,patriots,„საქართველოს პატრიოტთა ალიანსი“,8,40,ახალქალაქი,8,,ვარტან,ტონაკანიან,ვარტან ტონაკანიან,,,adg_2025_candidates_unified.xlsx
local_2025,__main__,pr,patriots,„საქართველოს პატრიოტთა ალიანსი“,8,40,ახალქალაქი,9,,სტეპან,ტონაკანიან,სტეპან ტონაკანიან,,,adg_2025_candidates_unified.xlsx
local_2025,__main__,pr,strong_georgia,ძლიერი საქართველო-ლელო,9,40,ახალქალაქი,1,,ზაქარ,ზაქარიან,ზაქარ ზაქარიან,,,adg_2025_candidates_unified.xlsx
local_2025,__main__,pr,strong_georgia,ძლიერი საქართველო-ლელო,9,40,ახალქალაქი,2,,სერგო,გოგორიან,სერგო გოგორიან,,,adg_2025_candidates_unified.xlsx
local_2025,__main__,pr,strong_georgia,ძლიერი საქართველო-ლელო,9,40,ახალქალაქი,3,,არტურ,ორჯაციან,არტურ ორჯაციან,,,adg_2025_candidates_unified.xlsx
local_2025,__main__,pr,strong_georgia,ძლიერი საქართველო-ლელო,9,40,ახალქალაქი,4,,პარუირ,კურღინიან,პარუირ კურღინიან,,,adg_2025_candidates_unified.xlsx
local_2025,__main__,pr,strong_georgia,ძლიერი საქართველო-ლელო,9,40,ახალქალაქი,5,,ჟორა,აპოზიან,ჟორა აპოზიან,,,adg_2025_candidates_unified.xlsx
local_2025,__main__,pr,strong_georgia,ძლიერი საქართველო-ლელო,9,40,ახალქალაქი,6,,გაიანე,ბარსეღიან,გაიანე ბარსეღიან,,,adg_2025_candidates_unified.xlsx
local_2025,__main__,pr,strong_georgia,ძლიერი საქართველო-ლელო,9,40,ახალქალაქი,7,,ლუსინე,ჰოვჰანნისიან,ლუსინე ჰოვჰანნისიან,,,adg_2025_candidates_unified.xlsx
local_2025,__main__,pr,strong_georgia,ძლიერი საქართველო-ლელო,9,40,ახალქალაქი,8,,ვარდან,აპოზიან,ვარდან აპოზიან,,,adg_2025_candidates_unified.xlsx
local_2025,__main__,pr,strong_georgia,ძლიერი საქართველო-ლელო,9,40,ახალქალაქი,9,,ალინა,ზაქარიან,ალინა ზაქარიან,,,adg_2025_candidates_unified.xlsx
local_2025,__main__,pr,gakharia,„გახარია საქართველოსთვის“,25,40,ახალქალაქი,1,,მიხეილ,კაზარიანი,მიხეილ კაზარიანი,,,adg_2025_candidates_unified.xlsx
local_2025,__main__,pr,gakharia,„გახარია საქართველოსთვის“,25,40,ახალქალაქი,2,,ავთანდილი,დადიანი,ავთანდილი დადიანი,,,adg_2025_candidates_unified.xlsx
local_2025,__main__,pr,gakharia,„გახარია საქართველოსთვის“,25,40,ახალქალაქი,3,,ცისმარი,ჩალაბოვი,ცისმარი ჩალაბოვი,,,adg_2025_candidates_unified.xlsx
local_2025,__main__,pr,gakharia,„გახარია საქართველოსთვის“,25,40,ახალქალაქი,4,,ლევან,ყურულაშვილი,ლევან ყურულაშვილი,,,adg_2025_candidates_unified.xlsx
local_2025,__main__,pr,gakharia,„გახარია საქართველოსთვის“,25,40,ახალქალაქი,5,,არონი,სიჭინავა,არონი სიჭინავა,,,adg_2025_candidates_unified.xlsx
local_2025,__main__,pr,gakharia,„გახარია საქართველოსთვის“,25,40,ახალქალაქი,6,,ნაზი,სულამანიძე,ნაზი სულამანიძე,,,adg_2025_candidates_unified.xlsx
local_2025,__main__,pr,gakharia,„გახარია საქართველოსთვის“,25,40,ახალქალაქი,7,,მარინა,ვახანია,მარინა ვახანია,,,adg_2025_candidates_unified.xlsx
local_2025,__main__,pr,gd,ქართული ოცნება,41,40,ახალქალაქი,1,,რუბენ,პალიან,რუბენ პალიან,,,adg_2025_candidates_unified.xlsx
local_2025,__main__,pr,gd,ქართული ოცნება,41,40,ახალქალაქი,2,,ნაირი,ირიციან,ნაირი ირიციან,,,adg_2025_candidates_unified.xlsx
local_2025,__main__,pr,gd,ქართული ოცნება,41,40,ახალქალაქი,3,,გაიოზ,ლომსაძე,გაიოზ ლომსაძე,,,adg_2025_candidates_unified.xlsx
local_2025,__main__,pr,gd,ქართული ოცნება,41,40,ახალქალაქი,4,,არმენ,მარანგოზიან,არმენ მარანგოზიან,,,adg_2025_candidates_unified.xlsx
local_2025,__main__,pr,gd,ქართული ოცნება,41,40,ახალქალაქი,5,,ჰარუთიუნ,კჯანიან,ჰარუთიუნ კჯანიან,,,adg_2025_candidates_unified.xlsx
local_2025,__main__,pr,gd,ქართული ოცნება,41,40,ახალქალაქი,6,,სტეპან,მარგარიან,სტეპან მარგარიან,,,adg_2025_candidates_unified.xlsx
local_2025,__main__,pr,gd,ქართული ოცნება,41,40,ახალქალაქი,7,,გია,მელიქიძე,გია მელიქიძე,,,adg_2025_candidates_unified.xlsx
local_2025,__main__,pr,gd,ქართული ოცნება,41,40,ახალქალაქი,8,,ვოლოდია,იაილოიან,ვოლოდია იაილოიან,,,adg_2025_candidates_unified.xlsx
local_2025,__main__,pr,gd,ქართული ოცნება,41,40,ახალქალაქი,9,,გეორგი,პეტროსიან,გეორგი პეტროსიან,,,adg_2025_candidates_unified.xlsx
local_2025,__main__,pr,gd,ქართული ოცნება,41,40,ახალქალაქი,10,,სარგის,უზუნიან,სარგის უზუნიან,,,adg_2025_candidates_unified.xlsx
local_2025,__main__,pr,gd,ქართული ოცნება,41,40,ახალქალაქი,11,,ნანა,აღდგომელაძე,ნანა აღდგომელაძე,,,adg_2025_candidates_unified.xlsx
local_2025,__main__,pr,gd,ქართული ოცნება,41,40,ახალქალაქი,12,,გაგიკ,გაბრიელიან,გაგიკ გაბრიელიან,,,adg_2025_candidates_unified.xlsx
local_2025,__main__,pr,gd,ქართული ოცნება,41,40,ახალქალაქი,13,,ედგარ,ლაგზიან,ედგარ ლაგზიან,,,adg_2025_candidates_unified.xlsx
local_2025,__main__,pr,gd,ქართული ოცნება,41,40,ახალქალაქი,14,,კარინე,კაჩოტიან,კარინე კაჩოტიან,,,adg_2025_candidates_unified.xlsx
local_2025,__main__,pr,gd,ქართული ოცნება,41,40,ახალქალაქი,15,,არარატ,აივაზიან,არარატ აივაზიან,,,adg_2025_candidates_unified.xlsx
local_2025,__main__,pr,gd,ქართული ოცნება,41,40,ახალქალაქი,16,,ვაჰე,ბერუჯანიან,ვაჰე ბერუჯანიან,,,adg_2025_candidates_unified.xlsx
local_2025,__main__,pr,gd,ქართული ოცნება,41,40,ახალქალაქი,17,,ანი,გაბრიელიან,ანი გაბრიელიან,,,adg_2025_candidates_unified.xlsx
local_2025,__main__,pr,gd,ქართული ოცნება,41,40,ახალქალაქი,18,,ვლადიმირ,მადოიან,ვლადიმირ მადოიან,,,adg_2025_candidates_unified.xlsx
local_2025,__main__,pr,gd,ქართული ოცნება,41,40,ახალქალაქი,19,,ავგუსტინ,არაქელიან,ავგუსტინ არაქელიან,,,adg_2025_candidates_unified.xlsx
local_2025,__main__,pr,gd,ქართული ოცნება,41,40,ახალქალაქი,20,,გევორგ,მარქარიან,გევორგ მარქარიან,,,adg_2025_candidates_unified.xlsx
local_2025,__main__,pr,gd,ქართული ოცნება,41,40,ახალქალაქი,21,,სუსანნა,სრაპიან,სუსანნა სრაპიან,,,adg_2025_candidates_unified.xlsx
local_2025,__main__,pr,gd,ქართული ოცნება,41,40,ახალქალაქი,22,,ალიკ,წურწუმია,ალიკ წურწუმია,,,adg_2025_candidates_unified.xlsx
local_2025,__main__,pr,gd,ქართული ოცნება,41,40,ახალქალაქი,23,,ლიზა,მურმანიშვილი,ლიზა მურმანიშვილი,,,adg_2025_candidates_unified.xlsx
local_2025,__main__,pr,gd,ქართული ოცნება,41,40,ახალქალაქი,24,,ლევონ,ბაბაიან,ლევონ ბაბაიან,,,adg_2025_candidates_unified.xlsx
local_2025,__main__,pr,gd,ქართული ოცნება,41,40,ახალქალაქი,25,,სერგეი,თათარიან,სერგეი თათარიან,,,adg_2025_candidates_unified.xlsx
local_2025,__main__,pr,gd,ქართული ოცნება,41,40,ახალქალაქი,26,,ხაჩატურ,კარაგულიან,ხაჩატურ კარაგულიან,,,adg_2025_candidates_unified.xlsx
local_2025,__main__,pr,gd,ქართული ოცნება,41,40,ახალქალაქი,27,,ედუარდ,პასპანდიან,ედუარდ პასპანდიან,,,adg_2025_candidates_unified.xlsx
local_2025,__main__,pr,gd,ქართული ოცნება,41,40,ახალქალაქი,28,,შაქრო,აფოზიან,შაქრო აფოზიან,,,adg_2025_candidates_unified.xlsx
local_2025,__main__,pr,gd,ქართული ოცნება,41,40,ახალქალაქი,29,,პეტროს,მინასიან,პეტროს მინასიან,,,adg_2025_candidates_unified.xlsx
local_2025,__main__,pr,gd,ქართული ოცნება,41,40,ახალქალაქი,30,,არამ,პასპანდიან,არამ პასპანდიან,,,adg_2025_candidates_unified.xlsx
local_2025,__main__,pr,peoples_power,„სახალხო ხელისუფლება“,14,41,ნინოწმინდა,1,,ბადრი,ჭელიძე,ბადრი ჭელიძე,,,adg_2025_candidates_unified.xlsx
local_2025,__main__,pr,peoples_power,„სახალხო ხელისუფლება“,14,41,ნინოწმინდა,2,,ავთანდილ,ნაკაიძე,ავთანდილ ნაკაიძე,,,adg_2025_candidates_unified.xlsx
local_2025,__main__,pr,peoples_power,„სახალხო ხელისუფლება“,14,41,ნინოწმინდა,3,,თემური,ნაკაიძე,თემური ნაკაიძე,,,adg_2025_candidates_unified.xlsx
local_2025,__main__,pr,peoples_power,„სახალხო ხელისუფლება“,14,41,ნინოწმინდა,4,,როინ,ბერიძე,როინ ბერიძე,,,adg_2025_candidates_unified.xlsx
local_2025,__main__,pr,peoples_power,„სახალხო ხელისუფლება“,14,41,ნინოწმინდა,5,,მზიური,ნაკაიძე,მზიური ნაკაიძე,,,adg_2025_candidates_unified.xlsx
local_2025,__main__,pr,peoples_power,„სახალხო ხელისუფლება“,14,41,ნინოწმინდა,7,,ვიტალი,ნაზაროვი,ვიტალი ნაზაროვი,,,adg_2025_candidates_unified.xlsx
local_2025,__main__,pr,gakharia,„გახარია საქართველოსთვის“,25,41,ნინოწმინდა,1,,სოფიკო,ნიქაცაძე,სოფიკო ნიქაცაძე,,,adg_2025_candidates_unified.xlsx
local_2025,__main__,pr,gakharia,„გახარია საქართველოსთვის“,25,41,ნინოწმინდა,2,,არტურ,ტონაკანიან,არტურ ტონაკანიან,,,adg_2025_candidates_unified.xlsx
local_2025,__main__,pr,gakharia,„გახარია საქართველოსთვის“,25,41,ნინოწმინდა,3,,ნიკოლაი,სუხორუკოვ,ნიკოლაი სუხორუკოვ,,,adg_2025_candidates_unified.xlsx
local_2025,__main__,pr,gakharia,„გახარია საქართველოსთვის“,25,41,ნინოწმინდა,4,,ვლადისლავ,ანანიკიან,ვლადისლავ ანანიკიან,,,adg_2025_candidates_unified.xlsx
local_2025,__main__,pr,gakharia,„გახარია საქართველოსთვის“,25,41,ნინოწმინდა,5,,აპეტნაკ,სარჯიან,აპეტნაკ სარჯიან,,,adg_2025_candidates_unified.xlsx
local_2025,__main__,pr,gakharia,„გახარია საქართველოსთვის“,25,41,ნინოწმინდა,6,,შირაზ,ეპრიკიან,შირაზ ეპრიკიან,,,adg_2025_candidates_unified.xlsx
local_2025,__main__,pr,gakharia,„გახარია საქართველოსთვის“,25,41,ნინოწმინდა,7,,სამველ,დოშოიან,სამველ დოშოიან,,,adg_2025_candidates_unified.xlsx
local_2025,__main__,pr,gakharia,„გახარია საქართველოსთვის“,25,41,ნინოწმინდა,8,,ვაჰან,ჰოვჰანნესიან,ვაჰან ჰოვჰანნესიან,,,adg_2025_candidates_unified.xlsx
local_2025,__main__,pr,gakharia,„გახარია საქართველოსთვის“,25,41,ნინოწმინდა,9,,არმენუი,ეგიგიან,არმენუი ეგიგიან,,,adg_2025_candidates_unified.xlsx
local_2025,__main__,pr,gakharia,„გახარია საქართველოსთვის“,25,41,ნინოწმინდა,10,,ლიზა,ქოლიან,ლიზა ქოლიან,,,adg_2025_candidates_unified.xlsx
local_2025,__main__,pr,gd,ქართული ოცნება,41,41,ნინოწმინდა,1,,ვაან,აროიან,ვაან აროიან,,,adg_2025_candidates_unified.xlsx
local_2025,__main__,pr,gd,ქართული ოცნება,41,41,ნინოწმინდა,2,,ჯემალი,ხმალაძე,ჯემალი ხმალაძე,,,adg_2025_candidates_unified.xlsx
local_2025,__main__,pr,gd,ქართული ოცნება,41,41,ნინოწმინდა,3,,იასონ,ნაზღაიძე,იასონ ნაზღაიძე,,,adg_2025_candidates_unified.xlsx
local_2025,__main__,pr,gd,ქართული ოცნება,41,41,ნინოწმინდა,4,,ბაბკენ,ანანიკიან,ბაბკენ ანანიკიან,,,adg_2025_candidates_unified.xlsx
local_2025,__main__,pr,gd,ქართული ოცნება,41,41,ნინოწმინდა,5,,გარუშ,არზუმანიან,გარუშ არზუმანიან,,,adg_2025_candidates_unified.xlsx
local_2025,__main__,pr,gd,ქართული ოცნება,41,41,ნინოწმინდა,6,,მუხამედ,ბერიძე,მუხამედ ბერიძე,,,adg_2025_candidates_unified.xlsx
local_2025,__main__,pr,gd,ქართული ოცნება,41,41,ნინოწმინდა,7,,მელს,კაზარიან,მელს კაზარიან,,,adg_2025_candidates_unified.xlsx
local_2025,__main__,pr,gd,ქართული ოცნება,41,41,ნინოწმინდა,8,,რაზმიკ,დარბინიან,რაზმიკ დარბინიან,,,adg_2025_candidates_unified.xlsx
local_2025,__main__,pr,gd,ქართული ოცნება,41,41,ნინოწმინდა,9,,ედიკ,ალვანჯიან,ედიკ ალვანჯიან,,,adg_2025_candidates_unified.xlsx
local_2025,__main__,pr,gd,ქართული ოცნება,41,41,ნინოწმინდა,10,,ვაე,ოგანესიან,ვაე ოგანესიან,,,adg_2025_candidates_unified.xlsx
local_2025,__main__,pr,gd,ქართული ოცნება,41,41,ნინოწმინდა,11,,არტურ,კრმადჟიან,არტურ კრმადჟიან,,,adg_2025_candidates_unified.xlsx
local_2025,__main__,pr,gd,ქართული ოცნება,41,41,ნინოწმინდა,12,,არტიომ,პოდოღლიან,არტიომ პოდოღლიან,,,adg_2025_candidates_unified.xlsx
local_2025,__main__,pr,gd,ქართული ოცნება,41,41,ნინოწმინდა,13,,ოვსეფ,ნორსოიან,ოვსეფ ნორსოიან,,,adg_2025_candidates_unified.xlsx
local_2025,__main__,pr,gd,ქართული ოცნება,41,41,ნინოწმინდა,14,,რამაზ,ბერიძე,რამაზ ბერიძე,,,adg_2025_candidates_unified.xlsx
local_2025,__main__,pr,gd,ქართული ოცნება,41,41,ნინოწმინდა,15,,ეკა,ანთაძე,ეკა ანთაძე,,,adg_2025_candidates_unified.xlsx
local_2025,__main__,pr,gd,ქართული ოცნება,41,41,ნინოწმინდა,16,,ამალია,მღდესიან,ამალია მღდესიან,,,adg_2025_candidates_unified.xlsx
local_2025,__main__,pr,gd,ქართული ოცნება,41,41,ნინოწმინდა,17,,ვანიკ,ბდოიან,ვანიკ ბდოიან,,,adg_2025_candidates_unified.xlsx
local_2025,__main__,pr,gd,ქართული ოცნება,41,41,ნინოწმინდა,18,,აკოპ,გარსლიან,აკოპ გარსლიან,,,adg_2025_candidates_unified.xlsx
local_2025,__main__,pr,gd,ქართული ოცნება,41,41,ნინოწმინდა,19,,მარინა,ესოიან,მარინა ესოიან,,,adg_2025_candidates_unified.xlsx
local_2025,__main__,pr,gd,ქართული ოცნება,41,41,ნინოწმინდა,20,,ანდრანიკ,ჰოვჰანნესიან,ანდრანიკ ჰოვჰანნესიან,,,adg_2025_candidates_unified.xlsx
local_2025,__main__,pr,gd,ქართული ოცნება,41,41,ნინოწმინდა,21,,არმან,არზუმანიან,არმან არზუმანიან,,,adg_2025_candidates_unified.xlsx
local_2025,__main__,pr,gd,ქართული ოცნება,41,41,ნინოწმინდა,22,,არზუმან,ვარტაპეტიან,არზუმან ვარტაპეტიან,,,adg_2025_candidates_unified.xlsx
local_2025,__main__,pr,gd,ქართული ოცნება,41,41,ნინოწმინდა,23,,სარმენ,პაპიკიან,სარმენ პაპიკიან,,,adg_2025_candidates_unified.xlsx
local_2025,__main__,pr,gd,ქართული ოცნება,41,41,ნინოწმინდა,24,,აღვან,ბდოიან,აღვან ბდოიან,,,adg_2025_candidates_unified.xlsx
local_2025,__main__,pr,gd,ქართული ოცნება,41,41,ნინოწმინდა,25,,არმენუჰი,ღარსლიან,არმენუჰი ღარსლიან,,,adg_2025_candidates_unified.xlsx
local_2025,__main__,pr,gd,ქართული ოცნება,41,41,ნინოწმინდა,26,,სათენიკ,კარაპეტიან,სათენიკ კარაპეტიან,,,adg_2025_candidates_unified.xlsx
local_2025,__main__,pr,gd,ქართული ოცნება,41,41,ნინოწმინდა,27,,რუბენ,სარკისიან,რუბენ სარკისიან,,,adg_2025_candidates_unified.xlsx
local_2025,__main__,pr,gd,ქართული ოცნება,41,41,ნინოწმინდა,29,,სამველ,ფუთულიან,სამველ ფუთულიან,,,adg_2025_candidates_unified.xlsx
local_2025,__main__,pr,gd,ქართული ოცნება,41,41,ნინოწმინდა,30,,ჰმაიაკ,გრიგორიან,ჰმაიაკ გრიგორიან,,,adg_2025_candidates_unified.xlsx
local_2025,__main__,pr,conservatives_geo,„კონსერვატორები საქართველოსთვის“,3,43,ონი,1,,დავით,გამყრელიძე,დავით გამყრელიძე,,,adg_2025_candidates_unified.xlsx
local_2025,__main__,pr,conservatives_geo,„კონსერვატორები საქართველოსთვის“,3,43,ონი,2,,მერაბ,ბიჭაშვილი,მერაბ ბიჭაშვილი,,,adg_2025_candidates_unified.xlsx
local_2025,__main__,pr,conservatives_geo,„კონსერვატორები საქართველოსთვის“,3,43,ონი,3,,დიმიტრი,მაისურაძე,დიმიტრი მაისურაძე,,,adg_2025_candidates_unified.xlsx
local_2025,__main__,pr,conservatives_geo,„კონსერვატორები საქართველოსთვის“,3,43,ონი,4,,ზაურ,გაგნიძე,ზაურ გაგნიძე,,,adg_2025_candidates_unified.xlsx
local_2025,__main__,pr,conservatives_geo,„კონსერვატორები საქართველოსთვის“,3,43,ონი,5,,ომარ,ხვედელიანი,ომარ ხვედელიანი,,,adg_2025_candidates_unified.xlsx
local_2025,__main__,pr,conservatives_geo,„კონსერვატორები საქართველოსთვის“,3,43,ონი,6,,ვალერიანი,გობეჯიშვილი,ვალერიანი გობეჯიშვილი,,,adg_2025_candidates_unified.xlsx
local_2025,__main__,pr,conservatives_geo,„კონსერვატორები საქართველოსთვის“,3,43,ონი,7,,დიმიტრი,გოშაძე,დიმიტრი გოშაძე,,,adg_2025_candidates_unified.xlsx
local_2025,__main__,pr,conservatives_geo,„კონსერვატორები საქართველოსთვის“,3,43,ონი,8,,ზურაბ,ბუგიანიშვილი,ზურაბ ბუგიანიშვილი,,,adg_2025_candidates_unified.xlsx
local_2025,__main__,pr,conservatives_geo,„კონსერვატორები საქართველოსთვის“,3,43,ონი,9,,როლანდ,სულთანიშვილი,როლანდ სულთანიშვილი,,,adg_2025_candidates_unified.xlsx
local_2025,__main__,pr,patriots,„საქართველოს პატრიოტთა ალიანსი“,8,43,ონი,1,,გელა,მეტრეველი,გელა მეტრეველი,,,adg_2025_candidates_unified.xlsx
local_2025,__main__,pr,patriots,„საქართველოს პატრიოტთა ალიანსი“,8,43,ონი,2,,იოსებ,მეტრეველი,იოსებ მეტრეველი,,,adg_2025_candidates_unified.xlsx
local_2025,__main__,pr,patriots,„საქართველოს პატრიოტთა ალიანსი“,8,43,ონი,3,,თეიმურაზ,კალმახელიძე,თეიმურაზ კალმახელიძე,,,adg_2025_candidates_unified.xlsx
local_2025,__main__,pr,patriots,„საქართველოს პატრიოტთა ალიანსი“,8,43,ონი,4,,თალიკო,გობეჯიშვილი,თალიკო გობეჯიშვილი,,,adg_2025_candidates_unified.xlsx
local_2025,__main__,pr,patriots,„საქართველოს პატრიოტთა ალიანსი“,8,43,ონი,5,,რუზველტი,გობეჯიშვილი,რუზველტი გობეჯიშვილი,,,adg_2025_candidates_unified.xlsx
local_2025,__main__,pr,patriots,„საქართველოს პატრიოტთა ალიანსი“,8,43,ონი,6,,ვასილ,მეტრეველი,ვასილ მეტრეველი,,,adg_2025_candidates_unified.xlsx
local_2025,__main__,pr,patriots,„საქართველოს პატრიოტთა ალიანსი“,8,43,ონი,7,,მზია,მეტრეველი,მზია მეტრეველი,,,adg_2025_candidates_unified.xlsx
local_2025,__main__,pr,strong_georgia,ძლიერი საქართველო-ლელო,9,43,ონი,1,,ზურაბ,ბენდიანიშვილი,ზურაბ ბენდიანიშვილი,,,adg_2025_candidates_unified.xlsx
local_2025,__main__,pr,strong_georgia,ძლიერი საქართველო-ლელო,9,43,ონი,2,,თამილა,არჩვაძე,თამილა არჩვაძე,,,adg_2025_candidates_unified.xlsx
local_2025,__main__,pr,strong_georgia,ძლიერი საქართველო-ლელო,9,43,ონი,3,,გივი,მაისურაძე,გივი მაისურაძე,,,adg_2025_candidates_unified.xlsx
local_2025,__main__,pr,strong_georgia,ძლიერი საქართველო-ლელო,9,43,ონი,4,,ალექსანდრე,სხირტლაძე,ალექსანდრე სხირტლაძე,,,adg_2025_candidates_unified.xlsx
local_2025,__main__,pr,strong_georgia,ძლიერი საქართველო-ლელო,9,43,ონი,5,,კახაბერ,ჩიკვილაძე,კახაბერ ჩიკვილაძე,,,adg_2025_candidates_unified.xlsx
local_2025,__main__,pr,strong_georgia,ძლიერი საქართველო-ლელო,9,43,ონი,6,,თენგიზ,ბერიშვილი,თენგიზ ბერიშვილი,,,adg_2025_candidates_unified.xlsx
local_2025,__main__,pr,strong_georgia,ძლიერი საქართველო-ლელო,9,43,ონი,7,,მევლუდი,პეტრიაშვილი,მევლუდი პეტრიაშვილი,,,adg_2025_candidates_unified.xlsx
local_2025,__main__,pr,strong_georgia,ძლიერი საქართველო-ლელო,9,43,ონი,8,,დავით,გოშაძე,დავით გოშაძე,,,adg_2025_candidates_unified.xlsx
local_2025,__main__,pr,strong_georgia,ძლიერი საქართველო-ლელო,9,43,ონი,9,,ვაჟა,ბერიშვილი,ვაჟა ბერიშვილი,,,adg_2025_candidates_unified.xlsx
local_2025,__main__,pr,strong_georgia,ძლიერი საქართველო-ლელო,9,43,ონი,10,,მერაბი,აბაიშვილი,მერაბი აბაიშვილი,,,adg_2025_candidates_unified.xlsx
local_2025,__main__,pr,strong_georgia,ძლიერი საქართველო-ლელო,9,43,ონი,11,,გიგა,ხარებაშვილი,გიგა ხარებაშვილი,,,adg_2025_candidates_unified.xlsx
local_2025,__main__,pr,strong_georgia,ძლიერი საქართველო-ლელო,9,43,ონი,12,,ნანი,ჩალაძე,ნანი ჩალაძე,,,adg_2025_candidates_unified.xlsx
local_2025,__main__,pr,strong_georgia,ძლიერი საქართველო-ლელო,9,43,ონი,13,,ჯემალი,გავაშელიშვილი,ჯემალი გავაშელიშვილი,,,adg_2025_candidates_unified.xlsx
local_2025,__main__,pr,strong_georgia,ძლიერი საქართველო-ლელო,9,43,ონი,14,,თეიმურაზ,მეტრეველი,თეიმურაზ მეტრეველი,,,adg_2025_candidates_unified.xlsx
local_2025,__main__,pr,strong_georgia,ძლიერი საქართველო-ლელო,9,43,ონი,15,,ზვიადი,გობეჯიშვილი,ზვიადი გობეჯიშვილი,,,adg_2025_candidates_unified.xlsx
local_2025,__main__,pr,strong_georgia,ძლიერი საქართველო-ლელო,9,43,ონი,16,,ზურაბ,ლობჯანიძე,ზურაბ ლობჯანიძე,,,adg_2025_candidates_unified.xlsx
local_2025,__main__,pr,strong_georgia,ძლიერი საქართველო-ლელო,9,43,ონი,17,,ქეთევანი,კერესელიძე,ქეთევანი კერესელიძე,,,adg_2025_candidates_unified.xlsx
local_2025,__main__,pr,strong_georgia,ძლიერი საქართველო-ლელო,9,43,ონი,18,,ზურაბ,ბურდილაძე,ზურაბ ბურდილაძე,,,adg_2025_candidates_unified.xlsx
local_2025,__main__,pr,gakharia,„გახარია საქართველოსთვის“,25,43,ონი,1,,ეკა,მაისურაძე,ეკა მაისურაძე,,,adg_2025_candidates_unified.xlsx
local_2025,__main__,pr,gakharia,„გახარია საქართველოსთვის“,25,43,ონი,2,,თამაზ,მეტრეველი,თამაზ მეტრეველი,,,adg_2025_candidates_unified.xlsx
local_2025,__main__,pr,gakharia,„გახარია საქართველოსთვის“,25,43,ონი,3,,შალვა,კახეთელიძე,შალვა კახეთელიძე,,,adg_2025_candidates_unified.xlsx
local_2025,__main__,pr,gakharia,„გახარია საქართველოსთვის“,25,43,ონი,4,,ზვიადი,ბერიშვილი,ზვიადი ბერიშვილი,,,adg_2025_candidates_unified.xlsx
local_2025,__main__,pr,gakharia,„გახარია საქართველოსთვის“,25,43,ონი,5,,კობა,მაისურაძე,კობა მაისურაძე,,,adg_2025_candidates_unified.xlsx
local_2025,__main__,pr,gakharia,„გახარია საქართველოსთვის“,25,43,ონი,6,,მიშა,ლობჯანიძე,მიშა ლობჯანიძე,,,adg_2025_candidates_unified.xlsx
local_2025,__main__,pr,gakharia,„გახარია საქართველოსთვის“,25,43,ონი,7,,თეიმურაზ,ცეცაძე,თეიმურაზ ცეცაძე,,,adg_2025_candidates_unified.xlsx
local_2025,__main__,pr,gakharia,„გახარია საქართველოსთვის“,25,43,ონი,8,,ავთანდილი,მაისურაძე,ავთანდილი მაისურაძე,,,adg_2025_candidates_unified.xlsx
local_2025,__main__,pr,gakharia,„გახარია საქართველოსთვის“,25,43,ონი,10,,მერცი,ბერიშვილი,მერცი ბერიშვილი,,,adg_2025_candidates_unified.xlsx
local_2025,__main__,pr,gakharia,„გახარია საქართველოსთვის“,25,43,ონი,11,,თამილა,კვატაია,თამილა კვატაია,,,adg_2025_candidates_unified.xlsx
local_2025,__main__,pr,girchi,გირჩი,36,43,ონი,1,,რევაზი,სუთიძე,რევაზი სუთიძე,,,adg_2025_candidates_unified.xlsx
local_2025,__main__,pr,girchi,გირჩი,36,43,ონი,2,,ზაზა,ბენდიანიშვილი,ზაზა ბენდიანიშვილი,,,adg_2025_candidates_unified.xlsx
local_2025,__main__,pr,girchi,გირჩი,36,43,ონი,3,,ნოდარი,ტყეშელაშვილი,ნოდარი ტყეშელაშვილი,,,adg_2025_candidates_unified.xlsx
local_2025,__main__,pr,girchi,გირჩი,36,43,ონი,4,,ნათელა,ტყეშელაშვილი,ნათელა ტყეშელაშვილი,,,adg_2025_candidates_unified.xlsx
local_2025,__main__,pr,girchi,გირჩი,36,43,ონი,5,,გიორგი,ბერუჩაშვილი,გიორგი ბერუჩაშვილი,,,adg_2025_candidates_unified.xlsx
local_2025,__main__,pr,girchi,გირჩი,36,43,ონი,6,,ნინო,სუთიძე,ნინო სუთიძე,,,adg_2025_candidates_unified.xlsx
local_2025,__main__,pr,girchi,გირჩი,36,43,ონი,7,,ლიანა,ხიდეშელი,ლიანა ხიდეშელი,,,adg_2025_candidates_unified.xlsx
local_2025,__main__,pr,girchi,გირჩი,36,43,ონი,8,,ანა,სუთიძე,ანა სუთიძე,,,adg_2025_candidates_unified.xlsx
local_2025,__main__,pr,gd,ქართული ოცნება,41,43,ონი,1,,ბაჩანა,მარკოიშვილი,ბაჩანა მარკოიშვილი,,,adg_2025_candidates_unified.xlsx
local_2025,__main__,pr,gd,ქართული ოცნება,41,43,ონი,2,,ალავერდი,ხვედელიანი,ალავერდი ხვედელიანი,,,adg_2025_candidates_unified.xlsx
local_2025,__main__,pr,gd,ქართული ოცნება,41,43,ონი,3,,გიორგი,მეშვილდიშვილი,გიორგი მეშვილდიშვილი,,,adg_2025_candidates_unified.xlsx
local_2025,__main__,pr,gd,ქართული ოცნება,41,43,ონი,4,,ვასილი,მეტრეველი,ვასილი მეტრეველი,,,adg_2025_candidates_unified.xlsx
local_2025,__main__,pr,gd,ქართული ოცნება,41,43,ონი,5,,თორნიკე,მეტრეველი,თორნიკე მეტრეველი,,,adg_2025_candidates_unified.xlsx
local_2025,__main__,pr,gd,ქართული ოცნება,41,43,ონი,6,,შუქურა,ჯაფარიძე,შუქურა ჯაფარიძე,,,adg_2025_candidates_unified.xlsx
local_2025,__main__,pr,gd,ქართული ოცნება,41,43,ონი,7,,ლევან,ორდინიძე,ლევან ორდინიძე,,,adg_2025_candidates_unified.xlsx
local_2025,__main__,pr,gd,ქართული ოცნება,41,43,ონი,8,,ირმა,ჩიხრაძე,ირმა ჩიხრაძე,,,adg_2025_candidates_unified.xlsx
local_2025,__main__,pr,gd,ქართული ოცნება,41,43,ონი,9,,ნინო,გობეჯიშვილი,ნინო გობეჯიშვილი,,,adg_2025_candidates_unified.xlsx
local_2025,__main__,pr,gd,ქართული ოცნება,41,43,ონი,10,,სონია,გუგეშაშვილი,სონია გუგეშაშვილი,,,adg_2025_candidates_unified.xlsx
local_2025,__main__,pr,gd,ქართული ოცნება,41,43,ონი,11,,ვანო,მაისურაძე,ვანო მაისურაძე,,,adg_2025_candidates_unified.xlsx
local_2025,__main__,pr,gd,ქართული ოცნება,41,43,ონი,12,,ვიტალი,მეტრეველი,ვიტალი მეტრეველი,,,adg_2025_candidates_unified.xlsx
local_2025,__main__,pr,gd,ქართული ოცნება,41,43,ონი,13,,მამუკა,ყავლაშვილი,მამუკა ყავლაშვილი,,,adg_2025_candidates_unified.xlsx
local_2025,__main__,pr,gd,ქართული ოცნება,41,43,ონი,14,,აკაკი,სულთანიშვილი,აკაკი სულთანიშვილი,,,adg_2025_candidates_unified.xlsx
local_2025,__main__,pr,gd,ქართული ოცნება,41,43,ონი,15,,ციური,მიქუჭაძე,ციური მიქუჭაძე,,,adg_2025_candidates_unified.xlsx
local_2025,__main__,pr,gd,ქართული ოცნება,41,43,ონი,16,,მევლუდ,კობახიძე,მევლუდ კობახიძე,,,adg_2025_candidates_unified.xlsx
local_2025,__main__,pr,gd,ქართული ოცნება,41,43,ონი,17,,თეიმურაზი,გუგეშაშვილი,თეიმურაზი გუგეშაშვილი,,,adg_2025_candidates_unified.xlsx
local_2025,__main__,pr,gd,ქართული ოცნება,41,43,ონი,18,,გელა,ბიჭაშვილი,გელა ბიჭაშვილი,,,adg_2025_candidates_unified.xlsx
local_2025,__main__,pr,gd,ქართული ოცნება,41,43,ონი,19,,მირანდა,გძელიშვილი,მირანდა გძელიშვილი,,,adg_2025_candidates_unified.xlsx
local_2025,__main__,pr,gd,ქართული ოცნება,41,43,ონი,20,,გურამ,ხვედელიანი,გურამ ხვედელიანი,,,adg_2025_candidates_unified.xlsx
local_2025,__main__,pr,gd,ქართული ოცნება,41,43,ონი,21,,გიორგი,მელაშვილი,გიორგი მელაშვილი,,,adg_2025_candidates_unified.xlsx
local_2025,__main__,pr,gd,ქართული ოცნება,41,43,ონი,22,,თამაზი,გობეჯიშვილი,თამაზი გობეჯიშვილი,,,adg_2025_candidates_unified.xlsx
local_2025,__main__,pr,gd,ქართული ოცნება,41,43,ონი,23,,კოსტანტინე,თაგვაძე,კოსტანტინე თაგვაძე,,,adg_2025_candidates_unified.xlsx
local_2025,__main__,pr,gd,ქართული ოცნება,41,43,ონი,24,,თეიმურაზი,გოგშელიძე,თეიმურაზი გოგშელიძე,,,adg_2025_candidates_unified.xlsx
local_2025,__main__,pr,gd,ქართული ოცნება,41,43,ონი,25,,ნატო,გაგოშიძე,ნატო გაგოშიძე,,,adg_2025_candidates_unified.xlsx
local_2025,__main__,pr,gd,ქართული ოცნება,41,43,ონი,26,,ვიქტორ,მაისურაძე,ვიქტორ მაისურაძე,,,adg_2025_candidates_unified.xlsx
local_2025,__main__,pr,gd,ქართული ოცნება,41,43,ონი,27,,იური,ჩიკვილაძე,იური ჩიკვილაძე,,,adg_2025_candidates_unified.xlsx
local_2025,__main__,pr,gd,ქართული ოცნება,41,43,ონი,28,,შოთა,ჩიხრაძე,შოთა ჩიხრაძე,,,adg_2025_candidates_unified.xlsx
local_2025,__main__,pr,gd,ქართული ოცნება,41,43,ონი,29,,ზურაბ,მეტრეველი,ზურაბ მეტრეველი,,,adg_2025_candidates_unified.xlsx
local_2025,__main__,pr,gd,ქართული ოცნება,41,43,ონი,30,,ბორის,ლებანიძე,ბორის ლებანიძე,,,adg_2025_candidates_unified.xlsx
local_2025,__main__,pr,conservatives_geo,„კონსერვატორები საქართველოსთვის“,3,44,ამბროლაური,1,,გოჩა,ხუციძე,გოჩა ხუციძე,,,adg_2025_candidates_unified.xlsx
local_2025,__main__,pr,conservatives_geo,„კონსერვატორები საქართველოსთვის“,3,44,ამბროლაური,2,,გიორგი,ჯანგიძე,გიორგი ჯანგიძე,,,adg_2025_candidates_unified.xlsx
local_2025,__main__,pr,conservatives_geo,„კონსერვატორები საქართველოსთვის“,3,44,ამბროლაური,3,,ფრიდონი,გეწაძე,ფრიდონი გეწაძე,,,adg_2025_candidates_unified.xlsx
local_2025,__main__,pr,conservatives_geo,„კონსერვატორები საქართველოსთვის“,3,44,ამბროლაური,4,,დარეჯან,ქევანაშვილი,დარეჯან ქევანაშვილი,,,adg_2025_candidates_unified.xlsx
local_2025,__main__,pr,conservatives_geo,„კონსერვატორები საქართველოსთვის“,3,44,ამბროლაური,5,,გოჩა,კობახიძე,გოჩა კობახიძე,,,adg_2025_candidates_unified.xlsx
local_2025,__main__,pr,conservatives_geo,„კონსერვატორები საქართველოსთვის“,3,44,ამბროლაური,6,,ბეჟან,რატიანი,ბეჟან რატიანი,,,adg_2025_candidates_unified.xlsx
local_2025,__main__,pr,conservatives_geo,„კონსერვატორები საქართველოსთვის“,3,44,ამბროლაური,7,,ვახტანგ,ციმაკურიძე,ვახტანგ ციმაკურიძე,,,adg_2025_candidates_unified.xlsx
local_2025,__main__,pr,conservatives_geo,„კონსერვატორები საქართველოსთვის“,3,44,ამბროლაური,8,,მანანა,ხუციშვილი,მანანა ხუციშვილი,,,adg_2025_candidates_unified.xlsx
local_2025,__main__,pr,conservatives_geo,„კონსერვატორები საქართველოსთვის“,3,44,ამბროლაური,9,,ჯანიკო,მიქიაშვილი,ჯანიკო მიქიაშვილი,,,adg_2025_candidates_unified.xlsx
local_2025,__main__,pr,conservatives_geo,„კონსერვატორები საქართველოსთვის“,3,44,ამბროლაური,10,,ჭაბუკა,სოხაძე,ჭაბუკა სოხაძე,,,adg_2025_candidates_unified.xlsx
local_2025,__main__,pr,conservatives_geo,„კონსერვატორები საქართველოსთვის“,3,44,ამბროლაური,11,,ბორის,გეწაძე,ბორის გეწაძე,,,adg_2025_candidates_unified.xlsx
local_2025,__main__,pr,conservatives_geo,„კონსერვატორები საქართველოსთვის“,3,44,ამბროლაური,12,,გაიოზ,ჯინჭარაძე,გაიოზ ჯინჭარაძე,,,adg_2025_candidates_unified.xlsx
local_2025,__main__,pr,conservatives_geo,„კონსერვატორები საქართველოსთვის“,3,44,ამბროლაური,13,,ტარიელი,ემნაძე,ტარიელი ემნაძე,,,adg_2025_candidates_unified.xlsx
local_2025,__main__,pr,conservatives_geo,„კონსერვატორები საქართველოსთვის“,3,44,ამბროლაური,14,,მამუკა,ბედელაძე,მამუკა ბედელაძე,,,adg_2025_candidates_unified.xlsx
local_2025,__main__,pr,conservatives_geo,„კონსერვატორები საქართველოსთვის“,3,44,ამბროლაური,15,,თეიმურაზ,გოგსაძე,თეიმურაზ გოგსაძე,,,adg_2025_candidates_unified.xlsx
local_2025,__main__,pr,conservatives_geo,„კონსერვატორები საქართველოსთვის“,3,44,ამბროლაური,16,,გოდერძი,მაცაბერიძე,გოდერძი მაცაბერიძე,,,adg_2025_candidates_unified.xlsx
local_2025,__main__,pr,patriots,„საქართველოს პატრიოტთა ალიანსი“,8,44,ამბროლაური,1,,გელა,ხუციშვილი,გელა ხუციშვილი,,,adg_2025_candidates_unified.xlsx
local_2025,__main__,pr,patriots,„საქართველოს პატრიოტთა ალიანსი“,8,44,ამბროლაური,2,,ამირან,მელაშვილი,ამირან მელაშვილი,,,adg_2025_candidates_unified.xlsx
local_2025,__main__,pr,patriots,„საქართველოს პატრიოტთა ალიანსი“,8,44,ამბროლაური,3,,ნინო,კიკვაძე,ნინო კიკვაძე,,,adg_2025_candidates_unified.xlsx
local_2025,__main__,pr,patriots,„საქართველოს პატრიოტთა ალიანსი“,8,44,ამბროლაური,4,,ჯონი,გავაშელი,ჯონი გავაშელი,,,adg_2025_candidates_unified.xlsx
local_2025,__main__,pr,patriots,„საქართველოს პატრიოტთა ალიანსი“,8,44,ამბროლაური,5,,თეა,დათუნაშვილი,თეა დათუნაშვილი,,,adg_2025_candidates_unified.xlsx
local_2025,__main__,pr,patriots,„საქართველოს პატრიოტთა ალიანსი“,8,44,ამბროლაური,6,,ლაშა,ბერუაშვილი,ლაშა ბერუაშვილი,,,adg_2025_candidates_unified.xlsx
local_2025,__main__,pr,strong_georgia,ძლიერი საქართველო-ლელო,9,44,ამბროლაური,1,,ბეჟანი,დარახველიძე,ბეჟანი დარახველიძე,,,adg_2025_candidates_unified.xlsx
local_2025,__main__,pr,strong_georgia,ძლიერი საქართველო-ლელო,9,44,ამბროლაური,2,,ლია,გოგოლაძე,ლია გოგოლაძე,,,adg_2025_candidates_unified.xlsx
local_2025,__main__,pr,strong_georgia,ძლიერი საქართველო-ლელო,9,44,ამბროლაური,3,,ინეზა,ბანძელაძე,ინეზა ბანძელაძე,,,adg_2025_candidates_unified.xlsx
local_2025,__main__,pr,strong_georgia,ძლიერი საქართველო-ლელო,9,44,ამბროლაური,4,,ნანა,კიკვაძე,ნანა კიკვაძე,,,adg_2025_candidates_unified.xlsx
local_2025,__main__,pr,strong_georgia,ძლიერი საქართველო-ლელო,9,44,ამბროლაური,5,,ზაზა,ერაძე,ზაზა ერაძე,,,adg_2025_candidates_unified.xlsx
local_2025,__main__,pr,strong_georgia,ძლიერი საქართველო-ლელო,9,44,ამბროლაური,6,,ამირან,ჭელიძე,ამირან ჭელიძე,,,adg_2025_candidates_unified.xlsx
local_2025,__main__,pr,strong_georgia,ძლიერი საქართველო-ლელო,9,44,ამბროლაური,7,,მედიკო,სალუქვაძე,მედიკო სალუქვაძე,,,adg_2025_candidates_unified.xlsx
local_2025,__main__,pr,strong_georgia,ძლიერი საქართველო-ლელო,9,44,ამბროლაური,8,,გია,ვაწაძე,გია ვაწაძე,,,adg_2025_candidates_unified.xlsx
local_2025,__main__,pr,strong_georgia,ძლიერი საქართველო-ლელო,9,44,ამბროლაური,9,,გოჩა,ნატმელაძე,გოჩა ნატმელაძე,,,adg_2025_candidates_unified.xlsx
local_2025,__main__,pr,strong_georgia,ძლიერი საქართველო-ლელო,9,44,ამბროლაური,10,,სოსო,რეხვიაშვილი,სოსო რეხვიაშვილი,,,adg_2025_candidates_unified.xlsx
local_2025,__main__,pr,strong_georgia,ძლიერი საქართველო-ლელო,9,44,ამბროლაური,11,,დავით,თომაძე,დავით თომაძე,,,adg_2025_candidates_unified.xlsx
local_2025,__main__,pr,peoples_power,„სახალხო ხელისუფლება“,14,44,ამბროლაური,1,,მალხაზ,ლომთაძე,მალხაზ ლომთაძე,,,adg_2025_candidates_unified.xlsx
local_2025,__main__,pr,peoples_power,„სახალხო ხელისუფლება“,14,44,ამბროლაური,2,,ანა,თვარაძე,ანა თვარაძე,,,adg_2025_candidates_unified.xlsx
local_2025,__main__,pr,peoples_power,„სახალხო ხელისუფლება“,14,44,ამბროლაური,3,,ემზარი,ლომთაძე,ემზარი ლომთაძე,,,adg_2025_candidates_unified.xlsx
local_2025,__main__,pr,peoples_power,„სახალხო ხელისუფლება“,14,44,ამბროლაური,4,,მალხაზ,ლომთაძე,მალხაზ ლომთაძე,,,adg_2025_candidates_unified.xlsx
local_2025,__main__,pr,peoples_power,„სახალხო ხელისუფლება“,14,44,ამბროლაური,5,,კახაბერ,ზურაბიშვილი,კახაბერ ზურაბიშვილი,,,adg_2025_candidates_unified.xlsx
local_2025,__main__,pr,peoples_power,„სახალხო ხელისუფლება“,14,44,ამბროლაური,6,,ვასილ,თათულაშვილი,ვასილ თათულაშვილი,,,adg_2025_candidates_unified.xlsx
local_2025,__main__,pr,peoples_power,„სახალხო ხელისუფლება“,14,44,ამბროლაური,7,,ამირან,წიკლაური,ამირან წიკლაური,,,adg_2025_candidates_unified.xlsx
local_2025,__main__,pr,peoples_power,„სახალხო ხელისუფლება“,14,44,ამბროლაური,8,,თამარი,კორშია,თამარი კორშია,,,adg_2025_candidates_unified.xlsx
local_2025,__main__,pr,gakharia,„გახარია საქართველოსთვის“,25,44,ამბროლაური,1,,დავით,ღუდუმიძე,დავით ღუდუმიძე,,,adg_2025_candidates_unified.xlsx
local_2025,__main__,pr,gakharia,„გახარია საქართველოსთვის“,25,44,ამბროლაური,2,,სოსო,ჭელიძე,სოსო ჭელიძე,,,adg_2025_candidates_unified.xlsx
local_2025,__main__,pr,gakharia,„გახარია საქართველოსთვის“,25,44,ამბროლაური,3,,მაკა,გოცირიძე,მაკა გოცირიძე,,,adg_2025_candidates_unified.xlsx
local_2025,__main__,pr,gakharia,„გახარია საქართველოსთვის“,25,44,ამბროლაური,4,,შოთა,ყიფიანი,შოთა ყიფიანი,,,adg_2025_candidates_unified.xlsx
local_2025,__main__,pr,gakharia,„გახარია საქართველოსთვის“,25,44,ამბროლაური,5,,ლევან,ქვათაძე,ლევან ქვათაძე,,,adg_2025_candidates_unified.xlsx
local_2025,__main__,pr,gakharia,„გახარია საქართველოსთვის“,25,44,ამბროლაური,6,,არჩილი,ტყეშელაშვილი,არჩილი ტყეშელაშვილი,,,adg_2025_candidates_unified.xlsx
local_2025,__main__,pr,gakharia,„გახარია საქართველოსთვის“,25,44,ამბროლაური,7,,ჯულიეტა,კვაჭაძე,ჯულიეტა კვაჭაძე,,,adg_2025_candidates_unified.xlsx
local_2025,__main__,pr,gakharia,„გახარია საქართველოსთვის“,25,44,ამბროლაური,8,,ნინო,ჯაფარიძე,ნინო ჯაფარიძე,,,adg_2025_candidates_unified.xlsx
local_2025,__main__,pr,gakharia,„გახარია საქართველოსთვის“,25,44,ამბროლაური,9,,მედეა,ყუფარაძე,მედეა ყუფარაძე,,,adg_2025_candidates_unified.xlsx
local_2025,__main__,pr,girchi,გირჩი,36,44,ამბროლაური,1,,ავთანდილ,მიქიაშვილი,ავთანდილ მიქიაშვილი,,,adg_2025_candidates_unified.xlsx
local_2025,__main__,pr,girchi,გირჩი,36,44,ამბროლაური,2,,ლევან,ომანიძე,ლევან ომანიძე,,,adg_2025_candidates_unified.xlsx
local_2025,__main__,pr,girchi,გირჩი,36,44,ამბროლაური,3,,ეკა,დვალი,ეკა დვალი,,,adg_2025_candidates_unified.xlsx
local_2025,__main__,pr,girchi,გირჩი,36,44,ამბროლაური,4,,რუსუდან,დვალი,რუსუდან დვალი,,,adg_2025_candidates_unified.xlsx
local_2025,__main__,pr,girchi,გირჩი,36,44,ამბროლაური,5,,ზურაბი,აბესაძე,ზურაბი აბესაძე,,,adg_2025_candidates_unified.xlsx
local_2025,__main__,pr,girchi,გირჩი,36,44,ამბროლაური,6,,მაკა,ახობაძე,მაკა ახობაძე,,,adg_2025_candidates_unified.xlsx
local_2025,__main__,pr,gd,ქართული ოცნება,41,44,ამბროლაური,1,,ზვიადი,მხეიძე,ზვიადი მხეიძე,,,adg_2025_candidates_unified.xlsx
local_2025,__main__,pr,gd,ქართული ოცნება,41,44,ამბროლაური,2,,დავით,გოგლიძე,დავით გოგლიძე,,,adg_2025_candidates_unified.xlsx
local_2025,__main__,pr,gd,ქართული ოცნება,41,44,ამბროლაური,3,,ელიზბარ,კობახიძე,ელიზბარ კობახიძე,,,adg_2025_candidates_unified.xlsx
local_2025,__main__,pr,gd,ქართული ოცნება,41,44,ამბროლაური,4,,მაგდანა,ვაჩაძე,მაგდანა ვაჩაძე,,,adg_2025_candidates_unified.xlsx
local_2025,__main__,pr,gd,ქართული ოცნება,41,44,ამბროლაური,5,,ლევანი,ჯმუხაძე,ლევანი ჯმუხაძე,,,adg_2025_candidates_unified.xlsx
local_2025,__main__,pr,gd,ქართული ოცნება,41,44,ამბროლაური,6,,ბაქარ,ბაკურაძე,ბაქარ ბაკურაძე,,,adg_2025_candidates_unified.xlsx
local_2025,__main__,pr,gd,ქართული ოცნება,41,44,ამბროლაური,7,,ნიკა,კენჭაძე,ნიკა კენჭაძე,,,adg_2025_candidates_unified.xlsx
local_2025,__main__,pr,gd,ქართული ოცნება,41,44,ამბროლაური,8,,ნათია,მარგველიძე,ნათია მარგველიძე,,,adg_2025_candidates_unified.xlsx
local_2025,__main__,pr,gd,ქართული ოცნება,41,44,ამბროლაური,9,,ბექა,ოშხერელი,ბექა ოშხერელი,,,adg_2025_candidates_unified.xlsx
local_2025,__main__,pr,gd,ქართული ოცნება,41,44,ამბროლაური,10,,გიორგი,მურუსიძე,გიორგი მურუსიძე,,,adg_2025_candidates_unified.xlsx
local_2025,__main__,pr,gd,ქართული ოცნება,41,44,ამბროლაური,11,,მიხეილ,ბოჭორიშვილი,მიხეილ ბოჭორიშვილი,,,adg_2025_candidates_unified.xlsx
local_2025,__main__,pr,gd,ქართული ოცნება,41,44,ამბროლაური,12,,სიმონი,ჭელიძე,სიმონი ჭელიძე,,,adg_2025_candidates_unified.xlsx
local_2025,__main__,pr,gd,ქართული ოცნება,41,44,ამბროლაური,13,,ლაშა,აბაიშვილი,ლაშა აბაიშვილი,,,adg_2025_candidates_unified.xlsx
local_2025,__main__,pr,gd,ქართული ოცნება,41,44,ამბროლაური,14,,საბა,სულაძე,საბა სულაძე,,,adg_2025_candidates_unified.xlsx
local_2025,__main__,pr,gd,ქართული ოცნება,41,44,ამბროლაური,15,,თინათინ,გოგობერიშვილი,თინათინ გოგობერიშვილი,,,adg_2025_candidates_unified.xlsx
local_2025,__main__,pr,gd,ქართული ოცნება,41,44,ამბროლაური,16,,მარიამ,გაგოშიძე,მარიამ გაგოშიძე,,,adg_2025_candidates_unified.xlsx
local_2025,__main__,pr,gd,ქართული ოცნება,41,44,ამბროლაური,17,,კობა,ღოლოძე,კობა ღოლოძე,,,adg_2025_candidates_unified.xlsx
local_2025,__main__,pr,gd,ქართული ოცნება,41,44,ამბროლაური,18,,ალექსი,ჯაფარიძე,ალექსი ჯაფარიძე,,,adg_2025_candidates_unified.xlsx
local_2025,__main__,pr,gd,ქართული ოცნება,41,44,ამბროლაური,19,,ქეთევან,ჯებაშვილი,ქეთევან ჯებაშვილი,,,adg_2025_candidates_unified.xlsx
local_2025,__main__,pr,gd,ქართული ოცნება,41,44,ამბროლაური,20,,თედო,გამყრელიძე,თედო გამყრელიძე,,,adg_2025_candidates_unified.xlsx
local_2025,__main__,pr,gd,ქართული ოცნება,41,44,ამბროლაური,21,,გივი,ჯაფარიძე,გივი ჯაფარიძე,,,adg_2025_candidates_unified.xlsx
local_2025,__main__,pr,gd,ქართული ოცნება,41,44,ამბროლაური,22,,მარინე,ჯაფარიძე,მარინე ჯაფარიძე,,,adg_2025_candidates_unified.xlsx
local_2025,__main__,pr,gd,ქართული ოცნება,41,44,ამბროლაური,23,,რამაზი,მელაშვილი,რამაზი მელაშვილი,,,adg_2025_candidates_unified.xlsx
local_2025,__main__,pr,gd,ქართული ოცნება,41,44,ამბროლაური,24,,გვანცა,კანთელაძე,გვანცა კანთელაძე,,,adg_2025_candidates_unified.xlsx
local_2025,__main__,pr,gd,ქართული ოცნება,41,44,ამბროლაური,25,,ეკატერინე,კიბაბიძე,ეკატერინე კიბაბიძე,,,adg_2025_candidates_unified.xlsx
local_2025,__main__,pr,gd,ქართული ოცნება,41,44,ამბროლაური,26,,მევლუდი,ფოფხაძე,მევლუდი ფოფხაძე,,,adg_2025_candidates_unified.xlsx
local_2025,__main__,pr,gd,ქართული ოცნება,41,44,ამბროლაური,27,,დავით,შავლაძე,დავით შავლაძე,,,adg_2025_candidates_unified.xlsx
local_2025,__main__,pr,gd,ქართული ოცნება,41,44,ამბროლაური,28,,ბაკურ,სანთელაძე,ბაკურ სანთელაძე,,,adg_2025_candidates_unified.xlsx
local_2025,__main__,pr,gd,ქართული ოცნება,41,44,ამბროლაური,29,,ჯიმშერი,გელოვანი,ჯიმშერი გელოვანი,,,adg_2025_candidates_unified.xlsx
local_2025,__main__,pr,gd,ქართული ოცნება,41,44,ამბროლაური,30,,კობა,ბოჭორიშვილი,კობა ბოჭორიშვილი,,,adg_2025_candidates_unified.xlsx
local_2025,__main__,pr,conservatives_geo,„კონსერვატორები საქართველოსთვის“,3,45,ცაგერი,1,,გიგა,კოპალიანი,გიგა კოპალიანი,,,adg_2025_candidates_unified.xlsx
local_2025,__main__,pr,conservatives_geo,„კონსერვატორები საქართველოსთვის“,3,45,ცაგერი,2,,გიორგი,კოპალიანი,გიორგი კოპალიანი,,,adg_2025_candidates_unified.xlsx
local_2025,__main__,pr,conservatives_geo,„კონსერვატორები საქართველოსთვის“,3,45,ცაგერი,3,,ლია,დანგაძე,ლია დანგაძე,,,adg_2025_candidates_unified.xlsx
local_2025,__main__,pr,conservatives_geo,„კონსერვატორები საქართველოსთვის“,3,45,ცაგერი,4,,გიორგი,ბენიძე,გიორგი ბენიძე,,,adg_2025_candidates_unified.xlsx
local_2025,__main__,pr,conservatives_geo,„კონსერვატორები საქართველოსთვის“,3,45,ცაგერი,5,,ანზორი,ბენიძე,ანზორი ბენიძე,,,adg_2025_candidates_unified.xlsx
local_2025,__main__,pr,conservatives_geo,„კონსერვატორები საქართველოსთვის“,3,45,ცაგერი,6,,სოფიო,კოპალიანი,სოფიო კოპალიანი,,,adg_2025_candidates_unified.xlsx
local_2025,__main__,pr,conservatives_geo,„კონსერვატორები საქართველოსთვის“,3,45,ცაგერი,7,,თამარი,ქლიბაძე,თამარი ქლიბაძე,,,adg_2025_candidates_unified.xlsx
local_2025,__main__,pr,strong_georgia,ძლიერი საქართველო-ლელო,9,45,ცაგერი,1,,გოგიტა,ახვლედიანი,გოგიტა ახვლედიანი,,,adg_2025_candidates_unified.xlsx
local_2025,__main__,pr,strong_georgia,ძლიერი საქართველო-ლელო,9,45,ცაგერი,2,,კახა,ყურაშვილი,კახა ყურაშვილი,,,adg_2025_candidates_unified.xlsx
local_2025,__main__,pr,strong_georgia,ძლიერი საქართველო-ლელო,9,45,ცაგერი,3,,თენგიზ,მანდარია,თენგიზ მანდარია,,,adg_2025_candidates_unified.xlsx
local_2025,__main__,pr,strong_georgia,ძლიერი საქართველო-ლელო,9,45,ცაგერი,4,,რუსლან,კუხალაშვილი,რუსლან კუხალაშვილი,,,adg_2025_candidates_unified.xlsx
local_2025,__main__,pr,strong_georgia,ძლიერი საქართველო-ლელო,9,45,ცაგერი,5,,ილია,მამარდაშვილი,ილია მამარდაშვილი,,,adg_2025_candidates_unified.xlsx
local_2025,__main__,pr,strong_georgia,ძლიერი საქართველო-ლელო,9,45,ცაგერი,6,,ზურაბი,დაშნიანი,ზურაბი დაშნიანი,,,adg_2025_candidates_unified.xlsx
local_2025,__main__,pr,strong_georgia,ძლიერი საქართველო-ლელო,9,45,ცაგერი,7,,შალვა,ირემაძე,შალვა ირემაძე,,,adg_2025_candidates_unified.xlsx
local_2025,__main__,pr,strong_georgia,ძლიერი საქართველო-ლელო,9,45,ცაგერი,8,,თეა,ახვლედიანი,თეა ახვლედიანი,,,adg_2025_candidates_unified.xlsx
local_2025,__main__,pr,strong_georgia,ძლიერი საქართველო-ლელო,9,45,ცაგერი,9,,მამუკა,ხმელიძე,მამუკა ხმელიძე,,,adg_2025_candidates_unified.xlsx
local_2025,__main__,pr,strong_georgia,ძლიერი საქართველო-ლელო,9,45,ცაგერი,10,,რაფიელი,ახვლედიანი,რაფიელი ახვლედიანი,,,adg_2025_candidates_unified.xlsx
local_2025,__main__,pr,gakharia,„გახარია საქართველოსთვის“,25,45,ცაგერი,1,,მალხაზ,მურცხვალაძე,მალხაზ მურცხვალაძე,,,adg_2025_candidates_unified.xlsx
local_2025,__main__,pr,gakharia,„გახარია საქართველოსთვის“,25,45,ცაგერი,2,,გოდერძი,ახვლედიანი,გოდერძი ახვლედიანი,,,adg_2025_candidates_unified.xlsx
local_2025,__main__,pr,gakharia,„გახარია საქართველოსთვის“,25,45,ცაგერი,3,,ირმა,ყურაშვილი,ირმა ყურაშვილი,,,adg_2025_candidates_unified.xlsx
local_2025,__main__,pr,gakharia,„გახარია საქართველოსთვის“,25,45,ცაგერი,4,,აკაკი,მეშველიანი,აკაკი მეშველიანი,,,adg_2025_candidates_unified.xlsx
local_2025,__main__,pr,gakharia,„გახარია საქართველოსთვის“,25,45,ცაგერი,5,,თეიმურაზი,მურცხვალაძე,თეიმურაზი მურცხვალაძე,,,adg_2025_candidates_unified.xlsx
local_2025,__main__,pr,gakharia,„გახარია საქართველოსთვის“,25,45,ცაგერი,6,,სალომე,ერისთავი,სალომე ერისთავი,,,adg_2025_candidates_unified.xlsx
local_2025,__main__,pr,gakharia,„გახარია საქართველოსთვის“,25,45,ცაგერი,7,,ზაზა,ონიანი,ზაზა ონიანი,,,adg_2025_candidates_unified.xlsx
local_2025,__main__,pr,gakharia,„გახარია საქართველოსთვის“,25,45,ცაგერი,8,,გოგი,ანთიძე,გოგი ანთიძე,,,adg_2025_candidates_unified.xlsx
local_2025,__main__,pr,gakharia,„გახარია საქართველოსთვის“,25,45,ცაგერი,9,,დავით,მურცხვალაძე,დავით მურცხვალაძე,,,adg_2025_candidates_unified.xlsx
local_2025,__main__,pr,gakharia,„გახარია საქართველოსთვის“,25,45,ცაგერი,10,,საბა,კოპალიანი,საბა კოპალიანი,,,adg_2025_candidates_unified.xlsx
local_2025,__main__,pr,gakharia,„გახარია საქართველოსთვის“,25,45,ცაგერი,11,,კონსტანტინე,ღურჭუმალიძე,კონსტანტინე ღურჭუმალიძე,,,adg_2025_candidates_unified.xlsx
local_2025,__main__,pr,gakharia,„გახარია საქართველოსთვის“,25,45,ცაგერი,12,,რობიზონ,ჩარკვიანი,რობიზონ ჩარკვიანი,,,adg_2025_candidates_unified.xlsx
local_2025,__main__,pr,gakharia,„გახარია საქართველოსთვის“,25,45,ცაგერი,13,,გოჩა,მურცხვალაძე,გოჩა მურცხვალაძე,,,adg_2025_candidates_unified.xlsx
local_2025,__main__,pr,gakharia,„გახარია საქართველოსთვის“,25,45,ცაგერი,14,,ჯეირანი,ახვლედიანი,ჯეირანი ახვლედიანი,,,adg_2025_candidates_unified.xlsx
local_2025,__main__,pr,gd,ქართული ოცნება,41,45,ცაგერი,1,,ვასილ,საღინაძე,ვასილ საღინაძე,,,adg_2025_candidates_unified.xlsx
local_2025,__main__,pr,gd,ქართული ოცნება,41,45,ცაგერი,2,,რეზო,ხეცურიანი,რეზო ხეცურიანი,,,adg_2025_candidates_unified.xlsx
local_2025,__main__,pr,gd,ქართული ოცნება,41,45,ცაგერი,3,,მარიკა,კოპალიანი,მარიკა კოპალიანი,,,adg_2025_candidates_unified.xlsx
local_2025,__main__,pr,gd,ქართული ოცნება,41,45,ცაგერი,4,,ონისე,ჩაკვეტაძე,ონისე ჩაკვეტაძე,,,adg_2025_candidates_unified.xlsx
local_2025,__main__,pr,gd,ქართული ოცნება,41,45,ცაგერი,5,,დავით,მუშკუდიანი,დავით მუშკუდიანი,,,adg_2025_candidates_unified.xlsx
local_2025,__main__,pr,gd,ქართული ოცნება,41,45,ცაგერი,6,,ელენე,საღინაძე,ელენე საღინაძე,,,adg_2025_candidates_unified.xlsx
local_2025,__main__,pr,gd,ქართული ოცნება,41,45,ცაგერი,7,,ზაზა,ყურაშვილი,ზაზა ყურაშვილი,,,adg_2025_candidates_unified.xlsx
local_2025,__main__,pr,gd,ქართული ოცნება,41,45,ცაგერი,8,,მურმანი,თოთაძე,მურმანი თოთაძე,,,adg_2025_candidates_unified.xlsx
local_2025,__main__,pr,gd,ქართული ოცნება,41,45,ცაგერი,9,,ნიკა,ქომეთიანი,ნიკა ქომეთიანი,,,adg_2025_candidates_unified.xlsx
local_2025,__main__,pr,gd,ქართული ოცნება,41,45,ცაგერი,10,,ჯონი,ხალიანი,ჯონი ხალიანი,,,adg_2025_candidates_unified.xlsx
local_2025,__main__,pr,gd,ქართული ოცნება,41,45,ცაგერი,11,,მამუკა,ჩიქოვანი,მამუკა ჩიქოვანი,,,adg_2025_candidates_unified.xlsx
local_2025,__main__,pr,gd,ქართული ოცნება,41,45,ცაგერი,12,,ბერდია,კვირკაშვილი,ბერდია კვირკაშვილი,,,adg_2025_candidates_unified.xlsx
local_2025,__main__,pr,gd,ქართული ოცნება,41,45,ცაგერი,13,,გორდა,გვიშიანი,გორდა გვიშიანი,,,adg_2025_candidates_unified.xlsx
local_2025,__main__,pr,gd,ქართული ოცნება,41,45,ცაგერი,14,,ვიქტორ,ცხვედიანი,ვიქტორ ცხვედიანი,,,adg_2025_candidates_unified.xlsx
local_2025,__main__,pr,gd,ქართული ოცნება,41,45,ცაგერი,15,,ბესიკი,ჩანქსელიანი,ბესიკი ჩანქსელიანი,,,adg_2025_candidates_unified.xlsx
local_2025,__main__,pr,gd,ქართული ოცნება,41,45,ცაგერი,16,,მარი,ბურჯალიანი,მარი ბურჯალიანი,,,adg_2025_candidates_unified.xlsx
local_2025,__main__,pr,gd,ქართული ოცნება,41,45,ცაგერი,17,,ბახვა,ახვლედიანი,ბახვა ახვლედიანი,,,adg_2025_candidates_unified.xlsx
local_2025,__main__,pr,gd,ქართული ოცნება,41,45,ცაგერი,18,,ვლადიმერი,ბრეგვაძე,ვლადიმერი ბრეგვაძე,,,adg_2025_candidates_unified.xlsx
local_2025,__main__,pr,gd,ქართული ოცნება,41,45,ცაგერი,19,,ნანა,ბურჯალიანი,ნანა ბურჯალიანი,,,adg_2025_candidates_unified.xlsx
local_2025,__main__,pr,gd,ქართული ოცნება,41,45,ცაგერი,20,,ნათია,მახარობლიძე,ნათია მახარობლიძე,,,adg_2025_candidates_unified.xlsx
local_2025,__main__,pr,gd,ქართული ოცნება,41,45,ცაგერი,21,,მახარე,შკუბულიანი,მახარე შკუბულიანი,,,adg_2025_candidates_unified.xlsx
local_2025,__main__,pr,gd,ქართული ოცნება,41,45,ცაგერი,22,,ლერი,სილაგაძე,ლერი სილაგაძე,,,adg_2025_candidates_unified.xlsx
local_2025,__main__,pr,gd,ქართული ოცნება,41,45,ცაგერი,23,,გივი,გოგებაშვილი,გივი გოგებაშვილი,,,adg_2025_candidates_unified.xlsx
local_2025,__main__,pr,gd,ქართული ოცნება,41,45,ცაგერი,24,,თამაზ,ჭაბუკიანი,თამაზ ჭაბუკიანი,,,adg_2025_candidates_unified.xlsx
local_2025,__main__,pr,gd,ქართული ოცნება,41,45,ცაგერი,25,,ზაალი,ყურაშვილი,ზაალი ყურაშვილი,,,adg_2025_candidates_unified.xlsx
local_2025,__main__,pr,gd,ქართული ოცნება,41,45,ცაგერი,26,,დავით,ჩიქოვანი,დავით ჩიქოვანი,,,adg_2025_candidates_unified.xlsx
local_2025,__main__,pr,gd,ქართული ოცნება,41,45,ცაგერი,27,,ნოდარი,საღინაძე,ნოდარი საღინაძე,,,adg_2025_candidates_unified.xlsx
local_2025,__main__,pr,gd,ქართული ოცნება,41,45,ცაგერი,28,,თეიმურაზი,კოპალიანი,თეიმურაზი კოპალიანი,,,adg_2025_candidates_unified.xlsx
local_2025,__main__,pr,gd,ქართული ოცნება,41,45,ცაგერი,29,,ნიკოლოზ,ქომეთიანი,ნიკოლოზ ქომეთიანი,,,adg_2025_candidates_unified.xlsx
local_2025,__main__,pr,gd,ქართული ოცნება,41,45,ცაგერი,30,,მამუკა,მამარდაშვილი,მამუკა მამარდაშვილი,,,adg_2025_candidates_unified.xlsx
local_2025,__main__,pr,conservatives_geo,„კონსერვატორები საქართველოსთვის“,3,46,ლენტეხი,1,,მამუკა,ჩარკვიანი,მამუკა ჩარკვიანი,,,adg_2025_candidates_unified.xlsx
local_2025,__main__,pr,conservatives_geo,„კონსერვატორები საქართველოსთვის“,3,46,ლენტეხი,2,,ოთარი,კუპრეიშვილი,ოთარი კუპრეიშვილი,,,adg_2025_candidates_unified.xlsx
local_2025,__main__,pr,conservatives_geo,„კონსერვატორები საქართველოსთვის“,3,46,ლენტეხი,3,,ლაშა,მაშანეიშვილი,ლაშა მაშანეიშვილი,,,adg_2025_candidates_unified.xlsx
local_2025,__main__,pr,conservatives_geo,„კონსერვატორები საქართველოსთვის“,3,46,ლენტეხი,4,,ანზორ,რამიშვილი,ანზორ რამიშვილი,,,adg_2025_candidates_unified.xlsx
local_2025,__main__,pr,conservatives_geo,„კონსერვატორები საქართველოსთვის“,3,46,ლენტეხი,5,,ლამზირა,ხუხუნაშვილი,ლამზირა ხუხუნაშვილი,,,adg_2025_candidates_unified.xlsx
local_2025,__main__,pr,conservatives_geo,„კონსერვატორები საქართველოსთვის“,3,46,ლენტეხი,6,,სულხან,დათიაშვილი,სულხან დათიაშვილი,,,adg_2025_candidates_unified.xlsx
local_2025,__main__,pr,conservatives_geo,„კონსერვატორები საქართველოსთვის“,3,46,ლენტეხი,7,,გია,ტალიაშვილი,გია ტალიაშვილი,,,adg_2025_candidates_unified.xlsx
local_2025,__main__,pr,strong_georgia,ძლიერი საქართველო-ლელო,9,46,ლენტეხი,1,,გამზა,ლიპარტელიანი,გამზა ლიპარტელიანი,,,adg_2025_candidates_unified.xlsx
local_2025,__main__,pr,strong_georgia,ძლიერი საქართველო-ლელო,9,46,ლენტეხი,2,,იოსები,ონიანი,იოსები ონიანი,,,adg_2025_candidates_unified.xlsx
local_2025,__main__,pr,strong_georgia,ძლიერი საქართველო-ლელო,9,46,ლენტეხი,3,,ედიშერი,მეშველიანი,ედიშერი მეშველიანი,,,adg_2025_candidates_unified.xlsx
local_2025,__main__,pr,strong_georgia,ძლიერი საქართველო-ლელო,9,46,ლენტეხი,4,,გრიგოლი,ლიპარტელიანი,გრიგოლი ლიპარტელიანი,,,adg_2025_candidates_unified.xlsx
local_2025,__main__,pr,strong_georgia,ძლიერი საქართველო-ლელო,9,46,ლენტეხი,5,,ცოტნე,მუსელიანი,ცოტნე მუსელიანი,,,adg_2025_candidates_unified.xlsx
local_2025,__main__,pr,strong_georgia,ძლიერი საქართველო-ლელო,9,46,ლენტეხი,6,,თამარ,მეშველაშვილი,თამარ მეშველაშვილი,,,adg_2025_candidates_unified.xlsx
local_2025,__main__,pr,strong_georgia,ძლიერი საქართველო-ლელო,9,46,ლენტეხი,7,,ლაშა,ტვილდიანი,ლაშა ტვილდიანი,,,adg_2025_candidates_unified.xlsx
local_2025,__main__,pr,strong_georgia,ძლიერი საქართველო-ლელო,9,46,ლენტეხი,8,,ნაილა,ავალიანი,ნაილა ავალიანი,,,adg_2025_candidates_unified.xlsx
local_2025,__main__,pr,strong_georgia,ძლიერი საქართველო-ლელო,9,46,ლენტეხი,9,,გელონი,ომანაძე,გელონი ომანაძე,,,adg_2025_candidates_unified.xlsx
local_2025,__main__,pr,gakharia,„გახარია საქართველოსთვის“,25,46,ლენტეხი,1,,ნინო,ბენდელიანი,ნინო ბენდელიანი,,,adg_2025_candidates_unified.xlsx
local_2025,__main__,pr,gakharia,„გახარია საქართველოსთვის“,25,46,ლენტეხი,2,,გიორგი,შავრეშიანი,გიორგი შავრეშიანი,,,adg_2025_candidates_unified.xlsx
local_2025,__main__,pr,gakharia,„გახარია საქართველოსთვის“,25,46,ლენტეხი,4,,ხვიჩა,ჩანქსელიანი,ხვიჩა ჩანქსელიანი,,,adg_2025_candidates_unified.xlsx
local_2025,__main__,pr,gakharia,„გახარია საქართველოსთვის“,25,46,ლენტეხი,5,,მანანა,ჩიტეიშვილი,მანანა ჩიტეიშვილი,,,adg_2025_candidates_unified.xlsx
local_2025,__main__,pr,gakharia,„გახარია საქართველოსთვის“,25,46,ლენტეხი,6,,კახა,ლიპარტელიანი,კახა ლიპარტელიანი,,,adg_2025_candidates_unified.xlsx
local_2025,__main__,pr,gakharia,„გახარია საქართველოსთვის“,25,46,ლენტეხი,7,,დიანა,ქურასბედიანი,დიანა ქურასბედიანი,,,adg_2025_candidates_unified.xlsx
local_2025,__main__,pr,gakharia,„გახარია საქართველოსთვის“,25,46,ლენტეხი,8,,ცოტნე,მარგველანი,ცოტნე მარგველანი,,,adg_2025_candidates_unified.xlsx
local_2025,__main__,pr,gakharia,„გახარია საქართველოსთვის“,25,46,ლენტეხი,9,,ივანე,ხაბულიანი,ივანე ხაბულიანი,,,adg_2025_candidates_unified.xlsx
local_2025,__main__,pr,gakharia,„გახარია საქართველოსთვის“,25,46,ლენტეხი,10,,გიორგი,ჩანქსელიანი,გიორგი ჩანქსელიანი,,,adg_2025_candidates_unified.xlsx
local_2025,__main__,pr,girchi,გირჩი,36,46,ლენტეხი,1,,ზვიად,მუსელიანი,ზვიად მუსელიანი,,,adg_2025_candidates_unified.xlsx
local_2025,__main__,pr,girchi,გირჩი,36,46,ლენტეხი,2,,მირიანი,გუგავა,მირიანი გუგავა,,,adg_2025_candidates_unified.xlsx
local_2025,__main__,pr,girchi,გირჩი,36,46,ლენტეხი,4,,ანა,გორდულაძე,ანა გორდულაძე,,,adg_2025_candidates_unified.xlsx
local_2025,__main__,pr,girchi,გირჩი,36,46,ლენტეხი,5,,ნიკო,ტვილდიანი,ნიკო ტვილდიანი,,,adg_2025_candidates_unified.xlsx
local_2025,__main__,pr,girchi,გირჩი,36,46,ლენტეხი,6,,მალხაზი,მუსელიანი,მალხაზი მუსელიანი,,,adg_2025_candidates_unified.xlsx
local_2025,__main__,pr,girchi,გირჩი,36,46,ლენტეხი,7,,მაია,ლიპარტელიანი,მაია ლიპარტელიანი,,,adg_2025_candidates_unified.xlsx
local_2025,__main__,pr,girchi,გირჩი,36,46,ლენტეხი,8,,ბექა,ონიანი,ბექა ონიანი,,,adg_2025_candidates_unified.xlsx
local_2025,__main__,pr,gd,ქართული ოცნება,41,46,ლენტეხი,1,,დავითი,პირველი,დავითი პირველი,,,adg_2025_candidates_unified.xlsx
local_2025,__main__,pr,gd,ქართული ოცნება,41,46,ლენტეხი,2,,გოგი,ონიანი,გოგი ონიანი,,,adg_2025_candidates_unified.xlsx
local_2025,__main__,pr,gd,ქართული ოცნება,41,46,ლენტეხი,3,,ცირა,ლიპარტელიანი,ცირა ლიპარტელიანი,,,adg_2025_candidates_unified.xlsx
local_2025,__main__,pr,gd,ქართული ოცნება,41,46,ლენტეხი,4,,მევლუდ,ლიპარტელიანი,მევლუდ ლიპარტელიანი,,,adg_2025_candidates_unified.xlsx
local_2025,__main__,pr,gd,ქართული ოცნება,41,46,ლენტეხი,5,,იაკობ,გაზდელიანი,იაკობ გაზდელიანი,,,adg_2025_candidates_unified.xlsx
local_2025,__main__,pr,gd,ქართული ოცნება,41,46,ლენტეხი,6,,თორნიკე,გასვიანი,თორნიკე გასვიანი,,,adg_2025_candidates_unified.xlsx
local_2025,__main__,pr,gd,ქართული ოცნება,41,46,ლენტეხი,7,,დათო,ფურელიანი,დათო ფურელიანი,,,adg_2025_candidates_unified.xlsx
local_2025,__main__,pr,gd,ქართული ოცნება,41,46,ლენტეხი,8,,ზურაბი,ონიანი,ზურაბი ონიანი,,,adg_2025_candidates_unified.xlsx
local_2025,__main__,pr,gd,ქართული ოცნება,41,46,ლენტეხი,9,,დალი,ტვილდიანი,დალი ტვილდიანი,,,adg_2025_candidates_unified.xlsx
local_2025,__main__,pr,gd,ქართული ოცნება,41,46,ლენტეხი,10,,რევაზი,გუჯეჯიანი,რევაზი გუჯეჯიანი,,,adg_2025_candidates_unified.xlsx
local_2025,__main__,pr,gd,ქართული ოცნება,41,46,ლენტეხი,11,,ამირან,ქურასბედიანი,ამირან ქურასბედიანი,,,adg_2025_candidates_unified.xlsx
local_2025,__main__,pr,gd,ქართული ოცნება,41,46,ლენტეხი,12,,მურადი,ჩანქსელიანი,მურადი ჩანქსელიანი,,,adg_2025_candidates_unified.xlsx
local_2025,__main__,pr,gd,ქართული ოცნება,41,46,ლენტეხი,13,,ლამზირა,გუგავა,ლამზირა გუგავა,,,adg_2025_candidates_unified.xlsx
local_2025,__main__,pr,gd,ქართული ოცნება,41,46,ლენტეხი,14,,მალხაზი,ბენდელიანი,მალხაზი ბენდელიანი,,,adg_2025_candidates_unified.xlsx
local_2025,__main__,pr,gd,ქართული ოცნება,41,46,ლენტეხი,15,,გერასიმე,ბენდელიანი,გერასიმე ბენდელიანი,,,adg_2025_candidates_unified.xlsx
local_2025,__main__,pr,gd,ქართული ოცნება,41,46,ლენტეხი,16,,ირაკლი,ქურასბედიანი,ირაკლი ქურასბედიანი,,,adg_2025_candidates_unified.xlsx
local_2025,__main__,pr,gd,ქართული ოცნება,41,46,ლენტეხი,17,,მარეხ,ონიანი,მარეხ ონიანი,,,adg_2025_candidates_unified.xlsx
local_2025,__main__,pr,gd,ქართული ოცნება,41,46,ლენტეხი,18,,მურმან,ტვილდიანი,მურმან ტვილდიანი,,,adg_2025_candidates_unified.xlsx
local_2025,__main__,pr,gd,ქართული ოცნება,41,46,ლენტეხი,19,,სოსო,ავალიანი,სოსო ავალიანი,,,adg_2025_candidates_unified.xlsx
local_2025,__main__,pr,gd,ქართული ოცნება,41,46,ლენტეხი,20,,ხუტა,მუკბანიანი,ხუტა მუკბანიანი,,,adg_2025_candidates_unified.xlsx
local_2025,__main__,pr,gd,ქართული ოცნება,41,46,ლენტეხი,21,,ემზარ,ქალდანი,ემზარ ქალდანი,,,adg_2025_candidates_unified.xlsx
local_2025,__main__,pr,gd,ქართული ოცნება,41,46,ლენტეხი,22,,ელდარ,ლიპარტელიანი,ელდარ ლიპარტელიანი,,,adg_2025_candidates_unified.xlsx
local_2025,__main__,pr,gd,ქართული ოცნება,41,46,ლენტეხი,23,,კახა,ლიპარტელიანი,კახა ლიპარტელიანი,,,adg_2025_candidates_unified.xlsx
local_2025,__main__,pr,gd,ქართული ოცნება,41,46,ლენტეხი,25,,მარადი,ლიპარტელიანი,მარადი ლიპარტელიანი,,,adg_2025_candidates_unified.xlsx
local_2025,__main__,pr,gd,ქართული ოცნება,41,46,ლენტეხი,26,,თემურ,ლიპარტელიანი,თემურ ლიპარტელიანი,,,adg_2025_candidates_unified.xlsx
local_2025,__main__,pr,gd,ქართული ოცნება,41,46,ლენტეხი,27,,კახა,ფურელიანი,კახა ფურელიანი,,,adg_2025_candidates_unified.xlsx
local_2025,__main__,pr,gd,ქართული ოცნება,41,46,ლენტეხი,28,,ანა,მუკბანიანი,ანა მუკბანიანი,,,adg_2025_candidates_unified.xlsx
local_2025,__main__,pr,gd,ქართული ოცნება,41,46,ლენტეხი,29,,ცოტნე,ქურასბედიანი,ცოტნე ქურასბედიანი,,,adg_2025_candidates_unified.xlsx
local_2025,__main__,pr,conservatives_geo,„კონსერვატორები საქართველოსთვის“,3,47,მესტია,1,,ნინო,ჭკადუა,ნინო ჭკადუა,,,adg_2025_candidates_unified.xlsx
local_2025,__main__,pr,conservatives_geo,„კონსერვატორები საქართველოსთვის“,3,47,მესტია,2,,ბადრი,ჩხვიმიანი,ბადრი ჩხვიმიანი,,,adg_2025_candidates_unified.xlsx
local_2025,__main__,pr,conservatives_geo,„კონსერვატორები საქართველოსთვის“,3,47,მესტია,3,,თამარი,კვირიკაძე,თამარი კვირიკაძე,,,adg_2025_candidates_unified.xlsx
local_2025,__main__,pr,conservatives_geo,„კონსერვატორები საქართველოსთვის“,3,47,მესტია,4,,ლერი,ჭკადუა,ლერი ჭკადუა,,,adg_2025_candidates_unified.xlsx
local_2025,__main__,pr,conservatives_geo,„კონსერვატორები საქართველოსთვის“,3,47,მესტია,5,,ნელი,ჭკადუა,ნელი ჭკადუა,,,adg_2025_candidates_unified.xlsx
local_2025,__main__,pr,conservatives_geo,„კონსერვატორები საქართველოსთვის“,3,47,მესტია,6,,გიორგი,ზუმაძე,გიორგი ზუმაძე,,,adg_2025_candidates_unified.xlsx
local_2025,__main__,pr,conservatives_geo,„კონსერვატორები საქართველოსთვის“,3,47,მესტია,7,,ეთერი,გვარმიანი,ეთერი გვარმიანი,,,adg_2025_candidates_unified.xlsx
local_2025,__main__,pr,conservatives_geo,„კონსერვატორები საქართველოსთვის“,3,47,მესტია,8,,როლანდი,ნაჭყებია,როლანდი ნაჭყებია,,,adg_2025_candidates_unified.xlsx
local_2025,__main__,pr,strong_georgia,ძლიერი საქართველო-ლელო,9,47,მესტია,1,,მალხაზ,გოშუანი,მალხაზ გოშუანი,,,adg_2025_candidates_unified.xlsx
local_2025,__main__,pr,strong_georgia,ძლიერი საქართველო-ლელო,9,47,მესტია,2,,ზაზა,დევდარიანი,ზაზა დევდარიანი,,,adg_2025_candidates_unified.xlsx
local_2025,__main__,pr,strong_georgia,ძლიერი საქართველო-ლელო,9,47,მესტია,3,,თემურ,ფალიანი,თემურ ფალიანი,,,adg_2025_candidates_unified.xlsx
local_2025,__main__,pr,strong_georgia,ძლიერი საქართველო-ლელო,9,47,მესტია,4,,ლევანი,ქალდანი,ლევანი ქალდანი,,,adg_2025_candidates_unified.xlsx
local_2025,__main__,pr,strong_georgia,ძლიერი საქართველო-ლელო,9,47,მესტია,5,,რიტა,ნარსავიძე,რიტა ნარსავიძე,,,adg_2025_candidates_unified.xlsx
local_2025,__main__,pr,strong_georgia,ძლიერი საქართველო-ლელო,9,47,მესტია,6,,თამარ,ცინდელიანი,თამარ ცინდელიანი,,,adg_2025_candidates_unified.xlsx
local_2025,__main__,pr,strong_georgia,ძლიერი საქართველო-ლელო,9,47,მესტია,7,,ანზორ,ჩხვიმიანი,ანზორ ჩხვიმიანი,,,adg_2025_candidates_unified.xlsx
local_2025,__main__,pr,strong_georgia,ძლიერი საქართველო-ლელო,9,47,მესტია,8,,რუსიკო,ნარსავიძე,რუსიკო ნარსავიძე,,,adg_2025_candidates_unified.xlsx
local_2025,__main__,pr,gakharia,„გახარია საქართველოსთვის“,25,47,მესტია,1,,გიორგი,დადვანი,გიორგი დადვანი,,,adg_2025_candidates_unified.xlsx
local_2025,__main__,pr,gakharia,„გახარია საქართველოსთვის“,25,47,მესტია,2,,დავით,ნიჟარაძე,დავით ნიჟარაძე,,,adg_2025_candidates_unified.xlsx
local_2025,__main__,pr,gakharia,„გახარია საქართველოსთვის“,25,47,მესტია,3,,გელა,ცალანი,გელა ცალანი,,,adg_2025_candidates_unified.xlsx
local_2025,__main__,pr,gakharia,„გახარია საქართველოსთვის“,25,47,მესტია,4,,მანანა,კვიციანი,მანანა კვიციანი,,,adg_2025_candidates_unified.xlsx
local_2025,__main__,pr,gakharia,„გახარია საქართველოსთვის“,25,47,მესტია,5,,მარიამი,შედანია,მარიამი შედანია,,,adg_2025_candidates_unified.xlsx
local_2025,__main__,pr,gakharia,„გახარია საქართველოსთვის“,25,47,მესტია,6,,თეიმურაზ,ასათიანი,თეიმურაზ ასათიანი,,,adg_2025_candidates_unified.xlsx
local_2025,__main__,pr,gakharia,„გახარია საქართველოსთვის“,25,47,მესტია,7,,ნათელა,ასათიანი,ნათელა ასათიანი,,,adg_2025_candidates_unified.xlsx
local_2025,__main__,pr,gakharia,„გახარია საქართველოსთვის“,25,47,მესტია,8,,ბესარიონ,გვიდიანი,ბესარიონ გვიდიანი,,,adg_2025_candidates_unified.xlsx
local_2025,__main__,pr,gakharia,„გახარია საქართველოსთვის“,25,47,მესტია,9,,გიგი,გოგიაშვილი,გიგი გოგიაშვილი,,,adg_2025_candidates_unified.xlsx
local_2025,__main__,pr,gakharia,„გახარია საქართველოსთვის“,25,47,მესტია,10,,გუგული,გვიდიანი,გუგული გვიდიანი,,,adg_2025_candidates_unified.xlsx
local_2025,__main__,pr,gakharia,„გახარია საქართველოსთვის“,25,47,მესტია,11,,გრიგოლ,ზურაბიანი,გრიგოლ ზურაბიანი,,,adg_2025_candidates_unified.xlsx
local_2025,__main__,pr,gd,ქართული ოცნება,41,47,მესტია,1,,მაიზერ,ჯაფარიძე,მაიზერ ჯაფარიძე,,,adg_2025_candidates_unified.xlsx
local_2025,__main__,pr,gd,ქართული ოცნება,41,47,მესტია,2,,ზაურ,ჩართოლანი,ზაურ ჩართოლანი,,,adg_2025_candidates_unified.xlsx
local_2025,__main__,pr,gd,ქართული ოცნება,41,47,მესტია,3,,იგორი,რატიანი,იგორი რატიანი,,,adg_2025_candidates_unified.xlsx
local_2025,__main__,pr,gd,ქართული ოცნება,41,47,მესტია,4,,შორენა,ცინდელიანი,შორენა ცინდელიანი,,,adg_2025_candidates_unified.xlsx
local_2025,__main__,pr,gd,ქართული ოცნება,41,47,მესტია,5,,ვახტანგი,ხოჯელანი,ვახტანგი ხოჯელანი,,,adg_2025_candidates_unified.xlsx
local_2025,__main__,pr,gd,ქართული ოცნება,41,47,მესტია,6,,ზურაბ,ჯაფარიძე,ზურაბ ჯაფარიძე,,,adg_2025_candidates_unified.xlsx
local_2025,__main__,pr,gd,ქართული ოცნება,41,47,მესტია,7,,ზაზა,ფალიანი,ზაზა ფალიანი,,,adg_2025_candidates_unified.xlsx
local_2025,__main__,pr,gd,ქართული ოცნება,41,47,მესტია,8,,ბაჩუკი,ნაკანი,ბაჩუკი ნაკანი,,,adg_2025_candidates_unified.xlsx
local_2025,__main__,pr,gd,ქართული ოცნება,41,47,მესტია,9,,მიშა,ჭკადუა,მიშა ჭკადუა,,,adg_2025_candidates_unified.xlsx
local_2025,__main__,pr,gd,ქართული ოცნება,41,47,მესტია,10,,მერაბ,საბანიძე,მერაბ საბანიძე,,,adg_2025_candidates_unified.xlsx
local_2025,__main__,pr,gd,ქართული ოცნება,41,47,მესტია,11,,ლევანი,ქალდანი,ლევანი ქალდანი,,,adg_2025_candidates_unified.xlsx
local_2025,__main__,pr,gd,ქართული ოცნება,41,47,მესტია,12,,ლაშა,პაკელიანი,ლაშა პაკელიანი,,,adg_2025_candidates_unified.xlsx
local_2025,__main__,pr,gd,ქართული ოცნება,41,47,მესტია,13,,ლია,ჩარკვიანი,ლია ჩარკვიანი,,,adg_2025_candidates_unified.xlsx
local_2025,__main__,pr,gd,ქართული ოცნება,41,47,მესტია,14,,მირზა,დადვანი,მირზა დადვანი,,,adg_2025_candidates_unified.xlsx
local_2025,__main__,pr,gd,ქართული ოცნება,41,47,მესტია,15,,შალვა,პირველი,შალვა პირველი,,,adg_2025_candidates_unified.xlsx
local_2025,__main__,pr,gd,ქართული ოცნება,41,47,მესტია,16,,ტარზან,ქალდანი,ტარზან ქალდანი,,,adg_2025_candidates_unified.xlsx
local_2025,__main__,pr,gd,ქართული ოცნება,41,47,მესტია,17,,გიორგი,გულბანი,გიორგი გულბანი,,,adg_2025_candidates_unified.xlsx
local_2025,__main__,pr,gd,ქართული ოცნება,41,47,მესტია,18,,ჯოტო,გიგანი,ჯოტო გიგანი,,,adg_2025_candidates_unified.xlsx
local_2025,__main__,pr,gd,ქართული ოცნება,41,47,მესტია,19,,გიორგი,ხერგიანი,გიორგი ხერგიანი,,,adg_2025_candidates_unified.xlsx
local_2025,__main__,pr,gd,ქართული ოცნება,41,47,მესტია,20,,ლაშა,გულედანი,ლაშა გულედანი,,,adg_2025_candidates_unified.xlsx
local_2025,__main__,pr,gd,ქართული ოცნება,41,47,მესტია,21,,გოჩა,გურგულიანი,გოჩა გურგულიანი,,,adg_2025_candidates_unified.xlsx
local_2025,__main__,pr,gd,ქართული ოცნება,41,47,მესტია,22,,თეა,ქურდიანი,თეა ქურდიანი,,,adg_2025_candidates_unified.xlsx
local_2025,__main__,pr,gd,ქართული ოცნება,41,47,მესტია,23,,მირზა,გერლიანი,მირზა გერლიანი,,,adg_2025_candidates_unified.xlsx
local_2025,__main__,pr,gd,ქართული ოცნება,41,47,მესტია,24,,რომან,რეზესიძე,რომან რეზესიძე,,,adg_2025_candidates_unified.xlsx
local_2025,__main__,pr,gd,ქართული ოცნება,41,47,მესტია,25,,ჯეირან,კვირიკაძე,ჯეირან კვირიკაძე,,,adg_2025_candidates_unified.xlsx
local_2025,__main__,pr,gd,ქართული ოცნება,41,47,მესტია,26,,გიორგი,მარგიანი,გიორგი მარგიანი,,,adg_2025_candidates_unified.xlsx
local_2025,__main__,pr,gd,ქართული ოცნება,41,47,მესტია,27,,გიორგი,რატიანი,გიორგი რატიანი,,,adg_2025_candidates_unified.xlsx
local_2025,__main__,pr,gd,ქართული ოცნება,41,47,მესტია,28,,იაროსლავ,ცალანი,იაროსლავ ცალანი,,,adg_2025_candidates_unified.xlsx
local_2025,__main__,pr,gd,ქართული ოცნება,41,47,მესტია,29,,თამაზი,გურგულიანი,თამაზი გურგულიანი,,,adg_2025_candidates_unified.xlsx
local_2025,__main__,pr,gd,ქართული ოცნება,41,47,მესტია,30,,დიდა,ჩარქსელიანი,დიდა ჩარქსელიანი,,,adg_2025_candidates_unified.xlsx
local_2025,__main__,pr,conservatives_geo,„კონსერვატორები საქართველოსთვის“,3,48,ხარაგაული,1,,თენგიზ,ღონღაძე,თენგიზ ღონღაძე,,,adg_2025_candidates_unified.xlsx
local_2025,__main__,pr,conservatives_geo,„კონსერვატორები საქართველოსთვის“,3,48,ხარაგაული,2,,გელა,ღონღაძე,გელა ღონღაძე,,,adg_2025_candidates_unified.xlsx
local_2025,__main__,pr,conservatives_geo,„კონსერვატორები საქართველოსთვის“,3,48,ხარაგაული,3,,ვალერიან,დავითაშვილი,ვალერიან დავითაშვილი,,,adg_2025_candidates_unified.xlsx
local_2025,__main__,pr,conservatives_geo,„კონსერვატორები საქართველოსთვის“,3,48,ხარაგაული,4,,მალხაზი,ჩაჩანიძე,მალხაზი ჩაჩანიძე,,,adg_2025_candidates_unified.xlsx
local_2025,__main__,pr,conservatives_geo,„კონსერვატორები საქართველოსთვის“,3,48,ხარაგაული,5,,დავით,ვაზგანავა,დავით ვაზგანავა,,,adg_2025_candidates_unified.xlsx
local_2025,__main__,pr,conservatives_geo,„კონსერვატორები საქართველოსთვის“,3,48,ხარაგაული,6,,მიხეილ,ბერიკაშვილი,მიხეილ ბერიკაშვილი,,,adg_2025_candidates_unified.xlsx
local_2025,__main__,pr,conservatives_geo,„კონსერვატორები საქართველოსთვის“,3,48,ხარაგაული,7,,გიორგი,საზანდრიშვილი,გიორგი საზანდრიშვილი,,,adg_2025_candidates_unified.xlsx
local_2025,__main__,pr,patriots,„საქართველოს პატრიოტთა ალიანსი“,8,48,ხარაგაული,1,,თეიმურაზ,ფცქიალაძე,თეიმურაზ ფცქიალაძე,,,adg_2025_candidates_unified.xlsx
local_2025,__main__,pr,patriots,„საქართველოს პატრიოტთა ალიანსი“,8,48,ხარაგაული,2,,ბესიკ,ხომასურიძე,ბესიკ ხომასურიძე,,,adg_2025_candidates_unified.xlsx
local_2025,__main__,pr,patriots,„საქართველოს პატრიოტთა ალიანსი“,8,48,ხარაგაული,3,,ბადრი,გოგოლაძე,ბადრი გოგოლაძე,,,adg_2025_candidates_unified.xlsx
local_2025,__main__,pr,patriots,„საქართველოს პატრიოტთა ალიანსი“,8,48,ხარაგაული,4,,გიორგი,შარიქაძე,გიორგი შარიქაძე,,,adg_2025_candidates_unified.xlsx
local_2025,__main__,pr,patriots,„საქართველოს პატრიოტთა ალიანსი“,8,48,ხარაგაული,5,,ნინო,ლომიძე,ნინო ლომიძე,,,adg_2025_candidates_unified.xlsx
local_2025,__main__,pr,patriots,„საქართველოს პატრიოტთა ალიანსი“,8,48,ხარაგაული,6,,ცისანა,კიკნაძე,ცისანა კიკნაძე,,,adg_2025_candidates_unified.xlsx
local_2025,__main__,pr,patriots,„საქართველოს პატრიოტთა ალიანსი“,8,48,ხარაგაული,7,,მალხაზი,წიქარიშვილი,მალხაზი წიქარიშვილი,,,adg_2025_candidates_unified.xlsx
local_2025,__main__,pr,patriots,„საქართველოს პატრიოტთა ალიანსი“,8,48,ხარაგაული,8,,ცარო,ბარბაქაძე,ცარო ბარბაქაძე,,,adg_2025_candidates_unified.xlsx
local_2025,__main__,pr,patriots,„საქართველოს პატრიოტთა ალიანსი“,8,48,ხარაგაული,9,,ლალი,ბერაძე,ლალი ბერაძე,,,adg_2025_candidates_unified.xlsx
local_2025,__main__,pr,strong_georgia,ძლიერი საქართველო-ლელო,9,48,ხარაგაული,1,,მიხეილ,ჭიპაშვილი,მიხეილ ჭიპაშვილი,,,adg_2025_candidates_unified.xlsx
local_2025,__main__,pr,strong_georgia,ძლიერი საქართველო-ლელო,9,48,ხარაგაული,2,,ვიტალი,ორლოვი,ვიტალი ორლოვი,,,adg_2025_candidates_unified.xlsx
local_2025,__main__,pr,strong_georgia,ძლიერი საქართველო-ლელო,9,48,ხარაგაული,3,,ომარ,გაგოშიძე,ომარ გაგოშიძე,,,adg_2025_candidates_unified.xlsx
local_2025,__main__,pr,strong_georgia,ძლიერი საქართველო-ლელო,9,48,ხარაგაული,4,,ვეფხვია,გრიგალაშვილი,ვეფხვია გრიგალაშვილი,,,adg_2025_candidates_unified.xlsx
local_2025,__main__,pr,strong_georgia,ძლიერი საქართველო-ლელო,9,48,ხარაგაული,5,,თამარ,ტაბატაძე,თამარ ტაბატაძე,,,adg_2025_candidates_unified.xlsx
local_2025,__main__,pr,strong_georgia,ძლიერი საქართველო-ლელო,9,48,ხარაგაული,6,,დურმიშხან,იჩქიტიძე,დურმიშხან იჩქიტიძე,,,adg_2025_candidates_unified.xlsx
local_2025,__main__,pr,strong_georgia,ძლიერი საქართველო-ლელო,9,48,ხარაგაული,7,,არჩილ,ზირაქაძე,არჩილ ზირაქაძე,,,adg_2025_candidates_unified.xlsx
local_2025,__main__,pr,strong_georgia,ძლიერი საქართველო-ლელო,9,48,ხარაგაული,8,,გიორგი,მაღლაკელიძე,გიორგი მაღლაკელიძე,,,adg_2025_candidates_unified.xlsx
local_2025,__main__,pr,strong_georgia,ძლიერი საქართველო-ლელო,9,48,ხარაგაული,9,,ზურაბი,გელაშვილი,ზურაბი გელაშვილი,,,adg_2025_candidates_unified.xlsx
local_2025,__main__,pr,strong_georgia,ძლიერი საქართველო-ლელო,9,48,ხარაგაული,10,,ცოტნე,ტაბატაძე,ცოტნე ტაბატაძე,,,adg_2025_candidates_unified.xlsx
local_2025,__main__,pr,strong_georgia,ძლიერი საქართველო-ლელო,9,48,ხარაგაული,11,,ბეჟან,კაპანაძე,ბეჟან კაპანაძე,,,adg_2025_candidates_unified.xlsx
local_2025,__main__,pr,strong_georgia,ძლიერი საქართველო-ლელო,9,48,ხარაგაული,12,,ნიკოლოზ,ბირკაძე,ნიკოლოზ ბირკაძე,,,adg_2025_candidates_unified.xlsx
local_2025,__main__,pr,strong_georgia,ძლიერი საქართველო-ლელო,9,48,ხარაგაული,13,,გერონტი,ბლუაშვილი,გერონტი ბლუაშვილი,,,adg_2025_candidates_unified.xlsx
local_2025,__main__,pr,strong_georgia,ძლიერი საქართველო-ლელო,9,48,ხარაგაული,14,,აკაკი,მეტრეველი,აკაკი მეტრეველი,,,adg_2025_candidates_unified.xlsx
local_2025,__main__,pr,strong_georgia,ძლიერი საქართველო-ლელო,9,48,ხარაგაული,15,,დარეჯან,გელაშვილი,დარეჯან გელაშვილი,,,adg_2025_candidates_unified.xlsx
local_2025,__main__,pr,strong_georgia,ძლიერი საქართველო-ლელო,9,48,ხარაგაული,16,,გოგიტა,გრიგალაშვილი,გოგიტა გრიგალაშვილი,,,adg_2025_candidates_unified.xlsx
local_2025,__main__,pr,gakharia,„გახარია საქართველოსთვის“,25,48,ხარაგაული,1,,გივი,მაისურაძე,გივი მაისურაძე,,,adg_2025_candidates_unified.xlsx
local_2025,__main__,pr,gakharia,„გახარია საქართველოსთვის“,25,48,ხარაგაული,2,,გოჩა,ჩხაბერიძე,გოჩა ჩხაბერიძე,,,adg_2025_candidates_unified.xlsx
local_2025,__main__,pr,gakharia,„გახარია საქართველოსთვის“,25,48,ხარაგაული,3,,ვარლამ,თავზარაშვილი,ვარლამ თავზარაშვილი,,,adg_2025_candidates_unified.xlsx
local_2025,__main__,pr,gakharia,„გახარია საქართველოსთვის“,25,48,ხარაგაული,4,,კონსტანტინე,ბერაძე,კონსტანტინე ბერაძე,,,adg_2025_candidates_unified.xlsx
local_2025,__main__,pr,gakharia,„გახარია საქართველოსთვის“,25,48,ხარაგაული,5,,ბესიკ,ავალიშვილი,ბესიკ ავალიშვილი,,,adg_2025_candidates_unified.xlsx
local_2025,__main__,pr,gakharia,„გახარია საქართველოსთვის“,25,48,ხარაგაული,6,,კონსტანტინე,ხარაძე,კონსტანტინე ხარაძე,,,adg_2025_candidates_unified.xlsx
local_2025,__main__,pr,gakharia,„გახარია საქართველოსთვის“,25,48,ხარაგაული,7,,დავით,მღებრიშვილი,დავით მღებრიშვილი,,,adg_2025_candidates_unified.xlsx
local_2025,__main__,pr,gakharia,„გახარია საქართველოსთვის“,25,48,ხარაგაული,8,,ქეთევან,თავზარაშვილი,ქეთევან თავზარაშვილი,,,adg_2025_candidates_unified.xlsx
local_2025,__main__,pr,gakharia,„გახარია საქართველოსთვის“,25,48,ხარაგაული,9,,მაია,ქასრაშვილი,მაია ქასრაშვილი,,,adg_2025_candidates_unified.xlsx
local_2025,__main__,pr,gakharia,„გახარია საქართველოსთვის“,25,48,ხარაგაული,10,,გიორგი,აბაშიძე,გიორგი აბაშიძე,,,adg_2025_candidates_unified.xlsx
local_2025,__main__,pr,gakharia,„გახარია საქართველოსთვის“,25,48,ხარაგაული,11,,ირინე,იჩქიტიძე,ირინე იჩქიტიძე,,,adg_2025_candidates_unified.xlsx
local_2025,__main__,pr,gakharia,„გახარია საქართველოსთვის“,25,48,ხარაგაული,12,,გიორგი,ბერაძე,გიორგი ბერაძე,,,adg_2025_candidates_unified.xlsx
local_2025,__main__,pr,gakharia,„გახარია საქართველოსთვის“,25,48,ხარაგაული,13,,გრიგოლ,ბერაძე,გრიგოლ ბერაძე,,,adg_2025_candidates_unified.xlsx
local_2025,__main__,pr,gakharia,„გახარია საქართველოსთვის“,25,48,ხარაგაული,14,,მაია,ტუღუში,მაია ტუღუში,,,adg_2025_candidates_unified.xlsx
local_2025,__main__,pr,gd,ქართული ოცნება,41,48,ხარაგაული,1,,მანანა,ბარბაქაძე,მანანა ბარბაქაძე,,,adg_2025_candidates_unified.xlsx
local_2025,__main__,pr,gd,ქართული ოცნება,41,48,ხარაგაული,2,,იზოლდა,ვეფხვაძე,იზოლდა ვეფხვაძე,,,adg_2025_candidates_unified.xlsx
local_2025,__main__,pr,gd,ქართული ოცნება,41,48,ხარაგაული,3,,დავით,კიკნაძე,დავით კიკნაძე,,,adg_2025_candidates_unified.xlsx
local_2025,__main__,pr,gd,ქართული ოცნება,41,48,ხარაგაული,4,,ავთანდილ,კვინიკაძე,ავთანდილ კვინიკაძე,,,adg_2025_candidates_unified.xlsx
local_2025,__main__,pr,gd,ქართული ოცნება,41,48,ხარაგაული,5,,ჟანა,ნემსაძე,ჟანა ნემსაძე,,,adg_2025_candidates_unified.xlsx
local_2025,__main__,pr,gd,ქართული ოცნება,41,48,ხარაგაული,6,,ამირან,ოქრომჭედლიძე,ამირან ოქრომჭედლიძე,,,adg_2025_candidates_unified.xlsx
local_2025,__main__,pr,gd,ქართული ოცნება,41,48,ხარაგაული,7,,შალვა,ლურსმანაშვილი,შალვა ლურსმანაშვილი,,,adg_2025_candidates_unified.xlsx
local_2025,__main__,pr,gd,ქართული ოცნება,41,48,ხარაგაული,8,,ირმა,ვაქერ-სებისკვერაძე,ირმა ვაქერ-სებისკვერაძე,,,adg_2025_candidates_unified.xlsx
local_2025,__main__,pr,gd,ქართული ოცნება,41,48,ხარაგაული,9,,ოთარ,ლურსმანაშვილი,ოთარ ლურსმანაშვილი,,,adg_2025_candidates_unified.xlsx
local_2025,__main__,pr,gd,ქართული ოცნება,41,48,ხარაგაული,10,,სპარტაკ,ლაცაბიძე,სპარტაკ ლაცაბიძე,,,adg_2025_candidates_unified.xlsx
local_2025,__main__,pr,gd,ქართული ოცნება,41,48,ხარაგაული,11,,შმაგი,ხიჯაკაძე,შმაგი ხიჯაკაძე,,,adg_2025_candidates_unified.xlsx
local_2025,__main__,pr,gd,ქართული ოცნება,41,48,ხარაგაული,12,,ეკატერინე,შველიძე,ეკატერინე შველიძე,,,adg_2025_candidates_unified.xlsx
local_2025,__main__,pr,gd,ქართული ოცნება,41,48,ხარაგაული,13,,მარინე,ხვედელიძე,მარინე ხვედელიძე,,,adg_2025_candidates_unified.xlsx
local_2025,__main__,pr,gd,ქართული ოცნება,41,48,ხარაგაული,14,,იამზე,პაქსაშვილი,იამზე პაქსაშვილი,,,adg_2025_candidates_unified.xlsx
local_2025,__main__,pr,gd,ქართული ოცნება,41,48,ხარაგაული,15,,გივი,თხელიძე,გივი თხელიძე,,,adg_2025_candidates_unified.xlsx
local_2025,__main__,pr,gd,ქართული ოცნება,41,48,ხარაგაული,16,,ვერა,ოდიკაძე,ვერა ოდიკაძე,,,adg_2025_candidates_unified.xlsx
local_2025,__main__,pr,gd,ქართული ოცნება,41,48,ხარაგაული,17,,ვახტანგი,ტალახაძე,ვახტანგი ტალახაძე,,,adg_2025_candidates_unified.xlsx
local_2025,__main__,pr,gd,ქართული ოცნება,41,48,ხარაგაული,18,,ნინო,ქველიაშვილი,ნინო ქველიაშვილი,,,adg_2025_candidates_unified.xlsx
local_2025,__main__,pr,gd,ქართული ოცნება,41,48,ხარაგაული,19,,გიორგი,მაქაძე,გიორგი მაქაძე,,,adg_2025_candidates_unified.xlsx
local_2025,__main__,pr,gd,ქართული ოცნება,41,48,ხარაგაული,20,,ლევანი,დონაძე,ლევანი დონაძე,,,adg_2025_candidates_unified.xlsx
local_2025,__main__,pr,gd,ქართული ოცნება,41,48,ხარაგაული,21,,მირანდა,გელაშვილი,მირანდა გელაშვილი,,,adg_2025_candidates_unified.xlsx
local_2025,__main__,pr,gd,ქართული ოცნება,41,48,ხარაგაული,22,,ბექა,ხიჯაკაძე,ბექა ხიჯაკაძე,,,adg_2025_candidates_unified.xlsx
local_2025,__main__,pr,gd,ქართული ოცნება,41,48,ხარაგაული,23,,ნიკოლოზ,ჭიპაშვილი,ნიკოლოზ ჭიპაშვილი,,,adg_2025_candidates_unified.xlsx
local_2025,__main__,pr,gd,ქართული ოცნება,41,48,ხარაგაული,24,,ლია,მაღლაფერიძე,ლია მაღლაფერიძე,,,adg_2025_candidates_unified.xlsx
local_2025,__main__,pr,gd,ქართული ოცნება,41,48,ხარაგაული,25,,იმედა,თაბუკაშვილი,იმედა თაბუკაშვილი,,,adg_2025_candidates_unified.xlsx
local_2025,__main__,pr,gd,ქართული ოცნება,41,48,ხარაგაული,26,,გიორგი,გლუნჩაძე,გიორგი გლუნჩაძე,,,adg_2025_candidates_unified.xlsx
local_2025,__main__,pr,gd,ქართული ოცნება,41,48,ხარაგაული,27,,იური,ჩადუნელი,იური ჩადუნელი,,,adg_2025_candidates_unified.xlsx
local_2025,__main__,pr,gd,ქართული ოცნება,41,48,ხარაგაული,28,,სანდრო,დალალიშვილი,სანდრო დალალიშვილი,,,adg_2025_candidates_unified.xlsx
local_2025,__main__,pr,gd,ქართული ოცნება,41,48,ხარაგაული,29,,იუზა,კაციტაძე,იუზა კაციტაძე,,,adg_2025_candidates_unified.xlsx
local_2025,__main__,pr,gd,ქართული ოცნება,41,48,ხარაგაული,30,,ზამირა,ბარჯაძე,ზამირა ბარჯაძე,,,adg_2025_candidates_unified.xlsx
local_2025,__main__,pr,gd,ქართული ოცნება,41,48,ხარაგაული,31,,სულიკო,ჭყოიძე,სულიკო ჭყოიძე,,,adg_2025_candidates_unified.xlsx
local_2025,__main__,pr,gd,ქართული ოცნება,41,48,ხარაგაული,32,,ზაზა,ბერაძე,ზაზა ბერაძე,,,adg_2025_candidates_unified.xlsx
local_2025,__main__,pr,gd,ქართული ოცნება,41,48,ხარაგაული,33,,ინგა,იმედაიშვილი,ინგა იმედაიშვილი,,,adg_2025_candidates_unified.xlsx
local_2025,__main__,pr,gd,ქართული ოცნება,41,48,ხარაგაული,34,,შორენა,ვეფხვაძე,შორენა ვეფხვაძე,,,adg_2025_candidates_unified.xlsx
local_2025,__main__,pr,gd,ქართული ოცნება,41,48,ხარაგაული,35,,მაია,ბოჭორიშვილი,მაია ბოჭორიშვილი,,,adg_2025_candidates_unified.xlsx
local_2025,__main__,pr,conservatives_geo,„კონსერვატორები საქართველოსთვის“,3,49,თერჯოლა,1,,როინი,გოგიაშვილი,როინი გოგიაშვილი,,,adg_2025_candidates_unified.xlsx
local_2025,__main__,pr,conservatives_geo,„კონსერვატორები საქართველოსთვის“,3,49,თერჯოლა,2,,ზაური,ობოლაძე,ზაური ობოლაძე,,,adg_2025_candidates_unified.xlsx
local_2025,__main__,pr,conservatives_geo,„კონსერვატორები საქართველოსთვის“,3,49,თერჯოლა,3,,ირაკლი,დათუაძე,ირაკლი დათუაძე,,,adg_2025_candidates_unified.xlsx
local_2025,__main__,pr,conservatives_geo,„კონსერვატორები საქართველოსთვის“,3,49,თერჯოლა,4,,კახაბერ,გავაშელაშვილი,კახაბერ გავაშელაშვილი,,,adg_2025_candidates_unified.xlsx
local_2025,__main__,pr,conservatives_geo,„კონსერვატორები საქართველოსთვის“,3,49,თერჯოლა,5,,მურადი,კუბლაშვილი,მურადი კუბლაშვილი,,,adg_2025_candidates_unified.xlsx
local_2025,__main__,pr,conservatives_geo,„კონსერვატორები საქართველოსთვის“,3,49,თერჯოლა,6,,გიორგი,გეწაძე,გიორგი გეწაძე,,,adg_2025_candidates_unified.xlsx
local_2025,__main__,pr,conservatives_geo,„კონსერვატორები საქართველოსთვის“,3,49,თერჯოლა,7,,დიმიტრი,ცარციძე,დიმიტრი ცარციძე,,,adg_2025_candidates_unified.xlsx
local_2025,__main__,pr,conservatives_geo,„კონსერვატორები საქართველოსთვის“,3,49,თერჯოლა,8,,ნიკო,კლდიაშვილი,ნიკო კლდიაშვილი,,,adg_2025_candidates_unified.xlsx
local_2025,__main__,pr,conservatives_geo,„კონსერვატორები საქართველოსთვის“,3,49,თერჯოლა,9,,ზაზა,კვერნაძე,ზაზა კვერნაძე,,,adg_2025_candidates_unified.xlsx
local_2025,__main__,pr,conservatives_geo,„კონსერვატორები საქართველოსთვის“,3,49,თერჯოლა,10,,დათო,მაჭარაშვილი,დათო მაჭარაშვილი,,,adg_2025_candidates_unified.xlsx
local_2025,__main__,pr,conservatives_geo,„კონსერვატორები საქართველოსთვის“,3,49,თერჯოლა,11,,ელიზბარი,ცინაძე,ელიზბარი ცინაძე,,,adg_2025_candidates_unified.xlsx
local_2025,__main__,pr,conservatives_geo,„კონსერვატორები საქართველოსთვის“,3,49,თერჯოლა,12,,კახა,გიორხელიძე,კახა გიორხელიძე,,,adg_2025_candidates_unified.xlsx
local_2025,__main__,pr,patriots,„საქართველოს პატრიოტთა ალიანსი“,8,49,თერჯოლა,1,,ლელა,გიორგაძე,ლელა გიორგაძე,,,adg_2025_candidates_unified.xlsx
local_2025,__main__,pr,patriots,„საქართველოს პატრიოტთა ალიანსი“,8,49,თერჯოლა,2,,ავთანდილ,ჯულუხაძე,ავთანდილ ჯულუხაძე,,,adg_2025_candidates_unified.xlsx
local_2025,__main__,pr,patriots,„საქართველოს პატრიოტთა ალიანსი“,8,49,თერჯოლა,3,,ანნა,ჟორჟოლიანი,ანნა ჟორჟოლიანი,,,adg_2025_candidates_unified.xlsx
local_2025,__main__,pr,patriots,„საქართველოს პატრიოტთა ალიანსი“,8,49,თერჯოლა,4,,მანანა,ჭიჭინაძე,მანანა ჭიჭინაძე,,,adg_2025_candidates_unified.xlsx
local_2025,__main__,pr,patriots,„საქართველოს პატრიოტთა ალიანსი“,8,49,თერჯოლა,5,,ქეთევან,ჭელიძე,ქეთევან ჭელიძე,,,adg_2025_candidates_unified.xlsx
local_2025,__main__,pr,patriots,„საქართველოს პატრიოტთა ალიანსი“,8,49,თერჯოლა,6,,თეონა,მაისურაძე,თეონა მაისურაძე,,,adg_2025_candidates_unified.xlsx
local_2025,__main__,pr,strong_georgia,ძლიერი საქართველო-ლელო,9,49,თერჯოლა,1,,ვლადიმერი,მაკარიძე,ვლადიმერი მაკარიძე,,,adg_2025_candidates_unified.xlsx
local_2025,__main__,pr,strong_georgia,ძლიერი საქართველო-ლელო,9,49,თერჯოლა,2,,რევაზი,მაჭარაშვილი,რევაზი მაჭარაშვილი,,,adg_2025_candidates_unified.xlsx
local_2025,__main__,pr,strong_georgia,ძლიერი საქართველო-ლელო,9,49,თერჯოლა,3,,იმედა,რობაქიძე,იმედა რობაქიძე,,,adg_2025_candidates_unified.xlsx
local_2025,__main__,pr,strong_georgia,ძლიერი საქართველო-ლელო,9,49,თერჯოლა,4,,გოჩა,ნიკოლეიშვილი,გოჩა ნიკოლეიშვილი,,,adg_2025_candidates_unified.xlsx
local_2025,__main__,pr,strong_georgia,ძლიერი საქართველო-ლელო,9,49,თერჯოლა,5,,ლალი,ელიავა,ლალი ელიავა,,,adg_2025_candidates_unified.xlsx
local_2025,__main__,pr,strong_georgia,ძლიერი საქართველო-ლელო,9,49,თერჯოლა,6,,ტარიელ,გაბრიჭიძე,ტარიელ გაბრიჭიძე,,,adg_2025_candidates_unified.xlsx
local_2025,__main__,pr,strong_georgia,ძლიერი საქართველო-ლელო,9,49,თერჯოლა,7,,ხვიჩა,ნიკოლეიშვილი,ხვიჩა ნიკოლეიშვილი,,,adg_2025_candidates_unified.xlsx
local_2025,__main__,pr,strong_georgia,ძლიერი საქართველო-ლელო,9,49,თერჯოლა,8,,რამიზი,ბუცხრიკიძე,რამიზი ბუცხრიკიძე,,,adg_2025_candidates_unified.xlsx
local_2025,__main__,pr,strong_georgia,ძლიერი საქართველო-ლელო,9,49,თერჯოლა,9,,სოფიკო,გუბელიძე,სოფიკო გუბელიძე,,,adg_2025_candidates_unified.xlsx
local_2025,__main__,pr,strong_georgia,ძლიერი საქართველო-ლელო,9,49,თერჯოლა,10,,ბერდია,ცირეკიძე,ბერდია ცირეკიძე,,,adg_2025_candidates_unified.xlsx
local_2025,__main__,pr,strong_georgia,ძლიერი საქართველო-ლელო,9,49,თერჯოლა,11,,ალექსანდრე,კახიძე,ალექსანდრე კახიძე,,,adg_2025_candidates_unified.xlsx
local_2025,__main__,pr,strong_georgia,ძლიერი საქართველო-ლელო,9,49,თერჯოლა,12,,გიორგი,არაბიძე,გიორგი არაბიძე,,,adg_2025_candidates_unified.xlsx
local_2025,__main__,pr,strong_georgia,ძლიერი საქართველო-ლელო,9,49,თერჯოლა,13,,მარეხი,კირკიტაძე,მარეხი კირკიტაძე,,,adg_2025_candidates_unified.xlsx
local_2025,__main__,pr,strong_georgia,ძლიერი საქართველო-ლელო,9,49,თერჯოლა,14,,თინა,თავაძე,თინა თავაძე,,,adg_2025_candidates_unified.xlsx
local_2025,__main__,pr,strong_georgia,ძლიერი საქართველო-ლელო,9,49,თერჯოლა,15,,ოთარი,სოფრომაძე,ოთარი სოფრომაძე,,,adg_2025_candidates_unified.xlsx
local_2025,__main__,pr,strong_georgia,ძლიერი საქართველო-ლელო,9,49,თერჯოლა,16,,სერგო,კირკიტაძე,სერგო კირკიტაძე,,,adg_2025_candidates_unified.xlsx
local_2025,__main__,pr,gakharia,„გახარია საქართველოსთვის“,25,49,თერჯოლა,1,,გელა,ქასრაშვილი,გელა ქასრაშვილი,,,adg_2025_candidates_unified.xlsx
local_2025,__main__,pr,gakharia,„გახარია საქართველოსთვის“,25,49,თერჯოლა,2,,ვლადიმერი,ბლიაძე,ვლადიმერი ბლიაძე,,,adg_2025_candidates_unified.xlsx
local_2025,__main__,pr,gakharia,„გახარია საქართველოსთვის“,25,49,თერჯოლა,3,,თენგიზი,კლდიაშვილი,თენგიზი კლდიაშვილი,,,adg_2025_candidates_unified.xlsx
local_2025,__main__,pr,gakharia,„გახარია საქართველოსთვის“,25,49,თერჯოლა,5,,გურამი,თედიაშვილი,გურამი თედიაშვილი,,,adg_2025_candidates_unified.xlsx
local_2025,__main__,pr,gakharia,„გახარია საქართველოსთვის“,25,49,თერჯოლა,6,,ვანო,ბლიაძე,ვანო ბლიაძე,,,adg_2025_candidates_unified.xlsx
local_2025,__main__,pr,gakharia,„გახარია საქართველოსთვის“,25,49,თერჯოლა,7,,გოგი,გაგიშვილი,გოგი გაგიშვილი,,,adg_2025_candidates_unified.xlsx
local_2025,__main__,pr,gakharia,„გახარია საქართველოსთვის“,25,49,თერჯოლა,9,,მარიამი,კუპატაძე,მარიამი კუპატაძე,,,adg_2025_candidates_unified.xlsx
local_2025,__main__,pr,gakharia,„გახარია საქართველოსთვის“,25,49,თერჯოლა,11,,ჯუმბერი,ბლიაძე,ჯუმბერი ბლიაძე,,,adg_2025_candidates_unified.xlsx
local_2025,__main__,pr,gd,ქართული ოცნება,41,49,თერჯოლა,1,,გიორგი,ბარათაშვილი,გიორგი ბარათაშვილი,,,adg_2025_candidates_unified.xlsx
local_2025,__main__,pr,gd,ქართული ოცნება,41,49,თერჯოლა,2,,სოსო,ჩაფიჩაძე,სოსო ჩაფიჩაძე,,,adg_2025_candidates_unified.xlsx
local_2025,__main__,pr,gd,ქართული ოცნება,41,49,თერჯოლა,3,,ეკა,ბერძენიშვილი,ეკა ბერძენიშვილი,,,adg_2025_candidates_unified.xlsx
local_2025,__main__,pr,gd,ქართული ოცნება,41,49,თერჯოლა,4,,სერგი,ჯიხვაშვილი,სერგი ჯიხვაშვილი,,,adg_2025_candidates_unified.xlsx
local_2025,__main__,pr,gd,ქართული ოცნება,41,49,თერჯოლა,5,,ლაშა,გურგენიძე,ლაშა გურგენიძე,,,adg_2025_candidates_unified.xlsx
local_2025,__main__,pr,gd,ქართული ოცნება,41,49,თერჯოლა,6,,თემური,ქოჩიაშვილი,თემური ქოჩიაშვილი,,,adg_2025_candidates_unified.xlsx
local_2025,__main__,pr,gd,ქართული ოცნება,41,49,თერჯოლა,7,,ნინო,მახათაძე,ნინო მახათაძე,,,adg_2025_candidates_unified.xlsx
local_2025,__main__,pr,gd,ქართული ოცნება,41,49,თერჯოლა,8,,ნინო,ოქრუაძე,ნინო ოქრუაძე,,,adg_2025_candidates_unified.xlsx
local_2025,__main__,pr,gd,ქართული ოცნება,41,49,თერჯოლა,9,,მაკა,ყიფშიძე,მაკა ყიფშიძე,,,adg_2025_candidates_unified.xlsx
local_2025,__main__,pr,gd,ქართული ოცნება,41,49,თერჯოლა,10,,ნატო,კვეტენაძე,ნატო კვეტენაძე,,,adg_2025_candidates_unified.xlsx
local_2025,__main__,pr,gd,ქართული ოცნება,41,49,თერჯოლა,11,,ნოდარი,ხოხიაშვილი,ნოდარი ხოხიაშვილი,,,adg_2025_candidates_unified.xlsx
local_2025,__main__,pr,gd,ქართული ოცნება,41,49,თერჯოლა,12,,გიორგი,თურქაძე,გიორგი თურქაძე,,,adg_2025_candidates_unified.xlsx
local_2025,__main__,pr,gd,ქართული ოცნება,41,49,თერჯოლა,13,,ჯანო,რობაქიძე,ჯანო რობაქიძე,,,adg_2025_candidates_unified.xlsx
local_2025,__main__,pr,gd,ქართული ოცნება,41,49,თერჯოლა,14,,ერეკლე,კირკიტაძე,ერეკლე კირკიტაძე,,,adg_2025_candidates_unified.xlsx
local_2025,__main__,pr,gd,ქართული ოცნება,41,49,თერჯოლა,15,,სალომე,გეწაძე,სალომე გეწაძე,,,adg_2025_candidates_unified.xlsx
local_2025,__main__,pr,gd,ქართული ოცნება,41,49,თერჯოლა,16,,ლიკა,ისაკაძე,ლიკა ისაკაძე,,,adg_2025_candidates_unified.xlsx
local_2025,__main__,pr,gd,ქართული ოცნება,41,49,თერჯოლა,17,,ანა,მარგველაშვილი,ანა მარგველაშვილი,,,adg_2025_candidates_unified.xlsx
local_2025,__main__,pr,gd,ქართული ოცნება,41,49,თერჯოლა,18,,მაია,ქემოკლიძე,მაია ქემოკლიძე,,,adg_2025_candidates_unified.xlsx
local_2025,__main__,pr,gd,ქართული ოცნება,41,49,თერჯოლა,19,,მარიანა,გიორგაძე,მარიანა გიორგაძე,,,adg_2025_candidates_unified.xlsx
local_2025,__main__,pr,gd,ქართული ოცნება,41,49,თერჯოლა,20,,ლუხუმი,რობაქიძე,ლუხუმი რობაქიძე,,,adg_2025_candidates_unified.xlsx
local_2025,__main__,pr,gd,ქართული ოცნება,41,49,თერჯოლა,21,,შალვა,ჯიშიაშვილი,შალვა ჯიშიაშვილი,,,adg_2025_candidates_unified.xlsx
local_2025,__main__,pr,gd,ქართული ოცნება,41,49,თერჯოლა,22,,გიორგი,ჩარკვიანი,გიორგი ჩარკვიანი,,,adg_2025_candidates_unified.xlsx
local_2025,__main__,pr,gd,ქართული ოცნება,41,49,თერჯოლა,23,,ნოვე,ღიბრაძე,ნოვე ღიბრაძე,,,adg_2025_candidates_unified.xlsx
local_2025,__main__,pr,gd,ქართული ოცნება,41,49,თერჯოლა,24,,მაკა,ქოჩიაშვილი,მაკა ქოჩიაშვილი,,,adg_2025_candidates_unified.xlsx
local_2025,__main__,pr,gd,ქართული ოცნება,41,49,თერჯოლა,25,,დიმიტრი,ლილუაშვილი,დიმიტრი ლილუაშვილი,,,adg_2025_candidates_unified.xlsx
local_2025,__main__,pr,gd,ქართული ოცნება,41,49,თერჯოლა,26,,ბესიკი,დოლაკიძე,ბესიკი დოლაკიძე,,,adg_2025_candidates_unified.xlsx
local_2025,__main__,pr,gd,ქართული ოცნება,41,49,თერჯოლა,27,,ბადრი,რობაქიძე,ბადრი რობაქიძე,,,adg_2025_candidates_unified.xlsx
local_2025,__main__,pr,gd,ქართული ოცნება,41,49,თერჯოლა,28,,ნელი,შეყილაძე,ნელი შეყილაძე,,,adg_2025_candidates_unified.xlsx
local_2025,__main__,pr,gd,ქართული ოცნება,41,49,თერჯოლა,29,,ჯონი,სირბილაძე,ჯონი სირბილაძე,,,adg_2025_candidates_unified.xlsx
local_2025,__main__,pr,gd,ქართული ოცნება,41,49,თერჯოლა,30,,ნინი,ცხადაძე,ნინი ცხადაძე,,,adg_2025_candidates_unified.xlsx
local_2025,__main__,pr,conservatives_geo,„კონსერვატორები საქართველოსთვის“,3,50,საჩხერე,1,,კახაბერ,ჭიღლაძე,კახაბერ ჭიღლაძე,,,adg_2025_candidates_unified.xlsx
local_2025,__main__,pr,conservatives_geo,„კონსერვატორები საქართველოსთვის“,3,50,საჩხერე,2,,ბადრი,ფორჩხიძე,ბადრი ფორჩხიძე,,,adg_2025_candidates_unified.xlsx
local_2025,__main__,pr,conservatives_geo,„კონსერვატორები საქართველოსთვის“,3,50,საჩხერე,3,,თამაზი,სოზაშვილი,თამაზი სოზაშვილი,,,adg_2025_candidates_unified.xlsx
local_2025,__main__,pr,conservatives_geo,„კონსერვატორები საქართველოსთვის“,3,50,საჩხერე,4,,ომარ,აბულაძე,ომარ აბულაძე,,,adg_2025_candidates_unified.xlsx
local_2025,__main__,pr,conservatives_geo,„კონსერვატორები საქართველოსთვის“,3,50,საჩხერე,5,,იაგო,ლომთაძე,იაგო ლომთაძე,,,adg_2025_candidates_unified.xlsx
local_2025,__main__,pr,conservatives_geo,„კონსერვატორები საქართველოსთვის“,3,50,საჩხერე,6,,ლევან,გაფრინდაშვილი,ლევან გაფრინდაშვილი,,,adg_2025_candidates_unified.xlsx
local_2025,__main__,pr,conservatives_geo,„კონსერვატორები საქართველოსთვის“,3,50,საჩხერე,7,,პარმენ,თავაძე,პარმენ თავაძე,,,adg_2025_candidates_unified.xlsx
local_2025,__main__,pr,patriots,„საქართველოს პატრიოტთა ალიანსი“,8,50,საჩხერე,1,,მერი,ქავთარაძე,მერი ქავთარაძე,,,adg_2025_candidates_unified.xlsx
local_2025,__main__,pr,patriots,„საქართველოს პატრიოტთა ალიანსი“,8,50,საჩხერე,2,,ნატო,აფციაური,ნატო აფციაური,,,adg_2025_candidates_unified.xlsx
local_2025,__main__,pr,patriots,„საქართველოს პატრიოტთა ალიანსი“,8,50,საჩხერე,3,,ნინო,დარახველიძე,ნინო დარახველიძე,,,adg_2025_candidates_unified.xlsx
local_2025,__main__,pr,patriots,„საქართველოს პატრიოტთა ალიანსი“,8,50,საჩხერე,4,,ავთანდილ,ღონღაძე,ავთანდილ ღონღაძე,,,adg_2025_candidates_unified.xlsx
local_2025,__main__,pr,patriots,„საქართველოს პატრიოტთა ალიანსი“,8,50,საჩხერე,5,,შუშანა,ცინაძე,შუშანა ცინაძე,,,adg_2025_candidates_unified.xlsx
local_2025,__main__,pr,patriots,„საქართველოს პატრიოტთა ალიანსი“,8,50,საჩხერე,6,,როზა,აკობია,როზა აკობია,,,adg_2025_candidates_unified.xlsx
local_2025,__main__,pr,strong_georgia,ძლიერი საქართველო-ლელო,9,50,საჩხერე,1,,გიორგი,ცარციძე,გიორგი ცარციძე,,,adg_2025_candidates_unified.xlsx
local_2025,__main__,pr,strong_georgia,ძლიერი საქართველო-ლელო,9,50,საჩხერე,2,,მურთაზი,გაბაძე,მურთაზი გაბაძე,,,adg_2025_candidates_unified.xlsx
local_2025,__main__,pr,strong_georgia,ძლიერი საქართველო-ლელო,9,50,საჩხერე,3,,ლია,ცარციძე,ლია ცარციძე,,,adg_2025_candidates_unified.xlsx
local_2025,__main__,pr,strong_georgia,ძლიერი საქართველო-ლელო,9,50,საჩხერე,4,,თეონა,გოგატიშვილი,თეონა გოგატიშვილი,,,adg_2025_candidates_unified.xlsx
local_2025,__main__,pr,strong_georgia,ძლიერი საქართველო-ლელო,9,50,საჩხერე,5,,ზურაბ,ნოზაძე,ზურაბ ნოზაძე,,,adg_2025_candidates_unified.xlsx
local_2025,__main__,pr,strong_georgia,ძლიერი საქართველო-ლელო,9,50,საჩხერე,6,,ეკა,ჯაჯანიძე,ეკა ჯაჯანიძე,,,adg_2025_candidates_unified.xlsx
local_2025,__main__,pr,strong_georgia,ძლიერი საქართველო-ლელო,9,50,საჩხერე,7,,მანანა,ნადირაძე,მანანა ნადირაძე,,,adg_2025_candidates_unified.xlsx
local_2025,__main__,pr,strong_georgia,ძლიერი საქართველო-ლელო,9,50,საჩხერე,8,,იოსებ,ნადირაძე,იოსებ ნადირაძე,,,adg_2025_candidates_unified.xlsx
local_2025,__main__,pr,strong_georgia,ძლიერი საქართველო-ლელო,9,50,საჩხერე,9,,გელა,ტყემალაძე,გელა ტყემალაძე,,,adg_2025_candidates_unified.xlsx
local_2025,__main__,pr,strong_georgia,ძლიერი საქართველო-ლელო,9,50,საჩხერე,10,,ვახტანგი,გელბახიანი,ვახტანგი გელბახიანი,,,adg_2025_candidates_unified.xlsx
local_2025,__main__,pr,strong_georgia,ძლიერი საქართველო-ლელო,9,50,საჩხერე,11,,გია,ბაქრაძე,გია ბაქრაძე,,,adg_2025_candidates_unified.xlsx
local_2025,__main__,pr,strong_georgia,ძლიერი საქართველო-ლელო,9,50,საჩხერე,12,,მაია,ცარციძე,მაია ცარციძე,,,adg_2025_candidates_unified.xlsx
local_2025,__main__,pr,gakharia,„გახარია საქართველოსთვის“,25,50,საჩხერე,1,,ნანა,ლაბუჩიძე,ნანა ლაბუჩიძე,,,adg_2025_candidates_unified.xlsx
local_2025,__main__,pr,gakharia,„გახარია საქართველოსთვის“,25,50,საჩხერე,2,,გიორგი,ენუქიძე,გიორგი ენუქიძე,,,adg_2025_candidates_unified.xlsx
local_2025,__main__,pr,gakharia,„გახარია საქართველოსთვის“,25,50,საჩხერე,3,,დიმიტრი,ხაჩიძე,დიმიტრი ხაჩიძე,,,adg_2025_candidates_unified.xlsx
local_2025,__main__,pr,gakharia,„გახარია საქართველოსთვის“,25,50,საჩხერე,4,,გიორგი,გეგეჭკორი,გიორგი გეგეჭკორი,,,adg_2025_candidates_unified.xlsx
local_2025,__main__,pr,gakharia,„გახარია საქართველოსთვის“,25,50,საჩხერე,5,,ლია,ფოცხვერაშვილი,ლია ფოცხვერაშვილი,,,adg_2025_candidates_unified.xlsx
local_2025,__main__,pr,gakharia,„გახარია საქართველოსთვის“,25,50,საჩხერე,6,,მარეხ,მირაზანაშვილი,მარეხ მირაზანაშვილი,,,adg_2025_candidates_unified.xlsx
local_2025,__main__,pr,gakharia,„გახარია საქართველოსთვის“,25,50,საჩხერე,7,,ვლადიმერ,კეკენაძე,ვლადიმერ კეკენაძე,,,adg_2025_candidates_unified.xlsx
local_2025,__main__,pr,gakharia,„გახარია საქართველოსთვის“,25,50,საჩხერე,8,,სიმონ,ძაგანია,სიმონ ძაგანია,,,adg_2025_candidates_unified.xlsx
local_2025,__main__,pr,gakharia,„გახარია საქართველოსთვის“,25,50,საჩხერე,9,,მთვარისა,ცაავა,მთვარისა ცაავა,,,adg_2025_candidates_unified.xlsx
local_2025,__main__,pr,gakharia,„გახარია საქართველოსთვის“,25,50,საჩხერე,10,,ხვიჩა,წიკლაური,ხვიჩა წიკლაური,,,adg_2025_candidates_unified.xlsx
local_2025,__main__,pr,girchi,გირჩი,36,50,საჩხერე,1,,დავით,ლაბაძე,დავით ლაბაძე,,,adg_2025_candidates_unified.xlsx
local_2025,__main__,pr,girchi,გირჩი,36,50,საჩხერე,2,,ირინა,ლაბაძე,ირინა ლაბაძე,,,adg_2025_candidates_unified.xlsx
local_2025,__main__,pr,girchi,გირჩი,36,50,საჩხერე,3,,გურამ,კარდენახლიშვილი,გურამ კარდენახლიშვილი,,,adg_2025_candidates_unified.xlsx
local_2025,__main__,pr,girchi,გირჩი,36,50,საჩხერე,4,,მაკა,ფანჩულიძე,მაკა ფანჩულიძე,,,adg_2025_candidates_unified.xlsx
local_2025,__main__,pr,girchi,გირჩი,36,50,საჩხერე,5,,ლიზიკო,კოვზირიძე,ლიზიკო კოვზირიძე,,,adg_2025_candidates_unified.xlsx
local_2025,__main__,pr,girchi,გირჩი,36,50,საჩხერე,6,,გიორგი,მჭედლიშვილი,გიორგი მჭედლიშვილი,,,adg_2025_candidates_unified.xlsx
local_2025,__main__,pr,gd,ქართული ოცნება,41,50,საჩხერე,1,,ერეკლე,ჭიღლაძე,ერეკლე ჭიღლაძე,,,adg_2025_candidates_unified.xlsx
local_2025,__main__,pr,gd,ქართული ოცნება,41,50,საჩხერე,2,,გაგა,დარბაიძე,გაგა დარბაიძე,,,adg_2025_candidates_unified.xlsx
local_2025,__main__,pr,gd,ქართული ოცნება,41,50,საჩხერე,3,,ლია,დეკანოიძე,ლია დეკანოიძე,,,adg_2025_candidates_unified.xlsx
local_2025,__main__,pr,gd,ქართული ოცნება,41,50,საჩხერე,4,,ბენიამენი,ფალავანდიშვილი,ბენიამენი ფალავანდიშვილი,,,adg_2025_candidates_unified.xlsx
local_2025,__main__,pr,gd,ქართული ოცნება,41,50,საჩხერე,5,,გიორგი,კერესელიძე,გიორგი კერესელიძე,,,adg_2025_candidates_unified.xlsx
local_2025,__main__,pr,gd,ქართული ოცნება,41,50,საჩხერე,6,,მარინა,კაციტაძე,მარინა კაციტაძე,,,adg_2025_candidates_unified.xlsx
local_2025,__main__,pr,gd,ქართული ოცნება,41,50,საჩხერე,7,,გიორგი,ხარშილაძე,გიორგი ხარშილაძე,,,adg_2025_candidates_unified.xlsx
local_2025,__main__,pr,gd,ქართული ოცნება,41,50,საჩხერე,8,,ირინე,ენუქიძე,ირინე ენუქიძე,,,adg_2025_candidates_unified.xlsx
local_2025,__main__,pr,gd,ქართული ოცნება,41,50,საჩხერე,9,,ილია,იაკობაშვილი,ილია იაკობაშვილი,,,adg_2025_candidates_unified.xlsx
local_2025,__main__,pr,gd,ქართული ოცნება,41,50,საჩხერე,10,,მარინე,დემეტრაშვილი,მარინე დემეტრაშვილი,,,adg_2025_candidates_unified.xlsx
local_2025,__main__,pr,gd,ქართული ოცნება,41,50,საჩხერე,11,,შოთა,ტყემალაძე,შოთა ტყემალაძე,,,adg_2025_candidates_unified.xlsx
local_2025,__main__,pr,gd,ქართული ოცნება,41,50,საჩხერე,12,,ირა,ძინძიბაძე,ირა ძინძიბაძე,,,adg_2025_candidates_unified.xlsx
local_2025,__main__,pr,gd,ქართული ოცნება,41,50,საჩხერე,13,,გერვასი,კაპანაძე,გერვასი კაპანაძე,,,adg_2025_candidates_unified.xlsx
local_2025,__main__,pr,gd,ქართული ოცნება,41,50,საჩხერე,14,,გაიოზი,დავაძე,გაიოზი დავაძე,,,adg_2025_candidates_unified.xlsx
local_2025,__main__,pr,gd,ქართული ოცნება,41,50,საჩხერე,15,,გიორგი,მაჭარაშვილი,გიორგი მაჭარაშვილი,,,adg_2025_candidates_unified.xlsx
local_2025,__main__,pr,gd,ქართული ოცნება,41,50,საჩხერე,16,,სალომე,აბრამიშვილი,სალომე აბრამიშვილი,,,adg_2025_candidates_unified.xlsx
local_2025,__main__,pr,gd,ქართული ოცნება,41,50,საჩხერე,17,,პაატა,კურტანიძე,პაატა კურტანიძე,,,adg_2025_candidates_unified.xlsx
local_2025,__main__,pr,gd,ქართული ოცნება,41,50,საჩხერე,18,,პაატა,შაორშაძე,პაატა შაორშაძე,,,adg_2025_candidates_unified.xlsx
local_2025,__main__,pr,gd,ქართული ოცნება,41,50,საჩხერე,19,,იოსებ,ქავთარაძე,იოსებ ქავთარაძე,,,adg_2025_candidates_unified.xlsx
local_2025,__main__,pr,gd,ქართული ოცნება,41,50,საჩხერე,20,,ნინო,ფუხაშვილი,ნინო ფუხაშვილი,,,adg_2025_candidates_unified.xlsx
local_2025,__main__,pr,gd,ქართული ოცნება,41,50,საჩხერე,21,,ვიქტორ,ქავთარაძე,ვიქტორ ქავთარაძე,,,adg_2025_candidates_unified.xlsx
local_2025,__main__,pr,gd,ქართული ოცნება,41,50,საჩხერე,22,,მამია,მაჭავარიანი,მამია მაჭავარიანი,,,adg_2025_candidates_unified.xlsx
local_2025,__main__,pr,gd,ქართული ოცნება,41,50,საჩხერე,23,,კობა,ხვედელიძე,კობა ხვედელიძე,,,adg_2025_candidates_unified.xlsx
local_2025,__main__,pr,gd,ქართული ოცნება,41,50,საჩხერე,24,,ირაკლი,ჩხიკვაძე,ირაკლი ჩხიკვაძე,,,adg_2025_candidates_unified.xlsx
local_2025,__main__,pr,gd,ქართული ოცნება,41,50,საჩხერე,25,,ტარიელ,ხვედელიძე,ტარიელ ხვედელიძე,,,adg_2025_candidates_unified.xlsx
local_2025,__main__,pr,gd,ქართული ოცნება,41,50,საჩხერე,26,,ბეჟანი,ომიაძე,ბეჟანი ომიაძე,,,adg_2025_candidates_unified.xlsx
local_2025,__main__,pr,gd,ქართული ოცნება,41,50,საჩხერე,27,,გივი,კუჭაშვილი,გივი კუჭაშვილი,,,adg_2025_candidates_unified.xlsx
local_2025,__main__,pr,gd,ქართული ოცნება,41,50,საჩხერე,28,,მამუკა,ბედიანიძე,მამუკა ბედიანიძე,,,adg_2025_candidates_unified.xlsx
local_2025,__main__,pr,gd,ქართული ოცნება,41,50,საჩხერე,29,,იაგო,ბერიძე,იაგო ბერიძე,,,adg_2025_candidates_unified.xlsx
local_2025,__main__,pr,gd,ქართული ოცნება,41,50,საჩხერე,30,,გოჩა,ახვლედიანი,გოჩა ახვლედიანი,,,adg_2025_candidates_unified.xlsx
local_2025,__main__,pr,conservatives_geo,„კონსერვატორები საქართველოსთვის“,3,51,ზესტაფონი,1,,გოჩა,ჭყოიძე,გოჩა ჭყოიძე,,,adg_2025_candidates_unified.xlsx
local_2025,__main__,pr,conservatives_geo,„კონსერვატორები საქართველოსთვის“,3,51,ზესტაფონი,2,,ვეფხვია,ქარქაშაძე,ვეფხვია ქარქაშაძე,,,adg_2025_candidates_unified.xlsx
local_2025,__main__,pr,conservatives_geo,„კონსერვატორები საქართველოსთვის“,3,51,ზესტაფონი,3,,თორნიკე,კაპანაძე,თორნიკე კაპანაძე,,,adg_2025_candidates_unified.xlsx
local_2025,__main__,pr,conservatives_geo,„კონსერვატორები საქართველოსთვის“,3,51,ზესტაფონი,4,,თენგიზ,ჭუმბურიძე,თენგიზ ჭუმბურიძე,,,adg_2025_candidates_unified.xlsx
local_2025,__main__,pr,conservatives_geo,„კონსერვატორები საქართველოსთვის“,3,51,ზესტაფონი,6,,ვახტანგ,ქურციკიძე,ვახტანგ ქურციკიძე,,,adg_2025_candidates_unified.xlsx
local_2025,__main__,pr,conservatives_geo,„კონსერვატორები საქართველოსთვის“,3,51,ზესტაფონი,7,,გელა,გოგინავა,გელა გოგინავა,,,adg_2025_candidates_unified.xlsx
local_2025,__main__,pr,patriots,„საქართველოს პატრიოტთა ალიანსი“,8,51,ზესტაფონი,1,,ავთანდილი,ღონღაძე,ავთანდილი ღონღაძე,,,adg_2025_candidates_unified.xlsx
local_2025,__main__,pr,patriots,„საქართველოს პატრიოტთა ალიანსი“,8,51,ზესტაფონი,2,,კობა,კობახიძე,კობა კობახიძე,,,adg_2025_candidates_unified.xlsx
local_2025,__main__,pr,patriots,„საქართველოს პატრიოტთა ალიანსი“,8,51,ზესტაფონი,3,,ნატო,მუშკუდიანი,ნატო მუშკუდიანი,,,adg_2025_candidates_unified.xlsx
local_2025,__main__,pr,patriots,„საქართველოს პატრიოტთა ალიანსი“,8,51,ზესტაფონი,4,,ვენერა,კუპრაშვილი,ვენერა კუპრაშვილი,,,adg_2025_candidates_unified.xlsx
local_2025,__main__,pr,patriots,„საქართველოს პატრიოტთა ალიანსი“,8,51,ზესტაფონი,5,,მერი,ფირცხალაშვილი,მერი ფირცხალაშვილი,,,adg_2025_candidates_unified.xlsx
local_2025,__main__,pr,patriots,„საქართველოს პატრიოტთა ალიანსი“,8,51,ზესტაფონი,6,,გიორგი,ჯულუხაძე,გიორგი ჯულუხაძე,,,adg_2025_candidates_unified.xlsx
local_2025,__main__,pr,patriots,„საქართველოს პატრიოტთა ალიანსი“,8,51,ზესტაფონი,7,,იზა,ფოფხაძე,იზა ფოფხაძე,,,adg_2025_candidates_unified.xlsx
local_2025,__main__,pr,strong_georgia,ძლიერი საქართველო-ლელო,9,51,ზესტაფონი,1,,ლევან,ურიადმყოფელი,ლევან ურიადმყოფელი,,,adg_2025_candidates_unified.xlsx
local_2025,__main__,pr,strong_georgia,ძლიერი საქართველო-ლელო,9,51,ზესტაფონი,2,,სიმონ,ქოჩიაშვილი,სიმონ ქოჩიაშვილი,,,adg_2025_candidates_unified.xlsx
local_2025,__main__,pr,strong_georgia,ძლიერი საქართველო-ლელო,9,51,ზესტაფონი,3,,მამუკა,ურიადმყოფელი,მამუკა ურიადმყოფელი,,,adg_2025_candidates_unified.xlsx
local_2025,__main__,pr,strong_georgia,ძლიერი საქართველო-ლელო,9,51,ზესტაფონი,4,,მანუჩარ,ჭანტურიძე,მანუჩარ ჭანტურიძე,,,adg_2025_candidates_unified.xlsx
local_2025,__main__,pr,strong_georgia,ძლიერი საქართველო-ლელო,9,51,ზესტაფონი,5,,ლუარსაბ,გიორგაძე,ლუარსაბ გიორგაძე,,,adg_2025_candidates_unified.xlsx
local_2025,__main__,pr,strong_georgia,ძლიერი საქართველო-ლელო,9,51,ზესტაფონი,6,,გურამ,მექოშვილი,გურამ მექოშვილი,,,adg_2025_candidates_unified.xlsx
local_2025,__main__,pr,strong_georgia,ძლიერი საქართველო-ლელო,9,51,ზესტაფონი,7,,ილია,ღვანიძე,ილია ღვანიძე,,,adg_2025_candidates_unified.xlsx
local_2025,__main__,pr,strong_georgia,ძლიერი საქართველო-ლელო,9,51,ზესტაფონი,8,,ზურაბ,კურცხალია,ზურაბ კურცხალია,,,adg_2025_candidates_unified.xlsx
local_2025,__main__,pr,strong_georgia,ძლიერი საქართველო-ლელო,9,51,ზესტაფონი,9,,იროდიონი,მოდებაძე,იროდიონი მოდებაძე,,,adg_2025_candidates_unified.xlsx
local_2025,__main__,pr,strong_georgia,ძლიერი საქართველო-ლელო,9,51,ზესტაფონი,10,,თამაზი,კაკაურიძე,თამაზი კაკაურიძე,,,adg_2025_candidates_unified.xlsx
local_2025,__main__,pr,strong_georgia,ძლიერი საქართველო-ლელო,9,51,ზესტაფონი,11,,გია,თავხელიძე,გია თავხელიძე,,,adg_2025_candidates_unified.xlsx
local_2025,__main__,pr,gakharia,„გახარია საქართველოსთვის“,25,51,ზესტაფონი,1,,იროდიონი,სამხარაძე,იროდიონი სამხარაძე,,,adg_2025_candidates_unified.xlsx
local_2025,__main__,pr,gakharia,„გახარია საქართველოსთვის“,25,51,ზესტაფონი,2,,მაია,კახნიაშვილი,მაია კახნიაშვილი,,,adg_2025_candidates_unified.xlsx
local_2025,__main__,pr,gakharia,„გახარია საქართველოსთვის“,25,51,ზესტაფონი,3,,არჩილ,სამხარაძე,არჩილ სამხარაძე,,,adg_2025_candidates_unified.xlsx
local_2025,__main__,pr,gakharia,„გახარია საქართველოსთვის“,25,51,ზესტაფონი,4,,ლუკა,თავაძე,ლუკა თავაძე,,,adg_2025_candidates_unified.xlsx
local_2025,__main__,pr,gakharia,„გახარია საქართველოსთვის“,25,51,ზესტაფონი,5,,გიორგი,მანჯავიძე,გიორგი მანჯავიძე,,,adg_2025_candidates_unified.xlsx
local_2025,__main__,pr,gakharia,„გახარია საქართველოსთვის“,25,51,ზესტაფონი,6,,მერაბი,ფერაძე,მერაბი ფერაძე,,,adg_2025_candidates_unified.xlsx
local_2025,__main__,pr,gakharia,„გახარია საქართველოსთვის“,25,51,ზესტაფონი,7,,ჯაბა,სუქნიძე,ჯაბა სუქნიძე,,,adg_2025_candidates_unified.xlsx
local_2025,__main__,pr,gakharia,„გახარია საქართველოსთვის“,25,51,ზესტაფონი,8,,დავით,გურგენიძე,დავით გურგენიძე,,,adg_2025_candidates_unified.xlsx
local_2025,__main__,pr,gakharia,„გახარია საქართველოსთვის“,25,51,ზესტაფონი,9,,გიგა,გაბრიჭიძე,გიგა გაბრიჭიძე,,,adg_2025_candidates_unified.xlsx
local_2025,__main__,pr,gakharia,„გახარია საქართველოსთვის“,25,51,ზესტაფონი,10,,მარიამ,ზირაქაძე,მარიამ ზირაქაძე,,,adg_2025_candidates_unified.xlsx
local_2025,__main__,pr,gakharia,„გახარია საქართველოსთვის“,25,51,ზესტაფონი,11,,თეკლე,მანჯავიძე,თეკლე მანჯავიძე,,,adg_2025_candidates_unified.xlsx
local_2025,__main__,pr,gakharia,„გახარია საქართველოსთვის“,25,51,ზესტაფონი,12,,მარიამ,ტაბატაძე,მარიამ ტაბატაძე,,,adg_2025_candidates_unified.xlsx
local_2025,__main__,pr,gakharia,„გახარია საქართველოსთვის“,25,51,ზესტაფონი,13,,გულთამზე,ქადაგიძე,გულთამზე ქადაგიძე,,,adg_2025_candidates_unified.xlsx
local_2025,__main__,pr,gakharia,„გახარია საქართველოსთვის“,25,51,ზესტაფონი,14,,დავით,თავაძე,დავით თავაძე,,,adg_2025_candidates_unified.xlsx
local_2025,__main__,pr,girchi,გირჩი,36,51,ზესტაფონი,1,,ჯაბა,წულაია,ჯაბა წულაია,,,adg_2025_candidates_unified.xlsx
local_2025,__main__,pr,girchi,გირჩი,36,51,ზესტაფონი,2,,ელენე,მუმლაძე,ელენე მუმლაძე,,,adg_2025_candidates_unified.xlsx
local_2025,__main__,pr,girchi,გირჩი,36,51,ზესტაფონი,3,,ბაჩო,წულაია,ბაჩო წულაია,,,adg_2025_candidates_unified.xlsx
local_2025,__main__,pr,girchi,გირჩი,36,51,ზესტაფონი,4,,ეკატერინე,ნეფარიძე,ეკატერინე ნეფარიძე,,,adg_2025_candidates_unified.xlsx
local_2025,__main__,pr,girchi,გირჩი,36,51,ზესტაფონი,5,,დავითი,გუდავა,დავითი გუდავა,,,adg_2025_candidates_unified.xlsx
local_2025,__main__,pr,girchi,გირჩი,36,51,ზესტაფონი,6,,ზურიკო,კოხრეიძე,ზურიკო კოხრეიძე,,,adg_2025_candidates_unified.xlsx
local_2025,__main__,pr,gd,ქართული ოცნება,41,51,ზესტაფონი,1,,მალხაზი,შერგელაშვილი,მალხაზი შერგელაშვილი,,,adg_2025_candidates_unified.xlsx
local_2025,__main__,pr,gd,ქართული ოცნება,41,51,ზესტაფონი,2,,მამუკა,მოდებაძე,მამუკა მოდებაძე,,,adg_2025_candidates_unified.xlsx
local_2025,__main__,pr,gd,ქართული ოცნება,41,51,ზესტაფონი,3,,გოჩა,მაჭავარიანი,გოჩა მაჭავარიანი,,,adg_2025_candidates_unified.xlsx
local_2025,__main__,pr,gd,ქართული ოცნება,41,51,ზესტაფონი,4,,რამაზი,ფერაძე,რამაზი ფერაძე,,,adg_2025_candidates_unified.xlsx
local_2025,__main__,pr,gd,ქართული ოცნება,41,51,ზესტაფონი,5,,დავით,მიქაბერიძე,დავით მიქაბერიძე,,,adg_2025_candidates_unified.xlsx
local_2025,__main__,pr,gd,ქართული ოცნება,41,51,ზესტაფონი,6,,გრიგოლ,ბერეკაშვილი,გრიგოლ ბერეკაშვილი,,,adg_2025_candidates_unified.xlsx
local_2025,__main__,pr,gd,ქართული ოცნება,41,51,ზესტაფონი,7,,შოთა,მიქაშავიძე,შოთა მიქაშავიძე,,,adg_2025_candidates_unified.xlsx
local_2025,__main__,pr,gd,ქართული ოცნება,41,51,ზესტაფონი,8,,კახაბერ,გოქაძე,კახაბერ გოქაძე,,,adg_2025_candidates_unified.xlsx
local_2025,__main__,pr,gd,ქართული ოცნება,41,51,ზესტაფონი,9,,ლელა,კირკიტაძე,ლელა კირკიტაძე,,,adg_2025_candidates_unified.xlsx
local_2025,__main__,pr,gd,ქართული ოცნება,41,51,ზესტაფონი,10,,ელისო,ბოგვერაძე,ელისო ბოგვერაძე,,,adg_2025_candidates_unified.xlsx
local_2025,__main__,pr,gd,ქართული ოცნება,41,51,ზესტაფონი,11,,მაკა,ქლიბაძე,მაკა ქლიბაძე,,,adg_2025_candidates_unified.xlsx
local_2025,__main__,pr,gd,ქართული ოცნება,41,51,ზესტაფონი,12,,ემზარი,სამხარაძე,ემზარი სამხარაძე,,,adg_2025_candidates_unified.xlsx
local_2025,__main__,pr,gd,ქართული ოცნება,41,51,ზესტაფონი,13,,მარეხი,ქათამაძე,მარეხი ქათამაძე,,,adg_2025_candidates_unified.xlsx
local_2025,__main__,pr,gd,ქართული ოცნება,41,51,ზესტაფონი,14,,ირაკლი,კვეტენაძე,ირაკლი კვეტენაძე,,,adg_2025_candidates_unified.xlsx
local_2025,__main__,pr,gd,ქართული ოცნება,41,51,ზესტაფონი,15,,ზურაბ,ყანჩაველი,ზურაბ ყანჩაველი,,,adg_2025_candidates_unified.xlsx
local_2025,__main__,pr,gd,ქართული ოცნება,41,51,ზესტაფონი,16,,დავითი,საცერაძე,დავითი საცერაძე,,,adg_2025_candidates_unified.xlsx
local_2025,__main__,pr,gd,ქართული ოცნება,41,51,ზესტაფონი,17,,მირიან,ცხელიშვილი,მირიან ცხელიშვილი,,,adg_2025_candidates_unified.xlsx
local_2025,__main__,pr,gd,ქართული ოცნება,41,51,ზესტაფონი,18,,მარეხი,აბულაძე,მარეხი აბულაძე,,,adg_2025_candidates_unified.xlsx
local_2025,__main__,pr,gd,ქართული ოცნება,41,51,ზესტაფონი,19,,თენგიზი,ლელაძე,თენგიზი ლელაძე,,,adg_2025_candidates_unified.xlsx
local_2025,__main__,pr,gd,ქართული ოცნება,41,51,ზესტაფონი,20,,ზურაბ,ბებიაშვილი,ზურაბ ბებიაშვილი,,,adg_2025_candidates_unified.xlsx
local_2025,__main__,pr,gd,ქართული ოცნება,41,51,ზესტაფონი,21,,გელა,წითელაშვილი,გელა წითელაშვილი,,,adg_2025_candidates_unified.xlsx
local_2025,__main__,pr,gd,ქართული ოცნება,41,51,ზესტაფონი,22,,ზურაბ,კიკნაველიძე,ზურაბ კიკნაველიძე,,,adg_2025_candidates_unified.xlsx
local_2025,__main__,pr,gd,ქართული ოცნება,41,51,ზესტაფონი,23,,ქეთო,ყვავაძე,ქეთო ყვავაძე,,,adg_2025_candidates_unified.xlsx
local_2025,__main__,pr,gd,ქართული ოცნება,41,51,ზესტაფონი,24,,სილოვან,წაქაძე,სილოვან წაქაძე,,,adg_2025_candidates_unified.xlsx
local_2025,__main__,pr,gd,ქართული ოცნება,41,51,ზესტაფონი,25,,რომანი,კამლაძე,რომანი კამლაძე,,,adg_2025_candidates_unified.xlsx
local_2025,__main__,pr,gd,ქართული ოცნება,41,51,ზესტაფონი,26,,ლევან,ფერაძე,ლევან ფერაძე,,,adg_2025_candidates_unified.xlsx
local_2025,__main__,pr,gd,ქართული ოცნება,41,51,ზესტაფონი,27,,დარეჯან,ქებაძე,დარეჯან ქებაძე,,,adg_2025_candidates_unified.xlsx
local_2025,__main__,pr,gd,ქართული ოცნება,41,51,ზესტაფონი,28,,ზურაბ,თუთბერიძე,ზურაბ თუთბერიძე,,,adg_2025_candidates_unified.xlsx
local_2025,__main__,pr,gd,ქართული ოცნება,41,51,ზესტაფონი,29,,ვლადიმერ,ზიბზიბაძე,ვლადიმერ ზიბზიბაძე,,,adg_2025_candidates_unified.xlsx
local_2025,__main__,pr,gd,ქართული ოცნება,41,51,ზესტაფონი,30,,ამირან,მახათაძე,ამირან მახათაძე,,,adg_2025_candidates_unified.xlsx
local_2025,__main__,pr,conservatives_geo,„კონსერვატორები საქართველოსთვის“,3,52,ბაღდათი,1,,ნინო,გუმბერიძე,ნინო გუმბერიძე,,,adg_2025_candidates_unified.xlsx
local_2025,__main__,pr,conservatives_geo,„კონსერვატორები საქართველოსთვის“,3,52,ბაღდათი,2,,ავთანდილ,კვეტენაძე,ავთანდილ კვეტენაძე,,,adg_2025_candidates_unified.xlsx
local_2025,__main__,pr,conservatives_geo,„კონსერვატორები საქართველოსთვის“,3,52,ბაღდათი,3,,არტურ,მაშანეიშვილი,არტურ მაშანეიშვილი,,,adg_2025_candidates_unified.xlsx
local_2025,__main__,pr,conservatives_geo,„კონსერვატორები საქართველოსთვის“,3,52,ბაღდათი,5,,მამუკა,კვეტენაძე,მამუკა კვეტენაძე,,,adg_2025_candidates_unified.xlsx
local_2025,__main__,pr,conservatives_geo,„კონსერვატორები საქართველოსთვის“,3,52,ბაღდათი,6,,ლიანა,ჩორგოლაშვილი,ლიანა ჩორგოლაშვილი,,,adg_2025_candidates_unified.xlsx
local_2025,__main__,pr,conservatives_geo,„კონსერვატორები საქართველოსთვის“,3,52,ბაღდათი,7,,ხათუნა,გუმბერიძე,ხათუნა გუმბერიძე,,,adg_2025_candidates_unified.xlsx
local_2025,__main__,pr,our_georgia,„ჩვენი გაერთიანებული საქართველო“,5,52,ბაღდათი,1,,ალექსანდრე,ორბელაძე,ალექსანდრე ორბელაძე,,,adg_2025_candidates_unified.xlsx
local_2025,__main__,pr,our_georgia,„ჩვენი გაერთიანებული საქართველო“,5,52,ბაღდათი,2,,დავითი,ჯიბღაშვილი,დავითი ჯიბღაშვილი,,,adg_2025_candidates_unified.xlsx
local_2025,__main__,pr,our_georgia,„ჩვენი გაერთიანებული საქართველო“,5,52,ბაღდათი,3,,ნური,ბერიძე,ნური ბერიძე,,,adg_2025_candidates_unified.xlsx
local_2025,__main__,pr,our_georgia,„ჩვენი გაერთიანებული საქართველო“,5,52,ბაღდათი,4,,ანა,აბაშიძე,ანა აბაშიძე,,,adg_2025_candidates_unified.xlsx
local_2025,__main__,pr,our_georgia,„ჩვენი გაერთიანებული საქართველო“,5,52,ბაღდათი,5,,ქრისტინე,ახალკაცი,ქრისტინე ახალკაცი,,,adg_2025_candidates_unified.xlsx
local_2025,__main__,pr,our_georgia,„ჩვენი გაერთიანებული საქართველო“,5,52,ბაღდათი,6,,ბორის,მჭედლიძე,ბორის მჭედლიძე,,,adg_2025_candidates_unified.xlsx
local_2025,__main__,pr,patriots,„საქართველოს პატრიოტთა ალიანსი“,8,52,ბაღდათი,1,,ხვიჩა,ღონღაძე,ხვიჩა ღონღაძე,,,adg_2025_candidates_unified.xlsx
local_2025,__main__,pr,patriots,„საქართველოს პატრიოტთა ალიანსი“,8,52,ბაღდათი,2,,ფრიდონი,გიორგაძე,ფრიდონი გიორგაძე,,,adg_2025_candidates_unified.xlsx
local_2025,__main__,pr,patriots,„საქართველოს პატრიოტთა ალიანსი“,8,52,ბაღდათი,3,,ნინო,ბუმბეიშვილი,ნინო ბუმბეიშვილი,,,adg_2025_candidates_unified.xlsx
local_2025,__main__,pr,patriots,„საქართველოს პატრიოტთა ალიანსი“,8,52,ბაღდათი,4,,როზეტა,კაპანაძე,როზეტა კაპანაძე,,,adg_2025_candidates_unified.xlsx
local_2025,__main__,pr,patriots,„საქართველოს პატრიოტთა ალიანსი“,8,52,ბაღდათი,5,,ნარგიზი,გაბუნია,ნარგიზი გაბუნია,,,adg_2025_candidates_unified.xlsx
local_2025,__main__,pr,patriots,„საქართველოს პატრიოტთა ალიანსი“,8,52,ბაღდათი,6,,მარიამი,გაგნიძე,მარიამი გაგნიძე,,,adg_2025_candidates_unified.xlsx
local_2025,__main__,pr,patriots,„საქართველოს პატრიოტთა ალიანსი“,8,52,ბაღდათი,7,,თეა,გიორგაძე,თეა გიორგაძე,,,adg_2025_candidates_unified.xlsx
local_2025,__main__,pr,strong_georgia,ძლიერი საქართველო-ლელო,9,52,ბაღდათი,1,,კახა,კოხოძე,კახა კოხოძე,,,adg_2025_candidates_unified.xlsx
local_2025,__main__,pr,strong_georgia,ძლიერი საქართველო-ლელო,9,52,ბაღდათი,2,,გოგა,თოლორდავა,გოგა თოლორდავა,,,adg_2025_candidates_unified.xlsx
local_2025,__main__,pr,strong_georgia,ძლიერი საქართველო-ლელო,9,52,ბაღდათი,3,,მურთაზ,კელენჯერიძე,მურთაზ კელენჯერიძე,,,adg_2025_candidates_unified.xlsx
local_2025,__main__,pr,strong_georgia,ძლიერი საქართველო-ლელო,9,52,ბაღდათი,4,,რეზო,ბურჯანაძე,რეზო ბურჯანაძე,,,adg_2025_candidates_unified.xlsx
local_2025,__main__,pr,strong_georgia,ძლიერი საქართველო-ლელო,9,52,ბაღდათი,5,,ალექსანდრე,ფირცხალაშვილი,ალექსანდრე ფირცხალაშვილი,,,adg_2025_candidates_unified.xlsx
local_2025,__main__,pr,strong_georgia,ძლიერი საქართველო-ლელო,9,52,ბაღდათი,6,,გოჩა,გიგაშვილი,გოჩა გიგაშვილი,,,adg_2025_candidates_unified.xlsx
local_2025,__main__,pr,strong_georgia,ძლიერი საქართველო-ლელო,9,52,ბაღდათი,7,,ავთანდილ,ჭაუტიძე,ავთანდილ ჭაუტიძე,,,adg_2025_candidates_unified.xlsx
local_2025,__main__,pr,strong_georgia,ძლიერი საქართველო-ლელო,9,52,ბაღდათი,8,,დიმიტრი,ნატრიაშვილი,დიმიტრი ნატრიაშვილი,,,adg_2025_candidates_unified.xlsx
local_2025,__main__,pr,strong_georgia,ძლიერი საქართველო-ლელო,9,52,ბაღდათი,9,,ირაკლი,თავხელიძე,ირაკლი თავხელიძე,,,adg_2025_candidates_unified.xlsx
local_2025,__main__,pr,strong_georgia,ძლიერი საქართველო-ლელო,9,52,ბაღდათი,10,,გიორგი,მუმლაძე,გიორგი მუმლაძე,,,adg_2025_candidates_unified.xlsx
local_2025,__main__,pr,gakharia,„გახარია საქართველოსთვის“,25,52,ბაღდათი,1,,ნინო,კვირიკაძე,ნინო კვირიკაძე,,,adg_2025_candidates_unified.xlsx
local_2025,__main__,pr,gakharia,„გახარია საქართველოსთვის“,25,52,ბაღდათი,2,,მარიამ,ფურცელაძე,მარიამ ფურცელაძე,,,adg_2025_candidates_unified.xlsx
local_2025,__main__,pr,gakharia,„გახარია საქართველოსთვის“,25,52,ბაღდათი,3,,თამარი,გუდაძე,თამარი გუდაძე,,,adg_2025_candidates_unified.xlsx
local_2025,__main__,pr,gakharia,„გახარია საქართველოსთვის“,25,52,ბაღდათი,4,,ნინო,ხითარიშვილი,ნინო ხითარიშვილი,,,adg_2025_candidates_unified.xlsx
local_2025,__main__,pr,gakharia,„გახარია საქართველოსთვის“,25,52,ბაღდათი,5,,თინათინი,სულაკაძე,თინათინი სულაკაძე,,,adg_2025_candidates_unified.xlsx
local_2025,__main__,pr,gakharia,„გახარია საქართველოსთვის“,25,52,ბაღდათი,6,,ბექა,თავაძე,ბექა თავაძე,,,adg_2025_candidates_unified.xlsx
local_2025,__main__,pr,gakharia,„გახარია საქართველოსთვის“,25,52,ბაღდათი,7,,თემურ,ქობალია,თემურ ქობალია,,,adg_2025_candidates_unified.xlsx
local_2025,__main__,pr,gakharia,„გახარია საქართველოსთვის“,25,52,ბაღდათი,8,,თეა,ქობალია,თეა ქობალია,,,adg_2025_candidates_unified.xlsx
local_2025,__main__,pr,gakharia,„გახარია საქართველოსთვის“,25,52,ბაღდათი,10,,ალბერტი,მარუაშვილი,ალბერტი მარუაშვილი,,,adg_2025_candidates_unified.xlsx
local_2025,__main__,pr,gakharia,„გახარია საქართველოსთვის“,25,52,ბაღდათი,11,,ირინე,მარუაშვილი,ირინე მარუაშვილი,,,adg_2025_candidates_unified.xlsx
local_2025,__main__,pr,gd,ქართული ოცნება,41,52,ბაღდათი,1,,გურამი,კიკნაველიძე,გურამი კიკნაველიძე,,,adg_2025_candidates_unified.xlsx
local_2025,__main__,pr,gd,ქართული ოცნება,41,52,ბაღდათი,2,,მაია,კბილაშვილი,მაია კბილაშვილი,,,adg_2025_candidates_unified.xlsx
local_2025,__main__,pr,gd,ქართული ოცნება,41,52,ბაღდათი,3,,გურამ,ჩხეიძე,გურამ ჩხეიძე,,,adg_2025_candidates_unified.xlsx
local_2025,__main__,pr,gd,ქართული ოცნება,41,52,ბაღდათი,4,,ირინა,ტყეშელაშვილი,ირინა ტყეშელაშვილი,,,adg_2025_candidates_unified.xlsx
local_2025,__main__,pr,gd,ქართული ოცნება,41,52,ბაღდათი,5,,ლაშა,კბილაშვილი,ლაშა კბილაშვილი,,,adg_2025_candidates_unified.xlsx
local_2025,__main__,pr,gd,ქართული ოცნება,41,52,ბაღდათი,6,,გრიგოლ,ტაბეშაძე,გრიგოლ ტაბეშაძე,,,adg_2025_candidates_unified.xlsx
local_2025,__main__,pr,gd,ქართული ოცნება,41,52,ბაღდათი,7,,გვანცა,გრძელიძე,გვანცა გრძელიძე,,,adg_2025_candidates_unified.xlsx
local_2025,__main__,pr,gd,ქართული ოცნება,41,52,ბაღდათი,8,,კობა,კელენჯერიძე,კობა კელენჯერიძე,,,adg_2025_candidates_unified.xlsx
local_2025,__main__,pr,gd,ქართული ოცნება,41,52,ბაღდათი,9,,გიორგი,ჯაბიძე,გიორგი ჯაბიძე,,,adg_2025_candidates_unified.xlsx
local_2025,__main__,pr,gd,ქართული ოცნება,41,52,ბაღდათი,10,,თინათინ,დემეტრაძე,თინათინ დემეტრაძე,,,adg_2025_candidates_unified.xlsx
local_2025,__main__,pr,gd,ქართული ოცნება,41,52,ბაღდათი,11,,ფრიდონ,მაჩიტაძე,ფრიდონ მაჩიტაძე,,,adg_2025_candidates_unified.xlsx
local_2025,__main__,pr,gd,ქართული ოცნება,41,52,ბაღდათი,12,,გიგა,კესარელი,გიგა კესარელი,,,adg_2025_candidates_unified.xlsx
local_2025,__main__,pr,gd,ქართული ოცნება,41,52,ბაღდათი,13,,მარიამ,მაშანეიშვილი,მარიამ მაშანეიშვილი,,,adg_2025_candidates_unified.xlsx
local_2025,__main__,pr,gd,ქართული ოცნება,41,52,ბაღდათი,14,,გიორგი,ჭელიძე,გიორგი ჭელიძე,,,adg_2025_candidates_unified.xlsx
local_2025,__main__,pr,gd,ქართული ოცნება,41,52,ბაღდათი,15,,ვლადიმერ,გრძელიძე,ვლადიმერ გრძელიძე,,,adg_2025_candidates_unified.xlsx
local_2025,__main__,pr,gd,ქართული ოცნება,41,52,ბაღდათი,16,,დიომიდე,კიკნაველიძე,დიომიდე კიკნაველიძე,,,adg_2025_candidates_unified.xlsx
local_2025,__main__,pr,gd,ქართული ოცნება,41,52,ბაღდათი,17,,მურად,მსხვილიძე,მურად მსხვილიძე,,,adg_2025_candidates_unified.xlsx
local_2025,__main__,pr,gd,ქართული ოცნება,41,52,ბაღდათი,18,,შადიმან,გორგოძე,შადიმან გორგოძე,,,adg_2025_candidates_unified.xlsx
local_2025,__main__,pr,gd,ქართული ოცნება,41,52,ბაღდათი,19,,სიმონ,ჭოლოკავა,სიმონ ჭოლოკავა,,,adg_2025_candidates_unified.xlsx
local_2025,__main__,pr,gd,ქართული ოცნება,41,52,ბაღდათი,20,,გიორგი,კოტორეიშვილი,გიორგი კოტორეიშვილი,,,adg_2025_candidates_unified.xlsx
local_2025,__main__,pr,gd,ქართული ოცნება,41,52,ბაღდათი,21,,ზაზა,ზივზივაძე,ზაზა ზივზივაძე,,,adg_2025_candidates_unified.xlsx
local_2025,__main__,pr,gd,ქართული ოცნება,41,52,ბაღდათი,22,,თორნიკე,გაჩეჩილაძე,თორნიკე გაჩეჩილაძე,,,adg_2025_candidates_unified.xlsx
local_2025,__main__,pr,gd,ქართული ოცნება,41,52,ბაღდათი,23,,ელიზა,ზაზარაშვილი,ელიზა ზაზარაშვილი,,,adg_2025_candidates_unified.xlsx
local_2025,__main__,pr,gd,ქართული ოცნება,41,52,ბაღდათი,24,,ირაკლი,მშვილდაძე,ირაკლი მშვილდაძე,,,adg_2025_candidates_unified.xlsx
local_2025,__main__,pr,gd,ქართული ოცნება,41,52,ბაღდათი,25,,მურად,ბურჯანაძე,მურად ბურჯანაძე,,,adg_2025_candidates_unified.xlsx
local_2025,__main__,pr,gd,ქართული ოცნება,41,52,ბაღდათი,26,,ბიძინა,ჯაბიძე,ბიძინა ჯაბიძე,,,adg_2025_candidates_unified.xlsx
local_2025,__main__,pr,gd,ქართული ოცნება,41,52,ბაღდათი,27,,გია,სახამბერიძე,გია სახამბერიძე,,,adg_2025_candidates_unified.xlsx
local_2025,__main__,pr,gd,ქართული ოცნება,41,52,ბაღდათი,28,,ირაკლი,ყანჩაველი,ირაკლი ყანჩაველი,,,adg_2025_candidates_unified.xlsx
local_2025,__main__,pr,gd,ქართული ოცნება,41,52,ბაღდათი,29,,თეა,გოგნაძე,თეა გოგნაძე,,,adg_2025_candidates_unified.xlsx
local_2025,__main__,pr,conservatives_geo,„კონსერვატორები საქართველოსთვის“,3,53,ვანი,1,,ირაკლი,ჯულაყიძე,ირაკლი ჯულაყიძე,,,adg_2025_candidates_unified.xlsx
local_2025,__main__,pr,conservatives_geo,„კონსერვატორები საქართველოსთვის“,3,53,ვანი,2,,გრიგოლი,წაქაძე,გრიგოლი წაქაძე,,,adg_2025_candidates_unified.xlsx
local_2025,__main__,pr,conservatives_geo,„კონსერვატორები საქართველოსთვის“,3,53,ვანი,3,,ფრიდონი,დიდბარიძე,ფრიდონი დიდბარიძე,,,adg_2025_candidates_unified.xlsx
local_2025,__main__,pr,conservatives_geo,„კონსერვატორები საქართველოსთვის“,3,53,ვანი,4,,ზურაბ,გოგიტიძე,ზურაბ გოგიტიძე,,,adg_2025_candidates_unified.xlsx
local_2025,__main__,pr,conservatives_geo,„კონსერვატორები საქართველოსთვის“,3,53,ვანი,5,,ოთარი,დუნდუა,ოთარი დუნდუა,,,adg_2025_candidates_unified.xlsx
local_2025,__main__,pr,conservatives_geo,„კონსერვატორები საქართველოსთვის“,3,53,ვანი,6,,გიორგი,წულუკიძე,გიორგი წულუკიძე,,,adg_2025_candidates_unified.xlsx
local_2025,__main__,pr,conservatives_geo,„კონსერვატორები საქართველოსთვის“,3,53,ვანი,7,,მამუკა,კვირკველია,მამუკა კვირკველია,,,adg_2025_candidates_unified.xlsx
local_2025,__main__,pr,our_georgia,„ჩვენი გაერთიანებული საქართველო“,5,53,ვანი,1,,ზვიადი,ხელაძე,ზვიადი ხელაძე,,,adg_2025_candidates_unified.xlsx
local_2025,__main__,pr,our_georgia,„ჩვენი გაერთიანებული საქართველო“,5,53,ვანი,2,,შალვა,ჯავახაძე,შალვა ჯავახაძე,,,adg_2025_candidates_unified.xlsx
local_2025,__main__,pr,our_georgia,„ჩვენი გაერთიანებული საქართველო“,5,53,ვანი,3,,ვასილ,ხელაძე,ვასილ ხელაძე,,,adg_2025_candidates_unified.xlsx
local_2025,__main__,pr,our_georgia,„ჩვენი გაერთიანებული საქართველო“,5,53,ვანი,4,,გიორგი,შეყრილაძე,გიორგი შეყრილაძე,,,adg_2025_candidates_unified.xlsx
local_2025,__main__,pr,our_georgia,„ჩვენი გაერთიანებული საქართველო“,5,53,ვანი,5,,ლევან,კახიანი,ლევან კახიანი,,,adg_2025_candidates_unified.xlsx
local_2025,__main__,pr,our_georgia,„ჩვენი გაერთიანებული საქართველო“,5,53,ვანი,6,,გივი,კალმახელიძე,გივი კალმახელიძე,,,adg_2025_candidates_unified.xlsx
local_2025,__main__,pr,patriots,„საქართველოს პატრიოტთა ალიანსი“,8,53,ვანი,1,,ნიკოლოზ,ტყეშელაშვილი,ნიკოლოზ ტყეშელაშვილი,,,adg_2025_candidates_unified.xlsx
local_2025,__main__,pr,patriots,„საქართველოს პატრიოტთა ალიანსი“,8,53,ვანი,2,,თორნიკე,მჟავია,თორნიკე მჟავია,,,adg_2025_candidates_unified.xlsx
local_2025,__main__,pr,patriots,„საქართველოს პატრიოტთა ალიანსი“,8,53,ვანი,3,,ელენე,ფოფხაძე,ელენე ფოფხაძე,,,adg_2025_candidates_unified.xlsx
local_2025,__main__,pr,patriots,„საქართველოს პატრიოტთა ალიანსი“,8,53,ვანი,4,,მარიამ,ქეშელაშვილი,მარიამ ქეშელაშვილი,,,adg_2025_candidates_unified.xlsx
local_2025,__main__,pr,patriots,„საქართველოს პატრიოტთა ალიანსი“,8,53,ვანი,5,,ნაირა,გიორგაძე,ნაირა გიორგაძე,,,adg_2025_candidates_unified.xlsx
local_2025,__main__,pr,patriots,„საქართველოს პატრიოტთა ალიანსი“,8,53,ვანი,6,,რუსუდანი,ფირცხალაშვილი,რუსუდანი ფირცხალაშვილი,,,adg_2025_candidates_unified.xlsx
local_2025,__main__,pr,strong_georgia,ძლიერი საქართველო-ლელო,9,53,ვანი,1,,დათო,კოპალეიშვილი,დათო კოპალეიშვილი,,,adg_2025_candidates_unified.xlsx
local_2025,__main__,pr,strong_georgia,ძლიერი საქართველო-ლელო,9,53,ვანი,2,,მამუკა,ორმოცაძე,მამუკა ორმოცაძე,,,adg_2025_candidates_unified.xlsx
local_2025,__main__,pr,strong_georgia,ძლიერი საქართველო-ლელო,9,53,ვანი,3,,დარეჯან,რიჟამაძე,დარეჯან რიჟამაძე,,,adg_2025_candidates_unified.xlsx
local_2025,__main__,pr,strong_georgia,ძლიერი საქართველო-ლელო,9,53,ვანი,4,,ავთანდილ,ქარჩხაძე,ავთანდილ ქარჩხაძე,,,adg_2025_candidates_unified.xlsx
local_2025,__main__,pr,strong_georgia,ძლიერი საქართველო-ლელო,9,53,ვანი,5,,მაკარ,სანიკიძე,მაკარ სანიკიძე,,,adg_2025_candidates_unified.xlsx
local_2025,__main__,pr,strong_georgia,ძლიერი საქართველო-ლელო,9,53,ვანი,6,,გურამი,ერემეიშვილი,გურამი ერემეიშვილი,,,adg_2025_candidates_unified.xlsx
local_2025,__main__,pr,strong_georgia,ძლიერი საქართველო-ლელო,9,53,ვანი,7,,გიორგი,ცხვარაძე,გიორგი ცხვარაძე,,,adg_2025_candidates_unified.xlsx
local_2025,__main__,pr,strong_georgia,ძლიერი საქართველო-ლელო,9,53,ვანი,8,,მამუკა,ახობაძე,მამუკა ახობაძე,,,adg_2025_candidates_unified.xlsx
local_2025,__main__,pr,strong_georgia,ძლიერი საქართველო-ლელო,9,53,ვანი,9,,ილია,მეგენეიშვილი,ილია მეგენეიშვილი,,,adg_2025_candidates_unified.xlsx
local_2025,__main__,pr,strong_georgia,ძლიერი საქართველო-ლელო,9,53,ვანი,10,,ვარლამი,ფანცულაია,ვარლამი ფანცულაია,,,adg_2025_candidates_unified.xlsx
local_2025,__main__,pr,strong_georgia,ძლიერი საქართველო-ლელო,9,53,ვანი,11,,ეკა,ხვედელიძე,ეკა ხვედელიძე,,,adg_2025_candidates_unified.xlsx
local_2025,__main__,pr,peoples_power,„სახალხო ხელისუფლება“,14,53,ვანი,1,,გელა,ნაკაშიძე,გელა ნაკაშიძე,,,adg_2025_candidates_unified.xlsx
local_2025,__main__,pr,peoples_power,„სახალხო ხელისუფლება“,14,53,ვანი,2,,ავთანდილ,ძაგნიძე,ავთანდილ ძაგნიძე,,,adg_2025_candidates_unified.xlsx
local_2025,__main__,pr,peoples_power,„სახალხო ხელისუფლება“,14,53,ვანი,3,,იური,ლორთქიფანიძე,იური ლორთქიფანიძე,,,adg_2025_candidates_unified.xlsx
local_2025,__main__,pr,peoples_power,„სახალხო ხელისუფლება“,14,53,ვანი,4,,მირზა,კორძაძე,მირზა კორძაძე,,,adg_2025_candidates_unified.xlsx
local_2025,__main__,pr,peoples_power,„სახალხო ხელისუფლება“,14,53,ვანი,5,,მანანა,ნაკაშიძე,მანანა ნაკაშიძე,,,adg_2025_candidates_unified.xlsx
local_2025,__main__,pr,peoples_power,„სახალხო ხელისუფლება“,14,53,ვანი,6,,ემზარი,კვაჩიძე,ემზარი კვაჩიძე,,,adg_2025_candidates_unified.xlsx
local_2025,__main__,pr,peoples_power,„სახალხო ხელისუფლება“,14,53,ვანი,7,,ნინო,ძაგნიძე,ნინო ძაგნიძე,,,adg_2025_candidates_unified.xlsx
local_2025,__main__,pr,peoples_power,„სახალხო ხელისუფლება“,14,53,ვანი,9,,ავთანდილი,დოლიძე,ავთანდილი დოლიძე,,,adg_2025_candidates_unified.xlsx
local_2025,__main__,pr,peoples_power,„სახალხო ხელისუფლება“,14,53,ვანი,10,,სოფიკო,ნაკაშიძე,სოფიკო ნაკაშიძე,,,adg_2025_candidates_unified.xlsx
local_2025,__main__,pr,gakharia,„გახარია საქართველოსთვის“,25,53,ვანი,1,,ამირან,ადეიშვილი,ამირან ადეიშვილი,,,adg_2025_candidates_unified.xlsx
local_2025,__main__,pr,gakharia,„გახარია საქართველოსთვის“,25,53,ვანი,2,,მიხეილ,გერსამია,მიხეილ გერსამია,,,adg_2025_candidates_unified.xlsx
local_2025,__main__,pr,gakharia,„გახარია საქართველოსთვის“,25,53,ვანი,3,,აკაკი,თვალაბეიშვილი,აკაკი თვალაბეიშვილი,,,adg_2025_candidates_unified.xlsx
local_2025,__main__,pr,gakharia,„გახარია საქართველოსთვის“,25,53,ვანი,4,,ალეკო,ადეიშვილი,ალეკო ადეიშვილი,,,adg_2025_candidates_unified.xlsx
local_2025,__main__,pr,gakharia,„გახარია საქართველოსთვის“,25,53,ვანი,5,,ზურაბი,ჯოჯუა,ზურაბი ჯოჯუა,,,adg_2025_candidates_unified.xlsx
local_2025,__main__,pr,gakharia,„გახარია საქართველოსთვის“,25,53,ვანი,6,,გიორგი,ხუციშვილი,გიორგი ხუციშვილი,,,adg_2025_candidates_unified.xlsx
local_2025,__main__,pr,gakharia,„გახარია საქართველოსთვის“,25,53,ვანი,7,,თორნიკე,ადეიშვილი,თორნიკე ადეიშვილი,,,adg_2025_candidates_unified.xlsx
local_2025,__main__,pr,gakharia,„გახარია საქართველოსთვის“,25,53,ვანი,8,,გონი,სანიკიძე,გონი სანიკიძე,,,adg_2025_candidates_unified.xlsx
local_2025,__main__,pr,gakharia,„გახარია საქართველოსთვის“,25,53,ვანი,9,,მიხეილ,ნამიჭეიშვილი,მიხეილ ნამიჭეიშვილი,,,adg_2025_candidates_unified.xlsx
local_2025,__main__,pr,gakharia,„გახარია საქართველოსთვის“,25,53,ვანი,10,,დათო,ადეიშვილი,დათო ადეიშვილი,,,adg_2025_candidates_unified.xlsx
local_2025,__main__,pr,gakharia,„გახარია საქართველოსთვის“,25,53,ვანი,11,,გიორგი,ჯულაყიძე,გიორგი ჯულაყიძე,,,adg_2025_candidates_unified.xlsx
local_2025,__main__,pr,gakharia,„გახარია საქართველოსთვის“,25,53,ვანი,12,,ნიკა,ჯანელიძე,ნიკა ჯანელიძე,,,adg_2025_candidates_unified.xlsx
local_2025,__main__,pr,gakharia,„გახარია საქართველოსთვის“,25,53,ვანი,13,,გენო,ჯულაყიძე,გენო ჯულაყიძე,,,adg_2025_candidates_unified.xlsx
local_2025,__main__,pr,gakharia,„გახარია საქართველოსთვის“,25,53,ვანი,14,,კარლო,ადეიშვილი,კარლო ადეიშვილი,,,adg_2025_candidates_unified.xlsx
local_2025,__main__,pr,gakharia,„გახარია საქართველოსთვის“,25,53,ვანი,15,,ანასტასია,ძაგნიძე,ანასტასია ძაგნიძე,,,adg_2025_candidates_unified.xlsx
local_2025,__main__,pr,gakharia,„გახარია საქართველოსთვის“,25,53,ვანი,16,,თამარ,მამასახლისი,თამარ მამასახლისი,,,adg_2025_candidates_unified.xlsx
local_2025,__main__,pr,gakharia,„გახარია საქართველოსთვის“,25,53,ვანი,17,,ლუდმილა,ცხოიძე,ლუდმილა ცხოიძე,,,adg_2025_candidates_unified.xlsx
local_2025,__main__,pr,gd,ქართული ოცნება,41,53,ვანი,1,,შოთა,გიორგაძე,შოთა გიორგაძე,,,adg_2025_candidates_unified.xlsx
local_2025,__main__,pr,gd,ქართული ოცნება,41,53,ვანი,2,,ეთერი,ჭიჭინაძე,ეთერი ჭიჭინაძე,,,adg_2025_candidates_unified.xlsx
local_2025,__main__,pr,gd,ქართული ოცნება,41,53,ვანი,3,,გიორგი,ივანიაძე,გიორგი ივანიაძე,,,adg_2025_candidates_unified.xlsx
local_2025,__main__,pr,gd,ქართული ოცნება,41,53,ვანი,4,,თეონა,ადეიშვილი,თეონა ადეიშვილი,,,adg_2025_candidates_unified.xlsx
local_2025,__main__,pr,gd,ქართული ოცნება,41,53,ვანი,5,,საბა,მჟავანაძე,საბა მჟავანაძე,,,adg_2025_candidates_unified.xlsx
local_2025,__main__,pr,gd,ქართული ოცნება,41,53,ვანი,6,,შალვა,ლორთქიფანიძე,შალვა ლორთქიფანიძე,,,adg_2025_candidates_unified.xlsx
local_2025,__main__,pr,gd,ქართული ოცნება,41,53,ვანი,7,,ალეკო,ბელთაძე,ალეკო ბელთაძე,,,adg_2025_candidates_unified.xlsx
local_2025,__main__,pr,gd,ქართული ოცნება,41,53,ვანი,8,,გიორგი,სვანაძე,გიორგი სვანაძე,,,adg_2025_candidates_unified.xlsx
local_2025,__main__,pr,gd,ქართული ოცნება,41,53,ვანი,9,,თამარ,შენგელია,თამარ შენგელია,,,adg_2025_candidates_unified.xlsx
local_2025,__main__,pr,gd,ქართული ოცნება,41,53,ვანი,10,,გიორგი,ნამიჭეიშვილი,გიორგი ნამიჭეიშვილი,,,adg_2025_candidates_unified.xlsx
local_2025,__main__,pr,gd,ქართული ოცნება,41,53,ვანი,11,,ალექსანდრე,ოქროპილაშვილი,ალექსანდრე ოქროპილაშვილი,,,adg_2025_candidates_unified.xlsx
local_2025,__main__,pr,gd,ქართული ოცნება,41,53,ვანი,12,,კახა,ჯინჭარაძე,კახა ჯინჭარაძე,,,adg_2025_candidates_unified.xlsx
local_2025,__main__,pr,gd,ქართული ოცნება,41,53,ვანი,13,,გიორგი,ქართველიშვილი,გიორგი ქართველიშვილი,,,adg_2025_candidates_unified.xlsx
local_2025,__main__,pr,gd,ქართული ოცნება,41,53,ვანი,14,,მამუკა,გიორგაძე,მამუკა გიორგაძე,,,adg_2025_candidates_unified.xlsx
local_2025,__main__,pr,gd,ქართული ოცნება,41,53,ვანი,15,,მერაბი,ხურციძე,მერაბი ხურციძე,,,adg_2025_candidates_unified.xlsx
local_2025,__main__,pr,gd,ქართული ოცნება,41,53,ვანი,16,,ილია,გიორგაძე,ილია გიორგაძე,,,adg_2025_candidates_unified.xlsx
local_2025,__main__,pr,gd,ქართული ოცნება,41,53,ვანი,17,,თედო,ვაშაყმაძე,თედო ვაშაყმაძე,,,adg_2025_candidates_unified.xlsx
local_2025,__main__,pr,gd,ქართული ოცნება,41,53,ვანი,18,,თორნიკე,ადეიშვილი,თორნიკე ადეიშვილი,,,adg_2025_candidates_unified.xlsx
local_2025,__main__,pr,gd,ქართული ოცნება,41,53,ვანი,19,,ზაზა,ადეიშვილი,ზაზა ადეიშვილი,,,adg_2025_candidates_unified.xlsx
local_2025,__main__,pr,gd,ქართული ოცნება,41,53,ვანი,20,,აკაკი,რამიშვილი,აკაკი რამიშვილი,,,adg_2025_candidates_unified.xlsx
local_2025,__main__,pr,gd,ქართული ოცნება,41,53,ვანი,21,,დარეჯან,ვაშაყმაძე,დარეჯან ვაშაყმაძე,,,adg_2025_candidates_unified.xlsx
local_2025,__main__,pr,gd,ქართული ოცნება,41,53,ვანი,22,,ლია,დიასამიძე,ლია დიასამიძე,,,adg_2025_candidates_unified.xlsx
local_2025,__main__,pr,gd,ქართული ოცნება,41,53,ვანი,23,,ილია,დვალიშვილი,ილია დვალიშვილი,,,adg_2025_candidates_unified.xlsx
local_2025,__main__,pr,gd,ქართული ოცნება,41,53,ვანი,24,,ვარლამ,გიორგაძე,ვარლამ გიორგაძე,,,adg_2025_candidates_unified.xlsx
local_2025,__main__,pr,gd,ქართული ოცნება,41,53,ვანი,25,,ალეკო,დიაკონიძე,ალეკო დიაკონიძე,,,adg_2025_candidates_unified.xlsx
local_2025,__main__,pr,gd,ქართული ოცნება,41,53,ვანი,26,,რომან,თვალაბეიშვილი,რომან თვალაბეიშვილი,,,adg_2025_candidates_unified.xlsx
local_2025,__main__,pr,gd,ქართული ოცნება,41,53,ვანი,27,,თომა,მჟავანაძე,თომა მჟავანაძე,,,adg_2025_candidates_unified.xlsx
local_2025,__main__,pr,gd,ქართული ოცნება,41,53,ვანი,28,,დოდო,ჩახუნაშვილი,დოდო ჩახუნაშვილი,,,adg_2025_candidates_unified.xlsx
local_2025,__main__,pr,gd,ქართული ოცნება,41,53,ვანი,29,,ლაშა,ჭიჭუეიშვილი,ლაშა ჭიჭუეიშვილი,,,adg_2025_candidates_unified.xlsx
local_2025,__main__,pr,gd,ქართული ოცნება,41,53,ვანი,30,,ლაშა,ღვინერია,ლაშა ღვინერია,,,adg_2025_candidates_unified.xlsx
local_2025,__main__,pr,gd,ქართული ოცნება,41,53,ვანი,31,,მამუკა,ქართველიშვილი,მამუკა ქართველიშვილი,,,adg_2025_candidates_unified.xlsx
local_2025,__main__,pr,gd,ქართული ოცნება,41,53,ვანი,32,,შმაგი,დადუნაშვილი,შმაგი დადუნაშვილი,,,adg_2025_candidates_unified.xlsx
local_2025,__main__,pr,mamuli_ena,"„მამული, ენა, სარწმუნოება“",1,54,სამტრედია,1,,ბადრი,შენგელია,ბადრი შენგელია,,,adg_2025_candidates_unified.xlsx
local_2025,__main__,pr,mamuli_ena,"„მამული, ენა, სარწმუნოება“",1,54,სამტრედია,2,,ნორა,კოპალიანი,ნორა კოპალიანი,,,adg_2025_candidates_unified.xlsx
local_2025,__main__,pr,mamuli_ena,"„მამული, ენა, სარწმუნოება“",1,54,სამტრედია,3,,დავით,კეთილაძე,დავით კეთილაძე,,,adg_2025_candidates_unified.xlsx
local_2025,__main__,pr,mamuli_ena,"„მამული, ენა, სარწმუნოება“",1,54,სამტრედია,4,,მიაგო,კვარაცხელია,მიაგო კვარაცხელია,,,adg_2025_candidates_unified.xlsx
local_2025,__main__,pr,mamuli_ena,"„მამული, ენა, სარწმუნოება“",1,54,სამტრედია,5,,ბადრი,ანტონოვიჩ,ბადრი ანტონოვიჩ,,,adg_2025_candidates_unified.xlsx
local_2025,__main__,pr,mamuli_ena,"„მამული, ენა, სარწმუნოება“",1,54,სამტრედია,6,,რაულ,ანტონოვიჩ,რაულ ანტონოვიჩ,,,adg_2025_candidates_unified.xlsx
local_2025,__main__,pr,conservatives_geo,„კონსერვატორები საქართველოსთვის“,3,54,სამტრედია,1,,მიხეილ,დარსაველიძე,მიხეილ დარსაველიძე,,,adg_2025_candidates_unified.xlsx
local_2025,__main__,pr,conservatives_geo,„კონსერვატორები საქართველოსთვის“,3,54,სამტრედია,2,,ნიკა,კიკაჩეიშვილი,ნიკა კიკაჩეიშვილი,,,adg_2025_candidates_unified.xlsx
local_2025,__main__,pr,conservatives_geo,„კონსერვატორები საქართველოსთვის“,3,54,სამტრედია,3,,დავით,შენგელია,დავით შენგელია,,,adg_2025_candidates_unified.xlsx
local_2025,__main__,pr,conservatives_geo,„კონსერვატორები საქართველოსთვის“,3,54,სამტრედია,4,,ავთანდილ,ბაღდავაძე,ავთანდილ ბაღდავაძე,,,adg_2025_candidates_unified.xlsx
local_2025,__main__,pr,conservatives_geo,„კონსერვატორები საქართველოსთვის“,3,54,სამტრედია,5,,ნოდარ,ზაქრაძე,ნოდარ ზაქრაძე,,,adg_2025_candidates_unified.xlsx
local_2025,__main__,pr,conservatives_geo,„კონსერვატორები საქართველოსთვის“,3,54,სამტრედია,6,,რამაზი,კაშია,რამაზი კაშია,,,adg_2025_candidates_unified.xlsx
local_2025,__main__,pr,conservatives_geo,„კონსერვატორები საქართველოსთვის“,3,54,სამტრედია,7,,გივი,ვაშაკიძე,გივი ვაშაკიძე,,,adg_2025_candidates_unified.xlsx
local_2025,__main__,pr,patriots,„საქართველოს პატრიოტთა ალიანსი“,8,54,სამტრედია,1,,კამო,კანდელაკი,კამო კანდელაკი,,,adg_2025_candidates_unified.xlsx
local_2025,__main__,pr,patriots,„საქართველოს პატრიოტთა ალიანსი“,8,54,სამტრედია,2,,ვაჟა,სალდაძე,ვაჟა სალდაძე,,,adg_2025_candidates_unified.xlsx
local_2025,__main__,pr,patriots,„საქართველოს პატრიოტთა ალიანსი“,8,54,სამტრედია,3,,ვალოდია,ვაშაკიძე,ვალოდია ვაშაკიძე,,,adg_2025_candidates_unified.xlsx
local_2025,__main__,pr,patriots,„საქართველოს პატრიოტთა ალიანსი“,8,54,სამტრედია,4,,ბელა,მანჯგალაძე,ბელა მანჯგალაძე,,,adg_2025_candidates_unified.xlsx
local_2025,__main__,pr,patriots,„საქართველოს პატრიოტთა ალიანსი“,8,54,სამტრედია,5,,ლიკა,მანჯგალაძე,ლიკა მანჯგალაძე,,,adg_2025_candidates_unified.xlsx
local_2025,__main__,pr,patriots,„საქართველოს პატრიოტთა ალიანსი“,8,54,სამტრედია,6,,ჯემალ,კანდელაკი,ჯემალ კანდელაკი,,,adg_2025_candidates_unified.xlsx
local_2025,__main__,pr,patriots,„საქართველოს პატრიოტთა ალიანსი“,8,54,სამტრედია,7,,თეიმურაზ,მანჯგალაძე,თეიმურაზ მანჯგალაძე,,,adg_2025_candidates_unified.xlsx
local_2025,__main__,pr,patriots,„საქართველოს პატრიოტთა ალიანსი“,8,54,სამტრედია,8,,დარეჯან,ვაშაკიძე,დარეჯან ვაშაკიძე,,,adg_2025_candidates_unified.xlsx
local_2025,__main__,pr,strong_georgia,ძლიერი საქართველო-ლელო,9,54,სამტრედია,1,,გივი,ჯულაყიძე,გივი ჯულაყიძე,,,adg_2025_candidates_unified.xlsx
local_2025,__main__,pr,strong_georgia,ძლიერი საქართველო-ლელო,9,54,სამტრედია,2,,დავით,ჯულაყიძე,დავით ჯულაყიძე,,,adg_2025_candidates_unified.xlsx
local_2025,__main__,pr,strong_georgia,ძლიერი საქართველო-ლელო,9,54,სამტრედია,3,,შოთა,გოგიშვილი,შოთა გოგიშვილი,,,adg_2025_candidates_unified.xlsx
local_2025,__main__,pr,strong_georgia,ძლიერი საქართველო-ლელო,9,54,სამტრედია,4,,ბადრი,კაპანაძე,ბადრი კაპანაძე,,,adg_2025_candidates_unified.xlsx
local_2025,__main__,pr,strong_georgia,ძლიერი საქართველო-ლელო,9,54,სამტრედია,5,,გრიგოლ,შარიქაძე,გრიგოლ შარიქაძე,,,adg_2025_candidates_unified.xlsx
local_2025,__main__,pr,strong_georgia,ძლიერი საქართველო-ლელო,9,54,სამტრედია,6,,ბეჟან,ბაკურაძე,ბეჟან ბაკურაძე,,,adg_2025_candidates_unified.xlsx
local_2025,__main__,pr,strong_georgia,ძლიერი საქართველო-ლელო,9,54,სამტრედია,7,,რეზო,ჯულაყიძე,რეზო ჯულაყიძე,,,adg_2025_candidates_unified.xlsx
local_2025,__main__,pr,strong_georgia,ძლიერი საქართველო-ლელო,9,54,სამტრედია,8,,სევერიან,ლორია,სევერიან ლორია,,,adg_2025_candidates_unified.xlsx
local_2025,__main__,pr,strong_georgia,ძლიერი საქართველო-ლელო,9,54,სამტრედია,9,,დავით,ბურკაძე,დავით ბურკაძე,,,adg_2025_candidates_unified.xlsx
local_2025,__main__,pr,strong_georgia,ძლიერი საქართველო-ლელო,9,54,სამტრედია,10,,ბადრი,მანაგაძე,ბადრი მანაგაძე,,,adg_2025_candidates_unified.xlsx
local_2025,__main__,pr,strong_georgia,ძლიერი საქართველო-ლელო,9,54,სამტრედია,11,,ნიკა,ვაშაკიძე,ნიკა ვაშაკიძე,,,adg_2025_candidates_unified.xlsx
local_2025,__main__,pr,strong_georgia,ძლიერი საქართველო-ლელო,9,54,სამტრედია,12,,შაქრო,ჩხაიძე,შაქრო ჩხაიძე,,,adg_2025_candidates_unified.xlsx
local_2025,__main__,pr,strong_georgia,ძლიერი საქართველო-ლელო,9,54,სამტრედია,13,,ზურაბ,ჩაჩუა,ზურაბ ჩაჩუა,,,adg_2025_candidates_unified.xlsx
local_2025,__main__,pr,strong_georgia,ძლიერი საქართველო-ლელო,9,54,სამტრედია,14,,ჯუმბერ,მიქელთაძე,ჯუმბერ მიქელთაძე,,,adg_2025_candidates_unified.xlsx
local_2025,__main__,pr,strong_georgia,ძლიერი საქართველო-ლელო,9,54,სამტრედია,15,,მამია,მეფარიშვილი,მამია მეფარიშვილი,,,adg_2025_candidates_unified.xlsx
local_2025,__main__,pr,strong_georgia,ძლიერი საქართველო-ლელო,9,54,სამტრედია,16,,დათო,ამაღლობელი,დათო ამაღლობელი,,,adg_2025_candidates_unified.xlsx
local_2025,__main__,pr,gakharia,„გახარია საქართველოსთვის“,25,54,სამტრედია,1,,ნიკოლოზი,ხაბეიშვილი,ნიკოლოზი ხაბეიშვილი,,,adg_2025_candidates_unified.xlsx
local_2025,__main__,pr,gakharia,„გახარია საქართველოსთვის“,25,54,სამტრედია,2,,ბექა,ჯანელიძე,ბექა ჯანელიძე,,,adg_2025_candidates_unified.xlsx
local_2025,__main__,pr,gakharia,„გახარია საქართველოსთვის“,25,54,სამტრედია,3,,ლევან,ჩხიკვაძე,ლევან ჩხიკვაძე,,,adg_2025_candidates_unified.xlsx
local_2025,__main__,pr,gakharia,„გახარია საქართველოსთვის“,25,54,სამტრედია,4,,ქეთევან,თარგამაძე,ქეთევან თარგამაძე,,,adg_2025_candidates_unified.xlsx
local_2025,__main__,pr,gakharia,„გახარია საქართველოსთვის“,25,54,სამტრედია,5,,მედეა,ქათამიძე,მედეა ქათამიძე,,,adg_2025_candidates_unified.xlsx
local_2025,__main__,pr,gakharia,„გახარია საქართველოსთვის“,25,54,სამტრედია,6,,გელა,ჩხაიძე,გელა ჩხაიძე,,,adg_2025_candidates_unified.xlsx
local_2025,__main__,pr,gakharia,„გახარია საქართველოსთვის“,25,54,სამტრედია,7,,სოფო,სურგულაძე,სოფო სურგულაძე,,,adg_2025_candidates_unified.xlsx
local_2025,__main__,pr,gakharia,„გახარია საქართველოსთვის“,25,54,სამტრედია,8,,გუგული,სანიკიძე,გუგული სანიკიძე,,,adg_2025_candidates_unified.xlsx
local_2025,__main__,pr,gakharia,„გახარია საქართველოსთვის“,25,54,სამტრედია,9,,ნიკოლოზ,ლაფერაშვილი,ნიკოლოზ ლაფერაშვილი,,,adg_2025_candidates_unified.xlsx
local_2025,__main__,pr,gakharia,„გახარია საქართველოსთვის“,25,54,სამტრედია,10,,სოფო,თეთრაძე,სოფო თეთრაძე,,,adg_2025_candidates_unified.xlsx
local_2025,__main__,pr,girchi,გირჩი,36,54,სამტრედია,1,,მაყვალა,გიორგაძე,მაყვალა გიორგაძე,,,adg_2025_candidates_unified.xlsx
local_2025,__main__,pr,girchi,გირჩი,36,54,სამტრედია,2,,სოსო,ზაქარიაძე,სოსო ზაქარიაძე,,,adg_2025_candidates_unified.xlsx
local_2025,__main__,pr,girchi,გირჩი,36,54,სამტრედია,3,,ლია,გიორგაძე,ლია გიორგაძე,,,adg_2025_candidates_unified.xlsx
local_2025,__main__,pr,girchi,გირჩი,36,54,სამტრედია,4,,ლევან,რამიშვილი,ლევან რამიშვილი,,,adg_2025_candidates_unified.xlsx
local_2025,__main__,pr,girchi,გირჩი,36,54,სამტრედია,5,,თამთა,კვაჭაძე,თამთა კვაჭაძე,,,adg_2025_candidates_unified.xlsx
local_2025,__main__,pr,girchi,გირჩი,36,54,სამტრედია,6,,ჯემალი,ლაბარტყავა,ჯემალი ლაბარტყავა,,,adg_2025_candidates_unified.xlsx
local_2025,__main__,pr,girchi,გირჩი,36,54,სამტრედია,7,,გვანცა,კვაჭაძე,გვანცა კვაჭაძე,,,adg_2025_candidates_unified.xlsx
local_2025,__main__,pr,girchi,გირჩი,36,54,სამტრედია,8,,მედეა,ლაბარტყავა,მედეა ლაბარტყავა,,,adg_2025_candidates_unified.xlsx
local_2025,__main__,pr,girchi,გირჩი,36,54,სამტრედია,9,,ზურაბ,რამიშვილი,ზურაბ რამიშვილი,,,adg_2025_candidates_unified.xlsx
local_2025,__main__,pr,gd,ქართული ოცნება,41,54,სამტრედია,1,,ზაზა,ადეიშვილი,ზაზა ადეიშვილი,,,adg_2025_candidates_unified.xlsx
local_2025,__main__,pr,gd,ქართული ოცნება,41,54,სამტრედია,2,,გოჩა,არველაძე,გოჩა არველაძე,,,adg_2025_candidates_unified.xlsx
local_2025,__main__,pr,gd,ქართული ოცნება,41,54,სამტრედია,3,,ტარიელ,დვალიშვილი,ტარიელ დვალიშვილი,,,adg_2025_candidates_unified.xlsx
local_2025,__main__,pr,gd,ქართული ოცნება,41,54,სამტრედია,4,,ნათია,პაპავა,ნათია პაპავა,,,adg_2025_candidates_unified.xlsx
local_2025,__main__,pr,gd,ქართული ოცნება,41,54,სამტრედია,5,,ლაშა,მუქერია,ლაშა მუქერია,,,adg_2025_candidates_unified.xlsx
local_2025,__main__,pr,gd,ქართული ოცნება,41,54,სამტრედია,6,,გივი,მურღულაია,გივი მურღულაია,,,adg_2025_candidates_unified.xlsx
local_2025,__main__,pr,gd,ქართული ოცნება,41,54,სამტრედია,8,,ირაკლი,მელაშვილი,ირაკლი მელაშვილი,,,adg_2025_candidates_unified.xlsx
local_2025,__main__,pr,gd,ქართული ოცნება,41,54,სამტრედია,9,,ლელა,ჩორგოლაშვილი,ლელა ჩორგოლაშვილი,,,adg_2025_candidates_unified.xlsx
local_2025,__main__,pr,gd,ქართული ოცნება,41,54,სამტრედია,10,,მაია,ტალაბაძე,მაია ტალაბაძე,,,adg_2025_candidates_unified.xlsx
local_2025,__main__,pr,gd,ქართული ოცნება,41,54,სამტრედია,11,,მარიამ,ცომაია,მარიამ ცომაია,,,adg_2025_candidates_unified.xlsx
local_2025,__main__,pr,gd,ქართული ოცნება,41,54,სამტრედია,12,,კირილე,ბერაძე,კირილე ბერაძე,,,adg_2025_candidates_unified.xlsx
local_2025,__main__,pr,gd,ქართული ოცნება,41,54,სამტრედია,13,,ანა,გეგეშიძე,ანა გეგეშიძე,,,adg_2025_candidates_unified.xlsx
local_2025,__main__,pr,gd,ქართული ოცნება,41,54,სამტრედია,14,,ლაშა,ნიკოლეიშვილი,ლაშა ნიკოლეიშვილი,,,adg_2025_candidates_unified.xlsx
local_2025,__main__,pr,gd,ქართული ოცნება,41,54,სამტრედია,15,,შოთა,სტურუა,შოთა სტურუა,,,adg_2025_candidates_unified.xlsx
local_2025,__main__,pr,gd,ქართული ოცნება,41,54,სამტრედია,16,,ხვიჩა,დარსაველიძე,ხვიჩა დარსაველიძე,,,adg_2025_candidates_unified.xlsx
local_2025,__main__,pr,gd,ქართული ოცნება,41,54,სამტრედია,17,,შალვა,მეფარიშვილი,შალვა მეფარიშვილი,,,adg_2025_candidates_unified.xlsx
local_2025,__main__,pr,gd,ქართული ოცნება,41,54,სამტრედია,18,,ბექა,თევზაძე,ბექა თევზაძე,,,adg_2025_candidates_unified.xlsx
local_2025,__main__,pr,gd,ქართული ოცნება,41,54,სამტრედია,19,,გოჩა,კოპალეიშვილი,გოჩა კოპალეიშვილი,,,adg_2025_candidates_unified.xlsx
local_2025,__main__,pr,gd,ქართული ოცნება,41,54,სამტრედია,20,,დავით,ასატურიან,დავით ასატურიან,,,adg_2025_candidates_unified.xlsx
local_2025,__main__,pr,gd,ქართული ოცნება,41,54,სამტრედია,21,,ილია,გიორგაძე,ილია გიორგაძე,,,adg_2025_candidates_unified.xlsx
local_2025,__main__,pr,gd,ქართული ოცნება,41,54,სამტრედია,22,,პაატა,მელქაძე,პაატა მელქაძე,,,adg_2025_candidates_unified.xlsx
local_2025,__main__,pr,gd,ქართული ოცნება,41,54,სამტრედია,23,,მზექალა,ცხვარაძე,მზექალა ცხვარაძე,,,adg_2025_candidates_unified.xlsx
local_2025,__main__,pr,gd,ქართული ოცნება,41,54,სამტრედია,24,,ინგა,ვაშაკიძე,ინგა ვაშაკიძე,,,adg_2025_candidates_unified.xlsx
local_2025,__main__,pr,gd,ქართული ოცნება,41,54,სამტრედია,25,,ირმა,ვერულეიშვილი,ირმა ვერულეიშვილი,,,adg_2025_candidates_unified.xlsx
local_2025,__main__,pr,gd,ქართული ოცნება,41,54,სამტრედია,26,,ელგუჯა,ბიბილოვი,ელგუჯა ბიბილოვი,,,adg_2025_candidates_unified.xlsx
local_2025,__main__,pr,gd,ქართული ოცნება,41,54,სამტრედია,27,,ანდრო,თევზაძე,ანდრო თევზაძე,,,adg_2025_candidates_unified.xlsx
local_2025,__main__,pr,gd,ქართული ოცნება,41,54,სამტრედია,28,,ზაზა,გოჩელაშვილი,ზაზა გოჩელაშვილი,,,adg_2025_candidates_unified.xlsx
local_2025,__main__,pr,gd,ქართული ოცნება,41,54,სამტრედია,29,,თეონა,ნიკოლეიშვილი,თეონა ნიკოლეიშვილი,,,adg_2025_candidates_unified.xlsx
local_2025,__main__,pr,gd,ქართული ოცნება,41,54,სამტრედია,30,,ივანე,არველაძე,ივანე არველაძე,,,adg_2025_candidates_unified.xlsx
local_2025,__main__,pr,gd,ქართული ოცნება,41,54,სამტრედია,31,,ზურაბ,კიკაჩეიშვილი,ზურაბ კიკაჩეიშვილი,,,adg_2025_candidates_unified.xlsx
local_2025,__main__,pr,gd,ქართული ოცნება,41,54,სამტრედია,32,,ავთანდილ,ბიბილეიშვილი,ავთანდილ ბიბილეიშვილი,,,adg_2025_candidates_unified.xlsx
local_2025,__main__,pr,gd,ქართული ოცნება,41,54,სამტრედია,33,,დემურ,კახაძე,დემურ კახაძე,,,adg_2025_candidates_unified.xlsx
local_2025,__main__,pr,gd,ქართული ოცნება,41,54,სამტრედია,34,,გიორგი,ნუცუბიძე,გიორგი ნუცუბიძე,,,adg_2025_candidates_unified.xlsx
local_2025,__main__,pr,conservatives_geo,„კონსერვატორები საქართველოსთვის“,3,55,ხონი,1,,გრიგოლ,მანაგაძე,გრიგოლ მანაგაძე,,,adg_2025_candidates_unified.xlsx
local_2025,__main__,pr,conservatives_geo,„კონსერვატორები საქართველოსთვის“,3,55,ხონი,2,,შალიკო,ხვინგია,შალიკო ხვინგია,,,adg_2025_candidates_unified.xlsx
local_2025,__main__,pr,conservatives_geo,„კონსერვატორები საქართველოსთვის“,3,55,ხონი,3,,კონსტანტინე,რუხაძე,კონსტანტინე რუხაძე,,,adg_2025_candidates_unified.xlsx
local_2025,__main__,pr,conservatives_geo,„კონსერვატორები საქართველოსთვის“,3,55,ხონი,4,,ვახტანგი,ჭანტურაია,ვახტანგი ჭანტურაია,,,adg_2025_candidates_unified.xlsx
local_2025,__main__,pr,conservatives_geo,„კონსერვატორები საქართველოსთვის“,3,55,ხონი,5,,პაატა,ფეიქრიშვილი,პაატა ფეიქრიშვილი,,,adg_2025_candidates_unified.xlsx
local_2025,__main__,pr,conservatives_geo,„კონსერვატორები საქართველოსთვის“,3,55,ხონი,6,,ემზარ,ხარგელია,ემზარ ხარგელია,,,adg_2025_candidates_unified.xlsx
local_2025,__main__,pr,conservatives_geo,„კონსერვატორები საქართველოსთვის“,3,55,ხონი,7,,ზურაბი,ჩოგოვაძე,ზურაბი ჩოგოვაძე,,,adg_2025_candidates_unified.xlsx
local_2025,__main__,pr,patriots,„საქართველოს პატრიოტთა ალიანსი“,8,55,ხონი,1,,რობერტი,თოდუა,რობერტი თოდუა,,,adg_2025_candidates_unified.xlsx
local_2025,__main__,pr,patriots,„საქართველოს პატრიოტთა ალიანსი“,8,55,ხონი,2,,მარიამ,მეტრეველი,მარიამ მეტრეველი,,,adg_2025_candidates_unified.xlsx
local_2025,__main__,pr,patriots,„საქართველოს პატრიოტთა ალიანსი“,8,55,ხონი,3,,მაკა,ყუფარაძე,მაკა ყუფარაძე,,,adg_2025_candidates_unified.xlsx
local_2025,__main__,pr,patriots,„საქართველოს პატრიოტთა ალიანსი“,8,55,ხონი,4,,დავით,მეტრეველი,დავით მეტრეველი,,,adg_2025_candidates_unified.xlsx
local_2025,__main__,pr,patriots,„საქართველოს პატრიოტთა ალიანსი“,8,55,ხონი,5,,ია,ასათიანი,ია ასათიანი,,,adg_2025_candidates_unified.xlsx
local_2025,__main__,pr,patriots,„საქართველოს პატრიოტთა ალიანსი“,8,55,ხონი,6,,თენგიზ,თოდუა,თენგიზ თოდუა,,,adg_2025_candidates_unified.xlsx
local_2025,__main__,pr,patriots,„საქართველოს პატრიოტთა ალიანსი“,8,55,ხონი,7,,ნატალია,თიგიშვილი,ნატალია თიგიშვილი,,,adg_2025_candidates_unified.xlsx
local_2025,__main__,pr,strong_georgia,ძლიერი საქართველო-ლელო,9,55,ხონი,1,,ვაჟა,ცაგარეიშვილი,ვაჟა ცაგარეიშვილი,,,adg_2025_candidates_unified.xlsx
local_2025,__main__,pr,strong_georgia,ძლიერი საქართველო-ლელო,9,55,ხონი,2,,ლევან,ბობოხიძე,ლევან ბობოხიძე,,,adg_2025_candidates_unified.xlsx
local_2025,__main__,pr,strong_georgia,ძლიერი საქართველო-ლელო,9,55,ხონი,3,,ჯემალი,ჩიხლაძე,ჯემალი ჩიხლაძე,,,adg_2025_candidates_unified.xlsx
local_2025,__main__,pr,strong_georgia,ძლიერი საქართველო-ლელო,9,55,ხონი,4,,ჯონი,ბალანჩივაძე,ჯონი ბალანჩივაძე,,,adg_2025_candidates_unified.xlsx
local_2025,__main__,pr,strong_georgia,ძლიერი საქართველო-ლელო,9,55,ხონი,5,,გივი,ცაგარეიშვილი,გივი ცაგარეიშვილი,,,adg_2025_candidates_unified.xlsx
local_2025,__main__,pr,strong_georgia,ძლიერი საქართველო-ლელო,9,55,ხონი,6,,ნუკრი,გოგოხია,ნუკრი გოგოხია,,,adg_2025_candidates_unified.xlsx
local_2025,__main__,pr,strong_georgia,ძლიერი საქართველო-ლელო,9,55,ხონი,7,,აივენგო,ჩომახიძე,აივენგო ჩომახიძე,,,adg_2025_candidates_unified.xlsx
local_2025,__main__,pr,strong_georgia,ძლიერი საქართველო-ლელო,9,55,ხონი,8,,ილონა,შუბითიძე,ილონა შუბითიძე,,,adg_2025_candidates_unified.xlsx
local_2025,__main__,pr,strong_georgia,ძლიერი საქართველო-ლელო,9,55,ხონი,9,,ელიზა,ბარაბაძე,ელიზა ბარაბაძე,,,adg_2025_candidates_unified.xlsx
local_2025,__main__,pr,strong_georgia,ძლიერი საქართველო-ლელო,9,55,ხონი,10,,ზაზა,სანაია,ზაზა სანაია,,,adg_2025_candidates_unified.xlsx
local_2025,__main__,pr,strong_georgia,ძლიერი საქართველო-ლელო,9,55,ხონი,11,,ნოდარი,საღარაძე,ნოდარი საღარაძე,,,adg_2025_candidates_unified.xlsx
local_2025,__main__,pr,strong_georgia,ძლიერი საქართველო-ლელო,9,55,ხონი,12,,ამირანი,კუხალაშვილი,ამირანი კუხალაშვილი,,,adg_2025_candidates_unified.xlsx
local_2025,__main__,pr,strong_georgia,ძლიერი საქართველო-ლელო,9,55,ხონი,13,,აბესალომ,შალამბერიძე,აბესალომ შალამბერიძე,,,adg_2025_candidates_unified.xlsx
local_2025,__main__,pr,gakharia,„გახარია საქართველოსთვის“,25,55,ხონი,1,,ვახტანგ,ბალავაძე,ვახტანგ ბალავაძე,,,adg_2025_candidates_unified.xlsx
local_2025,__main__,pr,gakharia,„გახარია საქართველოსთვის“,25,55,ხონი,2,,მინდია,გველებიანი,მინდია გველებიანი,,,adg_2025_candidates_unified.xlsx
local_2025,__main__,pr,gakharia,„გახარია საქართველოსთვის“,25,55,ხონი,3,,ანჟელიკა,აკობიძე,ანჟელიკა აკობიძე,,,adg_2025_candidates_unified.xlsx
local_2025,__main__,pr,gakharia,„გახარია საქართველოსთვის“,25,55,ხონი,4,,ნინო,ცაგარეიშვილი,ნინო ცაგარეიშვილი,,,adg_2025_candidates_unified.xlsx
local_2025,__main__,pr,gakharia,„გახარია საქართველოსთვის“,25,55,ხონი,5,,დემურ,ბელთაძე,დემურ ბელთაძე,,,adg_2025_candidates_unified.xlsx
local_2025,__main__,pr,gakharia,„გახარია საქართველოსთვის“,25,55,ხონი,6,,შოთა,აკობიძე,შოთა აკობიძე,,,adg_2025_candidates_unified.xlsx
local_2025,__main__,pr,gakharia,„გახარია საქართველოსთვის“,25,55,ხონი,8,,ნატო,სანოძე,ნატო სანოძე,,,adg_2025_candidates_unified.xlsx
local_2025,__main__,pr,gakharia,„გახარია საქართველოსთვის“,25,55,ხონი,9,,მარიამი,მანჯგალაძე,მარიამი მანჯგალაძე,,,adg_2025_candidates_unified.xlsx
local_2025,__main__,pr,gakharia,„გახარია საქართველოსთვის“,25,55,ხონი,10,,ოთარ,კაკაბაძე,ოთარ კაკაბაძე,,,adg_2025_candidates_unified.xlsx
local_2025,__main__,pr,gakharia,„გახარია საქართველოსთვის“,25,55,ხონი,11,,ქეთევან,გველებიანი,ქეთევან გველებიანი,,,adg_2025_candidates_unified.xlsx
local_2025,__main__,pr,gakharia,„გახარია საქართველოსთვის“,25,55,ხონი,12,,ხათუნა,ბუჩუხიშვილი,ხათუნა ბუჩუხიშვილი,,,adg_2025_candidates_unified.xlsx
local_2025,__main__,pr,gakharia,„გახარია საქართველოსთვის“,25,55,ხონი,13,,ეკატერინე,გოგნაძე,ეკატერინე გოგნაძე,,,adg_2025_candidates_unified.xlsx
local_2025,__main__,pr,gakharia,„გახარია საქართველოსთვის“,25,55,ხონი,14,,ეკატერინა,რუხაძე,ეკატერინა რუხაძე,,,adg_2025_candidates_unified.xlsx
local_2025,__main__,pr,gakharia,„გახარია საქართველოსთვის“,25,55,ხონი,15,,მარინა,ქვარიანი,მარინა ქვარიანი,,,adg_2025_candidates_unified.xlsx
local_2025,__main__,pr,gd,ქართული ოცნება,41,55,ხონი,1,,ლია,ღაჭავა,ლია ღაჭავა,,,adg_2025_candidates_unified.xlsx
local_2025,__main__,pr,gd,ქართული ოცნება,41,55,ხონი,2,,დემურ,სულაბერიძე,დემურ სულაბერიძე,,,adg_2025_candidates_unified.xlsx
local_2025,__main__,pr,gd,ქართული ოცნება,41,55,ხონი,3,,რეზო,ბარაბაძე,რეზო ბარაბაძე,,,adg_2025_candidates_unified.xlsx
local_2025,__main__,pr,gd,ქართული ოცნება,41,55,ხონი,4,,გურამი,ბახტაძე,გურამი ბახტაძე,,,adg_2025_candidates_unified.xlsx
local_2025,__main__,pr,gd,ქართული ოცნება,41,55,ხონი,5,,ლუკა,კინწურაშვილი,ლუკა კინწურაშვილი,,,adg_2025_candidates_unified.xlsx
local_2025,__main__,pr,gd,ქართული ოცნება,41,55,ხონი,6,,გიგლა,გოფოძე,გიგლა გოფოძე,,,adg_2025_candidates_unified.xlsx
local_2025,__main__,pr,gd,ქართული ოცნება,41,55,ხონი,7,,ბაჩანა,ბასილაია,ბაჩანა ბასილაია,,,adg_2025_candidates_unified.xlsx
local_2025,__main__,pr,gd,ქართული ოცნება,41,55,ხონი,8,,თენგიზ,ტაბიძე,თენგიზ ტაბიძე,,,adg_2025_candidates_unified.xlsx
local_2025,__main__,pr,gd,ქართული ოცნება,41,55,ხონი,9,,არსენი,ბენდელიანი,არსენი ბენდელიანი,,,adg_2025_candidates_unified.xlsx
local_2025,__main__,pr,gd,ქართული ოცნება,41,55,ხონი,11,,შორენა,კაკაბაძე,შორენა კაკაბაძე,,,adg_2025_candidates_unified.xlsx
local_2025,__main__,pr,gd,ქართული ოცნება,41,55,ხონი,12,,მამუკა,ჭავჭანიძე,მამუკა ჭავჭანიძე,,,adg_2025_candidates_unified.xlsx
local_2025,__main__,pr,gd,ქართული ოცნება,41,55,ხონი,13,,პავლე,ქაშიბაძე,პავლე ქაშიბაძე,,,adg_2025_candidates_unified.xlsx
local_2025,__main__,pr,gd,ქართული ოცნება,41,55,ხონი,14,,ივანე,უგრეხელიძე,ივანე უგრეხელიძე,,,adg_2025_candidates_unified.xlsx
local_2025,__main__,pr,gd,ქართული ოცნება,41,55,ხონი,15,,ნანა,კინწურაშვილი,ნანა კინწურაშვილი,,,adg_2025_candidates_unified.xlsx
local_2025,__main__,pr,gd,ქართული ოცნება,41,55,ხონი,16,,ნინო,აკობიძე,ნინო აკობიძე,,,adg_2025_candidates_unified.xlsx
local_2025,__main__,pr,gd,ქართული ოცნება,41,55,ხონი,17,,ეთერი,აბზიანიძე,ეთერი აბზიანიძე,,,adg_2025_candidates_unified.xlsx
local_2025,__main__,pr,gd,ქართული ოცნება,41,55,ხონი,18,,ალექსანდრე,ბართია,ალექსანდრე ბართია,,,adg_2025_candidates_unified.xlsx
local_2025,__main__,pr,gd,ქართული ოცნება,41,55,ხონი,19,,აკაკი,გოფოძე,აკაკი გოფოძე,,,adg_2025_candidates_unified.xlsx
local_2025,__main__,pr,gd,ქართული ოცნება,41,55,ხონი,20,,ამირან,კაშია,ამირან კაშია,,,adg_2025_candidates_unified.xlsx
local_2025,__main__,pr,gd,ქართული ოცნება,41,55,ხონი,21,,გიგა,ჭოლოკავა,გიგა ჭოლოკავა,,,adg_2025_candidates_unified.xlsx
local_2025,__main__,pr,gd,ქართული ოცნება,41,55,ხონი,22,,ესტატე,გოგავა,ესტატე გოგავა,,,adg_2025_candidates_unified.xlsx
local_2025,__main__,pr,gd,ქართული ოცნება,41,55,ხონი,23,,ზაზა,ვაშაკიძე,ზაზა ვაშაკიძე,,,adg_2025_candidates_unified.xlsx
local_2025,__main__,pr,gd,ქართული ოცნება,41,55,ხონი,24,,ია,სულუხია,ია სულუხია,,,adg_2025_candidates_unified.xlsx
local_2025,__main__,pr,gd,ქართული ოცნება,41,55,ხონი,25,,ელისო,ლიპარტელიანი,ელისო ლიპარტელიანი,,,adg_2025_candidates_unified.xlsx
local_2025,__main__,pr,gd,ქართული ოცნება,41,55,ხონი,26,,ფიქრია,ცნობილაძე,ფიქრია ცნობილაძე,,,adg_2025_candidates_unified.xlsx
local_2025,__main__,pr,gd,ქართული ოცნება,41,55,ხონი,27,,ვახტანგ,ვაჭარაძე,ვახტანგ ვაჭარაძე,,,adg_2025_candidates_unified.xlsx
local_2025,__main__,pr,gd,ქართული ოცნება,41,55,ხონი,28,,ნინო,კუხალაშვილი,ნინო კუხალაშვილი,,,adg_2025_candidates_unified.xlsx
local_2025,__main__,pr,gd,ქართული ოცნება,41,55,ხონი,29,,მათე,ჩანქსელიანი,მათე ჩანქსელიანი,,,adg_2025_candidates_unified.xlsx
local_2025,__main__,pr,gd,ქართული ოცნება,41,55,ხონი,30,,ზურაბ,მიქაძე,ზურაბ მიქაძე,,,adg_2025_candidates_unified.xlsx
local_2025,__main__,pr,gd,ქართული ოცნება,41,55,ხონი,31,,მიტუშა,გიორხელიძე,მიტუშა გიორხელიძე,,,adg_2025_candidates_unified.xlsx
local_2025,__main__,pr,conservatives_geo,„კონსერვატორები საქართველოსთვის“,3,56,ჭიათურა,1,,ზურაბ,მოდებაძე,ზურაბ მოდებაძე,,,adg_2025_candidates_unified.xlsx
local_2025,__main__,pr,conservatives_geo,„კონსერვატორები საქართველოსთვის“,3,56,ჭიათურა,2,,გიორგი,მოდებაძე,გიორგი მოდებაძე,,,adg_2025_candidates_unified.xlsx
local_2025,__main__,pr,conservatives_geo,„კონსერვატორები საქართველოსთვის“,3,56,ჭიათურა,3,,რამაზ,კვიჟინაძე,რამაზ კვიჟინაძე,,,adg_2025_candidates_unified.xlsx
local_2025,__main__,pr,conservatives_geo,„კონსერვატორები საქართველოსთვის“,3,56,ჭიათურა,4,,ზვიად,ცერცვაძე,ზვიად ცერცვაძე,,,adg_2025_candidates_unified.xlsx
local_2025,__main__,pr,conservatives_geo,„კონსერვატორები საქართველოსთვის“,3,56,ჭიათურა,5,,ჯულიეტა,ქათალანძე,ჯულიეტა ქათალანძე,,,adg_2025_candidates_unified.xlsx
local_2025,__main__,pr,conservatives_geo,„კონსერვატორები საქართველოსთვის“,3,56,ჭიათურა,6,,მამუკა,ციცვიძე,მამუკა ციცვიძე,,,adg_2025_candidates_unified.xlsx
local_2025,__main__,pr,conservatives_geo,„კონსერვატორები საქართველოსთვის“,3,56,ჭიათურა,7,,მუხრანი,კაპანაძე,მუხრანი კაპანაძე,,,adg_2025_candidates_unified.xlsx
local_2025,__main__,pr,conservatives_geo,„კონსერვატორები საქართველოსთვის“,3,56,ჭიათურა,8,,ტიტე,გველესიანი,ტიტე გველესიანი,,,adg_2025_candidates_unified.xlsx
local_2025,__main__,pr,conservatives_geo,„კონსერვატორები საქართველოსთვის“,3,56,ჭიათურა,9,,თორნიკე,დარბაიძე,თორნიკე დარბაიძე,,,adg_2025_candidates_unified.xlsx
local_2025,__main__,pr,patriots,„საქართველოს პატრიოტთა ალიანსი“,8,56,ჭიათურა,1,,ვარლამ,ჯულუხაძე,ვარლამ ჯულუხაძე,,,adg_2025_candidates_unified.xlsx
local_2025,__main__,pr,patriots,„საქართველოს პატრიოტთა ალიანსი“,8,56,ჭიათურა,2,,ელენე,ბერაია,ელენე ბერაია,,,adg_2025_candidates_unified.xlsx
local_2025,__main__,pr,patriots,„საქართველოს პატრიოტთა ალიანსი“,8,56,ჭიათურა,3,,გიგა,ცაგურია,გიგა ცაგურია,,,adg_2025_candidates_unified.xlsx
local_2025,__main__,pr,patriots,„საქართველოს პატრიოტთა ალიანსი“,8,56,ჭიათურა,4,,ანი,ნემსაძე,ანი ნემსაძე,,,adg_2025_candidates_unified.xlsx
local_2025,__main__,pr,patriots,„საქართველოს პატრიოტთა ალიანსი“,8,56,ჭიათურა,5,,დარეჯან,მაჭარაძე,დარეჯან მაჭარაძე,,,adg_2025_candidates_unified.xlsx
local_2025,__main__,pr,patriots,„საქართველოს პატრიოტთა ალიანსი“,8,56,ჭიათურა,6,,ამირან,ცინაძე,ამირან ცინაძე,,,adg_2025_candidates_unified.xlsx
local_2025,__main__,pr,strong_georgia,ძლიერი საქართველო-ლელო,9,56,ჭიათურა,1,,დავით,ჭუმბურიძე,დავით ჭუმბურიძე,,,adg_2025_candidates_unified.xlsx
local_2025,__main__,pr,strong_georgia,ძლიერი საქართველო-ლელო,9,56,ჭიათურა,2,,ჯემალ,ცუცქირიძე,ჯემალ ცუცქირიძე,,,adg_2025_candidates_unified.xlsx
local_2025,__main__,pr,strong_georgia,ძლიერი საქართველო-ლელო,9,56,ჭიათურა,3,,ლელა,ჩაჩანიძე,ლელა ჩაჩანიძე,,,adg_2025_candidates_unified.xlsx
local_2025,__main__,pr,strong_georgia,ძლიერი საქართველო-ლელო,9,56,ჭიათურა,4,,გოჩა,აბაშიძე,გოჩა აბაშიძე,,,adg_2025_candidates_unified.xlsx
local_2025,__main__,pr,strong_georgia,ძლიერი საქართველო-ლელო,9,56,ჭიათურა,5,,იასონ,ჭუმბურიძე,იასონ ჭუმბურიძე,,,adg_2025_candidates_unified.xlsx
local_2025,__main__,pr,strong_georgia,ძლიერი საქართველო-ლელო,9,56,ჭიათურა,6,,იმედი,ხვედელიძე,იმედი ხვედელიძე,,,adg_2025_candidates_unified.xlsx
local_2025,__main__,pr,strong_georgia,ძლიერი საქართველო-ლელო,9,56,ჭიათურა,7,,თამარ,ჩიხელიძე,თამარ ჩიხელიძე,,,adg_2025_candidates_unified.xlsx
local_2025,__main__,pr,strong_georgia,ძლიერი საქართველო-ლელო,9,56,ჭიათურა,8,,სოფიკო,ჩიხელიძე,სოფიკო ჩიხელიძე,,,adg_2025_candidates_unified.xlsx
local_2025,__main__,pr,strong_georgia,ძლიერი საქართველო-ლელო,9,56,ჭიათურა,9,,მანანა,ტაბატაძე,მანანა ტაბატაძე,,,adg_2025_candidates_unified.xlsx
local_2025,__main__,pr,gakharia,„გახარია საქართველოსთვის“,25,56,ჭიათურა,1,,უსუპი,ბიწაძე,უსუპი ბიწაძე,,,adg_2025_candidates_unified.xlsx
local_2025,__main__,pr,gakharia,„გახარია საქართველოსთვის“,25,56,ჭიათურა,2,,მერაბი,ტყემალაძე,მერაბი ტყემალაძე,,,adg_2025_candidates_unified.xlsx
local_2025,__main__,pr,gakharia,„გახარია საქართველოსთვის“,25,56,ჭიათურა,3,,ვალერი,კაპანაძე,ვალერი კაპანაძე,,,adg_2025_candidates_unified.xlsx
local_2025,__main__,pr,gakharia,„გახარია საქართველოსთვის“,25,56,ჭიათურა,4,,მუხრანი,მოდებაძე,მუხრანი მოდებაძე,,,adg_2025_candidates_unified.xlsx
local_2025,__main__,pr,gakharia,„გახარია საქართველოსთვის“,25,56,ჭიათურა,5,,ირინე,ნეფარიძე,ირინე ნეფარიძე,,,adg_2025_candidates_unified.xlsx
local_2025,__main__,pr,gakharia,„გახარია საქართველოსთვის“,25,56,ჭიათურა,6,,სოფიო,მოდებაძე,სოფიო მოდებაძე,,,adg_2025_candidates_unified.xlsx
local_2025,__main__,pr,gakharia,„გახარია საქართველოსთვის“,25,56,ჭიათურა,7,,ნიკოლოზ,ცერცვაძე,ნიკოლოზ ცერცვაძე,,,adg_2025_candidates_unified.xlsx
local_2025,__main__,pr,gakharia,„გახარია საქართველოსთვის“,25,56,ჭიათურა,8,,შორენა,კვანტალიანი,შორენა კვანტალიანი,,,adg_2025_candidates_unified.xlsx
local_2025,__main__,pr,gakharia,„გახარია საქართველოსთვის“,25,56,ჭიათურა,9,,დიანა,მოდებაძე,დიანა მოდებაძე,,,adg_2025_candidates_unified.xlsx
local_2025,__main__,pr,gakharia,„გახარია საქართველოსთვის“,25,56,ჭიათურა,10,,მარიკა,კვიჟინაძე,მარიკა კვიჟინაძე,,,adg_2025_candidates_unified.xlsx
local_2025,__main__,pr,gakharia,„გახარია საქართველოსთვის“,25,56,ჭიათურა,11,,ცისანა,სამხარაძე,ცისანა სამხარაძე,,,adg_2025_candidates_unified.xlsx
local_2025,__main__,pr,gakharia,„გახარია საქართველოსთვის“,25,56,ჭიათურა,12,,მარიამ,ბიწაძე,მარიამ ბიწაძე,,,adg_2025_candidates_unified.xlsx
local_2025,__main__,pr,girchi,გირჩი,36,56,ჭიათურა,1,,ავთანდილ,ლაბაძე,ავთანდილ ლაბაძე,,,adg_2025_candidates_unified.xlsx
local_2025,__main__,pr,girchi,გირჩი,36,56,ჭიათურა,2,,ნიკოლოზ,ლაბაძე,ნიკოლოზ ლაბაძე,,,adg_2025_candidates_unified.xlsx
local_2025,__main__,pr,girchi,გირჩი,36,56,ჭიათურა,3,,იოანე,ფარესაშვილი,იოანე ფარესაშვილი,,,adg_2025_candidates_unified.xlsx
local_2025,__main__,pr,girchi,გირჩი,36,56,ჭიათურა,4,,ალექსანდრე,სახლთხუციშვილი,ალექსანდრე სახლთხუციშვილი,,,adg_2025_candidates_unified.xlsx
local_2025,__main__,pr,girchi,გირჩი,36,56,ჭიათურა,5,,მურმან,ბაღაშვილი,მურმან ბაღაშვილი,,,adg_2025_candidates_unified.xlsx
local_2025,__main__,pr,girchi,გირჩი,36,56,ჭიათურა,6,,დავით,მიქაბერიძე,დავით მიქაბერიძე,,,adg_2025_candidates_unified.xlsx
local_2025,__main__,pr,gd,ქართული ოცნება,41,56,ჭიათურა,1,,პეტრე,ასანიძე,პეტრე ასანიძე,,,adg_2025_candidates_unified.xlsx
local_2025,__main__,pr,gd,ქართული ოცნება,41,56,ჭიათურა,2,,ირინე,პაპიძე,ირინე პაპიძე,,,adg_2025_candidates_unified.xlsx
local_2025,__main__,pr,gd,ქართული ოცნება,41,56,ჭიათურა,3,,ნიკა,სამხარაძე,ნიკა სამხარაძე,,,adg_2025_candidates_unified.xlsx
local_2025,__main__,pr,gd,ქართული ოცნება,41,56,ჭიათურა,4,,დავით,ლაბაძე,დავით ლაბაძე,,,adg_2025_candidates_unified.xlsx
local_2025,__main__,pr,gd,ქართული ოცნება,41,56,ჭიათურა,5,,ალექსანდრე,მაჭარაშვილი,ალექსანდრე მაჭარაშვილი,,,adg_2025_candidates_unified.xlsx
local_2025,__main__,pr,gd,ქართული ოცნება,41,56,ჭიათურა,6,,ლია,შეყილაძე,ლია შეყილაძე,,,adg_2025_candidates_unified.xlsx
local_2025,__main__,pr,gd,ქართული ოცნება,41,56,ჭიათურა,7,,რომანი,მუმლაძე,რომანი მუმლაძე,,,adg_2025_candidates_unified.xlsx
local_2025,__main__,pr,gd,ქართული ოცნება,41,56,ჭიათურა,8,,მალხაზი,გოგატიშვილი,მალხაზი გოგატიშვილი,,,adg_2025_candidates_unified.xlsx
local_2025,__main__,pr,gd,ქართული ოცნება,41,56,ჭიათურა,9,,ზაზა,ჯოხაძე,ზაზა ჯოხაძე,,,adg_2025_candidates_unified.xlsx
local_2025,__main__,pr,gd,ქართული ოცნება,41,56,ჭიათურა,10,,ლალი,კაპანაძე,ლალი კაპანაძე,,,adg_2025_candidates_unified.xlsx
local_2025,__main__,pr,gd,ქართული ოცნება,41,56,ჭიათურა,11,,დავით,მაღრაძე,დავით მაღრაძე,,,adg_2025_candidates_unified.xlsx
local_2025,__main__,pr,gd,ქართული ოცნება,41,56,ჭიათურა,12,,ვაჟა,სამხარაძე,ვაჟა სამხარაძე,,,adg_2025_candidates_unified.xlsx
local_2025,__main__,pr,gd,ქართული ოცნება,41,56,ჭიათურა,13,,როინ,ასანიძე,როინ ასანიძე,,,adg_2025_candidates_unified.xlsx
local_2025,__main__,pr,gd,ქართული ოცნება,41,56,ჭიათურა,14,,არჩილ,ხვედელიძე,არჩილ ხვედელიძე,,,adg_2025_candidates_unified.xlsx
local_2025,__main__,pr,gd,ქართული ოცნება,41,56,ჭიათურა,15,,ეკატერინე,გაფრინდაშვილი,ეკატერინე გაფრინდაშვილი,,,adg_2025_candidates_unified.xlsx
local_2025,__main__,pr,gd,ქართული ოცნება,41,56,ჭიათურა,16,,გოგი,კავთელაძე,გოგი კავთელაძე,,,adg_2025_candidates_unified.xlsx
local_2025,__main__,pr,gd,ქართული ოცნება,41,56,ჭიათურა,17,,ზურაბ,ჯაჯანიძე,ზურაბ ჯაჯანიძე,,,adg_2025_candidates_unified.xlsx
local_2025,__main__,pr,gd,ქართული ოცნება,41,56,ჭიათურა,18,,საბა,გოცაძე,საბა გოცაძე,,,adg_2025_candidates_unified.xlsx
local_2025,__main__,pr,gd,ქართული ოცნება,41,56,ჭიათურა,19,,თამუნა,ბარბაქაძე,თამუნა ბარბაქაძე,,,adg_2025_candidates_unified.xlsx
local_2025,__main__,pr,gd,ქართული ოცნება,41,56,ჭიათურა,20,,ირაკლი,მერმანიშვილი,ირაკლი მერმანიშვილი,,,adg_2025_candidates_unified.xlsx
local_2025,__main__,pr,gd,ქართული ოცნება,41,56,ჭიათურა,21,,ოლეგი,ყობიაშვილი,ოლეგი ყობიაშვილი,,,adg_2025_candidates_unified.xlsx
local_2025,__main__,pr,gd,ქართული ოცნება,41,56,ჭიათურა,22,,ინგა,ასანიძე,ინგა ასანიძე,,,adg_2025_candidates_unified.xlsx
local_2025,__main__,pr,gd,ქართული ოცნება,41,56,ჭიათურა,23,,გელა,გელაშვილი,გელა გელაშვილი,,,adg_2025_candidates_unified.xlsx
local_2025,__main__,pr,gd,ქართული ოცნება,41,56,ჭიათურა,24,,ვეფხვია,პაპიძე,ვეფხვია პაპიძე,,,adg_2025_candidates_unified.xlsx
local_2025,__main__,pr,gd,ქართული ოცნება,41,56,ჭიათურა,25,,გიორგი,ვაშაძე,გიორგი ვაშაძე,,,adg_2025_candidates_unified.xlsx
local_2025,__main__,pr,gd,ქართული ოცნება,41,56,ჭიათურა,26,,ალექსანდრე,ხვედელიძე,ალექსანდრე ხვედელიძე,,,adg_2025_candidates_unified.xlsx
local_2025,__main__,pr,gd,ქართული ოცნება,41,56,ჭიათურა,27,,გიორგი,დემეტრაშვილი,გიორგი დემეტრაშვილი,,,adg_2025_candidates_unified.xlsx
local_2025,__main__,pr,gd,ქართული ოცნება,41,56,ჭიათურა,28,,დავით,ბუზალაძე,დავით ბუზალაძე,,,adg_2025_candidates_unified.xlsx
local_2025,__main__,pr,gd,ქართული ოცნება,41,56,ჭიათურა,29,,ემზარ,მიქაცაძე,ემზარ მიქაცაძე,,,adg_2025_candidates_unified.xlsx
local_2025,__main__,pr,conservatives_geo,„კონსერვატორები საქართველოსთვის“,3,57,ტყიბული,1,,დარეჯანი,გაბადაძე,დარეჯანი გაბადაძე,,,adg_2025_candidates_unified.xlsx
local_2025,__main__,pr,conservatives_geo,„კონსერვატორები საქართველოსთვის“,3,57,ტყიბული,2,,აკაკი,სოფრომაძე,აკაკი სოფრომაძე,,,adg_2025_candidates_unified.xlsx
local_2025,__main__,pr,conservatives_geo,„კონსერვატორები საქართველოსთვის“,3,57,ტყიბული,3,,ზურაბ,გიორგაძე,ზურაბ გიორგაძე,,,adg_2025_candidates_unified.xlsx
local_2025,__main__,pr,conservatives_geo,„კონსერვატორები საქართველოსთვის“,3,57,ტყიბული,4,,გელა,ბოჭორიშვილი,გელა ბოჭორიშვილი,,,adg_2025_candidates_unified.xlsx
local_2025,__main__,pr,conservatives_geo,„კონსერვატორები საქართველოსთვის“,3,57,ტყიბული,5,,თამარი,ქურციკიძე,თამარი ქურციკიძე,,,adg_2025_candidates_unified.xlsx
local_2025,__main__,pr,conservatives_geo,„კონსერვატორები საქართველოსთვის“,3,57,ტყიბული,6,,მანუჩარ,აბესაძე,მანუჩარ აბესაძე,,,adg_2025_candidates_unified.xlsx
local_2025,__main__,pr,patriots,„საქართველოს პატრიოტთა ალიანსი“,8,57,ტყიბული,1,,დავითი,ჩომახიძე,დავითი ჩომახიძე,,,adg_2025_candidates_unified.xlsx
local_2025,__main__,pr,patriots,„საქართველოს პატრიოტთა ალიანსი“,8,57,ტყიბული,2,,ჯონი,მანჯგალაძე,ჯონი მანჯგალაძე,,,adg_2025_candidates_unified.xlsx
local_2025,__main__,pr,patriots,„საქართველოს პატრიოტთა ალიანსი“,8,57,ტყიბული,3,,ნათია,ტეტოშვილი,ნათია ტეტოშვილი,,,adg_2025_candidates_unified.xlsx
local_2025,__main__,pr,patriots,„საქართველოს პატრიოტთა ალიანსი“,8,57,ტყიბული,4,,ფრიდონი,ფოფხაძე,ფრიდონი ფოფხაძე,,,adg_2025_candidates_unified.xlsx
local_2025,__main__,pr,patriots,„საქართველოს პატრიოტთა ალიანსი“,8,57,ტყიბული,5,,ლია,კუდუხაშვილი,ლია კუდუხაშვილი,,,adg_2025_candidates_unified.xlsx
local_2025,__main__,pr,patriots,„საქართველოს პატრიოტთა ალიანსი“,8,57,ტყიბული,6,,ლალი,აკობია,ლალი აკობია,,,adg_2025_candidates_unified.xlsx
local_2025,__main__,pr,strong_georgia,ძლიერი საქართველო-ლელო,9,57,ტყიბული,1,,ბორის,გაბრიაძე,ბორის გაბრიაძე,,,adg_2025_candidates_unified.xlsx
local_2025,__main__,pr,strong_georgia,ძლიერი საქართველო-ლელო,9,57,ტყიბული,2,,ლაშა,ბოჭორიშვილი,ლაშა ბოჭორიშვილი,,,adg_2025_candidates_unified.xlsx
local_2025,__main__,pr,strong_georgia,ძლიერი საქართველო-ლელო,9,57,ტყიბული,3,,ავთანდილ,ბრეგაძე,ავთანდილ ბრეგაძე,,,adg_2025_candidates_unified.xlsx
local_2025,__main__,pr,strong_georgia,ძლიერი საქართველო-ლელო,9,57,ტყიბული,4,,სოფიო,სოფრომაძე,სოფიო სოფრომაძე,,,adg_2025_candidates_unified.xlsx
local_2025,__main__,pr,strong_georgia,ძლიერი საქართველო-ლელო,9,57,ტყიბული,5,,მანანა,მუშკუდიანი,მანანა მუშკუდიანი,,,adg_2025_candidates_unified.xlsx
local_2025,__main__,pr,strong_georgia,ძლიერი საქართველო-ლელო,9,57,ტყიბული,6,,ნინო,ბაღდავაძე,ნინო ბაღდავაძე,,,adg_2025_candidates_unified.xlsx
local_2025,__main__,pr,strong_georgia,ძლიერი საქართველო-ლელო,9,57,ტყიბული,7,,მაკა,გაბრიაძე,მაკა გაბრიაძე,,,adg_2025_candidates_unified.xlsx
local_2025,__main__,pr,strong_georgia,ძლიერი საქართველო-ლელო,9,57,ტყიბული,8,,დალი,ფორჩხიძე,დალი ფორჩხიძე,,,adg_2025_candidates_unified.xlsx
local_2025,__main__,pr,gakharia,„გახარია საქართველოსთვის“,25,57,ტყიბული,1,,მაკა,შარვაძე,მაკა შარვაძე,,,adg_2025_candidates_unified.xlsx
local_2025,__main__,pr,gakharia,„გახარია საქართველოსთვის“,25,57,ტყიბული,2,,ნელი,ქარელი-კახიძე,ნელი ქარელი-კახიძე,,,adg_2025_candidates_unified.xlsx
local_2025,__main__,pr,gakharia,„გახარია საქართველოსთვის“,25,57,ტყიბული,3,,მარინა,რობაქიძე,მარინა რობაქიძე,,,adg_2025_candidates_unified.xlsx
local_2025,__main__,pr,gakharia,„გახარია საქართველოსთვის“,25,57,ტყიბული,4,,სოფიო,ჯინჯიხაძე,სოფიო ჯინჯიხაძე,,,adg_2025_candidates_unified.xlsx
local_2025,__main__,pr,gakharia,„გახარია საქართველოსთვის“,25,57,ტყიბული,5,,თენგიზ,ჭიქაბერიძე,თენგიზ ჭიქაბერიძე,,,adg_2025_candidates_unified.xlsx
local_2025,__main__,pr,gakharia,„გახარია საქართველოსთვის“,25,57,ტყიბული,6,,გელა,ჩივაძე,გელა ჩივაძე,,,adg_2025_candidates_unified.xlsx
local_2025,__main__,pr,gakharia,„გახარია საქართველოსთვის“,25,57,ტყიბული,7,,ნათია,ქარქაშაძე,ნათია ქარქაშაძე,,,adg_2025_candidates_unified.xlsx
local_2025,__main__,pr,gakharia,„გახარია საქართველოსთვის“,25,57,ტყიბული,8,,ლია,ყვავაძე,ლია ყვავაძე,,,adg_2025_candidates_unified.xlsx
local_2025,__main__,pr,gakharia,„გახარია საქართველოსთვის“,25,57,ტყიბული,9,,ნანი,ამბროლაძე,ნანი ამბროლაძე,,,adg_2025_candidates_unified.xlsx
local_2025,__main__,pr,gakharia,„გახარია საქართველოსთვის“,25,57,ტყიბული,10,,ლეილა,ტყეშელაშვილი,ლეილა ტყეშელაშვილი,,,adg_2025_candidates_unified.xlsx
local_2025,__main__,pr,gakharia,„გახარია საქართველოსთვის“,25,57,ტყიბული,11,,დავითი,კახიძე,დავითი კახიძე,,,adg_2025_candidates_unified.xlsx
local_2025,__main__,pr,gakharia,„გახარია საქართველოსთვის“,25,57,ტყიბული,12,,რევაზი,ბუაძე,რევაზი ბუაძე,,,adg_2025_candidates_unified.xlsx
local_2025,__main__,pr,gakharia,„გახარია საქართველოსთვის“,25,57,ტყიბული,13,,მარინა,რაზმაძე,მარინა რაზმაძე,,,adg_2025_candidates_unified.xlsx
local_2025,__main__,pr,gakharia,„გახარია საქართველოსთვის“,25,57,ტყიბული,15,,მამია,სარალიძე,მამია სარალიძე,,,adg_2025_candidates_unified.xlsx
local_2025,__main__,pr,gd,ქართული ოცნება,41,57,ტყიბული,1,,დავითი,შავიანიძე,დავითი შავიანიძე,,,adg_2025_candidates_unified.xlsx
local_2025,__main__,pr,gd,ქართული ოცნება,41,57,ტყიბული,2,,გია,ჯინჯიხაძე,გია ჯინჯიხაძე,,,adg_2025_candidates_unified.xlsx
local_2025,__main__,pr,gd,ქართული ოცნება,41,57,ტყიბული,3,,გვანცა,დელიბაშვილი,გვანცა დელიბაშვილი,,,adg_2025_candidates_unified.xlsx
local_2025,__main__,pr,gd,ქართული ოცნება,41,57,ტყიბული,4,,თემური,ძაგნიძე,თემური ძაგნიძე,,,adg_2025_candidates_unified.xlsx
local_2025,__main__,pr,gd,ქართული ოცნება,41,57,ტყიბული,5,,თამაზი,ფართლაძე,თამაზი ფართლაძე,,,adg_2025_candidates_unified.xlsx
local_2025,__main__,pr,gd,ქართული ოცნება,41,57,ტყიბული,6,,გოჩა,ბოჭორიშვილი,გოჩა ბოჭორიშვილი,,,adg_2025_candidates_unified.xlsx
local_2025,__main__,pr,gd,ქართული ოცნება,41,57,ტყიბული,7,,ბონდო,ფანჩულიძე,ბონდო ფანჩულიძე,,,adg_2025_candidates_unified.xlsx
local_2025,__main__,pr,gd,ქართული ოცნება,41,57,ტყიბული,8,,იმედა,ბოჭორიშვილი,იმედა ბოჭორიშვილი,,,adg_2025_candidates_unified.xlsx
local_2025,__main__,pr,gd,ქართული ოცნება,41,57,ტყიბული,9,,ნათია,ამბროლაძე,ნათია ამბროლაძე,,,adg_2025_candidates_unified.xlsx
local_2025,__main__,pr,gd,ქართული ოცნება,41,57,ტყიბული,10,,შოთა,ჩივაძე,შოთა ჩივაძე,,,adg_2025_candidates_unified.xlsx
local_2025,__main__,pr,gd,ქართული ოცნება,41,57,ტყიბული,11,,ბექა,აშოთია,ბექა აშოთია,,,adg_2025_candidates_unified.xlsx
local_2025,__main__,pr,gd,ქართული ოცნება,41,57,ტყიბული,12,,გრიგოლი,ცნობილაძე,გრიგოლი ცნობილაძე,,,adg_2025_candidates_unified.xlsx
local_2025,__main__,pr,gd,ქართული ოცნება,41,57,ტყიბული,13,,ტარიელი,ბრეგაძე,ტარიელი ბრეგაძე,,,adg_2025_candidates_unified.xlsx
local_2025,__main__,pr,gd,ქართული ოცნება,41,57,ტყიბული,14,,ირაკლი,მამრიკიშვილი,ირაკლი მამრიკიშვილი,,,adg_2025_candidates_unified.xlsx
local_2025,__main__,pr,gd,ქართული ოცნება,41,57,ტყიბული,15,,გრიგოლი,სოფრომაძე,გრიგოლი სოფრომაძე,,,adg_2025_candidates_unified.xlsx
local_2025,__main__,pr,gd,ქართული ოცნება,41,57,ტყიბული,16,,ხათუნა,ბოჭორიშვილი,ხათუნა ბოჭორიშვილი,,,adg_2025_candidates_unified.xlsx
local_2025,__main__,pr,gd,ქართული ოცნება,41,57,ტყიბული,17,,შოთა,ივანეიშვილი,შოთა ივანეიშვილი,,,adg_2025_candidates_unified.xlsx
local_2025,__main__,pr,gd,ქართული ოცნება,41,57,ტყიბული,18,,ლია,კობახიძე,ლია კობახიძე,,,adg_2025_candidates_unified.xlsx
local_2025,__main__,pr,gd,ქართული ოცნება,41,57,ტყიბული,19,,ნატო,წერეთელი,ნატო წერეთელი,,,adg_2025_candidates_unified.xlsx
local_2025,__main__,pr,gd,ქართული ოცნება,41,57,ტყიბული,20,,დავითი,გოტიაშვილი,დავითი გოტიაშვილი,,,adg_2025_candidates_unified.xlsx
local_2025,__main__,pr,gd,ქართული ოცნება,41,57,ტყიბული,21,,მარიტა,ბრეგაძე,მარიტა ბრეგაძე,,,adg_2025_candidates_unified.xlsx
local_2025,__main__,pr,gd,ქართული ოცნება,41,57,ტყიბული,22,,ლიანა,სიმონგულოვი,ლიანა სიმონგულოვი,,,adg_2025_candidates_unified.xlsx
local_2025,__main__,pr,gd,ქართული ოცნება,41,57,ტყიბული,23,,ნონა,არსენიძე,ნონა არსენიძე,,,adg_2025_candidates_unified.xlsx
local_2025,__main__,pr,gd,ქართული ოცნება,41,57,ტყიბული,24,,ტატიანა,ბოჭორიშვილი,ტატიანა ბოჭორიშვილი,,,adg_2025_candidates_unified.xlsx
local_2025,__main__,pr,gd,ქართული ოცნება,41,57,ტყიბული,25,,ნანა,კასრაძე,ნანა კასრაძე,,,adg_2025_candidates_unified.xlsx
local_2025,__main__,pr,gd,ქართული ოცნება,41,57,ტყიბული,26,,ფატმანი,ბრეგაძე,ფატმანი ბრეგაძე,,,adg_2025_candidates_unified.xlsx
local_2025,__main__,pr,gd,ქართული ოცნება,41,57,ტყიბული,27,,გულვერი,აბესაძე,გულვერი აბესაძე,,,adg_2025_candidates_unified.xlsx
local_2025,__main__,pr,gd,ქართული ოცნება,41,57,ტყიბული,28,,ეკა,მიხელიძე,ეკა მიხელიძე,,,adg_2025_candidates_unified.xlsx
local_2025,__main__,pr,gd,ქართული ოცნება,41,57,ტყიბული,29,,ტარიელ,მაჩიტიძე,ტარიელ მაჩიტიძე,,,adg_2025_candidates_unified.xlsx
local_2025,__main__,pr,gd,ქართული ოცნება,41,57,ტყიბული,30,,ნინო,სიჭინავა,ნინო სიჭინავა,,,adg_2025_candidates_unified.xlsx
local_2025,__main__,pr,conservatives_geo,„კონსერვატორები საქართველოსთვის“,3,58,წყალტუბო,1,,ნანი,ქუთათელაძე,ნანი ქუთათელაძე,,,adg_2025_candidates_unified.xlsx
local_2025,__main__,pr,conservatives_geo,„კონსერვატორები საქართველოსთვის“,3,58,წყალტუბო,2,,ბორის,ყოლბაია,ბორის ყოლბაია,,,adg_2025_candidates_unified.xlsx
local_2025,__main__,pr,conservatives_geo,„კონსერვატორები საქართველოსთვის“,3,58,წყალტუბო,3,,გულნაზი,ქუთათელაძე,გულნაზი ქუთათელაძე,,,adg_2025_candidates_unified.xlsx
local_2025,__main__,pr,conservatives_geo,„კონსერვატორები საქართველოსთვის“,3,58,წყალტუბო,4,,მანანა,აფხაძე,მანანა აფხაძე,,,adg_2025_candidates_unified.xlsx
local_2025,__main__,pr,conservatives_geo,„კონსერვატორები საქართველოსთვის“,3,58,წყალტუბო,5,,ვახტანგ,გველესიანი,ვახტანგ გველესიანი,,,adg_2025_candidates_unified.xlsx
local_2025,__main__,pr,conservatives_geo,„კონსერვატორები საქართველოსთვის“,3,58,წყალტუბო,6,,ნანა,ბაბუნაშვილი,ნანა ბაბუნაშვილი,,,adg_2025_candidates_unified.xlsx
local_2025,__main__,pr,conservatives_geo,„კონსერვატორები საქართველოსთვის“,3,58,წყალტუბო,7,,ჯუმბერ,ჯიქია,ჯუმბერ ჯიქია,,,adg_2025_candidates_unified.xlsx
local_2025,__main__,pr,patriots,„საქართველოს პატრიოტთა ალიანსი“,8,58,წყალტუბო,1,,თორნიკე,კერესელიძე,თორნიკე კერესელიძე,,,adg_2025_candidates_unified.xlsx
local_2025,__main__,pr,patriots,„საქართველოს პატრიოტთა ალიანსი“,8,58,წყალტუბო,2,,ელა,სუხიაშვილი,ელა სუხიაშვილი,,,adg_2025_candidates_unified.xlsx
local_2025,__main__,pr,patriots,„საქართველოს პატრიოტთა ალიანსი“,8,58,წყალტუბო,3,,დავითი,კერესელიძე,დავითი კერესელიძე,,,adg_2025_candidates_unified.xlsx
local_2025,__main__,pr,patriots,„საქართველოს პატრიოტთა ალიანსი“,8,58,წყალტუბო,4,,გივი,ხაჭაპურიძე,გივი ხაჭაპურიძე,,,adg_2025_candidates_unified.xlsx
local_2025,__main__,pr,patriots,„საქართველოს პატრიოტთა ალიანსი“,8,58,წყალტუბო,6,,ჯიმშერი,გიორგობიანი,ჯიმშერი გიორგობიანი,,,adg_2025_candidates_unified.xlsx
local_2025,__main__,pr,patriots,„საქართველოს პატრიოტთა ალიანსი“,8,58,წყალტუბო,7,,ვახტანგი,ესაიაშვილი,ვახტანგი ესაიაშვილი,,,adg_2025_candidates_unified.xlsx
local_2025,__main__,pr,strong_georgia,ძლიერი საქართველო-ლელო,9,58,წყალტუბო,1,,თედო,ჭოლაძე,თედო ჭოლაძე,,,adg_2025_candidates_unified.xlsx
local_2025,__main__,pr,strong_georgia,ძლიერი საქართველო-ლელო,9,58,წყალტუბო,2,,აბესალომ,ჭოლაძე,აბესალომ ჭოლაძე,,,adg_2025_candidates_unified.xlsx
local_2025,__main__,pr,strong_georgia,ძლიერი საქართველო-ლელო,9,58,წყალტუბო,3,,ილია,ხაჭაპურიძე,ილია ხაჭაპურიძე,,,adg_2025_candidates_unified.xlsx
local_2025,__main__,pr,strong_georgia,ძლიერი საქართველო-ლელო,9,58,წყალტუბო,4,,რევაზი,წიქორაძე,რევაზი წიქორაძე,,,adg_2025_candidates_unified.xlsx
local_2025,__main__,pr,strong_georgia,ძლიერი საქართველო-ლელო,9,58,წყალტუბო,5,,დავითი,ბანძელაძე,დავითი ბანძელაძე,,,adg_2025_candidates_unified.xlsx
local_2025,__main__,pr,strong_georgia,ძლიერი საქართველო-ლელო,9,58,წყალტუბო,6,,ამირან,ჟორჟოლიანი,ამირან ჟორჟოლიანი,,,adg_2025_candidates_unified.xlsx
local_2025,__main__,pr,strong_georgia,ძლიერი საქართველო-ლელო,9,58,წყალტუბო,7,,ბესიკი,შანიძე,ბესიკი შანიძე,,,adg_2025_candidates_unified.xlsx
local_2025,__main__,pr,strong_georgia,ძლიერი საქართველო-ლელო,9,58,წყალტუბო,8,,დავით,მარგველაშვილი,დავით მარგველაშვილი,,,adg_2025_candidates_unified.xlsx
local_2025,__main__,pr,strong_georgia,ძლიერი საქართველო-ლელო,9,58,წყალტუბო,9,,ლაშა,შანიძე,ლაშა შანიძე,,,adg_2025_candidates_unified.xlsx
local_2025,__main__,pr,gakharia,„გახარია საქართველოსთვის“,25,58,წყალტუბო,1,,ეკატერინა,ბოლოკაძე,ეკატერინა ბოლოკაძე,,,adg_2025_candidates_unified.xlsx
local_2025,__main__,pr,gakharia,„გახარია საქართველოსთვის“,25,58,წყალტუბო,2,,ირმა,პეტრიაშვილი,ირმა პეტრიაშვილი,,,adg_2025_candidates_unified.xlsx
local_2025,__main__,pr,gakharia,„გახარია საქართველოსთვის“,25,58,წყალტუბო,3,,მარიამი,ჩიხლაძე,მარიამი ჩიხლაძე,,,adg_2025_candidates_unified.xlsx
local_2025,__main__,pr,gakharia,„გახარია საქართველოსთვის“,25,58,წყალტუბო,4,,ქრისტინე,აფხაიძე,ქრისტინე აფხაიძე,,,adg_2025_candidates_unified.xlsx
local_2025,__main__,pr,gakharia,„გახარია საქართველოსთვის“,25,58,წყალტუბო,5,,გიორგი,ჩანგაშვილი,გიორგი ჩანგაშვილი,,,adg_2025_candidates_unified.xlsx
local_2025,__main__,pr,gakharia,„გახარია საქართველოსთვის“,25,58,წყალტუბო,6,,ლანა,ფურცხვანიძე,ლანა ფურცხვანიძე,,,adg_2025_candidates_unified.xlsx
local_2025,__main__,pr,gakharia,„გახარია საქართველოსთვის“,25,58,წყალტუბო,7,,ილია,ჩიხლაძე,ილია ჩიხლაძე,,,adg_2025_candidates_unified.xlsx
local_2025,__main__,pr,gakharia,„გახარია საქართველოსთვის“,25,58,წყალტუბო,8,,იამზე,სულამანიძე,იამზე სულამანიძე,,,adg_2025_candidates_unified.xlsx
local_2025,__main__,pr,gakharia,„გახარია საქართველოსთვის“,25,58,წყალტუბო,9,,სოფიო,გელაშვილი,სოფიო გელაშვილი,,,adg_2025_candidates_unified.xlsx
local_2025,__main__,pr,gd,ქართული ოცნება,41,58,წყალტუბო,1,,თეიმურაზი,ჭეიშვილი,თეიმურაზი ჭეიშვილი,,,adg_2025_candidates_unified.xlsx
local_2025,__main__,pr,gd,ქართული ოცნება,41,58,წყალტუბო,2,,კობა,გურეშიძე,კობა გურეშიძე,,,adg_2025_candidates_unified.xlsx
local_2025,__main__,pr,gd,ქართული ოცნება,41,58,წყალტუბო,3,,ნესტორ,აფხაძე,ნესტორ აფხაძე,,,adg_2025_candidates_unified.xlsx
local_2025,__main__,pr,gd,ქართული ოცნება,41,58,წყალტუბო,4,,ლატავრა,ბენდელიანი,ლატავრა ბენდელიანი,,,adg_2025_candidates_unified.xlsx
local_2025,__main__,pr,gd,ქართული ოცნება,41,58,წყალტუბო,5,,ვლადიმერი,ხურცია,ვლადიმერი ხურცია,,,adg_2025_candidates_unified.xlsx
local_2025,__main__,pr,gd,ქართული ოცნება,41,58,წყალტუბო,6,,არჩილი,ღიბრაძე,არჩილი ღიბრაძე,,,adg_2025_candidates_unified.xlsx
local_2025,__main__,pr,gd,ქართული ოცნება,41,58,წყალტუბო,7,,გიორგი,ფაჩუაშვილი,გიორგი ფაჩუაშვილი,,,adg_2025_candidates_unified.xlsx
local_2025,__main__,pr,gd,ქართული ოცნება,41,58,წყალტუბო,8,,თამთა,ვარდოსანიძე,თამთა ვარდოსანიძე,,,adg_2025_candidates_unified.xlsx
local_2025,__main__,pr,gd,ქართული ოცნება,41,58,წყალტუბო,9,,ავთანდილ,მხეიძე,ავთანდილ მხეიძე,,,adg_2025_candidates_unified.xlsx
local_2025,__main__,pr,gd,ქართული ოცნება,41,58,წყალტუბო,10,,ირინე,ცაავა,ირინე ცაავა,,,adg_2025_candidates_unified.xlsx
local_2025,__main__,pr,gd,ქართული ოცნება,41,58,წყალტუბო,11,,შალვა,კილაძე,შალვა კილაძე,,,adg_2025_candidates_unified.xlsx
local_2025,__main__,pr,gd,ქართული ოცნება,41,58,წყალტუბო,12,,ომარ,სინაურიძე,ომარ სინაურიძე,,,adg_2025_candidates_unified.xlsx
local_2025,__main__,pr,gd,ქართული ოცნება,41,58,წყალტუბო,13,,დიმიტრი,ომანაძე,დიმიტრი ომანაძე,,,adg_2025_candidates_unified.xlsx
local_2025,__main__,pr,gd,ქართული ოცნება,41,58,წყალტუბო,14,,რომეო,ნიჟარაძე,რომეო ნიჟარაძე,,,adg_2025_candidates_unified.xlsx
local_2025,__main__,pr,gd,ქართული ოცნება,41,58,წყალტუბო,15,,გოჩა,ჭეიშვილი,გოჩა ჭეიშვილი,,,adg_2025_candidates_unified.xlsx
local_2025,__main__,pr,gd,ქართული ოცნება,41,58,წყალტუბო,16,,ელგუჯა,კვეიძე,ელგუჯა კვეიძე,,,adg_2025_candidates_unified.xlsx
local_2025,__main__,pr,gd,ქართული ოცნება,41,58,წყალტუბო,17,,გოგიტა,შავგულიძე,გოგიტა შავგულიძე,,,adg_2025_candidates_unified.xlsx
local_2025,__main__,pr,gd,ქართული ოცნება,41,58,წყალტუბო,18,,მალხაზ,გაბუნია,მალხაზ გაბუნია,,,adg_2025_candidates_unified.xlsx
local_2025,__main__,pr,gd,ქართული ოცნება,41,58,წყალტუბო,19,,ხათუნა,ჩიტორელიძე,ხათუნა ჩიტორელიძე,,,adg_2025_candidates_unified.xlsx
local_2025,__main__,pr,gd,ქართული ოცნება,41,58,წყალტუბო,20,,კობა,ბაბუნაშვილი,კობა ბაბუნაშვილი,,,adg_2025_candidates_unified.xlsx
local_2025,__main__,pr,gd,ქართული ოცნება,41,58,წყალტუბო,21,,რომანი,კუხალაშვილი,რომანი კუხალაშვილი,,,adg_2025_candidates_unified.xlsx
local_2025,__main__,pr,gd,ქართული ოცნება,41,58,წყალტუბო,22,,დავით,მესხი,დავით მესხი,,,adg_2025_candidates_unified.xlsx
local_2025,__main__,pr,gd,ქართული ოცნება,41,58,წყალტუბო,23,,ავთანდილი,იოსელიანი,ავთანდილი იოსელიანი,,,adg_2025_candidates_unified.xlsx
local_2025,__main__,pr,gd,ქართული ოცნება,41,58,წყალტუბო,24,,კობა,შვანგირაძე,კობა შვანგირაძე,,,adg_2025_candidates_unified.xlsx
local_2025,__main__,pr,gd,ქართული ოცნება,41,58,წყალტუბო,25,,ნიკოლოზ,გურეშიძე,ნიკოლოზ გურეშიძე,,,adg_2025_candidates_unified.xlsx
local_2025,__main__,pr,gd,ქართული ოცნება,41,58,წყალტუბო,26,,აკაკი,ქაჯაია,აკაკი ქაჯაია,,,adg_2025_candidates_unified.xlsx
local_2025,__main__,pr,gd,ქართული ოცნება,41,58,წყალტუბო,27,,აკაკი,რობაქიძე,აკაკი რობაქიძე,,,adg_2025_candidates_unified.xlsx
local_2025,__main__,pr,gd,ქართული ოცნება,41,58,წყალტუბო,28,,ქეთევანი,გოდერიძე,ქეთევანი გოდერიძე,,,adg_2025_candidates_unified.xlsx
local_2025,__main__,pr,gd,ქართული ოცნება,41,58,წყალტუბო,29,,მარიამი,იაკობაშვილი,მარიამი იაკობაშვილი,,,adg_2025_candidates_unified.xlsx
local_2025,__main__,pr,gd,ქართული ოცნება,41,58,წყალტუბო,30,,ნინო,ფაჩუაშვილი,ნინო ფაჩუაშვილი,,,adg_2025_candidates_unified.xlsx
local_2025,__main__,pr,conservatives_geo,„კონსერვატორები საქართველოსთვის“,3,59,ქუთაისი,1,,ნინო,გოგონაშვილი,ნინო გოგონაშვილი,,,adg_2025_candidates_unified.xlsx
local_2025,__main__,pr,conservatives_geo,„კონსერვატორები საქართველოსთვის“,3,59,ქუთაისი,2,,გელა,გაბადაძე,გელა გაბადაძე,,,adg_2025_candidates_unified.xlsx
local_2025,__main__,pr,conservatives_geo,„კონსერვატორები საქართველოსთვის“,3,59,ქუთაისი,3,,კესო,გვარაკიძე,კესო გვარაკიძე,,,adg_2025_candidates_unified.xlsx
local_2025,__main__,pr,conservatives_geo,„კონსერვატორები საქართველოსთვის“,3,59,ქუთაისი,4,,ავთანდილი,ყიფიანი,ავთანდილი ყიფიანი,,,adg_2025_candidates_unified.xlsx
local_2025,__main__,pr,conservatives_geo,„კონსერვატორები საქართველოსთვის“,3,59,ქუთაისი,5,,თენგიზი,წაქაძე,თენგიზი წაქაძე,,,adg_2025_candidates_unified.xlsx
local_2025,__main__,pr,conservatives_geo,„კონსერვატორები საქართველოსთვის“,3,59,ქუთაისი,6,,აკაკი,ლოლომაძე,აკაკი ლოლომაძე,,,adg_2025_candidates_unified.xlsx
local_2025,__main__,pr,conservatives_geo,„კონსერვატორები საქართველოსთვის“,3,59,ქუთაისი,7,,პაატა,მიქაუტაძე,პაატა მიქაუტაძე,,,adg_2025_candidates_unified.xlsx
local_2025,__main__,pr,conservatives_geo,„კონსერვატორები საქართველოსთვის“,3,59,ქუთაისი,8,,თამარა,კეჭყემაძე,თამარა კეჭყემაძე,,,adg_2025_candidates_unified.xlsx
local_2025,__main__,pr,conservatives_geo,„კონსერვატორები საქართველოსთვის“,3,59,ქუთაისი,9,,ვლადიმერი,დვალიშვილი,ვლადიმერი დვალიშვილი,,,adg_2025_candidates_unified.xlsx
local_2025,__main__,pr,conservatives_geo,„კონსერვატორები საქართველოსთვის“,3,59,ქუთაისი,10,,მანანა,მამისეიშვილი,მანანა მამისეიშვილი,,,adg_2025_candidates_unified.xlsx
local_2025,__main__,pr,conservatives_geo,„კონსერვატორები საქართველოსთვის“,3,59,ქუთაისი,11,,კახა,ბაკურაძე,კახა ბაკურაძე,,,adg_2025_candidates_unified.xlsx
local_2025,__main__,pr,conservatives_geo,„კონსერვატორები საქართველოსთვის“,3,59,ქუთაისი,12,,ნატალია,მამარდაშვილი,ნატალია მამარდაშვილი,,,adg_2025_candidates_unified.xlsx
local_2025,__main__,pr,patriots,„საქართველოს პატრიოტთა ალიანსი“,8,59,ქუთაისი,1,,საბა,გიორგაძე,საბა გიორგაძე,,,adg_2025_candidates_unified.xlsx
local_2025,__main__,pr,patriots,„საქართველოს პატრიოტთა ალიანსი“,8,59,ქუთაისი,2,,ლუკა,ლაცაბიძე,ლუკა ლაცაბიძე,,,adg_2025_candidates_unified.xlsx
local_2025,__main__,pr,patriots,„საქართველოს პატრიოტთა ალიანსი“,8,59,ქუთაისი,3,,ლია,ამირხანაშვილი,ლია ამირხანაშვილი,,,adg_2025_candidates_unified.xlsx
local_2025,__main__,pr,patriots,„საქართველოს პატრიოტთა ალიანსი“,8,59,ქუთაისი,4,,გიორგი,ბუმბეიშვილი,გიორგი ბუმბეიშვილი,,,adg_2025_candidates_unified.xlsx
local_2025,__main__,pr,patriots,„საქართველოს პატრიოტთა ალიანსი“,8,59,ქუთაისი,5,,ანა,ბანძელაძე,ანა ბანძელაძე,,,adg_2025_candidates_unified.xlsx
local_2025,__main__,pr,patriots,„საქართველოს პატრიოტთა ალიანსი“,8,59,ქუთაისი,7,,ირინა,ფირცხალაშვილი,ირინა ფირცხალაშვილი,,,adg_2025_candidates_unified.xlsx
local_2025,__main__,pr,strong_georgia,ძლიერი საქართველო-ლელო,9,59,ქუთაისი,1,,ალექსანდრე,მიქაუტაძე,ალექსანდრე მიქაუტაძე,,,adg_2025_candidates_unified.xlsx
local_2025,__main__,pr,strong_georgia,ძლიერი საქართველო-ლელო,9,59,ქუთაისი,2,,ნანა,გოდუაძე,ნანა გოდუაძე,,,adg_2025_candidates_unified.xlsx
local_2025,__main__,pr,strong_georgia,ძლიერი საქართველო-ლელო,9,59,ქუთაისი,3,,ლელა,შანიძე,ლელა შანიძე,,,adg_2025_candidates_unified.xlsx
local_2025,__main__,pr,strong_georgia,ძლიერი საქართველო-ლელო,9,59,ქუთაისი,4,,კობა,სვანაძე,კობა სვანაძე,,,adg_2025_candidates_unified.xlsx
local_2025,__main__,pr,strong_georgia,ძლიერი საქართველო-ლელო,9,59,ქუთაისი,5,,ეკატერინე,ქარციძე,ეკატერინე ქარციძე,,,adg_2025_candidates_unified.xlsx
local_2025,__main__,pr,strong_georgia,ძლიერი საქართველო-ლელო,9,59,ქუთაისი,6,,სოფიო,ადეიშვილი,სოფიო ადეიშვილი,,,adg_2025_candidates_unified.xlsx
local_2025,__main__,pr,strong_georgia,ძლიერი საქართველო-ლელო,9,59,ქუთაისი,7,,ივანე,ლომთაძე,ივანე ლომთაძე,,,adg_2025_candidates_unified.xlsx
local_2025,__main__,pr,strong_georgia,ძლიერი საქართველო-ლელო,9,59,ქუთაისი,8,,ანა,ჭელიძე,ანა ჭელიძე,,,adg_2025_candidates_unified.xlsx
local_2025,__main__,pr,strong_georgia,ძლიერი საქართველო-ლელო,9,59,ქუთაისი,9,,ბესიკი,კაპანაძე,ბესიკი კაპანაძე,,,adg_2025_candidates_unified.xlsx
local_2025,__main__,pr,strong_georgia,ძლიერი საქართველო-ლელო,9,59,ქუთაისი,10,,ბადრი,ჭელიძე,ბადრი ჭელიძე,,,adg_2025_candidates_unified.xlsx
local_2025,__main__,pr,georgia_party,„საქართველო“,11,59,ქუთაისი,1,,ხატია,მუკბანიანი,ხატია მუკბანიანი,,,adg_2025_candidates_unified.xlsx
local_2025,__main__,pr,georgia_party,„საქართველო“,11,59,ქუთაისი,2,,სოფიო,სტურუა,სოფიო სტურუა,,,adg_2025_candidates_unified.xlsx
local_2025,__main__,pr,georgia_party,„საქართველო“,11,59,ქუთაისი,3,,ნიკოლოზი,ხარძეიშვილი,ნიკოლოზი ხარძეიშვილი,,,adg_2025_candidates_unified.xlsx
local_2025,__main__,pr,georgia_party,„საქართველო“,11,59,ქუთაისი,4,,ნინო,კევლიშვილი,ნინო კევლიშვილი,,,adg_2025_candidates_unified.xlsx
local_2025,__main__,pr,georgia_party,„საქართველო“,11,59,ქუთაისი,5,,ლია,ჭელიძე,ლია ჭელიძე,,,adg_2025_candidates_unified.xlsx
local_2025,__main__,pr,georgia_party,„საქართველო“,11,59,ქუთაისი,6,,მაია,ამაღლობელი,მაია ამაღლობელი,,,adg_2025_candidates_unified.xlsx
local_2025,__main__,pr,peoples_power,„სახალხო ხელისუფლება“,14,59,ქუთაისი,2,,ცირა,ხაბურძანია,ცირა ხაბურძანია,,,adg_2025_candidates_unified.xlsx
local_2025,__main__,pr,peoples_power,„სახალხო ხელისუფლება“,14,59,ქუთაისი,3,,თემური,რიბზინოვსკი,თემური რიბზინოვსკი,,,adg_2025_candidates_unified.xlsx
local_2025,__main__,pr,peoples_power,„სახალხო ხელისუფლება“,14,59,ქუთაისი,4,,მარინე,იობიძე,მარინე იობიძე,,,adg_2025_candidates_unified.xlsx
local_2025,__main__,pr,peoples_power,„სახალხო ხელისუფლება“,14,59,ქუთაისი,5,,შორენა,გრიგორაშვილი,შორენა გრიგორაშვილი,,,adg_2025_candidates_unified.xlsx
local_2025,__main__,pr,peoples_power,„სახალხო ხელისუფლება“,14,59,ქუთაისი,6,,ელგუჯა,მელქაძე,ელგუჯა მელქაძე,,,adg_2025_candidates_unified.xlsx
local_2025,__main__,pr,gakharia,„გახარია საქართველოსთვის“,25,59,ქუთაისი,1,,ელეონორა,არჩაია,ელეონორა არჩაია,,,adg_2025_candidates_unified.xlsx
local_2025,__main__,pr,gakharia,„გახარია საქართველოსთვის“,25,59,ქუთაისი,2,,თამარი,მინაძე,თამარი მინაძე,,,adg_2025_candidates_unified.xlsx
local_2025,__main__,pr,gakharia,„გახარია საქართველოსთვის“,25,59,ქუთაისი,3,,ედიშერ,მიქაბერიძე,ედიშერ მიქაბერიძე,,,adg_2025_candidates_unified.xlsx
local_2025,__main__,pr,gakharia,„გახარია საქართველოსთვის“,25,59,ქუთაისი,4,,თორნიკე,მარუაშვილი,თორნიკე მარუაშვილი,,,adg_2025_candidates_unified.xlsx
local_2025,__main__,pr,gakharia,„გახარია საქართველოსთვის“,25,59,ქუთაისი,5,,გიორგი,ტატუნაშვილი,გიორგი ტატუნაშვილი,,,adg_2025_candidates_unified.xlsx
local_2025,__main__,pr,gakharia,„გახარია საქართველოსთვის“,25,59,ქუთაისი,6,,ეკატერინე,ბაკურაძე,ეკატერინე ბაკურაძე,,,adg_2025_candidates_unified.xlsx
local_2025,__main__,pr,gakharia,„გახარია საქართველოსთვის“,25,59,ქუთაისი,7,,მანანა,ახვლედიანი,მანანა ახვლედიანი,,,adg_2025_candidates_unified.xlsx
local_2025,__main__,pr,gakharia,„გახარია საქართველოსთვის“,25,59,ქუთაისი,8,,მინდია,ხუჯაძე,მინდია ხუჯაძე,,,adg_2025_candidates_unified.xlsx
local_2025,__main__,pr,gakharia,„გახარია საქართველოსთვის“,25,59,ქუთაისი,9,,მაკა,ბერაია,მაკა ბერაია,,,adg_2025_candidates_unified.xlsx
local_2025,__main__,pr,gakharia,„გახარია საქართველოსთვის“,25,59,ქუთაისი,10,,მარიამ,მირიანაშვილი,მარიამ მირიანაშვილი,,,adg_2025_candidates_unified.xlsx
local_2025,__main__,pr,gakharia,„გახარია საქართველოსთვის“,25,59,ქუთაისი,11,,ირმა,ფხაკაძე,ირმა ფხაკაძე,,,adg_2025_candidates_unified.xlsx
local_2025,__main__,pr,gakharia,„გახარია საქართველოსთვის“,25,59,ქუთაისი,12,,ანა,ვახტანგაძე,ანა ვახტანგაძე,,,adg_2025_candidates_unified.xlsx
local_2025,__main__,pr,gakharia,„გახარია საქართველოსთვის“,25,59,ქუთაისი,13,,დარეჯან,ბუხაიძე,დარეჯან ბუხაიძე,,,adg_2025_candidates_unified.xlsx
local_2025,__main__,pr,gakharia,„გახარია საქართველოსთვის“,25,59,ქუთაისი,14,,ლელა,ელიავა,ლელა ელიავა,,,adg_2025_candidates_unified.xlsx
local_2025,__main__,pr,gakharia,„გახარია საქართველოსთვის“,25,59,ქუთაისი,15,,ნატო,ხაფავა,ნატო ხაფავა,,,adg_2025_candidates_unified.xlsx
local_2025,__main__,pr,girchi,გირჩი,36,59,ქუთაისი,1,,თეკლა,მებურიშვილი,თეკლა მებურიშვილი,,,adg_2025_candidates_unified.xlsx
local_2025,__main__,pr,girchi,გირჩი,36,59,ქუთაისი,2,,გიორგი,ქაშიბაძე,გიორგი ქაშიბაძე,,,adg_2025_candidates_unified.xlsx
local_2025,__main__,pr,girchi,გირჩი,36,59,ქუთაისი,3,,ნანა,ბებიაშვილი,ნანა ბებიაშვილი,,,adg_2025_candidates_unified.xlsx
local_2025,__main__,pr,girchi,გირჩი,36,59,ქუთაისი,4,,გოგა,ფაჩულია,გოგა ფაჩულია,,,adg_2025_candidates_unified.xlsx
local_2025,__main__,pr,girchi,გირჩი,36,59,ქუთაისი,5,,გიგა,გვენეტაძე,გიგა გვენეტაძე,,,adg_2025_candidates_unified.xlsx
local_2025,__main__,pr,girchi,გირჩი,36,59,ქუთაისი,6,,ბესიკი,სვანიძე,ბესიკი სვანიძე,,,adg_2025_candidates_unified.xlsx
local_2025,__main__,pr,gd,ქართული ოცნება,41,59,ქუთაისი,1,,შოთა,ჯიშკარიანი,შოთა ჯიშკარიანი,,,adg_2025_candidates_unified.xlsx
local_2025,__main__,pr,gd,ქართული ოცნება,41,59,ქუთაისი,2,,გიორგი,კიკვაძე,გიორგი კიკვაძე,,,adg_2025_candidates_unified.xlsx
local_2025,__main__,pr,gd,ქართული ოცნება,41,59,ქუთაისი,3,,სანდრო,ნერგაძე,სანდრო ნერგაძე,,,adg_2025_candidates_unified.xlsx
local_2025,__main__,pr,gd,ქართული ოცნება,41,59,ქუთაისი,4,,მანანა,ჩიხლაძე,მანანა ჩიხლაძე,,,adg_2025_candidates_unified.xlsx
local_2025,__main__,pr,gd,ქართული ოცნება,41,59,ქუთაისი,5,,ბიქტორი,გვეტაძე,ბიქტორი გვეტაძე,,,adg_2025_candidates_unified.xlsx
local_2025,__main__,pr,gd,ქართული ოცნება,41,59,ქუთაისი,6,,მაგდა,კოსტავა,მაგდა კოსტავა,,,adg_2025_candidates_unified.xlsx
local_2025,__main__,pr,gd,ქართული ოცნება,41,59,ქუთაისი,7,,დიმიტრი,მხეიძე,დიმიტრი მხეიძე,,,adg_2025_candidates_unified.xlsx
local_2025,__main__,pr,gd,ქართული ოცნება,41,59,ქუთაისი,8,,შალვა,მშვილდაძე,შალვა მშვილდაძე,,,adg_2025_candidates_unified.xlsx
local_2025,__main__,pr,gd,ქართული ოცნება,41,59,ქუთაისი,9,,ჯემალი,ბიბილეიშვილი,ჯემალი ბიბილეიშვილი,,,adg_2025_candidates_unified.xlsx
local_2025,__main__,pr,gd,ქართული ოცნება,41,59,ქუთაისი,10,,გიორგი,ჭიღვარია,გიორგი ჭიღვარია,,,adg_2025_candidates_unified.xlsx
local_2025,__main__,pr,gd,ქართული ოცნება,41,59,ქუთაისი,11,,დავით,ნიშნიანიძე,დავით ნიშნიანიძე,,,adg_2025_candidates_unified.xlsx
local_2025,__main__,pr,gd,ქართული ოცნება,41,59,ქუთაისი,12,,დავით,დვალი,დავით დვალი,,,adg_2025_candidates_unified.xlsx
local_2025,__main__,pr,gd,ქართული ოცნება,41,59,ქუთაისი,13,,ირაკლი,ცხვედიანი,ირაკლი ცხვედიანი,,,adg_2025_candidates_unified.xlsx
local_2025,__main__,pr,gd,ქართული ოცნება,41,59,ქუთაისი,14,,ნინო,ფანჩულიძე,ნინო ფანჩულიძე,,,adg_2025_candidates_unified.xlsx
local_2025,__main__,pr,gd,ქართული ოცნება,41,59,ქუთაისი,15,,თამთა,ბაკურაძე,თამთა ბაკურაძე,,,adg_2025_candidates_unified.xlsx
local_2025,__main__,pr,gd,ქართული ოცნება,41,59,ქუთაისი,16,,ლანა,ჩიტიძე,ლანა ჩიტიძე,,,adg_2025_candidates_unified.xlsx
local_2025,__main__,pr,gd,ქართული ოცნება,41,59,ქუთაისი,17,,თენგიზ,არსენიძე,თენგიზ არსენიძე,,,adg_2025_candidates_unified.xlsx
local_2025,__main__,pr,gd,ქართული ოცნება,41,59,ქუთაისი,18,,იოსები,კუჭავა,იოსები კუჭავა,,,adg_2025_candidates_unified.xlsx
local_2025,__main__,pr,gd,ქართული ოცნება,41,59,ქუთაისი,19,,გიორგი,ჭეიშვილი,გიორგი ჭეიშვილი,,,adg_2025_candidates_unified.xlsx
local_2025,__main__,pr,gd,ქართული ოცნება,41,59,ქუთაისი,20,,გიორგი,გოგალაძე,გიორგი გოგალაძე,,,adg_2025_candidates_unified.xlsx
local_2025,__main__,pr,gd,ქართული ოცნება,41,59,ქუთაისი,21,,შალვა,ლომთაძე,შალვა ლომთაძე,,,adg_2025_candidates_unified.xlsx
local_2025,__main__,pr,gd,ქართული ოცნება,41,59,ქუთაისი,22,,ნანა,მეგრელიშვილი,ნანა მეგრელიშვილი,,,adg_2025_candidates_unified.xlsx
local_2025,__main__,pr,gd,ქართული ოცნება,41,59,ქუთაისი,23,,ნაილი,ჭელიძე,ნაილი ჭელიძე,,,adg_2025_candidates_unified.xlsx
local_2025,__main__,pr,gd,ქართული ოცნება,41,59,ქუთაისი,24,,ია,შენგელია,ია შენგელია,,,adg_2025_candidates_unified.xlsx
local_2025,__main__,pr,gd,ქართული ოცნება,41,59,ქუთაისი,25,,მალხაზ,აბაშიძე,მალხაზ აბაშიძე,,,adg_2025_candidates_unified.xlsx
local_2025,__main__,pr,gd,ქართული ოცნება,41,59,ქუთაისი,26,,ნინო,ტყეშელაშვილი,ნინო ტყეშელაშვილი,,,adg_2025_candidates_unified.xlsx
local_2025,__main__,pr,gd,ქართული ოცნება,41,59,ქუთაისი,27,,ბადრი,მატკავა,ბადრი მატკავა,,,adg_2025_candidates_unified.xlsx
local_2025,__main__,pr,gd,ქართული ოცნება,41,59,ქუთაისი,28,,რობერტ,ბუღაძე,რობერტ ბუღაძე,,,adg_2025_candidates_unified.xlsx
local_2025,__main__,pr,gd,ქართული ოცნება,41,59,ქუთაისი,29,,სერგო,კუპატაძე,სერგო კუპატაძე,,,adg_2025_candidates_unified.xlsx
local_2025,__main__,pr,gd,ქართული ოცნება,41,59,ქუთაისი,30,,აკაკი,გიორგაძე,აკაკი გიორგაძე,,,adg_2025_candidates_unified.xlsx
local_2025,__main__,pr,gd,ქართული ოცნება,41,59,ქუთაისი,31,,ნიკა,დვალი,ნიკა დვალი,,,adg_2025_candidates_unified.xlsx
local_2025,__main__,pr,gd,ქართული ოცნება,41,59,ქუთაისი,32,,გაბრიელ,ფოლკენშტერნი,გაბრიელ ფოლკენშტერნი,,,adg_2025_candidates_unified.xlsx
local_2025,__main__,pr,gd,ქართული ოცნება,41,59,ქუთაისი,33,,სოფიო,თვალიაშვილი,სოფიო თვალიაშვილი,,,adg_2025_candidates_unified.xlsx
local_2025,__main__,pr,gd,ქართული ოცნება,41,59,ქუთაისი,34,,თამარი,თოდუა,თამარი თოდუა,,,adg_2025_candidates_unified.xlsx
local_2025,__main__,pr,gd,ქართული ოცნება,41,59,ქუთაისი,35,,ლილე,ხურციძე,ლილე ხურციძე,,,adg_2025_candidates_unified.xlsx
local_2025,__main__,pr,gd,ქართული ოცნება,41,59,ქუთაისი,36,,დავით,წიტაიშვილი,დავით წიტაიშვილი,,,adg_2025_candidates_unified.xlsx
local_2025,__main__,pr,gd,ქართული ოცნება,41,59,ქუთაისი,37,,ირაკლი,გიორგაძე,ირაკლი გიორგაძე,,,adg_2025_candidates_unified.xlsx
local_2025,__main__,pr,gd,ქართული ოცნება,41,59,ქუთაისი,38,,ვლასი,გარდაფხაძე,ვლასი გარდაფხაძე,,,adg_2025_candidates_unified.xlsx
local_2025,__main__,pr,gd,ქართული ოცნება,41,59,ქუთაისი,39,,ლევან,კინწურაშვილი,ლევან კინწურაშვილი,,,adg_2025_candidates_unified.xlsx
local_2025,__main__,pr,conservatives_geo,„კონსერვატორები საქართველოსთვის“,3,60,ოზურგეთი,1,,მზია,ბაკურაძე,მზია ბაკურაძე,,,adg_2025_candidates_unified.xlsx
local_2025,__main__,pr,conservatives_geo,„კონსერვატორები საქართველოსთვის“,3,60,ოზურგეთი,2,,თემურ,ლომთაძე,თემურ ლომთაძე,,,adg_2025_candidates_unified.xlsx
local_2025,__main__,pr,conservatives_geo,„კონსერვატორები საქართველოსთვის“,3,60,ოზურგეთი,3,,დიმიტრი,ვაშალომიძე,დიმიტრი ვაშალომიძე,,,adg_2025_candidates_unified.xlsx
local_2025,__main__,pr,conservatives_geo,„კონსერვატორები საქართველოსთვის“,3,60,ოზურგეთი,4,,ბაქარ,დოლიძე,ბაქარ დოლიძე,,,adg_2025_candidates_unified.xlsx
local_2025,__main__,pr,conservatives_geo,„კონსერვატორები საქართველოსთვის“,3,60,ოზურგეთი,5,,მაია,ქადიეშვილი,მაია ქადიეშვილი,,,adg_2025_candidates_unified.xlsx
local_2025,__main__,pr,conservatives_geo,„კონსერვატორები საქართველოსთვის“,3,60,ოზურგეთი,6,,ზაზა,ხომერიკი,ზაზა ხომერიკი,,,adg_2025_candidates_unified.xlsx
local_2025,__main__,pr,conservatives_geo,„კონსერვატორები საქართველოსთვის“,3,60,ოზურგეთი,7,,გოჩა,ვაშალომიძე,გოჩა ვაშალომიძე,,,adg_2025_candidates_unified.xlsx
local_2025,__main__,pr,conservatives_geo,„კონსერვატორები საქართველოსთვის“,3,60,ოზურგეთი,8,,ემზარ,დოლიძე,ემზარ დოლიძე,,,adg_2025_candidates_unified.xlsx
local_2025,__main__,pr,conservatives_geo,„კონსერვატორები საქართველოსთვის“,3,60,ოზურგეთი,9,,გრიგოლ,იობიშვილი,გრიგოლ იობიშვილი,,,adg_2025_candidates_unified.xlsx
local_2025,__main__,pr,conservatives_geo,„კონსერვატორები საქართველოსთვის“,3,60,ოზურგეთი,10,,ნონა,ჯიშკიდონი,ნონა ჯიშკიდონი,,,adg_2025_candidates_unified.xlsx
local_2025,__main__,pr,conservatives_geo,„კონსერვატორები საქართველოსთვის“,3,60,ოზურგეთი,12,,გოჩა,თოხაძე,გოჩა თოხაძე,,,adg_2025_candidates_unified.xlsx
local_2025,__main__,pr,patriots,„საქართველოს პატრიოტთა ალიანსი“,8,60,ოზურგეთი,1,,მინდია,კეჭაყმაძე,მინდია კეჭაყმაძე,,,adg_2025_candidates_unified.xlsx
local_2025,__main__,pr,patriots,„საქართველოს პატრიოტთა ალიანსი“,8,60,ოზურგეთი,2,,კახაბერ,გულბანი,კახაბერ გულბანი,,,adg_2025_candidates_unified.xlsx
local_2025,__main__,pr,patriots,„საქართველოს პატრიოტთა ალიანსი“,8,60,ოზურგეთი,3,,ფიქრია,ბარამიძე,ფიქრია ბარამიძე,,,adg_2025_candidates_unified.xlsx
local_2025,__main__,pr,patriots,„საქართველოს პატრიოტთა ალიანსი“,8,60,ოზურგეთი,4,,ლია,ზაქარიაძე,ლია ზაქარიაძე,,,adg_2025_candidates_unified.xlsx
local_2025,__main__,pr,patriots,„საქართველოს პატრიოტთა ალიანსი“,8,60,ოზურგეთი,5,,შალვა,ვასაძე,შალვა ვასაძე,,,adg_2025_candidates_unified.xlsx
local_2025,__main__,pr,patriots,„საქართველოს პატრიოტთა ალიანსი“,8,60,ოზურგეთი,6,,მიხეილ,ბაჯელიძე,მიხეილ ბაჯელიძე,,,adg_2025_candidates_unified.xlsx
local_2025,__main__,pr,strong_georgia,ძლიერი საქართველო-ლელო,9,60,ოზურგეთი,1,,ლავრენტი,ქვილორია,ლავრენტი ქვილორია,,,adg_2025_candidates_unified.xlsx
local_2025,__main__,pr,strong_georgia,ძლიერი საქართველო-ლელო,9,60,ოზურგეთი,2,,გიორგი,ბოლქვაძე,გიორგი ბოლქვაძე,,,adg_2025_candidates_unified.xlsx
local_2025,__main__,pr,strong_georgia,ძლიერი საქართველო-ლელო,9,60,ოზურგეთი,3,,კახაბერი,სურგულაძე,კახაბერი სურგულაძე,,,adg_2025_candidates_unified.xlsx
local_2025,__main__,pr,strong_georgia,ძლიერი საქართველო-ლელო,9,60,ოზურგეთი,4,,შაქრო,მითაიშვილი,შაქრო მითაიშვილი,,,adg_2025_candidates_unified.xlsx
local_2025,__main__,pr,strong_georgia,ძლიერი საქართველო-ლელო,9,60,ოზურგეთი,5,,ლევანი,შაფაქიძე,ლევანი შაფაქიძე,,,adg_2025_candidates_unified.xlsx
local_2025,__main__,pr,strong_georgia,ძლიერი საქართველო-ლელო,9,60,ოზურგეთი,6,,თამარი,კიღურაძე,თამარი კიღურაძე,,,adg_2025_candidates_unified.xlsx
local_2025,__main__,pr,strong_georgia,ძლიერი საქართველო-ლელო,9,60,ოზურგეთი,7,,გიზო,გრძელიძე,გიზო გრძელიძე,,,adg_2025_candidates_unified.xlsx
local_2025,__main__,pr,strong_georgia,ძლიერი საქართველო-ლელო,9,60,ოზურგეთი,8,,დავით,ვასაძე,დავით ვასაძე,,,adg_2025_candidates_unified.xlsx
local_2025,__main__,pr,strong_georgia,ძლიერი საქართველო-ლელო,9,60,ოზურგეთი,9,,თეონა,შათირიშვილი,თეონა შათირიშვილი,,,adg_2025_candidates_unified.xlsx
local_2025,__main__,pr,strong_georgia,ძლიერი საქართველო-ლელო,9,60,ოზურგეთი,10,,რამაზი,ვაშაყმაძე,რამაზი ვაშაყმაძე,,,adg_2025_candidates_unified.xlsx
local_2025,__main__,pr,strong_georgia,ძლიერი საქართველო-ლელო,9,60,ოზურგეთი,11,,ნათია,ქიშმარია,ნათია ქიშმარია,,,adg_2025_candidates_unified.xlsx
local_2025,__main__,pr,gakharia,„გახარია საქართველოსთვის“,25,60,ოზურგეთი,1,,გიორგი,სირაძე,გიორგი სირაძე,,,adg_2025_candidates_unified.xlsx
local_2025,__main__,pr,gakharia,„გახარია საქართველოსთვის“,25,60,ოზურგეთი,2,,ალეკო,ბურჭულაძე,ალეკო ბურჭულაძე,,,adg_2025_candidates_unified.xlsx
local_2025,__main__,pr,gakharia,„გახარია საქართველოსთვის“,25,60,ოზურგეთი,3,,სოფიკო,ქარცივაძე,სოფიკო ქარცივაძე,,,adg_2025_candidates_unified.xlsx
local_2025,__main__,pr,gakharia,„გახარია საქართველოსთვის“,25,60,ოზურგეთი,4,,პეტრე,სალუქვაძე,პეტრე სალუქვაძე,,,adg_2025_candidates_unified.xlsx
local_2025,__main__,pr,gakharia,„გახარია საქართველოსთვის“,25,60,ოზურგეთი,5,,მაია,ზოიძე,მაია ზოიძე,,,adg_2025_candidates_unified.xlsx
local_2025,__main__,pr,gakharia,„გახარია საქართველოსთვის“,25,60,ოზურგეთი,6,,ალექსანდრე,ხომერიკი,ალექსანდრე ხომერიკი,,,adg_2025_candidates_unified.xlsx
local_2025,__main__,pr,gakharia,„გახარია საქართველოსთვის“,25,60,ოზურგეთი,7,,ვახტანგ,მეფარიშვილი,ვახტანგ მეფარიშვილი,,,adg_2025_candidates_unified.xlsx
local_2025,__main__,pr,gakharia,„გახარია საქართველოსთვის“,25,60,ოზურგეთი,8,,თეა,ივანიაძე,თეა ივანიაძე,,,adg_2025_candidates_unified.xlsx
local_2025,__main__,pr,gakharia,„გახარია საქართველოსთვის“,25,60,ოზურგეთი,9,,მაია,ჟღენტი,მაია ჟღენტი,,,adg_2025_candidates_unified.xlsx
local_2025,__main__,pr,gakharia,„გახარია საქართველოსთვის“,25,60,ოზურგეთი,10,,მარიამი,ჩხაიძე,მარიამი ჩხაიძე,,,adg_2025_candidates_unified.xlsx
local_2025,__main__,pr,gakharia,„გახარია საქართველოსთვის“,25,60,ოზურგეთი,11,,მაკა,ურუშაძე,მაკა ურუშაძე,,,adg_2025_candidates_unified.xlsx
local_2025,__main__,pr,gakharia,„გახარია საქართველოსთვის“,25,60,ოზურგეთი,12,,ანა,მაღულარია,ანა მაღულარია,,,adg_2025_candidates_unified.xlsx
local_2025,__main__,pr,gakharia,„გახარია საქართველოსთვის“,25,60,ოზურგეთი,14,,ნაირა,ლომაძე,ნაირა ლომაძე,,,adg_2025_candidates_unified.xlsx
local_2025,__main__,pr,gakharia,„გახარია საქართველოსთვის“,25,60,ოზურგეთი,15,,იასონ,ტრაპაიძე,იასონ ტრაპაიძე,,,adg_2025_candidates_unified.xlsx
local_2025,__main__,pr,gd,ქართული ოცნება,41,60,ოზურგეთი,1,,დავით,დარჩია,დავით დარჩია,,,adg_2025_candidates_unified.xlsx
local_2025,__main__,pr,gd,ქართული ოცნება,41,60,ოზურგეთი,2,,კახაბერ,კვაჭაძე,კახაბერ კვაჭაძე,,,adg_2025_candidates_unified.xlsx
local_2025,__main__,pr,gd,ქართული ოცნება,41,60,ოზურგეთი,3,,ქეთევან,ვასაძე,ქეთევან ვასაძე,,,adg_2025_candidates_unified.xlsx
local_2025,__main__,pr,gd,ქართული ოცნება,41,60,ოზურგეთი,4,,ია,დობორჯგინიძე,ია დობორჯგინიძე,,,adg_2025_candidates_unified.xlsx
local_2025,__main__,pr,gd,ქართული ოცნება,41,60,ოზურგეთი,5,,თამარი,ბადალაშვილი,თამარი ბადალაშვილი,,,adg_2025_candidates_unified.xlsx
local_2025,__main__,pr,gd,ქართული ოცნება,41,60,ოზურგეთი,6,,ზაზა,სურგულაძე,ზაზა სურგულაძე,,,adg_2025_candidates_unified.xlsx
local_2025,__main__,pr,gd,ქართული ოცნება,41,60,ოზურგეთი,7,,ნათია,გოლიაძე,ნათია გოლიაძე,,,adg_2025_candidates_unified.xlsx
local_2025,__main__,pr,gd,ქართული ოცნება,41,60,ოზურგეთი,8,,ქეთევან,ხომერიკი,ქეთევან ხომერიკი,,,adg_2025_candidates_unified.xlsx
local_2025,__main__,pr,gd,ქართული ოცნება,41,60,ოზურგეთი,9,,ნინო,ჭანიშვილი,ნინო ჭანიშვილი,,,adg_2025_candidates_unified.xlsx
local_2025,__main__,pr,gd,ქართული ოცნება,41,60,ოზურგეთი,10,,თეა,ქავთარია,თეა ქავთარია,,,adg_2025_candidates_unified.xlsx
local_2025,__main__,pr,gd,ქართული ოცნება,41,60,ოზურგეთი,11,,ვლადიმერ,ხავთასი,ვლადიმერ ხავთასი,,,adg_2025_candidates_unified.xlsx
local_2025,__main__,pr,gd,ქართული ოცნება,41,60,ოზურგეთი,12,,ხათუნა,ცერცვაძე,ხათუნა ცერცვაძე,,,adg_2025_candidates_unified.xlsx
local_2025,__main__,pr,gd,ქართული ოცნება,41,60,ოზურგეთი,13,,ნუგზარ,ურუშაძე,ნუგზარ ურუშაძე,,,adg_2025_candidates_unified.xlsx
local_2025,__main__,pr,gd,ქართული ოცნება,41,60,ოზურგეთი,14,,გურამ,გოლიაძე,გურამ გოლიაძე,,,adg_2025_candidates_unified.xlsx
local_2025,__main__,pr,gd,ქართული ოცნება,41,60,ოზურგეთი,15,,მარინა,ვაშალომიძე,მარინა ვაშალომიძე,,,adg_2025_candidates_unified.xlsx
local_2025,__main__,pr,gd,ქართული ოცნება,41,60,ოზურგეთი,16,,დავით,მდინარაძე,დავით მდინარაძე,,,adg_2025_candidates_unified.xlsx
local_2025,__main__,pr,gd,ქართული ოცნება,41,60,ოზურგეთი,17,,ნანა,ღაჟონია,ნანა ღაჟონია,,,adg_2025_candidates_unified.xlsx
local_2025,__main__,pr,gd,ქართული ოცნება,41,60,ოზურგეთი,18,,ბადრი,თავდუმაძე,ბადრი თავდუმაძე,,,adg_2025_candidates_unified.xlsx
local_2025,__main__,pr,gd,ქართული ოცნება,41,60,ოზურგეთი,19,,გიზო,გოგუაძე,გიზო გოგუაძე,,,adg_2025_candidates_unified.xlsx
local_2025,__main__,pr,gd,ქართული ოცნება,41,60,ოზურგეთი,20,,ვალერიან,ჩხაიძე,ვალერიან ჩხაიძე,,,adg_2025_candidates_unified.xlsx
local_2025,__main__,pr,gd,ქართული ოცნება,41,60,ოზურგეთი,21,,ვახტანგ,ნიჟარაძე,ვახტანგ ნიჟარაძე,,,adg_2025_candidates_unified.xlsx
local_2025,__main__,pr,gd,ქართული ოცნება,41,60,ოზურგეთი,22,,გაგა,ცხომელიძე,გაგა ცხომელიძე,,,adg_2025_candidates_unified.xlsx
local_2025,__main__,pr,gd,ქართული ოცნება,41,60,ოზურგეთი,23,,გია,ფასიეშვილი,გია ფასიეშვილი,,,adg_2025_candidates_unified.xlsx
local_2025,__main__,pr,gd,ქართული ოცნება,41,60,ოზურგეთი,24,,გოგიტა,ართმელაძე,გოგიტა ართმელაძე,,,adg_2025_candidates_unified.xlsx
local_2025,__main__,pr,gd,ქართული ოცნება,41,60,ოზურგეთი,25,,გრიგოლ,ჯიჯიეშვილი,გრიგოლ ჯიჯიეშვილი,,,adg_2025_candidates_unified.xlsx
local_2025,__main__,pr,gd,ქართული ოცნება,41,60,ოზურგეთი,26,,ლაშა,გოგოტიშვილი,ლაშა გოგოტიშვილი,,,adg_2025_candidates_unified.xlsx
local_2025,__main__,pr,gd,ქართული ოცნება,41,60,ოზურგეთი,27,,პავლე,მესხიშვილი,პავლე მესხიშვილი,,,adg_2025_candidates_unified.xlsx
local_2025,__main__,pr,gd,ქართული ოცნება,41,60,ოზურგეთი,28,,გიორგი,ბაბილოძე,გიორგი ბაბილოძე,,,adg_2025_candidates_unified.xlsx
local_2025,__main__,pr,gd,ქართული ოცნება,41,60,ოზურგეთი,29,,ნანა,წითლიძე,ნანა წითლიძე,,,adg_2025_candidates_unified.xlsx
local_2025,__main__,pr,gd,ქართული ოცნება,41,60,ოზურგეთი,30,,ზვიადი,მიქელაძე,ზვიადი მიქელაძე,,,adg_2025_candidates_unified.xlsx
local_2025,__main__,pr,conservatives_geo,„კონსერვატორები საქართველოსთვის“,3,61,ლანჩხუთი,1,,გია,გოთუა,გია გოთუა,,,adg_2025_candidates_unified.xlsx
local_2025,__main__,pr,conservatives_geo,„კონსერვატორები საქართველოსთვის“,3,61,ლანჩხუთი,2,,დავით,ურუშაძე,დავით ურუშაძე,,,adg_2025_candidates_unified.xlsx
local_2025,__main__,pr,conservatives_geo,„კონსერვატორები საქართველოსთვის“,3,61,ლანჩხუთი,3,,ემზარ,გოგუაძე,ემზარ გოგუაძე,,,adg_2025_candidates_unified.xlsx
local_2025,__main__,pr,conservatives_geo,„კონსერვატორები საქართველოსთვის“,3,61,ლანჩხუთი,4,,დათო,ხოფერია,დათო ხოფერია,,,adg_2025_candidates_unified.xlsx
local_2025,__main__,pr,conservatives_geo,„კონსერვატორები საქართველოსთვის“,3,61,ლანჩხუთი,5,,ოთარ,იმნაძე,ოთარ იმნაძე,,,adg_2025_candidates_unified.xlsx
local_2025,__main__,pr,conservatives_geo,„კონსერვატორები საქართველოსთვის“,3,61,ლანჩხუთი,6,,დავით,როყვა,დავით როყვა,,,adg_2025_candidates_unified.xlsx
local_2025,__main__,pr,conservatives_geo,„კონსერვატორები საქართველოსთვის“,3,61,ლანჩხუთი,7,,ბესიკ,მორჩილაძე,ბესიკ მორჩილაძე,,,adg_2025_candidates_unified.xlsx
local_2025,__main__,pr,strong_georgia,ძლიერი საქართველო-ლელო,9,61,ლანჩხუთი,1,,გოჩა,ჯანაშია,გოჩა ჯანაშია,,,adg_2025_candidates_unified.xlsx
local_2025,__main__,pr,strong_georgia,ძლიერი საქართველო-ლელო,9,61,ლანჩხუთი,2,,ელდარ,ბენდელიანი,ელდარ ბენდელიანი,,,adg_2025_candidates_unified.xlsx
local_2025,__main__,pr,strong_georgia,ძლიერი საქართველო-ლელო,9,61,ლანჩხუთი,3,,დავით,ზოიძე,დავით ზოიძე,,,adg_2025_candidates_unified.xlsx
local_2025,__main__,pr,strong_georgia,ძლიერი საქართველო-ლელო,9,61,ლანჩხუთი,4,,ნანა,ლომინაიშვილი,ნანა ლომინაიშვილი,,,adg_2025_candidates_unified.xlsx
local_2025,__main__,pr,strong_georgia,ძლიერი საქართველო-ლელო,9,61,ლანჩხუთი,5,,ფრიდონი,ფუტკარაძე,ფრიდონი ფუტკარაძე,,,adg_2025_candidates_unified.xlsx
local_2025,__main__,pr,strong_georgia,ძლიერი საქართველო-ლელო,9,61,ლანჩხუთი,6,,იოსებ,ქურიძე,იოსებ ქურიძე,,,adg_2025_candidates_unified.xlsx
local_2025,__main__,pr,strong_georgia,ძლიერი საქართველო-ლელო,9,61,ლანჩხუთი,7,,სოფიკო,წილოსანი,სოფიკო წილოსანი,,,adg_2025_candidates_unified.xlsx
local_2025,__main__,pr,strong_georgia,ძლიერი საქართველო-ლელო,9,61,ლანჩხუთი,8,,ამირან,გიგინეიშვილი,ამირან გიგინეიშვილი,,,adg_2025_candidates_unified.xlsx
local_2025,__main__,pr,strong_georgia,ძლიერი საქართველო-ლელო,9,61,ლანჩხუთი,9,,ალექსანდრე,ჩხაიძე,ალექსანდრე ჩხაიძე,,,adg_2025_candidates_unified.xlsx
local_2025,__main__,pr,strong_georgia,ძლიერი საქართველო-ლელო,9,61,ლანჩხუთი,10,,ტიტე,კუპრაძე,ტიტე კუპრაძე,,,adg_2025_candidates_unified.xlsx
local_2025,__main__,pr,gakharia,„გახარია საქართველოსთვის“,25,61,ლანჩხუთი,1,,ჯუმბერ,ბლაგიძე,ჯუმბერ ბლაგიძე,,,adg_2025_candidates_unified.xlsx
local_2025,__main__,pr,gakharia,„გახარია საქართველოსთვის“,25,61,ლანჩხუთი,2,,მაკა,მშვიდობაძე,მაკა მშვიდობაძე,,,adg_2025_candidates_unified.xlsx
local_2025,__main__,pr,gakharia,„გახარია საქართველოსთვის“,25,61,ლანჩხუთი,3,,გივი,იმნაიშვილი,გივი იმნაიშვილი,,,adg_2025_candidates_unified.xlsx
local_2025,__main__,pr,gakharia,„გახარია საქართველოსთვის“,25,61,ლანჩხუთი,4,,ვალიკო,მგელაძე,ვალიკო მგელაძე,,,adg_2025_candidates_unified.xlsx
local_2025,__main__,pr,gakharia,„გახარია საქართველოსთვის“,25,61,ლანჩხუთი,5,,შალვა,ჩხაიძე,შალვა ჩხაიძე,,,adg_2025_candidates_unified.xlsx
local_2025,__main__,pr,gakharia,„გახარია საქართველოსთვის“,25,61,ლანჩხუთი,6,,ნინო,პატარაია,ნინო პატარაია,,,adg_2025_candidates_unified.xlsx
local_2025,__main__,pr,gakharia,„გახარია საქართველოსთვის“,25,61,ლანჩხუთი,8,,ჯუნა,ჩხაიძე,ჯუნა ჩხაიძე,,,adg_2025_candidates_unified.xlsx
local_2025,__main__,pr,gakharia,„გახარია საქართველოსთვის“,25,61,ლანჩხუთი,9,,მიხეილ,ჩხაიძე,მიხეილ ჩხაიძე,,,adg_2025_candidates_unified.xlsx
local_2025,__main__,pr,gakharia,„გახარია საქართველოსთვის“,25,61,ლანჩხუთი,10,,თამილა,ებრალიძე,თამილა ებრალიძე,,,adg_2025_candidates_unified.xlsx
local_2025,__main__,pr,gakharia,„გახარია საქართველოსთვის“,25,61,ლანჩხუთი,11,,შოთა,მაღულარია,შოთა მაღულარია,,,adg_2025_candidates_unified.xlsx
local_2025,__main__,pr,gakharia,„გახარია საქართველოსთვის“,25,61,ლანჩხუთი,13,,ნუგზარ,მაღულარია,ნუგზარ მაღულარია,,,adg_2025_candidates_unified.xlsx
local_2025,__main__,pr,gakharia,„გახარია საქართველოსთვის“,25,61,ლანჩხუთი,14,,თეიმურაზ,ჩხაიძე,თეიმურაზ ჩხაიძე,,,adg_2025_candidates_unified.xlsx
local_2025,__main__,pr,gakharia,„გახარია საქართველოსთვის“,25,61,ლანჩხუთი,15,,მერაბი,ორაგველიძე,მერაბი ორაგველიძე,,,adg_2025_candidates_unified.xlsx
local_2025,__main__,pr,gakharia,„გახარია საქართველოსთვის“,25,61,ლანჩხუთი,16,,თენგიზ,ჩხაიძე,თენგიზ ჩხაიძე,,,adg_2025_candidates_unified.xlsx
local_2025,__main__,pr,girchi,გირჩი,36,61,ლანჩხუთი,1,,თორნიკე,მითაიშვილი,თორნიკე მითაიშვილი,,,adg_2025_candidates_unified.xlsx
local_2025,__main__,pr,girchi,გირჩი,36,61,ლანჩხუთი,2,,კახა,ურუშაძე,კახა ურუშაძე,,,adg_2025_candidates_unified.xlsx
local_2025,__main__,pr,girchi,გირჩი,36,61,ლანჩხუთი,3,,ლაშა,ხელაძე,ლაშა ხელაძე,,,adg_2025_candidates_unified.xlsx
local_2025,__main__,pr,girchi,გირჩი,36,61,ლანჩხუთი,4,,ანა,ჩაფრავა,ანა ჩაფრავა,,,adg_2025_candidates_unified.xlsx
local_2025,__main__,pr,girchi,გირჩი,36,61,ლანჩხუთი,5,,ბორის,ხარაიშვილი,ბორის ხარაიშვილი,,,adg_2025_candidates_unified.xlsx
local_2025,__main__,pr,girchi,გირჩი,36,61,ლანჩხუთი,6,,ნინი,ჩხარტიშვილი,ნინი ჩხარტიშვილი,,,adg_2025_candidates_unified.xlsx
local_2025,__main__,pr,girchi,გირჩი,36,61,ლანჩხუთი,7,,ანა,ჩიქოვანი,ანა ჩიქოვანი,,,adg_2025_candidates_unified.xlsx
local_2025,__main__,pr,girchi,გირჩი,36,61,ლანჩხუთი,8,,გიორგი,ბაქანიძე,გიორგი ბაქანიძე,,,adg_2025_candidates_unified.xlsx
local_2025,__main__,pr,girchi,გირჩი,36,61,ლანჩხუთი,9,,გურამ,ზოიძე,გურამ ზოიძე,,,adg_2025_candidates_unified.xlsx
local_2025,__main__,pr,girchi,გირჩი,36,61,ლანჩხუთი,10,,მარიამ,ვარდიაშვილი,მარიამ ვარდიაშვილი,,,adg_2025_candidates_unified.xlsx
local_2025,__main__,pr,gd,ქართული ოცნება,41,61,ლანჩხუთი,1,,რევაზ,კვერენჩხილაძე,რევაზ კვერენჩხილაძე,,,adg_2025_candidates_unified.xlsx
local_2025,__main__,pr,gd,ქართული ოცნება,41,61,ლანჩხუთი,2,,ვერიკო,კვირკველია,ვერიკო კვირკველია,,,adg_2025_candidates_unified.xlsx
local_2025,__main__,pr,gd,ქართული ოცნება,41,61,ლანჩხუთი,3,,კარლო,წილოსანი,კარლო წილოსანი,,,adg_2025_candidates_unified.xlsx
local_2025,__main__,pr,gd,ქართული ოცნება,41,61,ლანჩხუთი,4,,გიორგი,ხელაძე,გიორგი ხელაძე,,,adg_2025_candidates_unified.xlsx
local_2025,__main__,pr,gd,ქართული ოცნება,41,61,ლანჩხუთი,5,,თენგიზ,ხუხუნაიშვილი,თენგიზ ხუხუნაიშვილი,,,adg_2025_candidates_unified.xlsx
local_2025,__main__,pr,gd,ქართული ოცნება,41,61,ლანჩხუთი,6,,ლოლიტა,ურუშაძე,ლოლიტა ურუშაძე,,,adg_2025_candidates_unified.xlsx
local_2025,__main__,pr,gd,ქართული ოცნება,41,61,ლანჩხუთი,7,,ნინო,მშვიდობაძე,ნინო მშვიდობაძე,,,adg_2025_candidates_unified.xlsx
local_2025,__main__,pr,gd,ქართული ოცნება,41,61,ლანჩხუთი,8,,დარეჯან,ბურჭულაძე,დარეჯან ბურჭულაძე,,,adg_2025_candidates_unified.xlsx
local_2025,__main__,pr,gd,ქართული ოცნება,41,61,ლანჩხუთი,9,,გოგი,მორჩილაძე,გოგი მორჩილაძე,,,adg_2025_candidates_unified.xlsx
local_2025,__main__,pr,gd,ქართული ოცნება,41,61,ლანჩხუთი,10,,სპარტაკ,კვაჭაძე,სპარტაკ კვაჭაძე,,,adg_2025_candidates_unified.xlsx
local_2025,__main__,pr,gd,ქართული ოცნება,41,61,ლანჩხუთი,11,,ვლადიმერ,ნანაძე,ვლადიმერ ნანაძე,,,adg_2025_candidates_unified.xlsx
local_2025,__main__,pr,gd,ქართული ოცნება,41,61,ლანჩხუთი,12,,ირაკლი,ცინცაძე,ირაკლი ცინცაძე,,,adg_2025_candidates_unified.xlsx
local_2025,__main__,pr,gd,ქართული ოცნება,41,61,ლანჩხუთი,13,,ნინო,ნინიძე,ნინო ნინიძე,,,adg_2025_candidates_unified.xlsx
local_2025,__main__,pr,gd,ქართული ოცნება,41,61,ლანჩხუთი,14,,ნანა,ბერია,ნანა ბერია,,,adg_2025_candidates_unified.xlsx
local_2025,__main__,pr,gd,ქართული ოცნება,41,61,ლანჩხუთი,15,,ნიკა,ფაცურია,ნიკა ფაცურია,,,adg_2025_candidates_unified.xlsx
local_2025,__main__,pr,gd,ქართული ოცნება,41,61,ლანჩხუთი,16,,ბაქარ,ფირცხალაიშვილი,ბაქარ ფირცხალაიშვილი,,,adg_2025_candidates_unified.xlsx
local_2025,__main__,pr,gd,ქართული ოცნება,41,61,ლანჩხუთი,17,,ლია,გასიტაშვილი,ლია გასიტაშვილი,,,adg_2025_candidates_unified.xlsx
local_2025,__main__,pr,gd,ქართული ოცნება,41,61,ლანჩხუთი,18,,ჟულიეტა,წიქორიძე,ჟულიეტა წიქორიძე,,,adg_2025_candidates_unified.xlsx
local_2025,__main__,pr,gd,ქართული ოცნება,41,61,ლანჩხუთი,19,,გიორგი,გვიბირიძე,გიორგი გვიბირიძე,,,adg_2025_candidates_unified.xlsx
local_2025,__main__,pr,gd,ქართული ოცნება,41,61,ლანჩხუთი,20,,ინგა,ეზუგბაია,ინგა ეზუგბაია,,,adg_2025_candidates_unified.xlsx
local_2025,__main__,pr,gd,ქართული ოცნება,41,61,ლანჩხუთი,21,,ხათუნა,ჩხაიძე,ხათუნა ჩხაიძე,,,adg_2025_candidates_unified.xlsx
local_2025,__main__,pr,gd,ქართული ოცნება,41,61,ლანჩხუთი,22,,ბადრი,ჭანტურიშვილი,ბადრი ჭანტურიშვილი,,,adg_2025_candidates_unified.xlsx
local_2025,__main__,pr,gd,ქართული ოცნება,41,61,ლანჩხუთი,23,,ვახტანგ,წილოსანი,ვახტანგ წილოსანი,,,adg_2025_candidates_unified.xlsx
local_2025,__main__,pr,gd,ქართული ოცნება,41,61,ლანჩხუთი,24,,დავით,კუპატაძე,დავით კუპატაძე,,,adg_2025_candidates_unified.xlsx
local_2025,__main__,pr,gd,ქართული ოცნება,41,61,ლანჩხუთი,25,,ხათუნა,ხუხუნაიშვილი,ხათუნა ხუხუნაიშვილი,,,adg_2025_candidates_unified.xlsx
local_2025,__main__,pr,gd,ქართული ოცნება,41,61,ლანჩხუთი,26,,ირა,ღლონტი,ირა ღლონტი,,,adg_2025_candidates_unified.xlsx
local_2025,__main__,pr,gd,ქართული ოცნება,41,61,ლანჩხუთი,27,,მზია,გაბუნია,მზია გაბუნია,,,adg_2025_candidates_unified.xlsx
local_2025,__main__,pr,gd,ქართული ოცნება,41,61,ლანჩხუთი,28,,გიორგი,ბერიშვილი,გიორგი ბერიშვილი,,,adg_2025_candidates_unified.xlsx
local_2025,__main__,pr,gd,ქართული ოცნება,41,61,ლანჩხუთი,29,,გელა,თავართქილაძე,გელა თავართქილაძე,,,adg_2025_candidates_unified.xlsx
local_2025,__main__,pr,gd,ქართული ოცნება,41,61,ლანჩხუთი,30,,რევაზ,კონცელიძე,რევაზ კონცელიძე,,,adg_2025_candidates_unified.xlsx
local_2025,__main__,pr,mamuli_ena,"„მამული, ენა, სარწმუნოება“",1,62,ჩოხატაური,1,,ნინო,რამიშვილი,ნინო რამიშვილი,,,adg_2025_candidates_unified.xlsx
local_2025,__main__,pr,mamuli_ena,"„მამული, ენა, სარწმუნოება“",1,62,ჩოხატაური,2,,თამარ,მელქაძე,თამარ მელქაძე,,,adg_2025_candidates_unified.xlsx
local_2025,__main__,pr,mamuli_ena,"„მამული, ენა, სარწმუნოება“",1,62,ჩოხატაური,3,,ავთანდილ,ლომთათიძე,ავთანდილ ლომთათიძე,,,adg_2025_candidates_unified.xlsx
local_2025,__main__,pr,mamuli_ena,"„მამული, ენა, სარწმუნოება“",1,62,ჩოხატაური,4,,ნინო,ლომთათიძე,ნინო ლომთათიძე,,,adg_2025_candidates_unified.xlsx
local_2025,__main__,pr,mamuli_ena,"„მამული, ენა, სარწმუნოება“",1,62,ჩოხატაური,5,,რუსუდან,ზაქარაია,რუსუდან ზაქარაია,,,adg_2025_candidates_unified.xlsx
local_2025,__main__,pr,mamuli_ena,"„მამული, ენა, სარწმუნოება“",1,62,ჩოხატაური,6,,გიგა,ლომთათიძე,გიგა ლომთათიძე,,,adg_2025_candidates_unified.xlsx
local_2025,__main__,pr,mamuli_ena,"„მამული, ენა, სარწმუნოება“",1,62,ჩოხატაური,7,,ირაკლი,უნგიაძე,ირაკლი უნგიაძე,,,adg_2025_candidates_unified.xlsx
local_2025,__main__,pr,conservatives_geo,„კონსერვატორები საქართველოსთვის“,3,62,ჩოხატაური,1,,რომანოზ,გოგიბერიძე,რომანოზ გოგიბერიძე,,,adg_2025_candidates_unified.xlsx
local_2025,__main__,pr,conservatives_geo,„კონსერვატორები საქართველოსთვის“,3,62,ჩოხატაური,2,,ამირან,თოხაძე,ამირან თოხაძე,,,adg_2025_candidates_unified.xlsx
local_2025,__main__,pr,conservatives_geo,„კონსერვატორები საქართველოსთვის“,3,62,ჩოხატაური,3,,საბა,დოლიძე,საბა დოლიძე,,,adg_2025_candidates_unified.xlsx
local_2025,__main__,pr,conservatives_geo,„კონსერვატორები საქართველოსთვის“,3,62,ჩოხატაური,4,,სოსო,თოხაძე,სოსო თოხაძე,,,adg_2025_candidates_unified.xlsx
local_2025,__main__,pr,conservatives_geo,„კონსერვატორები საქართველოსთვის“,3,62,ჩოხატაური,5,,გივი,ანთიძე,გივი ანთიძე,,,adg_2025_candidates_unified.xlsx
local_2025,__main__,pr,conservatives_geo,„კონსერვატორები საქართველოსთვის“,3,62,ჩოხატაური,6,,დემური,თელია,დემური თელია,,,adg_2025_candidates_unified.xlsx
local_2025,__main__,pr,conservatives_geo,„კონსერვატორები საქართველოსთვის“,3,62,ჩოხატაური,7,,რეზო,კოტრიკაძე,რეზო კოტრიკაძე,,,adg_2025_candidates_unified.xlsx
local_2025,__main__,pr,patriots,„საქართველოს პატრიოტთა ალიანსი“,8,62,ჩოხატაური,1,,ავთანდილ,ტატანაშვილი,ავთანდილ ტატანაშვილი,,,adg_2025_candidates_unified.xlsx
local_2025,__main__,pr,patriots,„საქართველოს პატრიოტთა ალიანსი“,8,62,ჩოხატაური,2,,ირაკლი,კალანდაძე,ირაკლი კალანდაძე,,,adg_2025_candidates_unified.xlsx
local_2025,__main__,pr,patriots,„საქართველოს პატრიოტთა ალიანსი“,8,62,ჩოხატაური,3,,თეიმურაზ,ლომთათიძე,თეიმურაზ ლომთათიძე,,,adg_2025_candidates_unified.xlsx
local_2025,__main__,pr,patriots,„საქართველოს პატრიოტთა ალიანსი“,8,62,ჩოხატაური,4,,მურად,ბერიძე,მურად ბერიძე,,,adg_2025_candidates_unified.xlsx
local_2025,__main__,pr,patriots,„საქართველოს პატრიოტთა ალიანსი“,8,62,ჩოხატაური,5,,ლევან,ხიბაია,ლევან ხიბაია,,,adg_2025_candidates_unified.xlsx
local_2025,__main__,pr,patriots,„საქართველოს პატრიოტთა ალიანსი“,8,62,ჩოხატაური,6,,ვარდო,არსოშვილი,ვარდო არსოშვილი,,,adg_2025_candidates_unified.xlsx
local_2025,__main__,pr,strong_georgia,ძლიერი საქართველო-ლელო,9,62,ჩოხატაური,1,,მამუკა,ცინცაძე,მამუკა ცინცაძე,,,adg_2025_candidates_unified.xlsx
local_2025,__main__,pr,strong_georgia,ძლიერი საქართველო-ლელო,9,62,ჩოხატაური,2,,მაია,რამიშვილი,მაია რამიშვილი,,,adg_2025_candidates_unified.xlsx
local_2025,__main__,pr,strong_georgia,ძლიერი საქართველო-ლელო,9,62,ჩოხატაური,3,,ქეთევან,რამიშვილი,ქეთევან რამიშვილი,,,adg_2025_candidates_unified.xlsx
local_2025,__main__,pr,strong_georgia,ძლიერი საქართველო-ლელო,9,62,ჩოხატაური,4,,სამსონ,ჯიბუტი,სამსონ ჯიბუტი,,,adg_2025_candidates_unified.xlsx
local_2025,__main__,pr,strong_georgia,ძლიერი საქართველო-ლელო,9,62,ჩოხატაური,5,,მარინა,დოლიძე,მარინა დოლიძე,,,adg_2025_candidates_unified.xlsx
local_2025,__main__,pr,strong_georgia,ძლიერი საქართველო-ლელო,9,62,ჩოხატაური,6,,მაია,ნინიძე,მაია ნინიძე,,,adg_2025_candidates_unified.xlsx
local_2025,__main__,pr,strong_georgia,ძლიერი საქართველო-ლელო,9,62,ჩოხატაური,7,,მერაბი,ანთაძე,მერაბი ანთაძე,,,adg_2025_candidates_unified.xlsx
local_2025,__main__,pr,strong_georgia,ძლიერი საქართველო-ლელო,9,62,ჩოხატაური,8,,ნუგზარი,ჭაღალიძე,ნუგზარი ჭაღალიძე,,,adg_2025_candidates_unified.xlsx
local_2025,__main__,pr,strong_georgia,ძლიერი საქართველო-ლელო,9,62,ჩოხატაური,9,,ქეთო,ტრაპაიძე,ქეთო ტრაპაიძე,,,adg_2025_candidates_unified.xlsx
local_2025,__main__,pr,strong_georgia,ძლიერი საქართველო-ლელო,9,62,ჩოხატაური,10,,მასიკო,გიორგაძე,მასიკო გიორგაძე,,,adg_2025_candidates_unified.xlsx
local_2025,__main__,pr,strong_georgia,ძლიერი საქართველო-ლელო,9,62,ჩოხატაური,11,,რომანი,ჯულაყიძე,რომანი ჯულაყიძე,,,adg_2025_candidates_unified.xlsx
local_2025,__main__,pr,strong_georgia,ძლიერი საქართველო-ლელო,9,62,ჩოხატაური,12,,კახა,გიორგაძე,კახა გიორგაძე,,,adg_2025_candidates_unified.xlsx
local_2025,__main__,pr,strong_georgia,ძლიერი საქართველო-ლელო,9,62,ჩოხატაური,13,,გიორგი,ირემაძე,გიორგი ირემაძე,,,adg_2025_candidates_unified.xlsx
local_2025,__main__,pr,strong_georgia,ძლიერი საქართველო-ლელო,9,62,ჩოხატაური,14,,გიორგი,რამიშვილი,გიორგი რამიშვილი,,,adg_2025_candidates_unified.xlsx
local_2025,__main__,pr,strong_georgia,ძლიერი საქართველო-ლელო,9,62,ჩოხატაური,15,,მზექალა,მგალობლიშვილი,მზექალა მგალობლიშვილი,,,adg_2025_candidates_unified.xlsx
local_2025,__main__,pr,strong_georgia,ძლიერი საქართველო-ლელო,9,62,ჩოხატაური,16,,სიმონ,ასიეშვილი,სიმონ ასიეშვილი,,,adg_2025_candidates_unified.xlsx
local_2025,__main__,pr,strong_georgia,ძლიერი საქართველო-ლელო,9,62,ჩოხატაური,17,,ვასილ,ცინცაძე,ვასილ ცინცაძე,,,adg_2025_candidates_unified.xlsx
local_2025,__main__,pr,gakharia,„გახარია საქართველოსთვის“,25,62,ჩოხატაური,1,,ლაშა,გიორგაძე,ლაშა გიორგაძე,,,adg_2025_candidates_unified.xlsx
local_2025,__main__,pr,gakharia,„გახარია საქართველოსთვის“,25,62,ჩოხატაური,2,,რომანი,კალანდაძე,რომანი კალანდაძე,,,adg_2025_candidates_unified.xlsx
local_2025,__main__,pr,gakharia,„გახარია საქართველოსთვის“,25,62,ჩოხატაური,3,,ლალი,წიქარიძე,ლალი წიქარიძე,,,adg_2025_candidates_unified.xlsx
local_2025,__main__,pr,gakharia,„გახარია საქართველოსთვის“,25,62,ჩოხატაური,5,,ომარი,ირემაძე,ომარი ირემაძე,,,adg_2025_candidates_unified.xlsx
local_2025,__main__,pr,gakharia,„გახარია საქართველოსთვის“,25,62,ჩოხატაური,6,,თემურ,ჭელიძე,თემურ ჭელიძე,,,adg_2025_candidates_unified.xlsx
local_2025,__main__,pr,gakharia,„გახარია საქართველოსთვის“,25,62,ჩოხატაური,8,,ერეკლე,ჭკუასელი,ერეკლე ჭკუასელი,,,adg_2025_candidates_unified.xlsx
local_2025,__main__,pr,gakharia,„გახარია საქართველოსთვის“,25,62,ჩოხატაური,9,,გიორგი,დოლიძე,გიორგი დოლიძე,,,adg_2025_candidates_unified.xlsx
local_2025,__main__,pr,gakharia,„გახარია საქართველოსთვის“,25,62,ჩოხატაური,10,,თამარ,გიორგაძე,თამარ გიორგაძე,,,adg_2025_candidates_unified.xlsx
local_2025,__main__,pr,gakharia,„გახარია საქართველოსთვის“,25,62,ჩოხატაური,11,,ქეთევანი,ქვათაძე,ქეთევანი ქვათაძე,,,adg_2025_candidates_unified.xlsx
local_2025,__main__,pr,gakharia,„გახარია საქართველოსთვის“,25,62,ჩოხატაური,12,,სერგო,კალანდაძე,სერგო კალანდაძე,,,adg_2025_candidates_unified.xlsx
local_2025,__main__,pr,gakharia,„გახარია საქართველოსთვის“,25,62,ჩოხატაური,13,,პაპუნა,ყორიაული,პაპუნა ყორიაული,,,adg_2025_candidates_unified.xlsx
local_2025,__main__,pr,gd,ქართული ოცნება,41,62,ჩოხატაური,1,,დავით,შარაშიძე,დავით შარაშიძე,,,adg_2025_candidates_unified.xlsx
local_2025,__main__,pr,gd,ქართული ოცნება,41,62,ჩოხატაური,2,,მარიტა,მგალობლიშვილი,მარიტა მგალობლიშვილი,,,adg_2025_candidates_unified.xlsx
local_2025,__main__,pr,gd,ქართული ოცნება,41,62,ჩოხატაური,3,,ბიძინა,ცინცაძე,ბიძინა ცინცაძე,,,adg_2025_candidates_unified.xlsx
local_2025,__main__,pr,gd,ქართული ოცნება,41,62,ჩოხატაური,4,,ზაალ,მამალაძე,ზაალ მამალაძე,,,adg_2025_candidates_unified.xlsx
local_2025,__main__,pr,gd,ქართული ოცნება,41,62,ჩოხატაური,5,,გიორგი,მათითაშვილი,გიორგი მათითაშვილი,,,adg_2025_candidates_unified.xlsx
local_2025,__main__,pr,gd,ქართული ოცნება,41,62,ჩოხატაური,6,,დავით,მინდაძე,დავით მინდაძე,,,adg_2025_candidates_unified.xlsx
local_2025,__main__,pr,gd,ქართული ოცნება,41,62,ჩოხატაური,7,,მაია,გიორგაძე,მაია გიორგაძე,,,adg_2025_candidates_unified.xlsx
local_2025,__main__,pr,gd,ქართული ოცნება,41,62,ჩოხატაური,8,,სოფიკო,ჯინჭარაძე,სოფიკო ჯინჭარაძე,,,adg_2025_candidates_unified.xlsx
local_2025,__main__,pr,gd,ქართული ოცნება,41,62,ჩოხატაური,9,,კობა,კალანდაძე,კობა კალანდაძე,,,adg_2025_candidates_unified.xlsx
local_2025,__main__,pr,gd,ქართული ოცნება,41,62,ჩოხატაური,10,,კლოდი,მდინარაძე,კლოდი მდინარაძე,,,adg_2025_candidates_unified.xlsx
local_2025,__main__,pr,gd,ქართული ოცნება,41,62,ჩოხატაური,11,,დავით,გუდავაძე,დავით გუდავაძე,,,adg_2025_candidates_unified.xlsx
local_2025,__main__,pr,gd,ქართული ოცნება,41,62,ჩოხატაური,12,,მარინე,ბერაძე,მარინე ბერაძე,,,adg_2025_candidates_unified.xlsx
local_2025,__main__,pr,gd,ქართული ოცნება,41,62,ჩოხატაური,13,,ლევან,მეგრელიშვილი,ლევან მეგრელიშვილი,,,adg_2025_candidates_unified.xlsx
local_2025,__main__,pr,gd,ქართული ოცნება,41,62,ჩოხატაური,14,,ვასილ,ბუბუტეიშვილი,ვასილ ბუბუტეიშვილი,,,adg_2025_candidates_unified.xlsx
local_2025,__main__,pr,gd,ქართული ოცნება,41,62,ჩოხატაური,15,,ილია,კეკელიძე,ილია კეკელიძე,,,adg_2025_candidates_unified.xlsx
local_2025,__main__,pr,gd,ქართული ოცნება,41,62,ჩოხატაური,16,,ნინო,დოლიძე,ნინო დოლიძე,,,adg_2025_candidates_unified.xlsx
local_2025,__main__,pr,gd,ქართული ოცნება,41,62,ჩოხატაური,17,,ლალი,კორიფაძე,ლალი კორიფაძე,,,adg_2025_candidates_unified.xlsx
local_2025,__main__,pr,gd,ქართული ოცნება,41,62,ჩოხატაური,18,,თამარი,კეკელიძე,თამარი კეკელიძე,,,adg_2025_candidates_unified.xlsx
local_2025,__main__,pr,gd,ქართული ოცნება,41,62,ჩოხატაური,19,,ავთანდილ,ზარბაზოია,ავთანდილ ზარბაზოია,,,adg_2025_candidates_unified.xlsx
local_2025,__main__,pr,gd,ქართული ოცნება,41,62,ჩოხატაური,20,,ლევანი,კეკელიძე,ლევანი კეკელიძე,,,adg_2025_candidates_unified.xlsx
local_2025,__main__,pr,gd,ქართული ოცნება,41,62,ჩოხატაური,21,,ზაზა,ცხოიძე,ზაზა ცხოიძე,,,adg_2025_candidates_unified.xlsx
local_2025,__main__,pr,gd,ქართული ოცნება,41,62,ჩოხატაური,22,,მერაბი,ტყეშელიაძე,მერაბი ტყეშელიაძე,,,adg_2025_candidates_unified.xlsx
local_2025,__main__,pr,gd,ქართული ოცნება,41,62,ჩოხატაური,23,,მავრა,ცერცვაძე,მავრა ცერცვაძე,,,adg_2025_candidates_unified.xlsx
local_2025,__main__,pr,gd,ქართული ოცნება,41,62,ჩოხატაური,24,,სულიკო,ირემაძე,სულიკო ირემაძე,,,adg_2025_candidates_unified.xlsx
local_2025,__main__,pr,gd,ქართული ოცნება,41,62,ჩოხატაური,25,,თემურ,მახარაძე,თემურ მახარაძე,,,adg_2025_candidates_unified.xlsx
local_2025,__main__,pr,gd,ქართული ოცნება,41,62,ჩოხატაური,26,,ირაკლი,ცინცაძე,ირაკლი ცინცაძე,,,adg_2025_candidates_unified.xlsx
local_2025,__main__,pr,gd,ქართული ოცნება,41,62,ჩოხატაური,27,,სოფო,ახალაძე,სოფო ახალაძე,,,adg_2025_candidates_unified.xlsx
local_2025,__main__,pr,gd,ქართული ოცნება,41,62,ჩოხატაური,28,,მაია,გოგიბერიძე,მაია გოგიბერიძე,,,adg_2025_candidates_unified.xlsx
local_2025,__main__,pr,gd,ქართული ოცნება,41,62,ჩოხატაური,29,,ციცინო,გოგოლაძე,ციცინო გოგოლაძე,,,adg_2025_candidates_unified.xlsx
local_2025,__main__,pr,conservatives_geo,„კონსერვატორები საქართველოსთვის“,3,63,აბაშა,1,,გია,დუნდუა,გია დუნდუა,,,adg_2025_candidates_unified.xlsx
local_2025,__main__,pr,conservatives_geo,„კონსერვატორები საქართველოსთვის“,3,63,აბაშა,2,,ზაური,რუხაძე,ზაური რუხაძე,,,adg_2025_candidates_unified.xlsx
local_2025,__main__,pr,conservatives_geo,„კონსერვატორები საქართველოსთვის“,3,63,აბაშა,3,,ზაზა,კოკაია,ზაზა კოკაია,,,adg_2025_candidates_unified.xlsx
local_2025,__main__,pr,conservatives_geo,„კონსერვატორები საქართველოსთვის“,3,63,აბაშა,4,,გოდერძი,ბოკუჩავა,გოდერძი ბოკუჩავა,,,adg_2025_candidates_unified.xlsx
local_2025,__main__,pr,conservatives_geo,„კონსერვატორები საქართველოსთვის“,3,63,აბაშა,5,,ეკა,ჩორგოლაშვილი,ეკა ჩორგოლაშვილი,,,adg_2025_candidates_unified.xlsx
local_2025,__main__,pr,conservatives_geo,„კონსერვატორები საქართველოსთვის“,3,63,აბაშა,6,,ირაკლი,რუხაძე,ირაკლი რუხაძე,,,adg_2025_candidates_unified.xlsx
local_2025,__main__,pr,conservatives_geo,„კონსერვატორები საქართველოსთვის“,3,63,აბაშა,7,,პლატონი,გვაზავა,პლატონი გვაზავა,,,adg_2025_candidates_unified.xlsx
local_2025,__main__,pr,free_georgia,„თავისუფალი საქართველო“,7,63,აბაშა,1,,გელა,ლაბარტყავა,გელა ლაბარტყავა,,,adg_2025_candidates_unified.xlsx
local_2025,__main__,pr,free_georgia,„თავისუფალი საქართველო“,7,63,აბაშა,2,,რევაზი,ჩაჩავა,რევაზი ჩაჩავა,,,adg_2025_candidates_unified.xlsx
local_2025,__main__,pr,free_georgia,„თავისუფალი საქართველო“,7,63,აბაშა,3,,ნატო,ჩაჩავა,ნატო ჩაჩავა,,,adg_2025_candidates_unified.xlsx
local_2025,__main__,pr,free_georgia,„თავისუფალი საქართველო“,7,63,აბაშა,4,,ლია,კაჭარავა,ლია კაჭარავა,,,adg_2025_candidates_unified.xlsx
local_2025,__main__,pr,free_georgia,„თავისუფალი საქართველო“,7,63,აბაშა,5,,ზურაბი,წულაია,ზურაბი წულაია,,,adg_2025_candidates_unified.xlsx
local_2025,__main__,pr,free_georgia,„თავისუფალი საქართველო“,7,63,აბაშა,6,,სალომე,ლაბარტყავა,სალომე ლაბარტყავა,,,adg_2025_candidates_unified.xlsx
local_2025,__main__,pr,free_georgia,„თავისუფალი საქართველო“,7,63,აბაშა,7,,გოდერძი,ლაბარტყავა,გოდერძი ლაბარტყავა,,,adg_2025_candidates_unified.xlsx
local_2025,__main__,pr,free_georgia,„თავისუფალი საქართველო“,7,63,აბაშა,8,,რევაზი,ცომაია,რევაზი ცომაია,,,adg_2025_candidates_unified.xlsx
local_2025,__main__,pr,free_georgia,„თავისუფალი საქართველო“,7,63,აბაშა,9,,ნუნუ,ტაბიძე,ნუნუ ტაბიძე,,,adg_2025_candidates_unified.xlsx
local_2025,__main__,pr,free_georgia,„თავისუფალი საქართველო“,7,63,აბაშა,10,,მზია,მიქაძე,მზია მიქაძე,,,adg_2025_candidates_unified.xlsx
local_2025,__main__,pr,strong_georgia,ძლიერი საქართველო-ლელო,9,63,აბაშა,1,,გელა,თოფურია,გელა თოფურია,,,adg_2025_candidates_unified.xlsx
local_2025,__main__,pr,strong_georgia,ძლიერი საქართველო-ლელო,9,63,აბაშა,2,,რაული,თოფურია,რაული თოფურია,,,adg_2025_candidates_unified.xlsx
local_2025,__main__,pr,strong_georgia,ძლიერი საქართველო-ლელო,9,63,აბაშა,3,,ავთანდილი,გვალია,ავთანდილი გვალია,,,adg_2025_candidates_unified.xlsx
local_2025,__main__,pr,strong_georgia,ძლიერი საქართველო-ლელო,9,63,აბაშა,4,,კახა,კაჭარავა,კახა კაჭარავა,,,adg_2025_candidates_unified.xlsx
local_2025,__main__,pr,strong_georgia,ძლიერი საქართველო-ლელო,9,63,აბაშა,5,,ზაზა,ცომაია,ზაზა ცომაია,,,adg_2025_candidates_unified.xlsx
local_2025,__main__,pr,strong_georgia,ძლიერი საქართველო-ლელო,9,63,აბაშა,6,,სევერიანე,ქადარია,სევერიანე ქადარია,,,adg_2025_candidates_unified.xlsx
local_2025,__main__,pr,strong_georgia,ძლიერი საქართველო-ლელო,9,63,აბაშა,7,,თორნიკე,ცომაია,თორნიკე ცომაია,,,adg_2025_candidates_unified.xlsx
local_2025,__main__,pr,strong_georgia,ძლიერი საქართველო-ლელო,9,63,აბაშა,8,,დომენტი,ქორქია,დომენტი ქორქია,,,adg_2025_candidates_unified.xlsx
local_2025,__main__,pr,strong_georgia,ძლიერი საქართველო-ლელო,9,63,აბაშა,9,,ზვიადი,მელია,ზვიადი მელია,,,adg_2025_candidates_unified.xlsx
local_2025,__main__,pr,strong_georgia,ძლიერი საქართველო-ლელო,9,63,აბაშა,10,,ელგუჯა,ქოიავა,ელგუჯა ქოიავა,,,adg_2025_candidates_unified.xlsx
local_2025,__main__,pr,strong_georgia,ძლიერი საქართველო-ლელო,9,63,აბაშა,11,,თემური,ბოკუჩავა,თემური ბოკუჩავა,,,adg_2025_candidates_unified.xlsx
local_2025,__main__,pr,gakharia,„გახარია საქართველოსთვის“,25,63,აბაშა,1,,კოკი,ჩაჩავა,კოკი ჩაჩავა,,,adg_2025_candidates_unified.xlsx
local_2025,__main__,pr,gakharia,„გახარია საქართველოსთვის“,25,63,აბაშა,2,,გაგი,კვანტალიანი,გაგი კვანტალიანი,,,adg_2025_candidates_unified.xlsx
local_2025,__main__,pr,gakharia,„გახარია საქართველოსთვის“,25,63,აბაშა,3,,ბაჩუკი,ქვილითაია,ბაჩუკი ქვილითაია,,,adg_2025_candidates_unified.xlsx
local_2025,__main__,pr,gakharia,„გახარია საქართველოსთვის“,25,63,აბაშა,4,,ზაზა,ჭანტურია,ზაზა ჭანტურია,,,adg_2025_candidates_unified.xlsx
local_2025,__main__,pr,gakharia,„გახარია საქართველოსთვის“,25,63,აბაშა,5,,მამუკა,ქვილითაია,მამუკა ქვილითაია,,,adg_2025_candidates_unified.xlsx
local_2025,__main__,pr,gakharia,„გახარია საქართველოსთვის“,25,63,აბაშა,6,,ვერიკო,კვანტალიანი,ვერიკო კვანტალიანი,,,adg_2025_candidates_unified.xlsx
local_2025,__main__,pr,gakharia,„გახარია საქართველოსთვის“,25,63,აბაშა,7,,გია,ჩაჩავა,გია ჩაჩავა,,,adg_2025_candidates_unified.xlsx
local_2025,__main__,pr,gakharia,„გახარია საქართველოსთვის“,25,63,აბაშა,8,,ვაჟა,თაკვარელია,ვაჟა თაკვარელია,,,adg_2025_candidates_unified.xlsx
local_2025,__main__,pr,gakharia,„გახარია საქართველოსთვის“,25,63,აბაშა,9,,მირანდა,ჩაჩავა,მირანდა ჩაჩავა,,,adg_2025_candidates_unified.xlsx
local_2025,__main__,pr,gakharia,„გახარია საქართველოსთვის“,25,63,აბაშა,10,,აზა,კვანტალიანი-თაკვარელია,აზა კვანტალიანი-თაკვარელია,,,adg_2025_candidates_unified.xlsx
local_2025,__main__,pr,gakharia,„გახარია საქართველოსთვის“,25,63,აბაშა,11,,ლალა,ძაძამია,ლალა ძაძამია,,,adg_2025_candidates_unified.xlsx
local_2025,__main__,pr,gakharia,„გახარია საქართველოსთვის“,25,63,აბაშა,12,,თეიმურაზ,ბოხუა,თეიმურაზ ბოხუა,,,adg_2025_candidates_unified.xlsx
local_2025,__main__,pr,gd,ქართული ოცნება,41,63,აბაშა,1,,იასონი,კიზირია,იასონი კიზირია,,,adg_2025_candidates_unified.xlsx
local_2025,__main__,pr,gd,ქართული ოცნება,41,63,აბაშა,2,,გიორგი,ქოიავა,გიორგი ქოიავა,,,adg_2025_candidates_unified.xlsx
local_2025,__main__,pr,gd,ქართული ოცნება,41,63,აბაშა,3,,პაატა,ხოშტარია,პაატა ხოშტარია,,,adg_2025_candidates_unified.xlsx
local_2025,__main__,pr,gd,ქართული ოცნება,41,63,აბაშა,4,,ზეზვა,მაკალათია,ზეზვა მაკალათია,,,adg_2025_candidates_unified.xlsx
local_2025,__main__,pr,gd,ქართული ოცნება,41,63,აბაშა,5,,როინი,კაჭარავა,როინი კაჭარავა,,,adg_2025_candidates_unified.xlsx
local_2025,__main__,pr,gd,ქართული ოცნება,41,63,აბაშა,6,,ზაზა,გუგუშვილი,ზაზა გუგუშვილი,,,adg_2025_candidates_unified.xlsx
local_2025,__main__,pr,gd,ქართული ოცნება,41,63,აბაშა,7,,გია,მიგინეიშვილი,გია მიგინეიშვილი,,,adg_2025_candidates_unified.xlsx
local_2025,__main__,pr,gd,ქართული ოცნება,41,63,აბაშა,8,,შოთა,ჭანტურაია,შოთა ჭანტურაია,,,adg_2025_candidates_unified.xlsx
local_2025,__main__,pr,gd,ქართული ოცნება,41,63,აბაშა,9,,შალვა,ჯღარკავა,შალვა ჯღარკავა,,,adg_2025_candidates_unified.xlsx
local_2025,__main__,pr,gd,ქართული ოცნება,41,63,აბაშა,10,,მეგული,ჩოჩია,მეგული ჩოჩია,,,adg_2025_candidates_unified.xlsx
local_2025,__main__,pr,gd,ქართული ოცნება,41,63,აბაშა,11,,სევერიანე,ქოიავა,სევერიანე ქოიავა,,,adg_2025_candidates_unified.xlsx
local_2025,__main__,pr,gd,ქართული ოცნება,41,63,აბაშა,12,,თორნიკე,ესაკია,თორნიკე ესაკია,,,adg_2025_candidates_unified.xlsx
local_2025,__main__,pr,gd,ქართული ოცნება,41,63,აბაშა,13,,ვლადიმერი,ავალიანი,ვლადიმერი ავალიანი,,,adg_2025_candidates_unified.xlsx
local_2025,__main__,pr,gd,ქართული ოცნება,41,63,აბაშა,14,,ლევან,მელაძე,ლევან მელაძე,,,adg_2025_candidates_unified.xlsx
local_2025,__main__,pr,gd,ქართული ოცნება,41,63,აბაშა,15,,თემური,გაბელაია,თემური გაბელაია,,,adg_2025_candidates_unified.xlsx
local_2025,__main__,pr,gd,ქართული ოცნება,41,63,აბაშა,16,,თამაზი,გაბელაია,თამაზი გაბელაია,,,adg_2025_candidates_unified.xlsx
local_2025,__main__,pr,gd,ქართული ოცნება,41,63,აბაშა,17,,გია,კუცია,გია კუცია,,,adg_2025_candidates_unified.xlsx
local_2025,__main__,pr,gd,ქართული ოცნება,41,63,აბაშა,18,,სოფიკო,ნიკოლავა,სოფიკო ნიკოლავა,,,adg_2025_candidates_unified.xlsx
local_2025,__main__,pr,gd,ქართული ოცნება,41,63,აბაშა,19,,დარეჯან,ვადაჭკორია,დარეჯან ვადაჭკორია,,,adg_2025_candidates_unified.xlsx
local_2025,__main__,pr,gd,ქართული ოცნება,41,63,აბაშა,20,,იამზე,თოფურია,იამზე თოფურია,,,adg_2025_candidates_unified.xlsx
local_2025,__main__,pr,gd,ქართული ოცნება,41,63,აბაშა,21,,დავითი,გუნია,დავითი გუნია,,,adg_2025_candidates_unified.xlsx
local_2025,__main__,pr,gd,ქართული ოცნება,41,63,აბაშა,22,,კახაბერი,ესაკია,კახაბერი ესაკია,,,adg_2025_candidates_unified.xlsx
local_2025,__main__,pr,gd,ქართული ოცნება,41,63,აბაშა,23,,ვერიკო,ცომაია,ვერიკო ცომაია,,,adg_2025_candidates_unified.xlsx
local_2025,__main__,pr,gd,ქართული ოცნება,41,63,აბაშა,24,,სანდრო,ჭანტურაია,სანდრო ჭანტურაია,,,adg_2025_candidates_unified.xlsx
local_2025,__main__,pr,gd,ქართული ოცნება,41,63,აბაშა,25,,საბა,გაბელაია,საბა გაბელაია,,,adg_2025_candidates_unified.xlsx
local_2025,__main__,pr,conservatives_geo,„კონსერვატორები საქართველოსთვის“,3,64,სენაკი,1,,ხათუნა,კვაშილავა,ხათუნა კვაშილავა,,,adg_2025_candidates_unified.xlsx
local_2025,__main__,pr,conservatives_geo,„კონსერვატორები საქართველოსთვის“,3,64,სენაკი,2,,მარინა,ქუნთელია,მარინა ქუნთელია,,,adg_2025_candidates_unified.xlsx
local_2025,__main__,pr,conservatives_geo,„კონსერვატორები საქართველოსთვის“,3,64,სენაკი,3,,დარეჯან,ჩაჩიბაია,დარეჯან ჩაჩიბაია,,,adg_2025_candidates_unified.xlsx
local_2025,__main__,pr,conservatives_geo,„კონსერვატორები საქართველოსთვის“,3,64,სენაკი,4,,ზვიად,კილასონია,ზვიად კილასონია,,,adg_2025_candidates_unified.xlsx
local_2025,__main__,pr,conservatives_geo,„კონსერვატორები საქართველოსთვის“,3,64,სენაკი,5,,გიორგი,კვატაია,გიორგი კვატაია,,,adg_2025_candidates_unified.xlsx
local_2025,__main__,pr,conservatives_geo,„კონსერვატორები საქართველოსთვის“,3,64,სენაკი,6,,მაკა,წიფურია,მაკა წიფურია,,,adg_2025_candidates_unified.xlsx
local_2025,__main__,pr,conservatives_geo,„კონსერვატორები საქართველოსთვის“,3,64,სენაკი,7,,ეკა,დიხამინჯია,ეკა დიხამინჯია,,,adg_2025_candidates_unified.xlsx
local_2025,__main__,pr,strong_georgia,ძლიერი საქართველო-ლელო,9,64,სენაკი,1,,კახა,ადამია,კახა ადამია,,,adg_2025_candidates_unified.xlsx
local_2025,__main__,pr,strong_georgia,ძლიერი საქართველო-ლელო,9,64,სენაკი,2,,ბესიკი,კვირაია,ბესიკი კვირაია,,,adg_2025_candidates_unified.xlsx
local_2025,__main__,pr,strong_georgia,ძლიერი საქართველო-ლელო,9,64,სენაკი,3,,მურადი,შამათავა,მურადი შამათავა,,,adg_2025_candidates_unified.xlsx
local_2025,__main__,pr,strong_georgia,ძლიერი საქართველო-ლელო,9,64,სენაკი,4,,ომარ,გოგია,ომარ გოგია,,,adg_2025_candidates_unified.xlsx
local_2025,__main__,pr,strong_georgia,ძლიერი საქართველო-ლელო,9,64,სენაკი,5,,ნათია,შუბლაძე,ნათია შუბლაძე,,,adg_2025_candidates_unified.xlsx
local_2025,__main__,pr,strong_georgia,ძლიერი საქართველო-ლელო,9,64,სენაკი,6,,მარინა,გულუა,მარინა გულუა,,,adg_2025_candidates_unified.xlsx
local_2025,__main__,pr,strong_georgia,ძლიერი საქართველო-ლელო,9,64,სენაკი,7,,ზურაბ,წულუკიძე,ზურაბ წულუკიძე,,,adg_2025_candidates_unified.xlsx
local_2025,__main__,pr,strong_georgia,ძლიერი საქართველო-ლელო,9,64,სენაკი,8,,ვაჟა,ჭანტურია,ვაჟა ჭანტურია,,,adg_2025_candidates_unified.xlsx
local_2025,__main__,pr,strong_georgia,ძლიერი საქართველო-ლელო,9,64,სენაკი,9,,მაია,სირია,მაია სირია,,,adg_2025_candidates_unified.xlsx
local_2025,__main__,pr,strong_georgia,ძლიერი საქართველო-ლელო,9,64,სენაკი,10,,ირაკლი,ანდრიაძე,ირაკლი ანდრიაძე,,,adg_2025_candidates_unified.xlsx
local_2025,__main__,pr,gakharia,„გახარია საქართველოსთვის“,25,64,სენაკი,1,,ირაკლი,კაჭარავა,ირაკლი კაჭარავა,,,adg_2025_candidates_unified.xlsx
local_2025,__main__,pr,gakharia,„გახარია საქართველოსთვის“,25,64,სენაკი,2,,ედიშერი,ბაღათურია,ედიშერი ბაღათურია,,,adg_2025_candidates_unified.xlsx
local_2025,__main__,pr,gakharia,„გახარია საქართველოსთვის“,25,64,სენაკი,3,,ნინო,ტყებუჩავა,ნინო ტყებუჩავა,,,adg_2025_candidates_unified.xlsx
local_2025,__main__,pr,gakharia,„გახარია საქართველოსთვის“,25,64,სენაკი,4,,ნიკოლოზი,შამათავა,ნიკოლოზი შამათავა,,,adg_2025_candidates_unified.xlsx
local_2025,__main__,pr,gakharia,„გახარია საქართველოსთვის“,25,64,სენაკი,5,,თამაზი,ჟვანია,თამაზი ჟვანია,,,adg_2025_candidates_unified.xlsx
local_2025,__main__,pr,gakharia,„გახარია საქართველოსთვის“,25,64,სენაკი,6,,შორენა,ხოშტარია,შორენა ხოშტარია,,,adg_2025_candidates_unified.xlsx
local_2025,__main__,pr,gakharia,„გახარია საქართველოსთვის“,25,64,სენაკი,7,,ლევანი,დგებუაძე,ლევანი დგებუაძე,,,adg_2025_candidates_unified.xlsx
local_2025,__main__,pr,gakharia,„გახარია საქართველოსთვის“,25,64,სენაკი,8,,ლევან,ხურცია,ლევან ხურცია,,,adg_2025_candidates_unified.xlsx
local_2025,__main__,pr,gakharia,„გახარია საქართველოსთვის“,25,64,სენაკი,9,,ელისო,ხარბედია,ელისო ხარბედია,,,adg_2025_candidates_unified.xlsx
local_2025,__main__,pr,gakharia,„გახარია საქართველოსთვის“,25,64,სენაკი,10,,ნათია,სიმონია,ნათია სიმონია,,,adg_2025_candidates_unified.xlsx
local_2025,__main__,pr,gakharia,„გახარია საქართველოსთვის“,25,64,სენაკი,11,,თეონა,ბაღათურია,თეონა ბაღათურია,,,adg_2025_candidates_unified.xlsx
local_2025,__main__,pr,gakharia,„გახარია საქართველოსთვის“,25,64,სენაკი,12,,გიგა,ხარბედია,გიგა ხარბედია,,,adg_2025_candidates_unified.xlsx
local_2025,__main__,pr,gakharia,„გახარია საქართველოსთვის“,25,64,სენაკი,13,,კობა,ქადარია,კობა ქადარია,,,adg_2025_candidates_unified.xlsx
local_2025,__main__,pr,gakharia,„გახარია საქართველოსთვის“,25,64,სენაკი,14,,გიორგი,მურღულია,გიორგი მურღულია,,,adg_2025_candidates_unified.xlsx
local_2025,__main__,pr,gakharia,„გახარია საქართველოსთვის“,25,64,სენაკი,15,,თამარი,ხუნწარია,თამარი ხუნწარია,,,adg_2025_candidates_unified.xlsx
local_2025,__main__,pr,gakharia,„გახარია საქართველოსთვის“,25,64,სენაკი,16,,ბაკური,შამათავა,ბაკური შამათავა,,,adg_2025_candidates_unified.xlsx
local_2025,__main__,pr,girchi,გირჩი,36,64,სენაკი,1,,აპოლონი,გარუჩავა,აპოლონი გარუჩავა,,,adg_2025_candidates_unified.xlsx
local_2025,__main__,pr,girchi,გირჩი,36,64,სენაკი,2,,ლევანი,ხარებავა,ლევანი ხარებავა,,,adg_2025_candidates_unified.xlsx
local_2025,__main__,pr,girchi,გირჩი,36,64,სენაკი,3,,თამაზი,ნაროუშვილი,თამაზი ნაროუშვილი,,,adg_2025_candidates_unified.xlsx
local_2025,__main__,pr,girchi,გირჩი,36,64,სენაკი,4,,გიორგი,ხუნწარია,გიორგი ხუნწარია,,,adg_2025_candidates_unified.xlsx
local_2025,__main__,pr,girchi,გირჩი,36,64,სენაკი,5,,თეონა,გარუჩავა,თეონა გარუჩავა,,,adg_2025_candidates_unified.xlsx
local_2025,__main__,pr,girchi,გირჩი,36,64,სენაკი,6,,გიორგი,გრიგოლია,გიორგი გრიგოლია,,,adg_2025_candidates_unified.xlsx
local_2025,__main__,pr,girchi,გირჩი,36,64,სენაკი,7,,ნოდარი,ადამია,ნოდარი ადამია,,,adg_2025_candidates_unified.xlsx
local_2025,__main__,pr,gd,ქართული ოცნება,41,64,სენაკი,1,,საბა,ოდიშარია,საბა ოდიშარია,,,adg_2025_candidates_unified.xlsx
local_2025,__main__,pr,gd,ქართული ოცნება,41,64,სენაკი,2,,ჯუმბერი,ტყებუჩავა,ჯუმბერი ტყებუჩავა,,,adg_2025_candidates_unified.xlsx
local_2025,__main__,pr,gd,ქართული ოცნება,41,64,სენაკი,3,,მანანა,გვიჩია,მანანა გვიჩია,,,adg_2025_candidates_unified.xlsx
local_2025,__main__,pr,gd,ქართული ოცნება,41,64,სენაკი,4,,ვლადიმერი,კირცხალია,ვლადიმერი კირცხალია,,,adg_2025_candidates_unified.xlsx
local_2025,__main__,pr,gd,ქართული ოცნება,41,64,სენაკი,5,,ინგა,ქარდავა,ინგა ქარდავა,,,adg_2025_candidates_unified.xlsx
local_2025,__main__,pr,gd,ქართული ოცნება,41,64,სენაკი,6,,ირაკლი,კალანდარიშვილი,ირაკლი კალანდარიშვილი,,,adg_2025_candidates_unified.xlsx
local_2025,__main__,pr,gd,ქართული ოცნება,41,64,სენაკი,7,,ელგუჯა,კვაშილავა,ელგუჯა კვაშილავა,,,adg_2025_candidates_unified.xlsx
local_2025,__main__,pr,gd,ქართული ოცნება,41,64,სენაკი,8,,ლევანი,უჩანეიშვილი,ლევანი უჩანეიშვილი,,,adg_2025_candidates_unified.xlsx
local_2025,__main__,pr,gd,ქართული ოცნება,41,64,სენაკი,9,,ზაზა,ნაჭყებია,ზაზა ნაჭყებია,,,adg_2025_candidates_unified.xlsx
local_2025,__main__,pr,gd,ქართული ოცნება,41,64,სენაკი,10,,მარინე,ნანეიშვილი,მარინე ნანეიშვილი,,,adg_2025_candidates_unified.xlsx
local_2025,__main__,pr,gd,ქართული ოცნება,41,64,სენაკი,11,,შაქრო,კოკაია,შაქრო კოკაია,,,adg_2025_candidates_unified.xlsx
local_2025,__main__,pr,gd,ქართული ოცნება,41,64,სენაკი,12,,ნიკოლოზ,ქეცბაია,ნიკოლოზ ქეცბაია,,,adg_2025_candidates_unified.xlsx
local_2025,__main__,pr,gd,ქართული ოცნება,41,64,სენაკი,13,,ნატო,შონია,ნატო შონია,,,adg_2025_candidates_unified.xlsx
local_2025,__main__,pr,gd,ქართული ოცნება,41,64,სენაკი,14,,თენგიზი,ცეკვავა,თენგიზი ცეკვავა,,,adg_2025_candidates_unified.xlsx
local_2025,__main__,pr,gd,ქართული ოცნება,41,64,სენაკი,15,,თორნიკე,ჯიჯეიშვილი,თორნიკე ჯიჯეიშვილი,,,adg_2025_candidates_unified.xlsx
local_2025,__main__,pr,gd,ქართული ოცნება,41,64,სენაკი,16,,სოფიკო,კალანდია,სოფიკო კალანდია,,,adg_2025_candidates_unified.xlsx
local_2025,__main__,pr,gd,ქართული ოცნება,41,64,სენაკი,17,,ეკატერინე,ბესელია,ეკატერინე ბესელია,,,adg_2025_candidates_unified.xlsx
local_2025,__main__,pr,gd,ქართული ოცნება,41,64,სენაკი,18,,მერაბ,სანაია,მერაბ სანაია,,,adg_2025_candidates_unified.xlsx
local_2025,__main__,pr,gd,ქართული ოცნება,41,64,სენაკი,19,,ლელა,ჩემია,ლელა ჩემია,,,adg_2025_candidates_unified.xlsx
local_2025,__main__,pr,gd,ქართული ოცნება,41,64,სენაკი,20,,სოფიო,ცხაკაია,სოფიო ცხაკაია,,,adg_2025_candidates_unified.xlsx
local_2025,__main__,pr,gd,ქართული ოცნება,41,64,სენაკი,21,,მანანა,სკურიდინი,მანანა სკურიდინი,,,adg_2025_candidates_unified.xlsx
local_2025,__main__,pr,gd,ქართული ოცნება,41,64,სენაკი,22,,ნატალია,ჯაკობია,ნატალია ჯაკობია,,,adg_2025_candidates_unified.xlsx
local_2025,__main__,pr,gd,ქართული ოცნება,41,64,სენაკი,23,,მამუკა,ბაბილუა,მამუკა ბაბილუა,,,adg_2025_candidates_unified.xlsx
local_2025,__main__,pr,gd,ქართული ოცნება,41,64,სენაკი,24,,ფრიდონი,ადანაია,ფრიდონი ადანაია,,,adg_2025_candidates_unified.xlsx
local_2025,__main__,pr,gd,ქართული ოცნება,41,64,სენაკი,25,,სოფიო,გვარამია,სოფიო გვარამია,,,adg_2025_candidates_unified.xlsx
local_2025,__main__,pr,gd,ქართული ოცნება,41,64,სენაკი,26,,გოჩა,ზარქუა,გოჩა ზარქუა,,,adg_2025_candidates_unified.xlsx
local_2025,__main__,pr,gd,ქართული ოცნება,41,64,სენაკი,27,,ნათია,პაჭკორია,ნათია პაჭკორია,,,adg_2025_candidates_unified.xlsx
local_2025,__main__,pr,gd,ქართული ოცნება,41,64,სენაკი,28,,რევაზი,გაბუნია,რევაზი გაბუნია,,,adg_2025_candidates_unified.xlsx
local_2025,__main__,pr,gd,ქართული ოცნება,41,64,სენაკი,29,,ლევანი,კოხია,ლევანი კოხია,,,adg_2025_candidates_unified.xlsx
local_2025,__main__,pr,gd,ქართული ოცნება,41,64,სენაკი,30,,ზაზა,მურღულია,ზაზა მურღულია,,,adg_2025_candidates_unified.xlsx
local_2025,__main__,pr,conservatives_geo,„კონსერვატორები საქართველოსთვის“,3,65,მარტვილი,1,,პაატა,ჯიჯელავა,პაატა ჯიჯელავა,,,adg_2025_candidates_unified.xlsx
local_2025,__main__,pr,conservatives_geo,„კონსერვატორები საქართველოსთვის“,3,65,მარტვილი,2,,ვახტანგ,გობეჩია,ვახტანგ გობეჩია,,,adg_2025_candidates_unified.xlsx
local_2025,__main__,pr,conservatives_geo,„კონსერვატორები საქართველოსთვის“,3,65,მარტვილი,3,,ვახტანგ,დანელია,ვახტანგ დანელია,,,adg_2025_candidates_unified.xlsx
local_2025,__main__,pr,conservatives_geo,„კონსერვატორები საქართველოსთვის“,3,65,მარტვილი,4,,მახარე,სხულუხია,მახარე სხულუხია,,,adg_2025_candidates_unified.xlsx
local_2025,__main__,pr,conservatives_geo,„კონსერვატორები საქართველოსთვის“,3,65,მარტვილი,5,,ბადრი,სილაგავა,ბადრი სილაგავა,,,adg_2025_candidates_unified.xlsx
local_2025,__main__,pr,conservatives_geo,„კონსერვატორები საქართველოსთვის“,3,65,მარტვილი,6,,ვეფხვია,სილაგავა,ვეფხვია სილაგავა,,,adg_2025_candidates_unified.xlsx
local_2025,__main__,pr,conservatives_geo,„კონსერვატორები საქართველოსთვის“,3,65,მარტვილი,7,,ნუგზარ,შენგელია,ნუგზარ შენგელია,,,adg_2025_candidates_unified.xlsx
local_2025,__main__,pr,conservatives_geo,„კონსერვატორები საქართველოსთვის“,3,65,მარტვილი,8,,აკაკი,ჯიქია,აკაკი ჯიქია,,,adg_2025_candidates_unified.xlsx
local_2025,__main__,pr,conservatives_geo,„კონსერვატორები საქართველოსთვის“,3,65,მარტვილი,9,,ალექსანდრე,ციცხვაია,ალექსანდრე ციცხვაია,,,adg_2025_candidates_unified.xlsx
local_2025,__main__,pr,conservatives_geo,„კონსერვატორები საქართველოსთვის“,3,65,მარტვილი,10,,შევასტი,სურმავა,შევასტი სურმავა,,,adg_2025_candidates_unified.xlsx
local_2025,__main__,pr,conservatives_geo,„კონსერვატორები საქართველოსთვის“,3,65,მარტვილი,11,,ბასა,ფირცხალავა,ბასა ფირცხალავა,,,adg_2025_candidates_unified.xlsx
local_2025,__main__,pr,patriots,„საქართველოს პატრიოტთა ალიანსი“,8,65,მარტვილი,1,,მიხეილ,ნიკოლავა,მიხეილ ნიკოლავა,,,adg_2025_candidates_unified.xlsx
local_2025,__main__,pr,patriots,„საქართველოს პატრიოტთა ალიანსი“,8,65,მარტვილი,2,,თენგიზ,ალშიბაია,თენგიზ ალშიბაია,,,adg_2025_candidates_unified.xlsx
local_2025,__main__,pr,patriots,„საქართველოს პატრიოტთა ალიანსი“,8,65,მარტვილი,3,,ჟანა,ჭითანავა,ჟანა ჭითანავა,,,adg_2025_candidates_unified.xlsx
local_2025,__main__,pr,patriots,„საქართველოს პატრიოტთა ალიანსი“,8,65,მარტვილი,4,,ბორის,ქირია,ბორის ქირია,,,adg_2025_candidates_unified.xlsx
local_2025,__main__,pr,patriots,„საქართველოს პატრიოტთა ალიანსი“,8,65,მარტვილი,5,,ხვიჩა,თორია,ხვიჩა თორია,,,adg_2025_candidates_unified.xlsx
local_2025,__main__,pr,patriots,„საქართველოს პატრიოტთა ალიანსი“,8,65,მარტვილი,6,,მანანა,ნიქაბაძე,მანანა ნიქაბაძე,,,adg_2025_candidates_unified.xlsx
local_2025,__main__,pr,strong_georgia,ძლიერი საქართველო-ლელო,9,65,მარტვილი,1,,ჯონი,ძიძიგური,ჯონი ძიძიგური,,,adg_2025_candidates_unified.xlsx
local_2025,__main__,pr,strong_georgia,ძლიერი საქართველო-ლელო,9,65,მარტვილი,2,,ირაკლი,მონიავა,ირაკლი მონიავა,,,adg_2025_candidates_unified.xlsx
local_2025,__main__,pr,strong_georgia,ძლიერი საქართველო-ლელო,9,65,მარტვილი,4,,მირიანე,ხვიჩია,მირიანე ხვიჩია,,,adg_2025_candidates_unified.xlsx
local_2025,__main__,pr,strong_georgia,ძლიერი საქართველო-ლელო,9,65,მარტვილი,5,,გიორგი,ფულარია,გიორგი ფულარია,,,adg_2025_candidates_unified.xlsx
local_2025,__main__,pr,strong_georgia,ძლიერი საქართველო-ლელო,9,65,მარტვილი,6,,ნიაზი,კვანტალიანი,ნიაზი კვანტალიანი,,,adg_2025_candidates_unified.xlsx
local_2025,__main__,pr,strong_georgia,ძლიერი საქართველო-ლელო,9,65,მარტვილი,7,,ჭიჭიკო,ხელაძე,ჭიჭიკო ხელაძე,,,adg_2025_candidates_unified.xlsx
local_2025,__main__,pr,gakharia,„გახარია საქართველოსთვის“,25,65,მარტვილი,1,,აკაკი,ხუნწელია,აკაკი ხუნწელია,,,adg_2025_candidates_unified.xlsx
local_2025,__main__,pr,gakharia,„გახარია საქართველოსთვის“,25,65,მარტვილი,2,,სერგი,ფაცაცია,სერგი ფაცაცია,,,adg_2025_candidates_unified.xlsx
local_2025,__main__,pr,gakharia,„გახარია საქართველოსთვის“,25,65,მარტვილი,3,,ნინო,ბარათელი,ნინო ბარათელი,,,adg_2025_candidates_unified.xlsx
local_2025,__main__,pr,gakharia,„გახარია საქართველოსთვის“,25,65,მარტვილი,4,,კობა,გვაზავა,კობა გვაზავა,,,adg_2025_candidates_unified.xlsx
local_2025,__main__,pr,gakharia,„გახარია საქართველოსთვის“,25,65,მარტვილი,5,,არკად,ცაავა,არკად ცაავა,,,adg_2025_candidates_unified.xlsx
local_2025,__main__,pr,gakharia,„გახარია საქართველოსთვის“,25,65,მარტვილი,6,,ნიკოლოზ,წულაია,ნიკოლოზ წულაია,,,adg_2025_candidates_unified.xlsx
local_2025,__main__,pr,gakharia,„გახარია საქართველოსთვის“,25,65,მარტვილი,7,,კახა,გვილავა,კახა გვილავა,,,adg_2025_candidates_unified.xlsx
local_2025,__main__,pr,gakharia,„გახარია საქართველოსთვის“,25,65,მარტვილი,8,,გია,კვაშილავა,გია კვაშილავა,,,adg_2025_candidates_unified.xlsx
local_2025,__main__,pr,gakharia,„გახარია საქართველოსთვის“,25,65,მარტვილი,9,,დათო,ბართაია,დათო ბართაია,,,adg_2025_candidates_unified.xlsx
local_2025,__main__,pr,gakharia,„გახარია საქართველოსთვის“,25,65,მარტვილი,10,,მაგდა,შირავა,მაგდა შირავა,,,adg_2025_candidates_unified.xlsx
local_2025,__main__,pr,gakharia,„გახარია საქართველოსთვის“,25,65,მარტვილი,11,,გოგიტა,კალანდია,გოგიტა კალანდია,,,adg_2025_candidates_unified.xlsx
local_2025,__main__,pr,gakharia,„გახარია საქართველოსთვის“,25,65,მარტვილი,12,,ნათია,წულაია,ნათია წულაია,,,adg_2025_candidates_unified.xlsx
local_2025,__main__,pr,gakharia,„გახარია საქართველოსთვის“,25,65,მარტვილი,13,,ნათია,სუმბაძე,ნათია სუმბაძე,,,adg_2025_candidates_unified.xlsx
local_2025,__main__,pr,gakharia,„გახარია საქართველოსთვის“,25,65,მარტვილი,14,,ანზორ,დარციმელია,ანზორ დარციმელია,,,adg_2025_candidates_unified.xlsx
local_2025,__main__,pr,gakharia,„გახარია საქართველოსთვის“,25,65,მარტვილი,15,,ზაზა,წულაია,ზაზა წულაია,,,adg_2025_candidates_unified.xlsx
local_2025,__main__,pr,girchi,გირჩი,36,65,მარტვილი,1,,დავით,ჩაგუნავა,დავით ჩაგუნავა,,,adg_2025_candidates_unified.xlsx
local_2025,__main__,pr,girchi,გირჩი,36,65,მარტვილი,2,,ლევან,კვაშილავა,ლევან კვაშილავა,,,adg_2025_candidates_unified.xlsx
local_2025,__main__,pr,girchi,გირჩი,36,65,მარტვილი,3,,მარიანა,გიგინეიშვილი,მარიანა გიგინეიშვილი,,,adg_2025_candidates_unified.xlsx
local_2025,__main__,pr,girchi,გირჩი,36,65,მარტვილი,4,,იური,კვაშილავა,იური კვაშილავა,,,adg_2025_candidates_unified.xlsx
local_2025,__main__,pr,girchi,გირჩი,36,65,მარტვილი,5,,სალომე,ჩიხლაძე,სალომე ჩიხლაძე,,,adg_2025_candidates_unified.xlsx
local_2025,__main__,pr,girchi,გირჩი,36,65,მარტვილი,6,,ნელი,ბეჭვაია,ნელი ბეჭვაია,,,adg_2025_candidates_unified.xlsx
local_2025,__main__,pr,gd,ქართული ოცნება,41,65,მარტვილი,1,,ალექსანდრე,გრიგალავა,ალექსანდრე გრიგალავა,,,adg_2025_candidates_unified.xlsx
local_2025,__main__,pr,gd,ქართული ოცნება,41,65,მარტვილი,2,,ელდარი,თოდუა,ელდარი თოდუა,,,adg_2025_candidates_unified.xlsx
local_2025,__main__,pr,gd,ქართული ოცნება,41,65,მარტვილი,3,,პაშა,გულორდავა,პაშა გულორდავა,,,adg_2025_candidates_unified.xlsx
local_2025,__main__,pr,gd,ქართული ოცნება,41,65,მარტვილი,4,,დავით,ხორავა,დავით ხორავა,,,adg_2025_candidates_unified.xlsx
local_2025,__main__,pr,gd,ქართული ოცნება,41,65,მარტვილი,5,,ნათია,ბჟალავა,ნათია ბჟალავა,,,adg_2025_candidates_unified.xlsx
local_2025,__main__,pr,gd,ქართული ოცნება,41,65,მარტვილი,6,,თამაზ,დანელია,თამაზ დანელია,,,adg_2025_candidates_unified.xlsx
local_2025,__main__,pr,gd,ქართული ოცნება,41,65,მარტვილი,7,,ნათია,ჯიქია,ნათია ჯიქია,,,adg_2025_candidates_unified.xlsx
local_2025,__main__,pr,gd,ქართული ოცნება,41,65,მარტვილი,8,,რომან,ბასილაია,რომან ბასილაია,,,adg_2025_candidates_unified.xlsx
local_2025,__main__,pr,gd,ქართული ოცნება,41,65,მარტვილი,9,,ვინორი,ბერიშვილი,ვინორი ბერიშვილი,,,adg_2025_candidates_unified.xlsx
local_2025,__main__,pr,gd,ქართული ოცნება,41,65,მარტვილი,10,,ხატია,ნაჭყებია,ხატია ნაჭყებია,,,adg_2025_candidates_unified.xlsx
local_2025,__main__,pr,gd,ქართული ოცნება,41,65,მარტვილი,11,,ირინა,გადელია,ირინა გადელია,,,adg_2025_candidates_unified.xlsx
local_2025,__main__,pr,gd,ქართული ოცნება,41,65,მარტვილი,12,,დავით,ნაჭყებია,დავით ნაჭყებია,,,adg_2025_candidates_unified.xlsx
local_2025,__main__,pr,gd,ქართული ოცნება,41,65,მარტვილი,13,,თემური,ჯელია,თემური ჯელია,,,adg_2025_candidates_unified.xlsx
local_2025,__main__,pr,gd,ქართული ოცნება,41,65,მარტვილი,14,,გიორგი,კოკაია,გიორგი კოკაია,,,adg_2025_candidates_unified.xlsx
local_2025,__main__,pr,gd,ქართული ოცნება,41,65,მარტვილი,15,,გოგა,ბეჭვაია,გოგა ბეჭვაია,,,adg_2025_candidates_unified.xlsx
local_2025,__main__,pr,gd,ქართული ოცნება,41,65,მარტვილი,16,,კახა,ჯავახია,კახა ჯავახია,,,adg_2025_candidates_unified.xlsx
local_2025,__main__,pr,gd,ქართული ოცნება,41,65,მარტვილი,17,,ბაჩანა,ცანავა,ბაჩანა ცანავა,,,adg_2025_candidates_unified.xlsx
local_2025,__main__,pr,gd,ქართული ოცნება,41,65,მარტვილი,18,,ზვიად,ბაჩილავა,ზვიად ბაჩილავა,,,adg_2025_candidates_unified.xlsx
local_2025,__main__,pr,gd,ქართული ოცნება,41,65,მარტვილი,19,,კობა,დარჯანია,კობა დარჯანია,,,adg_2025_candidates_unified.xlsx
local_2025,__main__,pr,gd,ქართული ოცნება,41,65,მარტვილი,20,,გიორგი,ჯიჯელავა,გიორგი ჯიჯელავა,,,adg_2025_candidates_unified.xlsx
local_2025,__main__,pr,gd,ქართული ოცნება,41,65,მარტვილი,21,,ზურაბ,მელიავა,ზურაბ მელიავა,,,adg_2025_candidates_unified.xlsx
local_2025,__main__,pr,gd,ქართული ოცნება,41,65,მარტვილი,22,,შაკა,ნაჭყებია,შაკა ნაჭყებია,,,adg_2025_candidates_unified.xlsx
local_2025,__main__,pr,gd,ქართული ოცნება,41,65,მარტვილი,23,,ჯამბულ,ხუროძე,ჯამბულ ხუროძე,,,adg_2025_candidates_unified.xlsx
local_2025,__main__,pr,gd,ქართული ოცნება,41,65,მარტვილი,24,,ლევან,სურმავა,ლევან სურმავა,,,adg_2025_candidates_unified.xlsx
local_2025,__main__,pr,gd,ქართული ოცნება,41,65,მარტვილი,25,,რობერტ,კაკულია,რობერტ კაკულია,,,adg_2025_candidates_unified.xlsx
local_2025,__main__,pr,gd,ქართული ოცნება,41,65,მარტვილი,26,,მინდია,გაბისონია,მინდია გაბისონია,,,adg_2025_candidates_unified.xlsx
local_2025,__main__,pr,gd,ქართული ოცნება,41,65,მარტვილი,27,,იპოლიტე,დანელია,იპოლიტე დანელია,,,adg_2025_candidates_unified.xlsx
local_2025,__main__,pr,gd,ქართული ოცნება,41,65,მარტვილი,28,,შალვა,ბახია,შალვა ბახია,,,adg_2025_candidates_unified.xlsx
local_2025,__main__,pr,gd,ქართული ოცნება,41,65,მარტვილი,29,,მიხეილ,ჯანაშია,მიხეილ ჯანაშია,,,adg_2025_candidates_unified.xlsx
local_2025,__main__,pr,gd,ქართული ოცნება,41,65,მარტვილი,30,,გიზო,პატარაია,გიზო პატარაია,,,adg_2025_candidates_unified.xlsx
local_2025,__main__,pr,conservatives_geo,„კონსერვატორები საქართველოსთვის“,3,66,ხობი,1,,ბესიკი,ბაძაღუა,ბესიკი ბაძაღუა,,,adg_2025_candidates_unified.xlsx
local_2025,__main__,pr,conservatives_geo,„კონსერვატორები საქართველოსთვის“,3,66,ხობი,2,,გიორგი,ხურცილავა,გიორგი ხურცილავა,,,adg_2025_candidates_unified.xlsx
local_2025,__main__,pr,conservatives_geo,„კონსერვატორები საქართველოსთვის“,3,66,ხობი,3,,გოგიტა,მგალობლიშვილი,გოგიტა მგალობლიშვილი,,,adg_2025_candidates_unified.xlsx
local_2025,__main__,pr,conservatives_geo,„კონსერვატორები საქართველოსთვის“,3,66,ხობი,5,,ვახტანგი,გულეიშვილი,ვახტანგი გულეიშვილი,,,adg_2025_candidates_unified.xlsx
local_2025,__main__,pr,conservatives_geo,„კონსერვატორები საქართველოსთვის“,3,66,ხობი,6,,როინი,ბესელია,როინი ბესელია,,,adg_2025_candidates_unified.xlsx
local_2025,__main__,pr,conservatives_geo,„კონსერვატორები საქართველოსთვის“,3,66,ხობი,7,,მადონა,ბაძაღუა,მადონა ბაძაღუა,,,adg_2025_candidates_unified.xlsx
local_2025,__main__,pr,strong_georgia,ძლიერი საქართველო-ლელო,9,66,ხობი,1,,ლაშა,ცატავა,ლაშა ცატავა,,,adg_2025_candidates_unified.xlsx
local_2025,__main__,pr,strong_georgia,ძლიერი საქართველო-ლელო,9,66,ხობი,2,,კახა,ლატარია,კახა ლატარია,,,adg_2025_candidates_unified.xlsx
local_2025,__main__,pr,strong_georgia,ძლიერი საქართველო-ლელო,9,66,ხობი,3,,ნოდარი,კარტოზია,ნოდარი კარტოზია,,,adg_2025_candidates_unified.xlsx
local_2025,__main__,pr,strong_georgia,ძლიერი საქართველო-ლელო,9,66,ხობი,4,,ინგა,ჩაგანავა,ინგა ჩაგანავა,,,adg_2025_candidates_unified.xlsx
local_2025,__main__,pr,strong_georgia,ძლიერი საქართველო-ლელო,9,66,ხობი,5,,ზვიადი,ქანდავაძე,ზვიადი ქანდავაძე,,,adg_2025_candidates_unified.xlsx
local_2025,__main__,pr,strong_georgia,ძლიერი საქართველო-ლელო,9,66,ხობი,6,,ქრისტინე,გაფრინდაშვილი,ქრისტინე გაფრინდაშვილი,,,adg_2025_candidates_unified.xlsx
local_2025,__main__,pr,strong_georgia,ძლიერი საქართველო-ლელო,9,66,ხობი,7,,გიორგი,გოდორაძე,გიორგი გოდორაძე,,,adg_2025_candidates_unified.xlsx
local_2025,__main__,pr,strong_georgia,ძლიერი საქართველო-ლელო,9,66,ხობი,8,,ელენე,ჩიქოვანი,ელენე ჩიქოვანი,,,adg_2025_candidates_unified.xlsx
local_2025,__main__,pr,strong_georgia,ძლიერი საქართველო-ლელო,9,66,ხობი,10,,მაია,არეშიძე,მაია არეშიძე,,,adg_2025_candidates_unified.xlsx
local_2025,__main__,pr,strong_georgia,ძლიერი საქართველო-ლელო,9,66,ხობი,11,,ანა,ფიფია,ანა ფიფია,,,adg_2025_candidates_unified.xlsx
local_2025,__main__,pr,strong_georgia,ძლიერი საქართველო-ლელო,9,66,ხობი,12,,გელა,ჭითანავა,გელა ჭითანავა,,,adg_2025_candidates_unified.xlsx
local_2025,__main__,pr,strong_georgia,ძლიერი საქართველო-ლელო,9,66,ხობი,13,,ვიტალი,ტაბატაძე,ვიტალი ტაბატაძე,,,adg_2025_candidates_unified.xlsx
local_2025,__main__,pr,strong_georgia,ძლიერი საქართველო-ლელო,9,66,ხობი,14,,გულადი,კაკულია,გულადი კაკულია,,,adg_2025_candidates_unified.xlsx
local_2025,__main__,pr,strong_georgia,ძლიერი საქართველო-ლელო,9,66,ხობი,15,,თორნიკე,ჯანჯულია,თორნიკე ჯანჯულია,,,adg_2025_candidates_unified.xlsx
local_2025,__main__,pr,strong_georgia,ძლიერი საქართველო-ლელო,9,66,ხობი,16,,ბუბა,გრიგოლავა,ბუბა გრიგოლავა,,,adg_2025_candidates_unified.xlsx
local_2025,__main__,pr,strong_georgia,ძლიერი საქართველო-ლელო,9,66,ხობი,17,,ილარიონი,წოწორია,ილარიონი წოწორია,,,adg_2025_candidates_unified.xlsx
local_2025,__main__,pr,gakharia,„გახარია საქართველოსთვის“,25,66,ხობი,1,,გაიოზი,ქირია,გაიოზი ქირია,,,adg_2025_candidates_unified.xlsx
local_2025,__main__,pr,gakharia,„გახარია საქართველოსთვის“,25,66,ხობი,2,,მერაბი,დოლბაია,მერაბი დოლბაია,,,adg_2025_candidates_unified.xlsx
local_2025,__main__,pr,gakharia,„გახარია საქართველოსთვის“,25,66,ხობი,3,,მურთაზ,ბუკია,მურთაზ ბუკია,,,adg_2025_candidates_unified.xlsx
local_2025,__main__,pr,gakharia,„გახარია საქართველოსთვის“,25,66,ხობი,4,,მაკა,სახურია,მაკა სახურია,,,adg_2025_candidates_unified.xlsx
local_2025,__main__,pr,gakharia,„გახარია საქართველოსთვის“,25,66,ხობი,5,,აპალონი,გვაზავა,აპალონი გვაზავა,,,adg_2025_candidates_unified.xlsx
local_2025,__main__,pr,gakharia,„გახარია საქართველოსთვის“,25,66,ხობი,6,,იგორი,კოდუა,იგორი კოდუა,,,adg_2025_candidates_unified.xlsx
local_2025,__main__,pr,gakharia,„გახარია საქართველოსთვის“,25,66,ხობი,8,,სოსო,შამათავა,სოსო შამათავა,,,adg_2025_candidates_unified.xlsx
local_2025,__main__,pr,gakharia,„გახარია საქართველოსთვის“,25,66,ხობი,9,,მალხაზი,შამანაძე,მალხაზი შამანაძე,,,adg_2025_candidates_unified.xlsx
local_2025,__main__,pr,gd,ქართული ოცნება,41,66,ხობი,1,,გოჩა,ქაჯაია,გოჩა ქაჯაია,,,adg_2025_candidates_unified.xlsx
local_2025,__main__,pr,gd,ქართული ოცნება,41,66,ხობი,2,,მამუკა,ქარდავა,მამუკა ქარდავა,,,adg_2025_candidates_unified.xlsx
local_2025,__main__,pr,gd,ქართული ოცნება,41,66,ხობი,3,,დოდო,გაბუნია,დოდო გაბუნია,,,adg_2025_candidates_unified.xlsx
local_2025,__main__,pr,gd,ქართული ოცნება,41,66,ხობი,4,,მედეა,თათარიშვილი,მედეა თათარიშვილი,,,adg_2025_candidates_unified.xlsx
local_2025,__main__,pr,gd,ქართული ოცნება,41,66,ხობი,5,,ქეთევან,კვირიკაშვილი,ქეთევან კვირიკაშვილი,,,adg_2025_candidates_unified.xlsx
local_2025,__main__,pr,gd,ქართული ოცნება,41,66,ხობი,6,,ანი,ბუცხრიკიძე,ანი ბუცხრიკიძე,,,adg_2025_candidates_unified.xlsx
local_2025,__main__,pr,gd,ქართული ოცნება,41,66,ხობი,7,,დიტო,ხასია,დიტო ხასია,,,adg_2025_candidates_unified.xlsx
local_2025,__main__,pr,gd,ქართული ოცნება,41,66,ხობი,8,,ივერი,ბერიძე,ივერი ბერიძე,,,adg_2025_candidates_unified.xlsx
local_2025,__main__,pr,gd,ქართული ოცნება,41,66,ხობი,9,,ნუგზარი,შუშანია,ნუგზარი შუშანია,,,adg_2025_candidates_unified.xlsx
local_2025,__main__,pr,gd,ქართული ოცნება,41,66,ხობი,10,,ბექა,მამაცაშვილი,ბექა მამაცაშვილი,,,adg_2025_candidates_unified.xlsx
local_2025,__main__,pr,gd,ქართული ოცნება,41,66,ხობი,11,,გიორგი,გოგოხია,გიორგი გოგოხია,,,adg_2025_candidates_unified.xlsx
local_2025,__main__,pr,gd,ქართული ოცნება,41,66,ხობი,12,,ალიოშა,საჯაია,ალიოშა საჯაია,,,adg_2025_candidates_unified.xlsx
local_2025,__main__,pr,gd,ქართული ოცნება,41,66,ხობი,13,,ზაზა,ალექსანდრია,ზაზა ალექსანდრია,,,adg_2025_candidates_unified.xlsx
local_2025,__main__,pr,gd,ქართული ოცნება,41,66,ხობი,14,,გიგა,კაპანაძე,გიგა კაპანაძე,,,adg_2025_candidates_unified.xlsx
local_2025,__main__,pr,gd,ქართული ოცნება,41,66,ხობი,15,,მარინა,გელენავა,მარინა გელენავა,,,adg_2025_candidates_unified.xlsx
local_2025,__main__,pr,gd,ქართული ოცნება,41,66,ხობი,16,,ავთანდილი,ხუნჯუა,ავთანდილი ხუნჯუა,,,adg_2025_candidates_unified.xlsx
local_2025,__main__,pr,gd,ქართული ოცნება,41,66,ხობი,17,,ბეჟანი,ნადარაია,ბეჟანი ნადარაია,,,adg_2025_candidates_unified.xlsx
local_2025,__main__,pr,gd,ქართული ოცნება,41,66,ხობი,18,,მამუკა,ყორშია,მამუკა ყორშია,,,adg_2025_candidates_unified.xlsx
local_2025,__main__,pr,gd,ქართული ოცნება,41,66,ხობი,19,,ნონა,ალანია,ნონა ალანია,,,adg_2025_candidates_unified.xlsx
local_2025,__main__,pr,gd,ქართული ოცნება,41,66,ხობი,20,,ლელა,ქანთარია,ლელა ქანთარია,,,adg_2025_candidates_unified.xlsx
local_2025,__main__,pr,gd,ქართული ოცნება,41,66,ხობი,21,,მაია,უბილავა,მაია უბილავა,,,adg_2025_candidates_unified.xlsx
local_2025,__main__,pr,gd,ქართული ოცნება,41,66,ხობი,22,,სოსო,ლაგვილავა,სოსო ლაგვილავა,,,adg_2025_candidates_unified.xlsx
local_2025,__main__,pr,gd,ქართული ოცნება,41,66,ხობი,23,,სერგო,ბერაია,სერგო ბერაია,,,adg_2025_candidates_unified.xlsx
local_2025,__main__,pr,gd,ქართული ოცნება,41,66,ხობი,24,,ფრიდონი,კუკავა,ფრიდონი კუკავა,,,adg_2025_candidates_unified.xlsx
local_2025,__main__,pr,gd,ქართული ოცნება,41,66,ხობი,25,,გივი,ლატარია,გივი ლატარია,,,adg_2025_candidates_unified.xlsx
local_2025,__main__,pr,gd,ქართული ოცნება,41,66,ხობი,26,,ბადრი,რიჟამაძე,ბადრი რიჟამაძე,,,adg_2025_candidates_unified.xlsx
local_2025,__main__,pr,gd,ქართული ოცნება,41,66,ხობი,27,,ფრიდონ,შონია,ფრიდონ შონია,,,adg_2025_candidates_unified.xlsx
local_2025,__main__,pr,gd,ქართული ოცნება,41,66,ხობი,28,,ირაკლი,სახურია,ირაკლი სახურია,,,adg_2025_candidates_unified.xlsx
local_2025,__main__,pr,gd,ქართული ოცნება,41,66,ხობი,29,,აკაკი,ხურცილავა,აკაკი ხურცილავა,,,adg_2025_candidates_unified.xlsx
local_2025,__main__,pr,gd,ქართული ოცნება,41,66,ხობი,30,,გია,წულაია,გია წულაია,,,adg_2025_candidates_unified.xlsx
local_2025,__main__,pr,conservatives_geo,„კონსერვატორები საქართველოსთვის“,3,67,ზუგდიდი,1,,ჯაბა,კუტალია,ჯაბა კუტალია,,,adg_2025_candidates_unified.xlsx
local_2025,__main__,pr,conservatives_geo,„კონსერვატორები საქართველოსთვის“,3,67,ზუგდიდი,2,,დიმიტრი,ქუხილავა,დიმიტრი ქუხილავა,,,adg_2025_candidates_unified.xlsx
local_2025,__main__,pr,conservatives_geo,„კონსერვატორები საქართველოსთვის“,3,67,ზუგდიდი,3,,ცოტნე,მიქავა,ცოტნე მიქავა,,,adg_2025_candidates_unified.xlsx
local_2025,__main__,pr,conservatives_geo,„კონსერვატორები საქართველოსთვის“,3,67,ზუგდიდი,4,,ბაკურ,ძიმცეიშვილი,ბაკურ ძიმცეიშვილი,,,adg_2025_candidates_unified.xlsx
local_2025,__main__,pr,conservatives_geo,„კონსერვატორები საქართველოსთვის“,3,67,ზუგდიდი,5,,რენო,კუკავა,რენო კუკავა,,,adg_2025_candidates_unified.xlsx
local_2025,__main__,pr,conservatives_geo,„კონსერვატორები საქართველოსთვის“,3,67,ზუგდიდი,6,,პალად,ცანავა,პალად ცანავა,,,adg_2025_candidates_unified.xlsx
local_2025,__main__,pr,conservatives_geo,„კონსერვატორები საქართველოსთვის“,3,67,ზუგდიდი,7,,რომანი,გულუა,რომანი გულუა,,,adg_2025_candidates_unified.xlsx
local_2025,__main__,pr,conservatives_geo,„კონსერვატორები საქართველოსთვის“,3,67,ზუგდიდი,8,,თენგიზ,პირველი,თენგიზ პირველი,,,adg_2025_candidates_unified.xlsx
local_2025,__main__,pr,patriots,„საქართველოს პატრიოტთა ალიანსი“,8,67,ზუგდიდი,1,,მიხეილ,ჯობავა,მიხეილ ჯობავა,,,adg_2025_candidates_unified.xlsx
local_2025,__main__,pr,patriots,„საქართველოს პატრიოტთა ალიანსი“,8,67,ზუგდიდი,2,,მანანა,მიქავა,მანანა მიქავა,,,adg_2025_candidates_unified.xlsx
local_2025,__main__,pr,patriots,„საქართველოს პატრიოტთა ალიანსი“,8,67,ზუგდიდი,3,,ირაკლი,ქუჩულორია,ირაკლი ქუჩულორია,,,adg_2025_candidates_unified.xlsx
local_2025,__main__,pr,patriots,„საქართველოს პატრიოტთა ალიანსი“,8,67,ზუგდიდი,4,,ქრისტინე,ჭითანავა,ქრისტინე ჭითანავა,,,adg_2025_candidates_unified.xlsx
local_2025,__main__,pr,patriots,„საქართველოს პატრიოტთა ალიანსი“,8,67,ზუგდიდი,5,,ლაშა,შანავა,ლაშა შანავა,,,adg_2025_candidates_unified.xlsx
local_2025,__main__,pr,patriots,„საქართველოს პატრიოტთა ალიანსი“,8,67,ზუგდიდი,6,,ანა,ლაგვილავა,ანა ლაგვილავა,,,adg_2025_candidates_unified.xlsx
local_2025,__main__,pr,patriots,„საქართველოს პატრიოტთა ალიანსი“,8,67,ზუგდიდი,7,,ნინო,ჭითანავა,ნინო ჭითანავა,,,adg_2025_candidates_unified.xlsx
local_2025,__main__,pr,strong_georgia,ძლიერი საქართველო-ლელო,9,67,ზუგდიდი,1,,სოფიო,შამუგია,სოფიო შამუგია,,,adg_2025_candidates_unified.xlsx
local_2025,__main__,pr,strong_georgia,ძლიერი საქართველო-ლელო,9,67,ზუგდიდი,2,,თენგიზ,ქოჩუა,თენგიზ ქოჩუა,,,adg_2025_candidates_unified.xlsx
local_2025,__main__,pr,strong_georgia,ძლიერი საქართველო-ლელო,9,67,ზუგდიდი,3,,გიორგი,კვარაცხელია,გიორგი კვარაცხელია,,,adg_2025_candidates_unified.xlsx
local_2025,__main__,pr,strong_georgia,ძლიერი საქართველო-ლელო,9,67,ზუგდიდი,4,,გიორგი,ჯაკონია,გიორგი ჯაკონია,,,adg_2025_candidates_unified.xlsx
local_2025,__main__,pr,strong_georgia,ძლიერი საქართველო-ლელო,9,67,ზუგდიდი,5,,დავით,ჩქოტუა,დავით ჩქოტუა,,,adg_2025_candidates_unified.xlsx
local_2025,__main__,pr,strong_georgia,ძლიერი საქართველო-ლელო,9,67,ზუგდიდი,6,,ირაკლი,ჩახაია,ირაკლი ჩახაია,,,adg_2025_candidates_unified.xlsx
local_2025,__main__,pr,strong_georgia,ძლიერი საქართველო-ლელო,9,67,ზუგდიდი,7,,ფრიდონ,ბულია,ფრიდონ ბულია,,,adg_2025_candidates_unified.xlsx
local_2025,__main__,pr,strong_georgia,ძლიერი საქართველო-ლელო,9,67,ზუგდიდი,8,,ნათია,მებონია,ნათია მებონია,,,adg_2025_candidates_unified.xlsx
local_2025,__main__,pr,strong_georgia,ძლიერი საქართველო-ლელო,9,67,ზუგდიდი,9,,მერაბ,ბერულავა,მერაბ ბერულავა,,,adg_2025_candidates_unified.xlsx
local_2025,__main__,pr,strong_georgia,ძლიერი საქართველო-ლელო,9,67,ზუგდიდი,10,,ზვიად,ახალაია,ზვიად ახალაია,,,adg_2025_candidates_unified.xlsx
local_2025,__main__,pr,strong_georgia,ძლიერი საქართველო-ლელო,9,67,ზუგდიდი,11,,ანნა,ზოლინა,ანნა ზოლინა,,,adg_2025_candidates_unified.xlsx
local_2025,__main__,pr,strong_georgia,ძლიერი საქართველო-ლელო,9,67,ზუგდიდი,12,,ლევან,თოდუა,ლევან თოდუა,,,adg_2025_candidates_unified.xlsx
local_2025,__main__,pr,strong_georgia,ძლიერი საქართველო-ლელო,9,67,ზუგდიდი,13,,ნანი,შონია,ნანი შონია,,,adg_2025_candidates_unified.xlsx
local_2025,__main__,pr,strong_georgia,ძლიერი საქართველო-ლელო,9,67,ზუგდიდი,14,,ერეკლე,გუჯეჯიანი,ერეკლე გუჯეჯიანი,,,adg_2025_candidates_unified.xlsx
local_2025,__main__,pr,gakharia,„გახარია საქართველოსთვის“,25,67,ზუგდიდი,1,,ბელა,მოსია,ბელა მოსია,,,adg_2025_candidates_unified.xlsx
local_2025,__main__,pr,gakharia,„გახარია საქართველოსთვის“,25,67,ზუგდიდი,2,,მალხაზ,თორია,მალხაზ თორია,,,adg_2025_candidates_unified.xlsx
local_2025,__main__,pr,gakharia,„გახარია საქართველოსთვის“,25,67,ზუგდიდი,3,,ნათია,სახოკია,ნათია სახოკია,,,adg_2025_candidates_unified.xlsx
local_2025,__main__,pr,gakharia,„გახარია საქართველოსთვის“,25,67,ზუგდიდი,4,,გოჩა,კოკაია,გოჩა კოკაია,,,adg_2025_candidates_unified.xlsx
local_2025,__main__,pr,gakharia,„გახარია საქართველოსთვის“,25,67,ზუგდიდი,5,,ლუკა,მებონია,ლუკა მებონია,,,adg_2025_candidates_unified.xlsx
local_2025,__main__,pr,gakharia,„გახარია საქართველოსთვის“,25,67,ზუგდიდი,6,,ირაკლი,ზარანდია,ირაკლი ზარანდია,,,adg_2025_candidates_unified.xlsx
local_2025,__main__,pr,gakharia,„გახარია საქართველოსთვის“,25,67,ზუგდიდი,7,,მერი,შენგელაია,მერი შენგელაია,,,adg_2025_candidates_unified.xlsx
local_2025,__main__,pr,gakharia,„გახარია საქართველოსთვის“,25,67,ზუგდიდი,8,,შალვა,ჩაგინავა,შალვა ჩაგინავა,,,adg_2025_candidates_unified.xlsx
local_2025,__main__,pr,gakharia,„გახარია საქართველოსთვის“,25,67,ზუგდიდი,9,,თათია,შელია,თათია შელია,,,adg_2025_candidates_unified.xlsx
local_2025,__main__,pr,gakharia,„გახარია საქართველოსთვის“,25,67,ზუგდიდი,10,,საბა,გაბედავა,საბა გაბედავა,,,adg_2025_candidates_unified.xlsx
local_2025,__main__,pr,gakharia,„გახარია საქართველოსთვის“,25,67,ზუგდიდი,11,,გიორგი,მოსია,გიორგი მოსია,,,adg_2025_candidates_unified.xlsx
local_2025,__main__,pr,gakharia,„გახარია საქართველოსთვის“,25,67,ზუგდიდი,12,,მამუკა,ხასია,მამუკა ხასია,,,adg_2025_candidates_unified.xlsx
local_2025,__main__,pr,gakharia,„გახარია საქართველოსთვის“,25,67,ზუგდიდი,13,,ბადრი,აბსანძე,ბადრი აბსანძე,,,adg_2025_candidates_unified.xlsx
local_2025,__main__,pr,girchi,გირჩი,36,67,ზუგდიდი,1,,გიორგი,ხვიჩია,გიორგი ხვიჩია,,,adg_2025_candidates_unified.xlsx
local_2025,__main__,pr,girchi,გირჩი,36,67,ზუგდიდი,2,,დავით,წურწუმია,დავით წურწუმია,,,adg_2025_candidates_unified.xlsx
local_2025,__main__,pr,girchi,გირჩი,36,67,ზუგდიდი,4,,ინგა,გვილია,ინგა გვილია,,,adg_2025_candidates_unified.xlsx
local_2025,__main__,pr,girchi,გირჩი,36,67,ზუგდიდი,5,,მაია,ბერზენია,მაია ბერზენია,,,adg_2025_candidates_unified.xlsx
local_2025,__main__,pr,girchi,გირჩი,36,67,ზუგდიდი,6,,ზურაბ,ხვიჩია,ზურაბ ხვიჩია,,,adg_2025_candidates_unified.xlsx
local_2025,__main__,pr,girchi,გირჩი,36,67,ზუგდიდი,7,,ნანი,მებონია,ნანი მებონია,,,adg_2025_candidates_unified.xlsx
local_2025,__main__,pr,girchi,გირჩი,36,67,ზუგდიდი,8,,ეკატერინე,კვიკვინია,ეკატერინე კვიკვინია,,,adg_2025_candidates_unified.xlsx
local_2025,__main__,pr,gd,ქართული ოცნება,41,67,ზუგდიდი,1,,მამუკა,წოწერია,მამუკა წოწერია,,,adg_2025_candidates_unified.xlsx
local_2025,__main__,pr,gd,ქართული ოცნება,41,67,ზუგდიდი,2,,ნანა,ხუფაცარია,ნანა ხუფაცარია,,,adg_2025_candidates_unified.xlsx
local_2025,__main__,pr,gd,ქართული ოცნება,41,67,ზუგდიდი,3,,ოთარი,ქადარია,ოთარი ქადარია,,,adg_2025_candidates_unified.xlsx
local_2025,__main__,pr,gd,ქართული ოცნება,41,67,ზუგდიდი,4,,კონსტანტინე,უბერი,კონსტანტინე უბერი,,,adg_2025_candidates_unified.xlsx
local_2025,__main__,pr,gd,ქართული ოცნება,41,67,ზუგდიდი,5,,გიორგი,კორტავა,გიორგი კორტავა,,,adg_2025_candidates_unified.xlsx
local_2025,__main__,pr,gd,ქართული ოცნება,41,67,ზუგდიდი,6,,ბეჟანი,შანავა,ბეჟანი შანავა,,,adg_2025_candidates_unified.xlsx
local_2025,__main__,pr,gd,ქართული ოცნება,41,67,ზუგდიდი,7,,კონსტანტინე,კაკავა,კონსტანტინე კაკავა,,,adg_2025_candidates_unified.xlsx
local_2025,__main__,pr,gd,ქართული ოცნება,41,67,ზუგდიდი,8,,ირაკლი,გოგოხია,ირაკლი გოგოხია,,,adg_2025_candidates_unified.xlsx
local_2025,__main__,pr,gd,ქართული ოცნება,41,67,ზუგდიდი,9,,თამუნა,ჯიქია,თამუნა ჯიქია,,,adg_2025_candidates_unified.xlsx
local_2025,__main__,pr,gd,ქართული ოცნება,41,67,ზუგდიდი,10,,მაიზერ,ნანავა,მაიზერ ნანავა,,,adg_2025_candidates_unified.xlsx
local_2025,__main__,pr,gd,ქართული ოცნება,41,67,ზუგდიდი,11,,ირუზა,კაკავა,ირუზა კაკავა,,,adg_2025_candidates_unified.xlsx
local_2025,__main__,pr,gd,ქართული ოცნება,41,67,ზუგდიდი,12,,ნატალია,შეროზია,ნატალია შეროზია,,,adg_2025_candidates_unified.xlsx
local_2025,__main__,pr,gd,ქართული ოცნება,41,67,ზუგდიდი,13,,თამრიკო,ანთია,თამრიკო ანთია,,,adg_2025_candidates_unified.xlsx
local_2025,__main__,pr,gd,ქართული ოცნება,41,67,ზუგდიდი,14,,ეკატერინე,კიფაია,ეკატერინე კიფაია,,,adg_2025_candidates_unified.xlsx
local_2025,__main__,pr,gd,ქართული ოცნება,41,67,ზუგდიდი,15,,ზაალ,შამუგია,ზაალ შამუგია,,,adg_2025_candidates_unified.xlsx
local_2025,__main__,pr,gd,ქართული ოცნება,41,67,ზუგდიდი,16,,ილია,მიშველია,ილია მიშველია,,,adg_2025_candidates_unified.xlsx
local_2025,__main__,pr,gd,ქართული ოცნება,41,67,ზუგდიდი,17,,ზაზა,ზარანდია,ზაზა ზარანდია,,,adg_2025_candidates_unified.xlsx
local_2025,__main__,pr,gd,ქართული ოცნება,41,67,ზუგდიდი,18,,ნანა,ახალაია,ნანა ახალაია,,,adg_2025_candidates_unified.xlsx
local_2025,__main__,pr,gd,ქართული ოცნება,41,67,ზუგდიდი,19,,ელგუჯა,სართანია,ელგუჯა სართანია,,,adg_2025_candidates_unified.xlsx
local_2025,__main__,pr,gd,ქართული ოცნება,41,67,ზუგდიდი,20,,თაზო,ფაცაცია,თაზო ფაცაცია,,,adg_2025_candidates_unified.xlsx
local_2025,__main__,pr,gd,ქართული ოცნება,41,67,ზუგდიდი,21,,რატი,ყოლბაია,რატი ყოლბაია,,,adg_2025_candidates_unified.xlsx
local_2025,__main__,pr,gd,ქართული ოცნება,41,67,ზუგდიდი,22,,თენგიზ,ქობალია,თენგიზ ქობალია,,,adg_2025_candidates_unified.xlsx
local_2025,__main__,pr,gd,ქართული ოცნება,41,67,ზუგდიდი,23,,ზვიად,ჯიჭონაია,ზვიად ჯიჭონაია,,,adg_2025_candidates_unified.xlsx
local_2025,__main__,pr,gd,ქართული ოცნება,41,67,ზუგდიდი,24,,ნიკოლოზ,ზარქუა,ნიკოლოზ ზარქუა,,,adg_2025_candidates_unified.xlsx
local_2025,__main__,pr,gd,ქართული ოცნება,41,67,ზუგდიდი,25,,ედიტა,კოდუა,ედიტა კოდუა,,,adg_2025_candidates_unified.xlsx
local_2025,__main__,pr,gd,ქართული ოცნება,41,67,ზუგდიდი,26,,მამუკა,ყურაშვილი,მამუკა ყურაშვილი,,,adg_2025_candidates_unified.xlsx
local_2025,__main__,pr,gd,ქართული ოცნება,41,67,ზუგდიდი,27,,მამუკა,თოლორაია,მამუკა თოლორაია,,,adg_2025_candidates_unified.xlsx
local_2025,__main__,pr,gd,ქართული ოცნება,41,67,ზუგდიდი,28,,გიორგი,ჯანაშია,გიორგი ჯანაშია,,,adg_2025_candidates_unified.xlsx
local_2025,__main__,pr,gd,ქართული ოცნება,41,67,ზუგდიდი,29,,მირანდა,კიტია,მირანდა კიტია,,,adg_2025_candidates_unified.xlsx
local_2025,__main__,pr,gd,ქართული ოცნება,41,67,ზუგდიდი,30,,სოსო,საჯაია,სოსო საჯაია,,,adg_2025_candidates_unified.xlsx
local_2025,__main__,pr,gd,ქართული ოცნება,41,67,ზუგდიდი,31,,გულადი,ესებუა,გულადი ესებუა,,,adg_2025_candidates_unified.xlsx
local_2025,__main__,pr,gd,ქართული ოცნება,41,67,ზუგდიდი,32,,გიორგი,ხუფენია,გიორგი ხუფენია,,,adg_2025_candidates_unified.xlsx
local_2025,__main__,pr,gd,ქართული ოცნება,41,67,ზუგდიდი,33,,თამაზ,ლუკავა,თამაზ ლუკავა,,,adg_2025_candidates_unified.xlsx
local_2025,__main__,pr,gd,ქართული ოცნება,41,67,ზუგდიდი,34,,ზვიად,ყორშია,ზვიად ყორშია,,,adg_2025_candidates_unified.xlsx
local_2025,__main__,pr,gd,ქართული ოცნება,41,67,ზუგდიდი,35,,აკაკი,ჯიჯელავა,აკაკი ჯიჯელავა,,,adg_2025_candidates_unified.xlsx
local_2025,__main__,pr,gd,ქართული ოცნება,41,67,ზუგდიდი,36,,შალვა,სორდია,შალვა სორდია,,,adg_2025_candidates_unified.xlsx
local_2025,__main__,pr,gd,ქართული ოცნება,41,67,ზუგდიდი,37,,ირაკლი,ნარმანია,ირაკლი ნარმანია,,,adg_2025_candidates_unified.xlsx
local_2025,__main__,pr,gd,ქართული ოცნება,41,67,ზუგდიდი,38,,ცოტნე,ბულია,ცოტნე ბულია,,,adg_2025_candidates_unified.xlsx
local_2025,__main__,pr,gd,ქართული ოცნება,41,67,ზუგდიდი,39,,ლევანი,ხასია,ლევანი ხასია,,,adg_2025_candidates_unified.xlsx
local_2025,__main__,pr,gd,ქართული ოცნება,41,67,ზუგდიდი,40,,სოსო,გოგოხია,სოსო გოგოხია,,,adg_2025_candidates_unified.xlsx
local_2025,__main__,pr,conservatives_geo,„კონსერვატორები საქართველოსთვის“,3,68,წალენჯიხა,1,,რამაზ,ხულორდავა,რამაზ ხულორდავა,,,adg_2025_candidates_unified.xlsx
local_2025,__main__,pr,conservatives_geo,„კონსერვატორები საქართველოსთვის“,3,68,წალენჯიხა,2,,ედუარდი,ქარდავა,ედუარდი ქარდავა,,,adg_2025_candidates_unified.xlsx
local_2025,__main__,pr,conservatives_geo,„კონსერვატორები საქართველოსთვის“,3,68,წალენჯიხა,3,,ეკატერინე,კვარაცხელია,ეკატერინე კვარაცხელია,,,adg_2025_candidates_unified.xlsx
local_2025,__main__,pr,conservatives_geo,„კონსერვატორები საქართველოსთვის“,3,68,წალენჯიხა,4,,ფატმან,ქარდავა,ფატმან ქარდავა,,,adg_2025_candidates_unified.xlsx
local_2025,__main__,pr,conservatives_geo,„კონსერვატორები საქართველოსთვის“,3,68,წალენჯიხა,5,,ირაკლი,ფიფია,ირაკლი ფიფია,,,adg_2025_candidates_unified.xlsx
local_2025,__main__,pr,conservatives_geo,„კონსერვატორები საქართველოსთვის“,3,68,წალენჯიხა,6,,ალექსანდრე,ქარდავა,ალექსანდრე ქარდავა,,,adg_2025_candidates_unified.xlsx
local_2025,__main__,pr,conservatives_geo,„კონსერვატორები საქართველოსთვის“,3,68,წალენჯიხა,7,,ედიშერ,ქარდავა,ედიშერ ქარდავა,,,adg_2025_candidates_unified.xlsx
local_2025,__main__,pr,conservatives_geo,„კონსერვატორები საქართველოსთვის“,3,68,წალენჯიხა,8,,დარეჯან,საჯაია,დარეჯან საჯაია,,,adg_2025_candidates_unified.xlsx
local_2025,__main__,pr,conservatives_geo,„კონსერვატორები საქართველოსთვის“,3,68,წალენჯიხა,9,,თეიმურაზი,აკობია,თეიმურაზი აკობია,,,adg_2025_candidates_unified.xlsx
local_2025,__main__,pr,strong_georgia,ძლიერი საქართველო-ლელო,9,68,წალენჯიხა,1,,გიორგი,დარსალია,გიორგი დარსალია,,,adg_2025_candidates_unified.xlsx
local_2025,__main__,pr,strong_georgia,ძლიერი საქართველო-ლელო,9,68,წალენჯიხა,2,,ლევან,ბელქანია,ლევან ბელქანია,,,adg_2025_candidates_unified.xlsx
local_2025,__main__,pr,strong_georgia,ძლიერი საქართველო-ლელო,9,68,წალენჯიხა,3,,ლევან,აფაქიძე,ლევან აფაქიძე,,,adg_2025_candidates_unified.xlsx
local_2025,__main__,pr,strong_georgia,ძლიერი საქართველო-ლელო,9,68,წალენჯიხა,4,,გოგი,გოგოხია,გოგი გოგოხია,,,adg_2025_candidates_unified.xlsx
local_2025,__main__,pr,strong_georgia,ძლიერი საქართველო-ლელო,9,68,წალენჯიხა,5,,გოდერძი,სალია,გოდერძი სალია,,,adg_2025_candidates_unified.xlsx
local_2025,__main__,pr,strong_georgia,ძლიერი საქართველო-ლელო,9,68,წალენჯიხა,6,,ემზარ,უბილავა,ემზარ უბილავა,,,adg_2025_candidates_unified.xlsx
local_2025,__main__,pr,strong_georgia,ძლიერი საქართველო-ლელო,9,68,წალენჯიხა,7,,თამილა,კვარაცხელია,თამილა კვარაცხელია,,,adg_2025_candidates_unified.xlsx
local_2025,__main__,pr,strong_georgia,ძლიერი საქართველო-ლელო,9,68,წალენჯიხა,8,,მაკა,კვარაცხელია,მაკა კვარაცხელია,,,adg_2025_candidates_unified.xlsx
local_2025,__main__,pr,strong_georgia,ძლიერი საქართველო-ლელო,9,68,წალენჯიხა,9,,გიორგი,კვარაცხელია,გიორგი კვარაცხელია,,,adg_2025_candidates_unified.xlsx
local_2025,__main__,pr,gakharia,„გახარია საქართველოსთვის“,25,68,წალენჯიხა,1,,ლევან,ლუკავა,ლევან ლუკავა,,,adg_2025_candidates_unified.xlsx
local_2025,__main__,pr,gakharia,„გახარია საქართველოსთვის“,25,68,წალენჯიხა,2,,გონერი,კვარაცხელია,გონერი კვარაცხელია,,,adg_2025_candidates_unified.xlsx
local_2025,__main__,pr,gakharia,„გახარია საქართველოსთვის“,25,68,წალენჯიხა,3,,არჩილ,ფიფია,არჩილ ფიფია,,,adg_2025_candidates_unified.xlsx
local_2025,__main__,pr,gakharia,„გახარია საქართველოსთვის“,25,68,წალენჯიხა,4,,ნინო,შანავა,ნინო შანავა,,,adg_2025_candidates_unified.xlsx
local_2025,__main__,pr,gakharia,„გახარია საქართველოსთვის“,25,68,წალენჯიხა,5,,თორნიკე,თოლორდავა,თორნიკე თოლორდავა,,,adg_2025_candidates_unified.xlsx
local_2025,__main__,pr,gakharia,„გახარია საქართველოსთვის“,25,68,წალენჯიხა,6,,არჩილ,ფიფია,არჩილ ფიფია,,,adg_2025_candidates_unified.xlsx
local_2025,__main__,pr,gakharia,„გახარია საქართველოსთვის“,25,68,წალენჯიხა,7,,შალვა,ქარჩავა,შალვა ქარჩავა,,,adg_2025_candidates_unified.xlsx
local_2025,__main__,pr,gakharia,„გახარია საქართველოსთვის“,25,68,წალენჯიხა,8,,ანანო,მიქავა,ანანო მიქავა,,,adg_2025_candidates_unified.xlsx
local_2025,__main__,pr,gakharia,„გახარია საქართველოსთვის“,25,68,წალენჯიხა,9,,მერაბ,ლოგუა,მერაბ ლოგუა,,,adg_2025_candidates_unified.xlsx
local_2025,__main__,pr,gakharia,„გახარია საქართველოსთვის“,25,68,წალენჯიხა,10,,ზურაბი,შეროზია,ზურაბი შეროზია,,,adg_2025_candidates_unified.xlsx
local_2025,__main__,pr,gakharia,„გახარია საქართველოსთვის“,25,68,წალენჯიხა,11,,კახაბერ,მესხია,კახაბერ მესხია,,,adg_2025_candidates_unified.xlsx
local_2025,__main__,pr,gakharia,„გახარია საქართველოსთვის“,25,68,წალენჯიხა,12,,დათუნა,ღვინჯილია,დათუნა ღვინჯილია,,,adg_2025_candidates_unified.xlsx
local_2025,__main__,pr,gakharia,„გახარია საქართველოსთვის“,25,68,წალენჯიხა,13,,გოჩა,კვარაცხელია,გოჩა კვარაცხელია,,,adg_2025_candidates_unified.xlsx
local_2025,__main__,pr,gakharia,„გახარია საქართველოსთვის“,25,68,წალენჯიხა,14,,ირაკლი,ჯოლოხავა,ირაკლი ჯოლოხავა,,,adg_2025_candidates_unified.xlsx
local_2025,__main__,pr,girchi,გირჩი,36,68,წალენჯიხა,1,,უჩა,მოლაშხია,უჩა მოლაშხია,,,adg_2025_candidates_unified.xlsx
local_2025,__main__,pr,girchi,გირჩი,36,68,წალენჯიხა,2,,მათე,ღვინჯილია,მათე ღვინჯილია,,,adg_2025_candidates_unified.xlsx
local_2025,__main__,pr,girchi,გირჩი,36,68,წალენჯიხა,3,,გიგი,მოლაშხია,გიგი მოლაშხია,,,adg_2025_candidates_unified.xlsx
local_2025,__main__,pr,girchi,გირჩი,36,68,წალენჯიხა,4,,გიო,კვარაცხელია,გიო კვარაცხელია,,,adg_2025_candidates_unified.xlsx
local_2025,__main__,pr,girchi,გირჩი,36,68,წალენჯიხა,5,,ქეთო,სახურია,ქეთო სახურია,,,adg_2025_candidates_unified.xlsx
local_2025,__main__,pr,girchi,გირჩი,36,68,წალენჯიხა,6,,ქეთევან,ყურუა,ქეთევან ყურუა,,,adg_2025_candidates_unified.xlsx
local_2025,__main__,pr,gd,ქართული ოცნება,41,68,წალენჯიხა,1,,ცოტნე,შონია,ცოტნე შონია,,,adg_2025_candidates_unified.xlsx
local_2025,__main__,pr,gd,ქართული ოცნება,41,68,წალენჯიხა,2,,ბესიკ,ფარცვანია,ბესიკ ფარცვანია,,,adg_2025_candidates_unified.xlsx
local_2025,__main__,pr,gd,ქართული ოცნება,41,68,წალენჯიხა,3,,გივი,კაჭარავა,გივი კაჭარავა,,,adg_2025_candidates_unified.xlsx
local_2025,__main__,pr,gd,ქართული ოცნება,41,68,წალენჯიხა,4,,ბაკურ,სონგულია,ბაკურ სონგულია,,,adg_2025_candidates_unified.xlsx
local_2025,__main__,pr,gd,ქართული ოცნება,41,68,წალენჯიხა,5,,მაია,მიქავა,მაია მიქავა,,,adg_2025_candidates_unified.xlsx
local_2025,__main__,pr,gd,ქართული ოცნება,41,68,წალენჯიხა,6,,მანანა,ჭანია,მანანა ჭანია,,,adg_2025_candidates_unified.xlsx
local_2025,__main__,pr,gd,ქართული ოცნება,41,68,წალენჯიხა,7,,ირაკლი,ძაძამია,ირაკლი ძაძამია,,,adg_2025_candidates_unified.xlsx
local_2025,__main__,pr,gd,ქართული ოცნება,41,68,წალენჯიხა,8,,დარეჯან,დადიანი,დარეჯან დადიანი,,,adg_2025_candidates_unified.xlsx
local_2025,__main__,pr,gd,ქართული ოცნება,41,68,წალენჯიხა,9,,ნუკრი,კვარაცხელია,ნუკრი კვარაცხელია,,,adg_2025_candidates_unified.xlsx
local_2025,__main__,pr,gd,ქართული ოცნება,41,68,წალენჯიხა,10,,ზაურ,კვარაცხელია,ზაურ კვარაცხელია,,,adg_2025_candidates_unified.xlsx
local_2025,__main__,pr,gd,ქართული ოცნება,41,68,წალენჯიხა,11,,გოჩა,ლიპარტია,გოჩა ლიპარტია,,,adg_2025_candidates_unified.xlsx
local_2025,__main__,pr,gd,ქართული ოცნება,41,68,წალენჯიხა,12,,ლირა,ღურწკაია,ლირა ღურწკაია,,,adg_2025_candidates_unified.xlsx
local_2025,__main__,pr,gd,ქართული ოცნება,41,68,წალენჯიხა,13,,შიო,კვარაცხელია,შიო კვარაცხელია,,,adg_2025_candidates_unified.xlsx
local_2025,__main__,pr,gd,ქართული ოცნება,41,68,წალენჯიხა,14,,პაატა,ჯოლოხავა,პაატა ჯოლოხავა,,,adg_2025_candidates_unified.xlsx
local_2025,__main__,pr,gd,ქართული ოცნება,41,68,წალენჯიხა,15,,ზურაბ,აკობია,ზურაბ აკობია,,,adg_2025_candidates_unified.xlsx
local_2025,__main__,pr,gd,ქართული ოცნება,41,68,წალენჯიხა,16,,ონისე,აკობია,ონისე აკობია,,,adg_2025_candidates_unified.xlsx
local_2025,__main__,pr,gd,ქართული ოცნება,41,68,წალენჯიხა,17,,გიორგი,კვარაცხელია,გიორგი კვარაცხელია,,,adg_2025_candidates_unified.xlsx
local_2025,__main__,pr,gd,ქართული ოცნება,41,68,წალენჯიხა,18,,ალიკა,შანავა,ალიკა შანავა,,,adg_2025_candidates_unified.xlsx
local_2025,__main__,pr,gd,ქართული ოცნება,41,68,წალენჯიხა,19,,ნანა,კეკუა,ნანა კეკუა,,,adg_2025_candidates_unified.xlsx
local_2025,__main__,pr,gd,ქართული ოცნება,41,68,წალენჯიხა,20,,გოდერძი,მებონია,გოდერძი მებონია,,,adg_2025_candidates_unified.xlsx
local_2025,__main__,pr,gd,ქართული ოცნება,41,68,წალენჯიხა,21,,დალი,კვარაცხელია,დალი კვარაცხელია,,,adg_2025_candidates_unified.xlsx
local_2025,__main__,pr,gd,ქართული ოცნება,41,68,წალენჯიხა,22,,გიორგი,ქარდავა,გიორგი ქარდავა,,,adg_2025_candidates_unified.xlsx
local_2025,__main__,pr,gd,ქართული ოცნება,41,68,წალენჯიხა,23,,ლევან,ჭანტურია,ლევან ჭანტურია,,,adg_2025_candidates_unified.xlsx
local_2025,__main__,pr,gd,ქართული ოცნება,41,68,წალენჯიხა,24,,დიმიტრი,ქარდავა,დიმიტრი ქარდავა,,,adg_2025_candidates_unified.xlsx
local_2025,__main__,pr,gd,ქართული ოცნება,41,68,წალენჯიხა,25,,მალხაზ,სამუშია,მალხაზ სამუშია,,,adg_2025_candidates_unified.xlsx
local_2025,__main__,pr,gd,ქართული ოცნება,41,68,წალენჯიხა,26,,დათა,კუკავა,დათა კუკავა,,,adg_2025_candidates_unified.xlsx
local_2025,__main__,pr,gd,ქართული ოცნება,41,68,წალენჯიხა,27,,ლევან,ღვინჯილია,ლევან ღვინჯილია,,,adg_2025_candidates_unified.xlsx
local_2025,__main__,pr,gd,ქართული ოცნება,41,68,წალენჯიხა,28,,მამუკა,ჩხაპელია,მამუკა ჩხაპელია,,,adg_2025_candidates_unified.xlsx
local_2025,__main__,pr,gd,ქართული ოცნება,41,68,წალენჯიხა,29,,ვლადიმერი,კვარაცხელია,ვლადიმერი კვარაცხელია,,,adg_2025_candidates_unified.xlsx
local_2025,__main__,pr,gd,ქართული ოცნება,41,68,წალენჯიხა,30,,იაგო,მიქავა,იაგო მიქავა,,,adg_2025_candidates_unified.xlsx
local_2025,__main__,pr,conservatives_geo,„კონსერვატორები საქართველოსთვის“,3,69,ჩხოროწყუ,1,,გიზო,ტყებუჩავა,გიზო ტყებუჩავა,,,adg_2025_candidates_unified.xlsx
local_2025,__main__,pr,conservatives_geo,„კონსერვატორები საქართველოსთვის“,3,69,ჩხოროწყუ,2,,თეიმურაზ,დამენია,თეიმურაზ დამენია,,,adg_2025_candidates_unified.xlsx
local_2025,__main__,pr,conservatives_geo,„კონსერვატორები საქართველოსთვის“,3,69,ჩხოროწყუ,3,,ცოტნე,შელეგია,ცოტნე შელეგია,,,adg_2025_candidates_unified.xlsx
local_2025,__main__,pr,conservatives_geo,„კონსერვატორები საქართველოსთვის“,3,69,ჩხოროწყუ,4,,ლაშა,შელეგია,ლაშა შელეგია,,,adg_2025_candidates_unified.xlsx
local_2025,__main__,pr,conservatives_geo,„კონსერვატორები საქართველოსთვის“,3,69,ჩხოროწყუ,5,,ნანა,თოდუა,ნანა თოდუა,,,adg_2025_candidates_unified.xlsx
local_2025,__main__,pr,conservatives_geo,„კონსერვატორები საქართველოსთვის“,3,69,ჩხოროწყუ,6,,ბესიკ,შენგელია,ბესიკ შენგელია,,,adg_2025_candidates_unified.xlsx
local_2025,__main__,pr,conservatives_geo,„კონსერვატორები საქართველოსთვის“,3,69,ჩხოროწყუ,7,,ნენო,შენგელია,ნენო შენგელია,,,adg_2025_candidates_unified.xlsx
local_2025,__main__,pr,strong_georgia,ძლიერი საქართველო-ლელო,9,69,ჩხოროწყუ,1,,კორნელი,წურწუმია,კორნელი წურწუმია,,,adg_2025_candidates_unified.xlsx
local_2025,__main__,pr,strong_georgia,ძლიერი საქართველო-ლელო,9,69,ჩხოროწყუ,2,,დემნა,ყალიჩავა,დემნა ყალიჩავა,,,adg_2025_candidates_unified.xlsx
local_2025,__main__,pr,strong_georgia,ძლიერი საქართველო-ლელო,9,69,ჩხოროწყუ,3,,დევი,გახარია,დევი გახარია,,,adg_2025_candidates_unified.xlsx
local_2025,__main__,pr,strong_georgia,ძლიერი საქართველო-ლელო,9,69,ჩხოროწყუ,4,,პაატა,სორდია,პაატა სორდია,,,adg_2025_candidates_unified.xlsx
local_2025,__main__,pr,strong_georgia,ძლიერი საქართველო-ლელო,9,69,ჩხოროწყუ,5,,მარინა,სიჭინავა,მარინა სიჭინავა,,,adg_2025_candidates_unified.xlsx
local_2025,__main__,pr,strong_georgia,ძლიერი საქართველო-ლელო,9,69,ჩხოროწყუ,6,,ნანა,ქვარცხავა,ნანა ქვარცხავა,,,adg_2025_candidates_unified.xlsx
local_2025,__main__,pr,strong_georgia,ძლიერი საქართველო-ლელო,9,69,ჩხოროწყუ,7,,ბენო,ალასანია,ბენო ალასანია,,,adg_2025_candidates_unified.xlsx
local_2025,__main__,pr,strong_georgia,ძლიერი საქართველო-ლელო,9,69,ჩხოროწყუ,8,,ლიანა,კვარაცხელია,ლიანა კვარაცხელია,,,adg_2025_candidates_unified.xlsx
local_2025,__main__,pr,strong_georgia,ძლიერი საქართველო-ლელო,9,69,ჩხოროწყუ,9,,ამირან,გახარია,ამირან გახარია,,,adg_2025_candidates_unified.xlsx
local_2025,__main__,pr,strong_georgia,ძლიერი საქართველო-ლელო,9,69,ჩხოროწყუ,10,,ახმედი,ნაჭყებია,ახმედი ნაჭყებია,,,adg_2025_candidates_unified.xlsx
local_2025,__main__,pr,strong_georgia,ძლიერი საქართველო-ლელო,9,69,ჩხოროწყუ,11,,ზოია,ზარქუა,ზოია ზარქუა,,,adg_2025_candidates_unified.xlsx
local_2025,__main__,pr,gakharia,„გახარია საქართველოსთვის“,25,69,ჩხოროწყუ,1,,შოთა,წურწუმია,შოთა წურწუმია,,,adg_2025_candidates_unified.xlsx
local_2025,__main__,pr,gakharia,„გახარია საქართველოსთვის“,25,69,ჩხოროწყუ,2,,აჩიკო,ცირამუა,აჩიკო ცირამუა,,,adg_2025_candidates_unified.xlsx
local_2025,__main__,pr,gakharia,„გახარია საქართველოსთვის“,25,69,ჩხოროწყუ,3,,ტარიელ,შენგელია,ტარიელ შენგელია,,,adg_2025_candidates_unified.xlsx
local_2025,__main__,pr,gakharia,„გახარია საქართველოსთვის“,25,69,ჩხოროწყუ,4,,კახაბერი,ჭანტურია,კახაბერი ჭანტურია,,,adg_2025_candidates_unified.xlsx
local_2025,__main__,pr,gakharia,„გახარია საქართველოსთვის“,25,69,ჩხოროწყუ,5,,აკაკი,თოლორდავა,აკაკი თოლორდავა,,,adg_2025_candidates_unified.xlsx
local_2025,__main__,pr,gakharia,„გახარია საქართველოსთვის“,25,69,ჩხოროწყუ,6,,გულნაზ,გახარია,გულნაზ გახარია,,,adg_2025_candidates_unified.xlsx
local_2025,__main__,pr,gakharia,„გახარია საქართველოსთვის“,25,69,ჩხოროწყუ,7,,ადა,ქომეთიანი,ადა ქომეთიანი,,,adg_2025_candidates_unified.xlsx
local_2025,__main__,pr,gakharia,„გახარია საქართველოსთვის“,25,69,ჩხოროწყუ,8,,სოსო,ბერაძე,სოსო ბერაძე,,,adg_2025_candidates_unified.xlsx
local_2025,__main__,pr,gakharia,„გახარია საქართველოსთვის“,25,69,ჩხოროწყუ,9,,ბაჩანა,წურწუმია,ბაჩანა წურწუმია,,,adg_2025_candidates_unified.xlsx
local_2025,__main__,pr,gakharia,„გახარია საქართველოსთვის“,25,69,ჩხოროწყუ,10,,შავლეგ,შელია,შავლეგ შელია,,,adg_2025_candidates_unified.xlsx
local_2025,__main__,pr,gakharia,„გახარია საქართველოსთვის“,25,69,ჩხოროწყუ,11,,მაკა,ლემონჯავა,მაკა ლემონჯავა,,,adg_2025_candidates_unified.xlsx
local_2025,__main__,pr,gakharia,„გახარია საქართველოსთვის“,25,69,ჩხოროწყუ,12,,ლევან,ცირამუა,ლევან ცირამუა,,,adg_2025_candidates_unified.xlsx
local_2025,__main__,pr,gakharia,„გახარია საქართველოსთვის“,25,69,ჩხოროწყუ,13,,ლუხუმ,გახარია,ლუხუმ გახარია,,,adg_2025_candidates_unified.xlsx
local_2025,__main__,pr,girchi,გირჩი,36,69,ჩხოროწყუ,1,,სოფიო,ვეკუა,სოფიო ვეკუა,,,adg_2025_candidates_unified.xlsx
local_2025,__main__,pr,girchi,გირჩი,36,69,ჩხოროწყუ,2,,გოჩა,სანიკიძე,გოჩა სანიკიძე,,,adg_2025_candidates_unified.xlsx
local_2025,__main__,pr,girchi,გირჩი,36,69,ჩხოროწყუ,3,,ლაშა,გოგია,ლაშა გოგია,,,adg_2025_candidates_unified.xlsx
local_2025,__main__,pr,girchi,გირჩი,36,69,ჩხოროწყუ,4,,ანტონი,შარტავა,ანტონი შარტავა,,,adg_2025_candidates_unified.xlsx
local_2025,__main__,pr,girchi,გირჩი,36,69,ჩხოროწყუ,5,,მალხაზი,ცხომარია,მალხაზი ცხომარია,,,adg_2025_candidates_unified.xlsx
local_2025,__main__,pr,girchi,გირჩი,36,69,ჩხოროწყუ,6,,სოფიო,გრიგოლავა,სოფიო გრიგოლავა,,,adg_2025_candidates_unified.xlsx
local_2025,__main__,pr,gd,ქართული ოცნება,41,69,ჩხოროწყუ,1,,ჯანო,პერტაია,ჯანო პერტაია,,,adg_2025_candidates_unified.xlsx
local_2025,__main__,pr,gd,ქართული ოცნება,41,69,ჩხოროწყუ,2,,კობა,ჯიქია,კობა ჯიქია,,,adg_2025_candidates_unified.xlsx
local_2025,__main__,pr,gd,ქართული ოცნება,41,69,ჩხოროწყუ,3,,გერონტი,მამფორია,გერონტი მამფორია,,,adg_2025_candidates_unified.xlsx
local_2025,__main__,pr,gd,ქართული ოცნება,41,69,ჩხოროწყუ,4,,თემო,სახურია,თემო სახურია,,,adg_2025_candidates_unified.xlsx
local_2025,__main__,pr,gd,ქართული ოცნება,41,69,ჩხოროწყუ,5,,გოგა,თოლორდავა,გოგა თოლორდავა,,,adg_2025_candidates_unified.xlsx
local_2025,__main__,pr,gd,ქართული ოცნება,41,69,ჩხოროწყუ,6,,ხათუნა,მიქავა,ხათუნა მიქავა,,,adg_2025_candidates_unified.xlsx
local_2025,__main__,pr,gd,ქართული ოცნება,41,69,ჩხოროწყუ,7,,ბეჟანა,ახალაია,ბეჟანა ახალაია,,,adg_2025_candidates_unified.xlsx
local_2025,__main__,pr,gd,ქართული ოცნება,41,69,ჩხოროწყუ,8,,რომანოზ,ადამია,რომანოზ ადამია,,,adg_2025_candidates_unified.xlsx
local_2025,__main__,pr,gd,ქართული ოცნება,41,69,ჩხოროწყუ,9,,ვალერი,იზორია,ვალერი იზორია,,,adg_2025_candidates_unified.xlsx
local_2025,__main__,pr,gd,ქართული ოცნება,41,69,ჩხოროწყუ,10,,ჯუმბერ,ესართია,ჯუმბერ ესართია,,,adg_2025_candidates_unified.xlsx
local_2025,__main__,pr,gd,ქართული ოცნება,41,69,ჩხოროწყუ,11,,ჯონი,ჯალაღონია,ჯონი ჯალაღონია,,,adg_2025_candidates_unified.xlsx
local_2025,__main__,pr,gd,ქართული ოცნება,41,69,ჩხოროწყუ,12,,ზურაბ,ნარსია,ზურაბ ნარსია,,,adg_2025_candidates_unified.xlsx
local_2025,__main__,pr,gd,ქართული ოცნება,41,69,ჩხოროწყუ,13,,იაგო,დარსალია,იაგო დარსალია,,,adg_2025_candidates_unified.xlsx
local_2025,__main__,pr,gd,ქართული ოცნება,41,69,ჩხოროწყუ,14,,ბონდო,აბაშიძე,ბონდო აბაშიძე,,,adg_2025_candidates_unified.xlsx
local_2025,__main__,pr,gd,ქართული ოცნება,41,69,ჩხოროწყუ,15,,გულნაზი,ბაძაღუა,გულნაზი ბაძაღუა,,,adg_2025_candidates_unified.xlsx
local_2025,__main__,pr,gd,ქართული ოცნება,41,69,ჩხოროწყუ,16,,კახა,თოლორდავა,კახა თოლორდავა,,,adg_2025_candidates_unified.xlsx
local_2025,__main__,pr,gd,ქართული ოცნება,41,69,ჩხოროწყუ,17,,შოთა,თოდუა,შოთა თოდუა,,,adg_2025_candidates_unified.xlsx
local_2025,__main__,pr,gd,ქართული ოცნება,41,69,ჩხოროწყუ,18,,თენგიზი,ქარჩავა,თენგიზი ქარჩავა,,,adg_2025_candidates_unified.xlsx
local_2025,__main__,pr,gd,ქართული ოცნება,41,69,ჩხოროწყუ,19,,ხათუნა,ფირცხელავა,ხათუნა ფირცხელავა,,,adg_2025_candidates_unified.xlsx
local_2025,__main__,pr,gd,ქართული ოცნება,41,69,ჩხოროწყუ,20,,ბადრი,სიჭინავა,ბადრი სიჭინავა,,,adg_2025_candidates_unified.xlsx
local_2025,__main__,pr,gd,ქართული ოცნება,41,69,ჩხოროწყუ,21,,ელდარ,თოლორდავა,ელდარ თოლორდავა,,,adg_2025_candidates_unified.xlsx
local_2025,__main__,pr,gd,ქართული ოცნება,41,69,ჩხოროწყუ,22,,ნუგზარ,მარკოზია,ნუგზარ მარკოზია,,,adg_2025_candidates_unified.xlsx
local_2025,__main__,pr,gd,ქართული ოცნება,41,69,ჩხოროწყუ,23,,მოგელი,ყალიჩავა,მოგელი ყალიჩავა,,,adg_2025_candidates_unified.xlsx
local_2025,__main__,pr,gd,ქართული ოცნება,41,69,ჩხოროწყუ,24,,რობერტი,შულაია,რობერტი შულაია,,,adg_2025_candidates_unified.xlsx
local_2025,__main__,pr,gd,ქართული ოცნება,41,69,ჩხოროწყუ,25,,გოდერძი,ჯალაღონია,გოდერძი ჯალაღონია,,,adg_2025_candidates_unified.xlsx
local_2025,__main__,pr,gd,ქართული ოცნება,41,69,ჩხოროწყუ,26,,ნიკოლოზ,დარსალია,ნიკოლოზ დარსალია,,,adg_2025_candidates_unified.xlsx
local_2025,__main__,pr,gd,ქართული ოცნება,41,69,ჩხოროწყუ,27,,ხატია,ძაგანია,ხატია ძაგანია,,,adg_2025_candidates_unified.xlsx
local_2025,__main__,pr,gd,ქართული ოცნება,41,69,ჩხოროწყუ,28,,თემური,ჯიქია,თემური ჯიქია,,,adg_2025_candidates_unified.xlsx
local_2025,__main__,pr,gd,ქართული ოცნება,41,69,ჩხოროწყუ,29,,ნანა,გაბუნია,ნანა გაბუნია,,,adg_2025_candidates_unified.xlsx
local_2025,__main__,pr,conservatives_geo,„კონსერვატორები საქართველოსთვის“,3,70,ფოთი,1,,მიხეილ,გაბელია,მიხეილ გაბელია,,,adg_2025_candidates_unified.xlsx
local_2025,__main__,pr,conservatives_geo,„კონსერვატორები საქართველოსთვის“,3,70,ფოთი,2,,თეიმურაზი,ჭანტურია,თეიმურაზი ჭანტურია,,,adg_2025_candidates_unified.xlsx
local_2025,__main__,pr,conservatives_geo,„კონსერვატორები საქართველოსთვის“,3,70,ფოთი,3,,დავითი,ხაჟომია,დავითი ხაჟომია,,,adg_2025_candidates_unified.xlsx
local_2025,__main__,pr,conservatives_geo,„კონსერვატორები საქართველოსთვის“,3,70,ფოთი,4,,ირაკლი,ხელია,ირაკლი ხელია,,,adg_2025_candidates_unified.xlsx
local_2025,__main__,pr,conservatives_geo,„კონსერვატორები საქართველოსთვის“,3,70,ფოთი,5,,ლაშა,კვაჭაძე,ლაშა კვაჭაძე,,,adg_2025_candidates_unified.xlsx
local_2025,__main__,pr,conservatives_geo,„კონსერვატორები საქართველოსთვის“,3,70,ფოთი,6,,მურთაზ,გაბელია,მურთაზ გაბელია,,,adg_2025_candidates_unified.xlsx
local_2025,__main__,pr,conservatives_geo,„კონსერვატორები საქართველოსთვის“,3,70,ფოთი,7,,ჯამბული,პატარაია,ჯამბული პატარაია,,,adg_2025_candidates_unified.xlsx
local_2025,__main__,pr,strong_georgia,ძლიერი საქართველო-ლელო,9,70,ფოთი,1,,ზაზა,ლემონჯავა,ზაზა ლემონჯავა,,,adg_2025_candidates_unified.xlsx
local_2025,__main__,pr,strong_georgia,ძლიერი საქართველო-ლელო,9,70,ფოთი,2,,გიორგი,ბუცხრიკიძე,გიორგი ბუცხრიკიძე,,,adg_2025_candidates_unified.xlsx
local_2025,__main__,pr,strong_georgia,ძლიერი საქართველო-ლელო,9,70,ფოთი,3,,ლევანი,ცაგურია,ლევანი ცაგურია,,,adg_2025_candidates_unified.xlsx
local_2025,__main__,pr,strong_georgia,ძლიერი საქართველო-ლელო,9,70,ფოთი,4,,ნათია,პატარაია,ნათია პატარაია,,,adg_2025_candidates_unified.xlsx
local_2025,__main__,pr,strong_georgia,ძლიერი საქართველო-ლელო,9,70,ფოთი,5,,ვახტანგ,გერსამია,ვახტანგ გერსამია,,,adg_2025_candidates_unified.xlsx
local_2025,__main__,pr,strong_georgia,ძლიერი საქართველო-ლელო,9,70,ფოთი,6,,ბონდო,შარტავა,ბონდო შარტავა,,,adg_2025_candidates_unified.xlsx
local_2025,__main__,pr,strong_georgia,ძლიერი საქართველო-ლელო,9,70,ფოთი,7,,ბორისი,გაბედავა,ბორისი გაბედავა,,,adg_2025_candidates_unified.xlsx
local_2025,__main__,pr,strong_georgia,ძლიერი საქართველო-ლელო,9,70,ფოთი,8,,რევაზ,ჭკადუა,რევაზ ჭკადუა,,,adg_2025_candidates_unified.xlsx
local_2025,__main__,pr,gakharia,„გახარია საქართველოსთვის“,25,70,ფოთი,1,,გიგლა,თურქია,გიგლა თურქია,,,adg_2025_candidates_unified.xlsx
local_2025,__main__,pr,gakharia,„გახარია საქართველოსთვის“,25,70,ფოთი,2,,გოგიტა,ხვიჩია,გოგიტა ხვიჩია,,,adg_2025_candidates_unified.xlsx
local_2025,__main__,pr,gakharia,„გახარია საქართველოსთვის“,25,70,ფოთი,3,,გიორგი,ნაჭყებია,გიორგი ნაჭყებია,,,adg_2025_candidates_unified.xlsx
local_2025,__main__,pr,gakharia,„გახარია საქართველოსთვის“,25,70,ფოთი,4,,დაზმირი,გვათუა,დაზმირი გვათუა,,,adg_2025_candidates_unified.xlsx
local_2025,__main__,pr,gakharia,„გახარია საქართველოსთვის“,25,70,ფოთი,5,,თამარ,თოფურია,თამარ თოფურია,,,adg_2025_candidates_unified.xlsx
local_2025,__main__,pr,gakharia,„გახარია საქართველოსთვის“,25,70,ფოთი,6,,დავით,სიორდია,დავით სიორდია,,,adg_2025_candidates_unified.xlsx
local_2025,__main__,pr,gakharia,„გახარია საქართველოსთვის“,25,70,ფოთი,7,,ია,ჯღამაძე,ია ჯღამაძე,,,adg_2025_candidates_unified.xlsx
local_2025,__main__,pr,gakharia,„გახარია საქართველოსთვის“,25,70,ფოთი,8,,შოთა,ჩოფლიანი,შოთა ჩოფლიანი,,,adg_2025_candidates_unified.xlsx
local_2025,__main__,pr,gakharia,„გახარია საქართველოსთვის“,25,70,ფოთი,9,,ლელა,ქარჩავა,ლელა ქარჩავა,,,adg_2025_candidates_unified.xlsx
local_2025,__main__,pr,gakharia,„გახარია საქართველოსთვის“,25,70,ფოთი,10,,თამარ,კაჭარავა,თამარ კაჭარავა,,,adg_2025_candidates_unified.xlsx
local_2025,__main__,pr,gakharia,„გახარია საქართველოსთვის“,25,70,ფოთი,11,,ნათია,ჟვანია,ნათია ჟვანია,,,adg_2025_candidates_unified.xlsx
local_2025,__main__,pr,gakharia,„გახარია საქართველოსთვის“,25,70,ფოთი,12,,გიგა,ხვიჩია,გიგა ხვიჩია,,,adg_2025_candidates_unified.xlsx
local_2025,__main__,pr,gd,ქართული ოცნება,41,70,ფოთი,1,,ალექსანდრე,ტყებუჩავა,ალექსანდრე ტყებუჩავა,,,adg_2025_candidates_unified.xlsx
local_2025,__main__,pr,gd,ქართული ოცნება,41,70,ფოთი,2,,მაია,დოლბაია,მაია დოლბაია,,,adg_2025_candidates_unified.xlsx
local_2025,__main__,pr,gd,ქართული ოცნება,41,70,ფოთი,3,,ნიკა,კორშია,ნიკა კორშია,,,adg_2025_candidates_unified.xlsx
local_2025,__main__,pr,gd,ქართული ოცნება,41,70,ფოთი,4,,ბექა,მორჩილაძე,ბექა მორჩილაძე,,,adg_2025_candidates_unified.xlsx
local_2025,__main__,pr,gd,ქართული ოცნება,41,70,ფოთი,5,,ზაალი,კვინჩია,ზაალი კვინჩია,,,adg_2025_candidates_unified.xlsx
local_2025,__main__,pr,gd,ქართული ოცნება,41,70,ფოთი,6,,დავით,ესებუა,დავით ესებუა,,,adg_2025_candidates_unified.xlsx
local_2025,__main__,pr,gd,ქართული ოცნება,41,70,ფოთი,7,,ნანა,ვეკუა,ნანა ვეკუა,,,adg_2025_candidates_unified.xlsx
local_2025,__main__,pr,gd,ქართული ოცნება,41,70,ფოთი,8,,შალვა,სარდალიშვილი,შალვა სარდალიშვილი,,,adg_2025_candidates_unified.xlsx
local_2025,__main__,pr,gd,ქართული ოცნება,41,70,ფოთი,9,,თემური,დუნდუა,თემური დუნდუა,,,adg_2025_candidates_unified.xlsx
local_2025,__main__,pr,gd,ქართული ოცნება,41,70,ფოთი,10,,სამსონი,კუტალია,სამსონი კუტალია,,,adg_2025_candidates_unified.xlsx
local_2025,__main__,pr,gd,ქართული ოცნება,41,70,ფოთი,11,,ბაქარი,ერაგია,ბაქარი ერაგია,,,adg_2025_candidates_unified.xlsx
local_2025,__main__,pr,gd,ქართული ოცნება,41,70,ფოთი,12,,სალომე,წულაია,სალომე წულაია,,,adg_2025_candidates_unified.xlsx
local_2025,__main__,pr,gd,ქართული ოცნება,41,70,ფოთი,13,,ნანა,საბულუა,ნანა საბულუა,,,adg_2025_candidates_unified.xlsx
local_2025,__main__,pr,gd,ქართული ოცნება,41,70,ფოთი,14,,უჩა,დოლიძე,უჩა დოლიძე,,,adg_2025_candidates_unified.xlsx
local_2025,__main__,pr,gd,ქართული ოცნება,41,70,ფოთი,15,,გიორგი,გვარამია,გიორგი გვარამია,,,adg_2025_candidates_unified.xlsx
local_2025,__main__,pr,gd,ქართული ოცნება,41,70,ფოთი,16,,ზვიადი,დგებუაძე,ზვიადი დგებუაძე,,,adg_2025_candidates_unified.xlsx
local_2025,__main__,pr,gd,ქართული ოცნება,41,70,ფოთი,17,,გოჩა,რუსია,გოჩა რუსია,,,adg_2025_candidates_unified.xlsx
local_2025,__main__,pr,gd,ქართული ოცნება,41,70,ფოთი,18,,ვასილ,დანელია,ვასილ დანელია,,,adg_2025_candidates_unified.xlsx
local_2025,__main__,pr,gd,ქართული ოცნება,41,70,ფოთი,19,,მანანა,დადიანი,მანანა დადიანი,,,adg_2025_candidates_unified.xlsx
local_2025,__main__,pr,gd,ქართული ოცნება,41,70,ფოთი,20,,ცოტნე,ხარებავა,ცოტნე ხარებავა,,,adg_2025_candidates_unified.xlsx
local_2025,__main__,pr,gd,ქართული ოცნება,41,70,ფოთი,21,,ჟანა,კანკია,ჟანა კანკია,,,adg_2025_candidates_unified.xlsx
local_2025,__main__,pr,gd,ქართული ოცნება,41,70,ფოთი,22,,ელენე,მაკასარაშვილი,ელენე მაკასარაშვილი,,,adg_2025_candidates_unified.xlsx
local_2025,__main__,pr,gd,ქართული ოცნება,41,70,ფოთი,23,,ეკატერინე,ლეჟავა,ეკატერინე ლეჟავა,,,adg_2025_candidates_unified.xlsx
local_2025,__main__,pr,gd,ქართული ოცნება,41,70,ფოთი,24,,იურა,სტამოსი,იურა სტამოსი,,,adg_2025_candidates_unified.xlsx
local_2025,__main__,pr,gd,ქართული ოცნება,41,70,ფოთი,25,,ირმა,თუნთია,ირმა თუნთია,,,adg_2025_candidates_unified.xlsx
local_2025,__main__,pr,gd,ქართული ოცნება,41,70,ფოთი,26,,მარინა,კვარაცხელია,მარინა კვარაცხელია,,,adg_2025_candidates_unified.xlsx
local_2025,__main__,pr,gd,ქართული ოცნება,41,70,ფოთი,27,,ლელა,გორდეზიანი,ლელა გორდეზიანი,,,adg_2025_candidates_unified.xlsx
local_2025,__main__,pr,gd,ქართული ოცნება,41,70,ფოთი,28,,გიგა,ტიკარაძე,გიგა ტიკარაძე,,,adg_2025_candidates_unified.xlsx
local_2025,__main__,pr,gd,ქართული ოცნება,41,70,ფოთი,29,,ქეთო,ჭანტურია,ქეთო ჭანტურია,,,adg_2025_candidates_unified.xlsx
local_2025,__main__,pr,gd,ქართული ოცნება,41,70,ფოთი,30,,დონარა,მუქერია,დონარა მუქერია,,,adg_2025_candidates_unified.xlsx
local_2025,__main__,pr,mamuli_ena,"„მამული, ენა, სარწმუნოება“",1,79,ბათუმი,1,,თემურ,ბერიძე,თემურ ბერიძე,,,adg_2025_candidates_unified.xlsx
local_2025,__main__,pr,mamuli_ena,"„მამული, ენა, სარწმუნოება“",1,79,ბათუმი,2,,მზევინარ,მიქელაძე,მზევინარ მიქელაძე,,,adg_2025_candidates_unified.xlsx
local_2025,__main__,pr,mamuli_ena,"„მამული, ენა, სარწმუნოება“",1,79,ბათუმი,3,,ნუგზარ,ხოროიშვილი,ნუგზარ ხოროიშვილი,,,adg_2025_candidates_unified.xlsx
local_2025,__main__,pr,mamuli_ena,"„მამული, ენა, სარწმუნოება“",1,79,ბათუმი,4,,გენად,ბერიძე,გენად ბერიძე,,,adg_2025_candidates_unified.xlsx
local_2025,__main__,pr,mamuli_ena,"„მამული, ენა, სარწმუნოება“",1,79,ბათუმი,5,,თეონა,ბერიძე,თეონა ბერიძე,,,adg_2025_candidates_unified.xlsx
local_2025,__main__,pr,mamuli_ena,"„მამული, ენა, სარწმუნოება“",1,79,ბათუმი,6,,ანძიკო,ნიკოლაიშვილი,ანძიკო ნიკოლაიშვილი,,,adg_2025_candidates_unified.xlsx
local_2025,__main__,pr,conservatives_geo,„კონსერვატორები საქართველოსთვის“,3,79,ბათუმი,1,,მირზა,თევთიძე,მირზა თევთიძე,,,adg_2025_candidates_unified.xlsx
local_2025,__main__,pr,conservatives_geo,„კონსერვატორები საქართველოსთვის“,3,79,ბათუმი,2,,ავთანდილ,სირაბიძე,ავთანდილ სირაბიძე,,,adg_2025_candidates_unified.xlsx
local_2025,__main__,pr,conservatives_geo,„კონსერვატორები საქართველოსთვის“,3,79,ბათუმი,3,,ზვიად,ქაშიბაძე,ზვიად ქაშიბაძე,,,adg_2025_candidates_unified.xlsx
local_2025,__main__,pr,conservatives_geo,„კონსერვატორები საქართველოსთვის“,3,79,ბათუმი,4,,რომან,ხაბაძე,რომან ხაბაძე,,,adg_2025_candidates_unified.xlsx
local_2025,__main__,pr,conservatives_geo,„კონსერვატორები საქართველოსთვის“,3,79,ბათუმი,5,,რუსუდან,ჯაყელი,რუსუდან ჯაყელი,,,adg_2025_candidates_unified.xlsx
local_2025,__main__,pr,conservatives_geo,„კონსერვატორები საქართველოსთვის“,3,79,ბათუმი,6,,იოსებ,სირაბიძე,იოსებ სირაბიძე,,,adg_2025_candidates_unified.xlsx
local_2025,__main__,pr,conservatives_geo,„კონსერვატორები საქართველოსთვის“,3,79,ბათუმი,7,,გელა,მახარაძე,გელა მახარაძე,,,adg_2025_candidates_unified.xlsx
local_2025,__main__,pr,conservatives_geo,„კონსერვატორები საქართველოსთვის“,3,79,ბათუმი,8,,გელა,რამიშვილი,გელა რამიშვილი,,,adg_2025_candidates_unified.xlsx
local_2025,__main__,pr,conservatives_geo,„კონსერვატორები საქართველოსთვის“,3,79,ბათუმი,9,,თეონა,ბრუნჯაძე,თეონა ბრუნჯაძე,,,adg_2025_candidates_unified.xlsx
local_2025,__main__,pr,conservatives_geo,„კონსერვატორები საქართველოსთვის“,3,79,ბათუმი,10,,გალაქტიონი,ხუროშვილი,გალაქტიონი ხუროშვილი,,,adg_2025_candidates_unified.xlsx
local_2025,__main__,pr,our_georgia,„ჩვენი გაერთიანებული საქართველო“,5,79,ბათუმი,1,,სარდიონ,დავითაძე,სარდიონ დავითაძე,,,adg_2025_candidates_unified.xlsx
local_2025,__main__,pr,our_georgia,„ჩვენი გაერთიანებული საქართველო“,5,79,ბათუმი,2,,ცირა,შავლიძე,ცირა შავლიძე,,,adg_2025_candidates_unified.xlsx
local_2025,__main__,pr,our_georgia,„ჩვენი გაერთიანებული საქართველო“,5,79,ბათუმი,3,,საბა,დავითაძე,საბა დავითაძე,,,adg_2025_candidates_unified.xlsx
local_2025,__main__,pr,our_georgia,„ჩვენი გაერთიანებული საქართველო“,5,79,ბათუმი,4,,ელგუჯა,ფუტკარაძე,ელგუჯა ფუტკარაძე,,,adg_2025_candidates_unified.xlsx
local_2025,__main__,pr,our_georgia,„ჩვენი გაერთიანებული საქართველო“,5,79,ბათუმი,5,,ზაურ,პატარიძე,ზაურ პატარიძე,,,adg_2025_candidates_unified.xlsx
local_2025,__main__,pr,our_georgia,„ჩვენი გაერთიანებული საქართველო“,5,79,ბათუმი,6,,გელა,დავითულიანი,გელა დავითულიანი,,,adg_2025_candidates_unified.xlsx
local_2025,__main__,pr,patriots,„საქართველოს პატრიოტთა ალიანსი“,8,79,ბათუმი,1,,გელა,გვარიშვილი,გელა გვარიშვილი,,,adg_2025_candidates_unified.xlsx
local_2025,__main__,pr,patriots,„საქართველოს პატრიოტთა ალიანსი“,8,79,ბათუმი,2,,ტარიელ,მახარაძე,ტარიელ მახარაძე,,,adg_2025_candidates_unified.xlsx
local_2025,__main__,pr,patriots,„საქართველოს პატრიოტთა ალიანსი“,8,79,ბათუმი,3,,კონსტანტინე,გურგენაძე,კონსტანტინე გურგენაძე,,,adg_2025_candidates_unified.xlsx
local_2025,__main__,pr,patriots,„საქართველოს პატრიოტთა ალიანსი“,8,79,ბათუმი,4,,ალექსი,ქინქლაძე,ალექსი ქინქლაძე,,,adg_2025_candidates_unified.xlsx
local_2025,__main__,pr,patriots,„საქართველოს პატრიოტთა ალიანსი“,8,79,ბათუმი,5,,გურამ,გოგიტიძე,გურამ გოგიტიძე,,,adg_2025_candidates_unified.xlsx
local_2025,__main__,pr,patriots,„საქართველოს პატრიოტთა ალიანსი“,8,79,ბათუმი,6,,ალექსანდრე,ჩხარტიშვილი,ალექსანდრე ჩხარტიშვილი,,,adg_2025_candidates_unified.xlsx
local_2025,__main__,pr,patriots,„საქართველოს პატრიოტთა ალიანსი“,8,79,ბათუმი,7,,ირინა,ბოლქვაძე,ირინა ბოლქვაძე,,,adg_2025_candidates_unified.xlsx
local_2025,__main__,pr,patriots,„საქართველოს პატრიოტთა ალიანსი“,8,79,ბათუმი,8,,მიხეილ,ქვარიანი,მიხეილ ქვარიანი,,,adg_2025_candidates_unified.xlsx
local_2025,__main__,pr,patriots,„საქართველოს პატრიოტთა ალიანსი“,8,79,ბათუმი,9,,ლევან,მსხილაძე,ლევან მსხილაძე,,,adg_2025_candidates_unified.xlsx
local_2025,__main__,pr,patriots,„საქართველოს პატრიოტთა ალიანსი“,8,79,ბათუმი,10,,მალხაზ,დვალიშვილი,მალხაზ დვალიშვილი,,,adg_2025_candidates_unified.xlsx
local_2025,__main__,pr,strong_georgia,ძლიერი საქართველო-ლელო,9,79,ბათუმი,1,,ვაჟა,დარჩია,ვაჟა დარჩია,,,adg_2025_candidates_unified.xlsx
local_2025,__main__,pr,strong_georgia,ძლიერი საქართველო-ლელო,9,79,ბათუმი,2,,ივანე,ფირცხალაიშვილი,ივანე ფირცხალაიშვილი,,,adg_2025_candidates_unified.xlsx
local_2025,__main__,pr,strong_georgia,ძლიერი საქართველო-ლელო,9,79,ბათუმი,3,,არჩილ,ბერიძე,არჩილ ბერიძე,,,adg_2025_candidates_unified.xlsx
local_2025,__main__,pr,strong_georgia,ძლიერი საქართველო-ლელო,9,79,ბათუმი,4,,მარიზა,თებიძე,მარიზა თებიძე,,,adg_2025_candidates_unified.xlsx
local_2025,__main__,pr,strong_georgia,ძლიერი საქართველო-ლელო,9,79,ბათუმი,5,,ხათუნა,მანელიშვილი,ხათუნა მანელიშვილი,,,adg_2025_candidates_unified.xlsx
local_2025,__main__,pr,strong_georgia,ძლიერი საქართველო-ლელო,9,79,ბათუმი,6,,რუსლან,ცისკარაძე,რუსლან ცისკარაძე,,,adg_2025_candidates_unified.xlsx
local_2025,__main__,pr,strong_georgia,ძლიერი საქართველო-ლელო,9,79,ბათუმი,7,,ონისე,ხარჩილავა,ონისე ხარჩილავა,,,adg_2025_candidates_unified.xlsx
local_2025,__main__,pr,strong_georgia,ძლიერი საქართველო-ლელო,9,79,ბათუმი,8,,არმაზ,დიასამიძე,არმაზ დიასამიძე,,,adg_2025_candidates_unified.xlsx
local_2025,__main__,pr,strong_georgia,ძლიერი საქართველო-ლელო,9,79,ბათუმი,9,,გიორგი,ცქვიტიშვილი,გიორგი ცქვიტიშვილი,,,adg_2025_candidates_unified.xlsx
local_2025,__main__,pr,strong_georgia,ძლიერი საქართველო-ლელო,9,79,ბათუმი,10,,გოჩა,კოპლატაძე,გოჩა კოპლატაძე,,,adg_2025_candidates_unified.xlsx
local_2025,__main__,pr,peoples_power,„სახალხო ხელისუფლება“,14,79,ბათუმი,1,,რამინ,მელაძე,რამინ მელაძე,,,adg_2025_candidates_unified.xlsx
local_2025,__main__,pr,peoples_power,„სახალხო ხელისუფლება“,14,79,ბათუმი,2,,მერაბ,აბესლამიძე,მერაბ აბესლამიძე,,,adg_2025_candidates_unified.xlsx
local_2025,__main__,pr,peoples_power,„სახალხო ხელისუფლება“,14,79,ბათუმი,3,,მურმან,ბერიძე,მურმან ბერიძე,,,adg_2025_candidates_unified.xlsx
local_2025,__main__,pr,peoples_power,„სახალხო ხელისუფლება“,14,79,ბათუმი,4,,მურმან,ბერიძე,მურმან ბერიძე,,,adg_2025_candidates_unified.xlsx
local_2025,__main__,pr,peoples_power,„სახალხო ხელისუფლება“,14,79,ბათუმი,5,,ნანი,კეჟერაძე,ნანი კეჟერაძე,,,adg_2025_candidates_unified.xlsx
local_2025,__main__,pr,peoples_power,„სახალხო ხელისუფლება“,14,79,ბათუმი,6,,ნათია,კალანდაძე,ნათია კალანდაძე,,,adg_2025_candidates_unified.xlsx
local_2025,__main__,pr,peoples_power,„სახალხო ხელისუფლება“,14,79,ბათუმი,7,,გრიგოლ,ფარმანიანი,გრიგოლ ფარმანიანი,,,adg_2025_candidates_unified.xlsx
local_2025,__main__,pr,peoples_power,„სახალხო ხელისუფლება“,14,79,ბათუმი,8,,გიორგი,რომელაშვილი,გიორგი რომელაშვილი,,,adg_2025_candidates_unified.xlsx
local_2025,__main__,pr,gakharia,„გახარია საქართველოსთვის“,25,79,ბათუმი,1,,ჯემალ,ანანიძე,ჯემალ ანანიძე,,,adg_2025_candidates_unified.xlsx
local_2025,__main__,pr,gakharia,„გახარია საქართველოსთვის“,25,79,ბათუმი,2,,სულიკო,გოგოლიშვილი,სულიკო გოგოლიშვილი,,,adg_2025_candidates_unified.xlsx
local_2025,__main__,pr,gakharia,„გახარია საქართველოსთვის“,25,79,ბათუმი,3,,გიორგი,აფხაზავა,გიორგი აფხაზავა,,,adg_2025_candidates_unified.xlsx
local_2025,__main__,pr,gakharia,„გახარია საქართველოსთვის“,25,79,ბათუმი,4,,გიორგი,ნაკაშიძე,გიორგი ნაკაშიძე,,,adg_2025_candidates_unified.xlsx
local_2025,__main__,pr,gakharia,„გახარია საქართველოსთვის“,25,79,ბათუმი,5,,დალი,ტაკიძე,დალი ტაკიძე,,,adg_2025_candidates_unified.xlsx
local_2025,__main__,pr,gakharia,„გახარია საქართველოსთვის“,25,79,ბათუმი,6,,მაია,სირაძე,მაია სირაძე,,,adg_2025_candidates_unified.xlsx
local_2025,__main__,pr,gakharia,„გახარია საქართველოსთვის“,25,79,ბათუმი,7,,ლია,თავაძე,ლია თავაძე,,,adg_2025_candidates_unified.xlsx
local_2025,__main__,pr,gakharia,„გახარია საქართველოსთვის“,25,79,ბათუმი,8,,დინარა,მემიშიში,დინარა მემიშიში,,,adg_2025_candidates_unified.xlsx
local_2025,__main__,pr,gakharia,„გახარია საქართველოსთვის“,25,79,ბათუმი,9,,მამუკა,ტაკიძე,მამუკა ტაკიძე,,,adg_2025_candidates_unified.xlsx
local_2025,__main__,pr,gakharia,„გახარია საქართველოსთვის“,25,79,ბათუმი,10,,ირაკლი,მიქელაძე,ირაკლი მიქელაძე,,,adg_2025_candidates_unified.xlsx
local_2025,__main__,pr,gakharia,„გახარია საქართველოსთვის“,25,79,ბათუმი,11,,გიორგი,თალაკვაძე,გიორგი თალაკვაძე,,,adg_2025_candidates_unified.xlsx
local_2025,__main__,pr,gakharia,„გახარია საქართველოსთვის“,25,79,ბათუმი,12,,ირინე,ინაშარიძე,ირინე ინაშარიძე,,,adg_2025_candidates_unified.xlsx
local_2025,__main__,pr,gakharia,„გახარია საქართველოსთვის“,25,79,ბათუმი,13,,სალომე,ბოლქვაძე,სალომე ბოლქვაძე,,,adg_2025_candidates_unified.xlsx
local_2025,__main__,pr,gakharia,„გახარია საქართველოსთვის“,25,79,ბათუმი,14,,თამარ,ბიბილეიშვილი,თამარ ბიბილეიშვილი,,,adg_2025_candidates_unified.xlsx
local_2025,__main__,pr,gakharia,„გახარია საქართველოსთვის“,25,79,ბათუმი,15,,ომარ,კონცელიძე,ომარ კონცელიძე,,,adg_2025_candidates_unified.xlsx
local_2025,__main__,pr,girchi,გირჩი,36,79,ბათუმი,1,,გიორგი,მასალკინი,გიორგი მასალკინი,,,adg_2025_candidates_unified.xlsx
local_2025,__main__,pr,girchi,გირჩი,36,79,ბათუმი,2,,ლაშა,დანელია,ლაშა დანელია,,,adg_2025_candidates_unified.xlsx
local_2025,__main__,pr,girchi,გირჩი,36,79,ბათუმი,3,,ნიკა,დანელია,ნიკა დანელია,,,adg_2025_candidates_unified.xlsx
local_2025,__main__,pr,girchi,გირჩი,36,79,ბათუმი,4,,ანა,მითაიშვილი,ანა მითაიშვილი,,,adg_2025_candidates_unified.xlsx
local_2025,__main__,pr,girchi,გირჩი,36,79,ბათუმი,5,,ნანა,ჯორბენაძე,ნანა ჯორბენაძე,,,adg_2025_candidates_unified.xlsx
local_2025,__main__,pr,girchi,გირჩი,36,79,ბათუმი,6,,ლუიზა,ბარამიძე,ლუიზა ბარამიძე,,,adg_2025_candidates_unified.xlsx
local_2025,__main__,pr,gd,ქართული ოცნება,41,79,ბათუმი,1,,ივანე,მაისურაძე,ივანე მაისურაძე,,,adg_2025_candidates_unified.xlsx
local_2025,__main__,pr,gd,ქართული ოცნება,41,79,ბათუმი,2,,ნატალია,ზოიძე,ნატალია ზოიძე,,,adg_2025_candidates_unified.xlsx
local_2025,__main__,pr,gd,ქართული ოცნება,41,79,ბათუმი,3,,ლევან,ბერიძე,ლევან ბერიძე,,,adg_2025_candidates_unified.xlsx
local_2025,__main__,pr,gd,ქართული ოცნება,41,79,ბათუმი,4,,ნერიმან,ცინცაძე,ნერიმან ცინცაძე,,,adg_2025_candidates_unified.xlsx
local_2025,__main__,pr,gd,ქართული ოცნება,41,79,ბათუმი,5,,დავით,მიქელაძე,დავით მიქელაძე,,,adg_2025_candidates_unified.xlsx
local_2025,__main__,pr,gd,ქართული ოცნება,41,79,ბათუმი,6,,ნინო,ცხვარაძე,ნინო ცხვარაძე,,,adg_2025_candidates_unified.xlsx
local_2025,__main__,pr,gd,ქართული ოცნება,41,79,ბათუმი,7,,ლევან,დავითაძე,ლევან დავითაძე,,,adg_2025_candidates_unified.xlsx
local_2025,__main__,pr,gd,ქართული ოცნება,41,79,ბათუმი,8,,გიორგი,ლომთათიძე,გიორგი ლომთათიძე,,,adg_2025_candidates_unified.xlsx
local_2025,__main__,pr,gd,ქართული ოცნება,41,79,ბათუმი,9,,მამუკა,კაკაბაძე,მამუკა კაკაბაძე,,,adg_2025_candidates_unified.xlsx
local_2025,__main__,pr,gd,ქართული ოცნება,41,79,ბათუმი,10,,დავით,მახარაძე,დავით მახარაძე,,,adg_2025_candidates_unified.xlsx
local_2025,__main__,pr,gd,ქართული ოცნება,41,79,ბათუმი,11,,ალექსანდრე,ბერძენიშვილი,ალექსანდრე ბერძენიშვილი,,,adg_2025_candidates_unified.xlsx
local_2025,__main__,pr,gd,ქართული ოცნება,41,79,ბათუმი,12,,გიორგი,მურადიშვილი,გიორგი მურადიშვილი,,,adg_2025_candidates_unified.xlsx
local_2025,__main__,pr,gd,ქართული ოცნება,41,79,ბათუმი,13,,დავით,ნაკაშიძე,დავით ნაკაშიძე,,,adg_2025_candidates_unified.xlsx
local_2025,__main__,pr,gd,ქართული ოცნება,41,79,ბათუმი,14,,გურამ,კვაჭაძე,გურამ კვაჭაძე,,,adg_2025_candidates_unified.xlsx
local_2025,__main__,pr,gd,ქართული ოცნება,41,79,ბათუმი,15,,დავით,კობახიძე,დავით კობახიძე,,,adg_2025_candidates_unified.xlsx
local_2025,__main__,pr,gd,ქართული ოცნება,41,79,ბათუმი,16,,დავით,ქარცივაძე,დავით ქარცივაძე,,,adg_2025_candidates_unified.xlsx
local_2025,__main__,pr,gd,ქართული ოცნება,41,79,ბათუმი,17,,ვაჟა,მეგრელიძე,ვაჟა მეგრელიძე,,,adg_2025_candidates_unified.xlsx
local_2025,__main__,pr,gd,ქართული ოცნება,41,79,ბათუმი,18,,თეიმურაზ,ხასია,თეიმურაზ ხასია,,,adg_2025_candidates_unified.xlsx
local_2025,__main__,pr,gd,ქართული ოცნება,41,79,ბათუმი,19,,ხათუნა,დიასამიძე,ხათუნა დიასამიძე,,,adg_2025_candidates_unified.xlsx
local_2025,__main__,pr,gd,ქართული ოცნება,41,79,ბათუმი,20,,დურსუნ,ბერიძე,დურსუნ ბერიძე,,,adg_2025_candidates_unified.xlsx
local_2025,__main__,pr,gd,ქართული ოცნება,41,79,ბათუმი,21,,ლაშა,ბერიძე,ლაშა ბერიძე,,,adg_2025_candidates_unified.xlsx
local_2025,__main__,pr,gd,ქართული ოცნება,41,79,ბათუმი,22,,სოფიო,ვერულიძე,სოფიო ვერულიძე,,,adg_2025_candidates_unified.xlsx
local_2025,__main__,pr,gd,ქართული ოცნება,41,79,ბათუმი,23,,ნოდარ,ბოკელავაძე,ნოდარ ბოკელავაძე,,,adg_2025_candidates_unified.xlsx
local_2025,__main__,pr,gd,ქართული ოცნება,41,79,ბათუმი,24,,დავით,გორგილაძე,დავით გორგილაძე,,,adg_2025_candidates_unified.xlsx
local_2025,__main__,pr,gd,ქართული ოცნება,41,79,ბათუმი,25,,ბექა,ღამბაშიძე,ბექა ღამბაშიძე,,,adg_2025_candidates_unified.xlsx
local_2025,__main__,pr,gd,ქართული ოცნება,41,79,ბათუმი,26,,მერაბ,ნაგერვაძე,მერაბ ნაგერვაძე,,,adg_2025_candidates_unified.xlsx
local_2025,__main__,pr,gd,ქართული ოცნება,41,79,ბათუმი,27,,გოჩა,შამილაძე,გოჩა შამილაძე,,,adg_2025_candidates_unified.xlsx
local_2025,__main__,pr,gd,ქართული ოცნება,41,79,ბათუმი,28,,ემზარ,შავლიძე,ემზარ შავლიძე,,,adg_2025_candidates_unified.xlsx
local_2025,__main__,pr,gd,ქართული ოცნება,41,79,ბათუმი,29,,ლელა,ჩაკვეტაძე,ლელა ჩაკვეტაძე,,,adg_2025_candidates_unified.xlsx
local_2025,__main__,pr,gd,ქართული ოცნება,41,79,ბათუმი,30,,ხათუნა,ჩაკვეტაძე,ხათუნა ჩაკვეტაძე,,,adg_2025_candidates_unified.xlsx
local_2025,__main__,pr,gd,ქართული ოცნება,41,79,ბათუმი,31,,ნიკო,აფხაზავა,ნიკო აფხაზავა,,,adg_2025_candidates_unified.xlsx
local_2025,__main__,pr,gd,ქართული ოცნება,41,79,ბათუმი,32,,ლერი,ქაჯაია,ლერი ქაჯაია,,,adg_2025_candidates_unified.xlsx
local_2025,__main__,pr,gd,ქართული ოცნება,41,79,ბათუმი,33,,ლაშა,ადაძე,ლაშა ადაძე,,,adg_2025_candidates_unified.xlsx
local_2025,__main__,pr,gd,ქართული ოცნება,41,79,ბათუმი,34,,ჯამბულ,დიასამიძე,ჯამბულ დიასამიძე,,,adg_2025_candidates_unified.xlsx
local_2025,__main__,pr,gd,ქართული ოცნება,41,79,ბათუმი,35,,გოგიტა,გაფრინდაშვილი,გოგიტა გაფრინდაშვილი,,,adg_2025_candidates_unified.xlsx
local_2025,__main__,pr,gd,ქართული ოცნება,41,79,ბათუმი,36,,სოფიო,სულამანიძე,სოფიო სულამანიძე,,,adg_2025_candidates_unified.xlsx
local_2025,__main__,pr,gd,ქართული ოცნება,41,79,ბათუმი,37,,რამიდა,საითაძე,რამიდა საითაძე,,,adg_2025_candidates_unified.xlsx
local_2025,__main__,pr,gd,ქართული ოცნება,41,79,ბათუმი,38,,ნინო,გოგიტიძე,ნინო გოგიტიძე,,,adg_2025_candidates_unified.xlsx
local_2025,__main__,pr,gd,ქართული ოცნება,41,79,ბათუმი,39,,ანა,ლილუაშვილი,ანა ლილუაშვილი,,,adg_2025_candidates_unified.xlsx
local_2025,__main__,pr,gd,ქართული ოცნება,41,79,ბათუმი,40,,ნინო,ფაღავა,ნინო ფაღავა,,,adg_2025_candidates_unified.xlsx
local_2025,__main__,pr,gd,ქართული ოცნება,41,79,ბათუმი,41,,მანონი,ფხაკაძე,მანონი ფხაკაძე,,,adg_2025_candidates_unified.xlsx
local_2025,__main__,pr,gd,ქართული ოცნება,41,79,ბათუმი,42,,დავით,მოისწრაფიშვილი,დავით მოისწრაფიშვილი,,,adg_2025_candidates_unified.xlsx
local_2025,__main__,pr,gd,ქართული ოცნება,41,79,ბათუმი,43,,ნანა,ცინცაძე,ნანა ცინცაძე,,,adg_2025_candidates_unified.xlsx
local_2025,__main__,pr,gd,ქართული ოცნება,41,79,ბათუმი,44,,დავით,დავითიანი,დავით დავითიანი,,,adg_2025_candidates_unified.xlsx
local_2025,__main__,pr,gd,ქართული ოცნება,41,79,ბათუმი,45,,ლელა,სურმანიძე,ლელა სურმანიძე,,,adg_2025_candidates_unified.xlsx
local_2025,__main__,pr,conservatives_geo,„კონსერვატორები საქართველოსთვის“,3,80,ქედა,1,,რომან,ბერიძე,რომან ბერიძე,,,adg_2025_candidates_unified.xlsx
local_2025,__main__,pr,conservatives_geo,„კონსერვატორები საქართველოსთვის“,3,80,ქედა,2,,გოჩა,ბეჟანიძე,გოჩა ბეჟანიძე,,,adg_2025_candidates_unified.xlsx
local_2025,__main__,pr,conservatives_geo,„კონსერვატორები საქართველოსთვის“,3,80,ქედა,3,,დავით,დოლიძე,დავით დოლიძე,,,adg_2025_candidates_unified.xlsx
local_2025,__main__,pr,conservatives_geo,„კონსერვატორები საქართველოსთვის“,3,80,ქედა,4,,გივი,ბოლქვაძე,გივი ბოლქვაძე,,,adg_2025_candidates_unified.xlsx
local_2025,__main__,pr,conservatives_geo,„კონსერვატორები საქართველოსთვის“,3,80,ქედა,5,,ომარ,დიასამიძე,ომარ დიასამიძე,,,adg_2025_candidates_unified.xlsx
local_2025,__main__,pr,conservatives_geo,„კონსერვატორები საქართველოსთვის“,3,80,ქედა,6,,გიგა,უსტიაშვილი,გიგა უსტიაშვილი,,,adg_2025_candidates_unified.xlsx
local_2025,__main__,pr,conservatives_geo,„კონსერვატორები საქართველოსთვის“,3,80,ქედა,7,,თამარა,შაინიძე,თამარა შაინიძე,,,adg_2025_candidates_unified.xlsx
local_2025,__main__,pr,patriots,„საქართველოს პატრიოტთა ალიანსი“,8,80,ქედა,1,,გენადი,არძენაძე,გენადი არძენაძე,,,adg_2025_candidates_unified.xlsx
local_2025,__main__,pr,patriots,„საქართველოს პატრიოტთა ალიანსი“,8,80,ქედა,2,,თამაზ,ნაკაშიძე,თამაზ ნაკაშიძე,,,adg_2025_candidates_unified.xlsx
local_2025,__main__,pr,patriots,„საქართველოს პატრიოტთა ალიანსი“,8,80,ქედა,3,,საიმე,შოთაძე,საიმე შოთაძე,,,adg_2025_candidates_unified.xlsx
local_2025,__main__,pr,patriots,„საქართველოს პატრიოტთა ალიანსი“,8,80,ქედა,4,,ზვიად,ტაკიძე,ზვიად ტაკიძე,,,adg_2025_candidates_unified.xlsx
local_2025,__main__,pr,patriots,„საქართველოს პატრიოტთა ალიანსი“,8,80,ქედა,5,,ეთერ,შოთაძე,ეთერ შოთაძე,,,adg_2025_candidates_unified.xlsx
local_2025,__main__,pr,patriots,„საქართველოს პატრიოტთა ალიანსი“,8,80,ქედა,6,,მირზა,არძენაძე,მირზა არძენაძე,,,adg_2025_candidates_unified.xlsx
local_2025,__main__,pr,patriots,„საქართველოს პატრიოტთა ალიანსი“,8,80,ქედა,7,,დარიკო,ასამბაძე,დარიკო ასამბაძე,,,adg_2025_candidates_unified.xlsx
local_2025,__main__,pr,patriots,„საქართველოს პატრიოტთა ალიანსი“,8,80,ქედა,8,,ქეთევან,არძენაძე,ქეთევან არძენაძე,,,adg_2025_candidates_unified.xlsx
local_2025,__main__,pr,strong_georgia,ძლიერი საქართველო-ლელო,9,80,ქედა,1,,ჯამბულ,შარაბიძე,ჯამბულ შარაბიძე,,,adg_2025_candidates_unified.xlsx
local_2025,__main__,pr,strong_georgia,ძლიერი საქართველო-ლელო,9,80,ქედა,2,,არჩილ,ცინცაძე,არჩილ ცინცაძე,,,adg_2025_candidates_unified.xlsx
local_2025,__main__,pr,strong_georgia,ძლიერი საქართველო-ლელო,9,80,ქედა,3,,გოჩა,გათენაძე,გოჩა გათენაძე,,,adg_2025_candidates_unified.xlsx
local_2025,__main__,pr,strong_georgia,ძლიერი საქართველო-ლელო,9,80,ქედა,4,,ბეჟან,ბეჟანიძე,ბეჟან ბეჟანიძე,,,adg_2025_candidates_unified.xlsx
local_2025,__main__,pr,strong_georgia,ძლიერი საქართველო-ლელო,9,80,ქედა,5,,ზურაბ,ნაკაშიძე,ზურაბ ნაკაშიძე,,,adg_2025_candidates_unified.xlsx
local_2025,__main__,pr,strong_georgia,ძლიერი საქართველო-ლელო,9,80,ქედა,6,,ზურაბ,გოლომანიძე,ზურაბ გოლომანიძე,,,adg_2025_candidates_unified.xlsx
local_2025,__main__,pr,strong_georgia,ძლიერი საქართველო-ლელო,9,80,ქედა,7,,ინგა,ანანიძე,ინგა ანანიძე,,,adg_2025_candidates_unified.xlsx
local_2025,__main__,pr,strong_georgia,ძლიერი საქართველო-ლელო,9,80,ქედა,8,,ჯემალ,ბარამიძე,ჯემალ ბარამიძე,,,adg_2025_candidates_unified.xlsx
local_2025,__main__,pr,strong_georgia,ძლიერი საქართველო-ლელო,9,80,ქედა,9,,ნათელა,ბერიძე,ნათელა ბერიძე,,,adg_2025_candidates_unified.xlsx
local_2025,__main__,pr,strong_georgia,ძლიერი საქართველო-ლელო,9,80,ქედა,10,,ოთარ,ზაქარაძე,ოთარ ზაქარაძე,,,adg_2025_candidates_unified.xlsx
local_2025,__main__,pr,strong_georgia,ძლიერი საქართველო-ლელო,9,80,ქედა,11,,ზაზა,ღოღობერიძე,ზაზა ღოღობერიძე,,,adg_2025_candidates_unified.xlsx
local_2025,__main__,pr,strong_georgia,ძლიერი საქართველო-ლელო,9,80,ქედა,12,,ნუნუ,სამნიძე,ნუნუ სამნიძე,,,adg_2025_candidates_unified.xlsx
local_2025,__main__,pr,strong_georgia,ძლიერი საქართველო-ლელო,9,80,ქედა,13,,ახმედ,თებიძე,ახმედ თებიძე,,,adg_2025_candidates_unified.xlsx
local_2025,__main__,pr,strong_georgia,ძლიერი საქართველო-ლელო,9,80,ქედა,14,,ნური,ბოლქვაძე,ნური ბოლქვაძე,,,adg_2025_candidates_unified.xlsx
local_2025,__main__,pr,strong_georgia,ძლიერი საქართველო-ლელო,9,80,ქედა,15,,არჩილ,შავლიძე,არჩილ შავლიძე,,,adg_2025_candidates_unified.xlsx
local_2025,__main__,pr,strong_georgia,ძლიერი საქართველო-ლელო,9,80,ქედა,16,,სულეიმან,ბოლქვაძე,სულეიმან ბოლქვაძე,,,adg_2025_candidates_unified.xlsx
local_2025,__main__,pr,strong_georgia,ძლიერი საქართველო-ლელო,9,80,ქედა,17,,გია,გერძაძე,გია გერძაძე,,,adg_2025_candidates_unified.xlsx
local_2025,__main__,pr,gakharia,„გახარია საქართველოსთვის“,25,80,ქედა,1,,მამუკა,ჭაღალიძე,მამუკა ჭაღალიძე,,,adg_2025_candidates_unified.xlsx
local_2025,__main__,pr,gakharia,„გახარია საქართველოსთვის“,25,80,ქედა,2,,ჯემალ,დავითაძე,ჯემალ დავითაძე,,,adg_2025_candidates_unified.xlsx
local_2025,__main__,pr,gakharia,„გახარია საქართველოსთვის“,25,80,ქედა,3,,მზია,საფარიძე,მზია საფარიძე,,,adg_2025_candidates_unified.xlsx
local_2025,__main__,pr,gakharia,„გახარია საქართველოსთვის“,25,80,ქედა,4,,რუსლან,ბოლქვაძე,რუსლან ბოლქვაძე,,,adg_2025_candidates_unified.xlsx
local_2025,__main__,pr,gakharia,„გახარია საქართველოსთვის“,25,80,ქედა,5,,ამირან,მიქელაძე,ამირან მიქელაძე,,,adg_2025_candidates_unified.xlsx
local_2025,__main__,pr,gakharia,„გახარია საქართველოსთვის“,25,80,ქედა,6,,დავით,მახაჭაძე,დავით მახაჭაძე,,,adg_2025_candidates_unified.xlsx
local_2025,__main__,pr,gakharia,„გახარია საქართველოსთვის“,25,80,ქედა,7,,ნინო,ქააძე,ნინო ქააძე,,,adg_2025_candidates_unified.xlsx
local_2025,__main__,pr,gakharia,„გახარია საქართველოსთვის“,25,80,ქედა,8,,თენგიზ,კონცელიძე,თენგიზ კონცელიძე,,,adg_2025_candidates_unified.xlsx
local_2025,__main__,pr,gakharia,„გახარია საქართველოსთვის“,25,80,ქედა,9,,დარეჯან,ბოლქვაძე,დარეჯან ბოლქვაძე,,,adg_2025_candidates_unified.xlsx
local_2025,__main__,pr,gakharia,„გახარია საქართველოსთვის“,25,80,ქედა,10,,დიანა,დავითაძე,დიანა დავითაძე,,,adg_2025_candidates_unified.xlsx
local_2025,__main__,pr,gakharia,„გახარია საქართველოსთვის“,25,80,ქედა,11,,ეკა,იმნაძე,ეკა იმნაძე,,,adg_2025_candidates_unified.xlsx
local_2025,__main__,pr,gakharia,„გახარია საქართველოსთვის“,25,80,ქედა,12,,როინ,დუმბაძე,როინ დუმბაძე,,,adg_2025_candidates_unified.xlsx
local_2025,__main__,pr,gakharia,„გახარია საქართველოსთვის“,25,80,ქედა,13,,დავით,შერვაშიძე,დავით შერვაშიძე,,,adg_2025_candidates_unified.xlsx
local_2025,__main__,pr,gakharia,„გახარია საქართველოსთვის“,25,80,ქედა,14,,ედნარ,ბოლქვაძე,ედნარ ბოლქვაძე,,,adg_2025_candidates_unified.xlsx
local_2025,__main__,pr,gakharia,„გახარია საქართველოსთვის“,25,80,ქედა,15,,დალი,ჭაღალიძე,დალი ჭაღალიძე,,,adg_2025_candidates_unified.xlsx
local_2025,__main__,pr,gd,ქართული ოცნება,41,80,ქედა,1,,ამირან,ცინცაძე,ამირან ცინცაძე,,,adg_2025_candidates_unified.xlsx
local_2025,__main__,pr,gd,ქართული ოცნება,41,80,ქედა,2,,რომან,დავითაძე,რომან დავითაძე,,,adg_2025_candidates_unified.xlsx
local_2025,__main__,pr,gd,ქართული ოცნება,41,80,ქედა,3,,რეზო,თურმანიძე,რეზო თურმანიძე,,,adg_2025_candidates_unified.xlsx
local_2025,__main__,pr,gd,ქართული ოცნება,41,80,ქედა,4,,ლევან,ბერიძე,ლევან ბერიძე,,,adg_2025_candidates_unified.xlsx
local_2025,__main__,pr,gd,ქართული ოცნება,41,80,ქედა,5,,არჩილ,გორგილაძე,არჩილ გორგილაძე,,,adg_2025_candidates_unified.xlsx
local_2025,__main__,pr,gd,ქართული ოცნება,41,80,ქედა,6,,მარინა,ბარამიძე,მარინა ბარამიძე,,,adg_2025_candidates_unified.xlsx
local_2025,__main__,pr,gd,ქართული ოცნება,41,80,ქედა,7,,მამუკა,გოგოლიშვილი,მამუკა გოგოლიშვილი,,,adg_2025_candidates_unified.xlsx
local_2025,__main__,pr,gd,ქართული ოცნება,41,80,ქედა,8,,მერაბი,ტაკიძე,მერაბი ტაკიძე,,,adg_2025_candidates_unified.xlsx
local_2025,__main__,pr,gd,ქართული ოცნება,41,80,ქედა,9,,მზია,ბოლქვაძე,მზია ბოლქვაძე,,,adg_2025_candidates_unified.xlsx
local_2025,__main__,pr,gd,ქართული ოცნება,41,80,ქედა,10,,დურმიშხან,შავიშვილი,დურმიშხან შავიშვილი,,,adg_2025_candidates_unified.xlsx
local_2025,__main__,pr,gd,ქართული ოცნება,41,80,ქედა,11,,მურად,დიასამიძე,მურად დიასამიძე,,,adg_2025_candidates_unified.xlsx
local_2025,__main__,pr,gd,ქართული ოცნება,41,80,ქედა,12,,გივი,ლორთქიფანიძე,გივი ლორთქიფანიძე,,,adg_2025_candidates_unified.xlsx
local_2025,__main__,pr,gd,ქართული ოცნება,41,80,ქედა,13,,რამაზ,თავდგირიძე,რამაზ თავდგირიძე,,,adg_2025_candidates_unified.xlsx
local_2025,__main__,pr,gd,ქართული ოცნება,41,80,ქედა,14,,ზვიად,არძენაძე,ზვიად არძენაძე,,,adg_2025_candidates_unified.xlsx
local_2025,__main__,pr,gd,ქართული ოცნება,41,80,ქედა,15,,ვაჟა,აბულაძე,ვაჟა აბულაძე,,,adg_2025_candidates_unified.xlsx
local_2025,__main__,pr,gd,ქართული ოცნება,41,80,ქედა,16,,რესან,ბერიძე,რესან ბერიძე,,,adg_2025_candidates_unified.xlsx
local_2025,__main__,pr,gd,ქართული ოცნება,41,80,ქედა,17,,ემზარ,დიასამიძე,ემზარ დიასამიძე,,,adg_2025_candidates_unified.xlsx
local_2025,__main__,pr,gd,ქართული ოცნება,41,80,ქედა,18,,შალვა,ნაკაშიძე,შალვა ნაკაშიძე,,,adg_2025_candidates_unified.xlsx
local_2025,__main__,pr,gd,ქართული ოცნება,41,80,ქედა,19,,ვახტანგ,ცინცაძე,ვახტანგ ცინცაძე,,,adg_2025_candidates_unified.xlsx
local_2025,__main__,pr,gd,ქართული ოცნება,41,80,ქედა,20,,ზვიად,ვარშანიძე,ზვიად ვარშანიძე,,,adg_2025_candidates_unified.xlsx
local_2025,__main__,pr,gd,ქართული ოცნება,41,80,ქედა,21,,თემურ,თურმანიძე,თემურ თურმანიძე,,,adg_2025_candidates_unified.xlsx
local_2025,__main__,pr,gd,ქართული ოცნება,41,80,ქედა,22,,ვალიკო,ბაჯელიძე,ვალიკო ბაჯელიძე,,,adg_2025_candidates_unified.xlsx
local_2025,__main__,pr,gd,ქართული ოცნება,41,80,ქედა,23,,ჯუმბერ,გოგიტიძე,ჯუმბერ გოგიტიძე,,,adg_2025_candidates_unified.xlsx
local_2025,__main__,pr,gd,ქართული ოცნება,41,80,ქედა,24,,რამინ,საკანდელიძე,რამინ საკანდელიძე,,,adg_2025_candidates_unified.xlsx
local_2025,__main__,pr,gd,ქართული ოცნება,41,80,ქედა,25,,ბადრი,დევაძე,ბადრი დევაძე,,,adg_2025_candidates_unified.xlsx
local_2025,__main__,pr,gd,ქართული ოცნება,41,80,ქედა,26,,არჩილ,ბეჟანიძე,არჩილ ბეჟანიძე,,,adg_2025_candidates_unified.xlsx
local_2025,__main__,pr,conservatives_geo,„კონსერვატორები საქართველოსთვის“,3,81,ქობულეთი,1,,ზურაბ,ქაშიბაძე,ზურაბ ქაშიბაძე,,,adg_2025_candidates_unified.xlsx
local_2025,__main__,pr,conservatives_geo,„კონსერვატორები საქართველოსთვის“,3,81,ქობულეთი,2,,თემური,ხარაზი,თემური ხარაზი,,,adg_2025_candidates_unified.xlsx
local_2025,__main__,pr,conservatives_geo,„კონსერვატორები საქართველოსთვის“,3,81,ქობულეთი,3,,მალხაზ,ზოიძე,მალხაზ ზოიძე,,,adg_2025_candidates_unified.xlsx
local_2025,__main__,pr,conservatives_geo,„კონსერვატორები საქართველოსთვის“,3,81,ქობულეთი,4,,ნოდარ,აბაკუმოვი,ნოდარ აბაკუმოვი,,,adg_2025_candidates_unified.xlsx
local_2025,__main__,pr,conservatives_geo,„კონსერვატორები საქართველოსთვის“,3,81,ქობულეთი,5,,გოჩა,ნაკაშიძე,გოჩა ნაკაშიძე,,,adg_2025_candidates_unified.xlsx
local_2025,__main__,pr,conservatives_geo,„კონსერვატორები საქართველოსთვის“,3,81,ქობულეთი,6,,მაყვალა,კუხალაშვილი,მაყვალა კუხალაშვილი,,,adg_2025_candidates_unified.xlsx
local_2025,__main__,pr,conservatives_geo,„კონსერვატორები საქართველოსთვის“,3,81,ქობულეთი,7,,ზურაბ,სვანიძე,ზურაბ სვანიძე,,,adg_2025_candidates_unified.xlsx
local_2025,__main__,pr,our_georgia,„ჩვენი გაერთიანებული საქართველო“,5,81,ქობულეთი,1,,ზურაბ,დოლიძე,ზურაბ დოლიძე,,,adg_2025_candidates_unified.xlsx
local_2025,__main__,pr,our_georgia,„ჩვენი გაერთიანებული საქართველო“,5,81,ქობულეთი,2,,მერაბ,ბასილიძე,მერაბ ბასილიძე,,,adg_2025_candidates_unified.xlsx
local_2025,__main__,pr,our_georgia,„ჩვენი გაერთიანებული საქართველო“,5,81,ქობულეთი,3,,ანზორ,ბაკურიძე,ანზორ ბაკურიძე,,,adg_2025_candidates_unified.xlsx
local_2025,__main__,pr,our_georgia,„ჩვენი გაერთიანებული საქართველო“,5,81,ქობულეთი,4,,ვაჟა,მჟავანაძე,ვაჟა მჟავანაძე,,,adg_2025_candidates_unified.xlsx
local_2025,__main__,pr,our_georgia,„ჩვენი გაერთიანებული საქართველო“,5,81,ქობულეთი,5,,ალი,ხალვაში,ალი ხალვაში,,,adg_2025_candidates_unified.xlsx
local_2025,__main__,pr,our_georgia,„ჩვენი გაერთიანებული საქართველო“,5,81,ქობულეთი,6,,ჯაბა,მესხიძე,ჯაბა მესხიძე,,,adg_2025_candidates_unified.xlsx
local_2025,__main__,pr,patriots,„საქართველოს პატრიოტთა ალიანსი“,8,81,ქობულეთი,1,,ირაკლი,კონცელიძე,ირაკლი კონცელიძე,,,adg_2025_candidates_unified.xlsx
local_2025,__main__,pr,patriots,„საქართველოს პატრიოტთა ალიანსი“,8,81,ქობულეთი,2,,დალი,ჯინჭარაძე,დალი ჯინჭარაძე,,,adg_2025_candidates_unified.xlsx
local_2025,__main__,pr,patriots,„საქართველოს პატრიოტთა ალიანსი“,8,81,ქობულეთი,3,,ნინო,ჯინჭარაძე,ნინო ჯინჭარაძე,,,adg_2025_candidates_unified.xlsx
local_2025,__main__,pr,patriots,„საქართველოს პატრიოტთა ალიანსი“,8,81,ქობულეთი,4,,დიანა,კონცელიძე,დიანა კონცელიძე,,,adg_2025_candidates_unified.xlsx
local_2025,__main__,pr,patriots,„საქართველოს პატრიოტთა ალიანსი“,8,81,ქობულეთი,5,,ლიზი,კონცელიძე,ლიზი კონცელიძე,,,adg_2025_candidates_unified.xlsx
local_2025,__main__,pr,patriots,„საქართველოს პატრიოტთა ალიანსი“,8,81,ქობულეთი,6,,ნანა,ჭეფხოძე,ნანა ჭეფხოძე,,,adg_2025_candidates_unified.xlsx
local_2025,__main__,pr,patriots,„საქართველოს პატრიოტთა ალიანსი“,8,81,ქობულეთი,7,,ლაშა,ჯინჭარაძე,ლაშა ჯინჭარაძე,,,adg_2025_candidates_unified.xlsx
local_2025,__main__,pr,patriots,„საქართველოს პატრიოტთა ალიანსი“,8,81,ქობულეთი,8,,მანუჩარ,კეჟერაძე,მანუჩარ კეჟერაძე,,,adg_2025_candidates_unified.xlsx
local_2025,__main__,pr,strong_georgia,ძლიერი საქართველო-ლელო,9,81,ქობულეთი,1,,ზურაბ,სეფერთელაძე,ზურაბ სეფერთელაძე,,,adg_2025_candidates_unified.xlsx
local_2025,__main__,pr,strong_georgia,ძლიერი საქართველო-ლელო,9,81,ქობულეთი,2,,გიორგი,ცინარიძე,გიორგი ცინარიძე,,,adg_2025_candidates_unified.xlsx
local_2025,__main__,pr,strong_georgia,ძლიერი საქართველო-ლელო,9,81,ქობულეთი,3,,მარიკა,შვანგირაძე,მარიკა შვანგირაძე,,,adg_2025_candidates_unified.xlsx
local_2025,__main__,pr,strong_georgia,ძლიერი საქართველო-ლელო,9,81,ქობულეთი,4,,იოსებ,ხაბაზი,იოსებ ხაბაზი,,,adg_2025_candidates_unified.xlsx
local_2025,__main__,pr,strong_georgia,ძლიერი საქართველო-ლელო,9,81,ქობულეთი,5,,თამარ,ქათამაძე,თამარ ქათამაძე,,,adg_2025_candidates_unified.xlsx
local_2025,__main__,pr,strong_georgia,ძლიერი საქართველო-ლელო,9,81,ქობულეთი,6,,ხათუნა,ვერულიძე,ხათუნა ვერულიძე,,,adg_2025_candidates_unified.xlsx
local_2025,__main__,pr,strong_georgia,ძლიერი საქართველო-ლელო,9,81,ქობულეთი,7,,ქეთევანი,ლომაძე,ქეთევანი ლომაძე,,,adg_2025_candidates_unified.xlsx
local_2025,__main__,pr,strong_georgia,ძლიერი საქართველო-ლელო,9,81,ქობულეთი,8,,ოთარ,ბოლქვაძე,ოთარ ბოლქვაძე,,,adg_2025_candidates_unified.xlsx
local_2025,__main__,pr,strong_georgia,ძლიერი საქართველო-ლელო,9,81,ქობულეთი,9,,ქეთინო,კაკალაძე,ქეთინო კაკალაძე,,,adg_2025_candidates_unified.xlsx
local_2025,__main__,pr,strong_georgia,ძლიერი საქართველო-ლელო,9,81,ქობულეთი,10,,ზაზა,ჩიკვაიძე,ზაზა ჩიკვაიძე,,,adg_2025_candidates_unified.xlsx
local_2025,__main__,pr,strong_georgia,ძლიერი საქართველო-ლელო,9,81,ქობულეთი,11,,თემურ,ოქროპირიძე,თემურ ოქროპირიძე,,,adg_2025_candidates_unified.xlsx
local_2025,__main__,pr,strong_georgia,ძლიერი საქართველო-ლელო,9,81,ქობულეთი,12,,გივი,შევარდნაძე,გივი შევარდნაძე,,,adg_2025_candidates_unified.xlsx
local_2025,__main__,pr,strong_georgia,ძლიერი საქართველო-ლელო,9,81,ქობულეთი,13,,ია,ბერიძე,ია ბერიძე,,,adg_2025_candidates_unified.xlsx
local_2025,__main__,pr,strong_georgia,ძლიერი საქართველო-ლელო,9,81,ქობულეთი,14,,მირზა,სურმანიძე,მირზა სურმანიძე,,,adg_2025_candidates_unified.xlsx
local_2025,__main__,pr,strong_georgia,ძლიერი საქართველო-ლელო,9,81,ქობულეთი,15,,რეზო,სანიკიძე,რეზო სანიკიძე,,,adg_2025_candidates_unified.xlsx
local_2025,__main__,pr,strong_georgia,ძლიერი საქართველო-ლელო,9,81,ქობულეთი,16,,ეკატერინე,ჭანიშვილი,ეკატერინე ჭანიშვილი,,,adg_2025_candidates_unified.xlsx
local_2025,__main__,pr,strong_georgia,ძლიერი საქართველო-ლელო,9,81,ქობულეთი,17,,თენგიზ,ქათამაძე,თენგიზ ქათამაძე,,,adg_2025_candidates_unified.xlsx
local_2025,__main__,pr,strong_georgia,ძლიერი საქართველო-ლელო,9,81,ქობულეთი,18,,ზაზა,დოლიძე,ზაზა დოლიძე,,,adg_2025_candidates_unified.xlsx
local_2025,__main__,pr,strong_georgia,ძლიერი საქართველო-ლელო,9,81,ქობულეთი,19,,ნონა,დუმბაძე,ნონა დუმბაძე,,,adg_2025_candidates_unified.xlsx
local_2025,__main__,pr,strong_georgia,ძლიერი საქართველო-ლელო,9,81,ქობულეთი,20,,მამული,დოლიძე,მამული დოლიძე,,,adg_2025_candidates_unified.xlsx
local_2025,__main__,pr,strong_georgia,ძლიერი საქართველო-ლელო,9,81,ქობულეთი,21,,მინდია,მუშამბაძე,მინდია მუშამბაძე,,,adg_2025_candidates_unified.xlsx
local_2025,__main__,pr,strong_georgia,ძლიერი საქართველო-ლელო,9,81,ქობულეთი,22,,ჯეირან,ხაბაზი,ჯეირან ხაბაზი,,,adg_2025_candidates_unified.xlsx
local_2025,__main__,pr,strong_georgia,ძლიერი საქართველო-ლელო,9,81,ქობულეთი,23,,ზურაბ,მიქელაძე,ზურაბ მიქელაძე,,,adg_2025_candidates_unified.xlsx
local_2025,__main__,pr,strong_georgia,ძლიერი საქართველო-ლელო,9,81,ქობულეთი,24,,ნაზიბროლა,კვესიეიშვილი,ნაზიბროლა კვესიეიშვილი,,,adg_2025_candidates_unified.xlsx
local_2025,__main__,pr,strong_georgia,ძლიერი საქართველო-ლელო,9,81,ქობულეთი,25,,თენგიზ,ბასილაძე,თენგიზ ბასილაძე,,,adg_2025_candidates_unified.xlsx
local_2025,__main__,pr,gakharia,„გახარია საქართველოსთვის“,25,81,ქობულეთი,1,,ია,მესხიძე,ია მესხიძე,,,adg_2025_candidates_unified.xlsx
local_2025,__main__,pr,gakharia,„გახარია საქართველოსთვის“,25,81,ქობულეთი,2,,ალიკო,ბაუჟაძე,ალიკო ბაუჟაძე,,,adg_2025_candidates_unified.xlsx
local_2025,__main__,pr,gakharia,„გახარია საქართველოსთვის“,25,81,ქობულეთი,3,,გია,მჟავანაძე,გია მჟავანაძე,,,adg_2025_candidates_unified.xlsx
local_2025,__main__,pr,gakharia,„გახარია საქართველოსთვის“,25,81,ქობულეთი,4,,ჯაბა,ბაუჟაძე,ჯაბა ბაუჟაძე,,,adg_2025_candidates_unified.xlsx
local_2025,__main__,pr,gakharia,„გახარია საქართველოსთვის“,25,81,ქობულეთი,5,,ნიკა,ჯინჭარაძე,ნიკა ჯინჭარაძე,,,adg_2025_candidates_unified.xlsx
local_2025,__main__,pr,gakharia,„გახარია საქართველოსთვის“,25,81,ქობულეთი,6,,ბესიკ,ბაუჟაძე,ბესიკ ბაუჟაძე,,,adg_2025_candidates_unified.xlsx
local_2025,__main__,pr,gakharia,„გახარია საქართველოსთვის“,25,81,ქობულეთი,7,,ანა,ჟორჟოლიანი,ანა ჟორჟოლიანი,,,adg_2025_candidates_unified.xlsx
local_2025,__main__,pr,gakharia,„გახარია საქართველოსთვის“,25,81,ქობულეთი,8,,ბეგლარ,ბერიძე,ბეგლარ ბერიძე,,,adg_2025_candidates_unified.xlsx
local_2025,__main__,pr,gakharia,„გახარია საქართველოსთვის“,25,81,ქობულეთი,9,,მამუკა,ღაღაიშვილი,მამუკა ღაღაიშვილი,,,adg_2025_candidates_unified.xlsx
local_2025,__main__,pr,gakharia,„გახარია საქართველოსთვის“,25,81,ქობულეთი,10,,ისმაილ,ბერიძე,ისმაილ ბერიძე,,,adg_2025_candidates_unified.xlsx
local_2025,__main__,pr,gakharia,„გახარია საქართველოსთვის“,25,81,ქობულეთი,11,,გურამ,ტაკიძე,გურამ ტაკიძე,,,adg_2025_candidates_unified.xlsx
local_2025,__main__,pr,gakharia,„გახარია საქართველოსთვის“,25,81,ქობულეთი,12,,მერი,პატიეშვილი,მერი პატიეშვილი,,,adg_2025_candidates_unified.xlsx
local_2025,__main__,pr,gakharia,„გახარია საქართველოსთვის“,25,81,ქობულეთი,13,,მამუკა,მჟავანაძე,მამუკა მჟავანაძე,,,adg_2025_candidates_unified.xlsx
local_2025,__main__,pr,gakharia,„გახარია საქართველოსთვის“,25,81,ქობულეთი,14,,თენგიზ,ნაგერვაძე,თენგიზ ნაგერვაძე,,,adg_2025_candidates_unified.xlsx
local_2025,__main__,pr,gakharia,„გახარია საქართველოსთვის“,25,81,ქობულეთი,15,,ნუგზარ,ქათამაძე,ნუგზარ ქათამაძე,,,adg_2025_candidates_unified.xlsx
local_2025,__main__,pr,gd,ქართული ოცნება,41,81,ქობულეთი,1,,ნატო,შამილიშვილი,ნატო შამილიშვილი,,,adg_2025_candidates_unified.xlsx
local_2025,__main__,pr,gd,ქართული ოცნება,41,81,ქობულეთი,2,,თეა,მოწყობილი,თეა მოწყობილი,,,adg_2025_candidates_unified.xlsx
local_2025,__main__,pr,gd,ქართული ოცნება,41,81,ქობულეთი,3,,დავით,პაპუნაიშვილი,დავით პაპუნაიშვილი,,,adg_2025_candidates_unified.xlsx
local_2025,__main__,pr,gd,ქართული ოცნება,41,81,ქობულეთი,4,,ვახტანგ,ჭაღალიძე,ვახტანგ ჭაღალიძე,,,adg_2025_candidates_unified.xlsx
local_2025,__main__,pr,gd,ქართული ოცნება,41,81,ქობულეთი,5,,ზურაბი,კაკალაძე,ზურაბი კაკალაძე,,,adg_2025_candidates_unified.xlsx
local_2025,__main__,pr,gd,ქართული ოცნება,41,81,ქობულეთი,6,,ირინა,დავითაძე,ირინა დავითაძე,,,adg_2025_candidates_unified.xlsx
local_2025,__main__,pr,gd,ქართული ოცნება,41,81,ქობულეთი,7,,მამია,ჟორდანია,მამია ჟორდანია,,,adg_2025_candidates_unified.xlsx
local_2025,__main__,pr,gd,ქართული ოცნება,41,81,ქობულეთი,8,,გვანცა,ჩანტლაძე,გვანცა ჩანტლაძე,,,adg_2025_candidates_unified.xlsx
local_2025,__main__,pr,gd,ქართული ოცნება,41,81,ქობულეთი,9,,ლია,შაქარიშვილი,ლია შაქარიშვილი,,,adg_2025_candidates_unified.xlsx
local_2025,__main__,pr,gd,ქართული ოცნება,41,81,ქობულეთი,10,,მირზა,მახარაძე,მირზა მახარაძე,,,adg_2025_candidates_unified.xlsx
local_2025,__main__,pr,gd,ქართული ოცნება,41,81,ქობულეთი,11,,ემზარ,სურმანიძე,ემზარ სურმანიძე,,,adg_2025_candidates_unified.xlsx
local_2025,__main__,pr,gd,ქართული ოცნება,41,81,ქობულეთი,12,,ედნარ,თურმანიძე,ედნარ თურმანიძე,,,adg_2025_candidates_unified.xlsx
local_2025,__main__,pr,gd,ქართული ოცნება,41,81,ქობულეთი,13,,გელა,შაქარიშვილი,გელა შაქარიშვილი,,,adg_2025_candidates_unified.xlsx
local_2025,__main__,pr,gd,ქართული ოცნება,41,81,ქობულეთი,14,,ზაზა,თხილაიშვილი,ზაზა თხილაიშვილი,,,adg_2025_candidates_unified.xlsx
local_2025,__main__,pr,gd,ქართული ოცნება,41,81,ქობულეთი,15,,ხვიჩა,გამარჯობაძე,ხვიჩა გამარჯობაძე,,,adg_2025_candidates_unified.xlsx
local_2025,__main__,pr,gd,ქართული ოცნება,41,81,ქობულეთი,16,,მარიამ,გუნთაიშვილი,მარიამ გუნთაიშვილი,,,adg_2025_candidates_unified.xlsx
local_2025,__main__,pr,gd,ქართული ოცნება,41,81,ქობულეთი,17,,მიშიკო,მიქელაძე,მიშიკო მიქელაძე,,,adg_2025_candidates_unified.xlsx
local_2025,__main__,pr,gd,ქართული ოცნება,41,81,ქობულეთი,18,,ტარიელ,ვერულიძე,ტარიელ ვერულიძე,,,adg_2025_candidates_unified.xlsx
local_2025,__main__,pr,gd,ქართული ოცნება,41,81,ქობულეთი,19,,ვაჟა,ნოღაიდელი,ვაჟა ნოღაიდელი,,,adg_2025_candidates_unified.xlsx
local_2025,__main__,pr,gd,ქართული ოცნება,41,81,ქობულეთი,20,,ვახტანგ,დევაძე,ვახტანგ დევაძე,,,adg_2025_candidates_unified.xlsx
local_2025,__main__,pr,gd,ქართული ოცნება,41,81,ქობულეთი,21,,რამინ,კონცელიძე,რამინ კონცელიძე,,,adg_2025_candidates_unified.xlsx
local_2025,__main__,pr,gd,ქართული ოცნება,41,81,ქობულეთი,22,,ჯემალ,სანიკიძე,ჯემალ სანიკიძე,,,adg_2025_candidates_unified.xlsx
local_2025,__main__,pr,gd,ქართული ოცნება,41,81,ქობულეთი,23,,მზევინარ,ბალაძე,მზევინარ ბალაძე,,,adg_2025_candidates_unified.xlsx
local_2025,__main__,pr,gd,ქართული ოცნება,41,81,ქობულეთი,24,,სულიკო,ძიძიგური,სულიკო ძიძიგური,,,adg_2025_candidates_unified.xlsx
local_2025,__main__,pr,gd,ქართული ოცნება,41,81,ქობულეთი,25,,ეთერ,აფხაზავა,ეთერ აფხაზავა,,,adg_2025_candidates_unified.xlsx
local_2025,__main__,pr,gd,ქართული ოცნება,41,81,ქობულეთი,26,,ჯიმშერ,ვერულიძე,ჯიმშერ ვერულიძე,,,adg_2025_candidates_unified.xlsx
local_2025,__main__,pr,gd,ქართული ოცნება,41,81,ქობულეთი,27,,იოსებ,ხოზრევანიძე,იოსებ ხოზრევანიძე,,,adg_2025_candidates_unified.xlsx
local_2025,__main__,pr,gd,ქართული ოცნება,41,81,ქობულეთი,28,,ანზორ,ქათამაძე,ანზორ ქათამაძე,,,adg_2025_candidates_unified.xlsx
local_2025,__main__,pr,gd,ქართული ოცნება,41,81,ქობულეთი,29,,მანანა,ნეკრასოვა,მანანა ნეკრასოვა,,,adg_2025_candidates_unified.xlsx
local_2025,__main__,pr,conservatives_geo,„კონსერვატორები საქართველოსთვის“,3,82,შუახევი,1,,შაქრო,ბერიძე,შაქრო ბერიძე,,,adg_2025_candidates_unified.xlsx
local_2025,__main__,pr,conservatives_geo,„კონსერვატორები საქართველოსთვის“,3,82,შუახევი,2,,ასლან,ფუტკარაძე,ასლან ფუტკარაძე,,,adg_2025_candidates_unified.xlsx
local_2025,__main__,pr,conservatives_geo,„კონსერვატორები საქართველოსთვის“,3,82,შუახევი,3,,თეიმურაზ,ჯაყელი,თეიმურაზ ჯაყელი,,,adg_2025_candidates_unified.xlsx
local_2025,__main__,pr,conservatives_geo,„კონსერვატორები საქართველოსთვის“,3,82,შუახევი,4,,ზურაბ,ჯაყელი,ზურაბ ჯაყელი,,,adg_2025_candidates_unified.xlsx
local_2025,__main__,pr,conservatives_geo,„კონსერვატორები საქართველოსთვის“,3,82,შუახევი,5,,მაია,ბერიძე,მაია ბერიძე,,,adg_2025_candidates_unified.xlsx
local_2025,__main__,pr,conservatives_geo,„კონსერვატორები საქართველოსთვის“,3,82,შუახევი,6,,ჟუჟუნა,ბერიძე,ჟუჟუნა ბერიძე,,,adg_2025_candidates_unified.xlsx
local_2025,__main__,pr,conservatives_geo,„კონსერვატორები საქართველოსთვის“,3,82,შუახევი,7,,როსტისლავ,გულუა,როსტისლავ გულუა,,,adg_2025_candidates_unified.xlsx
local_2025,__main__,pr,patriots,„საქართველოს პატრიოტთა ალიანსი“,8,82,შუახევი,1,,დავით,დავითაძე,დავით დავითაძე,,,adg_2025_candidates_unified.xlsx
local_2025,__main__,pr,patriots,„საქართველოს პატრიოტთა ალიანსი“,8,82,შუახევი,2,,იმედა,თურმანიძე,იმედა თურმანიძე,,,adg_2025_candidates_unified.xlsx
local_2025,__main__,pr,patriots,„საქართველოს პატრიოტთა ალიანსი“,8,82,შუახევი,3,,ანზორ,დავითაძე,ანზორ დავითაძე,,,adg_2025_candidates_unified.xlsx
local_2025,__main__,pr,patriots,„საქართველოს პატრიოტთა ალიანსი“,8,82,შუახევი,4,,ნინო,ვარშანიძე,ნინო ვარშანიძე,,,adg_2025_candidates_unified.xlsx
local_2025,__main__,pr,patriots,„საქართველოს პატრიოტთა ალიანსი“,8,82,შუახევი,5,,მედეა,ბაქრაძე,მედეა ბაქრაძე,,,adg_2025_candidates_unified.xlsx
local_2025,__main__,pr,patriots,„საქართველოს პატრიოტთა ალიანსი“,8,82,შუახევი,6,,ზაურ,დავითაძე,ზაურ დავითაძე,,,adg_2025_candidates_unified.xlsx
local_2025,__main__,pr,patriots,„საქართველოს პატრიოტთა ალიანსი“,8,82,შუახევი,7,,რევაზ,ბაქრაძე,რევაზ ბაქრაძე,,,adg_2025_candidates_unified.xlsx
local_2025,__main__,pr,strong_georgia,ძლიერი საქართველო-ლელო,9,82,შუახევი,1,,ზვიად,დიასამიძე,ზვიად დიასამიძე,,,adg_2025_candidates_unified.xlsx
local_2025,__main__,pr,strong_georgia,ძლიერი საქართველო-ლელო,9,82,შუახევი,2,,გიორგი,ჯაყელი,გიორგი ჯაყელი,,,adg_2025_candidates_unified.xlsx
local_2025,__main__,pr,strong_georgia,ძლიერი საქართველო-ლელო,9,82,შუახევი,3,,კახა,სურმანიძე,კახა სურმანიძე,,,adg_2025_candidates_unified.xlsx
local_2025,__main__,pr,strong_georgia,ძლიერი საქართველო-ლელო,9,82,შუახევი,4,,დათო,გოგიტიძე,დათო გოგიტიძე,,,adg_2025_candidates_unified.xlsx
local_2025,__main__,pr,strong_georgia,ძლიერი საქართველო-ლელო,9,82,შუახევი,5,,ნაზი,ველიაძე,ნაზი ველიაძე,,,adg_2025_candidates_unified.xlsx
local_2025,__main__,pr,strong_georgia,ძლიერი საქართველო-ლელო,9,82,შუახევი,6,,იური,ლომინაძე,იური ლომინაძე,,,adg_2025_candidates_unified.xlsx
local_2025,__main__,pr,strong_georgia,ძლიერი საქართველო-ლელო,9,82,შუახევი,7,,ოთარ,მამულაძე,ოთარ მამულაძე,,,adg_2025_candidates_unified.xlsx
local_2025,__main__,pr,strong_georgia,ძლიერი საქართველო-ლელო,9,82,შუახევი,8,,იაგო,ცეცხლაძე,იაგო ცეცხლაძე,,,adg_2025_candidates_unified.xlsx
local_2025,__main__,pr,strong_georgia,ძლიერი საქართველო-ლელო,9,82,შუახევი,9,,ზვიად,ბერიძე,ზვიად ბერიძე,,,adg_2025_candidates_unified.xlsx
local_2025,__main__,pr,strong_georgia,ძლიერი საქართველო-ლელო,9,82,შუახევი,10,,დარინა,მიქელაძე,დარინა მიქელაძე,,,adg_2025_candidates_unified.xlsx
local_2025,__main__,pr,strong_georgia,ძლიერი საქართველო-ლელო,9,82,შუახევი,11,,დარეჯან,ქარცივაძე,დარეჯან ქარცივაძე,,,adg_2025_candidates_unified.xlsx
local_2025,__main__,pr,strong_georgia,ძლიერი საქართველო-ლელო,9,82,შუახევი,12,,ირაკლი,ბერიძე,ირაკლი ბერიძე,,,adg_2025_candidates_unified.xlsx
local_2025,__main__,pr,strong_georgia,ძლიერი საქართველო-ლელო,9,82,შუახევი,13,,თენგიზ,მიქელაძე,თენგიზ მიქელაძე,,,adg_2025_candidates_unified.xlsx
local_2025,__main__,pr,gakharia,„გახარია საქართველოსთვის“,25,82,შუახევი,1,,მერაბ,დავითაძე,მერაბ დავითაძე,,,adg_2025_candidates_unified.xlsx
local_2025,__main__,pr,gakharia,„გახარია საქართველოსთვის“,25,82,შუახევი,2,,ზვიად,ათაბაგი,ზვიად ათაბაგი,,,adg_2025_candidates_unified.xlsx
local_2025,__main__,pr,gakharia,„გახარია საქართველოსთვის“,25,82,შუახევი,3,,რამაზ,ზოსიძე,რამაზ ზოსიძე,,,adg_2025_candidates_unified.xlsx
local_2025,__main__,pr,gakharia,„გახარია საქართველოსთვის“,25,82,შუახევი,4,,ჯუმბერ,დუმბაძე,ჯუმბერ დუმბაძე,,,adg_2025_candidates_unified.xlsx
local_2025,__main__,pr,gakharia,„გახარია საქართველოსთვის“,25,82,შუახევი,5,,იური,ბერიძე,იური ბერიძე,,,adg_2025_candidates_unified.xlsx
local_2025,__main__,pr,gakharia,„გახარია საქართველოსთვის“,25,82,შუახევი,6,,მიხეილ,ბათაძე,მიხეილ ბათაძე,,,adg_2025_candidates_unified.xlsx
local_2025,__main__,pr,gakharia,„გახარია საქართველოსთვის“,25,82,შუახევი,7,,გელა,მჟავანაძე,გელა მჟავანაძე,,,adg_2025_candidates_unified.xlsx
local_2025,__main__,pr,gakharia,„გახარია საქართველოსთვის“,25,82,შუახევი,8,,ანა,მიქელაძე,ანა მიქელაძე,,,adg_2025_candidates_unified.xlsx
local_2025,__main__,pr,gakharia,„გახარია საქართველოსთვის“,25,82,შუახევი,9,,ასლან,ბერიძე,ასლან ბერიძე,,,adg_2025_candidates_unified.xlsx
local_2025,__main__,pr,gakharia,„გახარია საქართველოსთვის“,25,82,შუახევი,11,,იზოლდა,დუმბაძე,იზოლდა დუმბაძე,,,adg_2025_candidates_unified.xlsx
local_2025,__main__,pr,gakharia,„გახარია საქართველოსთვის“,25,82,შუახევი,12,,ნოდარ,ზოიძე,ნოდარ ზოიძე,,,adg_2025_candidates_unified.xlsx
local_2025,__main__,pr,gakharia,„გახარია საქართველოსთვის“,25,82,შუახევი,14,,დავით,მსახურაძე,დავით მსახურაძე,,,adg_2025_candidates_unified.xlsx
local_2025,__main__,pr,gakharia,„გახარია საქართველოსთვის“,25,82,შუახევი,15,,მანუჩარ,ივანაძე,მანუჩარ ივანაძე,,,adg_2025_candidates_unified.xlsx
local_2025,__main__,pr,gakharia,„გახარია საქართველოსთვის“,25,82,შუახევი,16,,გიორგი,ნატარიძე,გიორგი ნატარიძე,,,adg_2025_candidates_unified.xlsx
local_2025,__main__,pr,gd,ქართული ოცნება,41,82,შუახევი,1,,იაგო,დავითაძე,იაგო დავითაძე,,,adg_2025_candidates_unified.xlsx
local_2025,__main__,pr,gd,ქართული ოცნება,41,82,შუახევი,2,,ედუარდ,გოგრაჭაძე,ედუარდ გოგრაჭაძე,,,adg_2025_candidates_unified.xlsx
local_2025,__main__,pr,gd,ქართული ოცნება,41,82,შუახევი,3,,ედნარ,კეჟერაძე,ედნარ კეჟერაძე,,,adg_2025_candidates_unified.xlsx
local_2025,__main__,pr,gd,ქართული ოცნება,41,82,შუახევი,4,,გიორგი,დავითაძე,გიორგი დავითაძე,,,adg_2025_candidates_unified.xlsx
local_2025,__main__,pr,gd,ქართული ოცნება,41,82,შუახევი,5,,თენგიზ,ივანაძე,თენგიზ ივანაძე,,,adg_2025_candidates_unified.xlsx
local_2025,__main__,pr,gd,ქართული ოცნება,41,82,შუახევი,6,,გურამ,ზოიძე,გურამ ზოიძე,,,adg_2025_candidates_unified.xlsx
local_2025,__main__,pr,gd,ქართული ოცნება,41,82,შუახევი,7,,ვახტანგ,ფუტკარაძე,ვახტანგ ფუტკარაძე,,,adg_2025_candidates_unified.xlsx
local_2025,__main__,pr,gd,ქართული ოცნება,41,82,შუახევი,8,,ფატი,ჭაღალიძე,ფატი ჭაღალიძე,,,adg_2025_candidates_unified.xlsx
local_2025,__main__,pr,gd,ქართული ოცნება,41,82,შუახევი,9,,მელანო,ებრალიძე,მელანო ებრალიძე,,,adg_2025_candidates_unified.xlsx
local_2025,__main__,pr,gd,ქართული ოცნება,41,82,შუახევი,10,,ზაზა,დავითაძე,ზაზა დავითაძე,,,adg_2025_candidates_unified.xlsx
local_2025,__main__,pr,gd,ქართული ოცნება,41,82,შუახევი,11,,ჯუმბერ,ქათამაძე,ჯუმბერ ქათამაძე,,,adg_2025_candidates_unified.xlsx
local_2025,__main__,pr,gd,ქართული ოცნება,41,82,შუახევი,12,,ემზარ,ჯუმუშაძე,ემზარ ჯუმუშაძე,,,adg_2025_candidates_unified.xlsx
local_2025,__main__,pr,gd,ქართული ოცნება,41,82,შუახევი,13,,რამაზ,მახარაძე,რამაზ მახარაძე,,,adg_2025_candidates_unified.xlsx
local_2025,__main__,pr,gd,ქართული ოცნება,41,82,შუახევი,14,,იამზე,თავდგირიძე-ფუტკარაძე,იამზე თავდგირიძე-ფუტკარაძე,,,adg_2025_candidates_unified.xlsx
local_2025,__main__,pr,gd,ქართული ოცნება,41,82,შუახევი,15,,დიანა,ქამადაძე,დიანა ქამადაძე,,,adg_2025_candidates_unified.xlsx
local_2025,__main__,pr,gd,ქართული ოცნება,41,82,შუახევი,16,,გიგა,ფუტკარაძე,გიგა ფუტკარაძე,,,adg_2025_candidates_unified.xlsx
local_2025,__main__,pr,gd,ქართული ოცნება,41,82,შუახევი,17,,გიორგი,მიქელაძე,გიორგი მიქელაძე,,,adg_2025_candidates_unified.xlsx
local_2025,__main__,pr,gd,ქართული ოცნება,41,82,შუახევი,18,,რევაზ,დავითაძე,რევაზ დავითაძე,,,adg_2025_candidates_unified.xlsx
local_2025,__main__,pr,gd,ქართული ოცნება,41,82,შუახევი,19,,ქეთევან,აბუსელიძე,ქეთევან აბუსელიძე,,,adg_2025_candidates_unified.xlsx
local_2025,__main__,pr,gd,ქართული ოცნება,41,82,შუახევი,20,,ალი,მსახურაძე,ალი მსახურაძე,,,adg_2025_candidates_unified.xlsx
local_2025,__main__,pr,gd,ქართული ოცნება,41,82,შუახევი,21,,თემურ,ფუტკარაძე,თემურ ფუტკარაძე,,,adg_2025_candidates_unified.xlsx
local_2025,__main__,pr,gd,ქართული ოცნება,41,82,შუახევი,23,,ჯემალ,კეკელიძე,ჯემალ კეკელიძე,,,adg_2025_candidates_unified.xlsx
local_2025,__main__,pr,gd,ქართული ოცნება,41,82,შუახევი,24,,შოთა,ნაკაშიძე,შოთა ნაკაშიძე,,,adg_2025_candidates_unified.xlsx
local_2025,__main__,pr,gd,ქართული ოცნება,41,82,შუახევი,26,,სერიოჟა,აბაშიძე,სერიოჟა აბაშიძე,,,adg_2025_candidates_unified.xlsx
local_2025,__main__,pr,gd,ქართული ოცნება,41,82,შუახევი,27,,რამაზი,თავდგირიძე,რამაზი თავდგირიძე,,,adg_2025_candidates_unified.xlsx
local_2025,__main__,pr,gd,ქართული ოცნება,41,82,შუახევი,29,,ტარიელ,ბოლქვაძე,ტარიელ ბოლქვაძე,,,adg_2025_candidates_unified.xlsx
local_2025,__main__,pr,conservatives_geo,„კონსერვატორები საქართველოსთვის“,3,83,ხელვაჩაური,1,,მინდია,მსახურაძე,მინდია მსახურაძე,,,adg_2025_candidates_unified.xlsx
local_2025,__main__,pr,conservatives_geo,„კონსერვატორები საქართველოსთვის“,3,83,ხელვაჩაური,2,,ია,ქოქოლაძე,ია ქოქოლაძე,,,adg_2025_candidates_unified.xlsx
local_2025,__main__,pr,conservatives_geo,„კონსერვატორები საქართველოსთვის“,3,83,ხელვაჩაური,3,,ელდარ,ქოქოლაძე,ელდარ ქოქოლაძე,,,adg_2025_candidates_unified.xlsx
local_2025,__main__,pr,conservatives_geo,„კონსერვატორები საქართველოსთვის“,3,83,ხელვაჩაური,4,,მამუკა,მორთულაძე,მამუკა მორთულაძე,,,adg_2025_candidates_unified.xlsx
local_2025,__main__,pr,conservatives_geo,„კონსერვატორები საქართველოსთვის“,3,83,ხელვაჩაური,5,,ვაჟა,ქოქოლაძე,ვაჟა ქოქოლაძე,,,adg_2025_candidates_unified.xlsx
local_2025,__main__,pr,conservatives_geo,„კონსერვატორები საქართველოსთვის“,3,83,ხელვაჩაური,6,,ჯამბულ,კომახიძე,ჯამბულ კომახიძე,,,adg_2025_candidates_unified.xlsx
local_2025,__main__,pr,conservatives_geo,„კონსერვატორები საქართველოსთვის“,3,83,ხელვაჩაური,7,,ზვიად,ქოქოლაძე,ზვიად ქოქოლაძე,,,adg_2025_candidates_unified.xlsx
local_2025,__main__,pr,conservatives_geo,„კონსერვატორები საქართველოსთვის“,3,83,ხელვაჩაური,8,,დათო,ვანიძე,დათო ვანიძე,,,adg_2025_candidates_unified.xlsx
local_2025,__main__,pr,patriots,„საქართველოს პატრიოტთა ალიანსი“,8,83,ხელვაჩაური,1,,მალხაზ,მხეიძე,მალხაზ მხეიძე,,,adg_2025_candidates_unified.xlsx
local_2025,__main__,pr,patriots,„საქართველოს პატრიოტთა ალიანსი“,8,83,ხელვაჩაური,2,,თამაზ,ბერიძე,თამაზ ბერიძე,,,adg_2025_candidates_unified.xlsx
local_2025,__main__,pr,patriots,„საქართველოს პატრიოტთა ალიანსი“,8,83,ხელვაჩაური,3,,რომან,მორთულაძე,რომან მორთულაძე,,,adg_2025_candidates_unified.xlsx
local_2025,__main__,pr,patriots,„საქართველოს პატრიოტთა ალიანსი“,8,83,ხელვაჩაური,4,,როინ,გურგენიძე,როინ გურგენიძე,,,adg_2025_candidates_unified.xlsx
local_2025,__main__,pr,patriots,„საქართველოს პატრიოტთა ალიანსი“,8,83,ხელვაჩაური,5,,ნინო,ცივაძე,ნინო ცივაძე,,,adg_2025_candidates_unified.xlsx
local_2025,__main__,pr,patriots,„საქართველოს პატრიოტთა ალიანსი“,8,83,ხელვაჩაური,6,,ლევან,ნაგერვაძე,ლევან ნაგერვაძე,,,adg_2025_candidates_unified.xlsx
local_2025,__main__,pr,patriots,„საქართველოს პატრიოტთა ალიანსი“,8,83,ხელვაჩაური,7,,გიორგი,ცხადაძე,გიორგი ცხადაძე,,,adg_2025_candidates_unified.xlsx
local_2025,__main__,pr,patriots,„საქართველოს პატრიოტთა ალიანსი“,8,83,ხელვაჩაური,8,,ნათელა,მხეიძე,ნათელა მხეიძე,,,adg_2025_candidates_unified.xlsx
local_2025,__main__,pr,strong_georgia,ძლიერი საქართველო-ლელო,9,83,ხელვაჩაური,1,,დავით,დევაძე,დავით დევაძე,,,adg_2025_candidates_unified.xlsx
local_2025,__main__,pr,strong_georgia,ძლიერი საქართველო-ლელო,9,83,ხელვაჩაური,2,,როინ,აბაშიძე,როინ აბაშიძე,,,adg_2025_candidates_unified.xlsx
local_2025,__main__,pr,strong_georgia,ძლიერი საქართველო-ლელო,9,83,ხელვაჩაური,3,,სულხან,მსხალაძე,სულხან მსხალაძე,,,adg_2025_candidates_unified.xlsx
local_2025,__main__,pr,strong_georgia,ძლიერი საქართველო-ლელო,9,83,ხელვაჩაური,4,,გურამ,სურმანიძე,გურამ სურმანიძე,,,adg_2025_candidates_unified.xlsx
local_2025,__main__,pr,strong_georgia,ძლიერი საქართველო-ლელო,9,83,ხელვაჩაური,5,,ნოდარ,თურმანიძე,ნოდარ თურმანიძე,,,adg_2025_candidates_unified.xlsx
local_2025,__main__,pr,strong_georgia,ძლიერი საქართველო-ლელო,9,83,ხელვაჩაური,6,,როლანდ,გოგიტიძე,როლანდ გოგიტიძე,,,adg_2025_candidates_unified.xlsx
local_2025,__main__,pr,strong_georgia,ძლიერი საქართველო-ლელო,9,83,ხელვაჩაური,7,,ვაჟა,ხინკილაძე,ვაჟა ხინკილაძე,,,adg_2025_candidates_unified.xlsx
local_2025,__main__,pr,strong_georgia,ძლიერი საქართველო-ლელო,9,83,ხელვაჩაური,8,,გულნარა,მანველიძე,გულნარა მანველიძე,,,adg_2025_candidates_unified.xlsx
local_2025,__main__,pr,strong_georgia,ძლიერი საქართველო-ლელო,9,83,ხელვაჩაური,9,,გოგიტა,წითელაძე,გოგიტა წითელაძე,,,adg_2025_candidates_unified.xlsx
local_2025,__main__,pr,strong_georgia,ძლიერი საქართველო-ლელო,9,83,ხელვაჩაური,10,,რამინ,იაკობაძე,რამინ იაკობაძე,,,adg_2025_candidates_unified.xlsx
local_2025,__main__,pr,strong_georgia,ძლიერი საქართველო-ლელო,9,83,ხელვაჩაური,11,,ჯიმშერ,ომერაძე,ჯიმშერ ომერაძე,,,adg_2025_candidates_unified.xlsx
local_2025,__main__,pr,strong_georgia,ძლიერი საქართველო-ლელო,9,83,ხელვაჩაური,12,,ლუიზა,ფუტკარაძე,ლუიზა ფუტკარაძე,,,adg_2025_candidates_unified.xlsx
local_2025,__main__,pr,strong_georgia,ძლიერი საქართველო-ლელო,9,83,ხელვაჩაური,13,,ირინა,ბარამიძე,ირინა ბარამიძე,,,adg_2025_candidates_unified.xlsx
local_2025,__main__,pr,gakharia,„გახარია საქართველოსთვის“,25,83,ხელვაჩაური,1,,მუხრან,გორგაძე,მუხრან გორგაძე,,,adg_2025_candidates_unified.xlsx
local_2025,__main__,pr,gakharia,„გახარია საქართველოსთვის“,25,83,ხელვაჩაური,2,,ედიშერ,აბაშიძე,ედიშერ აბაშიძე,,,adg_2025_candidates_unified.xlsx
local_2025,__main__,pr,gakharia,„გახარია საქართველოსთვის“,25,83,ხელვაჩაური,3,,ელიზბარ,ჩხიკვაძე,ელიზბარ ჩხიკვაძე,,,adg_2025_candidates_unified.xlsx
local_2025,__main__,pr,gakharia,„გახარია საქართველოსთვის“,25,83,ხელვაჩაური,4,,ამირან,ბოლქვაძე,ამირან ბოლქვაძე,,,adg_2025_candidates_unified.xlsx
local_2025,__main__,pr,gakharia,„გახარია საქართველოსთვის“,25,83,ხელვაჩაური,5,,გურგენი,სურმანიძე,გურგენი სურმანიძე,,,adg_2025_candidates_unified.xlsx
local_2025,__main__,pr,gakharia,„გახარია საქართველოსთვის“,25,83,ხელვაჩაური,6,,ნესტან,დიდმანიძე,ნესტან დიდმანიძე,,,adg_2025_candidates_unified.xlsx
local_2025,__main__,pr,gakharia,„გახარია საქართველოსთვის“,25,83,ხელვაჩაური,7,,ლენა,აბაშიძე,ლენა აბაშიძე,,,adg_2025_candidates_unified.xlsx
local_2025,__main__,pr,gakharia,„გახარია საქართველოსთვის“,25,83,ხელვაჩაური,8,,რუსლან,გორგაძე,რუსლან გორგაძე,,,adg_2025_candidates_unified.xlsx
local_2025,__main__,pr,gakharia,„გახარია საქართველოსთვის“,25,83,ხელვაჩაური,9,,ლიკა,მელაძე,ლიკა მელაძე,,,adg_2025_candidates_unified.xlsx
local_2025,__main__,pr,gakharia,„გახარია საქართველოსთვის“,25,83,ხელვაჩაური,10,,გიორგი,კახიძე,გიორგი კახიძე,,,adg_2025_candidates_unified.xlsx
local_2025,__main__,pr,gakharia,„გახარია საქართველოსთვის“,25,83,ხელვაჩაური,11,,ლია,თავდგირიძე,ლია თავდგირიძე,,,adg_2025_candidates_unified.xlsx
local_2025,__main__,pr,gakharia,„გახარია საქართველოსთვის“,25,83,ხელვაჩაური,12,,თამთა,თხილაიშვილი,თამთა თხილაიშვილი,,,adg_2025_candidates_unified.xlsx
local_2025,__main__,pr,gakharia,„გახარია საქართველოსთვის“,25,83,ხელვაჩაური,13,,ანრი,შარაშიძე,ანრი შარაშიძე,,,adg_2025_candidates_unified.xlsx
local_2025,__main__,pr,gakharia,„გახარია საქართველოსთვის“,25,83,ხელვაჩაური,14,,მანანა,გორგაძე,მანანა გორგაძე,,,adg_2025_candidates_unified.xlsx
local_2025,__main__,pr,gakharia,„გახარია საქართველოსთვის“,25,83,ხელვაჩაური,15,,ვარდო,სურმანიძე,ვარდო სურმანიძე,,,adg_2025_candidates_unified.xlsx
local_2025,__main__,pr,gd,ქართული ოცნება,41,83,ხელვაჩაური,1,,ედნარ,ფუტკარაძე,ედნარ ფუტკარაძე,,,adg_2025_candidates_unified.xlsx
local_2025,__main__,pr,gd,ქართული ოცნება,41,83,ხელვაჩაური,2,,დავით,სამნიძე,დავით სამნიძე,,,adg_2025_candidates_unified.xlsx
local_2025,__main__,pr,gd,ქართული ოცნება,41,83,ხელვაჩაური,3,,რამაზ,ბაკურიძე,რამაზ ბაკურიძე,,,adg_2025_candidates_unified.xlsx
local_2025,__main__,pr,gd,ქართული ოცნება,41,83,ხელვაჩაური,4,,ხათუნა,დიასამიძე,ხათუნა დიასამიძე,,,adg_2025_candidates_unified.xlsx
local_2025,__main__,pr,gd,ქართული ოცნება,41,83,ხელვაჩაური,5,,თემურ,ბაბუჩაიშვილი,თემურ ბაბუჩაიშვილი,,,adg_2025_candidates_unified.xlsx
local_2025,__main__,pr,gd,ქართული ოცნება,41,83,ხელვაჩაური,6,,ლუარა,დუმბაძე,ლუარა დუმბაძე,,,adg_2025_candidates_unified.xlsx
local_2025,__main__,pr,gd,ქართული ოცნება,41,83,ხელვაჩაური,7,,ვახტანგ,ლორთქიფანიძე,ვახტანგ ლორთქიფანიძე,,,adg_2025_candidates_unified.xlsx
local_2025,__main__,pr,gd,ქართული ოცნება,41,83,ხელვაჩაური,8,,გია,ცისკარაძე,გია ცისკარაძე,,,adg_2025_candidates_unified.xlsx
local_2025,__main__,pr,gd,ქართული ოცნება,41,83,ხელვაჩაური,9,,გურანდა,დოლიძე,გურანდა დოლიძე,,,adg_2025_candidates_unified.xlsx
local_2025,__main__,pr,gd,ქართული ოცნება,41,83,ხელვაჩაური,10,,ზვიად,ჭინკაძე,ზვიად ჭინკაძე,,,adg_2025_candidates_unified.xlsx
local_2025,__main__,pr,gd,ქართული ოცნება,41,83,ხელვაჩაური,11,,იოსებ,ბოლქვაძე,იოსებ ბოლქვაძე,,,adg_2025_candidates_unified.xlsx
local_2025,__main__,pr,gd,ქართული ოცნება,41,83,ხელვაჩაური,12,,ჯემალ,მუსხაჯბა,ჯემალ მუსხაჯბა,,,adg_2025_candidates_unified.xlsx
local_2025,__main__,pr,gd,ქართული ოცნება,41,83,ხელვაჩაური,13,,რეზო,ფერცელიძე,რეზო ფერცელიძე,,,adg_2025_candidates_unified.xlsx
local_2025,__main__,pr,gd,ქართული ოცნება,41,83,ხელვაჩაური,14,,ნუგზარ,ვანიძე,ნუგზარ ვანიძე,,,adg_2025_candidates_unified.xlsx
local_2025,__main__,pr,gd,ქართული ოცნება,41,83,ხელვაჩაური,15,,თამარი,კობახიძე,თამარი კობახიძე,,,adg_2025_candidates_unified.xlsx
local_2025,__main__,pr,gd,ქართული ოცნება,41,83,ხელვაჩაური,16,,მერაბ,მგელაძე,მერაბ მგელაძე,,,adg_2025_candidates_unified.xlsx
local_2025,__main__,pr,gd,ქართული ოცნება,41,83,ხელვაჩაური,17,,ჯიმშერ,ბერიძე,ჯიმშერ ბერიძე,,,adg_2025_candidates_unified.xlsx
local_2025,__main__,pr,gd,ქართული ოცნება,41,83,ხელვაჩაური,18,,ქამილ,კოკობინაძე,ქამილ კოკობინაძე,,,adg_2025_candidates_unified.xlsx
local_2025,__main__,pr,gd,ქართული ოცნება,41,83,ხელვაჩაური,19,,თენგიზ,ცხადაძე,თენგიზ ცხადაძე,,,adg_2025_candidates_unified.xlsx
local_2025,__main__,pr,gd,ქართული ოცნება,41,83,ხელვაჩაური,20,,ზურაბ,შარაშიძე,ზურაბ შარაშიძე,,,adg_2025_candidates_unified.xlsx
local_2025,__main__,pr,gd,ქართული ოცნება,41,83,ხელვაჩაური,21,,როინ,როდინაძე,როინ როდინაძე,,,adg_2025_candidates_unified.xlsx
local_2025,__main__,pr,gd,ქართული ოცნება,41,83,ხელვაჩაური,22,,ზურაბ,თურმანიძე,ზურაბ თურმანიძე,,,adg_2025_candidates_unified.xlsx
local_2025,__main__,pr,gd,ქართული ოცნება,41,83,ხელვაჩაური,23,,რამაზ,ესერიძე,რამაზ ესერიძე,,,adg_2025_candidates_unified.xlsx
local_2025,__main__,pr,gd,ქართული ოცნება,41,83,ხელვაჩაური,24,,ილია,სირაბიძე,ილია სირაბიძე,,,adg_2025_candidates_unified.xlsx
local_2025,__main__,pr,gd,ქართული ოცნება,41,83,ხელვაჩაური,25,,ია,ნაკაშიძე,ია ნაკაშიძე,,,adg_2025_candidates_unified.xlsx
local_2025,__main__,pr,gd,ქართული ოცნება,41,83,ხელვაჩაური,26,,როინ,თურმანიძე,როინ თურმანიძე,,,adg_2025_candidates_unified.xlsx
local_2025,__main__,pr,gd,ქართული ოცნება,41,83,ხელვაჩაური,27,,ილია,დავითაძე,ილია დავითაძე,,,adg_2025_candidates_unified.xlsx
local_2025,__main__,pr,gd,ქართული ოცნება,41,83,ხელვაჩაური,28,,როინ,სალვარიძე,როინ სალვარიძე,,,adg_2025_candidates_unified.xlsx
local_2025,__main__,pr,gd,ქართული ოცნება,41,83,ხელვაჩაური,29,,გია,მამულაძე,გია მამულაძე,,,adg_2025_candidates_unified.xlsx
local_2025,__main__,pr,gd,ქართული ოცნება,41,83,ხელვაჩაური,30,,გურამ,ირემაძე,გურამ ირემაძე,,,adg_2025_candidates_unified.xlsx
local_2025,__main__,pr,gd,ქართული ოცნება,41,83,ხელვაჩაური,31,,თემურ,ტარიელაძე,თემურ ტარიელაძე,,,adg_2025_candidates_unified.xlsx
local_2025,__main__,pr,gd,ქართული ოცნება,41,83,ხელვაჩაური,32,,არჩილ,კომახიძე,არჩილ კომახიძე,,,adg_2025_candidates_unified.xlsx
local_2025,__main__,pr,gd,ქართული ოცნება,41,83,ხელვაჩაური,33,,ნათია,წუწუნავა,ნათია წუწუნავა,,,adg_2025_candidates_unified.xlsx
local_2025,__main__,pr,gd,ქართული ოცნება,41,83,ხელვაჩაური,34,,ნუგზარ,ზოიძე,ნუგზარ ზოიძე,,,adg_2025_candidates_unified.xlsx
local_2025,__main__,pr,gd,ქართული ოცნება,41,83,ხელვაჩაური,35,,ზაზა,დავითაძე,ზაზა დავითაძე,,,adg_2025_candidates_unified.xlsx
local_2025,__main__,pr,conservatives_geo,„კონსერვატორები საქართველოსთვის“,3,84,ხულო,1,,რამინ,აბულაძე,რამინ აბულაძე,,,adg_2025_candidates_unified.xlsx
local_2025,__main__,pr,conservatives_geo,„კონსერვატორები საქართველოსთვის“,3,84,ხულო,2,,ჯემალ,ვასაძე,ჯემალ ვასაძე,,,adg_2025_candidates_unified.xlsx
local_2025,__main__,pr,conservatives_geo,„კონსერვატორები საქართველოსთვის“,3,84,ხულო,3,,როლანდ,დიასამიძე,როლანდ დიასამიძე,,,adg_2025_candidates_unified.xlsx
local_2025,__main__,pr,conservatives_geo,„კონსერვატორები საქართველოსთვის“,3,84,ხულო,4,,თამარ,ბოლქვაძე,თამარ ბოლქვაძე,,,adg_2025_candidates_unified.xlsx
local_2025,__main__,pr,conservatives_geo,„კონსერვატორები საქართველოსთვის“,3,84,ხულო,5,,ნარგიზ,ცეცხლაძე,ნარგიზ ცეცხლაძე,,,adg_2025_candidates_unified.xlsx
local_2025,__main__,pr,conservatives_geo,„კონსერვატორები საქართველოსთვის“,3,84,ხულო,6,,მეგი,მსახურაძე,მეგი მსახურაძე,,,adg_2025_candidates_unified.xlsx
local_2025,__main__,pr,conservatives_geo,„კონსერვატორები საქართველოსთვის“,3,84,ხულო,7,,ელზა,შოთაძე,ელზა შოთაძე,,,adg_2025_candidates_unified.xlsx
local_2025,__main__,pr,patriots,„საქართველოს პატრიოტთა ალიანსი“,8,84,ხულო,1,,მურად,ჯორბენაძე,მურად ჯორბენაძე,,,adg_2025_candidates_unified.xlsx
local_2025,__main__,pr,patriots,„საქართველოს პატრიოტთა ალიანსი“,8,84,ხულო,2,,მალხაზ,ხოშორაძე,მალხაზ ხოშორაძე,,,adg_2025_candidates_unified.xlsx
local_2025,__main__,pr,patriots,„საქართველოს პატრიოტთა ალიანსი“,8,84,ხულო,3,,შოთა,ბოლქვაძე,შოთა ბოლქვაძე,,,adg_2025_candidates_unified.xlsx
local_2025,__main__,pr,patriots,„საქართველოს პატრიოტთა ალიანსი“,8,84,ხულო,4,,როსტომ,წულუკიძე,როსტომ წულუკიძე,,,adg_2025_candidates_unified.xlsx
local_2025,__main__,pr,patriots,„საქართველოს პატრიოტთა ალიანსი“,8,84,ხულო,5,,ნანი,ზოიძე,ნანი ზოიძე,,,adg_2025_candidates_unified.xlsx
local_2025,__main__,pr,patriots,„საქართველოს პატრიოტთა ალიანსი“,8,84,ხულო,6,,თამაზ,ტუნაძე,თამაზ ტუნაძე,,,adg_2025_candidates_unified.xlsx
local_2025,__main__,pr,patriots,„საქართველოს პატრიოტთა ალიანსი“,8,84,ხულო,7,,მაყვალა,ირემაძე,მაყვალა ირემაძე,,,adg_2025_candidates_unified.xlsx
local_2025,__main__,pr,strong_georgia,ძლიერი საქართველო-ლელო,9,84,ხულო,1,,ბესიკ,შაინიძე,ბესიკ შაინიძე,,,adg_2025_candidates_unified.xlsx
local_2025,__main__,pr,strong_georgia,ძლიერი საქართველო-ლელო,9,84,ხულო,2,,რომან,ქედელიძე,რომან ქედელიძე,,,adg_2025_candidates_unified.xlsx
local_2025,__main__,pr,strong_georgia,ძლიერი საქართველო-ლელო,9,84,ხულო,3,,ჰალდუნი,დავითაძე,ჰალდუნი დავითაძე,,,adg_2025_candidates_unified.xlsx
local_2025,__main__,pr,strong_georgia,ძლიერი საქართველო-ლელო,9,84,ხულო,4,,მერაბ,ღორჯომელაძე,მერაბ ღორჯომელაძე,,,adg_2025_candidates_unified.xlsx
local_2025,__main__,pr,strong_georgia,ძლიერი საქართველო-ლელო,9,84,ხულო,5,,ალექსი,ბოლქვაძე,ალექსი ბოლქვაძე,,,adg_2025_candidates_unified.xlsx
local_2025,__main__,pr,strong_georgia,ძლიერი საქართველო-ლელო,9,84,ხულო,6,,ჯუმბერ,ირემაძე,ჯუმბერ ირემაძე,,,adg_2025_candidates_unified.xlsx
local_2025,__main__,pr,strong_georgia,ძლიერი საქართველო-ლელო,9,84,ხულო,7,,მამუკა,თავართქილაძე,მამუკა თავართქილაძე,,,adg_2025_candidates_unified.xlsx
local_2025,__main__,pr,strong_georgia,ძლიერი საქართველო-ლელო,9,84,ხულო,9,,მანუჩარ,შაინიძე,მანუჩარ შაინიძე,,,adg_2025_candidates_unified.xlsx
local_2025,__main__,pr,strong_georgia,ძლიერი საქართველო-ლელო,9,84,ხულო,10,,ზურაბ,ქამადაძე,ზურაბ ქამადაძე,,,adg_2025_candidates_unified.xlsx
local_2025,__main__,pr,peoples_power,„სახალხო ხელისუფლება“,14,84,ხულო,1,,სულხან,კოჩალიძე,სულხან კოჩალიძე,,,adg_2025_candidates_unified.xlsx
local_2025,__main__,pr,peoples_power,„სახალხო ხელისუფლება“,14,84,ხულო,2,,გულვარდი,დეკანაძე,გულვარდი დეკანაძე,,,adg_2025_candidates_unified.xlsx
local_2025,__main__,pr,peoples_power,„სახალხო ხელისუფლება“,14,84,ხულო,3,,თენგიზ,შავაძე,თენგიზ შავაძე,,,adg_2025_candidates_unified.xlsx
local_2025,__main__,pr,peoples_power,„სახალხო ხელისუფლება“,14,84,ხულო,4,,გოგიტა,მელაძე,გოგიტა მელაძე,,,adg_2025_candidates_unified.xlsx
local_2025,__main__,pr,peoples_power,„სახალხო ხელისუფლება“,14,84,ხულო,5,,ვეფხვია,ბერიძე,ვეფხვია ბერიძე,,,adg_2025_candidates_unified.xlsx
local_2025,__main__,pr,peoples_power,„სახალხო ხელისუფლება“,14,84,ხულო,6,,ბადრი,შავაძე,ბადრი შავაძე,,,adg_2025_candidates_unified.xlsx
local_2025,__main__,pr,peoples_power,„სახალხო ხელისუფლება“,14,84,ხულო,7,,ასლან,გაბაიძე,ასლან გაბაიძე,,,adg_2025_candidates_unified.xlsx
local_2025,__main__,pr,peoples_power,„სახალხო ხელისუფლება“,14,84,ხულო,9,,ტარიელ,მახარაძე,ტარიელ მახარაძე,,,adg_2025_candidates_unified.xlsx
local_2025,__main__,pr,peoples_power,„სახალხო ხელისუფლება“,14,84,ხულო,10,,თეიმურაზ,მელაძე,თეიმურაზ მელაძე,,,adg_2025_candidates_unified.xlsx
local_2025,__main__,pr,gakharia,„გახარია საქართველოსთვის“,25,84,ხულო,1,,თეონა,შავაძე,თეონა შავაძე,,,adg_2025_candidates_unified.xlsx
local_2025,__main__,pr,gakharia,„გახარია საქართველოსთვის“,25,84,ხულო,2,,ბეგლარ,კოჩალიძე,ბეგლარ კოჩალიძე,,,adg_2025_candidates_unified.xlsx
local_2025,__main__,pr,gakharia,„გახარია საქართველოსთვის“,25,84,ხულო,3,,მირანდა,ქამადაძე,მირანდა ქამადაძე,,,adg_2025_candidates_unified.xlsx
local_2025,__main__,pr,gakharia,„გახარია საქართველოსთვის“,25,84,ხულო,4,,ელდარ,შაინიძე,ელდარ შაინიძე,,,adg_2025_candidates_unified.xlsx
local_2025,__main__,pr,gakharia,„გახარია საქართველოსთვის“,25,84,ხულო,5,,თემურ,აბულაძე,თემურ აბულაძე,,,adg_2025_candidates_unified.xlsx
local_2025,__main__,pr,gakharia,„გახარია საქართველოსთვის“,25,84,ხულო,6,,თენგიზ,ბოლქვაძე,თენგიზ ბოლქვაძე,,,adg_2025_candidates_unified.xlsx
local_2025,__main__,pr,gakharia,„გახარია საქართველოსთვის“,25,84,ხულო,7,,რამინ,ზოიძე,რამინ ზოიძე,,,adg_2025_candidates_unified.xlsx
local_2025,__main__,pr,gakharia,„გახარია საქართველოსთვის“,25,84,ხულო,8,,გია,გელაძე,გია გელაძე,,,adg_2025_candidates_unified.xlsx
local_2025,__main__,pr,gakharia,„გახარია საქართველოსთვის“,25,84,ხულო,9,,გია,კოჩალიძე,გია კოჩალიძე,,,adg_2025_candidates_unified.xlsx
local_2025,__main__,pr,gakharia,„გახარია საქართველოსთვის“,25,84,ხულო,10,,ჯიმი,მელაძე,ჯიმი მელაძე,,,adg_2025_candidates_unified.xlsx
local_2025,__main__,pr,gakharia,„გახარია საქართველოსთვის“,25,84,ხულო,11,,მაყვალა,ანთაძე,მაყვალა ანთაძე,,,adg_2025_candidates_unified.xlsx
local_2025,__main__,pr,gakharia,„გახარია საქართველოსთვის“,25,84,ხულო,12,,რამაზ,ხოშორაძე,რამაზ ხოშორაძე,,,adg_2025_candidates_unified.xlsx
local_2025,__main__,pr,gakharia,„გახარია საქართველოსთვის“,25,84,ხულო,13,,გოგიტა,ბოლქვაძე,გოგიტა ბოლქვაძე,,,adg_2025_candidates_unified.xlsx
local_2025,__main__,pr,gakharia,„გახარია საქართველოსთვის“,25,84,ხულო,14,,მაია,ხორბალაძე,მაია ხორბალაძე,,,adg_2025_candidates_unified.xlsx
local_2025,__main__,pr,gakharia,„გახარია საქართველოსთვის“,25,84,ხულო,15,,ირინა,ბოლქვაძე,ირინა ბოლქვაძე,,,adg_2025_candidates_unified.xlsx
local_2025,__main__,pr,gakharia,„გახარია საქართველოსთვის“,25,84,ხულო,16,,ზვიად,ძირკვაძე,ზვიად ძირკვაძე,,,adg_2025_candidates_unified.xlsx
local_2025,__main__,pr,gakharia,„გახარია საქართველოსთვის“,25,84,ხულო,17,,ჯიმშერ,არძენაძე,ჯიმშერ არძენაძე,,,adg_2025_candidates_unified.xlsx
local_2025,__main__,pr,gakharia,„გახარია საქართველოსთვის“,25,84,ხულო,18,,ნიკა,კოჩალიძე,ნიკა კოჩალიძე,,,adg_2025_candidates_unified.xlsx
local_2025,__main__,pr,gakharia,„გახარია საქართველოსთვის“,25,84,ხულო,19,,მზიური,კოჩალიძე,მზიური კოჩალიძე,,,adg_2025_candidates_unified.xlsx
local_2025,__main__,pr,gd,ქართული ოცნება,41,84,ხულო,1,,ჯუმბერ,დიმიტრაძე,ჯუმბერ დიმიტრაძე,,,adg_2025_candidates_unified.xlsx
local_2025,__main__,pr,gd,ქართული ოცნება,41,84,ხულო,2,,იური,აბულაძე,იური აბულაძე,,,adg_2025_candidates_unified.xlsx
local_2025,__main__,pr,gd,ქართული ოცნება,41,84,ხულო,3,,თამაზ,აბაშიძე,თამაზ აბაშიძე,,,adg_2025_candidates_unified.xlsx
local_2025,__main__,pr,gd,ქართული ოცნება,41,84,ხულო,4,,ნარგიზ,დეკანაძე,ნარგიზ დეკანაძე,,,adg_2025_candidates_unified.xlsx
local_2025,__main__,pr,gd,ქართული ოცნება,41,84,ხულო,5,,ნადიმ,დეკანაძე,ნადიმ დეკანაძე,,,adg_2025_candidates_unified.xlsx
local_2025,__main__,pr,gd,ქართული ოცნება,41,84,ხულო,6,,ზაურ,გობაძე,ზაურ გობაძე,,,adg_2025_candidates_unified.xlsx
local_2025,__main__,pr,gd,ქართული ოცნება,41,84,ხულო,7,,ნოდარ,მიქელაძე,ნოდარ მიქელაძე,,,adg_2025_candidates_unified.xlsx
local_2025,__main__,pr,gd,ქართული ოცნება,41,84,ხულო,8,,რუსუდან,გელაძე,რუსუდან გელაძე,,,adg_2025_candidates_unified.xlsx
local_2025,__main__,pr,gd,ქართული ოცნება,41,84,ხულო,9,,მერაბ,ზანდარაძე,მერაბ ზანდარაძე,,,adg_2025_candidates_unified.xlsx
local_2025,__main__,pr,gd,ქართული ოცნება,41,84,ხულო,10,,იზოლდა,სურმანიძე,იზოლდა სურმანიძე,,,adg_2025_candidates_unified.xlsx
local_2025,__main__,pr,gd,ქართული ოცნება,41,84,ხულო,11,,ევგენი,სურმანიძე,ევგენი სურმანიძე,,,adg_2025_candidates_unified.xlsx
local_2025,__main__,pr,gd,ქართული ოცნება,41,84,ხულო,12,,რამინ,შავაძე,რამინ შავაძე,,,adg_2025_candidates_unified.xlsx
local_2025,__main__,pr,gd,ქართული ოცნება,41,84,ხულო,13,,რამაზ,გელაძე,რამაზ გელაძე,,,adg_2025_candidates_unified.xlsx
local_2025,__main__,pr,gd,ქართული ოცნება,41,84,ხულო,14,,დავით,თავართქილაძე,დავით თავართქილაძე,,,adg_2025_candidates_unified.xlsx
local_2025,__main__,pr,gd,ქართული ოცნება,41,84,ხულო,15,,თამაზ,მესხიძე,თამაზ მესხიძე,,,adg_2025_candidates_unified.xlsx
local_2025,__main__,pr,gd,ქართული ოცნება,41,84,ხულო,16,,ანზორ,მახარაძე,ანზორ მახარაძე,,,adg_2025_candidates_unified.xlsx
local_2025,__main__,pr,gd,ქართული ოცნება,41,84,ხულო,17,,რამაზ,ირემაძე,რამაზ ირემაძე,,,adg_2025_candidates_unified.xlsx
local_2025,__main__,pr,gd,ქართული ოცნება,41,84,ხულო,18,,გურამ,მგელაძე,გურამ მგელაძე,,,adg_2025_candidates_unified.xlsx
local_2025,__main__,pr,gd,ქართული ოცნება,41,84,ხულო,19,,ზაურ,ირემაძე,ზაურ ირემაძე,,,adg_2025_candidates_unified.xlsx
local_2025,__main__,pr,gd,ქართული ოცნება,41,84,ხულო,20,,თენგიზ,მახარაძე,თენგიზ მახარაძე,,,adg_2025_candidates_unified.xlsx
local_2025,__main__,pr,gd,ქართული ოცნება,41,84,ხულო,21,,ბეგლარ,შაინიძე,ბეგლარ შაინიძე,,,adg_2025_candidates_unified.xlsx
local_2025,__main__,pr,gd,ქართული ოცნება,41,84,ხულო,22,,ციური,ბოლქვაძე,ციური ბოლქვაძე,,,adg_2025_candidates_unified.xlsx
local_2025,__main__,pr,gd,ქართული ოცნება,41,84,ხულო,23,,ჯემალ,აბულაძე,ჯემალ აბულაძე,,,adg_2025_candidates_unified.xlsx
local_2025,__main__,pr,gd,ქართული ოცნება,41,84,ხულო,24,,ლევან,ძირკვაძე,ლევან ძირკვაძე,,,adg_2025_candidates_unified.xlsx
local_2025,__main__,pr,gd,ქართული ოცნება,41,84,ხულო,25,,ჯუმბერ,გელაძე,ჯუმბერ გელაძე,,,adg_2025_candidates_unified.xlsx
local_2025,__main__,pr,gd,ქართული ოცნება,41,84,ხულო,26,,გურამ,ბერიძე,გურამ ბერიძე,,,adg_2025_candidates_unified.xlsx
local_2025,__main__,pr,gd,ქართული ოცნება,41,84,ხულო,27,,შოთა,გაბაიძე,შოთა გაბაიძე,,,adg_2025_candidates_unified.xlsx
local_2025,__main__,pr,gd,ქართული ოცნება,41,84,ხულო,28,,ამირან,მიქელაძე,ამირან მიქელაძე,,,adg_2025_candidates_unified.xlsx
local_2025,__main__,pr,conservatives_geo,„კონსერვატორები საქართველოსთვის“,3,,თბილისი,1,,გიორგი,ქარდავა,გიორგი ქარდავა,,,adg_2025_candidates_unified.xlsx
local_2025,__main__,pr,conservatives_geo,„კონსერვატორები საქართველოსთვის“,3,,თბილისი,2,,შოთა,მარტინენკო,შოთა მარტინენკო,,,adg_2025_candidates_unified.xlsx
local_2025,__main__,pr,conservatives_geo,„კონსერვატორები საქართველოსთვის“,3,,თბილისი,3,,ირაკლი,მარტინენკო,ირაკლი მარტინენკო,,,adg_2025_candidates_unified.xlsx
local_2025,__main__,pr,conservatives_geo,„კონსერვატორები საქართველოსთვის“,3,,თბილისი,4,,ირაკლი,მორგოშია,ირაკლი მორგოშია,,,adg_2025_candidates_unified.xlsx
local_2025,__main__,pr,conservatives_geo,„კონსერვატორები საქართველოსთვის“,3,,თბილისი,5,,სერგო,ხურციძე,სერგო ხურციძე,,,adg_2025_candidates_unified.xlsx
local_2025,__main__,pr,conservatives_geo,„კონსერვატორები საქართველოსთვის“,3,,თბილისი,6,,რამაზ,გაგნიძე,რამაზ გაგნიძე,,,adg_2025_candidates_unified.xlsx
local_2025,__main__,pr,conservatives_geo,„კონსერვატორები საქართველოსთვის“,3,,თბილისი,7,,რამაზ,ღვალაძე,რამაზ ღვალაძე,,,adg_2025_candidates_unified.xlsx
local_2025,__main__,pr,conservatives_geo,„კონსერვატორები საქართველოსთვის“,3,,თბილისი,8,,გიორგი,ღონღაძე,გიორგი ღონღაძე,,,adg_2025_candidates_unified.xlsx
local_2025,__main__,pr,conservatives_geo,„კონსერვატორები საქართველოსთვის“,3,,თბილისი,9,,გიორგი,ხარიბეგაშვილი,გიორგი ხარიბეგაშვილი,,,adg_2025_candidates_unified.xlsx
local_2025,__main__,pr,conservatives_geo,„კონსერვატორები საქართველოსთვის“,3,,თბილისი,10,,პაატა,ნოზაძე,პაატა ნოზაძე,,,adg_2025_candidates_unified.xlsx
local_2025,__main__,pr,conservatives_geo,„კონსერვატორები საქართველოსთვის“,3,,თბილისი,11,,დავით,გაფრინდაშვილი,დავით გაფრინდაშვილი,,,adg_2025_candidates_unified.xlsx
local_2025,__main__,pr,conservatives_geo,„კონსერვატორები საქართველოსთვის“,3,,თბილისი,12,,ზაზა,გველესიანი,ზაზა გველესიანი,,,adg_2025_candidates_unified.xlsx
local_2025,__main__,pr,conservatives_geo,„კონსერვატორები საქართველოსთვის“,3,,თბილისი,13,,ზურაბი,ზუკაკიშვილი,ზურაბი ზუკაკიშვილი,,,adg_2025_candidates_unified.xlsx
local_2025,__main__,pr,conservatives_geo,„კონსერვატორები საქართველოსთვის“,3,,თბილისი,14,,მაია,დვალიძე,მაია დვალიძე,,,adg_2025_candidates_unified.xlsx
local_2025,__main__,pr,conservatives_geo,„კონსერვატორები საქართველოსთვის“,3,,თბილისი,15,,გია,ბაინდურაშვილი,გია ბაინდურაშვილი,,,adg_2025_candidates_unified.xlsx
local_2025,__main__,pr,conservatives_geo,„კონსერვატორები საქართველოსთვის“,3,,თბილისი,16,,საბა,ბერიშვილი,საბა ბერიშვილი,,,adg_2025_candidates_unified.xlsx
local_2025,__main__,pr,conservatives_geo,„კონსერვატორები საქართველოსთვის“,3,,თბილისი,17,,მათე,ჯავახიშვილი,მათე ჯავახიშვილი,,,adg_2025_candidates_unified.xlsx
local_2025,__main__,pr,conservatives_geo,„კონსერვატორები საქართველოსთვის“,3,,თბილისი,18,,მაგდა,ჭყოიძე,მაგდა ჭყოიძე,,,adg_2025_candidates_unified.xlsx
local_2025,__main__,pr,conservatives_geo,„კონსერვატორები საქართველოსთვის“,3,,თბილისი,19,,სოფიო,ჟივიძე,სოფიო ჟივიძე,,,adg_2025_candidates_unified.xlsx
local_2025,__main__,pr,conservatives_geo,„კონსერვატორები საქართველოსთვის“,3,,თბილისი,20,,გიორგი,ფაცაცია,გიორგი ფაცაცია,,,adg_2025_candidates_unified.xlsx
local_2025,__main__,pr,conservatives_geo,„კონსერვატორები საქართველოსთვის“,3,,თბილისი,21,,გიგა,კობახიძე,გიგა კობახიძე,,,adg_2025_candidates_unified.xlsx
local_2025,__main__,pr,conservatives_geo,„კონსერვატორები საქართველოსთვის“,3,,თბილისი,22,,ოთარი,ზუკაკიშვილი,ოთარი ზუკაკიშვილი,,,adg_2025_candidates_unified.xlsx
local_2025,__main__,pr,conservatives_geo,„კონსერვატორები საქართველოსთვის“,3,,თბილისი,23,,მინდია,ჯიქურიძე,მინდია ჯიქურიძე,,,adg_2025_candidates_unified.xlsx
local_2025,__main__,pr,conservatives_geo,„კონსერვატორები საქართველოსთვის“,3,,თბილისი,24,,ვასილ,ხუცურაული,ვასილ ხუცურაული,,,adg_2025_candidates_unified.xlsx
local_2025,__main__,pr,conservatives_geo,„კონსერვატორები საქართველოსთვის“,3,,თბილისი,25,,ლუკა,დანელია,ლუკა დანელია,,,adg_2025_candidates_unified.xlsx
local_2025,__main__,pr,conservatives_geo,„კონსერვატორები საქართველოსთვის“,3,,თბილისი,26,,გიორგი,სიხარულიძე,გიორგი სიხარულიძე,,,adg_2025_candidates_unified.xlsx
local_2025,__main__,pr,conservatives_geo,„კონსერვატორები საქართველოსთვის“,3,,თბილისი,27,,დარეჯან,შენგელია,დარეჯან შენგელია,,,adg_2025_candidates_unified.xlsx
local_2025,__main__,pr,conservatives_geo,„კონსერვატორები საქართველოსთვის“,3,,თბილისი,28,,ხათუნა,ელერდაშვილი,ხათუნა ელერდაშვილი,,,adg_2025_candidates_unified.xlsx
local_2025,__main__,pr,conservatives_geo,„კონსერვატორები საქართველოსთვის“,3,,თბილისი,29,,ილია,ხატიაშვილი,ილია ხატიაშვილი,,,adg_2025_candidates_unified.xlsx
local_2025,__main__,pr,conservatives_geo,„კონსერვატორები საქართველოსთვის“,3,,თბილისი,30,,დავითი,თათარაძე,დავითი თათარაძე,,,adg_2025_candidates_unified.xlsx
local_2025,__main__,pr,conservatives_geo,„კონსერვატორები საქართველოსთვის“,3,,თბილისი,31,,ნინო,ლაბარტყავა,ნინო ლაბარტყავა,,,adg_2025_candidates_unified.xlsx
local_2025,__main__,pr,conservatives_geo,„კონსერვატორები საქართველოსთვის“,3,,თბილისი,32,,გაბრიელ,ოთარაშვილი,გაბრიელ ოთარაშვილი,,,adg_2025_candidates_unified.xlsx
local_2025,__main__,pr,conservatives_geo,„კონსერვატორები საქართველოსთვის“,3,,თბილისი,33,,ნინო,ჭყოიძე,ნინო ჭყოიძე,,,adg_2025_candidates_unified.xlsx
local_2025,__main__,pr,conservatives_geo,„კონსერვატორები საქართველოსთვის“,3,,თბილისი,34,,ზურაბ,მჟავანაძე,ზურაბ მჟავანაძე,,,adg_2025_candidates_unified.xlsx
local_2025,__main__,pr,conservatives_geo,„კონსერვატორები საქართველოსთვის“,3,,თბილისი,35,,დათო,ჭკადუა,დათო ჭკადუა,,,adg_2025_candidates_unified.xlsx
local_2025,__main__,pr,conservatives_geo,„კონსერვატორები საქართველოსთვის“,3,,თბილისი,36,,ალექსანდრე,თვალიაშვილი,ალექსანდრე თვალიაშვილი,,,adg_2025_candidates_unified.xlsx
local_2025,__main__,pr,conservatives_geo,„კონსერვატორები საქართველოსთვის“,3,,თბილისი,37,,არჩილ,ლონდარიძე,არჩილ ლონდარიძე,,,adg_2025_candidates_unified.xlsx
local_2025,__main__,pr,conservatives_geo,„კონსერვატორები საქართველოსთვის“,3,,თბილისი,38,,ვახტანგ,ჭუმბურიძე,ვახტანგ ჭუმბურიძე,,,adg_2025_candidates_unified.xlsx
local_2025,__main__,pr,conservatives_geo,„კონსერვატორები საქართველოსთვის“,3,,თბილისი,39,,დემეტრე,გაფრინდაშვილი,დემეტრე გაფრინდაშვილი,,,adg_2025_candidates_unified.xlsx
local_2025,__main__,pr,conservatives_geo,„კონსერვატორები საქართველოსთვის“,3,,თბილისი,40,,თამაზი,ლაბარტყავა,თამაზი ლაბარტყავა,,,adg_2025_candidates_unified.xlsx
local_2025,__main__,pr,conservatives_geo,„კონსერვატორები საქართველოსთვის“,3,,თბილისი,41,,მარიამ,შოვნაძე,მარიამ შოვნაძე,,,adg_2025_candidates_unified.xlsx
local_2025,__main__,pr,conservatives_geo,„კონსერვატორები საქართველოსთვის“,3,,თბილისი,42,,ლევან,ვასაძე,ლევან ვასაძე,,,adg_2025_candidates_unified.xlsx
local_2025,__main__,pr,conservatives_geo,„კონსერვატორები საქართველოსთვის“,3,,თბილისი,43,,ონისე,კუტალაძე,ონისე კუტალაძე,,,adg_2025_candidates_unified.xlsx
local_2025,__main__,pr,conservatives_geo,„კონსერვატორები საქართველოსთვის“,3,,თბილისი,44,,გოჩა,გოგაშვილი,გოჩა გოგაშვილი,,,adg_2025_candidates_unified.xlsx
local_2025,__main__,pr,conservatives_geo,„კონსერვატორები საქართველოსთვის“,3,,თბილისი,45,,ბესიკ,კვინიკაძე,ბესიკ კვინიკაძე,,,adg_2025_candidates_unified.xlsx
local_2025,__main__,pr,conservatives_geo,„კონსერვატორები საქართველოსთვის“,3,,თბილისი,46,,ლექსო,ოქრუაშვილი,ლექსო ოქრუაშვილი,,,adg_2025_candidates_unified.xlsx
local_2025,__main__,pr,conservatives_geo,„კონსერვატორები საქართველოსთვის“,3,,თბილისი,47,,გიგა,კანდელაკიშვილი,გიგა კანდელაკიშვილი,,,adg_2025_candidates_unified.xlsx
local_2025,__main__,pr,conservatives_geo,„კონსერვატორები საქართველოსთვის“,3,,თბილისი,48,,საბა,გაბესკელიანი,საბა გაბესკელიანი,,,adg_2025_candidates_unified.xlsx
local_2025,__main__,pr,conservatives_geo,„კონსერვატორები საქართველოსთვის“,3,,თბილისი,49,,დავით,აბრამიშვილი,დავით აბრამიშვილი,,,adg_2025_candidates_unified.xlsx
local_2025,__main__,pr,conservatives_geo,„კონსერვატორები საქართველოსთვის“,3,,თბილისი,50,,ფარნავაზ,ბაჯაძე,ფარნავაზ ბაჯაძე,,,adg_2025_candidates_unified.xlsx
local_2025,__main__,pr,our_georgia,„ჩვენი გაერთიანებული საქართველო“,5,,თბილისი,1,,ისაკი,გიორგაძე,ისაკი გიორგაძე,,,adg_2025_candidates_unified.xlsx
local_2025,__main__,pr,our_georgia,„ჩვენი გაერთიანებული საქართველო“,5,,თბილისი,2,,ირაკლი,ფხალაძე,ირაკლი ფხალაძე,,,adg_2025_candidates_unified.xlsx
local_2025,__main__,pr,our_georgia,„ჩვენი გაერთიანებული საქართველო“,5,,თბილისი,3,,ამირან,ივანისელი,ამირან ივანისელი,,,adg_2025_candidates_unified.xlsx
local_2025,__main__,pr,our_georgia,„ჩვენი გაერთიანებული საქართველო“,5,,თბილისი,4,,კონსტანტინე,ფორჩხიძე,კონსტანტინე ფორჩხიძე,,,adg_2025_candidates_unified.xlsx
local_2025,__main__,pr,our_georgia,„ჩვენი გაერთიანებული საქართველო“,5,,თბილისი,5,,გუბაზ,მეგრელიძე,გუბაზ მეგრელიძე,,,adg_2025_candidates_unified.xlsx
local_2025,__main__,pr,our_georgia,„ჩვენი გაერთიანებული საქართველო“,5,,თბილისი,6,,თეიმურაზ,შენგელია,თეიმურაზ შენგელია,,,adg_2025_candidates_unified.xlsx
local_2025,__main__,pr,our_georgia,„ჩვენი გაერთიანებული საქართველო“,5,,თბილისი,7,,ტრისტან,წითელაშვილი,ტრისტან წითელაშვილი,,,adg_2025_candidates_unified.xlsx
local_2025,__main__,pr,our_georgia,„ჩვენი გაერთიანებული საქართველო“,5,,თბილისი,8,,ზაზა,გვიმრაძე,ზაზა გვიმრაძე,,,adg_2025_candidates_unified.xlsx
local_2025,__main__,pr,our_georgia,„ჩვენი გაერთიანებული საქართველო“,5,,თბილისი,9,,ზურაბ,ჯელაძე,ზურაბ ჯელაძე,,,adg_2025_candidates_unified.xlsx
local_2025,__main__,pr,our_georgia,„ჩვენი გაერთიანებული საქართველო“,5,,თბილისი,10,,თენგიზ,ნებიერიძე,თენგიზ ნებიერიძე,,,adg_2025_candidates_unified.xlsx
local_2025,__main__,pr,our_georgia,„ჩვენი გაერთიანებული საქართველო“,5,,თბილისი,11,,დავით,ჩუბინიძე,დავით ჩუბინიძე,,,adg_2025_candidates_unified.xlsx
local_2025,__main__,pr,our_georgia,„ჩვენი გაერთიანებული საქართველო“,5,,თბილისი,12,,მარინა,თურმანიძე,მარინა თურმანიძე,,,adg_2025_candidates_unified.xlsx
local_2025,__main__,pr,our_georgia,„ჩვენი გაერთიანებული საქართველო“,5,,თბილისი,13,,ბუბა,აფხაზავა,ბუბა აფხაზავა,,,adg_2025_candidates_unified.xlsx
local_2025,__main__,pr,our_georgia,„ჩვენი გაერთიანებული საქართველო“,5,,თბილისი,14,,ერიკ,სარინიან,ერიკ სარინიან,,,adg_2025_candidates_unified.xlsx
local_2025,__main__,pr,our_georgia,„ჩვენი გაერთიანებული საქართველო“,5,,თბილისი,15,,გურამ,მარხულია,გურამ მარხულია,,,adg_2025_candidates_unified.xlsx
local_2025,__main__,pr,our_georgia,„ჩვენი გაერთიანებული საქართველო“,5,,თბილისი,16,,დავით,გიორგაძე,დავით გიორგაძე,,,adg_2025_candidates_unified.xlsx
local_2025,__main__,pr,our_georgia,„ჩვენი გაერთიანებული საქართველო“,5,,თბილისი,17,,იოსებ,ბეჟაშვილი,იოსებ ბეჟაშვილი,,,adg_2025_candidates_unified.xlsx
local_2025,__main__,pr,our_georgia,„ჩვენი გაერთიანებული საქართველო“,5,,თბილისი,18,,ვაჟა,დოგრაშვილი,ვაჟა დოგრაშვილი,,,adg_2025_candidates_unified.xlsx
local_2025,__main__,pr,our_georgia,„ჩვენი გაერთიანებული საქართველო“,5,,თბილისი,19,,იოანე,ლეფსვერიძე,იოანე ლეფსვერიძე,,,adg_2025_candidates_unified.xlsx
local_2025,__main__,pr,our_georgia,„ჩვენი გაერთიანებული საქართველო“,5,,თბილისი,20,,ზურაბ,გიორგაძე,ზურაბ გიორგაძე,,,adg_2025_candidates_unified.xlsx
local_2025,__main__,pr,our_georgia,„ჩვენი გაერთიანებული საქართველო“,5,,თბილისი,21,,ტარიელ,კვანტალიანი,ტარიელ კვანტალიანი,,,adg_2025_candidates_unified.xlsx
local_2025,__main__,pr,our_georgia,„ჩვენი გაერთიანებული საქართველო“,5,,თბილისი,22,,მალხაზ,გაბადაძე,მალხაზ გაბადაძე,,,adg_2025_candidates_unified.xlsx
local_2025,__main__,pr,our_georgia,„ჩვენი გაერთიანებული საქართველო“,5,,თბილისი,23,,გიორგი,ბუცხრიკიძე,გიორგი ბუცხრიკიძე,,,adg_2025_candidates_unified.xlsx
local_2025,__main__,pr,our_georgia,„ჩვენი გაერთიანებული საქართველო“,5,,თბილისი,24,,ირაკლი,ივანიძე,ირაკლი ივანიძე,,,adg_2025_candidates_unified.xlsx
local_2025,__main__,pr,our_georgia,„ჩვენი გაერთიანებული საქართველო“,5,,თბილისი,25,,ნოდარ,მელიქიძე,ნოდარ მელიქიძე,,,adg_2025_candidates_unified.xlsx
local_2025,__main__,pr,our_georgia,„ჩვენი გაერთიანებული საქართველო“,5,,თბილისი,26,,შიო,ლომიძე,შიო ლომიძე,,,adg_2025_candidates_unified.xlsx
local_2025,__main__,pr,our_georgia,„ჩვენი გაერთიანებული საქართველო“,5,,თბილისი,27,,პაატა,ლომიძე,პაატა ლომიძე,,,adg_2025_candidates_unified.xlsx
local_2025,__main__,pr,our_georgia,„ჩვენი გაერთიანებული საქართველო“,5,,თბილისი,28,,რევაზ,სახვაძე,რევაზ სახვაძე,,,adg_2025_candidates_unified.xlsx
local_2025,__main__,pr,our_georgia,„ჩვენი გაერთიანებული საქართველო“,5,,თბილისი,29,,გიორგი,ხილაძე,გიორგი ხილაძე,,,adg_2025_candidates_unified.xlsx
local_2025,__main__,pr,our_georgia,„ჩვენი გაერთიანებული საქართველო“,5,,თბილისი,30,,თამილა,ლიპარტელიანი,თამილა ლიპარტელიანი,,,adg_2025_candidates_unified.xlsx
local_2025,__main__,pr,our_georgia,„ჩვენი გაერთიანებული საქართველო“,5,,თბილისი,31,,ნანული,ლაცაბიძე,ნანული ლაცაბიძე,,,adg_2025_candidates_unified.xlsx
local_2025,__main__,pr,our_georgia,„ჩვენი გაერთიანებული საქართველო“,5,,თბილისი,32,,ირმა,ბუხაიძე,ირმა ბუხაიძე,,,adg_2025_candidates_unified.xlsx
local_2025,__main__,pr,our_georgia,„ჩვენი გაერთიანებული საქართველო“,5,,თბილისი,33,,ავთანდილ,შავაძე,ავთანდილ შავაძე,,,adg_2025_candidates_unified.xlsx
local_2025,__main__,pr,our_georgia,„ჩვენი გაერთიანებული საქართველო“,5,,თბილისი,34,,სოფიო,ჯელაძე,სოფიო ჯელაძე,,,adg_2025_candidates_unified.xlsx
local_2025,__main__,pr,our_georgia,„ჩვენი გაერთიანებული საქართველო“,5,,თბილისი,35,,სტეფანე,ვართანოვი,სტეფანე ვართანოვი,,,adg_2025_candidates_unified.xlsx
local_2025,__main__,pr,our_georgia,„ჩვენი გაერთიანებული საქართველო“,5,,თბილისი,36,,ფიქრია,ბურდული,ფიქრია ბურდული,,,adg_2025_candidates_unified.xlsx
local_2025,__main__,pr,our_georgia,„ჩვენი გაერთიანებული საქართველო“,5,,თბილისი,37,,ნანული,ბერიძე,ნანული ბერიძე,,,adg_2025_candidates_unified.xlsx
local_2025,__main__,pr,our_georgia,„ჩვენი გაერთიანებული საქართველო“,5,,თბილისი,38,,ნაზიმ,შარიფოვი,ნაზიმ შარიფოვი,,,adg_2025_candidates_unified.xlsx
local_2025,__main__,pr,our_georgia,„ჩვენი გაერთიანებული საქართველო“,5,,თბილისი,39,,ნინო,სვეტკოვა,ნინო სვეტკოვა,,,adg_2025_candidates_unified.xlsx
local_2025,__main__,pr,our_georgia,„ჩვენი გაერთიანებული საქართველო“,5,,თბილისი,40,,გაბრიელი,ჩერქეზიშვილი,გაბრიელი ჩერქეზიშვილი,,,adg_2025_candidates_unified.xlsx
local_2025,__main__,pr,our_georgia,„ჩვენი გაერთიანებული საქართველო“,5,,თბილისი,41,,სოფიო,ბაკურაძე,სოფიო ბაკურაძე,,,adg_2025_candidates_unified.xlsx
local_2025,__main__,pr,our_georgia,„ჩვენი გაერთიანებული საქართველო“,5,,თბილისი,42,,ნინო,ჭიჭინაძე,ნინო ჭიჭინაძე,,,adg_2025_candidates_unified.xlsx
local_2025,__main__,pr,our_georgia,„ჩვენი გაერთიანებული საქართველო“,5,,თბილისი,43,,ნინო,გაბადაძე,ნინო გაბადაძე,,,adg_2025_candidates_unified.xlsx
local_2025,__main__,pr,our_georgia,„ჩვენი გაერთიანებული საქართველო“,5,,თბილისი,44,,ტარიელ,ობოლაძე,ტარიელ ობოლაძე,,,adg_2025_candidates_unified.xlsx
local_2025,__main__,pr,our_georgia,„ჩვენი გაერთიანებული საქართველო“,5,,თბილისი,45,,დავით,ნაკაშიძე,დავით ნაკაშიძე,,,adg_2025_candidates_unified.xlsx
local_2025,__main__,pr,our_georgia,„ჩვენი გაერთიანებული საქართველო“,5,,თბილისი,46,,ნანი,ციკოლია,ნანი ციკოლია,,,adg_2025_candidates_unified.xlsx
local_2025,__main__,pr,our_georgia,„ჩვენი გაერთიანებული საქართველო“,5,,თბილისი,47,,რაფაელ,მუსაევი,რაფაელ მუსაევი,,,adg_2025_candidates_unified.xlsx
local_2025,__main__,pr,our_georgia,„ჩვენი გაერთიანებული საქართველო“,5,,თბილისი,48,,ინგა,შანიძე,ინგა შანიძე,,,adg_2025_candidates_unified.xlsx
local_2025,__main__,pr,our_georgia,„ჩვენი გაერთიანებული საქართველო“,5,,თბილისი,49,,მანანა,ბეგლარაშვილი,მანანა ბეგლარაშვილი,,,adg_2025_candidates_unified.xlsx
local_2025,__main__,pr,our_georgia,„ჩვენი გაერთიანებული საქართველო“,5,,თბილისი,50,,ქეთო,ხასია,ქეთო ხასია,,,adg_2025_candidates_unified.xlsx
local_2025,__main__,pr,our_georgia,„ჩვენი გაერთიანებული საქართველო“,5,,თბილისი,51,,როლანდი,ხორავა,როლანდი ხორავა,,,adg_2025_candidates_unified.xlsx
local_2025,__main__,pr,our_georgia,„ჩვენი გაერთიანებული საქართველო“,5,,თბილისი,52,,ლელა,ლაბაძე,ლელა ლაბაძე,,,adg_2025_candidates_unified.xlsx
local_2025,__main__,pr,our_georgia,„ჩვენი გაერთიანებული საქართველო“,5,,თბილისი,53,,თამაზ,ხათაშვილი,თამაზ ხათაშვილი,,,adg_2025_candidates_unified.xlsx
local_2025,__main__,pr,our_georgia,„ჩვენი გაერთიანებული საქართველო“,5,,თბილისი,54,,თეიმურაზ,კვირკველია,თეიმურაზ კვირკველია,,,adg_2025_candidates_unified.xlsx
local_2025,__main__,pr,free_georgia,„თავისუფალი საქართველო“,7,,თბილისი,1,,როინი,ხიჯაკაძე,როინი ხიჯაკაძე,,,adg_2025_candidates_unified.xlsx
local_2025,__main__,pr,free_georgia,„თავისუფალი საქართველო“,7,,თბილისი,2,,ბადრი,ნანეტაშვილი,ბადრი ნანეტაშვილი,,,adg_2025_candidates_unified.xlsx
local_2025,__main__,pr,free_georgia,„თავისუფალი საქართველო“,7,,თბილისი,3,,ირაკლი,მაჭავარიანი,ირაკლი მაჭავარიანი,,,adg_2025_candidates_unified.xlsx
local_2025,__main__,pr,free_georgia,„თავისუფალი საქართველო“,7,,თბილისი,4,,ზვიადი,აბესაძე,ზვიადი აბესაძე,,,adg_2025_candidates_unified.xlsx
local_2025,__main__,pr,free_georgia,„თავისუფალი საქართველო“,7,,თბილისი,5,,ნინო,ჯურხაძე,ნინო ჯურხაძე,,,adg_2025_candidates_unified.xlsx
local_2025,__main__,pr,free_georgia,„თავისუფალი საქართველო“,7,,თბილისი,6,,მარიამი,კაკიაშვილი,მარიამი კაკიაშვილი,,,adg_2025_candidates_unified.xlsx
local_2025,__main__,pr,free_georgia,„თავისუფალი საქართველო“,7,,თბილისი,7,,თათია,ინაძე,თათია ინაძე,,,adg_2025_candidates_unified.xlsx
local_2025,__main__,pr,free_georgia,„თავისუფალი საქართველო“,7,,თბილისი,8,,მალხაზი,ყრუაშვილი,მალხაზი ყრუაშვილი,,,adg_2025_candidates_unified.xlsx
local_2025,__main__,pr,free_georgia,„თავისუფალი საქართველო“,7,,თბილისი,9,,გიორგი,ლალიაშვილი,გიორგი ლალიაშვილი,,,adg_2025_candidates_unified.xlsx
local_2025,__main__,pr,free_georgia,„თავისუფალი საქართველო“,7,,თბილისი,10,,ქეთევან,ურდულაშვილი,ქეთევან ურდულაშვილი,,,adg_2025_candidates_unified.xlsx
local_2025,__main__,pr,free_georgia,„თავისუფალი საქართველო“,7,,თბილისი,11,,ჯეირანი,კვატანია,ჯეირანი კვატანია,,,adg_2025_candidates_unified.xlsx
local_2025,__main__,pr,free_georgia,„თავისუფალი საქართველო“,7,,თბილისი,12,,მალხაზ,ფილაური,მალხაზ ფილაური,,,adg_2025_candidates_unified.xlsx
local_2025,__main__,pr,free_georgia,„თავისუფალი საქართველო“,7,,თბილისი,13,,ერემია,ბერიშვილი,ერემია ბერიშვილი,,,adg_2025_candidates_unified.xlsx
local_2025,__main__,pr,free_georgia,„თავისუფალი საქართველო“,7,,თბილისი,14,,ალექსანდრე,კოხია,ალექსანდრე კოხია,,,adg_2025_candidates_unified.xlsx
local_2025,__main__,pr,free_georgia,„თავისუფალი საქართველო“,7,,თბილისი,15,,თედორე,გაბიძაშვილი,თედორე გაბიძაშვილი,,,adg_2025_candidates_unified.xlsx
local_2025,__main__,pr,free_georgia,„თავისუფალი საქართველო“,7,,თბილისი,16,,გიორგი,გაგულიძე,გიორგი გაგულიძე,,,adg_2025_candidates_unified.xlsx
local_2025,__main__,pr,free_georgia,„თავისუფალი საქართველო“,7,,თბილისი,17,,ნანა,ხომასურიძე,ნანა ხომასურიძე,,,adg_2025_candidates_unified.xlsx
local_2025,__main__,pr,free_georgia,„თავისუფალი საქართველო“,7,,თბილისი,18,,ვახტანგი,ძიძიგური,ვახტანგი ძიძიგური,,,adg_2025_candidates_unified.xlsx
local_2025,__main__,pr,free_georgia,„თავისუფალი საქართველო“,7,,თბილისი,19,,ნოდარ,ქორიძე,ნოდარ ქორიძე,,,adg_2025_candidates_unified.xlsx
local_2025,__main__,pr,free_georgia,„თავისუფალი საქართველო“,7,,თბილისი,20,,ანი,კელაპტრიშვილი,ანი კელაპტრიშვილი,,,adg_2025_candidates_unified.xlsx
local_2025,__main__,pr,free_georgia,„თავისუფალი საქართველო“,7,,თბილისი,21,,მარიამ,რომელაშვილი,მარიამ რომელაშვილი,,,adg_2025_candidates_unified.xlsx
local_2025,__main__,pr,free_georgia,„თავისუფალი საქართველო“,7,,თბილისი,22,,ნატალია,წერეთელი,ნატალია წერეთელი,,,adg_2025_candidates_unified.xlsx
local_2025,__main__,pr,free_georgia,„თავისუფალი საქართველო“,7,,თბილისი,23,,ნატო,ქარდავა,ნატო ქარდავა,,,adg_2025_candidates_unified.xlsx
local_2025,__main__,pr,free_georgia,„თავისუფალი საქართველო“,7,,თბილისი,24,,გივი,კოჭლამაზაშვილი,გივი კოჭლამაზაშვილი,,,adg_2025_candidates_unified.xlsx
local_2025,__main__,pr,free_georgia,„თავისუფალი საქართველო“,7,,თბილისი,25,,ირაკლი,სხულუხია,ირაკლი სხულუხია,,,adg_2025_candidates_unified.xlsx
local_2025,__main__,pr,free_georgia,„თავისუფალი საქართველო“,7,,თბილისი,26,,ჯემალ,ვანაძე,ჯემალ ვანაძე,,,adg_2025_candidates_unified.xlsx
local_2025,__main__,pr,free_georgia,„თავისუფალი საქართველო“,7,,თბილისი,27,,ქეთო,აბდალაძე,ქეთო აბდალაძე,,,adg_2025_candidates_unified.xlsx
local_2025,__main__,pr,free_georgia,„თავისუფალი საქართველო“,7,,თბილისი,28,,ლია,ყანადაშვილი,ლია ყანადაშვილი,,,adg_2025_candidates_unified.xlsx
local_2025,__main__,pr,free_georgia,„თავისუფალი საქართველო“,7,,თბილისი,29,,გიორგი,ბურჭულაძე,გიორგი ბურჭულაძე,,,adg_2025_candidates_unified.xlsx
local_2025,__main__,pr,free_georgia,„თავისუფალი საქართველო“,7,,თბილისი,30,,გიორგი,ბეჟიტაშვილი,გიორგი ბეჟიტაშვილი,,,adg_2025_candidates_unified.xlsx
local_2025,__main__,pr,free_georgia,„თავისუფალი საქართველო“,7,,თბილისი,31,,რევაზ,გოგიძე,რევაზ გოგიძე,,,adg_2025_candidates_unified.xlsx
local_2025,__main__,pr,free_georgia,„თავისუფალი საქართველო“,7,,თბილისი,32,,დავით,მელიქიძე,დავით მელიქიძე,,,adg_2025_candidates_unified.xlsx
local_2025,__main__,pr,free_georgia,„თავისუფალი საქართველო“,7,,თბილისი,33,,გიგლა,კუკავა,გიგლა კუკავა,,,adg_2025_candidates_unified.xlsx
local_2025,__main__,pr,free_georgia,„თავისუფალი საქართველო“,7,,თბილისი,34,,მაია,დეკანოსიძე,მაია დეკანოსიძე,,,adg_2025_candidates_unified.xlsx
local_2025,__main__,pr,free_georgia,„თავისუფალი საქართველო“,7,,თბილისი,35,,ალექსანდრე,ტაკიძე,ალექსანდრე ტაკიძე,,,adg_2025_candidates_unified.xlsx
local_2025,__main__,pr,free_georgia,„თავისუფალი საქართველო“,7,,თბილისი,36,,ამირან,ჭაღალიძე,ამირან ჭაღალიძე,,,adg_2025_candidates_unified.xlsx
local_2025,__main__,pr,free_georgia,„თავისუფალი საქართველო“,7,,თბილისი,37,,მარინე,მაისურაძე,მარინე მაისურაძე,,,adg_2025_candidates_unified.xlsx
local_2025,__main__,pr,free_georgia,„თავისუფალი საქართველო“,7,,თბილისი,38,,ნონა,გულორდავა,ნონა გულორდავა,,,adg_2025_candidates_unified.xlsx
local_2025,__main__,pr,free_georgia,„თავისუფალი საქართველო“,7,,თბილისი,39,,ნიკოლოზი,ბერიძე,ნიკოლოზი ბერიძე,,,adg_2025_candidates_unified.xlsx
local_2025,__main__,pr,free_georgia,„თავისუფალი საქართველო“,7,,თბილისი,40,,ანა,ბარბაქაძე,ანა ბარბაქაძე,,,adg_2025_candidates_unified.xlsx
local_2025,__main__,pr,free_georgia,„თავისუფალი საქართველო“,7,,თბილისი,41,,თინათინ,ბასილაშვილი,თინათინ ბასილაშვილი,,,adg_2025_candidates_unified.xlsx
local_2025,__main__,pr,free_georgia,„თავისუფალი საქართველო“,7,,თბილისი,42,,მარგალიტა,მანჯგალაძე,მარგალიტა მანჯგალაძე,,,adg_2025_candidates_unified.xlsx
local_2025,__main__,pr,free_georgia,„თავისუფალი საქართველო“,7,,თბილისი,43,,მირანდა,ამირხანაშვილი,მირანდა ამირხანაშვილი,,,adg_2025_candidates_unified.xlsx
local_2025,__main__,pr,free_georgia,„თავისუფალი საქართველო“,7,,თბილისი,44,,გიორგი,ელყანიშვილი,გიორგი ელყანიშვილი,,,adg_2025_candidates_unified.xlsx
local_2025,__main__,pr,free_georgia,„თავისუფალი საქართველო“,7,,თბილისი,45,,ლევან,პაპაშვილი,ლევან პაპაშვილი,,,adg_2025_candidates_unified.xlsx
local_2025,__main__,pr,free_georgia,„თავისუფალი საქართველო“,7,,თბილისი,46,,გელა,ლომაძე,გელა ლომაძე,,,adg_2025_candidates_unified.xlsx
local_2025,__main__,pr,free_georgia,„თავისუფალი საქართველო“,7,,თბილისი,47,,ელზა,ნატრიაშვილი,ელზა ნატრიაშვილი,,,adg_2025_candidates_unified.xlsx
local_2025,__main__,pr,free_georgia,„თავისუფალი საქართველო“,7,,თბილისი,48,,მაყვალა,ნატრიაშვილი,მაყვალა ნატრიაშვილი,,,adg_2025_candidates_unified.xlsx
local_2025,__main__,pr,free_georgia,„თავისუფალი საქართველო“,7,,თბილისი,49,,ირმა,ჯალაღანია,ირმა ჯალაღანია,,,adg_2025_candidates_unified.xlsx
local_2025,__main__,pr,free_georgia,„თავისუფალი საქართველო“,7,,თბილისი,50,,ფატმანი,ფილია,ფატმანი ფილია,,,adg_2025_candidates_unified.xlsx
local_2025,__main__,pr,free_georgia,„თავისუფალი საქართველო“,7,,თბილისი,51,,თინათინ,გულიაშვილი,თინათინ გულიაშვილი,,,adg_2025_candidates_unified.xlsx
local_2025,__main__,pr,free_georgia,„თავისუფალი საქართველო“,7,,თბილისი,52,,გოჩა,წულუკიძე,გოჩა წულუკიძე,,,adg_2025_candidates_unified.xlsx
local_2025,__main__,pr,free_georgia,„თავისუფალი საქართველო“,7,,თბილისი,53,,ლევან,კუკავა,ლევან კუკავა,,,adg_2025_candidates_unified.xlsx
local_2025,__main__,pr,free_georgia,„თავისუფალი საქართველო“,7,,თბილისი,55,,ანნა,მარღიშვილი,ანნა მარღიშვილი,,,adg_2025_candidates_unified.xlsx
local_2025,__main__,pr,free_georgia,„თავისუფალი საქართველო“,7,,თბილისი,56,,მირზა,სისაური,მირზა სისაური,,,adg_2025_candidates_unified.xlsx
local_2025,__main__,pr,free_georgia,„თავისუფალი საქართველო“,7,,თბილისი,57,,ბელა,ბერიკაშვილი,ბელა ბერიკაშვილი,,,adg_2025_candidates_unified.xlsx
local_2025,__main__,pr,free_georgia,„თავისუფალი საქართველო“,7,,თბილისი,58,,ნინო,თალაკვაძე,ნინო თალაკვაძე,,,adg_2025_candidates_unified.xlsx
local_2025,__main__,pr,free_georgia,„თავისუფალი საქართველო“,7,,თბილისი,59,,გიორგი,ზაზაძე,გიორგი ზაზაძე,,,adg_2025_candidates_unified.xlsx
local_2025,__main__,pr,free_georgia,„თავისუფალი საქართველო“,7,,თბილისი,60,,ნიკოლოზ,ხუხუნაიშვილი,ნიკოლოზ ხუხუნაიშვილი,,,adg_2025_candidates_unified.xlsx
local_2025,__main__,pr,free_georgia,„თავისუფალი საქართველო“,7,,თბილისი,61,,ანა,მაზანაშვილი,ანა მაზანაშვილი,,,adg_2025_candidates_unified.xlsx
local_2025,__main__,pr,free_georgia,„თავისუფალი საქართველო“,7,,თბილისი,62,,დალი,შენგელია,დალი შენგელია,,,adg_2025_candidates_unified.xlsx
local_2025,__main__,pr,free_georgia,„თავისუფალი საქართველო“,7,,თბილისი,63,,როლანდი,კუკავა,როლანდი კუკავა,,,adg_2025_candidates_unified.xlsx
local_2025,__main__,pr,free_georgia,„თავისუფალი საქართველო“,7,,თბილისი,64,,რობერტ,შენგელია,რობერტ შენგელია,,,adg_2025_candidates_unified.xlsx
local_2025,__main__,pr,free_georgia,„თავისუფალი საქართველო“,7,,თბილისი,65,,მარიამ,პაპაშვილი,მარიამ პაპაშვილი,,,adg_2025_candidates_unified.xlsx
local_2025,__main__,pr,free_georgia,„თავისუფალი საქართველო“,7,,თბილისი,66,,მაკარი,გელაშვილი,მაკარი გელაშვილი,,,adg_2025_candidates_unified.xlsx
local_2025,__main__,pr,free_georgia,„თავისუფალი საქართველო“,7,,თბილისი,67,,ნინო,პაპაშვილი,ნინო პაპაშვილი,,,adg_2025_candidates_unified.xlsx
local_2025,__main__,pr,free_georgia,„თავისუფალი საქართველო“,7,,თბილისი,68,,ბექა,ყრუაშვილი,ბექა ყრუაშვილი,,,adg_2025_candidates_unified.xlsx
local_2025,__main__,pr,free_georgia,„თავისუფალი საქართველო“,7,,თბილისი,69,,ეკატერინე,ბაციკაძე,ეკატერინე ბაციკაძე,,,adg_2025_candidates_unified.xlsx
local_2025,__main__,pr,free_georgia,„თავისუფალი საქართველო“,7,,თბილისი,70,,მარინა,ქვრივიშვილი,მარინა ქვრივიშვილი,,,adg_2025_candidates_unified.xlsx
local_2025,__main__,pr,free_georgia,„თავისუფალი საქართველო“,7,,თბილისი,71,,ეკა,ქვრივიშვილი,ეკა ქვრივიშვილი,,,adg_2025_candidates_unified.xlsx
local_2025,__main__,pr,free_georgia,„თავისუფალი საქართველო“,7,,თბილისი,72,,ელზა,ყრუაშვილი,ელზა ყრუაშვილი,,,adg_2025_candidates_unified.xlsx
local_2025,__main__,pr,free_georgia,„თავისუფალი საქართველო“,7,,თბილისი,73,,დავით,თალაკვაძე,დავით თალაკვაძე,,,adg_2025_candidates_unified.xlsx
local_2025,__main__,pr,free_georgia,„თავისუფალი საქართველო“,7,,თბილისი,74,,ნათელა,თალაკვაძე,ნათელა თალაკვაძე,,,adg_2025_candidates_unified.xlsx
local_2025,__main__,pr,free_georgia,„თავისუფალი საქართველო“,7,,თბილისი,75,,ლუდმილა,თალაკვაძე,ლუდმილა თალაკვაძე,,,adg_2025_candidates_unified.xlsx
local_2025,__main__,pr,patriots,„საქართველოს პატრიოტთა ალიანსი“,8,,თბილისი,1,,ირმა,ცხორაგაული,ირმა ცხორაგაული,,,adg_2025_candidates_unified.xlsx
local_2025,__main__,pr,patriots,„საქართველოს პატრიოტთა ალიანსი“,8,,თბილისი,2,,მალხაზ,თოფურია,მალხაზ თოფურია,,,adg_2025_candidates_unified.xlsx
local_2025,__main__,pr,patriots,„საქართველოს პატრიოტთა ალიანსი“,8,,თბილისი,3,,გოჩა,კაკაბაძე,გოჩა კაკაბაძე,,,adg_2025_candidates_unified.xlsx
local_2025,__main__,pr,patriots,„საქართველოს პატრიოტთა ალიანსი“,8,,თბილისი,4,,ნინო,რატიშვილი,ნინო რატიშვილი,,,adg_2025_candidates_unified.xlsx
local_2025,__main__,pr,patriots,„საქართველოს პატრიოტთა ალიანსი“,8,,თბილისი,5,,რუსუდან,ქებაძე,რუსუდან ქებაძე,,,adg_2025_candidates_unified.xlsx
local_2025,__main__,pr,patriots,„საქართველოს პატრიოტთა ალიანსი“,8,,თბილისი,6,,ზაზა,ჩიქოვანი,ზაზა ჩიქოვანი,,,adg_2025_candidates_unified.xlsx
local_2025,__main__,pr,patriots,„საქართველოს პატრიოტთა ალიანსი“,8,,თბილისი,7,,გიორგი,კარტოზია,გიორგი კარტოზია,,,adg_2025_candidates_unified.xlsx
local_2025,__main__,pr,patriots,„საქართველოს პატრიოტთა ალიანსი“,8,,თბილისი,8,,დავით,მელიქიძე,დავით მელიქიძე,,,adg_2025_candidates_unified.xlsx
local_2025,__main__,pr,patriots,„საქართველოს პატრიოტთა ალიანსი“,8,,თბილისი,9,,გეგა,ხვედელიძე,გეგა ხვედელიძე,,,adg_2025_candidates_unified.xlsx
local_2025,__main__,pr,patriots,„საქართველოს პატრიოტთა ალიანსი“,8,,თბილისი,10,,თორნიკე,კივილაძე,თორნიკე კივილაძე,,,adg_2025_candidates_unified.xlsx
local_2025,__main__,pr,patriots,„საქართველოს პატრიოტთა ალიანსი“,8,,თბილისი,11,,მანანა,ხუხუნაშვილი,მანანა ხუხუნაშვილი,,,adg_2025_candidates_unified.xlsx
local_2025,__main__,pr,patriots,„საქართველოს პატრიოტთა ალიანსი“,8,,თბილისი,12,,ნონა,ბერუაშვილი,ნონა ბერუაშვილი,,,adg_2025_candidates_unified.xlsx
local_2025,__main__,pr,patriots,„საქართველოს პატრიოტთა ალიანსი“,8,,თბილისი,13,,მიხეილი,გიორგობიანი,მიხეილი გიორგობიანი,,,adg_2025_candidates_unified.xlsx
local_2025,__main__,pr,patriots,„საქართველოს პატრიოტთა ალიანსი“,8,,თბილისი,14,,იოსებ,ზარიძე,იოსებ ზარიძე,,,adg_2025_candidates_unified.xlsx
local_2025,__main__,pr,patriots,„საქართველოს პატრიოტთა ალიანსი“,8,,თბილისი,15,,ნინო,გობეჯიშვილი,ნინო გობეჯიშვილი,,,adg_2025_candidates_unified.xlsx
local_2025,__main__,pr,patriots,„საქართველოს პატრიოტთა ალიანსი“,8,,თბილისი,16,,ნესტანი,ცქიტიშვილი,ნესტანი ცქიტიშვილი,,,adg_2025_candidates_unified.xlsx
local_2025,__main__,pr,patriots,„საქართველოს პატრიოტთა ალიანსი“,8,,თბილისი,17,,იოსებ,ჩაჩანიძე,იოსებ ჩაჩანიძე,,,adg_2025_candidates_unified.xlsx
local_2025,__main__,pr,patriots,„საქართველოს პატრიოტთა ალიანსი“,8,,თბილისი,18,,ანა,თარხან-მოურავი,ანა თარხან-მოურავი,,,adg_2025_candidates_unified.xlsx
local_2025,__main__,pr,patriots,„საქართველოს პატრიოტთა ალიანსი“,8,,თბილისი,19,,გიორგი,წამალაძე,გიორგი წამალაძე,,,adg_2025_candidates_unified.xlsx
local_2025,__main__,pr,patriots,„საქართველოს პატრიოტთა ალიანსი“,8,,თბილისი,20,,მანანა,არველაძე,მანანა არველაძე,,,adg_2025_candidates_unified.xlsx
local_2025,__main__,pr,patriots,„საქართველოს პატრიოტთა ალიანსი“,8,,თბილისი,21,,მარიამ,ჭურჭელაური,მარიამ ჭურჭელაური,,,adg_2025_candidates_unified.xlsx
local_2025,__main__,pr,patriots,„საქართველოს პატრიოტთა ალიანსი“,8,,თბილისი,22,,ივანე,არაქელოვი,ივანე არაქელოვი,,,adg_2025_candidates_unified.xlsx
local_2025,__main__,pr,patriots,„საქართველოს პატრიოტთა ალიანსი“,8,,თბილისი,23,,ჯენეტი,კაპანაძე,ჯენეტი კაპანაძე,,,adg_2025_candidates_unified.xlsx
local_2025,__main__,pr,patriots,„საქართველოს პატრიოტთა ალიანსი“,8,,თბილისი,24,,ზაზა,გრძელიშვილი,ზაზა გრძელიშვილი,,,adg_2025_candidates_unified.xlsx
local_2025,__main__,pr,patriots,„საქართველოს პატრიოტთა ალიანსი“,8,,თბილისი,25,,მადინა,კარტოზია,მადინა კარტოზია,,,adg_2025_candidates_unified.xlsx
local_2025,__main__,pr,patriots,„საქართველოს პატრიოტთა ალიანსი“,8,,თბილისი,26,,ვახტანგ,გორდელი-ფალიაშვილი,ვახტანგ გორდელი-ფალიაშვილი,,,adg_2025_candidates_unified.xlsx
local_2025,__main__,pr,patriots,„საქართველოს პატრიოტთა ალიანსი“,8,,თბილისი,27,,მზიური,კალანდია,მზიური კალანდია,,,adg_2025_candidates_unified.xlsx
local_2025,__main__,pr,patriots,„საქართველოს პატრიოტთა ალიანსი“,8,,თბილისი,28,,გრიგოლი,ქადიეშვილი,გრიგოლი ქადიეშვილი,,,adg_2025_candidates_unified.xlsx
local_2025,__main__,pr,patriots,„საქართველოს პატრიოტთა ალიანსი“,8,,თბილისი,29,,დიმიტრი,პასმანი,დიმიტრი პასმანი,,,adg_2025_candidates_unified.xlsx
local_2025,__main__,pr,patriots,„საქართველოს პატრიოტთა ალიანსი“,8,,თბილისი,30,,ვიქტორია,ანანიკიანი,ვიქტორია ანანიკიანი,,,adg_2025_candidates_unified.xlsx
local_2025,__main__,pr,patriots,„საქართველოს პატრიოტთა ალიანსი“,8,,თბილისი,31,,ზაური,ინასარიძე,ზაური ინასარიძე,,,adg_2025_candidates_unified.xlsx
local_2025,__main__,pr,patriots,„საქართველოს პატრიოტთა ალიანსი“,8,,თბილისი,32,,ნიკა,ნასარაია,ნიკა ნასარაია,,,adg_2025_candidates_unified.xlsx
local_2025,__main__,pr,patriots,„საქართველოს პატრიოტთა ალიანსი“,8,,თბილისი,33,,ნინო,ჩქარეული,ნინო ჩქარეული,,,adg_2025_candidates_unified.xlsx
local_2025,__main__,pr,patriots,„საქართველოს პატრიოტთა ალიანსი“,8,,თბილისი,34,,ლია,კერატიშვილი,ლია კერატიშვილი,,,adg_2025_candidates_unified.xlsx
local_2025,__main__,pr,patriots,„საქართველოს პატრიოტთა ალიანსი“,8,,თბილისი,35,,მურადი,ძაძამია,მურადი ძაძამია,,,adg_2025_candidates_unified.xlsx
local_2025,__main__,pr,patriots,„საქართველოს პატრიოტთა ალიანსი“,8,,თბილისი,36,,დავით,თოდაძე,დავით თოდაძე,,,adg_2025_candidates_unified.xlsx
local_2025,__main__,pr,patriots,„საქართველოს პატრიოტთა ალიანსი“,8,,თბილისი,37,,ლეილა,ბაღდავაძე,ლეილა ბაღდავაძე,,,adg_2025_candidates_unified.xlsx
local_2025,__main__,pr,patriots,„საქართველოს პატრიოტთა ალიანსი“,8,,თბილისი,38,,დავით,გველუკაშვილი,დავით გველუკაშვილი,,,adg_2025_candidates_unified.xlsx
local_2025,__main__,pr,patriots,„საქართველოს პატრიოტთა ალიანსი“,8,,თბილისი,39,,ანგელინა,ლებანიძე,ანგელინა ლებანიძე,,,adg_2025_candidates_unified.xlsx
local_2025,__main__,pr,patriots,„საქართველოს პატრიოტთა ალიანსი“,8,,თბილისი,40,,თინათინ,იობაშვილი,თინათინ იობაშვილი,,,adg_2025_candidates_unified.xlsx
local_2025,__main__,pr,patriots,„საქართველოს პატრიოტთა ალიანსი“,8,,თბილისი,41,,ცისანა,გვასალია,ცისანა გვასალია,,,adg_2025_candidates_unified.xlsx
local_2025,__main__,pr,patriots,„საქართველოს პატრიოტთა ალიანსი“,8,,თბილისი,42,,გიორგი,რურუა,გიორგი რურუა,,,adg_2025_candidates_unified.xlsx
local_2025,__main__,pr,patriots,„საქართველოს პატრიოტთა ალიანსი“,8,,თბილისი,43,,ხვიჩა,წკეპლაძე,ხვიჩა წკეპლაძე,,,adg_2025_candidates_unified.xlsx
local_2025,__main__,pr,patriots,„საქართველოს პატრიოტთა ალიანსი“,8,,თბილისი,44,,მეგი,მირზაშვილი,მეგი მირზაშვილი,,,adg_2025_candidates_unified.xlsx
local_2025,__main__,pr,patriots,„საქართველოს პატრიოტთა ალიანსი“,8,,თბილისი,45,,გივი,გეთიაშვილი,გივი გეთიაშვილი,,,adg_2025_candidates_unified.xlsx
local_2025,__main__,pr,patriots,„საქართველოს პატრიოტთა ალიანსი“,8,,თბილისი,46,,თინათინ,ჯაჯანიძე,თინათინ ჯაჯანიძე,,,adg_2025_candidates_unified.xlsx
local_2025,__main__,pr,patriots,„საქართველოს პატრიოტთა ალიანსი“,8,,თბილისი,47,,ნათია,წკეპლაძე,ნათია წკეპლაძე,,,adg_2025_candidates_unified.xlsx
local_2025,__main__,pr,patriots,„საქართველოს პატრიოტთა ალიანსი“,8,,თბილისი,48,,სოფიკო,ფორჩხიძე,სოფიკო ფორჩხიძე,,,adg_2025_candidates_unified.xlsx
local_2025,__main__,pr,patriots,„საქართველოს პატრიოტთა ალიანსი“,8,,თბილისი,49,,ქეთევანი,მემანიშვილი,ქეთევანი მემანიშვილი,,,adg_2025_candidates_unified.xlsx
local_2025,__main__,pr,patriots,„საქართველოს პატრიოტთა ალიანსი“,8,,თბილისი,50,,დავით,გვენეტაძე,დავით გვენეტაძე,,,adg_2025_candidates_unified.xlsx
local_2025,__main__,pr,patriots,„საქართველოს პატრიოტთა ალიანსი“,8,,თბილისი,51,,ზაზა,კარიაული,ზაზა კარიაული,,,adg_2025_candidates_unified.xlsx
local_2025,__main__,pr,patriots,„საქართველოს პატრიოტთა ალიანსი“,8,,თბილისი,52,,ქეთევან,ევანისელი,ქეთევან ევანისელი,,,adg_2025_candidates_unified.xlsx
local_2025,__main__,pr,patriots,„საქართველოს პატრიოტთა ალიანსი“,8,,თბილისი,53,,თამარ,გიორგაძე,თამარ გიორგაძე,,,adg_2025_candidates_unified.xlsx
local_2025,__main__,pr,patriots,„საქართველოს პატრიოტთა ალიანსი“,8,,თბილისი,54,,გიორგი,ბედოიძე,გიორგი ბედოიძე,,,adg_2025_candidates_unified.xlsx
local_2025,__main__,pr,greens_geo,მწვანეთა პარტია,12,,თბილისი,1,,გურამ,ნიკოლეიშვილი,გურამ ნიკოლეიშვილი,,,adg_2025_candidates_unified.xlsx
local_2025,__main__,pr,greens_geo,მწვანეთა პარტია,12,,თბილისი,2,,მანანა,ბოჭორიშვილი,მანანა ბოჭორიშვილი,,,adg_2025_candidates_unified.xlsx
local_2025,__main__,pr,greens_geo,მწვანეთა პარტია,12,,თბილისი,3,,მერაბ,შარაბიძე,მერაბ შარაბიძე,,,adg_2025_candidates_unified.xlsx
local_2025,__main__,pr,greens_geo,მწვანეთა პარტია,12,,თბილისი,4,,თეიმურაზ,ცაგარეიშვილი,თეიმურაზ ცაგარეიშვილი,,,adg_2025_candidates_unified.xlsx
local_2025,__main__,pr,greens_geo,მწვანეთა პარტია,12,,თბილისი,5,,ირაკლი,იაქაშვილი,ირაკლი იაქაშვილი,,,adg_2025_candidates_unified.xlsx
local_2025,__main__,pr,greens_geo,მწვანეთა პარტია,12,,თბილისი,6,,ქეთევან,ლეჟავა,ქეთევან ლეჟავა,,,adg_2025_candidates_unified.xlsx
local_2025,__main__,pr,greens_geo,მწვანეთა პარტია,12,,თბილისი,7,,დავით,ცხვარიაშვილი,დავით ცხვარიაშვილი,,,adg_2025_candidates_unified.xlsx
local_2025,__main__,pr,greens_geo,მწვანეთა პარტია,12,,თბილისი,8,,რუსუდან,ცაგარეიშვილი,რუსუდან ცაგარეიშვილი,,,adg_2025_candidates_unified.xlsx
local_2025,__main__,pr,greens_geo,მწვანეთა პარტია,12,,თბილისი,9,,ზურაბ,ძებისაშვილი,ზურაბ ძებისაშვილი,,,adg_2025_candidates_unified.xlsx
local_2025,__main__,pr,greens_geo,მწვანეთა პარტია,12,,თბილისი,10,,მერაბ,ხატიაშვილი,მერაბ ხატიაშვილი,,,adg_2025_candidates_unified.xlsx
local_2025,__main__,pr,greens_geo,მწვანეთა პარტია,12,,თბილისი,11,,ქეთევან,მირცხულავა,ქეთევან მირცხულავა,,,adg_2025_candidates_unified.xlsx
local_2025,__main__,pr,greens_geo,მწვანეთა პარტია,12,,თბილისი,12,,ლევანი,ხარანაული,ლევანი ხარანაული,,,adg_2025_candidates_unified.xlsx
local_2025,__main__,pr,greens_geo,მწვანეთა პარტია,12,,თბილისი,13,,ოთარი,მაყაშვილი,ოთარი მაყაშვილი,,,adg_2025_candidates_unified.xlsx
local_2025,__main__,pr,greens_geo,მწვანეთა პარტია,12,,თბილისი,14,,თამარ,ქათამაძე,თამარ ქათამაძე,,,adg_2025_candidates_unified.xlsx
local_2025,__main__,pr,greens_geo,მწვანეთა პარტია,12,,თბილისი,15,,გია,ჭეიშვილი,გია ჭეიშვილი,,,adg_2025_candidates_unified.xlsx
local_2025,__main__,pr,greens_geo,მწვანეთა პარტია,12,,თბილისი,16,,ნანა,კევლიშვილი,ნანა კევლიშვილი,,,adg_2025_candidates_unified.xlsx
local_2025,__main__,pr,greens_geo,მწვანეთა პარტია,12,,თბილისი,17,,ბელა,ველთაური,ბელა ველთაური,,,adg_2025_candidates_unified.xlsx
local_2025,__main__,pr,greens_geo,მწვანეთა პარტია,12,,თბილისი,18,,გიორგი,ბილანიშვილი,გიორგი ბილანიშვილი,,,adg_2025_candidates_unified.xlsx
local_2025,__main__,pr,greens_geo,მწვანეთა პარტია,12,,თბილისი,19,,ნათია,ჩხარტიშვილი,ნათია ჩხარტიშვილი,,,adg_2025_candidates_unified.xlsx
local_2025,__main__,pr,greens_geo,მწვანეთა პარტია,12,,თბილისი,20,,პაატა,ყიფიანი,პაატა ყიფიანი,,,adg_2025_candidates_unified.xlsx
local_2025,__main__,pr,greens_geo,მწვანეთა პარტია,12,,თბილისი,21,,მიხეილ,მჭედლიშვილი,მიხეილ მჭედლიშვილი,,,adg_2025_candidates_unified.xlsx
local_2025,__main__,pr,greens_geo,მწვანეთა პარტია,12,,თბილისი,22,,ნინო,შეწირული,ნინო შეწირული,,,adg_2025_candidates_unified.xlsx
local_2025,__main__,pr,greens_geo,მწვანეთა პარტია,12,,თბილისი,23,,შალვა,მშვილდაძე,შალვა მშვილდაძე,,,adg_2025_candidates_unified.xlsx
local_2025,__main__,pr,greens_geo,მწვანეთა პარტია,12,,თბილისი,24,,ბესარიონ,ხავთასი,ბესარიონ ხავთასი,,,adg_2025_candidates_unified.xlsx
local_2025,__main__,pr,greens_geo,მწვანეთა პარტია,12,,თბილისი,25,,ელენე,კოროტკოვი,ელენე კოროტკოვი,,,adg_2025_candidates_unified.xlsx
local_2025,__main__,pr,greens_geo,მწვანეთა პარტია,12,,თბილისი,26,,ლია,ასიტაშვილი,ლია ასიტაშვილი,,,adg_2025_candidates_unified.xlsx
local_2025,__main__,pr,greens_geo,მწვანეთა პარტია,12,,თბილისი,27,,თამარ,ჯიჭონაია,თამარ ჯიჭონაია,,,adg_2025_candidates_unified.xlsx
local_2025,__main__,pr,greens_geo,მწვანეთა პარტია,12,,თბილისი,28,,ნიკა,ვახტანგაძე,ნიკა ვახტანგაძე,,,adg_2025_candidates_unified.xlsx
local_2025,__main__,pr,greens_geo,მწვანეთა პარტია,12,,თბილისი,29,,მარიამი,ჯალიაშვილი,მარიამი ჯალიაშვილი,,,adg_2025_candidates_unified.xlsx
local_2025,__main__,pr,greens_geo,მწვანეთა პარტია,12,,თბილისი,30,,მანანა,ჭეიშვილი,მანანა ჭეიშვილი,,,adg_2025_candidates_unified.xlsx
local_2025,__main__,pr,greens_geo,მწვანეთა პარტია,12,,თბილისი,31,,ქიტესა,ხარანაული,ქიტესა ხარანაული,,,adg_2025_candidates_unified.xlsx
local_2025,__main__,pr,greens_geo,მწვანეთა პარტია,12,,თბილისი,32,,მაია,გვარაძე,მაია გვარაძე,,,adg_2025_candidates_unified.xlsx
local_2025,__main__,pr,greens_geo,მწვანეთა პარტია,12,,თბილისი,33,,ნანა,დადვანი,ნანა დადვანი,,,adg_2025_candidates_unified.xlsx
local_2025,__main__,pr,greens_geo,მწვანეთა პარტია,12,,თბილისი,34,,ნინო,გაჩეჩილაძე,ნინო გაჩეჩილაძე,,,adg_2025_candidates_unified.xlsx
local_2025,__main__,pr,greens_geo,მწვანეთა პარტია,12,,თბილისი,35,,ქეთევან,მაყაშვილი,ქეთევან მაყაშვილი,,,adg_2025_candidates_unified.xlsx
local_2025,__main__,pr,greens_geo,მწვანეთა პარტია,12,,თბილისი,36,,ირმა,როინაშვილი,ირმა როინაშვილი,,,adg_2025_candidates_unified.xlsx
local_2025,__main__,pr,greens_geo,მწვანეთა პარტია,12,,თბილისი,37,,დიმიტრი,კორძაია,დიმიტრი კორძაია,,,adg_2025_candidates_unified.xlsx
local_2025,__main__,pr,greens_geo,მწვანეთა პარტია,12,,თბილისი,38,,ბესიკ,ხარანაული,ბესიკ ხარანაული,,,adg_2025_candidates_unified.xlsx
local_2025,__main__,pr,greens_geo,მწვანეთა პარტია,12,,თბილისი,39,,ლელა,კიკნაძე,ლელა კიკნაძე,,,adg_2025_candidates_unified.xlsx
local_2025,__main__,pr,greens_geo,მწვანეთა პარტია,12,,თბილისი,40,,ნონა,კევლიშვილი,ნონა კევლიშვილი,,,adg_2025_candidates_unified.xlsx
local_2025,__main__,pr,greens_geo,მწვანეთა პარტია,12,,თბილისი,41,,თამარ,ბაქრაძე,თამარ ბაქრაძე,,,adg_2025_candidates_unified.xlsx
local_2025,__main__,pr,greens_geo,მწვანეთა პარტია,12,,თბილისი,42,,ქეთევან,ჯანგველაძე,ქეთევან ჯანგველაძე,,,adg_2025_candidates_unified.xlsx
local_2025,__main__,pr,greens_geo,მწვანეთა პარტია,12,,თბილისი,43,,ელისაბედ,ბილანიშვილი,ელისაბედ ბილანიშვილი,,,adg_2025_candidates_unified.xlsx
local_2025,__main__,pr,greens_geo,მწვანეთა პარტია,12,,თბილისი,44,,თამაზ,ოქროპირიძე,თამაზ ოქროპირიძე,,,adg_2025_candidates_unified.xlsx
local_2025,__main__,pr,greens_geo,მწვანეთა პარტია,12,,თბილისი,45,,თინა,მარღიშვილი,თინა მარღიშვილი,,,adg_2025_candidates_unified.xlsx
local_2025,__main__,pr,greens_geo,მწვანეთა პარტია,12,,თბილისი,46,,სანდრო,ღიბრაძე,სანდრო ღიბრაძე,,,adg_2025_candidates_unified.xlsx
local_2025,__main__,pr,greens_geo,მწვანეთა პარტია,12,,თბილისი,47,,მზია,გოზალიშვილი,მზია გოზალიშვილი,,,adg_2025_candidates_unified.xlsx
local_2025,__main__,pr,greens_geo,მწვანეთა პარტია,12,,თბილისი,48,,შალვა,ბილანიშვილი,შალვა ბილანიშვილი,,,adg_2025_candidates_unified.xlsx
local_2025,__main__,pr,greens_geo,მწვანეთა პარტია,12,,თბილისი,49,,თამარ,ჭიჭინაძე,თამარ ჭიჭინაძე,,,adg_2025_candidates_unified.xlsx
local_2025,__main__,pr,greens_geo,მწვანეთა პარტია,12,,თბილისი,50,,ლევან,პაპიაშვილი,ლევან პაპიაშვილი,,,adg_2025_candidates_unified.xlsx
local_2025,__main__,pr,greens_geo,მწვანეთა პარტია,12,,თბილისი,51,,ნინელი,გამისონია,ნინელი გამისონია,,,adg_2025_candidates_unified.xlsx
local_2025,__main__,pr,greens_geo,მწვანეთა პარტია,12,,თბილისი,52,,მაკა,ქაჯაია,მაკა ქაჯაია,,,adg_2025_candidates_unified.xlsx
local_2025,__main__,pr,peoples_power,„სახალხო ხელისუფლება“,14,,თბილისი,1,,მარიამ,ცაცანაშვილი,მარიამ ცაცანაშვილი,,,adg_2025_candidates_unified.xlsx
local_2025,__main__,pr,peoples_power,„სახალხო ხელისუფლება“,14,,თბილისი,2,,ირაკლი,კიკაჩეიშვილი,ირაკლი კიკაჩეიშვილი,,,adg_2025_candidates_unified.xlsx
local_2025,__main__,pr,peoples_power,„სახალხო ხელისუფლება“,14,,თბილისი,3,,ლია,გამრეკელი,ლია გამრეკელი,,,adg_2025_candidates_unified.xlsx
local_2025,__main__,pr,peoples_power,„სახალხო ხელისუფლება“,14,,თბილისი,4,,ოთარ,თვარაძე,ოთარ თვარაძე,,,adg_2025_candidates_unified.xlsx
local_2025,__main__,pr,peoples_power,„სახალხო ხელისუფლება“,14,,თბილისი,5,,ომარ,ჩოლოიანი,ომარ ჩოლოიანი,,,adg_2025_candidates_unified.xlsx
local_2025,__main__,pr,peoples_power,„სახალხო ხელისუფლება“,14,,თბილისი,6,,ნათია,ქავთარაძე,ნათია ქავთარაძე,,,adg_2025_candidates_unified.xlsx
local_2025,__main__,pr,peoples_power,„სახალხო ხელისუფლება“,14,,თბილისი,7,,ლელა,მამალაძე,ლელა მამალაძე,,,adg_2025_candidates_unified.xlsx
local_2025,__main__,pr,peoples_power,„სახალხო ხელისუფლება“,14,,თბილისი,8,,მაია,გულაშვილი,მაია გულაშვილი,,,adg_2025_candidates_unified.xlsx
local_2025,__main__,pr,peoples_power,„სახალხო ხელისუფლება“,14,,თბილისი,9,,ნიკოლოზ,ზახარიანი,ნიკოლოზ ზახარიანი,,,adg_2025_candidates_unified.xlsx
local_2025,__main__,pr,peoples_power,„სახალხო ხელისუფლება“,14,,თბილისი,10,,ირაკლი,ლომიძე,ირაკლი ლომიძე,,,adg_2025_candidates_unified.xlsx
local_2025,__main__,pr,peoples_power,„სახალხო ხელისუფლება“,14,,თბილისი,11,,ნინო,კუპრეიშვილი,ნინო კუპრეიშვილი,,,adg_2025_candidates_unified.xlsx
local_2025,__main__,pr,peoples_power,„სახალხო ხელისუფლება“,14,,თბილისი,12,,გიორგი,გვაზავა,გიორგი გვაზავა,,,adg_2025_candidates_unified.xlsx
local_2025,__main__,pr,peoples_power,„სახალხო ხელისუფლება“,14,,თბილისი,13,,ვლადიმერ,კარამიანი,ვლადიმერ კარამიანი,,,adg_2025_candidates_unified.xlsx
local_2025,__main__,pr,peoples_power,„სახალხო ხელისუფლება“,14,,თბილისი,14,,ლელა,თურმანაული,ლელა თურმანაული,,,adg_2025_candidates_unified.xlsx
local_2025,__main__,pr,peoples_power,„სახალხო ხელისუფლება“,14,,თბილისი,15,,კახაბერ,ანთიძე,კახაბერ ანთიძე,,,adg_2025_candidates_unified.xlsx
local_2025,__main__,pr,peoples_power,„სახალხო ხელისუფლება“,14,,თბილისი,16,,შოთა,შატბერაშვილი,შოთა შატბერაშვილი,,,adg_2025_candidates_unified.xlsx
local_2025,__main__,pr,peoples_power,„სახალხო ხელისუფლება“,14,,თბილისი,17,,გიორგი,ლომიძე,გიორგი ლომიძე,,,adg_2025_candidates_unified.xlsx
local_2025,__main__,pr,peoples_power,„სახალხო ხელისუფლება“,14,,თბილისი,18,,თეიმურაზ,ჯავახია,თეიმურაზ ჯავახია,,,adg_2025_candidates_unified.xlsx
local_2025,__main__,pr,peoples_power,„სახალხო ხელისუფლება“,14,,თბილისი,19,,გურამი,ნოზაძე,გურამი ნოზაძე,,,adg_2025_candidates_unified.xlsx
local_2025,__main__,pr,peoples_power,„სახალხო ხელისუფლება“,14,,თბილისი,20,,თეონა,კუპრეიშვილი,თეონა კუპრეიშვილი,,,adg_2025_candidates_unified.xlsx
local_2025,__main__,pr,peoples_power,„სახალხო ხელისუფლება“,14,,თბილისი,21,,ლეილა,პაპიაშვილი,ლეილა პაპიაშვილი,,,adg_2025_candidates_unified.xlsx
local_2025,__main__,pr,peoples_power,„სახალხო ხელისუფლება“,14,,თბილისი,22,,მარინე,ქავთარაძე,მარინე ქავთარაძე,,,adg_2025_candidates_unified.xlsx
local_2025,__main__,pr,peoples_power,„სახალხო ხელისუფლება“,14,,თბილისი,23,,ინგა,მეტრეველი,ინგა მეტრეველი,,,adg_2025_candidates_unified.xlsx
local_2025,__main__,pr,peoples_power,„სახალხო ხელისუფლება“,14,,თბილისი,24,,ნინო,ჯალაღანია,ნინო ჯალაღანია,,,adg_2025_candidates_unified.xlsx
local_2025,__main__,pr,peoples_power,„სახალხო ხელისუფლება“,14,,თბილისი,25,,თეა,მეტრეველი,თეა მეტრეველი,,,adg_2025_candidates_unified.xlsx
local_2025,__main__,pr,peoples_power,„სახალხო ხელისუფლება“,14,,თბილისი,26,,ქეთევან,ბურნაძე,ქეთევან ბურნაძე,,,adg_2025_candidates_unified.xlsx
local_2025,__main__,pr,peoples_power,„სახალხო ხელისუფლება“,14,,თბილისი,27,,იოსებ,გრძელიშვილი,იოსებ გრძელიშვილი,,,adg_2025_candidates_unified.xlsx
local_2025,__main__,pr,peoples_power,„სახალხო ხელისუფლება“,14,,თბილისი,28,,ნანა,ელიაძე,ნანა ელიაძე,,,adg_2025_candidates_unified.xlsx
local_2025,__main__,pr,peoples_power,„სახალხო ხელისუფლება“,14,,თბილისი,29,,ჟორა,ავაკოვი,ჟორა ავაკოვი,,,adg_2025_candidates_unified.xlsx
local_2025,__main__,pr,peoples_power,„სახალხო ხელისუფლება“,14,,თბილისი,30,,ვაჟა,კინწურაშვილი,ვაჟა კინწურაშვილი,,,adg_2025_candidates_unified.xlsx
local_2025,__main__,pr,peoples_power,„სახალხო ხელისუფლება“,14,,თბილისი,31,,ასკინაზ,მამედოვა,ასკინაზ მამედოვა,,,adg_2025_candidates_unified.xlsx
local_2025,__main__,pr,peoples_power,„სახალხო ხელისუფლება“,14,,თბილისი,32,,ნინო,ყიფიანი,ნინო ყიფიანი,,,adg_2025_candidates_unified.xlsx
local_2025,__main__,pr,peoples_power,„სახალხო ხელისუფლება“,14,,თბილისი,33,,გიორგი,ჩოქური,გიორგი ჩოქური,,,adg_2025_candidates_unified.xlsx
local_2025,__main__,pr,peoples_power,„სახალხო ხელისუფლება“,14,,თბილისი,34,,ლელა,საზანდრიშვილი,ლელა საზანდრიშვილი,,,adg_2025_candidates_unified.xlsx
local_2025,__main__,pr,peoples_power,„სახალხო ხელისუფლება“,14,,თბილისი,35,,ლაშა,ნარეშელაშვილი,ლაშა ნარეშელაშვილი,,,adg_2025_candidates_unified.xlsx
local_2025,__main__,pr,peoples_power,„სახალხო ხელისუფლება“,14,,თბილისი,36,,ბეჟან,ციცქიშვილი,ბეჟან ციცქიშვილი,,,adg_2025_candidates_unified.xlsx
local_2025,__main__,pr,peoples_power,„სახალხო ხელისუფლება“,14,,თბილისი,37,,ელენე,ჩოქური,ელენე ჩოქური,,,adg_2025_candidates_unified.xlsx
local_2025,__main__,pr,peoples_power,„სახალხო ხელისუფლება“,14,,თბილისი,38,,სოფიო,ჭალელიშვილი,სოფიო ჭალელიშვილი,,,adg_2025_candidates_unified.xlsx
local_2025,__main__,pr,peoples_power,„სახალხო ხელისუფლება“,14,,თბილისი,39,,მარი,ქოქაშვილი,მარი ქოქაშვილი,,,adg_2025_candidates_unified.xlsx
local_2025,__main__,pr,peoples_power,„სახალხო ხელისუფლება“,14,,თბილისი,40,,მინდია,ჯოჯუა,მინდია ჯოჯუა,,,adg_2025_candidates_unified.xlsx
local_2025,__main__,pr,peoples_power,„სახალხო ხელისუფლება“,14,,თბილისი,41,,მეხრიბან,გუსეინოვა,მეხრიბან გუსეინოვა,,,adg_2025_candidates_unified.xlsx
local_2025,__main__,pr,peoples_power,„სახალხო ხელისუფლება“,14,,თბილისი,42,,მიხეილ,ქმოსტელი,მიხეილ ქმოსტელი,,,adg_2025_candidates_unified.xlsx
local_2025,__main__,pr,peoples_power,„სახალხო ხელისუფლება“,14,,თბილისი,43,,ემა,ჩიბიროვი,ემა ჩიბიროვი,,,adg_2025_candidates_unified.xlsx
local_2025,__main__,pr,peoples_power,„სახალხო ხელისუფლება“,14,,თბილისი,44,,ზურაბ,ნარიმანიძე,ზურაბ ნარიმანიძე,,,adg_2025_candidates_unified.xlsx
local_2025,__main__,pr,peoples_power,„სახალხო ხელისუფლება“,14,,თბილისი,45,,მამუკა,მახარაშვილი,მამუკა მახარაშვილი,,,adg_2025_candidates_unified.xlsx
local_2025,__main__,pr,peoples_power,„სახალხო ხელისუფლება“,14,,თბილისი,46,,ელდარ,გასანოვი,ელდარ გასანოვი,,,adg_2025_candidates_unified.xlsx
local_2025,__main__,pr,peoples_power,„სახალხო ხელისუფლება“,14,,თბილისი,47,,ზეზვა,კოტრიკაძე,ზეზვა კოტრიკაძე,,,adg_2025_candidates_unified.xlsx
local_2025,__main__,pr,peoples_power,„სახალხო ხელისუფლება“,14,,თბილისი,48,,ციცინო,თოშხუა,ციცინო თოშხუა,,,adg_2025_candidates_unified.xlsx
local_2025,__main__,pr,peoples_power,„სახალხო ხელისუფლება“,14,,თბილისი,49,,მარიამ,ჩოქური,მარიამ ჩოქური,,,adg_2025_candidates_unified.xlsx
local_2025,__main__,pr,peoples_power,„სახალხო ხელისუფლება“,14,,თბილისი,50,,რამინ,გასანოვი,რამინ გასანოვი,,,adg_2025_candidates_unified.xlsx
local_2025,__main__,pr,peoples_power,„სახალხო ხელისუფლება“,14,,თბილისი,51,,მონიკა,თუმანოვა,მონიკა თუმანოვა,,,adg_2025_candidates_unified.xlsx
local_2025,__main__,pr,peoples_power,„სახალხო ხელისუფლება“,14,,თბილისი,52,,ნატალი,ცხოვრებაშვილი,ნატალი ცხოვრებაშვილი,,,adg_2025_candidates_unified.xlsx
local_2025,__main__,pr,peoples_power,„სახალხო ხელისუფლება“,14,,თბილისი,53,,სალომე,ოთარაშვილი,სალომე ოთარაშვილი,,,adg_2025_candidates_unified.xlsx
local_2025,__main__,pr,peoples_power,„სახალხო ხელისუფლება“,14,,თბილისი,54,,ალახვერდი,ბახტიაროვი,ალახვერდი ბახტიაროვი,,,adg_2025_candidates_unified.xlsx
local_2025,__main__,pr,peoples_power,„სახალხო ხელისუფლება“,14,,თბილისი,55,,იანა,ავაკოვა,იანა ავაკოვა,,,adg_2025_candidates_unified.xlsx
local_2025,__main__,pr,peoples_power,„სახალხო ხელისუფლება“,14,,თბილისი,56,,რეგინა,ჩადუნელი,რეგინა ჩადუნელი,,,adg_2025_candidates_unified.xlsx
local_2025,__main__,pr,gakharia,„გახარია საქართველოსთვის“,25,,თბილისი,1,,გიორგი,შარაშიძე,გიორგი შარაშიძე,,,adg_2025_candidates_unified.xlsx
local_2025,__main__,pr,gakharia,„გახარია საქართველოსთვის“,25,,თბილისი,2,,ეკატერინე,უდესიანი,ეკატერინე უდესიანი,,,adg_2025_candidates_unified.xlsx
local_2025,__main__,pr,gakharia,„გახარია საქართველოსთვის“,25,,თბილისი,3,,ზაზა,თავაძე,ზაზა თავაძე,,,adg_2025_candidates_unified.xlsx
local_2025,__main__,pr,gakharia,„გახარია საქართველოსთვის“,25,,თბილისი,4,,როინი,ქოჩორაშვილი,როინი ქოჩორაშვილი,,,adg_2025_candidates_unified.xlsx
local_2025,__main__,pr,gakharia,„გახარია საქართველოსთვის“,25,,თბილისი,5,,დაჯი,კოვზირიძე,დაჯი კოვზირიძე,,,adg_2025_candidates_unified.xlsx
local_2025,__main__,pr,gakharia,„გახარია საქართველოსთვის“,25,,თბილისი,6,,კოკა,კობალაძე,კოკა კობალაძე,,,adg_2025_candidates_unified.xlsx
local_2025,__main__,pr,gakharia,„გახარია საქართველოსთვის“,25,,თბილისი,7,,ზაზა,მეგრელიშვილი,ზაზა მეგრელიშვილი,,,adg_2025_candidates_unified.xlsx
local_2025,__main__,pr,gakharia,„გახარია საქართველოსთვის“,25,,თბილისი,8,,ფიქრია,გოგოლაძე,ფიქრია გოგოლაძე,,,adg_2025_candidates_unified.xlsx
local_2025,__main__,pr,gakharia,„გახარია საქართველოსთვის“,25,,თბილისი,9,,გივი,კაცია,გივი კაცია,,,adg_2025_candidates_unified.xlsx
local_2025,__main__,pr,gakharia,„გახარია საქართველოსთვის“,25,,თბილისი,10,,ანა,გოგოლაძე,ანა გოგოლაძე,,,adg_2025_candidates_unified.xlsx
local_2025,__main__,pr,gakharia,„გახარია საქართველოსთვის“,25,,თბილისი,11,,თეიმურაზ,ლაზარიაშვილი,თეიმურაზ ლაზარიაშვილი,,,adg_2025_candidates_unified.xlsx
local_2025,__main__,pr,gakharia,„გახარია საქართველოსთვის“,25,,თბილისი,12,,მიხეილ,მიქელაძე,მიხეილ მიქელაძე,,,adg_2025_candidates_unified.xlsx
local_2025,__main__,pr,gakharia,„გახარია საქართველოსთვის“,25,,თბილისი,13,,მაკა,ნიგურიანი,მაკა ნიგურიანი,,,adg_2025_candidates_unified.xlsx
local_2025,__main__,pr,gakharia,„გახარია საქართველოსთვის“,25,,თბილისი,14,,დავით,ახალაია,დავით ახალაია,,,adg_2025_candidates_unified.xlsx
local_2025,__main__,pr,gakharia,„გახარია საქართველოსთვის“,25,,თბილისი,15,,ნანა,სიხარულიძე,ნანა სიხარულიძე,,,adg_2025_candidates_unified.xlsx
local_2025,__main__,pr,gakharia,„გახარია საქართველოსთვის“,25,,თბილისი,16,,მარიამი,მახარაძე,მარიამი მახარაძე,,,adg_2025_candidates_unified.xlsx
local_2025,__main__,pr,gakharia,„გახარია საქართველოსთვის“,25,,თბილისი,17,,მალხაზი,ბაბლიძე,მალხაზი ბაბლიძე,,,adg_2025_candidates_unified.xlsx
local_2025,__main__,pr,gakharia,„გახარია საქართველოსთვის“,25,,თბილისი,18,,ელისო,გაბადაძე,ელისო გაბადაძე,,,adg_2025_candidates_unified.xlsx
local_2025,__main__,pr,gakharia,„გახარია საქართველოსთვის“,25,,თბილისი,19,,გიორგი,გოგოხია,გიორგი გოგოხია,,,adg_2025_candidates_unified.xlsx
local_2025,__main__,pr,gakharia,„გახარია საქართველოსთვის“,25,,თბილისი,20,,მარინე,გაფრინდაშვილი,მარინე გაფრინდაშვილი,,,adg_2025_candidates_unified.xlsx
local_2025,__main__,pr,gakharia,„გახარია საქართველოსთვის“,25,,თბილისი,21,,თენგიზი,მანჯავიძე,თენგიზი მანჯავიძე,,,adg_2025_candidates_unified.xlsx
local_2025,__main__,pr,gakharia,„გახარია საქართველოსთვის“,25,,თბილისი,22,,მედეია,ჩიტაიშვილი,მედეია ჩიტაიშვილი,,,adg_2025_candidates_unified.xlsx
local_2025,__main__,pr,gakharia,„გახარია საქართველოსთვის“,25,,თბილისი,23,,გიორგი,ჭოჭუა,გიორგი ჭოჭუა,,,adg_2025_candidates_unified.xlsx
local_2025,__main__,pr,gakharia,„გახარია საქართველოსთვის“,25,,თბილისი,24,,ქეთევან,კობალაძე,ქეთევან კობალაძე,,,adg_2025_candidates_unified.xlsx
local_2025,__main__,pr,gakharia,„გახარია საქართველოსთვის“,25,,თბილისი,25,,ზურაბ,ცერცვაძე,ზურაბ ცერცვაძე,,,adg_2025_candidates_unified.xlsx
local_2025,__main__,pr,gakharia,„გახარია საქართველოსთვის“,25,,თბილისი,26,,ირაკლი,ხორგუანი,ირაკლი ხორგუანი,,,adg_2025_candidates_unified.xlsx
local_2025,__main__,pr,gakharia,„გახარია საქართველოსთვის“,25,,თბილისი,27,,მაკა,გამცემლიძე,მაკა გამცემლიძე,,,adg_2025_candidates_unified.xlsx
local_2025,__main__,pr,gakharia,„გახარია საქართველოსთვის“,25,,თბილისი,28,,ვლადიმერ,მინდიაშვილი,ვლადიმერ მინდიაშვილი,,,adg_2025_candidates_unified.xlsx
local_2025,__main__,pr,gakharia,„გახარია საქართველოსთვის“,25,,თბილისი,29,,თამარი,ბერიძე,თამარი ბერიძე,,,adg_2025_candidates_unified.xlsx
local_2025,__main__,pr,gakharia,„გახარია საქართველოსთვის“,25,,თბილისი,30,,ალექსანდრე,მხატვრიშვილი,ალექსანდრე მხატვრიშვილი,,,adg_2025_candidates_unified.xlsx
local_2025,__main__,pr,gakharia,„გახარია საქართველოსთვის“,25,,თბილისი,31,,ნანა,გაფრინდაშვილი,ნანა გაფრინდაშვილი,,,adg_2025_candidates_unified.xlsx
local_2025,__main__,pr,gakharia,„გახარია საქართველოსთვის“,25,,თბილისი,32,,არნოლდ,ხორგუანი,არნოლდ ხორგუანი,,,adg_2025_candidates_unified.xlsx
local_2025,__main__,pr,gakharia,„გახარია საქართველოსთვის“,25,,თბილისი,33,,თეა,ვაჭარაძე,თეა ვაჭარაძე,,,adg_2025_candidates_unified.xlsx
local_2025,__main__,pr,gakharia,„გახარია საქართველოსთვის“,25,,თბილისი,35,,ნატაშა,გოგოლაძე,ნატაშა გოგოლაძე,,,adg_2025_candidates_unified.xlsx
local_2025,__main__,pr,gakharia,„გახარია საქართველოსთვის“,25,,თბილისი,36,,რომანი,ბოკერია,რომანი ბოკერია,,,adg_2025_candidates_unified.xlsx
local_2025,__main__,pr,gakharia,„გახარია საქართველოსთვის“,25,,თბილისი,37,,ირმა,მარკოზაშვილი,ირმა მარკოზაშვილი,,,adg_2025_candidates_unified.xlsx
local_2025,__main__,pr,gakharia,„გახარია საქართველოსთვის“,25,,თბილისი,38,,ნათია,თოფჩიშვილი,ნათია თოფჩიშვილი,,,adg_2025_candidates_unified.xlsx
local_2025,__main__,pr,gakharia,„გახარია საქართველოსთვის“,25,,თბილისი,39,,თენგიზ,ჭყოიძე,თენგიზ ჭყოიძე,,,adg_2025_candidates_unified.xlsx
local_2025,__main__,pr,gakharia,„გახარია საქართველოსთვის“,25,,თბილისი,40,,ნადეჟდა,მხეიძე,ნადეჟდა მხეიძე,,,adg_2025_candidates_unified.xlsx
local_2025,__main__,pr,gakharia,„გახარია საქართველოსთვის“,25,,თბილისი,41,,ლაშა,ქერაშვილი,ლაშა ქერაშვილი,,,adg_2025_candidates_unified.xlsx
local_2025,__main__,pr,gakharia,„გახარია საქართველოსთვის“,25,,თბილისი,42,,ანი,მელიქიშვილი,ანი მელიქიშვილი,,,adg_2025_candidates_unified.xlsx
local_2025,__main__,pr,gakharia,„გახარია საქართველოსთვის“,25,,თბილისი,43,,ნინო,ოქროაძე,ნინო ოქროაძე,,,adg_2025_candidates_unified.xlsx
local_2025,__main__,pr,gakharia,„გახარია საქართველოსთვის“,25,,თბილისი,44,,ნიკოლოზ,ბერიძე,ნიკოლოზ ბერიძე,,,adg_2025_candidates_unified.xlsx
local_2025,__main__,pr,gakharia,„გახარია საქართველოსთვის“,25,,თბილისი,45,,ხათუნა,ხაჩიძე,ხათუნა ხაჩიძე,,,adg_2025_candidates_unified.xlsx
local_2025,__main__,pr,gakharia,„გახარია საქართველოსთვის“,25,,თბილისი,46,,ნინო,არღვლიანი,ნინო არღვლიანი,,,adg_2025_candidates_unified.xlsx
local_2025,__main__,pr,gakharia,„გახარია საქართველოსთვის“,25,,თბილისი,47,,გულჯანი,ბოკერია,გულჯანი ბოკერია,,,adg_2025_candidates_unified.xlsx
local_2025,__main__,pr,gakharia,„გახარია საქართველოსთვის“,25,,თბილისი,48,,ალდა,დალაქიშვილი,ალდა დალაქიშვილი,,,adg_2025_candidates_unified.xlsx
local_2025,__main__,pr,gakharia,„გახარია საქართველოსთვის“,25,,თბილისი,49,,ლია,ქერაშვილი,ლია ქერაშვილი,,,adg_2025_candidates_unified.xlsx
local_2025,__main__,pr,gakharia,„გახარია საქართველოსთვის“,25,,თბილისი,50,,დიანა,გაბადაძე,დიანა გაბადაძე,,,adg_2025_candidates_unified.xlsx
local_2025,__main__,pr,gakharia,„გახარია საქართველოსთვის“,25,,თბილისი,51,,შუშანა,გოგოლაძე,შუშანა გოგოლაძე,,,adg_2025_candidates_unified.xlsx
local_2025,__main__,pr,gakharia,„გახარია საქართველოსთვის“,25,,თბილისი,52,,ინეზა,დოხნაძე,ინეზა დოხნაძე,,,adg_2025_candidates_unified.xlsx
local_2025,__main__,pr,gakharia,„გახარია საქართველოსთვის“,25,,თბილისი,53,,ნინო,გოგორიშვილი,ნინო გოგორიშვილი,,,adg_2025_candidates_unified.xlsx
local_2025,__main__,pr,gakharia,„გახარია საქართველოსთვის“,25,,თბილისი,54,,მალხაზ,ფარეიშვილი,მალხაზ ფარეიშვილი,,,adg_2025_candidates_unified.xlsx
local_2025,__main__,pr,gakharia,„გახარია საქართველოსთვის“,25,,თბილისი,55,,როლანდი,უდესიანი,როლანდი უდესიანი,,,adg_2025_candidates_unified.xlsx
local_2025,__main__,pr,gakharia,„გახარია საქართველოსთვის“,25,,თბილისი,56,,ია,გომარელი,ია გომარელი,,,adg_2025_candidates_unified.xlsx
local_2025,__main__,pr,gakharia,„გახარია საქართველოსთვის“,25,,თბილისი,57,,ნათია,ფლიონაშვილი,ნათია ფლიონაშვილი,,,adg_2025_candidates_unified.xlsx
local_2025,__main__,pr,girchi,გირჩი,36,,თბილისი,1,,დავით,ფანჯაკიძე,დავით ფანჯაკიძე,,,adg_2025_candidates_unified.xlsx
local_2025,__main__,pr,girchi,გირჩი,36,,თბილისი,2,,გიორგი,გვენეტაძე,გიორგი გვენეტაძე,,,adg_2025_candidates_unified.xlsx
local_2025,__main__,pr,girchi,გირჩი,36,,თბილისი,3,,ეკა,ონიანი,ეკა ონიანი,,,adg_2025_candidates_unified.xlsx
local_2025,__main__,pr,girchi,გირჩი,36,,თბილისი,4,,ნუგზარ,კაპანაძე,ნუგზარ კაპანაძე,,,adg_2025_candidates_unified.xlsx
local_2025,__main__,pr,girchi,გირჩი,36,,თბილისი,5,,ზურაბი,ბუხნიკაშვილი,ზურაბი ბუხნიკაშვილი,,,adg_2025_candidates_unified.xlsx
local_2025,__main__,pr,girchi,გირჩი,36,,თბილისი,6,,ოთარ,ზაკალაშვილი,ოთარ ზაკალაშვილი,,,adg_2025_candidates_unified.xlsx
local_2025,__main__,pr,girchi,გირჩი,36,,თბილისი,7,,გიორგი,ჭაუჭიძე,გიორგი ჭაუჭიძე,,,adg_2025_candidates_unified.xlsx
local_2025,__main__,pr,girchi,გირჩი,36,,თბილისი,8,,ნიკოლოზ,ნადირაძე,ნიკოლოზ ნადირაძე,,,adg_2025_candidates_unified.xlsx
local_2025,__main__,pr,girchi,გირჩი,36,,თბილისი,9,,ანრი,გიგუაშვილი,ანრი გიგუაშვილი,,,adg_2025_candidates_unified.xlsx
local_2025,__main__,pr,girchi,გირჩი,36,,თბილისი,10,,ნიკო,ნიკოლაძე,ნიკო ნიკოლაძე,,,adg_2025_candidates_unified.xlsx
local_2025,__main__,pr,girchi,გირჩი,36,,თბილისი,11,,ცოტნე,ფიფია,ცოტნე ფიფია,,,adg_2025_candidates_unified.xlsx
local_2025,__main__,pr,girchi,გირჩი,36,,თბილისი,12,,ირაკლი,ეხვაია,ირაკლი ეხვაია,,,adg_2025_candidates_unified.xlsx
local_2025,__main__,pr,girchi,გირჩი,36,,თბილისი,13,,ბექა,მუზაშვილი,ბექა მუზაშვილი,,,adg_2025_candidates_unified.xlsx
local_2025,__main__,pr,girchi,გირჩი,36,,თბილისი,14,,ლაშა,ხვიჩია,ლაშა ხვიჩია,,,adg_2025_candidates_unified.xlsx
local_2025,__main__,pr,girchi,გირჩი,36,,თბილისი,15,,ბორის,სოლომონია,ბორის სოლომონია,,,adg_2025_candidates_unified.xlsx
local_2025,__main__,pr,girchi,გირჩი,36,,თბილისი,16,,ნათია,გიგაური,ნათია გიგაური,,,adg_2025_candidates_unified.xlsx
local_2025,__main__,pr,girchi,გირჩი,36,,თბილისი,17,,მაია,ჩარჩხალია,მაია ჩარჩხალია,,,adg_2025_candidates_unified.xlsx
local_2025,__main__,pr,girchi,გირჩი,36,,თბილისი,18,,ავთანდილ,ჩხეტია,ავთანდილ ჩხეტია,,,adg_2025_candidates_unified.xlsx
local_2025,__main__,pr,girchi,გირჩი,36,,თბილისი,19,,ირაკლი,ჭიღვარია,ირაკლი ჭიღვარია,,,adg_2025_candidates_unified.xlsx
local_2025,__main__,pr,girchi,გირჩი,36,,თბილისი,20,,ედუარდი,შავაძე,ედუარდი შავაძე,,,adg_2025_candidates_unified.xlsx
local_2025,__main__,pr,girchi,გირჩი,36,,თბილისი,21,,მალხაზ,ფხალაძე,მალხაზ ფხალაძე,,,adg_2025_candidates_unified.xlsx
local_2025,__main__,pr,girchi,გირჩი,36,,თბილისი,22,,დავით,მეტრეველი,დავით მეტრეველი,,,adg_2025_candidates_unified.xlsx
local_2025,__main__,pr,girchi,გირჩი,36,,თბილისი,23,,ალექსანდრე,ჯიქია,ალექსანდრე ჯიქია,,,adg_2025_candidates_unified.xlsx
local_2025,__main__,pr,girchi,გირჩი,36,,თბილისი,24,,სანდრო,სიდამონიძე,სანდრო სიდამონიძე,,,adg_2025_candidates_unified.xlsx
local_2025,__main__,pr,girchi,გირჩი,36,,თბილისი,25,,თამაზ,თიკანაძე,თამაზ თიკანაძე,,,adg_2025_candidates_unified.xlsx
local_2025,__main__,pr,girchi,გირჩი,36,,თბილისი,26,,გიორგი,ახობაძე,გიორგი ახობაძე,,,adg_2025_candidates_unified.xlsx
local_2025,__main__,pr,girchi,გირჩი,36,,თბილისი,27,,თამარ,ნანობაშვილი,თამარ ნანობაშვილი,,,adg_2025_candidates_unified.xlsx
local_2025,__main__,pr,girchi,გირჩი,36,,თბილისი,28,,თეონა,საური,თეონა საური,,,adg_2025_candidates_unified.xlsx
local_2025,__main__,pr,girchi,გირჩი,36,,თბილისი,29,,სიმონი,ათოშვილი,სიმონი ათოშვილი,,,adg_2025_candidates_unified.xlsx
local_2025,__main__,pr,girchi,გირჩი,36,,თბილისი,30,,ირაკლი,მუტაფიან,ირაკლი მუტაფიან,,,adg_2025_candidates_unified.xlsx
local_2025,__main__,pr,girchi,გირჩი,36,,თბილისი,31,,ნიკოლოზ,ნანიტაშვილი,ნიკოლოზ ნანიტაშვილი,,,adg_2025_candidates_unified.xlsx
local_2025,__main__,pr,girchi,გირჩი,36,,თბილისი,32,,მარიამ,მიგრიაული,მარიამ მიგრიაული,,,adg_2025_candidates_unified.xlsx
local_2025,__main__,pr,girchi,გირჩი,36,,თბილისი,33,,მაია,აბუსერიძე,მაია აბუსერიძე,,,adg_2025_candidates_unified.xlsx
local_2025,__main__,pr,girchi,გირჩი,36,,თბილისი,34,,ილია,მეფარიშვილი,ილია მეფარიშვილი,,,adg_2025_candidates_unified.xlsx
local_2025,__main__,pr,girchi,გირჩი,36,,თბილისი,35,,ნინო,ჭელიძე,ნინო ჭელიძე,,,adg_2025_candidates_unified.xlsx
local_2025,__main__,pr,girchi,გირჩი,36,,თბილისი,36,,ანა,ტერენტევა,ანა ტერენტევა,,,adg_2025_candidates_unified.xlsx
local_2025,__main__,pr,girchi,გირჩი,36,,თბილისი,37,,ბექა,გიორგობიანი,ბექა გიორგობიანი,,,adg_2025_candidates_unified.xlsx
local_2025,__main__,pr,girchi,გირჩი,36,,თბილისი,38,,ნატალია,კურტანიძე,ნატალია კურტანიძე,,,adg_2025_candidates_unified.xlsx
local_2025,__main__,pr,girchi,გირჩი,36,,თბილისი,39,,რატი,ცხაკაია,რატი ცხაკაია,,,adg_2025_candidates_unified.xlsx
local_2025,__main__,pr,girchi,გირჩი,36,,თბილისი,40,,გოდერძი,კოპალეიშვილი,გოდერძი კოპალეიშვილი,,,adg_2025_candidates_unified.xlsx
local_2025,__main__,pr,girchi,გირჩი,36,,თბილისი,41,,დავით,დიდებაშვილი,დავით დიდებაშვილი,,,adg_2025_candidates_unified.xlsx
local_2025,__main__,pr,girchi,გირჩი,36,,თბილისი,42,,თათია,თოლორდავა,თათია თოლორდავა,,,adg_2025_candidates_unified.xlsx
local_2025,__main__,pr,girchi,გირჩი,36,,თბილისი,43,,რომეო,ბეჭვაია,რომეო ბეჭვაია,,,adg_2025_candidates_unified.xlsx
local_2025,__main__,pr,girchi,გირჩი,36,,თბილისი,44,,მიხეილ,მაისურაძე,მიხეილ მაისურაძე,,,adg_2025_candidates_unified.xlsx
local_2025,__main__,pr,girchi,გირჩი,36,,თბილისი,45,,კარლო,ცერცვაძე,კარლო ცერცვაძე,,,adg_2025_candidates_unified.xlsx
local_2025,__main__,pr,girchi,გირჩი,36,,თბილისი,46,,თინათინი,გელაშვილი,თინათინი გელაშვილი,,,adg_2025_candidates_unified.xlsx
local_2025,__main__,pr,girchi,გირჩი,36,,თბილისი,47,,ლაშა,ნანობაშვილი,ლაშა ნანობაშვილი,,,adg_2025_candidates_unified.xlsx
local_2025,__main__,pr,girchi,გირჩი,36,,თბილისი,48,,ალექსანდრე,ყანჩაველი,ალექსანდრე ყანჩაველი,,,adg_2025_candidates_unified.xlsx
local_2025,__main__,pr,girchi,გირჩი,36,,თბილისი,49,,არჩილ,რამიშვილი,არჩილ რამიშვილი,,,adg_2025_candidates_unified.xlsx
local_2025,__main__,pr,girchi,გირჩი,36,,თბილისი,50,,ია,ჯოჯუა,ია ჯოჯუა,,,adg_2025_candidates_unified.xlsx
local_2025,__main__,pr,girchi,გირჩი,36,,თბილისი,51,,მაია,გულბანი,მაია გულბანი,,,adg_2025_candidates_unified.xlsx
local_2025,__main__,pr,girchi,გირჩი,36,,თბილისი,52,,მერაბ,ხაჩატურიანი,მერაბ ხაჩატურიანი,,,adg_2025_candidates_unified.xlsx
local_2025,__main__,pr,girchi,გირჩი,36,,თბილისი,53,,გურამი,ნაჭყეპიანი,გურამი ნაჭყეპიანი,,,adg_2025_candidates_unified.xlsx
local_2025,__main__,pr,girchi,გირჩი,36,,თბილისი,54,,მზია,ბენდელიანი,მზია ბენდელიანი,,,adg_2025_candidates_unified.xlsx
local_2025,__main__,pr,gd,ქართული ოცნება,41,,თბილისი,1,,შალვა,სუთიაშვილი,შალვა სუთიაშვილი,,,adg_2025_candidates_unified.xlsx
local_2025,__main__,pr,gd,ქართული ოცნება,41,,თბილისი,2,,თინათინ,ნიბლოშვილი,თინათინ ნიბლოშვილი,,,adg_2025_candidates_unified.xlsx
local_2025,__main__,pr,gd,ქართული ოცნება,41,,თბილისი,3,,ბექა,დავითულიანი,ბექა დავითულიანი,,,adg_2025_candidates_unified.xlsx
local_2025,__main__,pr,gd,ქართული ოცნება,41,,თბილისი,4,,გურამ,ნიკოლაშვილი,გურამ ნიკოლაშვილი,,,adg_2025_candidates_unified.xlsx
local_2025,__main__,pr,gd,ქართული ოცნება,41,,თბილისი,5,,ნიკოლოზ,კახეთელიძე,ნიკოლოზ კახეთელიძე,,,adg_2025_candidates_unified.xlsx
local_2025,__main__,pr,gd,ქართული ოცნება,41,,თბილისი,6,,ნინო,ვარდოსანიძე,ნინო ვარდოსანიძე,,,adg_2025_candidates_unified.xlsx
local_2025,__main__,pr,gd,ქართული ოცნება,41,,თბილისი,7,,ავთანდილ,ცინცაძე,ავთანდილ ცინცაძე,,,adg_2025_candidates_unified.xlsx
local_2025,__main__,pr,gd,ქართული ოცნება,41,,თბილისი,8,,კონსტანტინე,ზარნაძე,კონსტანტინე ზარნაძე,,,adg_2025_candidates_unified.xlsx
local_2025,__main__,pr,gd,ქართული ოცნება,41,,თბილისი,9,,ბექა,ოდიშარია,ბექა ოდიშარია,,,adg_2025_candidates_unified.xlsx
local_2025,__main__,pr,gd,ქართული ოცნება,41,,თბილისი,10,,ოთარ,ჩრდილელი,ოთარ ჩრდილელი,,,adg_2025_candidates_unified.xlsx
local_2025,__main__,pr,gd,ქართული ოცნება,41,,თბილისი,11,,გიორგი,ხუროძე,გიორგი ხუროძე,,,adg_2025_candidates_unified.xlsx
local_2025,__main__,pr,gd,ქართული ოცნება,41,,თბილისი,12,,კახა,ბერაძე,კახა ბერაძე,,,adg_2025_candidates_unified.xlsx
local_2025,__main__,pr,gd,ქართული ოცნება,41,,თბილისი,13,,ლევან,არველაძე,ლევან არველაძე,,,adg_2025_candidates_unified.xlsx
local_2025,__main__,pr,gd,ქართული ოცნება,41,,თბილისი,14,,ლევან,აბაშიძე,ლევან აბაშიძე,,,adg_2025_candidates_unified.xlsx
local_2025,__main__,pr,gd,ქართული ოცნება,41,,თბილისი,15,,ალექსანდრე,მუკათარიძე,ალექსანდრე მუკათარიძე,,,adg_2025_candidates_unified.xlsx
local_2025,__main__,pr,gd,ქართული ოცნება,41,,თბილისი,16,,ნოდარ,ბოკერია,ნოდარ ბოკერია,,,adg_2025_candidates_unified.xlsx
local_2025,__main__,pr,gd,ქართული ოცნება,41,,თბილისი,17,,მარიამ,გრიგოლიშვილი,მარიამ გრიგოლიშვილი,,,adg_2025_candidates_unified.xlsx
local_2025,__main__,pr,gd,ქართული ოცნება,41,,თბილისი,18,,ლუკა,ძაძამია,ლუკა ძაძამია,,,adg_2025_candidates_unified.xlsx
local_2025,__main__,pr,gd,ქართული ოცნება,41,,თბილისი,19,,ქეთევან,ჭავჭანიძე,ქეთევან ჭავჭანიძე,,,adg_2025_candidates_unified.xlsx
local_2025,__main__,pr,gd,ქართული ოცნება,41,,თბილისი,20,,ლეილა,კოლომიკოვი,ლეილა კოლომიკოვი,,,adg_2025_candidates_unified.xlsx
local_2025,__main__,pr,gd,ქართული ოცნება,41,,თბილისი,21,,ზურაბ,აბაშიძე,ზურაბ აბაშიძე,,,adg_2025_candidates_unified.xlsx
local_2025,__main__,pr,gd,ქართული ოცნება,41,,თბილისი,22,,ალექსანდრე,ასათიანი,ალექსანდრე ასათიანი,,,adg_2025_candidates_unified.xlsx
local_2025,__main__,pr,gd,ქართული ოცნება,41,,თბილისი,23,,ბექა,გელენავა,ბექა გელენავა,,,adg_2025_candidates_unified.xlsx
local_2025,__main__,pr,gd,ქართული ოცნება,41,,თბილისი,24,,შალვა,პერანიძე,შალვა პერანიძე,,,adg_2025_candidates_unified.xlsx
local_2025,__main__,pr,gd,ქართული ოცნება,41,,თბილისი,25,,ბექა,მიქაუტაძე,ბექა მიქაუტაძე,,,adg_2025_candidates_unified.xlsx
local_2025,__main__,pr,gd,ქართული ოცნება,41,,თბილისი,26,,არჩილ,ნიჟარაძე,არჩილ ნიჟარაძე,,,adg_2025_candidates_unified.xlsx
local_2025,__main__,pr,gd,ქართული ოცნება,41,,თბილისი,27,,ლევან,ჯაფარიძე,ლევან ჯაფარიძე,,,adg_2025_candidates_unified.xlsx
local_2025,__main__,pr,gd,ქართული ოცნება,41,,თბილისი,28,,კახაბერი,ლაბუჩიძე,კახაბერი ლაბუჩიძე,,,adg_2025_candidates_unified.xlsx
local_2025,__main__,pr,gd,ქართული ოცნება,41,,თბილისი,29,,დავითი,ხაბეიშვილი,დავითი ხაბეიშვილი,,,adg_2025_candidates_unified.xlsx
local_2025,__main__,pr,gd,ქართული ოცნება,41,,თბილისი,30,,ბექა,მენთეშაშვილი,ბექა მენთეშაშვილი,,,adg_2025_candidates_unified.xlsx
local_2025,__main__,pr,gd,ქართული ოცნება,41,,თბილისი,31,,ვაჟა,კოკაია,ვაჟა კოკაია,,,adg_2025_candidates_unified.xlsx
local_2025,__main__,pr,gd,ქართული ოცნება,41,,თბილისი,32,,გიორგი,დოხტურიშვილი,გიორგი დოხტურიშვილი,,,adg_2025_candidates_unified.xlsx
local_2025,__main__,pr,gd,ქართული ოცნება,41,,თბილისი,33,,ზაქარია,წიკლაური,ზაქარია წიკლაური,,,adg_2025_candidates_unified.xlsx
local_2025,__main__,pr,gd,ქართული ოცნება,41,,თბილისი,34,,მამუკა,ხაბარელი,მამუკა ხაბარელი,,,adg_2025_candidates_unified.xlsx
local_2025,__main__,pr,gd,ქართული ოცნება,41,,თბილისი,35,,ზურაბ,ჩიკვილაძე,ზურაბ ჩიკვილაძე,,,adg_2025_candidates_unified.xlsx
local_2025,__main__,pr,gd,ქართული ოცნება,41,,თბილისი,36,,გივი,ჩხარტიშვილი,გივი ჩხარტიშვილი,,,adg_2025_candidates_unified.xlsx
local_2025,__main__,pr,gd,ქართული ოცნება,41,,თბილისი,37,,შოთა,ქევხიშვილი,შოთა ქევხიშვილი,,,adg_2025_candidates_unified.xlsx
local_2025,__main__,pr,gd,ქართული ოცნება,41,,თბილისი,38,,დავით,ჭელიძე,დავით ჭელიძე,,,adg_2025_candidates_unified.xlsx
local_2025,__main__,pr,gd,ქართული ოცნება,41,,თბილისი,39,,შალვა,მაისურაძე,შალვა მაისურაძე,,,adg_2025_candidates_unified.xlsx
local_2025,__main__,pr,gd,ქართული ოცნება,41,,თბილისი,40,,ვალერიან,პაპუაშვილი,ვალერიან პაპუაშვილი,,,adg_2025_candidates_unified.xlsx
local_2025,__main__,pr,gd,ქართული ოცნება,41,,თბილისი,41,,ირაკლი,ბენდელიანი,ირაკლი ბენდელიანი,,,adg_2025_candidates_unified.xlsx
local_2025,__main__,pr,gd,ქართული ოცნება,41,,თბილისი,42,,შალვა,ოგბაიძე,შალვა ოგბაიძე,,,adg_2025_candidates_unified.xlsx
local_2025,__main__,pr,gd,ქართული ოცნება,41,,თბილისი,43,,მიხეილ,რეხვიაშვილი,მიხეილ რეხვიაშვილი,,,adg_2025_candidates_unified.xlsx
local_2025,__main__,pr,gd,ქართული ოცნება,41,,თბილისი,44,,ჯაბა,კოღუა,ჯაბა კოღუა,,,adg_2025_candidates_unified.xlsx
local_2025,__main__,pr,gd,ქართული ოცნება,41,,თბილისი,45,,ცოტნე,ჩიქვინიძე,ცოტნე ჩიქვინიძე,,,adg_2025_candidates_unified.xlsx
local_2025,__main__,pr,gd,ქართული ოცნება,41,,თბილისი,46,,ომარი,გაბრიჩიძე,ომარი გაბრიჩიძე,,,adg_2025_candidates_unified.xlsx
local_2025,__main__,pr,gd,ქართული ოცნება,41,,თბილისი,47,,ნიკოლოზი,ჭუჭულაშვილი,ნიკოლოზი ჭუჭულაშვილი,,,adg_2025_candidates_unified.xlsx
local_2025,__main__,pr,gd,ქართული ოცნება,41,,თბილისი,48,,ზურაბი,ქავთარია,ზურაბი ქავთარია,,,adg_2025_candidates_unified.xlsx
local_2025,__main__,pr,gd,ქართული ოცნება,41,,თბილისი,49,,საბა,გორგაძე,საბა გორგაძე,,,adg_2025_candidates_unified.xlsx
local_2025,__main__,pr,gd,ქართული ოცნება,41,,თბილისი,50,,გიორგი,შუკვანი,გიორგი შუკვანი,,,adg_2025_candidates_unified.xlsx
local_2025,__main__,pr,gd,ქართული ოცნება,41,,თბილისი,51,,ნიკოლოზი,მელიქიშვილი,ნიკოლოზი მელიქიშვილი,,,adg_2025_candidates_unified.xlsx
local_2025,__main__,pr,gd,ქართული ოცნება,41,,თბილისი,52,,ნიკოლოზ,გაგაძე,ნიკოლოზ გაგაძე,,,adg_2025_candidates_unified.xlsx
local_2025,__main__,pr,gd,ქართული ოცნება,41,,თბილისი,53,,დავითი,არჩვაძე,დავითი არჩვაძე,,,adg_2025_candidates_unified.xlsx
local_2025,__main__,pr,gd,ქართული ოცნება,41,,თბილისი,54,,ირაკლი,ბანძავა,ირაკლი ბანძავა,,,adg_2025_candidates_unified.xlsx
local_2025,__main__,pr,gd,ქართული ოცნება,41,,თბილისი,55,,ზურაბ,კირვალიძე,ზურაბ კირვალიძე,,,adg_2025_candidates_unified.xlsx
local_2025,__main__,pr,gd,ქართული ოცნება,41,,თბილისი,56,,საბა,მინდიაშვილი,საბა მინდიაშვილი,,,adg_2025_candidates_unified.xlsx
local_2025,__main__,pr,mamuli_ena,"„მამული, ენა, სარწმუნოება“",1,,თბილისი,1,,ზაურ,ხაჩიძე,ზაურ ხაჩიძე,,,adg_2025_candidates_unified.xlsx
local_2025,__main__,pr,mamuli_ena,"„მამული, ენა, სარწმუნოება“",1,,თბილისი,2,,ამირან,ამირანაშვილი,ამირან ამირანაშვილი,,,adg_2025_candidates_unified.xlsx
local_2025,__main__,pr,mamuli_ena,"„მამული, ენა, სარწმუნოება“",1,,თბილისი,3,,ირაკლი,გელაშვილი,ირაკლი გელაშვილი,,,adg_2025_candidates_unified.xlsx
local_2025,__main__,pr,mamuli_ena,"„მამული, ენა, სარწმუნოება“",1,,თბილისი,4,,გურამ,ტარტარაშვილი,გურამ ტარტარაშვილი,,,adg_2025_candidates_unified.xlsx
local_2025,__main__,pr,mamuli_ena,"„მამული, ენა, სარწმუნოება“",1,,თბილისი,5,,ლია,მაღრაძე,ლია მაღრაძე,,,adg_2025_candidates_unified.xlsx
local_2025,__main__,pr,mamuli_ena,"„მამული, ენა, სარწმუნოება“",1,,თბილისი,6,,ზაური,ცერცვაძე,ზაური ცერცვაძე,,,adg_2025_candidates_unified.xlsx
local_2025,__main__,pr,mamuli_ena,"„მამული, ენა, სარწმუნოება“",1,,თბილისი,7,,გურამ,კუპატაძე,გურამ კუპატაძე,,,adg_2025_candidates_unified.xlsx
local_2025,__main__,pr,mamuli_ena,"„მამული, ენა, სარწმუნოება“",1,,თბილისი,8,,დალი,ბაჩალიაშვილი,დალი ბაჩალიაშვილი,,,adg_2025_candidates_unified.xlsx
local_2025,__main__,pr,mamuli_ena,"„მამული, ენა, სარწმუნოება“",1,,თბილისი,9,,მორისონ,ქობულია,მორისონ ქობულია,,,adg_2025_candidates_unified.xlsx
local_2025,__main__,pr,mamuli_ena,"„მამული, ენა, სარწმუნოება“",1,,თბილისი,10,,მიხეილ,ხაჩიძე,მიხეილ ხაჩიძე,,,adg_2025_candidates_unified.xlsx
local_2025,__main__,pr,mamuli_ena,"„მამული, ენა, სარწმუნოება“",1,,თბილისი,11,,მაია,დვალი,მაია დვალი,,,adg_2025_candidates_unified.xlsx
local_2025,__main__,pr,mamuli_ena,"„მამული, ენა, სარწმუნოება“",1,,თბილისი,12,,ელენე,ცერცვაძე,ელენე ცერცვაძე,,,adg_2025_candidates_unified.xlsx
local_2025,__main__,pr,mamuli_ena,"„მამული, ენა, სარწმუნოება“",1,,თბილისი,13,,ბესარიონი,რაზმაძე,ბესარიონი რაზმაძე,,,adg_2025_candidates_unified.xlsx
local_2025,__main__,pr,mamuli_ena,"„მამული, ენა, სარწმუნოება“",1,,თბილისი,14,,ქეთევან,ტრაპაიძე,ქეთევან ტრაპაიძე,,,adg_2025_candidates_unified.xlsx
local_2025,__main__,pr,mamuli_ena,"„მამული, ენა, სარწმუნოება“",1,,თბილისი,15,,ზურაბ,მამულაშვილი,ზურაბ მამულაშვილი,,,adg_2025_candidates_unified.xlsx
local_2025,__main__,pr,mamuli_ena,"„მამული, ენა, სარწმუნოება“",1,,თბილისი,16,,ზურაბი,ჩიკვაიძე,ზურაბი ჩიკვაიძე,,,adg_2025_candidates_unified.xlsx
local_2025,__main__,pr,mamuli_ena,"„მამული, ენა, სარწმუნოება“",1,,თბილისი,17,,კლარა,ხაჭაპურიძე,კლარა ხაჭაპურიძე,,,adg_2025_candidates_unified.xlsx
local_2025,__main__,pr,mamuli_ena,"„მამული, ენა, სარწმუნოება“",1,,თბილისი,18,,ზაქარია,გურული,ზაქარია გურული,,,adg_2025_candidates_unified.xlsx
local_2025,__main__,pr,mamuli_ena,"„მამული, ენა, სარწმუნოება“",1,,თბილისი,19,,ლევან,გულუაშვილი,ლევან გულუაშვილი,,,adg_2025_candidates_unified.xlsx
local_2025,__main__,pr,mamuli_ena,"„მამული, ენა, სარწმუნოება“",1,,თბილისი,20,,გიორგი,ქუთათელაძე,გიორგი ქუთათელაძე,,,adg_2025_candidates_unified.xlsx
local_2025,__main__,pr,mamuli_ena,"„მამული, ენა, სარწმუნოება“",1,,თბილისი,21,,ვლადიმერ,გოროზია,ვლადიმერ გოროზია,,,adg_2025_candidates_unified.xlsx
local_2025,__main__,pr,mamuli_ena,"„მამული, ენა, სარწმუნოება“",1,,თბილისი,22,,შავლეგი,ჭყოიძე,შავლეგი ჭყოიძე,,,adg_2025_candidates_unified.xlsx
local_2025,__main__,pr,mamuli_ena,"„მამული, ენა, სარწმუნოება“",1,,თბილისი,23,,არჩილ,ოთარაშვილი,არჩილ ოთარაშვილი,,,adg_2025_candidates_unified.xlsx
local_2025,__main__,pr,mamuli_ena,"„მამული, ენა, სარწმუნოება“",1,,თბილისი,24,,დავით,ელაშვილი,დავით ელაშვილი,,,adg_2025_candidates_unified.xlsx
local_2025,__main__,pr,mamuli_ena,"„მამული, ენა, სარწმუნოება“",1,,თბილისი,25,,ნუგზარ,ხვედელიძე,ნუგზარ ხვედელიძე,,,adg_2025_candidates_unified.xlsx
local_2025,__main__,pr,mamuli_ena,"„მამული, ენა, სარწმუნოება“",1,,თბილისი,26,,ჯემალ,ელაშვილი,ჯემალ ელაშვილი,,,adg_2025_candidates_unified.xlsx
local_2025,__main__,pr,mamuli_ena,"„მამული, ენა, სარწმუნოება“",1,,თბილისი,28,,გიორგი,მეგრელიშვილი,გიორგი მეგრელიშვილი,,,adg_2025_candidates_unified.xlsx
local_2025,__main__,pr,mamuli_ena,"„მამული, ენა, სარწმუნოება“",1,,თბილისი,29,,ზაზა,ბასიშვილი,ზაზა ბასიშვილი,,,adg_2025_candidates_unified.xlsx
local_2025,__main__,pr,mamuli_ena,"„მამული, ენა, სარწმუნოება“",1,,თბილისი,30,,სოსო,გვილავა,სოსო გვილავა,,,adg_2025_candidates_unified.xlsx
local_2025,__main__,pr,mamuli_ena,"„მამული, ენა, სარწმუნოება“",1,,თბილისი,31,,აკაკი,უჩავა,აკაკი უჩავა,,,adg_2025_candidates_unified.xlsx
local_2025,__main__,pr,mamuli_ena,"„მამული, ენა, სარწმუნოება“",1,,თბილისი,32,,გივი,კანკავა,გივი კანკავა,,,adg_2025_candidates_unified.xlsx
local_2025,__main__,pr,mamuli_ena,"„მამული, ენა, სარწმუნოება“",1,,თბილისი,33,,ლევან,მერებაშვილი,ლევან მერებაშვილი,,,adg_2025_candidates_unified.xlsx
local_2025,__main__,pr,mamuli_ena,"„მამული, ენა, სარწმუნოება“",1,,თბილისი,34,,გიორგი,სხილაძე,გიორგი სხილაძე,,,adg_2025_candidates_unified.xlsx
local_2025,__main__,pr,mamuli_ena,"„მამული, ენა, სარწმუნოება“",1,,თბილისი,35,,ვალერი,მელაძე,ვალერი მელაძე,,,adg_2025_candidates_unified.xlsx
local_2025,__main__,pr,mamuli_ena,"„მამული, ენა, სარწმუნოება“",1,,თბილისი,36,,მიხეილ,შენგელია,მიხეილ შენგელია,,,adg_2025_candidates_unified.xlsx
local_2025,__main__,pr,mamuli_ena,"„მამული, ენა, სარწმუნოება“",1,,თბილისი,37,,ომარ,ცხვარაძე,ომარ ცხვარაძე,,,adg_2025_candidates_unified.xlsx
local_2025,__main__,pr,mamuli_ena,"„მამული, ენა, სარწმუნოება“",1,,თბილისი,38,,დავით,ჯორბენაძე,დავით ჯორბენაძე,,,adg_2025_candidates_unified.xlsx
local_2025,__main__,pr,mamuli_ena,"„მამული, ენა, სარწმუნოება“",1,,თბილისი,39,,დავით,ბორჩხაძე,დავით ბორჩხაძე,,,adg_2025_candidates_unified.xlsx
local_2025,__main__,pr,mamuli_ena,"„მამული, ენა, სარწმუნოება“",1,,თბილისი,40,,თეიმურაზ,სტეფანიშვილი,თეიმურაზ სტეფანიშვილი,,,adg_2025_candidates_unified.xlsx
local_2025,__main__,pr,mamuli_ena,"„მამული, ენა, სარწმუნოება“",1,,თბილისი,41,,გივი,მინდიკაური,გივი მინდიკაური,,,adg_2025_candidates_unified.xlsx
local_2025,__main__,pr,mamuli_ena,"„მამული, ენა, სარწმუნოება“",1,,თბილისი,42,,მანანა,ლომჯარია,მანანა ლომჯარია,,,adg_2025_candidates_unified.xlsx
local_2025,__main__,pr,mamuli_ena,"„მამული, ენა, სარწმუნოება“",1,,თბილისი,43,,ფრიდონი,სულთანიშვილი,ფრიდონი სულთანიშვილი,,,adg_2025_candidates_unified.xlsx
local_2025,__main__,pr,mamuli_ena,"„მამული, ენა, სარწმუნოება“",1,,თბილისი,44,,ალექსანდრე,ხუხია,ალექსანდრე ხუხია,,,adg_2025_candidates_unified.xlsx
local_2025,__main__,pr,mamuli_ena,"„მამული, ენა, სარწმუნოება“",1,,თბილისი,45,,იოსებ,მაისაშვილი,იოსებ მაისაშვილი,,,adg_2025_candidates_unified.xlsx
local_2025,__main__,pr,mamuli_ena,"„მამული, ენა, სარწმუნოება“",1,,თბილისი,46,,ირმა,დელონ,ირმა დელონ,,,adg_2025_candidates_unified.xlsx
local_2025,__main__,pr,mamuli_ena,"„მამული, ენა, სარწმუნოება“",1,,თბილისი,47,,გიორგი,ქადაგიშვილი,გიორგი ქადაგიშვილი,,,adg_2025_candidates_unified.xlsx
local_2025,__main__,pr,mamuli_ena,"„მამული, ენა, სარწმუნოება“",1,,თბილისი,48,,გიორგი,ბასილაია,გიორგი ბასილაია,,,adg_2025_candidates_unified.xlsx
local_2025,__main__,pr,mamuli_ena,"„მამული, ენა, სარწმუნოება“",1,,თბილისი,49,,ნოდარ,ჩიგოგიძე,ნოდარ ჩიგოგიძე,,,adg_2025_candidates_unified.xlsx
local_2025,__main__,pr,mamuli_ena,"„მამული, ენა, სარწმუნოება“",1,,თბილისი,50,,იური,ბოკუჩავა,იური ბოკუჩავა,,,adg_2025_candidates_unified.xlsx
local_2025,__main__,pr,mamuli_ena,"„მამული, ენა, სარწმუნოება“",1,,თბილისი,51,,ლაზარე,ბუაჩიძე,ლაზარე ბუაჩიძე,,,adg_2025_candidates_unified.xlsx
local_2025,__main__,pr,mamuli_ena,"„მამული, ენა, სარწმუნოება“",1,,თბილისი,52,,დავით,გაჩეჩილაძე,დავით გაჩეჩილაძე,,,adg_2025_candidates_unified.xlsx
local_2025,__main__,pr,mamuli_ena,"„მამული, ენა, სარწმუნოება“",1,,თბილისი,53,,იანა,ტარტარაშვილი,იანა ტარტარაშვილი,,,adg_2025_candidates_unified.xlsx
local_2025,__main__,pr,mamuli_ena,"„მამული, ენა, სარწმუნოება“",1,,თბილისი,54,,ვაჟა,ბაკაშვილი,ვაჟა ბაკაშვილი,,,adg_2025_candidates_unified.xlsx
local_2025,__main__,pr,mamuli_ena,"„მამული, ენა, სარწმუნოება“",1,,თბილისი,55,,ბეჟანი,შავიძე,ბეჟანი შავიძე,,,adg_2025_candidates_unified.xlsx
local_2025,__main__,pr,mamuli_ena,"„მამული, ენა, სარწმუნოება“",1,,თბილისი,56,,თამარ,შავიძე,თამარ შავიძე,,,adg_2025_candidates_unified.xlsx
local_2025,__main__,pr,mamuli_ena,"„მამული, ენა, სარწმუნოება“",1,,თბილისი,57,,რამაზი,ბეჟანიშვილი,რამაზი ბეჟანიშვილი,,,adg_2025_candidates_unified.xlsx
local_2025,__main__,pr,mamuli_ena,"„მამული, ენა, სარწმუნოება“",1,,თბილისი,58,,ბიძინა,გამრეკელი,ბიძინა გამრეკელი,,,adg_2025_candidates_unified.xlsx
local_2025,__main__,pr,strong_georgia,ძლიერი საქართველო-ლელო,9,,თბილისი,1,,ნიკოლოზ,ჩერქეზიშვილი,ნიკოლოზ ჩერქეზიშვილი,,,adg_2025_candidates_unified.xlsx
local_2025,__main__,pr,strong_georgia,ძლიერი საქართველო-ლელო,9,,თბილისი,2,,ვახტანგ,სურგულაძე,ვახტანგ სურგულაძე,,,adg_2025_candidates_unified.xlsx
local_2025,__main__,pr,strong_georgia,ძლიერი საქართველო-ლელო,9,,თბილისი,3,,ლანა,გალდავა,ლანა გალდავა,,,adg_2025_candidates_unified.xlsx
local_2025,__main__,pr,strong_georgia,ძლიერი საქართველო-ლელო,9,,თბილისი,4,,გიორგი,რეხვიაშვილი,გიორგი რეხვიაშვილი,,,adg_2025_candidates_unified.xlsx
local_2025,__main__,pr,strong_georgia,ძლიერი საქართველო-ლელო,9,,თბილისი,5,,მამუკა,კაციტაძე,მამუკა კაციტაძე,,,adg_2025_candidates_unified.xlsx
local_2025,__main__,pr,strong_georgia,ძლიერი საქართველო-ლელო,9,,თბილისი,6,,რამაზ,მანდარია,რამაზ მანდარია,,,adg_2025_candidates_unified.xlsx
local_2025,__main__,pr,strong_georgia,ძლიერი საქართველო-ლელო,9,,თბილისი,7,,გულო,ზუმბაძე,გულო ზუმბაძე,,,adg_2025_candidates_unified.xlsx
local_2025,__main__,pr,strong_georgia,ძლიერი საქართველო-ლელო,9,,თბილისი,8,,ნინო,ქათამაძე,ნინო ქათამაძე,,,adg_2025_candidates_unified.xlsx
local_2025,__main__,pr,strong_georgia,ძლიერი საქართველო-ლელო,9,,თბილისი,9,,ბექა,ბერიძიშვილი,ბექა ბერიძიშვილი,,,adg_2025_candidates_unified.xlsx
local_2025,__main__,pr,strong_georgia,ძლიერი საქართველო-ლელო,9,,თბილისი,10,,ქეთევან,თურაზაშვილი,ქეთევან თურაზაშვილი,,,adg_2025_candidates_unified.xlsx
local_2025,__main__,pr,strong_georgia,ძლიერი საქართველო-ლელო,9,,თბილისი,11,,ჯუმბერ,ლოლაძე,ჯუმბერ ლოლაძე,,,adg_2025_candidates_unified.xlsx
local_2025,__main__,pr,strong_georgia,ძლიერი საქართველო-ლელო,9,,თბილისი,12,,თამარ,ბოყოველი,თამარ ბოყოველი,,,adg_2025_candidates_unified.xlsx
local_2025,__main__,pr,strong_georgia,ძლიერი საქართველო-ლელო,9,,თბილისი,13,,მანანა,ღვინჯილია,მანანა ღვინჯილია,,,adg_2025_candidates_unified.xlsx
local_2025,__main__,pr,strong_georgia,ძლიერი საქართველო-ლელო,9,,თბილისი,14,,მარიამ,თავაძე,მარიამ თავაძე,,,adg_2025_candidates_unified.xlsx
local_2025,__main__,pr,strong_georgia,ძლიერი საქართველო-ლელო,9,,თბილისი,15,,ლევან,ასლანიშვილი,ლევან ასლანიშვილი,,,adg_2025_candidates_unified.xlsx
local_2025,__main__,pr,strong_georgia,ძლიერი საქართველო-ლელო,9,,თბილისი,16,,ნუკრი,ფოდიაშვილი,ნუკრი ფოდიაშვილი,,,adg_2025_candidates_unified.xlsx
local_2025,__main__,pr,strong_georgia,ძლიერი საქართველო-ლელო,9,,თბილისი,17,,ეკატერინე,გორდეზიანი,ეკატერინე გორდეზიანი,,,adg_2025_candidates_unified.xlsx
local_2025,__main__,pr,strong_georgia,ძლიერი საქართველო-ლელო,9,,თბილისი,18,,რამაზ,ცატავა,რამაზ ცატავა,,,adg_2025_candidates_unified.xlsx
local_2025,__main__,pr,strong_georgia,ძლიერი საქართველო-ლელო,9,,თბილისი,19,,ზანდა,მსხვილიძე,ზანდა მსხვილიძე,,,adg_2025_candidates_unified.xlsx
local_2025,__main__,pr,strong_georgia,ძლიერი საქართველო-ლელო,9,,თბილისი,20,,კახაბერ,ჟღენტი,კახაბერ ჟღენტი,,,adg_2025_candidates_unified.xlsx
local_2025,__main__,pr,strong_georgia,ძლიერი საქართველო-ლელო,9,,თბილისი,21,,ელენე,შარაშენიძე,ელენე შარაშენიძე,,,adg_2025_candidates_unified.xlsx
local_2025,__main__,pr,strong_georgia,ძლიერი საქართველო-ლელო,9,,თბილისი,22,,ლაშა,ცაავა,ლაშა ცაავა,,,adg_2025_candidates_unified.xlsx
local_2025,__main__,pr,strong_georgia,ძლიერი საქართველო-ლელო,9,,თბილისი,23,,ლანა,საყვარელიძე,ლანა საყვარელიძე,,,adg_2025_candidates_unified.xlsx
local_2025,__main__,pr,strong_georgia,ძლიერი საქართველო-ლელო,9,,თბილისი,24,,ანა,ჯაკობია,ანა ჯაკობია,,,adg_2025_candidates_unified.xlsx
local_2025,__main__,pr,strong_georgia,ძლიერი საქართველო-ლელო,9,,თბილისი,25,,ეკა,მესხიშვილი,ეკა მესხიშვილი,,,adg_2025_candidates_unified.xlsx
local_2025,__main__,pr,strong_georgia,ძლიერი საქართველო-ლელო,9,,თბილისი,26,,მათე,მანაგაძე,მათე მანაგაძე,,,adg_2025_candidates_unified.xlsx
local_2025,__main__,pr,strong_georgia,ძლიერი საქართველო-ლელო,9,,თბილისი,27,,ანა,მაჩიტაძე,ანა მაჩიტაძე,,,adg_2025_candidates_unified.xlsx
local_2025,__main__,pr,strong_georgia,ძლიერი საქართველო-ლელო,9,,თბილისი,28,,დინა,გონგლაძე,დინა გონგლაძე,,,adg_2025_candidates_unified.xlsx
local_2025,__main__,pr,strong_georgia,ძლიერი საქართველო-ლელო,9,,თბილისი,29,,მაია,ჭუმბურიძე,მაია ჭუმბურიძე,,,adg_2025_candidates_unified.xlsx
local_2025,__main__,pr,strong_georgia,ძლიერი საქართველო-ლელო,9,,თბილისი,30,,თემურ,არაბიძე,თემურ არაბიძე,,,adg_2025_candidates_unified.xlsx
local_2025,__main__,pr,strong_georgia,ძლიერი საქართველო-ლელო,9,,თბილისი,31,,ზურაბ,გვენეტაძე,ზურაბ გვენეტაძე,,,adg_2025_candidates_unified.xlsx
local_2025,__main__,pr,strong_georgia,ძლიერი საქართველო-ლელო,9,,თბილისი,32,,იუნონა,ჩხიკვაძე,იუნონა ჩხიკვაძე,,,adg_2025_candidates_unified.xlsx
local_2025,__main__,pr,strong_georgia,ძლიერი საქართველო-ლელო,9,,თბილისი,33,,გვანცა,პაპაშვილი,გვანცა პაპაშვილი,,,adg_2025_candidates_unified.xlsx
local_2025,__main__,pr,strong_georgia,ძლიერი საქართველო-ლელო,9,,თბილისი,34,,სალომე,ქავთარაძე,სალომე ქავთარაძე,,,adg_2025_candidates_unified.xlsx
local_2025,__main__,pr,strong_georgia,ძლიერი საქართველო-ლელო,9,,თბილისი,35,,უჩა,ნუცუბიძე,უჩა ნუცუბიძე,,,adg_2025_candidates_unified.xlsx
local_2025,__main__,pr,strong_georgia,ძლიერი საქართველო-ლელო,9,,თბილისი,36,,მაია,ნოზაძე,მაია ნოზაძე,,,adg_2025_candidates_unified.xlsx
local_2025,__main__,pr,strong_georgia,ძლიერი საქართველო-ლელო,9,,თბილისი,37,,ნანა,დავითაძე,ნანა დავითაძე,,,adg_2025_candidates_unified.xlsx
local_2025,__main__,pr,strong_georgia,ძლიერი საქართველო-ლელო,9,,თბილისი,38,,ლანა,ცერცვაძე,ლანა ცერცვაძე,,,adg_2025_candidates_unified.xlsx
local_2025,__main__,pr,strong_georgia,ძლიერი საქართველო-ლელო,9,,თბილისი,39,,ქეთევან,მუსერიძე,ქეთევან მუსერიძე,,,adg_2025_candidates_unified.xlsx
local_2025,__main__,pr,strong_georgia,ძლიერი საქართველო-ლელო,9,,თბილისი,40,,ეკა,შენგელაია,ეკა შენგელაია,,,adg_2025_candidates_unified.xlsx
local_2025,__main__,pr,strong_georgia,ძლიერი საქართველო-ლელო,9,,თბილისი,41,,გიორგი,ტატიშვილი,გიორგი ტატიშვილი,,,adg_2025_candidates_unified.xlsx
local_2025,__main__,pr,strong_georgia,ძლიერი საქართველო-ლელო,9,,თბილისი,42,,გიგა,თხინვალელი,გიგა თხინვალელი,,,adg_2025_candidates_unified.xlsx
local_2025,__main__,pr,strong_georgia,ძლიერი საქართველო-ლელო,9,,თბილისი,43,,ანა,დვალიშვილი,ანა დვალიშვილი,,,adg_2025_candidates_unified.xlsx
local_2025,__main__,pr,strong_georgia,ძლიერი საქართველო-ლელო,9,,თბილისი,44,,გიორგი,გერმესაშვილი,გიორგი გერმესაშვილი,,,adg_2025_candidates_unified.xlsx
local_2025,__main__,pr,strong_georgia,ძლიერი საქართველო-ლელო,9,,თბილისი,45,,თემურ,ბუჩუკური,თემურ ბუჩუკური,,,adg_2025_candidates_unified.xlsx
local_2025,__main__,pr,strong_georgia,ძლიერი საქართველო-ლელო,9,,თბილისი,46,,ნანული,ჯინჭარაძე,ნანული ჯინჭარაძე,,,adg_2025_candidates_unified.xlsx
local_2025,__main__,pr,strong_georgia,ძლიერი საქართველო-ლელო,9,,თბილისი,47,,გია,თოდუა,გია თოდუა,,,adg_2025_candidates_unified.xlsx
local_2025,__main__,pr,strong_georgia,ძლიერი საქართველო-ლელო,9,,თბილისი,48,,ეკატერინე,აირაპეტიანი,ეკატერინე აირაპეტიანი,,,adg_2025_candidates_unified.xlsx
local_2025,__main__,pr,strong_georgia,ძლიერი საქართველო-ლელო,9,,თბილისი,49,,იური,ჭითავა,იური ჭითავა,,,adg_2025_candidates_unified.xlsx
local_2025,__main__,pr,strong_georgia,ძლიერი საქართველო-ლელო,9,,თბილისი,50,,მაია,უშვერიძე,მაია უშვერიძე,,,adg_2025_candidates_unified.xlsx
local_2025,__main__,pr,strong_georgia,ძლიერი საქართველო-ლელო,9,,თბილისი,51,,მალხაზ,ტაბატაძე,მალხაზ ტაბატაძე,,,adg_2025_candidates_unified.xlsx
local_2025,__main__,pr,strong_georgia,ძლიერი საქართველო-ლელო,9,,თბილისი,52,,ზურაბ,მსხვილიძე,ზურაბ მსხვილიძე,,,adg_2025_candidates_unified.xlsx
local_2025,__main__,pr,strong_georgia,ძლიერი საქართველო-ლელო,9,,თბილისი,53,,ნინო,ორაგველიძე,ნინო ორაგველიძე,,,adg_2025_candidates_unified.xlsx
local_2025,__main__,pr,strong_georgia,ძლიერი საქართველო-ლელო,9,,თბილისი,54,,მაგდა,მელიქიშვილი,მაგდა მელიქიშვილი,,,adg_2025_candidates_unified.xlsx
local_2025,__main__,pr,strong_georgia,ძლიერი საქართველო-ლელო,9,,თბილისი,55,,თამაზი,ზაქარეიშვილი,თამაზი ზაქარეიშვილი,,,adg_2025_candidates_unified.xlsx
local_2025,__main__,pr,strong_georgia,ძლიერი საქართველო-ლელო,9,,თბილისი,56,,თეიმურაზ,მეგრელიშვილი,თეიმურაზ მეგრელიშვილი,,,adg_2025_candidates_unified.xlsx
local_2025,__main__,pr,strong_georgia,ძლიერი საქართველო-ლელო,9,,თბილისი,57,,ცისანა,ასლანიშვილი,ცისანა ასლანიშვილი,,,adg_2025_candidates_unified.xlsx
local_2025,__main__,pr,strong_georgia,ძლიერი საქართველო-ლელო,9,,თბილისი,58,,ამირან,ჯინჭარაძე,ამირან ჯინჭარაძე,,,adg_2025_candidates_unified.xlsx
local_2025,__main__,pr,strong_georgia,ძლიერი საქართველო-ლელო,9,,თბილისი,59,,ავთანდილ,ასლანიშვილი,ავთანდილ ასლანიშვილი,,,adg_2025_candidates_unified.xlsx
local_2025,__main__,pr,strong_georgia,ძლიერი საქართველო-ლელო,9,,თბილისი,60,,პაპუნა,თევზაძე,პაპუნა თევზაძე,,,adg_2025_candidates_unified.xlsx
local_2025,__main__,pr,strong_georgia,ძლიერი საქართველო-ლელო,9,,თბილისი,61,,მარიამი,ბასილაშვილი,მარიამი ბასილაშვილი,,,adg_2025_candidates_unified.xlsx
local_2025,__main__,pr,strong_georgia,ძლიერი საქართველო-ლელო,9,,თბილისი,62,,ალექსანდრე,ყიფშიძე,ალექსანდრე ყიფშიძე,,,adg_2025_candidates_unified.xlsx
local_2025,__main__,pr,strong_georgia,ძლიერი საქართველო-ლელო,9,,თბილისი,63,,ნინო,თოლორაია,ნინო თოლორაია,,,adg_2025_candidates_unified.xlsx
local_2025,__main__,pr,strong_georgia,ძლიერი საქართველო-ლელო,9,,თბილისი,64,,ნათია,პაპალაშვილი,ნათია პაპალაშვილი,,,adg_2025_candidates_unified.xlsx
local_2025,__main__,pr,strong_georgia,ძლიერი საქართველო-ლელო,9,,თბილისი,65,,გიორგი,ნადირაძე,გიორგი ნადირაძე,,,adg_2025_candidates_unified.xlsx
local_2025,__main__,pr,strong_georgia,ძლიერი საქართველო-ლელო,9,,თბილისი,66,,თათია,გოგიბერიძე,თათია გოგიბერიძე,,,adg_2025_candidates_unified.xlsx
local_2025,__main__,pr,strong_georgia,ძლიერი საქართველო-ლელო,9,,თბილისი,67,,თამარი,გიორგაშვილი,თამარი გიორგაშვილი,,,adg_2025_candidates_unified.xlsx
local_2025,__main__,pr,strong_georgia,ძლიერი საქართველო-ლელო,9,,თბილისი,68,,სანდრო,წეროძე,სანდრო წეროძე,,,adg_2025_candidates_unified.xlsx
local_2025,__main__,pr,strong_georgia,ძლიერი საქართველო-ლელო,9,,თბილისი,69,,ეკა,გიორგობიანი,ეკა გიორგობიანი,,,adg_2025_candidates_unified.xlsx
local_2025,__main__,pr,georgia_party,„საქართველო“,11,,თბილისი,1,,ფატი,კიპაროიძე,ფატი კიპაროიძე,,,adg_2025_candidates_unified.xlsx
local_2025,__main__,pr,georgia_party,„საქართველო“,11,,თბილისი,2,,ლალი,ბუნტური,ლალი ბუნტური,,,adg_2025_candidates_unified.xlsx
local_2025,__main__,pr,georgia_party,„საქართველო“,11,,თბილისი,3,,მიხეილი,შიოშვილი,მიხეილი შიოშვილი,,,adg_2025_candidates_unified.xlsx
local_2025,__main__,pr,georgia_party,„საქართველო“,11,,თბილისი,4,,ლაშა,ქუსიკაშვილი,ლაშა ქუსიკაშვილი,,,adg_2025_candidates_unified.xlsx
local_2025,__main__,pr,georgia_party,„საქართველო“,11,,თბილისი,5,,ნათია,კელი,ნათია კელი,,,adg_2025_candidates_unified.xlsx
local_2025,__main__,pr,georgia_party,„საქართველო“,11,,თბილისი,6,,გვანცა,მაისურაძე,გვანცა მაისურაძე,,,adg_2025_candidates_unified.xlsx
local_2025,__main__,pr,georgia_party,„საქართველო“,11,,თბილისი,7,,გოდერძი,ლომთათიძე,გოდერძი ლომთათიძე,,,adg_2025_candidates_unified.xlsx
local_2025,__main__,pr,georgia_party,„საქართველო“,11,,თბილისი,8,,კახაბერ,გაბინაშვილი,კახაბერ გაბინაშვილი,,,adg_2025_candidates_unified.xlsx
local_2025,__main__,pr,georgia_party,„საქართველო“,11,,თბილისი,9,,ანზორი,ფოფხაძე,ანზორი ფოფხაძე,,,adg_2025_candidates_unified.xlsx
local_2025,__main__,pr,georgia_party,„საქართველო“,11,,თბილისი,10,,დავით,არაბიძე,დავით არაბიძე,,,adg_2025_candidates_unified.xlsx
local_2025,__main__,pr,georgia_party,„საქართველო“,11,,თბილისი,11,,დავით,დავითაია,დავით დავითაია,,,adg_2025_candidates_unified.xlsx
local_2025,__main__,pr,georgia_party,„საქართველო“,11,,თბილისი,12,,მარინა,ბერსენაძე-კაციტაძე,მარინა ბერსენაძე-კაციტაძე,,,adg_2025_candidates_unified.xlsx
local_2025,__main__,pr,georgia_party,„საქართველო“,11,,თბილისი,13,,ვლადიმერ,რამიშვილი,ვლადიმერ რამიშვილი,,,adg_2025_candidates_unified.xlsx
local_2025,__main__,pr,georgia_party,„საქართველო“,11,,თბილისი,14,,გურამი,მეტეხელი,გურამი მეტეხელი,,,adg_2025_candidates_unified.xlsx
local_2025,__main__,pr,georgia_party,„საქართველო“,11,,თბილისი,15,,იოსებ,მაისურაძე,იოსებ მაისურაძე,,,adg_2025_candidates_unified.xlsx
local_2025,__main__,pr,georgia_party,„საქართველო“,11,,თბილისი,16,,სოფიო,დანელია,სოფიო დანელია,,,adg_2025_candidates_unified.xlsx
local_2025,__main__,pr,georgia_party,„საქართველო“,11,,თბილისი,17,,ბესიკი,ადამია,ბესიკი ადამია,,,adg_2025_candidates_unified.xlsx
local_2025,__main__,pr,georgia_party,„საქართველო“,11,,თბილისი,18,,იოსებ,კობერიძე,იოსებ კობერიძე,,,adg_2025_candidates_unified.xlsx
local_2025,__main__,pr,georgia_party,„საქართველო“,11,,თბილისი,19,,მამუკა,მელიქიშვილი,მამუკა მელიქიშვილი,,,adg_2025_candidates_unified.xlsx
local_2025,__main__,pr,georgia_party,„საქართველო“,11,,თბილისი,20,,გიორგი,მაისურაძე,გიორგი მაისურაძე,,,adg_2025_candidates_unified.xlsx
local_2025,__main__,pr,georgia_party,„საქართველო“,11,,თბილისი,21,,ნანული,თურქოშვილი,ნანული თურქოშვილი,,,adg_2025_candidates_unified.xlsx
local_2025,__main__,pr,georgia_party,„საქართველო“,11,,თბილისი,22,,პაატა,შალამბერიძე,პაატა შალამბერიძე,,,adg_2025_candidates_unified.xlsx
local_2025,__main__,pr,georgia_party,„საქართველო“,11,,თბილისი,23,,გიორგი,ბახტაძე,გიორგი ბახტაძე,,,adg_2025_candidates_unified.xlsx
local_2025,__main__,pr,georgia_party,„საქართველო“,11,,თბილისი,24,,გოჩა,ფოფხაძე,გოჩა ფოფხაძე,,,adg_2025_candidates_unified.xlsx
local_2025,__main__,pr,georgia_party,„საქართველო“,11,,თბილისი,25,,გიორგი,ჯავახიშვილი,გიორგი ჯავახიშვილი,,,adg_2025_candidates_unified.xlsx
local_2025,__main__,pr,georgia_party,„საქართველო“,11,,თბილისი,26,,ვლადიმერ,გოგნიაშვილი,ვლადიმერ გოგნიაშვილი,,,adg_2025_candidates_unified.xlsx
local_2025,__main__,pr,georgia_party,„საქართველო“,11,,თბილისი,27,,ლეილა,ბივის,ლეილა ბივის,,,adg_2025_candidates_unified.xlsx
local_2025,__main__,pr,georgia_party,„საქართველო“,11,,თბილისი,28,,ჯამბული,ნებიერიძე,ჯამბული ნებიერიძე,,,adg_2025_candidates_unified.xlsx
local_2025,__main__,pr,georgia_party,„საქართველო“,11,,თბილისი,29,,გოჩა,მაჩაიძე,გოჩა მაჩაიძე,,,adg_2025_candidates_unified.xlsx
local_2025,__main__,pr,georgia_party,„საქართველო“,11,,თბილისი,30,,ქეთევანი,მიშელაძე,ქეთევანი მიშელაძე,,,adg_2025_candidates_unified.xlsx
local_2025,__main__,pr,georgia_party,„საქართველო“,11,,თბილისი,31,,ზაზა,კოჭლამაზაშვილი,ზაზა კოჭლამაზაშვილი,,,adg_2025_candidates_unified.xlsx
local_2025,__main__,pr,georgia_party,„საქართველო“,11,,თბილისი,32,,მერაბი,შონია,მერაბი შონია,,,adg_2025_candidates_unified.xlsx
local_2025,__main__,pr,georgia_party,„საქართველო“,11,,თბილისი,33,,დარეჯან,ნებიერიძე,დარეჯან ნებიერიძე,,,adg_2025_candidates_unified.xlsx
local_2025,__main__,pr,georgia_party,„საქართველო“,11,,თბილისი,34,,ნინო,ცაავა,ნინო ცაავა,,,adg_2025_candidates_unified.xlsx
local_2025,__main__,pr,georgia_party,„საქართველო“,11,,თბილისი,35,,ვასილი,ბუნტური,ვასილი ბუნტური,,,adg_2025_candidates_unified.xlsx
local_2025,__main__,pr,georgia_party,„საქართველო“,11,,თბილისი,36,,ლეილა,ხარაიშვილი,ლეილა ხარაიშვილი,,,adg_2025_candidates_unified.xlsx
local_2025,__main__,pr,georgia_party,„საქართველო“,11,,თბილისი,37,,ლარისა,წითლანაძე,ლარისა წითლანაძე,,,adg_2025_candidates_unified.xlsx
local_2025,__main__,pr,georgia_party,„საქართველო“,11,,თბილისი,38,,ირინა,შიოშვილი,ირინა შიოშვილი,,,adg_2025_candidates_unified.xlsx
local_2025,__main__,pr,georgia_party,„საქართველო“,11,,თბილისი,39,,მანოლი,ლილუაშვილი,მანოლი ლილუაშვილი,,,adg_2025_candidates_unified.xlsx
local_2025,__main__,pr,georgia_party,„საქართველო“,11,,თბილისი,40,,ხათუნა,აბრამიძე,ხათუნა აბრამიძე,,,adg_2025_candidates_unified.xlsx
local_2025,__main__,pr,georgia_party,„საქართველო“,11,,თბილისი,41,,გიორგი,ჯიქია,გიორგი ჯიქია,,,adg_2025_candidates_unified.xlsx
local_2025,__main__,pr,georgia_party,„საქართველო“,11,,თბილისი,42,,ალექსი,გეჯაძე,ალექსი გეჯაძე,,,adg_2025_candidates_unified.xlsx
local_2025,__main__,pr,georgia_party,„საქართველო“,11,,თბილისი,43,,თორნიკე,გობეჯიშვილი,თორნიკე გობეჯიშვილი,,,adg_2025_candidates_unified.xlsx
local_2025,__main__,pr,georgia_party,„საქართველო“,11,,თბილისი,44,,გიორგი,გვიმრაძე,გიორგი გვიმრაძე,,,adg_2025_candidates_unified.xlsx
local_2025,__main__,pr,georgia_party,„საქართველო“,11,,თბილისი,45,,ლევან,ლილუაშვილი,ლევან ლილუაშვილი,,,adg_2025_candidates_unified.xlsx
local_2025,__main__,pr,georgia_party,„საქართველო“,11,,თბილისი,46,,თეიმურაზ,სირაძე,თეიმურაზ სირაძე,,,adg_2025_candidates_unified.xlsx
local_2025,__main__,pr,georgia_party,„საქართველო“,11,,თბილისი,47,,მეგი,გაბრიელ,მეგი გაბრიელ,,,adg_2025_candidates_unified.xlsx
local_2025,__main__,pr,georgia_party,„საქართველო“,11,,თბილისი,48,,თამაზ,ნემსაძე,თამაზ ნემსაძე,,,adg_2025_candidates_unified.xlsx
local_2025,__main__,pr,georgia_party,„საქართველო“,11,,თბილისი,49,,გიორგი,ცაავა,გიორგი ცაავა,,,adg_2025_candidates_unified.xlsx
local_2025,__main__,pr,georgia_party,„საქართველო“,11,,თბილისი,50,,ვიქტორია,გავვა,ვიქტორია გავვა,,,adg_2025_candidates_unified.xlsx
local_2025,__main__,pr,georgia_party,„საქართველო“,11,,თბილისი,51,,ადელინა,წულაია,ადელინა წულაია,,,adg_2025_candidates_unified.xlsx
local_2025,__main__,pr,georgia_party,„საქართველო“,11,,თბილისი,52,,თეონა,ბუნტური,თეონა ბუნტური,,,adg_2025_candidates_unified.xlsx
local_2025,__main__,pr,georgia_party,„საქართველო“,11,,თბილისი,53,,ემზარ,ლილუაშვილი,ემზარ ლილუაშვილი,,,adg_2025_candidates_unified.xlsx
local_2025,__main__,pr,georgia_party,„საქართველო“,11,,თბილისი,54,,ალექსანდრე,მელივა,ალექსანდრე მელივა,,,adg_2025_candidates_unified.xlsx
local_2025,__main__,pr,georgia_party,„საქართველო“,11,,თბილისი,55,,ირაკლი,გაგნიძე,ირაკლი გაგნიძე,,,adg_2025_candidates_unified.xlsx