election_id,sub_id,vote_type,party_id,party_label_ka,party_code,district_id,district_name_ka,list_order,ballot_number,first_name,last_name,name_ka,partisanship,elected,source
parl_2016,__main__,smd,burchuladze,საარჩევნო ბლოკი „პაატა ბურჭულაძე - სახელმწიფო ხალხისთვის”,,1,მთაწმინდა,,1,ვლადიმერ,კახაძე,ვლადიმერ კახაძე,,,party_lists_2016_georgia_unified.xlsx
parl_2016,__main__,smd,burjanadze_democratic,საარჩევნო ბლოკი „ნინო ბურჯანაძე - დემოკრატიული მოძრაობა”,,1,მთაწმინდა,,3,გრიგოლ,ბარამიძე,გრიგოლ ბარამიძე,,,party_lists_2016_georgia_unified.xlsx
parl_2016,__main__,smd,unm,საარჩევნო ბლოკი „ერთიანი ნაციონალური მოძრაობა”,,1,მთაწმინდა,,5,ნიკოლოზი,რურუა,ნიკოლოზი რურუა,,,party_lists_2016_georgia_unified.xlsx
parl_2016,__main__,smd,republicans_2016,„უსუფაშვილი - რესპუბლიკელები”,,1,მთაწმინდა,,6,თამარ,კორძაია,თამარ კორძაია,,,party_lists_2016_georgia_unified.xlsx
parl_2016,__main__,smd,mechiauri_united,„თამაზ მეჭიაური ერთიანი საქართველოსთვის”,,1,მთაწმინდა,,7,თენგიზ,რუხაძე,თენგიზ რუხაძე,,,party_lists_2016_georgia_unified.xlsx
parl_2016,__main__,smd,patriots,"საარჩევნო ბლოკი „დავით თარხან-მოურავი, ირმა ინაშვილი - საქართველოს პატრიოტთა ალიანსი, გაერთიანებული ოპოზიცია”",,1,მთაწმინდა,,8,ვლადიმერ,სადღობელაშვილი,ვლადიმერ სადღობელაშვილი,,,party_lists_2016_georgia_unified.xlsx
parl_2016,__main__,smd,peace_georgia_2016,„დავით თევზაძე - საქართველოს მშვიდობისათვის”,,1,მთაწმინდა,,14,დავით,თევზაძე,დავით თევზაძე,,,party_lists_2016_georgia_unified.xlsx
parl_2016,__main__,smd,georgia_2016,„საქართველო”,,1,მთაწმინდა,,17,ვაჟა,მთავრიშვილი,ვაჟა მთავრიშვილი,,,party_lists_2016_georgia_unified.xlsx
parl_2016,__main__,smd,georgian_idea,„ქართული იდეა”,,1,მთაწმინდა,,18,გეგა,ხვედელიძე,გეგა ხვედელიძე,,,party_lists_2016_georgia_unified.xlsx
parl_2016,__main__,smd,chvenni_peoples,საარჩევნო ბლოკი „ჩვენები - სახალხო პარტია”,,1,მთაწმინდა,,23,ნანა,ლევიძე,ნანა ლევიძე,,,party_lists_2016_georgia_unified.xlsx
parl_2016,__main__,smd,national_forum,ეროვნული ფორუმი,,1,მთაწმინდა,,26,ქეთევან,ახობაძე,ქეთევან ახობაძე,,,party_lists_2016_georgia_unified.xlsx
parl_2016,__main__,smd,free_democrats,„ირაკლი ალასანია - თავისუფალი დემოკრატები”,,1,მთაწმინდა,,27,ნიკოლოზ,ფრუიძე,ნიკოლოზ ფრუიძე,,,party_lists_2016_georgia_unified.xlsx
parl_2016,__main__,smd,,"საინიციატივო ჯგუფი - მაია გუგუშვილი, ნათია პავლიაშვილი, მანანა დოლიძე, ხათუნა თოდუა, გიორგი მიქაძე, ივანე მაჭავარიანი",,1,მთაწმინდა,,42,სალომე,ზურაბიშვილი,სალომე ზურაბიშვილი,,,party_lists_2016_georgia_unified.xlsx
parl_2016,__main__,smd,,"საინიციატივო ჯგუფი - დავით საღარეიშვილი, იზოლდა კალავერდოვა, მანანა არჩვაძე, სვეტლანა საღარეიშვილი, მერი ჯოხაძე",,1,მთაწმინდა,,43,ლევან,ჯოხაძე,ლევან ჯოხაძე,,,party_lists_2016_georgia_unified.xlsx
parl_2016,__main__,smd,burchuladze,საარჩევნო ბლოკი „პაატა ბურჭულაძე - სახელმწიფო ხალხისთვის”,,3,ვაკე,,1,გიორგი,ბეზარაშვილი,გიორგი ბეზარაშვილი,,,party_lists_2016_georgia_unified.xlsx
parl_2016,__main__,smd,progressive_democratic_2016,"პროგრესულ-დემოკრატიული მოძრაობა (""თქვენგან, თქვენთვის, თქვენთან ერთად!"")",,3,ვაკე,,2,ლამარა,გიორგაშვილი,ლამარა გიორგაშვილი,,,party_lists_2016_georgia_unified.xlsx
parl_2016,__main__,smd,burjanadze_democratic,საარჩევნო ბლოკი „ნინო ბურჯანაძე - დემოკრატიული მოძრაობა”,,3,ვაკე,,3,დავით,წერეთელი,დავით წერეთელი,,,party_lists_2016_georgia_unified.xlsx
parl_2016,__main__,smd,burjanadze_democratic,საარჩევნო ბლოკი „ნინო ბურჯანაძე - დემოკრატიული მოძრაობა”,,2,ვაკე,,3,მაია,პაჭკორია,მაია პაჭკორია,,,party_lists_2016_georgia_unified.xlsx
parl_2016,__main__,smd,unm,საარჩევნო ბლოკი „ერთიანი ნაციონალური მოძრაობა”,,3,ვაკე,,5,პეტრე,ცისკარიშვილი,პეტრე ცისკარიშვილი,,,party_lists_2016_georgia_unified.xlsx
parl_2016,__main__,smd,unm,საარჩევნო ბლოკი „ერთიანი ნაციონალური მოძრაობა”,,2,ვაკე,,5,ელენე,ხოშტარია,ელენე ხოშტარია,,,party_lists_2016_georgia_unified.xlsx
parl_2016,__main__,smd,republicans_2016,„უსუფაშვილი - რესპუბლიკელები”,,3,ვაკე,,6,ლევან,ბერძენიშვილი,ლევან ბერძენიშვილი,,,party_lists_2016_georgia_unified.xlsx
parl_2016,__main__,smd,mechiauri_united,„თამაზ მეჭიაური ერთიანი საქართველოსთვის”,,3,ვაკე,,7,მერაბი,ნინიკაშვილი,მერაბი ნინიკაშვილი,,,party_lists_2016_georgia_unified.xlsx
parl_2016,__main__,smd,patriots,"საარჩევნო ბლოკი „დავით თარხან-მოურავი, ირმა ინაშვილი - საქართველოს პატრიოტთა ალიანსი, გაერთიანებული ოპოზიცია”",,3,ვაკე,,8,კახაბერ,კორძაია,კახაბერ კორძაია,,,party_lists_2016_georgia_unified.xlsx
parl_2016,__main__,smd,patriots,"საარჩევნო ბლოკი „დავით თარხან-მოურავი, ირმა ინაშვილი - საქართველოს პატრიოტთა ალიანსი, გაერთიანებული ოპოზიცია”",,2,ვაკე,,8,კახი,ნუცუბიძე,კახი ნუცუბიძე,,,party_lists_2016_georgia_unified.xlsx
parl_2016,__main__,smd,labour,„შალვა ნათელაშვილი - საქართველოს ლეიბორისტული პარტია”,,3,ვაკე,,10,ლეილა,გაფრინდაშვილი,ლეილა გაფრინდაშვილი,,,party_lists_2016_georgia_unified.xlsx
parl_2016,__main__,smd,communist_stalinist,„საქართველოს კომუნისტური პარტია - სტალინელები” (ივანე წიკლაური),,2,ვაკე,,12,ნატაშა,ჭელიძე,ნატაშა ჭელიძე,,,party_lists_2016_georgia_unified.xlsx
parl_2016,__main__,smd,industry_sakartvelo,"საარჩევნო ბლოკი „თოფაძე - მრეწველები, ჩვენი სამშობლო”",,2,ვაკე,,19,ირინე,ჩხენკელი,ირინე ჩხენკელი,,,party_lists_2016_georgia_unified.xlsx
parl_2016,__main__,smd,chvenni_peoples,საარჩევნო ბლოკი „ჩვენები - სახალხო პარტია”,,2,ვაკე,,23,ზურაბ,შარია,ზურაბ შარია,,,party_lists_2016_georgia_unified.xlsx
parl_2016,__main__,smd,national_forum,ეროვნული ფორუმი,,2,ვაკე,,26,გიორგი,ხეჩინაშვილი,გიორგი ხეჩინაშვილი,,,party_lists_2016_georgia_unified.xlsx
parl_2016,__main__,smd,national_forum,ეროვნული ფორუმი,,3,ვაკე,,26,გოჩა,მსხილაძე,გოჩა მსხილაძე,,,party_lists_2016_georgia_unified.xlsx
parl_2016,__main__,smd,free_democrats,„ირაკლი ალასანია - თავისუფალი დემოკრატები”,,2,ვაკე,,27,ვიქტორ,დოლიძე,ვიქტორ დოლიძე,,,party_lists_2016_georgia_unified.xlsx
parl_2016,__main__,smd,free_democrats,„ირაკლი ალასანია - თავისუფალი დემოკრატები”,,3,ვაკე,,27,გია,ნუცუბიძე,გია ნუცუბიძე,,,party_lists_2016_georgia_unified.xlsx
parl_2016,__main__,smd,zviads_way,„ზვიადის გზა - უფლის სახელით”,,3,ვაკე,,28,როინ,ლიპარტელიანი,როინ ლიპარტელიანი,,,party_lists_2016_georgia_unified.xlsx
parl_2016,__main__,smd,gd,„ქართული ოცნება - დემოკრატიული საქართველო”,,2,ვაკე,,41,ბიძინა,გეგიძე,ბიძინა გეგიძე,,,party_lists_2016_georgia_unified.xlsx
parl_2016,__main__,smd,gd,„ქართული ოცნება - დემოკრატიული საქართველო”,,3,ვაკე,,41,ზაზა,ხუციშვილი,ზაზა ხუციშვილი,,,party_lists_2016_georgia_unified.xlsx
parl_2016,__main__,smd,,"საინიციატივო ჯგუფი - მამული კუჭავა, ანდრო ჯიქია, გიგლა გობეჩია, გიორგი ბურჯანაძე, ზანდა ჩიტიშვილი,",,2,ვაკე,,42,ჰამლეტ,გეგია,ჰამლეტ გეგია,,,party_lists_2016_georgia_unified.xlsx
parl_2016,__main__,smd,,"საინიციატივო ჯგუფი - მანანა გაბაშვილი, გიორგი მახარაძე, ზურაბ მახაშვილი, დავით კორკოტაშვილი, ვახტანგი ხომიზურაშვილი",,2,ვაკე,,44,გია,ფაცურია,გია ფაცურია,,,party_lists_2016_georgia_unified.xlsx
parl_2016,__main__,smd,burchuladze,საარჩევნო ბლოკი „პაატა ბურჭულაძე - სახელმწიფო ხალხისთვის”,,6,საბურთალო,,1,მამუკა,კაციტაძე,მამუკა კაციტაძე,,,party_lists_2016_georgia_unified.xlsx
parl_2016,__main__,smd,burjanadze_democratic,საარჩევნო ბლოკი „ნინო ბურჯანაძე - დემოკრატიული მოძრაობა”,,6,საბურთალო,,3,მიხეილ,ხომერიკი,მიხეილ ხომერიკი,,,party_lists_2016_georgia_unified.xlsx
parl_2016,__main__,smd,burjanadze_democratic,საარჩევნო ბლოკი „ნინო ბურჯანაძე - დემოკრატიული მოძრაობა”,,5,საბურთალო,,3,მიხეილ,კაჭკაჭიშვილი,მიხეილ კაჭკაჭიშვილი,,,party_lists_2016_georgia_unified.xlsx
parl_2016,__main__,smd,georgian_group,„ჯონდი ბაღათურია - ქართული დასი”,,4,საბურთალო,,4,ჯონდო,ბაღათურია,ჯონდო ბაღათურია,,,party_lists_2016_georgia_unified.xlsx
parl_2016,__main__,smd,unm,საარჩევნო ბლოკი „ერთიანი ნაციონალური მოძრაობა”,,4,საბურთალო,,5,ჯარჯი,დოლიძე,ჯარჯი დოლიძე,,,party_lists_2016_georgia_unified.xlsx
parl_2016,__main__,smd,unm,საარჩევნო ბლოკი „ერთიანი ნაციონალური მოძრაობა”,,6,საბურთალო,,5,სევდია,უგრეხელიძე,სევდია უგრეხელიძე,,,party_lists_2016_georgia_unified.xlsx
parl_2016,__main__,smd,unm,საარჩევნო ბლოკი „ერთიანი ნაციონალური მოძრაობა”,,5,საბურთალო,,5,გიორგი,როინიშვილი,გიორგი როინიშვილი,,,party_lists_2016_georgia_unified.xlsx
parl_2016,__main__,smd,republicans_2016,„უსუფაშვილი - რესპუბლიკელები”,,5,საბურთალო,,6,დავით,ზურაბიშვილი,დავით ზურაბიშვილი,,,party_lists_2016_georgia_unified.xlsx
parl_2016,__main__,smd,republicans_2016,„უსუფაშვილი - რესპუბლიკელები”,,4,საბურთალო,,6,თამარ,ხიდაშელი,თამარ ხიდაშელი,,,party_lists_2016_georgia_unified.xlsx
parl_2016,__main__,smd,republicans_2016,„უსუფაშვილი - რესპუბლიკელები”,,6,საბურთალო,,6,დავით,უსუფაშვილი,დავით უსუფაშვილი,,,party_lists_2016_georgia_unified.xlsx
parl_2016,__main__,smd,mechiauri_united,„თამაზ მეჭიაური ერთიანი საქართველოსთვის”,,5,საბურთალო,,7,ვასილი,კეჟრიშვილი,ვასილი კეჟრიშვილი,,,party_lists_2016_georgia_unified.xlsx
parl_2016,__main__,smd,mechiauri_united,„თამაზ მეჭიაური ერთიანი საქართველოსთვის”,,4,საბურთალო,,7,ლია,ლომთათიძე,ლია ლომთათიძე,,,party_lists_2016_georgia_unified.xlsx
parl_2016,__main__,smd,mechiauri_united,„თამაზ მეჭიაური ერთიანი საქართველოსთვის”,,6,საბურთალო,,7,ავთანდილ,ჯოხაძე,ავთანდილ ჯოხაძე,,,party_lists_2016_georgia_unified.xlsx
parl_2016,__main__,smd,patriots,"საარჩევნო ბლოკი „დავით თარხან-მოურავი, ირმა ინაშვილი - საქართველოს პატრიოტთა ალიანსი, გაერთიანებული ოპოზიცია”",,4,საბურთალო,,8,ალექსანდრე,ამზაშვილი,ალექსანდრე ამზაშვილი,,,party_lists_2016_georgia_unified.xlsx
parl_2016,__main__,smd,patriots,"საარჩევნო ბლოკი „დავით თარხან-მოურავი, ირმა ინაშვილი - საქართველოს პატრიოტთა ალიანსი, გაერთიანებული ოპოზიცია”",,5,საბურთალო,,8,ზაზა,მამალაძე,ზაზა მამალაძე,,,party_lists_2016_georgia_unified.xlsx
parl_2016,__main__,smd,patriots,"საარჩევნო ბლოკი „დავით თარხან-მოურავი, ირმა ინაშვილი - საქართველოს პატრიოტთა ალიანსი, გაერთიანებული ოპოზიცია”",,6,საბურთალო,,8,თამარ,ბარაბაძე,თამარ ბარაბაძე,,,party_lists_2016_georgia_unified.xlsx
parl_2016,__main__,smd,labour,„შალვა ნათელაშვილი - საქართველოს ლეიბორისტული პარტია”,,6,საბურთალო,,10,თამაზ,შიოშვილი,თამაზ შიოშვილი,,,party_lists_2016_georgia_unified.xlsx
parl_2016,__main__,smd,labour,„შალვა ნათელაშვილი - საქართველოს ლეიბორისტული პარტია”,,4,საბურთალო,,10,სოფიკო,გუგავა,სოფიკო გუგავა,,,party_lists_2016_georgia_unified.xlsx
parl_2016,__main__,smd,peace_georgia_2016,„დავით თევზაძე - საქართველოს მშვიდობისათვის”,,5,საბურთალო,,14,ივანე,ჩოლოყაშვილი,ივანე ჩოლოყაშვილი,,,party_lists_2016_georgia_unified.xlsx
parl_2016,__main__,smd,georgia_2016,„საქართველო”,,4,საბურთალო,,17,მამუკა,მელიქიშვილი,მამუკა მელიქიშვილი,,,party_lists_2016_georgia_unified.xlsx
parl_2016,__main__,smd,georgia_2016,„საქართველო”,,6,საბურთალო,,17,გიორგი,ლილუაშვილი,გიორგი ლილუაშვილი,,,party_lists_2016_georgia_unified.xlsx
parl_2016,__main__,smd,georgian_idea,„ქართული იდეა”,,5,საბურთალო,,18,ანზორ,საკანდელიძე,ანზორ საკანდელიძე,,,party_lists_2016_georgia_unified.xlsx
parl_2016,__main__,smd,georgian_idea,„ქართული იდეა”,,6,საბურთალო,,18,ალექსანდრე,ბრეგაძე,ალექსანდრე ბრეგაძე,,,party_lists_2016_georgia_unified.xlsx
parl_2016,__main__,smd,industry_sakartvelo,"საარჩევნო ბლოკი „თოფაძე - მრეწველები, ჩვენი სამშობლო”",,4,საბურთალო,,19,ზაალ,ჩაჩუა,ზაალ ჩაჩუა,,,party_lists_2016_georgia_unified.xlsx
parl_2016,__main__,smd,chvenni_peoples,საარჩევნო ბლოკი „ჩვენები - სახალხო პარტია”,,4,საბურთალო,,23,ჯემალ,კვანტალიანი,ჯემალ კვანტალიანი,,,party_lists_2016_georgia_unified.xlsx
parl_2016,__main__,smd,chvenni_peoples,საარჩევნო ბლოკი „ჩვენები - სახალხო პარტია”,,6,საბურთალო,,23,ნანა,თხელიძე,ნანა თხელიძე,,,party_lists_2016_georgia_unified.xlsx
parl_2016,__main__,smd,chvenni_peoples,საარჩევნო ბლოკი „ჩვენები - სახალხო პარტია”,,5,საბურთალო,,23,გიორგი,ლორთქიფანიძე,გიორგი ლორთქიფანიძე,,,party_lists_2016_georgia_unified.xlsx
parl_2016,__main__,smd,left_alliance_2016,"„კახა ძაგანია, სოსო შატბერაშვილი, პაატა ჯიბლაძე, არჩილ ბენიძე - მემარცხენე ალიანსი”",,5,საბურთალო,,25,ნინო,ტუღუში,ნინო ტუღუში,,,party_lists_2016_georgia_unified.xlsx
parl_2016,__main__,smd,national_forum,ეროვნული ფორუმი,,4,საბურთალო,,26,შორენა,ბუხრაშვილი,შორენა ბუხრაშვილი,,,party_lists_2016_georgia_unified.xlsx
parl_2016,__main__,smd,national_forum,ეროვნული ფორუმი,,5,საბურთალო,,26,რევაზ,შავიშვილი,რევაზ შავიშვილი,,,party_lists_2016_georgia_unified.xlsx
parl_2016,__main__,smd,national_forum,ეროვნული ფორუმი,,6,საბურთალო,,26,მაგული,ლიპარტელიანი,მაგული ლიპარტელიანი,,,party_lists_2016_georgia_unified.xlsx
parl_2016,__main__,smd,free_democrats,„ირაკლი ალასანია - თავისუფალი დემოკრატები”,,6,საბურთალო,,27,შალვა,შავგულიძე,შალვა შავგულიძე,,,party_lists_2016_georgia_unified.xlsx
parl_2016,__main__,smd,free_democrats,„ირაკლი ალასანია - თავისუფალი დემოკრატები”,,4,საბურთალო,,27,ალექსი,პეტრიაშვილი,ალექსი პეტრიაშვილი,,,party_lists_2016_georgia_unified.xlsx
parl_2016,__main__,smd,free_democrats,„ირაკლი ალასანია - თავისუფალი დემოკრატები”,,5,საბურთალო,,27,დავით,ონოფრიშვილი,დავით ონოფრიშვილი,,,party_lists_2016_georgia_unified.xlsx
parl_2016,__main__,smd,zviads_way,„ზვიადის გზა - უფლის სახელით”,,5,საბურთალო,,28,გობრონი,წერეთელი,გობრონი წერეთელი,,,party_lists_2016_georgia_unified.xlsx
parl_2016,__main__,smd,gd,„ქართული ოცნება - დემოკრატიული საქართველო”,,6,საბურთალო,,41,ლევან,გოგიჩაიშვილი,ლევან გოგიჩაიშვილი,,,party_lists_2016_georgia_unified.xlsx
parl_2016,__main__,smd,gd,„ქართული ოცნება - დემოკრატიული საქართველო”,,5,საბურთალო,,41,ნინო,გოგუაძე,ნინო გოგუაძე,,,party_lists_2016_georgia_unified.xlsx
parl_2016,__main__,smd,gd,„ქართული ოცნება - დემოკრატიული საქართველო”,,4,საბურთალო,,41,მამუკა,მდინარაძე,მამუკა მდინარაძე,,,party_lists_2016_georgia_unified.xlsx
parl_2016,__main__,smd,,"საინიციატივო ჯგუფი - კოკი კობახიძე, ირაკლი ყოლბაია, კონსტანტინე ჯოლოგუა, ირაკლი მირცხულავა, შალვა გიორგაძე.",,4,საბურთალო,,42,კობა,კობახიძე,კობა კობახიძე,,,party_lists_2016_georgia_unified.xlsx
parl_2016,__main__,smd,,"საინიციატივო ჯგუფი - მინდია ღუდუშაური, ნათია შარაბიძე, ალექსანდრე გრიგოლიშვილი, თამარ გაგნიძე, მარინე მეძმარიაშვილი.",,6,საბურთალო,,42,ვიქტორ,მეძმარიაშვილი,ვიქტორ მეძმარიაშვილი,,,party_lists_2016_georgia_unified.xlsx
parl_2016,__main__,smd,,"საინიციატივო ჯგუფი - ავთანდილ ჯაფარიძე, ქეთევან კერძევაძე, ლევანი კაპანაძე, მეგი ერემაძე, ზურაბ კაპანაძე.",,4,საბურთალო,,43,თამაზ,კერძევაძე,თამაზ კერძევაძე,,,party_lists_2016_georgia_unified.xlsx
parl_2016,__main__,smd,burchuladze,საარჩევნო ბლოკი „პაატა ბურჭულაძე - სახელმწიფო ხალხისთვის”,,7,კრწანისი,,1,სოფიო,გიორგაძე,სოფიო გიორგაძე,,,party_lists_2016_georgia_unified.xlsx
parl_2016,__main__,smd,burjanadze_democratic,საარჩევნო ბლოკი „ნინო ბურჯანაძე - დემოკრატიული მოძრაობა”,,7,კრწანისი,,3,გიორგი,ახვლედიანი,გიორგი ახვლედიანი,,,party_lists_2016_georgia_unified.xlsx
parl_2016,__main__,smd,unm,საარჩევნო ბლოკი „ერთიანი ნაციონალური მოძრაობა”,,7,კრწანისი,,5,ირაკლი,აბესაძე,ირაკლი აბესაძე,,,party_lists_2016_georgia_unified.xlsx
parl_2016,__main__,smd,mechiauri_united,„თამაზ მეჭიაური ერთიანი საქართველოსთვის”,,7,კრწანისი,,7,ლევან,გველესიანი,ლევან გველესიანი,,,party_lists_2016_georgia_unified.xlsx
parl_2016,__main__,smd,patriots,"საარჩევნო ბლოკი „დავით თარხან-მოურავი, ირმა ინაშვილი - საქართველოს პატრიოტთა ალიანსი, გაერთიანებული ოპოზიცია”",,7,კრწანისი,,8,მერაბ,ჭიქაშვილი,მერაბ ჭიქაშვილი,,,party_lists_2016_georgia_unified.xlsx
parl_2016,__main__,smd,labour,„შალვა ნათელაშვილი - საქართველოს ლეიბორისტული პარტია”,,7,კრწანისი,,10,ბეჟან,ნათელაშვილი,ბეჟან ნათელაშვილი,,,party_lists_2016_georgia_unified.xlsx
parl_2016,__main__,smd,communist_stalinist,„საქართველოს კომუნისტური პარტია - სტალინელები” (ივანე წიკლაური),,7,კრწანისი,,12,ანა,კანდელაკი,ანა კანდელაკი,,,party_lists_2016_georgia_unified.xlsx
parl_2016,__main__,smd,peace_georgia_2016,„დავით თევზაძე - საქართველოს მშვიდობისათვის”,,7,კრწანისი,,14,დიმიტრი,ივანოვი,დიმიტრი ივანოვი,,,party_lists_2016_georgia_unified.xlsx
parl_2016,__main__,smd,georgia_2016,„საქართველო”,,7,კრწანისი,,17,გიორგი,გვიმრაძე,გიორგი გვიმრაძე,,,party_lists_2016_georgia_unified.xlsx
parl_2016,__main__,smd,georgian_idea,„ქართული იდეა”,,7,კრწანისი,,18,ბექა,ცქიფური,ბექა ცქიფური,,,party_lists_2016_georgia_unified.xlsx
parl_2016,__main__,smd,chvenni_peoples,საარჩევნო ბლოკი „ჩვენები - სახალხო პარტია”,,7,კრწანისი,,23,თამარ,ბოყოველი,თამარ ბოყოველი,,,party_lists_2016_georgia_unified.xlsx
parl_2016,__main__,smd,left_alliance_2016,"„კახა ძაგანია, სოსო შატბერაშვილი, პაატა ჯიბლაძე, არჩილ ბენიძე - მემარცხენე ალიანსი”",,7,კრწანისი,,25,ზურაბი,გოხაძე,ზურაბი გოხაძე,,,party_lists_2016_georgia_unified.xlsx
parl_2016,__main__,smd,free_democrats,„ირაკლი ალასანია - თავისუფალი დემოკრატები”,,7,კრწანისი,,27,ალუდა,გოგლიჩიძე,ალუდა გოგლიჩიძე,,,party_lists_2016_georgia_unified.xlsx
parl_2016,__main__,smd,gd,„ქართული ოცნება - დემოკრატიული საქართველო”,,7,კრწანისი,,41,ბექა,ოდიშარია,ბექა ოდიშარია,,,party_lists_2016_georgia_unified.xlsx
parl_2016,__main__,smd,,"საინიციატივო ჯგუფი - ივერი ყენია, ბაკურ ეფენია, ენძელა შენგელია, რომან დავაძე, ლენა ბეჟიაშვილი",,7,კრწანისი,,42,მანანა,აფხაძე,მანანა აფხაძე,,,party_lists_2016_georgia_unified.xlsx
parl_2016,__main__,smd,burchuladze,საარჩევნო ბლოკი „პაატა ბურჭულაძე - სახელმწიფო ხალხისთვის”,,10,ისანი,,1,თეონა,ჭალიძე,თეონა ჭალიძე,,,party_lists_2016_georgia_unified.xlsx
parl_2016,__main__,smd,burchuladze,საარჩევნო ბლოკი „პაატა ბურჭულაძე - სახელმწიფო ხალხისთვის”,,8,ისანი,,1,სერგო,ჩიხლაძე,სერგო ჩიხლაძე,,,party_lists_2016_georgia_unified.xlsx
parl_2016,__main__,smd,progressive_democratic_2016,"პროგრესულ-დემოკრატიული მოძრაობა (""თქვენგან, თქვენთვის, თქვენთან ერთად!"")",,10,ისანი,,2,თამარ,ვარდანაშვილი,თამარ ვარდანაშვილი,,,party_lists_2016_georgia_unified.xlsx
parl_2016,__main__,smd,progressive_democratic_2016,"პროგრესულ-დემოკრატიული მოძრაობა (""თქვენგან, თქვენთვის, თქვენთან ერთად!"")",,9,ისანი,,2,ალექსი,გაბუნია,ალექსი გაბუნია,,,party_lists_2016_georgia_unified.xlsx
parl_2016,__main__,smd,burjanadze_democratic,საარჩევნო ბლოკი „ნინო ბურჯანაძე - დემოკრატიული მოძრაობა”,,9,ისანი,,3,ნინო,ჭეიშვილი,ნინო ჭეიშვილი,,,party_lists_2016_georgia_unified.xlsx
parl_2016,__main__,smd,burjanadze_democratic,საარჩევნო ბლოკი „ნინო ბურჯანაძე - დემოკრატიული მოძრაობა”,,10,ისანი,,3,გურანდა,გაჩეჩილაძე,გურანდა გაჩეჩილაძე,,,party_lists_2016_georgia_unified.xlsx
parl_2016,__main__,smd,unm,საარჩევნო ბლოკი „ერთიანი ნაციონალური მოძრაობა”,,10,ისანი,,5,ზაზა,კედელაშვილი,ზაზა კედელაშვილი,,,party_lists_2016_georgia_unified.xlsx
parl_2016,__main__,smd,unm,საარჩევნო ბლოკი „ერთიანი ნაციონალური მოძრაობა”,,8,ისანი,,5,გიორგი,ონიანი,გიორგი ონიანი,,,party_lists_2016_georgia_unified.xlsx
parl_2016,__main__,smd,unm,საარჩევნო ბლოკი „ერთიანი ნაციონალური მოძრაობა”,,9,ისანი,,5,ბესიკი,კვიციანი,ბესიკი კვიციანი,,,party_lists_2016_georgia_unified.xlsx
parl_2016,__main__,smd,republicans_2016,„უსუფაშვილი - რესპუბლიკელები”,,10,ისანი,,6,გიორგი,რაზმაძე,გიორგი რაზმაძე,,,party_lists_2016_georgia_unified.xlsx
parl_2016,__main__,smd,mechiauri_united,„თამაზ მეჭიაური ერთიანი საქართველოსთვის”,,9,ისანი,,7,ელენე,გოგებაშვილი,ელენე გოგებაშვილი,,,party_lists_2016_georgia_unified.xlsx
parl_2016,__main__,smd,mechiauri_united,„თამაზ მეჭიაური ერთიანი საქართველოსთვის”,,10,ისანი,,7,ვაჟა,მოთიაშვილი,ვაჟა მოთიაშვილი,,,party_lists_2016_georgia_unified.xlsx
parl_2016,__main__,smd,mechiauri_united,„თამაზ მეჭიაური ერთიანი საქართველოსთვის”,,8,ისანი,,7,მადონა,კანდელაკი,მადონა კანდელაკი,,,party_lists_2016_georgia_unified.xlsx
parl_2016,__main__,smd,patriots,"საარჩევნო ბლოკი „დავით თარხან-მოურავი, ირმა ინაშვილი - საქართველოს პატრიოტთა ალიანსი, გაერთიანებული ოპოზიცია”",,9,ისანი,,8,ნონა,ფილაური,ნონა ფილაური,,,party_lists_2016_georgia_unified.xlsx
parl_2016,__main__,smd,patriots,"საარჩევნო ბლოკი „დავით თარხან-მოურავი, ირმა ინაშვილი - საქართველოს პატრიოტთა ალიანსი, გაერთიანებული ოპოზიცია”",,8,ისანი,,8,გიორგი,ბენაშვილი,გიორგი ბენაშვილი,,,party_lists_2016_georgia_unified.xlsx
parl_2016,__main__,smd,patriots,"საარჩევნო ბლოკი „დავით თარხან-მოურავი, ირმა ინაშვილი - საქართველოს პატრიოტთა ალიანსი, გაერთიანებული ოპოზიცია”",,10,ისანი,,8,ვაჟა,მახარაშვილი,ვაჟა მახარაშვილი,,,party_lists_2016_georgia_unified.xlsx
parl_2016,__main__,smd,labour,„შალვა ნათელაშვილი - საქართველოს ლეიბორისტული პარტია”,,9,ისანი,,10,თეიმურაზი,მჭედლიშვილი,თეიმურაზი მჭედლიშვილი,,,party_lists_2016_georgia_unified.xlsx
parl_2016,__main__,smd,labour,„შალვა ნათელაშვილი - საქართველოს ლეიბორისტული პარტია”,,8,ისანი,,10,ზურაბ,ვაშაკიძე,ზურაბ ვაშაკიძე,,,party_lists_2016_georgia_unified.xlsx
parl_2016,__main__,smd,communist_stalinist,„საქართველოს კომუნისტური პარტია - სტალინელები” (ივანე წიკლაური),,10,ისანი,,12,გურამ,ფოჩხუა,გურამ ფოჩხუა,,,party_lists_2016_georgia_unified.xlsx
parl_2016,__main__,smd,workers_socialist,„მშრომელთა სოციალისტური პარტია”,,10,ისანი,,15,ირინე,რუხაძე,ირინე რუხაძე,,,party_lists_2016_georgia_unified.xlsx
parl_2016,__main__,smd,georgia_2016,„საქართველო”,,8,ისანი,,17,გოჩა,შოშიაშვილი,გოჩა შოშიაშვილი,,,party_lists_2016_georgia_unified.xlsx
parl_2016,__main__,smd,industry_sakartvelo,"საარჩევნო ბლოკი „თოფაძე - მრეწველები, ჩვენი სამშობლო”",,9,ისანი,,19,ტრისტან,წითელაშვილი,ტრისტან წითელაშვილი,,,party_lists_2016_georgia_unified.xlsx
parl_2016,__main__,smd,industry_sakartvelo,"საარჩევნო ბლოკი „თოფაძე - მრეწველები, ჩვენი სამშობლო”",,10,ისანი,,19,ზვიად,გელაშვილი,ზვიად გელაშვილი,,,party_lists_2016_georgia_unified.xlsx
parl_2016,__main__,smd,chvenni_peoples,საარჩევნო ბლოკი „ჩვენები - სახალხო პარტია”,,8,ისანი,,23,არტურ,სარქისიანი,არტურ სარქისიანი,,,party_lists_2016_georgia_unified.xlsx
parl_2016,__main__,smd,chvenni_peoples,საარჩევნო ბლოკი „ჩვენები - სახალხო პარტია”,,9,ისანი,,23,ნანა,ყეინიშვილი,ნანა ყეინიშვილი,,,party_lists_2016_georgia_unified.xlsx
parl_2016,__main__,smd,chvenni_peoples,საარჩევნო ბლოკი „ჩვენები - სახალხო პარტია”,,10,ისანი,,23,ლილი,პეტრიაშვილი,ლილი პეტრიაშვილი,,,party_lists_2016_georgia_unified.xlsx
parl_2016,__main__,smd,left_alliance_2016,"„კახა ძაგანია, სოსო შატბერაშვილი, პაატა ჯიბლაძე, არჩილ ბენიძე - მემარცხენე ალიანსი”",,8,ისანი,,25,ბაკურ,სვანიძე,ბაკურ სვანიძე,,,party_lists_2016_georgia_unified.xlsx
parl_2016,__main__,smd,national_forum,ეროვნული ფორუმი,,9,ისანი,,26,ლია,სტრიჟაკი,ლია სტრიჟაკი,,,party_lists_2016_georgia_unified.xlsx
parl_2016,__main__,smd,national_forum,ეროვნული ფორუმი,,8,ისანი,,26,ბესიკ,ჩუბინიძე,ბესიკ ჩუბინიძე,,,party_lists_2016_georgia_unified.xlsx
parl_2016,__main__,smd,free_democrats,„ირაკლი ალასანია - თავისუფალი დემოკრატები”,,8,ისანი,,27,თენგიზ,ხეჩიკაშვილი,თენგიზ ხეჩიკაშვილი,,,party_lists_2016_georgia_unified.xlsx
parl_2016,__main__,smd,free_democrats,„ირაკლი ალასანია - თავისუფალი დემოკრატები”,,9,ისანი,,27,გიორგი,გოგილაშვილი,გიორგი გოგილაშვილი,,,party_lists_2016_georgia_unified.xlsx
parl_2016,__main__,smd,free_democrats,„ირაკლი ალასანია - თავისუფალი დემოკრატები”,,10,ისანი,,27,ქეთევანი,ენუქიძე,ქეთევანი ენუქიძე,,,party_lists_2016_georgia_unified.xlsx
parl_2016,__main__,smd,gd,„ქართული ოცნება - დემოკრატიული საქართველო”,,10,ისანი,,41,ბექა,ნაცვლიშვილი,ბექა ნაცვლიშვილი,,,party_lists_2016_georgia_unified.xlsx
parl_2016,__main__,smd,gd,„ქართული ოცნება - დემოკრატიული საქართველო”,,8,ისანი,,41,ირაკლი,აბუსერიძე,ირაკლი აბუსერიძე,,,party_lists_2016_georgia_unified.xlsx
parl_2016,__main__,smd,gd,„ქართული ოცნება - დემოკრატიული საქართველო”,,9,ისანი,,41,დავით,ჭიჭინაძე,დავით ჭიჭინაძე,,,party_lists_2016_georgia_unified.xlsx
parl_2016,__main__,smd,,"საინიციატივო ჯგუფი - ეთერ მათურელი,ლავრენტი ალანია, გოჩა ალექსანდრია, ილია ვერძაძე, ირაკლი ამირანაშვილი",,8,ისანი,,42,ირაკლი,პეტრიაშვილი,ირაკლი პეტრიაშვილი,,,party_lists_2016_georgia_unified.xlsx
parl_2016,__main__,smd,,"საინიციატივო ჯგუფი - რობერტ რუშანიანი, მალხაზი გოდერძიშვილი, მანანა დარჩია, მიხეილ ცერაძე, დავით თუხარელი",,10,ისანი,,42,დავით,ჟღენტი,დავით ჟღენტი,,,party_lists_2016_georgia_unified.xlsx
parl_2016,__main__,smd,burchuladze,საარჩევნო ბლოკი „პაატა ბურჭულაძე - სახელმწიფო ხალხისთვის”,,11,სამგორი,,1,ლევან,ხაბეიშვილი,ლევან ხაბეიშვილი,,,party_lists_2016_georgia_unified.xlsx
parl_2016,__main__,smd,burchuladze,საარჩევნო ბლოკი „პაატა ბურჭულაძე - სახელმწიფო ხალხისთვის”,,12,სამგორი,,1,ლევან,იოსავა,ლევან იოსავა,,,party_lists_2016_georgia_unified.xlsx
parl_2016,__main__,smd,burchuladze,საარჩევნო ბლოკი „პაატა ბურჭულაძე - სახელმწიფო ხალხისთვის”,,13,სამგორი,,1,მარინე,ბეკურაული,მარინე ბეკურაული,,,party_lists_2016_georgia_unified.xlsx
parl_2016,__main__,smd,progressive_democratic_2016,"პროგრესულ-დემოკრატიული მოძრაობა (""თქვენგან, თქვენთვის, თქვენთან ერთად!"")",,13,სამგორი,,2,მორისონ,ქობულია,მორისონ ქობულია,,,party_lists_2016_georgia_unified.xlsx
parl_2016,__main__,smd,burjanadze_democratic,საარჩევნო ბლოკი „ნინო ბურჯანაძე - დემოკრატიული მოძრაობა”,,13,სამგორი,,3,გურამ,ფალავანდიშვილი,გურამ ფალავანდიშვილი,,,party_lists_2016_georgia_unified.xlsx
parl_2016,__main__,smd,burjanadze_democratic,საარჩევნო ბლოკი „ნინო ბურჯანაძე - დემოკრატიული მოძრაობა”,,11,სამგორი,,3,ალექსანდრე,რიჟამაძე,ალექსანდრე რიჟამაძე,,,party_lists_2016_georgia_unified.xlsx
parl_2016,__main__,smd,unm,საარჩევნო ბლოკი „ერთიანი ნაციონალური მოძრაობა”,,13,სამგორი,,5,გიორგი,ხახნელიძე,გიორგი ხახნელიძე,,,party_lists_2016_georgia_unified.xlsx
parl_2016,__main__,smd,unm,საარჩევნო ბლოკი „ერთიანი ნაციონალური მოძრაობა”,,12,სამგორი,,5,დათო,ჟღენტი,დათო ჟღენტი,,,party_lists_2016_georgia_unified.xlsx
parl_2016,__main__,smd,unm,საარჩევნო ბლოკი „ერთიანი ნაციონალური მოძრაობა”,,11,სამგორი,,5,ირაკლი,ნადირაძე,ირაკლი ნადირაძე,,,party_lists_2016_georgia_unified.xlsx
parl_2016,__main__,smd,republicans_2016,„უსუფაშვილი - რესპუბლიკელები”,,12,სამგორი,,6,ვლადიმერ,კვიტაშვილი,ვლადიმერ კვიტაშვილი,,,party_lists_2016_georgia_unified.xlsx
parl_2016,__main__,smd,mechiauri_united,„თამაზ მეჭიაური ერთიანი საქართველოსთვის”,,13,სამგორი,,7,ნოდარი,მეცხვარიშვილი,ნოდარი მეცხვარიშვილი,,,party_lists_2016_georgia_unified.xlsx
parl_2016,__main__,smd,mechiauri_united,„თამაზ მეჭიაური ერთიანი საქართველოსთვის”,,11,სამგორი,,7,ვალერიანე,კოპალიანი,ვალერიანე კოპალიანი,,,party_lists_2016_georgia_unified.xlsx
parl_2016,__main__,smd,mechiauri_united,„თამაზ მეჭიაური ერთიანი საქართველოსთვის”,,12,სამგორი,,7,ლაშა,გოლუბიანი,ლაშა გოლუბიანი,,,party_lists_2016_georgia_unified.xlsx
parl_2016,__main__,smd,patriots,"საარჩევნო ბლოკი „დავით თარხან-მოურავი, ირმა ინაშვილი - საქართველოს პატრიოტთა ალიანსი, გაერთიანებული ოპოზიცია”",,12,სამგორი,,8,ზურაბ,ბაქრაძე,ზურაბ ბაქრაძე,,,party_lists_2016_georgia_unified.xlsx
parl_2016,__main__,smd,patriots,"საარჩევნო ბლოკი „დავით თარხან-მოურავი, ირმა ინაშვილი - საქართველოს პატრიოტთა ალიანსი, გაერთიანებული ოპოზიცია”",,13,სამგორი,,8,ბეჟან,გუნავა,ბეჟან გუნავა,,,party_lists_2016_georgia_unified.xlsx
parl_2016,__main__,smd,patriots,"საარჩევნო ბლოკი „დავით თარხან-მოურავი, ირმა ინაშვილი - საქართველოს პატრიოტთა ალიანსი, გაერთიანებული ოპოზიცია”",,11,სამგორი,,8,მიხეილ,ცილიკიშვილი,მიხეილ ცილიკიშვილი,,,party_lists_2016_georgia_unified.xlsx
parl_2016,__main__,smd,labour,„შალვა ნათელაშვილი - საქართველოს ლეიბორისტული პარტია”,,13,სამგორი,,10,ჯუმბერ,გოგრიჭიანი,ჯუმბერ გოგრიჭიანი,,,party_lists_2016_georgia_unified.xlsx
parl_2016,__main__,smd,labour,„შალვა ნათელაშვილი - საქართველოს ლეიბორისტული პარტია”,,12,სამგორი,,10,გიორგი,ჩიტაური,გიორგი ჩიტაური,,,party_lists_2016_georgia_unified.xlsx
parl_2016,__main__,smd,labour,„შალვა ნათელაშვილი - საქართველოს ლეიბორისტული პარტია”,,11,სამგორი,,10,ტატო,მორჩილაძე,ტატო მორჩილაძე,,,party_lists_2016_georgia_unified.xlsx
parl_2016,__main__,smd,communist_stalinist,„საქართველოს კომუნისტური პარტია - სტალინელები” (ივანე წიკლაური),,11,სამგორი,,12,ნიკოლოზი,ბიჭიკაშვილი,ნიკოლოზი ბიჭიკაშვილი,,,party_lists_2016_georgia_unified.xlsx
parl_2016,__main__,smd,peace_georgia_2016,„დავით თევზაძე - საქართველოს მშვიდობისათვის”,,11,სამგორი,,14,იაგო,გოგსაძე,იაგო გოგსაძე,,,party_lists_2016_georgia_unified.xlsx
parl_2016,__main__,smd,peace_georgia_2016,„დავით თევზაძე - საქართველოს მშვიდობისათვის”,,13,სამგორი,,14,ვახტანგ,ნატრაძე,ვახტანგ ნატრაძე,,,party_lists_2016_georgia_unified.xlsx
parl_2016,__main__,smd,georgia_2016,„საქართველო”,,13,სამგორი,,17,ვარლამ,ავალიშვილი,ვარლამ ავალიშვილი,,,party_lists_2016_georgia_unified.xlsx
parl_2016,__main__,smd,georgian_idea,„ქართული იდეა”,,13,სამგორი,,18,რობერტი,წიქარიშვილი,რობერტი წიქარიშვილი,,,party_lists_2016_georgia_unified.xlsx
parl_2016,__main__,smd,georgian_idea,„ქართული იდეა”,,11,სამგორი,,18,ინგა,ხაჩირაშვილი,ინგა ხაჩირაშვილი,,,party_lists_2016_georgia_unified.xlsx
parl_2016,__main__,smd,industry_sakartvelo,"საარჩევნო ბლოკი „თოფაძე - მრეწველები, ჩვენი სამშობლო”",,12,სამგორი,,19,დარეჯან,გუჯეჯიანი,დარეჯან გუჯეჯიანი,,,party_lists_2016_georgia_unified.xlsx
parl_2016,__main__,smd,chvenni_peoples,საარჩევნო ბლოკი „ჩვენები - სახალხო პარტია”,,13,სამგორი,,23,ბორის,ოსეპიანი,ბორის ოსეპიანი,,,party_lists_2016_georgia_unified.xlsx
parl_2016,__main__,smd,chvenni_peoples,საარჩევნო ბლოკი „ჩვენები - სახალხო პარტია”,,11,სამგორი,,23,ურუზმაგ,ქარქუსოვი,ურუზმაგ ქარქუსოვი,,,party_lists_2016_georgia_unified.xlsx
parl_2016,__main__,smd,chvenni_peoples,საარჩევნო ბლოკი „ჩვენები - სახალხო პარტია”,,12,სამგორი,,23,რამაზ,გადაბაძე,რამაზ გადაბაძე,,,party_lists_2016_georgia_unified.xlsx
parl_2016,__main__,smd,national_forum,ეროვნული ფორუმი,,11,სამგორი,,26,რამაზ,ჭანტურია,რამაზ ჭანტურია,,,party_lists_2016_georgia_unified.xlsx
parl_2016,__main__,smd,national_forum,ეროვნული ფორუმი,,12,სამგორი,,26,თეიმურაზ,ბერაძე,თეიმურაზ ბერაძე,,,party_lists_2016_georgia_unified.xlsx
parl_2016,__main__,smd,national_forum,ეროვნული ფორუმი,,13,სამგორი,,26,გოჩა,კუპატაძე,გოჩა კუპატაძე,,,party_lists_2016_georgia_unified.xlsx
parl_2016,__main__,smd,free_democrats,„ირაკლი ალასანია - თავისუფალი დემოკრატები”,,13,სამგორი,,27,ნონა,თოდუა,ნონა თოდუა,,,party_lists_2016_georgia_unified.xlsx
parl_2016,__main__,smd,free_democrats,„ირაკლი ალასანია - თავისუფალი დემოკრატები”,,12,სამგორი,,27,ბესიკ,ბერიძე,ბესიკ ბერიძე,,,party_lists_2016_georgia_unified.xlsx
parl_2016,__main__,smd,free_democrats,„ირაკლი ალასანია - თავისუფალი დემოკრატები”,,11,სამგორი,,27,გურამ,როსტიაშვილი,გურამ როსტიაშვილი,,,party_lists_2016_georgia_unified.xlsx
parl_2016,__main__,smd,gd,„ქართული ოცნება - დემოკრატიული საქართველო”,,11,სამგორი,,41,გიორგი,მოსიძე,გიორგი მოსიძე,,,party_lists_2016_georgia_unified.xlsx
parl_2016,__main__,smd,gd,„ქართული ოცნება - დემოკრატიული საქართველო”,,12,სამგორი,,41,მარიამ,ჯაში,მარიამ ჯაში,,,party_lists_2016_georgia_unified.xlsx
parl_2016,__main__,smd,gd,„ქართული ოცნება - დემოკრატიული საქართველო”,,13,სამგორი,,41,შოთა,ხაბარელი,შოთა ხაბარელი,,,party_lists_2016_georgia_unified.xlsx
parl_2016,__main__,smd,,"საინიციატივო ჯგუფი - 42. გაგა კოპალიანი, ვახტანგ ასათიანი, გიგლა ფრუიძე, დავით ბუაძე, კახაბერ ბაგაური",,12,სამგორი,,42,ირაკლი,შიხიაშვილი,ირაკლი შიხიაშვილი,,,party_lists_2016_georgia_unified.xlsx
parl_2016,__main__,smd,progressive_democratic_2016,"პროგრესულ-დემოკრატიული მოძრაობა (""თქვენგან, თქვენთვის, თქვენთან ერთად!"")",,14,ჩუღურეთი,,2,ნაირა,იაშაღაშვილი,ნაირა იაშაღაშვილი,,,party_lists_2016_georgia_unified.xlsx
parl_2016,__main__,smd,burjanadze_democratic,საარჩევნო ბლოკი „ნინო ბურჯანაძე - დემოკრატიული მოძრაობა”,,14,ჩუღურეთი,,3,ალექსანდრე,მიქაბერიძე,ალექსანდრე მიქაბერიძე,,,party_lists_2016_georgia_unified.xlsx
parl_2016,__main__,smd,unm,საარჩევნო ბლოკი „ერთიანი ნაციონალური მოძრაობა”,,14,ჩუღურეთი,,5,ირაკლი,ჩოლოყაშვილი,ირაკლი ჩოლოყაშვილი,,,party_lists_2016_georgia_unified.xlsx
parl_2016,__main__,smd,mechiauri_united,„თამაზ მეჭიაური ერთიანი საქართველოსთვის”,,14,ჩუღურეთი,,7,ბეჟანი,ხარებაშვილი,ბეჟანი ხარებაშვილი,,,party_lists_2016_georgia_unified.xlsx
parl_2016,__main__,smd,patriots,"საარჩევნო ბლოკი „დავით თარხან-მოურავი, ირმა ინაშვილი - საქართველოს პატრიოტთა ალიანსი, გაერთიანებული ოპოზიცია”",,14,ჩუღურეთი,,8,ზაზა,გურგენიძე,ზაზა გურგენიძე,,,party_lists_2016_georgia_unified.xlsx
parl_2016,__main__,smd,communist_stalinist,„საქართველოს კომუნისტური პარტია - სტალინელები” (ივანე წიკლაური),,14,ჩუღურეთი,,12,ზურაბ,ანდრონიკაშვილი,ზურაბ ანდრონიკაშვილი,,,party_lists_2016_georgia_unified.xlsx
parl_2016,__main__,smd,georgia_2016,„საქართველო”,,14,ჩუღურეთი,,17,გიორგი,გეგეჭკორი,გიორგი გეგეჭკორი,,,party_lists_2016_georgia_unified.xlsx
parl_2016,__main__,smd,georgian_idea,„ქართული იდეა”,,14,ჩუღურეთი,,18,თორნიკე,კივილაძე,თორნიკე კივილაძე,,,party_lists_2016_georgia_unified.xlsx
parl_2016,__main__,smd,industry_sakartvelo,"საარჩევნო ბლოკი „თოფაძე - მრეწველები, ჩვენი სამშობლო”",,14,ჩუღურეთი,,19,ზაზა,აგლაძე,ზაზა აგლაძე,,,party_lists_2016_georgia_unified.xlsx
parl_2016,__main__,smd,free_democrats,„ირაკლი ალასანია - თავისუფალი დემოკრატები”,,14,ჩუღურეთი,,27,დავით,ამაშუკელი,დავით ამაშუკელი,,,party_lists_2016_georgia_unified.xlsx
parl_2016,__main__,smd,zviads_way,„ზვიადის გზა - უფლის სახელით”,,14,ჩუღურეთი,,28,რევაზი,ფახურიძე,რევაზი ფახურიძე,,,party_lists_2016_georgia_unified.xlsx
parl_2016,__main__,smd,gd,„ქართული ოცნება - დემოკრატიული საქართველო”,,14,ჩუღურეთი,,41,გიორგი,ვოლსკი,გიორგი ვოლსკი,,,party_lists_2016_georgia_unified.xlsx
parl_2016,__main__,smd,burchuladze,საარჩევნო ბლოკი „პაატა ბურჭულაძე - სახელმწიფო ხალხისთვის”,,16,დიდუბე,,1,მანანა,ნაჭყებია,მანანა ნაჭყებია,,,party_lists_2016_georgia_unified.xlsx
parl_2016,__main__,smd,burchuladze,საარჩევნო ბლოკი „პაატა ბურჭულაძე - სახელმწიფო ხალხისთვის”,,15,დიდუბე,,1,ირაკლი,ღლონტი,ირაკლი ღლონტი,,,party_lists_2016_georgia_unified.xlsx
parl_2016,__main__,smd,burjanadze_democratic,საარჩევნო ბლოკი „ნინო ბურჯანაძე - დემოკრატიული მოძრაობა”,,15,დიდუბე,,3,ბექა,პეტრიაშვილი,ბექა პეტრიაშვილი,,,party_lists_2016_georgia_unified.xlsx
parl_2016,__main__,smd,burjanadze_democratic,საარჩევნო ბლოკი „ნინო ბურჯანაძე - დემოკრატიული მოძრაობა”,,16,დიდუბე,,3,ნანა,დევდარიანი,ნანა დევდარიანი,,,party_lists_2016_georgia_unified.xlsx
parl_2016,__main__,smd,unm,საარჩევნო ბლოკი „ერთიანი ნაციონალური მოძრაობა”,,15,დიდუბე,,5,დავით,ნაფეტვარიძე,დავით ნაფეტვარიძე,,,party_lists_2016_georgia_unified.xlsx
parl_2016,__main__,smd,unm,საარჩევნო ბლოკი „ერთიანი ნაციონალური მოძრაობა”,,16,დიდუბე,,5,ირაკლი,დვალი,ირაკლი დვალი,,,party_lists_2016_georgia_unified.xlsx
parl_2016,__main__,smd,republicans_2016,„უსუფაშვილი - რესპუბლიკელები”,,15,დიდუბე,,6,ვახტანგ,ხმალაძე,ვახტანგ ხმალაძე,,,party_lists_2016_georgia_unified.xlsx
parl_2016,__main__,smd,mechiauri_united,„თამაზ მეჭიაური ერთიანი საქართველოსთვის”,,15,დიდუბე,,7,ვასილ,ხუციშვილი,ვასილ ხუციშვილი,,,party_lists_2016_georgia_unified.xlsx
parl_2016,__main__,smd,patriots,"საარჩევნო ბლოკი „დავით თარხან-მოურავი, ირმა ინაშვილი - საქართველოს პატრიოტთა ალიანსი, გაერთიანებული ოპოზიცია”",,15,დიდუბე,,8,მანანა,ნიკოლაიშვილი,მანანა ნიკოლაიშვილი,,,party_lists_2016_georgia_unified.xlsx
parl_2016,__main__,smd,patriots,"საარჩევნო ბლოკი „დავით თარხან-მოურავი, ირმა ინაშვილი - საქართველოს პატრიოტთა ალიანსი, გაერთიანებული ოპოზიცია”",,16,დიდუბე,,8,გია,ბერძენიძე,გია ბერძენიძე,,,party_lists_2016_georgia_unified.xlsx
parl_2016,__main__,smd,labour,„შალვა ნათელაშვილი - საქართველოს ლეიბორისტული პარტია”,,15,დიდუბე,,10,მიხეილ,ქუმსიშვილი,მიხეილ ქუმსიშვილი,,,party_lists_2016_georgia_unified.xlsx
parl_2016,__main__,smd,labour,„შალვა ნათელაშვილი - საქართველოს ლეიბორისტული პარტია”,,16,დიდუბე,,10,თათია,კიბაბიძე,თათია კიბაბიძე,,,party_lists_2016_georgia_unified.xlsx
parl_2016,__main__,smd,georgia_2016,„საქართველო”,,16,დიდუბე,,17,თამაზ,ნემსაძე,თამაზ ნემსაძე,,,party_lists_2016_georgia_unified.xlsx
parl_2016,__main__,smd,georgia_2016,„საქართველო”,,15,დიდუბე,,17,დავით,დავითაია,დავით დავითაია,,,party_lists_2016_georgia_unified.xlsx
parl_2016,__main__,smd,chvenni_peoples,საარჩევნო ბლოკი „ჩვენები - სახალხო პარტია”,,15,დიდუბე,,23,კობა,კობახიძე,კობა კობახიძე,,,party_lists_2016_georgia_unified.xlsx
parl_2016,__main__,smd,left_alliance_2016,"„კახა ძაგანია, სოსო შატბერაშვილი, პაატა ჯიბლაძე, არჩილ ბენიძე - მემარცხენე ალიანსი”",,16,დიდუბე,,25,მიხეილ,მგელაძე,მიხეილ მგელაძე,,,party_lists_2016_georgia_unified.xlsx
parl_2016,__main__,smd,left_alliance_2016,"„კახა ძაგანია, სოსო შატბერაშვილი, პაატა ჯიბლაძე, არჩილ ბენიძე - მემარცხენე ალიანსი”",,15,დიდუბე,,25,იოსებ,გოგუაძე,იოსებ გოგუაძე,,,party_lists_2016_georgia_unified.xlsx
parl_2016,__main__,smd,national_forum,ეროვნული ფორუმი,,16,დიდუბე,,26,დავით,სოსელია,დავით სოსელია,,,party_lists_2016_georgia_unified.xlsx
parl_2016,__main__,smd,national_forum,ეროვნული ფორუმი,,15,დიდუბე,,26,შოთა,იამანიძე,შოთა იამანიძე,,,party_lists_2016_georgia_unified.xlsx
parl_2016,__main__,smd,free_democrats,„ირაკლი ალასანია - თავისუფალი დემოკრატები”,,15,დიდუბე,,27,ზურაბ,აბაშიძე,ზურაბ აბაშიძე,,,party_lists_2016_georgia_unified.xlsx
parl_2016,__main__,smd,free_democrats,„ირაკლი ალასანია - თავისუფალი დემოკრატები”,,16,დიდუბე,,27,ლევან,სამუშია,ლევან სამუშია,,,party_lists_2016_georgia_unified.xlsx
parl_2016,__main__,smd,gd,„ქართული ოცნება - დემოკრატიული საქართველო”,,16,დიდუბე,,41,ივლიანე,წულაია,ივლიანე წულაია,,,party_lists_2016_georgia_unified.xlsx
parl_2016,__main__,smd,gd,„ქართული ოცნება - დემოკრატიული საქართველო”,,15,დიდუბე,,41,ზაზა,პაპუაშვილი,ზაზა პაპუაშვილი,,,party_lists_2016_georgia_unified.xlsx
parl_2016,__main__,smd,,"საინიციატივო ჯგუფი - 42. ნანა დარისპანაშვილი, ნათელა შარიქაძე, ნათელა აშუღიშვილი, გრანტი გრიგორიანი, ამალია არუთინოვა",,15,დიდუბე,,42,გიორგი,რურუა,გიორგი რურუა,,,party_lists_2016_georgia_unified.xlsx
parl_2016,__main__,smd,,"საინიციატივო ჯგუფი - 43. გოჩა ხეცურიანი, მერაბ ემუხვარი, ადა ძაძამია, ვლადიმირ გოჩალეიშვილი, ლამარა ალანია",,16,დიდუბე,,43,ზურაბ,ჩიქოვანი,ზურაბ ჩიქოვანი,,,party_lists_2016_georgia_unified.xlsx
parl_2016,__main__,smd,,"საინიციატივო ჯგუფი - 44. დიმიტრი მეჭურჭლიშვილი, მარიამ ჭანტურია, მიხეილ თამასიძე, ირაკლი იოსელიანი, შოთა ხუბუტია",,15,დიდუბე,,44,დავით,ფერაძე,დავით ფერაძე,,,party_lists_2016_georgia_unified.xlsx
parl_2016,__main__,smd,burchuladze,საარჩევნო ბლოკი „პაატა ბურჭულაძე - სახელმწიფო ხალხისთვის”,,17,ნაძალადევი,,1,დავით,ნიშნიანიძე,დავით ნიშნიანიძე,,,party_lists_2016_georgia_unified.xlsx
parl_2016,__main__,smd,burchuladze,საარჩევნო ბლოკი „პაატა ბურჭულაძე - სახელმწიფო ხალხისთვის”,,18,ნაძალადევი,,1,ტარიელ,ჭულუხაძე,ტარიელ ჭულუხაძე,,,party_lists_2016_georgia_unified.xlsx
parl_2016,__main__,smd,burchuladze,საარჩევნო ბლოკი „პაატა ბურჭულაძე - სახელმწიფო ხალხისთვის”,,19,ნაძალადევი,,1,გიორგი,ეგრისელაშვილი,გიორგი ეგრისელაშვილი,,,party_lists_2016_georgia_unified.xlsx
parl_2016,__main__,smd,progressive_democratic_2016,"პროგრესულ-დემოკრატიული მოძრაობა (""თქვენგან, თქვენთვის, თქვენთან ერთად!"")",,17,ნაძალადევი,,2,ლევან,პაპაშვილი,ლევან პაპაშვილი,,,party_lists_2016_georgia_unified.xlsx
parl_2016,__main__,smd,burjanadze_democratic,საარჩევნო ბლოკი „ნინო ბურჯანაძე - დემოკრატიული მოძრაობა”,,17,ნაძალადევი,,3,თენგიზ,მუჯარიძე,თენგიზ მუჯარიძე,,,party_lists_2016_georgia_unified.xlsx
parl_2016,__main__,smd,burjanadze_democratic,საარჩევნო ბლოკი „ნინო ბურჯანაძე - დემოკრატიული მოძრაობა”,,18,ნაძალადევი,,3,დიმიტრი,ლორთქიფანიძე,დიმიტრი ლორთქიფანიძე,,,party_lists_2016_georgia_unified.xlsx
parl_2016,__main__,smd,unm,საარჩევნო ბლოკი „ერთიანი ნაციონალური მოძრაობა”,,18,ნაძალადევი,,5,მამუკა,გუგეშაშვილი,მამუკა გუგეშაშვილი,,,party_lists_2016_georgia_unified.xlsx
parl_2016,__main__,smd,unm,საარჩევნო ბლოკი „ერთიანი ნაციონალური მოძრაობა”,,19,ნაძალადევი,,5,ლერი,დემეტრაშვილი,ლერი დემეტრაშვილი,,,party_lists_2016_georgia_unified.xlsx
parl_2016,__main__,smd,unm,საარჩევნო ბლოკი „ერთიანი ნაციონალური მოძრაობა”,,17,ნაძალადევი,,5,მურმან,თხელიძე,მურმან თხელიძე,,,party_lists_2016_georgia_unified.xlsx
parl_2016,__main__,smd,mechiauri_united,„თამაზ მეჭიაური ერთიანი საქართველოსთვის”,,17,ნაძალადევი,,7,თამაზ,ჭეიშვილი,თამაზ ჭეიშვილი,,,party_lists_2016_georgia_unified.xlsx
parl_2016,__main__,smd,mechiauri_united,„თამაზ მეჭიაური ერთიანი საქართველოსთვის”,,18,ნაძალადევი,,7,დავით,ფაცაცია,დავით ფაცაცია,,,party_lists_2016_georgia_unified.xlsx
parl_2016,__main__,smd,mechiauri_united,„თამაზ მეჭიაური ერთიანი საქართველოსთვის”,,19,ნაძალადევი,,7,მანუჩარ,მაჩაიძე,მანუჩარ მაჩაიძე,,,party_lists_2016_georgia_unified.xlsx
parl_2016,__main__,smd,patriots,"საარჩევნო ბლოკი „დავით თარხან-მოურავი, ირმა ინაშვილი - საქართველოს პატრიოტთა ალიანსი, გაერთიანებული ოპოზიცია”",,17,ნაძალადევი,,8,ლალი,მოროშკინა,ლალი მოროშკინა,,,party_lists_2016_georgia_unified.xlsx
parl_2016,__main__,smd,patriots,"საარჩევნო ბლოკი „დავით თარხან-მოურავი, ირმა ინაშვილი - საქართველოს პატრიოტთა ალიანსი, გაერთიანებული ოპოზიცია”",,18,ნაძალადევი,,8,გრიგოლ,ჯოჯუა,გრიგოლ ჯოჯუა,,,party_lists_2016_georgia_unified.xlsx
parl_2016,__main__,smd,labour,„შალვა ნათელაშვილი - საქართველოს ლეიბორისტული პარტია”,,17,ნაძალადევი,,10,ვახტანგი,ბოლოთაშვილი,ვახტანგი ბოლოთაშვილი,,,party_lists_2016_georgia_unified.xlsx
parl_2016,__main__,smd,labour,„შალვა ნათელაშვილი - საქართველოს ლეიბორისტული პარტია”,,18,ნაძალადევი,,10,ასმათ,ტყაბლაძე,ასმათ ტყაბლაძე,,,party_lists_2016_georgia_unified.xlsx
parl_2016,__main__,smd,labour,„შალვა ნათელაშვილი - საქართველოს ლეიბორისტული პარტია”,,19,ნაძალადევი,,10,ნათია,შარაშანიძე,ნათია შარაშანიძე,,,party_lists_2016_georgia_unified.xlsx
parl_2016,__main__,smd,communist_stalinist,„საქართველოს კომუნისტური პარტია - სტალინელები” (ივანე წიკლაური),,17,ნაძალადევი,,12,თეიმურაზ,ჯანიკაშვილი,თეიმურაზ ჯანიკაშვილი,,,party_lists_2016_georgia_unified.xlsx
parl_2016,__main__,smd,peace_georgia_2016,„დავით თევზაძე - საქართველოს მშვიდობისათვის”,,18,ნაძალადევი,,14,მირიანი,რთველიაშვილი,მირიანი რთველიაშვილი,,,party_lists_2016_georgia_unified.xlsx
parl_2016,__main__,smd,workers_socialist,„მშრომელთა სოციალისტური პარტია”,,17,ნაძალადევი,,15,ნუგზარ,ვაშაკიძე,ნუგზარ ვაშაკიძე,,,party_lists_2016_georgia_unified.xlsx
parl_2016,__main__,smd,georgia_2016,„საქართველო”,,18,ნაძალადევი,,17,ზურაბ,მუმლაძე,ზურაბ მუმლაძე,,,party_lists_2016_georgia_unified.xlsx
parl_2016,__main__,smd,georgia_2016,„საქართველო”,,19,ნაძალადევი,,17,ვაკო,ფაჟავა,ვაკო ფაჟავა,,,party_lists_2016_georgia_unified.xlsx
parl_2016,__main__,smd,industry_sakartvelo,"საარჩევნო ბლოკი „თოფაძე - მრეწველები, ჩვენი სამშობლო”",,19,ნაძალადევი,,19,გიორგი,კორკოტაშვილი,გიორგი კორკოტაშვილი,,,party_lists_2016_georgia_unified.xlsx
parl_2016,__main__,smd,industry_sakartvelo,"საარჩევნო ბლოკი „თოფაძე - მრეწველები, ჩვენი სამშობლო”",,17,ნაძალადევი,,19,ლევან,ვარდიაშვილი,ლევან ვარდიაშვილი,,,party_lists_2016_georgia_unified.xlsx
parl_2016,__main__,smd,industry_sakartvelo,"საარჩევნო ბლოკი „თოფაძე - მრეწველები, ჩვენი სამშობლო”",,18,ნაძალადევი,,19,მალხაზ,დოლიძე,მალხაზ დოლიძე,,,party_lists_2016_georgia_unified.xlsx
parl_2016,__main__,smd,chvenni_peoples,საარჩევნო ბლოკი „ჩვენები - სახალხო პარტია”,,17,ნაძალადევი,,23,ვერა,ყურულაშვილი,ვერა ყურულაშვილი,,,party_lists_2016_georgia_unified.xlsx
parl_2016,__main__,smd,chvenni_peoples,საარჩევნო ბლოკი „ჩვენები - სახალხო პარტია”,,18,ნაძალადევი,,23,ლიანა,პეტრიაშვილი,ლიანა პეტრიაშვილი,,,party_lists_2016_georgia_unified.xlsx
parl_2016,__main__,smd,chvenni_peoples,საარჩევნო ბლოკი „ჩვენები - სახალხო პარტია”,,19,ნაძალადევი,,23,ირაკლი,ტორონჯაძე,ირაკლი ტორონჯაძე,,,party_lists_2016_georgia_unified.xlsx
parl_2016,__main__,smd,national_forum,ეროვნული ფორუმი,,17,ნაძალადევი,,26,თამარი,ციხისელი,თამარი ციხისელი,,,party_lists_2016_georgia_unified.xlsx
parl_2016,__main__,smd,national_forum,ეროვნული ფორუმი,,19,ნაძალადევი,,26,თემურ,მაისურაძე,თემურ მაისურაძე,,,party_lists_2016_georgia_unified.xlsx
parl_2016,__main__,smd,free_democrats,„ირაკლი ალასანია - თავისუფალი დემოკრატები”,,17,ნაძალადევი,,27,ლევანი,მელიქია,ლევანი მელიქია,,,party_lists_2016_georgia_unified.xlsx
parl_2016,__main__,smd,free_democrats,„ირაკლი ალასანია - თავისუფალი დემოკრატები”,,19,ნაძალადევი,,27,რამაზ,გრიგალაშვილი,რამაზ გრიგალაშვილი,,,party_lists_2016_georgia_unified.xlsx
parl_2016,__main__,smd,free_democrats,„ირაკლი ალასანია - თავისუფალი დემოკრატები”,,18,ნაძალადევი,,27,ზეზვა,ნაცვლიშვილი,ზეზვა ნაცვლიშვილი,,,party_lists_2016_georgia_unified.xlsx
parl_2016,__main__,smd,zviads_way,„ზვიადის გზა - უფლის სახელით”,,17,ნაძალადევი,,28,ნატო,ფავლენიშვილი,ნატო ფავლენიშვილი,,,party_lists_2016_georgia_unified.xlsx
parl_2016,__main__,smd,zviads_way,„ზვიადის გზა - უფლის სახელით”,,19,ნაძალადევი,,28,ნანა,კოდელაშვილი,ნანა კოდელაშვილი,,,party_lists_2016_georgia_unified.xlsx
parl_2016,__main__,smd,gd,„ქართული ოცნება - დემოკრატიული საქართველო”,,19,ნაძალადევი,,41,ზაზა,გაბუნია,ზაზა გაბუნია,,,party_lists_2016_georgia_unified.xlsx
parl_2016,__main__,smd,gd,„ქართული ოცნება - დემოკრატიული საქართველო”,,17,ნაძალადევი,,41,სოფიო,კილაძე,სოფიო კილაძე,,,party_lists_2016_georgia_unified.xlsx
parl_2016,__main__,smd,gd,„ქართული ოცნება - დემოკრატიული საქართველო”,,18,ნაძალადევი,,41,მიხეილ,ყაველაშვილი,მიხეილ ყაველაშვილი,,,party_lists_2016_georgia_unified.xlsx
parl_2016,__main__,smd,,"საინიციატივო ჯგუფი - ნინო მუსერიძე, სალომე ვაწაძე, ნინო ღაჭავა, თეონა მჭედლიშვილი, ლელა ბაზუაშვილი",,18,ნაძალადევი,,42,თამარ,იარაჯული,თამარ იარაჯული,,,party_lists_2016_georgia_unified.xlsx
parl_2016,__main__,smd,,"საინიციატივო ჯგუფი - გოგა სიჭინავა, გიგა ბექაური, მიშიკო ირემაძე, გიორგი მენთეშაშვილი, ოთარ ნაჭყებია.",,17,ნაძალადევი,,42,გიორგი,აფციაური,გიორგი აფციაური,,,party_lists_2016_georgia_unified.xlsx
parl_2016,__main__,smd,burchuladze,საარჩევნო ბლოკი „პაატა ბურჭულაძე - სახელმწიფო ხალხისთვის”,,20,გლდანი,,1,ნანა,ტოხვაძე,ნანა ტოხვაძე,,,party_lists_2016_georgia_unified.xlsx
parl_2016,__main__,smd,progressive_democratic_2016,"პროგრესულ-დემოკრატიული მოძრაობა (""თქვენგან, თქვენთვის, თქვენთან ერთად!"")",,20,გლდანი,,2,ხათუნა,იარდალაშვილი,ხათუნა იარდალაშვილი,,,party_lists_2016_georgia_unified.xlsx
parl_2016,__main__,smd,progressive_democratic_2016,"პროგრესულ-დემოკრატიული მოძრაობა (""თქვენგან, თქვენთვის, თქვენთან ერთად!"")",,22,გლდანი,,2,ელგუჯა,კეკუტია,ელგუჯა კეკუტია,,,party_lists_2016_georgia_unified.xlsx
parl_2016,__main__,smd,burjanadze_democratic,საარჩევნო ბლოკი „ნინო ბურჯანაძე - დემოკრატიული მოძრაობა”,,22,გლდანი,,3,ბესიკი,დანელია,ბესიკი დანელია,,,party_lists_2016_georgia_unified.xlsx
parl_2016,__main__,smd,burjanadze_democratic,საარჩევნო ბლოკი „ნინო ბურჯანაძე - დემოკრატიული მოძრაობა”,,20,გლდანი,,3,ლალი,კაპანაძე,ლალი კაპანაძე,,,party_lists_2016_georgia_unified.xlsx
parl_2016,__main__,smd,georgian_group,„ჯონდი ბაღათურია - ქართული დასი”,,22,გლდანი,,4,ავთანდილ,საყვარელიძე,ავთანდილ საყვარელიძე,,,party_lists_2016_georgia_unified.xlsx
parl_2016,__main__,smd,unm,საარჩევნო ბლოკი „ერთიანი ნაციონალური მოძრაობა”,,20,გლდანი,,5,ალექსანდრე,ჩაფიჩაძე,ალექსანდრე ჩაფიჩაძე,,,party_lists_2016_georgia_unified.xlsx
parl_2016,__main__,smd,unm,საარჩევნო ბლოკი „ერთიანი ნაციონალური მოძრაობა”,,22,გლდანი,,5,გიორგი,ბარამიძე,გიორგი ბარამიძე,,,party_lists_2016_georgia_unified.xlsx
parl_2016,__main__,smd,unm,საარჩევნო ბლოკი „ერთიანი ნაციონალური მოძრაობა”,,21,გლდანი,,5,სერგო,რატიანი,სერგო რატიანი,,,party_lists_2016_georgia_unified.xlsx
parl_2016,__main__,smd,mechiauri_united,„თამაზ მეჭიაური ერთიანი საქართველოსთვის”,,20,გლდანი,,7,ზაზა,ხოსროშვილი,ზაზა ხოსროშვილი,,,party_lists_2016_georgia_unified.xlsx
parl_2016,__main__,smd,mechiauri_united,„თამაზ მეჭიაური ერთიანი საქართველოსთვის”,,21,გლდანი,,7,შუქრი,მეგრელიშვილი,შუქრი მეგრელიშვილი,,,party_lists_2016_georgia_unified.xlsx
parl_2016,__main__,smd,mechiauri_united,„თამაზ მეჭიაური ერთიანი საქართველოსთვის”,,22,გლდანი,,7,მირზა,კენკიშვილი,მირზა კენკიშვილი,,,party_lists_2016_georgia_unified.xlsx
parl_2016,__main__,smd,patriots,"საარჩევნო ბლოკი „დავით თარხან-მოურავი, ირმა ინაშვილი - საქართველოს პატრიოტთა ალიანსი, გაერთიანებული ოპოზიცია”",,20,გლდანი,,8,გიორგი,სუხიშვილი,გიორგი სუხიშვილი,,,party_lists_2016_georgia_unified.xlsx
parl_2016,__main__,smd,patriots,"საარჩევნო ბლოკი „დავით თარხან-მოურავი, ირმა ინაშვილი - საქართველოს პატრიოტთა ალიანსი, გაერთიანებული ოპოზიცია”",,21,გლდანი,,8,მამუკა,ტუსკაძე,მამუკა ტუსკაძე,,,party_lists_2016_georgia_unified.xlsx
parl_2016,__main__,smd,patriots,"საარჩევნო ბლოკი „დავით თარხან-მოურავი, ირმა ინაშვილი - საქართველოს პატრიოტთა ალიანსი, გაერთიანებული ოპოზიცია”",,22,გლდანი,,8,კახა,კუკავა,კახა კუკავა,,,party_lists_2016_georgia_unified.xlsx
parl_2016,__main__,smd,labour,„შალვა ნათელაშვილი - საქართველოს ლეიბორისტული პარტია”,,20,გლდანი,,10,პაატა,ჩოხელი,პაატა ჩოხელი,,,party_lists_2016_georgia_unified.xlsx
parl_2016,__main__,smd,labour,„შალვა ნათელაშვილი - საქართველოს ლეიბორისტული პარტია”,,21,გლდანი,,10,დავით,კაიშაური,დავით კაიშაური,,,party_lists_2016_georgia_unified.xlsx
parl_2016,__main__,smd,labour,„შალვა ნათელაშვილი - საქართველოს ლეიბორისტული პარტია”,,22,გლდანი,,10,თემურ,წიკლაური,თემურ წიკლაური,,,party_lists_2016_georgia_unified.xlsx
parl_2016,__main__,smd,communist_stalinist,„საქართველოს კომუნისტური პარტია - სტალინელები” (ივანე წიკლაური),,20,გლდანი,,12,არჩილ,იოსელიანი,არჩილ იოსელიანი,,,party_lists_2016_georgia_unified.xlsx
parl_2016,__main__,smd,communist_stalinist,„საქართველოს კომუნისტური პარტია - სტალინელები” (ივანე წიკლაური),,21,გლდანი,,12,მანანა,ხეჩიკაშვილი,მანანა ხეჩიკაშვილი,,,party_lists_2016_georgia_unified.xlsx
parl_2016,__main__,smd,communist_stalinist,„საქართველოს კომუნისტური პარტია - სტალინელები” (ივანე წიკლაური),,22,გლდანი,,12,კუკური,შონია,კუკური შონია,,,party_lists_2016_georgia_unified.xlsx
parl_2016,__main__,smd,peace_georgia_2016,„დავით თევზაძე - საქართველოს მშვიდობისათვის”,,22,გლდანი,,14,ლევან,ღვინიაშვილი,ლევან ღვინიაშვილი,,,party_lists_2016_georgia_unified.xlsx
parl_2016,__main__,smd,workers_socialist,„მშრომელთა სოციალისტური პარტია”,,21,გლდანი,,15,თენგიზი,სიგუა,თენგიზი სიგუა,,,party_lists_2016_georgia_unified.xlsx
parl_2016,__main__,smd,georgia_2016,„საქართველო”,,22,გლდანი,,17,დავით,სიხარულიძე,დავით სიხარულიძე,,,party_lists_2016_georgia_unified.xlsx
parl_2016,__main__,smd,georgia_2016,„საქართველო”,,20,გლდანი,,17,თამაზი,ღუღუნიშვილი,თამაზი ღუღუნიშვილი,,,party_lists_2016_georgia_unified.xlsx
parl_2016,__main__,smd,georgia_2016,„საქართველო”,,21,გლდანი,,17,ნინო,ლაშხია,ნინო ლაშხია,,,party_lists_2016_georgia_unified.xlsx
parl_2016,__main__,smd,industry_sakartvelo,"საარჩევნო ბლოკი „თოფაძე - მრეწველები, ჩვენი სამშობლო”",,20,გლდანი,,19,ჯემალ,გახოკიძე,ჯემალ გახოკიძე,,,party_lists_2016_georgia_unified.xlsx
parl_2016,__main__,smd,chvenni_peoples,საარჩევნო ბლოკი „ჩვენები - სახალხო პარტია”,,20,გლდანი,,23,ავთანდილ,ხიზანიშვილი,ავთანდილ ხიზანიშვილი,,,party_lists_2016_georgia_unified.xlsx
parl_2016,__main__,smd,chvenni_peoples,საარჩევნო ბლოკი „ჩვენები - სახალხო პარტია”,,22,გლდანი,,23,სერგო,ხაჩატურიან,სერგო ხაჩატურიან,,,party_lists_2016_georgia_unified.xlsx
parl_2016,__main__,smd,left_alliance_2016,"„კახა ძაგანია, სოსო შატბერაშვილი, პაატა ჯიბლაძე, არჩილ ბენიძე - მემარცხენე ალიანსი”",,20,გლდანი,,25,ელზა,ჯმუხაძე,ელზა ჯმუხაძე,,,party_lists_2016_georgia_unified.xlsx
parl_2016,__main__,smd,national_forum,ეროვნული ფორუმი,,20,გლდანი,,26,გიული,შენგელია,გიული შენგელია,,,party_lists_2016_georgia_unified.xlsx
parl_2016,__main__,smd,national_forum,ეროვნული ფორუმი,,21,გლდანი,,26,ვახტანგ,შუკვანი,ვახტანგ შუკვანი,,,party_lists_2016_georgia_unified.xlsx
parl_2016,__main__,smd,national_forum,ეროვნული ფორუმი,,22,გლდანი,,26,დავით,დარახველიძე,დავით დარახველიძე,,,party_lists_2016_georgia_unified.xlsx
parl_2016,__main__,smd,free_democrats,„ირაკლი ალასანია - თავისუფალი დემოკრატები”,,20,გლდანი,,27,დევი,ტაბიძე,დევი ტაბიძე,,,party_lists_2016_georgia_unified.xlsx
parl_2016,__main__,smd,free_democrats,„ირაკლი ალასანია - თავისუფალი დემოკრატები”,,21,გლდანი,,27,ამირან,გიგუაშვილი,ამირან გიგუაშვილი,,,party_lists_2016_georgia_unified.xlsx
parl_2016,__main__,smd,free_democrats,„ირაკლი ალასანია - თავისუფალი დემოკრატები”,,22,გლდანი,,27,ვახტანგ,მაჭავარიანი,ვახტანგ მაჭავარიანი,,,party_lists_2016_georgia_unified.xlsx
parl_2016,__main__,smd,gd,„ქართული ოცნება - დემოკრატიული საქართველო”,,22,გლდანი,,41,ლევანი,კობერიძე,ლევანი კობერიძე,,,party_lists_2016_georgia_unified.xlsx
parl_2016,__main__,smd,gd,„ქართული ოცნება - დემოკრატიული საქართველო”,,20,გლდანი,,41,კობა,კობალაძე,კობა კობალაძე,,,party_lists_2016_georgia_unified.xlsx
parl_2016,__main__,smd,gd,„ქართული ოცნება - დემოკრატიული საქართველო”,,21,გლდანი,,41,ლევან,კობიაშვილი,ლევან კობიაშვილი,,,party_lists_2016_georgia_unified.xlsx
parl_2016,__main__,smd,burchuladze,საარჩევნო ბლოკი „პაატა ბურჭულაძე - სახელმწიფო ხალხისთვის”,,23,საგარეჯო,,1,თორნიკე,ჩუნთიშვილი,თორნიკე ჩუნთიშვილი,,,party_lists_2016_georgia_unified.xlsx
parl_2016,__main__,smd,burjanadze_democratic,საარჩევნო ბლოკი „ნინო ბურჯანაძე - დემოკრატიული მოძრაობა”,,23,საგარეჯო,,3,ალექსანდრე,ჩაფიძე,ალექსანდრე ჩაფიძე,,,party_lists_2016_georgia_unified.xlsx
parl_2016,__main__,smd,unm,საარჩევნო ბლოკი „ერთიანი ნაციონალური მოძრაობა”,,23,საგარეჯო,,5,ზურაბ,ჭიაბერაშვილი,ზურაბ ჭიაბერაშვილი,,,party_lists_2016_georgia_unified.xlsx
parl_2016,__main__,smd,patriots,"საარჩევნო ბლოკი „დავით თარხან-მოურავი, ირმა ინაშვილი - საქართველოს პატრიოტთა ალიანსი, გაერთიანებული ოპოზიცია”",,23,საგარეჯო,,8,ირმა,ინაშვილი,ირმა ინაშვილი,,,party_lists_2016_georgia_unified.xlsx
parl_2016,__main__,smd,communist_stalinist,„საქართველოს კომუნისტური პარტია - სტალინელები” (ივანე წიკლაური),,23,საგარეჯო,,12,იური,ყვარელაშვილი,იური ყვარელაშვილი,,,party_lists_2016_georgia_unified.xlsx
parl_2016,__main__,smd,gd,„ქართული ოცნება - დემოკრატიული საქართველო”,,23,საგარეჯო,,41,რომან,მუჩიაშვილი,რომან მუჩიაშვილი,,,party_lists_2016_georgia_unified.xlsx
parl_2016,__main__,smd,,საინიციატივო ჯგუფი - 1. არზუმან აბბასოვი; აფკან იოლჩიევი; მუბარიზ მამედოვი; ოსმან მამედოვი; ფადირხან ხეირხაბაროვი;,,23,საგარეჯო,,42,კაზანფარ,მამედოვი,კაზანფარ მამედოვი,,,party_lists_2016_georgia_unified.xlsx
parl_2016,__main__,smd,burchuladze,საარჩევნო ბლოკი „პაატა ბურჭულაძე - სახელმწიფო ხალხისთვის”,,24,გურჯაანი,,1,გიორგი,ხაზიური,გიორგი ხაზიური,,,party_lists_2016_georgia_unified.xlsx
parl_2016,__main__,smd,burjanadze_democratic,საარჩევნო ბლოკი „ნინო ბურჯანაძე - დემოკრატიული მოძრაობა”,,24,გურჯაანი,,3,გია,ხელაშვილი,გია ხელაშვილი,,,party_lists_2016_georgia_unified.xlsx
parl_2016,__main__,smd,unm,საარჩევნო ბლოკი „ერთიანი ნაციონალური მოძრაობა”,,24,გურჯაანი,,5,გიორგი,ღვინიაშვილი,გიორგი ღვინიაშვილი,,,party_lists_2016_georgia_unified.xlsx
parl_2016,__main__,smd,republicans_2016,„უსუფაშვილი - რესპუბლიკელები”,,24,გურჯაანი,,6,ზვიადი,ყვირალაშვილი,ზვიადი ყვირალაშვილი,,,party_lists_2016_georgia_unified.xlsx
parl_2016,__main__,smd,mechiauri_united,„თამაზ მეჭიაური ერთიანი საქართველოსთვის”,,24,გურჯაანი,,7,ნოდარი,ქაჩლიშვილი,ნოდარი ქაჩლიშვილი,,,party_lists_2016_georgia_unified.xlsx
parl_2016,__main__,smd,patriots,"საარჩევნო ბლოკი „დავით თარხან-მოურავი, ირმა ინაშვილი - საქართველოს პატრიოტთა ალიანსი, გაერთიანებული ოპოზიცია”",,24,გურჯაანი,,8,ნათია,გიორგაძე,ნათია გიორგაძე,,,party_lists_2016_georgia_unified.xlsx
parl_2016,__main__,smd,labour,„შალვა ნათელაშვილი - საქართველოს ლეიბორისტული პარტია”,,24,გურჯაანი,,10,ზურაბი,სეფიაშვილი,ზურაბი სეფიაშვილი,,,party_lists_2016_georgia_unified.xlsx
parl_2016,__main__,smd,communist_stalinist,„საქართველოს კომუნისტური პარტია - სტალინელები” (ივანე წიკლაური),,24,გურჯაანი,,12,ლენა,მოდებაძე,ლენა მოდებაძე,,,party_lists_2016_georgia_unified.xlsx
parl_2016,__main__,smd,peace_georgia_2016,„დავით თევზაძე - საქართველოს მშვიდობისათვის”,,24,გურჯაანი,,14,თამარ,ბაწაშვილი,თამარ ბაწაშვილი,,,party_lists_2016_georgia_unified.xlsx
parl_2016,__main__,smd,industry_sakartvelo,"საარჩევნო ბლოკი „თოფაძე - მრეწველები, ჩვენი სამშობლო”",,24,გურჯაანი,,19,ვალერი,შოშიაშვილი,ვალერი შოშიაშვილი,,,party_lists_2016_georgia_unified.xlsx
parl_2016,__main__,smd,national_forum,ეროვნული ფორუმი,,24,გურჯაანი,,26,ბესარიონ,ჩუგოშვილი,ბესარიონ ჩუგოშვილი,,,party_lists_2016_georgia_unified.xlsx
parl_2016,__main__,smd,gd,„ქართული ოცნება - დემოკრატიული საქართველო”,,24,გურჯაანი,,41,დავით,სონღულაშვილი,დავით სონღულაშვილი,,,party_lists_2016_georgia_unified.xlsx
parl_2016,__main__,smd,,საინიციატივო ჯგუფი - 42. ნათელა ბიწკინაშვილი; ამირან გეთიაშვილი; გივი გოგიშვილი; ლიანა გიორგაძე; მიხეილი ფურცელაძე;,,24,გურჯაანი,,42,ელგუჯა,გიორგაძე,ელგუჯა გიორგაძე,,,party_lists_2016_georgia_unified.xlsx
parl_2016,__main__,smd,burchuladze,საარჩევნო ბლოკი „პაატა ბურჭულაძე - სახელმწიფო ხალხისთვის”,,25,სიღნაღი,,1,გიორგი,მჭედლიშვილი,გიორგი მჭედლიშვილი,,,party_lists_2016_georgia_unified.xlsx
parl_2016,__main__,smd,burjanadze_democratic,საარჩევნო ბლოკი „ნინო ბურჯანაძე - დემოკრატიული მოძრაობა”,,25,სიღნაღი,,3,მამუკა,ყაჯრიშვილი,მამუკა ყაჯრიშვილი,,,party_lists_2016_georgia_unified.xlsx
parl_2016,__main__,smd,unm,საარჩევნო ბლოკი „ერთიანი ნაციონალური მოძრაობა”,,25,სიღნაღი,,5,ლევან,ბეჟაშვილი,ლევან ბეჟაშვილი,,,party_lists_2016_georgia_unified.xlsx
parl_2016,__main__,smd,republicans_2016,„უსუფაშვილი - რესპუბლიკელები”,,25,სიღნაღი,,6,ნოდარ,ტოკლიკიშვილი,ნოდარ ტოკლიკიშვილი,,,party_lists_2016_georgia_unified.xlsx
parl_2016,__main__,smd,patriots,"საარჩევნო ბლოკი „დავით თარხან-მოურავი, ირმა ინაშვილი - საქართველოს პატრიოტთა ალიანსი, გაერთიანებული ოპოზიცია”",,25,სიღნაღი,,8,ანა,ალავერდაშვილი,ანა ალავერდაშვილი,,,party_lists_2016_georgia_unified.xlsx
parl_2016,__main__,smd,labour,„შალვა ნათელაშვილი - საქართველოს ლეიბორისტული პარტია”,,25,სიღნაღი,,10,ნინო,მაზანაშვილი,ნინო მაზანაშვილი,,,party_lists_2016_georgia_unified.xlsx
parl_2016,__main__,smd,industry_sakartvelo,"საარჩევნო ბლოკი „თოფაძე - მრეწველები, ჩვენი სამშობლო”",,25,სიღნაღი,,19,კახა,მამაიაშვილი,კახა მამაიაშვილი,,,party_lists_2016_georgia_unified.xlsx
parl_2016,__main__,smd,national_forum,ეროვნული ფორუმი,,25,სიღნაღი,,26,გოჩა,ბეგიაშვილი,გოჩა ბეგიაშვილი,,,party_lists_2016_georgia_unified.xlsx
parl_2016,__main__,smd,free_democrats,„ირაკლი ალასანია - თავისუფალი დემოკრატები”,,25,სიღნაღი,,27,ლევან,ჯამალაშვილი,ლევან ჯამალაშვილი,,,party_lists_2016_georgia_unified.xlsx
parl_2016,__main__,smd,zviads_way,„ზვიადის გზა - უფლის სახელით”,,25,სიღნაღი,,28,ბეჟან,ნათელაძე,ბეჟან ნათელაძე,,,party_lists_2016_georgia_unified.xlsx
parl_2016,__main__,smd,gd,„ქართული ოცნება - დემოკრატიული საქართველო”,,25,სიღნაღი,,41,ირაკლი,შიოლაშვილი,ირაკლი შიოლაშვილი,,,party_lists_2016_georgia_unified.xlsx
parl_2016,__main__,smd,burchuladze,საარჩევნო ბლოკი „პაატა ბურჭულაძე - სახელმწიფო ხალხისთვის”,,26,ლაგოდეხი,,1,ლაშა,დვალიშვილი,ლაშა დვალიშვილი,,,party_lists_2016_georgia_unified.xlsx
parl_2016,__main__,smd,burjanadze_democratic,საარჩევნო ბლოკი „ნინო ბურჯანაძე - დემოკრატიული მოძრაობა”,,26,ლაგოდეხი,,3,ისაკო,ცქიფურიშვილი,ისაკო ცქიფურიშვილი,,,party_lists_2016_georgia_unified.xlsx
parl_2016,__main__,smd,unm,საარჩევნო ბლოკი „ერთიანი ნაციონალური მოძრაობა”,,26,ლაგოდეხი,,5,გურამი,კაკალაშვილი,გურამი კაკალაშვილი,,,party_lists_2016_georgia_unified.xlsx
parl_2016,__main__,smd,mechiauri_united,„თამაზ მეჭიაური ერთიანი საქართველოსთვის”,,26,ლაგოდეხი,,7,ბადრი,სეფაშვილი,ბადრი სეფაშვილი,,,party_lists_2016_georgia_unified.xlsx
parl_2016,__main__,smd,patriots,"საარჩევნო ბლოკი „დავით თარხან-მოურავი, ირმა ინაშვილი - საქართველოს პატრიოტთა ალიანსი, გაერთიანებული ოპოზიცია”",,26,ლაგოდეხი,,8,არჩილი,როსეფაშვილი,არჩილი როსეფაშვილი,,,party_lists_2016_georgia_unified.xlsx
parl_2016,__main__,smd,left_alliance_2016,"„კახა ძაგანია, სოსო შატბერაშვილი, პაატა ჯიბლაძე, არჩილ ბენიძე - მემარცხენე ალიანსი”",,26,ლაგოდეხი,,25,ალექსანდრე,რუსიაშვილი,ალექსანდრე რუსიაშვილი,,,party_lists_2016_georgia_unified.xlsx
parl_2016,__main__,smd,national_forum,ეროვნული ფორუმი,,26,ლაგოდეხი,,26,თენგიზი,თუთისანი,თენგიზი თუთისანი,,,party_lists_2016_georgia_unified.xlsx
parl_2016,__main__,smd,free_democrats,„ირაკლი ალასანია - თავისუფალი დემოკრატები”,,26,ლაგოდეხი,,27,ვახტანგ,მჭედლიძე,ვახტანგ მჭედლიძე,,,party_lists_2016_georgia_unified.xlsx
parl_2016,__main__,smd,gd,„ქართული ოცნება - დემოკრატიული საქართველო”,,26,ლაგოდეხი,,41,გურამ,მაჭარაშვილი,გურამ მაჭარაშვილი,,,party_lists_2016_georgia_unified.xlsx
parl_2016,__main__,smd,,"საინიციატივო ჯგუფი - 42. ლევანი მეტრეველი, ლევანი ქებაძე, ლევანი კობერიძე, დავითი მეტრეველი, შიო შეყელაძე",,26,ლაგოდეხი,,42,მერაბი,ფერაძე,მერაბი ფერაძე,,,party_lists_2016_georgia_unified.xlsx
parl_2016,__main__,smd,,"საინიციატივო ჯგუფი - 43. ნაიდა ყულოშვილი, ვიტალი კაშეიშვილი, ჯულიეტა სიმონიშვილი, ელენე სიმონიშვილი, მარიეტა სუხაშვილი",,26,ლაგოდეხი,,43,ლაშა,კანდელაკიშვილი,ლაშა კანდელაკიშვილი,,,party_lists_2016_georgia_unified.xlsx
parl_2016,__main__,smd,,"საინიციატივო ჯგუფი - 44. კონსტანტინე კაპანაძე, დავით აბრამიშვილი, ზვიადი სეფიაშვილი, გიორგი გელაშვილი, თამარ გოგოლაძე",,26,ლაგოდეხი,,44,ალექსანდრე,ვარდოსანიძე,ალექსანდრე ვარდოსანიძე,,,party_lists_2016_georgia_unified.xlsx
parl_2016,__main__,smd,burchuladze,საარჩევნო ბლოკი „პაატა ბურჭულაძე - სახელმწიფო ხალხისთვის”,,27,თელავი,,1,ვანო,გალახვარიძე,ვანო გალახვარიძე,,,party_lists_2016_georgia_unified.xlsx
parl_2016,__main__,smd,burjanadze_democratic,საარჩევნო ბლოკი „ნინო ბურჯანაძე - დემოკრატიული მოძრაობა”,,27,თელავი,,3,თამაზ,თეთრაძე,თამაზ თეთრაძე,,,party_lists_2016_georgia_unified.xlsx
parl_2016,__main__,smd,unm,საარჩევნო ბლოკი „ერთიანი ნაციონალური მოძრაობა”,,27,თელავი,,5,გიორგი,ბოტკოველი,გიორგი ბოტკოველი,,,party_lists_2016_georgia_unified.xlsx
parl_2016,__main__,smd,patriots,"საარჩევნო ბლოკი „დავით თარხან-მოურავი, ირმა ინაშვილი - საქართველოს პატრიოტთა ალიანსი, გაერთიანებული ოპოზიცია”",,27,თელავი,,8,გოჩა,მამაცაშვილი,გოჩა მამაცაშვილი,,,party_lists_2016_georgia_unified.xlsx
parl_2016,__main__,smd,labour,„შალვა ნათელაშვილი - საქართველოს ლეიბორისტული პარტია”,,27,თელავი,,10,აკაკი,ჯიყაშვილი,აკაკი ჯიყაშვილი,,,party_lists_2016_georgia_unified.xlsx
parl_2016,__main__,smd,communist_stalinist,„საქართველოს კომუნისტური პარტია - სტალინელები” (ივანე წიკლაური),,27,თელავი,,12,მევლუდი,იობაშვილი,მევლუდი იობაშვილი,,,party_lists_2016_georgia_unified.xlsx
parl_2016,__main__,smd,peace_georgia_2016,„დავით თევზაძე - საქართველოს მშვიდობისათვის”,,27,თელავი,,14,ანზორი,ცათიაშვილი,ანზორი ცათიაშვილი,,,party_lists_2016_georgia_unified.xlsx
parl_2016,__main__,smd,industry_sakartvelo,"საარჩევნო ბლოკი „თოფაძე - მრეწველები, ჩვენი სამშობლო”",,27,თელავი,,19,გიორგი,სუხოშვილი,გიორგი სუხოშვილი,,,party_lists_2016_georgia_unified.xlsx
parl_2016,__main__,smd,national_forum,ეროვნული ფორუმი,,27,თელავი,,26,გელა,გელაშვილი,გელა გელაშვილი,,,party_lists_2016_georgia_unified.xlsx
parl_2016,__main__,smd,free_democrats,„ირაკლი ალასანია - თავისუფალი დემოკრატები”,,27,თელავი,,27,დიმიტრი,ზაქაიძე,დიმიტრი ზაქაიძე,,,party_lists_2016_georgia_unified.xlsx
parl_2016,__main__,smd,gd,„ქართული ოცნება - დემოკრატიული საქართველო”,,27,თელავი,,41,ირაკლი,სესიაშვილი,ირაკლი სესიაშვილი,,,party_lists_2016_georgia_unified.xlsx
parl_2016,__main__,smd,burchuladze,საარჩევნო ბლოკი „პაატა ბურჭულაძე - სახელმწიფო ხალხისთვის”,,28,ახმეტა,,1,ზურაბი,ნაცარაშვილი,ზურაბი ნაცარაშვილი,,,party_lists_2016_georgia_unified.xlsx
parl_2016,__main__,smd,burjanadze_democratic,საარჩევნო ბლოკი „ნინო ბურჯანაძე - დემოკრატიული მოძრაობა”,,28,ახმეტა,,3,ირაკლი,უჯირაული,ირაკლი უჯირაული,,,party_lists_2016_georgia_unified.xlsx
parl_2016,__main__,smd,unm,საარჩევნო ბლოკი „ერთიანი ნაციონალური მოძრაობა”,,28,ახმეტა,,5,შაქრო,ტერტერაშვილი,შაქრო ტერტერაშვილი,,,party_lists_2016_georgia_unified.xlsx
parl_2016,__main__,smd,republicans_2016,„უსუფაშვილი - რესპუბლიკელები”,,28,ახმეტა,,6,ლევან,ქინქლაძე,ლევან ქინქლაძე,,,party_lists_2016_georgia_unified.xlsx
parl_2016,__main__,smd,mechiauri_united,„თამაზ მეჭიაური ერთიანი საქართველოსთვის”,,28,ახმეტა,,7,ლევან,ბუთხუზაშვილი,ლევან ბუთხუზაშვილი,,,party_lists_2016_georgia_unified.xlsx
parl_2016,__main__,smd,patriots,"საარჩევნო ბლოკი „დავით თარხან-მოურავი, ირმა ინაშვილი - საქართველოს პატრიოტთა ალიანსი, გაერთიანებული ოპოზიცია”",,28,ახმეტა,,8,ერეკლე,საღლიანი,ერეკლე საღლიანი,,,party_lists_2016_georgia_unified.xlsx
parl_2016,__main__,smd,labour,„შალვა ნათელაშვილი - საქართველოს ლეიბორისტული პარტია”,,28,ახმეტა,,10,გია,გორთამაშვილი,გია გორთამაშვილი,,,party_lists_2016_georgia_unified.xlsx
parl_2016,__main__,smd,georgia_2016,„საქართველო”,,28,ახმეტა,,17,ცირა,ჯავახიშვილი,ცირა ჯავახიშვილი,,,party_lists_2016_georgia_unified.xlsx
parl_2016,__main__,smd,industry_sakartvelo,"საარჩევნო ბლოკი „თოფაძე - მრეწველები, ჩვენი სამშობლო”",,28,ახმეტა,,19,ნუგზარ,ბეჯანოვი,ნუგზარ ბეჯანოვი,,,party_lists_2016_georgia_unified.xlsx
parl_2016,__main__,smd,free_democrats,„ირაკლი ალასანია - თავისუფალი დემოკრატები”,,28,ახმეტა,,27,ოთარ,კვირიკაშვილი,ოთარ კვირიკაშვილი,,,party_lists_2016_georgia_unified.xlsx
parl_2016,__main__,smd,gd,„ქართული ოცნება - დემოკრატიული საქართველო”,,28,ახმეტა,,41,გელა,სამხარაული,გელა სამხარაული,,,party_lists_2016_georgia_unified.xlsx
parl_2016,__main__,smd,burchuladze,საარჩევნო ბლოკი „პაატა ბურჭულაძე - სახელმწიფო ხალხისთვის”,,29,რუსთავი,,1,დავით,ძაგნიძე,დავით ძაგნიძე,,,party_lists_2016_georgia_unified.xlsx
parl_2016,__main__,smd,burchuladze,საარჩევნო ბლოკი „პაატა ბურჭულაძე - სახელმწიფო ხალხისთვის”,,30,რუსთავი,,1,ნოდარ,ღვამბერია,ნოდარ ღვამბერია,,,party_lists_2016_georgia_unified.xlsx
parl_2016,__main__,smd,progressive_democratic_2016,"პროგრესულ-დემოკრატიული მოძრაობა (""თქვენგან, თქვენთვის, თქვენთან ერთად!"")",,29,რუსთავი,,2,მალხაზ,ქართველიშვილი,მალხაზ ქართველიშვილი,,,party_lists_2016_georgia_unified.xlsx
parl_2016,__main__,smd,burjanadze_democratic,საარჩევნო ბლოკი „ნინო ბურჯანაძე - დემოკრატიული მოძრაობა”,,29,რუსთავი,,3,ჯაბა,დუგლაძე,ჯაბა დუგლაძე,,,party_lists_2016_georgia_unified.xlsx
parl_2016,__main__,smd,unm,საარჩევნო ბლოკი „ერთიანი ნაციონალური მოძრაობა”,,29,რუსთავი,,5,მამუკა,ჩიქოვანი,მამუკა ჩიქოვანი,,,party_lists_2016_georgia_unified.xlsx
parl_2016,__main__,smd,unm,საარჩევნო ბლოკი „ერთიანი ნაციონალური მოძრაობა”,,30,რუსთავი,,5,დავით,კირკიტაძე,დავით კირკიტაძე,,,party_lists_2016_georgia_unified.xlsx
parl_2016,__main__,smd,mechiauri_united,„თამაზ მეჭიაური ერთიანი საქართველოსთვის”,,29,რუსთავი,,7,ბადრი,ჯინჭარაძე,ბადრი ჯინჭარაძე,,,party_lists_2016_georgia_unified.xlsx
parl_2016,__main__,smd,patriots,"საარჩევნო ბლოკი „დავით თარხან-მოურავი, ირმა ინაშვილი - საქართველოს პატრიოტთა ალიანსი, გაერთიანებული ოპოზიცია”",,29,რუსთავი,,8,თორნიკე,არევაძე,თორნიკე არევაძე,,,party_lists_2016_georgia_unified.xlsx
parl_2016,__main__,smd,patriots,"საარჩევნო ბლოკი „დავით თარხან-მოურავი, ირმა ინაშვილი - საქართველოს პატრიოტთა ალიანსი, გაერთიანებული ოპოზიცია”",,30,რუსთავი,,8,დავითი,კაპანაძე,დავითი კაპანაძე,,,party_lists_2016_georgia_unified.xlsx
parl_2016,__main__,smd,labour,„შალვა ნათელაშვილი - საქართველოს ლეიბორისტული პარტია”,,30,რუსთავი,,10,გიორგი,გზირიშვილი,გიორგი გზირიშვილი,,,party_lists_2016_georgia_unified.xlsx
parl_2016,__main__,smd,communist_stalinist,„საქართველოს კომუნისტური პარტია - სტალინელები” (ივანე წიკლაური),,30,რუსთავი,,12,ირაკლი,ჩუბინიძე,ირაკლი ჩუბინიძე,,,party_lists_2016_georgia_unified.xlsx
parl_2016,__main__,smd,communist_stalinist,„საქართველოს კომუნისტური პარტია - სტალინელები” (ივანე წიკლაური),,29,რუსთავი,,12,დავით,ხაჩიშვილი,დავით ხაჩიშვილი,,,party_lists_2016_georgia_unified.xlsx
parl_2016,__main__,smd,georgia_2016,„საქართველო”,,30,რუსთავი,,17,ქეთინო,გეჯაძე,ქეთინო გეჯაძე,,,party_lists_2016_georgia_unified.xlsx
parl_2016,__main__,smd,georgia_2016,„საქართველო”,,29,რუსთავი,,17,გურამ,ქარელიშვილი,გურამ ქარელიშვილი,,,party_lists_2016_georgia_unified.xlsx
parl_2016,__main__,smd,chvenni_peoples,საარჩევნო ბლოკი „ჩვენები - სახალხო პარტია”,,29,რუსთავი,,23,მამუკა,დეკანოსიძე,მამუკა დეკანოსიძე,,,party_lists_2016_georgia_unified.xlsx
parl_2016,__main__,smd,left_alliance_2016,"„კახა ძაგანია, სოსო შატბერაშვილი, პაატა ჯიბლაძე, არჩილ ბენიძე - მემარცხენე ალიანსი”",,30,რუსთავი,,25,დავით,ვერძეული,დავით ვერძეული,,,party_lists_2016_georgia_unified.xlsx
parl_2016,__main__,smd,national_forum,ეროვნული ფორუმი,,30,რუსთავი,,26,მადონა,რაზმაძე,მადონა რაზმაძე,,,party_lists_2016_georgia_unified.xlsx
parl_2016,__main__,smd,national_forum,ეროვნული ფორუმი,,29,რუსთავი,,26,ნოდარი,ყურაშვილი,ნოდარი ყურაშვილი,,,party_lists_2016_georgia_unified.xlsx
parl_2016,__main__,smd,free_democrats,„ირაკლი ალასანია - თავისუფალი დემოკრატები”,,29,რუსთავი,,27,ზურაბ,ინგოროყვა,ზურაბ ინგოროყვა,,,party_lists_2016_georgia_unified.xlsx
parl_2016,__main__,smd,zviads_way,„ზვიადის გზა - უფლის სახელით”,,29,რუსთავი,,28,ელგუჯა,ქოჩიაშვილი,ელგუჯა ქოჩიაშვილი,,,party_lists_2016_georgia_unified.xlsx
parl_2016,__main__,smd,zviads_way,„ზვიადის გზა - უფლის სახელით”,,30,რუსთავი,,28,დავით,ლურსმანაშვილი,დავით ლურსმანაშვილი,,,party_lists_2016_georgia_unified.xlsx
parl_2016,__main__,smd,gd,„ქართული ოცნება - დემოკრატიული საქართველო”,,29,რუსთავი,,41,პაატა,მხეიძე,პაატა მხეიძე,,,party_lists_2016_georgia_unified.xlsx
parl_2016,__main__,smd,gd,„ქართული ოცნება - დემოკრატიული საქართველო”,,30,რუსთავი,,41,გიორგი,ბეგაძე,გიორგი ბეგაძე,,,party_lists_2016_georgia_unified.xlsx
parl_2016,__main__,smd,burjanadze_democratic,საარჩევნო ბლოკი „ნინო ბურჯანაძე - დემოკრატიული მოძრაობა”,,31,გარდაბანი,,3,ალახვერდი,ბახტიაროვი,ალახვერდი ბახტიაროვი,,,party_lists_2016_georgia_unified.xlsx
parl_2016,__main__,smd,unm,საარჩევნო ბლოკი „ერთიანი ნაციონალური მოძრაობა”,,31,გარდაბანი,,5,რამინ,ბაირამოვი,რამინ ბაირამოვი,,,party_lists_2016_georgia_unified.xlsx
parl_2016,__main__,smd,republicans_2016,„უსუფაშვილი - რესპუბლიკელები”,,31,გარდაბანი,,6,რასულ,გასანოვი,რასულ გასანოვი,,,party_lists_2016_georgia_unified.xlsx
parl_2016,__main__,smd,mechiauri_united,„თამაზ მეჭიაური ერთიანი საქართველოსთვის”,,31,გარდაბანი,,7,მუბარის,კარაევ,მუბარის კარაევ,,,party_lists_2016_georgia_unified.xlsx
parl_2016,__main__,smd,patriots,"საარჩევნო ბლოკი „დავით თარხან-მოურავი, ირმა ინაშვილი - საქართველოს პატრიოტთა ალიანსი, გაერთიანებული ოპოზიცია”",,31,გარდაბანი,,8,გელა,ხუციშვილი,გელა ხუციშვილი,,,party_lists_2016_georgia_unified.xlsx
parl_2016,__main__,smd,labour,„შალვა ნათელაშვილი - საქართველოს ლეიბორისტული პარტია”,,31,გარდაბანი,,10,ნინო,მეტრეველი,ნინო მეტრეველი,,,party_lists_2016_georgia_unified.xlsx
parl_2016,__main__,smd,united_communist_2016,„საქართველოს ერთიანი კომუნისტური პარტია”,,31,გარდაბანი,,16,ფახრად,თანირგულიევ,ფახრად თანირგულიევ,,,party_lists_2016_georgia_unified.xlsx
parl_2016,__main__,smd,left_alliance_2016,"„კახა ძაგანია, სოსო შატბერაშვილი, პაატა ჯიბლაძე, არჩილ ბენიძე - მემარცხენე ალიანსი”",,31,გარდაბანი,,25,ლევან,აბრამიშვილი,ლევან აბრამიშვილი,,,party_lists_2016_georgia_unified.xlsx
parl_2016,__main__,smd,free_democrats,„ირაკლი ალასანია - თავისუფალი დემოკრატები”,,31,გარდაბანი,,27,გიგა,მოლაშხია,გიგა მოლაშხია,,,party_lists_2016_georgia_unified.xlsx
parl_2016,__main__,smd,zviads_way,„ზვიადის გზა - უფლის სახელით”,,31,გარდაბანი,,28,ფიზიურ,მამედოვ,ფიზიურ მამედოვ,,,party_lists_2016_georgia_unified.xlsx
parl_2016,__main__,smd,gd,„ქართული ოცნება - დემოკრატიული საქართველო”,,31,გარდაბანი,,41,სავალან,მირზოევი,სავალან მირზოევი,,,party_lists_2016_georgia_unified.xlsx
parl_2016,__main__,smd,burchuladze,საარჩევნო ბლოკი „პაატა ბურჭულაძე - სახელმწიფო ხალხისთვის”,,36,მარნეული,,1,ისრაფილ,ბაირამოვი,ისრაფილ ბაირამოვი,,,party_lists_2016_georgia_unified.xlsx
parl_2016,__main__,smd,burchuladze,საარჩევნო ბლოკი „პაატა ბურჭულაძე - სახელმწიფო ხალხისთვის”,,35,მარნეული,,1,კამრან,მამედოვი,კამრან მამედოვი,,,party_lists_2016_georgia_unified.xlsx
parl_2016,__main__,smd,burjanadze_democratic,საარჩევნო ბლოკი „ნინო ბურჯანაძე - დემოკრატიული მოძრაობა”,,36,მარნეული,,3,ვეფხია,გურგენიშვილი,ვეფხია გურგენიშვილი,,,party_lists_2016_georgia_unified.xlsx
parl_2016,__main__,smd,burjanadze_democratic,საარჩევნო ბლოკი „ნინო ბურჯანაძე - დემოკრატიული მოძრაობა”,,35,მარნეული,,3,ილიას,კახრამანოვი,ილიას კახრამანოვი,,,party_lists_2016_georgia_unified.xlsx
parl_2016,__main__,smd,unm,საარჩევნო ბლოკი „ერთიანი ნაციონალური მოძრაობა”,,35,მარნეული,,5,აზერ,სულეიმანოვი,აზერ სულეიმანოვი,,,party_lists_2016_georgia_unified.xlsx
parl_2016,__main__,smd,unm,საარჩევნო ბლოკი „ერთიანი ნაციონალური მოძრაობა”,,36,მარნეული,,5,აკმამედ,იმამკულიევი,აკმამედ იმამკულიევი,,,party_lists_2016_georgia_unified.xlsx
parl_2016,__main__,smd,mechiauri_united,„თამაზ მეჭიაური ერთიანი საქართველოსთვის”,,35,მარნეული,,7,დავით,ნოზაძე,დავით ნოზაძე,,,party_lists_2016_georgia_unified.xlsx
parl_2016,__main__,smd,mechiauri_united,„თამაზ მეჭიაური ერთიანი საქართველოსთვის”,,36,მარნეული,,7,ელდარ,მუსტაფაევი,ელდარ მუსტაფაევი,,,party_lists_2016_georgia_unified.xlsx
parl_2016,__main__,smd,patriots,"საარჩევნო ბლოკი „დავით თარხან-მოურავი, ირმა ინაშვილი - საქართველოს პატრიოტთა ალიანსი, გაერთიანებული ოპოზიცია”",,36,მარნეული,,8,ალი,ისაევი,ალი ისაევი,,,party_lists_2016_georgia_unified.xlsx
parl_2016,__main__,smd,patriots,"საარჩევნო ბლოკი „დავით თარხან-მოურავი, ირმა ინაშვილი - საქართველოს პატრიოტთა ალიანსი, გაერთიანებული ოპოზიცია”",,35,მარნეული,,8,ელმარ,გასანოვი,ელმარ გასანოვი,,,party_lists_2016_georgia_unified.xlsx
parl_2016,__main__,smd,georgia_2016,„საქართველო”,,36,მარნეული,,17,ომარ,წამალაიძე,ომარ წამალაიძე,,,party_lists_2016_georgia_unified.xlsx
parl_2016,__main__,smd,industry_sakartvelo,"საარჩევნო ბლოკი „თოფაძე - მრეწველები, ჩვენი სამშობლო”",,35,მარნეული,,19,ფოლად,ხალილოვი,ფოლად ხალილოვი,,,party_lists_2016_georgia_unified.xlsx
parl_2016,__main__,smd,kostava_society,მერაბ კოსტავას საზოგადოება,,35,მარნეული,,22,ალექსანდრე,გურგენიშვილი,ალექსანდრე გურგენიშვილი,,,party_lists_2016_georgia_unified.xlsx
parl_2016,__main__,smd,chvenni_peoples,საარჩევნო ბლოკი „ჩვენები - სახალხო პარტია”,,35,მარნეული,,23,ლევან,ღლონტი,ლევან ღლონტი,,,party_lists_2016_georgia_unified.xlsx
parl_2016,__main__,smd,chvenni_peoples,საარჩევნო ბლოკი „ჩვენები - სახალხო პარტია”,,36,მარნეული,,23,თეონა,ქავთარია,თეონა ქავთარია,,,party_lists_2016_georgia_unified.xlsx
parl_2016,__main__,smd,free_democrats,„ირაკლი ალასანია - თავისუფალი დემოკრატები”,,35,მარნეული,,27,გიორგი,სისვაძე,გიორგი სისვაძე,,,party_lists_2016_georgia_unified.xlsx
parl_2016,__main__,smd,gd,„ქართული ოცნება - დემოკრატიული საქართველო”,,36,მარნეული,,41,თამაზ,ნავერიანი,თამაზ ნავერიანი,,,party_lists_2016_georgia_unified.xlsx
parl_2016,__main__,smd,gd,„ქართული ოცნება - დემოკრატიული საქართველო”,,35,მარნეული,,41,რუსლან,გაჯიევი,რუსლან გაჯიევი,,,party_lists_2016_georgia_unified.xlsx
parl_2016,__main__,smd,burchuladze,საარჩევნო ბლოკი „პაატა ბურჭულაძე - სახელმწიფო ხალხისთვის”,,33,ბოლნისი,,1,რამიზ,ბაქიროვი,რამიზ ბაქიროვი,,,party_lists_2016_georgia_unified.xlsx
parl_2016,__main__,smd,unm,საარჩევნო ბლოკი „ერთიანი ნაციონალური მოძრაობა”,,33,ბოლნისი,,5,სამირა,ისმაილოვა,სამირა ისმაილოვა,,,party_lists_2016_georgia_unified.xlsx
parl_2016,__main__,smd,mechiauri_united,„თამაზ მეჭიაური ერთიანი საქართველოსთვის”,,33,ბოლნისი,,7,ფარმან,ჯეირანლი,ფარმან ჯეირანლი,,,party_lists_2016_georgia_unified.xlsx
parl_2016,__main__,smd,patriots,"საარჩევნო ბლოკი „დავით თარხან-მოურავი, ირმა ინაშვილი - საქართველოს პატრიოტთა ალიანსი, გაერთიანებული ოპოზიცია”",,33,ბოლნისი,,8,დალი,მამულაშვილი,დალი მამულაშვილი,,,party_lists_2016_georgia_unified.xlsx
parl_2016,__main__,smd,labour,„შალვა ნათელაშვილი - საქართველოს ლეიბორისტული პარტია”,,33,ბოლნისი,,10,მარინა,გუნაშვილი,მარინა გუნაშვილი,,,party_lists_2016_georgia_unified.xlsx
parl_2016,__main__,smd,free_democrats,„ირაკლი ალასანია - თავისუფალი დემოკრატები”,,33,ბოლნისი,,27,ბანიამინ,კასიმოვი,ბანიამინ კასიმოვი,,,party_lists_2016_georgia_unified.xlsx
parl_2016,__main__,smd,zviads_way,„ზვიადის გზა - უფლის სახელით”,,33,ბოლნისი,,28,გულიკო,ფარჯიანი,გულიკო ფარჯიანი,,,party_lists_2016_georgia_unified.xlsx
parl_2016,__main__,smd,gd,„ქართული ოცნება - დემოკრატიული საქართველო”,,33,ბოლნისი,,41,გოგი,მეშველიანი,გოგი მეშველიანი,,,party_lists_2016_georgia_unified.xlsx
parl_2016,__main__,smd,burchuladze,საარჩევნო ბლოკი „პაატა ბურჭულაძე - სახელმწიფო ხალხისთვის”,,34,დმანისი,,1,პავლე,ადუაშვილი,პავლე ადუაშვილი,,,party_lists_2016_georgia_unified.xlsx
parl_2016,__main__,smd,progressive_democratic_2016,"პროგრესულ-დემოკრატიული მოძრაობა (""თქვენგან, თქვენთვის, თქვენთან ერთად!"")",,34,დმანისი,,2,არმენაკ,სარქისიან,არმენაკ სარქისიან,,,party_lists_2016_georgia_unified.xlsx
parl_2016,__main__,smd,burjanadze_democratic,საარჩევნო ბლოკი „ნინო ბურჯანაძე - დემოკრატიული მოძრაობა”,,34,დმანისი,,3,ჯუმბერ,ანანიძე,ჯუმბერ ანანიძე,,,party_lists_2016_georgia_unified.xlsx
parl_2016,__main__,smd,unm,საარჩევნო ბლოკი „ერთიანი ნაციონალური მოძრაობა”,,34,დმანისი,,5,ბაკური,მგელაძე,ბაკური მგელაძე,,,party_lists_2016_georgia_unified.xlsx
parl_2016,__main__,smd,patriots,"საარჩევნო ბლოკი „დავით თარხან-მოურავი, ირმა ინაშვილი - საქართველოს პატრიოტთა ალიანსი, გაერთიანებული ოპოზიცია”",,34,დმანისი,,8,ნამიგ,ბაირამოვი,ნამიგ ბაირამოვი,,,party_lists_2016_georgia_unified.xlsx
parl_2016,__main__,smd,national_forum,ეროვნული ფორუმი,,34,დმანისი,,26,ალექსანდრე,ნონიაშვილი,ალექსანდრე ნონიაშვილი,,,party_lists_2016_georgia_unified.xlsx
parl_2016,__main__,smd,free_democrats,„ირაკლი ალასანია - თავისუფალი დემოკრატები”,,34,დმანისი,,27,ჯემალ,ვანაძე,ჯემალ ვანაძე,,,party_lists_2016_georgia_unified.xlsx
parl_2016,__main__,smd,gd,„ქართული ოცნება - დემოკრატიული საქართველო”,,34,დმანისი,,41,კახაბერ,ოქრიაშვილი,კახაბერ ოქრიაშვილი,,,party_lists_2016_georgia_unified.xlsx
parl_2016,__main__,smd,burchuladze,საარჩევნო ბლოკი „პაატა ბურჭულაძე - სახელმწიფო ხალხისთვის”,,32,თეთრიწყარო,,1,ალექსი,ნონიაძე,ალექსი ნონიაძე,,,party_lists_2016_georgia_unified.xlsx
parl_2016,__main__,smd,progressive_democratic_2016,"პროგრესულ-დემოკრატიული მოძრაობა (""თქვენგან, თქვენთვის, თქვენთან ერთად!"")",,32,თეთრიწყარო,,2,ქეთევანი,უგრეხელიძე,ქეთევანი უგრეხელიძე,,,party_lists_2016_georgia_unified.xlsx
parl_2016,__main__,smd,burjanadze_democratic,საარჩევნო ბლოკი „ნინო ბურჯანაძე - დემოკრატიული მოძრაობა”,,32,თეთრიწყარო,,3,ნუნუ,ნათობიძე,ნუნუ ნათობიძე,,,party_lists_2016_georgia_unified.xlsx
parl_2016,__main__,smd,unm,საარჩევნო ბლოკი „ერთიანი ნაციონალური მოძრაობა”,,32,თეთრიწყარო,,5,ნუგზარ,წიკლაური,ნუგზარ წიკლაური,,,party_lists_2016_georgia_unified.xlsx
parl_2016,__main__,smd,mechiauri_united,„თამაზ მეჭიაური ერთიანი საქართველოსთვის”,,32,თეთრიწყარო,,7,ბადრი,ლაზიაშვილი,ბადრი ლაზიაშვილი,,,party_lists_2016_georgia_unified.xlsx
parl_2016,__main__,smd,patriots,"საარჩევნო ბლოკი „დავით თარხან-მოურავი, ირმა ინაშვილი - საქართველოს პატრიოტთა ალიანსი, გაერთიანებული ოპოზიცია”",,32,თეთრიწყარო,,8,მამუკა,არეშიძე,მამუკა არეშიძე,,,party_lists_2016_georgia_unified.xlsx
parl_2016,__main__,smd,free_democrats,„ირაკლი ალასანია - თავისუფალი დემოკრატები”,,32,თეთრიწყარო,,27,ვაჟა,ბექაური,ვაჟა ბექაური,,,party_lists_2016_georgia_unified.xlsx
parl_2016,__main__,smd,gd,„ქართული ოცნება - დემოკრატიული საქართველო”,,32,თეთრიწყარო,,41,გოდერძი,ჩანქსელიანი,გოდერძი ჩანქსელიანი,,,party_lists_2016_georgia_unified.xlsx
parl_2016,__main__,smd,progressive_democratic_2016,"პროგრესულ-დემოკრატიული მოძრაობა (""თქვენგან, თქვენთვის, თქვენთან ერთად!"")",,37,მცხეთა,,2,გიორგი,ხაჩიძე,გიორგი ხაჩიძე,,,party_lists_2016_georgia_unified.xlsx
parl_2016,__main__,smd,unm,საარჩევნო ბლოკი „ერთიანი ნაციონალური მოძრაობა”,,37,მცხეთა,,5,ირაკლი,ბერიაშვილი,ირაკლი ბერიაშვილი,,,party_lists_2016_georgia_unified.xlsx
parl_2016,__main__,smd,patriots,"საარჩევნო ბლოკი „დავით თარხან-მოურავი, ირმა ინაშვილი - საქართველოს პატრიოტთა ალიანსი, გაერთიანებული ოპოზიცია”",,37,მცხეთა,,8,კონსტანტინე,მორგოშია,კონსტანტინე მორგოშია,,,party_lists_2016_georgia_unified.xlsx
parl_2016,__main__,smd,labour,„შალვა ნათელაშვილი - საქართველოს ლეიბორისტული პარტია”,,37,მცხეთა,,10,გიორგი,გუგავა,გიორგი გუგავა,,,party_lists_2016_georgia_unified.xlsx
parl_2016,__main__,smd,communist_stalinist,„საქართველოს კომუნისტური პარტია - სტალინელები” (ივანე წიკლაური),,37,მცხეთა,,12,ვლადიმერ,ბედუკაძე,ვლადიმერ ბედუკაძე,,,party_lists_2016_georgia_unified.xlsx
parl_2016,__main__,smd,peace_georgia_2016,„დავით თევზაძე - საქართველოს მშვიდობისათვის”,,37,მცხეთა,,14,დავით,მეზვრიშვილი,დავით მეზვრიშვილი,,,party_lists_2016_georgia_unified.xlsx
parl_2016,__main__,smd,georgia_2016,„საქართველო”,,37,მცხეთა,,17,დენიზა,სუმბაძე,დენიზა სუმბაძე,,,party_lists_2016_georgia_unified.xlsx
parl_2016,__main__,smd,left_alliance_2016,"„კახა ძაგანია, სოსო შატბერაშვილი, პაატა ჯიბლაძე, არჩილ ბენიძე - მემარცხენე ალიანსი”",,37,მცხეთა,,25,დავით,კვასხვაძე,დავით კვასხვაძე,,,party_lists_2016_georgia_unified.xlsx
parl_2016,__main__,smd,gd,„ქართული ოცნება - დემოკრატიული საქართველო”,,37,მცხეთა,,41,დიმიტრი,ხუნდაძე,დიმიტრი ხუნდაძე,,,party_lists_2016_georgia_unified.xlsx
parl_2016,__main__,smd,,"საინიციატივო ჯგუფი - ნიკოლიზი გვრიტიშვილი, დავით უნდილაშვილი, უჩა გულბათაშვილი, გივი ამირხანაშვილი, თეიმურაზი აბაშიძე.",,37,მცხეთა,,42,ცეზარი,ჩოჩელი,ცეზარი ჩოჩელი,,,party_lists_2016_georgia_unified.xlsx
parl_2016,__main__,smd,burchuladze,საარჩევნო ბლოკი „პაატა ბურჭულაძე - სახელმწიფო ხალხისთვის”,,38,დუშეთი,,1,ზურაბ,ოტიაშვილი,ზურაბ ოტიაშვილი,,,party_lists_2016_georgia_unified.xlsx
parl_2016,__main__,smd,burjanadze_democratic,საარჩევნო ბლოკი „ნინო ბურჯანაძე - დემოკრატიული მოძრაობა”,,38,დუშეთი,,3,გიორგი,ხუციშვილი,გიორგი ხუციშვილი,,,party_lists_2016_georgia_unified.xlsx
parl_2016,__main__,smd,republicans_2016,„უსუფაშვილი - რესპუბლიკელები”,,38,დუშეთი,,6,ლია,როინიშვილი,ლია როინიშვილი,,,party_lists_2016_georgia_unified.xlsx
parl_2016,__main__,smd,patriots,"საარჩევნო ბლოკი „დავით თარხან-მოურავი, ირმა ინაშვილი - საქართველოს პატრიოტთა ალიანსი, გაერთიანებული ოპოზიცია”",,38,დუშეთი,,8,ირმა,ცხორაგაული,ირმა ცხორაგაული,,,party_lists_2016_georgia_unified.xlsx
parl_2016,__main__,smd,labour,„შალვა ნათელაშვილი - საქართველოს ლეიბორისტული პარტია”,,38,დუშეთი,,10,შალვა,ნათელაშვილი,შალვა ნათელაშვილი,,,party_lists_2016_georgia_unified.xlsx
parl_2016,__main__,smd,united_communist_2016,„საქართველოს ერთიანი კომუნისტური პარტია”,,38,დუშეთი,,16,მურადი,ხოსროშვილი,მურადი ხოსროშვილი,,,party_lists_2016_georgia_unified.xlsx
parl_2016,__main__,smd,industry_sakartvelo,"საარჩევნო ბლოკი „თოფაძე - მრეწველები, ჩვენი სამშობლო”",,38,დუშეთი,,19,თამაზ,ბულაური,თამაზ ბულაური,,,party_lists_2016_georgia_unified.xlsx
parl_2016,__main__,smd,left_alliance_2016,"„კახა ძაგანია, სოსო შატბერაშვილი, პაატა ჯიბლაძე, არჩილ ბენიძე - მემარცხენე ალიანსი”",,38,დუშეთი,,25,იოსებ,შატბერაშვილი,იოსებ შატბერაშვილი,,,party_lists_2016_georgia_unified.xlsx
parl_2016,__main__,smd,free_democrats,„ირაკლი ალასანია - თავისუფალი დემოკრატები”,,38,დუშეთი,,27,მალხაზ,დავითაშვილი,მალხაზ დავითაშვილი,,,party_lists_2016_georgia_unified.xlsx
parl_2016,__main__,smd,gd,„ქართული ოცნება - დემოკრატიული საქართველო”,,38,დუშეთი,,41,ზაქარია,ქუცნაშვილი,ზაქარია ქუცნაშვილი,,,party_lists_2016_georgia_unified.xlsx
parl_2016,__main__,smd,unm,საარჩევნო ბლოკი „ერთიანი ნაციონალური მოძრაობა”,,39,კასპი,,5,ნუგზარი,ნონიაშვილი,ნუგზარი ნონიაშვილი,,,party_lists_2016_georgia_unified.xlsx
parl_2016,__main__,smd,patriots,"საარჩევნო ბლოკი „დავით თარხან-მოურავი, ირმა ინაშვილი - საქართველოს პატრიოტთა ალიანსი, გაერთიანებული ოპოზიცია”",,39,კასპი,,8,ვაჟა,ოთარაშვილი,ვაჟა ოთარაშვილი,,,party_lists_2016_georgia_unified.xlsx
parl_2016,__main__,smd,labour,„შალვა ნათელაშვილი - საქართველოს ლეიბორისტული პარტია”,,39,კასპი,,10,ზურაბ,ქოსაშვილი,ზურაბ ქოსაშვილი,,,party_lists_2016_georgia_unified.xlsx
parl_2016,__main__,smd,communist_stalinist,„საქართველოს კომუნისტური პარტია - სტალინელები” (ივანე წიკლაური),,39,კასპი,,12,მამუკა,ბაინდურაშვილი,მამუკა ბაინდურაშვილი,,,party_lists_2016_georgia_unified.xlsx
parl_2016,__main__,smd,peace_georgia_2016,„დავით თევზაძე - საქართველოს მშვიდობისათვის”,,39,კასპი,,14,ნუგზარ,გურასპაშვილი,ნუგზარ გურასპაშვილი,,,party_lists_2016_georgia_unified.xlsx
parl_2016,__main__,smd,industry_sakartvelo,"საარჩევნო ბლოკი „თოფაძე - მრეწველები, ჩვენი სამშობლო”",,39,კასპი,,19,ირაკლი,სირანაშვილი,ირაკლი სირანაშვილი,,,party_lists_2016_georgia_unified.xlsx
parl_2016,__main__,smd,free_democrats,„ირაკლი ალასანია - თავისუფალი დემოკრატები”,,39,კასპი,,27,ვახტანგ,ბეჟიტაშვილი,ვახტანგ ბეჟიტაშვილი,,,party_lists_2016_georgia_unified.xlsx
parl_2016,__main__,smd,gd,„ქართული ოცნება - დემოკრატიული საქართველო”,,39,კასპი,,41,ირაკლი,მეზურნიშვილი,ირაკლი მეზურნიშვილი,,,party_lists_2016_georgia_unified.xlsx
parl_2016,__main__,smd,,საინიციატივო ჯგუფი - მარიამ ქვრივიშვილი; გიორგი ნონიაშვილი; კობა ჟორჟიკაშვილი; ლევან ყაჯრიშვილი; ალექსანდრე ჩაჩავა.,,39,კასპი,,42,გიორგი,ქვრივიშვილი,გიორგი ქვრივიშვილი,,,party_lists_2016_georgia_unified.xlsx
parl_2016,__main__,smd,burchuladze,საარჩევნო ბლოკი „პაატა ბურჭულაძე - სახელმწიფო ხალხისთვის”,,41,გორი,,1,შოთა,წკრიალაშვილი,შოთა წკრიალაშვილი,,,party_lists_2016_georgia_unified.xlsx
parl_2016,__main__,smd,burchuladze,საარჩევნო ბლოკი „პაატა ბურჭულაძე - სახელმწიფო ხალხისთვის”,,42,გორი,,1,მედეა,აბაშიძე,მედეა აბაშიძე,,,party_lists_2016_georgia_unified.xlsx
parl_2016,__main__,smd,burjanadze_democratic,საარჩევნო ბლოკი „ნინო ბურჯანაძე - დემოკრატიული მოძრაობა”,,41,გორი,,3,ვახტანგ,რაზმაძე,ვახტანგ რაზმაძე,,,party_lists_2016_georgia_unified.xlsx
parl_2016,__main__,smd,burjanadze_democratic,საარჩევნო ბლოკი „ნინო ბურჯანაძე - დემოკრატიული მოძრაობა”,,42,გორი,,3,ტარიელ,მიდელაშვილი,ტარიელ მიდელაშვილი,,,party_lists_2016_georgia_unified.xlsx
parl_2016,__main__,smd,unm,საარჩევნო ბლოკი „ერთიანი ნაციონალური მოძრაობა”,,41,გორი,,5,ალექსი,გოგლიძე,ალექსი გოგლიძე,,,party_lists_2016_georgia_unified.xlsx
parl_2016,__main__,smd,unm,საარჩევნო ბლოკი „ერთიანი ნაციონალური მოძრაობა”,,42,გორი,,5,ბადრი,ბასიშვილი,ბადრი ბასიშვილი,,,party_lists_2016_georgia_unified.xlsx
parl_2016,__main__,smd,patriots,"საარჩევნო ბლოკი „დავით თარხან-მოურავი, ირმა ინაშვილი - საქართველოს პატრიოტთა ალიანსი, გაერთიანებული ოპოზიცია”",,41,გორი,,8,მამუკა,ნოზაძე,მამუკა ნოზაძე,,,party_lists_2016_georgia_unified.xlsx
parl_2016,__main__,smd,patriots,"საარჩევნო ბლოკი „დავით თარხან-მოურავი, ირმა ინაშვილი - საქართველოს პატრიოტთა ალიანსი, გაერთიანებული ოპოზიცია”",,42,გორი,,8,გიორგი,მჭედლიძე,გიორგი მჭედლიძე,,,party_lists_2016_georgia_unified.xlsx
parl_2016,__main__,smd,labour,„შალვა ნათელაშვილი - საქართველოს ლეიბორისტული პარტია”,,41,გორი,,10,ვლადიმერ,სავანელი,ვლადიმერ სავანელი,,,party_lists_2016_georgia_unified.xlsx
parl_2016,__main__,smd,communist_stalinist,„საქართველოს კომუნისტური პარტია - სტალინელები” (ივანე წიკლაური),,41,გორი,,12,თამაზ,ჯალაღონია,თამაზ ჯალაღონია,,,party_lists_2016_georgia_unified.xlsx
parl_2016,__main__,smd,communist_stalinist,„საქართველოს კომუნისტური პარტია - სტალინელები” (ივანე წიკლაური),,42,გორი,,12,გრიგოლ,მეკარიშვილი,გრიგოლ მეკარიშვილი,,,party_lists_2016_georgia_unified.xlsx
parl_2016,__main__,smd,peace_georgia_2016,„დავით თევზაძე - საქართველოს მშვიდობისათვის”,,41,გორი,,14,ზაზა,გიგაური,ზაზა გიგაური,,,party_lists_2016_georgia_unified.xlsx
parl_2016,__main__,smd,peace_georgia_2016,„დავით თევზაძე - საქართველოს მშვიდობისათვის”,,42,გორი,,14,ტარიელ,კასრაძე,ტარიელ კასრაძე,,,party_lists_2016_georgia_unified.xlsx
parl_2016,__main__,smd,united_communist_2016,„საქართველოს ერთიანი კომუნისტური პარტია”,,42,გორი,,16,ვალერი,კვარაცხელია,ვალერი კვარაცხელია,,,party_lists_2016_georgia_unified.xlsx
parl_2016,__main__,smd,georgia_2016,„საქართველო”,,41,გორი,,17,ნიკოლოზ,ოთინაშვილი,ნიკოლოზ ოთინაშვილი,,,party_lists_2016_georgia_unified.xlsx
parl_2016,__main__,smd,georgian_idea,„ქართული იდეა”,,42,გორი,,18,ანზორ,ჩლაიძე,ანზორ ჩლაიძე,,,party_lists_2016_georgia_unified.xlsx
parl_2016,__main__,smd,industry_sakartvelo,"საარჩევნო ბლოკი „თოფაძე - მრეწველები, ჩვენი სამშობლო”",,41,გორი,,19,სვეტლანა,კასაევა,სვეტლანა კასაევა,,,party_lists_2016_georgia_unified.xlsx
parl_2016,__main__,smd,industry_sakartvelo,"საარჩევნო ბლოკი „თოფაძე - მრეწველები, ჩვენი სამშობლო”",,42,გორი,,19,იოსებ,სოსიაშვილი,იოსებ სოსიაშვილი,,,party_lists_2016_georgia_unified.xlsx
parl_2016,__main__,smd,national_forum,ეროვნული ფორუმი,,41,გორი,,26,გურამ,მჭედლიძე,გურამ მჭედლიძე,,,party_lists_2016_georgia_unified.xlsx
parl_2016,__main__,smd,national_forum,ეროვნული ფორუმი,,42,გორი,,26,მალხაზ,ვახტანგაშვილი,მალხაზ ვახტანგაშვილი,,,party_lists_2016_georgia_unified.xlsx
parl_2016,__main__,smd,free_democrats,„ირაკლი ალასანია - თავისუფალი დემოკრატები”,,41,გორი,,27,ირაკლი,ალასანია,ირაკლი ალასანია,,,party_lists_2016_georgia_unified.xlsx
parl_2016,__main__,smd,free_democrats,„ირაკლი ალასანია - თავისუფალი დემოკრატები”,,42,გორი,,27,თეიმურაზ,მურადაშვილი,თეიმურაზ მურადაშვილი,,,party_lists_2016_georgia_unified.xlsx
parl_2016,__main__,smd,gd,„ქართული ოცნება - დემოკრატიული საქართველო”,,41,გორი,,41,იოსებ,მაკრახიძე,იოსებ მაკრახიძე,,,party_lists_2016_georgia_unified.xlsx
parl_2016,__main__,smd,gd,„ქართული ოცნება - დემოკრატიული საქართველო”,,42,გორი,,41,თენგიზი,ხუბულური,თენგიზი ხუბულური,,,party_lists_2016_georgia_unified.xlsx
parl_2016,__main__,smd,,"საინიციატივო ჯგუფი - ლერი ლაფაჩი, კახაბერ ერგემლიძე, გიორგი ამბოკაძე, რამაზ შარიქაძე, ილია მეტრეველი",,41,გორი,,42,ირაკლი,ოქრუაშვილი,ირაკლი ოქრუაშვილი,,,party_lists_2016_georgia_unified.xlsx
parl_2016,__main__,smd,,"საინიციატივო ჯგუფი - თეო ტლაშაძე, თამაზ ბეგიაშვილი, მერაბ მახარაშვილი, გიორგი დედაბრიშვილი, თემურ აფხაზაშვილი",,42,გორი,,42,ჯაბა,იმერლიშვილი,ჯაბა იმერლიშვილი,,,party_lists_2016_georgia_unified.xlsx
parl_2016,__main__,smd,burjanadze_democratic,საარჩევნო ბლოკი „ნინო ბურჯანაძე - დემოკრატიული მოძრაობა”,,40,ქარელი,,3,ივანე,მაჭარაშვილი,ივანე მაჭარაშვილი,,,party_lists_2016_georgia_unified.xlsx
parl_2016,__main__,smd,unm,საარჩევნო ბლოკი „ერთიანი ნაციონალური მოძრაობა”,,40,ქარელი,,5,ილია,ბურჯანაძე,ილია ბურჯანაძე,,,party_lists_2016_georgia_unified.xlsx
parl_2016,__main__,smd,patriots,"საარჩევნო ბლოკი „დავით თარხან-მოურავი, ირმა ინაშვილი - საქართველოს პატრიოტთა ალიანსი, გაერთიანებული ოპოზიცია”",,40,ქარელი,,8,ბონდო,მძინარაშვილი,ბონდო მძინარაშვილი,,,party_lists_2016_georgia_unified.xlsx
parl_2016,__main__,smd,communist_stalinist,„საქართველოს კომუნისტური პარტია - სტალინელები” (ივანე წიკლაური),,40,ქარელი,,12,ეთერი,ტერაშვილი,ეთერი ტერაშვილი,,,party_lists_2016_georgia_unified.xlsx
parl_2016,__main__,smd,georgia_2016,„საქართველო”,,40,ქარელი,,17,გოჩა,ხარაული,გოჩა ხარაული,,,party_lists_2016_georgia_unified.xlsx
parl_2016,__main__,smd,industry_sakartvelo,"საარჩევნო ბლოკი „თოფაძე - მრეწველები, ჩვენი სამშობლო”",,40,ქარელი,,19,თამილა,შაბაშვილი,თამილა შაბაშვილი,,,party_lists_2016_georgia_unified.xlsx
parl_2016,__main__,smd,national_forum,ეროვნული ფორუმი,,40,ქარელი,,26,ნანა,ქვრივიშვილი,ნანა ქვრივიშვილი,,,party_lists_2016_georgia_unified.xlsx
parl_2016,__main__,smd,free_democrats,„ირაკლი ალასანია - თავისუფალი დემოკრატები”,,40,ქარელი,,27,ალექსანდრე,მსხალაძე,ალექსანდრე მსხალაძე,,,party_lists_2016_georgia_unified.xlsx
parl_2016,__main__,smd,gd,„ქართული ოცნება - დემოკრატიული საქართველო”,,40,ქარელი,,41,გიორგი,თოთლაძე,გიორგი თოთლაძე,,,party_lists_2016_georgia_unified.xlsx
parl_2016,__main__,smd,,"საინიციატივო ჯგუფი - ლაურა ჭავჭავაძე, თამარ ნარიაშვილი, მარიამ ომაძე, გიორგი მარანელი, ბექა გოხელაშვილი",,40,ქარელი,,42,მარინა,კაჟაშვილი,მარინა კაჟაშვილი,,,party_lists_2016_georgia_unified.xlsx
parl_2016,__main__,smd,,"საინიციატივო ჯგუფი - ავთანდილ ლომიძე, დავით ხუციშვილი, ალიკა გოგილაშვილი, დავითჯიმუხაძე, დავით ბარბაქაძე",,40,ქარელი,,43,ვასილ,ხანიშვილი,ვასილ ხანიშვილი,,,party_lists_2016_georgia_unified.xlsx
parl_2016,__main__,smd,burchuladze,საარჩევნო ბლოკი „პაატა ბურჭულაძე - სახელმწიფო ხალხისთვის”,,43,ხაშური,,1,გიორგი,მოსიაშვილი,გიორგი მოსიაშვილი,,,party_lists_2016_georgia_unified.xlsx
parl_2016,__main__,smd,burjanadze_democratic,საარჩევნო ბლოკი „ნინო ბურჯანაძე - დემოკრატიული მოძრაობა”,,43,ხაშური,,3,გიორგი,ბერიძე,გიორგი ბერიძე,,,party_lists_2016_georgia_unified.xlsx
parl_2016,__main__,smd,unm,საარჩევნო ბლოკი „ერთიანი ნაციონალური მოძრაობა”,,43,ხაშური,,5,როინ,მახარობლიძე,როინ მახარობლიძე,,,party_lists_2016_georgia_unified.xlsx
parl_2016,__main__,smd,republicans_2016,„უსუფაშვილი - რესპუბლიკელები”,,43,ხაშური,,6,ირინე,გელაშვილი,ირინე გელაშვილი,,,party_lists_2016_georgia_unified.xlsx
parl_2016,__main__,smd,patriots,"საარჩევნო ბლოკი „დავით თარხან-მოურავი, ირმა ინაშვილი - საქართველოს პატრიოტთა ალიანსი, გაერთიანებული ოპოზიცია”",,43,ხაშური,,8,რამაზ,ნოზაძე,რამაზ ნოზაძე,,,party_lists_2016_georgia_unified.xlsx
parl_2016,__main__,smd,communist_stalinist,„საქართველოს კომუნისტური პარტია - სტალინელები” (ივანე წიკლაური),,43,ხაშური,,12,გელა,ადუაშვილი,გელა ადუაშვილი,,,party_lists_2016_georgia_unified.xlsx
parl_2016,__main__,smd,peace_georgia_2016,„დავით თევზაძე - საქართველოს მშვიდობისათვის”,,43,ხაშური,,14,რევაზ,კოშკაძე,რევაზ კოშკაძე,,,party_lists_2016_georgia_unified.xlsx
parl_2016,__main__,smd,georgia_2016,„საქართველო”,,43,ხაშური,,17,სოსლან,ხაჩიძე,სოსლან ხაჩიძე,,,party_lists_2016_georgia_unified.xlsx
parl_2016,__main__,smd,industry_sakartvelo,"საარჩევნო ბლოკი „თოფაძე - მრეწველები, ჩვენი სამშობლო”",,43,ხაშური,,19,სიმონ,ნოზაძე,სიმონ ნოზაძე,,,party_lists_2016_georgia_unified.xlsx
parl_2016,__main__,smd,national_forum,ეროვნული ფორუმი,,43,ხაშური,,26,ზურაბ,გელაშვილი,ზურაბ გელაშვილი,,,party_lists_2016_georgia_unified.xlsx
parl_2016,__main__,smd,free_democrats,„ირაკლი ალასანია - თავისუფალი დემოკრატები”,,43,ხაშური,,27,დიანა,გელაშვილი,დიანა გელაშვილი,,,party_lists_2016_georgia_unified.xlsx
parl_2016,__main__,smd,zviads_way,„ზვიადის გზა - უფლის სახელით”,,43,ხაშური,,28,ბაგრატი,მეხრიშვილი,ბაგრატი მეხრიშვილი,,,party_lists_2016_georgia_unified.xlsx
parl_2016,__main__,smd,gd,„ქართული ოცნება - დემოკრატიული საქართველო”,,43,ხაშური,,41,ვალერი,გელაშვილი,ვალერი გელაშვილი,,,party_lists_2016_georgia_unified.xlsx
parl_2016,__main__,smd,,"საინიციატივო ჯგუფი - ილია კაპანაძე, ემზარ მურჯიკნელი, ზაალ ფცქიალაძე, ჯურხა მახარაშვილი, გენადი გელაშვილი",,43,ხაშური,,43,პავლე,ლაცაბიძე,პავლე ლაცაბიძე,,,party_lists_2016_georgia_unified.xlsx
parl_2016,__main__,smd,burchuladze,საარჩევნო ბლოკი „პაატა ბურჭულაძე - სახელმწიფო ხალხისთვის”,,45,ბორჯომი,,1,კახაბერი,ბერიძე,კახაბერი ბერიძე,,,party_lists_2016_georgia_unified.xlsx
parl_2016,__main__,smd,burjanadze_democratic,საარჩევნო ბლოკი „ნინო ბურჯანაძე - დემოკრატიული მოძრაობა”,,45,ბორჯომი,,3,ამირან,ტყეშელაშვილი,ამირან ტყეშელაშვილი,,,party_lists_2016_georgia_unified.xlsx
parl_2016,__main__,smd,unm,საარჩევნო ბლოკი „ერთიანი ნაციონალური მოძრაობა”,,45,ბორჯომი,,5,ტარიელი,ლონდარიძე,ტარიელი ლონდარიძე,,,party_lists_2016_georgia_unified.xlsx
parl_2016,__main__,smd,mechiauri_united,„თამაზ მეჭიაური ერთიანი საქართველოსთვის”,,45,ბორჯომი,,7,მარინე,გელაშვილი,მარინე გელაშვილი,,,party_lists_2016_georgia_unified.xlsx
parl_2016,__main__,smd,patriots,"საარჩევნო ბლოკი „დავით თარხან-მოურავი, ირმა ინაშვილი - საქართველოს პატრიოტთა ალიანსი, გაერთიანებული ოპოზიცია”",,45,ბორჯომი,,8,ზურაბ,ხაჩიძე,ზურაბ ხაჩიძე,,,party_lists_2016_georgia_unified.xlsx
parl_2016,__main__,smd,labour,„შალვა ნათელაშვილი - საქართველოს ლეიბორისტული პარტია”,,45,ბორჯომი,,10,გიორგი,გიუაშვილი,გიორგი გიუაშვილი,,,party_lists_2016_georgia_unified.xlsx
parl_2016,__main__,smd,chvenni_peoples,საარჩევნო ბლოკი „ჩვენები - სახალხო პარტია”,,45,ბორჯომი,,23,ავთანდილ,გონგლაძე,ავთანდილ გონგლაძე,,,party_lists_2016_georgia_unified.xlsx
parl_2016,__main__,smd,left_alliance_2016,"„კახა ძაგანია, სოსო შატბერაშვილი, პაატა ჯიბლაძე, არჩილ ბენიძე - მემარცხენე ალიანსი”",,45,ბორჯომი,,25,გივი,მჭედლიშვილი,გივი მჭედლიშვილი,,,party_lists_2016_georgia_unified.xlsx
parl_2016,__main__,smd,national_forum,ეროვნული ფორუმი,,45,ბორჯომი,,26,აკაკი,ლეკიშვილი,აკაკი ლეკიშვილი,,,party_lists_2016_georgia_unified.xlsx
parl_2016,__main__,smd,gd,„ქართული ოცნება - დემოკრატიული საქართველო”,,45,ბორჯომი,,41,გედევან,ფოფხაძე,გედევან ფოფხაძე,,,party_lists_2016_georgia_unified.xlsx
parl_2016,__main__,smd,burjanadze_democratic,საარჩევნო ბლოკი „ნინო ბურჯანაძე - დემოკრატიული მოძრაობა”,,44,ახალციხე,,3,ბესიკ,ხითარიშვილი,ბესიკ ხითარიშვილი,,,party_lists_2016_georgia_unified.xlsx
parl_2016,__main__,smd,unm,საარჩევნო ბლოკი „ერთიანი ნაციონალური მოძრაობა”,,44,ახალციხე,,5,ვაჟა,ჩიტაშვილი,ვაჟა ჩიტაშვილი,,,party_lists_2016_georgia_unified.xlsx
parl_2016,__main__,smd,mechiauri_united,„თამაზ მეჭიაური ერთიანი საქართველოსთვის”,,44,ახალციხე,,7,გოდერძი,კუბლაშვილი,გოდერძი კუბლაშვილი,,,party_lists_2016_georgia_unified.xlsx
parl_2016,__main__,smd,patriots,"საარჩევნო ბლოკი „დავით თარხან-მოურავი, ირმა ინაშვილი - საქართველოს პატრიოტთა ალიანსი, გაერთიანებული ოპოზიცია”",,44,ახალციხე,,8,ნიკოლოზ,ინასარიძე,ნიკოლოზ ინასარიძე,,,party_lists_2016_georgia_unified.xlsx
parl_2016,__main__,smd,industry_sakartvelo,"საარჩევნო ბლოკი „თოფაძე - მრეწველები, ჩვენი სამშობლო”",,44,ახალციხე,,19,ტარიელ,ხაჩიძე,ტარიელ ხაჩიძე,,,party_lists_2016_georgia_unified.xlsx
parl_2016,__main__,smd,chvenni_peoples,საარჩევნო ბლოკი „ჩვენები - სახალხო პარტია”,,44,ახალციხე,,23,ზურაბ,პაქსაძე,ზურაბ პაქსაძე,,,party_lists_2016_georgia_unified.xlsx
parl_2016,__main__,smd,free_democrats,„ირაკლი ალასანია - თავისუფალი დემოკრატები”,,44,ახალციხე,,27,შალვა,გოგოლაძე,შალვა გოგოლაძე,,,party_lists_2016_georgia_unified.xlsx
parl_2016,__main__,smd,gd,„ქართული ოცნება - დემოკრატიული საქართველო”,,44,ახალციხე,,41,გიორგი,კოპაძე,გიორგი კოპაძე,,,party_lists_2016_georgia_unified.xlsx
parl_2016,__main__,smd,,"საინიციატივო ჯგუფი - გოჩა ათოშვილი, თამაზ ბარბლიშვილი, ავთანდილ მამუკაშვილი, რევაზ გოგოლაძე, რომანი მაისურაძე",,44,ახალციხე,,42,ნუგზარი,პარუნაშვილი,ნუგზარი პარუნაშვილი,,,party_lists_2016_georgia_unified.xlsx
parl_2016,__main__,smd,burchuladze,საარჩევნო ბლოკი „პაატა ბურჭულაძე - სახელმწიფო ხალხისთვის”,,46,ახალქალაქი,,1,შაქრო,აივაზიანი,შაქრო აივაზიანი,,,party_lists_2016_georgia_unified.xlsx
parl_2016,__main__,smd,unm,საარჩევნო ბლოკი „ერთიანი ნაციონალური მოძრაობა”,,46,ახალქალაქი,,5,არსენ,კარაპეტიან,არსენ კარაპეტიან,,,party_lists_2016_georgia_unified.xlsx
parl_2016,__main__,smd,republicans_2016,„უსუფაშვილი - რესპუბლიკელები”,,46,ახალქალაქი,,6,აშოტ,საარიან,აშოტ საარიან,,,party_lists_2016_georgia_unified.xlsx
parl_2016,__main__,smd,patriots,"საარჩევნო ბლოკი „დავით თარხან-მოურავი, ირმა ინაშვილი - საქართველოს პატრიოტთა ალიანსი, გაერთიანებული ოპოზიცია”",,46,ახალქალაქი,,8,მერუჟან,კარახანიან,მერუჟან კარახანიან,,,party_lists_2016_georgia_unified.xlsx
parl_2016,__main__,smd,national_forum,ეროვნული ფორუმი,,46,ახალქალაქი,,26,არმენაკ,ფოლორჩიან,არმენაკ ფოლორჩიან,,,party_lists_2016_georgia_unified.xlsx
parl_2016,__main__,smd,gd,„ქართული ოცნება - დემოკრატიული საქართველო”,,46,ახალქალაქი,,41,ენზელ,მკოიანი,ენზელ მკოიანი,,,party_lists_2016_georgia_unified.xlsx
parl_2016,__main__,smd,,"საინიციატივო ჯგუფი - 1. მამიკონ მინასიან,არტურ მკოიან,გეორგი მხჩიან,კარლოს რაისიან,ვარდან ჩოკანდარიან",,46,ახალქალაქი,,42,არტაშეს,პალანჯიან,არტაშეს პალანჯიან,,,party_lists_2016_georgia_unified.xlsx
parl_2016,__main__,smd,,"საინიციატივო ჯგუფი - 2. არტაკ ხნკოიან, არარატ ანანიკიან,აშოტ ჰოვჰანნესიან,იური ვანაძე,ნოდარ გორგაძე",,46,ახალქალაქი,,43,რობერტ,ჯაღაცპანიან,რობერტ ჯაღაცპანიან,,,party_lists_2016_georgia_unified.xlsx
parl_2016,__main__,smd,burchuladze,საარჩევნო ბლოკი „პაატა ბურჭულაძე - სახელმწიფო ხალხისთვის”,,58,ამბროლაური,,1,როსტომ,ცხვედიანი,როსტომ ცხვედიანი,,,party_lists_2016_georgia_unified.xlsx
parl_2016,__main__,smd,progressive_democratic_2016,"პროგრესულ-დემოკრატიული მოძრაობა (""თქვენგან, თქვენთვის, თქვენთან ერთად!"")",,58,ამბროლაური,,2,ნესტან,გუგუშვილი,ნესტან გუგუშვილი,,,party_lists_2016_georgia_unified.xlsx
parl_2016,__main__,smd,unm,საარჩევნო ბლოკი „ერთიანი ნაციონალური მოძრაობა”,,58,ამბროლაური,,5,ოთარ,სირაძე,ოთარ სირაძე,,,party_lists_2016_georgia_unified.xlsx
parl_2016,__main__,smd,patriots,"საარჩევნო ბლოკი „დავით თარხან-მოურავი, ირმა ინაშვილი - საქართველოს პატრიოტთა ალიანსი, გაერთიანებული ოპოზიცია”",,58,ამბროლაური,,8,ემზარ,კვიციანი,ემზარ კვიციანი,,,party_lists_2016_georgia_unified.xlsx
parl_2016,__main__,smd,labour,„შალვა ნათელაშვილი - საქართველოს ლეიბორისტული პარტია”,,58,ამბროლაური,,10,ამირანი,მახარობლიძე,ამირანი მახარობლიძე,,,party_lists_2016_georgia_unified.xlsx
parl_2016,__main__,smd,peace_georgia_2016,„დავით თევზაძე - საქართველოს მშვიდობისათვის”,,58,ამბროლაური,,14,ნუგზარ,ხიდეშელი,ნუგზარ ხიდეშელი,,,party_lists_2016_georgia_unified.xlsx
parl_2016,__main__,smd,industry_sakartvelo,"საარჩევნო ბლოკი „თოფაძე - მრეწველები, ჩვენი სამშობლო”",,58,ამბროლაური,,19,მერაბ,არჩვაძე,მერაბ არჩვაძე,,,party_lists_2016_georgia_unified.xlsx
parl_2016,__main__,smd,national_forum,ეროვნული ფორუმი,,58,ამბროლაური,,26,მარინე,გოშაძე,მარინე გოშაძე,,,party_lists_2016_georgia_unified.xlsx
parl_2016,__main__,smd,free_democrats,„ირაკლი ალასანია - თავისუფალი დემოკრატები”,,58,ამბროლაური,,27,გურამ,ნაკანი,გურამ ნაკანი,,,party_lists_2016_georgia_unified.xlsx
parl_2016,__main__,smd,gd,„ქართული ოცნება - დემოკრატიული საქართველო”,,58,ამბროლაური,,41,გოჩა,ენუქიძე,გოჩა ენუქიძე,,,party_lists_2016_georgia_unified.xlsx
parl_2016,__main__,smd,progressive_democratic_2016,"პროგრესულ-დემოკრატიული მოძრაობა (""თქვენგან, თქვენთვის, თქვენთან ერთად!"")",,50,თერჯოლა,,2,ვლადიმერ,ჩუბინიძე,ვლადიმერ ჩუბინიძე,,,party_lists_2016_georgia_unified.xlsx
parl_2016,__main__,smd,burjanadze_democratic,საარჩევნო ბლოკი „ნინო ბურჯანაძე - დემოკრატიული მოძრაობა”,,50,თერჯოლა,,3,ლაშა,კლდიაშვილი,ლაშა კლდიაშვილი,,,party_lists_2016_georgia_unified.xlsx
parl_2016,__main__,smd,unm,საარჩევნო ბლოკი „ერთიანი ნაციონალური მოძრაობა”,,50,თერჯოლა,,5,ოთარი,კახიძე,ოთარი კახიძე,,,party_lists_2016_georgia_unified.xlsx
parl_2016,__main__,smd,mechiauri_united,„თამაზ მეჭიაური ერთიანი საქართველოსთვის”,,50,თერჯოლა,,7,გელა,ჩივაძე,გელა ჩივაძე,,,party_lists_2016_georgia_unified.xlsx
parl_2016,__main__,smd,patriots,"საარჩევნო ბლოკი „დავით თარხან-მოურავი, ირმა ინაშვილი - საქართველოს პატრიოტთა ალიანსი, გაერთიანებული ოპოზიცია”",,50,თერჯოლა,,8,ხვიჩა,წკეპლაძე,ხვიჩა წკეპლაძე,,,party_lists_2016_georgia_unified.xlsx
parl_2016,__main__,smd,labour,„შალვა ნათელაშვილი - საქართველოს ლეიბორისტული პარტია”,,50,თერჯოლა,,10,მერაბი,ჭუმბურიძე,მერაბი ჭუმბურიძე,,,party_lists_2016_georgia_unified.xlsx
parl_2016,__main__,smd,communist_stalinist,„საქართველოს კომუნისტური პარტია - სტალინელები” (ივანე წიკლაური),,50,თერჯოლა,,12,ტერენტი,ობოლაძე,ტერენტი ობოლაძე,,,party_lists_2016_georgia_unified.xlsx
parl_2016,__main__,smd,georgia_2016,„საქართველო”,,50,თერჯოლა,,17,თამარი,გავაშელაშვილი,თამარი გავაშელაშვილი,,,party_lists_2016_georgia_unified.xlsx
parl_2016,__main__,smd,chvenni_peoples,საარჩევნო ბლოკი „ჩვენები - სახალხო პარტია”,,50,თერჯოლა,,23,ალექსანდრე,ყიფიანი,ალექსანდრე ყიფიანი,,,party_lists_2016_georgia_unified.xlsx
parl_2016,__main__,smd,left_alliance_2016,"„კახა ძაგანია, სოსო შატბერაშვილი, პაატა ჯიბლაძე, არჩილ ბენიძე - მემარცხენე ალიანსი”",,50,თერჯოლა,,25,გიორგი,გიგაშვილი,გიორგი გიგაშვილი,,,party_lists_2016_georgia_unified.xlsx
parl_2016,__main__,smd,national_forum,ეროვნული ფორუმი,,50,თერჯოლა,,26,მაია,კლდიაშვილი,მაია კლდიაშვილი,,,party_lists_2016_georgia_unified.xlsx
parl_2016,__main__,smd,free_democrats,„ირაკლი ალასანია - თავისუფალი დემოკრატები”,,50,თერჯოლა,,27,რუსუდან,გვენეტაძე,რუსუდან გვენეტაძე,,,party_lists_2016_georgia_unified.xlsx
parl_2016,__main__,smd,gd,„ქართული ოცნება - დემოკრატიული საქართველო”,,50,თერჯოლა,,41,ელგუჯა,გოცირიძე,ელგუჯა გოცირიძე,,,party_lists_2016_georgia_unified.xlsx
parl_2016,__main__,smd,,"საინიციატივო ჯგუფი - ალუდა ცხელიშვილი,კახაბერ აბუთიძე, ვალერიან რობაქიძე,დავით კეზევაძე, გია ჯანელიძე",,50,თერჯოლა,,42,კახი,კვატაია,კახი კვატაია,,,party_lists_2016_georgia_unified.xlsx
parl_2016,__main__,smd,,"საინიციატივო ჯგუფი - გურამი ოქრუაძე, ნორა გოგიაშვილი, მალხაზ მემანიშვილი, ნუგზარ გამყრელიძე, მირიან ლილუაშვილი",,50,თერჯოლა,,43,ზაური,გურგენიძე,ზაური გურგენიძე,,,party_lists_2016_georgia_unified.xlsx
parl_2016,__main__,smd,burchuladze,საარჩევნო ბლოკი „პაატა ბურჭულაძე - სახელმწიფო ხალხისთვის”,,53,საჩხერე,,1,გიორგი,სამხარაძე,გიორგი სამხარაძე,,,party_lists_2016_georgia_unified.xlsx
parl_2016,__main__,smd,unm,საარჩევნო ბლოკი „ერთიანი ნაციონალური მოძრაობა”,,53,საჩხერე,,5,ზურაბ,ცერცვაძე,ზურაბ ცერცვაძე,,,party_lists_2016_georgia_unified.xlsx
parl_2016,__main__,smd,mechiauri_united,„თამაზ მეჭიაური ერთიანი საქართველოსთვის”,,53,საჩხერე,,7,სავლე,ჩხიტუნიძე,სავლე ჩხიტუნიძე,,,party_lists_2016_georgia_unified.xlsx
parl_2016,__main__,smd,labour,„შალვა ნათელაშვილი - საქართველოს ლეიბორისტული პარტია”,,53,საჩხერე,,10,როლანდ,ლაბუჩიძე,როლანდ ლაბუჩიძე,,,party_lists_2016_georgia_unified.xlsx
parl_2016,__main__,smd,left_alliance_2016,"„კახა ძაგანია, სოსო შატბერაშვილი, პაატა ჯიბლაძე, არჩილ ბენიძე - მემარცხენე ალიანსი”",,53,საჩხერე,,25,ზაზა,ტაბატაძე,ზაზა ტაბატაძე,,,party_lists_2016_georgia_unified.xlsx
parl_2016,__main__,smd,national_forum,ეროვნული ფორუმი,,53,საჩხერე,,26,მალხაზი,აბრამიშვილი,მალხაზი აბრამიშვილი,,,party_lists_2016_georgia_unified.xlsx
parl_2016,__main__,smd,free_democrats,„ირაკლი ალასანია - თავისუფალი დემოკრატები”,,53,საჩხერე,,27,ოლეგი,არჯევანიძე,ოლეგი არჯევანიძე,,,party_lists_2016_georgia_unified.xlsx
parl_2016,__main__,smd,gd,„ქართული ოცნება - დემოკრატიული საქართველო”,,53,საჩხერე,,41,პაატა,კვიჟინაძე,პაატა კვიჟინაძე,,,party_lists_2016_georgia_unified.xlsx
parl_2016,__main__,smd,unm,საარჩევნო ბლოკი „ერთიანი ნაციონალური მოძრაობა”,,52,ზესტაფონი,,5,ბეჟან,ბუცხრიკიძე,ბეჟან ბუცხრიკიძე,,,party_lists_2016_georgia_unified.xlsx
parl_2016,__main__,smd,republicans_2016,„უსუფაშვილი - რესპუბლიკელები”,,52,ზესტაფონი,,6,თინათინ,ხიდაშელი,თინათინ ხიდაშელი,,,party_lists_2016_georgia_unified.xlsx
parl_2016,__main__,smd,patriots,"საარჩევნო ბლოკი „დავით თარხან-მოურავი, ირმა ინაშვილი - საქართველოს პატრიოტთა ალიანსი, გაერთიანებული ოპოზიცია”",,52,ზესტაფონი,,8,კახაბერ,გოქაძე,კახაბერ გოქაძე,,,party_lists_2016_georgia_unified.xlsx
parl_2016,__main__,smd,labour,„შალვა ნათელაშვილი - საქართველოს ლეიბორისტული პარტია”,,52,ზესტაფონი,,10,ზურაბი,ობოლაძე,ზურაბი ობოლაძე,,,party_lists_2016_georgia_unified.xlsx
parl_2016,__main__,smd,communist_stalinist,„საქართველოს კომუნისტური პარტია - სტალინელები” (ივანე წიკლაური),,52,ზესტაფონი,,12,ელდარ,გეწაძე,ელდარ გეწაძე,,,party_lists_2016_georgia_unified.xlsx
parl_2016,__main__,smd,workers_socialist,„მშრომელთა სოციალისტური პარტია”,,52,ზესტაფონი,,15,ნოდარ,ებანოიძე,ნოდარ ებანოიძე,,,party_lists_2016_georgia_unified.xlsx
parl_2016,__main__,smd,left_alliance_2016,"„კახა ძაგანია, სოსო შატბერაშვილი, პაატა ჯიბლაძე, არჩილ ბენიძე - მემარცხენე ალიანსი”",,52,ზესტაფონი,,25,დავით,გამცემლიძე,დავით გამცემლიძე,,,party_lists_2016_georgia_unified.xlsx
parl_2016,__main__,smd,national_forum,ეროვნული ფორუმი,,52,ზესტაფონი,,26,მერაბ,ფანჩულიძე,მერაბ ფანჩულიძე,,,party_lists_2016_georgia_unified.xlsx
parl_2016,__main__,smd,free_democrats,„ირაკლი ალასანია - თავისუფალი დემოკრატები”,,52,ზესტაფონი,,27,მალხაზი,ბაბლიძე,მალხაზი ბაბლიძე,,,party_lists_2016_georgia_unified.xlsx
parl_2016,__main__,smd,gd,„ქართული ოცნება - დემოკრატიული საქართველო”,,52,ზესტაფონი,,41,შალვა,კიკნაველიძე,შალვა კიკნაველიძე,,,party_lists_2016_georgia_unified.xlsx
parl_2016,__main__,smd,,"საინიციატივო ჯგუფი - სერგო ფუტკარაძე, ავთანდილ მაღლაკელიძე, ჯაბა ბერეკაშვილი, გოჩა ქურდაძე, ოთარ მაღლაკელიძე",,52,ზესტაფონი,,43,ილია,კოკაია,ილია კოკაია,,,party_lists_2016_georgia_unified.xlsx
parl_2016,__main__,smd,burchuladze,საარჩევნო ბლოკი „პაატა ბურჭულაძე - სახელმწიფო ხალხისთვის”,,51,ბაღდათი,,1,გიორგი,გლუნჩაძე,გიორგი გლუნჩაძე,,,party_lists_2016_georgia_unified.xlsx
parl_2016,__main__,smd,progressive_democratic_2016,"პროგრესულ-დემოკრატიული მოძრაობა (""თქვენგან, თქვენთვის, თქვენთან ერთად!"")",,51,ბაღდათი,,2,მაია,ფირცხალავა,მაია ფირცხალავა,,,party_lists_2016_georgia_unified.xlsx
parl_2016,__main__,smd,burjanadze_democratic,საარჩევნო ბლოკი „ნინო ბურჯანაძე - დემოკრატიული მოძრაობა”,,51,ბაღდათი,,3,მაია,კიკნაძე,მაია კიკნაძე,,,party_lists_2016_georgia_unified.xlsx
parl_2016,__main__,smd,unm,საარჩევნო ბლოკი „ერთიანი ნაციონალური მოძრაობა”,,51,ბაღდათი,,5,გიორგი,რობაქიძე,გიორგი რობაქიძე,,,party_lists_2016_georgia_unified.xlsx
parl_2016,__main__,smd,republicans_2016,„უსუფაშვილი - რესპუბლიკელები”,,51,ბაღდათი,,6,ნოდარ,ებანოიძე,ნოდარ ებანოიძე,,,party_lists_2016_georgia_unified.xlsx
parl_2016,__main__,smd,patriots,"საარჩევნო ბლოკი „დავით თარხან-მოურავი, ირმა ინაშვილი - საქართველოს პატრიოტთა ალიანსი, გაერთიანებული ოპოზიცია”",,51,ბაღდათი,,8,ლევანი,ჩხეიძე,ლევანი ჩხეიძე,,,party_lists_2016_georgia_unified.xlsx
parl_2016,__main__,smd,united_communist_2016,„საქართველოს ერთიანი კომუნისტური პარტია”,,51,ბაღდათი,,16,ნუგზარი,ქამუშაძე,ნუგზარი ქამუშაძე,,,party_lists_2016_georgia_unified.xlsx
parl_2016,__main__,smd,georgia_2016,„საქართველო”,,51,ბაღდათი,,17,გოჩა,ქოჩიაშვილი,გოჩა ქოჩიაშვილი,,,party_lists_2016_georgia_unified.xlsx
parl_2016,__main__,smd,industry_sakartvelo,"საარჩევნო ბლოკი „თოფაძე - მრეწველები, ჩვენი სამშობლო”",,51,ბაღდათი,,19,გურამ,გეწაძე,გურამ გეწაძე,,,party_lists_2016_georgia_unified.xlsx
parl_2016,__main__,smd,kostava_society,მერაბ კოსტავას საზოგადოება,,51,ბაღდათი,,22,რეზო,ჩახუნაშვილი,რეზო ჩახუნაშვილი,,,party_lists_2016_georgia_unified.xlsx
parl_2016,__main__,smd,national_forum,ეროვნული ფორუმი,,51,ბაღდათი,,26,დავით,გიორგაძე,დავით გიორგაძე,,,party_lists_2016_georgia_unified.xlsx
parl_2016,__main__,smd,free_democrats,„ირაკლი ალასანია - თავისუფალი დემოკრატები”,,51,ბაღდათი,,27,ზურაბ,მაჭავარიანი,ზურაბ მაჭავარიანი,,,party_lists_2016_georgia_unified.xlsx
parl_2016,__main__,smd,gd,„ქართული ოცნება - დემოკრატიული საქართველო”,,51,ბაღდათი,,41,კობა,ლურსმანაშვილი,კობა ლურსმანაშვილი,,,party_lists_2016_georgia_unified.xlsx
parl_2016,__main__,smd,burchuladze,საარჩევნო ბლოკი „პაატა ბურჭულაძე - სახელმწიფო ხალხისთვის”,,54,ვანი,,1,მელორ,ტყეშელაშვილი,მელორ ტყეშელაშვილი,,,party_lists_2016_georgia_unified.xlsx
parl_2016,__main__,smd,unm,საარჩევნო ბლოკი „ერთიანი ნაციონალური მოძრაობა”,,54,ვანი,,5,ზურაბ,ჯიბუხაია,ზურაბ ჯიბუხაია,,,party_lists_2016_georgia_unified.xlsx
parl_2016,__main__,smd,patriots,"საარჩევნო ბლოკი „დავით თარხან-მოურავი, ირმა ინაშვილი - საქართველოს პატრიოტთა ალიანსი, გაერთიანებული ოპოზიცია”",,54,ვანი,,8,იური,ლორთქიფანიძე,იური ლორთქიფანიძე,,,party_lists_2016_georgia_unified.xlsx
parl_2016,__main__,smd,labour,„შალვა ნათელაშვილი - საქართველოს ლეიბორისტული პარტია”,,54,ვანი,,10,მაია,ლიპარიძე,მაია ლიპარიძე,,,party_lists_2016_georgia_unified.xlsx
parl_2016,__main__,smd,national_forum,ეროვნული ფორუმი,,54,ვანი,,26,ვლადიმერ,კახიანი,ვლადიმერ კახიანი,,,party_lists_2016_georgia_unified.xlsx
parl_2016,__main__,smd,free_democrats,„ირაკლი ალასანია - თავისუფალი დემოკრატები”,,54,ვანი,,27,გერასიმე,მჟავანაძე,გერასიმე მჟავანაძე,,,party_lists_2016_georgia_unified.xlsx
parl_2016,__main__,smd,gd,„ქართული ოცნება - დემოკრატიული საქართველო”,,54,ვანი,,41,გრიგოლ,ლილუაშვილი,გრიგოლ ლილუაშვილი,,,party_lists_2016_georgia_unified.xlsx
parl_2016,__main__,smd,burchuladze,საარჩევნო ბლოკი „პაატა ბურჭულაძე - სახელმწიფო ხალხისთვის”,,55,სამტრედია,,1,პაატა,მანჯგალაძე,პაატა მანჯგალაძე,,,party_lists_2016_georgia_unified.xlsx
parl_2016,__main__,smd,unm,საარჩევნო ბლოკი „ერთიანი ნაციონალური მოძრაობა”,,55,სამტრედია,,5,მერაბ,ჯანელიძე,მერაბ ჯანელიძე,,,party_lists_2016_georgia_unified.xlsx
parl_2016,__main__,smd,mechiauri_united,„თამაზ მეჭიაური ერთიანი საქართველოსთვის”,,55,სამტრედია,,7,ზურაბ,კვანტალიანი,ზურაბ კვანტალიანი,,,party_lists_2016_georgia_unified.xlsx
parl_2016,__main__,smd,patriots,"საარჩევნო ბლოკი „დავით თარხან-მოურავი, ირმა ინაშვილი - საქართველოს პატრიოტთა ალიანსი, გაერთიანებული ოპოზიცია”",,55,სამტრედია,,8,შორენა,ხარჩილავა,შორენა ხარჩილავა,,,party_lists_2016_georgia_unified.xlsx
parl_2016,__main__,smd,labour,„შალვა ნათელაშვილი - საქართველოს ლეიბორისტული პარტია”,,55,სამტრედია,,10,გიორგი,ჯიმშელეიშვილი,გიორგი ჯიმშელეიშვილი,,,party_lists_2016_georgia_unified.xlsx
parl_2016,__main__,smd,national_forum,ეროვნული ფორუმი,,55,სამტრედია,,26,დიმიტრი,სულაქველიძე,დიმიტრი სულაქველიძე,,,party_lists_2016_georgia_unified.xlsx
parl_2016,__main__,smd,free_democrats,„ირაკლი ალასანია - თავისუფალი დემოკრატები”,,55,სამტრედია,,27,ფატიმა,მანჯგალაძე,ფატიმა მანჯგალაძე,,,party_lists_2016_georgia_unified.xlsx
parl_2016,__main__,smd,gd,„ქართული ოცნება - დემოკრატიული საქართველო”,,55,სამტრედია,,41,გრიგოლ,მიქელაძე,გრიგოლ მიქელაძე,,,party_lists_2016_georgia_unified.xlsx
parl_2016,__main__,smd,burjanadze_democratic,საარჩევნო ბლოკი „ნინო ბურჯანაძე - დემოკრატიული მოძრაობა”,,56,ჭიათურა,,3,მარინა,ვაშაძე,მარინა ვაშაძე,,,party_lists_2016_georgia_unified.xlsx
parl_2016,__main__,smd,unm,საარჩევნო ბლოკი „ერთიანი ნაციონალური მოძრაობა”,,56,ჭიათურა,,5,პროკოფ,ჩიკვილაძე,პროკოფ ჩიკვილაძე,,,party_lists_2016_georgia_unified.xlsx
parl_2016,__main__,smd,republicans_2016,„უსუფაშვილი - რესპუბლიკელები”,,56,ჭიათურა,,6,მალხაზ,წერეთელი,მალხაზ წერეთელი,,,party_lists_2016_georgia_unified.xlsx
parl_2016,__main__,smd,patriots,"საარჩევნო ბლოკი „დავით თარხან-მოურავი, ირმა ინაშვილი - საქართველოს პატრიოტთა ალიანსი, გაერთიანებული ოპოზიცია”",,56,ჭიათურა,,8,გიორგი,კასრაძე,გიორგი კასრაძე,,,party_lists_2016_georgia_unified.xlsx
parl_2016,__main__,smd,united_communist_2016,„საქართველოს ერთიანი კომუნისტური პარტია”,,56,ჭიათურა,,16,გურამ,კაპანაძე,გურამ კაპანაძე,,,party_lists_2016_georgia_unified.xlsx
parl_2016,__main__,smd,georgian_idea,„ქართული იდეა”,,56,ჭიათურა,,18,ზინა,გველესიანი,ზინა გველესიანი,,,party_lists_2016_georgia_unified.xlsx
parl_2016,__main__,smd,national_forum,ეროვნული ფორუმი,,56,ჭიათურა,,26,ანი,მიროტაძე,ანი მიროტაძე,,,party_lists_2016_georgia_unified.xlsx
parl_2016,__main__,smd,free_democrats,„ირაკლი ალასანია - თავისუფალი დემოკრატები”,,56,ჭიათურა,,27,თეიმურაზ,გაფრინდაშვილი,თეიმურაზ გაფრინდაშვილი,,,party_lists_2016_georgia_unified.xlsx
parl_2016,__main__,smd,gd,„ქართული ოცნება - დემოკრატიული საქართველო”,,56,ჭიათურა,,41,სულხან,მახათაძე,სულხან მახათაძე,,,party_lists_2016_georgia_unified.xlsx
parl_2016,__main__,smd,,"საინიციატივო ჯგუფი - ნინო აზნარაშვილი, რამაზ ბექაური, კახაბერ მუმლაძე, ალუდა ღუდუშაური, მიხეილ დევდარიანი",,56,ჭიათურა,,42,ირაკლი,გაბრიჭიძე,ირაკლი გაბრიჭიძე,,,party_lists_2016_georgia_unified.xlsx
parl_2016,__main__,smd,burchuladze,საარჩევნო ბლოკი „პაატა ბურჭულაძე - სახელმწიფო ხალხისთვის”,,57,წყალტუბო,,1,კონსტანტინე,სანებლიძე,კონსტანტინე სანებლიძე,,,party_lists_2016_georgia_unified.xlsx
parl_2016,__main__,smd,unm,საარჩევნო ბლოკი „ერთიანი ნაციონალური მოძრაობა”,,57,წყალტუბო,,5,მამუკა,საღარეიშვილი,მამუკა საღარეიშვილი,,,party_lists_2016_georgia_unified.xlsx
parl_2016,__main__,smd,patriots,"საარჩევნო ბლოკი „დავით თარხან-მოურავი, ირმა ინაშვილი - საქართველოს პატრიოტთა ალიანსი, გაერთიანებული ოპოზიცია”",,57,წყალტუბო,,8,ზვიად,ჩიხლაძე,ზვიად ჩიხლაძე,,,party_lists_2016_georgia_unified.xlsx
parl_2016,__main__,smd,labour,„შალვა ნათელაშვილი - საქართველოს ლეიბორისტული პარტია”,,57,წყალტუბო,,10,იმედა,გუგავა,იმედა გუგავა,,,party_lists_2016_georgia_unified.xlsx
parl_2016,__main__,smd,georgia_2016,„საქართველო”,,57,წყალტუბო,,17,მალხაზი,მუშკუდიანი,მალხაზი მუშკუდიანი,,,party_lists_2016_georgia_unified.xlsx
parl_2016,__main__,smd,national_forum,ეროვნული ფორუმი,,57,წყალტუბო,,26,ბადრი,ონიანი,ბადრი ონიანი,,,party_lists_2016_georgia_unified.xlsx
parl_2016,__main__,smd,free_democrats,„ირაკლი ალასანია - თავისუფალი დემოკრატები”,,57,წყალტუბო,,27,ვალერი,ჩეჩელაშვილი,ვალერი ჩეჩელაშვილი,,,party_lists_2016_georgia_unified.xlsx
parl_2016,__main__,smd,gd,„ქართული ოცნება - დემოკრატიული საქართველო”,,57,წყალტუბო,,41,ცოტნე,ზურაბიანი,ცოტნე ზურაბიანი,,,party_lists_2016_georgia_unified.xlsx
parl_2016,__main__,smd,burchuladze,საარჩევნო ბლოკი „პაატა ბურჭულაძე - სახელმწიფო ხალხისთვის”,,47,ქუთაისი,,1,ამირანი,ხვადაგიანი,ამირანი ხვადაგიანი,,,party_lists_2016_georgia_unified.xlsx
parl_2016,__main__,smd,burchuladze,საარჩევნო ბლოკი „პაატა ბურჭულაძე - სახელმწიფო ხალხისთვის”,,49,ქუთაისი,,1,ზვიადი,ბაღდავაძე,ზვიადი ბაღდავაძე,,,party_lists_2016_georgia_unified.xlsx
parl_2016,__main__,smd,burjanadze_democratic,საარჩევნო ბლოკი „ნინო ბურჯანაძე - დემოკრატიული მოძრაობა”,,48,ქუთაისი,,3,დავით,წიტაიშვილი,დავით წიტაიშვილი,,,party_lists_2016_georgia_unified.xlsx
parl_2016,__main__,smd,unm,საარჩევნო ბლოკი „ერთიანი ნაციონალური მოძრაობა”,,49,ქუთაისი,,5,გიორგი,წერეთელი,გიორგი წერეთელი,,,party_lists_2016_georgia_unified.xlsx
parl_2016,__main__,smd,unm,საარჩევნო ბლოკი „ერთიანი ნაციონალური მოძრაობა”,,48,ქუთაისი,,5,აკაკი,ბობოხიძე,აკაკი ბობოხიძე,,,party_lists_2016_georgia_unified.xlsx
parl_2016,__main__,smd,unm,საარჩევნო ბლოკი „ერთიანი ნაციონალური მოძრაობა”,,47,ქუთაისი,,5,გიორგი,თევდორაძე,გიორგი თევდორაძე,,,party_lists_2016_georgia_unified.xlsx
parl_2016,__main__,smd,republicans_2016,„უსუფაშვილი - რესპუბლიკელები”,,48,ქუთაისი,,6,ნატო,ქათამაძე,ნატო ქათამაძე,,,party_lists_2016_georgia_unified.xlsx
parl_2016,__main__,smd,mechiauri_united,„თამაზ მეჭიაური ერთიანი საქართველოსთვის”,,47,ქუთაისი,,7,ლია,გვენეტაძე,ლია გვენეტაძე,,,party_lists_2016_georgia_unified.xlsx
parl_2016,__main__,smd,mechiauri_united,„თამაზ მეჭიაური ერთიანი საქართველოსთვის”,,48,ქუთაისი,,7,ნუგზარი,უგლავა,ნუგზარი უგლავა,,,party_lists_2016_georgia_unified.xlsx
parl_2016,__main__,smd,patriots,"საარჩევნო ბლოკი „დავით თარხან-მოურავი, ირმა ინაშვილი - საქართველოს პატრიოტთა ალიანსი, გაერთიანებული ოპოზიცია”",,49,ქუთაისი,,8,გიორგი,წულაია,გიორგი წულაია,,,party_lists_2016_georgia_unified.xlsx
parl_2016,__main__,smd,patriots,"საარჩევნო ბლოკი „დავით თარხან-მოურავი, ირმა ინაშვილი - საქართველოს პატრიოტთა ალიანსი, გაერთიანებული ოპოზიცია”",,48,ქუთაისი,,8,გრიგოლ,ბახტაძე,გრიგოლ ბახტაძე,,,party_lists_2016_georgia_unified.xlsx
parl_2016,__main__,smd,patriots,"საარჩევნო ბლოკი „დავით თარხან-მოურავი, ირმა ინაშვილი - საქართველოს პატრიოტთა ალიანსი, გაერთიანებული ოპოზიცია”",,47,ქუთაისი,,8,ნინო,ონიანი,ნინო ონიანი,,,party_lists_2016_georgia_unified.xlsx
parl_2016,__main__,smd,labour,„შალვა ნათელაშვილი - საქართველოს ლეიბორისტული პარტია”,,48,ქუთაისი,,10,სამსონი,გუგავა,სამსონი გუგავა,,,party_lists_2016_georgia_unified.xlsx
parl_2016,__main__,smd,labour,„შალვა ნათელაშვილი - საქართველოს ლეიბორისტული პარტია”,,49,ქუთაისი,,10,ირაკლი,კიკვაძე,ირაკლი კიკვაძე,,,party_lists_2016_georgia_unified.xlsx
parl_2016,__main__,smd,communist_stalinist,„საქართველოს კომუნისტური პარტია - სტალინელები” (ივანე წიკლაური),,47,ქუთაისი,,12,შიო,ობოლაძე,შიო ობოლაძე,,,party_lists_2016_georgia_unified.xlsx
parl_2016,__main__,smd,communist_stalinist,„საქართველოს კომუნისტური პარტია - სტალინელები” (ივანე წიკლაური),,48,ქუთაისი,,12,ბონდო,გიორგაძე,ბონდო გიორგაძე,,,party_lists_2016_georgia_unified.xlsx
parl_2016,__main__,smd,communist_stalinist,„საქართველოს კომუნისტური პარტია - სტალინელები” (ივანე წიკლაური),,49,ქუთაისი,,12,არჩილი,მურცხვალაძე,არჩილი მურცხვალაძე,,,party_lists_2016_georgia_unified.xlsx
parl_2016,__main__,smd,united_communist_2016,„საქართველოს ერთიანი კომუნისტური პარტია”,,48,ქუთაისი,,16,გიორგი,გედენიძე,გიორგი გედენიძე,,,party_lists_2016_georgia_unified.xlsx
parl_2016,__main__,smd,united_communist_2016,„საქართველოს ერთიანი კომუნისტური პარტია”,,49,ქუთაისი,,16,გულიკო,ნიჟარაძე,გულიკო ნიჟარაძე,,,party_lists_2016_georgia_unified.xlsx
parl_2016,__main__,smd,united_communist_2016,„საქართველოს ერთიანი კომუნისტური პარტია”,,47,ქუთაისი,,16,პაატა,ხაჭაპურიძე,პაატა ხაჭაპურიძე,,,party_lists_2016_georgia_unified.xlsx
parl_2016,__main__,smd,georgia_2016,„საქართველო”,,49,ქუთაისი,,17,მანანა,სტურუა,მანანა სტურუა,,,party_lists_2016_georgia_unified.xlsx
parl_2016,__main__,smd,georgia_2016,„საქართველო”,,48,ქუთაისი,,17,ბესიკი,ადამია,ბესიკი ადამია,,,party_lists_2016_georgia_unified.xlsx
parl_2016,__main__,smd,industry_sakartvelo,"საარჩევნო ბლოკი „თოფაძე - მრეწველები, ჩვენი სამშობლო”",,47,ქუთაისი,,19,ლაშა,გვენეტაძე,ლაშა გვენეტაძე,,,party_lists_2016_georgia_unified.xlsx
parl_2016,__main__,smd,industry_sakartvelo,"საარჩევნო ბლოკი „თოფაძე - მრეწველები, ჩვენი სამშობლო”",,48,ქუთაისი,,19,ნუგზარ,ფალიანი,ნუგზარ ფალიანი,,,party_lists_2016_georgia_unified.xlsx
parl_2016,__main__,smd,national_forum,ეროვნული ფორუმი,,47,ქუთაისი,,26,თეა,თათელიშვილი,თეა თათელიშვილი,,,party_lists_2016_georgia_unified.xlsx
parl_2016,__main__,smd,national_forum,ეროვნული ფორუმი,,48,ქუთაისი,,26,კახაბერი,დვალიშვილი,კახაბერი დვალიშვილი,,,party_lists_2016_georgia_unified.xlsx
parl_2016,__main__,smd,free_democrats,„ირაკლი ალასანია - თავისუფალი დემოკრატები”,,47,ქუთაისი,,27,გიორგი,ხაზარაძე,გიორგი ხაზარაძე,,,party_lists_2016_georgia_unified.xlsx
parl_2016,__main__,smd,free_democrats,„ირაკლი ალასანია - თავისუფალი დემოკრატები”,,48,ქუთაისი,,27,გრიგოლი,გუმბერიძე,გრიგოლი გუმბერიძე,,,party_lists_2016_georgia_unified.xlsx
parl_2016,__main__,smd,free_democrats,„ირაკლი ალასანია - თავისუფალი დემოკრატები”,,49,ქუთაისი,,27,ლელა,სებუა,ლელა სებუა,,,party_lists_2016_georgia_unified.xlsx
parl_2016,__main__,smd,gd,„ქართული ოცნება - დემოკრატიული საქართველო”,,47,ქუთაისი,,41,გენადი,მარგველაშვილი,გენადი მარგველაშვილი,,,party_lists_2016_georgia_unified.xlsx
parl_2016,__main__,smd,gd,„ქართული ოცნება - დემოკრატიული საქართველო”,,48,ქუთაისი,,41,დიმიტრი,მხეიძე,დიმიტრი მხეიძე,,,party_lists_2016_georgia_unified.xlsx
parl_2016,__main__,smd,gd,„ქართული ოცნება - დემოკრატიული საქართველო”,,49,ქუთაისი,,41,კობა,ნარჩემაშვილი,კობა ნარჩემაშვილი,,,party_lists_2016_georgia_unified.xlsx
parl_2016,__main__,smd,,"საინიციატივო ჯგუფი - თამაზ სოსანაშვილი, გივი სულაკაძე, ლალი კლდიაშვილი, ნინო შაქარიშვილი, თამარ მაჭავარიანი",,49,ქუთაისი,,42,ავთანდილ,გოდუაძე,ავთანდილ გოდუაძე,,,party_lists_2016_georgia_unified.xlsx
parl_2016,__main__,smd,,"საინიციატივო ჯგუფი - ლალი ელიავა, ავთანდილ თოხაძე, დემური ჩარკვიანი, ელდარი ჩინჩალაძე, თინათინ ხურციძე",,47,ქუთაისი,,42,ნესტან,დანელია,ნესტან დანელია,,,party_lists_2016_georgia_unified.xlsx
parl_2016,__main__,smd,,"საინიციატივო ჯგუფი - ირმა ფიფია, ელეონორა ლოსაბერიძე, მანანა წიქრიძე, მადონა კაპანაძე, ელენე გეგეშიძე",,49,ქუთაისი,,43,შორენა,ჯანხოთელი,შორენა ჯანხოთელი,,,party_lists_2016_georgia_unified.xlsx
parl_2016,__main__,smd,burchuladze,საარჩევნო ბლოკი „პაატა ბურჭულაძე - სახელმწიფო ხალხისთვის”,,59,ოზურგეთი,,1,ზაზა,მამულაშვილი,ზაზა მამულაშვილი,,,party_lists_2016_georgia_unified.xlsx
parl_2016,__main__,smd,burjanadze_democratic,საარჩევნო ბლოკი „ნინო ბურჯანაძე - დემოკრატიული მოძრაობა”,,59,ოზურგეთი,,3,ავთანდილ,ჩხაიძე,ავთანდილ ჩხაიძე,,,party_lists_2016_georgia_unified.xlsx
parl_2016,__main__,smd,unm,საარჩევნო ბლოკი „ერთიანი ნაციონალური მოძრაობა”,,59,ოზურგეთი,,5,დავით,მჟავანაძე,დავით მჟავანაძე,,,party_lists_2016_georgia_unified.xlsx
parl_2016,__main__,smd,republicans_2016,„უსუფაშვილი - რესპუბლიკელები”,,59,ოზურგეთი,,6,ნინო,გოგუაძე,ნინო გოგუაძე,,,party_lists_2016_georgia_unified.xlsx
parl_2016,__main__,smd,patriots,"საარჩევნო ბლოკი „დავით თარხან-მოურავი, ირმა ინაშვილი - საქართველოს პატრიოტთა ალიანსი, გაერთიანებული ოპოზიცია”",,59,ოზურგეთი,,8,შოთა,გოგიბერიძე,შოთა გოგიბერიძე,,,party_lists_2016_georgia_unified.xlsx
parl_2016,__main__,smd,labour,„შალვა ნათელაშვილი - საქართველოს ლეიბორისტული პარტია”,,59,ოზურგეთი,,10,დავით,მამალაძე,დავით მამალაძე,,,party_lists_2016_georgia_unified.xlsx
parl_2016,__main__,smd,free_democrats,„ირაკლი ალასანია - თავისუფალი დემოკრატები”,,59,ოზურგეთი,,27,თეიმურაზ,სალუქვაძე,თეიმურაზ სალუქვაძე,,,party_lists_2016_georgia_unified.xlsx
parl_2016,__main__,smd,gd,„ქართული ოცნება - დემოკრატიული საქართველო”,,59,ოზურგეთი,,41,არჩილ,თალაკვაძე,არჩილ თალაკვაძე,,,party_lists_2016_georgia_unified.xlsx
parl_2016,__main__,smd,,"საინიციატივო ჯგუფი - გივი ანთაძე, გოჩა ქოზაშვილი, ნინო ლომაძე, ჯუმბერ ჯულაყიძე, ჯემალ გუდაძე.",,59,ოზურგეთი,,42,გოჩა,ძიმისტარიშვილი,გოჩა ძიმისტარიშვილი,,,party_lists_2016_georgia_unified.xlsx
parl_2016,__main__,smd,burchuladze,საარჩევნო ბლოკი „პაატა ბურჭულაძე - სახელმწიფო ხალხისთვის”,,60,ლანჩხუთი,,1,გურამ,ჩალაგაშვილი,გურამ ჩალაგაშვილი,,,party_lists_2016_georgia_unified.xlsx
parl_2016,__main__,smd,progressive_democratic_2016,"პროგრესულ-დემოკრატიული მოძრაობა (""თქვენგან, თქვენთვის, თქვენთან ერთად!"")",,60,ლანჩხუთი,,2,თამილა,ჟღენტი,თამილა ჟღენტი,,,party_lists_2016_georgia_unified.xlsx
parl_2016,__main__,smd,unm,საარჩევნო ბლოკი „ერთიანი ნაციონალური მოძრაობა”,,60,ლანჩხუთი,,5,ნინო,კვიტაიშვილი,ნინო კვიტაიშვილი,,,party_lists_2016_georgia_unified.xlsx
parl_2016,__main__,smd,patriots,"საარჩევნო ბლოკი „დავით თარხან-მოურავი, ირმა ინაშვილი - საქართველოს პატრიოტთა ალიანსი, გაერთიანებული ოპოზიცია”",,60,ლანჩხუთი,,8,გურანდა,მანაგაძე,გურანდა მანაგაძე,,,party_lists_2016_georgia_unified.xlsx
parl_2016,__main__,smd,labour,„შალვა ნათელაშვილი - საქართველოს ლეიბორისტული პარტია”,,60,ლანჩხუთი,,10,ტარიელ,კალანდარიშვილი,ტარიელ კალანდარიშვილი,,,party_lists_2016_georgia_unified.xlsx
parl_2016,__main__,smd,industry_sakartvelo,"საარჩევნო ბლოკი „თოფაძე - მრეწველები, ჩვენი სამშობლო”",,60,ლანჩხუთი,,19,ამირან,ჭაღალიძე,ამირან ჭაღალიძე,,,party_lists_2016_georgia_unified.xlsx
parl_2016,__main__,smd,left_alliance_2016,"„კახა ძაგანია, სოსო შატბერაშვილი, პაატა ჯიბლაძე, არჩილ ბენიძე - მემარცხენე ალიანსი”",,60,ლანჩხუთი,,25,ლაშა,ჯიბლაძე,ლაშა ჯიბლაძე,,,party_lists_2016_georgia_unified.xlsx
parl_2016,__main__,smd,gd,„ქართული ოცნება - დემოკრატიული საქართველო”,,60,ლანჩხუთი,,41,ნინო,წილოსანი,ნინო წილოსანი,,,party_lists_2016_georgia_unified.xlsx
parl_2016,__main__,smd,,"საინიციატივო ჯგუფი - კონსტატინე თავართქილაძე, თამაზი ჯიქია, ვანო ჯაყელი, ზორბეგი ჟღენტი, ზაზა მდინარაძე.",,60,ლანჩხუთი,,42,დავით,ჟღენტი,დავით ჟღენტი,,,party_lists_2016_georgia_unified.xlsx
parl_2016,__main__,smd,,"საინიციატივო ჯგუფი - ლევან ჩხაიძე,კახაბერ გუჯაბიძე, ბარნაბ ჭყონია,გიორგი ორაგველიძე,არკადი ჩხაიძე",,60,ლანჩხუთი,,43,აკაკი,ჩხაიძე,აკაკი ჩხაიძე,,,party_lists_2016_georgia_unified.xlsx
parl_2016,__main__,smd,burchuladze,საარჩევნო ბლოკი „პაატა ბურჭულაძე - სახელმწიფო ხალხისთვის”,,63,სენაკი,,1,გურამი,მისაბიშვილი,გურამი მისაბიშვილი,,,party_lists_2016_georgia_unified.xlsx
parl_2016,__main__,smd,unm,საარჩევნო ბლოკი „ერთიანი ნაციონალური მოძრაობა”,,63,სენაკი,,5,კობა,ნაყოფია,კობა ნაყოფია,,,party_lists_2016_georgia_unified.xlsx
parl_2016,__main__,smd,patriots,"საარჩევნო ბლოკი „დავით თარხან-მოურავი, ირმა ინაშვილი - საქართველოს პატრიოტთა ალიანსი, გაერთიანებული ოპოზიცია”",,63,სენაკი,,8,რევაზ,ასმავა,რევაზ ასმავა,,,party_lists_2016_georgia_unified.xlsx
parl_2016,__main__,smd,labour,„შალვა ნათელაშვილი - საქართველოს ლეიბორისტული პარტია”,,63,სენაკი,,10,თამაზი,ბოჯგუა,თამაზი ბოჯგუა,,,party_lists_2016_georgia_unified.xlsx
parl_2016,__main__,smd,national_forum,ეროვნული ფორუმი,,63,სენაკი,,26,აპოლონი,გარუჩავა,აპოლონი გარუჩავა,,,party_lists_2016_georgia_unified.xlsx
parl_2016,__main__,smd,free_democrats,„ირაკლი ალასანია - თავისუფალი დემოკრატები”,,63,სენაკი,,27,ხვიჩა,ჟიშკარიანი,ხვიჩა ჟიშკარიანი,,,party_lists_2016_georgia_unified.xlsx
parl_2016,__main__,smd,gd,„ქართული ოცნება - დემოკრატიული საქართველო”,,63,სენაკი,,41,ირაკლი,ბერაია,ირაკლი ბერაია,,,party_lists_2016_georgia_unified.xlsx
parl_2016,__main__,smd,,"საინიციატივო ჯგუფი - თამაზ საჯაია, გიული ბაღათურია, ნონა ლაშხია, ბესიკ ჩაბრავა, გია გვარამია",,63,სენაკი,,42,გიორგი,გახოკია,გიორგი გახოკია,,,party_lists_2016_georgia_unified.xlsx
parl_2016,__main__,smd,burchuladze,საარჩევნო ბლოკი „პაატა ბურჭულაძე - სახელმწიფო ხალხისთვის”,,62,მარტვილი,,1,დავით,თოფურია,დავით თოფურია,,,party_lists_2016_georgia_unified.xlsx
parl_2016,__main__,smd,unm,საარჩევნო ბლოკი „ერთიანი ნაციონალური მოძრაობა”,,62,მარტვილი,,5,ზაალ,გოროზია,ზაალ გოროზია,,,party_lists_2016_georgia_unified.xlsx
parl_2016,__main__,smd,mechiauri_united,„თამაზ მეჭიაური ერთიანი საქართველოსთვის”,,62,მარტვილი,,7,აპოლონ,გადელია,აპოლონ გადელია,,,party_lists_2016_georgia_unified.xlsx
parl_2016,__main__,smd,patriots,"საარჩევნო ბლოკი „დავით თარხან-მოურავი, ირმა ინაშვილი - საქართველოს პატრიოტთა ალიანსი, გაერთიანებული ოპოზიცია”",,62,მარტვილი,,8,კონსტანტინე,გამსახურდია,კონსტანტინე გამსახურდია,,,party_lists_2016_georgia_unified.xlsx
parl_2016,__main__,smd,workers_socialist,„მშრომელთა სოციალისტური პარტია”,,62,მარტვილი,,15,იური,ოდიშარია,იური ოდიშარია,,,party_lists_2016_georgia_unified.xlsx
parl_2016,__main__,smd,free_democrats,„ირაკლი ალასანია - თავისუფალი დემოკრატები”,,62,მარტვილი,,27,ირინა,თოფურია,ირინა თოფურია,,,party_lists_2016_georgia_unified.xlsx
parl_2016,__main__,smd,gd,„ქართული ოცნება - დემოკრატიული საქართველო”,,62,მარტვილი,,41,ოთარი,დანელია,ოთარი დანელია,,,party_lists_2016_georgia_unified.xlsx
parl_2016,__main__,smd,burchuladze,საარჩევნო ბლოკი „პაატა ბურჭულაძე - სახელმწიფო ხალხისთვის”,,64,ხობი,,1,კახაბერი,ნადარაია,კახაბერი ნადარაია,,,party_lists_2016_georgia_unified.xlsx
parl_2016,__main__,smd,unm,საარჩევნო ბლოკი „ერთიანი ნაციონალური მოძრაობა”,,64,ხობი,,5,მამუკა,ჭოხონელიძე,მამუკა ჭოხონელიძე,,,party_lists_2016_georgia_unified.xlsx
parl_2016,__main__,smd,patriots,"საარჩევნო ბლოკი „დავით თარხან-მოურავი, ირმა ინაშვილი - საქართველოს პატრიოტთა ალიანსი, გაერთიანებული ოპოზიცია”",,64,ხობი,,8,ბესიკ,ლაგვილავა,ბესიკ ლაგვილავა,,,party_lists_2016_georgia_unified.xlsx
parl_2016,__main__,smd,georgian_idea,„ქართული იდეა”,,64,ხობი,,18,გიორგი,ბოლქვაძე,გიორგი ბოლქვაძე,,,party_lists_2016_georgia_unified.xlsx
parl_2016,__main__,smd,free_democrats,„ირაკლი ალასანია - თავისუფალი დემოკრატები”,,64,ხობი,,27,რამაზ,ტყებუჩავა,რამაზ ტყებუჩავა,,,party_lists_2016_georgia_unified.xlsx
parl_2016,__main__,smd,gd,„ქართული ოცნება - დემოკრატიული საქართველო”,,64,ხობი,,41,ირაკლი,ბერაია,ირაკლი ბერაია,,,party_lists_2016_georgia_unified.xlsx
parl_2016,__main__,smd,,"საინიციატივო ჯგუფი - თეიმურაზ ბუაჩიძე,ალექსანდრე კუზანაშვილი,მალხაზ ქარცხია,თამარ სერგია,დიმიტრი სერგია",,64,ხობი,,42,ვილენ,სერგია,ვილენ სერგია,,,party_lists_2016_georgia_unified.xlsx
parl_2016,__main__,smd,burchuladze,საარჩევნო ბლოკი „პაატა ბურჭულაძე - სახელმწიფო ხალხისთვის”,,66,ზუგდიდი,,1,ბესიკ,თოდუა,ბესიკ თოდუა,,,party_lists_2016_georgia_unified.xlsx
parl_2016,__main__,smd,burchuladze,საარჩევნო ბლოკი „პაატა ბურჭულაძე - სახელმწიფო ხალხისთვის”,,65,ზუგდიდი,,1,ვახტანგ,ცხადაია,ვახტანგ ცხადაია,,,party_lists_2016_georgia_unified.xlsx
parl_2016,__main__,smd,progressive_democratic_2016,"პროგრესულ-დემოკრატიული მოძრაობა (""თქვენგან, თქვენთვის, თქვენთან ერთად!"")",,65,ზუგდიდი,,2,როინ,ნაჭყებია,როინ ნაჭყებია,,,party_lists_2016_georgia_unified.xlsx
parl_2016,__main__,smd,burjanadze_democratic,საარჩევნო ბლოკი „ნინო ბურჯანაძე - დემოკრატიული მოძრაობა”,,65,ზუგდიდი,,3,გონერი,პაპავა,გონერი პაპავა,,,party_lists_2016_georgia_unified.xlsx
parl_2016,__main__,smd,unm,საარჩევნო ბლოკი „ერთიანი ნაციონალური მოძრაობა” სანდრა,,66,ზუგდიდი,,5,ელისაბედ,რულოვს,ელისაბედ რულოვს,,,party_lists_2016_georgia_unified.xlsx
parl_2016,__main__,smd,unm,საარჩევნო ბლოკი „ერთიანი ნაციონალური მოძრაობა”,,65,ზუგდიდი,,5,ლევან,კონჯარია,ლევან კონჯარია,,,party_lists_2016_georgia_unified.xlsx
parl_2016,__main__,smd,republicans_2016,„უსუფაშვილი - რესპუბლიკელები”,,65,ზუგდიდი,,6,გიორგი,თოდუა,გიორგი თოდუა,,,party_lists_2016_georgia_unified.xlsx
parl_2016,__main__,smd,mechiauri_united,„თამაზ მეჭიაური ერთიანი საქართველოსთვის”,,66,ზუგდიდი,,7,ჯონი,ზარანდია,ჯონი ზარანდია,,,party_lists_2016_georgia_unified.xlsx
parl_2016,__main__,smd,patriots,"საარჩევნო ბლოკი „დავით თარხან-მოურავი, ირმა ინაშვილი - საქართველოს პატრიოტთა ალიანსი, გაერთიანებული ოპოზიცია”",,66,ზუგდიდი,,8,ირაკლი,ჩანგელია,ირაკლი ჩანგელია,,,party_lists_2016_georgia_unified.xlsx
parl_2016,__main__,smd,patriots,"საარჩევნო ბლოკი „დავით თარხან-მოურავი, ირმა ინაშვილი - საქართველოს პატრიოტთა ალიანსი, გაერთიანებული ოპოზიცია”",,65,ზუგდიდი,,8,ოთარ,ჭითანავა,ოთარ ჭითანავა,,,party_lists_2016_georgia_unified.xlsx
parl_2016,__main__,smd,free_democrats,„ირაკლი ალასანია - თავისუფალი დემოკრატები”,,65,ზუგდიდი,,27,ირაკლი,ჩიქოვანი,ირაკლი ჩიქოვანი,,,party_lists_2016_georgia_unified.xlsx
parl_2016,__main__,smd,zviads_way,„ზვიადის გზა - უფლის სახელით”,,66,ზუგდიდი,,28,რამაზ,ჩაჩიბაია,რამაზ ჩაჩიბაია,,,party_lists_2016_georgia_unified.xlsx
parl_2016,__main__,smd,zviads_way,„ზვიადის გზა - უფლის სახელით”,,65,ზუგდიდი,,28,ზურაბ,ქობალია,ზურაბ ქობალია,,,party_lists_2016_georgia_unified.xlsx
parl_2016,__main__,smd,gd,„ქართული ოცნება - დემოკრატიული საქართველო”,,66,ზუგდიდი,,41,ედიშერ,თოლორაია,ედიშერ თოლორაია,,,party_lists_2016_georgia_unified.xlsx
parl_2016,__main__,smd,gd,„ქართული ოცნება - დემოკრატიული საქართველო”,,65,ზუგდიდი,,41,მერაბი,ქვარაია,მერაბი ქვარაია,,,party_lists_2016_georgia_unified.xlsx
parl_2016,__main__,smd,,"საინიციატივო ჯგუფი - 1. ნანა კანკია, ელდარ ღურწკაია, ლამაზო ქობალია, მეგონა ზარანდია, გოგოლა შონია.",,65,ზუგდიდი,,42,მიმოზა,ცხონდია,მიმოზა ცხონდია,,,party_lists_2016_georgia_unified.xlsx
parl_2016,__main__,smd,burchuladze,საარჩევნო ბლოკი „პაატა ბურჭულაძე - სახელმწიფო ხალხისთვის”,,67,წალენჯიხა,,1,გიორგი,ხარჩილავა,გიორგი ხარჩილავა,,,party_lists_2016_georgia_unified.xlsx
parl_2016,__main__,smd,progressive_democratic_2016,"პროგრესულ-დემოკრატიული მოძრაობა (""თქვენგან, თქვენთვის, თქვენთან ერთად!"")",,67,წალენჯიხა,,2,იოსებ,ბაძაღუა,იოსებ ბაძაღუა,,,party_lists_2016_georgia_unified.xlsx
parl_2016,__main__,smd,burjanadze_democratic,საარჩევნო ბლოკი „ნინო ბურჯანაძე - დემოკრატიული მოძრაობა”,,67,წალენჯიხა,,3,ვლადიმერ,გაბედავა,ვლადიმერ გაბედავა,,,party_lists_2016_georgia_unified.xlsx
parl_2016,__main__,smd,unm,საარჩევნო ბლოკი „ერთიანი ნაციონალური მოძრაობა”,,67,წალენჯიხა,,5,ლევან,ქარდავა,ლევან ქარდავა,,,party_lists_2016_georgia_unified.xlsx
parl_2016,__main__,smd,patriots,"საარჩევნო ბლოკი „დავით თარხან-მოურავი, ირმა ინაშვილი - საქართველოს პატრიოტთა ალიანსი, გაერთიანებული ოპოზიცია”",,67,წალენჯიხა,,8,კობა,ფარცვანია,კობა ფარცვანია,,,party_lists_2016_georgia_unified.xlsx
parl_2016,__main__,smd,labour,„შალვა ნათელაშვილი - საქართველოს ლეიბორისტული პარტია”,,67,წალენჯიხა,,10,ნინო,სამუშია,ნინო სამუშია,,,party_lists_2016_georgia_unified.xlsx
parl_2016,__main__,smd,communist_stalinist,„საქართველოს კომუნისტური პარტია - სტალინელები” (ივანე წიკლაური),,67,წალენჯიხა,,12,ტრისტან,მოლაშხია,ტრისტან მოლაშხია,,,party_lists_2016_georgia_unified.xlsx
parl_2016,__main__,smd,national_forum,ეროვნული ფორუმი,,67,წალენჯიხა,,26,ბიძინა,ყალიჩავა,ბიძინა ყალიჩავა,,,party_lists_2016_georgia_unified.xlsx
parl_2016,__main__,smd,gd,„ქართული ოცნება - დემოკრატიული საქართველო”,,67,წალენჯიხა,,41,გოგა,გულორდავა,გოგა გულორდავა,,,party_lists_2016_georgia_unified.xlsx
parl_2016,__main__,smd,,"საინიციატივო ჯგუფი - 42. ლეილა მიქავა, ნონა გაბელია, ზაზა ზარქუა, ნუნუ შანავა, ნუგზარ ზარქუა",,67,წალენჯიხა,,42,ნატალია,ზარქუა,ნატალია ზარქუა,,,party_lists_2016_georgia_unified.xlsx
parl_2016,__main__,smd,,"საინიციატივო ჯგუფი - 43. ლევან კვარაცხელია, პაატა კვარაცხელია, ბეჟან მოსიძე, ზურაბ კვარაცხელია, დემნა გაბედავა",,67,წალენჯიხა,,43,ლადო,კვარაცხელია,ლადო კვარაცხელია,,,party_lists_2016_georgia_unified.xlsx
parl_2016,__main__,smd,,"საინიციატივო ჯგუფი - 44. აბესალომ შანავა, ელიზა კვარაცხელია, ანზორ კვარაცხელია, ანჟელა შანავა, ირმა კვარაცხელია",,67,წალენჯიხა,,44,მუხრან,ბურჭულაძე,მუხრან ბურჭულაძე,,,party_lists_2016_georgia_unified.xlsx
parl_2016,__main__,smd,burchuladze,საარჩევნო ბლოკი „პაატა ბურჭულაძე - სახელმწიფო ხალხისთვის”,,61,ფოთი,,1,კონსტანტინე,კემულარია,კონსტანტინე კემულარია,,,party_lists_2016_georgia_unified.xlsx
parl_2016,__main__,smd,progressive_democratic_2016,"პროგრესულ-დემოკრატიული მოძრაობა (""თქვენგან, თქვენთვის, თქვენთან ერთად!"")",,61,ფოთი,,2,ზაზა,მჟავია,ზაზა მჟავია,,,party_lists_2016_georgia_unified.xlsx
parl_2016,__main__,smd,unm,საარჩევნო ბლოკი „ერთიანი ნაციონალური მოძრაობა”,,61,ფოთი,,5,ბექა,ბასილაია,ბექა ბასილაია,,,party_lists_2016_georgia_unified.xlsx
parl_2016,__main__,smd,republicans_2016,„უსუფაშვილი - რესპუბლიკელები”,,61,ფოთი,,6,ლელა,ებრალიძე,ლელა ებრალიძე,,,party_lists_2016_georgia_unified.xlsx
parl_2016,__main__,smd,patriots,"საარჩევნო ბლოკი „დავით თარხან-მოურავი, ირმა ინაშვილი - საქართველოს პატრიოტთა ალიანსი, გაერთიანებული ოპოზიცია”",,61,ფოთი,,8,ფრიდონ,კვარაცხელია,ფრიდონ კვარაცხელია,,,party_lists_2016_georgia_unified.xlsx
parl_2016,__main__,smd,labour,„შალვა ნათელაშვილი - საქართველოს ლეიბორისტული პარტია”,,61,ფოთი,,10,ზურაბ,ლომია,ზურაბ ლომია,,,party_lists_2016_georgia_unified.xlsx
parl_2016,__main__,smd,peace_georgia_2016,„დავით თევზაძე - საქართველოს მშვიდობისათვის”,,61,ფოთი,,14,ლაშა,ქოიავა,ლაშა ქოიავა,,,party_lists_2016_georgia_unified.xlsx
parl_2016,__main__,smd,left_alliance_2016,"„კახა ძაგანია, სოსო შატბერაშვილი, პაატა ჯიბლაძე, არჩილ ბენიძე - მემარცხენე ალიანსი”",,61,ფოთი,,25,კონსტანტინე,გუგუშვილი,კონსტანტინე გუგუშვილი,,,party_lists_2016_georgia_unified.xlsx
parl_2016,__main__,smd,national_forum,ეროვნული ფორუმი,,61,ფოთი,,26,ოთარ,ხარჩილავა,ოთარ ხარჩილავა,,,party_lists_2016_georgia_unified.xlsx
parl_2016,__main__,smd,free_democrats,„ირაკლი ალასანია - თავისუფალი დემოკრატები”,,61,ფოთი,,27,თენგიზი,ჩაკვეტაძე,თენგიზი ჩაკვეტაძე,,,party_lists_2016_georgia_unified.xlsx
parl_2016,__main__,smd,zviads_way,„ზვიადის გზა - უფლის სახელით”,,61,ფოთი,,28,იზოლდა,გრიგოლია,იზოლდა გრიგოლია,,,party_lists_2016_georgia_unified.xlsx
parl_2016,__main__,smd,gd,„ქართული ოცნება - დემოკრატიული საქართველო”,,61,ფოთი,,41,ირაკლი,ხახუბია,ირაკლი ხახუბია,,,party_lists_2016_georgia_unified.xlsx
parl_2016,__main__,smd,,"საინიციატივო ჯგუფი - ვიტალი ფიფია, ზურაბ წოწორია, მადლენ პაპოშვილი, ლეილა შამათავა, ანჟელა შაკაია",,61,ფოთი,,42,ლაშა,შამათავა,ლაშა შამათავა,,,party_lists_2016_georgia_unified.xlsx
parl_2016,__main__,smd,burchuladze,საარჩევნო ბლოკი „პაატა ბურჭულაძე - სახელმწიფო ხალხისთვის”,,69,ბათუმი,,1,ნინო,ტავლალაშვილი,ნინო ტავლალაშვილი,,,party_lists_2016_georgia_unified.xlsx
parl_2016,__main__,smd,burchuladze,საარჩევნო ბლოკი „პაატა ბურჭულაძე - სახელმწიფო ხალხისთვის”,,70,ბათუმი,,1,ირაკლი,ბარამიძე,ირაკლი ბარამიძე,,,party_lists_2016_georgia_unified.xlsx
parl_2016,__main__,smd,burchuladze,საარჩევნო ბლოკი „პაატა ბურჭულაძე - სახელმწიფო ხალხისთვის”,,68,ბათუმი,,1,ამირან,ბერიძე,ამირან ბერიძე,,,party_lists_2016_georgia_unified.xlsx
parl_2016,__main__,smd,progressive_democratic_2016,"პროგრესულ-დემოკრატიული მოძრაობა (""თქვენგან, თქვენთვის, თქვენთან ერთად!"")",,69,ბათუმი,,2,დილარა,ჯაფარიძე,დილარა ჯაფარიძე,,,party_lists_2016_georgia_unified.xlsx
parl_2016,__main__,smd,burjanadze_democratic,საარჩევნო ბლოკი „ნინო ბურჯანაძე - დემოკრატიული მოძრაობა”,,69,ბათუმი,,3,დავით,გოგიტიძე,დავით გოგიტიძე,,,party_lists_2016_georgia_unified.xlsx
parl_2016,__main__,smd,burjanadze_democratic,საარჩევნო ბლოკი „ნინო ბურჯანაძე - დემოკრატიული მოძრაობა”,,70,ბათუმი,,3,ხათუნა,ფხაკაძე,ხათუნა ფხაკაძე,,,party_lists_2016_georgia_unified.xlsx
parl_2016,__main__,smd,burjanadze_democratic,საარჩევნო ბლოკი „ნინო ბურჯანაძე - დემოკრატიული მოძრაობა”,,68,ბათუმი,,3,ომარ,ფარტენაძე,ომარ ფარტენაძე,,,party_lists_2016_georgia_unified.xlsx
parl_2016,__main__,smd,unm,საარჩევნო ბლოკი „ერთიანი ნაციონალური მოძრაობა”,,68,ბათუმი,,5,მირდატ,ქამადაძე,მირდატ ქამადაძე,,,party_lists_2016_georgia_unified.xlsx
parl_2016,__main__,smd,unm,საარჩევნო ბლოკი „ერთიანი ნაციონალური მოძრაობა”,,70,ბათუმი,,5,თეიმურაზ,დუმბაძე,თეიმურაზ დუმბაძე,,,party_lists_2016_georgia_unified.xlsx
parl_2016,__main__,smd,unm,საარჩევნო ბლოკი „ერთიანი ნაციონალური მოძრაობა”,,69,ბათუმი,,5,გიორგი,კირთაძე,გიორგი კირთაძე,,,party_lists_2016_georgia_unified.xlsx
parl_2016,__main__,smd,republicans_2016,„უსუფაშვილი - რესპუბლიკელები”,,68,ბათუმი,,6,ირაკლი,ჩავლეიშვილი,ირაკლი ჩავლეიშვილი,,,party_lists_2016_georgia_unified.xlsx
parl_2016,__main__,smd,republicans_2016,„უსუფაშვილი - რესპუბლიკელები”,,70,ბათუმი,,6,ნური,ძნელაძე,ნური ძნელაძე,,,party_lists_2016_georgia_unified.xlsx
parl_2016,__main__,smd,republicans_2016,„უსუფაშვილი - რესპუბლიკელები”,,69,ბათუმი,,6,ხათუნა,სამნიძე,ხათუნა სამნიძე,,,party_lists_2016_georgia_unified.xlsx
parl_2016,__main__,smd,mechiauri_united,„თამაზ მეჭიაური ერთიანი საქართველოსთვის”,,70,ბათუმი,,7,გივი,მამულაძე,გივი მამულაძე,,,party_lists_2016_georgia_unified.xlsx
parl_2016,__main__,smd,mechiauri_united,„თამაზ მეჭიაური ერთიანი საქართველოსთვის”,,69,ბათუმი,,7,ემზარ,მგელაძე,ემზარ მგელაძე,,,party_lists_2016_georgia_unified.xlsx
parl_2016,__main__,smd,patriots,"საარჩევნო ბლოკი „დავით თარხან-მოურავი, ირმა ინაშვილი - საქართველოს პატრიოტთა ალიანსი, გაერთიანებული ოპოზიცია”",,68,ბათუმი,,8,პაატა,ცივაძე,პაატა ცივაძე,,,party_lists_2016_georgia_unified.xlsx
parl_2016,__main__,smd,patriots,"საარჩევნო ბლოკი „დავით თარხან-მოურავი, ირმა ინაშვილი - საქართველოს პატრიოტთა ალიანსი, გაერთიანებული ოპოზიცია”",,69,ბათუმი,,8,რუსუდან,სიხარულიძე,რუსუდან სიხარულიძე,,,party_lists_2016_georgia_unified.xlsx
parl_2016,__main__,smd,patriots,"საარჩევნო ბლოკი „დავით თარხან-მოურავი, ირმა ინაშვილი - საქართველოს პატრიოტთა ალიანსი, გაერთიანებული ოპოზიცია”",,70,ბათუმი,,8,ზაურ,გაბაიძე,ზაურ გაბაიძე,,,party_lists_2016_georgia_unified.xlsx
parl_2016,__main__,smd,peace_georgia_2016,„დავით თევზაძე - საქართველოს მშვიდობისათვის”,,69,ბათუმი,,14,მერაბ,ჭიჭინაძე,მერაბ ჭიჭინაძე,,,party_lists_2016_georgia_unified.xlsx
parl_2016,__main__,smd,united_communist_2016,„საქართველოს ერთიანი კომუნისტური პარტია”,,70,ბათუმი,,16,თეიმურაზ,სამნიძე,თეიმურაზ სამნიძე,,,party_lists_2016_georgia_unified.xlsx
parl_2016,__main__,smd,georgian_idea,„ქართული იდეა”,,68,ბათუმი,,18,ტარიელ,მახარაძე,ტარიელ მახარაძე,,,party_lists_2016_georgia_unified.xlsx
parl_2016,__main__,smd,industry_sakartvelo,"საარჩევნო ბლოკი „თოფაძე - მრეწველები, ჩვენი სამშობლო”",,70,ბათუმი,,19,ილია,წულუკიძე,ილია წულუკიძე,,,party_lists_2016_georgia_unified.xlsx
parl_2016,__main__,smd,industry_sakartvelo,"საარჩევნო ბლოკი „თოფაძე - მრეწველები, ჩვენი სამშობლო”",,69,ბათუმი,,19,მზევინარ,ძირკვაძე,მზევინარ ძირკვაძე,,,party_lists_2016_georgia_unified.xlsx
parl_2016,__main__,smd,industry_sakartvelo,"საარჩევნო ბლოკი „თოფაძე - მრეწველები, ჩვენი სამშობლო”",,68,ბათუმი,,19,ნინო,კვირიკაძე,ნინო კვირიკაძე,,,party_lists_2016_georgia_unified.xlsx
parl_2016,__main__,smd,chvenni_peoples,საარჩევნო ბლოკი „ჩვენები - სახალხო პარტია”,,70,ბათუმი,,23,შალვა,გოგიტიძე,შალვა გოგიტიძე,,,party_lists_2016_georgia_unified.xlsx
parl_2016,__main__,smd,left_alliance_2016,"„კახა ძაგანია, სოსო შატბერაშვილი, პაატა ჯიბლაძე, არჩილ ბენიძე - მემარცხენე ალიანსი”",,69,ბათუმი,,25,ანზორ,ბიბინეიშვილი,ანზორ ბიბინეიშვილი,,,party_lists_2016_georgia_unified.xlsx
parl_2016,__main__,smd,national_forum,ეროვნული ფორუმი,,68,ბათუმი,,26,ელდარ,ხალვაში,ელდარ ხალვაში,,,party_lists_2016_georgia_unified.xlsx
parl_2016,__main__,smd,national_forum,ეროვნული ფორუმი,,69,ბათუმი,,26,ავთანდილ,დავითაძე,ავთანდილ დავითაძე,,,party_lists_2016_georgia_unified.xlsx
parl_2016,__main__,smd,national_forum,ეროვნული ფორუმი,,70,ბათუმი,,26,მადლენა,მახარაძე,მადლენა მახარაძე,,,party_lists_2016_georgia_unified.xlsx
parl_2016,__main__,smd,free_democrats,„ირაკლი ალასანია - თავისუფალი დემოკრატები”,,70,ბათუმი,,27,თეიმურაზ,ხაბაძე,თეიმურაზ ხაბაძე,,,party_lists_2016_georgia_unified.xlsx
parl_2016,__main__,smd,free_democrats,„ირაკლი ალასანია - თავისუფალი დემოკრატები”,,69,ბათუმი,,27,ნინო,ბერაძე,ნინო ბერაძე,,,party_lists_2016_georgia_unified.xlsx
parl_2016,__main__,smd,free_democrats,„ირაკლი ალასანია - თავისუფალი დემოკრატები”,,68,ბათუმი,,27,ნუგზარ,ვარშანიძე,ნუგზარ ვარშანიძე,,,party_lists_2016_georgia_unified.xlsx
parl_2016,__main__,smd,gd,„ქართული ოცნება - დემოკრატიული საქართველო”,,68,ბათუმი,,41,ფატი,ხალვაში,ფატი ხალვაში,,,party_lists_2016_georgia_unified.xlsx
parl_2016,__main__,smd,gd,„ქართული ოცნება - დემოკრატიული საქართველო”,,69,ბათუმი,,41,ლევან,ბეჟანიძე,ლევან ბეჟანიძე,,,party_lists_2016_georgia_unified.xlsx
parl_2016,__main__,smd,gd,„ქართული ოცნება - დემოკრატიული საქართველო”,,70,ბათუმი,,41,მუხრან,ვახტანგაძე,მუხრან ვახტანგაძე,,,party_lists_2016_georgia_unified.xlsx
parl_2016,__main__,smd,,"საინიციატივო ჯგუფი - რუსლან ევგენიძე,მერაბ ფარტენაძე,გიორგი აფხაზავა,თამაზ ქათამაძე,ზაურ კობალაძე",,69,ბათუმი,,42,არჩილ,ფარტენაძე,არჩილ ფარტენაძე,,,party_lists_2016_georgia_unified.xlsx
parl_2016,__main__,smd,,"საინიციატივო ჯგუფი - ამირან გოგიტიძე,იური მედინცევი,გოჩა ჯიხაძე,ნანული დანელია-გოგიჩაიშვილი, მერი თურმანიძე",,70,ბათუმი,,42,ზაურ,გოგიტიძე,ზაურ გოგიტიძე,,,party_lists_2016_georgia_unified.xlsx
parl_2016,__main__,smd,,"საინიციატივო ჯგუფი - მერაბ კონცელიძე,რიფსიმე საატჩიანი,ირაკლი დიასამიძე,ბენიამინ დიასამიძე, ირინე ხორავა",,68,ბათუმი,,42,ტარიელ,კარანაძე,ტარიელ კარანაძე,,,party_lists_2016_georgia_unified.xlsx
parl_2016,__main__,smd,,"საინიციატივო ჯგუფი - ირაკლი ჯიჯავაძე,სოფიო მეგრელაძე,ირმა ზოიძე,მირიან ქათამაძე,ჯემალ ცეცხლაძე",,69,ბათუმი,,43,არმაზ,ახვლედიანი,არმაზ ახვლედიანი,,,party_lists_2016_georgia_unified.xlsx
parl_2016,__main__,smd,burchuladze,საარჩევნო ბლოკი „პაატა ბურჭულაძე - სახელმწიფო ხალხისთვის”,,71,ქობულეთი,,1,გოჩა,ტაკიძე,გოჩა ტაკიძე,,,party_lists_2016_georgia_unified.xlsx
parl_2016,__main__,smd,burjanadze_democratic,საარჩევნო ბლოკი „ნინო ბურჯანაძე - დემოკრატიული მოძრაობა”,,71,ქობულეთი,,3,სულიკო,რომანაძე,სულიკო რომანაძე,,,party_lists_2016_georgia_unified.xlsx
parl_2016,__main__,smd,unm,საარჩევნო ბლოკი „ერთიანი ნაციონალური მოძრაობა”,,71,ქობულეთი,,5,ჯანსუღ,ჯინჭარაძე,ჯანსუღ ჯინჭარაძე,,,party_lists_2016_georgia_unified.xlsx
parl_2016,__main__,smd,republicans_2016,„უსუფაშვილი - რესპუბლიკელები”,,71,ქობულეთი,,6,ტრისტან,ჯინჭარაძე,ტრისტან ჯინჭარაძე,,,party_lists_2016_georgia_unified.xlsx
parl_2016,__main__,smd,mechiauri_united,„თამაზ მეჭიაური ერთიანი საქართველოსთვის”,,71,ქობულეთი,,7,ელგუჯა,ბერიძე,ელგუჯა ბერიძე,,,party_lists_2016_georgia_unified.xlsx
parl_2016,__main__,smd,patriots,"საარჩევნო ბლოკი „დავით თარხან-მოურავი, ირმა ინაშვილი - საქართველოს პატრიოტთა ალიანსი, გაერთიანებული ოპოზიცია”",,71,ქობულეთი,,8,ია,მესხიძე,ია მესხიძე,,,party_lists_2016_georgia_unified.xlsx
parl_2016,__main__,smd,communist_stalinist,„საქართველოს კომუნისტური პარტია - სტალინელები” (ივანე წიკლაური),,71,ქობულეთი,,12,მალხაზ,ხაბაზი,მალხაზ ხაბაზი,,,party_lists_2016_georgia_unified.xlsx
parl_2016,__main__,smd,georgian_idea,„ქართული იდეა”,,71,ქობულეთი,,18,ირაკლი,მჟავანაძე,ირაკლი მჟავანაძე,,,party_lists_2016_georgia_unified.xlsx
parl_2016,__main__,smd,industry_sakartvelo,"საარჩევნო ბლოკი „თოფაძე - მრეწველები, ჩვენი სამშობლო”",,71,ქობულეთი,,19,ანზორ,სოლომონიძე,ანზორ სოლომონიძე,,,party_lists_2016_georgia_unified.xlsx
parl_2016,__main__,smd,chvenni_peoples,საარჩევნო ბლოკი „ჩვენები - სახალხო პარტია”,,71,ქობულეთი,,23,ზურაბ,ჩელებაძე,ზურაბ ჩელებაძე,,,party_lists_2016_georgia_unified.xlsx
parl_2016,__main__,smd,national_forum,ეროვნული ფორუმი,,71,ქობულეთი,,26,დალი,მართალიშვილი,დალი მართალიშვილი,,,party_lists_2016_georgia_unified.xlsx
parl_2016,__main__,smd,free_democrats,„ირაკლი ალასანია - თავისუფალი დემოკრატები”,,71,ქობულეთი,,27,სოსო,ნოღაიდელი,სოსო ნოღაიდელი,,,party_lists_2016_georgia_unified.xlsx
parl_2016,__main__,smd,gd,„ქართული ოცნება - დემოკრატიული საქართველო”,,71,ქობულეთი,,41,კობა,ნაკაიძე,კობა ნაკაიძე,,,party_lists_2016_georgia_unified.xlsx
parl_2016,__main__,smd,,საინიციატივო ჯგუფი -თეა როყვა; მაკა ფხაკაძე; ნატალია ნიკიტჩუკი; მამუკა ფხაკაძე; სულიკო ხახუტაიშვილი.,,71,ქობულეთი,,42,ლეონიდ,ჩერნოვეცკი,ლეონიდ ჩერნოვეცკი,,,party_lists_2016_georgia_unified.xlsx
parl_2016,__main__,smd,burchuladze,საარჩევნო ბლოკი „პაატა ბურჭულაძე - სახელმწიფო ხალხისთვის”,,72,ხელვაჩაური,,1,ლევან,ლორთქიფანიძე,ლევან ლორთქიფანიძე,,,party_lists_2016_georgia_unified.xlsx
parl_2016,__main__,smd,burjanadze_democratic,საარჩევნო ბლოკი „ნინო ბურჯანაძე - დემოკრატიული მოძრაობა”,,72,ხელვაჩაური,,3,იაშა,გვიანიძე,იაშა გვიანიძე,,,party_lists_2016_georgia_unified.xlsx
parl_2016,__main__,smd,unm,საარჩევნო ბლოკი „ერთიანი ნაციონალური მოძრაობა”,,72,ხელვაჩაური,,5,მიშა,ბოლქვაძე,მიშა ბოლქვაძე,,,party_lists_2016_georgia_unified.xlsx
parl_2016,__main__,smd,mechiauri_united,„თამაზ მეჭიაური ერთიანი საქართველოსთვის”,,72,ხელვაჩაური,,7,დიანა,მგელაძე,დიანა მგელაძე,,,party_lists_2016_georgia_unified.xlsx
parl_2016,__main__,smd,patriots,"საარჩევნო ბლოკი „დავით თარხან-მოურავი, ირმა ინაშვილი - საქართველოს პატრიოტთა ალიანსი, გაერთიანებული ოპოზიცია”",,72,ხელვაჩაური,,8,მალხაზ,მხეიძე,მალხაზ მხეიძე,,,party_lists_2016_georgia_unified.xlsx
parl_2016,__main__,smd,peace_georgia_2016,„დავით თევზაძე - საქართველოს მშვიდობისათვის”,,72,ხელვაჩაური,,14,გოჩა,ბეჟანიძე,გოჩა ბეჟანიძე,,,party_lists_2016_georgia_unified.xlsx
parl_2016,__main__,smd,industry_sakartvelo,"საარჩევნო ბლოკი „თოფაძე - მრეწველები, ჩვენი სამშობლო”",,72,ხელვაჩაური,,19,მალხაზ,ბალაძე,მალხაზ ბალაძე,,,party_lists_2016_georgia_unified.xlsx
parl_2016,__main__,smd,national_forum,ეროვნული ფორუმი,,72,ხელვაჩაური,,26,იბრაიმ,დიდმანიძე,იბრაიმ დიდმანიძე,,,party_lists_2016_georgia_unified.xlsx
parl_2016,__main__,smd,free_democrats,„ირაკლი ალასანია - თავისუფალი დემოკრატები”,,72,ხელვაჩაური,,27,ნინო,ლორთქიფანიძე,ნინო ლორთქიფანიძე,,,party_lists_2016_georgia_unified.xlsx
parl_2016,__main__,smd,gd,„ქართული ოცნება - დემოკრატიული საქართველო”,,72,ხელვაჩაური,,41,ილია,ნაკაშიძე,ილია ნაკაშიძე,,,party_lists_2016_georgia_unified.xlsx
parl_2016,__main__,smd,burchuladze,საარჩევნო ბლოკი „პაატა ბურჭულაძე - სახელმწიფო ხალხისთვის”,,73,ხულო,,1,მინური,აბულაძე,მინური აბულაძე,,,party_lists_2016_georgia_unified.xlsx
parl_2016,__main__,smd,burjanadze_democratic,საარჩევნო ბლოკი „ნინო ბურჯანაძე - დემოკრატიული მოძრაობა”,,73,ხულო,,3,მიხეილ,მახარაძე,მიხეილ მახარაძე,,,party_lists_2016_georgia_unified.xlsx
parl_2016,__main__,smd,unm,საარჩევნო ბლოკი „ერთიანი ნაციონალური მოძრაობა”,,73,ხულო,,5,ირაკლი,ჯორბენაძე,ირაკლი ჯორბენაძე,,,party_lists_2016_georgia_unified.xlsx
parl_2016,__main__,smd,republicans_2016,„უსუფაშვილი - რესპუბლიკელები”,,73,ხულო,,6,რაულ,პაქსაძე,რაულ პაქსაძე,,,party_lists_2016_georgia_unified.xlsx
parl_2016,__main__,smd,mechiauri_united,„თამაზ მეჭიაური ერთიანი საქართველოსთვის”,,73,ხულო,,7,მერაბ,ბერიძე,მერაბ ბერიძე,,,party_lists_2016_georgia_unified.xlsx
parl_2016,__main__,smd,patriots,"საარჩევნო ბლოკი „დავით თარხან-მოურავი, ირმა ინაშვილი - საქართველოს პატრიოტთა ალიანსი, გაერთიანებული ოპოზიცია”",,73,ხულო,,8,მადონა,სოლომონიძე,მადონა სოლომონიძე,,,party_lists_2016_georgia_unified.xlsx
parl_2016,__main__,smd,labour,„შალვა ნათელაშვილი - საქართველოს ლეიბორისტული პარტია”,,73,ხულო,,10,თამარა,მიქელაძე,თამარა მიქელაძე,,,party_lists_2016_georgia_unified.xlsx
parl_2016,__main__,smd,kostava_society,მერაბ კოსტავას საზოგადოება,,73,ხულო,,22,მერაბ,დიასამიძე,მერაბ დიასამიძე,,,party_lists_2016_georgia_unified.xlsx
parl_2016,__main__,smd,national_forum,ეროვნული ფორუმი,,73,ხულო,,26,ვანო,პაპუნიძე,ვანო პაპუნიძე,,,party_lists_2016_georgia_unified.xlsx
parl_2016,__main__,smd,free_democrats,„ირაკლი ალასანია - თავისუფალი დემოკრატები”,,73,ხულო,,27,თემურ,ავალიანი,თემურ ავალიანი,,,party_lists_2016_georgia_unified.xlsx
parl_2016,__main__,smd,zviads_way,„ზვიადის გზა - უფლის სახელით”,,73,ხულო,,28,ზვიად,კვირიკაძე,ზვიად კვირიკაძე,,,party_lists_2016_georgia_unified.xlsx
parl_2016,__main__,smd,gd,„ქართული ოცნება - დემოკრატიული საქართველო”,,73,ხულო,,41,ანზორ,ბოლქვაძე,ანზორ ბოლქვაძე,,,party_lists_2016_georgia_unified.xlsx