election_id,sub_id,vote_type,party_id,party_label_ka,party_code,district_id,district_name_ka,list_order,ballot_number,first_name,last_name,name_ka,partisanship,elected,source
parl_2016,__main__,pr,burchuladze,საარჩევნო ბლოკი პაატა ბურჭულაძე - სახელმწიფო ხალხისთვის,1,,,1,,პაატა,ბურჭულაძე,პაატა ბურჭულაძე,"პ /გ ""მოძრაობა სახელმწიფო ხალხისთვის""",,party_lists_2016_georgia_unified.xlsx
parl_2016,__main__,pr,burchuladze,საარჩევნო ბლოკი პაატა ბურჭულაძე - სახელმწიფო ხალხისთვის,1,,,2,,გიორგი,ვაშაძე,გიორგი ვაშაძე,"პ /გ""სამოქალაქო პლატფორმა-ახალი საქართველო""",,party_lists_2016_georgia_unified.xlsx
parl_2016,__main__,pr,burchuladze,საარჩევნო ბლოკი პაატა ბურჭულაძე - სახელმწიფო ხალხისთვის,1,,,3,,დავით,ჯანდიერი,დავით ჯანდიერი,"პ /გ ""მოძრაობა სახელმწიფო ხალხისთვის""",,party_lists_2016_georgia_unified.xlsx
parl_2016,__main__,pr,burchuladze,საარჩევნო ბლოკი პაატა ბურჭულაძე - სახელმწიფო ხალხისთვის,1,,,4,,ირაკლი,ყიფიანი,ირაკლი ყიფიანი,"პ /გ ""მოძრაობა სახელმწიფო ხალხისთვის""",,party_lists_2016_georgia_unified.xlsx
parl_2016,__main__,pr,burchuladze,საარჩევნო ბლოკი პაატა ბურჭულაძე - სახელმწიფო ხალხისთვის,1,,,5,,დავით,კიზირია,დავით კიზირია,"პ /გ""სამოქალაქო პლატფორმა-ახალი საქართველო""",,party_lists_2016_georgia_unified.xlsx
parl_2016,__main__,pr,burchuladze,საარჩევნო ბლოკი პაატა ბურჭულაძე - სახელმწიფო ხალხისთვის,1,,,6,,მელორ,ტყეშელაშვილი,მელორ ტყეშელაშვილი,"პ /გ ""მოძრაობა სახელმწიფო ხალხისთვის""",,party_lists_2016_georgia_unified.xlsx
parl_2016,__main__,pr,burchuladze,საარჩევნო ბლოკი პაატა ბურჭულაძე - სახელმწიფო ხალხისთვის,1,,,7,,მამუკა,კაციტაძე,მამუკა კაციტაძე,"პ /გ""ახალი მემარჯვენეები""",,party_lists_2016_georgia_unified.xlsx
parl_2016,__main__,pr,burchuladze,საარჩევნო ბლოკი პაატა ბურჭულაძე - სახელმწიფო ხალხისთვის,1,,,8,,გიორგი,პაპავა,გიორგი პაპავა,"პ /გ ""მოძრაობა სახელმწიფო ხალხისთვის""",,party_lists_2016_georgia_unified.xlsx
parl_2016,__main__,pr,burchuladze,საარჩევნო ბლოკი პაატა ბურჭულაძე - სახელმწიფო ხალხისთვის,1,,,9,,გოჩა,ჭელიძე,გოჩა ჭელიძე,"პ /გ ""მოძრაობა სახელმწიფო ხალხისთვის""",,party_lists_2016_georgia_unified.xlsx
parl_2016,__main__,pr,burchuladze,საარჩევნო ბლოკი პაატა ბურჭულაძე - სახელმწიფო ხალხისთვის,1,,,10,,ლევან,ხაბეიშვილი,ლევან ხაბეიშვილი,"პ /გ""სამოქალაქო პლატფორმა-ახალი საქართველო""",,party_lists_2016_georgia_unified.xlsx
parl_2016,__main__,pr,burchuladze,საარჩევნო ბლოკი პაატა ბურჭულაძე - სახელმწიფო ხალხისთვის,1,,,11,,ვლადიმერ,კახაძე,ვლადიმერ კახაძე,"პ /გ ""მოძრაობა სახელმწიფო ხალხისთვის""",,party_lists_2016_georgia_unified.xlsx
parl_2016,__main__,pr,burchuladze,საარჩევნო ბლოკი პაატა ბურჭულაძე - სახელმწიფო ხალხისთვის,1,,,12,,ზაურ,კვიკვინია,ზაურ კვიკვინია,"პ /გ ""მოძრაობა სახელმწიფო ხალხისთვის""",,party_lists_2016_georgia_unified.xlsx
parl_2016,__main__,pr,burchuladze,საარჩევნო ბლოკი პაატა ბურჭულაძე - სახელმწიფო ხალხისთვის,1,,,13,,ტარიელ,ჭულუხაძე,ტარიელ ჭულუხაძე,"პ /გ ""მოძრაობა სახელმწიფო ხალხისთვის""",,party_lists_2016_georgia_unified.xlsx
parl_2016,__main__,pr,burchuladze,საარჩევნო ბლოკი პაატა ბურჭულაძე - სახელმწიფო ხალხისთვის,1,,,14,,მელქონ,მაკარიან,მელქონ მაკარიან,"პ /გ ""მოძრაობა სახელმწიფო ხალხისთვის""",,party_lists_2016_georgia_unified.xlsx
parl_2016,__main__,pr,burchuladze,საარჩევნო ბლოკი პაატა ბურჭულაძე - სახელმწიფო ხალხისთვის,1,,,15,,ირაკლი,მურცხვალაძე,ირაკლი მურცხვალაძე,"პ /გ ""მოძრაობა სახელმწიფო ხალხისთვის""",,party_lists_2016_georgia_unified.xlsx
parl_2016,__main__,pr,burchuladze,საარჩევნო ბლოკი პაატა ბურჭულაძე - სახელმწიფო ხალხისთვის,1,,,16,,გურამ,ჩალაგაშვილი,გურამ ჩალაგაშვილი,"პ /გ""სამოქალაქო პლატფორმა-ახალი საქართველო""",,party_lists_2016_georgia_unified.xlsx
parl_2016,__main__,pr,burchuladze,საარჩევნო ბლოკი პაატა ბურჭულაძე - სახელმწიფო ხალხისთვის,1,,,17,,თორნიკე,მჭედლიძე,თორნიკე მჭედლიძე,"პ /გ ""მოძრაობა სახელმწიფო ხალხისთვის""",,party_lists_2016_georgia_unified.xlsx
parl_2016,__main__,pr,burchuladze,საარჩევნო ბლოკი პაატა ბურჭულაძე - სახელმწიფო ხალხისთვის,1,,,18,,ვახტანგ,ცხადაია,ვახტანგ ცხადაია,"პ /გ ""მოძრაობა სახელმწიფო ხალხისთვის""",,party_lists_2016_georgia_unified.xlsx
parl_2016,__main__,pr,burchuladze,საარჩევნო ბლოკი პაატა ბურჭულაძე - სახელმწიფო ხალხისთვის,1,,,19,,პაატა,მანჯგალაძე,პაატა მანჯგალაძე,"პ /გ""სამოქალაქო პლატფორმა-ახალი საქართველო""",,party_lists_2016_georgia_unified.xlsx
parl_2016,__main__,pr,burchuladze,საარჩევნო ბლოკი პაატა ბურჭულაძე - სახელმწიფო ხალხისთვის,1,,,20,,დავით,თოფურია,დავით თოფურია,"პ /გ""სამოქალაქო პლატფორმა-ახალი საქართველო""",,party_lists_2016_georgia_unified.xlsx
parl_2016,__main__,pr,burchuladze,საარჩევნო ბლოკი პაატა ბურჭულაძე - სახელმწიფო ხალხისთვის,1,,,21,,გიორგი,გლუნჩაძე,გიორგი გლუნჩაძე,"პ /გ""სამოქალაქო პლატფორმა-ახალი საქართველო""",,party_lists_2016_georgia_unified.xlsx
parl_2016,__main__,pr,burchuladze,საარჩევნო ბლოკი პაატა ბურჭულაძე - სახელმწიფო ხალხისთვის,1,,,22,,სერგო,ჩიხლაძე,სერგო ჩიხლაძე,"პ /გ""სამოქალაქო პლატფორმა-ახალი საქართველო""",,party_lists_2016_georgia_unified.xlsx
parl_2016,__main__,pr,burchuladze,საარჩევნო ბლოკი პაატა ბურჭულაძე - სახელმწიფო ხალხისთვის,1,,,23,,ირინე,ტურაშვილი,ირინე ტურაშვილი,"პ /გ ""მოძრაობა სახელმწიფო ხალხისთვის""",,party_lists_2016_georgia_unified.xlsx
parl_2016,__main__,pr,burchuladze,საარჩევნო ბლოკი პაატა ბურჭულაძე - სახელმწიფო ხალხისთვის,1,,,24,,მანანა,ნაჭყებია,მანანა ნაჭყებია,"პ /გ""ახალი მემარჯვენეები""",,party_lists_2016_georgia_unified.xlsx
parl_2016,__main__,pr,burchuladze,საარჩევნო ბლოკი პაატა ბურჭულაძე - სახელმწიფო ხალხისთვის,1,,,25,,ლაშა,დვალიშვილი,ლაშა დვალიშვილი,"პ /გ ""მოძრაობა სახელმწიფო ხალხისთვის""",,party_lists_2016_georgia_unified.xlsx
parl_2016,__main__,pr,burchuladze,საარჩევნო ბლოკი პაატა ბურჭულაძე - სახელმწიფო ხალხისთვის,1,,,26,,თეონა,ჭალიძე,თეონა ჭალიძე,"პ /გ""სამოქალაქო პლატფორმა-ახალი საქართველო""",,party_lists_2016_georgia_unified.xlsx
parl_2016,__main__,pr,burchuladze,საარჩევნო ბლოკი პაატა ბურჭულაძე - სახელმწიფო ხალხისთვის,1,,,27,,კონსტანტინე,კემულარია,კონსტანტინე კემულარია,"პ /გ ""მოძრაობა სახელმწიფო ხალხისთვის""",,party_lists_2016_georgia_unified.xlsx
parl_2016,__main__,pr,burchuladze,საარჩევნო ბლოკი პაატა ბურჭულაძე - სახელმწიფო ხალხისთვის,1,,,28,,თამთა,შამათავა,თამთა შამათავა,"პ /გ""სამოქალაქო პლატფორმა-ახალი საქართველო""",,party_lists_2016_georgia_unified.xlsx
parl_2016,__main__,pr,burchuladze,საარჩევნო ბლოკი პაატა ბურჭულაძე - სახელმწიფო ხალხისთვის,1,,,29,,მინური,აბულაძე,მინური აბულაძე,"პ /გ ""მოძრაობა სახელმწიფო ხალხისთვის""",,party_lists_2016_georgia_unified.xlsx
parl_2016,__main__,pr,burchuladze,საარჩევნო ბლოკი პაატა ბურჭულაძე - სახელმწიფო ხალხისთვის,1,,,30,,მედეა,აბაშიძე,მედეა აბაშიძე,"პ /გ ""მოძრაობა სახელმწიფო ხალხისთვის""",,party_lists_2016_georgia_unified.xlsx
parl_2016,__main__,pr,burchuladze,საარჩევნო ბლოკი პაატა ბურჭულაძე - სახელმწიფო ხალხისთვის,1,,,31,,ალექსანდრე,ახვლედიანი,ალექსანდრე ახვლედიანი,"პ /გ ""მოძრაობა სახელმწიფო ხალხისთვის""",,party_lists_2016_georgia_unified.xlsx
parl_2016,__main__,pr,burchuladze,საარჩევნო ბლოკი პაატა ბურჭულაძე - სახელმწიფო ხალხისთვის,1,,,32,,ანა,კობახიძე,ანა კობახიძე,"პ /გ""სამოქალაქო პლატფორმა-ახალი საქართველო""",,party_lists_2016_georgia_unified.xlsx
parl_2016,__main__,pr,burchuladze,საარჩევნო ბლოკი პაატა ბურჭულაძე - სახელმწიფო ხალხისთვის,1,,,33,,დავით,ლაშქარეიშვილი,დავით ლაშქარეიშვილი,"პ /გ""სამოქალაქო პლატფორმა-ახალი საქართველო""",,party_lists_2016_georgia_unified.xlsx
parl_2016,__main__,pr,burchuladze,საარჩევნო ბლოკი პაატა ბურჭულაძე - სახელმწიფო ხალხისთვის,1,,,34,,გიორგი,ასათიანი,გიორგი ასათიანი,"პ /გ""ახალი მემარჯვენეები""",,party_lists_2016_georgia_unified.xlsx
parl_2016,__main__,pr,burchuladze,საარჩევნო ბლოკი პაატა ბურჭულაძე - სახელმწიფო ხალხისთვის,1,,,35,,ნინო,ტავლალაშვილი,ნინო ტავლალაშვილი,"პ /გ""სამოქალაქო პლატფორმა-ახალი საქართველო""",,party_lists_2016_georgia_unified.xlsx
parl_2016,__main__,pr,burchuladze,საარჩევნო ბლოკი პაატა ბურჭულაძე - სახელმწიფო ხალხისთვის,1,,,36,,ამირანი,ხვადაგიანი,ამირანი ხვადაგიანი,"პ /გ ""მოძრაობა სახელმწიფო ხალხისთვის""",,party_lists_2016_georgia_unified.xlsx
parl_2016,__main__,pr,burchuladze,საარჩევნო ბლოკი პაატა ბურჭულაძე - სახელმწიფო ხალხისთვის,1,,,37,,გიორგი,მეგრელიშვილი,გიორგი მეგრელიშვილი,"პ /გ ""მოძრაობა სახელმწიფო ხალხისთვის""",,party_lists_2016_georgia_unified.xlsx
parl_2016,__main__,pr,burchuladze,საარჩევნო ბლოკი პაატა ბურჭულაძე - სახელმწიფო ხალხისთვის,1,,,38,,გიორგი,მარდალეიშვილი,გიორგი მარდალეიშვილი,"პ /გ""სამოქალაქო პლატფორმა-ახალი საქართველო""",,party_lists_2016_georgia_unified.xlsx
parl_2016,__main__,pr,burchuladze,საარჩევნო ბლოკი პაატა ბურჭულაძე - სახელმწიფო ხალხისთვის,1,,,39,,შოთა,წკრიალაშვილი,შოთა წკრიალაშვილი,"პ /გ ""მოძრაობა სახელმწიფო ხალხისთვის""",,party_lists_2016_georgia_unified.xlsx
parl_2016,__main__,pr,burchuladze,საარჩევნო ბლოკი პაატა ბურჭულაძე - სახელმწიფო ხალხისთვის,1,,,40,,გურამი,მისაბიშვილი,გურამი მისაბიშვილი,"პ /გ ""მოძრაობა სახელმწიფო ხალხისთვის""",,party_lists_2016_georgia_unified.xlsx
parl_2016,__main__,pr,burchuladze,საარჩევნო ბლოკი პაატა ბურჭულაძე - სახელმწიფო ხალხისთვის,1,,,41,,რამაზ,ესიავა,რამაზ ესიავა,უპარტიო,,party_lists_2016_georgia_unified.xlsx
parl_2016,__main__,pr,burchuladze,საარჩევნო ბლოკი პაატა ბურჭულაძე - სახელმწიფო ხალხისთვის,1,,,42,,ზაალი,ხონელიძე,ზაალი ხონელიძე,"პ /გ""სამოქალაქო პლატფორმა-ახალი საქართველო""",,party_lists_2016_georgia_unified.xlsx
parl_2016,__main__,pr,burchuladze,საარჩევნო ბლოკი პაატა ბურჭულაძე - სახელმწიფო ხალხისთვის,1,,,43,,იოსებ,ბორცვაძე,იოსებ ბორცვაძე,"პ /გ""ახალი მემარჯვენეები""",,party_lists_2016_georgia_unified.xlsx
parl_2016,__main__,pr,burchuladze,საარჩევნო ბლოკი პაატა ბურჭულაძე - სახელმწიფო ხალხისთვის,1,,,44,,სოფიო,გიორგაძე,სოფიო გიორგაძე,"პ /გ ""მოძრაობა სახელმწიფო ხალხისთვის""",,party_lists_2016_georgia_unified.xlsx
parl_2016,__main__,pr,burchuladze,საარჩევნო ბლოკი პაატა ბურჭულაძე - სახელმწიფო ხალხისთვის,1,,,45,,შაქრო,აივაზიანი,შაქრო აივაზიანი,"პ /გ""სამოქალაქო პლატფორმა-ახალი საქართველო""",,party_lists_2016_georgia_unified.xlsx
parl_2016,__main__,pr,burchuladze,საარჩევნო ბლოკი პაატა ბურჭულაძე - სახელმწიფო ხალხისთვის,1,,,46,,ნოდარ,ღვამბერია,ნოდარ ღვამბერია,უპარტიო,,party_lists_2016_georgia_unified.xlsx
parl_2016,__main__,pr,burchuladze,საარჩევნო ბლოკი პაატა ბურჭულაძე - სახელმწიფო ხალხისთვის,1,,,47,,ისრაფილ,ბაირამოვი,ისრაფილ ბაირამოვი,"პ /გ ""მოძრაობა სახელმწიფო ხალხისთვის""",,party_lists_2016_georgia_unified.xlsx
parl_2016,__main__,pr,burchuladze,საარჩევნო ბლოკი პაატა ბურჭულაძე - სახელმწიფო ხალხისთვის,1,,,48,,მამუკა,დანელია,მამუკა დანელია,"პ /გ""სამოქალაქო პლატფორმა-ახალი საქართველო""",,party_lists_2016_georgia_unified.xlsx
parl_2016,__main__,pr,burchuladze,საარჩევნო ბლოკი პაატა ბურჭულაძე - სახელმწიფო ხალხისთვის,1,,,49,,გიორგი,ბეზარაშვილი,გიორგი ბეზარაშვილი,"პ /გ ""მოძრაობა სახელმწიფო ხალხისთვის""",,party_lists_2016_georgia_unified.xlsx
parl_2016,__main__,pr,burchuladze,საარჩევნო ბლოკი პაატა ბურჭულაძე - სახელმწიფო ხალხისთვის,1,,,50,,ზურაბ,ოტიაშვილი,ზურაბ ოტიაშვილი,უპარტიო,,party_lists_2016_georgia_unified.xlsx
parl_2016,__main__,pr,burchuladze,საარჩევნო ბლოკი პაატა ბურჭულაძე - სახელმწიფო ხალხისთვის,1,,,51,,რამიზ,ბაქიროვი,რამიზ ბაქიროვი,"პ /გ ""მოძრაობა სახელმწიფო ხალხისთვის""",,party_lists_2016_georgia_unified.xlsx
parl_2016,__main__,pr,burchuladze,საარჩევნო ბლოკი პაატა ბურჭულაძე - სახელმწიფო ხალხისთვის,1,,,52,,გიორგი,ხაბურზანია,გიორგი ხაბურზანია,"პ /გ""სამოქალაქო პლატფორმა-ახალი საქართველო""",,party_lists_2016_georgia_unified.xlsx
parl_2016,__main__,pr,burchuladze,საარჩევნო ბლოკი პაატა ბურჭულაძე - სახელმწიფო ხალხისთვის,1,,,53,,რუსუდან,გურჩიანი,რუსუდან გურჩიანი,"პ /გ""ახალი მემარჯვენეები""",,party_lists_2016_georgia_unified.xlsx
parl_2016,__main__,pr,burchuladze,საარჩევნო ბლოკი პაატა ბურჭულაძე - სახელმწიფო ხალხისთვის,1,,,54,,თამაზ,ხიზანიშვილი,თამაზ ხიზანიშვილი,"პ /გ ""მოძრაობა სახელმწიფო ხალხისთვის""",,party_lists_2016_georgia_unified.xlsx
parl_2016,__main__,pr,burchuladze,საარჩევნო ბლოკი პაატა ბურჭულაძე - სახელმწიფო ხალხისთვის,1,,,55,,ზაზა,მამულაშვილი,ზაზა მამულაშვილი,"პ /გ""სამოქალაქო პლატფორმა-ახალი საქართველო""",,party_lists_2016_georgia_unified.xlsx
parl_2016,__main__,pr,burchuladze,საარჩევნო ბლოკი პაატა ბურჭულაძე - სახელმწიფო ხალხისთვის,1,,,56,,ირაკლი,ღლონტი,ირაკლი ღლონტი,"პ /გ ""რეფორმატორები""",,party_lists_2016_georgia_unified.xlsx
parl_2016,__main__,pr,burchuladze,საარჩევნო ბლოკი პაატა ბურჭულაძე - სახელმწიფო ხალხისთვის,1,,,57,,კამრან,მამედოვი,კამრან მამედოვი,"პ /გ""სამოქალაქო პლატფორმა-ახალი საქართველო""",,party_lists_2016_georgia_unified.xlsx
parl_2016,__main__,pr,burchuladze,საარჩევნო ბლოკი პაატა ბურჭულაძე - სახელმწიფო ხალხისთვის,1,,,58,,ირაკლი,მერებაშვილი,ირაკლი მერებაშვილი,"პ /გ ""მოძრაობა სახელმწიფო ხალხისთვის""",,party_lists_2016_georgia_unified.xlsx
parl_2016,__main__,pr,burchuladze,საარჩევნო ბლოკი პაატა ბურჭულაძე - სახელმწიფო ხალხისთვის,1,,,59,,გიორგი,ეგრისელაშვილი,გიორგი ეგრისელაშვილი,"პ /გ ""მოძრაობა სახელმწიფო ხალხისთვის""",,party_lists_2016_georgia_unified.xlsx
parl_2016,__main__,pr,burchuladze,საარჩევნო ბლოკი პაატა ბურჭულაძე - სახელმწიფო ხალხისთვის,1,,,60,,ნანა,ტოხვაძე,ნანა ტოხვაძე,"პ /გ""სამოქალაქო პლატფორმა-ახალი საქართველო""",,party_lists_2016_georgia_unified.xlsx
parl_2016,__main__,pr,burchuladze,საარჩევნო ბლოკი პაატა ბურჭულაძე - სახელმწიფო ხალხისთვის,1,,,61,,სიმონი,ქამუშაძე,სიმონი ქამუშაძე,"პ /გ""ახალი მემარჯვენეები""",,party_lists_2016_georgia_unified.xlsx
parl_2016,__main__,pr,burchuladze,საარჩევნო ბლოკი პაატა ბურჭულაძე - სახელმწიფო ხალხისთვის,1,,,62,,ლევან,იოსავა,ლევან იოსავა,"პ /გ""სამოქალაქო პლატფორმა-ახალი საქართველო""",,party_lists_2016_georgia_unified.xlsx
parl_2016,__main__,pr,burchuladze,საარჩევნო ბლოკი პაატა ბურჭულაძე - სახელმწიფო ხალხისთვის,1,,,63,,თორნიკე,ჩუნთიშვილი,თორნიკე ჩუნთიშვილი,"პ /გ ""მოძრაობა სახელმწიფო ხალხისთვის""",,party_lists_2016_georgia_unified.xlsx
parl_2016,__main__,pr,burchuladze,საარჩევნო ბლოკი პაატა ბურჭულაძე - სახელმწიფო ხალხისთვის,1,,,64,,დავით,ძაგნიძე,დავით ძაგნიძე,"პ /გ ""მოძრაობა სახელმწიფო ხალხისთვის""",,party_lists_2016_georgia_unified.xlsx
parl_2016,__main__,pr,burchuladze,საარჩევნო ბლოკი პაატა ბურჭულაძე - სახელმწიფო ხალხისთვის,1,,,65,,ზურაბ,ოძელაშვილი,ზურაბ ოძელაშვილი,"პ /გ ""მოძრაობა სახელმწიფო ხალხისთვის""",,party_lists_2016_georgia_unified.xlsx
parl_2016,__main__,pr,burchuladze,საარჩევნო ბლოკი პაატა ბურჭულაძე - სახელმწიფო ხალხისთვის,1,,,66,,გიორგი,სამხარაძე,გიორგი სამხარაძე,"პ /გ""სამოქალაქო პლატფორმა-ახალი საქართველო""",,party_lists_2016_georgia_unified.xlsx
parl_2016,__main__,pr,burchuladze,საარჩევნო ბლოკი პაატა ბურჭულაძე - სახელმწიფო ხალხისთვის,1,,,67,,გიორგი,ხაზიური,გიორგი ხაზიური,"პ /გ ""მოძრაობა სახელმწიფო ხალხისთვის""",,party_lists_2016_georgia_unified.xlsx
parl_2016,__main__,pr,burchuladze,საარჩევნო ბლოკი პაატა ბურჭულაძე - სახელმწიფო ხალხისთვის,1,,,68,,ვანო,გალახვარიძე,ვანო გალახვარიძე,"პ /გ ""მოძრაობა სახელმწიფო ხალხისთვის""",,party_lists_2016_georgia_unified.xlsx
parl_2016,__main__,pr,burchuladze,საარჩევნო ბლოკი პაატა ბურჭულაძე - სახელმწიფო ხალხისთვის,1,,,69,,ზაზა,ძინძიბაძე,ზაზა ძინძიბაძე,"პ /გ""სამოქალაქო პლატფორმა-ახალი საქართველო""",,party_lists_2016_georgia_unified.xlsx
parl_2016,__main__,pr,burchuladze,საარჩევნო ბლოკი პაატა ბურჭულაძე - სახელმწიფო ხალხისთვის,1,,,70,,გიორგი,იმერლიშვილი,გიორგი იმერლიშვილი,"პ /გ""ახალი მემარჯვენეები""",,party_lists_2016_georgia_unified.xlsx
parl_2016,__main__,pr,burchuladze,საარჩევნო ბლოკი პაატა ბურჭულაძე - სახელმწიფო ხალხისთვის,1,,,71,,ზურაბი,ნაცარაშვილი,ზურაბი ნაცარაშვილი,"პ /გ ""მოძრაობა სახელმწიფო ხალხისთვის""",,party_lists_2016_georgia_unified.xlsx
parl_2016,__main__,pr,burchuladze,საარჩევნო ბლოკი პაატა ბურჭულაძე - სახელმწიფო ხალხისთვის,1,,,72,,ოთარი,ბიკაშვილი,ოთარი ბიკაშვილი,"პ /გ""სამოქალაქო პლატფორმა-ახალი საქართველო""",,party_lists_2016_georgia_unified.xlsx
parl_2016,__main__,pr,burchuladze,საარჩევნო ბლოკი პაატა ბურჭულაძე - სახელმწიფო ხალხისთვის,1,,,73,,გიორგი,მოსიაშვილი,გიორგი მოსიაშვილი,"პ /გ ""მოძრაობა სახელმწიფო ხალხისთვის""",,party_lists_2016_georgia_unified.xlsx
parl_2016,__main__,pr,burchuladze,საარჩევნო ბლოკი პაატა ბურჭულაძე - სახელმწიფო ხალხისთვის,1,,,74,,კახაბერი,ბერიძე,კახაბერი ბერიძე,"პ /გ ""მოძრაობა სახელმწიფო ხალხისთვის""",,party_lists_2016_georgia_unified.xlsx
parl_2016,__main__,pr,burchuladze,საარჩევნო ბლოკი პაატა ბურჭულაძე - სახელმწიფო ხალხისთვის,1,,,75,,ცისკარა,ფაჩულია,ცისკარა ფაჩულია,"პ /გ""სამოქალაქო პლატფორმა-ახალი საქართველო""",,party_lists_2016_georgia_unified.xlsx
parl_2016,__main__,pr,burchuladze,საარჩევნო ბლოკი პაატა ბურჭულაძე - სახელმწიფო ხალხისთვის,1,,,76,,როსტომ,ცხვედიანი,როსტომ ცხვედიანი,უპარტიო,,party_lists_2016_georgia_unified.xlsx
parl_2016,__main__,pr,burchuladze,საარჩევნო ბლოკი პაატა ბურჭულაძე - სახელმწიფო ხალხისთვის,1,,,77,,ზვიადი,ბაღდავაძე,ზვიადი ბაღდავაძე,"პ /გ""სამოქალაქო პლატფორმა-ახალი საქართველო""",,party_lists_2016_georgia_unified.xlsx
parl_2016,__main__,pr,burchuladze,საარჩევნო ბლოკი პაატა ბურჭულაძე - სახელმწიფო ხალხისთვის,1,,,78,,გელა,გორგილაძე,გელა გორგილაძე,"პ /გ""ახალი მემარჯვენეები""",,party_lists_2016_georgia_unified.xlsx
parl_2016,__main__,pr,burchuladze,საარჩევნო ბლოკი პაატა ბურჭულაძე - სახელმწიფო ხალხისთვის,1,,,79,,კახაბერი,ნადარაია,კახაბერი ნადარაია,უპარტიო,,party_lists_2016_georgia_unified.xlsx
parl_2016,__main__,pr,burchuladze,საარჩევნო ბლოკი პაატა ბურჭულაძე - სახელმწიფო ხალხისთვის,1,,,80,,თინათინ,ფხოველიშვილი,თინათინ ფხოველიშვილი,"პ /გ""სამოქალაქო პლატფორმა-ახალი საქართველო""",,party_lists_2016_georgia_unified.xlsx
parl_2016,__main__,pr,burchuladze,საარჩევნო ბლოკი პაატა ბურჭულაძე - სახელმწიფო ხალხისთვის,1,,,81,,ბესიკ,თოდუა,ბესიკ თოდუა,"პ /გ ""მოძრაობა სახელმწიფო ხალხისთვის""",,party_lists_2016_georgia_unified.xlsx
parl_2016,__main__,pr,burchuladze,საარჩევნო ბლოკი პაატა ბურჭულაძე - სახელმწიფო ხალხისთვის,1,,,82,,გიორგი,ხარჩილავა,გიორგი ხარჩილავა,"პ /გ ""მოძრაობა სახელმწიფო ხალხისთვის""",,party_lists_2016_georgia_unified.xlsx
parl_2016,__main__,pr,burchuladze,საარჩევნო ბლოკი პაატა ბურჭულაძე - სახელმწიფო ხალხისთვის,1,,,83,,ნიკო,ცუცქირიძე,ნიკო ცუცქირიძე,"პ /გ""სამოქალაქო პლატფორმა-ახალი საქართველო""",,party_lists_2016_georgia_unified.xlsx
parl_2016,__main__,pr,burchuladze,საარჩევნო ბლოკი პაატა ბურჭულაძე - სახელმწიფო ხალხისთვის,1,,,84,,ამირან,ბერიძე,ამირან ბერიძე,"პ /გ ""მოძრაობა სახელმწიფო ხალხისთვის""",,party_lists_2016_georgia_unified.xlsx
parl_2016,__main__,pr,burchuladze,საარჩევნო ბლოკი პაატა ბურჭულაძე - სახელმწიფო ხალხისთვის,1,,,85,,გოჩა,ტაკიძე,გოჩა ტაკიძე,"პ /გ ""მოძრაობა სახელმწიფო ხალხისთვის""",,party_lists_2016_georgia_unified.xlsx
parl_2016,__main__,pr,burchuladze,საარჩევნო ბლოკი პაატა ბურჭულაძე - სახელმწიფო ხალხისთვის,1,,,86,,ლაშა,დიაროვი,ლაშა დიაროვი,"პ /გ""სამოქალაქო პლატფორმა-ახალი საქართველო""",,party_lists_2016_georgia_unified.xlsx
parl_2016,__main__,pr,burchuladze,საარჩევნო ბლოკი პაატა ბურჭულაძე - სახელმწიფო ხალხისთვის,1,,,87,,გელა,თოფურია,გელა თოფურია,"პ /გ""ახალი მემარჯვენეები""",,party_lists_2016_georgia_unified.xlsx
parl_2016,__main__,pr,burchuladze,საარჩევნო ბლოკი პაატა ბურჭულაძე - სახელმწიფო ხალხისთვის,1,,,88,,ლევან,ლორთქიფანიძე,ლევან ლორთქიფანიძე,"პ /გ ""მოძრაობა სახელმწიფო ხალხისთვის""",,party_lists_2016_georgia_unified.xlsx
parl_2016,__main__,pr,burchuladze,საარჩევნო ბლოკი პაატა ბურჭულაძე - სახელმწიფო ხალხისთვის,1,,,89,,ინგა,კალანდაძე,ინგა კალანდაძე,"პ /გ""სამოქალაქო პლატფორმა-ახალი საქართველო""",,party_lists_2016_georgia_unified.xlsx
parl_2016,__main__,pr,burchuladze,საარჩევნო ბლოკი პაატა ბურჭულაძე - სახელმწიფო ხალხისთვის,1,,,90,,დავით,ნიშნიანიძე,დავით ნიშნიანიძე,უპარტიო,,party_lists_2016_georgia_unified.xlsx
parl_2016,__main__,pr,burchuladze,საარჩევნო ბლოკი პაატა ბურჭულაძე - სახელმწიფო ხალხისთვის,1,,,91,,ალექსი,ნონიაძე,ალექსი ნონიაძე,"პ /გ""სამოქალაქო პლატფორმა-ახალი საქართველო""",,party_lists_2016_georgia_unified.xlsx
parl_2016,__main__,pr,burchuladze,საარჩევნო ბლოკი პაატა ბურჭულაძე - სახელმწიფო ხალხისთვის,1,,,92,,ედუარდი,კიკნაძე,ედუარდი კიკნაძე,"პ /გ ""მოძრაობა სახელმწიფო ხალხისთვის""",,party_lists_2016_georgia_unified.xlsx
parl_2016,__main__,pr,burchuladze,საარჩევნო ბლოკი პაატა ბურჭულაძე - სახელმწიფო ხალხისთვის,1,,,93,,ბექა,მიდელაური,ბექა მიდელაური,"პ /გ ""მოძრაობა სახელმწიფო ხალხისთვის""",,party_lists_2016_georgia_unified.xlsx
parl_2016,__main__,pr,burchuladze,საარჩევნო ბლოკი პაატა ბურჭულაძე - სახელმწიფო ხალხისთვის,1,,,94,,მარიამი,ქელბაქიანი,მარიამი ქელბაქიანი,"პ /გ""სამოქალაქო პლატფორმა-ახალი საქართველო""",,party_lists_2016_georgia_unified.xlsx
parl_2016,__main__,pr,burchuladze,საარჩევნო ბლოკი პაატა ბურჭულაძე - სახელმწიფო ხალხისთვის,1,,,95,,ივანე,კაპანაძე,ივანე კაპანაძე,"პ /გ""ახალი მემარჯვენეები""",,party_lists_2016_georgia_unified.xlsx
parl_2016,__main__,pr,burchuladze,საარჩევნო ბლოკი პაატა ბურჭულაძე - სახელმწიფო ხალხისთვის,1,,,96,,ლაშა,ლობჯანიძე,ლაშა ლობჯანიძე,"პ /გ ""მოძრაობა სახელმწიფო ხალხისთვის""",,party_lists_2016_georgia_unified.xlsx
parl_2016,__main__,pr,burchuladze,საარჩევნო ბლოკი პაატა ბურჭულაძე - სახელმწიფო ხალხისთვის,1,,,97,,შორენა,ლობჟანიძე,შორენა ლობჟანიძე,"პ /გ""სამოქალაქო პლატფორმა-ახალი საქართველო""",,party_lists_2016_georgia_unified.xlsx
parl_2016,__main__,pr,burchuladze,საარჩევნო ბლოკი პაატა ბურჭულაძე - სახელმწიფო ხალხისთვის,1,,,98,,გიორგი,ვარდოსანიძე,გიორგი ვარდოსანიძე,"პ /გ ""მოძრაობა სახელმწიფო ხალხისთვის""",,party_lists_2016_georgia_unified.xlsx
parl_2016,__main__,pr,burchuladze,საარჩევნო ბლოკი პაატა ბურჭულაძე - სახელმწიფო ხალხისთვის,1,,,99,,თენგიზ,ჯანგულაშვილი,თენგიზ ჯანგულაშვილი,"პ /გ ""მოძრაობა სახელმწიფო ხალხისთვის""",,party_lists_2016_georgia_unified.xlsx
parl_2016,__main__,pr,burchuladze,საარჩევნო ბლოკი პაატა ბურჭულაძე - სახელმწიფო ხალხისთვის,1,,,100,,ფუად,კახრამანოვი,ფუად კახრამანოვი,"პ /გ""სამოქალაქო პლატფორმა-ახალი საქართველო""",,party_lists_2016_georgia_unified.xlsx
parl_2016,__main__,pr,burchuladze,საარჩევნო ბლოკი პაატა ბურჭულაძე - სახელმწიფო ხალხისთვის,1,,,101,,ნოდარი,ეჟიშვილი,ნოდარი ეჟიშვილი,"პ /გ ""მოძრაობა სახელმწიფო ხალხისთვის""",,party_lists_2016_georgia_unified.xlsx
parl_2016,__main__,pr,burchuladze,საარჩევნო ბლოკი პაატა ბურჭულაძე - სახელმწიფო ხალხისთვის,1,,,102,,დავით,ჭუმბურიძე,დავით ჭუმბურიძე,"პ /გ ""მოძრაობა სახელმწიფო ხალხისთვის""",,party_lists_2016_georgia_unified.xlsx
parl_2016,__main__,pr,burchuladze,საარჩევნო ბლოკი პაატა ბურჭულაძე - სახელმწიფო ხალხისთვის,1,,,103,,ფიქრია,ჩახნაშვილი,ფიქრია ჩახნაშვილი,"პ /გ""სამოქალაქო პლატფორმა-ახალი საქართველო""",,party_lists_2016_georgia_unified.xlsx
parl_2016,__main__,pr,burchuladze,საარჩევნო ბლოკი პაატა ბურჭულაძე - სახელმწიფო ხალხისთვის,1,,,104,,მაია,ახალკაცი,მაია ახალკაცი,"პ /გ""ახალი მემარჯვენეები""",,party_lists_2016_georgia_unified.xlsx
parl_2016,__main__,pr,burchuladze,საარჩევნო ბლოკი პაატა ბურჭულაძე - სახელმწიფო ხალხისთვის,1,,,105,,ლაშა,ტყეშელაძე,ლაშა ტყეშელაძე,"პ /გ ""მოძრაობა სახელმწიფო ხალხისთვის""",,party_lists_2016_georgia_unified.xlsx
parl_2016,__main__,pr,burchuladze,საარჩევნო ბლოკი პაატა ბურჭულაძე - სახელმწიფო ხალხისთვის,1,,,106,,დავითი,შარმიაშვილი,დავითი შარმიაშვილი,"პ /გ""სამოქალაქო პლატფორმა-ახალი საქართველო""",,party_lists_2016_georgia_unified.xlsx
parl_2016,__main__,pr,burchuladze,საარჩევნო ბლოკი პაატა ბურჭულაძე - სახელმწიფო ხალხისთვის,1,,,107,,გიორგი,ვაჩეიშვილი,გიორგი ვაჩეიშვილი,"პ /გ ""მოძრაობა სახელმწიფო ხალხისთვის""",,party_lists_2016_georgia_unified.xlsx
parl_2016,__main__,pr,burchuladze,საარჩევნო ბლოკი პაატა ბურჭულაძე - სახელმწიფო ხალხისთვის,1,,,108,,მაია,კუპრავიშვილი,მაია კუპრავიშვილი,"პ /გ ""მოძრაობა სახელმწიფო ხალხისთვის""",,party_lists_2016_georgia_unified.xlsx
parl_2016,__main__,pr,burchuladze,საარჩევნო ბლოკი პაატა ბურჭულაძე - სახელმწიფო ხალხისთვის,1,,,109,,პავლე,ადუაშვილი,პავლე ადუაშვილი,"პ /გ""სამოქალაქო პლატფორმა-ახალი საქართველო""",,party_lists_2016_georgia_unified.xlsx
parl_2016,__main__,pr,burchuladze,საარჩევნო ბლოკი პაატა ბურჭულაძე - სახელმწიფო ხალხისთვის,1,,,110,,ნიკოლოზი,გოგიტაშვილი,ნიკოლოზი გოგიტაშვილი,"პ /გ ""მოძრაობა სახელმწიფო ხალხისთვის""",,party_lists_2016_georgia_unified.xlsx
parl_2016,__main__,pr,burchuladze,საარჩევნო ბლოკი პაატა ბურჭულაძე - სახელმწიფო ხალხისთვის,1,,,111,,ბექა,ჟვანია,ბექა ჟვანია,"პ /გ ""მოძრაობა სახელმწიფო ხალხისთვის""",,party_lists_2016_georgia_unified.xlsx
parl_2016,__main__,pr,burchuladze,საარჩევნო ბლოკი პაატა ბურჭულაძე - სახელმწიფო ხალხისთვის,1,,,112,,კონსტანტინე,სანებლიძე,კონსტანტინე სანებლიძე,უპარტიო,,party_lists_2016_georgia_unified.xlsx
parl_2016,__main__,pr,burchuladze,საარჩევნო ბლოკი პაატა ბურჭულაძე - სახელმწიფო ხალხისთვის,1,,,113,,ნათელა,ცეცხლაძე,ნათელა ცეცხლაძე,"პ /გ""ახალი მემარჯვენეები""",,party_lists_2016_georgia_unified.xlsx
parl_2016,__main__,pr,burchuladze,საარჩევნო ბლოკი პაატა ბურჭულაძე - სახელმწიფო ხალხისთვის,1,,,114,,ქრისტინე,ბარბაქაძე,ქრისტინე ბარბაქაძე,"პ /გ ""მოძრაობა სახელმწიფო ხალხისთვის""",,party_lists_2016_georgia_unified.xlsx
parl_2016,__main__,pr,burchuladze,საარჩევნო ბლოკი პაატა ბურჭულაძე - სახელმწიფო ხალხისთვის,1,,,115,,მარინე,ბეკურაული,მარინე ბეკურაული,"პ /გ""სამოქალაქო პლატფორმა-ახალი საქართველო""",,party_lists_2016_georgia_unified.xlsx
parl_2016,__main__,pr,burchuladze,საარჩევნო ბლოკი პაატა ბურჭულაძე - სახელმწიფო ხალხისთვის,1,,,116,,კობა,ჩიხლაძე,კობა ჩიხლაძე,"პ /გ ""მოძრაობა სახელმწიფო ხალხისთვის""",,party_lists_2016_georgia_unified.xlsx
parl_2016,__main__,pr,burchuladze,საარჩევნო ბლოკი პაატა ბურჭულაძე - სახელმწიფო ხალხისთვის,1,,,117,,ფიქრია,არდია,ფიქრია არდია,"პ /გ ""მოძრაობა სახელმწიფო ხალხისთვის""",,party_lists_2016_georgia_unified.xlsx
parl_2016,__main__,pr,burchuladze,საარჩევნო ბლოკი პაატა ბურჭულაძე - სახელმწიფო ხალხისთვის,1,,,118,,ირაკლი,ბარამიძე,ირაკლი ბარამიძე,პ /გ.ახალი პოლიტიკური ცენტრი-გირჩი,,party_lists_2016_georgia_unified.xlsx
parl_2016,__main__,pr,burchuladze,საარჩევნო ბლოკი პაატა ბურჭულაძე - სახელმწიფო ხალხისთვის,1,,,119,,ორხან,პირვერდიევი,ორხან პირვერდიევი,"პ /გ ""მოძრაობა სახელმწიფო ხალხისთვის""",,party_lists_2016_georgia_unified.xlsx
parl_2016,__main__,pr,burchuladze,საარჩევნო ბლოკი პაატა ბურჭულაძე - სახელმწიფო ხალხისთვის,1,,,120,,დიმიტრი,ბლუაშვილი,დიმიტრი ბლუაშვილი,"პ /გ ""მოძრაობა სახელმწიფო ხალხისთვის""",,party_lists_2016_georgia_unified.xlsx
parl_2016,__main__,pr,burchuladze,საარჩევნო ბლოკი პაატა ბურჭულაძე - სახელმწიფო ხალხისთვის,1,,,121,,გიორგი,პეტრიაშვილი,გიორგი პეტრიაშვილი,"პ /გ ""მოძრაობა სახელმწიფო ხალხისთვის""",,party_lists_2016_georgia_unified.xlsx
parl_2016,__main__,pr,burchuladze,საარჩევნო ბლოკი პაატა ბურჭულაძე - სახელმწიფო ხალხისთვის,1,,,122,,ალბერტ,კარაპეტიანი,ალბერტ კარაპეტიანი,"პ /გ ""მოძრაობა სახელმწიფო ხალხისთვის""",,party_lists_2016_georgia_unified.xlsx
parl_2016,__main__,pr,burchuladze,საარჩევნო ბლოკი პაატა ბურჭულაძე - სახელმწიფო ხალხისთვის,1,,,123,,რამაზ,ცატავა,რამაზ ცატავა,"პ /გ""ახალი მემარჯვენეები""",,party_lists_2016_georgia_unified.xlsx
parl_2016,__main__,pr,burchuladze,საარჩევნო ბლოკი პაატა ბურჭულაძე - სახელმწიფო ხალხისთვის,1,,,124,,გიორგი,ქაჯაია,გიორგი ქაჯაია,"პ /გ ""მოძრაობა სახელმწიფო ხალხისთვის""",,party_lists_2016_georgia_unified.xlsx
parl_2016,__main__,pr,burchuladze,საარჩევნო ბლოკი პაატა ბურჭულაძე - სახელმწიფო ხალხისთვის,1,,,125,,ნათელა,ჯინჭარაძე,ნათელა ჯინჭარაძე,"პ /გ ""მოძრაობა სახელმწიფო ხალხისთვის""",,party_lists_2016_georgia_unified.xlsx
parl_2016,__main__,pr,burchuladze,საარჩევნო ბლოკი პაატა ბურჭულაძე - სახელმწიფო ხალხისთვის,1,,,126,,რუსუდან,ენჯიბაძე,რუსუდან ენჯიბაძე,"პ /გ ""მოძრაობა სახელმწიფო ხალხისთვის""",,party_lists_2016_georgia_unified.xlsx
parl_2016,__main__,pr,burchuladze,საარჩევნო ბლოკი პაატა ბურჭულაძე - სახელმწიფო ხალხისთვის,1,,,127,,რომან,ლომსაძე,რომან ლომსაძე,"პ /გ ""მოძრაობა სახელმწიფო ხალხისთვის""",,party_lists_2016_georgia_unified.xlsx
parl_2016,__main__,pr,burchuladze,საარჩევნო ბლოკი პაატა ბურჭულაძე - სახელმწიფო ხალხისთვის,1,,,128,,რამაზ,მოსიაშვილი,რამაზ მოსიაშვილი,"პ /გ ""მოძრაობა სახელმწიფო ხალხისთვის""",,party_lists_2016_georgia_unified.xlsx
parl_2016,__main__,pr,burchuladze,საარჩევნო ბლოკი პაატა ბურჭულაძე - სახელმწიფო ხალხისთვის,1,,,129,,კამო,ბერიანიძე,კამო ბერიანიძე,"პ /გ ""მოძრაობა სახელმწიფო ხალხისთვის""",,party_lists_2016_georgia_unified.xlsx
parl_2016,__main__,pr,burchuladze,საარჩევნო ბლოკი პაატა ბურჭულაძე - სახელმწიფო ხალხისთვის,1,,,130,,ზურაბ,თეთრუაშვილი,ზურაბ თეთრუაშვილი,"პ /გ ""მოძრაობა სახელმწიფო ხალხისთვის""",,party_lists_2016_georgia_unified.xlsx
parl_2016,__main__,pr,burchuladze,საარჩევნო ბლოკი პაატა ბურჭულაძე - სახელმწიფო ხალხისთვის,1,,,131,,გურამ,ნაკაშიძე,გურამ ნაკაშიძე,უპარტიო,,party_lists_2016_georgia_unified.xlsx
parl_2016,__main__,pr,burchuladze,საარჩევნო ბლოკი პაატა ბურჭულაძე - სახელმწიფო ხალხისთვის,1,,,132,,გიორგი,მჭედლიშვილი,გიორგი მჭედლიშვილი,უპარტიო,,party_lists_2016_georgia_unified.xlsx
parl_2016,__main__,pr,burchuladze,საარჩევნო ბლოკი პაატა ბურჭულაძე - სახელმწიფო ხალხისთვის,1,,,133,,კონსტანტინე,ბუცხრიკიძე,კონსტანტინე ბუცხრიკიძე,უპარტიო,,party_lists_2016_georgia_unified.xlsx
parl_2016,__main__,pr,burchuladze,საარჩევნო ბლოკი პაატა ბურჭულაძე - სახელმწიფო ხალხისთვის,1,,,134,,მანანა,მოდებაძე,მანანა მოდებაძე,"პ /გ ""მოძრაობა სახელმწიფო ხალხისთვის""",,party_lists_2016_georgia_unified.xlsx
parl_2016,__main__,pr,burchuladze,საარჩევნო ბლოკი პაატა ბურჭულაძე - სახელმწიფო ხალხისთვის,1,,,135,,დესპინე,ქევხიშვილი,დესპინე ქევხიშვილი,"პ /გ ""მოძრაობა სახელმწიფო ხალხისთვის""",,party_lists_2016_georgia_unified.xlsx
parl_2016,__main__,pr,burchuladze,საარჩევნო ბლოკი პაატა ბურჭულაძე - სახელმწიფო ხალხისთვის,1,,,136,,ნუნუ,სუმბაძე,ნუნუ სუმბაძე,"პ /გ ""მოძრაობა სახელმწიფო ხალხისთვის""",,party_lists_2016_georgia_unified.xlsx
parl_2016,__main__,pr,burchuladze,საარჩევნო ბლოკი პაატა ბურჭულაძე - სახელმწიფო ხალხისთვის,1,,,137,,არჩილი,გიორგაძე,არჩილი გიორგაძე,"პ /გ ""მოძრაობა სახელმწიფო ხალხისთვის""",,party_lists_2016_georgia_unified.xlsx
parl_2016,__main__,pr,burchuladze,საარჩევნო ბლოკი პაატა ბურჭულაძე - სახელმწიფო ხალხისთვის,1,,,138,,მალხაზ,ჯანიაშვილი,მალხაზ ჯანიაშვილი,უპარტიო,,party_lists_2016_georgia_unified.xlsx
parl_2016,__main__,pr,burchuladze,საარჩევნო ბლოკი პაატა ბურჭულაძე - სახელმწიფო ხალხისთვის,1,,,139,,ალექსანდრე,ლაზრიშვილი,ალექსანდრე ლაზრიშვილი,უპარტიო,,party_lists_2016_georgia_unified.xlsx
parl_2016,__main__,pr,burchuladze,საარჩევნო ბლოკი პაატა ბურჭულაძე - სახელმწიფო ხალხისთვის,1,,,140,,ზურაბ,უნდილაშვილი,ზურაბ უნდილაშვილი,უპარტიო,,party_lists_2016_georgia_unified.xlsx
parl_2016,__main__,pr,burchuladze,საარჩევნო ბლოკი პაატა ბურჭულაძე - სახელმწიფო ხალხისთვის,1,,,141,,ლეონიდე,კვირკვეიშვილი,ლეონიდე კვირკვეიშვილი,"პ /გ ""მოძრაობა სახელმწიფო ხალხისთვის""",,party_lists_2016_georgia_unified.xlsx
parl_2016,__main__,pr,burchuladze,საარჩევნო ბლოკი პაატა ბურჭულაძე - სახელმწიფო ხალხისთვის,1,,,142,,იოსებ,ჭინჭარაული,იოსებ ჭინჭარაული,"პ /გ ""მოძრაობა სახელმწიფო ხალხისთვის""",,party_lists_2016_georgia_unified.xlsx
parl_2016,__main__,pr,burchuladze,საარჩევნო ბლოკი პაატა ბურჭულაძე - სახელმწიფო ხალხისთვის,1,,,143,,დიმიტრი,თამოიანი,დიმიტრი თამოიანი,"პ /გ ""მოძრაობა სახელმწიფო ხალხისთვის""",,party_lists_2016_georgia_unified.xlsx
parl_2016,__main__,pr,burchuladze,საარჩევნო ბლოკი პაატა ბურჭულაძე - სახელმწიფო ხალხისთვის,1,,,144,,სალომე,ქამუშაძე,სალომე ქამუშაძე,"პ /გ ""მოძრაობა სახელმწიფო ხალხისთვის""",,party_lists_2016_georgia_unified.xlsx
parl_2016,__main__,pr,burchuladze,საარჩევნო ბლოკი პაატა ბურჭულაძე - სახელმწიფო ხალხისთვის,1,,,145,,ბექა,სარჯველაძე,ბექა სარჯველაძე,"პ /გ ""მოძრაობა სახელმწიფო ხალხისთვის""",,party_lists_2016_georgia_unified.xlsx
parl_2016,__main__,pr,burchuladze,საარჩევნო ბლოკი პაატა ბურჭულაძე - სახელმწიფო ხალხისთვის,1,,,146,,საბა,ანთია,საბა ანთია,"პ /გ ""მოძრაობა სახელმწიფო ხალხისთვის""",,party_lists_2016_georgia_unified.xlsx
parl_2016,__main__,pr,burchuladze,საარჩევნო ბლოკი პაატა ბურჭულაძე - სახელმწიფო ხალხისთვის,1,,,147,,გიორგი,ახობაძე,გიორგი ახობაძე,"პ /გ ""მოძრაობა სახელმწიფო ხალხისთვის""",,party_lists_2016_georgia_unified.xlsx
parl_2016,__main__,pr,burchuladze,საარჩევნო ბლოკი პაატა ბურჭულაძე - სახელმწიფო ხალხისთვის,1,,,148,,მინდია,შაინიძე,მინდია შაინიძე,"პ /გ ""მოძრაობა სახელმწიფო ხალხისთვის""",,party_lists_2016_georgia_unified.xlsx
parl_2016,__main__,pr,burchuladze,საარჩევნო ბლოკი პაატა ბურჭულაძე - სახელმწიფო ხალხისთვის,1,,,149,,ეკა,სარიშვილი,ეკა სარიშვილი,"პ /გ ""მოძრაობა სახელმწიფო ხალხისთვის""",,party_lists_2016_georgia_unified.xlsx
parl_2016,__main__,pr,burchuladze,საარჩევნო ბლოკი პაატა ბურჭულაძე - სახელმწიფო ხალხისთვის,1,,,150,,იოსებ,შენგელია,იოსებ შენგელია,"პ /გ ""მოძრაობა სახელმწიფო ხალხისთვის""",,party_lists_2016_georgia_unified.xlsx
parl_2016,__main__,pr,burchuladze,საარჩევნო ბლოკი პაატა ბურჭულაძე - სახელმწიფო ხალხისთვის,1,,,151,,მარეხი,გვარამაძე,მარეხი გვარამაძე,"პ /გ ""მოძრაობა სახელმწიფო ხალხისთვის""",,party_lists_2016_georgia_unified.xlsx
parl_2016,__main__,pr,burchuladze,საარჩევნო ბლოკი პაატა ბურჭულაძე - სახელმწიფო ხალხისთვის,1,,,152,,გიორგი,შერვაშიძე,გიორგი შერვაშიძე,"პ /გ ""მოძრაობა სახელმწიფო ხალხისთვის""",,party_lists_2016_georgia_unified.xlsx
parl_2016,__main__,pr,burchuladze,საარჩევნო ბლოკი პაატა ბურჭულაძე - სახელმწიფო ხალხისთვის,1,,,153,,ირაკლი,შეთეკაური,ირაკლი შეთეკაური,"პ /გ ""მოძრაობა სახელმწიფო ხალხისთვის""",,party_lists_2016_georgia_unified.xlsx
parl_2016,__main__,pr,burchuladze,საარჩევნო ბლოკი პაატა ბურჭულაძე - სახელმწიფო ხალხისთვის,1,,,154,,გიორგი,თოიძე,გიორგი თოიძე,"პ /გ ""მოძრაობა სახელმწიფო ხალხისთვის""",,party_lists_2016_georgia_unified.xlsx
parl_2016,__main__,pr,burchuladze,საარჩევნო ბლოკი პაატა ბურჭულაძე - სახელმწიფო ხალხისთვის,1,,,155,,გიორგი,ოსაძე,გიორგი ოსაძე,"პ /გ ""მოძრაობა სახელმწიფო ხალხისთვის""",,party_lists_2016_georgia_unified.xlsx
parl_2016,__main__,pr,burchuladze,საარჩევნო ბლოკი პაატა ბურჭულაძე - სახელმწიფო ხალხისთვის,1,,,156,,აკაკი,კვინტრაძე,აკაკი კვინტრაძე,"პ /გ ""მოძრაობა სახელმწიფო ხალხისთვის""",,party_lists_2016_georgia_unified.xlsx
parl_2016,__main__,pr,burchuladze,საარჩევნო ბლოკი პაატა ბურჭულაძე - სახელმწიფო ხალხისთვის,1,,,157,,თეიმურაზ,გაგუა,თეიმურაზ გაგუა,"პ /გ ""მოძრაობა სახელმწიფო ხალხისთვის""",,party_lists_2016_georgia_unified.xlsx
parl_2016,__main__,pr,burchuladze,საარჩევნო ბლოკი პაატა ბურჭულაძე - სახელმწიფო ხალხისთვის,1,,,158,,ნინო,გოგოლაშვილი,ნინო გოგოლაშვილი,"პ /გ ""მოძრაობა სახელმწიფო ხალხისთვის""",,party_lists_2016_georgia_unified.xlsx
parl_2016,__main__,pr,burchuladze,საარჩევნო ბლოკი პაატა ბურჭულაძე - სახელმწიფო ხალხისთვის,1,,,159,,გურამ,გურჩიანი,გურამ გურჩიანი,"პ /გ ""მოძრაობა სახელმწიფო ხალხისთვის""",,party_lists_2016_georgia_unified.xlsx
parl_2016,__main__,pr,burchuladze,საარჩევნო ბლოკი პაატა ბურჭულაძე - სახელმწიფო ხალხისთვის,1,,,160,,ზურაბ,ძულიაშვილი,ზურაბ ძულიაშვილი,"პ /გ ""მოძრაობა სახელმწიფო ხალხისთვის""",,party_lists_2016_georgia_unified.xlsx
parl_2016,__main__,pr,burchuladze,საარჩევნო ბლოკი პაატა ბურჭულაძე - სახელმწიფო ხალხისთვის,1,,,161,,ირაკლი,სორდია,ირაკლი სორდია,"პ /გ ""მოძრაობა სახელმწიფო ხალხისთვის""",,party_lists_2016_georgia_unified.xlsx
parl_2016,__main__,pr,burchuladze,საარჩევნო ბლოკი პაატა ბურჭულაძე - სახელმწიფო ხალხისთვის,1,,,162,,გოჩა,ბუნტური,გოჩა ბუნტური,"პ /გ ""მოძრაობა სახელმწიფო ხალხისთვის""",,party_lists_2016_georgia_unified.xlsx
parl_2016,__main__,pr,burchuladze,საარჩევნო ბლოკი პაატა ბურჭულაძე - სახელმწიფო ხალხისთვის,1,,,163,,ნუგზარ,ღვალაძე,ნუგზარ ღვალაძე,"პ /გ ""მოძრაობა სახელმწიფო ხალხისთვის""",,party_lists_2016_georgia_unified.xlsx
parl_2016,__main__,pr,burchuladze,საარჩევნო ბლოკი პაატა ბურჭულაძე - სახელმწიფო ხალხისთვის,1,,,164,,რევაზ,მჭედლიშვილი,რევაზ მჭედლიშვილი,"პ /გ ""მოძრაობა სახელმწიფო ხალხისთვის""",,party_lists_2016_georgia_unified.xlsx
parl_2016,__main__,pr,burchuladze,საარჩევნო ბლოკი პაატა ბურჭულაძე - სახელმწიფო ხალხისთვის,1,,,165,,ზაზა,ბერელიძე,ზაზა ბერელიძე,უპარტიო,,party_lists_2016_georgia_unified.xlsx
parl_2016,__main__,pr,burchuladze,საარჩევნო ბლოკი პაატა ბურჭულაძე - სახელმწიფო ხალხისთვის,1,,,166,,მინდია,სურმანიძე,მინდია სურმანიძე,უპარტიო,,party_lists_2016_georgia_unified.xlsx
parl_2016,__main__,pr,burchuladze,საარჩევნო ბლოკი პაატა ბურჭულაძე - სახელმწიფო ხალხისთვის,1,,,167,,იური,მაჭავარიანი,იური მაჭავარიანი,უპარტიო,,party_lists_2016_georgia_unified.xlsx
parl_2016,__main__,pr,burchuladze,საარჩევნო ბლოკი პაატა ბურჭულაძე - სახელმწიფო ხალხისთვის,1,,,168,,დავით,ავალიანი,დავით ავალიანი,უპარტიო,,party_lists_2016_georgia_unified.xlsx
parl_2016,__main__,pr,burchuladze,საარჩევნო ბლოკი პაატა ბურჭულაძე - სახელმწიფო ხალხისთვის,1,,,169,,გრიგოლი,ლაბარტყავა,გრიგოლი ლაბარტყავა,"პ /გ ""მოძრაობა სახელმწიფო ხალხისთვის""",,party_lists_2016_georgia_unified.xlsx
parl_2016,__main__,pr,burchuladze,საარჩევნო ბლოკი პაატა ბურჭულაძე - სახელმწიფო ხალხისთვის,1,,,170,,ცოტნე,გლოველი,ცოტნე გლოველი,"პ /გ ""მოძრაობა სახელმწიფო ხალხისთვის""",,party_lists_2016_georgia_unified.xlsx
parl_2016,__main__,pr,burchuladze,საარჩევნო ბლოკი პაატა ბურჭულაძე - სახელმწიფო ხალხისთვის,1,,,171,,ლევან,ნუცუბიძე,ლევან ნუცუბიძე,"პ /გ ""მოძრაობა სახელმწიფო ხალხისთვის""",,party_lists_2016_georgia_unified.xlsx
parl_2016,__main__,pr,burchuladze,საარჩევნო ბლოკი პაატა ბურჭულაძე - სახელმწიფო ხალხისთვის,1,,,172,,მერაბი,ღირსიაშვილი,მერაბი ღირსიაშვილი,"პ /გ ""მოძრაობა სახელმწიფო ხალხისთვის""",,party_lists_2016_georgia_unified.xlsx
parl_2016,__main__,pr,burchuladze,საარჩევნო ბლოკი პაატა ბურჭულაძე - სახელმწიფო ხალხისთვის,1,,,173,,გიორგი,როსტიაშვილი,გიორგი როსტიაშვილი,"პ /გ ""მოძრაობა სახელმწიფო ხალხისთვის""",,party_lists_2016_georgia_unified.xlsx
parl_2016,__main__,pr,burchuladze,საარჩევნო ბლოკი პაატა ბურჭულაძე - სახელმწიფო ხალხისთვის,1,,,174,,ინგა,ტაბატაძე,ინგა ტაბატაძე,"პ /გ ""მოძრაობა სახელმწიფო ხალხისთვის""",,party_lists_2016_georgia_unified.xlsx
parl_2016,__main__,pr,burchuladze,საარჩევნო ბლოკი პაატა ბურჭულაძე - სახელმწიფო ხალხისთვის,1,,,175,,ზაზა,რევიშვილი,ზაზა რევიშვილი,"პ /გ ""მოძრაობა სახელმწიფო ხალხისთვის""",,party_lists_2016_georgia_unified.xlsx
parl_2016,__main__,pr,burchuladze,საარჩევნო ბლოკი პაატა ბურჭულაძე - სახელმწიფო ხალხისთვის,1,,,176,,ჯუმბერ,ბახუნტარაძე,ჯუმბერ ბახუნტარაძე,"პ /გ ""მოძრაობა სახელმწიფო ხალხისთვის""",,party_lists_2016_georgia_unified.xlsx
parl_2016,__main__,pr,burchuladze,საარჩევნო ბლოკი პაატა ბურჭულაძე - სახელმწიფო ხალხისთვის,1,,,177,,გიორგი,კუპატაძე,გიორგი კუპატაძე,პ /გ.სამოქალაქო პლატფორმა ახალი საქართველო,,party_lists_2016_georgia_unified.xlsx
parl_2016,__main__,pr,progressive_democratic_2016,"პროგრესულ-დემოკრატიული მოძრაობა (თქვენგან, თქვენთვის, თქვენთან ერთად!)",2,,,1,,ლაშა,აბესაძე,ლაშა აბესაძე,"ს.მ.პ.გ ,,პროგრესულ -დემოკრატიული მოძრაობა''",,party_lists_2016_georgia_unified.xlsx
parl_2016,__main__,pr,progressive_democratic_2016,"პროგრესულ-დემოკრატიული მოძრაობა (თქვენგან, თქვენთვის, თქვენთან ერთად!)",2,,,2,,მარინე,ჩაჩუა,მარინე ჩაჩუა,"ს.მ.პ.გ ,,პროგრესულ -დემოკრატიული მოძრაობა''",,party_lists_2016_georgia_unified.xlsx
parl_2016,__main__,pr,progressive_democratic_2016,"პროგრესულ-დემოკრატიული მოძრაობა (თქვენგან, თქვენთვის, თქვენთან ერთად!)",2,,,3,,ნანა,ხომასურიძე,ნანა ხომასურიძე,"ს.მ.პ.გ ,,პროგრესულ -დემოკრატიული მოძრაობა''",,party_lists_2016_georgia_unified.xlsx
parl_2016,__main__,pr,progressive_democratic_2016,"პროგრესულ-დემოკრატიული მოძრაობა (თქვენგან, თქვენთვის, თქვენთან ერთად!)",2,,,4,,ნაირა,იაშაღაშვილი,ნაირა იაშაღაშვილი,"ს.მ.პ.გ ,,პროგრესულ -დემოკრატიული მოძრაობა''",,party_lists_2016_georgia_unified.xlsx
parl_2016,__main__,pr,progressive_democratic_2016,"პროგრესულ-დემოკრატიული მოძრაობა (თქვენგან, თქვენთვის, თქვენთან ერთად!)",2,,,5,,ლაშა,სტურუა,ლაშა სტურუა,"ს.მ.პ.გ ,,პროგრესულ -დემოკრატიული მოძრაობა''",,party_lists_2016_georgia_unified.xlsx
parl_2016,__main__,pr,progressive_democratic_2016,"პროგრესულ-დემოკრატიული მოძრაობა (თქვენგან, თქვენთვის, თქვენთან ერთად!)",2,,,6,,ნესტან,გუგუშვილი,ნესტან გუგუშვილი,"ს.მ.პ.გ ,,პროგრესულ -დემოკრატიული მოძრაობა''",,party_lists_2016_georgia_unified.xlsx
parl_2016,__main__,pr,progressive_democratic_2016,"პროგრესულ-დემოკრატიული მოძრაობა (თქვენგან, თქვენთვის, თქვენთან ერთად!)",2,,,7,,იოსებ,ბაძაღუა,იოსებ ბაძაღუა,"ს.მ.პ.გ ,,პროგრესულ -დემოკრატიული მოძრაობა''",,party_lists_2016_georgia_unified.xlsx
parl_2016,__main__,pr,progressive_democratic_2016,"პროგრესულ-დემოკრატიული მოძრაობა (თქვენგან, თქვენთვის, თქვენთან ერთად!)",2,,,8,,გიორგი,ხაჩიძე,გიორგი ხაჩიძე,"ს.მ.პ.გ ,,პროგრესულ -დემოკრატიული მოძრაობა''",,party_lists_2016_georgia_unified.xlsx
parl_2016,__main__,pr,progressive_democratic_2016,"პროგრესულ-დემოკრატიული მოძრაობა (თქვენგან, თქვენთვის, თქვენთან ერთად!)",2,,,9,,ლევან,პაპაშვილი,ლევან პაპაშვილი,"ს.მ.პ.გ ,,პროგრესულ -დემოკრატიული მოძრაობა''",,party_lists_2016_georgia_unified.xlsx
parl_2016,__main__,pr,progressive_democratic_2016,"პროგრესულ-დემოკრატიული მოძრაობა (თქვენგან, თქვენთვის, თქვენთან ერთად!)",2,,,10,,მერი,ჩხენკელი,მერი ჩხენკელი,"ს.მ.პ.გ ,,პროგრესულ -დემოკრატიული მოძრაობა''",,party_lists_2016_georgia_unified.xlsx
parl_2016,__main__,pr,progressive_democratic_2016,"პროგრესულ-დემოკრატიული მოძრაობა (თქვენგან, თქვენთვის, თქვენთან ერთად!)",2,,,11,,რუსუდან,ხუბუტია,რუსუდან ხუბუტია,"ს.მ.პ.გ ,,პროგრესულ -დემოკრატიული მოძრაობა''",,party_lists_2016_georgia_unified.xlsx
parl_2016,__main__,pr,progressive_democratic_2016,"პროგრესულ-დემოკრატიული მოძრაობა (თქვენგან, თქვენთვის, თქვენთან ერთად!)",2,,,12,,არმენაკ,სარქისიან,არმენაკ სარქისიან,"ს.მ.პ.გ ,,პროგრესულ -დემოკრატიული მოძრაობა''",,party_lists_2016_georgia_unified.xlsx
parl_2016,__main__,pr,progressive_democratic_2016,"პროგრესულ-დემოკრატიული მოძრაობა (თქვენგან, თქვენთვის, თქვენთან ერთად!)",2,,,13,,ლელა,გიქოშვილი,ლელა გიქოშვილი,"ს.მ.პ.გ ,,პროგრესულ -დემოკრატიული მოძრაობა''",,party_lists_2016_georgia_unified.xlsx
parl_2016,__main__,pr,progressive_democratic_2016,"პროგრესულ-დემოკრატიული მოძრაობა (თქვენგან, თქვენთვის, თქვენთან ერთად!)",2,,,14,,ნანა,მაისურაძე,ნანა მაისურაძე,"ს.მ.პ.გ ,,პროგრესულ -დემოკრატიული მოძრაობა''",,party_lists_2016_georgia_unified.xlsx
parl_2016,__main__,pr,progressive_democratic_2016,"პროგრესულ-დემოკრატიული მოძრაობა (თქვენგან, თქვენთვის, თქვენთან ერთად!)",2,,,15,,ქეთევანი,უგრეხელიძე,ქეთევანი უგრეხელიძე,"ს.მ.პ.გ ,,პროგრესულ -დემოკრატიული მოძრაობა''",,party_lists_2016_georgia_unified.xlsx
parl_2016,__main__,pr,progressive_democratic_2016,"პროგრესულ-დემოკრატიული მოძრაობა (თქვენგან, თქვენთვის, თქვენთან ერთად!)",2,,,16,,მარინე,ლათიბაშვილი,მარინე ლათიბაშვილი,"ს.მ.პ.გ ,,პროგრესულ -დემოკრატიული მოძრაობა''",,party_lists_2016_georgia_unified.xlsx
parl_2016,__main__,pr,progressive_democratic_2016,"პროგრესულ-დემოკრატიული მოძრაობა (თქვენგან, თქვენთვის, თქვენთან ერთად!)",2,,,17,,მერაბ,ბერაია,მერაბ ბერაია,"ს.მ.პ.გ ,,პროგრესულ -დემოკრატიული მოძრაობა''",,party_lists_2016_georgia_unified.xlsx
parl_2016,__main__,pr,progressive_democratic_2016,"პროგრესულ-დემოკრატიული მოძრაობა (თქვენგან, თქვენთვის, თქვენთან ერთად!)",2,,,18,,თინათინ,ფირცხალავა,თინათინ ფირცხალავა,"ს.მ.პ.გ ,,პროგრესულ -დემოკრატიული მოძრაობა''",,party_lists_2016_georgia_unified.xlsx
parl_2016,__main__,pr,progressive_democratic_2016,"პროგრესულ-დემოკრატიული მოძრაობა (თქვენგან, თქვენთვის, თქვენთან ერთად!)",2,,,19,,ვიტალი,ხარჩილავა,ვიტალი ხარჩილავა,"ს.მ.პ.გ ,,პროგრესულ -დემოკრატიული მოძრაობა''",,party_lists_2016_georgia_unified.xlsx
parl_2016,__main__,pr,progressive_democratic_2016,"პროგრესულ-დემოკრატიული მოძრაობა (თქვენგან, თქვენთვის, თქვენთან ერთად!)",2,,,20,,მალხაზ,ქართველიშვილი,მალხაზ ქართველიშვილი,"ს.მ.პ.გ ,,პროგრესულ -დემოკრატიული მოძრაობა''",,party_lists_2016_georgia_unified.xlsx
parl_2016,__main__,pr,progressive_democratic_2016,"პროგრესულ-დემოკრატიული მოძრაობა (თქვენგან, თქვენთვის, თქვენთან ერთად!)",2,,,21,,სოფიკო,ჩხიკვაძე,სოფიკო ჩხიკვაძე,"ს.მ.პ.გ ,,პროგრესულ -დემოკრატიული მოძრაობა''",,party_lists_2016_georgia_unified.xlsx
parl_2016,__main__,pr,progressive_democratic_2016,"პროგრესულ-დემოკრატიული მოძრაობა (თქვენგან, თქვენთვის, თქვენთან ერთად!)",2,,,22,,მაია,გაბიდაური,მაია გაბიდაური,"ს.მ.პ.გ ,,პროგრესულ -დემოკრატიული მოძრაობა''",,party_lists_2016_georgia_unified.xlsx
parl_2016,__main__,pr,progressive_democratic_2016,"პროგრესულ-დემოკრატიული მოძრაობა (თქვენგან, თქვენთვის, თქვენთან ერთად!)",2,,,23,,შალვა,დოლიძე,შალვა დოლიძე,"ს.მ.პ.გ ,,პროგრესულ -დემოკრატიული მოძრაობა''",,party_lists_2016_georgia_unified.xlsx
parl_2016,__main__,pr,progressive_democratic_2016,"პროგრესულ-დემოკრატიული მოძრაობა (თქვენგან, თქვენთვის, თქვენთან ერთად!)",2,,,24,,დიმიტრი,კალანდაძე,დიმიტრი კალანდაძე,"ს.მ.პ.გ ,,პროგრესულ -დემოკრატიული მოძრაობა''",,party_lists_2016_georgia_unified.xlsx
parl_2016,__main__,pr,progressive_democratic_2016,"პროგრესულ-დემოკრატიული მოძრაობა (თქვენგან, თქვენთვის, თქვენთან ერთად!)",2,,,25,,ხათუნა,იარდალაშვილი,ხათუნა იარდალაშვილი,"ს.მ.პ.გ ,,პროგრესულ -დემოკრატიული მოძრაობა''",,party_lists_2016_georgia_unified.xlsx
parl_2016,__main__,pr,progressive_democratic_2016,"პროგრესულ-დემოკრატიული მოძრაობა (თქვენგან, თქვენთვის, თქვენთან ერთად!)",2,,,26,,თამარი,ჭუჭულაშვილი-თევდ,თამარი ჭუჭულაშვილი-თევდ,"ს.მ.პ.გ ,,პროგრესულ -დემოკრატიული მოძრაობა''",,party_lists_2016_georgia_unified.xlsx
parl_2016,__main__,pr,progressive_democratic_2016,"პროგრესულ-დემოკრატიული მოძრაობა (თქვენგან, თქვენთვის, თქვენთან ერთად!)",2,,,27,,ხათუნა,ვაჭრიძე,ხათუნა ვაჭრიძე,"ს.მ.პ.გ ,,პროგრესულ -დემოკრატიული მოძრაობა''",,party_lists_2016_georgia_unified.xlsx
parl_2016,__main__,pr,progressive_democratic_2016,"პროგრესულ-დემოკრატიული მოძრაობა (თქვენგან, თქვენთვის, თქვენთან ერთად!)",2,,,28,,ზაზა,მჟავია,ზაზა მჟავია,"ს.მ.პ.გ ,,პროგრესულ -დემოკრატიული მოძრაობა''",,party_lists_2016_georgia_unified.xlsx
parl_2016,__main__,pr,progressive_democratic_2016,"პროგრესულ-დემოკრატიული მოძრაობა (თქვენგან, თქვენთვის, თქვენთან ერთად!)",2,,,29,,ქეთევანი,აბრამიშვილი,ქეთევანი აბრამიშვილი,"ს.მ.პ.გ ,,პროგრესულ -დემოკრატიული მოძრაობა''",,party_lists_2016_georgia_unified.xlsx
parl_2016,__main__,pr,progressive_democratic_2016,"პროგრესულ-დემოკრატიული მოძრაობა (თქვენგან, თქვენთვის, თქვენთან ერთად!)",2,,,30,,მაია,ფირცხალავა,მაია ფირცხალავა,"ს.მ.პ.გ ,,პროგრესულ -დემოკრატიული მოძრაობა''",,party_lists_2016_georgia_unified.xlsx
parl_2016,__main__,pr,progressive_democratic_2016,"პროგრესულ-დემოკრატიული მოძრაობა (თქვენგან, თქვენთვის, თქვენთან ერთად!)",2,,,31,,მარიკა,კალანდაძე,მარიკა კალანდაძე,"ს.მ.პ.გ ,,პროგრესულ -დემოკრატიული მოძრაობა''",,party_lists_2016_georgia_unified.xlsx
parl_2016,__main__,pr,progressive_democratic_2016,"პროგრესულ-დემოკრატიული მოძრაობა (თქვენგან, თქვენთვის, თქვენთან ერთად!)",2,,,32,,ნინო,ბექაური,ნინო ბექაური,"ს.მ.პ.გ ,,პროგრესულ -დემოკრატიული მოძრაობა''",,party_lists_2016_georgia_unified.xlsx
parl_2016,__main__,pr,progressive_democratic_2016,"პროგრესულ-დემოკრატიული მოძრაობა (თქვენგან, თქვენთვის, თქვენთან ერთად!)",2,,,33,,მორისონ,ქობულია,მორისონ ქობულია,ხალხთა მეგობრობის პარტია,,party_lists_2016_georgia_unified.xlsx
parl_2016,__main__,pr,progressive_democratic_2016,"პროგრესულ-დემოკრატიული მოძრაობა (თქვენგან, თქვენთვის, თქვენთან ერთად!)",2,,,34,,ლალი,ესებუა,ლალი ესებუა,"ს.მ.პ.გ ,,პროგრესულ -დემოკრატიული მოძრაობა''",,party_lists_2016_georgia_unified.xlsx
parl_2016,__main__,pr,progressive_democratic_2016,"პროგრესულ-დემოკრატიული მოძრაობა (თქვენგან, თქვენთვის, თქვენთან ერთად!)",2,,,35,,დავით,ჯორბენაძე,დავით ჯორბენაძე,"ს.მ.პ.გ ,,პროგრესულ -დემოკრატიული მოძრაობა''",,party_lists_2016_georgia_unified.xlsx
parl_2016,__main__,pr,progressive_democratic_2016,"პროგრესულ-დემოკრატიული მოძრაობა (თქვენგან, თქვენთვის, თქვენთან ერთად!)",2,,,36,,ავთანდილ,გურული,ავთანდილ გურული,"ს.მ.პ.გ ,,პროგრესულ -დემოკრატიული მოძრაობა''",,party_lists_2016_georgia_unified.xlsx
parl_2016,__main__,pr,progressive_democratic_2016,"პროგრესულ-დემოკრატიული მოძრაობა (თქვენგან, თქვენთვის, თქვენთან ერთად!)",2,,,37,,ლევანი,თევდორაშვილი,ლევანი თევდორაშვილი,"ს.მ.პ.გ ,,პროგრესულ -დემოკრატიული მოძრაობა''",,party_lists_2016_georgia_unified.xlsx
parl_2016,__main__,pr,progressive_democratic_2016,"პროგრესულ-დემოკრატიული მოძრაობა (თქვენგან, თქვენთვის, თქვენთან ერთად!)",2,,,38,,ქეთევან,ჭუჭულაშვილი,ქეთევან ჭუჭულაშვილი,"ს.მ.პ.გ ,,პროგრესულ -დემოკრატიული მოძრაობა''",,party_lists_2016_georgia_unified.xlsx
parl_2016,__main__,pr,progressive_democratic_2016,"პროგრესულ-დემოკრატიული მოძრაობა (თქვენგან, თქვენთვის, თქვენთან ერთად!)",2,,,39,,როინ,ნაჭყებია,როინ ნაჭყებია,უპარტიო,,party_lists_2016_georgia_unified.xlsx
parl_2016,__main__,pr,progressive_democratic_2016,"პროგრესულ-დემოკრატიული მოძრაობა (თქვენგან, თქვენთვის, თქვენთან ერთად!)",2,,,40,,ლალი,ღარიბაშვილი,ლალი ღარიბაშვილი,"ს.მ.პ.გ ,,პროგრესულ -დემოკრატიული მოძრაობა''",,party_lists_2016_georgia_unified.xlsx
parl_2016,__main__,pr,progressive_democratic_2016,"პროგრესულ-დემოკრატიული მოძრაობა (თქვენგან, თქვენთვის, თქვენთან ერთად!)",2,,,41,,ლამარა,გიორგაშვილი,ლამარა გიორგაშვილი,უპარტიო,,party_lists_2016_georgia_unified.xlsx
parl_2016,__main__,pr,progressive_democratic_2016,"პროგრესულ-დემოკრატიული მოძრაობა (თქვენგან, თქვენთვის, თქვენთან ერთად!)",2,,,42,,ნათელა,პავლიაშვილი,ნათელა პავლიაშვილი,"ს.მ.პ.გ ,,პროგრესულ -დემოკრატიული მოძრაობა''",,party_lists_2016_georgia_unified.xlsx
parl_2016,__main__,pr,progressive_democratic_2016,"პროგრესულ-დემოკრატიული მოძრაობა (თქვენგან, თქვენთვის, თქვენთან ერთად!)",2,,,43,,ელგუჯა,კეკუტია,ელგუჯა კეკუტია,"ს.მ.პ.გ ,,პროგრესულ -დემოკრატიული მოძრაობა''",,party_lists_2016_georgia_unified.xlsx
parl_2016,__main__,pr,progressive_democratic_2016,"პროგრესულ-დემოკრატიული მოძრაობა (თქვენგან, თქვენთვის, თქვენთან ერთად!)",2,,,44,,ნატო,ბაღათურია,ნატო ბაღათურია,"ს.მ.პ.გ ,,პროგრესულ -დემოკრატიული მოძრაობა''",,party_lists_2016_georgia_unified.xlsx
parl_2016,__main__,pr,progressive_democratic_2016,"პროგრესულ-დემოკრატიული მოძრაობა (თქვენგან, თქვენთვის, თქვენთან ერთად!)",2,,,45,,ლელა,ხომასურიძე,ლელა ხომასურიძე,"ს.მ.პ.გ ,,პროგრესულ -დემოკრატიული მოძრაობა''",,party_lists_2016_georgia_unified.xlsx
parl_2016,__main__,pr,progressive_democratic_2016,"პროგრესულ-დემოკრატიული მოძრაობა (თქვენგან, თქვენთვის, თქვენთან ერთად!)",2,,,46,,თამარ,ვარდანაშვილი,თამარ ვარდანაშვილი,"ს.მ.პ.გ ,,პროგრესულ -დემოკრატიული მოძრაობა''",,party_lists_2016_georgia_unified.xlsx
parl_2016,__main__,pr,progressive_democratic_2016,"პროგრესულ-დემოკრატიული მოძრაობა (თქვენგან, თქვენთვის, თქვენთან ერთად!)",2,,,47,,დილარა,ჯაფარიძე,დილარა ჯაფარიძე,უპარტიო,,party_lists_2016_georgia_unified.xlsx
parl_2016,__main__,pr,progressive_democratic_2016,"პროგრესულ-დემოკრატიული მოძრაობა (თქვენგან, თქვენთვის, თქვენთან ერთად!)",2,,,48,,თამილა,ჟღენტი,თამილა ჟღენტი,"ს.მ.პ.გ ,,პროგრესულ -დემოკრატიული მოძრაობა''",,party_lists_2016_georgia_unified.xlsx
parl_2016,__main__,pr,progressive_democratic_2016,"პროგრესულ-დემოკრატიული მოძრაობა (თქვენგან, თქვენთვის, თქვენთან ერთად!)",2,,,49,,გოდერძი,ლომთათიძე,გოდერძი ლომთათიძე,"ს.მ.პ.გ ,,პროგრესულ -დემოკრატიული მოძრაობა''",,party_lists_2016_georgia_unified.xlsx
parl_2016,__main__,pr,progressive_democratic_2016,"პროგრესულ-დემოკრატიული მოძრაობა (თქვენგან, თქვენთვის, თქვენთან ერთად!)",2,,,50,,ინგა,პაპუაშვილი,ინგა პაპუაშვილი,"ს.მ.პ.გ ,,პროგრესულ -დემოკრატიული მოძრაობა''",,party_lists_2016_georgia_unified.xlsx
parl_2016,__main__,pr,progressive_democratic_2016,"პროგრესულ-დემოკრატიული მოძრაობა (თქვენგან, თქვენთვის, თქვენთან ერთად!)",2,,,51,,ნინა,ხაჩიძე,ნინა ხაჩიძე,"ს.მ.პ.გ ,,პროგრესულ -დემოკრატიული მოძრაობა''",,party_lists_2016_georgia_unified.xlsx
parl_2016,__main__,pr,progressive_democratic_2016,"პროგრესულ-დემოკრატიული მოძრაობა (თქვენგან, თქვენთვის, თქვენთან ერთად!)",2,,,52,,დავით,ჩუბინიძე,დავით ჩუბინიძე,უპარტიო,,party_lists_2016_georgia_unified.xlsx
parl_2016,__main__,pr,progressive_democratic_2016,"პროგრესულ-დემოკრატიული მოძრაობა (თქვენგან, თქვენთვის, თქვენთან ერთად!)",2,,,53,,ალექსი,გაბუნია,ალექსი გაბუნია,"ს.მ.პ.გ ,,პროგრესულ -დემოკრატიული მოძრაობა''",,party_lists_2016_georgia_unified.xlsx
parl_2016,__main__,pr,progressive_democratic_2016,"პროგრესულ-დემოკრატიული მოძრაობა (თქვენგან, თქვენთვის, თქვენთან ერთად!)",2,,,54,,ფიქრია,სტურუა,ფიქრია სტურუა,უპარტიო,,party_lists_2016_georgia_unified.xlsx
parl_2016,__main__,pr,progressive_democratic_2016,"პროგრესულ-დემოკრატიული მოძრაობა (თქვენგან, თქვენთვის, თქვენთან ერთად!)",2,,,55,,დავითი,მოდებაძე,დავითი მოდებაძე,"ს.მ.პ.გ ,,პროგრესულ -დემოკრატიული მოძრაობა''",,party_lists_2016_georgia_unified.xlsx
parl_2016,__main__,pr,progressive_democratic_2016,"პროგრესულ-დემოკრატიული მოძრაობა (თქვენგან, თქვენთვის, თქვენთან ერთად!)",2,,,56,,ეკატერინე,მხითარიანი,ეკატერინე მხითარიანი,"ს.მ.პ.გ ,,პროგრესულ -დემოკრატიული მოძრაობა''",,party_lists_2016_georgia_unified.xlsx
parl_2016,__main__,pr,progressive_democratic_2016,"პროგრესულ-დემოკრატიული მოძრაობა (თქვენგან, თქვენთვის, თქვენთან ერთად!)",2,,,57,,ელენე,ტატიშვილი,ელენე ტატიშვილი,"ს.მ.პ.გ ,,პროგრესულ -დემოკრატიული მოძრაობა''",,party_lists_2016_georgia_unified.xlsx
parl_2016,__main__,pr,progressive_democratic_2016,"პროგრესულ-დემოკრატიული მოძრაობა (თქვენგან, თქვენთვის, თქვენთან ერთად!)",2,,,58,,კონსტანტინებერიაშვილი,ს.მ.პ.გ,კონსტანტინებერიაშვილი ს.მ.პ.გ,",,პროგრესულ -დემოკრატიული მოძრაობა''",,party_lists_2016_georgia_unified.xlsx
parl_2016,__main__,pr,progressive_democratic_2016,"პროგრესულ-დემოკრატიული მოძრაობა (თქვენგან, თქვენთვის, თქვენთან ერთად!)",2,,,59,,გიორგი,ნადირაშვილი,გიორგი ნადირაშვილი,"ს.მ.პ.გ ,,პროგრესულ -დემოკრატიული მოძრაობა''",,party_lists_2016_georgia_unified.xlsx
parl_2016,__main__,pr,progressive_democratic_2016,"პროგრესულ-დემოკრატიული მოძრაობა (თქვენგან, თქვენთვის, თქვენთან ერთად!)",2,,,60,,ნაზო,იარდალაშვილი,ნაზო იარდალაშვილი,"ს.მ.პ.გ ,,პროგრესულ -დემოკრატიული მოძრაობა''",,party_lists_2016_georgia_unified.xlsx
parl_2016,__main__,pr,progressive_democratic_2016,"პროგრესულ-დემოკრატიული მოძრაობა (თქვენგან, თქვენთვის, თქვენთან ერთად!)",2,,,61,,ნინო,ლოხიშვილი,ნინო ლოხიშვილი,"ს.მ.პ.გ ,,პროგრესულ -დემოკრატიული მოძრაობა''",,party_lists_2016_georgia_unified.xlsx
parl_2016,__main__,pr,progressive_democratic_2016,"პროგრესულ-დემოკრატიული მოძრაობა (თქვენგან, თქვენთვის, თქვენთან ერთად!)",2,,,62,,მაია,კვარაცხელია,მაია კვარაცხელია,"ს.მ.პ.გ ,,პროგრესულ -დემოკრატიული მოძრაობა''",,party_lists_2016_georgia_unified.xlsx
parl_2016,__main__,pr,progressive_democratic_2016,"პროგრესულ-დემოკრატიული მოძრაობა (თქვენგან, თქვენთვის, თქვენთან ერთად!)",2,,,63,,ვაჟა,დავითაია,ვაჟა დავითაია,"ს.მ.პ.გ ,,პროგრესულ -დემოკრატიული მოძრაობა''",,party_lists_2016_georgia_unified.xlsx
parl_2016,__main__,pr,progressive_democratic_2016,"პროგრესულ-დემოკრატიული მოძრაობა (თქვენგან, თქვენთვის, თქვენთან ერთად!)",2,,,64,,ანა,ღარიბაშვილი,ანა ღარიბაშვილი,"ს.მ.პ.გ ,,პროგრესულ -დემოკრატიული მოძრაობა''",,party_lists_2016_georgia_unified.xlsx
parl_2016,__main__,pr,progressive_democratic_2016,"პროგრესულ-დემოკრატიული მოძრაობა (თქვენგან, თქვენთვის, თქვენთან ერთად!)",2,,,65,,ვახტანგი,ებრალიძე,ვახტანგი ებრალიძე,"ს.მ.პ.გ ,,პროგრესულ -დემოკრატიული მოძრაობა''",,party_lists_2016_georgia_unified.xlsx
parl_2016,__main__,pr,progressive_democratic_2016,"პროგრესულ-დემოკრატიული მოძრაობა (თქვენგან, თქვენთვის, თქვენთან ერთად!)",2,,,66,,ნანული,ლომთათიძე,ნანული ლომთათიძე,"ს.მ.პ.გ ,,პროგრესულ -დემოკრატიული მოძრაობა''",,party_lists_2016_georgia_unified.xlsx
parl_2016,__main__,pr,progressive_democratic_2016,"პროგრესულ-დემოკრატიული მოძრაობა (თქვენგან, თქვენთვის, თქვენთან ერთად!)",2,,,67,,ვალერიან,მჭედლიძე,ვალერიან მჭედლიძე,"ს.მ.პ.გ ,,პროგრესულ -დემოკრატიული მოძრაობა''",,party_lists_2016_georgia_unified.xlsx
parl_2016,__main__,pr,progressive_democratic_2016,"პროგრესულ-დემოკრატიული მოძრაობა (თქვენგან, თქვენთვის, თქვენთან ერთად!)",2,,,68,,მამია,წაქაძე,მამია წაქაძე,"ს.მ.პ.გ ,,პროგრესულ -დემოკრატიული მოძრაობა''",,party_lists_2016_georgia_unified.xlsx
parl_2016,__main__,pr,progressive_democratic_2016,"პროგრესულ-დემოკრატიული მოძრაობა (თქვენგან, თქვენთვის, თქვენთან ერთად!)",2,,,69,,ბადრი,ფირცხალავა,ბადრი ფირცხალავა,"ს.მ.პ.გ ,,პროგრესულ -დემოკრატიული მოძრაობა''",,party_lists_2016_georgia_unified.xlsx
parl_2016,__main__,pr,progressive_democratic_2016,"პროგრესულ-დემოკრატიული მოძრაობა (თქვენგან, თქვენთვის, თქვენთან ერთად!)",2,,,70,,ხათუნა,მამაცაშვილი,ხათუნა მამაცაშვილი,"ს.მ.პ.გ ,,პროგრესულ -დემოკრატიული მოძრაობა''",,party_lists_2016_georgia_unified.xlsx
parl_2016,__main__,pr,progressive_democratic_2016,"პროგრესულ-დემოკრატიული მოძრაობა (თქვენგან, თქვენთვის, თქვენთან ერთად!)",2,,,71,,რუსუდან,შანავა,რუსუდან შანავა,"ს.მ.პ.გ ,,პროგრესულ -დემოკრატიული მოძრაობა''",,party_lists_2016_georgia_unified.xlsx
parl_2016,__main__,pr,progressive_democratic_2016,"პროგრესულ-დემოკრატიული მოძრაობა (თქვენგან, თქვენთვის, თქვენთან ერთად!)",2,,,72,,შალვა,ზირაქაძე,შალვა ზირაქაძე,"ს.მ.პ.გ ,,პროგრესულ -დემოკრატიული მოძრაობა''",,party_lists_2016_georgia_unified.xlsx
parl_2016,__main__,pr,progressive_democratic_2016,"პროგრესულ-დემოკრატიული მოძრაობა (თქვენგან, თქვენთვის, თქვენთან ერთად!)",2,,,73,,ნანი,მაჭავარიანი,ნანი მაჭავარიანი,"ს.მ.პ.გ ,,პროგრესულ -დემოკრატიული მოძრაობა''",,party_lists_2016_georgia_unified.xlsx
parl_2016,__main__,pr,progressive_democratic_2016,"პროგრესულ-დემოკრატიული მოძრაობა (თქვენგან, თქვენთვის, თქვენთან ერთად!)",2,,,74,,ნანა,ინანაშვილი,ნანა ინანაშვილი,"ს.მ.პ.გ ,,პროგრესულ -დემოკრატიული მოძრაობა''",,party_lists_2016_georgia_unified.xlsx
parl_2016,__main__,pr,progressive_democratic_2016,"პროგრესულ-დემოკრატიული მოძრაობა (თქვენგან, თქვენთვის, თქვენთან ერთად!)",2,,,75,,გულნარა,ხრიკაძე,გულნარა ხრიკაძე,"ს.მ.პ.გ ,,პროგრესულ -დემოკრატიული მოძრაობა''",,party_lists_2016_georgia_unified.xlsx
parl_2016,__main__,pr,progressive_democratic_2016,"პროგრესულ-დემოკრატიული მოძრაობა (თქვენგან, თქვენთვის, თქვენთან ერთად!)",2,,,76,,ნინო,აბაშიძე,ნინო აბაშიძე,"ს.მ.პ.გ ,,პროგრესულ -დემოკრატიული მოძრაობა''",,party_lists_2016_georgia_unified.xlsx
parl_2016,__main__,pr,progressive_democratic_2016,"პროგრესულ-დემოკრატიული მოძრაობა (თქვენგან, თქვენთვის, თქვენთან ერთად!)",2,,,77,,მარინე,მჟავია,მარინე მჟავია,"ს.მ.პ.გ ,,პროგრესულ -დემოკრატიული მოძრაობა''",,party_lists_2016_georgia_unified.xlsx
parl_2016,__main__,pr,progressive_democratic_2016,"პროგრესულ-დემოკრატიული მოძრაობა (თქვენგან, თქვენთვის, თქვენთან ერთად!)",2,,,78,,ავთანდილ,გელხვიიძე,ავთანდილ გელხვიიძე,"ს.მ.პ.გ ,,პროგრესულ -დემოკრატიული მოძრაობა''",,party_lists_2016_georgia_unified.xlsx
parl_2016,__main__,pr,progressive_democratic_2016,"პროგრესულ-დემოკრატიული მოძრაობა (თქვენგან, თქვენთვის, თქვენთან ერთად!)",2,,,79,,ავთანდილ,მოთიაშვილი,ავთანდილ მოთიაშვილი,"ს.მ.პ.გ ,,პროგრესულ -დემოკრატიული მოძრაობა''",,party_lists_2016_georgia_unified.xlsx
parl_2016,__main__,pr,progressive_democratic_2016,"პროგრესულ-დემოკრატიული მოძრაობა (თქვენგან, თქვენთვის, თქვენთან ერთად!)",2,,,80,,ნატო,ქაჯაია,ნატო ქაჯაია,"ს.მ.პ.გ ,,პროგრესულ -დემოკრატიული მოძრაობა''",,party_lists_2016_georgia_unified.xlsx
parl_2016,__main__,pr,progressive_democratic_2016,"პროგრესულ-დემოკრატიული მოძრაობა (თქვენგან, თქვენთვის, თქვენთან ერთად!)",2,,,81,,რუსუდან,უგრეხელიძე,რუსუდან უგრეხელიძე,"ს.მ.პ.გ ,,პროგრესულ -დემოკრატიული მოძრაობა''",,party_lists_2016_georgia_unified.xlsx
parl_2016,__main__,pr,progressive_democratic_2016,"პროგრესულ-დემოკრატიული მოძრაობა (თქვენგან, თქვენთვის, თქვენთან ერთად!)",2,,,82,,გენადი,რემიზოვი,გენადი რემიზოვი,"ს.მ.პ.გ ,,პროგრესულ -დემოკრატიული მოძრაობა''",,party_lists_2016_georgia_unified.xlsx
parl_2016,__main__,pr,progressive_democratic_2016,"პროგრესულ-დემოკრატიული მოძრაობა (თქვენგან, თქვენთვის, თქვენთან ერთად!)",2,,,83,,მარინე,ირემაძე,მარინე ირემაძე,უპარტიო,,party_lists_2016_georgia_unified.xlsx
parl_2016,__main__,pr,progressive_democratic_2016,"პროგრესულ-დემოკრატიული მოძრაობა (თქვენგან, თქვენთვის, თქვენთან ერთად!)",2,,,84,,მუხამედ,ვანაძე,მუხამედ ვანაძე,უპარტიო,,party_lists_2016_georgia_unified.xlsx
parl_2016,__main__,pr,progressive_democratic_2016,"პროგრესულ-დემოკრატიული მოძრაობა (თქვენგან, თქვენთვის, თქვენთან ერთად!)",2,,,85,,დავით,ფალავანდიშვილი,დავით ფალავანდიშვილი,უპარტიო,,party_lists_2016_georgia_unified.xlsx
parl_2016,__main__,pr,progressive_democratic_2016,"პროგრესულ-დემოკრატიული მოძრაობა (თქვენგან, თქვენთვის, თქვენთან ერთად!)",2,,,86,,ბესარიონი,ჭაბუკაშვილი,ბესარიონი ჭაბუკაშვილი,უპარტიო,,party_lists_2016_georgia_unified.xlsx
parl_2016,__main__,pr,progressive_democratic_2016,"პროგრესულ-დემოკრატიული მოძრაობა (თქვენგან, თქვენთვის, თქვენთან ერთად!)",2,,,87,,რუსუდან,მგელაძე,რუსუდან მგელაძე,უპარტიო,,party_lists_2016_georgia_unified.xlsx
parl_2016,__main__,pr,progressive_democratic_2016,"პროგრესულ-დემოკრატიული მოძრაობა (თქვენგან, თქვენთვის, თქვენთან ერთად!)",2,,,88,,ჯემალ,ბასილაძე,ჯემალ ბასილაძე,უპარტიო,,party_lists_2016_georgia_unified.xlsx
parl_2016,__main__,pr,progressive_democratic_2016,"პროგრესულ-დემოკრატიული მოძრაობა (თქვენგან, თქვენთვის, თქვენთან ერთად!)",2,,,89,,თენგიზ,თავდგირიძე,თენგიზ თავდგირიძე,უპარტიო,,party_lists_2016_georgia_unified.xlsx
parl_2016,__main__,pr,progressive_democratic_2016,"პროგრესულ-დემოკრატიული მოძრაობა (თქვენგან, თქვენთვის, თქვენთან ერთად!)",2,,,90,,რუსლან,სალაძე,რუსლან სალაძე,უპარტიო,,party_lists_2016_georgia_unified.xlsx
parl_2016,__main__,pr,progressive_democratic_2016,"პროგრესულ-დემოკრატიული მოძრაობა (თქვენგან, თქვენთვის, თქვენთან ერთად!)",2,,,91,,სულხან,თავდგირიძე,სულხან თავდგირიძე,უპარტიო,,party_lists_2016_georgia_unified.xlsx
parl_2016,__main__,pr,progressive_democratic_2016,"პროგრესულ-დემოკრატიული მოძრაობა (თქვენგან, თქვენთვის, თქვენთან ერთად!)",2,,,92,,ციური,ცინცაძე,ციური ცინცაძე,უპარტიო,,party_lists_2016_georgia_unified.xlsx
parl_2016,__main__,pr,progressive_democratic_2016,"პროგრესულ-დემოკრატიული მოძრაობა (თქვენგან, თქვენთვის, თქვენთან ერთად!)",2,,,93,,ქემალ,ცინცაძე,ქემალ ცინცაძე,უპარტიო,,party_lists_2016_georgia_unified.xlsx
parl_2016,__main__,pr,progressive_democratic_2016,"პროგრესულ-დემოკრატიული მოძრაობა (თქვენგან, თქვენთვის, თქვენთან ერთად!)",2,,,94,,შალვა,ბერიძე,შალვა ბერიძე,უპარტიო,,party_lists_2016_georgia_unified.xlsx
parl_2016,__main__,pr,progressive_democratic_2016,"პროგრესულ-დემოკრატიული მოძრაობა (თქვენგან, თქვენთვის, თქვენთან ერთად!)",2,,,95,,რევაზ,თურმანიძე,რევაზ თურმანიძე,უპარტიო,,party_lists_2016_georgia_unified.xlsx
parl_2016,__main__,pr,progressive_democratic_2016,"პროგრესულ-დემოკრატიული მოძრაობა (თქვენგან, თქვენთვის, თქვენთან ერთად!)",2,,,96,,ნათია,ჯავახიშვილი,ნათია ჯავახიშვილი,უპარტიო,,party_lists_2016_georgia_unified.xlsx
parl_2016,__main__,pr,progressive_democratic_2016,"პროგრესულ-დემოკრატიული მოძრაობა (თქვენგან, თქვენთვის, თქვენთან ერთად!)",2,,,97,,მერი,თურმანიძე,მერი თურმანიძე,უპარტიო,,party_lists_2016_georgia_unified.xlsx
parl_2016,__main__,pr,progressive_democratic_2016,"პროგრესულ-დემოკრატიული მოძრაობა (თქვენგან, თქვენთვის, თქვენთან ერთად!)",2,,,98,,გიული,ბერიძე,გიული ბერიძე,უპარტიო,,party_lists_2016_georgia_unified.xlsx
parl_2016,__main__,pr,progressive_democratic_2016,"პროგრესულ-დემოკრატიული მოძრაობა (თქვენგან, თქვენთვის, თქვენთან ერთად!)",2,,,99,,თემურ,ვერძაძე,თემურ ვერძაძე,უპარტიო,,party_lists_2016_georgia_unified.xlsx
parl_2016,__main__,pr,progressive_democratic_2016,"პროგრესულ-დემოკრატიული მოძრაობა (თქვენგან, თქვენთვის, თქვენთან ერთად!)",2,,,100,,ვლადიმერ,ჩუბინიძე,ვლადიმერ ჩუბინიძე,უპარტიო,,party_lists_2016_georgia_unified.xlsx
parl_2016,__main__,pr,burjanadze_democratic,საარჩევნო ბლოკი ნინო ბურჯანაძე - დემოკრატიული მოძრაობა,3,,,1,,ნინო,ბურჯანაძე,ნინო ბურჯანაძე,"""გაერთიანებული დემოკრატიული მოძრაობა""",,party_lists_2016_georgia_unified.xlsx
parl_2016,__main__,pr,burjanadze_democratic,საარჩევნო ბლოკი ნინო ბურჯანაძე - დემოკრატიული მოძრაობა,3,,,2,,დიმიტრი,ლორთქიფანიძე,დიმიტრი ლორთქიფანიძე,"""გაერთიანებული დემოკრატიული მოძრაობა""",,party_lists_2016_georgia_unified.xlsx
parl_2016,__main__,pr,burjanadze_democratic,საარჩევნო ბლოკი ნინო ბურჯანაძე - დემოკრატიული მოძრაობა,3,,,3,,გრიგოლ,ბარამიძე,გრიგოლ ბარამიძე,"""გაერთიანებული დემოკრატიული მოძრაობა""",,party_lists_2016_georgia_unified.xlsx
parl_2016,__main__,pr,burjanadze_democratic,საარჩევნო ბლოკი ნინო ბურჯანაძე - დემოკრატიული მოძრაობა,3,,,4,,ანზორ,ბიწაძე,ანზორ ბიწაძე,უპარტიო,,party_lists_2016_georgia_unified.xlsx
parl_2016,__main__,pr,burjanadze_democratic,საარჩევნო ბლოკი ნინო ბურჯანაძე - დემოკრატიული მოძრაობა,3,,,5,,გიორგი,ახვლედიანი,გიორგი ახვლედიანი,"""გაერთიანებული დემოკრატიული მოძრაობა""",,party_lists_2016_georgia_unified.xlsx
parl_2016,__main__,pr,burjanadze_democratic,საარჩევნო ბლოკი ნინო ბურჯანაძე - დემოკრატიული მოძრაობა,3,,,6,,ნანა,დევდარიანი,ნანა დევდარიანი,უპარტიო,,party_lists_2016_georgia_unified.xlsx
parl_2016,__main__,pr,burjanadze_democratic,საარჩევნო ბლოკი ნინო ბურჯანაძე - დემოკრატიული მოძრაობა,3,,,7,,ოთარ,თავართქილაძე,ოთარ თავართქილაძე,"""გაერთიანებული დემოკრატიული მოძრაობა""",,party_lists_2016_georgia_unified.xlsx
parl_2016,__main__,pr,burjanadze_democratic,საარჩევნო ბლოკი ნინო ბურჯანაძე - დემოკრატიული მოძრაობა,3,,,8,,ბესიკი,დანელია,ბესიკი დანელია,"""გაერთიანებული დემოკრატიული მოძრაობა""",,party_lists_2016_georgia_unified.xlsx
parl_2016,__main__,pr,burjanadze_democratic,საარჩევნო ბლოკი ნინო ბურჯანაძე - დემოკრატიული მოძრაობა,3,,,9,,მანანა,სალუქვაძე,მანანა სალუქვაძე,"""დემოკრატიული მოძრაობა - ერთიანი საქართველო""",,party_lists_2016_georgia_unified.xlsx
parl_2016,__main__,pr,burjanadze_democratic,საარჩევნო ბლოკი ნინო ბურჯანაძე - დემოკრატიული მოძრაობა,3,,,10,,ისაკო,ცქიფურიშვილი,ისაკო ცქიფურიშვილი,უპარტიო,,party_lists_2016_georgia_unified.xlsx
parl_2016,__main__,pr,burjanadze_democratic,საარჩევნო ბლოკი ნინო ბურჯანაძე - დემოკრატიული მოძრაობა,3,,,11,,დავით,ბენიძე,დავით ბენიძე,"""გაერთიანებული დემოკრატიული მოძრაობა""",,party_lists_2016_georgia_unified.xlsx
parl_2016,__main__,pr,burjanadze_democratic,საარჩევნო ბლოკი ნინო ბურჯანაძე - დემოკრატიული მოძრაობა,3,,,12,,ბაკურ,ბაკურაძე,ბაკურ ბაკურაძე,"""დემოკრატიული მოძრაობა - ერთიანი საქართველო""",,party_lists_2016_georgia_unified.xlsx
parl_2016,__main__,pr,burjanadze_democratic,საარჩევნო ბლოკი ნინო ბურჯანაძე - დემოკრატიული მოძრაობა,3,,,13,,ქეთევანი,ზაქარეიშვილი,ქეთევანი ზაქარეიშვილი,"""დემოკრატიული მოძრაობა - ერთიანი საქართველო""",,party_lists_2016_georgia_unified.xlsx
parl_2016,__main__,pr,burjanadze_democratic,საარჩევნო ბლოკი ნინო ბურჯანაძე - დემოკრატიული მოძრაობა,3,,,14,,თამარ,ზურაშვილი,თამარ ზურაშვილი,"""დემოკრატიული მოძრაობა - ერთიანი საქართველო""",,party_lists_2016_georgia_unified.xlsx
parl_2016,__main__,pr,burjanadze_democratic,საარჩევნო ბლოკი ნინო ბურჯანაძე - დემოკრატიული მოძრაობა,3,,,15,,მამუკა,აჩბა,მამუკა აჩბა,"""დემოკრატიული მოძრაობა - ერთიანი საქართველო""",,party_lists_2016_georgia_unified.xlsx
parl_2016,__main__,pr,burjanadze_democratic,საარჩევნო ბლოკი ნინო ბურჯანაძე - დემოკრატიული მოძრაობა,3,,,16,,აკაკი,კიკვაძე,აკაკი კიკვაძე,"""დემოკრატიული მოძრაობა - ერთიანი საქართველო""",,party_lists_2016_georgia_unified.xlsx
parl_2016,__main__,pr,burjanadze_democratic,საარჩევნო ბლოკი ნინო ბურჯანაძე - დემოკრატიული მოძრაობა,3,,,17,,ქეთევან,ჩქარეული,ქეთევან ჩქარეული,"""დემოკრატიული მოძრაობა - ერთიანი საქართველო""",,party_lists_2016_georgia_unified.xlsx
parl_2016,__main__,pr,burjanadze_democratic,საარჩევნო ბლოკი ნინო ბურჯანაძე - დემოკრატიული მოძრაობა,3,,,18,,დავით,ასპანიძე,დავით ასპანიძე,"""დემოკრატიული მოძრაობა - ერთიანი საქართველო""",,party_lists_2016_georgia_unified.xlsx
parl_2016,__main__,pr,burjanadze_democratic,საარჩევნო ბლოკი ნინო ბურჯანაძე - დემოკრატიული მოძრაობა,3,,,19,,ვასილი,კადენეცი,ვასილი კადენეცი,"""დემოკრატიული მოძრაობა - ერთიანი საქართველო""",,party_lists_2016_georgia_unified.xlsx
parl_2016,__main__,pr,burjanadze_democratic,საარჩევნო ბლოკი ნინო ბურჯანაძე - დემოკრატიული მოძრაობა,3,,,20,,თენგიზ,ჭიქაბერიძე,თენგიზ ჭიქაბერიძე,"""დემოკრატიული მოძრაობა - ერთიანი საქართველო""",,party_lists_2016_georgia_unified.xlsx
parl_2016,__main__,pr,burjanadze_democratic,საარჩევნო ბლოკი ნინო ბურჯანაძე - დემოკრატიული მოძრაობა,3,,,21,,მაია,კიკნაძე,მაია კიკნაძე,"""დემოკრატიული მოძრაობა - ერთიანი საქართველო""",,party_lists_2016_georgia_unified.xlsx
parl_2016,__main__,pr,burjanadze_democratic,საარჩევნო ბლოკი ნინო ბურჯანაძე - დემოკრატიული მოძრაობა,3,,,22,,იგორ,პატარიძე,იგორ პატარიძე,"""დემოკრატიული მოძრაობა - ერთიანი საქართველო""",,party_lists_2016_georgia_unified.xlsx
parl_2016,__main__,pr,burjanadze_democratic,საარჩევნო ბლოკი ნინო ბურჯანაძე - დემოკრატიული მოძრაობა,3,,,23,,ივანე,მაჭარაშვილი,ივანე მაჭარაშვილი,"""დემოკრატიული მოძრაობა - ერთიანი საქართველო""",,party_lists_2016_georgia_unified.xlsx
parl_2016,__main__,pr,burjanadze_democratic,საარჩევნო ბლოკი ნინო ბურჯანაძე - დემოკრატიული მოძრაობა,3,,,24,,მაია,პაჭკორია,მაია პაჭკორია,უპარტიო,,party_lists_2016_georgia_unified.xlsx
parl_2016,__main__,pr,burjanadze_democratic,საარჩევნო ბლოკი ნინო ბურჯანაძე - დემოკრატიული მოძრაობა,3,,,25,,ალექსანდრე,მიქაბერიძე,ალექსანდრე მიქაბერიძე,უპარტიო,,party_lists_2016_georgia_unified.xlsx
parl_2016,__main__,pr,burjanadze_democratic,საარჩევნო ბლოკი ნინო ბურჯანაძე - დემოკრატიული მოძრაობა,3,,,26,,ავთანდილ,ჩხაიძე,ავთანდილ ჩხაიძე,"""დემოკრატიული მოძრაობა - ერთიანი საქართველო""",,party_lists_2016_georgia_unified.xlsx
parl_2016,__main__,pr,burjanadze_democratic,საარჩევნო ბლოკი ნინო ბურჯანაძე - დემოკრატიული მოძრაობა,3,,,27,,გიორგი,ბერიძე,გიორგი ბერიძე,"""გაერთიანებული დემოკრატიული მოძრაობა""",,party_lists_2016_georgia_unified.xlsx
parl_2016,__main__,pr,burjanadze_democratic,საარჩევნო ბლოკი ნინო ბურჯანაძე - დემოკრატიული მოძრაობა,3,,,28,,ლალი,კაპანაძე,ლალი კაპანაძე,უპარტიო,,party_lists_2016_georgia_unified.xlsx
parl_2016,__main__,pr,burjanadze_democratic,საარჩევნო ბლოკი ნინო ბურჯანაძე - დემოკრატიული მოძრაობა,3,,,29,,ნინო,ჭეიშვილი,ნინო ჭეიშვილი,"""გაერთიანებული დემოკრატიული მოძრაობა""",,party_lists_2016_georgia_unified.xlsx
parl_2016,__main__,pr,burjanadze_democratic,საარჩევნო ბლოკი ნინო ბურჯანაძე - დემოკრატიული მოძრაობა,3,,,30,,გიორგი,ქველაძე,გიორგი ქველაძე,უპარტიო,,party_lists_2016_georgia_unified.xlsx
parl_2016,__main__,pr,burjanadze_democratic,საარჩევნო ბლოკი ნინო ბურჯანაძე - დემოკრატიული მოძრაობა,3,,,31,,გურანდა,გაჩეჩილაძე,გურანდა გაჩეჩილაძე,"""გაერთიანებული დემოკრატიული მოძრაობა""",,party_lists_2016_georgia_unified.xlsx
parl_2016,__main__,pr,burjanadze_democratic,საარჩევნო ბლოკი ნინო ბურჯანაძე - დემოკრატიული მოძრაობა,3,,,32,,დავით,წერეთელი,დავით წერეთელი,"""დემოკრატიული მოძრაობა - ერთიანი საქართველო""",,party_lists_2016_georgia_unified.xlsx
parl_2016,__main__,pr,burjanadze_democratic,საარჩევნო ბლოკი ნინო ბურჯანაძე - დემოკრატიული მოძრაობა,3,,,33,,მიხეილ,კაჭკაჭიშვილი,მიხეილ კაჭკაჭიშვილი,"""დემოკრატიული მოძრაობა - ერთიანი საქართველო""",,party_lists_2016_georgia_unified.xlsx
parl_2016,__main__,pr,burjanadze_democratic,საარჩევნო ბლოკი ნინო ბურჯანაძე - დემოკრატიული მოძრაობა,3,,,34,,მიხეილ,ხომერიკი,მიხეილ ხომერიკი,"""დემოკრატიული მოძრაობა - ერთიანი საქართველო""",,party_lists_2016_georgia_unified.xlsx
parl_2016,__main__,pr,burjanadze_democratic,საარჩევნო ბლოკი ნინო ბურჯანაძე - დემოკრატიული მოძრაობა,3,,,35,,სოფიო,ლარცულიანი,სოფიო ლარცულიანი,"""დემოკრატიული მოძრაობა - ერთიანი საქართველო""",,party_lists_2016_georgia_unified.xlsx
parl_2016,__main__,pr,burjanadze_democratic,საარჩევნო ბლოკი ნინო ბურჯანაძე - დემოკრატიული მოძრაობა,3,,,36,,ნუნუ,ნათობიძე,ნუნუ ნათობიძე,"""დემოკრატიული მოძრაობა - ერთიანი საქართველო""",,party_lists_2016_georgia_unified.xlsx
parl_2016,__main__,pr,burjanadze_democratic,საარჩევნო ბლოკი ნინო ბურჯანაძე - დემოკრატიული მოძრაობა,3,,,37,,ხათუნა,ფხაკაძე,ხათუნა ფხაკაძე,"""დემოკრატიული მოძრაობა - ერთიანი საქართველო""",,party_lists_2016_georgia_unified.xlsx
parl_2016,__main__,pr,burjanadze_democratic,საარჩევნო ბლოკი ნინო ბურჯანაძე - დემოკრატიული მოძრაობა,3,,,38,,ალექსანდრე,რიჟამაძე,ალექსანდრე რიჟამაძე,"""დემოკრატიული მოძრაობა - ერთიანი საქართველო""",,party_lists_2016_georgia_unified.xlsx
parl_2016,__main__,pr,burjanadze_democratic,საარჩევნო ბლოკი ნინო ბურჯანაძე - დემოკრატიული მოძრაობა,3,,,39,,გურამ,ფალავანდიშვილი,გურამ ფალავანდიშვილი,უპარტიო,,party_lists_2016_georgia_unified.xlsx
parl_2016,__main__,pr,burjanadze_democratic,საარჩევნო ბლოკი ნინო ბურჯანაძე - დემოკრატიული მოძრაობა,3,,,40,,ბექა,პეტრიაშვილი,ბექა პეტრიაშვილი,"""დემოკრატიული მოძრაობა - ერთიანი საქართველო""",,party_lists_2016_georgia_unified.xlsx
parl_2016,__main__,pr,burjanadze_democratic,საარჩევნო ბლოკი ნინო ბურჯანაძე - დემოკრატიული მოძრაობა,3,,,41,,მარინა,ვაშაძე,მარინა ვაშაძე,უპარტიო,,party_lists_2016_georgia_unified.xlsx
parl_2016,__main__,pr,burjanadze_democratic,საარჩევნო ბლოკი ნინო ბურჯანაძე - დემოკრატიული მოძრაობა,3,,,42,,თენგიზ,მუჯარიძე,თენგიზ მუჯარიძე,უპარტიო,,party_lists_2016_georgia_unified.xlsx
parl_2016,__main__,pr,burjanadze_democratic,საარჩევნო ბლოკი ნინო ბურჯანაძე - დემოკრატიული მოძრაობა,3,,,43,,მაია,ცინცაძე,მაია ცინცაძე,"""დემოკრატიული მოძრაობა - ერთიანი საქართველო""",,party_lists_2016_georgia_unified.xlsx
parl_2016,__main__,pr,burjanadze_democratic,საარჩევნო ბლოკი ნინო ბურჯანაძე - დემოკრატიული მოძრაობა,3,,,44,,ალექსანდრე,ჩაფიძე,ალექსანდრე ჩაფიძე,"""დემოკრატიული მოძრაობა - ერთიანი საქართველო""",,party_lists_2016_georgia_unified.xlsx
parl_2016,__main__,pr,burjanadze_democratic,საარჩევნო ბლოკი ნინო ბურჯანაძე - დემოკრატიული მოძრაობა,3,,,45,,გია,ხელაშვილი,გია ხელაშვილი,უპარტიო,,party_lists_2016_georgia_unified.xlsx
parl_2016,__main__,pr,burjanadze_democratic,საარჩევნო ბლოკი ნინო ბურჯანაძე - დემოკრატიული მოძრაობა,3,,,46,,მამუკა,ყაჯრიშვილი,მამუკა ყაჯრიშვილი,"""დემოკრატიული მოძრაობა - ერთიანი საქართველო""",,party_lists_2016_georgia_unified.xlsx
parl_2016,__main__,pr,burjanadze_democratic,საარჩევნო ბლოკი ნინო ბურჯანაძე - დემოკრატიული მოძრაობა,3,,,47,,ლია,ცხვარიაშვილი,ლია ცხვარიაშვილი,"""გაერთიანებული დემოკრატიული მოძრაობა""",,party_lists_2016_georgia_unified.xlsx
parl_2016,__main__,pr,burjanadze_democratic,საარჩევნო ბლოკი ნინო ბურჯანაძე - დემოკრატიული მოძრაობა,3,,,48,,თამაზ,თეთრაძე,თამაზ თეთრაძე,"""დემოკრატიული მოძრაობა - ერთიანი საქართველო""",,party_lists_2016_georgia_unified.xlsx
parl_2016,__main__,pr,burjanadze_democratic,საარჩევნო ბლოკი ნინო ბურჯანაძე - დემოკრატიული მოძრაობა,3,,,49,,ირაკლი,უჯირაული,ირაკლი უჯირაული,"""დემოკრატიული მოძრაობა - ერთიანი საქართველო""",,party_lists_2016_georgia_unified.xlsx
parl_2016,__main__,pr,burjanadze_democratic,საარჩევნო ბლოკი ნინო ბურჯანაძე - დემოკრატიული მოძრაობა,3,,,50,,ხათუნა,სიხარულიძე,ხათუნა სიხარულიძე,"""გაერთიანებული დემოკრატიული მოძრაობა""",,party_lists_2016_georgia_unified.xlsx
parl_2016,__main__,pr,burjanadze_democratic,საარჩევნო ბლოკი ნინო ბურჯანაძე - დემოკრატიული მოძრაობა,3,,,51,,მაია,ხრიკაძე,მაია ხრიკაძე,უპარტიო,,party_lists_2016_georgia_unified.xlsx
parl_2016,__main__,pr,burjanadze_democratic,საარჩევნო ბლოკი ნინო ბურჯანაძე - დემოკრატიული მოძრაობა,3,,,52,,ანა,პაპავა,ანა პაპავა,"""დემოკრატიული მოძრაობა - ერთიანი საქართველო""",,party_lists_2016_georgia_unified.xlsx
parl_2016,__main__,pr,burjanadze_democratic,საარჩევნო ბლოკი ნინო ბურჯანაძე - დემოკრატიული მოძრაობა,3,,,53,,ჯაბა,დუგლაძე,ჯაბა დუგლაძე,"""დემოკრატიული მოძრაობა - ერთიანი საქართველო""",,party_lists_2016_georgia_unified.xlsx
parl_2016,__main__,pr,burjanadze_democratic,საარჩევნო ბლოკი ნინო ბურჯანაძე - დემოკრატიული მოძრაობა,3,,,54,,ალახვერდი,ბახტიაროვი,ალახვერდი ბახტიაროვი,"""დემოკრატიული მოძრაობა - ერთიანი საქართველო""",,party_lists_2016_georgia_unified.xlsx
parl_2016,__main__,pr,burjanadze_democratic,საარჩევნო ბლოკი ნინო ბურჯანაძე - დემოკრატიული მოძრაობა,3,,,55,,ჯუმბერ,ანანიძე,ჯუმბერ ანანიძე,"""დემოკრატიული მოძრაობა - ერთიანი საქართველო""",,party_lists_2016_georgia_unified.xlsx
parl_2016,__main__,pr,burjanadze_democratic,საარჩევნო ბლოკი ნინო ბურჯანაძე - დემოკრატიული მოძრაობა,3,,,56,,ვეფხია,გურგენიშვილი,ვეფხია გურგენიშვილი,"""დემოკრატიული მოძრაობა - ერთიანი საქართველო""",,party_lists_2016_georgia_unified.xlsx
parl_2016,__main__,pr,burjanadze_democratic,საარჩევნო ბლოკი ნინო ბურჯანაძე - დემოკრატიული მოძრაობა,3,,,57,,ხათუნა,ცხვიტარია,ხათუნა ცხვიტარია,"""დემოკრატიული მოძრაობა - ერთიანი საქართველო""",,party_lists_2016_georgia_unified.xlsx
parl_2016,__main__,pr,burjanadze_democratic,საარჩევნო ბლოკი ნინო ბურჯანაძე - დემოკრატიული მოძრაობა,3,,,58,,თამარ,ნადირიძე,თამარ ნადირიძე,"""დემოკრატიული მოძრაობა - ერთიანი საქართველო""",,party_lists_2016_georgia_unified.xlsx
parl_2016,__main__,pr,burjanadze_democratic,საარჩევნო ბლოკი ნინო ბურჯანაძე - დემოკრატიული მოძრაობა,3,,,59,,ნონა,მურვანიძე,ნონა მურვანიძე,"""დემოკრატიული მოძრაობა - ერთიანი საქართველო""",,party_lists_2016_georgia_unified.xlsx
parl_2016,__main__,pr,burjanadze_democratic,საარჩევნო ბლოკი ნინო ბურჯანაძე - დემოკრატიული მოძრაობა,3,,,60,,მზია,სიხარულიძე,მზია სიხარულიძე,"""დემოკრატიული მოძრაობა - ერთიანი საქართველო""",,party_lists_2016_georgia_unified.xlsx
parl_2016,__main__,pr,burjanadze_democratic,საარჩევნო ბლოკი ნინო ბურჯანაძე - დემოკრატიული მოძრაობა,3,,,61,,ირმა,აფრასიძე,ირმა აფრასიძე,"""გაერთიანებული დემოკრატიული მოძრაობა""",,party_lists_2016_georgia_unified.xlsx
parl_2016,__main__,pr,burjanadze_democratic,საარჩევნო ბლოკი ნინო ბურჯანაძე - დემოკრატიული მოძრაობა,3,,,62,,გიორგი,ხუციშვილი,გიორგი ხუციშვილი,"""დემოკრატიული მოძრაობა - ერთიანი საქართველო""",,party_lists_2016_georgia_unified.xlsx
parl_2016,__main__,pr,burjanadze_democratic,საარჩევნო ბლოკი ნინო ბურჯანაძე - დემოკრატიული მოძრაობა,3,,,63,,ვახტანგ,რაზმაძე,ვახტანგ რაზმაძე,"""დემოკრატიული მოძრაობა - ერთიანი საქართველო""",,party_lists_2016_georgia_unified.xlsx
parl_2016,__main__,pr,burjanadze_democratic,საარჩევნო ბლოკი ნინო ბურჯანაძე - დემოკრატიული მოძრაობა,3,,,64,,ტარიელ,მიდელაშვილი,ტარიელ მიდელაშვილი,"""დემოკრატიული მოძრაობა - ერთიანი საქართველო""",,party_lists_2016_georgia_unified.xlsx
parl_2016,__main__,pr,burjanadze_democratic,საარჩევნო ბლოკი ნინო ბურჯანაძე - დემოკრატიული მოძრაობა,3,,,65,,ბესიკ,ხითარიშვილი,ბესიკ ხითარიშვილი,"""დემოკრატიული მოძრაობა - ერთიანი საქართველო""",,party_lists_2016_georgia_unified.xlsx
parl_2016,__main__,pr,burjanadze_democratic,საარჩევნო ბლოკი ნინო ბურჯანაძე - დემოკრატიული მოძრაობა,3,,,66,,ნაირა,ხრიკაძე,ნაირა ხრიკაძე,"""დემოკრატიული მოძრაობა - ერთიანი საქართველო""",,party_lists_2016_georgia_unified.xlsx
parl_2016,__main__,pr,burjanadze_democratic,საარჩევნო ბლოკი ნინო ბურჯანაძე - დემოკრატიული მოძრაობა,3,,,67,,ამირან,ტყეშელაშვილი,ამირან ტყეშელაშვილი,"""დემოკრატიული მოძრაობა - ერთიანი საქართველო""",,party_lists_2016_georgia_unified.xlsx
parl_2016,__main__,pr,burjanadze_democratic,საარჩევნო ბლოკი ნინო ბურჯანაძე - დემოკრატიული მოძრაობა,3,,,68,,დავით,წიტაიშვილი,დავით წიტაიშვილი,"""გაერთიანებული დემოკრატიული მოძრაობა""",,party_lists_2016_georgia_unified.xlsx
parl_2016,__main__,pr,burjanadze_democratic,საარჩევნო ბლოკი ნინო ბურჯანაძე - დემოკრატიული მოძრაობა,3,,,69,,ნატული,დვალიშვილი,ნატული დვალიშვილი,უპარტიო,,party_lists_2016_georgia_unified.xlsx
parl_2016,__main__,pr,burjanadze_democratic,საარჩევნო ბლოკი ნინო ბურჯანაძე - დემოკრატიული მოძრაობა,3,,,70,,ლაშა,კლდიაშვილი,ლაშა კლდიაშვილი,"""დემოკრატიული მოძრაობა - ერთიანი საქართველო""",,party_lists_2016_georgia_unified.xlsx
parl_2016,__main__,pr,burjanadze_democratic,საარჩევნო ბლოკი ნინო ბურჯანაძე - დემოკრატიული მოძრაობა,3,,,71,,ლეილა,ტაბატაძე,ლეილა ტაბატაძე,"""გაერთიანებული დემოკრატიული მოძრაობა""",,party_lists_2016_georgia_unified.xlsx
parl_2016,__main__,pr,burjanadze_democratic,საარჩევნო ბლოკი ნინო ბურჯანაძე - დემოკრატიული მოძრაობა,3,,,72,,გონერი,პაპავა,გონერი პაპავა,"""დემოკრატიული მოძრაობა - ერთიანი საქართველო""",,party_lists_2016_georgia_unified.xlsx
parl_2016,__main__,pr,burjanadze_democratic,საარჩევნო ბლოკი ნინო ბურჯანაძე - დემოკრატიული მოძრაობა,3,,,73,,ნათია,აფთარაული,ნათია აფთარაული,უპარტიო,,party_lists_2016_georgia_unified.xlsx
parl_2016,__main__,pr,burjanadze_democratic,საარჩევნო ბლოკი ნინო ბურჯანაძე - დემოკრატიული მოძრაობა,3,,,74,,ვლადიმერ,გაბედავა,ვლადიმერ გაბედავა,"""დემოკრატიული მოძრაობა - ერთიანი საქართველო""",,party_lists_2016_georgia_unified.xlsx
parl_2016,__main__,pr,burjanadze_democratic,საარჩევნო ბლოკი ნინო ბურჯანაძე - დემოკრატიული მოძრაობა,3,,,75,,თამარ,შენგელია,თამარ შენგელია,უპარტიო,,party_lists_2016_georgia_unified.xlsx
parl_2016,__main__,pr,burjanadze_democratic,საარჩევნო ბლოკი ნინო ბურჯანაძე - დემოკრატიული მოძრაობა,3,,,76,,ომარ,ფარტენაძე,ომარ ფარტენაძე,უპარტიო,,party_lists_2016_georgia_unified.xlsx
parl_2016,__main__,pr,burjanadze_democratic,საარჩევნო ბლოკი ნინო ბურჯანაძე - დემოკრატიული მოძრაობა,3,,,77,,დავით,გოგიტიძე,დავით გოგიტიძე,დ .მ,,party_lists_2016_georgia_unified.xlsx
parl_2016,__main__,pr,burjanadze_democratic,საარჩევნო ბლოკი ნინო ბურჯანაძე - დემოკრატიული მოძრაობა,3,,,78,,სულიკო,რომანაძე,სულიკო რომანაძე,"""დემოკრატიული მოძრაობა - ერთიანი საქართველო""",,party_lists_2016_georgia_unified.xlsx
parl_2016,__main__,pr,burjanadze_democratic,საარჩევნო ბლოკი ნინო ბურჯანაძე - დემოკრატიული მოძრაობა,3,,,79,,მანანა,რაქვიაშვილი,მანანა რაქვიაშვილი,"""დემოკრატიული მოძრაობა - ერთიანი საქართველო""",,party_lists_2016_georgia_unified.xlsx
parl_2016,__main__,pr,burjanadze_democratic,საარჩევნო ბლოკი ნინო ბურჯანაძე - დემოკრატიული მოძრაობა,3,,,80,,იაშა,გვიანიძე,იაშა გვიანიძე,"""დემოკრატიული მოძრაობა - ერთიანი საქართველო""",,party_lists_2016_georgia_unified.xlsx
parl_2016,__main__,pr,burjanadze_democratic,საარჩევნო ბლოკი ნინო ბურჯანაძე - დემოკრატიული მოძრაობა,3,,,81,,მიხეილ,მახარაძე,მიხეილ მახარაძე,"""დემოკრატიული მოძრაობა - ერთიანი საქართველო""",,party_lists_2016_georgia_unified.xlsx
parl_2016,__main__,pr,burjanadze_democratic,საარჩევნო ბლოკი ნინო ბურჯანაძე - დემოკრატიული მოძრაობა,3,,,82,,ნანი,ჯღამაძე,ნანი ჯღამაძე,"""გაერთიანებული დემოკრატიული მოძრაობა""",,party_lists_2016_georgia_unified.xlsx
parl_2016,__main__,pr,burjanadze_democratic,საარჩევნო ბლოკი ნინო ბურჯანაძე - დემოკრატიული მოძრაობა,3,,,83,,ნატო,უგრეხელიძექ,ნატო უგრეხელიძექ,"""დემოკრატიული მოძრაობა - ერთიანი საქართველო""",,party_lists_2016_georgia_unified.xlsx
parl_2016,__main__,pr,burjanadze_democratic,საარჩევნო ბლოკი ნინო ბურჯანაძე - დემოკრატიული მოძრაობა,3,,,84,,ნოდარ,თეთრაძე,ნოდარ თეთრაძე,"""დემოკრატიული მოძრაობა - ერთიანი საქართველო""",,party_lists_2016_georgia_unified.xlsx
parl_2016,__main__,pr,burjanadze_democratic,საარჩევნო ბლოკი ნინო ბურჯანაძე - დემოკრატიული მოძრაობა,3,,,85,,პეტრე,შატბერაშვილი,პეტრე შატბერაშვილი,"""დემოკრატიული მოძრაობა - ერთიანი საქართველო""",,party_lists_2016_georgia_unified.xlsx
parl_2016,__main__,pr,burjanadze_democratic,საარჩევნო ბლოკი ნინო ბურჯანაძე - დემოკრატიული მოძრაობა,3,,,86,,მერაბ,ჯაფარიძე,მერაბ ჯაფარიძე,"""დემოკრატიული მოძრაობა - ერთიანი საქართველო""",,party_lists_2016_georgia_unified.xlsx
parl_2016,__main__,pr,burjanadze_democratic,საარჩევნო ბლოკი ნინო ბურჯანაძე - დემოკრატიული მოძრაობა,3,,,87,,ელენე,იაშვილი,ელენე იაშვილი,"""დემოკრატიული მოძრაობა - ერთიანი საქართველო""",,party_lists_2016_georgia_unified.xlsx
parl_2016,__main__,pr,burjanadze_democratic,საარჩევნო ბლოკი ნინო ბურჯანაძე - დემოკრატიული მოძრაობა,3,,,88,,ირინა,გადელია,ირინა გადელია,უპარტიო,,party_lists_2016_georgia_unified.xlsx
parl_2016,__main__,pr,burjanadze_democratic,საარჩევნო ბლოკი ნინო ბურჯანაძე - დემოკრატიული მოძრაობა,3,,,89,,ნანა,ლემონჯავა,ნანა ლემონჯავა,"""დემოკრატიული მოძრაობა - ერთიანი საქართველო""",,party_lists_2016_georgia_unified.xlsx
parl_2016,__main__,pr,burjanadze_democratic,საარჩევნო ბლოკი ნინო ბურჯანაძე - დემოკრატიული მოძრაობა,3,,,90,,ზვიადი,ხვედელიძე,ზვიადი ხვედელიძე,უპარტიო,,party_lists_2016_georgia_unified.xlsx
parl_2016,__main__,pr,burjanadze_democratic,საარჩევნო ბლოკი ნინო ბურჯანაძე - დემოკრატიული მოძრაობა,3,,,91,,შოთა,რეხვიაშვილი,შოთა რეხვიაშვილი,"""დემოკრატიული მოძრაობა - ერთიანი საქართველო""",,party_lists_2016_georgia_unified.xlsx
parl_2016,__main__,pr,burjanadze_democratic,საარჩევნო ბლოკი ნინო ბურჯანაძე - დემოკრატიული მოძრაობა,3,,,92,,თამარ,მინდიაშვილი,თამარ მინდიაშვილი,"""დემოკრატიული მოძრაობა - ერთიანი საქართველო""",,party_lists_2016_georgia_unified.xlsx
parl_2016,__main__,pr,burjanadze_democratic,საარჩევნო ბლოკი ნინო ბურჯანაძე - დემოკრატიული მოძრაობა,3,,,93,,ანა,ბაკურაძე,ანა ბაკურაძე,უპარტიო,,party_lists_2016_georgia_unified.xlsx
parl_2016,__main__,pr,burjanadze_democratic,საარჩევნო ბლოკი ნინო ბურჯანაძე - დემოკრატიული მოძრაობა,3,,,94,,იური,მოდებაძე,იური მოდებაძე,"""დემოკრატიული მოძრაობა - ერთიანი საქართველო""",,party_lists_2016_georgia_unified.xlsx
parl_2016,__main__,pr,burjanadze_democratic,საარჩევნო ბლოკი ნინო ბურჯანაძე - დემოკრატიული მოძრაობა,3,,,95,,ანა,შოთაძე,ანა შოთაძე,"""დემოკრატიული მოძრაობა - ერთიანი საქართველო""",,party_lists_2016_georgia_unified.xlsx
parl_2016,__main__,pr,burjanadze_democratic,საარჩევნო ბლოკი ნინო ბურჯანაძე - დემოკრატიული მოძრაობა,3,,,96,,გოჩა,მამულაშვილი,გოჩა მამულაშვილი,"""გაერთიანებული დემოკრატიული მოძრაობა""",,party_lists_2016_georgia_unified.xlsx
parl_2016,__main__,pr,burjanadze_democratic,საარჩევნო ბლოკი ნინო ბურჯანაძე - დემოკრატიული მოძრაობა,3,,,97,,გელა,საათაშვილი,გელა საათაშვილი,"""დემოკრატიული მოძრაობა - ერთიანი საქართველო""",,party_lists_2016_georgia_unified.xlsx
parl_2016,__main__,pr,burjanadze_democratic,საარჩევნო ბლოკი ნინო ბურჯანაძე - დემოკრატიული მოძრაობა,3,,,98,,ონისე,გაჩეჩილაძე,ონისე გაჩეჩილაძე,"""დემოკრატიული მოძრაობა - ერთიანი საქართველო""",,party_lists_2016_georgia_unified.xlsx
parl_2016,__main__,pr,burjanadze_democratic,საარჩევნო ბლოკი ნინო ბურჯანაძე - დემოკრატიული მოძრაობა,3,,,99,,მაკა,ქებურია,მაკა ქებურია,"""დემოკრატიული მოძრაობა - ერთიანი საქართველო""",,party_lists_2016_georgia_unified.xlsx
parl_2016,__main__,pr,burjanadze_democratic,საარჩევნო ბლოკი ნინო ბურჯანაძე - დემოკრატიული მოძრაობა,3,,,100,,ეკა,ჩხეიძე,ეკა ჩხეიძე,უპარტიო,,party_lists_2016_georgia_unified.xlsx
parl_2016,__main__,pr,burjanadze_democratic,საარჩევნო ბლოკი ნინო ბურჯანაძე - დემოკრატიული მოძრაობა,3,,,101,,მალხაზ,ბოჩიკაშვილი,მალხაზ ბოჩიკაშვილი,"""დემოკრატიული მოძრაობა - ერთიანი საქართველო""",,party_lists_2016_georgia_unified.xlsx
parl_2016,__main__,pr,burjanadze_democratic,საარჩევნო ბლოკი ნინო ბურჯანაძე - დემოკრატიული მოძრაობა,3,,,102,,ნინო,კავთიაშვილი,ნინო კავთიაშვილი,უპარტიო,,party_lists_2016_georgia_unified.xlsx
parl_2016,__main__,pr,burjanadze_democratic,საარჩევნო ბლოკი ნინო ბურჯანაძე - დემოკრატიული მოძრაობა,3,,,103,,გიორგი,ლაცაბიძე,გიორგი ლაცაბიძე,"""გაერთიანებული დემოკრატიული მოძრაობა""",,party_lists_2016_georgia_unified.xlsx
parl_2016,__main__,pr,burjanadze_democratic,საარჩევნო ბლოკი ნინო ბურჯანაძე - დემოკრატიული მოძრაობა,3,,,104,,მამუკა,მხეიძე,მამუკა მხეიძე,"""გაერთიანებული დემოკრატიული მოძრაობა""",,party_lists_2016_georgia_unified.xlsx
parl_2016,__main__,pr,burjanadze_democratic,საარჩევნო ბლოკი ნინო ბურჯანაძე - დემოკრატიული მოძრაობა,3,,,105,,ანანო,ასპანიძე,ანანო ასპანიძე,"""დემოკრატიული მოძრაობა - ერთიანი საქართველო""",,party_lists_2016_georgia_unified.xlsx
parl_2016,__main__,pr,burjanadze_democratic,საარჩევნო ბლოკი ნინო ბურჯანაძე - დემოკრატიული მოძრაობა,3,,,106,,ზაზა,რუხაძე,ზაზა რუხაძე,"""გაერთიანებული დემოკრატიული მოძრაობა""",,party_lists_2016_georgia_unified.xlsx
parl_2016,__main__,pr,burjanadze_democratic,საარჩევნო ბლოკი ნინო ბურჯანაძე - დემოკრატიული მოძრაობა,3,,,107,,ელიზბარ,ბიწაძე,ელიზბარ ბიწაძე,უპარტიო,,party_lists_2016_georgia_unified.xlsx
parl_2016,__main__,pr,burjanadze_democratic,საარჩევნო ბლოკი ნინო ბურჯანაძე - დემოკრატიული მოძრაობა,3,,,108,,ნათია,ჭიოკაძე,ნათია ჭიოკაძე,უპარტიო,,party_lists_2016_georgia_unified.xlsx
parl_2016,__main__,pr,burjanadze_democratic,საარჩევნო ბლოკი ნინო ბურჯანაძე - დემოკრატიული მოძრაობა,3,,,109,,რევაზი,მაჭარაშვილი,რევაზი მაჭარაშვილი,"""დემოკრატიული მოძრაობა - ერთიანი საქართველო""",,party_lists_2016_georgia_unified.xlsx
parl_2016,__main__,pr,burjanadze_democratic,საარჩევნო ბლოკი ნინო ბურჯანაძე - დემოკრატიული მოძრაობა,3,,,110,,კახა,ჩავლეშვილი,კახა ჩავლეშვილი,"""დემოკრატიული მოძრაობა - ერთიანი საქართველო""",,party_lists_2016_georgia_unified.xlsx
parl_2016,__main__,pr,burjanadze_democratic,საარჩევნო ბლოკი ნინო ბურჯანაძე - დემოკრატიული მოძრაობა,3,,,111,,ლია,არველაძე,ლია არველაძე,უპარტიო,,party_lists_2016_georgia_unified.xlsx
parl_2016,__main__,pr,burjanadze_democratic,საარჩევნო ბლოკი ნინო ბურჯანაძე - დემოკრატიული მოძრაობა,3,,,112,,ლიკა,მახათელაშვილი,ლიკა მახათელაშვილი,უპარტიო,,party_lists_2016_georgia_unified.xlsx
parl_2016,__main__,pr,burjanadze_democratic,საარჩევნო ბლოკი ნინო ბურჯანაძე - დემოკრატიული მოძრაობა,3,,,113,,კობა,კილასონია,კობა კილასონია,"""გაერთიანებული დემოკრატიული მოძრაობა""",,party_lists_2016_georgia_unified.xlsx
parl_2016,__main__,pr,burjanadze_democratic,საარჩევნო ბლოკი ნინო ბურჯანაძე - დემოკრატიული მოძრაობა,3,,,114,,გელა,კაჭარავა,გელა კაჭარავა,"""გაერთიანებული დემოკრატიული მოძრაობა""",,party_lists_2016_georgia_unified.xlsx
parl_2016,__main__,pr,burjanadze_democratic,საარჩევნო ბლოკი ნინო ბურჯანაძე - დემოკრატიული მოძრაობა,3,,,115,,ნინო,დოთიაშვილი,ნინო დოთიაშვილი,"""დემოკრატიული მოძრაობა - ერთიანი საქართველო""",,party_lists_2016_georgia_unified.xlsx
parl_2016,__main__,pr,burjanadze_democratic,საარჩევნო ბლოკი ნინო ბურჯანაძე - დემოკრატიული მოძრაობა,3,,,116,,ნიკა,პეტრიაშვილი,ნიკა პეტრიაშვილი,"""დემოკრატიული მოძრაობა - ერთიანი საქართველო""",,party_lists_2016_georgia_unified.xlsx
parl_2016,__main__,pr,burjanadze_democratic,საარჩევნო ბლოკი ნინო ბურჯანაძე - დემოკრატიული მოძრაობა,3,,,117,,ვასილი,ქვრივიშვილი,ვასილი ქვრივიშვილი,"""დემოკრატიული მოძრაობა - ერთიანი საქართველო""",,party_lists_2016_georgia_unified.xlsx
parl_2016,__main__,pr,burjanadze_democratic,საარჩევნო ბლოკი ნინო ბურჯანაძე - დემოკრატიული მოძრაობა,3,,,118,,ეკატერინე,ნადირაშვილი,ეკატერინე ნადირაშვილი,"""დემოკრატიული მოძრაობა - ერთიანი საქართველო""",,party_lists_2016_georgia_unified.xlsx
parl_2016,__main__,pr,burjanadze_democratic,საარჩევნო ბლოკი ნინო ბურჯანაძე - დემოკრატიული მოძრაობა,3,,,119,,ნინო,ჩახუნაშვილი,ნინო ჩახუნაშვილი,უპარტიო,,party_lists_2016_georgia_unified.xlsx
parl_2016,__main__,pr,burjanadze_democratic,საარჩევნო ბლოკი ნინო ბურჯანაძე - დემოკრატიული მოძრაობა,3,,,120,,გიორგი,რევიშვილი,გიორგი რევიშვილი,უპარტიო,,party_lists_2016_georgia_unified.xlsx
parl_2016,__main__,pr,burjanadze_democratic,საარჩევნო ბლოკი ნინო ბურჯანაძე - დემოკრატიული მოძრაობა,3,,,121,,ირაკლი,ჯანიაშვილი,ირაკლი ჯანიაშვილი,"""დემოკრატიული მოძრაობა - ერთიანი საქართველო""",,party_lists_2016_georgia_unified.xlsx
parl_2016,__main__,pr,burjanadze_democratic,საარჩევნო ბლოკი ნინო ბურჯანაძე - დემოკრატიული მოძრაობა,3,,,122,,ალექსანდრე,გურასპაშვილი,ალექსანდრე გურასპაშვილი,"""დემოკრატიული მოძრაობა - ერთიანი საქართველო""",,party_lists_2016_georgia_unified.xlsx
parl_2016,__main__,pr,burjanadze_democratic,საარჩევნო ბლოკი ნინო ბურჯანაძე - დემოკრატიული მოძრაობა,3,,,123,,ნინო,გურგენიშვილი,ნინო გურგენიშვილი,"""დემოკრატიული მოძრაობა - ერთიანი საქართველო""",,party_lists_2016_georgia_unified.xlsx
parl_2016,__main__,pr,burjanadze_democratic,საარჩევნო ბლოკი ნინო ბურჯანაძე - დემოკრატიული მოძრაობა,3,,,124,,არჩილ,ბურჯანაძე,არჩილ ბურჯანაძე,"""დემოკრატიული მოძრაობა - ერთიანი საქართველო""",,party_lists_2016_georgia_unified.xlsx
parl_2016,__main__,pr,burjanadze_democratic,საარჩევნო ბლოკი ნინო ბურჯანაძე - დემოკრატიული მოძრაობა,3,,,125,,ჯემალ,აბრამიშვილი,ჯემალ აბრამიშვილი,"""დემოკრატიული მოძრაობა - ერთიანი საქართველო""",,party_lists_2016_georgia_unified.xlsx
parl_2016,__main__,pr,burjanadze_democratic,საარჩევნო ბლოკი ნინო ბურჯანაძე - დემოკრატიული მოძრაობა,3,,,126,,ირაკლი,სანიკიძე,ირაკლი სანიკიძე,"""დემოკრატიული მოძრაობა - ერთიანი საქართველო""",,party_lists_2016_georgia_unified.xlsx
parl_2016,__main__,pr,burjanadze_democratic,საარჩევნო ბლოკი ნინო ბურჯანაძე - დემოკრატიული მოძრაობა,3,,,127,,დარეჯან,ნიკოლაიშვილი,დარეჯან ნიკოლაიშვილი,"""დემოკრატიული მოძრაობა - ერთიანი საქართველო""",,party_lists_2016_georgia_unified.xlsx
parl_2016,__main__,pr,burjanadze_democratic,საარჩევნო ბლოკი ნინო ბურჯანაძე - დემოკრატიული მოძრაობა,3,,,128,,აზა,ლაცაბიძე,აზა ლაცაბიძე,"""გაერთიანებული დემოკრატიული მოძრაობა""",,party_lists_2016_georgia_unified.xlsx
parl_2016,__main__,pr,burjanadze_democratic,საარჩევნო ბლოკი ნინო ბურჯანაძე - დემოკრატიული მოძრაობა,3,,,129,,შოთა,ჯამასპიშვილი,შოთა ჯამასპიშვილი,"""დემოკრატიული მოძრაობა - ერთიანი საქართველო""",,party_lists_2016_georgia_unified.xlsx
parl_2016,__main__,pr,burjanadze_democratic,საარჩევნო ბლოკი ნინო ბურჯანაძე - დემოკრატიული მოძრაობა,3,,,130,,კახაბერ,კერესელიძე,კახაბერ კერესელიძე,"""გაერთიანებული დემოკრატიული მოძრაობა""",,party_lists_2016_georgia_unified.xlsx
parl_2016,__main__,pr,burjanadze_democratic,საარჩევნო ბლოკი ნინო ბურჯანაძე - დემოკრატიული მოძრაობა,3,,,131,,ანა,ჯაში,ანა ჯაში,უპარტიო,,party_lists_2016_georgia_unified.xlsx
parl_2016,__main__,pr,burjanadze_democratic,საარჩევნო ბლოკი ნინო ბურჯანაძე - დემოკრატიული მოძრაობა,3,,,132,,ქეთევან,ბერიძე,ქეთევან ბერიძე,უპარტიო,,party_lists_2016_georgia_unified.xlsx
parl_2016,__main__,pr,burjanadze_democratic,საარჩევნო ბლოკი ნინო ბურჯანაძე - დემოკრატიული მოძრაობა,3,,,133,,მალხაზი,მაისაშვილი,მალხაზი მაისაშვილი,"""გაერთიანებული დემოკრატიული მოძრაობა""",,party_lists_2016_georgia_unified.xlsx
parl_2016,__main__,pr,burjanadze_democratic,საარჩევნო ბლოკი ნინო ბურჯანაძე - დემოკრატიული მოძრაობა,3,,,134,,ნიკოლოზ,კაკაბაძე,ნიკოლოზ კაკაბაძე,"""გაერთიანებული დემოკრატიული მოძრაობა""",,party_lists_2016_georgia_unified.xlsx
parl_2016,__main__,pr,burjanadze_democratic,საარჩევნო ბლოკი ნინო ბურჯანაძე - დემოკრატიული მოძრაობა,3,,,135,,მარინე,დალაქიშვილი,მარინე დალაქიშვილი,უპარტიო,,party_lists_2016_georgia_unified.xlsx
parl_2016,__main__,pr,burjanadze_democratic,საარჩევნო ბლოკი ნინო ბურჯანაძე - დემოკრატიული მოძრაობა,3,,,136,,აშოთ,კავალერიან,აშოთ კავალერიან,"""დემოკრატიული მოძრაობა - ერთიანი საქართველო""",,party_lists_2016_georgia_unified.xlsx
parl_2016,__main__,pr,burjanadze_democratic,საარჩევნო ბლოკი ნინო ბურჯანაძე - დემოკრატიული მოძრაობა,3,,,137,,სადრადინ,ტალიბოვი,სადრადინ ტალიბოვი,"""დემოკრატიული მოძრაობა - ერთიანი საქართველო""",,party_lists_2016_georgia_unified.xlsx
parl_2016,__main__,pr,burjanadze_democratic,საარჩევნო ბლოკი ნინო ბურჯანაძე - დემოკრატიული მოძრაობა,3,,,138,,ნანა,პეტრიაშვილი,ნანა პეტრიაშვილი,უპარტიო,,party_lists_2016_georgia_unified.xlsx
parl_2016,__main__,pr,burjanadze_democratic,საარჩევნო ბლოკი ნინო ბურჯანაძე - დემოკრატიული მოძრაობა,3,,,139,,ნათია,სამხარაძე,ნათია სამხარაძე,"""დემოკრატიული მოძრაობა - ერთიანი საქართველო""",,party_lists_2016_georgia_unified.xlsx
parl_2016,__main__,pr,burjanadze_democratic,საარჩევნო ბლოკი ნინო ბურჯანაძე - დემოკრატიული მოძრაობა,3,,,140,,მახირ,იუსუბოვი,მახირ იუსუბოვი,"""დემოკრატიული მოძრაობა - ერთიანი საქართველო""",,party_lists_2016_georgia_unified.xlsx
parl_2016,__main__,pr,burjanadze_democratic,საარჩევნო ბლოკი ნინო ბურჯანაძე - დემოკრატიული მოძრაობა,3,,,141,,ილია,ელიკაშვილი,ილია ელიკაშვილი,"""დემოკრატიული მოძრაობა - ერთიანი საქართველო""",,party_lists_2016_georgia_unified.xlsx
parl_2016,__main__,pr,burjanadze_democratic,საარჩევნო ბლოკი ნინო ბურჯანაძე - დემოკრატიული მოძრაობა,3,,,142,,რამაზ,სანდროშვილი,რამაზ სანდროშვილი,"""გაერთიანებული დემოკრატიული მოძრაობა""",,party_lists_2016_georgia_unified.xlsx
parl_2016,__main__,pr,burjanadze_democratic,საარჩევნო ბლოკი ნინო ბურჯანაძე - დემოკრატიული მოძრაობა,3,,,143,,მარიამი,ჩოლოყაშვილი,მარიამი ჩოლოყაშვილი,უპარტიო,,party_lists_2016_georgia_unified.xlsx
parl_2016,__main__,pr,burjanadze_democratic,საარჩევნო ბლოკი ნინო ბურჯანაძე - დემოკრატიული მოძრაობა,3,,,144,,ლიანა,ჩქარეული,ლიანა ჩქარეული,"""დემოკრატიული მოძრაობა - ერთიანი საქართველო""",,party_lists_2016_georgia_unified.xlsx
parl_2016,__main__,pr,burjanadze_democratic,საარჩევნო ბლოკი ნინო ბურჯანაძე - დემოკრატიული მოძრაობა,3,,,145,,სოლომონ,ხიხალაშვილი,სოლომონ ხიხალაშვილი,"""დემოკრატიული მოძრაობა - ერთიანი საქართველო""",,party_lists_2016_georgia_unified.xlsx
parl_2016,__main__,pr,burjanadze_democratic,საარჩევნო ბლოკი ნინო ბურჯანაძე - დემოკრატიული მოძრაობა,3,,,146,,კაკო,შუბითიძე,კაკო შუბითიძე,"""დემოკრატიული მოძრაობა - ერთიანი საქართველო""",,party_lists_2016_georgia_unified.xlsx
parl_2016,__main__,pr,burjanadze_democratic,საარჩევნო ბლოკი ნინო ბურჯანაძე - დემოკრატიული მოძრაობა,3,,,147,,გივი,ნაკაიძე,გივი ნაკაიძე,"""დემოკრატიული მოძრაობა - ერთიანი საქართველო""",,party_lists_2016_georgia_unified.xlsx
parl_2016,__main__,pr,burjanadze_democratic,საარჩევნო ბლოკი ნინო ბურჯანაძე - დემოკრატიული მოძრაობა,3,,,148,,მაია,ლაბარტყავა,მაია ლაბარტყავა,უპარტიო,,party_lists_2016_georgia_unified.xlsx
parl_2016,__main__,pr,burjanadze_democratic,საარჩევნო ბლოკი ნინო ბურჯანაძე - დემოკრატიული მოძრაობა,3,,,149,,ინდირა,მაისაშვილი,ინდირა მაისაშვილი,"""დემოკრატიული მოძრაობა - ერთიანი საქართველო""",,party_lists_2016_georgia_unified.xlsx
parl_2016,__main__,pr,burjanadze_democratic,საარჩევნო ბლოკი ნინო ბურჯანაძე - დემოკრატიული მოძრაობა,3,,,150,,მანუჩარ,გოგრაჭაძე,მანუჩარ გოგრაჭაძე,"""დემოკრატიული მოძრაობა - ერთიანი საქართველო""",,party_lists_2016_georgia_unified.xlsx
parl_2016,__main__,pr,burjanadze_democratic,საარჩევნო ბლოკი ნინო ბურჯანაძე - დემოკრატიული მოძრაობა,3,,,151,,თემურ,ჩერქეზია,თემურ ჩერქეზია,უპარტიო,,party_lists_2016_georgia_unified.xlsx
parl_2016,__main__,pr,burjanadze_democratic,საარჩევნო ბლოკი ნინო ბურჯანაძე - დემოკრატიული მოძრაობა,3,,,152,,ეკა,ხარაიძე,ეკა ხარაიძე,უპარტიო,,party_lists_2016_georgia_unified.xlsx
parl_2016,__main__,pr,burjanadze_democratic,საარჩევნო ბლოკი ნინო ბურჯანაძე - დემოკრატიული მოძრაობა,3,,,153,,ირაკლი,ქობალავა,ირაკლი ქობალავა,"""გაერთიანებული დემოკრატიული მოძრაობა""",,party_lists_2016_georgia_unified.xlsx
parl_2016,__main__,pr,burjanadze_democratic,საარჩევნო ბლოკი ნინო ბურჯანაძე - დემოკრატიული მოძრაობა,3,,,154,,ვაჟა,საღირაშვილი,ვაჟა საღირაშვილი,"""დემოკრატიული მოძრაობა - ერთიანი საქართველო""",,party_lists_2016_georgia_unified.xlsx
parl_2016,__main__,pr,burjanadze_democratic,საარჩევნო ბლოკი ნინო ბურჯანაძე - დემოკრატიული მოძრაობა,3,,,155,,ლაზარე,ავალიანი,ლაზარე ავალიანი,"""დემოკრატიული მოძრაობა - ერთიანი საქართველო""",,party_lists_2016_georgia_unified.xlsx
parl_2016,__main__,pr,burjanadze_democratic,საარჩევნო ბლოკი ნინო ბურჯანაძე - დემოკრატიული მოძრაობა,3,,,156,,გიგა,ბარნაბიშვილი,გიგა ბარნაბიშვილი,"""გაერთიანებული დემოკრატიული მოძრაობა""",,party_lists_2016_georgia_unified.xlsx
parl_2016,__main__,pr,burjanadze_democratic,საარჩევნო ბლოკი ნინო ბურჯანაძე - დემოკრატიული მოძრაობა,3,,,157,,ნატალია,გრძელიშვილი,ნატალია გრძელიშვილი,"""დემოკრატიული მოძრაობა - ერთიანი საქართველო""",,party_lists_2016_georgia_unified.xlsx
parl_2016,__main__,pr,burjanadze_democratic,საარჩევნო ბლოკი ნინო ბურჯანაძე - დემოკრატიული მოძრაობა,3,,,158,,მაია,გელაშვილი,მაია გელაშვილი,უპარტიო,,party_lists_2016_georgia_unified.xlsx
parl_2016,__main__,pr,burjanadze_democratic,საარჩევნო ბლოკი ნინო ბურჯანაძე - დემოკრატიული მოძრაობა,3,,,159,,სალომე,ბაკურაძე,სალომე ბაკურაძე,უპარტიო,,party_lists_2016_georgia_unified.xlsx
parl_2016,__main__,pr,burjanadze_democratic,საარჩევნო ბლოკი ნინო ბურჯანაძე - დემოკრატიული მოძრაობა,3,,,160,,გიორგი,ჯანაშვილი,გიორგი ჯანაშვილი,"""დემოკრატიული მოძრაობა - ერთიანი საქართველო""",,party_lists_2016_georgia_unified.xlsx
parl_2016,__main__,pr,burjanadze_democratic,საარჩევნო ბლოკი ნინო ბურჯანაძე - დემოკრატიული მოძრაობა,3,,,161,,ალექსი,ფიცხელაური,ალექსი ფიცხელაური,"""დემოკრატიული მოძრაობა - ერთიანი საქართველო""",,party_lists_2016_georgia_unified.xlsx
parl_2016,__main__,pr,burjanadze_democratic,საარჩევნო ბლოკი ნინო ბურჯანაძე - დემოკრატიული მოძრაობა,3,,,162,,ჟუჟუნა,ბურდული,ჟუჟუნა ბურდული,"""დემოკრატიული მოძრაობა - ერთიანი საქართველო""",,party_lists_2016_georgia_unified.xlsx
parl_2016,__main__,pr,burjanadze_democratic,საარჩევნო ბლოკი ნინო ბურჯანაძე - დემოკრატიული მოძრაობა,3,,,163,,თელმან,ქოსაევი,თელმან ქოსაევი,უპარტიო,,party_lists_2016_georgia_unified.xlsx
parl_2016,__main__,pr,georgian_group,ჯონდი ბაღათურია - ქართული დასი,4,,,1,,ჯონდო,ბაღათურიაპ.გ.,ჯონდო ბაღათურიაპ.გ.,„ქართული დასი“,,party_lists_2016_georgia_unified.xlsx
parl_2016,__main__,pr,georgian_group,ჯონდი ბაღათურია - ქართული დასი,4,,,2,,ავთანდილ,საყვარელიძეპ.გ.,ავთანდილ საყვარელიძეპ.გ.,„ქართული დასი“,,party_lists_2016_georgia_unified.xlsx
parl_2016,__main__,pr,georgian_group,ჯონდი ბაღათურია - ქართული დასი,4,,,3,,მიხეილ,აბრამიშვილიპ.გ.,მიხეილ აბრამიშვილიპ.გ.,„ქართული დასი“,,party_lists_2016_georgia_unified.xlsx
parl_2016,__main__,pr,georgian_group,ჯონდი ბაღათურია - ქართული დასი,4,,,4,,თენგიზი,გენებაშვილიპ.გ.,თენგიზი გენებაშვილიპ.გ.,„ქართული დასი“,,party_lists_2016_georgia_unified.xlsx
parl_2016,__main__,pr,georgian_group,ჯონდი ბაღათურია - ქართული დასი,4,,,5,,კახაბერ,მაისურაძეპ.გ.,კახაბერ მაისურაძეპ.გ.,„ქართული დასი“,,party_lists_2016_georgia_unified.xlsx
parl_2016,__main__,pr,georgian_group,ჯონდი ბაღათურია - ქართული დასი,4,,,6,,მაია,სირაძეპ.გ.,მაია სირაძეპ.გ.,„ქართული დასი“,,party_lists_2016_georgia_unified.xlsx
parl_2016,__main__,pr,georgian_group,ჯონდი ბაღათურია - ქართული დასი,4,,,7,,თამარ,კვაჭანტირაძეპ.გ.,თამარ კვაჭანტირაძეპ.გ.,„ქართული დასი“,,party_lists_2016_georgia_unified.xlsx
parl_2016,__main__,pr,georgian_group,ჯონდი ბაღათურია - ქართული დასი,4,,,8,,ნათია,პატურაშვილიპ.გ,ნათია პატურაშვილიპ.გ,",,ქართული დასი""",,party_lists_2016_georgia_unified.xlsx
parl_2016,__main__,pr,georgian_group,ჯონდი ბაღათურია - ქართული დასი,4,,,9,,ნინო,ქუსიკაშვილიპ.გ,ნინო ქუსიკაშვილიპ.გ,",,ქართული დასი""",,party_lists_2016_georgia_unified.xlsx
parl_2016,__main__,pr,georgian_group,ჯონდი ბაღათურია - ქართული დასი,4,,,10,,ნათია,ფოფხაძეპ.გ.,ნათია ფოფხაძეპ.გ.,„ქართული დასი“,,party_lists_2016_georgia_unified.xlsx
parl_2016,__main__,pr,georgian_group,ჯონდი ბაღათურია - ქართული დასი,4,,,11,,გიორგი,სირაძე,გიორგი სირაძე,უპარტიო,,party_lists_2016_georgia_unified.xlsx
parl_2016,__main__,pr,georgian_group,ჯონდი ბაღათურია - ქართული დასი,4,,,12,,მირიანი,ცაბაძე,მირიანი ცაბაძე,უპარტიო,,party_lists_2016_georgia_unified.xlsx
parl_2016,__main__,pr,georgian_group,ჯონდი ბაღათურია - ქართული დასი,4,,,13,,ბიძინა,სიმონიშვილი,ბიძინა სიმონიშვილი,უპარტიო,,party_lists_2016_georgia_unified.xlsx
parl_2016,__main__,pr,georgian_group,ჯონდი ბაღათურია - ქართული დასი,4,,,14,,ბადრი,ცხონდია,ბადრი ცხონდია,უპარტიო,,party_lists_2016_georgia_unified.xlsx
parl_2016,__main__,pr,georgian_group,ჯონდი ბაღათურია - ქართული დასი,4,,,15,,ჯემალ,სირაძეპ.გ,ჯემალ სირაძეპ.გ,",,ქართული დასი""",,party_lists_2016_georgia_unified.xlsx
parl_2016,__main__,pr,georgian_group,ჯონდი ბაღათურია - ქართული დასი,4,,,16,,ანზორი,ფოფხაძეპ.გ,ანზორი ფოფხაძეპ.გ,",,ქართული დასი""",,party_lists_2016_georgia_unified.xlsx
parl_2016,__main__,pr,georgian_group,ჯონდი ბაღათურია - ქართული დასი,4,,,17,,გენრიეტა,ქემოკლიძეპ.გ,გენრიეტა ქემოკლიძეპ.გ,",,ქართული დასი""",,party_lists_2016_georgia_unified.xlsx
parl_2016,__main__,pr,georgian_group,ჯონდი ბაღათურია - ქართული დასი,4,,,18,,თეა,შეყრილაძეპ.გ.,თეა შეყრილაძეპ.გ.,„ქართული დასი“,,party_lists_2016_georgia_unified.xlsx
parl_2016,__main__,pr,georgian_group,ჯონდი ბაღათურია - ქართული დასი,4,,,19,,ნატალია,ნოზაძე,ნატალია ნოზაძე,უპარტიო,,party_lists_2016_georgia_unified.xlsx
parl_2016,__main__,pr,georgian_group,ჯონდი ბაღათურია - ქართული დასი,4,,,20,,ლილი,სირაძე,ლილი სირაძე,უპარტიო,,party_lists_2016_georgia_unified.xlsx
parl_2016,__main__,pr,georgian_group,ჯონდი ბაღათურია - ქართული დასი,4,,,21,,იაკობ,ჯორბენაძე,იაკობ ჯორბენაძე,უპარტიო,,party_lists_2016_georgia_unified.xlsx
parl_2016,__main__,pr,georgian_group,ჯონდი ბაღათურია - ქართული დასი,4,,,22,,ჯიმშერ,სირაძე,ჯიმშერ სირაძე,უპარტიო,,party_lists_2016_georgia_unified.xlsx
parl_2016,__main__,pr,georgian_group,ჯონდი ბაღათურია - ქართული დასი,4,,,23,,ზვიად,ვაშაძე,ზვიად ვაშაძე,უპარტიო,,party_lists_2016_georgia_unified.xlsx
parl_2016,__main__,pr,georgian_group,ჯონდი ბაღათურია - ქართული დასი,4,,,24,,გიორგი,მირიჯანაშვილიპ.გ,გიორგი მირიჯანაშვილიპ.გ,",,ქართული დასი""",,party_lists_2016_georgia_unified.xlsx
parl_2016,__main__,pr,georgian_group,ჯონდი ბაღათურია - ქართული დასი,4,,,25,,მარიამ,ბანძელაძე,მარიამ ბანძელაძე,უპარტიო,,party_lists_2016_georgia_unified.xlsx
parl_2016,__main__,pr,georgian_group,ჯონდი ბაღათურია - ქართული დასი,4,,,26,,ნათია,ლორიაპ.გ,ნათია ლორიაპ.გ,",,ქართული დასი""",,party_lists_2016_georgia_unified.xlsx
parl_2016,__main__,pr,georgian_group,ჯონდი ბაღათურია - ქართული დასი,4,,,27,,ნინო,კორსავა,ნინო კორსავა,უპარტიო,,party_lists_2016_georgia_unified.xlsx
parl_2016,__main__,pr,georgian_group,ჯონდი ბაღათურია - ქართული დასი,4,,,28,,ზოია,გორდაძეპ.გ,ზოია გორდაძეპ.გ,",,ქართული დასი""",,party_lists_2016_georgia_unified.xlsx
parl_2016,__main__,pr,georgian_group,ჯონდი ბაღათურია - ქართული დასი,4,,,29,,გია,სვანიძეპ.გ,გია სვანიძეპ.გ,",,ქართული დასი""",,party_lists_2016_georgia_unified.xlsx
parl_2016,__main__,pr,georgian_group,ჯონდი ბაღათურია - ქართული დასი,4,,,30,,ანზორი,ფაჩუაშვილი,ანზორი ფაჩუაშვილი,უპარტიო,,party_lists_2016_georgia_unified.xlsx
parl_2016,__main__,pr,georgian_group,ჯონდი ბაღათურია - ქართული დასი,4,,,31,,ნათელა,სირაძეპ.გ,ნათელა სირაძეპ.გ,",,ქართული დასი""",,party_lists_2016_georgia_unified.xlsx
parl_2016,__main__,pr,georgian_group,ჯონდი ბაღათურია - ქართული დასი,4,,,32,,ნინო,ენუქიძე,ნინო ენუქიძე,უპარტიო,,party_lists_2016_georgia_unified.xlsx
parl_2016,__main__,pr,georgian_group,ჯონდი ბაღათურია - ქართული დასი,4,,,33,,ანა,სიმონიშვილი,ანა სიმონიშვილი,უპარტიო,,party_lists_2016_georgia_unified.xlsx
parl_2016,__main__,pr,georgian_group,ჯონდი ბაღათურია - ქართული დასი,4,,,34,,ლევან,ენუქიძე,ლევან ენუქიძე,უპარტიო,,party_lists_2016_georgia_unified.xlsx
parl_2016,__main__,pr,georgian_group,ჯონდი ბაღათურია - ქართული დასი,4,,,35,,ალექსანდრე,ბრეგვაძე,ალექსანდრე ბრეგვაძე,უპარტიო,,party_lists_2016_georgia_unified.xlsx
parl_2016,__main__,pr,georgian_group,ჯონდი ბაღათურია - ქართული დასი,4,,,36,,ვალერი,გიორგაძე,ვალერი გიორგაძე,უპარტიო,,party_lists_2016_georgia_unified.xlsx
parl_2016,__main__,pr,georgian_group,ჯონდი ბაღათურია - ქართული დასი,4,,,37,,გიორგი,გეთიაშვილი,გიორგი გეთიაშვილი,უპარტიო,,party_lists_2016_georgia_unified.xlsx
parl_2016,__main__,pr,georgian_group,ჯონდი ბაღათურია - ქართული დასი,4,,,38,,ირაკლი,თეგეთაშვილი,ირაკლი თეგეთაშვილი,უპარტიო,,party_lists_2016_georgia_unified.xlsx
parl_2016,__main__,pr,georgian_group,ჯონდი ბაღათურია - ქართული დასი,4,,,39,,დავით,ენდელაძე,დავით ენდელაძე,უპარტიო,,party_lists_2016_georgia_unified.xlsx
parl_2016,__main__,pr,georgian_group,ჯონდი ბაღათურია - ქართული დასი,4,,,40,,მზია,ლილუაშვილი,მზია ლილუაშვილი,უპარტიო,,party_lists_2016_georgia_unified.xlsx
parl_2016,__main__,pr,georgian_group,ჯონდი ბაღათურია - ქართული დასი,4,,,41,,შორენა,ირემაძე,შორენა ირემაძე,უპარტიო,,party_lists_2016_georgia_unified.xlsx
parl_2016,__main__,pr,georgian_group,ჯონდი ბაღათურია - ქართული დასი,4,,,42,,მადონა,წაქაძე,მადონა წაქაძე,უპარტიო,,party_lists_2016_georgia_unified.xlsx
parl_2016,__main__,pr,georgian_group,ჯონდი ბაღათურია - ქართული დასი,4,,,43,,მადონა,ფედიჩკინა,მადონა ფედიჩკინა,უპარტიო,,party_lists_2016_georgia_unified.xlsx
parl_2016,__main__,pr,georgian_group,ჯონდი ბაღათურია - ქართული დასი,4,,,44,,ლიანა,კვარაცხელია,ლიანა კვარაცხელია,უპარტიო,,party_lists_2016_georgia_unified.xlsx
parl_2016,__main__,pr,georgian_group,ჯონდი ბაღათურია - ქართული დასი,4,,,45,,გიგი,აბაშიძე,გიგი აბაშიძე,უპარტიო,,party_lists_2016_georgia_unified.xlsx
parl_2016,__main__,pr,georgian_group,ჯონდი ბაღათურია - ქართული დასი,4,,,46,,გოჩა,კუპრეიშვილი,გოჩა კუპრეიშვილი,უპარტიო,,party_lists_2016_georgia_unified.xlsx
parl_2016,__main__,pr,georgian_group,ჯონდი ბაღათურია - ქართული დასი,4,,,47,,მერაბ,მამუჩაშვილი,მერაბ მამუჩაშვილი,უპარტიო,,party_lists_2016_georgia_unified.xlsx
parl_2016,__main__,pr,georgian_group,ჯონდი ბაღათურია - ქართული დასი,4,,,48,,სოსო,ბერიაშვილი,სოსო ბერიაშვილი,უპარტიო,,party_lists_2016_georgia_unified.xlsx
parl_2016,__main__,pr,georgian_group,ჯონდი ბაღათურია - ქართული დასი,4,,,49,,გიორგი,გაბუნია,გიორგი გაბუნია,უპარტიო,,party_lists_2016_georgia_unified.xlsx
parl_2016,__main__,pr,georgian_group,ჯონდი ბაღათურია - ქართული დასი,4,,,50,,თეიმურაზი,გაბუნია,თეიმურაზი გაბუნია,უპარტიო,,party_lists_2016_georgia_unified.xlsx
parl_2016,__main__,pr,georgian_group,ჯონდი ბაღათურია - ქართული დასი,4,,,51,,ლუიზა,ვეფხვაძე-მეშველაშვი,ლუიზა ვეფხვაძე-მეშველაშვი,უპარტიო,,party_lists_2016_georgia_unified.xlsx
parl_2016,__main__,pr,georgian_group,ჯონდი ბაღათურია - ქართული დასი,4,,,52,,დიანა,ხელაშვილი,დიანა ხელაშვილი,უპარტიო,,party_lists_2016_georgia_unified.xlsx
parl_2016,__main__,pr,georgian_group,ჯონდი ბაღათურია - ქართული დასი,4,,,53,,შორენა,ხელაშვილი,შორენა ხელაშვილი,უპარტიო,,party_lists_2016_georgia_unified.xlsx
parl_2016,__main__,pr,georgian_group,ჯონდი ბაღათურია - ქართული დასი,4,,,54,,ელენე,ჟამუტაშვილი,ელენე ჟამუტაშვილი,უპარტიო,,party_lists_2016_georgia_unified.xlsx
parl_2016,__main__,pr,georgian_group,ჯონდი ბაღათურია - ქართული დასი,4,,,55,,გიორგი,მაისურაძე,გიორგი მაისურაძე,უპარტიო,,party_lists_2016_georgia_unified.xlsx
parl_2016,__main__,pr,georgian_group,ჯონდი ბაღათურია - ქართული დასი,4,,,56,,გიორგი,კაციტაძე,გიორგი კაციტაძე,უპარტიო,,party_lists_2016_georgia_unified.xlsx
parl_2016,__main__,pr,georgian_group,ჯონდი ბაღათურია - ქართული დასი,4,,,57,,ბადრი,მაისურაძე,ბადრი მაისურაძე,უპარტიო,,party_lists_2016_georgia_unified.xlsx
parl_2016,__main__,pr,georgian_group,ჯონდი ბაღათურია - ქართული დასი,4,,,58,,ნიკა,ციხელაშვილი,ნიკა ციხელაშვილი,უპარტიო,,party_lists_2016_georgia_unified.xlsx
parl_2016,__main__,pr,georgian_group,ჯონდი ბაღათურია - ქართული დასი,4,,,59,,იოსებ,მაისურაძე,იოსებ მაისურაძე,უპარტიო,,party_lists_2016_georgia_unified.xlsx
parl_2016,__main__,pr,georgian_group,ჯონდი ბაღათურია - ქართული დასი,4,,,60,,კობა,გულორდავა,კობა გულორდავა,უპარტიო,,party_lists_2016_georgia_unified.xlsx
parl_2016,__main__,pr,georgian_group,ჯონდი ბაღათურია - ქართული დასი,4,,,61,,ნაიბი,კობახიძე,ნაიბი კობახიძე,უპარტიო,,party_lists_2016_georgia_unified.xlsx
parl_2016,__main__,pr,georgian_group,ჯონდი ბაღათურია - ქართული დასი,4,,,62,,დათო,ძაძამია,დათო ძაძამია,უპარტიო,,party_lists_2016_georgia_unified.xlsx
parl_2016,__main__,pr,georgian_group,ჯონდი ბაღათურია - ქართული დასი,4,,,63,,ზაზა,აფციაურიპ.გ,ზაზა აფციაურიპ.გ,",,ქართული დასი""",,party_lists_2016_georgia_unified.xlsx
parl_2016,__main__,pr,georgian_group,ჯონდი ბაღათურია - ქართული დასი,4,,,64,,ზვიადი,აფციაურიპ.გ,ზვიადი აფციაურიპ.გ,",,ქართული დასი""",,party_lists_2016_georgia_unified.xlsx
parl_2016,__main__,pr,georgian_group,ჯონდი ბაღათურია - ქართული დასი,4,,,65,,დალი,ორაგველიძე,დალი ორაგველიძე,უპარტიო,,party_lists_2016_georgia_unified.xlsx
parl_2016,__main__,pr,georgian_group,ჯონდი ბაღათურია - ქართული დასი,4,,,66,,ნინო,დევრისაშვილი,ნინო დევრისაშვილი,უპარტიო,,party_lists_2016_georgia_unified.xlsx
parl_2016,__main__,pr,georgian_group,ჯონდი ბაღათურია - ქართული დასი,4,,,67,,ნინო,ქარდავა,ნინო ქარდავა,უპარტიო,,party_lists_2016_georgia_unified.xlsx
parl_2016,__main__,pr,georgian_group,ჯონდი ბაღათურია - ქართული დასი,4,,,68,,ცისანა,ბანცურიპ.გ,ცისანა ბანცურიპ.გ,",,ქართული დასი""",,party_lists_2016_georgia_unified.xlsx
parl_2016,__main__,pr,georgian_group,ჯონდი ბაღათურია - ქართული დასი,4,,,69,,ლეილა,არაბულიპ.გ,ლეილა არაბულიპ.გ,",,ქართული დასი""",,party_lists_2016_georgia_unified.xlsx
parl_2016,__main__,pr,georgian_group,ჯონდი ბაღათურია - ქართული დასი,4,,,70,,იზოლდა,რეხვიაშვილიპ.გ,იზოლდა რეხვიაშვილიპ.გ,",,ქართული დასი""",,party_lists_2016_georgia_unified.xlsx
parl_2016,__main__,pr,georgian_group,ჯონდი ბაღათურია - ქართული დასი,4,,,71,,ნანა,ვერულიძე,ნანა ვერულიძე,უპარტიო,,party_lists_2016_georgia_unified.xlsx
parl_2016,__main__,pr,georgian_group,ჯონდი ბაღათურია - ქართული დასი,4,,,72,,ლეილა,ხინთიბიძე,ლეილა ხინთიბიძე,უპარტიო,,party_lists_2016_georgia_unified.xlsx
parl_2016,__main__,pr,georgian_group,ჯონდი ბაღათურია - ქართული დასი,4,,,73,,ცისანა,ანთაძე,ცისანა ანთაძე,უპარტიო,,party_lists_2016_georgia_unified.xlsx
parl_2016,__main__,pr,georgian_group,ჯონდი ბაღათურია - ქართული დასი,4,,,74,,ზინაიდა,ორჯონიკიძე,ზინაიდა ორჯონიკიძე,უპარტიო,,party_lists_2016_georgia_unified.xlsx
parl_2016,__main__,pr,georgian_group,ჯონდი ბაღათურია - ქართული დასი,4,,,75,,იოსებ,დარბაიძე,იოსებ დარბაიძე,უპარტიო,,party_lists_2016_georgia_unified.xlsx
parl_2016,__main__,pr,georgian_group,ჯონდი ბაღათურია - ქართული დასი,4,,,76,,ზვიად,გიკაშვილი,ზვიად გიკაშვილი,უპარტიო,,party_lists_2016_georgia_unified.xlsx
parl_2016,__main__,pr,georgian_group,ჯონდი ბაღათურია - ქართული დასი,4,,,77,,დავით,დარბაიძე,დავით დარბაიძე,უპარტიო,,party_lists_2016_georgia_unified.xlsx
parl_2016,__main__,pr,georgian_group,ჯონდი ბაღათურია - ქართული დასი,4,,,78,,დარეჯანი,ასლანოვი,დარეჯანი ასლანოვი,უპარტიო,,party_lists_2016_georgia_unified.xlsx
parl_2016,__main__,pr,georgian_group,ჯონდი ბაღათურია - ქართული დასი,4,,,79,,ლადა,ლუზაკინაპ.გ,ლადა ლუზაკინაპ.გ,",,ქართული დასი""",,party_lists_2016_georgia_unified.xlsx
parl_2016,__main__,pr,georgian_group,ჯონდი ბაღათურია - ქართული დასი,4,,,80,,ჯულეტა,წურწუმია,ჯულეტა წურწუმია,უპარტიო,,party_lists_2016_georgia_unified.xlsx
parl_2016,__main__,pr,georgian_group,ჯონდი ბაღათურია - ქართული დასი,4,,,81,,ირმა,მამალაძე,ირმა მამალაძე,უპარტიო,,party_lists_2016_georgia_unified.xlsx
parl_2016,__main__,pr,georgian_group,ჯონდი ბაღათურია - ქართული დასი,4,,,82,,დოდო,წურწუმია,დოდო წურწუმია,უპარტიო,,party_lists_2016_georgia_unified.xlsx
parl_2016,__main__,pr,georgian_group,ჯონდი ბაღათურია - ქართული დასი,4,,,83,,ეკატერინე,გახარია,ეკატერინე გახარია,უპარტიო,,party_lists_2016_georgia_unified.xlsx
parl_2016,__main__,pr,georgian_group,ჯონდი ბაღათურია - ქართული დასი,4,,,84,,გიორგი,ძიძიგური,გიორგი ძიძიგური,უპარტიო,,party_lists_2016_georgia_unified.xlsx
parl_2016,__main__,pr,georgian_group,ჯონდი ბაღათურია - ქართული დასი,4,,,85,,ხათუნა,კუპრაშვილი,ხათუნა კუპრაშვილი,უპარტიო,,party_lists_2016_georgia_unified.xlsx
parl_2016,__main__,pr,georgian_group,ჯონდი ბაღათურია - ქართული დასი,4,,,86,,მარინა,კუპრაშვილი,მარინა კუპრაშვილი,უპარტიო,,party_lists_2016_georgia_unified.xlsx
parl_2016,__main__,pr,georgian_group,ჯონდი ბაღათურია - ქართული დასი,4,,,87,,ლალი,ქათამაძე,ლალი ქათამაძე,უპარტიო,,party_lists_2016_georgia_unified.xlsx
parl_2016,__main__,pr,georgian_group,ჯონდი ბაღათურია - ქართული დასი,4,,,88,,ანა,მუჯარიძე,ანა მუჯარიძე,უპარტიო,,party_lists_2016_georgia_unified.xlsx
parl_2016,__main__,pr,georgian_group,ჯონდი ბაღათურია - ქართული დასი,4,,,89,,ომარ,ირემაძე,ომარ ირემაძე,უპარტიო,,party_lists_2016_georgia_unified.xlsx
parl_2016,__main__,pr,georgian_group,ჯონდი ბაღათურია - ქართული დასი,4,,,90,,მზია,ირემაძე,მზია ირემაძე,უპარტიო,,party_lists_2016_georgia_unified.xlsx
parl_2016,__main__,pr,georgian_group,ჯონდი ბაღათურია - ქართული დასი,4,,,91,,რიტა,ირემაძე,რიტა ირემაძე,უპარტიო,,party_lists_2016_georgia_unified.xlsx
parl_2016,__main__,pr,georgian_group,ჯონდი ბაღათურია - ქართული დასი,4,,,92,,თამარი,კიპაროიძე,თამარი კიპაროიძე,უპარტიო,,party_lists_2016_georgia_unified.xlsx
parl_2016,__main__,pr,georgian_group,ჯონდი ბაღათურია - ქართული დასი,4,,,93,,ლაშა,სისვაძე,ლაშა სისვაძე,უპარტიო,,party_lists_2016_georgia_unified.xlsx
parl_2016,__main__,pr,georgian_group,ჯონდი ბაღათურია - ქართული დასი,4,,,94,,თორნიკე,შერვაშიძე,თორნიკე შერვაშიძე,უპარტიო,,party_lists_2016_georgia_unified.xlsx
parl_2016,__main__,pr,georgian_group,ჯონდი ბაღათურია - ქართული დასი,4,,,95,,მარიამი,ნასყიდაშვილი,მარიამი ნასყიდაშვილი,უპარტიო,,party_lists_2016_georgia_unified.xlsx
parl_2016,__main__,pr,georgian_group,ჯონდი ბაღათურია - ქართული დასი,4,,,96,,ია,ლაბაძე,ია ლაბაძე,უპარტიო,,party_lists_2016_georgia_unified.xlsx
parl_2016,__main__,pr,georgian_group,ჯონდი ბაღათურია - ქართული დასი,4,,,97,,ხვიჩა,კუპრაშვილი,ხვიჩა კუპრაშვილი,უპარტიო,,party_lists_2016_georgia_unified.xlsx
parl_2016,__main__,pr,georgian_group,ჯონდი ბაღათურია - ქართული დასი,4,,,98,,ზაზა,ტურიაშვილი,ზაზა ტურიაშვილი,უპარტიო,,party_lists_2016_georgia_unified.xlsx
parl_2016,__main__,pr,georgian_group,ჯონდი ბაღათურია - ქართული დასი,4,,,99,,შალვა,მირიჯანაშვილი,შალვა მირიჯანაშვილი,უპარტიო,,party_lists_2016_georgia_unified.xlsx
parl_2016,__main__,pr,georgian_group,ჯონდი ბაღათურია - ქართული დასი,4,,,100,,ალექსანდრე,გოგიჩაშვილიპ.გ.,ალექსანდრე გოგიჩაშვილიპ.გ.,„ქართული დასი“,,party_lists_2016_georgia_unified.xlsx
parl_2016,__main__,pr,georgian_group,ჯონდი ბაღათურია - ქართული დასი,4,,,101,,ნუნუ,მარსაგიშვილი,ნუნუ მარსაგიშვილი,უპარტიო,,party_lists_2016_georgia_unified.xlsx
parl_2016,__main__,pr,georgian_group,ჯონდი ბაღათურია - ქართული დასი,4,,,102,,მამუკა,აიდარაშვილი,მამუკა აიდარაშვილი,უპარტიო,,party_lists_2016_georgia_unified.xlsx
parl_2016,__main__,pr,georgian_group,ჯონდი ბაღათურია - ქართული დასი,4,,,103,,ჟანა,მირიჯანაშვილი,ჟანა მირიჯანაშვილი,უპარტიო,,party_lists_2016_georgia_unified.xlsx
parl_2016,__main__,pr,georgian_group,ჯონდი ბაღათურია - ქართული დასი,4,,,104,,ქეთევან,ონიანი,ქეთევან ონიანი,უპარტიო,,party_lists_2016_georgia_unified.xlsx
parl_2016,__main__,pr,georgian_group,ჯონდი ბაღათურია - ქართული დასი,4,,,105,,პაატა,ჭოჭუაპ.გ.,პაატა ჭოჭუაპ.გ.,„ქართული დასი“,,party_lists_2016_georgia_unified.xlsx
parl_2016,__main__,pr,georgian_group,ჯონდი ბაღათურია - ქართული დასი,4,,,106,,ვასილი,მჟავია,ვასილი მჟავია,უპარტიო,,party_lists_2016_georgia_unified.xlsx
parl_2016,__main__,pr,georgian_group,ჯონდი ბაღათურია - ქართული დასი,4,,,107,,ნატალია,გილაური,ნატალია გილაური,უპარტიო,,party_lists_2016_georgia_unified.xlsx
parl_2016,__main__,pr,georgian_group,ჯონდი ბაღათურია - ქართული დასი,4,,,108,,ლაშა,გორდაძეპ.გ.,ლაშა გორდაძეპ.გ.,„ქართული დასი“,,party_lists_2016_georgia_unified.xlsx
parl_2016,__main__,pr,georgian_group,ჯონდი ბაღათურია - ქართული დასი,4,,,109,,მარიამ,გიორგაძე,მარიამ გიორგაძე,უპარტიო,,party_lists_2016_georgia_unified.xlsx
parl_2016,__main__,pr,georgian_group,ჯონდი ბაღათურია - ქართული დასი,4,,,110,,დარიკო,წურწუმია,დარიკო წურწუმია,უპარტიო,,party_lists_2016_georgia_unified.xlsx
parl_2016,__main__,pr,georgian_group,ჯონდი ბაღათურია - ქართული დასი,4,,,111,,გიორგი,წურწუმია,გიორგი წურწუმია,უპარტიო,,party_lists_2016_georgia_unified.xlsx
parl_2016,__main__,pr,georgian_group,ჯონდი ბაღათურია - ქართული დასი,4,,,112,,დავით,ჩილინდრიშვილი,დავით ჩილინდრიშვილი,უპარტიო,,party_lists_2016_georgia_unified.xlsx
parl_2016,__main__,pr,georgian_group,ჯონდი ბაღათურია - ქართული დასი,4,,,113,,დიანა,გოგატიშვილი,დიანა გოგატიშვილი,უპარტიო,,party_lists_2016_georgia_unified.xlsx
parl_2016,__main__,pr,georgian_group,ჯონდი ბაღათურია - ქართული დასი,4,,,114,,მედეა,წაქაძე,მედეა წაქაძე,უპარტიო,,party_lists_2016_georgia_unified.xlsx
parl_2016,__main__,pr,georgian_group,ჯონდი ბაღათურია - ქართული დასი,4,,,115,,გიგლა,მურადაშვილი,გიგლა მურადაშვილი,უპარტიო,,party_lists_2016_georgia_unified.xlsx
parl_2016,__main__,pr,georgian_group,ჯონდი ბაღათურია - ქართული დასი,4,,,116,,ანა,კალანდაძე,ანა კალანდაძე,უპარტიო,,party_lists_2016_georgia_unified.xlsx
parl_2016,__main__,pr,georgian_group,ჯონდი ბაღათურია - ქართული დასი,4,,,117,,ნონა,მეტრეველი,ნონა მეტრეველი,უპარტიო,,party_lists_2016_georgia_unified.xlsx
parl_2016,__main__,pr,georgian_group,ჯონდი ბაღათურია - ქართული დასი,4,,,118,,ლილე,ყიფიანი,ლილე ყიფიანი,უპარტიო,,party_lists_2016_georgia_unified.xlsx
parl_2016,__main__,pr,georgian_group,ჯონდი ბაღათურია - ქართული დასი,4,,,119,,დავით,გოგოლაძე,დავით გოგოლაძე,უპარტიო,,party_lists_2016_georgia_unified.xlsx
parl_2016,__main__,pr,georgian_group,ჯონდი ბაღათურია - ქართული დასი,4,,,120,,ლალი,ჩხენკელი,ლალი ჩხენკელი,უპარტიო,,party_lists_2016_georgia_unified.xlsx
parl_2016,__main__,pr,georgian_group,ჯონდი ბაღათურია - ქართული დასი,4,,,121,,ვაჟა,ზირაქაშვილი,ვაჟა ზირაქაშვილი,უპარტიო,,party_lists_2016_georgia_unified.xlsx
parl_2016,__main__,pr,georgian_group,ჯონდი ბაღათურია - ქართული დასი,4,,,122,,არჩილ,სიდამონიძე,არჩილ სიდამონიძე,უპარტიო,,party_lists_2016_georgia_unified.xlsx
parl_2016,__main__,pr,georgian_group,ჯონდი ბაღათურია - ქართული დასი,4,,,123,,თამარ,ლემონჯავა,თამარ ლემონჯავა,უპარტიო,,party_lists_2016_georgia_unified.xlsx
parl_2016,__main__,pr,georgian_group,ჯონდი ბაღათურია - ქართული დასი,4,,,124,,ნუგზარ,ჭკადუა,ნუგზარ ჭკადუა,უპარტიო,,party_lists_2016_georgia_unified.xlsx
parl_2016,__main__,pr,georgian_group,ჯონდი ბაღათურია - ქართული დასი,4,,,125,,მარინა,საჩკო,მარინა საჩკო,უპარტიო,,party_lists_2016_georgia_unified.xlsx
parl_2016,__main__,pr,georgian_group,ჯონდი ბაღათურია - ქართული დასი,4,,,126,,ზურაბ,გლოველი,ზურაბ გლოველი,უპარტიო,,party_lists_2016_georgia_unified.xlsx
parl_2016,__main__,pr,georgian_group,ჯონდი ბაღათურია - ქართული დასი,4,,,127,,ბერუჩა,ნიკოლაიშვილი,ბერუჩა ნიკოლაიშვილი,უპარტიო,,party_lists_2016_georgia_unified.xlsx
parl_2016,__main__,pr,georgian_group,ჯონდი ბაღათურია - ქართული დასი,4,,,128,,იალა,მჟავანაძე,იალა მჟავანაძე,უპარტიო,,party_lists_2016_georgia_unified.xlsx
parl_2016,__main__,pr,georgian_group,ჯონდი ბაღათურია - ქართული დასი,4,,,129,,გულიკო,მჟავანაძე,გულიკო მჟავანაძე,უპარტიო,,party_lists_2016_georgia_unified.xlsx
parl_2016,__main__,pr,georgian_group,ჯონდი ბაღათურია - ქართული დასი,4,,,130,,უშანგი,სულაქველიძე,უშანგი სულაქველიძე,უპარტიო,,party_lists_2016_georgia_unified.xlsx
parl_2016,__main__,pr,georgian_group,ჯონდი ბაღათურია - ქართული დასი,4,,,131,,ვალერი,ლეჟავა,ვალერი ლეჟავა,უპარტიო,,party_lists_2016_georgia_unified.xlsx
parl_2016,__main__,pr,georgian_group,ჯონდი ბაღათურია - ქართული დასი,4,,,132,,ნანა,ალექსანდრია,ნანა ალექსანდრია,უპარტიო,,party_lists_2016_georgia_unified.xlsx
parl_2016,__main__,pr,georgian_group,ჯონდი ბაღათურია - ქართული დასი,4,,,133,,ვაჟა,ალექსანდრია,ვაჟა ალექსანდრია,უპარტიო,,party_lists_2016_georgia_unified.xlsx
parl_2016,__main__,pr,unm,საარჩევნო ბლოკი ერთიანი ნაციონალური მოძრაობა,5,,,1,,დავით,ბაქრაძე,დავით ბაქრაძე,„ერთიანი ნაციონალური მოძრაობა”,,party_lists_2016_georgia_unified.xlsx
parl_2016,__main__,pr,unm,საარჩევნო ბლოკი ერთიანი ნაციონალური მოძრაობა,5,,,2,,სანდრა,ელისაბედრულოვს,სანდრა ელისაბედრულოვს,უპარტიო,,party_lists_2016_georgia_unified.xlsx
parl_2016,__main__,pr,unm,საარჩევნო ბლოკი ერთიანი ნაციონალური მოძრაობა,5,,,3,,ელენე,ხოშტარია,ელენე ხოშტარია,უპარტიო,,party_lists_2016_georgia_unified.xlsx
parl_2016,__main__,pr,unm,საარჩევნო ბლოკი ერთიანი ნაციონალური მოძრაობა,5,,,4,,რომან,გოცირიძე,რომან გოცირიძე,უპარტიო,,party_lists_2016_georgia_unified.xlsx
parl_2016,__main__,pr,unm,საარჩევნო ბლოკი ერთიანი ნაციონალური მოძრაობა,5,,,5,,ნიკანორი,მელია,ნიკანორი მელია,„ერთიანი ნაციონალური მოძრაობა”,,party_lists_2016_georgia_unified.xlsx
parl_2016,__main__,pr,unm,საარჩევნო ბლოკი ერთიანი ნაციონალური მოძრაობა,5,,,6,,გიორგი,ტუღუში,გიორგი ტუღუში,უპარტიო,,party_lists_2016_georgia_unified.xlsx
parl_2016,__main__,pr,unm,საარჩევნო ბლოკი ერთიანი ნაციონალური მოძრაობა,5,,,7,,ოთარი,კახიძე,ოთარი კახიძე,უპარტიო,,party_lists_2016_georgia_unified.xlsx
parl_2016,__main__,pr,unm,საარჩევნო ბლოკი ერთიანი ნაციონალური მოძრაობა,5,,,8,,სალომე,სამადაშვილი,სალომე სამადაშვილი,უპარტიო,,party_lists_2016_georgia_unified.xlsx
parl_2016,__main__,pr,unm,საარჩევნო ბლოკი ერთიანი ნაციონალური მოძრაობა,5,,,9,,ირაკლი,აბესაძე,ირაკლი აბესაძე,„ერთიანი ნაციონალური მოძრაობა”,,party_lists_2016_georgia_unified.xlsx
parl_2016,__main__,pr,unm,საარჩევნო ბლოკი ერთიანი ნაციონალური მოძრაობა,5,,,10,,სერგი,კაპანაძე,სერგი კაპანაძე,უპარტიო,,party_lists_2016_georgia_unified.xlsx
parl_2016,__main__,pr,unm,საარჩევნო ბლოკი ერთიანი ნაციონალური მოძრაობა,5,,,11,,სერგო,რატიანი,სერგო რატიანი,„ერთიანი ნაციონალური მოძრაობა”,,party_lists_2016_georgia_unified.xlsx
parl_2016,__main__,pr,unm,საარჩევნო ბლოკი ერთიანი ნაციონალური მოძრაობა,5,,,12,,გიორგი,კანდელაკი,გიორგი კანდელაკი,„ერთიანი ნაციონალური მოძრაობა”,,party_lists_2016_georgia_unified.xlsx
parl_2016,__main__,pr,unm,საარჩევნო ბლოკი ერთიანი ნაციონალური მოძრაობა,5,,,13,,ლელა,ქებურია,ლელა ქებურია,„ერთიანი ნაციონალური მოძრაობა”,,party_lists_2016_georgia_unified.xlsx
parl_2016,__main__,pr,unm,საარჩევნო ბლოკი ერთიანი ნაციონალური მოძრაობა,5,,,14,,აკაკი,ბობოხიძე,აკაკი ბობოხიძე,„ერთიანი ნაციონალური მოძრაობა”,,party_lists_2016_georgia_unified.xlsx
parl_2016,__main__,pr,unm,საარჩევნო ბლოკი ერთიანი ნაციონალური მოძრაობა,5,,,15,,გიორგი,ბოკერია,გიორგი ბოკერია,„ერთიანი ნაციონალური მოძრაობა”,,party_lists_2016_georgia_unified.xlsx
parl_2016,__main__,pr,unm,საარჩევნო ბლოკი ერთიანი ნაციონალური მოძრაობა,5,,,16,,კობა,ნაყოფია,კობა ნაყოფია,„ერთიანი ნაციონალური მოძრაობა”,,party_lists_2016_georgia_unified.xlsx
parl_2016,__main__,pr,unm,საარჩევნო ბლოკი ერთიანი ნაციონალური მოძრაობა,5,,,17,,ირმა,ნადირაშვილი,ირმა ნადირაშვილი,„ერთიანი ნაციონალური მოძრაობა”,,party_lists_2016_georgia_unified.xlsx
parl_2016,__main__,pr,unm,საარჩევნო ბლოკი ერთიანი ნაციონალური მოძრაობა,5,,,18,,მამუკა,ჩიქოვანი,მამუკა ჩიქოვანი,„ერთიანი ნაციონალური მოძრაობა”,,party_lists_2016_georgia_unified.xlsx
parl_2016,__main__,pr,unm,საარჩევნო ბლოკი ერთიანი ნაციონალური მოძრაობა,5,,,19,,თინათინ,ბოკუჩავა,თინათინ ბოკუჩავა,„ერთიანი ნაციონალური მოძრაობა”,,party_lists_2016_georgia_unified.xlsx
parl_2016,__main__,pr,unm,საარჩევნო ბლოკი ერთიანი ნაციონალური მოძრაობა,5,,,20,,რამაზ,ნიკოლაიშვილი,რამაზ ნიკოლაიშვილი,„ერთიანი ნაციონალური მოძრაობა”,,party_lists_2016_georgia_unified.xlsx
parl_2016,__main__,pr,unm,საარჩევნო ბლოკი ერთიანი ნაციონალური მოძრაობა,5,,,21,,ზურაბ,ჭიაბერაშვილი,ზურაბ ჭიაბერაშვილი,„ერთიანი ნაციონალური მოძრაობა”,,party_lists_2016_georgia_unified.xlsx
parl_2016,__main__,pr,unm,საარჩევნო ბლოკი ერთიანი ნაციონალური მოძრაობა,5,,,22,,ლაშა,დამენია,ლაშა დამენია,„ერთიანი ნაციონალური მოძრაობა”,,party_lists_2016_georgia_unified.xlsx
parl_2016,__main__,pr,unm,საარჩევნო ბლოკი ერთიანი ნაციონალური მოძრაობა,5,,,23,,ხათუნა,გოგორიშვილი,ხათუნა გოგორიშვილი,„ერთიანი ნაციონალური მოძრაობა”,,party_lists_2016_georgia_unified.xlsx
parl_2016,__main__,pr,unm,საარჩევნო ბლოკი ერთიანი ნაციონალური მოძრაობა,5,,,24,,თენგიზ,გუნავა,თენგიზ გუნავა,„ერთიანი ნაციონალური მოძრაობა”,,party_lists_2016_georgia_unified.xlsx
parl_2016,__main__,pr,unm,საარჩევნო ბლოკი ერთიანი ნაციონალური მოძრაობა,5,,,25,,ზაზა,კედელაშვილი,ზაზა კედელაშვილი,„ერთიანი ნაციონალური მოძრაობა”,,party_lists_2016_georgia_unified.xlsx
parl_2016,__main__,pr,unm,საარჩევნო ბლოკი ერთიანი ნაციონალური მოძრაობა,5,,,26,,აზერ,სულეიმანოვი,აზერ სულეიმანოვი,„ერთიანი ნაციონალური მოძრაობა”,,party_lists_2016_georgia_unified.xlsx
parl_2016,__main__,pr,unm,საარჩევნო ბლოკი ერთიანი ნაციონალური მოძრაობა,5,,,27,,გიორგი,წერეთელი,გიორგი წერეთელი,„ერთიანი ნაციონალური მოძრაობა”,,party_lists_2016_georgia_unified.xlsx
parl_2016,__main__,pr,unm,საარჩევნო ბლოკი ერთიანი ნაციონალური მოძრაობა,5,,,28,,გიორგი,ღვინიაშვილი,გიორგი ღვინიაშვილი,„ერთიანი ნაციონალური მოძრაობა”,,party_lists_2016_georgia_unified.xlsx
parl_2016,__main__,pr,unm,საარჩევნო ბლოკი ერთიანი ნაციონალური მოძრაობა,5,,,29,,ნინო,კალანდაძე,ნინო კალანდაძე,„ერთიანი ნაციონალური მოძრაობა”,,party_lists_2016_georgia_unified.xlsx
parl_2016,__main__,pr,unm,საარჩევნო ბლოკი ერთიანი ნაციონალური მოძრაობა,5,,,30,,ომარ,მეგრელიძე,ომარ მეგრელიძე,„ერთიანი ნაციონალური მოძრაობა”,,party_lists_2016_georgia_unified.xlsx
parl_2016,__main__,pr,unm,საარჩევნო ბლოკი ერთიანი ნაციონალური მოძრაობა,5,,,31,,არსენ,კარაპეტიან,არსენ კარაპეტიან,უპარტიო,,party_lists_2016_georgia_unified.xlsx
parl_2016,__main__,pr,unm,საარჩევნო ბლოკი ერთიანი ნაციონალური მოძრაობა,5,,,32,,მიხეილი,მაჭავარიანი,მიხეილი მაჭავარიანი,„ერთიანი ნაციონალური მოძრაობა”,,party_lists_2016_georgia_unified.xlsx
parl_2016,__main__,pr,unm,საარჩევნო ბლოკი ერთიანი ნაციონალური მოძრაობა,5,,,33,,ბადრი,ბასიშვილი,ბადრი ბასიშვილი,„ერთიანი ნაციონალური მოძრაობა”,,party_lists_2016_georgia_unified.xlsx
parl_2016,__main__,pr,unm,საარჩევნო ბლოკი ერთიანი ნაციონალური მოძრაობა,5,,,34,,ზურაბი,ჩილინგარაშვილი,ზურაბი ჩილინგარაშვილი,„ერთიანი ნაციონალური მოძრაობა”,,party_lists_2016_georgia_unified.xlsx
parl_2016,__main__,pr,unm,საარჩევნო ბლოკი ერთიანი ნაციონალური მოძრაობა,5,,,35,,ეკატერინე,ხერხეულიძე,ეკატერინე ხერხეულიძე,„ერთიანი ნაციონალური მოძრაობა”,,party_lists_2016_georgia_unified.xlsx
parl_2016,__main__,pr,unm,საარჩევნო ბლოკი ერთიანი ნაციონალური მოძრაობა,5,,,36,,ლევან,თარხნიშვილი,ლევან თარხნიშვილი,„ერთიანი ნაციონალური მოძრაობა”,,party_lists_2016_georgia_unified.xlsx
parl_2016,__main__,pr,unm,საარჩევნო ბლოკი ერთიანი ნაციონალური მოძრაობა,5,,,37,,დიმიტრი,ძაგნიძე,დიმიტრი ძაგნიძე,უპარტიო,,party_lists_2016_georgia_unified.xlsx
parl_2016,__main__,pr,unm,საარჩევნო ბლოკი ერთიანი ნაციონალური მოძრაობა,5,,,38,,დავით,გოგოხია,დავით გოგოხია,„ერთიანი ნაციონალური მოძრაობა”,,party_lists_2016_georgia_unified.xlsx
parl_2016,__main__,pr,unm,საარჩევნო ბლოკი ერთიანი ნაციონალური მოძრაობა,5,,,39,,ლევან,კონჯარია,ლევან კონჯარია,„ერთიანი ნაციონალური მოძრაობა”,,party_lists_2016_georgia_unified.xlsx
parl_2016,__main__,pr,unm,საარჩევნო ბლოკი ერთიანი ნაციონალური მოძრაობა,5,,,40,,მამუკა,საღარეიშვილი,მამუკა საღარეიშვილი,„ერთიანი ნაციონალური მოძრაობა”,,party_lists_2016_georgia_unified.xlsx
parl_2016,__main__,pr,unm,საარჩევნო ბლოკი ერთიანი ნაციონალური მოძრაობა,5,,,41,,სოფიკო,სიუკაევა,სოფიკო სიუკაევა,„ერთიანი ნაციონალური მოძრაობა”,,party_lists_2016_georgia_unified.xlsx
parl_2016,__main__,pr,unm,საარჩევნო ბლოკი ერთიანი ნაციონალური მოძრაობა,5,,,42,,ნინო,კვიტაიშვილი,ნინო კვიტაიშვილი,უპარტიო,,party_lists_2016_georgia_unified.xlsx
parl_2016,__main__,pr,unm,საარჩევნო ბლოკი ერთიანი ნაციონალური მოძრაობა,5,,,43,,დავით,დარჩიაშვილი,დავით დარჩიაშვილი,„ერთიანი ნაციონალური მოძრაობა”,,party_lists_2016_georgia_unified.xlsx
parl_2016,__main__,pr,unm,საარჩევნო ბლოკი ერთიანი ნაციონალური მოძრაობა,5,,,44,,ხათუნა,ბერძენიშვილი,ხათუნა ბერძენიშვილი,„ერთიანი ნაციონალური მოძრაობა”,,party_lists_2016_georgia_unified.xlsx
parl_2016,__main__,pr,unm,საარჩევნო ბლოკი ერთიანი ნაციონალური მოძრაობა,5,,,45,,ლალი,რამინაშვილი,ლალი რამინაშვილი,„ერთიანი ნაციონალური მოძრაობა”,,party_lists_2016_georgia_unified.xlsx
parl_2016,__main__,pr,unm,საარჩევნო ბლოკი ერთიანი ნაციონალური მოძრაობა,5,,,46,,ბესიკი,კვიციანი,ბესიკი კვიციანი,„ერთიანი ნაციონალური მოძრაობა”,,party_lists_2016_georgia_unified.xlsx
parl_2016,__main__,pr,unm,საარჩევნო ბლოკი ერთიანი ნაციონალური მოძრაობა,5,,,47,,ბესიკ,წერედიანი,ბესიკ წერედიანი,„ერთიანი ნაციონალური მოძრაობა”,,party_lists_2016_georgia_unified.xlsx
parl_2016,__main__,pr,unm,საარჩევნო ბლოკი ერთიანი ნაციონალური მოძრაობა,5,,,48,,ზვიადი,დუშმანაშვილი,ზვიადი დუშმანაშვილი,„ერთიანი ნაციონალური მოძრაობა”,,party_lists_2016_georgia_unified.xlsx
parl_2016,__main__,pr,unm,საარჩევნო ბლოკი ერთიანი ნაციონალური მოძრაობა,5,,,49,,კონსტანტინე,მიქელაძე,კონსტანტინე მიქელაძე,„ერთიანი ნაციონალური მოძრაობა”,,party_lists_2016_georgia_unified.xlsx
parl_2016,__main__,pr,unm,საარჩევნო ბლოკი ერთიანი ნაციონალური მოძრაობა,5,,,50,,გევორქ,შუშანიან,გევორქ შუშანიან,„ერთიანი ნაციონალური მოძრაობა”,,party_lists_2016_georgia_unified.xlsx
parl_2016,__main__,pr,unm,საარჩევნო ბლოკი ერთიანი ნაციონალური მოძრაობა,5,,,51,,თამარი,დალაქიშვილი,თამარი დალაქიშვილი,„ერთიანი ნაციონალური მოძრაობა”,,party_lists_2016_georgia_unified.xlsx
parl_2016,__main__,pr,unm,საარჩევნო ბლოკი ერთიანი ნაციონალური მოძრაობა,5,,,52,,ოთარ,სირაძე,ოთარ სირაძე,„ერთიანი ნაციონალური მოძრაობა”,,party_lists_2016_georgia_unified.xlsx
parl_2016,__main__,pr,unm,საარჩევნო ბლოკი ერთიანი ნაციონალური მოძრაობა,5,,,53,,ალექსანდრე,ბერიძე,ალექსანდრე ბერიძე,„ერთიანი ნაციონალური მოძრაობა”,,party_lists_2016_georgia_unified.xlsx
parl_2016,__main__,pr,unm,საარჩევნო ბლოკი ერთიანი ნაციონალური მოძრაობა,5,,,54,,ვიქტორ,გოგუაძე,ვიქტორ გოგუაძე,„ერთიანი ნაციონალური მოძრაობა”,,party_lists_2016_georgia_unified.xlsx
parl_2016,__main__,pr,unm,საარჩევნო ბლოკი ერთიანი ნაციონალური მოძრაობა,5,,,55,,ნატალია,ბაბუხადია,ნატალია ბაბუხადია,„ერთიანი ნაციონალური მოძრაობა”,,party_lists_2016_georgia_unified.xlsx
parl_2016,__main__,pr,unm,საარჩევნო ბლოკი ერთიანი ნაციონალური მოძრაობა,5,,,56,,როინ,მახარობლიძე,როინ მახარობლიძე,„ერთიანი ნაციონალური მოძრაობა”,,party_lists_2016_georgia_unified.xlsx
parl_2016,__main__,pr,unm,საარჩევნო ბლოკი ერთიანი ნაციონალური მოძრაობა,5,,,57,,ბაკური,მგელაძე,ბაკური მგელაძე,„ერთიანი ნაციონალური მოძრაობა”,,party_lists_2016_georgia_unified.xlsx
parl_2016,__main__,pr,unm,საარჩევნო ბლოკი ერთიანი ნაციონალური მოძრაობა,5,,,58,,ლევან,ბაღაშვილი,ლევან ბაღაშვილი,„ერთიანი ნაციონალური მოძრაობა”,,party_lists_2016_georgia_unified.xlsx
parl_2016,__main__,pr,unm,საარჩევნო ბლოკი ერთიანი ნაციონალური მოძრაობა,5,,,59,,ლაშა,იმერლიშვილი,ლაშა იმერლიშვილი,„ერთიანი ნაციონალური მოძრაობა”,,party_lists_2016_georgia_unified.xlsx
parl_2016,__main__,pr,unm,საარჩევნო ბლოკი ერთიანი ნაციონალური მოძრაობა,5,,,60,,დიმიტრი,კორიფაძე,დიმიტრი კორიფაძე,„ერთიანი ნაციონალური მოძრაობა”,,party_lists_2016_georgia_unified.xlsx
parl_2016,__main__,pr,unm,საარჩევნო ბლოკი ერთიანი ნაციონალური მოძრაობა,5,,,61,,ზურაბ,ოზგებიშვილი,ზურაბ ოზგებიშვილი,„ერთიანი ნაციონალური მოძრაობა”,,party_lists_2016_georgia_unified.xlsx
parl_2016,__main__,pr,unm,საარჩევნო ბლოკი ერთიანი ნაციონალური მოძრაობა,5,,,62,,ბესიკი,ბექაური,ბესიკი ბექაური,„ერთიანი ნაციონალური მოძრაობა”,,party_lists_2016_georgia_unified.xlsx
parl_2016,__main__,pr,unm,საარჩევნო ბლოკი ერთიანი ნაციონალური მოძრაობა,5,,,63,,გიორგი,თევდორაძე,გიორგი თევდორაძე,„ერთიანი ნაციონალური მოძრაობა”,,party_lists_2016_georgia_unified.xlsx
parl_2016,__main__,pr,unm,საარჩევნო ბლოკი ერთიანი ნაციონალური მოძრაობა,5,,,64,,მირდატ,ქამადაძე,მირდატ ქამადაძე,„ერთიანი ნაციონალური მოძრაობა”,,party_lists_2016_georgia_unified.xlsx
parl_2016,__main__,pr,unm,საარჩევნო ბლოკი ერთიანი ნაციონალური მოძრაობა,5,,,65,,გიორგი,კირთაძე,გიორგი კირთაძე,„ერთიანი ნაციონალური მოძრაობა”,,party_lists_2016_georgia_unified.xlsx
parl_2016,__main__,pr,unm,საარჩევნო ბლოკი ერთიანი ნაციონალური მოძრაობა,5,,,66,,თეიმურაზ,დუმბაძე,თეიმურაზ დუმბაძე,„ერთიანი ნაციონალური მოძრაობა”,,party_lists_2016_georgia_unified.xlsx
parl_2016,__main__,pr,unm,საარჩევნო ბლოკი ერთიანი ნაციონალური მოძრაობა,5,,,67,,ჯანსუღ,ჯინჭარაძე,ჯანსუღ ჯინჭარაძე,„ერთიანი ნაციონალური მოძრაობა”,,party_lists_2016_georgia_unified.xlsx
parl_2016,__main__,pr,unm,საარჩევნო ბლოკი ერთიანი ნაციონალური მოძრაობა,5,,,68,,მიშა,ბოლქვაძე,მიშა ბოლქვაძე,„ერთიანი ნაციონალური მოძრაობა”,,party_lists_2016_georgia_unified.xlsx
parl_2016,__main__,pr,unm,საარჩევნო ბლოკი ერთიანი ნაციონალური მოძრაობა,5,,,69,,ირაკლი,ჯორბენაძე,ირაკლი ჯორბენაძე,„ერთიანი ნაციონალური მოძრაობა”,,party_lists_2016_georgia_unified.xlsx
parl_2016,__main__,pr,unm,საარჩევნო ბლოკი ერთიანი ნაციონალური მოძრაობა,5,,,70,,რამაზ,თოლორდავა,რამაზ თოლორდავა,„ერთიანი ნაციონალური მოძრაობა”,,party_lists_2016_georgia_unified.xlsx
parl_2016,__main__,pr,unm,საარჩევნო ბლოკი ერთიანი ნაციონალური მოძრაობა,5,,,71,,ნიკოლოზი,რურუა,ნიკოლოზი რურუა,უპარტიო,,party_lists_2016_georgia_unified.xlsx
parl_2016,__main__,pr,unm,საარჩევნო ბლოკი ერთიანი ნაციონალური მოძრაობა,5,,,72,,პეტრე,ცისკარიშვილი,პეტრე ცისკარიშვილი,„ერთიანი ნაციონალური მოძრაობა”,,party_lists_2016_georgia_unified.xlsx
parl_2016,__main__,pr,unm,საარჩევნო ბლოკი ერთიანი ნაციონალური მოძრაობა,5,,,73,,მიხეილ,გოგოტიშვილი,მიხეილ გოგოტიშვილი,„ერთიანი ნაციონალური მოძრაობა”,,party_lists_2016_georgia_unified.xlsx
parl_2016,__main__,pr,unm,საარჩევნო ბლოკი ერთიანი ნაციონალური მოძრაობა,5,,,74,,ჯარჯი,დოლიძე,ჯარჯი დოლიძე,„ერთიანი ნაციონალური მოძრაობა”,,party_lists_2016_georgia_unified.xlsx
parl_2016,__main__,pr,unm,საარჩევნო ბლოკი ერთიანი ნაციონალური მოძრაობა,5,,,75,,გიორგი,როინიშვილი,გიორგი როინიშვილი,„ერთიანი ნაციონალური მოძრაობა”,,party_lists_2016_georgia_unified.xlsx
parl_2016,__main__,pr,unm,საარჩევნო ბლოკი ერთიანი ნაციონალური მოძრაობა,5,,,76,,სევდია,უგრეხელიძე,სევდია უგრეხელიძე,„ერთიანი ნაციონალური მოძრაობა”,,party_lists_2016_georgia_unified.xlsx
parl_2016,__main__,pr,unm,საარჩევნო ბლოკი ერთიანი ნაციონალური მოძრაობა,5,,,77,,გიორგი,ონიანი,გიორგი ონიანი,„ერთიანი ნაციონალური მოძრაობა”,,party_lists_2016_georgia_unified.xlsx
parl_2016,__main__,pr,unm,საარჩევნო ბლოკი ერთიანი ნაციონალური მოძრაობა,5,,,78,,ირაკლი,ნადირაძე,ირაკლი ნადირაძე,„ერთიანი ნაციონალური მოძრაობა”,,party_lists_2016_georgia_unified.xlsx
parl_2016,__main__,pr,unm,საარჩევნო ბლოკი ერთიანი ნაციონალური მოძრაობა,5,,,79,,დათო,ჟღენტი,დათო ჟღენტი,„ერთიანი ნაციონალური მოძრაობა”,,party_lists_2016_georgia_unified.xlsx
parl_2016,__main__,pr,unm,საარჩევნო ბლოკი ერთიანი ნაციონალური მოძრაობა,5,,,80,,გიორგი,ხახნელიძე,გიორგი ხახნელიძე,„ერთიანი ნაციონალური მოძრაობა”,,party_lists_2016_georgia_unified.xlsx
parl_2016,__main__,pr,unm,საარჩევნო ბლოკი ერთიანი ნაციონალური მოძრაობა,5,,,81,,ირაკლი,ჩოლოყაშვილი,ირაკლი ჩოლოყაშვილი,უპარტიო,,party_lists_2016_georgia_unified.xlsx
parl_2016,__main__,pr,unm,საარჩევნო ბლოკი ერთიანი ნაციონალური მოძრაობა,5,,,82,,დავით,ნაფეტვარიძე,დავით ნაფეტვარიძე,„ერთიანი ნაციონალური მოძრაობა”,,party_lists_2016_georgia_unified.xlsx
parl_2016,__main__,pr,unm,საარჩევნო ბლოკი ერთიანი ნაციონალური მოძრაობა,5,,,83,,ირაკლი,დვალი,ირაკლი დვალი,„ერთიანი ნაციონალური მოძრაობა”,,party_lists_2016_georgia_unified.xlsx
parl_2016,__main__,pr,unm,საარჩევნო ბლოკი ერთიანი ნაციონალური მოძრაობა,5,,,84,,მურმან,თხელიძე,მურმან თხელიძე,„ერთიანი ნაციონალური მოძრაობა”,,party_lists_2016_georgia_unified.xlsx
parl_2016,__main__,pr,unm,საარჩევნო ბლოკი ერთიანი ნაციონალური მოძრაობა,5,,,85,,მამუკა,გუგეშაშვილი,მამუკა გუგეშაშვილი,„ერთიანი ნაციონალური მოძრაობა”,,party_lists_2016_georgia_unified.xlsx
parl_2016,__main__,pr,unm,საარჩევნო ბლოკი ერთიანი ნაციონალური მოძრაობა,5,,,86,,ლერი,დემეტრაშვილი,ლერი დემეტრაშვილი,„ერთიანი ნაციონალური მოძრაობა”,,party_lists_2016_georgia_unified.xlsx
parl_2016,__main__,pr,unm,საარჩევნო ბლოკი ერთიანი ნაციონალური მოძრაობა,5,,,87,,ალექსანდრე,ჩაფიჩაძე,ალექსანდრე ჩაფიჩაძე,„ერთიანი ნაციონალური მოძრაობა”,,party_lists_2016_georgia_unified.xlsx
parl_2016,__main__,pr,unm,საარჩევნო ბლოკი ერთიანი ნაციონალური მოძრაობა,5,,,88,,გიორგი,ბარამიძე,გიორგი ბარამიძე,„ერთიანი ნაციონალური მოძრაობა”,,party_lists_2016_georgia_unified.xlsx
parl_2016,__main__,pr,unm,საარჩევნო ბლოკი ერთიანი ნაციონალური მოძრაობა,5,,,89,,ლევან,ბეჟაშვილი,ლევან ბეჟაშვილი,„ერთიანი ნაციონალური მოძრაობა”,,party_lists_2016_georgia_unified.xlsx
parl_2016,__main__,pr,unm,საარჩევნო ბლოკი ერთიანი ნაციონალური მოძრაობა,5,,,90,,გურამი,კაკალაშვილი,გურამი კაკალაშვილი,„ერთიანი ნაციონალური მოძრაობა”,,party_lists_2016_georgia_unified.xlsx
parl_2016,__main__,pr,unm,საარჩევნო ბლოკი ერთიანი ნაციონალური მოძრაობა,5,,,91,,გიორგი,ბოტკოველი,გიორგი ბოტკოველი,„ერთიანი ნაციონალური მოძრაობა”,,party_lists_2016_georgia_unified.xlsx
parl_2016,__main__,pr,unm,საარჩევნო ბლოკი ერთიანი ნაციონალური მოძრაობა,5,,,92,,შაქრო,ტერტერაშვილი,შაქრო ტერტერაშვილი,„ერთიანი ნაციონალური მოძრაობა”,,party_lists_2016_georgia_unified.xlsx
parl_2016,__main__,pr,unm,საარჩევნო ბლოკი ერთიანი ნაციონალური მოძრაობა,5,,,93,,დავით,კირკიტაძე,დავით კირკიტაძე,„ერთიანი ნაციონალური მოძრაობა”,,party_lists_2016_georgia_unified.xlsx
parl_2016,__main__,pr,unm,საარჩევნო ბლოკი ერთიანი ნაციონალური მოძრაობა,5,,,94,,რამინ,ბაირამოვი,რამინ ბაირამოვი,„ერთიანი ნაციონალური მოძრაობა”,,party_lists_2016_georgia_unified.xlsx
parl_2016,__main__,pr,unm,საარჩევნო ბლოკი ერთიანი ნაციონალური მოძრაობა,5,,,95,,ნუგზარ,წიკლაური,ნუგზარ წიკლაური,„ერთიანი ნაციონალური მოძრაობა”,,party_lists_2016_georgia_unified.xlsx
parl_2016,__main__,pr,unm,საარჩევნო ბლოკი ერთიანი ნაციონალური მოძრაობა,5,,,96,,სამირა,ისმაილოვა,სამირა ისმაილოვა,„ერთიანი ნაციონალური მოძრაობა”,,party_lists_2016_georgia_unified.xlsx
parl_2016,__main__,pr,unm,საარჩევნო ბლოკი ერთიანი ნაციონალური მოძრაობა,5,,,97,,აკმამედ,იმამკულიევი,აკმამედ იმამკულიევი,„ერთიანი ნაციონალური მოძრაობა”,,party_lists_2016_georgia_unified.xlsx
parl_2016,__main__,pr,unm,საარჩევნო ბლოკი ერთიანი ნაციონალური მოძრაობა,5,,,98,,ირაკლი,ბერიაშვილი,ირაკლი ბერიაშვილი,უპარტიო,,party_lists_2016_georgia_unified.xlsx
parl_2016,__main__,pr,unm,საარჩევნო ბლოკი ერთიანი ნაციონალური მოძრაობა,5,,,99,,ნუგზარი,ნონიაშვილი,ნუგზარი ნონიაშვილი,„ერთიანი ნაციონალური მოძრაობა”,,party_lists_2016_georgia_unified.xlsx
parl_2016,__main__,pr,unm,საარჩევნო ბლოკი ერთიანი ნაციონალური მოძრაობა,5,,,100,,ილია,ბურჯანაძე,ილია ბურჯანაძე,„ერთიანი ნაციონალური მოძრაობა”,,party_lists_2016_georgia_unified.xlsx
parl_2016,__main__,pr,unm,საარჩევნო ბლოკი ერთიანი ნაციონალური მოძრაობა,5,,,101,,ალექსი,გოგლიძე,ალექსი გოგლიძე,„ერთიანი ნაციონალური მოძრაობა”,,party_lists_2016_georgia_unified.xlsx
parl_2016,__main__,pr,unm,საარჩევნო ბლოკი ერთიანი ნაციონალური მოძრაობა,5,,,102,,ვაჟა,ჩიტაშვილი,ვაჟა ჩიტაშვილი,„ერთიანი ნაციონალური მოძრაობა”,,party_lists_2016_georgia_unified.xlsx
parl_2016,__main__,pr,unm,საარჩევნო ბლოკი ერთიანი ნაციონალური მოძრაობა,5,,,103,,ტარიელი,ლონდარიძე,ტარიელი ლონდარიძე,„ერთიანი ნაციონალური მოძრაობა”,,party_lists_2016_georgia_unified.xlsx
parl_2016,__main__,pr,unm,საარჩევნო ბლოკი ერთიანი ნაციონალური მოძრაობა,5,,,104,,გიორგი,რობაქიძე,გიორგი რობაქიძე,„ერთიანი ნაციონალური მოძრაობა”,,party_lists_2016_georgia_unified.xlsx
parl_2016,__main__,pr,unm,საარჩევნო ბლოკი ერთიანი ნაციონალური მოძრაობა,5,,,105,,ბეჟან,ბუცხრიკიძე,ბეჟან ბუცხრიკიძე,უპარტიო,,party_lists_2016_georgia_unified.xlsx
parl_2016,__main__,pr,unm,საარჩევნო ბლოკი ერთიანი ნაციონალური მოძრაობა,5,,,106,,ზურაბ,ცერცვაძე,ზურაბ ცერცვაძე,„ერთიანი ნაციონალური მოძრაობა”,,party_lists_2016_georgia_unified.xlsx
parl_2016,__main__,pr,unm,საარჩევნო ბლოკი ერთიანი ნაციონალური მოძრაობა,5,,,107,,ზურაბ,ჯიბუხაია,ზურაბ ჯიბუხაია,„ერთიანი ნაციონალური მოძრაობა”,,party_lists_2016_georgia_unified.xlsx
parl_2016,__main__,pr,unm,საარჩევნო ბლოკი ერთიანი ნაციონალური მოძრაობა,5,,,108,,მერაბ,ჯანელიძე,მერაბ ჯანელიძე,„ერთიანი ნაციონალური მოძრაობა”,,party_lists_2016_georgia_unified.xlsx
parl_2016,__main__,pr,unm,საარჩევნო ბლოკი ერთიანი ნაციონალური მოძრაობა,5,,,109,,პროკოფ,ჩიკვილაძე,პროკოფ ჩიკვილაძე,„ერთიანი ნაციონალური მოძრაობა”,,party_lists_2016_georgia_unified.xlsx
parl_2016,__main__,pr,unm,საარჩევნო ბლოკი ერთიანი ნაციონალური მოძრაობა,5,,,110,,დავით,მჟავანაძე,დავით მჟავანაძე,„ერთიანი ნაციონალური მოძრაობა”,,party_lists_2016_georgia_unified.xlsx
parl_2016,__main__,pr,unm,საარჩევნო ბლოკი ერთიანი ნაციონალური მოძრაობა,5,,,111,,ბექა,ბასილაია,ბექა ბასილაია,უპარტიო,,party_lists_2016_georgia_unified.xlsx
parl_2016,__main__,pr,unm,საარჩევნო ბლოკი ერთიანი ნაციონალური მოძრაობა,5,,,112,,ზაალ,გოროზია,ზაალ გოროზია,„ერთიანი ნაციონალური მოძრაობა”,,party_lists_2016_georgia_unified.xlsx
parl_2016,__main__,pr,unm,საარჩევნო ბლოკი ერთიანი ნაციონალური მოძრაობა,5,,,113,,მამუკა,ჭოხონელიძე,მამუკა ჭოხონელიძე,„ერთიანი ნაციონალური მოძრაობა”,,party_lists_2016_georgia_unified.xlsx
parl_2016,__main__,pr,unm,საარჩევნო ბლოკი ერთიანი ნაციონალური მოძრაობა,5,,,114,,ირმა,სტეფნაძე,ირმა სტეფნაძე,-იაშვილი ევროპული საქართველო,,party_lists_2016_georgia_unified.xlsx
parl_2016,__main__,pr,unm,საარჩევნო ბლოკი ერთიანი ნაციონალური მოძრაობა,5,,,115,,ლევან,ქარდავა,ლევან ქარდავა,„ერთიანი ნაციონალური მოძრაობა”,,party_lists_2016_georgia_unified.xlsx
parl_2016,__main__,pr,unm,საარჩევნო ბლოკი ერთიანი ნაციონალური მოძრაობა,5,,,116,,გიორგი,გუგუნავა,გიორგი გუგუნავა,ევროპული საქართველო,,party_lists_2016_georgia_unified.xlsx
parl_2016,__main__,pr,unm,საარჩევნო ბლოკი ერთიანი ნაციონალური მოძრაობა,5,,,117,,შორენა,გარდაფხაძე,შორენა გარდაფხაძე,„ერთიანი ნაციონალური მოძრაობა”,,party_lists_2016_georgia_unified.xlsx
parl_2016,__main__,pr,unm,საარჩევნო ბლოკი ერთიანი ნაციონალური მოძრაობა,5,,,118,,ნინო,ბახტაძე,ნინო ბახტაძე,ევროპული საქართველო,,party_lists_2016_georgia_unified.xlsx
parl_2016,__main__,pr,unm,საარჩევნო ბლოკი ერთიანი ნაციონალური მოძრაობა,5,,,119,,სალომე,სიგუა,სალომე სიგუა,„ერთიანი ნაციონალური მოძრაობა”,,party_lists_2016_georgia_unified.xlsx
parl_2016,__main__,pr,unm,საარჩევნო ბლოკი ერთიანი ნაციონალური მოძრაობა,5,,,120,,ირმა,თედეიშვილი,ირმა თედეიშვილი,„ერთიანი ნაციონალური მოძრაობა”,,party_lists_2016_georgia_unified.xlsx
parl_2016,__main__,pr,unm,საარჩევნო ბლოკი ერთიანი ნაციონალური მოძრაობა,5,,,121,,თეონა,უსტიაშვილი,თეონა უსტიაშვილი,„ერთიანი ნაციონალური მოძრაობა”,,party_lists_2016_georgia_unified.xlsx
parl_2016,__main__,pr,unm,საარჩევნო ბლოკი ერთიანი ნაციონალური მოძრაობა,5,,,122,,ილია,პატარაია,ილია პატარაია,ევროპული საქართველო,,party_lists_2016_georgia_unified.xlsx
parl_2016,__main__,pr,unm,საარჩევნო ბლოკი ერთიანი ნაციონალური მოძრაობა,5,,,123,,რამაზ,ქერეჭაშვილი,რამაზ ქერეჭაშვილი,ევროპული საქართველო,,party_lists_2016_georgia_unified.xlsx
parl_2016,__main__,pr,unm,საარჩევნო ბლოკი ერთიანი ნაციონალური მოძრაობა,5,,,124,,ლერი,გორგოძე,ლერი გორგოძე,„ერთიანი ნაციონალური მოძრაობა”,,party_lists_2016_georgia_unified.xlsx
parl_2016,__main__,pr,unm,საარჩევნო ბლოკი ერთიანი ნაციონალური მოძრაობა,5,,,125,,თამარ,ზერეკიძე,თამარ ზერეკიძე,„ერთიანი ნაციონალური მოძრაობა”,,party_lists_2016_georgia_unified.xlsx
parl_2016,__main__,pr,unm,საარჩევნო ბლოკი ერთიანი ნაციონალური მოძრაობა,5,,,126,,გიორგი,ვაჟბედაშვილი,გიორგი ვაჟბედაშვილი,„ერთიანი ნაციონალური მოძრაობა”,,party_lists_2016_georgia_unified.xlsx
parl_2016,__main__,pr,unm,საარჩევნო ბლოკი ერთიანი ნაციონალური მოძრაობა,5,,,127,,ლილე,ლიპარტელიანი,ლილე ლიპარტელიანი,„ერთიანი ნაციონალური მოძრაობა”,,party_lists_2016_georgia_unified.xlsx
parl_2016,__main__,pr,unm,საარჩევნო ბლოკი ერთიანი ნაციონალური მოძრაობა,5,,,128,,გიორგი,შამიევი,გიორგი შამიევი,„ერთიანი ნაციონალური მოძრაობა”,,party_lists_2016_georgia_unified.xlsx
parl_2016,__main__,pr,unm,საარჩევნო ბლოკი ერთიანი ნაციონალური მოძრაობა,5,,,129,,შოთა,გრიგოლია,შოთა გრიგოლია,„ერთიანი ნაციონალური მოძრაობა”,,party_lists_2016_georgia_unified.xlsx
parl_2016,__main__,pr,unm,საარჩევნო ბლოკი ერთიანი ნაციონალური მოძრაობა,5,,,130,,ეკატერინე,ისახანაშვილი,ეკატერინე ისახანაშვილი,„ერთიანი ნაციონალური მოძრაობა”,,party_lists_2016_georgia_unified.xlsx
parl_2016,__main__,pr,unm,საარჩევნო ბლოკი ერთიანი ნაციონალური მოძრაობა,5,,,131,,კახაბერ,ზაქრაძე,კახაბერ ზაქრაძე,„ერთიანი ნაციონალური მოძრაობა”,,party_lists_2016_georgia_unified.xlsx
parl_2016,__main__,pr,unm,საარჩევნო ბლოკი ერთიანი ნაციონალური მოძრაობა,5,,,132,,თორნიკე,თამაზაშვილი,თორნიკე თამაზაშვილი,„ერთიანი ნაციონალური მოძრაობა”,,party_lists_2016_georgia_unified.xlsx
parl_2016,__main__,pr,unm,საარჩევნო ბლოკი ერთიანი ნაციონალური მოძრაობა,5,,,133,,ელენე,ოზაშვილი,ელენე ოზაშვილი,„ერთიანი ნაციონალური მოძრაობა”,,party_lists_2016_georgia_unified.xlsx
parl_2016,__main__,pr,unm,საარჩევნო ბლოკი ერთიანი ნაციონალური მოძრაობა,5,,,134,,ამირან,სონიშვილი,ამირან სონიშვილი,„ერთიანი ნაციონალური მოძრაობა”,,party_lists_2016_georgia_unified.xlsx
parl_2016,__main__,pr,unm,საარჩევნო ბლოკი ერთიანი ნაციონალური მოძრაობა,5,,,135,,გოჩა,სიბაშვილი,გოჩა სიბაშვილი,„ერთიანი ნაციონალური მოძრაობა”,,party_lists_2016_georgia_unified.xlsx
parl_2016,__main__,pr,unm,საარჩევნო ბლოკი ერთიანი ნაციონალური მოძრაობა,5,,,136,,გიორგი,ბაბაკიშვილი,გიორგი ბაბაკიშვილი,„ერთიანი ნაციონალური მოძრაობა”,,party_lists_2016_georgia_unified.xlsx
parl_2016,__main__,pr,unm,საარჩევნო ბლოკი ერთიანი ნაციონალური მოძრაობა,5,,,137,,თამარ,ურუშაძე,თამარ ურუშაძე,„ერთიანი ნაციონალური მოძრაობა”,,party_lists_2016_georgia_unified.xlsx
parl_2016,__main__,pr,unm,საარჩევნო ბლოკი ერთიანი ნაციონალური მოძრაობა,5,,,138,,ფირუზი,გელაშვილი,ფირუზი გელაშვილი,„ერთიანი ნაციონალური მოძრაობა”,,party_lists_2016_georgia_unified.xlsx
parl_2016,__main__,pr,unm,საარჩევნო ბლოკი ერთიანი ნაციონალური მოძრაობა,5,,,139,,ნოდარ,გიგოლაშვილი,ნოდარ გიგოლაშვილი,„ერთიანი ნაციონალური მოძრაობა”,,party_lists_2016_georgia_unified.xlsx
parl_2016,__main__,pr,unm,საარჩევნო ბლოკი ერთიანი ნაციონალური მოძრაობა,5,,,140,,ბაადური,რევაზიშვილი,ბაადური რევაზიშვილი,„ერთიანი ნაციონალური მოძრაობა”,,party_lists_2016_georgia_unified.xlsx
parl_2016,__main__,pr,unm,საარჩევნო ბლოკი ერთიანი ნაციონალური მოძრაობა,5,,,141,,მანანა,ხიზანიშვილი,მანანა ხიზანიშვილი,უპარტიო,,party_lists_2016_georgia_unified.xlsx
parl_2016,__main__,pr,unm,საარჩევნო ბლოკი ერთიანი ნაციონალური მოძრაობა,5,,,142,,ვალერიან,დედაბრიშვილი,ვალერიან დედაბრიშვილი,„ერთიანი ნაციონალური მოძრაობა”,,party_lists_2016_georgia_unified.xlsx
parl_2016,__main__,pr,unm,საარჩევნო ბლოკი ერთიანი ნაციონალური მოძრაობა,5,,,143,,ჯოშგუნ,ალიევი,ჯოშგუნ ალიევი,„ერთიანი ნაციონალური მოძრაობა”,,party_lists_2016_georgia_unified.xlsx
parl_2016,__main__,pr,unm,საარჩევნო ბლოკი ერთიანი ნაციონალური მოძრაობა,5,,,144,,ნუგზარი,ღაღეთაშვილი,ნუგზარი ღაღეთაშვილი,უპარტიო,,party_lists_2016_georgia_unified.xlsx
parl_2016,__main__,pr,unm,საარჩევნო ბლოკი ერთიანი ნაციონალური მოძრაობა,5,,,145,,გიორგი,ხურცილავა,გიორგი ხურცილავა,უპარტიო,,party_lists_2016_georgia_unified.xlsx
parl_2016,__main__,pr,unm,საარჩევნო ბლოკი ერთიანი ნაციონალური მოძრაობა,5,,,146,,ლამარა,გულაშვილი,ლამარა გულაშვილი,„ერთიანი ნაციონალური მოძრაობა”,,party_lists_2016_georgia_unified.xlsx
parl_2016,__main__,pr,unm,საარჩევნო ბლოკი ერთიანი ნაციონალური მოძრაობა,5,,,147,,ლევანი,მოსეშვილი,ლევანი მოსეშვილი,„ერთიანი ნაციონალური მოძრაობა”,,party_lists_2016_georgia_unified.xlsx
parl_2016,__main__,pr,unm,საარჩევნო ბლოკი ერთიანი ნაციონალური მოძრაობა,5,,,148,,ჯეიხუნ,კარაევი,ჯეიხუნ კარაევი,„ერთიანი ნაციონალური მოძრაობა”,,party_lists_2016_georgia_unified.xlsx
parl_2016,__main__,pr,unm,საარჩევნო ბლოკი ერთიანი ნაციონალური მოძრაობა,5,,,149,,მერაბ,იაკობაძე,მერაბ იაკობაძე,„ერთიანი ნაციონალური მოძრაობა”,,party_lists_2016_georgia_unified.xlsx
parl_2016,__main__,pr,unm,საარჩევნო ბლოკი ერთიანი ნაციონალური მოძრაობა,5,,,150,,ნანა,მინასიანი,ნანა მინასიანი,„ერთიანი ნაციონალური მოძრაობა”,,party_lists_2016_georgia_unified.xlsx
parl_2016,__main__,pr,unm,საარჩევნო ბლოკი ერთიანი ნაციონალური მოძრაობა,5,,,151,,კახა,ბარათაშვილი,კახა ბარათაშვილი,„ერთიანი ნაციონალური მოძრაობა”,,party_lists_2016_georgia_unified.xlsx
parl_2016,__main__,pr,unm,საარჩევნო ბლოკი ერთიანი ნაციონალური მოძრაობა,5,,,152,,გიორგი,მაზმიშვილი,გიორგი მაზმიშვილი,„ერთიანი ნაციონალური მოძრაობა”,,party_lists_2016_georgia_unified.xlsx
parl_2016,__main__,pr,unm,საარჩევნო ბლოკი ერთიანი ნაციონალური მოძრაობა,5,,,153,,ვალერიანი,არზიანი,ვალერიანი არზიანი,„ერთიანი ნაციონალური მოძრაობა”,,party_lists_2016_georgia_unified.xlsx
parl_2016,__main__,pr,unm,საარჩევნო ბლოკი ერთიანი ნაციონალური მოძრაობა,5,,,154,,გვანცა,ჩუბინიძე,გვანცა ჩუბინიძე,„ერთიანი ნაციონალური მოძრაობა”,,party_lists_2016_georgia_unified.xlsx
parl_2016,__main__,pr,unm,საარჩევნო ბლოკი ერთიანი ნაციონალური მოძრაობა,5,,,155,,რევაზი,კახნიაშვილი,რევაზი კახნიაშვილი,„ერთიანი ნაციონალური მოძრაობა”,,party_lists_2016_georgia_unified.xlsx
parl_2016,__main__,pr,unm,საარჩევნო ბლოკი ერთიანი ნაციონალური მოძრაობა,5,,,156,,თინათინ,თანდიაშვილი,თინათინ თანდიაშვილი,„ერთიანი ნაციონალური მოძრაობა”,,party_lists_2016_georgia_unified.xlsx
parl_2016,__main__,pr,unm,საარჩევნო ბლოკი ერთიანი ნაციონალური მოძრაობა,5,,,157,,ანანო,გაბელაია,ანანო გაბელაია,„ერთიანი ნაციონალური მოძრაობა”,,party_lists_2016_georgia_unified.xlsx
parl_2016,__main__,pr,unm,საარჩევნო ბლოკი ერთიანი ნაციონალური მოძრაობა,5,,,158,,გიორგი,შალიკაშვილი,გიორგი შალიკაშვილი,„ერთიანი ნაციონალური მოძრაობა”,,party_lists_2016_georgia_unified.xlsx
parl_2016,__main__,pr,unm,საარჩევნო ბლოკი ერთიანი ნაციონალური მოძრაობა,5,,,159,,ვახტანგ,ქვათაძე,ვახტანგ ქვათაძე,„ერთიანი ნაციონალური მოძრაობა”,,party_lists_2016_georgia_unified.xlsx
parl_2016,__main__,pr,unm,საარჩევნო ბლოკი ერთიანი ნაციონალური მოძრაობა,5,,,160,,გვანცა,ქაწაშვილი,გვანცა ქაწაშვილი,„ერთიანი ნაციონალური მოძრაობა”,,party_lists_2016_georgia_unified.xlsx
parl_2016,__main__,pr,unm,საარჩევნო ბლოკი ერთიანი ნაციონალური მოძრაობა,5,,,161,,იანა,არტიომოვა,იანა არტიომოვა,„ერთიანი ნაციონალური მოძრაობა”,,party_lists_2016_georgia_unified.xlsx
parl_2016,__main__,pr,unm,საარჩევნო ბლოკი ერთიანი ნაციონალური მოძრაობა,5,,,162,,ნიკოლოზ,ნარსია,ნიკოლოზ ნარსია,„ერთიანი ნაციონალური მოძრაობა”,,party_lists_2016_georgia_unified.xlsx
parl_2016,__main__,pr,unm,საარჩევნო ბლოკი ერთიანი ნაციონალური მოძრაობა,5,,,163,,მირიან,დეისაძე,მირიან დეისაძე,„ერთიანი ნაციონალური მოძრაობა”,,party_lists_2016_georgia_unified.xlsx
parl_2016,__main__,pr,unm,საარჩევნო ბლოკი ერთიანი ნაციონალური მოძრაობა,5,,,164,,კახაბერ,გაბუნია,კახაბერ გაბუნია,„ერთიანი ნაციონალური მოძრაობა”,,party_lists_2016_georgia_unified.xlsx
parl_2016,__main__,pr,unm,საარჩევნო ბლოკი ერთიანი ნაციონალური მოძრაობა,5,,,165,,დავითი,ქათამაძე,დავითი ქათამაძე,„ერთიანი ნაციონალური მოძრაობა”,,party_lists_2016_georgia_unified.xlsx
parl_2016,__main__,pr,unm,საარჩევნო ბლოკი ერთიანი ნაციონალური მოძრაობა,5,,,166,,ტარიელი,ფანჩულიძე,ტარიელი ფანჩულიძე,„ერთიანი ნაციონალური მოძრაობა”,,party_lists_2016_georgia_unified.xlsx
parl_2016,__main__,pr,unm,საარჩევნო ბლოკი ერთიანი ნაციონალური მოძრაობა,5,,,167,,ქეთევან,ზუმბაძე,ქეთევან ზუმბაძე,„ერთიანი ნაციონალური მოძრაობა”,,party_lists_2016_georgia_unified.xlsx
parl_2016,__main__,pr,unm,საარჩევნო ბლოკი ერთიანი ნაციონალური მოძრაობა,5,,,168,,ვლადიმერ,წიქორიძე,ვლადიმერ წიქორიძე,„ერთიანი ნაციონალური მოძრაობა”,,party_lists_2016_georgia_unified.xlsx
parl_2016,__main__,pr,unm,საარჩევნო ბლოკი ერთიანი ნაციონალური მოძრაობა,5,,,169,,გელა,სხილაძე,გელა სხილაძე,„ერთიანი ნაციონალური მოძრაობა”,,party_lists_2016_georgia_unified.xlsx
parl_2016,__main__,pr,unm,საარჩევნო ბლოკი ერთიანი ნაციონალური მოძრაობა,5,,,170,,მურთაზი,გაბაძე,მურთაზი გაბაძე,უპარტიო,,party_lists_2016_georgia_unified.xlsx
parl_2016,__main__,pr,unm,საარჩევნო ბლოკი ერთიანი ნაციონალური მოძრაობა,5,,,171,,ალექსანდრე,მჟავანაძე,ალექსანდრე მჟავანაძე,„ერთიანი ნაციონალური მოძრაობა”,,party_lists_2016_georgia_unified.xlsx
parl_2016,__main__,pr,unm,საარჩევნო ბლოკი ერთიანი ნაციონალური მოძრაობა,5,,,172,,დიანა,ტოროსიანი,დიანა ტოროსიანი,„ერთიანი ნაციონალური მოძრაობა”,,party_lists_2016_georgia_unified.xlsx
parl_2016,__main__,pr,unm,საარჩევნო ბლოკი ერთიანი ნაციონალური მოძრაობა,5,,,173,,მამუკა,ბიბილეიშვილი,მამუკა ბიბილეიშვილი,„ერთიანი ნაციონალური მოძრაობა”,,party_lists_2016_georgia_unified.xlsx
parl_2016,__main__,pr,unm,საარჩევნო ბლოკი ერთიანი ნაციონალური მოძრაობა,5,,,174,,მურმან,მუმლაძე,მურმან მუმლაძე,„ერთიანი ნაციონალური მოძრაობა”,,party_lists_2016_georgia_unified.xlsx
parl_2016,__main__,pr,unm,საარჩევნო ბლოკი ერთიანი ნაციონალური მოძრაობა,5,,,175,,ირინა,კოტუა,ირინა კოტუა,„ერთიანი ნაციონალური მოძრაობა”,,party_lists_2016_georgia_unified.xlsx
parl_2016,__main__,pr,unm,საარჩევნო ბლოკი ერთიანი ნაციონალური მოძრაობა,5,,,176,,ამირან,ლომთაძე,ამირან ლომთაძე,„ერთიანი ნაციონალური მოძრაობა”,,party_lists_2016_georgia_unified.xlsx
parl_2016,__main__,pr,unm,საარჩევნო ბლოკი ერთიანი ნაციონალური მოძრაობა,5,,,177,,ნოდარი,ბურდილაძე,ნოდარი ბურდილაძე,„ერთიანი ნაციონალური მოძრაობა”,,party_lists_2016_georgia_unified.xlsx
parl_2016,__main__,pr,unm,საარჩევნო ბლოკი ერთიანი ნაციონალური მოძრაობა,5,,,178,,ვაჟა,ონიანი,ვაჟა ონიანი,უპარტიო,,party_lists_2016_georgia_unified.xlsx
parl_2016,__main__,pr,unm,საარჩევნო ბლოკი ერთიანი ნაციონალური მოძრაობა,5,,,179,,დავით,ჯაფარიძე,დავით ჯაფარიძე,„ერთიანი ნაციონალური მოძრაობა”,,party_lists_2016_georgia_unified.xlsx
parl_2016,__main__,pr,unm,საარჩევნო ბლოკი ერთიანი ნაციონალური მოძრაობა,5,,,180,,ნინო,ტვილდიანი,ნინო ტვილდიანი,„ერთიანი ნაციონალური მოძრაობა”,,party_lists_2016_georgia_unified.xlsx
parl_2016,__main__,pr,unm,საარჩევნო ბლოკი ერთიანი ნაციონალური მოძრაობა,5,,,181,,ბესიკი,ქათამაძე,ბესიკი ქათამაძე,„ერთიანი ნაციონალური მოძრაობა”,,party_lists_2016_georgia_unified.xlsx
parl_2016,__main__,pr,unm,საარჩევნო ბლოკი ერთიანი ნაციონალური მოძრაობა,5,,,182,,ნათია,წილოსანი,ნათია წილოსანი,„ერთიანი ნაციონალური მოძრაობა”,,party_lists_2016_georgia_unified.xlsx
parl_2016,__main__,pr,unm,საარჩევნო ბლოკი ერთიანი ნაციონალური მოძრაობა,5,,,183,,მარიამი,ჩხაიძე,მარიამი ჩხაიძე,„ერთიანი ნაციონალური მოძრაობა”,,party_lists_2016_georgia_unified.xlsx
parl_2016,__main__,pr,unm,საარჩევნო ბლოკი ერთიანი ნაციონალური მოძრაობა,5,,,184,,ვახტანგი,დარცმელიძე,ვახტანგი დარცმელიძე,„ერთიანი ნაციონალური მოძრაობა”,,party_lists_2016_georgia_unified.xlsx
parl_2016,__main__,pr,unm,საარჩევნო ბლოკი ერთიანი ნაციონალური მოძრაობა,5,,,185,,ნუკრი,ძიძიგური,ნუკრი ძიძიგური,„ერთიანი ნაციონალური მოძრაობა”,,party_lists_2016_georgia_unified.xlsx
parl_2016,__main__,pr,unm,საარჩევნო ბლოკი ერთიანი ნაციონალური მოძრაობა,5,,,186,,ლაშა,კუჭავა,ლაშა კუჭავა,„ერთიანი ნაციონალური მოძრაობა”,,party_lists_2016_georgia_unified.xlsx
parl_2016,__main__,pr,unm,საარჩევნო ბლოკი ერთიანი ნაციონალური მოძრაობა,5,,,187,,როლანდი,სერგია,როლანდი სერგია,„ერთიანი ნაციონალური მოძრაობა”,,party_lists_2016_georgia_unified.xlsx
parl_2016,__main__,pr,unm,საარჩევნო ბლოკი ერთიანი ნაციონალური მოძრაობა,5,,,188,,პაატა,ბეშია,პაატა ბეშია,„ერთიანი ნაციონალური მოძრაობა”,,party_lists_2016_georgia_unified.xlsx
parl_2016,__main__,pr,unm,საარჩევნო ბლოკი ერთიანი ნაციონალური მოძრაობა,5,,,189,,თეიმურაზ,ნარმანია,თეიმურაზ ნარმანია,„ერთიანი ნაციონალური მოძრაობა”,,party_lists_2016_georgia_unified.xlsx
parl_2016,__main__,pr,unm,საარჩევნო ბლოკი ერთიანი ნაციონალური მოძრაობა,5,,,190,,ნათია,მაისურაძე,ნათია მაისურაძე,„ერთიანი ნაციონალური მოძრაობა”,,party_lists_2016_georgia_unified.xlsx
parl_2016,__main__,pr,unm,საარჩევნო ბლოკი ერთიანი ნაციონალური მოძრაობა,5,,,191,,ანზორ,არახამია,ანზორ არახამია,„ერთიანი ნაციონალური მოძრაობა”,,party_lists_2016_georgia_unified.xlsx
parl_2016,__main__,pr,unm,საარჩევნო ბლოკი ერთიანი ნაციონალური მოძრაობა,5,,,192,,ნია,ჭითანავა,ნია ჭითანავა,„ერთიანი ნაციონალური მოძრაობა”,,party_lists_2016_georgia_unified.xlsx
parl_2016,__main__,pr,unm,საარჩევნო ბლოკი ერთიანი ნაციონალური მოძრაობა,5,,,193,,ბექა,ქევხიშვილი,ბექა ქევხიშვილი,„ერთიანი ნაციონალური მოძრაობა”,,party_lists_2016_georgia_unified.xlsx
parl_2016,__main__,pr,unm,საარჩევნო ბლოკი ერთიანი ნაციონალური მოძრაობა,5,,,194,,მედეა,ღვაბერიძე,მედეა ღვაბერიძე,„ერთიანი ნაციონალური მოძრაობა”,,party_lists_2016_georgia_unified.xlsx
parl_2016,__main__,pr,unm,საარჩევნო ბლოკი ერთიანი ნაციონალური მოძრაობა,5,,,195,,ნინო,ჩიქოვანი,ნინო ჩიქოვანი,„ერთიანი ნაციონალური მოძრაობა”,,party_lists_2016_georgia_unified.xlsx
parl_2016,__main__,pr,unm,საარჩევნო ბლოკი ერთიანი ნაციონალური მოძრაობა,5,,,196,,ლია,თიბილაშვილი,ლია თიბილაშვილი,„ერთიანი ნაციონალური მოძრაობა”,,party_lists_2016_georgia_unified.xlsx
parl_2016,__main__,pr,unm,საარჩევნო ბლოკი ერთიანი ნაციონალური მოძრაობა,5,,,197,,ლამზირა,ქურციკიძე,ლამზირა ქურციკიძე,„ერთიანი ნაციონალური მოძრაობა”,,party_lists_2016_georgia_unified.xlsx
parl_2016,__main__,pr,unm,საარჩევნო ბლოკი ერთიანი ნაციონალური მოძრაობა,5,,,198,,ლია,კომახიძე,ლია კომახიძე,უპარტიო,,party_lists_2016_georgia_unified.xlsx
parl_2016,__main__,pr,unm,საარჩევნო ბლოკი ერთიანი ნაციონალური მოძრაობა,5,,,199,,ლიანა,ქვარცხავა,ლიანა ქვარცხავა,უპარტიო,,party_lists_2016_georgia_unified.xlsx
parl_2016,__main__,pr,republicans_2016,უსუფაშვილი - რესპუბლიკელები,6,,,1,,დავით,უსუფაშვილი,დავით უსუფაშვილი,საქართველოს რესპუბლიკური პარტია,,party_lists_2016_georgia_unified.xlsx
parl_2016,__main__,pr,republicans_2016,უსუფაშვილი - რესპუბლიკელები,6,,,2,,ხათუნა,სამნიძე,ხათუნა სამნიძე,საქართველოს რესპუბლიკური პარტია,,party_lists_2016_georgia_unified.xlsx
parl_2016,__main__,pr,republicans_2016,უსუფაშვილი - რესპუბლიკელები,6,,,3,,ლევან,ბერძენიშვილი,ლევან ბერძენიშვილი,საქართველოს რესპუბლიკური პარტია,,party_lists_2016_georgia_unified.xlsx
parl_2016,__main__,pr,republicans_2016,უსუფაშვილი - რესპუბლიკელები,6,,,4,,თინათინ,ხიდაშელი,თინათინ ხიდაშელი,საქართველოს რესპუბლიკური პარტია,,party_lists_2016_georgia_unified.xlsx
parl_2016,__main__,pr,republicans_2016,უსუფაშვილი - რესპუბლიკელები,6,,,5,,ვახტანგ,ხმალაძე,ვახტანგ ხმალაძე,საქართველოს რესპუბლიკური პარტია,,party_lists_2016_georgia_unified.xlsx
parl_2016,__main__,pr,republicans_2016,უსუფაშვილი - რესპუბლიკელები,6,,,6,,თამარ,კორძაია,თამარ კორძაია,საქართველოს რესპუბლიკური პარტია,,party_lists_2016_georgia_unified.xlsx
parl_2016,__main__,pr,republicans_2016,უსუფაშვილი - რესპუბლიკელები,6,,,7,,დავით,ზურაბიშვილი,დავით ზურაბიშვილი,საქართველოს რესპუბლიკური პარტია,,party_lists_2016_georgia_unified.xlsx
parl_2016,__main__,pr,republicans_2016,უსუფაშვილი - რესპუბლიკელები,6,,,8,,თამარ,ხიდაშელი,თამარ ხიდაშელი,საქართველოს რესპუბლიკური პარტია,,party_lists_2016_georgia_unified.xlsx
parl_2016,__main__,pr,republicans_2016,უსუფაშვილი - რესპუბლიკელები,6,,,9,,ნოდარ,ებანოიძე,ნოდარ ებანოიძე,საქართველოს რესპუბლიკური პარტია,,party_lists_2016_georgia_unified.xlsx
parl_2016,__main__,pr,republicans_2016,უსუფაშვილი - რესპუბლიკელები,6,,,10,,ფრიდონ,საყვარელიძე,ფრიდონ საყვარელიძე,საქართველოს რესპუბლიკური პარტია,,party_lists_2016_georgia_unified.xlsx
parl_2016,__main__,pr,republicans_2016,უსუფაშვილი - რესპუბლიკელები,6,,,11,,თამარ,რომელაშვილი,თამარ რომელაშვილი,საქართველოს რესპუბლიკური პარტია,,party_lists_2016_georgia_unified.xlsx
parl_2016,__main__,pr,republicans_2016,უსუფაშვილი - რესპუბლიკელები,6,,,12,,გიორგი,თოდუა,გიორგი თოდუა,საქართველოს რესპუბლიკური პარტია,,party_lists_2016_georgia_unified.xlsx
parl_2016,__main__,pr,republicans_2016,უსუფაშვილი - რესპუბლიკელები,6,,,13,,თეიმურაზ,ნერგაძე,თეიმურაზ ნერგაძე,საქართველოს რესპუბლიკური პარტია,,party_lists_2016_georgia_unified.xlsx
parl_2016,__main__,pr,republicans_2016,უსუფაშვილი - რესპუბლიკელები,6,,,14,,მალხაზ,წერეთელი,მალხაზ წერეთელი,საქართველოს რესპუბლიკური პარტია,,party_lists_2016_georgia_unified.xlsx
parl_2016,__main__,pr,republicans_2016,უსუფაშვილი - რესპუბლიკელები,6,,,15,,ტრისტან,ჯინჭარაძე,ტრისტან ჯინჭარაძე,საქართველოს რესპუბლიკური პარტია,,party_lists_2016_georgia_unified.xlsx
parl_2016,__main__,pr,republicans_2016,უსუფაშვილი - რესპუბლიკელები,6,,,16,,ნინო,ლომიძე,ნინო ლომიძე,საქართველოს რესპუბლიკური პარტია,,party_lists_2016_georgia_unified.xlsx
parl_2016,__main__,pr,republicans_2016,უსუფაშვილი - რესპუბლიკელები,6,,,17,,ზვიადი,ყვირალაშვილი,ზვიადი ყვირალაშვილი,საქართველოს რესპუბლიკური პარტია,,party_lists_2016_georgia_unified.xlsx
parl_2016,__main__,pr,republicans_2016,უსუფაშვილი - რესპუბლიკელები,6,,,18,,ნატო,ქათამაძე,ნატო ქათამაძე,საქართველოს რესპუბლიკური პარტია,,party_lists_2016_georgia_unified.xlsx
parl_2016,__main__,pr,republicans_2016,უსუფაშვილი - რესპუბლიკელები,6,,,19,,ირინე,გელაშვილი,ირინე გელაშვილი,საქართველოს რესპუბლიკური პარტია,,party_lists_2016_georgia_unified.xlsx
parl_2016,__main__,pr,republicans_2016,უსუფაშვილი - რესპუბლიკელები,6,,,20,,აშოტ,საარიან,აშოტ საარიან,საქართველოს რესპუბლიკური პარტია,,party_lists_2016_georgia_unified.xlsx
parl_2016,__main__,pr,republicans_2016,უსუფაშვილი - რესპუბლიკელები,6,,,21,,ირაკლი,ჩავლეიშვილი,ირაკლი ჩავლეიშვილი,საქართველოს რესპუბლიკური პარტია,,party_lists_2016_georgia_unified.xlsx
parl_2016,__main__,pr,republicans_2016,უსუფაშვილი - რესპუბლიკელები,6,,,22,,სოფიო,ბუსკივაძე,სოფიო ბუსკივაძე,საქართველოს რესპუბლიკური პარტია,,party_lists_2016_georgia_unified.xlsx
parl_2016,__main__,pr,republicans_2016,უსუფაშვილი - რესპუბლიკელები,6,,,23,,გრიგოლ,სორდია,გრიგოლ სორდია,საქართველოს რესპუბლიკური პარტია,,party_lists_2016_georgia_unified.xlsx
parl_2016,__main__,pr,republicans_2016,უსუფაშვილი - რესპუბლიკელები,6,,,24,,ბელა,საღინაძე,ბელა საღინაძე,საქართველოს რესპუბლიკური პარტია,,party_lists_2016_georgia_unified.xlsx
parl_2016,__main__,pr,republicans_2016,უსუფაშვილი - რესპუბლიკელები,6,,,25,,სოსო,საზანდრიშვილი,სოსო საზანდრიშვილი,საქართველოს რესპუბლიკური პარტია,,party_lists_2016_georgia_unified.xlsx
parl_2016,__main__,pr,republicans_2016,უსუფაშვილი - რესპუბლიკელები,6,,,26,,გიორგი,რაზმაძე,გიორგი რაზმაძე,საქართველოს რესპუბლიკური პარტია,,party_lists_2016_georgia_unified.xlsx
parl_2016,__main__,pr,republicans_2016,უსუფაშვილი - რესპუბლიკელები,6,,,27,,ნინო,გოგუაძე,ნინო გოგუაძე,საქართველოს რესპუბლიკური პარტია,,party_lists_2016_georgia_unified.xlsx
parl_2016,__main__,pr,republicans_2016,უსუფაშვილი - რესპუბლიკელები,6,,,28,,რასულ,გასანოვი,რასულ გასანოვი,საქართველოს რესპუბლიკური პარტია,,party_lists_2016_georgia_unified.xlsx
parl_2016,__main__,pr,republicans_2016,უსუფაშვილი - რესპუბლიკელები,6,,,29,,ნური,ძნელაძე,ნური ძნელაძე,საქართველოს რესპუბლიკური პარტია,,party_lists_2016_georgia_unified.xlsx
parl_2016,__main__,pr,republicans_2016,უსუფაშვილი - რესპუბლიკელები,6,,,30,,ვლადიმერ,კვიტაშვილი,ვლადიმერ კვიტაშვილი,საქართველოს რესპუბლიკური პარტია,,party_lists_2016_georgia_unified.xlsx
parl_2016,__main__,pr,republicans_2016,უსუფაშვილი - რესპუბლიკელები,6,,,31,,რაულ,პაქსაძე,რაულ პაქსაძე,საქართველოს რესპუბლიკური პარტია,,party_lists_2016_georgia_unified.xlsx
parl_2016,__main__,pr,republicans_2016,უსუფაშვილი - რესპუბლიკელები,6,,,32,,ლია,როინიშვილი,ლია როინიშვილი,უპარტიო,,party_lists_2016_georgia_unified.xlsx
parl_2016,__main__,pr,republicans_2016,უსუფაშვილი - რესპუბლიკელები,6,,,33,,ლევან,ქინქლაძე,ლევან ქინქლაძე,საქართველოს რესპუბლიკური პარტია,,party_lists_2016_georgia_unified.xlsx
parl_2016,__main__,pr,republicans_2016,უსუფაშვილი - რესპუბლიკელები,6,,,34,,ლაშა,მესხი,ლაშა მესხი,საქართველოს რესპუბლიკური პარტია,,party_lists_2016_georgia_unified.xlsx
parl_2016,__main__,pr,republicans_2016,უსუფაშვილი - რესპუბლიკელები,6,,,35,,ლელა,ებრალიძე,ლელა ებრალიძე,უპარტიო,,party_lists_2016_georgia_unified.xlsx
parl_2016,__main__,pr,republicans_2016,უსუფაშვილი - რესპუბლიკელები,6,,,36,,გიორგი,ივანიაძე,გიორგი ივანიაძე,საქართველოს რესპუბლიკური პარტია,,party_lists_2016_georgia_unified.xlsx
parl_2016,__main__,pr,republicans_2016,უსუფაშვილი - რესპუბლიკელები,6,,,37,,მიხეილ,ბაჟუნაიშვილი,მიხეილ ბაჟუნაიშვილი,საქართველოს რესპუბლიკური პარტია,,party_lists_2016_georgia_unified.xlsx
parl_2016,__main__,pr,republicans_2016,უსუფაშვილი - რესპუბლიკელები,6,,,38,,თინათინ,გელეყვა,თინათინ გელეყვა,საქართველოს რესპუბლიკური პარტია,,party_lists_2016_georgia_unified.xlsx
parl_2016,__main__,pr,republicans_2016,უსუფაშვილი - რესპუბლიკელები,6,,,39,,ნინო,ლაზვიაშვილი,ნინო ლაზვიაშვილი,საქართველოს რესპუბლიკური პარტია,,party_lists_2016_georgia_unified.xlsx
parl_2016,__main__,pr,republicans_2016,უსუფაშვილი - რესპუბლიკელები,6,,,40,,დავით,კამკამიძე,დავით კამკამიძე,საქართველოს რესპუბლიკური პარტია,,party_lists_2016_georgia_unified.xlsx
parl_2016,__main__,pr,republicans_2016,უსუფაშვილი - რესპუბლიკელები,6,,,41,,ბაკურ,ზურაბიანი,ბაკურ ზურაბიანი,საქართველოს რესპუბლიკური პარტია,,party_lists_2016_georgia_unified.xlsx
parl_2016,__main__,pr,republicans_2016,უსუფაშვილი - რესპუბლიკელები,6,,,42,,ფიქრია,ხაჭაპურიძე,ფიქრია ხაჭაპურიძე,საქართველოს რესპუბლიკური პარტია,,party_lists_2016_georgia_unified.xlsx
parl_2016,__main__,pr,republicans_2016,უსუფაშვილი - რესპუბლიკელები,6,,,43,,პაატა,გოგოლაძე,პაატა გოგოლაძე,საქართველოს რესპუბლიკური პარტია,,party_lists_2016_georgia_unified.xlsx
parl_2016,__main__,pr,republicans_2016,უსუფაშვილი - რესპუბლიკელები,6,,,44,,ქამილ,ალიევი,ქამილ ალიევი,საქართველოს რესპუბლიკური პარტია,,party_lists_2016_georgia_unified.xlsx
parl_2016,__main__,pr,republicans_2016,უსუფაშვილი - რესპუბლიკელები,6,,,45,,სოსო,მუკბანიანი,სოსო მუკბანიანი,საქართველოს რესპუბლიკური პარტია,,party_lists_2016_georgia_unified.xlsx
parl_2016,__main__,pr,republicans_2016,უსუფაშვილი - რესპუბლიკელები,6,,,46,,თამარ,გიორგაძე,თამარ გიორგაძე,საქართველოს რესპუბლიკური პარტია,,party_lists_2016_georgia_unified.xlsx
parl_2016,__main__,pr,republicans_2016,უსუფაშვილი - რესპუბლიკელები,6,,,47,,მამუკა,ქემოკლიძე,მამუკა ქემოკლიძე,საქართველოს რესპუბლიკური პარტია,,party_lists_2016_georgia_unified.xlsx
parl_2016,__main__,pr,republicans_2016,უსუფაშვილი - რესპუბლიკელები,6,,,48,,ლია,მღვდელაძე,ლია მღვდელაძე,საქართველოს რესპუბლიკური პარტია,,party_lists_2016_georgia_unified.xlsx
parl_2016,__main__,pr,republicans_2016,უსუფაშვილი - რესპუბლიკელები,6,,,49,,მიხეილ,ჩემია,მიხეილ ჩემია,საქართველოს რესპუბლიკური პარტია,,party_lists_2016_georgia_unified.xlsx
parl_2016,__main__,pr,republicans_2016,უსუფაშვილი - რესპუბლიკელები,6,,,50,,ლევანი,ჩანქსელიანი,ლევანი ჩანქსელიანი,საქართველოს რესპუბლიკური პარტია,,party_lists_2016_georgia_unified.xlsx
parl_2016,__main__,pr,republicans_2016,უსუფაშვილი - რესპუბლიკელები,6,,,51,,ანა,მღებრიშვილი,ანა მღებრიშვილი,საქართველოს რესპუბლიკური პარტია,,party_lists_2016_georgia_unified.xlsx
parl_2016,__main__,pr,republicans_2016,უსუფაშვილი - რესპუბლიკელები,6,,,52,,გიორგი,ჭაღიაშვილი,გიორგი ჭაღიაშვილი,საქართველოს რესპუბლიკური პარტია,,party_lists_2016_georgia_unified.xlsx
parl_2016,__main__,pr,republicans_2016,უსუფაშვილი - რესპუბლიკელები,6,,,53,,მერაბ,კვარაცხელია,მერაბ კვარაცხელია,საქართველოს რესპუბლიკური პარტია,,party_lists_2016_georgia_unified.xlsx
parl_2016,__main__,pr,republicans_2016,უსუფაშვილი - რესპუბლიკელები,6,,,54,,რობიზონი,წინწკალაძე,რობიზონი წინწკალაძე,საქართველოს რესპუბლიკური პარტია,,party_lists_2016_georgia_unified.xlsx
parl_2016,__main__,pr,republicans_2016,უსუფაშვილი - რესპუბლიკელები,6,,,55,,ნათელა,ოდიშელიძე,ნათელა ოდიშელიძე,საქართველოს რესპუბლიკური პარტია,,party_lists_2016_georgia_unified.xlsx
parl_2016,__main__,pr,republicans_2016,უსუფაშვილი - რესპუბლიკელები,6,,,56,,ნინო,გოგიჩაშვილი,ნინო გოგიჩაშვილი,საქართველოს რესპუბლიკური პარტია,,party_lists_2016_georgia_unified.xlsx
parl_2016,__main__,pr,republicans_2016,უსუფაშვილი - რესპუბლიკელები,6,,,57,,ვარდენ,კვაჭაძე,ვარდენ კვაჭაძე,საქართველოს რესპუბლიკური პარტია,,party_lists_2016_georgia_unified.xlsx
parl_2016,__main__,pr,republicans_2016,უსუფაშვილი - რესპუბლიკელები,6,,,58,,თორნიკე,ჭიღლაძე,თორნიკე ჭიღლაძე,საქართველოს რესპუბლიკური პარტია,,party_lists_2016_georgia_unified.xlsx
parl_2016,__main__,pr,republicans_2016,უსუფაშვილი - რესპუბლიკელები,6,,,59,,ბენია,პიტავა,ბენია პიტავა,საქართველოს რესპუბლიკური პარტია,,party_lists_2016_georgia_unified.xlsx
parl_2016,__main__,pr,republicans_2016,უსუფაშვილი - რესპუბლიკელები,6,,,60,,გიორგი,ჯვარიძე,გიორგი ჯვარიძე,საქართველოს რესპუბლიკური პარტია,,party_lists_2016_georgia_unified.xlsx
parl_2016,__main__,pr,republicans_2016,უსუფაშვილი - რესპუბლიკელები,6,,,61,,სოფიკო,ნოღაშვილი,სოფიკო ნოღაშვილი,საქართველოს რესპუბლიკური პარტია,,party_lists_2016_georgia_unified.xlsx
parl_2016,__main__,pr,republicans_2016,უსუფაშვილი - რესპუბლიკელები,6,,,62,,შაქრო,ჯულუხაძე,შაქრო ჯულუხაძე,საქართველოს რესპუბლიკური პარტია,,party_lists_2016_georgia_unified.xlsx
parl_2016,__main__,pr,republicans_2016,უსუფაშვილი - რესპუბლიკელები,6,,,63,,შოთა,ბაღიშვილი,შოთა ბაღიშვილი,საქართველოს რესპუბლიკური პარტია,,party_lists_2016_georgia_unified.xlsx
parl_2016,__main__,pr,republicans_2016,უსუფაშვილი - რესპუბლიკელები,6,,,64,,თამარი,აგურაშვილი,თამარი აგურაშვილი,საქართველოს რესპუბლიკური პარტია,,party_lists_2016_georgia_unified.xlsx
parl_2016,__main__,pr,republicans_2016,უსუფაშვილი - რესპუბლიკელები,6,,,65,,ბადრი,ხურცია,ბადრი ხურცია,საქართველოს რესპუბლიკური პარტია,,party_lists_2016_georgia_unified.xlsx
parl_2016,__main__,pr,republicans_2016,უსუფაშვილი - რესპუბლიკელები,6,,,66,,სულხანი,ხუნწარია,სულხანი ხუნწარია,საქართველოს რესპუბლიკური პარტია,,party_lists_2016_georgia_unified.xlsx
parl_2016,__main__,pr,republicans_2016,უსუფაშვილი - რესპუბლიკელები,6,,,67,,ქეთევან,ჭელიძე,ქეთევან ჭელიძე,საქართველოს რესპუბლიკური პარტია,,party_lists_2016_georgia_unified.xlsx
parl_2016,__main__,pr,republicans_2016,უსუფაშვილი - რესპუბლიკელები,6,,,68,,ბესიკი,ნარმანია,ბესიკი ნარმანია,საქართველოს რესპუბლიკური პარტია,,party_lists_2016_georgia_unified.xlsx
parl_2016,__main__,pr,republicans_2016,უსუფაშვილი - რესპუბლიკელები,6,,,69,,ლუიზა,მუთოშვილი,ლუიზა მუთოშვილი,საქართველოს რესპუბლიკური პარტია,,party_lists_2016_georgia_unified.xlsx
parl_2016,__main__,pr,republicans_2016,უსუფაშვილი - რესპუბლიკელები,6,,,70,,რომან,ბიწაძე,რომან ბიწაძე,საქართველოს რესპუბლიკური პარტია,,party_lists_2016_georgia_unified.xlsx
parl_2016,__main__,pr,republicans_2016,უსუფაშვილი - რესპუბლიკელები,6,,,71,,შალვა,ჯღარკავა,შალვა ჯღარკავა,საქართველოს რესპუბლიკური პარტია,,party_lists_2016_georgia_unified.xlsx
parl_2016,__main__,pr,republicans_2016,უსუფაშვილი - რესპუბლიკელები,6,,,72,,ნოდარ,ტოკლიკიშვილი,ნოდარ ტოკლიკიშვილი,საქართველოს რესპუბლიკური პარტია,,party_lists_2016_georgia_unified.xlsx
parl_2016,__main__,pr,republicans_2016,უსუფაშვილი - რესპუბლიკელები,6,,,73,,მაია,ღურწკაია,მაია ღურწკაია,საქართველოს რესპუბლიკური პარტია,,party_lists_2016_georgia_unified.xlsx
parl_2016,__main__,pr,republicans_2016,უსუფაშვილი - რესპუბლიკელები,6,,,74,,ლაშა,ცატავა,ლაშა ცატავა,საქართველოს რესპუბლიკური პარტია,,party_lists_2016_georgia_unified.xlsx
parl_2016,__main__,pr,republicans_2016,უსუფაშვილი - რესპუბლიკელები,6,,,75,,კობა,კუბლაშვილი,კობა კუბლაშვილი,საქართველოს რესპუბლიკური პარტია,,party_lists_2016_georgia_unified.xlsx
parl_2016,__main__,pr,republicans_2016,უსუფაშვილი - რესპუბლიკელები,6,,,76,,ქეთევან,ჩხეიძე,ქეთევან ჩხეიძე,საქართველოს რესპუბლიკური პარტია,,party_lists_2016_georgia_unified.xlsx
parl_2016,__main__,pr,republicans_2016,უსუფაშვილი - რესპუბლიკელები,6,,,77,,ნუგზარი,კაშია,ნუგზარი კაშია,საქართველოს რესუბლიკური პარტია,,party_lists_2016_georgia_unified.xlsx
parl_2016,__main__,pr,republicans_2016,უსუფაშვილი - რესპუბლიკელები,6,,,78,,ალექსანდრე,ვალიაური,ალექსანდრე ვალიაური,საქართველოს რესპუბლიკური პარტია,,party_lists_2016_georgia_unified.xlsx
parl_2016,__main__,pr,republicans_2016,უსუფაშვილი - რესპუბლიკელები,6,,,79,,ნინო,აბაშიძე,ნინო აბაშიძე,საქართველოს რესპუბლიკური პარტია,,party_lists_2016_georgia_unified.xlsx
parl_2016,__main__,pr,republicans_2016,უსუფაშვილი - რესპუბლიკელები,6,,,80,,ზაზა,ისაკაძე,ზაზა ისაკაძე,საქართველოს რესპუბლიკური პარტია,,party_lists_2016_georgia_unified.xlsx
parl_2016,__main__,pr,republicans_2016,უსუფაშვილი - რესპუბლიკელები,6,,,81,,გიორგი,ფურცხვანიძე,გიორგი ფურცხვანიძე,საქართველოს რესპუბლიკური პარტია,,party_lists_2016_georgia_unified.xlsx
parl_2016,__main__,pr,republicans_2016,უსუფაშვილი - რესპუბლიკელები,6,,,82,,მანანა,ხადური,მანანა ხადური,საქართველოს რესპუბლიკური პარტია,,party_lists_2016_georgia_unified.xlsx
parl_2016,__main__,pr,republicans_2016,უსუფაშვილი - რესპუბლიკელები,6,,,83,,აკაკი,ნატროშვილი,აკაკი ნატროშვილი,საქართველოს რესპუბლიკური პარტია,,party_lists_2016_georgia_unified.xlsx
parl_2016,__main__,pr,republicans_2016,უსუფაშვილი - რესპუბლიკელები,6,,,84,,ვაჟა,გაბიდაური,ვაჟა გაბიდაური,საქართველოს რესპუბლიკური პარტია,,party_lists_2016_georgia_unified.xlsx
parl_2016,__main__,pr,republicans_2016,უსუფაშვილი - რესპუბლიკელები,6,,,85,,თეა,გაგნიძე,თეა გაგნიძე,საქართველოს რესპუბლიკური პარტია,,party_lists_2016_georgia_unified.xlsx
parl_2016,__main__,pr,republicans_2016,უსუფაშვილი - რესპუბლიკელები,6,,,86,,ავთანდილი,ღელაღუტაშვილი,ავთანდილი ღელაღუტაშვილი,საქართველოს რესპუბლიკური პარტია,,party_lists_2016_georgia_unified.xlsx
parl_2016,__main__,pr,republicans_2016,უსუფაშვილი - რესპუბლიკელები,6,,,87,,რევაზი,მაკარაძე,რევაზი მაკარაძე,საქართველოს რესპუბლიკური პარტია,,party_lists_2016_georgia_unified.xlsx
parl_2016,__main__,pr,republicans_2016,უსუფაშვილი - რესპუბლიკელები,6,,,88,,ლია,ბაგალიშვილი,ლია ბაგალიშვილი,საქართველოს რესპუბლიკური პარტია,,party_lists_2016_georgia_unified.xlsx
parl_2016,__main__,pr,republicans_2016,უსუფაშვილი - რესპუბლიკელები,6,,,89,,ნუგზარ,მარკოიძე,ნუგზარ მარკოიძე,საქართველოს რესპუბლიკური პარტია,,party_lists_2016_georgia_unified.xlsx
parl_2016,__main__,pr,republicans_2016,უსუფაშვილი - რესპუბლიკელები,6,,,90,,დავით,დაიაური,დავით დაიაური,საქართველოს რესპუბლიკური პარტია,,party_lists_2016_georgia_unified.xlsx
parl_2016,__main__,pr,republicans_2016,უსუფაშვილი - რესპუბლიკელები,6,,,91,,სვეტლანა,საყვარელიძე,სვეტლანა საყვარელიძე,საქართველოს რესპუბლიკური პარტია,,party_lists_2016_georgia_unified.xlsx
parl_2016,__main__,pr,republicans_2016,უსუფაშვილი - რესპუბლიკელები,6,,,92,,მირიან,ბერუაშვილი,მირიან ბერუაშვილი,საქართველოს რესპუბლიკური პარტია,,party_lists_2016_georgia_unified.xlsx
parl_2016,__main__,pr,republicans_2016,უსუფაშვილი - რესპუბლიკელები,6,,,93,,ბორის,გაბრიაძე,ბორის გაბრიაძე,საქართველოს რესპუბლიკური პარტია,,party_lists_2016_georgia_unified.xlsx
parl_2016,__main__,pr,republicans_2016,უსუფაშვილი - რესპუბლიკელები,6,,,94,,მერაბ,უღრელიძე,მერაბ უღრელიძე,საქართველოს რესპუბლიკური პარტია,,party_lists_2016_georgia_unified.xlsx
parl_2016,__main__,pr,republicans_2016,უსუფაშვილი - რესპუბლიკელები,6,,,95,,ევგენი,გოგინავა,ევგენი გოგინავა,საქათველოს რესპუბლიკური პარტია,,party_lists_2016_georgia_unified.xlsx
parl_2016,__main__,pr,republicans_2016,უსუფაშვილი - რესპუბლიკელები,6,,,96,,მარიამი,ავალიშვილი,მარიამი ავალიშვილი,უპარტიო,,party_lists_2016_georgia_unified.xlsx
parl_2016,__main__,pr,republicans_2016,უსუფაშვილი - რესპუბლიკელები,6,,,97,,ნინო,ჯანელიძე,ნინო ჯანელიძე,საქართველოს რესპუბლიკური პარტია,,party_lists_2016_georgia_unified.xlsx
parl_2016,__main__,pr,republicans_2016,უსუფაშვილი - რესპუბლიკელები,6,,,98,,ლაშა,თოდუა,ლაშა თოდუა,საქართველოს რესპუბლიკური პარტია,,party_lists_2016_georgia_unified.xlsx
parl_2016,__main__,pr,republicans_2016,უსუფაშვილი - რესპუბლიკელები,6,,,99,,თამაზი,ისკიანდაროვი,თამაზი ისკიანდაროვი,საქართველოს რესპუბლიკური პარტია,,party_lists_2016_georgia_unified.xlsx
parl_2016,__main__,pr,republicans_2016,უსუფაშვილი - რესპუბლიკელები,6,,,100,,მირიანი,ავსაჯანიშვილი,მირიანი ავსაჯანიშვილი,საქართველოს რესპუბლიკური პარტია,,party_lists_2016_georgia_unified.xlsx
parl_2016,__main__,pr,republicans_2016,უსუფაშვილი - რესპუბლიკელები,6,,,101,,ფრიდონ,პარუნაშვილი,ფრიდონ პარუნაშვილი,საქართველოს რესპუბლიკური პარტია,,party_lists_2016_georgia_unified.xlsx
parl_2016,__main__,pr,republicans_2016,უსუფაშვილი - რესპუბლიკელები,6,,,102,,ია,შალიკაშვილი,ია შალიკაშვილი,საქართველოს რესპუბლიკური პარტია,,party_lists_2016_georgia_unified.xlsx
parl_2016,__main__,pr,republicans_2016,უსუფაშვილი - რესპუბლიკელები,6,,,103,,კახაბერი,ხვთისავრიშვილი,კახაბერი ხვთისავრიშვილი,საქართველოს რესპუბლიკური პარტია,,party_lists_2016_georgia_unified.xlsx
parl_2016,__main__,pr,republicans_2016,უსუფაშვილი - რესპუბლიკელები,6,,,104,,გიორგი,ჭელიძე,გიორგი ჭელიძე,საქართველოს რესპუბლიკური პარტია,,party_lists_2016_georgia_unified.xlsx
parl_2016,__main__,pr,republicans_2016,უსუფაშვილი - რესპუბლიკელები,6,,,105,,შორენა,ფანოზიშვილი,შორენა ფანოზიშვილი,უპარტიო,,party_lists_2016_georgia_unified.xlsx
parl_2016,__main__,pr,republicans_2016,უსუფაშვილი - რესპუბლიკელები,6,,,106,,გელა,აზიკური,გელა აზიკური,საქართველოს რესპუბლიკური პარტია,,party_lists_2016_georgia_unified.xlsx
parl_2016,__main__,pr,republicans_2016,უსუფაშვილი - რესპუბლიკელები,6,,,107,,ნინო,ხაჭაპურიძე,ნინო ხაჭაპურიძე,უპარტიო,,party_lists_2016_georgia_unified.xlsx
parl_2016,__main__,pr,republicans_2016,უსუფაშვილი - რესპუბლიკელები,6,,,108,,იოსები,კაპანაძე,იოსები კაპანაძე,საქართველოს რესპუბლიკური პარტია,,party_lists_2016_georgia_unified.xlsx
parl_2016,__main__,pr,republicans_2016,უსუფაშვილი - რესპუბლიკელები,6,,,109,,გიორგი,მამაიაშვილი,გიორგი მამაიაშვილი,საქართველოს რესპუბლიკური პარტია,,party_lists_2016_georgia_unified.xlsx
parl_2016,__main__,pr,republicans_2016,უსუფაშვილი - რესპუბლიკელები,6,,,110,,დალი,იობიძე,დალი იობიძე,საქართველოს რესპუბლიკური პარტია,,party_lists_2016_georgia_unified.xlsx
parl_2016,__main__,pr,republicans_2016,უსუფაშვილი - რესპუბლიკელები,6,,,111,,გიორგი,ალიბეგაშვილი,გიორგი ალიბეგაშვილი,საქართველოს რესპუბლიკური პარტია,,party_lists_2016_georgia_unified.xlsx
parl_2016,__main__,pr,republicans_2016,უსუფაშვილი - რესპუბლიკელები,6,,,112,,ნიკოლოზ,ზარქუა,ნიკოლოზ ზარქუა,საქართველოს რესპუბლიკური პარტია,,party_lists_2016_georgia_unified.xlsx
parl_2016,__main__,pr,republicans_2016,უსუფაშვილი - რესპუბლიკელები,6,,,113,,კახა,ქუთათელაძე,კახა ქუთათელაძე,საქართველოს რესპუბიკური პარტია,,party_lists_2016_georgia_unified.xlsx
parl_2016,__main__,pr,republicans_2016,უსუფაშვილი - რესპუბლიკელები,6,,,114,,ლია,ნატროშვილი,ლია ნატროშვილი,საქართველოს რესპუბლიკური პარტია,,party_lists_2016_georgia_unified.xlsx
parl_2016,__main__,pr,republicans_2016,უსუფაშვილი - რესპუბლიკელები,6,,,115,,ვლადიმერ,ვადაჭკორია,ვლადიმერ ვადაჭკორია,საქართველოს რესპუბლიკური პარტია,,party_lists_2016_georgia_unified.xlsx
parl_2016,__main__,pr,republicans_2016,უსუფაშვილი - რესპუბლიკელები,6,,,116,,რამაზ,ჩაფიჩაძე,რამაზ ჩაფიჩაძე,საქართველოს რესპუბლიკური პარტია,,party_lists_2016_georgia_unified.xlsx
parl_2016,__main__,pr,republicans_2016,უსუფაშვილი - რესპუბლიკელები,6,,,117,,თამარ,ივანიშვილი,თამარ ივანიშვილი,საქართველოს რესპუბლიკური პარტია,,party_lists_2016_georgia_unified.xlsx
parl_2016,__main__,pr,republicans_2016,უსუფაშვილი - რესპუბლიკელები,6,,,118,,ჯემალი,ისაკაძე,ჯემალი ისაკაძე,საქართველოს რესპუბლიკური პარტია,,party_lists_2016_georgia_unified.xlsx
parl_2016,__main__,pr,republicans_2016,უსუფაშვილი - რესპუბლიკელები,6,,,119,,ნუგზარ,მაღრაძე,ნუგზარ მაღრაძე,საქართველოს რესპუბლიკური პარტია,,party_lists_2016_georgia_unified.xlsx
parl_2016,__main__,pr,republicans_2016,უსუფაშვილი - რესპუბლიკელები,6,,,120,,თამთა,შარაშენიძე,თამთა შარაშენიძე,საქართველოს რესპუბლიკური პარტია,,party_lists_2016_georgia_unified.xlsx
parl_2016,__main__,pr,republicans_2016,უსუფაშვილი - რესპუბლიკელები,6,,,121,,ვასილ,კოპალიანი,ვასილ კოპალიანი,საქართველოს რესპუბლიკური პარტია,,party_lists_2016_georgia_unified.xlsx
parl_2016,__main__,pr,republicans_2016,უსუფაშვილი - რესპუბლიკელები,6,,,122,,თამარი,ქევხიშვილი,თამარი ქევხიშვილი,საქართველოს რესპუბლიკური პარტია,,party_lists_2016_georgia_unified.xlsx
parl_2016,__main__,pr,republicans_2016,უსუფაშვილი - რესპუბლიკელები,6,,,123,,ალექსი,ედიშერაშვილი,ალექსი ედიშერაშვილი,საქართველოს რესპუბლიკური პარტია,,party_lists_2016_georgia_unified.xlsx
parl_2016,__main__,pr,republicans_2016,უსუფაშვილი - რესპუბლიკელები,6,,,124,,ლავრენტი,სუხიშვილი,ლავრენტი სუხიშვილი,საქართველოს რესპუბლიკური პარტია,,party_lists_2016_georgia_unified.xlsx
parl_2016,__main__,pr,republicans_2016,უსუფაშვილი - რესპუბლიკელები,6,,,125,,ეკატერინე,ფანჯიკიძე,ეკატერინე ფანჯიკიძე,საქართველოს რესპუბლიკური პარტია,,party_lists_2016_georgia_unified.xlsx
parl_2016,__main__,pr,republicans_2016,უსუფაშვილი - რესპუბლიკელები,6,,,126,,მალხაზ,ჩხიკვაძე,მალხაზ ჩხიკვაძე,საქართველოს რესპუბლიკური პარტია,,party_lists_2016_georgia_unified.xlsx
parl_2016,__main__,pr,republicans_2016,უსუფაშვილი - რესპუბლიკელები,6,,,127,,ზვიად,მოსაშვილი,ზვიად მოსაშვილი,საქართველოს რესპუბლიკური პარტია,,party_lists_2016_georgia_unified.xlsx
parl_2016,__main__,pr,republicans_2016,უსუფაშვილი - რესპუბლიკელები,6,,,128,,ავთანდილი,ზარდიაშვილი,ავთანდილი ზარდიაშვილი,საქართველოს რესპუბლიკური პარტია,,party_lists_2016_georgia_unified.xlsx
parl_2016,__main__,pr,republicans_2016,უსუფაშვილი - რესპუბლიკელები,6,,,129,,ნოდარ,დარეჯანაშვილი,ნოდარ დარეჯანაშვილი,საქართველოს რესპუბლიკური პარტია,,party_lists_2016_georgia_unified.xlsx
parl_2016,__main__,pr,republicans_2016,უსუფაშვილი - რესპუბლიკელები,6,,,130,,მაია,გიგილოშვილი,მაია გიგილოშვილი,საქართველოს რესპუბლიკური პარტია,,party_lists_2016_georgia_unified.xlsx
parl_2016,__main__,pr,republicans_2016,უსუფაშვილი - რესპუბლიკელები,6,,,131,,დავით,ჭანტურია,დავით ჭანტურია,საქართველოს რესპუბლიკური პარტია,,party_lists_2016_georgia_unified.xlsx
parl_2016,__main__,pr,republicans_2016,უსუფაშვილი - რესპუბლიკელები,6,,,132,,ქეთევან,მიდელაშვილი,ქეთევან მიდელაშვილი,საქართველოს რესპუბლიკური პარტია,,party_lists_2016_georgia_unified.xlsx
parl_2016,__main__,pr,republicans_2016,უსუფაშვილი - რესპუბლიკელები,6,,,133,,მაია,გვენცაძე,მაია გვენცაძე,საქართველოს რესპუბლიკური პარტია,,party_lists_2016_georgia_unified.xlsx
parl_2016,__main__,pr,republicans_2016,უსუფაშვილი - რესპუბლიკელები,6,,,134,,თენგიზ,ქოჩუა,თენგიზ ქოჩუა,საქართველოს რესპუბლიკური პარტია,,party_lists_2016_georgia_unified.xlsx
parl_2016,__main__,pr,republicans_2016,უსუფაშვილი - რესპუბლიკელები,6,,,135,,ომარ,გაგოშიძე,ომარ გაგოშიძე,საქართველოს რესპუბლიკური პარტია,,party_lists_2016_georgia_unified.xlsx
parl_2016,__main__,pr,mechiauri_united,თამაზ მეჭიაური ერთიანი საქართველოსთვის,7,,,1,,თამაზ,მეჭიაური,თამაზ მეჭიაური,"მამული ,ენა სარწმუნოება",,party_lists_2016_georgia_unified.xlsx
parl_2016,__main__,pr,mechiauri_united,თამაზ მეჭიაური ერთიანი საქართველოსთვის,7,,,2,,ია,მეტრეველი,ია მეტრეველი,"მამული , ენა სარწმუნოება",,party_lists_2016_georgia_unified.xlsx
parl_2016,__main__,pr,mechiauri_united,თამაზ მეჭიაური ერთიანი საქართველოსთვის,7,,,3,,დავით,ფაცაცია,დავით ფაცაცია,"მამული , ენა სარწმუნოება",,party_lists_2016_georgia_unified.xlsx
parl_2016,__main__,pr,mechiauri_united,თამაზ მეჭიაური ერთიანი საქართველოსთვის,7,,,4,,ზურაბი,კობიაშვილი,ზურაბი კობიაშვილი,"მამული , ენა სარწმუნოება",,party_lists_2016_georgia_unified.xlsx
parl_2016,__main__,pr,mechiauri_united,თამაზ მეჭიაური ერთიანი საქართველოსთვის,7,,,5,,ზაურ,ხაჩიძე,ზაურ ხაჩიძე,"მამული , ენა სარწმუნოება",,party_lists_2016_georgia_unified.xlsx
parl_2016,__main__,pr,mechiauri_united,თამაზ მეჭიაური ერთიანი საქართველოსთვის,7,,,6,,მიხეილი,ნემსიწვერიძე,მიხეილი ნემსიწვერიძე,"მამული , ენა სარწმუნოება",,party_lists_2016_georgia_unified.xlsx
parl_2016,__main__,pr,mechiauri_united,თამაზ მეჭიაური ერთიანი საქართველოსთვის,7,,,7,,დავით,მუჭაური,დავით მუჭაური,"მამული , ენა სარწმუნოება",,party_lists_2016_georgia_unified.xlsx
parl_2016,__main__,pr,mechiauri_united,თამაზ მეჭიაური ერთიანი საქართველოსთვის,7,,,8,,თამარ,კიკნაძე,თამარ კიკნაძე,უპარტიო,,party_lists_2016_georgia_unified.xlsx
parl_2016,__main__,pr,mechiauri_united,თამაზ მეჭიაური ერთიანი საქართველოსთვის,7,,,9,,ფარმან,ჯეირანლი,ფარმან ჯეირანლი,"მამული ,ენა სარწმუნოება",,party_lists_2016_georgia_unified.xlsx
parl_2016,__main__,pr,mechiauri_united,თამაზ მეჭიაური ერთიანი საქართველოსთვის,7,,,10,,ხათუნა,მაჭავარიანი,ხათუნა მაჭავარიანი,საქართველოს ქალთა პარტია- სამართლიანობისა და თანასწორობისათვის,,party_lists_2016_georgia_unified.xlsx
parl_2016,__main__,pr,mechiauri_united,თამაზ მეჭიაური ერთიანი საქართველოსთვის,7,,,11,,ზაზა,მეჭიაური,ზაზა მეჭიაური,"მამული ,ენა სარწმუნოება",,party_lists_2016_georgia_unified.xlsx
parl_2016,__main__,pr,mechiauri_united,თამაზ მეჭიაური ერთიანი საქართველოსთვის,7,,,12,,ნუგზარი,უგლავა,ნუგზარი უგლავა,"მამული ,ენა სარწმუნოება",,party_lists_2016_georgia_unified.xlsx
parl_2016,__main__,pr,mechiauri_united,თამაზ მეჭიაური ერთიანი საქართველოსთვის,7,,,13,,მანუჩარ,მაჩაიძე,მანუჩარ მაჩაიძე,"მამული ,ენა სარწმუნოება",,party_lists_2016_georgia_unified.xlsx
parl_2016,__main__,pr,mechiauri_united,თამაზ მეჭიაური ერთიანი საქართველოსთვის,7,,,14,,მარინე,გელაშვილი,მარინე გელაშვილი,უპარტიო,,party_lists_2016_georgia_unified.xlsx
parl_2016,__main__,pr,mechiauri_united,თამაზ მეჭიაური ერთიანი საქართველოსთვის,7,,,15,,ივანე,ლაზარაშვილი,ივანე ლაზარაშვილი,უპარტიო,,party_lists_2016_georgia_unified.xlsx
parl_2016,__main__,pr,mechiauri_united,თამაზ მეჭიაური ერთიანი საქართველოსთვის,7,,,16,,სესილი,შათაშვილი,სესილი შათაშვილი,"მამული , ენა სარწმუნოება",,party_lists_2016_georgia_unified.xlsx
parl_2016,__main__,pr,mechiauri_united,თამაზ მეჭიაური ერთიანი საქართველოსთვის,7,,,17,,თეა,შომახია,თეა შომახია,"მამული , ენა სარწმუნოება",,party_lists_2016_georgia_unified.xlsx
parl_2016,__main__,pr,mechiauri_united,თამაზ მეჭიაური ერთიანი საქართველოსთვის,7,,,18,,თამაზ,ჭეიშვილი,თამაზ ჭეიშვილი,"მამული , ენა სარწმუნოება",,party_lists_2016_georgia_unified.xlsx
parl_2016,__main__,pr,mechiauri_united,თამაზ მეჭიაური ერთიანი საქართველოსთვის,7,,,19,,რომან,ხუციშვილი,რომან ხუციშვილი,"მამული , ენა სარწმუნოება",,party_lists_2016_georgia_unified.xlsx
parl_2016,__main__,pr,mechiauri_united,თამაზ მეჭიაური ერთიანი საქართველოსთვის,7,,,20,,ჯუმბერ,ბაციკაძე,ჯუმბერ ბაციკაძე,"მამული , ენა სარწმუნოება",,party_lists_2016_georgia_unified.xlsx
parl_2016,__main__,pr,mechiauri_united,თამაზ მეჭიაური ერთიანი საქართველოსთვის,7,,,21,,ნანა,ანდრიაშვილი,ნანა ანდრიაშვილი,"მამული , ენა სარწმუნოება",,party_lists_2016_georgia_unified.xlsx
parl_2016,__main__,pr,mechiauri_united,თამაზ მეჭიაური ერთიანი საქართველოსთვის,7,,,22,,თეა,ქვარცხავა,თეა ქვარცხავა,უპარტიო,,party_lists_2016_georgia_unified.xlsx
parl_2016,__main__,pr,mechiauri_united,თამაზ მეჭიაური ერთიანი საქართველოსთვის,7,,,23,,სერგო,ჯანაშია,სერგო ჯანაშია,"მამული , ენა სარწმუნოება",,party_lists_2016_georgia_unified.xlsx
parl_2016,__main__,pr,mechiauri_united,თამაზ მეჭიაური ერთიანი საქართველოსთვის,7,,,24,,დიანა,მგელაძე,დიანა მგელაძე,"მამული , ენა სარწმუნოება",,party_lists_2016_georgia_unified.xlsx
parl_2016,__main__,pr,mechiauri_united,თამაზ მეჭიაური ერთიანი საქართველოსთვის,7,,,25,,შოთა,მინდიაშვილი,შოთა მინდიაშვილი,"მამული , ენა სარწმუნოება",,party_lists_2016_georgia_unified.xlsx
parl_2016,__main__,pr,mechiauri_united,თამაზ მეჭიაური ერთიანი საქართველოსთვის,7,,,26,,ლევან,გველესიანი,ლევან გველესიანი,"მამული , ენა სარწმუნოება",,party_lists_2016_georgia_unified.xlsx
parl_2016,__main__,pr,mechiauri_united,თამაზ მეჭიაური ერთიანი საქართველოსთვის,7,,,27,,ვასილი,კეჟრიშვილი,ვასილი კეჟრიშვილი,"მამული ,ენა სარწმუნოება",,party_lists_2016_georgia_unified.xlsx
parl_2016,__main__,pr,mechiauri_united,თამაზ მეჭიაური ერთიანი საქართველოსთვის,7,,,28,,ვლადიმერ,ჩიქობავა,ვლადიმერ ჩიქობავა,"მამული , ენა სარწმუნოება",,party_lists_2016_georgia_unified.xlsx
parl_2016,__main__,pr,mechiauri_united,თამაზ მეჭიაური ერთიანი საქართველოსთვის,7,,,29,,ნოდარი,ქაჩლიშვილი,ნოდარი ქაჩლიშვილი,"მამული , ენა სარწმუნოება",,party_lists_2016_georgia_unified.xlsx
parl_2016,__main__,pr,mechiauri_united,თამაზ მეჭიაური ერთიანი საქართველოსთვის,7,,,30,,ედუარდ,დავითაშვილი,ედუარდ დავითაშვილი,"მამული , ენა სარწმუნოება",,party_lists_2016_georgia_unified.xlsx
parl_2016,__main__,pr,mechiauri_united,თამაზ მეჭიაური ერთიანი საქართველოსთვის,7,,,31,,ნონა,მუჯირი,ნონა მუჯირი,"მამული , ენა სარწმუნოება",,party_lists_2016_georgia_unified.xlsx
parl_2016,__main__,pr,mechiauri_united,თამაზ მეჭიაური ერთიანი საქართველოსთვის,7,,,32,,თენგიზ,რუხაძე,თენგიზ რუხაძე,უპარტიო,,party_lists_2016_georgia_unified.xlsx
parl_2016,__main__,pr,mechiauri_united,თამაზ მეჭიაური ერთიანი საქართველოსთვის,7,,,33,,ბადრი,ჯინჭარაძე,ბადრი ჯინჭარაძე,"მამული ,ენა სარწმუნოება",,party_lists_2016_georgia_unified.xlsx
parl_2016,__main__,pr,mechiauri_united,თამაზ მეჭიაური ერთიანი საქართველოსთვის,7,,,34,,ზაზა,ხოსროშვილი,ზაზა ხოსროშვილი,უპარტიო,,party_lists_2016_georgia_unified.xlsx
parl_2016,__main__,pr,mechiauri_united,თამაზ მეჭიაური ერთიანი საქართველოსთვის,7,,,35,,ვალერიანე,კოპალიანი,ვალერიანე კოპალიანი,"მამული ,ენა სარწმუნოება",,party_lists_2016_georgia_unified.xlsx
parl_2016,__main__,pr,mechiauri_united,თამაზ მეჭიაური ერთიანი საქართველოსთვის,7,,,36,,ელენე,გოგებაშვილი,ელენე გოგებაშვილი,უპარტიო,,party_lists_2016_georgia_unified.xlsx
parl_2016,__main__,pr,mechiauri_united,თამაზ მეჭიაური ერთიანი საქართველოსთვის,7,,,37,,მირზა,კენკიშვილი,მირზა კენკიშვილი,უპარტიო,,party_lists_2016_georgia_unified.xlsx
parl_2016,__main__,pr,mechiauri_united,თამაზ მეჭიაური ერთიანი საქართველოსთვის,7,,,38,,პაატა,შავაძე,პაატა შავაძე,უპარტიო,,party_lists_2016_georgia_unified.xlsx
parl_2016,__main__,pr,mechiauri_united,თამაზ მეჭიაური ერთიანი საქართველოსთვის,7,,,39,,ემზარ,მგელაძე,ემზარ მგელაძე,უპარტიო,,party_lists_2016_georgia_unified.xlsx
parl_2016,__main__,pr,mechiauri_united,თამაზ მეჭიაური ერთიანი საქართველოსთვის,7,,,40,,ელგუჯა,ბერიძე,ელგუჯა ბერიძე,უპარტიო,,party_lists_2016_georgia_unified.xlsx
parl_2016,__main__,pr,mechiauri_united,თამაზ მეჭიაური ერთიანი საქართველოსთვის,7,,,41,,გივი,მამულაძე,გივი მამულაძე,უპარტიო,,party_lists_2016_georgia_unified.xlsx
parl_2016,__main__,pr,mechiauri_united,თამაზ მეჭიაური ერთიანი საქართველოსთვის,7,,,42,,მერაბ,ბერიძე,მერაბ ბერიძე,უპარტიო,,party_lists_2016_georgia_unified.xlsx
parl_2016,__main__,pr,mechiauri_united,თამაზ მეჭიაური ერთიანი საქართველოსთვის,7,,,43,,მუბარის,კარაევ,მუბარის კარაევ,უპარტიო,,party_lists_2016_georgia_unified.xlsx
parl_2016,__main__,pr,mechiauri_united,თამაზ მეჭიაური ერთიანი საქართველოსთვის,7,,,44,,ზაური,ცერცვაძე,ზაური ცერცვაძე,უპარტიო,,party_lists_2016_georgia_unified.xlsx
parl_2016,__main__,pr,mechiauri_united,თამაზ მეჭიაური ერთიანი საქართველოსთვის,7,,,45,,ლევან,კოჭლოშვილი,ლევან კოჭლოშვილი,უპარტიო,,party_lists_2016_georgia_unified.xlsx
parl_2016,__main__,pr,mechiauri_united,თამაზ მეჭიაური ერთიანი საქართველოსთვის,7,,,46,,ბეჟანი,ხარებაშვილი,ბეჟანი ხარებაშვილი,უპარტიო,,party_lists_2016_georgia_unified.xlsx
parl_2016,__main__,pr,mechiauri_united,თამაზ მეჭიაური ერთიანი საქართველოსთვის,7,,,47,,დავით,ნოზაძე,დავით ნოზაძე,"მამული , ენა სარწმუნოება",,party_lists_2016_georgia_unified.xlsx
parl_2016,__main__,pr,mechiauri_united,თამაზ მეჭიაური ერთიანი საქართველოსთვის,7,,,48,,ბადრი,სეფაშვილი,ბადრი სეფაშვილი,"მამული , ენა სარწმუნოება",,party_lists_2016_georgia_unified.xlsx
parl_2016,__main__,pr,mechiauri_united,თამაზ მეჭიაური ერთიანი საქართველოსთვის,7,,,49,,ვასილ,ხუციშვილი,ვასილ ხუციშვილი,უპარტიო,,party_lists_2016_georgia_unified.xlsx
parl_2016,__main__,pr,mechiauri_united,თამაზ მეჭიაური ერთიანი საქართველოსთვის,7,,,50,,მერაბი,ნინიკაშვილი,მერაბი ნინიკაშვილი,"მამული ,ენა სარწმუნოება",,party_lists_2016_georgia_unified.xlsx
parl_2016,__main__,pr,mechiauri_united,თამაზ მეჭიაური ერთიანი საქართველოსთვის,7,,,51,,ლია,ლომთათიძე,ლია ლომთათიძე,"მამული ,ენა სარწმუნოება",,party_lists_2016_georgia_unified.xlsx
parl_2016,__main__,pr,mechiauri_united,თამაზ მეჭიაური ერთიანი საქართველოსთვის,7,,,52,,გოდერძი,კუბლაშვილი,გოდერძი კუბლაშვილი,უპარტიო,,party_lists_2016_georgia_unified.xlsx
parl_2016,__main__,pr,mechiauri_united,თამაზ მეჭიაური ერთიანი საქართველოსთვის,7,,,53,,ავთანდილ,ჯოხაძე,ავთანდილ ჯოხაძე,მამული ენა სარწმუნოება,,party_lists_2016_georgia_unified.xlsx
parl_2016,__main__,pr,mechiauri_united,თამაზ მეჭიაური ერთიანი საქართველოსთვის,7,,,54,,ლევან,ბუთხუზაშვილი,ლევან ბუთხუზაშვილი,უპარტიო,,party_lists_2016_georgia_unified.xlsx
parl_2016,__main__,pr,mechiauri_united,თამაზ მეჭიაური ერთიანი საქართველოსთვის,7,,,55,,ბადრი,ლაზიაშვილი,ბადრი ლაზიაშვილი,მამული ენა სარწმუნოება,,party_lists_2016_georgia_unified.xlsx
parl_2016,__main__,pr,mechiauri_united,თამაზ მეჭიაური ერთიანი საქართველოსთვის,7,,,56,,ნოდარი,მეცხვარიშვილი,ნოდარი მეცხვარიშვილი,"მამული , ენა სარწმუნოება",,party_lists_2016_georgia_unified.xlsx
parl_2016,__main__,pr,mechiauri_united,თამაზ მეჭიაური ერთიანი საქართველოსთვის,7,,,57,,შუქრი,მეგრელიშვილი,შუქრი მეგრელიშვილი,"მამული , ენა სარწმუნოება",,party_lists_2016_georgia_unified.xlsx
parl_2016,__main__,pr,mechiauri_united,თამაზ მეჭიაური ერთიანი საქართველოსთვის,7,,,58,,ვაჟა,მოთიაშვილი,ვაჟა მოთიაშვილი,"მამული ,ენა სარწმუნოება",,party_lists_2016_georgia_unified.xlsx
parl_2016,__main__,pr,mechiauri_united,თამაზ მეჭიაური ერთიანი საქართველოსთვის,7,,,59,,გელა,ჩივაძე,გელა ჩივაძე,"მამული ,ენა სარწმუნოება",,party_lists_2016_georgia_unified.xlsx
parl_2016,__main__,pr,mechiauri_united,თამაზ მეჭიაური ერთიანი საქართველოსთვის,7,,,60,,ზურაბ,კვანტალიანი,ზურაბ კვანტალიანი,"მამული ,ენა სარწმუნოება",,party_lists_2016_georgia_unified.xlsx
parl_2016,__main__,pr,mechiauri_united,თამაზ მეჭიაური ერთიანი საქართველოსთვის,7,,,61,,აპოლონ,გადელია,აპოლონ გადელია,უპარტიო,,party_lists_2016_georgia_unified.xlsx
parl_2016,__main__,pr,mechiauri_united,თამაზ მეჭიაური ერთიანი საქართველოსთვის,7,,,62,,ლაშა,გოლუბიანი,ლაშა გოლუბიანი,"მამული ,ენა სარწმუნოება",,party_lists_2016_georgia_unified.xlsx
parl_2016,__main__,pr,mechiauri_united,თამაზ მეჭიაური ერთიანი საქართველოსთვის,7,,,63,,ლია,გვენეტაძე,ლია გვენეტაძე,საქართველოს ქალთა პარტია სამართლიანობისა და თანასწორ. წევრი,,party_lists_2016_georgia_unified.xlsx
parl_2016,__main__,pr,mechiauri_united,თამაზ მეჭიაური ერთიანი საქართველოსთვის,7,,,64,,მადონა,კანდელაკი,მადონა კანდელაკი,"მამული ,ენა სარწმუნოება",,party_lists_2016_georgia_unified.xlsx
parl_2016,__main__,pr,mechiauri_united,თამაზ მეჭიაური ერთიანი საქართველოსთვის,7,,,65,,გენადი,ჩუტკერაშვილი,გენადი ჩუტკერაშვილი,უპარტიო,,party_lists_2016_georgia_unified.xlsx
parl_2016,__main__,pr,mechiauri_united,თამაზ მეჭიაური ერთიანი საქართველოსთვის,7,,,66,,სავლე,ჩხიტუნიძე,სავლე ჩხიტუნიძე,უპარტიო,,party_lists_2016_georgia_unified.xlsx
parl_2016,__main__,pr,mechiauri_united,თამაზ მეჭიაური ერთიანი საქართველოსთვის,7,,,67,,ელდარ,მუსტაფაევი,ელდარ მუსტაფაევი,უპარტიო,,party_lists_2016_georgia_unified.xlsx
parl_2016,__main__,pr,mechiauri_united,თამაზ მეჭიაური ერთიანი საქართველოსთვის,7,,,68,,ჯონი,ზარანდია,ჯონი ზარანდია,უპარტიო,,party_lists_2016_georgia_unified.xlsx
parl_2016,__main__,pr,mechiauri_united,თამაზ მეჭიაური ერთიანი საქართველოსთვის,7,,,69,,ირმა,ჯანგირაშვილი,ირმა ჯანგირაშვილი,უპარტიო,,party_lists_2016_georgia_unified.xlsx
parl_2016,__main__,pr,mechiauri_united,თამაზ მეჭიაური ერთიანი საქართველოსთვის,7,,,70,,თამარ,მუსხელიშვილი,თამარ მუსხელიშვილი,საქართველოს ქალთა პარტია- სამართლიანობისა და თანასწორობისათვის,,party_lists_2016_georgia_unified.xlsx
parl_2016,__main__,pr,mechiauri_united,თამაზ მეჭიაური ერთიანი საქართველოსთვის,7,,,71,,ოლიკო,მურღულია,ოლიკო მურღულია,უპარტიო,,party_lists_2016_georgia_unified.xlsx
parl_2016,__main__,pr,mechiauri_united,თამაზ მეჭიაური ერთიანი საქართველოსთვის,7,,,72,,ნანა,ქვარცხავა,ნანა ქვარცხავა,უპარტიო,,party_lists_2016_georgia_unified.xlsx
parl_2016,__main__,pr,mechiauri_united,თამაზ მეჭიაური ერთიანი საქართველოსთვის,7,,,73,,მირანდუხტი,ჩაჩავა,მირანდუხტი ჩაჩავა,"მამული , ენა სარწმუნოება",,party_lists_2016_georgia_unified.xlsx
parl_2016,__main__,pr,mechiauri_united,თამაზ მეჭიაური ერთიანი საქართველოსთვის,7,,,74,,მზია,ბერიძე,მზია ბერიძე,"მამული , ენა სარწმუნოება",,party_lists_2016_georgia_unified.xlsx
parl_2016,__main__,pr,mechiauri_united,თამაზ მეჭიაური ერთიანი საქართველოსთვის,7,,,75,,ანა,რატიანი,ანა რატიანი,უპარტიო,,party_lists_2016_georgia_unified.xlsx
parl_2016,__main__,pr,mechiauri_united,თამაზ მეჭიაური ერთიანი საქართველოსთვის,7,,,76,,ნუნუ,მარჩილაშვილი,ნუნუ მარჩილაშვილი,"მამული , ენა სარწმუნოება",,party_lists_2016_georgia_unified.xlsx
parl_2016,__main__,pr,mechiauri_united,თამაზ მეჭიაური ერთიანი საქართველოსთვის,7,,,77,,ლიანა,წიქარიშვილი,ლიანა წიქარიშვილი,"მამული , ენა სარწმუნოება",,party_lists_2016_georgia_unified.xlsx
parl_2016,__main__,pr,mechiauri_united,თამაზ მეჭიაური ერთიანი საქართველოსთვის,7,,,78,,დალი,ნიკოლაიშვილი,დალი ნიკოლაიშვილი,"მამული , ენა სარწმუნოება",,party_lists_2016_georgia_unified.xlsx
parl_2016,__main__,pr,mechiauri_united,თამაზ მეჭიაური ერთიანი საქართველოსთვის,7,,,79,,ქეთევან,დახუნდარიძე,ქეთევან დახუნდარიძე,"მამული , ენა სარწმუნოება",,party_lists_2016_georgia_unified.xlsx
parl_2016,__main__,pr,mechiauri_united,თამაზ მეჭიაური ერთიანი საქართველოსთვის,7,,,80,,თამთა,წულაია,თამთა წულაია,"მამული , ენა სარწმუნოება",,party_lists_2016_georgia_unified.xlsx
parl_2016,__main__,pr,mechiauri_united,თამაზ მეჭიაური ერთიანი საქართველოსთვის,7,,,81,,თამარი,ციტაიშვილი,თამარი ციტაიშვილი,"მამული , ენა სარწმუნოება",,party_lists_2016_georgia_unified.xlsx
parl_2016,__main__,pr,mechiauri_united,თამაზ მეჭიაური ერთიანი საქართველოსთვის,7,,,82,,ლელა,ნუცუბიძე,ლელა ნუცუბიძე,"მამული , ენა სარწმუნოება",,party_lists_2016_georgia_unified.xlsx
parl_2016,__main__,pr,mechiauri_united,თამაზ მეჭიაური ერთიანი საქართველოსთვის,7,,,83,,მზია,ბელოევი,მზია ბელოევი,"მამული , ენა სარწმუნოება",,party_lists_2016_georgia_unified.xlsx
parl_2016,__main__,pr,mechiauri_united,თამაზ მეჭიაური ერთიანი საქართველოსთვის,7,,,84,,ელაადა,აბაზოვი,ელაადა აბაზოვი,"მამული , ენა სარწმუნოება",,party_lists_2016_georgia_unified.xlsx
parl_2016,__main__,pr,mechiauri_united,თამაზ მეჭიაური ერთიანი საქართველოსთვის,7,,,85,,ანდრო,მამნიაშვილი,ანდრო მამნიაშვილი,"მამული , ენა სარწმუნოება",,party_lists_2016_georgia_unified.xlsx
parl_2016,__main__,pr,mechiauri_united,თამაზ მეჭიაური ერთიანი საქართველოსთვის,7,,,86,,მარინე,მეტონიძე,მარინე მეტონიძე,"მამული , ენა სარწმუნოება",,party_lists_2016_georgia_unified.xlsx
parl_2016,__main__,pr,mechiauri_united,თამაზ მეჭიაური ერთიანი საქართველოსთვის,7,,,87,,არჩილ,ღამბაშიძე,არჩილ ღამბაშიძე,"მამული , ენა სარწმუნოება",,party_lists_2016_georgia_unified.xlsx
parl_2016,__main__,pr,mechiauri_united,თამაზ მეჭიაური ერთიანი საქართველოსთვის,7,,,88,,ასიფ,ახვერდიევი,ასიფ ახვერდიევი,"მამული , ენა სარწმუნოება",,party_lists_2016_georgia_unified.xlsx
parl_2016,__main__,pr,mechiauri_united,თამაზ მეჭიაური ერთიანი საქართველოსთვის,7,,,89,,ნინო,რატიანი,ნინო რატიანი,უპარტიო,,party_lists_2016_georgia_unified.xlsx
parl_2016,__main__,pr,mechiauri_united,თამაზ მეჭიაური ერთიანი საქართველოსთვის,7,,,90,,ნანა,კიკნაძე,ნანა კიკნაძე,"მამული , ენა სარწმუნოება",,party_lists_2016_georgia_unified.xlsx
parl_2016,__main__,pr,mechiauri_united,თამაზ მეჭიაური ერთიანი საქართველოსთვის,7,,,91,,ქეთევან,ღვინიანიძე,ქეთევან ღვინიანიძე,"მამული , ენა სარწმუნოება",,party_lists_2016_georgia_unified.xlsx
parl_2016,__main__,pr,mechiauri_united,თამაზ მეჭიაური ერთიანი საქართველოსთვის,7,,,92,,გიორგი,ფორჩხიძე,გიორგი ფორჩხიძე,"მამული , ენა სარწმუნოება",,party_lists_2016_georgia_unified.xlsx
parl_2016,__main__,pr,mechiauri_united,თამაზ მეჭიაური ერთიანი საქართველოსთვის,7,,,93,,მერაბ,სვანიძე,მერაბ სვანიძე,"მამული , ენა სარწმუნოება",,party_lists_2016_georgia_unified.xlsx
parl_2016,__main__,pr,mechiauri_united,თამაზ მეჭიაური ერთიანი საქართველოსთვის,7,,,94,,თეა,მამნიაშვილი,თეა მამნიაშვილი,"მამული , ენა სარწმუნოება",,party_lists_2016_georgia_unified.xlsx
parl_2016,__main__,pr,mechiauri_united,თამაზ მეჭიაური ერთიანი საქართველოსთვის,7,,,95,,ლაშა,ცალუღელაშვილი,ლაშა ცალუღელაშვილი,"მამული , ენა სარწმუნოება",,party_lists_2016_georgia_unified.xlsx
parl_2016,__main__,pr,mechiauri_united,თამაზ მეჭიაური ერთიანი საქართველოსთვის,7,,,96,,ნოდარი,კელეპტრიშვილი,ნოდარი კელეპტრიშვილი,"მამული , ენა სარწმუნოება",,party_lists_2016_georgia_unified.xlsx
parl_2016,__main__,pr,mechiauri_united,თამაზ მეჭიაური ერთიანი საქართველოსთვის,7,,,97,,ნინო,გამგონეიშვილი,ნინო გამგონეიშვილი,"მამული , ენა სარწმუნოება",,party_lists_2016_georgia_unified.xlsx
parl_2016,__main__,pr,mechiauri_united,თამაზ მეჭიაური ერთიანი საქართველოსთვის,7,,,98,,ვალერიან,ფრივიძე,ვალერიან ფრივიძე,"მამული , ენა სარწმუნოება",,party_lists_2016_georgia_unified.xlsx
parl_2016,__main__,pr,mechiauri_united,თამაზ მეჭიაური ერთიანი საქართველოსთვის,7,,,99,,არჩილ,ჩარგეიშვილი,არჩილ ჩარგეიშვილი,"მამული , ენა სარწმუნოება",,party_lists_2016_georgia_unified.xlsx
parl_2016,__main__,pr,mechiauri_united,თამაზ მეჭიაური ერთიანი საქართველოსთვის,7,,,100,,გულნაზ,მინასაზოვი,გულნაზ მინასაზოვი,"მამული , ენა სარწმუნოება",,party_lists_2016_georgia_unified.xlsx
parl_2016,__main__,pr,mechiauri_united,თამაზ მეჭიაური ერთიანი საქართველოსთვის,7,,,101,,რევაზ,მეტრეველი,რევაზ მეტრეველი,"მამული , ენა სარწმუნოება",,party_lists_2016_georgia_unified.xlsx
parl_2016,__main__,pr,mechiauri_united,თამაზ მეჭიაური ერთიანი საქართველოსთვის,7,,,102,,თამილა,ნატროშვილი,თამილა ნატროშვილი,"მამული , ენა სარწმუნოება",,party_lists_2016_georgia_unified.xlsx
parl_2016,__main__,pr,mechiauri_united,თამაზ მეჭიაური ერთიანი საქართველოსთვის,7,,,103,,ეკატერინე,სანაკოევა,ეკატერინე სანაკოევა,"მამული , ენა სარწმუნოება",,party_lists_2016_georgia_unified.xlsx
parl_2016,__main__,pr,mechiauri_united,თამაზ მეჭიაური ერთიანი საქართველოსთვის,7,,,104,,ირმა,წერეთელი,ირმა წერეთელი,უპარტიო,,party_lists_2016_georgia_unified.xlsx
parl_2016,__main__,pr,mechiauri_united,თამაზ მეჭიაური ერთიანი საქართველოსთვის,7,,,105,,ინეზა,ინაშვილი,ინეზა ინაშვილი,"მამული , ენა სარწმუნოება",,party_lists_2016_georgia_unified.xlsx
parl_2016,__main__,pr,mechiauri_united,თამაზ მეჭიაური ერთიანი საქართველოსთვის,7,,,106,,დავით,ოძელაშვილი,დავით ოძელაშვილი,"მამული , ენა სარწმუნოება",,party_lists_2016_georgia_unified.xlsx
parl_2016,__main__,pr,mechiauri_united,თამაზ მეჭიაური ერთიანი საქართველოსთვის,7,,,107,,დიანა,მეცხვარიშვილი,დიანა მეცხვარიშვილი,"მამული , ენა სარწმუნოება",,party_lists_2016_georgia_unified.xlsx
parl_2016,__main__,pr,mechiauri_united,თამაზ მეჭიაური ერთიანი საქართველოსთვის,7,,,108,,ნინო,ბერიშვილი,ნინო ბერიშვილი,"მამული , ენა სარწმუნოება",,party_lists_2016_georgia_unified.xlsx
parl_2016,__main__,pr,mechiauri_united,თამაზ მეჭიაური ერთიანი საქართველოსთვის,7,,,109,,ილგარ,ნამაზოვი,ილგარ ნამაზოვი,"მამული , ენა სარწმუნოება",,party_lists_2016_georgia_unified.xlsx
parl_2016,__main__,pr,mechiauri_united,თამაზ მეჭიაური ერთიანი საქართველოსთვის,7,,,110,,მანანა,დავითაშვილი,მანანა დავითაშვილი,"მამული , ენა სარწმუნოება",,party_lists_2016_georgia_unified.xlsx
parl_2016,__main__,pr,mechiauri_united,თამაზ მეჭიაური ერთიანი საქართველოსთვის,7,,,111,,ეკატერინე,გოგოლაშვილი,ეკატერინე გოგოლაშვილი,"მამული , ენა სარწმუნოება",,party_lists_2016_georgia_unified.xlsx
parl_2016,__main__,pr,mechiauri_united,თამაზ მეჭიაური ერთიანი საქართველოსთვის,7,,,112,,ანზორ,კუპატაძე,ანზორ კუპატაძე,"მამული , ენა სარწმუნოება",,party_lists_2016_georgia_unified.xlsx
parl_2016,__main__,pr,mechiauri_united,თამაზ მეჭიაური ერთიანი საქართველოსთვის,7,,,113,,ნიკოლოზ,კობაიძე,ნიკოლოზ კობაიძე,"მამული , ენა სარწმუნოება",,party_lists_2016_georgia_unified.xlsx
parl_2016,__main__,pr,mechiauri_united,თამაზ მეჭიაური ერთიანი საქართველოსთვის,7,,,114,,ხათუნა,წიწილაშვილი,ხათუნა წიწილაშვილი,"მამული , ენა სარწმუნოება",,party_lists_2016_georgia_unified.xlsx
parl_2016,__main__,pr,mechiauri_united,თამაზ მეჭიაური ერთიანი საქართველოსთვის,7,,,115,,ესმირა,დალივალოვა,ესმირა დალივალოვა,"მამული , ენა სარწმუნოება",,party_lists_2016_georgia_unified.xlsx
parl_2016,__main__,pr,mechiauri_united,თამაზ მეჭიაური ერთიანი საქართველოსთვის,7,,,116,,ზურაბი,მეტრეველი,ზურაბი მეტრეველი,"მამული , ენა სარწმუნოება",,party_lists_2016_georgia_unified.xlsx
parl_2016,__main__,pr,mechiauri_united,თამაზ მეჭიაური ერთიანი საქართველოსთვის,7,,,117,,მერაბი,სირბილაძე,მერაბი სირბილაძე,"მამული , ენა სარწმუნოება",,party_lists_2016_georgia_unified.xlsx
parl_2016,__main__,pr,mechiauri_united,თამაზ მეჭიაური ერთიანი საქართველოსთვის,7,,,118,,ალექსი,ოხანაშვილი,ალექსი ოხანაშვილი,"მამული , ენა სარწმუნოება",,party_lists_2016_georgia_unified.xlsx
parl_2016,__main__,pr,mechiauri_united,თამაზ მეჭიაური ერთიანი საქართველოსთვის,7,,,119,,ზეზვა,ჩაჩავა,ზეზვა ჩაჩავა,"მამული , ენა სარწმუნოება",,party_lists_2016_georgia_unified.xlsx
parl_2016,__main__,pr,mechiauri_united,თამაზ მეჭიაური ერთიანი საქართველოსთვის,7,,,120,,მაყვალა,ლეთოდიანი,მაყვალა ლეთოდიანი,"მამული , ენა სარწმუნოება",,party_lists_2016_georgia_unified.xlsx
parl_2016,__main__,pr,mechiauri_united,თამაზ მეჭიაური ერთიანი საქართველოსთვის,7,,,121,,ილია,მუზაშვილი,ილია მუზაშვილი,"მამული , ენა სარწმუნოება",,party_lists_2016_georgia_unified.xlsx
parl_2016,__main__,pr,mechiauri_united,თამაზ მეჭიაური ერთიანი საქართველოსთვის,7,,,122,,მერაბი,ჩხიკვაძე,მერაბი ჩხიკვაძე,"მამული , ენა სარწმუნოება",,party_lists_2016_georgia_unified.xlsx
parl_2016,__main__,pr,mechiauri_united,თამაზ მეჭიაური ერთიანი საქართველოსთვის,7,,,123,,ქეთევან,ქორიძე,ქეთევან ქორიძე,"მამული , ენა სარწმუნოება",,party_lists_2016_georgia_unified.xlsx
parl_2016,__main__,pr,mechiauri_united,თამაზ მეჭიაური ერთიანი საქართველოსთვის,7,,,124,,ლალი,ლომიძე,ლალი ლომიძე,"მამული , ენა სარწმუნოება",,party_lists_2016_georgia_unified.xlsx
parl_2016,__main__,pr,mechiauri_united,თამაზ მეჭიაური ერთიანი საქართველოსთვის,7,,,125,,ლია,ჯებაშვილი,ლია ჯებაშვილი,"მამული , ენა სარწმუნოება",,party_lists_2016_georgia_unified.xlsx
parl_2016,__main__,pr,mechiauri_united,თამაზ მეჭიაური ერთიანი საქართველოსთვის,7,,,126,,მანანა,მჟავანაძე,მანანა მჟავანაძე,"მამული , ენა სარწმუნოება",,party_lists_2016_georgia_unified.xlsx
parl_2016,__main__,pr,mechiauri_united,თამაზ მეჭიაური ერთიანი საქართველოსთვის,7,,,127,,ნელი,ჭრელაშვილი,ნელი ჭრელაშვილი,"მამული , ენა სარწმუნოება",,party_lists_2016_georgia_unified.xlsx
parl_2016,__main__,pr,mechiauri_united,თამაზ მეჭიაური ერთიანი საქართველოსთვის,7,,,128,,მიხეილი,ქარჩავა,მიხეილი ქარჩავა,"მამული , ენა სარწმუნოება",,party_lists_2016_georgia_unified.xlsx
parl_2016,__main__,pr,mechiauri_united,თამაზ მეჭიაური ერთიანი საქართველოსთვის,7,,,129,,მანანა,მეტრეველი,მანანა მეტრეველი,უპარტიო,,party_lists_2016_georgia_unified.xlsx
parl_2016,__main__,pr,mechiauri_united,თამაზ მეჭიაური ერთიანი საქართველოსთვის,7,,,130,,თეონა,ბუაჩიძე,თეონა ბუაჩიძე,"მამული , ენა სარწმუნოება",,party_lists_2016_georgia_unified.xlsx
parl_2016,__main__,pr,mechiauri_united,თამაზ მეჭიაური ერთიანი საქართველოსთვის,7,,,131,,ლალი,ქუჯოშვილი,ლალი ქუჯოშვილი,"მამული , ენა სარწმუნოება",,party_lists_2016_georgia_unified.xlsx
parl_2016,__main__,pr,mechiauri_united,თამაზ მეჭიაური ერთიანი საქართველოსთვის,7,,,132,,მორისი,მოსეშვილი,მორისი მოსეშვილი,"მამული , ენა სარწმუნოება",,party_lists_2016_georgia_unified.xlsx
parl_2016,__main__,pr,mechiauri_united,თამაზ მეჭიაური ერთიანი საქართველოსთვის,7,,,133,,ანა,ჯოგლიძე,ანა ჯოგლიძე,"მამული , ენა სარწმუნოება",,party_lists_2016_georgia_unified.xlsx
parl_2016,__main__,pr,mechiauri_united,თამაზ მეჭიაური ერთიანი საქართველოსთვის,7,,,134,,მაია,ციტაიშვილი,მაია ციტაიშვილი,"მამული , ენა სარწმუნოება",,party_lists_2016_georgia_unified.xlsx
parl_2016,__main__,pr,mechiauri_united,თამაზ მეჭიაური ერთიანი საქართველოსთვის,7,,,135,,ირინე,ბუხრაშვილი,ირინე ბუხრაშვილი,უპარტიო,,party_lists_2016_georgia_unified.xlsx
parl_2016,__main__,pr,mechiauri_united,თამაზ მეჭიაური ერთიანი საქართველოსთვის,7,,,136,,ქეთევან,მოთიაშვილი,ქეთევან მოთიაშვილი,"მამული , ენა სარწმუნოება",,party_lists_2016_georgia_unified.xlsx
parl_2016,__main__,pr,mechiauri_united,თამაზ მეჭიაური ერთიანი საქართველოსთვის,7,,,137,,ლალი,ბილანიშვილი,ლალი ბილანიშვილი,"მამული , ენა სარწმუნოება",,party_lists_2016_georgia_unified.xlsx
parl_2016,__main__,pr,mechiauri_united,თამაზ მეჭიაური ერთიანი საქართველოსთვის,7,,,138,,ნუგზარ,საბანაძე,ნუგზარ საბანაძე,"მამული , ენა სარწმუნოება",,party_lists_2016_georgia_unified.xlsx
parl_2016,__main__,pr,mechiauri_united,თამაზ მეჭიაური ერთიანი საქართველოსთვის,7,,,139,,ვახტანგი,გაბელაია,ვახტანგი გაბელაია,"მამული , ენა სარწმუნოება",,party_lists_2016_georgia_unified.xlsx
parl_2016,__main__,pr,mechiauri_united,თამაზ მეჭიაური ერთიანი საქართველოსთვის,7,,,140,,ნიკოლოზი,ბათირაშვილი,ნიკოლოზი ბათირაშვილი,"მამული , ენა სარწმუნოება",,party_lists_2016_georgia_unified.xlsx
parl_2016,__main__,pr,mechiauri_united,თამაზ მეჭიაური ერთიანი საქართველოსთვის,7,,,141,,ლონდა,გურჩიანი,ლონდა გურჩიანი,"მამული , ენა სარწმუნოება",,party_lists_2016_georgia_unified.xlsx
parl_2016,__main__,pr,mechiauri_united,თამაზ მეჭიაური ერთიანი საქართველოსთვის,7,,,142,,ირმა,სამხარაძე,ირმა სამხარაძე,"მამული , ენა სარწმუნოება",,party_lists_2016_georgia_unified.xlsx
parl_2016,__main__,pr,mechiauri_united,თამაზ მეჭიაური ერთიანი საქართველოსთვის,7,,,143,,ანნა,ექიზაშვილი,ანნა ექიზაშვილი,"მამული , ენა სარწმუნოება",,party_lists_2016_georgia_unified.xlsx
parl_2016,__main__,pr,mechiauri_united,თამაზ მეჭიაური ერთიანი საქართველოსთვის,7,,,144,,ნაზი,რევაზიშვილი,ნაზი რევაზიშვილი,"მამული , ენა სარწმუნოება",,party_lists_2016_georgia_unified.xlsx
parl_2016,__main__,pr,mechiauri_united,თამაზ მეჭიაური ერთიანი საქართველოსთვის,7,,,145,,ნინო,ლალიაშვილი,ნინო ლალიაშვილი,"მამული , ენა სარწმუნოება",,party_lists_2016_georgia_unified.xlsx
parl_2016,__main__,pr,mechiauri_united,თამაზ მეჭიაური ერთიანი საქართველოსთვის,7,,,146,,გია,ძნელაძე,გია ძნელაძე,უპარტიო,,party_lists_2016_georgia_unified.xlsx
parl_2016,__main__,pr,mechiauri_united,თამაზ მეჭიაური ერთიანი საქართველოსთვის,7,,,147,,ლეილა,ქსოვრელი,ლეილა ქსოვრელი,"მამული , ენა სარწმუნოება",,party_lists_2016_georgia_unified.xlsx
parl_2016,__main__,pr,mechiauri_united,თამაზ მეჭიაური ერთიანი საქართველოსთვის,7,,,148,,მერი,ქავთარაძე,მერი ქავთარაძე,უპარტიო,,party_lists_2016_georgia_unified.xlsx
parl_2016,__main__,pr,mechiauri_united,თამაზ მეჭიაური ერთიანი საქართველოსთვის,7,,,149,,ლიანა,თავარიანი,ლიანა თავარიანი,"მამული , ენა სარწმუნოება",,party_lists_2016_georgia_unified.xlsx
parl_2016,__main__,pr,mechiauri_united,თამაზ მეჭიაური ერთიანი საქართველოსთვის,7,,,150,,ნათია,ჯავარაშვილი,ნათია ჯავარაშვილი,"მამული , ენა სარწმუნოება",,party_lists_2016_georgia_unified.xlsx
parl_2016,__main__,pr,mechiauri_united,თამაზ მეჭიაური ერთიანი საქართველოსთვის,7,,,151,,ნინო,ფორჩხიძე,ნინო ფორჩხიძე,"მამული , ენა სარწმუნოება",,party_lists_2016_georgia_unified.xlsx
parl_2016,__main__,pr,mechiauri_united,თამაზ მეჭიაური ერთიანი საქართველოსთვის,7,,,152,,სოფიო,მაჭავარიანი,სოფიო მაჭავარიანი,უპარტიო,,party_lists_2016_georgia_unified.xlsx
parl_2016,__main__,pr,mechiauri_united,თამაზ მეჭიაური ერთიანი საქართველოსთვის,7,,,153,,ლია,ღოლიჯაშვილი,ლია ღოლიჯაშვილი,"მამული , ენა სარწმუნოება",,party_lists_2016_georgia_unified.xlsx
parl_2016,__main__,pr,mechiauri_united,თამაზ მეჭიაური ერთიანი საქართველოსთვის,7,,,154,,დათუნა,ვადაჭკორია,დათუნა ვადაჭკორია,"მამული , ენა სარწმუნოება",,party_lists_2016_georgia_unified.xlsx
parl_2016,__main__,pr,mechiauri_united,თამაზ მეჭიაური ერთიანი საქართველოსთვის,7,,,155,,მაგული,მაჭავარიანი,მაგული მაჭავარიანი,უპარტიო,,party_lists_2016_georgia_unified.xlsx
parl_2016,__main__,pr,mechiauri_united,თამაზ მეჭიაური ერთიანი საქართველოსთვის,7,,,156,,ირმა,ქორიძე,ირმა ქორიძე,"მამული , ენა სარწმუნოება",,party_lists_2016_georgia_unified.xlsx
parl_2016,__main__,pr,mechiauri_united,თამაზ მეჭიაური ერთიანი საქართველოსთვის,7,,,157,,ლაშა,გვიშიანი,ლაშა გვიშიანი,უპარტიო,,party_lists_2016_georgia_unified.xlsx
parl_2016,__main__,pr,mechiauri_united,თამაზ მეჭიაური ერთიანი საქართველოსთვის,7,,,158,,აკაკი,ბორცვაძე,აკაკი ბორცვაძე,უპარტიო,,party_lists_2016_georgia_unified.xlsx
parl_2016,__main__,pr,mechiauri_united,თამაზ მეჭიაური ერთიანი საქართველოსთვის,7,,,159,,გია,გიგანი,გია გიგანი,უპარტიო,,party_lists_2016_georgia_unified.xlsx
parl_2016,__main__,pr,mechiauri_united,თამაზ მეჭიაური ერთიანი საქართველოსთვის,7,,,160,,ვახტანგ,უშხვანი,ვახტანგ უშხვანი,უპარტიო,,party_lists_2016_georgia_unified.xlsx
parl_2016,__main__,pr,mechiauri_united,თამაზ მეჭიაური ერთიანი საქართველოსთვის,7,,,161,,შორენა,მაჭავარიანი,შორენა მაჭავარიანი,საქართველოს ქალთა პარტია სამართლიანობისა და თანასწორ. წევრი,,party_lists_2016_georgia_unified.xlsx
parl_2016,__main__,pr,mechiauri_united,თამაზ მეჭიაური ერთიანი საქართველოსთვის,7,,,162,,ქეთევან,თორთლაძე,ქეთევან თორთლაძე,"მამული , ენა სარწმუნოება",,party_lists_2016_georgia_unified.xlsx
parl_2016,__main__,pr,mechiauri_united,თამაზ მეჭიაური ერთიანი საქართველოსთვის,7,,,163,,ქეთევან,ნაზღაიძე,ქეთევან ნაზღაიძე,"მამული , ენა სარწმუნოება",,party_lists_2016_georgia_unified.xlsx
parl_2016,__main__,pr,mechiauri_united,თამაზ მეჭიაური ერთიანი საქართველოსთვის,7,,,164,,გოგი,კობახიძე,გოგი კობახიძე,"მამული , ენა სარწმუნოება",,party_lists_2016_georgia_unified.xlsx
parl_2016,__main__,pr,mechiauri_united,თამაზ მეჭიაური ერთიანი საქართველოსთვის,7,,,165,,გივი,ბეშიძე,გივი ბეშიძე,"მამული , ენა სარწმუნოება",,party_lists_2016_georgia_unified.xlsx
parl_2016,__main__,pr,mechiauri_united,თამაზ მეჭიაური ერთიანი საქართველოსთვის,7,,,166,,მალხაზი,რატიანი,მალხაზი რატიანი,უპარტიო,,party_lists_2016_georgia_unified.xlsx
parl_2016,__main__,pr,patriots,"საარჩევნო ბლოკი დავით თარხან-მოურავი, ირმა ინაშვილი - საქართველოს პატრიოტთა ალიანსი, გაერთიანებული ოპოზიცია",8,,,1,,ირმა,ინაშვილი,ირმა ინაშვილი,"პ /გ - ""საქართველოს პატრიოტთა ალიანსი""",,party_lists_2016_georgia_unified.xlsx
parl_2016,__main__,pr,patriots,"საარჩევნო ბლოკი დავით თარხან-მოურავი, ირმა ინაშვილი - საქართველოს პატრიოტთა ალიანსი, გაერთიანებული ოპოზიცია",8,,,2,,ადა,მარშანია,ადა მარშანია,"პ /გ - ""საქართველოს პატრიოტთა ალიანსი""",,party_lists_2016_georgia_unified.xlsx
parl_2016,__main__,pr,patriots,"საარჩევნო ბლოკი დავით თარხან-მოურავი, ირმა ინაშვილი - საქართველოს პატრიოტთა ალიანსი, გაერთიანებული ოპოზიცია",8,,,3,,ნატო,ჩხეიძე,ნატო ჩხეიძე,უპარტიო,,party_lists_2016_georgia_unified.xlsx
parl_2016,__main__,pr,patriots,"საარჩევნო ბლოკი დავით თარხან-მოურავი, ირმა ინაშვილი - საქართველოს პატრიოტთა ალიანსი, გაერთიანებული ოპოზიცია",8,,,4,,გიორგი,ლომია,გიორგი ლომია,"პ /გ - ""საქართველოს პატრიოტთა ალიანსი""",,party_lists_2016_georgia_unified.xlsx
parl_2016,__main__,pr,patriots,"საარჩევნო ბლოკი დავით თარხან-მოურავი, ირმა ინაშვილი - საქართველოს პატრიოტთა ალიანსი, გაერთიანებული ოპოზიცია",8,,,5,,გელა,მიქაძე,გელა მიქაძე,უპარტიო,,party_lists_2016_georgia_unified.xlsx
parl_2016,__main__,pr,patriots,"საარჩევნო ბლოკი დავით თარხან-მოურავი, ირმა ინაშვილი - საქართველოს პატრიოტთა ალიანსი, გაერთიანებული ოპოზიცია",8,,,6,,ემზარ,კვიციანი,ემზარ კვიციანი,"პ /გ - ""საქართველოს პატრიოტთა ალიანსი""",,party_lists_2016_georgia_unified.xlsx
parl_2016,__main__,pr,patriots,"საარჩევნო ბლოკი დავით თარხან-მოურავი, ირმა ინაშვილი - საქართველოს პატრიოტთა ალიანსი, გაერთიანებული ოპოზიცია",8,,,7,,გოჩა,თევდორაძე,გოჩა თევდორაძე,"პ /გ - ""საქართველოს პატრიოტთა ალიანსი""",,party_lists_2016_georgia_unified.xlsx
parl_2016,__main__,pr,patriots,"საარჩევნო ბლოკი დავით თარხან-მოურავი, ირმა ინაშვილი - საქართველოს პატრიოტთა ალიანსი, გაერთიანებული ოპოზიცია",8,,,8,,ვაჟა,ოთარაშვილი,ვაჟა ოთარაშვილი,"პ /გ - ""საქართველოს პატრიოტთა ალიანსი""",,party_lists_2016_georgia_unified.xlsx
parl_2016,__main__,pr,patriots,"საარჩევნო ბლოკი დავით თარხან-მოურავი, ირმა ინაშვილი - საქართველოს პატრიოტთა ალიანსი, გაერთიანებული ოპოზიცია",8,,,9,,ფრიდონ,ინჯია,ფრიდონ ინჯია,"პ /გ - ""საქართველოს პატრიოტთა ალიანსი""",,party_lists_2016_georgia_unified.xlsx
parl_2016,__main__,pr,patriots,"საარჩევნო ბლოკი დავით თარხან-მოურავი, ირმა ინაშვილი - საქართველოს პატრიოტთა ალიანსი, გაერთიანებული ოპოზიცია",8,,,10,,კახა,კუკავა,კახა კუკავა,"პ /გ ""თავისუფალი საქართველო""",,party_lists_2016_georgia_unified.xlsx
parl_2016,__main__,pr,patriots,"საარჩევნო ბლოკი დავით თარხან-მოურავი, ირმა ინაშვილი - საქართველოს პატრიოტთა ალიანსი, გაერთიანებული ოპოზიცია",8,,,11,,დავით,ზილფიმიანი,დავით ზილფიმიანი,უპარტიო,,party_lists_2016_georgia_unified.xlsx
parl_2016,__main__,pr,patriots,"საარჩევნო ბლოკი დავით თარხან-მოურავი, ირმა ინაშვილი - საქართველოს პატრიოტთა ალიანსი, გაერთიანებული ოპოზიცია",8,,,12,,გიორგი,ქურდაძე,გიორგი ქურდაძე,უპარტიო,,party_lists_2016_georgia_unified.xlsx
parl_2016,__main__,pr,patriots,"საარჩევნო ბლოკი დავით თარხან-მოურავი, ირმა ინაშვილი - საქართველოს პატრიოტთა ალიანსი, გაერთიანებული ოპოზიცია",8,,,13,,ავთანდილ,ენუქიძე,ავთანდილ ენუქიძე,"პ /გ - ""საქართველოს პატრიოტთა ალიანსი""",,party_lists_2016_georgia_unified.xlsx
parl_2016,__main__,pr,patriots,"საარჩევნო ბლოკი დავით თარხან-მოურავი, ირმა ინაშვილი - საქართველოს პატრიოტთა ალიანსი, გაერთიანებული ოპოზიცია",8,,,14,,რეგან,თელოიანი,რეგან თელოიანი,"პ /გ - ""საქართველოს პატრიოტთა ალიანსი""",,party_lists_2016_georgia_unified.xlsx
parl_2016,__main__,pr,patriots,"საარჩევნო ბლოკი დავით თარხან-მოურავი, ირმა ინაშვილი - საქართველოს პატრიოტთა ალიანსი, გაერთიანებული ოპოზიცია",8,,,15,,გიორგი,მაღლაკელიძე,გიორგი მაღლაკელიძე,"პ /გ - ""საქართველოს პატრიოტთა ალიანსი""",,party_lists_2016_georgia_unified.xlsx
parl_2016,__main__,pr,patriots,"საარჩევნო ბლოკი დავით თარხან-მოურავი, ირმა ინაშვილი - საქართველოს პატრიოტთა ალიანსი, გაერთიანებული ოპოზიცია",8,,,16,,ზაზა,მამალაძე,ზაზა მამალაძე,"პ /გ - ""საქართველოს პატრიოტთა ალიანსი""",,party_lists_2016_georgia_unified.xlsx
parl_2016,__main__,pr,patriots,"საარჩევნო ბლოკი დავით თარხან-მოურავი, ირმა ინაშვილი - საქართველოს პატრიოტთა ალიანსი, გაერთიანებული ოპოზიცია",8,,,17,,შოთა,გოგიბერიძე,შოთა გოგიბერიძე,"პ /გ - ""საქართველოს პატრიოტთა ალიანსი""",,party_lists_2016_georgia_unified.xlsx
parl_2016,__main__,pr,patriots,"საარჩევნო ბლოკი დავით თარხან-მოურავი, ირმა ინაშვილი - საქართველოს პატრიოტთა ალიანსი, გაერთიანებული ოპოზიცია",8,,,18,,კონსტანტინე,მორგოშია,კონსტანტინე მორგოშია,უპარტიო,,party_lists_2016_georgia_unified.xlsx
parl_2016,__main__,pr,patriots,"საარჩევნო ბლოკი დავით თარხან-მოურავი, ირმა ინაშვილი - საქართველოს პატრიოტთა ალიანსი, გაერთიანებული ოპოზიცია",8,,,19,,მარინა,მოლოდინი,მარინა მოლოდინი,"პ /გ - ""საქართველოს პატრიოტთ ალიანსი""",,party_lists_2016_georgia_unified.xlsx
parl_2016,__main__,pr,patriots,"საარჩევნო ბლოკი დავით თარხან-მოურავი, ირმა ინაშვილი - საქართველოს პატრიოტთა ალიანსი, გაერთიანებული ოპოზიცია",8,,,20,,ირმა,ცხორაგაული,ირმა ცხორაგაული,"პ /გ - ""საქართველოს პატრიოტთ ალიანსი""",,party_lists_2016_georgia_unified.xlsx
parl_2016,__main__,pr,patriots,"საარჩევნო ბლოკი დავით თარხან-მოურავი, ირმა ინაშვილი - საქართველოს პატრიოტთა ალიანსი, გაერთიანებული ოპოზიცია",8,,,21,,ირაკლი,ბრეგაძე,ირაკლი ბრეგაძე,უპარტიო,,party_lists_2016_georgia_unified.xlsx
parl_2016,__main__,pr,patriots,"საარჩევნო ბლოკი დავით თარხან-მოურავი, ირმა ინაშვილი - საქართველოს პატრიოტთა ალიანსი, გაერთიანებული ოპოზიცია",8,,,22,,გოჩა,კაკაბაძე,გოჩა კაკაბაძე,"პ /გ - ""საქართველოს პატრიოტთა ალიანსი""",,party_lists_2016_georgia_unified.xlsx
parl_2016,__main__,pr,patriots,"საარჩევნო ბლოკი დავით თარხან-მოურავი, ირმა ინაშვილი - საქართველოს პატრიოტთა ალიანსი, გაერთიანებული ოპოზიცია",8,,,23,,ნატო,თარხან-მოურავი,ნატო თარხან-მოურავი,"პ /გ - ""საქართველოს პატრიოტთა ალიანსი""",,party_lists_2016_georgia_unified.xlsx
parl_2016,__main__,pr,patriots,"საარჩევნო ბლოკი დავით თარხან-მოურავი, ირმა ინაშვილი - საქართველოს პატრიოტთა ალიანსი, გაერთიანებული ოპოზიცია",8,,,24,,მიხეილ,ცილიკიშვილი,მიხეილ ცილიკიშვილი,"პ /გ - ""საქართველოს პატრიოტთა ალიანსი""",,party_lists_2016_georgia_unified.xlsx
parl_2016,__main__,pr,patriots,"საარჩევნო ბლოკი დავით თარხან-მოურავი, ირმა ინაშვილი - საქართველოს პატრიოტთა ალიანსი, გაერთიანებული ოპოზიცია",8,,,25,,ბესიკი,ცქიფურიშვილი,ბესიკი ცქიფურიშვილი,"პ /გ - ""საქართველოს პატრიოტთა ალიანსი",,party_lists_2016_georgia_unified.xlsx
parl_2016,__main__,pr,patriots,"საარჩევნო ბლოკი დავით თარხან-მოურავი, ირმა ინაშვილი - საქართველოს პატრიოტთა ალიანსი, გაერთიანებული ოპოზიცია",8,,,26,,ლევანი,ჩხეიძე,ლევანი ჩხეიძე,უპარტიო,,party_lists_2016_georgia_unified.xlsx
parl_2016,__main__,pr,patriots,"საარჩევნო ბლოკი დავით თარხან-მოურავი, ირმა ინაშვილი - საქართველოს პატრიოტთა ალიანსი, გაერთიანებული ოპოზიცია",8,,,27,,ეკა,მირიანაშვილი,ეკა მირიანაშვილი,"პ /გ - ""საქართველოს პატრიოტთა ალიანსი",,party_lists_2016_georgia_unified.xlsx
parl_2016,__main__,pr,patriots,"საარჩევნო ბლოკი დავით თარხან-მოურავი, ირმა ინაშვილი - საქართველოს პატრიოტთა ალიანსი, გაერთიანებული ოპოზიცია",8,,,28,,ნინო,ანდრონიკაშვილი,ნინო ანდრონიკაშვილი,"პ/გ - ""საქართველოს პატრიოტთა ალიანსი",,party_lists_2016_georgia_unified.xlsx
parl_2016,__main__,pr,patriots,"საარჩევნო ბლოკი დავით თარხან-მოურავი, ირმა ინაშვილი - საქართველოს პატრიოტთა ალიანსი, გაერთიანებული ოპოზიცია",8,,,29,,მანანა,აბუსერიძე,მანანა აბუსერიძე,"პ /გ - ""საქართველოს პატრიოტთა ალიანსი",,party_lists_2016_georgia_unified.xlsx
parl_2016,__main__,pr,patriots,"საარჩევნო ბლოკი დავით თარხან-მოურავი, ირმა ინაშვილი - საქართველოს პატრიოტთა ალიანსი, გაერთიანებული ოპოზიცია",8,,,30,,მამუკა,არეშიძე,მამუკა არეშიძე,უპარტიო,,party_lists_2016_georgia_unified.xlsx
parl_2016,__main__,pr,patriots,"საარჩევნო ბლოკი დავით თარხან-მოურავი, ირმა ინაშვილი - საქართველოს პატრიოტთა ალიანსი, გაერთიანებული ოპოზიცია",8,,,31,,გრიგოლ,ბახტაძე,გრიგოლ ბახტაძე,უპარტიო,,party_lists_2016_georgia_unified.xlsx
parl_2016,__main__,pr,patriots,"საარჩევნო ბლოკი დავით თარხან-მოურავი, ირმა ინაშვილი - საქართველოს პატრიოტთა ალიანსი, გაერთიანებული ოპოზიცია",8,,,32,,სოსლან,გარსევანიშვილი,სოსლან გარსევანიშვილი,უპარტიო,,party_lists_2016_georgia_unified.xlsx
parl_2016,__main__,pr,patriots,"საარჩევნო ბლოკი დავით თარხან-მოურავი, ირმა ინაშვილი - საქართველოს პატრიოტთა ალიანსი, გაერთიანებული ოპოზიცია",8,,,33,,მერაბ,ჭიქაშვილი,მერაბ ჭიქაშვილი,უპარტიო,,party_lists_2016_georgia_unified.xlsx
parl_2016,__main__,pr,patriots,"საარჩევნო ბლოკი დავით თარხან-მოურავი, ირმა ინაშვილი - საქართველოს პატრიოტთა ალიანსი, გაერთიანებული ოპოზიცია",8,,,34,,ზაურ,გაბაიძე,ზაურ გაბაიძე,"პ /გ - ""საქართველოს პატრიოტთა ალიანსი",,party_lists_2016_georgia_unified.xlsx
parl_2016,__main__,pr,patriots,"საარჩევნო ბლოკი დავით თარხან-მოურავი, ირმა ინაშვილი - საქართველოს პატრიოტთა ალიანსი, გაერთიანებული ოპოზიცია",8,,,35,,გიორგი,კასრაძე,გიორგი კასრაძე,უპარტიო,,party_lists_2016_georgia_unified.xlsx
parl_2016,__main__,pr,patriots,"საარჩევნო ბლოკი დავით თარხან-მოურავი, ირმა ინაშვილი - საქართველოს პატრიოტთა ალიანსი, გაერთიანებული ოპოზიცია",8,,,36,,ლალი,მოროშკინა,ლალი მოროშკინა,უპარტიო,,party_lists_2016_georgia_unified.xlsx
parl_2016,__main__,pr,patriots,"საარჩევნო ბლოკი დავით თარხან-მოურავი, ირმა ინაშვილი - საქართველოს პატრიოტთა ალიანსი, გაერთიანებული ოპოზიცია",8,,,37,,ფუად,დაშდამიროვ,ფუად დაშდამიროვ,უპარტიო,,party_lists_2016_georgia_unified.xlsx
parl_2016,__main__,pr,patriots,"საარჩევნო ბლოკი დავით თარხან-მოურავი, ირმა ინაშვილი - საქართველოს პატრიოტთა ალიანსი, გაერთიანებული ოპოზიცია",8,,,38,,ნინო,ონიანი,ნინო ონიანი,"პ /გ - ""საქართველოს პატრიოტთა ალიანსი",,party_lists_2016_georgia_unified.xlsx
parl_2016,__main__,pr,patriots,"საარჩევნო ბლოკი დავით თარხან-მოურავი, ირმა ინაშვილი - საქართველოს პატრიოტთა ალიანსი, გაერთიანებული ოპოზიცია",8,,,39,,გურანდა,მანაგაძე,გურანდა მანაგაძე,"პ /გ - ""საქართველოს პატრიოტთა ალიანსი",,party_lists_2016_georgia_unified.xlsx
parl_2016,__main__,pr,patriots,"საარჩევნო ბლოკი დავით თარხან-მოურავი, ირმა ინაშვილი - საქართველოს პატრიოტთა ალიანსი, გაერთიანებული ოპოზიცია",8,,,40,,გელა,ხუციშვილი,გელა ხუციშვილი,გ ქვ ე ლ ძალოვან ვეტერანთა და პატრიოტთა,,party_lists_2016_georgia_unified.xlsx
parl_2016,__main__,pr,patriots,"საარჩევნო ბლოკი დავით თარხან-მოურავი, ირმა ინაშვილი - საქართველოს პატრიოტთა ალიანსი, გაერთიანებული ოპოზიცია",8,,,41,,ბეჟან,გუნავა,ბეჟან გუნავა,"პ /გ - ""თავისუფალი საქართველო""",,party_lists_2016_georgia_unified.xlsx
parl_2016,__main__,pr,patriots,"საარჩევნო ბლოკი დავით თარხან-მოურავი, ირმა ინაშვილი - საქართველოს პატრიოტთა ალიანსი, გაერთიანებული ოპოზიცია",8,,,42,,გიორგი,ხიზანიშვილი,გიორგი ხიზანიშვილი,"პ /გ - ""საქართველოს პატრიოტთა ალიანსი""",,party_lists_2016_georgia_unified.xlsx
parl_2016,__main__,pr,patriots,"საარჩევნო ბლოკი დავით თარხან-მოურავი, ირმა ინაშვილი - საქართველოს პატრიოტთა ალიანსი, გაერთიანებული ოპოზიცია",8,,,43,,ნამიგ,ბაირამოვი,ნამიგ ბაირამოვი,უპარტიო,,party_lists_2016_georgia_unified.xlsx
parl_2016,__main__,pr,patriots,"საარჩევნო ბლოკი დავით თარხან-მოურავი, ირმა ინაშვილი - საქართველოს პატრიოტთა ალიანსი, გაერთიანებული ოპოზიცია",8,,,44,,ანა,ალავერდაშვილი,ანა ალავერდაშვილი,უპარტიო,,party_lists_2016_georgia_unified.xlsx
parl_2016,__main__,pr,patriots,"საარჩევნო ბლოკი დავით თარხან-მოურავი, ირმა ინაშვილი - საქართველოს პატრიოტთა ალიანსი, გაერთიანებული ოპოზიცია",8,,,45,,ნათია,გიორგაძე,ნათია გიორგაძე,უპარტიო,,party_lists_2016_georgia_unified.xlsx
parl_2016,__main__,pr,patriots,"საარჩევნო ბლოკი დავით თარხან-მოურავი, ირმა ინაშვილი - საქართველოს პატრიოტთა ალიანსი, გაერთიანებული ოპოზიცია",8,,,46,,ბონდო,მძინარაშვილი,ბონდო მძინარაშვილი,უპარტიო,,party_lists_2016_georgia_unified.xlsx
parl_2016,__main__,pr,patriots,"საარჩევნო ბლოკი დავით თარხან-მოურავი, ირმა ინაშვილი - საქართველოს პატრიოტთა ალიანსი, გაერთიანებული ოპოზიცია",8,,,47,,ეთერ,ზედელაშვილი,ეთერ ზედელაშვილი,უპარტიო,,party_lists_2016_georgia_unified.xlsx
parl_2016,__main__,pr,patriots,"საარჩევნო ბლოკი დავით თარხან-მოურავი, ირმა ინაშვილი - საქართველოს პატრიოტთა ალიანსი, გაერთიანებული ოპოზიცია",8,,,48,,ზვიად,ჩიხლაძე,ზვიად ჩიხლაძე,უპარტიო,,party_lists_2016_georgia_unified.xlsx
parl_2016,__main__,pr,patriots,"საარჩევნო ბლოკი დავით თარხან-მოურავი, ირმა ინაშვილი - საქართველოს პატრიოტთა ალიანსი, გაერთიანებული ოპოზიცია",8,,,49,,ბაადურ,ლებანიძე,ბაადურ ლებანიძე,"პ /გ - ""საქართველოს პატრიოტთა ალიანსი""",,party_lists_2016_georgia_unified.xlsx
parl_2016,__main__,pr,patriots,"საარჩევნო ბლოკი დავით თარხან-მოურავი, ირმა ინაშვილი - საქართველოს პატრიოტთა ალიანსი, გაერთიანებული ოპოზიცია",8,,,50,,ბესიკ,ლაგვილავა,ბესიკ ლაგვილავა,უპარტიო,,party_lists_2016_georgia_unified.xlsx
parl_2016,__main__,pr,patriots,"საარჩევნო ბლოკი დავით თარხან-მოურავი, ირმა ინაშვილი - საქართველოს პატრიოტთა ალიანსი, გაერთიანებული ოპოზიცია",8,,,51,,დავითი,კაპანაძე,დავითი კაპანაძე,"პ /გ - ""საქართველოს პატრიოტთა ალიანსი""",,party_lists_2016_georgia_unified.xlsx
parl_2016,__main__,pr,patriots,"საარჩევნო ბლოკი დავით თარხან-მოურავი, ირმა ინაშვილი - საქართველოს პატრიოტთა ალიანსი, გაერთიანებული ოპოზიცია",8,,,52,,გია,ბერძენიძე,გია ბერძენიძე,პ/გ - საქართველოს ძალოვან ვეტერანთა და პატრიოტთა,,party_lists_2016_georgia_unified.xlsx
parl_2016,__main__,pr,patriots,"საარჩევნო ბლოკი დავით თარხან-მოურავი, ირმა ინაშვილი - საქართველოს პატრიოტთა ალიანსი, გაერთიანებული ოპოზიცია",8,,,53,,გრიგოლ,ჯოჯუა,გრიგოლ ჯოჯუა,უპარტიო,,party_lists_2016_georgia_unified.xlsx
parl_2016,__main__,pr,patriots,"საარჩევნო ბლოკი დავით თარხან-მოურავი, ირმა ინაშვილი - საქართველოს პატრიოტთა ალიანსი, გაერთიანებული ოპოზიცია",8,,,54,,ოთარ,ჭითანავა,ოთარ ჭითანავა,უპარტიო,,party_lists_2016_georgia_unified.xlsx
parl_2016,__main__,pr,patriots,"საარჩევნო ბლოკი დავით თარხან-მოურავი, ირმა ინაშვილი - საქართველოს პატრიოტთა ალიანსი, გაერთიანებული ოპოზიცია",8,,,55,,ლეილა,ჯალაბაძე,ლეილა ჯალაბაძე,"პ /გ - ""საქართველოს პატრიოტთა ალიანსი""",,party_lists_2016_georgia_unified.xlsx
parl_2016,__main__,pr,patriots,"საარჩევნო ბლოკი დავით თარხან-მოურავი, ირმა ინაშვილი - საქართველოს პატრიოტთა ალიანსი, გაერთიანებული ოპოზიცია",8,,,56,,ნათელა,სვანიძე,ნათელა სვანიძე,"პ /გ - ""საქართველოს პატრიოტთა ალიანსი""",,party_lists_2016_georgia_unified.xlsx
parl_2016,__main__,pr,patriots,"საარჩევნო ბლოკი დავით თარხან-მოურავი, ირმა ინაშვილი - საქართველოს პატრიოტთა ალიანსი, გაერთიანებული ოპოზიცია",8,,,57,,თამარ,ბარაბაძე,თამარ ბარაბაძე,"პ /გ - ""საქართველოს პატრიოტთა ალიანსი""",,party_lists_2016_georgia_unified.xlsx
parl_2016,__main__,pr,patriots,"საარჩევნო ბლოკი დავით თარხან-მოურავი, ირმა ინაშვილი - საქართველოს პატრიოტთა ალიანსი, გაერთიანებული ოპოზიცია",8,,,58,,კონსტანტინე,გამსახურდია,კონსტანტინე გამსახურდია,"პ /გ ""თავისუფლება - ზვიად გამსახურდიას გზა""",,party_lists_2016_georgia_unified.xlsx
parl_2016,__main__,pr,patriots,"საარჩევნო ბლოკი დავით თარხან-მოურავი, ირმა ინაშვილი - საქართველოს პატრიოტთა ალიანსი, გაერთიანებული ოპოზიცია",8,,,59,,კობა,ფარცვანია,კობა ფარცვანია,"პ /გ - ""საქართველოს პატრიოტთა ალიანსი""",,party_lists_2016_georgia_unified.xlsx
parl_2016,__main__,pr,patriots,"საარჩევნო ბლოკი დავით თარხან-მოურავი, ირმა ინაშვილი - საქართველოს პატრიოტთა ალიანსი, გაერთიანებული ოპოზიცია",8,,,60,,მადონა,სოლომონიძე,მადონა სოლომონიძე,უპარტიო,,party_lists_2016_georgia_unified.xlsx
parl_2016,__main__,pr,patriots,"საარჩევნო ბლოკი დავით თარხან-მოურავი, ირმა ინაშვილი - საქართველოს პატრიოტთა ალიანსი, გაერთიანებული ოპოზიცია",8,,,61,,ალექსანდრე,სიმონიშვილი,ალექსანდრე სიმონიშვილი,"პ /გ - ""საქართველოს პატრიოტთა ალიანსი""",,party_lists_2016_georgia_unified.xlsx
parl_2016,__main__,pr,patriots,"საარჩევნო ბლოკი დავით თარხან-მოურავი, ირმა ინაშვილი - საქართველოს პატრიოტთა ალიანსი, გაერთიანებული ოპოზიცია",8,,,62,,შორენა,ხარჩილავა,შორენა ხარჩილავა,უპარტიო,,party_lists_2016_georgia_unified.xlsx
parl_2016,__main__,pr,patriots,"საარჩევნო ბლოკი დავით თარხან-მოურავი, ირმა ინაშვილი - საქართველოს პატრიოტთა ალიანსი, გაერთიანებული ოპოზიცია",8,,,63,,დალი,მამულაშვილი,დალი მამულაშვილი,"პ /გ - ""საქართველოს პატრიოტთა ალიანსი""",,party_lists_2016_georgia_unified.xlsx
parl_2016,__main__,pr,patriots,"საარჩევნო ბლოკი დავით თარხან-მოურავი, ირმა ინაშვილი - საქართველოს პატრიოტთა ალიანსი, გაერთიანებული ოპოზიცია",8,,,64,,თენგიზ,ომანიძე,თენგიზ ომანიძე,"პ /გ - ""თავისუფალი საქართველო""",,party_lists_2016_georgia_unified.xlsx
parl_2016,__main__,pr,patriots,"საარჩევნო ბლოკი დავით თარხან-მოურავი, ირმა ინაშვილი - საქართველოს პატრიოტთა ალიანსი, გაერთიანებული ოპოზიცია",8,,,65,,ვლადიმერ,სადღობელაშვილი,ვლადიმერ სადღობელაშვილი,უპარტიო,,party_lists_2016_georgia_unified.xlsx
parl_2016,__main__,pr,patriots,"საარჩევნო ბლოკი დავით თარხან-მოურავი, ირმა ინაშვილი - საქართველოს პატრიოტთა ალიანსი, გაერთიანებული ოპოზიცია",8,,,66,,კახი,ნუცუბიძე,კახი ნუცუბიძე,უპარტიო,,party_lists_2016_georgia_unified.xlsx
parl_2016,__main__,pr,patriots,"საარჩევნო ბლოკი დავით თარხან-მოურავი, ირმა ინაშვილი - საქართველოს პატრიოტთა ალიანსი, გაერთიანებული ოპოზიცია",8,,,67,,მანანა,ნიკოლაიშვილი,მანანა ნიკოლაიშვილი,უპარტიო,,party_lists_2016_georgia_unified.xlsx
parl_2016,__main__,pr,patriots,"საარჩევნო ბლოკი დავით თარხან-მოურავი, ირმა ინაშვილი - საქართველოს პატრიოტთა ალიანსი, გაერთიანებული ოპოზიცია",8,,,68,,კახაბერ,კორძაია,კახაბერ კორძაია,"პ /გ - ""საქართველოს პატრიოტთა ალიანსი""",,party_lists_2016_georgia_unified.xlsx
parl_2016,__main__,pr,patriots,"საარჩევნო ბლოკი დავით თარხან-მოურავი, ირმა ინაშვილი - საქართველოს პატრიოტთა ალიანსი, გაერთიანებული ოპოზიცია",8,,,69,,ალექსანდრე,ამზაშვილი,ალექსანდრე ამზაშვილი,უპარტიო,,party_lists_2016_georgia_unified.xlsx
parl_2016,__main__,pr,patriots,"საარჩევნო ბლოკი დავით თარხან-მოურავი, ირმა ინაშვილი - საქართველოს პატრიოტთა ალიანსი, გაერთიანებული ოპოზიცია",8,,,70,,გიორგი,ბენაშვილი,გიორგი ბენაშვილი,უპარტიო,,party_lists_2016_georgia_unified.xlsx
parl_2016,__main__,pr,patriots,"საარჩევნო ბლოკი დავით თარხან-მოურავი, ირმა ინაშვილი - საქართველოს პატრიოტთა ალიანსი, გაერთიანებული ოპოზიცია",8,,,71,,ანეტა,აბესაძე,ანეტა აბესაძე,უპარტიო,,party_lists_2016_georgia_unified.xlsx
parl_2016,__main__,pr,patriots,"საარჩევნო ბლოკი დავით თარხან-მოურავი, ირმა ინაშვილი - საქართველოს პატრიოტთა ალიანსი, გაერთიანებული ოპოზიცია",8,,,72,,ვაჟა,მახარაშვილი,ვაჟა მახარაშვილი,უპარტიო,,party_lists_2016_georgia_unified.xlsx
parl_2016,__main__,pr,patriots,"საარჩევნო ბლოკი დავით თარხან-მოურავი, ირმა ინაშვილი - საქართველოს პატრიოტთა ალიანსი, გაერთიანებული ოპოზიცია",8,,,73,,როინი,ხიჯაკაძე,როინი ხიჯაკაძე,"პ /გ - ""თავისუფალი საქართველო""",,party_lists_2016_georgia_unified.xlsx
parl_2016,__main__,pr,patriots,"საარჩევნო ბლოკი დავით თარხან-მოურავი, ირმა ინაშვილი - საქართველოს პატრიოტთა ალიანსი, გაერთიანებული ოპოზიცია",8,,,74,,დარეჯანი,ენუქიძე,დარეჯანი ენუქიძე,უპარტიო,,party_lists_2016_georgia_unified.xlsx
parl_2016,__main__,pr,patriots,"საარჩევნო ბლოკი დავით თარხან-მოურავი, ირმა ინაშვილი - საქართველოს პატრიოტთა ალიანსი, გაერთიანებული ოპოზიცია",8,,,75,,გიორგი,სუხიშვილი,გიორგი სუხიშვილი,"პ /გ - ""საქართველოს პატრიოტთა ალიანსი""",,party_lists_2016_georgia_unified.xlsx
parl_2016,__main__,pr,patriots,"საარჩევნო ბლოკი დავით თარხან-მოურავი, ირმა ინაშვილი - საქართველოს პატრიოტთა ალიანსი, გაერთიანებული ოპოზიცია",8,,,76,,მამუკა,ტუსკაძე,მამუკა ტუსკაძე,უპარტიო,,party_lists_2016_georgia_unified.xlsx
parl_2016,__main__,pr,patriots,"საარჩევნო ბლოკი დავით თარხან-მოურავი, ირმა ინაშვილი - საქართველოს პატრიოტთა ალიანსი, გაერთიანებული ოპოზიცია",8,,,77,,მარინე,ჯინჯიხაძე,მარინე ჯინჯიხაძე,"პ /გ - ""საქართველოს პატრიოტთა ალიანსი""",,party_lists_2016_georgia_unified.xlsx
parl_2016,__main__,pr,patriots,"საარჩევნო ბლოკი დავით თარხან-მოურავი, ირმა ინაშვილი - საქართველოს პატრიოტთა ალიანსი, გაერთიანებული ოპოზიცია",8,,,78,,არჩილი,როსეფაშვილი,არჩილი როსეფაშვილი,"პ /გ - ""საქართველოს პატრიოტთა ალიანსი""",,party_lists_2016_georgia_unified.xlsx
parl_2016,__main__,pr,patriots,"საარჩევნო ბლოკი დავით თარხან-მოურავი, ირმა ინაშვილი - საქართველოს პატრიოტთა ალიანსი, გაერთიანებული ოპოზიცია",8,,,79,,გოჩა,მამაცაშვილი,გოჩა მამაცაშვილი,"პ /გ - ""ქართველ ტრადიციონალისტთა კავშირი""",,party_lists_2016_georgia_unified.xlsx
parl_2016,__main__,pr,patriots,"საარჩევნო ბლოკი დავით თარხან-მოურავი, ირმა ინაშვილი - საქართველოს პატრიოტთა ალიანსი, გაერთიანებული ოპოზიცია",8,,,80,,ნანული,თურქოშვილი,ნანული თურქოშვილი,უპარტიო,,party_lists_2016_georgia_unified.xlsx
parl_2016,__main__,pr,patriots,"საარჩევნო ბლოკი დავით თარხან-მოურავი, ირმა ინაშვილი - საქართველოს პატრიოტთა ალიანსი, გაერთიანებული ოპოზიცია",8,,,81,,მარიამი,სოხაძე,მარიამი სოხაძე,უპარტიო,,party_lists_2016_georgia_unified.xlsx
parl_2016,__main__,pr,patriots,"საარჩევნო ბლოკი დავით თარხან-მოურავი, ირმა ინაშვილი - საქართველოს პატრიოტთა ალიანსი, გაერთიანებული ოპოზიცია",8,,,82,,იზოლდა,ოდიკაძე,იზოლდა ოდიკაძე,"პ /გ - ""საქართველოს პატრიოტთა ალიანსი""",,party_lists_2016_georgia_unified.xlsx
parl_2016,__main__,pr,patriots,"საარჩევნო ბლოკი დავით თარხან-მოურავი, ირმა ინაშვილი - საქართველოს პატრიოტთა ალიანსი, გაერთიანებული ოპოზიცია",8,,,83,,ალი,ისაევი,ალი ისაევი,უპარტიო,,party_lists_2016_georgia_unified.xlsx
parl_2016,__main__,pr,patriots,"საარჩევნო ბლოკი დავით თარხან-მოურავი, ირმა ინაშვილი - საქართველოს პატრიოტთა ალიანსი, გაერთიანებული ოპოზიცია",8,,,84,,ელმარ,გასანოვი,ელმარ გასანოვი,უპარტიო,,party_lists_2016_georgia_unified.xlsx
parl_2016,__main__,pr,patriots,"საარჩევნო ბლოკი დავით თარხან-მოურავი, ირმა ინაშვილი - საქართველოს პატრიოტთა ალიანსი, გაერთიანებული ოპოზიცია",8,,,85,,მამუკა,ნოზაძე,მამუკა ნოზაძე,უპარტიო,,party_lists_2016_georgia_unified.xlsx
parl_2016,__main__,pr,patriots,"საარჩევნო ბლოკი დავით თარხან-მოურავი, ირმა ინაშვილი - საქართველოს პატრიოტთა ალიანსი, გაერთიანებული ოპოზიცია",8,,,86,,გიორგი,მჭედლიძე,გიორგი მჭედლიძე,უპარტიო,,party_lists_2016_georgia_unified.xlsx
parl_2016,__main__,pr,patriots,"საარჩევნო ბლოკი დავით თარხან-მოურავი, ირმა ინაშვილი - საქართველოს პატრიოტთა ალიანსი, გაერთიანებული ოპოზიცია",8,,,87,,ზურაბ,ხაჩიძე,ზურაბ ხაჩიძე,უპარტიო,,party_lists_2016_georgia_unified.xlsx
parl_2016,__main__,pr,patriots,"საარჩევნო ბლოკი დავით თარხან-მოურავი, ირმა ინაშვილი - საქართველოს პატრიოტთა ალიანსი, გაერთიანებული ოპოზიცია",8,,,88,,ნინო,ჯურხაძე,ნინო ჯურხაძე,"პ /გ - ""თავისუფალი საქართველო""",,party_lists_2016_georgia_unified.xlsx
parl_2016,__main__,pr,patriots,"საარჩევნო ბლოკი დავით თარხან-მოურავი, ირმა ინაშვილი - საქართველოს პატრიოტთა ალიანსი, გაერთიანებული ოპოზიცია",8,,,89,,დავით,გველუკაშვილი,დავით გველუკაშვილი,"პ /გ - ""საქართველოს პატრიოტთა ალიანსი""",,party_lists_2016_georgia_unified.xlsx
parl_2016,__main__,pr,patriots,"საარჩევნო ბლოკი დავით თარხან-მოურავი, ირმა ინაშვილი - საქართველოს პატრიოტთა ალიანსი, გაერთიანებული ოპოზიცია",8,,,90,,გიორგი,გვასალია,გიორგი გვასალია,"პ /გ - ""საქართველოს პატრიოტთა ალიანსი""",,party_lists_2016_georgia_unified.xlsx
parl_2016,__main__,pr,patriots,"საარჩევნო ბლოკი დავით თარხან-მოურავი, ირმა ინაშვილი - საქართველოს პატრიოტთა ალიანსი, გაერთიანებული ოპოზიცია",8,,,91,,ია,მესხიძე,ია მესხიძე,უპარტიო,,party_lists_2016_georgia_unified.xlsx
parl_2016,__main__,pr,patriots,"საარჩევნო ბლოკი დავით თარხან-მოურავი, ირმა ინაშვილი - საქართველოს პატრიოტთა ალიანსი, გაერთიანებული ოპოზიცია",8,,,92,,ნოდარი,ამაშუკელი,ნოდარი ამაშუკელი,უპარტიო,,party_lists_2016_georgia_unified.xlsx
parl_2016,__main__,pr,patriots,"საარჩევნო ბლოკი დავით თარხან-მოურავი, ირმა ინაშვილი - საქართველოს პატრიოტთა ალიანსი, გაერთიანებული ოპოზიცია",8,,,93,,ირინე,კვესაძე,ირინე კვესაძე,"პ /გ - ""საქართველოს პატრიოტთა ალიანსი""",,party_lists_2016_georgia_unified.xlsx
parl_2016,__main__,pr,patriots,"საარჩევნო ბლოკი დავით თარხან-მოურავი, ირმა ინაშვილი - საქართველოს პატრიოტთა ალიანსი, გაერთიანებული ოპოზიცია",8,,,94,,მერუჟან,კარახანიან,მერუჟან კარახანიან,"პ /გ - ""კახა კუკავა - თავისუფალი საქართველო""",,party_lists_2016_georgia_unified.xlsx
parl_2016,__main__,pr,patriots,"საარჩევნო ბლოკი დავით თარხან-მოურავი, ირმა ინაშვილი - საქართველოს პატრიოტთა ალიანსი, გაერთიანებული ოპოზიცია",8,,,95,,დავითი,ხიზანიშვილი,დავითი ხიზანიშვილი,უპარტიო,,party_lists_2016_georgia_unified.xlsx
parl_2016,__main__,pr,patriots,"საარჩევნო ბლოკი დავით თარხან-მოურავი, ირმა ინაშვილი - საქართველოს პატრიოტთა ალიანსი, გაერთიანებული ოპოზიცია",8,,,96,,ფიქრია,თოთიბაძე,ფიქრია თოთიბაძე,უპარტიო,,party_lists_2016_georgia_unified.xlsx
parl_2016,__main__,pr,patriots,"საარჩევნო ბლოკი დავით თარხან-მოურავი, ირმა ინაშვილი - საქართველოს პატრიოტთა ალიანსი, გაერთიანებული ოპოზიცია",8,,,97,,გიორგი,გურჩიანი,გიორგი გურჩიანი,უპარტიო,,party_lists_2016_georgia_unified.xlsx
parl_2016,__main__,pr,patriots,"საარჩევნო ბლოკი დავით თარხან-მოურავი, ირმა ინაშვილი - საქართველოს პატრიოტთა ალიანსი, გაერთიანებული ოპოზიცია",8,,,98,,რუსუდან,სიხარულიძე,რუსუდან სიხარულიძე,უპარტიო,,party_lists_2016_georgia_unified.xlsx
parl_2016,__main__,pr,patriots,"საარჩევნო ბლოკი დავით თარხან-მოურავი, ირმა ინაშვილი - საქართველოს პატრიოტთა ალიანსი, გაერთიანებული ოპოზიცია",8,,,99,,ლევანი,ზაალიშვილი,ლევანი ზაალიშვილი,"პ /გ - ""საქართველოს პატრიოტთა ალიანსი""",,party_lists_2016_georgia_unified.xlsx
parl_2016,__main__,pr,patriots,"საარჩევნო ბლოკი დავით თარხან-მოურავი, ირმა ინაშვილი - საქართველოს პატრიოტთა ალიანსი, გაერთიანებული ოპოზიცია",8,,,100,,გიორგი,გვარაძე,გიორგი გვარაძე,უპარტიო,,party_lists_2016_georgia_unified.xlsx
parl_2016,__main__,pr,patriots,"საარჩევნო ბლოკი დავით თარხან-მოურავი, ირმა ინაშვილი - საქართველოს პატრიოტთა ალიანსი, გაერთიანებული ოპოზიცია",8,,,101,,მზია,კაციაშვილი,მზია კაციაშვილი,უპარტიო,,party_lists_2016_georgia_unified.xlsx
parl_2016,__main__,pr,patriots,"საარჩევნო ბლოკი დავით თარხან-მოურავი, ირმა ინაშვილი - საქართველოს პატრიოტთა ალიანსი, გაერთიანებული ოპოზიცია",8,,,102,,ლია,ფცქიალაძე,ლია ფცქიალაძე,"პ /გ - ""საქართველოს პატრიოტთა ალიანსი""",,party_lists_2016_georgia_unified.xlsx
parl_2016,__main__,pr,patriots,"საარჩევნო ბლოკი დავით თარხან-მოურავი, ირმა ინაშვილი - საქართველოს პატრიოტთა ალიანსი, გაერთიანებული ოპოზიცია",8,,,103,,კობა,ბარაბაძე,კობა ბარაბაძე,"პ /გ - ""საქართველოს პატრიოტთა ალიანსი""",,party_lists_2016_georgia_unified.xlsx
parl_2016,__main__,pr,patriots,"საარჩევნო ბლოკი დავით თარხან-მოურავი, ირმა ინაშვილი - საქართველოს პატრიოტთა ალიანსი, გაერთიანებული ოპოზიცია",8,,,104,,გიორგი,გოგოლაძე,გიორგი გოგოლაძე,უპარტიო,,party_lists_2016_georgia_unified.xlsx
parl_2016,__main__,pr,patriots,"საარჩევნო ბლოკი დავით თარხან-მოურავი, ირმა ინაშვილი - საქართველოს პატრიოტთა ალიანსი, გაერთიანებული ოპოზიცია",8,,,105,,ვასილ,სორდია,ვასილ სორდია,უპარტიო,,party_lists_2016_georgia_unified.xlsx
parl_2016,__main__,pr,patriots,"საარჩევნო ბლოკი დავით თარხან-მოურავი, ირმა ინაშვილი - საქართველოს პატრიოტთა ალიანსი, გაერთიანებული ოპოზიცია",8,,,106,,ირმა,ყვარელაშვილი,ირმა ყვარელაშვილი,უპარტიო,,party_lists_2016_georgia_unified.xlsx
parl_2016,__main__,pr,patriots,"საარჩევნო ბლოკი დავით თარხან-მოურავი, ირმა ინაშვილი - საქართველოს პატრიოტთა ალიანსი, გაერთიანებული ოპოზიცია",8,,,107,,დავით,ჭანტურია,დავით ჭანტურია,უპარტიო,,party_lists_2016_georgia_unified.xlsx
parl_2016,__main__,pr,patriots,"საარჩევნო ბლოკი დავით თარხან-მოურავი, ირმა ინაშვილი - საქართველოს პატრიოტთა ალიანსი, გაერთიანებული ოპოზიცია",8,,,108,,ნოდარი,გოგოლაძე,ნოდარი გოგოლაძე,"პ /გ - ""საქართველოს პატრიოტთა ალიანსი""",,party_lists_2016_georgia_unified.xlsx
parl_2016,__main__,pr,patriots,"საარჩევნო ბლოკი დავით თარხან-მოურავი, ირმა ინაშვილი - საქართველოს პატრიოტთა ალიანსი, გაერთიანებული ოპოზიცია",8,,,109,,მიხეილ,ყიფიანი,მიხეილ ყიფიანი,უპარტიო,,party_lists_2016_georgia_unified.xlsx
parl_2016,__main__,pr,patriots,"საარჩევნო ბლოკი დავით თარხან-მოურავი, ირმა ინაშვილი - საქართველოს პატრიოტთა ალიანსი, გაერთიანებული ოპოზიცია",8,,,110,,მაკა,ბრეგვაძე,მაკა ბრეგვაძე,უპარტიო,,party_lists_2016_georgia_unified.xlsx
parl_2016,__main__,pr,patriots,"საარჩევნო ბლოკი დავით თარხან-მოურავი, ირმა ინაშვილი - საქართველოს პატრიოტთა ალიანსი, გაერთიანებული ოპოზიცია",8,,,111,,ეკა,საჩალელი,ეკა საჩალელი,უპარტიო,,party_lists_2016_georgia_unified.xlsx
parl_2016,__main__,pr,patriots,"საარჩევნო ბლოკი დავით თარხან-მოურავი, ირმა ინაშვილი - საქართველოს პატრიოტთა ალიანსი, გაერთიანებული ოპოზიცია",8,,,112,,გურამ,ალავიძე,გურამ ალავიძე,უპარტიო,,party_lists_2016_georgia_unified.xlsx
parl_2016,__main__,pr,patriots,"საარჩევნო ბლოკი დავით თარხან-მოურავი, ირმა ინაშვილი - საქართველოს პატრიოტთა ალიანსი, გაერთიანებული ოპოზიცია",8,,,113,,არჩილ,ღუდუშაური,არჩილ ღუდუშაური,უპარტიო,,party_lists_2016_georgia_unified.xlsx
parl_2016,__main__,pr,patriots,"საარჩევნო ბლოკი დავით თარხან-მოურავი, ირმა ინაშვილი - საქართველოს პატრიოტთა ალიანსი, გაერთიანებული ოპოზიცია",8,,,114,,თეიმურაზ,ხუტაშვილი,თეიმურაზ ხუტაშვილი,უპარტიო,,party_lists_2016_georgia_unified.xlsx
parl_2016,__main__,pr,patriots,"საარჩევნო ბლოკი დავით თარხან-მოურავი, ირმა ინაშვილი - საქართველოს პატრიოტთა ალიანსი, გაერთიანებული ოპოზიცია",8,,,115,,გვანცა,დობაძიშვილი,გვანცა დობაძიშვილი,უპარტიო,,party_lists_2016_georgia_unified.xlsx
parl_2016,__main__,pr,patriots,"საარჩევნო ბლოკი დავით თარხან-მოურავი, ირმა ინაშვილი - საქართველოს პატრიოტთა ალიანსი, გაერთიანებული ოპოზიცია",8,,,116,,აკაკი,საბიაშვილი,აკაკი საბიაშვილი,უპარტიო,,party_lists_2016_georgia_unified.xlsx
parl_2016,__main__,pr,patriots,"საარჩევნო ბლოკი დავით თარხან-მოურავი, ირმა ინაშვილი - საქართველოს პატრიოტთა ალიანსი, გაერთიანებული ოპოზიცია",8,,,117,,გოჩა,ფორჩხიძე,გოჩა ფორჩხიძე,უპარტიო,,party_lists_2016_georgia_unified.xlsx
parl_2016,__main__,pr,patriots,"საარჩევნო ბლოკი დავით თარხან-მოურავი, ირმა ინაშვილი - საქართველოს პატრიოტთა ალიანსი, გაერთიანებული ოპოზიცია",8,,,118,,კახაბერი,ჭიტაძე,კახაბერი ჭიტაძე,უპარტიო,,party_lists_2016_georgia_unified.xlsx
parl_2016,__main__,pr,patriots,"საარჩევნო ბლოკი დავით თარხან-მოურავი, ირმა ინაშვილი - საქართველოს პატრიოტთა ალიანსი, გაერთიანებული ოპოზიცია",8,,,119,,სერგო,დათუაშვილი,სერგო დათუაშვილი,უპარტიო,,party_lists_2016_georgia_unified.xlsx
parl_2016,__main__,pr,patriots,"საარჩევნო ბლოკი დავით თარხან-მოურავი, ირმა ინაშვილი - საქართველოს პატრიოტთა ალიანსი, გაერთიანებული ოპოზიცია",8,,,120,,ირმა,ხურციძე,ირმა ხურციძე,უპარტიო,,party_lists_2016_georgia_unified.xlsx
parl_2016,__main__,pr,patriots,"საარჩევნო ბლოკი დავით თარხან-მოურავი, ირმა ინაშვილი - საქართველოს პატრიოტთა ალიანსი, გაერთიანებული ოპოზიცია",8,,,121,,ვაჟა,ცაგარეიშვილი,ვაჟა ცაგარეიშვილი,უპარტიო,,party_lists_2016_georgia_unified.xlsx
parl_2016,__main__,pr,patriots,"საარჩევნო ბლოკი დავით თარხან-მოურავი, ირმა ინაშვილი - საქართველოს პატრიოტთა ალიანსი, გაერთიანებული ოპოზიცია",8,,,122,,მარინე,გონგაძე,მარინე გონგაძე,უპარტიო,,party_lists_2016_georgia_unified.xlsx
parl_2016,__main__,pr,patriots,"საარჩევნო ბლოკი დავით თარხან-მოურავი, ირმა ინაშვილი - საქართველოს პატრიოტთა ალიანსი, გაერთიანებული ოპოზიცია",8,,,123,,მაკა,გოგუაძე,მაკა გოგუაძე,"პ /გ - ""საქართველოს პატრიოტთა ალიანსი""",,party_lists_2016_georgia_unified.xlsx
parl_2016,__main__,pr,patriots,"საარჩევნო ბლოკი დავით თარხან-მოურავი, ირმა ინაშვილი - საქართველოს პატრიოტთა ალიანსი, გაერთიანებული ოპოზიცია",8,,,124,,ნიკოლოზ,გაგოშაშვილი,ნიკოლოზ გაგოშაშვილი,"პ /გ - ""საქართველოს პატრიოტთა ალიანსი""",,party_lists_2016_georgia_unified.xlsx
parl_2016,__main__,pr,patriots,"საარჩევნო ბლოკი დავით თარხან-მოურავი, ირმა ინაშვილი - საქართველოს პატრიოტთა ალიანსი, გაერთიანებული ოპოზიცია",8,,,125,,ოთარ,ვაშაკიძე,ოთარ ვაშაკიძე,უპარტიო,,party_lists_2016_georgia_unified.xlsx
parl_2016,__main__,pr,patriots,"საარჩევნო ბლოკი დავით თარხან-მოურავი, ირმა ინაშვილი - საქართველოს პატრიოტთა ალიანსი, გაერთიანებული ოპოზიცია",8,,,126,,ეკა,მჭედლიძე,ეკა მჭედლიძე,უპარტიო,,party_lists_2016_georgia_unified.xlsx
parl_2016,__main__,pr,patriots,"საარჩევნო ბლოკი დავით თარხან-მოურავი, ირმა ინაშვილი - საქართველოს პატრიოტთა ალიანსი, გაერთიანებული ოპოზიცია",8,,,127,,ნიკოლოზ,ფაჩულია,ნიკოლოზ ფაჩულია,უპარტიო,,party_lists_2016_georgia_unified.xlsx
parl_2016,__main__,pr,patriots,"საარჩევნო ბლოკი დავით თარხან-მოურავი, ირმა ინაშვილი - საქართველოს პატრიოტთა ალიანსი, გაერთიანებული ოპოზიცია",8,,,128,,არჩილ,კობალავა,არჩილ კობალავა,უპარტიო,,party_lists_2016_georgia_unified.xlsx
parl_2016,__main__,pr,patriots,"საარჩევნო ბლოკი დავით თარხან-მოურავი, ირმა ინაშვილი - საქართველოს პატრიოტთა ალიანსი, გაერთიანებული ოპოზიცია",8,,,129,,რეზო,კიკნაძე,რეზო კიკნაძე,უპარტიო,,party_lists_2016_georgia_unified.xlsx
parl_2016,__main__,pr,patriots,"საარჩევნო ბლოკი დავით თარხან-მოურავი, ირმა ინაშვილი - საქართველოს პატრიოტთა ალიანსი, გაერთიანებული ოპოზიცია",8,,,130,,ემზარი,ქვარიანი,ემზარი ქვარიანი,უპარტიო,,party_lists_2016_georgia_unified.xlsx
parl_2016,__main__,pr,patriots,"საარჩევნო ბლოკი დავით თარხან-მოურავი, ირმა ინაშვილი - საქართველოს პატრიოტთა ალიანსი, გაერთიანებული ოპოზიცია",8,,,131,,ინგა,ხელაძე,ინგა ხელაძე,"პ /გ - ""საქართველოს პატრიოტთა ალიანსი""",,party_lists_2016_georgia_unified.xlsx
parl_2016,__main__,pr,patriots,"საარჩევნო ბლოკი დავით თარხან-მოურავი, ირმა ინაშვილი - საქართველოს პატრიოტთა ალიანსი, გაერთიანებული ოპოზიცია",8,,,132,,მაია,მახაჭაშვილი,მაია მახაჭაშვილი,უპარტიო,,party_lists_2016_georgia_unified.xlsx
parl_2016,__main__,pr,patriots,"საარჩევნო ბლოკი დავით თარხან-მოურავი, ირმა ინაშვილი - საქართველოს პატრიოტთა ალიანსი, გაერთიანებული ოპოზიცია",8,,,133,,დათო,მუსელიანი,დათო მუსელიანი,უპარტიო,,party_lists_2016_georgia_unified.xlsx
parl_2016,__main__,pr,patriots,"საარჩევნო ბლოკი დავით თარხან-მოურავი, ირმა ინაშვილი - საქართველოს პატრიოტთა ალიანსი, გაერთიანებული ოპოზიცია",8,,,134,,დავით,ყურელი,დავით ყურელი,"პ /გ - ""საქართველოს პატრიოტთა ალიანსი""",,party_lists_2016_georgia_unified.xlsx
parl_2016,__main__,pr,patriots,"საარჩევნო ბლოკი დავით თარხან-მოურავი, ირმა ინაშვილი - საქართველოს პატრიოტთა ალიანსი, გაერთიანებული ოპოზიცია",8,,,135,,ანნა,კვარაცხელია,ანნა კვარაცხელია,"პ /გ - ""საქართველოს პატრიოტთა ალიანსი""",,party_lists_2016_georgia_unified.xlsx
parl_2016,__main__,pr,patriots,"საარჩევნო ბლოკი დავით თარხან-მოურავი, ირმა ინაშვილი - საქართველოს პატრიოტთა ალიანსი, გაერთიანებული ოპოზიცია",8,,,136,,შოთა,ბაისონაშვილი,შოთა ბაისონაშვილი,"პ /გ - ""საქართველოს პატრიოტთა ალიანსი""",,party_lists_2016_georgia_unified.xlsx
parl_2016,__main__,pr,patriots,"საარჩევნო ბლოკი დავით თარხან-მოურავი, ირმა ინაშვილი - საქართველოს პატრიოტთა ალიანსი, გაერთიანებული ოპოზიცია",8,,,137,,გიორგი,კეჩხუაშვილი,გიორგი კეჩხუაშვილი,"პ /გ - ""საქართველოს პატრიოტთა ალიანსი""",,party_lists_2016_georgia_unified.xlsx
parl_2016,__main__,pr,patriots,"საარჩევნო ბლოკი დავით თარხან-მოურავი, ირმა ინაშვილი - საქართველოს პატრიოტთა ალიანსი, გაერთიანებული ოპოზიცია",8,,,138,,რუსუდან,ცერაძე,რუსუდან ცერაძე,უპარტიო,,party_lists_2016_georgia_unified.xlsx
parl_2016,__main__,pr,patriots,"საარჩევნო ბლოკი დავით თარხან-მოურავი, ირმა ინაშვილი - საქართველოს პატრიოტთა ალიანსი, გაერთიანებული ოპოზიცია",8,,,139,,ზურაბ,ხარიბეგაშვილი,ზურაბ ხარიბეგაშვილი,"პ /გ - ""საქართველოს პატრიოტთა ალიანსი""",,party_lists_2016_georgia_unified.xlsx
parl_2016,__main__,pr,patriots,"საარჩევნო ბლოკი დავით თარხან-მოურავი, ირმა ინაშვილი - საქართველოს პატრიოტთა ალიანსი, გაერთიანებული ოპოზიცია",8,,,140,,მარინა,დავიდოვა,მარინა დავიდოვა,უპარტიო,,party_lists_2016_georgia_unified.xlsx
parl_2016,__main__,pr,patriots,"საარჩევნო ბლოკი დავით თარხან-მოურავი, ირმა ინაშვილი - საქართველოს პატრიოტთა ალიანსი, გაერთიანებული ოპოზიცია",8,,,141,,გიორგი,გოლოშვილი,გიორგი გოლოშვილი,"პ /გ - ""საქართველოს პატრიოტთა ალიანსი""",,party_lists_2016_georgia_unified.xlsx
parl_2016,__main__,pr,patriots,"საარჩევნო ბლოკი დავით თარხან-მოურავი, ირმა ინაშვილი - საქართველოს პატრიოტთა ალიანსი, გაერთიანებული ოპოზიცია",8,,,142,,ზურაბ,სახვაძე,ზურაბ სახვაძე,"პ /გ - ""საქართველოს პატრიოტთა ალიანსი""",,party_lists_2016_georgia_unified.xlsx
parl_2016,__main__,pr,patriots,"საარჩევნო ბლოკი დავით თარხან-მოურავი, ირმა ინაშვილი - საქართველოს პატრიოტთა ალიანსი, გაერთიანებული ოპოზიცია",8,,,143,,ასმათი,კუპატაძე,ასმათი კუპატაძე,"პ /გ - ""საქართველოს პატრიოტთა ალიანსი""",,party_lists_2016_georgia_unified.xlsx
parl_2016,__main__,pr,patriots,"საარჩევნო ბლოკი დავით თარხან-მოურავი, ირმა ინაშვილი - საქართველოს პატრიოტთა ალიანსი, გაერთიანებული ოპოზიცია",8,,,144,,თეიმურაზ,ღავთაძე,თეიმურაზ ღავთაძე,"პ /გ - ""საქართველოს პატრიოტთა ალიანსი""",,party_lists_2016_georgia_unified.xlsx
parl_2016,__main__,pr,patriots,"საარჩევნო ბლოკი დავით თარხან-მოურავი, ირმა ინაშვილი - საქართველოს პატრიოტთა ალიანსი, გაერთიანებული ოპოზიცია",8,,,145,,ვახტანგ,ხათაშვილი,ვახტანგ ხათაშვილი,"პ /გ - ""საქართველოს პატრიოტთა ალიანსი""",,party_lists_2016_georgia_unified.xlsx
parl_2016,__main__,pr,patriots,"საარჩევნო ბლოკი დავით თარხან-მოურავი, ირმა ინაშვილი - საქართველოს პატრიოტთა ალიანსი, გაერთიანებული ოპოზიცია",8,,,146,,ელისო,კობახიძე,ელისო კობახიძე,უპარტიო,,party_lists_2016_georgia_unified.xlsx
parl_2016,__main__,pr,patriots,"საარჩევნო ბლოკი დავით თარხან-მოურავი, ირმა ინაშვილი - საქართველოს პატრიოტთა ალიანსი, გაერთიანებული ოპოზიცია",8,,,147,,ილია,ბერიანიძე,ილია ბერიანიძე,"პ /გ - ""საქართველოს პატრიოტთა ალიანსი""",,party_lists_2016_georgia_unified.xlsx
parl_2016,__main__,pr,patriots,"საარჩევნო ბლოკი დავით თარხან-მოურავი, ირმა ინაშვილი - საქართველოს პატრიოტთა ალიანსი, გაერთიანებული ოპოზიცია",8,,,148,,გიორგი,ღონღაძე,გიორგი ღონღაძე,"პ /გ - ""საქართველოს პატრიოტთა ალიანსი""",,party_lists_2016_georgia_unified.xlsx
parl_2016,__main__,pr,patriots,"საარჩევნო ბლოკი დავით თარხან-მოურავი, ირმა ინაშვილი - საქართველოს პატრიოტთა ალიანსი, გაერთიანებული ოპოზიცია",8,,,149,,ლალი,კორძაძე,ლალი კორძაძე,უპარტიო,,party_lists_2016_georgia_unified.xlsx
parl_2016,__main__,pr,patriots,"საარჩევნო ბლოკი დავით თარხან-მოურავი, ირმა ინაშვილი - საქართველოს პატრიოტთა ალიანსი, გაერთიანებული ოპოზიცია",8,,,150,,დალი,ლიპარტელიანი,დალი ლიპარტელიანი,უპარტიო,,party_lists_2016_georgia_unified.xlsx
parl_2016,__main__,pr,patriots,"საარჩევნო ბლოკი დავით თარხან-მოურავი, ირმა ინაშვილი - საქართველოს პატრიოტთა ალიანსი, გაერთიანებული ოპოზიცია",8,,,151,,ლეილა,გუგავა,ლეილა გუგავა,უპარტიო,,party_lists_2016_georgia_unified.xlsx
parl_2016,__main__,pr,patriots,"საარჩევნო ბლოკი დავით თარხან-მოურავი, ირმა ინაშვილი - საქართველოს პატრიოტთა ალიანსი, გაერთიანებული ოპოზიცია",8,,,152,,პაატა,ბარათაშვილი,პაატა ბარათაშვილი,"პ /გ - ""საქართველოს პატრიოტთა ალიანსი""",,party_lists_2016_georgia_unified.xlsx
parl_2016,__main__,pr,patriots,"საარჩევნო ბლოკი დავით თარხან-მოურავი, ირმა ინაშვილი - საქართველოს პატრიოტთა ალიანსი, გაერთიანებული ოპოზიცია",8,,,153,,ვახტანგ,ცომაია,ვახტანგ ცომაია,"პ /გ - ""საქართველოს პატრიოტთა ალიანსი""",,party_lists_2016_georgia_unified.xlsx
parl_2016,__main__,pr,patriots,"საარჩევნო ბლოკი დავით თარხან-მოურავი, ირმა ინაშვილი - საქართველოს პატრიოტთა ალიანსი, გაერთიანებული ოპოზიცია",8,,,154,,მზია,ლიპარტელიანი,მზია ლიპარტელიანი,უპარტიო,,party_lists_2016_georgia_unified.xlsx
parl_2016,__main__,pr,patriots,"საარჩევნო ბლოკი დავით თარხან-მოურავი, ირმა ინაშვილი - საქართველოს პატრიოტთა ალიანსი, გაერთიანებული ოპოზიცია",8,,,155,,გივი,გაჩეჩილაძე,გივი გაჩეჩილაძე,უპარტიო,,party_lists_2016_georgia_unified.xlsx
parl_2016,__main__,pr,patriots,"საარჩევნო ბლოკი დავით თარხან-მოურავი, ირმა ინაშვილი - საქართველოს პატრიოტთა ალიანსი, გაერთიანებული ოპოზიცია",8,,,156,,ზურაბი,ზურაბიანი,ზურაბი ზურაბიანი,უპარტიო,,party_lists_2016_georgia_unified.xlsx
parl_2016,__main__,pr,patriots,"საარჩევნო ბლოკი დავით თარხან-მოურავი, ირმა ინაშვილი - საქართველოს პატრიოტთა ალიანსი, გაერთიანებული ოპოზიცია",8,,,157,,გიორგი,მახარაძე,გიორგი მახარაძე,"პ /გ - ""საქართველოს პატრიოტთა ალიანსი""",,party_lists_2016_georgia_unified.xlsx
parl_2016,__main__,pr,patriots,"საარჩევნო ბლოკი დავით თარხან-მოურავი, ირმა ინაშვილი - საქართველოს პატრიოტთა ალიანსი, გაერთიანებული ოპოზიცია",8,,,158,,მადონა,სურგულაძე,მადონა სურგულაძე,"პ /გ - ""საქართველოს პატრიოტთა ალიანსი""",,party_lists_2016_georgia_unified.xlsx
parl_2016,__main__,pr,patriots,"საარჩევნო ბლოკი დავით თარხან-მოურავი, ირმა ინაშვილი - საქართველოს პატრიოტთა ალიანსი, გაერთიანებული ოპოზიცია",8,,,159,,ირაკლი,გაგნიძე,ირაკლი გაგნიძე,უპარტიო,,party_lists_2016_georgia_unified.xlsx
parl_2016,__main__,pr,patriots,"საარჩევნო ბლოკი დავით თარხან-მოურავი, ირმა ინაშვილი - საქართველოს პატრიოტთა ალიანსი, გაერთიანებული ოპოზიცია",8,,,160,,ეთერი,დარჩია,ეთერი დარჩია,უპარტიო,,party_lists_2016_georgia_unified.xlsx
parl_2016,__main__,pr,patriots,"საარჩევნო ბლოკი დავით თარხან-მოურავი, ირმა ინაშვილი - საქართველოს პატრიოტთა ალიანსი, გაერთიანებული ოპოზიცია",8,,,161,,აკაკი,გოგიძე,აკაკი გოგიძე,უპარტიო,,party_lists_2016_georgia_unified.xlsx
parl_2016,__main__,pr,patriots,"საარჩევნო ბლოკი დავით თარხან-მოურავი, ირმა ინაშვილი - საქართველოს პატრიოტთა ალიანსი, გაერთიანებული ოპოზიცია",8,,,162,,იური,ლორთქიფანიძე,იური ლორთქიფანიძე,უპარტიო,,party_lists_2016_georgia_unified.xlsx
parl_2016,__main__,pr,patriots,"საარჩევნო ბლოკი დავით თარხან-მოურავი, ირმა ინაშვილი - საქართველოს პატრიოტთა ალიანსი, გაერთიანებული ოპოზიცია",8,,,163,,ვასილ,კუპატაძე,ვასილ კუპატაძე,უპარტიო,,party_lists_2016_georgia_unified.xlsx
parl_2016,__main__,pr,patriots,"საარჩევნო ბლოკი დავით თარხან-მოურავი, ირმა ინაშვილი - საქართველოს პატრიოტთა ალიანსი, გაერთიანებული ოპოზიცია",8,,,164,,თამარ,ფიოლია,თამარ ფიოლია,"პ /გ - ""საქართველოს პატრიოტთა ალიანსი""",,party_lists_2016_georgia_unified.xlsx
parl_2016,__main__,pr,patriots,"საარჩევნო ბლოკი დავით თარხან-მოურავი, ირმა ინაშვილი - საქართველოს პატრიოტთა ალიანსი, გაერთიანებული ოპოზიცია",8,,,165,,ზაური,ობოლაძე,ზაური ობოლაძე,უპარტიო,,party_lists_2016_georgia_unified.xlsx
parl_2016,__main__,pr,patriots,"საარჩევნო ბლოკი დავით თარხან-მოურავი, ირმა ინაშვილი - საქართველოს პატრიოტთა ალიანსი, გაერთიანებული ოპოზიცია",8,,,166,,თემური,გურული,თემური გურული,უპარტიო,,party_lists_2016_georgia_unified.xlsx
parl_2016,__main__,pr,patriots,"საარჩევნო ბლოკი დავით თარხან-მოურავი, ირმა ინაშვილი - საქართველოს პატრიოტთა ალიანსი, გაერთიანებული ოპოზიცია",8,,,167,,ვიოლეტა,მამაცაშვილი,ვიოლეტა მამაცაშვილი,უპარტიო,,party_lists_2016_georgia_unified.xlsx
parl_2016,__main__,pr,patriots,"საარჩევნო ბლოკი დავით თარხან-მოურავი, ირმა ინაშვილი - საქართველოს პატრიოტთა ალიანსი, გაერთიანებული ოპოზიცია",8,,,168,,მამუკა,აფციაური,მამუკა აფციაური,"პ /გ - ""საქართველოს პატრიოტთა ალიანსი""",,party_lists_2016_georgia_unified.xlsx
parl_2016,__main__,pr,patriots,"საარჩევნო ბლოკი დავით თარხან-მოურავი, ირმა ინაშვილი - საქართველოს პატრიოტთა ალიანსი, გაერთიანებული ოპოზიცია",8,,,169,,ბუხუტი,ჭაჭუა,ბუხუტი ჭაჭუა,"პ /გ - ""საქართველოს პატრიოტთა ალიანსი""",,party_lists_2016_georgia_unified.xlsx
parl_2016,__main__,pr,patriots,"საარჩევნო ბლოკი დავით თარხან-მოურავი, ირმა ინაშვილი - საქართველოს პატრიოტთა ალიანსი, გაერთიანებული ოპოზიცია",8,,,170,,ეკატერინა,კომახიძე,ეკატერინა კომახიძე,"პ /გ - ""საქართველოს პატრიოტთა ალიანსი""",,party_lists_2016_georgia_unified.xlsx
parl_2016,__main__,pr,patriots,"საარჩევნო ბლოკი დავით თარხან-მოურავი, ირმა ინაშვილი - საქართველოს პატრიოტთა ალიანსი, გაერთიანებული ოპოზიცია",8,,,171,,ნიკოლოზ,ინასარიძე,ნიკოლოზ ინასარიძე,უპარტიო,,party_lists_2016_georgia_unified.xlsx
parl_2016,__main__,pr,patriots,"საარჩევნო ბლოკი დავით თარხან-მოურავი, ირმა ინაშვილი - საქართველოს პატრიოტთა ალიანსი, გაერთიანებული ოპოზიცია",8,,,172,,ირინა,აბულაძე,ირინა აბულაძე,"პ /გ - ""საქართველოს პატრიოტთა ალიანსი""",,party_lists_2016_georgia_unified.xlsx
parl_2016,__main__,pr,patriots,"საარჩევნო ბლოკი დავით თარხან-მოურავი, ირმა ინაშვილი - საქართველოს პატრიოტთა ალიანსი, გაერთიანებული ოპოზიცია",8,,,173,,პაატა,ცივაძე,პაატა ცივაძე,უპარტიო,,party_lists_2016_georgia_unified.xlsx
parl_2016,__main__,pr,patriots,"საარჩევნო ბლოკი დავით თარხან-მოურავი, ირმა ინაშვილი - საქართველოს პატრიოტთა ალიანსი, გაერთიანებული ოპოზიცია",8,,,174,,მალხაზ,მხეიძე,მალხაზ მხეიძე,"პ /გ - ""საქართველოს პატრიოტთა ალიანსი""",,party_lists_2016_georgia_unified.xlsx
parl_2016,__main__,pr,patriots,"საარჩევნო ბლოკი დავით თარხან-მოურავი, ირმა ინაშვილი - საქართველოს პატრიოტთა ალიანსი, გაერთიანებული ოპოზიცია",8,,,175,,რამაზ,ნოზაძე,რამაზ ნოზაძე,უპარტიო,,party_lists_2016_georgia_unified.xlsx
parl_2016,__main__,pr,patriots,"საარჩევნო ბლოკი დავით თარხან-მოურავი, ირმა ინაშვილი - საქართველოს პატრიოტთა ალიანსი, გაერთიანებული ოპოზიცია",8,,,176,,ქეთევან,ჟღენტი,ქეთევან ჟღენტი,უპარტიო,,party_lists_2016_georgia_unified.xlsx
parl_2016,__main__,pr,patriots,"საარჩევნო ბლოკი დავით თარხან-მოურავი, ირმა ინაშვილი - საქართველოს პატრიოტთა ალიანსი, გაერთიანებული ოპოზიცია",8,,,177,,ფრიდონ,კვარაცხელია,ფრიდონ კვარაცხელია,"პ /გ - ""საქართველოს პატრიოტთა ალიანსი""",,party_lists_2016_georgia_unified.xlsx
parl_2016,__main__,pr,patriots,"საარჩევნო ბლოკი დავით თარხან-მოურავი, ირმა ინაშვილი - საქართველოს პატრიოტთა ალიანსი, გაერთიანებული ოპოზიცია",8,,,178,,კახა,ბენდელიანი,კახა ბენდელიანი,"პ /გ - ""საქართველოს პატრიოტთა ალიანსი""",,party_lists_2016_georgia_unified.xlsx
parl_2016,__main__,pr,patriots,"საარჩევნო ბლოკი დავით თარხან-მოურავი, ირმა ინაშვილი - საქართველოს პატრიოტთა ალიანსი, გაერთიანებული ოპოზიცია",8,,,179,,ეკა,მიქელაძე,ეკა მიქელაძე,"პ /გ - ""საქართველოს პატრიოტთა ალიანსი""",,party_lists_2016_georgia_unified.xlsx
parl_2016,__main__,pr,patriots,"საარჩევნო ბლოკი დავით თარხან-მოურავი, ირმა ინაშვილი - საქართველოს პატრიოტთა ალიანსი, გაერთიანებული ოპოზიცია",8,,,180,,რუსუდან,ინწკირველი,რუსუდან ინწკირველი,"პ /გ - ""საქართველოს პატრიოტთა ალიანსი""",,party_lists_2016_georgia_unified.xlsx
parl_2016,__main__,pr,patriots,"საარჩევნო ბლოკი დავით თარხან-მოურავი, ირმა ინაშვილი - საქართველოს პატრიოტთა ალიანსი, გაერთიანებული ოპოზიცია",8,,,181,,ნათელა,ბერიძე,ნათელა ბერიძე,"პ /გ - ""საქართველოს პატრიოტთა ალიანსი""",,party_lists_2016_georgia_unified.xlsx
parl_2016,__main__,pr,patriots,"საარჩევნო ბლოკი დავით თარხან-მოურავი, ირმა ინაშვილი - საქართველოს პატრიოტთა ალიანსი, გაერთიანებული ოპოზიცია",8,,,182,,ლევან,მახარაძე,ლევან მახარაძე,"პ /გ - ""საქართველოს პატრიოტთა ალიანსი""",,party_lists_2016_georgia_unified.xlsx
parl_2016,__main__,pr,patriots,"საარჩევნო ბლოკი დავით თარხან-მოურავი, ირმა ინაშვილი - საქართველოს პატრიოტთა ალიანსი, გაერთიანებული ოპოზიცია",8,,,183,,ნატალია,თევზაძე,ნატალია თევზაძე,"პ /გ - ""საქართველოს პატრიოტთა ალიანსი""",,party_lists_2016_georgia_unified.xlsx
parl_2016,__main__,pr,patriots,"საარჩევნო ბლოკი დავით თარხან-მოურავი, ირმა ინაშვილი - საქართველოს პატრიოტთა ალიანსი, გაერთიანებული ოპოზიცია",8,,,184,,ედვარდ,მიქელაძე,ედვარდ მიქელაძე,"პ /გ - ""საქართველოს პატრიოტთა ალიანსი""",,party_lists_2016_georgia_unified.xlsx
parl_2016,__main__,pr,patriots,"საარჩევნო ბლოკი დავით თარხან-მოურავი, ირმა ინაშვილი - საქართველოს პატრიოტთა ალიანსი, გაერთიანებული ოპოზიცია",8,,,185,,ეთერ,ნიგალიძე,ეთერ ნიგალიძე,"პ /გ - "" საქართველოს პატრიოტთა ალიანსი""",,party_lists_2016_georgia_unified.xlsx
parl_2016,__main__,pr,patriots,"საარჩევნო ბლოკი დავით თარხან-მოურავი, ირმა ინაშვილი - საქართველოს პატრიოტთა ალიანსი, გაერთიანებული ოპოზიცია",8,,,186,,რუსუდან,დოლიძე,რუსუდან დოლიძე,"პ /გ - ""საქართველოს პატრიოტთა ალიანსი""",,party_lists_2016_georgia_unified.xlsx
parl_2016,__main__,pr,patriots,"საარჩევნო ბლოკი დავით თარხან-მოურავი, ირმა ინაშვილი - საქართველოს პატრიოტთა ალიანსი, გაერთიანებული ოპოზიცია",8,,,187,,თემურ,მოწყობილი,თემურ მოწყობილი,უპარტიო,,party_lists_2016_georgia_unified.xlsx
parl_2016,__main__,pr,patriots,"საარჩევნო ბლოკი დავით თარხან-მოურავი, ირმა ინაშვილი - საქართველოს პატრიოტთა ალიანსი, გაერთიანებული ოპოზიცია",8,,,188,,არჩილ,გოგიტიძე,არჩილ გოგიტიძე,"პ /გ - ""საქართველოს პატრიოტთა ალიანსი""",,party_lists_2016_georgia_unified.xlsx
parl_2016,__main__,pr,patriots,"საარჩევნო ბლოკი დავით თარხან-მოურავი, ირმა ინაშვილი - საქართველოს პატრიოტთა ალიანსი, გაერთიანებული ოპოზიცია",8,,,189,,მანუჩარ,ორაგველიძე,მანუჩარ ორაგველიძე,უპარტიო,,party_lists_2016_georgia_unified.xlsx
parl_2016,__main__,pr,patriots,"საარჩევნო ბლოკი დავით თარხან-მოურავი, ირმა ინაშვილი - საქართველოს პატრიოტთა ალიანსი, გაერთიანებული ოპოზიცია",8,,,190,,ანა,როინიშვილი,ანა როინიშვილი,უპარტიო,,party_lists_2016_georgia_unified.xlsx
parl_2016,__main__,pr,patriots,"საარჩევნო ბლოკი დავით თარხან-მოურავი, ირმა ინაშვილი - საქართველოს პატრიოტთა ალიანსი, გაერთიანებული ოპოზიცია",8,,,191,,ნინო,აბულაძე,ნინო აბულაძე,"პ /გ - ""საქართველოს პატრიოტთა ალიანსი""",,party_lists_2016_georgia_unified.xlsx
parl_2016,__main__,pr,patriots,"საარჩევნო ბლოკი დავით თარხან-მოურავი, ირმა ინაშვილი - საქართველოს პატრიოტთა ალიანსი, გაერთიანებული ოპოზიცია",8,,,192,,დიანა,ბეგლარაშვილი,დიანა ბეგლარაშვილი,"პ /გ - ""საქართველოს პატრიოტთა ალიანსი""",,party_lists_2016_georgia_unified.xlsx
parl_2016,__main__,pr,patriots,"საარჩევნო ბლოკი დავით თარხან-მოურავი, ირმა ინაშვილი - საქართველოს პატრიოტთა ალიანსი, გაერთიანებული ოპოზიცია",8,,,193,,ნინო,კუპრავა,ნინო კუპრავა,"პ /გ - ""საქართველოს პატრიოტთა ალიანსი""",,party_lists_2016_georgia_unified.xlsx
parl_2016,__main__,pr,patriots,"საარჩევნო ბლოკი დავით თარხან-მოურავი, ირმა ინაშვილი - საქართველოს პატრიოტთა ალიანსი, გაერთიანებული ოპოზიცია",8,,,194,,ნინო,ხუნწელია,ნინო ხუნწელია,"პ /გ - ""საქართველოს პატრიოტთა ალიანსი""",,party_lists_2016_georgia_unified.xlsx
parl_2016,__main__,pr,patriots,"საარჩევნო ბლოკი დავით თარხან-მოურავი, ირმა ინაშვილი - საქართველოს პატრიოტთა ალიანსი, გაერთიანებული ოპოზიცია",8,,,195,,თინათინი,გაბიტაშვილი,თინათინი გაბიტაშვილი,"პ /გ - ""საქართველოს პატრიოტთა ალიანსი""",,party_lists_2016_georgia_unified.xlsx
parl_2016,__main__,pr,labour,შალვა ნათელაშვილი - საქართველოს ლეიბორისტული პარტია,10,,,1,,შალვა,ნათელაშვილი,შალვა ნათელაშვილი,საქართველოს ლეიბორისტული პარტია,,party_lists_2016_georgia_unified.xlsx
parl_2016,__main__,pr,labour,შალვა ნათელაშვილი - საქართველოს ლეიბორისტული პარტია,10,,,2,,გიორგი,გუგავა,გიორგი გუგავა,საქართველოს ლეიბორისტული პარტია,,party_lists_2016_georgia_unified.xlsx
parl_2016,__main__,pr,labour,შალვა ნათელაშვილი - საქართველოს ლეიბორისტული პარტია,10,,,3,,პაატა,ჩოხელი,პაატა ჩოხელი,საქართველოს ლეიბორისტული პარტია,,party_lists_2016_georgia_unified.xlsx
parl_2016,__main__,pr,labour,შალვა ნათელაშვილი - საქართველოს ლეიბორისტული პარტია,10,,,4,,ლეილა,გაფრინდაშვილი,ლეილა გაფრინდაშვილი,საქართველოს ლეიბორისტული პარტია,,party_lists_2016_georgia_unified.xlsx
parl_2016,__main__,pr,labour,შალვა ნათელაშვილი - საქართველოს ლეიბორისტული პარტია,10,,,5,,ზურაბ,ლომია,ზურაბ ლომია,საქართველოს ლეიბორისტული პარტია,,party_lists_2016_georgia_unified.xlsx
parl_2016,__main__,pr,labour,შალვა ნათელაშვილი - საქართველოს ლეიბორისტული პარტია,10,,,6,,თემურ,წიკლაური,თემურ წიკლაური,საქართველოს ლეიბორისტული პარტია,,party_lists_2016_georgia_unified.xlsx
parl_2016,__main__,pr,labour,შალვა ნათელაშვილი - საქართველოს ლეიბორისტული პარტია,10,,,7,,მიხეილ,ქუმსიშვილი,მიხეილ ქუმსიშვილი,საქართველოს ლეიბორისტული პარტია,,party_lists_2016_georgia_unified.xlsx
parl_2016,__main__,pr,labour,შალვა ნათელაშვილი - საქართველოს ლეიბორისტული პარტია,10,,,8,,ტარიელ,კალანდარიშვილი,ტარიელ კალანდარიშვილი,საქართველოს ლეიბორისტული პარტია,,party_lists_2016_georgia_unified.xlsx
parl_2016,__main__,pr,labour,შალვა ნათელაშვილი - საქართველოს ლეიბორისტული პარტია,10,,,9,,ასმათ,ტყაბლაძე,ასმათ ტყაბლაძე,უპარტიო,,party_lists_2016_georgia_unified.xlsx
parl_2016,__main__,pr,labour,შალვა ნათელაშვილი - საქართველოს ლეიბორისტული პარტია,10,,,10,,ნათია,შარაშანიძე,ნათია შარაშანიძე,საქართველოს ლეიბორისტული პარტია,,party_lists_2016_georgia_unified.xlsx
parl_2016,__main__,pr,labour,შალვა ნათელაშვილი - საქართველოს ლეიბორისტული პარტია,10,,,11,,ქეთევან,დოლიძე,ქეთევან დოლიძე,საქართველოს ლეიბორისტული პარტია,,party_lists_2016_georgia_unified.xlsx
parl_2016,__main__,pr,labour,შალვა ნათელაშვილი - საქართველოს ლეიბორისტული პარტია,10,,,12,,ნინო,მეტრეველი,ნინო მეტრეველი,საქართველოს ლეიბორისტული პარტია,,party_lists_2016_georgia_unified.xlsx
parl_2016,__main__,pr,labour,შალვა ნათელაშვილი - საქართველოს ლეიბორისტული პარტია,10,,,13,,იოსებ,სამხარაძე,იოსებ სამხარაძე,საქართველოს ლეიბორისტული პარტია,,party_lists_2016_georgia_unified.xlsx
parl_2016,__main__,pr,labour,შალვა ნათელაშვილი - საქართველოს ლეიბორისტული პარტია,10,,,14,,გია,გორთამაშვილი,გია გორთამაშვილი,საქართველოს ლეიბორისტული პარტია,,party_lists_2016_georgia_unified.xlsx
parl_2016,__main__,pr,labour,შალვა ნათელაშვილი - საქართველოს ლეიბორისტული პარტია,10,,,15,,თამაზ,შიოშვილი,თამაზ შიოშვილი,საქართველოს ლეიბორისტული პარტია,,party_lists_2016_georgia_unified.xlsx
parl_2016,__main__,pr,labour,შალვა ნათელაშვილი - საქართველოს ლეიბორისტული პარტია,10,,,16,,ირაკლი,კიკვაძე,ირაკლი კიკვაძე,საქართველოს ლეიბორისტული პარტია,,party_lists_2016_georgia_unified.xlsx
parl_2016,__main__,pr,labour,შალვა ნათელაშვილი - საქართველოს ლეიბორისტული პარტია,10,,,17,,ირინე,გრიგალაშვილი,ირინე გრიგალაშვილი,საქართველოს ლეიბორისტული პარტია,,party_lists_2016_georgia_unified.xlsx
parl_2016,__main__,pr,labour,შალვა ნათელაშვილი - საქართველოს ლეიბორისტული პარტია,10,,,18,,გიორგი,გიუაშვილი,გიორგი გიუაშვილი,საქართველოს ლეიბორისტული პარტია,,party_lists_2016_georgia_unified.xlsx
parl_2016,__main__,pr,labour,შალვა ნათელაშვილი - საქართველოს ლეიბორისტული პარტია,10,,,19,,ზურაბ,ქოსაშვილი,ზურაბ ქოსაშვილი,საქართველოს ლეიბორისტული პარტია,,party_lists_2016_georgia_unified.xlsx
parl_2016,__main__,pr,labour,შალვა ნათელაშვილი - საქართველოს ლეიბორისტული პარტია,10,,,20,,ნინო,სამუშია,ნინო სამუშია,საქართველოს ლეიბორისტული პარტია,,party_lists_2016_georgia_unified.xlsx
parl_2016,__main__,pr,labour,შალვა ნათელაშვილი - საქართველოს ლეიბორისტული პარტია,10,,,21,,ლალი,ვეფხვიაშვილი,ლალი ვეფხვიაშვილი,საქართველოს ლეიბორისტული პარტია,,party_lists_2016_georgia_unified.xlsx
parl_2016,__main__,pr,labour,შალვა ნათელაშვილი - საქართველოს ლეიბორისტული პარტია,10,,,22,,ზურაბი,ობოლაძე,ზურაბი ობოლაძე,საქართველოს ლეიბორისტული პარტია,,party_lists_2016_georgia_unified.xlsx
parl_2016,__main__,pr,labour,შალვა ნათელაშვილი - საქართველოს ლეიბორისტული პარტია,10,,,23,,გიზო,ტალახაძე,გიზო ტალახაძე,საქართველოს ლეიბორისტული პარტია,,party_lists_2016_georgia_unified.xlsx
parl_2016,__main__,pr,labour,შალვა ნათელაშვილი - საქართველოს ლეიბორისტული პარტია,10,,,24,,გიორგი,გზირიშვილი,გიორგი გზირიშვილი,საქართველოს ლეიბორისტული პარტია,,party_lists_2016_georgia_unified.xlsx
parl_2016,__main__,pr,labour,შალვა ნათელაშვილი - საქართველოს ლეიბორისტული პარტია,10,,,25,,თეიმურაზი,მჭედლიშვილი,თეიმურაზი მჭედლიშვილი,საქართველოს ლეიბორისტული პარტია,,party_lists_2016_georgia_unified.xlsx
parl_2016,__main__,pr,labour,შალვა ნათელაშვილი - საქართველოს ლეიბორისტული პარტია,10,,,26,,თეიმურაზ,ბოდაველი,თეიმურაზ ბოდაველი,უპარტიო,,party_lists_2016_georgia_unified.xlsx
parl_2016,__main__,pr,labour,შალვა ნათელაშვილი - საქართველოს ლეიბორისტული პარტია,10,,,27,,გიორგი,ჩიტაური,გიორგი ჩიტაური,საქართველოს ლეიბორისტული პარტია,,party_lists_2016_georgia_unified.xlsx
parl_2016,__main__,pr,labour,შალვა ნათელაშვილი - საქართველოს ლეიბორისტული პარტია,10,,,28,,დავით,მამალაძე,დავით მამალაძე,საქართველოს ლეიბორისტული პარტია,,party_lists_2016_georgia_unified.xlsx
parl_2016,__main__,pr,labour,შალვა ნათელაშვილი - საქართველოს ლეიბორისტული პარტია,10,,,29,,ნინო,მაზანაშვილი,ნინო მაზანაშვილი,საქართველოს ლეიბორისტული პარტია,,party_lists_2016_georgia_unified.xlsx
parl_2016,__main__,pr,labour,შალვა ნათელაშვილი - საქართველოს ლეიბორისტული პარტია,10,,,30,,თინათინი,ჩიხიაშვილი,თინათინი ჩიხიაშვილი,საქართველოს ლეიბორისტული პარტია,,party_lists_2016_georgia_unified.xlsx
parl_2016,__main__,pr,labour,შალვა ნათელაშვილი - საქართველოს ლეიბორისტული პარტია,10,,,31,,მარინა,გუნაშვილი,მარინა გუნაშვილი,საქართველოს ლეიბორისტული პარტია,,party_lists_2016_georgia_unified.xlsx
parl_2016,__main__,pr,labour,შალვა ნათელაშვილი - საქართველოს ლეიბორისტული პარტია,10,,,32,,მალხაზი,მამესწარაშვილი,მალხაზი მამესწარაშვილი,საქართველოს ლეიბორისტული პარტია,,party_lists_2016_georgia_unified.xlsx
parl_2016,__main__,pr,labour,შალვა ნათელაშვილი - საქართველოს ლეიბორისტული პარტია,10,,,33,,დავით,კაიშაური,დავით კაიშაური,საქართველოს ლეიბორისტული პარტია,,party_lists_2016_georgia_unified.xlsx
parl_2016,__main__,pr,labour,შალვა ნათელაშვილი - საქართველოს ლეიბორისტული პარტია,10,,,34,,კახა,კვერეხაძე,კახა კვერეხაძე,საქართველოს ლეიბორისტული პარტია,,party_lists_2016_georgia_unified.xlsx
parl_2016,__main__,pr,labour,შალვა ნათელაშვილი - საქართველოს ლეიბორისტული პარტია,10,,,35,,ბეჟან,ნათელაშვილი,ბეჟან ნათელაშვილი,საქართველოს ლეიბორისტული პარტია,,party_lists_2016_georgia_unified.xlsx
parl_2016,__main__,pr,labour,შალვა ნათელაშვილი - საქართველოს ლეიბორისტული პარტია,10,,,36,,ირაკლი,ახალაშვილი,ირაკლი ახალაშვილი,საქართველოს ლეიბორისტული პარტია,,party_lists_2016_georgia_unified.xlsx
parl_2016,__main__,pr,labour,შალვა ნათელაშვილი - საქართველოს ლეიბორისტული პარტია,10,,,37,,ანჟელინა,ჭავჭანიძე,ანჟელინა ჭავჭანიძე,საქართველოს ლეიბორისტული პარტია,,party_lists_2016_georgia_unified.xlsx
parl_2016,__main__,pr,labour,შალვა ნათელაშვილი - საქართველოს ლეიბორისტული პარტია,10,,,38,,სამსონი,გუგავა,სამსონი გუგავა,საქართველოს ლეიბორისტული პარტია,,party_lists_2016_georgia_unified.xlsx
parl_2016,__main__,pr,labour,შალვა ნათელაშვილი - საქართველოს ლეიბორისტული პარტია,10,,,39,,ლაშა,რაზმაძე,ლაშა რაზმაძე,საქართველოს ლეიბორისტული პარტია,,party_lists_2016_georgia_unified.xlsx
parl_2016,__main__,pr,labour,შალვა ნათელაშვილი - საქართველოს ლეიბორისტული პარტია,10,,,40,,თამარა,მიქელაძე,თამარა მიქელაძე,საქართველოს ლეიბორისტული პარტია,,party_lists_2016_georgia_unified.xlsx
parl_2016,__main__,pr,labour,შალვა ნათელაშვილი - საქართველოს ლეიბორისტული პარტია,10,,,41,,მაია,ლიპარიძე,მაია ლიპარიძე,საქართველოს ლეიბორისტული პარტია,,party_lists_2016_georgia_unified.xlsx
parl_2016,__main__,pr,labour,შალვა ნათელაშვილი - საქართველოს ლეიბორისტული პარტია,10,,,42,,ვლადიმერ,სავანელი,ვლადიმერ სავანელი,საქართველოს ლეიბორისტული პარტია,,party_lists_2016_georgia_unified.xlsx
parl_2016,__main__,pr,labour,შალვა ნათელაშვილი - საქართველოს ლეიბორისტული პარტია,10,,,43,,ჯუმბერ,გოგრიჭიანი,ჯუმბერ გოგრიჭიანი,უპარტიო,,party_lists_2016_georgia_unified.xlsx
parl_2016,__main__,pr,labour,შალვა ნათელაშვილი - საქართველოს ლეიბორისტული პარტია,10,,,44,,ტატო,მორჩილაძე,ტატო მორჩილაძე,საქართველოს ლეიბორისტული პარტია,,party_lists_2016_georgia_unified.xlsx
parl_2016,__main__,pr,labour,შალვა ნათელაშვილი - საქართველოს ლეიბორისტული პარტია,10,,,45,,ნიკოლოზ,ჭყონია,ნიკოლოზ ჭყონია,საქართველოს ლეიბორისტული პარტია,,party_lists_2016_georgia_unified.xlsx
parl_2016,__main__,pr,labour,შალვა ნათელაშვილი - საქართველოს ლეიბორისტული პარტია,10,,,46,,თათია,კიბაბიძე,თათია კიბაბიძე,საქართველოს ლეიბორისტული პარტია,,party_lists_2016_georgia_unified.xlsx
parl_2016,__main__,pr,labour,შალვა ნათელაშვილი - საქართველოს ლეიბორისტული პარტია,10,,,47,,გიორგი,სულხანიშვილი,გიორგი სულხანიშვილი,უპარტიო,,party_lists_2016_georgia_unified.xlsx
parl_2016,__main__,pr,labour,შალვა ნათელაშვილი - საქართველოს ლეიბორისტული პარტია,10,,,48,,თამაზი,ბოჯგუა,თამაზი ბოჯგუა,საქართველოს ლეიბორისტული პარტია,,party_lists_2016_georgia_unified.xlsx
parl_2016,__main__,pr,labour,შალვა ნათელაშვილი - საქართველოს ლეიბორისტული პარტია,10,,,49,,პარმენი,ბუაძე,პარმენი ბუაძე,საქართველოს ლეიბორისტული პარტია,,party_lists_2016_georgia_unified.xlsx
parl_2016,__main__,pr,labour,შალვა ნათელაშვილი - საქართველოს ლეიბორისტული პარტია,10,,,50,,ლელა,ჯმუხაძე,ლელა ჯმუხაძე,საქართველოს ლეიბორისტული პარტია,,party_lists_2016_georgia_unified.xlsx
parl_2016,__main__,pr,labour,შალვა ნათელაშვილი - საქართველოს ლეიბორისტული პარტია,10,,,51,,გიორგი,ყულოშვილი,გიორგი ყულოშვილი,საქართველოს ლეიბორისტული პარტია,,party_lists_2016_georgia_unified.xlsx
parl_2016,__main__,pr,labour,შალვა ნათელაშვილი - საქართველოს ლეიბორისტული პარტია,10,,,52,,დალი,ყარაულაშვილი,დალი ყარაულაშვილი,საქართველოს ლეიბორისტული პარტია,,party_lists_2016_georgia_unified.xlsx
parl_2016,__main__,pr,labour,შალვა ნათელაშვილი - საქართველოს ლეიბორისტული პარტია,10,,,53,,სოფიკო,გუგავა,სოფიკო გუგავა,საქართველოს ლეიბორისტული პარტია,,party_lists_2016_georgia_unified.xlsx
parl_2016,__main__,pr,labour,შალვა ნათელაშვილი - საქართველოს ლეიბორისტული პარტია,10,,,54,,ზოზანა,კოჩოიანი,ზოზანა კოჩოიანი,საქართველოს ლეიბორისტული პარტია,,party_lists_2016_georgia_unified.xlsx
parl_2016,__main__,pr,labour,შალვა ნათელაშვილი - საქართველოს ლეიბორისტული პარტია,10,,,55,,ამირანი,მახარობლიძე,ამირანი მახარობლიძე,საქართველოს ლეიბორისტული პარტია,,party_lists_2016_georgia_unified.xlsx
parl_2016,__main__,pr,labour,შალვა ნათელაშვილი - საქართველოს ლეიბორისტული პარტია,10,,,56,,ვახტანგი,ბოლოთაშვილი,ვახტანგი ბოლოთაშვილი,საქართველოს ლეიბორისტული პარტია,,party_lists_2016_georgia_unified.xlsx
parl_2016,__main__,pr,labour,შალვა ნათელაშვილი - საქართველოს ლეიბორისტული პარტია,10,,,57,,კარლო,ბერიძე,კარლო ბერიძე,საქართველოს ლეიბორისტული პარტია,,party_lists_2016_georgia_unified.xlsx
parl_2016,__main__,pr,labour,შალვა ნათელაშვილი - საქართველოს ლეიბორისტული პარტია,10,,,58,,შალვა,დავლაშერიძე,შალვა დავლაშერიძე,საქართველოს ლეიბორისტული პარტია,,party_lists_2016_georgia_unified.xlsx
parl_2016,__main__,pr,labour,შალვა ნათელაშვილი - საქართველოს ლეიბორისტული პარტია,10,,,59,,აკაკი,ჯიყაშვილი,აკაკი ჯიყაშვილი,საქართველოს ლეიბორისტული პარტია,,party_lists_2016_georgia_unified.xlsx
parl_2016,__main__,pr,labour,შალვა ნათელაშვილი - საქართველოს ლეიბორისტული პარტია,10,,,60,,ზურაბი,სეფიაშვილი,ზურაბი სეფიაშვილი,საქართველოს ლეიბორისტული პარტია,,party_lists_2016_georgia_unified.xlsx
parl_2016,__main__,pr,labour,შალვა ნათელაშვილი - საქართველოს ლეიბორისტული პარტია,10,,,61,,მერაბი,ჭუმბურიძე,მერაბი ჭუმბურიძე,საქართველოს ლეიბორისტული პარტია,,party_lists_2016_georgia_unified.xlsx
parl_2016,__main__,pr,labour,შალვა ნათელაშვილი - საქართველოს ლეიბორისტული პარტია,10,,,62,,ანა,წიკლაური,ანა წიკლაური,საქართველოს ლეიბორისტული პარტია,,party_lists_2016_georgia_unified.xlsx
parl_2016,__main__,pr,labour,შალვა ნათელაშვილი - საქართველოს ლეიბორისტული პარტია,10,,,63,,ასმათი,პატურაშვილი,ასმათი პატურაშვილი,საქართველოს ლეიბორისტული პარტია,,party_lists_2016_georgia_unified.xlsx
parl_2016,__main__,pr,labour,შალვა ნათელაშვილი - საქართველოს ლეიბორისტული პარტია,10,,,64,,ლილი,ონიანი,ლილი ონიანი,საქართველოს ლეიბორისტული პარტია,,party_lists_2016_georgia_unified.xlsx
parl_2016,__main__,pr,labour,შალვა ნათელაშვილი - საქართველოს ლეიბორისტული პარტია,10,,,65,,იმედა,გუგავა,იმედა გუგავა,საქართველოს ლეიბორისტული პარტია,,party_lists_2016_georgia_unified.xlsx
parl_2016,__main__,pr,labour,შალვა ნათელაშვილი - საქართველოს ლეიბორისტული პარტია,10,,,66,,როლანდ,ლაბუჩიძე,როლანდ ლაბუჩიძე,საქართველოს ლეიბორისტული პარტია,,party_lists_2016_georgia_unified.xlsx
parl_2016,__main__,pr,labour,შალვა ნათელაშვილი - საქართველოს ლეიბორისტული პარტია,10,,,67,,ედვარდ,მაისურაძე,ედვარდ მაისურაძე,საქართველოს ლეიბორისტული პარტია,,party_lists_2016_georgia_unified.xlsx
parl_2016,__main__,pr,labour,შალვა ნათელაშვილი - საქართველოს ლეიბორისტული პარტია,10,,,68,,იური,გიორგობიანი,იური გიორგობიანი,საქართველოს ლეიბორისტული პარტია,,party_lists_2016_georgia_unified.xlsx
parl_2016,__main__,pr,labour,შალვა ნათელაშვილი - საქართველოს ლეიბორისტული პარტია,10,,,69,,ვაჟა,ლომიაშვილი,ვაჟა ლომიაშვილი,საქართველოს ლეიბორისტული პარტია,,party_lists_2016_georgia_unified.xlsx
parl_2016,__main__,pr,labour,შალვა ნათელაშვილი - საქართველოს ლეიბორისტული პარტია,10,,,70,,სულიკო,პატურაშვილი,სულიკო პატურაშვილი,საქართველოს ლეიბორისტული პარტია,,party_lists_2016_georgia_unified.xlsx
parl_2016,__main__,pr,labour,შალვა ნათელაშვილი - საქართველოს ლეიბორისტული პარტია,10,,,71,,ივანე,ღონღაძე,ივანე ღონღაძე,საქართველოს ლეიბორისტული პარტია,,party_lists_2016_georgia_unified.xlsx
parl_2016,__main__,pr,labour,შალვა ნათელაშვილი - საქართველოს ლეიბორისტული პარტია,10,,,72,,რუსუდანი,ყანჩაველი,რუსუდანი ყანჩაველი,საქართველოს ლეიბორისტული პარტია,,party_lists_2016_georgia_unified.xlsx
parl_2016,__main__,pr,labour,შალვა ნათელაშვილი - საქართველოს ლეიბორისტული პარტია,10,,,73,,მაყვალა,კვარაცხელია,მაყვალა კვარაცხელია,საქართველოს ლეიბორისტული პარტია,,party_lists_2016_georgia_unified.xlsx
parl_2016,__main__,pr,labour,შალვა ნათელაშვილი - საქართველოს ლეიბორისტული პარტია,10,,,74,,თამარ,ჩოხელი,თამარ ჩოხელი,საქართველოს ლეიბორისტული პარტია,,party_lists_2016_georgia_unified.xlsx
parl_2016,__main__,pr,labour,შალვა ნათელაშვილი - საქართველოს ლეიბორისტული პარტია,10,,,75,,ნინა,ქავთარაძე,ნინა ქავთარაძე,საქართველოს ლეიბორისტული პარტია,,party_lists_2016_georgia_unified.xlsx
parl_2016,__main__,pr,labour,შალვა ნათელაშვილი - საქართველოს ლეიბორისტული პარტია,10,,,76,,ბაბულია,პატურაშვილი,ბაბულია პატურაშვილი,საქართველოს ლეიბორისტული პარტია,,party_lists_2016_georgia_unified.xlsx
parl_2016,__main__,pr,labour,შალვა ნათელაშვილი - საქართველოს ლეიბორისტული პარტია,10,,,77,,გიორგი,ყოჩიაშვილი,გიორგი ყოჩიაშვილი,საქართველოს ლეიბორისტული პარტია,,party_lists_2016_georgia_unified.xlsx
parl_2016,__main__,pr,labour,შალვა ნათელაშვილი - საქართველოს ლეიბორისტული პარტია,10,,,78,,იოსებ,ღვარძელაშვილი,იოსებ ღვარძელაშვილი,საქართველოს ლეიბორისტული პარტია,,party_lists_2016_georgia_unified.xlsx
parl_2016,__main__,pr,labour,შალვა ნათელაშვილი - საქართველოს ლეიბორისტული პარტია,10,,,79,,გიორგი,ბორცვაძე,გიორგი ბორცვაძე,საქართველოს ლეიბორისტული პარტია,,party_lists_2016_georgia_unified.xlsx
parl_2016,__main__,pr,labour,შალვა ნათელაშვილი - საქართველოს ლეიბორისტული პარტია,10,,,80,,შალვა,მამნიაშვილი,შალვა მამნიაშვილი,საქართველოს ლეიბორისტული პარტია,,party_lists_2016_georgia_unified.xlsx
parl_2016,__main__,pr,labour,შალვა ნათელაშვილი - საქართველოს ლეიბორისტული პარტია,10,,,81,,დავით,ხოსიტაშვილი,დავით ხოსიტაშვილი,საქართველოს ლეიბორისტული პარტია,,party_lists_2016_georgia_unified.xlsx
parl_2016,__main__,pr,labour,შალვა ნათელაშვილი - საქართველოს ლეიბორისტული პარტია,10,,,82,,მაყვალა,პაპავა,მაყვალა პაპავა,საქართველოს ლეიბორისტული პარტია,,party_lists_2016_georgia_unified.xlsx
parl_2016,__main__,pr,labour,შალვა ნათელაშვილი - საქართველოს ლეიბორისტული პარტია,10,,,83,,ლამარა,გოდელაშვილი,ლამარა გოდელაშვილი,საქართველოს ლეიბორისტული პარტია,,party_lists_2016_georgia_unified.xlsx
parl_2016,__main__,pr,labour,შალვა ნათელაშვილი - საქართველოს ლეიბორისტული პარტია,10,,,84,,ზვიადი,იმედიძე,ზვიადი იმედიძე,საქართველოს ლეიბორისტული პარტია,,party_lists_2016_georgia_unified.xlsx
parl_2016,__main__,pr,labour,შალვა ნათელაშვილი - საქართველოს ლეიბორისტული პარტია,10,,,85,,მზექალა,აბაშიძე,მზექალა აბაშიძე,საქართველოს ლეიბორისტული პარტია,,party_lists_2016_georgia_unified.xlsx
parl_2016,__main__,pr,labour,შალვა ნათელაშვილი - საქართველოს ლეიბორისტული პარტია,10,,,86,,თეა,ბარბაქაძე,თეა ბარბაქაძე,უპარტიო,,party_lists_2016_georgia_unified.xlsx
parl_2016,__main__,pr,labour,შალვა ნათელაშვილი - საქართველოს ლეიბორისტული პარტია,10,,,87,,გიორგი,ჯიმშელეიშვილი,გიორგი ჯიმშელეიშვილი,საქართველოს ლეიბორისტული პარტია,,party_lists_2016_georgia_unified.xlsx
parl_2016,__main__,pr,labour,შალვა ნათელაშვილი - საქართველოს ლეიბორისტული პარტია,10,,,88,,ლეონ,არუთინოვი,ლეონ არუთინოვი,საქართველოს ლეიბორისტული პარტია,,party_lists_2016_georgia_unified.xlsx
parl_2016,__main__,pr,labour,შალვა ნათელაშვილი - საქართველოს ლეიბორისტული პარტია,10,,,89,,გიორგი,მაისურაძე,გიორგი მაისურაძე,საქართველოს ლეიბორისტული პარტია,,party_lists_2016_georgia_unified.xlsx
parl_2016,__main__,pr,labour,შალვა ნათელაშვილი - საქართველოს ლეიბორისტული პარტია,10,,,90,,ზურაბ,ქველაძე,ზურაბ ქველაძე,საქართველოს ლეიბორისტული პარტია,,party_lists_2016_georgia_unified.xlsx
parl_2016,__main__,pr,labour,შალვა ნათელაშვილი - საქართველოს ლეიბორისტული პარტია,10,,,91,,კობა,ადამაშვილი,კობა ადამაშვილი,საქართველოს ლეიბორისტული პარტია,,party_lists_2016_georgia_unified.xlsx
parl_2016,__main__,pr,labour,შალვა ნათელაშვილი - საქართველოს ლეიბორისტული პარტია,10,,,92,,ინგა,ნაცვლიშვილი,ინგა ნაცვლიშვილი,საქართველოს ლეიბორისტული პარტია,,party_lists_2016_georgia_unified.xlsx
parl_2016,__main__,pr,labour,შალვა ნათელაშვილი - საქართველოს ლეიბორისტული პარტია,10,,,93,,ნინო,ნათელაშვილი,ნინო ნათელაშვილი,საქართველოს ლეიბორისტული პარტია,,party_lists_2016_georgia_unified.xlsx
parl_2016,__main__,pr,labour,შალვა ნათელაშვილი - საქართველოს ლეიბორისტული პარტია,10,,,94,,დალილა,ბერძნიშვილი,დალილა ბერძნიშვილი,საქართველოს ლეიბორისტული პარტია,,party_lists_2016_georgia_unified.xlsx
parl_2016,__main__,pr,labour,შალვა ნათელაშვილი - საქართველოს ლეიბორისტული პარტია,10,,,95,,ნინო,ჯამაგიძე,ნინო ჯამაგიძე,საქართველოს ლეიბორისტული პარტია,,party_lists_2016_georgia_unified.xlsx
parl_2016,__main__,pr,labour,შალვა ნათელაშვილი - საქართველოს ლეიბორისტული პარტია,10,,,96,,ია,ქუმსიაშვილი,ია ქუმსიაშვილი,საქართველოს ლეიბორისტული პარტია,,party_lists_2016_georgia_unified.xlsx
parl_2016,__main__,pr,labour,შალვა ნათელაშვილი - საქართველოს ლეიბორისტული პარტია,10,,,97,,ვახტანგი,აფციაური,ვახტანგი აფციაური,საქართველოს ლეიბორისტული პარტია,,party_lists_2016_georgia_unified.xlsx
parl_2016,__main__,pr,labour,შალვა ნათელაშვილი - საქართველოს ლეიბორისტული პარტია,10,,,98,,ნოდარ,დანელიშვილი,ნოდარ დანელიშვილი,საქართველოს ლეიბორისტული პარტია,,party_lists_2016_georgia_unified.xlsx
parl_2016,__main__,pr,labour,შალვა ნათელაშვილი - საქართველოს ლეიბორისტული პარტია,10,,,99,,თამაზ,გოგია,თამაზ გოგია,საქართველოს ლეიბორისტული პარტია,,party_lists_2016_georgia_unified.xlsx
parl_2016,__main__,pr,labour,შალვა ნათელაშვილი - საქართველოს ლეიბორისტული პარტია,10,,,100,,ავთანდილი,ოდილავაძე,ავთანდილი ოდილავაძე,საქართველოს ლეიბორისტული პარტია,,party_lists_2016_georgia_unified.xlsx
parl_2016,__main__,pr,labour,შალვა ნათელაშვილი - საქართველოს ლეიბორისტული პარტია,10,,,101,,თეიმურაზი,ჯარმელიშვილი,თეიმურაზი ჯარმელიშვილი,საქართველოს ლეიბორისტული პარტია,,party_lists_2016_georgia_unified.xlsx
parl_2016,__main__,pr,labour,შალვა ნათელაშვილი - საქართველოს ლეიბორისტული პარტია,10,,,102,,სოფიო,ხარებაშვილი,სოფიო ხარებაშვილი,საქართველოს ლეიბორისტული პარტია,,party_lists_2016_georgia_unified.xlsx
parl_2016,__main__,pr,labour,შალვა ნათელაშვილი - საქართველოს ლეიბორისტული პარტია,10,,,103,,მანანა,შარაშენიძე,მანანა შარაშენიძე,საქართველოს ლეიბორისტული პარტია,,party_lists_2016_georgia_unified.xlsx
parl_2016,__main__,pr,labour,შალვა ნათელაშვილი - საქართველოს ლეიბორისტული პარტია,10,,,104,,გვანცა,სამხარაძე,გვანცა სამხარაძე,საქართველოს ლეიბორისტული პარტია,,party_lists_2016_georgia_unified.xlsx
parl_2016,__main__,pr,labour,შალვა ნათელაშვილი - საქართველოს ლეიბორისტული პარტია,10,,,105,,მაგული,მამრიკიშვილი,მაგული მამრიკიშვილი,საქართველოს ლეიბორისტული პარტია,,party_lists_2016_georgia_unified.xlsx
parl_2016,__main__,pr,labour,შალვა ნათელაშვილი - საქართველოს ლეიბორისტული პარტია,10,,,106,,ხათუნა,ლამაზოშვილი,ხათუნა ლამაზოშვილი,საქართველოს ლეიბორისტული პარტია,,party_lists_2016_georgia_unified.xlsx
parl_2016,__main__,pr,labour,შალვა ნათელაშვილი - საქართველოს ლეიბორისტული პარტია,10,,,107,,პაატა,ნადარაია,პაატა ნადარაია,საქართველოს ლეიბორისტული პარტია,,party_lists_2016_georgia_unified.xlsx
parl_2016,__main__,pr,labour,შალვა ნათელაშვილი - საქართველოს ლეიბორისტული პარტია,10,,,108,,გიორგი,რუხაძე,გიორგი რუხაძე,საქართველოს ლეიბორისტული პარტია,,party_lists_2016_georgia_unified.xlsx
parl_2016,__main__,pr,labour,შალვა ნათელაშვილი - საქართველოს ლეიბორისტული პარტია,10,,,109,,დავითი,ქერელაშვილი,დავითი ქერელაშვილი,საქართველოს ლეიბორისტული პარტია,,party_lists_2016_georgia_unified.xlsx
parl_2016,__main__,pr,labour,შალვა ნათელაშვილი - საქართველოს ლეიბორისტული პარტია,10,,,110,,ომარი,ბურდული,ომარი ბურდული,საქართველოს ლეიბორისტული პარტია,,party_lists_2016_georgia_unified.xlsx
parl_2016,__main__,pr,labour,შალვა ნათელაშვილი - საქართველოს ლეიბორისტული პარტია,10,,,111,,უჩა,გოგიბერიძე,უჩა გოგიბერიძე,საქართველოს ლეიბორისტული პარტია,,party_lists_2016_georgia_unified.xlsx
parl_2016,__main__,pr,labour,შალვა ნათელაშვილი - საქართველოს ლეიბორისტული პარტია,10,,,112,,ჯუნა,ცისკაძე,ჯუნა ცისკაძე,საქართველოს ლეიბორისტული პარტია,,party_lists_2016_georgia_unified.xlsx
parl_2016,__main__,pr,labour,შალვა ნათელაშვილი - საქართველოს ლეიბორისტული პარტია,10,,,113,,ელენე,ნაცვლიშვილი,ელენე ნაცვლიშვილი,საქართველოს ლეიბორისტული პარტია,,party_lists_2016_georgia_unified.xlsx
parl_2016,__main__,pr,labour,შალვა ნათელაშვილი - საქართველოს ლეიბორისტული პარტია,10,,,114,,მირანდა,ჯანგველაძე,მირანდა ჯანგველაძე,საქართველოს ლეიბორისტული პარტია,,party_lists_2016_georgia_unified.xlsx
parl_2016,__main__,pr,labour,შალვა ნათელაშვილი - საქართველოს ლეიბორისტული პარტია,10,,,115,,ნანა,ბექტურაშვილი,ნანა ბექტურაშვილი,საქართველოს ლეიბორისტული პარტია,,party_lists_2016_georgia_unified.xlsx
parl_2016,__main__,pr,labour,შალვა ნათელაშვილი - საქართველოს ლეიბორისტული პარტია,10,,,116,,ნანა,ჩხაიძე,ნანა ჩხაიძე,საქართველოს ლეიბორისტული პარტია,,party_lists_2016_georgia_unified.xlsx
parl_2016,__main__,pr,labour,შალვა ნათელაშვილი - საქართველოს ლეიბორისტული პარტია,10,,,117,,არმაზი,ხუციშვილი,არმაზი ხუციშვილი,საქართველოს ლეიბორისტული პარტია,,party_lists_2016_georgia_unified.xlsx
parl_2016,__main__,pr,labour,შალვა ნათელაშვილი - საქართველოს ლეიბორისტული პარტია,10,,,118,,ლუკა,ბურძენიძე,ლუკა ბურძენიძე,საქართველოს ლეიბორისტული პარტია,,party_lists_2016_georgia_unified.xlsx
parl_2016,__main__,pr,labour,შალვა ნათელაშვილი - საქართველოს ლეიბორისტული პარტია,10,,,119,,თორნიკე,ქერელაშვილი,თორნიკე ქერელაშვილი,საქართველოს ლეიბორისტული პარტია,,party_lists_2016_georgia_unified.xlsx
parl_2016,__main__,pr,labour,შალვა ნათელაშვილი - საქართველოს ლეიბორისტული პარტია,10,,,120,,გიორგი,ქერელაშვილი,გიორგი ქერელაშვილი,საქართველოს ლეიბორისტული პარტია,,party_lists_2016_georgia_unified.xlsx
parl_2016,__main__,pr,labour,შალვა ნათელაშვილი - საქართველოს ლეიბორისტული პარტია,10,,,121,,თორნიკე,ჩალაური,თორნიკე ჩალაური,საქართველოს ლეიბორისტული პარტია,,party_lists_2016_georgia_unified.xlsx
parl_2016,__main__,pr,labour,შალვა ნათელაშვილი - საქართველოს ლეიბორისტული პარტია,10,,,122,,ნათია,მუხიგულაშვილი,ნათია მუხიგულაშვილი,საქართველოს ლეიბორისტული პარტია,,party_lists_2016_georgia_unified.xlsx
parl_2016,__main__,pr,labour,შალვა ნათელაშვილი - საქართველოს ლეიბორისტული პარტია,10,,,123,,ოლღა,ჭიჭინაძე,ოლღა ჭიჭინაძე,საქართველოს ლეიბორისტული პარტია,,party_lists_2016_georgia_unified.xlsx
parl_2016,__main__,pr,labour,შალვა ნათელაშვილი - საქართველოს ლეიბორისტული პარტია,10,,,124,,გულნაზ,მოდებაძე,გულნაზ მოდებაძე,საქართველოს ლეიბორისტული პარტია,,party_lists_2016_georgia_unified.xlsx
parl_2016,__main__,pr,labour,შალვა ნათელაშვილი - საქართველოს ლეიბორისტული პარტია,10,,,125,,სვეტლანა,მჟავია,სვეტლანა მჟავია,საქართველოს ლეიბორისტული პარტია,,party_lists_2016_georgia_unified.xlsx
parl_2016,__main__,pr,labour,შალვა ნათელაშვილი - საქართველოს ლეიბორისტული პარტია,10,,,126,,ქეთო,დევსურაშვილი,ქეთო დევსურაშვილი,საქართველოს ლეიბორისტული პარტია,,party_lists_2016_georgia_unified.xlsx
parl_2016,__main__,pr,labour,შალვა ნათელაშვილი - საქართველოს ლეიბორისტული პარტია,10,,,127,,გელა,მაღნარაძე,გელა მაღნარაძე,საქართველოს ლეიბორისტული პარტია,,party_lists_2016_georgia_unified.xlsx
parl_2016,__main__,pr,labour,შალვა ნათელაშვილი - საქართველოს ლეიბორისტული პარტია,10,,,128,,მირიან,სეხნიაშვილი,მირიან სეხნიაშვილი,საქართველოს ლეიბორისტული პარტია,,party_lists_2016_georgia_unified.xlsx
parl_2016,__main__,pr,labour,შალვა ნათელაშვილი - საქართველოს ლეიბორისტული პარტია,10,,,129,,თენგიზ,წითელაური,თენგიზ წითელაური,საქართველოს ლეიბორისტული პარტია,,party_lists_2016_georgia_unified.xlsx
parl_2016,__main__,pr,labour,შალვა ნათელაშვილი - საქართველოს ლეიბორისტული პარტია,10,,,130,,თორნიკე,ნათელაშვილი,თორნიკე ნათელაშვილი,საქართველოს ლეიბორისტული პარტია,,party_lists_2016_georgia_unified.xlsx
parl_2016,__main__,pr,labour,შალვა ნათელაშვილი - საქართველოს ლეიბორისტული პარტია,10,,,131,,კარენი,არუთინიანი,კარენი არუთინიანი,საქართველოს ლეიბორისტული პარტია,,party_lists_2016_georgia_unified.xlsx
parl_2016,__main__,pr,labour,შალვა ნათელაშვილი - საქართველოს ლეიბორისტული პარტია,10,,,132,,ქეთევან,ნათენაძე,ქეთევან ნათენაძე,საქართველოს ლეიბორისტული პარტია,,party_lists_2016_georgia_unified.xlsx
parl_2016,__main__,pr,labour,შალვა ნათელაშვილი - საქართველოს ლეიბორისტული პარტია,10,,,133,,ნადეჟდა,დოლმატოვი,ნადეჟდა დოლმატოვი,საქართველოს ლეიბორისტული პარტია,,party_lists_2016_georgia_unified.xlsx
parl_2016,__main__,pr,labour,შალვა ნათელაშვილი - საქართველოს ლეიბორისტული პარტია,10,,,134,,მარიამ,ჯავახიშვილი,მარიამ ჯავახიშვილი,საქართველოს ლეიბორისტული პარტია,,party_lists_2016_georgia_unified.xlsx
parl_2016,__main__,pr,labour,შალვა ნათელაშვილი - საქართველოს ლეიბორისტული პარტია,10,,,135,,ნათია,ბეჟანიშვილი,ნათია ბეჟანიშვილი,საქართველოს ლეიბორისტული პარტია,,party_lists_2016_georgia_unified.xlsx
parl_2016,__main__,pr,labour,შალვა ნათელაშვილი - საქართველოს ლეიბორისტული პარტია,10,,,136,,ნათია,ჩხაიძე,ნათია ჩხაიძე,საქართველოს ლეიბორისტული პარტია,,party_lists_2016_georgia_unified.xlsx
parl_2016,__main__,pr,labour,შალვა ნათელაშვილი - საქართველოს ლეიბორისტული პარტია,10,,,137,,ვასილი,რობიტაშვილი,ვასილი რობიტაშვილი,საქართველოს ლეიბორისტული პარტია,,party_lists_2016_georgia_unified.xlsx
parl_2016,__main__,pr,labour,შალვა ნათელაშვილი - საქართველოს ლეიბორისტული პარტია,10,,,138,,ბექა,იმნაძე,ბექა იმნაძე,საქართველოს ლეიბორისტული პარტია,,party_lists_2016_georgia_unified.xlsx
parl_2016,__main__,pr,labour,შალვა ნათელაშვილი - საქართველოს ლეიბორისტული პარტია,10,,,139,,ბექა,დათუაშვილი,ბექა დათუაშვილი,საქართველოს ლეიბორისტული პარტია,,party_lists_2016_georgia_unified.xlsx
parl_2016,__main__,pr,labour,შალვა ნათელაშვილი - საქართველოს ლეიბორისტული პარტია,10,,,140,,გიორგი,ქობელაშვილი,გიორგი ქობელაშვილი,საქართველოს ლეიბორისტული პარტია,,party_lists_2016_georgia_unified.xlsx
parl_2016,__main__,pr,labour,შალვა ნათელაშვილი - საქართველოს ლეიბორისტული პარტია,10,,,141,,ალიკა,ატაშიანი,ალიკა ატაშიანი,საქართველოს ლეიბორისტული პარტია,,party_lists_2016_georgia_unified.xlsx
parl_2016,__main__,pr,labour,შალვა ნათელაშვილი - საქართველოს ლეიბორისტული პარტია,10,,,142,,ნანა,დოლიაშვილი,ნანა დოლიაშვილი,-ჯამა საქართველოს ლეიბორისტული პარტია,,party_lists_2016_georgia_unified.xlsx
parl_2016,__main__,pr,labour,შალვა ნათელაშვილი - საქართველოს ლეიბორისტული პარტია,10,,,143,,სალომე,ტაბატაძე,სალომე ტაბატაძე,საქართველოს ლეიბორისტული პარტია,,party_lists_2016_georgia_unified.xlsx
parl_2016,__main__,pr,labour,შალვა ნათელაშვილი - საქართველოს ლეიბორისტული პარტია,10,,,144,,მაია,შონია,მაია შონია,საქართველოს ლეიბორისტული პარტია,,party_lists_2016_georgia_unified.xlsx
parl_2016,__main__,pr,labour,შალვა ნათელაშვილი - საქართველოს ლეიბორისტული პარტია,10,,,145,,თამარი,ქერელაშვილი,თამარი ქერელაშვილი,საქართველოს ლეიბორისტული პარტია,,party_lists_2016_georgia_unified.xlsx
parl_2016,__main__,pr,labour,შალვა ნათელაშვილი - საქართველოს ლეიბორისტული პარტია,10,,,146,,შორენა,შიუკაევა,შორენა შიუკაევა,საქართველოს ლეიბორისტული პარტია,,party_lists_2016_georgia_unified.xlsx
parl_2016,__main__,pr,labour,შალვა ნათელაშვილი - საქართველოს ლეიბორისტული პარტია,10,,,147,,დავით,ლამაზოშვილი,დავით ლამაზოშვილი,საქართველოს ლეიბორისტული პარტია,,party_lists_2016_georgia_unified.xlsx
parl_2016,__main__,pr,labour,შალვა ნათელაშვილი - საქართველოს ლეიბორისტული პარტია,10,,,148,,ოთარ,ზაქარაია,ოთარ ზაქარაია,საქართველოს ლეიბორისტული პარტია,,party_lists_2016_georgia_unified.xlsx
parl_2016,__main__,pr,labour,შალვა ნათელაშვილი - საქართველოს ლეიბორისტული პარტია,10,,,149,,რამაზ,ბართია,რამაზ ბართია,საქართველოს ლეიბორისტული პარტია,,party_lists_2016_georgia_unified.xlsx
parl_2016,__main__,pr,labour,შალვა ნათელაშვილი - საქართველოს ლეიბორისტული პარტია,10,,,150,,ამირან,ხუციანიძე,ამირან ხუციანიძე,საქართველოს ლეიბორისტული პარტია,,party_lists_2016_georgia_unified.xlsx
parl_2016,__main__,pr,labour,შალვა ნათელაშვილი - საქართველოს ლეიბორისტული პარტია,10,,,151,,ცისია,ქუმსიშვილი,ცისია ქუმსიშვილი,უპარტიო,,party_lists_2016_georgia_unified.xlsx
parl_2016,__main__,pr,labour,შალვა ნათელაშვილი - საქართველოს ლეიბორისტული პარტია,10,,,152,,ზაზა,ბოსიკაშვილი,ზაზა ბოსიკაშვილი,საქართველოს ლეიბორისტული პარტია,,party_lists_2016_georgia_unified.xlsx
parl_2016,__main__,pr,labour,შალვა ნათელაშვილი - საქართველოს ლეიბორისტული პარტია,10,,,153,,ვახტანგ,გაბედავა,ვახტანგ გაბედავა,საქართველოს ლეიბორისტული პარტია,,party_lists_2016_georgia_unified.xlsx
parl_2016,__main__,pr,labour,შალვა ნათელაშვილი - საქართველოს ლეიბორისტული პარტია,10,,,154,,კარლო,ბეგლარიშვილი,კარლო ბეგლარიშვილი,საქართველოს ლეიბორისტული პარტია,,party_lists_2016_georgia_unified.xlsx
parl_2016,__main__,pr,labour,შალვა ნათელაშვილი - საქართველოს ლეიბორისტული პარტია,10,,,155,,მიხეილი,წინწალაშვილი,მიხეილი წინწალაშვილი,საქართველოს ლეიბორისტული პარტია,,party_lists_2016_georgia_unified.xlsx
parl_2016,__main__,pr,labour,შალვა ნათელაშვილი - საქართველოს ლეიბორისტული პარტია,10,,,156,,გიორგი,ბეჟიტაშვილი,გიორგი ბეჟიტაშვილი,საქართველოს ლეიბორისტული პარტია,,party_lists_2016_georgia_unified.xlsx
parl_2016,__main__,pr,labour,შალვა ნათელაშვილი - საქართველოს ლეიბორისტული პარტია,10,,,157,,მარიამ,გიორგობიანი,მარიამ გიორგობიანი,საქართველოს ლეიბორისტული პარტია,,party_lists_2016_georgia_unified.xlsx
parl_2016,__main__,pr,labour,შალვა ნათელაშვილი - საქართველოს ლეიბორისტული პარტია,10,,,158,,თამარ,გოჩაშვილი,თამარ გოჩაშვილი,საქართველოს ლეიბორისტული პარტია,,party_lists_2016_georgia_unified.xlsx
parl_2016,__main__,pr,labour,შალვა ნათელაშვილი - საქართველოს ლეიბორისტული პარტია,10,,,159,,თამარ,რაზმაძე,თამარ რაზმაძე,საქართველოს ლეიბორისტული პარტია,,party_lists_2016_georgia_unified.xlsx
parl_2016,__main__,pr,labour,შალვა ნათელაშვილი - საქართველოს ლეიბორისტული პარტია,10,,,160,,თამარი,თივათელიძე,თამარი თივათელიძე,საქართველოს ლეიბორისტული პარტია,,party_lists_2016_georgia_unified.xlsx
parl_2016,__main__,pr,peoples_power_2016,სახალხო ხელისუფლება,11,,,1,,თამაზი,ყარალაშვილი,თამაზი ყარალაშვილი,"""სახალხო ხელისუფლება""",,party_lists_2016_georgia_unified.xlsx
parl_2016,__main__,pr,peoples_power_2016,სახალხო ხელისუფლება,11,,,2,,ნათია,ქავთარაძე,ნათია ქავთარაძე,"""სახალხო ხელისუფლება""",,party_lists_2016_georgia_unified.xlsx
parl_2016,__main__,pr,peoples_power_2016,სახალხო ხელისუფლება,11,,,3,,ლაშა,შუკაკიძე,ლაშა შუკაკიძე,უპარტიო,,party_lists_2016_georgia_unified.xlsx
parl_2016,__main__,pr,peoples_power_2016,სახალხო ხელისუფლება,11,,,4,,პაატა,გუგუჩია,პაატა გუგუჩია,უპარტიო,,party_lists_2016_georgia_unified.xlsx
parl_2016,__main__,pr,peoples_power_2016,სახალხო ხელისუფლება,11,,,5,,დილგამ,ახმედოვი,დილგამ ახმედოვი,უპარტიო,,party_lists_2016_georgia_unified.xlsx
parl_2016,__main__,pr,peoples_power_2016,სახალხო ხელისუფლება,11,,,6,,ლელა,ნაცვალაძე,ლელა ნაცვალაძე,"""სახალხო ხელისუფლება""",,party_lists_2016_georgia_unified.xlsx
parl_2016,__main__,pr,peoples_power_2016,სახალხო ხელისუფლება,11,,,7,,ნინო,კორკოტაშვილი,ნინო კორკოტაშვილი,უპარტიო,,party_lists_2016_georgia_unified.xlsx
parl_2016,__main__,pr,peoples_power_2016,სახალხო ხელისუფლება,11,,,8,,ნოდარი,ხოზრევანიძე,ნოდარი ხოზრევანიძე,უპარტიო,,party_lists_2016_georgia_unified.xlsx
parl_2016,__main__,pr,peoples_power_2016,სახალხო ხელისუფლება,11,,,9,,ეკატერინე,ჩაგელიშვილი,ეკატერინე ჩაგელიშვილი,უპარტიო,,party_lists_2016_georgia_unified.xlsx
parl_2016,__main__,pr,peoples_power_2016,სახალხო ხელისუფლება,11,,,10,,რამაზ,ჩხარტიშვილი,რამაზ ჩხარტიშვილი,უპარტიო,,party_lists_2016_georgia_unified.xlsx
parl_2016,__main__,pr,peoples_power_2016,სახალხო ხელისუფლება,11,,,11,,ალექსანდრე,ვარდუკაძე,ალექსანდრე ვარდუკაძე,უპარტიო,,party_lists_2016_georgia_unified.xlsx
parl_2016,__main__,pr,peoples_power_2016,სახალხო ხელისუფლება,11,,,12,,ნანა,სიხარულიძე,ნანა სიხარულიძე,უპარტიო,,party_lists_2016_georgia_unified.xlsx
parl_2016,__main__,pr,peoples_power_2016,სახალხო ხელისუფლება,11,,,13,,თეიმურაზ,ღლონტი,თეიმურაზ ღლონტი,უპარტიო,,party_lists_2016_georgia_unified.xlsx
parl_2016,__main__,pr,peoples_power_2016,სახალხო ხელისუფლება,11,,,14,,ინგა,ორაგველიძე,ინგა ორაგველიძე,"""სახალხო ხელისუფლება""",,party_lists_2016_georgia_unified.xlsx
parl_2016,__main__,pr,peoples_power_2016,სახალხო ხელისუფლება,11,,,15,,ხათუნა,ქუფარაშვილი,ხათუნა ქუფარაშვილი,უპარტიო,,party_lists_2016_georgia_unified.xlsx
parl_2016,__main__,pr,peoples_power_2016,სახალხო ხელისუფლება,11,,,16,,რზა,მაშადიევი,რზა მაშადიევი,უპარტიო,,party_lists_2016_georgia_unified.xlsx
parl_2016,__main__,pr,peoples_power_2016,სახალხო ხელისუფლება,11,,,17,,ლატიფ,იუსუბოვი,ლატიფ იუსუბოვი,უპარტიო,,party_lists_2016_georgia_unified.xlsx
parl_2016,__main__,pr,peoples_power_2016,სახალხო ხელისუფლება,11,,,18,,მაზახირ,ჰასანოვი,მაზახირ ჰასანოვი,უპარტიო,,party_lists_2016_georgia_unified.xlsx
parl_2016,__main__,pr,peoples_power_2016,სახალხო ხელისუფლება,11,,,19,,გიორგი,ჭყონია,გიორგი ჭყონია,უპარტიო,,party_lists_2016_georgia_unified.xlsx
parl_2016,__main__,pr,peoples_power_2016,სახალხო ხელისუფლება,11,,,20,,ოთარ,მიქელაძე,ოთარ მიქელაძე,უპარტიო,,party_lists_2016_georgia_unified.xlsx
parl_2016,__main__,pr,peoples_power_2016,სახალხო ხელისუფლება,11,,,21,,ხათუნა,ნაკაიძე,ხათუნა ნაკაიძე,უპარტიო,,party_lists_2016_georgia_unified.xlsx
parl_2016,__main__,pr,peoples_power_2016,სახალხო ხელისუფლება,11,,,22,,ვერა,პაიჭაძე,ვერა პაიჭაძე,უპარტიო,,party_lists_2016_georgia_unified.xlsx
parl_2016,__main__,pr,peoples_power_2016,სახალხო ხელისუფლება,11,,,23,,ალექსანდრა,პაიჭაძე,ალექსანდრა პაიჭაძე,უპარტიო,,party_lists_2016_georgia_unified.xlsx
parl_2016,__main__,pr,peoples_power_2016,სახალხო ხელისუფლება,11,,,24,,ალექსანდრე,მამალაძე,ალექსანდრე მამალაძე,უპარტიო,,party_lists_2016_georgia_unified.xlsx
parl_2016,__main__,pr,peoples_power_2016,სახალხო ხელისუფლება,11,,,25,,ირინე,ჯანაშია,ირინე ჯანაშია,უპარტიო,,party_lists_2016_georgia_unified.xlsx
parl_2016,__main__,pr,peoples_power_2016,სახალხო ხელისუფლება,11,,,26,,მარიამ,სალაყაია,მარიამ სალაყაია,უპარტიო,,party_lists_2016_georgia_unified.xlsx
parl_2016,__main__,pr,peoples_power_2016,სახალხო ხელისუფლება,11,,,27,,ვალი,მამედოვი,ვალი მამედოვი,უპარტიო,,party_lists_2016_georgia_unified.xlsx
parl_2016,__main__,pr,peoples_power_2016,სახალხო ხელისუფლება,11,,,28,,ლუკა,ანთიძე,ლუკა ანთიძე,უპარტიო,,party_lists_2016_georgia_unified.xlsx
parl_2016,__main__,pr,peoples_power_2016,სახალხო ხელისუფლება,11,,,29,,მურმან,ონიანი,მურმან ონიანი,უპარტიო,,party_lists_2016_georgia_unified.xlsx
parl_2016,__main__,pr,peoples_power_2016,სახალხო ხელისუფლება,11,,,30,,ავთანდილ,ლორთქიფანიძე,ავთანდილ ლორთქიფანიძე,უპარტიო,,party_lists_2016_georgia_unified.xlsx
parl_2016,__main__,pr,peoples_power_2016,სახალხო ხელისუფლება,11,,,31,,მამუკა,მახარობლიძე,მამუკა მახარობლიძე,უპარტიო,,party_lists_2016_georgia_unified.xlsx
parl_2016,__main__,pr,peoples_power_2016,სახალხო ხელისუფლება,11,,,32,,ვიდადი,აივაზოვი,ვიდადი აივაზოვი,უპარტიო,,party_lists_2016_georgia_unified.xlsx
parl_2016,__main__,pr,peoples_power_2016,სახალხო ხელისუფლება,11,,,33,,ნათია,მამალაძე,ნათია მამალაძე,უპარტიო,,party_lists_2016_georgia_unified.xlsx
parl_2016,__main__,pr,peoples_power_2016,სახალხო ხელისუფლება,11,,,34,,გიორგი,ჯულაყიძე,გიორგი ჯულაყიძე,უპარტიო,,party_lists_2016_georgia_unified.xlsx
parl_2016,__main__,pr,peoples_power_2016,სახალხო ხელისუფლება,11,,,35,,ცისანა,ღლონტი,ცისანა ღლონტი,"""სახალხო ხელისუფლება""",,party_lists_2016_georgia_unified.xlsx
parl_2016,__main__,pr,peoples_power_2016,სახალხო ხელისუფლება,11,,,36,,ვლადიმერ,ვაშალომიძე,ვლადიმერ ვაშალომიძე,"""სახალხო ხელისუფლება""",,party_lists_2016_georgia_unified.xlsx
parl_2016,__main__,pr,peoples_power_2016,სახალხო ხელისუფლება,11,,,37,,თათია,სალუქვაძე,თათია სალუქვაძე,"""სახალხო ხელისუფლება""",,party_lists_2016_georgia_unified.xlsx
parl_2016,__main__,pr,peoples_power_2016,სახალხო ხელისუფლება,11,,,38,,გივი,ღლონტი,გივი ღლონტი,უპარტიო,,party_lists_2016_georgia_unified.xlsx
parl_2016,__main__,pr,peoples_power_2016,სახალხო ხელისუფლება,11,,,39,,ნანა,სალუქვაძე,ნანა სალუქვაძე,"""სახალხო ხელისუფლება""",,party_lists_2016_georgia_unified.xlsx
parl_2016,__main__,pr,peoples_power_2016,სახალხო ხელისუფლება,11,,,40,,კახაბერ,გორდელაძე,კახაბერ გორდელაძე,უპარტიო,,party_lists_2016_georgia_unified.xlsx
parl_2016,__main__,pr,peoples_power_2016,სახალხო ხელისუფლება,11,,,41,,თამარ,ღლონტი,თამარ ღლონტი,უპარტიო,,party_lists_2016_georgia_unified.xlsx
parl_2016,__main__,pr,peoples_power_2016,სახალხო ხელისუფლება,11,,,42,,დავით,მგელაძე,დავით მგელაძე,"""სახალხო ხელისუფლება""",,party_lists_2016_georgia_unified.xlsx
parl_2016,__main__,pr,peoples_power_2016,სახალხო ხელისუფლება,11,,,43,,შორენა,ჩავლეშვილი,შორენა ჩავლეშვილი,"""სახალხო ხელისუფლება""",,party_lists_2016_georgia_unified.xlsx
parl_2016,__main__,pr,peoples_power_2016,სახალხო ხელისუფლება,11,,,44,,დავით,ვაზაგაშვილი,დავით ვაზაგაშვილი,უპარტიო,,party_lists_2016_georgia_unified.xlsx
parl_2016,__main__,pr,peoples_power_2016,სახალხო ხელისუფლება,11,,,45,,ანა,ნაცვალაძე,ანა ნაცვალაძე,უპარტიო,,party_lists_2016_georgia_unified.xlsx
parl_2016,__main__,pr,peoples_power_2016,სახალხო ხელისუფლება,11,,,46,,ნათია,ორაგველიძე,ნათია ორაგველიძე,"""სახალხო ხელისუფლება""",,party_lists_2016_georgia_unified.xlsx
parl_2016,__main__,pr,peoples_power_2016,სახალხო ხელისუფლება,11,,,47,,ჟანეტა,გორდელაძე,ჟანეტა გორდელაძე,"""სახალხო ხელისუფლება""",,party_lists_2016_georgia_unified.xlsx
parl_2016,__main__,pr,peoples_power_2016,სახალხო ხელისუფლება,11,,,48,,გიორგი,ჯავახიშვილი,გიორგი ჯავახიშვილი,უპარტიო,,party_lists_2016_georgia_unified.xlsx
parl_2016,__main__,pr,peoples_power_2016,სახალხო ხელისუფლება,11,,,49,,კახი,თავბერიძე,კახი თავბერიძე,უპარტიო,,party_lists_2016_georgia_unified.xlsx
parl_2016,__main__,pr,peoples_power_2016,სახალხო ხელისუფლება,11,,,50,,ეკატერინე,დოლიძე,ეკატერინე დოლიძე,უპარტიო,,party_lists_2016_georgia_unified.xlsx
parl_2016,__main__,pr,peoples_power_2016,სახალხო ხელისუფლება,11,,,51,,გოჩა,თალაკვაძე,გოჩა თალაკვაძე,უპარტიო,,party_lists_2016_georgia_unified.xlsx
parl_2016,__main__,pr,peoples_power_2016,სახალხო ხელისუფლება,11,,,52,,ზაზა,ხინთიბიძე,ზაზა ხინთიბიძე,უპარტიო,,party_lists_2016_georgia_unified.xlsx
parl_2016,__main__,pr,peoples_power_2016,სახალხო ხელისუფლება,11,,,53,,ზამირ,სარიშვილი,ზამირ სარიშვილი,უპარტიო,,party_lists_2016_georgia_unified.xlsx
parl_2016,__main__,pr,peoples_power_2016,სახალხო ხელისუფლება,11,,,54,,ნუკრი,პაიჭაძე,ნუკრი პაიჭაძე,უპარტიო,,party_lists_2016_georgia_unified.xlsx
parl_2016,__main__,pr,peoples_power_2016,სახალხო ხელისუფლება,11,,,55,,დიმიტრი,ჩაგელიშვილი,დიმიტრი ჩაგელიშვილი,უპარტიო,,party_lists_2016_georgia_unified.xlsx
parl_2016,__main__,pr,peoples_power_2016,სახალხო ხელისუფლება,11,,,56,,კახა,ძულიაშვილი,კახა ძულიაშვილი,უპარტიო,,party_lists_2016_georgia_unified.xlsx
parl_2016,__main__,pr,peoples_power_2016,სახალხო ხელისუფლება,11,,,57,,ანა,აბუაშვილი,ანა აბუაშვილი,უპარტიო,,party_lists_2016_georgia_unified.xlsx
parl_2016,__main__,pr,peoples_power_2016,სახალხო ხელისუფლება,11,,,58,,დიანა,ბასკაკოვი,დიანა ბასკაკოვი,უპარტიო,,party_lists_2016_georgia_unified.xlsx
parl_2016,__main__,pr,peoples_power_2016,სახალხო ხელისუფლება,11,,,59,,ზვიადი,ძულიაშვილი,ზვიადი ძულიაშვილი,უპარტიო,,party_lists_2016_georgia_unified.xlsx
parl_2016,__main__,pr,peoples_power_2016,სახალხო ხელისუფლება,11,,,60,,გელა,ვარსიმაშვილი,გელა ვარსიმაშვილი,უპარტიო,,party_lists_2016_georgia_unified.xlsx
parl_2016,__main__,pr,peoples_power_2016,სახალხო ხელისუფლება,11,,,61,,ომარ,გორგაძე,ომარ გორგაძე,უპარტიო,,party_lists_2016_georgia_unified.xlsx
parl_2016,__main__,pr,peoples_power_2016,სახალხო ხელისუფლება,11,,,62,,ირაკლი,ხოზრევანიძე,ირაკლი ხოზრევანიძე,უპარტიო,,party_lists_2016_georgia_unified.xlsx
parl_2016,__main__,pr,peoples_power_2016,სახალხო ხელისუფლება,11,,,63,,არჩილ,ირემაძე,არჩილ ირემაძე,უპარტიო,,party_lists_2016_georgia_unified.xlsx
parl_2016,__main__,pr,peoples_power_2016,სახალხო ხელისუფლება,11,,,64,,ზაირა,ხურციძე,ზაირა ხურციძე,უპარტიო,,party_lists_2016_georgia_unified.xlsx
parl_2016,__main__,pr,peoples_power_2016,სახალხო ხელისუფლება,11,,,65,,მანანა,გორდელაძე,მანანა გორდელაძე,უპარტიო,,party_lists_2016_georgia_unified.xlsx
parl_2016,__main__,pr,peoples_power_2016,სახალხო ხელისუფლება,11,,,66,,ირინა,მგელაძე,ირინა მგელაძე,უპარტიო,,party_lists_2016_georgia_unified.xlsx
parl_2016,__main__,pr,peoples_power_2016,სახალხო ხელისუფლება,11,,,67,,ლალი,კალანდარიშვილი,ლალი კალანდარიშვილი,უპარტიო,,party_lists_2016_georgia_unified.xlsx
parl_2016,__main__,pr,peoples_power_2016,სახალხო ხელისუფლება,11,,,68,,ციალა,გორდელაძე,ციალა გორდელაძე,უპარტიო,,party_lists_2016_georgia_unified.xlsx
parl_2016,__main__,pr,peoples_power_2016,სახალხო ხელისუფლება,11,,,69,,პაატა,გორდელაძე,პაატა გორდელაძე,უპარტიო,,party_lists_2016_georgia_unified.xlsx
parl_2016,__main__,pr,peoples_power_2016,სახალხო ხელისუფლება,11,,,70,,ალექსანდრე,მგელაძე,ალექსანდრე მგელაძე,უპარტიო,,party_lists_2016_georgia_unified.xlsx
parl_2016,__main__,pr,peoples_power_2016,სახალხო ხელისუფლება,11,,,71,,იზა,ღაჟონია,იზა ღაჟონია,უპარტიო,,party_lists_2016_georgia_unified.xlsx
parl_2016,__main__,pr,peoples_power_2016,სახალხო ხელისუფლება,11,,,72,,ამბაკო,გოლიაძე,ამბაკო გოლიაძე,უპარტიო,,party_lists_2016_georgia_unified.xlsx
parl_2016,__main__,pr,peoples_power_2016,სახალხო ხელისუფლება,11,,,73,,დავით,გოლიაძე,დავით გოლიაძე,უპარტიო,,party_lists_2016_georgia_unified.xlsx
parl_2016,__main__,pr,peoples_power_2016,სახალხო ხელისუფლება,11,,,74,,ნინო,ქორიძე,ნინო ქორიძე,უპარტიო,,party_lists_2016_georgia_unified.xlsx
parl_2016,__main__,pr,peoples_power_2016,სახალხო ხელისუფლება,11,,,75,,გიორგი,მგელაძე,გიორგი მგელაძე,უპარტიო,,party_lists_2016_georgia_unified.xlsx
parl_2016,__main__,pr,peoples_power_2016,სახალხო ხელისუფლება,11,,,76,,ნუნუ,შალიკავა,ნუნუ შალიკავა,უპარტიო,,party_lists_2016_georgia_unified.xlsx
parl_2016,__main__,pr,peoples_power_2016,სახალხო ხელისუფლება,11,,,77,,შოთა,სალუქვაძე,შოთა სალუქვაძე,უპარტიო,,party_lists_2016_georgia_unified.xlsx
parl_2016,__main__,pr,peoples_power_2016,სახალხო ხელისუფლება,11,,,78,,ოთარი,შარიფაშვილი,ოთარი შარიფაშვილი,უპარტიო,,party_lists_2016_georgia_unified.xlsx
parl_2016,__main__,pr,peoples_power_2016,სახალხო ხელისუფლება,11,,,79,,თინათინ,მათურელი,თინათინ მათურელი,უპარტიო,,party_lists_2016_georgia_unified.xlsx
parl_2016,__main__,pr,peoples_power_2016,სახალხო ხელისუფლება,11,,,80,,დავით,ცინცაძე,დავით ცინცაძე,უპარტიო,,party_lists_2016_georgia_unified.xlsx
parl_2016,__main__,pr,peoples_power_2016,სახალხო ხელისუფლება,11,,,81,,ნონა,ხარაიშვილი,ნონა ხარაიშვილი,უპარტიო,,party_lists_2016_georgia_unified.xlsx
parl_2016,__main__,pr,peoples_power_2016,სახალხო ხელისუფლება,11,,,82,,ნიკა,გუგუჩია,ნიკა გუგუჩია,უპარტიო,,party_lists_2016_georgia_unified.xlsx
parl_2016,__main__,pr,peoples_power_2016,სახალხო ხელისუფლება,11,,,83,,დომენტი,ბარიხაშვილი,დომენტი ბარიხაშვილი,უპარტიო,,party_lists_2016_georgia_unified.xlsx
parl_2016,__main__,pr,peoples_power_2016,სახალხო ხელისუფლება,11,,,84,,ალექსანდრე,ტავლალაშვილი,ალექსანდრე ტავლალაშვილი,უპარტიო,,party_lists_2016_georgia_unified.xlsx
parl_2016,__main__,pr,peoples_power_2016,სახალხო ხელისუფლება,11,,,85,,თეიმურაზი,შაკიაშვილი,თეიმურაზი შაკიაშვილი,უპარტიო,,party_lists_2016_georgia_unified.xlsx
parl_2016,__main__,pr,peoples_power_2016,სახალხო ხელისუფლება,11,,,86,,აკაკი,ჩახვაშვილი,აკაკი ჩახვაშვილი,უპარტიო,,party_lists_2016_georgia_unified.xlsx
parl_2016,__main__,pr,peoples_power_2016,სახალხო ხელისუფლება,11,,,87,,მარიამი,კავკავაშვილი,მარიამი კავკავაშვილი,უპარტიო,,party_lists_2016_georgia_unified.xlsx
parl_2016,__main__,pr,peoples_power_2016,სახალხო ხელისუფლება,11,,,88,,გივი,ლეკბორაშვილი,გივი ლეკბორაშვილი,უპარტიო,,party_lists_2016_georgia_unified.xlsx
parl_2016,__main__,pr,peoples_power_2016,სახალხო ხელისუფლება,11,,,89,,ია,ტავლალაშვილი,ია ტავლალაშვილი,უპარტიო,,party_lists_2016_georgia_unified.xlsx
parl_2016,__main__,pr,peoples_power_2016,სახალხო ხელისუფლება,11,,,90,,ავთო,ხუნაშვილი,ავთო ხუნაშვილი,უპარტიო,,party_lists_2016_georgia_unified.xlsx
parl_2016,__main__,pr,peoples_power_2016,სახალხო ხელისუფლება,11,,,91,,სოლომონ,ტავლალაშვილი,სოლომონ ტავლალაშვილი,უპარტიო,,party_lists_2016_georgia_unified.xlsx
parl_2016,__main__,pr,peoples_power_2016,სახალხო ხელისუფლება,11,,,92,,რომან,მამალაძე,რომან მამალაძე,უპარტიო,,party_lists_2016_georgia_unified.xlsx
parl_2016,__main__,pr,peoples_power_2016,სახალხო ხელისუფლება,11,,,93,,მანანა,ხვედელიძე,მანანა ხვედელიძე,უპარტიო,,party_lists_2016_georgia_unified.xlsx
parl_2016,__main__,pr,peoples_power_2016,სახალხო ხელისუფლება,11,,,94,,თემური,კიკალიშვილი,თემური კიკალიშვილი,უპარტიო,,party_lists_2016_georgia_unified.xlsx
parl_2016,__main__,pr,peoples_power_2016,სახალხო ხელისუფლება,11,,,95,,დავით,ღვინჯილია,დავით ღვინჯილია,უპარტიო,,party_lists_2016_georgia_unified.xlsx
parl_2016,__main__,pr,peoples_power_2016,სახალხო ხელისუფლება,11,,,96,,აკაკი,ოსიყმიშვილი,აკაკი ოსიყმიშვილი,უპარტიო,,party_lists_2016_georgia_unified.xlsx
parl_2016,__main__,pr,peoples_power_2016,სახალხო ხელისუფლება,11,,,97,,მალხაზ,ჩიტიშვილი,მალხაზ ჩიტიშვილი,უპარტიო,,party_lists_2016_georgia_unified.xlsx
parl_2016,__main__,pr,peoples_power_2016,სახალხო ხელისუფლება,11,,,98,,ლენა,მამალაძე,ლენა მამალაძე,უპარტიო,,party_lists_2016_georgia_unified.xlsx
parl_2016,__main__,pr,peoples_power_2016,სახალხო ხელისუფლება,11,,,99,,ლიანა,პაიჭაძე,ლიანა პაიჭაძე,"""სახალხო ხელისუფლება""",,party_lists_2016_georgia_unified.xlsx
parl_2016,__main__,pr,peoples_power_2016,სახალხო ხელისუფლება,11,,,100,,გიგა,ჯულაყიძე,გიგა ჯულაყიძე,უპარტიო,,party_lists_2016_georgia_unified.xlsx
parl_2016,__main__,pr,peoples_power_2016,სახალხო ხელისუფლება,11,,,101,,ნიკა,ცინცაძე,ნიკა ცინცაძე,უპარტიო,,party_lists_2016_georgia_unified.xlsx
parl_2016,__main__,pr,peoples_power_2016,სახალხო ხელისუფლება,11,,,102,,გიორგი,ყაველაშვილი,გიორგი ყაველაშვილი,უპარტიო,,party_lists_2016_georgia_unified.xlsx
parl_2016,__main__,pr,peoples_power_2016,სახალხო ხელისუფლება,11,,,103,,ნათია,ბუჯიაშვილი,ნათია ბუჯიაშვილი,უპარტიო,,party_lists_2016_georgia_unified.xlsx
parl_2016,__main__,pr,peoples_power_2016,სახალხო ხელისუფლება,11,,,104,,რუსუდანა,ზაზაძე,რუსუდანა ზაზაძე,უპარტიო,,party_lists_2016_georgia_unified.xlsx
parl_2016,__main__,pr,peoples_power_2016,სახალხო ხელისუფლება,11,,,105,,გურამ,მამალაძე,გურამ მამალაძე,უპარტიო,,party_lists_2016_georgia_unified.xlsx
parl_2016,__main__,pr,peoples_power_2016,სახალხო ხელისუფლება,11,,,106,,ვასილი,ტურიაშვილი,ვასილი ტურიაშვილი,უპარტიო,,party_lists_2016_georgia_unified.xlsx
parl_2016,__main__,pr,peoples_power_2016,სახალხო ხელისუფლება,11,,,107,,შალვა,კორაშვილი,შალვა კორაშვილი,უპარტიო,,party_lists_2016_georgia_unified.xlsx
parl_2016,__main__,pr,communist_stalinist,საქართველოს კომუნისტური პარტია - სტალინელები (ივანე წიკლაური),12,,,1,,ვლადიმერ,ბედუკაძე,ვლადიმერ ბედუკაძე,უპარტიო,,party_lists_2016_georgia_unified.xlsx
parl_2016,__main__,pr,communist_stalinist,საქართველოს კომუნისტური პარტია - სტალინელები (ივანე წიკლაური),12,,,2,,თეიმურაზ,ხაჩიშვილი,თეიმურაზ ხაჩიშვილი,უპარტიო,,party_lists_2016_georgia_unified.xlsx
parl_2016,__main__,pr,communist_stalinist,საქართველოს კომუნისტური პარტია - სტალინელები (ივანე წიკლაური),12,,,3,,ივანე,წიკლაური,ივანე წიკლაური,"""საქართველოს კომუნისტური პარტია""",,party_lists_2016_georgia_unified.xlsx
parl_2016,__main__,pr,communist_stalinist,საქართველოს კომუნისტური პარტია - სტალინელები (ივანე წიკლაური),12,,,4,,ვილჰემ,მახარაძე,ვილჰემ მახარაძე,"""საქართველოს კომუნისტური პარტია""",,party_lists_2016_georgia_unified.xlsx
parl_2016,__main__,pr,communist_stalinist,საქართველოს კომუნისტური პარტია - სტალინელები (ივანე წიკლაური),12,,,5,,ზურაბ,ჭუმბურიძე,ზურაბ ჭუმბურიძე,უპარტიო,,party_lists_2016_georgia_unified.xlsx
parl_2016,__main__,pr,communist_stalinist,საქართველოს კომუნისტური პარტია - სტალინელები (ივანე წიკლაური),12,,,6,,ამირან,ლუაშვილი,ამირან ლუაშვილი,უპარტიო,,party_lists_2016_georgia_unified.xlsx
parl_2016,__main__,pr,communist_stalinist,საქართველოს კომუნისტური პარტია - სტალინელები (ივანე წიკლაური),12,,,7,,მამუკა,ბაინდურაშვილი,მამუკა ბაინდურაშვილი,უპარტიო,,party_lists_2016_georgia_unified.xlsx
parl_2016,__main__,pr,communist_stalinist,საქართველოს კომუნისტური პარტია - სტალინელები (ივანე წიკლაური),12,,,8,,მანანა,ხეჩიკაშვილი,მანანა ხეჩიკაშვილი,უპარტიო,,party_lists_2016_georgia_unified.xlsx
parl_2016,__main__,pr,communist_stalinist,საქართველოს კომუნისტური პარტია - სტალინელები (ივანე წიკლაური),12,,,9,,ნიკოლოზ,გოგუაძე,ნიკოლოზ გოგუაძე,უპარტიო,,party_lists_2016_georgia_unified.xlsx
parl_2016,__main__,pr,communist_stalinist,საქართველოს კომუნისტური პარტია - სტალინელები (ივანე წიკლაური),12,,,10,,დავითი,სამუნაშვილი,დავითი სამუნაშვილი,უპარტიო,,party_lists_2016_georgia_unified.xlsx
parl_2016,__main__,pr,communist_stalinist,საქართველოს კომუნისტური პარტია - სტალინელები (ივანე წიკლაური),12,,,11,,ტერენტი,ობოლაძე,ტერენტი ობოლაძე,უპარტიო,,party_lists_2016_georgia_unified.xlsx
parl_2016,__main__,pr,communist_stalinist,საქართველოს კომუნისტური პარტია - სტალინელები (ივანე წიკლაური),12,,,12,,ირაკლი,ჩუბინიძე,ირაკლი ჩუბინიძე,უპარტიო,,party_lists_2016_georgia_unified.xlsx
parl_2016,__main__,pr,communist_stalinist,საქართველოს კომუნისტური პარტია - სტალინელები (ივანე წიკლაური),12,,,13,,კუკური,შონია,კუკური შონია,უპარტიო,,party_lists_2016_georgia_unified.xlsx
parl_2016,__main__,pr,communist_stalinist,საქართველოს კომუნისტური პარტია - სტალინელები (ივანე წიკლაური),12,,,14,,გელა,ადუაშვილი,გელა ადუაშვილი,უპარტიო,,party_lists_2016_georgia_unified.xlsx
parl_2016,__main__,pr,communist_stalinist,საქართველოს კომუნისტური პარტია - სტალინელები (ივანე წიკლაური),12,,,15,,მალხაზ,ხაბაზი,მალხაზ ხაბაზი,უპარტიო,,party_lists_2016_georgia_unified.xlsx
parl_2016,__main__,pr,communist_stalinist,საქართველოს კომუნისტური პარტია - სტალინელები (ივანე წიკლაური),12,,,16,,ტრისტან,მოლაშხია,ტრისტან მოლაშხია,უპარტიო,,party_lists_2016_georgia_unified.xlsx
parl_2016,__main__,pr,communist_stalinist,საქართველოს კომუნისტური პარტია - სტალინელები (ივანე წიკლაური),12,,,17,,იური,ყვარელაშვილი,იური ყვარელაშვილი,"""საქართველოს კომუნისტური პარტია""",,party_lists_2016_georgia_unified.xlsx
parl_2016,__main__,pr,communist_stalinist,საქართველოს კომუნისტური პარტია - სტალინელები (ივანე წიკლაური),12,,,18,,მევლუდი,იობაშვილი,მევლუდი იობაშვილი,უპარტიო,,party_lists_2016_georgia_unified.xlsx
parl_2016,__main__,pr,communist_stalinist,საქართველოს კომუნისტური პარტია - სტალინელები (ივანე წიკლაური),12,,,19,,შიო,ობოლაძე,შიო ობოლაძე,უპარტიო,,party_lists_2016_georgia_unified.xlsx
parl_2016,__main__,pr,communist_stalinist,საქართველოს კომუნისტური პარტია - სტალინელები (ივანე წიკლაური),12,,,20,,გრიგოლ,მეკარიშვილი,გრიგოლ მეკარიშვილი,უპარტიო,,party_lists_2016_georgia_unified.xlsx
parl_2016,__main__,pr,communist_stalinist,საქართველოს კომუნისტური პარტია - სტალინელები (ივანე წიკლაური),12,,,21,,ნიკოლოზი,ბიჭიკაშვილი,ნიკოლოზი ბიჭიკაშვილი,უპარტიო,,party_lists_2016_georgia_unified.xlsx
parl_2016,__main__,pr,communist_stalinist,საქართველოს კომუნისტური პარტია - სტალინელები (ივანე წიკლაური),12,,,22,,გურამ,ფოჩხუა,გურამ ფოჩხუა,უპარტიო,,party_lists_2016_georgia_unified.xlsx
parl_2016,__main__,pr,communist_stalinist,საქართველოს კომუნისტური პარტია - სტალინელები (ივანე წიკლაური),12,,,23,,ზურაბ,ანდრონიკაშვილი,ზურაბ ანდრონიკაშვილი,უპარტიო,,party_lists_2016_georgia_unified.xlsx
parl_2016,__main__,pr,communist_stalinist,საქართველოს კომუნისტური პარტია - სტალინელები (ივანე წიკლაური),12,,,24,,დავითი,გორელიშვილი,დავითი გორელიშვილი,უპარტიო,,party_lists_2016_georgia_unified.xlsx
parl_2016,__main__,pr,communist_stalinist,საქართველოს კომუნისტური პარტია - სტალინელები (ივანე წიკლაური),12,,,25,,ნატაშა,ჭელიძე,ნატაშა ჭელიძე,უპარტიო,,party_lists_2016_georgia_unified.xlsx
parl_2016,__main__,pr,communist_stalinist,საქართველოს კომუნისტური პარტია - სტალინელები (ივანე წიკლაური),12,,,26,,ელდარ,გეწაძე,ელდარ გეწაძე,უპარტიო,,party_lists_2016_georgia_unified.xlsx
parl_2016,__main__,pr,communist_stalinist,საქართველოს კომუნისტური პარტია - სტალინელები (ივანე წიკლაური),12,,,27,,არჩილი,მურცხვალაძე,არჩილი მურცხვალაძე,უპარტიო,,party_lists_2016_georgia_unified.xlsx
parl_2016,__main__,pr,communist_stalinist,საქართველოს კომუნისტური პარტია - სტალინელები (ივანე წიკლაური),12,,,28,,ბონდო,გიორგაძე,ბონდო გიორგაძე,უპარტიო,,party_lists_2016_georgia_unified.xlsx
parl_2016,__main__,pr,communist_stalinist,საქართველოს კომუნისტური პარტია - სტალინელები (ივანე წიკლაური),12,,,29,,არჩილ,იოსელიანი,არჩილ იოსელიანი,უპარტიო,,party_lists_2016_georgia_unified.xlsx
parl_2016,__main__,pr,communist_stalinist,საქართველოს კომუნისტური პარტია - სტალინელები (ივანე წიკლაური),12,,,30,,ეთერი,ტერაშვილი,ეთერი ტერაშვილი,უპარტიო,,party_lists_2016_georgia_unified.xlsx
parl_2016,__main__,pr,communist_stalinist,საქართველოს კომუნისტური პარტია - სტალინელები (ივანე წიკლაური),12,,,31,,აკიფ,ბახტიაროვი,აკიფ ბახტიაროვი,უპარტიო,,party_lists_2016_georgia_unified.xlsx
parl_2016,__main__,pr,communist_stalinist,საქართველოს კომუნისტური პარტია - სტალინელები (ივანე წიკლაური),12,,,32,,კახაბერ,მახარაძე,კახაბერ მახარაძე,უპარტიო,,party_lists_2016_georgia_unified.xlsx
parl_2016,__main__,pr,communist_stalinist,საქართველოს კომუნისტური პარტია - სტალინელები (ივანე წიკლაური),12,,,33,,თამაზ,ჯალაღონია,თამაზ ჯალაღონია,უპარტიო,,party_lists_2016_georgia_unified.xlsx
parl_2016,__main__,pr,communist_stalinist,საქართველოს კომუნისტური პარტია - სტალინელები (ივანე წიკლაური),12,,,34,,დავით,ხაჩიშვილი,დავით ხაჩიშვილი,უპარტიო,,party_lists_2016_georgia_unified.xlsx
parl_2016,__main__,pr,communist_stalinist,საქართველოს კომუნისტური პარტია - სტალინელები (ივანე წიკლაური),12,,,35,,ლენა,მოდებაძე,ლენა მოდებაძე,უპარტიო,,party_lists_2016_georgia_unified.xlsx
parl_2016,__main__,pr,communist_stalinist,საქართველოს კომუნისტური პარტია - სტალინელები (ივანე წიკლაური),12,,,36,,თეიმურაზ,ჯანიკაშვილი,თეიმურაზ ჯანიკაშვილი,უპარტიო,,party_lists_2016_georgia_unified.xlsx
parl_2016,__main__,pr,communist_stalinist,საქართველოს კომუნისტური პარტია - სტალინელები (ივანე წიკლაური),12,,,37,,აკაკი,თუთბერიძე,აკაკი თუთბერიძე,უპარტიო,,party_lists_2016_georgia_unified.xlsx
parl_2016,__main__,pr,communist_stalinist,საქართველოს კომუნისტური პარტია - სტალინელები (ივანე წიკლაური),12,,,38,,კუკური,ლაცაბიძე,კუკური ლაცაბიძე,უპარტიო,,party_lists_2016_georgia_unified.xlsx
parl_2016,__main__,pr,communist_stalinist,საქართველოს კომუნისტური პარტია - სტალინელები (ივანე წიკლაური),12,,,39,,დემური,ხურცილავა,დემური ხურცილავა,უპარტიო,,party_lists_2016_georgia_unified.xlsx
parl_2016,__main__,pr,communist_stalinist,საქართველოს კომუნისტური პარტია - სტალინელები (ივანე წიკლაური),12,,,40,,გიორგი,გოგუაძე,გიორგი გოგუაძე,უპარტიო,,party_lists_2016_georgia_unified.xlsx
parl_2016,__main__,pr,communist_stalinist,საქართველოს კომუნისტური პარტია - სტალინელები (ივანე წიკლაური),12,,,41,,რომან,წამალაიძე,რომან წამალაიძე,უპარტიო,,party_lists_2016_georgia_unified.xlsx
parl_2016,__main__,pr,communist_stalinist,საქართველოს კომუნისტური პარტია - სტალინელები (ივანე წიკლაური),12,,,42,,ჯუმბერ,გოგრიაშვილი,ჯუმბერ გოგრიაშვილი,უპარტიო,,party_lists_2016_georgia_unified.xlsx
parl_2016,__main__,pr,communist_stalinist,საქართველოს კომუნისტური პარტია - სტალინელები (ივანე წიკლაური),12,,,43,,თეიმურაზ,ჩხეიძე,თეიმურაზ ჩხეიძე,უპარტიო,,party_lists_2016_georgia_unified.xlsx
parl_2016,__main__,pr,communist_stalinist,საქართველოს კომუნისტური პარტია - სტალინელები (ივანე წიკლაური),12,,,44,,დავით,მოდებაძე,დავით მოდებაძე,"""საქართველოს კომუნისტური პარტია""",,party_lists_2016_georgia_unified.xlsx
parl_2016,__main__,pr,communist_stalinist,საქართველოს კომუნისტური პარტია - სტალინელები (ივანე წიკლაური),12,,,45,,მიხეილი,გავაშელიშვილი,მიხეილი გავაშელიშვილი,"""საქართველოს კომუნისტური პარტია""",,party_lists_2016_georgia_unified.xlsx
parl_2016,__main__,pr,communist_stalinist,საქართველოს კომუნისტური პარტია - სტალინელები (ივანე წიკლაური),12,,,46,,როლანდ,მურცხვალაძე,როლანდ მურცხვალაძე,"""საქართველოს კომუნისტური პარტია""",,party_lists_2016_georgia_unified.xlsx
parl_2016,__main__,pr,communist_stalinist,საქართველოს კომუნისტური პარტია - სტალინელები (ივანე წიკლაური),12,,,47,,ნოდარი,ქველაძე,ნოდარი ქველაძე,"""საქართველოს კომუნისტური პარტია""",,party_lists_2016_georgia_unified.xlsx
parl_2016,__main__,pr,communist_stalinist,საქართველოს კომუნისტური პარტია - სტალინელები (ივანე წიკლაური),12,,,48,,ჯუანშერ,შონია,ჯუანშერ შონია,უპარტიო,,party_lists_2016_georgia_unified.xlsx
parl_2016,__main__,pr,communist_stalinist,საქართველოს კომუნისტური პარტია - სტალინელები (ივანე წიკლაური),12,,,49,,რევაზ,კიბორძალიძე,რევაზ კიბორძალიძე,უპარტიო,,party_lists_2016_georgia_unified.xlsx
parl_2016,__main__,pr,communist_stalinist,საქართველოს კომუნისტური პარტია - სტალინელები (ივანე წიკლაური),12,,,50,,ვასილი,წიკლაური,ვასილი წიკლაური,"""საქართველოს კომუნისტური პარტია""",,party_lists_2016_georgia_unified.xlsx
parl_2016,__main__,pr,communist_stalinist,საქართველოს კომუნისტური პარტია - სტალინელები (ივანე წიკლაური),12,,,51,,ბესარიონ,გოძიაშვილი,ბესარიონ გოძიაშვილი,უპარტიო,,party_lists_2016_georgia_unified.xlsx
parl_2016,__main__,pr,communist_stalinist,საქართველოს კომუნისტური პარტია - სტალინელები (ივანე წიკლაური),12,,,52,,მარინე,კოკოზაშვილი,მარინე კოკოზაშვილი,უპარტიო,,party_lists_2016_georgia_unified.xlsx
parl_2016,__main__,pr,communist_stalinist,საქართველოს კომუნისტური პარტია - სტალინელები (ივანე წიკლაური),12,,,53,,ნათია,ალიაშვილი,ნათია ალიაშვილი,უპარტიო,,party_lists_2016_georgia_unified.xlsx
parl_2016,__main__,pr,communist_stalinist,საქართველოს კომუნისტური პარტია - სტალინელები (ივანე წიკლაური),12,,,54,,ზიზი,ჯამასპიშვილი,ზიზი ჯამასპიშვილი,უპარტიო,,party_lists_2016_georgia_unified.xlsx
parl_2016,__main__,pr,communist_stalinist,საქართველოს კომუნისტური პარტია - სტალინელები (ივანე წიკლაური),12,,,55,,მანანა,გოგინაშვილი,მანანა გოგინაშვილი,უპარტიო,,party_lists_2016_georgia_unified.xlsx
parl_2016,__main__,pr,communist_stalinist,საქართველოს კომუნისტური პარტია - სტალინელები (ივანე წიკლაური),12,,,56,,ვლადიმერი,მიქაძე,ვლადიმერი მიქაძე,"""საქართველოს კომუნისტური პარტია""",,party_lists_2016_georgia_unified.xlsx
parl_2016,__main__,pr,communist_stalinist,საქართველოს კომუნისტური პარტია - სტალინელები (ივანე წიკლაური),12,,,57,,ნატო,ბაკურაძე,ნატო ბაკურაძე,უპარტიო,,party_lists_2016_georgia_unified.xlsx
parl_2016,__main__,pr,communist_stalinist,საქართველოს კომუნისტური პარტია - სტალინელები (ივანე წიკლაური),12,,,58,,თამარ,ფულარია,თამარ ფულარია,უპარტიო,,party_lists_2016_georgia_unified.xlsx
parl_2016,__main__,pr,communist_stalinist,საქართველოს კომუნისტური პარტია - სტალინელები (ივანე წიკლაური),12,,,59,,მადონა,კახიძე,მადონა კახიძე,უპარტიო,,party_lists_2016_georgia_unified.xlsx
parl_2016,__main__,pr,communist_stalinist,საქართველოს კომუნისტური პარტია - სტალინელები (ივანე წიკლაური),12,,,60,,ზვიად,ლანჩავა,ზვიად ლანჩავა,უპარტიო,,party_lists_2016_georgia_unified.xlsx
parl_2016,__main__,pr,communist_stalinist,საქართველოს კომუნისტური პარტია - სტალინელები (ივანე წიკლაური),12,,,61,,ირინე,ჩხიკვაძე,ირინე ჩხიკვაძე,უპარტიო,,party_lists_2016_georgia_unified.xlsx
parl_2016,__main__,pr,communist_stalinist,საქართველოს კომუნისტური პარტია - სტალინელები (ივანე წიკლაური),12,,,62,,ირაკლი,ანდრონიკაშვილი,ირაკლი ანდრონიკაშვილი,უპარტიო,,party_lists_2016_georgia_unified.xlsx
parl_2016,__main__,pr,communist_stalinist,საქართველოს კომუნისტური პარტია - სტალინელები (ივანე წიკლაური),12,,,63,,მირიან,ადამაძე,მირიან ადამაძე,უპარტიო,,party_lists_2016_georgia_unified.xlsx
parl_2016,__main__,pr,communist_stalinist,საქართველოს კომუნისტური პარტია - სტალინელები (ივანე წიკლაური),12,,,64,,შორენა,ტალახაძე,შორენა ტალახაძე,უპარტიო,,party_lists_2016_georgia_unified.xlsx
parl_2016,__main__,pr,communist_stalinist,საქართველოს კომუნისტური პარტია - სტალინელები (ივანე წიკლაური),12,,,65,,ნინო,ცხადაძე,ნინო ცხადაძე,უპარტიო,,party_lists_2016_georgia_unified.xlsx
parl_2016,__main__,pr,communist_stalinist,საქართველოს კომუნისტური პარტია - სტალინელები (ივანე წიკლაური),12,,,66,,გიორგი,შადური,გიორგი შადური,უპარტიო,,party_lists_2016_georgia_unified.xlsx
parl_2016,__main__,pr,communist_stalinist,საქართველოს კომუნისტური პარტია - სტალინელები (ივანე წიკლაური),12,,,67,,იბრაჰიმ,კასუმოვი,იბრაჰიმ კასუმოვი,უპარტიო,,party_lists_2016_georgia_unified.xlsx
parl_2016,__main__,pr,communist_stalinist,საქართველოს კომუნისტური პარტია - სტალინელები (ივანე წიკლაური),12,,,68,,რამილ,ბაბაევი,რამილ ბაბაევი,უპარტიო,,party_lists_2016_georgia_unified.xlsx
parl_2016,__main__,pr,communist_stalinist,საქართველოს კომუნისტური პარტია - სტალინელები (ივანე წიკლაური),12,,,69,,რუსუდანი,გამყრელიძე,რუსუდანი გამყრელიძე,უპარტიო,,party_lists_2016_georgia_unified.xlsx
parl_2016,__main__,pr,communist_stalinist,საქართველოს კომუნისტური პარტია - სტალინელები (ივანე წიკლაური),12,,,70,,ბორის,კაციტაძე,ბორის კაციტაძე,უპარტიო,,party_lists_2016_georgia_unified.xlsx
parl_2016,__main__,pr,communist_stalinist,საქართველოს კომუნისტური პარტია - სტალინელები (ივანე წიკლაური),12,,,71,,მიხეილ,ბუცურეიშვილი,მიხეილ ბუცურეიშვილი,უპარტიო,,party_lists_2016_georgia_unified.xlsx
parl_2016,__main__,pr,communist_stalinist,საქართველოს კომუნისტური პარტია - სტალინელები (ივანე წიკლაური),12,,,72,,თინა,ბურდიაშვილი,თინა ბურდიაშვილი,უპარტიო,,party_lists_2016_georgia_unified.xlsx
parl_2016,__main__,pr,communist_stalinist,საქართველოს კომუნისტური პარტია - სტალინელები (ივანე წიკლაური),12,,,73,,მარინა,გოგინაშვილი,მარინა გოგინაშვილი,უპარტიო,,party_lists_2016_georgia_unified.xlsx
parl_2016,__main__,pr,communist_stalinist,საქართველოს კომუნისტური პარტია - სტალინელები (ივანე წიკლაური),12,,,74,,მურთაზ,კვარაცხელია,მურთაზ კვარაცხელია,უპარტიო,,party_lists_2016_georgia_unified.xlsx
parl_2016,__main__,pr,communist_stalinist,საქართველოს კომუნისტური პარტია - სტალინელები (ივანე წიკლაური),12,,,75,,მაია,გურგენაშვილი,მაია გურგენაშვილი,უპარტიო,,party_lists_2016_georgia_unified.xlsx
parl_2016,__main__,pr,communist_stalinist,საქართველოს კომუნისტური პარტია - სტალინელები (ივანე წიკლაური),12,,,76,,ნანა,ღვალაძე,ნანა ღვალაძე,უპარტიო,,party_lists_2016_georgia_unified.xlsx
parl_2016,__main__,pr,communist_stalinist,საქართველოს კომუნისტური პარტია - სტალინელები (ივანე წიკლაური),12,,,77,,შოთა,ჩხიტაური,შოთა ჩხიტაური,უპარტიო,,party_lists_2016_georgia_unified.xlsx
parl_2016,__main__,pr,communist_stalinist,საქართველოს კომუნისტური პარტია - სტალინელები (ივანე წიკლაური),12,,,78,,ზოია,ელიაშვილი,ზოია ელიაშვილი,უპარტიო,,party_lists_2016_georgia_unified.xlsx
parl_2016,__main__,pr,communist_stalinist,საქართველოს კომუნისტური პარტია - სტალინელები (ივანე წიკლაური),12,,,79,,ზურაბ,თიბილაშვილი,ზურაბ თიბილაშვილი,უპარტიო,,party_lists_2016_georgia_unified.xlsx
parl_2016,__main__,pr,communist_stalinist,საქართველოს კომუნისტური პარტია - სტალინელები (ივანე წიკლაური),12,,,80,,ნანა,შერმადინი,ნანა შერმადინი,უპარტიო,,party_lists_2016_georgia_unified.xlsx
parl_2016,__main__,pr,communist_stalinist,საქართველოს კომუნისტური პარტია - სტალინელები (ივანე წიკლაური),12,,,81,,დავითი,ჯაფარიძე,დავითი ჯაფარიძე,უპარტიო,,party_lists_2016_georgia_unified.xlsx
parl_2016,__main__,pr,communist_stalinist,საქართველოს კომუნისტური პარტია - სტალინელები (ივანე წიკლაური),12,,,82,,ლუცინა,მასურაშვილი,ლუცინა მასურაშვილი,უპარტიო,,party_lists_2016_georgia_unified.xlsx
parl_2016,__main__,pr,communist_stalinist,საქართველოს კომუნისტური პარტია - სტალინელები (ივანე წიკლაური),12,,,83,,ნინო,მთიულიშვილი,ნინო მთიულიშვილი,უპარტიო,,party_lists_2016_georgia_unified.xlsx
parl_2016,__main__,pr,communist_stalinist,საქართველოს კომუნისტური პარტია - სტალინელები (ივანე წიკლაური),12,,,84,,ალიკა,ყაზარაშვილი,ალიკა ყაზარაშვილი,უპარტიო,,party_lists_2016_georgia_unified.xlsx
parl_2016,__main__,pr,communist_stalinist,საქართველოს კომუნისტური პარტია - სტალინელები (ივანე წიკლაური),12,,,85,,ირინა,ლომიძე,ირინა ლომიძე,უპარტიო,,party_lists_2016_georgia_unified.xlsx
parl_2016,__main__,pr,communist_stalinist,საქართველოს კომუნისტური პარტია - სტალინელები (ივანე წიკლაური),12,,,86,,ეკატერინე,გოგიჩაიშვილი,ეკატერინე გოგიჩაიშვილი,უპარტიო,,party_lists_2016_georgia_unified.xlsx
parl_2016,__main__,pr,communist_stalinist,საქართველოს კომუნისტური პარტია - სტალინელები (ივანე წიკლაური),12,,,87,,ლამზირა,ტერაშვილი,ლამზირა ტერაშვილი,უპარტიო,,party_lists_2016_georgia_unified.xlsx
parl_2016,__main__,pr,communist_stalinist,საქართველოს კომუნისტური პარტია - სტალინელები (ივანე წიკლაური),12,,,88,,მარიამ,ტერაშვილი,მარიამ ტერაშვილი,უპარტიო,,party_lists_2016_georgia_unified.xlsx
parl_2016,__main__,pr,communist_stalinist,საქართველოს კომუნისტური პარტია - სტალინელები (ივანე წიკლაური),12,,,89,,მაყვალა,მეკარიშვილი,მაყვალა მეკარიშვილი,უპარტიო,,party_lists_2016_georgia_unified.xlsx
parl_2016,__main__,pr,communist_stalinist,საქართველოს კომუნისტური პარტია - სტალინელები (ივანე წიკლაური),12,,,90,,ლეილა,ჩხიტაური,ლეილა ჩხიტაური,უპარტიო,,party_lists_2016_georgia_unified.xlsx
parl_2016,__main__,pr,communist_stalinist,საქართველოს კომუნისტური პარტია - სტალინელები (ივანე წიკლაური),12,,,91,,მარინე,ავეიან,მარინე ავეიან,უპარტიო,,party_lists_2016_georgia_unified.xlsx
parl_2016,__main__,pr,communist_stalinist,საქართველოს კომუნისტური პარტია - სტალინელები (ივანე წიკლაური),12,,,92,,დალი,ჯიოშვილი,დალი ჯიოშვილი,უპარტიო,,party_lists_2016_georgia_unified.xlsx
parl_2016,__main__,pr,communist_stalinist,საქართველოს კომუნისტური პარტია - სტალინელები (ივანე წიკლაური),12,,,93,,ლეილა,ხახუტაშვილი,ლეილა ხახუტაშვილი,უპარტიო,,party_lists_2016_georgia_unified.xlsx
parl_2016,__main__,pr,communist_stalinist,საქართველოს კომუნისტური პარტია - სტალინელები (ივანე წიკლაური),12,,,94,,ნონა,ღვინიაშვილი,ნონა ღვინიაშვილი,უპარტიო,,party_lists_2016_georgia_unified.xlsx
parl_2016,__main__,pr,communist_stalinist,საქართველოს კომუნისტური პარტია - სტალინელები (ივანე წიკლაური),12,,,95,,მერაბ,ჩიტაძე,მერაბ ჩიტაძე,უპარტიო,,party_lists_2016_georgia_unified.xlsx
parl_2016,__main__,pr,communist_stalinist,საქართველოს კომუნისტური პარტია - სტალინელები (ივანე წიკლაური),12,,,96,,ლია,ბაინდურაშვილი,ლია ბაინდურაშვილი,უპარტიო,,party_lists_2016_georgia_unified.xlsx
parl_2016,__main__,pr,communist_stalinist,საქართველოს კომუნისტური პარტია - სტალინელები (ივანე წიკლაური),12,,,97,,გიორგი,ბაინდურაშვილი,გიორგი ბაინდურაშვილი,უპარტიო,,party_lists_2016_georgia_unified.xlsx
parl_2016,__main__,pr,communist_stalinist,საქართველოს კომუნისტური პარტია - სტალინელები (ივანე წიკლაური),12,,,98,,ტარიელი,ციხისელი,ტარიელი ციხისელი,უპარტიო,,party_lists_2016_georgia_unified.xlsx
parl_2016,__main__,pr,communist_stalinist,საქართველოს კომუნისტური პარტია - სტალინელები (ივანე წიკლაური),12,,,99,,გიორგი,ბერაძე,გიორგი ბერაძე,უპარტიო,,party_lists_2016_georgia_unified.xlsx
parl_2016,__main__,pr,communist_stalinist,საქართველოს კომუნისტური პარტია - სტალინელები (ივანე წიკლაური),12,,,100,,თინათინ,ნიკოლაძე,თინათინ ნიკოლაძე,უპარტიო,,party_lists_2016_georgia_unified.xlsx
parl_2016,__main__,pr,communist_stalinist,საქართველოს კომუნისტური პარტია - სტალინელები (ივანე წიკლაური),12,,,101,,ვალერი,რუდავეც,ვალერი რუდავეც,უპარტიო,,party_lists_2016_georgia_unified.xlsx
parl_2016,__main__,pr,communist_stalinist,საქართველოს კომუნისტური პარტია - სტალინელები (ივანე წიკლაური),12,,,102,,კახა,სარალიძე,კახა სარალიძე,უპარტიო,,party_lists_2016_georgia_unified.xlsx
parl_2016,__main__,pr,communist_stalinist,საქართველოს კომუნისტური პარტია - სტალინელები (ივანე წიკლაური),12,,,103,,ევგენია,ფოკინა,ევგენია ფოკინა,უპარტიო,,party_lists_2016_georgia_unified.xlsx
parl_2016,__main__,pr,communist_stalinist,საქართველოს კომუნისტური პარტია - სტალინელები (ივანე წიკლაური),12,,,104,,ფატიმა,ივარდავა,ფატიმა ივარდავა,უპარტიო,,party_lists_2016_georgia_unified.xlsx
parl_2016,__main__,pr,communist_stalinist,საქართველოს კომუნისტური პარტია - სტალინელები (ივანე წიკლაური),12,,,105,,კონსტანტინ,ფოკინ,კონსტანტინ ფოკინ,უპარტიო,,party_lists_2016_georgia_unified.xlsx
parl_2016,__main__,pr,communist_stalinist,საქართველოს კომუნისტური პარტია - სტალინელები (ივანე წიკლაური),12,,,106,,არჩილ,ბლიაძე,არჩილ ბლიაძე,უპარტიო,,party_lists_2016_georgia_unified.xlsx
parl_2016,__main__,pr,communist_stalinist,საქართველოს კომუნისტური პარტია - სტალინელები (ივანე წიკლაური),12,,,107,,გიორგი,ექვთიმიშვილი,გიორგი ექვთიმიშვილი,უპარტიო,,party_lists_2016_georgia_unified.xlsx
parl_2016,__main__,pr,communist_stalinist,საქართველოს კომუნისტური პარტია - სტალინელები (ივანე წიკლაური),12,,,108,,ბადრი,რაზმაძე,ბადრი რაზმაძე,უპარტიო,,party_lists_2016_georgia_unified.xlsx
parl_2016,__main__,pr,communist_stalinist,საქართველოს კომუნისტური პარტია - სტალინელები (ივანე წიკლაური),12,,,109,,მიხეილ,ხაჩიძე,მიხეილ ხაჩიძე,უპარტიო,,party_lists_2016_georgia_unified.xlsx
parl_2016,__main__,pr,communist_stalinist,საქართველოს კომუნისტური პარტია - სტალინელები (ივანე წიკლაური),12,,,110,,ნათია,ტვილდიანი,ნათია ტვილდიანი,უპარტიო,,party_lists_2016_georgia_unified.xlsx
parl_2016,__main__,pr,communist_stalinist,საქართველოს კომუნისტური პარტია - სტალინელები (ივანე წიკლაური),12,,,111,,ელენა,კაჯილაშვილი,ელენა კაჯილაშვილი,უპარტიო,,party_lists_2016_georgia_unified.xlsx
parl_2016,__main__,pr,communist_stalinist,საქართველოს კომუნისტური პარტია - სტალინელები (ივანე წიკლაური),12,,,112,,ზაზა,ზაზაძე,ზაზა ზაზაძე,უპარტიო,,party_lists_2016_georgia_unified.xlsx
parl_2016,__main__,pr,communist_stalinist,საქართველოს კომუნისტური პარტია - სტალინელები (ივანე წიკლაური),12,,,113,,რუსუდანი,წიკლაური,რუსუდანი წიკლაური,უპარტიო,,party_lists_2016_georgia_unified.xlsx
parl_2016,__main__,pr,communist_stalinist,საქართველოს კომუნისტური პარტია - სტალინელები (ივანე წიკლაური),12,,,114,,დიანა,გორელიშვილი,დიანა გორელიშვილი,უპარტიო,,party_lists_2016_georgia_unified.xlsx
parl_2016,__main__,pr,communist_stalinist,საქართველოს კომუნისტური პარტია - სტალინელები (ივანე წიკლაური),12,,,115,,ნიკა,ბაინდურაშვილი,ნიკა ბაინდურაშვილი,უპარტიო,,party_lists_2016_georgia_unified.xlsx
parl_2016,__main__,pr,communist_stalinist,საქართველოს კომუნისტური პარტია - სტალინელები (ივანე წიკლაური),12,,,116,,ივანე,ბაინდურაშვილი,ივანე ბაინდურაშვილი,უპარტიო,,party_lists_2016_georgia_unified.xlsx
parl_2016,__main__,pr,communist_stalinist,საქართველოს კომუნისტური პარტია - სტალინელები (ივანე წიკლაური),12,,,117,,ნუგზარ,მარიამიძე,ნუგზარ მარიამიძე,უპარტიო,,party_lists_2016_georgia_unified.xlsx
parl_2016,__main__,pr,communist_stalinist,საქართველოს კომუნისტური პარტია - სტალინელები (ივანე წიკლაური),12,,,118,,ბესიკ,ყაყიტაშვილი,ბესიკ ყაყიტაშვილი,უპარტიო,,party_lists_2016_georgia_unified.xlsx
parl_2016,__main__,pr,communist_stalinist,საქართველოს კომუნისტური პარტია - სტალინელები (ივანე წიკლაური),12,,,119,,გივი,ღვალაძე,გივი ღვალაძე,უპარტიო,,party_lists_2016_georgia_unified.xlsx
parl_2016,__main__,pr,communist_stalinist,საქართველოს კომუნისტური პარტია - სტალინელები (ივანე წიკლაური),12,,,120,,ანა,ყოჩიაშვილი,ანა ყოჩიაშვილი,უპარტიო,,party_lists_2016_georgia_unified.xlsx
parl_2016,__main__,pr,communist_stalinist,საქართველოს კომუნისტური პარტია - სტალინელები (ივანე წიკლაური),12,,,121,,გიორგი,გელაშვილი,გიორგი გელაშვილი,უპარტიო,,party_lists_2016_georgia_unified.xlsx
parl_2016,__main__,pr,communist_stalinist,საქართველოს კომუნისტური პარტია - სტალინელები (ივანე წიკლაური),12,,,122,,ჯიმშერი,ყანჩელაშვილი,ჯიმშერი ყანჩელაშვილი,უპარტიო,,party_lists_2016_georgia_unified.xlsx
parl_2016,__main__,pr,peace_georgia_2016,დავით თევზაძე - საქართველოს მშვიდობისათვის,14,,,1,,დავით,თევზაძე,დავით თევზაძე,"მპგ ""საქართველოს მშვიდობისათვის""",,party_lists_2016_georgia_unified.xlsx
parl_2016,__main__,pr,peace_georgia_2016,დავით თევზაძე - საქართველოს მშვიდობისათვის,14,,,2,,მირონ,ჩიგოგიძე,მირონ ჩიგოგიძე,"მპგ ""საქართველოს მშვიდობისათვის""",,party_lists_2016_georgia_unified.xlsx
parl_2016,__main__,pr,peace_georgia_2016,დავით თევზაძე - საქართველოს მშვიდობისათვის,14,,,3,,თამარ,ინასარიძე,თამარ ინასარიძე,"მპგ ""საქართველოს მშვიდობისათვის""",,party_lists_2016_georgia_unified.xlsx
parl_2016,__main__,pr,peace_georgia_2016,დავით თევზაძე - საქართველოს მშვიდობისათვის,14,,,4,,თენგიზ,შუბლაძე,თენგიზ შუბლაძე,"მპგ ""საქართველოს მშვიდობისათვის""",,party_lists_2016_georgia_unified.xlsx
parl_2016,__main__,pr,peace_georgia_2016,დავით თევზაძე - საქართველოს მშვიდობისათვის,14,,,5,,ლაშა,ჯანდიერი,ლაშა ჯანდიერი,"მპგ ""საქართველოს მშვიდობისათვის""",,party_lists_2016_georgia_unified.xlsx
parl_2016,__main__,pr,peace_georgia_2016,დავით თევზაძე - საქართველოს მშვიდობისათვის,14,,,6,,დავით,მეზვრიშვილი,დავით მეზვრიშვილი,"მპგ ""საქართველოს მშვიდობისათვის""",,party_lists_2016_georgia_unified.xlsx
parl_2016,__main__,pr,peace_georgia_2016,დავით თევზაძე - საქართველოს მშვიდობისათვის,14,,,7,,ვლადიმერ,იმნაძე,ვლადიმერ იმნაძე,"მპგ ""საქართველოს მშვიდობისათვის""",,party_lists_2016_georgia_unified.xlsx
parl_2016,__main__,pr,peace_georgia_2016,დავით თევზაძე - საქართველოს მშვიდობისათვის,14,,,8,,თამარ,ბაწაშვილი,თამარ ბაწაშვილი,"მპგ ""საქართველოს მშვიდობისათვის""",,party_lists_2016_georgia_unified.xlsx
parl_2016,__main__,pr,peace_georgia_2016,დავით თევზაძე - საქართველოს მშვიდობისათვის,14,,,9,,იზოლდა,მელიქიშვილი,იზოლდა მელიქიშვილი,უპარტიო,,party_lists_2016_georgia_unified.xlsx
parl_2016,__main__,pr,peace_georgia_2016,დავით თევზაძე - საქართველოს მშვიდობისათვის,14,,,10,,გიორგი,ღლონტი,გიორგი ღლონტი,უპარტიო,,party_lists_2016_georgia_unified.xlsx
parl_2016,__main__,pr,peace_georgia_2016,დავით თევზაძე - საქართველოს მშვიდობისათვის,14,,,11,,ლევი,გეონჯიანი,ლევი გეონჯიანი,"მპგ ""საქართველოს მშვიდობისათვის""",,party_lists_2016_georgia_unified.xlsx
parl_2016,__main__,pr,peace_georgia_2016,დავით თევზაძე - საქართველოს მშვიდობისათვის,14,,,12,,თინანო,თევზაძე,თინანო თევზაძე,"მპგ ""საქართველოს მშვიდობისათვის""",,party_lists_2016_georgia_unified.xlsx
parl_2016,__main__,pr,peace_georgia_2016,დავით თევზაძე - საქართველოს მშვიდობისათვის,14,,,13,,თინათინ,კლდიაშვილი,თინათინ კლდიაშვილი,უპარტიო,,party_lists_2016_georgia_unified.xlsx
parl_2016,__main__,pr,peace_georgia_2016,დავით თევზაძე - საქართველოს მშვიდობისათვის,14,,,14,,გულნარა,ჭუმბაძე,გულნარა ჭუმბაძე,"მპგ ""საქართველოს მშვიდობისათვის""",,party_lists_2016_georgia_unified.xlsx
parl_2016,__main__,pr,peace_georgia_2016,დავით თევზაძე - საქართველოს მშვიდობისათვის,14,,,15,,სიმონ,მჭედლიძე,სიმონ მჭედლიძე,"მპგ ""საქართველოს მშვიდობისათვის""",,party_lists_2016_georgia_unified.xlsx
parl_2016,__main__,pr,peace_georgia_2016,დავით თევზაძე - საქართველოს მშვიდობისათვის,14,,,16,,დავითი,მუხიგული,დავითი მუხიგული,"მპგ ""საქართველოს მშვიდობისათვის""",,party_lists_2016_georgia_unified.xlsx
parl_2016,__main__,pr,peace_georgia_2016,დავით თევზაძე - საქართველოს მშვიდობისათვის,14,,,17,,მალაქი,ჭანუყვაძე,მალაქი ჭანუყვაძე,უპარტიო,,party_lists_2016_georgia_unified.xlsx
parl_2016,__main__,pr,peace_georgia_2016,დავით თევზაძე - საქართველოს მშვიდობისათვის,14,,,18,,შალვა,კუპატაძე,შალვა კუპატაძე,"მპგ ""საქართველოს მშვიდობისათვის""",,party_lists_2016_georgia_unified.xlsx
parl_2016,__main__,pr,peace_georgia_2016,დავით თევზაძე - საქართველოს მშვიდობისათვის,14,,,19,,ანზორი,ცათიაშვილი,ანზორი ცათიაშვილი,"მპგ ""საქართველოს მშვიდობისათვის""",,party_lists_2016_georgia_unified.xlsx
parl_2016,__main__,pr,peace_georgia_2016,დავით თევზაძე - საქართველოს მშვიდობისათვის,14,,,20,,ნუგზარ,გურასპაშვილი,ნუგზარ გურასპაშვილი,"მპგ ""საქართველოს მშვიდობისათვის""",,party_lists_2016_georgia_unified.xlsx
parl_2016,__main__,pr,peace_georgia_2016,დავით თევზაძე - საქართველოს მშვიდობისათვის,14,,,21,,არჩილ,მაღლაკელიძე,არჩილ მაღლაკელიძე,"მპგ ""საქართველოს მშვიდობისათვის""",,party_lists_2016_georgia_unified.xlsx
parl_2016,__main__,pr,peace_georgia_2016,დავით თევზაძე - საქართველოს მშვიდობისათვის,14,,,22,,ვახტანგ,ნატრაძე,ვახტანგ ნატრაძე,"მპგ ""საქართველოს მშვიდობისათვის""",,party_lists_2016_georgia_unified.xlsx
parl_2016,__main__,pr,peace_georgia_2016,დავით თევზაძე - საქართველოს მშვიდობისათვის,14,,,23,,მირიანი,რთველიაშვილი,მირიანი რთველიაშვილი,"მპგ ""საქართველოს მშვიდობისათვის""",,party_lists_2016_georgia_unified.xlsx
parl_2016,__main__,pr,peace_georgia_2016,დავით თევზაძე - საქართველოს მშვიდობისათვის,14,,,24,,ნინო,ქიტიაშვილი,ნინო ქიტიაშვილი,"მპგ ""საქართველოს მშვიდობისათვის""",,party_lists_2016_georgia_unified.xlsx
parl_2016,__main__,pr,peace_georgia_2016,დავით თევზაძე - საქართველოს მშვიდობისათვის,14,,,25,,გოჩა,ბეჟანიძე,გოჩა ბეჟანიძე,"მპგ ""საქართველოს მშვიდობისათვის""",,party_lists_2016_georgia_unified.xlsx
parl_2016,__main__,pr,peace_georgia_2016,დავით თევზაძე - საქართველოს მშვიდობისათვის,14,,,26,,მერაბ,ჭიჭინაძე,მერაბ ჭიჭინაძე,უპარტიო,,party_lists_2016_georgia_unified.xlsx
parl_2016,__main__,pr,peace_georgia_2016,დავით თევზაძე - საქართველოს მშვიდობისათვის,14,,,27,,ნუგზარ,შავდია,ნუგზარ შავდია,"მპგ ""საქართველოს მშვიდობისათვის""",,party_lists_2016_georgia_unified.xlsx
parl_2016,__main__,pr,peace_georgia_2016,დავით თევზაძე - საქართველოს მშვიდობისათვის,14,,,28,,ნინო,მესხიძე,ნინო მესხიძე,"მპგ ""საქართველოს მშვიდობისათვის""",,party_lists_2016_georgia_unified.xlsx
parl_2016,__main__,pr,peace_georgia_2016,დავით თევზაძე - საქართველოს მშვიდობისათვის,14,,,29,,რევაზ,კოშკაძე,რევაზ კოშკაძე,"მპგ ""საქართველოს მშვიდობისათვის""",,party_lists_2016_georgia_unified.xlsx
parl_2016,__main__,pr,peace_georgia_2016,დავით თევზაძე - საქართველოს მშვიდობისათვის,14,,,30,,ნინო,კალანდარიშვილი,ნინო კალანდარიშვილი,"მპგ ""საქართველოს მშვიდობისათვის""",,party_lists_2016_georgia_unified.xlsx
parl_2016,__main__,pr,peace_georgia_2016,დავით თევზაძე - საქართველოს მშვიდობისათვის,14,,,31,,ივანე,ჩოლოყაშვილი,ივანე ჩოლოყაშვილი,"მპგ ""საქართველოს მშვიდობისათვის""",,party_lists_2016_georgia_unified.xlsx
parl_2016,__main__,pr,peace_georgia_2016,დავით თევზაძე - საქართველოს მშვიდობისათვის,14,,,32,,ნუგზარ,ხიდეშელი,ნუგზარ ხიდეშელი,"მპგ ""საქართველოს მშვიდობისათვის""",,party_lists_2016_georgia_unified.xlsx
parl_2016,__main__,pr,peace_georgia_2016,დავით თევზაძე - საქართველოს მშვიდობისათვის,14,,,33,,დიმიტრი,ივანოვი,დიმიტრი ივანოვი,"მპგ ""საქართველოს მშვიდობისათვის""",,party_lists_2016_georgia_unified.xlsx
parl_2016,__main__,pr,peace_georgia_2016,დავით თევზაძე - საქართველოს მშვიდობისათვის,14,,,34,,თამარ,ჭეიშვილი,თამარ ჭეიშვილი,უპარტიო,,party_lists_2016_georgia_unified.xlsx
parl_2016,__main__,pr,peace_georgia_2016,დავით თევზაძე - საქართველოს მშვიდობისათვის,14,,,35,,ლაშა,ქოიავა,ლაშა ქოიავა,"მპგ ""საქართველოს მშვიდობისათვის""",,party_lists_2016_georgia_unified.xlsx
parl_2016,__main__,pr,peace_georgia_2016,დავით თევზაძე - საქართველოს მშვიდობისათვის,14,,,36,,ზაზა,გიგაური,ზაზა გიგაური,"მპგ ""საქართველოს მშვიდობისათვის""",,party_lists_2016_georgia_unified.xlsx
parl_2016,__main__,pr,peace_georgia_2016,დავით თევზაძე - საქართველოს მშვიდობისათვის,14,,,37,,ირინე,ჭყონია,ირინე ჭყონია,უპარტიო,,party_lists_2016_georgia_unified.xlsx
parl_2016,__main__,pr,peace_georgia_2016,დავით თევზაძე - საქართველოს მშვიდობისათვის,14,,,38,,ტარიელ,კასრაძე,ტარიელ კასრაძე,"მპგ ""საქართველოს მშვიდობისათვის""",,party_lists_2016_georgia_unified.xlsx
parl_2016,__main__,pr,peace_georgia_2016,დავით თევზაძე - საქართველოს მშვიდობისათვის,14,,,39,,ნინო,კვირკველია,ნინო კვირკველია,"მპგ ""საქართველოს მშვიდობისათვის""",,party_lists_2016_georgia_unified.xlsx
parl_2016,__main__,pr,peace_georgia_2016,დავით თევზაძე - საქართველოს მშვიდობისათვის,14,,,40,,იაგო,გოგსაძე,იაგო გოგსაძე,"მპგ ""საქართველოს მშვიდობისათვის""",,party_lists_2016_georgia_unified.xlsx
parl_2016,__main__,pr,peace_georgia_2016,დავით თევზაძე - საქართველოს მშვიდობისათვის,14,,,41,,ირაკლი,საჯაია,ირაკლი საჯაია,"მპგ ""საქართველოს მშვიდობისათვის""",,party_lists_2016_georgia_unified.xlsx
parl_2016,__main__,pr,peace_georgia_2016,დავით თევზაძე - საქართველოს მშვიდობისათვის,14,,,42,,მანანა,გიგიბერია,მანანა გიგიბერია,"მპგ ""საქართველოს მშვიდობისათვის""",,party_lists_2016_georgia_unified.xlsx
parl_2016,__main__,pr,peace_georgia_2016,დავით თევზაძე - საქართველოს მშვიდობისათვის,14,,,43,,ზაზა,დავლაძე,ზაზა დავლაძე,უპარტიო,,party_lists_2016_georgia_unified.xlsx
parl_2016,__main__,pr,peace_georgia_2016,დავით თევზაძე - საქართველოს მშვიდობისათვის,14,,,44,,ელგუჯა,ჩხაიძე,ელგუჯა ჩხაიძე,უპარტიო,,party_lists_2016_georgia_unified.xlsx
parl_2016,__main__,pr,peace_georgia_2016,დავით თევზაძე - საქართველოს მშვიდობისათვის,14,,,45,,ირმა,მამაგეიშვილი,ირმა მამაგეიშვილი,"მპგ ""საქართველოს მშვიდობისათვის""",,party_lists_2016_georgia_unified.xlsx
parl_2016,__main__,pr,peace_georgia_2016,დავით თევზაძე - საქართველოს მშვიდობისათვის,14,,,46,,ზურაბ,ლოსაბერიძე,ზურაბ ლოსაბერიძე,უპარტიო,,party_lists_2016_georgia_unified.xlsx
parl_2016,__main__,pr,peace_georgia_2016,დავით თევზაძე - საქართველოს მშვიდობისათვის,14,,,47,,გიორგი,კობერიძე,გიორგი კობერიძე,უპარტიო,,party_lists_2016_georgia_unified.xlsx
parl_2016,__main__,pr,peace_georgia_2016,დავით თევზაძე - საქართველოს მშვიდობისათვის,14,,,48,,მანანა,ჯაყელი,მანანა ჯაყელი,"მპგ ""საქართველოს მშვიდობისათვის""",,party_lists_2016_georgia_unified.xlsx
parl_2016,__main__,pr,peace_georgia_2016,დავით თევზაძე - საქართველოს მშვიდობისათვის,14,,,49,,შალვა,ლეჟავა,შალვა ლეჟავა,"მპგ ""საქართველოს მშვიდობისათვის""",,party_lists_2016_georgia_unified.xlsx
parl_2016,__main__,pr,peace_georgia_2016,დავით თევზაძე - საქართველოს მშვიდობისათვის,14,,,50,,გიორგი,ჯიბლაძე,გიორგი ჯიბლაძე,"მპგ ""საქართველოს მშვიდობისათვის""",,party_lists_2016_georgia_unified.xlsx
parl_2016,__main__,pr,peace_georgia_2016,დავით თევზაძე - საქართველოს მშვიდობისათვის,14,,,51,,ლევან,ნოზაძე,ლევან ნოზაძე,"მპგ ""საქართველოს მშვიდობისათვის""",,party_lists_2016_georgia_unified.xlsx
parl_2016,__main__,pr,peace_georgia_2016,დავით თევზაძე - საქართველოს მშვიდობისათვის,14,,,52,,ვასილ,ივანიძე,ვასილ ივანიძე,"მპგ ""საქართველოს მშვიდობისათვის""",,party_lists_2016_georgia_unified.xlsx
parl_2016,__main__,pr,peace_georgia_2016,დავით თევზაძე - საქართველოს მშვიდობისათვის,14,,,53,,მამუკა,ასპანიძე,მამუკა ასპანიძე,"მპგ ""საქართველოს მშვიდობისათვის""",,party_lists_2016_georgia_unified.xlsx
parl_2016,__main__,pr,peace_georgia_2016,დავით თევზაძე - საქართველოს მშვიდობისათვის,14,,,54,,ნათია,ვასაძე,ნათია ვასაძე,უპარტიო,,party_lists_2016_georgia_unified.xlsx
parl_2016,__main__,pr,peace_georgia_2016,დავით თევზაძე - საქართველოს მშვიდობისათვის,14,,,55,,ლელა,მეტრეველი,ლელა მეტრეველი,უპარტიო,,party_lists_2016_georgia_unified.xlsx
parl_2016,__main__,pr,peace_georgia_2016,დავით თევზაძე - საქართველოს მშვიდობისათვის,14,,,56,,კახაბერი,გოგილიძე,კახაბერი გოგილიძე,"მპგ ""საქართველოს მშვიდობისათვის""",,party_lists_2016_georgia_unified.xlsx
parl_2016,__main__,pr,peace_georgia_2016,დავით თევზაძე - საქართველოს მშვიდობისათვის,14,,,57,,ალექსანდრე,მჭედლიშვილი,ალექსანდრე მჭედლიშვილი,"მპგ ""საქართველოს მშვიდობისათვის""",,party_lists_2016_georgia_unified.xlsx
parl_2016,__main__,pr,peace_georgia_2016,დავით თევზაძე - საქართველოს მშვიდობისათვის,14,,,58,,მარიკა,საჯაია,მარიკა საჯაია,"მპგ ""საქართველოს მშვიდობისათვის""",,party_lists_2016_georgia_unified.xlsx
parl_2016,__main__,pr,peace_georgia_2016,დავით თევზაძე - საქართველოს მშვიდობისათვის,14,,,59,,ზურაბ,კამკამიძე,ზურაბ კამკამიძე,"მპგ ""საქართველოს მშვიდობისათვის""",,party_lists_2016_georgia_unified.xlsx
parl_2016,__main__,pr,peace_georgia_2016,დავით თევზაძე - საქართველოს მშვიდობისათვის,14,,,60,,უჩა,კვაჭაძე,უჩა კვაჭაძე,"მპგ ""საქართველოს მშვიდობისათვის""",,party_lists_2016_georgia_unified.xlsx
parl_2016,__main__,pr,peace_georgia_2016,დავით თევზაძე - საქართველოს მშვიდობისათვის,14,,,61,,ზაზა,ხუციშვილი,ზაზა ხუციშვილი,"მპგ ""საქართველოს მშვიდობისათვის""",,party_lists_2016_georgia_unified.xlsx
parl_2016,__main__,pr,peace_georgia_2016,დავით თევზაძე - საქართველოს მშვიდობისათვის,14,,,62,,ზაურ,იოსელიანი,ზაურ იოსელიანი,"მპგ ""საქართველოს მშვიდობისათვის""",,party_lists_2016_georgia_unified.xlsx
parl_2016,__main__,pr,peace_georgia_2016,დავით თევზაძე - საქართველოს მშვიდობისათვის,14,,,63,,თეიმურაზ,ლორია,თეიმურაზ ლორია,"მპგ ""საქართველოს მშვიდობისათვის""",,party_lists_2016_georgia_unified.xlsx
parl_2016,__main__,pr,peace_georgia_2016,დავით თევზაძე - საქართველოს მშვიდობისათვის,14,,,64,,ინგა,მაისურაძე,ინგა მაისურაძე,უპარტიო,,party_lists_2016_georgia_unified.xlsx
parl_2016,__main__,pr,peace_georgia_2016,დავით თევზაძე - საქართველოს მშვიდობისათვის,14,,,65,,დავით,ქიტიაშვილი,დავით ქიტიაშვილი,"მპგ ""საქართველოს მშვიდობისათვის""",,party_lists_2016_georgia_unified.xlsx
parl_2016,__main__,pr,peace_georgia_2016,დავით თევზაძე - საქართველოს მშვიდობისათვის,14,,,66,,გიორგი,ლომსაძე,გიორგი ლომსაძე,უპარტიო,,party_lists_2016_georgia_unified.xlsx
parl_2016,__main__,pr,peace_georgia_2016,დავით თევზაძე - საქართველოს მშვიდობისათვის,14,,,67,,მიხეილ,კეკელიძე,მიხეილ კეკელიძე,"მპგ ""საქართველოს მშვიდობისათვის""",,party_lists_2016_georgia_unified.xlsx
parl_2016,__main__,pr,peace_georgia_2016,დავით თევზაძე - საქართველოს მშვიდობისათვის,14,,,68,,ზეინაბი,სანდოძე,ზეინაბი სანდოძე,"მპგ ""საქართველოს მშვიდობისათვის""",,party_lists_2016_georgia_unified.xlsx
parl_2016,__main__,pr,peace_georgia_2016,დავით თევზაძე - საქართველოს მშვიდობისათვის,14,,,69,,ნინო,ჩხენკელი,ნინო ჩხენკელი,უპარტიო,,party_lists_2016_georgia_unified.xlsx
parl_2016,__main__,pr,peace_georgia_2016,დავით თევზაძე - საქართველოს მშვიდობისათვის,14,,,70,,ზურაბ,ბურჭულაძე,ზურაბ ბურჭულაძე,"მპგ ""საქართველოს მშვიდობისათვის""",,party_lists_2016_georgia_unified.xlsx
parl_2016,__main__,pr,peace_georgia_2016,დავით თევზაძე - საქართველოს მშვიდობისათვის,14,,,71,,ლია,მარკოზაშვილი,ლია მარკოზაშვილი,უპარტიო,,party_lists_2016_georgia_unified.xlsx
parl_2016,__main__,pr,peace_georgia_2016,დავით თევზაძე - საქართველოს მშვიდობისათვის,14,,,72,,დავით,გვარამაძე,დავით გვარამაძე,უპარტიო,,party_lists_2016_georgia_unified.xlsx
parl_2016,__main__,pr,peace_georgia_2016,დავით თევზაძე - საქართველოს მშვიდობისათვის,14,,,73,,ლევან,უთურგაული,ლევან უთურგაული,უპარტიო,,party_lists_2016_georgia_unified.xlsx
parl_2016,__main__,pr,peace_georgia_2016,დავით თევზაძე - საქართველოს მშვიდობისათვის,14,,,74,,კოტე,გიგოლაშვილი,კოტე გიგოლაშვილი,"მპგ ""საქართველოს მშვიდობისათვის""",,party_lists_2016_georgia_unified.xlsx
parl_2016,__main__,pr,peace_georgia_2016,დავით თევზაძე - საქართველოს მშვიდობისათვის,14,,,75,,მარინე,ჩხენკელი,მარინე ჩხენკელი,"მპგ ""საქართველოს მშვიდობისათვის""",,party_lists_2016_georgia_unified.xlsx
parl_2016,__main__,pr,peace_georgia_2016,დავით თევზაძე - საქართველოს მშვიდობისათვის,14,,,76,,ინგა,ჯაგინოვა-სარქისიანუ,ინგა ჯაგინოვა-სარქისიანუ,უპარტიო,,party_lists_2016_georgia_unified.xlsx
parl_2016,__main__,pr,peace_georgia_2016,დავით თევზაძე - საქართველოს მშვიდობისათვის,14,,,77,,ზაალი,კუსრაშვილი,ზაალი კუსრაშვილი,უპარტიო,,party_lists_2016_georgia_unified.xlsx
parl_2016,__main__,pr,peace_georgia_2016,დავით თევზაძე - საქართველოს მშვიდობისათვის,14,,,78,,ზურაბ,ალიბეგაშვილი,ზურაბ ალიბეგაშვილი,უპარტიო,,party_lists_2016_georgia_unified.xlsx
parl_2016,__main__,pr,peace_georgia_2016,დავით თევზაძე - საქართველოს მშვიდობისათვის,14,,,79,,სიმონ,კობეშავიძე,სიმონ კობეშავიძე,"მპგ ""საქართველოს მშვიდობისათვის""",,party_lists_2016_georgia_unified.xlsx
parl_2016,__main__,pr,peace_georgia_2016,დავით თევზაძე - საქართველოს მშვიდობისათვის,14,,,80,,მარიკა,ფიჩხნარაშვილი,მარიკა ფიჩხნარაშვილი,"მპგ ""საქართველოს მშვიდობისათვის""",,party_lists_2016_georgia_unified.xlsx
parl_2016,__main__,pr,peace_georgia_2016,დავით თევზაძე - საქართველოს მშვიდობისათვის,14,,,81,,მილეტა,კამინსკაია,მილეტა კამინსკაია,უპარტიო,,party_lists_2016_georgia_unified.xlsx
parl_2016,__main__,pr,peace_georgia_2016,დავით თევზაძე - საქართველოს მშვიდობისათვის,14,,,82,,ვახტანგ,კოპალიანი,ვახტანგ კოპალიანი,"მპგ ""საქართველოს მშვიდობისათვის""",,party_lists_2016_georgia_unified.xlsx
parl_2016,__main__,pr,peace_georgia_2016,დავით თევზაძე - საქართველოს მშვიდობისათვის,14,,,83,,გიორგი,ძებისაშვილი,გიორგი ძებისაშვილი,"მპგ ""საქართველოს მშვიდობისათვის""",,party_lists_2016_georgia_unified.xlsx
parl_2016,__main__,pr,peace_georgia_2016,დავით თევზაძე - საქართველოს მშვიდობისათვის,14,,,84,,მამუკა,ნავდარაშვილი,მამუკა ნავდარაშვილი,უპარტიო,,party_lists_2016_georgia_unified.xlsx
parl_2016,__main__,pr,peace_georgia_2016,დავით თევზაძე - საქართველოს მშვიდობისათვის,14,,,85,,თეიმურაზი,ინჯიაშვილი,თეიმურაზი ინჯიაშვილი,"მპგ ""საქართველოს მშვიდობისათვის""",,party_lists_2016_georgia_unified.xlsx
parl_2016,__main__,pr,peace_georgia_2016,დავით თევზაძე - საქართველოს მშვიდობისათვის,14,,,86,,გია,გზირიშვილი,გია გზირიშვილი,"მპგ ""საქართველოს მშვიდობისათვის""",,party_lists_2016_georgia_unified.xlsx
parl_2016,__main__,pr,peace_georgia_2016,დავით თევზაძე - საქართველოს მშვიდობისათვის,14,,,87,,მარინა,მჭედლიშვილი,მარინა მჭედლიშვილი,"მპგ ""საქართველოს მშვიდობისათვის""",,party_lists_2016_georgia_unified.xlsx
parl_2016,__main__,pr,peace_georgia_2016,დავით თევზაძე - საქართველოს მშვიდობისათვის,14,,,88,,ბეჩუ,კეკელია,ბეჩუ კეკელია,"მპგ ""საქართველოს მშვიდობისათვის""",,party_lists_2016_georgia_unified.xlsx
parl_2016,__main__,pr,peace_georgia_2016,დავით თევზაძე - საქართველოს მშვიდობისათვის,14,,,89,,ვასილ,ანდრაზაშვილი,ვასილ ანდრაზაშვილი,"მპგ ""საქართველოს მშვიდობისათვის""",,party_lists_2016_georgia_unified.xlsx
parl_2016,__main__,pr,peace_georgia_2016,დავით თევზაძე - საქართველოს მშვიდობისათვის,14,,,90,,რუსუდან,სახელაშვილი,რუსუდან სახელაშვილი,უპარტიო,,party_lists_2016_georgia_unified.xlsx
parl_2016,__main__,pr,peace_georgia_2016,დავით თევზაძე - საქართველოს მშვიდობისათვის,14,,,91,,მოსე,ლაბუჩიძე,მოსე ლაბუჩიძე,"მპგ ""საქართველოს მშვიდობისათვის""",,party_lists_2016_georgia_unified.xlsx
parl_2016,__main__,pr,peace_georgia_2016,დავით თევზაძე - საქართველოს მშვიდობისათვის,14,,,92,,კლიმენტი,თევზაძე,კლიმენტი თევზაძე,"მპგ ""საქართველოს მშვიდობისათვის""",,party_lists_2016_georgia_unified.xlsx
parl_2016,__main__,pr,peace_georgia_2016,დავით თევზაძე - საქართველოს მშვიდობისათვის,14,,,93,,რევაზ,აბრამიშვილი,რევაზ აბრამიშვილი,"მპგ ""საქართველოს მშვიდობისათვის""",,party_lists_2016_georgia_unified.xlsx
parl_2016,__main__,pr,peace_georgia_2016,დავით თევზაძე - საქართველოს მშვიდობისათვის,14,,,94,,თამარ,ზუმბულიძე,თამარ ზუმბულიძე,უპარტიო,,party_lists_2016_georgia_unified.xlsx
parl_2016,__main__,pr,peace_georgia_2016,დავით თევზაძე - საქართველოს მშვიდობისათვის,14,,,95,,ეკატერინე,დვალი,ეკატერინე დვალი,უპარტიო,,party_lists_2016_georgia_unified.xlsx
parl_2016,__main__,pr,peace_georgia_2016,დავით თევზაძე - საქართველოს მშვიდობისათვის,14,,,96,,მერაბი,ვარდოსანიძე,მერაბი ვარდოსანიძე,"მპგ ""საქართველოს მშვიდობისათვის""",,party_lists_2016_georgia_unified.xlsx
parl_2016,__main__,pr,peace_georgia_2016,დავით თევზაძე - საქართველოს მშვიდობისათვის,14,,,97,,თამაზ,სირაძე,თამაზ სირაძე,"მპგ ""საქართველოს მშვიდობისათვის""",,party_lists_2016_georgia_unified.xlsx
parl_2016,__main__,pr,peace_georgia_2016,დავით თევზაძე - საქართველოს მშვიდობისათვის,14,,,98,,ჯარაფ,ქავთარაშვილი,ჯარაფ ქავთარაშვილი,უპარტიო,,party_lists_2016_georgia_unified.xlsx
parl_2016,__main__,pr,peace_georgia_2016,დავით თევზაძე - საქართველოს მშვიდობისათვის,14,,,99,,ლევან,გოგუაძე,ლევან გოგუაძე,"მპგ ""საქართველოს მშვიდობისათვის""",,party_lists_2016_georgia_unified.xlsx
parl_2016,__main__,pr,peace_georgia_2016,დავით თევზაძე - საქართველოს მშვიდობისათვის,14,,,100,,ლევან,ბაქრაძე,ლევან ბაქრაძე,"მპგ ""საქართველოს მშვიდობისათვის""",,party_lists_2016_georgia_unified.xlsx
parl_2016,__main__,pr,peace_georgia_2016,დავით თევზაძე - საქართველოს მშვიდობისათვის,14,,,101,,ზაზა,მჟავანაძე,ზაზა მჟავანაძე,"მპგ ""საქართველოს მშვიდობისათვის""",,party_lists_2016_georgia_unified.xlsx
parl_2016,__main__,pr,peace_georgia_2016,დავით თევზაძე - საქართველოს მშვიდობისათვის,14,,,102,,კახაბერი,ჭულუხაძე,კახაბერი ჭულუხაძე,"მპგ ""საქართველოს მშვიდობისათვის""",,party_lists_2016_georgia_unified.xlsx
parl_2016,__main__,pr,peace_georgia_2016,დავით თევზაძე - საქართველოს მშვიდობისათვის,14,,,103,,ჯანვერდი,გაგოშიძე,ჯანვერდი გაგოშიძე,უპარტიო,,party_lists_2016_georgia_unified.xlsx
parl_2016,__main__,pr,peace_georgia_2016,დავით თევზაძე - საქართველოს მშვიდობისათვის,14,,,104,,ლევან,ღვინიაშვილი,ლევან ღვინიაშვილი,"მპგ ""საქართველოს მშვიდობისათვის""",,party_lists_2016_georgia_unified.xlsx
parl_2016,__main__,pr,peace_georgia_2016,დავით თევზაძე - საქართველოს მშვიდობისათვის,14,,,105,,ქეთი,გელიტაშვილი,ქეთი გელიტაშვილი,უპარტიო,,party_lists_2016_georgia_unified.xlsx
parl_2016,__main__,pr,peace_georgia_2016,დავით თევზაძე - საქართველოს მშვიდობისათვის,14,,,106,,ოლღა,თევზაძე,ოლღა თევზაძე,"მპგ ""საქართველოს მშვიდობისათვის""",,party_lists_2016_georgia_unified.xlsx
parl_2016,__main__,pr,workers_socialist,მშრომელთა სოციალისტური პარტია,15,,,1,,თამაზ,ჯაფოშვილი,თამაზ ჯაფოშვილი,მშრომელთა სოციალისტური პარტია,,party_lists_2016_georgia_unified.xlsx
parl_2016,__main__,pr,workers_socialist,მშრომელთა სოციალისტური პარტია,15,,,2,,ირინე,რუხაძე,ირინე რუხაძე,მშრომელთა სოციალისტური პარტია,,party_lists_2016_georgia_unified.xlsx
parl_2016,__main__,pr,workers_socialist,მშრომელთა სოციალისტური პარტია,15,,,3,,ნოდარ,ფილიევი,ნოდარ ფილიევი,მშრომელთა სოციალისტური პარტია,,party_lists_2016_georgia_unified.xlsx
parl_2016,__main__,pr,workers_socialist,მშრომელთა სოციალისტური პარტია,15,,,4,,ნინო,ჯაფოშვილი,ნინო ჯაფოშვილი,უპარტიო,,party_lists_2016_georgia_unified.xlsx
parl_2016,__main__,pr,workers_socialist,მშრომელთა სოციალისტური პარტია,15,,,5,,ვაჟა,ბურდული,ვაჟა ბურდული,მშრომელთა სოციალისტური პარტია,,party_lists_2016_georgia_unified.xlsx
parl_2016,__main__,pr,workers_socialist,მშრომელთა სოციალისტური პარტია,15,,,6,,იოსებ,ლებანიძე,იოსებ ლებანიძე,მშრომელთა სოციალისტური პარტია,,party_lists_2016_georgia_unified.xlsx
parl_2016,__main__,pr,workers_socialist,მშრომელთა სოციალისტური პარტია,15,,,7,,ვიქტორია,ხუბულოვი,ვიქტორია ხუბულოვი,მშრომელთა სოციალისტური პარტია,,party_lists_2016_georgia_unified.xlsx
parl_2016,__main__,pr,workers_socialist,მშრომელთა სოციალისტური პარტია,15,,,8,,ნოდარ,ებანოიძე,ნოდარ ებანოიძე,მშრომელთა სოციალისტური პარტია,,party_lists_2016_georgia_unified.xlsx
parl_2016,__main__,pr,workers_socialist,მშრომელთა სოციალისტური პარტია,15,,,9,,ვილერ,წოწორია,ვილერ წოწორია,უპარტიო,,party_lists_2016_georgia_unified.xlsx
parl_2016,__main__,pr,workers_socialist,მშრომელთა სოციალისტური პარტია,15,,,10,,მირიან,მიქაბერიძე,მირიან მიქაბერიძე,მშრომელთა სოციალისტური პარტია,,party_lists_2016_georgia_unified.xlsx
parl_2016,__main__,pr,workers_socialist,მშრომელთა სოციალისტური პარტია,15,,,11,,ჯემალ,კიკვაძე,ჯემალ კიკვაძე,მშრომელთა სოციალისტური პარტია,,party_lists_2016_georgia_unified.xlsx
parl_2016,__main__,pr,workers_socialist,მშრომელთა სოციალისტური პარტია,15,,,12,,გიორგი,ტატიშვილი,გიორგი ტატიშვილი,მშრომელთა სოციალისტური პარტია,,party_lists_2016_georgia_unified.xlsx
parl_2016,__main__,pr,workers_socialist,მშრომელთა სოციალისტური პარტია,15,,,13,,ტარიელ,ჩაფიჩაძე,ტარიელ ჩაფიჩაძე,მშრომელთა სოციალისტური პარტია,,party_lists_2016_georgia_unified.xlsx
parl_2016,__main__,pr,workers_socialist,მშრომელთა სოციალისტური პარტია,15,,,14,,ნუგზარ,ვაშაკიძე,ნუგზარ ვაშაკიძე,მშრომელთა სოციალისტური პარტია,,party_lists_2016_georgia_unified.xlsx
parl_2016,__main__,pr,workers_socialist,მშრომელთა სოციალისტური პარტია,15,,,15,,ვენერა,კოჩორიანი,ვენერა კოჩორიანი,მშრომელთა სოციალისტური პარტია,,party_lists_2016_georgia_unified.xlsx
parl_2016,__main__,pr,workers_socialist,მშრომელთა სოციალისტური პარტია,15,,,16,,ოთარ,შანვაძე,ოთარ შანვაძე,მშრომელთა სოციალისტური პარტია,,party_lists_2016_georgia_unified.xlsx
parl_2016,__main__,pr,workers_socialist,მშრომელთა სოციალისტური პარტია,15,,,17,,ჭუჭანტელა,ქობალია,ჭუჭანტელა ქობალია,უპარტიო,,party_lists_2016_georgia_unified.xlsx
parl_2016,__main__,pr,workers_socialist,მშრომელთა სოციალისტური პარტია,15,,,18,,თენგიზი,სიგუა,თენგიზი სიგუა,უპარტიო,,party_lists_2016_georgia_unified.xlsx
parl_2016,__main__,pr,workers_socialist,მშრომელთა სოციალისტური პარტია,15,,,19,,ნორა,ფილიევი,ნორა ფილიევი,მშრომელთა სოციალისტური პარტია,,party_lists_2016_georgia_unified.xlsx
parl_2016,__main__,pr,workers_socialist,მშრომელთა სოციალისტური პარტია,15,,,20,,გიული,ჩაფიჩაძე,გიული ჩაფიჩაძე,მშრომელთა სოციალისტური პარტია,,party_lists_2016_georgia_unified.xlsx
parl_2016,__main__,pr,workers_socialist,მშრომელთა სოციალისტური პარტია,15,,,21,,ლევან,გაგუა,ლევან გაგუა,მშრომელთა სოციალისტური პარტია,,party_lists_2016_georgia_unified.xlsx
parl_2016,__main__,pr,workers_socialist,მშრომელთა სოციალისტური პარტია,15,,,22,,ვენგერ,ბენდელიანი,ვენგერ ბენდელიანი,მშრომელთა სოციალისტური პარტია,,party_lists_2016_georgia_unified.xlsx
parl_2016,__main__,pr,workers_socialist,მშრომელთა სოციალისტური პარტია,15,,,23,,გიორგი,ჯაფოშვილი,გიორგი ჯაფოშვილი,უპარტიო,,party_lists_2016_georgia_unified.xlsx
parl_2016,__main__,pr,workers_socialist,მშრომელთა სოციალისტური პარტია,15,,,24,,ნინა,კაჭარავა,ნინა კაჭარავა,მშრომელთა სოციალისტური პარტია,,party_lists_2016_georgia_unified.xlsx
parl_2016,__main__,pr,workers_socialist,მშრომელთა სოციალისტური პარტია,15,,,25,,ლიანა,წიკლაური,ლიანა წიკლაური,მშრომელთა სოციალისტური პარტია,,party_lists_2016_georgia_unified.xlsx
parl_2016,__main__,pr,workers_socialist,მშრომელთა სოციალისტური პარტია,15,,,26,,გიორგი,არაბიძე,გიორგი არაბიძე,უპარტიო,,party_lists_2016_georgia_unified.xlsx
parl_2016,__main__,pr,workers_socialist,მშრომელთა სოციალისტური პარტია,15,,,27,,შოთა,მეძველია,შოთა მეძველია,მშრომელთა სოციალისტური პარტია,,party_lists_2016_georgia_unified.xlsx
parl_2016,__main__,pr,workers_socialist,მშრომელთა სოციალისტური პარტია,15,,,28,,მერი,გოგია,მერი გოგია,უპარტიო,,party_lists_2016_georgia_unified.xlsx
parl_2016,__main__,pr,workers_socialist,მშრომელთა სოციალისტური პარტია,15,,,29,,იური,ოდიშარია,იური ოდიშარია,უპარტიო,,party_lists_2016_georgia_unified.xlsx
parl_2016,__main__,pr,workers_socialist,მშრომელთა სოციალისტური პარტია,15,,,30,,იოსებ,ოდიშარია,იოსებ ოდიშარია,უპარტიო,,party_lists_2016_georgia_unified.xlsx
parl_2016,__main__,pr,workers_socialist,მშრომელთა სოციალისტური პარტია,15,,,31,,დალი,ოდიშარია,დალი ოდიშარია,უპარტიო,,party_lists_2016_georgia_unified.xlsx
parl_2016,__main__,pr,workers_socialist,მშრომელთა სოციალისტური პარტია,15,,,32,,მიხეილ,მამიკონიანი,მიხეილ მამიკონიანი,მშრომელთა სოციალისტური პარტია,,party_lists_2016_georgia_unified.xlsx
parl_2016,__main__,pr,workers_socialist,მშრომელთა სოციალისტური პარტია,15,,,33,,მალხაზ,მშვიდობაძე,მალხაზ მშვიდობაძე,მშრომელთა სოციალისტური პარტია,,party_lists_2016_georgia_unified.xlsx
parl_2016,__main__,pr,workers_socialist,მშრომელთა სოციალისტური პარტია,15,,,34,,გიორგი,ყუშიტაშვილი,გიორგი ყუშიტაშვილი,უპარტიო,,party_lists_2016_georgia_unified.xlsx
parl_2016,__main__,pr,workers_socialist,მშრომელთა სოციალისტური პარტია,15,,,35,,აიდა,გასპარიანი,აიდა გასპარიანი,უპარტიო,,party_lists_2016_georgia_unified.xlsx
parl_2016,__main__,pr,workers_socialist,მშრომელთა სოციალისტური პარტია,15,,,36,,მანანა,ტატიშვილი,მანანა ტატიშვილი,უპარტიო,,party_lists_2016_georgia_unified.xlsx
parl_2016,__main__,pr,workers_socialist,მშრომელთა სოციალისტური პარტია,15,,,37,,გიორგი,ბექაური,გიორგი ბექაური,მშრომელთა სოციალისტური პარტია,,party_lists_2016_georgia_unified.xlsx
parl_2016,__main__,pr,workers_socialist,მშრომელთა სოციალისტური პარტია,15,,,38,,ვარლამ,ტაბატაძე,ვარლამ ტაბატაძე,მშრომელთა სოციალისტური პარტია,,party_lists_2016_georgia_unified.xlsx
parl_2016,__main__,pr,workers_socialist,მშრომელთა სოციალისტური პარტია,15,,,39,,გრეტა,ნოზაძე,გრეტა ნოზაძე,უპარტიო,,party_lists_2016_georgia_unified.xlsx
parl_2016,__main__,pr,workers_socialist,მშრომელთა სოციალისტური პარტია,15,,,40,,ლიანა,ჩიხლაძე,ლიანა ჩიხლაძე,უპარტიო,,party_lists_2016_georgia_unified.xlsx
parl_2016,__main__,pr,workers_socialist,მშრომელთა სოციალისტური პარტია,15,,,41,,გურამ,კოპაძე,გურამ კოპაძე,უპარტიო,,party_lists_2016_georgia_unified.xlsx
parl_2016,__main__,pr,workers_socialist,მშრომელთა სოციალისტური პარტია,15,,,42,,ნანი,მიქელიშვილი,ნანი მიქელიშვილი,უპარტიო,,party_lists_2016_georgia_unified.xlsx
parl_2016,__main__,pr,workers_socialist,მშრომელთა სოციალისტური პარტია,15,,,43,,კონსტანტინებაშარული,მშრომელთა,კონსტანტინებაშარული მშრომელთა,სოციალისტური პარტია,,party_lists_2016_georgia_unified.xlsx
parl_2016,__main__,pr,workers_socialist,მშრომელთა სოციალისტური პარტია,15,,,44,,მარინე,კეზევაძე,მარინე კეზევაძე,უპარტიო,,party_lists_2016_georgia_unified.xlsx
parl_2016,__main__,pr,workers_socialist,მშრომელთა სოციალისტური პარტია,15,,,45,,თენგიზი,ლაშქარაშვილი,თენგიზი ლაშქარაშვილი,უპარტიო,,party_lists_2016_georgia_unified.xlsx
parl_2016,__main__,pr,workers_socialist,მშრომელთა სოციალისტური პარტია,15,,,46,,ვიოლა,მამალაძე,ვიოლა მამალაძე,უპარტიო,,party_lists_2016_georgia_unified.xlsx
parl_2016,__main__,pr,workers_socialist,მშრომელთა სოციალისტური პარტია,15,,,47,,ზურაბი,შიოშვილი,ზურაბი შიოშვილი,უპარტიო,,party_lists_2016_georgia_unified.xlsx
parl_2016,__main__,pr,workers_socialist,მშრომელთა სოციალისტური პარტია,15,,,48,,ალექსანდრე,ხატიაშვილი,ალექსანდრე ხატიაშვილი,მშრომელთა სოციალისტური პარტია,,party_lists_2016_georgia_unified.xlsx
parl_2016,__main__,pr,workers_socialist,მშრომელთა სოციალისტური პარტია,15,,,49,,ბიჭიკო,კირეულიშვილი,ბიჭიკო კირეულიშვილი,მშრომელთა სოციალისტური პარტია,,party_lists_2016_georgia_unified.xlsx
parl_2016,__main__,pr,workers_socialist,მშრომელთა სოციალისტური პარტია,15,,,50,,ლეილა,გიორგობიანი,ლეილა გიორგობიანი,მშრომელთა სოციალისტური პარტია,,party_lists_2016_georgia_unified.xlsx
parl_2016,__main__,pr,workers_socialist,მშრომელთა სოციალისტური პარტია,15,,,51,,სოფიო,ვაშაკიძე,სოფიო ვაშაკიძე,უპარტიო,,party_lists_2016_georgia_unified.xlsx
parl_2016,__main__,pr,workers_socialist,მშრომელთა სოციალისტური პარტია,15,,,52,,თამარ,ჯოლოხავა,თამარ ჯოლოხავა,უპარტიო,,party_lists_2016_georgia_unified.xlsx
parl_2016,__main__,pr,workers_socialist,მშრომელთა სოციალისტური პარტია,15,,,53,,ირმა,ავაქიანი,ირმა ავაქიანი,უპარტიო,,party_lists_2016_georgia_unified.xlsx
parl_2016,__main__,pr,workers_socialist,მშრომელთა სოციალისტური პარტია,15,,,54,,მამუკა,შიოშვილი,მამუკა შიოშვილი,უპარტიო,,party_lists_2016_georgia_unified.xlsx
parl_2016,__main__,pr,workers_socialist,მშრომელთა სოციალისტური პარტია,15,,,55,,ჯენი,ჩოფიკაშვილი,ჯენი ჩოფიკაშვილი,უპარტიო,,party_lists_2016_georgia_unified.xlsx
parl_2016,__main__,pr,workers_socialist,მშრომელთა სოციალისტური პარტია,15,,,56,,ნინო,ცქიფურიშვილი,ნინო ცქიფურიშვილი,მშრომელთა სოციალისტური პარტია,,party_lists_2016_georgia_unified.xlsx
parl_2016,__main__,pr,workers_socialist,მშრომელთა სოციალისტური პარტია,15,,,57,,ოთარ,წიკლაური,ოთარ წიკლაური,მშრომელთა სოციალისტური პარტია,,party_lists_2016_georgia_unified.xlsx
parl_2016,__main__,pr,workers_socialist,მშრომელთა სოციალისტური პარტია,15,,,58,,ვაჟა,ჯალიაშვილი,ვაჟა ჯალიაშვილი,მშრომელთა სოციალისტური პარტია,,party_lists_2016_georgia_unified.xlsx
parl_2016,__main__,pr,workers_socialist,მშრომელთა სოციალისტური პარტია,15,,,59,,თეიმურაზ,დიდებაშვილი,თეიმურაზ დიდებაშვილი,უპარტიო,,party_lists_2016_georgia_unified.xlsx
parl_2016,__main__,pr,workers_socialist,მშრომელთა სოციალისტური პარტია,15,,,60,,მერაბ,გოგოლაძე,მერაბ გოგოლაძე,უპარტიო,,party_lists_2016_georgia_unified.xlsx
parl_2016,__main__,pr,workers_socialist,მშრომელთა სოციალისტური პარტია,15,,,61,,სოფიო,ნიკოლაენკო,სოფიო ნიკოლაენკო,უპარტიო,,party_lists_2016_georgia_unified.xlsx
parl_2016,__main__,pr,workers_socialist,მშრომელთა სოციალისტური პარტია,15,,,62,,ვასილ,ვირაბიანი,ვასილ ვირაბიანი,უპარტიო,,party_lists_2016_georgia_unified.xlsx
parl_2016,__main__,pr,workers_socialist,მშრომელთა სოციალისტური პარტია,15,,,63,,მარინა,გასანოვი,მარინა გასანოვი,უპარტიო,,party_lists_2016_georgia_unified.xlsx
parl_2016,__main__,pr,workers_socialist,მშრომელთა სოციალისტური პარტია,15,,,64,,ალბერტ,სარქისოვი,ალბერტ სარქისოვი,უპარტიო,,party_lists_2016_georgia_unified.xlsx
parl_2016,__main__,pr,workers_socialist,მშრომელთა სოციალისტური პარტია,15,,,65,,მილენა,სარქისიანი,მილენა სარქისიანი,უპარტიო,,party_lists_2016_georgia_unified.xlsx
parl_2016,__main__,pr,workers_socialist,მშრომელთა სოციალისტური პარტია,15,,,66,,ვენერა,რუხაძე,ვენერა რუხაძე,მშრომელთა სოციალისტური პარტია,,party_lists_2016_georgia_unified.xlsx
parl_2016,__main__,pr,workers_socialist,მშრომელთა სოციალისტური პარტია,15,,,67,,სუზანა,სარქისიანი,სუზანა სარქისიანი,უპარტიო,,party_lists_2016_georgia_unified.xlsx
parl_2016,__main__,pr,workers_socialist,მშრომელთა სოციალისტური პარტია,15,,,68,,სერგეი,მარტიროსიანი,სერგეი მარტიროსიანი,უპარტიო,,party_lists_2016_georgia_unified.xlsx
parl_2016,__main__,pr,workers_socialist,მშრომელთა სოციალისტური პარტია,15,,,69,,რევაზ,ნაცარიშვილი,რევაზ ნაცარიშვილი,უპარტიო,,party_lists_2016_georgia_unified.xlsx
parl_2016,__main__,pr,workers_socialist,მშრომელთა სოციალისტური პარტია,15,,,70,,ნუგზარ,ზოზიაშვილი,ნუგზარ ზოზიაშვილი,უპარტიო,,party_lists_2016_georgia_unified.xlsx
parl_2016,__main__,pr,workers_socialist,მშრომელთა სოციალისტური პარტია,15,,,71,,ნათია,რევაზიშვილი,ნათია რევაზიშვილი,უპარტიო,,party_lists_2016_georgia_unified.xlsx
parl_2016,__main__,pr,workers_socialist,მშრომელთა სოციალისტური პარტია,15,,,72,,იზა,მელქაძე,იზა მელქაძე,უპარტიო,,party_lists_2016_georgia_unified.xlsx
parl_2016,__main__,pr,workers_socialist,მშრომელთა სოციალისტური პარტია,15,,,73,,თამარ,დევსურაშვილი,თამარ დევსურაშვილი,უპარტიო,,party_lists_2016_georgia_unified.xlsx
parl_2016,__main__,pr,workers_socialist,მშრომელთა სოციალისტური პარტია,15,,,74,,ელმირა,საფაროვი,ელმირა საფაროვი,უპარტიო,,party_lists_2016_georgia_unified.xlsx
parl_2016,__main__,pr,workers_socialist,მშრომელთა სოციალისტური პარტია,15,,,75,,რადი,ეძგვერაძე,რადი ეძგვერაძე,უპარტიო,,party_lists_2016_georgia_unified.xlsx
parl_2016,__main__,pr,workers_socialist,მშრომელთა სოციალისტური პარტია,15,,,76,,ჯემალი,გაწერელია,ჯემალი გაწერელია,მშრომელთა სოციალისტური პარტია,,party_lists_2016_georgia_unified.xlsx
parl_2016,__main__,pr,workers_socialist,მშრომელთა სოციალისტური პარტია,15,,,77,,ვალენტინა,გრიგორიანი,ვალენტინა გრიგორიანი,უპარტიო,,party_lists_2016_georgia_unified.xlsx
parl_2016,__main__,pr,workers_socialist,მშრომელთა სოციალისტური პარტია,15,,,78,,დავით,შენგელია,დავით შენგელია,უპარტიო,,party_lists_2016_georgia_unified.xlsx
parl_2016,__main__,pr,workers_socialist,მშრომელთა სოციალისტური პარტია,15,,,79,,რაფიკ,არუთინოვი,რაფიკ არუთინოვი,უპარტიო,,party_lists_2016_georgia_unified.xlsx
parl_2016,__main__,pr,workers_socialist,მშრომელთა სოციალისტური პარტია,15,,,80,,მაია,ნიკოლაენკო,მაია ნიკოლაენკო,უპარტიო,,party_lists_2016_georgia_unified.xlsx
parl_2016,__main__,pr,workers_socialist,მშრომელთა სოციალისტური პარტია,15,,,81,,ვართუშ,გასპარიანი,ვართუშ გასპარიანი,უპარტიო,,party_lists_2016_georgia_unified.xlsx
parl_2016,__main__,pr,workers_socialist,მშრომელთა სოციალისტური პარტია,15,,,82,,ამირან,ქოქიაშვილი,ამირან ქოქიაშვილი,უპარტიო,,party_lists_2016_georgia_unified.xlsx
parl_2016,__main__,pr,workers_socialist,მშრომელთა სოციალისტური პარტია,15,,,83,,სერგო,პაილევანიანი,სერგო პაილევანიანი,უპარტიო,,party_lists_2016_georgia_unified.xlsx
parl_2016,__main__,pr,workers_socialist,მშრომელთა სოციალისტური პარტია,15,,,84,,ირმა,მაჩაბერიძე,ირმა მაჩაბერიძე,უპარტიო,,party_lists_2016_georgia_unified.xlsx
parl_2016,__main__,pr,workers_socialist,მშრომელთა სოციალისტური პარტია,15,,,85,,თენგიზ,ცინდელიანი,თენგიზ ცინდელიანი,უპარტიო,,party_lists_2016_georgia_unified.xlsx
parl_2016,__main__,pr,workers_socialist,მშრომელთა სოციალისტური პარტია,15,,,86,,გიორგი,დევსურაშვილი,გიორგი დევსურაშვილი,მშრომელთა სოციალისტური პარტია,,party_lists_2016_georgia_unified.xlsx
parl_2016,__main__,pr,workers_socialist,მშრომელთა სოციალისტური პარტია,15,,,87,,გაიანე,მარტიროსიანი,გაიანე მარტიროსიანი,უპარტიო,,party_lists_2016_georgia_unified.xlsx
parl_2016,__main__,pr,workers_socialist,მშრომელთა სოციალისტური პარტია,15,,,88,,სერგო,გასპარიანი,სერგო გასპარიანი,უპარტიო,,party_lists_2016_georgia_unified.xlsx
parl_2016,__main__,pr,workers_socialist,მშრომელთა სოციალისტური პარტია,15,,,89,,გიორგი,მაჩაბერიძე,გიორგი მაჩაბერიძე,უპარტიო,,party_lists_2016_georgia_unified.xlsx
parl_2016,__main__,pr,workers_socialist,მშრომელთა სოციალისტური პარტია,15,,,90,,ნელი,კოპალეიშვილი,ნელი კოპალეიშვილი,უპარტიო,,party_lists_2016_georgia_unified.xlsx
parl_2016,__main__,pr,workers_socialist,მშრომელთა სოციალისტური პარტია,15,,,91,,ვასილი,დარბაისელი,ვასილი დარბაისელი,უპარტიო,,party_lists_2016_georgia_unified.xlsx
parl_2016,__main__,pr,workers_socialist,მშრომელთა სოციალისტური პარტია,15,,,92,,ვიქტორ,ალბოროვი,ვიქტორ ალბოროვი,უპარტიო,,party_lists_2016_georgia_unified.xlsx
parl_2016,__main__,pr,workers_socialist,მშრომელთა სოციალისტური პარტია,15,,,93,,გაგიკ,გრიგორიან,გაგიკ გრიგორიან,უპარტიო,,party_lists_2016_georgia_unified.xlsx
parl_2016,__main__,pr,workers_socialist,მშრომელთა სოციალისტური პარტია,15,,,94,,დიანა,გევორქიანი,დიანა გევორქიანი,უპარტიო,,party_lists_2016_georgia_unified.xlsx
parl_2016,__main__,pr,workers_socialist,მშრომელთა სოციალისტური პარტია,15,,,95,,ოგანეზ,გრიგორიანი,ოგანეზ გრიგორიანი,უპარტიო,,party_lists_2016_georgia_unified.xlsx
parl_2016,__main__,pr,workers_socialist,მშრომელთა სოციალისტური პარტია,15,,,96,,პაატა,ჩიხრაძე,პაატა ჩიხრაძე,უპარტიო,,party_lists_2016_georgia_unified.xlsx
parl_2016,__main__,pr,workers_socialist,მშრომელთა სოციალისტური პარტია,15,,,97,,ანა,რევაზიშვილი,ანა რევაზიშვილი,უპარტიო,,party_lists_2016_georgia_unified.xlsx
parl_2016,__main__,pr,workers_socialist,მშრომელთა სოციალისტური პარტია,15,,,98,,ლიანა,ვაშაკიძე,ლიანა ვაშაკიძე,მშრომელთა სოციალისტური პარტია,,party_lists_2016_georgia_unified.xlsx
parl_2016,__main__,pr,workers_socialist,მშრომელთა სოციალისტური პარტია,15,,,99,,ლემა,მიქაბერიძე,ლემა მიქაბერიძე,უპარტიო,,party_lists_2016_georgia_unified.xlsx
parl_2016,__main__,pr,workers_socialist,მშრომელთა სოციალისტური პარტია,15,,,100,,არტური,გობოზოვი,არტური გობოზოვი,უპარტიო,,party_lists_2016_georgia_unified.xlsx
parl_2016,__main__,pr,workers_socialist,მშრომელთა სოციალისტური პარტია,15,,,101,,კონსტანტინე,ყაზახაშვილი,კონსტანტინე ყაზახაშვილი,უპარტიო,,party_lists_2016_georgia_unified.xlsx
parl_2016,__main__,pr,workers_socialist,მშრომელთა სოციალისტური პარტია,15,,,102,,თეიმურაზ,არუთინოვი,თეიმურაზ არუთინოვი,უპარტიო,,party_lists_2016_georgia_unified.xlsx
parl_2016,__main__,pr,workers_socialist,მშრომელთა სოციალისტური პარტია,15,,,103,,ნანი,ქევხიშვილი,ნანი ქევხიშვილი,უპარტიო,,party_lists_2016_georgia_unified.xlsx
parl_2016,__main__,pr,workers_socialist,მშრომელთა სოციალისტური პარტია,15,,,104,,მამუკა,ჩაჩიბაია,მამუკა ჩაჩიბაია,უპარტიო,,party_lists_2016_georgia_unified.xlsx
parl_2016,__main__,pr,workers_socialist,მშრომელთა სოციალისტური პარტია,15,,,105,,დიმიტრი,მოსულიშვილი,დიმიტრი მოსულიშვილი,მშრომელთა სოციალისტური პარტია,,party_lists_2016_georgia_unified.xlsx
parl_2016,__main__,pr,workers_socialist,მშრომელთა სოციალისტური პარტია,15,,,106,,დარეჯან,გვილია,დარეჯან გვილია,უპარტიო,,party_lists_2016_georgia_unified.xlsx
parl_2016,__main__,pr,workers_socialist,მშრომელთა სოციალისტური პარტია,15,,,107,,ელენე,ტაბატაძე,ელენე ტაბატაძე,უპარტიო,,party_lists_2016_georgia_unified.xlsx
parl_2016,__main__,pr,workers_socialist,მშრომელთა სოციალისტური პარტია,15,,,108,,მანანა,კოპალეიშვილი,მანანა კოპალეიშვილი,უპარტიო,,party_lists_2016_georgia_unified.xlsx
parl_2016,__main__,pr,workers_socialist,მშრომელთა სოციალისტური პარტია,15,,,109,,მარიამი,ჩხიკვაძე,მარიამი ჩხიკვაძე,უპარტიო,,party_lists_2016_georgia_unified.xlsx
parl_2016,__main__,pr,workers_socialist,მშრომელთა სოციალისტური პარტია,15,,,110,,ირა,თათარაშვილი,ირა თათარაშვილი,უპარტიო,,party_lists_2016_georgia_unified.xlsx
parl_2016,__main__,pr,workers_socialist,მშრომელთა სოციალისტური პარტია,15,,,111,,გივი,ზაკალაშვილი,გივი ზაკალაშვილი,უპარტიო,,party_lists_2016_georgia_unified.xlsx
parl_2016,__main__,pr,united_communist_2016,საქართველოს ერთიანი კომუნისტური პარტია,16,,,1,,ვალერი,კვარაცხელია,ვალერი კვარაცხელია,"""ნეიტრალური საქართველო""",,party_lists_2016_georgia_unified.xlsx
parl_2016,__main__,pr,united_communist_2016,საქართველოს ერთიანი კომუნისტური პარტია,16,,,2,,თეიმურაზ,სამნიძე,თეიმურაზ სამნიძე,საქართველოს ერთიანი კომუნისტური პარტია,,party_lists_2016_georgia_unified.xlsx
parl_2016,__main__,pr,united_communist_2016,საქართველოს ერთიანი კომუნისტური პარტია,16,,,3,,თემურ,ფიფია,თემურ ფიფია,საქართველოს ერთიანი კომუნისტური პარტია,,party_lists_2016_georgia_unified.xlsx
parl_2016,__main__,pr,united_communist_2016,საქართველოს ერთიანი კომუნისტური პარტია,16,,,4,,ალიკო,ლურსმანაშვილი,ალიკო ლურსმანაშვილი,საქართველოს ერთიანი კომუნისტური პარტია,,party_lists_2016_georgia_unified.xlsx
parl_2016,__main__,pr,united_communist_2016,საქართველოს ერთიანი კომუნისტური პარტია,16,,,5,,ჟიული,სიყმაშვილი,ჟიული სიყმაშვილი,საქართველოს ერთიანი კომუნისტური პარტია,,party_lists_2016_georgia_unified.xlsx
parl_2016,__main__,pr,united_communist_2016,საქართველოს ერთიანი კომუნისტური პარტია,16,,,6,,ზაური,კაჭკაჭიშვილი,ზაური კაჭკაჭიშვილი,საქართველოს ერთიანი კომუნისტური პარტია,,party_lists_2016_georgia_unified.xlsx
parl_2016,__main__,pr,united_communist_2016,საქართველოს ერთიანი კომუნისტური პარტია,16,,,7,,გურამ,კაპანაძე,გურამ კაპანაძე,საქართველოს ერთიანი კომუნისტური პარტია,,party_lists_2016_georgia_unified.xlsx
parl_2016,__main__,pr,united_communist_2016,საქართველოს ერთიანი კომუნისტური პარტია,16,,,8,,მევლუდი,ღამბაშიძე,მევლუდი ღამბაშიძე,საქართველოს ერთიანი კომუნისტური პარტია,,party_lists_2016_georgia_unified.xlsx
parl_2016,__main__,pr,united_communist_2016,საქართველოს ერთიანი კომუნისტური პარტია,16,,,9,,ელდარ,კაპანაძე,ელდარ კაპანაძე,საქართველოს ერთიანი კომუნისტური პარტია,,party_lists_2016_georgia_unified.xlsx
parl_2016,__main__,pr,united_communist_2016,საქართველოს ერთიანი კომუნისტური პარტია,16,,,10,,ამირან,ანანიძე,ამირან ანანიძე,საქართველოს ერთიანი კომუნისტური პარტია,,party_lists_2016_georgia_unified.xlsx
parl_2016,__main__,pr,united_communist_2016,საქართველოს ერთიანი კომუნისტური პარტია,16,,,11,,თეა,მამაციანი,თეა მამაციანი,საქართველოს ერთიანი კომუნისტური პარტია,,party_lists_2016_georgia_unified.xlsx
parl_2016,__main__,pr,united_communist_2016,საქართველოს ერთიანი კომუნისტური პარტია,16,,,12,,ციცინო,ცინცაძე,ციცინო ცინცაძე,საქართველოს ერთიანი კომუნისტური პარტია,,party_lists_2016_georgia_unified.xlsx
parl_2016,__main__,pr,united_communist_2016,საქართველოს ერთიანი კომუნისტური პარტია,16,,,13,,ინგა,ძირკვაძე,ინგა ძირკვაძე,საქართველოს ერთიანი კომუნისტური პარტია,,party_lists_2016_georgia_unified.xlsx
parl_2016,__main__,pr,united_communist_2016,საქართველოს ერთიანი კომუნისტური პარტია,16,,,14,,ჯემალ,სამნიძე,ჯემალ სამნიძე,საქართველოს ერთიანი კომუნისტური პარტია,,party_lists_2016_georgia_unified.xlsx
parl_2016,__main__,pr,united_communist_2016,საქართველოს ერთიანი კომუნისტური პარტია,16,,,15,,სიმონ,ფუტკარაძე,სიმონ ფუტკარაძე,საქართველოს ერთიანი კომუნისტური პარტია,,party_lists_2016_georgia_unified.xlsx
parl_2016,__main__,pr,united_communist_2016,საქართველოს ერთიანი კომუნისტური პარტია,16,,,16,,სურენი,მარტიროსიანი,სურენი მარტიროსიანი,საქართველოს ერთიანი კომუნისტური პარტია,,party_lists_2016_georgia_unified.xlsx
parl_2016,__main__,pr,united_communist_2016,საქართველოს ერთიანი კომუნისტური პარტია,16,,,17,,ნანული,ჩამბა,ნანული ჩამბა,საქართველოს ერთიანი კომუნისტური პარტია,,party_lists_2016_georgia_unified.xlsx
parl_2016,__main__,pr,united_communist_2016,საქართველოს ერთიანი კომუნისტური პარტია,16,,,18,,ფახრად,თანირგულიევ,ფახრად თანირგულიევ,უპარტიო,,party_lists_2016_georgia_unified.xlsx
parl_2016,__main__,pr,united_communist_2016,საქართველოს ერთიანი კომუნისტური პარტია,16,,,19,,ლაშა,დავითაძე,ლაშა დავითაძე,უპარტიო,,party_lists_2016_georgia_unified.xlsx
parl_2016,__main__,pr,united_communist_2016,საქართველოს ერთიანი კომუნისტური პარტია,16,,,20,,მურადი,ხოსროშვილი,მურადი ხოსროშვილი,საქართველოს ერთიანი კომუნისტური პარტია,,party_lists_2016_georgia_unified.xlsx
parl_2016,__main__,pr,united_communist_2016,საქართველოს ერთიანი კომუნისტური პარტია,16,,,21,,ბორის,კაკაბაძე,ბორის კაკაბაძე,საქართველოს ერთიანი კომუნისტური პარტია,,party_lists_2016_georgia_unified.xlsx
parl_2016,__main__,pr,united_communist_2016,საქართველოს ერთიანი კომუნისტური პარტია,16,,,22,,ვაჟა,ბარბაქაძე,ვაჟა ბარბაქაძე,საქართველოს ერთიანი კომუნისტური პარტია,,party_lists_2016_georgia_unified.xlsx
parl_2016,__main__,pr,united_communist_2016,საქართველოს ერთიანი კომუნისტური პარტია,16,,,23,,სერგო,ამბარიანი,სერგო ამბარიანი,საქართველოს ერთიანი კომუნისტური პარტია,,party_lists_2016_georgia_unified.xlsx
parl_2016,__main__,pr,united_communist_2016,საქართველოს ერთიანი კომუნისტური პარტია,16,,,24,,სულიკო,ბერძენიშვილი,სულიკო ბერძენიშვილი,საქართველოს ერთიანი კომუნისტური პარტია,,party_lists_2016_georgia_unified.xlsx
parl_2016,__main__,pr,united_communist_2016,საქართველოს ერთიანი კომუნისტური პარტია,16,,,25,,ნათია,ბაბუნაშვილი,ნათია ბაბუნაშვილი,საქართველოს ერთიანი კომუნისტური პარტია,,party_lists_2016_georgia_unified.xlsx
parl_2016,__main__,pr,united_communist_2016,საქართველოს ერთიანი კომუნისტური პარტია,16,,,26,,კახი,ცალუღელაშვილი,კახი ცალუღელაშვილი,საქართველოს ერთიანი კომუნისტური პარტია,,party_lists_2016_georgia_unified.xlsx
parl_2016,__main__,pr,united_communist_2016,საქართველოს ერთიანი კომუნისტური პარტია,16,,,27,,გია,ნემსაძე,გია ნემსაძე,საქართველოს ერთიანი კომუნისტური პარტია,,party_lists_2016_georgia_unified.xlsx
parl_2016,__main__,pr,united_communist_2016,საქართველოს ერთიანი კომუნისტური პარტია,16,,,28,,მურაზა,თამოიანი,მურაზა თამოიანი,საქართველოს ერთიანი კომუნისტური პარტია,,party_lists_2016_georgia_unified.xlsx
parl_2016,__main__,pr,united_communist_2016,საქართველოს ერთიანი კომუნისტური პარტია,16,,,29,,ოლღა,დანელია,ოლღა დანელია,საქართველოს ერთიანი კომუნისტური პარტია,,party_lists_2016_georgia_unified.xlsx
parl_2016,__main__,pr,united_communist_2016,საქართველოს ერთიანი კომუნისტური პარტია,16,,,30,,ზვიადი,კობახიძე,ზვიადი კობახიძე,საქართველოს ერთიანი კომუნისტური პარტია,,party_lists_2016_georgia_unified.xlsx
parl_2016,__main__,pr,united_communist_2016,საქართველოს ერთიანი კომუნისტური პარტია,16,,,31,,იოსები,ალავიძე,იოსები ალავიძე,საქართველოს ერთიანი კომუნისტური პარტია,,party_lists_2016_georgia_unified.xlsx
parl_2016,__main__,pr,united_communist_2016,საქართველოს ერთიანი კომუნისტური პარტია,16,,,32,,ლიზა,კურკუმული,ლიზა კურკუმული,საქართველოს ერთიანი კომუნისტური პარტია,,party_lists_2016_georgia_unified.xlsx
parl_2016,__main__,pr,united_communist_2016,საქართველოს ერთიანი კომუნისტური პარტია,16,,,33,,ლერი,კავთელაძე,ლერი კავთელაძე,საქართველოს ერთიანი კომუნისტური პარტია,,party_lists_2016_georgia_unified.xlsx
parl_2016,__main__,pr,united_communist_2016,საქართველოს ერთიანი კომუნისტური პარტია,16,,,34,,ალექსი,უთნელიშვილი,ალექსი უთნელიშვილი,საქართველოს ერთიანი კომუნისტური პარტია,,party_lists_2016_georgia_unified.xlsx
parl_2016,__main__,pr,united_communist_2016,საქართველოს ერთიანი კომუნისტური პარტია,16,,,35,,ალექსანდრე,ქასოშვილი,ალექსანდრე ქასოშვილი,საქართველოს ერთიანი კომუნისტური პარტია,,party_lists_2016_georgia_unified.xlsx
parl_2016,__main__,pr,united_communist_2016,საქართველოს ერთიანი კომუნისტური პარტია,16,,,36,,მიშა,გეგელაშვილი,მიშა გეგელაშვილი,საქართველოს ერთიანი კომუნისტური პარტია,,party_lists_2016_georgia_unified.xlsx
parl_2016,__main__,pr,united_communist_2016,საქართველოს ერთიანი კომუნისტური პარტია,16,,,37,,ალექსანდრე,გულიკაშვილი,ალექსანდრე გულიკაშვილი,საქართველოს ერთიანი კომუნისტური პარტია,,party_lists_2016_georgia_unified.xlsx
parl_2016,__main__,pr,united_communist_2016,საქართველოს ერთიანი კომუნისტური პარტია,16,,,38,,ნაზო,სტეფანიშვილი,ნაზო სტეფანიშვილი,საქართველოს ერთიანი კომუნისტური პარტია,,party_lists_2016_georgia_unified.xlsx
parl_2016,__main__,pr,united_communist_2016,საქართველოს ერთიანი კომუნისტური პარტია,16,,,39,,გიორგი,სტეფანიშვილი,გიორგი სტეფანიშვილი,საქართველოს ერთიანი კომუნისტური პარტია,,party_lists_2016_georgia_unified.xlsx
parl_2016,__main__,pr,united_communist_2016,საქართველოს ერთიანი კომუნისტური პარტია,16,,,40,,ვლადიმერ,ბერიკაშვილი,ვლადიმერ ბერიკაშვილი,საქართველოს ერთიანი კომუნისტური პარტია,,party_lists_2016_georgia_unified.xlsx
parl_2016,__main__,pr,united_communist_2016,საქართველოს ერთიანი კომუნისტური პარტია,16,,,41,,ვასილ,სიდამონიძე,ვასილ სიდამონიძე,საქართველოს ერთიანი კომუნისტური პარტია,,party_lists_2016_georgia_unified.xlsx
parl_2016,__main__,pr,united_communist_2016,საქართველოს ერთიანი კომუნისტური პარტია,16,,,42,,ნელი,ინაური,ნელი ინაური,საქართველოს ერთიანი კომუნისტური პარტია,,party_lists_2016_georgia_unified.xlsx
parl_2016,__main__,pr,united_communist_2016,საქართველოს ერთიანი კომუნისტური პარტია,16,,,43,,მაყვალა,შატაკიშვილი,მაყვალა შატაკიშვილი,საქართველოს ერთიანი კომუნისტური პარტია,,party_lists_2016_georgia_unified.xlsx
parl_2016,__main__,pr,united_communist_2016,საქართველოს ერთიანი კომუნისტური პარტია,16,,,44,,შალიკო,ბუზიაშვილი,შალიკო ბუზიაშვილი,საქართველოს ერთიანი კომუნისტური პარტია,,party_lists_2016_georgia_unified.xlsx
parl_2016,__main__,pr,united_communist_2016,საქართველოს ერთიანი კომუნისტური პარტია,16,,,45,,ლევან,სადღობელაშვილი,ლევან სადღობელაშვილი,საქართველოს ერთიანი კომუნისტური პარტია,,party_lists_2016_georgia_unified.xlsx
parl_2016,__main__,pr,united_communist_2016,საქართველოს ერთიანი კომუნისტური პარტია,16,,,46,,ავთანდილი,გეჯაძე,ავთანდილი გეჯაძე,საქართველოს ერთიანი კომუნისტური პარტია,,party_lists_2016_georgia_unified.xlsx
parl_2016,__main__,pr,united_communist_2016,საქართველოს ერთიანი კომუნისტური პარტია,16,,,47,,ალიარ,ალიევი,ალიარ ალიევი,საქართველოს ერთიანი კომუნისტური პარტია,,party_lists_2016_georgia_unified.xlsx
parl_2016,__main__,pr,united_communist_2016,საქართველოს ერთიანი კომუნისტური პარტია,16,,,48,,ივანე,ბუჩუკური,ივანე ბუჩუკური,საქართველოს ერთიანი კომუნისტური პარტია,,party_lists_2016_georgia_unified.xlsx
parl_2016,__main__,pr,united_communist_2016,საქართველოს ერთიანი კომუნისტური პარტია,16,,,49,,ელგუჯა,მამუკელაშვილი,ელგუჯა მამუკელაშვილი,უპარტიო,,party_lists_2016_georgia_unified.xlsx
parl_2016,__main__,pr,united_communist_2016,საქართველოს ერთიანი კომუნისტური პარტია,16,,,50,,ვიტალი,მარგალიტაშვილი,ვიტალი მარგალიტაშვილი,უპარტიო,,party_lists_2016_georgia_unified.xlsx
parl_2016,__main__,pr,united_communist_2016,საქართველოს ერთიანი კომუნისტური პარტია,16,,,51,,თამხუტა,გოგოლი,თამხუტა გოგოლი,საქართველოს ერთიანი კომუნისტური პარტია,,party_lists_2016_georgia_unified.xlsx
parl_2016,__main__,pr,united_communist_2016,საქართველოს ერთიანი კომუნისტური პარტია,16,,,52,,ჯანიკო,კირვალიძე,ჯანიკო კირვალიძე,საქართველოს ერთიანი კომუნისტური პარტია,,party_lists_2016_georgia_unified.xlsx
parl_2016,__main__,pr,united_communist_2016,საქართველოს ერთიანი კომუნისტური პარტია,16,,,53,,გენადი,სამურკასოვი,გენადი სამურკასოვი,საქართველოს ერთიანი კომუნისტური პარტია,,party_lists_2016_georgia_unified.xlsx
parl_2016,__main__,pr,united_communist_2016,საქართველოს ერთიანი კომუნისტური პარტია,16,,,54,,ლელა,ბოკუჩავა,ლელა ბოკუჩავა,უპარტიო,,party_lists_2016_georgia_unified.xlsx
parl_2016,__main__,pr,united_communist_2016,საქართველოს ერთიანი კომუნისტური პარტია,16,,,55,,ჯემალი,გერსამია,ჯემალი გერსამია,საქართველოს ერთიანი კომუნისტური პარტია,,party_lists_2016_georgia_unified.xlsx
parl_2016,__main__,pr,united_communist_2016,საქართველოს ერთიანი კომუნისტური პარტია,16,,,56,,ავთანდილი,ქიმაძე,ავთანდილი ქიმაძე,საქართველოს ერთიანი კომუნისტური პარტია,,party_lists_2016_georgia_unified.xlsx
parl_2016,__main__,pr,united_communist_2016,საქართველოს ერთიანი კომუნისტური პარტია,16,,,57,,ემზარი,მაისურაძე,ემზარი მაისურაძე,საქართველოს ერთიანი კომუნისტური პარტია,,party_lists_2016_georgia_unified.xlsx
parl_2016,__main__,pr,united_communist_2016,საქართველოს ერთიანი კომუნისტური პარტია,16,,,58,,ზვიად,აბრამიშვილი,ზვიად აბრამიშვილი,საქართველოს ერთიანი კომუნისტური პარტია,,party_lists_2016_georgia_unified.xlsx
parl_2016,__main__,pr,united_communist_2016,საქართველოს ერთიანი კომუნისტური პარტია,16,,,59,,მურთაზ,ჭანტურია,მურთაზ ჭანტურია,უპარტიო,,party_lists_2016_georgia_unified.xlsx
parl_2016,__main__,pr,united_communist_2016,საქართველოს ერთიანი კომუნისტური პარტია,16,,,60,,გიორგი,ბურძენიძე,გიორგი ბურძენიძე,საქართველოს ერთიანი კომუნისტური პარტია,,party_lists_2016_georgia_unified.xlsx
parl_2016,__main__,pr,united_communist_2016,საქართველოს ერთიანი კომუნისტური პარტია,16,,,61,,თამარ,სებისკვერაძე,თამარ სებისკვერაძე,საქართველოს ერთიანი კომუნისტური პარტია,,party_lists_2016_georgia_unified.xlsx
parl_2016,__main__,pr,united_communist_2016,საქართველოს ერთიანი კომუნისტური პარტია,16,,,62,,გიორგი,დოკვაძე,გიორგი დოკვაძე,საქართველოს ერთიანი კომუნისტური პარტია,,party_lists_2016_georgia_unified.xlsx
parl_2016,__main__,pr,united_communist_2016,საქართველოს ერთიანი კომუნისტური პარტია,16,,,63,,როსტომ,მესხი,როსტომ მესხი,საქართველოს ერთიანი კომუნისტური პარტია,,party_lists_2016_georgia_unified.xlsx
parl_2016,__main__,pr,united_communist_2016,საქართველოს ერთიანი კომუნისტური პარტია,16,,,64,,ბაგრატი,მაჭარაშვილი,ბაგრატი მაჭარაშვილი,საქართველოს ერთიანი კომუნისტური პარტია,,party_lists_2016_georgia_unified.xlsx
parl_2016,__main__,pr,united_communist_2016,საქართველოს ერთიანი კომუნისტური პარტია,16,,,65,,დავით,კაპანაძე,დავით კაპანაძე,საქართველოს ერთიანი კომუნისტური პარტია,,party_lists_2016_georgia_unified.xlsx
parl_2016,__main__,pr,united_communist_2016,საქართველოს ერთიანი კომუნისტური პარტია,16,,,66,,ამირან,ჟალაძე,ამირან ჟალაძე,საქართველოს ერთიანი კომუნისტური პარტია,,party_lists_2016_georgia_unified.xlsx
parl_2016,__main__,pr,united_communist_2016,საქართველოს ერთიანი კომუნისტური პარტია,16,,,67,,იაზონი,აბულაძე,იაზონი აბულაძე,საქართველოს ერთიანი კომუნისტური პარტია,,party_lists_2016_georgia_unified.xlsx
parl_2016,__main__,pr,united_communist_2016,საქართველოს ერთიანი კომუნისტური პარტია,16,,,68,,რუსუდანი,ფანჩულიძე,რუსუდანი ფანჩულიძე,საქართველოს ერთიანი კომუნისტური პარტია,,party_lists_2016_georgia_unified.xlsx
parl_2016,__main__,pr,united_communist_2016,საქართველოს ერთიანი კომუნისტური პარტია,16,,,69,,ბადრი,რობაქიძე,ბადრი რობაქიძე,საქართველოს ერთიანი კომუნისტური პარტია,,party_lists_2016_georgia_unified.xlsx
parl_2016,__main__,pr,united_communist_2016,საქართველოს ერთიანი კომუნისტური პარტია,16,,,70,,ნუგზარი,ქამუშაძე,ნუგზარი ქამუშაძე,საქართველოს ერთიანი კომუნისტური პარტია,,party_lists_2016_georgia_unified.xlsx
parl_2016,__main__,pr,united_communist_2016,საქართველოს ერთიანი კომუნისტური პარტია,16,,,71,,ჯემალი,თაბაგარი,ჯემალი თაბაგარი,საქართველოს ერთიანი კომუნისტური პარტია,,party_lists_2016_georgia_unified.xlsx
parl_2016,__main__,pr,united_communist_2016,საქართველოს ერთიანი კომუნისტური პარტია,16,,,72,,ანდრო,აბულაძე,ანდრო აბულაძე,საქართველოს ერთიანი კომუნისტური პარტია,,party_lists_2016_georgia_unified.xlsx
parl_2016,__main__,pr,united_communist_2016,საქართველოს ერთიანი კომუნისტური პარტია,16,,,73,,ვარდო,გაფრინდაშვილი,ვარდო გაფრინდაშვილი,საქართველოს ერთიანი კომუნისტური პარტია,,party_lists_2016_georgia_unified.xlsx
parl_2016,__main__,pr,united_communist_2016,საქართველოს ერთიანი კომუნისტური პარტია,16,,,74,,მიხეილი,გიორგაძე,მიხეილი გიორგაძე,საქართველოს ერთიანი კომუნისტური პარტია,,party_lists_2016_georgia_unified.xlsx
parl_2016,__main__,pr,united_communist_2016,საქართველოს ერთიანი კომუნისტური პარტია,16,,,75,,თეიმურაზ,დიასამიძე,თეიმურაზ დიასამიძე,საქართველოს ერთიანი კომუნისტური პარტია,,party_lists_2016_georgia_unified.xlsx
parl_2016,__main__,pr,united_communist_2016,საქართველოს ერთიანი კომუნისტური პარტია,16,,,76,,ლევან,მენაბდე,ლევან მენაბდე,საქართველოს ერთიანი კომუნისტური პარტია,,party_lists_2016_georgia_unified.xlsx
parl_2016,__main__,pr,united_communist_2016,საქართველოს ერთიანი კომუნისტური პარტია,16,,,77,,ოთარ,გორგილაძე,ოთარ გორგილაძე,საქართველოს ერთიანი კომუნისტური პარტია,,party_lists_2016_georgia_unified.xlsx
parl_2016,__main__,pr,united_communist_2016,საქართველოს ერთიანი კომუნისტური პარტია,16,,,78,,გულნაზ,დიასამიძე,გულნაზ დიასამიძე,საქართველოს ერთიანი კომუნისტური პარტია,,party_lists_2016_georgia_unified.xlsx
parl_2016,__main__,pr,united_communist_2016,საქართველოს ერთიანი კომუნისტური პარტია,16,,,79,,აბდულ,შაქარიშვილი,აბდულ შაქარიშვილი,საქართველოს ერთიანი კომუნისტური პარტია,,party_lists_2016_georgia_unified.xlsx
parl_2016,__main__,pr,united_communist_2016,საქართველოს ერთიანი კომუნისტური პარტია,16,,,80,,გივი,კეჟერაძე,გივი კეჟერაძე,საქართველოს ერთიანი კომუნისტური პარტია,,party_lists_2016_georgia_unified.xlsx
parl_2016,__main__,pr,united_communist_2016,საქართველოს ერთიანი კომუნისტური პარტია,16,,,81,,მალხაზ,კონცელიძე,მალხაზ კონცელიძე,საქართველოს ერთიანი კომუნისტური პარტია,,party_lists_2016_georgia_unified.xlsx
parl_2016,__main__,pr,united_communist_2016,საქართველოს ერთიანი კომუნისტური პარტია,16,,,82,,ჯემალ,თედორაძე,ჯემალ თედორაძე,საქართველოს ერთიანი კომუნისტური პარტია,,party_lists_2016_georgia_unified.xlsx
parl_2016,__main__,pr,united_communist_2016,საქართველოს ერთიანი კომუნისტური პარტია,16,,,83,,მედეა,მიქელაძე,მედეა მიქელაძე,უპარტიო,,party_lists_2016_georgia_unified.xlsx
parl_2016,__main__,pr,united_communist_2016,საქართველოს ერთიანი კომუნისტური პარტია,16,,,84,,თემური,გორგილაძე,თემური გორგილაძე,საქართველოს ერთიანი კომუნისტური პარტია,,party_lists_2016_georgia_unified.xlsx
parl_2016,__main__,pr,united_communist_2016,საქართველოს ერთიანი კომუნისტური პარტია,16,,,85,,ნანული,თავართქილაძე,ნანული თავართქილაძე,საქართველოს ერთიანი კომუნისტური პარტია,,party_lists_2016_georgia_unified.xlsx
parl_2016,__main__,pr,united_communist_2016,საქართველოს ერთიანი კომუნისტური პარტია,16,,,86,,ასლან,გვარიშვილი,ასლან გვარიშვილი,საქართველოს ერთიანი კომუნისტური პარტია,,party_lists_2016_georgia_unified.xlsx
parl_2016,__main__,pr,united_communist_2016,საქართველოს ერთიანი კომუნისტური პარტია,16,,,87,,თამაზ,ართმელაძე,თამაზ ართმელაძე,საქართველოს ერთიანი კომუნისტური პარტია,,party_lists_2016_georgia_unified.xlsx
parl_2016,__main__,pr,united_communist_2016,საქართველოს ერთიანი კომუნისტური პარტია,16,,,88,,ვარლამ,გორგოშაძე,ვარლამ გორგოშაძე,საქართველოს ერთიანი კომუნისტური პარტია,,party_lists_2016_georgia_unified.xlsx
parl_2016,__main__,pr,united_communist_2016,საქართველოს ერთიანი კომუნისტური პარტია,16,,,89,,ბესიკ,შაქარიშვილი,ბესიკ შაქარიშვილი,უპარტიო,,party_lists_2016_georgia_unified.xlsx
parl_2016,__main__,pr,united_communist_2016,საქართველოს ერთიანი კომუნისტური პარტია,16,,,90,,თევრათ,გორჯელაძე,თევრათ გორჯელაძე,საქართველოს ერთიანი კომუნისტური პარტია,,party_lists_2016_georgia_unified.xlsx
parl_2016,__main__,pr,united_communist_2016,საქართველოს ერთიანი კომუნისტური პარტია,16,,,91,,ვლადიმერ,დუმბაძე,ვლადიმერ დუმბაძე,საქართველოს ერთიანი კომუნისტური პარტია,,party_lists_2016_georgia_unified.xlsx
parl_2016,__main__,pr,united_communist_2016,საქართველოს ერთიანი კომუნისტური პარტია,16,,,92,,ზურაბ,ქათამაძე,ზურაბ ქათამაძე,საქართველოს ერთიანი კომუნისტური პარტია,,party_lists_2016_georgia_unified.xlsx
parl_2016,__main__,pr,united_communist_2016,საქართველოს ერთიანი კომუნისტური პარტია,16,,,93,,პაატა,ხაჭაპურიძე,პაატა ხაჭაპურიძე,საქართველოს ერთიანი კომუნისტური პარტია,,party_lists_2016_georgia_unified.xlsx
parl_2016,__main__,pr,united_communist_2016,საქართველოს ერთიანი კომუნისტური პარტია,16,,,94,,გიორგი,გედენიძე,გიორგი გედენიძე,საქართველოს ერთიანი კომუნისტური პარტია,,party_lists_2016_georgia_unified.xlsx
parl_2016,__main__,pr,united_communist_2016,საქართველოს ერთიანი კომუნისტური პარტია,16,,,95,,გულიკო,ნიჟარაძე,გულიკო ნიჟარაძე,საქართველოს ერთიანი კომუნისტური პარტია,,party_lists_2016_georgia_unified.xlsx
parl_2016,__main__,pr,united_communist_2016,საქართველოს ერთიანი კომუნისტური პარტია,16,,,96,,მზიური,ჯანელიძე,მზიური ჯანელიძე,საქართველოს ერთიანი კომუნისტური პარტია,,party_lists_2016_georgia_unified.xlsx
parl_2016,__main__,pr,united_communist_2016,საქართველოს ერთიანი კომუნისტური პარტია,16,,,97,,მიხეილ,კოპალიანი,მიხეილ კოპალიანი,საქართველოს ერთიანი კომუნისტური პარტია,,party_lists_2016_georgia_unified.xlsx
parl_2016,__main__,pr,united_communist_2016,საქართველოს ერთიანი კომუნისტური პარტია,16,,,98,,გივი,გურეშიძე,გივი გურეშიძე,საქართველოს ერთიანი კომუნისტური პარტია,,party_lists_2016_georgia_unified.xlsx
parl_2016,__main__,pr,united_communist_2016,საქართველოს ერთიანი კომუნისტური პარტია,16,,,99,,ზურაბი,ხარატიშვილი,ზურაბი ხარატიშვილი,საქართველოს ერთიანი კომუნისტური პარტია,,party_lists_2016_georgia_unified.xlsx
parl_2016,__main__,pr,united_communist_2016,საქართველოს ერთიანი კომუნისტური პარტია,16,,,100,,ნარგიზი,ხვედელიძე,ნარგიზი ხვედელიძე,საქართველოს ერთიანი კომუნისტური პარტია,,party_lists_2016_georgia_unified.xlsx
parl_2016,__main__,pr,united_communist_2016,საქართველოს ერთიანი კომუნისტური პარტია,16,,,101,,სპირიდონ,კაციტაძე,სპირიდონ კაციტაძე,საქართველოს ერთიანი კომუნისტური პარტია,,party_lists_2016_georgia_unified.xlsx
parl_2016,__main__,pr,united_communist_2016,საქართველოს ერთიანი კომუნისტური პარტია,16,,,102,,თამაზ,გაფრინდაშვილი,თამაზ გაფრინდაშვილი,საქართველოს ერთიანი კომუნისტური პარტია,,party_lists_2016_georgia_unified.xlsx
parl_2016,__main__,pr,united_communist_2016,საქართველოს ერთიანი კომუნისტური პარტია,16,,,103,,ვალერიანე,კაპანაძე,ვალერიანე კაპანაძე,უპარტიო,,party_lists_2016_georgia_unified.xlsx
parl_2016,__main__,pr,united_communist_2016,საქართველოს ერთიანი კომუნისტური პარტია,16,,,104,,გიორგი,გაფრინდაშვილი,გიორგი გაფრინდაშვილი,უპარტიო,,party_lists_2016_georgia_unified.xlsx
parl_2016,__main__,pr,united_communist_2016,საქართველოს ერთიანი კომუნისტური პარტია,16,,,105,,ზურაბი,დოჭვირი,ზურაბი დოჭვირი,უპარტიო,,party_lists_2016_georgia_unified.xlsx
parl_2016,__main__,pr,united_communist_2016,საქართველოს ერთიანი კომუნისტური პარტია,16,,,106,,ირაკლი,დოჭვირი,ირაკლი დოჭვირი,"""ნეიტრალური საქართველო""",,party_lists_2016_georgia_unified.xlsx
parl_2016,__main__,pr,united_communist_2016,საქართველოს ერთიანი კომუნისტური პარტია,16,,,107,,ნიკოლოზ,ბენიძე,ნიკოლოზ ბენიძე,"""ნეიტრალური საქართველო""",,party_lists_2016_georgia_unified.xlsx
parl_2016,__main__,pr,united_communist_2016,საქართველოს ერთიანი კომუნისტური პარტია,16,,,108,,გიორგი,კოპალეიშვილი,გიორგი კოპალეიშვილი,"""ნეიტრალური საქართველო""",,party_lists_2016_georgia_unified.xlsx
parl_2016,__main__,pr,united_communist_2016,საქართველოს ერთიანი კომუნისტური პარტია,16,,,109,,ვაჟა,რატიანი,ვაჟა რატიანი,"""ნეიტრალური საქართველო""",,party_lists_2016_georgia_unified.xlsx
parl_2016,__main__,pr,united_communist_2016,საქართველოს ერთიანი კომუნისტური პარტია,16,,,110,,არჩილ,მჟავანაძე,არჩილ მჟავანაძე,უპარტიო,,party_lists_2016_georgia_unified.xlsx
parl_2016,__main__,pr,united_communist_2016,საქართველოს ერთიანი კომუნისტური პარტია,16,,,111,,ვიქტორ,გელაძე,ვიქტორ გელაძე,საქართველოს ერთიანი კომუნისტური პარტია,,party_lists_2016_georgia_unified.xlsx
parl_2016,__main__,pr,united_communist_2016,საქართველოს ერთიანი კომუნისტური პარტია,16,,,112,,შალვა,შავაძე,შალვა შავაძე,საქართველოს ერთიანი კომუნისტური პარტია,,party_lists_2016_georgia_unified.xlsx
parl_2016,__main__,pr,united_communist_2016,საქართველოს ერთიანი კომუნისტური პარტია,16,,,113,,ელენე,კაზიევი,ელენე კაზიევი,საქართველოს ერთიანი კომუნისტური პარტია,,party_lists_2016_georgia_unified.xlsx
parl_2016,__main__,pr,united_communist_2016,საქართველოს ერთიანი კომუნისტური პარტია,16,,,114,,ჯონი,გორგილაძე,ჯონი გორგილაძე,საქართველოს ერთიანი კომუნისტური პარტია,,party_lists_2016_georgia_unified.xlsx
parl_2016,__main__,pr,united_communist_2016,საქართველოს ერთიანი კომუნისტური პარტია,16,,,115,,ელგუჯა,ბოგვერაძე,ელგუჯა ბოგვერაძე,საქართველოს ერთიანი კომუნისტური პარტია,,party_lists_2016_georgia_unified.xlsx
parl_2016,__main__,pr,united_communist_2016,საქართველოს ერთიანი კომუნისტური პარტია,16,,,116,,ზაური,კვაჩიძე,ზაური კვაჩიძე,საქართველოს ერთიანი კომუნისტური პარტია,,party_lists_2016_georgia_unified.xlsx
parl_2016,__main__,pr,united_communist_2016,საქართველოს ერთიანი კომუნისტური პარტია,16,,,117,,თეიმურაზ,კობახიძე,თეიმურაზ კობახიძე,საქართველოს ერთიანი კომუნისტური პარტია,,party_lists_2016_georgia_unified.xlsx
parl_2016,__main__,pr,georgia_2016,საქართველო,17,,,1,,გიორგი,ლილუაშვილი,გიორგი ლილუაშვილი,"პ /გ ""საქართველო""",,party_lists_2016_georgia_unified.xlsx
parl_2016,__main__,pr,georgia_2016,საქართველო,17,,,2,,მედეა,მახარაშვილი,მედეა მახარაშვილი,"პ /გ ""საქართველო""",,party_lists_2016_georgia_unified.xlsx
parl_2016,__main__,pr,georgia_2016,საქართველო,17,,,3,,გოჩა,ქოჩიაშვილი,გოჩა ქოჩიაშვილი,"პ /გ ""საქართველო""",,party_lists_2016_georgia_unified.xlsx
parl_2016,__main__,pr,georgia_2016,საქართველო,17,,,4,,გიორგი,გვიმრაძე,გიორგი გვიმრაძე,"პ /გ ""საქართველო""",,party_lists_2016_georgia_unified.xlsx
parl_2016,__main__,pr,georgia_2016,საქართველო,17,,,5,,ვარლამ,ავალიშვილი,ვარლამ ავალიშვილი,"პ /გ ""საქართველო""",,party_lists_2016_georgia_unified.xlsx
parl_2016,__main__,pr,georgia_2016,საქართველო,17,,,6,,დენიზა,სუმბაძე,დენიზა სუმბაძე,"პ /გ ""საქართველო""",,party_lists_2016_georgia_unified.xlsx
parl_2016,__main__,pr,georgia_2016,საქართველო,17,,,7,,ომარ,წამალაიძე,ომარ წამალაიძე,"პ /გ ""საქართველო""",,party_lists_2016_georgia_unified.xlsx
parl_2016,__main__,pr,georgia_2016,საქართველო,17,,,8,,ედუარდ,ფეიქრიშვილი,ედუარდ ფეიქრიშვილი,"პ /გ ""საქართველო""",,party_lists_2016_georgia_unified.xlsx
parl_2016,__main__,pr,georgia_2016,საქართველო,17,,,9,,თინათინ,ფალავანდიშვილი,თინათინ ფალავანდიშვილი,"პ /გ ""საქართველო""",,party_lists_2016_georgia_unified.xlsx
parl_2016,__main__,pr,georgia_2016,საქართველო,17,,,10,,მამუკა,მელიქიშვილი,მამუკა მელიქიშვილი,"პ /გ ""საქართველო""",,party_lists_2016_georgia_unified.xlsx
parl_2016,__main__,pr,georgia_2016,საქართველო,17,,,11,,გიორგი,გეგეჭკორი,გიორგი გეგეჭკორი,"პ /გ ""საქართველო""",,party_lists_2016_georgia_unified.xlsx
parl_2016,__main__,pr,georgia_2016,საქართველო,17,,,12,,თამარი,გავაშელაშვილი,თამარი გავაშელაშვილი,"პ /გ ""საქართველო""",,party_lists_2016_georgia_unified.xlsx
parl_2016,__main__,pr,georgia_2016,საქართველო,17,,,13,,დავით,სიხარულიძე,დავით სიხარულიძე,"პ /გ ""საქართველო""",,party_lists_2016_georgia_unified.xlsx
parl_2016,__main__,pr,georgia_2016,საქართველო,17,,,14,,თამაზი,ღუღუნიშვილი,თამაზი ღუღუნიშვილი,"პ /გ ""საქართველო""",,party_lists_2016_georgia_unified.xlsx
parl_2016,__main__,pr,georgia_2016,საქართველო,17,,,15,,ქეთინო,გეჯაძე,ქეთინო გეჯაძე,"პ /გ ""საქართველო""",,party_lists_2016_georgia_unified.xlsx
parl_2016,__main__,pr,georgia_2016,საქართველო,17,,,16,,გიორგი,ნიშნიანიძე,გიორგი ნიშნიანიძე,"პ /გ ""საქართველო""",,party_lists_2016_georgia_unified.xlsx
parl_2016,__main__,pr,georgia_2016,საქართველო,17,,,17,,ცირა,ჯავახიშვილი,ცირა ჯავახიშვილი,"პ /გ ""საქართველო""",,party_lists_2016_georgia_unified.xlsx
parl_2016,__main__,pr,georgia_2016,საქართველო,17,,,18,,სოსლან,ხაჩიძე,სოსლან ხაჩიძე,"პ /გ ""საქართველო""",,party_lists_2016_georgia_unified.xlsx
parl_2016,__main__,pr,georgia_2016,საქართველო,17,,,19,,ბესიკი,ადამია,ბესიკი ადამია,"პ /გ ""საქართველო""",,party_lists_2016_georgia_unified.xlsx
parl_2016,__main__,pr,georgia_2016,საქართველო,17,,,20,,მალხაზი,მუშკუდიანი,მალხაზი მუშკუდიანი,"პ /გ ""საქართველო""",,party_lists_2016_georgia_unified.xlsx
parl_2016,__main__,pr,georgia_2016,საქართველო,17,,,21,,ნიკოლოზ,ოთინაშვილი,ნიკოლოზ ოთინაშვილი,"პ /გ ""საქართველო""",,party_lists_2016_georgia_unified.xlsx
parl_2016,__main__,pr,georgia_2016,საქართველო,17,,,22,,მანანა,სტურუა,მანანა სტურუა,"პ /გ ""საქართველო""",,party_lists_2016_georgia_unified.xlsx
parl_2016,__main__,pr,georgia_2016,საქართველო,17,,,23,,გია,კაიშაური,გია კაიშაური,"პ /გ ""საქართველო""",,party_lists_2016_georgia_unified.xlsx
parl_2016,__main__,pr,georgia_2016,საქართველო,17,,,24,,გიორგი,კაკურია,გიორგი კაკურია,"პ /გ ""საქართველო""",,party_lists_2016_georgia_unified.xlsx
parl_2016,__main__,pr,georgia_2016,საქართველო,17,,,25,,მალხაზ,გველუკაშვილი,მალხაზ გველუკაშვილი,"პ /გ ""საქართველო""",,party_lists_2016_georgia_unified.xlsx
parl_2016,__main__,pr,georgia_2016,საქართველო,17,,,26,,ალექსანდრე,ხაჭაპურიძე,ალექსანდრე ხაჭაპურიძე,"პ /გ ""საქართველო""",,party_lists_2016_georgia_unified.xlsx
parl_2016,__main__,pr,georgia_2016,საქართველო,17,,,27,,ვაგიფ,მამედოვი,ვაგიფ მამედოვი,"პ /გ ""საქართველო""",,party_lists_2016_georgia_unified.xlsx
parl_2016,__main__,pr,georgia_2016,საქართველო,17,,,28,,დიმიტრი,გორდელაძე,დიმიტრი გორდელაძე,"პ /გ ""საქართველო""",,party_lists_2016_georgia_unified.xlsx
parl_2016,__main__,pr,georgia_2016,საქართველო,17,,,29,,იოსებ,მაისურაძე,იოსებ მაისურაძე,"პ /გ ""საქართველო""",,party_lists_2016_georgia_unified.xlsx
parl_2016,__main__,pr,georgia_2016,საქართველო,17,,,30,,გელა,სანიკიძე,გელა სანიკიძე,"პ /გ ""საქართველო""",,party_lists_2016_georgia_unified.xlsx
parl_2016,__main__,pr,georgia_2016,საქართველო,17,,,31,,გოჩა,ფოფხაძე,გოჩა ფოფხაძე,უპარტიო,,party_lists_2016_georgia_unified.xlsx
parl_2016,__main__,pr,georgia_2016,საქართველო,17,,,32,,გურამ,გვენეტაძე,გურამ გვენეტაძე,"პ /გ ""საქართველო""",,party_lists_2016_georgia_unified.xlsx
parl_2016,__main__,pr,georgia_2016,საქართველო,17,,,33,,გურამი,მეტეხელი,გურამი მეტეხელი,"პ /გ ""საქართველო""",,party_lists_2016_georgia_unified.xlsx
parl_2016,__main__,pr,georgia_2016,საქართველო,17,,,34,,ინგა,ლილუაშვილი,ინგა ლილუაშვილი,"პ /გ ""საქართველო""",,party_lists_2016_georgia_unified.xlsx
parl_2016,__main__,pr,georgia_2016,საქართველო,17,,,35,,გურამ,ქარელიშვილი,გურამ ქარელიშვილი,"პ /გ ""საქართველო""",,party_lists_2016_georgia_unified.xlsx
parl_2016,__main__,pr,georgia_2016,საქართველო,17,,,36,,ზურაბ,მუმლაძე,ზურაბ მუმლაძე,"პ /გ ""საქართველო""",,party_lists_2016_georgia_unified.xlsx
parl_2016,__main__,pr,georgia_2016,საქართველო,17,,,37,,თამაზ,ნემსაძე,თამაზ ნემსაძე,"პ /გ ""საქართველო""",,party_lists_2016_georgia_unified.xlsx
parl_2016,__main__,pr,georgia_2016,საქართველო,17,,,38,,შალვა,ნემსაძე,შალვა ნემსაძე,"პ /გ ""საქართველო""",,party_lists_2016_georgia_unified.xlsx
parl_2016,__main__,pr,georgia_2016,საქართველო,17,,,39,,ლეილა,ხარაიშვილი,ლეილა ხარაიშვილი,"პ /გ ""საქართველო""",,party_lists_2016_georgia_unified.xlsx
parl_2016,__main__,pr,georgia_2016,საქართველო,17,,,40,,თამარ,ნაიკ,თამარ ნაიკ,"პ /გ ""საქართველო""",,party_lists_2016_georgia_unified.xlsx
parl_2016,__main__,pr,georgia_2016,საქართველო,17,,,41,,ბელა,კოპალიანი,ბელა კოპალიანი,"პ /გ ""საქართველო""",,party_lists_2016_georgia_unified.xlsx
parl_2016,__main__,pr,georgia_2016,საქართველო,17,,,42,,მარეტა,ტერ-მოსესოვა,მარეტა ტერ-მოსესოვა,"პ /გ ""საქართველო""",,party_lists_2016_georgia_unified.xlsx
parl_2016,__main__,pr,georgia_2016,საქართველო,17,,,43,,მარიანა,გულიან,მარიანა გულიან,"პ /გ ""საქართველო""",,party_lists_2016_georgia_unified.xlsx
parl_2016,__main__,pr,georgia_2016,საქართველო,17,,,44,,ნათია,ყავლაშვილი,ნათია ყავლაშვილი,"პ /გ ""საქართველო""",,party_lists_2016_georgia_unified.xlsx
parl_2016,__main__,pr,georgia_2016,საქართველო,17,,,45,,ვაჟა,მთავრიშვილი,ვაჟა მთავრიშვილი,"პ /გ ""საქართველო""",,party_lists_2016_georgia_unified.xlsx
parl_2016,__main__,pr,georgia_2016,საქართველო,17,,,46,,ვალერი,ჯაფარიძე,ვალერი ჯაფარიძე,"პ /გ ""საქართველო""",,party_lists_2016_georgia_unified.xlsx
parl_2016,__main__,pr,georgia_2016,საქართველო,17,,,47,,ვალტერ,ჩხარტიშვილი,ვალტერ ჩხარტიშვილი,"პ /გ ""საქართველო""",,party_lists_2016_georgia_unified.xlsx
parl_2016,__main__,pr,georgia_2016,საქართველო,17,,,48,,ნინო,ლაშხია,ნინო ლაშხია,"პ /გ ""საქართველო""",,party_lists_2016_georgia_unified.xlsx
parl_2016,__main__,pr,georgia_2016,საქართველო,17,,,49,,ანელი,იაშაღაშვილი,ანელი იაშაღაშვილი,"პ /გ ""საქართველო""",,party_lists_2016_georgia_unified.xlsx
parl_2016,__main__,pr,georgia_2016,საქართველო,17,,,50,,ზურაბ,ჯალაბაძე,ზურაბ ჯალაბაძე,"პ /გ ""საქართველო""",,party_lists_2016_georgia_unified.xlsx
parl_2016,__main__,pr,georgia_2016,საქართველო,17,,,51,,ზურაბ,ოკუჯავა,ზურაბ ოკუჯავა,"პ /გ ""საქართველო""",,party_lists_2016_georgia_unified.xlsx
parl_2016,__main__,pr,georgia_2016,საქართველო,17,,,52,,გოჩა,შოშიაშვილი,გოჩა შოშიაშვილი,"პ /გ ""საქართველო""",,party_lists_2016_georgia_unified.xlsx
parl_2016,__main__,pr,georgia_2016,საქართველო,17,,,53,,ვაკო,ფაჟავა,ვაკო ფაჟავა,"პ /გ ""საქართველო""",,party_lists_2016_georgia_unified.xlsx
parl_2016,__main__,pr,georgia_2016,საქართველო,17,,,54,,დავით,დავითაია,დავით დავითაია,"პ /გ ""საქართველო""",,party_lists_2016_georgia_unified.xlsx
parl_2016,__main__,pr,georgia_2016,საქართველო,17,,,55,,შიო,ნატრიაშვილი,შიო ნატრიაშვილი,"პ /გ ""საქართველო""",,party_lists_2016_georgia_unified.xlsx
parl_2016,__main__,pr,georgia_2016,საქართველო,17,,,56,,რუსუდან,ცნობილაძე,რუსუდან ცნობილაძე,"პ /გ ""საქართველო""",,party_lists_2016_georgia_unified.xlsx
parl_2016,__main__,pr,georgia_2016,საქართველო,17,,,57,,ნიკა,შაიკ-ოღლი,ნიკა შაიკ-ოღლი,"პ /გ ""საქართველო""",,party_lists_2016_georgia_unified.xlsx
parl_2016,__main__,pr,georgia_2016,საქართველო,17,,,58,,ხათუნა,ხეცურიანი,ხათუნა ხეცურიანი,"პ /გ ""საქართველო""",,party_lists_2016_georgia_unified.xlsx
parl_2016,__main__,pr,georgia_2016,საქართველო,17,,,59,,ტარასი,ობოლაძე,ტარასი ობოლაძე,"პ /გ ""საქართველო""",,party_lists_2016_georgia_unified.xlsx
parl_2016,__main__,pr,georgia_2016,საქართველო,17,,,60,,ნონა,ჭახრაკია,ნონა ჭახრაკია,"პ /გ ""საქართველო""",,party_lists_2016_georgia_unified.xlsx
parl_2016,__main__,pr,georgia_2016,საქართველო,17,,,61,,ანა,ობოლაძე,ანა ობოლაძე,"პ /გ ""საქართველო""",,party_lists_2016_georgia_unified.xlsx
parl_2016,__main__,pr,georgia_2016,საქართველო,17,,,62,,სოფიკო,გოგსაძე,სოფიკო გოგსაძე,"პ /გ ""საქართველო""",,party_lists_2016_georgia_unified.xlsx
parl_2016,__main__,pr,georgia_2016,საქართველო,17,,,63,,თემო,სილაგაძე,თემო სილაგაძე,"პ /გ ""საქართველო""",,party_lists_2016_georgia_unified.xlsx
parl_2016,__main__,pr,georgia_2016,საქართველო,17,,,64,,მანანა,საღინაძე,მანანა საღინაძე,"პ /გ ""საქართველო""",,party_lists_2016_georgia_unified.xlsx
parl_2016,__main__,pr,georgia_2016,საქართველო,17,,,65,,ქეთევან,ფუტკარაძე,ქეთევან ფუტკარაძე,"პ /გ ""საქართველო""",,party_lists_2016_georgia_unified.xlsx
parl_2016,__main__,pr,georgia_2016,საქართველო,17,,,66,,ელისო,გიგაშვილი,ელისო გიგაშვილი,"პ /გ ""საქართველო""",,party_lists_2016_georgia_unified.xlsx
parl_2016,__main__,pr,georgia_2016,საქართველო,17,,,67,,ედვარდი,გიგაშვილი,ედვარდი გიგაშვილი,"პ /გ ""საქართველო""",,party_lists_2016_georgia_unified.xlsx
parl_2016,__main__,pr,georgia_2016,საქართველო,17,,,68,,გიორგი,ჩხიკვაძე,გიორგი ჩხიკვაძე,"პ /გ ""საქართველო""",,party_lists_2016_georgia_unified.xlsx
parl_2016,__main__,pr,georgia_2016,საქართველო,17,,,69,,ნათია,ნიკოლაძე,ნათია ნიკოლაძე,"პ /გ ""საქართველო""",,party_lists_2016_georgia_unified.xlsx
parl_2016,__main__,pr,georgia_2016,საქართველო,17,,,70,,ეკატერინე,ტყეშელაძე,ეკატერინე ტყეშელაძე,"პ /გ ""საქართველო""",,party_lists_2016_georgia_unified.xlsx
parl_2016,__main__,pr,georgia_2016,საქართველო,17,,,71,,ემზარ,ლილუაშვილი,ემზარ ლილუაშვილი,"პ /გ ""საქართველო""",,party_lists_2016_georgia_unified.xlsx
parl_2016,__main__,pr,georgia_2016,საქართველო,17,,,72,,გიორგი,ქარელიშვილი,გიორგი ქარელიშვილი,"პ /გ ""საქართველო""",,party_lists_2016_georgia_unified.xlsx
parl_2016,__main__,pr,georgia_2016,საქართველო,17,,,73,,კარლო,კაბაჯიანი,კარლო კაბაჯიანი,"პ /გ ""საქართველო""",,party_lists_2016_georgia_unified.xlsx
parl_2016,__main__,pr,georgia_2016,საქართველო,17,,,74,,მარიამ,ქუთათელაძე,მარიამ ქუთათელაძე,"პ /გ ""საქართველო""",,party_lists_2016_georgia_unified.xlsx
parl_2016,__main__,pr,georgia_2016,საქართველო,17,,,75,,ზურაბი,კირეულიშვილი,ზურაბი კირეულიშვილი,"პ /გ ""საქართველო""",,party_lists_2016_georgia_unified.xlsx
parl_2016,__main__,pr,georgia_2016,საქართველო,17,,,76,,ანა,ქუთათელაძე,ანა ქუთათელაძე,"პ /გ ""საქართველო""",,party_lists_2016_georgia_unified.xlsx
parl_2016,__main__,pr,georgia_2016,საქართველო,17,,,77,,ზვიადი,კუმელაშვილი,ზვიადი კუმელაშვილი,"პ /გ ""საქართველო""",,party_lists_2016_georgia_unified.xlsx
parl_2016,__main__,pr,georgia_2016,საქართველო,17,,,78,,მზია,ქუთათელაძე,მზია ქუთათელაძე,"პ /გ ""საქართველო""",,party_lists_2016_georgia_unified.xlsx
parl_2016,__main__,pr,georgia_2016,საქართველო,17,,,79,,მირზა,ქუთათელაძე,მირზა ქუთათელაძე,"პ /გ ""საქართველო""",,party_lists_2016_georgia_unified.xlsx
parl_2016,__main__,pr,georgia_2016,საქართველო,17,,,80,,გვანცა,ჩორგოლაშვილი,გვანცა ჩორგოლაშვილი,"პ /გ ""საქართველო""",,party_lists_2016_georgia_unified.xlsx
parl_2016,__main__,pr,georgia_2016,საქართველო,17,,,81,,კახაბერ,ნასყიდაშვილი,კახაბერ ნასყიდაშვილი,"პ /გ ""საქართველო""",,party_lists_2016_georgia_unified.xlsx
parl_2016,__main__,pr,georgia_2016,საქართველო,17,,,82,,გია,გელაშვილი,გია გელაშვილი,"პ /გ ""საქართველო""",,party_lists_2016_georgia_unified.xlsx
parl_2016,__main__,pr,georgia_2016,საქართველო,17,,,83,,ნათია,ჩხენკელი,ნათია ჩხენკელი,"პ /გ ""საქართველო""",,party_lists_2016_georgia_unified.xlsx
parl_2016,__main__,pr,georgia_2016,საქართველო,17,,,84,,რევაზი,ლილუაშვილი,რევაზი ლილუაშვილი,"პ /გ ""საქართველო""",,party_lists_2016_georgia_unified.xlsx
parl_2016,__main__,pr,georgia_2016,საქართველო,17,,,85,,თემურ,კალანდია,თემურ კალანდია,"პ /გ ""საქართველო""",,party_lists_2016_georgia_unified.xlsx
parl_2016,__main__,pr,georgia_2016,საქართველო,17,,,86,,მაია,ნანობაშვილი,მაია ნანობაშვილი,"პ /გ ""საქართველო""",,party_lists_2016_georgia_unified.xlsx
parl_2016,__main__,pr,georgia_2016,საქართველო,17,,,87,,ზურაბ,სიფრაშვილი,ზურაბ სიფრაშვილი,"პ /გ ""საქართველო""",,party_lists_2016_georgia_unified.xlsx
parl_2016,__main__,pr,georgia_2016,საქართველო,17,,,88,,ნინო,გურგენაშვილი,ნინო გურგენაშვილი,"პ /გ ""საქართველო""",,party_lists_2016_georgia_unified.xlsx
parl_2016,__main__,pr,georgia_2016,საქართველო,17,,,89,,ლაშა,გურგენაშვილი,ლაშა გურგენაშვილი,"პ /გ ""საქართველო""",,party_lists_2016_georgia_unified.xlsx
parl_2016,__main__,pr,georgia_2016,საქართველო,17,,,90,,დავით,კვაშალი,დავით კვაშალი,"პ /გ ""საქართველო""",,party_lists_2016_georgia_unified.xlsx
parl_2016,__main__,pr,georgia_2016,საქართველო,17,,,91,,თენგიზ,ნემსაძე,თენგიზ ნემსაძე,"პ /გ ""საქართველო""",,party_lists_2016_georgia_unified.xlsx
parl_2016,__main__,pr,georgia_2016,საქართველო,17,,,92,,ინგა,გაგიშვილი,ინგა გაგიშვილი,"პ /გ ""საქართველო""",,party_lists_2016_georgia_unified.xlsx
parl_2016,__main__,pr,georgia_2016,საქართველო,17,,,93,,თამარი,ტაბატაძე,თამარი ტაბატაძე,"პ /გ ""საქართველო""",,party_lists_2016_georgia_unified.xlsx
parl_2016,__main__,pr,georgia_2016,საქართველო,17,,,94,,თეიმურაზ,წიკლაური,თეიმურაზ წიკლაური,"პ /გ ""საქართველო""",,party_lists_2016_georgia_unified.xlsx
parl_2016,__main__,pr,georgia_2016,საქართველო,17,,,95,,სოფიკო,ბერიანიძე,სოფიკო ბერიანიძე,"პ /გ ""საქართველო""",,party_lists_2016_georgia_unified.xlsx
parl_2016,__main__,pr,georgia_2016,საქართველო,17,,,96,,იაგო,თედიაშვილი,იაგო თედიაშვილი,"პ /გ ""საქართველო""",,party_lists_2016_georgia_unified.xlsx
parl_2016,__main__,pr,georgia_2016,საქართველო,17,,,97,,თამარი,ქათამაძე,თამარი ქათამაძე,"პ /გ ""საქართველო""",,party_lists_2016_georgia_unified.xlsx
parl_2016,__main__,pr,georgia_2016,საქართველო,17,,,98,,დარეჯან,ალანია,დარეჯან ალანია,"პ /გ ""საქართველო""",,party_lists_2016_georgia_unified.xlsx
parl_2016,__main__,pr,georgia_2016,საქართველო,17,,,99,,გიორგი,ფეიქრიშვილი,გიორგი ფეიქრიშვილი,"პ /გ ""საქართველო""",,party_lists_2016_georgia_unified.xlsx
parl_2016,__main__,pr,georgia_2016,საქართველო,17,,,100,,მარინა,კაიშაური,მარინა კაიშაური,"პ /გ ""საქართველო""",,party_lists_2016_georgia_unified.xlsx
parl_2016,__main__,pr,georgia_2016,საქართველო,17,,,101,,გვანცა,სინაურიძე,გვანცა სინაურიძე,"პ /გ ""საქართველო""",,party_lists_2016_georgia_unified.xlsx
parl_2016,__main__,pr,georgia_2016,საქართველო,17,,,102,,რათხა,ხიდიროვა,რათხა ხიდიროვა,"პ /გ ""საქართველო""",,party_lists_2016_georgia_unified.xlsx
parl_2016,__main__,pr,georgia_2016,საქართველო,17,,,103,,კახაბერ,მანგოშვილი,კახაბერ მანგოშვილი,"პ /გ ""საქართველო""",,party_lists_2016_georgia_unified.xlsx
parl_2016,__main__,pr,georgia_2016,საქართველო,17,,,104,,ალექსი,გეჯაძე,ალექსი გეჯაძე,უპარტიო,,party_lists_2016_georgia_unified.xlsx
parl_2016,__main__,pr,georgia_2016,საქართველო,17,,,105,,შორენა,კუთხაშვილი,შორენა კუთხაშვილი,"პ /გ ""საქართველო""",,party_lists_2016_georgia_unified.xlsx
parl_2016,__main__,pr,georgia_2016,საქართველო,17,,,106,,გელა,ხარაზიშვილი,გელა ხარაზიშვილი,"პ /გ ""საქართველო""",,party_lists_2016_georgia_unified.xlsx
parl_2016,__main__,pr,georgia_2016,საქართველო,17,,,107,,მარიამ,თურქაძე,მარიამ თურქაძე,"პ /გ ""საქართველო""",,party_lists_2016_georgia_unified.xlsx
parl_2016,__main__,pr,georgia_2016,საქართველო,17,,,108,,სოფო,ხვედიაშვილი,სოფო ხვედიაშვილი,"პ /გ ""საქართველო""",,party_lists_2016_georgia_unified.xlsx
parl_2016,__main__,pr,georgia_2016,საქართველო,17,,,109,,შალვა,კუპრაძე,შალვა კუპრაძე,"პ /გ ""საქართველო""",,party_lists_2016_georgia_unified.xlsx
parl_2016,__main__,pr,georgia_2016,საქართველო,17,,,110,,გია,ცარციძე,გია ცარციძე,"პ /გ ""საქართველო""",,party_lists_2016_georgia_unified.xlsx
parl_2016,__main__,pr,georgia_2016,საქართველო,17,,,111,,გოჩა,ავალიშვილი,გოჩა ავალიშვილი,"პ /გ ""საქართველო""",,party_lists_2016_georgia_unified.xlsx
parl_2016,__main__,pr,georgia_2016,საქართველო,17,,,112,,მაია,როსტიაშვილი,მაია როსტიაშვილი,"პ /გ ""საქართველო""",,party_lists_2016_georgia_unified.xlsx
parl_2016,__main__,pr,georgia_2016,საქართველო,17,,,113,,მაკა,შომახია,მაკა შომახია,"პ /გ ""საქართველო""",,party_lists_2016_georgia_unified.xlsx
parl_2016,__main__,pr,georgia_2016,საქართველო,17,,,114,,ნინო,ბუხაიძე,ნინო ბუხაიძე,"პ /გ ""საქართველო""",,party_lists_2016_georgia_unified.xlsx
parl_2016,__main__,pr,georgia_2016,საქართველო,17,,,115,,ლელა,კანდელაკი,ლელა კანდელაკი,"პ /გ ""საქართველო""",,party_lists_2016_georgia_unified.xlsx
parl_2016,__main__,pr,georgia_2016,საქართველო,17,,,116,,გოჩა,ხარაული,გოჩა ხარაული,"პ /გ ""საქართველო""",,party_lists_2016_georgia_unified.xlsx
parl_2016,__main__,pr,georgian_idea,ქართული იდეა,18,,,1,,ლევან,ჩაჩუა,ლევან ჩაჩუა,„ქართული იდეა”,,party_lists_2016_georgia_unified.xlsx
parl_2016,__main__,pr,georgian_idea,ქართული იდეა,18,,,2,,ალექსანდრე,ბრეგაძე,ალექსანდრე ბრეგაძე,უპარტიო,,party_lists_2016_georgia_unified.xlsx
parl_2016,__main__,pr,georgian_idea,ქართული იდეა,18,,,3,,ეკა,სირაძე,ეკა სირაძე,„ქართული იდეა”,,party_lists_2016_georgia_unified.xlsx
parl_2016,__main__,pr,georgian_idea,ქართული იდეა,18,,,4,,ანზორ,საკანდელიძე,ანზორ საკანდელიძე,„ქართული იდეა”,,party_lists_2016_georgia_unified.xlsx
parl_2016,__main__,pr,georgian_idea,ქართული იდეა,18,,,5,,თორნიკე,კივილაძე,თორნიკე კივილაძე,„ქართული იდეა”,,party_lists_2016_georgia_unified.xlsx
parl_2016,__main__,pr,georgian_idea,ქართული იდეა,18,,,6,,თეო,პაიჭაძე,თეო პაიჭაძე,„ქართული იდეა”,,party_lists_2016_georgia_unified.xlsx
parl_2016,__main__,pr,georgian_idea,ქართული იდეა,18,,,7,,თამაზ,ვაშაკიძე,თამაზ ვაშაკიძე,„ქართული იდეა”,,party_lists_2016_georgia_unified.xlsx
parl_2016,__main__,pr,georgian_idea,ქართული იდეა,18,,,8,,გეგა,ხვედელიძე,გეგა ხვედელიძე,„ქართული იდეა”,,party_lists_2016_georgia_unified.xlsx
parl_2016,__main__,pr,georgian_idea,ქართული იდეა,18,,,9,,ზაზა,ჩაჩუა,ზაზა ჩაჩუა,„ქართული იდეა”,,party_lists_2016_georgia_unified.xlsx
parl_2016,__main__,pr,georgian_idea,ქართული იდეა,18,,,10,,მერაბ,შათირიშვილი,მერაბ შათირიშვილი,„ქართული იდეა”,,party_lists_2016_georgia_unified.xlsx
parl_2016,__main__,pr,georgian_idea,ქართული იდეა,18,,,11,,უჩა,წიკლაური,უჩა წიკლაური,„ქართული იდეა”,,party_lists_2016_georgia_unified.xlsx
parl_2016,__main__,pr,georgian_idea,ქართული იდეა,18,,,12,,ტატიანა,შათირიშვილი,ტატიანა შათირიშვილი,„ქართული იდეა”,,party_lists_2016_georgia_unified.xlsx
parl_2016,__main__,pr,georgian_idea,ქართული იდეა,18,,,13,,გიორგი,გაბედავა,გიორგი გაბედავა,უპარტიო,,party_lists_2016_georgia_unified.xlsx
parl_2016,__main__,pr,georgian_idea,ქართული იდეა,18,,,14,,კახაბერ,კობახიძე,კახაბერ კობახიძე,უპარტიო,,party_lists_2016_georgia_unified.xlsx
parl_2016,__main__,pr,georgian_idea,ქართული იდეა,18,,,15,,ინგა,გავაშელი,ინგა გავაშელი,„ქართული იდეა”,,party_lists_2016_georgia_unified.xlsx
parl_2016,__main__,pr,georgian_idea,ქართული იდეა,18,,,16,,იოსებ,სიბოშვილი,იოსებ სიბოშვილი,„ქართული იდეა”,,party_lists_2016_georgia_unified.xlsx
parl_2016,__main__,pr,georgian_idea,ქართული იდეა,18,,,17,,ლევან,რაზმაძე,ლევან რაზმაძე,უპარტიო,,party_lists_2016_georgia_unified.xlsx
parl_2016,__main__,pr,georgian_idea,ქართული იდეა,18,,,18,,ვაჟა,ბაკაშვილი,ვაჟა ბაკაშვილი,„ქართული იდეა”,,party_lists_2016_georgia_unified.xlsx
parl_2016,__main__,pr,georgian_idea,ქართული იდეა,18,,,19,,ტარიელ,მახარაძე,ტარიელ მახარაძე,„ქართული იდეა”,,party_lists_2016_georgia_unified.xlsx
parl_2016,__main__,pr,georgian_idea,ქართული იდეა,18,,,20,,გრიგოლ,სვანიძე,გრიგოლ სვანიძე,უპარტიო,,party_lists_2016_georgia_unified.xlsx
parl_2016,__main__,pr,georgian_idea,ქართული იდეა,18,,,21,,რობერტი,წიქარიშვილი,რობერტი წიქარიშვილი,„ქართული იდეა”,,party_lists_2016_georgia_unified.xlsx
parl_2016,__main__,pr,georgian_idea,ქართული იდეა,18,,,22,,ინგა,ხაჩირაშვილი,ინგა ხაჩირაშვილი,უპარტიო,,party_lists_2016_georgia_unified.xlsx
parl_2016,__main__,pr,georgian_idea,ქართული იდეა,18,,,23,,გურამ,გოგიტიძე,გურამ გოგიტიძე,„ქართული იდეა”,,party_lists_2016_georgia_unified.xlsx
parl_2016,__main__,pr,georgian_idea,ქართული იდეა,18,,,24,,ანთიმოზი,გამცემლიძე,ანთიმოზი გამცემლიძე,„ქართული იდეა”,,party_lists_2016_georgia_unified.xlsx
parl_2016,__main__,pr,georgian_idea,ქართული იდეა,18,,,25,,ზაურ,ჯალაღონია,ზაურ ჯალაღონია,უპარტიო,,party_lists_2016_georgia_unified.xlsx
parl_2016,__main__,pr,georgian_idea,ქართული იდეა,18,,,26,,ნინო,რუსიშვილი,ნინო რუსიშვილი,„ქართული იდეა”,,party_lists_2016_georgia_unified.xlsx
parl_2016,__main__,pr,georgian_idea,ქართული იდეა,18,,,27,,დიმიტრი,ზარნაძე,დიმიტრი ზარნაძე,„ქართული იდეა”,,party_lists_2016_georgia_unified.xlsx
parl_2016,__main__,pr,georgian_idea,ქართული იდეა,18,,,28,,ნინო,ჭაბუკიანი,ნინო ჭაბუკიანი,„ქართული იდეა”,,party_lists_2016_georgia_unified.xlsx
parl_2016,__main__,pr,georgian_idea,ქართული იდეა,18,,,29,,სოფიო,ჭაბუკიანი,სოფიო ჭაბუკიანი,„ქართული იდეა”,,party_lists_2016_georgia_unified.xlsx
parl_2016,__main__,pr,georgian_idea,ქართული იდეა,18,,,30,,გიორგი,კოჭლამაზაშვილი,გიორგი კოჭლამაზაშვილი,„ქართული იდეა”,,party_lists_2016_georgia_unified.xlsx
parl_2016,__main__,pr,georgian_idea,ქართული იდეა,18,,,31,,ფრიდონ,მერებაშვილი,ფრიდონ მერებაშვილი,„ქართული იდეა”,,party_lists_2016_georgia_unified.xlsx
parl_2016,__main__,pr,georgian_idea,ქართული იდეა,18,,,32,,გიორგი,ალავერდაშვილი,გიორგი ალავერდაშვილი,„ქართული იდეა”,,party_lists_2016_georgia_unified.xlsx
parl_2016,__main__,pr,georgian_idea,ქართული იდეა,18,,,33,,აკაკი,ებრალიძე,აკაკი ებრალიძე,„ქართული იდეა”,,party_lists_2016_georgia_unified.xlsx
parl_2016,__main__,pr,georgian_idea,ქართული იდეა,18,,,34,,კონსტანტინე,გოგატიშვილი,კონსტანტინე გოგატიშვილი,„ქართული იდეა”,,party_lists_2016_georgia_unified.xlsx
parl_2016,__main__,pr,georgian_idea,ქართული იდეა,18,,,35,,მანანა,კოჭლამაზაშვილი,მანანა კოჭლამაზაშვილი,„ქართული იდეა”,,party_lists_2016_georgia_unified.xlsx
parl_2016,__main__,pr,georgian_idea,ქართული იდეა,18,,,36,,იოსებ,მინდორაშვილი,იოსებ მინდორაშვილი,„ქართული იდეა”,,party_lists_2016_georgia_unified.xlsx
parl_2016,__main__,pr,georgian_idea,ქართული იდეა,18,,,37,,გიორგი,კობალაძე,გიორგი კობალაძე,„ქართული იდეა”,,party_lists_2016_georgia_unified.xlsx
parl_2016,__main__,pr,georgian_idea,ქართული იდეა,18,,,38,,ირაკლი,ცქიტიშვილი,ირაკლი ცქიტიშვილი,„ქართული იდეა”,,party_lists_2016_georgia_unified.xlsx
parl_2016,__main__,pr,georgian_idea,ქართული იდეა,18,,,39,,გიორგი,ჭკუასელი,გიორგი ჭკუასელი,„ქართული იდეა”,,party_lists_2016_georgia_unified.xlsx
parl_2016,__main__,pr,georgian_idea,ქართული იდეა,18,,,40,,აჩიკო,დიდებაშვილი,აჩიკო დიდებაშვილი,უპარტიო,,party_lists_2016_georgia_unified.xlsx
parl_2016,__main__,pr,georgian_idea,ქართული იდეა,18,,,41,,ლიანა,გველესიანი,ლიანა გველესიანი,უპარტიო,,party_lists_2016_georgia_unified.xlsx
parl_2016,__main__,pr,georgian_idea,ქართული იდეა,18,,,42,,მარინა,ქუნთელია,მარინა ქუნთელია,უპარტიო,,party_lists_2016_georgia_unified.xlsx
parl_2016,__main__,pr,georgian_idea,ქართული იდეა,18,,,43,,ბექა,ბალავაძე,ბექა ბალავაძე,უპარტიო,,party_lists_2016_georgia_unified.xlsx
parl_2016,__main__,pr,georgian_idea,ქართული იდეა,18,,,44,,შალვა,ელიოზაშვილი,შალვა ელიოზაშვილი,„ქართული იდეა”,,party_lists_2016_georgia_unified.xlsx
parl_2016,__main__,pr,georgian_idea,ქართული იდეა,18,,,45,,ალექსანდრე,ნატროშვილი,ალექსანდრე ნატროშვილი,„ქართული იდეა”,,party_lists_2016_georgia_unified.xlsx
parl_2016,__main__,pr,georgian_idea,ქართული იდეა,18,,,46,,კახაბერი,ჯიმშელეიშვილი,კახაბერი ჯიმშელეიშვილი,უპარტიო,,party_lists_2016_georgia_unified.xlsx
parl_2016,__main__,pr,georgian_idea,ქართული იდეა,18,,,47,,ნინო,ფცქიალაძე,ნინო ფცქიალაძე,უპარტიო,,party_lists_2016_georgia_unified.xlsx
parl_2016,__main__,pr,georgian_idea,ქართული იდეა,18,,,48,,გიორგი,ლითანიშვილი,გიორგი ლითანიშვილი,უპარტიო,,party_lists_2016_georgia_unified.xlsx
parl_2016,__main__,pr,georgian_idea,ქართული იდეა,18,,,49,,ზურაბ,ჭელიძე,ზურაბ ჭელიძე,უპარტიო,,party_lists_2016_georgia_unified.xlsx
parl_2016,__main__,pr,georgian_idea,ქართული იდეა,18,,,50,,ჭაბუკი,ჭაბუკიანი,ჭაბუკი ჭაბუკიანი,უპარტიო,,party_lists_2016_georgia_unified.xlsx
parl_2016,__main__,pr,georgian_idea,ქართული იდეა,18,,,51,,ნუგზარ,წულაია,ნუგზარ წულაია,უპარტიო,,party_lists_2016_georgia_unified.xlsx
parl_2016,__main__,pr,georgian_idea,ქართული იდეა,18,,,52,,მიხეილ,მუმლაძე,მიხეილ მუმლაძე,უპარტიო,,party_lists_2016_georgia_unified.xlsx
parl_2016,__main__,pr,georgian_idea,ქართული იდეა,18,,,53,,ბექა,სანაძე,ბექა სანაძე,უპარტიო,,party_lists_2016_georgia_unified.xlsx
parl_2016,__main__,pr,georgian_idea,ქართული იდეა,18,,,54,,ბექა,ჩიკვაიძე,ბექა ჩიკვაიძე,უპარტიო,,party_lists_2016_georgia_unified.xlsx
parl_2016,__main__,pr,georgian_idea,ქართული იდეა,18,,,55,,გივი,ჩიკვაიძე,გივი ჩიკვაიძე,უპარტიო,,party_lists_2016_georgia_unified.xlsx
parl_2016,__main__,pr,georgian_idea,ქართული იდეა,18,,,56,,ეკა,ჩოგოვაძე,ეკა ჩოგოვაძე,უპარტიო,,party_lists_2016_georgia_unified.xlsx
parl_2016,__main__,pr,georgian_idea,ქართული იდეა,18,,,57,,ანზორი,ფორჩხიძე,ანზორი ფორჩხიძე,უპარტიო,,party_lists_2016_georgia_unified.xlsx
parl_2016,__main__,pr,georgian_idea,ქართული იდეა,18,,,58,,თამაზ,გოგოლაძე,თამაზ გოგოლაძე,უპარტიო,,party_lists_2016_georgia_unified.xlsx
parl_2016,__main__,pr,georgian_idea,ქართული იდეა,18,,,59,,გაგა,ცაგარეიშვილი,გაგა ცაგარეიშვილი,უპარტიო,,party_lists_2016_georgia_unified.xlsx
parl_2016,__main__,pr,georgian_idea,ქართული იდეა,18,,,60,,თინა,ჩაჩუა,თინა ჩაჩუა,უპარტიო,,party_lists_2016_georgia_unified.xlsx
parl_2016,__main__,pr,georgian_idea,ქართული იდეა,18,,,61,,სტანისლავ,სოლოღაშვილი,სტანისლავ სოლოღაშვილი,უპარტიო,,party_lists_2016_georgia_unified.xlsx
parl_2016,__main__,pr,georgian_idea,ქართული იდეა,18,,,62,,ნინო,თავყელიშვილი,ნინო თავყელიშვილი,უპარტიო,,party_lists_2016_georgia_unified.xlsx
parl_2016,__main__,pr,georgian_idea,ქართული იდეა,18,,,63,,ვალერიან,დუმბაძე,ვალერიან დუმბაძე,უპარტიო,,party_lists_2016_georgia_unified.xlsx
parl_2016,__main__,pr,georgian_idea,ქართული იდეა,18,,,64,,ზურაბ,ენუქიძე,ზურაბ ენუქიძე,უპარტიო,,party_lists_2016_georgia_unified.xlsx
parl_2016,__main__,pr,georgian_idea,ქართული იდეა,18,,,65,,ზაზა,ენუქიძე,ზაზა ენუქიძე,უპარტიო,,party_lists_2016_georgia_unified.xlsx
parl_2016,__main__,pr,georgian_idea,ქართული იდეა,18,,,66,,ბადრი,კვირიკაშვილი,ბადრი კვირიკაშვილი,უპარტიო,,party_lists_2016_georgia_unified.xlsx
parl_2016,__main__,pr,georgian_idea,ქართული იდეა,18,,,67,,კახაბერ,ნიქაბაძე,კახაბერ ნიქაბაძე,უპარტიო,,party_lists_2016_georgia_unified.xlsx
parl_2016,__main__,pr,georgian_idea,ქართული იდეა,18,,,68,,ლევან,ბუაძე,ლევან ბუაძე,უპარტიო,,party_lists_2016_georgia_unified.xlsx
parl_2016,__main__,pr,georgian_idea,ქართული იდეა,18,,,69,,ზვიადი,კურტანიძე,ზვიადი კურტანიძე,უპარტიო,,party_lists_2016_georgia_unified.xlsx
parl_2016,__main__,pr,georgian_idea,ქართული იდეა,18,,,70,,ზურაბ,ჟღენტი,ზურაბ ჟღენტი,უპარტიო,,party_lists_2016_georgia_unified.xlsx
parl_2016,__main__,pr,georgian_idea,ქართული იდეა,18,,,71,,მზია,თეზელიშვილი,მზია თეზელიშვილი,უპარტიო,,party_lists_2016_georgia_unified.xlsx
parl_2016,__main__,pr,georgian_idea,ქართული იდეა,18,,,72,,გიგა,ხელაძე,გიგა ხელაძე,უპარტიო,,party_lists_2016_georgia_unified.xlsx
parl_2016,__main__,pr,georgian_idea,ქართული იდეა,18,,,73,,რევაზ,გოგოლაშვილი,რევაზ გოგოლაშვილი,„ქართული იდეა”,,party_lists_2016_georgia_unified.xlsx
parl_2016,__main__,pr,georgian_idea,ქართული იდეა,18,,,74,,მიხეილი,ამისულაშვილი,მიხეილი ამისულაშვილი,უპარტიო,,party_lists_2016_georgia_unified.xlsx
parl_2016,__main__,pr,georgian_idea,ქართული იდეა,18,,,75,,ზაზა,კიკაბიძე,ზაზა კიკაბიძე,უპარტიო,,party_lists_2016_georgia_unified.xlsx
parl_2016,__main__,pr,georgian_idea,ქართული იდეა,18,,,76,,არჩილ,ჩუბინიძე,არჩილ ჩუბინიძე,უპარტიო,,party_lists_2016_georgia_unified.xlsx
parl_2016,__main__,pr,georgian_idea,ქართული იდეა,18,,,77,,თეიმურაზ,წიქარიშვილი,თეიმურაზ წიქარიშვილი,უპარტიო,,party_lists_2016_georgia_unified.xlsx
parl_2016,__main__,pr,georgian_idea,ქართული იდეა,18,,,78,,ზურაბი,თოლორაია,ზურაბი თოლორაია,უპარტიო,,party_lists_2016_georgia_unified.xlsx
parl_2016,__main__,pr,georgian_idea,ქართული იდეა,18,,,79,,ზაზა,ბურჯანაძე,ზაზა ბურჯანაძე,უპარტიო,,party_lists_2016_georgia_unified.xlsx
parl_2016,__main__,pr,georgian_idea,ქართული იდეა,18,,,80,,დავით,კუჭავა,დავით კუჭავა,უპარტიო,,party_lists_2016_georgia_unified.xlsx
parl_2016,__main__,pr,georgian_idea,ქართული იდეა,18,,,81,,შოთა,ანთაძე,შოთა ანთაძე,უპარტიო,,party_lists_2016_georgia_unified.xlsx
parl_2016,__main__,pr,georgian_idea,ქართული იდეა,18,,,82,,ლია,ნაკანი,ლია ნაკანი,უპარტიო,,party_lists_2016_georgia_unified.xlsx
parl_2016,__main__,pr,georgian_idea,ქართული იდეა,18,,,83,,მათე,კირკიტაძე,მათე კირკიტაძე,უპარტიო,,party_lists_2016_georgia_unified.xlsx
parl_2016,__main__,pr,georgian_idea,ქართული იდეა,18,,,84,,გიორგი,ქათამაძე,გიორგი ქათამაძე,უპარტიო,,party_lists_2016_georgia_unified.xlsx
parl_2016,__main__,pr,georgian_idea,ქართული იდეა,18,,,85,,ხატია,მირზაშვილი,ხატია მირზაშვილი,„ქართული იდეა”,,party_lists_2016_georgia_unified.xlsx
parl_2016,__main__,pr,georgian_idea,ქართული იდეა,18,,,86,,ბექა,ცქიფური,ბექა ცქიფური,„ქართული იდეა”,,party_lists_2016_georgia_unified.xlsx
parl_2016,__main__,pr,georgian_idea,ქართული იდეა,18,,,87,,ანზორ,ჩლაიძე,ანზორ ჩლაიძე,„ქართული იდეა”,,party_lists_2016_georgia_unified.xlsx
parl_2016,__main__,pr,georgian_idea,ქართული იდეა,18,,,88,,ზინა,გველესიანი,ზინა გველესიანი,„ქართული იდეა”,,party_lists_2016_georgia_unified.xlsx
parl_2016,__main__,pr,georgian_idea,ქართული იდეა,18,,,89,,გივი,ცეცხლაძე,გივი ცეცხლაძე,„ქართული იდეა”,,party_lists_2016_georgia_unified.xlsx
parl_2016,__main__,pr,georgian_idea,ქართული იდეა,18,,,90,,ბენიამინ,ქარჩხაძე,ბენიამინ ქარჩხაძე,„ქართული იდეა”,,party_lists_2016_georgia_unified.xlsx
parl_2016,__main__,pr,georgian_idea,ქართული იდეა,18,,,91,,ნუკრი,ირემაშვილი,ნუკრი ირემაშვილი,„ქართული იდეა”,,party_lists_2016_georgia_unified.xlsx
parl_2016,__main__,pr,georgian_idea,ქართული იდეა,18,,,92,,გური,ჟვანია,გური ჟვანია,„ქართული იდეა”,,party_lists_2016_georgia_unified.xlsx
parl_2016,__main__,pr,georgian_idea,ქართული იდეა,18,,,93,,ალექსანდრე,რაზმაძე,ალექსანდრე რაზმაძე,„ქართული იდეა”,,party_lists_2016_georgia_unified.xlsx
parl_2016,__main__,pr,georgian_idea,ქართული იდეა,18,,,94,,ზაზა,ყურუა,ზაზა ყურუა,„ქართული იდეა”,,party_lists_2016_georgia_unified.xlsx
parl_2016,__main__,pr,georgian_idea,ქართული იდეა,18,,,95,,მალხაზი,კასრაძე,მალხაზი კასრაძე,„ქართული იდეა”,,party_lists_2016_georgia_unified.xlsx
parl_2016,__main__,pr,georgian_idea,ქართული იდეა,18,,,96,,გიორგი,ღვინიაშვილი,გიორგი ღვინიაშვილი,„ქართული იდეა”,,party_lists_2016_georgia_unified.xlsx
parl_2016,__main__,pr,georgian_idea,ქართული იდეა,18,,,97,,ელეონორა,მარგველანი,ელეონორა მარგველანი,„ქართული იდეა”,,party_lists_2016_georgia_unified.xlsx
parl_2016,__main__,pr,georgian_idea,ქართული იდეა,18,,,98,,გოჩა,ჯავახიშვილი,გოჩა ჯავახიშვილი,„ქართული იდეა”,,party_lists_2016_georgia_unified.xlsx
parl_2016,__main__,pr,georgian_idea,ქართული იდეა,18,,,99,,თეიმურაზ,ბუჩუკური,თეიმურაზ ბუჩუკური,„ქართული იდეა”,,party_lists_2016_georgia_unified.xlsx
parl_2016,__main__,pr,georgian_idea,ქართული იდეა,18,,,100,,ზაზა,გვიმრაძე,ზაზა გვიმრაძე,„ქართული იდეა”,,party_lists_2016_georgia_unified.xlsx
parl_2016,__main__,pr,georgian_idea,ქართული იდეა,18,,,101,,გიორგი,ბოლქვაძე,გიორგი ბოლქვაძე,„ქართული იდეა”,,party_lists_2016_georgia_unified.xlsx
parl_2016,__main__,pr,georgian_idea,ქართული იდეა,18,,,102,,ირაკლი,მჟავანაძე,ირაკლი მჟავანაძე,„ქართული იდეა”,,party_lists_2016_georgia_unified.xlsx
parl_2016,__main__,pr,georgian_idea,ქართული იდეა,18,,,103,,ზაზა,გოგოლაძე,ზაზა გოგოლაძე,„ქართული იდეა”,,party_lists_2016_georgia_unified.xlsx
parl_2016,__main__,pr,georgian_idea,ქართული იდეა,18,,,104,,გრიგოლ,როყვა,გრიგოლ როყვა,„ქართული იდეა”,,party_lists_2016_georgia_unified.xlsx
parl_2016,__main__,pr,georgian_idea,ქართული იდეა,18,,,105,,მზია,ქათამაძე,მზია ქათამაძე,„ქართული იდეა”,,party_lists_2016_georgia_unified.xlsx
parl_2016,__main__,pr,georgian_idea,ქართული იდეა,18,,,106,,ირაკლი,ქორიძე,ირაკლი ქორიძე,„ქართული იდეა”,,party_lists_2016_georgia_unified.xlsx
parl_2016,__main__,pr,georgian_idea,ქართული იდეა,18,,,107,,ჯაბა,გორგილაძე,ჯაბა გორგილაძე,„ქართული იდეა”,,party_lists_2016_georgia_unified.xlsx
parl_2016,__main__,pr,georgian_idea,ქართული იდეა,18,,,108,,მაკა,გოგიტიძე,მაკა გოგიტიძე,„ქართული იდეა”,,party_lists_2016_georgia_unified.xlsx
parl_2016,__main__,pr,georgian_idea,ქართული იდეა,18,,,109,,დავით,ლორთქიფანიძე,დავით ლორთქიფანიძე,„ქართული იდეა”,,party_lists_2016_georgia_unified.xlsx
parl_2016,__main__,pr,georgian_idea,ქართული იდეა,18,,,110,,თამაზ,ცუცქირიძე,თამაზ ცუცქირიძე,„ქართული იდეა”,,party_lists_2016_georgia_unified.xlsx
parl_2016,__main__,pr,georgian_idea,ქართული იდეა,18,,,111,,ლიანა,ბოლქვაძე,ლიანა ბოლქვაძე,„ქართული იდეა”,,party_lists_2016_georgia_unified.xlsx
parl_2016,__main__,pr,georgian_idea,ქართული იდეა,18,,,112,,ირაკლი,მათითაიშვილი,ირაკლი მათითაიშვილი,„ქართული იდეა”,,party_lists_2016_georgia_unified.xlsx
parl_2016,__main__,pr,georgian_idea,ქართული იდეა,18,,,113,,ნათელა,დიასამიძე,ნათელა დიასამიძე,„ქართული იდეა”,,party_lists_2016_georgia_unified.xlsx
parl_2016,__main__,pr,georgian_idea,ქართული იდეა,18,,,114,,თენგიზ,ქათამაძე,თენგიზ ქათამაძე,„ქართული იდეა”,,party_lists_2016_georgia_unified.xlsx
parl_2016,__main__,pr,georgian_idea,ქართული იდეა,18,,,115,,ზაზა,სირაძე,ზაზა სირაძე,„ქართული იდეა”,,party_lists_2016_georgia_unified.xlsx
parl_2016,__main__,pr,georgian_idea,ქართული იდეა,18,,,116,,ვალერიან,კიტია,ვალერიან კიტია,„ქართული იდეა”,,party_lists_2016_georgia_unified.xlsx
parl_2016,__main__,pr,georgian_idea,ქართული იდეა,18,,,117,,დავით,ვაჩეიშვილი,დავით ვაჩეიშვილი,„ქართული იდეა”,,party_lists_2016_georgia_unified.xlsx
parl_2016,__main__,pr,georgian_idea,ქართული იდეა,18,,,118,,ლამარა,ბოლქვაძე,ლამარა ბოლქვაძე,„ქართული იდეა”,,party_lists_2016_georgia_unified.xlsx
parl_2016,__main__,pr,georgian_idea,ქართული იდეა,18,,,119,,გიგა,მანჯგალაძე,გიგა მანჯგალაძე,„ქართული იდეა”,,party_lists_2016_georgia_unified.xlsx
parl_2016,__main__,pr,georgian_idea,ქართული იდეა,18,,,120,,მაია,ბოლქვაძე,მაია ბოლქვაძე,„ქართული იდეა”,,party_lists_2016_georgia_unified.xlsx
parl_2016,__main__,pr,georgian_idea,ქართული იდეა,18,,,121,,ჯულიეტა,მსხალაძე,ჯულიეტა მსხალაძე,„ქართული იდეა”,,party_lists_2016_georgia_unified.xlsx
parl_2016,__main__,pr,georgian_idea,ქართული იდეა,18,,,122,,ირინა,ბოლქვაძე,ირინა ბოლქვაძე,„ქართული იდეა”,,party_lists_2016_georgia_unified.xlsx
parl_2016,__main__,pr,georgian_idea,ქართული იდეა,18,,,123,,მზევინარ,მასხულია,მზევინარ მასხულია,„ქართული იდეა”,,party_lists_2016_georgia_unified.xlsx
parl_2016,__main__,pr,georgian_idea,ქართული იდეა,18,,,124,,მზიური,ყალიჩავა,მზიური ყალიჩავა,„ქართული იდეა”,,party_lists_2016_georgia_unified.xlsx
parl_2016,__main__,pr,georgian_idea,ქართული იდეა,18,,,125,,ნათელა,კიტია,ნათელა კიტია,„ქართული იდეა”,,party_lists_2016_georgia_unified.xlsx
parl_2016,__main__,pr,georgian_idea,ქართული იდეა,18,,,126,,მარინე,მასხულია,მარინე მასხულია,„ქართული იდეა”,,party_lists_2016_georgia_unified.xlsx
parl_2016,__main__,pr,industry_sakartvelo,"საარჩევნო ბლოკი თოფაძე - მრეწველები, ჩვენი სამშობლო",19,,,1,,გიორგი,თოფაძე,გიორგი თოფაძე,"პ /გ ""მრეწველობა გადაარჩენს საქართველოს""",,party_lists_2016_georgia_unified.xlsx
parl_2016,__main__,pr,industry_sakartvelo,"საარჩევნო ბლოკი თოფაძე - მრეწველები, ჩვენი სამშობლო",19,,,2,,ზვიად,ჩიტიშვილი,ზვიად ჩიტიშვილი,"პ /გ ""ჩვენი სამშობლო""",,party_lists_2016_georgia_unified.xlsx
parl_2016,__main__,pr,industry_sakartvelo,"საარჩევნო ბლოკი თოფაძე - მრეწველები, ჩვენი სამშობლო",19,,,3,,ზურაბ,ტყემალაძე,ზურაბ ტყემალაძე,"პ /გ ""მრეწველობა გადაარჩენს საქართველოს""",,party_lists_2016_georgia_unified.xlsx
parl_2016,__main__,pr,industry_sakartvelo,"საარჩევნო ბლოკი თოფაძე - მრეწველები, ჩვენი სამშობლო",19,,,4,,გიორგი,კორკოტაშვილი,გიორგი კორკოტაშვილი,"პ /გ ""ჩვენი სამშობლო""",,party_lists_2016_georgia_unified.xlsx
parl_2016,__main__,pr,industry_sakartvelo,"საარჩევნო ბლოკი თოფაძე - მრეწველები, ჩვენი სამშობლო",19,,,5,,თამილა,შაბაშვილი,თამილა შაბაშვილი,"პ /გ ""მრეწველობა გადაარჩენს საქართველოს""",,party_lists_2016_georgia_unified.xlsx
parl_2016,__main__,pr,industry_sakartvelo,"საარჩევნო ბლოკი თოფაძე - მრეწველები, ჩვენი სამშობლო",19,,,6,,ავთანდილ,ჩიტიშვილი,ავთანდილ ჩიტიშვილი,"პ /გ ""ჩვენი სამშობლო""",,party_lists_2016_georgia_unified.xlsx
parl_2016,__main__,pr,industry_sakartvelo,"საარჩევნო ბლოკი თოფაძე - მრეწველები, ჩვენი სამშობლო",19,,,7,,ჯემალ,გახოკიძე,ჯემალ გახოკიძე,უპარტიო,,party_lists_2016_georgia_unified.xlsx
parl_2016,__main__,pr,industry_sakartvelo,"საარჩევნო ბლოკი თოფაძე - მრეწველები, ჩვენი სამშობლო",19,,,8,,ზაზა,აგლაძე,ზაზა აგლაძე,"პ /გ ""ჩვენი სამშობლო""",,party_lists_2016_georgia_unified.xlsx
parl_2016,__main__,pr,industry_sakartvelo,"საარჩევნო ბლოკი თოფაძე - მრეწველები, ჩვენი სამშობლო",19,,,9,,ირინე,ჩხენკელი,ირინე ჩხენკელი,"პ /გ ""მრეწველობა გადაარჩენს საქართველოს""",,party_lists_2016_georgia_unified.xlsx
parl_2016,__main__,pr,industry_sakartvelo,"საარჩევნო ბლოკი თოფაძე - მრეწველები, ჩვენი სამშობლო",19,,,10,,ტრისტან,წითელაშვილი,ტრისტან წითელაშვილი,"პ /გ ""ჩვენი სამშობლო""",,party_lists_2016_georgia_unified.xlsx
parl_2016,__main__,pr,industry_sakartvelo,"საარჩევნო ბლოკი თოფაძე - მრეწველები, ჩვენი სამშობლო",19,,,11,,ირაკლი,ტყემალაძე,ირაკლი ტყემალაძე,"პ /გ ""მრეწველობა გადაარჩენს საქართველოს""",,party_lists_2016_georgia_unified.xlsx
parl_2016,__main__,pr,industry_sakartvelo,"საარჩევნო ბლოკი თოფაძე - მრეწველები, ჩვენი სამშობლო",19,,,12,,ანა,ჯოხაძე,ანა ჯოხაძე,"პ /გ ""ჩვენი სამშობლო""",,party_lists_2016_georgia_unified.xlsx
parl_2016,__main__,pr,industry_sakartvelo,"საარჩევნო ბლოკი თოფაძე - მრეწველები, ჩვენი სამშობლო",19,,,13,,მერუჟან,ეზოიან,მერუჟან ეზოიან,"პ /გ ""მრეწველობა გადაარჩენს საქართველოს""",,party_lists_2016_georgia_unified.xlsx
parl_2016,__main__,pr,industry_sakartvelo,"საარჩევნო ბლოკი თოფაძე - მრეწველები, ჩვენი სამშობლო",19,,,14,,ზაალ,ჩაჩუა,ზაალ ჩაჩუა,"პ /გ ""ჩვენი სამშობლო""",,party_lists_2016_georgia_unified.xlsx
parl_2016,__main__,pr,industry_sakartvelo,"საარჩევნო ბლოკი თოფაძე - მრეწველები, ჩვენი სამშობლო",19,,,15,,სიმონ,ნოზაძე,სიმონ ნოზაძე,უპარტიო,,party_lists_2016_georgia_unified.xlsx
parl_2016,__main__,pr,industry_sakartvelo,"საარჩევნო ბლოკი თოფაძე - მრეწველები, ჩვენი სამშობლო",19,,,16,,ნათია,ბედელაძე,ნათია ბედელაძე,"პ /გ ""ჩვენი სამშობლო""",,party_lists_2016_georgia_unified.xlsx
parl_2016,__main__,pr,industry_sakartvelo,"საარჩევნო ბლოკი თოფაძე - მრეწველები, ჩვენი სამშობლო",19,,,17,,გურამ,გეწაძე,გურამ გეწაძე,"პ /გ ""მრეწველობა გადაარჩენს საქართველოს""",,party_lists_2016_georgia_unified.xlsx
parl_2016,__main__,pr,industry_sakartvelo,"საარჩევნო ბლოკი თოფაძე - მრეწველები, ჩვენი სამშობლო",19,,,18,,ნინო,კვირიკაძე,ნინო კვირიკაძე,"პ /გ ""ჩვენი სამშობლო""",,party_lists_2016_georgia_unified.xlsx
parl_2016,__main__,pr,industry_sakartvelo,"საარჩევნო ბლოკი თოფაძე - მრეწველები, ჩვენი სამშობლო",19,,,19,,სოფიო,მიდელაშვილი,სოფიო მიდელაშვილი,უპარტიო,,party_lists_2016_georgia_unified.xlsx
parl_2016,__main__,pr,industry_sakartvelo,"საარჩევნო ბლოკი თოფაძე - მრეწველები, ჩვენი სამშობლო",19,,,20,,ფოლად,ხალილოვი,ფოლად ხალილოვი,"პ /გ ""ჩვენი სამშობლო""",,party_lists_2016_georgia_unified.xlsx
parl_2016,__main__,pr,industry_sakartvelo,"საარჩევნო ბლოკი თოფაძე - მრეწველები, ჩვენი სამშობლო",19,,,21,,ლაშა,გვენეტაძე,ლაშა გვენეტაძე,"პ /გ ""მრეწველობა გადაარჩენს საქართველოს""",,party_lists_2016_georgia_unified.xlsx
parl_2016,__main__,pr,industry_sakartvelo,"საარჩევნო ბლოკი თოფაძე - მრეწველები, ჩვენი სამშობლო",19,,,22,,ვალერი,სეხნიაშვილი,ვალერი სეხნიაშვილი,"პ /გ ""ჩვენი სამშობლო""",,party_lists_2016_georgia_unified.xlsx
parl_2016,__main__,pr,industry_sakartvelo,"საარჩევნო ბლოკი თოფაძე - მრეწველები, ჩვენი სამშობლო",19,,,23,,ნუგზარ,ფალიანი,ნუგზარ ფალიანი,"პ /გ ""მრეწველობა გადაარჩენს საქართველოს""",,party_lists_2016_georgia_unified.xlsx
parl_2016,__main__,pr,industry_sakartvelo,"საარჩევნო ბლოკი თოფაძე - მრეწველები, ჩვენი სამშობლო",19,,,24,,ზურაბ,თიგიშვილი,ზურაბ თიგიშვილი,"პ /გ ""ჩვენი სამშობლო""",,party_lists_2016_georgia_unified.xlsx
parl_2016,__main__,pr,industry_sakartvelo,"საარჩევნო ბლოკი თოფაძე - მრეწველები, ჩვენი სამშობლო",19,,,25,,ლეილა,ალიევი,ლეილა ალიევი,"პ /გ ""მრეწველობა გადაარჩენს საქართველოს""",,party_lists_2016_georgia_unified.xlsx
parl_2016,__main__,pr,industry_sakartvelo,"საარჩევნო ბლოკი თოფაძე - მრეწველები, ჩვენი სამშობლო",19,,,26,,ზინა,კოჩიევი,ზინა კოჩიევი,"პ /გ ""ჩვენი სამშობლო""",,party_lists_2016_georgia_unified.xlsx
parl_2016,__main__,pr,industry_sakartvelo,"საარჩევნო ბლოკი თოფაძე - მრეწველები, ჩვენი სამშობლო",19,,,27,,ირინე,ცუხიშვილი,ირინე ცუხიშვილი,"პ /გ ""მრეწველობა გადაარჩენს საქართველოს""",,party_lists_2016_georgia_unified.xlsx
parl_2016,__main__,pr,industry_sakartvelo,"საარჩევნო ბლოკი თოფაძე - მრეწველები, ჩვენი სამშობლო",19,,,28,,მარინა,ბეპიევი,მარინა ბეპიევი,"პ /გ ""ჩვენი სამშობლო""",,party_lists_2016_georgia_unified.xlsx
parl_2016,__main__,pr,industry_sakartvelo,"საარჩევნო ბლოკი თოფაძე - მრეწველები, ჩვენი სამშობლო",19,,,29,,ირაკლი,ზამბახიძე,ირაკლი ზამბახიძე,უპარტიო,,party_lists_2016_georgia_unified.xlsx
parl_2016,__main__,pr,industry_sakartvelo,"საარჩევნო ბლოკი თოფაძე - მრეწველები, ჩვენი სამშობლო",19,,,30,,ხაზეინ,ტაგიევი,ხაზეინ ტაგიევი,"პ /გ ""ჩვენი სამშობლო""",,party_lists_2016_georgia_unified.xlsx
parl_2016,__main__,pr,industry_sakartvelo,"საარჩევნო ბლოკი თოფაძე - მრეწველები, ჩვენი სამშობლო",19,,,31,,მალხაზ,დოლიძე,მალხაზ დოლიძე,"პ /გ ""მრეწველობა გადაარჩენს საქართველოს""",,party_lists_2016_georgia_unified.xlsx
parl_2016,__main__,pr,industry_sakartvelo,"საარჩევნო ბლოკი თოფაძე - მრეწველები, ჩვენი სამშობლო",19,,,32,,ლევან,ვარდიაშვილი,ლევან ვარდიაშვილი,"პ /გ ""ჩვენი სამშობლო""",,party_lists_2016_georgia_unified.xlsx
parl_2016,__main__,pr,industry_sakartvelo,"საარჩევნო ბლოკი თოფაძე - მრეწველები, ჩვენი სამშობლო",19,,,33,,ვანო,ბურნაძე,ვანო ბურნაძე,"პ /გ ""მრეწველობა გადაარჩენს საქართველოს""",,party_lists_2016_georgia_unified.xlsx
parl_2016,__main__,pr,industry_sakartvelo,"საარჩევნო ბლოკი თოფაძე - მრეწველები, ჩვენი სამშობლო",19,,,34,,გიორგი,სუხოშვილი,გიორგი სუხოშვილი,"პ /გ ""ჩვენი სამშობლო""",,party_lists_2016_georgia_unified.xlsx
parl_2016,__main__,pr,industry_sakartvelo,"საარჩევნო ბლოკი თოფაძე - მრეწველები, ჩვენი სამშობლო",19,,,35,,მარიანა,ხორგუანი-ვუიანიჩ,მარიანა ხორგუანი-ვუიანიჩ,"პ /გ ""მრეწველობა გადაარჩენს საქართველოს""",,party_lists_2016_georgia_unified.xlsx
parl_2016,__main__,pr,industry_sakartvelo,"საარჩევნო ბლოკი თოფაძე - მრეწველები, ჩვენი სამშობლო",19,,,36,,დიმიტრი,გობეჯიშვილი,დიმიტრი გობეჯიშვილი,"პ /გ ""ჩვენი სამშობლო""",,party_lists_2016_georgia_unified.xlsx
parl_2016,__main__,pr,industry_sakartvelo,"საარჩევნო ბლოკი თოფაძე - მრეწველები, ჩვენი სამშობლო",19,,,37,,ლელა,თაღიაშვილი,ლელა თაღიაშვილი,"პ /გ ""მრეწველობა გადაარჩენს საქართველოს""",,party_lists_2016_georgia_unified.xlsx
parl_2016,__main__,pr,industry_sakartvelo,"საარჩევნო ბლოკი თოფაძე - მრეწველები, ჩვენი სამშობლო",19,,,38,,თამაზ,ბულაური,თამაზ ბულაური,"პ /გ ""ჩვენი სამშობლო""",,party_lists_2016_georgia_unified.xlsx
parl_2016,__main__,pr,industry_sakartvelo,"საარჩევნო ბლოკი თოფაძე - მრეწველები, ჩვენი სამშობლო",19,,,39,,ლევანი,გაგნიძე,ლევანი გაგნიძე,"პ /გ ""მრეწველობა გადაარჩენს საქართველოს""",,party_lists_2016_georgia_unified.xlsx
parl_2016,__main__,pr,industry_sakartvelo,"საარჩევნო ბლოკი თოფაძე - მრეწველები, ჩვენი სამშობლო",19,,,40,,სვეტლანა,კასაევა,სვეტლანა კასაევა,"პ /გ ""ჩვენი სამშობლო""",,party_lists_2016_georgia_unified.xlsx
parl_2016,__main__,pr,industry_sakartvelo,"საარჩევნო ბლოკი თოფაძე - მრეწველები, ჩვენი სამშობლო",19,,,41,,გურამ,კუპატაძე,გურამ კუპატაძე,"პ /გ ""მრეწველობა გადაარჩენს საქართველოს""",,party_lists_2016_georgia_unified.xlsx
parl_2016,__main__,pr,industry_sakartvelo,"საარჩევნო ბლოკი თოფაძე - მრეწველები, ჩვენი სამშობლო",19,,,42,,ზვიად,გელაშვილი,ზვიად გელაშვილი,"პ /გ ""ჩვენი სამშობლო""",,party_lists_2016_georgia_unified.xlsx
parl_2016,__main__,pr,industry_sakartvelo,"საარჩევნო ბლოკი თოფაძე - მრეწველები, ჩვენი სამშობლო",19,,,43,,ზურაბ,კოსტავა,ზურაბ კოსტავა,"პ /გ ""მრეწველობა გადაარჩენს საქართველოს""",,party_lists_2016_georgia_unified.xlsx
parl_2016,__main__,pr,industry_sakartvelo,"საარჩევნო ბლოკი თოფაძე - მრეწველები, ჩვენი სამშობლო",19,,,44,,მერაბ,არჩვაძე,მერაბ არჩვაძე,"პ /გ ""ჩვენი სამშობლო""",,party_lists_2016_georgia_unified.xlsx
parl_2016,__main__,pr,industry_sakartvelo,"საარჩევნო ბლოკი თოფაძე - მრეწველები, ჩვენი სამშობლო",19,,,45,,იოსებ,სოსიაშვილი,იოსებ სოსიაშვილი,უპარტიო,,party_lists_2016_georgia_unified.xlsx
parl_2016,__main__,pr,industry_sakartvelo,"საარჩევნო ბლოკი თოფაძე - მრეწველები, ჩვენი სამშობლო",19,,,46,,დარეჯან,გუჯეჯიანი,დარეჯან გუჯეჯიანი,"პ /გ ""ჩვენი სამშობლო""",,party_lists_2016_georgia_unified.xlsx
parl_2016,__main__,pr,industry_sakartvelo,"საარჩევნო ბლოკი თოფაძე - მრეწველები, ჩვენი სამშობლო",19,,,47,,მარინე,დემეტრაშვილი,მარინე დემეტრაშვილი,"პ /გ ""მრეწველობა გადაარჩენს საქართველოს""",,party_lists_2016_georgia_unified.xlsx
parl_2016,__main__,pr,industry_sakartvelo,"საარჩევნო ბლოკი თოფაძე - მრეწველები, ჩვენი სამშობლო",19,,,48,,ამირან,ჭაღალიძე,ამირან ჭაღალიძე,"პ /გ ""ჩვენი სამშობლო""",,party_lists_2016_georgia_unified.xlsx
parl_2016,__main__,pr,industry_sakartvelo,"საარჩევნო ბლოკი თოფაძე - მრეწველები, ჩვენი სამშობლო",19,,,49,,ირმა,ნუცუბიძე,ირმა ნუცუბიძე,"პ /გ ""მრეწველობა გადაარჩენს საქართველოს""",,party_lists_2016_georgia_unified.xlsx
parl_2016,__main__,pr,industry_sakartvelo,"საარჩევნო ბლოკი თოფაძე - მრეწველები, ჩვენი სამშობლო",19,,,50,,ილია,წულუკიძე,ილია წულუკიძე,"პ /გ ""ჩვენი სამშობლო""",,party_lists_2016_georgia_unified.xlsx
parl_2016,__main__,pr,industry_sakartvelo,"საარჩევნო ბლოკი თოფაძე - მრეწველები, ჩვენი სამშობლო",19,,,51,,კახა,მამაიაშვილი,კახა მამაიაშვილი,უპარტიო,,party_lists_2016_georgia_unified.xlsx
parl_2016,__main__,pr,industry_sakartvelo,"საარჩევნო ბლოკი თოფაძე - მრეწველები, ჩვენი სამშობლო",19,,,52,,ნინო,მაჭავარიანი,ნინო მაჭავარიანი,უპარტიო,,party_lists_2016_georgia_unified.xlsx
parl_2016,__main__,pr,industry_sakartvelo,"საარჩევნო ბლოკი თოფაძე - მრეწველები, ჩვენი სამშობლო",19,,,53,,სესილი,ტაბატაძე,სესილი ტაბატაძე,"პ /გ ""ჩვენი სამშობლო""",,party_lists_2016_georgia_unified.xlsx
parl_2016,__main__,pr,industry_sakartvelo,"საარჩევნო ბლოკი თოფაძე - მრეწველები, ჩვენი სამშობლო",19,,,54,,ნონა,კირთაძე,ნონა კირთაძე,უპარტიო,,party_lists_2016_georgia_unified.xlsx
parl_2016,__main__,pr,industry_sakartvelo,"საარჩევნო ბლოკი თოფაძე - მრეწველები, ჩვენი სამშობლო",19,,,55,,იზოლდა,ზამთარაძე,იზოლდა ზამთარაძე,"პ /გ ""ჩვენი სამშობლო""",,party_lists_2016_georgia_unified.xlsx
parl_2016,__main__,pr,industry_sakartvelo,"საარჩევნო ბლოკი თოფაძე - მრეწველები, ჩვენი სამშობლო",19,,,56,,ნუგზარ,ბეჯანოვი,ნუგზარ ბეჯანოვი,"პ /გ ""მრეწველობა გადაარჩენს საქართველოს""",,party_lists_2016_georgia_unified.xlsx
parl_2016,__main__,pr,industry_sakartvelo,"საარჩევნო ბლოკი თოფაძე - მრეწველები, ჩვენი სამშობლო",19,,,57,,დავით,ქორჩილავა,დავით ქორჩილავა,"პ /გ ""ჩვენი სამშობლო""",,party_lists_2016_georgia_unified.xlsx
parl_2016,__main__,pr,industry_sakartvelo,"საარჩევნო ბლოკი თოფაძე - მრეწველები, ჩვენი სამშობლო",19,,,58,,გიორგი,დოლიძე,გიორგი დოლიძე,"პ /გ ""მრეწველობა გადაარჩენს საქართველოს""",,party_lists_2016_georgia_unified.xlsx
parl_2016,__main__,pr,industry_sakartvelo,"საარჩევნო ბლოკი თოფაძე - მრეწველები, ჩვენი სამშობლო",19,,,59,,თამაზ,თოთოსაშვილი,თამაზ თოთოსაშვილი,"პ /გ ""ჩვენი სამშობლო""",,party_lists_2016_georgia_unified.xlsx
parl_2016,__main__,pr,industry_sakartvelo,"საარჩევნო ბლოკი თოფაძე - მრეწველები, ჩვენი სამშობლო",19,,,60,,ირაკლი,სირანაშვილი,ირაკლი სირანაშვილი,უპარტიო,,party_lists_2016_georgia_unified.xlsx
parl_2016,__main__,pr,industry_sakartvelo,"საარჩევნო ბლოკი თოფაძე - მრეწველები, ჩვენი სამშობლო",19,,,61,,მერაბ,მანაშვილი,მერაბ მანაშვილი,"პ /გ ""ჩვენი სამშობლო""",,party_lists_2016_georgia_unified.xlsx
parl_2016,__main__,pr,industry_sakartvelo,"საარჩევნო ბლოკი თოფაძე - მრეწველები, ჩვენი სამშობლო",19,,,62,,ამირან,ზარნაძე,ამირან ზარნაძე,"პ /გ ""მრეწველობა გადაარჩენს საქართველოს""",,party_lists_2016_georgia_unified.xlsx
parl_2016,__main__,pr,industry_sakartvelo,"საარჩევნო ბლოკი თოფაძე - მრეწველები, ჩვენი სამშობლო",19,,,63,,არჩილი,ხუცურაული,არჩილი ხუცურაული,"პ /გ ""ჩვენი სამშობლო""",,party_lists_2016_georgia_unified.xlsx
parl_2016,__main__,pr,industry_sakartvelo,"საარჩევნო ბლოკი თოფაძე - მრეწველები, ჩვენი სამშობლო",19,,,64,,გოგიტა,ყარმაზანაშვილი,გოგიტა ყარმაზანაშვილი,"პ /გ ""მრეწველობა გადაარჩენს საქართველოს""",,party_lists_2016_georgia_unified.xlsx
parl_2016,__main__,pr,industry_sakartvelo,"საარჩევნო ბლოკი თოფაძე - მრეწველები, ჩვენი სამშობლო",19,,,65,,დავითი,ღვალაძე,დავითი ღვალაძე,"პ /გ ""ჩვენი სამშობლო""",,party_lists_2016_georgia_unified.xlsx
parl_2016,__main__,pr,industry_sakartvelo,"საარჩევნო ბლოკი თოფაძე - მრეწველები, ჩვენი სამშობლო",19,,,66,,ვერა,ნინიძე,ვერა ნინიძე,უპარტიო,,party_lists_2016_georgia_unified.xlsx
parl_2016,__main__,pr,industry_sakartvelo,"საარჩევნო ბლოკი თოფაძე - მრეწველები, ჩვენი სამშობლო",19,,,67,,ბადრი,ჩიხაშვილი,ბადრი ჩიხაშვილი,"პ /გ ""ჩვენი სამშობლო""",,party_lists_2016_georgia_unified.xlsx
parl_2016,__main__,pr,industry_sakartvelo,"საარჩევნო ბლოკი თოფაძე - მრეწველები, ჩვენი სამშობლო",19,,,68,,ვენერა,ბოლქვაძე,ვენერა ბოლქვაძე,უპარტიო,,party_lists_2016_georgia_unified.xlsx
parl_2016,__main__,pr,industry_sakartvelo,"საარჩევნო ბლოკი თოფაძე - მრეწველები, ჩვენი სამშობლო",19,,,69,,ლაშა,გურგენიძე,ლაშა გურგენიძე,"პ /გ ""ჩვენი სამშობლო""",,party_lists_2016_georgia_unified.xlsx
parl_2016,__main__,pr,industry_sakartvelo,"საარჩევნო ბლოკი თოფაძე - მრეწველები, ჩვენი სამშობლო",19,,,70,,ვალერი,შოშიაშვილი,ვალერი შოშიაშვილი,უპარტიო,,party_lists_2016_georgia_unified.xlsx
parl_2016,__main__,pr,industry_sakartvelo,"საარჩევნო ბლოკი თოფაძე - მრეწველები, ჩვენი სამშობლო",19,,,71,,მამუკა,ჩადუნელი,მამუკა ჩადუნელი,"პ /გ ""ჩვენი სამშობლო""",,party_lists_2016_georgia_unified.xlsx
parl_2016,__main__,pr,industry_sakartvelo,"საარჩევნო ბლოკი თოფაძე - მრეწველები, ჩვენი სამშობლო",19,,,72,,ჯემალ,მიგინეიშვილი,ჯემალ მიგინეიშვილი,"პ /გ ""მრეწველობა გადაარჩენს საქართველოს""",,party_lists_2016_georgia_unified.xlsx
parl_2016,__main__,pr,industry_sakartvelo,"საარჩევნო ბლოკი თოფაძე - მრეწველები, ჩვენი სამშობლო",19,,,73,,თამარი,ბალაშვილი,თამარი ბალაშვილი,"პ /გ ""ჩვენი სამშობლო""",,party_lists_2016_georgia_unified.xlsx
parl_2016,__main__,pr,industry_sakartvelo,"საარჩევნო ბლოკი თოფაძე - მრეწველები, ჩვენი სამშობლო",19,,,74,,თეა,მეფარიშვილი,თეა მეფარიშვილი,უპარტიო,,party_lists_2016_georgia_unified.xlsx
parl_2016,__main__,pr,industry_sakartvelo,"საარჩევნო ბლოკი თოფაძე - მრეწველები, ჩვენი სამშობლო",19,,,75,,ზურაბ,კომახიძე,ზურაბ კომახიძე,"პ /გ ""ჩვენი სამშობლო""",,party_lists_2016_georgia_unified.xlsx
parl_2016,__main__,pr,industry_sakartvelo,"საარჩევნო ბლოკი თოფაძე - მრეწველები, ჩვენი სამშობლო",19,,,76,,ლელა,დიასამიძე,ლელა დიასამიძე,უპარტიო,,party_lists_2016_georgia_unified.xlsx
parl_2016,__main__,pr,industry_sakartvelo,"საარჩევნო ბლოკი თოფაძე - მრეწველები, ჩვენი სამშობლო",19,,,77,,მერი,შარვაშიძე,მერი შარვაშიძე,"პ /გ ""ჩვენი სამშობლო""",,party_lists_2016_georgia_unified.xlsx
parl_2016,__main__,pr,industry_sakartvelo,"საარჩევნო ბლოკი თოფაძე - მრეწველები, ჩვენი სამშობლო",19,,,78,,ამირან,კაპანაძე,ამირან კაპანაძე,უპარტიო,,party_lists_2016_georgia_unified.xlsx
parl_2016,__main__,pr,industry_sakartvelo,"საარჩევნო ბლოკი თოფაძე - მრეწველები, ჩვენი სამშობლო",19,,,79,,დავით,ყიფიანი,დავით ყიფიანი,"პ /გ ""ჩვენი სამშობლო""",,party_lists_2016_georgia_unified.xlsx
parl_2016,__main__,pr,industry_sakartvelo,"საარჩევნო ბლოკი თოფაძე - მრეწველები, ჩვენი სამშობლო",19,,,80,,დავით,ჯაფარიძე,დავით ჯაფარიძე,უპარტიო,,party_lists_2016_georgia_unified.xlsx
parl_2016,__main__,pr,industry_sakartvelo,"საარჩევნო ბლოკი თოფაძე - მრეწველები, ჩვენი სამშობლო",19,,,81,,გიორგი,ბერაია,გიორგი ბერაია,უპარტიო,,party_lists_2016_georgia_unified.xlsx
parl_2016,__main__,pr,industry_sakartvelo,"საარჩევნო ბლოკი თოფაძე - მრეწველები, ჩვენი სამშობლო",19,,,82,,მერაბი,ფილიპია,მერაბი ფილიპია,"პ /გ ""მრეწველობა გადაარჩენს საქართველოს""",,party_lists_2016_georgia_unified.xlsx
parl_2016,__main__,pr,industry_sakartvelo,"საარჩევნო ბლოკი თოფაძე - მრეწველები, ჩვენი სამშობლო",19,,,83,,გიორგი,ვაწაძე,გიორგი ვაწაძე,"პ /გ ""ჩვენი სამშობლო""",,party_lists_2016_georgia_unified.xlsx
parl_2016,__main__,pr,industry_sakartvelo,"საარჩევნო ბლოკი თოფაძე - მრეწველები, ჩვენი სამშობლო",19,,,84,,ბონდო,კუბლაშვილი,ბონდო კუბლაშვილი,"პ /გ ""მრეწველობა გადაარჩენს საქართველოს""",,party_lists_2016_georgia_unified.xlsx
parl_2016,__main__,pr,industry_sakartvelo,"საარჩევნო ბლოკი თოფაძე - მრეწველები, ჩვენი სამშობლო",19,,,85,,ზარემა,ლაფაჩი,ზარემა ლაფაჩი,"პ /გ ""ჩვენი სამშობლო""",,party_lists_2016_georgia_unified.xlsx
parl_2016,__main__,pr,industry_sakartvelo,"საარჩევნო ბლოკი თოფაძე - მრეწველები, ჩვენი სამშობლო",19,,,86,,ბელა,როგავა,ბელა როგავა,უპარტიო,,party_lists_2016_georgia_unified.xlsx
parl_2016,__main__,pr,industry_sakartvelo,"საარჩევნო ბლოკი თოფაძე - მრეწველები, ჩვენი სამშობლო",19,,,87,,ზარიფა,ელბაქიძე,ზარიფა ელბაქიძე,"პ /გ ""ჩვენი სამშობლო""",,party_lists_2016_georgia_unified.xlsx
parl_2016,__main__,pr,industry_sakartvelo,"საარჩევნო ბლოკი თოფაძე - მრეწველები, ჩვენი სამშობლო",19,,,88,,ფიქრია,ტოროშელიძე,ფიქრია ტოროშელიძე,უპარტიო,,party_lists_2016_georgia_unified.xlsx
parl_2016,__main__,pr,industry_sakartvelo,"საარჩევნო ბლოკი თოფაძე - მრეწველები, ჩვენი სამშობლო",19,,,89,,თათია,ფარესაშვილი,თათია ფარესაშვილი,"პ /გ ""ჩვენი სამშობლო""",,party_lists_2016_georgia_unified.xlsx
parl_2016,__main__,pr,industry_sakartvelo,"საარჩევნო ბლოკი თოფაძე - მრეწველები, ჩვენი სამშობლო",19,,,90,,გელა,ნოზაძე,გელა ნოზაძე,"პ /გ ""მრეწველობა გადაარჩენს საქართველოს""",,party_lists_2016_georgia_unified.xlsx
parl_2016,__main__,pr,industry_sakartvelo,"საარჩევნო ბლოკი თოფაძე - მრეწველები, ჩვენი სამშობლო",19,,,91,,დავით,ზაქრაძე,დავით ზაქრაძე,"პ /გ ""ჩვენი სამშობლო""",,party_lists_2016_georgia_unified.xlsx
parl_2016,__main__,pr,industry_sakartvelo,"საარჩევნო ბლოკი თოფაძე - მრეწველები, ჩვენი სამშობლო",19,,,92,,ნიკოლოზ,წულაია,ნიკოლოზ წულაია,"პ /გ ""მრეწველობა გადაარჩენს საქართველოს""",,party_lists_2016_georgia_unified.xlsx
parl_2016,__main__,pr,industry_sakartvelo,"საარჩევნო ბლოკი თოფაძე - მრეწველები, ჩვენი სამშობლო",19,,,93,,ლიზიკო,ყაულაშვილი,ლიზიკო ყაულაშვილი,"პ /გ ""ჩვენი სამშობლო""",,party_lists_2016_georgia_unified.xlsx
parl_2016,__main__,pr,industry_sakartvelo,"საარჩევნო ბლოკი თოფაძე - მრეწველები, ჩვენი სამშობლო",19,,,94,,ფრიდონ,მაჩიტაძე,ფრიდონ მაჩიტაძე,"პ /გ ""მრეწველობა გადაარჩენს საქართველოს""",,party_lists_2016_georgia_unified.xlsx
parl_2016,__main__,pr,industry_sakartvelo,"საარჩევნო ბლოკი თოფაძე - მრეწველები, ჩვენი სამშობლო",19,,,95,,ქართლოს,ომიაძე,ქართლოს ომიაძე,"პ /გ ""ჩვენი სამშობლო""",,party_lists_2016_georgia_unified.xlsx
parl_2016,__main__,pr,industry_sakartvelo,"საარჩევნო ბლოკი თოფაძე - მრეწველები, ჩვენი სამშობლო",19,,,96,,ეთერ,ძმანაშვილი,ეთერ ძმანაშვილი,უპარტიო,,party_lists_2016_georgia_unified.xlsx
parl_2016,__main__,pr,industry_sakartvelo,"საარჩევნო ბლოკი თოფაძე - მრეწველები, ჩვენი სამშობლო",19,,,97,,დარეჯან,ხვედელიძე,დარეჯან ხვედელიძე,"პ /გ ""ჩვენი სამშობლო""",,party_lists_2016_georgia_unified.xlsx
parl_2016,__main__,pr,industry_sakartvelo,"საარჩევნო ბლოკი თოფაძე - მრეწველები, ჩვენი სამშობლო",19,,,98,,ფირუზა,ციხელაშვილი,ფირუზა ციხელაშვილი,"პ /გ ""მრეწველობა გადაარჩენს საქართველოს""",,party_lists_2016_georgia_unified.xlsx
parl_2016,__main__,pr,industry_sakartvelo,"საარჩევნო ბლოკი თოფაძე - მრეწველები, ჩვენი სამშობლო",19,,,99,,ნანა,ზარანდია,ნანა ზარანდია,უპარტიო,,party_lists_2016_georgia_unified.xlsx
parl_2016,__main__,pr,industry_sakartvelo,"საარჩევნო ბლოკი თოფაძე - მრეწველები, ჩვენი სამშობლო",19,,,100,,ანზორ,სოლომონიძე,ანზორ სოლომონიძე,"პ /გ ""მრეწველობა გადაარჩენს საქართველოს""",,party_lists_2016_georgia_unified.xlsx
parl_2016,__main__,pr,industry_sakartvelo,"საარჩევნო ბლოკი თოფაძე - მრეწველები, ჩვენი სამშობლო",19,,,101,,მამუკა,სეფიაშვილი,მამუკა სეფიაშვილი,"პ /გ ""მრეწველობა გადაარჩენს საქართველოს""",,party_lists_2016_georgia_unified.xlsx
parl_2016,__main__,pr,industry_sakartvelo,"საარჩევნო ბლოკი თოფაძე - მრეწველები, ჩვენი სამშობლო",19,,,102,,ედუარდ,ნურალიევი,ედუარდ ნურალიევი,უპარტიო,,party_lists_2016_georgia_unified.xlsx
parl_2016,__main__,pr,industry_sakartvelo,"საარჩევნო ბლოკი თოფაძე - მრეწველები, ჩვენი სამშობლო",19,,,103,,დავითი,მათიაშვილი,დავითი მათიაშვილი,"პ /გ ""მრეწველობა გადაარჩენს საქართველოს""",,party_lists_2016_georgia_unified.xlsx
parl_2016,__main__,pr,industry_sakartvelo,"საარჩევნო ბლოკი თოფაძე - მრეწველები, ჩვენი სამშობლო",19,,,104,,არჩილ,ლორია,არჩილ ლორია,უპარტიო,,party_lists_2016_georgia_unified.xlsx
parl_2016,__main__,pr,industry_sakartvelo,"საარჩევნო ბლოკი თოფაძე - მრეწველები, ჩვენი სამშობლო",19,,,105,,მამუკა,ზანდუკელი,მამუკა ზანდუკელი,უპარტიო,,party_lists_2016_georgia_unified.xlsx
parl_2016,__main__,pr,industry_sakartvelo,"საარჩევნო ბლოკი თოფაძე - მრეწველები, ჩვენი სამშობლო",19,,,106,,მალხაზ,ბალაძე,მალხაზ ბალაძე,"პ /გ ""მრეწველობა გადაარჩენს საქართველოს""",,party_lists_2016_georgia_unified.xlsx
parl_2016,__main__,pr,industry_sakartvelo,"საარჩევნო ბლოკი თოფაძე - მრეწველები, ჩვენი სამშობლო",19,,,107,,მზევინარ,ძირკვაძე,მზევინარ ძირკვაძე,"პ /გ ""მრეწველობა გადაარჩენს საქართველოს""",,party_lists_2016_georgia_unified.xlsx
parl_2016,__main__,pr,industry_sakartvelo,"საარჩევნო ბლოკი თოფაძე - მრეწველები, ჩვენი სამშობლო",19,,,108,,ნესტორი,ნოზაძე,ნესტორი ნოზაძე,უპარტიო,,party_lists_2016_georgia_unified.xlsx
parl_2016,__main__,pr,industry_sakartvelo,"საარჩევნო ბლოკი თოფაძე - მრეწველები, ჩვენი სამშობლო",19,,,109,,მიხეილ,ჯობავა,მიხეილ ჯობავა,"პ /გ ""მრეწველობა გადაარჩენს საქართველოს""",,party_lists_2016_georgia_unified.xlsx
parl_2016,__main__,pr,kostava_society,მერაბ კოსტავას საზოგადოება,22,,,1,,ვაჟა,ადამია,ვაჟა ადამია,მერაბ კოსტავას საზოგადოების წევრი,,party_lists_2016_georgia_unified.xlsx
parl_2016,__main__,pr,kostava_society,მერაბ კოსტავას საზოგადოება,22,,,2,,როინ,დიასამიძე,როინ დიასამიძე,მერაბ კოსტავას საზოგადოების წევრი,,party_lists_2016_georgia_unified.xlsx
parl_2016,__main__,pr,kostava_society,მერაბ კოსტავას საზოგადოება,22,,,3,,თამაზ,ლაშქარაშვილი,თამაზ ლაშქარაშვილი,მერაბ კოსტავას საზოგადოების წევრი,,party_lists_2016_georgia_unified.xlsx
parl_2016,__main__,pr,kostava_society,მერაბ კოსტავას საზოგადოება,22,,,4,,გია,კუტუბიძე,გია კუტუბიძე,მერაბ კოსტავას საზოგადოების წევრი,,party_lists_2016_georgia_unified.xlsx
parl_2016,__main__,pr,kostava_society,მერაბ კოსტავას საზოგადოება,22,,,5,,პაატა,საყვარელიძე,პაატა საყვარელიძე,მერაბ კოსტავას საზოგადოების წევრი,,party_lists_2016_georgia_unified.xlsx
parl_2016,__main__,pr,kostava_society,მერაბ კოსტავას საზოგადოება,22,,,6,,პარმენ,ენდელაძე,პარმენ ენდელაძე,მერაბ კოსტავას საზოგადოების წევრი,,party_lists_2016_georgia_unified.xlsx
parl_2016,__main__,pr,kostava_society,მერაბ კოსტავას საზოგადოება,22,,,7,,მერაბ,თოდუა,მერაბ თოდუა,მერაბ კოსტავას საზოგადოების წევრი,,party_lists_2016_georgia_unified.xlsx
parl_2016,__main__,pr,kostava_society,მერაბ კოსტავას საზოგადოება,22,,,8,,მაკა,გოგოხია,მაკა გოგოხია,მერაბ კოსტავას საზოგადოების წევრი,,party_lists_2016_georgia_unified.xlsx
parl_2016,__main__,pr,kostava_society,მერაბ კოსტავას საზოგადოება,22,,,9,,იმედი,რობაქიძე,იმედი რობაქიძე,მერაბ კოსტავას საზოგადოების წევრი,,party_lists_2016_georgia_unified.xlsx
parl_2016,__main__,pr,kostava_society,მერაბ კოსტავას საზოგადოება,22,,,10,,გოჩა,ჩიხლაძე,გოჩა ჩიხლაძე,მერაბ კოსტავას საზოგადოების წევრი,,party_lists_2016_georgia_unified.xlsx
parl_2016,__main__,pr,kostava_society,მერაბ კოსტავას საზოგადოება,22,,,11,,არჩილ,მაჭავარიანი,არჩილ მაჭავარიანი,მერაბ კოსტავას საზოგადოების წევრი,,party_lists_2016_georgia_unified.xlsx
parl_2016,__main__,pr,kostava_society,მერაბ კოსტავას საზოგადოება,22,,,12,,შალვა,ქოჩიაშვილი,შალვა ქოჩიაშვილი,მერაბ კოსტავას საზოგადოების წევრი,,party_lists_2016_georgia_unified.xlsx
parl_2016,__main__,pr,kostava_society,მერაბ კოსტავას საზოგადოება,22,,,13,,მანანა,კეკელია,მანანა კეკელია,მერაბ კოსტავას საზოგადოების წევრი,,party_lists_2016_georgia_unified.xlsx
parl_2016,__main__,pr,kostava_society,მერაბ კოსტავას საზოგადოება,22,,,14,,ციცინო,რამიშვილი,ციცინო რამიშვილი,მერაბ კოსტავას საზოგადოების წევრი,,party_lists_2016_georgia_unified.xlsx
parl_2016,__main__,pr,kostava_society,მერაბ კოსტავას საზოგადოება,22,,,15,,მერაბ,ბიწაძე,მერაბ ბიწაძე,მერაბ კოსტავას საზოგადოების წევრი,,party_lists_2016_georgia_unified.xlsx
parl_2016,__main__,pr,kostava_society,მერაბ კოსტავას საზოგადოება,22,,,16,,ნელი,ბროიანი,ნელი ბროიანი,მერაბ კოსტავას საზოგადოების წევრი,,party_lists_2016_georgia_unified.xlsx
parl_2016,__main__,pr,kostava_society,მერაბ კოსტავას საზოგადოება,22,,,17,,იოსები,ტაბატაძე,იოსები ტაბატაძე,მერაბ კოსტავას საზოგადოების წევრი,,party_lists_2016_georgia_unified.xlsx
parl_2016,__main__,pr,kostava_society,მერაბ კოსტავას საზოგადოება,22,,,18,,ეკა,აბუაშვილი,ეკა აბუაშვილი,მერაბ კოსტავას საზოგადოების წევრი,,party_lists_2016_georgia_unified.xlsx
parl_2016,__main__,pr,kostava_society,მერაბ კოსტავას საზოგადოება,22,,,19,,ლევან,ბექაური,ლევან ბექაური,უპარტიო,,party_lists_2016_georgia_unified.xlsx
parl_2016,__main__,pr,kostava_society,მერაბ კოსტავას საზოგადოება,22,,,20,,ვიქტორია,ლიპარტია,ვიქტორია ლიპარტია,მერაბ კოსტავას საზოგადოების წევრი,,party_lists_2016_georgia_unified.xlsx
parl_2016,__main__,pr,kostava_society,მერაბ კოსტავას საზოგადოება,22,,,21,,პარმენ,ბოშაშვილი,პარმენ ბოშაშვილი,მერაბ კოსტავას საზოგადოების წევრი,,party_lists_2016_georgia_unified.xlsx
parl_2016,__main__,pr,kostava_society,მერაბ კოსტავას საზოგადოება,22,,,22,,ლევან,კოკაია,ლევან კოკაია,მერაბ კოსტავას საზოგადოების წევრი,,party_lists_2016_georgia_unified.xlsx
parl_2016,__main__,pr,kostava_society,მერაბ კოსტავას საზოგადოება,22,,,23,,ბორის,წულაია,ბორის წულაია,მერაბ კოსტავას საზოგადოების წევრი,,party_lists_2016_georgia_unified.xlsx
parl_2016,__main__,pr,kostava_society,მერაბ კოსტავას საზოგადოება,22,,,24,,ბეჟანი,მელიშვილი,ბეჟანი მელიშვილი,მერაბ კოსტავას საზოგადოების წევრი,,party_lists_2016_georgia_unified.xlsx
parl_2016,__main__,pr,kostava_society,მერაბ კოსტავას საზოგადოება,22,,,25,,ნატო,შეროზია,ნატო შეროზია,მერაბ კოსტავას საზოგადოების წევრი,,party_lists_2016_georgia_unified.xlsx
parl_2016,__main__,pr,kostava_society,მერაბ კოსტავას საზოგადოება,22,,,26,,ამირან,გორგილაძე,ამირან გორგილაძე,მერაბ კოსტავას საზოგადოების წევრი,,party_lists_2016_georgia_unified.xlsx
parl_2016,__main__,pr,kostava_society,მერაბ კოსტავას საზოგადოება,22,,,27,,კახა,არუნაშვილი,კახა არუნაშვილი,მერაბ კოსტავას საზოგადოების წევრი,,party_lists_2016_georgia_unified.xlsx
parl_2016,__main__,pr,kostava_society,მერაბ კოსტავას საზოგადოება,22,,,28,,ზაზა,მოსიავა,ზაზა მოსიავა,მერაბ კოსტავას საზოგადოების წევრი,,party_lists_2016_georgia_unified.xlsx
parl_2016,__main__,pr,kostava_society,მერაბ კოსტავას საზოგადოება,22,,,29,,მაია,ბალხამიშვილი,მაია ბალხამიშვილი,მერაბ კოსტავას საზოგადოების წევრი,,party_lists_2016_georgia_unified.xlsx
parl_2016,__main__,pr,kostava_society,მერაბ კოსტავას საზოგადოება,22,,,30,,მერაბ,დიასამიძე,მერაბ დიასამიძე,მერაბ კოსტავას საზოგადოების წევრი,,party_lists_2016_georgia_unified.xlsx
parl_2016,__main__,pr,kostava_society,მერაბ კოსტავას საზოგადოება,22,,,31,,გენრიეტა,შამათავა,გენრიეტა შამათავა,მერაბ კოსტავას საზოგადოების წევრი,,party_lists_2016_georgia_unified.xlsx
parl_2016,__main__,pr,kostava_society,მერაბ კოსტავას საზოგადოება,22,,,32,,თეიმურაზ,ვეფხვაძე,თეიმურაზ ვეფხვაძე,მერაბ კოსტავას საზოგადოების წევრი,,party_lists_2016_georgia_unified.xlsx
parl_2016,__main__,pr,kostava_society,მერაბ კოსტავას საზოგადოება,22,,,33,,ჯაბა,კუტუბიძე,ჯაბა კუტუბიძე,მერაბ კოსტავას საზოგადოების წევრი,,party_lists_2016_georgia_unified.xlsx
parl_2016,__main__,pr,kostava_society,მერაბ კოსტავას საზოგადოება,22,,,34,,გიორგი,ტაბატაძე,გიორგი ტაბატაძე,მერაბ კოსტავას საზოგადოების წევრი,,party_lists_2016_georgia_unified.xlsx
parl_2016,__main__,pr,kostava_society,მერაბ კოსტავას საზოგადოება,22,,,35,,ბესიკ,მოსიავა,ბესიკ მოსიავა,მერაბ კოსტავას საზოგადოების წევრი,,party_lists_2016_georgia_unified.xlsx
parl_2016,__main__,pr,kostava_society,მერაბ კოსტავას საზოგადოება,22,,,36,,ავთანდილ,ძნელაძე,ავთანდილ ძნელაძე,მერაბ კოსტავას საზოგადოების წევრი,,party_lists_2016_georgia_unified.xlsx
parl_2016,__main__,pr,kostava_society,მერაბ კოსტავას საზოგადოება,22,,,37,,დალი,ჩავლეიშვილი,დალი ჩავლეიშვილი,მერაბ კოსტავას საზოგადოების წევრი,,party_lists_2016_georgia_unified.xlsx
parl_2016,__main__,pr,kostava_society,მერაბ კოსტავას საზოგადოება,22,,,38,,თამარ,გერგაია,თამარ გერგაია,მერაბ კოსტავას საზოგადოების წევრი,,party_lists_2016_georgia_unified.xlsx
parl_2016,__main__,pr,kostava_society,მერაბ კოსტავას საზოგადოება,22,,,39,,ნათია,დათიშვილი,ნათია დათიშვილი,მერაბ კოსტავას საზოგადოების წევრი,,party_lists_2016_georgia_unified.xlsx
parl_2016,__main__,pr,kostava_society,მერაბ კოსტავას საზოგადოება,22,,,40,,ჯეინი,გიორგობიანი,ჯეინი გიორგობიანი,მერაბ კოსტავას საზოგადოების წევრი,,party_lists_2016_georgia_unified.xlsx
parl_2016,__main__,pr,kostava_society,მერაბ კოსტავას საზოგადოება,22,,,41,,ეთერი,ლაბაძე,ეთერი ლაბაძე,მერაბ კოსტავას საზოგადოების წევრი,,party_lists_2016_georgia_unified.xlsx
parl_2016,__main__,pr,kostava_society,მერაბ კოსტავას საზოგადოება,22,,,42,,თორნიკე,დიასამიძე,თორნიკე დიასამიძე,მერაბ კოსტავას საზოგადოების წევრი,,party_lists_2016_georgia_unified.xlsx
parl_2016,__main__,pr,kostava_society,მერაბ კოსტავას საზოგადოება,22,,,43,,ემილია,სეიდოვა,ემილია სეიდოვა,მერაბ კოსტავას საზოგადოების წევრი,,party_lists_2016_georgia_unified.xlsx
parl_2016,__main__,pr,kostava_society,მერაბ კოსტავას საზოგადოება,22,,,44,,ოლეგ,გალდავა,ოლეგ გალდავა,მერაბ კოსტავას საზოგადოების წევრი,,party_lists_2016_georgia_unified.xlsx
parl_2016,__main__,pr,kostava_society,მერაბ კოსტავას საზოგადოება,22,,,45,,ოლეგი,სარჯველაძე,ოლეგი სარჯველაძე,მერაბ კოსტავას საზოგადოების წევრი,,party_lists_2016_georgia_unified.xlsx
parl_2016,__main__,pr,kostava_society,მერაბ კოსტავას საზოგადოება,22,,,46,,ვაჟა,ქარუხნიშვილი,ვაჟა ქარუხნიშვილი,მერაბ კოსტავას საზოგადოების წევრი,,party_lists_2016_georgia_unified.xlsx
parl_2016,__main__,pr,kostava_society,მერაბ კოსტავას საზოგადოება,22,,,47,,გია,მონიავა,გია მონიავა,მერაბ კოსტავას საზოგადოების წევრი,,party_lists_2016_georgia_unified.xlsx
parl_2016,__main__,pr,kostava_society,მერაბ კოსტავას საზოგადოება,22,,,48,,გიორგი,გიორგობიანი,გიორგი გიორგობიანი,მერაბ კოსტავას საზოგადოების წევრი,,party_lists_2016_georgia_unified.xlsx
parl_2016,__main__,pr,kostava_society,მერაბ კოსტავას საზოგადოება,22,,,49,,ნანა,ტაბატაძე,ნანა ტაბატაძე,მერაბ კოსტავას საზოგადოების წევრი,,party_lists_2016_georgia_unified.xlsx
parl_2016,__main__,pr,kostava_society,მერაბ კოსტავას საზოგადოება,22,,,50,,გიორგი,ბერიძე,გიორგი ბერიძე,მერაბ კოსტავას საზოგადოების წევრი,,party_lists_2016_georgia_unified.xlsx
parl_2016,__main__,pr,kostava_society,მერაბ კოსტავას საზოგადოება,22,,,51,,თამარ,ხუციაშვილი,თამარ ხუციაშვილი,მერაბ კოსტავას საზოგადოების წევრი,,party_lists_2016_georgia_unified.xlsx
parl_2016,__main__,pr,kostava_society,მერაბ კოსტავას საზოგადოება,22,,,52,,ვალიკო,გიგანი,ვალიკო გიგანი,მერაბ კოსტავას საზოგადოების წევრი,,party_lists_2016_georgia_unified.xlsx
parl_2016,__main__,pr,kostava_society,მერაბ კოსტავას საზოგადოება,22,,,53,,გივი,გოლეთიანი,გივი გოლეთიანი,მერაბ კოსტავას საზოგადოების წევრი,,party_lists_2016_georgia_unified.xlsx
parl_2016,__main__,pr,kostava_society,მერაბ კოსტავას საზოგადოება,22,,,54,,ვახტანგ,ზურაბიანი,ვახტანგ ზურაბიანი,მერაბ კოსტავას საზოგადოების წევრი,,party_lists_2016_georgia_unified.xlsx
parl_2016,__main__,pr,kostava_society,მერაბ კოსტავას საზოგადოება,22,,,55,,მზია,ბაქაქური,მზია ბაქაქური,მერაბ კოსტავას საზოგადოების წევრი,,party_lists_2016_georgia_unified.xlsx
parl_2016,__main__,pr,kostava_society,მერაბ კოსტავას საზოგადოება,22,,,56,,გარა,სეიდოვი,გარა სეიდოვი,მერაბ კოსტავას საზოგადოების წევრი,,party_lists_2016_georgia_unified.xlsx
parl_2016,__main__,pr,kostava_society,მერაბ კოსტავას საზოგადოება,22,,,57,,გეგი,ლიპარტელიანი,გეგი ლიპარტელიანი,მერაბ კოსტავას საზოგადოების წევრი,,party_lists_2016_georgia_unified.xlsx
parl_2016,__main__,pr,kostava_society,მერაბ კოსტავას საზოგადოება,22,,,58,,ბელა,ლაბარი,ბელა ლაბარი,მერაბ კოსტავას საზოგადოების წევრი,,party_lists_2016_georgia_unified.xlsx
parl_2016,__main__,pr,kostava_society,მერაბ კოსტავას საზოგადოება,22,,,59,,პაატა,გორგიაშვილი,პაატა გორგიაშვილი,მერაბ კოსტავას საზოგადოების წევრი,,party_lists_2016_georgia_unified.xlsx
parl_2016,__main__,pr,kostava_society,მერაბ კოსტავას საზოგადოება,22,,,60,,ეკატერინე,გოგოხია,ეკატერინე გოგოხია,მერაბ კოსტავას საზოგადოების წევრი,,party_lists_2016_georgia_unified.xlsx
parl_2016,__main__,pr,kostava_society,მერაბ კოსტავას საზოგადოება,22,,,61,,გელა,ჩიხლაძე,გელა ჩიხლაძე,მერაბ კოსტავას საზოგადოების წევრი,,party_lists_2016_georgia_unified.xlsx
parl_2016,__main__,pr,kostava_society,მერაბ კოსტავას საზოგადოება,22,,,62,,ბაკურ,ჟვანია,ბაკურ ჟვანია,მერაბ კოსტავას საზოგადოების წევრი,,party_lists_2016_georgia_unified.xlsx
parl_2016,__main__,pr,kostava_society,მერაბ კოსტავას საზოგადოება,22,,,63,,თეა,ურუშაძე,თეა ურუშაძე,მერაბ კოსტავას საზოგადოების წევრი,,party_lists_2016_georgia_unified.xlsx
parl_2016,__main__,pr,kostava_society,მერაბ კოსტავას საზოგადოება,22,,,64,,საქინა,სეიდოვა,საქინა სეიდოვა,მერაბ კოსტავას საზოგადოების წევრი,,party_lists_2016_georgia_unified.xlsx
parl_2016,__main__,pr,kostava_society,მერაბ კოსტავას საზოგადოება,22,,,65,,რეზო,ჩახუნაშვილი,რეზო ჩახუნაშვილი,მერაბ კოსტავას საზოგადოების წევრი,,party_lists_2016_georgia_unified.xlsx
parl_2016,__main__,pr,kostava_society,მერაბ კოსტავას საზოგადოება,22,,,66,,ზვიადი,ურუშაძე,ზვიადი ურუშაძე,მერაბ კოსტავას საზოგადოების წევრი,,party_lists_2016_georgia_unified.xlsx
parl_2016,__main__,pr,kostava_society,მერაბ კოსტავას საზოგადოება,22,,,67,,ალექსანდრე,გურგენიშვილი,ალექსანდრე გურგენიშვილი,მერაბ კოსტავას საზოგადოების წევრი,,party_lists_2016_georgia_unified.xlsx
parl_2016,__main__,pr,kostava_society,მერაბ კოსტავას საზოგადოება,22,,,68,,ზეინაბ,ლიპარტელიანი,ზეინაბ ლიპარტელიანი,მერაბ კოსტავას საზოგადოების წევრი,,party_lists_2016_georgia_unified.xlsx
parl_2016,__main__,pr,kostava_society,მერაბ კოსტავას საზოგადოება,22,,,69,,როზა,აბულაძე,როზა აბულაძე,მერაბ კოსტავას საზოგადოების წევრი,,party_lists_2016_georgia_unified.xlsx
parl_2016,__main__,pr,kostava_society,მერაბ კოსტავას საზოგადოება,22,,,70,,ფატიმა,დიასამიძე,ფატიმა დიასამიძე,მერაბ კოსტავას საზოგადოების წევრი,,party_lists_2016_georgia_unified.xlsx
parl_2016,__main__,pr,kostava_society,მერაბ კოსტავას საზოგადოება,22,,,71,,დავით,რამიშვილი,დავით რამიშვილი,მერაბ კოსტავას საზოგადოების წევრი,,party_lists_2016_georgia_unified.xlsx
parl_2016,__main__,pr,kostava_society,მერაბ კოსტავას საზოგადოება,22,,,72,,კახაბერ,ქევხიშვილი,კახაბერ ქევხიშვილი,მერაბ კოსტავას საზოგადოების წევრი,,party_lists_2016_georgia_unified.xlsx
parl_2016,__main__,pr,kostava_society,მერაბ კოსტავას საზოგადოება,22,,,73,,თეონა,სვანიძე,თეონა სვანიძე,მერაბ კოსტავას საზოგადოების წევრი,,party_lists_2016_georgia_unified.xlsx
parl_2016,__main__,pr,kostava_society,მერაბ კოსტავას საზოგადოება,22,,,74,,ინგა,ბერიძე,ინგა ბერიძე,მერაბ კოსტავას საზოგადოების წევრი,,party_lists_2016_georgia_unified.xlsx
parl_2016,__main__,pr,kostava_society,მერაბ კოსტავას საზოგადოება,22,,,75,,გია,დიასამიძე,გია დიასამიძე,მერაბ კოსტავას საზოგადოების წევრი,,party_lists_2016_georgia_unified.xlsx
parl_2016,__main__,pr,kostava_society,მერაბ კოსტავას საზოგადოება,22,,,76,,არჩილ,ხუცურაული,არჩილ ხუცურაული,მერაბ კოსტავას საზოგადოების წევრი,,party_lists_2016_georgia_unified.xlsx
parl_2016,__main__,pr,kostava_society,მერაბ კოსტავას საზოგადოება,22,,,77,,თენგიზ,ფხიკლეშვილი,თენგიზ ფხიკლეშვილი,მერაბ კოსტავას საზოგადოების წევრი,,party_lists_2016_georgia_unified.xlsx
parl_2016,__main__,pr,kostava_society,მერაბ კოსტავას საზოგადოება,22,,,78,,დავით,არაბული,დავით არაბული,მერაბ კოსტავას საზოგადოების წევრი,,party_lists_2016_georgia_unified.xlsx
parl_2016,__main__,pr,kostava_society,მერაბ კოსტავას საზოგადოება,22,,,79,,ლევან,ბერიძე,ლევან ბერიძე,მერაბ კოსტავას საზოგადოების წევრი,,party_lists_2016_georgia_unified.xlsx
parl_2016,__main__,pr,kostava_society,მერაბ კოსტავას საზოგადოება,22,,,80,,მაია,გეგეჭკორი,მაია გეგეჭკორი,მერაბ კოსტავას საზოგადოების წევრი,,party_lists_2016_georgia_unified.xlsx
parl_2016,__main__,pr,kostava_society,მერაბ კოსტავას საზოგადოება,22,,,81,,სიმონ,ნატროშვილი,სიმონ ნატროშვილი,მერაბ კოსტავას საზოგადოების წევრი,,party_lists_2016_georgia_unified.xlsx
parl_2016,__main__,pr,kostava_society,მერაბ კოსტავას საზოგადოება,22,,,82,,გივი,არუთინოვი,გივი არუთინოვი,მერაბ კოსტავას საზოგადოების წევრი,,party_lists_2016_georgia_unified.xlsx
parl_2016,__main__,pr,kostava_society,მერაბ კოსტავას საზოგადოება,22,,,83,,ავთანდილ,მუმლაძე,ავთანდილ მუმლაძე,მერაბ კოსტავას საზოგადოების წევრი,,party_lists_2016_georgia_unified.xlsx
parl_2016,__main__,pr,kostava_society,მერაბ კოსტავას საზოგადოება,22,,,84,,ელგუჯა,ბერიძე,ელგუჯა ბერიძე,მერაბ კოსტავას საზოგადოების წევრი,,party_lists_2016_georgia_unified.xlsx
parl_2016,__main__,pr,kostava_society,მერაბ კოსტავას საზოგადოება,22,,,85,,ბესიკ,წიკლაური,ბესიკ წიკლაური,უპარტიო,,party_lists_2016_georgia_unified.xlsx
parl_2016,__main__,pr,kostava_society,მერაბ კოსტავას საზოგადოება,22,,,86,,გელა,დოჯურიშვილი,გელა დოჯურიშვილი,მერაბ კოსტავას საზოგადოების წევრი,,party_lists_2016_georgia_unified.xlsx
parl_2016,__main__,pr,kostava_society,მერაბ კოსტავას საზოგადოება,22,,,87,,გრიგოლი,წყარუაშვილი,გრიგოლი წყარუაშვილი,მერაბ კოსტავას საზოგადოების წევრი,,party_lists_2016_georgia_unified.xlsx
parl_2016,__main__,pr,kostava_society,მერაბ კოსტავას საზოგადოება,22,,,88,,თამაზ,მევლუფიშვილი,თამაზ მევლუფიშვილი,მერაბ კოსტავას საზოგადოების წევრი,,party_lists_2016_georgia_unified.xlsx
parl_2016,__main__,pr,kostava_society,მერაბ კოსტავას საზოგადოება,22,,,89,,რომანოზი,ქემაშვილი,რომანოზი ქემაშვილი,მერაბ კოსტავას საზოგადოების წევრი,,party_lists_2016_georgia_unified.xlsx
parl_2016,__main__,pr,kostava_society,მერაბ კოსტავას საზოგადოება,22,,,90,,ოთარ,მამიაური,ოთარ მამიაური,მერაბ კოსტავას საზოგადოების წევრი,,party_lists_2016_georgia_unified.xlsx
parl_2016,__main__,pr,kostava_society,მერაბ კოსტავას საზოგადოება,22,,,91,,დავით,სომხიშვილი,დავით სომხიშვილი,მერაბ კოსტავას საზოგადოების წევრი,,party_lists_2016_georgia_unified.xlsx
parl_2016,__main__,pr,kostava_society,მერაბ კოსტავას საზოგადოება,22,,,92,,ანა,მუმლაძე,ანა მუმლაძე,მერაბ კოსტავას საზოგადოების წევრი,,party_lists_2016_georgia_unified.xlsx
parl_2016,__main__,pr,kostava_society,მერაბ კოსტავას საზოგადოება,22,,,93,,ლევან,კოკოლიშვილი,ლევან კოკოლიშვილი,მერაბ კოსტავას საზოგადოების წევრი,,party_lists_2016_georgia_unified.xlsx
parl_2016,__main__,pr,kostava_society,მერაბ კოსტავას საზოგადოება,22,,,94,,ნოდარ,მევლუფიშვილი,ნოდარ მევლუფიშვილი,მერაბ კოსტავას საზოგადოების წევრი,,party_lists_2016_georgia_unified.xlsx
parl_2016,__main__,pr,kostava_society,მერაბ კოსტავას საზოგადოება,22,,,95,,ხვიჩა,ჩოფლიანი,ხვიჩა ჩოფლიანი,მერაბ კოსტავას საზოგადოების წევრი,,party_lists_2016_georgia_unified.xlsx
parl_2016,__main__,pr,kostava_society,მერაბ კოსტავას საზოგადოება,22,,,96,,მამუკა,ჭინჭარაული,მამუკა ჭინჭარაული,მერაბ კოსტავას საზოგადოების წევრი,,party_lists_2016_georgia_unified.xlsx
parl_2016,__main__,pr,kostava_society,მერაბ კოსტავას საზოგადოება,22,,,97,,ნესტან,დიასამიძე,ნესტან დიასამიძე,მერაბ კოსტავას საზოგადოების წევრი,,party_lists_2016_georgia_unified.xlsx
parl_2016,__main__,pr,kostava_society,მერაბ კოსტავას საზოგადოება,22,,,98,,თამარ,ხუცურაული,თამარ ხუცურაული,მერაბ კოსტავას საზოგადოების წევრი,,party_lists_2016_georgia_unified.xlsx
parl_2016,__main__,pr,kostava_society,მერაბ კოსტავას საზოგადოება,22,,,99,,დათო,ჩოხელი,დათო ჩოხელი,მერაბ კოსტავას საზოგადოების წევრი,,party_lists_2016_georgia_unified.xlsx
parl_2016,__main__,pr,kostava_society,მერაბ კოსტავას საზოგადოება,22,,,100,,ანა,იმედაშვილი,ანა იმედაშვილი,მერაბ კოსტავას საზოგადოების წევრი,,party_lists_2016_georgia_unified.xlsx
parl_2016,__main__,pr,kostava_society,მერაბ კოსტავას საზოგადოება,22,,,101,,ნიკოლოზ,ჩეკურიშვილი,ნიკოლოზ ჩეკურიშვილი,მერაბ კოსტავას საზოგადოების წევრი,,party_lists_2016_georgia_unified.xlsx
parl_2016,__main__,pr,kostava_society,მერაბ კოსტავას საზოგადოება,22,,,102,,მიშა,ასლიკიანი,მიშა ასლიკიანი,მერაბ კოსტავას საზოგადოების წევრი,,party_lists_2016_georgia_unified.xlsx
parl_2016,__main__,pr,kostava_society,მერაბ კოსტავას საზოგადოება,22,,,103,,ომარ,ყორიაული,ომარ ყორიაული,მერაბ კოსტავას საზოგადოების წევრი,,party_lists_2016_georgia_unified.xlsx
parl_2016,__main__,pr,kostava_society,მერაბ კოსტავას საზოგადოება,22,,,104,,რამაზ,ზაქარაძე,რამაზ ზაქარაძე,მერაბ კოსტავას საზოგადოების წევრი,,party_lists_2016_georgia_unified.xlsx
parl_2016,__main__,pr,kostava_society,მერაბ კოსტავას საზოგადოება,22,,,105,,ლეილა,დიასამიძე,ლეილა დიასამიძე,მერაბ კოსტავას საზოგადოების წევრი,,party_lists_2016_georgia_unified.xlsx
parl_2016,__main__,pr,kostava_society,მერაბ კოსტავას საზოგადოება,22,,,106,,ზაზა,ოტიაშვილი,ზაზა ოტიაშვილი,მერაბ კოსტავას საზოგადოების წევრი,,party_lists_2016_georgia_unified.xlsx
parl_2016,__main__,pr,kostava_society,მერაბ კოსტავას საზოგადოება,22,,,107,,მაია,კურცხალიძე,მაია კურცხალიძე,მერაბ კოსტავას საზოგადოების წევრი,,party_lists_2016_georgia_unified.xlsx
parl_2016,__main__,pr,kostava_society,მერაბ კოსტავას საზოგადოება,22,,,108,,კახა,ბერიძე,კახა ბერიძე,უპარტიო,,party_lists_2016_georgia_unified.xlsx
parl_2016,__main__,pr,kostava_society,მერაბ კოსტავას საზოგადოება,22,,,109,,ვაჟა,ნავერიანი,ვაჟა ნავერიანი,მერაბ კოსტავას საზოგადოების წევრი,,party_lists_2016_georgia_unified.xlsx
parl_2016,__main__,pr,kostava_society,მერაბ კოსტავას საზოგადოება,22,,,110,,ნუნუ,ყურშუბაძე,ნუნუ ყურშუბაძე,მერაბ კოსტავას საზოგადოების წევრი,,party_lists_2016_georgia_unified.xlsx
parl_2016,__main__,pr,kostava_society,მერაბ კოსტავას საზოგადოება,22,,,111,,ჯიგული,ბოჭორიშვილი,ჯიგული ბოჭორიშვილი,მერაბ კოსტავას საზოგადოების წევრი,,party_lists_2016_georgia_unified.xlsx
parl_2016,__main__,pr,kostava_society,მერაბ კოსტავას საზოგადოება,22,,,112,,ქეთევან,გოგიაშვილი,ქეთევან გოგიაშვილი,მერაბ კოსტავას საზოგადოების წევრი,,party_lists_2016_georgia_unified.xlsx
parl_2016,__main__,pr,kostava_society,მერაბ კოსტავას საზოგადოება,22,,,113,,ნატალია,გოგიბერიძე,ნატალია გოგიბერიძე,მერაბ კოსტავას საზოგადოების წევრი,,party_lists_2016_georgia_unified.xlsx
parl_2016,__main__,pr,kostava_society,მერაბ კოსტავას საზოგადოება,22,,,114,,რამაზი,აბუაშვილი,რამაზი აბუაშვილი,მერაბ კოსტავას საზოგადოების წევრი,,party_lists_2016_georgia_unified.xlsx
parl_2016,__main__,pr,kostava_society,მერაბ კოსტავას საზოგადოება,22,,,115,,ვახტანგ,პოპიაშვილი,ვახტანგ პოპიაშვილი,მერაბ კოსტავას საზოგადოების წევრი,,party_lists_2016_georgia_unified.xlsx
parl_2016,__main__,pr,kostava_society,მერაბ კოსტავას საზოგადოება,22,,,116,,ალექსანდრე,ინაშვილი,ალექსანდრე ინაშვილი,მერაბ კოსტავას საზოგადოების წევრი,,party_lists_2016_georgia_unified.xlsx
parl_2016,__main__,pr,kostava_society,მერაბ კოსტავას საზოგადოება,22,,,117,,ტანია,რუხაძე,ტანია რუხაძე,მერაბ კოსტავას საზოგადოების წევრი,,party_lists_2016_georgia_unified.xlsx
parl_2016,__main__,pr,kostava_society,მერაბ კოსტავას საზოგადოება,22,,,118,,ლიანა,კუტუბიძე,ლიანა კუტუბიძე,მერაბ კოსტავას საზოგადოების წევრი,,party_lists_2016_georgia_unified.xlsx
parl_2016,__main__,pr,kostava_society,მერაბ კოსტავას საზოგადოება,22,,,119,,ზურაბ,თინიკაშვილი,ზურაბ თინიკაშვილი,მერაბ კოსტავას საზოგადოების წევრი,,party_lists_2016_georgia_unified.xlsx
parl_2016,__main__,pr,kostava_society,მერაბ კოსტავას საზოგადოება,22,,,120,,იმედა,წიკლაური,იმედა წიკლაური,მერაბ კოსტავას საზოგადოების წევრი,,party_lists_2016_georgia_unified.xlsx
parl_2016,__main__,pr,chvenni_peoples,საარჩევნო ბლოკი ჩვენები - სახალხო პარტია,23,,,1,,ნანა,ყეინიშვილი,ნანა ყეინიშვილი,დემოკრატიული განახლება - ჩვენი საქართველო გაბრწყინდება (ჩვენები) წევრი,,party_lists_2016_georgia_unified.xlsx
parl_2016,__main__,pr,chvenni_peoples,საარჩევნო ბლოკი ჩვენები - სახალხო პარტია,23,,,2,,ივანე,გიორგაძე,ივანე გიორგაძე,სახალხო პარტიის წევრი,,party_lists_2016_georgia_unified.xlsx
parl_2016,__main__,pr,chvenni_peoples,საარჩევნო ბლოკი ჩვენები - სახალხო პარტია,23,,,3,,ალექსანდრე,ვანიძე,ალექსანდრე ვანიძე,უპარტიო,,party_lists_2016_georgia_unified.xlsx
parl_2016,__main__,pr,chvenni_peoples,საარჩევნო ბლოკი ჩვენები - სახალხო პარტია,23,,,4,,შალვა,გოგიტიძე,შალვა გოგიტიძე,უპარტიო,,party_lists_2016_georgia_unified.xlsx
parl_2016,__main__,pr,chvenni_peoples,საარჩევნო ბლოკი ჩვენები - სახალხო პარტია,23,,,5,,ნინო,სამადალაშვილი,ნინო სამადალაშვილი,დემოკრატიული განახლება - ჩვენი საქართველო გაბრწყინდება (ჩვენები) წევრი,,party_lists_2016_georgia_unified.xlsx
parl_2016,__main__,pr,chvenni_peoples,საარჩევნო ბლოკი ჩვენები - სახალხო პარტია,23,,,6,,ურუზმაგ,ქარქუსოვი,ურუზმაგ ქარქუსოვი,დემოკრატიული განახლება - ჩვენი საქართველო გაბრწყინდება (ჩვენები) წევრი,,party_lists_2016_georgia_unified.xlsx
parl_2016,__main__,pr,chvenni_peoples,საარჩევნო ბლოკი ჩვენები - სახალხო პარტია,23,,,7,,გიორგი,ლორთქიფანიძე,გიორგი ლორთქიფანიძე,სახალხო პარტიის წევრი,,party_lists_2016_georgia_unified.xlsx
parl_2016,__main__,pr,chvenni_peoples,საარჩევნო ბლოკი ჩვენები - სახალხო პარტია,23,,,8,,ზურაბ,შარია,ზურაბ შარია,უპარტიო,,party_lists_2016_georgia_unified.xlsx
parl_2016,__main__,pr,chvenni_peoples,საარჩევნო ბლოკი ჩვენები - სახალხო პარტია,23,,,9,,ზურაბ,ჩელებაძე,ზურაბ ჩელებაძე,უპარტიო,,party_lists_2016_georgia_unified.xlsx
parl_2016,__main__,pr,chvenni_peoples,საარჩევნო ბლოკი ჩვენები - სახალხო პარტია,23,,,10,,ნანა,თხელიძე,ნანა თხელიძე,უპარტო,,party_lists_2016_georgia_unified.xlsx
parl_2016,__main__,pr,chvenni_peoples,საარჩევნო ბლოკი ჩვენები - სახალხო პარტია,23,,,11,,ჯაბრაილ,ხანგოშვილი,ჯაბრაილ ხანგოშვილი,უპარტიო,,party_lists_2016_georgia_unified.xlsx
parl_2016,__main__,pr,chvenni_peoples,საარჩევნო ბლოკი ჩვენები - სახალხო პარტია,23,,,12,,თამაზი,ნანიტაშვილი,თამაზი ნანიტაშვილი,დემოკრატიული განახლება - ჩვენი საქართველო გაბრწყინდება (ჩვენები) წევრი,,party_lists_2016_georgia_unified.xlsx
parl_2016,__main__,pr,chvenni_peoples,საარჩევნო ბლოკი ჩვენები - სახალხო პარტია,23,,,13,,ავთანდილ,გონგლაძე,ავთანდილ გონგლაძე,სახალხო პარტიის წევრი,,party_lists_2016_georgia_unified.xlsx
parl_2016,__main__,pr,chvenni_peoples,საარჩევნო ბლოკი ჩვენები - სახალხო პარტია,23,,,14,,ლილი,პეტრიაშვილი,ლილი პეტრიაშვილი,უპარტიო,,party_lists_2016_georgia_unified.xlsx
parl_2016,__main__,pr,chvenni_peoples,საარჩევნო ბლოკი ჩვენები - სახალხო პარტია,23,,,15,,ავთანდილ,იმნაძე,ავთანდილ იმნაძე,სახალხო პარტიის წევრი,,party_lists_2016_georgia_unified.xlsx
parl_2016,__main__,pr,chvenni_peoples,საარჩევნო ბლოკი ჩვენები - სახალხო პარტია,23,,,16,,თამარ,ბოყოველი,თამარ ბოყოველი,უპარტიო,,party_lists_2016_georgia_unified.xlsx
parl_2016,__main__,pr,chvenni_peoples,საარჩევნო ბლოკი ჩვენები - სახალხო პარტია,23,,,17,,გივი,თაბორიძე,გივი თაბორიძე,უპარტიო,,party_lists_2016_georgia_unified.xlsx
parl_2016,__main__,pr,chvenni_peoples,საარჩევნო ბლოკი ჩვენები - სახალხო პარტია,23,,,18,,თეონა,ქავთარია,თეონა ქავთარია,უპარტიო,,party_lists_2016_georgia_unified.xlsx
parl_2016,__main__,pr,chvenni_peoples,საარჩევნო ბლოკი ჩვენები - სახალხო პარტია,23,,,19,,გივი,გეთია,გივი გეთია,უპარტიო,,party_lists_2016_georgia_unified.xlsx
parl_2016,__main__,pr,chvenni_peoples,საარჩევნო ბლოკი ჩვენები - სახალხო პარტია,23,,,20,,ირაკლი,ტორონჯაძე,ირაკლი ტორონჯაძე,სახალხო პარტიის ლიდერი,,party_lists_2016_georgia_unified.xlsx
parl_2016,__main__,pr,chvenni_peoples,საარჩევნო ბლოკი ჩვენები - სახალხო პარტია,23,,,21,,ლიანა,პეტრიაშვილი,ლიანა პეტრიაშვილი,უპარტიო,,party_lists_2016_georgia_unified.xlsx
parl_2016,__main__,pr,chvenni_peoples,საარჩევნო ბლოკი ჩვენები - სახალხო პარტია,23,,,22,,ნათელა,მაისურაძე,ნათელა მაისურაძე,დემოკრატიული განახლება - ჩვენი საქართველო გაბრწყინდება (ჩვენები) წევრი,,party_lists_2016_georgia_unified.xlsx
parl_2016,__main__,pr,chvenni_peoples,საარჩევნო ბლოკი ჩვენები - სახალხო პარტია,23,,,23,,ნანა,ლევიძე,ნანა ლევიძე,უპარტიო,,party_lists_2016_georgia_unified.xlsx
parl_2016,__main__,pr,chvenni_peoples,საარჩევნო ბლოკი ჩვენები - სახალხო პარტია,23,,,24,,გიორგი,ბერუაშვილი,გიორგი ბერუაშვილი,უპარტიო,,party_lists_2016_georgia_unified.xlsx
parl_2016,__main__,pr,chvenni_peoples,საარჩევნო ბლოკი ჩვენები - სახალხო პარტია,23,,,25,,ხათუნა,გრიგალაშვილი,ხათუნა გრიგალაშვილი,უპარტიო,,party_lists_2016_georgia_unified.xlsx
parl_2016,__main__,pr,chvenni_peoples,საარჩევნო ბლოკი ჩვენები - სახალხო პარტია,23,,,26,,დავით,კინწურაშვილი,დავით კინწურაშვილი,უპარტიო,,party_lists_2016_georgia_unified.xlsx
parl_2016,__main__,pr,chvenni_peoples,საარჩევნო ბლოკი ჩვენები - სახალხო პარტია,23,,,27,,მამუკა,ხიჯაკაძე,მამუკა ხიჯაკაძე,სახალხო პარტიის წევრი,,party_lists_2016_georgia_unified.xlsx
parl_2016,__main__,pr,chvenni_peoples,საარჩევნო ბლოკი ჩვენები - სახალხო პარტია,23,,,28,,ზურაბ,პაქსაძე,ზურაბ პაქსაძე,სახალხო პარტიის წევრი,,party_lists_2016_georgia_unified.xlsx
parl_2016,__main__,pr,chvenni_peoples,საარჩევნო ბლოკი ჩვენები - სახალხო პარტია,23,,,29,,ხვიჩა,დიდბერიძე,ხვიჩა დიდბერიძე,დემოკრატიული განახლება - ჩვენი საქართველო გაბრწყინდება (ჩვენები) წევრი,,party_lists_2016_georgia_unified.xlsx
parl_2016,__main__,pr,chvenni_peoples,საარჩევნო ბლოკი ჩვენები - სახალხო პარტია,23,,,30,,ქეთევან,მიმინოშვილი,ქეთევან მიმინოშვილი,სახალხო პარტიის წევრი,,party_lists_2016_georgia_unified.xlsx
parl_2016,__main__,pr,chvenni_peoples,საარჩევნო ბლოკი ჩვენები - სახალხო პარტია,23,,,31,,ლადო,დეკანოსიძე,ლადო დეკანოსიძე,უპარტიო,,party_lists_2016_georgia_unified.xlsx
parl_2016,__main__,pr,chvenni_peoples,საარჩევნო ბლოკი ჩვენები - სახალხო პარტია,23,,,32,,ბათო,ჭუმბურიძე,ბათო ჭუმბურიძე,სახალხო პარტიის წევრი,,party_lists_2016_georgia_unified.xlsx
parl_2016,__main__,pr,chvenni_peoples,საარჩევნო ბლოკი ჩვენები - სახალხო პარტია,23,,,33,,ლევან,ღლონტი,ლევან ღლონტი,უპარტიო,,party_lists_2016_georgia_unified.xlsx
parl_2016,__main__,pr,chvenni_peoples,საარჩევნო ბლოკი ჩვენები - სახალხო პარტია,23,,,34,,მარინა,ბოჭორიშვილი,მარინა ბოჭორიშვილი,უპარტიო,,party_lists_2016_georgia_unified.xlsx
parl_2016,__main__,pr,chvenni_peoples,საარჩევნო ბლოკი ჩვენები - სახალხო პარტია,23,,,35,,ავთანდილ,თათეშვილი,ავთანდილ თათეშვილი,სახალხო პარტიის წევრი,,party_lists_2016_georgia_unified.xlsx
parl_2016,__main__,pr,chvenni_peoples,საარჩევნო ბლოკი ჩვენები - სახალხო პარტია,23,,,36,,ფრიდონ,ხუციშვილი,ფრიდონ ხუციშვილი,სახალხო პარტიის წევრი,,party_lists_2016_georgia_unified.xlsx
parl_2016,__main__,pr,chvenni_peoples,საარჩევნო ბლოკი ჩვენები - სახალხო პარტია,23,,,37,,ბელა,გაბისონია,ბელა გაბისონია,უპარტიო,,party_lists_2016_georgia_unified.xlsx
parl_2016,__main__,pr,chvenni_peoples,საარჩევნო ბლოკი ჩვენები - სახალხო პარტია,23,,,38,,რამინ,გუნია,რამინ გუნია,უპარტიო,,party_lists_2016_georgia_unified.xlsx
parl_2016,__main__,pr,chvenni_peoples,საარჩევნო ბლოკი ჩვენები - სახალხო პარტია,23,,,39,,ირაკლი,ქიბროწაშვილი,ირაკლი ქიბროწაშვილი,უპარტიო,,party_lists_2016_georgia_unified.xlsx
parl_2016,__main__,pr,chvenni_peoples,საარჩევნო ბლოკი ჩვენები - სახალხო პარტია,23,,,40,,სოფიკო,ქიბროწაშვილი,სოფიკო ქიბროწაშვილი,უპარტიო,,party_lists_2016_georgia_unified.xlsx
parl_2016,__main__,pr,chvenni_peoples,საარჩევნო ბლოკი ჩვენები - სახალხო პარტია,23,,,41,,თამარი,კიკნაძე,თამარი კიკნაძე,უპარტიო,,party_lists_2016_georgia_unified.xlsx
parl_2016,__main__,pr,chvenni_peoples,საარჩევნო ბლოკი ჩვენები - სახალხო პარტია,23,,,42,,მერი,ქუშაშვილი,მერი ქუშაშვილი,უპარტიო,,party_lists_2016_georgia_unified.xlsx
parl_2016,__main__,pr,chvenni_peoples,საარჩევნო ბლოკი ჩვენები - სახალხო პარტია,23,,,43,,გიორგი,მეცხვარიშვილი,გიორგი მეცხვარიშვილი,სახალხო პარტიის წევრი,,party_lists_2016_georgia_unified.xlsx
parl_2016,__main__,pr,chvenni_peoples,საარჩევნო ბლოკი ჩვენები - სახალხო პარტია,23,,,44,,ლალი,ასიტოვი,ლალი ასიტოვი,უპარტიო,,party_lists_2016_georgia_unified.xlsx
parl_2016,__main__,pr,chvenni_peoples,საარჩევნო ბლოკი ჩვენები - სახალხო პარტია,23,,,45,,თენგიზ,ცერცვაძე,თენგიზ ცერცვაძე,სახალხო პარტიის წევრი,,party_lists_2016_georgia_unified.xlsx
parl_2016,__main__,pr,chvenni_peoples,საარჩევნო ბლოკი ჩვენები - სახალხო პარტია,23,,,46,,თამარ,კარიაული,თამარ კარიაული,უპარტიო,,party_lists_2016_georgia_unified.xlsx
parl_2016,__main__,pr,chvenni_peoples,საარჩევნო ბლოკი ჩვენები - სახალხო პარტია,23,,,47,,ქეთევან,ასიტოვი-ხურცილავა,ქეთევან ასიტოვი-ხურცილავა,უპარტიო,,party_lists_2016_georgia_unified.xlsx
parl_2016,__main__,pr,chvenni_peoples,საარჩევნო ბლოკი ჩვენები - სახალხო პარტია,23,,,48,,კობა,კობახიძე,კობა კობახიძე,დემოკრატიული განახლება - ჩვენი საქართველო გაბრწყინდება (ჩვენები) წევრი,,party_lists_2016_georgia_unified.xlsx
parl_2016,__main__,pr,chvenni_peoples,საარჩევნო ბლოკი ჩვენები - სახალხო პარტია,23,,,49,,რობიზონ,ავალიანი,რობიზონ ავალიანი,უპარტიო,,party_lists_2016_georgia_unified.xlsx
parl_2016,__main__,pr,chvenni_peoples,საარჩევნო ბლოკი ჩვენები - სახალხო პარტია,23,,,50,,ეთერი,ღურჭუმელია,ეთერი ღურჭუმელია,უპარტიო,,party_lists_2016_georgia_unified.xlsx
parl_2016,__main__,pr,chvenni_peoples,საარჩევნო ბლოკი ჩვენები - სახალხო პარტია,23,,,51,,თამთა,სიამაშვილი,თამთა სიამაშვილი,უპარტიო,,party_lists_2016_georgia_unified.xlsx
parl_2016,__main__,pr,chvenni_peoples,საარჩევნო ბლოკი ჩვენები - სახალხო პარტია,23,,,52,,ნელი,მოხევიშვილი,ნელი მოხევიშვილი,უპარტიო,,party_lists_2016_georgia_unified.xlsx
parl_2016,__main__,pr,chvenni_peoples,საარჩევნო ბლოკი ჩვენები - სახალხო პარტია,23,,,53,,ევგენია,მოხევიშვილი,ევგენია მოხევიშვილი,უპარტიო,,party_lists_2016_georgia_unified.xlsx
parl_2016,__main__,pr,chvenni_peoples,საარჩევნო ბლოკი ჩვენები - სახალხო პარტია,23,,,54,,რეზო,სამუშია,რეზო სამუშია,უპარტიო,,party_lists_2016_georgia_unified.xlsx
parl_2016,__main__,pr,chvenni_peoples,საარჩევნო ბლოკი ჩვენები - სახალხო პარტია,23,,,55,,ლია,ქვლივიძე-თედიაშვილი,ლია ქვლივიძე-თედიაშვილი,უპარტიო,,party_lists_2016_georgia_unified.xlsx
parl_2016,__main__,pr,chvenni_peoples,საარჩევნო ბლოკი ჩვენები - სახალხო პარტია,23,,,56,,ქეთევანი,კევლიშვილი,ქეთევანი კევლიშვილი,უპარტიო,,party_lists_2016_georgia_unified.xlsx
parl_2016,__main__,pr,chvenni_peoples,საარჩევნო ბლოკი ჩვენები - სახალხო პარტია,23,,,57,,გიორგი,გიორგაძე,გიორგი გიორგაძე,უპარტიო,,party_lists_2016_georgia_unified.xlsx
parl_2016,__main__,pr,chvenni_peoples,საარჩევნო ბლოკი ჩვენები - სახალხო პარტია,23,,,58,,თეონა,ნაცვლიშვილი,თეონა ნაცვლიშვილი,უპარტიო,,party_lists_2016_georgia_unified.xlsx
parl_2016,__main__,pr,chvenni_peoples,საარჩევნო ბლოკი ჩვენები - სახალხო პარტია,23,,,59,,ლელა,კვეზერელი,ლელა კვეზერელი,უპარტიო,,party_lists_2016_georgia_unified.xlsx
parl_2016,__main__,pr,chvenni_peoples,საარჩევნო ბლოკი ჩვენები - სახალხო პარტია,23,,,60,,თორნიკე,გორგილაძე,თორნიკე გორგილაძე,უპარტიო,,party_lists_2016_georgia_unified.xlsx
parl_2016,__main__,pr,chvenni_peoples,საარჩევნო ბლოკი ჩვენები - სახალხო პარტია,23,,,61,,ირინე,ნაცვლიშვილი,ირინე ნაცვლიშვილი,უპარტიო,,party_lists_2016_georgia_unified.xlsx
parl_2016,__main__,pr,chvenni_peoples,საარჩევნო ბლოკი ჩვენები - სახალხო პარტია,23,,,62,,ნუგზარი,ქურხული,ნუგზარი ქურხული,უპარტიო,,party_lists_2016_georgia_unified.xlsx
parl_2016,__main__,pr,chvenni_peoples,საარჩევნო ბლოკი ჩვენები - სახალხო პარტია,23,,,63,,თემური,ბენაშვილი,თემური ბენაშვილი,სახალხო პარტიის წევრი,,party_lists_2016_georgia_unified.xlsx
parl_2016,__main__,pr,chvenni_peoples,საარჩევნო ბლოკი ჩვენები - სახალხო პარტია,23,,,64,,ნინო,მაისურაძე,ნინო მაისურაძე,უპარტიო,,party_lists_2016_georgia_unified.xlsx
parl_2016,__main__,pr,chvenni_peoples,საარჩევნო ბლოკი ჩვენები - სახალხო პარტია,23,,,65,,გიორგი,ბაქარაშვილი,გიორგი ბაქარაშვილი,უპარტიო,,party_lists_2016_georgia_unified.xlsx
parl_2016,__main__,pr,chvenni_peoples,საარჩევნო ბლოკი ჩვენები - სახალხო პარტია,23,,,66,,მამუკა,დეკანოსიძე,მამუკა დეკანოსიძე,სახალხო პარტიის წევრი,,party_lists_2016_georgia_unified.xlsx
parl_2016,__main__,pr,chvenni_peoples,საარჩევნო ბლოკი ჩვენები - სახალხო პარტია,23,,,67,,მეგი,პეტრიაშვილი,მეგი პეტრიაშვილი,უპარტიო,,party_lists_2016_georgia_unified.xlsx
parl_2016,__main__,pr,chvenni_peoples,საარჩევნო ბლოკი ჩვენები - სახალხო პარტია,23,,,68,,მევლუდი,ქურხული,მევლუდი ქურხული,უპარტიო,,party_lists_2016_georgia_unified.xlsx
parl_2016,__main__,pr,chvenni_peoples,საარჩევნო ბლოკი ჩვენები - სახალხო პარტია,23,,,69,,ანა,ჩოკოშვილი,ანა ჩოკოშვილი,უპარტიო,,party_lists_2016_georgia_unified.xlsx
parl_2016,__main__,pr,chvenni_peoples,საარჩევნო ბლოკი ჩვენები - სახალხო პარტია,23,,,70,,მარიამი,ამაროვი,მარიამი ამაროვი,უპარტიო,,party_lists_2016_georgia_unified.xlsx
parl_2016,__main__,pr,chvenni_peoples,საარჩევნო ბლოკი ჩვენები - სახალხო პარტია,23,,,71,,თეიმურაზი,დურგლიშვილი,თეიმურაზი დურგლიშვილი,უპარტიო,,party_lists_2016_georgia_unified.xlsx
parl_2016,__main__,pr,chvenni_peoples,საარჩევნო ბლოკი ჩვენები - სახალხო პარტია,23,,,72,,ვასილ,ჯაბადარი,ვასილ ჯაბადარი,უპარტიო,,party_lists_2016_georgia_unified.xlsx
parl_2016,__main__,pr,chvenni_peoples,საარჩევნო ბლოკი ჩვენები - სახალხო პარტია,23,,,73,,კობა,საბანაძე,კობა საბანაძე,სახალხო პარტიის წევრი,,party_lists_2016_georgia_unified.xlsx
parl_2016,__main__,pr,chvenni_peoples,საარჩევნო ბლოკი ჩვენები - სახალხო პარტია,23,,,74,,ელენე,წიკლაური,ელენე წიკლაური,-დეკანოსიძე სახალხო პარტიის წევრი,,party_lists_2016_georgia_unified.xlsx
parl_2016,__main__,pr,chvenni_peoples,საარჩევნო ბლოკი ჩვენები - სახალხო პარტია,23,,,75,,შალვა,ნათაძე,შალვა ნათაძე,სახალხო პარტიის წევრი,,party_lists_2016_georgia_unified.xlsx
parl_2016,__main__,pr,chvenni_peoples,საარჩევნო ბლოკი ჩვენები - სახალხო პარტია,23,,,76,,ელენე,დარისპანაშვილი,ელენე დარისპანაშვილი,უპარტიო,,party_lists_2016_georgia_unified.xlsx
parl_2016,__main__,pr,chvenni_peoples,საარჩევნო ბლოკი ჩვენები - სახალხო პარტია,23,,,77,,ეკატერინე,მაჭავარიანი,ეკატერინე მაჭავარიანი,უპარტიო,,party_lists_2016_georgia_unified.xlsx
parl_2016,__main__,pr,chvenni_peoples,საარჩევნო ბლოკი ჩვენები - სახალხო პარტია,23,,,78,,ვაჟა,ნიკოლაშვილი,ვაჟა ნიკოლაშვილი,უპარტიო,,party_lists_2016_georgia_unified.xlsx
parl_2016,__main__,pr,chvenni_peoples,საარჩევნო ბლოკი ჩვენები - სახალხო პარტია,23,,,79,,ნინო,ქიბროწაშვილი,ნინო ქიბროწაშვილი,უპარტიო,,party_lists_2016_georgia_unified.xlsx
parl_2016,__main__,pr,chvenni_peoples,საარჩევნო ბლოკი ჩვენები - სახალხო პარტია,23,,,80,,ჯემალ,კვანტალიანი,ჯემალ კვანტალიანი,უპარტიო,,party_lists_2016_georgia_unified.xlsx
parl_2016,__main__,pr,chvenni_peoples,საარჩევნო ბლოკი ჩვენები - სახალხო პარტია,23,,,81,,კარინე,გრიგოლაშვილი,კარინე გრიგოლაშვილი,უპარტიო,,party_lists_2016_georgia_unified.xlsx
parl_2016,__main__,pr,chvenni_peoples,საარჩევნო ბლოკი ჩვენები - სახალხო პარტია,23,,,82,,თამარი,ქიბროწაშვილი,თამარი ქიბროწაშვილი,უპარტიო,,party_lists_2016_georgia_unified.xlsx
parl_2016,__main__,pr,chvenni_peoples,საარჩევნო ბლოკი ჩვენები - სახალხო პარტია,23,,,83,,ანა,ნაფეტვარიძე,ანა ნაფეტვარიძე,უპარტიო,,party_lists_2016_georgia_unified.xlsx
parl_2016,__main__,pr,chvenni_peoples,საარჩევნო ბლოკი ჩვენები - სახალხო პარტია,23,,,84,,ბადრი,მოხევიშვილი,ბადრი მოხევიშვილი,უპარტიო,,party_lists_2016_georgia_unified.xlsx
parl_2016,__main__,pr,chvenni_peoples,საარჩევნო ბლოკი ჩვენები - სახალხო პარტია,23,,,85,,რუსუდანი,ქიტიაშვილი,რუსუდანი ქიტიაშვილი,დემოკრატიული განახლება - ჩვენი საქართველო გაბრწყინდება (ჩვენები) წევრი,,party_lists_2016_georgia_unified.xlsx
parl_2016,__main__,pr,chvenni_peoples,საარჩევნო ბლოკი ჩვენები - სახალხო პარტია,23,,,86,,ჯიმი,დიდბერიძე,ჯიმი დიდბერიძე,უპარტიო,,party_lists_2016_georgia_unified.xlsx
parl_2016,__main__,pr,chvenni_peoples,საარჩევნო ბლოკი ჩვენები - სახალხო პარტია,23,,,87,,ირინე,ბარსეგოვა,ირინე ბარსეგოვა,უპარტიო,,party_lists_2016_georgia_unified.xlsx
parl_2016,__main__,pr,chvenni_peoples,საარჩევნო ბლოკი ჩვენები - სახალხო პარტია,23,,,88,,ლია,ბარათაშვილი,ლია ბარათაშვილი,უპარტიო,,party_lists_2016_georgia_unified.xlsx
parl_2016,__main__,pr,chvenni_peoples,საარჩევნო ბლოკი ჩვენები - სახალხო პარტია,23,,,89,,ნინო,ხომერიკი,ნინო ხომერიკი,უპარტიო,,party_lists_2016_georgia_unified.xlsx
parl_2016,__main__,pr,chvenni_peoples,საარჩევნო ბლოკი ჩვენები - სახალხო პარტია,23,,,90,,ტიგრან,გრიგორიან,ტიგრან გრიგორიან,უპარტიო,,party_lists_2016_georgia_unified.xlsx
parl_2016,__main__,pr,chvenni_peoples,საარჩევნო ბლოკი ჩვენები - სახალხო პარტია,23,,,91,,არტურ,სარქისიანი,არტურ სარქისიანი,დემოკრატიული განახლება - ჩვენი საქართველო გაბრწყინდება (ჩვენები) წევრი,,party_lists_2016_georgia_unified.xlsx
parl_2016,__main__,pr,chvenni_peoples,საარჩევნო ბლოკი ჩვენები - სახალხო პარტია,23,,,92,,მიხეილ,საფაროვი,მიხეილ საფაროვი,უპარტიო,,party_lists_2016_georgia_unified.xlsx
parl_2016,__main__,pr,chvenni_peoples,საარჩევნო ბლოკი ჩვენები - სახალხო პარტია,23,,,93,,ბორის,ოსეპიანი,ბორის ოსეპიანი,უპარტიო,,party_lists_2016_georgia_unified.xlsx
parl_2016,__main__,pr,chvenni_peoples,საარჩევნო ბლოკი ჩვენები - სახალხო პარტია,23,,,94,,გიორგი,ჯოხაძე,გიორგი ჯოხაძე,უპარტიო,,party_lists_2016_georgia_unified.xlsx
parl_2016,__main__,pr,chvenni_peoples,საარჩევნო ბლოკი ჩვენები - სახალხო პარტია,23,,,95,,ლიანა,აფციაური,ლიანა აფციაური,დემოკრატიული განახლება - ჩვენი საქართველო გაბრწყინდება (ჩვენები) წევრი,,party_lists_2016_georgia_unified.xlsx
parl_2016,__main__,pr,chvenni_peoples,საარჩევნო ბლოკი ჩვენები - სახალხო პარტია,23,,,96,,რამაზ,გადაბაძე,რამაზ გადაბაძე,უპარტიო,,party_lists_2016_georgia_unified.xlsx
parl_2016,__main__,pr,chvenni_peoples,საარჩევნო ბლოკი ჩვენები - სახალხო პარტია,23,,,97,,მაკა,ბუღაძე,მაკა ბუღაძე,დემოკრატიული განახლება - ჩვენი საქართველო გაბრწყინდება (ჩვენები) წევრი,,party_lists_2016_georgia_unified.xlsx
parl_2016,__main__,pr,chvenni_peoples,საარჩევნო ბლოკი ჩვენები - სახალხო პარტია,23,,,98,,დავითი,მთავრიშვილი,დავითი მთავრიშვილი,უპარტიო,,party_lists_2016_georgia_unified.xlsx
parl_2016,__main__,pr,chvenni_peoples,საარჩევნო ბლოკი ჩვენები - სახალხო პარტია,23,,,99,,ოტია,გაგოშიძე,ოტია გაგოშიძე,დემოკრატიული განახლება - ჩვენი საქართველო გაბრწყინდება (ჩვენები) წევრი,,party_lists_2016_georgia_unified.xlsx
parl_2016,__main__,pr,chvenni_peoples,საარჩევნო ბლოკი ჩვენები - სახალხო პარტია,23,,,100,,თედო,ლეკვიაშვილი,თედო ლეკვიაშვილი,უპარტიო,,party_lists_2016_georgia_unified.xlsx
parl_2016,__main__,pr,chvenni_peoples,საარჩევნო ბლოკი ჩვენები - სახალხო პარტია,23,,,101,,ნანა,ვარდანიძე,ნანა ვარდანიძე,უპარტიო,,party_lists_2016_georgia_unified.xlsx
parl_2016,__main__,pr,chvenni_peoples,საარჩევნო ბლოკი ჩვენები - სახალხო პარტია,23,,,102,,ბახვა,აფციაური,ბახვა აფციაური,უპარტიო,,party_lists_2016_georgia_unified.xlsx
parl_2016,__main__,pr,chvenni_peoples,საარჩევნო ბლოკი ჩვენები - სახალხო პარტია,23,,,103,,ლიანა,მათიაშვილი,ლიანა მათიაშვილი,უპარტიო,,party_lists_2016_georgia_unified.xlsx
parl_2016,__main__,pr,chvenni_peoples,საარჩევნო ბლოკი ჩვენები - სახალხო პარტია,23,,,104,,ხათუნა,აფციაური,ხათუნა აფციაური,უპარტიო,,party_lists_2016_georgia_unified.xlsx
parl_2016,__main__,pr,chvenni_peoples,საარჩევნო ბლოკი ჩვენები - სახალხო პარტია,23,,,105,,ხატია,ზარიძე,ხატია ზარიძე,უპარტიო,,party_lists_2016_georgia_unified.xlsx
parl_2016,__main__,pr,chvenni_peoples,საარჩევნო ბლოკი ჩვენები - სახალხო პარტია,23,,,106,,კახა,ლეკვიაშვილი,კახა ლეკვიაშვილი,უპარტიო,,party_lists_2016_georgia_unified.xlsx
parl_2016,__main__,pr,chvenni_peoples,საარჩევნო ბლოკი ჩვენები - სახალხო პარტია,23,,,107,,მარიზა,ვადაჭკორია,მარიზა ვადაჭკორია,უპარტიო,,party_lists_2016_georgia_unified.xlsx
parl_2016,__main__,pr,chvenni_peoples,საარჩევნო ბლოკი ჩვენები - სახალხო პარტია,23,,,108,,დონორი,კოპაძე,დონორი კოპაძე,უპარტიო,,party_lists_2016_georgia_unified.xlsx
parl_2016,__main__,pr,chvenni_peoples,საარჩევნო ბლოკი ჩვენები - სახალხო პარტია,23,,,109,,გულნაზ,მაკოევი,გულნაზ მაკოევი,უპარტიო,,party_lists_2016_georgia_unified.xlsx
parl_2016,__main__,pr,chvenni_peoples,საარჩევნო ბლოკი ჩვენები - სახალხო პარტია,23,,,110,,ნოდარ,ხაჩატურიანი,ნოდარ ხაჩატურიანი,უპარტიო,,party_lists_2016_georgia_unified.xlsx
parl_2016,__main__,pr,chvenni_peoples,საარჩევნო ბლოკი ჩვენები - სახალხო პარტია,23,,,111,,გიორგი,მერაბიანი,გიორგი მერაბიანი,უპარტიო,,party_lists_2016_georgia_unified.xlsx
parl_2016,__main__,pr,chvenni_peoples,საარჩევნო ბლოკი ჩვენები - სახალხო პარტია,23,,,112,,ზაზა,შალამბერიძე,ზაზა შალამბერიძე,უპარტიო,,party_lists_2016_georgia_unified.xlsx
parl_2016,__main__,pr,chvenni_peoples,საარჩევნო ბლოკი ჩვენები - სახალხო პარტია,23,,,113,,ვახტანგ,ცერცვაძე,ვახტანგ ცერცვაძე,სახლო პარტიის წევრი,,party_lists_2016_georgia_unified.xlsx
parl_2016,__main__,pr,chvenni_peoples,საარჩევნო ბლოკი ჩვენები - სახალხო პარტია,23,,,114,,ვალერიანი,ძამუკაშვილი,ვალერიანი ძამუკაშვილი,უპარტიო,,party_lists_2016_georgia_unified.xlsx
parl_2016,__main__,pr,chvenni_peoples,საარჩევნო ბლოკი ჩვენები - სახალხო პარტია,23,,,115,,გოჩა,ბერიძე,გოჩა ბერიძე,უპარტიო,,party_lists_2016_georgia_unified.xlsx
parl_2016,__main__,pr,chvenni_peoples,საარჩევნო ბლოკი ჩვენები - სახალხო პარტია,23,,,116,,მანანა,პეტრიაშვილი,მანანა პეტრიაშვილი,უპარტიო,,party_lists_2016_georgia_unified.xlsx
parl_2016,__main__,pr,chvenni_peoples,საარჩევნო ბლოკი ჩვენები - სახალხო პარტია,23,,,117,,მთვარისა,ბარბაქაძე,მთვარისა ბარბაქაძე,უპარტიო,,party_lists_2016_georgia_unified.xlsx
parl_2016,__main__,pr,chvenni_peoples,საარჩევნო ბლოკი ჩვენები - სახალხო პარტია,23,,,118,,კობა,ჩაფიჩაძე,კობა ჩაფიჩაძე,უპარტიო,,party_lists_2016_georgia_unified.xlsx
parl_2016,__main__,pr,chvenni_peoples,საარჩევნო ბლოკი ჩვენები - სახალხო პარტია,23,,,119,,მარიამ,ჭინჭარაული,მარიამ ჭინჭარაული,უპარტიო,,party_lists_2016_georgia_unified.xlsx
parl_2016,__main__,pr,chvenni_peoples,საარჩევნო ბლოკი ჩვენები - სახალხო პარტია,23,,,120,,ქეთინო,თოდუა,ქეთინო თოდუა,უპარტიო,,party_lists_2016_georgia_unified.xlsx
parl_2016,__main__,pr,chvenni_peoples,საარჩევნო ბლოკი ჩვენები - სახალხო პარტია,23,,,121,,იური,თვარაძე,იური თვარაძე,უპარტიო,,party_lists_2016_georgia_unified.xlsx
parl_2016,__main__,pr,chvenni_peoples,საარჩევნო ბლოკი ჩვენები - სახალხო პარტია,23,,,122,,სვანიძე,ალინა,სვანიძე ალინა,უპარტიო,,party_lists_2016_georgia_unified.xlsx
parl_2016,__main__,pr,chvenni_peoples,საარჩევნო ბლოკი ჩვენები - სახალხო პარტია,23,,,123,,ვახტანგ,ნადარეიშვილი,ვახტანგ ნადარეიშვილი,უპარტიო,,party_lists_2016_georgia_unified.xlsx
parl_2016,__main__,pr,chvenni_peoples,საარჩევნო ბლოკი ჩვენები - სახალხო პარტია,23,,,124,,ვერა,ყურულაშვილი,ვერა ყურულაშვილი,უპარტიო,,party_lists_2016_georgia_unified.xlsx
parl_2016,__main__,pr,chvenni_peoples,საარჩევნო ბლოკი ჩვენები - სახალხო პარტია,23,,,125,,ნათელა,გუდიაშვილი,ნათელა გუდიაშვილი,უპარტიო,,party_lists_2016_georgia_unified.xlsx
parl_2016,__main__,pr,chvenni_peoples,საარჩევნო ბლოკი ჩვენები - სახალხო პარტია,23,,,126,,ანნა,აფციაური,ანნა აფციაური,უპარტიო,,party_lists_2016_georgia_unified.xlsx
parl_2016,__main__,pr,chvenni_peoples,საარჩევნო ბლოკი ჩვენები - სახალხო პარტია,23,,,127,,ეკატერინე,გვასალია,ეკატერინე გვასალია,უპარტიო,,party_lists_2016_georgia_unified.xlsx
parl_2016,__main__,pr,chvenni_peoples,საარჩევნო ბლოკი ჩვენები - სახალხო პარტია,23,,,128,,ინა,კორძახია,ინა კორძახია,უპარტიო,,party_lists_2016_georgia_unified.xlsx
parl_2016,__main__,pr,chvenni_peoples,საარჩევნო ბლოკი ჩვენები - სახალხო პარტია,23,,,129,,ნინო,ზინდრიშვილი,ნინო ზინდრიშვილი,უპარტიო,,party_lists_2016_georgia_unified.xlsx
parl_2016,__main__,pr,chvenni_peoples,საარჩევნო ბლოკი ჩვენები - სახალხო პარტია,23,,,130,,ირინა,პონომარენკო,ირინა პონომარენკო,უპარტიო,,party_lists_2016_georgia_unified.xlsx
parl_2016,__main__,pr,chvenni_peoples,საარჩევნო ბლოკი ჩვენები - სახალხო პარტია,23,,,131,,ხათუნა,ღვანია,ხათუნა ღვანია,უპარტიო,,party_lists_2016_georgia_unified.xlsx
parl_2016,__main__,pr,chvenni_peoples,საარჩევნო ბლოკი ჩვენები - სახალხო პარტია,23,,,132,,მაია,ჯულაყიძე,მაია ჯულაყიძე,უპარტიო,,party_lists_2016_georgia_unified.xlsx
parl_2016,__main__,pr,chvenni_peoples,საარჩევნო ბლოკი ჩვენები - სახალხო პარტია,23,,,133,,ალლა,ფეიქრიშვილი,ალლა ფეიქრიშვილი,უპარტიო,,party_lists_2016_georgia_unified.xlsx
parl_2016,__main__,pr,chvenni_peoples,საარჩევნო ბლოკი ჩვენები - სახალხო პარტია,23,,,134,,ნარგიზი,პეტრიაშვილი,ნარგიზი პეტრიაშვილი,დემოკრატიული განახლება - ჩვენი საქართველო გაბრწყინდება (ჩვენები) წევრი,,party_lists_2016_georgia_unified.xlsx
parl_2016,__main__,pr,chvenni_peoples,საარჩევნო ბლოკი ჩვენები - სახალხო პარტია,23,,,135,,ანა,ვართანიანი,ანა ვართანიანი,უპარტიო,,party_lists_2016_georgia_unified.xlsx
parl_2016,__main__,pr,chvenni_peoples,საარჩევნო ბლოკი ჩვენები - სახალხო პარტია,23,,,136,,გივი,მოსულიშვილი,გივი მოსულიშვილი,უპაატიო,,party_lists_2016_georgia_unified.xlsx
parl_2016,__main__,pr,chvenni_peoples,საარჩევნო ბლოკი ჩვენები - სახალხო პარტია,23,,,137,,მზია,ლორთქიფანიძე,მზია ლორთქიფანიძე,უპაატიო,,party_lists_2016_georgia_unified.xlsx
parl_2016,__main__,pr,chvenni_peoples,საარჩევნო ბლოკი ჩვენები - სახალხო პარტია,23,,,138,,გიორგი,თოიძე,გიორგი თოიძე,უპარტიო,,party_lists_2016_georgia_unified.xlsx
parl_2016,__main__,pr,chvenni_peoples,საარჩევნო ბლოკი ჩვენები - სახალხო პარტია,23,,,139,,ავთანდილ,ხიზანიშვილი,ავთანდილ ხიზანიშვილი,უპარტიო,,party_lists_2016_georgia_unified.xlsx
parl_2016,__main__,pr,chvenni_peoples,საარჩევნო ბლოკი ჩვენები - სახალხო პარტია,23,,,140,,ანნა,მოსულიშვილი,ანნა მოსულიშვილი,უპარტიო,,party_lists_2016_georgia_unified.xlsx
parl_2016,__main__,pr,chvenni_peoples,საარჩევნო ბლოკი ჩვენები - სახალხო პარტია,23,,,141,,ლამზირა,სეხნიაშვილი,ლამზირა სეხნიაშვილი,უპარტიო,,party_lists_2016_georgia_unified.xlsx
parl_2016,__main__,pr,chvenni_peoples,საარჩევნო ბლოკი ჩვენები - სახალხო პარტია,23,,,142,,მზია,ბარბაქაძე,მზია ბარბაქაძე,უპარტიო,,party_lists_2016_georgia_unified.xlsx
parl_2016,__main__,pr,chvenni_peoples,საარჩევნო ბლოკი ჩვენები - სახალხო პარტია,23,,,143,,დიმიტრი,თაბორიძე,დიმიტრი თაბორიძე,უპარტიო,,party_lists_2016_georgia_unified.xlsx
parl_2016,__main__,pr,chvenni_peoples,საარჩევნო ბლოკი ჩვენები - სახალხო პარტია,23,,,144,,ჯემალ,გუნდიშვილი,ჯემალ გუნდიშვილი,სახალხო პარტიის წევრი,,party_lists_2016_georgia_unified.xlsx
parl_2016,__main__,pr,chvenni_peoples,საარჩევნო ბლოკი ჩვენები - სახალხო პარტია,23,,,145,,დიმიტრი,თურმანიძე,დიმიტრი თურმანიძე,სახალხო პარტიის წევრი,,party_lists_2016_georgia_unified.xlsx
parl_2016,__main__,pr,chvenni_peoples,საარჩევნო ბლოკი ჩვენები - სახალხო პარტია,23,,,146,,ალექსანდრე,ყიფიანი,ალექსანდრე ყიფიანი,სახალხო პარტიის წევრი,,party_lists_2016_georgia_unified.xlsx
parl_2016,__main__,pr,chvenni_peoples,საარჩევნო ბლოკი ჩვენები - სახალხო პარტია,23,,,147,,მზია,იოსელიანი,მზია იოსელიანი,სახალხო პარტიის წევრი,,party_lists_2016_georgia_unified.xlsx
parl_2016,__main__,pr,chvenni_peoples,საარჩევნო ბლოკი ჩვენები - სახალხო პარტია,23,,,148,,მამუკა,გიორგაძე,მამუკა გიორგაძე,უპარტიო,,party_lists_2016_georgia_unified.xlsx
parl_2016,__main__,pr,chvenni_peoples,საარჩევნო ბლოკი ჩვენები - სახალხო პარტია,23,,,149,,ელენე,გუნდიშვილი,ელენე გუნდიშვილი,უპარტიო,,party_lists_2016_georgia_unified.xlsx
parl_2016,__main__,pr,chvenni_peoples,საარჩევნო ბლოკი ჩვენები - სახალხო პარტია,23,,,150,,ელგუჯა,ქიმაძე,ელგუჯა ქიმაძე,სახალხო პარტიის წევრი,,party_lists_2016_georgia_unified.xlsx
parl_2016,__main__,pr,chvenni_peoples,საარჩევნო ბლოკი ჩვენები - სახალხო პარტია,23,,,151,,გია,ჭოჭუა,გია ჭოჭუა,უპარტიო,,party_lists_2016_georgia_unified.xlsx
parl_2016,__main__,pr,chvenni_peoples,საარჩევნო ბლოკი ჩვენები - სახალხო პარტია,23,,,152,,ქეთევან,კობერიძე,ქეთევან კობერიძე,უპარტიო,,party_lists_2016_georgia_unified.xlsx
parl_2016,__main__,pr,chvenni_peoples,საარჩევნო ბლოკი ჩვენები - სახალხო პარტია,23,,,153,,დავით,ყარაგვეზაშვილი,დავით ყარაგვეზაშვილი,სახალხო პარტიის წევრი,,party_lists_2016_georgia_unified.xlsx
parl_2016,__main__,pr,chvenni_peoples,საარჩევნო ბლოკი ჩვენები - სახალხო პარტია,23,,,154,,გიორგი,ჭანტურიძე,გიორგი ჭანტურიძე,სახალხო პარტიის წევრი,,party_lists_2016_georgia_unified.xlsx
parl_2016,__main__,pr,chvenni_peoples,საარჩევნო ბლოკი ჩვენები - სახალხო პარტია,23,,,155,,რაჟდენ,დიდიძე,რაჟდენ დიდიძე,სახალხო პარტიის წევრი,,party_lists_2016_georgia_unified.xlsx
parl_2016,__main__,pr,chvenni_peoples,საარჩევნო ბლოკი ჩვენები - სახალხო პარტია,23,,,156,,დავით,ყენია,დავით ყენია,სახალხო პარტიის წევრი,,party_lists_2016_georgia_unified.xlsx
parl_2016,__main__,pr,chvenni_peoples,საარჩევნო ბლოკი ჩვენები - სახალხო პარტია,23,,,157,,იოსებ,ჩიხლაძე,იოსებ ჩიხლაძე,უპარტიო,,party_lists_2016_georgia_unified.xlsx
parl_2016,__main__,pr,chvenni_peoples,საარჩევნო ბლოკი ჩვენები - სახალხო პარტია,23,,,158,,ქეთევან,გორდელაძე,ქეთევან გორდელაძე,უპარტიო,,party_lists_2016_georgia_unified.xlsx
parl_2016,__main__,pr,chvenni_peoples,საარჩევნო ბლოკი ჩვენები - სახალხო პარტია,23,,,159,,დავით,კიკაბიძე,დავით კიკაბიძე,უპარტიო,,party_lists_2016_georgia_unified.xlsx
parl_2016,__main__,pr,chvenni_peoples,საარჩევნო ბლოკი ჩვენები - სახალხო პარტია,23,,,160,,სიმონ,რამიშვილი,სიმონ რამიშვილი,უპარტიო,,party_lists_2016_georgia_unified.xlsx
parl_2016,__main__,pr,chvenni_peoples,საარჩევნო ბლოკი ჩვენები - სახალხო პარტია,23,,,161,,ნიკოლოზ,მთვარელიშვილი,ნიკოლოზ მთვარელიშვილი,უპარტიო,,party_lists_2016_georgia_unified.xlsx
parl_2016,__main__,pr,chvenni_peoples,საარჩევნო ბლოკი ჩვენები - სახალხო პარტია,23,,,162,,ნატალია,მთვარელიშვილი,ნატალია მთვარელიშვილი,უპარტიო,,party_lists_2016_georgia_unified.xlsx
parl_2016,__main__,pr,chvenni_peoples,საარჩევნო ბლოკი ჩვენები - სახალხო პარტია,23,,,163,,ქეთევან,ლომიძე,ქეთევან ლომიძე,უპარტიო,,party_lists_2016_georgia_unified.xlsx
parl_2016,__main__,pr,chvenni_peoples,საარჩევნო ბლოკი ჩვენები - სახალხო პარტია,23,,,164,,ლაშა,დუნდუა,ლაშა დუნდუა,უპარტიო,,party_lists_2016_georgia_unified.xlsx
parl_2016,__main__,pr,chvenni_peoples,საარჩევნო ბლოკი ჩვენები - სახალხო პარტია,23,,,165,,ირინე,ჩუბინიძე,ირინე ჩუბინიძე,უპარტიო,,party_lists_2016_georgia_unified.xlsx
parl_2016,__main__,pr,chvenni_peoples,საარჩევნო ბლოკი ჩვენები - სახალხო პარტია,23,,,166,,გოჩა,ღამბაშიძე,გოჩა ღამბაშიძე,უპარტიო,,party_lists_2016_georgia_unified.xlsx
parl_2016,__main__,pr,chvenni_peoples,საარჩევნო ბლოკი ჩვენები - სახალხო პარტია,23,,,167,,სერგო,ხაჩატურიან,სერგო ხაჩატურიან,დემოკრატიული განახლება - ჩვენი საქართველო გაბრწყინდება (ჩვენები) წევრი,,party_lists_2016_georgia_unified.xlsx
parl_2016,__main__,pr,chvenni_peoples,საარჩევნო ბლოკი ჩვენები - სახალხო პარტია,23,,,168,,ვლადიმერ,ბერაია,ვლადიმერ ბერაია,სახალხო პარტიის წევრი,,party_lists_2016_georgia_unified.xlsx
parl_2016,__main__,pr,chvenni_peoples,საარჩევნო ბლოკი ჩვენები - სახალხო პარტია,23,,,169,,დავით,ლამაზოშვილი,დავით ლამაზოშვილი,უპარტიო,,party_lists_2016_georgia_unified.xlsx
parl_2016,__main__,pr,chvenni_peoples,საარჩევნო ბლოკი ჩვენები - სახალხო პარტია,23,,,170,,ელენე,კენჭიაშვილი,ელენე კენჭიაშვილი,უპარტიო,,party_lists_2016_georgia_unified.xlsx
parl_2016,__main__,pr,chvenni_peoples,საარჩევნო ბლოკი ჩვენები - სახალხო პარტია,23,,,171,,რევაზ,ჟღენტი,რევაზ ჟღენტი,სახალხო პარტიის წევრი,,party_lists_2016_georgia_unified.xlsx
parl_2016,__main__,pr,chvenni_peoples,საარჩევნო ბლოკი ჩვენები - სახალხო პარტია,23,,,172,,დიმიტრი,სეხნიაშვილი,დიმიტრი სეხნიაშვილი,უპარტიო,,party_lists_2016_georgia_unified.xlsx
parl_2016,__main__,pr,chvenni_peoples,საარჩევნო ბლოკი ჩვენები - სახალხო პარტია,23,,,173,,ზაალი,ჯანიკაშვილი,ზაალი ჯანიკაშვილი,უპარტიო,,party_lists_2016_georgia_unified.xlsx
parl_2016,__main__,pr,chvenni_peoples,საარჩევნო ბლოკი ჩვენები - სახალხო პარტია,23,,,174,,ლელა,მამალაძე,ლელა მამალაძე,სახალხო პარტიის წევრი,,party_lists_2016_georgia_unified.xlsx
parl_2016,__main__,pr,chvenni_peoples,საარჩევნო ბლოკი ჩვენები - სახალხო პარტია,23,,,175,,ოლღა,თაბორიძე,ოლღა თაბორიძე,უპარტიო,,party_lists_2016_georgia_unified.xlsx
parl_2016,__main__,pr,chvenni_peoples,საარჩევნო ბლოკი ჩვენები - სახალხო პარტია,23,,,176,,ინგა,ჯალაღანია,ინგა ჯალაღანია,სახალხო პარტიის წევრი,,party_lists_2016_georgia_unified.xlsx
parl_2016,__main__,pr,chvenni_peoples,საარჩევნო ბლოკი ჩვენები - სახალხო პარტია,23,,,177,,მაია,მხატვრიშვილი,მაია მხატვრიშვილი,უპარტიო,,party_lists_2016_georgia_unified.xlsx
parl_2016,__main__,pr,chvenni_peoples,საარჩევნო ბლოკი ჩვენები - სახალხო პარტია,23,,,178,,კახა,ჭოჭუა,კახა ჭოჭუა,უპარტიო,,party_lists_2016_georgia_unified.xlsx
parl_2016,__main__,pr,chvenni_peoples,საარჩევნო ბლოკი ჩვენები - სახალხო პარტია,23,,,179,,თამთა,გიორგაძე,თამთა გიორგაძე,უპარტიო,,party_lists_2016_georgia_unified.xlsx
parl_2016,__main__,pr,chvenni_peoples,საარჩევნო ბლოკი ჩვენები - სახალხო პარტია,23,,,180,,ზაალ,ცინაძე,ზაალ ცინაძე,სახლო პარტიის წევრი,,party_lists_2016_georgia_unified.xlsx
parl_2016,__main__,pr,chvenni_peoples,საარჩევნო ბლოკი ჩვენები - სახალხო პარტია,23,,,181,,მაია,ბახტაძე,მაია ბახტაძე,უპარტიო,,party_lists_2016_georgia_unified.xlsx
parl_2016,__main__,pr,chvenni_peoples,საარჩევნო ბლოკი ჩვენები - სახალხო პარტია,23,,,182,,ვლადიმერ,ჭანტურიძე,ვლადიმერ ჭანტურიძე,სახლო პარტიის წევრი,,party_lists_2016_georgia_unified.xlsx
parl_2016,__main__,pr,chvenni_peoples,საარჩევნო ბლოკი ჩვენები - სახალხო პარტია,23,,,183,,ნუგზარ,გორაკუდაშვილი,ნუგზარ გორაკუდაშვილი,სახლო პარტიის წევრი,,party_lists_2016_georgia_unified.xlsx
parl_2016,__main__,pr,chvenni_peoples,საარჩევნო ბლოკი ჩვენები - სახალხო პარტია,23,,,184,,ილია,მაჭარაშვილი,ილია მაჭარაშვილი,სახლო პარტიის წევრი,,party_lists_2016_georgia_unified.xlsx
parl_2016,__main__,pr,chvenni_peoples,საარჩევნო ბლოკი ჩვენები - სახალხო პარტია,23,,,185,,ჯულიეტა,ფანჯაკიძე,ჯულიეტა ფანჯაკიძე,სახლო პარტიის წევრი,,party_lists_2016_georgia_unified.xlsx
parl_2016,__main__,pr,chvenni_peoples,საარჩევნო ბლოკი ჩვენები - სახალხო პარტია,23,,,186,,გიორგი,მგელაძე,გიორგი მგელაძე,სახლო პარტიის წევრი,,party_lists_2016_georgia_unified.xlsx
parl_2016,__main__,pr,chvenni_peoples,საარჩევნო ბლოკი ჩვენები - სახალხო პარტია,23,,,187,,ნოდარი,ჩალაბაშვილი,ნოდარი ჩალაბაშვილი,უპარტიო,,party_lists_2016_georgia_unified.xlsx
parl_2016,__main__,pr,chvenni_peoples,საარჩევნო ბლოკი ჩვენები - სახალხო პარტია,23,,,188,,თამაზ,მალაყმაძე,თამაზ მალაყმაძე,უპარტიო,,party_lists_2016_georgia_unified.xlsx
parl_2016,__main__,pr,chvenni_peoples,საარჩევნო ბლოკი ჩვენები - სახალხო პარტია,23,,,189,,მაყვალა,თავბერიძე,მაყვალა თავბერიძე,უპარტიო,,party_lists_2016_georgia_unified.xlsx
parl_2016,__main__,pr,chvenni_peoples,საარჩევნო ბლოკი ჩვენები - სახალხო პარტია,23,,,190,,ზურაბ,ჯოხაძე,ზურაბ ჯოხაძე,უპარტიო,,party_lists_2016_georgia_unified.xlsx
parl_2016,__main__,pr,chvenni_peoples,საარჩევნო ბლოკი ჩვენები - სახალხო პარტია,23,,,191,,ალექსანდრე,ჯაფარიძე,ალექსანდრე ჯაფარიძე,სახალხო პარტიის წევრი,,party_lists_2016_georgia_unified.xlsx
parl_2016,__main__,pr,chvenni_peoples,საარჩევნო ბლოკი ჩვენები - სახალხო პარტია,23,,,192,,შალვა,ჩხაიძე,შალვა ჩხაიძე,სახალხო პარტიის წევრი,,party_lists_2016_georgia_unified.xlsx
parl_2016,__main__,pr,chvenni_peoples,საარჩევნო ბლოკი ჩვენები - სახალხო პარტია,23,,,193,,ზაზა,დავითიანი,ზაზა დავითიანი,სახალხო პარტიის წევრი,,party_lists_2016_georgia_unified.xlsx
parl_2016,__main__,pr,chvenni_peoples,საარჩევნო ბლოკი ჩვენები - სახალხო პარტია,23,,,194,,ლალი,ჯაფარიძე,ლალი ჯაფარიძე,სახალხო პარტიის წევრი,,party_lists_2016_georgia_unified.xlsx
parl_2016,__main__,pr,chvenni_peoples,საარჩევნო ბლოკი ჩვენები - სახალხო პარტია,23,,,195,,გია,რაზმაძე,გია რაზმაძე,სახალხო პარტიის წევრი,,party_lists_2016_georgia_unified.xlsx
parl_2016,__main__,pr,chvenni_peoples,საარჩევნო ბლოკი ჩვენები - სახალხო პარტია,23,,,196,,ნინო,ცაგარეიშვილი,ნინო ცაგარეიშვილი,უპარტიო,,party_lists_2016_georgia_unified.xlsx
parl_2016,__main__,pr,chvenni_peoples,საარჩევნო ბლოკი ჩვენები - სახალხო პარტია,23,,,197,,ალექსანდრე,არაყიშვილი,ალექსანდრე არაყიშვილი,სახალხო პარტიის წევრი,,party_lists_2016_georgia_unified.xlsx
parl_2016,__main__,pr,chvenni_peoples,საარჩევნო ბლოკი ჩვენები - სახალხო პარტია,23,,,198,,ზაზა,მგალობლიშვილი,ზაზა მგალობლიშვილი,სახალხო პარტიის წევრი,,party_lists_2016_georgia_unified.xlsx
parl_2016,__main__,pr,left_alliance_2016,"კახა ძაგანია, სოსო შატბერაშვილი, პაატა ჯიბლაძე, არჩილ ბენიძე - მემარცხენე ალიანსი",25,,,1,,კახაბერ,ძაგანია,კახაბერ ძაგანია,"პ/გ ,,მემარცხენე ალიანსი""",,party_lists_2016_georgia_unified.xlsx
parl_2016,__main__,pr,left_alliance_2016,"კახა ძაგანია, სოსო შატბერაშვილი, პაატა ჯიბლაძე, არჩილ ბენიძე - მემარცხენე ალიანსი",25,,,2,,იოსებ,შატბერაშვილი,იოსებ შატბერაშვილი,"პ/გ ,,მემარცხენე ალიანსი""",,party_lists_2016_georgia_unified.xlsx
parl_2016,__main__,pr,left_alliance_2016,"კახა ძაგანია, სოსო შატბერაშვილი, პაატა ჯიბლაძე, არჩილ ბენიძე - მემარცხენე ალიანსი",25,,,3,,პაატა,ჯიბლაძე,პაატა ჯიბლაძე,"პ/გ ,,მემარცხენე ალიანსი""",,party_lists_2016_georgia_unified.xlsx
parl_2016,__main__,pr,left_alliance_2016,"კახა ძაგანია, სოსო შატბერაშვილი, პაატა ჯიბლაძე, არჩილ ბენიძე - მემარცხენე ალიანსი",25,,,4,,არჩილ,ბენიძე,არჩილ ბენიძე,"პ/გ ,,მემარცხენე ალიანსი""",,party_lists_2016_georgia_unified.xlsx
parl_2016,__main__,pr,left_alliance_2016,"კახა ძაგანია, სოსო შატბერაშვილი, პაატა ჯიბლაძე, არჩილ ბენიძე - მემარცხენე ალიანსი",25,,,5,,ელზა,ჯმუხაძე,ელზა ჯმუხაძე,"პ/გ ,,მემარცხენე ალიანსი""",,party_lists_2016_georgia_unified.xlsx
parl_2016,__main__,pr,left_alliance_2016,"კახა ძაგანია, სოსო შატბერაშვილი, პაატა ჯიბლაძე, არჩილ ბენიძე - მემარცხენე ალიანსი",25,,,6,,კონსტანტინე,გუგუშვილი,კონსტანტინე გუგუშვილი,"პ/გ ,,მემარცხენე ალიანსი""",,party_lists_2016_georgia_unified.xlsx
parl_2016,__main__,pr,left_alliance_2016,"კახა ძაგანია, სოსო შატბერაშვილი, პაატა ჯიბლაძე, არჩილ ბენიძე - მემარცხენე ალიანსი",25,,,7,,დავით,ვერძეული,დავით ვერძეული,"პ/გ ,,მემარცხენე ალიანსი""",,party_lists_2016_georgia_unified.xlsx
parl_2016,__main__,pr,left_alliance_2016,"კახა ძაგანია, სოსო შატბერაშვილი, პაატა ჯიბლაძე, არჩილ ბენიძე - მემარცხენე ალიანსი",25,,,8,,ნინო,ქეშელაშვილი,ნინო ქეშელაშვილი,უპარტიო,,party_lists_2016_georgia_unified.xlsx
parl_2016,__main__,pr,left_alliance_2016,"კახა ძაგანია, სოსო შატბერაშვილი, პაატა ჯიბლაძე, არჩილ ბენიძე - მემარცხენე ალიანსი",25,,,9,,ლევან,აბრამიშვილი,ლევან აბრამიშვილი,"პ/გ ,,მემარცხენე ალიანსი""",,party_lists_2016_georgia_unified.xlsx
parl_2016,__main__,pr,left_alliance_2016,"კახა ძაგანია, სოსო შატბერაშვილი, პაატა ჯიბლაძე, არჩილ ბენიძე - მემარცხენე ალიანსი",25,,,10,,სოფიკო,კარტოზია,სოფიკო კარტოზია,"პ/გ ,,მემარცხენე ალიანსი""",,party_lists_2016_georgia_unified.xlsx
parl_2016,__main__,pr,left_alliance_2016,"კახა ძაგანია, სოსო შატბერაშვილი, პაატა ჯიბლაძე, არჩილ ბენიძე - მემარცხენე ალიანსი",25,,,11,,ლაშა,ჯიბლაძე,ლაშა ჯიბლაძე,"პ/გ ,,მემარცხენე ალიანსი""",,party_lists_2016_georgia_unified.xlsx
parl_2016,__main__,pr,left_alliance_2016,"კახა ძაგანია, სოსო შატბერაშვილი, პაატა ჯიბლაძე, არჩილ ბენიძე - მემარცხენე ალიანსი",25,,,12,,ნათია,აბესაძე,ნათია აბესაძე,უპარტიო,,party_lists_2016_georgia_unified.xlsx
parl_2016,__main__,pr,left_alliance_2016,"კახა ძაგანია, სოსო შატბერაშვილი, პაატა ჯიბლაძე, არჩილ ბენიძე - მემარცხენე ალიანსი",25,,,13,,დავით,გამცემლიძე,დავით გამცემლიძე,"პ/გ ,,მემარცხენე ალიანსი""",,party_lists_2016_georgia_unified.xlsx
parl_2016,__main__,pr,left_alliance_2016,"კახა ძაგანია, სოსო შატბერაშვილი, პაატა ჯიბლაძე, არჩილ ბენიძე - მემარცხენე ალიანსი",25,,,14,,გივი,მჭედლიშვილი,გივი მჭედლიშვილი,"პ/გ ,,მემარცხენე ალიანსი""",,party_lists_2016_georgia_unified.xlsx
parl_2016,__main__,pr,left_alliance_2016,"კახა ძაგანია, სოსო შატბერაშვილი, პაატა ჯიბლაძე, არჩილ ბენიძე - მემარცხენე ალიანსი",25,,,15,,ალექსანდრე,რუსიაშვილი,ალექსანდრე რუსიაშვილი,"პ/გ ,,მემარცხენე ალიანსი""",,party_lists_2016_georgia_unified.xlsx
parl_2016,__main__,pr,left_alliance_2016,"კახა ძაგანია, სოსო შატბერაშვილი, პაატა ჯიბლაძე, არჩილ ბენიძე - მემარცხენე ალიანსი",25,,,16,,გიორგი,გიგაშვილი,გიორგი გიგაშვილი,"პ/გ ,,მემარცხენე ალიანსი""",,party_lists_2016_georgia_unified.xlsx
parl_2016,__main__,pr,left_alliance_2016,"კახა ძაგანია, სოსო შატბერაშვილი, პაატა ჯიბლაძე, არჩილ ბენიძე - მემარცხენე ალიანსი",25,,,17,,ლალი,გელაშვილი,ლალი გელაშვილი,უპარტიო,,party_lists_2016_georgia_unified.xlsx
parl_2016,__main__,pr,left_alliance_2016,"კახა ძაგანია, სოსო შატბერაშვილი, პაატა ჯიბლაძე, არჩილ ბენიძე - მემარცხენე ალიანსი",25,,,18,,იოსებ,გოგუაძე,იოსებ გოგუაძე,"პ/გ ,,მემარცხენე ალიანსი""",,party_lists_2016_georgia_unified.xlsx
parl_2016,__main__,pr,left_alliance_2016,"კახა ძაგანია, სოსო შატბერაშვილი, პაატა ჯიბლაძე, არჩილ ბენიძე - მემარცხენე ალიანსი",25,,,19,,ქეთევან,ბარათაშვილი,ქეთევან ბარათაშვილი,უპარტიო,,party_lists_2016_georgia_unified.xlsx
parl_2016,__main__,pr,left_alliance_2016,"კახა ძაგანია, სოსო შატბერაშვილი, პაატა ჯიბლაძე, არჩილ ბენიძე - მემარცხენე ალიანსი",25,,,20,,თამაზ,ნინიკაშვილი,თამაზ ნინიკაშვილი,უპარტიო,,party_lists_2016_georgia_unified.xlsx
parl_2016,__main__,pr,left_alliance_2016,"კახა ძაგანია, სოსო შატბერაშვილი, პაატა ჯიბლაძე, არჩილ ბენიძე - მემარცხენე ალიანსი",25,,,21,,ზურაბი,გოხაძე,ზურაბი გოხაძე,"პ/გ ,,მემარცხენე ალიანსი""",,party_lists_2016_georgia_unified.xlsx
parl_2016,__main__,pr,left_alliance_2016,"კახა ძაგანია, სოსო შატბერაშვილი, პაატა ჯიბლაძე, არჩილ ბენიძე - მემარცხენე ალიანსი",25,,,22,,გოჩა,ცაგურია,გოჩა ცაგურია,"პ/გ ,,მემარცხენე ალიანსი""",,party_lists_2016_georgia_unified.xlsx
parl_2016,__main__,pr,left_alliance_2016,"კახა ძაგანია, სოსო შატბერაშვილი, პაატა ჯიბლაძე, არჩილ ბენიძე - მემარცხენე ალიანსი",25,,,23,,დავით,კვასხვაძე,დავით კვასხვაძე,"პ/გ ,,მემარცხენე ალიანსი""",,party_lists_2016_georgia_unified.xlsx
parl_2016,__main__,pr,left_alliance_2016,"კახა ძაგანია, სოსო შატბერაშვილი, პაატა ჯიბლაძე, არჩილ ბენიძე - მემარცხენე ალიანსი",25,,,24,,ნინო,ტუღუში,ნინო ტუღუში,უპარტიო,,party_lists_2016_georgia_unified.xlsx
parl_2016,__main__,pr,left_alliance_2016,"კახა ძაგანია, სოსო შატბერაშვილი, პაატა ჯიბლაძე, არჩილ ბენიძე - მემარცხენე ალიანსი",25,,,25,,მერაბ,კარტოზია,მერაბ კარტოზია,"პ/გ ,,მემარცხენე ალიანსი""",,party_lists_2016_georgia_unified.xlsx
parl_2016,__main__,pr,left_alliance_2016,"კახა ძაგანია, სოსო შატბერაშვილი, პაატა ჯიბლაძე, არჩილ ბენიძე - მემარცხენე ალიანსი",25,,,26,,მაია,გამცემლიძე,მაია გამცემლიძე,უპარტიო,,party_lists_2016_georgia_unified.xlsx
parl_2016,__main__,pr,left_alliance_2016,"კახა ძაგანია, სოსო შატბერაშვილი, პაატა ჯიბლაძე, არჩილ ბენიძე - მემარცხენე ალიანსი",25,,,27,,ლევან,ფირანაშვილი,ლევან ფირანაშვილი,"პ/გ ,,მემარცხენე ალიანსი""",,party_lists_2016_georgia_unified.xlsx
parl_2016,__main__,pr,left_alliance_2016,"კახა ძაგანია, სოსო შატბერაშვილი, პაატა ჯიბლაძე, არჩილ ბენიძე - მემარცხენე ალიანსი",25,,,28,,გრიშა,გოდორაძე,გრიშა გოდორაძე,"პ/გ ,,მემარცხენე ალიანსი""",,party_lists_2016_georgia_unified.xlsx
parl_2016,__main__,pr,left_alliance_2016,"კახა ძაგანია, სოსო შატბერაშვილი, პაატა ჯიბლაძე, არჩილ ბენიძე - მემარცხენე ალიანსი",25,,,29,,მაია,ნინიკაშვილი,მაია ნინიკაშვილი,უპარტიო,,party_lists_2016_georgia_unified.xlsx
parl_2016,__main__,pr,left_alliance_2016,"კახა ძაგანია, სოსო შატბერაშვილი, პაატა ჯიბლაძე, არჩილ ბენიძე - მემარცხენე ალიანსი",25,,,30,,მიხეილ,მგელაძე,მიხეილ მგელაძე,"პ/გ ,,მემარცხენე ალიანსი""",,party_lists_2016_georgia_unified.xlsx
parl_2016,__main__,pr,left_alliance_2016,"კახა ძაგანია, სოსო შატბერაშვილი, პაატა ჯიბლაძე, არჩილ ბენიძე - მემარცხენე ალიანსი",25,,,31,,ბაკურ,სვანიძე,ბაკურ სვანიძე,უპარტიო,,party_lists_2016_georgia_unified.xlsx
parl_2016,__main__,pr,left_alliance_2016,"კახა ძაგანია, სოსო შატბერაშვილი, პაატა ჯიბლაძე, არჩილ ბენიძე - მემარცხენე ალიანსი",25,,,32,,მანანა,გნოლიძე,მანანა გნოლიძე,უპარტიო,,party_lists_2016_georgia_unified.xlsx
parl_2016,__main__,pr,left_alliance_2016,"კახა ძაგანია, სოსო შატბერაშვილი, პაატა ჯიბლაძე, არჩილ ბენიძე - მემარცხენე ალიანსი",25,,,33,,ზურაბ,დავითაძე,ზურაბ დავითაძე,უპარტიო,,party_lists_2016_georgia_unified.xlsx
parl_2016,__main__,pr,left_alliance_2016,"კახა ძაგანია, სოსო შატბერაშვილი, პაატა ჯიბლაძე, არჩილ ბენიძე - მემარცხენე ალიანსი",25,,,34,,ზაზა,ტაბატაძე,ზაზა ტაბატაძე,უპარტიო,,party_lists_2016_georgia_unified.xlsx
parl_2016,__main__,pr,left_alliance_2016,"კახა ძაგანია, სოსო შატბერაშვილი, პაატა ჯიბლაძე, არჩილ ბენიძე - მემარცხენე ალიანსი",25,,,35,,ქეთევან,კვაჭანტირაძე,ქეთევან კვაჭანტირაძე,"პ/გ ,,მემარცხენე ალიანსი""",,party_lists_2016_georgia_unified.xlsx
parl_2016,__main__,pr,left_alliance_2016,"კახა ძაგანია, სოსო შატბერაშვილი, პაატა ჯიბლაძე, არჩილ ბენიძე - მემარცხენე ალიანსი",25,,,36,,დავით,გიგინეიშვილი,დავით გიგინეიშვილი,უპარტიო,,party_lists_2016_georgia_unified.xlsx
parl_2016,__main__,pr,left_alliance_2016,"კახა ძაგანია, სოსო შატბერაშვილი, პაატა ჯიბლაძე, არჩილ ბენიძე - მემარცხენე ალიანსი",25,,,37,,ალექსანდრე,მჭედლიშვილი,ალექსანდრე მჭედლიშვილი,"პ/გ ,,მემარცხენე ალიანსი""",,party_lists_2016_georgia_unified.xlsx
parl_2016,__main__,pr,left_alliance_2016,"კახა ძაგანია, სოსო შატბერაშვილი, პაატა ჯიბლაძე, არჩილ ბენიძე - მემარცხენე ალიანსი",25,,,38,,თეა,ნებიერიძე,თეა ნებიერიძე,"პ/გ ,,მემარცხენე ალიანსი""",,party_lists_2016_georgia_unified.xlsx
parl_2016,__main__,pr,left_alliance_2016,"კახა ძაგანია, სოსო შატბერაშვილი, პაატა ჯიბლაძე, არჩილ ბენიძე - მემარცხენე ალიანსი",25,,,39,,მერაბ,გაბეხაძე,მერაბ გაბეხაძე,"პ/გ ,,მემარცხენე ალიანსი""",,party_lists_2016_georgia_unified.xlsx
parl_2016,__main__,pr,left_alliance_2016,"კახა ძაგანია, სოსო შატბერაშვილი, პაატა ჯიბლაძე, არჩილ ბენიძე - მემარცხენე ალიანსი",25,,,40,,ლიკა,ნოზაძე,ლიკა ნოზაძე,უპარტიო,,party_lists_2016_georgia_unified.xlsx
parl_2016,__main__,pr,left_alliance_2016,"კახა ძაგანია, სოსო შატბერაშვილი, პაატა ჯიბლაძე, არჩილ ბენიძე - მემარცხენე ალიანსი",25,,,41,,ნინო,სუხიაშვილი,ნინო სუხიაშვილი,"პ/გ ,,მემარცხენე ალიანსი""",,party_lists_2016_georgia_unified.xlsx
parl_2016,__main__,pr,left_alliance_2016,"კახა ძაგანია, სოსო შატბერაშვილი, პაატა ჯიბლაძე, არჩილ ბენიძე - მემარცხენე ალიანსი",25,,,42,,რამაზი,ბერიძე,რამაზი ბერიძე,"პ/გ ,,მემარცხენე ალიანსი""",,party_lists_2016_georgia_unified.xlsx
parl_2016,__main__,pr,left_alliance_2016,"კახა ძაგანია, სოსო შატბერაშვილი, პაატა ჯიბლაძე, არჩილ ბენიძე - მემარცხენე ალიანსი",25,,,43,,ბექა,ფირანაშვილი,ბექა ფირანაშვილი,უპარტიო,,party_lists_2016_georgia_unified.xlsx
parl_2016,__main__,pr,left_alliance_2016,"კახა ძაგანია, სოსო შატბერაშვილი, პაატა ჯიბლაძე, არჩილ ბენიძე - მემარცხენე ალიანსი",25,,,44,,ანზორ,ბიბინეიშვილი,ანზორ ბიბინეიშვილი,"პ/გ ,,მემარცხენე ალიანსი""",,party_lists_2016_georgia_unified.xlsx
parl_2016,__main__,pr,left_alliance_2016,"კახა ძაგანია, სოსო შატბერაშვილი, პაატა ჯიბლაძე, არჩილ ბენიძე - მემარცხენე ალიანსი",25,,,45,,ზაირა,ოგანესიანი,ზაირა ოგანესიანი,"პ/გ ,,მემარცხენე ალიანსი""",,party_lists_2016_georgia_unified.xlsx
parl_2016,__main__,pr,left_alliance_2016,"კახა ძაგანია, სოსო შატბერაშვილი, პაატა ჯიბლაძე, არჩილ ბენიძე - მემარცხენე ალიანსი",25,,,46,,ზურაბ,დავითური,ზურაბ დავითური,"პ/გ ,,მემარცხენე ალიანსი""",,party_lists_2016_georgia_unified.xlsx
parl_2016,__main__,pr,left_alliance_2016,"კახა ძაგანია, სოსო შატბერაშვილი, პაატა ჯიბლაძე, არჩილ ბენიძე - მემარცხენე ალიანსი",25,,,47,,გიგა,სუქნიძე,გიგა სუქნიძე,"პ/გ ,,მემარცხენე ალიანსი""",,party_lists_2016_georgia_unified.xlsx
parl_2016,__main__,pr,left_alliance_2016,"კახა ძაგანია, სოსო შატბერაშვილი, პაატა ჯიბლაძე, არჩილ ბენიძე - მემარცხენე ალიანსი",25,,,48,,ვახტანგ,მირუაშვილი,ვახტანგ მირუაშვილი,უპარტიო,,party_lists_2016_georgia_unified.xlsx
parl_2016,__main__,pr,left_alliance_2016,"კახა ძაგანია, სოსო შატბერაშვილი, პაატა ჯიბლაძე, არჩილ ბენიძე - მემარცხენე ალიანსი",25,,,49,,მაია,ალიბეგაშვილი,მაია ალიბეგაშვილი,"პ/გ ,,მემარცხენე ალიანსი""",,party_lists_2016_georgia_unified.xlsx
parl_2016,__main__,pr,left_alliance_2016,"კახა ძაგანია, სოსო შატბერაშვილი, პაატა ჯიბლაძე, არჩილ ბენიძე - მემარცხენე ალიანსი",25,,,50,,მალხაზ,გერმალოია,მალხაზ გერმალოია,უპარტიო,,party_lists_2016_georgia_unified.xlsx
parl_2016,__main__,pr,left_alliance_2016,"კახა ძაგანია, სოსო შატბერაშვილი, პაატა ჯიბლაძე, არჩილ ბენიძე - მემარცხენე ალიანსი",25,,,51,,მერაბ,ბენდიანიშვილი,მერაბ ბენდიანიშვილი,უპარტიო,,party_lists_2016_georgia_unified.xlsx
parl_2016,__main__,pr,left_alliance_2016,"კახა ძაგანია, სოსო შატბერაშვილი, პაატა ჯიბლაძე, არჩილ ბენიძე - მემარცხენე ალიანსი",25,,,52,,დარეჯანი,ლიპარტელიანი,დარეჯანი ლიპარტელიანი,უპარტიო,,party_lists_2016_georgia_unified.xlsx
parl_2016,__main__,pr,left_alliance_2016,"კახა ძაგანია, სოსო შატბერაშვილი, პაატა ჯიბლაძე, არჩილ ბენიძე - მემარცხენე ალიანსი",25,,,53,,ამირან,გიგაშვილი,ამირან გიგაშვილი,უპარტიო,,party_lists_2016_georgia_unified.xlsx
parl_2016,__main__,pr,left_alliance_2016,"კახა ძაგანია, სოსო შატბერაშვილი, პაატა ჯიბლაძე, არჩილ ბენიძე - მემარცხენე ალიანსი",25,,,54,,მარიკა,ნინიძე,მარიკა ნინიძე,უპარტიო,,party_lists_2016_georgia_unified.xlsx
parl_2016,__main__,pr,left_alliance_2016,"კახა ძაგანია, სოსო შატბერაშვილი, პაატა ჯიბლაძე, არჩილ ბენიძე - მემარცხენე ალიანსი",25,,,55,,ბესიკ,ხარებავა,ბესიკ ხარებავა,უპარტიო,,party_lists_2016_georgia_unified.xlsx
parl_2016,__main__,pr,left_alliance_2016,"კახა ძაგანია, სოსო შატბერაშვილი, პაატა ჯიბლაძე, არჩილ ბენიძე - მემარცხენე ალიანსი",25,,,56,,მარიამ,კვასხვაძე,მარიამ კვასხვაძე,უპარტიო,,party_lists_2016_georgia_unified.xlsx
parl_2016,__main__,pr,left_alliance_2016,"კახა ძაგანია, სოსო შატბერაშვილი, პაატა ჯიბლაძე, არჩილ ბენიძე - მემარცხენე ალიანსი",25,,,57,,ზაზა,ფორაქიშვილი,ზაზა ფორაქიშვილი,უპარტიო,,party_lists_2016_georgia_unified.xlsx
parl_2016,__main__,pr,left_alliance_2016,"კახა ძაგანია, სოსო შატბერაშვილი, პაატა ჯიბლაძე, არჩილ ბენიძე - მემარცხენე ალიანსი",25,,,58,,ანა,კარტოზია,ანა კარტოზია,უპარტიო,,party_lists_2016_georgia_unified.xlsx
parl_2016,__main__,pr,left_alliance_2016,"კახა ძაგანია, სოსო შატბერაშვილი, პაატა ჯიბლაძე, არჩილ ბენიძე - მემარცხენე ალიანსი",25,,,59,,გიორგი,ბანძელაძე,გიორგი ბანძელაძე,უპარტიო,,party_lists_2016_georgia_unified.xlsx
parl_2016,__main__,pr,left_alliance_2016,"კახა ძაგანია, სოსო შატბერაშვილი, პაატა ჯიბლაძე, არჩილ ბენიძე - მემარცხენე ალიანსი",25,,,60,,თეიმურაზ,ბერიძე,თეიმურაზ ბერიძე,"პ/გ ,,მემარცხენე ალიანსი""",,party_lists_2016_georgia_unified.xlsx
parl_2016,__main__,pr,left_alliance_2016,"კახა ძაგანია, სოსო შატბერაშვილი, პაატა ჯიბლაძე, არჩილ ბენიძე - მემარცხენე ალიანსი",25,,,61,,სვეტლანა,სტეფანოვი,სვეტლანა სტეფანოვი,უპარტიო,,party_lists_2016_georgia_unified.xlsx
parl_2016,__main__,pr,left_alliance_2016,"კახა ძაგანია, სოსო შატბერაშვილი, პაატა ჯიბლაძე, არჩილ ბენიძე - მემარცხენე ალიანსი",25,,,62,,ამირან,ბურჯალიანი,ამირან ბურჯალიანი,უპარტიო,,party_lists_2016_georgia_unified.xlsx
parl_2016,__main__,pr,left_alliance_2016,"კახა ძაგანია, სოსო შატბერაშვილი, პაატა ჯიბლაძე, არჩილ ბენიძე - მემარცხენე ალიანსი",25,,,63,,იამზე,შატბერაშვილი,იამზე შატბერაშვილი,უპარტიო,,party_lists_2016_georgia_unified.xlsx
parl_2016,__main__,pr,left_alliance_2016,"კახა ძაგანია, სოსო შატბერაშვილი, პაატა ჯიბლაძე, არჩილ ბენიძე - მემარცხენე ალიანსი",25,,,64,,ლაშა,სხილაძე,ლაშა სხილაძე,უპარტიო,,party_lists_2016_georgia_unified.xlsx
parl_2016,__main__,pr,left_alliance_2016,"კახა ძაგანია, სოსო შატბერაშვილი, პაატა ჯიბლაძე, არჩილ ბენიძე - მემარცხენე ალიანსი",25,,,65,,თეა,ფირანაშვილი,თეა ფირანაშვილი,უპარტიო,,party_lists_2016_georgia_unified.xlsx
parl_2016,__main__,pr,left_alliance_2016,"კახა ძაგანია, სოსო შატბერაშვილი, პაატა ჯიბლაძე, არჩილ ბენიძე - მემარცხენე ალიანსი",25,,,66,,სოსო,ცაგურია,სოსო ცაგურია,უპარტიო,,party_lists_2016_georgia_unified.xlsx
parl_2016,__main__,pr,left_alliance_2016,"კახა ძაგანია, სოსო შატბერაშვილი, პაატა ჯიბლაძე, არჩილ ბენიძე - მემარცხენე ალიანსი",25,,,67,,ირაკლი,კახნიაშვილი,ირაკლი კახნიაშვილი,უპარტიო,,party_lists_2016_georgia_unified.xlsx
parl_2016,__main__,pr,left_alliance_2016,"კახა ძაგანია, სოსო შატბერაშვილი, პაატა ჯიბლაძე, არჩილ ბენიძე - მემარცხენე ალიანსი",25,,,68,,როზა,წიკლაური,როზა წიკლაური,უპარტიო,,party_lists_2016_georgia_unified.xlsx
parl_2016,__main__,pr,left_alliance_2016,"კახა ძაგანია, სოსო შატბერაშვილი, პაატა ჯიბლაძე, არჩილ ბენიძე - მემარცხენე ალიანსი",25,,,69,,გოდერძი,კოხოძე,გოდერძი კოხოძე,უპარტიო,,party_lists_2016_georgia_unified.xlsx
parl_2016,__main__,pr,left_alliance_2016,"კახა ძაგანია, სოსო შატბერაშვილი, პაატა ჯიბლაძე, არჩილ ბენიძე - მემარცხენე ალიანსი",25,,,70,,ხათუნა,გოგსაძე,ხათუნა გოგსაძე,უპარტიო,,party_lists_2016_georgia_unified.xlsx
parl_2016,__main__,pr,left_alliance_2016,"კახა ძაგანია, სოსო შატბერაშვილი, პაატა ჯიბლაძე, არჩილ ბენიძე - მემარცხენე ალიანსი",25,,,71,,გიორგი,გამცემლიძე,გიორგი გამცემლიძე,უპარტიო,,party_lists_2016_georgia_unified.xlsx
parl_2016,__main__,pr,left_alliance_2016,"კახა ძაგანია, სოსო შატბერაშვილი, პაატა ჯიბლაძე, არჩილ ბენიძე - მემარცხენე ალიანსი",25,,,72,,ირმა,პოპიაშვილი,ირმა პოპიაშვილი,უპარტიო,,party_lists_2016_georgia_unified.xlsx
parl_2016,__main__,pr,left_alliance_2016,"კახა ძაგანია, სოსო შატბერაშვილი, პაატა ჯიბლაძე, არჩილ ბენიძე - მემარცხენე ალიანსი",25,,,73,,ლევან,გულედანი,ლევან გულედანი,უპარტიო,,party_lists_2016_georgia_unified.xlsx
parl_2016,__main__,pr,left_alliance_2016,"კახა ძაგანია, სოსო შატბერაშვილი, პაატა ჯიბლაძე, არჩილ ბენიძე - მემარცხენე ალიანსი",25,,,74,,ვეანუშ,ევაჯიან,ვეანუშ ევაჯიან,"პ/გ ,,მემარცხენე ალიანსი""",,party_lists_2016_georgia_unified.xlsx
parl_2016,__main__,pr,left_alliance_2016,"კახა ძაგანია, სოსო შატბერაშვილი, პაატა ჯიბლაძე, არჩილ ბენიძე - მემარცხენე ალიანსი",25,,,75,,ხაჩატურ,მხიტარიანი,ხაჩატურ მხიტარიანი,"პ/გ ,,მემარცხენე ალიანსი""",,party_lists_2016_georgia_unified.xlsx
parl_2016,__main__,pr,left_alliance_2016,"კახა ძაგანია, სოსო შატბერაშვილი, პაატა ჯიბლაძე, არჩილ ბენიძე - მემარცხენე ალიანსი",25,,,76,,სანათა,შეროზია,სანათა შეროზია,უპარტიო,,party_lists_2016_georgia_unified.xlsx
parl_2016,__main__,pr,left_alliance_2016,"კახა ძაგანია, სოსო შატბერაშვილი, პაატა ჯიბლაძე, არჩილ ბენიძე - მემარცხენე ალიანსი",25,,,77,,შოთა,ქურდოვანიძე,შოთა ქურდოვანიძე,"პ/გ ,,მემარცხენე ალიანსი""",,party_lists_2016_georgia_unified.xlsx
parl_2016,__main__,pr,left_alliance_2016,"კახა ძაგანია, სოსო შატბერაშვილი, პაატა ჯიბლაძე, არჩილ ბენიძე - მემარცხენე ალიანსი",25,,,78,,ანა,მურჯიკნელი,ანა მურჯიკნელი,უპარტიო,,party_lists_2016_georgia_unified.xlsx
parl_2016,__main__,pr,left_alliance_2016,"კახა ძაგანია, სოსო შატბერაშვილი, პაატა ჯიბლაძე, არჩილ ბენიძე - მემარცხენე ალიანსი",25,,,79,,გიორგი,ავალიშვილი,გიორგი ავალიშვილი,"პ/გ ,,მემარცხენე ალიანსი""",,party_lists_2016_georgia_unified.xlsx
parl_2016,__main__,pr,left_alliance_2016,"კახა ძაგანია, სოსო შატბერაშვილი, პაატა ჯიბლაძე, არჩილ ბენიძე - მემარცხენე ალიანსი",25,,,80,,თეონა,ფორაქიშვილი,თეონა ფორაქიშვილი,უპარტიო,,party_lists_2016_georgia_unified.xlsx
parl_2016,__main__,pr,left_alliance_2016,"კახა ძაგანია, სოსო შატბერაშვილი, პაატა ჯიბლაძე, არჩილ ბენიძე - მემარცხენე ალიანსი",25,,,81,,გიორგი,გოცირიძე,გიორგი გოცირიძე,უპარტიო,,party_lists_2016_georgia_unified.xlsx
parl_2016,__main__,pr,left_alliance_2016,"კახა ძაგანია, სოსო შატბერაშვილი, პაატა ჯიბლაძე, არჩილ ბენიძე - მემარცხენე ალიანსი",25,,,82,,ინგა,ნატრიაშვილი,ინგა ნატრიაშვილი,უპარტიო,,party_lists_2016_georgia_unified.xlsx
parl_2016,__main__,pr,left_alliance_2016,"კახა ძაგანია, სოსო შატბერაშვილი, პაატა ჯიბლაძე, არჩილ ბენიძე - მემარცხენე ალიანსი",25,,,83,,ნორაირ,ტეპოიან,ნორაირ ტეპოიან,"პ/გ ,,მემარცხენე ალიანსი""",,party_lists_2016_georgia_unified.xlsx
parl_2016,__main__,pr,left_alliance_2016,"კახა ძაგანია, სოსო შატბერაშვილი, პაატა ჯიბლაძე, არჩილ ბენიძე - მემარცხენე ალიანსი",25,,,84,,თამარ,გიგაშვილი,თამარ გიგაშვილი,უპარტიო,,party_lists_2016_georgia_unified.xlsx
parl_2016,__main__,pr,left_alliance_2016,"კახა ძაგანია, სოსო შატბერაშვილი, პაატა ჯიბლაძე, არჩილ ბენიძე - მემარცხენე ალიანსი",25,,,85,,მალხაზ,კოხოძე,მალხაზ კოხოძე,უპარტიო,,party_lists_2016_georgia_unified.xlsx
parl_2016,__main__,pr,left_alliance_2016,"კახა ძაგანია, სოსო შატბერაშვილი, პაატა ჯიბლაძე, არჩილ ბენიძე - მემარცხენე ალიანსი",25,,,86,,მარეხი,ბოჭორიშვილი,მარეხი ბოჭორიშვილი,უპარტიო,,party_lists_2016_georgia_unified.xlsx
parl_2016,__main__,pr,left_alliance_2016,"კახა ძაგანია, სოსო შატბერაშვილი, პაატა ჯიბლაძე, არჩილ ბენიძე - მემარცხენე ალიანსი",25,,,87,,დიმიტრი,კენჭიაშვილი,დიმიტრი კენჭიაშვილი,უპარტიო,,party_lists_2016_georgia_unified.xlsx
parl_2016,__main__,pr,left_alliance_2016,"კახა ძაგანია, სოსო შატბერაშვილი, პაატა ჯიბლაძე, არჩილ ბენიძე - მემარცხენე ალიანსი",25,,,88,,სოფიო,ნებიერიძე,სოფიო ნებიერიძე,"პ/გ ,,მემარცხენე ალიანსი""",,party_lists_2016_georgia_unified.xlsx
parl_2016,__main__,pr,left_alliance_2016,"კახა ძაგანია, სოსო შატბერაშვილი, პაატა ჯიბლაძე, არჩილ ბენიძე - მემარცხენე ალიანსი",25,,,89,,არჩილ,გელაშვილი,არჩილ გელაშვილი,"პ/გ ,,მემარცხენე ალიანსი""",,party_lists_2016_georgia_unified.xlsx
parl_2016,__main__,pr,left_alliance_2016,"კახა ძაგანია, სოსო შატბერაშვილი, პაატა ჯიბლაძე, არჩილ ბენიძე - მემარცხენე ალიანსი",25,,,90,,ნინო,კილაძე,ნინო კილაძე,უპარტიო,,party_lists_2016_georgia_unified.xlsx
parl_2016,__main__,pr,left_alliance_2016,"კახა ძაგანია, სოსო შატბერაშვილი, პაატა ჯიბლაძე, არჩილ ბენიძე - მემარცხენე ალიანსი",25,,,91,,იოსებ,გაბეხაძე,იოსებ გაბეხაძე,"პ/გ ,,მემარცხენე ალიანსი""",,party_lists_2016_georgia_unified.xlsx
parl_2016,__main__,pr,left_alliance_2016,"კახა ძაგანია, სოსო შატბერაშვილი, პაატა ჯიბლაძე, არჩილ ბენიძე - მემარცხენე ალიანსი",25,,,92,,ცირა,ჭაუჭიძე,ცირა ჭაუჭიძე,"პ/გ ,,მემარცხენე ალიანსი""",,party_lists_2016_georgia_unified.xlsx
parl_2016,__main__,pr,left_alliance_2016,"კახა ძაგანია, სოსო შატბერაშვილი, პაატა ჯიბლაძე, არჩილ ბენიძე - მემარცხენე ალიანსი",25,,,93,,ნუგზარ,კოხრეიძე,ნუგზარ კოხრეიძე,უპარტიო,,party_lists_2016_georgia_unified.xlsx
parl_2016,__main__,pr,left_alliance_2016,"კახა ძაგანია, სოსო შატბერაშვილი, პაატა ჯიბლაძე, არჩილ ბენიძე - მემარცხენე ალიანსი",25,,,94,,ლია,მარქაროვი,ლია მარქაროვი,უპარტიო,,party_lists_2016_georgia_unified.xlsx
parl_2016,__main__,pr,left_alliance_2016,"კახა ძაგანია, სოსო შატბერაშვილი, პაატა ჯიბლაძე, არჩილ ბენიძე - მემარცხენე ალიანსი",25,,,95,,გია,გოგოლაძე,გია გოგოლაძე,"პ/გ ,,მემარცხენე ალიანსი""",,party_lists_2016_georgia_unified.xlsx
parl_2016,__main__,pr,left_alliance_2016,"კახა ძაგანია, სოსო შატბერაშვილი, პაატა ჯიბლაძე, არჩილ ბენიძე - მემარცხენე ალიანსი",25,,,96,,ანა,გამცემლიძე,ანა გამცემლიძე,უპარტიო,,party_lists_2016_georgia_unified.xlsx
parl_2016,__main__,pr,left_alliance_2016,"კახა ძაგანია, სოსო შატბერაშვილი, პაატა ჯიბლაძე, არჩილ ბენიძე - მემარცხენე ალიანსი",25,,,97,,მამუკა,ფერაძე,მამუკა ფერაძე,უპარტიო,,party_lists_2016_georgia_unified.xlsx
parl_2016,__main__,pr,left_alliance_2016,"კახა ძაგანია, სოსო შატბერაშვილი, პაატა ჯიბლაძე, არჩილ ბენიძე - მემარცხენე ალიანსი",25,,,98,,გულო,ალოევა,გულო ალოევა,უპარტიო,,party_lists_2016_georgia_unified.xlsx
parl_2016,__main__,pr,left_alliance_2016,"კახა ძაგანია, სოსო შატბერაშვილი, პაატა ჯიბლაძე, არჩილ ბენიძე - მემარცხენე ალიანსი",25,,,99,,სოფიო,დარსაძე,სოფიო დარსაძე,"პ/გ ,,მემარცხენე ალიანსი""",,party_lists_2016_georgia_unified.xlsx
parl_2016,__main__,pr,left_alliance_2016,"კახა ძაგანია, სოსო შატბერაშვილი, პაატა ჯიბლაძე, არჩილ ბენიძე - მემარცხენე ალიანსი",25,,,100,,ვანო,ხმალაძე,ვანო ხმალაძე,"პ/გ ,,მემარცხენე ალიანსი""",,party_lists_2016_georgia_unified.xlsx
parl_2016,__main__,pr,left_alliance_2016,"კახა ძაგანია, სოსო შატბერაშვილი, პაატა ჯიბლაძე, არჩილ ბენიძე - მემარცხენე ალიანსი",25,,,101,,ლანა,დავითაძე,ლანა დავითაძე,უპარტიო,,party_lists_2016_georgia_unified.xlsx
parl_2016,__main__,pr,left_alliance_2016,"კახა ძაგანია, სოსო შატბერაშვილი, პაატა ჯიბლაძე, არჩილ ბენიძე - მემარცხენე ალიანსი",25,,,102,,რომეო,სალუქვაძე,რომეო სალუქვაძე,უპარტიო,,party_lists_2016_georgia_unified.xlsx
parl_2016,__main__,pr,left_alliance_2016,"კახა ძაგანია, სოსო შატბერაშვილი, პაატა ჯიბლაძე, არჩილ ბენიძე - მემარცხენე ალიანსი",25,,,103,,თეონა,გასიშვილი,თეონა გასიშვილი,უპარტიო,,party_lists_2016_georgia_unified.xlsx
parl_2016,__main__,pr,left_alliance_2016,"კახა ძაგანია, სოსო შატბერაშვილი, პაატა ჯიბლაძე, არჩილ ბენიძე - მემარცხენე ალიანსი",25,,,104,,კარაპეტ,ევაჯიან,კარაპეტ ევაჯიან,"პ/გ ,,მემარცხენე ალიანსი""",,party_lists_2016_georgia_unified.xlsx
parl_2016,__main__,pr,left_alliance_2016,"კახა ძაგანია, სოსო შატბერაშვილი, პაატა ჯიბლაძე, არჩილ ბენიძე - მემარცხენე ალიანსი",25,,,105,,ნანა,გოგოლაძე,ნანა გოგოლაძე,"პ/გ ,,მემარცხენე ალიანსი""",,party_lists_2016_georgia_unified.xlsx
parl_2016,__main__,pr,left_alliance_2016,"კახა ძაგანია, სოსო შატბერაშვილი, პაატა ჯიბლაძე, არჩილ ბენიძე - მემარცხენე ალიანსი",25,,,106,,როზა,ალექიან,როზა ალექიან,"პ/გ ,,მემარცხენე ალიანსი""",,party_lists_2016_georgia_unified.xlsx
parl_2016,__main__,pr,left_alliance_2016,"კახა ძაგანია, სოსო შატბერაშვილი, პაატა ჯიბლაძე, არჩილ ბენიძე - მემარცხენე ალიანსი",25,,,107,,სოფიო,ვირსალაძე,სოფიო ვირსალაძე,უპარტიო,,party_lists_2016_georgia_unified.xlsx
parl_2016,__main__,pr,left_alliance_2016,"კახა ძაგანია, სოსო შატბერაშვილი, პაატა ჯიბლაძე, არჩილ ბენიძე - მემარცხენე ალიანსი",25,,,108,,მანანა,გეწაძე,მანანა გეწაძე,"პ/გ ,,მემარცხენე ალიანსი""",,party_lists_2016_georgia_unified.xlsx
parl_2016,__main__,pr,left_alliance_2016,"კახა ძაგანია, სოსო შატბერაშვილი, პაატა ჯიბლაძე, არჩილ ბენიძე - მემარცხენე ალიანსი",25,,,109,,როსტომი,რობაქიძე,როსტომი რობაქიძე,"პ/გ ,,მემარცხენე ალიანსი""",,party_lists_2016_georgia_unified.xlsx
parl_2016,__main__,pr,left_alliance_2016,"კახა ძაგანია, სოსო შატბერაშვილი, პაატა ჯიბლაძე, არჩილ ბენიძე - მემარცხენე ალიანსი",25,,,110,,ლია,გუსეინოვი,ლია გუსეინოვი,უპარტიო,,party_lists_2016_georgia_unified.xlsx
parl_2016,__main__,pr,left_alliance_2016,"კახა ძაგანია, სოსო შატბერაშვილი, პაატა ჯიბლაძე, არჩილ ბენიძე - მემარცხენე ალიანსი",25,,,111,,ნათელა,ტაბატაძე,ნათელა ტაბატაძე,"პ/გ ,,მემარცხენე ალიანსი""",,party_lists_2016_georgia_unified.xlsx
parl_2016,__main__,pr,left_alliance_2016,"კახა ძაგანია, სოსო შატბერაშვილი, პაატა ჯიბლაძე, არჩილ ბენიძე - მემარცხენე ალიანსი",25,,,112,,რუზანნა,გალსტიან,რუზანნა გალსტიან,"პ/გ ,,მემარცხენე ალიანსი""",,party_lists_2016_georgia_unified.xlsx
parl_2016,__main__,pr,left_alliance_2016,"კახა ძაგანია, სოსო შატბერაშვილი, პაატა ჯიბლაძე, არჩილ ბენიძე - მემარცხენე ალიანსი",25,,,113,,ზვიად,თაბუკაშვილი,ზვიად თაბუკაშვილი,"პ/გ ,,მემარცხენე ალიანსი""",,party_lists_2016_georgia_unified.xlsx
parl_2016,__main__,pr,left_alliance_2016,"კახა ძაგანია, სოსო შატბერაშვილი, პაატა ჯიბლაძე, არჩილ ბენიძე - მემარცხენე ალიანსი",25,,,114,,ლიკა,რობაქიძე,ლიკა რობაქიძე,"პ/გ ,,მემარცხენე ალიანსი""",,party_lists_2016_georgia_unified.xlsx
parl_2016,__main__,pr,left_alliance_2016,"კახა ძაგანია, სოსო შატბერაშვილი, პაატა ჯიბლაძე, არჩილ ბენიძე - მემარცხენე ალიანსი",25,,,115,,ელზა,ბალახაშვილი,ელზა ბალახაშვილი,უპარტიო,,party_lists_2016_georgia_unified.xlsx
parl_2016,__main__,pr,left_alliance_2016,"კახა ძაგანია, სოსო შატბერაშვილი, პაატა ჯიბლაძე, არჩილ ბენიძე - მემარცხენე ალიანსი",25,,,116,,მზევინარ,შატბერაშვილი,მზევინარ შატბერაშვილი,უპარტიო,,party_lists_2016_georgia_unified.xlsx
parl_2016,__main__,pr,left_alliance_2016,"კახა ძაგანია, სოსო შატბერაშვილი, პაატა ჯიბლაძე, არჩილ ბენიძე - მემარცხენე ალიანსი",25,,,117,,ალექსი,წოწორია,ალექსი წოწორია,უპარტიო,,party_lists_2016_georgia_unified.xlsx
parl_2016,__main__,pr,left_alliance_2016,"კახა ძაგანია, სოსო შატბერაშვილი, პაატა ჯიბლაძე, არჩილ ბენიძე - მემარცხენე ალიანსი",25,,,118,,ნატო,კოხოძე,ნატო კოხოძე,"პ/გ ,,მემარცხენე ალიანსი""",,party_lists_2016_georgia_unified.xlsx
parl_2016,__main__,pr,left_alliance_2016,"კახა ძაგანია, სოსო შატბერაშვილი, პაატა ჯიბლაძე, არჩილ ბენიძე - მემარცხენე ალიანსი",25,,,119,,კარინე,ბაღდასარიან,კარინე ბაღდასარიან,"პ/გ ,,მემარცხენე ალიანსი""",,party_lists_2016_georgia_unified.xlsx
parl_2016,__main__,pr,left_alliance_2016,"კახა ძაგანია, სოსო შატბერაშვილი, პაატა ჯიბლაძე, არჩილ ბენიძე - მემარცხენე ალიანსი",25,,,120,,თამაზ,ხაჩიძე,თამაზ ხაჩიძე,"პ/გ ,,მემარცხენე ალიანსი""",,party_lists_2016_georgia_unified.xlsx
parl_2016,__main__,pr,left_alliance_2016,"კახა ძაგანია, სოსო შატბერაშვილი, პაატა ჯიბლაძე, არჩილ ბენიძე - მემარცხენე ალიანსი",25,,,121,,თალიკო,საბაშვილი,თალიკო საბაშვილი,"პ/გ ,,მემარცხენე ალიანსი""",,party_lists_2016_georgia_unified.xlsx
parl_2016,__main__,pr,left_alliance_2016,"კახა ძაგანია, სოსო შატბერაშვილი, პაატა ჯიბლაძე, არჩილ ბენიძე - მემარცხენე ალიანსი",25,,,122,,ქეთევან,კორძაძე,ქეთევან კორძაძე,"პ/გ ,,მემარცხენე ალიანსი""",,party_lists_2016_georgia_unified.xlsx
parl_2016,__main__,pr,left_alliance_2016,"კახა ძაგანია, სოსო შატბერაშვილი, პაატა ჯიბლაძე, არჩილ ბენიძე - მემარცხენე ალიანსი",25,,,123,,დონელი,გოგუაძე,დონელი გოგუაძე,უპარტიო,,party_lists_2016_georgia_unified.xlsx
parl_2016,__main__,pr,left_alliance_2016,"კახა ძაგანია, სოსო შატბერაშვილი, პაატა ჯიბლაძე, არჩილ ბენიძე - მემარცხენე ალიანსი",25,,,124,,ამირან,ბერია,ამირან ბერია,უპარტიო,,party_lists_2016_georgia_unified.xlsx
parl_2016,__main__,pr,left_alliance_2016,"კახა ძაგანია, სოსო შატბერაშვილი, პაატა ჯიბლაძე, არჩილ ბენიძე - მემარცხენე ალიანსი",25,,,125,,ნინო,ბარბაქაძე,ნინო ბარბაქაძე,"პ/გ ,,მემარცხენე ალიანსი""",,party_lists_2016_georgia_unified.xlsx
parl_2016,__main__,pr,left_alliance_2016,"კახა ძაგანია, სოსო შატბერაშვილი, პაატა ჯიბლაძე, არჩილ ბენიძე - მემარცხენე ალიანსი",25,,,126,,ქეთევან,გაბეხაძე,ქეთევან გაბეხაძე,უპარტიო,,party_lists_2016_georgia_unified.xlsx
parl_2016,__main__,pr,left_alliance_2016,"კახა ძაგანია, სოსო შატბერაშვილი, პაატა ჯიბლაძე, არჩილ ბენიძე - მემარცხენე ალიანსი",25,,,127,,მაია,ხმალაძე,მაია ხმალაძე,"პ/გ ,,მემარცხენე ალიანსი""",,party_lists_2016_georgia_unified.xlsx
parl_2016,__main__,pr,left_alliance_2016,"კახა ძაგანია, სოსო შატბერაშვილი, პაატა ჯიბლაძე, არჩილ ბენიძე - მემარცხენე ალიანსი",25,,,128,,გივი,მორგოშია,გივი მორგოშია,უპარტიო,,party_lists_2016_georgia_unified.xlsx
parl_2016,__main__,pr,left_alliance_2016,"კახა ძაგანია, სოსო შატბერაშვილი, პაატა ჯიბლაძე, არჩილ ბენიძე - მემარცხენე ალიანსი",25,,,129,,ანა,კვეტენაძე,ანა კვეტენაძე,უპარტიო,,party_lists_2016_georgia_unified.xlsx
parl_2016,__main__,pr,left_alliance_2016,"კახა ძაგანია, სოსო შატბერაშვილი, პაატა ჯიბლაძე, არჩილ ბენიძე - მემარცხენე ალიანსი",25,,,130,,კახა,ბერია,კახა ბერია,უპარტიო,,party_lists_2016_georgia_unified.xlsx
parl_2016,__main__,pr,left_alliance_2016,"კახა ძაგანია, სოსო შატბერაშვილი, პაატა ჯიბლაძე, არჩილ ბენიძე - მემარცხენე ალიანსი",25,,,131,,ბესიკ,ჯიჯავა,ბესიკ ჯიჯავა,უპარტიო,,party_lists_2016_georgia_unified.xlsx
parl_2016,__main__,pr,left_alliance_2016,"კახა ძაგანია, სოსო შატბერაშვილი, პაატა ჯიბლაძე, არჩილ ბენიძე - მემარცხენე ალიანსი",25,,,132,,თამარ,გვარამია,თამარ გვარამია,უპარტიო,,party_lists_2016_georgia_unified.xlsx
parl_2016,__main__,pr,national_forum,ეროვნული ფორუმი,26,,,1,,კახაბერ,შარტავა,კახაბერ შარტავა,"მპგ""ეროვნული ფორუმი""",,party_lists_2016_georgia_unified.xlsx
parl_2016,__main__,pr,national_forum,ეროვნული ფორუმი,26,,,2,,გუბაზ,სანიკიძე,გუბაზ სანიკიძე,"მპგ""ეროვნული ფორუმი""",,party_lists_2016_georgia_unified.xlsx
parl_2016,__main__,pr,national_forum,ეროვნული ფორუმი,26,,,3,,რევაზ,შავიშვილი,რევაზ შავიშვილი,"მპგ""ეროვნული ფორუმი""",,party_lists_2016_georgia_unified.xlsx
parl_2016,__main__,pr,national_forum,ეროვნული ფორუმი,26,,,4,,ანი,მიროტაძე,ანი მიროტაძე,"მპგ""ეროვნული ფორუმი""",,party_lists_2016_georgia_unified.xlsx
parl_2016,__main__,pr,national_forum,ეროვნული ფორუმი,26,,,5,,მალხაზ,ვახტანგაშვილი,მალხაზ ვახტანგაშვილი,"მპგ""ეროვნული ფორუმი""",,party_lists_2016_georgia_unified.xlsx
parl_2016,__main__,pr,national_forum,ეროვნული ფორუმი,26,,,6,,კახა,ჩაკვეტაძე,კახა ჩაკვეტაძე,"მპგ""ეროვნული ფორუმი""",,party_lists_2016_georgia_unified.xlsx
parl_2016,__main__,pr,national_forum,ეროვნული ფორუმი,26,,,7,,გიორგი,ხეჩინაშვილი,გიორგი ხეჩინაშვილი,"მპგ""ეროვნული ფორუმი""",,party_lists_2016_georgia_unified.xlsx
parl_2016,__main__,pr,national_forum,ეროვნული ფორუმი,26,,,8,,ავთანდილ,დავითაძე,ავთანდილ დავითაძე,"მპგ""ეროვნული ფორუმი""",,party_lists_2016_georgia_unified.xlsx
parl_2016,__main__,pr,national_forum,ეროვნული ფორუმი,26,,,9,,თემურ,მაისურაძე,თემურ მაისურაძე,"მპგ""ეროვნული ფორუმი""",,party_lists_2016_georgia_unified.xlsx
parl_2016,__main__,pr,national_forum,ეროვნული ფორუმი,26,,,10,,ზურაბ,ჩიკვაიძე,ზურაბ ჩიკვაიძე,"მპგ""ეროვნული ფორუმი""",,party_lists_2016_georgia_unified.xlsx
parl_2016,__main__,pr,national_forum,ეროვნული ფორუმი,26,,,11,,შორენა,ბუხრაშვილი,შორენა ბუხრაშვილი,"მპგ""ეროვნული ფორუმი""",,party_lists_2016_georgia_unified.xlsx
parl_2016,__main__,pr,national_forum,ეროვნული ფორუმი,26,,,12,,გელა,გელაშვილი,გელა გელაშვილი,"მპგ""ეროვნული ფორუმი""",,party_lists_2016_georgia_unified.xlsx
parl_2016,__main__,pr,national_forum,ეროვნული ფორუმი,26,,,13,,ოთარ,ხარჩილავა,ოთარ ხარჩილავა,"მპგ""ეროვნული ფორუმი""",,party_lists_2016_georgia_unified.xlsx
parl_2016,__main__,pr,national_forum,ეროვნული ფორუმი,26,,,14,,გურამ,მჭედლიძე,გურამ მჭედლიძე,"მპგ""ეროვნული ფორუმი""",,party_lists_2016_georgia_unified.xlsx
parl_2016,__main__,pr,national_forum,ეროვნული ფორუმი,26,,,15,,დავით,ანანიძე,დავით ანანიძე,"მპგ""ეროვნული ფორუმი""",,party_lists_2016_georgia_unified.xlsx
parl_2016,__main__,pr,national_forum,ეროვნული ფორუმი,26,,,16,,შოთა,იამანიძე,შოთა იამანიძე,უპარტიო,,party_lists_2016_georgia_unified.xlsx
parl_2016,__main__,pr,national_forum,ეროვნული ფორუმი,26,,,17,,არმენაკ,ფოლორჩიან,არმენაკ ფოლორჩიან,"მპგ""ეროვნული ფორუმი""",,party_lists_2016_georgia_unified.xlsx
parl_2016,__main__,pr,national_forum,ეროვნული ფორუმი,26,,,18,,ელდარ,ხალვაში,ელდარ ხალვაში,"მპგ""ეროვნული ფორუმი""",,party_lists_2016_georgia_unified.xlsx
parl_2016,__main__,pr,national_forum,ეროვნული ფორუმი,26,,,19,,ნანა,ქვრივიშვილი,ნანა ქვრივიშვილი,უპარტიო,,party_lists_2016_georgia_unified.xlsx
parl_2016,__main__,pr,national_forum,ეროვნული ფორუმი,26,,,20,,ვახტანგ,შუკვანი,ვახტანგ შუკვანი,"მპგ""ეროვნული ფორუმი""",,party_lists_2016_georgia_unified.xlsx
parl_2016,__main__,pr,national_forum,ეროვნული ფორუმი,26,,,21,,დავით,სოსელია,დავით სოსელია,"მპგ""ეროვნული ფორუმი""",,party_lists_2016_georgia_unified.xlsx
parl_2016,__main__,pr,national_forum,ეროვნული ფორუმი,26,,,22,,აპოლონი,გარუჩავა,აპოლონი გარუჩავა,"მპგ""ეროვნული ფორუმი""",,party_lists_2016_georgia_unified.xlsx
parl_2016,__main__,pr,national_forum,ეროვნული ფორუმი,26,,,23,,თამარი,ციხისელი,თამარი ციხისელი,"მპგ""ეროვნული ფორუმი""",,party_lists_2016_georgia_unified.xlsx
parl_2016,__main__,pr,national_forum,ეროვნული ფორუმი,26,,,24,,გოჩა,მსხილაძე,გოჩა მსხილაძე,"მპგ""ეროვნული ფორუმი""",,party_lists_2016_georgia_unified.xlsx
parl_2016,__main__,pr,national_forum,ეროვნული ფორუმი,26,,,25,,იბრაიმ,დიდმანიძე,იბრაიმ დიდმანიძე,"მპგ""ეროვნული ფორუმი""",,party_lists_2016_georgia_unified.xlsx
parl_2016,__main__,pr,national_forum,ეროვნული ფორუმი,26,,,26,,ბადრი,ონიანი,ბადრი ონიანი,"მპგ""ეროვნული ფორუმი""",,party_lists_2016_georgia_unified.xlsx
parl_2016,__main__,pr,national_forum,ეროვნული ფორუმი,26,,,27,,კახაბერი,დვალიშვილი,კახაბერი დვალიშვილი,"მპგ""ეროვნული ფორუმი""",,party_lists_2016_georgia_unified.xlsx
parl_2016,__main__,pr,national_forum,ეროვნული ფორუმი,26,,,28,,გიული,შენგელია,გიული შენგელია,"მპგ""ეროვნული ფორუმი""",,party_lists_2016_georgia_unified.xlsx
parl_2016,__main__,pr,national_forum,ეროვნული ფორუმი,26,,,29,,ბესარიონ,ჩუგოშვილი,ბესარიონ ჩუგოშვილი,"მპგ""ეროვნული ფორუმი""",,party_lists_2016_georgia_unified.xlsx
parl_2016,__main__,pr,national_forum,ეროვნული ფორუმი,26,,,30,,ქეთევან,ახობაძე,ქეთევან ახობაძე,"მპგ""ეროვნული ფორუმი""",,party_lists_2016_georgia_unified.xlsx
parl_2016,__main__,pr,national_forum,ეროვნული ფორუმი,26,,,31,,გრიგოლი,ნიშნიანიძე,გრიგოლი ნიშნიანიძე,"მპგ""ეროვნული ფორუმი""",,party_lists_2016_georgia_unified.xlsx
parl_2016,__main__,pr,national_forum,ეროვნული ფორუმი,26,,,32,,ბესიკ,ჩუბინიძე,ბესიკ ჩუბინიძე,უპარტიო,,party_lists_2016_georgia_unified.xlsx
parl_2016,__main__,pr,national_forum,ეროვნული ფორუმი,26,,,33,,ალექსანდრე,ნონიაშვილი,ალექსანდრე ნონიაშვილი,"მპგ""ეროვნული ფორუმი""",,party_lists_2016_georgia_unified.xlsx
parl_2016,__main__,pr,national_forum,ეროვნული ფორუმი,26,,,34,,მადლენა,მახარაძე,მადლენა მახარაძე,"მპგ""ეროვნული ფორუმი""",,party_lists_2016_georgia_unified.xlsx
parl_2016,__main__,pr,national_forum,ეროვნული ფორუმი,26,,,35,,მაია,კლდიაშვილი,მაია კლდიაშვილი,"მპგ""ეროვნული ფორუმი""",,party_lists_2016_georgia_unified.xlsx
parl_2016,__main__,pr,national_forum,ეროვნული ფორუმი,26,,,36,,მაგული,ლიპარტელიანი,მაგული ლიპარტელიანი,"მპგ""ეროვნული ფორუმი""",,party_lists_2016_georgia_unified.xlsx
parl_2016,__main__,pr,national_forum,ეროვნული ფორუმი,26,,,37,,ბიძინა,ყალიჩავა,ბიძინა ყალიჩავა,"მპგ""ეროვნული ფორუმი""",,party_lists_2016_georgia_unified.xlsx
parl_2016,__main__,pr,national_forum,ეროვნული ფორუმი,26,,,38,,ვლადიმერ,კახიანი,ვლადიმერ კახიანი,"მპგ""ეროვნული ფორუმი""",,party_lists_2016_georgia_unified.xlsx
parl_2016,__main__,pr,national_forum,ეროვნული ფორუმი,26,,,39,,ვანო,პაპუნიძე,ვანო პაპუნიძე,"მპგ""ეროვნული ფორუმი""",,party_lists_2016_georgia_unified.xlsx
parl_2016,__main__,pr,national_forum,ეროვნული ფორუმი,26,,,40,,თეა,თათელიშვილი,თეა თათელიშვილი,"მპგ""ეროვნული ფორუმი""",,party_lists_2016_georgia_unified.xlsx
parl_2016,__main__,pr,national_forum,ეროვნული ფორუმი,26,,,41,,გოჩა,ბეგიაშვილი,გოჩა ბეგიაშვილი,"მპგ""ეროვნული ფორუმი""",,party_lists_2016_georgia_unified.xlsx
parl_2016,__main__,pr,national_forum,ეროვნული ფორუმი,26,,,42,,აკაკი,ლეკიშვილი,აკაკი ლეკიშვილი,"მპგ""ეროვნული ფორუმი""",,party_lists_2016_georgia_unified.xlsx
parl_2016,__main__,pr,national_forum,ეროვნული ფორუმი,26,,,43,,დალი,მართალიშვილი,დალი მართალიშვილი,"მპგ""ეროვნული ფორუმი""",,party_lists_2016_georgia_unified.xlsx
parl_2016,__main__,pr,national_forum,ეროვნული ფორუმი,26,,,44,,რობერტ,ოდიშელიძე,რობერტ ოდიშელიძე,"მპგ""ეროვნული ფორუმი""",,party_lists_2016_georgia_unified.xlsx
parl_2016,__main__,pr,national_forum,ეროვნული ფორუმი,26,,,45,,მადონა,რაზმაძე,მადონა რაზმაძე,"მპგ""ეროვნული ფორუმი""",,party_lists_2016_georgia_unified.xlsx
parl_2016,__main__,pr,national_forum,ეროვნული ფორუმი,26,,,46,,დავით,გიორგაძე,დავით გიორგაძე,"მპგ""ეროვნული ფორუმი""",,party_lists_2016_georgia_unified.xlsx
parl_2016,__main__,pr,national_forum,ეროვნული ფორუმი,26,,,47,,ნოდარი,ყურაშვილი,ნოდარი ყურაშვილი,"მპგ ""ეროვნული ფორუმი""",,party_lists_2016_georgia_unified.xlsx
parl_2016,__main__,pr,national_forum,ეროვნული ფორუმი,26,,,48,,სოფიო,ბენიძე,სოფიო ბენიძე,"მპგ""ეროვნული ფორუმი""",,party_lists_2016_georgia_unified.xlsx
parl_2016,__main__,pr,national_forum,ეროვნული ფორუმი,26,,,49,,მერაბ,ფანჩულიძე,მერაბ ფანჩულიძე,"მპგ""ეროვნული ფორუმი""",,party_lists_2016_georgia_unified.xlsx
parl_2016,__main__,pr,national_forum,ეროვნული ფორუმი,26,,,50,,ლია,სტრიჟაკი,ლია სტრიჟაკი,"მპგ""ეროვნული ფორუმი""",,party_lists_2016_georgia_unified.xlsx
parl_2016,__main__,pr,national_forum,ეროვნული ფორუმი,26,,,51,,რამაზ,ჭანტურია,რამაზ ჭანტურია,"მპგ""ეროვნული ფორუმი""",,party_lists_2016_georgia_unified.xlsx
parl_2016,__main__,pr,national_forum,ეროვნული ფორუმი,26,,,52,,გოჩა,კუპატაძე,გოჩა კუპატაძე,"მპგ""ეროვნული ფორუმი""",,party_lists_2016_georgia_unified.xlsx
parl_2016,__main__,pr,national_forum,ეროვნული ფორუმი,26,,,53,,თეიმურაზ,ბერაძე,თეიმურაზ ბერაძე,"მპგ""ეროვნული ფორუმი""",,party_lists_2016_georgia_unified.xlsx
parl_2016,__main__,pr,national_forum,ეროვნული ფორუმი,26,,,54,,მარინე,გოშაძე,მარინე გოშაძე,"მპგ""ეროვნული ფორუმი""",,party_lists_2016_georgia_unified.xlsx
parl_2016,__main__,pr,national_forum,ეროვნული ფორუმი,26,,,55,,მალხაზი,აბრამიშვილი,მალხაზი აბრამიშვილი,"მპგ""ეროვნული ფორუმი""",,party_lists_2016_georgia_unified.xlsx
parl_2016,__main__,pr,national_forum,ეროვნული ფორუმი,26,,,56,,დიმიტრი,სულაქველიძე,დიმიტრი სულაქველიძე,"მპგ""ეროვნული ფორუმი""",,party_lists_2016_georgia_unified.xlsx
parl_2016,__main__,pr,national_forum,ეროვნული ფორუმი,26,,,57,,ზურაბ,გელაშვილი,ზურაბ გელაშვილი,"მპგ""ეროვნული ფორუმი""",,party_lists_2016_georgia_unified.xlsx
parl_2016,__main__,pr,national_forum,ეროვნული ფორუმი,26,,,58,,თენგიზი,თუთისანი,თენგიზი თუთისანი,უპარტიო,,party_lists_2016_georgia_unified.xlsx
parl_2016,__main__,pr,national_forum,ეროვნული ფორუმი,26,,,59,,ზურაბ,ჩაგუნავა,ზურაბ ჩაგუნავა,"მპგ""ეროვნული ფორუმი""",,party_lists_2016_georgia_unified.xlsx
parl_2016,__main__,pr,national_forum,ეროვნული ფორუმი,26,,,60,,ზურაბ,ნეფარიძე,ზურაბ ნეფარიძე,"მპგ""ეროვნული ფორუმი""",,party_lists_2016_georgia_unified.xlsx
parl_2016,__main__,pr,national_forum,ეროვნული ფორუმი,26,,,61,,კარლო,გაგნიძე,კარლო გაგნიძე,"მპგ""ეროვნული ფორუმი""",,party_lists_2016_georgia_unified.xlsx
parl_2016,__main__,pr,national_forum,ეროვნული ფორუმი,26,,,62,,ტარიელ,სოფრომაძე,ტარიელ სოფრომაძე,"მპგ""ეროვნული ფორუმი""",,party_lists_2016_georgia_unified.xlsx
parl_2016,__main__,pr,national_forum,ეროვნული ფორუმი,26,,,63,,ხათუნა,გურჯიშვილი,ხათუნა გურჯიშვილი,"მპგ""ეროვნული ფორუმი""",,party_lists_2016_georgia_unified.xlsx
parl_2016,__main__,pr,national_forum,ეროვნული ფორუმი,26,,,64,,ირაკლი,ნოსელიძე,ირაკლი ნოსელიძე,უპარტიო,,party_lists_2016_georgia_unified.xlsx
parl_2016,__main__,pr,national_forum,ეროვნული ფორუმი,26,,,65,,ერეკლე,უგრელიძე,ერეკლე უგრელიძე,უპარტიო,,party_lists_2016_georgia_unified.xlsx
parl_2016,__main__,pr,national_forum,ეროვნული ფორუმი,26,,,66,,ქეთევან,იოსელიანი,ქეთევან იოსელიანი,"მპგ""ეროვნული ფორუმი""",,party_lists_2016_georgia_unified.xlsx
parl_2016,__main__,pr,national_forum,ეროვნული ფორუმი,26,,,67,,დარეჯან,მესხიშვილი,დარეჯან მესხიშვილი,"მპგ""ეროვნული ფორუმი""",,party_lists_2016_georgia_unified.xlsx
parl_2016,__main__,pr,national_forum,ეროვნული ფორუმი,26,,,68,,პაატა,ჩაგანავა,პაატა ჩაგანავა,"მპგ""ეროვნული ფორუმი""",,party_lists_2016_georgia_unified.xlsx
parl_2016,__main__,pr,national_forum,ეროვნული ფორუმი,26,,,69,,მერაბი,ხიზანიშვილი,მერაბი ხიზანიშვილი,"მპგ""ეროვნული ფორუმი""",,party_lists_2016_georgia_unified.xlsx
parl_2016,__main__,pr,national_forum,ეროვნული ფორუმი,26,,,70,,ბექა,მაისურაძე,ბექა მაისურაძე,"მპგ""ეროვნული ფორუმი""",,party_lists_2016_georgia_unified.xlsx
parl_2016,__main__,pr,national_forum,ეროვნული ფორუმი,26,,,71,,მერაბი,სიმონია,მერაბი სიმონია,"მპგ""ეროვნული ფორუმი""",,party_lists_2016_georgia_unified.xlsx
parl_2016,__main__,pr,national_forum,ეროვნული ფორუმი,26,,,72,,გიორგი,კარჭაული,გიორგი კარჭაული,"მპგ""ეროვნული ფორუმი""",,party_lists_2016_georgia_unified.xlsx
parl_2016,__main__,pr,national_forum,ეროვნული ფორუმი,26,,,73,,ანზორ,სულხანიშვილი,ანზორ სულხანიშვილი,"მპგ""ეროვნული ფორუმი""",,party_lists_2016_georgia_unified.xlsx
parl_2016,__main__,pr,national_forum,ეროვნული ფორუმი,26,,,74,,ბესიკ,მამულაშვილი,ბესიკ მამულაშვილი,"მპგ""ეროვნული ფორუმი""",,party_lists_2016_georgia_unified.xlsx
parl_2016,__main__,pr,national_forum,ეროვნული ფორუმი,26,,,75,,ლელა,ცუცქირიძე,ლელა ცუცქირიძე,"მპგ""ეროვნული ფორუმი""",,party_lists_2016_georgia_unified.xlsx
parl_2016,__main__,pr,national_forum,ეროვნული ფორუმი,26,,,76,,მირიან,წითელაშვილი,მირიან წითელაშვილი,"მპგ""ეროვნული ფორუმი""",,party_lists_2016_georgia_unified.xlsx
parl_2016,__main__,pr,national_forum,ეროვნული ფორუმი,26,,,77,,თამილა,გომიაშვილი,თამილა გომიაშვილი,"მპგ""ეროვნული ფორუმი""",,party_lists_2016_georgia_unified.xlsx
parl_2016,__main__,pr,national_forum,ეროვნული ფორუმი,26,,,78,,ვაჟა,სამუშია,ვაჟა სამუშია,"მპგ""ეროვნული ფორუმი""",,party_lists_2016_georgia_unified.xlsx
parl_2016,__main__,pr,national_forum,ეროვნული ფორუმი,26,,,79,,ხათუნა,ჭანტურაია,ხათუნა ჭანტურაია,"მპგ""ეროვნული ფორუმი""",,party_lists_2016_georgia_unified.xlsx
parl_2016,__main__,pr,national_forum,ეროვნული ფორუმი,26,,,80,,ამირან,დურგლიშვილი,ამირან დურგლიშვილი,"მპგ""ეროვნული ფორუმი""",,party_lists_2016_georgia_unified.xlsx
parl_2016,__main__,pr,national_forum,ეროვნული ფორუმი,26,,,81,,ქეთევანი,მაჩიტიძე,ქეთევანი მაჩიტიძე,"მპგ""ეროვნული ფორუმი""",,party_lists_2016_georgia_unified.xlsx
parl_2016,__main__,pr,national_forum,ეროვნული ფორუმი,26,,,82,,მანანა,მალძიგაშვილი,მანანა მალძიგაშვილი,"მპგ""ეროვნული ფორუმი""",,party_lists_2016_georgia_unified.xlsx
parl_2016,__main__,pr,national_forum,ეროვნული ფორუმი,26,,,83,,გია,მესხაძე,გია მესხაძე,"მპგ""ეროვნული ფორუმი""",,party_lists_2016_georgia_unified.xlsx
parl_2016,__main__,pr,national_forum,ეროვნული ფორუმი,26,,,84,,მარიამ,ხიდაშელი,მარიამ ხიდაშელი,"მპგ""ეროვნული ფორუმი""",,party_lists_2016_georgia_unified.xlsx
parl_2016,__main__,pr,national_forum,ეროვნული ფორუმი,26,,,85,,ლია,ცუცქირიძე,ლია ცუცქირიძე,"მპგ""ეროვნული ფორუმი""",,party_lists_2016_georgia_unified.xlsx
parl_2016,__main__,pr,national_forum,ეროვნული ფორუმი,26,,,86,,ვასო,ხაბულიანი,ვასო ხაბულიანი,"მპგ""ეროვნული ფორუმი""",,party_lists_2016_georgia_unified.xlsx
parl_2016,__main__,pr,national_forum,ეროვნული ფორუმი,26,,,87,,პაატა,აბესაძე,პაატა აბესაძე,"მპგ""ეროვნული ფორუმი""",,party_lists_2016_georgia_unified.xlsx
parl_2016,__main__,pr,national_forum,ეროვნული ფორუმი,26,,,88,,ცინარ,იოსელიანი,ცინარ იოსელიანი,"მპგ""ეროვნული ფორუმი""",,party_lists_2016_georgia_unified.xlsx
parl_2016,__main__,pr,national_forum,ეროვნული ფორუმი,26,,,89,,ანდრო,ჩაჩანიძე,ანდრო ჩაჩანიძე,"მპგ""ეროვნული ფორუმი""",,party_lists_2016_georgia_unified.xlsx
parl_2016,__main__,pr,national_forum,ეროვნული ფორუმი,26,,,90,,ნინო,ხაჩიური,ნინო ხაჩიური,"მპგ""ეროვნული ფორუმი""",,party_lists_2016_georgia_unified.xlsx
parl_2016,__main__,pr,national_forum,ეროვნული ფორუმი,26,,,91,,დავით,ქოიავა,დავით ქოიავა,"მპგ""ეროვნული ფორუმი""",,party_lists_2016_georgia_unified.xlsx
parl_2016,__main__,pr,national_forum,ეროვნული ფორუმი,26,,,92,,მანანა,ღვინჯილია,მანანა ღვინჯილია,უპარტიო,,party_lists_2016_georgia_unified.xlsx
parl_2016,__main__,pr,national_forum,ეროვნული ფორუმი,26,,,93,,ბესიკი,კიწმარიშვილი,ბესიკი კიწმარიშვილი,"მპგ""ეროვნული ფორუმი""",,party_lists_2016_georgia_unified.xlsx
parl_2016,__main__,pr,national_forum,ეროვნული ფორუმი,26,,,94,,ხათუნა,ფუტკარაძე,ხათუნა ფუტკარაძე,"მპგ""ეროვნული ფორუმი""",,party_lists_2016_georgia_unified.xlsx
parl_2016,__main__,pr,national_forum,ეროვნული ფორუმი,26,,,95,,ლევან,ჩიჩუა,ლევან ჩიჩუა,"მპგ""ეროვნული ფორუმი""",,party_lists_2016_georgia_unified.xlsx
parl_2016,__main__,pr,national_forum,ეროვნული ფორუმი,26,,,96,,გული,ბრელიძე,გული ბრელიძე,"მპგ""ეროვნული ფორუმი""",,party_lists_2016_georgia_unified.xlsx
parl_2016,__main__,pr,national_forum,ეროვნული ფორუმი,26,,,97,,ივერი,მეძველია,ივერი მეძველია,"მპგ""ეროვნული ფორუმი""",,party_lists_2016_georgia_unified.xlsx
parl_2016,__main__,pr,national_forum,ეროვნული ფორუმი,26,,,98,,ანზორ,მამალაძე,ანზორ მამალაძე,"მპგ""ეროვნული ფორუმი""",,party_lists_2016_georgia_unified.xlsx
parl_2016,__main__,pr,national_forum,ეროვნული ფორუმი,26,,,99,,ეკა,ორაგველიძე,ეკა ორაგველიძე,"მპგ""ეროვნული ფორუმი""",,party_lists_2016_georgia_unified.xlsx
parl_2016,__main__,pr,national_forum,ეროვნული ფორუმი,26,,,100,,ვახტანგი,ცაგარეიშვილი,ვახტანგი ცაგარეიშვილი,"მპგ""ეროვნული ფორუმი""",,party_lists_2016_georgia_unified.xlsx
parl_2016,__main__,pr,national_forum,ეროვნული ფორუმი,26,,,101,,ირაკლი,მარგველაშვილი,ირაკლი მარგველაშვილი,"მპგ""ეროვნული ფორუმი""",,party_lists_2016_georgia_unified.xlsx
parl_2016,__main__,pr,national_forum,ეროვნული ფორუმი,26,,,102,,მედეია,დევდარიანი,მედეია დევდარიანი,"მპგ""ეროვნული ფორუმი""",,party_lists_2016_georgia_unified.xlsx
parl_2016,__main__,pr,national_forum,ეროვნული ფორუმი,26,,,103,,მერაბ,ხურცია,მერაბ ხურცია,"მპგ""ეროვნული ფორუმი""",,party_lists_2016_georgia_unified.xlsx
parl_2016,__main__,pr,national_forum,ეროვნული ფორუმი,26,,,104,,ლალი,თუთარაშვილი,ლალი თუთარაშვილი,"მპგ""ეროვნული ფორუმი""",,party_lists_2016_georgia_unified.xlsx
parl_2016,__main__,pr,national_forum,ეროვნული ფორუმი,26,,,105,,დავით,გვაზავა,დავით გვაზავა,"მპგ""ეროვნული ფორუმი""",,party_lists_2016_georgia_unified.xlsx
parl_2016,__main__,pr,national_forum,ეროვნული ფორუმი,26,,,106,,მარინა,ნადირაძე,მარინა ნადირაძე,"მპგ""ეროვნული ფორუმი""",,party_lists_2016_georgia_unified.xlsx
parl_2016,__main__,pr,national_forum,ეროვნული ფორუმი,26,,,107,,მამუკა,კენკაძე,მამუკა კენკაძე,"მპგ""ეროვნული ფორუმი""",,party_lists_2016_georgia_unified.xlsx
parl_2016,__main__,pr,national_forum,ეროვნული ფორუმი,26,,,108,,ლენა,კიწმარიშვილი,ლენა კიწმარიშვილი,"მპგ""ეროვნული ფორუმი""",,party_lists_2016_georgia_unified.xlsx
parl_2016,__main__,pr,national_forum,ეროვნული ფორუმი,26,,,109,,იოსებ,ზურაბიშვილი,იოსებ ზურაბიშვილი,"მპგ""ეროვნული ფორუმი""",,party_lists_2016_georgia_unified.xlsx
parl_2016,__main__,pr,national_forum,ეროვნული ფორუმი,26,,,110,,ნანა,ქემოკლიძე,ნანა ქემოკლიძე,"მპგ""ეროვნული ფორუმი""",,party_lists_2016_georgia_unified.xlsx
parl_2016,__main__,pr,national_forum,ეროვნული ფორუმი,26,,,111,,მაია,ჩიჩუა,მაია ჩიჩუა,"მპგ""ეროვნული ფორუმი""",,party_lists_2016_georgia_unified.xlsx
parl_2016,__main__,pr,national_forum,ეროვნული ფორუმი,26,,,112,,იროდიონ,ლეკიშვილი,იროდიონ ლეკიშვილი,"მპგ""ეროვნული ფორუმი""",,party_lists_2016_georgia_unified.xlsx
parl_2016,__main__,pr,national_forum,ეროვნული ფორუმი,26,,,113,,თენგიზ,ზაუტაშვილი,თენგიზ ზაუტაშვილი,"მპგ""ეროვნული ფორუმი""",,party_lists_2016_georgia_unified.xlsx
parl_2016,__main__,pr,national_forum,ეროვნული ფორუმი,26,,,114,,ირაკლი,ტარასაშვილი,ირაკლი ტარასაშვილი,"მპგ""ეროვნული ფორუმი""",,party_lists_2016_georgia_unified.xlsx
parl_2016,__main__,pr,national_forum,ეროვნული ფორუმი,26,,,115,,ოთარი,ჩიკვილაძე,ოთარი ჩიკვილაძე,"მპგ""ეროვნული ფორუმი""",,party_lists_2016_georgia_unified.xlsx
parl_2016,__main__,pr,national_forum,ეროვნული ფორუმი,26,,,116,,მაია,ბაქრაძე-წერეთელი,მაია ბაქრაძე-წერეთელი,"მპგ""ეროვნული ფორუმი""",,party_lists_2016_georgia_unified.xlsx
parl_2016,__main__,pr,national_forum,ეროვნული ფორუმი,26,,,117,,რამაზ,ხუჭუა,რამაზ ხუჭუა,"მპგ""ეროვნული ფორუმი""",,party_lists_2016_georgia_unified.xlsx
parl_2016,__main__,pr,national_forum,ეროვნული ფორუმი,26,,,118,,ნანული,თურმანიძე,ნანული თურმანიძე,"მპგ""ეროვნული ფორუმი""",,party_lists_2016_georgia_unified.xlsx
parl_2016,__main__,pr,national_forum,ეროვნული ფორუმი,26,,,119,,ბადრი,ნარსავიძე,ბადრი ნარსავიძე,"მპგ""ეროვნული ფორუმი""",,party_lists_2016_georgia_unified.xlsx
parl_2016,__main__,pr,national_forum,ეროვნული ფორუმი,26,,,120,,თათია,ბრეგვაძე,თათია ბრეგვაძე,"მპგ""ეროვნული ფორუმი""",,party_lists_2016_georgia_unified.xlsx
parl_2016,__main__,pr,national_forum,ეროვნული ფორუმი,26,,,121,,ზურაბი,მერკვილაძე,ზურაბი მერკვილაძე,"მპგ""ეროვნული ფორუმი""",,party_lists_2016_georgia_unified.xlsx
parl_2016,__main__,pr,national_forum,ეროვნული ფორუმი,26,,,122,,დავით,ჭუმბურიძე,დავით ჭუმბურიძე,"მპგ""ეროვნული ფორუმი""",,party_lists_2016_georgia_unified.xlsx
parl_2016,__main__,pr,national_forum,ეროვნული ფორუმი,26,,,123,,ლია,გოგნაძე,ლია გოგნაძე,"მპგ""ეროვნული ფორუმი""",,party_lists_2016_georgia_unified.xlsx
parl_2016,__main__,pr,national_forum,ეროვნული ფორუმი,26,,,124,,მალხაზ,ჩხიროძე,მალხაზ ჩხიროძე,"მპგ""ეროვნული ფორუმი""",,party_lists_2016_georgia_unified.xlsx
parl_2016,__main__,pr,national_forum,ეროვნული ფორუმი,26,,,125,,ალეკო,ბაციკაძე,ალეკო ბაციკაძე,"მპგ""ეროვნული ფორუმი""",,party_lists_2016_georgia_unified.xlsx
parl_2016,__main__,pr,national_forum,ეროვნული ფორუმი,26,,,126,,ლევან,ისაკაძე,ლევან ისაკაძე,"მპგ""ეროვნული ფორუმი""",,party_lists_2016_georgia_unified.xlsx
parl_2016,__main__,pr,national_forum,ეროვნული ფორუმი,26,,,127,,ნიკოლოზ,სულხანიშვილი,ნიკოლოზ სულხანიშვილი,"მპგ""ეროვნული ფორუმი""",,party_lists_2016_georgia_unified.xlsx
parl_2016,__main__,pr,national_forum,ეროვნული ფორუმი,26,,,128,,კობა,კუპრაშვილი,კობა კუპრაშვილი,"მპგ""ეროვნული ფორუმი""",,party_lists_2016_georgia_unified.xlsx
parl_2016,__main__,pr,national_forum,ეროვნული ფორუმი,26,,,129,,დაგმარა,ბუკია,დაგმარა ბუკია,"მპგ""ეროვნული ფორუმი""",,party_lists_2016_georgia_unified.xlsx
parl_2016,__main__,pr,national_forum,ეროვნული ფორუმი,26,,,130,,იაგორ,თავართქილაძე,იაგორ თავართქილაძე,"მპგ""ეროვნული ფორუმი""",,party_lists_2016_georgia_unified.xlsx
parl_2016,__main__,pr,national_forum,ეროვნული ფორუმი,26,,,131,,დავით,დარახველიძე,დავით დარახველიძე,"მპგ""ეროვნული ფორუმი""",,party_lists_2016_georgia_unified.xlsx
parl_2016,__main__,pr,free_democrats,ირაკლი ალასანია - თავისუფალი დემოკრატები,27,,,1,,ირაკლი,ალასანია,ირაკლი ალასანია,თავისუფალი დემოკრატები,,party_lists_2016_georgia_unified.xlsx
parl_2016,__main__,pr,free_democrats,ირაკლი ალასანია - თავისუფალი დემოკრატები,27,,,2,,ვიქტორ,დოლიძე,ვიქტორ დოლიძე,თავისუფალი დემოკრატები,,party_lists_2016_georgia_unified.xlsx
parl_2016,__main__,pr,free_democrats,ირაკლი ალასანია - თავისუფალი დემოკრატები,27,,,3,,ნინო,გოგუაძე,ნინო გოგუაძე,თავისუფალი დემოკრატები,,party_lists_2016_georgia_unified.xlsx
parl_2016,__main__,pr,free_democrats,ირაკლი ალასანია - თავისუფალი დემოკრატები,27,,,4,,ზურაბ,აბაშიძე,ზურაბ აბაშიძე,თავისუფალი დემოკრატები,,party_lists_2016_georgia_unified.xlsx
parl_2016,__main__,pr,free_democrats,ირაკლი ალასანია - თავისუფალი დემოკრატები,27,,,5,,ირაკლი,ჩიქოვანი,ირაკლი ჩიქოვანი,თავისუფალი დემოკრატები,,party_lists_2016_georgia_unified.xlsx
parl_2016,__main__,pr,free_democrats,ირაკლი ალასანია - თავისუფალი დემოკრატები,27,,,6,,შალვა,შავგულიძე,შალვა შავგულიძე,თავისუფალი დემოკრატები,,party_lists_2016_georgia_unified.xlsx
parl_2016,__main__,pr,free_democrats,ირაკლი ალასანია - თავისუფალი დემოკრატები,27,,,7,,თამარ,კეკენაძე,თამარ კეკენაძე,თავისუფალი დემოკრატები,,party_lists_2016_georgia_unified.xlsx
parl_2016,__main__,pr,free_democrats,ირაკლი ალასანია - თავისუფალი დემოკრატები,27,,,8,,ალექსი,პეტრიაშვილი,ალექსი პეტრიაშვილი,თავისუფალი დემოკრატები,,party_lists_2016_georgia_unified.xlsx
parl_2016,__main__,pr,free_democrats,ირაკლი ალასანია - თავისუფალი დემოკრატები,27,,,9,,მაია,ფანჯიკიძე,მაია ფანჯიკიძე,თავისუფალი დემოკრატები,,party_lists_2016_georgia_unified.xlsx
parl_2016,__main__,pr,free_democrats,ირაკლი ალასანია - თავისუფალი დემოკრატები,27,,,10,,გიორგი,ცაგარეიშვილი,გიორგი ცაგარეიშვილი,თავისუფალი დემოკრატები,,party_lists_2016_georgia_unified.xlsx
parl_2016,__main__,pr,free_democrats,ირაკლი ალასანია - თავისუფალი დემოკრატები,27,,,11,,თამარ,ამაშუკელი,თამარ ამაშუკელი,თავისუფალი დემოკრატები,,party_lists_2016_georgia_unified.xlsx
parl_2016,__main__,pr,free_democrats,ირაკლი ალასანია - თავისუფალი დემოკრატები,27,,,12,,დავით,ონოფრიშვილი,დავით ონოფრიშვილი,თავისუფალი დემოკრატები,,party_lists_2016_georgia_unified.xlsx
parl_2016,__main__,pr,free_democrats,ირაკლი ალასანია - თავისუფალი დემოკრატები,27,,,13,,ნათია,კუტივაძე,ნათია კუტივაძე,თავისუფალი დემოკრატები,,party_lists_2016_georgia_unified.xlsx
parl_2016,__main__,pr,free_democrats,ირაკლი ალასანია - თავისუფალი დემოკრატები,27,,,14,,ვახტანგ,მჭედლიძე,ვახტანგ მჭედლიძე,თავისუფალი დემოკრატები,,party_lists_2016_georgia_unified.xlsx
parl_2016,__main__,pr,free_democrats,ირაკლი ალასანია - თავისუფალი დემოკრატები,27,,,15,,თინათინი,რევაზაშვილი,თინათინი რევაზაშვილი,თავისუფალი დემოკრატები,,party_lists_2016_georgia_unified.xlsx
parl_2016,__main__,pr,free_democrats,ირაკლი ალასანია - თავისუფალი დემოკრატები,27,,,16,,თეიმურაზ,სალუქვაძე,თეიმურაზ სალუქვაძე,თავისუფალი დემოკრატები,,party_lists_2016_georgia_unified.xlsx
parl_2016,__main__,pr,free_democrats,ირაკლი ალასანია - თავისუფალი დემოკრატები,27,,,17,,თამარ,კობერიძე,თამარ კობერიძე,თავისუფალი დემოკრატები,,party_lists_2016_georgia_unified.xlsx
parl_2016,__main__,pr,free_democrats,ირაკლი ალასანია - თავისუფალი დემოკრატები,27,,,18,,ალექსანდრე,მსხალაძე,ალექსანდრე მსხალაძე,თავისუფალი დემოკრატები,,party_lists_2016_georgia_unified.xlsx
parl_2016,__main__,pr,free_democrats,ირაკლი ალასანია - თავისუფალი დემოკრატები,27,,,19,,ნიკოლოზ,ფრუიძე,ნიკოლოზ ფრუიძე,თავისუფალი დემოკრატები,,party_lists_2016_georgia_unified.xlsx
parl_2016,__main__,pr,free_democrats,ირაკლი ალასანია - თავისუფალი დემოკრატები,27,,,20,,ბანიამინ,კასიმოვი,ბანიამინ კასიმოვი,თავისუფალი დემოკრატები,,party_lists_2016_georgia_unified.xlsx
parl_2016,__main__,pr,free_democrats,ირაკლი ალასანია - თავისუფალი დემოკრატები,27,,,21,,მიხეილ,ავაქიანი,მიხეილ ავაქიანი,თავისუფალი დემოკრატები,,party_lists_2016_georgia_unified.xlsx
parl_2016,__main__,pr,free_democrats,ირაკლი ალასანია - თავისუფალი დემოკრატები,27,,,22,,ნინო,ბერაძე,ნინო ბერაძე,თავისუფალი დემოკრატები,,party_lists_2016_georgia_unified.xlsx
parl_2016,__main__,pr,free_democrats,ირაკლი ალასანია - თავისუფალი დემოკრატები,27,,,23,,ირაკლი,მამფორია,ირაკლი მამფორია,თავისუფალი დემოკრატები,,party_lists_2016_georgia_unified.xlsx
parl_2016,__main__,pr,free_democrats,ირაკლი ალასანია - თავისუფალი დემოკრატები,27,,,24,,ნინო,ფრუიძე,ნინო ფრუიძე,თავისუფალი დემოკრატები,,party_lists_2016_georgia_unified.xlsx
parl_2016,__main__,pr,free_democrats,ირაკლი ალასანია - თავისუფალი დემოკრატები,27,,,25,,ვახტანგ,მაჭავარიანი,ვახტანგ მაჭავარიანი,თავისუფალი დემოკრატები,,party_lists_2016_georgia_unified.xlsx
parl_2016,__main__,pr,free_democrats,ირაკლი ალასანია - თავისუფალი დემოკრატები,27,,,26,,ქეთევანი,ენუქიძე,ქეთევანი ენუქიძე,თავისუფალი დემოკრატები,,party_lists_2016_georgia_unified.xlsx
parl_2016,__main__,pr,free_democrats,ირაკლი ალასანია - თავისუფალი დემოკრატები,27,,,27,,ხვიჩა,ჟიშკარიანი,ხვიჩა ჟიშკარიანი,თავისუფალი დემოკრატები,,party_lists_2016_georgia_unified.xlsx
parl_2016,__main__,pr,free_democrats,ირაკლი ალასანია - თავისუფალი დემოკრატები,27,,,28,,დევი,ტაბიძე,დევი ტაბიძე,თავისუფალი დემოკრატები,,party_lists_2016_georgia_unified.xlsx
parl_2016,__main__,pr,free_democrats,ირაკლი ალასანია - თავისუფალი დემოკრატები,27,,,29,,ზურაბ,მაჭავარიანი,ზურაბ მაჭავარიანი,თავისუფალი დემოკრატები,,party_lists_2016_georgia_unified.xlsx
parl_2016,__main__,pr,free_democrats,ირაკლი ალასანია - თავისუფალი დემოკრატები,27,,,30,,თეიმურაზ,მურადაშვილი,თეიმურაზ მურადაშვილი,თავისუფალი დემოკრატები,,party_lists_2016_georgia_unified.xlsx
parl_2016,__main__,pr,free_democrats,ირაკლი ალასანია - თავისუფალი დემოკრატები,27,,,31,,ალუდა,გოგლიჩიძე,ალუდა გოგლიჩიძე,თავისუფალი დემოკრატები,,party_lists_2016_georgia_unified.xlsx
parl_2016,__main__,pr,free_democrats,ირაკლი ალასანია - თავისუფალი დემოკრატები,27,,,32,,ჯემალ,ვანაძე,ჯემალ ვანაძე,თავისუფალი დემოკრატები,,party_lists_2016_georgia_unified.xlsx
parl_2016,__main__,pr,free_democrats,ირაკლი ალასანია - თავისუფალი დემოკრატები,27,,,33,,დიანა,გელაშვილი,დიანა გელაშვილი,უპარტიო,,party_lists_2016_georgia_unified.xlsx
parl_2016,__main__,pr,free_democrats,ირაკლი ალასანია - თავისუფალი დემოკრატები,27,,,34,,თენგიზ,ხეჩიკაშვილი,თენგიზ ხეჩიკაშვილი,თავისუფალი დემოკრატები,,party_lists_2016_georgia_unified.xlsx
parl_2016,__main__,pr,free_democrats,ირაკლი ალასანია - თავისუფალი დემოკრატები,27,,,35,,თეიმურაზ,მენაფირე,თეიმურაზ მენაფირე,თავისუფალი დემოკრატები,,party_lists_2016_georgia_unified.xlsx
parl_2016,__main__,pr,free_democrats,ირაკლი ალასანია - თავისუფალი დემოკრატები,27,,,36,,გია,ნუცუბიძე,გია ნუცუბიძე,უპარტიო,,party_lists_2016_georgia_unified.xlsx
parl_2016,__main__,pr,free_democrats,ირაკლი ალასანია - თავისუფალი დემოკრატები,27,,,37,,ნონა,თოდუა,ნონა თოდუა,თავისუფალი დემოკრატები,,party_lists_2016_georgia_unified.xlsx
parl_2016,__main__,pr,free_democrats,ირაკლი ალასანია - თავისუფალი დემოკრატები,27,,,38,,გიორგი,კაპანაძე,გიორგი კაპანაძე,თავისუფალი დემოკრატები,,party_lists_2016_georgia_unified.xlsx
parl_2016,__main__,pr,free_democrats,ირაკლი ალასანია - თავისუფალი დემოკრატები,27,,,39,,მალხაზი,ბაბლიძე,მალხაზი ბაბლიძე,თავისუფალი დემოკრატები,,party_lists_2016_georgia_unified.xlsx
parl_2016,__main__,pr,free_democrats,ირაკლი ალასანია - თავისუფალი დემოკრატები,27,,,40,,ნინო,ლორთქიფანიძე,ნინო ლორთქიფანიძე,თავისუფალი დემოკრატები,,party_lists_2016_georgia_unified.xlsx
parl_2016,__main__,pr,free_democrats,ირაკლი ალასანია - თავისუფალი დემოკრატები,27,,,41,,ამირან,გიგუაშვილი,ამირან გიგუაშვილი,თავისუფალი დემოკრატები,,party_lists_2016_georgia_unified.xlsx
parl_2016,__main__,pr,free_democrats,ირაკლი ალასანია - თავისუფალი დემოკრატები,27,,,42,,დავით,ამაშუკელი,დავით ამაშუკელი,თავისუფალი დემოკრატები,,party_lists_2016_georgia_unified.xlsx
parl_2016,__main__,pr,free_democrats,ირაკლი ალასანია - თავისუფალი დემოკრატები,27,,,43,,ირინა,თოფურია,ირინა თოფურია,თავისუფალი დემოკრატები,,party_lists_2016_georgia_unified.xlsx
parl_2016,__main__,pr,free_democrats,ირაკლი ალასანია - თავისუფალი დემოკრატები,27,,,44,,გიგა,მოლაშხია,გიგა მოლაშხია,თავისუფალი დემოკრატები,,party_lists_2016_georgia_unified.xlsx
parl_2016,__main__,pr,free_democrats,ირაკლი ალასანია - თავისუფალი დემოკრატები,27,,,45,,გიორგი,ხაზარაძე,გიორგი ხაზარაძე,თავისუფალი დემოკრატები,,party_lists_2016_georgia_unified.xlsx
parl_2016,__main__,pr,free_democrats,ირაკლი ალასანია - თავისუფალი დემოკრატები,27,,,46,,ლელა,სებუა,ლელა სებუა,უპარტიო,,party_lists_2016_georgia_unified.xlsx
parl_2016,__main__,pr,free_democrats,ირაკლი ალასანია - თავისუფალი დემოკრატები,27,,,47,,გრიგოლი,გუმბერიძე,გრიგოლი გუმბერიძე,თავისუფალი დემოკრატები,,party_lists_2016_georgia_unified.xlsx
parl_2016,__main__,pr,free_democrats,ირაკლი ალასანია - თავისუფალი დემოკრატები,27,,,48,,თემურ,ავალიანი,თემურ ავალიანი,თავისუფალი დემოკრატები,,party_lists_2016_georgia_unified.xlsx
parl_2016,__main__,pr,free_democrats,ირაკლი ალასანია - თავისუფალი დემოკრატები,27,,,49,,რუსუდან,გვენეტაძე,რუსუდან გვენეტაძე,თავისუფალი დემოკრატები,,party_lists_2016_georgia_unified.xlsx
parl_2016,__main__,pr,free_democrats,ირაკლი ალასანია - თავისუფალი დემოკრატები,27,,,50,,თემური,ჭელიძე,თემური ჭელიძე,თავისუფალი დემოკრატები,,party_lists_2016_georgia_unified.xlsx
parl_2016,__main__,pr,free_democrats,ირაკლი ალასანია - თავისუფალი დემოკრატები,27,,,51,,ვახტანგ,ბეჟიტაშვილი,ვახტანგ ბეჟიტაშვილი,თავისუფალი დემოკრატები,,party_lists_2016_georgia_unified.xlsx
parl_2016,__main__,pr,free_democrats,ირაკლი ალასანია - თავისუფალი დემოკრატები,27,,,52,,გურამ,ნაკანი,გურამ ნაკანი,თავისუფალი დემოკრატები,,party_lists_2016_georgia_unified.xlsx
parl_2016,__main__,pr,free_democrats,ირაკლი ალასანია - თავისუფალი დემოკრატები,27,,,53,,ზეზვა,ნაცვლიშვილი,ზეზვა ნაცვლიშვილი,თავისუფალი დემოკრატები,,party_lists_2016_georgia_unified.xlsx
parl_2016,__main__,pr,free_democrats,ირაკლი ალასანია - თავისუფალი დემოკრატები,27,,,54,,ფატიმა,მანჯგალაძე,ფატიმა მანჯგალაძე,თავისუფალი დემოკრატები,,party_lists_2016_georgia_unified.xlsx
parl_2016,__main__,pr,free_democrats,ირაკლი ალასანია - თავისუფალი დემოკრატები,27,,,55,,სოსო,ნოღაიდელი,სოსო ნოღაიდელი,თავისუფალი დემოკრატები,,party_lists_2016_georgia_unified.xlsx
parl_2016,__main__,pr,free_democrats,ირაკლი ალასანია - თავისუფალი დემოკრატები,27,,,56,,ბესიკ,ბერიძე,ბესიკ ბერიძე,თავისუფალი დემოკრატები,,party_lists_2016_georgia_unified.xlsx
parl_2016,__main__,pr,free_democrats,ირაკლი ალასანია - თავისუფალი დემოკრატები,27,,,57,,გურამ,როსტიაშვილი,გურამ როსტიაშვილი,თავისუფალი დემოკრატები,,party_lists_2016_georgia_unified.xlsx
parl_2016,__main__,pr,free_democrats,ირაკლი ალასანია - თავისუფალი დემოკრატები,27,,,58,,თამარ,თედლიაშვილი,თამარ თედლიაშვილი,თავისუფალი დემოკრატები,,party_lists_2016_georgia_unified.xlsx
parl_2016,__main__,pr,free_democrats,ირაკლი ალასანია - თავისუფალი დემოკრატები,27,,,59,,ხათუნა,ხათაშვილი,ხათუნა ხათაშვილი,თავისუფალი დემოკრატები,,party_lists_2016_georgia_unified.xlsx
parl_2016,__main__,pr,free_democrats,ირაკლი ალასანია - თავისუფალი დემოკრატები,27,,,60,,ზურაბ,ინგოროყვა,ზურაბ ინგოროყვა,თავისუფალი დემოკრატები,,party_lists_2016_georgia_unified.xlsx
parl_2016,__main__,pr,free_democrats,ირაკლი ალასანია - თავისუფალი დემოკრატები,27,,,61,,არჩილ,კოხრეიძე,არჩილ კოხრეიძე,თავისუფალი დემოკრატები,,party_lists_2016_georgia_unified.xlsx
parl_2016,__main__,pr,free_democrats,ირაკლი ალასანია - თავისუფალი დემოკრატები,27,,,62,,შალვა,გოგოლაძე,შალვა გოგოლაძე,თავისუფალი დემოკრატები,,party_lists_2016_georgia_unified.xlsx
parl_2016,__main__,pr,free_democrats,ირაკლი ალასანია - თავისუფალი დემოკრატები,27,,,63,,მაია,შალამბერიძე,მაია შალამბერიძე,თავისუფალი დემოკრატები,,party_lists_2016_georgia_unified.xlsx
parl_2016,__main__,pr,free_democrats,ირაკლი ალასანია - თავისუფალი დემოკრატები,27,,,64,,რამაზ,გრიგალაშვილი,რამაზ გრიგალაშვილი,თავისუფალი დემოკრატები,,party_lists_2016_georgia_unified.xlsx
parl_2016,__main__,pr,free_democrats,ირაკლი ალასანია - თავისუფალი დემოკრატები,27,,,65,,ლევანი,მელიქია,ლევანი მელიქია,თავისუფალი დემოკრატები,,party_lists_2016_georgia_unified.xlsx
parl_2016,__main__,pr,free_democrats,ირაკლი ალასანია - თავისუფალი დემოკრატები,27,,,66,,სიმონ,ქოჩორაშვილი,სიმონ ქოჩორაშვილი,თავისუფალი დემოკრატები,,party_lists_2016_georgia_unified.xlsx
parl_2016,__main__,pr,free_democrats,ირაკლი ალასანია - თავისუფალი დემოკრატები,27,,,67,,გიორგი,სისვაძე,გიორგი სისვაძე,თავისუფალი დემოკრატები,,party_lists_2016_georgia_unified.xlsx
parl_2016,__main__,pr,free_democrats,ირაკლი ალასანია - თავისუფალი დემოკრატები,27,,,68,,გერასიმე,მჟავანაძე,გერასიმე მჟავანაძე,უპარტიო,,party_lists_2016_georgia_unified.xlsx
parl_2016,__main__,pr,free_democrats,ირაკლი ალასანია - თავისუფალი დემოკრატები,27,,,69,,ედიტა,კოდუა,ედიტა კოდუა,თავისუფალი დემოკრატები,,party_lists_2016_georgia_unified.xlsx
parl_2016,__main__,pr,free_democrats,ირაკლი ალასანია - თავისუფალი დემოკრატები,27,,,70,,ხათუნა,ჯიხვაძე,ხათუნა ჯიხვაძე,თავისუფალი დემოკრატები,,party_lists_2016_georgia_unified.xlsx
parl_2016,__main__,pr,free_democrats,ირაკლი ალასანია - თავისუფალი დემოკრატები,27,,,71,,ნუგზარ,ვარშანიძე,ნუგზარ ვარშანიძე,უპარტიო,,party_lists_2016_georgia_unified.xlsx
parl_2016,__main__,pr,free_democrats,ირაკლი ალასანია - თავისუფალი დემოკრატები,27,,,72,,ოლეგი,არჯევანიძე,ოლეგი არჯევანიძე,თავისუფალი დემოკრატები,,party_lists_2016_georgia_unified.xlsx
parl_2016,__main__,pr,free_democrats,ირაკლი ალასანია - თავისუფალი დემოკრატები,27,,,73,,მალხაზ,დავითაშვილი,მალხაზ დავითაშვილი,თავისუფალი დემოკრატები,,party_lists_2016_georgia_unified.xlsx
parl_2016,__main__,pr,free_democrats,ირაკლი ალასანია - თავისუფალი დემოკრატები,27,,,74,,დავით,ბიბინეიშვილი,დავით ბიბინეიშვილი,თავისუფალი დემოკრატები,,party_lists_2016_georgia_unified.xlsx
parl_2016,__main__,pr,free_democrats,ირაკლი ალასანია - თავისუფალი დემოკრატები,27,,,75,,გიორგი,გოგილაშვილი,გიორგი გოგილაშვილი,თავისუფალი დემოკრატები,,party_lists_2016_georgia_unified.xlsx
parl_2016,__main__,pr,free_democrats,ირაკლი ალასანია - თავისუფალი დემოკრატები,27,,,76,,გოჩა,მინაშვილი,გოჩა მინაშვილი,თავისუფალი დემოკრატები,,party_lists_2016_georgia_unified.xlsx
parl_2016,__main__,pr,free_democrats,ირაკლი ალასანია - თავისუფალი დემოკრატები,27,,,77,,თეიმურაზ,ხაბაძე,თეიმურაზ ხაბაძე,თავისუფალი დემოკრატები,,party_lists_2016_georgia_unified.xlsx
parl_2016,__main__,pr,free_democrats,ირაკლი ალასანია - თავისუფალი დემოკრატები,27,,,78,,ინგა,ჩაგანავა,ინგა ჩაგანავა,თავისუფალი დემოკრატები,,party_lists_2016_georgia_unified.xlsx
parl_2016,__main__,pr,free_democrats,ირაკლი ალასანია - თავისუფალი დემოკრატები,27,,,79,,სოფიო,გრძელიშვილი,სოფიო გრძელიშვილი,თავისუფალი დემოკრატები,,party_lists_2016_georgia_unified.xlsx
parl_2016,__main__,pr,free_democrats,ირაკლი ალასანია - თავისუფალი დემოკრატები,27,,,80,,მაია,ცინცაძე,მაია ცინცაძე,თავისუფალი დემოკრატები,,party_lists_2016_georgia_unified.xlsx
parl_2016,__main__,pr,free_democrats,ირაკლი ალასანია - თავისუფალი დემოკრატები,27,,,81,,დიმიტრი,ზაქაიძე,დიმიტრი ზაქაიძე,თავისუფალი დემოკრატები,,party_lists_2016_georgia_unified.xlsx
parl_2016,__main__,pr,free_democrats,ირაკლი ალასანია - თავისუფალი დემოკრატები,27,,,82,,ოთარ,კვირიკაშვილი,ოთარ კვირიკაშვილი,თავისუფალი დემოკრატები,,party_lists_2016_georgia_unified.xlsx
parl_2016,__main__,pr,free_democrats,ირაკლი ალასანია - თავისუფალი დემოკრატები,27,,,83,,თენგიზი,ჩაკვეტაძე,თენგიზი ჩაკვეტაძე,თავისუფალი დემოკრატები,,party_lists_2016_georgia_unified.xlsx
parl_2016,__main__,pr,free_democrats,ირაკლი ალასანია - თავისუფალი დემოკრატები,27,,,84,,ბექა,სებისკვერაძე,ბექა სებისკვერაძე,თავისუფალი დემოკრატები,,party_lists_2016_georgia_unified.xlsx
parl_2016,__main__,pr,free_democrats,ირაკლი ალასანია - თავისუფალი დემოკრატები,27,,,85,,ლელა,ჯოხაძე,ლელა ჯოხაძე,თავისუფალი დემოკრატები,,party_lists_2016_georgia_unified.xlsx
parl_2016,__main__,pr,free_democrats,ირაკლი ალასანია - თავისუფალი დემოკრატები,27,,,86,,რამაზ,ტყებუჩავა,რამაზ ტყებუჩავა,თავისუფალი დემოკრატები,,party_lists_2016_georgia_unified.xlsx
parl_2016,__main__,pr,free_democrats,ირაკლი ალასანია - თავისუფალი დემოკრატები,27,,,87,,ლალი,სულაბერიძე,ლალი სულაბერიძე,თავისუფალი დემოკრატები,,party_lists_2016_georgia_unified.xlsx
parl_2016,__main__,pr,free_democrats,ირაკლი ალასანია - თავისუფალი დემოკრატები,27,,,88,,ვაჟა,ბექაური,ვაჟა ბექაური,თავისუფალი დემოკრატები,,party_lists_2016_georgia_unified.xlsx
parl_2016,__main__,pr,free_democrats,ირაკლი ალასანია - თავისუფალი დემოკრატები,27,,,89,,გოჩა,ქიზიყურაშვილი,გოჩა ქიზიყურაშვილი,თავისუფალი დემოკრატები,,party_lists_2016_georgia_unified.xlsx
parl_2016,__main__,pr,free_democrats,ირაკლი ალასანია - თავისუფალი დემოკრატები,27,,,90,,ია,ქანთარია,ია ქანთარია,თავისუფალი დემოკრატები,,party_lists_2016_georgia_unified.xlsx
parl_2016,__main__,pr,free_democrats,ირაკლი ალასანია - თავისუფალი დემოკრატები,27,,,91,,გივი,რევაზიშვილი,გივი რევაზიშვილი,თავისუფალი დემოკრატები,,party_lists_2016_georgia_unified.xlsx
parl_2016,__main__,pr,free_democrats,ირაკლი ალასანია - თავისუფალი დემოკრატები,27,,,92,,ლევან,ჯამალაშვილი,ლევან ჯამალაშვილი,თავისუფალი დემოკრატები,,party_lists_2016_georgia_unified.xlsx
parl_2016,__main__,pr,free_democrats,ირაკლი ალასანია - თავისუფალი დემოკრატები,27,,,93,,პაატა,ქათამაძე,პაატა ქათამაძე,თავისუფალი დემოკრატები,,party_lists_2016_georgia_unified.xlsx
parl_2016,__main__,pr,free_democrats,ირაკლი ალასანია - თავისუფალი დემოკრატები,27,,,94,,ლაშა,ადეიშვილი,ლაშა ადეიშვილი,თავისუფალი დემოკრატები,,party_lists_2016_georgia_unified.xlsx
parl_2016,__main__,pr,free_democrats,ირაკლი ალასანია - თავისუფალი დემოკრატები,27,,,95,,სოფიო,ჯოჯუა,სოფიო ჯოჯუა,თავისუფალი დემოკრატები,,party_lists_2016_georgia_unified.xlsx
parl_2016,__main__,pr,free_democrats,ირაკლი ალასანია - თავისუფალი დემოკრატები,27,,,96,,სოფია,კვარაცხელია,სოფია კვარაცხელია,თავისუფალი დემოკრატები,,party_lists_2016_georgia_unified.xlsx
parl_2016,__main__,pr,free_democrats,ირაკლი ალასანია - თავისუფალი დემოკრატები,27,,,97,,თეიმურაზ,გაფრინდაშვილი,თეიმურაზ გაფრინდაშვილი,თავისუფალი დემოკრატები,,party_lists_2016_georgia_unified.xlsx
parl_2016,__main__,pr,free_democrats,ირაკლი ალასანია - თავისუფალი დემოკრატები,27,,,98,,გაბრიელ,ღიბრაძე,გაბრიელ ღიბრაძე,თავისუფალი დემოკრატები,,party_lists_2016_georgia_unified.xlsx
parl_2016,__main__,pr,free_democrats,ირაკლი ალასანია - თავისუფალი დემოკრატები,27,,,99,,თამაზი,მთვარელიძე,თამაზი მთვარელიძე,თავისუფალი დემოკრატები,,party_lists_2016_georgia_unified.xlsx
parl_2016,__main__,pr,free_democrats,ირაკლი ალასანია - თავისუფალი დემოკრატები,27,,,100,,შორენა,შაიშმელაშვილი,შორენა შაიშმელაშვილი,თავისუფალი დემოკრატები,,party_lists_2016_georgia_unified.xlsx
parl_2016,__main__,pr,free_democrats,ირაკლი ალასანია - თავისუფალი დემოკრატები,27,,,101,,სანდრო,კარტოზია,სანდრო კარტოზია,თავისუფალი დემოკრატები,,party_lists_2016_georgia_unified.xlsx
parl_2016,__main__,pr,free_democrats,ირაკლი ალასანია - თავისუფალი დემოკრატები,27,,,102,,არჩილი,სოფრომაძე,არჩილი სოფრომაძე,თავისუფალი დემოკრატები,,party_lists_2016_georgia_unified.xlsx
parl_2016,__main__,pr,free_democrats,ირაკლი ალასანია - თავისუფალი დემოკრატები,27,,,103,,ლალი,ასლანიშვილი,ლალი ასლანიშვილი,თავისუფალი დემოკრატები,,party_lists_2016_georgia_unified.xlsx
parl_2016,__main__,pr,free_democrats,ირაკლი ალასანია - თავისუფალი დემოკრატები,27,,,104,,სოფიო,ბეროშვილი,სოფიო ბეროშვილი,თავისუფალი დემოკრატები,,party_lists_2016_georgia_unified.xlsx
parl_2016,__main__,pr,free_democrats,ირაკლი ალასანია - თავისუფალი დემოკრატები,27,,,105,,გია,დემირჩიევი,გია დემირჩიევი,თავისუფალი დემოკრატები,,party_lists_2016_georgia_unified.xlsx
parl_2016,__main__,pr,free_democrats,ირაკლი ალასანია - თავისუფალი დემოკრატები,27,,,106,,ბაბუში,ყუფუნია,ბაბუში ყუფუნია,თავისუფალი დემოკრატები,,party_lists_2016_georgia_unified.xlsx
parl_2016,__main__,pr,free_democrats,ირაკლი ალასანია - თავისუფალი დემოკრატები,27,,,107,,რამაზ,ბერიაშვილი,რამაზ ბერიაშვილი,თავისუფალი დემოკრატები,,party_lists_2016_georgia_unified.xlsx
parl_2016,__main__,pr,free_democrats,ირაკლი ალასანია - თავისუფალი დემოკრატები,27,,,108,,თამაზ,მამუჩიშვილი,თამაზ მამუჩიშვილი,თავისუფალი დემოკრატები,,party_lists_2016_georgia_unified.xlsx
parl_2016,__main__,pr,free_democrats,ირაკლი ალასანია - თავისუფალი დემოკრატები,27,,,109,,გიორგი,შარმაიძე,გიორგი შარმაიძე,თავისუფალი დემოკრატები,,party_lists_2016_georgia_unified.xlsx
parl_2016,__main__,pr,free_democrats,ირაკლი ალასანია - თავისუფალი დემოკრატები,27,,,110,,ანი,მძევაშვილი,ანი მძევაშვილი,თავისუფალი დემოკრატები,,party_lists_2016_georgia_unified.xlsx
parl_2016,__main__,pr,free_democrats,ირაკლი ალასანია - თავისუფალი დემოკრატები,27,,,111,,ზაზა,ბერძენიშვილი,ზაზა ბერძენიშვილი,თავისუფალი დემოკრატები,,party_lists_2016_georgia_unified.xlsx
parl_2016,__main__,pr,free_democrats,ირაკლი ალასანია - თავისუფალი დემოკრატები,27,,,112,,ჯუმბერ,მიქაუტაძე,ჯუმბერ მიქაუტაძე,თავისუფალი დემოკრატები,,party_lists_2016_georgia_unified.xlsx
parl_2016,__main__,pr,free_democrats,ირაკლი ალასანია - თავისუფალი დემოკრატები,27,,,113,,ნინო,გუგუტიშვილი,ნინო გუგუტიშვილი,თავისუფალი დემოკრატები,,party_lists_2016_georgia_unified.xlsx
parl_2016,__main__,pr,free_democrats,ირაკლი ალასანია - თავისუფალი დემოკრატები,27,,,114,,ნინო,ვაჩნაძე,ნინო ვაჩნაძე,თავისუფალი დემოკრატები,,party_lists_2016_georgia_unified.xlsx
parl_2016,__main__,pr,free_democrats,ირაკლი ალასანია - თავისუფალი დემოკრატები,27,,,115,,ლაშა,ფარცვანია,ლაშა ფარცვანია,თავისუფალი დემოკრატები,,party_lists_2016_georgia_unified.xlsx
parl_2016,__main__,pr,free_democrats,ირაკლი ალასანია - თავისუფალი დემოკრატები,27,,,116,,ნუგზარ,სარია,ნუგზარ სარია,თავისუფალი დემოკრატები,,party_lists_2016_georgia_unified.xlsx
parl_2016,__main__,pr,free_democrats,ირაკლი ალასანია - თავისუფალი დემოკრატები,27,,,117,,ვოვა,კაპანაძე,ვოვა კაპანაძე,თავისუფალი დემოკრატები,,party_lists_2016_georgia_unified.xlsx
parl_2016,__main__,pr,free_democrats,ირაკლი ალასანია - თავისუფალი დემოკრატები,27,,,118,,გიორგი,მაისურაძე,გიორგი მაისურაძე,თავისუფალი დემოკრატები,,party_lists_2016_georgia_unified.xlsx
parl_2016,__main__,pr,free_democrats,ირაკლი ალასანია - თავისუფალი დემოკრატები,27,,,119,,მაია,გურიელი,მაია გურიელი,ცინცაძე თავისუფალი დემოკრატები,,party_lists_2016_georgia_unified.xlsx
parl_2016,__main__,pr,free_democrats,ირაკლი ალასანია - თავისუფალი დემოკრატები,27,,,120,,მიხეილ,გულდედავა,მიხეილ გულდედავა,თავისუფალი დემოკრატები,,party_lists_2016_georgia_unified.xlsx
parl_2016,__main__,pr,free_democrats,ირაკლი ალასანია - თავისუფალი დემოკრატები,27,,,121,,ოლეგ,ფურელიანი,ოლეგ ფურელიანი,თავისუფალი დემოკრატები,,party_lists_2016_georgia_unified.xlsx
parl_2016,__main__,pr,free_democrats,ირაკლი ალასანია - თავისუფალი დემოკრატები,27,,,122,,ირმა,ირემაშვილი,ირმა ირემაშვილი,თავისუფალი დემოკრატები,,party_lists_2016_georgia_unified.xlsx
parl_2016,__main__,pr,free_democrats,ირაკლი ალასანია - თავისუფალი დემოკრატები,27,,,123,,რატი,ჟორჟოლიანი,რატი ჟორჟოლიანი,თავისუფალი დემოკრატები,,party_lists_2016_georgia_unified.xlsx
parl_2016,__main__,pr,free_democrats,ირაკლი ალასანია - თავისუფალი დემოკრატები,27,,,124,,ანნა,კეკენაძე,ანნა კეკენაძე,თავისუფალი დემოკრატები,,party_lists_2016_georgia_unified.xlsx
parl_2016,__main__,pr,free_democrats,ირაკლი ალასანია - თავისუფალი დემოკრატები,27,,,125,,ლაშა,რევაზიშვილი,ლაშა რევაზიშვილი,თავისუფალი დემოკრატები,,party_lists_2016_georgia_unified.xlsx
parl_2016,__main__,pr,free_democrats,ირაკლი ალასანია - თავისუფალი დემოკრატები,27,,,126,,ნოდარ,ბრეგვაძე,ნოდარ ბრეგვაძე,თავისუფალი დემოკრატები,,party_lists_2016_georgia_unified.xlsx
parl_2016,__main__,pr,free_democrats,ირაკლი ალასანია - თავისუფალი დემოკრატები,27,,,127,,ელგუჯა,მეგრელიშვილი,ელგუჯა მეგრელიშვილი,თავისუფალი დემოკრატები,,party_lists_2016_georgia_unified.xlsx
parl_2016,__main__,pr,free_democrats,ირაკლი ალასანია - თავისუფალი დემოკრატები,27,,,128,,თემო,სახურია,თემო სახურია,თავისუფალი დემოკრატები,,party_lists_2016_georgia_unified.xlsx
parl_2016,__main__,pr,free_democrats,ირაკლი ალასანია - თავისუფალი დემოკრატები,27,,,129,,ნოდარ,ბრეგვაძე,ნოდარ ბრეგვაძე,თავისუფალი დემოკრატები,,party_lists_2016_georgia_unified.xlsx
parl_2016,__main__,pr,free_democrats,ირაკლი ალასანია - თავისუფალი დემოკრატები,27,,,130,,ნინო,კვარაცხელია,ნინო კვარაცხელია,თავისუფალი დემოკრატები,,party_lists_2016_georgia_unified.xlsx
parl_2016,__main__,pr,free_democrats,ირაკლი ალასანია - თავისუფალი დემოკრატები,27,,,131,,თემური,დემეტრაშვილი,თემური დემეტრაშვილი,თავისუფალი დემოკრატები,,party_lists_2016_georgia_unified.xlsx
parl_2016,__main__,pr,free_democrats,ირაკლი ალასანია - თავისუფალი დემოკრატები,27,,,132,,აფთანდილ,მუსაევი,აფთანდილ მუსაევი,თავისუფალი დემოკრატები,,party_lists_2016_georgia_unified.xlsx
parl_2016,__main__,pr,free_democrats,ირაკლი ალასანია - თავისუფალი დემოკრატები,27,,,133,,ნოდარ,ვანაძე,ნოდარ ვანაძე,თავისუფალი დემოკრატები,,party_lists_2016_georgia_unified.xlsx
parl_2016,__main__,pr,free_democrats,ირაკლი ალასანია - თავისუფალი დემოკრატები,27,,,134,,დავითი,ჭუნიაშვილი,დავითი ჭუნიაშვილი,თავისუფალი დემოკრატები,,party_lists_2016_georgia_unified.xlsx
parl_2016,__main__,pr,free_democrats,ირაკლი ალასანია - თავისუფალი დემოკრატები,27,,,135,,კახაბერ,თოფურია,კახაბერ თოფურია,თავისუფალი დემოკრატები,,party_lists_2016_georgia_unified.xlsx
parl_2016,__main__,pr,free_democrats,ირაკლი ალასანია - თავისუფალი დემოკრატები,27,,,136,,ქეთევან,ლომსაძე,ქეთევან ლომსაძე,თავისუფალი დემოკრატები,,party_lists_2016_georgia_unified.xlsx
parl_2016,__main__,pr,free_democrats,ირაკლი ალასანია - თავისუფალი დემოკრატები,27,,,137,,ხატია,ყურაშვილი,ხატია ყურაშვილი,თავისუფალი დემოკრატები,,party_lists_2016_georgia_unified.xlsx
parl_2016,__main__,pr,free_democrats,ირაკლი ალასანია - თავისუფალი დემოკრატები,27,,,138,,გიორგი,ონიანი,გიორგი ონიანი,თავისუფალი დემოკრატები,,party_lists_2016_georgia_unified.xlsx
parl_2016,__main__,pr,free_democrats,ირაკლი ალასანია - თავისუფალი დემოკრატები,27,,,139,,გოდერძი,ჩარკვიანი,გოდერძი ჩარკვიანი,თავისუფალი დემოკრატები,,party_lists_2016_georgia_unified.xlsx
parl_2016,__main__,pr,free_democrats,ირაკლი ალასანია - თავისუფალი დემოკრატები,27,,,140,,ეკა,ხარატიშვილი,ეკა ხარატიშვილი,თავისუფალი დემოკრატები,,party_lists_2016_georgia_unified.xlsx
parl_2016,__main__,pr,free_democrats,ირაკლი ალასანია - თავისუფალი დემოკრატები,27,,,141,,ოთარ,ხასაია,ოთარ ხასაია,თავისუფალი დემოკრატები,,party_lists_2016_georgia_unified.xlsx
parl_2016,__main__,pr,free_democrats,ირაკლი ალასანია - თავისუფალი დემოკრატები,27,,,142,,ნუკრი,ღუბიანური,ნუკრი ღუბიანური,თავისუფალი დემოკრატები,,party_lists_2016_georgia_unified.xlsx
parl_2016,__main__,pr,free_democrats,ირაკლი ალასანია - თავისუფალი დემოკრატები,27,,,143,,ვაჟა,ვაჩნაძე,ვაჟა ვაჩნაძე,თავისუფალი დემოკრატები,,party_lists_2016_georgia_unified.xlsx
parl_2016,__main__,pr,free_democrats,ირაკლი ალასანია - თავისუფალი დემოკრატები,27,,,144,,დავით,მაჭარაძე,დავით მაჭარაძე,თავისუფალი დემოკრატები,,party_lists_2016_georgia_unified.xlsx
parl_2016,__main__,pr,free_democrats,ირაკლი ალასანია - თავისუფალი დემოკრატები,27,,,145,,ედიშერ,პაიჭაძე,ედიშერ პაიჭაძე,თავისუფალი დემოკრატები,,party_lists_2016_georgia_unified.xlsx
parl_2016,__main__,pr,free_democrats,ირაკლი ალასანია - თავისუფალი დემოკრატები,27,,,146,,ირაკლი,ჩხიკვიშვილი,ირაკლი ჩხიკვიშვილი,თავისუფალი დემოკრატები,,party_lists_2016_georgia_unified.xlsx
parl_2016,__main__,pr,free_democrats,ირაკლი ალასანია - თავისუფალი დემოკრატები,27,,,147,,სალომე,აბრამიშვილი,სალომე აბრამიშვილი,თავისუფალი დემოკრატები,,party_lists_2016_georgia_unified.xlsx
parl_2016,__main__,pr,free_democrats,ირაკლი ალასანია - თავისუფალი დემოკრატები,27,,,148,,ნელი,მარღიშვილი,ნელი მარღიშვილი,თავისუფალი დემოკრატები,,party_lists_2016_georgia_unified.xlsx
parl_2016,__main__,pr,free_democrats,ირაკლი ალასანია - თავისუფალი დემოკრატები,27,,,149,,ლალი,მარტიაშვილი,ლალი მარტიაშვილი,თავისუფალი დემოკრატები,,party_lists_2016_georgia_unified.xlsx
parl_2016,__main__,pr,free_democrats,ირაკლი ალასანია - თავისუფალი დემოკრატები,27,,,150,,თენგიზ,ბარკალაია,თენგიზ ბარკალაია,თავისუფალი დემოკრატები,,party_lists_2016_georgia_unified.xlsx
parl_2016,__main__,pr,free_democrats,ირაკლი ალასანია - თავისუფალი დემოკრატები,27,,,151,,გელა,ხმალაძე,გელა ხმალაძე,თავისუფალი დემოკრატები,,party_lists_2016_georgia_unified.xlsx
parl_2016,__main__,pr,free_democrats,ირაკლი ალასანია - თავისუფალი დემოკრატები,27,,,152,,ნათია,მინაძე,ნათია მინაძე,თავისუფალი დემოკრატები,,party_lists_2016_georgia_unified.xlsx
parl_2016,__main__,pr,free_democrats,ირაკლი ალასანია - თავისუფალი დემოკრატები,27,,,153,,მერაბ,გუნავა,მერაბ გუნავა,თავისუფალი დემოკრატები,,party_lists_2016_georgia_unified.xlsx
parl_2016,__main__,pr,free_democrats,ირაკლი ალასანია - თავისუფალი დემოკრატები,27,,,154,,თენგიზ,ტვილდიანი,თენგიზ ტვილდიანი,თავისუფალი დემოკრატები,,party_lists_2016_georgia_unified.xlsx
parl_2016,__main__,pr,free_democrats,ირაკლი ალასანია - თავისუფალი დემოკრატები,27,,,155,,ტარიელ,არაბული,ტარიელ არაბული,თავისუფალი დემოკრატები,,party_lists_2016_georgia_unified.xlsx
parl_2016,__main__,pr,free_democrats,ირაკლი ალასანია - თავისუფალი დემოკრატები,27,,,156,,დავითი,უშარიძე,დავითი უშარიძე,თავისუფალი დემოკრატები,,party_lists_2016_georgia_unified.xlsx
parl_2016,__main__,pr,free_democrats,ირაკლი ალასანია - თავისუფალი დემოკრატები,27,,,157,,თეა,დოლიძე,თეა დოლიძე,თავისუფალი დემოკრატები,,party_lists_2016_georgia_unified.xlsx
parl_2016,__main__,pr,free_democrats,ირაკლი ალასანია - თავისუფალი დემოკრატები,27,,,158,,ერეკლე,უღრელიძე,ერეკლე უღრელიძე,თავისუფალი დემოკრატები,,party_lists_2016_georgia_unified.xlsx
parl_2016,__main__,pr,free_democrats,ირაკლი ალასანია - თავისუფალი დემოკრატები,27,,,159,,ქეთევან,ქაჯაია,ქეთევან ქაჯაია,თავისუფალი დემოკრატები,,party_lists_2016_georgia_unified.xlsx
parl_2016,__main__,pr,free_democrats,ირაკლი ალასანია - თავისუფალი დემოკრატები,27,,,160,,ნუგზარი,ღონიაშვილი,ნუგზარი ღონიაშვილი,თავისუფალი დემოკრატები,,party_lists_2016_georgia_unified.xlsx
parl_2016,__main__,pr,free_democrats,ირაკლი ალასანია - თავისუფალი დემოკრატები,27,,,161,,დავითი,ლაღიძე,დავითი ლაღიძე,თავისუფალი დემოკრატები,,party_lists_2016_georgia_unified.xlsx
parl_2016,__main__,pr,free_democrats,ირაკლი ალასანია - თავისუფალი დემოკრატები,27,,,162,,შოთა,ხუციშვილი,შოთა ხუციშვილი,თავისუფალი დემოკრატები,,party_lists_2016_georgia_unified.xlsx
parl_2016,__main__,pr,free_democrats,ირაკლი ალასანია - თავისუფალი დემოკრატები,27,,,163,,დავით,ყაჭეიშვილი,დავით ყაჭეიშვილი,თავისუფალი დემოკრატები,,party_lists_2016_georgia_unified.xlsx
parl_2016,__main__,pr,free_democrats,ირაკლი ალასანია - თავისუფალი დემოკრატები,27,,,164,,ეკატერინე,თოდრაძე,ეკატერინე თოდრაძე,თავისუფალი დემოკრატები,,party_lists_2016_georgia_unified.xlsx
parl_2016,__main__,pr,free_democrats,ირაკლი ალასანია - თავისუფალი დემოკრატები,27,,,165,,თამარ,ბაგიშვილი,თამარ ბაგიშვილი,თავისუფალი დემოკრატები,,party_lists_2016_georgia_unified.xlsx
parl_2016,__main__,pr,free_democrats,ირაკლი ალასანია - თავისუფალი დემოკრატები,27,,,166,,გულიკო,პაიჭაძე,გულიკო პაიჭაძე,თავისუფალი დემოკრატები,,party_lists_2016_georgia_unified.xlsx
parl_2016,__main__,pr,free_democrats,ირაკლი ალასანია - თავისუფალი დემოკრატები,27,,,167,,ივლონ,შამუგია,ივლონ შამუგია,თავისუფალი დემოკრატები,,party_lists_2016_georgia_unified.xlsx
parl_2016,__main__,pr,free_democrats,ირაკლი ალასანია - თავისუფალი დემოკრატები,27,,,168,,ვლადიმერ,ხუნწელია,ვლადიმერ ხუნწელია,თავისუფალი დემოკრატები,,party_lists_2016_georgia_unified.xlsx
parl_2016,__main__,pr,free_democrats,ირაკლი ალასანია - თავისუფალი დემოკრატები,27,,,169,,გოჩა,ჩერქეზიშვილი,გოჩა ჩერქეზიშვილი,თავისუფალი დემოკრატები,,party_lists_2016_georgia_unified.xlsx
parl_2016,__main__,pr,free_democrats,ირაკლი ალასანია - თავისუფალი დემოკრატები,27,,,170,,გოჩა,ფიფია,გოჩა ფიფია,თავისუფალი დემოკრატები,,party_lists_2016_georgia_unified.xlsx
parl_2016,__main__,pr,free_democrats,ირაკლი ალასანია - თავისუფალი დემოკრატები,27,,,171,,გოჩა,ქიზიყურაშვილი,გოჩა ქიზიყურაშვილი,თავისუფალი დემოკრატები,,party_lists_2016_georgia_unified.xlsx
parl_2016,__main__,pr,free_democrats,ირაკლი ალასანია - თავისუფალი დემოკრატები,27,,,172,,ნუნუ,შატავიძე,ნუნუ შატავიძე,თავისუფალი დემოკრატები,,party_lists_2016_georgia_unified.xlsx
parl_2016,__main__,pr,free_democrats,ირაკლი ალასანია - თავისუფალი დემოკრატები,27,,,173,,ისაკო,ნარინდოშვილი,ისაკო ნარინდოშვილი,თავისუფალი დემოკრატები,,party_lists_2016_georgia_unified.xlsx
parl_2016,__main__,pr,free_democrats,ირაკლი ალასანია - თავისუფალი დემოკრატები,27,,,174,,ელზა,ცაავა,ელზა ცაავა,თავისუფალი დემოკრატები,,party_lists_2016_georgia_unified.xlsx
parl_2016,__main__,pr,free_democrats,ირაკლი ალასანია - თავისუფალი დემოკრატები,27,,,175,,თამარი,პაპიძე,თამარი პაპიძე,თავისუფალი დემოკრატები,,party_lists_2016_georgia_unified.xlsx
parl_2016,__main__,pr,free_democrats,ირაკლი ალასანია - თავისუფალი დემოკრატები,27,,,176,,მანანა,ჯაფარიძე,მანანა ჯაფარიძე,თავისუფალი დემოკრატები,,party_lists_2016_georgia_unified.xlsx
parl_2016,__main__,pr,free_democrats,ირაკლი ალასანია - თავისუფალი დემოკრატები,27,,,177,,მელიტა,ლანჩავა,მელიტა ლანჩავა,თავისუფალი დემოკრატები,,party_lists_2016_georgia_unified.xlsx
parl_2016,__main__,pr,free_democrats,ირაკლი ალასანია - თავისუფალი დემოკრატები,27,,,178,,დავით,ხარატიშვილი,დავით ხარატიშვილი,თავისუფალი დემოკრატები,,party_lists_2016_georgia_unified.xlsx
parl_2016,__main__,pr,free_democrats,ირაკლი ალასანია - თავისუფალი დემოკრატები,27,,,179,,გიორგი,ჩხაიძე,გიორგი ჩხაიძე,თავისუფალი დემოკრატები,,party_lists_2016_georgia_unified.xlsx
parl_2016,__main__,pr,free_democrats,ირაკლი ალასანია - თავისუფალი დემოკრატები,27,,,180,,თამარ,გოგიაშვილი,თამარ გოგიაშვილი,თავისუფალი დემოკრატები,,party_lists_2016_georgia_unified.xlsx
parl_2016,__main__,pr,free_democrats,ირაკლი ალასანია - თავისუფალი დემოკრატები,27,,,181,,თეიმურაზ,იბრაგიმოვი,თეიმურაზ იბრაგიმოვი,თავისუფალი დემოკრატები,,party_lists_2016_georgia_unified.xlsx
parl_2016,__main__,pr,free_democrats,ირაკლი ალასანია - თავისუფალი დემოკრატები,27,,,182,,ნიკოლოზ,გეგეშიძე,ნიკოლოზ გეგეშიძე,თავისუფალი დემოკრატები,,party_lists_2016_georgia_unified.xlsx
parl_2016,__main__,pr,free_democrats,ირაკლი ალასანია - თავისუფალი დემოკრატები,27,,,183,,გიორგი,ავაზაშვილი,გიორგი ავაზაშვილი,თავისუფალი დემოკრატები,,party_lists_2016_georgia_unified.xlsx
parl_2016,__main__,pr,free_democrats,ირაკლი ალასანია - თავისუფალი დემოკრატები,27,,,184,,ლალი,ხარებავა,ლალი ხარებავა,თავისუფალი დემოკრატები,,party_lists_2016_georgia_unified.xlsx
parl_2016,__main__,pr,free_democrats,ირაკლი ალასანია - თავისუფალი დემოკრატები,27,,,185,,მარიამ,რაზმაძე,მარიამ რაზმაძე,თავისუფალი დემოკრატები,,party_lists_2016_georgia_unified.xlsx
parl_2016,__main__,pr,free_democrats,ირაკლი ალასანია - თავისუფალი დემოკრატები,27,,,186,,ვენერა,ქერენაშვილი,ვენერა ქერენაშვილი,თავისუფალი დემოკრატები,,party_lists_2016_georgia_unified.xlsx
parl_2016,__main__,pr,free_democrats,ირაკლი ალასანია - თავისუფალი დემოკრატები,27,,,187,,ალექსანდრე,ლორდელი,ალექსანდრე ლორდელი,თავისუფალი დემოკრატები,,party_lists_2016_georgia_unified.xlsx
parl_2016,__main__,pr,free_democrats,ირაკლი ალასანია - თავისუფალი დემოკრატები,27,,,188,,ბესიკ,მარგველაშვილი,ბესიკ მარგველაშვილი,თავისუფალი დემოკრატები,,party_lists_2016_georgia_unified.xlsx
parl_2016,__main__,pr,free_democrats,ირაკლი ალასანია - თავისუფალი დემოკრატები,27,,,189,,ზურაბ,ჩალაძე,ზურაბ ჩალაძე,თავისუფალი დემოკრატები,,party_lists_2016_georgia_unified.xlsx
parl_2016,__main__,pr,free_democrats,ირაკლი ალასანია - თავისუფალი დემოკრატები,27,,,190,,მანანა,ამაშუკელი,მანანა ამაშუკელი,თავისუფალი დემოკრატები,,party_lists_2016_georgia_unified.xlsx
parl_2016,__main__,pr,free_democrats,ირაკლი ალასანია - თავისუფალი დემოკრატები,27,,,191,,არჩილ,მიქაუტაძე,არჩილ მიქაუტაძე,თავისუფალი დემოკრატები,,party_lists_2016_georgia_unified.xlsx
parl_2016,__main__,pr,free_democrats,ირაკლი ალასანია - თავისუფალი დემოკრატები,27,,,192,,ლია,ჩიხრაძე,ლია ჩიხრაძე,თავისუფალი დემოკრატები,,party_lists_2016_georgia_unified.xlsx
parl_2016,__main__,pr,free_democrats,ირაკლი ალასანია - თავისუფალი დემოკრატები,27,,,193,,ალექსანდრე,ლაფერაძე,ალექსანდრე ლაფერაძე,თავისუფალი დემოკრატები,,party_lists_2016_georgia_unified.xlsx
parl_2016,__main__,pr,free_democrats,ირაკლი ალასანია - თავისუფალი დემოკრატები,27,,,194,,მერაბ,ბერიძე,მერაბ ბერიძე,თავისუფალი დემოკრატები,,party_lists_2016_georgia_unified.xlsx
parl_2016,__main__,pr,free_democrats,ირაკლი ალასანია - თავისუფალი დემოკრატები,27,,,195,,ირმა,ნუცუბიძე,ირმა ნუცუბიძე,თავისუფალი დემოკრატები,,party_lists_2016_georgia_unified.xlsx
parl_2016,__main__,pr,free_democrats,ირაკლი ალასანია - თავისუფალი დემოკრატები,27,,,196,,თამარ,სუთიაშვილი,თამარ სუთიაშვილი,თავისუფალი დემოკრატები,,party_lists_2016_georgia_unified.xlsx
parl_2016,__main__,pr,free_democrats,ირაკლი ალასანია - თავისუფალი დემოკრატები,27,,,197,,მზია,გულედანი,მზია გულედანი,თავისუფალი დემოკრატები,,party_lists_2016_georgia_unified.xlsx
parl_2016,__main__,pr,free_democrats,ირაკლი ალასანია - თავისუფალი დემოკრატები,27,,,198,,ვალერი,ჩეჩელაშვილი,ვალერი ჩეჩელაშვილი,თავისუფალი დემოკრატები,,party_lists_2016_georgia_unified.xlsx
parl_2016,__main__,pr,free_democrats,ირაკლი ალასანია - თავისუფალი დემოკრატები,27,,,199,,ბენედიქტე,გეგეჭკორი,ბენედიქტე გეგეჭკორი,თავისუფალი დემოკრატები,,party_lists_2016_georgia_unified.xlsx
parl_2016,__main__,pr,free_democrats,ირაკლი ალასანია - თავისუფალი დემოკრატები,27,,,200,,ლევან,სამუშია,ლევან სამუშია,თავისუფალი დემოკრატები,,party_lists_2016_georgia_unified.xlsx
parl_2016,__main__,pr,zviads_way,ზვიადის გზა - უფლის სახელით,28,,,1,,მიხეილ,სალუაშვილი,მიხეილ სალუაშვილი,სამართლიანობის აღდგენის კავშირი ხმა ერისა: უფალია ჩვენი სიმართლე,,party_lists_2016_georgia_unified.xlsx
parl_2016,__main__,pr,zviads_way,ზვიადის გზა - უფლის სახელით,28,,,2,,მზია,ნარიმანიძე,მზია ნარიმანიძე,სამართლიანობის აღდგენის კავშირი ხმა ერისა - უფალია ჩვენი სიმართლე,,party_lists_2016_georgia_unified.xlsx
parl_2016,__main__,pr,zviads_way,ზვიადის გზა - უფლის სახელით,28,,,3,,როინ,ლიპარტელიანი,როინ ლიპარტელიანი,"გაერთიანებული საქართველოს დემოკრატიული პარტია,",,party_lists_2016_georgia_unified.xlsx
parl_2016,__main__,pr,zviads_way,ზვიადის გზა - უფლის სახელით,28,,,4,,ბეჟანი,შერგელაშვილი,ბეჟანი შერგელაშვილი,„სამართლიანობის აღდგენის კავშირი ხმა ერისა: უფალია ჩვენი სიმართლე“;,,party_lists_2016_georgia_unified.xlsx
parl_2016,__main__,pr,zviads_way,ზვიადის გზა - უფლის სახელით,28,,,5,,რომული,ჯაფარიძე,რომული ჯაფარიძე,საქართველოს პროგრესულ რეალისტური პარტია,,party_lists_2016_georgia_unified.xlsx
parl_2016,__main__,pr,zviads_way,ზვიადის გზა - უფლის სახელით,28,,,6,,ვლადიმერ,კობახიძეპარტია,ვლადიმერ კობახიძეპარტია,„ხმა დედის და ხმა ერის“,,party_lists_2016_georgia_unified.xlsx
parl_2016,__main__,pr,zviads_way,ზვიადის გზა - უფლის სახელით,28,,,7,,ლიანა,ზაქარეიშვილი,ლიანა ზაქარეიშვილი,უპარტიო,,party_lists_2016_georgia_unified.xlsx
parl_2016,__main__,pr,zviads_way,ზვიადის გზა - უფლის სახელით,28,,,8,,ნატო,ფავლენიშვილი,ნატო ფავლენიშვილი,სამართლიანობის აღდგენის კავშირი ხმა ერისა - უფალია ჩვენი სიმართლე,,party_lists_2016_georgia_unified.xlsx
parl_2016,__main__,pr,zviads_way,ზვიადის გზა - უფლის სახელით,28,,,9,,იზოლდა,გრიგოლია,იზოლდა გრიგოლია,სამართლიანობის აღდგენის კავშირი ხმა ერისა - უფალია ჩვენი სიმართლე,,party_lists_2016_georgia_unified.xlsx
parl_2016,__main__,pr,zviads_way,ზვიადის გზა - უფლის სახელით,28,,,10,,სოლომონ,ბაიაშვილი,სოლომონ ბაიაშვილი,უპარტიო,,party_lists_2016_georgia_unified.xlsx
parl_2016,__main__,pr,zviads_way,ზვიადის გზა - უფლის სახელით,28,,,11,,სერგი,საჯაიაიბერიულ-კავკასიურიმოძრაობა,სერგი საჯაიაიბერიულ-კავკასიურიმოძრაობა,"""ჭყონდიდელის ეროვნული ლასკარი""",,party_lists_2016_georgia_unified.xlsx
parl_2016,__main__,pr,zviads_way,ზვიადის გზა - უფლის სახელით,28,,,12,,რამაზ,ჩაჩიბაია,რამაზ ჩაჩიბაია,უპარტიო,,party_lists_2016_georgia_unified.xlsx
parl_2016,__main__,pr,zviads_way,ზვიადის გზა - უფლის სახელით,28,,,13,,ეთერი,ჩხეტია,ეთერი ჩხეტია,სამართლიანობის აღდგენის კავშირი ხმა ერისა: უფალია ჩვენი სიმართლე,,party_lists_2016_georgia_unified.xlsx
parl_2016,__main__,pr,zviads_way,ზვიადის გზა - უფლის სახელით,28,,,14,,ზურაბ,ქობალია,ზურაბ ქობალია,უპარტიო,,party_lists_2016_georgia_unified.xlsx
parl_2016,__main__,pr,zviads_way,ზვიადის გზა - უფლის სახელით,28,,,15,,ლევანი,ჩოხელი,ლევანი ჩოხელი,სამართლიანობის აღდგენის კავშირი ხმა ერისა: უფალია ჩვენი სიმართლე,,party_lists_2016_georgia_unified.xlsx
parl_2016,__main__,pr,zviads_way,ზვიადის გზა - უფლის სახელით,28,,,16,,რომან,კობახიძე,რომან კობახიძე,„ხმა დედის და ხმა ერის“,,party_lists_2016_georgia_unified.xlsx
parl_2016,__main__,pr,zviads_way,ზვიადის გზა - უფლის სახელით,28,,,17,,დინა,ჯიქია,დინა ჯიქია,სამართლიანობის აღდგენის კავშირი ხმა ერისა: უფალია ჩვენი სიმართლე,,party_lists_2016_georgia_unified.xlsx
parl_2016,__main__,pr,zviads_way,ზვიადის გზა - უფლის სახელით,28,,,18,,ევგენი,ღვინიაშვილისაერთაშორისოსაზოგადოება,ევგენი ღვინიაშვილისაერთაშორისოსაზოგადოება,„მშვიდობის მედროშე“,,party_lists_2016_georgia_unified.xlsx
parl_2016,__main__,pr,zviads_way,ზვიადის გზა - უფლის სახელით,28,,,19,,დავით,ლურსმანაშვილი,დავით ლურსმანაშვილი,სამართლიანობის აღდგენის კავშირი ხმა ერისა - უფალია ჩვენი სიმართლე,,party_lists_2016_georgia_unified.xlsx
parl_2016,__main__,pr,zviads_way,ზვიადის გზა - უფლის სახელით,28,,,20,,ბეჟან,ნათელაძე,ბეჟან ნათელაძე,გაერთიანებული საქართველოს დემოკრატიული პარტია,,party_lists_2016_georgia_unified.xlsx
parl_2016,__main__,pr,zviads_way,ზვიადის გზა - უფლის სახელით,28,,,21,,ნათელა,გოხელაშვილი,ნათელა გოხელაშვილი,უპარტიო,,party_lists_2016_georgia_unified.xlsx
parl_2016,__main__,pr,zviads_way,ზვიადის გზა - უფლის სახელით,28,,,22,,ჟუჟუნა,დვალი,ჟუჟუნა დვალი,ეროვნული ხსნის პარტია,,party_lists_2016_georgia_unified.xlsx
parl_2016,__main__,pr,zviads_way,ზვიადის გზა - უფლის სახელით,28,,,23,,თინათინ,ბაიაშვილი,თინათინ ბაიაშვილი,უპარტიო,,party_lists_2016_georgia_unified.xlsx
parl_2016,__main__,pr,zviads_way,ზვიადის გზა - უფლის სახელით,28,,,24,,გიორგი,მელქაძე,გიორგი მელქაძე,უპარტიო,,party_lists_2016_georgia_unified.xlsx
parl_2016,__main__,pr,zviads_way,ზვიადის გზა - უფლის სახელით,28,,,25,,ნანა,არუდაშვილია/ო,ნანა არუდაშვილია/ო,„მანდილიონი“,,party_lists_2016_georgia_unified.xlsx
parl_2016,__main__,pr,zviads_way,ზვიადის გზა - უფლის სახელით,28,,,26,,დავით,აბრამაშვილი,დავით აბრამაშვილი,სამართლიანობის აღდგენის კავშირი ხმა ერისა - უფალია ჩვენი სიმართლე,,party_lists_2016_georgia_unified.xlsx
parl_2016,__main__,pr,zviads_way,ზვიადის გზა - უფლის სახელით,28,,,27,,მაია,ლიპარტელიანი,მაია ლიპარტელიანი,გაერთიანებული საქართველოს დემოკრატიული პარტია,,party_lists_2016_georgia_unified.xlsx
parl_2016,__main__,pr,zviads_way,ზვიადის გზა - უფლის სახელით,28,,,28,,ალექსანდრე,თაქთაქიშვილი,ალექსანდრე თაქთაქიშვილი,საქართველოს როიალისტური პარტია,,party_lists_2016_georgia_unified.xlsx
parl_2016,__main__,pr,zviads_way,ზვიადის გზა - უფლის სახელით,28,,,29,,ნადია,სოსებაშვილი,ნადია სოსებაშვილი,სამართლიანობის აღდგენის კავშირი ხმა ერისა: უფალია ჩვენი სიმართლე,,party_lists_2016_georgia_unified.xlsx
parl_2016,__main__,pr,zviads_way,ზვიადის გზა - უფლის სახელით,28,,,30,,ნანა,კოდელაშვილი,ნანა კოდელაშვილი,სამართლიანობის აღდგენის კავშირი ხმა ერისა - უფალია ჩვენი სიმართლე,,party_lists_2016_georgia_unified.xlsx
parl_2016,__main__,pr,zviads_way,ზვიადის გზა - უფლის სახელით,28,,,31,,გობრონი,წერეთელი,გობრონი წერეთელი,უპარტიო,,party_lists_2016_georgia_unified.xlsx
parl_2016,__main__,pr,zviads_way,ზვიადის გზა - უფლის სახელით,28,,,32,,ელდარი,აბრამიშვილი,ელდარი აბრამიშვილი,ეროვნული ხსნის პარტია,,party_lists_2016_georgia_unified.xlsx
parl_2016,__main__,pr,zviads_way,ზვიადის გზა - უფლის სახელით,28,,,33,,დავით,კუპრაძე,დავით კუპრაძე,უპარტიო,,party_lists_2016_georgia_unified.xlsx
parl_2016,__main__,pr,zviads_way,ზვიადის გზა - უფლის სახელით,28,,,34,,დავით,სათირიშვილი,დავით სათირიშვილი,სამართლიანობის აღდგენის კავშირი ხმა ერისა: უფალია ჩვენი სიმართლე,,party_lists_2016_georgia_unified.xlsx
parl_2016,__main__,pr,zviads_way,ზვიადის გზა - უფლის სახელით,28,,,35,,ბაგრატი,მეხრიშვილი,ბაგრატი მეხრიშვილი,სამართლიანობის აღდგენის კავშირი ხმა ერისა - უფალია ჩვენი სიმართლე,,party_lists_2016_georgia_unified.xlsx
parl_2016,__main__,pr,zviads_way,ზვიადის გზა - უფლის სახელით,28,,,36,,გულიკო,ფარჯიანი,გულიკო ფარჯიანი,გაერთიანებული საქართველოს დემოკრატიული პარტია,,party_lists_2016_georgia_unified.xlsx
parl_2016,__main__,pr,zviads_way,ზვიადის გზა - უფლის სახელით,28,,,37,,თამაზ,მანაგაძე,თამაზ მანაგაძე,უპარტიო,,party_lists_2016_georgia_unified.xlsx
parl_2016,__main__,pr,zviads_way,ზვიადის გზა - უფლის სახელით,28,,,38,,ლენა,მეფარიძე,ლენა მეფარიძე,სამართლიანობის აღდგენის კავშირი ხმა ერისა: უფალია ჩვენი სიმართლე,,party_lists_2016_georgia_unified.xlsx
parl_2016,__main__,pr,zviads_way,ზვიადის გზა - უფლის სახელით,28,,,39,,ნარგიზა,ნებიერიძე,ნარგიზა ნებიერიძე,ეროვნული ხსნის პარტია,,party_lists_2016_georgia_unified.xlsx
parl_2016,__main__,pr,zviads_way,ზვიადის გზა - უფლის სახელით,28,,,40,,რევაზი,ფახურიძე,რევაზი ფახურიძე,გაერთიანებული საქართველოს დემოკრატიული პარტია,,party_lists_2016_georgia_unified.xlsx
parl_2016,__main__,pr,zviads_way,ზვიადის გზა - უფლის სახელით,28,,,41,,გოჩა,ბიჭაშვილი,გოჩა ბიჭაშვილი,სამართლიანობის აღდგენის კავშირი ხმა ერისა - უფალია ჩვენი სიმართლე;,,party_lists_2016_georgia_unified.xlsx
parl_2016,__main__,pr,zviads_way,ზვიადის გზა - უფლის სახელით,28,,,42,,ლეილა,კუცია,ლეილა კუცია,სამართლიანობის აღდგენის კავშირი ხმა ერისა - უფალია ჩვენი სიმართლე,,party_lists_2016_georgia_unified.xlsx
parl_2016,__main__,pr,zviads_way,ზვიადის გზა - უფლის სახელით,28,,,43,,თემურ,ნიკურაძე,თემურ ნიკურაძე,"გაერთიანებული საქართველოს დემოკრატიული პარტია,",,party_lists_2016_georgia_unified.xlsx
parl_2016,__main__,pr,zviads_way,ზვიადის გზა - უფლის სახელით,28,,,44,,რომანოზი,ბეჟიტაშვილი,რომანოზი ბეჟიტაშვილი,ეროვნული ხსნის პარტია,,party_lists_2016_georgia_unified.xlsx
parl_2016,__main__,pr,zviads_way,ზვიადის გზა - უფლის სახელით,28,,,45,,მაკა,აბუთიძე,მაკა აბუთიძე,უპარტიო,,party_lists_2016_georgia_unified.xlsx
parl_2016,__main__,pr,zviads_way,ზვიადის გზა - უფლის სახელით,28,,,46,,ნათელა,მელქაძე,ნათელა მელქაძე,სამართლიანობის აღდგენის კავშირი ხმა ერისა: უფალია,,party_lists_2016_georgia_unified.xlsx
parl_2016,__main__,pr,zviads_way,ზვიადის გზა - უფლის სახელით,28,,,47,,ნელი,გამგებელი,ნელი გამგებელი,სამართლიანობის აღდგენის კავშირი ხმა ერისა - უფალია ჩვენი სიმართლე,,party_lists_2016_georgia_unified.xlsx
parl_2016,__main__,pr,zviads_way,ზვიადის გზა - უფლის სახელით,28,,,48,,რიგოლეტა,კვიციანი,რიგოლეტა კვიციანი,გაერთიანებული საქართველოს დემოკრატიული პარტია,,party_lists_2016_georgia_unified.xlsx
parl_2016,__main__,pr,zviads_way,ზვიადის გზა - უფლის სახელით,28,,,49,,ლიზიკო,ქერელაშვილი,ლიზიკო ქერელაშვილი,ეროვნული ხსნის პარტია,,party_lists_2016_georgia_unified.xlsx
parl_2016,__main__,pr,zviads_way,ზვიადის გზა - უფლის სახელით,28,,,50,,ხათუნა,რუხაია,ხათუნა რუხაია,უპარტიო,,party_lists_2016_georgia_unified.xlsx
parl_2016,__main__,pr,zviads_way,ზვიადის გზა - უფლის სახელით,28,,,51,,თინათინ,შამუგია,თინათინ შამუგია,სამართლიანობის აღდგენის კავშირი ხმა ერისა: უფალია ჩვენი სიმართლე,,party_lists_2016_georgia_unified.xlsx
parl_2016,__main__,pr,zviads_way,ზვიადის გზა - უფლის სახელით,28,,,52,,თამილა,თაბაგარი,თამილა თაბაგარი,სამართლიანობის აღდგენის კავშირი,,party_lists_2016_georgia_unified.xlsx
parl_2016,__main__,pr,zviads_way,ზვიადის გზა - უფლის სახელით,28,,,53,,ფიზიურ,მამედოვ,ფიზიურ მამედოვ,გაერთიანებული საქართველოს დემოკრატიული პარტია,,party_lists_2016_georgia_unified.xlsx
parl_2016,__main__,pr,zviads_way,ზვიადის გზა - უფლის სახელით,28,,,54,,ასმათ,ბაიაშვილი,ასმათ ბაიაშვილი,ეროვნული ხსნის პარტია,,party_lists_2016_georgia_unified.xlsx
parl_2016,__main__,pr,zviads_way,ზვიადის გზა - უფლის სახელით,28,,,55,,პაატა,ანთია,პაატა ანთია,უპარტიო,,party_lists_2016_georgia_unified.xlsx
parl_2016,__main__,pr,zviads_way,ზვიადის გზა - უფლის სახელით,28,,,56,,სოფიო,თანიაშვილი,სოფიო თანიაშვილი,სამართლიანობის აღდგენის კავშირი ხმა ერისა: უფალია ჩვენი სიმართლე,,party_lists_2016_georgia_unified.xlsx
parl_2016,__main__,pr,zviads_way,ზვიადის გზა - უფლის სახელით,28,,,57,,ელგუჯა,ქოჩიაშვილი,ელგუჯა ქოჩიაშვილი,სამართლიანობის აღდგენის კავშირი ხმა ერისა: უფალია ჩვენი სიმართლე,,party_lists_2016_georgia_unified.xlsx
parl_2016,__main__,pr,zviads_way,ზვიადის გზა - უფლის სახელით,28,,,58,,ლაშა,ჯმუხაძე,ლაშა ჯმუხაძე,გაერთიანებული საქართველოს დემოკრატიული პარტია,,party_lists_2016_georgia_unified.xlsx
parl_2016,__main__,pr,zviads_way,ზვიადის გზა - უფლის სახელით,28,,,59,,მურმან,რუხაია,მურმან რუხაია,უპარტიო,,party_lists_2016_georgia_unified.xlsx
parl_2016,__main__,pr,zviads_way,ზვიადის გზა - უფლის სახელით,28,,,60,,"ლუ""დემოკრატიულვეშაგური",სამართლიანობის,"ლუ""დემოკრატიულვეშაგური სამართლიანობის",აღდგენის კავშირი ხმა ერისა: უფალია ჩვენი სიმართლე,,party_lists_2016_georgia_unified.xlsx
parl_2016,__main__,pr,zviads_way,ზვიადის გზა - უფლის სახელით,28,,,61,,იოსებ,ჯარიაშვილი,იოსებ ჯარიაშვილი,სამართლიანობის აღდგენის კავშირი ხმა ერისა: უფალია ჩვენი სიმართლე,,party_lists_2016_georgia_unified.xlsx
parl_2016,__main__,pr,zviads_way,ზვიადის გზა - უფლის სახელით,28,,,62,,ნინო,აბუაშვილი,ნინო აბუაშვილი,გაერთიანებული საქართველოს დემოკრატიული პარტია,,party_lists_2016_georgia_unified.xlsx
parl_2016,__main__,pr,zviads_way,ზვიადის გზა - უფლის სახელით,28,,,63,,ბესარიონ,ხუბუა,ბესარიონ ხუბუა,უპარტიო,,party_lists_2016_georgia_unified.xlsx
parl_2016,__main__,pr,zviads_way,ზვიადის გზა - უფლის სახელით,28,,,64,,ელენე,მაძღარაშვილი,ელენე მაძღარაშვილი,სამართლიანობის აღდგენის კავშირი ხმა ერისა: უფალია ჩვენი სიმართლე,,party_lists_2016_georgia_unified.xlsx
parl_2016,__main__,pr,zviads_way,ზვიადის გზა - უფლის სახელით,28,,,65,,ნარგიზა,ხალვაში,ნარგიზა ხალვაში,სამართლიანობის აღდგენის კავშირი ხმა ერისა: უფალია ჩვენი სიმართლე,,party_lists_2016_georgia_unified.xlsx
parl_2016,__main__,pr,zviads_way,ზვიადის გზა - უფლის სახელით,28,,,66,,შორენა,ნათელაძე,შორენა ნათელაძე,გაერთიანებული საქართველოს დემოკრატიული პარტია,,party_lists_2016_georgia_unified.xlsx
parl_2016,__main__,pr,zviads_way,ზვიადის გზა - უფლის სახელით,28,,,67,,მაია,ფოლადაშვილი,მაია ფოლადაშვილი,ეროვნული ხსნის პარტია,,party_lists_2016_georgia_unified.xlsx
parl_2016,__main__,pr,zviads_way,ზვიადის გზა - უფლის სახელით,28,,,68,,მარგალიტა,თანიაშვილი,მარგალიტა თანიაშვილი,სამართლიანობის აღდგენის კავშირი ხმა ერისა: უფალია ჩვენი სიმართლე,,party_lists_2016_georgia_unified.xlsx
parl_2016,__main__,pr,zviads_way,ზვიადის გზა - უფლის სახელით,28,,,69,,ნატალია,ცხოვრებაშვილი,ნატალია ცხოვრებაშვილი,სამართლიანობის აღდგენის კავშირი ხმა ერისა: უფალია ჩვენი სიმართლე,,party_lists_2016_georgia_unified.xlsx
parl_2016,__main__,pr,zviads_way,ზვიადის გზა - უფლის სახელით,28,,,70,,ეთერ,ბუიძე,ეთერ ბუიძე,სამართლიანობის აღდგენის კავშირი ხმა ერისა: უფალია ჩვენი სიმართლე,,party_lists_2016_georgia_unified.xlsx
parl_2016,__main__,pr,zviads_way,ზვიადის გზა - უფლის სახელით,28,,,71,,ნინო,აქუბარდია,ნინო აქუბარდია,ეროვნული ხსნის პარტია,,party_lists_2016_georgia_unified.xlsx
parl_2016,__main__,pr,zviads_way,ზვიადის გზა - უფლის სახელით,28,,,72,,ნათია,მეფარიძე,ნათია მეფარიძე,უპარტიო,,party_lists_2016_georgia_unified.xlsx
parl_2016,__main__,pr,zviads_way,ზვიადის გზა - უფლის სახელით,28,,,73,,გურამ,ცხაკაია,გურამ ცხაკაია,ეროვნული ხსნის პარტია,,party_lists_2016_georgia_unified.xlsx
parl_2016,__main__,pr,zviads_way,ზვიადის გზა - უფლის სახელით,28,,,74,,თამარი,ლუკავა,თამარი ლუკავა,ეროვნული ხსნის პარტია,,party_lists_2016_georgia_unified.xlsx
parl_2016,__main__,pr,zviads_way,ზვიადის გზა - უფლის სახელით,28,,,75,,ნინო,ბუიძე,ნინო ბუიძე,სამართლიანობის აღდგენის კავშირი ხმა ერისა: უფალია ჩვენი სიმართლე,,party_lists_2016_georgia_unified.xlsx
parl_2016,__main__,pr,zviads_way,ზვიადის გზა - უფლის სახელით,28,,,76,,ლენა,სისაური,ლენა სისაური,სამართლიანობის აღდგენის კავშირი ხმა ერისა: უფალია ჩვენი სიმართლე,,party_lists_2016_georgia_unified.xlsx
parl_2016,__main__,pr,zviads_way,ზვიადის გზა - უფლის სახელით,28,,,77,,ნინო,ნოზაძე,ნინო ნოზაძე,ეროვნული ხსნის პარტია,,party_lists_2016_georgia_unified.xlsx
parl_2016,__main__,pr,zviads_way,ზვიადის გზა - უფლის სახელით,28,,,78,,მაია,მახარაშვილი,მაია მახარაშვილი,ეროვნული ხსნის პარტია,,party_lists_2016_georgia_unified.xlsx
parl_2016,__main__,pr,zviads_way,ზვიადის გზა - უფლის სახელით,28,,,79,,მანანა,ხაჟომია,მანანა ხაჟომია,ეროვნული ხსნის პარტია,,party_lists_2016_georgia_unified.xlsx
parl_2016,__main__,pr,zviads_way,ზვიადის გზა - უფლის სახელით,28,,,80,,ზეინაბ,მეფარიძე,ზეინაბ მეფარიძე,სამართლიანობის აღდგენის კავშირი ხმა ერისა: უფალია ჩვენი სიმართლე,,party_lists_2016_georgia_unified.xlsx
parl_2016,__main__,pr,zviads_way,ზვიადის გზა - უფლის სახელით,28,,,81,,მაია,ბუიძე,მაია ბუიძე,სამართლიანობის აღდგენის კავშირი ხმა ერისა: უფალია ჩვენი სიმართლე,,party_lists_2016_georgia_unified.xlsx
parl_2016,__main__,pr,zviads_way,ზვიადის გზა - უფლის სახელით,28,,,82,,ლალი,ბეგაშვილი,ლალი ბეგაშვილი,სამართლიანობის აღდგენის კავშირი ხმა ერისა: უფალია ჩვენი სიმართლე,,party_lists_2016_georgia_unified.xlsx
parl_2016,__main__,pr,zviads_way,ზვიადის გზა - უფლის სახელით,28,,,83,,ჯონი,მამფორია,ჯონი მამფორია,ეროვნული ხსნის პარტია,,party_lists_2016_georgia_unified.xlsx
parl_2016,__main__,pr,zviads_way,ზვიადის გზა - უფლის სახელით,28,,,84,,ავთანდილი,ხურცილავა,ავთანდილი ხურცილავა,ეროვნული ხსნის პარტია,,party_lists_2016_georgia_unified.xlsx
parl_2016,__main__,pr,zviads_way,ზვიადის გზა - უფლის სახელით,28,,,85,,გიორგი,ორველაშვილი,გიორგი ორველაშვილი,ეროვნული ხსნის პარტია,,party_lists_2016_georgia_unified.xlsx
parl_2016,__main__,pr,zviads_way,ზვიადის გზა - უფლის სახელით,28,,,86,,ომარი,დარსაძე,ომარი დარსაძე,სამართლიანობის აღდგენის კავშირი ხმა ერისა: უფალია ჩვენი სიმართლე,,party_lists_2016_georgia_unified.xlsx
parl_2016,__main__,pr,zviads_way,ზვიადის გზა - უფლის სახელით,28,,,87,,ანგი,გოგლიძე,ანგი გოგლიძე,სამართლიანობის აღდგენის კავშირი ხმა ერისა: უფალია ჩვენი სიმართლე,,party_lists_2016_georgia_unified.xlsx
parl_2016,__main__,pr,zviads_way,ზვიადის გზა - უფლის სახელით,28,,,88,,შაზი,რაზმაძე,შაზი რაზმაძე,სამართლიანობის აღდგენის კავშირი ხმა ერისა: უფალია ჩვენი სიმართლე,,party_lists_2016_georgia_unified.xlsx
parl_2016,__main__,pr,zviads_way,ზვიადის გზა - უფლის სახელით,28,,,89,,ეთერი,ლურსმანაშვილი,ეთერი ლურსმანაშვილი,ეროვნული ხსნის პარტია,,party_lists_2016_georgia_unified.xlsx
parl_2016,__main__,pr,zviads_way,ზვიადის გზა - უფლის სახელით,28,,,90,,ეთერი,თარხნიშვილი,ეთერი თარხნიშვილი,ეროვნული ხსნის პარტია,,party_lists_2016_georgia_unified.xlsx
parl_2016,__main__,pr,zviads_way,ზვიადის გზა - უფლის სახელით,28,,,91,,მანანა,კანდელაკიშვილი,მანანა კანდელაკიშვილი,უპარტიო,,party_lists_2016_georgia_unified.xlsx
parl_2016,__main__,pr,zviads_way,ზვიადის გზა - უფლის სახელით,28,,,92,,ნიკოლოზი,ვეშაგური,ნიკოლოზი ვეშაგური,უპარტიო,,party_lists_2016_georgia_unified.xlsx
parl_2016,__main__,pr,zviads_way,ზვიადის გზა - უფლის სახელით,28,,,93,,ოთარ,ჯიქია,ოთარ ჯიქია,უპარტიო,,party_lists_2016_georgia_unified.xlsx
parl_2016,__main__,pr,zviads_way,ზვიადის გზა - უფლის სახელით,28,,,94,,ლეილა,კობახიძე,ლეილა კობახიძე,სამართლიანობის აღდგენის კავშირი ხმა ერისა: უფალია ჩვენი სიმართლე,,party_lists_2016_georgia_unified.xlsx
parl_2016,__main__,pr,zviads_way,ზვიადის გზა - უფლის სახელით,28,,,95,,ელისო,ფიჩხაია,ელისო ფიჩხაია,ეროვნული ხსნის პარტია,,party_lists_2016_georgia_unified.xlsx
parl_2016,__main__,pr,zviads_way,ზვიადის გზა - უფლის სახელით,28,,,96,,ესმირა,ბაირამოვა,ესმირა ბაირამოვა,ეროვნული ხსნის პარტია,,party_lists_2016_georgia_unified.xlsx
parl_2016,__main__,pr,zviads_way,ზვიადის გზა - უფლის სახელით,28,,,97,,თეა,კენჭაძე,თეა კენჭაძე,ეროვნული ხსნის პარტია,,party_lists_2016_georgia_unified.xlsx
parl_2016,__main__,pr,zviads_way,ზვიადის გზა - უფლის სახელით,28,,,98,,კატო,მერაბაშვილი,კატო მერაბაშვილი,სამართლიანობის აღდგენის კავშირი ხმა ერისა: უფალია ჩვენი სიმართლე,,party_lists_2016_georgia_unified.xlsx
parl_2016,__main__,pr,zviads_way,ზვიადის გზა - უფლის სახელით,28,,,99,,მანანა,ჭკადუა,მანანა ჭკადუა,უპარტიო,,party_lists_2016_georgia_unified.xlsx
parl_2016,__main__,pr,zviads_way,ზვიადის გზა - უფლის სახელით,28,,,100,,ლელა,თანდილაშვილი,ლელა თანდილაშვილი,უპარტიო,,party_lists_2016_georgia_unified.xlsx
parl_2016,__main__,pr,zviads_way,ზვიადის გზა - უფლის სახელით,28,,,101,,ემზარ,ვეშაგური,ემზარ ვეშაგური,უპარტიო,,party_lists_2016_georgia_unified.xlsx
parl_2016,__main__,pr,zviads_way,ზვიადის გზა - უფლის სახელით,28,,,102,,ნანული,ერქვანიძე,ნანული ერქვანიძე,სამართლიანობის აღდგენის კავშირი ხმა ერისა: უფალია ჩვენი სიმართლე,,party_lists_2016_georgia_unified.xlsx
parl_2016,__main__,pr,zviads_way,ზვიადის გზა - უფლის სახელით,28,,,103,,ზაზა,ბალხამიშვილი,ზაზა ბალხამიშვილი,ეროვნული ხსნის პარტია,,party_lists_2016_georgia_unified.xlsx
parl_2016,__main__,pr,zviads_way,ზვიადის გზა - უფლის სახელით,28,,,104,,ზოია,გახრამანოვა,ზოია გახრამანოვა,ეროვნული ხსნის პარტია,,party_lists_2016_georgia_unified.xlsx
parl_2016,__main__,pr,zviads_way,ზვიადის გზა - უფლის სახელით,28,,,105,,ნინო,ყველაშვილი,ნინო ყველაშვილი,ეროვნული ხსნის პარტია,,party_lists_2016_georgia_unified.xlsx
parl_2016,__main__,pr,zviads_way,ზვიადის გზა - უფლის სახელით,28,,,106,,მარეხი,ქამხაძე,მარეხი ქამხაძე,სამართლიანობის აღდგენის კავშირი ხმა ერისა: უფალია ჩვენი სიმართლე,,party_lists_2016_georgia_unified.xlsx
parl_2016,__main__,pr,zviads_way,ზვიადის გზა - უფლის სახელით,28,,,107,,ზვიად,კვირიკაძე,ზვიად კვირიკაძე,სამართლიანობის აღდგენის კავშირი ხმა ერისა: უფალია ჩვენი სიმართლე,,party_lists_2016_georgia_unified.xlsx
parl_2016,__main__,pr,zviads_way,ზვიადის გზა - უფლის სახელით,28,,,108,,დავითი,ორჯონიკიძე,დავითი ორჯონიკიძე,ეროვნული ხსნის პარტია,,party_lists_2016_georgia_unified.xlsx
parl_2016,__main__,pr,zviads_way,ზვიადის გზა - უფლის სახელით,28,,,109,,ნელი,კიკვიძე,ნელი კიკვიძე,ეროვნული ხსნის პარტია,,party_lists_2016_georgia_unified.xlsx
parl_2016,__main__,pr,zviads_way,ზვიადის გზა - უფლის სახელით,28,,,110,,დავით,მაისურაძე,დავით მაისურაძე,გაერთიანებული საქართველოს დემოკრატიული პარტია,,party_lists_2016_georgia_unified.xlsx
parl_2016,__main__,pr,zviads_way,ზვიადის გზა - უფლის სახელით,28,,,111,,ანელა,გერგედავა,ანელა გერგედავა,უპარტიო,,party_lists_2016_georgia_unified.xlsx
parl_2016,__main__,pr,zviads_way,ზვიადის გზა - უფლის სახელით,28,,,112,,ცისანა,მაღალაშვილი,ცისანა მაღალაშვილი,გაერთიანებული საქართველოს დემოკრატიული პარტია,,party_lists_2016_georgia_unified.xlsx
parl_2016,__main__,pr,zviads_way,ზვიადის გზა - უფლის სახელით,28,,,113,,ელგუჯა,შველიძე,ელგუჯა შველიძე,ეროვნული ხსნის პარტია,,party_lists_2016_georgia_unified.xlsx
parl_2016,__main__,pr,zviads_way,ზვიადის გზა - უფლის სახელით,28,,,114,,მაია,აბუაშვილი,მაია აბუაშვილი,გაერთიანებული საქართველოს დემოკრატიული პარტია,,party_lists_2016_georgia_unified.xlsx
parl_2016,__main__,pr,zviads_way,ზვიადის გზა - უფლის სახელით,28,,,115,,ანზორ,ბარამია,ანზორ ბარამია,უპარტიო,,party_lists_2016_georgia_unified.xlsx
parl_2016,__main__,pr,zviads_way,ზვიადის გზა - უფლის სახელით,28,,,116,,ქეთევანი,ხაზალიშვილი,ქეთევანი ხაზალიშვილი,სამართლიანობის აღდგენის კავშირი ხმა ერისა - უფალია ჩვენი სიმართლე,,party_lists_2016_georgia_unified.xlsx
parl_2016,__main__,pr,zviads_way,ზვიადის გზა - უფლის სახელით,28,,,117,,ილია,ლურსმანაშვილი,ილია ლურსმანაშვილი,ეროვნული ხსნის პარტია,,party_lists_2016_georgia_unified.xlsx
parl_2016,__main__,pr,zviads_way,ზვიადის გზა - უფლის სახელით,28,,,118,,მზექალა,გოლეთიანი,მზექალა გოლეთიანი,"გაერთიანებული საქართველოს დემოკრატიული პარტია,",,party_lists_2016_georgia_unified.xlsx
parl_2016,__main__,pr,zviads_way,ზვიადის გზა - უფლის სახელით,28,,,119,,ვახტანგ,გერგედავა,ვახტანგ გერგედავა,უპარტიო,,party_lists_2016_georgia_unified.xlsx
parl_2016,__main__,pr,zviads_way,ზვიადის გზა - უფლის სახელით,28,,,120,,ქეთევან,კანდელაკი,ქეთევან კანდელაკი,უპარტიო,,party_lists_2016_georgia_unified.xlsx
parl_2016,__main__,pr,zviads_way,ზვიადის გზა - უფლის სახელით,28,,,121,,დიანა,ქორქია,დიანა ქორქია,უპარტიო,,party_lists_2016_georgia_unified.xlsx
parl_2016,__main__,pr,zviads_way,ზვიადის გზა - უფლის სახელით,28,,,122,,მზია,ბეზუაშვილი,მზია ბეზუაშვილი,გაერთიანებული საქართველოს დემოკრატიული პარტია,,party_lists_2016_georgia_unified.xlsx
parl_2016,__main__,pr,zviads_way,ზვიადის გზა - უფლის სახელით,28,,,123,,მარინე,ნათელაძე,მარინე ნათელაძე,გაერთიანებული საქართველოს დემოკრატიული პარტია,,party_lists_2016_georgia_unified.xlsx
parl_2016,__main__,pr,zviads_way,ზვიადის გზა - უფლის სახელით,28,,,124,,ლარისა,ჯიქია,ლარისა ჯიქია,უპარტიო,,party_lists_2016_georgia_unified.xlsx
parl_2016,__main__,pr,zviads_way,ზვიადის გზა - უფლის სახელით,28,,,125,,ნინო,ჯარიაშვილი,ნინო ჯარიაშვილი,სამართლიანობის აღდგენის კავშირი ხმა ერისა: უფალია ჩვენი სიმართლე,,party_lists_2016_georgia_unified.xlsx
parl_2016,__main__,pr,zviads_way,ზვიადის გზა - უფლის სახელით,28,,,126,,დავითი,ქიქავა,დავითი ქიქავა,უპარტიო,,party_lists_2016_georgia_unified.xlsx
parl_2016,__main__,pr,zviads_way,ზვიადის გზა - უფლის სახელით,28,,,127,,ინეზა,ჩაჩავა,ინეზა ჩაჩავა,უპარტიო,,party_lists_2016_georgia_unified.xlsx
parl_2016,__main__,pr,zviads_way,ზვიადის გზა - უფლის სახელით,28,,,128,,თორნიკე,მურავიოვი,თორნიკე მურავიოვი,უპარტიო,,party_lists_2016_georgia_unified.xlsx
parl_2016,__main__,pr,zviads_way,ზვიადის გზა - უფლის სახელით,28,,,129,,ლალი,გვასალია,ლალი გვასალია,უპარტიო,,party_lists_2016_georgia_unified.xlsx
parl_2016,__main__,pr,zviads_way,ზვიადის გზა - უფლის სახელით,28,,,130,,ნანი,ჩაჩავა,ნანი ჩაჩავა,უპარტიო,,party_lists_2016_georgia_unified.xlsx
parl_2016,__main__,pr,our_georgia_2016,ჩვენი საქართველო(ბადრი პატარკაციშვილის საარჩევნო შტაბი),30,,,1,,დავით,შუკაკიძე,დავით შუკაკიძე,"მ.პ.გ. ,,ეროვნულ დემოკრატიული მოძრაობა""",,party_lists_2016_georgia_unified.xlsx
parl_2016,__main__,pr,our_georgia_2016,ჩვენი საქართველო(ბადრი პატარკაციშვილის საარჩევნო შტაბი),30,,,2,,მარეხი,ლობჟანიძე,მარეხი ლობჟანიძე,უპარტიო,,party_lists_2016_georgia_unified.xlsx
parl_2016,__main__,pr,our_georgia_2016,ჩვენი საქართველო(ბადრი პატარკაციშვილის საარჩევნო შტაბი),30,,,3,,ვახტანგ,შენგელია,ვახტანგ შენგელია,უპარტიო,,party_lists_2016_georgia_unified.xlsx
parl_2016,__main__,pr,our_georgia_2016,ჩვენი საქართველო(ბადრი პატარკაციშვილის საარჩევნო შტაბი),30,,,4,,ნადია,შეველიოვა,ნადია შეველიოვა,უპარტიო,,party_lists_2016_georgia_unified.xlsx
parl_2016,__main__,pr,our_georgia_2016,ჩვენი საქართველო(ბადრი პატარკაციშვილის საარჩევნო შტაბი),30,,,5,,რევაზ,გუჯეჯიანი,რევაზ გუჯეჯიანი,უპარტიო,,party_lists_2016_georgia_unified.xlsx
parl_2016,__main__,pr,our_georgia_2016,ჩვენი საქართველო(ბადრი პატარკაციშვილის საარჩევნო შტაბი),30,,,6,,თამილა,გოგატიშვილი,თამილა გოგატიშვილი,უპარტიო,,party_lists_2016_georgia_unified.xlsx
parl_2016,__main__,pr,our_georgia_2016,ჩვენი საქართველო(ბადრი პატარკაციშვილის საარჩევნო შტაბი),30,,,7,,ირმა,ხმიადაშვილი,ირმა ხმიადაშვილი,უპარტიო,,party_lists_2016_georgia_unified.xlsx
parl_2016,__main__,pr,our_georgia_2016,ჩვენი საქართველო(ბადრი პატარკაციშვილის საარჩევნო შტაბი),30,,,8,,ხათუნა,ჩომახიძე,ხათუნა ჩომახიძე,უპარტიო,,party_lists_2016_georgia_unified.xlsx
parl_2016,__main__,pr,our_georgia_2016,ჩვენი საქართველო(ბადრი პატარკაციშვილის საარჩევნო შტაბი),30,,,9,,მარინა,დევდარიანი,მარინა დევდარიანი,უპარტიო,,party_lists_2016_georgia_unified.xlsx
parl_2016,__main__,pr,our_georgia_2016,ჩვენი საქართველო(ბადრი პატარკაციშვილის საარჩევნო შტაბი),30,,,10,,გიორგი,ნიბლაძე,გიორგი ნიბლაძე,უპარტიო,,party_lists_2016_georgia_unified.xlsx
parl_2016,__main__,pr,our_georgia_2016,ჩვენი საქართველო(ბადრი პატარკაციშვილის საარჩევნო შტაბი),30,,,11,,მერი,კაიკაციშვილი,მერი კაიკაციშვილი,უპარტიო,,party_lists_2016_georgia_unified.xlsx
parl_2016,__main__,pr,our_georgia_2016,ჩვენი საქართველო(ბადრი პატარკაციშვილის საარჩევნო შტაბი),30,,,12,,მარინე,ავდალიანი,მარინე ავდალიანი,უპარტიო,,party_lists_2016_georgia_unified.xlsx
parl_2016,__main__,pr,our_georgia_2016,ჩვენი საქართველო(ბადრი პატარკაციშვილის საარჩევნო შტაბი),30,,,13,,დავით,გულბანი,დავით გულბანი,უპარტიო,,party_lists_2016_georgia_unified.xlsx
parl_2016,__main__,pr,our_georgia_2016,ჩვენი საქართველო(ბადრი პატარკაციშვილის საარჩევნო შტაბი),30,,,14,,ნაირა,გერლიანი,ნაირა გერლიანი,უპარტიო,,party_lists_2016_georgia_unified.xlsx
parl_2016,__main__,pr,our_georgia_2016,ჩვენი საქართველო(ბადრი პატარკაციშვილის საარჩევნო შტაბი),30,,,15,,გოგუცა,მიბჩუანი,გოგუცა მიბჩუანი,უპარტიო,,party_lists_2016_georgia_unified.xlsx
parl_2016,__main__,pr,our_georgia_2016,ჩვენი საქართველო(ბადრი პატარკაციშვილის საარჩევნო შტაბი),30,,,16,,ანა,ლაფერიშვილი,ანა ლაფერიშვილი,უპარტიო,,party_lists_2016_georgia_unified.xlsx
parl_2016,__main__,pr,our_georgia_2016,ჩვენი საქართველო(ბადრი პატარკაციშვილის საარჩევნო შტაბი),30,,,17,,იგორ,მიქიანი,იგორ მიქიანი,უპარტიო,,party_lists_2016_georgia_unified.xlsx
parl_2016,__main__,pr,our_georgia_2016,ჩვენი საქართველო(ბადრი პატარკაციშვილის საარჩევნო შტაბი),30,,,18,,ლალი,დავითაშვილი,ლალი დავითაშვილი,უპარტიო,,party_lists_2016_georgia_unified.xlsx
parl_2016,__main__,pr,our_georgia_2016,ჩვენი საქართველო(ბადრი პატარკაციშვილის საარჩევნო შტაბი),30,,,19,,ლეილა,ტყებუჩავა,ლეილა ტყებუჩავა,უპარტიო,,party_lists_2016_georgia_unified.xlsx
parl_2016,__main__,pr,our_georgia_2016,ჩვენი საქართველო(ბადრი პატარკაციშვილის საარჩევნო შტაბი),30,,,20,,ნაირა,ჯავახიშვილი,ნაირა ჯავახიშვილი,უპარტიო,,party_lists_2016_georgia_unified.xlsx
parl_2016,__main__,pr,our_georgia_2016,ჩვენი საქართველო(ბადრი პატარკაციშვილის საარჩევნო შტაბი),30,,,21,,ცირა,ლოლაძე,ცირა ლოლაძე,უპარტიო,,party_lists_2016_georgia_unified.xlsx
parl_2016,__main__,pr,our_georgia_2016,ჩვენი საქართველო(ბადრი პატარკაციშვილის საარჩევნო შტაბი),30,,,22,,იასონ,დიასამიძე,იასონ დიასამიძე,უპარტიო,,party_lists_2016_georgia_unified.xlsx
parl_2016,__main__,pr,our_georgia_2016,ჩვენი საქართველო(ბადრი პატარკაციშვილის საარჩევნო შტაბი),30,,,23,,ვალენტინა,ჭავჭანიძე,ვალენტინა ჭავჭანიძე,უპარტიო,,party_lists_2016_georgia_unified.xlsx
parl_2016,__main__,pr,our_georgia_2016,ჩვენი საქართველო(ბადრი პატარკაციშვილის საარჩევნო შტაბი),30,,,24,,კარინე,არუშანიანი,კარინე არუშანიანი,უპარტიო,,party_lists_2016_georgia_unified.xlsx
parl_2016,__main__,pr,our_georgia_2016,ჩვენი საქართველო(ბადრი პატარკაციშვილის საარჩევნო შტაბი),30,,,25,,ნაირა,ბოზოიანი,ნაირა ბოზოიანი,უპარტიო,,party_lists_2016_georgia_unified.xlsx
parl_2016,__main__,pr,our_georgia_2016,ჩვენი საქართველო(ბადრი პატარკაციშვილის საარჩევნო შტაბი),30,,,26,,მამუკა,გიორგობიანი,მამუკა გიორგობიანი,უპარტიო,,party_lists_2016_georgia_unified.xlsx
parl_2016,__main__,pr,our_georgia_2016,ჩვენი საქართველო(ბადრი პატარკაციშვილის საარჩევნო შტაბი),30,,,27,,ირმა,ბექაური,ირმა ბექაური,უპარტიო,,party_lists_2016_georgia_unified.xlsx
parl_2016,__main__,pr,our_georgia_2016,ჩვენი საქართველო(ბადრი პატარკაციშვილის საარჩევნო შტაბი),30,,,28,,ელინა,ხაჩატუროვა,ელინა ხაჩატუროვა,უპარტიო,,party_lists_2016_georgia_unified.xlsx
parl_2016,__main__,pr,our_georgia_2016,ჩვენი საქართველო(ბადრი პატარკაციშვილის საარჩევნო შტაბი),30,,,29,,ნინო,ხარჩილავა,ნინო ხარჩილავა,უპარტიო,,party_lists_2016_georgia_unified.xlsx
parl_2016,__main__,pr,our_georgia_2016,ჩვენი საქართველო(ბადრი პატარკაციშვილის საარჩევნო შტაბი),30,,,30,,ზვიადი,გურგენიშვილი,ზვიადი გურგენიშვილი,უპარტიო,,party_lists_2016_georgia_unified.xlsx
parl_2016,__main__,pr,our_georgia_2016,ჩვენი საქართველო(ბადრი პატარკაციშვილის საარჩევნო შტაბი),30,,,31,,მაია,ლობჟანიძე,მაია ლობჟანიძე,უპარტიო,,party_lists_2016_georgia_unified.xlsx
parl_2016,__main__,pr,our_georgia_2016,ჩვენი საქართველო(ბადრი პატარკაციშვილის საარჩევნო შტაბი),30,,,32,,ჟუჟუნა,წენგუაშვილი,ჟუჟუნა წენგუაშვილი,უპარტიო,,party_lists_2016_georgia_unified.xlsx
parl_2016,__main__,pr,our_georgia_2016,ჩვენი საქართველო(ბადრი პატარკაციშვილის საარჩევნო შტაბი),30,,,33,,??,კურსუა,?? კურსუა,უპარტიო,,party_lists_2016_georgia_unified.xlsx
parl_2016,__main__,pr,our_georgia_2016,ჩვენი საქართველო(ბადრი პატარკაციშვილის საარჩევნო შტაბი),30,,,34,,დავით,ბარბაქაძე,დავით ბარბაქაძე,უპარტიო,,party_lists_2016_georgia_unified.xlsx
parl_2016,__main__,pr,our_georgia_2016,ჩვენი საქართველო(ბადრი პატარკაციშვილის საარჩევნო შტაბი),30,,,35,,მამუკა,სიჭინავა,მამუკა სიჭინავა,უპარტიო,,party_lists_2016_georgia_unified.xlsx
parl_2016,__main__,pr,our_georgia_2016,ჩვენი საქართველო(ბადრი პატარკაციშვილის საარჩევნო შტაბი),30,,,36,,მაგდანა,მანია,მაგდანა მანია,უპარტიო,,party_lists_2016_georgia_unified.xlsx
parl_2016,__main__,pr,our_georgia_2016,ჩვენი საქართველო(ბადრი პატარკაციშვილის საარჩევნო შტაბი),30,,,37,,რატი,ინაური,რატი ინაური,უპარტიო,,party_lists_2016_georgia_unified.xlsx
parl_2016,__main__,pr,our_georgia_2016,ჩვენი საქართველო(ბადრი პატარკაციშვილის საარჩევნო შტაბი),30,,,38,,ნათელა,დავითაშვილი,ნათელა დავითაშვილი,უპარტიო,,party_lists_2016_georgia_unified.xlsx
parl_2016,__main__,pr,our_georgia_2016,ჩვენი საქართველო(ბადრი პატარკაციშვილის საარჩევნო შტაბი),30,,,39,,ედუარდ,იშხანიანი,ედუარდ იშხანიანი,უპარტიო,,party_lists_2016_georgia_unified.xlsx
parl_2016,__main__,pr,our_georgia_2016,ჩვენი საქართველო(ბადრი პატარკაციშვილის საარჩევნო შტაბი),30,,,40,,ლარისა,გძელიძე,ლარისა გძელიძე,უპარტიო,,party_lists_2016_georgia_unified.xlsx
parl_2016,__main__,pr,our_georgia_2016,ჩვენი საქართველო(ბადრი პატარკაციშვილის საარჩევნო შტაბი),30,,,41,,მარიამ,ქვლივიძე,მარიამ ქვლივიძე,უპარტიო,,party_lists_2016_georgia_unified.xlsx
parl_2016,__main__,pr,our_georgia_2016,ჩვენი საქართველო(ბადრი პატარკაციშვილის საარჩევნო შტაბი),30,,,42,,ინგა,დადვანი,ინგა დადვანი,უპარტიო,,party_lists_2016_georgia_unified.xlsx
parl_2016,__main__,pr,our_georgia_2016,ჩვენი საქართველო(ბადრი პატარკაციშვილის საარჩევნო შტაბი),30,,,43,,მარიკა,მიხელიძე,მარიკა მიხელიძე,უპარტიო,,party_lists_2016_georgia_unified.xlsx
parl_2016,__main__,pr,our_georgia_2016,ჩვენი საქართველო(ბადრი პატარკაციშვილის საარჩევნო შტაბი),30,,,44,,ლალი,ადუაშვილი,ლალი ადუაშვილი,უპარტიო,,party_lists_2016_georgia_unified.xlsx
parl_2016,__main__,pr,our_georgia_2016,ჩვენი საქართველო(ბადრი პატარკაციშვილის საარჩევნო შტაბი),30,,,45,,ოთარი,ქავთარაძე,ოთარი ქავთარაძე,უპარტიო,,party_lists_2016_georgia_unified.xlsx
parl_2016,__main__,pr,our_georgia_2016,ჩვენი საქართველო(ბადრი პატარკაციშვილის საარჩევნო შტაბი),30,,,46,,გოგონა,ხუნჯუკაშვილი,გოგონა ხუნჯუკაშვილი,უპარტიო,,party_lists_2016_georgia_unified.xlsx
parl_2016,__main__,pr,our_georgia_2016,ჩვენი საქართველო(ბადრი პატარკაციშვილის საარჩევნო შტაბი),30,,,47,,ინგა,ქამუშაძე,ინგა ქამუშაძე,უპარტიო,,party_lists_2016_georgia_unified.xlsx
parl_2016,__main__,pr,our_georgia_2016,ჩვენი საქართველო(ბადრი პატარკაციშვილის საარჩევნო შტაბი),30,,,48,,ეკატერინე,მიკირტუმოვა,ეკატერინე მიკირტუმოვა,უპარტიო,,party_lists_2016_georgia_unified.xlsx
parl_2016,__main__,pr,our_georgia_2016,ჩვენი საქართველო(ბადრი პატარკაციშვილის საარჩევნო შტაბი),30,,,49,,ლევან,ინაური,ლევან ინაური,უპარტიო,,party_lists_2016_georgia_unified.xlsx
parl_2016,__main__,pr,our_georgia_2016,ჩვენი საქართველო(ბადრი პატარკაციშვილის საარჩევნო შტაბი),30,,,50,,პაპუნა,ბაქრაძე,პაპუნა ბაქრაძე,უპარტიო,,party_lists_2016_georgia_unified.xlsx
parl_2016,__main__,pr,our_georgia_2016,ჩვენი საქართველო(ბადრი პატარკაციშვილის საარჩევნო შტაბი),30,,,51,,მაია,შავლიაშვილი,მაია შავლიაშვილი,უპარტიო,,party_lists_2016_georgia_unified.xlsx
parl_2016,__main__,pr,our_georgia_2016,ჩვენი საქართველო(ბადრი პატარკაციშვილის საარჩევნო შტაბი),30,,,52,,მანანა,ასანაშვილი,მანანა ასანაშვილი,უპარტიო,,party_lists_2016_georgia_unified.xlsx
parl_2016,__main__,pr,our_georgia_2016,ჩვენი საქართველო(ბადრი პატარკაციშვილის საარჩევნო შტაბი),30,,,53,,კახაბერ,კახაბრიშვილი,კახაბერ კახაბრიშვილი,უპარტიო,,party_lists_2016_georgia_unified.xlsx
parl_2016,__main__,pr,our_georgia_2016,ჩვენი საქართველო(ბადრი პატარკაციშვილის საარჩევნო შტაბი),30,,,54,,ლამარა,დადვანი,ლამარა დადვანი,უპარტიო,,party_lists_2016_georgia_unified.xlsx
parl_2016,__main__,pr,our_georgia_2016,ჩვენი საქართველო(ბადრი პატარკაციშვილის საარჩევნო შტაბი),30,,,55,,ქეთევანი,ცანკაშვილი,ქეთევანი ცანკაშვილი,უპარტიო,,party_lists_2016_georgia_unified.xlsx
parl_2016,__main__,pr,our_georgia_2016,ჩვენი საქართველო(ბადრი პატარკაციშვილის საარჩევნო შტაბი),30,,,56,,გიმნოზ,მამაცაშვილი,გიმნოზ მამაცაშვილი,უპარტიო,,party_lists_2016_georgia_unified.xlsx
parl_2016,__main__,pr,our_georgia_2016,ჩვენი საქართველო(ბადრი პატარკაციშვილის საარჩევნო შტაბი),30,,,57,,დარო,კოჭლამაზაშვილი,დარო კოჭლამაზაშვილი,უპარტიო,,party_lists_2016_georgia_unified.xlsx
parl_2016,__main__,pr,our_georgia_2016,ჩვენი საქართველო(ბადრი პატარკაციშვილის საარჩევნო შტაბი),30,,,58,,მზია,კახაბრიშვილი,მზია კახაბრიშვილი,უპარტიო,,party_lists_2016_georgia_unified.xlsx
parl_2016,__main__,pr,our_georgia_2016,ჩვენი საქართველო(ბადრი პატარკაციშვილის საარჩევნო შტაბი),30,,,59,,ქრისტინე,ნიბლაძე,ქრისტინე ნიბლაძე,უპარტიო,,party_lists_2016_georgia_unified.xlsx
parl_2016,__main__,pr,our_georgia_2016,ჩვენი საქართველო(ბადრი პატარკაციშვილის საარჩევნო შტაბი),30,,,60,,დავით,ელბაქიძე,დავით ელბაქიძე,უპარტიო,,party_lists_2016_georgia_unified.xlsx
parl_2016,__main__,pr,our_georgia_2016,ჩვენი საქართველო(ბადრი პატარკაციშვილის საარჩევნო შტაბი),30,,,61,,სვეტლანა,ვილგელმი,სვეტლანა ვილგელმი,უპარტიო,,party_lists_2016_georgia_unified.xlsx
parl_2016,__main__,pr,our_georgia_2016,ჩვენი საქართველო(ბადრი პატარკაციშვილის საარჩევნო შტაბი),30,,,62,,ნელი,ხაბელაშვილი,ნელი ხაბელაშვილი,უპარტიო,,party_lists_2016_georgia_unified.xlsx
parl_2016,__main__,pr,our_georgia_2016,ჩვენი საქართველო(ბადრი პატარკაციშვილის საარჩევნო შტაბი),30,,,63,,ჯუნა,კარელიძე,ჯუნა კარელიძე,უპარტიო,,party_lists_2016_georgia_unified.xlsx
parl_2016,__main__,pr,our_georgia_2016,ჩვენი საქართველო(ბადრი პატარკაციშვილის საარჩევნო შტაბი),30,,,64,,ედო,დევდარიანი,ედო დევდარიანი,უპარტიო,,party_lists_2016_georgia_unified.xlsx
parl_2016,__main__,pr,our_georgia_2016,ჩვენი საქართველო(ბადრი პატარკაციშვილის საარჩევნო შტაბი),30,,,65,,ფოთოლა,ჩაჩუა,ფოთოლა ჩაჩუა,უპარტიო,,party_lists_2016_georgia_unified.xlsx
parl_2016,__main__,pr,our_georgia_2016,ჩვენი საქართველო(ბადრი პატარკაციშვილის საარჩევნო შტაბი),30,,,66,,გელა,დეკანოიძე,გელა დეკანოიძე,უპარტიო,,party_lists_2016_georgia_unified.xlsx
parl_2016,__main__,pr,our_georgia_2016,ჩვენი საქართველო(ბადრი პატარკაციშვილის საარჩევნო შტაბი),30,,,67,,ლილი,კობახიძე,ლილი კობახიძე,უპარტიო,,party_lists_2016_georgia_unified.xlsx
parl_2016,__main__,pr,our_georgia_2016,ჩვენი საქართველო(ბადრი პატარკაციშვილის საარჩევნო შტაბი),30,,,68,,ნატო,დადუნაშვილი,ნატო დადუნაშვილი,უპარტიო,,party_lists_2016_georgia_unified.xlsx
parl_2016,__main__,pr,our_georgia_2016,ჩვენი საქართველო(ბადრი პატარკაციშვილის საარჩევნო შტაბი),30,,,69,,თინა,მაისურაძე,თინა მაისურაძე,უპარტიო,,party_lists_2016_georgia_unified.xlsx
parl_2016,__main__,pr,our_georgia_2016,ჩვენი საქართველო(ბადრი პატარკაციშვილის საარჩევნო შტაბი),30,,,70,,ნათია,ლაცუზბაია,ნათია ლაცუზბაია,უპარტიო,,party_lists_2016_georgia_unified.xlsx
parl_2016,__main__,pr,our_georgia_2016,ჩვენი საქართველო(ბადრი პატარკაციშვილის საარჩევნო შტაბი),30,,,71,,გელა,ბაქრაძე,გელა ბაქრაძე,უპარტიო,,party_lists_2016_georgia_unified.xlsx
parl_2016,__main__,pr,our_georgia_2016,ჩვენი საქართველო(ბადრი პატარკაციშვილის საარჩევნო შტაბი),30,,,72,,ლეილა,გაბლიანი,ლეილა გაბლიანი,უპარტიო,,party_lists_2016_georgia_unified.xlsx
parl_2016,__main__,pr,our_georgia_2016,ჩვენი საქართველო(ბადრი პატარკაციშვილის საარჩევნო შტაბი),30,,,73,,იზა,ჭანტურია,იზა ჭანტურია,უპარტიო,,party_lists_2016_georgia_unified.xlsx
parl_2016,__main__,pr,our_georgia_2016,ჩვენი საქართველო(ბადრი პატარკაციშვილის საარჩევნო შტაბი),30,,,74,,თინათინ,გიორგაძე,თინათინ გიორგაძე,უპარტიო,,party_lists_2016_georgia_unified.xlsx
parl_2016,__main__,pr,our_georgia_2016,ჩვენი საქართველო(ბადრი პატარკაციშვილის საარჩევნო შტაბი),30,,,75,,გიორგი,საბახტარაშვილი,გიორგი საბახტარაშვილი,უპარტიო,,party_lists_2016_georgia_unified.xlsx
parl_2016,__main__,pr,our_georgia_2016,ჩვენი საქართველო(ბადრი პატარკაციშვილის საარჩევნო შტაბი),30,,,76,,ანა,ტახნამიშვილი,ანა ტახნამიშვილი,უპარტიო,,party_lists_2016_georgia_unified.xlsx
parl_2016,__main__,pr,our_georgia_2016,ჩვენი საქართველო(ბადრი პატარკაციშვილის საარჩევნო შტაბი),30,,,77,,მადლენა,ჩაჩუა,მადლენა ჩაჩუა,უპარტიო,,party_lists_2016_georgia_unified.xlsx
parl_2016,__main__,pr,our_georgia_2016,ჩვენი საქართველო(ბადრი პატარკაციშვილის საარჩევნო შტაბი),30,,,78,,მაია,ბეგაძე,მაია ბეგაძე,უპარტიო,,party_lists_2016_georgia_unified.xlsx
parl_2016,__main__,pr,our_georgia_2016,ჩვენი საქართველო(ბადრი პატარკაციშვილის საარჩევნო შტაბი),30,,,79,,რევაზ,გერლიანი,რევაზ გერლიანი,უპარტიო,,party_lists_2016_georgia_unified.xlsx
parl_2016,__main__,pr,our_georgia_2016,ჩვენი საქართველო(ბადრი პატარკაციშვილის საარჩევნო შტაბი),30,,,80,,მაყვალა,კვარაცხელია,მაყვალა კვარაცხელია,უპარტიო,,party_lists_2016_georgia_unified.xlsx
parl_2016,__main__,pr,our_georgia_2016,ჩვენი საქართველო(ბადრი პატარკაციშვილის საარჩევნო შტაბი),30,,,81,,მანანა,გახარია,მანანა გახარია,უპარტიო,,party_lists_2016_georgia_unified.xlsx
parl_2016,__main__,pr,our_georgia_2016,ჩვენი საქართველო(ბადრი პატარკაციშვილის საარჩევნო შტაბი),30,,,82,,დავით,ყიფშიძე,დავით ყიფშიძე,უპარტიო,,party_lists_2016_georgia_unified.xlsx
parl_2016,__main__,pr,our_georgia_2016,ჩვენი საქართველო(ბადრი პატარკაციშვილის საარჩევნო შტაბი),30,,,83,,ლეილა,ჯმუხაძე,ლეილა ჯმუხაძე,უპარტიო,,party_lists_2016_georgia_unified.xlsx
parl_2016,__main__,pr,our_georgia_2016,ჩვენი საქართველო(ბადრი პატარკაციშვილის საარჩევნო შტაბი),30,,,84,,ირმა,მაისურაძე,ირმა მაისურაძე,უპარტიო,,party_lists_2016_georgia_unified.xlsx
parl_2016,__main__,pr,our_georgia_2016,ჩვენი საქართველო(ბადრი პატარკაციშვილის საარჩევნო შტაბი),30,,,85,,ირაკლი,კუპრეიშვილი,ირაკლი კუპრეიშვილი,უპარტიო,,party_lists_2016_georgia_unified.xlsx
parl_2016,__main__,pr,our_georgia_2016,ჩვენი საქართველო(ბადრი პატარკაციშვილის საარჩევნო შტაბი),30,,,86,,ხათუნი,გიუნაშვილი,ხათუნი გიუნაშვილი,უპარტიო,,party_lists_2016_georgia_unified.xlsx
parl_2016,__main__,pr,our_georgia_2016,ჩვენი საქართველო(ბადრი პატარკაციშვილის საარჩევნო შტაბი),30,,,87,,მაია,რუხაძე,მაია რუხაძე,უპარტიო,,party_lists_2016_georgia_unified.xlsx
parl_2016,__main__,pr,our_georgia_2016,ჩვენი საქართველო(ბადრი პატარკაციშვილის საარჩევნო შტაბი),30,,,88,,ნანული,თიგიშვილი,ნანული თიგიშვილი,უპარტიო,,party_lists_2016_georgia_unified.xlsx
parl_2016,__main__,pr,our_georgia_2016,ჩვენი საქართველო(ბადრი პატარკაციშვილის საარჩევნო შტაბი),30,,,89,,ილია,გუგეშაშვილი,ილია გუგეშაშვილი,უპარტიო,,party_lists_2016_georgia_unified.xlsx
parl_2016,__main__,pr,our_georgia_2016,ჩვენი საქართველო(ბადრი პატარკაციშვილის საარჩევნო შტაბი),30,,,90,,თინათინი,სვიმონიშვილი,თინათინი სვიმონიშვილი,უპარტიო,,party_lists_2016_georgia_unified.xlsx
parl_2016,__main__,pr,our_georgia_2016,ჩვენი საქართველო(ბადრი პატარკაციშვილის საარჩევნო შტაბი),30,,,91,,ცირა,პერტაია,ცირა პერტაია,უპარტიო,,party_lists_2016_georgia_unified.xlsx
parl_2016,__main__,pr,our_georgia_2016,ჩვენი საქართველო(ბადრი პატარკაციშვილის საარჩევნო შტაბი),30,,,92,,მერაბ,კუპრეიშვილი,მერაბ კუპრეიშვილი,უპარტიო,,party_lists_2016_georgia_unified.xlsx
parl_2016,__main__,pr,our_georgia_2016,ჩვენი საქართველო(ბადრი პატარკაციშვილის საარჩევნო შტაბი),30,,,93,,ჯონი,დანელია,ჯონი დანელია,უპარტიო,,party_lists_2016_georgia_unified.xlsx
parl_2016,__main__,pr,our_georgia_2016,ჩვენი საქართველო(ბადრი პატარკაციშვილის საარჩევნო შტაბი),30,,,94,,ტარიელ,გოროზია,ტარიელ გოროზია,უპარტიო,,party_lists_2016_georgia_unified.xlsx
parl_2016,__main__,pr,our_georgia_2016,ჩვენი საქართველო(ბადრი პატარკაციშვილის საარჩევნო შტაბი),30,,,95,,მაია,კახნიაშვილი,მაია კახნიაშვილი,უპარტიო,,party_lists_2016_georgia_unified.xlsx
parl_2016,__main__,pr,our_georgia_2016,ჩვენი საქართველო(ბადრი პატარკაციშვილის საარჩევნო შტაბი),30,,,96,,ქეთევან,შუკაკიძე,ქეთევან შუკაკიძე,უპარტიო,,party_lists_2016_georgia_unified.xlsx
parl_2016,__main__,pr,our_georgia_2016,ჩვენი საქართველო(ბადრი პატარკაციშვილის საარჩევნო შტაბი),30,,,97,,გიორგი,ხვისტანი,გიორგი ხვისტანი,უპარტიო,,party_lists_2016_georgia_unified.xlsx
parl_2016,__main__,pr,our_georgia_2016,ჩვენი საქართველო(ბადრი პატარკაციშვილის საარჩევნო შტაბი),30,,,98,,ვალიდა,დარბაიძე,ვალიდა დარბაიძე,უპარტიო,,party_lists_2016_georgia_unified.xlsx
parl_2016,__main__,pr,our_georgia_2016,ჩვენი საქართველო(ბადრი პატარკაციშვილის საარჩევნო შტაბი),30,,,99,,გიორგი,აივაზოვი,გიორგი აივაზოვი,უპარტიო,,party_lists_2016_georgia_unified.xlsx
parl_2016,__main__,pr,our_georgia_2016,ჩვენი საქართველო(ბადრი პატარკაციშვილის საარჩევნო შტაბი),30,,,100,,ნატრული,ახალაია,ნატრული ახალაია,უპარტიო,,party_lists_2016_georgia_unified.xlsx
parl_2016,__main__,pr,our_georgia_2016,ჩვენი საქართველო(ბადრი პატარკაციშვილის საარჩევნო შტაბი),30,,,101,,ბესიკ,ვილგელმი,ბესიკ ვილგელმი,უპარტიო,,party_lists_2016_georgia_unified.xlsx
parl_2016,__main__,pr,our_georgia_2016,ჩვენი საქართველო(ბადრი პატარკაციშვილის საარჩევნო შტაბი),30,,,102,,დარეჯან,გერლიანი,დარეჯან გერლიანი,უპარტიო,,party_lists_2016_georgia_unified.xlsx
parl_2016,__main__,pr,our_georgia_2016,ჩვენი საქართველო(ბადრი პატარკაციშვილის საარჩევნო შტაბი),30,,,103,,აკაკი,ივანიძე,აკაკი ივანიძე,უპარტიო,,party_lists_2016_georgia_unified.xlsx
parl_2016,__main__,pr,our_georgia_2016,ჩვენი საქართველო(ბადრი პატარკაციშვილის საარჩევნო შტაბი),30,,,104,,ლალი,გვიმრაძე,ლალი გვიმრაძე,უპარტიო,,party_lists_2016_georgia_unified.xlsx
parl_2016,__main__,pr,our_georgia_2016,ჩვენი საქართველო(ბადრი პატარკაციშვილის საარჩევნო შტაბი),30,,,105,,კახაბერ,ბოკერია,კახაბერ ბოკერია,უპარტიო,,party_lists_2016_georgia_unified.xlsx
parl_2016,__main__,pr,our_georgia_2016,ჩვენი საქართველო(ბადრი პატარკაციშვილის საარჩევნო შტაბი),30,,,106,,ხვთისო,არაბული,ხვთისო არაბული,უპარტიო,,party_lists_2016_georgia_unified.xlsx
parl_2016,__main__,pr,our_georgia_2016,ჩვენი საქართველო(ბადრი პატარკაციშვილის საარჩევნო შტაბი),30,,,107,,მარინა,მამულაშვილი,მარინა მამულაშვილი,უპარტიო,,party_lists_2016_georgia_unified.xlsx
parl_2016,__main__,pr,our_georgia_2016,ჩვენი საქართველო(ბადრი პატარკაციშვილის საარჩევნო შტაბი),30,,,108,,გოჩა,ძებისაშვილი,გოჩა ძებისაშვილი,უპარტიო,,party_lists_2016_georgia_unified.xlsx
parl_2016,__main__,pr,our_georgia_2016,ჩვენი საქართველო(ბადრი პატარკაციშვილის საარჩევნო შტაბი),30,,,109,,ნათია,გავაშელი,ნათია გავაშელი,უპარტიო,,party_lists_2016_georgia_unified.xlsx
parl_2016,__main__,pr,our_georgia_2016,ჩვენი საქართველო(ბადრი პატარკაციშვილის საარჩევნო შტაბი),30,,,110,,სერგო,გეგეჭკორი,სერგო გეგეჭკორი,უპარტიო,,party_lists_2016_georgia_unified.xlsx
parl_2016,__main__,pr,our_georgia_2016,ჩვენი საქართველო(ბადრი პატარკაციშვილის საარჩევნო შტაბი),30,,,111,,ნიკო,გურჩიანი,ნიკო გურჩიანი,უპარტიო,,party_lists_2016_georgia_unified.xlsx
parl_2016,__main__,pr,our_georgia_2016,ჩვენი საქართველო(ბადრი პატარკაციშვილის საარჩევნო შტაბი),30,,,112,,გიორგი,მარუხიანი,გიორგი მარუხიანი,უპარტიო,,party_lists_2016_georgia_unified.xlsx
parl_2016,__main__,pr,our_georgia_2016,ჩვენი საქართველო(ბადრი პატარკაციშვილის საარჩევნო შტაბი),30,,,113,,სალომე,მიხელიძე,სალომე მიხელიძე,უპარტიო,,party_lists_2016_georgia_unified.xlsx
parl_2016,__main__,pr,our_georgia_2016,ჩვენი საქართველო(ბადრი პატარკაციშვილის საარჩევნო შტაბი),30,,,114,,ვარდო,ყანადაშვილი,ვარდო ყანადაშვილი,უპარტიო,,party_lists_2016_georgia_unified.xlsx
parl_2016,__main__,pr,our_georgia_2016,ჩვენი საქართველო(ბადრი პატარკაციშვილის საარჩევნო შტაბი),30,,,115,,თამარ,ბაქრაძე,თამარ ბაქრაძე,უპარტიო,,party_lists_2016_georgia_unified.xlsx
parl_2016,__main__,pr,our_georgia_2016,ჩვენი საქართველო(ბადრი პატარკაციშვილის საარჩევნო შტაბი),30,,,116,,მაია,მაისურაძე,მაია მაისურაძე,უპარტიო,,party_lists_2016_georgia_unified.xlsx
parl_2016,__main__,pr,gd,ქართული ოცნება - დემოკრატიული საქართველო,41,,,1,,გიორგი,კვირიკაშვილი,გიორგი კვირიკაშვილი,ქართული ოცნება - დემოკრატიული საქართველო,,party_lists_2016_georgia_unified.xlsx
parl_2016,__main__,pr,gd,ქართული ოცნება - დემოკრატიული საქართველო,41,,,2,,კახა,კალაძე,კახა კალაძე,ქართული ოცნება - დემოკრატიული საქართველო,,party_lists_2016_georgia_unified.xlsx
parl_2016,__main__,pr,gd,ქართული ოცნება - დემოკრატიული საქართველო,41,,,3,,ირაკლი,კობახიძე,ირაკლი კობახიძე,ქართული ოცნება - დემოკრატიული საქართველო,,party_lists_2016_georgia_unified.xlsx
parl_2016,__main__,pr,gd,ქართული ოცნება - დემოკრატიული საქართველო,41,,,4,,თამარი,ჩუგოშვილი,თამარი ჩუგოშვილი,ქართული ოცნება - დემოკრატიული საქართველო,,party_lists_2016_georgia_unified.xlsx
parl_2016,__main__,pr,gd,ქართული ოცნება - დემოკრატიული საქართველო,41,,,5,,გიორგი,გახარია,გიორგი გახარია,ქართული ოცნება - დემოკრატიული საქართველო,,party_lists_2016_georgia_unified.xlsx
parl_2016,__main__,pr,gd,ქართული ოცნება - დემოკრატიული საქართველო,41,,,6,,აკაკი,ზოიძე,აკაკი ზოიძე,ქართული ოცნება - დემოკრატიული საქართველო,,party_lists_2016_georgia_unified.xlsx
parl_2016,__main__,pr,gd,ქართული ოცნება - დემოკრატიული საქართველო,41,,,7,,თამარ,ხულორდავა,თამარ ხულორდავა,ქართული ოცნება - დემოკრატიული საქართველო,,party_lists_2016_georgia_unified.xlsx
parl_2016,__main__,pr,gd,ქართული ოცნება - დემოკრატიული საქართველო,41,,,8,,რომან,კაკულია,რომან კაკულია,ქართული ოცნება - დემოკრატიული საქართველო,,party_lists_2016_georgia_unified.xlsx
parl_2016,__main__,pr,gd,ქართული ოცნება - დემოკრატიული საქართველო,41,,,9,,სოფიო,ქაცარავა,სოფიო ქაცარავა,ქართული ოცნება - დემოკრატიული საქართველო,,party_lists_2016_georgia_unified.xlsx
parl_2016,__main__,pr,gd,ქართული ოცნება - დემოკრატიული საქართველო,41,,,10,,ირინე,ფრუიძე,ირინე ფრუიძე,ქართული ოცნება - დემოკრატიული საქართველო,,party_lists_2016_georgia_unified.xlsx
parl_2016,__main__,pr,gd,ქართული ოცნება - დემოკრატიული საქართველო,41,,,11,,კახაბერ,კუჭავა,კახაბერ კუჭავა,ქართული ოცნება - დემოკრატიული საქართველო,,party_lists_2016_georgia_unified.xlsx
parl_2016,__main__,pr,gd,ქართული ოცნება - დემოკრატიული საქართველო,41,,,12,,მანანა,კობახიძე,მანანა კობახიძე,ქართული ოცნება - დემოკრატიული საქართველო,,party_lists_2016_georgia_unified.xlsx
parl_2016,__main__,pr,gd,ქართული ოცნება - დემოკრატიული საქართველო,41,,,13,,ეკა,ბესელია,ეკა ბესელია,ქართული ოცნება - დემოკრატიული საქართველო,,party_lists_2016_georgia_unified.xlsx
parl_2016,__main__,pr,gd,ქართული ოცნება - დემოკრატიული საქართველო,41,,,14,,ზვიად,კვაჭანტირაძე,ზვიად კვაჭანტირაძე,ქართული ოცნება - დემოკრატიული საქართველო,,party_lists_2016_georgia_unified.xlsx
parl_2016,__main__,pr,gd,ქართული ოცნება - დემოკრატიული საქართველო,41,,,15,,ზვიადი,ძიძიგური,ზვიადი ძიძიგური,საქართველოს კონსერვატიული პარტია,,party_lists_2016_georgia_unified.xlsx
parl_2016,__main__,pr,gd,ქართული ოცნება - დემოკრატიული საქართველო,41,,,16,,გია,ჟორჟოლიანი,გია ჟორჟოლიანი,სოციალ დემოკრატები საქართველოს განვითარებისთვის,,party_lists_2016_georgia_unified.xlsx
parl_2016,__main__,pr,gd,ქართული ოცნება - დემოკრატიული საქართველო,41,,,17,,გიორგი,გაჩეჩილაძე,გიორგი გაჩეჩილაძე,საქართველოს მწვანეთა პარტია,,party_lists_2016_georgia_unified.xlsx
parl_2016,__main__,pr,gd,ქართული ოცნება - დემოკრატიული საქართველო,41,,,18,,ირაკლი,კოვზანაძე,ირაკლი კოვზანაძე,ქართული ოცნება - დემოკრატიული საქართველო,,party_lists_2016_georgia_unified.xlsx
parl_2016,__main__,pr,gd,ქართული ოცნება - დემოკრატიული საქართველო,41,,,19,,რუსლან,პოღოსიანი,რუსლან პოღოსიანი,ქართული ოცნება - დემოკრატიული საქართველო,,party_lists_2016_georgia_unified.xlsx
parl_2016,__main__,pr,gd,ქართული ოცნება - დემოკრატიული საქართველო,41,,,20,,მახირ,დარზიევი,მახირ დარზიევი,ქართული ოცნება - დემოკრატიული საქართველო,,party_lists_2016_georgia_unified.xlsx
parl_2016,__main__,pr,gd,ქართული ოცნება - დემოკრატიული საქართველო,41,,,21,,არჩილ,ხაბაძე,არჩილ ხაბაძე,ქართული ოცნება - დემოკრატიული საქართველო,,party_lists_2016_georgia_unified.xlsx
parl_2016,__main__,pr,gd,ქართული ოცნება - დემოკრატიული საქართველო,41,,,22,,ლერი,ხაბელოვი,ლერი ხაბელოვი,ქართული ოცნება - დემოკრატიული საქართველო,,party_lists_2016_georgia_unified.xlsx
parl_2016,__main__,pr,gd,ქართული ოცნება - დემოკრატიული საქართველო,41,,,23,,სამველ,მანუკიან,სამველ მანუკიან,ქართული ოცნება - დემოკრატიული საქართველო,,party_lists_2016_georgia_unified.xlsx
parl_2016,__main__,pr,gd,ქართული ოცნება - დემოკრატიული საქართველო,41,,,24,,ვიქტორ,ჯაფარიძე,ვიქტორ ჯაფარიძე,ქართული ოცნება - დემოკრატიული საქართველო,,party_lists_2016_georgia_unified.xlsx
parl_2016,__main__,pr,gd,ქართული ოცნება - დემოკრატიული საქართველო,41,,,25,,ალექსანდრე,ქანთარია,ალექსანდრე ქანთარია,ქართული ოცნება - დემოკრატიული საქართველო,,party_lists_2016_georgia_unified.xlsx
parl_2016,__main__,pr,gd,ქართული ოცნება - დემოკრატიული საქართველო,41,,,26,,ისკო,დასენი,ისკო დასენი,ქართული ოცნება - დემოკრატიული საქართველო,,party_lists_2016_georgia_unified.xlsx
parl_2016,__main__,pr,gd,ქართული ოცნება - დემოკრატიული საქართველო,41,,,27,,დიმიტრი,სამხარაძე,დიმიტრი სამხარაძე,ქართული ოცნება - დემოკრატიული საქართველო,,party_lists_2016_georgia_unified.xlsx
parl_2016,__main__,pr,gd,ქართული ოცნება - დემოკრატიული საქართველო,41,,,28,,ვანო,ზარდიაშვილი,ვანო ზარდიაშვილი,ქართული ოცნება - დემოკრატიული საქართველო,,party_lists_2016_georgia_unified.xlsx
parl_2016,__main__,pr,gd,ქართული ოცნება - დემოკრატიული საქართველო,41,,,29,,შოთა,შალელაშვილი,შოთა შალელაშვილი,უპარტიო,,party_lists_2016_georgia_unified.xlsx
parl_2016,__main__,pr,gd,ქართული ოცნება - დემოკრატიული საქართველო,41,,,30,,ერეკლე,ტრიპოლსკი,ერეკლე ტრიპოლსკი,ქართული ოცნება - დემოკრატიული საქართველო,,party_lists_2016_georgia_unified.xlsx
parl_2016,__main__,pr,gd,ქართული ოცნება - დემოკრატიული საქართველო,41,,,31,,მირიანი,წიკლაური,მირიანი წიკლაური,ქართული ოცნება - დემოკრატიული საქართველო,,party_lists_2016_georgia_unified.xlsx
parl_2016,__main__,pr,gd,ქართული ოცნება - დემოკრატიული საქართველო,41,,,32,,გიორგი,კახიანი,გიორგი კახიანი,ქართული ოცნება - დემოკრატიული საქართველო,,party_lists_2016_georgia_unified.xlsx
parl_2016,__main__,pr,gd,ქართული ოცნება - დემოკრატიული საქართველო,41,,,33,,რევაზ,არველაძე,რევაზ არველაძე,ქართული ოცნება - დემოკრატიული საქართველო,,party_lists_2016_georgia_unified.xlsx
parl_2016,__main__,pr,gd,ქართული ოცნება - დემოკრატიული საქართველო,41,,,34,,დიმიტრი,ცქიტიშვილი,დიმიტრი ცქიტიშვილი,ქართული ოცნება - დემოკრატიული საქართველო,,party_lists_2016_georgia_unified.xlsx
parl_2016,__main__,pr,gd,ქართული ოცნება - დემოკრატიული საქართველო,41,,,35,,გიგა,ბუკია,გიგა ბუკია,საქართველოს კონსერვატიული პარტია,,party_lists_2016_georgia_unified.xlsx
parl_2016,__main__,pr,gd,ქართული ოცნება - დემოკრატიული საქართველო,41,,,36,,თეიმურაზ,კოხრეიძე,თეიმურაზ კოხრეიძე,უპარტიო,,party_lists_2016_georgia_unified.xlsx
parl_2016,__main__,pr,gd,ქართული ოცნება - დემოკრატიული საქართველო,41,,,37,,თეიმურაზ,ჭკუასელი,თეიმურაზ ჭკუასელი,ქართული ოცნება - დემოკრატიული საქართველო,,party_lists_2016_georgia_unified.xlsx
parl_2016,__main__,pr,gd,ქართული ოცნება - დემოკრატიული საქართველო,41,,,38,,სვეტლანა,კუდბა,სვეტლანა კუდბა,ქართული ოცნება - დემოკრატიული საქართველო,,party_lists_2016_georgia_unified.xlsx
parl_2016,__main__,pr,gd,ქართული ოცნება - დემოკრატიული საქართველო,41,,,39,,რატი,იონათამიშვილი,რატი იონათამიშვილი,ქართული ოცნება - დემოკრატიული საქართველო,,party_lists_2016_georgia_unified.xlsx
parl_2016,__main__,pr,gd,ქართული ოცნება - დემოკრატიული საქართველო,41,,,40,,დიმიტრი,ხუნდაძე,დიმიტრი ხუნდაძე,ქართული ოცნება - დემოკრატიული საქართველო,,party_lists_2016_georgia_unified.xlsx
parl_2016,__main__,pr,gd,ქართული ოცნება - დემოკრატიული საქართველო,41,,,41,,ოთარ,ჩრდილელი,ოთარ ჩრდილელი,ქართული ოცნება - დემოკრატიული საქართველო,,party_lists_2016_georgia_unified.xlsx
parl_2016,__main__,pr,gd,ქართული ოცნება - დემოკრატიული საქართველო,41,,,42,,ალექსანდრე,ერქვანია,ალექსანდრე ერქვანია,ქართული ოცნება - დემოკრატიული საქართველო,,party_lists_2016_georgia_unified.xlsx
parl_2016,__main__,pr,gd,ქართული ოცნება - დემოკრატიული საქართველო,41,,,43,,ენძელა,მაჭავარიანი,ენძელა მაჭავარიანი,ქართული ოცნება - დემოკრატიული საქართველო,,party_lists_2016_georgia_unified.xlsx
parl_2016,__main__,pr,gd,ქართული ოცნება - დემოკრატიული საქართველო,41,,,44,,გია,ბენაშვილი,გია ბენაშვილი,ქართული ოცნება - დემოკრატიული საქართველო,,party_lists_2016_georgia_unified.xlsx
parl_2016,__main__,pr,gd,ქართული ოცნება - დემოკრატიული საქართველო,41,,,45,,კარლო,კოპალიანი,კარლო კოპალიანი,ქართული ოცნება - დემოკრატიული საქართველო,,party_lists_2016_georgia_unified.xlsx
parl_2016,__main__,pr,gd,ქართული ოცნება - დემოკრატიული საქართველო,41,,,46,,გუგული,მაღრაძე,გუგული მაღრაძე,ქართული ოცნება - დემოკრატიული საქართველო,,party_lists_2016_georgia_unified.xlsx
parl_2016,__main__,pr,gd,ქართული ოცნება - დემოკრატიული საქართველო,41,,,47,,დავითი,მათიკაშვილი,დავითი მათიკაშვილი,ქართული ოცნება - დემოკრატიული საქართველო,,party_lists_2016_georgia_unified.xlsx
parl_2016,__main__,pr,gd,ქართული ოცნება - დემოკრატიული საქართველო,41,,,48,,გიორგი,ხატიძე,გიორგი ხატიძე,ქართული ოცნება - დემოკრატიული საქართველო,,party_lists_2016_georgia_unified.xlsx
parl_2016,__main__,pr,gd,ქართული ოცნება - დემოკრატიული საქართველო,41,,,49,,ანრი,ოხანაშვილი,ანრი ოხანაშვილი,ქართული ოცნება - დემოკრატიული საქართველო,,party_lists_2016_georgia_unified.xlsx
parl_2016,__main__,pr,gd,ქართული ოცნება - დემოკრატიული საქართველო,41,,,50,,ლევან,მგალობლიშვილი,ლევან მგალობლიშვილი,ქართული ოცნება - დემოკრატიული საქართველო,,party_lists_2016_georgia_unified.xlsx
parl_2016,__main__,pr,gd,ქართული ოცნება - დემოკრატიული საქართველო,41,,,51,,ირაკლი,ზარქუა,ირაკლი ზარქუა,ქართული ოცნება - დემოკრატიული საქართველო,,party_lists_2016_georgia_unified.xlsx
parl_2016,__main__,pr,gd,ქართული ოცნება - დემოკრატიული საქართველო,41,,,52,,თემურ,გოცირიძე,თემურ გოცირიძე,ქართული ოცნება - დემოკრატიული საქართველო,,party_lists_2016_georgia_unified.xlsx
parl_2016,__main__,pr,gd,ქართული ოცნება - დემოკრატიული საქართველო,41,,,53,,ბენედიქტე,ქაშაკაშვილი,ბენედიქტე ქაშაკაშვილი,ქართული ოცნება - დემოკრატიული საქართველო,,party_lists_2016_georgia_unified.xlsx
parl_2016,__main__,pr,gd,ქართული ოცნება - დემოკრატიული საქართველო,41,,,54,,პაატა,გოგოხია,პაატა გოგოხია,ქართული ოცნება - დემოკრატიული საქართველო,,party_lists_2016_georgia_unified.xlsx
parl_2016,__main__,pr,gd,ქართული ოცნება - დემოკრატიული საქართველო,41,,,55,,ჯუმბერი,იზორია,ჯუმბერი იზორია,ქართული ოცნება - დემოკრატიული საქართველო,,party_lists_2016_georgia_unified.xlsx
parl_2016,__main__,pr,gd,ქართული ოცნება - დემოკრატიული საქართველო,41,,,56,,ბიძინა,გეგიძე,ბიძინა გეგიძე,ქართული ოცნება - დემოკრატიული საქართველო,,party_lists_2016_georgia_unified.xlsx
parl_2016,__main__,pr,gd,ქართული ოცნება - დემოკრატიული საქართველო,41,,,57,,ზაზა,ხუციშვილი,ზაზა ხუციშვილი,უპარტიო,,party_lists_2016_georgia_unified.xlsx
parl_2016,__main__,pr,gd,ქართული ოცნება - დემოკრატიული საქართველო,41,,,58,,მამუკა,მდინარაძე,მამუკა მდინარაძე,ქართული ოცნება - დემოკრატიული საქართველო,,party_lists_2016_georgia_unified.xlsx
parl_2016,__main__,pr,gd,ქართული ოცნება - დემოკრატიული საქართველო,41,,,59,,ნინო,გოგუაძე,ნინო გოგუაძე,საქართველოს კონსერვატიული პარტია,,party_lists_2016_georgia_unified.xlsx
parl_2016,__main__,pr,gd,ქართული ოცნება - დემოკრატიული საქართველო,41,,,60,,ლევან,გოგიჩაიშვილი,ლევან გოგიჩაიშვილი,ქართული ოცნება - დემოკრატიული საქართველო,,party_lists_2016_georgia_unified.xlsx
parl_2016,__main__,pr,gd,ქართული ოცნება - დემოკრატიული საქართველო,41,,,61,,ბექა,ოდიშარია,ბექა ოდიშარია,ქართული ოცნება - დემოკრატიული საქართველო,,party_lists_2016_georgia_unified.xlsx
parl_2016,__main__,pr,gd,ქართული ოცნება - დემოკრატიული საქართველო,41,,,62,,ირაკლი,აბუსერიძე,ირაკლი აბუსერიძე,ქართული ოცნება - დემოკრატიული საქართველო,,party_lists_2016_georgia_unified.xlsx
parl_2016,__main__,pr,gd,ქართული ოცნება - დემოკრატიული საქართველო,41,,,63,,დავით,ჭიჭინაძე,დავით ჭიჭინაძე,ქართული ოცნება - დემოკრატიული საქართველო,,party_lists_2016_georgia_unified.xlsx
parl_2016,__main__,pr,gd,ქართული ოცნება - დემოკრატიული საქართველო,41,,,64,,ბექა,ნაცვლიშვილი,ბექა ნაცვლიშვილი,სოციალ-დემოკრატები საქართველოს განვითარებისთვის,,party_lists_2016_georgia_unified.xlsx
parl_2016,__main__,pr,gd,ქართული ოცნება - დემოკრატიული საქართველო,41,,,65,,გიორგი,მოსიძე,გიორგი მოსიძე,ქართული ოცნება - დემოკრატიული საქართველო,,party_lists_2016_georgia_unified.xlsx
parl_2016,__main__,pr,gd,ქართული ოცნება - დემოკრატიული საქართველო,41,,,66,,მარიამ,ჯაში,მარიამ ჯაში,ქართული ოცნება - დემოკრატიული საქართველო,,party_lists_2016_georgia_unified.xlsx
parl_2016,__main__,pr,gd,ქართული ოცნება - დემოკრატიული საქართველო,41,,,67,,შოთა,ხაბარელი,შოთა ხაბარელი,ქართული ოცნება - დემოკრატიული საქართველო,,party_lists_2016_georgia_unified.xlsx
parl_2016,__main__,pr,gd,ქართული ოცნება - დემოკრატიული საქართველო,41,,,68,,გიორგი,ვოლსკი,გიორგი ვოლსკი,ქართული ოცნება - დემოკრატიული საქართველო,,party_lists_2016_georgia_unified.xlsx
parl_2016,__main__,pr,gd,ქართული ოცნება - დემოკრატიული საქართველო,41,,,69,,ზაზა,პაპუაშვილი,ზაზა პაპუაშვილი,ქართული ოცნება - დემოკრატიული საქართველო,,party_lists_2016_georgia_unified.xlsx
parl_2016,__main__,pr,gd,ქართული ოცნება - დემოკრატიული საქართველო,41,,,70,,ივლიანე,წულაია,ივლიანე წულაია,ქართული ოცნება - დემოკრატიული საქართველო,,party_lists_2016_georgia_unified.xlsx
parl_2016,__main__,pr,gd,ქართული ოცნება - დემოკრატიული საქართველო,41,,,71,,სოფიო,კილაძე,სოფიო კილაძე,ქართული ოცნება - დემოკრატიული საქართველო,,party_lists_2016_georgia_unified.xlsx
parl_2016,__main__,pr,gd,ქართული ოცნება - დემოკრატიული საქართველო,41,,,72,,მიხეილ,ყაველაშვილი,მიხეილ ყაველაშვილი,ქართული ოცნება - დემოკრატიული საქართველო,,party_lists_2016_georgia_unified.xlsx
parl_2016,__main__,pr,gd,ქართული ოცნება - დემოკრატიული საქართველო,41,,,73,,ზაზა,გაბუნია,ზაზა გაბუნია,ქართული ოცნება - დემოკრატიული საქართველო,,party_lists_2016_georgia_unified.xlsx
parl_2016,__main__,pr,gd,ქართული ოცნება - დემოკრატიული საქართველო,41,,,74,,კობა,კობალაძე,კობა კობალაძე,ქართული ოცნება - დემოკრატიული საქართველო,,party_lists_2016_georgia_unified.xlsx
parl_2016,__main__,pr,gd,ქართული ოცნება - დემოკრატიული საქართველო,41,,,75,,ლევან,კობიაშვილი,ლევან კობიაშვილი,ქართული ოცნება - დემოკრატიული საქართველო,,party_lists_2016_georgia_unified.xlsx
parl_2016,__main__,pr,gd,ქართული ოცნება - დემოკრატიული საქართველო,41,,,76,,ლევანი,კობერიძე,ლევანი კობერიძე,ქართული ოცნება - დემოკრატიული საქართველო,,party_lists_2016_georgia_unified.xlsx
parl_2016,__main__,pr,gd,ქართული ოცნება - დემოკრატიული საქართველო,41,,,77,,რომან,მუჩიაშვილი,რომან მუჩიაშვილი,ქართული ოცნება - დემოკრატიული საქართველო,,party_lists_2016_georgia_unified.xlsx
parl_2016,__main__,pr,gd,ქართული ოცნება - დემოკრატიული საქართველო,41,,,78,,დავით,სონღულაშვილი,დავით სონღულაშვილი,ქართული ოცნება - დემოკრატიული საქართველო,,party_lists_2016_georgia_unified.xlsx
parl_2016,__main__,pr,gd,ქართული ოცნება - დემოკრატიული საქართველო,41,,,79,,ირაკლი,შიოლაშვილი,ირაკლი შიოლაშვილი,ქართული ოცნება - დემოკრატიული საქართველო,,party_lists_2016_georgia_unified.xlsx
parl_2016,__main__,pr,gd,ქართული ოცნება - დემოკრატიული საქართველო,41,,,80,,გურამ,მაჭარაშვილი,გურამ მაჭარაშვილი,ქართული ოცნება - დემოკრატიული საქართველო,,party_lists_2016_georgia_unified.xlsx
parl_2016,__main__,pr,gd,ქართული ოცნება - დემოკრატიული საქართველო,41,,,81,,ირაკლი,სესიაშვილი,ირაკლი სესიაშვილი,ქართული ოცნება - დემოკრატიული საქართველო,,party_lists_2016_georgia_unified.xlsx
parl_2016,__main__,pr,gd,ქართული ოცნება - დემოკრატიული საქართველო,41,,,82,,გელა,სამხარაული,გელა სამხარაული,ქართული ოცნება - დემოკრატიული საქართველო,,party_lists_2016_georgia_unified.xlsx
parl_2016,__main__,pr,gd,ქართული ოცნება - დემოკრატიული საქართველო,41,,,83,,პაატა,მხეიძე,პაატა მხეიძე,ქართული ოცნება - დემოკრატიული საქართველო,,party_lists_2016_georgia_unified.xlsx
parl_2016,__main__,pr,gd,ქართული ოცნება - დემოკრატიული საქართველო,41,,,84,,გიორგი,ბეგაძე,გიორგი ბეგაძე,ქართული ოცნება - დემოკრატიული საქართველო,,party_lists_2016_georgia_unified.xlsx
parl_2016,__main__,pr,gd,ქართული ოცნება - დემოკრატიული საქართველო,41,,,85,,სავალან,მირზოევი,სავალან მირზოევი,ქართული ოცნება - დემოკრატიული საქართველო,,party_lists_2016_georgia_unified.xlsx
parl_2016,__main__,pr,gd,ქართული ოცნება - დემოკრატიული საქართველო,41,,,86,,გოდერძი,ჩანქსელიანი,გოდერძი ჩანქსელიანი,უპარტიო,,party_lists_2016_georgia_unified.xlsx
parl_2016,__main__,pr,gd,ქართული ოცნება - დემოკრატიული საქართველო,41,,,87,,გოგი,მეშველიანი,გოგი მეშველიანი,ქართული ოცნება - დემოკრატიული საქართველო,,party_lists_2016_georgia_unified.xlsx
parl_2016,__main__,pr,gd,ქართული ოცნება - დემოკრატიული საქართველო,41,,,88,,კახაბერ,ოქრიაშვილი,კახაბერ ოქრიაშვილი,უპარტიო,,party_lists_2016_georgia_unified.xlsx
parl_2016,__main__,pr,gd,ქართული ოცნება - დემოკრატიული საქართველო,41,,,89,,რუსლან,გაჯიევი,რუსლან გაჯიევი,ქართული ოცნება - დემოკრატიული საქართველო,,party_lists_2016_georgia_unified.xlsx
parl_2016,__main__,pr,gd,ქართული ოცნება - დემოკრატიული საქართველო,41,,,90,,თამაზ,ნავერიანი,თამაზ ნავერიანი,ქართული ოცნება - დემოკრატიული საქართველო,,party_lists_2016_georgia_unified.xlsx
parl_2016,__main__,pr,gd,ქართული ოცნება - დემოკრატიული საქართველო,41,,,91,,ზაქარია,ქუცნაშვილი,ზაქარია ქუცნაშვილი,ქართული ოცნება - დემოკრატიული საქართველო,,party_lists_2016_georgia_unified.xlsx
parl_2016,__main__,pr,gd,ქართული ოცნება - დემოკრატიული საქართველო,41,,,92,,ირაკლი,მეზურნიშვილი,ირაკლი მეზურნიშვილი,ქართული ოცნება - დემოკრატიული საქართველო,,party_lists_2016_georgia_unified.xlsx
parl_2016,__main__,pr,gd,ქართული ოცნება - დემოკრატიული საქართველო,41,,,93,,გიორგი,თოთლაძე,გიორგი თოთლაძე,ქართული ოცნება - დემოკრატიული საქართველო,,party_lists_2016_georgia_unified.xlsx
parl_2016,__main__,pr,gd,ქართული ოცნება - დემოკრატიული საქართველო,41,,,94,,იოსებ,მაკრახიძე,იოსებ მაკრახიძე,ქართული ოცნება - დემოკრატიული საქართველო,,party_lists_2016_georgia_unified.xlsx
parl_2016,__main__,pr,gd,ქართული ოცნება - დემოკრატიული საქართველო,41,,,95,,თენგიზი,ხუბულური,თენგიზი ხუბულური,ქართული ოცნება - დემოკრატიული საქართველო,,party_lists_2016_georgia_unified.xlsx
parl_2016,__main__,pr,gd,ქართული ოცნება - დემოკრატიული საქართველო,41,,,96,,ვალერი,გელაშვილი,ვალერი გელაშვილი,ქართული ოცნება - დემოკრატიული საქართველო,,party_lists_2016_georgia_unified.xlsx
parl_2016,__main__,pr,gd,ქართული ოცნება - დემოკრატიული საქართველო,41,,,97,,გიორგი,კოპაძე,გიორგი კოპაძე,ქართული ოცნება - დემოკრატიული საქართველო,,party_lists_2016_georgia_unified.xlsx
parl_2016,__main__,pr,gd,ქართული ოცნება - დემოკრატიული საქართველო,41,,,98,,გედევან,ფოფხაძე,გედევან ფოფხაძე,ქართული ოცნება - დემოკრატიული საქართველო,,party_lists_2016_georgia_unified.xlsx
parl_2016,__main__,pr,gd,ქართული ოცნება - დემოკრატიული საქართველო,41,,,99,,ენზელ,მკოიანი,ენზელ მკოიანი,ქართული ოცნება - დემოკრატიული საქართველო,,party_lists_2016_georgia_unified.xlsx
parl_2016,__main__,pr,gd,ქართული ოცნება - დემოკრატიული საქართველო,41,,,100,,გენადი,მარგველაშვილი,გენადი მარგველაშვილი,უპარტიო,,party_lists_2016_georgia_unified.xlsx
parl_2016,__main__,pr,gd,ქართული ოცნება - დემოკრატიული საქართველო,41,,,101,,დიმიტრი,მხეიძე,დიმიტრი მხეიძე,ქართული ოცნება - დემოკრატიული საქართველო,,party_lists_2016_georgia_unified.xlsx
parl_2016,__main__,pr,gd,ქართული ოცნება - დემოკრატიული საქართველო,41,,,102,,კობა,ნარჩემაშვილი,კობა ნარჩემაშვილი,სოციალ-დემოკრატები საქართველოს განვითარებისთვის,,party_lists_2016_georgia_unified.xlsx
parl_2016,__main__,pr,gd,ქართული ოცნება - დემოკრატიული საქართველო,41,,,103,,ელგუჯა,გოცირიძე,ელგუჯა გოცირიძე,უპარტიო,,party_lists_2016_georgia_unified.xlsx
parl_2016,__main__,pr,gd,ქართული ოცნება - დემოკრატიული საქართველო,41,,,104,,კობა,ლურსმანაშვილი,კობა ლურსმანაშვილი,ქართული ოცნება - დემოკრატიული საქართველო,,party_lists_2016_georgia_unified.xlsx
parl_2016,__main__,pr,gd,ქართული ოცნება - დემოკრატიული საქართველო,41,,,105,,შალვა,კიკნაველიძე,შალვა კიკნაველიძე,ქართული ოცნება - დემოკრატიული საქართველო,,party_lists_2016_georgia_unified.xlsx
parl_2016,__main__,pr,gd,ქართული ოცნება - დემოკრატიული საქართველო,41,,,106,,პაატა,კვიჟინაძე,პაატა კვიჟინაძე,საქართველოს კონსერვატიული პარტია,,party_lists_2016_georgia_unified.xlsx
parl_2016,__main__,pr,gd,ქართული ოცნება - დემოკრატიული საქართველო,41,,,107,,გრიგოლ,ლილუაშვილი,გრიგოლ ლილუაშვილი,ქართული ოცნება - დემოკრატიული საქართველო,,party_lists_2016_georgia_unified.xlsx
parl_2016,__main__,pr,gd,ქართული ოცნება - დემოკრატიული საქართველო,41,,,108,,გრიგოლ,მიქელაძე,გრიგოლ მიქელაძე,ქართული ოცნება - დემოკრატიული საქართველო,,party_lists_2016_georgia_unified.xlsx
parl_2016,__main__,pr,gd,ქართული ოცნება - დემოკრატიული საქართველო,41,,,109,,სულხან,მახათაძე,სულხან მახათაძე,ქართული ოცნება - დემოკრატიული საქართველო,,party_lists_2016_georgia_unified.xlsx
parl_2016,__main__,pr,gd,ქართული ოცნება - დემოკრატიული საქართველო,41,,,110,,ცოტნე,ზურაბიანი,ცოტნე ზურაბიანი,ქართული ოცნება - დემოკრატიული საქართველო,,party_lists_2016_georgia_unified.xlsx
parl_2016,__main__,pr,gd,ქართული ოცნება - დემოკრატიული საქართველო,41,,,111,,გოჩა,ენუქიძე,გოჩა ენუქიძე,ქართული ოცნება - დემოკრატიული საქართველო,,party_lists_2016_georgia_unified.xlsx
parl_2016,__main__,pr,gd,ქართული ოცნება - დემოკრატიული საქართველო,41,,,112,,არჩილ,თალაკვაძე,არჩილ თალაკვაძე,ქართული ოცნება - დემოკრატიული საქართველო,,party_lists_2016_georgia_unified.xlsx
parl_2016,__main__,pr,gd,ქართული ოცნება - დემოკრატიული საქართველო,41,,,113,,ნინო,წილოსანი,ნინო წილოსანი,ქართული ოცნება - დემოკრატიული საქართველო,,party_lists_2016_georgia_unified.xlsx
parl_2016,__main__,pr,gd,ქართული ოცნება - დემოკრატიული საქართველო,41,,,114,,ირაკლი,ხახუბია,ირაკლი ხახუბია,ქართული ოცნება - დემოკრატიული საქართველო,,party_lists_2016_georgia_unified.xlsx
parl_2016,__main__,pr,gd,ქართული ოცნება - დემოკრატიული საქართველო,41,,,115,,ოთარი,დანელია,ოთარი დანელია,ქართული ოცნება - დემოკრატიული საქართველო,,party_lists_2016_georgia_unified.xlsx
parl_2016,__main__,pr,gd,ქართული ოცნება - დემოკრატიული საქართველო,41,,,116,,ირაკლი,ბერაია,ირაკლი ბერაია,ქართული ოცნება - დემოკრატიული საქართველო,,party_lists_2016_georgia_unified.xlsx
parl_2016,__main__,pr,gd,ქართული ოცნება - დემოკრატიული საქართველო,41,,,117,,ირაკლი,ბერაია,ირაკლი ბერაია,ქართული ოცნება - დემოკრატიული საქართველო,,party_lists_2016_georgia_unified.xlsx
parl_2016,__main__,pr,gd,ქართული ოცნება - დემოკრატიული საქართველო,41,,,118,,მერაბი,ქვარაია,მერაბი ქვარაია,ქართული ოცნება - დემოკრატიული საქართველო,,party_lists_2016_georgia_unified.xlsx
parl_2016,__main__,pr,gd,ქართული ოცნება - დემოკრატიული საქართველო,41,,,119,,ედიშერ,თოლორაია,ედიშერ თოლორაია,ქართული ოცნება - დემოკრატიული საქართველო,,party_lists_2016_georgia_unified.xlsx
parl_2016,__main__,pr,gd,ქართული ოცნება - დემოკრატიული საქართველო,41,,,120,,გოგა,გულორდავა,გოგა გულორდავა,ქართული ოცნება - დემოკრატიული საქართველო,,party_lists_2016_georgia_unified.xlsx
parl_2016,__main__,pr,gd,ქართული ოცნება - დემოკრატიული საქართველო,41,,,121,,ფატი,ხალვაში,ფატი ხალვაში,ქართული ოცნება - დემოკრატიული საქართველო,,party_lists_2016_georgia_unified.xlsx
parl_2016,__main__,pr,gd,ქართული ოცნება - დემოკრატიული საქართველო,41,,,122,,ლევან,ბეჟანიძე,ლევან ბეჟანიძე,უპარტიო,,party_lists_2016_georgia_unified.xlsx
parl_2016,__main__,pr,gd,ქართული ოცნება - დემოკრატიული საქართველო,41,,,123,,მუხრან,ვახტანგაძე,მუხრან ვახტანგაძე,ქართული ოცნება - დემოკრატიული საქართველო,,party_lists_2016_georgia_unified.xlsx
parl_2016,__main__,pr,gd,ქართული ოცნება - დემოკრატიული საქართველო,41,,,124,,კობა,ნაკაიძე,კობა ნაკაიძე,ქართული ოცნება - დემოკრატიული საქართველო,,party_lists_2016_georgia_unified.xlsx
parl_2016,__main__,pr,gd,ქართული ოცნება - დემოკრატიული საქართველო,41,,,125,,ილია,ნაკაშიძე,ილია ნაკაშიძე,ქართული ოცნება - დემოკრატიული საქართველო,,party_lists_2016_georgia_unified.xlsx
parl_2016,__main__,pr,gd,ქართული ოცნება - დემოკრატიული საქართველო,41,,,126,,ანზორ,ბოლქვაძე,ანზორ ბოლქვაძე,უპარტიო,,party_lists_2016_georgia_unified.xlsx
parl_2016,__main__,pr,gd,ქართული ოცნება - დემოკრატიული საქართველო,41,,,127,,გიორგი,ჩაკვეტაძე,გიორგი ჩაკვეტაძე,ქართული ოცნება - დემოკრატიული საქართველო,,party_lists_2016_georgia_unified.xlsx
parl_2016,__main__,pr,gd,ქართული ოცნება - დემოკრატიული საქართველო,41,,,128,,კახა,სამხარაძე,კახა სამხარაძე,ქართული ოცნება - დემოკრატიული საქართველო,,party_lists_2016_georgia_unified.xlsx
parl_2016,__main__,pr,gd,ქართული ოცნება - დემოკრატიული საქართველო,41,,,129,,ანა,ლაშხი,ანა ლაშხი,ქართული ოცნება - დემოკრატიული საქართველო,,party_lists_2016_georgia_unified.xlsx
parl_2016,__main__,pr,gd,ქართული ოცნება - დემოკრატიული საქართველო,41,,,130,,დავით,კირკიტაძე,დავით კირკიტაძე,ქართული ოცნება - დემოკრატიული საქართველო,,party_lists_2016_georgia_unified.xlsx
parl_2016,__main__,pr,gd,ქართული ოცნება - დემოკრატიული საქართველო,41,,,131,,ერასტი,საბანაძე,ერასტი საბანაძე,ქართული ოცნება - დემოკრატიული საქართველო,,party_lists_2016_georgia_unified.xlsx
parl_2016,__main__,pr,gd,ქართული ოცნება - დემოკრატიული საქართველო,41,,,132,,ზურაბ,ხაჩიძე,ზურაბ ხაჩიძე,ქართული ოცნება - დემოკრატიული საქართველო,,party_lists_2016_georgia_unified.xlsx
parl_2016,__main__,pr,gd,ქართული ოცნება - დემოკრატიული საქართველო,41,,,133,,დავითი,ხაბეიშვილი,დავითი ხაბეიშვილი,ქართული ოცნება - დემოკრატიული საქართველო,,party_lists_2016_georgia_unified.xlsx
parl_2016,__main__,pr,gd,ქართული ოცნება - დემოკრატიული საქართველო,41,,,134,,პაატა,გიორგიძე,პაატა გიორგიძე,უპარტიო,,party_lists_2016_georgia_unified.xlsx
parl_2016,__main__,pr,gd,ქართული ოცნება - დემოკრატიული საქართველო,41,,,135,,ვლადიმერი,ჭიღლაძე,ვლადიმერი ჭიღლაძე,უპარტიო,,party_lists_2016_georgia_unified.xlsx
parl_2016,__main__,pr,gd,ქართული ოცნება - დემოკრატიული საქართველო,41,,,136,,ვაჩე,ჩინჩალაძე,ვაჩე ჩინჩალაძე,ქართული ოცნება - დემოკრატიული საქართველო,,party_lists_2016_georgia_unified.xlsx
parl_2016,__main__,pr,gd,ქართული ოცნება - დემოკრატიული საქართველო,41,,,137,,ნიკა,ქაჯაია,ნიკა ქაჯაია,ქართული ოცნება - დემოკრატიული საქართველო,,party_lists_2016_georgia_unified.xlsx
parl_2016,__main__,pr,gd,ქართული ოცნება - დემოკრატიული საქართველო,41,,,138,,გიორგი,ჭანტურია,გიორგი ჭანტურია,ქართული ოცნება - დემოკრატიული საქართველო,,party_lists_2016_georgia_unified.xlsx
parl_2016,__main__,pr,gd,ქართული ოცნება - დემოკრატიული საქართველო,41,,,139,,ნიკოლოზ,ბეჟანიშვილი,ნიკოლოზ ბეჟანიშვილი,ქართული ოცნება - დემოკრატიული საქართველო,,party_lists_2016_georgia_unified.xlsx
parl_2016,__main__,pr,gd,ქართული ოცნება - დემოკრატიული საქართველო,41,,,140,,გეგა,შუბაშიკელი,გეგა შუბაშიკელი,ქართული ოცნება - დემოკრატიული საქართველო,,party_lists_2016_georgia_unified.xlsx
parl_2016,__main__,pr,gd,ქართული ოცნება - დემოკრატიული საქართველო,41,,,141,,აკაკი,მაჭავარიანი,აკაკი მაჭავარიანი,ქართული ოცნება - დემოკრატიული საქართველო,,party_lists_2016_georgia_unified.xlsx
parl_2016,__main__,pr,gd,ქართული ოცნება - დემოკრატიული საქართველო,41,,,142,,თეიმურაზ,ობოლაძე,თეიმურაზ ობოლაძე,ქართული ოცნება - დემოკრატიული საქართველო,,party_lists_2016_georgia_unified.xlsx
parl_2016,__main__,pr,gd,ქართული ოცნება - დემოკრატიული საქართველო,41,,,143,,ნანა,მეფარიშვილი,ნანა მეფარიშვილი,ქართული ოცნება - დემოკრატიული საქართველო,,party_lists_2016_georgia_unified.xlsx
parl_2016,__main__,pr,gd,ქართული ოცნება - დემოკრატიული საქართველო,41,,,144,,თამარ,ცომაია,თამარ ცომაია,ქართული ოცნება - დემოკრატიული საქართველო,,party_lists_2016_georgia_unified.xlsx
parl_2016,__main__,pr,gd,ქართული ოცნება - დემოკრატიული საქართველო,41,,,145,,აბგარი,ენუქიძე,აბგარი ენუქიძე,ქართული ოცნება - დემოკრატიული საქართველო,,party_lists_2016_georgia_unified.xlsx
parl_2016,__main__,pr,gd,ქართული ოცნება - დემოკრატიული საქართველო,41,,,146,,გელა,სულაძე,გელა სულაძე,უპარტიო,,party_lists_2016_georgia_unified.xlsx
parl_2016,__main__,pr,gd,ქართული ოცნება - დემოკრატიული საქართველო,41,,,147,,როსტომ,სესიაშვილი,როსტომ სესიაშვილი,ქართული ოცნება - დემოკრატიული საქართველო,,party_lists_2016_georgia_unified.xlsx
parl_2016,__main__,pr,gd,ქართული ოცნება - დემოკრატიული საქართველო,41,,,148,,დავით,ღაღანიძე,დავით ღაღანიძე,ქართული ოცნება - დემოკრატიული საქართველო,,party_lists_2016_georgia_unified.xlsx
parl_2016,__main__,pr,gd,ქართული ოცნება - დემოკრატიული საქართველო,41,,,149,,ლევან,ჟღენტი,ლევან ჟღენტი,ქართული ოცნება - დემოკრატიული საქართველო,,party_lists_2016_georgia_unified.xlsx
parl_2016,__main__,pr,gd,ქართული ოცნება - დემოკრატიული საქართველო,41,,,150,,დავით,თურქია,დავით თურქია,ქართული ოცნება - დემოკრატიული საქართველო,,party_lists_2016_georgia_unified.xlsx
parl_2016,__main__,pr,gd,ქართული ოცნება - დემოკრატიული საქართველო,41,,,151,,დავითი,ტაბატაძე,დავითი ტაბატაძე,ქართული ოცნება - დემოკრატიული საქართველო,,party_lists_2016_georgia_unified.xlsx
parl_2016,__main__,pr,gd,ქართული ოცნება - დემოკრატიული საქართველო,41,,,152,,ზაქარია,ადუაშვილი,ზაქარია ადუაშვილი,ქართული ოცნება - დემოკრატიული საქართველო,,party_lists_2016_georgia_unified.xlsx
parl_2016,__main__,pr,gd,ქართული ოცნება - დემოკრატიული საქართველო,41,,,153,,ნოდარ,მეტრეველი,ნოდარ მეტრეველი,ქართული ოცნება - დემოკრატიული საქართველო,,party_lists_2016_georgia_unified.xlsx
parl_2016,__main__,pr,gd,ქართული ოცნება - დემოკრატიული საქართველო,41,,,154,,ჯონი,ბერუაშვილი,ჯონი ბერუაშვილი,ქართული ოცნება დემოკრატიული საქართველო,,party_lists_2016_georgia_unified.xlsx
parl_2016,__main__,pr,gd,ქართული ოცნება - დემოკრატიული საქართველო,41,,,155,,ქეთევანი,ჩარკვიანი,ქეთევანი ჩარკვიანი,ქართული ოცნება - დემოკრატიული საქართველო,,party_lists_2016_georgia_unified.xlsx