{
"type": "FeatureCollection",
"name": "parl2024_pr_precincts",
"crs": { "type": "name", "properties": { "name": "urn:ogc:def:crs:OGC:1.3:CRS84" } },
"features": [
{ "type": "Feature", "properties": { "id": 1001, "district_en": "Mtatsminda", "district_ka": "მთაწმინდა", "precinct": 1.0, "name_en": "Mtatsminda - 1", "name_ka": "მთაწმინდა - 1" }, "geometry": { "type": "Point", "coordinates": [ 44.801977872848511, 41.690315726486396 ] } },
{ "type": "Feature", "properties": { "id": 1002, "district_en": "Mtatsminda", "district_ka": "მთაწმინდა", "precinct": 2.0, "name_en": "Mtatsminda - 2", "name_ka": "მთაწმინდა - 2" }, "geometry": { "type": "Point", "coordinates": [ 44.798604463650129, 41.691720252978662 ] } },
{ "type": "Feature", "properties": { "id": 1003, "district_en": "Mtatsminda", "district_ka": "მთაწმინდა", "precinct": 3.0, "name_en": "Mtatsminda - 3", "name_ka": "მთაწმინდა - 3" }, "geometry": { "type": "Point", "coordinates": [ 44.794791, 41.6887963 ] } },
{ "type": "Feature", "properties": { "id": 1004, "district_en": "Mtatsminda", "district_ka": "მთაწმინდა", "precinct": 4.0, "name_en": "Mtatsminda - 4", "name_ka": "მთაწმინდა - 4" }, "geometry": { "type": "Point", "coordinates": [ 44.7958217, 41.6934649 ] } },
{ "type": "Feature", "properties": { "id": 1005, "district_en": "Mtatsminda", "district_ka": "მთაწმინდა", "precinct": 5.0, "name_en": "Mtatsminda - 5", "name_ka": "მთაწმინდა - 5" }, "geometry": { "type": "Point", "coordinates": [ 44.794277037020734, 41.695320352076102 ] } },
{ "type": "Feature", "properties": { "id": 1006, "district_en": "Mtatsminda", "district_ka": "მთაწმინდა", "precinct": 6.0, "name_en": "Mtatsminda - 6", "name_ka": "მთაწმინდა - 6" }, "geometry": { "type": "Point", "coordinates": [ 44.79605766074792, 41.693839274518957 ] } },
{ "type": "Feature", "properties": { "id": 1007, "district_en": "Mtatsminda", "district_ka": "მთაწმინდა", "precinct": 7.0, "name_en": "Mtatsminda - 7", "name_ka": "მთაწმინდა - 7" }, "geometry": { "type": "Point", "coordinates": [ 44.797797574205028, 41.697633605762853 ] } },
{ "type": "Feature", "properties": { "id": 1008, "district_en": "Mtatsminda", "district_ka": "მთაწმინდა", "precinct": 8.0, "name_en": "Mtatsminda - 8", "name_ka": "მთაწმინდა - 8" }, "geometry": { "type": "Point", "coordinates": [ 44.794051593254075, 41.696764972599098 ] } },
{ "type": "Feature", "properties": { "id": 1009, "district_en": "Mtatsminda", "district_ka": "მთაწმინდა", "precinct": 9.0, "name_en": "Mtatsminda - 9", "name_ka": "მთაწმინდა - 9" }, "geometry": { "type": "Point", "coordinates": [ 44.79128878665118, 41.699356250866046 ] } },
{ "type": "Feature", "properties": { "id": 1010, "district_en": "Mtatsminda", "district_ka": "მთაწმინდა", "precinct": 10.0, "name_en": "Mtatsminda - 10", "name_ka": "მთაწმინდა - 10" }, "geometry": { "type": "Point", "coordinates": [ 44.795055501505324, 41.699385551504712 ] } },
{ "type": "Feature", "properties": { "id": 1011, "district_en": "Mtatsminda", "district_ka": "მთაწმინდა", "precinct": 11.0, "name_en": "Mtatsminda - 11", "name_ka": "მთაწმინდა - 11" }, "geometry": { "type": "Point", "coordinates": [ 44.805327353372967, 41.6977216 ] } },
{ "type": "Feature", "properties": { "id": 1012, "district_en": "Mtatsminda", "district_ka": "მთაწმინდა", "precinct": 12.0, "name_en": "Mtatsminda - 12", "name_ka": "მთაწმინდა - 12" }, "geometry": { "type": "Point", "coordinates": [ 44.799517313491805, 41.700797973854975 ] } },
{ "type": "Feature", "properties": { "id": 1013, "district_en": "Mtatsminda", "district_ka": "მთაწმინდა", "precinct": 13.0, "name_en": "Mtatsminda - 13", "name_ka": "მთაწმინდა - 13" }, "geometry": { "type": "Point", "coordinates": [ 44.799167444913493, 41.702219470228016 ] } },
{ "type": "Feature", "properties": { "id": 1014, "district_en": "Mtatsminda", "district_ka": "მთაწმინდა", "precinct": 14.0, "name_en": "Mtatsminda - 14", "name_ka": "მთაწმინდა - 14" }, "geometry": { "type": "Point", "coordinates": [ 44.79259752366486, 41.70146375245136 ] } },
{ "type": "Feature", "properties": { "id": 1015, "district_en": "Mtatsminda", "district_ka": "მთაწმინდა", "precinct": 15.0, "name_en": "Mtatsminda - 15", "name_ka": "მთაწმინდა - 15" }, "geometry": { "type": "Point", "coordinates": [ 44.790980185983244, 41.703080901779884 ] } },
{ "type": "Feature", "properties": { "id": 1016, "district_en": "Mtatsminda", "district_ka": "მთაწმინდა", "precinct": 16.0, "name_en": "Mtatsminda - 16", "name_ka": "მთაწმინდა - 16" }, "geometry": { "type": "Point", "coordinates": [ 44.787552202064916, 41.708226505497244 ] } },
{ "type": "Feature", "properties": { "id": 1017, "district_en": "Mtatsminda", "district_ka": "მთაწმინდა", "precinct": 17.0, "name_en": "Mtatsminda - 17", "name_ka": "მთაწმინდა - 17" }, "geometry": { "type": "Point", "coordinates": [ 44.7900024, 41.7047713 ] } },
{ "type": "Feature", "properties": { "id": 1018, "district_en": "Mtatsminda", "district_ka": "მთაწმინდა", "precinct": 18.0, "name_en": "Mtatsminda - 18", "name_ka": "მთაწმინდა - 18" }, "geometry": { "type": "Point", "coordinates": [ 44.78805, 41.70425 ] } },
{ "type": "Feature", "properties": { "id": 1019, "district_en": "Mtatsminda", "district_ka": "მთაწმინდა", "precinct": 19.0, "name_en": "Mtatsminda - 19", "name_ka": "მთაწმინდა - 19" }, "geometry": { "type": "Point", "coordinates": [ 44.78164, 41.7049 ] } },
{ "type": "Feature", "properties": { "id": 1020, "district_en": "Mtatsminda", "district_ka": "მთაწმინდა", "precinct": 20.0, "name_en": "Mtatsminda - 20", "name_ka": "მთაწმინდა - 20" }, "geometry": { "type": "Point", "coordinates": [ 44.7805, 41.70541 ] } },
{ "type": "Feature", "properties": { "id": 1021, "district_en": "Mtatsminda", "district_ka": "მთაწმინდა", "precinct": 21.0, "name_en": "Mtatsminda - 21", "name_ka": "მთაწმინდა - 21" }, "geometry": { "type": "Point", "coordinates": [ 44.785874912897519, 41.706471390552281 ] } },
{ "type": "Feature", "properties": { "id": 1022, "district_en": "Mtatsminda", "district_ka": "მთაწმინდა", "precinct": 22.0, "name_en": "Mtatsminda - 22", "name_ka": "მთაწმინდა - 22" }, "geometry": { "type": "Point", "coordinates": [ 44.785877723278887, 41.706484518196469 ] } },
{ "type": "Feature", "properties": { "id": 1023, "district_en": "Mtatsminda", "district_ka": "მთაწმინდა", "precinct": 23.0, "name_en": "Mtatsminda - 23", "name_ka": "მთაწმინდა - 23" }, "geometry": { "type": "Point", "coordinates": [ 44.7821094, 41.7035696 ] } },
{ "type": "Feature", "properties": { "id": 1024, "district_en": "Mtatsminda", "district_ka": "მთაწმინდა", "precinct": 24.0, "name_en": "Mtatsminda - 24", "name_ka": "მთაწმინდა - 24" }, "geometry": { "type": "Point", "coordinates": [ 44.7808, 41.70476 ] } },
{ "type": "Feature", "properties": { "id": 1025, "district_en": "Mtatsminda", "district_ka": "მთაწმინდა", "precinct": 25.0, "name_en": "Mtatsminda - 25", "name_ka": "მთაწმინდა - 25" }, "geometry": { "type": "Point", "coordinates": [ 44.779238838831859, 41.707455652000668 ] } },
{ "type": "Feature", "properties": { "id": 1026, "district_en": "Mtatsminda", "district_ka": "მთაწმინდა", "precinct": 26.0, "name_en": "Mtatsminda - 26", "name_ka": "მთაწმინდა - 26" }, "geometry": { "type": "Point", "coordinates": [ 44.780240280950935, 41.707352172348756 ] } },
{ "type": "Feature", "properties": { "id": 1027, "district_en": "Mtatsminda", "district_ka": "მთაწმინდა", "precinct": 27.0, "name_en": "Mtatsminda - 27", "name_ka": "მთაწმინდა - 27" }, "geometry": { "type": "Point", "coordinates": [ 44.784131776190854, 41.709124160864945 ] } },
{ "type": "Feature", "properties": { "id": 1028, "district_en": "Mtatsminda", "district_ka": "მთაწმინდა", "precinct": 28.0, "name_en": "Mtatsminda - 28", "name_ka": "მთაწმინდა - 28" }, "geometry": { "type": "Point", "coordinates": [ 44.784131776190854, 41.709124160864945 ] } },
{ "type": "Feature", "properties": { "id": 1029, "district_en": "Mtatsminda", "district_ka": "მთაწმინდა", "precinct": 29.0, "name_en": "Mtatsminda - 29", "name_ka": "მთაწმინდა - 29" }, "geometry": { "type": "Point", "coordinates": [ 44.775952710808845, 41.686702225721689 ] } },
{ "type": "Feature", "properties": { "id": 1030, "district_en": "Mtatsminda", "district_ka": "მთაწმინდა", "precinct": 30.0, "name_en": "Mtatsminda - 30", "name_ka": "მთაწმინდა - 30" }, "geometry": { "type": "Point", "coordinates": [ 44.74109443736495, 41.668499622456842 ] } },
{ "type": "Feature", "properties": { "id": 1031, "district_en": "Mtatsminda", "district_ka": "მთაწმინდა", "precinct": 31.0, "name_en": "Mtatsminda - 31", "name_ka": "მთაწმინდა - 31" }, "geometry": { "type": "Point", "coordinates": [ 44.772162437438965, 41.668928772151595 ] } },
{ "type": "Feature", "properties": { "id": 1032, "district_en": "Mtatsminda", "district_ka": "მთაწმინდა", "precinct": 32.0, "name_en": "Mtatsminda - 32", "name_ka": "მთაწმინდა - 32" }, "geometry": { "type": "Point", "coordinates": [ 44.760655760765076, 41.648376499501381 ] } },
{ "type": "Feature", "properties": { "id": 1033, "district_en": "Mtatsminda", "district_ka": "მთაწმინდა", "precinct": 33.0, "name_en": "Mtatsminda - 33", "name_ka": "მთაწმინდა - 33" }, "geometry": { "type": "Point", "coordinates": [ 44.70115, 41.6618 ] } },
{ "type": "Feature", "properties": { "id": 1034, "district_en": "Mtatsminda", "district_ka": "მთაწმინდა", "precinct": 34.0, "name_en": "Mtatsminda - 34", "name_ka": "მთაწმინდა - 34" }, "geometry": { "type": "Point", "coordinates": [ 44.65424, 41.65587 ] } },
{ "type": "Feature", "properties": { "id": 2001, "district_en": "Vake", "district_ka": "ვაკე", "precinct": 1.0, "name_en": "Vake - 1", "name_ka": "ვაკე - 1" }, "geometry": { "type": "Point", "coordinates": [ 44.777218401432037, 41.709827422766125 ] } },
{ "type": "Feature", "properties": { "id": 2002, "district_en": "Vake", "district_ka": "ვაკე", "precinct": 2.0, "name_en": "Vake - 2", "name_ka": "ვაკე - 2" }, "geometry": { "type": "Point", "coordinates": [ 44.777071334393327, 41.709853782624087 ] } },
{ "type": "Feature", "properties": { "id": 2003, "district_en": "Vake", "district_ka": "ვაკე", "precinct": 3.0, "name_en": "Vake - 3", "name_ka": "ვაკე - 3" }, "geometry": { "type": "Point", "coordinates": [ 44.771886169910431, 41.707486652182958 ] } },
{ "type": "Feature", "properties": { "id": 2004, "district_en": "Vake", "district_ka": "ვაკე", "precinct": 4.0, "name_en": "Vake - 4", "name_ka": "ვაკე - 4" }, "geometry": { "type": "Point", "coordinates": [ 44.769210977909786, 41.709077071720934 ] } },
{ "type": "Feature", "properties": { "id": 2005, "district_en": "Vake", "district_ka": "ვაკე", "precinct": 5.0, "name_en": "Vake - 5", "name_ka": "ვაკე - 5" }, "geometry": { "type": "Point", "coordinates": [ 44.771384596824646, 41.709348863256501 ] } },
{ "type": "Feature", "properties": { "id": 2006, "district_en": "Vake", "district_ka": "ვაკე", "precinct": 6.0, "name_en": "Vake - 6", "name_ka": "ვაკე - 6" }, "geometry": { "type": "Point", "coordinates": [ 44.768270552158356, 41.709320830371389 ] } },
{ "type": "Feature", "properties": { "id": 2007, "district_en": "Vake", "district_ka": "ვაკე", "precinct": 7.0, "name_en": "Vake - 7", "name_ka": "ვაკე - 7" }, "geometry": { "type": "Point", "coordinates": [ 44.768730716710699, 41.707901066949525 ] } },
{ "type": "Feature", "properties": { "id": 2008, "district_en": "Vake", "district_ka": "ვაკე", "precinct": 8.0, "name_en": "Vake - 8", "name_ka": "ვაკე - 8" }, "geometry": { "type": "Point", "coordinates": [ 44.77126911230318, 41.70787693776812 ] } },
{ "type": "Feature", "properties": { "id": 2009, "district_en": "Vake", "district_ka": "ვაკე", "precinct": 9.0, "name_en": "Vake - 9", "name_ka": "ვაკე - 9" }, "geometry": { "type": "Point", "coordinates": [ 44.768251734462751, 41.709335026039952 ] } },
{ "type": "Feature", "properties": { "id": 2010, "district_en": "Vake", "district_ka": "ვაკე", "precinct": 10.0, "name_en": "Vake - 10", "name_ka": "ვაკე - 10" }, "geometry": { "type": "Point", "coordinates": [ 44.759212732315063, 41.709695268613252 ] } },
{ "type": "Feature", "properties": { "id": 2011, "district_en": "Vake", "district_ka": "ვაკე", "precinct": 11.0, "name_en": "Vake - 11", "name_ka": "ვაკე - 11" }, "geometry": { "type": "Point", "coordinates": [ 44.759216122090166, 41.70969545612283 ] } },
{ "type": "Feature", "properties": { "id": 2012, "district_en": "Vake", "district_ka": "ვაკე", "precinct": 12.0, "name_en": "Vake - 12", "name_ka": "ვაკე - 12" }, "geometry": { "type": "Point", "coordinates": [ 44.760001845997976, 41.709510762512714 ] } },
{ "type": "Feature", "properties": { "id": 2013, "district_en": "Vake", "district_ka": "ვაკე", "precinct": 13.0, "name_en": "Vake - 13", "name_ka": "ვაკე - 13" }, "geometry": { "type": "Point", "coordinates": [ 44.755330234766006, 41.70821452282506 ] } },
{ "type": "Feature", "properties": { "id": 2014, "district_en": "Vake", "district_ka": "ვაკე", "precinct": 14.0, "name_en": "Vake - 14", "name_ka": "ვაკე - 14" }, "geometry": { "type": "Point", "coordinates": [ 44.759923024767396, 41.713283728421864 ] } },
{ "type": "Feature", "properties": { "id": 2015, "district_en": "Vake", "district_ka": "ვაკე", "precinct": 15.0, "name_en": "Vake - 15", "name_ka": "ვაკე - 15" }, "geometry": { "type": "Point", "coordinates": [ 44.771357453199336, 41.70936060991766 ] } },
{ "type": "Feature", "properties": { "id": 2016, "district_en": "Vake", "district_ka": "ვაკე", "precinct": 16.0, "name_en": "Vake - 16", "name_ka": "ვაკე - 16" }, "geometry": { "type": "Point", "coordinates": [ 44.770834882000706, 41.708899184464968 ] } },
{ "type": "Feature", "properties": { "id": 2017, "district_en": "Vake", "district_ka": "ვაკე", "precinct": 17.0, "name_en": "Vake - 17", "name_ka": "ვაკე - 17" }, "geometry": { "type": "Point", "coordinates": [ 44.759226143360138, 41.70968325458584 ] } },
{ "type": "Feature", "properties": { "id": 2018, "district_en": "Vake", "district_ka": "ვაკე", "precinct": 18.0, "name_en": "Vake - 18", "name_ka": "ვაკე - 18" }, "geometry": { "type": "Point", "coordinates": [ 44.759955492065487, 41.709512235187113 ] } },
{ "type": "Feature", "properties": { "id": 2019, "district_en": "Vake", "district_ka": "ვაკე", "precinct": 19.0, "name_en": "Vake - 19", "name_ka": "ვაკე - 19" }, "geometry": { "type": "Point", "coordinates": [ 44.769243901570505, 41.709166241585727 ] } },
{ "type": "Feature", "properties": { "id": 2020, "district_en": "Vake", "district_ka": "ვაკე", "precinct": 20.0, "name_en": "Vake - 20", "name_ka": "ვაკე - 20" }, "geometry": { "type": "Point", "coordinates": [ 44.753441682209029, 41.710616603968624 ] } },
{ "type": "Feature", "properties": { "id": 2021, "district_en": "Vake", "district_ka": "ვაკე", "precinct": 21.0, "name_en": "Vake - 21", "name_ka": "ვაკე - 21" }, "geometry": { "type": "Point", "coordinates": [ 44.748408794403076, 41.712088017642323 ] } },
{ "type": "Feature", "properties": { "id": 2022, "district_en": "Vake", "district_ka": "ვაკე", "precinct": 22.0, "name_en": "Vake - 22", "name_ka": "ვაკე - 22" }, "geometry": { "type": "Point", "coordinates": [ 44.748461384655748, 41.712457827024409 ] } },
{ "type": "Feature", "properties": { "id": 2023, "district_en": "Vake", "district_ka": "ვაკე", "precinct": 23.0, "name_en": "Vake - 23", "name_ka": "ვაკე - 23" }, "geometry": { "type": "Point", "coordinates": [ 44.74836224047548, 41.712891037355853 ] } },
{ "type": "Feature", "properties": { "id": 2024, "district_en": "Vake", "district_ka": "ვაკე", "precinct": 24.0, "name_en": "Vake - 24", "name_ka": "ვაკე - 24" }, "geometry": { "type": "Point", "coordinates": [ 44.74942926627044, 41.711989068278477 ] } },
{ "type": "Feature", "properties": { "id": 2025, "district_en": "Vake", "district_ka": "ვაკე", "precinct": 25.0, "name_en": "Vake - 25", "name_ka": "ვაკე - 25" }, "geometry": { "type": "Point", "coordinates": [ 44.731009304523468, 41.709559109504937 ] } },
{ "type": "Feature", "properties": { "id": 2026, "district_en": "Vake", "district_ka": "ვაკე", "precinct": 26.0, "name_en": "Vake - 26", "name_ka": "ვაკე - 26" }, "geometry": { "type": "Point", "coordinates": [ 44.73377631230057, 41.706424958295635 ] } },
{ "type": "Feature", "properties": { "id": 2027, "district_en": "Vake", "district_ka": "ვაკე", "precinct": 27.0, "name_en": "Vake - 27", "name_ka": "ვაკე - 27" }, "geometry": { "type": "Point", "coordinates": [ 44.715240233135233, 41.713667942458017 ] } },
{ "type": "Feature", "properties": { "id": 2028, "district_en": "Vake", "district_ka": "ვაკე", "precinct": 28.0, "name_en": "Vake - 28", "name_ka": "ვაკე - 28" }, "geometry": { "type": "Point", "coordinates": [ 44.700211816795573, 41.697926462213928 ] } },
{ "type": "Feature", "properties": { "id": 2029, "district_en": "Vake", "district_ka": "ვაკე", "precinct": 29.0, "name_en": "Vake - 29", "name_ka": "ვაკე - 29" }, "geometry": { "type": "Point", "coordinates": [ 44.708414026413116, 41.698909626697706 ] } },
{ "type": "Feature", "properties": { "id": 2030, "district_en": "Vake", "district_ka": "ვაკე", "precinct": 30.0, "name_en": "Vake - 30", "name_ka": "ვაკე - 30" }, "geometry": { "type": "Point", "coordinates": [ 44.69019278883934, 41.691689729488907 ] } },
{ "type": "Feature", "properties": { "id": 2031, "district_en": "Vake", "district_ka": "ვაკე", "precinct": 31.0, "name_en": "Vake - 31", "name_ka": "ვაკე - 31" }, "geometry": { "type": "Point", "coordinates": [ 44.70021722527008, 41.697921772245984 ] } },
{ "type": "Feature", "properties": { "id": 2032, "district_en": "Vake", "district_ka": "ვაკე", "precinct": 32.0, "name_en": "Vake - 32", "name_ka": "ვაკე - 32" }, "geometry": { "type": "Point", "coordinates": [ 44.744819589128483, 41.720765776858109 ] } },
{ "type": "Feature", "properties": { "id": 2033, "district_en": "Vake", "district_ka": "ვაკე", "precinct": 33.0, "name_en": "Vake - 33", "name_ka": "ვაკე - 33" }, "geometry": { "type": "Point", "coordinates": [ 44.743572769346223, 41.722744850519874 ] } },
{ "type": "Feature", "properties": { "id": 2034, "district_en": "Vake", "district_ka": "ვაკე", "precinct": 34.0, "name_en": "Vake - 34", "name_ka": "ვაკე - 34" }, "geometry": { "type": "Point", "coordinates": [ 44.745525419712067, 41.726270485039457 ] } },
{ "type": "Feature", "properties": { "id": 2035, "district_en": "Vake", "district_ka": "ვაკე", "precinct": 35.0, "name_en": "Vake - 35", "name_ka": "ვაკე - 35" }, "geometry": { "type": "Point", "coordinates": [ 44.745525419712067, 41.726270485039457 ] } },
{ "type": "Feature", "properties": { "id": 2036, "district_en": "Vake", "district_ka": "ვაკე", "precinct": 36.0, "name_en": "Vake - 36", "name_ka": "ვაკე - 36" }, "geometry": { "type": "Point", "coordinates": [ 44.738781005144119, 41.72609732725968 ] } },
{ "type": "Feature", "properties": { "id": 2037, "district_en": "Vake", "district_ka": "ვაკე", "precinct": 37.0, "name_en": "Vake - 37", "name_ka": "ვაკე - 37" }, "geometry": { "type": "Point", "coordinates": [ 44.734271923942579, 41.725594773703421 ] } },
{ "type": "Feature", "properties": { "id": 2038, "district_en": "Vake", "district_ka": "ვაკე", "precinct": 38.0, "name_en": "Vake - 38", "name_ka": "ვაკე - 38" }, "geometry": { "type": "Point", "coordinates": [ 44.739047884941101, 41.725846097512509 ] } },
{ "type": "Feature", "properties": { "id": 2039, "district_en": "Vake", "district_ka": "ვაკე", "precinct": 39.0, "name_en": "Vake - 39", "name_ka": "ვაკე - 39" }, "geometry": { "type": "Point", "coordinates": [ 44.729980615205378, 41.725962017575611 ] } },
{ "type": "Feature", "properties": { "id": 2040, "district_en": "Vake", "district_ka": "ვაკე", "precinct": 40.0, "name_en": "Vake - 40", "name_ka": "ვაკე - 40" }, "geometry": { "type": "Point", "coordinates": [ 44.730949254561665, 41.721036688094685 ] } },
{ "type": "Feature", "properties": { "id": 2041, "district_en": "Vake", "district_ka": "ვაკე", "precinct": 41.0, "name_en": "Vake - 41", "name_ka": "ვაკე - 41" }, "geometry": { "type": "Point", "coordinates": [ 44.73095029592514, 41.721043516901361 ] } },
{ "type": "Feature", "properties": { "id": 2042, "district_en": "Vake", "district_ka": "ვაკე", "precinct": 42.0, "name_en": "Vake - 42", "name_ka": "ვაკე - 42" }, "geometry": { "type": "Point", "coordinates": [ 44.730676548858241, 41.725467030904369 ] } },
{ "type": "Feature", "properties": { "id": 2043, "district_en": "Vake", "district_ka": "ვაკე", "precinct": 43.0, "name_en": "Vake - 43", "name_ka": "ვაკე - 43" }, "geometry": { "type": "Point", "coordinates": [ 44.729836944774668, 41.725967406206536 ] } },
{ "type": "Feature", "properties": { "id": 2044, "district_en": "Vake", "district_ka": "ვაკე", "precinct": 44.0, "name_en": "Vake - 44", "name_ka": "ვაკე - 44" }, "geometry": { "type": "Point", "coordinates": [ 44.723150432109833, 41.725213514674692 ] } },
{ "type": "Feature", "properties": { "id": 2045, "district_en": "Vake", "district_ka": "ვაკე", "precinct": 45.0, "name_en": "Vake - 45", "name_ka": "ვაკე - 45" }, "geometry": { "type": "Point", "coordinates": [ 44.717712253332138, 41.723084703937189 ] } },
{ "type": "Feature", "properties": { "id": 2046, "district_en": "Vake", "district_ka": "ვაკე", "precinct": 46.0, "name_en": "Vake - 46", "name_ka": "ვაკე - 46" }, "geometry": { "type": "Point", "coordinates": [ 44.723931131352167, 41.720978404744613 ] } },
{ "type": "Feature", "properties": { "id": 2047, "district_en": "Vake", "district_ka": "ვაკე", "precinct": 47.0, "name_en": "Vake - 47", "name_ka": "ვაკე - 47" }, "geometry": { "type": "Point", "coordinates": [ 44.723877487171869, 41.720980406730817 ] } },
{ "type": "Feature", "properties": { "id": 2048, "district_en": "Vake", "district_ka": "ვაკე", "precinct": 48.0, "name_en": "Vake - 48", "name_ka": "ვაკე - 48" }, "geometry": { "type": "Point", "coordinates": [ 44.723212222615061, 41.725201918456257 ] } },
{ "type": "Feature", "properties": { "id": 2049, "district_en": "Vake", "district_ka": "ვაკე", "precinct": 49.0, "name_en": "Vake - 49", "name_ka": "ვაკე - 49" }, "geometry": { "type": "Point", "coordinates": [ 44.723641603110543, 41.724554073490907 ] } },
{ "type": "Feature", "properties": { "id": 2050, "district_en": "Vake", "district_ka": "ვაკე", "precinct": 50.0, "name_en": "Vake - 50", "name_ka": "ვაკე - 50" }, "geometry": { "type": "Point", "coordinates": [ 44.7088413558197, 41.720515030016955 ] } },
{ "type": "Feature", "properties": { "id": 2051, "district_en": "Vake", "district_ka": "ვაკე", "precinct": 51.0, "name_en": "Vake - 51", "name_ka": "ვაკე - 51" }, "geometry": { "type": "Point", "coordinates": [ 44.721434720807643, 41.717061441957597 ] } },
{ "type": "Feature", "properties": { "id": 2052, "district_en": "Vake", "district_ka": "ვაკე", "precinct": 52.0, "name_en": "Vake - 52", "name_ka": "ვაკე - 52" }, "geometry": { "type": "Point", "coordinates": [ 44.723210850648485, 41.722189582943592 ] } },
{ "type": "Feature", "properties": { "id": 2053, "district_en": "Vake", "district_ka": "ვაკე", "precinct": 53.0, "name_en": "Vake - 53", "name_ka": "ვაკე - 53" }, "geometry": { "type": "Point", "coordinates": [ 44.710186040475485, 41.724905347835794 ] } },
{ "type": "Feature", "properties": { "id": 2054, "district_en": "Vake", "district_ka": "ვაკე", "precinct": 54.0, "name_en": "Vake - 54", "name_ka": "ვაკე - 54" }, "geometry": { "type": "Point", "coordinates": [ 44.723237998776668, 41.722193893824482 ] } },
{ "type": "Feature", "properties": { "id": 2055, "district_en": "Vake", "district_ka": "ვაკე", "precinct": 55.0, "name_en": "Vake - 55", "name_ka": "ვაკე - 55" }, "geometry": { "type": "Point", "coordinates": [ 44.715327769517899, 41.722751186731344 ] } },
{ "type": "Feature", "properties": { "id": 2056, "district_en": "Vake", "district_ka": "ვაკე", "precinct": 56.0, "name_en": "Vake - 56", "name_ka": "ვაკე - 56" }, "geometry": { "type": "Point", "coordinates": [ 44.725415889549232, 41.727091921047311 ] } },
{ "type": "Feature", "properties": { "id": 2057, "district_en": "Vake", "district_ka": "ვაკე", "precinct": 57.0, "name_en": "Vake - 57", "name_ka": "ვაკე - 57" }, "geometry": { "type": "Point", "coordinates": [ 44.734268315344238, 41.725608048233298 ] } },
{ "type": "Feature", "properties": { "id": 2058, "district_en": "Vake", "district_ka": "ვაკე", "precinct": 58.0, "name_en": "Vake - 58", "name_ka": "ვაკე - 58" }, "geometry": { "type": "Point", "coordinates": [ 44.734714776277542, 41.730035800649077 ] } },
{ "type": "Feature", "properties": { "id": 2059, "district_en": "Vake", "district_ka": "ვაკე", "precinct": 59.0, "name_en": "Vake - 59", "name_ka": "ვაკე - 59" }, "geometry": { "type": "Point", "coordinates": [ 44.734793901443481, 41.730049812575707 ] } },
{ "type": "Feature", "properties": { "id": 2060, "district_en": "Vake", "district_ka": "ვაკე", "precinct": 60.0, "name_en": "Vake - 60", "name_ka": "ვაკე - 60" }, "geometry": { "type": "Point", "coordinates": [ 44.733551598036456, 41.730135125569291 ] } },
{ "type": "Feature", "properties": { "id": 2061, "district_en": "Vake", "district_ka": "ვაკე", "precinct": 61.0, "name_en": "Vake - 61", "name_ka": "ვაკე - 61" }, "geometry": { "type": "Point", "coordinates": [ 44.725405160713173, 41.727077908475515 ] } },
{ "type": "Feature", "properties": { "id": 2062, "district_en": "Vake", "district_ka": "ვაკე", "precinct": 62.0, "name_en": "Vake - 62", "name_ka": "ვაკე - 62" }, "geometry": { "type": "Point", "coordinates": [ 44.723578647635428, 41.728405856228967 ] } },
{ "type": "Feature", "properties": { "id": 2063, "district_en": "Vake", "district_ka": "ვაკე", "precinct": 63.0, "name_en": "Vake - 63", "name_ka": "ვაკე - 63" }, "geometry": { "type": "Point", "coordinates": [ 44.719269417196628, 41.733883146175486 ] } },
{ "type": "Feature", "properties": { "id": 2064, "district_en": "Vake", "district_ka": "ვაკე", "precinct": 64.0, "name_en": "Vake - 64", "name_ka": "ვაკე - 64" }, "geometry": { "type": "Point", "coordinates": [ 44.719269417196628, 41.733883146175486 ] } },
{ "type": "Feature", "properties": { "id": 2065, "district_en": "Vake", "district_ka": "ვაკე", "precinct": 65.0, "name_en": "Vake - 65", "name_ka": "ვაკე - 65" }, "geometry": { "type": "Point", "coordinates": [ 44.728088770586254, 41.734281645273889 ] } },
{ "type": "Feature", "properties": { "id": 2066, "district_en": "Vake", "district_ka": "ვაკე", "precinct": 66.0, "name_en": "Vake - 66", "name_ka": "ვაკე - 66" }, "geometry": { "type": "Point", "coordinates": [ 44.728152308606262, 41.734363579774715 ] } },
{ "type": "Feature", "properties": { "id": 2067, "district_en": "Vake", "district_ka": "ვაკე", "precinct": 67.0, "name_en": "Vake - 67", "name_ka": "ვაკე - 67" }, "geometry": { "type": "Point", "coordinates": [ 44.726541249073804, 41.734594533815695 ] } },
{ "type": "Feature", "properties": { "id": 2068, "district_en": "Vake", "district_ka": "ვაკე", "precinct": 68.0, "name_en": "Vake - 68", "name_ka": "ვაკე - 68" }, "geometry": { "type": "Point", "coordinates": [ 44.726525155819715, 41.734604541624734 ] } },
{ "type": "Feature", "properties": { "id": 2069, "district_en": "Vake", "district_ka": "ვაკე", "precinct": 69.0, "name_en": "Vake - 69", "name_ka": "ვაკე - 69" }, "geometry": { "type": "Point", "coordinates": [ 44.726519791401685, 41.7345925322537 ] } },
{ "type": "Feature", "properties": { "id": 2070, "district_en": "Vake", "district_ka": "ვაკე", "precinct": 70.0, "name_en": "Vake - 70", "name_ka": "ვაკე - 70" }, "geometry": { "type": "Point", "coordinates": [ 44.695072835306824, 41.743264276857111 ] } },
{ "type": "Feature", "properties": { "id": 3001, "district_en": "Saburtalo", "district_ka": "საბურთალო", "precinct": 1.0, "name_en": "Saburtalo - 1", "name_ka": "საბურთალო - 1" }, "geometry": { "type": "Point", "coordinates": [ 44.782775981929682, 41.715806972874027 ] } },
{ "type": "Feature", "properties": { "id": 3002, "district_en": "Saburtalo", "district_ka": "საბურთალო", "precinct": 2.0, "name_en": "Saburtalo - 2", "name_ka": "საბურთალო - 2" }, "geometry": { "type": "Point", "coordinates": [ 44.779130816459656, 41.715788093496435 ] } },
{ "type": "Feature", "properties": { "id": 3003, "district_en": "Saburtalo", "district_ka": "საბურთალო", "precinct": 3.0, "name_en": "Saburtalo - 3", "name_ka": "საბურთალო - 3" }, "geometry": { "type": "Point", "coordinates": [ 44.778159856796265, 41.717153543872804 ] } },
{ "type": "Feature", "properties": { "id": 3004, "district_en": "Saburtalo", "district_ka": "საბურთალო", "precinct": 4.0, "name_en": "Saburtalo - 4", "name_ka": "საბურთალო - 4" }, "geometry": { "type": "Point", "coordinates": [ 44.77998268630472, 41.719276341004935 ] } },
{ "type": "Feature", "properties": { "id": 3005, "district_en": "Saburtalo", "district_ka": "საბურთალო", "precinct": 5.0, "name_en": "Saburtalo - 5", "name_ka": "საბურთალო - 5" }, "geometry": { "type": "Point", "coordinates": [ 44.779934406542452, 41.719276341004935 ] } },
{ "type": "Feature", "properties": { "id": 3006, "district_en": "Saburtalo", "district_ka": "საბურთალო", "precinct": 6.0, "name_en": "Saburtalo - 6", "name_ka": "საბურთალო - 6" }, "geometry": { "type": "Point", "coordinates": [ 44.777762147939654, 41.722259602408201 ] } },
{ "type": "Feature", "properties": { "id": 3007, "district_en": "Saburtalo", "district_ka": "საბურთალო", "precinct": 7.0, "name_en": "Saburtalo - 7", "name_ka": "საბურთალო - 7" }, "geometry": { "type": "Point", "coordinates": [ 44.779345393180847, 41.722070259726017 ] } },
{ "type": "Feature", "properties": { "id": 3008, "district_en": "Saburtalo", "district_ka": "საბურთალო", "precinct": 8.0, "name_en": "Saburtalo - 8", "name_ka": "საბურთალო - 8" }, "geometry": { "type": "Point", "coordinates": [ 44.77738732629561, 41.723437800123314 ] } },
{ "type": "Feature", "properties": { "id": 3009, "district_en": "Saburtalo", "district_ka": "საბურთალო", "precinct": 9.0, "name_en": "Saburtalo - 9", "name_ka": "საბურთალო - 9" }, "geometry": { "type": "Point", "coordinates": [ 44.777263944680925, 41.724604330947592 ] } },
{ "type": "Feature", "properties": { "id": 3010, "district_en": "Saburtalo", "district_ka": "საბურთალო", "precinct": 10.0, "name_en": "Saburtalo - 10", "name_ka": "საბურთალო - 10" }, "geometry": { "type": "Point", "coordinates": [ 44.773152897944456, 41.729242701571181 ] } },
{ "type": "Feature", "properties": { "id": 3011, "district_en": "Saburtalo", "district_ka": "საბურთალო", "precinct": 11.0, "name_en": "Saburtalo - 11", "name_ka": "საბურთალო - 11" }, "geometry": { "type": "Point", "coordinates": [ 44.774072170257568, 41.725413699790607 ] } },
{ "type": "Feature", "properties": { "id": 3012, "district_en": "Saburtalo", "district_ka": "საბურთალო", "precinct": 12.0, "name_en": "Saburtalo - 12", "name_ka": "საბურთალო - 12" }, "geometry": { "type": "Point", "coordinates": [ 44.773836435537383, 41.725245071090562 ] } },
{ "type": "Feature", "properties": { "id": 3013, "district_en": "Saburtalo", "district_ka": "საბურთალო", "precinct": 13.0, "name_en": "Saburtalo - 13", "name_ka": "საბურთალო - 13" }, "geometry": { "type": "Point", "coordinates": [ 44.771904945373535, 41.725623893491104 ] } },
{ "type": "Feature", "properties": { "id": 3014, "district_en": "Saburtalo", "district_ka": "საბურთალო", "precinct": 14.0, "name_en": "Saburtalo - 14", "name_ka": "საბურთალო - 14" }, "geometry": { "type": "Point", "coordinates": [ 44.77221141739178, 41.725488469396502 ] } },
{ "type": "Feature", "properties": { "id": 3015, "district_en": "Saburtalo", "district_ka": "საბურთალო", "precinct": 15.0, "name_en": "Saburtalo - 15", "name_ka": "საბურთალო - 15" }, "geometry": { "type": "Point", "coordinates": [ 44.77114810465504, 41.726837545196524 ] } },
{ "type": "Feature", "properties": { "id": 3016, "district_en": "Saburtalo", "district_ka": "საბურთალო", "precinct": 16.0, "name_en": "Saburtalo - 16", "name_ka": "საბურთალო - 16" }, "geometry": { "type": "Point", "coordinates": [ 44.771942496299744, 41.725721983649329 ] } },
{ "type": "Feature", "properties": { "id": 3017, "district_en": "Saburtalo", "district_ka": "საბურთალო", "precinct": 17.0, "name_en": "Saburtalo - 17", "name_ka": "საბურთალო - 17" }, "geometry": { "type": "Point", "coordinates": [ 44.771752203440712, 41.72568305570266 ] } },
{ "type": "Feature", "properties": { "id": 3018, "district_en": "Saburtalo", "district_ka": "საბურთალო", "precinct": 18.0, "name_en": "Saburtalo - 18", "name_ka": "საბურთალო - 18" }, "geometry": { "type": "Point", "coordinates": [ 44.76803719997406, 41.733792889225413 ] } },
{ "type": "Feature", "properties": { "id": 3019, "district_en": "Saburtalo", "district_ka": "საბურთალო", "precinct": 19.0, "name_en": "Saburtalo - 19", "name_ka": "საბურთალო - 19" }, "geometry": { "type": "Point", "coordinates": [ 44.767650961875916, 41.733656781168705 ] } },
{ "type": "Feature", "properties": { "id": 3020, "district_en": "Saburtalo", "district_ka": "საბურთალო", "precinct": 20.0, "name_en": "Saburtalo - 20", "name_ka": "საბურთალო - 20" }, "geometry": { "type": "Point", "coordinates": [ 44.767650961875916, 41.733656781168705 ] } },
{ "type": "Feature", "properties": { "id": 3021, "district_en": "Saburtalo", "district_ka": "საბურთალო", "precinct": 21.0, "name_en": "Saburtalo - 21", "name_ka": "საბურთალო - 21" }, "geometry": { "type": "Point", "coordinates": [ 44.767742854998389, 41.728601361872535 ] } },
{ "type": "Feature", "properties": { "id": 3022, "district_en": "Saburtalo", "district_ka": "საბურთალო", "precinct": 22.0, "name_en": "Saburtalo - 22", "name_ka": "საბურთალო - 22" }, "geometry": { "type": "Point", "coordinates": [ 44.766803383827209, 41.729793060224075 ] } },
{ "type": "Feature", "properties": { "id": 3023, "district_en": "Saburtalo", "district_ka": "საბურთალო", "precinct": 23.0, "name_en": "Saburtalo - 23", "name_ka": "საბურთალო - 23" }, "geometry": { "type": "Point", "coordinates": [ 44.767792018744061, 41.728213447368681 ] } },
{ "type": "Feature", "properties": { "id": 3024, "district_en": "Saburtalo", "district_ka": "საბურთალო", "precinct": 24.0, "name_en": "Saburtalo - 24", "name_ka": "საბურთალო - 24" }, "geometry": { "type": "Point", "coordinates": [ 44.765424728393555, 41.727191316259535 ] } },
{ "type": "Feature", "properties": { "id": 3025, "district_en": "Saburtalo", "district_ka": "საბურთალო", "precinct": 25.0, "name_en": "Saburtalo - 25", "name_ka": "საბურთალო - 25" }, "geometry": { "type": "Point", "coordinates": [ 44.765258431434631, 41.726992604676227 ] } },
{ "type": "Feature", "properties": { "id": 3026, "district_en": "Saburtalo", "district_ka": "საბურთალო", "precinct": 26.0, "name_en": "Saburtalo - 26", "name_ka": "საბურთალო - 26" }, "geometry": { "type": "Point", "coordinates": [ 44.765446186065674, 41.727068672987343 ] } },
{ "type": "Feature", "properties": { "id": 3027, "district_en": "Saburtalo", "district_ka": "საბურთალო", "precinct": 27.0, "name_en": "Saburtalo - 27", "name_ka": "საბურთალო - 27" }, "geometry": { "type": "Point", "coordinates": [ 44.75355863571167, 41.726766934815132 ] } },
{ "type": "Feature", "properties": { "id": 3028, "district_en": "Saburtalo", "district_ka": "საბურთალო", "precinct": 28.0, "name_en": "Saburtalo - 28", "name_ka": "საბურთალო - 28" }, "geometry": { "type": "Point", "coordinates": [ 44.754191544052446, 41.727164492183618 ] } },
{ "type": "Feature", "properties": { "id": 3029, "district_en": "Saburtalo", "district_ka": "საბურთალო", "precinct": 29.0, "name_en": "Saburtalo - 29", "name_ka": "საბურთალო - 29" }, "geometry": { "type": "Point", "coordinates": [ 44.754802552000641, 41.726783849962196 ] } },
{ "type": "Feature", "properties": { "id": 3030, "district_en": "Saburtalo", "district_ka": "საბურთალო", "precinct": 30.0, "name_en": "Saburtalo - 30", "name_ka": "საბურთალო - 30" }, "geometry": { "type": "Point", "coordinates": [ 44.75473397223378, 41.726699285586022 ] } },
{ "type": "Feature", "properties": { "id": 3031, "district_en": "Saburtalo", "district_ka": "საბურთალო", "precinct": 31.0, "name_en": "Saburtalo - 31", "name_ka": "საბურთალო - 31" }, "geometry": { "type": "Point", "coordinates": [ 44.746702909469604, 41.725287583240238 ] } },
{ "type": "Feature", "properties": { "id": 3032, "district_en": "Saburtalo", "district_ka": "საბურთალო", "precinct": 32.0, "name_en": "Saburtalo - 32", "name_ka": "საბურთალო - 32" }, "geometry": { "type": "Point", "coordinates": [ 44.753587520853145, 41.726844730719961 ] } },
{ "type": "Feature", "properties": { "id": 3033, "district_en": "Saburtalo", "district_ka": "საბურთალო", "precinct": 33.0, "name_en": "Saburtalo - 33", "name_ka": "საბურთალო - 33" }, "geometry": { "type": "Point", "coordinates": [ 44.753950238555262, 41.727249367975936 ] } },
{ "type": "Feature", "properties": { "id": 3034, "district_en": "Saburtalo", "district_ka": "საბურთალო", "precinct": 34.0, "name_en": "Saburtalo - 34", "name_ka": "საბურთალო - 34" }, "geometry": { "type": "Point", "coordinates": [ 44.750668207996334, 41.72631776490919 ] } },
{ "type": "Feature", "properties": { "id": 3035, "district_en": "Saburtalo", "district_ka": "საბურთალო", "precinct": 35.0, "name_en": "Saburtalo - 35", "name_ka": "საბურთალო - 35" }, "geometry": { "type": "Point", "coordinates": [ 44.750757170905253, 41.726361546637548 ] } },
{ "type": "Feature", "properties": { "id": 3036, "district_en": "Saburtalo", "district_ka": "საბურთალო", "precinct": 36.0, "name_en": "Saburtalo - 36", "name_ka": "საბურთალო - 36" }, "geometry": { "type": "Point", "coordinates": [ 44.747153520584106, 41.724612955584448 ] } },
{ "type": "Feature", "properties": { "id": 3037, "district_en": "Saburtalo", "district_ka": "საბურთალო", "precinct": 37.0, "name_en": "Saburtalo - 37", "name_ka": "საბურთალო - 37" }, "geometry": { "type": "Point", "coordinates": [ 44.746831655502319, 41.724572918112159 ] } },
{ "type": "Feature", "properties": { "id": 3038, "district_en": "Saburtalo", "district_ka": "საბურთალო", "precinct": 38.0, "name_en": "Saburtalo - 38", "name_ka": "საბურთალო - 38" }, "geometry": { "type": "Point", "coordinates": [ 44.749024361371994, 41.725103412595011 ] } },
{ "type": "Feature", "properties": { "id": 3039, "district_en": "Saburtalo", "district_ka": "საბურთალო", "precinct": 39.0, "name_en": "Saburtalo - 39", "name_ka": "საბურთალო - 39" }, "geometry": { "type": "Point", "coordinates": [ 44.75430428981781, 41.725409696094403 ] } },
{ "type": "Feature", "properties": { "id": 3040, "district_en": "Saburtalo", "district_ka": "საბურთალო", "precinct": 40.0, "name_en": "Saburtalo - 40", "name_ka": "საბურთალო - 40" }, "geometry": { "type": "Point", "coordinates": [ 44.75430428981781, 41.725409696094403 ] } },
{ "type": "Feature", "properties": { "id": 3041, "district_en": "Saburtalo", "district_ka": "საბურთალო", "precinct": 41.0, "name_en": "Saburtalo - 41", "name_ka": "საბურთალო - 41" }, "geometry": { "type": "Point", "coordinates": [ 44.755784869194031, 41.72277921375909 ] } },
{ "type": "Feature", "properties": { "id": 3042, "district_en": "Saburtalo", "district_ka": "საბურთალო", "precinct": 42.0, "name_en": "Saburtalo - 42", "name_ka": "საბურთალო - 42" }, "geometry": { "type": "Point", "coordinates": [ 44.757423506753355, 41.722109128891084 ] } },
{ "type": "Feature", "properties": { "id": 3043, "district_en": "Saburtalo", "district_ka": "საბურთალო", "precinct": 43.0, "name_en": "Saburtalo - 43", "name_ka": "საბურთალო - 43" }, "geometry": { "type": "Point", "coordinates": [ 44.757296714631707, 41.721998842438367 ] } },
{ "type": "Feature", "properties": { "id": 3044, "district_en": "Saburtalo", "district_ka": "საბურთალო", "precinct": 44.0, "name_en": "Saburtalo - 44", "name_ka": "საბურთალო - 44" }, "geometry": { "type": "Point", "coordinates": [ 44.758567267268532, 41.722305735272727 ] } },
{ "type": "Feature", "properties": { "id": 3045, "district_en": "Saburtalo", "district_ka": "საბურთალო", "precinct": 45.0, "name_en": "Saburtalo - 45", "name_ka": "საბურთალო - 45" }, "geometry": { "type": "Point", "coordinates": [ 44.766980409622192, 41.725133440453632 ] } },
{ "type": "Feature", "properties": { "id": 3046, "district_en": "Saburtalo", "district_ka": "საბურთალო", "precinct": 46.0, "name_en": "Saburtalo - 46", "name_ka": "საბურთალო - 46" }, "geometry": { "type": "Point", "coordinates": [ 44.765692949295044, 41.725133440453604 ] } },
{ "type": "Feature", "properties": { "id": 3047, "district_en": "Saburtalo", "district_ka": "საბურთალო", "precinct": 47.0, "name_en": "Saburtalo - 47", "name_ka": "საბურთალო - 47" }, "geometry": { "type": "Point", "coordinates": [ 44.762758612632751, 41.721357827651723 ] } },
{ "type": "Feature", "properties": { "id": 3048, "district_en": "Saburtalo", "district_ka": "საბურთალო", "precinct": 48.0, "name_en": "Saburtalo - 48", "name_ka": "საბურთალო - 48" }, "geometry": { "type": "Point", "coordinates": [ 44.77329432964325, 41.720520996901321 ] } },
{ "type": "Feature", "properties": { "id": 3049, "district_en": "Saburtalo", "district_ka": "საბურთალო", "precinct": 49.0, "name_en": "Saburtalo - 49", "name_ka": "საბურთალო - 49" }, "geometry": { "type": "Point", "coordinates": [ 44.76335851282807, 41.719845851501738 ] } },
{ "type": "Feature", "properties": { "id": 3050, "district_en": "Saburtalo", "district_ka": "საბურთალო", "precinct": 50.0, "name_en": "Saburtalo - 50", "name_ka": "საბურთალო - 50" }, "geometry": { "type": "Point", "coordinates": [ 44.767114343067085, 41.718923885395597 ] } },
{ "type": "Feature", "properties": { "id": 3051, "district_en": "Saburtalo", "district_ka": "საბურთალო", "precinct": 51.0, "name_en": "Saburtalo - 51", "name_ka": "საბურთალო - 51" }, "geometry": { "type": "Point", "coordinates": [ 44.766973383390543, 41.718900737281004 ] } },
{ "type": "Feature", "properties": { "id": 3052, "district_en": "Saburtalo", "district_ka": "საბურთალო", "precinct": 52.0, "name_en": "Saburtalo - 52", "name_ka": "საბურთალო - 52" }, "geometry": { "type": "Point", "coordinates": [ 44.766973383390543, 41.718900737281004 ] } },
{ "type": "Feature", "properties": { "id": 3053, "district_en": "Saburtalo", "district_ka": "საბურთალო", "precinct": 53.0, "name_en": "Saburtalo - 53", "name_ka": "საბურთალო - 53" }, "geometry": { "type": "Point", "coordinates": [ 44.768525362014771, 41.718575022974711 ] } },
{ "type": "Feature", "properties": { "id": 3054, "district_en": "Saburtalo", "district_ka": "საბურთალო", "precinct": 54.0, "name_en": "Saburtalo - 54", "name_ka": "საბურთალო - 54" }, "geometry": { "type": "Point", "coordinates": [ 44.768525362014771, 41.718575022974711 ] } },
{ "type": "Feature", "properties": { "id": 3055, "district_en": "Saburtalo", "district_ka": "საბურთალო", "precinct": 55.0, "name_en": "Saburtalo - 55", "name_ka": "საბურთალო - 55" }, "geometry": { "type": "Point", "coordinates": [ 44.769233465194702, 41.71489913367251 ] } },
{ "type": "Feature", "properties": { "id": 3056, "district_en": "Saburtalo", "district_ka": "საბურთალო", "precinct": 56.0, "name_en": "Saburtalo - 56", "name_ka": "საბურთალო - 56" }, "geometry": { "type": "Point", "coordinates": [ 44.769238829612732, 41.714879111913262 ] } },
{ "type": "Feature", "properties": { "id": 3057, "district_en": "Saburtalo", "district_ka": "საბურთალო", "precinct": 57.0, "name_en": "Saburtalo - 57", "name_ka": "საბურთალო - 57" }, "geometry": { "type": "Point", "coordinates": [ 44.769238829612732, 41.714879111913262 ] } },
{ "type": "Feature", "properties": { "id": 3058, "district_en": "Saburtalo", "district_ka": "საბურთალო", "precinct": 58.0, "name_en": "Saburtalo - 58", "name_ka": "საბურთალო - 58" }, "geometry": { "type": "Point", "coordinates": [ 44.769242779848426, 41.714969208718159 ] } },
{ "type": "Feature", "properties": { "id": 3059, "district_en": "Saburtalo", "district_ka": "საბურთალო", "precinct": 59.0, "name_en": "Saburtalo - 59", "name_ka": "საბურთალო - 59" }, "geometry": { "type": "Point", "coordinates": [ 44.776566746141029, 41.717871235721319 ] } },
{ "type": "Feature", "properties": { "id": 3060, "district_en": "Saburtalo", "district_ka": "საბურთალო", "precinct": 60.0, "name_en": "Saburtalo - 60", "name_ka": "საბურთალო - 60" }, "geometry": { "type": "Point", "coordinates": [ 44.776791930198669, 41.717858281103837 ] } },
{ "type": "Feature", "properties": { "id": 3061, "district_en": "Saburtalo", "district_ka": "საბურთალო", "precinct": 61.0, "name_en": "Saburtalo - 61", "name_ka": "საბურთალო - 61" }, "geometry": { "type": "Point", "coordinates": [ 44.776791930198669, 41.717858281103837 ] } },
{ "type": "Feature", "properties": { "id": 3062, "district_en": "Saburtalo", "district_ka": "საბურთალო", "precinct": 62.0, "name_en": "Saburtalo - 62", "name_ka": "საბურთალო - 62" }, "geometry": { "type": "Point", "coordinates": [ 44.763431279062431, 41.753771056022366 ] } },
{ "type": "Feature", "properties": { "id": 3063, "district_en": "Saburtalo", "district_ka": "საბურთალო", "precinct": 63.0, "name_en": "Saburtalo - 63", "name_ka": "საბურთალო - 63" }, "geometry": { "type": "Point", "coordinates": [ 44.763957560062408, 41.751544511696409 ] } },
{ "type": "Feature", "properties": { "id": 3064, "district_en": "Saburtalo", "district_ka": "საბურთალო", "precinct": 64.0, "name_en": "Saburtalo - 64", "name_ka": "საბურთალო - 64" }, "geometry": { "type": "Point", "coordinates": [ 44.763924135695333, 41.751749921187098 ] } },
{ "type": "Feature", "properties": { "id": 3065, "district_en": "Saburtalo", "district_ka": "საბურთალო", "precinct": 65.0, "name_en": "Saburtalo - 65", "name_ka": "საბურთალო - 65" }, "geometry": { "type": "Point", "coordinates": [ 44.760351471231786, 41.751766215431068 ] } },
{ "type": "Feature", "properties": { "id": 3066, "district_en": "Saburtalo", "district_ka": "საბურთალო", "precinct": 66.0, "name_en": "Saburtalo - 66", "name_ka": "საბურთალო - 66" }, "geometry": { "type": "Point", "coordinates": [ 44.73626898398539, 41.771011585732218 ] } },
{ "type": "Feature", "properties": { "id": 3067, "district_en": "Saburtalo", "district_ka": "საბურთალო", "precinct": 67.0, "name_en": "Saburtalo - 67", "name_ka": "საბურთალო - 67" }, "geometry": { "type": "Point", "coordinates": [ 44.736153685415381, 41.770988152097672 ] } },
{ "type": "Feature", "properties": { "id": 3068, "district_en": "Saburtalo", "district_ka": "საბურთალო", "precinct": 68.0, "name_en": "Saburtalo - 68", "name_ka": "საბურთალო - 68" }, "geometry": { "type": "Point", "coordinates": [ 44.736110192761743, 41.77094719801854 ] } },
{ "type": "Feature", "properties": { "id": 3069, "district_en": "Saburtalo", "district_ka": "საბურთალო", "precinct": 69.0, "name_en": "Saburtalo - 69", "name_ka": "საბურთალო - 69" }, "geometry": { "type": "Point", "coordinates": [ 44.736233713338152, 41.771060425681057 ] } },
{ "type": "Feature", "properties": { "id": 3070, "district_en": "Saburtalo", "district_ka": "საბურთალო", "precinct": 70.0, "name_en": "Saburtalo - 70", "name_ka": "საბურთალო - 70" }, "geometry": { "type": "Point", "coordinates": [ 44.736389815807343, 41.770517509161159 ] } },
{ "type": "Feature", "properties": { "id": 3071, "district_en": "Saburtalo", "district_ka": "საბურთალო", "precinct": 71.0, "name_en": "Saburtalo - 71", "name_ka": "საბურთალო - 71" }, "geometry": { "type": "Point", "coordinates": [ 44.761871417161942, 41.787316495946484 ] } },
{ "type": "Feature", "properties": { "id": 3072, "district_en": "Saburtalo", "district_ka": "საბურთალო", "precinct": 72.0, "name_en": "Saburtalo - 72", "name_ka": "საბურთალო - 72" }, "geometry": { "type": "Point", "coordinates": [ 44.761871417161942, 41.787316495946484 ] } },
{ "type": "Feature", "properties": { "id": 3073, "district_en": "Saburtalo", "district_ka": "საბურთალო", "precinct": 73.0, "name_en": "Saburtalo - 73", "name_ka": "საბურთალო - 73" }, "geometry": { "type": "Point", "coordinates": [ 44.76130485534668, 41.790524810511009 ] } },
{ "type": "Feature", "properties": { "id": 3074, "district_en": "Saburtalo", "district_ka": "საბურთალო", "precinct": 74.0, "name_en": "Saburtalo - 74", "name_ka": "საბურთალო - 74" }, "geometry": { "type": "Point", "coordinates": [ 44.759796700000038, 41.7906365 ] } },
{ "type": "Feature", "properties": { "id": 3075, "district_en": "Saburtalo", "district_ka": "საბურთალო", "precinct": 75.0, "name_en": "Saburtalo - 75", "name_ka": "საბურთალო - 75" }, "geometry": { "type": "Point", "coordinates": [ 44.759796700000038, 41.7906365 ] } },
{ "type": "Feature", "properties": { "id": 3076, "district_en": "Saburtalo", "district_ka": "საბურთალო", "precinct": 76.0, "name_en": "Saburtalo - 76", "name_ka": "საბურთალო - 76" }, "geometry": { "type": "Point", "coordinates": [ 44.759271740913391, 41.790676796504194 ] } },
{ "type": "Feature", "properties": { "id": 3077, "district_en": "Saburtalo", "district_ka": "საბურთალო", "precinct": 77.0, "name_en": "Saburtalo - 77", "name_ka": "საბურთალო - 77" }, "geometry": { "type": "Point", "coordinates": [ 44.756838261031945, 41.794421402154676 ] } },
{ "type": "Feature", "properties": { "id": 3078, "district_en": "Saburtalo", "district_ka": "საბურთალო", "precinct": 78.0, "name_en": "Saburtalo - 78", "name_ka": "საბურთალო - 78" }, "geometry": { "type": "Point", "coordinates": [ 44.756920813943132, 41.79446541689461 ] } },
{ "type": "Feature", "properties": { "id": 3079, "district_en": "Saburtalo", "district_ka": "საბურთალო", "precinct": 79.0, "name_en": "Saburtalo - 79", "name_ka": "საბურთალო - 79" }, "geometry": { "type": "Point", "coordinates": [ 44.766497904403892, 41.79911212364874 ] } },
{ "type": "Feature", "properties": { "id": 3080, "district_en": "Saburtalo", "district_ka": "საბურთალო", "precinct": 80.0, "name_en": "Saburtalo - 80", "name_ka": "საბურთალო - 80" }, "geometry": { "type": "Point", "coordinates": [ 44.766111373901367, 41.799227427934291 ] } },
{ "type": "Feature", "properties": { "id": 3081, "district_en": "Saburtalo", "district_ka": "საბურთალო", "precinct": 81.0, "name_en": "Saburtalo - 81", "name_ka": "საბურთალო - 81" }, "geometry": { "type": "Point", "coordinates": [ 44.747551599999952, 41.7894686 ] } },
{ "type": "Feature", "properties": { "id": 3082, "district_en": "Saburtalo", "district_ka": "საბურთალო", "precinct": 82.0, "name_en": "Saburtalo - 82", "name_ka": "საბურთალო - 82" }, "geometry": { "type": "Point", "coordinates": [ 44.744369387626648, 41.78979287291866 ] } },
{ "type": "Feature", "properties": { "id": 3083, "district_en": "Saburtalo", "district_ka": "საბურთალო", "precinct": 83.0, "name_en": "Saburtalo - 83", "name_ka": "საბურთალო - 83" }, "geometry": { "type": "Point", "coordinates": [ 44.744369387626648, 41.78979287291866 ] } },
{ "type": "Feature", "properties": { "id": 3084, "district_en": "Saburtalo", "district_ka": "საბურთალო", "precinct": 84.0, "name_en": "Saburtalo - 84", "name_ka": "საბურთალო - 84" }, "geometry": { "type": "Point", "coordinates": [ 44.743830170506413, 41.79060155058815 ] } },
{ "type": "Feature", "properties": { "id": 3085, "district_en": "Saburtalo", "district_ka": "საბურთალო", "precinct": 85.0, "name_en": "Saburtalo - 85", "name_ka": "საბურთალო - 85" }, "geometry": { "type": "Point", "coordinates": [ 44.741821180412927, 41.789086345811803 ] } },
{ "type": "Feature", "properties": { "id": 3086, "district_en": "Saburtalo", "district_ka": "საბურთალო", "precinct": 86.0, "name_en": "Saburtalo - 86", "name_ka": "საბურთალო - 86" }, "geometry": { "type": "Point", "coordinates": [ 44.742639367983983, 41.793222200986996 ] } },
{ "type": "Feature", "properties": { "id": 3087, "district_en": "Saburtalo", "district_ka": "საბურთალო", "precinct": 87.0, "name_en": "Saburtalo - 87", "name_ka": "საბურთალო - 87" }, "geometry": { "type": "Point", "coordinates": [ 44.742639367983983, 41.793222200986996 ] } },
{ "type": "Feature", "properties": { "id": 3088, "district_en": "Saburtalo", "district_ka": "საბურთალო", "precinct": 88.0, "name_en": "Saburtalo - 88", "name_ka": "საბურთალო - 88" }, "geometry": { "type": "Point", "coordinates": [ 44.743379657672094, 41.794062283773847 ] } },
{ "type": "Feature", "properties": { "id": 3089, "district_en": "Saburtalo", "district_ka": "საბურთალო", "precinct": 89.0, "name_en": "Saburtalo - 89", "name_ka": "საბურთალო - 89" }, "geometry": { "type": "Point", "coordinates": [ 44.73600674872489, 41.788946305086668 ] } },
{ "type": "Feature", "properties": { "id": 3090, "district_en": "Saburtalo", "district_ka": "საბურთალო", "precinct": 90.0, "name_en": "Saburtalo - 90", "name_ka": "საბურთალო - 90" }, "geometry": { "type": "Point", "coordinates": [ 44.776582717895508, 41.797935707842974 ] } },
{ "type": "Feature", "properties": { "id": 3091, "district_en": "Saburtalo", "district_ka": "საბურთალო", "precinct": 91.0, "name_en": "Saburtalo - 91", "name_ka": "საბურთალო - 91" }, "geometry": { "type": "Point", "coordinates": [ 44.78322019999996, 41.8117904 ] } },
{ "type": "Feature", "properties": { "id": 4001, "district_en": "Krtsanisi", "district_ka": "კრწანისი", "precinct": 1.0, "name_en": "Krtsanisi - 1", "name_ka": "კრწანისი - 1" }, "geometry": { "type": "Point", "coordinates": [ 44.804890890143611, 41.695610676117269 ] } },
{ "type": "Feature", "properties": { "id": 4002, "district_en": "Krtsanisi", "district_ka": "კრწანისი", "precinct": 2.0, "name_en": "Krtsanisi - 2", "name_ka": "კრწანისი - 2" }, "geometry": { "type": "Point", "coordinates": [ 44.804577359489812, 41.692963804288247 ] } },
{ "type": "Feature", "properties": { "id": 4003, "district_en": "Krtsanisi", "district_ka": "კრწანისი", "precinct": 3.0, "name_en": "Krtsanisi - 3", "name_ka": "კრწანისი - 3" }, "geometry": { "type": "Point", "coordinates": [ 44.802510784096157, 41.691074800619603 ] } },
{ "type": "Feature", "properties": { "id": 4004, "district_en": "Krtsanisi", "district_ka": "კრწანისი", "precinct": 4.0, "name_en": "Krtsanisi - 4", "name_ka": "კრწანისი - 4" }, "geometry": { "type": "Point", "coordinates": [ 44.815239602509301, 41.68668939388558 ] } },
{ "type": "Feature", "properties": { "id": 4005, "district_en": "Krtsanisi", "district_ka": "კრწანისი", "precinct": 5.0, "name_en": "Krtsanisi - 5", "name_ka": "კრწანისი - 5" }, "geometry": { "type": "Point", "coordinates": [ 44.818773382838053, 41.686046161726416 ] } },
{ "type": "Feature", "properties": { "id": 4006, "district_en": "Krtsanisi", "district_ka": "კრწანისი", "precinct": 6.0, "name_en": "Krtsanisi - 6", "name_ka": "კრწანისი - 6" }, "geometry": { "type": "Point", "coordinates": [ 44.82449059140167, 41.681981626400677 ] } },
{ "type": "Feature", "properties": { "id": 4007, "district_en": "Krtsanisi", "district_ka": "კრწანისი", "precinct": 7.0, "name_en": "Krtsanisi - 7", "name_ka": "კრწანისი - 7" }, "geometry": { "type": "Point", "coordinates": [ 44.823566748479507, 41.68027161881821 ] } },
{ "type": "Feature", "properties": { "id": 4008, "district_en": "Krtsanisi", "district_ka": "კრწანისი", "precinct": 8.0, "name_en": "Krtsanisi - 8", "name_ka": "კრწანისი - 8" }, "geometry": { "type": "Point", "coordinates": [ 44.823529197553299, 41.680435885430008 ] } },
{ "type": "Feature", "properties": { "id": 4009, "district_en": "Krtsanisi", "district_ka": "კრწანისი", "precinct": 9.0, "name_en": "Krtsanisi - 9", "name_ka": "კრწანისი - 9" }, "geometry": { "type": "Point", "coordinates": [ 44.822391362600321, 41.678084494702439 ] } },
{ "type": "Feature", "properties": { "id": 4010, "district_en": "Krtsanisi", "district_ka": "კრწანისი", "precinct": 10.0, "name_en": "Krtsanisi - 10", "name_ka": "კრწანისი - 10" }, "geometry": { "type": "Point", "coordinates": [ 44.822947807928415, 41.673304040411381 ] } },
{ "type": "Feature", "properties": { "id": 4011, "district_en": "Krtsanisi", "district_ka": "კრწანისი", "precinct": 11.0, "name_en": "Krtsanisi - 11", "name_ka": "კრწანისი - 11" }, "geometry": { "type": "Point", "coordinates": [ 44.822929926644122, 41.673587530905735 ] } },
{ "type": "Feature", "properties": { "id": 4012, "district_en": "Krtsanisi", "district_ka": "კრწანისი", "precinct": 12.0, "name_en": "Krtsanisi - 12", "name_ka": "კრწანისი - 12" }, "geometry": { "type": "Point", "coordinates": [ 44.846190065145493, 41.669647061246422 ] } },
{ "type": "Feature", "properties": { "id": 4013, "district_en": "Krtsanisi", "district_ka": "კრწანისი", "precinct": 13.0, "name_en": "Krtsanisi - 13", "name_ka": "კრწანისი - 13" }, "geometry": { "type": "Point", "coordinates": [ 44.898946282382497, 41.656432511931641 ] } },
{ "type": "Feature", "properties": { "id": 4014, "district_en": "Krtsanisi", "district_ka": "კრწანისი", "precinct": 14.0, "name_en": "Krtsanisi - 14", "name_ka": "კრწანისი - 14" }, "geometry": { "type": "Point", "coordinates": [ 44.909140009821698, 41.644641514377881 ] } },
{ "type": "Feature", "properties": { "id": 4015, "district_en": "Krtsanisi", "district_ka": "კრწანისი", "precinct": 15.0, "name_en": "Krtsanisi - 15", "name_ka": "კრწანისი - 15" }, "geometry": { "type": "Point", "coordinates": [ 44.90924868531954, 41.643947444129537 ] } },
{ "type": "Feature", "properties": { "id": 4016, "district_en": "Krtsanisi", "district_ka": "კრწანისი", "precinct": 16.0, "name_en": "Krtsanisi - 16", "name_ka": "კრწანისი - 16" }, "geometry": { "type": "Point", "coordinates": [ 44.897068328488913, 41.644641929435615 ] } },
{ "type": "Feature", "properties": { "id": 4017, "district_en": "Krtsanisi", "district_ka": "კრწანისი", "precinct": 17.0, "name_en": "Krtsanisi - 17", "name_ka": "კრწანისი - 17" }, "geometry": { "type": "Point", "coordinates": [ 44.899498409856406, 41.644549728686762 ] } },
{ "type": "Feature", "properties": { "id": 4018, "district_en": "Krtsanisi", "district_ka": "კრწანისი", "precinct": 18.0, "name_en": "Krtsanisi - 18", "name_ka": "კრწანისი - 18" }, "geometry": { "type": "Point", "coordinates": [ 44.897809959281531, 41.643864232025706 ] } },
{ "type": "Feature", "properties": { "id": 4019, "district_en": "Krtsanisi", "district_ka": "კრწანისი", "precinct": 19.0, "name_en": "Krtsanisi - 19", "name_ka": "კრწანისი - 19" }, "geometry": { "type": "Point", "coordinates": [ 44.897822029222098, 41.643880267118632 ] } },
{ "type": "Feature", "properties": { "id": 4020, "district_en": "Krtsanisi", "district_ka": "კრწანისი", "precinct": 20.0, "name_en": "Krtsanisi - 20", "name_ka": "კრწანისი - 20" }, "geometry": { "type": "Point", "coordinates": [ 44.915609818454776, 41.640298467215459 ] } },
{ "type": "Feature", "properties": { "id": 4021, "district_en": "Krtsanisi", "district_ka": "კრწანისი", "precinct": 21.0, "name_en": "Krtsanisi - 21", "name_ka": "კრწანისი - 21" }, "geometry": { "type": "Point", "coordinates": [ 44.915314775463138, 41.640122071169216 ] } },
{ "type": "Feature", "properties": { "id": 5001, "district_en": "Isani", "district_ka": "ისანი", "precinct": 1.0, "name_en": "Isani - 1", "name_ka": "ისანი - 1" }, "geometry": { "type": "Point", "coordinates": [ 44.821514715630386, 41.70213924990319 ] } },
{ "type": "Feature", "properties": { "id": 5002, "district_en": "Isani", "district_ka": "ისანი", "precinct": 2.0, "name_en": "Isani - 2", "name_ka": "ისანი - 2" }, "geometry": { "type": "Point", "coordinates": [ 44.821498455819686, 41.702126243555441 ] } },
{ "type": "Feature", "properties": { "id": 5003, "district_en": "Isani", "district_ka": "ისანი", "precinct": 3.0, "name_en": "Isani - 3", "name_ka": "ისანი - 3" }, "geometry": { "type": "Point", "coordinates": [ 44.81971839733739, 41.694177474462222 ] } },
{ "type": "Feature", "properties": { "id": 5004, "district_en": "Isani", "district_ka": "ისანი", "precinct": 4.0, "name_en": "Isani - 4", "name_ka": "ისანი - 4" }, "geometry": { "type": "Point", "coordinates": [ 44.8195167, 41.6931778 ] } },
{ "type": "Feature", "properties": { "id": 5005, "district_en": "Isani", "district_ka": "ისანი", "precinct": 5.0, "name_en": "Isani - 5", "name_ka": "ისანი - 5" }, "geometry": { "type": "Point", "coordinates": [ 44.8195167, 41.6931778 ] } },
{ "type": "Feature", "properties": { "id": 5006, "district_en": "Isani", "district_ka": "ისანი", "precinct": 6.0, "name_en": "Isani - 6", "name_ka": "ისანი - 6" }, "geometry": { "type": "Point", "coordinates": [ 44.8174216, 41.6905092 ] } },
{ "type": "Feature", "properties": { "id": 5007, "district_en": "Isani", "district_ka": "ისანი", "precinct": 7.0, "name_en": "Isani - 7", "name_ka": "ისანი - 7" }, "geometry": { "type": "Point", "coordinates": [ 44.823532104492188, 41.693159840143089 ] } },
{ "type": "Feature", "properties": { "id": 5008, "district_en": "Isani", "district_ka": "ისანი", "precinct": 8.0, "name_en": "Isani - 8", "name_ka": "ისანი - 8" }, "geometry": { "type": "Point", "coordinates": [ 44.819269936770631, 41.690578045433838 ] } },
{ "type": "Feature", "properties": { "id": 5009, "district_en": "Isani", "district_ka": "ისანი", "precinct": 9.0, "name_en": "Isani - 9", "name_ka": "ისანი - 9" }, "geometry": { "type": "Point", "coordinates": [ 44.827693218352309, 41.689781217521848 ] } },
{ "type": "Feature", "properties": { "id": 5010, "district_en": "Isani", "district_ka": "ისანი", "precinct": 10.0, "name_en": "Isani - 10", "name_ka": "ისანი - 10" }, "geometry": { "type": "Point", "coordinates": [ 44.827693218352309, 41.689781217521848 ] } },
{ "type": "Feature", "properties": { "id": 5011, "district_en": "Isani", "district_ka": "ისანი", "precinct": 11.0, "name_en": "Isani - 11", "name_ka": "ისანი - 11" }, "geometry": { "type": "Point", "coordinates": [ 44.828921602516175, 41.686224036827852 ] } },
{ "type": "Feature", "properties": { "id": 5012, "district_en": "Isani", "district_ka": "ისანი", "precinct": 12.0, "name_en": "Isani - 12", "name_ka": "ისანი - 12" }, "geometry": { "type": "Point", "coordinates": [ 44.836717844009399, 41.686950697231481 ] } },
{ "type": "Feature", "properties": { "id": 5013, "district_en": "Isani", "district_ka": "ისანი", "precinct": 13.0, "name_en": "Isani - 13", "name_ka": "ისანი - 13" }, "geometry": { "type": "Point", "coordinates": [ 44.836717844009399, 41.686950697231481 ] } },
{ "type": "Feature", "properties": { "id": 5014, "district_en": "Isani", "district_ka": "ისანი", "precinct": 14.0, "name_en": "Isani - 14", "name_ka": "ისანი - 14" }, "geometry": { "type": "Point", "coordinates": [ 44.841183722019196, 41.676113305833589 ] } },
{ "type": "Feature", "properties": { "id": 5015, "district_en": "Isani", "district_ka": "ისანი", "precinct": 15.0, "name_en": "Isani - 15", "name_ka": "ისანი - 15" }, "geometry": { "type": "Point", "coordinates": [ 44.841296374797821, 41.676155376870426 ] } },
{ "type": "Feature", "properties": { "id": 5016, "district_en": "Isani", "district_ka": "ისანი", "precinct": 16.0, "name_en": "Isani - 16", "name_ka": "ისანი - 16" }, "geometry": { "type": "Point", "coordinates": [ 44.840663373470306, 41.677703972565482 ] } },
{ "type": "Feature", "properties": { "id": 5017, "district_en": "Isani", "district_ka": "ისანი", "precinct": 17.0, "name_en": "Isani - 17", "name_ka": "ისანი - 17" }, "geometry": { "type": "Point", "coordinates": [ 44.840741157531738, 41.67762784583423 ] } },
{ "type": "Feature", "properties": { "id": 5018, "district_en": "Isani", "district_ka": "ისანი", "precinct": 18.0, "name_en": "Isani - 18", "name_ka": "ისანი - 18" }, "geometry": { "type": "Point", "coordinates": [ 44.840676784515381, 41.67762784583423 ] } },
{ "type": "Feature", "properties": { "id": 5019, "district_en": "Isani", "district_ka": "ისანი", "precinct": 19.0, "name_en": "Isani - 19", "name_ka": "ისანი - 19" }, "geometry": { "type": "Point", "coordinates": [ 44.851335883140564, 41.676395782267626 ] } },
{ "type": "Feature", "properties": { "id": 5020, "district_en": "Isani", "district_ka": "ისანი", "precinct": 20.0, "name_en": "Isani - 20", "name_ka": "ისანი - 20" }, "geometry": { "type": "Point", "coordinates": [ 44.851239323616028, 41.676393778893022 ] } },
{ "type": "Feature", "properties": { "id": 5021, "district_en": "Isani", "district_ka": "ისანი", "precinct": 21.0, "name_en": "Isani - 21", "name_ka": "ისანი - 21" }, "geometry": { "type": "Point", "coordinates": [ 44.851239323616028, 41.676393778893022 ] } },
{ "type": "Feature", "properties": { "id": 5022, "district_en": "Isani", "district_ka": "ისანი", "precinct": 22.0, "name_en": "Isani - 22", "name_ka": "ისანი - 22" }, "geometry": { "type": "Point", "coordinates": [ 44.868907709012369, 41.680381705016586 ] } },
{ "type": "Feature", "properties": { "id": 5023, "district_en": "Isani", "district_ka": "ისანი", "precinct": 23.0, "name_en": "Isani - 23", "name_ka": "ისანი - 23" }, "geometry": { "type": "Point", "coordinates": [ 44.858878079981835, 41.672928153682655 ] } },
{ "type": "Feature", "properties": { "id": 5024, "district_en": "Isani", "district_ka": "ისანი", "precinct": 24.0, "name_en": "Isani - 24", "name_ka": "ისანი - 24" }, "geometry": { "type": "Point", "coordinates": [ 44.858819383211831, 41.672964442664735 ] } },
{ "type": "Feature", "properties": { "id": 5025, "district_en": "Isani", "district_ka": "ისანი", "precinct": 25.0, "name_en": "Isani - 25", "name_ka": "ისანი - 25" }, "geometry": { "type": "Point", "coordinates": [ 44.858797613711388, 41.672880070084638 ] } },
{ "type": "Feature", "properties": { "id": 5026, "district_en": "Isani", "district_ka": "ისანი", "precinct": 26.0, "name_en": "Isani - 26", "name_ka": "ისანი - 26" }, "geometry": { "type": "Point", "coordinates": [ 44.868287444114685, 41.673516868627715 ] } },
{ "type": "Feature", "properties": { "id": 5027, "district_en": "Isani", "district_ka": "ისანი", "precinct": 27.0, "name_en": "Isani - 27", "name_ka": "ისანი - 27" }, "geometry": { "type": "Point", "coordinates": [ 44.858797613711388, 41.672880070084638 ] } },
{ "type": "Feature", "properties": { "id": 5028, "district_en": "Isani", "district_ka": "ისანი", "precinct": 28.0, "name_en": "Isani - 28", "name_ka": "ისანი - 28" }, "geometry": { "type": "Point", "coordinates": [ 44.8716616542427, 41.671803859906397 ] } },
{ "type": "Feature", "properties": { "id": 5029, "district_en": "Isani", "district_ka": "ისანი", "precinct": 29.0, "name_en": "Isani - 29", "name_ka": "ისანი - 29" }, "geometry": { "type": "Point", "coordinates": [ 44.8716616542427, 41.671803859906397 ] } },
{ "type": "Feature", "properties": { "id": 5030, "district_en": "Isani", "district_ka": "ისანი", "precinct": 30.0, "name_en": "Isani - 30", "name_ka": "ისანი - 30" }, "geometry": { "type": "Point", "coordinates": [ 44.833206361277007, 41.692419467809493 ] } },
{ "type": "Feature", "properties": { "id": 5031, "district_en": "Isani", "district_ka": "ისანი", "precinct": 31.0, "name_en": "Isani - 31", "name_ka": "ისანი - 31" }, "geometry": { "type": "Point", "coordinates": [ 44.851204013566026, 41.688320730080321 ] } },
{ "type": "Feature", "properties": { "id": 5032, "district_en": "Isani", "district_ka": "ისანი", "precinct": 32.0, "name_en": "Isani - 32", "name_ka": "ისანი - 32" }, "geometry": { "type": "Point", "coordinates": [ 44.845429658889771, 41.6954190182717 ] } },
{ "type": "Feature", "properties": { "id": 5033, "district_en": "Isani", "district_ka": "ისანი", "precinct": 33.0, "name_en": "Isani - 33", "name_ka": "ისანი - 33" }, "geometry": { "type": "Point", "coordinates": [ 44.841587323030048, 41.695736175065242 ] } },
{ "type": "Feature", "properties": { "id": 5034, "district_en": "Isani", "district_ka": "ისანი", "precinct": 34.0, "name_en": "Isani - 34", "name_ka": "ისანი - 34" }, "geometry": { "type": "Point", "coordinates": [ 44.845429658889771, 41.6954190182717 ] } },
{ "type": "Feature", "properties": { "id": 5035, "district_en": "Isani", "district_ka": "ისანი", "precinct": 35.0, "name_en": "Isani - 35", "name_ka": "ისანი - 35" }, "geometry": { "type": "Point", "coordinates": [ 44.857274454631046, 41.692266310023811 ] } },
{ "type": "Feature", "properties": { "id": 5036, "district_en": "Isani", "district_ka": "ისანი", "precinct": 36.0, "name_en": "Isani - 36", "name_ka": "ისანი - 36" }, "geometry": { "type": "Point", "coordinates": [ 44.85842334232786, 41.686794586593365 ] } },
{ "type": "Feature", "properties": { "id": 5037, "district_en": "Isani", "district_ka": "ისანი", "precinct": 37.0, "name_en": "Isani - 37", "name_ka": "ისანი - 37" }, "geometry": { "type": "Point", "coordinates": [ 44.861935, 41.6899778 ] } },
{ "type": "Feature", "properties": { "id": 5038, "district_en": "Isani", "district_ka": "ისანი", "precinct": 38.0, "name_en": "Isani - 38", "name_ka": "ისანი - 38" }, "geometry": { "type": "Point", "coordinates": [ 44.861935, 41.6899778 ] } },
{ "type": "Feature", "properties": { "id": 5039, "district_en": "Isani", "district_ka": "ისანი", "precinct": 39.0, "name_en": "Isani - 39", "name_ka": "ისანი - 39" }, "geometry": { "type": "Point", "coordinates": [ 44.861935, 41.6899778 ] } },
{ "type": "Feature", "properties": { "id": 5040, "district_en": "Isani", "district_ka": "ისანი", "precinct": 40.0, "name_en": "Isani - 40", "name_ka": "ისანი - 40" }, "geometry": { "type": "Point", "coordinates": [ 44.855905346700176, 41.68788313449113 ] } },
{ "type": "Feature", "properties": { "id": 5041, "district_en": "Isani", "district_ka": "ისანი", "precinct": 41.0, "name_en": "Isani - 41", "name_ka": "ისანი - 41" }, "geometry": { "type": "Point", "coordinates": [ 44.861824019944969, 41.695959878554035 ] } },
{ "type": "Feature", "properties": { "id": 5042, "district_en": "Isani", "district_ka": "ისანი", "precinct": 42.0, "name_en": "Isani - 42", "name_ka": "ისანი - 42" }, "geometry": { "type": "Point", "coordinates": [ 44.861824019944969, 41.695959878554035 ] } },
{ "type": "Feature", "properties": { "id": 5043, "district_en": "Isani", "district_ka": "ისანი", "precinct": 43.0, "name_en": "Isani - 43", "name_ka": "ისანი - 43" }, "geometry": { "type": "Point", "coordinates": [ 44.8567292, 41.6945208 ] } },
{ "type": "Feature", "properties": { "id": 5044, "district_en": "Isani", "district_ka": "ისანი", "precinct": 44.0, "name_en": "Isani - 44", "name_ka": "ისანი - 44" }, "geometry": { "type": "Point", "coordinates": [ 44.858789596866401, 41.695397645812875 ] } },
{ "type": "Feature", "properties": { "id": 5045, "district_en": "Isani", "district_ka": "ისანი", "precinct": 45.0, "name_en": "Isani - 45", "name_ka": "ისანი - 45" }, "geometry": { "type": "Point", "coordinates": [ 44.858789596866401, 41.695397645812875 ] } },
{ "type": "Feature", "properties": { "id": 5046, "district_en": "Isani", "district_ka": "ისანი", "precinct": 46.0, "name_en": "Isani - 46", "name_ka": "ისანი - 46" }, "geometry": { "type": "Point", "coordinates": [ 44.8529378, 41.70811 ] } },
{ "type": "Feature", "properties": { "id": 5047, "district_en": "Isani", "district_ka": "ისანი", "precinct": 47.0, "name_en": "Isani - 47", "name_ka": "ისანი - 47" }, "geometry": { "type": "Point", "coordinates": [ 44.8503186, 41.7032143 ] } },
{ "type": "Feature", "properties": { "id": 5048, "district_en": "Isani", "district_ka": "ისანი", "precinct": 48.0, "name_en": "Isani - 48", "name_ka": "ისანი - 48" }, "geometry": { "type": "Point", "coordinates": [ 44.8503186, 41.7032143 ] } },
{ "type": "Feature", "properties": { "id": 5049, "district_en": "Isani", "district_ka": "ისანი", "precinct": 49.0, "name_en": "Isani - 49", "name_ka": "ისანი - 49" }, "geometry": { "type": "Point", "coordinates": [ 44.852829873561859, 41.702862929321505 ] } },
{ "type": "Feature", "properties": { "id": 5050, "district_en": "Isani", "district_ka": "ისანი", "precinct": 50.0, "name_en": "Isani - 50", "name_ka": "ისანი - 50" }, "geometry": { "type": "Point", "coordinates": [ 44.853036403656006, 41.702828885953949 ] } },
{ "type": "Feature", "properties": { "id": 5051, "district_en": "Isani", "district_ka": "ისანი", "precinct": 51.0, "name_en": "Isani - 51", "name_ka": "ისანი - 51" }, "geometry": { "type": "Point", "coordinates": [ 44.845320929086448, 41.706824117426478 ] } },
{ "type": "Feature", "properties": { "id": 5052, "district_en": "Isani", "district_ka": "ისანი", "precinct": 52.0, "name_en": "Isani - 52", "name_ka": "ისანი - 52" }, "geometry": { "type": "Point", "coordinates": [ 44.845320929086448, 41.706824117426478 ] } },
{ "type": "Feature", "properties": { "id": 5053, "district_en": "Isani", "district_ka": "ისანი", "precinct": 53.0, "name_en": "Isani - 53", "name_ka": "ისანი - 53" }, "geometry": { "type": "Point", "coordinates": [ 44.8441492, 41.7061921 ] } },
{ "type": "Feature", "properties": { "id": 5054, "district_en": "Isani", "district_ka": "ისანი", "precinct": 54.0, "name_en": "Isani - 54", "name_ka": "ისანი - 54" }, "geometry": { "type": "Point", "coordinates": [ 44.8467295, 41.7023389 ] } },
{ "type": "Feature", "properties": { "id": 5055, "district_en": "Isani", "district_ka": "ისანი", "precinct": 55.0, "name_en": "Isani - 55", "name_ka": "ისანი - 55" }, "geometry": { "type": "Point", "coordinates": [ 44.847531480495448, 41.70181122147666 ] } },
{ "type": "Feature", "properties": { "id": 5056, "district_en": "Isani", "district_ka": "ისანი", "precinct": 56.0, "name_en": "Isani - 56", "name_ka": "ისანი - 56" }, "geometry": { "type": "Point", "coordinates": [ 44.851239323616028, 41.676393778893022 ] } },
{ "type": "Feature", "properties": { "id": 5057, "district_en": "Isani", "district_ka": "ისანი", "precinct": 57.0, "name_en": "Isani - 57", "name_ka": "ისანი - 57" }, "geometry": { "type": "Point", "coordinates": [ 44.856193097234339, 41.671164572902022 ] } },
{ "type": "Feature", "properties": { "id": 6001, "district_en": "Samgori", "district_ka": "სამგორი", "precinct": 1.0, "name_en": "Samgori - 1", "name_ka": "სამგორი - 1" }, "geometry": { "type": "Point", "coordinates": [ 44.877408049737596, 41.708953151281335 ] } },
{ "type": "Feature", "properties": { "id": 6002, "district_en": "Samgori", "district_ka": "სამგორი", "precinct": 2.0, "name_en": "Samgori - 2", "name_ka": "სამგორი - 2" }, "geometry": { "type": "Point", "coordinates": [ 44.877408049737596, 41.708953151281335 ] } },
{ "type": "Feature", "properties": { "id": 6003, "district_en": "Samgori", "district_ka": "სამგორი", "precinct": 3.0, "name_en": "Samgori - 3", "name_ka": "სამგორი - 3" }, "geometry": { "type": "Point", "coordinates": [ 44.877408049737596, 41.708953151281335 ] } },
{ "type": "Feature", "properties": { "id": 6004, "district_en": "Samgori", "district_ka": "სამგორი", "precinct": 4.0, "name_en": "Samgori - 4", "name_ka": "სამგორი - 4" }, "geometry": { "type": "Point", "coordinates": [ 44.879737217196634, 41.706839490293873 ] } },
{ "type": "Feature", "properties": { "id": 6005, "district_en": "Samgori", "district_ka": "სამგორი", "precinct": 5.0, "name_en": "Samgori - 5", "name_ka": "სამგორი - 5" }, "geometry": { "type": "Point", "coordinates": [ 44.879682900000034, 41.7065206 ] } },
{ "type": "Feature", "properties": { "id": 6006, "district_en": "Samgori", "district_ka": "სამგორი", "precinct": 6.0, "name_en": "Samgori - 6", "name_ka": "სამგორი - 6" }, "geometry": { "type": "Point", "coordinates": [ 44.879737217196634, 41.706839490293873 ] } },
{ "type": "Feature", "properties": { "id": 6007, "district_en": "Samgori", "district_ka": "სამგორი", "precinct": 7.0, "name_en": "Samgori - 7", "name_ka": "სამგორი - 7" }, "geometry": { "type": "Point", "coordinates": [ 44.876419504933416, 41.701056960544008 ] } },
{ "type": "Feature", "properties": { "id": 6008, "district_en": "Samgori", "district_ka": "სამგორი", "precinct": 8.0, "name_en": "Samgori - 8", "name_ka": "სამგორი - 8" }, "geometry": { "type": "Point", "coordinates": [ 44.877650186121372, 41.704103727499593 ] } },
{ "type": "Feature", "properties": { "id": 6009, "district_en": "Samgori", "district_ka": "სამგორი", "precinct": 9.0, "name_en": "Samgori - 9", "name_ka": "სამგორი - 9" }, "geometry": { "type": "Point", "coordinates": [ 44.885532089122769, 41.702351935033057 ] } },
{ "type": "Feature", "properties": { "id": 6010, "district_en": "Samgori", "district_ka": "სამგორი", "precinct": 10.0, "name_en": "Samgori - 10", "name_ka": "სამგორი - 10" }, "geometry": { "type": "Point", "coordinates": [ 44.885550490160419, 41.70230530439693 ] } },
{ "type": "Feature", "properties": { "id": 6011, "district_en": "Samgori", "district_ka": "სამგორი", "precinct": 11.0, "name_en": "Samgori - 11", "name_ka": "სამგორი - 11" }, "geometry": { "type": "Point", "coordinates": [ 44.885276799999929, 41.7024691 ] } },
{ "type": "Feature", "properties": { "id": 6012, "district_en": "Samgori", "district_ka": "სამგორი", "precinct": 12.0, "name_en": "Samgori - 12", "name_ka": "სამგორი - 12" }, "geometry": { "type": "Point", "coordinates": [ 44.882823471947859, 41.701189783587623 ] } },
{ "type": "Feature", "properties": { "id": 6013, "district_en": "Samgori", "district_ka": "სამგორი", "precinct": 13.0, "name_en": "Samgori - 13", "name_ka": "სამგორი - 13" }, "geometry": { "type": "Point", "coordinates": [ 44.874415, 41.7007231 ] } },
{ "type": "Feature", "properties": { "id": 6014, "district_en": "Samgori", "district_ka": "სამგორი", "precinct": 14.0, "name_en": "Samgori - 14", "name_ka": "სამგორი - 14" }, "geometry": { "type": "Point", "coordinates": [ 44.876493625977602, 41.701121978038351 ] } },
{ "type": "Feature", "properties": { "id": 6015, "district_en": "Samgori", "district_ka": "სამგორი", "precinct": 15.0, "name_en": "Samgori - 15", "name_ka": "სამგორი - 15" }, "geometry": { "type": "Point", "coordinates": [ 44.876426566570089, 41.701005693326728 ] } },
{ "type": "Feature", "properties": { "id": 6016, "district_en": "Samgori", "district_ka": "სამგორი", "precinct": 16.0, "name_en": "Samgori - 16", "name_ka": "სამგორი - 16" }, "geometry": { "type": "Point", "coordinates": [ 44.873950799999989, 41.6973035 ] } },
{ "type": "Feature", "properties": { "id": 6017, "district_en": "Samgori", "district_ka": "სამგორი", "precinct": 17.0, "name_en": "Samgori - 17", "name_ka": "სამგორი - 17" }, "geometry": { "type": "Point", "coordinates": [ 44.87748769037907, 41.697193034632804 ] } },
{ "type": "Feature", "properties": { "id": 6018, "district_en": "Samgori", "district_ka": "სამგორი", "precinct": 18.0, "name_en": "Samgori - 18", "name_ka": "სამგორი - 18" }, "geometry": { "type": "Point", "coordinates": [ 44.871616099999983, 41.6951131 ] } },
{ "type": "Feature", "properties": { "id": 6019, "district_en": "Samgori", "district_ka": "სამგორი", "precinct": 19.0, "name_en": "Samgori - 19", "name_ka": "სამგორი - 19" }, "geometry": { "type": "Point", "coordinates": [ 44.877723878224153, 41.6973155254029 ] } },
{ "type": "Feature", "properties": { "id": 6020, "district_en": "Samgori", "district_ka": "სამგორი", "precinct": 20.0, "name_en": "Samgori - 20", "name_ka": "სამგორი - 20" }, "geometry": { "type": "Point", "coordinates": [ 44.87838699089361, 41.692258758719255 ] } },
{ "type": "Feature", "properties": { "id": 6021, "district_en": "Samgori", "district_ka": "სამგორი", "precinct": 21.0, "name_en": "Samgori - 21", "name_ka": "სამგორი - 21" }, "geometry": { "type": "Point", "coordinates": [ 44.865612698147515, 41.695716455384932 ] } },
{ "type": "Feature", "properties": { "id": 6022, "district_en": "Samgori", "district_ka": "სამგორი", "precinct": 22.0, "name_en": "Samgori - 22", "name_ka": "სამგორი - 22" }, "geometry": { "type": "Point", "coordinates": [ 44.867528156042511, 41.69372403485864 ] } },
{ "type": "Feature", "properties": { "id": 6023, "district_en": "Samgori", "district_ka": "სამგორი", "precinct": 23.0, "name_en": "Samgori - 23", "name_ka": "სამგორი - 23" }, "geometry": { "type": "Point", "coordinates": [ 44.867187665576566, 41.693679486289128 ] } },
{ "type": "Feature", "properties": { "id": 6024, "district_en": "Samgori", "district_ka": "სამგორი", "precinct": 24.0, "name_en": "Samgori - 24", "name_ka": "სამგორი - 24" }, "geometry": { "type": "Point", "coordinates": [ 44.875882700000034, 41.6922993 ] } },
{ "type": "Feature", "properties": { "id": 6025, "district_en": "Samgori", "district_ka": "სამგორი", "precinct": 25.0, "name_en": "Samgori - 25", "name_ka": "სამგორი - 25" }, "geometry": { "type": "Point", "coordinates": [ 44.87841370000001, 41.6922172 ] } },
{ "type": "Feature", "properties": { "id": 6026, "district_en": "Samgori", "district_ka": "სამგორი", "precinct": 26.0, "name_en": "Samgori - 26", "name_ka": "სამგორი - 26" }, "geometry": { "type": "Point", "coordinates": [ 44.87841370000001, 41.6922172 ] } },
{ "type": "Feature", "properties": { "id": 6027, "district_en": "Samgori", "district_ka": "სამგორი", "precinct": 27.0, "name_en": "Samgori - 27", "name_ka": "სამგორი - 27" }, "geometry": { "type": "Point", "coordinates": [ 44.892521195017316, 41.689552294685555 ] } },
{ "type": "Feature", "properties": { "id": 6028, "district_en": "Samgori", "district_ka": "სამგორი", "precinct": 28.0, "name_en": "Samgori - 28", "name_ka": "სამგორი - 28" }, "geometry": { "type": "Point", "coordinates": [ 44.878635406494141, 41.686638221298402 ] } },
{ "type": "Feature", "properties": { "id": 6029, "district_en": "Samgori", "district_ka": "სამგორი", "precinct": 29.0, "name_en": "Samgori - 29", "name_ka": "სამგორი - 29" }, "geometry": { "type": "Point", "coordinates": [ 44.878635406494141, 41.686638221298402 ] } },
{ "type": "Feature", "properties": { "id": 6030, "district_en": "Samgori", "district_ka": "სამგორი", "precinct": 30.0, "name_en": "Samgori - 30", "name_ka": "სამგორი - 30" }, "geometry": { "type": "Point", "coordinates": [ 44.886968799999977, 41.6864087 ] } },
{ "type": "Feature", "properties": { "id": 6031, "district_en": "Samgori", "district_ka": "სამგორი", "precinct": 31.0, "name_en": "Samgori - 31", "name_ka": "სამგორი - 31" }, "geometry": { "type": "Point", "coordinates": [ 44.881031512340996, 41.685459295244769 ] } },
{ "type": "Feature", "properties": { "id": 6032, "district_en": "Samgori", "district_ka": "სამგორი", "precinct": 32.0, "name_en": "Samgori - 32", "name_ka": "სამგორი - 32" }, "geometry": { "type": "Point", "coordinates": [ 44.878635406494141, 41.686638221298402 ] } },
{ "type": "Feature", "properties": { "id": 6033, "district_en": "Samgori", "district_ka": "სამგორი", "precinct": 33.0, "name_en": "Samgori - 33", "name_ka": "სამგორი - 33" }, "geometry": { "type": "Point", "coordinates": [ 44.88100295124255, 41.685460476280113 ] } },
{ "type": "Feature", "properties": { "id": 6034, "district_en": "Samgori", "district_ka": "სამგორი", "precinct": 34.0, "name_en": "Samgori - 34", "name_ka": "სამგორი - 34" }, "geometry": { "type": "Point", "coordinates": [ 44.926098078573659, 41.695681611097065 ] } },
{ "type": "Feature", "properties": { "id": 6035, "district_en": "Samgori", "district_ka": "სამგორი", "precinct": 35.0, "name_en": "Samgori - 35", "name_ka": "სამგორი - 35" }, "geometry": { "type": "Point", "coordinates": [ 44.924791088360621, 41.693983232169373 ] } },
{ "type": "Feature", "properties": { "id": 6036, "district_en": "Samgori", "district_ka": "სამგორი", "precinct": 36.0, "name_en": "Samgori - 36", "name_ka": "სამგორი - 36" }, "geometry": { "type": "Point", "coordinates": [ 44.924791088360621, 41.693983232169373 ] } },
{ "type": "Feature", "properties": { "id": 6037, "district_en": "Samgori", "district_ka": "სამგორი", "precinct": 37.0, "name_en": "Samgori - 37", "name_ka": "სამგორი - 37" }, "geometry": { "type": "Point", "coordinates": [ 44.977784, 41.6862233 ] } },
{ "type": "Feature", "properties": { "id": 6038, "district_en": "Samgori", "district_ka": "სამგორი", "precinct": 38.0, "name_en": "Samgori - 38", "name_ka": "სამგორი - 38" }, "geometry": { "type": "Point", "coordinates": [ 44.979090838401703, 41.679700445475113 ] } },
{ "type": "Feature", "properties": { "id": 6039, "district_en": "Samgori", "district_ka": "სამგორი", "precinct": 39.0, "name_en": "Samgori - 39", "name_ka": "სამგორი - 39" }, "geometry": { "type": "Point", "coordinates": [ 44.98066277301632, 41.67838528399038 ] } },
{ "type": "Feature", "properties": { "id": 6040, "district_en": "Samgori", "district_ka": "სამგორი", "precinct": 40.0, "name_en": "Samgori - 40", "name_ka": "სამგორი - 40" }, "geometry": { "type": "Point", "coordinates": [ 44.981884300000047, 41.6789138 ] } },
{ "type": "Feature", "properties": { "id": 6041, "district_en": "Samgori", "district_ka": "სამგორი", "precinct": 41.0, "name_en": "Samgori - 41", "name_ka": "სამგორი - 41" }, "geometry": { "type": "Point", "coordinates": [ 44.95059740224778, 41.685975887298618 ] } },
{ "type": "Feature", "properties": { "id": 6042, "district_en": "Samgori", "district_ka": "სამგორი", "precinct": 42.0, "name_en": "Samgori - 42", "name_ka": "სამგორი - 42" }, "geometry": { "type": "Point", "coordinates": [ 44.950591394061071, 41.685981563691826 ] } },
{ "type": "Feature", "properties": { "id": 6043, "district_en": "Samgori", "district_ka": "სამგორი", "precinct": 43.0, "name_en": "Samgori - 43", "name_ka": "სამგორი - 43" }, "geometry": { "type": "Point", "coordinates": [ 44.9055985, 41.7423499 ] } },
{ "type": "Feature", "properties": { "id": 6044, "district_en": "Samgori", "district_ka": "სამგორი", "precinct": 44.0, "name_en": "Samgori - 44", "name_ka": "სამგორი - 44" }, "geometry": { "type": "Point", "coordinates": [ 44.900031387805939, 41.709256755159615 ] } },
{ "type": "Feature", "properties": { "id": 6045, "district_en": "Samgori", "district_ka": "სამგორი", "precinct": 45.0, "name_en": "Samgori - 45", "name_ka": "სამგორი - 45" }, "geometry": { "type": "Point", "coordinates": [ 44.9629109, 41.7351819 ] } },
{ "type": "Feature", "properties": { "id": 6046, "district_en": "Samgori", "district_ka": "სამგორი", "precinct": 46.0, "name_en": "Samgori - 46", "name_ka": "სამგორი - 46" }, "geometry": { "type": "Point", "coordinates": [ 44.996979832649231, 41.712305262829979 ] } },
{ "type": "Feature", "properties": { "id": 6047, "district_en": "Samgori", "district_ka": "სამგორი", "precinct": 47.0, "name_en": "Samgori - 47", "name_ka": "სამგორი - 47" }, "geometry": { "type": "Point", "coordinates": [ 45.012291900000037, 41.6976173 ] } },
{ "type": "Feature", "properties": { "id": 6048, "district_en": "Samgori", "district_ka": "სამგორი", "precinct": 48.0, "name_en": "Samgori - 48", "name_ka": "სამგორი - 48" }, "geometry": { "type": "Point", "coordinates": [ 44.898228834399596, 41.68027661760344 ] } },
{ "type": "Feature", "properties": { "id": 6049, "district_en": "Samgori", "district_ka": "სამგორი", "precinct": 49.0, "name_en": "Samgori - 49", "name_ka": "სამგორი - 49" }, "geometry": { "type": "Point", "coordinates": [ 44.899084568023682, 41.679543006761278 ] } },
{ "type": "Feature", "properties": { "id": 6050, "district_en": "Samgori", "district_ka": "სამგორი", "precinct": 50.0, "name_en": "Samgori - 50", "name_ka": "სამგორი - 50" }, "geometry": { "type": "Point", "coordinates": [ 44.899084568023682, 41.679543006761278 ] } },
{ "type": "Feature", "properties": { "id": 6051, "district_en": "Samgori", "district_ka": "სამგორი", "precinct": 51.0, "name_en": "Samgori - 51", "name_ka": "სამგორი - 51" }, "geometry": { "type": "Point", "coordinates": [ 44.916536, 41.6720567 ] } },
{ "type": "Feature", "properties": { "id": 6052, "district_en": "Samgori", "district_ka": "სამგორი", "precinct": 52.0, "name_en": "Samgori - 52", "name_ka": "სამგორი - 52" }, "geometry": { "type": "Point", "coordinates": [ 44.914169311523438, 41.672919833533626 ] } },
{ "type": "Feature", "properties": { "id": 6053, "district_en": "Samgori", "district_ka": "სამგორი", "precinct": 53.0, "name_en": "Samgori - 53", "name_ka": "სამგორი - 53" }, "geometry": { "type": "Point", "coordinates": [ 44.921902120113373, 41.665498505620299 ] } },
{ "type": "Feature", "properties": { "id": 6054, "district_en": "Samgori", "district_ka": "სამგორი", "precinct": 54.0, "name_en": "Samgori - 54", "name_ka": "სამგორი - 54" }, "geometry": { "type": "Point", "coordinates": [ 44.914273157008324, 41.671686680317187 ] } },
{ "type": "Feature", "properties": { "id": 6055, "district_en": "Samgori", "district_ka": "სამგორი", "precinct": 55.0, "name_en": "Samgori - 55", "name_ka": "სამგორი - 55" }, "geometry": { "type": "Point", "coordinates": [ 44.914273157008324, 41.671686680317187 ] } },
{ "type": "Feature", "properties": { "id": 6056, "district_en": "Samgori", "district_ka": "სამგორი", "precinct": 56.0, "name_en": "Samgori - 56", "name_ka": "სამგორი - 56" }, "geometry": { "type": "Point", "coordinates": [ 44.914273157008324, 41.671686680317187 ] } },
{ "type": "Feature", "properties": { "id": 6057, "district_en": "Samgori", "district_ka": "სამგორი", "precinct": 57.0, "name_en": "Samgori - 57", "name_ka": "სამგორი - 57" }, "geometry": { "type": "Point", "coordinates": [ 44.899201599999969, 41.6643565 ] } },
{ "type": "Feature", "properties": { "id": 6058, "district_en": "Samgori", "district_ka": "სამგორი", "precinct": 58.0, "name_en": "Samgori - 58", "name_ka": "სამგორი - 58" }, "geometry": { "type": "Point", "coordinates": [ 44.892277121543884, 41.667650458207753 ] } },
{ "type": "Feature", "properties": { "id": 6059, "district_en": "Samgori", "district_ka": "სამგორი", "precinct": 59.0, "name_en": "Samgori - 59", "name_ka": "სამგორი - 59" }, "geometry": { "type": "Point", "coordinates": [ 44.886858558595151, 41.669605549329695 ] } },
{ "type": "Feature", "properties": { "id": 6060, "district_en": "Samgori", "district_ka": "სამგორი", "precinct": 60.0, "name_en": "Samgori - 60", "name_ka": "სამგორი - 60" }, "geometry": { "type": "Point", "coordinates": [ 44.891905700000052, 41.6682842 ] } },
{ "type": "Feature", "properties": { "id": 6061, "district_en": "Samgori", "district_ka": "სამგორი", "precinct": 61.0, "name_en": "Samgori - 61", "name_ka": "სამგორი - 61" }, "geometry": { "type": "Point", "coordinates": [ 44.892958402633667, 41.66539030498771 ] } },
{ "type": "Feature", "properties": { "id": 6062, "district_en": "Samgori", "district_ka": "სამგორი", "precinct": 62.0, "name_en": "Samgori - 62", "name_ka": "სამგორი - 62" }, "geometry": { "type": "Point", "coordinates": [ 44.892947673797607, 41.665394312421775 ] } },
{ "type": "Feature", "properties": { "id": 6063, "district_en": "Samgori", "district_ka": "სამგორი", "precinct": 63.0, "name_en": "Samgori - 63", "name_ka": "სამგორი - 63" }, "geometry": { "type": "Point", "coordinates": [ 44.898777900000027, 41.664783 ] } },
{ "type": "Feature", "properties": { "id": 6064, "district_en": "Samgori", "district_ka": "სამგორი", "precinct": 64.0, "name_en": "Samgori - 64", "name_ka": "სამგორი - 64" }, "geometry": { "type": "Point", "coordinates": [ 44.898777900000027, 41.664783 ] } },
{ "type": "Feature", "properties": { "id": 6065, "district_en": "Samgori", "district_ka": "სამგორი", "precinct": 65.0, "name_en": "Samgori - 65", "name_ka": "სამგორი - 65" }, "geometry": { "type": "Point", "coordinates": [ 44.898777900000027, 41.664783 ] } },
{ "type": "Feature", "properties": { "id": 6066, "district_en": "Samgori", "district_ka": "სამგორი", "precinct": 66.0, "name_en": "Samgori - 66", "name_ka": "სამგორი - 66" }, "geometry": { "type": "Point", "coordinates": [ 44.881274700164795, 41.670355324514752 ] } },
{ "type": "Feature", "properties": { "id": 6067, "district_en": "Samgori", "district_ka": "სამგორი", "precinct": 67.0, "name_en": "Samgori - 67", "name_ka": "სამგორი - 67" }, "geometry": { "type": "Point", "coordinates": [ 44.886908064352845, 41.669628334019855 ] } },
{ "type": "Feature", "properties": { "id": 6068, "district_en": "Samgori", "district_ka": "სამგორი", "precinct": 68.0, "name_en": "Samgori - 68", "name_ka": "სამგორი - 68" }, "geometry": { "type": "Point", "coordinates": [ 44.883608500000037, 41.670654 ] } },
{ "type": "Feature", "properties": { "id": 6069, "district_en": "Samgori", "district_ka": "სამგორი", "precinct": 69.0, "name_en": "Samgori - 69", "name_ka": "სამგორი - 69" }, "geometry": { "type": "Point", "coordinates": [ 44.883608500000037, 41.670654 ] } },
{ "type": "Feature", "properties": { "id": 6070, "district_en": "Samgori", "district_ka": "სამგორი", "precinct": 70.0, "name_en": "Samgori - 70", "name_ka": "სამგორი - 70" }, "geometry": { "type": "Point", "coordinates": [ 44.878245, 41.6744892 ] } },
{ "type": "Feature", "properties": { "id": 6071, "district_en": "Samgori", "district_ka": "სამგორი", "precinct": 71.0, "name_en": "Samgori - 71", "name_ka": "სამგორი - 71" }, "geometry": { "type": "Point", "coordinates": [ 44.878245, 41.6744892 ] } },
{ "type": "Feature", "properties": { "id": 6072, "district_en": "Samgori", "district_ka": "სამგორი", "precinct": 72.0, "name_en": "Samgori - 72", "name_ka": "სამგორი - 72" }, "geometry": { "type": "Point", "coordinates": [ 44.878372584616159, 41.712297388130111 ] } },
{ "type": "Feature", "properties": { "id": 7001, "district_en": "Chugureti", "district_ka": "ჩუღურეთი", "precinct": 1.0, "name_en": "Chugureti - 1", "name_ka": "ჩუღურეთი - 1" }, "geometry": { "type": "Point", "coordinates": [ 44.798108484656815, 41.707965003635778 ] } },
{ "type": "Feature", "properties": { "id": 7002, "district_en": "Chugureti", "district_ka": "ჩუღურეთი", "precinct": 2.0, "name_en": "Chugureti - 2", "name_ka": "ჩუღურეთი - 2" }, "geometry": { "type": "Point", "coordinates": [ 44.801299307402246, 41.70717827382488 ] } },
{ "type": "Feature", "properties": { "id": 7003, "district_en": "Chugureti", "district_ka": "ჩუღურეთი", "precinct": 3.0, "name_en": "Chugureti - 3", "name_ka": "ჩუღურეთი - 3" }, "geometry": { "type": "Point", "coordinates": [ 44.808267110576573, 41.701728448778113 ] } },
{ "type": "Feature", "properties": { "id": 7004, "district_en": "Chugureti", "district_ka": "ჩუღურეთი", "precinct": 4.0, "name_en": "Chugureti - 4", "name_ka": "ჩუღურეთი - 4" }, "geometry": { "type": "Point", "coordinates": [ 44.808267110576573, 41.701728448778113 ] } },
{ "type": "Feature", "properties": { "id": 7005, "district_en": "Chugureti", "district_ka": "ჩუღურეთი", "precinct": 5.0, "name_en": "Chugureti - 5", "name_ka": "ჩუღურეთი - 5" }, "geometry": { "type": "Point", "coordinates": [ 44.808267110576573, 41.701728448778113 ] } },
{ "type": "Feature", "properties": { "id": 7006, "district_en": "Chugureti", "district_ka": "ჩუღურეთი", "precinct": 6.0, "name_en": "Chugureti - 6", "name_ka": "ჩუღურეთი - 6" }, "geometry": { "type": "Point", "coordinates": [ 44.780157384656817, 41.708210516385897 ] } },
{ "type": "Feature", "properties": { "id": 7007, "district_en": "Chugureti", "district_ka": "ჩუღურეთი", "precinct": 7.0, "name_en": "Chugureti - 7", "name_ka": "ჩუღურეთი - 7" }, "geometry": { "type": "Point", "coordinates": [ 44.805829496298877, 41.706151521515906 ] } },
{ "type": "Feature", "properties": { "id": 7008, "district_en": "Chugureti", "district_ka": "ჩუღურეთი", "precinct": 8.0, "name_en": "Chugureti - 8", "name_ka": "ჩუღურეთი - 8" }, "geometry": { "type": "Point", "coordinates": [ 44.805885175408363, 41.707365320359401 ] } },
{ "type": "Feature", "properties": { "id": 7009, "district_en": "Chugureti", "district_ka": "ჩუღურეთი", "precinct": 9.0, "name_en": "Chugureti - 9", "name_ka": "ჩუღურეთი - 9" }, "geometry": { "type": "Point", "coordinates": [ 44.801281908266752, 41.710438453470005 ] } },
{ "type": "Feature", "properties": { "id": 7010, "district_en": "Chugureti", "district_ka": "ჩუღურეთი", "precinct": 10.0, "name_en": "Chugureti - 10", "name_ka": "ჩუღურეთი - 10" }, "geometry": { "type": "Point", "coordinates": [ 44.804317315343177, 41.714716730458221 ] } },
{ "type": "Feature", "properties": { "id": 7011, "district_en": "Chugureti", "district_ka": "ჩუღურეთი", "precinct": 11.0, "name_en": "Chugureti - 11", "name_ka": "ჩუღურეთი - 11" }, "geometry": { "type": "Point", "coordinates": [ 44.805198126290414, 41.707042761847156 ] } },
{ "type": "Feature", "properties": { "id": 7012, "district_en": "Chugureti", "district_ka": "ჩუღურეთი", "precinct": 12.0, "name_en": "Chugureti - 12", "name_ka": "ჩუღურეთი - 12" }, "geometry": { "type": "Point", "coordinates": [ 44.800077577254577, 41.714780047799842 ] } },
{ "type": "Feature", "properties": { "id": 7013, "district_en": "Chugureti", "district_ka": "ჩუღურეთი", "precinct": 13.0, "name_en": "Chugureti - 13", "name_ka": "ჩუღურეთი - 13" }, "geometry": { "type": "Point", "coordinates": [ 44.794143851247334, 41.719495364726789 ] } },
{ "type": "Feature", "properties": { "id": 7014, "district_en": "Chugureti", "district_ka": "ჩუღურეთი", "precinct": 14.0, "name_en": "Chugureti - 14", "name_ka": "ჩუღურეთი - 14" }, "geometry": { "type": "Point", "coordinates": [ 44.802841207940936, 41.713938347944179 ] } },
{ "type": "Feature", "properties": { "id": 7015, "district_en": "Chugureti", "district_ka": "ჩუღურეთი", "precinct": 15.0, "name_en": "Chugureti - 15", "name_ka": "ჩუღურეთი - 15" }, "geometry": { "type": "Point", "coordinates": [ 44.808991815343184, 41.725445779300607 ] } },
{ "type": "Feature", "properties": { "id": 7016, "district_en": "Chugureti", "district_ka": "ჩუღურეთი", "precinct": 16.0, "name_en": "Chugureti - 16", "name_ka": "ჩუღურეთი - 16" }, "geometry": { "type": "Point", "coordinates": [ 44.805637004669265, 41.726509089003784 ] } },
{ "type": "Feature", "properties": { "id": 7017, "district_en": "Chugureti", "district_ka": "ჩუღურეთი", "precinct": 17.0, "name_en": "Chugureti - 17", "name_ka": "ჩუღურეთი - 17" }, "geometry": { "type": "Point", "coordinates": [ 44.805509242328398, 41.714113315904527 ] } },
{ "type": "Feature", "properties": { "id": 7018, "district_en": "Chugureti", "district_ka": "ჩუღურეთი", "precinct": 18.0, "name_en": "Chugureti - 18", "name_ka": "ჩუღურეთი - 18" }, "geometry": { "type": "Point", "coordinates": [ 44.81247279787106, 41.719293007827858 ] } },
{ "type": "Feature", "properties": { "id": 7019, "district_en": "Chugureti", "district_ka": "ჩუღურეთი", "precinct": 19.0, "name_en": "Chugureti - 19", "name_ka": "ჩუღურეთი - 19" }, "geometry": { "type": "Point", "coordinates": [ 44.805509242328398, 41.714113315904527 ] } },
{ "type": "Feature", "properties": { "id": 7020, "district_en": "Chugureti", "district_ka": "ჩუღურეთი", "precinct": 20.0, "name_en": "Chugureti - 20", "name_ka": "ჩუღურეთი - 20" }, "geometry": { "type": "Point", "coordinates": [ 44.809324078059312, 41.714204566604913 ] } },
{ "type": "Feature", "properties": { "id": 7021, "district_en": "Chugureti", "district_ka": "ჩუღურეთი", "precinct": 21.0, "name_en": "Chugureti - 21", "name_ka": "ჩუღურეთი - 21" }, "geometry": { "type": "Point", "coordinates": [ 44.813100976715887, 41.709000215295553 ] } },
{ "type": "Feature", "properties": { "id": 7022, "district_en": "Chugureti", "district_ka": "ჩუღურეთი", "precinct": 22.0, "name_en": "Chugureti - 22", "name_ka": "ჩუღურეთი - 22" }, "geometry": { "type": "Point", "coordinates": [ 44.814653169313658, 41.709863619469225 ] } },
{ "type": "Feature", "properties": { "id": 7023, "district_en": "Chugureti", "district_ka": "ჩუღურეთი", "precinct": 23.0, "name_en": "Chugureti - 23", "name_ka": "ჩუღურეთი - 23" }, "geometry": { "type": "Point", "coordinates": [ 44.799773473823706, 41.715631727732536 ] } },
{ "type": "Feature", "properties": { "id": 7024, "district_en": "Chugureti", "district_ka": "ჩუღურეთი", "precinct": 24.0, "name_en": "Chugureti - 24", "name_ka": "ჩუღურეთი - 24" }, "geometry": { "type": "Point", "coordinates": [ 44.805858466483663, 41.716840191452654 ] } },
{ "type": "Feature", "properties": { "id": 7025, "district_en": "Chugureti", "district_ka": "ჩუღურეთი", "precinct": 25.0, "name_en": "Chugureti - 25", "name_ka": "ჩუღურეთი - 25" }, "geometry": { "type": "Point", "coordinates": [ 44.796431597168841, 41.711451781560818 ] } },
{ "type": "Feature", "properties": { "id": 7026, "district_en": "Chugureti", "district_ka": "ჩუღურეთი", "precinct": 26.0, "name_en": "Chugureti - 26", "name_ka": "ჩუღურეთი - 26" }, "geometry": { "type": "Point", "coordinates": [ 44.79040385397046, 41.71318199850294 ] } },
{ "type": "Feature", "properties": { "id": 7027, "district_en": "Chugureti", "district_ka": "ჩუღურეთი", "precinct": 27.0, "name_en": "Chugureti - 27", "name_ka": "ჩუღურეთი - 27" }, "geometry": { "type": "Point", "coordinates": [ 44.796211861161737, 41.711557590118261 ] } },
{ "type": "Feature", "properties": { "id": 7028, "district_en": "Chugureti", "district_ka": "ჩუღურეთი", "precinct": 28.0, "name_en": "Chugureti - 28", "name_ka": "ჩუღურეთი - 28" }, "geometry": { "type": "Point", "coordinates": [ 44.792295203701116, 41.717581930887874 ] } },
{ "type": "Feature", "properties": { "id": 7029, "district_en": "Chugureti", "district_ka": "ჩუღურეთი", "precinct": 29.0, "name_en": "Chugureti - 29", "name_ka": "ჩუღურეთი - 29" }, "geometry": { "type": "Point", "coordinates": [ 44.800870153970472, 41.707498659597022 ] } },
{ "type": "Feature", "properties": { "id": 7030, "district_en": "Chugureti", "district_ka": "ჩუღურეთი", "precinct": 30.0, "name_en": "Chugureti - 30", "name_ka": "ჩუღურეთი - 30" }, "geometry": { "type": "Point", "coordinates": [ 44.800725266482281, 41.705096669936978 ] } },
{ "type": "Feature", "properties": { "id": 7031, "district_en": "Chugureti", "district_ka": "ჩუღურეთი", "precinct": 31.0, "name_en": "Chugureti - 31", "name_ka": "ჩუღურეთი - 31" }, "geometry": { "type": "Point", "coordinates": [ 44.805529797169186, 41.71846644562433 ] } },
{ "type": "Feature", "properties": { "id": 7032, "district_en": "Chugureti", "district_ka": "ჩუღურეთი", "precinct": 32.0, "name_en": "Chugureti - 32", "name_ka": "ჩუღურეთი - 32" }, "geometry": { "type": "Point", "coordinates": [ 44.812473425173955, 41.719389104213192 ] } },
{ "type": "Feature", "properties": { "id": 7033, "district_en": "Chugureti", "district_ka": "ჩუღურეთი", "precinct": 33.0, "name_en": "Chugureti - 33", "name_ka": "ჩუღურეთი - 33" }, "geometry": { "type": "Point", "coordinates": [ 44.80065299306488, 41.72266625430467 ] } },
{ "type": "Feature", "properties": { "id": 7034, "district_en": "Chugureti", "district_ka": "ჩუღურეთი", "precinct": 34.0, "name_en": "Chugureti - 34", "name_ka": "ჩუღურეთი - 34" }, "geometry": { "type": "Point", "coordinates": [ 44.800135168774943, 41.712756794142429 ] } },
{ "type": "Feature", "properties": { "id": 7035, "district_en": "Chugureti", "district_ka": "ჩუღურეთი", "precinct": 35.0, "name_en": "Chugureti - 35", "name_ka": "ჩუღურეთი - 35" }, "geometry": { "type": "Point", "coordinates": [ 44.80918421798269, 41.700399772978834 ] } },
{ "type": "Feature", "properties": { "id": 7036, "district_en": "Chugureti", "district_ka": "ჩუღურეთი", "precinct": 36.0, "name_en": "Chugureti - 36", "name_ka": "ჩუღურეთი - 36" }, "geometry": { "type": "Point", "coordinates": [ 44.805829496298877, 41.706151521515906 ] } },
{ "type": "Feature", "properties": { "id": 7037, "district_en": "Chugureti", "district_ka": "ჩუღურეთი", "precinct": 37.0, "name_en": "Chugureti - 37", "name_ka": "ჩუღურეთი - 37" }, "geometry": { "type": "Point", "coordinates": [ 44.807306092059058, 41.710985768258304 ] } },
{ "type": "Feature", "properties": { "id": 7038, "district_en": "Chugureti", "district_ka": "ჩუღურეთი", "precinct": 38.0, "name_en": "Chugureti - 38", "name_ka": "ჩუღურეთი - 38" }, "geometry": { "type": "Point", "coordinates": [ 44.801621228835792, 41.706901960164153 ] } },
{ "type": "Feature", "properties": { "id": 7039, "district_en": "Chugureti", "district_ka": "ჩუღურეთი", "precinct": 39.0, "name_en": "Chugureti - 39", "name_ka": "ჩუღურეთი - 39" }, "geometry": { "type": "Point", "coordinates": [ 44.808991815343184, 41.725445779300607 ] } },
{ "type": "Feature", "properties": { "id": 7040, "district_en": "Chugureti", "district_ka": "ჩუღურეთი", "precinct": 40.0, "name_en": "Chugureti - 40", "name_ka": "ჩუღურეთი - 40" }, "geometry": { "type": "Point", "coordinates": [ 44.812896932726673, 41.708453116640122 ] } },
{ "type": "Feature", "properties": { "id": 7041, "district_en": "Chugureti", "district_ka": "ჩუღურეთი", "precinct": 41.0, "name_en": "Chugureti - 41", "name_ka": "ჩუღურეთი - 41" }, "geometry": { "type": "Point", "coordinates": [ 44.814757490844087, 41.708524107662228 ] } },
{ "type": "Feature", "properties": { "id": 8001, "district_en": "Didube", "district_ka": "დიდუბე", "precinct": 1.0, "name_en": "Didube - 1", "name_ka": "დიდუბე - 1" }, "geometry": { "type": "Point", "coordinates": [ 44.787987482848443, 41.719803216307703 ] } },
{ "type": "Feature", "properties": { "id": 8002, "district_en": "Didube", "district_ka": "დიდუბე", "precinct": 2.0, "name_en": "Didube - 2", "name_ka": "დიდუბე - 2" }, "geometry": { "type": "Point", "coordinates": [ 44.787987482848443, 41.719803216307703 ] } },
{ "type": "Feature", "properties": { "id": 8003, "district_en": "Didube", "district_ka": "დიდუბე", "precinct": 3.0, "name_en": "Didube - 3", "name_ka": "დიდუბე - 3" }, "geometry": { "type": "Point", "coordinates": [ 44.78793979961393, 41.721181384786931 ] } },
{ "type": "Feature", "properties": { "id": 8004, "district_en": "Didube", "district_ka": "დიდუბე", "precinct": 4.0, "name_en": "Didube - 4", "name_ka": "დიდუბე - 4" }, "geometry": { "type": "Point", "coordinates": [ 44.787924025696086, 41.725609819714705 ] } },
{ "type": "Feature", "properties": { "id": 8005, "district_en": "Didube", "district_ka": "დიდუბე", "precinct": 5.0, "name_en": "Didube - 5", "name_ka": "დიდუბე - 5" }, "geometry": { "type": "Point", "coordinates": [ 44.784164854530971, 41.728316027537147 ] } },
{ "type": "Feature", "properties": { "id": 8006, "district_en": "Didube", "district_ka": "დიდუბე", "precinct": 6.0, "name_en": "Didube - 6", "name_ka": "დიდუბე - 6" }, "geometry": { "type": "Point", "coordinates": [ 44.784175583365773, 41.728332041595721 ] } },
{ "type": "Feature", "properties": { "id": 8007, "district_en": "Didube", "district_ka": "დიდუბე", "precinct": 7.0, "name_en": "Didube - 7", "name_ka": "დიდუბე - 7" }, "geometry": { "type": "Point", "coordinates": [ 44.784175583365773, 41.728332041595721 ] } },
{ "type": "Feature", "properties": { "id": 8008, "district_en": "Didube", "district_ka": "დიდუბე", "precinct": 8.0, "name_en": "Didube - 8", "name_ka": "დიდუბე - 8" }, "geometry": { "type": "Point", "coordinates": [ 44.781431354531293, 41.734584240061558 ] } },
{ "type": "Feature", "properties": { "id": 8009, "district_en": "Didube", "district_ka": "დიდუბე", "precinct": 9.0, "name_en": "Didube - 9", "name_ka": "დიდუბე - 9" }, "geometry": { "type": "Point", "coordinates": [ 44.781356252687672, 41.734560221310083 ] } },
{ "type": "Feature", "properties": { "id": 8010, "district_en": "Didube", "district_ka": "დიდუბე", "precinct": 10.0, "name_en": "Didube - 10", "name_ka": "დიდუბე - 10" }, "geometry": { "type": "Point", "coordinates": [ 44.781717595018144, 41.735439877405199 ] } },
{ "type": "Feature", "properties": { "id": 8011, "district_en": "Didube", "district_ka": "დიდუბე", "precinct": 11.0, "name_en": "Didube - 11", "name_ka": "დიდუბე - 11" }, "geometry": { "type": "Point", "coordinates": [ 44.773467072037533, 41.742257501381864 ] } },
{ "type": "Feature", "properties": { "id": 8012, "district_en": "Didube", "district_ka": "დიდუბე", "precinct": 12.0, "name_en": "Didube - 12", "name_ka": "დიდუბე - 12" }, "geometry": { "type": "Point", "coordinates": [ 44.776100566183707, 41.745299910598007 ] } },
{ "type": "Feature", "properties": { "id": 8013, "district_en": "Didube", "district_ka": "დიდუბე", "precinct": 13.0, "name_en": "Didube - 13", "name_ka": "დიდუბე - 13" }, "geometry": { "type": "Point", "coordinates": [ 44.776122023853311, 41.745419984182725 ] } },
{ "type": "Feature", "properties": { "id": 8014, "district_en": "Didube", "district_ka": "დიდუბე", "precinct": 14.0, "name_en": "Didube - 14", "name_ka": "დიდუბე - 14" }, "geometry": { "type": "Point", "coordinates": [ 44.776709926830002, 41.747623360814124 ] } },
{ "type": "Feature", "properties": { "id": 8015, "district_en": "Didube", "district_ka": "დიდუბე", "precinct": 15.0, "name_en": "Didube - 15", "name_ka": "დიდუბე - 15" }, "geometry": { "type": "Point", "coordinates": [ 44.792847556606667, 41.7214694415241 ] } },
{ "type": "Feature", "properties": { "id": 8016, "district_en": "Didube", "district_ka": "დიდუბე", "precinct": 16.0, "name_en": "Didube - 16", "name_ka": "დიდუბე - 16" }, "geometry": { "type": "Point", "coordinates": [ 44.790160468688114, 41.728515507570073 ] } },
{ "type": "Feature", "properties": { "id": 8017, "district_en": "Didube", "district_ka": "დიდუბე", "precinct": 17.0, "name_en": "Didube - 17", "name_ka": "დიდუბე - 17" }, "geometry": { "type": "Point", "coordinates": [ 44.790217183365719, 41.727485106986308 ] } },
{ "type": "Feature", "properties": { "id": 8018, "district_en": "Didube", "district_ka": "დიდუბე", "precinct": 18.0, "name_en": "Didube - 18", "name_ka": "დიდუბე - 18" }, "geometry": { "type": "Point", "coordinates": [ 44.789594166182873, 41.728461776557054 ] } },
{ "type": "Feature", "properties": { "id": 8019, "district_en": "Didube", "district_ka": "დიდუბე", "precinct": 19.0, "name_en": "Didube - 19", "name_ka": "დიდუბე - 19" }, "geometry": { "type": "Point", "coordinates": [ 44.789690725696111, 41.728405727447772 ] } },
{ "type": "Feature", "properties": { "id": 8020, "district_en": "Didube", "district_ka": "დიდუბე", "precinct": 20.0, "name_en": "Didube - 20", "name_ka": "დიდუბე - 20" }, "geometry": { "type": "Point", "coordinates": [ 44.788393502932529, 41.733042431886801 ] } },
{ "type": "Feature", "properties": { "id": 8021, "district_en": "Didube", "district_ka": "დიდუბე", "precinct": 21.0, "name_en": "Didube - 21", "name_ka": "დიდუბე - 21" }, "geometry": { "type": "Point", "coordinates": [ 44.785706081522498, 41.734869808560504 ] } },
{ "type": "Feature", "properties": { "id": 8022, "district_en": "Didube", "district_ka": "დიდუბე", "precinct": 22.0, "name_en": "Didube - 22", "name_ka": "დიდუბე - 22" }, "geometry": { "type": "Point", "coordinates": [ 44.783087268624499, 41.736144534565717 ] } },
{ "type": "Feature", "properties": { "id": 8023, "district_en": "Didube", "district_ka": "დიდუბე", "precinct": 23.0, "name_en": "Didube - 23", "name_ka": "დიდუბე - 23" }, "geometry": { "type": "Point", "coordinates": [ 44.777487272724549, 41.741978236765213 ] } },
{ "type": "Feature", "properties": { "id": 8024, "district_en": "Didube", "district_ka": "დიდუბე", "precinct": 24.0, "name_en": "Didube - 24", "name_ka": "დიდუბე - 24" }, "geometry": { "type": "Point", "coordinates": [ 44.77108, 41.75445 ] } },
{ "type": "Feature", "properties": { "id": 8025, "district_en": "Didube", "district_ka": "დიდუბე", "precinct": 25.0, "name_en": "Didube - 25", "name_ka": "დიდუბე - 25" }, "geometry": { "type": "Point", "coordinates": [ 44.771103754532049, 41.754396293951494 ] } },
{ "type": "Feature", "properties": { "id": 8026, "district_en": "Didube", "district_ka": "დიდუბე", "precinct": 26.0, "name_en": "Didube - 26", "name_ka": "დიდუბე - 26" }, "geometry": { "type": "Point", "coordinates": [ 44.771159225697296, 41.758126824406716 ] } },
{ "type": "Feature", "properties": { "id": 8027, "district_en": "Didube", "district_ka": "დიდუბე", "precinct": 27.0, "name_en": "Didube - 27", "name_ka": "დიდუბე - 27" }, "geometry": { "type": "Point", "coordinates": [ 44.77108, 41.75445 ] } },
{ "type": "Feature", "properties": { "id": 8028, "district_en": "Didube", "district_ka": "დიდუბე", "precinct": 28.0, "name_en": "Didube - 28", "name_ka": "დიდუბე - 28" }, "geometry": { "type": "Point", "coordinates": [ 44.777548725697251, 41.75656280639727 ] } },
{ "type": "Feature", "properties": { "id": 8029, "district_en": "Didube", "district_ka": "დიდუბე", "precinct": 29.0, "name_en": "Didube - 29", "name_ka": "დიდუბე - 29" }, "geometry": { "type": "Point", "coordinates": [ 44.777003239193036, 41.759304593451624 ] } },
{ "type": "Feature", "properties": { "id": 8030, "district_en": "Didube", "district_ka": "დიდუბე", "precinct": 30.0, "name_en": "Didube - 30", "name_ka": "დიდუბე - 30" }, "geometry": { "type": "Point", "coordinates": [ 44.777003239193036, 41.759304593451624 ] } },
{ "type": "Feature", "properties": { "id": 8031, "district_en": "Didube", "district_ka": "დიდუბე", "precinct": 31.0, "name_en": "Didube - 31", "name_ka": "დიდუბე - 31" }, "geometry": { "type": "Point", "coordinates": [ 44.777035425697449, 41.759344609273313 ] } },
{ "type": "Feature", "properties": { "id": 8032, "district_en": "Didube", "district_ka": "დიდუბე", "precinct": 32.0, "name_en": "Didube - 32", "name_ka": "დიდუბე - 32" }, "geometry": { "type": "Point", "coordinates": [ 44.776638643470598, 41.762747160316977 ] } },
{ "type": "Feature", "properties": { "id": 8033, "district_en": "Didube", "district_ka": "დიდუბე", "precinct": 33.0, "name_en": "Didube - 33", "name_ka": "დიდუბე - 33" }, "geometry": { "type": "Point", "coordinates": [ 44.77412422018363, 41.765485419243298 ] } },
{ "type": "Feature", "properties": { "id": 8034, "district_en": "Didube", "district_ka": "დიდუბე", "precinct": 34.0, "name_en": "Didube - 34", "name_ka": "დიდუბე - 34" }, "geometry": { "type": "Point", "coordinates": [ 44.77660653550592, 41.764182778938697 ] } },
{ "type": "Feature", "properties": { "id": 8035, "district_en": "Didube", "district_ka": "დიდუბე", "precinct": 35.0, "name_en": "Didube - 35", "name_ka": "დიდუბე - 35" }, "geometry": { "type": "Point", "coordinates": [ 44.773088456376215, 41.764552598954609 ] } },
{ "type": "Feature", "properties": { "id": 8036, "district_en": "Didube", "district_ka": "დიდუბე", "precinct": 36.0, "name_en": "Didube - 36", "name_ka": "დიდუბე - 36" }, "geometry": { "type": "Point", "coordinates": [ 44.772620958177356, 41.762481695827617 ] } },
{ "type": "Feature", "properties": { "id": 8037, "district_en": "Didube", "district_ka": "დიდუბე", "precinct": 37.0, "name_en": "Didube - 37", "name_ka": "დიდუბე - 37" }, "geometry": { "type": "Point", "coordinates": [ 44.770797056375933, 41.761721485598699 ] } },
{ "type": "Feature", "properties": { "id": 8038, "district_en": "Didube", "district_ka": "დიდუბე", "precinct": 38.0, "name_en": "Didube - 38", "name_ka": "დიდუბე - 38" }, "geometry": { "type": "Point", "coordinates": [ 44.770797056375933, 41.761721485598699 ] } },
{ "type": "Feature", "properties": { "id": 8039, "district_en": "Didube", "district_ka": "დიდუბე", "precinct": 39.0, "name_en": "Didube - 39", "name_ka": "დიდუბე - 39" }, "geometry": { "type": "Point", "coordinates": [ 44.771805055271663, 41.773908810599046 ] } },
{ "type": "Feature", "properties": { "id": 8040, "district_en": "Didube", "district_ka": "დიდუბე", "precinct": 40.0, "name_en": "Didube - 40", "name_ka": "დიდუბე - 40" }, "geometry": { "type": "Point", "coordinates": [ 44.771514276873006, 41.77368564606153 ] } },
{ "type": "Feature", "properties": { "id": 9001, "district_en": "Nadzaladevi", "district_ka": "ნაძალადევი", "precinct": 1.0, "name_en": "Nadzaladevi - 1", "name_ka": "ნაძალადევი - 1" }, "geometry": { "type": "Point", "coordinates": [ 44.80313350445109, 41.739187429750409 ] } },
{ "type": "Feature", "properties": { "id": 9002, "district_en": "Nadzaladevi", "district_ka": "ნაძალადევი", "precinct": 2.0, "name_en": "Nadzaladevi - 2", "name_ka": "ნაძალადევი - 2" }, "geometry": { "type": "Point", "coordinates": [ 44.823512936326374, 41.732323681506557 ] } },
{ "type": "Feature", "properties": { "id": 9003, "district_en": "Nadzaladevi", "district_ka": "ნაძალადევი", "precinct": 3.0, "name_en": "Nadzaladevi - 3", "name_ka": "ნაძალადევი - 3" }, "geometry": { "type": "Point", "coordinates": [ 44.832987649487528, 41.735940984691531 ] } },
{ "type": "Feature", "properties": { "id": 9004, "district_en": "Nadzaladevi", "district_ka": "ნაძალადევი", "precinct": 4.0, "name_en": "Nadzaladevi - 4", "name_ka": "ნაძალადევი - 4" }, "geometry": { "type": "Point", "coordinates": [ 44.818365414950385, 41.732232002454339 ] } },
{ "type": "Feature", "properties": { "id": 9005, "district_en": "Nadzaladevi", "district_ka": "ნაძალადევი", "precinct": 5.0, "name_en": "Nadzaladevi - 5", "name_ka": "ნაძალადევი - 5" }, "geometry": { "type": "Point", "coordinates": [ 44.808720946311951, 41.73250385429666 ] } },
{ "type": "Feature", "properties": { "id": 9006, "district_en": "Nadzaladevi", "district_ka": "ნაძალადევი", "precinct": 6.0, "name_en": "Nadzaladevi - 6", "name_ka": "ნაძალადევი - 6" }, "geometry": { "type": "Point", "coordinates": [ 44.808699102099581, 41.732519078775127 ] } },
{ "type": "Feature", "properties": { "id": 9007, "district_en": "Nadzaladevi", "district_ka": "ნაძალადევი", "precinct": 7.0, "name_en": "Nadzaladevi - 7", "name_ka": "ნაძალადევი - 7" }, "geometry": { "type": "Point", "coordinates": [ 44.808048560282295, 41.729744651738947 ] } },
{ "type": "Feature", "properties": { "id": 9008, "district_en": "Nadzaladevi", "district_ka": "ნაძალადევი", "precinct": 8.0, "name_en": "Nadzaladevi - 8", "name_ka": "ნაძალადევი - 8" }, "geometry": { "type": "Point", "coordinates": [ 44.80794319663157, 41.729745148796098 ] } },
{ "type": "Feature", "properties": { "id": 9009, "district_en": "Nadzaladevi", "district_ka": "ნაძალადევი", "precinct": 9.0, "name_en": "Nadzaladevi - 9", "name_ka": "ნაძალადევი - 9" }, "geometry": { "type": "Point", "coordinates": [ 44.807553496975757, 41.730029280458574 ] } },
{ "type": "Feature", "properties": { "id": 9010, "district_en": "Nadzaladevi", "district_ka": "ნაძალადევი", "precinct": 10.0, "name_en": "Nadzaladevi - 10", "name_ka": "ნაძალადევი - 10" }, "geometry": { "type": "Point", "coordinates": [ 44.801027823288088, 41.727147906650686 ] } },
{ "type": "Feature", "properties": { "id": 9011, "district_en": "Nadzaladevi", "district_ka": "ნაძალადევი", "precinct": 11.0, "name_en": "Nadzaladevi - 11", "name_ka": "ნაძალადევი - 11" }, "geometry": { "type": "Point", "coordinates": [ 44.801078010671496, 41.727117275378049 ] } },
{ "type": "Feature", "properties": { "id": 9012, "district_en": "Nadzaladevi", "district_ka": "ნაძალადევი", "precinct": 12.0, "name_en": "Nadzaladevi - 12", "name_ka": "ნაძალადევი - 12" }, "geometry": { "type": "Point", "coordinates": [ 44.79762497680214, 41.727568851368844 ] } },
{ "type": "Feature", "properties": { "id": 9013, "district_en": "Nadzaladevi", "district_ka": "ნაძალადევი", "precinct": 13.0, "name_en": "Nadzaladevi - 13", "name_ka": "ნაძალადევი - 13" }, "geometry": { "type": "Point", "coordinates": [ 44.797475749851145, 41.727554138140924 ] } },
{ "type": "Feature", "properties": { "id": 9014, "district_en": "Nadzaladevi", "district_ka": "ნაძალადევი", "precinct": 14.0, "name_en": "Nadzaladevi - 14", "name_ka": "ნაძალადევი - 14" }, "geometry": { "type": "Point", "coordinates": [ 44.79758608712266, 41.727577707409395 ] } },
{ "type": "Feature", "properties": { "id": 9015, "district_en": "Nadzaladevi", "district_ka": "ნაძალადევი", "precinct": 15.0, "name_en": "Nadzaladevi - 15", "name_ka": "ნაძალადევი - 15" }, "geometry": { "type": "Point", "coordinates": [ 44.799304816210594, 41.732419323074105 ] } },
{ "type": "Feature", "properties": { "id": 9016, "district_en": "Nadzaladevi", "district_ka": "ნაძალადევი", "precinct": 16.0, "name_en": "Nadzaladevi - 16", "name_ka": "ნაძალადევი - 16" }, "geometry": { "type": "Point", "coordinates": [ 44.797452986240387, 41.728260264644149 ] } },
{ "type": "Feature", "properties": { "id": 9017, "district_en": "Nadzaladevi", "district_ka": "ნაძალადევი", "precinct": 17.0, "name_en": "Nadzaladevi - 17", "name_ka": "ნაძალადევი - 17" }, "geometry": { "type": "Point", "coordinates": [ 44.795889258384705, 41.732257434760697 ] } },
{ "type": "Feature", "properties": { "id": 9018, "district_en": "Nadzaladevi", "district_ka": "ნაძალადევი", "precinct": 18.0, "name_en": "Nadzaladevi - 18", "name_ka": "ნაძალადევი - 18" }, "geometry": { "type": "Point", "coordinates": [ 44.795951359410545, 41.732250813072582 ] } },
{ "type": "Feature", "properties": { "id": 9019, "district_en": "Nadzaladevi", "district_ka": "ნაძალადევი", "precinct": 19.0, "name_en": "Nadzaladevi - 19", "name_ka": "ნაძალადევი - 19" }, "geometry": { "type": "Point", "coordinates": [ 44.795916080474854, 41.732285457641694 ] } },
{ "type": "Feature", "properties": { "id": 9020, "district_en": "Nadzaladevi", "district_ka": "ნაძალადევი", "precinct": 20.0, "name_en": "Nadzaladevi - 20", "name_ka": "ნაძალადევი - 20" }, "geometry": { "type": "Point", "coordinates": [ 44.799284709618725, 41.73243776851006 ] } },
{ "type": "Feature", "properties": { "id": 9021, "district_en": "Nadzaladevi", "district_ka": "ნაძალადევი", "precinct": 21.0, "name_en": "Nadzaladevi - 21", "name_ka": "ნაძალადევი - 21" }, "geometry": { "type": "Point", "coordinates": [ 44.799285593254126, 41.732556700000011 ] } },
{ "type": "Feature", "properties": { "id": 9022, "district_en": "Nadzaladevi", "district_ka": "ნაძალადევი", "precinct": 22.0, "name_en": "Nadzaladevi - 22", "name_ka": "ნაძალადევი - 22" }, "geometry": { "type": "Point", "coordinates": [ 44.796458820938021, 41.740767690323018 ] } },
{ "type": "Feature", "properties": { "id": 9023, "district_en": "Nadzaladevi", "district_ka": "ნაძალადევი", "precinct": 23.0, "name_en": "Nadzaladevi - 23", "name_ka": "ნაძალადევი - 23" }, "geometry": { "type": "Point", "coordinates": [ 44.789093132355241, 41.743516294322809 ] } },
{ "type": "Feature", "properties": { "id": 9024, "district_en": "Nadzaladevi", "district_ka": "ნაძალადევი", "precinct": 24.0, "name_en": "Nadzaladevi - 24", "name_ka": "ნაძალადევი - 24" }, "geometry": { "type": "Point", "coordinates": [ 44.789093132355241, 41.743516294322809 ] } },
{ "type": "Feature", "properties": { "id": 9025, "district_en": "Nadzaladevi", "district_ka": "ნაძალადევი", "precinct": 25.0, "name_en": "Nadzaladevi - 25", "name_ka": "ნაძალადევი - 25" }, "geometry": { "type": "Point", "coordinates": [ 44.796458820938021, 41.740767690323018 ] } },
{ "type": "Feature", "properties": { "id": 9026, "district_en": "Nadzaladevi", "district_ka": "ნაძალადევი", "precinct": 26.0, "name_en": "Nadzaladevi - 26", "name_ka": "ნაძალადევი - 26" }, "geometry": { "type": "Point", "coordinates": [ 44.796571439061054, 41.740695678117234 ] } },
{ "type": "Feature", "properties": { "id": 9027, "district_en": "Nadzaladevi", "district_ka": "ნაძალადევი", "precinct": 27.0, "name_en": "Nadzaladevi - 27", "name_ka": "ნაძალადევი - 27" }, "geometry": { "type": "Point", "coordinates": [ 44.788745926689707, 41.745242997345073 ] } },
{ "type": "Feature", "properties": { "id": 9028, "district_en": "Nadzaladevi", "district_ka": "ნაძალადევი", "precinct": 28.0, "name_en": "Nadzaladevi - 28", "name_ka": "ნაძალადევი - 28" }, "geometry": { "type": "Point", "coordinates": [ 44.788965825795003, 41.745067366922179 ] } },
{ "type": "Feature", "properties": { "id": 9029, "district_en": "Nadzaladevi", "district_ka": "ნაძალადევი", "precinct": 29.0, "name_en": "Nadzaladevi - 29", "name_ka": "ნაძალადევი - 29" }, "geometry": { "type": "Point", "coordinates": [ 44.788965825795003, 41.745067366922179 ] } },
{ "type": "Feature", "properties": { "id": 9030, "district_en": "Nadzaladevi", "district_ka": "ნაძალადევი", "precinct": 30.0, "name_en": "Nadzaladevi - 30", "name_ka": "ნაძალადევი - 30" }, "geometry": { "type": "Point", "coordinates": [ 44.788965825795003, 41.745067366922179 ] } },
{ "type": "Feature", "properties": { "id": 9031, "district_en": "Nadzaladevi", "district_ka": "ნაძალადევი", "precinct": 31.0, "name_en": "Nadzaladevi - 31", "name_ka": "ნაძალადევი - 31" }, "geometry": { "type": "Point", "coordinates": [ 44.788309798838633, 41.745127531251271 ] } },
{ "type": "Feature", "properties": { "id": 9032, "district_en": "Nadzaladevi", "district_ka": "ნაძალადევი", "precinct": 32.0, "name_en": "Nadzaladevi - 32", "name_ka": "ნაძალადევი - 32" }, "geometry": { "type": "Point", "coordinates": [ 44.788176570913897, 41.745367680856809 ] } },
{ "type": "Feature", "properties": { "id": 9033, "district_en": "Nadzaladevi", "district_ka": "ნაძალადევი", "precinct": 33.0, "name_en": "Nadzaladevi - 33", "name_ka": "ნაძალადევი - 33" }, "geometry": { "type": "Point", "coordinates": [ 44.789144950836352, 41.751354603602699 ] } },
{ "type": "Feature", "properties": { "id": 9034, "district_en": "Nadzaladevi", "district_ka": "ნაძალადევი", "precinct": 34.0, "name_en": "Nadzaladevi - 34", "name_ka": "ნაძალადევი - 34" }, "geometry": { "type": "Point", "coordinates": [ 44.788798302696797, 41.751651697581686 ] } },
{ "type": "Feature", "properties": { "id": 9035, "district_en": "Nadzaladevi", "district_ka": "ნაძალადევი", "precinct": 35.0, "name_en": "Nadzaladevi - 35", "name_ka": "ნაძალადევი - 35" }, "geometry": { "type": "Point", "coordinates": [ 44.788902414975915, 41.751761868473501 ] } },
{ "type": "Feature", "properties": { "id": 9036, "district_en": "Nadzaladevi", "district_ka": "ნაძალადევი", "precinct": 36.0, "name_en": "Nadzaladevi - 36", "name_ka": "ნაძალადევი - 36" }, "geometry": { "type": "Point", "coordinates": [ 44.789165150109163, 41.751403074488159 ] } },
{ "type": "Feature", "properties": { "id": 9037, "district_en": "Nadzaladevi", "district_ka": "ნაძალადევი", "precinct": 37.0, "name_en": "Nadzaladevi - 37", "name_ka": "ნაძალადევი - 37" }, "geometry": { "type": "Point", "coordinates": [ 44.789181498159678, 41.751392911098264 ] } },
{ "type": "Feature", "properties": { "id": 9038, "district_en": "Nadzaladevi", "district_ka": "ნაძალადევი", "precinct": 38.0, "name_en": "Nadzaladevi - 38", "name_ka": "ნაძალადევი - 38" }, "geometry": { "type": "Point", "coordinates": [ 44.789180029320264, 41.748091577108426 ] } },
{ "type": "Feature", "properties": { "id": 9039, "district_en": "Nadzaladevi", "district_ka": "ნაძალადევი", "precinct": 39.0, "name_en": "Nadzaladevi - 39", "name_ka": "ნაძალადევი - 39" }, "geometry": { "type": "Point", "coordinates": [ 44.788644909867799, 41.757979068816518 ] } },
{ "type": "Feature", "properties": { "id": 9040, "district_en": "Nadzaladevi", "district_ka": "ნაძალადევი", "precinct": 40.0, "name_en": "Nadzaladevi - 40", "name_ka": "ნაძალადევი - 40" }, "geometry": { "type": "Point", "coordinates": [ 44.787380897622711, 41.758276486012569 ] } },
{ "type": "Feature", "properties": { "id": 9041, "district_en": "Nadzaladevi", "district_ka": "ნაძალადევი", "precinct": 41.0, "name_en": "Nadzaladevi - 41", "name_ka": "ნაძალადევი - 41" }, "geometry": { "type": "Point", "coordinates": [ 44.786938769070233, 41.758092590566342 ] } },
{ "type": "Feature", "properties": { "id": 9042, "district_en": "Nadzaladevi", "district_ka": "ნაძალადევი", "precinct": 42.0, "name_en": "Nadzaladevi - 42", "name_ka": "ნაძალადევი - 42" }, "geometry": { "type": "Point", "coordinates": [ 44.788644909867799, 41.757979068816518 ] } },
{ "type": "Feature", "properties": { "id": 9043, "district_en": "Nadzaladevi", "district_ka": "ნაძალადევი", "precinct": 43.0, "name_en": "Nadzaladevi - 43", "name_ka": "ნაძალადევი - 43" }, "geometry": { "type": "Point", "coordinates": [ 44.793201684951782, 41.763557593526606 ] } },
{ "type": "Feature", "properties": { "id": 9044, "district_en": "Nadzaladevi", "district_ka": "ნაძალადევი", "precinct": 44.0, "name_en": "Nadzaladevi - 44", "name_ka": "ნაძალადევი - 44" }, "geometry": { "type": "Point", "coordinates": [ 44.78698153380023, 41.758126212332726 ] } },
{ "type": "Feature", "properties": { "id": 9045, "district_en": "Nadzaladevi", "district_ka": "ნაძალადევი", "precinct": 45.0, "name_en": "Nadzaladevi - 45", "name_ka": "ნაძალადევი - 45" }, "geometry": { "type": "Point", "coordinates": [ 44.786818508702574, 41.765408751962518 ] } },
{ "type": "Feature", "properties": { "id": 9046, "district_en": "Nadzaladevi", "district_ka": "ნაძალადევი", "precinct": 46.0, "name_en": "Nadzaladevi - 46", "name_ka": "ნაძალადევი - 46" }, "geometry": { "type": "Point", "coordinates": [ 44.786811995770222, 41.765546429973277 ] } },
{ "type": "Feature", "properties": { "id": 9047, "district_en": "Nadzaladevi", "district_ka": "ნაძალადევი", "precinct": 47.0, "name_en": "Nadzaladevi - 47", "name_ka": "ნაძალადევი - 47" }, "geometry": { "type": "Point", "coordinates": [ 44.786817121891787, 41.765383036905057 ] } },
{ "type": "Feature", "properties": { "id": 9048, "district_en": "Nadzaladevi", "district_ka": "ნაძალადევი", "precinct": 48.0, "name_en": "Nadzaladevi - 48", "name_ka": "ნაძალადევი - 48" }, "geometry": { "type": "Point", "coordinates": [ 44.794084115616961, 41.765684628121285 ] } },
{ "type": "Feature", "properties": { "id": 9049, "district_en": "Nadzaladevi", "district_ka": "ნაძალადევი", "precinct": 49.0, "name_en": "Nadzaladevi - 49", "name_ka": "ნაძალადევი - 49" }, "geometry": { "type": "Point", "coordinates": [ 44.793201684951782, 41.763557593526606 ] } },
{ "type": "Feature", "properties": { "id": 9050, "district_en": "Nadzaladevi", "district_ka": "ნაძალადევი", "precinct": 50.0, "name_en": "Nadzaladevi - 50", "name_ka": "ნაძალადევი - 50" }, "geometry": { "type": "Point", "coordinates": [ 44.793834602242477, 41.764960328981047 ] } },
{ "type": "Feature", "properties": { "id": 9051, "district_en": "Nadzaladevi", "district_ka": "ნაძალადევი", "precinct": 51.0, "name_en": "Nadzaladevi - 51", "name_ka": "ნაძალადევი - 51" }, "geometry": { "type": "Point", "coordinates": [ 44.7933042, 41.7637145 ] } },
{ "type": "Feature", "properties": { "id": 9052, "district_en": "Nadzaladevi", "district_ka": "ნაძალადევი", "precinct": 52.0, "name_en": "Nadzaladevi - 52", "name_ka": "ნაძალადევი - 52" }, "geometry": { "type": "Point", "coordinates": [ 44.792323690609912, 41.764136693910487 ] } },
{ "type": "Feature", "properties": { "id": 9053, "district_en": "Nadzaladevi", "district_ka": "ნაძალადევი", "precinct": 53.0, "name_en": "Nadzaladevi - 53", "name_ka": "ნაძალადევი - 53" }, "geometry": { "type": "Point", "coordinates": [ 44.819320337490986, 41.748854801010275 ] } },
{ "type": "Feature", "properties": { "id": 9054, "district_en": "Nadzaladevi", "district_ka": "ნაძალადევი", "precinct": 54.0, "name_en": "Nadzaladevi - 54", "name_ka": "ნაძალადევი - 54" }, "geometry": { "type": "Point", "coordinates": [ 44.7983067, 41.7653726 ] } },
{ "type": "Feature", "properties": { "id": 9055, "district_en": "Nadzaladevi", "district_ka": "ნაძალადევი", "precinct": 55.0, "name_en": "Nadzaladevi - 55", "name_ka": "ნაძალადევი - 55" }, "geometry": { "type": "Point", "coordinates": [ 44.801692500505311, 41.769944182273704 ] } },
{ "type": "Feature", "properties": { "id": 9056, "district_en": "Nadzaladevi", "district_ka": "ნაძალადევი", "precinct": 56.0, "name_en": "Nadzaladevi - 56", "name_ka": "ნაძალადევი - 56" }, "geometry": { "type": "Point", "coordinates": [ 44.7950232526481, 41.768858532262534 ] } },
{ "type": "Feature", "properties": { "id": 9057, "district_en": "Nadzaladevi", "district_ka": "ნაძალადევი", "precinct": 57.0, "name_en": "Nadzaladevi - 57", "name_ka": "ნაძალადევი - 57" }, "geometry": { "type": "Point", "coordinates": [ 44.792063039568639, 41.772899443145604 ] } },
{ "type": "Feature", "properties": { "id": 9058, "district_en": "Nadzaladevi", "district_ka": "ნაძალადევი", "precinct": 58.0, "name_en": "Nadzaladevi - 58", "name_ka": "ნაძალადევი - 58" }, "geometry": { "type": "Point", "coordinates": [ 44.793892694590689, 41.771671098833593 ] } },
{ "type": "Feature", "properties": { "id": 9059, "district_en": "Nadzaladevi", "district_ka": "ნაძალადევი", "precinct": 59.0, "name_en": "Nadzaladevi - 59", "name_ka": "ნაძალადევი - 59" }, "geometry": { "type": "Point", "coordinates": [ 44.793957311218897, 41.771655803171228 ] } },
{ "type": "Feature", "properties": { "id": 9060, "district_en": "Nadzaladevi", "district_ka": "ნაძალადევი", "precinct": 60.0, "name_en": "Nadzaladevi - 60", "name_ka": "ნაძალადევი - 60" }, "geometry": { "type": "Point", "coordinates": [ 44.802563947275097, 41.77797746416617 ] } },
{ "type": "Feature", "properties": { "id": 9061, "district_en": "Nadzaladevi", "district_ka": "ნაძალადევი", "precinct": 61.0, "name_en": "Nadzaladevi - 61", "name_ka": "ნაძალადევი - 61" }, "geometry": { "type": "Point", "coordinates": [ 44.802563947275097, 41.77797746416617 ] } },
{ "type": "Feature", "properties": { "id": 9062, "district_en": "Nadzaladevi", "district_ka": "ნაძალადევი", "precinct": 62.0, "name_en": "Nadzaladevi - 62", "name_ka": "ნაძალადევი - 62" }, "geometry": { "type": "Point", "coordinates": [ 44.802486192092829, 41.779551317287279 ] } },
{ "type": "Feature", "properties": { "id": 9063, "district_en": "Nadzaladevi", "district_ka": "ნაძალადევი", "precinct": 63.0, "name_en": "Nadzaladevi - 63", "name_ka": "ნაძალადევი - 63" }, "geometry": { "type": "Point", "coordinates": [ 44.80625, 41.78202 ] } },
{ "type": "Feature", "properties": { "id": 9064, "district_en": "Nadzaladevi", "district_ka": "ნაძალადევი", "precinct": 64.0, "name_en": "Nadzaladevi - 64", "name_ka": "ნაძალადევი - 64" }, "geometry": { "type": "Point", "coordinates": [ 44.80625, 41.78202 ] } },
{ "type": "Feature", "properties": { "id": 9065, "district_en": "Nadzaladevi", "district_ka": "ნაძალადევი", "precinct": 65.0, "name_en": "Nadzaladevi - 65", "name_ka": "ნაძალადევი - 65" }, "geometry": { "type": "Point", "coordinates": [ 44.805772560311723, 41.779638047445829 ] } },
{ "type": "Feature", "properties": { "id": 9066, "district_en": "Nadzaladevi", "district_ka": "ნაძალადევი", "precinct": 66.0, "name_en": "Nadzaladevi - 66", "name_ka": "ნაძალადევი - 66" }, "geometry": { "type": "Point", "coordinates": [ 44.812406301498413, 41.777656689749477 ] } },
{ "type": "Feature", "properties": { "id": 9067, "district_en": "Nadzaladevi", "district_ka": "ნაძალადევი", "precinct": 67.0, "name_en": "Nadzaladevi - 67", "name_ka": "ნაძალადევი - 67" }, "geometry": { "type": "Point", "coordinates": [ 44.812406301498413, 41.777656689749477 ] } },
{ "type": "Feature", "properties": { "id": 9068, "district_en": "Nadzaladevi", "district_ka": "ნაძალადევი", "precinct": 68.0, "name_en": "Nadzaladevi - 68", "name_ka": "ნაძალადევი - 68" }, "geometry": { "type": "Point", "coordinates": [ 44.812406301498413, 41.777656689749477 ] } },
{ "type": "Feature", "properties": { "id": 9069, "district_en": "Nadzaladevi", "district_ka": "ნაძალადევი", "precinct": 69.0, "name_en": "Nadzaladevi - 69", "name_ka": "ნაძალადევი - 69" }, "geometry": { "type": "Point", "coordinates": [ 44.813569406528302, 41.776577327588051 ] } },
{ "type": "Feature", "properties": { "id": 9070, "district_en": "Nadzaladevi", "district_ka": "ნაძალადევი", "precinct": 70.0, "name_en": "Nadzaladevi - 70", "name_ka": "ნაძალადევი - 70" }, "geometry": { "type": "Point", "coordinates": [ 44.814318382610935, 41.7762232425722 ] } },
{ "type": "Feature", "properties": { "id": 9071, "district_en": "Nadzaladevi", "district_ka": "ნაძალადევი", "precinct": 71.0, "name_en": "Nadzaladevi - 71", "name_ka": "ნაძალადევი - 71" }, "geometry": { "type": "Point", "coordinates": [ 44.818113707554978, 41.774182350013042 ] } },
{ "type": "Feature", "properties": { "id": 9072, "district_en": "Nadzaladevi", "district_ka": "ნაძალადევი", "precinct": 72.0, "name_en": "Nadzaladevi - 72", "name_ka": "ნაძალადევი - 72" }, "geometry": { "type": "Point", "coordinates": [ 44.820104700313678, 41.7732352656543 ] } },
{ "type": "Feature", "properties": { "id": 9073, "district_en": "Nadzaladevi", "district_ka": "ნაძალადევი", "precinct": 73.0, "name_en": "Nadzaladevi - 73", "name_ka": "ნაძალადევი - 73" }, "geometry": { "type": "Point", "coordinates": [ 44.821880279443725, 41.77650143997046 ] } },
{ "type": "Feature", "properties": { "id": 9074, "district_en": "Nadzaladevi", "district_ka": "ნაძალადევი", "precinct": 74.0, "name_en": "Nadzaladevi - 74", "name_ka": "ნაძალადევი - 74" }, "geometry": { "type": "Point", "coordinates": [ 44.822142781678714, 41.776555736920315 ] } },
{ "type": "Feature", "properties": { "id": 9075, "district_en": "Nadzaladevi", "district_ka": "ნაძალადევი", "precinct": 75.0, "name_en": "Nadzaladevi - 75", "name_ka": "ნაძალადევი - 75" }, "geometry": { "type": "Point", "coordinates": [ 44.82196698216373, 41.77652334423216 ] } },
{ "type": "Feature", "properties": { "id": 9076, "district_en": "Nadzaladevi", "district_ka": "ნაძალადევი", "precinct": 76.0, "name_en": "Nadzaladevi - 76", "name_ka": "ნაძალადევი - 76" }, "geometry": { "type": "Point", "coordinates": [ 44.821916391332444, 41.776465037348252 ] } },
{ "type": "Feature", "properties": { "id": 9077, "district_en": "Nadzaladevi", "district_ka": "ნაძალადევი", "precinct": 77.0, "name_en": "Nadzaladevi - 77", "name_ka": "ნაძალადევი - 77" }, "geometry": { "type": "Point", "coordinates": [ 44.819317575471409, 41.778647233044552 ] } },
{ "type": "Feature", "properties": { "id": 9078, "district_en": "Nadzaladevi", "district_ka": "ნაძალადევი", "precinct": 78.0, "name_en": "Nadzaladevi - 78", "name_ka": "ნაძალადევი - 78" }, "geometry": { "type": "Point", "coordinates": [ 44.820297585124599, 41.777832785708476 ] } },
{ "type": "Feature", "properties": { "id": 9079, "district_en": "Nadzaladevi", "district_ka": "ნაძალადევი", "precinct": 79.0, "name_en": "Nadzaladevi - 79", "name_ka": "ნაძალადევი - 79" }, "geometry": { "type": "Point", "coordinates": [ 44.819293840316931, 41.778623020449359 ] } },
{ "type": "Feature", "properties": { "id": 9080, "district_en": "Nadzaladevi", "district_ka": "ნაძალადევი", "precinct": 80.0, "name_en": "Nadzaladevi - 80", "name_ka": "ნაძალადევი - 80" }, "geometry": { "type": "Point", "coordinates": [ 44.813943207263947, 41.782853049381146 ] } },
{ "type": "Feature", "properties": { "id": 9081, "district_en": "Nadzaladevi", "district_ka": "ნაძალადევი", "precinct": 81.0, "name_en": "Nadzaladevi - 81", "name_ka": "ნაძალადევი - 81" }, "geometry": { "type": "Point", "coordinates": [ 44.809354951049819, 41.784789947925141 ] } },
{ "type": "Feature", "properties": { "id": 10001, "district_en": "Gldani", "district_ka": "გლდანი", "precinct": 1.0, "name_en": "Gldani - 1", "name_ka": "გლდანი - 1" }, "geometry": { "type": "Point", "coordinates": [ 44.758253179762285, 41.824194263048369 ] } },
{ "type": "Feature", "properties": { "id": 10002, "district_en": "Gldani", "district_ka": "გლდანი", "precinct": 2.0, "name_en": "Gldani - 2", "name_ka": "გლდანი - 2" }, "geometry": { "type": "Point", "coordinates": [ 44.758190039807502, 41.824085929257102 ] } },
{ "type": "Feature", "properties": { "id": 10003, "district_en": "Gldani", "district_ka": "გლდანი", "precinct": 3.0, "name_en": "Gldani - 3", "name_ka": "გლდანი - 3" }, "geometry": { "type": "Point", "coordinates": [ 44.758147232506197, 41.824129303076745 ] } },
{ "type": "Feature", "properties": { "id": 10004, "district_en": "Gldani", "district_ka": "გლდანი", "precinct": 4.0, "name_en": "Gldani - 4", "name_ka": "გლდანი - 4" }, "geometry": { "type": "Point", "coordinates": [ 44.781705737113953, 41.824237872499204 ] } },
{ "type": "Feature", "properties": { "id": 10005, "district_en": "Gldani", "district_ka": "გლდანი", "precinct": 5.0, "name_en": "Gldani - 5", "name_ka": "გლდანი - 5" }, "geometry": { "type": "Point", "coordinates": [ 44.781686961650848, 41.824216885452941 ] } },
{ "type": "Feature", "properties": { "id": 10006, "district_en": "Gldani", "district_ka": "გლდანი", "precinct": 6.0, "name_en": "Gldani - 6", "name_ka": "გლდანი - 6" }, "geometry": { "type": "Point", "coordinates": [ 44.793864117196641, 41.819558705824981 ] } },
{ "type": "Feature", "properties": { "id": 10007, "district_en": "Gldani", "district_ka": "გლდანი", "precinct": 7.0, "name_en": "Gldani - 7", "name_ka": "გლდანი - 7" }, "geometry": { "type": "Point", "coordinates": [ 44.795452217231357, 41.816101893630957 ] } },
{ "type": "Feature", "properties": { "id": 10008, "district_en": "Gldani", "district_ka": "გლდანი", "precinct": 8.0, "name_en": "Gldani - 8", "name_ka": "გლდანი - 8" }, "geometry": { "type": "Point", "coordinates": [ 44.803088307380676, 41.813348669011006 ] } },
{ "type": "Feature", "properties": { "id": 10009, "district_en": "Gldani", "district_ka": "გლდანი", "precinct": 9.0, "name_en": "Gldani - 9", "name_ka": "გლდანი - 9" }, "geometry": { "type": "Point", "coordinates": [ 44.801024676721198, 41.797992524170056 ] } },
{ "type": "Feature", "properties": { "id": 10010, "district_en": "Gldani", "district_ka": "გლდანი", "precinct": 10.0, "name_en": "Gldani - 10", "name_ka": "გლდანი - 10" }, "geometry": { "type": "Point", "coordinates": [ 44.801293896958903, 41.792510437283319 ] } },
{ "type": "Feature", "properties": { "id": 10011, "district_en": "Gldani", "district_ka": "გლდანი", "precinct": 11.0, "name_en": "Gldani - 11", "name_ka": "გლდანი - 11" }, "geometry": { "type": "Point", "coordinates": [ 44.801275121495799, 41.792552432148156 ] } },
{ "type": "Feature", "properties": { "id": 10012, "district_en": "Gldani", "district_ka": "გლდანი", "precinct": 12.0, "name_en": "Gldani - 12", "name_ka": "გლდანი - 12" }, "geometry": { "type": "Point", "coordinates": [ 44.801288532540873, 41.792374453722658 ] } },
{ "type": "Feature", "properties": { "id": 10013, "district_en": "Gldani", "district_ka": "გლდანი", "precinct": 13.0, "name_en": "Gldani - 13", "name_ka": "გლდანი - 13" }, "geometry": { "type": "Point", "coordinates": [ 44.7966547, 41.7912349 ] } },
{ "type": "Feature", "properties": { "id": 10014, "district_en": "Gldani", "district_ka": "გლდანი", "precinct": 14.0, "name_en": "Gldani - 14", "name_ka": "გლდანი - 14" }, "geometry": { "type": "Point", "coordinates": [ 44.797111133976728, 41.803623712153033 ] } },
{ "type": "Feature", "properties": { "id": 10015, "district_en": "Gldani", "district_ka": "გლდანი", "precinct": 15.0, "name_en": "Gldani - 15", "name_ka": "გლდანი - 15" }, "geometry": { "type": "Point", "coordinates": [ 44.817396149073787, 41.814265374018284 ] } },
{ "type": "Feature", "properties": { "id": 10016, "district_en": "Gldani", "district_ka": "გლდანი", "precinct": 16.0, "name_en": "Gldani - 16", "name_ka": "გლდანი - 16" }, "geometry": { "type": "Point", "coordinates": [ 44.814649567042537, 41.811678515797055 ] } },
{ "type": "Feature", "properties": { "id": 10017, "district_en": "Gldani", "district_ka": "გლდანი", "precinct": 17.0, "name_en": "Gldani - 17", "name_ka": "გლდანი - 17" }, "geometry": { "type": "Point", "coordinates": [ 44.817616090213008, 41.811194717732903 ] } },
{ "type": "Feature", "properties": { "id": 10018, "district_en": "Gldani", "district_ka": "გლდანი", "precinct": 18.0, "name_en": "Gldani - 18", "name_ka": "გლდანი - 18" }, "geometry": { "type": "Point", "coordinates": [ 44.828179774951955, 41.824348149330312 ] } },
{ "type": "Feature", "properties": { "id": 10019, "district_en": "Gldani", "district_ka": "გლდანი", "precinct": 19.0, "name_en": "Gldani - 19", "name_ka": "გლდანი - 19" }, "geometry": { "type": "Point", "coordinates": [ 44.81266480265505, 41.79435710630699 ] } },
{ "type": "Feature", "properties": { "id": 10020, "district_en": "Gldani", "district_ka": "გლდანი", "precinct": 20.0, "name_en": "Gldani - 20", "name_ka": "გლდანი - 20" }, "geometry": { "type": "Point", "coordinates": [ 44.812863286122152, 41.792399371567505 ] } },
{ "type": "Feature", "properties": { "id": 10021, "district_en": "Gldani", "district_ka": "გლდანი", "precinct": 21.0, "name_en": "Gldani - 21", "name_ka": "გლდანი - 21" }, "geometry": { "type": "Point", "coordinates": [ 44.812938387974569, 41.794685056023631 ] } },
{ "type": "Feature", "properties": { "id": 10022, "district_en": "Gldani", "district_ka": "გლდანი", "precinct": 22.0, "name_en": "Gldani - 22", "name_ka": "გლდანი - 22" }, "geometry": { "type": "Point", "coordinates": [ 44.81658784292221, 41.794491415053244 ] } },
{ "type": "Feature", "properties": { "id": 10023, "district_en": "Gldani", "district_ka": "გლდანი", "precinct": 23.0, "name_en": "Gldani - 23", "name_ka": "გლდანი - 23" }, "geometry": { "type": "Point", "coordinates": [ 44.811875992659772, 41.796937554609244 ] } },
{ "type": "Feature", "properties": { "id": 10024, "district_en": "Gldani", "district_ka": "გლდანი", "precinct": 24.0, "name_en": "Gldani - 24", "name_ka": "გლდანი - 24" }, "geometry": { "type": "Point", "coordinates": [ 44.81442945564195, 41.79927306587669 ] } },
{ "type": "Feature", "properties": { "id": 10025, "district_en": "Gldani", "district_ka": "გლდანი", "precinct": 25.0, "name_en": "Gldani - 25", "name_ka": "გლდანი - 25" }, "geometry": { "type": "Point", "coordinates": [ 44.814464324359143, 41.799305058590775 ] } },
{ "type": "Feature", "properties": { "id": 10026, "district_en": "Gldani", "district_ka": "გლდანი", "precinct": 26.0, "name_en": "Gldani - 26", "name_ka": "გლდანი - 26" }, "geometry": { "type": "Point", "coordinates": [ 44.814464324359143, 41.799337051288852 ] } },
{ "type": "Feature", "properties": { "id": 10027, "district_en": "Gldani", "district_ka": "გლდანი", "precinct": 27.0, "name_en": "Gldani - 27", "name_ka": "გლდანი - 27" }, "geometry": { "type": "Point", "coordinates": [ 44.82076580429915, 41.801255269760908 ] } },
{ "type": "Feature", "properties": { "id": 10028, "district_en": "Gldani", "district_ka": "გლდანი", "precinct": 28.0, "name_en": "Gldani - 28", "name_ka": "გლდანი - 28" }, "geometry": { "type": "Point", "coordinates": [ 44.820789944180284, 41.801253270277591 ] } },
{ "type": "Feature", "properties": { "id": 10029, "district_en": "Gldani", "district_ka": "გლდანი", "precinct": 29.0, "name_en": "Gldani - 29", "name_ka": "გლდანი - 29" }, "geometry": { "type": "Point", "coordinates": [ 44.814586473016369, 41.803328947886897 ] } },
{ "type": "Feature", "properties": { "id": 10030, "district_en": "Gldani", "district_ka": "გლდანი", "precinct": 30.0, "name_en": "Gldani - 30", "name_ka": "გლდანი - 30" }, "geometry": { "type": "Point", "coordinates": [ 44.811910861376965, 41.796989544656171 ] } },
{ "type": "Feature", "properties": { "id": 10031, "district_en": "Gldani", "district_ka": "გლდანი", "precinct": 31.0, "name_en": "Gldani - 31", "name_ka": "გლდანი - 31" }, "geometry": { "type": "Point", "coordinates": [ 44.823211945368975, 41.803148906406122 ] } },
{ "type": "Feature", "properties": { "id": 10032, "district_en": "Gldani", "district_ka": "გლდანი", "precinct": 32.0, "name_en": "Gldani - 32", "name_ka": "გლდანი - 32" }, "geometry": { "type": "Point", "coordinates": [ 44.822720353164669, 41.804625763400772 ] } },
{ "type": "Feature", "properties": { "id": 10033, "district_en": "Gldani", "district_ka": "გლდანი", "precinct": 33.0, "name_en": "Gldani - 33", "name_ka": "გლდანი - 33" }, "geometry": { "type": "Point", "coordinates": [ 44.824611130112203, 41.80734665438473 ] } },
{ "type": "Feature", "properties": { "id": 10034, "district_en": "Gldani", "district_ka": "გლდანი", "precinct": 34.0, "name_en": "Gldani - 34", "name_ka": "გლდანი - 34" }, "geometry": { "type": "Point", "coordinates": [ 44.824734327647413, 41.807319611544209 ] } },
{ "type": "Feature", "properties": { "id": 10035, "district_en": "Gldani", "district_ka": "გლდანი", "precinct": 35.0, "name_en": "Gldani - 35", "name_ka": "გლდანი - 35" }, "geometry": { "type": "Point", "coordinates": [ 44.828644988391126, 41.805336281158432 ] } },
{ "type": "Feature", "properties": { "id": 10036, "district_en": "Gldani", "district_ka": "გლდანი", "precinct": 36.0, "name_en": "Gldani - 36", "name_ka": "გლდანი - 36" }, "geometry": { "type": "Point", "coordinates": [ 44.828396884057248, 41.807443567654751 ] } },
{ "type": "Feature", "properties": { "id": 10037, "district_en": "Gldani", "district_ka": "გლდანი", "precinct": 37.0, "name_en": "Gldani - 37", "name_ka": "გლდანი - 37" }, "geometry": { "type": "Point", "coordinates": [ 44.829583761546338, 41.808367233055073 ] } },
{ "type": "Feature", "properties": { "id": 10038, "district_en": "Gldani", "district_ka": "გლდანი", "precinct": 38.0, "name_en": "Gldani - 38", "name_ka": "გლდანი - 38" }, "geometry": { "type": "Point", "coordinates": [ 44.819416453372959, 41.809690263411575 ] } },
{ "type": "Feature", "properties": { "id": 10039, "district_en": "Gldani", "district_ka": "გლდანი", "precinct": 39.0, "name_en": "Gldani - 39", "name_ka": "გლდანი - 39" }, "geometry": { "type": "Point", "coordinates": [ 44.838609312828048, 41.805962118193513 ] } },
{ "type": "Feature", "properties": { "id": 10040, "district_en": "Gldani", "district_ka": "გლდანი", "precinct": 40.0, "name_en": "Gldani - 40", "name_ka": "გლდანი - 40" }, "geometry": { "type": "Point", "coordinates": [ 44.838759516532882, 41.806162051521767 ] } },
{ "type": "Feature", "properties": { "id": 10041, "district_en": "Gldani", "district_ka": "გლდანი", "precinct": 41.0, "name_en": "Gldani - 41", "name_ka": "გლდანი - 41" }, "geometry": { "type": "Point", "coordinates": [ 44.838201617057784, 41.806112068248225 ] } },
{ "type": "Feature", "properties": { "id": 10042, "district_en": "Gldani", "district_ka": "გლდანი", "precinct": 42.0, "name_en": "Gldani - 42", "name_ka": "გლდანი - 42" }, "geometry": { "type": "Point", "coordinates": [ 44.837099229152663, 41.805018424461785 ] } },
{ "type": "Feature", "properties": { "id": 10043, "district_en": "Gldani", "district_ka": "გლდანი", "precinct": 43.0, "name_en": "Gldani - 43", "name_ka": "გლდანი - 43" }, "geometry": { "type": "Point", "coordinates": [ 44.837128733451827, 41.805042416847506 ] } },
{ "type": "Feature", "properties": { "id": 10044, "district_en": "Gldani", "district_ka": "გლდანი", "precinct": 44.0, "name_en": "Gldani - 44", "name_ka": "გლდანი - 44" }, "geometry": { "type": "Point", "coordinates": [ 44.837193106468185, 41.805085528143039 ] } },
{ "type": "Feature", "properties": { "id": 10045, "district_en": "Gldani", "district_ka": "გლდანი", "precinct": 45.0, "name_en": "Gldani - 45", "name_ka": "გლდანი - 45" }, "geometry": { "type": "Point", "coordinates": [ 44.831024028068228, 41.801921033165286 ] } },
{ "type": "Feature", "properties": { "id": 10046, "district_en": "Gldani", "district_ka": "გლდანი", "precinct": 46.0, "name_en": "Gldani - 46", "name_ka": "გლდანი - 46" }, "geometry": { "type": "Point", "coordinates": [ 44.83490384340827, 41.79994453399781 ] } },
{ "type": "Feature", "properties": { "id": 10047, "district_en": "Gldani", "district_ka": "გლდანი", "precinct": 47.0, "name_en": "Gldani - 47", "name_ka": "გლდანი - 47" }, "geometry": { "type": "Point", "coordinates": [ 44.834925301080389, 41.799976526376639 ] } },
{ "type": "Feature", "properties": { "id": 10048, "district_en": "Gldani", "district_ka": "გლდანი", "precinct": 48.0, "name_en": "Gldani - 48", "name_ka": "გლდანი - 48" }, "geometry": { "type": "Point", "coordinates": [ 44.832245774274512, 41.797631042765246 ] } },
{ "type": "Feature", "properties": { "id": 10049, "district_en": "Gldani", "district_ka": "გლდანი", "precinct": 49.0, "name_en": "Gldani - 49", "name_ka": "გლდანი - 49" }, "geometry": { "type": "Point", "coordinates": [ 44.832135803704901, 41.797681032654843 ] } },
{ "type": "Feature", "properties": { "id": 10050, "district_en": "Gldani", "district_ka": "გლდანი", "precinct": 50.0, "name_en": "Gldani - 50", "name_ka": "გლდანი - 50" }, "geometry": { "type": "Point", "coordinates": [ 44.828580535655661, 41.800039511325842 ] } },
{ "type": "Feature", "properties": { "id": 10051, "district_en": "Gldani", "district_ka": "გლდანი", "precinct": 51.0, "name_en": "Gldani - 51", "name_ka": "გლდანი - 51" }, "geometry": { "type": "Point", "coordinates": [ 44.828946813066857, 41.797829320352015 ] } },
{ "type": "Feature", "properties": { "id": 10052, "district_en": "Gldani", "district_ka": "გლდანი", "precinct": 52.0, "name_en": "Gldani - 52", "name_ka": "გლდანი - 52" }, "geometry": { "type": "Point", "coordinates": [ 44.827887340505974, 41.795553746332793 ] } },
{ "type": "Feature", "properties": { "id": 10053, "district_en": "Gldani", "district_ka": "გლდანი", "precinct": 53.0, "name_en": "Gldani - 53", "name_ka": "გლდანი - 53" }, "geometry": { "type": "Point", "coordinates": [ 44.828434511145012, 41.795433766549934 ] } },
{ "type": "Feature", "properties": { "id": 10054, "district_en": "Gldani", "district_ka": "გლდანი", "precinct": 54.0, "name_en": "Gldani - 54", "name_ka": "გლდანი - 54" }, "geometry": { "type": "Point", "coordinates": [ 44.828826113661187, 41.795085823909609 ] } },
{ "type": "Feature", "properties": { "id": 10055, "district_en": "Gldani", "district_ka": "გლდანი", "precinct": 55.0, "name_en": "Gldani - 55", "name_ka": "გლდანი - 55" }, "geometry": { "type": "Point", "coordinates": [ 44.823805018385308, 41.796349606539295 ] } },
{ "type": "Feature", "properties": { "id": 10056, "district_en": "Gldani", "district_ka": "გლდანი", "precinct": 56.0, "name_en": "Gldani - 56", "name_ka": "გლდანი - 56" }, "geometry": { "type": "Point", "coordinates": [ 44.82603719014358, 41.793788551025997 ] } },
{ "type": "Feature", "properties": { "id": 10057, "district_en": "Gldani", "district_ka": "გლდანი", "precinct": 57.0, "name_en": "Gldani - 57", "name_ka": "გლდანი - 57" }, "geometry": { "type": "Point", "coordinates": [ 44.826026461307521, 41.793782551876987 ] } },
{ "type": "Feature", "properties": { "id": 10058, "district_en": "Gldani", "district_ka": "გლდანი", "precinct": 58.0, "name_en": "Gldani - 58", "name_ka": "გლდანი - 58" }, "geometry": { "type": "Point", "coordinates": [ 44.823513231460566, 41.791296856150595 ] } },
{ "type": "Feature", "properties": { "id": 10059, "district_en": "Gldani", "district_ka": "გლდანი", "precinct": 59.0, "name_en": "Gldani - 59", "name_ka": "გლდანი - 59" }, "geometry": { "type": "Point", "coordinates": [ 44.826023779098506, 41.793776552727394 ] } },
{ "type": "Feature", "properties": { "id": 10060, "district_en": "Gldani", "district_ka": "გლდანი", "precinct": 60.0, "name_en": "Gldani - 60", "name_ka": "გლდანი - 60" }, "geometry": { "type": "Point", "coordinates": [ 44.82355882901382, 41.791282857591199 ] } },
{ "type": "Feature", "properties": { "id": 10061, "district_en": "Gldani", "district_ka": "გლდანი", "precinct": 61.0, "name_en": "Gldani - 61", "name_ka": "გლდანი - 61" }, "geometry": { "type": "Point", "coordinates": [ 44.823502502624507, 41.791240861894579 ] } },
{ "type": "Feature", "properties": { "id": 10062, "district_en": "Gldani", "district_ka": "გლდანი", "precinct": 62.0, "name_en": "Gldani - 62", "name_ka": "გლდანი - 62" }, "geometry": { "type": "Point", "coordinates": [ 44.826862231352251, 41.789381303232723 ] } },
{ "type": "Feature", "properties": { "id": 10063, "district_en": "Gldani", "district_ka": "გლდანი", "precinct": 63.0, "name_en": "Gldani - 63", "name_ka": "გლდანი - 63" }, "geometry": { "type": "Point", "coordinates": [ 44.824174657919329, 41.789281310467558 ] } },
{ "type": "Feature", "properties": { "id": 10064, "district_en": "Gldani", "district_ka": "გლდანი", "precinct": 64.0, "name_en": "Gldani - 64", "name_ka": "გლდანი - 64" }, "geometry": { "type": "Point", "coordinates": [ 44.830026206082145, 41.786676200872293 ] } },
{ "type": "Feature", "properties": { "id": 10065, "district_en": "Gldani", "district_ka": "გლდანი", "precinct": 65.0, "name_en": "Gldani - 65", "name_ka": "გლდანი - 65" }, "geometry": { "type": "Point", "coordinates": [ 44.826312422090133, 41.786525603786771 ] } },
{ "type": "Feature", "properties": { "id": 10066, "district_en": "Gldani", "district_ka": "გლდანი", "precinct": 66.0, "name_en": "Gldani - 66", "name_ka": "გლდანი - 66" }, "geometry": { "type": "Point", "coordinates": [ 44.825236597583775, 41.789394403116752 ] } },
{ "type": "Feature", "properties": { "id": 10067, "district_en": "Gldani", "district_ka": "გლდანი", "precinct": 67.0, "name_en": "Gldani - 67", "name_ka": "გლდანი - 67" }, "geometry": { "type": "Point", "coordinates": [ 44.833062466687004, 41.786786197375108 ] } },
{ "type": "Feature", "properties": { "id": 10068, "district_en": "Gldani", "district_ka": "გლდანი", "precinct": 68.0, "name_en": "Gldani - 68", "name_ka": "გლდანი - 68" }, "geometry": { "type": "Point", "coordinates": [ 44.832051273888389, 41.787456171998585 ] } },
{ "type": "Feature", "properties": { "id": 10069, "district_en": "Gldani", "district_ka": "გლდანი", "precinct": 69.0, "name_en": "Gldani - 69", "name_ka": "გლდანი - 69" }, "geometry": { "type": "Point", "coordinates": [ 44.826517258544172, 41.779616013165011 ] } },
{ "type": "Feature", "properties": { "id": 10070, "district_en": "Gldani", "district_ka": "გლდანი", "precinct": 70.0, "name_en": "Gldani - 70", "name_ka": "გლდანი - 70" }, "geometry": { "type": "Point", "coordinates": [ 44.82874033743439, 41.783293299912842 ] } },
{ "type": "Feature", "properties": { "id": 10071, "district_en": "Gldani", "district_ka": "გლდანი", "precinct": 71.0, "name_en": "Gldani - 71", "name_ka": "გლდანი - 71" }, "geometry": { "type": "Point", "coordinates": [ 44.82871887976227, 41.783261299206373 ] } },
{ "type": "Feature", "properties": { "id": 10072, "district_en": "Gldani", "district_ka": "გლდანი", "precinct": 72.0, "name_en": "Gldani - 72", "name_ka": "გლდანი - 72" }, "geometry": { "type": "Point", "coordinates": [ 44.8287242441803, 41.783293299912842 ] } },
{ "type": "Feature", "properties": { "id": 10073, "district_en": "Gldani", "district_ka": "გლდანი", "precinct": 73.0, "name_en": "Gldani - 73", "name_ka": "გლდანი - 73" }, "geometry": { "type": "Point", "coordinates": [ 44.836514665012373, 41.782147987682571 ] } },
{ "type": "Feature", "properties": { "id": 10074, "district_en": "Gldani", "district_ka": "გლდანი", "precinct": 74.0, "name_en": "Gldani - 74", "name_ka": "გლდანი - 74" }, "geometry": { "type": "Point", "coordinates": [ 44.836458338623061, 41.782151987841232 ] } },
{ "type": "Feature", "properties": { "id": 10075, "district_en": "Gldani", "district_ka": "გლდანი", "precinct": 75.0, "name_en": "Gldani - 75", "name_ka": "გლდანი - 75" }, "geometry": { "type": "Point", "coordinates": [ 44.837205389085391, 41.785005314424971 ] } },
{ "type": "Feature", "properties": { "id": 11001, "district_en": "Sagarejo", "district_ka": "საგარეჯო", "precinct": 1.0, "name_en": "Sagarejo - 1", "name_ka": "საგარეჯო - 1" }, "geometry": { "type": "Point", "coordinates": [ 45.321108358860791, 41.736846158254096 ] } },
{ "type": "Feature", "properties": { "id": 11002, "district_en": "Sagarejo", "district_ka": "საგარეჯო", "precinct": 2.0, "name_en": "Sagarejo - 2", "name_ka": "საგარეჯო - 2" }, "geometry": { "type": "Point", "coordinates": [ 45.325515920237741, 41.736446518861307 ] } },
{ "type": "Feature", "properties": { "id": 11003, "district_en": "Sagarejo", "district_ka": "საგარეჯო", "precinct": 3.0, "name_en": "Sagarejo - 3", "name_ka": "საგარეჯო - 3" }, "geometry": { "type": "Point", "coordinates": [ 45.323610540861502, 41.740494988171847 ] } },
{ "type": "Feature", "properties": { "id": 11004, "district_en": "Sagarejo", "district_ka": "საგარეჯო", "precinct": 4.0, "name_en": "Sagarejo - 4", "name_ka": "საგარეჯო - 4" }, "geometry": { "type": "Point", "coordinates": [ 45.327526406745854, 41.736740479074875 ] } },
{ "type": "Feature", "properties": { "id": 11005, "district_en": "Sagarejo", "district_ka": "საგარეჯო", "precinct": 5.0, "name_en": "Sagarejo - 5", "name_ka": "საგარეჯო - 5" }, "geometry": { "type": "Point", "coordinates": [ 45.339671771194411, 41.72418471220027 ] } },
{ "type": "Feature", "properties": { "id": 11006, "district_en": "Sagarejo", "district_ka": "საგარეჯო", "precinct": 6.0, "name_en": "Sagarejo - 6", "name_ka": "საგარეჯო - 6" }, "geometry": { "type": "Point", "coordinates": [ 45.337695234393301, 41.722736495792454 ] } },
{ "type": "Feature", "properties": { "id": 11007, "district_en": "Sagarejo", "district_ka": "საგარეჯო", "precinct": 7.0, "name_en": "Sagarejo - 7", "name_ka": "საგარეჯო - 7" }, "geometry": { "type": "Point", "coordinates": [ 45.201023054492225, 41.85932478128256 ] } },
{ "type": "Feature", "properties": { "id": 11008, "district_en": "Sagarejo", "district_ka": "საგარეჯო", "precinct": 8.0, "name_en": "Sagarejo - 8", "name_ka": "საგარეჯო - 8" }, "geometry": { "type": "Point", "coordinates": [ 45.129681832710276, 41.884654294987051 ] } },
{ "type": "Feature", "properties": { "id": 11009, "district_en": "Sagarejo", "district_ka": "საგარეჯო", "precinct": 9.0, "name_en": "Sagarejo - 9", "name_ka": "საგარეჯო - 9" }, "geometry": { "type": "Point", "coordinates": [ 45.162518366270412, 41.786899219504839 ] } },
{ "type": "Feature", "properties": { "id": 11010, "district_en": "Sagarejo", "district_ka": "საგარეჯო", "precinct": 10.0, "name_en": "Sagarejo - 10", "name_ka": "საგარეჯო - 10" }, "geometry": { "type": "Point", "coordinates": [ 45.182673517166108, 41.762539452688763 ] } },
{ "type": "Feature", "properties": { "id": 11011, "district_en": "Sagarejo", "district_ka": "საგარეჯო", "precinct": 11.0, "name_en": "Sagarejo - 11", "name_ka": "საგარეჯო - 11" }, "geometry": { "type": "Point", "coordinates": [ 45.244524950679086, 41.74438559374537 ] } },
{ "type": "Feature", "properties": { "id": 11012, "district_en": "Sagarejo", "district_ka": "საგარეჯო", "precinct": 12.0, "name_en": "Sagarejo - 12", "name_ka": "საგარეჯო - 12" }, "geometry": { "type": "Point", "coordinates": [ 45.283642649182205, 41.72857106833704 ] } },
{ "type": "Feature", "properties": { "id": 11013, "district_en": "Sagarejo", "district_ka": "საგარეჯო", "precinct": 13.0, "name_en": "Sagarejo - 13", "name_ka": "საგარეჯო - 13" }, "geometry": { "type": "Point", "coordinates": [ 45.296364217196697, 41.734658453228832 ] } },
{ "type": "Feature", "properties": { "id": 11014, "district_en": "Sagarejo", "district_ka": "საგარეჯო", "precinct": 14.0, "name_en": "Sagarejo - 14", "name_ka": "საგარეჯო - 14" }, "geometry": { "type": "Point", "coordinates": [ 45.350215115838637, 41.730681756906414 ] } },
{ "type": "Feature", "properties": { "id": 11015, "district_en": "Sagarejo", "district_ka": "საგარეჯო", "precinct": 15.0, "name_en": "Sagarejo - 15", "name_ka": "საგარეჯო - 15" }, "geometry": { "type": "Point", "coordinates": [ 45.276050006777965, 41.647453724968827 ] } },
{ "type": "Feature", "properties": { "id": 11016, "district_en": "Sagarejo", "district_ka": "საგარეჯო", "precinct": 16.0, "name_en": "Sagarejo - 16", "name_ka": "საგარეჯო - 16" }, "geometry": { "type": "Point", "coordinates": [ 45.423042982209047, 41.727112073152533 ] } },
{ "type": "Feature", "properties": { "id": 11017, "district_en": "Sagarejo", "district_ka": "საგარეჯო", "precinct": 17.0, "name_en": "Sagarejo - 17", "name_ka": "საგარეჯო - 17" }, "geometry": { "type": "Point", "coordinates": [ 45.460031172599798, 41.717445619509178 ] } },
{ "type": "Feature", "properties": { "id": 11018, "district_en": "Sagarejo", "district_ka": "საგარეჯო", "precinct": 18.0, "name_en": "Sagarejo - 18", "name_ka": "საგარეჯო - 18" }, "geometry": { "type": "Point", "coordinates": [ 45.501852107131981, 41.716287040021761 ] } },
{ "type": "Feature", "properties": { "id": 11019, "district_en": "Sagarejo", "district_ka": "საგარეჯო", "precinct": 19.0, "name_en": "Sagarejo - 19", "name_ka": "საგარეჯო - 19" }, "geometry": { "type": "Point", "coordinates": [ 45.517527620376541, 41.70933285383704 ] } },
{ "type": "Feature", "properties": { "id": 11020, "district_en": "Sagarejo", "district_ka": "საგარეჯო", "precinct": 20.0, "name_en": "Sagarejo - 20", "name_ka": "საგარეჯო - 20" }, "geometry": { "type": "Point", "coordinates": [ 45.541688069713949, 41.703082576137682 ] } },
{ "type": "Feature", "properties": { "id": 11021, "district_en": "Sagarejo", "district_ka": "საგარეჯო", "precinct": 21.0, "name_en": "Sagarejo - 21", "name_ka": "საგარეჯო - 21" }, "geometry": { "type": "Point", "coordinates": [ 45.541202527755793, 41.699843615210284 ] } },
{ "type": "Feature", "properties": { "id": 11022, "district_en": "Sagarejo", "district_ka": "საგარეჯო", "precinct": 22.0, "name_en": "Sagarejo - 22", "name_ka": "საგარეჯო - 22" }, "geometry": { "type": "Point", "coordinates": [ 45.553722395214869, 41.682244632613674 ] } },
{ "type": "Feature", "properties": { "id": 11023, "district_en": "Sagarejo", "district_ka": "საგარეჯო", "precinct": 23.0, "name_en": "Sagarejo - 23", "name_ka": "საგარეჯო - 23" }, "geometry": { "type": "Point", "coordinates": [ 45.563166253689587, 41.674715712585382 ] } },
{ "type": "Feature", "properties": { "id": 11024, "district_en": "Sagarejo", "district_ka": "საგარეჯო", "precinct": 24.0, "name_en": "Sagarejo - 24", "name_ka": "საგარეჯო - 24" }, "geometry": { "type": "Point", "coordinates": [ 45.554105786399873, 41.647851907577618 ] } },
{ "type": "Feature", "properties": { "id": 11025, "district_en": "Sagarejo", "district_ka": "საგარეჯო", "precinct": 25.0, "name_en": "Sagarejo - 25", "name_ka": "საგარეჯო - 25" }, "geometry": { "type": "Point", "coordinates": [ 45.588650128172269, 41.635489530845497 ] } },
{ "type": "Feature", "properties": { "id": 11026, "district_en": "Sagarejo", "district_ka": "საგარეჯო", "precinct": 26.0, "name_en": "Sagarejo - 26", "name_ka": "საგარეჯო - 26" }, "geometry": { "type": "Point", "coordinates": [ 45.618884552639749, 41.67084908356582 ] } },
{ "type": "Feature", "properties": { "id": 11027, "district_en": "Sagarejo", "district_ka": "საგარეჯო", "precinct": 27.0, "name_en": "Sagarejo - 27", "name_ka": "საგარეჯო - 27" }, "geometry": { "type": "Point", "coordinates": [ 45.377468958058216, 41.505344378346138 ] } },
{ "type": "Feature", "properties": { "id": 11028, "district_en": "Sagarejo", "district_ka": "საგარეჯო", "precinct": 28.0, "name_en": "Sagarejo - 28", "name_ka": "საგარეჯო - 28" }, "geometry": { "type": "Point", "coordinates": [ 45.503130064773607, 41.607308099794352 ] } },
{ "type": "Feature", "properties": { "id": 11029, "district_en": "Sagarejo", "district_ka": "საგარეჯო", "precinct": 29.0, "name_en": "Sagarejo - 29", "name_ka": "საგარეჯო - 29" }, "geometry": { "type": "Point", "coordinates": [ 45.503130064773607, 41.607308099794352 ] } },
{ "type": "Feature", "properties": { "id": 11030, "district_en": "Sagarejo", "district_ka": "საგარეჯო", "precinct": 30.0, "name_en": "Sagarejo - 30", "name_ka": "საგარეჯო - 30" }, "geometry": { "type": "Point", "coordinates": [ 45.538958660218775, 41.591514550096512 ] } },
{ "type": "Feature", "properties": { "id": 11031, "district_en": "Sagarejo", "district_ka": "საგარეჯო", "precinct": 31.0, "name_en": "Sagarejo - 31", "name_ka": "საგარეჯო - 31" }, "geometry": { "type": "Point", "coordinates": [ 45.539052987202481, 41.591390666374842 ] } },
{ "type": "Feature", "properties": { "id": 11032, "district_en": "Sagarejo", "district_ka": "საგარეჯო", "precinct": 32.0, "name_en": "Sagarejo - 32", "name_ka": "საგარეჯო - 32" }, "geometry": { "type": "Point", "coordinates": [ 45.518871949676509, 41.598148410926306 ] } },
{ "type": "Feature", "properties": { "id": 11033, "district_en": "Sagarejo", "district_ka": "საგარეჯო", "precinct": 33.0, "name_en": "Sagarejo - 33", "name_ka": "საგარეჯო - 33" }, "geometry": { "type": "Point", "coordinates": [ 45.518871949676509, 41.598148410926306 ] } },
{ "type": "Feature", "properties": { "id": 11034, "district_en": "Sagarejo", "district_ka": "საგარეჯო", "precinct": 34.0, "name_en": "Sagarejo - 34", "name_ka": "საგარეჯო - 34" }, "geometry": { "type": "Point", "coordinates": [ 45.538821017860414, 41.589757984679622 ] } },
{ "type": "Feature", "properties": { "id": 11035, "district_en": "Sagarejo", "district_ka": "საგარეჯო", "precinct": 35.0, "name_en": "Sagarejo - 35", "name_ka": "საგარეჯო - 35" }, "geometry": { "type": "Point", "coordinates": [ 45.542536885527831, 41.587212341691369 ] } },
{ "type": "Feature", "properties": { "id": 11036, "district_en": "Sagarejo", "district_ka": "საგარეჯო", "precinct": 36.0, "name_en": "Sagarejo - 36", "name_ka": "საგარეჯო - 36" }, "geometry": { "type": "Point", "coordinates": [ 45.54984352687007, 41.585836645495412 ] } },
{ "type": "Feature", "properties": { "id": 11037, "district_en": "Sagarejo", "district_ka": "საგარეჯო", "precinct": 37.0, "name_en": "Sagarejo - 37", "name_ka": "საგარეჯო - 37" }, "geometry": { "type": "Point", "coordinates": [ 45.549956325970093, 41.585745518460563 ] } },
{ "type": "Feature", "properties": { "id": 11038, "district_en": "Sagarejo", "district_ka": "საგარეჯო", "precinct": 38.0, "name_en": "Sagarejo - 38", "name_ka": "საგარეჯო - 38" }, "geometry": { "type": "Point", "coordinates": [ 45.549890398979187, 41.585833725256236 ] } },
{ "type": "Feature", "properties": { "id": 11039, "district_en": "Sagarejo", "district_ka": "საგარეჯო", "precinct": 39.0, "name_en": "Sagarejo - 39", "name_ka": "საგარეჯო - 39" }, "geometry": { "type": "Point", "coordinates": [ 45.55292325579012, 41.576248111902025 ] } },
{ "type": "Feature", "properties": { "id": 11040, "district_en": "Sagarejo", "district_ka": "საგარეჯო", "precinct": 40.0, "name_en": "Sagarejo - 40", "name_ka": "საგარეჯო - 40" }, "geometry": { "type": "Point", "coordinates": [ 45.586829779762304, 41.576245245959747 ] } },
{ "type": "Feature", "properties": { "id": 12001, "district_en": "Gurjaani", "district_ka": "გურჯაანი", "precinct": 1.0, "name_en": "Gurjaani - 1", "name_ka": "გურჯაანი - 1" }, "geometry": { "type": "Point", "coordinates": [ 45.796823147460614, 41.744594081218871 ] } },
{ "type": "Feature", "properties": { "id": 12002, "district_en": "Gurjaani", "district_ka": "გურჯაანი", "precinct": 2.0, "name_en": "Gurjaani - 2", "name_ka": "გურჯაანი - 2" }, "geometry": { "type": "Point", "coordinates": [ 45.8023875, 41.7441928 ] } },
{ "type": "Feature", "properties": { "id": 12003, "district_en": "Gurjaani", "district_ka": "გურჯაანი", "precinct": 3.0, "name_en": "Gurjaani - 3", "name_ka": "გურჯაანი - 3" }, "geometry": { "type": "Point", "coordinates": [ 45.789536055074784, 41.750135718091641 ] } },
{ "type": "Feature", "properties": { "id": 12004, "district_en": "Gurjaani", "district_ka": "გურჯაანი", "precinct": 4.0, "name_en": "Gurjaani - 4", "name_ka": "გურჯაანი - 4" }, "geometry": { "type": "Point", "coordinates": [ 45.800965437434343, 41.750107971034986 ] } },
{ "type": "Feature", "properties": { "id": 12005, "district_en": "Gurjaani", "district_ka": "გურჯაანი", "precinct": 5.0, "name_en": "Gurjaani - 5", "name_ka": "გურჯაანი - 5" }, "geometry": { "type": "Point", "coordinates": [ 45.785013947935994, 41.745614156773726 ] } },
{ "type": "Feature", "properties": { "id": 12006, "district_en": "Gurjaani", "district_ka": "გურჯაანი", "precinct": 6.0, "name_en": "Gurjaani - 6", "name_ka": "გურჯაანი - 6" }, "geometry": { "type": "Point", "coordinates": [ 45.65792177084608, 41.847171803727797 ] } },
{ "type": "Feature", "properties": { "id": 12007, "district_en": "Gurjaani", "district_ka": "გურჯაანი", "precinct": 7.0, "name_en": "Gurjaani - 7", "name_ka": "გურჯაანი - 7" }, "geometry": { "type": "Point", "coordinates": [ 45.66602, 41.83887 ] } },
{ "type": "Feature", "properties": { "id": 12008, "district_en": "Gurjaani", "district_ka": "გურჯაანი", "precinct": 8.0, "name_en": "Gurjaani - 8", "name_ka": "გურჯაანი - 8" }, "geometry": { "type": "Point", "coordinates": [ 45.674495450394886, 41.829743204553246 ] } },
{ "type": "Feature", "properties": { "id": 12009, "district_en": "Gurjaani", "district_ka": "გურჯაანი", "precinct": 9.0, "name_en": "Gurjaani - 9", "name_ka": "გურჯაანი - 9" }, "geometry": { "type": "Point", "coordinates": [ 45.692653656005859, 41.825631996593756 ] } },
{ "type": "Feature", "properties": { "id": 12010, "district_en": "Gurjaani", "district_ka": "გურჯაანი", "precinct": 10.0, "name_en": "Gurjaani - 10", "name_ka": "გურჯაანი - 10" }, "geometry": { "type": "Point", "coordinates": [ 45.702738761901855, 41.823373400376035 ] } },
{ "type": "Feature", "properties": { "id": 12011, "district_en": "Gurjaani", "district_ka": "გურჯაანი", "precinct": 11.0, "name_en": "Gurjaani - 11", "name_ka": "გურჯაანი - 11" }, "geometry": { "type": "Point", "coordinates": [ 45.727640390396118, 41.805061839155876 ] } },
{ "type": "Feature", "properties": { "id": 12012, "district_en": "Gurjaani", "district_ka": "გურჯაანი", "precinct": 12.0, "name_en": "Gurjaani - 12", "name_ka": "გურჯაანი - 12" }, "geometry": { "type": "Point", "coordinates": [ 45.732980872780956, 41.797429987559667 ] } },
{ "type": "Feature", "properties": { "id": 12013, "district_en": "Gurjaani", "district_ka": "გურჯაანი", "precinct": 13.0, "name_en": "Gurjaani - 13", "name_ka": "გურჯაანი - 13" }, "geometry": { "type": "Point", "coordinates": [ 45.588011338558303, 41.754317907437787 ] } },
{ "type": "Feature", "properties": { "id": 12014, "district_en": "Gurjaani", "district_ka": "გურჯაანი", "precinct": 14.0, "name_en": "Gurjaani - 14", "name_ka": "გურჯაანი - 14" }, "geometry": { "type": "Point", "coordinates": [ 45.752532971688879, 41.806984202889723 ] } },
{ "type": "Feature", "properties": { "id": 12015, "district_en": "Gurjaani", "district_ka": "გურჯაანი", "precinct": 15.0, "name_en": "Gurjaani - 15", "name_ka": "გურჯაანი - 15" }, "geometry": { "type": "Point", "coordinates": [ 45.760805904865265, 41.806975202408736 ] } },
{ "type": "Feature", "properties": { "id": 12016, "district_en": "Gurjaani", "district_ka": "გურჯაანი", "precinct": 16.0, "name_en": "Gurjaani - 16", "name_ka": "გურჯაანი - 16" }, "geometry": { "type": "Point", "coordinates": [ 45.756806631492793, 41.810620772782606 ] } },
{ "type": "Feature", "properties": { "id": 12017, "district_en": "Gurjaani", "district_ka": "გურჯაანი", "precinct": 17.0, "name_en": "Gurjaani - 17", "name_ka": "გურჯაანი - 17" }, "geometry": { "type": "Point", "coordinates": [ 45.75205385684967, 41.793416482216301 ] } },
{ "type": "Feature", "properties": { "id": 12018, "district_en": "Gurjaani", "district_ka": "გურჯაანი", "precinct": 18.0, "name_en": "Gurjaani - 18", "name_ka": "გურჯაანი - 18" }, "geometry": { "type": "Point", "coordinates": [ 45.752139581770074, 41.793470850575233 ] } },
{ "type": "Feature", "properties": { "id": 12019, "district_en": "Gurjaani", "district_ka": "გურჯაანი", "precinct": 19.0, "name_en": "Gurjaani - 19", "name_ka": "გურჯაანი - 19" }, "geometry": { "type": "Point", "coordinates": [ 45.770939297973925, 41.774394611298405 ] } },
{ "type": "Feature", "properties": { "id": 12020, "district_en": "Gurjaani", "district_ka": "გურჯაანი", "precinct": 20.0, "name_en": "Gurjaani - 20", "name_ka": "გურჯაანი - 20" }, "geometry": { "type": "Point", "coordinates": [ 45.768448664903183, 41.768229662596426 ] } },
{ "type": "Feature", "properties": { "id": 12021, "district_en": "Gurjaani", "district_ka": "გურჯაანი", "precinct": 21.0, "name_en": "Gurjaani - 21", "name_ka": "გურჯაანი - 21" }, "geometry": { "type": "Point", "coordinates": [ 45.776799578665283, 41.767643378618587 ] } },
{ "type": "Feature", "properties": { "id": 12022, "district_en": "Gurjaani", "district_ka": "გურჯაანი", "precinct": 22.0, "name_en": "Gurjaani - 22", "name_ka": "გურჯაანი - 22" }, "geometry": { "type": "Point", "coordinates": [ 45.816046436140958, 41.795949060838268 ] } },
{ "type": "Feature", "properties": { "id": 12023, "district_en": "Gurjaani", "district_ka": "გურჯაანი", "precinct": 23.0, "name_en": "Gurjaani - 23", "name_ka": "გურჯაანი - 23" }, "geometry": { "type": "Point", "coordinates": [ 45.80118588827554, 41.734552285540872 ] } },
{ "type": "Feature", "properties": { "id": 12024, "district_en": "Gurjaani", "district_ka": "გურჯაანი", "precinct": 24.0, "name_en": "Gurjaani - 24", "name_ka": "გურჯაანი - 24" }, "geometry": { "type": "Point", "coordinates": [ 45.810176476042891, 41.732215392665225 ] } },
{ "type": "Feature", "properties": { "id": 12025, "district_en": "Gurjaani", "district_ka": "გურჯაანი", "precinct": 25.0, "name_en": "Gurjaani - 25", "name_ka": "გურჯაანი - 25" }, "geometry": { "type": "Point", "coordinates": [ 45.818245410919189, 41.719455923821577 ] } },
{ "type": "Feature", "properties": { "id": 12026, "district_en": "Gurjaani", "district_ka": "გურჯაანი", "precinct": 26.0, "name_en": "Gurjaani - 26", "name_ka": "გურჯაანი - 26" }, "geometry": { "type": "Point", "coordinates": [ 45.819565057754517, 41.718146580471021 ] } },
{ "type": "Feature", "properties": { "id": 12027, "district_en": "Gurjaani", "district_ka": "გურჯაანი", "precinct": 27.0, "name_en": "Gurjaani - 27", "name_ka": "გურჯაანი - 27" }, "geometry": { "type": "Point", "coordinates": [ 45.828800669836099, 41.713192156935847 ] } },
{ "type": "Feature", "properties": { "id": 12028, "district_en": "Gurjaani", "district_ka": "გურჯაანი", "precinct": 28.0, "name_en": "Gurjaani - 28", "name_ka": "გურჯაანი - 28" }, "geometry": { "type": "Point", "coordinates": [ 45.83265227864387, 41.710001548735512 ] } },
{ "type": "Feature", "properties": { "id": 12029, "district_en": "Gurjaani", "district_ka": "გურჯაანი", "precinct": 29.0, "name_en": "Gurjaani - 29", "name_ka": "გურჯაანი - 29" }, "geometry": { "type": "Point", "coordinates": [ 45.842582032018981, 41.702039341784541 ] } },
{ "type": "Feature", "properties": { "id": 12030, "district_en": "Gurjaani", "district_ka": "გურჯაანი", "precinct": 30.0, "name_en": "Gurjaani - 30", "name_ka": "გურჯაანი - 30" }, "geometry": { "type": "Point", "coordinates": [ 45.858988839256185, 41.692171754998427 ] } },
{ "type": "Feature", "properties": { "id": 12031, "district_en": "Gurjaani", "district_ka": "გურჯაანი", "precinct": 31.0, "name_en": "Gurjaani - 31", "name_ka": "გურჯაანი - 31" }, "geometry": { "type": "Point", "coordinates": [ 45.857981793932574, 41.690951271589697 ] } },
{ "type": "Feature", "properties": { "id": 12032, "district_en": "Gurjaani", "district_ka": "გურჯაანი", "precinct": 32.0, "name_en": "Gurjaani - 32", "name_ka": "გურჯაანი - 32" }, "geometry": { "type": "Point", "coordinates": [ 45.885556768105857, 41.671410954940171 ] } },
{ "type": "Feature", "properties": { "id": 12033, "district_en": "Gurjaani", "district_ka": "გურჯაანი", "precinct": 33.0, "name_en": "Gurjaani - 33", "name_ka": "გურჯაანი - 33" }, "geometry": { "type": "Point", "coordinates": [ 45.890482366324036, 41.683817952468296 ] } },
{ "type": "Feature", "properties": { "id": 12034, "district_en": "Gurjaani", "district_ka": "გურჯაანი", "precinct": 34.0, "name_en": "Gurjaani - 34", "name_ka": "გურჯაანი - 34" }, "geometry": { "type": "Point", "coordinates": [ 45.892475764203482, 41.666171731049879 ] } },
{ "type": "Feature", "properties": { "id": 12035, "district_en": "Gurjaani", "district_ka": "გურჯაანი", "precinct": 35.0, "name_en": "Gurjaani - 35", "name_ka": "გურჯაანი - 35" }, "geometry": { "type": "Point", "coordinates": [ 45.816299001852428, 41.633523053011899 ] } },
{ "type": "Feature", "properties": { "id": 12036, "district_en": "Gurjaani", "district_ka": "გურჯაანი", "precinct": 36.0, "name_en": "Gurjaani - 36", "name_ka": "გურჯაანი - 36" }, "geometry": { "type": "Point", "coordinates": [ 45.787160492974429, 41.647343704745076 ] } },
{ "type": "Feature", "properties": { "id": 12037, "district_en": "Gurjaani", "district_ka": "გურჯაანი", "precinct": 37.0, "name_en": "Gurjaani - 37", "name_ka": "გურჯაანი - 37" }, "geometry": { "type": "Point", "coordinates": [ 45.686535757672125, 41.653025629486407 ] } },
{ "type": "Feature", "properties": { "id": 12038, "district_en": "Gurjaani", "district_ka": "გურჯაანი", "precinct": 38.0, "name_en": "Gurjaani - 38", "name_ka": "გურჯაანი - 38" }, "geometry": { "type": "Point", "coordinates": [ 45.67890919766252, 41.64954073916909 ] } },
{ "type": "Feature", "properties": { "id": 12039, "district_en": "Gurjaani", "district_ka": "გურჯაანი", "precinct": 39.0, "name_en": "Gurjaani - 39", "name_ka": "გურჯაანი - 39" }, "geometry": { "type": "Point", "coordinates": [ 45.673546839278508, 41.672609566451328 ] } },
{ "type": "Feature", "properties": { "id": 12040, "district_en": "Gurjaani", "district_ka": "გურჯაანი", "precinct": 40.0, "name_en": "Gurjaani - 40", "name_ka": "გურჯაანი - 40" }, "geometry": { "type": "Point", "coordinates": [ 45.69005561957399, 41.676931208495496 ] } },
{ "type": "Feature", "properties": { "id": 12041, "district_en": "Gurjaani", "district_ka": "გურჯაანი", "precinct": 41.0, "name_en": "Gurjaani - 41", "name_ka": "გურჯაანი - 41" }, "geometry": { "type": "Point", "coordinates": [ 45.701960865633296, 41.667206680730509 ] } },
{ "type": "Feature", "properties": { "id": 12042, "district_en": "Gurjaani", "district_ka": "გურჯაანი", "precinct": 42.0, "name_en": "Gurjaani - 42", "name_ka": "გურჯაანი - 42" }, "geometry": { "type": "Point", "coordinates": [ 45.726624227574391, 41.675437301048561 ] } },
{ "type": "Feature", "properties": { "id": 12043, "district_en": "Gurjaani", "district_ka": "გურჯაანი", "precinct": 43.0, "name_en": "Gurjaani - 43", "name_ka": "გურჯაანი - 43" }, "geometry": { "type": "Point", "coordinates": [ 45.731178950369035, 41.689345990889066 ] } },
{ "type": "Feature", "properties": { "id": 12044, "district_en": "Gurjaani", "district_ka": "გურჯაანი", "precinct": 44.0, "name_en": "Gurjaani - 44", "name_ka": "გურჯაანი - 44" }, "geometry": { "type": "Point", "coordinates": [ 45.711087644674699, 41.681980064365924 ] } },
{ "type": "Feature", "properties": { "id": 13001, "district_en": "Signagi", "district_ka": "სიღნაღი", "precinct": 1.0, "name_en": "Signagi - 1", "name_ka": "სიღნაღი - 1" }, "geometry": { "type": "Point", "coordinates": [ 45.921076363126538, 41.618339388139404 ] } },
{ "type": "Feature", "properties": { "id": 13002, "district_en": "Signagi", "district_ka": "სიღნაღი", "precinct": 2.0, "name_en": "Signagi - 2", "name_ka": "სიღნაღი - 2" }, "geometry": { "type": "Point", "coordinates": [ 45.910421169131254, 41.649174180081069 ] } },
{ "type": "Feature", "properties": { "id": 13003, "district_en": "Signagi", "district_ka": "სიღნაღი", "precinct": 3.0, "name_en": "Signagi - 3", "name_ka": "სიღნაღი - 3" }, "geometry": { "type": "Point", "coordinates": [ 45.927805602550507, 41.644496161440351 ] } },
{ "type": "Feature", "properties": { "id": 13004, "district_en": "Signagi", "district_ka": "სიღნაღი", "precinct": 4.0, "name_en": "Signagi - 4", "name_ka": "სიღნაღი - 4" }, "geometry": { "type": "Point", "coordinates": [ 45.949583941398934, 41.634616290662763 ] } },
{ "type": "Feature", "properties": { "id": 13005, "district_en": "Signagi", "district_ka": "სიღნაღი", "precinct": 5.0, "name_en": "Signagi - 5", "name_ka": "სიღნაღი - 5" }, "geometry": { "type": "Point", "coordinates": [ 45.966693507865109, 41.620499788315819 ] } },
{ "type": "Feature", "properties": { "id": 13006, "district_en": "Signagi", "district_ka": "სიღნაღი", "precinct": 6.0, "name_en": "Signagi - 6", "name_ka": "სიღნაღი - 6" }, "geometry": { "type": "Point", "coordinates": [ 45.980899238896527, 41.618160629384882 ] } },
{ "type": "Feature", "properties": { "id": 13007, "district_en": "Signagi", "district_ka": "სიღნაღი", "precinct": 7.0, "name_en": "Signagi - 7", "name_ka": "სიღნაღი - 7" }, "geometry": { "type": "Point", "coordinates": [ 45.975109040737152, 41.614766544898295 ] } },
{ "type": "Feature", "properties": { "id": 13008, "district_en": "Signagi", "district_ka": "სიღნაღი", "precinct": 8.0, "name_en": "Signagi - 8", "name_ka": "სიღნაღი - 8" }, "geometry": { "type": "Point", "coordinates": [ 45.960544985870484, 41.613097800617787 ] } },
{ "type": "Feature", "properties": { "id": 13009, "district_en": "Signagi", "district_ka": "სიღნაღი", "precinct": 9.0, "name_en": "Signagi - 9", "name_ka": "სიღნაღი - 9" }, "geometry": { "type": "Point", "coordinates": [ 45.96679629903992, 41.600945072814504 ] } },
{ "type": "Feature", "properties": { "id": 13010, "district_en": "Signagi", "district_ka": "სიღნაღი", "precinct": 10.0, "name_en": "Signagi - 10", "name_ka": "სიღნაღი - 10" }, "geometry": { "type": "Point", "coordinates": [ 45.972400201223373, 41.606687986142944 ] } },
{ "type": "Feature", "properties": { "id": 13011, "district_en": "Signagi", "district_ka": "სიღნაღი", "precinct": 11.0, "name_en": "Signagi - 11", "name_ka": "სიღნაღი - 11" }, "geometry": { "type": "Point", "coordinates": [ 45.990308913948873, 41.594236844968279 ] } },
{ "type": "Feature", "properties": { "id": 13012, "district_en": "Signagi", "district_ka": "სიღნაღი", "precinct": 12.0, "name_en": "Signagi - 12", "name_ka": "სიღნაღი - 12" }, "geometry": { "type": "Point", "coordinates": [ 46.329712070883652, 41.596927358194371 ] } },
{ "type": "Feature", "properties": { "id": 13013, "district_en": "Signagi", "district_ka": "სიღნაღი", "precinct": 13.0, "name_en": "Signagi - 13", "name_ka": "სიღნაღი - 13" }, "geometry": { "type": "Point", "coordinates": [ 46.001264020376524, 41.572231273934761 ] } },
{ "type": "Feature", "properties": { "id": 13014, "district_en": "Signagi", "district_ka": "სიღნაღი", "precinct": 14.0, "name_en": "Signagi - 14", "name_ka": "სიღნაღი - 14" }, "geometry": { "type": "Point", "coordinates": [ 45.970665201084572, 41.576343469492592 ] } },
{ "type": "Feature", "properties": { "id": 13015, "district_en": "Signagi", "district_ka": "სიღნაღი", "precinct": 15.0, "name_en": "Signagi - 15", "name_ka": "სიღნაღი - 15" }, "geometry": { "type": "Point", "coordinates": [ 46.101615962337391, 41.529517778624964 ] } },
{ "type": "Feature", "properties": { "id": 13016, "district_en": "Signagi", "district_ka": "სიღნაღი", "precinct": 16.0, "name_en": "Signagi - 16", "name_ka": "სიღნაღი - 16" }, "geometry": { "type": "Point", "coordinates": [ 46.137344309936893, 41.505502531679319 ] } },
{ "type": "Feature", "properties": { "id": 13017, "district_en": "Signagi", "district_ka": "სიღნაღი", "precinct": 17.0, "name_en": "Signagi - 17", "name_ka": "სიღნაღი - 17" }, "geometry": { "type": "Point", "coordinates": [ 46.053181724181407, 41.542864257438815 ] } },
{ "type": "Feature", "properties": { "id": 13018, "district_en": "Signagi", "district_ka": "სიღნაღი", "precinct": 18.0, "name_en": "Signagi - 18", "name_ka": "სიღნაღი - 18" }, "geometry": { "type": "Point", "coordinates": [ 46.047047149251526, 41.544718030388232 ] } },
{ "type": "Feature", "properties": { "id": 13019, "district_en": "Signagi", "district_ka": "სიღნაღი", "precinct": 19.0, "name_en": "Signagi - 19", "name_ka": "სიღნაღი - 19" }, "geometry": { "type": "Point", "coordinates": [ 45.895661021293449, 41.609951293817701 ] } },
{ "type": "Feature", "properties": { "id": 13020, "district_en": "Signagi", "district_ka": "სიღნაღი", "precinct": 20.0, "name_en": "Signagi - 20", "name_ka": "სიღნაღი - 20" }, "geometry": { "type": "Point", "coordinates": [ 45.864415948489196, 41.601006883133515 ] } },
{ "type": "Feature", "properties": { "id": 13021, "district_en": "Signagi", "district_ka": "სიღნაღი", "precinct": 21.0, "name_en": "Signagi - 21", "name_ka": "სიღნაღი - 21" }, "geometry": { "type": "Point", "coordinates": [ 45.8437840442108, 41.570624209693243 ] } },
{ "type": "Feature", "properties": { "id": 13022, "district_en": "Signagi", "district_ka": "სიღნაღი", "precinct": 22.0, "name_en": "Signagi - 22", "name_ka": "სიღნაღი - 22" }, "geometry": { "type": "Point", "coordinates": [ 45.89861724674536, 41.597450885893103 ] } },
{ "type": "Feature", "properties": { "id": 13023, "district_en": "Signagi", "district_ka": "სიღნაღი", "precinct": 23.0, "name_en": "Signagi - 23", "name_ka": "სიღნაღი - 23" }, "geometry": { "type": "Point", "coordinates": [ 45.844499511083988, 41.56527152434974 ] } },
{ "type": "Feature", "properties": { "id": 13024, "district_en": "Signagi", "district_ka": "სიღნაღი", "precinct": 24.0, "name_en": "Signagi - 24", "name_ka": "სიღნაღი - 24" }, "geometry": { "type": "Point", "coordinates": [ 45.915117861199199, 41.585293169177056 ] } },
{ "type": "Feature", "properties": { "id": 13025, "district_en": "Signagi", "district_ka": "სიღნაღი", "precinct": 25.0, "name_en": "Signagi - 25", "name_ka": "სიღნაღი - 25" }, "geometry": { "type": "Point", "coordinates": [ 45.87615430355072, 41.552494264942162 ] } },
{ "type": "Feature", "properties": { "id": 14001, "district_en": "Dedoplistskaro", "district_ka": "დედოფლისწყარო", "precinct": 1.0, "name_en": "Dedoplistskaro - 1", "name_ka": "დედოფლისწყარო - 1" }, "geometry": { "type": "Point", "coordinates": [ 46.107311333082635, 41.464683425110401 ] } },
{ "type": "Feature", "properties": { "id": 14002, "district_en": "Dedoplistskaro", "district_ka": "დედოფლისწყარო", "precinct": 2.0, "name_en": "Dedoplistskaro - 2", "name_ka": "დედოფლისწყარო - 2" }, "geometry": { "type": "Point", "coordinates": [ 46.12193338990987, 41.462985691687223 ] } },
{ "type": "Feature", "properties": { "id": 14003, "district_en": "Dedoplistskaro", "district_ka": "დედოფლისწყარო", "precinct": 3.0, "name_en": "Dedoplistskaro - 3", "name_ka": "დედოფლისწყარო - 3" }, "geometry": { "type": "Point", "coordinates": [ 46.116011166999201, 41.453467390181501 ] } },
{ "type": "Feature", "properties": { "id": 14004, "district_en": "Dedoplistskaro", "district_ka": "დედოფლისწყარო", "precinct": 4.0, "name_en": "Dedoplistskaro - 4", "name_ka": "დედოფლისწყარო - 4" }, "geometry": { "type": "Point", "coordinates": [ 46.108553156146336, 41.464393127928538 ] } },
{ "type": "Feature", "properties": { "id": 14005, "district_en": "Dedoplistskaro", "district_ka": "დედოფლისწყარო", "precinct": 5.0, "name_en": "Dedoplistskaro - 5", "name_ka": "დედოფლისწყარო - 5" }, "geometry": { "type": "Point", "coordinates": [ 45.948552489280701, 41.56879691026753 ] } },
{ "type": "Feature", "properties": { "id": 14006, "district_en": "Dedoplistskaro", "district_ka": "დედოფლისწყარო", "precinct": 6.0, "name_en": "Dedoplistskaro - 6", "name_ka": "დედოფლისწყარო - 6" }, "geometry": { "type": "Point", "coordinates": [ 45.957950558394934, 41.567391002703012 ] } },
{ "type": "Feature", "properties": { "id": 14007, "district_en": "Dedoplistskaro", "district_ka": "დედოფლისწყარო", "precinct": 7.0, "name_en": "Dedoplistskaro - 7", "name_ka": "დედოფლისწყარო - 7" }, "geometry": { "type": "Point", "coordinates": [ 45.97278356552124, 41.561590375803029 ] } },
{ "type": "Feature", "properties": { "id": 14008, "district_en": "Dedoplistskaro", "district_ka": "დედოფლისწყარო", "precinct": 8.0, "name_en": "Dedoplistskaro - 8", "name_ka": "დედოფლისწყარო - 8" }, "geometry": { "type": "Point", "coordinates": [ 45.962328314781189, 41.552140992095509 ] } },
{ "type": "Feature", "properties": { "id": 14009, "district_en": "Dedoplistskaro", "district_ka": "დედოფლისწყარო", "precinct": 9.0, "name_en": "Dedoplistskaro - 9", "name_ka": "დედოფლისწყარო - 9" }, "geometry": { "type": "Point", "coordinates": [ 45.996191203594208, 41.548636260299382 ] } },
{ "type": "Feature", "properties": { "id": 14010, "district_en": "Dedoplistskaro", "district_ka": "დედოფლისწყარო", "precinct": 10.0, "name_en": "Dedoplistskaro - 10", "name_ka": "დედოფლისწყარო - 10" }, "geometry": { "type": "Point", "coordinates": [ 45.985725057923595, 41.489362636366685 ] } },
{ "type": "Feature", "properties": { "id": 14011, "district_en": "Dedoplistskaro", "district_ka": "დედოფლისწყარო", "precinct": 11.0, "name_en": "Dedoplistskaro - 11", "name_ka": "დედოფლისწყარო - 11" }, "geometry": { "type": "Point", "coordinates": [ 46.088130623102188, 41.466558034804166 ] } },
{ "type": "Feature", "properties": { "id": 14012, "district_en": "Dedoplistskaro", "district_ka": "დედოფლისწყარო", "precinct": 12.0, "name_en": "Dedoplistskaro - 12", "name_ka": "დედოფლისწყარო - 12" }, "geometry": { "type": "Point", "coordinates": [ 46.136091512385114, 41.454813792536918 ] } },
{ "type": "Feature", "properties": { "id": 14013, "district_en": "Dedoplistskaro", "district_ka": "დედოფლისწყარო", "precinct": 13.0, "name_en": "Dedoplistskaro - 13", "name_ka": "დედოფლისწყარო - 13" }, "geometry": { "type": "Point", "coordinates": [ 46.385213434696198, 41.428310560444984 ] } },
{ "type": "Feature", "properties": { "id": 14014, "district_en": "Dedoplistskaro", "district_ka": "დედოფლისწყარო", "precinct": 14.0, "name_en": "Dedoplistskaro - 14", "name_ka": "დედოფლისწყარო - 14" }, "geometry": { "type": "Point", "coordinates": [ 46.407849511463304, 41.423445984985271 ] } },
{ "type": "Feature", "properties": { "id": 14015, "district_en": "Dedoplistskaro", "district_ka": "დედოფლისწყარო", "precinct": 15.0, "name_en": "Dedoplistskaro - 15", "name_ka": "დედოფლისწყარო - 15" }, "geometry": { "type": "Point", "coordinates": [ 46.449474837666884, 41.402830531811986 ] } },
{ "type": "Feature", "properties": { "id": 14016, "district_en": "Dedoplistskaro", "district_ka": "დედოფლისწყარო", "precinct": 16.0, "name_en": "Dedoplistskaro - 16", "name_ka": "დედოფლისწყარო - 16" }, "geometry": { "type": "Point", "coordinates": [ 46.482718615135511, 41.381778268516911 ] } },
{ "type": "Feature", "properties": { "id": 14017, "district_en": "Dedoplistskaro", "district_ka": "დედოფლისწყარო", "precinct": 17.0, "name_en": "Dedoplistskaro - 17", "name_ka": "დედოფლისწყარო - 17" }, "geometry": { "type": "Point", "coordinates": [ 46.510109569866202, 41.369947206536786 ] } },
{ "type": "Feature", "properties": { "id": 14018, "district_en": "Dedoplistskaro", "district_ka": "დედოფლისწყარო", "precinct": 18.0, "name_en": "Dedoplistskaro - 18", "name_ka": "დედოფლისწყარო - 18" }, "geometry": { "type": "Point", "coordinates": [ 46.441064813369522, 41.436643899524171 ] } },
{ "type": "Feature", "properties": { "id": 14019, "district_en": "Dedoplistskaro", "district_ka": "დედოფლისწყარო", "precinct": 19.0, "name_en": "Dedoplistskaro - 19", "name_ka": "დედოფლისწყარო - 19" }, "geometry": { "type": "Point", "coordinates": [ 46.5651949, 41.375028549090302 ] } },
{ "type": "Feature", "properties": { "id": 14020, "district_en": "Dedoplistskaro", "district_ka": "დედოფლისწყარო", "precinct": 20.0, "name_en": "Dedoplistskaro - 20", "name_ka": "დედოფლისწყარო - 20" }, "geometry": { "type": "Point", "coordinates": [ 46.668489962485161, 41.321590717656086 ] } },
{ "type": "Feature", "properties": { "id": 15001, "district_en": "Lagodekhi", "district_ka": "ლაგოდეხი", "precinct": 1.0, "name_en": "Lagodekhi - 1", "name_ka": "ლაგოდეხი - 1" }, "geometry": { "type": "Point", "coordinates": [ 46.276647746358478, 41.821771147924366 ] } },
{ "type": "Feature", "properties": { "id": 15002, "district_en": "Lagodekhi", "district_ka": "ლაგოდეხი", "precinct": 2.0, "name_en": "Lagodekhi - 2", "name_ka": "ლაგოდეხი - 2" }, "geometry": { "type": "Point", "coordinates": [ 46.273536224632942, 41.82573441487272 ] } },
{ "type": "Feature", "properties": { "id": 15003, "district_en": "Lagodekhi", "district_ka": "ლაგოდეხი", "precinct": 3.0, "name_en": "Lagodekhi - 3", "name_ka": "ლაგოდეხი - 3" }, "geometry": { "type": "Point", "coordinates": [ 46.300381194153545, 41.801178644103061 ] } },
{ "type": "Feature", "properties": { "id": 15004, "district_en": "Lagodekhi", "district_ka": "ლაგოდეხი", "precinct": 4.0, "name_en": "Lagodekhi - 4", "name_ka": "ლაგოდეხი - 4" }, "geometry": { "type": "Point", "coordinates": [ 46.25330329768147, 41.82463713842823 ] } },
{ "type": "Feature", "properties": { "id": 15005, "district_en": "Lagodekhi", "district_ka": "ლაგოდეხი", "precinct": 5.0, "name_en": "Lagodekhi - 5", "name_ka": "ლაგოდეხი - 5" }, "geometry": { "type": "Point", "coordinates": [ 46.21208111062559, 41.827856460030937 ] } },
{ "type": "Feature", "properties": { "id": 15006, "district_en": "Lagodekhi", "district_ka": "ლაგოდეხი", "precinct": 6.0, "name_en": "Lagodekhi - 6", "name_ka": "ლაგოდეხი - 6" }, "geometry": { "type": "Point", "coordinates": [ 46.162761323644609, 41.791594122238607 ] } },
{ "type": "Feature", "properties": { "id": 15007, "district_en": "Lagodekhi", "district_ka": "ლაგოდეხი", "precinct": 7.0, "name_en": "Lagodekhi - 7", "name_ka": "ლაგოდეხი - 7" }, "geometry": { "type": "Point", "coordinates": [ 46.143981088227953, 41.810041803197329 ] } },
{ "type": "Feature", "properties": { "id": 15008, "district_en": "Lagodekhi", "district_ka": "ლაგოდეხი", "precinct": 8.0, "name_en": "Lagodekhi - 8", "name_ka": "ლაგოდეხი - 8" }, "geometry": { "type": "Point", "coordinates": [ 46.14574897847077, 41.770572928527407 ] } },
{ "type": "Feature", "properties": { "id": 15009, "district_en": "Lagodekhi", "district_ka": "ლაგოდეხი", "precinct": 9.0, "name_en": "Lagodekhi - 9", "name_ka": "ლაგოდეხი - 9" }, "geometry": { "type": "Point", "coordinates": [ 46.129074902733258, 41.765270527713639 ] } },
{ "type": "Feature", "properties": { "id": 15010, "district_en": "Lagodekhi", "district_ka": "ლაგოდეხი", "precinct": 10.0, "name_en": "Lagodekhi - 10", "name_ka": "ლაგოდეხი - 10" }, "geometry": { "type": "Point", "coordinates": [ 46.16610655397546, 41.751070438533638 ] } },
{ "type": "Feature", "properties": { "id": 15011, "district_en": "Lagodekhi", "district_ka": "ლაგოდეხი", "precinct": 11.0, "name_en": "Lagodekhi - 11", "name_ka": "ლაგოდეხი - 11" }, "geometry": { "type": "Point", "coordinates": [ 46.150506269314889, 41.700747006708582 ] } },
{ "type": "Feature", "properties": { "id": 15012, "district_en": "Lagodekhi", "district_ka": "ლაგოდეხი", "precinct": 12.0, "name_en": "Lagodekhi - 12", "name_ka": "ლაგოდეხი - 12" }, "geometry": { "type": "Point", "coordinates": [ 46.125399777773062, 41.785644819242059 ] } },
{ "type": "Feature", "properties": { "id": 15013, "district_en": "Lagodekhi", "district_ka": "ლაგოდეხი", "precinct": 13.0, "name_en": "Lagodekhi - 13", "name_ka": "ლაგოდეხი - 13" }, "geometry": { "type": "Point", "coordinates": [ 46.163322538843737, 41.848348461067836 ] } },
{ "type": "Feature", "properties": { "id": 15014, "district_en": "Lagodekhi", "district_ka": "ლაგოდეხი", "precinct": 14.0, "name_en": "Lagodekhi - 14", "name_ka": "ლაგოდეხი - 14" }, "geometry": { "type": "Point", "coordinates": [ 46.143156843510617, 41.828164037271833 ] } },
{ "type": "Feature", "properties": { "id": 15015, "district_en": "Lagodekhi", "district_ka": "ლაგოდეხი", "precinct": 15.0, "name_en": "Lagodekhi - 15", "name_ka": "ლაგოდეხი - 15" }, "geometry": { "type": "Point", "coordinates": [ 46.129755433471736, 41.843123952246799 ] } },
{ "type": "Feature", "properties": { "id": 15016, "district_en": "Lagodekhi", "district_ka": "ლაგოდეხი", "precinct": 16.0, "name_en": "Lagodekhi - 16", "name_ka": "ლაგოდეხი - 16" }, "geometry": { "type": "Point", "coordinates": [ 46.114763252235996, 41.835658918406722 ] } },
{ "type": "Feature", "properties": { "id": 15017, "district_en": "Lagodekhi", "district_ka": "ლაგოდეხი", "precinct": 17.0, "name_en": "Lagodekhi - 17", "name_ka": "ლაგოდეხი - 17" }, "geometry": { "type": "Point", "coordinates": [ 46.13360290099147, 41.85172733690893 ] } },
{ "type": "Feature", "properties": { "id": 15018, "district_en": "Lagodekhi", "district_ka": "ლაგოდეხი", "precinct": 18.0, "name_en": "Lagodekhi - 18", "name_ka": "ლაგოდეხი - 18" }, "geometry": { "type": "Point", "coordinates": [ 46.148572149909732, 41.854310712577487 ] } },
{ "type": "Feature", "properties": { "id": 15019, "district_en": "Lagodekhi", "district_ka": "ლაგოდეხი", "precinct": 19.0, "name_en": "Lagodekhi - 19", "name_ka": "ლაგოდეხი - 19" }, "geometry": { "type": "Point", "coordinates": [ 46.132136, 41.831904 ] } },
{ "type": "Feature", "properties": { "id": 15020, "district_en": "Lagodekhi", "district_ka": "ლაგოდეხი", "precinct": 20.0, "name_en": "Lagodekhi - 20", "name_ka": "ლაგოდეხი - 20" }, "geometry": { "type": "Point", "coordinates": [ 46.116059773016502, 41.85773983273296 ] } },
{ "type": "Feature", "properties": { "id": 15021, "district_en": "Lagodekhi", "district_ka": "ლაგოდეხი", "precinct": 21.0, "name_en": "Lagodekhi - 21", "name_ka": "ლაგოდეხი - 21" }, "geometry": { "type": "Point", "coordinates": [ 46.063207655431718, 41.820218861983847 ] } },
{ "type": "Feature", "properties": { "id": 15022, "district_en": "Lagodekhi", "district_ka": "ლაგოდეხი", "precinct": 22.0, "name_en": "Lagodekhi - 22", "name_ka": "ლაგოდეხი - 22" }, "geometry": { "type": "Point", "coordinates": [ 46.027818028584221, 41.807951189416087 ] } },
{ "type": "Feature", "properties": { "id": 15023, "district_en": "Lagodekhi", "district_ka": "ლაგოდეხი", "precinct": 23.0, "name_en": "Lagodekhi - 23", "name_ka": "ლაგოდეხი - 23" }, "geometry": { "type": "Point", "coordinates": [ 46.015707294943255, 41.811894073991816 ] } },
{ "type": "Feature", "properties": { "id": 15024, "district_en": "Lagodekhi", "district_ka": "ლაგოდეხი", "precinct": 24.0, "name_en": "Lagodekhi - 24", "name_ka": "ლაგოდეხი - 24" }, "geometry": { "type": "Point", "coordinates": [ 45.9989, 41.803494 ] } },
{ "type": "Feature", "properties": { "id": 15025, "district_en": "Lagodekhi", "district_ka": "ლაგოდეხი", "precinct": 25.0, "name_en": "Lagodekhi - 25", "name_ka": "ლაგოდეხი - 25" }, "geometry": { "type": "Point", "coordinates": [ 46.007468579255963, 41.790718861627077 ] } },
{ "type": "Feature", "properties": { "id": 15026, "district_en": "Lagodekhi", "district_ka": "ლაგოდეხი", "precinct": 26.0, "name_en": "Lagodekhi - 26", "name_ka": "ლაგოდეხი - 26" }, "geometry": { "type": "Point", "coordinates": [ 46.022525954588176, 41.832906451595619 ] } },
{ "type": "Feature", "properties": { "id": 15027, "district_en": "Lagodekhi", "district_ka": "ლაგოდეხი", "precinct": 27.0, "name_en": "Lagodekhi - 27", "name_ka": "ლაგოდეხი - 27" }, "geometry": { "type": "Point", "coordinates": [ 45.984709174208525, 41.81666535467275 ] } },
{ "type": "Feature", "properties": { "id": 15028, "district_en": "Lagodekhi", "district_ka": "ლაგოდეხი", "precinct": 28.0, "name_en": "Lagodekhi - 28", "name_ka": "ლაგოდეხი - 28" }, "geometry": { "type": "Point", "coordinates": [ 45.980263425131433, 41.821743542374051 ] } },
{ "type": "Feature", "properties": { "id": 15029, "district_en": "Lagodekhi", "district_ka": "ლაგოდეხი", "precinct": 29.0, "name_en": "Lagodekhi - 29", "name_ka": "ლაგოდეხი - 29" }, "geometry": { "type": "Point", "coordinates": [ 46.093400297060128, 41.706397871904308 ] } },
{ "type": "Feature", "properties": { "id": 15030, "district_en": "Lagodekhi", "district_ka": "ლაგოდეხი", "precinct": 30.0, "name_en": "Lagodekhi - 30", "name_ka": "ლაგოდეხი - 30" }, "geometry": { "type": "Point", "coordinates": [ 46.27518883651652, 41.831835140323044 ] } },
{ "type": "Feature", "properties": { "id": 15031, "district_en": "Lagodekhi", "district_ka": "ლაგოდეხი", "precinct": 31.0, "name_en": "Lagodekhi - 31", "name_ka": "ლაგოდეხი - 31" }, "geometry": { "type": "Point", "coordinates": [ 46.270611671945417, 41.822726535336344 ] } },
{ "type": "Feature", "properties": { "id": 16001, "district_en": "Kvareli", "district_ka": "ყვარელი", "precinct": 1.0, "name_en": "Kvareli - 1", "name_ka": "ყვარელი - 1" }, "geometry": { "type": "Point", "coordinates": [ 45.818347978434751, 41.959740959395518 ] } },
{ "type": "Feature", "properties": { "id": 16002, "district_en": "Kvareli", "district_ka": "ყვარელი", "precinct": 2.0, "name_en": "Kvareli - 2", "name_ka": "ყვარელი - 2" }, "geometry": { "type": "Point", "coordinates": [ 45.816196446032713, 41.956324214558641 ] } },
{ "type": "Feature", "properties": { "id": 16003, "district_en": "Kvareli", "district_ka": "ყვარელი", "precinct": 3.0, "name_en": "Kvareli - 3", "name_ka": "ყვარელი - 3" }, "geometry": { "type": "Point", "coordinates": [ 45.8143265, 41.9534493 ] } },
{ "type": "Feature", "properties": { "id": 16004, "district_en": "Kvareli", "district_ka": "ყვარელი", "precinct": 4.0, "name_en": "Kvareli - 4", "name_ka": "ყვარელი - 4" }, "geometry": { "type": "Point", "coordinates": [ 45.8125349, 41.9487251 ] } },
{ "type": "Feature", "properties": { "id": 16005, "district_en": "Kvareli", "district_ka": "ყვარელი", "precinct": 5.0, "name_en": "Kvareli - 5", "name_ka": "ყვარელი - 5" }, "geometry": { "type": "Point", "coordinates": [ 45.815399, 41.942918 ] } },
{ "type": "Feature", "properties": { "id": 16006, "district_en": "Kvareli", "district_ka": "ყვარელი", "precinct": 6.0, "name_en": "Kvareli - 6", "name_ka": "ყვარელი - 6" }, "geometry": { "type": "Point", "coordinates": [ 45.817410824961826, 41.940010318659724 ] } },
{ "type": "Feature", "properties": { "id": 16007, "district_en": "Kvareli", "district_ka": "ყვარელი", "precinct": 7.0, "name_en": "Kvareli - 7", "name_ka": "ყვარელი - 7" }, "geometry": { "type": "Point", "coordinates": [ 46.052973757586258, 41.872553156239796 ] } },
{ "type": "Feature", "properties": { "id": 16008, "district_en": "Kvareli", "district_ka": "ყვარელი", "precinct": 8.0, "name_en": "Kvareli - 8", "name_ka": "ყვარელი - 8" }, "geometry": { "type": "Point", "coordinates": [ 45.944008827209473, 41.832623146015557 ] } },
{ "type": "Feature", "properties": { "id": 16009, "district_en": "Kvareli", "district_ka": "ყვარელი", "precinct": 9.0, "name_en": "Kvareli - 9", "name_ka": "ყვარელი - 9" }, "geometry": { "type": "Point", "coordinates": [ 45.98452091217041, 41.909132063128858 ] } },
{ "type": "Feature", "properties": { "id": 16010, "district_en": "Kvareli", "district_ka": "ყვარელი", "precinct": 10.0, "name_en": "Kvareli - 10", "name_ka": "ყვარელი - 10" }, "geometry": { "type": "Point", "coordinates": [ 45.976761, 41.90261 ] } },
{ "type": "Feature", "properties": { "id": 16011, "district_en": "Kvareli", "district_ka": "ყვარელი", "precinct": 11.0, "name_en": "Kvareli - 11", "name_ka": "ყვარელი - 11" }, "geometry": { "type": "Point", "coordinates": [ 45.98452091217041, 41.909132063128858 ] } },
{ "type": "Feature", "properties": { "id": 16012, "district_en": "Kvareli", "district_ka": "ყვარელი", "precinct": 12.0, "name_en": "Kvareli - 12", "name_ka": "ყვარელი - 12" }, "geometry": { "type": "Point", "coordinates": [ 45.999568104743958, 41.904504904087517 ] } },
{ "type": "Feature", "properties": { "id": 16013, "district_en": "Kvareli", "district_ka": "ყვარელი", "precinct": 13.0, "name_en": "Kvareli - 13", "name_ka": "ყვარელი - 13" }, "geometry": { "type": "Point", "coordinates": [ 45.961189838098107, 41.909773721129966 ] } },
{ "type": "Feature", "properties": { "id": 16014, "district_en": "Kvareli", "district_ka": "ყვარელი", "precinct": 14.0, "name_en": "Kvareli - 14", "name_ka": "ყვარელი - 14" }, "geometry": { "type": "Point", "coordinates": [ 45.935474038124084, 41.896607217882305 ] } },
{ "type": "Feature", "properties": { "id": 16015, "district_en": "Kvareli", "district_ka": "ყვარელი", "precinct": 15.0, "name_en": "Kvareli - 15", "name_ka": "ყვარელი - 15" }, "geometry": { "type": "Point", "coordinates": [ 45.915255546569824, 41.879339107020677 ] } },
{ "type": "Feature", "properties": { "id": 16016, "district_en": "Kvareli", "district_ka": "ყვარელი", "precinct": 16.0, "name_en": "Kvareli - 16", "name_ka": "ყვარელი - 16" }, "geometry": { "type": "Point", "coordinates": [ 45.920247137546539, 41.91344951086414 ] } },
{ "type": "Feature", "properties": { "id": 16017, "district_en": "Kvareli", "district_ka": "ყვარელი", "precinct": 17.0, "name_en": "Kvareli - 17", "name_ka": "ყვარელი - 17" }, "geometry": { "type": "Point", "coordinates": [ 45.863923544844056, 41.906715377136209 ] } },
{ "type": "Feature", "properties": { "id": 16018, "district_en": "Kvareli", "district_ka": "ყვარელი", "precinct": 18.0, "name_en": "Kvareli - 18", "name_ka": "ყვარელი - 18" }, "geometry": { "type": "Point", "coordinates": [ 45.851762294769287, 41.882382531035326 ] } },
{ "type": "Feature", "properties": { "id": 16019, "district_en": "Kvareli", "district_ka": "ყვარელი", "precinct": 19.0, "name_en": "Kvareli - 19", "name_ka": "ყვარელი - 19" }, "geometry": { "type": "Point", "coordinates": [ 45.827352186508179, 41.90060581772299 ] } },
{ "type": "Feature", "properties": { "id": 16020, "district_en": "Kvareli", "district_ka": "ყვარელი", "precinct": 20.0, "name_en": "Kvareli - 20", "name_ka": "ყვარელი - 20" }, "geometry": { "type": "Point", "coordinates": [ 45.870312452316284, 41.854115447553845 ] } },
{ "type": "Feature", "properties": { "id": 16021, "district_en": "Kvareli", "district_ka": "ყვარელი", "precinct": 21.0, "name_en": "Kvareli - 21", "name_ka": "ყვარელი - 21" }, "geometry": { "type": "Point", "coordinates": [ 45.861116, 41.854394 ] } },
{ "type": "Feature", "properties": { "id": 16022, "district_en": "Kvareli", "district_ka": "ყვარელი", "precinct": 22.0, "name_en": "Kvareli - 22", "name_ka": "ყვარელი - 22" }, "geometry": { "type": "Point", "coordinates": [ 45.712046027183533, 42.001373594209973 ] } },
{ "type": "Feature", "properties": { "id": 16023, "district_en": "Kvareli", "district_ka": "ყვარელი", "precinct": 23.0, "name_en": "Kvareli - 23", "name_ka": "ყვარელი - 23" }, "geometry": { "type": "Point", "coordinates": [ 45.71778, 42.00436 ] } },
{ "type": "Feature", "properties": { "id": 16024, "district_en": "Kvareli", "district_ka": "ყვარელი", "precinct": 24.0, "name_en": "Kvareli - 24", "name_ka": "ყვარელი - 24" }, "geometry": { "type": "Point", "coordinates": [ 45.721677122956834, 42.002617740347148 ] } },
{ "type": "Feature", "properties": { "id": 16025, "district_en": "Kvareli", "district_ka": "ყვარელი", "precinct": 25.0, "name_en": "Kvareli - 25", "name_ka": "ყვარელი - 25" }, "geometry": { "type": "Point", "coordinates": [ 45.668401122093201, 42.003944804730772 ] } },
{ "type": "Feature", "properties": { "id": 16026, "district_en": "Kvareli", "district_ka": "ყვარელი", "precinct": 26.0, "name_en": "Kvareli - 26", "name_ka": "ყვარელი - 26" }, "geometry": { "type": "Point", "coordinates": [ 45.696033239364624, 42.024566538293072 ] } },
{ "type": "Feature", "properties": { "id": 16027, "district_en": "Kvareli", "district_ka": "ყვარელი", "precinct": 27.0, "name_en": "Kvareli - 27", "name_ka": "ყვარელი - 27" }, "geometry": { "type": "Point", "coordinates": [ 45.682600736618042, 42.024869397577554 ] } },
{ "type": "Feature", "properties": { "id": 16028, "district_en": "Kvareli", "district_ka": "ყვარელი", "precinct": 28.0, "name_en": "Kvareli - 28", "name_ka": "ყვარელი - 28" }, "geometry": { "type": "Point", "coordinates": [ 45.67576106361799, 42.014126221359675 ] } },
{ "type": "Feature", "properties": { "id": 16029, "district_en": "Kvareli", "district_ka": "ყვარელი", "precinct": 29.0, "name_en": "Kvareli - 29", "name_ka": "ყვარელი - 29" }, "geometry": { "type": "Point", "coordinates": [ 45.581642389297485, 42.017612332879608 ] } },
{ "type": "Feature", "properties": { "id": 17001, "district_en": "Telavi", "district_ka": "თელავი", "precinct": 1.0, "name_en": "Telavi - 1", "name_ka": "თელავი - 1" }, "geometry": { "type": "Point", "coordinates": [ 45.478457808494568, 41.915164033457778 ] } },
{ "type": "Feature", "properties": { "id": 17002, "district_en": "Telavi", "district_ka": "თელავი", "precinct": 2.0, "name_en": "Telavi - 2", "name_ka": "თელავი - 2" }, "geometry": { "type": "Point", "coordinates": [ 45.474847555160522, 41.919343363536726 ] } },
{ "type": "Feature", "properties": { "id": 17003, "district_en": "Telavi", "district_ka": "თელავი", "precinct": 3.0, "name_en": "Telavi - 3", "name_ka": "თელავი - 3" }, "geometry": { "type": "Point", "coordinates": [ 45.471264123916626, 41.91848815995548 ] } },
{ "type": "Feature", "properties": { "id": 17004, "district_en": "Telavi", "district_ka": "თელავი", "precinct": 4.0, "name_en": "Telavi - 4", "name_ka": "თელავი - 4" }, "geometry": { "type": "Point", "coordinates": [ 45.465477522090154, 41.916829743215146 ] } },
{ "type": "Feature", "properties": { "id": 17005, "district_en": "Telavi", "district_ka": "თელავი", "precinct": 5.0, "name_en": "Telavi - 5", "name_ka": "თელავი - 5" }, "geometry": { "type": "Point", "coordinates": [ 45.463321869142653, 41.920206419883741 ] } },
{ "type": "Feature", "properties": { "id": 17006, "district_en": "Telavi", "district_ka": "თელავი", "precinct": 6.0, "name_en": "Telavi - 6", "name_ka": "თელავი - 6" }, "geometry": { "type": "Point", "coordinates": [ 45.4591989, 41.924146 ] } },
{ "type": "Feature", "properties": { "id": 17007, "district_en": "Telavi", "district_ka": "თელავი", "precinct": 7.0, "name_en": "Telavi - 7", "name_ka": "თელავი - 7" }, "geometry": { "type": "Point", "coordinates": [ 45.4819493, 41.9188795 ] } },
{ "type": "Feature", "properties": { "id": 17008, "district_en": "Telavi", "district_ka": "თელავი", "precinct": 8.0, "name_en": "Telavi - 8", "name_ka": "თელავი - 8" }, "geometry": { "type": "Point", "coordinates": [ 45.4684381, 41.9305677 ] } },
{ "type": "Feature", "properties": { "id": 17009, "district_en": "Telavi", "district_ka": "თელავი", "precinct": 9.0, "name_en": "Telavi - 9", "name_ka": "თელავი - 9" }, "geometry": { "type": "Point", "coordinates": [ 45.4748343, 41.9277753 ] } },
{ "type": "Feature", "properties": { "id": 17010, "district_en": "Telavi", "district_ka": "თელავი", "precinct": 10.0, "name_en": "Telavi - 10", "name_ka": "თელავი - 10" }, "geometry": { "type": "Point", "coordinates": [ 45.503492483541962, 41.9205529243294 ] } },
{ "type": "Feature", "properties": { "id": 17011, "district_en": "Telavi", "district_ka": "თელავი", "precinct": 11.0, "name_en": "Telavi - 11", "name_ka": "თელავი - 11" }, "geometry": { "type": "Point", "coordinates": [ 45.492455080209304, 41.918991981809036 ] } },
{ "type": "Feature", "properties": { "id": 17012, "district_en": "Telavi", "district_ka": "თელავი", "precinct": 12.0, "name_en": "Telavi - 12", "name_ka": "თელავი - 12" }, "geometry": { "type": "Point", "coordinates": [ 45.492700031105031, 41.914315575578087 ] } },
{ "type": "Feature", "properties": { "id": 17013, "district_en": "Telavi", "district_ka": "თელავი", "precinct": 13.0, "name_en": "Telavi - 13", "name_ka": "თელავი - 13" }, "geometry": { "type": "Point", "coordinates": [ 45.620267985705595, 41.866033980585904 ] } },
{ "type": "Feature", "properties": { "id": 17014, "district_en": "Telavi", "district_ka": "თელავი", "precinct": 14.0, "name_en": "Telavi - 14", "name_ka": "თელავი - 14" }, "geometry": { "type": "Point", "coordinates": [ 45.614080586785917, 41.869734890389473 ] } },
{ "type": "Feature", "properties": { "id": 17015, "district_en": "Telavi", "district_ka": "თელავი", "precinct": 15.0, "name_en": "Telavi - 15", "name_ka": "თელავი - 15" }, "geometry": { "type": "Point", "coordinates": [ 45.59961645619282, 41.878324614861 ] } },
{ "type": "Feature", "properties": { "id": 17016, "district_en": "Telavi", "district_ka": "თელავი", "precinct": 16.0, "name_en": "Telavi - 16", "name_ka": "თელავი - 16" }, "geometry": { "type": "Point", "coordinates": [ 45.588133335113525, 41.886775669624456 ] } },
{ "type": "Feature", "properties": { "id": 17017, "district_en": "Telavi", "district_ka": "თელავი", "precinct": 17.0, "name_en": "Telavi - 17", "name_ka": "თელავი - 17" }, "geometry": { "type": "Point", "coordinates": [ 45.575132973883676, 41.89471981196472 ] } },
{ "type": "Feature", "properties": { "id": 17018, "district_en": "Telavi", "district_ka": "თელავი", "precinct": 18.0, "name_en": "Telavi - 18", "name_ka": "თელავი - 18" }, "geometry": { "type": "Point", "coordinates": [ 45.575720574521696, 41.894974435276353 ] } },
{ "type": "Feature", "properties": { "id": 17019, "district_en": "Telavi", "district_ka": "თელავი", "precinct": 19.0, "name_en": "Telavi - 19", "name_ka": "თელავი - 19" }, "geometry": { "type": "Point", "coordinates": [ 45.582525418558753, 41.921163464995267 ] } },
{ "type": "Feature", "properties": { "id": 17020, "district_en": "Telavi", "district_ka": "თელავი", "precinct": 20.0, "name_en": "Telavi - 20", "name_ka": "თელავი - 20" }, "geometry": { "type": "Point", "coordinates": [ 45.550724637869195, 41.897448093601334 ] } },
{ "type": "Feature", "properties": { "id": 17021, "district_en": "Telavi", "district_ka": "თელავი", "precinct": 21.0, "name_en": "Telavi - 21", "name_ka": "თელავი - 21" }, "geometry": { "type": "Point", "coordinates": [ 45.547588940679567, 41.914441859736918 ] } },
{ "type": "Feature", "properties": { "id": 17022, "district_en": "Telavi", "district_ka": "თელავი", "precinct": 22.0, "name_en": "Telavi - 22", "name_ka": "თელავი - 22" }, "geometry": { "type": "Point", "coordinates": [ 45.505230723556451, 41.909290001367182 ] } },
{ "type": "Feature", "properties": { "id": 17023, "district_en": "Telavi", "district_ka": "თელავი", "precinct": 23.0, "name_en": "Telavi - 23", "name_ka": "თელავი - 23" }, "geometry": { "type": "Point", "coordinates": [ 45.490585182737561, 41.925456274915149 ] } },
{ "type": "Feature", "properties": { "id": 17024, "district_en": "Telavi", "district_ka": "თელავი", "precinct": 24.0, "name_en": "Telavi - 24", "name_ka": "თელავი - 24" }, "geometry": { "type": "Point", "coordinates": [ 45.484262456309096, 41.926115591342942 ] } },
{ "type": "Feature", "properties": { "id": 17025, "district_en": "Telavi", "district_ka": "თელავი", "precinct": 25.0, "name_en": "Telavi - 25", "name_ka": "თელავი - 25" }, "geometry": { "type": "Point", "coordinates": [ 45.321694243516497, 41.862877123736418 ] } },
{ "type": "Feature", "properties": { "id": 17026, "district_en": "Telavi", "district_ka": "თელავი", "precinct": 26.0, "name_en": "Telavi - 26", "name_ka": "თელავი - 26" }, "geometry": { "type": "Point", "coordinates": [ 45.474391579627991, 41.966348946611994 ] } },
{ "type": "Feature", "properties": { "id": 17027, "district_en": "Telavi", "district_ka": "თელავი", "precinct": 27.0, "name_en": "Telavi - 27", "name_ka": "თელავი - 27" }, "geometry": { "type": "Point", "coordinates": [ 45.446711136566357, 41.929242320829822 ] } },
{ "type": "Feature", "properties": { "id": 17028, "district_en": "Telavi", "district_ka": "თელავი", "precinct": 28.0, "name_en": "Telavi - 28", "name_ka": "თელავი - 28" }, "geometry": { "type": "Point", "coordinates": [ 45.448121255325319, 41.929831012073521 ] } },
{ "type": "Feature", "properties": { "id": 17029, "district_en": "Telavi", "district_ka": "თელავი", "precinct": 29.0, "name_en": "Telavi - 29", "name_ka": "თელავი - 29" }, "geometry": { "type": "Point", "coordinates": [ 45.443386726983583, 41.965432473496975 ] } },
{ "type": "Feature", "properties": { "id": 17030, "district_en": "Telavi", "district_ka": "თელავი", "precinct": 30.0, "name_en": "Telavi - 30", "name_ka": "თელავი - 30" }, "geometry": { "type": "Point", "coordinates": [ 45.444572263368165, 41.96570769350474 ] } },
{ "type": "Feature", "properties": { "id": 17031, "district_en": "Telavi", "district_ka": "თელავი", "precinct": 31.0, "name_en": "Telavi - 31", "name_ka": "თელავი - 31" }, "geometry": { "type": "Point", "coordinates": [ 45.444495570439678, 41.965995323853903 ] } },
{ "type": "Feature", "properties": { "id": 17032, "district_en": "Telavi", "district_ka": "თელავი", "precinct": 32.0, "name_en": "Telavi - 32", "name_ka": "თელავი - 32" }, "geometry": { "type": "Point", "coordinates": [ 45.443189722333628, 41.966001142111075 ] } },
{ "type": "Feature", "properties": { "id": 17033, "district_en": "Telavi", "district_ka": "თელავი", "precinct": 33.0, "name_en": "Telavi - 33", "name_ka": "თელავი - 33" }, "geometry": { "type": "Point", "coordinates": [ 45.41520193928681, 41.953355971438491 ] } },
{ "type": "Feature", "properties": { "id": 17034, "district_en": "Telavi", "district_ka": "თელავი", "precinct": 34.0, "name_en": "Telavi - 34", "name_ka": "თელავი - 34" }, "geometry": { "type": "Point", "coordinates": [ 45.387239667145906, 41.949680357020718 ] } },
{ "type": "Feature", "properties": { "id": 17035, "district_en": "Telavi", "district_ka": "თელავი", "precinct": 35.0, "name_en": "Telavi - 35", "name_ka": "თელავი - 35" }, "geometry": { "type": "Point", "coordinates": [ 45.501736060791018, 42.045215521864229 ] } },
{ "type": "Feature", "properties": { "id": 17036, "district_en": "Telavi", "district_ka": "თელავი", "precinct": 36.0, "name_en": "Telavi - 36", "name_ka": "თელავი - 36" }, "geometry": { "type": "Point", "coordinates": [ 45.502448718248807, 42.045182034768715 ] } },
{ "type": "Feature", "properties": { "id": 17037, "district_en": "Telavi", "district_ka": "თელავი", "precinct": 37.0, "name_en": "Telavi - 37", "name_ka": "თელავი - 37" }, "geometry": { "type": "Point", "coordinates": [ 45.595739772204396, 42.063198929269809 ] } },
{ "type": "Feature", "properties": { "id": 17038, "district_en": "Telavi", "district_ka": "თელავი", "precinct": 38.0, "name_en": "Telavi - 38", "name_ka": "თელავი - 38" }, "geometry": { "type": "Point", "coordinates": [ 45.494082473574046, 42.049702126624169 ] } },
{ "type": "Feature", "properties": { "id": 17039, "district_en": "Telavi", "district_ka": "თელავი", "precinct": 39.0, "name_en": "Telavi - 39", "name_ka": "თელავი - 39" }, "geometry": { "type": "Point", "coordinates": [ 45.502179822753874, 42.072179748225835 ] } },
{ "type": "Feature", "properties": { "id": 17040, "district_en": "Telavi", "district_ka": "თელავი", "precinct": 40.0, "name_en": "Telavi - 40", "name_ka": "თელავი - 40" }, "geometry": { "type": "Point", "coordinates": [ 45.4829068, 42.0586652 ] } },
{ "type": "Feature", "properties": { "id": 17041, "district_en": "Telavi", "district_ka": "თელავი", "precinct": 41.0, "name_en": "Telavi - 41", "name_ka": "თელავი - 41" }, "geometry": { "type": "Point", "coordinates": [ 45.446836914599984, 42.07931242417316 ] } },
{ "type": "Feature", "properties": { "id": 17042, "district_en": "Telavi", "district_ka": "თელავი", "precinct": 42.0, "name_en": "Telavi - 42", "name_ka": "თელავი - 42" }, "geometry": { "type": "Point", "coordinates": [ 45.415839655215876, 42.140851355505788 ] } },
{ "type": "Feature", "properties": { "id": 17043, "district_en": "Telavi", "district_ka": "თელავი", "precinct": 43.0, "name_en": "Telavi - 43", "name_ka": "თელავი - 43" }, "geometry": { "type": "Point", "coordinates": [ 45.422012371025062, 42.073966773322013 ] } },
{ "type": "Feature", "properties": { "id": 18001, "district_en": "Akhmeta", "district_ka": "ახმეტა", "precinct": 1.0, "name_en": "Akhmeta - 1", "name_ka": "ახმეტა - 1" }, "geometry": { "type": "Point", "coordinates": [ 45.223232941134484, 42.030371331413725 ] } },
{ "type": "Feature", "properties": { "id": 18002, "district_en": "Akhmeta", "district_ka": "ახმეტა", "precinct": 2.0, "name_en": "Akhmeta - 2", "name_ka": "ახმეტა - 2" }, "geometry": { "type": "Point", "coordinates": [ 45.199962095721276, 42.035941609008574 ] } },
{ "type": "Feature", "properties": { "id": 18003, "district_en": "Akhmeta", "district_ka": "ახმეტა", "precinct": 3.0, "name_en": "Akhmeta - 3", "name_ka": "ახმეტა - 3" }, "geometry": { "type": "Point", "coordinates": [ 45.209758498442625, 42.03809163875804 ] } },
{ "type": "Feature", "properties": { "id": 18004, "district_en": "Akhmeta", "district_ka": "ახმეტა", "precinct": 4.0, "name_en": "Akhmeta - 4", "name_ka": "ახმეტა - 4" }, "geometry": { "type": "Point", "coordinates": [ 45.283809900283813, 42.13879338018787 ] } },
{ "type": "Feature", "properties": { "id": 18005, "district_en": "Akhmeta", "district_ka": "ახმეტა", "precinct": 5.0, "name_en": "Akhmeta - 5", "name_ka": "ახმეტა - 5" }, "geometry": { "type": "Point", "coordinates": [ 45.300349961238112, 42.043833557533475 ] } },
{ "type": "Feature", "properties": { "id": 18006, "district_en": "Akhmeta", "district_ka": "ახმეტა", "precinct": 6.0, "name_en": "Akhmeta - 6", "name_ka": "ახმეტა - 6" }, "geometry": { "type": "Point", "coordinates": [ 45.309190522151198, 42.04671775763795 ] } },
{ "type": "Feature", "properties": { "id": 18007, "district_en": "Akhmeta", "district_ka": "ახმეტა", "precinct": 7.0, "name_en": "Akhmeta - 7", "name_ka": "ახმეტა - 7" }, "geometry": { "type": "Point", "coordinates": [ 45.336148544041428, 42.138791418269385 ] } },
{ "type": "Feature", "properties": { "id": 18008, "district_en": "Akhmeta", "district_ka": "ახმეტა", "precinct": 8.0, "name_en": "Akhmeta - 8", "name_ka": "ახმეტა - 8" }, "geometry": { "type": "Point", "coordinates": [ 45.363313980517546, 41.962009532191445 ] } },
{ "type": "Feature", "properties": { "id": 18009, "district_en": "Akhmeta", "district_ka": "ახმეტა", "precinct": 9.0, "name_en": "Akhmeta - 9", "name_ka": "ახმეტა - 9" }, "geometry": { "type": "Point", "coordinates": [ 46.463292235780322, 41.287928152527499 ] } },
{ "type": "Feature", "properties": { "id": 18010, "district_en": "Akhmeta", "district_ka": "ახმეტა", "precinct": 10.0, "name_en": "Akhmeta - 10", "name_ka": "ახმეტა - 10" }, "geometry": { "type": "Point", "coordinates": [ 45.185504257678986, 42.073377984116689 ] } },
{ "type": "Feature", "properties": { "id": 18011, "district_en": "Akhmeta", "district_ka": "ახმეტა", "precinct": 11.0, "name_en": "Akhmeta - 11", "name_ka": "ახმეტა - 11" }, "geometry": { "type": "Point", "coordinates": [ 45.196518581016853, 42.076040381203747 ] } },
{ "type": "Feature", "properties": { "id": 18012, "district_en": "Akhmeta", "district_ka": "ახმეტა", "precinct": 12.0, "name_en": "Akhmeta - 12", "name_ka": "ახმეტა - 12" }, "geometry": { "type": "Point", "coordinates": [ 45.354655645739861, 42.097091986361939 ] } },
{ "type": "Feature", "properties": { "id": 18013, "district_en": "Akhmeta", "district_ka": "ახმეტა", "precinct": 13.0, "name_en": "Akhmeta - 13", "name_ka": "ახმეტა - 13" }, "geometry": { "type": "Point", "coordinates": [ 45.355946201435806, 42.055564906576805 ] } },
{ "type": "Feature", "properties": { "id": 18014, "district_en": "Akhmeta", "district_ka": "ახმეტა", "precinct": 14.0, "name_en": "Akhmeta - 14", "name_ka": "ახმეტა - 14" }, "geometry": { "type": "Point", "coordinates": [ 45.382211479011247, 41.985025956145201 ] } },
{ "type": "Feature", "properties": { "id": 18015, "district_en": "Akhmeta", "district_ka": "ახმეტა", "precinct": 15.0, "name_en": "Akhmeta - 15", "name_ka": "ახმეტა - 15" }, "geometry": { "type": "Point", "coordinates": [ 45.339907627553536, 41.994014345062681 ] } },
{ "type": "Feature", "properties": { "id": 18016, "district_en": "Akhmeta", "district_ka": "ახმეტა", "precinct": 16.0, "name_en": "Akhmeta - 16", "name_ka": "ახმეტა - 16" }, "geometry": { "type": "Point", "coordinates": [ 45.247681901267548, 42.115384949350172 ] } },
{ "type": "Feature", "properties": { "id": 18017, "district_en": "Akhmeta", "district_ka": "ახმეტა", "precinct": 17.0, "name_en": "Akhmeta - 17", "name_ka": "ახმეტა - 17" }, "geometry": { "type": "Point", "coordinates": [ 45.357607383605909, 42.054352500931778 ] } },
{ "type": "Feature", "properties": { "id": 18018, "district_en": "Akhmeta", "district_ka": "ახმეტა", "precinct": 18.0, "name_en": "Akhmeta - 18", "name_ka": "ახმეტა - 18" }, "geometry": { "type": "Point", "coordinates": [ 45.289942222615181, 41.9921663145563 ] } },
{ "type": "Feature", "properties": { "id": 18019, "district_en": "Akhmeta", "district_ka": "ახმეტა", "precinct": 19.0, "name_en": "Akhmeta - 19", "name_ka": "ახმეტა - 19" }, "geometry": { "type": "Point", "coordinates": [ 45.315631465439559, 41.985116488695411 ] } },
{ "type": "Feature", "properties": { "id": 18020, "district_en": "Akhmeta", "district_ka": "ახმეტა", "precinct": 20.0, "name_en": "Akhmeta - 20", "name_ka": "ახმეტა - 20" }, "geometry": { "type": "Point", "coordinates": [ 45.111121649041849, 42.060950990091555 ] } },
{ "type": "Feature", "properties": { "id": 18021, "district_en": "Akhmeta", "district_ka": "ახმეტა", "precinct": 21.0, "name_en": "Akhmeta - 21", "name_ka": "ახმეტა - 21" }, "geometry": { "type": "Point", "coordinates": [ 45.303716106329382, 42.172303429389864 ] } },
{ "type": "Feature", "properties": { "id": 18022, "district_en": "Akhmeta", "district_ka": "ახმეტა", "precinct": 22.0, "name_en": "Akhmeta - 22", "name_ka": "ახმეტა - 22" }, "geometry": { "type": "Point", "coordinates": [ 45.318735046917816, 42.184885893164996 ] } },
{ "type": "Feature", "properties": { "id": 18023, "district_en": "Akhmeta", "district_ka": "ახმეტა", "precinct": 23.0, "name_en": "Akhmeta - 23", "name_ka": "ახმეტა - 23" }, "geometry": { "type": "Point", "coordinates": [ 45.19445958486839, 42.033981069300218 ] } },
{ "type": "Feature", "properties": { "id": 18024, "district_en": "Akhmeta", "district_ka": "ახმეტა", "precinct": 24.0, "name_en": "Akhmeta - 24", "name_ka": "ახმეტა - 24" }, "geometry": { "type": "Point", "coordinates": [ 45.193124413490295, 42.079710942447285 ] } },
{ "type": "Feature", "properties": { "id": 19001, "district_en": "Tianeti", "district_ka": "თიანეთი", "precinct": 1.0, "name_en": "Tianeti - 1", "name_ka": "თიანეთი - 1" }, "geometry": { "type": "Point", "coordinates": [ 44.968580543408976, 42.119223372518405 ] } },
{ "type": "Feature", "properties": { "id": 19002, "district_en": "Tianeti", "district_ka": "თიანეთი", "precinct": 2.0, "name_en": "Tianeti - 2", "name_ka": "თიანეთი - 2" }, "geometry": { "type": "Point", "coordinates": [ 44.968172168014512, 42.103482807616572 ] } },
{ "type": "Feature", "properties": { "id": 19003, "district_en": "Tianeti", "district_ka": "თიანეთი", "precinct": 3.0, "name_en": "Tianeti - 3", "name_ka": "თიანეთი - 3" }, "geometry": { "type": "Point", "coordinates": [ 45.022148100161637, 41.988536906571461 ] } },
{ "type": "Feature", "properties": { "id": 19004, "district_en": "Tianeti", "district_ka": "თიანეთი", "precinct": 4.0, "name_en": "Tianeti - 4", "name_ka": "თიანეთი - 4" }, "geometry": { "type": "Point", "coordinates": [ 45.034405133232426, 41.961495498062156 ] } },
{ "type": "Feature", "properties": { "id": 19005, "district_en": "Tianeti", "district_ka": "თიანეთი", "precinct": 5.0, "name_en": "Tianeti - 5", "name_ka": "თიანეთი - 5" }, "geometry": { "type": "Point", "coordinates": [ 45.121414615130703, 41.91359351897426 ] } },
{ "type": "Feature", "properties": { "id": 19006, "district_en": "Tianeti", "district_ka": "თიანეთი", "precinct": 6.0, "name_en": "Tianeti - 6", "name_ka": "თიანეთი - 6" }, "geometry": { "type": "Point", "coordinates": [ 44.99912109375861, 42.224389451558821 ] } },
{ "type": "Feature", "properties": { "id": 19007, "district_en": "Tianeti", "district_ka": "თიანეთი", "precinct": 7.0, "name_en": "Tianeti - 7", "name_ka": "თიანეთი - 7" }, "geometry": { "type": "Point", "coordinates": [ 44.984556310975663, 42.164785885805024 ] } },
{ "type": "Feature", "properties": { "id": 19008, "district_en": "Tianeti", "district_ka": "თიანეთი", "precinct": 8.0, "name_en": "Tianeti - 8", "name_ka": "თიანეთი - 8" }, "geometry": { "type": "Point", "coordinates": [ 45.001817595744114, 42.131565702273299 ] } },
{ "type": "Feature", "properties": { "id": 19009, "district_en": "Tianeti", "district_ka": "თიანეთი", "precinct": 9.0, "name_en": "Tianeti - 9", "name_ka": "თიანეთი - 9" }, "geometry": { "type": "Point", "coordinates": [ 44.897613939401161, 42.13632081988667 ] } },
{ "type": "Feature", "properties": { "id": 19010, "district_en": "Tianeti", "district_ka": "თიანეთი", "precinct": 10.0, "name_en": "Tianeti - 10", "name_ka": "თიანეთი - 10" }, "geometry": { "type": "Point", "coordinates": [ 44.89427471297607, 42.164169675391904 ] } },
{ "type": "Feature", "properties": { "id": 19011, "district_en": "Tianeti", "district_ka": "თიანეთი", "precinct": 11.0, "name_en": "Tianeti - 11", "name_ka": "თიანეთი - 11" }, "geometry": { "type": "Point", "coordinates": [ 45.011513117188329, 41.951521643988634 ] } },
{ "type": "Feature", "properties": { "id": 19012, "district_en": "Tianeti", "district_ka": "თიანეთი", "precinct": 12.0, "name_en": "Tianeti - 12", "name_ka": "თიანეთი - 12" }, "geometry": { "type": "Point", "coordinates": [ 44.982878623993962, 42.101754054397524 ] } },
{ "type": "Feature", "properties": { "id": 19013, "district_en": "Tianeti", "district_ka": "თიანეთი", "precinct": 13.0, "name_en": "Tianeti - 13", "name_ka": "თიანეთი - 13" }, "geometry": { "type": "Point", "coordinates": [ 44.91009870088827, 42.000481532012735 ] } },
{ "type": "Feature", "properties": { "id": 19014, "district_en": "Tianeti", "district_ka": "თიანეთი", "precinct": 14.0, "name_en": "Tianeti - 14", "name_ka": "თიანეთი - 14" }, "geometry": { "type": "Point", "coordinates": [ 44.892352578793293, 41.991422710337332 ] } },
{ "type": "Feature", "properties": { "id": 19015, "district_en": "Tianeti", "district_ka": "თიანეთი", "precinct": 15.0, "name_en": "Tianeti - 15", "name_ka": "თიანეთი - 15" }, "geometry": { "type": "Point", "coordinates": [ 44.89399521612193, 41.99014081604021 ] } },
{ "type": "Feature", "properties": { "id": 19016, "district_en": "Tianeti", "district_ka": "თიანეთი", "precinct": 16.0, "name_en": "Tianeti - 16", "name_ka": "თიანეთი - 16" }, "geometry": { "type": "Point", "coordinates": [ 44.915031797974017, 42.122419942791446 ] } },
{ "type": "Feature", "properties": { "id": 19017, "district_en": "Tianeti", "district_ka": "თიანეთი", "precinct": 17.0, "name_en": "Tianeti - 17", "name_ka": "თიანეთი - 17" }, "geometry": { "type": "Point", "coordinates": [ 44.93095552828963, 41.940271727914457 ] } },
{ "type": "Feature", "properties": { "id": 19018, "district_en": "Tianeti", "district_ka": "თიანეთი", "precinct": 18.0, "name_en": "Tianeti - 18", "name_ka": "თიანეთი - 18" }, "geometry": { "type": "Point", "coordinates": [ 44.959223700895819, 42.028421092775986 ] } },
{ "type": "Feature", "properties": { "id": 19019, "district_en": "Tianeti", "district_ka": "თიანეთი", "precinct": 19.0, "name_en": "Tianeti - 19", "name_ka": "თიანეთი - 19" }, "geometry": { "type": "Point", "coordinates": [ 44.950016386810063, 41.979731871451108 ] } },
{ "type": "Feature", "properties": { "id": 19020, "district_en": "Tianeti", "district_ka": "თიანეთი", "precinct": 20.0, "name_en": "Tianeti - 20", "name_ka": "თიანეთი - 20" }, "geometry": { "type": "Point", "coordinates": [ 44.969715346236285, 42.11047489842209 ] } },
{ "type": "Feature", "properties": { "id": 20001, "district_en": "Rustavi", "district_ka": "რუსთავი", "precinct": 1.0, "name_en": "Rustavi - 1", "name_ka": "რუსთავი - 1" }, "geometry": { "type": "Point", "coordinates": [ 45.006829418921768, 41.543220722717258 ] } },
{ "type": "Feature", "properties": { "id": 20002, "district_en": "Rustavi", "district_ka": "რუსთავი", "precinct": 2.0, "name_en": "Rustavi - 2", "name_ka": "რუსთავი - 2" }, "geometry": { "type": "Point", "coordinates": [ 45.009593725998251, 41.541271365269786 ] } },
{ "type": "Feature", "properties": { "id": 20003, "district_en": "Rustavi", "district_ka": "რუსთავი", "precinct": 3.0, "name_en": "Rustavi - 3", "name_ka": "რუსთავი - 3" }, "geometry": { "type": "Point", "coordinates": [ 45.016373333712771, 41.539643291487636 ] } },
{ "type": "Feature", "properties": { "id": 20004, "district_en": "Rustavi", "district_ka": "რუსთავი", "precinct": 4.0, "name_en": "Rustavi - 4", "name_ka": "რუსთავი - 4" }, "geometry": { "type": "Point", "coordinates": [ 45.007432334788902, 41.546443055123483 ] } },
{ "type": "Feature", "properties": { "id": 20005, "district_en": "Rustavi", "district_ka": "რუსთავი", "precinct": 5.0, "name_en": "Rustavi - 5", "name_ka": "რუსთავი - 5" }, "geometry": { "type": "Point", "coordinates": [ 45.012260732688759, 41.544524292866761 ] } },
{ "type": "Feature", "properties": { "id": 20006, "district_en": "Rustavi", "district_ka": "რუსთავი", "precinct": 6.0, "name_en": "Rustavi - 6", "name_ka": "რუსთავი - 6" }, "geometry": { "type": "Point", "coordinates": [ 45.016836189266371, 41.543593060678212 ] } },
{ "type": "Feature", "properties": { "id": 20007, "district_en": "Rustavi", "district_ka": "რუსთავი", "precinct": 7.0, "name_en": "Rustavi - 7", "name_ka": "რუსთავი - 7" }, "geometry": { "type": "Point", "coordinates": [ 45.011852115884331, 41.548461678125861 ] } },
{ "type": "Feature", "properties": { "id": 20008, "district_en": "Rustavi", "district_ka": "რუსთავი", "precinct": 8.0, "name_en": "Rustavi - 8", "name_ka": "რუსთავი - 8" }, "geometry": { "type": "Point", "coordinates": [ 45.015567541122437, 41.550069489735478 ] } },
{ "type": "Feature", "properties": { "id": 20009, "district_en": "Rustavi", "district_ka": "რუსთავი", "precinct": 9.0, "name_en": "Rustavi - 9", "name_ka": "რუსთავი - 9" }, "geometry": { "type": "Point", "coordinates": [ 45.014671317196644, 41.551254486002684 ] } },
{ "type": "Feature", "properties": { "id": 20010, "district_en": "Rustavi", "district_ka": "რუსთავი", "precinct": 10.0, "name_en": "Rustavi - 10", "name_ka": "რუსთავი - 10" }, "geometry": { "type": "Point", "coordinates": [ 45.017385740288383, 41.549476096373965 ] } },
{ "type": "Feature", "properties": { "id": 20011, "district_en": "Rustavi", "district_ka": "რუსთავი", "precinct": 11.0, "name_en": "Rustavi - 11", "name_ka": "რუსთავი - 11" }, "geometry": { "type": "Point", "coordinates": [ 45.016659915903446, 41.557454572619015 ] } },
{ "type": "Feature", "properties": { "id": 20012, "district_en": "Rustavi", "district_ka": "რუსთავი", "precinct": 12.0, "name_en": "Rustavi - 12", "name_ka": "რუსთავი - 12" }, "geometry": { "type": "Point", "coordinates": [ 45.024735461720404, 41.562577383030231 ] } },
{ "type": "Feature", "properties": { "id": 20013, "district_en": "Rustavi", "district_ka": "რუსთავი", "precinct": 13.0, "name_en": "Rustavi - 13", "name_ka": "რუსთავი - 13" }, "geometry": { "type": "Point", "coordinates": [ 45.024735461720404, 41.562577383030231 ] } },
{ "type": "Feature", "properties": { "id": 20014, "district_en": "Rustavi", "district_ka": "რუსთავი", "precinct": 14.0, "name_en": "Rustavi - 14", "name_ka": "რუსთავი - 14" }, "geometry": { "type": "Point", "coordinates": [ 45.024735461720404, 41.562577383030231 ] } },
{ "type": "Feature", "properties": { "id": 20015, "district_en": "Rustavi", "district_ka": "რუსთავი", "precinct": 15.0, "name_en": "Rustavi - 15", "name_ka": "რუსთავი - 15" }, "geometry": { "type": "Point", "coordinates": [ 44.988536467270087, 41.549870964223224 ] } },
{ "type": "Feature", "properties": { "id": 20016, "district_en": "Rustavi", "district_ka": "რუსთავი", "precinct": 16.0, "name_en": "Rustavi - 16", "name_ka": "რუსთავი - 16" }, "geometry": { "type": "Point", "coordinates": [ 44.988536467270087, 41.549870964223224 ] } },
{ "type": "Feature", "properties": { "id": 20017, "district_en": "Rustavi", "district_ka": "რუსთავი", "precinct": 17.0, "name_en": "Rustavi - 17", "name_ka": "რუსთავი - 17" }, "geometry": { "type": "Point", "coordinates": [ 44.986431903235484, 41.55070536889361 ] } },
{ "type": "Feature", "properties": { "id": 20018, "district_en": "Rustavi", "district_ka": "რუსთავი", "precinct": 18.0, "name_en": "Rustavi - 18", "name_ka": "რუსთავი - 18" }, "geometry": { "type": "Point", "coordinates": [ 44.990956173790337, 41.55368187150092 ] } },
{ "type": "Feature", "properties": { "id": 20019, "district_en": "Rustavi", "district_ka": "რუსთავი", "precinct": 19.0, "name_en": "Rustavi - 19", "name_ka": "რუსთავი - 19" }, "geometry": { "type": "Point", "coordinates": [ 44.990956173790337, 41.55368187150092 ] } },
{ "type": "Feature", "properties": { "id": 20020, "district_en": "Rustavi", "district_ka": "რუსთავი", "precinct": 20.0, "name_en": "Rustavi - 20", "name_ka": "რუსთავი - 20" }, "geometry": { "type": "Point", "coordinates": [ 44.987559914588928, 41.5544843994779 ] } },
{ "type": "Feature", "properties": { "id": 20021, "district_en": "Rustavi", "district_ka": "რუსთავი", "precinct": 21.0, "name_en": "Rustavi - 21", "name_ka": "რუსთავი - 21" }, "geometry": { "type": "Point", "coordinates": [ 44.981064611324818, 41.553809150231857 ] } },
{ "type": "Feature", "properties": { "id": 20022, "district_en": "Rustavi", "district_ka": "რუსთავი", "precinct": 22.0, "name_en": "Rustavi - 22", "name_ka": "რუსთავი - 22" }, "geometry": { "type": "Point", "coordinates": [ 44.982916226871211, 41.553197567692862 ] } },
{ "type": "Feature", "properties": { "id": 20023, "district_en": "Rustavi", "district_ka": "რუსთავი", "precinct": 23.0, "name_en": "Rustavi - 23", "name_ka": "რუსთავი - 23" }, "geometry": { "type": "Point", "coordinates": [ 44.981581423561011, 41.559274930654361 ] } },
{ "type": "Feature", "properties": { "id": 20024, "district_en": "Rustavi", "district_ka": "რუსთავი", "precinct": 24.0, "name_en": "Rustavi - 24", "name_ka": "რუსთავი - 24" }, "geometry": { "type": "Point", "coordinates": [ 44.983417728021344, 41.558626658230338 ] } },
{ "type": "Feature", "properties": { "id": 20025, "district_en": "Rustavi", "district_ka": "რუსთავი", "precinct": 25.0, "name_en": "Rustavi - 25", "name_ka": "რუსთავი - 25" }, "geometry": { "type": "Point", "coordinates": [ 44.982541965442472, 41.561171258268047 ] } },
{ "type": "Feature", "properties": { "id": 20026, "district_en": "Rustavi", "district_ka": "რუსთავი", "precinct": 26.0, "name_en": "Rustavi - 26", "name_ka": "რუსთავი - 26" }, "geometry": { "type": "Point", "coordinates": [ 44.976879602604598, 41.557358154165399 ] } },
{ "type": "Feature", "properties": { "id": 20027, "district_en": "Rustavi", "district_ka": "რუსთავი", "precinct": 27.0, "name_en": "Rustavi - 27", "name_ka": "რუსთავი - 27" }, "geometry": { "type": "Point", "coordinates": [ 44.976879602604598, 41.557358154165399 ] } },
{ "type": "Feature", "properties": { "id": 20028, "district_en": "Rustavi", "district_ka": "რუსთავი", "precinct": 28.0, "name_en": "Rustavi - 28", "name_ka": "რუსთავი - 28" }, "geometry": { "type": "Point", "coordinates": [ 44.976879602604598, 41.557358154165399 ] } },
{ "type": "Feature", "properties": { "id": 20029, "district_en": "Rustavi", "district_ka": "რუსთავი", "precinct": 29.0, "name_en": "Rustavi - 29", "name_ka": "რუსთავი - 29" }, "geometry": { "type": "Point", "coordinates": [ 44.974975358608944, 41.559855665575242 ] } },
{ "type": "Feature", "properties": { "id": 20030, "district_en": "Rustavi", "district_ka": "რუსთავი", "precinct": 30.0, "name_en": "Rustavi - 30", "name_ka": "რუსთავი - 30" }, "geometry": { "type": "Point", "coordinates": [ 44.978170828432731, 41.557564603837569 ] } },
{ "type": "Feature", "properties": { "id": 20031, "district_en": "Rustavi", "district_ka": "რუსთავი", "precinct": 31.0, "name_en": "Rustavi - 31", "name_ka": "რუსთავი - 31" }, "geometry": { "type": "Point", "coordinates": [ 44.987149552092063, 41.561702515131458 ] } },
{ "type": "Feature", "properties": { "id": 20032, "district_en": "Rustavi", "district_ka": "რუსთავი", "precinct": 32.0, "name_en": "Rustavi - 32", "name_ka": "რუსთავი - 32" }, "geometry": { "type": "Point", "coordinates": [ 44.989756395200523, 41.568687995739339 ] } },
{ "type": "Feature", "properties": { "id": 20033, "district_en": "Rustavi", "district_ka": "რუსთავი", "precinct": 33.0, "name_en": "Rustavi - 33", "name_ka": "რუსთავი - 33" }, "geometry": { "type": "Point", "coordinates": [ 44.989756395200523, 41.568687995739339 ] } },
{ "type": "Feature", "properties": { "id": 20034, "district_en": "Rustavi", "district_ka": "რუსთავი", "precinct": 34.0, "name_en": "Rustavi - 34", "name_ka": "რუსთავი - 34" }, "geometry": { "type": "Point", "coordinates": [ 44.989399661401542, 41.568455215373476 ] } },
{ "type": "Feature", "properties": { "id": 20035, "district_en": "Rustavi", "district_ka": "რუსთავი", "precinct": 35.0, "name_en": "Rustavi - 35", "name_ka": "რუსთავი - 35" }, "geometry": { "type": "Point", "coordinates": [ 44.989656462689936, 41.569768664718403 ] } },
{ "type": "Feature", "properties": { "id": 20036, "district_en": "Rustavi", "district_ka": "რუსთავი", "precinct": 36.0, "name_en": "Rustavi - 36", "name_ka": "რუსთავი - 36" }, "geometry": { "type": "Point", "coordinates": [ 44.986862808942519, 41.571784090758264 ] } },
{ "type": "Feature", "properties": { "id": 20037, "district_en": "Rustavi", "district_ka": "რუსთავი", "precinct": 37.0, "name_en": "Rustavi - 37", "name_ka": "რუსთავი - 37" }, "geometry": { "type": "Point", "coordinates": [ 44.985515686248242, 41.578057261312175 ] } },
{ "type": "Feature", "properties": { "id": 20038, "district_en": "Rustavi", "district_ka": "რუსთავი", "precinct": 38.0, "name_en": "Rustavi - 38", "name_ka": "რუსთავი - 38" }, "geometry": { "type": "Point", "coordinates": [ 44.985084030655095, 41.576387585189238 ] } },
{ "type": "Feature", "properties": { "id": 20039, "district_en": "Rustavi", "district_ka": "რუსთავი", "precinct": 39.0, "name_en": "Rustavi - 39", "name_ka": "რუსთავი - 39" }, "geometry": { "type": "Point", "coordinates": [ 44.981992461569284, 41.576446449265916 ] } },
{ "type": "Feature", "properties": { "id": 20040, "district_en": "Rustavi", "district_ka": "რუსთავი", "precinct": 40.0, "name_en": "Rustavi - 40", "name_ka": "რუსთავი - 40" }, "geometry": { "type": "Point", "coordinates": [ 44.982325706655288, 41.573162244445413 ] } },
{ "type": "Feature", "properties": { "id": 20041, "district_en": "Rustavi", "district_ka": "რუსთავი", "precinct": 41.0, "name_en": "Rustavi - 41", "name_ka": "რუსთავი - 41" }, "geometry": { "type": "Point", "coordinates": [ 44.982233031558174, 41.57199512621618 ] } },
{ "type": "Feature", "properties": { "id": 20042, "district_en": "Rustavi", "district_ka": "რუსთავი", "precinct": 42.0, "name_en": "Rustavi - 42", "name_ka": "რუსთავი - 42" }, "geometry": { "type": "Point", "coordinates": [ 44.98186742490438, 41.572198081482753 ] } },
{ "type": "Feature", "properties": { "id": 20043, "district_en": "Rustavi", "district_ka": "რუსთავი", "precinct": 43.0, "name_en": "Rustavi - 43", "name_ka": "რუსთავი - 43" }, "geometry": { "type": "Point", "coordinates": [ 44.97894, 41.57177 ] } },
{ "type": "Feature", "properties": { "id": 20044, "district_en": "Rustavi", "district_ka": "რუსთავი", "precinct": 44.0, "name_en": "Rustavi - 44", "name_ka": "რუსთავი - 44" }, "geometry": { "type": "Point", "coordinates": [ 44.983089565516572, 41.565928313799162 ] } },
{ "type": "Feature", "properties": { "id": 20045, "district_en": "Rustavi", "district_ka": "რუსთავი", "precinct": 45.0, "name_en": "Rustavi - 45", "name_ka": "რუსთავი - 45" }, "geometry": { "type": "Point", "coordinates": [ 44.980758361645748, 41.565629467898269 ] } },
{ "type": "Feature", "properties": { "id": 20046, "district_en": "Rustavi", "district_ka": "რუსთავი", "precinct": 46.0, "name_en": "Rustavi - 46", "name_ka": "რუსთავი - 46" }, "geometry": { "type": "Point", "coordinates": [ 44.980758361645748, 41.565629467898269 ] } },
{ "type": "Feature", "properties": { "id": 20047, "district_en": "Rustavi", "district_ka": "რუსთავი", "precinct": 47.0, "name_en": "Rustavi - 47", "name_ka": "რუსთავი - 47" }, "geometry": { "type": "Point", "coordinates": [ 44.978055152542467, 41.567971799989166 ] } },
{ "type": "Feature", "properties": { "id": 20048, "district_en": "Rustavi", "district_ka": "რუსთავი", "precinct": 48.0, "name_en": "Rustavi - 48", "name_ka": "რუსთავი - 48" }, "geometry": { "type": "Point", "coordinates": [ 44.978055152542467, 41.567971799989166 ] } },
{ "type": "Feature", "properties": { "id": 20049, "district_en": "Rustavi", "district_ka": "რუსთავი", "precinct": 49.0, "name_en": "Rustavi - 49", "name_ka": "რუსთავი - 49" }, "geometry": { "type": "Point", "coordinates": [ 44.97665781349184, 41.566253741672128 ] } },
{ "type": "Feature", "properties": { "id": 20050, "district_en": "Rustavi", "district_ka": "რუსთავი", "precinct": 50.0, "name_en": "Rustavi - 50", "name_ka": "რუსთავი - 50" }, "geometry": { "type": "Point", "coordinates": [ 44.970422926387627, 41.56900339025438 ] } },
{ "type": "Feature", "properties": { "id": 20051, "district_en": "Rustavi", "district_ka": "რუსთავი", "precinct": 51.0, "name_en": "Rustavi - 51", "name_ka": "რუსთავი - 51" }, "geometry": { "type": "Point", "coordinates": [ 44.968690266615376, 41.572721497063256 ] } },
{ "type": "Feature", "properties": { "id": 20052, "district_en": "Rustavi", "district_ka": "რუსთავი", "precinct": 52.0, "name_en": "Rustavi - 52", "name_ka": "რუსთავი - 52" }, "geometry": { "type": "Point", "coordinates": [ 44.967503877315536, 41.569672939764786 ] } },
{ "type": "Feature", "properties": { "id": 20053, "district_en": "Rustavi", "district_ka": "რუსთავი", "precinct": 53.0, "name_en": "Rustavi - 53", "name_ka": "რუსთავი - 53" }, "geometry": { "type": "Point", "coordinates": [ 44.973472069455653, 41.564278182270549 ] } },
{ "type": "Feature", "properties": { "id": 20054, "district_en": "Rustavi", "district_ka": "რუსთავი", "precinct": 54.0, "name_en": "Rustavi - 54", "name_ka": "რუსთავი - 54" }, "geometry": { "type": "Point", "coordinates": [ 44.973689329879157, 41.564479045677409 ] } },
{ "type": "Feature", "properties": { "id": 20055, "district_en": "Rustavi", "district_ka": "რუსთავი", "precinct": 55.0, "name_en": "Rustavi - 55", "name_ka": "რუსთავი - 55" }, "geometry": { "type": "Point", "coordinates": [ 44.96975514629149, 41.565586605344784 ] } },
{ "type": "Feature", "properties": { "id": 20056, "district_en": "Rustavi", "district_ka": "რუსთავი", "precinct": 56.0, "name_en": "Rustavi - 56", "name_ka": "რუსთავი - 56" }, "geometry": { "type": "Point", "coordinates": [ 44.966861437259062, 41.566674944077263 ] } },
{ "type": "Feature", "properties": { "id": 20057, "district_en": "Rustavi", "district_ka": "რუსთავი", "precinct": 57.0, "name_en": "Rustavi - 57", "name_ka": "რუსთავი - 57" }, "geometry": { "type": "Point", "coordinates": [ 44.964995366052307, 41.565173739028708 ] } },
{ "type": "Feature", "properties": { "id": 21001, "district_en": "Gardabani", "district_ka": "გარდაბანი", "precinct": 1.0, "name_en": "Gardabani - 1", "name_ka": "გარდაბანი - 1" }, "geometry": { "type": "Point", "coordinates": [ 45.08911739996541, 41.460902247511186 ] } },
{ "type": "Feature", "properties": { "id": 21002, "district_en": "Gardabani", "district_ka": "გარდაბანი", "precinct": 2.0, "name_en": "Gardabani - 2", "name_ka": "გარდაბანი - 2" }, "geometry": { "type": "Point", "coordinates": [ 45.0982261, 41.4646518 ] } },
{ "type": "Feature", "properties": { "id": 21003, "district_en": "Gardabani", "district_ka": "გარდაბანი", "precinct": 3.0, "name_en": "Gardabani - 3", "name_ka": "გარდაბანი - 3" }, "geometry": { "type": "Point", "coordinates": [ 45.0859467, 41.4679342 ] } },
{ "type": "Feature", "properties": { "id": 21004, "district_en": "Gardabani", "district_ka": "გარდაბანი", "precinct": 4.0, "name_en": "Gardabani - 4", "name_ka": "გარდაბანი - 4" }, "geometry": { "type": "Point", "coordinates": [ 45.08445552939699, 41.474832900925534 ] } },
{ "type": "Feature", "properties": { "id": 21005, "district_en": "Gardabani", "district_ka": "გარდაბანი", "precinct": 5.0, "name_en": "Gardabani - 5", "name_ka": "გარდაბანი - 5" }, "geometry": { "type": "Point", "coordinates": [ 45.0813414, 41.4694194 ] } },
{ "type": "Feature", "properties": { "id": 21006, "district_en": "Gardabani", "district_ka": "გარდაბანი", "precinct": 6.0, "name_en": "Gardabani - 6", "name_ka": "გარდაბანი - 6" }, "geometry": { "type": "Point", "coordinates": [ 44.99163955450058, 41.597105528477258 ] } },
{ "type": "Feature", "properties": { "id": 21007, "district_en": "Gardabani", "district_ka": "გარდაბანი", "precinct": 7.0, "name_en": "Gardabani - 7", "name_ka": "გარდაბანი - 7" }, "geometry": { "type": "Point", "coordinates": [ 44.991612732410431, 41.597061399965909 ] } },
{ "type": "Feature", "properties": { "id": 21008, "district_en": "Gardabani", "district_ka": "გარდაბანი", "precinct": 8.0, "name_en": "Gardabani - 8", "name_ka": "გარდაბანი - 8" }, "geometry": { "type": "Point", "coordinates": [ 45.070831775665283, 41.565483730110714 ] } },
{ "type": "Feature", "properties": { "id": 21009, "district_en": "Gardabani", "district_ka": "გარდაბანი", "precinct": 9.0, "name_en": "Gardabani - 9", "name_ka": "გარდაბანი - 9" }, "geometry": { "type": "Point", "coordinates": [ 45.075048208236694, 41.762945388908776 ] } },
{ "type": "Feature", "properties": { "id": 21010, "district_en": "Gardabani", "district_ka": "გარდაბანი", "precinct": 10.0, "name_en": "Gardabani - 10", "name_ka": "გარდაბანი - 10" }, "geometry": { "type": "Point", "coordinates": [ 45.062270164489746, 41.79566413691682 ] } },
{ "type": "Feature", "properties": { "id": 21011, "district_en": "Gardabani", "district_ka": "გარდაბანი", "precinct": 11.0, "name_en": "Gardabani - 11", "name_ka": "გარდაბანი - 11" }, "geometry": { "type": "Point", "coordinates": [ 45.100609660148621, 41.686075360179807 ] } },
{ "type": "Feature", "properties": { "id": 21012, "district_en": "Gardabani", "district_ka": "გარდაბანი", "precinct": 12.0, "name_en": "Gardabani - 12", "name_ka": "გარდაბანი - 12" }, "geometry": { "type": "Point", "coordinates": [ 44.991922507680705, 41.642490546515354 ] } },
{ "type": "Feature", "properties": { "id": 21013, "district_en": "Gardabani", "district_ka": "გარდაბანი", "precinct": 13.0, "name_en": "Gardabani - 13", "name_ka": "გარდაბანი - 13" }, "geometry": { "type": "Point", "coordinates": [ 44.986953735351562, 41.647422471107006 ] } },
{ "type": "Feature", "properties": { "id": 21014, "district_en": "Gardabani", "district_ka": "გარდაბანი", "precinct": 14.0, "name_en": "Gardabani - 14", "name_ka": "გარდაბანი - 14" }, "geometry": { "type": "Point", "coordinates": [ 44.998160572021625, 41.648761644892744 ] } },
{ "type": "Feature", "properties": { "id": 21015, "district_en": "Gardabani", "district_ka": "გარდაბანი", "precinct": 15.0, "name_en": "Gardabani - 15", "name_ka": "გარდაბანი - 15" }, "geometry": { "type": "Point", "coordinates": [ 44.999401805569931, 41.647596361765288 ] } },
{ "type": "Feature", "properties": { "id": 21016, "district_en": "Gardabani", "district_ka": "გარდაბანი", "precinct": 16.0, "name_en": "Gardabani - 16", "name_ka": "გარდაბანი - 16" }, "geometry": { "type": "Point", "coordinates": [ 45.11810302734375, 41.386468676101174 ] } },
{ "type": "Feature", "properties": { "id": 21017, "district_en": "Gardabani", "district_ka": "გარდაბანი", "precinct": 17.0, "name_en": "Gardabani - 17", "name_ka": "გარდაბანი - 17" }, "geometry": { "type": "Point", "coordinates": [ 44.824594855163014, 41.641052858904082 ] } },
{ "type": "Feature", "properties": { "id": 21018, "district_en": "Gardabani", "district_ka": "გარდაბანი", "precinct": 18.0, "name_en": "Gardabani - 18", "name_ka": "გარდაბანი - 18" }, "geometry": { "type": "Point", "coordinates": [ 44.852890967158601, 41.644604731402382 ] } },
{ "type": "Feature", "properties": { "id": 21019, "district_en": "Gardabani", "district_ka": "გარდაბანი", "precinct": 19.0, "name_en": "Gardabani - 19", "name_ka": "გარდაბანი - 19" }, "geometry": { "type": "Point", "coordinates": [ 45.051611065864563, 41.505186709246018 ] } },
{ "type": "Feature", "properties": { "id": 21020, "district_en": "Gardabani", "district_ka": "გარდაბანი", "precinct": 20.0, "name_en": "Gardabani - 20", "name_ka": "გარდაბანი - 20" }, "geometry": { "type": "Point", "coordinates": [ 45.057238340377808, 41.496793838131246 ] } },
{ "type": "Feature", "properties": { "id": 21021, "district_en": "Gardabani", "district_ka": "გარდაბანი", "precinct": 21.0, "name_en": "Gardabani - 21", "name_ka": "გარდაბანი - 21" }, "geometry": { "type": "Point", "coordinates": [ 44.89946662730997, 41.610284019796829 ] } },
{ "type": "Feature", "properties": { "id": 21022, "district_en": "Gardabani", "district_ka": "გარდაბანი", "precinct": 22.0, "name_en": "Gardabani - 22", "name_ka": "გარდაბანი - 22" }, "geometry": { "type": "Point", "coordinates": [ 44.901241064071655, 41.610112094801131 ] } },
{ "type": "Feature", "properties": { "id": 21023, "district_en": "Gardabani", "district_ka": "გარდაბანი", "precinct": 23.0, "name_en": "Gardabani - 23", "name_ka": "გარდაბანი - 23" }, "geometry": { "type": "Point", "coordinates": [ 45.090548455155961, 41.498009050333224 ] } },
{ "type": "Feature", "properties": { "id": 21024, "district_en": "Gardabani", "district_ka": "გარდაბანი", "precinct": 24.0, "name_en": "Gardabani - 24", "name_ka": "გარდაბანი - 24" }, "geometry": { "type": "Point", "coordinates": [ 45.187416654575905, 41.474971967243093 ] } },
{ "type": "Feature", "properties": { "id": 21025, "district_en": "Gardabani", "district_ka": "გარდაბანი", "precinct": 25.0, "name_en": "Gardabani - 25", "name_ka": "გარდაბანი - 25" }, "geometry": { "type": "Point", "coordinates": [ 45.022989213466644, 41.780325927074827 ] } },
{ "type": "Feature", "properties": { "id": 21026, "district_en": "Gardabani", "district_ka": "გარდაბანი", "precinct": 26.0, "name_en": "Gardabani - 26", "name_ka": "გარდაბანი - 26" }, "geometry": { "type": "Point", "coordinates": [ 45.018582344055176, 41.770751560461406 ] } },
{ "type": "Feature", "properties": { "id": 21027, "district_en": "Gardabani", "district_ka": "გარდაბანი", "precinct": 27.0, "name_en": "Gardabani - 27", "name_ka": "გარდაბანი - 27" }, "geometry": { "type": "Point", "coordinates": [ 45.020556879633176, 41.789527134068834 ] } },
{ "type": "Feature", "properties": { "id": 21028, "district_en": "Gardabani", "district_ka": "გარდაბანი", "precinct": 28.0, "name_en": "Gardabani - 28", "name_ka": "გარდაბანი - 28" }, "geometry": { "type": "Point", "coordinates": [ 45.011986458403314, 41.794305141496338 ] } },
{ "type": "Feature", "properties": { "id": 21029, "district_en": "Gardabani", "district_ka": "გარდაბანი", "precinct": 29.0, "name_en": "Gardabani - 29", "name_ka": "გარდაბანი - 29" }, "geometry": { "type": "Point", "coordinates": [ 45.023924583470375, 41.798079114536108 ] } },
{ "type": "Feature", "properties": { "id": 21030, "district_en": "Gardabani", "district_ka": "გარდაბანი", "precinct": 30.0, "name_en": "Gardabani - 30", "name_ka": "გარდაბანი - 30" }, "geometry": { "type": "Point", "coordinates": [ 45.049046892176179, 41.734510177368691 ] } },
{ "type": "Feature", "properties": { "id": 21031, "district_en": "Gardabani", "district_ka": "გარდაბანი", "precinct": 31.0, "name_en": "Gardabani - 31", "name_ka": "გარდაბანი - 31" }, "geometry": { "type": "Point", "coordinates": [ 45.051294565200806, 41.688284712029308 ] } },
{ "type": "Feature", "properties": { "id": 21032, "district_en": "Gardabani", "district_ka": "გარდაბანი", "precinct": 32.0, "name_en": "Gardabani - 32", "name_ka": "გარდაბანი - 32" }, "geometry": { "type": "Point", "coordinates": [ 45.114551782608032, 41.419414953207166 ] } },
{ "type": "Feature", "properties": { "id": 21033, "district_en": "Gardabani", "district_ka": "გარდაბანი", "precinct": 33.0, "name_en": "Gardabani - 33", "name_ka": "გარდაბანი - 33" }, "geometry": { "type": "Point", "coordinates": [ 45.106923580169678, 41.412362764976123 ] } },
{ "type": "Feature", "properties": { "id": 21034, "district_en": "Gardabani", "district_ka": "გარდაბანი", "precinct": 34.0, "name_en": "Gardabani - 34", "name_ka": "გარდაბანი - 34" }, "geometry": { "type": "Point", "coordinates": [ 44.978799819946289, 41.7884329666797 ] } },
{ "type": "Feature", "properties": { "id": 21035, "district_en": "Gardabani", "district_ka": "გარდაბანი", "precinct": 35.0, "name_en": "Gardabani - 35", "name_ka": "გარდაბანი - 35" }, "geometry": { "type": "Point", "coordinates": [ 44.979996085166931, 41.787297022885589 ] } },
{ "type": "Feature", "properties": { "id": 21036, "district_en": "Gardabani", "district_ka": "გარდაბანი", "precinct": 36.0, "name_en": "Gardabani - 36", "name_ka": "გარდაბანი - 36" }, "geometry": { "type": "Point", "coordinates": [ 44.90138053894043, 41.767354732214876 ] } },
{ "type": "Feature", "properties": { "id": 21037, "district_en": "Gardabani", "district_ka": "გარდაბანი", "precinct": 37.0, "name_en": "Gardabani - 37", "name_ka": "გარდაბანი - 37" }, "geometry": { "type": "Point", "coordinates": [ 45.179447829723358, 41.717307705802426 ] } },
{ "type": "Feature", "properties": { "id": 21038, "district_en": "Gardabani", "district_ka": "გარდაბანი", "precinct": 38.0, "name_en": "Gardabani - 38", "name_ka": "გარდაბანი - 38" }, "geometry": { "type": "Point", "coordinates": [ 45.183887910672382, 41.715626706745034 ] } },
{ "type": "Feature", "properties": { "id": 21039, "district_en": "Gardabani", "district_ka": "გარდაბანი", "precinct": 39.0, "name_en": "Gardabani - 39", "name_ka": "გარდაბანი - 39" }, "geometry": { "type": "Point", "coordinates": [ 45.173766911029816, 41.714756979046868 ] } },
{ "type": "Feature", "properties": { "id": 21040, "district_en": "Gardabani", "district_ka": "გარდაბანი", "precinct": 40.0, "name_en": "Gardabani - 40", "name_ka": "გარდაბანი - 40" }, "geometry": { "type": "Point", "coordinates": [ 45.156887769699097, 41.726558746666541 ] } },
{ "type": "Feature", "properties": { "id": 21041, "district_en": "Gardabani", "district_ka": "გარდაბანი", "precinct": 41.0, "name_en": "Gardabani - 41", "name_ka": "გარდაბანი - 41" }, "geometry": { "type": "Point", "coordinates": [ 45.162372970795111, 41.734677960489719 ] } },
{ "type": "Feature", "properties": { "id": 21042, "district_en": "Gardabani", "district_ka": "გარდაბანი", "precinct": 42.0, "name_en": "Gardabani - 42", "name_ka": "გარდაბანი - 42" }, "geometry": { "type": "Point", "coordinates": [ 45.154162645339966, 41.741158306842003 ] } },
{ "type": "Feature", "properties": { "id": 21043, "district_en": "Gardabani", "district_ka": "გარდაბანი", "precinct": 43.0, "name_en": "Gardabani - 43", "name_ka": "გარდაბანი - 43" }, "geometry": { "type": "Point", "coordinates": [ 45.102932453155518, 41.426872623764446 ] } },
{ "type": "Feature", "properties": { "id": 21044, "district_en": "Gardabani", "district_ka": "გარდაბანი", "precinct": 44.0, "name_en": "Gardabani - 44", "name_ka": "გარდაბანი - 44" }, "geometry": { "type": "Point", "coordinates": [ 45.103468894958496, 41.426365818910767 ] } },
{ "type": "Feature", "properties": { "id": 21045, "district_en": "Gardabani", "district_ka": "გარდაბანი", "precinct": 45.0, "name_en": "Gardabani - 45", "name_ka": "გარდაბანი - 45" }, "geometry": { "type": "Point", "coordinates": [ 45.175684690475464, 41.445629664434804 ] } },
{ "type": "Feature", "properties": { "id": 21046, "district_en": "Gardabani", "district_ka": "გარდაბანი", "precinct": 46.0, "name_en": "Gardabani - 46", "name_ka": "გარდაბანი - 46" }, "geometry": { "type": "Point", "coordinates": [ 44.782649874687195, 41.618265684099008 ] } },
{ "type": "Feature", "properties": { "id": 21047, "district_en": "Gardabani", "district_ka": "გარდაბანი", "precinct": 47.0, "name_en": "Gardabani - 47", "name_ka": "გარდაბანი - 47" }, "geometry": { "type": "Point", "coordinates": [ 44.962856769561768, 41.617391418398888 ] } },
{ "type": "Feature", "properties": { "id": 21048, "district_en": "Gardabani", "district_ka": "გარდაბანი", "precinct": 48.0, "name_en": "Gardabani - 48", "name_ka": "გარდაბანი - 48" }, "geometry": { "type": "Point", "coordinates": [ 44.959648250369355, 41.616892453506011 ] } },
{ "type": "Feature", "properties": { "id": 21049, "district_en": "Gardabani", "district_ka": "გარდაბანი", "precinct": 49.0, "name_en": "Gardabani - 49", "name_ka": "გარდაბანი - 49" }, "geometry": { "type": "Point", "coordinates": [ 44.959487317828462, 41.616896463957232 ] } },
{ "type": "Feature", "properties": { "id": 21050, "district_en": "Gardabani", "district_ka": "გარდაბანი", "precinct": 50.0, "name_en": "Gardabani - 50", "name_ka": "გარდაბანი - 50" }, "geometry": { "type": "Point", "coordinates": [ 44.974964261054993, 41.599356042547456 ] } },
{ "type": "Feature", "properties": { "id": 21051, "district_en": "Gardabani", "district_ka": "გარდაბანი", "precinct": 51.0, "name_en": "Gardabani - 51", "name_ka": "გარდაბანი - 51" }, "geometry": { "type": "Point", "coordinates": [ 44.972150651093934, 41.59915991938329 ] } },
{ "type": "Feature", "properties": { "id": 21052, "district_en": "Gardabani", "district_ka": "გარდაბანი", "precinct": 52.0, "name_en": "Gardabani - 52", "name_ka": "გარდაბანი - 52" }, "geometry": { "type": "Point", "coordinates": [ 45.080027542079499, 41.662297917322455 ] } },
{ "type": "Feature", "properties": { "id": 21053, "district_en": "Gardabani", "district_ka": "გარდაბანი", "precinct": 53.0, "name_en": "Gardabani - 53", "name_ka": "გარდაბანი - 53" }, "geometry": { "type": "Point", "coordinates": [ 45.107497964257092, 41.412865244774061 ] } },
{ "type": "Feature", "properties": { "id": 22001, "district_en": "Marneuli", "district_ka": "მარნეული", "precinct": 1.0, "name_en": "Marneuli - 1", "name_ka": "მარნეული - 1" }, "geometry": { "type": "Point", "coordinates": [ 44.804260202754939, 41.493185623747806 ] } },
{ "type": "Feature", "properties": { "id": 22002, "district_en": "Marneuli", "district_ka": "მარნეული", "precinct": 2.0, "name_en": "Marneuli - 2", "name_ka": "მარნეული - 2" }, "geometry": { "type": "Point", "coordinates": [ 44.807742326389288, 41.479797281035488 ] } },
{ "type": "Feature", "properties": { "id": 22003, "district_en": "Marneuli", "district_ka": "მარნეული", "precinct": 3.0, "name_en": "Marneuli - 3", "name_ka": "მარნეული - 3" }, "geometry": { "type": "Point", "coordinates": [ 44.815375153036143, 41.472624644961869 ] } },
{ "type": "Feature", "properties": { "id": 22004, "district_en": "Marneuli", "district_ka": "მარნეული", "precinct": 4.0, "name_en": "Marneuli - 4", "name_ka": "მარნეული - 4" }, "geometry": { "type": "Point", "coordinates": [ 44.7921156, 41.4826975 ] } },
{ "type": "Feature", "properties": { "id": 22005, "district_en": "Marneuli", "district_ka": "მარნეული", "precinct": 5.0, "name_en": "Marneuli - 5", "name_ka": "მარნეული - 5" }, "geometry": { "type": "Point", "coordinates": [ 44.8125703, 41.4740746 ] } },
{ "type": "Feature", "properties": { "id": 22006, "district_en": "Marneuli", "district_ka": "მარნეული", "precinct": 6.0, "name_en": "Marneuli - 6", "name_ka": "მარნეული - 6" }, "geometry": { "type": "Point", "coordinates": [ 44.800866413969857, 41.496056014828604 ] } },
{ "type": "Feature", "properties": { "id": 22007, "district_en": "Marneuli", "district_ka": "მარნეული", "precinct": 7.0, "name_en": "Marneuli - 7", "name_ka": "მარნეული - 7" }, "geometry": { "type": "Point", "coordinates": [ 44.816757186508205, 41.463899081372851 ] } },
{ "type": "Feature", "properties": { "id": 22008, "district_en": "Marneuli", "district_ka": "მარნეული", "precinct": 8.0, "name_en": "Marneuli - 8", "name_ka": "მარნეული - 8" }, "geometry": { "type": "Point", "coordinates": [ 44.8270931, 41.4643492 ] } },
{ "type": "Feature", "properties": { "id": 22009, "district_en": "Marneuli", "district_ka": "მარნეული", "precinct": 9.0, "name_en": "Marneuli - 9", "name_ka": "მარნეული - 9" }, "geometry": { "type": "Point", "coordinates": [ 44.756511433917375, 41.344273739510641 ] } },
{ "type": "Feature", "properties": { "id": 22010, "district_en": "Marneuli", "district_ka": "მარნეული", "precinct": 10.0, "name_en": "Marneuli - 10", "name_ka": "მარნეული - 10" }, "geometry": { "type": "Point", "coordinates": [ 44.759623156024119, 41.351252834783075 ] } },
{ "type": "Feature", "properties": { "id": 22011, "district_en": "Marneuli", "district_ka": "მარნეული", "precinct": 11.0, "name_en": "Marneuli - 11", "name_ka": "მარნეული - 11" }, "geometry": { "type": "Point", "coordinates": [ 44.747893810272217, 41.321364006997726 ] } },
{ "type": "Feature", "properties": { "id": 22012, "district_en": "Marneuli", "district_ka": "მარნეული", "precinct": 12.0, "name_en": "Marneuli - 12", "name_ka": "მარნეული - 12" }, "geometry": { "type": "Point", "coordinates": [ 44.862608708618005, 41.452378576132418 ] } },
{ "type": "Feature", "properties": { "id": 22013, "district_en": "Marneuli", "district_ka": "მარნეული", "precinct": 13.0, "name_en": "Marneuli - 13", "name_ka": "მარნეული - 13" }, "geometry": { "type": "Point", "coordinates": [ 44.913134970500202, 41.437180191240202 ] } },
{ "type": "Feature", "properties": { "id": 22014, "district_en": "Marneuli", "district_ka": "მარნეული", "precinct": 14.0, "name_en": "Marneuli - 14", "name_ka": "მარნეული - 14" }, "geometry": { "type": "Point", "coordinates": [ 44.940639228887065, 41.427935782886379 ] } },
{ "type": "Feature", "properties": { "id": 22015, "district_en": "Marneuli", "district_ka": "მარნეული", "precinct": 15.0, "name_en": "Marneuli - 15", "name_ka": "მარნეული - 15" }, "geometry": { "type": "Point", "coordinates": [ 44.891681671142578, 41.452191739772395 ] } },
{ "type": "Feature", "properties": { "id": 22016, "district_en": "Marneuli", "district_ka": "მარნეული", "precinct": 16.0, "name_en": "Marneuli - 16", "name_ka": "მარნეული - 16" }, "geometry": { "type": "Point", "coordinates": [ 44.895361661911011, 41.442380548153217 ] } },
{ "type": "Feature", "properties": { "id": 22017, "district_en": "Marneuli", "district_ka": "მარნეული", "precinct": 17.0, "name_en": "Marneuli - 17", "name_ka": "მარნეული - 17" }, "geometry": { "type": "Point", "coordinates": [ 44.89549090270156, 41.442447987714665 ] } },
{ "type": "Feature", "properties": { "id": 22018, "district_en": "Marneuli", "district_ka": "მარნეული", "precinct": 18.0, "name_en": "Marneuli - 18", "name_ka": "მარნეული - 18" }, "geometry": { "type": "Point", "coordinates": [ 44.785101413726807, 41.293305613361795 ] } },
{ "type": "Feature", "properties": { "id": 22019, "district_en": "Marneuli", "district_ka": "მარნეული", "precinct": 19.0, "name_en": "Marneuli - 19", "name_ka": "მარნეული - 19" }, "geometry": { "type": "Point", "coordinates": [ 44.78808904973755, 41.307577500772929 ] } },
{ "type": "Feature", "properties": { "id": 22020, "district_en": "Marneuli", "district_ka": "მარნეული", "precinct": 20.0, "name_en": "Marneuli - 20", "name_ka": "მარნეული - 20" }, "geometry": { "type": "Point", "coordinates": [ 44.751660458062403, 41.272476673277701 ] } },
{ "type": "Feature", "properties": { "id": 22021, "district_en": "Marneuli", "district_ka": "მარნეული", "precinct": 21.0, "name_en": "Marneuli - 21", "name_ka": "მარნეული - 21" }, "geometry": { "type": "Point", "coordinates": [ 44.73973513582694, 41.439008970756376 ] } },
{ "type": "Feature", "properties": { "id": 22022, "district_en": "Marneuli", "district_ka": "მარნეული", "precinct": 22.0, "name_en": "Marneuli - 22", "name_ka": "მარნეული - 22" }, "geometry": { "type": "Point", "coordinates": [ 44.858231266353336, 41.308647603877127 ] } },
{ "type": "Feature", "properties": { "id": 22023, "district_en": "Marneuli", "district_ka": "მარნეული", "precinct": 23.0, "name_en": "Marneuli - 23", "name_ka": "მარნეული - 23" }, "geometry": { "type": "Point", "coordinates": [ 44.90434181758269, 41.330104422802684 ] } },
{ "type": "Feature", "properties": { "id": 22024, "district_en": "Marneuli", "district_ka": "მარნეული", "precinct": 24.0, "name_en": "Marneuli - 24", "name_ka": "მარნეული - 24" }, "geometry": { "type": "Point", "coordinates": [ 44.841837446426283, 41.299899365775985 ] } },
{ "type": "Feature", "properties": { "id": 22025, "district_en": "Marneuli", "district_ka": "მარნეული", "precinct": 25.0, "name_en": "Marneuli - 25", "name_ka": "მარნეული - 25" }, "geometry": { "type": "Point", "coordinates": [ 44.880038331932838, 41.320750072521804 ] } },
{ "type": "Feature", "properties": { "id": 22026, "district_en": "Marneuli", "district_ka": "მარნეული", "precinct": 26.0, "name_en": "Marneuli - 26", "name_ka": "მარნეული - 26" }, "geometry": { "type": "Point", "coordinates": [ 44.823397222645553, 41.437162881165264 ] } },
{ "type": "Feature", "properties": { "id": 22027, "district_en": "Marneuli", "district_ka": "მარნეული", "precinct": 27.0, "name_en": "Marneuli - 27", "name_ka": "მარნეული - 27" }, "geometry": { "type": "Point", "coordinates": [ 44.832050985211254, 41.422306377926994 ] } },
{ "type": "Feature", "properties": { "id": 22028, "district_en": "Marneuli", "district_ka": "მარნეული", "precinct": 28.0, "name_en": "Marneuli - 28", "name_ka": "მარნეული - 28" }, "geometry": { "type": "Point", "coordinates": [ 44.823397222645553, 41.437162881165264 ] } },
{ "type": "Feature", "properties": { "id": 22029, "district_en": "Marneuli", "district_ka": "მარნეული", "precinct": 29.0, "name_en": "Marneuli - 29", "name_ka": "მარნეული - 29" }, "geometry": { "type": "Point", "coordinates": [ 44.798769950866699, 41.245086955770738 ] } },
{ "type": "Feature", "properties": { "id": 22030, "district_en": "Marneuli", "district_ka": "მარნეული", "precinct": 30.0, "name_en": "Marneuli - 30", "name_ka": "მარნეული - 30" }, "geometry": { "type": "Point", "coordinates": [ 44.800038801486309, 41.246615037102728 ] } },
{ "type": "Feature", "properties": { "id": 22031, "district_en": "Marneuli", "district_ka": "მარნეული", "precinct": 31.0, "name_en": "Marneuli - 31", "name_ka": "მარნეული - 31" }, "geometry": { "type": "Point", "coordinates": [ 44.7875645, 41.2388561 ] } },
{ "type": "Feature", "properties": { "id": 22032, "district_en": "Marneuli", "district_ka": "მარნეული", "precinct": 32.0, "name_en": "Marneuli - 32", "name_ka": "მარნეული - 32" }, "geometry": { "type": "Point", "coordinates": [ 44.752597283777327, 41.232303442418768 ] } },
{ "type": "Feature", "properties": { "id": 22033, "district_en": "Marneuli", "district_ka": "მარნეული", "precinct": 33.0, "name_en": "Marneuli - 33", "name_ka": "მარნეული - 33" }, "geometry": { "type": "Point", "coordinates": [ 44.8532460623899, 41.221316736979041 ] } },
{ "type": "Feature", "properties": { "id": 22034, "district_en": "Marneuli", "district_ka": "მარნეული", "precinct": 34.0, "name_en": "Marneuli - 34", "name_ka": "მარნეული - 34" }, "geometry": { "type": "Point", "coordinates": [ 45.024805275640801, 41.41993776863778 ] } },
{ "type": "Feature", "properties": { "id": 22035, "district_en": "Marneuli", "district_ka": "მარნეული", "precinct": 35.0, "name_en": "Marneuli - 35", "name_ka": "მარნეული - 35" }, "geometry": { "type": "Point", "coordinates": [ 45.031273677924901, 41.396282069755742 ] } },
{ "type": "Feature", "properties": { "id": 22036, "district_en": "Marneuli", "district_ka": "მარნეული", "precinct": 36.0, "name_en": "Marneuli - 36", "name_ka": "მარნეული - 36" }, "geometry": { "type": "Point", "coordinates": [ 45.034028635133843, 41.384197695279582 ] } },
{ "type": "Feature", "properties": { "id": 22037, "district_en": "Marneuli", "district_ka": "მარნეული", "precinct": 37.0, "name_en": "Marneuli - 37", "name_ka": "მარნეული - 37" }, "geometry": { "type": "Point", "coordinates": [ 44.9982511, 41.4522709 ] } },
{ "type": "Feature", "properties": { "id": 22038, "district_en": "Marneuli", "district_ka": "მარნეული", "precinct": 38.0, "name_en": "Marneuli - 38", "name_ka": "მარნეული - 38" }, "geometry": { "type": "Point", "coordinates": [ 44.99959108897432, 41.4527465687625 ] } },
{ "type": "Feature", "properties": { "id": 22039, "district_en": "Marneuli", "district_ka": "მარნეული", "precinct": 39.0, "name_en": "Marneuli - 39", "name_ka": "მარნეული - 39" }, "geometry": { "type": "Point", "coordinates": [ 44.971311092376709, 41.475491392766926 ] } },
{ "type": "Feature", "properties": { "id": 22040, "district_en": "Marneuli", "district_ka": "მარნეული", "precinct": 40.0, "name_en": "Marneuli - 40", "name_ka": "მარნეული - 40" }, "geometry": { "type": "Point", "coordinates": [ 44.90612812815295, 41.397539970439837 ] } },
{ "type": "Feature", "properties": { "id": 22041, "district_en": "Marneuli", "district_ka": "მარნეული", "precinct": 41.0, "name_en": "Marneuli - 41", "name_ka": "მარნეული - 41" }, "geometry": { "type": "Point", "coordinates": [ 44.956702040673463, 41.382304291460436 ] } },
{ "type": "Feature", "properties": { "id": 22042, "district_en": "Marneuli", "district_ka": "მარნეული", "precinct": 42.0, "name_en": "Marneuli - 42", "name_ka": "მარნეული - 42" }, "geometry": { "type": "Point", "coordinates": [ 44.976257085800171, 41.379292156116755 ] } },
{ "type": "Feature", "properties": { "id": 22043, "district_en": "Marneuli", "district_ka": "მარნეული", "precinct": 43.0, "name_en": "Marneuli - 43", "name_ka": "მარნეული - 43" }, "geometry": { "type": "Point", "coordinates": [ 44.930476938785326, 41.340265170014924 ] } },
{ "type": "Feature", "properties": { "id": 22044, "district_en": "Marneuli", "district_ka": "მარნეული", "precinct": 44.0, "name_en": "Marneuli - 44", "name_ka": "მარნეული - 44" }, "geometry": { "type": "Point", "coordinates": [ 44.969701766967773, 41.349881487403657 ] } },
{ "type": "Feature", "properties": { "id": 22045, "district_en": "Marneuli", "district_ka": "მარნეული", "precinct": 45.0, "name_en": "Marneuli - 45", "name_ka": "მარნეული - 45" }, "geometry": { "type": "Point", "coordinates": [ 45.005902841378727, 41.353830161454958 ] } },
{ "type": "Feature", "properties": { "id": 22046, "district_en": "Marneuli", "district_ka": "მარნეული", "precinct": 46.0, "name_en": "Marneuli - 46", "name_ka": "მარნეული - 46" }, "geometry": { "type": "Point", "coordinates": [ 45.037603484141059, 41.334323965389146 ] } },
{ "type": "Feature", "properties": { "id": 22047, "district_en": "Marneuli", "district_ka": "მარნეული", "precinct": 47.0, "name_en": "Marneuli - 47", "name_ka": "მარნეული - 47" }, "geometry": { "type": "Point", "coordinates": [ 44.926652312278748, 41.339092231165537 ] } },
{ "type": "Feature", "properties": { "id": 22048, "district_en": "Marneuli", "district_ka": "მარნეული", "precinct": 48.0, "name_en": "Marneuli - 48", "name_ka": "მარნეული - 48" }, "geometry": { "type": "Point", "coordinates": [ 44.778820110554491, 41.477367128111304 ] } },
{ "type": "Feature", "properties": { "id": 22049, "district_en": "Marneuli", "district_ka": "მარნეული", "precinct": 49.0, "name_en": "Marneuli - 49", "name_ka": "მარნეული - 49" }, "geometry": { "type": "Point", "coordinates": [ 44.78251963025172, 41.481927384492778 ] } },
{ "type": "Feature", "properties": { "id": 22050, "district_en": "Marneuli", "district_ka": "მარნეული", "precinct": 50.0, "name_en": "Marneuli - 50", "name_ka": "მარნეული - 50" }, "geometry": { "type": "Point", "coordinates": [ 44.778883509281002, 41.477812290181511 ] } },
{ "type": "Feature", "properties": { "id": 22051, "district_en": "Marneuli", "district_ka": "მარნეული", "precinct": 51.0, "name_en": "Marneuli - 51", "name_ka": "მარნეული - 51" }, "geometry": { "type": "Point", "coordinates": [ 44.872779380534631, 41.383902553747419 ] } },
{ "type": "Feature", "properties": { "id": 22052, "district_en": "Marneuli", "district_ka": "მარნეული", "precinct": 52.0, "name_en": "Marneuli - 52", "name_ka": "მარნეული - 52" }, "geometry": { "type": "Point", "coordinates": [ 44.847727080182977, 41.371541852103633 ] } },
{ "type": "Feature", "properties": { "id": 22053, "district_en": "Marneuli", "district_ka": "მარნეული", "precinct": 53.0, "name_en": "Marneuli - 53", "name_ka": "მარნეული - 53" }, "geometry": { "type": "Point", "coordinates": [ 44.921030077770993, 41.371143080158362 ] } },
{ "type": "Feature", "properties": { "id": 22054, "district_en": "Marneuli", "district_ka": "მარნეული", "precinct": 54.0, "name_en": "Marneuli - 54", "name_ka": "მარნეული - 54" }, "geometry": { "type": "Point", "coordinates": [ 44.839861008686249, 41.385744659270578 ] } },
{ "type": "Feature", "properties": { "id": 22055, "district_en": "Marneuli", "district_ka": "მარნეული", "precinct": 55.0, "name_en": "Marneuli - 55", "name_ka": "მარნეული - 55" }, "geometry": { "type": "Point", "coordinates": [ 44.835221171379089, 41.362814961681572 ] } },
{ "type": "Feature", "properties": { "id": 22056, "district_en": "Marneuli", "district_ka": "მარნეული", "precinct": 56.0, "name_en": "Marneuli - 56", "name_ka": "მარნეული - 56" }, "geometry": { "type": "Point", "coordinates": [ 44.861898467169034, 41.354644587501696 ] } },
{ "type": "Feature", "properties": { "id": 22057, "district_en": "Marneuli", "district_ka": "მარნეული", "precinct": 57.0, "name_en": "Marneuli - 57", "name_ka": "მარნეული - 57" }, "geometry": { "type": "Point", "coordinates": [ 44.797026515007019, 41.328095741332284 ] } },
{ "type": "Feature", "properties": { "id": 22058, "district_en": "Marneuli", "district_ka": "მარნეული", "precinct": 58.0, "name_en": "Marneuli - 58", "name_ka": "მარნეული - 58" }, "geometry": { "type": "Point", "coordinates": [ 44.826066669558735, 41.343869593740862 ] } },
{ "type": "Feature", "properties": { "id": 22059, "district_en": "Marneuli", "district_ka": "მარნეული", "precinct": 59.0, "name_en": "Marneuli - 59", "name_ka": "მარნეული - 59" }, "geometry": { "type": "Point", "coordinates": [ 44.825019403303656, 41.397868894476261 ] } },
{ "type": "Feature", "properties": { "id": 22060, "district_en": "Marneuli", "district_ka": "მარნეული", "precinct": 60.0, "name_en": "Marneuli - 60", "name_ka": "მარნეული - 60" }, "geometry": { "type": "Point", "coordinates": [ 44.65837747868958, 41.290855189907894 ] } },
{ "type": "Feature", "properties": { "id": 22061, "district_en": "Marneuli", "district_ka": "მარნეული", "precinct": 61.0, "name_en": "Marneuli - 61", "name_ka": "მარნეული - 61" }, "geometry": { "type": "Point", "coordinates": [ 44.692345261573792, 41.225336022909495 ] } },
{ "type": "Feature", "properties": { "id": 22062, "district_en": "Marneuli", "district_ka": "მარნეული", "precinct": 62.0, "name_en": "Marneuli - 62", "name_ka": "მარნეული - 62" }, "geometry": { "type": "Point", "coordinates": [ 44.732025861740112, 41.243653035659236 ] } },
{ "type": "Feature", "properties": { "id": 22063, "district_en": "Marneuli", "district_ka": "მარნეული", "precinct": 63.0, "name_en": "Marneuli - 63", "name_ka": "მარნეული - 63" }, "geometry": { "type": "Point", "coordinates": [ 44.722104370594025, 41.230574877747863 ] } },
{ "type": "Feature", "properties": { "id": 22064, "district_en": "Marneuli", "district_ka": "მარნეული", "precinct": 64.0, "name_en": "Marneuli - 64", "name_ka": "მარნეული - 64" }, "geometry": { "type": "Point", "coordinates": [ 44.79649543762207, 41.281914401937236 ] } },
{ "type": "Feature", "properties": { "id": 22065, "district_en": "Marneuli", "district_ka": "მარნეული", "precinct": 65.0, "name_en": "Marneuli - 65", "name_ka": "მარნეული - 65" }, "geometry": { "type": "Point", "coordinates": [ 44.790991544723511, 41.445891034293105 ] } },
{ "type": "Feature", "properties": { "id": 22066, "district_en": "Marneuli", "district_ka": "მარნეული", "precinct": 66.0, "name_en": "Marneuli - 66", "name_ka": "მარნეული - 66" }, "geometry": { "type": "Point", "coordinates": [ 44.866208165845961, 41.30777927155232 ] } },
{ "type": "Feature", "properties": { "id": 22067, "district_en": "Marneuli", "district_ka": "მარნეული", "precinct": 67.0, "name_en": "Marneuli - 67", "name_ka": "მარნეული - 67" }, "geometry": { "type": "Point", "coordinates": [ 44.904489761238096, 41.329947650746824 ] } },
{ "type": "Feature", "properties": { "id": 22068, "district_en": "Marneuli", "district_ka": "მარნეული", "precinct": 68.0, "name_en": "Marneuli - 68", "name_ka": "მარნეული - 68" }, "geometry": { "type": "Point", "coordinates": [ 44.631361798273922, 41.250032078414542 ] } },
{ "type": "Feature", "properties": { "id": 22070, "district_en": "Marneuli", "district_ka": "მარნეული", "precinct": 70.0, "name_en": "Marneuli - 70", "name_ka": "მარნეული - 70" }, "geometry": { "type": "Point", "coordinates": [ 44.769868547714914, 41.228943354303254 ] } },
{ "type": "Feature", "properties": { "id": 22071, "district_en": "Marneuli", "district_ka": "მარნეული", "precinct": 71.0, "name_en": "Marneuli - 71", "name_ka": "მარნეული - 71" }, "geometry": { "type": "Point", "coordinates": [ 44.795616759300607, 41.247928008733787 ] } },
{ "type": "Feature", "properties": { "id": 22072, "district_en": "Marneuli", "district_ka": "მარნეული", "precinct": 72.0, "name_en": "Marneuli - 72", "name_ka": "მარნეული - 72" }, "geometry": { "type": "Point", "coordinates": [ 45.028087352947978, 41.428177522694327 ] } },
{ "type": "Feature", "properties": { "id": 22073, "district_en": "Marneuli", "district_ka": "მარნეული", "precinct": 73.0, "name_en": "Marneuli - 73", "name_ka": "მარნეული - 73" }, "geometry": { "type": "Point", "coordinates": [ 44.932992792542727, 41.332007147050604 ] } },
{ "type": "Feature", "properties": { "id": 22074, "district_en": "Marneuli", "district_ka": "მარნეული", "precinct": 74.0, "name_en": "Marneuli - 74", "name_ka": "მარნეული - 74" }, "geometry": { "type": "Point", "coordinates": [ 44.772705020237709, 41.47722242916695 ] } },
{ "type": "Feature", "properties": { "id": 22075, "district_en": "Marneuli", "district_ka": "მარნეული", "precinct": 75.0, "name_en": "Marneuli - 75", "name_ka": "მარნეული - 75" }, "geometry": { "type": "Point", "coordinates": [ 44.862016, 41.354661 ] } },
{ "type": "Feature", "properties": { "id": 22076, "district_en": "Marneuli", "district_ka": "მარნეული", "precinct": 76.0, "name_en": "Marneuli - 76", "name_ka": "მარნეული - 76" }, "geometry": { "type": "Point", "coordinates": [ 44.904312389924741, 41.386644964468893 ] } },
{ "type": "Feature", "properties": { "id": 22077, "district_en": "Marneuli", "district_ka": "მარნეული", "precinct": 77.0, "name_en": "Marneuli - 77", "name_ka": "მარნეული - 77" }, "geometry": { "type": "Point", "coordinates": [ 44.575645060660776, 41.21890379610489 ] } },
{ "type": "Feature", "properties": { "id": 22078, "district_en": "Marneuli", "district_ka": "მარნეული", "precinct": 78.0, "name_en": "Marneuli - 78", "name_ka": "მარნეული - 78" }, "geometry": { "type": "Point", "coordinates": [ 44.59987479201012, 41.234667622588248 ] } },
{ "type": "Feature", "properties": { "id": 22079, "district_en": "Marneuli", "district_ka": "მარნეული", "precinct": 79.0, "name_en": "Marneuli - 79", "name_ka": "მარნეული - 79" }, "geometry": { "type": "Point", "coordinates": [ 44.819427777441724, 41.46671907590332 ] } },
{ "type": "Feature", "properties": { "id": 22080, "district_en": "Marneuli", "district_ka": "მარნეული", "precinct": 80.0, "name_en": "Marneuli - 80", "name_ka": "მარნეული - 80" }, "geometry": { "type": "Point", "coordinates": [ 44.775355592931547, 41.482524303242144 ] } },
{ "type": "Feature", "properties": { "id": 22081, "district_en": "Marneuli", "district_ka": "მარნეული", "precinct": 81.0, "name_en": "Marneuli - 81", "name_ka": "მარნეული - 81" }, "geometry": { "type": "Point", "coordinates": [ 44.886027636153734, 41.400095017380451 ] } },
{ "type": "Feature", "properties": { "id": 23001, "district_en": "Bolnisi", "district_ka": "ბოლნისი", "precinct": 1.0, "name_en": "Bolnisi - 1", "name_ka": "ბოლნისი - 1" }, "geometry": { "type": "Point", "coordinates": [ 44.536123031878482, 41.448084086142551 ] } },
{ "type": "Feature", "properties": { "id": 23002, "district_en": "Bolnisi", "district_ka": "ბოლნისი", "precinct": 2.0, "name_en": "Bolnisi - 2", "name_ka": "ბოლნისი - 2" }, "geometry": { "type": "Point", "coordinates": [ 44.537924486508189, 41.449605841659093 ] } },
{ "type": "Feature", "properties": { "id": 23003, "district_en": "Bolnisi", "district_ka": "ბოლნისი", "precinct": 3.0, "name_en": "Bolnisi - 3", "name_ka": "ბოლნისი - 3" }, "geometry": { "type": "Point", "coordinates": [ 44.55354453369484, 41.450308016811107 ] } },
{ "type": "Feature", "properties": { "id": 23004, "district_en": "Bolnisi", "district_ka": "ბოლნისი", "precinct": 4.0, "name_en": "Bolnisi - 4", "name_ka": "ბოლნისი - 4" }, "geometry": { "type": "Point", "coordinates": [ 44.5734002, 41.4524341 ] } },
{ "type": "Feature", "properties": { "id": 23005, "district_en": "Bolnisi", "district_ka": "ბოლნისი", "precinct": 5.0, "name_en": "Bolnisi - 5", "name_ka": "ბოლნისი - 5" }, "geometry": { "type": "Point", "coordinates": [ 44.558421185302699, 41.495120433484217 ] } },
{ "type": "Feature", "properties": { "id": 23006, "district_en": "Bolnisi", "district_ka": "ბოლნისი", "precinct": 6.0, "name_en": "Bolnisi - 6", "name_ka": "ბოლნისი - 6" }, "geometry": { "type": "Point", "coordinates": [ 44.600343210481249, 41.449477025287408 ] } },
{ "type": "Feature", "properties": { "id": 23007, "district_en": "Bolnisi", "district_ka": "ბოლნისი", "precinct": 7.0, "name_en": "Bolnisi - 7", "name_ka": "ბოლნისი - 7" }, "geometry": { "type": "Point", "coordinates": [ 44.619080750015215, 41.445912699771377 ] } },
{ "type": "Feature", "properties": { "id": 23008, "district_en": "Bolnisi", "district_ka": "ბოლნისი", "precinct": 8.0, "name_en": "Bolnisi - 8", "name_ka": "ბოლნისი - 8" }, "geometry": { "type": "Point", "coordinates": [ 44.667846499348755, 41.446202826240715 ] } },
{ "type": "Feature", "properties": { "id": 23009, "district_en": "Bolnisi", "district_ka": "ბოლნისი", "precinct": 9.0, "name_en": "Bolnisi - 9", "name_ka": "ბოლნისი - 9" }, "geometry": { "type": "Point", "coordinates": [ 44.676867574453354, 41.447121469019358 ] } },
{ "type": "Feature", "properties": { "id": 23010, "district_en": "Bolnisi", "district_ka": "ბოლნისი", "precinct": 10.0, "name_en": "Bolnisi - 10", "name_ka": "ბოლნისი - 10" }, "geometry": { "type": "Point", "coordinates": [ 44.693138751034567, 41.467504856754587 ] } },
{ "type": "Feature", "properties": { "id": 23011, "district_en": "Bolnisi", "district_ka": "ბოლნისი", "precinct": 11.0, "name_en": "Bolnisi - 11", "name_ka": "ბოლნისი - 11" }, "geometry": { "type": "Point", "coordinates": [ 44.692830296997855, 41.467643537184017 ] } },
{ "type": "Feature", "properties": { "id": 23012, "district_en": "Bolnisi", "district_ka": "ბოლნისი", "precinct": 12.0, "name_en": "Bolnisi - 12", "name_ka": "ბოლნისი - 12" }, "geometry": { "type": "Point", "coordinates": [ 44.707870760084155, 41.473384316178574 ] } },
{ "type": "Feature", "properties": { "id": 23013, "district_en": "Bolnisi", "district_ka": "ბოლნისი", "precinct": 13.0, "name_en": "Bolnisi - 13", "name_ka": "ბოლნისი - 13" }, "geometry": { "type": "Point", "coordinates": [ 44.715641849912473, 41.475648700282015 ] } },
{ "type": "Feature", "properties": { "id": 23014, "district_en": "Bolnisi", "district_ka": "ბოლნისი", "precinct": 14.0, "name_en": "Bolnisi - 14", "name_ka": "ბოლნისი - 14" }, "geometry": { "type": "Point", "coordinates": [ 44.735118448734283, 41.470596788581595 ] } },
{ "type": "Feature", "properties": { "id": 23015, "district_en": "Bolnisi", "district_ka": "ბოლნისი", "precinct": 15.0, "name_en": "Bolnisi - 15", "name_ka": "ბოლნისი - 15" }, "geometry": { "type": "Point", "coordinates": [ 44.575883746147156, 41.41234466082652 ] } },
{ "type": "Feature", "properties": { "id": 23016, "district_en": "Bolnisi", "district_ka": "ბოლნისი", "precinct": 16.0, "name_en": "Bolnisi - 16", "name_ka": "ბოლნისი - 16" }, "geometry": { "type": "Point", "coordinates": [ 44.588623271062019, 41.409525983452419 ] } },
{ "type": "Feature", "properties": { "id": 23017, "district_en": "Bolnisi", "district_ka": "ბოლნისი", "precinct": 17.0, "name_en": "Bolnisi - 17", "name_ka": "ბოლნისი - 17" }, "geometry": { "type": "Point", "coordinates": [ 44.642330875207563, 41.435905412643521 ] } },
{ "type": "Feature", "properties": { "id": 23018, "district_en": "Bolnisi", "district_ka": "ბოლნისი", "precinct": 18.0, "name_en": "Bolnisi - 18", "name_ka": "ბოლნისი - 18" }, "geometry": { "type": "Point", "coordinates": [ 44.606200407131951, 41.438142210812281 ] } },
{ "type": "Feature", "properties": { "id": 23019, "district_en": "Bolnisi", "district_ka": "ბოლნისი", "precinct": 19.0, "name_en": "Bolnisi - 19", "name_ka": "ბოლნისი - 19" }, "geometry": { "type": "Point", "coordinates": [ 44.664970468153356, 41.431519788475889 ] } },
{ "type": "Feature", "properties": { "id": 23020, "district_en": "Bolnisi", "district_ka": "ბოლნისი", "precinct": 20.0, "name_en": "Bolnisi - 20", "name_ka": "ბოლნისი - 20" }, "geometry": { "type": "Point", "coordinates": [ 44.751092164032009, 41.419483612084832 ] } },
{ "type": "Feature", "properties": { "id": 23021, "district_en": "Bolnisi", "district_ka": "ბოლნისი", "precinct": 21.0, "name_en": "Bolnisi - 21", "name_ka": "ბოლნისი - 21" }, "geometry": { "type": "Point", "coordinates": [ 44.723465221308622, 41.42900686868672 ] } },
{ "type": "Feature", "properties": { "id": 23022, "district_en": "Bolnisi", "district_ka": "ბოლნისი", "precinct": 22.0, "name_en": "Bolnisi - 22", "name_ka": "ბოლნისი - 22" }, "geometry": { "type": "Point", "coordinates": [ 44.717891551312277, 41.381516906779936 ] } },
{ "type": "Feature", "properties": { "id": 23023, "district_en": "Bolnisi", "district_ka": "ბოლნისი", "precinct": 23.0, "name_en": "Bolnisi - 23", "name_ka": "ბოლნისი - 23" }, "geometry": { "type": "Point", "coordinates": [ 44.640238565323457, 41.379690370323978 ] } },
{ "type": "Feature", "properties": { "id": 23024, "district_en": "Bolnisi", "district_ka": "ბოლნისი", "precinct": 24.0, "name_en": "Bolnisi - 24", "name_ka": "ბოლნისი - 24" }, "geometry": { "type": "Point", "coordinates": [ 44.643504215213078, 41.385941169284187 ] } },
{ "type": "Feature", "properties": { "id": 23025, "district_en": "Bolnisi", "district_ka": "ბოლნისი", "precinct": 25.0, "name_en": "Bolnisi - 25", "name_ka": "ბოლნისი - 25" }, "geometry": { "type": "Point", "coordinates": [ 44.504358571580497, 41.429456430238801 ] } },
{ "type": "Feature", "properties": { "id": 23026, "district_en": "Bolnisi", "district_ka": "ბოლნისი", "precinct": 26.0, "name_en": "Bolnisi - 26", "name_ka": "ბოლნისი - 26" }, "geometry": { "type": "Point", "coordinates": [ 44.533519789341149, 41.400234307337541 ] } },
{ "type": "Feature", "properties": { "id": 23027, "district_en": "Bolnisi", "district_ka": "ბოლნისი", "precinct": 27.0, "name_en": "Bolnisi - 27", "name_ka": "ბოლნისი - 27" }, "geometry": { "type": "Point", "coordinates": [ 44.530001878738403, 41.406186945717174 ] } },
{ "type": "Feature", "properties": { "id": 23028, "district_en": "Bolnisi", "district_ka": "ბოლნისი", "precinct": 28.0, "name_en": "Bolnisi - 28", "name_ka": "ბოლნისი - 28" }, "geometry": { "type": "Point", "coordinates": [ 44.506171509578742, 41.3837352534877 ] } },
{ "type": "Feature", "properties": { "id": 23029, "district_en": "Bolnisi", "district_ka": "ბოლნისი", "precinct": 29.0, "name_en": "Bolnisi - 29", "name_ka": "ბოლნისი - 29" }, "geometry": { "type": "Point", "coordinates": [ 44.505235051142343, 41.365772736299654 ] } },
{ "type": "Feature", "properties": { "id": 23030, "district_en": "Bolnisi", "district_ka": "ბოლნისი", "precinct": 30.0, "name_en": "Bolnisi - 30", "name_ka": "ბოლნისი - 30" }, "geometry": { "type": "Point", "coordinates": [ 44.508481322393436, 41.35192385573307 ] } },
{ "type": "Feature", "properties": { "id": 23031, "district_en": "Bolnisi", "district_ka": "ბოლნისი", "precinct": 31.0, "name_en": "Bolnisi - 31", "name_ka": "ბოლნისი - 31" }, "geometry": { "type": "Point", "coordinates": [ 44.502819486647034, 41.334989283745124 ] } },
{ "type": "Feature", "properties": { "id": 23032, "district_en": "Bolnisi", "district_ka": "ბოლნისი", "precinct": 32.0, "name_en": "Bolnisi - 32", "name_ka": "ბოლნისი - 32" }, "geometry": { "type": "Point", "coordinates": [ 44.507349429083192, 41.456297317428749 ] } },
{ "type": "Feature", "properties": { "id": 23033, "district_en": "Bolnisi", "district_ka": "ბოლნისი", "precinct": 33.0, "name_en": "Bolnisi - 33", "name_ka": "ბოლნისი - 33" }, "geometry": { "type": "Point", "coordinates": [ 44.442813524868612, 41.465302593398491 ] } },
{ "type": "Feature", "properties": { "id": 23034, "district_en": "Bolnisi", "district_ka": "ბოლნისი", "precinct": 34.0, "name_en": "Bolnisi - 34", "name_ka": "ბოლნისი - 34" }, "geometry": { "type": "Point", "coordinates": [ 44.464086301327491, 41.417646900000157 ] } },
{ "type": "Feature", "properties": { "id": 23035, "district_en": "Bolnisi", "district_ka": "ბოლნისი", "precinct": 35.0, "name_en": "Bolnisi - 35", "name_ka": "ბოლნისი - 35" }, "geometry": { "type": "Point", "coordinates": [ 44.444107723664821, 41.437627285107411 ] } },
{ "type": "Feature", "properties": { "id": 23036, "district_en": "Bolnisi", "district_ka": "ბოლნისი", "precinct": 36.0, "name_en": "Bolnisi - 36", "name_ka": "ბოლნისი - 36" }, "geometry": { "type": "Point", "coordinates": [ 44.436207233135271, 41.433383418153412 ] } },
{ "type": "Feature", "properties": { "id": 23037, "district_en": "Bolnisi", "district_ka": "ბოლნისი", "precinct": 37.0, "name_en": "Bolnisi - 37", "name_ka": "ბოლნისი - 37" }, "geometry": { "type": "Point", "coordinates": [ 44.423483644877521, 41.426130061379141 ] } },
{ "type": "Feature", "properties": { "id": 23038, "district_en": "Bolnisi", "district_ka": "ბოლნისი", "precinct": 38.0, "name_en": "Bolnisi - 38", "name_ka": "ბოლნისი - 38" }, "geometry": { "type": "Point", "coordinates": [ 44.420015215873718, 41.386186943197615 ] } },
{ "type": "Feature", "properties": { "id": 23039, "district_en": "Bolnisi", "district_ka": "ბოლნისი", "precinct": 39.0, "name_en": "Bolnisi - 39", "name_ka": "ბოლნისი - 39" }, "geometry": { "type": "Point", "coordinates": [ 44.415876567363739, 41.384993589576943 ] } },
{ "type": "Feature", "properties": { "id": 23040, "district_en": "Bolnisi", "district_ka": "ბოლნისი", "precinct": 40.0, "name_en": "Bolnisi - 40", "name_ka": "ბოლნისი - 40" }, "geometry": { "type": "Point", "coordinates": [ 44.415761232376099, 41.384826558570765 ] } },
{ "type": "Feature", "properties": { "id": 23041, "district_en": "Bolnisi", "district_ka": "ბოლნისი", "precinct": 41.0, "name_en": "Bolnisi - 41", "name_ka": "ბოლნისი - 41" }, "geometry": { "type": "Point", "coordinates": [ 44.39828906096038, 41.364347311933273 ] } },
{ "type": "Feature", "properties": { "id": 23042, "district_en": "Bolnisi", "district_ka": "ბოლნისი", "precinct": 42.0, "name_en": "Bolnisi - 42", "name_ka": "ბოლნისი - 42" }, "geometry": { "type": "Point", "coordinates": [ 44.426332757286119, 41.449894499943738 ] } },
{ "type": "Feature", "properties": { "id": 23043, "district_en": "Bolnisi", "district_ka": "ბოლნისი", "precinct": 43.0, "name_en": "Bolnisi - 43", "name_ka": "ბოლნისი - 43" }, "geometry": { "type": "Point", "coordinates": [ 44.407857751698302, 41.451080595857285 ] } },
{ "type": "Feature", "properties": { "id": 23044, "district_en": "Bolnisi", "district_ka": "ბოლნისი", "precinct": 44.0, "name_en": "Bolnisi - 44", "name_ka": "ბოლნისი - 44" }, "geometry": { "type": "Point", "coordinates": [ 44.364045825378398, 41.453539303163879 ] } },
{ "type": "Feature", "properties": { "id": 23045, "district_en": "Bolnisi", "district_ka": "ბოლნისი", "precinct": 45.0, "name_en": "Bolnisi - 45", "name_ka": "ბოლნისი - 45" }, "geometry": { "type": "Point", "coordinates": [ 44.38496294061077, 41.474731159546387 ] } },
{ "type": "Feature", "properties": { "id": 23046, "district_en": "Bolnisi", "district_ka": "ბოლნისი", "precinct": 46.0, "name_en": "Bolnisi - 46", "name_ka": "ბოლნისი - 46" }, "geometry": { "type": "Point", "coordinates": [ 44.412571697228898, 41.470168272786353 ] } },
{ "type": "Feature", "properties": { "id": 23047, "district_en": "Bolnisi", "district_ka": "ბოლნისი", "precinct": 47.0, "name_en": "Bolnisi - 47", "name_ka": "ბოლნისი - 47" }, "geometry": { "type": "Point", "coordinates": [ 44.391133176512866, 41.435720220720611 ] } },
{ "type": "Feature", "properties": { "id": 23048, "district_en": "Bolnisi", "district_ka": "ბოლნისი", "precinct": 48.0, "name_en": "Bolnisi - 48", "name_ka": "ბოლნისი - 48" }, "geometry": { "type": "Point", "coordinates": [ 44.38064750357217, 41.426099253496808 ] } },
{ "type": "Feature", "properties": { "id": 23049, "district_en": "Bolnisi", "district_ka": "ბოლნისი", "precinct": 49.0, "name_en": "Bolnisi - 49", "name_ka": "ბოლნისი - 49" }, "geometry": { "type": "Point", "coordinates": [ 44.362650939950555, 41.435368912306487 ] } },
{ "type": "Feature", "properties": { "id": 23050, "district_en": "Bolnisi", "district_ka": "ბოლნისი", "precinct": 50.0, "name_en": "Bolnisi - 50", "name_ka": "ბოლნისი - 50" }, "geometry": { "type": "Point", "coordinates": [ 44.360994235581984, 41.425049168169224 ] } },
{ "type": "Feature", "properties": { "id": 23051, "district_en": "Bolnisi", "district_ka": "ბოლნისი", "precinct": 51.0, "name_en": "Bolnisi - 51", "name_ka": "ბოლნისი - 51" }, "geometry": { "type": "Point", "coordinates": [ 44.327124953269958, 41.414430627972493 ] } },
{ "type": "Feature", "properties": { "id": 23052, "district_en": "Bolnisi", "district_ka": "ბოლნისი", "precinct": 52.0, "name_en": "Bolnisi - 52", "name_ka": "ბოლნისი - 52" }, "geometry": { "type": "Point", "coordinates": [ 44.33506965637207, 41.419559770498026 ] } },
{ "type": "Feature", "properties": { "id": 24001, "district_en": "Dmanisi", "district_ka": "დმანისი", "precinct": 1.0, "name_en": "Dmanisi - 1", "name_ka": "დმანისი - 1" }, "geometry": { "type": "Point", "coordinates": [ 44.2028042, 41.3307232 ] } },
{ "type": "Feature", "properties": { "id": 24002, "district_en": "Dmanisi", "district_ka": "დმანისი", "precinct": 2.0, "name_en": "Dmanisi - 2", "name_ka": "დმანისი - 2" }, "geometry": { "type": "Point", "coordinates": [ 44.204678948410034, 41.336454823163528 ] } },
{ "type": "Feature", "properties": { "id": 24003, "district_en": "Dmanisi", "district_ka": "დმანისი", "precinct": 3.0, "name_en": "Dmanisi - 3", "name_ka": "დმანისი - 3" }, "geometry": { "type": "Point", "coordinates": [ 44.199780792729179, 41.278272887225206 ] } },
{ "type": "Feature", "properties": { "id": 24004, "district_en": "Dmanisi", "district_ka": "დმანისი", "precinct": 4.0, "name_en": "Dmanisi - 4", "name_ka": "დმანისი - 4" }, "geometry": { "type": "Point", "coordinates": [ 44.233365654945374, 41.278935268096042 ] } },
{ "type": "Feature", "properties": { "id": 24005, "district_en": "Dmanisi", "district_ka": "დმანისი", "precinct": 5.0, "name_en": "Dmanisi - 5", "name_ka": "დმანისი - 5" }, "geometry": { "type": "Point", "coordinates": [ 44.260964522228996, 41.300752649981433 ] } },
{ "type": "Feature", "properties": { "id": 24006, "district_en": "Dmanisi", "district_ka": "დმანისი", "precinct": 6.0, "name_en": "Dmanisi - 6", "name_ka": "დმანისი - 6" }, "geometry": { "type": "Point", "coordinates": [ 44.310786809925844, 41.315067298472371 ] } },
{ "type": "Feature", "properties": { "id": 24007, "district_en": "Dmanisi", "district_ka": "დმანისი", "precinct": 7.0, "name_en": "Dmanisi - 7", "name_ka": "დმანისი - 7" }, "geometry": { "type": "Point", "coordinates": [ 44.299531703041076, 41.301597915918919 ] } },
{ "type": "Feature", "properties": { "id": 24008, "district_en": "Dmanisi", "district_ka": "დმანისი", "precinct": 8.0, "name_en": "Dmanisi - 8", "name_ka": "დმანისი - 8" }, "geometry": { "type": "Point", "coordinates": [ 44.254938662052155, 41.340995281342366 ] } },
{ "type": "Feature", "properties": { "id": 24009, "district_en": "Dmanisi", "district_ka": "დმანისი", "precinct": 9.0, "name_en": "Dmanisi - 9", "name_ka": "დმანისი - 9" }, "geometry": { "type": "Point", "coordinates": [ 44.2579439, 41.3347545 ] } },
{ "type": "Feature", "properties": { "id": 24010, "district_en": "Dmanisi", "district_ka": "დმანისი", "precinct": 10.0, "name_en": "Dmanisi - 10", "name_ka": "დმანისი - 10" }, "geometry": { "type": "Point", "coordinates": [ 44.281355659524557, 41.332531303418229 ] } },
{ "type": "Feature", "properties": { "id": 24011, "district_en": "Dmanisi", "district_ka": "დმანისი", "precinct": 11.0, "name_en": "Dmanisi - 11", "name_ka": "დმანისი - 11" }, "geometry": { "type": "Point", "coordinates": [ 44.195821340475476, 41.504156434907941 ] } },
{ "type": "Feature", "properties": { "id": 24012, "district_en": "Dmanisi", "district_ka": "დმანისი", "precinct": 12.0, "name_en": "Dmanisi - 12", "name_ka": "დმანისი - 12" }, "geometry": { "type": "Point", "coordinates": [ 44.163440798255927, 41.496922184098985 ] } },
{ "type": "Feature", "properties": { "id": 24013, "district_en": "Dmanisi", "district_ka": "დმანისი", "precinct": 13.0, "name_en": "Dmanisi - 13", "name_ka": "დმანისი - 13" }, "geometry": { "type": "Point", "coordinates": [ 44.319716309400931, 41.216619163279347 ] } },
{ "type": "Feature", "properties": { "id": 24014, "district_en": "Dmanisi", "district_ka": "დმანისი", "precinct": 14.0, "name_en": "Dmanisi - 14", "name_ka": "დმანისი - 14" }, "geometry": { "type": "Point", "coordinates": [ 44.347130703318804, 41.249801555622177 ] } },
{ "type": "Feature", "properties": { "id": 24015, "district_en": "Dmanisi", "district_ka": "დმანისი", "precinct": 15.0, "name_en": "Dmanisi - 15", "name_ka": "დმანისი - 15" }, "geometry": { "type": "Point", "coordinates": [ 44.388279588360611, 41.248219613453571 ] } },
{ "type": "Feature", "properties": { "id": 24016, "district_en": "Dmanisi", "district_ka": "დმანისი", "precinct": 16.0, "name_en": "Dmanisi - 16", "name_ka": "დმანისი - 16" }, "geometry": { "type": "Point", "coordinates": [ 44.298468530657949, 41.356009011125039 ] } },
{ "type": "Feature", "properties": { "id": 24017, "district_en": "Dmanisi", "district_ka": "დმანისი", "precinct": 17.0, "name_en": "Dmanisi - 17", "name_ka": "დმანისი - 17" }, "geometry": { "type": "Point", "coordinates": [ 44.349631304160319, 41.357180226884473 ] } },
{ "type": "Feature", "properties": { "id": 24018, "district_en": "Dmanisi", "district_ka": "დმანისი", "precinct": 18.0, "name_en": "Dmanisi - 18", "name_ka": "დმანისი - 18" }, "geometry": { "type": "Point", "coordinates": [ 44.341590471025071, 41.329200757538345 ] } },
{ "type": "Feature", "properties": { "id": 24019, "district_en": "Dmanisi", "district_ka": "დმანისი", "precinct": 19.0, "name_en": "Dmanisi - 19", "name_ka": "დმანისი - 19" }, "geometry": { "type": "Point", "coordinates": [ 44.142256486052688, 41.307181614113759 ] } },
{ "type": "Feature", "properties": { "id": 24020, "district_en": "Dmanisi", "district_ka": "დმანისი", "precinct": 20.0, "name_en": "Dmanisi - 20", "name_ka": "დმანისი - 20" }, "geometry": { "type": "Point", "coordinates": [ 44.1721664, 41.3362192 ] } },
{ "type": "Feature", "properties": { "id": 24021, "district_en": "Dmanisi", "district_ka": "დმანისი", "precinct": 21.0, "name_en": "Dmanisi - 21", "name_ka": "დმანისი - 21" }, "geometry": { "type": "Point", "coordinates": [ 44.224813466053789, 41.353266270442624 ] } },
{ "type": "Feature", "properties": { "id": 24022, "district_en": "Dmanisi", "district_ka": "დმანისი", "precinct": 22.0, "name_en": "Dmanisi - 22", "name_ka": "დმანისი - 22" }, "geometry": { "type": "Point", "coordinates": [ 44.141929149627686, 41.205579122518685 ] } },
{ "type": "Feature", "properties": { "id": 24023, "district_en": "Dmanisi", "district_ka": "დმანისი", "precinct": 23.0, "name_en": "Dmanisi - 23", "name_ka": "დმანისი - 23" }, "geometry": { "type": "Point", "coordinates": [ 44.124305654075627, 41.366177627364102 ] } },
{ "type": "Feature", "properties": { "id": 24024, "district_en": "Dmanisi", "district_ka": "დმანისი", "precinct": 24.0, "name_en": "Dmanisi - 24", "name_ka": "დმანისი - 24" }, "geometry": { "type": "Point", "coordinates": [ 44.138877522090141, 41.350642723584549 ] } },
{ "type": "Feature", "properties": { "id": 24025, "district_en": "Dmanisi", "district_ka": "დმანისი", "precinct": 25.0, "name_en": "Dmanisi - 25", "name_ka": "დმანისი - 25" }, "geometry": { "type": "Point", "coordinates": [ 44.14135784166411, 41.342218992564192 ] } },
{ "type": "Feature", "properties": { "id": 24026, "district_en": "Dmanisi", "district_ka": "დმანისი", "precinct": 26.0, "name_en": "Dmanisi - 26", "name_ka": "დმანისი - 26" }, "geometry": { "type": "Point", "coordinates": [ 44.170335211569977, 41.442732592772735 ] } },
{ "type": "Feature", "properties": { "id": 24027, "district_en": "Dmanisi", "district_ka": "დმანისი", "precinct": 27.0, "name_en": "Dmanisi - 27", "name_ka": "დმანისი - 27" }, "geometry": { "type": "Point", "coordinates": [ 44.236077875007631, 41.469158040442885 ] } },
{ "type": "Feature", "properties": { "id": 24028, "district_en": "Dmanisi", "district_ka": "დმანისი", "precinct": 28.0, "name_en": "Dmanisi - 28", "name_ka": "დმანისი - 28" }, "geometry": { "type": "Point", "coordinates": [ 44.166356102130116, 41.412956301363842 ] } },
{ "type": "Feature", "properties": { "id": 24029, "district_en": "Dmanisi", "district_ka": "დმანისი", "precinct": 29.0, "name_en": "Dmanisi - 29", "name_ka": "დმანისი - 29" }, "geometry": { "type": "Point", "coordinates": [ 44.160372857672108, 41.382779801184157 ] } },
{ "type": "Feature", "properties": { "id": 24030, "district_en": "Dmanisi", "district_ka": "დმანისი", "precinct": 30.0, "name_en": "Dmanisi - 30", "name_ka": "დმანისი - 30" }, "geometry": { "type": "Point", "coordinates": [ 44.2000806, 41.4115243 ] } },
{ "type": "Feature", "properties": { "id": 24031, "district_en": "Dmanisi", "district_ka": "დმანისი", "precinct": 31.0, "name_en": "Dmanisi - 31", "name_ka": "დმანისი - 31" }, "geometry": { "type": "Point", "coordinates": [ 44.227343534833068, 41.401467759700161 ] } },
{ "type": "Feature", "properties": { "id": 24032, "district_en": "Dmanisi", "district_ka": "დმანისი", "precinct": 32.0, "name_en": "Dmanisi - 32", "name_ka": "დმანისი - 32" }, "geometry": { "type": "Point", "coordinates": [ 44.36353423975909, 41.35143571574001 ] } },
{ "type": "Feature", "properties": { "id": 24033, "district_en": "Dmanisi", "district_ka": "დმანისი", "precinct": 33.0, "name_en": "Dmanisi - 33", "name_ka": "დმანისი - 33" }, "geometry": { "type": "Point", "coordinates": [ 44.271053157677997, 41.256650132113812 ] } },
{ "type": "Feature", "properties": { "id": 24034, "district_en": "Dmanisi", "district_ka": "დმანისი", "precinct": 34.0, "name_en": "Dmanisi - 34", "name_ka": "დმანისი - 34" }, "geometry": { "type": "Point", "coordinates": [ 44.29575116256936, 41.251379814407095 ] } },
{ "type": "Feature", "properties": { "id": 24035, "district_en": "Dmanisi", "district_ka": "დმანისი", "precinct": 35.0, "name_en": "Dmanisi - 35", "name_ka": "დმანისი - 35" }, "geometry": { "type": "Point", "coordinates": [ 44.106101864039658, 41.482702199006809 ] } },
{ "type": "Feature", "properties": { "id": 24036, "district_en": "Dmanisi", "district_ka": "დმანისი", "precinct": 36.0, "name_en": "Dmanisi - 36", "name_ka": "დმანისი - 36" }, "geometry": { "type": "Point", "coordinates": [ 44.233128727261338, 41.32314976945046 ] } },
{ "type": "Feature", "properties": { "id": 24037, "district_en": "Dmanisi", "district_ka": "დმანისი", "precinct": 37.0, "name_en": "Dmanisi - 37", "name_ka": "დმანისი - 37" }, "geometry": { "type": "Point", "coordinates": [ 44.214577887696862, 41.307201380974938 ] } },
{ "type": "Feature", "properties": { "id": 24038, "district_en": "Dmanisi", "district_ka": "დმანისი", "precinct": 38.0, "name_en": "Dmanisi - 38", "name_ka": "დმანისი - 38" }, "geometry": { "type": "Point", "coordinates": [ 44.201511900941476, 41.305054675815619 ] } },
{ "type": "Feature", "properties": { "id": 24039, "district_en": "Dmanisi", "district_ka": "დმანისი", "precinct": 39.0, "name_en": "Dmanisi - 39", "name_ka": "დმანისი - 39" }, "geometry": { "type": "Point", "coordinates": [ 44.184029655680838, 41.293914276850295 ] } },
{ "type": "Feature", "properties": { "id": 24040, "district_en": "Dmanisi", "district_ka": "დმანისი", "precinct": 40.0, "name_en": "Dmanisi - 40", "name_ka": "დმანისი - 40" }, "geometry": { "type": "Point", "coordinates": [ 44.168308751589962, 41.28863472358649 ] } },
{ "type": "Feature", "properties": { "id": 24041, "district_en": "Dmanisi", "district_ka": "დმანისი", "precinct": 41.0, "name_en": "Dmanisi - 41", "name_ka": "დმანისი - 41" }, "geometry": { "type": "Point", "coordinates": [ 44.104717362426747, 41.451000850230152 ] } },
{ "type": "Feature", "properties": { "id": 24042, "district_en": "Dmanisi", "district_ka": "დმანისი", "precinct": 42.0, "name_en": "Dmanisi - 42", "name_ka": "დმანისი - 42" }, "geometry": { "type": "Point", "coordinates": [ 44.067983657216644, 41.43816402634269 ] } },
{ "type": "Feature", "properties": { "id": 24043, "district_en": "Dmanisi", "district_ka": "დმანისი", "precinct": 43.0, "name_en": "Dmanisi - 43", "name_ka": "დმანისი - 43" }, "geometry": { "type": "Point", "coordinates": [ 44.095156128697198, 41.414688438138711 ] } },
{ "type": "Feature", "properties": { "id": 24044, "district_en": "Dmanisi", "district_ka": "დმანისი", "precinct": 44.0, "name_en": "Dmanisi - 44", "name_ka": "დმანისი - 44" }, "geometry": { "type": "Point", "coordinates": [ 44.128122221218106, 41.433910217192249 ] } },
{ "type": "Feature", "properties": { "id": 24045, "district_en": "Dmanisi", "district_ka": "დმანისი", "precinct": 45.0, "name_en": "Dmanisi - 45", "name_ka": "დმანისი - 45" }, "geometry": { "type": "Point", "coordinates": [ 44.101856900748743, 41.400624320537595 ] } },
{ "type": "Feature", "properties": { "id": 24046, "district_en": "Dmanisi", "district_ka": "დმანისი", "precinct": 46.0, "name_en": "Dmanisi - 46", "name_ka": "დმანისი - 46" }, "geometry": { "type": "Point", "coordinates": [ 44.251937895909101, 41.36470859661322 ] } },
{ "type": "Feature", "properties": { "id": 24047, "district_en": "Dmanisi", "district_ka": "დმანისი", "precinct": 47.0, "name_en": "Dmanisi - 47", "name_ka": "დმანისი - 47" }, "geometry": { "type": "Point", "coordinates": [ 44.288320241386423, 41.371583385124275 ] } },
{ "type": "Feature", "properties": { "id": 24048, "district_en": "Dmanisi", "district_ka": "დმანისი", "precinct": 48.0, "name_en": "Dmanisi - 48", "name_ka": "დმანისი - 48" }, "geometry": { "type": "Point", "coordinates": [ 44.207046416619825, 41.326074146784279 ] } },
{ "type": "Feature", "properties": { "id": 24049, "district_en": "Dmanisi", "district_ka": "დმანისი", "precinct": 49.0, "name_en": "Dmanisi - 49", "name_ka": "დმანისი - 49" }, "geometry": { "type": "Point", "coordinates": [ 44.351177489657594, 41.353010419727639 ] } },
{ "type": "Feature", "properties": { "id": 24050, "district_en": "Dmanisi", "district_ka": "დმანისი", "precinct": 50.0, "name_en": "Dmanisi - 50", "name_ka": "დმანისი - 50" }, "geometry": { "type": "Point", "coordinates": [ 44.141440987586975, 41.205788990230907 ] } },
{ "type": "Feature", "properties": { "id": 25001, "district_en": "Tsalka", "district_ka": "წალკა", "precinct": 1.0, "name_en": "Tsalka - 1", "name_ka": "წალკა - 1" }, "geometry": { "type": "Point", "coordinates": [ 44.078794435707451, 41.5953694172577 ] } },
{ "type": "Feature", "properties": { "id": 25002, "district_en": "Tsalka", "district_ka": "წალკა", "precinct": 2.0, "name_en": "Tsalka - 2", "name_ka": "წალკა - 2" }, "geometry": { "type": "Point", "coordinates": [ 44.047794381864001, 41.6052677632319 ] } },
{ "type": "Feature", "properties": { "id": 25003, "district_en": "Tsalka", "district_ka": "წალკა", "precinct": 3.0, "name_en": "Tsalka - 3", "name_ka": "წალკა - 3" }, "geometry": { "type": "Point", "coordinates": [ 44.135161286787856, 41.600221775624405 ] } },
{ "type": "Feature", "properties": { "id": 25004, "district_en": "Tsalka", "district_ka": "წალკა", "precinct": 4.0, "name_en": "Tsalka - 4", "name_ka": "წალკა - 4" }, "geometry": { "type": "Point", "coordinates": [ 44.142384674564738, 41.57340193618451 ] } },
{ "type": "Feature", "properties": { "id": 25005, "district_en": "Tsalka", "district_ka": "წალკა", "precinct": 5.0, "name_en": "Tsalka - 5", "name_ka": "წალკა - 5" }, "geometry": { "type": "Point", "coordinates": [ 44.192591581339897, 41.612451316058568 ] } },
{ "type": "Feature", "properties": { "id": 25006, "district_en": "Tsalka", "district_ka": "წალკა", "precinct": 6.0, "name_en": "Tsalka - 6", "name_ka": "წალკა - 6" }, "geometry": { "type": "Point", "coordinates": [ 44.109841332330959, 41.546855031582162 ] } },
{ "type": "Feature", "properties": { "id": 25007, "district_en": "Tsalka", "district_ka": "წალკა", "precinct": 7.0, "name_en": "Tsalka - 7", "name_ka": "წალკა - 7" }, "geometry": { "type": "Point", "coordinates": [ 44.123629447561044, 41.588225879594745 ] } },
{ "type": "Feature", "properties": { "id": 25008, "district_en": "Tsalka", "district_ka": "წალკა", "precinct": 8.0, "name_en": "Tsalka - 8", "name_ka": "წალკა - 8" }, "geometry": { "type": "Point", "coordinates": [ 44.124445125420415, 41.551779889980367 ] } },
{ "type": "Feature", "properties": { "id": 25009, "district_en": "Tsalka", "district_ka": "წალკა", "precinct": 9.0, "name_en": "Tsalka - 9", "name_ka": "წალკა - 9" }, "geometry": { "type": "Point", "coordinates": [ 44.251615825939048, 41.538179882988779 ] } },
{ "type": "Feature", "properties": { "id": 25010, "district_en": "Tsalka", "district_ka": "წალკა", "precinct": 10.0, "name_en": "Tsalka - 10", "name_ka": "წალკა - 10" }, "geometry": { "type": "Point", "coordinates": [ 44.11960639261622, 41.639346819766764 ] } },
{ "type": "Feature", "properties": { "id": 25011, "district_en": "Tsalka", "district_ka": "წალკა", "precinct": 11.0, "name_en": "Tsalka - 11", "name_ka": "წალკა - 11" }, "geometry": { "type": "Point", "coordinates": [ 44.071146822977326, 41.665405846887595 ] } },
{ "type": "Feature", "properties": { "id": 25012, "district_en": "Tsalka", "district_ka": "წალკა", "precinct": 12.0, "name_en": "Tsalka - 12", "name_ka": "წალკა - 12" }, "geometry": { "type": "Point", "coordinates": [ 44.189406109355268, 41.643418966253719 ] } },
{ "type": "Feature", "properties": { "id": 25013, "district_en": "Tsalka", "district_ka": "წალკა", "precinct": 13.0, "name_en": "Tsalka - 13", "name_ka": "წალკა - 13" }, "geometry": { "type": "Point", "coordinates": [ 44.160006734706243, 41.668425113850098 ] } },
{ "type": "Feature", "properties": { "id": 25014, "district_en": "Tsalka", "district_ka": "წალკა", "precinct": 14.0, "name_en": "Tsalka - 14", "name_ka": "წალკა - 14" }, "geometry": { "type": "Point", "coordinates": [ 44.117421957571892, 41.684934674172126 ] } },
{ "type": "Feature", "properties": { "id": 25015, "district_en": "Tsalka", "district_ka": "წალკა", "precinct": 15.0, "name_en": "Tsalka - 15", "name_ka": "წალკა - 15" }, "geometry": { "type": "Point", "coordinates": [ 44.197375561321536, 41.692845882473321 ] } },
{ "type": "Feature", "properties": { "id": 25016, "district_en": "Tsalka", "district_ka": "წალკა", "precinct": 16.0, "name_en": "Tsalka - 16", "name_ka": "წალკა - 16" }, "geometry": { "type": "Point", "coordinates": [ 44.159421404359335, 41.69687139189201 ] } },
{ "type": "Feature", "properties": { "id": 25017, "district_en": "Tsalka", "district_ka": "წალკა", "precinct": 17.0, "name_en": "Tsalka - 17", "name_ka": "წალკა - 17" }, "geometry": { "type": "Point", "coordinates": [ 44.199340935549458, 41.716646235470378 ] } },
{ "type": "Feature", "properties": { "id": 25018, "district_en": "Tsalka", "district_ka": "წალკა", "precinct": 18.0, "name_en": "Tsalka - 18", "name_ka": "წალკა - 18" }, "geometry": { "type": "Point", "coordinates": [ 44.094067556159288, 41.694493769109037 ] } },
{ "type": "Feature", "properties": { "id": 25019, "district_en": "Tsalka", "district_ka": "წალკა", "precinct": 19.0, "name_en": "Tsalka - 19", "name_ka": "წალკა - 19" }, "geometry": { "type": "Point", "coordinates": [ 43.989048876428157, 41.625282817326067 ] } },
{ "type": "Feature", "properties": { "id": 25020, "district_en": "Tsalka", "district_ka": "წალკა", "precinct": 20.0, "name_en": "Tsalka - 20", "name_ka": "წალკა - 20" }, "geometry": { "type": "Point", "coordinates": [ 43.95214325109955, 41.607651197139894 ] } },
{ "type": "Feature", "properties": { "id": 25021, "district_en": "Tsalka", "district_ka": "წალკა", "precinct": 21.0, "name_en": "Tsalka - 21", "name_ka": "წალკა - 21" }, "geometry": { "type": "Point", "coordinates": [ 43.930763350569777, 41.594349997408415 ] } },
{ "type": "Feature", "properties": { "id": 25022, "district_en": "Tsalka", "district_ka": "წალკა", "precinct": 22.0, "name_en": "Tsalka - 22", "name_ka": "წალკა - 22" }, "geometry": { "type": "Point", "coordinates": [ 43.892693868078688, 41.577875854405612 ] } },
{ "type": "Feature", "properties": { "id": 25023, "district_en": "Tsalka", "district_ka": "წალკა", "precinct": 23.0, "name_en": "Tsalka - 23", "name_ka": "წალკა - 23" }, "geometry": { "type": "Point", "coordinates": [ 43.912515914148706, 41.577600209975778 ] } },
{ "type": "Feature", "properties": { "id": 25024, "district_en": "Tsalka", "district_ka": "წალკა", "precinct": 24.0, "name_en": "Tsalka - 24", "name_ka": "წალკა - 24" }, "geometry": { "type": "Point", "coordinates": [ 43.96726667794951, 41.593789030905889 ] } },
{ "type": "Feature", "properties": { "id": 25025, "district_en": "Tsalka", "district_ka": "წალკა", "precinct": 25.0, "name_en": "Tsalka - 25", "name_ka": "წალკა - 25" }, "geometry": { "type": "Point", "coordinates": [ 44.007534722685619, 41.599247942422053 ] } },
{ "type": "Feature", "properties": { "id": 25026, "district_en": "Tsalka", "district_ka": "წალკა", "precinct": 26.0, "name_en": "Tsalka - 26", "name_ka": "წალკა - 26" }, "geometry": { "type": "Point", "coordinates": [ 43.895933291685125, 41.611402137089719 ] } },
{ "type": "Feature", "properties": { "id": 25027, "district_en": "Tsalka", "district_ka": "წალკა", "precinct": 27.0, "name_en": "Tsalka - 27", "name_ka": "წალკა - 27" }, "geometry": { "type": "Point", "coordinates": [ 43.922788059275526, 41.628928209926698 ] } },
{ "type": "Feature", "properties": { "id": 25028, "district_en": "Tsalka", "district_ka": "წალკა", "precinct": 28.0, "name_en": "Tsalka - 28", "name_ka": "წალკა - 28" }, "geometry": { "type": "Point", "coordinates": [ 43.872287385826738, 41.613650245960343 ] } },
{ "type": "Feature", "properties": { "id": 25029, "district_en": "Tsalka", "district_ka": "წალკა", "precinct": 29.0, "name_en": "Tsalka - 29", "name_ka": "წალკა - 29" }, "geometry": { "type": "Point", "coordinates": [ 43.866844307814823, 41.631094486005679 ] } },
{ "type": "Feature", "properties": { "id": 25030, "district_en": "Tsalka", "district_ka": "წალკა", "precinct": 30.0, "name_en": "Tsalka - 30", "name_ka": "წალკა - 30" }, "geometry": { "type": "Point", "coordinates": [ 43.87777880435376, 41.649433010798546 ] } },
{ "type": "Feature", "properties": { "id": 25031, "district_en": "Tsalka", "district_ka": "წალკა", "precinct": 31.0, "name_en": "Tsalka - 31", "name_ka": "წალკა - 31" }, "geometry": { "type": "Point", "coordinates": [ 43.831507357463174, 41.625583831805329 ] } },
{ "type": "Feature", "properties": { "id": 25032, "district_en": "Tsalka", "district_ka": "წალკა", "precinct": 32.0, "name_en": "Tsalka - 32", "name_ka": "წალკა - 32" }, "geometry": { "type": "Point", "coordinates": [ 43.891529626046349, 41.657720727938326 ] } },
{ "type": "Feature", "properties": { "id": 25033, "district_en": "Tsalka", "district_ka": "წალკა", "precinct": 33.0, "name_en": "Tsalka - 33", "name_ka": "წალკა - 33" }, "geometry": { "type": "Point", "coordinates": [ 43.919763568372119, 41.656640820862258 ] } },
{ "type": "Feature", "properties": { "id": 25034, "district_en": "Tsalka", "district_ka": "წალკა", "precinct": 34.0, "name_en": "Tsalka - 34", "name_ka": "წალკა - 34" }, "geometry": { "type": "Point", "coordinates": [ 43.936591177938304, 41.655109817787171 ] } },
{ "type": "Feature", "properties": { "id": 25035, "district_en": "Tsalka", "district_ka": "წალკა", "precinct": 35.0, "name_en": "Tsalka - 35", "name_ka": "წალკა - 35" }, "geometry": { "type": "Point", "coordinates": [ 43.853042727163327, 41.683125529276097 ] } },
{ "type": "Feature", "properties": { "id": 25036, "district_en": "Tsalka", "district_ka": "წალკა", "precinct": 36.0, "name_en": "Tsalka - 36", "name_ka": "წალკა - 36" }, "geometry": { "type": "Point", "coordinates": [ 43.809361938625379, 41.695589349785436 ] } },
{ "type": "Feature", "properties": { "id": 25037, "district_en": "Tsalka", "district_ka": "წალკა", "precinct": 37.0, "name_en": "Tsalka - 37", "name_ka": "წალკა - 37" }, "geometry": { "type": "Point", "coordinates": [ 43.968750636626652, 41.699594173672402 ] } },
{ "type": "Feature", "properties": { "id": 25038, "district_en": "Tsalka", "district_ka": "წალკა", "precinct": 38.0, "name_en": "Tsalka - 38", "name_ka": "წალკა - 38" }, "geometry": { "type": "Point", "coordinates": [ 44.004478980423393, 41.708094420398638 ] } },
{ "type": "Feature", "properties": { "id": 25039, "district_en": "Tsalka", "district_ka": "წალკა", "precinct": 39.0, "name_en": "Tsalka - 39", "name_ka": "წალკა - 39" }, "geometry": { "type": "Point", "coordinates": [ 44.042218245955546, 41.712705163880308 ] } },
{ "type": "Feature", "properties": { "id": 26001, "district_en": "Tetritskaro", "district_ka": "თეთრიწყარო", "precinct": 1.0, "name_en": "Tetritskaro - 1", "name_ka": "თეთრიწყარო - 1" }, "geometry": { "type": "Point", "coordinates": [ 44.463277, 41.542731 ] } },
{ "type": "Feature", "properties": { "id": 26002, "district_en": "Tetritskaro", "district_ka": "თეთრიწყარო", "precinct": 2.0, "name_en": "Tetritskaro - 2", "name_ka": "თეთრიწყარო - 2" }, "geometry": { "type": "Point", "coordinates": [ 44.467994570732117, 41.548776774394085 ] } },
{ "type": "Feature", "properties": { "id": 26003, "district_en": "Tetritskaro", "district_ka": "თეთრიწყარო", "precinct": 3.0, "name_en": "Tetritskaro - 3", "name_ka": "თეთრიწყარო - 3" }, "geometry": { "type": "Point", "coordinates": [ 44.468044838205138, 41.54877097352734 ] } },
{ "type": "Feature", "properties": { "id": 26004, "district_en": "Tetritskaro", "district_ka": "თეთრიწყარო", "precinct": 4.0, "name_en": "Tetritskaro - 4", "name_ka": "თეთრიწყარო - 4" }, "geometry": { "type": "Point", "coordinates": [ 44.380699396133423, 41.694874259174689 ] } },
{ "type": "Feature", "properties": { "id": 26005, "district_en": "Tetritskaro", "district_ka": "თეთრიწყარო", "precinct": 5.0, "name_en": "Tetritskaro - 5", "name_ka": "თეთრიწყარო - 5" }, "geometry": { "type": "Point", "coordinates": [ 44.371191, 41.693008 ] } },
{ "type": "Feature", "properties": { "id": 26006, "district_en": "Tetritskaro", "district_ka": "თეთრიწყარო", "precinct": 6.0, "name_en": "Tetritskaro - 6", "name_ka": "თეთრიწყარო - 6" }, "geometry": { "type": "Point", "coordinates": [ 44.38627, 41.679683 ] } },
{ "type": "Feature", "properties": { "id": 26007, "district_en": "Tetritskaro", "district_ka": "თეთრიწყარო", "precinct": 7.0, "name_en": "Tetritskaro - 7", "name_ka": "თეთრიწყარო - 7" }, "geometry": { "type": "Point", "coordinates": [ 44.778317034876338, 41.576932084975731 ] } },
{ "type": "Feature", "properties": { "id": 26008, "district_en": "Tetritskaro", "district_ka": "თეთრიწყარო", "precinct": 8.0, "name_en": "Tetritskaro - 8", "name_ka": "თეთრიწყარო - 8" }, "geometry": { "type": "Point", "coordinates": [ 44.775336705811874, 41.579346109931159 ] } },
{ "type": "Feature", "properties": { "id": 26009, "district_en": "Tetritskaro", "district_ka": "თეთრიწყარო", "precinct": 9.0, "name_en": "Tetritskaro - 9", "name_ka": "თეთრიწყარო - 9" }, "geometry": { "type": "Point", "coordinates": [ 44.762128693625115, 41.584329828294813 ] } },
{ "type": "Feature", "properties": { "id": 26010, "district_en": "Tetritskaro", "district_ka": "თეთრიწყარო", "precinct": 10.0, "name_en": "Tetritskaro - 10", "name_ka": "თეთრიწყარო - 10" }, "geometry": { "type": "Point", "coordinates": [ 44.731905933580308, 41.603546801735305 ] } },
{ "type": "Feature", "properties": { "id": 26011, "district_en": "Tetritskaro", "district_ka": "თეთრიწყარო", "precinct": 11.0, "name_en": "Tetritskaro - 11", "name_ka": "თეთრიწყარო - 11" }, "geometry": { "type": "Point", "coordinates": [ 44.739911556243896, 41.612330069393856 ] } },
{ "type": "Feature", "properties": { "id": 26012, "district_en": "Tetritskaro", "district_ka": "თეთრიწყარო", "precinct": 12.0, "name_en": "Tetritskaro - 12", "name_ka": "თეთრიწყარო - 12" }, "geometry": { "type": "Point", "coordinates": [ 44.713371213959249, 41.609336457621161 ] } },
{ "type": "Feature", "properties": { "id": 26013, "district_en": "Tetritskaro", "district_ka": "თეთრიწყარო", "precinct": 13.0, "name_en": "Tetritskaro - 13", "name_ka": "თეთრიწყარო - 13" }, "geometry": { "type": "Point", "coordinates": [ 44.735139906406403, 41.618907339456975 ] } },
{ "type": "Feature", "properties": { "id": 26014, "district_en": "Tetritskaro", "district_ka": "თეთრიწყარო", "precinct": 14.0, "name_en": "Tetritskaro - 14", "name_ka": "თეთრიწყარო - 14" }, "geometry": { "type": "Point", "coordinates": [ 44.670651, 41.59301 ] } },
{ "type": "Feature", "properties": { "id": 26015, "district_en": "Tetritskaro", "district_ka": "თეთრიწყარო", "precinct": 15.0, "name_en": "Tetritskaro - 15", "name_ka": "თეთრიწყარო - 15" }, "geometry": { "type": "Point", "coordinates": [ 44.628694536797035, 41.60789589690561 ] } },
{ "type": "Feature", "properties": { "id": 26016, "district_en": "Tetritskaro", "district_ka": "თეთრიწყარო", "precinct": 16.0, "name_en": "Tetritskaro - 16", "name_ka": "თეთრიწყარო - 16" }, "geometry": { "type": "Point", "coordinates": [ 44.666097439560943, 41.565326815302825 ] } },
{ "type": "Feature", "properties": { "id": 26017, "district_en": "Tetritskaro", "district_ka": "თეთრიწყარო", "precinct": 17.0, "name_en": "Tetritskaro - 17", "name_ka": "თეთრიწყარო - 17" }, "geometry": { "type": "Point", "coordinates": [ 44.619134366512299, 41.57898623226081 ] } },
{ "type": "Feature", "properties": { "id": 26018, "district_en": "Tetritskaro", "district_ka": "თეთრიწყარო", "precinct": 18.0, "name_en": "Tetritskaro - 18", "name_ka": "თეთრიწყარო - 18" }, "geometry": { "type": "Point", "coordinates": [ 44.60350513458252, 41.602302452580311 ] } },
{ "type": "Feature", "properties": { "id": 26019, "district_en": "Tetritskaro", "district_ka": "თეთრიწყარო", "precinct": 19.0, "name_en": "Tetritskaro - 19", "name_ka": "თეთრიწყარო - 19" }, "geometry": { "type": "Point", "coordinates": [ 44.585543930403837, 41.578637612562609 ] } },
{ "type": "Feature", "properties": { "id": 26020, "district_en": "Tetritskaro", "district_ka": "თეთრიწყარო", "precinct": 20.0, "name_en": "Tetritskaro - 20", "name_ka": "თეთრიწყარო - 20" }, "geometry": { "type": "Point", "coordinates": [ 44.535345919113745, 41.571672994461231 ] } },
{ "type": "Feature", "properties": { "id": 26021, "district_en": "Tetritskaro", "district_ka": "თეთრიწყარო", "precinct": 21.0, "name_en": "Tetritskaro - 21", "name_ka": "თეთრიწყარო - 21" }, "geometry": { "type": "Point", "coordinates": [ 44.584890094675316, 41.562937418396061 ] } },
{ "type": "Feature", "properties": { "id": 26022, "district_en": "Tetritskaro", "district_ka": "თეთრიწყარო", "precinct": 22.0, "name_en": "Tetritskaro - 22", "name_ka": "თეთრიწყარო - 22" }, "geometry": { "type": "Point", "coordinates": [ 44.617516994476318, 41.542862874318253 ] } },
{ "type": "Feature", "properties": { "id": 26023, "district_en": "Tetritskaro", "district_ka": "თეთრიწყარო", "precinct": 23.0, "name_en": "Tetritskaro - 23", "name_ka": "თეთრიწყარო - 23" }, "geometry": { "type": "Point", "coordinates": [ 44.613566100597382, 41.498830886705996 ] } },
{ "type": "Feature", "properties": { "id": 26024, "district_en": "Tetritskaro", "district_ka": "თეთრიწყარო", "precinct": 24.0, "name_en": "Tetritskaro - 24", "name_ka": "თეთრიწყარო - 24" }, "geometry": { "type": "Point", "coordinates": [ 44.720154404640198, 41.507643296491587 ] } },
{ "type": "Feature", "properties": { "id": 26025, "district_en": "Tetritskaro", "district_ka": "თეთრიწყარო", "precinct": 25.0, "name_en": "Tetritskaro - 25", "name_ka": "თეთრიწყარო - 25" }, "geometry": { "type": "Point", "coordinates": [ 44.693037271499634, 41.538956111413889 ] } },
{ "type": "Feature", "properties": { "id": 26026, "district_en": "Tetritskaro", "district_ka": "თეთრიწყარო", "precinct": 26.0, "name_en": "Tetritskaro - 26", "name_ka": "თეთრიწყარო - 26" }, "geometry": { "type": "Point", "coordinates": [ 44.75455641746521, 41.537498543322798 ] } },
{ "type": "Feature", "properties": { "id": 26027, "district_en": "Tetritskaro", "district_ka": "თეთრიწყარო", "precinct": 27.0, "name_en": "Tetritskaro - 27", "name_ka": "თეთრიწყარო - 27" }, "geometry": { "type": "Point", "coordinates": [ 44.491300284862518, 41.514436088472877 ] } },
{ "type": "Feature", "properties": { "id": 26028, "district_en": "Tetritskaro", "district_ka": "თეთრიწყარო", "precinct": 28.0, "name_en": "Tetritskaro - 28", "name_ka": "თეთრიწყარო - 28" }, "geometry": { "type": "Point", "coordinates": [ 44.530720710754395, 41.527037621267752 ] } },
{ "type": "Feature", "properties": { "id": 26029, "district_en": "Tetritskaro", "district_ka": "თეთრიწყარო", "precinct": 29.0, "name_en": "Tetritskaro - 29", "name_ka": "თეთრიწყარო - 29" }, "geometry": { "type": "Point", "coordinates": [ 44.417370557785034, 41.529579720681603 ] } },
{ "type": "Feature", "properties": { "id": 26030, "district_en": "Tetritskaro", "district_ka": "თეთრიწყარო", "precinct": 30.0, "name_en": "Tetritskaro - 30", "name_ka": "თეთრიწყარო - 30" }, "geometry": { "type": "Point", "coordinates": [ 44.411375820636749, 41.505295178679141 ] } },
{ "type": "Feature", "properties": { "id": 26031, "district_en": "Tetritskaro", "district_ka": "თეთრიწყარო", "precinct": 31.0, "name_en": "Tetritskaro - 31", "name_ka": "თეთრიწყარო - 31" }, "geometry": { "type": "Point", "coordinates": [ 44.381123185157776, 41.497790272263522 ] } },
{ "type": "Feature", "properties": { "id": 26032, "district_en": "Tetritskaro", "district_ka": "თეთრიწყარო", "precinct": 32.0, "name_en": "Tetritskaro - 32", "name_ka": "თეთრიწყარო - 32" }, "geometry": { "type": "Point", "coordinates": [ 44.25218939781189, 41.583004933959806 ] } },
{ "type": "Feature", "properties": { "id": 26033, "district_en": "Tetritskaro", "district_ka": "თეთრიწყარო", "precinct": 33.0, "name_en": "Tetritskaro - 33", "name_ka": "თეთრიწყარო - 33" }, "geometry": { "type": "Point", "coordinates": [ 44.33957040309906, 41.550872405505174 ] } },
{ "type": "Feature", "properties": { "id": 26034, "district_en": "Tetritskaro", "district_ka": "თეთრიწყარო", "precinct": 34.0, "name_en": "Tetritskaro - 34", "name_ka": "თეთრიწყარო - 34" }, "geometry": { "type": "Point", "coordinates": [ 44.32209964760208, 41.541046621808412 ] } },
{ "type": "Feature", "properties": { "id": 26035, "district_en": "Tetritskaro", "district_ka": "თეთრიწყარო", "precinct": 35.0, "name_en": "Tetritskaro - 35", "name_ka": "თეთრიწყარო - 35" }, "geometry": { "type": "Point", "coordinates": [ 44.343851208686829, 41.653597350051065 ] } },
{ "type": "Feature", "properties": { "id": 26036, "district_en": "Tetritskaro", "district_ka": "თეთრიწყარო", "precinct": 36.0, "name_en": "Tetritskaro - 36", "name_ka": "თეთრიწყარო - 36" }, "geometry": { "type": "Point", "coordinates": [ 44.310575723648071, 41.700687121387418 ] } },
{ "type": "Feature", "properties": { "id": 26037, "district_en": "Tetritskaro", "district_ka": "თეთრიწყარო", "precinct": 37.0, "name_en": "Tetritskaro - 37", "name_ka": "თეთრიწყარო - 37" }, "geometry": { "type": "Point", "coordinates": [ 44.423458484190192, 41.687470179698977 ] } },
{ "type": "Feature", "properties": { "id": 26038, "district_en": "Tetritskaro", "district_ka": "თეთრიწყარო", "precinct": 38.0, "name_en": "Tetritskaro - 38", "name_ka": "თეთრიწყარო - 38" }, "geometry": { "type": "Point", "coordinates": [ 44.532265663146973, 41.665197947858566 ] } },
{ "type": "Feature", "properties": { "id": 26039, "district_en": "Tetritskaro", "district_ka": "თეთრიწყარო", "precinct": 39.0, "name_en": "Tetritskaro - 39", "name_ka": "თეთრიწყარო - 39" }, "geometry": { "type": "Point", "coordinates": [ 44.515969251412187, 41.695515091784607 ] } },
{ "type": "Feature", "properties": { "id": 26040, "district_en": "Tetritskaro", "district_ka": "თეთრიწყარო", "precinct": 40.0, "name_en": "Tetritskaro - 40", "name_ka": "თეთრიწყარო - 40" }, "geometry": { "type": "Point", "coordinates": [ 44.459710766381001, 41.663777532783548 ] } },
{ "type": "Feature", "properties": { "id": 27001, "district_en": "Mtskheta", "district_ka": "მცხეთა", "precinct": 1.0, "name_en": "Mtskheta - 1", "name_ka": "მცხეთა - 1" }, "geometry": { "type": "Point", "coordinates": [ 44.720674767990005, 41.846095601671195 ] } },
{ "type": "Feature", "properties": { "id": 27002, "district_en": "Mtskheta", "district_ka": "მცხეთა", "precinct": 2.0, "name_en": "Mtskheta - 2", "name_ka": "მცხეთა - 2" }, "geometry": { "type": "Point", "coordinates": [ 44.723788859508382, 41.861487244095713 ] } },
{ "type": "Feature", "properties": { "id": 27003, "district_en": "Mtskheta", "district_ka": "მცხეთა", "precinct": 3.0, "name_en": "Mtskheta - 3", "name_ka": "მცხეთა - 3" }, "geometry": { "type": "Point", "coordinates": [ 44.718270148965416, 41.882239575956099 ] } },
{ "type": "Feature", "properties": { "id": 27004, "district_en": "Mtskheta", "district_ka": "მცხეთა", "precinct": 4.0, "name_en": "Mtskheta - 4", "name_ka": "მცხეთა - 4" }, "geometry": { "type": "Point", "coordinates": [ 44.714322028206986, 41.840847227227691 ] } },
{ "type": "Feature", "properties": { "id": 27005, "district_en": "Mtskheta", "district_ka": "მცხეთა", "precinct": 5.0, "name_en": "Mtskheta - 5", "name_ka": "მცხეთა - 5" }, "geometry": { "type": "Point", "coordinates": [ 44.700827036584528, 41.838326029589531 ] } },
{ "type": "Feature", "properties": { "id": 27006, "district_en": "Mtskheta", "district_ka": "მცხეთა", "precinct": 6.0, "name_en": "Mtskheta - 6", "name_ka": "მცხეთა - 6" }, "geometry": { "type": "Point", "coordinates": [ 44.601632952690125, 41.846379370353482 ] } },
{ "type": "Feature", "properties": { "id": 27007, "district_en": "Mtskheta", "district_ka": "მცხეთა", "precinct": 7.0, "name_en": "Mtskheta - 7", "name_ka": "მცხეთა - 7" }, "geometry": { "type": "Point", "coordinates": [ 44.54144316891108, 41.837682168928758 ] } },
{ "type": "Feature", "properties": { "id": 27008, "district_en": "Mtskheta", "district_ka": "მცხეთა", "precinct": 8.0, "name_en": "Mtskheta - 8", "name_ka": "მცხეთა - 8" }, "geometry": { "type": "Point", "coordinates": [ 44.674462585250126, 41.883875910196629 ] } },
{ "type": "Feature", "properties": { "id": 27009, "district_en": "Mtskheta", "district_ka": "მცხეთა", "precinct": 9.0, "name_en": "Mtskheta - 9", "name_ka": "მცხეთა - 9" }, "geometry": { "type": "Point", "coordinates": [ 44.662065044993611, 41.88625472064539 ] } },
{ "type": "Feature", "properties": { "id": 27010, "district_en": "Mtskheta", "district_ka": "მცხეთა", "precinct": 10.0, "name_en": "Mtskheta - 10", "name_ka": "მცხეთა - 10" }, "geometry": { "type": "Point", "coordinates": [ 44.569323062896729, 41.860602082375884 ] } },
{ "type": "Feature", "properties": { "id": 27011, "district_en": "Mtskheta", "district_ka": "მცხეთა", "precinct": 11.0, "name_en": "Mtskheta - 11", "name_ka": "მცხეთა - 11" }, "geometry": { "type": "Point", "coordinates": [ 44.581272840368911, 41.893618237760712 ] } },
{ "type": "Feature", "properties": { "id": 27012, "district_en": "Mtskheta", "district_ka": "მცხეთა", "precinct": 12.0, "name_en": "Mtskheta - 12", "name_ka": "მცხეთა - 12" }, "geometry": { "type": "Point", "coordinates": [ 44.60262149817811, 41.905342419000668 ] } },
{ "type": "Feature", "properties": { "id": 27013, "district_en": "Mtskheta", "district_ka": "მცხეთა", "precinct": 13.0, "name_en": "Mtskheta - 13", "name_ka": "მცხეთა - 13" }, "geometry": { "type": "Point", "coordinates": [ 44.587417244911194, 41.919081913949881 ] } },
{ "type": "Feature", "properties": { "id": 27014, "district_en": "Mtskheta", "district_ka": "მცხეთა", "precinct": 14.0, "name_en": "Mtskheta - 14", "name_ka": "მცხეთა - 14" }, "geometry": { "type": "Point", "coordinates": [ 44.576817107591125, 41.926201571195307 ] } },
{ "type": "Feature", "properties": { "id": 27015, "district_en": "Mtskheta", "district_ka": "მცხეთა", "precinct": 15.0, "name_en": "Mtskheta - 15", "name_ka": "მცხეთა - 15" }, "geometry": { "type": "Point", "coordinates": [ 44.573668656542615, 41.935080967855683 ] } },
{ "type": "Feature", "properties": { "id": 27016, "district_en": "Mtskheta", "district_ka": "მცხეთა", "precinct": 16.0, "name_en": "Mtskheta - 16", "name_ka": "მცხეთა - 16" }, "geometry": { "type": "Point", "coordinates": [ 44.578244090080261, 41.937467590537146 ] } },
{ "type": "Feature", "properties": { "id": 27017, "district_en": "Mtskheta", "district_ka": "მცხეთა", "precinct": 17.0, "name_en": "Mtskheta - 17", "name_ka": "მცხეთა - 17" }, "geometry": { "type": "Point", "coordinates": [ 44.582244255934171, 41.946973577616447 ] } },
{ "type": "Feature", "properties": { "id": 27018, "district_en": "Mtskheta", "district_ka": "მცხეთა", "precinct": 18.0, "name_en": "Mtskheta - 18", "name_ka": "მცხეთა - 18" }, "geometry": { "type": "Point", "coordinates": [ 44.520842134952545, 41.983535701945023 ] } },
{ "type": "Feature", "properties": { "id": 27019, "district_en": "Mtskheta", "district_ka": "მცხეთა", "precinct": 19.0, "name_en": "Mtskheta - 19", "name_ka": "მცხეთა - 19" }, "geometry": { "type": "Point", "coordinates": [ 44.569889008998871, 41.964232934238268 ] } },
{ "type": "Feature", "properties": { "id": 27020, "district_en": "Mtskheta", "district_ka": "მცხეთა", "precinct": 20.0, "name_en": "Mtskheta - 20", "name_ka": "მცხეთა - 20" }, "geometry": { "type": "Point", "coordinates": [ 44.611026048660278, 41.960567140447786 ] } },
{ "type": "Feature", "properties": { "id": 27021, "district_en": "Mtskheta", "district_ka": "მცხეთა", "precinct": 21.0, "name_en": "Mtskheta - 21", "name_ka": "მცხეთა - 21" }, "geometry": { "type": "Point", "coordinates": [ 44.600866017157841, 41.96458632913594 ] } },
{ "type": "Feature", "properties": { "id": 27022, "district_en": "Mtskheta", "district_ka": "მცხეთა", "precinct": 22.0, "name_en": "Mtskheta - 22", "name_ka": "მცხეთა - 22" }, "geometry": { "type": "Point", "coordinates": [ 44.631437659263611, 41.968654342865257 ] } },
{ "type": "Feature", "properties": { "id": 27023, "district_en": "Mtskheta", "district_ka": "მცხეთა", "precinct": 23.0, "name_en": "Mtskheta - 23", "name_ka": "მცხეთა - 23" }, "geometry": { "type": "Point", "coordinates": [ 44.656575085590013, 41.950486432814763 ] } },
{ "type": "Feature", "properties": { "id": 27024, "district_en": "Mtskheta", "district_ka": "მცხეთა", "precinct": 24.0, "name_en": "Mtskheta - 24", "name_ka": "მცხეთა - 24" }, "geometry": { "type": "Point", "coordinates": [ 44.670571088790894, 41.946807563294719 ] } },
{ "type": "Feature", "properties": { "id": 27025, "district_en": "Mtskheta", "district_ka": "მცხეთა", "precinct": 25.0, "name_en": "Mtskheta - 25", "name_ka": "მცხეთა - 25" }, "geometry": { "type": "Point", "coordinates": [ 44.692740485006652, 41.936047438416956 ] } },
{ "type": "Feature", "properties": { "id": 27026, "district_en": "Mtskheta", "district_ka": "მცხეთა", "precinct": 26.0, "name_en": "Mtskheta - 26", "name_ka": "მცხეთა - 26" }, "geometry": { "type": "Point", "coordinates": [ 44.693056046962738, 41.901274876468726 ] } },
{ "type": "Feature", "properties": { "id": 27027, "district_en": "Mtskheta", "district_ka": "მცხეთა", "precinct": 27.0, "name_en": "Mtskheta - 27", "name_ka": "მცხეთა - 27" }, "geometry": { "type": "Point", "coordinates": [ 44.693756103515625, 41.900659994849541 ] } },
{ "type": "Feature", "properties": { "id": 27028, "district_en": "Mtskheta", "district_ka": "მცხეთა", "precinct": 28.0, "name_en": "Mtskheta - 28", "name_ka": "მცხეთა - 28" }, "geometry": { "type": "Point", "coordinates": [ 44.693756103515625, 41.900659994849541 ] } },
{ "type": "Feature", "properties": { "id": 27029, "district_en": "Mtskheta", "district_ka": "მცხეთა", "precinct": 29.0, "name_en": "Mtskheta - 29", "name_ka": "მცხეთა - 29" }, "geometry": { "type": "Point", "coordinates": [ 44.727991819381714, 41.920109743939818 ] } },
{ "type": "Feature", "properties": { "id": 27030, "district_en": "Mtskheta", "district_ka": "მცხეთა", "precinct": 30.0, "name_en": "Mtskheta - 30", "name_ka": "მცხეთა - 30" }, "geometry": { "type": "Point", "coordinates": [ 44.742193591916205, 41.942980883108653 ] } },
{ "type": "Feature", "properties": { "id": 27031, "district_en": "Mtskheta", "district_ka": "მცხეთა", "precinct": 31.0, "name_en": "Mtskheta - 31", "name_ka": "მცხეთა - 31" }, "geometry": { "type": "Point", "coordinates": [ 44.745097607374191, 41.978995690738643 ] } },
{ "type": "Feature", "properties": { "id": 27032, "district_en": "Mtskheta", "district_ka": "მცხეთა", "precinct": 32.0, "name_en": "Mtskheta - 32", "name_ka": "მცხეთა - 32" }, "geometry": { "type": "Point", "coordinates": [ 44.673245651054273, 41.976394918093241 ] } },
{ "type": "Feature", "properties": { "id": 27033, "district_en": "Mtskheta", "district_ka": "მცხეთა", "precinct": 33.0, "name_en": "Mtskheta - 33", "name_ka": "მცხეთა - 33" }, "geometry": { "type": "Point", "coordinates": [ 44.76230263710022, 41.903301148988845 ] } },
{ "type": "Feature", "properties": { "id": 27034, "district_en": "Mtskheta", "district_ka": "მცხეთა", "precinct": 34.0, "name_en": "Mtskheta - 34", "name_ka": "მცხეთა - 34" }, "geometry": { "type": "Point", "coordinates": [ 44.813912361860275, 41.906905359559282 ] } },
{ "type": "Feature", "properties": { "id": 27035, "district_en": "Mtskheta", "district_ka": "მცხეთა", "precinct": 35.0, "name_en": "Mtskheta - 35", "name_ka": "მცხეთა - 35" }, "geometry": { "type": "Point", "coordinates": [ 44.814633507131973, 41.917463402449656 ] } },
{ "type": "Feature", "properties": { "id": 27036, "district_en": "Mtskheta", "district_ka": "მცხეთა", "precinct": 36.0, "name_en": "Mtskheta - 36", "name_ka": "მცხეთა - 36" }, "geometry": { "type": "Point", "coordinates": [ 44.79330793912392, 41.938170823341004 ] } },
{ "type": "Feature", "properties": { "id": 27037, "district_en": "Mtskheta", "district_ka": "მცხეთა", "precinct": 37.0, "name_en": "Mtskheta - 37", "name_ka": "მცხეთა - 37" }, "geometry": { "type": "Point", "coordinates": [ 44.910923838615417, 41.874503079722629 ] } },
{ "type": "Feature", "properties": { "id": 27038, "district_en": "Mtskheta", "district_ka": "მცხეთა", "precinct": 38.0, "name_en": "Mtskheta - 38", "name_ka": "მცხეთა - 38" }, "geometry": { "type": "Point", "coordinates": [ 44.633272290229797, 41.740185639775255 ] } },
{ "type": "Feature", "properties": { "id": 27039, "district_en": "Mtskheta", "district_ka": "მცხეთა", "precinct": 39.0, "name_en": "Mtskheta - 39", "name_ka": "მცხეთა - 39" }, "geometry": { "type": "Point", "coordinates": [ 44.678928852081299, 41.755628491492857 ] } },
{ "type": "Feature", "properties": { "id": 28001, "district_en": "Dusheti", "district_ka": "დუშეთი", "precinct": 1.0, "name_en": "Dusheti - 1", "name_ka": "დუშეთი - 1" }, "geometry": { "type": "Point", "coordinates": [ 44.696460082166652, 42.084147202674984 ] } },
{ "type": "Feature", "properties": { "id": 28002, "district_en": "Dusheti", "district_ka": "დუშეთი", "precinct": 2.0, "name_en": "Dusheti - 2", "name_ka": "დუშეთი - 2" }, "geometry": { "type": "Point", "coordinates": [ 44.692493245934678, 42.082933612942014 ] } },
{ "type": "Feature", "properties": { "id": 28003, "district_en": "Dusheti", "district_ka": "დუშეთი", "precinct": 3.0, "name_en": "Dusheti - 3", "name_ka": "დუშეთი - 3" }, "geometry": { "type": "Point", "coordinates": [ 44.692888269311524, 42.086641188939538 ] } },
{ "type": "Feature", "properties": { "id": 28004, "district_en": "Dusheti", "district_ka": "დუშეთი", "precinct": 4.0, "name_en": "Dusheti - 4", "name_ka": "დუშეთი - 4" }, "geometry": { "type": "Point", "coordinates": [ 44.690485883144525, 42.085780734532143 ] } },
{ "type": "Feature", "properties": { "id": 28005, "district_en": "Dusheti", "district_ka": "დუშეთი", "precinct": 5.0, "name_en": "Dusheti - 5", "name_ka": "დუშეთი - 5" }, "geometry": { "type": "Point", "coordinates": [ 44.750618934631348, 42.076812313764407 ] } },
{ "type": "Feature", "properties": { "id": 28006, "district_en": "Dusheti", "district_ka": "დუშეთი", "precinct": 6.0, "name_en": "Dusheti - 6", "name_ka": "დუშეთი - 6" }, "geometry": { "type": "Point", "coordinates": [ 44.768729209899902, 42.105561807425005 ] } },
{ "type": "Feature", "properties": { "id": 28007, "district_en": "Dusheti", "district_ka": "დუშეთი", "precinct": 7.0, "name_en": "Dusheti - 7", "name_ka": "დუშეთი - 7" }, "geometry": { "type": "Point", "coordinates": [ 44.770241975784302, 42.107698988143738 ] } },
{ "type": "Feature", "properties": { "id": 28008, "district_en": "Dusheti", "district_ka": "დუშეთი", "precinct": 8.0, "name_en": "Dusheti - 8", "name_ka": "დუშეთი - 8" }, "geometry": { "type": "Point", "coordinates": [ 44.688606321924304, 42.147193604220348 ] } },
{ "type": "Feature", "properties": { "id": 28009, "district_en": "Dusheti", "district_ka": "დუშეთი", "precinct": 9.0, "name_en": "Dusheti - 9", "name_ka": "დუშეთი - 9" }, "geometry": { "type": "Point", "coordinates": [ 44.691867828369141, 42.175448436849962 ] } },
{ "type": "Feature", "properties": { "id": 28010, "district_en": "Dusheti", "district_ka": "დუშეთი", "precinct": 10.0, "name_en": "Dusheti - 10", "name_ka": "დუშეთი - 10" }, "geometry": { "type": "Point", "coordinates": [ 44.677482017902115, 42.188384924859363 ] } },
{ "type": "Feature", "properties": { "id": 28011, "district_en": "Dusheti", "district_ka": "დუშეთი", "precinct": 11.0, "name_en": "Dusheti - 11", "name_ka": "დუშეთი - 11" }, "geometry": { "type": "Point", "coordinates": [ 44.677383899688721, 42.270957862425377 ] } },
{ "type": "Feature", "properties": { "id": 28012, "district_en": "Dusheti", "district_ka": "დუშეთი", "precinct": 12.0, "name_en": "Dusheti - 12", "name_ka": "დუშეთი - 12" }, "geometry": { "type": "Point", "coordinates": [ 44.7141323, 42.3283907 ] } },
{ "type": "Feature", "properties": { "id": 28013, "district_en": "Dusheti", "district_ka": "დუშეთი", "precinct": 13.0, "name_en": "Dusheti - 13", "name_ka": "დუშეთი - 13" }, "geometry": { "type": "Point", "coordinates": [ 44.693418145179749, 42.346884714000332 ] } },
{ "type": "Feature", "properties": { "id": 28014, "district_en": "Dusheti", "district_ka": "დუშეთი", "precinct": 14.0, "name_en": "Dusheti - 14", "name_ka": "დუშეთი - 14" }, "geometry": { "type": "Point", "coordinates": [ 44.755007174868773, 42.399824565252374 ] } },
{ "type": "Feature", "properties": { "id": 28015, "district_en": "Dusheti", "district_ka": "დუშეთი", "precinct": 15.0, "name_en": "Dusheti - 15", "name_ka": "დუშეთი - 15" }, "geometry": { "type": "Point", "coordinates": [ 44.746964692698654, 42.424745656750254 ] } },
{ "type": "Feature", "properties": { "id": 28016, "district_en": "Dusheti", "district_ka": "დუშეთი", "precinct": 16.0, "name_en": "Dusheti - 16", "name_ka": "დუშეთი - 16" }, "geometry": { "type": "Point", "coordinates": [ 44.589031155958537, 42.417835681433253 ] } },
{ "type": "Feature", "properties": { "id": 28017, "district_en": "Dusheti", "district_ka": "დუშეთი", "precinct": 17.0, "name_en": "Dusheti - 17", "name_ka": "დუშეთი - 17" }, "geometry": { "type": "Point", "coordinates": [ 44.554892096621487, 42.426031052479011 ] } },
{ "type": "Feature", "properties": { "id": 28018, "district_en": "Dusheti", "district_ka": "დუშეთი", "precinct": 18.0, "name_en": "Dusheti - 18", "name_ka": "დუშეთი - 18" }, "geometry": { "type": "Point", "coordinates": [ 44.510817106520228, 42.428379628104324 ] } },
{ "type": "Feature", "properties": { "id": 28019, "district_en": "Dusheti", "district_ka": "დუშეთი", "precinct": 19.0, "name_en": "Dusheti - 19", "name_ka": "დუშეთი - 19" }, "geometry": { "type": "Point", "coordinates": [ 44.495057741206182, 42.454735440194696 ] } },
{ "type": "Feature", "properties": { "id": 28020, "district_en": "Dusheti", "district_ka": "დუშეთი", "precinct": 20.0, "name_en": "Dusheti - 20", "name_ka": "დუშეთი - 20" }, "geometry": { "type": "Point", "coordinates": [ 44.531975665582053, 42.465532991753463 ] } },
{ "type": "Feature", "properties": { "id": 28021, "district_en": "Dusheti", "district_ka": "დუშეთი", "precinct": 21.0, "name_en": "Dusheti - 21", "name_ka": "დუშეთი - 21" }, "geometry": { "type": "Point", "coordinates": [ 44.825345514974842, 42.198505269227482 ] } },
{ "type": "Feature", "properties": { "id": 28022, "district_en": "Dusheti", "district_ka": "დუშეთი", "precinct": 22.0, "name_en": "Dusheti - 22", "name_ka": "დუშეთი - 22" }, "geometry": { "type": "Point", "coordinates": [ 44.759155946013564, 42.201520173833373 ] } },
{ "type": "Feature", "properties": { "id": 28023, "district_en": "Dusheti", "district_ka": "დუშეთი", "precinct": 23.0, "name_en": "Dusheti - 23", "name_ka": "დუშეთი - 23" }, "geometry": { "type": "Point", "coordinates": [ 44.866937538907706, 42.285955461154096 ] } },
{ "type": "Feature", "properties": { "id": 28024, "district_en": "Dusheti", "district_ka": "დუშეთი", "precinct": 24.0, "name_en": "Dusheti - 24", "name_ka": "დუშეთი - 24" }, "geometry": { "type": "Point", "coordinates": [ 44.929507576397285, 42.32210510192759 ] } },
{ "type": "Feature", "properties": { "id": 28025, "district_en": "Dusheti", "district_ka": "დუშეთი", "precinct": 25.0, "name_en": "Dusheti - 25", "name_ka": "დუშეთი - 25" }, "geometry": { "type": "Point", "coordinates": [ 44.995726728063971, 42.416794566471751 ] } },
{ "type": "Feature", "properties": { "id": 28026, "district_en": "Dusheti", "district_ka": "დუშეთი", "precinct": 26.0, "name_en": "Dusheti - 26", "name_ka": "დუშეთი - 26" }, "geometry": { "type": "Point", "coordinates": [ 44.926915469454158, 42.472669579898422 ] } },
{ "type": "Feature", "properties": { "id": 28027, "district_en": "Dusheti", "district_ka": "დუშეთი", "precinct": 27.0, "name_en": "Dusheti - 27", "name_ka": "დუშეთი - 27" }, "geometry": { "type": "Point", "coordinates": [ 44.959608067597962, 42.535323537827935 ] } },
{ "type": "Feature", "properties": { "id": 28028, "district_en": "Dusheti", "district_ka": "დუშეთი", "precinct": 28.0, "name_en": "Dusheti - 28", "name_ka": "დუშეთი - 28" }, "geometry": { "type": "Point", "coordinates": [ 45.158801505649727, 42.660211520505236 ] } },
{ "type": "Feature", "properties": { "id": 28029, "district_en": "Dusheti", "district_ka": "დუშეთი", "precinct": 29.0, "name_en": "Dusheti - 29", "name_ka": "დუშეთი - 29" }, "geometry": { "type": "Point", "coordinates": [ 44.677008390426636, 42.082474072343615 ] } },
{ "type": "Feature", "properties": { "id": 28030, "district_en": "Dusheti", "district_ka": "დუშეთი", "precinct": 30.0, "name_en": "Dusheti - 30", "name_ka": "დუშეთი - 30" }, "geometry": { "type": "Point", "coordinates": [ 44.650304317474365, 42.073069383077659 ] } },
{ "type": "Feature", "properties": { "id": 28031, "district_en": "Dusheti", "district_ka": "დუშეთი", "precinct": 31.0, "name_en": "Dusheti - 31", "name_ka": "დუშეთი - 31" }, "geometry": { "type": "Point", "coordinates": [ 44.707571578048714, 42.012758599439444 ] } },
{ "type": "Feature", "properties": { "id": 28032, "district_en": "Dusheti", "district_ka": "დუშეთი", "precinct": 32.0, "name_en": "Dusheti - 32", "name_ka": "დუშეთი - 32" }, "geometry": { "type": "Point", "coordinates": [ 44.720299243927002, 42.044026299619617 ] } },
{ "type": "Feature", "properties": { "id": 28033, "district_en": "Dusheti", "district_ka": "დუშეთი", "precinct": 33.0, "name_en": "Dusheti - 33", "name_ka": "დუშეთი - 33" }, "geometry": { "type": "Point", "coordinates": [ 44.661673236523505, 42.052241213899975 ] } },
{ "type": "Feature", "properties": { "id": 28034, "district_en": "Dusheti", "district_ka": "დუშეთი", "precinct": 34.0, "name_en": "Dusheti - 34", "name_ka": "დუშეთი - 34" }, "geometry": { "type": "Point", "coordinates": [ 44.618490335195943, 42.044829124950297 ] } },
{ "type": "Feature", "properties": { "id": 28035, "district_en": "Dusheti", "district_ka": "დუშეთი", "precinct": 35.0, "name_en": "Dusheti - 35", "name_ka": "დუშეთი - 35" }, "geometry": { "type": "Point", "coordinates": [ 44.598256349531766, 42.046934392565532 ] } },
{ "type": "Feature", "properties": { "id": 28036, "district_en": "Dusheti", "district_ka": "დუშეთი", "precinct": 36.0, "name_en": "Dusheti - 36", "name_ka": "დუშეთი - 36" }, "geometry": { "type": "Point", "coordinates": [ 44.563057422637939, 42.086956934892072 ] } },
{ "type": "Feature", "properties": { "id": 28037, "district_en": "Dusheti", "district_ka": "დუშეთი", "precinct": 37.0, "name_en": "Dusheti - 37", "name_ka": "დუშეთი - 37" }, "geometry": { "type": "Point", "coordinates": [ 44.565730293917845, 42.028748171097625 ] } },
{ "type": "Feature", "properties": { "id": 28038, "district_en": "Dusheti", "district_ka": "დუშეთი", "precinct": 38.0, "name_en": "Dusheti - 38", "name_ka": "დუშეთი - 38" }, "geometry": { "type": "Point", "coordinates": [ 44.597391397261795, 42.018505213657683 ] } },
{ "type": "Feature", "properties": { "id": 28039, "district_en": "Dusheti", "district_ka": "დუშეთი", "precinct": 39.0, "name_en": "Dusheti - 39", "name_ka": "დუშეთი - 39" }, "geometry": { "type": "Point", "coordinates": [ 44.601823338623035, 41.99542158214178 ] } },
{ "type": "Feature", "properties": { "id": 28040, "district_en": "Dusheti", "district_ka": "დუშეთი", "precinct": 40.0, "name_en": "Dusheti - 40", "name_ka": "დუშეთი - 40" }, "geometry": { "type": "Point", "coordinates": [ 44.496891069284132, 42.050679879019917 ] } },
{ "type": "Feature", "properties": { "id": 28041, "district_en": "Dusheti", "district_ka": "დუშეთი", "precinct": 41.0, "name_en": "Dusheti - 41", "name_ka": "დუშეთი - 41" }, "geometry": { "type": "Point", "coordinates": [ 44.751319289216553, 41.998289997771593 ] } },
{ "type": "Feature", "properties": { "id": 28042, "district_en": "Dusheti", "district_ka": "დუშეთი", "precinct": 42.0, "name_en": "Dusheti - 42", "name_ka": "დუშეთი - 42" }, "geometry": { "type": "Point", "coordinates": [ 44.763219136479847, 42.013094213845285 ] } },
{ "type": "Feature", "properties": { "id": 28043, "district_en": "Dusheti", "district_ka": "დუშეთი", "precinct": 43.0, "name_en": "Dusheti - 43", "name_ka": "დუშეთი - 43" }, "geometry": { "type": "Point", "coordinates": [ 44.771799579237381, 41.976414128640258 ] } },
{ "type": "Feature", "properties": { "id": 28044, "district_en": "Dusheti", "district_ka": "დუშეთი", "precinct": 44.0, "name_en": "Dusheti - 44", "name_ka": "დუშეთი - 44" }, "geometry": { "type": "Point", "coordinates": [ 44.811926484096603, 41.95362987627432 ] } },
{ "type": "Feature", "properties": { "id": 28045, "district_en": "Dusheti", "district_ka": "დუშეთი", "precinct": 45.0, "name_en": "Dusheti - 45", "name_ka": "დუშეთი - 45" }, "geometry": { "type": "Point", "coordinates": [ 44.794672711123255, 42.00754671058413 ] } },
{ "type": "Feature", "properties": { "id": 28046, "district_en": "Dusheti", "district_ka": "დუშეთი", "precinct": 46.0, "name_en": "Dusheti - 46", "name_ka": "დუშეთი - 46" }, "geometry": { "type": "Point", "coordinates": [ 44.761004447937012, 42.047651436121555 ] } },
{ "type": "Feature", "properties": { "id": 28047, "district_en": "Dusheti", "district_ka": "დუშეთი", "precinct": 47.0, "name_en": "Dusheti - 47", "name_ka": "დუშეთი - 47" }, "geometry": { "type": "Point", "coordinates": [ 44.856681119508607, 42.080398184040426 ] } },
{ "type": "Feature", "properties": { "id": 28048, "district_en": "Dusheti", "district_ka": "დუშეთი", "precinct": 48.0, "name_en": "Dusheti - 48", "name_ka": "დუშეთი - 48" }, "geometry": { "type": "Point", "coordinates": [ 44.7198976, 42.1000246 ] } },
{ "type": "Feature", "properties": { "id": 28049, "district_en": "Dusheti", "district_ka": "დუშეთი", "precinct": 49.0, "name_en": "Dusheti - 49", "name_ka": "დუშეთი - 49" }, "geometry": { "type": "Point", "coordinates": [ 44.637575265467838, 42.117010290554951 ] } },
{ "type": "Feature", "properties": { "id": 29001, "district_en": "Kazbegi", "district_ka": "ყაზბეგი", "precinct": 1.0, "name_en": "Kazbegi - 1", "name_ka": "ყაზბეგი - 1" }, "geometry": { "type": "Point", "coordinates": [ 44.641813053284864, 42.658658690674983 ] } },
{ "type": "Feature", "properties": { "id": 29002, "district_en": "Kazbegi", "district_ka": "ყაზბეგი", "precinct": 2.0, "name_en": "Kazbegi - 2", "name_ka": "ყაზბეგი - 2" }, "geometry": { "type": "Point", "coordinates": [ 44.631107979816669, 42.662522257955267 ] } },
{ "type": "Feature", "properties": { "id": 29003, "district_en": "Kazbegi", "district_ka": "ყაზბეგი", "precinct": 3.0, "name_en": "Kazbegi - 3", "name_ka": "ყაზბეგი - 3" }, "geometry": { "type": "Point", "coordinates": [ 44.639988334749596, 42.609772977838801 ] } },
{ "type": "Feature", "properties": { "id": 29004, "district_en": "Kazbegi", "district_ka": "ყაზბეგი", "precinct": 4.0, "name_en": "Kazbegi - 4", "name_ka": "ყაზბეგი - 4" }, "geometry": { "type": "Point", "coordinates": [ 44.660549159637455, 42.588815266114658 ] } },
{ "type": "Feature", "properties": { "id": 29005, "district_en": "Kazbegi", "district_ka": "ყაზბეგი", "precinct": 5.0, "name_en": "Kazbegi - 5", "name_ka": "ყაზბეგი - 5" }, "geometry": { "type": "Point", "coordinates": [ 44.605076909065247, 42.622198777584074 ] } },
{ "type": "Feature", "properties": { "id": 29006, "district_en": "Kazbegi", "district_ka": "ყაზბეგი", "precinct": 6.0, "name_en": "Kazbegi - 6", "name_ka": "ყაზბეგი - 6" }, "geometry": { "type": "Point", "coordinates": [ 44.582796954874333, 42.606551022660661 ] } },
{ "type": "Feature", "properties": { "id": 29007, "district_en": "Kazbegi", "district_ka": "ყაზბეგი", "precinct": 7.0, "name_en": "Kazbegi - 7", "name_ka": "ყაზბეგი - 7" }, "geometry": { "type": "Point", "coordinates": [ 44.56529438495636, 42.602451125361327 ] } },
{ "type": "Feature", "properties": { "id": 29008, "district_en": "Kazbegi", "district_ka": "ყაზბეგი", "precinct": 8.0, "name_en": "Kazbegi - 8", "name_ka": "ყაზბეგი - 8" }, "geometry": { "type": "Point", "coordinates": [ 44.524688422679901, 42.591046590976738 ] } },
{ "type": "Feature", "properties": { "id": 29009, "district_en": "Kazbegi", "district_ka": "ყაზბეგი", "precinct": 9.0, "name_en": "Kazbegi - 9", "name_ka": "ყაზბეგი - 9" }, "geometry": { "type": "Point", "coordinates": [ 44.511212627714187, 42.560233361180209 ] } },
{ "type": "Feature", "properties": { "id": 29010, "district_en": "Kazbegi", "district_ka": "ყაზბეგი", "precinct": 10.0, "name_en": "Kazbegi - 10", "name_ka": "ყაზბეგი - 10" }, "geometry": { "type": "Point", "coordinates": [ 44.478610754013062, 42.463610915634909 ] } },
{ "type": "Feature", "properties": { "id": 30001, "district_en": "Kaspi", "district_ka": "კასპი", "precinct": 1.0, "name_en": "Kaspi - 1", "name_ka": "კასპი - 1" }, "geometry": { "type": "Point", "coordinates": [ 44.418458651410511, 41.92480281314274 ] } },
{ "type": "Feature", "properties": { "id": 30002, "district_en": "Kaspi", "district_ka": "კასპი", "precinct": 2.0, "name_en": "Kaspi - 2", "name_ka": "კასპი - 2" }, "geometry": { "type": "Point", "coordinates": [ 44.41070819475501, 41.926475491088148 ] } },
{ "type": "Feature", "properties": { "id": 30003, "district_en": "Kaspi", "district_ka": "კასპი", "precinct": 3.0, "name_en": "Kaspi - 3", "name_ka": "კასპი - 3" }, "geometry": { "type": "Point", "coordinates": [ 44.430093, 41.9233481 ] } },
{ "type": "Feature", "properties": { "id": 30004, "district_en": "Kaspi", "district_ka": "კასპი", "precinct": 4.0, "name_en": "Kaspi - 4", "name_ka": "კასპი - 4" }, "geometry": { "type": "Point", "coordinates": [ 44.4200044, 41.9211211 ] } },
{ "type": "Feature", "properties": { "id": 30005, "district_en": "Kaspi", "district_ka": "კასპი", "precinct": 5.0, "name_en": "Kaspi - 5", "name_ka": "კასპი - 5" }, "geometry": { "type": "Point", "coordinates": [ 44.433377981185913, 41.918062050742833 ] } },
{ "type": "Feature", "properties": { "id": 30006, "district_en": "Kaspi", "district_ka": "კასპი", "precinct": 6.0, "name_en": "Kaspi - 6", "name_ka": "კასპი - 6" }, "geometry": { "type": "Point", "coordinates": [ 44.54880952835083, 41.903434900676118 ] } },
{ "type": "Feature", "properties": { "id": 30007, "district_en": "Kaspi", "district_ka": "კასპი", "precinct": 7.0, "name_en": "Kaspi - 7", "name_ka": "კასპი - 7" }, "geometry": { "type": "Point", "coordinates": [ 44.567821078573616, 41.875992520302127 ] } },
{ "type": "Feature", "properties": { "id": 30008, "district_en": "Kaspi", "district_ka": "კასპი", "precinct": 8.0, "name_en": "Kaspi - 8", "name_ka": "კასპი - 8" }, "geometry": { "type": "Point", "coordinates": [ 44.34006, 41.87968 ] } },
{ "type": "Feature", "properties": { "id": 30009, "district_en": "Kaspi", "district_ka": "კასპი", "precinct": 9.0, "name_en": "Kaspi - 9", "name_ka": "კასპი - 9" }, "geometry": { "type": "Point", "coordinates": [ 44.359633316810573, 41.865376596539342 ] } },
{ "type": "Feature", "properties": { "id": 30010, "district_en": "Kaspi", "district_ka": "კასპი", "precinct": 10.0, "name_en": "Kaspi - 10", "name_ka": "კასპი - 10" }, "geometry": { "type": "Point", "coordinates": [ 44.381011901227467, 41.920497734071581 ] } },
{ "type": "Feature", "properties": { "id": 30011, "district_en": "Kaspi", "district_ka": "კასპი", "precinct": 11.0, "name_en": "Kaspi - 11", "name_ka": "კასპი - 11" }, "geometry": { "type": "Point", "coordinates": [ 44.245858162515098, 41.934030610135466 ] } },
{ "type": "Feature", "properties": { "id": 30012, "district_en": "Kaspi", "district_ka": "კასპი", "precinct": 12.0, "name_en": "Kaspi - 12", "name_ka": "კასპი - 12" }, "geometry": { "type": "Point", "coordinates": [ 44.251585902151923, 41.934687706342615 ] } },
{ "type": "Feature", "properties": { "id": 30013, "district_en": "Kaspi", "district_ka": "კასპი", "precinct": 13.0, "name_en": "Kaspi - 13", "name_ka": "კასპი - 13" }, "geometry": { "type": "Point", "coordinates": [ 44.290467202663422, 41.939467774582049 ] } },
{ "type": "Feature", "properties": { "id": 30014, "district_en": "Kaspi", "district_ka": "კასპი", "precinct": 14.0, "name_en": "Kaspi - 14", "name_ka": "კასპი - 14" }, "geometry": { "type": "Point", "coordinates": [ 44.30936872959137, 41.900456363917321 ] } },
{ "type": "Feature", "properties": { "id": 30015, "district_en": "Kaspi", "district_ka": "კასპი", "precinct": 15.0, "name_en": "Kaspi - 15", "name_ka": "კასპი - 15" }, "geometry": { "type": "Point", "coordinates": [ 44.297631095276024, 41.923994210413397 ] } },
{ "type": "Feature", "properties": { "id": 30016, "district_en": "Kaspi", "district_ka": "კასპი", "precinct": 16.0, "name_en": "Kaspi - 16", "name_ka": "კასპი - 16" }, "geometry": { "type": "Point", "coordinates": [ 44.452110528945923, 41.860396326115335 ] } },
{ "type": "Feature", "properties": { "id": 30017, "district_en": "Kaspi", "district_ka": "კასპი", "precinct": 17.0, "name_en": "Kaspi - 17", "name_ka": "კასპი - 17" }, "geometry": { "type": "Point", "coordinates": [ 44.34980034828186, 42.026965463079669 ] } },
{ "type": "Feature", "properties": { "id": 30018, "district_en": "Kaspi", "district_ka": "კასპი", "precinct": 18.0, "name_en": "Kaspi - 18", "name_ka": "კასპი - 18" }, "geometry": { "type": "Point", "coordinates": [ 44.346153669033811, 42.006908142962693 ] } },
{ "type": "Feature", "properties": { "id": 30019, "district_en": "Kaspi", "district_ka": "კასპი", "precinct": 19.0, "name_en": "Kaspi - 19", "name_ka": "კასპი - 19" }, "geometry": { "type": "Point", "coordinates": [ 44.49043661139217, 42.015257836183707 ] } },
{ "type": "Feature", "properties": { "id": 30020, "district_en": "Kaspi", "district_ka": "კასპი", "precinct": 20.0, "name_en": "Kaspi - 20", "name_ka": "კასპი - 20" }, "geometry": { "type": "Point", "coordinates": [ 44.343777602629736, 41.92662020170458 ] } },
{ "type": "Feature", "properties": { "id": 30021, "district_en": "Kaspi", "district_ka": "კასპი", "precinct": 21.0, "name_en": "Kaspi - 21", "name_ka": "კასპი - 21" }, "geometry": { "type": "Point", "coordinates": [ 44.3408, 41.94269 ] } },
{ "type": "Feature", "properties": { "id": 30022, "district_en": "Kaspi", "district_ka": "კასპი", "precinct": 22.0, "name_en": "Kaspi - 22", "name_ka": "კასპი - 22" }, "geometry": { "type": "Point", "coordinates": [ 44.46815550327301, 41.979213028471897 ] } },
{ "type": "Feature", "properties": { "id": 30023, "district_en": "Kaspi", "district_ka": "კასპი", "precinct": 23.0, "name_en": "Kaspi - 23", "name_ka": "კასპი - 23" }, "geometry": { "type": "Point", "coordinates": [ 44.493640216567513, 41.98409250148422 ] } },
{ "type": "Feature", "properties": { "id": 30024, "district_en": "Kaspi", "district_ka": "კასპი", "precinct": 24.0, "name_en": "Kaspi - 24", "name_ka": "კასპი - 24" }, "geometry": { "type": "Point", "coordinates": [ 44.518011908928962, 41.953926197409764 ] } },
{ "type": "Feature", "properties": { "id": 30025, "district_en": "Kaspi", "district_ka": "კასპი", "precinct": 25.0, "name_en": "Kaspi - 25", "name_ka": "კასპი - 25" }, "geometry": { "type": "Point", "coordinates": [ 44.41746711730957, 41.987200174051203 ] } },
{ "type": "Feature", "properties": { "id": 30026, "district_en": "Kaspi", "district_ka": "კასპი", "precinct": 26.0, "name_en": "Kaspi - 26", "name_ka": "კასპი - 26" }, "geometry": { "type": "Point", "coordinates": [ 44.411770105361938, 42.004726113235044 ] } },
{ "type": "Feature", "properties": { "id": 30027, "district_en": "Kaspi", "district_ka": "კასპი", "precinct": 27.0, "name_en": "Kaspi - 27", "name_ka": "კასპი - 27" }, "geometry": { "type": "Point", "coordinates": [ 44.394915103912354, 42.023198798416608 ] } },
{ "type": "Feature", "properties": { "id": 30028, "district_en": "Kaspi", "district_ka": "კასპი", "precinct": 28.0, "name_en": "Kaspi - 28", "name_ka": "კასპი - 28" }, "geometry": { "type": "Point", "coordinates": [ 44.452561140060425, 41.841659744000303 ] } },
{ "type": "Feature", "properties": { "id": 30029, "district_en": "Kaspi", "district_ka": "კასპი", "precinct": 29.0, "name_en": "Kaspi - 29", "name_ka": "კასპი - 29" }, "geometry": { "type": "Point", "coordinates": [ 44.246575072796112, 41.893342769676423 ] } },
{ "type": "Feature", "properties": { "id": 30030, "district_en": "Kaspi", "district_ka": "კასპი", "precinct": 30.0, "name_en": "Kaspi - 30", "name_ka": "კასპი - 30" }, "geometry": { "type": "Point", "coordinates": [ 44.41748321056366, 41.931724070015953 ] } },
{ "type": "Feature", "properties": { "id": 30031, "district_en": "Kaspi", "district_ka": "კასპი", "precinct": 31.0, "name_en": "Kaspi - 31", "name_ka": "კასპი - 31" }, "geometry": { "type": "Point", "coordinates": [ 44.423972986508176, 41.930508545790275 ] } },
{ "type": "Feature", "properties": { "id": 30032, "district_en": "Kaspi", "district_ka": "კასპი", "precinct": 32.0, "name_en": "Kaspi - 32", "name_ka": "კასპი - 32" }, "geometry": { "type": "Point", "coordinates": [ 44.438388347625732, 41.856984271415662 ] } },
{ "type": "Feature", "properties": { "id": 32001, "district_en": "Gori", "district_ka": "გორი", "precinct": 1.0, "name_en": "Gori - 1", "name_ka": "გორი - 1" }, "geometry": { "type": "Point", "coordinates": [ 44.110643608920363, 41.968528763273298 ] } },
{ "type": "Feature", "properties": { "id": 32002, "district_en": "Gori", "district_ka": "გორი", "precinct": 2.0, "name_en": "Gori - 2", "name_ka": "გორი - 2" }, "geometry": { "type": "Point", "coordinates": [ 44.105652272701263, 41.974162226911538 ] } },
{ "type": "Feature", "properties": { "id": 32003, "district_en": "Gori", "district_ka": "გორი", "precinct": 3.0, "name_en": "Gori - 3", "name_ka": "გორი - 3" }, "geometry": { "type": "Point", "coordinates": [ 44.107512, 41.9785301 ] } },
{ "type": "Feature", "properties": { "id": 32004, "district_en": "Gori", "district_ka": "გორი", "precinct": 4.0, "name_en": "Gori - 4", "name_ka": "გორი - 4" }, "geometry": { "type": "Point", "coordinates": [ 44.114457, 41.973569 ] } },
{ "type": "Feature", "properties": { "id": 32005, "district_en": "Gori", "district_ka": "გორი", "precinct": 5.0, "name_en": "Gori - 5", "name_ka": "გორი - 5" }, "geometry": { "type": "Point", "coordinates": [ 44.1117743, 41.976362 ] } },
{ "type": "Feature", "properties": { "id": 32006, "district_en": "Gori", "district_ka": "გორი", "precinct": 6.0, "name_en": "Gori - 6", "name_ka": "გორი - 6" }, "geometry": { "type": "Point", "coordinates": [ 44.109750665606711, 41.981032344776622 ] } },
{ "type": "Feature", "properties": { "id": 32007, "district_en": "Gori", "district_ka": "გორი", "precinct": 7.0, "name_en": "Gori - 7", "name_ka": "გორი - 7" }, "geometry": { "type": "Point", "coordinates": [ 44.113635272599822, 41.982322226850776 ] } },
{ "type": "Feature", "properties": { "id": 32008, "district_en": "Gori", "district_ka": "გორი", "precinct": 8.0, "name_en": "Gori - 8", "name_ka": "გორი - 8" }, "geometry": { "type": "Point", "coordinates": [ 44.110676050186157, 41.98074035345423 ] } },
{ "type": "Feature", "properties": { "id": 32009, "district_en": "Gori", "district_ka": "გორი", "precinct": 9.0, "name_en": "Gori - 9", "name_ka": "გორი - 9" }, "geometry": { "type": "Point", "coordinates": [ 44.121550079762258, 41.979721782290575 ] } },
{ "type": "Feature", "properties": { "id": 32010, "district_en": "Gori", "district_ka": "გორი", "precinct": 10.0, "name_en": "Gori - 10", "name_ka": "გორი - 10" }, "geometry": { "type": "Point", "coordinates": [ 44.116702870341769, 41.98866648615666 ] } },
{ "type": "Feature", "properties": { "id": 32011, "district_en": "Gori", "district_ka": "გორი", "precinct": 11.0, "name_en": "Gori - 11", "name_ka": "გორი - 11" }, "geometry": { "type": "Point", "coordinates": [ 44.1108829, 41.9874372 ] } },
{ "type": "Feature", "properties": { "id": 32012, "district_en": "Gori", "district_ka": "გორი", "precinct": 12.0, "name_en": "Gori - 12", "name_ka": "გორი - 12" }, "geometry": { "type": "Point", "coordinates": [ 44.11772470304107, 41.988210109198619 ] } },
{ "type": "Feature", "properties": { "id": 32013, "district_en": "Gori", "district_ka": "გორი", "precinct": 13.0, "name_en": "Gori - 13", "name_ka": "გორი - 13" }, "geometry": { "type": "Point", "coordinates": [ 44.121726751327515, 41.997715918052563 ] } },
{ "type": "Feature", "properties": { "id": 32014, "district_en": "Gori", "district_ka": "გორი", "precinct": 14.0, "name_en": "Gori - 14", "name_ka": "გორი - 14" }, "geometry": { "type": "Point", "coordinates": [ 44.123239517211914, 41.995138475564396 ] } },
{ "type": "Feature", "properties": { "id": 32015, "district_en": "Gori", "district_ka": "გორი", "precinct": 15.0, "name_en": "Gori - 15", "name_ka": "გორი - 15" }, "geometry": { "type": "Point", "coordinates": [ 44.105736999197482, 41.995161681669622 ] } },
{ "type": "Feature", "properties": { "id": 32016, "district_en": "Gori", "district_ka": "გორი", "precinct": 16.0, "name_en": "Gori - 16", "name_ka": "გორი - 16" }, "geometry": { "type": "Point", "coordinates": [ 44.109294319049013, 41.995229357571922 ] } },
{ "type": "Feature", "properties": { "id": 32017, "district_en": "Gori", "district_ka": "გორი", "precinct": 17.0, "name_en": "Gori - 17", "name_ka": "გორი - 17" }, "geometry": { "type": "Point", "coordinates": [ 44.105736999197482, 41.995161681669622 ] } },
{ "type": "Feature", "properties": { "id": 32018, "district_en": "Gori", "district_ka": "გორი", "precinct": 18.0, "name_en": "Gori - 18", "name_ka": "გორი - 18" }, "geometry": { "type": "Point", "coordinates": [ 44.107151187696907, 42.007528603765024 ] } },
{ "type": "Feature", "properties": { "id": 32019, "district_en": "Gori", "district_ka": "გორი", "precinct": 19.0, "name_en": "Gori - 19", "name_ka": "გორი - 19" }, "geometry": { "type": "Point", "coordinates": [ 44.0964877, 41.9854697 ] } },
{ "type": "Feature", "properties": { "id": 32020, "district_en": "Gori", "district_ka": "გორი", "precinct": 20.0, "name_en": "Gori - 20", "name_ka": "გორი - 20" }, "geometry": { "type": "Point", "coordinates": [ 44.093773412966925, 41.987321057256018 ] } },
{ "type": "Feature", "properties": { "id": 32021, "district_en": "Gori", "district_ka": "გორი", "precinct": 21.0, "name_en": "Gori - 21", "name_ka": "გორი - 21" }, "geometry": { "type": "Point", "coordinates": [ 44.093773412966925, 41.987321057256018 ] } },
{ "type": "Feature", "properties": { "id": 32022, "district_en": "Gori", "district_ka": "გორი", "precinct": 22.0, "name_en": "Gori - 22", "name_ka": "გორი - 22" }, "geometry": { "type": "Point", "coordinates": [ 44.095553381545251, 41.99008288818608 ] } },
{ "type": "Feature", "properties": { "id": 32023, "district_en": "Gori", "district_ka": "გორი", "precinct": 23.0, "name_en": "Gori - 23", "name_ka": "გორი - 23" }, "geometry": { "type": "Point", "coordinates": [ 44.099670946598053, 41.988930656651647 ] } },
{ "type": "Feature", "properties": { "id": 32024, "district_en": "Gori", "district_ka": "გორი", "precinct": 24.0, "name_en": "Gori - 24", "name_ka": "გორი - 24" }, "geometry": { "type": "Point", "coordinates": [ 44.093773412966925, 41.987321057256018 ] } },
{ "type": "Feature", "properties": { "id": 32025, "district_en": "Gori", "district_ka": "გორი", "precinct": 25.0, "name_en": "Gori - 25", "name_ka": "გორი - 25" }, "geometry": { "type": "Point", "coordinates": [ 44.119983315467834, 41.987491249300028 ] } },
{ "type": "Feature", "properties": { "id": 32026, "district_en": "Gori", "district_ka": "გორი", "precinct": 26.0, "name_en": "Gori - 26", "name_ka": "გორი - 26" }, "geometry": { "type": "Point", "coordinates": [ 44.126685203572791, 42.000279132560678 ] } },
{ "type": "Feature", "properties": { "id": 32027, "district_en": "Gori", "district_ka": "გორი", "precinct": 27.0, "name_en": "Gori - 27", "name_ka": "გორი - 27" }, "geometry": { "type": "Point", "coordinates": [ 44.065510332584381, 41.951696961728615 ] } },
{ "type": "Feature", "properties": { "id": 32028, "district_en": "Gori", "district_ka": "გორი", "precinct": 28.0, "name_en": "Gori - 28", "name_ka": "გორი - 28" }, "geometry": { "type": "Point", "coordinates": [ 44.187332300278882, 42.138643458594693 ] } },
{ "type": "Feature", "properties": { "id": 32029, "district_en": "Gori", "district_ka": "გორი", "precinct": 29.0, "name_en": "Gori - 29", "name_ka": "გორი - 29" }, "geometry": { "type": "Point", "coordinates": [ 44.164290541081471, 42.111294095014465 ] } },
{ "type": "Feature", "properties": { "id": 32030, "district_en": "Gori", "district_ka": "გორი", "precinct": 30.0, "name_en": "Gori - 30", "name_ka": "გორი - 30" }, "geometry": { "type": "Point", "coordinates": [ 44.131158538824849, 42.141021353691968 ] } },
{ "type": "Feature", "properties": { "id": 32031, "district_en": "Gori", "district_ka": "გორი", "precinct": 31.0, "name_en": "Gori - 31", "name_ka": "გორი - 31" }, "geometry": { "type": "Point", "coordinates": [ 44.11870825244015, 42.135515977290034 ] } },
{ "type": "Feature", "properties": { "id": 32032, "district_en": "Gori", "district_ka": "გორი", "precinct": 32.0, "name_en": "Gori - 32", "name_ka": "გორი - 32" }, "geometry": { "type": "Point", "coordinates": [ 44.126263320747917, 42.014342766433913 ] } },
{ "type": "Feature", "properties": { "id": 32033, "district_en": "Gori", "district_ka": "გორი", "precinct": 33.0, "name_en": "Gori - 33", "name_ka": "გორი - 33" }, "geometry": { "type": "Point", "coordinates": [ 44.118446642519508, 42.033419013697291 ] } },
{ "type": "Feature", "properties": { "id": 32034, "district_en": "Gori", "district_ka": "გორი", "precinct": 34.0, "name_en": "Gori - 34", "name_ka": "გორი - 34" }, "geometry": { "type": "Point", "coordinates": [ 44.143601937651063, 42.054243365305446 ] } },
{ "type": "Feature", "properties": { "id": 32035, "district_en": "Gori", "district_ka": "გორი", "precinct": 35.0, "name_en": "Gori - 35", "name_ka": "გორი - 35" }, "geometry": { "type": "Point", "coordinates": [ 44.130796153707173, 42.056261157271102 ] } },
{ "type": "Feature", "properties": { "id": 32036, "district_en": "Gori", "district_ka": "გორი", "precinct": 36.0, "name_en": "Gori - 36", "name_ka": "გორი - 36" }, "geometry": { "type": "Point", "coordinates": [ 43.930120628656645, 41.861550676045717 ] } },
{ "type": "Feature", "properties": { "id": 32037, "district_en": "Gori", "district_ka": "გორი", "precinct": 37.0, "name_en": "Gori - 37", "name_ka": "გორი - 37" }, "geometry": { "type": "Point", "coordinates": [ 43.84733495819134, 41.820767391885269 ] } },
{ "type": "Feature", "properties": { "id": 32038, "district_en": "Gori", "district_ka": "გორი", "precinct": 38.0, "name_en": "Gori - 38", "name_ka": "გორი - 38" }, "geometry": { "type": "Point", "coordinates": [ 44.038679529519428, 42.211728609164524 ] } },
{ "type": "Feature", "properties": { "id": 32039, "district_en": "Gori", "district_ka": "გორი", "precinct": 39.0, "name_en": "Gori - 39", "name_ka": "გორი - 39" }, "geometry": { "type": "Point", "coordinates": [ 44.059048891067505, 42.223352617126906 ] } },
{ "type": "Feature", "properties": { "id": 32040, "district_en": "Gori", "district_ka": "გორი", "precinct": 40.0, "name_en": "Gori - 40", "name_ka": "გორი - 40" }, "geometry": { "type": "Point", "coordinates": [ 44.035091400146484, 42.075649639781652 ] } },
{ "type": "Feature", "properties": { "id": 32041, "district_en": "Gori", "district_ka": "გორი", "precinct": 41.0, "name_en": "Gori - 41", "name_ka": "გორი - 41" }, "geometry": { "type": "Point", "coordinates": [ 44.04231458902359, 42.048860432900824 ] } },
{ "type": "Feature", "properties": { "id": 32042, "district_en": "Gori", "district_ka": "გორი", "precinct": 42.0, "name_en": "Gori - 42", "name_ka": "გორი - 42" }, "geometry": { "type": "Point", "coordinates": [ 44.013851723628875, 42.062223172444703 ] } },
{ "type": "Feature", "properties": { "id": 32043, "district_en": "Gori", "district_ka": "გორი", "precinct": 43.0, "name_en": "Gori - 43", "name_ka": "გორი - 43" }, "geometry": { "type": "Point", "coordinates": [ 43.971571452423952, 42.091518297341992 ] } },
{ "type": "Feature", "properties": { "id": 32044, "district_en": "Gori", "district_ka": "გორი", "precinct": 44.0, "name_en": "Gori - 44", "name_ka": "გორი - 44" }, "geometry": { "type": "Point", "coordinates": [ 44.216949791341236, 42.050585292114789 ] } },
{ "type": "Feature", "properties": { "id": 32045, "district_en": "Gori", "district_ka": "გორი", "precinct": 45.0, "name_en": "Gori - 45", "name_ka": "გორი - 45" }, "geometry": { "type": "Point", "coordinates": [ 44.239502822829266, 42.074862444539015 ] } },
{ "type": "Feature", "properties": { "id": 32046, "district_en": "Gori", "district_ka": "გორი", "precinct": 46.0, "name_en": "Gori - 46", "name_ka": "გორი - 46" }, "geometry": { "type": "Point", "coordinates": [ 44.260857622753917, 42.093658019333482 ] } },
{ "type": "Feature", "properties": { "id": 32047, "district_en": "Gori", "district_ka": "გორი", "precinct": 47.0, "name_en": "Gori - 47", "name_ka": "გორი - 47" }, "geometry": { "type": "Point", "coordinates": [ 44.243807096462021, 42.113511788686075 ] } },
{ "type": "Feature", "properties": { "id": 32048, "district_en": "Gori", "district_ka": "გორი", "precinct": 48.0, "name_en": "Gori - 48", "name_ka": "გორი - 48" }, "geometry": { "type": "Point", "coordinates": [ 44.098048210144043, 42.063567718832772 ] } },
{ "type": "Feature", "properties": { "id": 32049, "district_en": "Gori", "district_ka": "გორი", "precinct": 49.0, "name_en": "Gori - 49", "name_ka": "გორი - 49" }, "geometry": { "type": "Point", "coordinates": [ 44.094006656335502, 42.06138497650312 ] } },
{ "type": "Feature", "properties": { "id": 32050, "district_en": "Gori", "district_ka": "გორი", "precinct": 50.0, "name_en": "Gori - 50", "name_ka": "გორი - 50" }, "geometry": { "type": "Point", "coordinates": [ 44.111402238753712, 42.072545557832228 ] } },
{ "type": "Feature", "properties": { "id": 32051, "district_en": "Gori", "district_ka": "გორი", "precinct": 51.0, "name_en": "Gori - 51", "name_ka": "გორი - 51" }, "geometry": { "type": "Point", "coordinates": [ 44.075166906164064, 42.214043535668559 ] } },
{ "type": "Feature", "properties": { "id": 32052, "district_en": "Gori", "district_ka": "გორი", "precinct": 52.0, "name_en": "Gori - 52", "name_ka": "გორი - 52" }, "geometry": { "type": "Point", "coordinates": [ 44.074672915224589, 42.199206526975402 ] } },
{ "type": "Feature", "properties": { "id": 32053, "district_en": "Gori", "district_ka": "გორი", "precinct": 53.0, "name_en": "Gori - 53", "name_ka": "გორი - 53" }, "geometry": { "type": "Point", "coordinates": [ 44.089465963534266, 42.184576542521441 ] } },
{ "type": "Feature", "properties": { "id": 32054, "district_en": "Gori", "district_ka": "გორი", "precinct": 54.0, "name_en": "Gori - 54", "name_ka": "გორი - 54" }, "geometry": { "type": "Point", "coordinates": [ 44.210584411407048, 42.133972566069986 ] } },
{ "type": "Feature", "properties": { "id": 32055, "district_en": "Gori", "district_ka": "გორი", "precinct": 55.0, "name_en": "Gori - 55", "name_ka": "გორი - 55" }, "geometry": { "type": "Point", "coordinates": [ 44.202565966845356, 42.136875873768147 ] } },
{ "type": "Feature", "properties": { "id": 32056, "district_en": "Gori", "district_ka": "გორი", "precinct": 56.0, "name_en": "Gori - 56", "name_ka": "გორი - 56" }, "geometry": { "type": "Point", "coordinates": [ 44.226765413758137, 42.10343537111941 ] } },
{ "type": "Feature", "properties": { "id": 32057, "district_en": "Gori", "district_ka": "გორი", "precinct": 57.0, "name_en": "Gori - 57", "name_ka": "გორი - 57" }, "geometry": { "type": "Point", "coordinates": [ 44.19366188131962, 42.078135332706076 ] } },
{ "type": "Feature", "properties": { "id": 32058, "district_en": "Gori", "district_ka": "გორი", "precinct": 58.0, "name_en": "Gori - 58", "name_ka": "გორი - 58" }, "geometry": { "type": "Point", "coordinates": [ 43.961402696406928, 42.196028389849452 ] } },
{ "type": "Feature", "properties": { "id": 32059, "district_en": "Gori", "district_ka": "გორი", "precinct": 59.0, "name_en": "Gori - 59", "name_ka": "გორი - 59" }, "geometry": { "type": "Point", "coordinates": [ 44.013336345415368, 41.993950559567125 ] } },
{ "type": "Feature", "properties": { "id": 32060, "district_en": "Gori", "district_ka": "გორი", "precinct": 60.0, "name_en": "Gori - 60", "name_ka": "გორი - 60" }, "geometry": { "type": "Point", "coordinates": [ 44.007904529571533, 41.987096503093191 ] } },
{ "type": "Feature", "properties": { "id": 32061, "district_en": "Gori", "district_ka": "გორი", "precinct": 61.0, "name_en": "Gori - 61", "name_ka": "გორი - 61" }, "geometry": { "type": "Point", "coordinates": [ 44.085720777511597, 41.992080492714088 ] } },
{ "type": "Feature", "properties": { "id": 32062, "district_en": "Gori", "district_ka": "გორი", "precinct": 62.0, "name_en": "Gori - 62", "name_ka": "გორი - 62" }, "geometry": { "type": "Point", "coordinates": [ 44.041436837588371, 42.178736867119845 ] } },
{ "type": "Feature", "properties": { "id": 32063, "district_en": "Gori", "district_ka": "გორი", "precinct": 63.0, "name_en": "Gori - 63", "name_ka": "გორი - 63" }, "geometry": { "type": "Point", "coordinates": [ 44.002674221992493, 42.18013739975067 ] } },
{ "type": "Feature", "properties": { "id": 32064, "district_en": "Gori", "district_ka": "გორი", "precinct": 64.0, "name_en": "Gori - 64", "name_ka": "გორი - 64" }, "geometry": { "type": "Point", "coordinates": [ 44.062390509820652, 42.159883720904389 ] } },
{ "type": "Feature", "properties": { "id": 32065, "district_en": "Gori", "district_ka": "გორი", "precinct": 65.0, "name_en": "Gori - 65", "name_ka": "გორი - 65" }, "geometry": { "type": "Point", "coordinates": [ 44.059520289442638, 42.140569308491244 ] } },
{ "type": "Feature", "properties": { "id": 32066, "district_en": "Gori", "district_ka": "გორი", "precinct": 66.0, "name_en": "Gori - 66", "name_ka": "გორი - 66" }, "geometry": { "type": "Point", "coordinates": [ 44.116468112312717, 42.167185816211919 ] } },
{ "type": "Feature", "properties": { "id": 32067, "district_en": "Gori", "district_ka": "გორი", "precinct": 67.0, "name_en": "Gori - 67", "name_ka": "გორი - 67" }, "geometry": { "type": "Point", "coordinates": [ 44.220881802939715, 41.959652060936591 ] } },
{ "type": "Feature", "properties": { "id": 32068, "district_en": "Gori", "district_ka": "გორი", "precinct": 68.0, "name_en": "Gori - 68", "name_ka": "გორი - 68" }, "geometry": { "type": "Point", "coordinates": [ 44.195943474769592, 41.962059012336795 ] } },
{ "type": "Feature", "properties": { "id": 32069, "district_en": "Gori", "district_ka": "გორი", "precinct": 69.0, "name_en": "Gori - 69", "name_ka": "გორი - 69" }, "geometry": { "type": "Point", "coordinates": [ 44.2483788840036, 42.02208375061948 ] } },
{ "type": "Feature", "properties": { "id": 32070, "district_en": "Gori", "district_ka": "გორი", "precinct": 70.0, "name_en": "Gori - 70", "name_ka": "გორი - 70" }, "geometry": { "type": "Point", "coordinates": [ 44.308399380210325, 42.065798326220843 ] } },
{ "type": "Feature", "properties": { "id": 32071, "district_en": "Gori", "district_ka": "გორი", "precinct": 71.0, "name_en": "Gori - 71", "name_ka": "გორი - 71" }, "geometry": { "type": "Point", "coordinates": [ 44.015778715313729, 42.122348573060584 ] } },
{ "type": "Feature", "properties": { "id": 32072, "district_en": "Gori", "district_ka": "გორი", "precinct": 72.0, "name_en": "Gori - 72", "name_ka": "გორი - 72" }, "geometry": { "type": "Point", "coordinates": [ 43.940154084191498, 42.134724310936441 ] } },
{ "type": "Feature", "properties": { "id": 32073, "district_en": "Gori", "district_ka": "გორი", "precinct": 73.0, "name_en": "Gori - 73", "name_ka": "გორი - 73" }, "geometry": { "type": "Point", "coordinates": [ 43.955153705866785, 42.164403941303782 ] } },
{ "type": "Feature", "properties": { "id": 32074, "district_en": "Gori", "district_ka": "გორი", "precinct": 74.0, "name_en": "Gori - 74", "name_ka": "გორი - 74" }, "geometry": { "type": "Point", "coordinates": [ 44.000458717346191, 42.152354348093354 ] } },
{ "type": "Feature", "properties": { "id": 32075, "district_en": "Gori", "district_ka": "გორი", "precinct": 75.0, "name_en": "Gori - 75", "name_ka": "გორი - 75" }, "geometry": { "type": "Point", "coordinates": [ 44.051451841975492, 42.113415648860475 ] } },
{ "type": "Feature", "properties": { "id": 32076, "district_en": "Gori", "district_ka": "გორი", "precinct": 76.0, "name_en": "Gori - 76", "name_ka": "გორი - 76" }, "geometry": { "type": "Point", "coordinates": [ 44.109532790726412, 42.108637639695736 ] } },
{ "type": "Feature", "properties": { "id": 32077, "district_en": "Gori", "district_ka": "გორი", "precinct": 77.0, "name_en": "Gori - 77", "name_ka": "გორი - 77" }, "geometry": { "type": "Point", "coordinates": [ 44.087668061256409, 42.121937060557663 ] } },
{ "type": "Feature", "properties": { "id": 32078, "district_en": "Gori", "district_ka": "გორი", "precinct": 78.0, "name_en": "Gori - 78", "name_ka": "გორი - 78" }, "geometry": { "type": "Point", "coordinates": [ 44.133125694009436, 41.956710327336815 ] } },
{ "type": "Feature", "properties": { "id": 32079, "district_en": "Gori", "district_ka": "გორი", "precinct": 79.0, "name_en": "Gori - 79", "name_ka": "გორი - 79" }, "geometry": { "type": "Point", "coordinates": [ 44.133402289803783, 41.961585201338593 ] } },
{ "type": "Feature", "properties": { "id": 32080, "district_en": "Gori", "district_ka": "გორი", "precinct": 80.0, "name_en": "Gori - 80", "name_ka": "გორი - 80" }, "geometry": { "type": "Point", "coordinates": [ 44.108183227155237, 41.925232465901402 ] } },
{ "type": "Feature", "properties": { "id": 32081, "district_en": "Gori", "district_ka": "გორი", "precinct": 81.0, "name_en": "Gori - 81", "name_ka": "გორი - 81" }, "geometry": { "type": "Point", "coordinates": [ 44.092603493480951, 41.913179400571792 ] } },
{ "type": "Feature", "properties": { "id": 32082, "district_en": "Gori", "district_ka": "გორი", "precinct": 82.0, "name_en": "Gori - 82", "name_ka": "გორი - 82" }, "geometry": { "type": "Point", "coordinates": [ 44.137230669975303, 42.024844939932507 ] } },
{ "type": "Feature", "properties": { "id": 32083, "district_en": "Gori", "district_ka": "გორი", "precinct": 83.0, "name_en": "Gori - 83", "name_ka": "გორი - 83" }, "geometry": { "type": "Point", "coordinates": [ 44.090880006551743, 42.064038654170503 ] } },
{ "type": "Feature", "properties": { "id": 32084, "district_en": "Gori", "district_ka": "გორი", "precinct": 84.0, "name_en": "Gori - 84", "name_ka": "გორი - 84" }, "geometry": { "type": "Point", "coordinates": [ 44.109582040754987, 42.007265715393245 ] } },
{ "type": "Feature", "properties": { "id": 32085, "district_en": "Gori", "district_ka": "გორი", "precinct": 85.0, "name_en": "Gori - 85", "name_ka": "გორი - 85" }, "geometry": { "type": "Point", "coordinates": [ 44.141415628330037, 42.033983962913169 ] } },
{ "type": "Feature", "properties": { "id": 32086, "district_en": "Gori", "district_ka": "გორი", "precinct": 86.0, "name_en": "Gori - 86", "name_ka": "გორი - 86" }, "geometry": { "type": "Point", "coordinates": [ 43.971748172440137, 42.103385020629204 ] } },
{ "type": "Feature", "properties": { "id": 32087, "district_en": "Gori", "district_ka": "გორი", "precinct": 87.0, "name_en": "Gori - 87", "name_ka": "გორი - 87" }, "geometry": { "type": "Point", "coordinates": [ 44.002282619476318, 41.999220872935517 ] } },
{ "type": "Feature", "properties": { "id": 32088, "district_en": "Gori", "district_ka": "გორი", "precinct": 88.0, "name_en": "Gori - 88", "name_ka": "გორი - 88" }, "geometry": { "type": "Point", "coordinates": [ 44.239703703044043, 42.026261670525209 ] } },
{ "type": "Feature", "properties": { "id": 32089, "district_en": "Gori", "district_ka": "გორი", "precinct": 89.0, "name_en": "Gori - 89", "name_ka": "გორი - 89" }, "geometry": { "type": "Point", "coordinates": [ 44.29316753208289, 42.033241715523964 ] } },
{ "type": "Feature", "properties": { "id": 32090, "district_en": "Gori", "district_ka": "გორი", "precinct": 90.0, "name_en": "Gori - 90", "name_ka": "გორი - 90" }, "geometry": { "type": "Point", "coordinates": [ 44.083901930845073, 42.0068652964666 ] } },
{ "type": "Feature", "properties": { "id": 32091, "district_en": "Gori", "district_ka": "გორი", "precinct": 91.0, "name_en": "Gori - 91", "name_ka": "გორი - 91" }, "geometry": { "type": "Point", "coordinates": [ 44.041174390584686, 42.17875821635954 ] } },
{ "type": "Feature", "properties": { "id": 32092, "district_en": "Gori", "district_ka": "გორი", "precinct": 92.0, "name_en": "Gori - 92", "name_ka": "გორი - 92" }, "geometry": { "type": "Point", "coordinates": [ 44.062847375372556, 42.160146972530406 ] } },
{ "type": "Feature", "properties": { "id": 32093, "district_en": "Gori", "district_ka": "გორი", "precinct": 93.0, "name_en": "Gori - 93", "name_ka": "გორი - 93" }, "geometry": { "type": "Point", "coordinates": [ 44.116474632118532, 42.167288248723644 ] } },
{ "type": "Feature", "properties": { "id": 32094, "district_en": "Gori", "district_ka": "გორი", "precinct": 94.0, "name_en": "Gori - 94", "name_ka": "გორი - 94" }, "geometry": { "type": "Point", "coordinates": [ 44.075166906164064, 42.214043535668559 ] } },
{ "type": "Feature", "properties": { "id": 32095, "district_en": "Gori", "district_ka": "გორი", "precinct": 95.0, "name_en": "Gori - 95", "name_ka": "გორი - 95" }, "geometry": { "type": "Point", "coordinates": [ 43.961389331539436, 42.196043671116527 ] } },
{ "type": "Feature", "properties": { "id": 33001, "district_en": "Kareli", "district_ka": "ქარელი", "precinct": 1.0, "name_en": "Kareli - 1", "name_ka": "ქარელი - 1" }, "geometry": { "type": "Point", "coordinates": [ 43.899213373661041, 42.021872621171291 ] } },
{ "type": "Feature", "properties": { "id": 33002, "district_en": "Kareli", "district_ka": "ქარელი", "precinct": 2.0, "name_en": "Kareli - 2", "name_ka": "ქარელი - 2" }, "geometry": { "type": "Point", "coordinates": [ 43.889463115028363, 42.016415102121812 ] } },
{ "type": "Feature", "properties": { "id": 33003, "district_en": "Kareli", "district_ka": "ქარელი", "precinct": 3.0, "name_en": "Kareli - 3", "name_ka": "ქარელი - 3" }, "geometry": { "type": "Point", "coordinates": [ 43.889085458505185, 42.021310559395033 ] } },
{ "type": "Feature", "properties": { "id": 33004, "district_en": "Kareli", "district_ka": "ქარელი", "precinct": 4.0, "name_en": "Kareli - 4", "name_ka": "ქარელი - 4" }, "geometry": { "type": "Point", "coordinates": [ 43.820210539509368, 42.038761860002872 ] } },
{ "type": "Feature", "properties": { "id": 33005, "district_en": "Kareli", "district_ka": "ქარელი", "precinct": 5.0, "name_en": "Kareli - 5", "name_ka": "ქარელი - 5" }, "geometry": { "type": "Point", "coordinates": [ 43.827957049759668, 42.033234886465316 ] } },
{ "type": "Feature", "properties": { "id": 33006, "district_en": "Kareli", "district_ka": "ქარელი", "precinct": 6.0, "name_en": "Kareli - 6", "name_ka": "ქარელი - 6" }, "geometry": { "type": "Point", "coordinates": [ 43.817238844674641, 42.046498730324998 ] } },
{ "type": "Feature", "properties": { "id": 33007, "district_en": "Kareli", "district_ka": "ქარელი", "precinct": 7.0, "name_en": "Kareli - 7", "name_ka": "ქარელი - 7" }, "geometry": { "type": "Point", "coordinates": [ 43.765776794955983, 42.091016034622655 ] } },
{ "type": "Feature", "properties": { "id": 33008, "district_en": "Kareli", "district_ka": "ქარელი", "precinct": 8.0, "name_en": "Kareli - 8", "name_ka": "ქარელი - 8" }, "geometry": { "type": "Point", "coordinates": [ 43.776412954774628, 42.136989630250142 ] } },
{ "type": "Feature", "properties": { "id": 33009, "district_en": "Kareli", "district_ka": "ქარელი", "precinct": 9.0, "name_en": "Kareli - 9", "name_ka": "ქარელი - 9" }, "geometry": { "type": "Point", "coordinates": [ 43.77099224558242, 42.012539971642248 ] } },
{ "type": "Feature", "properties": { "id": 33010, "district_en": "Kareli", "district_ka": "ქარელი", "precinct": 10.0, "name_en": "Kareli - 10", "name_ka": "ქარელი - 10" }, "geometry": { "type": "Point", "coordinates": [ 43.900472570460593, 42.031223558695658 ] } },
{ "type": "Feature", "properties": { "id": 33011, "district_en": "Kareli", "district_ka": "ქარელი", "precinct": 11.0, "name_en": "Kareli - 11", "name_ka": "ქარელი - 11" }, "geometry": { "type": "Point", "coordinates": [ 43.877905905246735, 41.996109264687412 ] } },
{ "type": "Feature", "properties": { "id": 33012, "district_en": "Kareli", "district_ka": "ქარელი", "precinct": 12.0, "name_en": "Kareli - 12", "name_ka": "ქარელი - 12" }, "geometry": { "type": "Point", "coordinates": [ 43.935629725456238, 42.086980821410812 ] } },
{ "type": "Feature", "properties": { "id": 33013, "district_en": "Kareli", "district_ka": "ქარელი", "precinct": 13.0, "name_en": "Kareli - 13", "name_ka": "ქარელი - 13" }, "geometry": { "type": "Point", "coordinates": [ 43.900543877946191, 42.081542401878188 ] } },
{ "type": "Feature", "properties": { "id": 33014, "district_en": "Kareli", "district_ka": "ქარელი", "precinct": 14.0, "name_en": "Kareli - 14", "name_ka": "ქარელი - 14" }, "geometry": { "type": "Point", "coordinates": [ 43.88891638604224, 42.069892461420636 ] } },
{ "type": "Feature", "properties": { "id": 33015, "district_en": "Kareli", "district_ka": "ქარელი", "precinct": 15.0, "name_en": "Kareli - 15", "name_ka": "ქარელი - 15" }, "geometry": { "type": "Point", "coordinates": [ 43.754003942012787, 42.119312927407812 ] } },
{ "type": "Feature", "properties": { "id": 33016, "district_en": "Kareli", "district_ka": "ქარელი", "precinct": 16.0, "name_en": "Kareli - 16", "name_ka": "ქარელი - 16" }, "geometry": { "type": "Point", "coordinates": [ 43.735402822494507, 42.116071903349322 ] } },
{ "type": "Feature", "properties": { "id": 33017, "district_en": "Kareli", "district_ka": "ქარელი", "precinct": 17.0, "name_en": "Kareli - 17", "name_ka": "ქარელი - 17" }, "geometry": { "type": "Point", "coordinates": [ 43.750493139827839, 42.154011694534454 ] } },
{ "type": "Feature", "properties": { "id": 33018, "district_en": "Kareli", "district_ka": "ქარელი", "precinct": 18.0, "name_en": "Kareli - 18", "name_ka": "ქარელი - 18" }, "geometry": { "type": "Point", "coordinates": [ 43.876411723857593, 42.159788734078532 ] } },
{ "type": "Feature", "properties": { "id": 33019, "district_en": "Kareli", "district_ka": "ქარელი", "precinct": 19.0, "name_en": "Kareli - 19", "name_ka": "ქარელი - 19" }, "geometry": { "type": "Point", "coordinates": [ 43.878536224365234, 42.108403406224262 ] } },
{ "type": "Feature", "properties": { "id": 33020, "district_en": "Kareli", "district_ka": "ქარელი", "precinct": 20.0, "name_en": "Kareli - 20", "name_ka": "ქარელი - 20" }, "geometry": { "type": "Point", "coordinates": [ 43.926126658916473, 41.983994270935604 ] } },
{ "type": "Feature", "properties": { "id": 33021, "district_en": "Kareli", "district_ka": "ქარელი", "precinct": 21.0, "name_en": "Kareli - 21", "name_ka": "ქარელი - 21" }, "geometry": { "type": "Point", "coordinates": [ 43.930034637451172, 42.006472063888467 ] } },
{ "type": "Feature", "properties": { "id": 33022, "district_en": "Kareli", "district_ka": "ქარელი", "precinct": 22.0, "name_en": "Kareli - 22", "name_ka": "ქარელი - 22" }, "geometry": { "type": "Point", "coordinates": [ 43.90861451625824, 41.964919000614607 ] } },
{ "type": "Feature", "properties": { "id": 33023, "district_en": "Kareli", "district_ka": "ქარელი", "precinct": 23.0, "name_en": "Kareli - 23", "name_ka": "ქარელი - 23" }, "geometry": { "type": "Point", "coordinates": [ 43.799979686737061, 41.967551512333003 ] } },
{ "type": "Feature", "properties": { "id": 33024, "district_en": "Kareli", "district_ka": "ქარელი", "precinct": 24.0, "name_en": "Kareli - 24", "name_ka": "ქარელი - 24" }, "geometry": { "type": "Point", "coordinates": [ 43.720001578330994, 41.935383541524722 ] } },
{ "type": "Feature", "properties": { "id": 33025, "district_en": "Kareli", "district_ka": "ქარელი", "precinct": 25.0, "name_en": "Kareli - 25", "name_ka": "ქარელი - 25" }, "geometry": { "type": "Point", "coordinates": [ 43.847401142120361, 42.00181210257805 ] } },
{ "type": "Feature", "properties": { "id": 33026, "district_en": "Kareli", "district_ka": "ქარელი", "precinct": 26.0, "name_en": "Kareli - 26", "name_ka": "ქარელი - 26" }, "geometry": { "type": "Point", "coordinates": [ 43.77521592322551, 42.052269120797256 ] } },
{ "type": "Feature", "properties": { "id": 33027, "district_en": "Kareli", "district_ka": "ქარელი", "precinct": 27.0, "name_en": "Kareli - 27", "name_ka": "ქარელი - 27" }, "geometry": { "type": "Point", "coordinates": [ 43.97996299391999, 42.033636088585887 ] } },
{ "type": "Feature", "properties": { "id": 33028, "district_en": "Kareli", "district_ka": "ქარელი", "precinct": 28.0, "name_en": "Kareli - 28", "name_ka": "ქარელი - 28" }, "geometry": { "type": "Point", "coordinates": [ 43.963145082870156, 42.035608880165043 ] } },
{ "type": "Feature", "properties": { "id": 33029, "district_en": "Kareli", "district_ka": "ქარელი", "precinct": 29.0, "name_en": "Kareli - 29", "name_ka": "ქარელი - 29" }, "geometry": { "type": "Point", "coordinates": [ 43.953680992126465, 42.038090189931182 ] } },
{ "type": "Feature", "properties": { "id": 33030, "district_en": "Kareli", "district_ka": "ქარელი", "precinct": 30.0, "name_en": "Kareli - 30", "name_ka": "ქარელი - 30" }, "geometry": { "type": "Point", "coordinates": [ 43.978240479703565, 42.015655299810327 ] } },
{ "type": "Feature", "properties": { "id": 33031, "district_en": "Kareli", "district_ka": "ქარელი", "precinct": 31.0, "name_en": "Kareli - 31", "name_ka": "ქარელი - 31" }, "geometry": { "type": "Point", "coordinates": [ 43.785914182662964, 42.085284856238502 ] } },
{ "type": "Feature", "properties": { "id": 33032, "district_en": "Kareli", "district_ka": "ქარელი", "precinct": 32.0, "name_en": "Kareli - 32", "name_ka": "ქარელი - 32" }, "geometry": { "type": "Point", "coordinates": [ 43.886808954188012, 42.011944003295419 ] } },
{ "type": "Feature", "properties": { "id": 33033, "district_en": "Kareli", "district_ka": "ქარელი", "precinct": 33.0, "name_en": "Kareli - 33", "name_ka": "ქარელი - 33" }, "geometry": { "type": "Point", "coordinates": [ 43.779389196309616, 42.001457121254418 ] } },
{ "type": "Feature", "properties": { "id": 33034, "district_en": "Kareli", "district_ka": "ქარელი", "precinct": 34.0, "name_en": "Kareli - 34", "name_ka": "ქარელი - 34" }, "geometry": { "type": "Point", "coordinates": [ 43.901270627975464, 42.022538140898391 ] } },
{ "type": "Feature", "properties": { "id": 33035, "district_en": "Kareli", "district_ka": "ქარელი", "precinct": 35.0, "name_en": "Kareli - 35", "name_ka": "ქარელი - 35" }, "geometry": { "type": "Point", "coordinates": [ 43.773007392883301, 42.03374731551213 ] } },
{ "type": "Feature", "properties": { "id": 35001, "district_en": "Khashuri", "district_ka": "ხაშური", "precinct": 1.0, "name_en": "Khashuri - 1", "name_ka": "ხაშური - 1" }, "geometry": { "type": "Point", "coordinates": [ 43.585714101791382, 41.999503920076151 ] } },
{ "type": "Feature", "properties": { "id": 35002, "district_en": "Khashuri", "district_ka": "ხაშური", "precinct": 2.0, "name_en": "Khashuri - 2", "name_ka": "ხაშური - 2" }, "geometry": { "type": "Point", "coordinates": [ 43.599058091640472, 42.001684536819035 ] } },
{ "type": "Feature", "properties": { "id": 35003, "district_en": "Khashuri", "district_ka": "ხაშური", "precinct": 3.0, "name_en": "Khashuri - 3", "name_ka": "ხაშური - 3" }, "geometry": { "type": "Point", "coordinates": [ 43.613330125808716, 42.002334322237466 ] } },
{ "type": "Feature", "properties": { "id": 35004, "district_en": "Khashuri", "district_ka": "ხაშური", "precinct": 4.0, "name_en": "Khashuri - 4", "name_ka": "ხაშური - 4" }, "geometry": { "type": "Point", "coordinates": [ 43.6141128, 42.0053672 ] } },
{ "type": "Feature", "properties": { "id": 35005, "district_en": "Khashuri", "district_ka": "ხაშური", "precinct": 5.0, "name_en": "Khashuri - 5", "name_ka": "ხაშური - 5" }, "geometry": { "type": "Point", "coordinates": [ 43.5941126, 41.9954233 ] } },
{ "type": "Feature", "properties": { "id": 35006, "district_en": "Khashuri", "district_ka": "ხაშური", "precinct": 6.0, "name_en": "Khashuri - 6", "name_ka": "ხაშური - 6" }, "geometry": { "type": "Point", "coordinates": [ 43.607649207115173, 41.993356331321735 ] } },
{ "type": "Feature", "properties": { "id": 35007, "district_en": "Khashuri", "district_ka": "ხაშური", "precinct": 7.0, "name_en": "Khashuri - 7", "name_ka": "ხაშური - 7" }, "geometry": { "type": "Point", "coordinates": [ 43.602064847946167, 41.992945673560925 ] } },
{ "type": "Feature", "properties": { "id": 35008, "district_en": "Khashuri", "district_ka": "ხაშური", "precinct": 8.0, "name_en": "Khashuri - 8", "name_ka": "ხაშური - 8" }, "geometry": { "type": "Point", "coordinates": [ 43.594581484794617, 41.992128337123404 ] } },
{ "type": "Feature", "properties": { "id": 35009, "district_en": "Khashuri", "district_ka": "ხაშური", "precinct": 9.0, "name_en": "Khashuri - 9", "name_ka": "ხაშური - 9" }, "geometry": { "type": "Point", "coordinates": [ 43.611331168057831, 41.987966284933719 ] } },
{ "type": "Feature", "properties": { "id": 35010, "district_en": "Khashuri", "district_ka": "ხაშური", "precinct": 10.0, "name_en": "Khashuri - 10", "name_ka": "ხაშური - 10" }, "geometry": { "type": "Point", "coordinates": [ 43.612032203596527, 41.983369766840916 ] } },
{ "type": "Feature", "properties": { "id": 35011, "district_en": "Khashuri", "district_ka": "ხაშური", "precinct": 11.0, "name_en": "Khashuri - 11", "name_ka": "ხაშური - 11" }, "geometry": { "type": "Point", "coordinates": [ 43.572379271688888, 42.003472056869484 ] } },
{ "type": "Feature", "properties": { "id": 35012, "district_en": "Khashuri", "district_ka": "ხაშური", "precinct": 12.0, "name_en": "Khashuri - 12", "name_ka": "ხაშური - 12" }, "geometry": { "type": "Point", "coordinates": [ 43.678586577523788, 41.980888052398093 ] } },
{ "type": "Feature", "properties": { "id": 35013, "district_en": "Khashuri", "district_ka": "ხაშური", "precinct": 13.0, "name_en": "Khashuri - 13", "name_ka": "ხაშური - 13" }, "geometry": { "type": "Point", "coordinates": [ 43.547181759524506, 42.027598417738425 ] } },
{ "type": "Feature", "properties": { "id": 35014, "district_en": "Khashuri", "district_ka": "ხაშური", "precinct": 14.0, "name_en": "Khashuri - 14", "name_ka": "ხაშური - 14" }, "geometry": { "type": "Point", "coordinates": [ 43.561101723141277, 42.02244191547036 ] } },
{ "type": "Feature", "properties": { "id": 35015, "district_en": "Khashuri", "district_ka": "ხაშური", "precinct": 15.0, "name_en": "Khashuri - 15", "name_ka": "ხაშური - 15" }, "geometry": { "type": "Point", "coordinates": [ 43.566407561302185, 42.014312306315645 ] } },
{ "type": "Feature", "properties": { "id": 35016, "district_en": "Khashuri", "district_ka": "ხაშური", "precinct": 16.0, "name_en": "Khashuri - 16", "name_ka": "ხაშური - 16" }, "geometry": { "type": "Point", "coordinates": [ 43.55207479507601, 42.001065519687188 ] } },
{ "type": "Feature", "properties": { "id": 35017, "district_en": "Khashuri", "district_ka": "ხაშური", "precinct": 17.0, "name_en": "Khashuri - 17", "name_ka": "ხაშური - 17" }, "geometry": { "type": "Point", "coordinates": [ 43.649888634681702, 42.083939199032834 ] } },
{ "type": "Feature", "properties": { "id": 35018, "district_en": "Khashuri", "district_ka": "ხაშური", "precinct": 18.0, "name_en": "Khashuri - 18", "name_ka": "ხაშური - 18" }, "geometry": { "type": "Point", "coordinates": [ 43.611581325531006, 42.075585931002657 ] } },
{ "type": "Feature", "properties": { "id": 35019, "district_en": "Khashuri", "district_ka": "ხაშური", "precinct": 19.0, "name_en": "Khashuri - 19", "name_ka": "ხაშური - 19" }, "geometry": { "type": "Point", "coordinates": [ 43.670892704767866, 42.061643251601048 ] } },
{ "type": "Feature", "properties": { "id": 35020, "district_en": "Khashuri", "district_ka": "ხაშური", "precinct": 20.0, "name_en": "Khashuri - 20", "name_ka": "ხაშური - 20" }, "geometry": { "type": "Point", "coordinates": [ 43.7226915, 42.0215823 ] } },
{ "type": "Feature", "properties": { "id": 35021, "district_en": "Khashuri", "district_ka": "ხაშური", "precinct": 21.0, "name_en": "Khashuri - 21", "name_ka": "ხაშური - 21" }, "geometry": { "type": "Point", "coordinates": [ 43.680477301188603, 42.021904649344059 ] } },
{ "type": "Feature", "properties": { "id": 35022, "district_en": "Khashuri", "district_ka": "ხაშური", "precinct": 22.0, "name_en": "Khashuri - 22", "name_ka": "ხაშური - 22" }, "geometry": { "type": "Point", "coordinates": [ 43.70691015988006, 42.042650045808948 ] } },
{ "type": "Feature", "properties": { "id": 35023, "district_en": "Khashuri", "district_ka": "ხაშური", "precinct": 23.0, "name_en": "Khashuri - 23", "name_ka": "ხაშური - 23" }, "geometry": { "type": "Point", "coordinates": [ 43.6357061, 42.0041849 ] } },
{ "type": "Feature", "properties": { "id": 35024, "district_en": "Khashuri", "district_ka": "ხაშური", "precinct": 24.0, "name_en": "Khashuri - 24", "name_ka": "ხაშური - 24" }, "geometry": { "type": "Point", "coordinates": [ 43.69636595249176, 42.076919820214329 ] } },
{ "type": "Feature", "properties": { "id": 35025, "district_en": "Khashuri", "district_ka": "ხაშური", "precinct": 25.0, "name_en": "Khashuri - 25", "name_ka": "ხაშური - 25" }, "geometry": { "type": "Point", "coordinates": [ 43.702701330184937, 42.093477620550779 ] } },
{ "type": "Feature", "properties": { "id": 35026, "district_en": "Khashuri", "district_ka": "ხაშური", "precinct": 26.0, "name_en": "Khashuri - 26", "name_ka": "ხაშური - 26" }, "geometry": { "type": "Point", "coordinates": [ 43.500787317752838, 41.950719511005879 ] } },
{ "type": "Feature", "properties": { "id": 35027, "district_en": "Khashuri", "district_ka": "ხაშური", "precinct": 27.0, "name_en": "Khashuri - 27", "name_ka": "ხაშური - 27" }, "geometry": { "type": "Point", "coordinates": [ 43.505457043647766, 41.963060222279552 ] } },
{ "type": "Feature", "properties": { "id": 35028, "district_en": "Khashuri", "district_ka": "ხაშური", "precinct": 28.0, "name_en": "Khashuri - 28", "name_ka": "ხაშური - 28" }, "geometry": { "type": "Point", "coordinates": [ 43.538271188735962, 41.987435426752697 ] } },
{ "type": "Feature", "properties": { "id": 35029, "district_en": "Khashuri", "district_ka": "ხაშური", "precinct": 29.0, "name_en": "Khashuri - 29", "name_ka": "ხაშური - 29" }, "geometry": { "type": "Point", "coordinates": [ 43.574322752045418, 42.048747122987102 ] } },
{ "type": "Feature", "properties": { "id": 35030, "district_en": "Khashuri", "district_ka": "ხაშური", "precinct": 30.0, "name_en": "Khashuri - 30", "name_ka": "ხაშური - 30" }, "geometry": { "type": "Point", "coordinates": [ 43.580489158630371, 41.978726509949006 ] } },
{ "type": "Feature", "properties": { "id": 35031, "district_en": "Khashuri", "district_ka": "ხაშური", "precinct": 31.0, "name_en": "Khashuri - 31", "name_ka": "ხაშური - 31" }, "geometry": { "type": "Point", "coordinates": [ 43.697744607925415, 42.119601408317116 ] } },
{ "type": "Feature", "properties": { "id": 35032, "district_en": "Khashuri", "district_ka": "ხაშური", "precinct": 32.0, "name_en": "Khashuri - 32", "name_ka": "ხაშური - 32" }, "geometry": { "type": "Point", "coordinates": [ 43.669726252555847, 42.113059532249473 ] } },
{ "type": "Feature", "properties": { "id": 35033, "district_en": "Khashuri", "district_ka": "ხაშური", "precinct": 33.0, "name_en": "Khashuri - 33", "name_ka": "ხაშური - 33" }, "geometry": { "type": "Point", "coordinates": [ 43.737218, 41.995726 ] } },
{ "type": "Feature", "properties": { "id": 35034, "district_en": "Khashuri", "district_ka": "ხაშური", "precinct": 34.0, "name_en": "Khashuri - 34", "name_ka": "ხაშური - 34" }, "geometry": { "type": "Point", "coordinates": [ 43.750866693254089, 41.969596599408341 ] } },
{ "type": "Feature", "properties": { "id": 35035, "district_en": "Khashuri", "district_ka": "ხაშური", "precinct": 35.0, "name_en": "Khashuri - 35", "name_ka": "ხაშური - 35" }, "geometry": { "type": "Point", "coordinates": [ 43.64220142364502, 41.959749388362454 ] } },
{ "type": "Feature", "properties": { "id": 35036, "district_en": "Khashuri", "district_ka": "ხაშური", "precinct": 36.0, "name_en": "Khashuri - 36", "name_ka": "ხაშური - 36" }, "geometry": { "type": "Point", "coordinates": [ 43.595308756998115, 41.982489220390313 ] } },
{ "type": "Feature", "properties": { "id": 35037, "district_en": "Khashuri", "district_ka": "ხაშური", "precinct": 37.0, "name_en": "Khashuri - 37", "name_ka": "ხაშური - 37" }, "geometry": { "type": "Point", "coordinates": [ 43.531292080879211, 42.028577314354223 ] } },
{ "type": "Feature", "properties": { "id": 35038, "district_en": "Khashuri", "district_ka": "ხაშური", "precinct": 38.0, "name_en": "Khashuri - 38", "name_ka": "ხაშური - 38" }, "geometry": { "type": "Point", "coordinates": [ 43.659308552742004, 42.095519675470833 ] } },
{ "type": "Feature", "properties": { "id": 36001, "district_en": "Borjomi", "district_ka": "ბორჯომი", "precinct": 1.0, "name_en": "Borjomi - 1", "name_ka": "ბორჯომი - 1" }, "geometry": { "type": "Point", "coordinates": [ 43.40828010674592, 41.846771420610416 ] } },
{ "type": "Feature", "properties": { "id": 36002, "district_en": "Borjomi", "district_ka": "ბორჯომი", "precinct": 2.0, "name_en": "Borjomi - 2", "name_ka": "ბორჯომი - 2" }, "geometry": { "type": "Point", "coordinates": [ 43.413241479701625, 41.852550351360833 ] } },
{ "type": "Feature", "properties": { "id": 36003, "district_en": "Borjomi", "district_ka": "ბორჯომი", "precinct": 3.0, "name_en": "Borjomi - 3", "name_ka": "ბორჯომი - 3" }, "geometry": { "type": "Point", "coordinates": [ 43.390268592065468, 41.843137962056758 ] } },
{ "type": "Feature", "properties": { "id": 36004, "district_en": "Borjomi", "district_ka": "ბორჯომი", "precinct": 4.0, "name_en": "Borjomi - 4", "name_ka": "ბორჯომი - 4" }, "geometry": { "type": "Point", "coordinates": [ 43.382833800000071, 41.8412577 ] } },
{ "type": "Feature", "properties": { "id": 36005, "district_en": "Borjomi", "district_ka": "ბორჯომი", "precinct": 5.0, "name_en": "Borjomi - 5", "name_ka": "ბორჯომი - 5" }, "geometry": { "type": "Point", "coordinates": [ 43.378321075393615, 41.841134099587542 ] } },
{ "type": "Feature", "properties": { "id": 36006, "district_en": "Borjomi", "district_ka": "ბორჯომი", "precinct": 6.0, "name_en": "Borjomi - 6", "name_ka": "ბორჯომი - 6" }, "geometry": { "type": "Point", "coordinates": [ 43.374333869311499, 41.833544493902217 ] } },
{ "type": "Feature", "properties": { "id": 36007, "district_en": "Borjomi", "district_ka": "ბორჯომი", "precinct": 7.0, "name_en": "Borjomi - 7", "name_ka": "ბორჯომი - 7" }, "geometry": { "type": "Point", "coordinates": [ 43.366434423187229, 41.83334044467329 ] } },
{ "type": "Feature", "properties": { "id": 36008, "district_en": "Borjomi", "district_ka": "ბორჯომი", "precinct": 8.0, "name_en": "Borjomi - 8", "name_ka": "ბორჯომი - 8" }, "geometry": { "type": "Point", "coordinates": [ 43.351751814697309, 41.828432029872786 ] } },
{ "type": "Feature", "properties": { "id": 36009, "district_en": "Borjomi", "district_ka": "ბორჯომი", "precinct": 9.0, "name_en": "Borjomi - 9", "name_ka": "ბორჯომი - 9" }, "geometry": { "type": "Point", "coordinates": [ 43.484772192493246, 41.930094927442596 ] } },
{ "type": "Feature", "properties": { "id": 36010, "district_en": "Borjomi", "district_ka": "ბორჯომი", "precinct": 10.0, "name_en": "Borjomi - 10", "name_ka": "ბორჯომი - 10" }, "geometry": { "type": "Point", "coordinates": [ 43.528427116621934, 41.749807625746143 ] } },
{ "type": "Feature", "properties": { "id": 36011, "district_en": "Borjomi", "district_ka": "ბორჯომი", "precinct": 11.0, "name_en": "Borjomi - 11", "name_ka": "ბორჯომი - 11" }, "geometry": { "type": "Point", "coordinates": [ 43.528224664597396, 41.749745175259363 ] } },
{ "type": "Feature", "properties": { "id": 36012, "district_en": "Borjomi", "district_ka": "ბორჯომი", "precinct": 12.0, "name_en": "Borjomi - 12", "name_ka": "ბორჯომი - 12" }, "geometry": { "type": "Point", "coordinates": [ 43.470529700247198, 41.734460990317913 ] } },
{ "type": "Feature", "properties": { "id": 36013, "district_en": "Borjomi", "district_ka": "ბორჯომი", "precinct": 13.0, "name_en": "Borjomi - 13", "name_ka": "ბორჯომი - 13" }, "geometry": { "type": "Point", "coordinates": [ 43.482571790362009, 41.798805762009252 ] } },
{ "type": "Feature", "properties": { "id": 36014, "district_en": "Borjomi", "district_ka": "ბორჯომი", "precinct": 14.0, "name_en": "Borjomi - 14", "name_ka": "ბორჯომი - 14" }, "geometry": { "type": "Point", "coordinates": [ 43.543620712966913, 41.616821239690729 ] } },
{ "type": "Feature", "properties": { "id": 36015, "district_en": "Borjomi", "district_ka": "ბორჯომი", "precinct": 15.0, "name_en": "Borjomi - 15", "name_ka": "ბორჯომი - 15" }, "geometry": { "type": "Point", "coordinates": [ 43.262242376804352, 41.774740303462202 ] } },
{ "type": "Feature", "properties": { "id": 36016, "district_en": "Borjomi", "district_ka": "ბორჯომი", "precinct": 16.0, "name_en": "Borjomi - 16", "name_ka": "ბორჯომი - 16" }, "geometry": { "type": "Point", "coordinates": [ 43.3012797, 41.7771089 ] } },
{ "type": "Feature", "properties": { "id": 36017, "district_en": "Borjomi", "district_ka": "ბორჯომი", "precinct": 17.0, "name_en": "Borjomi - 17", "name_ka": "ბორჯომი - 17" }, "geometry": { "type": "Point", "coordinates": [ 43.62046553743437, 41.664912835854061 ] } },
{ "type": "Feature", "properties": { "id": 36018, "district_en": "Borjomi", "district_ka": "ბორჯომი", "precinct": 18.0, "name_en": "Borjomi - 18", "name_ka": "ბორჯომი - 18" }, "geometry": { "type": "Point", "coordinates": [ 43.274319125239558, 41.734181398931369 ] } },
{ "type": "Feature", "properties": { "id": 36019, "district_en": "Borjomi", "district_ka": "ბორჯომი", "precinct": 19.0, "name_en": "Borjomi - 19", "name_ka": "ბორჯომი - 19" }, "geometry": { "type": "Point", "coordinates": [ 43.443304061693532, 41.799735104474081 ] } },
{ "type": "Feature", "properties": { "id": 36020, "district_en": "Borjomi", "district_ka": "ბორჯომი", "precinct": 20.0, "name_en": "Borjomi - 20", "name_ka": "ბორჯომი - 20" }, "geometry": { "type": "Point", "coordinates": [ 43.421487808227539, 41.860284458356013 ] } },
{ "type": "Feature", "properties": { "id": 36021, "district_en": "Borjomi", "district_ka": "ბორჯომი", "precinct": 21.0, "name_en": "Borjomi - 21", "name_ka": "ბორჯომი - 21" }, "geometry": { "type": "Point", "coordinates": [ 43.44320476332085, 41.893312657408956 ] } },
{ "type": "Feature", "properties": { "id": 36022, "district_en": "Borjomi", "district_ka": "ბორჯომი", "precinct": 22.0, "name_en": "Borjomi - 22", "name_ka": "ბორჯომი - 22" }, "geometry": { "type": "Point", "coordinates": [ 43.418492900000047, 41.8756037 ] } },
{ "type": "Feature", "properties": { "id": 36023, "district_en": "Borjomi", "district_ka": "ბორჯომი", "precinct": 23.0, "name_en": "Borjomi - 23", "name_ka": "ბორჯომი - 23" }, "geometry": { "type": "Point", "coordinates": [ 43.441035282278449, 41.718076433032287 ] } },
{ "type": "Feature", "properties": { "id": 36024, "district_en": "Borjomi", "district_ka": "ბორჯომი", "precinct": 24.0, "name_en": "Borjomi - 24", "name_ka": "ბორჯომი - 24" }, "geometry": { "type": "Point", "coordinates": [ 43.58779630185245, 41.645575292057273 ] } },
{ "type": "Feature", "properties": { "id": 37001, "district_en": "Akhaltsikhe", "district_ka": "ახალციხე", "precinct": 1.0, "name_en": "Akhaltsikhe - 1", "name_ka": "ახალციხე - 1" }, "geometry": { "type": "Point", "coordinates": [ 42.985872010671216, 41.641314871316119 ] } },
{ "type": "Feature", "properties": { "id": 37002, "district_en": "Akhaltsikhe", "district_ka": "ახალციხე", "precinct": 2.0, "name_en": "Akhaltsikhe - 2", "name_ka": "ახალციხე - 2" }, "geometry": { "type": "Point", "coordinates": [ 42.990839721054108, 41.636092710877762 ] } },
{ "type": "Feature", "properties": { "id": 37003, "district_en": "Akhaltsikhe", "district_ka": "ახალციხე", "precinct": 3.0, "name_en": "Akhaltsikhe - 3", "name_ka": "ახალციხე - 3" }, "geometry": { "type": "Point", "coordinates": [ 42.993036259421622, 41.642133069931582 ] } },
{ "type": "Feature", "properties": { "id": 37004, "district_en": "Akhaltsikhe", "district_ka": "ახალციხე", "precinct": 4.0, "name_en": "Akhaltsikhe - 4", "name_ka": "ახალციხე - 4" }, "geometry": { "type": "Point", "coordinates": [ 42.980071306228638, 41.640310906796223 ] } },
{ "type": "Feature", "properties": { "id": 37005, "district_en": "Akhaltsikhe", "district_ka": "ახალციხე", "precinct": 5.0, "name_en": "Akhaltsikhe - 5", "name_ka": "ახალციხე - 5" }, "geometry": { "type": "Point", "coordinates": [ 42.977891382063696, 41.642632593399277 ] } },
{ "type": "Feature", "properties": { "id": 37006, "district_en": "Akhaltsikhe", "district_ka": "ახალციხე", "precinct": 6.0, "name_en": "Akhaltsikhe - 6", "name_ka": "ახალციხე - 6" }, "geometry": { "type": "Point", "coordinates": [ 42.984313135677247, 41.644355737112555 ] } },
{ "type": "Feature", "properties": { "id": 37007, "district_en": "Akhaltsikhe", "district_ka": "ახალციხე", "precinct": 7.0, "name_en": "Akhaltsikhe - 7", "name_ka": "ახალციხე - 7" }, "geometry": { "type": "Point", "coordinates": [ 43.016325574647155, 41.653918192925786 ] } },
{ "type": "Feature", "properties": { "id": 37008, "district_en": "Akhaltsikhe", "district_ka": "ახალციხე", "precinct": 8.0, "name_en": "Akhaltsikhe - 8", "name_ka": "ახალციხე - 8" }, "geometry": { "type": "Point", "coordinates": [ 43.001333005692672, 41.639310421235692 ] } },
{ "type": "Feature", "properties": { "id": 37009, "district_en": "Akhaltsikhe", "district_ka": "ახალციხე", "precinct": 9.0, "name_en": "Akhaltsikhe - 9", "name_ka": "ახალციხე - 9" }, "geometry": { "type": "Point", "coordinates": [ 42.876393832369786, 41.619207302191498 ] } },
{ "type": "Feature", "properties": { "id": 37010, "district_en": "Akhaltsikhe", "district_ka": "ახალციხე", "precinct": 10.0, "name_en": "Akhaltsikhe - 10", "name_ka": "ახალციხე - 10" }, "geometry": { "type": "Point", "coordinates": [ 42.882467105333163, 41.618156825555808 ] } },
{ "type": "Feature", "properties": { "id": 37011, "district_en": "Akhaltsikhe", "district_ka": "ახალციხე", "precinct": 11.0, "name_en": "Akhaltsikhe - 11", "name_ka": "ახალციხე - 11" }, "geometry": { "type": "Point", "coordinates": [ 42.886263232921316, 41.639219850850075 ] } },
{ "type": "Feature", "properties": { "id": 37012, "district_en": "Akhaltsikhe", "district_ka": "ახალციხე", "precinct": 12.0, "name_en": "Akhaltsikhe - 12", "name_ka": "ახალციხე - 12" }, "geometry": { "type": "Point", "coordinates": [ 43.127591160816259, 41.686386358525368 ] } },
{ "type": "Feature", "properties": { "id": 37013, "district_en": "Akhaltsikhe", "district_ka": "ახალციხე", "precinct": 13.0, "name_en": "Akhaltsikhe - 13", "name_ka": "ახალციხე - 13" }, "geometry": { "type": "Point", "coordinates": [ 43.032551573825067, 41.581303311092007 ] } },
{ "type": "Feature", "properties": { "id": 37014, "district_en": "Akhaltsikhe", "district_ka": "ახალციხე", "precinct": 14.0, "name_en": "Akhaltsikhe - 14", "name_ka": "ახალციხე - 14" }, "geometry": { "type": "Point", "coordinates": [ 43.160020789440424, 41.72906808154022 ] } },
{ "type": "Feature", "properties": { "id": 37015, "district_en": "Akhaltsikhe", "district_ka": "ახალციხე", "precinct": 15.0, "name_en": "Akhaltsikhe - 15", "name_ka": "ახალციხე - 15" }, "geometry": { "type": "Point", "coordinates": [ 42.918568613119774, 41.708863697662792 ] } },
{ "type": "Feature", "properties": { "id": 37016, "district_en": "Akhaltsikhe", "district_ka": "ახალციხე", "precinct": 16.0, "name_en": "Akhaltsikhe - 16", "name_ka": "ახალციხე - 16" }, "geometry": { "type": "Point", "coordinates": [ 43.029360820625456, 41.677477814072056 ] } },
{ "type": "Feature", "properties": { "id": 37017, "district_en": "Akhaltsikhe", "district_ka": "ახალციხე", "precinct": 17.0, "name_en": "Akhaltsikhe - 17", "name_ka": "ახალციხე - 17" }, "geometry": { "type": "Point", "coordinates": [ 43.040162531881542, 41.637464248705179 ] } },
{ "type": "Feature", "properties": { "id": 37018, "district_en": "Akhaltsikhe", "district_ka": "ახალციხე", "precinct": 18.0, "name_en": "Akhaltsikhe - 18", "name_ka": "ახალციხე - 18" }, "geometry": { "type": "Point", "coordinates": [ 42.918059257632947, 41.615589787524236 ] } },
{ "type": "Feature", "properties": { "id": 37019, "district_en": "Akhaltsikhe", "district_ka": "ახალციხე", "precinct": 19.0, "name_en": "Akhaltsikhe - 19", "name_ka": "ახალციხე - 19" }, "geometry": { "type": "Point", "coordinates": [ 42.945404236487647, 41.622451436645754 ] } },
{ "type": "Feature", "properties": { "id": 37020, "district_en": "Akhaltsikhe", "district_ka": "ახალციხე", "precinct": 20.0, "name_en": "Akhaltsikhe - 20", "name_ka": "ახალციხე - 20" }, "geometry": { "type": "Point", "coordinates": [ 42.993903133635598, 41.707576236106604 ] } },
{ "type": "Feature", "properties": { "id": 37021, "district_en": "Akhaltsikhe", "district_ka": "ახალციხე", "precinct": 21.0, "name_en": "Akhaltsikhe - 21", "name_ka": "ახალციხე - 21" }, "geometry": { "type": "Point", "coordinates": [ 42.938306226270221, 41.641731152801178 ] } },
{ "type": "Feature", "properties": { "id": 37022, "district_en": "Akhaltsikhe", "district_ka": "ახალციხე", "precinct": 22.0, "name_en": "Akhaltsikhe - 22", "name_ka": "ახალციხე - 22" }, "geometry": { "type": "Point", "coordinates": [ 43.073300686831715, 41.554420317376213 ] } },
{ "type": "Feature", "properties": { "id": 37023, "district_en": "Akhaltsikhe", "district_ka": "ახალციხე", "precinct": 23.0, "name_en": "Akhaltsikhe - 23", "name_ka": "ახალციხე - 23" }, "geometry": { "type": "Point", "coordinates": [ 43.074736624184659, 41.699786170003463 ] } },
{ "type": "Feature", "properties": { "id": 37024, "district_en": "Akhaltsikhe", "district_ka": "ახალციხე", "precinct": 24.0, "name_en": "Akhaltsikhe - 24", "name_ka": "ახალციხე - 24" }, "geometry": { "type": "Point", "coordinates": [ 42.871361414672506, 41.585869514167385 ] } },
{ "type": "Feature", "properties": { "id": 37025, "district_en": "Akhaltsikhe", "district_ka": "ახალციხე", "precinct": 25.0, "name_en": "Akhaltsikhe - 25", "name_ka": "ახალციხე - 25" }, "geometry": { "type": "Point", "coordinates": [ 42.9985911, 41.6392462 ] } },
{ "type": "Feature", "properties": { "id": 37026, "district_en": "Akhaltsikhe", "district_ka": "ახალციხე", "precinct": 26.0, "name_en": "Akhaltsikhe - 26", "name_ka": "ახალციხე - 26" }, "geometry": { "type": "Point", "coordinates": [ 42.864899707877115, 41.59825904661799 ] } },
{ "type": "Feature", "properties": { "id": 37027, "district_en": "Akhaltsikhe", "district_ka": "ახალციხე", "precinct": 27.0, "name_en": "Akhaltsikhe - 27", "name_ka": "ახალციხე - 27" }, "geometry": { "type": "Point", "coordinates": [ 42.944366978728922, 41.678711686602107 ] } },
{ "type": "Feature", "properties": { "id": 37028, "district_en": "Akhaltsikhe", "district_ka": "ახალციხე", "precinct": 28.0, "name_en": "Akhaltsikhe - 28", "name_ka": "ახალციხე - 28" }, "geometry": { "type": "Point", "coordinates": [ 43.163219178008418, 41.73066297730697 ] } },
{ "type": "Feature", "properties": { "id": 38001, "district_en": "Adigeni", "district_ka": "ადიგენი", "precinct": 1.0, "name_en": "Adigeni - 1", "name_ka": "ადიგენი - 1" }, "geometry": { "type": "Point", "coordinates": [ 42.709618334880197, 41.673769026943063 ] } },
{ "type": "Feature", "properties": { "id": 38002, "district_en": "Adigeni", "district_ka": "ადიგენი", "precinct": 2.0, "name_en": "Adigeni - 2", "name_ka": "ადიგენი - 2" }, "geometry": { "type": "Point", "coordinates": [ 42.834234469203352, 41.746491189725958 ] } },
{ "type": "Feature", "properties": { "id": 38003, "district_en": "Adigeni", "district_ka": "ადიგენი", "precinct": 3.0, "name_en": "Adigeni - 3", "name_ka": "ადიგენი - 3" }, "geometry": { "type": "Point", "coordinates": [ 42.822412242991625, 41.634567331820449 ] } },
{ "type": "Feature", "properties": { "id": 38004, "district_en": "Adigeni", "district_ka": "ადიგენი", "precinct": 4.0, "name_en": "Adigeni - 4", "name_ka": "ადიგენი - 4" }, "geometry": { "type": "Point", "coordinates": [ 42.826391458511353, 41.665354238069767 ] } },
{ "type": "Feature", "properties": { "id": 38005, "district_en": "Adigeni", "district_ka": "ადიგენი", "precinct": 5.0, "name_en": "Adigeni - 5", "name_ka": "ადიგენი - 5" }, "geometry": { "type": "Point", "coordinates": [ 42.77883720149692, 41.668765114657418 ] } },
{ "type": "Feature", "properties": { "id": 38006, "district_en": "Adigeni", "district_ka": "ადიგენი", "precinct": 6.0, "name_en": "Adigeni - 6", "name_ka": "ადიგენი - 6" }, "geometry": { "type": "Point", "coordinates": [ 42.842762776709037, 41.694304143023082 ] } },
{ "type": "Feature", "properties": { "id": 38007, "district_en": "Adigeni", "district_ka": "ადიგენი", "precinct": 7.0, "name_en": "Adigeni - 7", "name_ka": "ადიგენი - 7" }, "geometry": { "type": "Point", "coordinates": [ 42.726366957339366, 41.694472881411649 ] } },
{ "type": "Feature", "properties": { "id": 38008, "district_en": "Adigeni", "district_ka": "ადიგენი", "precinct": 8.0, "name_en": "Adigeni - 8", "name_ka": "ადიგენი - 8" }, "geometry": { "type": "Point", "coordinates": [ 42.725681158154046, 41.660982870167132 ] } },
{ "type": "Feature", "properties": { "id": 38009, "district_en": "Adigeni", "district_ka": "ადიგენი", "precinct": 9.0, "name_en": "Adigeni - 9", "name_ka": "ადიგენი - 9" }, "geometry": { "type": "Point", "coordinates": [ 42.669799232788144, 41.686324536572315 ] } },
{ "type": "Feature", "properties": { "id": 38010, "district_en": "Adigeni", "district_ka": "ადიგენი", "precinct": 10.0, "name_en": "Adigeni - 10", "name_ka": "ადიგენი - 10" }, "geometry": { "type": "Point", "coordinates": [ 42.598449289798737, 41.713097150362536 ] } },
{ "type": "Feature", "properties": { "id": 38011, "district_en": "Adigeni", "district_ka": "ადიგენი", "precinct": 11.0, "name_en": "Adigeni - 11", "name_ka": "ადიგენი - 11" }, "geometry": { "type": "Point", "coordinates": [ 42.584672706151665, 41.75010037566102 ] } },
{ "type": "Feature", "properties": { "id": 38012, "district_en": "Adigeni", "district_ka": "ადიგენი", "precinct": 12.0, "name_en": "Adigeni - 12", "name_ka": "ადიგენი - 12" }, "geometry": { "type": "Point", "coordinates": [ 42.790617889449315, 41.640177041522563 ] } },
{ "type": "Feature", "properties": { "id": 38013, "district_en": "Adigeni", "district_ka": "ადიგენი", "precinct": 13.0, "name_en": "Adigeni - 13", "name_ka": "ადიგენი - 13" }, "geometry": { "type": "Point", "coordinates": [ 42.791367173194885, 41.695402996011147 ] } },
{ "type": "Feature", "properties": { "id": 38014, "district_en": "Adigeni", "district_ka": "ადიგენი", "precinct": 14.0, "name_en": "Adigeni - 14", "name_ka": "ადიგენი - 14" }, "geometry": { "type": "Point", "coordinates": [ 42.748981766270397, 41.671905450065367 ] } },
{ "type": "Feature", "properties": { "id": 38015, "district_en": "Adigeni", "district_ka": "ადიგენი", "precinct": 15.0, "name_en": "Adigeni - 15", "name_ka": "ადიგენი - 15" }, "geometry": { "type": "Point", "coordinates": [ 42.611213944705248, 41.698895590953995 ] } },
{ "type": "Feature", "properties": { "id": 38016, "district_en": "Adigeni", "district_ka": "ადიგენი", "precinct": 16.0, "name_en": "Adigeni - 16", "name_ka": "ადიგენი - 16" }, "geometry": { "type": "Point", "coordinates": [ 42.802392021821113, 41.633085255391784 ] } },
{ "type": "Feature", "properties": { "id": 39001, "district_en": "Aspindza", "district_ka": "ასპინძა", "precinct": 1.0, "name_en": "Aspindza - 1", "name_ka": "ასპინძა - 1" }, "geometry": { "type": "Point", "coordinates": [ 43.250183553581259, 41.574928614078651 ] } },
{ "type": "Feature", "properties": { "id": 39002, "district_en": "Aspindza", "district_ka": "ასპინძა", "precinct": 2.0, "name_en": "Aspindza - 2", "name_ka": "ასპინძა - 2" }, "geometry": { "type": "Point", "coordinates": [ 43.244895845754968, 41.547227680856949 ] } },
{ "type": "Feature", "properties": { "id": 39003, "district_en": "Aspindza", "district_ka": "ასპინძა", "precinct": 3.0, "name_en": "Aspindza - 3", "name_ka": "ასპინძა - 3" }, "geometry": { "type": "Point", "coordinates": [ 43.25484657946776, 41.502447722857383 ] } },
{ "type": "Feature", "properties": { "id": 39004, "district_en": "Aspindza", "district_ka": "ასპინძა", "precinct": 4.0, "name_en": "Aspindza - 4", "name_ka": "ასპინძა - 4" }, "geometry": { "type": "Point", "coordinates": [ 43.28876662055437, 41.578523616200712 ] } },
{ "type": "Feature", "properties": { "id": 39005, "district_en": "Aspindza", "district_ka": "ასპინძა", "precinct": 5.0, "name_en": "Aspindza - 5", "name_ka": "ასპინძა - 5" }, "geometry": { "type": "Point", "coordinates": [ 43.351359328172286, 41.513978002784043 ] } },
{ "type": "Feature", "properties": { "id": 39006, "district_en": "Aspindza", "district_ka": "ასპინძა", "precinct": 6.0, "name_en": "Aspindza - 6", "name_ka": "ასპინძა - 6" }, "geometry": { "type": "Point", "coordinates": [ 43.374720811843872, 41.492842102635024 ] } },
{ "type": "Feature", "properties": { "id": 39007, "district_en": "Aspindza", "district_ka": "ასპინძა", "precinct": 7.0, "name_en": "Aspindza - 7", "name_ka": "ასპინძა - 7" }, "geometry": { "type": "Point", "coordinates": [ 43.230491574204976, 41.59149451227055 ] } },
{ "type": "Feature", "properties": { "id": 39008, "district_en": "Aspindza", "district_ka": "ასპინძა", "precinct": 8.0, "name_en": "Aspindza - 8", "name_ka": "ასპინძა - 8" }, "geometry": { "type": "Point", "coordinates": [ 43.239932556730651, 41.615018994471058 ] } },
{ "type": "Feature", "properties": { "id": 39009, "district_en": "Aspindza", "district_ka": "ასპინძა", "precinct": 9.0, "name_en": "Aspindza - 9", "name_ka": "ასპინძა - 9" }, "geometry": { "type": "Point", "coordinates": [ 43.325112277432247, 41.416732151993799 ] } },
{ "type": "Feature", "properties": { "id": 39010, "district_en": "Aspindza", "district_ka": "ასპინძა", "precinct": 10.0, "name_en": "Aspindza - 10", "name_ka": "ასპინძა - 10" }, "geometry": { "type": "Point", "coordinates": [ 43.326762929469261, 41.402388361324647 ] } },
{ "type": "Feature", "properties": { "id": 39011, "district_en": "Aspindza", "district_ka": "ასპინძა", "precinct": 11.0, "name_en": "Aspindza - 11", "name_ka": "ასპინძა - 11" }, "geometry": { "type": "Point", "coordinates": [ 43.257323140475471, 41.338062462991509 ] } },
{ "type": "Feature", "properties": { "id": 39012, "district_en": "Aspindza", "district_ka": "ასპინძა", "precinct": 12.0, "name_en": "Aspindza - 12", "name_ka": "ასპინძა - 12" }, "geometry": { "type": "Point", "coordinates": [ 43.301807861585289, 41.619948714241524 ] } },
{ "type": "Feature", "properties": { "id": 39013, "district_en": "Aspindza", "district_ka": "ასპინძა", "precinct": 13.0, "name_en": "Aspindza - 13", "name_ka": "ასპინძა - 13" }, "geometry": { "type": "Point", "coordinates": [ 43.19232954208065, 41.578643772751853 ] } },
{ "type": "Feature", "properties": { "id": 39014, "district_en": "Aspindza", "district_ka": "ასპინძა", "precinct": 14.0, "name_en": "Aspindza - 14", "name_ka": "ასპინძა - 14" }, "geometry": { "type": "Point", "coordinates": [ 43.202732303041095, 41.576153761112629 ] } },
{ "type": "Feature", "properties": { "id": 39015, "district_en": "Aspindza", "district_ka": "ასპინძა", "precinct": 15.0, "name_en": "Aspindza - 15", "name_ka": "ასპინძა - 15" }, "geometry": { "type": "Point", "coordinates": [ 43.133262241664184, 41.62276761524037 ] } },
{ "type": "Feature", "properties": { "id": 39016, "district_en": "Aspindza", "district_ka": "ასპინძა", "precinct": 16.0, "name_en": "Aspindza - 16", "name_ka": "ასპინძა - 16" }, "geometry": { "type": "Point", "coordinates": [ 43.256160214541637, 41.480422318036489 ] } },
{ "type": "Feature", "properties": { "id": 39017, "district_en": "Aspindza", "district_ka": "ასპინძა", "precinct": 17.0, "name_en": "Aspindza - 17", "name_ka": "ასპინძა - 17" }, "geometry": { "type": "Point", "coordinates": [ 43.28620743961141, 41.477571624583362 ] } },
{ "type": "Feature", "properties": { "id": 39018, "district_en": "Aspindza", "district_ka": "ასპინძა", "precinct": 18.0, "name_en": "Aspindza - 18", "name_ka": "ასპინძა - 18" }, "geometry": { "type": "Point", "coordinates": [ 43.150567280142212, 41.580005951183736 ] } },
{ "type": "Feature", "properties": { "id": 39019, "district_en": "Aspindza", "district_ka": "ასპინძა", "precinct": 19.0, "name_en": "Aspindza - 19", "name_ka": "ასპინძა - 19" }, "geometry": { "type": "Point", "coordinates": [ 43.13193924547727, 41.576909938030688 ] } },
{ "type": "Feature", "properties": { "id": 39020, "district_en": "Aspindza", "district_ka": "ასპინძა", "precinct": 20.0, "name_en": "Aspindza - 20", "name_ka": "ასპინძა - 20" }, "geometry": { "type": "Point", "coordinates": [ 43.289769615869098, 41.51947187010753 ] } },
{ "type": "Feature", "properties": { "id": 39021, "district_en": "Aspindza", "district_ka": "ასპინძა", "precinct": 21.0, "name_en": "Aspindza - 21", "name_ka": "ასპინძა - 21" }, "geometry": { "type": "Point", "coordinates": [ 43.280389733451791, 41.503238419257428 ] } },
{ "type": "Feature", "properties": { "id": 39022, "district_en": "Aspindza", "district_ka": "ასპინძა", "precinct": 22.0, "name_en": "Aspindza - 22", "name_ka": "ასპინძა - 22" }, "geometry": { "type": "Point", "coordinates": [ 43.26367697497701, 41.504253776045708 ] } },
{ "type": "Feature", "properties": { "id": 39023, "district_en": "Aspindza", "district_ka": "ასპინძა", "precinct": 23.0, "name_en": "Aspindza - 23", "name_ka": "ასპინძა - 23" }, "geometry": { "type": "Point", "coordinates": [ 43.253514479679566, 41.568383791826271 ] } },
{ "type": "Feature", "properties": { "id": 40001, "district_en": "Akhalkalaki", "district_ka": "ახალქალაქი", "precinct": 1.0, "name_en": "Akhalkalaki - 1", "name_ka": "ახალქალაქი - 1" }, "geometry": { "type": "Point", "coordinates": [ 43.486597090959549, 41.408242935100674 ] } },
{ "type": "Feature", "properties": { "id": 40002, "district_en": "Akhalkalaki", "district_ka": "ახალქალაქი", "precinct": 2.0, "name_en": "Akhalkalaki - 2", "name_ka": "ახალქალაქი - 2" }, "geometry": { "type": "Point", "coordinates": [ 43.488192293749407, 41.401141795173892 ] } },
{ "type": "Feature", "properties": { "id": 40003, "district_en": "Akhalkalaki", "district_ka": "ახალქალაქი", "precinct": 3.0, "name_en": "Akhalkalaki - 3", "name_ka": "ახალქალაქი - 3" }, "geometry": { "type": "Point", "coordinates": [ 43.454028973016371, 41.584413612714144 ] } },
{ "type": "Feature", "properties": { "id": 40004, "district_en": "Akhalkalaki", "district_ka": "ახალქალაქი", "precinct": 4.0, "name_en": "Akhalkalaki - 4", "name_ka": "ახალქალაქი - 4" }, "geometry": { "type": "Point", "coordinates": [ 43.831500753903718, 41.625592748404955 ] } },
{ "type": "Feature", "properties": { "id": 40005, "district_en": "Akhalkalaki", "district_ka": "ახალქალაქი", "precinct": 5.0, "name_en": "Akhalkalaki - 5", "name_ka": "ახალქალაქი - 5" }, "geometry": { "type": "Point", "coordinates": [ 43.485980169311539, 41.586122238182604 ] } },
{ "type": "Feature", "properties": { "id": 40006, "district_en": "Akhalkalaki", "district_ka": "ახალქალაქი", "precinct": 6.0, "name_en": "Akhalkalaki - 6", "name_ka": "ახალქალაქი - 6" }, "geometry": { "type": "Point", "coordinates": [ 43.479713359216042, 41.569207567396461 ] } },
{ "type": "Feature", "properties": { "id": 40007, "district_en": "Akhalkalaki", "district_ka": "ახალქალაქი", "precinct": 7.0, "name_en": "Akhalkalaki - 7", "name_ka": "ახალქალაქი - 7" }, "geometry": { "type": "Point", "coordinates": [ 43.401487476801599, 41.544999889677612 ] } },
{ "type": "Feature", "properties": { "id": 40008, "district_en": "Akhalkalaki", "district_ka": "ახალქალაქი", "precinct": 8.0, "name_en": "Akhalkalaki - 8", "name_ka": "ახალქალაქი - 8" }, "geometry": { "type": "Point", "coordinates": [ 43.39490248852686, 41.515012674888219 ] } },
{ "type": "Feature", "properties": { "id": 40009, "district_en": "Akhalkalaki", "district_ka": "ახალქალაქი", "precinct": 9.0, "name_en": "Akhalkalaki - 9", "name_ka": "ახალქალაქი - 9" }, "geometry": { "type": "Point", "coordinates": [ 43.4119036, 41.5659082 ] } },
{ "type": "Feature", "properties": { "id": 40010, "district_en": "Akhalkalaki", "district_ka": "ახალქალაქი", "precinct": 10.0, "name_en": "Akhalkalaki - 10", "name_ka": "ახალქალაქი - 10" }, "geometry": { "type": "Point", "coordinates": [ 43.490077257156372, 41.48805429330325 ] } },
{ "type": "Feature", "properties": { "id": 40011, "district_en": "Akhalkalaki", "district_ka": "ახალქალაქი", "precinct": 11.0, "name_en": "Akhalkalaki - 11", "name_ka": "ახალქალაქი - 11" }, "geometry": { "type": "Point", "coordinates": [ 43.511870205402374, 41.450452774030879 ] } },
{ "type": "Feature", "properties": { "id": 40012, "district_en": "Akhalkalaki", "district_ka": "ახალქალაქი", "precinct": 12.0, "name_en": "Akhalkalaki - 12", "name_ka": "ახალქალაქი - 12" }, "geometry": { "type": "Point", "coordinates": [ 43.469461798667908, 41.47853588926975 ] } },
{ "type": "Feature", "properties": { "id": 40013, "district_en": "Akhalkalaki", "district_ka": "ახალქალაქი", "precinct": 13.0, "name_en": "Akhalkalaki - 13", "name_ka": "ახალქალაქი - 13" }, "geometry": { "type": "Point", "coordinates": [ 43.469453752040863, 41.459165227684814 ] } },
{ "type": "Feature", "properties": { "id": 40014, "district_en": "Akhalkalaki", "district_ka": "ახალქალაქი", "precinct": 14.0, "name_en": "Akhalkalaki - 14", "name_ka": "ახალქალაქი - 14" }, "geometry": { "type": "Point", "coordinates": [ 43.512938786187192, 41.545636271675356 ] } },
{ "type": "Feature", "properties": { "id": 40015, "district_en": "Akhalkalaki", "district_ka": "ახალქალაქი", "precinct": 15.0, "name_en": "Akhalkalaki - 15", "name_ka": "ახალქალაქი - 15" }, "geometry": { "type": "Point", "coordinates": [ 43.537015094442744, 41.552677836959568 ] } },
{ "type": "Feature", "properties": { "id": 40016, "district_en": "Akhalkalaki", "district_ka": "ახალქალაქი", "precinct": 16.0, "name_en": "Akhalkalaki - 16", "name_ka": "ახალქალაქი - 16" }, "geometry": { "type": "Point", "coordinates": [ 43.546945350262455, 41.543050491114677 ] } },
{ "type": "Feature", "properties": { "id": 40017, "district_en": "Akhalkalaki", "district_ka": "ახალქალაქი", "precinct": 17.0, "name_en": "Akhalkalaki - 17", "name_ka": "ახალქალაქი - 17" }, "geometry": { "type": "Point", "coordinates": [ 43.59496829745332, 41.549265385804112 ] } },
{ "type": "Feature", "properties": { "id": 40018, "district_en": "Akhalkalaki", "district_ka": "ახალქალაქი", "precinct": 18.0, "name_en": "Akhalkalaki - 18", "name_ka": "ახალქალაქი - 18" }, "geometry": { "type": "Point", "coordinates": [ 43.596668243408203, 41.540144627471349 ] } },
{ "type": "Feature", "properties": { "id": 40019, "district_en": "Akhalkalaki", "district_ka": "ახალქალაქი", "precinct": 19.0, "name_en": "Akhalkalaki - 19", "name_ka": "ახალქალაქი - 19" }, "geometry": { "type": "Point", "coordinates": [ 43.299314373016344, 41.368477725860622 ] } },
{ "type": "Feature", "properties": { "id": 40020, "district_en": "Akhalkalaki", "district_ka": "ახალქალაქი", "precinct": 20.0, "name_en": "Akhalkalaki - 20", "name_ka": "ახალქალაქი - 20" }, "geometry": { "type": "Point", "coordinates": [ 43.276273679345721, 41.36394657824092 ] } },
{ "type": "Feature", "properties": { "id": 40021, "district_en": "Akhalkalaki", "district_ka": "ახალქალაქი", "precinct": 21.0, "name_en": "Akhalkalaki - 21", "name_ka": "ახალქალაქი - 21" }, "geometry": { "type": "Point", "coordinates": [ 43.457895653816756, 41.428803949950513 ] } },
{ "type": "Feature", "properties": { "id": 40022, "district_en": "Akhalkalaki", "district_ka": "ახალქალაქი", "precinct": 22.0, "name_en": "Akhalkalaki - 22", "name_ka": "ახალქალაქი - 22" }, "geometry": { "type": "Point", "coordinates": [ 43.437496176906954, 41.359720774571414 ] } },
{ "type": "Feature", "properties": { "id": 40023, "district_en": "Akhalkalaki", "district_ka": "ახალქალაქი", "precinct": 23.0, "name_en": "Akhalkalaki - 23", "name_ka": "ახალქალაქი - 23" }, "geometry": { "type": "Point", "coordinates": [ 43.461599870623999, 41.381307392390298 ] } },
{ "type": "Feature", "properties": { "id": 40024, "district_en": "Akhalkalaki", "district_ka": "ახალქალაქი", "precinct": 24.0, "name_en": "Akhalkalaki - 24", "name_ka": "ახალქალაქი - 24" }, "geometry": { "type": "Point", "coordinates": [ 43.474141255491055, 41.361703372763159 ] } },
{ "type": "Feature", "properties": { "id": 40025, "district_en": "Akhalkalaki", "district_ka": "ახალქალაქი", "precinct": 25.0, "name_en": "Akhalkalaki - 25", "name_ka": "ახალქალაქი - 25" }, "geometry": { "type": "Point", "coordinates": [ 43.513267636299133, 41.506462217936871 ] } },
{ "type": "Feature", "properties": { "id": 40026, "district_en": "Akhalkalaki", "district_ka": "ახალქალაქი", "precinct": 26.0, "name_en": "Akhalkalaki - 26", "name_ka": "ახალქალაქი - 26" }, "geometry": { "type": "Point", "coordinates": [ 43.519136309623718, 41.516358106317718 ] } },
{ "type": "Feature", "properties": { "id": 40027, "district_en": "Akhalkalaki", "district_ka": "ახალქალაქი", "precinct": 27.0, "name_en": "Akhalkalaki - 27", "name_ka": "ახალქალაქი - 27" }, "geometry": { "type": "Point", "coordinates": [ 43.535725655938414, 41.510661347186861 ] } },
{ "type": "Feature", "properties": { "id": 40028, "district_en": "Akhalkalaki", "district_ka": "ახალქალაქი", "precinct": 28.0, "name_en": "Akhalkalaki - 28", "name_ka": "ახალქალაქი - 28" }, "geometry": { "type": "Point", "coordinates": [ 43.53492871667175, 41.493895695798848 ] } },
{ "type": "Feature", "properties": { "id": 40029, "district_en": "Akhalkalaki", "district_ka": "ახალქალაქი", "precinct": 29.0, "name_en": "Akhalkalaki - 29", "name_ka": "ახალქალაქი - 29" }, "geometry": { "type": "Point", "coordinates": [ 43.558863801656827, 41.462901252706629 ] } },
{ "type": "Feature", "properties": { "id": 40030, "district_en": "Akhalkalaki", "district_ka": "ახალქალაქი", "precinct": 30.0, "name_en": "Akhalkalaki - 30", "name_ka": "ახალქალაქი - 30" }, "geometry": { "type": "Point", "coordinates": [ 43.518581667706286, 41.50382119011352 ] } },
{ "type": "Feature", "properties": { "id": 40031, "district_en": "Akhalkalaki", "district_ka": "ახალქალაქი", "precinct": 31.0, "name_en": "Akhalkalaki - 31", "name_ka": "ახალქალაქი - 31" }, "geometry": { "type": "Point", "coordinates": [ 43.535026501405341, 41.407787011725304 ] } },
{ "type": "Feature", "properties": { "id": 40032, "district_en": "Akhalkalaki", "district_ka": "ახალქალაქი", "precinct": 32.0, "name_en": "Akhalkalaki - 32", "name_ka": "ახალქალაქი - 32" }, "geometry": { "type": "Point", "coordinates": [ 43.513627117084631, 41.4157815122446 ] } },
{ "type": "Feature", "properties": { "id": 40033, "district_en": "Akhalkalaki", "district_ka": "ახალქალაქი", "precinct": 33.0, "name_en": "Akhalkalaki - 33", "name_ka": "ახალქალაქი - 33" }, "geometry": { "type": "Point", "coordinates": [ 43.611063922892754, 41.402586021884701 ] } },
{ "type": "Feature", "properties": { "id": 40034, "district_en": "Akhalkalaki", "district_ka": "ახალქალაქი", "precinct": 34.0, "name_en": "Akhalkalaki - 34", "name_ka": "ახალქალაქი - 34" }, "geometry": { "type": "Point", "coordinates": [ 43.492646813392639, 41.420082719137696 ] } },
{ "type": "Feature", "properties": { "id": 40035, "district_en": "Akhalkalaki", "district_ka": "ახალქალაქი", "precinct": 35.0, "name_en": "Akhalkalaki - 35", "name_ka": "ახალქალაქი - 35" }, "geometry": { "type": "Point", "coordinates": [ 43.572846205360982, 41.422614542054447 ] } },
{ "type": "Feature", "properties": { "id": 40036, "district_en": "Akhalkalaki", "district_ka": "ახალქალაქი", "precinct": 36.0, "name_en": "Akhalkalaki - 36", "name_ka": "ახალქალაქი - 36" }, "geometry": { "type": "Point", "coordinates": [ 43.279537117375135, 41.244317726758702 ] } },
{ "type": "Feature", "properties": { "id": 40037, "district_en": "Akhalkalaki", "district_ka": "ახალქალაქი", "precinct": 37.0, "name_en": "Akhalkalaki - 37", "name_ka": "ახალქალაქი - 37" }, "geometry": { "type": "Point", "coordinates": [ 43.311723711953732, 41.246173499283181 ] } },
{ "type": "Feature", "properties": { "id": 40038, "district_en": "Akhalkalaki", "district_ka": "ახალქალაქი", "precinct": 38.0, "name_en": "Akhalkalaki - 38", "name_ka": "ახალქალაქი - 38" }, "geometry": { "type": "Point", "coordinates": [ 43.479302015941244, 41.526615181049017 ] } },
{ "type": "Feature", "properties": { "id": 40039, "district_en": "Akhalkalaki", "district_ka": "ახალქალაქი", "precinct": 39.0, "name_en": "Akhalkalaki - 39", "name_ka": "ახალქალაქი - 39" }, "geometry": { "type": "Point", "coordinates": [ 43.519495931288084, 41.577641667324841 ] } },
{ "type": "Feature", "properties": { "id": 40040, "district_en": "Akhalkalaki", "district_ka": "ახალქალაქი", "precinct": 40.0, "name_en": "Akhalkalaki - 40", "name_ka": "ახალქალაქი - 40" }, "geometry": { "type": "Point", "coordinates": [ 43.542486378868297, 41.571988877070048 ] } },
{ "type": "Feature", "properties": { "id": 40041, "district_en": "Akhalkalaki", "district_ka": "ახალქალაქი", "precinct": 41.0, "name_en": "Akhalkalaki - 41", "name_ka": "ახალქალაქი - 41" }, "geometry": { "type": "Point", "coordinates": [ 43.52744670349022, 41.584316700768873 ] } },
{ "type": "Feature", "properties": { "id": 40042, "district_en": "Akhalkalaki", "district_ka": "ახალქალაქი", "precinct": 42.0, "name_en": "Akhalkalaki - 42", "name_ka": "ახალქალაქი - 42" }, "geometry": { "type": "Point", "coordinates": [ 43.55139899092076, 41.603497155132999 ] } },
{ "type": "Feature", "properties": { "id": 40043, "district_en": "Akhalkalaki", "district_ka": "ახალქალაქი", "precinct": 43.0, "name_en": "Akhalkalaki - 43", "name_ka": "ახალქალაქი - 43" }, "geometry": { "type": "Point", "coordinates": [ 43.511038204065031, 41.616028524533284 ] } },
{ "type": "Feature", "properties": { "id": 40044, "district_en": "Akhalkalaki", "district_ka": "ახალქალაქი", "precinct": 44.0, "name_en": "Akhalkalaki - 44", "name_ka": "ახალქალაქი - 44" }, "geometry": { "type": "Point", "coordinates": [ 43.5253923, 41.5697637 ] } },
{ "type": "Feature", "properties": { "id": 40045, "district_en": "Akhalkalaki", "district_ka": "ახალქალაქი", "precinct": 45.0, "name_en": "Akhalkalaki - 45", "name_ka": "ახალქალაქი - 45" }, "geometry": { "type": "Point", "coordinates": [ 43.361274766489451, 41.397718996608745 ] } },
{ "type": "Feature", "properties": { "id": 40046, "district_en": "Akhalkalaki", "district_ka": "ახალქალაქი", "precinct": 46.0, "name_en": "Akhalkalaki - 46", "name_ka": "ახალქალაქი - 46" }, "geometry": { "type": "Point", "coordinates": [ 43.405102503823407, 41.393384591589346 ] } },
{ "type": "Feature", "properties": { "id": 40047, "district_en": "Akhalkalaki", "district_ka": "ახალქალაქი", "precinct": 47.0, "name_en": "Akhalkalaki - 47", "name_ka": "ახალქალაქი - 47" }, "geometry": { "type": "Point", "coordinates": [ 43.335705399513245, 41.319858235163004 ] } },
{ "type": "Feature", "properties": { "id": 40048, "district_en": "Akhalkalaki", "district_ka": "ახალქალაქი", "precinct": 48.0, "name_en": "Akhalkalaki - 48", "name_ka": "ახალქალაქი - 48" }, "geometry": { "type": "Point", "coordinates": [ 43.2897977, 41.3253978 ] } },
{ "type": "Feature", "properties": { "id": 40049, "district_en": "Akhalkalaki", "district_ka": "ახალქალაქი", "precinct": 49.0, "name_en": "Akhalkalaki - 49", "name_ka": "ახალქალაქი - 49" }, "geometry": { "type": "Point", "coordinates": [ 43.291673465957558, 41.313986248667632 ] } },
{ "type": "Feature", "properties": { "id": 40050, "district_en": "Akhalkalaki", "district_ka": "ახალქალაქი", "precinct": 50.0, "name_en": "Akhalkalaki - 50", "name_ka": "ახალქალაქი - 50" }, "geometry": { "type": "Point", "coordinates": [ 43.415700650472928, 41.457088414317276 ] } },
{ "type": "Feature", "properties": { "id": 40051, "district_en": "Akhalkalaki", "district_ka": "ახალქალაქი", "precinct": 51.0, "name_en": "Akhalkalaki - 51", "name_ka": "ახალქალაქი - 51" }, "geometry": { "type": "Point", "coordinates": [ 43.374857440192464, 41.282078426818892 ] } },
{ "type": "Feature", "properties": { "id": 40052, "district_en": "Akhalkalaki", "district_ka": "ახალქალაქი", "precinct": 52.0, "name_en": "Akhalkalaki - 52", "name_ka": "ახალქალაქი - 52" }, "geometry": { "type": "Point", "coordinates": [ 43.421317332779502, 41.284123108121477 ] } },
{ "type": "Feature", "properties": { "id": 40053, "district_en": "Akhalkalaki", "district_ka": "ახალქალაქი", "precinct": 53.0, "name_en": "Akhalkalaki - 53", "name_ka": "ახალქალაქი - 53" }, "geometry": { "type": "Point", "coordinates": [ 43.357455432415009, 41.266589965423229 ] } },
{ "type": "Feature", "properties": { "id": 40054, "district_en": "Akhalkalaki", "district_ka": "ახალქალაქი", "precinct": 54.0, "name_en": "Akhalkalaki - 54", "name_ka": "ახალქალაქი - 54" }, "geometry": { "type": "Point", "coordinates": [ 43.339398208614313, 41.287727408436574 ] } },
{ "type": "Feature", "properties": { "id": 40055, "district_en": "Akhalkalaki", "district_ka": "ახალქალაქი", "precinct": 55.0, "name_en": "Akhalkalaki - 55", "name_ka": "ახალქალაქი - 55" }, "geometry": { "type": "Point", "coordinates": [ 43.468942825800028, 41.559935911683311 ] } },
{ "type": "Feature", "properties": { "id": 40056, "district_en": "Akhalkalaki", "district_ka": "ახალქალაქი", "precinct": 56.0, "name_en": "Akhalkalaki - 56", "name_ka": "ახალქალაქი - 56" }, "geometry": { "type": "Point", "coordinates": [ 43.390047279491206, 41.471792011485114 ] } },
{ "type": "Feature", "properties": { "id": 40057, "district_en": "Akhalkalaki", "district_ka": "ახალქალაქი", "precinct": 57.0, "name_en": "Akhalkalaki - 57", "name_ka": "ახალქალაქი - 57" }, "geometry": { "type": "Point", "coordinates": [ 43.234947092554279, 41.281828896843351 ] } },
{ "type": "Feature", "properties": { "id": 40058, "district_en": "Akhalkalaki", "district_ka": "ახალქალაქი", "precinct": 58.0, "name_en": "Akhalkalaki - 58", "name_ka": "ახალქალაქი - 58" }, "geometry": { "type": "Point", "coordinates": [ 43.402567505836487, 41.489820379142053 ] } },
{ "type": "Feature", "properties": { "id": 40059, "district_en": "Akhalkalaki", "district_ka": "ახალქალაქი", "precinct": 59.0, "name_en": "Akhalkalaki - 59", "name_ka": "ახალქალაქი - 59" }, "geometry": { "type": "Point", "coordinates": [ 43.496729016474646, 41.370194719920512 ] } },
{ "type": "Feature", "properties": { "id": 40060, "district_en": "Akhalkalaki", "district_ka": "ახალქალაქი", "precinct": 60.0, "name_en": "Akhalkalaki - 60", "name_ka": "ახალქალაქი - 60" }, "geometry": { "type": "Point", "coordinates": [ 43.508420767432554, 41.404622293955896 ] } },
{ "type": "Feature", "properties": { "id": 40061, "district_en": "Akhalkalaki", "district_ka": "ახალქალაქი", "precinct": 61.0, "name_en": "Akhalkalaki - 61", "name_ka": "ახალქალაქი - 61" }, "geometry": { "type": "Point", "coordinates": [ 43.5253379, 41.3424669 ] } },
{ "type": "Feature", "properties": { "id": 40062, "district_en": "Akhalkalaki", "district_ka": "ახალქალაქი", "precinct": 62.0, "name_en": "Akhalkalaki - 62", "name_ka": "ახალქალაქი - 62" }, "geometry": { "type": "Point", "coordinates": [ 43.485476374907108, 41.404139876138309 ] } },
{ "type": "Feature", "properties": { "id": 41001, "district_en": "Ninotsminda", "district_ka": "ნინოწმინდა", "precinct": 1.0, "name_en": "Ninotsminda - 1", "name_ka": "ნინოწმინდა - 1" }, "geometry": { "type": "Point", "coordinates": [ 43.588715280742655, 41.268905953420301 ] } },
{ "type": "Feature", "properties": { "id": 41002, "district_en": "Ninotsminda", "district_ka": "ნინოწმინდა", "precinct": 2.0, "name_en": "Ninotsminda - 2", "name_ka": "ნინოწმინდა - 2" }, "geometry": { "type": "Point", "coordinates": [ 43.590611815452576, 41.265085952902638 ] } },
{ "type": "Feature", "properties": { "id": 41003, "district_en": "Ninotsminda", "district_ka": "ნინოწმინდა", "precinct": 3.0, "name_en": "Ninotsminda - 3", "name_ka": "ნინოწმინდა - 3" }, "geometry": { "type": "Point", "coordinates": [ 43.587142215938563, 41.270972095665421 ] } },
{ "type": "Feature", "properties": { "id": 41004, "district_en": "Ninotsminda", "district_ka": "ნინოწმინდა", "precinct": 4.0, "name_en": "Ninotsminda - 4", "name_ka": "ნინოწმინდა - 4" }, "geometry": { "type": "Point", "coordinates": [ 43.746251293423008, 41.351530144291146 ] } },
{ "type": "Feature", "properties": { "id": 41005, "district_en": "Ninotsminda", "district_ka": "ნინოწმინდა", "precinct": 5.0, "name_en": "Ninotsminda - 5", "name_ka": "ნინოწმინდა - 5" }, "geometry": { "type": "Point", "coordinates": [ 43.748321795492529, 41.348118616489366 ] } },
{ "type": "Feature", "properties": { "id": 41006, "district_en": "Ninotsminda", "district_ka": "ნინოწმინდა", "precinct": 6.0, "name_en": "Ninotsminda - 6", "name_ka": "ნინოწმინდა - 6" }, "geometry": { "type": "Point", "coordinates": [ 43.759559577246137, 41.315096563403934 ] } },
{ "type": "Feature", "properties": { "id": 41007, "district_en": "Ninotsminda", "district_ka": "ნინოწმინდა", "precinct": 7.0, "name_en": "Ninotsminda - 7", "name_ka": "ნინოწმინდა - 7" }, "geometry": { "type": "Point", "coordinates": [ 43.477766280950959, 41.291164142154763 ] } },
{ "type": "Feature", "properties": { "id": 41008, "district_en": "Ninotsminda", "district_ka": "ნინოწმინდა", "precinct": 8.0, "name_en": "Ninotsminda - 8", "name_ka": "ნინოწმინდა - 8" }, "geometry": { "type": "Point", "coordinates": [ 43.471715099999983, 41.2762675 ] } },
{ "type": "Feature", "properties": { "id": 41009, "district_en": "Ninotsminda", "district_ka": "ნინოწმინდა", "precinct": 9.0, "name_en": "Ninotsminda - 9", "name_ka": "ნინოწმინდა - 9" }, "geometry": { "type": "Point", "coordinates": [ 43.458845560208793, 41.301172833273725 ] } },
{ "type": "Feature", "properties": { "id": 41010, "district_en": "Ninotsminda", "district_ka": "ნინოწმინდა", "precinct": 10.0, "name_en": "Ninotsminda - 10", "name_ka": "ნინოწმინდა - 10" }, "geometry": { "type": "Point", "coordinates": [ 43.480529660574355, 41.320586037011481 ] } },
{ "type": "Feature", "properties": { "id": 41011, "district_en": "Ninotsminda", "district_ka": "ნინოწმინდა", "precinct": 11.0, "name_en": "Ninotsminda - 11", "name_ka": "ნინოწმინდა - 11" }, "geometry": { "type": "Point", "coordinates": [ 43.504410721463067, 41.304546539177792 ] } },
{ "type": "Feature", "properties": { "id": 41012, "district_en": "Ninotsminda", "district_ka": "ნინოწმინდა", "precinct": 12.0, "name_en": "Ninotsminda - 12", "name_ka": "ნინოწმინდა - 12" }, "geometry": { "type": "Point", "coordinates": [ 43.692331910133362, 41.214819390520695 ] } },
{ "type": "Feature", "properties": { "id": 41013, "district_en": "Ninotsminda", "district_ka": "ნინოწმინდა", "precinct": 13.0, "name_en": "Ninotsminda - 13", "name_ka": "ნინოწმინდა - 13" }, "geometry": { "type": "Point", "coordinates": [ 43.652767429083269, 41.21849933396534 ] } },
{ "type": "Feature", "properties": { "id": 41014, "district_en": "Ninotsminda", "district_ka": "ნინოწმინდა", "precinct": 14.0, "name_en": "Ninotsminda - 14", "name_ka": "ნინოწმინდა - 14" }, "geometry": { "type": "Point", "coordinates": [ 43.773962621495791, 41.164666961775424 ] } },
{ "type": "Feature", "properties": { "id": 41015, "district_en": "Ninotsminda", "district_ka": "ნინოწმინდა", "precinct": 15.0, "name_en": "Ninotsminda - 15", "name_ka": "ნინოწმინდა - 15" }, "geometry": { "type": "Point", "coordinates": [ 43.801592504932373, 41.16149805918316 ] } },
{ "type": "Feature", "properties": { "id": 41016, "district_en": "Ninotsminda", "district_ka": "ნინოწმინდა", "precinct": 16.0, "name_en": "Ninotsminda - 16", "name_ka": "ნინოწმინდა - 16" }, "geometry": { "type": "Point", "coordinates": [ 43.660225359455112, 41.251068290520294 ] } },
{ "type": "Feature", "properties": { "id": 41017, "district_en": "Ninotsminda", "district_ka": "ნინოწმინდა", "precinct": 17.0, "name_en": "Ninotsminda - 17", "name_ka": "ნინოწმინდა - 17" }, "geometry": { "type": "Point", "coordinates": [ 43.74234529563136, 41.190957457786119 ] } },
{ "type": "Feature", "properties": { "id": 41018, "district_en": "Ninotsminda", "district_ka": "ნინოწმინდა", "precinct": 18.0, "name_en": "Ninotsminda - 18", "name_ka": "ნინოწმინდა - 18" }, "geometry": { "type": "Point", "coordinates": [ 43.593072084130881, 41.246525358870485 ] } },
{ "type": "Feature", "properties": { "id": 41019, "district_en": "Ninotsminda", "district_ka": "ნინოწმინდა", "precinct": 19.0, "name_en": "Ninotsminda - 19", "name_ka": "ნინოწმინდა - 19" }, "geometry": { "type": "Point", "coordinates": [ 43.531052906082095, 41.244202651189418 ] } },
{ "type": "Feature", "properties": { "id": 41020, "district_en": "Ninotsminda", "district_ka": "ნინოწმინდა", "precinct": 20.0, "name_en": "Ninotsminda - 20", "name_ka": "ნინოწმინდა - 20" }, "geometry": { "type": "Point", "coordinates": [ 43.605318088129849, 41.230297001952131 ] } },
{ "type": "Feature", "properties": { "id": 41021, "district_en": "Ninotsminda", "district_ka": "ნინოწმინდა", "precinct": 21.0, "name_en": "Ninotsminda - 21", "name_ka": "ნინოწმინდა - 21" }, "geometry": { "type": "Point", "coordinates": [ 43.617253380426064, 41.343487342552045 ] } },
{ "type": "Feature", "properties": { "id": 41022, "district_en": "Ninotsminda", "district_ka": "ნინოწმინდა", "precinct": 22.0, "name_en": "Ninotsminda - 22", "name_ka": "ნინოწმინდა - 22" }, "geometry": { "type": "Point", "coordinates": [ 43.576425963229433, 41.365884322722337 ] } },
{ "type": "Feature", "properties": { "id": 41023, "district_en": "Ninotsminda", "district_ka": "ნინოწმინდა", "precinct": 23.0, "name_en": "Ninotsminda - 23", "name_ka": "ნინოწმინდა - 23" }, "geometry": { "type": "Point", "coordinates": [ 43.596511970569615, 41.36632414893753 ] } },
{ "type": "Feature", "properties": { "id": 41024, "district_en": "Ninotsminda", "district_ka": "ნინოწმინდა", "precinct": 24.0, "name_en": "Ninotsminda - 24", "name_ka": "ნინოწმინდა - 24" }, "geometry": { "type": "Point", "coordinates": [ 43.584280628311141, 41.324424317026867 ] } },
{ "type": "Feature", "properties": { "id": 41025, "district_en": "Ninotsminda", "district_ka": "ნინოწმინდა", "precinct": 25.0, "name_en": "Ninotsminda - 25", "name_ka": "ნინოწმინდა - 25" }, "geometry": { "type": "Point", "coordinates": [ 43.6521806, 41.2869747 ] } },
{ "type": "Feature", "properties": { "id": 41026, "district_en": "Ninotsminda", "district_ka": "ნინოწმინდა", "precinct": 26.0, "name_en": "Ninotsminda - 26", "name_ka": "ნინოწმინდა - 26" }, "geometry": { "type": "Point", "coordinates": [ 43.619410684849669, 41.30096550550342 ] } },
{ "type": "Feature", "properties": { "id": 41027, "district_en": "Ninotsminda", "district_ka": "ნინოწმინდა", "precinct": 27.0, "name_en": "Ninotsminda - 27", "name_ka": "ნინოწმინდა - 27" }, "geometry": { "type": "Point", "coordinates": [ 43.66200493009412, 41.302447144900739 ] } },
{ "type": "Feature", "properties": { "id": 41028, "district_en": "Ninotsminda", "district_ka": "ნინოწმინდა", "precinct": 28.0, "name_en": "Ninotsminda - 28", "name_ka": "ნინოწმინდა - 28" }, "geometry": { "type": "Point", "coordinates": [ 43.66456688437804, 41.309924053014463 ] } },
{ "type": "Feature", "properties": { "id": 41029, "district_en": "Ninotsminda", "district_ka": "ნინოწმინდა", "precinct": 29.0, "name_en": "Ninotsminda - 29", "name_ka": "ნინოწმინდა - 29" }, "geometry": { "type": "Point", "coordinates": [ 43.808370108498352, 41.485007842699531 ] } },
{ "type": "Feature", "properties": { "id": 41030, "district_en": "Ninotsminda", "district_ka": "ნინოწმინდა", "precinct": 30.0, "name_en": "Ninotsminda - 30", "name_ka": "ნინოწმინდა - 30" }, "geometry": { "type": "Point", "coordinates": [ 43.779546762951668, 41.453121582953145 ] } },
{ "type": "Feature", "properties": { "id": 41031, "district_en": "Ninotsminda", "district_ka": "ნინოწმინდა", "precinct": 31.0, "name_en": "Ninotsminda - 31", "name_ka": "ნინოწმინდა - 31" }, "geometry": { "type": "Point", "coordinates": [ 43.848663859385631, 41.453651218594104 ] } },
{ "type": "Feature", "properties": { "id": 41032, "district_en": "Ninotsminda", "district_ka": "ნინოწმინდა", "precinct": 32.0, "name_en": "Ninotsminda - 32", "name_ka": "ნინოწმინდა - 32" }, "geometry": { "type": "Point", "coordinates": [ 43.794219691748808, 41.395509112293787 ] } },
{ "type": "Feature", "properties": { "id": 41033, "district_en": "Ninotsminda", "district_ka": "ნინოწმინდა", "precinct": 33.0, "name_en": "Ninotsminda - 33", "name_ka": "ნინოწმინდა - 33" }, "geometry": { "type": "Point", "coordinates": [ 43.769164936176367, 41.413094503103508 ] } },
{ "type": "Feature", "properties": { "id": 41034, "district_en": "Ninotsminda", "district_ka": "ნინოწმინდა", "precinct": 34.0, "name_en": "Ninotsminda - 34", "name_ka": "ნინოწმინდა - 34" }, "geometry": { "type": "Point", "coordinates": [ 43.5408025, 41.3203802 ] } },
{ "type": "Feature", "properties": { "id": 41035, "district_en": "Ninotsminda", "district_ka": "ნინოწმინდა", "precinct": 35.0, "name_en": "Ninotsminda - 35", "name_ka": "ნინოწმინდა - 35" }, "geometry": { "type": "Point", "coordinates": [ 43.52250862355654, 41.337869093648294 ] } },
{ "type": "Feature", "properties": { "id": 43001, "district_en": "Oni", "district_ka": "ონი", "precinct": 1.0, "name_en": "Oni - 1", "name_ka": "ონი - 1" }, "geometry": { "type": "Point", "coordinates": [ 43.442987343984633, 42.583286478236872 ] } },
{ "type": "Feature", "properties": { "id": 43002, "district_en": "Oni", "district_ka": "ონი", "precinct": 2.0, "name_en": "Oni - 2", "name_ka": "ონი - 2" }, "geometry": { "type": "Point", "coordinates": [ 43.448960633168234, 42.590501787586398 ] } },
{ "type": "Feature", "properties": { "id": 43003, "district_en": "Oni", "district_ka": "ონი", "precinct": 3.0, "name_en": "Oni - 3", "name_ka": "ონი - 3" }, "geometry": { "type": "Point", "coordinates": [ 43.291505123464972, 42.530820734216171 ] } },
{ "type": "Feature", "properties": { "id": 43004, "district_en": "Oni", "district_ka": "ონი", "precinct": 4.0, "name_en": "Oni - 4", "name_ka": "ონი - 4" }, "geometry": { "type": "Point", "coordinates": [ 43.634415001238935, 42.701233124949113 ] } },
{ "type": "Feature", "properties": { "id": 43005, "district_en": "Oni", "district_ka": "ონი", "precinct": 5.0, "name_en": "Oni - 5", "name_ka": "ონი - 5" }, "geometry": { "type": "Point", "coordinates": [ 43.516845807934558, 42.616443300000022 ] } },
{ "type": "Feature", "properties": { "id": 43006, "district_en": "Oni", "district_ka": "ონი", "precinct": 6.0, "name_en": "Oni - 6", "name_ka": "ონი - 6" }, "geometry": { "type": "Point", "coordinates": [ 43.382837834918192, 42.550078524083403 ] } },
{ "type": "Feature", "properties": { "id": 43007, "district_en": "Oni", "district_ka": "ონი", "precinct": 7.0, "name_en": "Oni - 7", "name_ka": "ონი - 7" }, "geometry": { "type": "Point", "coordinates": [ 43.3392434, 42.5127677 ] } },
{ "type": "Feature", "properties": { "id": 43008, "district_en": "Oni", "district_ka": "ონი", "precinct": 8.0, "name_en": "Oni - 8", "name_ka": "ონი - 8" }, "geometry": { "type": "Point", "coordinates": [ 43.481601476669312, 42.563219539307397 ] } },
{ "type": "Feature", "properties": { "id": 43009, "district_en": "Oni", "district_ka": "ონი", "precinct": 9.0, "name_en": "Oni - 9", "name_ka": "ონი - 9" }, "geometry": { "type": "Point", "coordinates": [ 43.448850943377664, 42.630531866520478 ] } },
{ "type": "Feature", "properties": { "id": 43010, "district_en": "Oni", "district_ka": "ონი", "precinct": 10.0, "name_en": "Oni - 10", "name_ka": "ონი - 10" }, "geometry": { "type": "Point", "coordinates": [ 43.284703195095062, 42.567701858783522 ] } },
{ "type": "Feature", "properties": { "id": 43011, "district_en": "Oni", "district_ka": "ონი", "precinct": 11.0, "name_en": "Oni - 11", "name_ka": "ონი - 11" }, "geometry": { "type": "Point", "coordinates": [ 43.538045883822633, 42.630408042671419 ] } },
{ "type": "Feature", "properties": { "id": 43012, "district_en": "Oni", "district_ka": "ონი", "precinct": 12.0, "name_en": "Oni - 12", "name_ka": "ონი - 12" }, "geometry": { "type": "Point", "coordinates": [ 43.500392538761844, 42.614172000718042 ] } },
{ "type": "Feature", "properties": { "id": 43013, "district_en": "Oni", "district_ka": "ონი", "precinct": 13.0, "name_en": "Oni - 13", "name_ka": "ონი - 13" }, "geometry": { "type": "Point", "coordinates": [ 43.33712209193142, 42.554377477644763 ] } },
{ "type": "Feature", "properties": { "id": 43014, "district_en": "Oni", "district_ka": "ონი", "precinct": 14.0, "name_en": "Oni - 14", "name_ka": "ონი - 14" }, "geometry": { "type": "Point", "coordinates": [ 43.351174284655777, 42.556967269406364 ] } },
{ "type": "Feature", "properties": { "id": 43015, "district_en": "Oni", "district_ka": "ონი", "precinct": 15.0, "name_en": "Oni - 15", "name_ka": "ონი - 15" }, "geometry": { "type": "Point", "coordinates": [ 43.458580289379825, 42.599596669941782 ] } },
{ "type": "Feature", "properties": { "id": 43016, "district_en": "Oni", "district_ka": "ონი", "precinct": 16.0, "name_en": "Oni - 16", "name_ka": "ონი - 16" }, "geometry": { "type": "Point", "coordinates": [ 43.50751898836063, 42.763756614449733 ] } },
{ "type": "Feature", "properties": { "id": 43017, "district_en": "Oni", "district_ka": "ონი", "precinct": 17.0, "name_en": "Oni - 17", "name_ka": "ონი - 17" }, "geometry": { "type": "Point", "coordinates": [ 43.431398565545642, 42.583989282547471 ] } },
{ "type": "Feature", "properties": { "id": 43018, "district_en": "Oni", "district_ka": "ონი", "precinct": 18.0, "name_en": "Oni - 18", "name_ka": "ონი - 18" }, "geometry": { "type": "Point", "coordinates": [ 43.399001508951187, 42.55515687519469 ] } },
{ "type": "Feature", "properties": { "id": 43019, "district_en": "Oni", "district_ka": "ონი", "precinct": 19.0, "name_en": "Oni - 19", "name_ka": "ონი - 19" }, "geometry": { "type": "Point", "coordinates": [ 43.414168909925408, 42.4895286678302 ] } },
{ "type": "Feature", "properties": { "id": 43020, "district_en": "Oni", "district_ka": "ონი", "precinct": 20.0, "name_en": "Oni - 20", "name_ka": "ონი - 20" }, "geometry": { "type": "Point", "coordinates": [ 43.483813564386395, 42.534675955299384 ] } },
{ "type": "Feature", "properties": { "id": 43021, "district_en": "Oni", "district_ka": "ონი", "precinct": 21.0, "name_en": "Oni - 21", "name_ka": "ონი - 21" }, "geometry": { "type": "Point", "coordinates": [ 43.549444535268279, 42.5306517082646 ] } },
{ "type": "Feature", "properties": { "id": 43022, "district_en": "Oni", "district_ka": "ონი", "precinct": 22.0, "name_en": "Oni - 22", "name_ka": "ონი - 22" }, "geometry": { "type": "Point", "coordinates": [ 43.547117114067078, 42.562709850151862 ] } },
{ "type": "Feature", "properties": { "id": 43023, "district_en": "Oni", "district_ka": "ონი", "precinct": 23.0, "name_en": "Oni - 23", "name_ka": "ონი - 23" }, "geometry": { "type": "Point", "coordinates": [ 43.554387268632802, 42.743823774595306 ] } },
{ "type": "Feature", "properties": { "id": 44001, "district_en": "Ambrolauri", "district_ka": "ამბროლაური", "precinct": 1.0, "name_en": "Ambrolauri - 1", "name_ka": "ამბროლაური - 1" }, "geometry": { "type": "Point", "coordinates": [ 43.27863872051239, 42.631663744262781 ] } },
{ "type": "Feature", "properties": { "id": 44002, "district_en": "Ambrolauri", "district_ka": "ამბროლაური", "precinct": 2.0, "name_en": "Ambrolauri - 2", "name_ka": "ამბროლაური - 2" }, "geometry": { "type": "Point", "coordinates": [ 43.244262896282628, 42.601907544144083 ] } },
{ "type": "Feature", "properties": { "id": 44003, "district_en": "Ambrolauri", "district_ka": "ამბროლაური", "precinct": 3.0, "name_en": "Ambrolauri - 3", "name_ka": "ამბროლაური - 3" }, "geometry": { "type": "Point", "coordinates": [ 43.200940489768982, 42.53920826438786 ] } },
{ "type": "Feature", "properties": { "id": 44004, "district_en": "Ambrolauri", "district_ka": "ამბროლაური", "precinct": 4.0, "name_en": "Ambrolauri - 4", "name_ka": "ამბროლაური - 4" }, "geometry": { "type": "Point", "coordinates": [ 43.185222744941711, 42.532227612902815 ] } },
{ "type": "Feature", "properties": { "id": 44005, "district_en": "Ambrolauri", "district_ka": "ამბროლაური", "precinct": 5.0, "name_en": "Ambrolauri - 5", "name_ka": "ამბროლაური - 5" }, "geometry": { "type": "Point", "coordinates": [ 43.153626023100969, 42.518761872836635 ] } },
{ "type": "Feature", "properties": { "id": 44006, "district_en": "Ambrolauri", "district_ka": "ამბროლაური", "precinct": 6.0, "name_en": "Ambrolauri - 6", "name_ka": "ამბროლაური - 6" }, "geometry": { "type": "Point", "coordinates": [ 43.147124648094177, 42.521751218933431 ] } },
{ "type": "Feature", "properties": { "id": 44007, "district_en": "Ambrolauri", "district_ka": "ამბროლაური", "precinct": 7.0, "name_en": "Ambrolauri - 7", "name_ka": "ამბროლაური - 7" }, "geometry": { "type": "Point", "coordinates": [ 43.180514369684033, 42.499086356977905 ] } },
{ "type": "Feature", "properties": { "id": 44008, "district_en": "Ambrolauri", "district_ka": "ამბროლაური", "precinct": 8.0, "name_en": "Ambrolauri - 8", "name_ka": "ამბროლაური - 8" }, "geometry": { "type": "Point", "coordinates": [ 43.226008415222168, 42.501354769644834 ] } },
{ "type": "Feature", "properties": { "id": 44009, "district_en": "Ambrolauri", "district_ka": "ამბროლაური", "precinct": 9.0, "name_en": "Ambrolauri - 9", "name_ka": "ამბროლაური - 9" }, "geometry": { "type": "Point", "coordinates": [ 43.189465999603271, 42.457021556567078 ] } },
{ "type": "Feature", "properties": { "id": 44010, "district_en": "Ambrolauri", "district_ka": "ამბროლაური", "precinct": 10.0, "name_en": "Ambrolauri - 10", "name_ka": "ამბროლაური - 10" }, "geometry": { "type": "Point", "coordinates": [ 43.174413442611694, 42.482510414909186 ] } },
{ "type": "Feature", "properties": { "id": 44011, "district_en": "Ambrolauri", "district_ka": "ამბროლაური", "precinct": 11.0, "name_en": "Ambrolauri - 11", "name_ka": "ამბროლაური - 11" }, "geometry": { "type": "Point", "coordinates": [ 43.13755989074707, 42.464772391421242 ] } },
{ "type": "Feature", "properties": { "id": 44012, "district_en": "Ambrolauri", "district_ka": "ამბროლაური", "precinct": 12.0, "name_en": "Ambrolauri - 12", "name_ka": "ამბროლაური - 12" }, "geometry": { "type": "Point", "coordinates": [ 43.128279447555542, 42.451019293665972 ] } },
{ "type": "Feature", "properties": { "id": 44013, "district_en": "Ambrolauri", "district_ka": "ამბროლაური", "precinct": 13.0, "name_en": "Ambrolauri - 13", "name_ka": "ამბროლაური - 13" }, "geometry": { "type": "Point", "coordinates": [ 43.111424446105957, 42.458185133445546 ] } },
{ "type": "Feature", "properties": { "id": 44014, "district_en": "Ambrolauri", "district_ka": "ამბროლაური", "precinct": 14.0, "name_en": "Ambrolauri - 14", "name_ka": "ამბროლაური - 14" }, "geometry": { "type": "Point", "coordinates": [ 43.098988317993211, 42.466727854298327 ] } },
{ "type": "Feature", "properties": { "id": 44015, "district_en": "Ambrolauri", "district_ka": "ამბროლაური", "precinct": 15.0, "name_en": "Ambrolauri - 15", "name_ka": "ამბროლაური - 15" }, "geometry": { "type": "Point", "coordinates": [ 43.088880479335785, 42.460870380552237 ] } },
{ "type": "Feature", "properties": { "id": 44016, "district_en": "Ambrolauri", "district_ka": "ამბროლაური", "precinct": 16.0, "name_en": "Ambrolauri - 16", "name_ka": "ამბროლაური - 16" }, "geometry": { "type": "Point", "coordinates": [ 43.037395644105565, 42.497446496887761 ] } },
{ "type": "Feature", "properties": { "id": 44017, "district_en": "Ambrolauri", "district_ka": "ამბროლაური", "precinct": 17.0, "name_en": "Ambrolauri - 17", "name_ka": "ამბროლაური - 17" }, "geometry": { "type": "Point", "coordinates": [ 43.002376556396484, 42.497512390320935 ] } },
{ "type": "Feature", "properties": { "id": 44018, "district_en": "Ambrolauri", "district_ka": "ამბროლაური", "precinct": 18.0, "name_en": "Ambrolauri - 18", "name_ka": "ამბროლაური - 18" }, "geometry": { "type": "Point", "coordinates": [ 42.934892122854443, 42.491805301770128 ] } },
{ "type": "Feature", "properties": { "id": 44019, "district_en": "Ambrolauri", "district_ka": "ამბროლაური", "precinct": 19.0, "name_en": "Ambrolauri - 19", "name_ka": "ამბროლაური - 19" }, "geometry": { "type": "Point", "coordinates": [ 43.093096911907196, 42.540158853329807 ] } },
{ "type": "Feature", "properties": { "id": 44020, "district_en": "Ambrolauri", "district_ka": "ამბროლაური", "precinct": 20.0, "name_en": "Ambrolauri - 20", "name_ka": "ამბროლაური - 20" }, "geometry": { "type": "Point", "coordinates": [ 43.130103349685669, 42.531322363684104 ] } },
{ "type": "Feature", "properties": { "id": 44021, "district_en": "Ambrolauri", "district_ka": "ამბროლაური", "precinct": 21.0, "name_en": "Ambrolauri - 21", "name_ka": "ამბროლაური - 21" }, "geometry": { "type": "Point", "coordinates": [ 43.07464599609375, 42.545377941395508 ] } },
{ "type": "Feature", "properties": { "id": 44022, "district_en": "Ambrolauri", "district_ka": "ამბროლაური", "precinct": 22.0, "name_en": "Ambrolauri - 22", "name_ka": "ამბროლაური - 22" }, "geometry": { "type": "Point", "coordinates": [ 43.080096244812012, 42.509262248345479 ] } },
{ "type": "Feature", "properties": { "id": 44023, "district_en": "Ambrolauri", "district_ka": "ამბროლაური", "precinct": 23.0, "name_en": "Ambrolauri - 23", "name_ka": "ამბროლაური - 23" }, "geometry": { "type": "Point", "coordinates": [ 43.085409700870514, 42.531357941412018 ] } },
{ "type": "Feature", "properties": { "id": 44024, "district_en": "Ambrolauri", "district_ka": "ამბროლაური", "precinct": 24.0, "name_en": "Ambrolauri - 24", "name_ka": "ამბროლაური - 24" }, "geometry": { "type": "Point", "coordinates": [ 43.045573532581329, 42.545879867798917 ] } },
{ "type": "Feature", "properties": { "id": 44025, "district_en": "Ambrolauri", "district_ka": "ამბროლაური", "precinct": 25.0, "name_en": "Ambrolauri - 25", "name_ka": "ამბროლაური - 25" }, "geometry": { "type": "Point", "coordinates": [ 43.057577942530813, 42.516025577030717 ] } },
{ "type": "Feature", "properties": { "id": 44026, "district_en": "Ambrolauri", "district_ka": "ამბროლაური", "precinct": 26.0, "name_en": "Ambrolauri - 26", "name_ka": "ამბროლაური - 26" }, "geometry": { "type": "Point", "coordinates": [ 43.019489854037943, 42.545288215550968 ] } },
{ "type": "Feature", "properties": { "id": 44027, "district_en": "Ambrolauri", "district_ka": "ამბროლაური", "precinct": 27.0, "name_en": "Ambrolauri - 27", "name_ka": "ამბროლაური - 27" }, "geometry": { "type": "Point", "coordinates": [ 43.023823499679565, 42.55821729355484 ] } },
{ "type": "Feature", "properties": { "id": 44028, "district_en": "Ambrolauri", "district_ka": "ამბროლაური", "precinct": 28.0, "name_en": "Ambrolauri - 28", "name_ka": "ამბროლაური - 28" }, "geometry": { "type": "Point", "coordinates": [ 42.999125719070435, 42.561943333039615 ] } },
{ "type": "Feature", "properties": { "id": 44029, "district_en": "Ambrolauri", "district_ka": "ამბროლაური", "precinct": 29.0, "name_en": "Ambrolauri - 29", "name_ka": "ამბროლაური - 29" }, "geometry": { "type": "Point", "coordinates": [ 43.044540882110596, 42.549274681371578 ] } },
{ "type": "Feature", "properties": { "id": 44030, "district_en": "Ambrolauri", "district_ka": "ამბროლაური", "precinct": 30.0, "name_en": "Ambrolauri - 30", "name_ka": "ამბროლაური - 30" }, "geometry": { "type": "Point", "coordinates": [ 42.968313971094517, 42.564913641412474 ] } },
{ "type": "Feature", "properties": { "id": 44031, "district_en": "Ambrolauri", "district_ka": "ამბროლაური", "precinct": 31.0, "name_en": "Ambrolauri - 31", "name_ka": "ამბროლაური - 31" }, "geometry": { "type": "Point", "coordinates": [ 42.95810781733551, 42.583502004039026 ] } },
{ "type": "Feature", "properties": { "id": 44032, "district_en": "Ambrolauri", "district_ka": "ამბროლაური", "precinct": 32.0, "name_en": "Ambrolauri - 32", "name_ka": "ამბროლაური - 32" }, "geometry": { "type": "Point", "coordinates": [ 42.931832865209714, 42.56697435758602 ] } },
{ "type": "Feature", "properties": { "id": 44033, "district_en": "Ambrolauri", "district_ka": "ამბროლაური", "precinct": 33.0, "name_en": "Ambrolauri - 33", "name_ka": "ამბროლაური - 33" }, "geometry": { "type": "Point", "coordinates": [ 42.984035611152649, 42.548468479265139 ] } },
{ "type": "Feature", "properties": { "id": 44034, "district_en": "Ambrolauri", "district_ka": "ამბროლაური", "precinct": 34.0, "name_en": "Ambrolauri - 34", "name_ka": "ამბროლაური - 34" }, "geometry": { "type": "Point", "coordinates": [ 42.979116439819336, 42.53283044626172 ] } },
{ "type": "Feature", "properties": { "id": 44035, "district_en": "Ambrolauri", "district_ka": "ამბროლაური", "precinct": 35.0, "name_en": "Ambrolauri - 35", "name_ka": "ამბროლაური - 35" }, "geometry": { "type": "Point", "coordinates": [ 42.922566894502033, 42.522894712839189 ] } },
{ "type": "Feature", "properties": { "id": 44036, "district_en": "Ambrolauri", "district_ka": "ამბროლაური", "precinct": 36.0, "name_en": "Ambrolauri - 36", "name_ka": "ამბროლაური - 36" }, "geometry": { "type": "Point", "coordinates": [ 42.888382159633487, 42.534526471245286 ] } },
{ "type": "Feature", "properties": { "id": 45001, "district_en": "Tsageri", "district_ka": "ცაგერი", "precinct": 1.0, "name_en": "Tsageri - 1", "name_ka": "ცაგერი - 1" }, "geometry": { "type": "Point", "coordinates": [ 42.771165845646678, 42.650220271759842 ] } },
{ "type": "Feature", "properties": { "id": 45002, "district_en": "Tsageri", "district_ka": "ცაგერი", "precinct": 2.0, "name_en": "Tsageri - 2", "name_ka": "ცაგერი - 2" }, "geometry": { "type": "Point", "coordinates": [ 42.855817048299549, 42.559156042053466 ] } },
{ "type": "Feature", "properties": { "id": 45003, "district_en": "Tsageri", "district_ka": "ცაგერი", "precinct": 3.0, "name_en": "Tsageri - 3", "name_ka": "ცაგერი - 3" }, "geometry": { "type": "Point", "coordinates": [ 42.840861690487444, 42.551898432226366 ] } },
{ "type": "Feature", "properties": { "id": 45004, "district_en": "Tsageri", "district_ka": "ცაგერი", "precinct": 4.0, "name_en": "Tsageri - 4", "name_ka": "ცაგერი - 4" }, "geometry": { "type": "Point", "coordinates": [ 42.883796889480244, 42.558807534828475 ] } },
{ "type": "Feature", "properties": { "id": 45005, "district_en": "Tsageri", "district_ka": "ცაგერი", "precinct": 5.0, "name_en": "Tsageri - 5", "name_ka": "ცაგერი - 5" }, "geometry": { "type": "Point", "coordinates": [ 42.724599441725175, 42.572864957183398 ] } },
{ "type": "Feature", "properties": { "id": 45006, "district_en": "Tsageri", "district_ka": "ცაგერი", "precinct": 6.0, "name_en": "Tsageri - 6", "name_ka": "ცაგერი - 6" }, "geometry": { "type": "Point", "coordinates": [ 42.669587291141717, 42.565357155695771 ] } },
{ "type": "Feature", "properties": { "id": 45007, "district_en": "Tsageri", "district_ka": "ცაგერი", "precinct": 7.0, "name_en": "Tsageri - 7", "name_ka": "ცაგერი - 7" }, "geometry": { "type": "Point", "coordinates": [ 42.64936669361326, 42.552489594306884 ] } },
{ "type": "Feature", "properties": { "id": 45008, "district_en": "Tsageri", "district_ka": "ცაგერი", "precinct": 8.0, "name_en": "Tsageri - 8", "name_ka": "ცაგერი - 8" }, "geometry": { "type": "Point", "coordinates": [ 42.86451374934142, 42.605959068454688 ] } },
{ "type": "Feature", "properties": { "id": 45009, "district_en": "Tsageri", "district_ka": "ცაგერი", "precinct": 9.0, "name_en": "Tsageri - 9", "name_ka": "ცაგერი - 9" }, "geometry": { "type": "Point", "coordinates": [ 42.887192080002727, 42.603307258830711 ] } },
{ "type": "Feature", "properties": { "id": 45010, "district_en": "Tsageri", "district_ka": "ცაგერი", "precinct": 10.0, "name_en": "Tsageri - 10", "name_ka": "ცაგერი - 10" }, "geometry": { "type": "Point", "coordinates": [ 42.878458696076486, 42.589966640074714 ] } },
{ "type": "Feature", "properties": { "id": 45011, "district_en": "Tsageri", "district_ka": "ცაგერი", "precinct": 11.0, "name_en": "Tsageri - 11", "name_ka": "ცაგერი - 11" }, "geometry": { "type": "Point", "coordinates": [ 42.750850933065735, 42.619611292207644 ] } },
{ "type": "Feature", "properties": { "id": 45012, "district_en": "Tsageri", "district_ka": "ცაგერი", "precinct": 12.0, "name_en": "Tsageri - 12", "name_ka": "ცაგერი - 12" }, "geometry": { "type": "Point", "coordinates": [ 42.771052957805402, 42.626110802713718 ] } },
{ "type": "Feature", "properties": { "id": 45013, "district_en": "Tsageri", "district_ka": "ცაგერი", "precinct": 13.0, "name_en": "Tsageri - 13", "name_ka": "ცაგერი - 13" }, "geometry": { "type": "Point", "coordinates": [ 42.745041167929642, 42.607430788287971 ] } },
{ "type": "Feature", "properties": { "id": 45014, "district_en": "Tsageri", "district_ka": "ცაგერი", "precinct": 14.0, "name_en": "Tsageri - 14", "name_ka": "ცაგერი - 14" }, "geometry": { "type": "Point", "coordinates": [ 42.714790963152424, 42.647894485190193 ] } },
{ "type": "Feature", "properties": { "id": 45015, "district_en": "Tsageri", "district_ka": "ცაგერი", "precinct": 15.0, "name_en": "Tsageri - 15", "name_ka": "ცაგერი - 15" }, "geometry": { "type": "Point", "coordinates": [ 42.740522991670709, 42.553971888671583 ] } },
{ "type": "Feature", "properties": { "id": 45016, "district_en": "Tsageri", "district_ka": "ცაგერი", "precinct": 16.0, "name_en": "Tsageri - 16", "name_ka": "ცაგერი - 16" }, "geometry": { "type": "Point", "coordinates": [ 42.825753092765808, 42.615793912763898 ] } },
{ "type": "Feature", "properties": { "id": 45017, "district_en": "Tsageri", "district_ka": "ცაგერი", "precinct": 17.0, "name_en": "Tsageri - 17", "name_ka": "ცაგერი - 17" }, "geometry": { "type": "Point", "coordinates": [ 42.83058187708864, 42.618286900761291 ] } },
{ "type": "Feature", "properties": { "id": 45018, "district_en": "Tsageri", "district_ka": "ცაგერი", "precinct": 18.0, "name_en": "Tsageri - 18", "name_ka": "ცაგერი - 18" }, "geometry": { "type": "Point", "coordinates": [ 42.828765213489532, 42.628445106615075 ] } },
{ "type": "Feature", "properties": { "id": 45019, "district_en": "Tsageri", "district_ka": "ცაგერი", "precinct": 19.0, "name_en": "Tsageri - 19", "name_ka": "ცაგერი - 19" }, "geometry": { "type": "Point", "coordinates": [ 42.817588963707131, 42.624880153526881 ] } },
{ "type": "Feature", "properties": { "id": 45020, "district_en": "Tsageri", "district_ka": "ცაგერი", "precinct": 20.0, "name_en": "Tsageri - 20", "name_ka": "ცაგერი - 20" }, "geometry": { "type": "Point", "coordinates": [ 42.67964181500728, 42.545113162556106 ] } },
{ "type": "Feature", "properties": { "id": 45021, "district_en": "Tsageri", "district_ka": "ცაგერი", "precinct": 21.0, "name_en": "Tsageri - 21", "name_ka": "ცაგერი - 21" }, "geometry": { "type": "Point", "coordinates": [ 42.648811231479691, 42.508337074239456 ] } },
{ "type": "Feature", "properties": { "id": 45022, "district_en": "Tsageri", "district_ka": "ცაგერი", "precinct": 22.0, "name_en": "Tsageri - 22", "name_ka": "ცაგერი - 22" }, "geometry": { "type": "Point", "coordinates": [ 42.810176369539015, 42.509372461403281 ] } },
{ "type": "Feature", "properties": { "id": 45023, "district_en": "Tsageri", "district_ka": "ცაგერი", "precinct": 23.0, "name_en": "Tsageri - 23", "name_ka": "ცაგერი - 23" }, "geometry": { "type": "Point", "coordinates": [ 42.796954602234727, 42.514830163709831 ] } },
{ "type": "Feature", "properties": { "id": 45024, "district_en": "Tsageri", "district_ka": "ცაგერი", "precinct": 24.0, "name_en": "Tsageri - 24", "name_ka": "ცაგერი - 24" }, "geometry": { "type": "Point", "coordinates": [ 42.828737717296612, 42.596467475112838 ] } },
{ "type": "Feature", "properties": { "id": 45025, "district_en": "Tsageri", "district_ka": "ცაგერი", "precinct": 25.0, "name_en": "Tsageri - 25", "name_ka": "ცაგერი - 25" }, "geometry": { "type": "Point", "coordinates": [ 42.754513143535853, 42.634228250986702 ] } },
{ "type": "Feature", "properties": { "id": 45026, "district_en": "Tsageri", "district_ka": "ცაგერი", "precinct": 26.0, "name_en": "Tsageri - 26", "name_ka": "ცაგერი - 26" }, "geometry": { "type": "Point", "coordinates": [ 42.790939934091746, 42.579457840724174 ] } },
{ "type": "Feature", "properties": { "id": 45027, "district_en": "Tsageri", "district_ka": "ცაგერი", "precinct": 27.0, "name_en": "Tsageri - 27", "name_ka": "ცაგერი - 27" }, "geometry": { "type": "Point", "coordinates": [ 42.803927683921593, 42.595242146201542 ] } },
{ "type": "Feature", "properties": { "id": 45028, "district_en": "Tsageri", "district_ka": "ცაგერი", "precinct": 28.0, "name_en": "Tsageri - 28", "name_ka": "ცაგერი - 28" }, "geometry": { "type": "Point", "coordinates": [ 42.768301934918192, 42.588924709370247 ] } },
{ "type": "Feature", "properties": { "id": 45029, "district_en": "Tsageri", "district_ka": "ცაგერი", "precinct": 29.0, "name_en": "Tsageri - 29", "name_ka": "ცაგერი - 29" }, "geometry": { "type": "Point", "coordinates": [ 42.716319789147988, 42.604000378838855 ] } },
{ "type": "Feature", "properties": { "id": 45030, "district_en": "Tsageri", "district_ka": "ცაგერი", "precinct": 30.0, "name_en": "Tsageri - 30", "name_ka": "ცაგერი - 30" }, "geometry": { "type": "Point", "coordinates": [ 42.668393341664107, 42.613412887298608 ] } },
{ "type": "Feature", "properties": { "id": 45031, "district_en": "Tsageri", "district_ka": "ცაგერი", "precinct": 31.0, "name_en": "Tsageri - 31", "name_ka": "ცაგერი - 31" }, "geometry": { "type": "Point", "coordinates": [ 42.778623980657613, 42.641602550158275 ] } },
{ "type": "Feature", "properties": { "id": 45032, "district_en": "Tsageri", "district_ka": "ცაგერი", "precinct": 32.0, "name_en": "Tsageri - 32", "name_ka": "ცაგერი - 32" }, "geometry": { "type": "Point", "coordinates": [ 42.823954943724864, 42.604543723221134 ] } },
{ "type": "Feature", "properties": { "id": 45033, "district_en": "Tsageri", "district_ka": "ცაგერი", "precinct": 33.0, "name_en": "Tsageri - 33", "name_ka": "ცაგერი - 33" }, "geometry": { "type": "Point", "coordinates": [ 42.77638522168273, 42.501101424677692 ] } },
{ "type": "Feature", "properties": { "id": 45034, "district_en": "Tsageri", "district_ka": "ცაგერი", "precinct": 34.0, "name_en": "Tsageri - 34", "name_ka": "ცაგერი - 34" }, "geometry": { "type": "Point", "coordinates": [ 42.734343618150994, 42.622174620578598 ] } },
{ "type": "Feature", "properties": { "id": 45035, "district_en": "Tsageri", "district_ka": "ცაგერი", "precinct": 35.0, "name_en": "Tsageri - 35", "name_ka": "ცაგერი - 35" }, "geometry": { "type": "Point", "coordinates": [ 42.749408202189969, 42.646817070750579 ] } },
{ "type": "Feature", "properties": { "id": 45036, "district_en": "Tsageri", "district_ka": "ცაგერი", "precinct": 36.0, "name_en": "Tsageri - 36", "name_ka": "ცაგერი - 36" }, "geometry": { "type": "Point", "coordinates": [ 42.775901730827336, 42.528526966568606 ] } },
{ "type": "Feature", "properties": { "id": 45037, "district_en": "Tsageri", "district_ka": "ცაგერი", "precinct": 37.0, "name_en": "Tsageri - 37", "name_ka": "ცაგერი - 37" }, "geometry": { "type": "Point", "coordinates": [ 42.767404317855835, 42.648855277768469 ] } },
{ "type": "Feature", "properties": { "id": 45038, "district_en": "Tsageri", "district_ka": "ცაგერი", "precinct": 38.0, "name_en": "Tsageri - 38", "name_ka": "ცაგერი - 38" }, "geometry": { "type": "Point", "coordinates": [ 42.781390831671956, 42.630235406953169 ] } },
{ "type": "Feature", "properties": { "id": 45039, "district_en": "Tsageri", "district_ka": "ცაგერი", "precinct": 39.0, "name_en": "Tsageri - 39", "name_ka": "ცაგერი - 39" }, "geometry": { "type": "Point", "coordinates": [ 42.79649555683136, 42.619109918863224 ] } },
{ "type": "Feature", "properties": { "id": 45040, "district_en": "Tsageri", "district_ka": "ცაგერი", "precinct": 40.0, "name_en": "Tsageri - 40", "name_ka": "ცაგერი - 40" }, "geometry": { "type": "Point", "coordinates": [ 42.710343200044008, 42.626957380014836 ] } },
{ "type": "Feature", "properties": { "id": 45041, "district_en": "Tsageri", "district_ka": "ცაგერი", "precinct": 41.0, "name_en": "Tsageri - 41", "name_ka": "ცაგერი - 41" }, "geometry": { "type": "Point", "coordinates": [ 42.640095147224265, 42.538379289024412 ] } },
{ "type": "Feature", "properties": { "id": 46001, "district_en": "Lentekhi", "district_ka": "ლენტეხი", "precinct": 1.0, "name_en": "Lentekhi - 1", "name_ka": "ლენტეხი - 1" }, "geometry": { "type": "Point", "coordinates": [ 42.725246252830729, 42.788605705530884 ] } },
{ "type": "Feature", "properties": { "id": 46002, "district_en": "Lentekhi", "district_ka": "ლენტეხი", "precinct": 2.0, "name_en": "Lentekhi - 2", "name_ka": "ლენტეხი - 2" }, "geometry": { "type": "Point", "coordinates": [ 42.742649388360597, 42.797345720194258 ] } },
{ "type": "Feature", "properties": { "id": 46003, "district_en": "Lentekhi", "district_ka": "ლენტეხი", "precinct": 3.0, "name_en": "Lentekhi - 3", "name_ka": "ლენტეხი - 3" }, "geometry": { "type": "Point", "coordinates": [ 42.767548087306977, 42.683752204652151 ] } },
{ "type": "Feature", "properties": { "id": 46004, "district_en": "Lentekhi", "district_ka": "ლენტეხი", "precinct": 4.0, "name_en": "Lentekhi - 4", "name_ka": "ლენტეხი - 4" }, "geometry": { "type": "Point", "coordinates": [ 42.765384614467621, 42.703541389906746 ] } },
{ "type": "Feature", "properties": { "id": 46005, "district_en": "Lentekhi", "district_ka": "ლენტეხი", "precinct": 5.0, "name_en": "Lentekhi - 5", "name_ka": "ლენტეხი - 5" }, "geometry": { "type": "Point", "coordinates": [ 42.758165396091719, 42.729548109745025 ] } },
{ "type": "Feature", "properties": { "id": 46006, "district_en": "Lentekhi", "district_ka": "ლენტეხი", "precinct": 6.0, "name_en": "Lentekhi - 6", "name_ka": "ლენტეხი - 6" }, "geometry": { "type": "Point", "coordinates": [ 42.795248329639435, 42.741268257818426 ] } },
{ "type": "Feature", "properties": { "id": 46007, "district_en": "Lentekhi", "district_ka": "ლენტეხი", "precinct": 7.0, "name_en": "Lentekhi - 7", "name_ka": "ლენტეხი - 7" }, "geometry": { "type": "Point", "coordinates": [ 42.648926227656993, 42.787849465509346 ] } },
{ "type": "Feature", "properties": { "id": 46008, "district_en": "Lentekhi", "district_ka": "ლენტეხი", "precinct": 8.0, "name_en": "Lentekhi - 8", "name_ka": "ლენტეხი - 8" }, "geometry": { "type": "Point", "coordinates": [ 42.490094791401667, 42.829478773493399 ] } },
{ "type": "Feature", "properties": { "id": 46009, "district_en": "Lentekhi", "district_ka": "ლენტეხი", "precinct": 9.0, "name_en": "Lentekhi - 9", "name_ka": "ლენტეხი - 9" }, "geometry": { "type": "Point", "coordinates": [ 42.867462906763173, 42.843347849527795 ] } },
{ "type": "Feature", "properties": { "id": 46010, "district_en": "Lentekhi", "district_ka": "ლენტეხი", "precinct": 10.0, "name_en": "Lentekhi - 10", "name_ka": "ლენტეხი - 10" }, "geometry": { "type": "Point", "coordinates": [ 42.820598138083845, 42.841761003576927 ] } },
{ "type": "Feature", "properties": { "id": 46011, "district_en": "Lentekhi", "district_ka": "ლენტეხი", "precinct": 11.0, "name_en": "Lentekhi - 11", "name_ka": "ლენტეხი - 11" }, "geometry": { "type": "Point", "coordinates": [ 42.925845666233116, 42.832828133075246 ] } },
{ "type": "Feature", "properties": { "id": 46012, "district_en": "Lentekhi", "district_ka": "ლენტეხი", "precinct": 12.0, "name_en": "Lentekhi - 12", "name_ka": "ლენტეხი - 12" }, "geometry": { "type": "Point", "coordinates": [ 43.014860829360934, 42.796778339140559 ] } },
{ "type": "Feature", "properties": { "id": 46013, "district_en": "Lentekhi", "district_ka": "ლენტეხი", "precinct": 13.0, "name_en": "Lentekhi - 13", "name_ka": "ლენტეხი - 13" }, "geometry": { "type": "Point", "coordinates": [ 42.987919449806213, 42.795404589363379 ] } },
{ "type": "Feature", "properties": { "id": 46014, "district_en": "Lentekhi", "district_ka": "ლენტეხი", "precinct": 14.0, "name_en": "Lentekhi - 14", "name_ka": "ლენტეხი - 14" }, "geometry": { "type": "Point", "coordinates": [ 43.047756960779409, 42.793045169171322 ] } },
{ "type": "Feature", "properties": { "id": 46015, "district_en": "Lentekhi", "district_ka": "ლენტეხი", "precinct": 15.0, "name_en": "Lentekhi - 15", "name_ka": "ლენტეხი - 15" }, "geometry": { "type": "Point", "coordinates": [ 43.067582569186094, 42.794471976192611 ] } },
{ "type": "Feature", "properties": { "id": 46016, "district_en": "Lentekhi", "district_ka": "ლენტეხი", "precinct": 16.0, "name_en": "Lentekhi - 16", "name_ka": "ლენტეხი - 16" }, "geometry": { "type": "Point", "coordinates": [ 43.187899345704182, 42.890529794076045 ] } },
{ "type": "Feature", "properties": { "id": 46017, "district_en": "Lentekhi", "district_ka": "ლენტეხი", "precinct": 17.0, "name_en": "Lentekhi - 17", "name_ka": "ლენტეხი - 17" }, "geometry": { "type": "Point", "coordinates": [ 42.758240318426978, 42.79681670235901 ] } },
{ "type": "Feature", "properties": { "id": 46018, "district_en": "Lentekhi", "district_ka": "ლენტეხი", "precinct": 18.0, "name_en": "Lentekhi - 18", "name_ka": "ლენტეხი - 18" }, "geometry": { "type": "Point", "coordinates": [ 42.691476926395794, 42.792415811707322 ] } },
{ "type": "Feature", "properties": { "id": 46019, "district_en": "Lentekhi", "district_ka": "ლენტეხი", "precinct": 19.0, "name_en": "Lentekhi - 19", "name_ka": "ლენტეხი - 19" }, "geometry": { "type": "Point", "coordinates": [ 43.092230558395386, 42.789364002279171 ] } },
{ "type": "Feature", "properties": { "id": 46020, "district_en": "Lentekhi", "district_ka": "ლენტეხი", "precinct": 20.0, "name_en": "Lentekhi - 20", "name_ka": "ლენტეხი - 20" }, "geometry": { "type": "Point", "coordinates": [ 43.06415319442749, 42.787818824222406 ] } },
{ "type": "Feature", "properties": { "id": 46021, "district_en": "Lentekhi", "district_ka": "ლენტეხი", "precinct": 21.0, "name_en": "Lentekhi - 21", "name_ka": "ლენტეხი - 21" }, "geometry": { "type": "Point", "coordinates": [ 42.763700187206268, 42.711243900953484 ] } },
{ "type": "Feature", "properties": { "id": 46022, "district_en": "Lentekhi", "district_ka": "ლენტეხი", "precinct": 22.0, "name_en": "Lentekhi - 22", "name_ka": "ლენტეხი - 22" }, "geometry": { "type": "Point", "coordinates": [ 42.6780680777604, 42.792314876007993 ] } },
{ "type": "Feature", "properties": { "id": 46023, "district_en": "Lentekhi", "district_ka": "ლენტეხი", "precinct": 23.0, "name_en": "Lentekhi - 23", "name_ka": "ლენტეხი - 23" }, "geometry": { "type": "Point", "coordinates": [ 43.003771927401907, 42.796348288316445 ] } },
{ "type": "Feature", "properties": { "id": 47001, "district_en": "Mestia", "district_ka": "მესტია", "precinct": 1.0, "name_en": "Mestia - 1", "name_ka": "მესტია - 1" }, "geometry": { "type": "Point", "coordinates": [ 42.720973240019944, 43.042936541372796 ] } },
{ "type": "Feature", "properties": { "id": 47002, "district_en": "Mestia", "district_ka": "მესტია", "precinct": 2.0, "name_en": "Mestia - 2", "name_ka": "მესტია - 2" }, "geometry": { "type": "Point", "coordinates": [ 42.73974408573612, 43.050843066919938 ] } },
{ "type": "Feature", "properties": { "id": 47003, "district_en": "Mestia", "district_ka": "მესტია", "precinct": 3.0, "name_en": "Mestia - 3", "name_ka": "მესტია - 3" }, "geometry": { "type": "Point", "coordinates": [ 42.613112926483154, 43.070870698125034 ] } },
{ "type": "Feature", "properties": { "id": 47004, "district_en": "Mestia", "district_ka": "მესტია", "precinct": 4.0, "name_en": "Mestia - 4", "name_ka": "მესტია - 4" }, "geometry": { "type": "Point", "coordinates": [ 42.612082958221436, 43.053837406812157 ] } },
{ "type": "Feature", "properties": { "id": 47005, "district_en": "Mestia", "district_ka": "მესტია", "precinct": 5.0, "name_en": "Mestia - 5", "name_ka": "მესტია - 5" }, "geometry": { "type": "Point", "coordinates": [ 42.587717036878971, 43.033403859378538 ] } },
{ "type": "Feature", "properties": { "id": 47006, "district_en": "Mestia", "district_ka": "მესტია", "precinct": 6.0, "name_en": "Mestia - 6", "name_ka": "მესტია - 6" }, "geometry": { "type": "Point", "coordinates": [ 42.529368996620178, 43.05236744636214 ] } },
{ "type": "Feature", "properties": { "id": 47007, "district_en": "Mestia", "district_ka": "მესტია", "precinct": 7.0, "name_en": "Mestia - 7", "name_ka": "მესტია - 7" }, "geometry": { "type": "Point", "coordinates": [ 42.512809038162231, 43.039426354396596 ] } },
{ "type": "Feature", "properties": { "id": 47008, "district_en": "Mestia", "district_ka": "მესტია", "precinct": 8.0, "name_en": "Mestia - 8", "name_ka": "მესტია - 8" }, "geometry": { "type": "Point", "coordinates": [ 42.519397735165413, 43.044978705782171 ] } },
{ "type": "Feature", "properties": { "id": 47009, "district_en": "Mestia", "district_ka": "მესტია", "precinct": 9.0, "name_en": "Mestia - 9", "name_ka": "მესტია - 9" }, "geometry": { "type": "Point", "coordinates": [ 42.553790509700775, 43.02836486942217 ] } },
{ "type": "Feature", "properties": { "id": 47010, "district_en": "Mestia", "district_ka": "მესტია", "precinct": 10.0, "name_en": "Mestia - 10", "name_ka": "მესტია - 10" }, "geometry": { "type": "Point", "coordinates": [ 42.52573250265506, 43.026620702015379 ] } },
{ "type": "Feature", "properties": { "id": 47011, "district_en": "Mestia", "district_ka": "მესტია", "precinct": 11.0, "name_en": "Mestia - 11", "name_ka": "მესტია - 11" }, "geometry": { "type": "Point", "coordinates": [ 42.819184362888336, 43.010199869498429 ] } },
{ "type": "Feature", "properties": { "id": 47012, "district_en": "Mestia", "district_ka": "მესტია", "precinct": 12.0, "name_en": "Mestia - 12", "name_ka": "მესტია - 12" }, "geometry": { "type": "Point", "coordinates": [ 42.914021303179865, 42.996986092399077 ] } },
{ "type": "Feature", "properties": { "id": 47013, "district_en": "Mestia", "district_ka": "მესტია", "precinct": 13.0, "name_en": "Mestia - 13", "name_ka": "მესტია - 13" }, "geometry": { "type": "Point", "coordinates": [ 42.921856641769409, 42.93070924521448 ] } },
{ "type": "Feature", "properties": { "id": 47014, "district_en": "Mestia", "district_ka": "მესტია", "precinct": 14.0, "name_en": "Mestia - 14", "name_ka": "მესტია - 14" }, "geometry": { "type": "Point", "coordinates": [ 42.64666736125946, 43.005690634334329 ] } },
{ "type": "Feature", "properties": { "id": 47015, "district_en": "Mestia", "district_ka": "მესტია", "precinct": 15.0, "name_en": "Mestia - 15", "name_ka": "მესტია - 15" }, "geometry": { "type": "Point", "coordinates": [ 42.627812344149788, 43.015017701020597 ] } },
{ "type": "Feature", "properties": { "id": 47016, "district_en": "Mestia", "district_ka": "მესტია", "precinct": 16.0, "name_en": "Mestia - 16", "name_ka": "მესტია - 16" }, "geometry": { "type": "Point", "coordinates": [ 42.618817985057831, 43.022556889732712 ] } },
{ "type": "Feature", "properties": { "id": 47017, "district_en": "Mestia", "district_ka": "მესტია", "precinct": 17.0, "name_en": "Mestia - 17", "name_ka": "მესტია - 17" }, "geometry": { "type": "Point", "coordinates": [ 42.441226243972778, 43.051610892984264 ] } },
{ "type": "Feature", "properties": { "id": 47018, "district_en": "Mestia", "district_ka": "მესტია", "precinct": 18.0, "name_en": "Mestia - 18", "name_ka": "მესტია - 18" }, "geometry": { "type": "Point", "coordinates": [ 42.342252731323242, 43.040649621990532 ] } },
{ "type": "Feature", "properties": { "id": 47019, "district_en": "Mestia", "district_ka": "მესტია", "precinct": 19.0, "name_en": "Mestia - 19", "name_ka": "მესტია - 19" }, "geometry": { "type": "Point", "coordinates": [ 42.288310825824738, 43.003179911925564 ] } },
{ "type": "Feature", "properties": { "id": 47020, "district_en": "Mestia", "district_ka": "მესტია", "precinct": 20.0, "name_en": "Mestia - 20", "name_ka": "მესტია - 20" }, "geometry": { "type": "Point", "coordinates": [ 42.69323895756385, 43.03521319955945 ] } },
{ "type": "Feature", "properties": { "id": 47021, "district_en": "Mestia", "district_ka": "მესტია", "precinct": 21.0, "name_en": "Mestia - 21", "name_ka": "მესტია - 21" }, "geometry": { "type": "Point", "coordinates": [ 42.677424252033234, 43.029356994657938 ] } },
{ "type": "Feature", "properties": { "id": 47022, "district_en": "Mestia", "district_ka": "მესტია", "precinct": 22.0, "name_en": "Mestia - 22", "name_ka": "მესტია - 22" }, "geometry": { "type": "Point", "coordinates": [ 42.858484827508612, 43.045437308956942 ] } },
{ "type": "Feature", "properties": { "id": 47023, "district_en": "Mestia", "district_ka": "მესტია", "precinct": 23.0, "name_en": "Mestia - 23", "name_ka": "მესტია - 23" }, "geometry": { "type": "Point", "coordinates": [ 42.831286569589238, 43.047379443015814 ] } },
{ "type": "Feature", "properties": { "id": 47024, "district_en": "Mestia", "district_ka": "მესტია", "precinct": 24.0, "name_en": "Mestia - 24", "name_ka": "მესტია - 24" }, "geometry": { "type": "Point", "coordinates": [ 42.81412141880184, 43.054250248705415 ] } },
{ "type": "Feature", "properties": { "id": 47025, "district_en": "Mestia", "district_ka": "მესტია", "precinct": 25.0, "name_en": "Mestia - 25", "name_ka": "მესტია - 25" }, "geometry": { "type": "Point", "coordinates": [ 42.793362736701965, 43.055791419687949 ] } },
{ "type": "Feature", "properties": { "id": 47026, "district_en": "Mestia", "district_ka": "მესტია", "precinct": 26.0, "name_en": "Mestia - 26", "name_ka": "მესტია - 26" }, "geometry": { "type": "Point", "coordinates": [ 42.385912556121482, 43.082864713735958 ] } },
{ "type": "Feature", "properties": { "id": 47027, "district_en": "Mestia", "district_ka": "მესტია", "precinct": 27.0, "name_en": "Mestia - 27", "name_ka": "მესტია - 27" }, "geometry": { "type": "Point", "coordinates": [ 42.557124495506287, 43.016054124143629 ] } },
{ "type": "Feature", "properties": { "id": 47028, "district_en": "Mestia", "district_ka": "მესტია", "precinct": 28.0, "name_en": "Mestia - 28", "name_ka": "მესტია - 28" }, "geometry": { "type": "Point", "coordinates": [ 43.010549247264862, 42.915790001638698 ] } },
{ "type": "Feature", "properties": { "id": 47029, "district_en": "Mestia", "district_ka": "მესტია", "precinct": 29.0, "name_en": "Mestia - 29", "name_ka": "მესტია - 29" }, "geometry": { "type": "Point", "coordinates": [ 42.496033621749845, 43.052326565602776 ] } },
{ "type": "Feature", "properties": { "id": 47030, "district_en": "Mestia", "district_ka": "მესტია", "precinct": 30.0, "name_en": "Mestia - 30", "name_ka": "მესტია - 30" }, "geometry": { "type": "Point", "coordinates": [ 42.111282348632812, 42.931463360640947 ] } },
{ "type": "Feature", "properties": { "id": 47031, "district_en": "Mestia", "district_ka": "მესტია", "precinct": 31.0, "name_en": "Mestia - 31", "name_ka": "მესტია - 31" }, "geometry": { "type": "Point", "coordinates": [ 42.475784495886977, 43.047618067934195 ] } },
{ "type": "Feature", "properties": { "id": 47032, "district_en": "Mestia", "district_ka": "მესტია", "precinct": 32.0, "name_en": "Mestia - 32", "name_ka": "მესტია - 32" }, "geometry": { "type": "Point", "coordinates": [ 42.557215690612793, 43.003811525191331 ] } },
{ "type": "Feature", "properties": { "id": 47033, "district_en": "Mestia", "district_ka": "მესტია", "precinct": 33.0, "name_en": "Mestia - 33", "name_ka": "მესტია - 33" }, "geometry": { "type": "Point", "coordinates": [ 42.543855652006535, 43.010761737322525 ] } },
{ "type": "Feature", "properties": { "id": 47034, "district_en": "Mestia", "district_ka": "მესტია", "precinct": 34.0, "name_en": "Mestia - 34", "name_ka": "მესტია - 34" }, "geometry": { "type": "Point", "coordinates": [ 42.805389761924744, 43.014485199413528 ] } },
{ "type": "Feature", "properties": { "id": 47035, "district_en": "Mestia", "district_ka": "მესტია", "precinct": 35.0, "name_en": "Mestia - 35", "name_ka": "მესტია - 35" }, "geometry": { "type": "Point", "coordinates": [ 42.761728763580322, 43.01289858351749 ] } },
{ "type": "Feature", "properties": { "id": 47036, "district_en": "Mestia", "district_ka": "მესტია", "precinct": 36.0, "name_en": "Mestia - 36", "name_ka": "მესტია - 36" }, "geometry": { "type": "Point", "coordinates": [ 42.179104685783386, 43.057919792154053 ] } },
{ "type": "Feature", "properties": { "id": 47037, "district_en": "Mestia", "district_ka": "მესტია", "precinct": 37.0, "name_en": "Mestia - 37", "name_ka": "მესტია - 37" }, "geometry": { "type": "Point", "coordinates": [ 42.191516143724819, 43.01966501013861 ] } },
{ "type": "Feature", "properties": { "id": 47038, "district_en": "Mestia", "district_ka": "მესტია", "precinct": 38.0, "name_en": "Mestia - 38", "name_ka": "მესტია - 38" }, "geometry": { "type": "Point", "coordinates": [ 42.18395365746381, 42.944145313796604 ] } },
{ "type": "Feature", "properties": { "id": 47039, "district_en": "Mestia", "district_ka": "მესტია", "precinct": 39.0, "name_en": "Mestia - 39", "name_ka": "მესტია - 39" }, "geometry": { "type": "Point", "coordinates": [ 42.194265402932714, 42.904098243676238 ] } },
{ "type": "Feature", "properties": { "id": 47040, "district_en": "Mestia", "district_ka": "მესტია", "precinct": 40.0, "name_en": "Mestia - 40", "name_ka": "მესტია - 40" }, "geometry": { "type": "Point", "coordinates": [ 42.091028101852409, 42.929208053173809 ] } },
{ "type": "Feature", "properties": { "id": 48001, "district_en": "Kharagauli", "district_ka": "ხარაგაული", "precinct": 1.0, "name_en": "Kharagauli - 1", "name_ka": "ხარაგაული - 1" }, "geometry": { "type": "Point", "coordinates": [ 43.208606243133545, 42.011231329864046 ] } },
{ "type": "Feature", "properties": { "id": 48002, "district_en": "Kharagauli", "district_ka": "ხარაგაული", "precinct": 2.0, "name_en": "Kharagauli - 2", "name_ka": "ხარაგაული - 2" }, "geometry": { "type": "Point", "coordinates": [ 43.191955089569092, 42.023490579168161 ] } },
{ "type": "Feature", "properties": { "id": 48003, "district_en": "Kharagauli", "district_ka": "ხარაგაული", "precinct": 3.0, "name_en": "Kharagauli - 3", "name_ka": "ხარაგაული - 3" }, "geometry": { "type": "Point", "coordinates": [ 43.212829, 42.0335569 ] } },
{ "type": "Feature", "properties": { "id": 48004, "district_en": "Kharagauli", "district_ka": "ხარაგაული", "precinct": 4.0, "name_en": "Kharagauli - 4", "name_ka": "ხარაგაული - 4" }, "geometry": { "type": "Point", "coordinates": [ 43.26792656289058, 42.109372061649189 ] } },
{ "type": "Feature", "properties": { "id": 48005, "district_en": "Kharagauli", "district_ka": "ხარაგაული", "precinct": 5.0, "name_en": "Kharagauli - 5", "name_ka": "ხარაგაული - 5" }, "geometry": { "type": "Point", "coordinates": [ 43.254114911982512, 42.109996292460309 ] } },
{ "type": "Feature", "properties": { "id": 48006, "district_en": "Kharagauli", "district_ka": "ხარაგაული", "precinct": 6.0, "name_en": "Kharagauli - 6", "name_ka": "ხარაგაული - 6" }, "geometry": { "type": "Point", "coordinates": [ 43.308757858176598, 42.104452350644443 ] } },
{ "type": "Feature", "properties": { "id": 48007, "district_en": "Kharagauli", "district_ka": "ხარაგაული", "precinct": 7.0, "name_en": "Kharagauli - 7", "name_ka": "ხარაგაული - 7" }, "geometry": { "type": "Point", "coordinates": [ 43.22810556688065, 42.097646395569939 ] } },
{ "type": "Feature", "properties": { "id": 48008, "district_en": "Kharagauli", "district_ka": "ხარაგაული", "precinct": 8.0, "name_en": "Kharagauli - 8", "name_ka": "ხარაგაული - 8" }, "geometry": { "type": "Point", "coordinates": [ 43.09688841261449, 42.020439488165849 ] } },
{ "type": "Feature", "properties": { "id": 48009, "district_en": "Kharagauli", "district_ka": "ხარაგაული", "precinct": 9.0, "name_en": "Kharagauli - 9", "name_ka": "ხარაგაული - 9" }, "geometry": { "type": "Point", "coordinates": [ 43.313409253454942, 41.94934821226768 ] } },
{ "type": "Feature", "properties": { "id": 48010, "district_en": "Kharagauli", "district_ka": "ხარაგაული", "precinct": 10.0, "name_en": "Kharagauli - 10", "name_ka": "ხარაგაული - 10" }, "geometry": { "type": "Point", "coordinates": [ 43.401037987848703, 41.970866788295339 ] } },
{ "type": "Feature", "properties": { "id": 48011, "district_en": "Kharagauli", "district_ka": "ხარაგაული", "precinct": 11.0, "name_en": "Kharagauli - 11", "name_ka": "ხარაგაული - 11" }, "geometry": { "type": "Point", "coordinates": [ 43.118338348214571, 42.036240967326776 ] } },
{ "type": "Feature", "properties": { "id": 48012, "district_en": "Kharagauli", "district_ka": "ხარაგაული", "precinct": 12.0, "name_en": "Kharagauli - 12", "name_ka": "ხარაგაული - 12" }, "geometry": { "type": "Point", "coordinates": [ 43.1722518375446, 42.027761320172075 ] } },
{ "type": "Feature", "properties": { "id": 48013, "district_en": "Kharagauli", "district_ka": "ხარაგაული", "precinct": 13.0, "name_en": "Kharagauli - 13", "name_ka": "ხარაგაული - 13" }, "geometry": { "type": "Point", "coordinates": [ 43.177897387280431, 42.057949626368881 ] } },
{ "type": "Feature", "properties": { "id": 48014, "district_en": "Kharagauli", "district_ka": "ხარაგაული", "precinct": 14.0, "name_en": "Kharagauli - 14", "name_ka": "ხარაგაული - 14" }, "geometry": { "type": "Point", "coordinates": [ 43.251967970616619, 41.963895935091642 ] } },
{ "type": "Feature", "properties": { "id": 48015, "district_en": "Kharagauli", "district_ka": "ხარაგაული", "precinct": 15.0, "name_en": "Kharagauli - 15", "name_ka": "ხარაგაული - 15" }, "geometry": { "type": "Point", "coordinates": [ 43.271800336805029, 41.976931224595212 ] } },
{ "type": "Feature", "properties": { "id": 48016, "district_en": "Kharagauli", "district_ka": "ხარაგაული", "precinct": 16.0, "name_en": "Kharagauli - 16", "name_ka": "ხარაგაული - 16" }, "geometry": { "type": "Point", "coordinates": [ 43.272832674553342, 41.976871317812737 ] } },
{ "type": "Feature", "properties": { "id": 48017, "district_en": "Kharagauli", "district_ka": "ხარაგაული", "precinct": 17.0, "name_en": "Kharagauli - 17", "name_ka": "ხარაგაული - 17" }, "geometry": { "type": "Point", "coordinates": [ 43.363426434603127, 41.982937358185382 ] } },
{ "type": "Feature", "properties": { "id": 48018, "district_en": "Kharagauli", "district_ka": "ხარაგაული", "precinct": 18.0, "name_en": "Kharagauli - 18", "name_ka": "ხარაგაული - 18" }, "geometry": { "type": "Point", "coordinates": [ 43.353927746392188, 41.968622864561056 ] } },
{ "type": "Feature", "properties": { "id": 48019, "district_en": "Kharagauli", "district_ka": "ხარაგაული", "precinct": 19.0, "name_en": "Kharagauli - 19", "name_ka": "ხარაგაული - 19" }, "geometry": { "type": "Point", "coordinates": [ 43.316915698770025, 41.966751054680898 ] } },
{ "type": "Feature", "properties": { "id": 48020, "district_en": "Kharagauli", "district_ka": "ხარაგაული", "precinct": 20.0, "name_en": "Kharagauli - 20", "name_ka": "ხარაგაული - 20" }, "geometry": { "type": "Point", "coordinates": [ 43.421349318403877, 42.120474521047136 ] } },
{ "type": "Feature", "properties": { "id": 48021, "district_en": "Kharagauli", "district_ka": "ხარაგაული", "precinct": 21.0, "name_en": "Kharagauli - 21", "name_ka": "ხარაგაული - 21" }, "geometry": { "type": "Point", "coordinates": [ 43.230319161425314, 42.064913359597575 ] } },
{ "type": "Feature", "properties": { "id": 48022, "district_en": "Kharagauli", "district_ka": "ხარაგაული", "precinct": 22.0, "name_en": "Kharagauli - 22", "name_ka": "ხარაგაული - 22" }, "geometry": { "type": "Point", "coordinates": [ 43.252304825773159, 42.044701610313169 ] } },
{ "type": "Feature", "properties": { "id": 48023, "district_en": "Kharagauli", "district_ka": "ხარაგაული", "precinct": 23.0, "name_en": "Kharagauli - 23", "name_ka": "ხარაგაული - 23" }, "geometry": { "type": "Point", "coordinates": [ 43.231984001611636, 41.997472775438304 ] } },
{ "type": "Feature", "properties": { "id": 48024, "district_en": "Kharagauli", "district_ka": "ხარაგაული", "precinct": 24.0, "name_en": "Kharagauli - 24", "name_ka": "ხარაგაული - 24" }, "geometry": { "type": "Point", "coordinates": [ 43.217966507922576, 41.981294751846498 ] } },
{ "type": "Feature", "properties": { "id": 48025, "district_en": "Kharagauli", "district_ka": "ხარაგაული", "precinct": 25.0, "name_en": "Kharagauli - 25", "name_ka": "ხარაგაული - 25" }, "geometry": { "type": "Point", "coordinates": [ 43.224054917717211, 42.01207946257054 ] } },
{ "type": "Feature", "properties": { "id": 48026, "district_en": "Kharagauli", "district_ka": "ხარაგაული", "precinct": 26.0, "name_en": "Kharagauli - 26", "name_ka": "ხარაგაული - 26" }, "geometry": { "type": "Point", "coordinates": [ 43.170111179351807, 42.005387826198785 ] } },
{ "type": "Feature", "properties": { "id": 48027, "district_en": "Kharagauli", "district_ka": "ხარაგაული", "precinct": 27.0, "name_en": "Kharagauli - 27", "name_ka": "ხარაგაული - 27" }, "geometry": { "type": "Point", "coordinates": [ 43.268523591685678, 42.070871150025177 ] } },
{ "type": "Feature", "properties": { "id": 48028, "district_en": "Kharagauli", "district_ka": "ხარაგაული", "precinct": 28.0, "name_en": "Kharagauli - 28", "name_ka": "ხარაგაული - 28" }, "geometry": { "type": "Point", "coordinates": [ 43.440690911646037, 42.000953464667475 ] } },
{ "type": "Feature", "properties": { "id": 48029, "district_en": "Kharagauli", "district_ka": "ხარაგაული", "precinct": 29.0, "name_en": "Kharagauli - 29", "name_ka": "ხარაგაული - 29" }, "geometry": { "type": "Point", "coordinates": [ 43.07983612814472, 42.038660923642212 ] } },
{ "type": "Feature", "properties": { "id": 48030, "district_en": "Kharagauli", "district_ka": "ხარაგაული", "precinct": 30.0, "name_en": "Kharagauli - 30", "name_ka": "ხარაგაული - 30" }, "geometry": { "type": "Point", "coordinates": [ 43.414089510525613, 42.095413032336126 ] } },
{ "type": "Feature", "properties": { "id": 48031, "district_en": "Kharagauli", "district_ka": "ხარაგაული", "precinct": 31.0, "name_en": "Kharagauli - 31", "name_ka": "ხარაგაული - 31" }, "geometry": { "type": "Point", "coordinates": [ 43.124899864196777, 42.006256812287774 ] } },
{ "type": "Feature", "properties": { "id": 48032, "district_en": "Kharagauli", "district_ka": "ხარაგაული", "precinct": 32.0, "name_en": "Kharagauli - 32", "name_ka": "ხარაგაული - 32" }, "geometry": { "type": "Point", "coordinates": [ 43.366871271583285, 42.104310792159708 ] } },
{ "type": "Feature", "properties": { "id": 48033, "district_en": "Kharagauli", "district_ka": "ხარაგაული", "precinct": 33.0, "name_en": "Kharagauli - 33", "name_ka": "ხარაგაული - 33" }, "geometry": { "type": "Point", "coordinates": [ 43.338886642091317, 42.106373473030963 ] } },
{ "type": "Feature", "properties": { "id": 48034, "district_en": "Kharagauli", "district_ka": "ხარაგაული", "precinct": 34.0, "name_en": "Kharagauli - 34", "name_ka": "ხარაგაული - 34" }, "geometry": { "type": "Point", "coordinates": [ 43.207998317156125, 42.017565145499994 ] } },
{ "type": "Feature", "properties": { "id": 48035, "district_en": "Kharagauli", "district_ka": "ხარაგაული", "precinct": 35.0, "name_en": "Kharagauli - 35", "name_ka": "ხარაგაული - 35" }, "geometry": { "type": "Point", "coordinates": [ 43.151784303025167, 42.034255665236223 ] } },
{ "type": "Feature", "properties": { "id": 48036, "district_en": "Kharagauli", "district_ka": "ხარაგაული", "precinct": 36.0, "name_en": "Kharagauli - 36", "name_ka": "ხარაგაული - 36" }, "geometry": { "type": "Point", "coordinates": [ 43.190297935858645, 42.005197113997333 ] } },
{ "type": "Feature", "properties": { "id": 48037, "district_en": "Kharagauli", "district_ka": "ხარაგაული", "precinct": 37.0, "name_en": "Kharagauli - 37", "name_ka": "ხარაგაული - 37" }, "geometry": { "type": "Point", "coordinates": [ 43.365748543300477, 42.084255504061922 ] } },
{ "type": "Feature", "properties": { "id": 49001, "district_en": "Terjola", "district_ka": "თერჯოლა", "precinct": 1.0, "name_en": "Terjola - 1", "name_ka": "თერჯოლა - 1" }, "geometry": { "type": "Point", "coordinates": [ 42.976718544960022, 42.182969690878188 ] } },
{ "type": "Feature", "properties": { "id": 49002, "district_en": "Terjola", "district_ka": "თერჯოლა", "precinct": 2.0, "name_en": "Terjola - 2", "name_ka": "თერჯოლა - 2" }, "geometry": { "type": "Point", "coordinates": [ 42.972663982583654, 42.177627086970617 ] } },
{ "type": "Feature", "properties": { "id": 49003, "district_en": "Terjola", "district_ka": "თერჯოლა", "precinct": 3.0, "name_en": "Terjola - 3", "name_ka": "თერჯოლა - 3" }, "geometry": { "type": "Point", "coordinates": [ 42.977198290875691, 42.177585357637 ] } },
{ "type": "Feature", "properties": { "id": 49004, "district_en": "Terjola", "district_ka": "თერჯოლა", "precinct": 4.0, "name_en": "Terjola - 4", "name_ka": "თერჯოლა - 4" }, "geometry": { "type": "Point", "coordinates": [ 43.020111322402954, 42.256872432474765 ] } },
{ "type": "Feature", "properties": { "id": 49005, "district_en": "Terjola", "district_ka": "თერჯოლა", "precinct": 5.0, "name_en": "Terjola - 5", "name_ka": "თერჯოლა - 5" }, "geometry": { "type": "Point", "coordinates": [ 43.030680030046156, 42.229613172901352 ] } },
{ "type": "Feature", "properties": { "id": 49006, "district_en": "Terjola", "district_ka": "თერჯოლა", "precinct": 6.0, "name_en": "Terjola - 6", "name_ka": "თერჯოლა - 6" }, "geometry": { "type": "Point", "coordinates": [ 42.981411049155753, 42.215918043820679 ] } },
{ "type": "Feature", "properties": { "id": 49007, "district_en": "Terjola", "district_ka": "თერჯოლა", "precinct": 7.0, "name_en": "Terjola - 7", "name_ka": "თერჯოლა - 7" }, "geometry": { "type": "Point", "coordinates": [ 42.887443931789434, 42.215148024778294 ] } },
{ "type": "Feature", "properties": { "id": 49008, "district_en": "Terjola", "district_ka": "თერჯოლა", "precinct": 8.0, "name_en": "Terjola - 8", "name_ka": "თერჯოლა - 8" }, "geometry": { "type": "Point", "coordinates": [ 42.988957033598695, 42.272986024348178 ] } },
{ "type": "Feature", "properties": { "id": 49009, "district_en": "Terjola", "district_ka": "თერჯოლა", "precinct": 9.0, "name_en": "Terjola - 9", "name_ka": "თერჯოლა - 9" }, "geometry": { "type": "Point", "coordinates": [ 42.780483296872283, 42.259543159907743 ] } },
{ "type": "Feature", "properties": { "id": 49010, "district_en": "Terjola", "district_ka": "თერჯოლა", "precinct": 10.0, "name_en": "Terjola - 10", "name_ka": "თერჯოლა - 10" }, "geometry": { "type": "Point", "coordinates": [ 42.794926737712942, 42.246298674955931 ] } },
{ "type": "Feature", "properties": { "id": 49011, "district_en": "Terjola", "district_ka": "თერჯოლა", "precinct": 11.0, "name_en": "Terjola - 11", "name_ka": "თერჯოლა - 11" }, "geometry": { "type": "Point", "coordinates": [ 42.918726700654197, 42.202166206566574 ] } },
{ "type": "Feature", "properties": { "id": 49012, "district_en": "Terjola", "district_ka": "თერჯოლა", "precinct": 12.0, "name_en": "Terjola - 12", "name_ka": "თერჯოლა - 12" }, "geometry": { "type": "Point", "coordinates": [ 43.047454661220904, 42.244854097974546 ] } },
{ "type": "Feature", "properties": { "id": 49013, "district_en": "Terjola", "district_ka": "თერჯოლა", "precinct": 13.0, "name_en": "Terjola - 13", "name_ka": "თერჯოლა - 13" }, "geometry": { "type": "Point", "coordinates": [ 43.089944255555174, 42.225613107166531 ] } },
{ "type": "Feature", "properties": { "id": 49014, "district_en": "Terjola", "district_ka": "თერჯოლა", "precinct": 14.0, "name_en": "Terjola - 14", "name_ka": "თერჯოლა - 14" }, "geometry": { "type": "Point", "coordinates": [ 43.066867589950562, 42.229264123803709 ] } },
{ "type": "Feature", "properties": { "id": 49015, "district_en": "Terjola", "district_ka": "თერჯოლა", "precinct": 15.0, "name_en": "Terjola - 15", "name_ka": "თერჯოლა - 15" }, "geometry": { "type": "Point", "coordinates": [ 42.920306011212574, 42.231152899296006 ] } },
{ "type": "Feature", "properties": { "id": 49016, "district_en": "Terjola", "district_ka": "თერჯოლა", "precinct": 16.0, "name_en": "Terjola - 16", "name_ka": "თერჯოლა - 16" }, "geometry": { "type": "Point", "coordinates": [ 43.099169914883497, 42.267693107513871 ] } },
{ "type": "Feature", "properties": { "id": 49017, "district_en": "Terjola", "district_ka": "თერჯოლა", "precinct": 17.0, "name_en": "Terjola - 17", "name_ka": "თერჯოლა - 17" }, "geometry": { "type": "Point", "coordinates": [ 43.084677457809448, 42.248240177346489 ] } },
{ "type": "Feature", "properties": { "id": 49018, "district_en": "Terjola", "district_ka": "თერჯოლა", "precinct": 18.0, "name_en": "Terjola - 18", "name_ka": "თერჯოლა - 18" }, "geometry": { "type": "Point", "coordinates": [ 42.730352583122531, 42.212408370635686 ] } },
{ "type": "Feature", "properties": { "id": 49019, "district_en": "Terjola", "district_ka": "თერჯოლა", "precinct": 19.0, "name_en": "Terjola - 19", "name_ka": "თერჯოლა - 19" }, "geometry": { "type": "Point", "coordinates": [ 42.72150124266539, 42.19700761539692 ] } },
{ "type": "Feature", "properties": { "id": 49020, "district_en": "Terjola", "district_ka": "თერჯოლა", "precinct": 20.0, "name_en": "Terjola - 20", "name_ka": "თერჯოლა - 20" }, "geometry": { "type": "Point", "coordinates": [ 42.831110516219951, 42.232205170983548 ] } },
{ "type": "Feature", "properties": { "id": 49021, "district_en": "Terjola", "district_ka": "თერჯოლა", "precinct": 21.0, "name_en": "Terjola - 21", "name_ka": "თერჯოლა - 21" }, "geometry": { "type": "Point", "coordinates": [ 43.013650411599187, 42.211140560783569 ] } },
{ "type": "Feature", "properties": { "id": 49022, "district_en": "Terjola", "district_ka": "თერჯოლა", "precinct": 22.0, "name_en": "Terjola - 22", "name_ka": "თერჯოლა - 22" }, "geometry": { "type": "Point", "coordinates": [ 42.940919, 42.185979 ] } },
{ "type": "Feature", "properties": { "id": 49023, "district_en": "Terjola", "district_ka": "თერჯოლა", "precinct": 23.0, "name_en": "Terjola - 23", "name_ka": "თერჯოლა - 23" }, "geometry": { "type": "Point", "coordinates": [ 42.862048427183126, 42.221865013193771 ] } },
{ "type": "Feature", "properties": { "id": 49024, "district_en": "Terjola", "district_ka": "თერჯოლა", "precinct": 24.0, "name_en": "Terjola - 24", "name_ka": "თერჯოლა - 24" }, "geometry": { "type": "Point", "coordinates": [ 42.984792381833451, 42.167083159244385 ] } },
{ "type": "Feature", "properties": { "id": 49025, "district_en": "Terjola", "district_ka": "თერჯოლა", "precinct": 25.0, "name_en": "Terjola - 25", "name_ka": "თერჯოლა - 25" }, "geometry": { "type": "Point", "coordinates": [ 42.978161573410034, 42.24728714208721 ] } },
{ "type": "Feature", "properties": { "id": 49026, "district_en": "Terjola", "district_ka": "თერჯოლა", "precinct": 26.0, "name_en": "Terjola - 26", "name_ka": "თერჯოლა - 26" }, "geometry": { "type": "Point", "coordinates": [ 42.956966479476286, 42.2540526819962 ] } },
{ "type": "Feature", "properties": { "id": 49027, "district_en": "Terjola", "district_ka": "თერჯოლა", "precinct": 27.0, "name_en": "Terjola - 27", "name_ka": "თერჯოლა - 27" }, "geometry": { "type": "Point", "coordinates": [ 42.767559885978699, 42.222002625924837 ] } },
{ "type": "Feature", "properties": { "id": 49028, "district_en": "Terjola", "district_ka": "თერჯოლა", "precinct": 28.0, "name_en": "Terjola - 28", "name_ka": "თერჯოლა - 28" }, "geometry": { "type": "Point", "coordinates": [ 43.005336454766763, 42.202904583546044 ] } },
{ "type": "Feature", "properties": { "id": 49029, "district_en": "Terjola", "district_ka": "თერჯოლა", "precinct": 29.0, "name_en": "Terjola - 29", "name_ka": "თერჯოლა - 29" }, "geometry": { "type": "Point", "coordinates": [ 42.902235787534458, 42.205843105127762 ] } },
{ "type": "Feature", "properties": { "id": 49030, "district_en": "Terjola", "district_ka": "თერჯოლა", "precinct": 30.0, "name_en": "Terjola - 30", "name_ka": "თერჯოლა - 30" }, "geometry": { "type": "Point", "coordinates": [ 42.854383239247866, 42.203410194464531 ] } },
{ "type": "Feature", "properties": { "id": 50001, "district_en": "Sachkhere", "district_ka": "საჩხერე", "precinct": 1.0, "name_en": "Sachkhere - 1", "name_ka": "საჩხერე - 1" }, "geometry": { "type": "Point", "coordinates": [ 43.405587673187256, 42.33976959487633 ] } },
{ "type": "Feature", "properties": { "id": 50002, "district_en": "Sachkhere", "district_ka": "საჩხერე", "precinct": 2.0, "name_en": "Sachkhere - 2", "name_ka": "საჩხერე - 2" }, "geometry": { "type": "Point", "coordinates": [ 43.384591758766909, 42.355390125616346 ] } },
{ "type": "Feature", "properties": { "id": 50003, "district_en": "Sachkhere", "district_ka": "საჩხერე", "precinct": 3.0, "name_en": "Sachkhere - 3", "name_ka": "საჩხერე - 3" }, "geometry": { "type": "Point", "coordinates": [ 43.417863996433979, 42.344009925635056 ] } },
{ "type": "Feature", "properties": { "id": 50004, "district_en": "Sachkhere", "district_ka": "საჩხერე", "precinct": 4.0, "name_en": "Sachkhere - 4", "name_ka": "საჩხერე - 4" }, "geometry": { "type": "Point", "coordinates": [ 43.3875418, 42.3396381 ] } },
{ "type": "Feature", "properties": { "id": 50005, "district_en": "Sachkhere", "district_ka": "საჩხერე", "precinct": 5.0, "name_en": "Sachkhere - 5", "name_ka": "საჩხერე - 5" }, "geometry": { "type": "Point", "coordinates": [ 43.408510236245775, 42.334073747900881 ] } },
{ "type": "Feature", "properties": { "id": 50006, "district_en": "Sachkhere", "district_ka": "საჩხერე", "precinct": 6.0, "name_en": "Sachkhere - 6", "name_ka": "საჩხერე - 6" }, "geometry": { "type": "Point", "coordinates": [ 43.40198278427124, 42.342769184617964 ] } },
{ "type": "Feature", "properties": { "id": 50007, "district_en": "Sachkhere", "district_ka": "საჩხერე", "precinct": 7.0, "name_en": "Sachkhere - 7", "name_ka": "საჩხერე - 7" }, "geometry": { "type": "Point", "coordinates": [ 43.510211798741935, 42.291098205744674 ] } },
{ "type": "Feature", "properties": { "id": 50008, "district_en": "Sachkhere", "district_ka": "საჩხერე", "precinct": 8.0, "name_en": "Sachkhere - 8", "name_ka": "საჩხერე - 8" }, "geometry": { "type": "Point", "coordinates": [ 43.466842514354383, 42.286447049881517 ] } },
{ "type": "Feature", "properties": { "id": 50009, "district_en": "Sachkhere", "district_ka": "საჩხერე", "precinct": 9.0, "name_en": "Sachkhere - 9", "name_ka": "საჩხერე - 9" }, "geometry": { "type": "Point", "coordinates": [ 43.50479151658746, 42.275889464039487 ] } },
{ "type": "Feature", "properties": { "id": 50010, "district_en": "Sachkhere", "district_ka": "საჩხერე", "precinct": 10.0, "name_en": "Sachkhere - 10", "name_ka": "საჩხერე - 10" }, "geometry": { "type": "Point", "coordinates": [ 43.469614461871423, 42.313369292724083 ] } },
{ "type": "Feature", "properties": { "id": 50011, "district_en": "Sachkhere", "district_ka": "საჩხერე", "precinct": 11.0, "name_en": "Sachkhere - 11", "name_ka": "საჩხერე - 11" }, "geometry": { "type": "Point", "coordinates": [ 43.480495, 42.289548 ] } },
{ "type": "Feature", "properties": { "id": 50012, "district_en": "Sachkhere", "district_ka": "საჩხერე", "precinct": 12.0, "name_en": "Sachkhere - 12", "name_ka": "საჩხერე - 12" }, "geometry": { "type": "Point", "coordinates": [ 43.468255570896559, 42.305184958205714 ] } },
{ "type": "Feature", "properties": { "id": 50013, "district_en": "Sachkhere", "district_ka": "საჩხერე", "precinct": 13.0, "name_en": "Sachkhere - 13", "name_ka": "საჩხერე - 13" }, "geometry": { "type": "Point", "coordinates": [ 43.477190980676767, 42.268499049237491 ] } },
{ "type": "Feature", "properties": { "id": 50014, "district_en": "Sachkhere", "district_ka": "საჩხერე", "precinct": 14.0, "name_en": "Sachkhere - 14", "name_ka": "საჩხერე - 14" }, "geometry": { "type": "Point", "coordinates": [ 43.447921525641853, 42.32670719180495 ] } },
{ "type": "Feature", "properties": { "id": 50015, "district_en": "Sachkhere", "district_ka": "საჩხერე", "precinct": 15.0, "name_en": "Sachkhere - 15", "name_ka": "საჩხერე - 15" }, "geometry": { "type": "Point", "coordinates": [ 43.439216521091339, 42.28963890077948 ] } },
{ "type": "Feature", "properties": { "id": 50016, "district_en": "Sachkhere", "district_ka": "საჩხერე", "precinct": 16.0, "name_en": "Sachkhere - 16", "name_ka": "საჩხერე - 16" }, "geometry": { "type": "Point", "coordinates": [ 43.44988305828133, 42.299893084648858 ] } },
{ "type": "Feature", "properties": { "id": 50017, "district_en": "Sachkhere", "district_ka": "საჩხერე", "precinct": 17.0, "name_en": "Sachkhere - 17", "name_ka": "საჩხერე - 17" }, "geometry": { "type": "Point", "coordinates": [ 43.43976185795281, 42.221738610433576 ] } },
{ "type": "Feature", "properties": { "id": 50018, "district_en": "Sachkhere", "district_ka": "საჩხერე", "precinct": 18.0, "name_en": "Sachkhere - 18", "name_ka": "საჩხერე - 18" }, "geometry": { "type": "Point", "coordinates": [ 43.420851562417738, 42.210707571158835 ] } },
{ "type": "Feature", "properties": { "id": 50019, "district_en": "Sachkhere", "district_ka": "საჩხერე", "precinct": 19.0, "name_en": "Sachkhere - 19", "name_ka": "საჩხერე - 19" }, "geometry": { "type": "Point", "coordinates": [ 43.4706734594658, 42.237098591639452 ] } },
{ "type": "Feature", "properties": { "id": 50020, "district_en": "Sachkhere", "district_ka": "საჩხერე", "precinct": 20.0, "name_en": "Sachkhere - 20", "name_ka": "საჩხერე - 20" }, "geometry": { "type": "Point", "coordinates": [ 43.46305491944895, 42.248667897572901 ] } },
{ "type": "Feature", "properties": { "id": 50021, "district_en": "Sachkhere", "district_ka": "საჩხერე", "precinct": 21.0, "name_en": "Sachkhere - 21", "name_ka": "საჩხერე - 21" }, "geometry": { "type": "Point", "coordinates": [ 43.466711752045725, 42.208627374534139 ] } },
{ "type": "Feature", "properties": { "id": 50022, "district_en": "Sachkhere", "district_ka": "საჩხერე", "precinct": 22.0, "name_en": "Sachkhere - 22", "name_ka": "საჩხერე - 22" }, "geometry": { "type": "Point", "coordinates": [ 43.486917708165052, 42.24279054759478 ] } },
{ "type": "Feature", "properties": { "id": 50023, "district_en": "Sachkhere", "district_ka": "საჩხერე", "precinct": 23.0, "name_en": "Sachkhere - 23", "name_ka": "საჩხერე - 23" }, "geometry": { "type": "Point", "coordinates": [ 43.43489836472714, 42.310454227820941 ] } },
{ "type": "Feature", "properties": { "id": 50024, "district_en": "Sachkhere", "district_ka": "საჩხერე", "precinct": 24.0, "name_en": "Sachkhere - 24", "name_ka": "საჩხერე - 24" }, "geometry": { "type": "Point", "coordinates": [ 43.430667259844284, 42.303764530392748 ] } },
{ "type": "Feature", "properties": { "id": 50025, "district_en": "Sachkhere", "district_ka": "საჩხერე", "precinct": 25.0, "name_en": "Sachkhere - 25", "name_ka": "საჩხერე - 25" }, "geometry": { "type": "Point", "coordinates": [ 43.436727834136107, 42.319191530982302 ] } },
{ "type": "Feature", "properties": { "id": 50026, "district_en": "Sachkhere", "district_ka": "საჩხერე", "precinct": 26.0, "name_en": "Sachkhere - 26", "name_ka": "საჩხერე - 26" }, "geometry": { "type": "Point", "coordinates": [ 43.409225046500843, 42.313212901520025 ] } },
{ "type": "Feature", "properties": { "id": 50027, "district_en": "Sachkhere", "district_ka": "საჩხერე", "precinct": 27.0, "name_en": "Sachkhere - 27", "name_ka": "საჩხერე - 27" }, "geometry": { "type": "Point", "coordinates": [ 43.500301259883962, 42.313795119097861 ] } },
{ "type": "Feature", "properties": { "id": 50028, "district_en": "Sachkhere", "district_ka": "საჩხერე", "precinct": 28.0, "name_en": "Sachkhere - 28", "name_ka": "საჩხერე - 28" }, "geometry": { "type": "Point", "coordinates": [ 43.413508409206251, 42.289499478163663 ] } },
{ "type": "Feature", "properties": { "id": 50029, "district_en": "Sachkhere", "district_ka": "საჩხერე", "precinct": 29.0, "name_en": "Sachkhere - 29", "name_ka": "საჩხერე - 29" }, "geometry": { "type": "Point", "coordinates": [ 43.408296902144428, 42.277702229715878 ] } },
{ "type": "Feature", "properties": { "id": 50030, "district_en": "Sachkhere", "district_ka": "საჩხერე", "precinct": 30.0, "name_en": "Sachkhere - 30", "name_ka": "საჩხერე - 30" }, "geometry": { "type": "Point", "coordinates": [ 43.390554666216723, 42.315622915945021 ] } },
{ "type": "Feature", "properties": { "id": 50031, "district_en": "Sachkhere", "district_ka": "საჩხერე", "precinct": 31.0, "name_en": "Sachkhere - 31", "name_ka": "საჩხერე - 31" }, "geometry": { "type": "Point", "coordinates": [ 43.363047851285799, 42.339236841208262 ] } },
{ "type": "Feature", "properties": { "id": 50032, "district_en": "Sachkhere", "district_ka": "საჩხერე", "precinct": 32.0, "name_en": "Sachkhere - 32", "name_ka": "საჩხერე - 32" }, "geometry": { "type": "Point", "coordinates": [ 43.359770178794861, 42.336785723524684 ] } },
{ "type": "Feature", "properties": { "id": 50033, "district_en": "Sachkhere", "district_ka": "საჩხერე", "precinct": 33.0, "name_en": "Sachkhere - 33", "name_ka": "საჩხერე - 33" }, "geometry": { "type": "Point", "coordinates": [ 43.36768544887623, 42.347243465114829 ] } },
{ "type": "Feature", "properties": { "id": 50034, "district_en": "Sachkhere", "district_ka": "საჩხერე", "precinct": 34.0, "name_en": "Sachkhere - 34", "name_ka": "საჩხერე - 34" }, "geometry": { "type": "Point", "coordinates": [ 43.388053302240408, 42.305394158553057 ] } },
{ "type": "Feature", "properties": { "id": 50035, "district_en": "Sachkhere", "district_ka": "საჩხერე", "precinct": 35.0, "name_en": "Sachkhere - 35", "name_ka": "საჩხერე - 35" }, "geometry": { "type": "Point", "coordinates": [ 43.370292786391126, 42.312650328935192 ] } },
{ "type": "Feature", "properties": { "id": 50036, "district_en": "Sachkhere", "district_ka": "საჩხერე", "precinct": 36.0, "name_en": "Sachkhere - 36", "name_ka": "საჩხერე - 36" }, "geometry": { "type": "Point", "coordinates": [ 43.447588638159232, 42.339736170208361 ] } },
{ "type": "Feature", "properties": { "id": 50037, "district_en": "Sachkhere", "district_ka": "საჩხერე", "precinct": 37.0, "name_en": "Sachkhere - 37", "name_ka": "საჩხერე - 37" }, "geometry": { "type": "Point", "coordinates": [ 43.520453433956838, 42.214555708421372 ] } },
{ "type": "Feature", "properties": { "id": 50038, "district_en": "Sachkhere", "district_ka": "საჩხერე", "precinct": 38.0, "name_en": "Sachkhere - 38", "name_ka": "საჩხერე - 38" }, "geometry": { "type": "Point", "coordinates": [ 43.453656610127204, 42.338253797758917 ] } },
{ "type": "Feature", "properties": { "id": 50039, "district_en": "Sachkhere", "district_ka": "საჩხერე", "precinct": 39.0, "name_en": "Sachkhere - 39", "name_ka": "საჩხერე - 39" }, "geometry": { "type": "Point", "coordinates": [ 43.426888098247105, 42.349775843772825 ] } },
{ "type": "Feature", "properties": { "id": 50040, "district_en": "Sachkhere", "district_ka": "საჩხერე", "precinct": 40.0, "name_en": "Sachkhere - 40", "name_ka": "საჩხერე - 40" }, "geometry": { "type": "Point", "coordinates": [ 43.357462625576076, 42.387115995064114 ] } },
{ "type": "Feature", "properties": { "id": 50041, "district_en": "Sachkhere", "district_ka": "საჩხერე", "precinct": 41.0, "name_en": "Sachkhere - 41", "name_ka": "საჩხერე - 41" }, "geometry": { "type": "Point", "coordinates": [ 43.329107856113886, 42.403989480999158 ] } },
{ "type": "Feature", "properties": { "id": 50042, "district_en": "Sachkhere", "district_ka": "საჩხერე", "precinct": 42.0, "name_en": "Sachkhere - 42", "name_ka": "საჩხერე - 42" }, "geometry": { "type": "Point", "coordinates": [ 43.517100567373262, 42.33071317783876 ] } },
{ "type": "Feature", "properties": { "id": 50043, "district_en": "Sachkhere", "district_ka": "საჩხერე", "precinct": 43.0, "name_en": "Sachkhere - 43", "name_ka": "საჩხერე - 43" }, "geometry": { "type": "Point", "coordinates": [ 43.599915634985209, 42.367223178261817 ] } },
{ "type": "Feature", "properties": { "id": 50044, "district_en": "Sachkhere", "district_ka": "საჩხერე", "precinct": 44.0, "name_en": "Sachkhere - 44", "name_ka": "საჩხერე - 44" }, "geometry": { "type": "Point", "coordinates": [ 43.517174872599753, 42.321797716007204 ] } },
{ "type": "Feature", "properties": { "id": 50045, "district_en": "Sachkhere", "district_ka": "საჩხერე", "precinct": 45.0, "name_en": "Sachkhere - 45", "name_ka": "საჩხერე - 45" }, "geometry": { "type": "Point", "coordinates": [ 43.557892062812755, 42.334062292372657 ] } },
{ "type": "Feature", "properties": { "id": 50046, "district_en": "Sachkhere", "district_ka": "საჩხერე", "precinct": 46.0, "name_en": "Sachkhere - 46", "name_ka": "საჩხერე - 46" }, "geometry": { "type": "Point", "coordinates": [ 43.585076950536227, 42.349182602095091 ] } },
{ "type": "Feature", "properties": { "id": 50047, "district_en": "Sachkhere", "district_ka": "საჩხერე", "precinct": 47.0, "name_en": "Sachkhere - 47", "name_ka": "საჩხერე - 47" }, "geometry": { "type": "Point", "coordinates": [ 43.50706563194661, 42.336409676703148 ] } },
{ "type": "Feature", "properties": { "id": 50048, "district_en": "Sachkhere", "district_ka": "საჩხერე", "precinct": 48.0, "name_en": "Sachkhere - 48", "name_ka": "საჩხერე - 48" }, "geometry": { "type": "Point", "coordinates": [ 43.498697484161312, 42.174663043511657 ] } },
{ "type": "Feature", "properties": { "id": 50049, "district_en": "Sachkhere", "district_ka": "საჩხერე", "precinct": 49.0, "name_en": "Sachkhere - 49", "name_ka": "საჩხერე - 49" }, "geometry": { "type": "Point", "coordinates": [ 43.478015644427494, 42.153481140921009 ] } },
{ "type": "Feature", "properties": { "id": 50050, "district_en": "Sachkhere", "district_ka": "საჩხერე", "precinct": 50.0, "name_en": "Sachkhere - 50", "name_ka": "საჩხერე - 50" }, "geometry": { "type": "Point", "coordinates": [ 43.533084740461945, 42.1967012588212 ] } },
{ "type": "Feature", "properties": { "id": 50051, "district_en": "Sachkhere", "district_ka": "საჩხერე", "precinct": 51.0, "name_en": "Sachkhere - 51", "name_ka": "საჩხერე - 51" }, "geometry": { "type": "Point", "coordinates": [ 43.389547373029501, 42.249411916419234 ] } },
{ "type": "Feature", "properties": { "id": 50052, "district_en": "Sachkhere", "district_ka": "საჩხერე", "precinct": 52.0, "name_en": "Sachkhere - 52", "name_ka": "საჩხერე - 52" }, "geometry": { "type": "Point", "coordinates": [ 43.39563341034625, 42.246793475927248 ] } },
{ "type": "Feature", "properties": { "id": 50053, "district_en": "Sachkhere", "district_ka": "საჩხერე", "precinct": 53.0, "name_en": "Sachkhere - 53", "name_ka": "საჩხერე - 53" }, "geometry": { "type": "Point", "coordinates": [ 43.418945074081421, 42.263109633096072 ] } },
{ "type": "Feature", "properties": { "id": 51001, "district_en": "Zestaponi", "district_ka": "ზესტაფონი", "precinct": 1.0, "name_en": "Zestaponi - 1", "name_ka": "ზესტაფონი - 1" }, "geometry": { "type": "Point", "coordinates": [ 43.03595244884491, 42.111479671414024 ] } },
{ "type": "Feature", "properties": { "id": 51002, "district_en": "Zestaponi", "district_ka": "ზესტაფონი", "precinct": 2.0, "name_en": "Zestaponi - 2", "name_ka": "ზესტაფონი - 2" }, "geometry": { "type": "Point", "coordinates": [ 43.03905576467514, 42.110793195680245 ] } },
{ "type": "Feature", "properties": { "id": 51003, "district_en": "Zestaponi", "district_ka": "ზესტაფონი", "precinct": 3.0, "name_en": "Zestaponi - 3", "name_ka": "ზესტაფონი - 3" }, "geometry": { "type": "Point", "coordinates": [ 43.044425146032715, 42.112678302631998 ] } },
{ "type": "Feature", "properties": { "id": 51004, "district_en": "Zestaponi", "district_ka": "ზესტაფონი", "precinct": 4.0, "name_en": "Zestaponi - 4", "name_ka": "ზესტაფონი - 4" }, "geometry": { "type": "Point", "coordinates": [ 43.038886785507202, 42.106014244796519 ] } },
{ "type": "Feature", "properties": { "id": 51005, "district_en": "Zestaponi", "district_ka": "ზესტაფონი", "precinct": 5.0, "name_en": "Zestaponi - 5", "name_ka": "ზესტაფონი - 5" }, "geometry": { "type": "Point", "coordinates": [ 43.02782267088304, 42.107854963449213 ] } },
{ "type": "Feature", "properties": { "id": 51006, "district_en": "Zestaponi", "district_ka": "ზესტაფონი", "precinct": 6.0, "name_en": "Zestaponi - 6", "name_ka": "ზესტაფონი - 6" }, "geometry": { "type": "Point", "coordinates": [ 43.049186400772108, 42.102272148430899 ] } },
{ "type": "Feature", "properties": { "id": 51007, "district_en": "Zestaponi", "district_ka": "ზესტაფონი", "precinct": 7.0, "name_en": "Zestaponi - 7", "name_ka": "ზესტაფონი - 7" }, "geometry": { "type": "Point", "coordinates": [ 43.045791410998596, 42.106564132407534 ] } },
{ "type": "Feature", "properties": { "id": 51008, "district_en": "Zestaponi", "district_ka": "ზესტაფონი", "precinct": 8.0, "name_en": "Zestaponi - 8", "name_ka": "ზესტაფონი - 8" }, "geometry": { "type": "Point", "coordinates": [ 43.037286421426415, 42.103138937838573 ] } },
{ "type": "Feature", "properties": { "id": 51009, "district_en": "Zestaponi", "district_ka": "ზესტაფონი", "precinct": 9.0, "name_en": "Zestaponi - 9", "name_ka": "ზესტაფონი - 9" }, "geometry": { "type": "Point", "coordinates": [ 43.016084496958904, 42.108701440231314 ] } },
{ "type": "Feature", "properties": { "id": 51010, "district_en": "Zestaponi", "district_ka": "ზესტაფონი", "precinct": 10.0, "name_en": "Zestaponi - 10", "name_ka": "ზესტაფონი - 10" }, "geometry": { "type": "Point", "coordinates": [ 43.01113432346483, 42.10573072625003 ] } },
{ "type": "Feature", "properties": { "id": 51011, "district_en": "Zestaponi", "district_ka": "ზესტაფონი", "precinct": 11.0, "name_en": "Zestaponi - 11", "name_ka": "ზესტაფონი - 11" }, "geometry": { "type": "Point", "coordinates": [ 43.082259427122487, 42.093123958627942 ] } },
{ "type": "Feature", "properties": { "id": 51012, "district_en": "Zestaponi", "district_ka": "ზესტაფონი", "precinct": 12.0, "name_en": "Zestaponi - 12", "name_ka": "ზესტაფონი - 12" }, "geometry": { "type": "Point", "coordinates": [ 43.159264224753528, 42.190881870387713 ] } },
{ "type": "Feature", "properties": { "id": 51013, "district_en": "Zestaponi", "district_ka": "ზესტაფონი", "precinct": 13.0, "name_en": "Zestaponi - 13", "name_ka": "ზესტაფონი - 13" }, "geometry": { "type": "Point", "coordinates": [ 43.113319901388365, 42.152287146588343 ] } },
{ "type": "Feature", "properties": { "id": 51014, "district_en": "Zestaponi", "district_ka": "ზესტაფონი", "precinct": 14.0, "name_en": "Zestaponi - 14", "name_ka": "ზესტაფონი - 14" }, "geometry": { "type": "Point", "coordinates": [ 43.05913608011781, 42.119330336890279 ] } },
{ "type": "Feature", "properties": { "id": 51015, "district_en": "Zestaponi", "district_ka": "ზესტაფონი", "precinct": 15.0, "name_en": "Zestaponi - 15", "name_ka": "ზესტაფონი - 15" }, "geometry": { "type": "Point", "coordinates": [ 43.038080150060601, 42.174412203214452 ] } },
{ "type": "Feature", "properties": { "id": 51016, "district_en": "Zestaponi", "district_ka": "ზესტაფონი", "precinct": 16.0, "name_en": "Zestaponi - 16", "name_ka": "ზესტაფონი - 16" }, "geometry": { "type": "Point", "coordinates": [ 43.122204110450745, 42.075735439266438 ] } },
{ "type": "Feature", "properties": { "id": 51017, "district_en": "Zestaponi", "district_ka": "ზესტაფონი", "precinct": 17.0, "name_en": "Zestaponi - 17", "name_ka": "ზესტაფონი - 17" }, "geometry": { "type": "Point", "coordinates": [ 42.993749964790346, 42.091010132318864 ] } },
{ "type": "Feature", "properties": { "id": 51018, "district_en": "Zestaponi", "district_ka": "ზესტაფონი", "precinct": 18.0, "name_en": "Zestaponi - 18", "name_ka": "ზესტაფონი - 18" }, "geometry": { "type": "Point", "coordinates": [ 43.014789182964236, 42.101148746358469 ] } },
{ "type": "Feature", "properties": { "id": 51019, "district_en": "Zestaponi", "district_ka": "ზესტაფონი", "precinct": 19.0, "name_en": "Zestaponi - 19", "name_ka": "ზესტაფონი - 19" }, "geometry": { "type": "Point", "coordinates": [ 43.038156822090166, 42.061730693405828 ] } },
{ "type": "Feature", "properties": { "id": 51020, "district_en": "Zestaponi", "district_ka": "ზესტაფონი", "precinct": 20.0, "name_en": "Zestaponi - 20", "name_ka": "ზესტაფონი - 20" }, "geometry": { "type": "Point", "coordinates": [ 43.059062856219505, 42.070800261073884 ] } },
{ "type": "Feature", "properties": { "id": 51021, "district_en": "Zestaponi", "district_ka": "ზესტაფონი", "precinct": 21.0, "name_en": "Zestaponi - 21", "name_ka": "ზესტაფონი - 21" }, "geometry": { "type": "Point", "coordinates": [ 43.074318297622654, 42.062223247917991 ] } },
{ "type": "Feature", "properties": { "id": 51022, "district_en": "Zestaponi", "district_ka": "ზესტაფონი", "precinct": 22.0, "name_en": "Zestaponi - 22", "name_ka": "ზესტაფონი - 22" }, "geometry": { "type": "Point", "coordinates": [ 42.924034220455177, 42.110152747947552 ] } },
{ "type": "Feature", "properties": { "id": 51023, "district_en": "Zestaponi", "district_ka": "ზესტაფონი", "precinct": 23.0, "name_en": "Zestaponi - 23", "name_ka": "ზესტაფონი - 23" }, "geometry": { "type": "Point", "coordinates": [ 42.933663422339471, 42.100596809346101 ] } },
{ "type": "Feature", "properties": { "id": 51024, "district_en": "Zestaponi", "district_ka": "ზესტაფონი", "precinct": 24.0, "name_en": "Zestaponi - 24", "name_ka": "ზესტაფონი - 24" }, "geometry": { "type": "Point", "coordinates": [ 42.948386648876934, 42.114696244007725 ] } },
{ "type": "Feature", "properties": { "id": 51025, "district_en": "Zestaponi", "district_ka": "ზესტაფონი", "precinct": 25.0, "name_en": "Zestaponi - 25", "name_ka": "ზესტაფონი - 25" }, "geometry": { "type": "Point", "coordinates": [ 43.01052877509418, 42.106940391385869 ] } },
{ "type": "Feature", "properties": { "id": 51026, "district_en": "Zestaponi", "district_ka": "ზესტაფონი", "precinct": 26.0, "name_en": "Zestaponi - 26", "name_ka": "ზესტაფონი - 26" }, "geometry": { "type": "Point", "coordinates": [ 42.950194950441187, 42.101937629509024 ] } },
{ "type": "Feature", "properties": { "id": 51027, "district_en": "Zestaponi", "district_ka": "ზესტაფონი", "precinct": 27.0, "name_en": "Zestaponi - 27", "name_ka": "ზესტაფონი - 27" }, "geometry": { "type": "Point", "coordinates": [ 43.041142593389054, 42.187649359187638 ] } },
{ "type": "Feature", "properties": { "id": 51028, "district_en": "Zestaponi", "district_ka": "ზესტაფონი", "precinct": 28.0, "name_en": "Zestaponi - 28", "name_ka": "ზესტაფონი - 28" }, "geometry": { "type": "Point", "coordinates": [ 42.844006255989072, 42.147842530643558 ] } },
{ "type": "Feature", "properties": { "id": 51029, "district_en": "Zestaponi", "district_ka": "ზესტაფონი", "precinct": 29.0, "name_en": "Zestaponi - 29", "name_ka": "ზესტაფონი - 29" }, "geometry": { "type": "Point", "coordinates": [ 42.873989776157231, 42.156466651722539 ] } },
{ "type": "Feature", "properties": { "id": 51030, "district_en": "Zestaponi", "district_ka": "ზესტაფონი", "precinct": 30.0, "name_en": "Zestaponi - 30", "name_ka": "ზესტაფონი - 30" }, "geometry": { "type": "Point", "coordinates": [ 43.129678421375409, 42.113833687932477 ] } },
{ "type": "Feature", "properties": { "id": 51031, "district_en": "Zestaponi", "district_ka": "ზესტაფონი", "precinct": 31.0, "name_en": "Zestaponi - 31", "name_ka": "ზესტაფონი - 31" }, "geometry": { "type": "Point", "coordinates": [ 43.088182584352182, 42.122574990655842 ] } },
{ "type": "Feature", "properties": { "id": 51032, "district_en": "Zestaponi", "district_ka": "ზესტაფონი", "precinct": 32.0, "name_en": "Zestaponi - 32", "name_ka": "ზესტაფონი - 32" }, "geometry": { "type": "Point", "coordinates": [ 43.087598742938603, 42.077097075201443 ] } },
{ "type": "Feature", "properties": { "id": 51033, "district_en": "Zestaponi", "district_ka": "ზესტაფონი", "precinct": 33.0, "name_en": "Zestaponi - 33", "name_ka": "ზესტაფონი - 33" }, "geometry": { "type": "Point", "coordinates": [ 43.06124110185241, 42.16811291254794 ] } },
{ "type": "Feature", "properties": { "id": 51034, "district_en": "Zestaponi", "district_ka": "ზესტაფონი", "precinct": 34.0, "name_en": "Zestaponi - 34", "name_ka": "ზესტაფონი - 34" }, "geometry": { "type": "Point", "coordinates": [ 43.05548, 42.19522 ] } },
{ "type": "Feature", "properties": { "id": 51035, "district_en": "Zestaponi", "district_ka": "ზესტაფონი", "precinct": 35.0, "name_en": "Zestaponi - 35", "name_ka": "ზესტაფონი - 35" }, "geometry": { "type": "Point", "coordinates": [ 43.080086404645968, 42.206079190267694 ] } },
{ "type": "Feature", "properties": { "id": 51036, "district_en": "Zestaponi", "district_ka": "ზესტაფონი", "precinct": 36.0, "name_en": "Zestaponi - 36", "name_ka": "ზესტაფონი - 36" }, "geometry": { "type": "Point", "coordinates": [ 43.015343562558748, 42.129472707107304 ] } },
{ "type": "Feature", "properties": { "id": 51037, "district_en": "Zestaponi", "district_ka": "ზესტაფონი", "precinct": 37.0, "name_en": "Zestaponi - 37", "name_ka": "ზესტაფონი - 37" }, "geometry": { "type": "Point", "coordinates": [ 42.987727586438737, 42.141995802452961 ] } },
{ "type": "Feature", "properties": { "id": 51038, "district_en": "Zestaponi", "district_ka": "ზესტაფონი", "precinct": 38.0, "name_en": "Zestaponi - 38", "name_ka": "ზესტაფონი - 38" }, "geometry": { "type": "Point", "coordinates": [ 43.039037156672762, 42.148789220466959 ] } },
{ "type": "Feature", "properties": { "id": 51039, "district_en": "Zestaponi", "district_ka": "ზესტაფონი", "precinct": 39.0, "name_en": "Zestaponi - 39", "name_ka": "ზესტაფონი - 39" }, "geometry": { "type": "Point", "coordinates": [ 43.169895101991322, 42.109580165847703 ] } },
{ "type": "Feature", "properties": { "id": 51040, "district_en": "Zestaponi", "district_ka": "ზესტაფონი", "precinct": 40.0, "name_en": "Zestaponi - 40", "name_ka": "ზესტაფონი - 40" }, "geometry": { "type": "Point", "coordinates": [ 43.011533617973328, 42.08572278585973 ] } },
{ "type": "Feature", "properties": { "id": 51041, "district_en": "Zestaponi", "district_ka": "ზესტაფონი", "precinct": 41.0, "name_en": "Zestaponi - 41", "name_ka": "ზესტაფონი - 41" }, "geometry": { "type": "Point", "coordinates": [ 43.161643445491791, 42.078643880254212 ] } },
{ "type": "Feature", "properties": { "id": 51042, "district_en": "Zestaponi", "district_ka": "ზესტაფონი", "precinct": 42.0, "name_en": "Zestaponi - 42", "name_ka": "ზესტაფონი - 42" }, "geometry": { "type": "Point", "coordinates": [ 43.027707141208651, 42.134402833172153 ] } },
{ "type": "Feature", "properties": { "id": 51043, "district_en": "Zestaponi", "district_ka": "ზესტაფონი", "precinct": 43.0, "name_en": "Zestaponi - 43", "name_ka": "ზესტაფონი - 43" }, "geometry": { "type": "Point", "coordinates": [ 43.029870388191284, 42.091193836139922 ] } },
{ "type": "Feature", "properties": { "id": 51044, "district_en": "Zestaponi", "district_ka": "ზესტაფონი", "precinct": 44.0, "name_en": "Zestaponi - 44", "name_ka": "ზესტაფონი - 44" }, "geometry": { "type": "Point", "coordinates": [ 43.066455322533116, 42.12870410713392 ] } },
{ "type": "Feature", "properties": { "id": 52001, "district_en": "Bagdati", "district_ka": "ბაღდათი", "precinct": 1.0, "name_en": "Bagdati - 1", "name_ka": "ბაღდათი - 1" }, "geometry": { "type": "Point", "coordinates": [ 42.8263596, 42.0691094 ] } },
{ "type": "Feature", "properties": { "id": 52002, "district_en": "Bagdati", "district_ka": "ბაღდათი", "precinct": 2.0, "name_en": "Bagdati - 2", "name_ka": "ბაღდათი - 2" }, "geometry": { "type": "Point", "coordinates": [ 42.827408601005665, 42.056020149021748 ] } },
{ "type": "Feature", "properties": { "id": 52003, "district_en": "Bagdati", "district_ka": "ბაღდათი", "precinct": 3.0, "name_en": "Bagdati - 3", "name_ka": "ბაღდათი - 3" }, "geometry": { "type": "Point", "coordinates": [ 42.823544928779945, 42.071358045945409 ] } },
{ "type": "Feature", "properties": { "id": 52004, "district_en": "Bagdati", "district_ka": "ბაღდათი", "precinct": 4.0, "name_en": "Bagdati - 4", "name_ka": "ბაღდათი - 4" }, "geometry": { "type": "Point", "coordinates": [ 42.814322983025988, 42.083844247277931 ] } },
{ "type": "Feature", "properties": { "id": 52005, "district_en": "Bagdati", "district_ka": "ბაღდათი", "precinct": 5.0, "name_en": "Bagdati - 5", "name_ka": "ბაღდათი - 5" }, "geometry": { "type": "Point", "coordinates": [ 42.797238528728485, 42.080574931151283 ] } },
{ "type": "Feature", "properties": { "id": 52006, "district_en": "Bagdati", "district_ka": "ბაღდათი", "precinct": 6.0, "name_en": "Bagdati - 6", "name_ka": "ბაღდათი - 6" }, "geometry": { "type": "Point", "coordinates": [ 42.802825086182565, 42.091014980405539 ] } },
{ "type": "Feature", "properties": { "id": 52007, "district_en": "Bagdati", "district_ka": "ბაღდათი", "precinct": 7.0, "name_en": "Bagdati - 7", "name_ka": "ბაღდათი - 7" }, "geometry": { "type": "Point", "coordinates": [ 42.7672109988087, 42.087415200407243 ] } },
{ "type": "Feature", "properties": { "id": 52008, "district_en": "Bagdati", "district_ka": "ბაღდათი", "precinct": 8.0, "name_en": "Bagdati - 8", "name_ka": "ბაღდათი - 8" }, "geometry": { "type": "Point", "coordinates": [ 42.756991501400989, 42.080476509561095 ] } },
{ "type": "Feature", "properties": { "id": 52009, "district_en": "Bagdati", "district_ka": "ბაღდათი", "precinct": 9.0, "name_en": "Bagdati - 9", "name_ka": "ბაღდათი - 9" }, "geometry": { "type": "Point", "coordinates": [ 42.710417699058567, 42.10565228334125 ] } },
{ "type": "Feature", "properties": { "id": 52010, "district_en": "Bagdati", "district_ka": "ბაღდათი", "precinct": 10.0, "name_en": "Bagdati - 10", "name_ka": "ბაღდათი - 10" }, "geometry": { "type": "Point", "coordinates": [ 42.717493777090567, 42.143849003363862 ] } },
{ "type": "Feature", "properties": { "id": 52011, "district_en": "Bagdati", "district_ka": "ბაღდათი", "precinct": 11.0, "name_en": "Bagdati - 11", "name_ka": "ბაღდათი - 11" }, "geometry": { "type": "Point", "coordinates": [ 42.78139740228653, 42.122400599698622 ] } },
{ "type": "Feature", "properties": { "id": 52012, "district_en": "Bagdati", "district_ka": "ბაღდათი", "precinct": 12.0, "name_en": "Bagdati - 12", "name_ka": "ბაღდათი - 12" }, "geometry": { "type": "Point", "coordinates": [ 42.817745842050158, 42.100530999481407 ] } },
{ "type": "Feature", "properties": { "id": 52013, "district_en": "Bagdati", "district_ka": "ბაღდათი", "precinct": 13.0, "name_en": "Bagdati - 13", "name_ka": "ბაღდათი - 13" }, "geometry": { "type": "Point", "coordinates": [ 42.835323470244475, 42.073763506430531 ] } },
{ "type": "Feature", "properties": { "id": 52014, "district_en": "Bagdati", "district_ka": "ბაღდათი", "precinct": 14.0, "name_en": "Bagdati - 14", "name_ka": "ბაღდათი - 14" }, "geometry": { "type": "Point", "coordinates": [ 42.869741320610046, 42.101709128345703 ] } },
{ "type": "Feature", "properties": { "id": 52015, "district_en": "Bagdati", "district_ka": "ბაღდათი", "precinct": 15.0, "name_en": "Bagdati - 15", "name_ka": "ბაღდათი - 15" }, "geometry": { "type": "Point", "coordinates": [ 42.880030274391174, 42.10552996806144 ] } },
{ "type": "Feature", "properties": { "id": 52016, "district_en": "Bagdati", "district_ka": "ბაღდათი", "precinct": 16.0, "name_en": "Bagdati - 16", "name_ka": "ბაღდათი - 16" }, "geometry": { "type": "Point", "coordinates": [ 42.838035825454106, 42.073383665573331 ] } },
{ "type": "Feature", "properties": { "id": 52017, "district_en": "Bagdati", "district_ka": "ბაღდათი", "precinct": 17.0, "name_en": "Bagdati - 17", "name_ka": "ბაღდათი - 17" }, "geometry": { "type": "Point", "coordinates": [ 42.826509844350603, 42.048752623037004 ] } },
{ "type": "Feature", "properties": { "id": 52018, "district_en": "Bagdati", "district_ka": "ბაღდათი", "precinct": 18.0, "name_en": "Bagdati - 18", "name_ka": "ბაღდათი - 18" }, "geometry": { "type": "Point", "coordinates": [ 42.889260032991814, 42.045327265612016 ] } },
{ "type": "Feature", "properties": { "id": 52019, "district_en": "Bagdati", "district_ka": "ბაღდათი", "precinct": 19.0, "name_en": "Bagdati - 19", "name_ka": "ბაღდათი - 19" }, "geometry": { "type": "Point", "coordinates": [ 42.976012332757342, 42.029201136728076 ] } },
{ "type": "Feature", "properties": { "id": 52020, "district_en": "Bagdati", "district_ka": "ბაღდათი", "precinct": 20.0, "name_en": "Bagdati - 20", "name_ka": "ბაღდათი - 20" }, "geometry": { "type": "Point", "coordinates": [ 42.957068681716919, 41.956139186658852 ] } },
{ "type": "Feature", "properties": { "id": 52021, "district_en": "Bagdati", "district_ka": "ბაღდათი", "precinct": 21.0, "name_en": "Bagdati - 21", "name_ka": "ბაღდათი - 21" }, "geometry": { "type": "Point", "coordinates": [ 42.921458742405747, 42.036990466802877 ] } },
{ "type": "Feature", "properties": { "id": 52022, "district_en": "Bagdati", "district_ka": "ბაღდათი", "precinct": 22.0, "name_en": "Bagdati - 22", "name_ka": "ბაღდათი - 22" }, "geometry": { "type": "Point", "coordinates": [ 42.829689774799363, 42.019039265103714 ] } },
{ "type": "Feature", "properties": { "id": 52023, "district_en": "Bagdati", "district_ka": "ბაღდათი", "precinct": 23.0, "name_en": "Bagdati - 23", "name_ka": "ბაღდათი - 23" }, "geometry": { "type": "Point", "coordinates": [ 42.769622728463446, 42.133984491506943 ] } },
{ "type": "Feature", "properties": { "id": 52024, "district_en": "Bagdati", "district_ka": "ბაღდათი", "precinct": 24.0, "name_en": "Bagdati - 24", "name_ka": "ბაღდათი - 24" }, "geometry": { "type": "Point", "coordinates": [ 42.829303911261924, 42.111044791182074 ] } },
{ "type": "Feature", "properties": { "id": 53001, "district_en": "Vani", "district_ka": "ვანი", "precinct": 1.0, "name_en": "Vani - 1", "name_ka": "ვანი - 1" }, "geometry": { "type": "Point", "coordinates": [ 42.514778128946858, 42.082739104189208 ] } },
{ "type": "Feature", "properties": { "id": 53002, "district_en": "Vani", "district_ka": "ვანი", "precinct": 2.0, "name_en": "Vani - 2", "name_ka": "ვანი - 2" }, "geometry": { "type": "Point", "coordinates": [ 42.512070234650345, 42.086653865334327 ] } },
{ "type": "Feature", "properties": { "id": 53003, "district_en": "Vani", "district_ka": "ვანი", "precinct": 3.0, "name_en": "Vani - 3", "name_ka": "ვანი - 3" }, "geometry": { "type": "Point", "coordinates": [ 42.499340037200916, 42.096975694812144 ] } },
{ "type": "Feature", "properties": { "id": 53004, "district_en": "Vani", "district_ka": "ვანი", "precinct": 4.0, "name_en": "Vani - 4", "name_ka": "ვანი - 4" }, "geometry": { "type": "Point", "coordinates": [ 42.458877176998847, 42.098467615681464 ] } },
{ "type": "Feature", "properties": { "id": 53005, "district_en": "Vani", "district_ka": "ვანი", "precinct": 5.0, "name_en": "Vani - 5", "name_ka": "ვანი - 5" }, "geometry": { "type": "Point", "coordinates": [ 42.465848495412111, 42.081317644543169 ] } },
{ "type": "Feature", "properties": { "id": 53006, "district_en": "Vani", "district_ka": "ვანი", "precinct": 6.0, "name_en": "Vani - 6", "name_ka": "ვანი - 6" }, "geometry": { "type": "Point", "coordinates": [ 42.420082536106875, 42.108538224546976 ] } },
{ "type": "Feature", "properties": { "id": 53007, "district_en": "Vani", "district_ka": "ვანი", "precinct": 7.0, "name_en": "Vani - 7", "name_ka": "ვანი - 7" }, "geometry": { "type": "Point", "coordinates": [ 42.435130623691961, 42.124985791782493 ] } },
{ "type": "Feature", "properties": { "id": 53008, "district_en": "Vani", "district_ka": "ვანი", "precinct": 8.0, "name_en": "Vani - 8", "name_ka": "ვანი - 8" }, "geometry": { "type": "Point", "coordinates": [ 42.445257227267774, 42.07498909012434 ] } },
{ "type": "Feature", "properties": { "id": 53009, "district_en": "Vani", "district_ka": "ვანი", "precinct": 9.0, "name_en": "Vani - 9", "name_ka": "ვანი - 9" }, "geometry": { "type": "Point", "coordinates": [ 42.451776202338174, 42.061642997642529 ] } },
{ "type": "Feature", "properties": { "id": 53010, "district_en": "Vani", "district_ka": "ვანი", "precinct": 10.0, "name_en": "Vani - 10", "name_ka": "ვანი - 10" }, "geometry": { "type": "Point", "coordinates": [ 42.464764353473086, 42.031406187282094 ] } },
{ "type": "Feature", "properties": { "id": 53011, "district_en": "Vani", "district_ka": "ვანი", "precinct": 11.0, "name_en": "Vani - 11", "name_ka": "ვანი - 11" }, "geometry": { "type": "Point", "coordinates": [ 42.514330675579778, 42.033062720007557 ] } },
{ "type": "Feature", "properties": { "id": 53012, "district_en": "Vani", "district_ka": "ვანი", "precinct": 12.0, "name_en": "Vani - 12", "name_ka": "ვანი - 12" }, "geometry": { "type": "Point", "coordinates": [ 42.624095389118665, 42.091375209128408 ] } },
{ "type": "Feature", "properties": { "id": 53013, "district_en": "Vani", "district_ka": "ვანი", "precinct": 13.0, "name_en": "Vani - 13", "name_ka": "ვანი - 13" }, "geometry": { "type": "Point", "coordinates": [ 42.640016844427457, 42.035463824872053 ] } },
{ "type": "Feature", "properties": { "id": 53014, "district_en": "Vani", "district_ka": "ვანი", "precinct": 14.0, "name_en": "Vani - 14", "name_ka": "ვანი - 14" }, "geometry": { "type": "Point", "coordinates": [ 42.677307381514886, 42.091692709679123 ] } },
{ "type": "Feature", "properties": { "id": 53015, "district_en": "Vani", "district_ka": "ვანი", "precinct": 15.0, "name_en": "Vani - 15", "name_ka": "ვანი - 15" }, "geometry": { "type": "Point", "coordinates": [ 42.671847813445659, 42.072850584770173 ] } },
{ "type": "Feature", "properties": { "id": 53016, "district_en": "Vani", "district_ka": "ვანი", "precinct": 16.0, "name_en": "Vani - 16", "name_ka": "ვანი - 16" }, "geometry": { "type": "Point", "coordinates": [ 42.692860051640054, 42.060352216039199 ] } },
{ "type": "Feature", "properties": { "id": 53017, "district_en": "Vani", "district_ka": "ვანი", "precinct": 17.0, "name_en": "Vani - 17", "name_ka": "ვანი - 17" }, "geometry": { "type": "Point", "coordinates": [ 42.711404755572531, 42.066508185453245 ] } },
{ "type": "Feature", "properties": { "id": 53018, "district_en": "Vani", "district_ka": "ვანი", "precinct": 18.0, "name_en": "Vani - 18", "name_ka": "ვანი - 18" }, "geometry": { "type": "Point", "coordinates": [ 42.722632884979248, 42.078731475587851 ] } },
{ "type": "Feature", "properties": { "id": 53019, "district_en": "Vani", "district_ka": "ვანი", "precinct": 19.0, "name_en": "Vani - 19", "name_ka": "ვანი - 19" }, "geometry": { "type": "Point", "coordinates": [ 42.682896652014961, 42.040144790540211 ] } },
{ "type": "Feature", "properties": { "id": 53020, "district_en": "Vani", "district_ka": "ვანი", "precinct": 20.0, "name_en": "Vani - 20", "name_ka": "ვანი - 20" }, "geometry": { "type": "Point", "coordinates": [ 42.546088960188285, 42.074692264158919 ] } },
{ "type": "Feature", "properties": { "id": 53021, "district_en": "Vani", "district_ka": "ვანი", "precinct": 21.0, "name_en": "Vani - 21", "name_ka": "ვანი - 21" }, "geometry": { "type": "Point", "coordinates": [ 42.596811269278554, 42.069308395505473 ] } },
{ "type": "Feature", "properties": { "id": 53022, "district_en": "Vani", "district_ka": "ვანი", "precinct": 22.0, "name_en": "Vani - 22", "name_ka": "ვანი - 22" }, "geometry": { "type": "Point", "coordinates": [ 42.567766026005316, 42.06365655515166 ] } },
{ "type": "Feature", "properties": { "id": 53023, "district_en": "Vani", "district_ka": "ვანი", "precinct": 23.0, "name_en": "Vani - 23", "name_ka": "ვანი - 23" }, "geometry": { "type": "Point", "coordinates": [ 42.571415693917842, 42.025513234056049 ] } },
{ "type": "Feature", "properties": { "id": 53024, "district_en": "Vani", "district_ka": "ვანი", "precinct": 24.0, "name_en": "Vani - 24", "name_ka": "ვანი - 24" }, "geometry": { "type": "Point", "coordinates": [ 42.614049070719965, 42.026934671443456 ] } },
{ "type": "Feature", "properties": { "id": 54001, "district_en": "Samtredia", "district_ka": "სამტრედია", "precinct": 1.0, "name_en": "Samtredia - 1", "name_ka": "სამტრედია - 1" }, "geometry": { "type": "Point", "coordinates": [ 42.344248294830322, 42.163677787385069 ] } },
{ "type": "Feature", "properties": { "id": 54002, "district_en": "Samtredia", "district_ka": "სამტრედია", "precinct": 2.0, "name_en": "Samtredia - 2", "name_ka": "სამტრედია - 2" }, "geometry": { "type": "Point", "coordinates": [ 42.350675778729283, 42.165574596703792 ] } },
{ "type": "Feature", "properties": { "id": 54003, "district_en": "Samtredia", "district_ka": "სამტრედია", "precinct": 3.0, "name_en": "Samtredia - 3", "name_ka": "სამტრედია - 3" }, "geometry": { "type": "Point", "coordinates": [ 42.346042293145729, 42.167478702925131 ] } },
{ "type": "Feature", "properties": { "id": 54004, "district_en": "Samtredia", "district_ka": "სამტრედია", "precinct": 4.0, "name_en": "Samtredia - 4", "name_ka": "სამტრედია - 4" }, "geometry": { "type": "Point", "coordinates": [ 42.330757947221358, 42.165884726772731 ] } },
{ "type": "Feature", "properties": { "id": 54005, "district_en": "Samtredia", "district_ka": "სამტრედია", "precinct": 5.0, "name_en": "Samtredia - 5", "name_ka": "სამტრედია - 5" }, "geometry": { "type": "Point", "coordinates": [ 42.3379946, 42.1532972 ] } },
{ "type": "Feature", "properties": { "id": 54006, "district_en": "Samtredia", "district_ka": "სამტრედია", "precinct": 6.0, "name_en": "Samtredia - 6", "name_ka": "სამტრედია - 6" }, "geometry": { "type": "Point", "coordinates": [ 42.340375405125982, 42.161454383873433 ] } },
{ "type": "Feature", "properties": { "id": 54007, "district_en": "Samtredia", "district_ka": "სამტრედია", "precinct": 7.0, "name_en": "Samtredia - 7", "name_ka": "სამტრედია - 7" }, "geometry": { "type": "Point", "coordinates": [ 42.344030207340253, 42.159644857094342 ] } },
{ "type": "Feature", "properties": { "id": 54008, "district_en": "Samtredia", "district_ka": "სამტრედია", "precinct": 8.0, "name_en": "Samtredia - 8", "name_ka": "სამტრედია - 8" }, "geometry": { "type": "Point", "coordinates": [ 42.366712657949847, 42.16307946374544 ] } },
{ "type": "Feature", "properties": { "id": 54009, "district_en": "Samtredia", "district_ka": "სამტრედია", "precinct": 9.0, "name_en": "Samtredia - 9", "name_ka": "სამტრედია - 9" }, "geometry": { "type": "Point", "coordinates": [ 42.31275, 42.15225 ] } },
{ "type": "Feature", "properties": { "id": 54010, "district_en": "Samtredia", "district_ka": "სამტრედია", "precinct": 10.0, "name_en": "Samtredia - 10", "name_ka": "სამტრედია - 10" }, "geometry": { "type": "Point", "coordinates": [ 42.297530331376294, 42.174688846726433 ] } },
{ "type": "Feature", "properties": { "id": 54011, "district_en": "Samtredia", "district_ka": "სამტრედია", "precinct": 11.0, "name_en": "Samtredia - 11", "name_ka": "სამტრედია - 11" }, "geometry": { "type": "Point", "coordinates": [ 42.374648208459462, 42.186898752693168 ] } },
{ "type": "Feature", "properties": { "id": 54012, "district_en": "Samtredia", "district_ka": "სამტრედია", "precinct": 12.0, "name_en": "Samtredia - 12", "name_ka": "სამტრედია - 12" }, "geometry": { "type": "Point", "coordinates": [ 42.3425497, 42.1712767 ] } },
{ "type": "Feature", "properties": { "id": 54013, "district_en": "Samtredia", "district_ka": "სამტრედია", "precinct": 13.0, "name_en": "Samtredia - 13", "name_ka": "სამტრედია - 13" }, "geometry": { "type": "Point", "coordinates": [ 42.315088471337532, 42.160559992473537 ] } },
{ "type": "Feature", "properties": { "id": 54014, "district_en": "Samtredia", "district_ka": "სამტრედია", "precinct": 14.0, "name_en": "Samtredia - 14", "name_ka": "სამტრედია - 14" }, "geometry": { "type": "Point", "coordinates": [ 42.369326689933253, 42.169221626470723 ] } },
{ "type": "Feature", "properties": { "id": 54015, "district_en": "Samtredia", "district_ka": "სამტრედია", "precinct": 15.0, "name_en": "Samtredia - 15", "name_ka": "სამტრედია - 15" }, "geometry": { "type": "Point", "coordinates": [ 42.34244514570419, 42.203997259162023 ] } },
{ "type": "Feature", "properties": { "id": 54016, "district_en": "Samtredia", "district_ka": "სამტრედია", "precinct": 16.0, "name_en": "Samtredia - 16", "name_ka": "სამტრედია - 16" }, "geometry": { "type": "Point", "coordinates": [ 42.341273965477832, 42.206382269428637 ] } },
{ "type": "Feature", "properties": { "id": 54017, "district_en": "Samtredia", "district_ka": "სამტრედია", "precinct": 17.0, "name_en": "Samtredia - 17", "name_ka": "სამტრედია - 17" }, "geometry": { "type": "Point", "coordinates": [ 42.303705210240402, 42.050873887256948 ] } },
{ "type": "Feature", "properties": { "id": 54018, "district_en": "Samtredia", "district_ka": "სამტრედია", "precinct": 18.0, "name_en": "Samtredia - 18", "name_ka": "სამტრედია - 18" }, "geometry": { "type": "Point", "coordinates": [ 42.35952615737915, 42.246802676977289 ] } },
{ "type": "Feature", "properties": { "id": 54019, "district_en": "Samtredia", "district_ka": "სამტრედია", "precinct": 19.0, "name_en": "Samtredia - 19", "name_ka": "სამტრედია - 19" }, "geometry": { "type": "Point", "coordinates": [ 42.312629069427565, 42.07076651377691 ] } },
{ "type": "Feature", "properties": { "id": 54020, "district_en": "Samtredia", "district_ka": "სამტრედია", "precinct": 20.0, "name_en": "Samtredia - 20", "name_ka": "სამტრედია - 20" }, "geometry": { "type": "Point", "coordinates": [ 42.338621560049432, 42.197103910006021 ] } },
{ "type": "Feature", "properties": { "id": 54021, "district_en": "Samtredia", "district_ka": "სამტრედია", "precinct": 21.0, "name_en": "Samtredia - 21", "name_ka": "სამტრედია - 21" }, "geometry": { "type": "Point", "coordinates": [ 42.393174469470978, 42.166536660256476 ] } },
{ "type": "Feature", "properties": { "id": 54022, "district_en": "Samtredia", "district_ka": "სამტრედია", "precinct": 22.0, "name_en": "Samtredia - 22", "name_ka": "სამტრედია - 22" }, "geometry": { "type": "Point", "coordinates": [ 42.401669025421143, 42.188242383331762 ] } },
{ "type": "Feature", "properties": { "id": 54023, "district_en": "Samtredia", "district_ka": "სამტრედია", "precinct": 23.0, "name_en": "Samtredia - 23", "name_ka": "სამტრედია - 23" }, "geometry": { "type": "Point", "coordinates": [ 42.426388147130716, 42.181550537143821 ] } },
{ "type": "Feature", "properties": { "id": 54024, "district_en": "Samtredia", "district_ka": "სამტრედია", "precinct": 24.0, "name_en": "Samtredia - 24", "name_ka": "სამტრედია - 24" }, "geometry": { "type": "Point", "coordinates": [ 42.456286674543861, 42.236228269844226 ] } },
{ "type": "Feature", "properties": { "id": 54025, "district_en": "Samtredia", "district_ka": "სამტრედია", "precinct": 25.0, "name_en": "Samtredia - 25", "name_ka": "სამტრედია - 25" }, "geometry": { "type": "Point", "coordinates": [ 42.42815, 42.23061 ] } },
{ "type": "Feature", "properties": { "id": 54026, "district_en": "Samtredia", "district_ka": "სამტრედია", "precinct": 26.0, "name_en": "Samtredia - 26", "name_ka": "სამტრედია - 26" }, "geometry": { "type": "Point", "coordinates": [ 42.264640331268311, 42.06760191849316 ] } },
{ "type": "Feature", "properties": { "id": 54027, "district_en": "Samtredia", "district_ka": "სამტრედია", "precinct": 27.0, "name_en": "Samtredia - 27", "name_ka": "სამტრედია - 27" }, "geometry": { "type": "Point", "coordinates": [ 42.494447707526142, 42.14743993315227 ] } },
{ "type": "Feature", "properties": { "id": 54028, "district_en": "Samtredia", "district_ka": "სამტრედია", "precinct": 28.0, "name_en": "Samtredia - 28", "name_ka": "სამტრედია - 28" }, "geometry": { "type": "Point", "coordinates": [ 42.383448794742009, 42.101536138972371 ] } },
{ "type": "Feature", "properties": { "id": 54029, "district_en": "Samtredia", "district_ka": "სამტრედია", "precinct": 29.0, "name_en": "Samtredia - 29", "name_ka": "სამტრედია - 29" }, "geometry": { "type": "Point", "coordinates": [ 42.368550629254976, 42.100911067162208 ] } },
{ "type": "Feature", "properties": { "id": 54030, "district_en": "Samtredia", "district_ka": "სამტრედია", "precinct": 30.0, "name_en": "Samtredia - 30", "name_ka": "სამტრედია - 30" }, "geometry": { "type": "Point", "coordinates": [ 42.321974534393298, 42.051227817823246 ] } },
{ "type": "Feature", "properties": { "id": 54031, "district_en": "Samtredia", "district_ka": "სამტრედია", "precinct": 31.0, "name_en": "Samtredia - 31", "name_ka": "სამტრედია - 31" }, "geometry": { "type": "Point", "coordinates": [ 42.362768172955747, 42.070336314185298 ] } },
{ "type": "Feature", "properties": { "id": 54032, "district_en": "Samtredia", "district_ka": "სამტრედია", "precinct": 32.0, "name_en": "Samtredia - 32", "name_ka": "სამტრედია - 32" }, "geometry": { "type": "Point", "coordinates": [ 42.4065754, 42.0500729 ] } },
{ "type": "Feature", "properties": { "id": 54033, "district_en": "Samtredia", "district_ka": "სამტრედია", "precinct": 33.0, "name_en": "Samtredia - 33", "name_ka": "სამტრედია - 33" }, "geometry": { "type": "Point", "coordinates": [ 42.318815588951111, 42.08395711477479 ] } },
{ "type": "Feature", "properties": { "id": 54034, "district_en": "Samtredia", "district_ka": "სამტრედია", "precinct": 34.0, "name_en": "Samtredia - 34", "name_ka": "სამტრედია - 34" }, "geometry": { "type": "Point", "coordinates": [ 42.2968309, 42.1050405 ] } },
{ "type": "Feature", "properties": { "id": 55001, "district_en": "Khoni", "district_ka": "ხონი", "precinct": 1.0, "name_en": "Khoni - 1", "name_ka": "ხონი - 1" }, "geometry": { "type": "Point", "coordinates": [ 42.419912298287592, 42.328248866035636 ] } },
{ "type": "Feature", "properties": { "id": 55002, "district_en": "Khoni", "district_ka": "ხონი", "precinct": 2.0, "name_en": "Khoni - 2", "name_ka": "ხონი - 2" }, "geometry": { "type": "Point", "coordinates": [ 42.413940802696622, 42.32293883039344 ] } },
{ "type": "Feature", "properties": { "id": 55003, "district_en": "Khoni", "district_ka": "ხონი", "precinct": 3.0, "name_en": "Khoni - 3", "name_ka": "ხონი - 3" }, "geometry": { "type": "Point", "coordinates": [ 42.423894685326211, 42.324051674961311 ] } },
{ "type": "Feature", "properties": { "id": 55004, "district_en": "Khoni", "district_ka": "ხონი", "precinct": 4.0, "name_en": "Khoni - 4", "name_ka": "ხონი - 4" }, "geometry": { "type": "Point", "coordinates": [ 42.424805108829595, 42.325634489829142 ] } },
{ "type": "Feature", "properties": { "id": 55005, "district_en": "Khoni", "district_ka": "ხონი", "precinct": 5.0, "name_en": "Khoni - 5", "name_ka": "ხონი - 5" }, "geometry": { "type": "Point", "coordinates": [ 42.526364157561765, 42.444625496585473 ] } },
{ "type": "Feature", "properties": { "id": 55006, "district_en": "Khoni", "district_ka": "ხონი", "precinct": 6.0, "name_en": "Khoni - 6", "name_ka": "ხონი - 6" }, "geometry": { "type": "Point", "coordinates": [ 42.429805397987366, 42.263260493451135 ] } },
{ "type": "Feature", "properties": { "id": 55007, "district_en": "Khoni", "district_ka": "ხონი", "precinct": 7.0, "name_en": "Khoni - 7", "name_ka": "ხონი - 7" }, "geometry": { "type": "Point", "coordinates": [ 42.46424034617155, 42.273268813327178 ] } },
{ "type": "Feature", "properties": { "id": 55008, "district_en": "Khoni", "district_ka": "ხონი", "precinct": 8.0, "name_en": "Khoni - 8", "name_ka": "ხონი - 8" }, "geometry": { "type": "Point", "coordinates": [ 42.513592672029588, 42.349189036521175 ] } },
{ "type": "Feature", "properties": { "id": 55009, "district_en": "Khoni", "district_ka": "ხონი", "precinct": 9.0, "name_en": "Khoni - 9", "name_ka": "ხონი - 9" }, "geometry": { "type": "Point", "coordinates": [ 42.476727712304104, 42.345335819743127 ] } },
{ "type": "Feature", "properties": { "id": 55010, "district_en": "Khoni", "district_ka": "ხონი", "precinct": 10.0, "name_en": "Khoni - 10", "name_ka": "ხონი - 10" }, "geometry": { "type": "Point", "coordinates": [ 42.420755444880456, 42.306270737202297 ] } },
{ "type": "Feature", "properties": { "id": 55011, "district_en": "Khoni", "district_ka": "ხონი", "precinct": 11.0, "name_en": "Khoni - 11", "name_ka": "ხონი - 11" }, "geometry": { "type": "Point", "coordinates": [ 42.552996575832367, 42.487457409811981 ] } },
{ "type": "Feature", "properties": { "id": 55012, "district_en": "Khoni", "district_ka": "ხონი", "precinct": 12.0, "name_en": "Khoni - 12", "name_ka": "ხონი - 12" }, "geometry": { "type": "Point", "coordinates": [ 42.448615414819301, 42.296336174215071 ] } },
{ "type": "Feature", "properties": { "id": 55013, "district_en": "Khoni", "district_ka": "ხონი", "precinct": 13.0, "name_en": "Khoni - 13", "name_ka": "ხონი - 13" }, "geometry": { "type": "Point", "coordinates": [ 42.488912652928093, 42.307814310666167 ] } },
{ "type": "Feature", "properties": { "id": 55014, "district_en": "Khoni", "district_ka": "ხონი", "precinct": 14.0, "name_en": "Khoni - 14", "name_ka": "ხონი - 14" }, "geometry": { "type": "Point", "coordinates": [ 42.43802227915544, 42.38522925741109 ] } },
{ "type": "Feature", "properties": { "id": 55015, "district_en": "Khoni", "district_ka": "ხონი", "precinct": 15.0, "name_en": "Khoni - 15", "name_ka": "ხონი - 15" }, "geometry": { "type": "Point", "coordinates": [ 42.467043731644694, 42.41329235180298 ] } },
{ "type": "Feature", "properties": { "id": 55016, "district_en": "Khoni", "district_ka": "ხონი", "precinct": 16.0, "name_en": "Khoni - 16", "name_ka": "ხონი - 16" }, "geometry": { "type": "Point", "coordinates": [ 42.430502772331238, 42.357437951948036 ] } },
{ "type": "Feature", "properties": { "id": 55017, "district_en": "Khoni", "district_ka": "ხონი", "precinct": 17.0, "name_en": "Khoni - 17", "name_ka": "ხონი - 17" }, "geometry": { "type": "Point", "coordinates": [ 42.421660846171562, 42.349357657480382 ] } },
{ "type": "Feature", "properties": { "id": 55018, "district_en": "Khoni", "district_ka": "ხონი", "precinct": 18.0, "name_en": "Khoni - 18", "name_ka": "ხონი - 18" }, "geometry": { "type": "Point", "coordinates": [ 42.444339159138508, 42.345178361909873 ] } },
{ "type": "Feature", "properties": { "id": 55019, "district_en": "Khoni", "district_ka": "ხონი", "precinct": 19.0, "name_en": "Khoni - 19", "name_ka": "ხონი - 19" }, "geometry": { "type": "Point", "coordinates": [ 42.495299577713013, 42.380524412076277 ] } },
{ "type": "Feature", "properties": { "id": 55020, "district_en": "Khoni", "district_ka": "ხონი", "precinct": 20.0, "name_en": "Khoni - 20", "name_ka": "ხონი - 20" }, "geometry": { "type": "Point", "coordinates": [ 42.37258931534425, 42.276106154574464 ] } },
{ "type": "Feature", "properties": { "id": 55021, "district_en": "Khoni", "district_ka": "ხონი", "precinct": 21.0, "name_en": "Khoni - 21", "name_ka": "ხონი - 21" }, "geometry": { "type": "Point", "coordinates": [ 42.399762434283161, 42.272256265433654 ] } },
{ "type": "Feature", "properties": { "id": 55022, "district_en": "Khoni", "district_ka": "ხონი", "precinct": 22.0, "name_en": "Khoni - 22", "name_ka": "ხონი - 22" }, "geometry": { "type": "Point", "coordinates": [ 42.55911111837122, 42.423300497632027 ] } },
{ "type": "Feature", "properties": { "id": 55023, "district_en": "Khoni", "district_ka": "ხონი", "precinct": 23.0, "name_en": "Khoni - 23", "name_ka": "ხონი - 23" }, "geometry": { "type": "Point", "coordinates": [ 42.589176124351816, 42.459145546890426 ] } },
{ "type": "Feature", "properties": { "id": 55024, "district_en": "Khoni", "district_ka": "ხონი", "precinct": 24.0, "name_en": "Khoni - 24", "name_ka": "ხონი - 24" }, "geometry": { "type": "Point", "coordinates": [ 42.494476126525811, 42.419389670090467 ] } },
{ "type": "Feature", "properties": { "id": 55025, "district_en": "Khoni", "district_ka": "ხონი", "precinct": 25.0, "name_en": "Khoni - 25", "name_ka": "ხონი - 25" }, "geometry": { "type": "Point", "coordinates": [ 42.421064112303156, 42.326869972033492 ] } },
{ "type": "Feature", "properties": { "id": 55026, "district_en": "Khoni", "district_ka": "ხონი", "precinct": 26.0, "name_en": "Khoni - 26", "name_ka": "ხონი - 26" }, "geometry": { "type": "Point", "coordinates": [ 42.423102560794362, 42.327887338351992 ] } },
{ "type": "Feature", "properties": { "id": 56001, "district_en": "Chiatura", "district_ka": "ჭიათურა", "precinct": 1.0, "name_en": "Chiatura - 1", "name_ka": "ჭიათურა - 1" }, "geometry": { "type": "Point", "coordinates": [ 43.276315857719155, 42.284931396509087 ] } },
{ "type": "Feature", "properties": { "id": 56002, "district_en": "Chiatura", "district_ka": "ჭიათურა", "precinct": 2.0, "name_en": "Chiatura - 2", "name_ka": "ჭიათურა - 2" }, "geometry": { "type": "Point", "coordinates": [ 43.286950934826017, 42.289853222774511 ] } },
{ "type": "Feature", "properties": { "id": 56003, "district_en": "Chiatura", "district_ka": "ჭიათურა", "precinct": 3.0, "name_en": "Chiatura - 3", "name_ka": "ჭიათურა - 3" }, "geometry": { "type": "Point", "coordinates": [ 43.291702462802917, 42.289809371781047 ] } },
{ "type": "Feature", "properties": { "id": 56004, "district_en": "Chiatura", "district_ka": "ჭიათურა", "precinct": 4.0, "name_en": "Chiatura - 4", "name_ka": "ჭიათურა - 4" }, "geometry": { "type": "Point", "coordinates": [ 43.28221972765747, 42.278964730200819 ] } },
{ "type": "Feature", "properties": { "id": 56005, "district_en": "Chiatura", "district_ka": "ჭიათურა", "precinct": 5.0, "name_en": "Chiatura - 5", "name_ka": "ჭიათურა - 5" }, "geometry": { "type": "Point", "coordinates": [ 43.27632497994049, 42.291775299542515 ] } },
{ "type": "Feature", "properties": { "id": 56006, "district_en": "Chiatura", "district_ka": "ჭიათურა", "precinct": 6.0, "name_en": "Chiatura - 6", "name_ka": "ჭიათურა - 6" }, "geometry": { "type": "Point", "coordinates": [ 43.272029576535367, 42.289021400674358 ] } },
{ "type": "Feature", "properties": { "id": 56007, "district_en": "Chiatura", "district_ka": "ჭიათურა", "precinct": 7.0, "name_en": "Chiatura - 7", "name_ka": "ჭიათურა - 7" }, "geometry": { "type": "Point", "coordinates": [ 43.269812132119007, 42.290718610179475 ] } },
{ "type": "Feature", "properties": { "id": 56008, "district_en": "Chiatura", "district_ka": "ჭიათურა", "precinct": 8.0, "name_en": "Chiatura - 8", "name_ka": "ჭიათურა - 8" }, "geometry": { "type": "Point", "coordinates": [ 43.305058315102755, 42.296516821341385 ] } },
{ "type": "Feature", "properties": { "id": 56009, "district_en": "Chiatura", "district_ka": "ჭიათურა", "precinct": 9.0, "name_en": "Chiatura - 9", "name_ka": "ჭიათურა - 9" }, "geometry": { "type": "Point", "coordinates": [ 43.300671724006584, 42.288051512594805 ] } },
{ "type": "Feature", "properties": { "id": 56010, "district_en": "Chiatura", "district_ka": "ჭიათურა", "precinct": 10.0, "name_en": "Chiatura - 10", "name_ka": "ჭიათურა - 10" }, "geometry": { "type": "Point", "coordinates": [ 43.312525749206543, 42.297714683701429 ] } },
{ "type": "Feature", "properties": { "id": 56011, "district_en": "Chiatura", "district_ka": "ჭიათურა", "precinct": 11.0, "name_en": "Chiatura - 11", "name_ka": "ჭიათურა - 11" }, "geometry": { "type": "Point", "coordinates": [ 43.305294513702393, 42.305225346230614 ] } },
{ "type": "Feature", "properties": { "id": 56012, "district_en": "Chiatura", "district_ka": "ჭიათურა", "precinct": 12.0, "name_en": "Chiatura - 12", "name_ka": "ჭიათურა - 12" }, "geometry": { "type": "Point", "coordinates": [ 43.212302359835697, 42.266646853407863 ] } },
{ "type": "Feature", "properties": { "id": 56013, "district_en": "Chiatura", "district_ka": "ჭიათურა", "precinct": 13.0, "name_en": "Chiatura - 13", "name_ka": "ჭიათურა - 13" }, "geometry": { "type": "Point", "coordinates": [ 43.241924653011253, 42.281837387098442 ] } },
{ "type": "Feature", "properties": { "id": 56014, "district_en": "Chiatura", "district_ka": "ჭიათურა", "precinct": 14.0, "name_en": "Chiatura - 14", "name_ka": "ჭიათურა - 14" }, "geometry": { "type": "Point", "coordinates": [ 43.217749921737635, 42.242461190757716 ] } },
{ "type": "Feature", "properties": { "id": 56015, "district_en": "Chiatura", "district_ka": "ჭიათურა", "precinct": 15.0, "name_en": "Chiatura - 15", "name_ka": "ჭიათურა - 15" }, "geometry": { "type": "Point", "coordinates": [ 43.16511773473367, 42.257560460931622 ] } },
{ "type": "Feature", "properties": { "id": 56016, "district_en": "Chiatura", "district_ka": "ჭიათურა", "precinct": 16.0, "name_en": "Chiatura - 16", "name_ka": "ჭიათურა - 16" }, "geometry": { "type": "Point", "coordinates": [ 43.139998017672148, 42.286294068100759 ] } },
{ "type": "Feature", "properties": { "id": 56017, "district_en": "Chiatura", "district_ka": "ჭიათურა", "precinct": 17.0, "name_en": "Chiatura - 17", "name_ka": "ჭიათურა - 17" }, "geometry": { "type": "Point", "coordinates": [ 43.132659177618478, 42.321848868027253 ] } },
{ "type": "Feature", "properties": { "id": 56018, "district_en": "Chiatura", "district_ka": "ჭიათურა", "precinct": 18.0, "name_en": "Chiatura - 18", "name_ka": "ჭიათურა - 18" }, "geometry": { "type": "Point", "coordinates": [ 43.199985218684546, 42.316095538236816 ] } },
{ "type": "Feature", "properties": { "id": 56019, "district_en": "Chiatura", "district_ka": "ჭიათურა", "precinct": 19.0, "name_en": "Chiatura - 19", "name_ka": "ჭიათურა - 19" }, "geometry": { "type": "Point", "coordinates": [ 43.18107272052552, 42.347798759593125 ] } },
{ "type": "Feature", "properties": { "id": 56020, "district_en": "Chiatura", "district_ka": "ჭიათურა", "precinct": 20.0, "name_en": "Chiatura - 20", "name_ka": "ჭიათურა - 20" }, "geometry": { "type": "Point", "coordinates": [ 43.241955979412019, 42.321934912345924 ] } },
{ "type": "Feature", "properties": { "id": 56021, "district_en": "Chiatura", "district_ka": "ჭიათურა", "precinct": 21.0, "name_en": "Chiatura - 21", "name_ka": "ჭიათურა - 21" }, "geometry": { "type": "Point", "coordinates": [ 43.269086020504773, 42.316962612394953 ] } },
{ "type": "Feature", "properties": { "id": 56022, "district_en": "Chiatura", "district_ka": "ჭიათურა", "precinct": 22.0, "name_en": "Chiatura - 22", "name_ka": "ჭიათურა - 22" }, "geometry": { "type": "Point", "coordinates": [ 43.270297021725931, 42.328501461956172 ] } },
{ "type": "Feature", "properties": { "id": 56023, "district_en": "Chiatura", "district_ka": "ჭიათურა", "precinct": 23.0, "name_en": "Chiatura - 23", "name_ka": "ჭიათურა - 23" }, "geometry": { "type": "Point", "coordinates": [ 43.284086314980193, 42.328094149684169 ] } },
{ "type": "Feature", "properties": { "id": 56024, "district_en": "Chiatura", "district_ka": "ჭიათურა", "precinct": 24.0, "name_en": "Chiatura - 24", "name_ka": "ჭიათურა - 24" }, "geometry": { "type": "Point", "coordinates": [ 43.274787797192943, 42.348446722538064 ] } },
{ "type": "Feature", "properties": { "id": 56025, "district_en": "Chiatura", "district_ka": "ჭიათურა", "precinct": 25.0, "name_en": "Chiatura - 25", "name_ka": "ჭიათურა - 25" }, "geometry": { "type": "Point", "coordinates": [ 43.275317675096382, 42.357956920457838 ] } },
{ "type": "Feature", "properties": { "id": 56026, "district_en": "Chiatura", "district_ka": "ჭიათურა", "precinct": 26.0, "name_en": "Chiatura - 26", "name_ka": "ჭიათურა - 26" }, "geometry": { "type": "Point", "coordinates": [ 43.27088181253724, 42.380453100313822 ] } },
{ "type": "Feature", "properties": { "id": 56027, "district_en": "Chiatura", "district_ka": "ჭიათურა", "precinct": 27.0, "name_en": "Chiatura - 27", "name_ka": "ჭიათურა - 27" }, "geometry": { "type": "Point", "coordinates": [ 43.312613775019059, 42.344117099279288 ] } },
{ "type": "Feature", "properties": { "id": 56028, "district_en": "Chiatura", "district_ka": "ჭიათურა", "precinct": 28.0, "name_en": "Chiatura - 28", "name_ka": "ჭიათურა - 28" }, "geometry": { "type": "Point", "coordinates": [ 43.318000179387468, 42.361386009421814 ] } },
{ "type": "Feature", "properties": { "id": 56029, "district_en": "Chiatura", "district_ka": "ჭიათურა", "precinct": 29.0, "name_en": "Chiatura - 29", "name_ka": "ჭიათურა - 29" }, "geometry": { "type": "Point", "coordinates": [ 43.330516624751546, 42.324369871890148 ] } },
{ "type": "Feature", "properties": { "id": 56030, "district_en": "Chiatura", "district_ka": "ჭიათურა", "precinct": 30.0, "name_en": "Chiatura - 30", "name_ka": "ჭიათურა - 30" }, "geometry": { "type": "Point", "coordinates": [ 43.344961724176322, 42.297952719834235 ] } },
{ "type": "Feature", "properties": { "id": 56031, "district_en": "Chiatura", "district_ka": "ჭიათურა", "precinct": 31.0, "name_en": "Chiatura - 31", "name_ka": "ჭიათურა - 31" }, "geometry": { "type": "Point", "coordinates": [ 43.359772474234219, 42.283013148598918 ] } },
{ "type": "Feature", "properties": { "id": 56032, "district_en": "Chiatura", "district_ka": "ჭიათურა", "precinct": 32.0, "name_en": "Chiatura - 32", "name_ka": "ჭიათურა - 32" }, "geometry": { "type": "Point", "coordinates": [ 43.325122379394344, 42.275286294448122 ] } },
{ "type": "Feature", "properties": { "id": 56033, "district_en": "Chiatura", "district_ka": "ჭიათურა", "precinct": 33.0, "name_en": "Chiatura - 33", "name_ka": "ჭიათურა - 33" }, "geometry": { "type": "Point", "coordinates": [ 43.300497667690351, 42.266964520071852 ] } },
{ "type": "Feature", "properties": { "id": 56034, "district_en": "Chiatura", "district_ka": "ჭიათურა", "precinct": 34.0, "name_en": "Chiatura - 34", "name_ka": "ჭიათურა - 34" }, "geometry": { "type": "Point", "coordinates": [ 43.253530550562161, 42.241455384823908 ] } },
{ "type": "Feature", "properties": { "id": 56035, "district_en": "Chiatura", "district_ka": "ჭიათურა", "precinct": 35.0, "name_en": "Chiatura - 35", "name_ka": "ჭიათურა - 35" }, "geometry": { "type": "Point", "coordinates": [ 43.319245268353406, 42.247749968667442 ] } },
{ "type": "Feature", "properties": { "id": 56036, "district_en": "Chiatura", "district_ka": "ჭიათურა", "precinct": 36.0, "name_en": "Chiatura - 36", "name_ka": "ჭიათურა - 36" }, "geometry": { "type": "Point", "coordinates": [ 43.36605526160676, 42.23901127341631 ] } },
{ "type": "Feature", "properties": { "id": 56037, "district_en": "Chiatura", "district_ka": "ჭიათურა", "precinct": 37.0, "name_en": "Chiatura - 37", "name_ka": "ჭიათურა - 37" }, "geometry": { "type": "Point", "coordinates": [ 43.355403632767981, 42.220195643812559 ] } },
{ "type": "Feature", "properties": { "id": 56038, "district_en": "Chiatura", "district_ka": "ჭიათურა", "precinct": 38.0, "name_en": "Chiatura - 38", "name_ka": "ჭიათურა - 38" }, "geometry": { "type": "Point", "coordinates": [ 43.392861283694486, 42.194203696692256 ] } },
{ "type": "Feature", "properties": { "id": 56039, "district_en": "Chiatura", "district_ka": "ჭიათურა", "precinct": 39.0, "name_en": "Chiatura - 39", "name_ka": "ჭიათურა - 39" }, "geometry": { "type": "Point", "coordinates": [ 43.328658386383971, 42.185941080864922 ] } },
{ "type": "Feature", "properties": { "id": 56040, "district_en": "Chiatura", "district_ka": "ჭიათურა", "precinct": 40.0, "name_en": "Chiatura - 40", "name_ka": "ჭიათურა - 40" }, "geometry": { "type": "Point", "coordinates": [ 43.292806126022455, 42.184561619338716 ] } },
{ "type": "Feature", "properties": { "id": 56041, "district_en": "Chiatura", "district_ka": "ჭიათურა", "precinct": 41.0, "name_en": "Chiatura - 41", "name_ka": "ჭიათურა - 41" }, "geometry": { "type": "Point", "coordinates": [ 43.304133097188156, 42.22254481925652 ] } },
{ "type": "Feature", "properties": { "id": 56042, "district_en": "Chiatura", "district_ka": "ჭიათურა", "precinct": 42.0, "name_en": "Chiatura - 42", "name_ka": "ჭიათურა - 42" }, "geometry": { "type": "Point", "coordinates": [ 43.265911987758734, 42.225028703646124 ] } },
{ "type": "Feature", "properties": { "id": 56043, "district_en": "Chiatura", "district_ka": "ჭიათურა", "precinct": 43.0, "name_en": "Chiatura - 43", "name_ka": "ჭიათურა - 43" }, "geometry": { "type": "Point", "coordinates": [ 43.221024861604242, 42.176551604996355 ] } },
{ "type": "Feature", "properties": { "id": 56044, "district_en": "Chiatura", "district_ka": "ჭიათურა", "precinct": 44.0, "name_en": "Chiatura - 44", "name_ka": "ჭიათურა - 44" }, "geometry": { "type": "Point", "coordinates": [ 43.379275410680329, 42.213405597101378 ] } },
{ "type": "Feature", "properties": { "id": 56045, "district_en": "Chiatura", "district_ka": "ჭიათურა", "precinct": 45.0, "name_en": "Chiatura - 45", "name_ka": "ჭიათურა - 45" }, "geometry": { "type": "Point", "coordinates": [ 43.201063727658585, 42.343159660781133 ] } },
{ "type": "Feature", "properties": { "id": 56046, "district_en": "Chiatura", "district_ka": "ჭიათურა", "precinct": 46.0, "name_en": "Chiatura - 46", "name_ka": "ჭიათურა - 46" }, "geometry": { "type": "Point", "coordinates": [ 43.353129024349727, 42.258569716060478 ] } },
{ "type": "Feature", "properties": { "id": 56047, "district_en": "Chiatura", "district_ka": "ჭიათურა", "precinct": 47.0, "name_en": "Chiatura - 47", "name_ka": "ჭიათურა - 47" }, "geometry": { "type": "Point", "coordinates": [ 43.247543897189381, 42.260570685271915 ] } },
{ "type": "Feature", "properties": { "id": 56048, "district_en": "Chiatura", "district_ka": "ჭიათურა", "precinct": 48.0, "name_en": "Chiatura - 48", "name_ka": "ჭიათურა - 48" }, "geometry": { "type": "Point", "coordinates": [ 43.35847089044038, 42.155989264119491 ] } },
{ "type": "Feature", "properties": { "id": 56049, "district_en": "Chiatura", "district_ka": "ჭიათურა", "precinct": 49.0, "name_en": "Chiatura - 49", "name_ka": "ჭიათურა - 49" }, "geometry": { "type": "Point", "coordinates": [ 43.260123316646656, 42.169632728419359 ] } },
{ "type": "Feature", "properties": { "id": 57001, "district_en": "Tkibuli", "district_ka": "ტყიბული", "precinct": 1.0, "name_en": "Tkibuli - 1", "name_ka": "ტყიბული - 1" }, "geometry": { "type": "Point", "coordinates": [ 43.012606538700027, 42.364059837169883 ] } },
{ "type": "Feature", "properties": { "id": 57002, "district_en": "Tkibuli", "district_ka": "ტყიბული", "precinct": 2.0, "name_en": "Tkibuli - 2", "name_ka": "ტყიბული - 2" }, "geometry": { "type": "Point", "coordinates": [ 43.001884087874323, 42.364136738710826 ] } },
{ "type": "Feature", "properties": { "id": 57003, "district_en": "Tkibuli", "district_ka": "ტყიბული", "precinct": 3.0, "name_en": "Tkibuli - 3", "name_ka": "ტყიბული - 3" }, "geometry": { "type": "Point", "coordinates": [ 42.999326225182024, 42.357833944709895 ] } },
{ "type": "Feature", "properties": { "id": 57004, "district_en": "Tkibuli", "district_ka": "ტყიბული", "precinct": 4.0, "name_en": "Tkibuli - 4", "name_ka": "ტყიბული - 4" }, "geometry": { "type": "Point", "coordinates": [ 42.996608388288898, 42.353324472898478 ] } },
{ "type": "Feature", "properties": { "id": 57005, "district_en": "Tkibuli", "district_ka": "ტყიბული", "precinct": 5.0, "name_en": "Tkibuli - 5", "name_ka": "ტყიბული - 5" }, "geometry": { "type": "Point", "coordinates": [ 42.998303544300803, 42.346917791444376 ] } },
{ "type": "Feature", "properties": { "id": 57006, "district_en": "Tkibuli", "district_ka": "ტყიბული", "precinct": 6.0, "name_en": "Tkibuli - 6", "name_ka": "ტყიბული - 6" }, "geometry": { "type": "Point", "coordinates": [ 42.988857977865059, 42.341467258157543 ] } },
{ "type": "Feature", "properties": { "id": 57007, "district_en": "Tkibuli", "district_ka": "ტყიბული", "precinct": 7.0, "name_en": "Tkibuli - 7", "name_ka": "ტყიბული - 7" }, "geometry": { "type": "Point", "coordinates": [ 42.97433072038735, 42.334426311568748 ] } },
{ "type": "Feature", "properties": { "id": 57008, "district_en": "Tkibuli", "district_ka": "ტყიბული", "precinct": 8.0, "name_en": "Tkibuli - 8", "name_ka": "ტყიბული - 8" }, "geometry": { "type": "Point", "coordinates": [ 43.056415474881554, 42.305293652363751 ] } },
{ "type": "Feature", "properties": { "id": 57009, "district_en": "Tkibuli", "district_ka": "ტყიბული", "precinct": 9.0, "name_en": "Tkibuli - 9", "name_ka": "ტყიბული - 9" }, "geometry": { "type": "Point", "coordinates": [ 43.056416807523945, 42.305112500405883 ] } },
{ "type": "Feature", "properties": { "id": 57010, "district_en": "Tkibuli", "district_ka": "ტყიბული", "precinct": 10.0, "name_en": "Tkibuli - 10", "name_ka": "ტყიბული - 10" }, "geometry": { "type": "Point", "coordinates": [ 43.097338056976312, 42.32452574889426 ] } },
{ "type": "Feature", "properties": { "id": 57011, "district_en": "Tkibuli", "district_ka": "ტყიბული", "precinct": 11.0, "name_en": "Tkibuli - 11", "name_ka": "ტყიბული - 11" }, "geometry": { "type": "Point", "coordinates": [ 42.953058884892677, 42.307284804914794 ] } },
{ "type": "Feature", "properties": { "id": 57012, "district_en": "Tkibuli", "district_ka": "ტყიბული", "precinct": 12.0, "name_en": "Tkibuli - 12", "name_ka": "ტყიბული - 12" }, "geometry": { "type": "Point", "coordinates": [ 42.935951756263364, 42.334966023281666 ] } },
{ "type": "Feature", "properties": { "id": 57013, "district_en": "Tkibuli", "district_ka": "ტყიბული", "precinct": 13.0, "name_en": "Tkibuli - 13", "name_ka": "ტყიბული - 13" }, "geometry": { "type": "Point", "coordinates": [ 42.919729218576826, 42.32374404291506 ] } },
{ "type": "Feature", "properties": { "id": 57014, "district_en": "Tkibuli", "district_ka": "ტყიბული", "precinct": 14.0, "name_en": "Tkibuli - 14", "name_ka": "ტყიბული - 14" }, "geometry": { "type": "Point", "coordinates": [ 42.94308479652743, 42.352154112642403 ] } },
{ "type": "Feature", "properties": { "id": 57015, "district_en": "Tkibuli", "district_ka": "ტყიბული", "precinct": 15.0, "name_en": "Tkibuli - 15", "name_ka": "ტყიბული - 15" }, "geometry": { "type": "Point", "coordinates": [ 42.882115260767328, 42.34660003968694 ] } },
{ "type": "Feature", "properties": { "id": 57016, "district_en": "Tkibuli", "district_ka": "ტყიბული", "precinct": 16.0, "name_en": "Tkibuli - 16", "name_ka": "ტყიბული - 16" }, "geometry": { "type": "Point", "coordinates": [ 42.891539202333149, 42.326579807650717 ] } },
{ "type": "Feature", "properties": { "id": 57017, "district_en": "Tkibuli", "district_ka": "ტყიბული", "precinct": 17.0, "name_en": "Tkibuli - 17", "name_ka": "ტყიბული - 17" }, "geometry": { "type": "Point", "coordinates": [ 42.809075110200062, 42.326639568498813 ] } },
{ "type": "Feature", "properties": { "id": 57018, "district_en": "Tkibuli", "district_ka": "ტყიბული", "precinct": 18.0, "name_en": "Tkibuli - 18", "name_ka": "ტყიბული - 18" }, "geometry": { "type": "Point", "coordinates": [ 42.812626354753043, 42.325118584777954 ] } },
{ "type": "Feature", "properties": { "id": 57019, "district_en": "Tkibuli", "district_ka": "ტყიბული", "precinct": 19.0, "name_en": "Tkibuli - 19", "name_ka": "ტყიბული - 19" }, "geometry": { "type": "Point", "coordinates": [ 42.821587648160538, 42.364428801064797 ] } },
{ "type": "Feature", "properties": { "id": 57020, "district_en": "Tkibuli", "district_ka": "ტყიბული", "precinct": 20.0, "name_en": "Tkibuli - 20", "name_ka": "ტყიბული - 20" }, "geometry": { "type": "Point", "coordinates": [ 42.864316375966645, 42.288592906537772 ] } },
{ "type": "Feature", "properties": { "id": 57021, "district_en": "Tkibuli", "district_ka": "ტყიბული", "precinct": 21.0, "name_en": "Tkibuli - 21", "name_ka": "ტყიბული - 21" }, "geometry": { "type": "Point", "coordinates": [ 42.788942098355641, 42.315746207571337 ] } },
{ "type": "Feature", "properties": { "id": 57022, "district_en": "Tkibuli", "district_ka": "ტყიბული", "precinct": 22.0, "name_en": "Tkibuli - 22", "name_ka": "ტყიბული - 22" }, "geometry": { "type": "Point", "coordinates": [ 42.772816658266493, 42.302995948896381 ] } },
{ "type": "Feature", "properties": { "id": 57023, "district_en": "Tkibuli", "district_ka": "ტყიბული", "precinct": 23.0, "name_en": "Tkibuli - 23", "name_ka": "ტყიბული - 23" }, "geometry": { "type": "Point", "coordinates": [ 42.752687948896167, 42.29981529127555 ] } },
{ "type": "Feature", "properties": { "id": 57024, "district_en": "Tkibuli", "district_ka": "ტყიბული", "precinct": 24.0, "name_en": "Tkibuli - 24", "name_ka": "ტყიბული - 24" }, "geometry": { "type": "Point", "coordinates": [ 42.786258903792103, 42.387695695794811 ] } },
{ "type": "Feature", "properties": { "id": 57025, "district_en": "Tkibuli", "district_ka": "ტყიბული", "precinct": 25.0, "name_en": "Tkibuli - 25", "name_ka": "ტყიბული - 25" }, "geometry": { "type": "Point", "coordinates": [ 42.819400594406318, 42.383237431858731 ] } },
{ "type": "Feature", "properties": { "id": 57026, "district_en": "Tkibuli", "district_ka": "ტყიბული", "precinct": 26.0, "name_en": "Tkibuli - 26", "name_ka": "ტყიბული - 26" }, "geometry": { "type": "Point", "coordinates": [ 42.8461497971414, 42.369389880557492 ] } },
{ "type": "Feature", "properties": { "id": 57027, "district_en": "Tkibuli", "district_ka": "ტყიბული", "precinct": 27.0, "name_en": "Tkibuli - 27", "name_ka": "ტყიბული - 27" }, "geometry": { "type": "Point", "coordinates": [ 42.862849573746814, 42.403402405400698 ] } },
{ "type": "Feature", "properties": { "id": 57028, "district_en": "Tkibuli", "district_ka": "ტყიბული", "precinct": 28.0, "name_en": "Tkibuli - 28", "name_ka": "ტყიბული - 28" }, "geometry": { "type": "Point", "coordinates": [ 42.871676723110497, 42.427046123418911 ] } },
{ "type": "Feature", "properties": { "id": 57029, "district_en": "Tkibuli", "district_ka": "ტყიბული", "precinct": 29.0, "name_en": "Tkibuli - 29", "name_ka": "ტყიბული - 29" }, "geometry": { "type": "Point", "coordinates": [ 42.896657260795131, 42.395810661537539 ] } },
{ "type": "Feature", "properties": { "id": 57030, "district_en": "Tkibuli", "district_ka": "ტყიბული", "precinct": 30.0, "name_en": "Tkibuli - 30", "name_ka": "ტყიბული - 30" }, "geometry": { "type": "Point", "coordinates": [ 42.913860775313282, 42.429366385303332 ] } },
{ "type": "Feature", "properties": { "id": 57031, "district_en": "Tkibuli", "district_ka": "ტყიბული", "precinct": 31.0, "name_en": "Tkibuli - 31", "name_ka": "ტყიბული - 31" }, "geometry": { "type": "Point", "coordinates": [ 43.012171778576786, 42.349977123434648 ] } },
{ "type": "Feature", "properties": { "id": 58001, "district_en": "Tskaltubo", "district_ka": "წყალტუბო", "precinct": 1.0, "name_en": "Tskaltubo - 1", "name_ka": "წყალტუბო - 1" }, "geometry": { "type": "Point", "coordinates": [ 42.599069, 42.333198 ] } },
{ "type": "Feature", "properties": { "id": 58002, "district_en": "Tskaltubo", "district_ka": "წყალტუბო", "precinct": 2.0, "name_en": "Tskaltubo - 2", "name_ka": "წყალტუბო - 2" }, "geometry": { "type": "Point", "coordinates": [ 42.612646097240727, 42.325134389920699 ] } },
{ "type": "Feature", "properties": { "id": 58003, "district_en": "Tskaltubo", "district_ka": "წყალტუბო", "precinct": 3.0, "name_en": "Tskaltubo - 3", "name_ka": "წყალტუბო - 3" }, "geometry": { "type": "Point", "coordinates": [ 42.611541168404024, 42.318165499984659 ] } },
{ "type": "Feature", "properties": { "id": 58004, "district_en": "Tskaltubo", "district_ka": "წყალტუბო", "precinct": 4.0, "name_en": "Tskaltubo - 4", "name_ka": "წყალტუბო - 4" }, "geometry": { "type": "Point", "coordinates": [ 42.592962, 42.31004 ] } },
{ "type": "Feature", "properties": { "id": 58005, "district_en": "Tskaltubo", "district_ka": "წყალტუბო", "precinct": 5.0, "name_en": "Tskaltubo - 5", "name_ka": "წყალტუბო - 5" }, "geometry": { "type": "Point", "coordinates": [ 42.599435001947619, 42.310792299537354 ] } },
{ "type": "Feature", "properties": { "id": 58006, "district_en": "Tskaltubo", "district_ka": "წყალტუბო", "precinct": 6.0, "name_en": "Tskaltubo - 6", "name_ka": "წყალტუბო - 6" }, "geometry": { "type": "Point", "coordinates": [ 42.604363522691308, 42.310073212608096 ] } },
{ "type": "Feature", "properties": { "id": 58007, "district_en": "Tskaltubo", "district_ka": "წყალტუბო", "precinct": 7.0, "name_en": "Tskaltubo - 7", "name_ka": "წყალტუბო - 7" }, "geometry": { "type": "Point", "coordinates": [ 42.667640030458074, 42.17666589812179 ] } },
{ "type": "Feature", "properties": { "id": 58008, "district_en": "Tskaltubo", "district_ka": "წყალტუბო", "precinct": 8.0, "name_en": "Tskaltubo - 8", "name_ka": "წყალტუბო - 8" }, "geometry": { "type": "Point", "coordinates": [ 42.674407206725725, 42.163575184408465 ] } },
{ "type": "Feature", "properties": { "id": 58009, "district_en": "Tskaltubo", "district_ka": "წყალტუბო", "precinct": 9.0, "name_en": "Tskaltubo - 9", "name_ka": "წყალტუბო - 9" }, "geometry": { "type": "Point", "coordinates": [ 42.708368897438049, 42.165765294210566 ] } },
{ "type": "Feature", "properties": { "id": 58010, "district_en": "Tskaltubo", "district_ka": "წყალტუბო", "precinct": 10.0, "name_en": "Tskaltubo - 10", "name_ka": "წყალტუბო - 10" }, "geometry": { "type": "Point", "coordinates": [ 42.679764884202278, 42.179943611741628 ] } },
{ "type": "Feature", "properties": { "id": 58011, "district_en": "Tskaltubo", "district_ka": "წყალტუბო", "precinct": 11.0, "name_en": "Tskaltubo - 11", "name_ka": "წყალტუბო - 11" }, "geometry": { "type": "Point", "coordinates": [ 42.567821145057678, 42.311628341406653 ] } },
{ "type": "Feature", "properties": { "id": 58012, "district_en": "Tskaltubo", "district_ka": "წყალტუბო", "precinct": 12.0, "name_en": "Tskaltubo - 12", "name_ka": "წყალტუბო - 12" }, "geometry": { "type": "Point", "coordinates": [ 42.518385350704193, 42.305080537383745 ] } },
{ "type": "Feature", "properties": { "id": 58013, "district_en": "Tskaltubo", "district_ka": "წყალტუბო", "precinct": 13.0, "name_en": "Tskaltubo - 13", "name_ka": "წყალტუბო - 13" }, "geometry": { "type": "Point", "coordinates": [ 42.55678653717041, 42.318332142662086 ] } },
{ "type": "Feature", "properties": { "id": 58014, "district_en": "Tskaltubo", "district_ka": "წყალტუბო", "precinct": 14.0, "name_en": "Tskaltubo - 14", "name_ka": "წყალტუბო - 14" }, "geometry": { "type": "Point", "coordinates": [ 42.588690874810027, 42.297059037477155 ] } },
{ "type": "Feature", "properties": { "id": 58015, "district_en": "Tskaltubo", "district_ka": "წყალტუბო", "precinct": 15.0, "name_en": "Tskaltubo - 15", "name_ka": "წყალტუბო - 15" }, "geometry": { "type": "Point", "coordinates": [ 42.657980918884277, 42.292802313151235 ] } },
{ "type": "Feature", "properties": { "id": 58016, "district_en": "Tskaltubo", "district_ka": "წყალტუბო", "precinct": 16.0, "name_en": "Tskaltubo - 16", "name_ka": "წყალტუბო - 16" }, "geometry": { "type": "Point", "coordinates": [ 42.633090019226074, 42.304162084475799 ] } },
{ "type": "Feature", "properties": { "id": 58017, "district_en": "Tskaltubo", "district_ka": "წყალტუბო", "precinct": 17.0, "name_en": "Tskaltubo - 17", "name_ka": "წყალტუბო - 17" }, "geometry": { "type": "Point", "coordinates": [ 42.633650544806109, 42.332301918125502 ] } },
{ "type": "Feature", "properties": { "id": 58018, "district_en": "Tskaltubo", "district_ka": "წყალტუბო", "precinct": 18.0, "name_en": "Tskaltubo - 18", "name_ka": "წყალტუბო - 18" }, "geometry": { "type": "Point", "coordinates": [ 42.622672346291552, 42.316931937073811 ] } },
{ "type": "Feature", "properties": { "id": 58019, "district_en": "Tskaltubo", "district_ka": "წყალტუბო", "precinct": 19.0, "name_en": "Tskaltubo - 19", "name_ka": "წყალტუბო - 19" }, "geometry": { "type": "Point", "coordinates": [ 42.812998777909868, 42.447977309402319 ] } },
{ "type": "Feature", "properties": { "id": 58020, "district_en": "Tskaltubo", "district_ka": "წყალტუბო", "precinct": 20.0, "name_en": "Tskaltubo - 20", "name_ka": "წყალტუბო - 20" }, "geometry": { "type": "Point", "coordinates": [ 42.817800978434747, 42.467671116018579 ] } },
{ "type": "Feature", "properties": { "id": 58021, "district_en": "Tskaltubo", "district_ka": "წყალტუბო", "precinct": 21.0, "name_en": "Tskaltubo - 21", "name_ka": "წყალტუბო - 21" }, "geometry": { "type": "Point", "coordinates": [ 42.776878587341294, 42.466902614109628 ] } },
{ "type": "Feature", "properties": { "id": 58022, "district_en": "Tskaltubo", "district_ka": "წყალტუბო", "precinct": 22.0, "name_en": "Tskaltubo - 22", "name_ka": "წყალტუბო - 22" }, "geometry": { "type": "Point", "coordinates": [ 42.753692150331872, 42.4769802 ] } },
{ "type": "Feature", "properties": { "id": 58023, "district_en": "Tskaltubo", "district_ka": "წყალტუბო", "precinct": 23.0, "name_en": "Tskaltubo - 23", "name_ka": "წყალტუბო - 23" }, "geometry": { "type": "Point", "coordinates": [ 42.536787986755371, 42.243991117484192 ] } },
{ "type": "Feature", "properties": { "id": 58024, "district_en": "Tskaltubo", "district_ka": "წყალტუბო", "precinct": 24.0, "name_en": "Tskaltubo - 24", "name_ka": "წყალტუბო - 24" }, "geometry": { "type": "Point", "coordinates": [ 42.561078071594238, 42.259206988465287 ] } },
{ "type": "Feature", "properties": { "id": 58025, "district_en": "Tskaltubo", "district_ka": "წყალტუბო", "precinct": 25.0, "name_en": "Tskaltubo - 25", "name_ka": "წყალტუბო - 25" }, "geometry": { "type": "Point", "coordinates": [ 42.58936735834228, 42.259647695443292 ] } },
{ "type": "Feature", "properties": { "id": 58026, "district_en": "Tskaltubo", "district_ka": "წყალტუბო", "precinct": 26.0, "name_en": "Tskaltubo - 26", "name_ka": "წყალტუბო - 26" }, "geometry": { "type": "Point", "coordinates": [ 42.594664692878723, 42.195770064026824 ] } },
{ "type": "Feature", "properties": { "id": 58027, "district_en": "Tskaltubo", "district_ka": "წყალტუბო", "precinct": 27.0, "name_en": "Tskaltubo - 27", "name_ka": "წყალტუბო - 27" }, "geometry": { "type": "Point", "coordinates": [ 42.636405229568481, 42.215574629574256 ] } },
{ "type": "Feature", "properties": { "id": 58028, "district_en": "Tskaltubo", "district_ka": "წყალტუბო", "precinct": 28.0, "name_en": "Tskaltubo - 28", "name_ka": "წყალტუბო - 28" }, "geometry": { "type": "Point", "coordinates": [ 42.662197351455688, 42.201174814999284 ] } },
{ "type": "Feature", "properties": { "id": 58029, "district_en": "Tskaltubo", "district_ka": "წყალტუბო", "precinct": 29.0, "name_en": "Tskaltubo - 29", "name_ka": "წყალტუბო - 29" }, "geometry": { "type": "Point", "coordinates": [ 42.700350776224454, 42.419327168721679 ] } },
{ "type": "Feature", "properties": { "id": 58030, "district_en": "Tskaltubo", "district_ka": "წყალტუბო", "precinct": 30.0, "name_en": "Tskaltubo - 30", "name_ka": "წყალტუბო - 30" }, "geometry": { "type": "Point", "coordinates": [ 42.698900699615479, 42.385465595378911 ] } },
{ "type": "Feature", "properties": { "id": 58031, "district_en": "Tskaltubo", "district_ka": "წყალტუბო", "precinct": 31.0, "name_en": "Tskaltubo - 31", "name_ka": "წყალტუბო - 31" }, "geometry": { "type": "Point", "coordinates": [ 42.711063135822066, 42.356341840048103 ] } },
{ "type": "Feature", "properties": { "id": 58032, "district_en": "Tskaltubo", "district_ka": "წყალტუბო", "precinct": 32.0, "name_en": "Tskaltubo - 32", "name_ka": "წყალტუბო - 32" }, "geometry": { "type": "Point", "coordinates": [ 42.676445245742798, 42.329770589891417 ] } },
{ "type": "Feature", "properties": { "id": 58033, "district_en": "Tskaltubo", "district_ka": "წყალტუბო", "precinct": 33.0, "name_en": "Tskaltubo - 33", "name_ka": "წყალტუბო - 33" }, "geometry": { "type": "Point", "coordinates": [ 42.711941599845886, 42.303471748199989 ] } },
{ "type": "Feature", "properties": { "id": 58034, "district_en": "Tskaltubo", "district_ka": "წყალტუბო", "precinct": 34.0, "name_en": "Tskaltubo - 34", "name_ka": "წყალტუბო - 34" }, "geometry": { "type": "Point", "coordinates": [ 42.606353759765625, 42.145682611477206 ] } },
{ "type": "Feature", "properties": { "id": 58035, "district_en": "Tskaltubo", "district_ka": "წყალტუბო", "precinct": 35.0, "name_en": "Tskaltubo - 35", "name_ka": "წყალტუბო - 35" }, "geometry": { "type": "Point", "coordinates": [ 42.605200373983777, 42.14554334706402 ] } },
{ "type": "Feature", "properties": { "id": 58036, "district_en": "Tskaltubo", "district_ka": "წყალტუბო", "precinct": 36.0, "name_en": "Tskaltubo - 36", "name_ka": "წყალტუბო - 36" }, "geometry": { "type": "Point", "coordinates": [ 42.628446, 42.146677 ] } },
{ "type": "Feature", "properties": { "id": 58037, "district_en": "Tskaltubo", "district_ka": "წყალტუბო", "precinct": 37.0, "name_en": "Tskaltubo - 37", "name_ka": "წყალტუბო - 37" }, "geometry": { "type": "Point", "coordinates": [ 42.653195858001709, 42.15301651190655 ] } },
{ "type": "Feature", "properties": { "id": 58038, "district_en": "Tskaltubo", "district_ka": "წყალტუბო", "precinct": 38.0, "name_en": "Tskaltubo - 38", "name_ka": "წყალტუბო - 38" }, "geometry": { "type": "Point", "coordinates": [ 42.709984253344274, 42.341704508372587 ] } },
{ "type": "Feature", "properties": { "id": 58039, "district_en": "Tskaltubo", "district_ka": "წყალტუბო", "precinct": 39.0, "name_en": "Tskaltubo - 39", "name_ka": "წყალტუბო - 39" }, "geometry": { "type": "Point", "coordinates": [ 42.719634175300598, 42.355241819288111 ] } },
{ "type": "Feature", "properties": { "id": 58040, "district_en": "Tskaltubo", "district_ka": "წყალტუბო", "precinct": 40.0, "name_en": "Tskaltubo - 40", "name_ka": "წყალტუბო - 40" }, "geometry": { "type": "Point", "coordinates": [ 42.734083235263824, 42.322225176366246 ] } },
{ "type": "Feature", "properties": { "id": 58041, "district_en": "Tskaltubo", "district_ka": "წყალტუბო", "precinct": 41.0, "name_en": "Tskaltubo - 41", "name_ka": "წყალტუბო - 41" }, "geometry": { "type": "Point", "coordinates": [ 42.748446464538574, 42.333534034730349 ] } },
{ "type": "Feature", "properties": { "id": 58042, "district_en": "Tskaltubo", "district_ka": "წყალტუბო", "precinct": 42.0, "name_en": "Tskaltubo - 42", "name_ka": "წყალტუბო - 42" }, "geometry": { "type": "Point", "coordinates": [ 42.559173703193665, 42.134238598052455 ] } },
{ "type": "Feature", "properties": { "id": 58043, "district_en": "Tskaltubo", "district_ka": "წყალტუბო", "precinct": 43.0, "name_en": "Tskaltubo - 43", "name_ka": "წყალტუბო - 43" }, "geometry": { "type": "Point", "coordinates": [ 42.576495245751829, 42.14082184410595 ] } },
{ "type": "Feature", "properties": { "id": 58044, "district_en": "Tskaltubo", "district_ka": "წყალტუბო", "precinct": 44.0, "name_en": "Tskaltubo - 44", "name_ka": "წყალტუბო - 44" }, "geometry": { "type": "Point", "coordinates": [ 42.553999725764115, 42.228104032954114 ] } },
{ "type": "Feature", "properties": { "id": 58045, "district_en": "Tskaltubo", "district_ka": "წყალტუბო", "precinct": 45.0, "name_en": "Tskaltubo - 45", "name_ka": "წყალტუბო - 45" }, "geometry": { "type": "Point", "coordinates": [ 42.53507665397759, 42.211414685755955 ] } },
{ "type": "Feature", "properties": { "id": 58046, "district_en": "Tskaltubo", "district_ka": "წყალტუბო", "precinct": 46.0, "name_en": "Tskaltubo - 46", "name_ka": "წყალტუბო - 46" }, "geometry": { "type": "Point", "coordinates": [ 42.549789998676289, 42.197800659854849 ] } },
{ "type": "Feature", "properties": { "id": 58047, "district_en": "Tskaltubo", "district_ka": "წყალტუბო", "precinct": 47.0, "name_en": "Tskaltubo - 47", "name_ka": "წყალტუბო - 47" }, "geometry": { "type": "Point", "coordinates": [ 42.573898925180067, 42.194389876315533 ] } },
{ "type": "Feature", "properties": { "id": 58048, "district_en": "Tskaltubo", "district_ka": "წყალტუბო", "precinct": 48.0, "name_en": "Tskaltubo - 48", "name_ka": "წყალტუბო - 48" }, "geometry": { "type": "Point", "coordinates": [ 42.638921141624451, 42.243999059919112 ] } },
{ "type": "Feature", "properties": { "id": 58049, "district_en": "Tskaltubo", "district_ka": "წყალტუბო", "precinct": 49.0, "name_en": "Tskaltubo - 49", "name_ka": "წყალტუბო - 49" }, "geometry": { "type": "Point", "coordinates": [ 42.618512213230133, 42.237156281619818 ] } },
{ "type": "Feature", "properties": { "id": 58050, "district_en": "Tskaltubo", "district_ka": "წყალტუბო", "precinct": 50.0, "name_en": "Tskaltubo - 50", "name_ka": "წყალტუბო - 50" }, "geometry": { "type": "Point", "coordinates": [ 42.656564712524414, 42.216861870361001 ] } },
{ "type": "Feature", "properties": { "id": 58051, "district_en": "Tskaltubo", "district_ka": "წყალტუბო", "precinct": 51.0, "name_en": "Tskaltubo - 51", "name_ka": "წყალტუბო - 51" }, "geometry": { "type": "Point", "coordinates": [ 42.557516098022461, 42.387779536290836 ] } },
{ "type": "Feature", "properties": { "id": 58052, "district_en": "Tskaltubo", "district_ka": "წყალტუბო", "precinct": 52.0, "name_en": "Tskaltubo - 52", "name_ka": "წყალტუბო - 52" }, "geometry": { "type": "Point", "coordinates": [ 42.595236003398895, 42.383973771473407 ] } },
{ "type": "Feature", "properties": { "id": 58053, "district_en": "Tskaltubo", "district_ka": "წყალტუბო", "precinct": 53.0, "name_en": "Tskaltubo - 53", "name_ka": "წყალტუბო - 53" }, "geometry": { "type": "Point", "coordinates": [ 42.597792, 42.336233 ] } },
{ "type": "Feature", "properties": { "id": 58054, "district_en": "Tskaltubo", "district_ka": "წყალტუბო", "precinct": 54.0, "name_en": "Tskaltubo - 54", "name_ka": "წყალტუბო - 54" }, "geometry": { "type": "Point", "coordinates": [ 42.573730051517487, 42.333912746160784 ] } },
{ "type": "Feature", "properties": { "id": 58055, "district_en": "Tskaltubo", "district_ka": "წყალტუბო", "precinct": 55.0, "name_en": "Tskaltubo - 55", "name_ka": "წყალტუბო - 55" }, "geometry": { "type": "Point", "coordinates": [ 42.591217784163163, 42.346066207601758 ] } },
{ "type": "Feature", "properties": { "id": 58056, "district_en": "Tskaltubo", "district_ka": "წყალტუბო", "precinct": 56.0, "name_en": "Tskaltubo - 56", "name_ka": "წყალტუბო - 56" }, "geometry": { "type": "Point", "coordinates": [ 42.617551982402802, 42.360648765894339 ] } },
{ "type": "Feature", "properties": { "id": 58057, "district_en": "Tskaltubo", "district_ka": "წყალტუბო", "precinct": 57.0, "name_en": "Tskaltubo - 57", "name_ka": "წყალტუბო - 57" }, "geometry": { "type": "Point", "coordinates": [ 42.596936523914337, 42.306375870438032 ] } },
{ "type": "Feature", "properties": { "id": 59001, "district_en": "Kutaisi", "district_ka": "ქუთაისი", "precinct": 1.0, "name_en": "Kutaisi - 1", "name_ka": "ქუთაისი - 1" }, "geometry": { "type": "Point", "coordinates": [ 42.718813419342041, 42.20216828510069 ] } },
{ "type": "Feature", "properties": { "id": 59002, "district_en": "Kutaisi", "district_ka": "ქუთაისი", "precinct": 2.0, "name_en": "Kutaisi - 2", "name_ka": "ქუთაისი - 2" }, "geometry": { "type": "Point", "coordinates": [ 42.711846, 42.234096 ] } },
{ "type": "Feature", "properties": { "id": 59003, "district_en": "Kutaisi", "district_ka": "ქუთაისი", "precinct": 3.0, "name_en": "Kutaisi - 3", "name_ka": "ქუთაისი - 3" }, "geometry": { "type": "Point", "coordinates": [ 42.712388791291438, 42.240756622033757 ] } },
{ "type": "Feature", "properties": { "id": 59004, "district_en": "Kutaisi", "district_ka": "ქუთაისი", "precinct": 4.0, "name_en": "Kutaisi - 4", "name_ka": "ქუთაისი - 4" }, "geometry": { "type": "Point", "coordinates": [ 42.714191358583108, 42.248880674545077 ] } },
{ "type": "Feature", "properties": { "id": 59005, "district_en": "Kutaisi", "district_ka": "ქუთაისი", "precinct": 5.0, "name_en": "Kutaisi - 5", "name_ka": "ქუთაისი - 5" }, "geometry": { "type": "Point", "coordinates": [ 42.711957579762277, 42.246571111374521 ] } },
{ "type": "Feature", "properties": { "id": 59006, "district_en": "Kutaisi", "district_ka": "ქუთაისი", "precinct": 6.0, "name_en": "Kutaisi - 6", "name_ka": "ქუთაისი - 6" }, "geometry": { "type": "Point", "coordinates": [ 42.718540120698364, 42.255218972866707 ] } },
{ "type": "Feature", "properties": { "id": 59007, "district_en": "Kutaisi", "district_ka": "ქუთაისი", "precinct": 7.0, "name_en": "Kutaisi - 7", "name_ka": "ქუთაისი - 7" }, "geometry": { "type": "Point", "coordinates": [ 42.71190991173647, 42.257790775006839 ] } },
{ "type": "Feature", "properties": { "id": 59008, "district_en": "Kutaisi", "district_ka": "ქუთაისი", "precinct": 8.0, "name_en": "Kutaisi - 8", "name_ka": "ქუთაისი - 8" }, "geometry": { "type": "Point", "coordinates": [ 42.708774922684469, 42.258868328186956 ] } },
{ "type": "Feature", "properties": { "id": 59009, "district_en": "Kutaisi", "district_ka": "ქუთაისი", "precinct": 9.0, "name_en": "Kutaisi - 9", "name_ka": "ქუთაისი - 9" }, "geometry": { "type": "Point", "coordinates": [ 42.708968918385381, 42.269041378564268 ] } },
{ "type": "Feature", "properties": { "id": 59010, "district_en": "Kutaisi", "district_ka": "ქუთაისი", "precinct": 10.0, "name_en": "Kutaisi - 10", "name_ka": "ქუთაისი - 10" }, "geometry": { "type": "Point", "coordinates": [ 42.713092855434105, 42.264517955299084 ] } },
{ "type": "Feature", "properties": { "id": 59011, "district_en": "Kutaisi", "district_ka": "ქუთაისი", "precinct": 11.0, "name_en": "Kutaisi - 11", "name_ka": "ქუთაისი - 11" }, "geometry": { "type": "Point", "coordinates": [ 42.715782523155212, 42.265650390919731 ] } },
{ "type": "Feature", "properties": { "id": 59012, "district_en": "Kutaisi", "district_ka": "ქუთაისი", "precinct": 12.0, "name_en": "Kutaisi - 12", "name_ka": "ქუთაისი - 12" }, "geometry": { "type": "Point", "coordinates": [ 42.717403489611115, 42.266464406254983 ] } },
{ "type": "Feature", "properties": { "id": 59013, "district_en": "Kutaisi", "district_ka": "ქუთაისი", "precinct": 13.0, "name_en": "Kutaisi - 13", "name_ka": "ქუთაისი - 13" }, "geometry": { "type": "Point", "coordinates": [ 42.722062492844479, 42.271887824022357 ] } },
{ "type": "Feature", "properties": { "id": 59014, "district_en": "Kutaisi", "district_ka": "ქუთაისი", "precinct": 14.0, "name_en": "Kutaisi - 14", "name_ka": "ქუთაისი - 14" }, "geometry": { "type": "Point", "coordinates": [ 42.713920023278803, 42.272941285632122 ] } },
{ "type": "Feature", "properties": { "id": 59015, "district_en": "Kutaisi", "district_ka": "ქუთაისი", "precinct": 15.0, "name_en": "Kutaisi - 15", "name_ka": "ქუთაისი - 15" }, "geometry": { "type": "Point", "coordinates": [ 42.709541970114124, 42.264331419874381 ] } },
{ "type": "Feature", "properties": { "id": 59016, "district_en": "Kutaisi", "district_ka": "ქუთაისი", "precinct": 16.0, "name_en": "Kutaisi - 16", "name_ka": "ქუთაისი - 16" }, "geometry": { "type": "Point", "coordinates": [ 42.703081107518081, 42.269550288395699 ] } },
{ "type": "Feature", "properties": { "id": 59017, "district_en": "Kutaisi", "district_ka": "ქუთაისი", "precinct": 17.0, "name_en": "Kutaisi - 17", "name_ka": "ქუთაისი - 17" }, "geometry": { "type": "Point", "coordinates": [ 42.70119523240205, 42.270532909591878 ] } },
{ "type": "Feature", "properties": { "id": 59018, "district_en": "Kutaisi", "district_ka": "ქუთაისი", "precinct": 18.0, "name_en": "Kutaisi - 18", "name_ka": "ქუთაისი - 18" }, "geometry": { "type": "Point", "coordinates": [ 42.708098199999981, 42.275272615048458 ] } },
{ "type": "Feature", "properties": { "id": 59019, "district_en": "Kutaisi", "district_ka": "ქუთაისი", "precinct": 19.0, "name_en": "Kutaisi - 19", "name_ka": "ქუთაისი - 19" }, "geometry": { "type": "Point", "coordinates": [ 42.70839450789984, 42.312056144745007 ] } },
{ "type": "Feature", "properties": { "id": 59020, "district_en": "Kutaisi", "district_ka": "ქუთაისი", "precinct": 20.0, "name_en": "Kutaisi - 20", "name_ka": "ქუთაისი - 20" }, "geometry": { "type": "Point", "coordinates": [ 42.712938811230316, 42.280529911151739 ] } },
{ "type": "Feature", "properties": { "id": 59021, "district_en": "Kutaisi", "district_ka": "ქუთაისი", "precinct": 21.0, "name_en": "Kutaisi - 21", "name_ka": "ქუთაისი - 21" }, "geometry": { "type": "Point", "coordinates": [ 42.700628903704789, 42.277981944407671 ] } },
{ "type": "Feature", "properties": { "id": 59022, "district_en": "Kutaisi", "district_ka": "ქუთაისი", "precinct": 22.0, "name_en": "Kutaisi - 22", "name_ka": "ქუთაისი - 22" }, "geometry": { "type": "Point", "coordinates": [ 42.693678046032687, 42.271487474631442 ] } },
{ "type": "Feature", "properties": { "id": 59023, "district_en": "Kutaisi", "district_ka": "ქუთაისი", "precinct": 23.0, "name_en": "Kutaisi - 23", "name_ka": "ქუთაისი - 23" }, "geometry": { "type": "Point", "coordinates": [ 42.697650374729847, 42.265133014363798 ] } },
{ "type": "Feature", "properties": { "id": 59024, "district_en": "Kutaisi", "district_ka": "ქუთაისი", "precinct": 24.0, "name_en": "Kutaisi - 24", "name_ka": "ქუთაისი - 24" }, "geometry": { "type": "Point", "coordinates": [ 42.687347181427199, 42.264824461132903 ] } },
{ "type": "Feature", "properties": { "id": 59025, "district_en": "Kutaisi", "district_ka": "ქუთაისი", "precinct": 25.0, "name_en": "Kutaisi - 25", "name_ka": "ქუთაისი - 25" }, "geometry": { "type": "Point", "coordinates": [ 42.687204119412606, 42.264391653212343 ] } },
{ "type": "Feature", "properties": { "id": 59026, "district_en": "Kutaisi", "district_ka": "ქუთაისი", "precinct": 26.0, "name_en": "Kutaisi - 26", "name_ka": "ქუთაისი - 26" }, "geometry": { "type": "Point", "coordinates": [ 42.679666702059343, 42.268024382739362 ] } },
{ "type": "Feature", "properties": { "id": 59027, "district_en": "Kutaisi", "district_ka": "ქუთაისი", "precinct": 27.0, "name_en": "Kutaisi - 27", "name_ka": "ქუთაისი - 27" }, "geometry": { "type": "Point", "coordinates": [ 42.672619695314758, 42.25961543187416 ] } },
{ "type": "Feature", "properties": { "id": 59028, "district_en": "Kutaisi", "district_ka": "ქუთაისი", "precinct": 28.0, "name_en": "Kutaisi - 28", "name_ka": "ქუთაისი - 28" }, "geometry": { "type": "Point", "coordinates": [ 42.676258629614964, 42.266243167560546 ] } },
{ "type": "Feature", "properties": { "id": 59029, "district_en": "Kutaisi", "district_ka": "ქუთაისი", "precinct": 29.0, "name_en": "Kutaisi - 29", "name_ka": "ქუთაისი - 29" }, "geometry": { "type": "Point", "coordinates": [ 42.672395334987641, 42.266009839203996 ] } },
{ "type": "Feature", "properties": { "id": 59030, "district_en": "Kutaisi", "district_ka": "ქუთაისი", "precinct": 30.0, "name_en": "Kutaisi - 30", "name_ka": "ქუთაისი - 30" }, "geometry": { "type": "Point", "coordinates": [ 42.676351781452652, 42.266338612873668 ] } },
{ "type": "Feature", "properties": { "id": 59031, "district_en": "Kutaisi", "district_ka": "ქუთაისი", "precinct": 31.0, "name_en": "Kutaisi - 31", "name_ka": "ქუთაისი - 31" }, "geometry": { "type": "Point", "coordinates": [ 42.670191369314757, 42.262085742260183 ] } },
{ "type": "Feature", "properties": { "id": 59032, "district_en": "Kutaisi", "district_ka": "ქუთაისი", "precinct": 32.0, "name_en": "Kutaisi - 32", "name_ka": "ქუთაისი - 32" }, "geometry": { "type": "Point", "coordinates": [ 42.674168358335862, 42.256919652022333 ] } },
{ "type": "Feature", "properties": { "id": 59033, "district_en": "Kutaisi", "district_ka": "ქუთაისი", "precinct": 33.0, "name_en": "Kutaisi - 33", "name_ka": "ქუთაისი - 33" }, "geometry": { "type": "Point", "coordinates": [ 42.671455739390915, 42.25886143254332 ] } },
{ "type": "Feature", "properties": { "id": 59034, "district_en": "Kutaisi", "district_ka": "ქუთაისი", "precinct": 34.0, "name_en": "Kutaisi - 34", "name_ka": "ქუთაისი - 34" }, "geometry": { "type": "Point", "coordinates": [ 42.658656904893526, 42.261775722875107 ] } },
{ "type": "Feature", "properties": { "id": 59035, "district_en": "Kutaisi", "district_ka": "ქუთაისი", "precinct": 35.0, "name_en": "Kutaisi - 35", "name_ka": "ქუთაისი - 35" }, "geometry": { "type": "Point", "coordinates": [ 42.646352390213018, 42.265689256292497 ] } },
{ "type": "Feature", "properties": { "id": 59036, "district_en": "Kutaisi", "district_ka": "ქუთაისი", "precinct": 36.0, "name_en": "Kutaisi - 36", "name_ka": "ქუთაისი - 36" }, "geometry": { "type": "Point", "coordinates": [ 42.646875265606674, 42.261707880411429 ] } },
{ "type": "Feature", "properties": { "id": 59037, "district_en": "Kutaisi", "district_ka": "ქუთაისი", "precinct": 37.0, "name_en": "Kutaisi - 37", "name_ka": "ქუთაისი - 37" }, "geometry": { "type": "Point", "coordinates": [ 42.636126031819359, 42.259380619410337 ] } },
{ "type": "Feature", "properties": { "id": 59038, "district_en": "Kutaisi", "district_ka": "ქუთაისი", "precinct": 38.0, "name_en": "Kutaisi - 38", "name_ka": "ქუთაისი - 38" }, "geometry": { "type": "Point", "coordinates": [ 42.620298544793918, 42.256638761993095 ] } },
{ "type": "Feature", "properties": { "id": 59039, "district_en": "Kutaisi", "district_ka": "ქუთაისი", "precinct": 39.0, "name_en": "Kutaisi - 39", "name_ka": "ქუთაისი - 39" }, "geometry": { "type": "Point", "coordinates": [ 42.612515653484373, 42.256816087299399 ] } },
{ "type": "Feature", "properties": { "id": 59040, "district_en": "Kutaisi", "district_ka": "ქუთაისი", "precinct": 40.0, "name_en": "Kutaisi - 40", "name_ka": "ქუთაისი - 40" }, "geometry": { "type": "Point", "coordinates": [ 42.619364469619754, 42.25654406229765 ] } },
{ "type": "Feature", "properties": { "id": 59041, "district_en": "Kutaisi", "district_ka": "ქუთაისი", "precinct": 41.0, "name_en": "Kutaisi - 41", "name_ka": "ქუთაისი - 41" }, "geometry": { "type": "Point", "coordinates": [ 42.631700864279161, 42.258871835879063 ] } },
{ "type": "Feature", "properties": { "id": 59042, "district_en": "Kutaisi", "district_ka": "ქუთაისი", "precinct": 42.0, "name_en": "Kutaisi - 42", "name_ka": "ქუთაისი - 42" }, "geometry": { "type": "Point", "coordinates": [ 42.640237343516567, 42.256451189669662 ] } },
{ "type": "Feature", "properties": { "id": 59043, "district_en": "Kutaisi", "district_ka": "ქუთაისი", "precinct": 43.0, "name_en": "Kutaisi - 43", "name_ka": "ქუთაისი - 43" }, "geometry": { "type": "Point", "coordinates": [ 42.645013471194481, 42.256972994372589 ] } },
{ "type": "Feature", "properties": { "id": 59044, "district_en": "Kutaisi", "district_ka": "ქუთაისი", "precinct": 44.0, "name_en": "Kutaisi - 44", "name_ka": "ქუთაისი - 44" }, "geometry": { "type": "Point", "coordinates": [ 42.648939578959698, 42.259393374866519 ] } },
{ "type": "Feature", "properties": { "id": 59045, "district_en": "Kutaisi", "district_ka": "ქუთაისი", "precinct": 45.0, "name_en": "Kutaisi - 45", "name_ka": "ქუთაისი - 45" }, "geometry": { "type": "Point", "coordinates": [ 42.649338841438293, 42.25807545426332 ] } },
{ "type": "Feature", "properties": { "id": 59046, "district_en": "Kutaisi", "district_ka": "ქუთაისი", "precinct": 46.0, "name_en": "Kutaisi - 46", "name_ka": "ქუთაისი - 46" }, "geometry": { "type": "Point", "coordinates": [ 42.663356244249698, 42.252243049968911 ] } },
{ "type": "Feature", "properties": { "id": 59047, "district_en": "Kutaisi", "district_ka": "ქუთაისი", "precinct": 47.0, "name_en": "Kutaisi - 47", "name_ka": "ქუთაისი - 47" }, "geometry": { "type": "Point", "coordinates": [ 42.665896100872033, 42.23861091024839 ] } },
{ "type": "Feature", "properties": { "id": 59048, "district_en": "Kutaisi", "district_ka": "ქუთაისი", "precinct": 48.0, "name_en": "Kutaisi - 48", "name_ka": "ქუთაისი - 48" }, "geometry": { "type": "Point", "coordinates": [ 42.665464265220635, 42.238533464852004 ] } },
{ "type": "Feature", "properties": { "id": 59049, "district_en": "Kutaisi", "district_ka": "ქუთაისი", "precinct": 49.0, "name_en": "Kutaisi - 49", "name_ka": "ქუთაისი - 49" }, "geometry": { "type": "Point", "coordinates": [ 42.663090436176262, 42.235403235083815 ] } },
{ "type": "Feature", "properties": { "id": 59050, "district_en": "Kutaisi", "district_ka": "ქუთაისი", "precinct": 50.0, "name_en": "Kutaisi - 50", "name_ka": "ქუთაისი - 50" }, "geometry": { "type": "Point", "coordinates": [ 42.686225016145741, 42.247758168593755 ] } },
{ "type": "Feature", "properties": { "id": 59051, "district_en": "Kutaisi", "district_ka": "ქუთაისი", "precinct": 51.0, "name_en": "Kutaisi - 51", "name_ka": "ქუთაისი - 51" }, "geometry": { "type": "Point", "coordinates": [ 42.675409009956375, 42.233721193473698 ] } },
{ "type": "Feature", "properties": { "id": 59052, "district_en": "Kutaisi", "district_ka": "ქუთაისი", "precinct": 52.0, "name_en": "Kutaisi - 52", "name_ka": "ქუთაისი - 52" }, "geometry": { "type": "Point", "coordinates": [ 42.675130060218827, 42.23352259995702 ] } },
{ "type": "Feature", "properties": { "id": 59053, "district_en": "Kutaisi", "district_ka": "ქუთაისი", "precinct": 53.0, "name_en": "Kutaisi - 53", "name_ka": "ქუთაისი - 53" }, "geometry": { "type": "Point", "coordinates": [ 42.673703969311504, 42.233455371814905 ] } },
{ "type": "Feature", "properties": { "id": 59054, "district_en": "Kutaisi", "district_ka": "ქუთაისი", "precinct": 54.0, "name_en": "Kutaisi - 54", "name_ka": "ქუთაისი - 54" }, "geometry": { "type": "Point", "coordinates": [ 42.676470584655767, 42.241480673369679 ] } },
{ "type": "Feature", "properties": { "id": 59055, "district_en": "Kutaisi", "district_ka": "ქუთაისი", "precinct": 55.0, "name_en": "Kutaisi - 55", "name_ka": "ქუთაისი - 55" }, "geometry": { "type": "Point", "coordinates": [ 42.678939700126648, 42.244499431304078 ] } },
{ "type": "Feature", "properties": { "id": 59056, "district_en": "Kutaisi", "district_ka": "ქუთაისი", "precinct": 56.0, "name_en": "Kutaisi - 56", "name_ka": "ქუთაისი - 56" }, "geometry": { "type": "Point", "coordinates": [ 42.682429209192669, 42.243498128751384 ] } },
{ "type": "Feature", "properties": { "id": 59057, "district_en": "Kutaisi", "district_ka": "ქუთაისი", "precinct": 57.0, "name_en": "Kutaisi - 57", "name_ka": "ქუთაისი - 57" }, "geometry": { "type": "Point", "coordinates": [ 42.68537700176239, 42.230531225201858 ] } },
{ "type": "Feature", "properties": { "id": 59058, "district_en": "Kutaisi", "district_ka": "ქუთაისი", "precinct": 58.0, "name_en": "Kutaisi - 58", "name_ka": "ქუთაისი - 58" }, "geometry": { "type": "Point", "coordinates": [ 42.687512040138245, 42.228664327124967 ] } },
{ "type": "Feature", "properties": { "id": 59059, "district_en": "Kutaisi", "district_ka": "ქუთაისი", "precinct": 59.0, "name_en": "Kutaisi - 59", "name_ka": "ქუთაისი - 59" }, "geometry": { "type": "Point", "coordinates": [ 42.689194372352617, 42.233987353384116 ] } },
{ "type": "Feature", "properties": { "id": 59060, "district_en": "Kutaisi", "district_ka": "ქუთაისი", "precinct": 60.0, "name_en": "Kutaisi - 60", "name_ka": "ქუთაისი - 60" }, "geometry": { "type": "Point", "coordinates": [ 42.690564393997192, 42.236993443845783 ] } },
{ "type": "Feature", "properties": { "id": 59061, "district_en": "Kutaisi", "district_ka": "ქუთაისი", "precinct": 61.0, "name_en": "Kutaisi - 61", "name_ka": "ქუთაისი - 61" }, "geometry": { "type": "Point", "coordinates": [ 42.692897915840149, 42.245480306551812 ] } },
{ "type": "Feature", "properties": { "id": 59062, "district_en": "Kutaisi", "district_ka": "ქუთაისი", "precinct": 62.0, "name_en": "Kutaisi - 62", "name_ka": "ქუთაისი - 62" }, "geometry": { "type": "Point", "coordinates": [ 42.694099545478821, 42.249649848934297 ] } },
{ "type": "Feature", "properties": { "id": 59063, "district_en": "Kutaisi", "district_ka": "ქუთაისი", "precinct": 63.0, "name_en": "Kutaisi - 63", "name_ka": "ქუთაისი - 63" }, "geometry": { "type": "Point", "coordinates": [ 42.701411247253418, 42.260409965716782 ] } },
{ "type": "Feature", "properties": { "id": 59064, "district_en": "Kutaisi", "district_ka": "ქუთაისი", "precinct": 64.0, "name_en": "Kutaisi - 64", "name_ka": "ქუთაისი - 64" }, "geometry": { "type": "Point", "coordinates": [ 42.689765249155293, 42.253453770879894 ] } },
{ "type": "Feature", "properties": { "id": 59065, "district_en": "Kutaisi", "district_ka": "ქუთაისი", "precinct": 65.0, "name_en": "Kutaisi - 65", "name_ka": "ქუთაისი - 65" }, "geometry": { "type": "Point", "coordinates": [ 42.694008350372314, 42.258139972110108 ] } },
{ "type": "Feature", "properties": { "id": 59066, "district_en": "Kutaisi", "district_ka": "ქუთაისი", "precinct": 66.0, "name_en": "Kutaisi - 66", "name_ka": "ქუთაისი - 66" }, "geometry": { "type": "Point", "coordinates": [ 42.6904195, 42.261208 ] } },
{ "type": "Feature", "properties": { "id": 59067, "district_en": "Kutaisi", "district_ka": "ქუთაისი", "precinct": 67.0, "name_en": "Kutaisi - 67", "name_ka": "ქუთაისი - 67" }, "geometry": { "type": "Point", "coordinates": [ 42.684924447637933, 42.254195844805359 ] } },
{ "type": "Feature", "properties": { "id": 59068, "district_en": "Kutaisi", "district_ka": "ქუთაისი", "precinct": 68.0, "name_en": "Kutaisi - 68", "name_ka": "ქუთაისი - 68" }, "geometry": { "type": "Point", "coordinates": [ 42.682361603041031, 42.252584029285416 ] } },
{ "type": "Feature", "properties": { "id": 59069, "district_en": "Kutaisi", "district_ka": "ქუთაისი", "precinct": 69.0, "name_en": "Kutaisi - 69", "name_ka": "ქუთაისი - 69" }, "geometry": { "type": "Point", "coordinates": [ 42.709013947676794, 42.279535437959773 ] } },
{ "type": "Feature", "properties": { "id": 59070, "district_en": "Kutaisi", "district_ka": "ქუთაისი", "precinct": 70.0, "name_en": "Kutaisi - 70", "name_ka": "ქუთაისი - 70" }, "geometry": { "type": "Point", "coordinates": [ 42.675097740305084, 42.267250534610334 ] } },
{ "type": "Feature", "properties": { "id": 59071, "district_en": "Kutaisi", "district_ka": "ქუთაისი", "precinct": 71.0, "name_en": "Kutaisi - 71", "name_ka": "ქუთაისი - 71" }, "geometry": { "type": "Point", "coordinates": [ 42.680891150401301, 42.253761473494116 ] } },
{ "type": "Feature", "properties": { "id": 60001, "district_en": "Ozurgeti", "district_ka": "ოზურგეთი", "precinct": 1.0, "name_en": "Ozurgeti - 1", "name_ka": "ოზურგეთი - 1" }, "geometry": { "type": "Point", "coordinates": [ 41.999814013702618, 41.927186746814087 ] } },
{ "type": "Feature", "properties": { "id": 60002, "district_en": "Ozurgeti", "district_ka": "ოზურგეთი", "precinct": 2.0, "name_en": "Ozurgeti - 2", "name_ka": "ოზურგეთი - 2" }, "geometry": { "type": "Point", "coordinates": [ 41.999752267528514, 41.927059964869827 ] } },
{ "type": "Feature", "properties": { "id": 60003, "district_en": "Ozurgeti", "district_ka": "ოზურგეთი", "precinct": 3.0, "name_en": "Ozurgeti - 3", "name_ka": "ოზურგეთი - 3" }, "geometry": { "type": "Point", "coordinates": [ 41.991063782663538, 41.923918243195608 ] } },
{ "type": "Feature", "properties": { "id": 60004, "district_en": "Ozurgeti", "district_ka": "ოზურგეთი", "precinct": 4.0, "name_en": "Ozurgeti - 4", "name_ka": "ოზურგეთი - 4" }, "geometry": { "type": "Point", "coordinates": [ 42.005947230835773, 41.923891014158229 ] } },
{ "type": "Feature", "properties": { "id": 60005, "district_en": "Ozurgeti", "district_ka": "ოზურგეთი", "precinct": 5.0, "name_en": "Ozurgeti - 5", "name_ka": "ოზურგეთი - 5" }, "geometry": { "type": "Point", "coordinates": [ 42.005352633737971, 41.922377660262391 ] } },
{ "type": "Feature", "properties": { "id": 60006, "district_en": "Ozurgeti", "district_ka": "ოზურგეთი", "precinct": 6.0, "name_en": "Ozurgeti - 6", "name_ka": "ოზურგეთი - 6" }, "geometry": { "type": "Point", "coordinates": [ 42.005159587171917, 41.919344788288178 ] } },
{ "type": "Feature", "properties": { "id": 60007, "district_en": "Ozurgeti", "district_ka": "ოზურგეთი", "precinct": 7.0, "name_en": "Ozurgeti - 7", "name_ka": "ოზურგეთი - 7" }, "geometry": { "type": "Point", "coordinates": [ 42.031812858110733, 41.929312002368661 ] } },
{ "type": "Feature", "properties": { "id": 60008, "district_en": "Ozurgeti", "district_ka": "ოზურგეთი", "precinct": 8.0, "name_en": "Ozurgeti - 8", "name_ka": "ოზურგეთი - 8" }, "geometry": { "type": "Point", "coordinates": [ 41.92071408033371, 41.90850528037717 ] } },
{ "type": "Feature", "properties": { "id": 60009, "district_en": "Ozurgeti", "district_ka": "ოზურგეთი", "precinct": 9.0, "name_en": "Ozurgeti - 9", "name_ka": "ოზურგეთი - 9" }, "geometry": { "type": "Point", "coordinates": [ 41.956840753555298, 41.906101890749696 ] } },
{ "type": "Feature", "properties": { "id": 60010, "district_en": "Ozurgeti", "district_ka": "ოზურგეთი", "precinct": 10.0, "name_en": "Ozurgeti - 10", "name_ka": "ოზურგეთი - 10" }, "geometry": { "type": "Point", "coordinates": [ 41.780876363517564, 41.999489140737175 ] } },
{ "type": "Feature", "properties": { "id": 60011, "district_en": "Ozurgeti", "district_ka": "ოზურგეთი", "precinct": 11.0, "name_en": "Ozurgeti - 11", "name_ka": "ოზურგეთი - 11" }, "geometry": { "type": "Point", "coordinates": [ 41.783048063770948, 41.9637114159991 ] } },
{ "type": "Feature", "properties": { "id": 60012, "district_en": "Ozurgeti", "district_ka": "ოზურგეთი", "precinct": 12.0, "name_en": "Ozurgeti - 12", "name_ka": "ოზურგეთი - 12" }, "geometry": { "type": "Point", "coordinates": [ 42.024030089378357, 41.971910872047978 ] } },
{ "type": "Feature", "properties": { "id": 60013, "district_en": "Ozurgeti", "district_ka": "ოზურგეთი", "precinct": 13.0, "name_en": "Ozurgeti - 13", "name_ka": "ოზურგეთი - 13" }, "geometry": { "type": "Point", "coordinates": [ 42.152794352778642, 41.951772662647755 ] } },
{ "type": "Feature", "properties": { "id": 60014, "district_en": "Ozurgeti", "district_ka": "ოზურგეთი", "precinct": 14.0, "name_en": "Ozurgeti - 14", "name_ka": "ოზურგეთი - 14" }, "geometry": { "type": "Point", "coordinates": [ 41.971592903137207, 41.975296847697216 ] } },
{ "type": "Feature", "properties": { "id": 60015, "district_en": "Ozurgeti", "district_ka": "ოზურგეთი", "precinct": 15.0, "name_en": "Ozurgeti - 15", "name_ka": "ოზურგეთი - 15" }, "geometry": { "type": "Point", "coordinates": [ 42.11279775301427, 41.946991124410985 ] } },
{ "type": "Feature", "properties": { "id": 60016, "district_en": "Ozurgeti", "district_ka": "ოზურგეთი", "precinct": 16.0, "name_en": "Ozurgeti - 16", "name_ka": "ოზურგეთი - 16" }, "geometry": { "type": "Point", "coordinates": [ 42.089937329292297, 41.959813213293039 ] } },
{ "type": "Feature", "properties": { "id": 60017, "district_en": "Ozurgeti", "district_ka": "ოზურგეთი", "precinct": 17.0, "name_en": "Ozurgeti - 17", "name_ka": "ოზურგეთი - 17" }, "geometry": { "type": "Point", "coordinates": [ 42.04022977790985, 41.923986660919319 ] } },
{ "type": "Feature", "properties": { "id": 60018, "district_en": "Ozurgeti", "district_ka": "ოზურგეთი", "precinct": 18.0, "name_en": "Ozurgeti - 18", "name_ka": "ოზურგეთი - 18" }, "geometry": { "type": "Point", "coordinates": [ 41.958970427513123, 41.943248499728554 ] } },
{ "type": "Feature", "properties": { "id": 60019, "district_en": "Ozurgeti", "district_ka": "ოზურგეთი", "precinct": 19.0, "name_en": "Ozurgeti - 19", "name_ka": "ოზურგეთი - 19" }, "geometry": { "type": "Point", "coordinates": [ 42.05735519528389, 41.93364861105993 ] } },
{ "type": "Feature", "properties": { "id": 60020, "district_en": "Ozurgeti", "district_ka": "ოზურგეთი", "precinct": 20.0, "name_en": "Ozurgeti - 20", "name_ka": "ოზურგეთი - 20" }, "geometry": { "type": "Point", "coordinates": [ 42.061543464660645, 41.948024462094509 ] } },
{ "type": "Feature", "properties": { "id": 60021, "district_en": "Ozurgeti", "district_ka": "ოზურგეთი", "precinct": 21.0, "name_en": "Ozurgeti - 21", "name_ka": "ოზურგეთი - 21" }, "geometry": { "type": "Point", "coordinates": [ 42.124634385108948, 41.92101581723017 ] } },
{ "type": "Feature", "properties": { "id": 60022, "district_en": "Ozurgeti", "district_ka": "ოზურგეთი", "precinct": 22.0, "name_en": "Ozurgeti - 22", "name_ka": "ოზურგეთი - 22" }, "geometry": { "type": "Point", "coordinates": [ 41.87389612197876, 41.966374872812239 ] } },
{ "type": "Feature", "properties": { "id": 60023, "district_en": "Ozurgeti", "district_ka": "ოზურგეთი", "precinct": 23.0, "name_en": "Ozurgeti - 23", "name_ka": "ოზურგეთი - 23" }, "geometry": { "type": "Point", "coordinates": [ 41.904425024986267, 41.97515327641252 ] } },
{ "type": "Feature", "properties": { "id": 60024, "district_en": "Ozurgeti", "district_ka": "ოზურგეთი", "precinct": 24.0, "name_en": "Ozurgeti - 24", "name_ka": "ოზურგეთი - 24" }, "geometry": { "type": "Point", "coordinates": [ 42.009657911639394, 41.875372658639932 ] } },
{ "type": "Feature", "properties": { "id": 60025, "district_en": "Ozurgeti", "district_ka": "ოზურგეთი", "precinct": 25.0, "name_en": "Ozurgeti - 25", "name_ka": "ოზურგეთი - 25" }, "geometry": { "type": "Point", "coordinates": [ 42.029238939285278, 41.901145112983571 ] } },
{ "type": "Feature", "properties": { "id": 60026, "district_en": "Ozurgeti", "district_ka": "ოზურგეთი", "precinct": 26.0, "name_en": "Ozurgeti - 26", "name_ka": "ოზურგეთი - 26" }, "geometry": { "type": "Point", "coordinates": [ 42.027753389940578, 41.948730597183982 ] } },
{ "type": "Feature", "properties": { "id": 60027, "district_en": "Ozurgeti", "district_ka": "ოზურგეთი", "precinct": 27.0, "name_en": "Ozurgeti - 27", "name_ka": "ოზურგეთი - 27" }, "geometry": { "type": "Point", "coordinates": [ 41.896190643310547, 41.942278899771352 ] } },
{ "type": "Feature", "properties": { "id": 60028, "district_en": "Ozurgeti", "district_ka": "ოზურგეთი", "precinct": 28.0, "name_en": "Ozurgeti - 28", "name_ka": "ოზურგეთი - 28" }, "geometry": { "type": "Point", "coordinates": [ 41.863435506820679, 41.942246978534399 ] } },
{ "type": "Feature", "properties": { "id": 60029, "district_en": "Ozurgeti", "district_ka": "ოზურგეთი", "precinct": 29.0, "name_en": "Ozurgeti - 29", "name_ka": "ოზურგეთი - 29" }, "geometry": { "type": "Point", "coordinates": [ 42.157577276229858, 41.938877203076991 ] } },
{ "type": "Feature", "properties": { "id": 60030, "district_en": "Ozurgeti", "district_ka": "ოზურგეთი", "precinct": 30.0, "name_en": "Ozurgeti - 30", "name_ka": "ოზურგეთი - 30" }, "geometry": { "type": "Point", "coordinates": [ 42.101749777793884, 41.999687302058568 ] } },
{ "type": "Feature", "properties": { "id": 60031, "district_en": "Ozurgeti", "district_ka": "ოზურგეთი", "precinct": 31.0, "name_en": "Ozurgeti - 31", "name_ka": "ოზურგეთი - 31" }, "geometry": { "type": "Point", "coordinates": [ 41.814727253461605, 41.938886631353142 ] } },
{ "type": "Feature", "properties": { "id": 60032, "district_en": "Ozurgeti", "district_ka": "ოზურგეთი", "precinct": 32.0, "name_en": "Ozurgeti - 32", "name_ka": "ოზურგეთი - 32" }, "geometry": { "type": "Point", "coordinates": [ 41.839740872383118, 41.966239258725018 ] } },
{ "type": "Feature", "properties": { "id": 60033, "district_en": "Ozurgeti", "district_ka": "ოზურგეთი", "precinct": 33.0, "name_en": "Ozurgeti - 33", "name_ka": "ოზურგეთი - 33" }, "geometry": { "type": "Point", "coordinates": [ 41.981919407844543, 41.938651746972035 ] } },
{ "type": "Feature", "properties": { "id": 60034, "district_en": "Ozurgeti", "district_ka": "ოზურგეთი", "precinct": 34.0, "name_en": "Ozurgeti - 34", "name_ka": "ოზურგეთი - 34" }, "geometry": { "type": "Point", "coordinates": [ 41.999439597129822, 42.00141744518276 ] } },
{ "type": "Feature", "properties": { "id": 60035, "district_en": "Ozurgeti", "district_ka": "ოზურგეთი", "precinct": 35.0, "name_en": "Ozurgeti - 35", "name_ka": "ოზურგეთი - 35" }, "geometry": { "type": "Point", "coordinates": [ 42.067079544067383, 41.908908498012671 ] } },
{ "type": "Feature", "properties": { "id": 60036, "district_en": "Ozurgeti", "district_ka": "ოზურგეთი", "precinct": 36.0, "name_en": "Ozurgeti - 36", "name_ka": "ოზურგეთი - 36" }, "geometry": { "type": "Point", "coordinates": [ 42.030783891677856, 41.915072220842262 ] } },
{ "type": "Feature", "properties": { "id": 60037, "district_en": "Ozurgeti", "district_ka": "ოზურგეთი", "precinct": 37.0, "name_en": "Ozurgeti - 37", "name_ka": "ოზურგეთი - 37" }, "geometry": { "type": "Point", "coordinates": [ 41.841256673946063, 41.985248301931094 ] } },
{ "type": "Feature", "properties": { "id": 60038, "district_en": "Ozurgeti", "district_ka": "ოზურგეთი", "precinct": 38.0, "name_en": "Ozurgeti - 38", "name_ka": "ოზურგეთი - 38" }, "geometry": { "type": "Point", "coordinates": [ 41.826375778331439, 42.003683663418919 ] } },
{ "type": "Feature", "properties": { "id": 60039, "district_en": "Ozurgeti", "district_ka": "ოზურგეთი", "precinct": 39.0, "name_en": "Ozurgeti - 39", "name_ka": "ოზურგეთი - 39" }, "geometry": { "type": "Point", "coordinates": [ 42.078452110290527, 41.92979647770246 ] } },
{ "type": "Feature", "properties": { "id": 60040, "district_en": "Ozurgeti", "district_ka": "ოზურგეთი", "precinct": 40.0, "name_en": "Ozurgeti - 40", "name_ka": "ოზურგეთი - 40" }, "geometry": { "type": "Point", "coordinates": [ 42.055926918983459, 42.007608101937961 ] } },
{ "type": "Feature", "properties": { "id": 60041, "district_en": "Ozurgeti", "district_ka": "ოზურგეთი", "precinct": 41.0, "name_en": "Ozurgeti - 41", "name_ka": "ოზურგეთი - 41" }, "geometry": { "type": "Point", "coordinates": [ 41.982948096124943, 41.868824651782951 ] } },
{ "type": "Feature", "properties": { "id": 60042, "district_en": "Ozurgeti", "district_ka": "ოზურგეთი", "precinct": 42.0, "name_en": "Ozurgeti - 42", "name_ka": "ოზურგეთი - 42" }, "geometry": { "type": "Point", "coordinates": [ 41.965643763542175, 42.009485509827115 ] } },
{ "type": "Feature", "properties": { "id": 60043, "district_en": "Ozurgeti", "district_ka": "ოზურგეთი", "precinct": 43.0, "name_en": "Ozurgeti - 43", "name_ka": "ოზურგეთი - 43" }, "geometry": { "type": "Point", "coordinates": [ 41.976182726746508, 41.906233608244982 ] } },
{ "type": "Feature", "properties": { "id": 60044, "district_en": "Ozurgeti", "district_ka": "ოზურგეთი", "precinct": 44.0, "name_en": "Ozurgeti - 44", "name_ka": "ოზურგეთი - 44" }, "geometry": { "type": "Point", "coordinates": [ 41.867161448611895, 42.002152902458164 ] } },
{ "type": "Feature", "properties": { "id": 60045, "district_en": "Ozurgeti", "district_ka": "ოზურგეთი", "precinct": 45.0, "name_en": "Ozurgeti - 45", "name_ka": "ოზურგეთი - 45" }, "geometry": { "type": "Point", "coordinates": [ 41.8137127161026, 41.949153563811635 ] } },
{ "type": "Feature", "properties": { "id": 61001, "district_en": "Lanchkhuti", "district_ka": "ლანჩხუთი", "precinct": 1.0, "name_en": "Lanchkhuti - 1", "name_ka": "ლანჩხუთი - 1" }, "geometry": { "type": "Point", "coordinates": [ 42.03322, 42.07984 ] } },
{ "type": "Feature", "properties": { "id": 61002, "district_en": "Lanchkhuti", "district_ka": "ლანჩხუთი", "precinct": 2.0, "name_en": "Lanchkhuti - 2", "name_ka": "ლანჩხუთი - 2" }, "geometry": { "type": "Point", "coordinates": [ 42.02443, 42.09184 ] } },
{ "type": "Feature", "properties": { "id": 61003, "district_en": "Lanchkhuti", "district_ka": "ლანჩხუთი", "precinct": 3.0, "name_en": "Lanchkhuti - 3", "name_ka": "ლანჩხუთი - 3" }, "geometry": { "type": "Point", "coordinates": [ 42.03805, 42.08641 ] } },
{ "type": "Feature", "properties": { "id": 61004, "district_en": "Lanchkhuti", "district_ka": "ლანჩხუთი", "precinct": 4.0, "name_en": "Lanchkhuti - 4", "name_ka": "ლანჩხუთი - 4" }, "geometry": { "type": "Point", "coordinates": [ 42.09423, 42.03974 ] } },
{ "type": "Feature", "properties": { "id": 61005, "district_en": "Lanchkhuti", "district_ka": "ლანჩხუთი", "precinct": 5.0, "name_en": "Lanchkhuti - 5", "name_ka": "ლანჩხუთი - 5" }, "geometry": { "type": "Point", "coordinates": [ 42.12071, 42.03235 ] } },
{ "type": "Feature", "properties": { "id": 61006, "district_en": "Lanchkhuti", "district_ka": "ლანჩხუთი", "precinct": 6.0, "name_en": "Lanchkhuti - 6", "name_ka": "ლანჩხუთი - 6" }, "geometry": { "type": "Point", "coordinates": [ 42.06577, 42.05031 ] } },
{ "type": "Feature", "properties": { "id": 61007, "district_en": "Lanchkhuti", "district_ka": "ლანჩხუთი", "precinct": 7.0, "name_en": "Lanchkhuti - 7", "name_ka": "ლანჩხუთი - 7" }, "geometry": { "type": "Point", "coordinates": [ 42.02133, 42.09041 ] } },
{ "type": "Feature", "properties": { "id": 61008, "district_en": "Lanchkhuti", "district_ka": "ლანჩხუთი", "precinct": 8.0, "name_en": "Lanchkhuti - 8", "name_ka": "ლანჩხუთი - 8" }, "geometry": { "type": "Point", "coordinates": [ 41.96167, 42.0835 ] } },
{ "type": "Feature", "properties": { "id": 61009, "district_en": "Lanchkhuti", "district_ka": "ლანჩხუთი", "precinct": 9.0, "name_en": "Lanchkhuti - 9", "name_ka": "ლანჩხუთი - 9" }, "geometry": { "type": "Point", "coordinates": [ 42.03244, 42.01683 ] } },
{ "type": "Feature", "properties": { "id": 61010, "district_en": "Lanchkhuti", "district_ka": "ლანჩხუთი", "precinct": 10.0, "name_en": "Lanchkhuti - 10", "name_ka": "ლანჩხუთი - 10" }, "geometry": { "type": "Point", "coordinates": [ 42.02956, 42.08156 ] } },
{ "type": "Feature", "properties": { "id": 61011, "district_en": "Lanchkhuti", "district_ka": "ლანჩხუთი", "precinct": 11.0, "name_en": "Lanchkhuti - 11", "name_ka": "ლანჩხუთი - 11" }, "geometry": { "type": "Point", "coordinates": [ 41.91389, 42.07199 ] } },
{ "type": "Feature", "properties": { "id": 61012, "district_en": "Lanchkhuti", "district_ka": "ლანჩხუთი", "precinct": 12.0, "name_en": "Lanchkhuti - 12", "name_ka": "ლანჩხუთი - 12" }, "geometry": { "type": "Point", "coordinates": [ 41.87781, 42.06418 ] } },
{ "type": "Feature", "properties": { "id": 61013, "district_en": "Lanchkhuti", "district_ka": "ლანჩხუთი", "precinct": 13.0, "name_en": "Lanchkhuti - 13", "name_ka": "ლანჩხუთი - 13" }, "geometry": { "type": "Point", "coordinates": [ 42.101943923948035, 42.080452919720599 ] } },
{ "type": "Feature", "properties": { "id": 61014, "district_en": "Lanchkhuti", "district_ka": "ლანჩხუთი", "precinct": 14.0, "name_en": "Lanchkhuti - 14", "name_ka": "ლანჩხუთი - 14" }, "geometry": { "type": "Point", "coordinates": [ 42.17046, 42.08844 ] } },
{ "type": "Feature", "properties": { "id": 61015, "district_en": "Lanchkhuti", "district_ka": "ლანჩხუთი", "precinct": 15.0, "name_en": "Lanchkhuti - 15", "name_ka": "ლანჩხუთი - 15" }, "geometry": { "type": "Point", "coordinates": [ 42.122531084655783, 42.084782230386459 ] } },
{ "type": "Feature", "properties": { "id": 61016, "district_en": "Lanchkhuti", "district_ka": "ლანჩხუთი", "precinct": 16.0, "name_en": "Lanchkhuti - 16", "name_ka": "ლანჩხუთი - 16" }, "geometry": { "type": "Point", "coordinates": [ 42.1434, 42.08676 ] } },
{ "type": "Feature", "properties": { "id": 61017, "district_en": "Lanchkhuti", "district_ka": "ლანჩხუთი", "precinct": 17.0, "name_en": "Lanchkhuti - 17", "name_ka": "ლანჩხუთი - 17" }, "geometry": { "type": "Point", "coordinates": [ 41.93783, 42.0403 ] } },
{ "type": "Feature", "properties": { "id": 61018, "district_en": "Lanchkhuti", "district_ka": "ლანჩხუთი", "precinct": 18.0, "name_en": "Lanchkhuti - 18", "name_ka": "ლანჩხუთი - 18" }, "geometry": { "type": "Point", "coordinates": [ 41.8409, 42.0547 ] } },
{ "type": "Feature", "properties": { "id": 61019, "district_en": "Lanchkhuti", "district_ka": "ლანჩხუთი", "precinct": 19.0, "name_en": "Lanchkhuti - 19", "name_ka": "ლანჩხუთი - 19" }, "geometry": { "type": "Point", "coordinates": [ 41.81607, 42.04588 ] } },
{ "type": "Feature", "properties": { "id": 61020, "district_en": "Lanchkhuti", "district_ka": "ლანჩხუთი", "precinct": 20.0, "name_en": "Lanchkhuti - 20", "name_ka": "ლანჩხუთი - 20" }, "geometry": { "type": "Point", "coordinates": [ 41.81189, 42.04116 ] } },
{ "type": "Feature", "properties": { "id": 61021, "district_en": "Lanchkhuti", "district_ka": "ლანჩხუთი", "precinct": 21.0, "name_en": "Lanchkhuti - 21", "name_ka": "ლანჩხუთი - 21" }, "geometry": { "type": "Point", "coordinates": [ 41.818827119872971, 42.033134642792682 ] } },
{ "type": "Feature", "properties": { "id": 61022, "district_en": "Lanchkhuti", "district_ka": "ლანჩხუთი", "precinct": 22.0, "name_en": "Lanchkhuti - 22", "name_ka": "ლანჩხუთი - 22" }, "geometry": { "type": "Point", "coordinates": [ 41.78404, 42.01526 ] } },
{ "type": "Feature", "properties": { "id": 61023, "district_en": "Lanchkhuti", "district_ka": "ლანჩხუთი", "precinct": 23.0, "name_en": "Lanchkhuti - 23", "name_ka": "ლანჩხუთი - 23" }, "geometry": { "type": "Point", "coordinates": [ 42.053120226880807, 42.077170053903011 ] } },
{ "type": "Feature", "properties": { "id": 61024, "district_en": "Lanchkhuti", "district_ka": "ლანჩხუთი", "precinct": 24.0, "name_en": "Lanchkhuti - 24", "name_ka": "ლანჩხუთი - 24" }, "geometry": { "type": "Point", "coordinates": [ 41.98376, 42.08297 ] } },
{ "type": "Feature", "properties": { "id": 61025, "district_en": "Lanchkhuti", "district_ka": "ლანჩხუთი", "precinct": 25.0, "name_en": "Lanchkhuti - 25", "name_ka": "ლანჩხუთი - 25" }, "geometry": { "type": "Point", "coordinates": [ 41.92048, 42.02137 ] } },
{ "type": "Feature", "properties": { "id": 61026, "district_en": "Lanchkhuti", "district_ka": "ლანჩხუთი", "precinct": 26.0, "name_en": "Lanchkhuti - 26", "name_ka": "ლანჩხუთი - 26" }, "geometry": { "type": "Point", "coordinates": [ 41.87775, 42.01447 ] } },
{ "type": "Feature", "properties": { "id": 61027, "district_en": "Lanchkhuti", "district_ka": "ლანჩხუთი", "precinct": 27.0, "name_en": "Lanchkhuti - 27", "name_ka": "ლანჩხუთი - 27" }, "geometry": { "type": "Point", "coordinates": [ 41.8628, 42.03032 ] } },
{ "type": "Feature", "properties": { "id": 61028, "district_en": "Lanchkhuti", "district_ka": "ლანჩხუთი", "precinct": 28.0, "name_en": "Lanchkhuti - 28", "name_ka": "ლანჩხუთი - 28" }, "geometry": { "type": "Point", "coordinates": [ 41.88845, 42.02703 ] } },
{ "type": "Feature", "properties": { "id": 61029, "district_en": "Lanchkhuti", "district_ka": "ლანჩხუთი", "precinct": 29.0, "name_en": "Lanchkhuti - 29", "name_ka": "ლანჩხუთი - 29" }, "geometry": { "type": "Point", "coordinates": [ 41.89049, 42.02083 ] } },
{ "type": "Feature", "properties": { "id": 61030, "district_en": "Lanchkhuti", "district_ka": "ლანჩხუთი", "precinct": 30.0, "name_en": "Lanchkhuti - 30", "name_ka": "ლანჩხუთი - 30" }, "geometry": { "type": "Point", "coordinates": [ 41.95533, 42.05506 ] } },
{ "type": "Feature", "properties": { "id": 61031, "district_en": "Lanchkhuti", "district_ka": "ლანჩხუთი", "precinct": 31.0, "name_en": "Lanchkhuti - 31", "name_ka": "ლანჩხუთი - 31" }, "geometry": { "type": "Point", "coordinates": [ 41.93813, 42.07083 ] } },
{ "type": "Feature", "properties": { "id": 62001, "district_en": "Chokhatauri", "district_ka": "ჩოხატაური", "precinct": 1.0, "name_en": "Chokhatauri - 1", "name_ka": "ჩოხატაური - 1" }, "geometry": { "type": "Point", "coordinates": [ 42.241138815879822, 42.020552453857803 ] } },
{ "type": "Feature", "properties": { "id": 62002, "district_en": "Chokhatauri", "district_ka": "ჩოხატაური", "precinct": 2.0, "name_en": "Chokhatauri - 2", "name_ka": "ჩოხატაური - 2" }, "geometry": { "type": "Point", "coordinates": [ 42.290936464612763, 42.002413434236082 ] } },
{ "type": "Feature", "properties": { "id": 62003, "district_en": "Chokhatauri", "district_ka": "ჩოხატაური", "precinct": 3.0, "name_en": "Chokhatauri - 3", "name_ka": "ჩოხატაური - 3" }, "geometry": { "type": "Point", "coordinates": [ 42.189485918762479, 42.037947578338915 ] } },
{ "type": "Feature", "properties": { "id": 62004, "district_en": "Chokhatauri", "district_ka": "ჩოხატაური", "precinct": 4.0, "name_en": "Chokhatauri - 4", "name_ka": "ჩოხატაური - 4" }, "geometry": { "type": "Point", "coordinates": [ 42.22644567489624, 42.030344525828248 ] } },
{ "type": "Feature", "properties": { "id": 62005, "district_en": "Chokhatauri", "district_ka": "ჩოხატაური", "precinct": 5.0, "name_en": "Chokhatauri - 5", "name_ka": "ჩოხატაური - 5" }, "geometry": { "type": "Point", "coordinates": [ 42.20493554708159, 42.004188288756275 ] } },
{ "type": "Feature", "properties": { "id": 62006, "district_en": "Chokhatauri", "district_ka": "ჩოხატაური", "precinct": 6.0, "name_en": "Chokhatauri - 6", "name_ka": "ჩოხატაური - 6" }, "geometry": { "type": "Point", "coordinates": [ 42.247245223021835, 42.001530899382317 ] } },
{ "type": "Feature", "properties": { "id": 62007, "district_en": "Chokhatauri", "district_ka": "ჩოხატაური", "precinct": 7.0, "name_en": "Chokhatauri - 7", "name_ka": "ჩოხატაური - 7" }, "geometry": { "type": "Point", "coordinates": [ 42.275278052245199, 42.010204094485523 ] } },
{ "type": "Feature", "properties": { "id": 62008, "district_en": "Chokhatauri", "district_ka": "ჩოხატაური", "precinct": 8.0, "name_en": "Chokhatauri - 8", "name_ka": "ჩოხატაური - 8" }, "geometry": { "type": "Point", "coordinates": [ 42.35351927238689, 41.985052557254967 ] } },
{ "type": "Feature", "properties": { "id": 62009, "district_en": "Chokhatauri", "district_ka": "ჩოხატაური", "precinct": 9.0, "name_en": "Chokhatauri - 9", "name_ka": "ჩოხატაური - 9" }, "geometry": { "type": "Point", "coordinates": [ 42.272649955684948, 41.979678976335869 ] } },
{ "type": "Feature", "properties": { "id": 62010, "district_en": "Chokhatauri", "district_ka": "ჩოხატაური", "precinct": 10.0, "name_en": "Chokhatauri - 10", "name_ka": "ჩოხატაური - 10" }, "geometry": { "type": "Point", "coordinates": [ 42.262068367828604, 41.991971428348627 ] } },
{ "type": "Feature", "properties": { "id": 62011, "district_en": "Chokhatauri", "district_ka": "ჩოხატაური", "precinct": 11.0, "name_en": "Chokhatauri - 11", "name_ka": "ჩოხატაური - 11" }, "geometry": { "type": "Point", "coordinates": [ 42.450802487103331, 41.961488549419464 ] } },
{ "type": "Feature", "properties": { "id": 62012, "district_en": "Chokhatauri", "district_ka": "ჩოხატაური", "precinct": 12.0, "name_en": "Chokhatauri - 12", "name_ka": "ჩოხატაური - 12" }, "geometry": { "type": "Point", "coordinates": [ 42.37981596957912, 42.042002816527841 ] } },
{ "type": "Feature", "properties": { "id": 62013, "district_en": "Chokhatauri", "district_ka": "ჩოხატაური", "precinct": 13.0, "name_en": "Chokhatauri - 13", "name_ka": "ჩოხატაური - 13" }, "geometry": { "type": "Point", "coordinates": [ 42.133228182792664, 42.038831237942937 ] } },
{ "type": "Feature", "properties": { "id": 62014, "district_en": "Chokhatauri", "district_ka": "ჩოხატაური", "precinct": 14.0, "name_en": "Chokhatauri - 14", "name_ka": "ჩოხატაური - 14" }, "geometry": { "type": "Point", "coordinates": [ 42.148621509208155, 42.044863169981788 ] } },
{ "type": "Feature", "properties": { "id": 62015, "district_en": "Chokhatauri", "district_ka": "ჩოხატაური", "precinct": 15.0, "name_en": "Chokhatauri - 15", "name_ka": "ჩოხატაური - 15" }, "geometry": { "type": "Point", "coordinates": [ 42.451220461950903, 41.894408974486346 ] } },
{ "type": "Feature", "properties": { "id": 62016, "district_en": "Chokhatauri", "district_ka": "ჩოხატაური", "precinct": 16.0, "name_en": "Chokhatauri - 16", "name_ka": "ჩოხატაური - 16" }, "geometry": { "type": "Point", "coordinates": [ 42.311257123947144, 42.035767386675893 ] } },
{ "type": "Feature", "properties": { "id": 62017, "district_en": "Chokhatauri", "district_ka": "ჩოხატაური", "precinct": 17.0, "name_en": "Chokhatauri - 17", "name_ka": "ჩოხატაური - 17" }, "geometry": { "type": "Point", "coordinates": [ 42.295547410541118, 42.041934004758254 ] } },
{ "type": "Feature", "properties": { "id": 62018, "district_en": "Chokhatauri", "district_ka": "ჩოხატაური", "precinct": 18.0, "name_en": "Chokhatauri - 18", "name_ka": "ჩოხატაური - 18" }, "geometry": { "type": "Point", "coordinates": [ 42.292982489799599, 42.022453784842462 ] } },
{ "type": "Feature", "properties": { "id": 62019, "district_en": "Chokhatauri", "district_ka": "ჩოხატაური", "precinct": 19.0, "name_en": "Chokhatauri - 19", "name_ka": "ჩოხატაური - 19" }, "geometry": { "type": "Point", "coordinates": [ 42.357450127601624, 41.94376321964053 ] } },
{ "type": "Feature", "properties": { "id": 62020, "district_en": "Chokhatauri", "district_ka": "ჩოხატაური", "precinct": 20.0, "name_en": "Chokhatauri - 20", "name_ka": "ჩოხატაური - 20" }, "geometry": { "type": "Point", "coordinates": [ 42.398483603363374, 41.921022480002073 ] } },
{ "type": "Feature", "properties": { "id": 62021, "district_en": "Chokhatauri", "district_ka": "ჩოხატაური", "precinct": 21.0, "name_en": "Chokhatauri - 21", "name_ka": "ჩოხატაური - 21" }, "geometry": { "type": "Point", "coordinates": [ 42.382238, 41.903423 ] } },
{ "type": "Feature", "properties": { "id": 62022, "district_en": "Chokhatauri", "district_ka": "ჩოხატაური", "precinct": 22.0, "name_en": "Chokhatauri - 22", "name_ka": "ჩოხატაური - 22" }, "geometry": { "type": "Point", "coordinates": [ 42.340902736981647, 42.043685490802204 ] } },
{ "type": "Feature", "properties": { "id": 62023, "district_en": "Chokhatauri", "district_ka": "ჩოხატაური", "precinct": 23.0, "name_en": "Chokhatauri - 23", "name_ka": "ჩოხატაური - 23" }, "geometry": { "type": "Point", "coordinates": [ 42.260064482688904, 42.023697802341246 ] } },
{ "type": "Feature", "properties": { "id": 62024, "district_en": "Chokhatauri", "district_ka": "ჩოხატაური", "precinct": 24.0, "name_en": "Chokhatauri - 24", "name_ka": "ჩოხატაური - 24" }, "geometry": { "type": "Point", "coordinates": [ 42.243595719337463, 42.030097477798279 ] } },
{ "type": "Feature", "properties": { "id": 62025, "district_en": "Chokhatauri", "district_ka": "ჩოხატაური", "precinct": 25.0, "name_en": "Chokhatauri - 25", "name_ka": "ჩოხატაური - 25" }, "geometry": { "type": "Point", "coordinates": [ 42.183718085289001, 41.982395246482547 ] } },
{ "type": "Feature", "properties": { "id": 62026, "district_en": "Chokhatauri", "district_ka": "ჩოხატაური", "precinct": 26.0, "name_en": "Chokhatauri - 26", "name_ka": "ჩოხატაური - 26" }, "geometry": { "type": "Point", "coordinates": [ 42.161832121815401, 42.000332976859639 ] } },
{ "type": "Feature", "properties": { "id": 62027, "district_en": "Chokhatauri", "district_ka": "ჩოხატაური", "precinct": 27.0, "name_en": "Chokhatauri - 27", "name_ka": "ჩოხატაური - 27" }, "geometry": { "type": "Point", "coordinates": [ 42.210357785224915, 42.035787308162504 ] } },
{ "type": "Feature", "properties": { "id": 62028, "district_en": "Chokhatauri", "district_ka": "ჩოხატაური", "precinct": 28.0, "name_en": "Chokhatauri - 28", "name_ka": "ჩოხატაური - 28" }, "geometry": { "type": "Point", "coordinates": [ 42.399054, 41.972016 ] } },
{ "type": "Feature", "properties": { "id": 62029, "district_en": "Chokhatauri", "district_ka": "ჩოხატაური", "precinct": 29.0, "name_en": "Chokhatauri - 29", "name_ka": "ჩოხატაური - 29" }, "geometry": { "type": "Point", "coordinates": [ 42.226232918107613, 41.990903706724708 ] } },
{ "type": "Feature", "properties": { "id": 62030, "district_en": "Chokhatauri", "district_ka": "ჩოხატაური", "precinct": 30.0, "name_en": "Chokhatauri - 30", "name_ka": "ჩოხატაური - 30" }, "geometry": { "type": "Point", "coordinates": [ 42.28615433823132, 41.959888328781773 ] } },
{ "type": "Feature", "properties": { "id": 62031, "district_en": "Chokhatauri", "district_ka": "ჩოხატაური", "precinct": 31.0, "name_en": "Chokhatauri - 31", "name_ka": "ჩოხატაური - 31" }, "geometry": { "type": "Point", "coordinates": [ 42.21171007414376, 41.97294737968857 ] } },
{ "type": "Feature", "properties": { "id": 62032, "district_en": "Chokhatauri", "district_ka": "ჩოხატაური", "precinct": 32.0, "name_en": "Chokhatauri - 32", "name_ka": "ჩოხატაური - 32" }, "geometry": { "type": "Point", "coordinates": [ 42.195642297149718, 41.954555098383111 ] } },
{ "type": "Feature", "properties": { "id": 62033, "district_en": "Chokhatauri", "district_ka": "ჩოხატაური", "precinct": 33.0, "name_en": "Chokhatauri - 33", "name_ka": "ჩოხატაური - 33" }, "geometry": { "type": "Point", "coordinates": [ 42.170739765126221, 42.041563904923073 ] } },
{ "type": "Feature", "properties": { "id": 63001, "district_en": "Abasha", "district_ka": "აბაშა", "precinct": 1.0, "name_en": "Abasha - 1", "name_ka": "აბაშა - 1" }, "geometry": { "type": "Point", "coordinates": [ 42.2045709, 42.205289 ] } },
{ "type": "Feature", "properties": { "id": 63002, "district_en": "Abasha", "district_ka": "აბაშა", "precinct": 2.0, "name_en": "Abasha - 2", "name_ka": "აბაშა - 2" }, "geometry": { "type": "Point", "coordinates": [ 42.216548323631287, 42.2127100273689 ] } },
{ "type": "Feature", "properties": { "id": 63003, "district_en": "Abasha", "district_ka": "აბაშა", "precinct": 3.0, "name_en": "Abasha - 3", "name_ka": "აბაშა - 3" }, "geometry": { "type": "Point", "coordinates": [ 42.1977991, 42.1922864 ] } },
{ "type": "Feature", "properties": { "id": 63004, "district_en": "Abasha", "district_ka": "აბაშა", "precinct": 4.0, "name_en": "Abasha - 4", "name_ka": "აბაშა - 4" }, "geometry": { "type": "Point", "coordinates": [ 42.26572901247134, 42.228194817293577 ] } },
{ "type": "Feature", "properties": { "id": 63005, "district_en": "Abasha", "district_ka": "აბაშა", "precinct": 5.0, "name_en": "Abasha - 5", "name_ka": "აბაშა - 5" }, "geometry": { "type": "Point", "coordinates": [ 42.121668857019294, 42.218608840822206 ] } },
{ "type": "Feature", "properties": { "id": 63006, "district_en": "Abasha", "district_ka": "აბაშა", "precinct": 6.0, "name_en": "Abasha - 6", "name_ka": "აბაშა - 6" }, "geometry": { "type": "Point", "coordinates": [ 42.175829330163538, 42.140865404341135 ] } },
{ "type": "Feature", "properties": { "id": 63007, "district_en": "Abasha", "district_ka": "აბაშა", "precinct": 7.0, "name_en": "Abasha - 7", "name_ka": "აბაშა - 7" }, "geometry": { "type": "Point", "coordinates": [ 42.27726548910141, 42.165067478164374 ] } },
{ "type": "Feature", "properties": { "id": 63008, "district_en": "Abasha", "district_ka": "აბაშა", "precinct": 8.0, "name_en": "Abasha - 8", "name_ka": "აბაშა - 8" }, "geometry": { "type": "Point", "coordinates": [ 42.202520370483398, 42.174603631243727 ] } },
{ "type": "Feature", "properties": { "id": 63009, "district_en": "Abasha", "district_ka": "აბაშა", "precinct": 9.0, "name_en": "Abasha - 9", "name_ka": "აბაშა - 9" }, "geometry": { "type": "Point", "coordinates": [ 42.188559995789383, 42.211591219246863 ] } },
{ "type": "Feature", "properties": { "id": 63010, "district_en": "Abasha", "district_ka": "აბაშა", "precinct": 10.0, "name_en": "Abasha - 10", "name_ka": "აბაშა - 10" }, "geometry": { "type": "Point", "coordinates": [ 42.251269511778233, 42.251930557515024 ] } },
{ "type": "Feature", "properties": { "id": 63011, "district_en": "Abasha", "district_ka": "აბაშა", "precinct": 11.0, "name_en": "Abasha - 11", "name_ka": "აბაშა - 11" }, "geometry": { "type": "Point", "coordinates": [ 42.282836437225342, 42.140829997733206 ] } },
{ "type": "Feature", "properties": { "id": 63012, "district_en": "Abasha", "district_ka": "აბაშა", "precinct": 12.0, "name_en": "Abasha - 12", "name_ka": "აბაშა - 12" }, "geometry": { "type": "Point", "coordinates": [ 42.318134307861328, 42.286976808537219 ] } },
{ "type": "Feature", "properties": { "id": 63013, "district_en": "Abasha", "district_ka": "აბაშა", "precinct": 13.0, "name_en": "Abasha - 13", "name_ka": "აბაშა - 13" }, "geometry": { "type": "Point", "coordinates": [ 42.238965308598388, 42.281348911943475 ] } },
{ "type": "Feature", "properties": { "id": 63014, "district_en": "Abasha", "district_ka": "აბაშა", "precinct": 14.0, "name_en": "Abasha - 14", "name_ka": "აბაშა - 14" }, "geometry": { "type": "Point", "coordinates": [ 42.149906158447266, 42.199756112614864 ] } },
{ "type": "Feature", "properties": { "id": 63015, "district_en": "Abasha", "district_ka": "აბაშა", "precinct": 15.0, "name_en": "Abasha - 15", "name_ka": "აბაშა - 15" }, "geometry": { "type": "Point", "coordinates": [ 42.165090143680573, 42.181880516040415 ] } },
{ "type": "Feature", "properties": { "id": 63016, "district_en": "Abasha", "district_ka": "აბაშა", "precinct": 16.0, "name_en": "Abasha - 16", "name_ka": "აბაშა - 16" }, "geometry": { "type": "Point", "coordinates": [ 42.240032428836081, 42.164926638752945 ] } },
{ "type": "Feature", "properties": { "id": 63017, "district_en": "Abasha", "district_ka": "აბაშა", "precinct": 17.0, "name_en": "Abasha - 17", "name_ka": "აბაშა - 17" }, "geometry": { "type": "Point", "coordinates": [ 42.264900376721201, 42.199908239925541 ] } },
{ "type": "Feature", "properties": { "id": 63018, "district_en": "Abasha", "district_ka": "აბაშა", "precinct": 18.0, "name_en": "Abasha - 18", "name_ka": "აბაშა - 18" }, "geometry": { "type": "Point", "coordinates": [ 42.219713001327463, 42.24188732757289 ] } },
{ "type": "Feature", "properties": { "id": 63019, "district_en": "Abasha", "district_ka": "აბაშა", "precinct": 19.0, "name_en": "Abasha - 19", "name_ka": "აბაშა - 19" }, "geometry": { "type": "Point", "coordinates": [ 42.1704940242414, 42.264356145507463 ] } },
{ "type": "Feature", "properties": { "id": 63020, "district_en": "Abasha", "district_ka": "აბაშა", "precinct": 20.0, "name_en": "Abasha - 20", "name_ka": "აბაშა - 20" }, "geometry": { "type": "Point", "coordinates": [ 42.194053469092992, 42.217235329145552 ] } },
{ "type": "Feature", "properties": { "id": 64001, "district_en": "Senaki", "district_ka": "სენაკი", "precinct": 1.0, "name_en": "Senaki - 1", "name_ka": "სენაკი - 1" }, "geometry": { "type": "Point", "coordinates": [ 42.063474376047708, 42.268003227507243 ] } },
{ "type": "Feature", "properties": { "id": 64002, "district_en": "Senaki", "district_ka": "სენაკი", "precinct": 2.0, "name_en": "Senaki - 2", "name_ka": "სენაკი - 2" }, "geometry": { "type": "Point", "coordinates": [ 42.065898137690297, 42.270268419333469 ] } },
{ "type": "Feature", "properties": { "id": 64003, "district_en": "Senaki", "district_ka": "სენაკი", "precinct": 3.0, "name_en": "Senaki - 3", "name_ka": "სენაკი - 3" }, "geometry": { "type": "Point", "coordinates": [ 42.073738340475529, 42.269409212684323 ] } },
{ "type": "Feature", "properties": { "id": 64004, "district_en": "Senaki", "district_ka": "სენაკი", "precinct": 4.0, "name_en": "Senaki - 4", "name_ka": "სენაკი - 4" }, "geometry": { "type": "Point", "coordinates": [ 42.073975205557197, 42.2707803324246 ] } },
{ "type": "Feature", "properties": { "id": 64005, "district_en": "Senaki", "district_ka": "სენაკი", "precinct": 5.0, "name_en": "Senaki - 5", "name_ka": "სენაკი - 5" }, "geometry": { "type": "Point", "coordinates": [ 42.076088042234808, 42.271691839541461 ] } },
{ "type": "Feature", "properties": { "id": 64006, "district_en": "Senaki", "district_ka": "სენაკი", "precinct": 6.0, "name_en": "Senaki - 6", "name_ka": "სენაკი - 6" }, "geometry": { "type": "Point", "coordinates": [ 42.071747408391971, 42.272340323442776 ] } },
{ "type": "Feature", "properties": { "id": 64007, "district_en": "Senaki", "district_ka": "სენაკი", "precinct": 7.0, "name_en": "Senaki - 7", "name_ka": "სენაკი - 7" }, "geometry": { "type": "Point", "coordinates": [ 42.079576865081776, 42.274079685268994 ] } },
{ "type": "Feature", "properties": { "id": 64008, "district_en": "Senaki", "district_ka": "სენაკი", "precinct": 8.0, "name_en": "Senaki - 8", "name_ka": "სენაკი - 8" }, "geometry": { "type": "Point", "coordinates": [ 42.091362711521583, 42.273781509737155 ] } },
{ "type": "Feature", "properties": { "id": 64009, "district_en": "Senaki", "district_ka": "სენაკი", "precinct": 9.0, "name_en": "Senaki - 9", "name_ka": "სენაკი - 9" }, "geometry": { "type": "Point", "coordinates": [ 42.099248934952911, 42.278763540038504 ] } },
{ "type": "Feature", "properties": { "id": 64010, "district_en": "Senaki", "district_ka": "სენაკი", "precinct": 10.0, "name_en": "Senaki - 10", "name_ka": "სენაკი - 10" }, "geometry": { "type": "Point", "coordinates": [ 42.054718028836078, 42.269265278037942 ] } },
{ "type": "Feature", "properties": { "id": 64011, "district_en": "Senaki", "district_ka": "სენაკი", "precinct": 11.0, "name_en": "Senaki - 11", "name_ka": "სენაკი - 11" }, "geometry": { "type": "Point", "coordinates": [ 42.052362200000061, 42.272184591673273 ] } },
{ "type": "Feature", "properties": { "id": 64012, "district_en": "Senaki", "district_ka": "სენაკი", "precinct": 12.0, "name_en": "Senaki - 12", "name_ka": "სენაკი - 12" }, "geometry": { "type": "Point", "coordinates": [ 42.05234757846528, 42.268178160963153 ] } },
{ "type": "Feature", "properties": { "id": 64013, "district_en": "Senaki", "district_ka": "სენაკი", "precinct": 13.0, "name_en": "Senaki - 13", "name_ka": "სენაკი - 13" }, "geometry": { "type": "Point", "coordinates": [ 42.037581484655789, 42.274313931720158 ] } },
{ "type": "Feature", "properties": { "id": 64014, "district_en": "Senaki", "district_ka": "სენაკი", "precinct": 14.0, "name_en": "Senaki - 14", "name_ka": "სენაკი - 14" }, "geometry": { "type": "Point", "coordinates": [ 42.037530213384812, 42.265207312021722 ] } },
{ "type": "Feature", "properties": { "id": 64015, "district_en": "Senaki", "district_ka": "სენაკი", "precinct": 15.0, "name_en": "Senaki - 15", "name_ka": "სენაკი - 15" }, "geometry": { "type": "Point", "coordinates": [ 42.060605385319491, 42.265946931780434 ] } },
{ "type": "Feature", "properties": { "id": 64016, "district_en": "Senaki", "district_ka": "სენაკი", "precinct": 16.0, "name_en": "Senaki - 16", "name_ka": "სენაკი - 16" }, "geometry": { "type": "Point", "coordinates": [ 42.086728362565623, 42.264871371885071 ] } },
{ "type": "Feature", "properties": { "id": 64017, "district_en": "Senaki", "district_ka": "სენაკი", "precinct": 17.0, "name_en": "Senaki - 17", "name_ka": "სენაკი - 17" }, "geometry": { "type": "Point", "coordinates": [ 42.0755163, 42.243775 ] } },
{ "type": "Feature", "properties": { "id": 64018, "district_en": "Senaki", "district_ka": "სენაკი", "precinct": 18.0, "name_en": "Senaki - 18", "name_ka": "სენაკი - 18" }, "geometry": { "type": "Point", "coordinates": [ 42.19203900394362, 42.299639057772048 ] } },
{ "type": "Feature", "properties": { "id": 64019, "district_en": "Senaki", "district_ka": "სენაკი", "precinct": 19.0, "name_en": "Senaki - 19", "name_ka": "სენაკი - 19" }, "geometry": { "type": "Point", "coordinates": [ 42.097565531730652, 42.339394883922459 ] } },
{ "type": "Feature", "properties": { "id": 64020, "district_en": "Senaki", "district_ka": "სენაკი", "precinct": 20.0, "name_en": "Senaki - 20", "name_ka": "სენაკი - 20" }, "geometry": { "type": "Point", "coordinates": [ 42.0879086748688, 42.392876809167241 ] } },
{ "type": "Feature", "properties": { "id": 64021, "district_en": "Senaki", "district_ka": "სენაკი", "precinct": 21.0, "name_en": "Senaki - 21", "name_ka": "სენაკი - 21" }, "geometry": { "type": "Point", "coordinates": [ 41.950108105939321, 42.207824675729647 ] } },
{ "type": "Feature", "properties": { "id": 64022, "district_en": "Senaki", "district_ka": "სენაკი", "precinct": 22.0, "name_en": "Senaki - 22", "name_ka": "სენაკი - 22" }, "geometry": { "type": "Point", "coordinates": [ 42.01739295379798, 42.258034339186466 ] } },
{ "type": "Feature", "properties": { "id": 64023, "district_en": "Senaki", "district_ka": "სენაკი", "precinct": 23.0, "name_en": "Senaki - 23", "name_ka": "სენაკი - 23" }, "geometry": { "type": "Point", "coordinates": [ 41.979848245008668, 42.23814575209957 ] } },
{ "type": "Feature", "properties": { "id": 64024, "district_en": "Senaki", "district_ka": "სენაკი", "precinct": 24.0, "name_en": "Senaki - 24", "name_ka": "სენაკი - 24" }, "geometry": { "type": "Point", "coordinates": [ 42.235297321981761, 42.407936685727044 ] } },
{ "type": "Feature", "properties": { "id": 64025, "district_en": "Senaki", "district_ka": "სენაკი", "precinct": 25.0, "name_en": "Senaki - 25", "name_ka": "სენაკი - 25" }, "geometry": { "type": "Point", "coordinates": [ 42.202675632392328, 42.377453274078206 ] } },
{ "type": "Feature", "properties": { "id": 64026, "district_en": "Senaki", "district_ka": "სენაკი", "precinct": 26.0, "name_en": "Senaki - 26", "name_ka": "სენაკი - 26" }, "geometry": { "type": "Point", "coordinates": [ 42.017219813058546, 42.278014548574006 ] } },
{ "type": "Feature", "properties": { "id": 64027, "district_en": "Senaki", "district_ka": "სენაკი", "precinct": 27.0, "name_en": "Senaki - 27", "name_ka": "სენაკი - 27" }, "geometry": { "type": "Point", "coordinates": [ 42.11895717116397, 42.259703327500816 ] } },
{ "type": "Feature", "properties": { "id": 64028, "district_en": "Senaki", "district_ka": "სენაკი", "precinct": 28.0, "name_en": "Senaki - 28", "name_ka": "სენაკი - 28" }, "geometry": { "type": "Point", "coordinates": [ 42.209353853126458, 42.356987984325116 ] } },
{ "type": "Feature", "properties": { "id": 64029, "district_en": "Senaki", "district_ka": "სენაკი", "precinct": 29.0, "name_en": "Senaki - 29", "name_ka": "სენაკი - 29" }, "geometry": { "type": "Point", "coordinates": [ 42.13756263256073, 42.396980965785559 ] } },
{ "type": "Feature", "properties": { "id": 64030, "district_en": "Senaki", "district_ka": "სენაკი", "precinct": 30.0, "name_en": "Senaki - 30", "name_ka": "სენაკი - 30" }, "geometry": { "type": "Point", "coordinates": [ 42.188989431426634, 42.41719429702529 ] } },
{ "type": "Feature", "properties": { "id": 64031, "district_en": "Senaki", "district_ka": "სენაკი", "precinct": 31.0, "name_en": "Senaki - 31", "name_ka": "სენაკი - 31" }, "geometry": { "type": "Point", "coordinates": [ 42.166801220708315, 42.426572619477206 ] } },
{ "type": "Feature", "properties": { "id": 64032, "district_en": "Senaki", "district_ka": "სენაკი", "precinct": 32.0, "name_en": "Senaki - 32", "name_ka": "სენაკი - 32" }, "geometry": { "type": "Point", "coordinates": [ 42.140206732897248, 42.295553848963188 ] } },
{ "type": "Feature", "properties": { "id": 64033, "district_en": "Senaki", "district_ka": "სენაკი", "precinct": 33.0, "name_en": "Senaki - 33", "name_ka": "სენაკი - 33" }, "geometry": { "type": "Point", "coordinates": [ 42.172861734404094, 42.320132844859927 ] } },
{ "type": "Feature", "properties": { "id": 64034, "district_en": "Senaki", "district_ka": "სენაკი", "precinct": 34.0, "name_en": "Senaki - 34", "name_ka": "სენაკი - 34" }, "geometry": { "type": "Point", "coordinates": [ 42.142265767917813, 42.278238042820085 ] } },
{ "type": "Feature", "properties": { "id": 64035, "district_en": "Senaki", "district_ka": "სენაკი", "precinct": 35.0, "name_en": "Senaki - 35", "name_ka": "სენაკი - 35" }, "geometry": { "type": "Point", "coordinates": [ 42.018516742991665, 42.343835068151968 ] } },
{ "type": "Feature", "properties": { "id": 64036, "district_en": "Senaki", "district_ka": "სენაკი", "precinct": 36.0, "name_en": "Senaki - 36", "name_ka": "სენაკი - 36" }, "geometry": { "type": "Point", "coordinates": [ 42.051500528507823, 42.361228753401505 ] } },
{ "type": "Feature", "properties": { "id": 65001, "district_en": "Martvili", "district_ka": "მარტვილი", "precinct": 1.0, "name_en": "Martvili - 1", "name_ka": "მარტვილი - 1" }, "geometry": { "type": "Point", "coordinates": [ 42.380718290805817, 42.414118373846783 ] } },
{ "type": "Feature", "properties": { "id": 65002, "district_en": "Martvili", "district_ka": "მარტვილი", "precinct": 2.0, "name_en": "Martvili - 2", "name_ka": "მარტვილი - 2" }, "geometry": { "type": "Point", "coordinates": [ 42.380759048591564, 42.416008393277089 ] } },
{ "type": "Feature", "properties": { "id": 65003, "district_en": "Martvili", "district_ka": "მარტვილი", "precinct": 3.0, "name_en": "Martvili - 3", "name_ka": "მარტვილი - 3" }, "geometry": { "type": "Point", "coordinates": [ 42.410589966313623, 42.391731455102708 ] } },
{ "type": "Feature", "properties": { "id": 65004, "district_en": "Martvili", "district_ka": "მარტვილი", "precinct": 4.0, "name_en": "Martvili - 4", "name_ka": "მარტვილი - 4" }, "geometry": { "type": "Point", "coordinates": [ 42.359495493492076, 42.393287626828531 ] } },
{ "type": "Feature", "properties": { "id": 65005, "district_en": "Martvili", "district_ka": "მარტვილი", "precinct": 5.0, "name_en": "Martvili - 5", "name_ka": "მარტვილი - 5" }, "geometry": { "type": "Point", "coordinates": [ 42.256288048025162, 42.373093301479869 ] } },
{ "type": "Feature", "properties": { "id": 65006, "district_en": "Martvili", "district_ka": "მარტვილი", "precinct": 6.0, "name_en": "Martvili - 6", "name_ka": "მარტვილი - 6" }, "geometry": { "type": "Point", "coordinates": [ 42.289592330197436, 42.382720179000167 ] } },
{ "type": "Feature", "properties": { "id": 65007, "district_en": "Martvili", "district_ka": "მარტვილი", "precinct": 7.0, "name_en": "Martvili - 7", "name_ka": "მარტვილი - 7" }, "geometry": { "type": "Point", "coordinates": [ 42.324219542026569, 42.476930337184598 ] } },
{ "type": "Feature", "properties": { "id": 65008, "district_en": "Martvili", "district_ka": "მარტვილი", "precinct": 8.0, "name_en": "Martvili - 8", "name_ka": "მარტვილი - 8" }, "geometry": { "type": "Point", "coordinates": [ 42.257096305756946, 42.338398343264203 ] } },
{ "type": "Feature", "properties": { "id": 65009, "district_en": "Martvili", "district_ka": "მარტვილი", "precinct": 9.0, "name_en": "Martvili - 9", "name_ka": "მარტვილი - 9" }, "geometry": { "type": "Point", "coordinates": [ 42.280710649652931, 42.351302595825821 ] } },
{ "type": "Feature", "properties": { "id": 65010, "district_en": "Martvili", "district_ka": "მარტვილი", "precinct": 10.0, "name_en": "Martvili - 10", "name_ka": "მარტვილი - 10" }, "geometry": { "type": "Point", "coordinates": [ 42.385449088595003, 42.486733373465071 ] } },
{ "type": "Feature", "properties": { "id": 65011, "district_en": "Martvili", "district_ka": "მარტვილი", "precinct": 11.0, "name_en": "Martvili - 11", "name_ka": "მარტვილი - 11" }, "geometry": { "type": "Point", "coordinates": [ 42.374263655819718, 42.467916715285888 ] } },
{ "type": "Feature", "properties": { "id": 65012, "district_en": "Martvili", "district_ka": "მარტვილი", "precinct": 12.0, "name_en": "Martvili - 12", "name_ka": "მარტვილი - 12" }, "geometry": { "type": "Point", "coordinates": [ 42.267618983302576, 42.459228491044449 ] } },
{ "type": "Feature", "properties": { "id": 65013, "district_en": "Martvili", "district_ka": "მარტვილი", "precinct": 13.0, "name_en": "Martvili - 13", "name_ka": "მარტვილი - 13" }, "geometry": { "type": "Point", "coordinates": [ 42.316508889198303, 42.502205084163599 ] } },
{ "type": "Feature", "properties": { "id": 65014, "district_en": "Martvili", "district_ka": "მარტვილი", "precinct": 14.0, "name_en": "Martvili - 14", "name_ka": "მარტვილი - 14" }, "geometry": { "type": "Point", "coordinates": [ 42.292298249803061, 42.492230325141044 ] } },
{ "type": "Feature", "properties": { "id": 65015, "district_en": "Martvili", "district_ka": "მარტვილი", "precinct": 15.0, "name_en": "Martvili - 15", "name_ka": "მარტვილი - 15" }, "geometry": { "type": "Point", "coordinates": [ 42.292082011699677, 42.539779409998964 ] } },
{ "type": "Feature", "properties": { "id": 65016, "district_en": "Martvili", "district_ka": "მარტვილი", "precinct": 16.0, "name_en": "Martvili - 16", "name_ka": "მარტვილი - 16" }, "geometry": { "type": "Point", "coordinates": [ 42.243037819862366, 42.526135704760243 ] } },
{ "type": "Feature", "properties": { "id": 65017, "district_en": "Martvili", "district_ka": "მარტვილი", "precinct": 17.0, "name_en": "Martvili - 17", "name_ka": "მარტვილი - 17" }, "geometry": { "type": "Point", "coordinates": [ 42.273481506184886, 42.330425451578776 ] } },
{ "type": "Feature", "properties": { "id": 65018, "district_en": "Martvili", "district_ka": "მარტვილი", "precinct": 18.0, "name_en": "Martvili - 18", "name_ka": "მარტვილი - 18" }, "geometry": { "type": "Point", "coordinates": [ 42.244329666428442, 42.320960819074521 ] } },
{ "type": "Feature", "properties": { "id": 65019, "district_en": "Martvili", "district_ka": "მარტვილი", "precinct": 19.0, "name_en": "Martvili - 19", "name_ka": "მარტვილი - 19" }, "geometry": { "type": "Point", "coordinates": [ 42.299115328885648, 42.469449007102853 ] } },
{ "type": "Feature", "properties": { "id": 65020, "district_en": "Martvili", "district_ka": "მარტვილი", "precinct": 20.0, "name_en": "Martvili - 20", "name_ka": "მარტვილი - 20" }, "geometry": { "type": "Point", "coordinates": [ 42.293095095589173, 42.454040723833437 ] } },
{ "type": "Feature", "properties": { "id": 65021, "district_en": "Martvili", "district_ka": "მარტვილი", "precinct": 21.0, "name_en": "Martvili - 21", "name_ka": "მარტვილი - 21" }, "geometry": { "type": "Point", "coordinates": [ 42.383689012987105, 42.438469386760062 ] } },
{ "type": "Feature", "properties": { "id": 65022, "district_en": "Martvili", "district_ka": "მარტვილი", "precinct": 22.0, "name_en": "Martvili - 22", "name_ka": "მარტვილი - 22" }, "geometry": { "type": "Point", "coordinates": [ 42.23832890285356, 42.481591607308303 ] } },
{ "type": "Feature", "properties": { "id": 65023, "district_en": "Martvili", "district_ka": "მარტვილი", "precinct": 23.0, "name_en": "Martvili - 23", "name_ka": "მარტვილი - 23" }, "geometry": { "type": "Point", "coordinates": [ 42.205481844980667, 42.468672141699251 ] } },
{ "type": "Feature", "properties": { "id": 65024, "district_en": "Martvili", "district_ka": "მარტვილი", "precinct": 24.0, "name_en": "Martvili - 24", "name_ka": "მარტვილი - 24" }, "geometry": { "type": "Point", "coordinates": [ 42.276651257571693, 42.569034702370999 ] } },
{ "type": "Feature", "properties": { "id": 65025, "district_en": "Martvili", "district_ka": "მარტვილი", "precinct": 25.0, "name_en": "Martvili - 25", "name_ka": "მარტვილი - 25" }, "geometry": { "type": "Point", "coordinates": [ 42.291403746957947, 42.585838211957871 ] } },
{ "type": "Feature", "properties": { "id": 65026, "district_en": "Martvili", "district_ka": "მარტვილი", "precinct": 26.0, "name_en": "Martvili - 26", "name_ka": "მარტვილი - 26" }, "geometry": { "type": "Point", "coordinates": [ 42.331371575684479, 42.352917207747637 ] } },
{ "type": "Feature", "properties": { "id": 65027, "district_en": "Martvili", "district_ka": "მარტვილი", "precinct": 27.0, "name_en": "Martvili - 27", "name_ka": "მარტვილი - 27" }, "geometry": { "type": "Point", "coordinates": [ 42.364514724020722, 42.373807291887267 ] } },
{ "type": "Feature", "properties": { "id": 65028, "district_en": "Martvili", "district_ka": "მარტვილი", "precinct": 28.0, "name_en": "Martvili - 28", "name_ka": "მარტვილი - 28" }, "geometry": { "type": "Point", "coordinates": [ 42.345936507360733, 42.375592666177624 ] } },
{ "type": "Feature", "properties": { "id": 65029, "district_en": "Martvili", "district_ka": "მარტვილი", "precinct": 29.0, "name_en": "Martvili - 29", "name_ka": "მარტვილი - 29" }, "geometry": { "type": "Point", "coordinates": [ 42.330237711601058, 42.42076401023516 ] } },
{ "type": "Feature", "properties": { "id": 65030, "district_en": "Martvili", "district_ka": "მარტვილი", "precinct": 30.0, "name_en": "Martvili - 30", "name_ka": "მარტვილი - 30" }, "geometry": { "type": "Point", "coordinates": [ 42.312523811465617, 42.343721411958285 ] } },
{ "type": "Feature", "properties": { "id": 65031, "district_en": "Martvili", "district_ka": "მარტვილი", "precinct": 31.0, "name_en": "Martvili - 31", "name_ka": "მარტვილი - 31" }, "geometry": { "type": "Point", "coordinates": [ 42.298319222867661, 42.332289675180547 ] } },
{ "type": "Feature", "properties": { "id": 65032, "district_en": "Martvili", "district_ka": "მარტვილი", "precinct": 32.0, "name_en": "Martvili - 32", "name_ka": "მარტვილი - 32" }, "geometry": { "type": "Point", "coordinates": [ 42.338548600673676, 42.516967073647315 ] } },
{ "type": "Feature", "properties": { "id": 65033, "district_en": "Martvili", "district_ka": "მარტვილი", "precinct": 33.0, "name_en": "Martvili - 33", "name_ka": "მარტვილი - 33" }, "geometry": { "type": "Point", "coordinates": [ 42.337620556354523, 42.517615524715254 ] } },
{ "type": "Feature", "properties": { "id": 65034, "district_en": "Martvili", "district_ka": "მარტვილი", "precinct": 34.0, "name_en": "Martvili - 34", "name_ka": "მარტვილი - 34" }, "geometry": { "type": "Point", "coordinates": [ 42.340158898785326, 42.39671174492527 ] } },
{ "type": "Feature", "properties": { "id": 65035, "district_en": "Martvili", "district_ka": "მარტვილი", "precinct": 35.0, "name_en": "Martvili - 35", "name_ka": "მარტვილი - 35" }, "geometry": { "type": "Point", "coordinates": [ 42.310723246040219, 42.549453044947548 ] } },
{ "type": "Feature", "properties": { "id": 66001, "district_en": "Khobi", "district_ka": "ხობი", "precinct": 1.0, "name_en": "Khobi - 1", "name_ka": "ხობი - 1" }, "geometry": { "type": "Point", "coordinates": [ 41.902650998950193, 42.318986917145104 ] } },
{ "type": "Feature", "properties": { "id": 66002, "district_en": "Khobi", "district_ka": "ხობი", "precinct": 2.0, "name_en": "Khobi - 2", "name_ka": "ხობი - 2" }, "geometry": { "type": "Point", "coordinates": [ 41.907786414324981, 42.317252981261845 ] } },
{ "type": "Feature", "properties": { "id": 66003, "district_en": "Khobi", "district_ka": "ხობი", "precinct": 3.0, "name_en": "Khobi - 3", "name_ka": "ხობი - 3" }, "geometry": { "type": "Point", "coordinates": [ 41.834974586963654, 42.362775344316084 ] } },
{ "type": "Feature", "properties": { "id": 66004, "district_en": "Khobi", "district_ka": "ხობი", "precinct": 4.0, "name_en": "Khobi - 4", "name_ka": "ხობი - 4" }, "geometry": { "type": "Point", "coordinates": [ 42.037447407870445, 42.413515646705122 ] } },
{ "type": "Feature", "properties": { "id": 66005, "district_en": "Khobi", "district_ka": "ხობი", "precinct": 5.0, "name_en": "Khobi - 5", "name_ka": "ხობი - 5" }, "geometry": { "type": "Point", "coordinates": [ 41.856567132788079, 42.250386808067823 ] } },
{ "type": "Feature", "properties": { "id": 66006, "district_en": "Khobi", "district_ka": "ხობი", "precinct": 6.0, "name_en": "Khobi - 6", "name_ka": "ხობი - 6" }, "geometry": { "type": "Point", "coordinates": [ 41.925508834671078, 42.344915096075503 ] } },
{ "type": "Feature", "properties": { "id": 66007, "district_en": "Khobi", "district_ka": "ხობი", "precinct": 7.0, "name_en": "Khobi - 7", "name_ka": "ხობი - 7" }, "geometry": { "type": "Point", "coordinates": [ 41.861087655372536, 42.341443480933982 ] } },
{ "type": "Feature", "properties": { "id": 66008, "district_en": "Khobi", "district_ka": "ხობი", "precinct": 8.0, "name_en": "Khobi - 8", "name_ka": "ხობი - 8" }, "geometry": { "type": "Point", "coordinates": [ 41.900617530727388, 42.317512160283087 ] } },
{ "type": "Feature", "properties": { "id": 66009, "district_en": "Khobi", "district_ka": "ხობი", "precinct": 9.0, "name_en": "Khobi - 9", "name_ka": "ხობი - 9" }, "geometry": { "type": "Point", "coordinates": [ 41.973396143083171, 42.301718591488559 ] } },
{ "type": "Feature", "properties": { "id": 66010, "district_en": "Khobi", "district_ka": "ხობი", "precinct": 10.0, "name_en": "Khobi - 10", "name_ka": "ხობი - 10" }, "geometry": { "type": "Point", "coordinates": [ 41.783809769519863, 42.366715112979435 ] } },
{ "type": "Feature", "properties": { "id": 66011, "district_en": "Khobi", "district_ka": "ხობი", "precinct": 11.0, "name_en": "Khobi - 11", "name_ka": "ხობი - 11" }, "geometry": { "type": "Point", "coordinates": [ 41.920915246009827, 42.324245968480206 ] } },
{ "type": "Feature", "properties": { "id": 66012, "district_en": "Khobi", "district_ka": "ხობი", "precinct": 12.0, "name_en": "Khobi - 12", "name_ka": "ხობი - 12" }, "geometry": { "type": "Point", "coordinates": [ 41.722865096798742, 42.18179977626064 ] } },
{ "type": "Feature", "properties": { "id": 66013, "district_en": "Khobi", "district_ka": "ხობი", "precinct": 13.0, "name_en": "Khobi - 13", "name_ka": "ხობი - 13" }, "geometry": { "type": "Point", "coordinates": [ 41.806897222995758, 42.258013914101745 ] } },
{ "type": "Feature", "properties": { "id": 66014, "district_en": "Khobi", "district_ka": "ხობი", "precinct": 14.0, "name_en": "Khobi - 14", "name_ka": "ხობი - 14" }, "geometry": { "type": "Point", "coordinates": [ 41.872946619987488, 42.208279769515904 ] } },
{ "type": "Feature", "properties": { "id": 66015, "district_en": "Khobi", "district_ka": "ხობი", "precinct": 15.0, "name_en": "Khobi - 15", "name_ka": "ხობი - 15" }, "geometry": { "type": "Point", "coordinates": [ 41.99472963809967, 42.382089624489552 ] } },
{ "type": "Feature", "properties": { "id": 66016, "district_en": "Khobi", "district_ka": "ხობი", "precinct": 16.0, "name_en": "Khobi - 16", "name_ka": "ხობი - 16" }, "geometry": { "type": "Point", "coordinates": [ 42.029611766338348, 42.368821727126026 ] } },
{ "type": "Feature", "properties": { "id": 66017, "district_en": "Khobi", "district_ka": "ხობი", "precinct": 17.0, "name_en": "Khobi - 17", "name_ka": "ხობი - 17" }, "geometry": { "type": "Point", "coordinates": [ 41.779852509498596, 42.172059207361656 ] } },
{ "type": "Feature", "properties": { "id": 66018, "district_en": "Khobi", "district_ka": "ხობი", "precinct": 18.0, "name_en": "Khobi - 18", "name_ka": "ხობი - 18" }, "geometry": { "type": "Point", "coordinates": [ 41.755329072475433, 42.266011646608312 ] } },
{ "type": "Feature", "properties": { "id": 66019, "district_en": "Khobi", "district_ka": "ხობი", "precinct": 19.0, "name_en": "Khobi - 19", "name_ka": "ხობი - 19" }, "geometry": { "type": "Point", "coordinates": [ 41.956111192703247, 42.252072027949232 ] } },
{ "type": "Feature", "properties": { "id": 66020, "district_en": "Khobi", "district_ka": "ხობი", "precinct": 20.0, "name_en": "Khobi - 20", "name_ka": "ხობი - 20" }, "geometry": { "type": "Point", "coordinates": [ 41.962207853794098, 42.279823161522799 ] } },
{ "type": "Feature", "properties": { "id": 66021, "district_en": "Khobi", "district_ka": "ხობი", "precinct": 21.0, "name_en": "Khobi - 21", "name_ka": "ხობი - 21" }, "geometry": { "type": "Point", "coordinates": [ 41.795707046985626, 42.221982762914379 ] } },
{ "type": "Feature", "properties": { "id": 66022, "district_en": "Khobi", "district_ka": "ხობი", "precinct": 22.0, "name_en": "Khobi - 22", "name_ka": "ხობი - 22" }, "geometry": { "type": "Point", "coordinates": [ 41.651817262172699, 42.271074963152913 ] } },
{ "type": "Feature", "properties": { "id": 66023, "district_en": "Khobi", "district_ka": "ხობი", "precinct": 23.0, "name_en": "Khobi - 23", "name_ka": "ხობი - 23" }, "geometry": { "type": "Point", "coordinates": [ 41.801252280435044, 42.391301804200111 ] } },
{ "type": "Feature", "properties": { "id": 66024, "district_en": "Khobi", "district_ka": "ხობი", "precinct": 24.0, "name_en": "Khobi - 24", "name_ka": "ხობი - 24" }, "geometry": { "type": "Point", "coordinates": [ 41.983825345291166, 42.444527199867856 ] } },
{ "type": "Feature", "properties": { "id": 67001, "district_en": "Zugdidi", "district_ka": "ზუგდიდი", "precinct": 1.0, "name_en": "Zugdidi - 1", "name_ka": "ზუგდიდი - 1" }, "geometry": { "type": "Point", "coordinates": [ 41.873221066987774, 42.50499947379906 ] } },
{ "type": "Feature", "properties": { "id": 67002, "district_en": "Zugdidi", "district_ka": "ზუგდიდი", "precinct": 2.0, "name_en": "Zugdidi - 2", "name_ka": "ზუგდიდი - 2" }, "geometry": { "type": "Point", "coordinates": [ 41.866480884129089, 42.502076300206291 ] } },
{ "type": "Feature", "properties": { "id": 67003, "district_en": "Zugdidi", "district_ka": "ზუგდიდი", "precinct": 3.0, "name_en": "Zugdidi - 3", "name_ka": "ზუგდიდი - 3" }, "geometry": { "type": "Point", "coordinates": [ 41.854699850081261, 42.495030439775086 ] } },
{ "type": "Feature", "properties": { "id": 67004, "district_en": "Zugdidi", "district_ka": "ზუგდიდი", "precinct": 4.0, "name_en": "Zugdidi - 4", "name_ka": "ზუგდიდი - 4" }, "geometry": { "type": "Point", "coordinates": [ 41.869414150714874, 42.489779454833126 ] } },
{ "type": "Feature", "properties": { "id": 67005, "district_en": "Zugdidi", "district_ka": "ზუგდიდი", "precinct": 5.0, "name_en": "Zugdidi - 5", "name_ka": "ზუგდიდი - 5" }, "geometry": { "type": "Point", "coordinates": [ 41.860717097602553, 42.491693901386782 ] } },
{ "type": "Feature", "properties": { "id": 67006, "district_en": "Zugdidi", "district_ka": "ზუგდიდი", "precinct": 6.0, "name_en": "Zugdidi - 6", "name_ka": "ზუგდიდი - 6" }, "geometry": { "type": "Point", "coordinates": [ 41.860722750434434, 42.487548394459182 ] } },
{ "type": "Feature", "properties": { "id": 67007, "district_en": "Zugdidi", "district_ka": "ზუგდიდი", "precinct": 7.0, "name_en": "Zugdidi - 7", "name_ka": "ზუგდიდი - 7" }, "geometry": { "type": "Point", "coordinates": [ 41.870501195106492, 42.507194295048457 ] } },
{ "type": "Feature", "properties": { "id": 67008, "district_en": "Zugdidi", "district_ka": "ზუგდიდი", "precinct": 8.0, "name_en": "Zugdidi - 8", "name_ka": "ზუგდიდი - 8" }, "geometry": { "type": "Point", "coordinates": [ 41.869443655014038, 42.489666716989163 ] } },
{ "type": "Feature", "properties": { "id": 67009, "district_en": "Zugdidi", "district_ka": "ზუგდიდი", "precinct": 9.0, "name_en": "Zugdidi - 9", "name_ka": "ზუგდიდი - 9" }, "geometry": { "type": "Point", "coordinates": [ 41.880921785669337, 42.498176098389258 ] } },
{ "type": "Feature", "properties": { "id": 67010, "district_en": "Zugdidi", "district_ka": "ზუგდიდი", "precinct": 10.0, "name_en": "Zugdidi - 10", "name_ka": "ზუგდიდი - 10" }, "geometry": { "type": "Point", "coordinates": [ 41.868298601902467, 42.49937032581623 ] } },
{ "type": "Feature", "properties": { "id": 67011, "district_en": "Zugdidi", "district_ka": "ზუგდიდი", "precinct": 11.0, "name_en": "Zugdidi - 11", "name_ka": "ზუგდიდი - 11" }, "geometry": { "type": "Point", "coordinates": [ 41.876880079507828, 42.507685380385972 ] } },
{ "type": "Feature", "properties": { "id": 67012, "district_en": "Zugdidi", "district_ka": "ზუგდიდი", "precinct": 12.0, "name_en": "Zugdidi - 12", "name_ka": "ზუგდიდი - 12" }, "geometry": { "type": "Point", "coordinates": [ 41.880210041999817, 42.51384630877002 ] } },
{ "type": "Feature", "properties": { "id": 67013, "district_en": "Zugdidi", "district_ka": "ზუგდიდი", "precinct": 13.0, "name_en": "Zugdidi - 13", "name_ka": "ზუგდიდი - 13" }, "geometry": { "type": "Point", "coordinates": [ 41.8829445540905, 42.51053755446425 ] } },
{ "type": "Feature", "properties": { "id": 67014, "district_en": "Zugdidi", "district_ka": "ზუგდიდი", "precinct": 14.0, "name_en": "Zugdidi - 14", "name_ka": "ზუგდიდი - 14" }, "geometry": { "type": "Point", "coordinates": [ 41.889656782150269, 42.52064121124711 ] } },
{ "type": "Feature", "properties": { "id": 67015, "district_en": "Zugdidi", "district_ka": "ზუგდიდი", "precinct": 15.0, "name_en": "Zugdidi - 15", "name_ka": "ზუგდიდი - 15" }, "geometry": { "type": "Point", "coordinates": [ 41.856410735503033, 42.508894394423749 ] } },
{ "type": "Feature", "properties": { "id": 67016, "district_en": "Zugdidi", "district_ka": "ზუგდიდი", "precinct": 16.0, "name_en": "Zugdidi - 16", "name_ka": "ზუგდიდი - 16" }, "geometry": { "type": "Point", "coordinates": [ 41.858310103415306, 42.507794131177505 ] } },
{ "type": "Feature", "properties": { "id": 67017, "district_en": "Zugdidi", "district_ka": "ზუგდიდი", "precinct": 17.0, "name_en": "Zugdidi - 17", "name_ka": "ზუგდიდი - 17" }, "geometry": { "type": "Point", "coordinates": [ 41.859029570559365, 42.508837062983162 ] } },
{ "type": "Feature", "properties": { "id": 67018, "district_en": "Zugdidi", "district_ka": "ზუგდიდი", "precinct": 18.0, "name_en": "Zugdidi - 18", "name_ka": "ზუგდიდი - 18" }, "geometry": { "type": "Point", "coordinates": [ 41.880360543726738, 42.525151297850201 ] } },
{ "type": "Feature", "properties": { "id": 67019, "district_en": "Zugdidi", "district_ka": "ზუგდიდი", "precinct": 19.0, "name_en": "Zugdidi - 19", "name_ka": "ზუგდიდი - 19" }, "geometry": { "type": "Point", "coordinates": [ 41.865686426009837, 42.518915214621835 ] } },
{ "type": "Feature", "properties": { "id": 67020, "district_en": "Zugdidi", "district_ka": "ზუგდიდი", "precinct": 20.0, "name_en": "Zugdidi - 20", "name_ka": "ზუგდიდი - 20" }, "geometry": { "type": "Point", "coordinates": [ 41.869622319935615, 42.522626954625373 ] } },
{ "type": "Feature", "properties": { "id": 67021, "district_en": "Zugdidi", "district_ka": "ზუგდიდი", "precinct": 21.0, "name_en": "Zugdidi - 21", "name_ka": "ზუგდიდი - 21" }, "geometry": { "type": "Point", "coordinates": [ 41.85326218605951, 42.517679776367757 ] } },
{ "type": "Feature", "properties": { "id": 67022, "district_en": "Zugdidi", "district_ka": "ზუგდიდი", "precinct": 22.0, "name_en": "Zugdidi - 22", "name_ka": "ზუგდიდი - 22" }, "geometry": { "type": "Point", "coordinates": [ 41.832136024632305, 42.517262897594044 ] } },
{ "type": "Feature", "properties": { "id": 67023, "district_en": "Zugdidi", "district_ka": "ზუგდიდი", "precinct": 23.0, "name_en": "Zugdidi - 23", "name_ka": "ზუგდიდი - 23" }, "geometry": { "type": "Point", "coordinates": [ 41.835833191860274, 42.512653121181891 ] } },
{ "type": "Feature", "properties": { "id": 67024, "district_en": "Zugdidi", "district_ka": "ზუგდიდი", "precinct": 24.0, "name_en": "Zugdidi - 24", "name_ka": "ზუგდიდი - 24" }, "geometry": { "type": "Point", "coordinates": [ 41.835243106470443, 42.519989826228297 ] } },
{ "type": "Feature", "properties": { "id": 67025, "district_en": "Zugdidi", "district_ka": "ზუგდიდი", "precinct": 25.0, "name_en": "Zugdidi - 25", "name_ka": "ზუგდიდი - 25" }, "geometry": { "type": "Point", "coordinates": [ 41.881742708895537, 42.395894519805822 ] } },
{ "type": "Feature", "properties": { "id": 67026, "district_en": "Zugdidi", "district_ka": "ზუგდიდი", "precinct": 26.0, "name_en": "Zugdidi - 26", "name_ka": "ზუგდიდი - 26" }, "geometry": { "type": "Point", "coordinates": [ 41.564689874612668, 42.394643593767171 ] } },
{ "type": "Feature", "properties": { "id": 67027, "district_en": "Zugdidi", "district_ka": "ზუგდიდი", "precinct": 27.0, "name_en": "Zugdidi - 27", "name_ka": "ზუგდიდი - 27" }, "geometry": { "type": "Point", "coordinates": [ 41.623004972934723, 42.40044526639052 ] } },
{ "type": "Feature", "properties": { "id": 67028, "district_en": "Zugdidi", "district_ka": "ზუგდიდი", "precinct": 28.0, "name_en": "Zugdidi - 28", "name_ka": "ზუგდიდი - 28" }, "geometry": { "type": "Point", "coordinates": [ 41.81469470263437, 42.524081874370999 ] } },
{ "type": "Feature", "properties": { "id": 67029, "district_en": "Zugdidi", "district_ka": "ზუგდიდი", "precinct": 29.0, "name_en": "Zugdidi - 29", "name_ka": "ზუგდიდი - 29" }, "geometry": { "type": "Point", "coordinates": [ 41.720897102446784, 42.460393951489934 ] } },
{ "type": "Feature", "properties": { "id": 67030, "district_en": "Zugdidi", "district_ka": "ზუგდიდი", "precinct": 30.0, "name_en": "Zugdidi - 30", "name_ka": "ზუგდიდი - 30" }, "geometry": { "type": "Point", "coordinates": [ 41.902046203622376, 42.482233482431504 ] } },
{ "type": "Feature", "properties": { "id": 67031, "district_en": "Zugdidi", "district_ka": "ზუგდიდი", "precinct": 31.0, "name_en": "Zugdidi - 31", "name_ka": "ზუგდიდი - 31" }, "geometry": { "type": "Point", "coordinates": [ 41.887956559656914, 42.464762498192087 ] } },
{ "type": "Feature", "properties": { "id": 67032, "district_en": "Zugdidi", "district_ka": "ზუგდიდი", "precinct": 32.0, "name_en": "Zugdidi - 32", "name_ka": "ზუგდიდი - 32" }, "geometry": { "type": "Point", "coordinates": [ 41.622723937052797, 42.422822930441114 ] } },
{ "type": "Feature", "properties": { "id": 67033, "district_en": "Zugdidi", "district_ka": "ზუგდიდი", "precinct": 33.0, "name_en": "Zugdidi - 33", "name_ka": "ზუგდიდი - 33" }, "geometry": { "type": "Point", "coordinates": [ 41.622718572634767, 42.422822930441114 ] } },
{ "type": "Feature", "properties": { "id": 67034, "district_en": "Zugdidi", "district_ka": "ზუგდიდი", "precinct": 34.0, "name_en": "Zugdidi - 34", "name_ka": "ზუგდიდი - 34" }, "geometry": { "type": "Point", "coordinates": [ 41.973916292208742, 42.538228016144465 ] } },
{ "type": "Feature", "properties": { "id": 67035, "district_en": "Zugdidi", "district_ka": "ზუგდიდი", "precinct": 35.0, "name_en": "Zugdidi - 35", "name_ka": "ზუგდიდი - 35" }, "geometry": { "type": "Point", "coordinates": [ 41.684709191322327, 42.431039271536619 ] } },
{ "type": "Feature", "properties": { "id": 67036, "district_en": "Zugdidi", "district_ka": "ზუგდიდი", "precinct": 36.0, "name_en": "Zugdidi - 36", "name_ka": "ზუგდიდი - 36" }, "geometry": { "type": "Point", "coordinates": [ 41.709678173319844, 42.43527967011719 ] } },
{ "type": "Feature", "properties": { "id": 67037, "district_en": "Zugdidi", "district_ka": "ზუგდიდი", "precinct": 37.0, "name_en": "Zugdidi - 37", "name_ka": "ზუგდიდი - 37" }, "geometry": { "type": "Point", "coordinates": [ 41.672472208592808, 42.413307457930436 ] } },
{ "type": "Feature", "properties": { "id": 67038, "district_en": "Zugdidi", "district_ka": "ზუგდიდი", "precinct": 38.0, "name_en": "Zugdidi - 38", "name_ka": "ზუგდიდი - 38" }, "geometry": { "type": "Point", "coordinates": [ 41.740939319715835, 42.412773772624874 ] } },
{ "type": "Feature", "properties": { "id": 67039, "district_en": "Zugdidi", "district_ka": "ზუგდიდი", "precinct": 39.0, "name_en": "Zugdidi - 39", "name_ka": "ზუგდიდი - 39" }, "geometry": { "type": "Point", "coordinates": [ 41.676867008391127, 42.383329878900781 ] } },
{ "type": "Feature", "properties": { "id": 67040, "district_en": "Zugdidi", "district_ka": "ზუგდიდი", "precinct": 40.0, "name_en": "Zugdidi - 40", "name_ka": "ზუგდიდი - 40" }, "geometry": { "type": "Point", "coordinates": [ 41.832040548323448, 42.499654105914637 ] } },
{ "type": "Feature", "properties": { "id": 67041, "district_en": "Zugdidi", "district_ka": "ზუგდიდი", "precinct": 41.0, "name_en": "Zugdidi - 41", "name_ka": "ზუგდიდი - 41" }, "geometry": { "type": "Point", "coordinates": [ 41.832040548323448, 42.499642240656378 ] } },
{ "type": "Feature", "properties": { "id": 67042, "district_en": "Zugdidi", "district_ka": "ზუგდიდი", "precinct": 42.0, "name_en": "Zugdidi - 42", "name_ka": "ზუგდიდი - 42" }, "geometry": { "type": "Point", "coordinates": [ 41.771930605173111, 42.490497412124682 ] } },
{ "type": "Feature", "properties": { "id": 67043, "district_en": "Zugdidi", "district_ka": "ზუგდიდი", "precinct": 43.0, "name_en": "Zugdidi - 43", "name_ka": "ზუგდიდი - 43" }, "geometry": { "type": "Point", "coordinates": [ 41.763845086097717, 42.473185027525545 ] } },
{ "type": "Feature", "properties": { "id": 67044, "district_en": "Zugdidi", "district_ka": "ზუგდიდი", "precinct": 44.0, "name_en": "Zugdidi - 44", "name_ka": "ზუგდიდი - 44" }, "geometry": { "type": "Point", "coordinates": [ 41.711043119430542, 42.481113871338479 ] } },
{ "type": "Feature", "properties": { "id": 67045, "district_en": "Zugdidi", "district_ka": "ზუგდიდი", "precinct": 45.0, "name_en": "Zugdidi - 45", "name_ka": "ზუგდიდი - 45" }, "geometry": { "type": "Point", "coordinates": [ 41.94404661655426, 42.560592027361395 ] } },
{ "type": "Feature", "properties": { "id": 67046, "district_en": "Zugdidi", "district_ka": "ზუგდიდი", "precinct": 46.0, "name_en": "Zugdidi - 46", "name_ka": "ზუგდიდი - 46" }, "geometry": { "type": "Point", "coordinates": [ 41.942546252791992, 42.425797155639202 ] } },
{ "type": "Feature", "properties": { "id": 67047, "district_en": "Zugdidi", "district_ka": "ზუგდიდი", "precinct": 47.0, "name_en": "Zugdidi - 47", "name_ka": "ზუგდიდი - 47" }, "geometry": { "type": "Point", "coordinates": [ 41.949786135990138, 42.416013127902545 ] } },
{ "type": "Feature", "properties": { "id": 67048, "district_en": "Zugdidi", "district_ka": "ზუგდიდი", "precinct": 48.0, "name_en": "Zugdidi - 48", "name_ka": "ზუგდიდი - 48" }, "geometry": { "type": "Point", "coordinates": [ 41.944033412314241, 42.560587321578865 ] } },
{ "type": "Feature", "properties": { "id": 67049, "district_en": "Zugdidi", "district_ka": "ზუგდიდი", "precinct": 49.0, "name_en": "Zugdidi - 49", "name_ka": "ზუგდიდი - 49" }, "geometry": { "type": "Point", "coordinates": [ 41.90710723400116, 42.535642932866551 ] } },
{ "type": "Feature", "properties": { "id": 67050, "district_en": "Zugdidi", "district_ka": "ზუგდიდი", "precinct": 50.0, "name_en": "Zugdidi - 50", "name_ka": "ზუგდიდი - 50" }, "geometry": { "type": "Point", "coordinates": [ 41.683553159236908, 42.47230068552026 ] } },
{ "type": "Feature", "properties": { "id": 67051, "district_en": "Zugdidi", "district_ka": "ზუგდიდი", "precinct": 51.0, "name_en": "Zugdidi - 51", "name_ka": "ზუგდიდი - 51" }, "geometry": { "type": "Point", "coordinates": [ 41.678291385721451, 42.446382913858955 ] } },
{ "type": "Feature", "properties": { "id": 67052, "district_en": "Zugdidi", "district_ka": "ზუგდიდი", "precinct": 52.0, "name_en": "Zugdidi - 52", "name_ka": "ზუგდიდი - 52" }, "geometry": { "type": "Point", "coordinates": [ 41.718636453151703, 42.397513795191209 ] } },
{ "type": "Feature", "properties": { "id": 67053, "district_en": "Zugdidi", "district_ka": "ზუგდიდი", "precinct": 53.0, "name_en": "Zugdidi - 53", "name_ka": "ზუგდიდი - 53" }, "geometry": { "type": "Point", "coordinates": [ 41.761717097930919, 42.440624699119915 ] } },
{ "type": "Feature", "properties": { "id": 67054, "district_en": "Zugdidi", "district_ka": "ზუგდიდი", "precinct": 54.0, "name_en": "Zugdidi - 54", "name_ka": "ზუგდიდი - 54" }, "geometry": { "type": "Point", "coordinates": [ 41.894127341486353, 42.587285670246253 ] } },
{ "type": "Feature", "properties": { "id": 67055, "district_en": "Zugdidi", "district_ka": "ზუგდიდი", "precinct": 55.0, "name_en": "Zugdidi - 55", "name_ka": "ზუგდიდი - 55" }, "geometry": { "type": "Point", "coordinates": [ 41.856107711791992, 42.549729153459879 ] } },
{ "type": "Feature", "properties": { "id": 67056, "district_en": "Zugdidi", "district_ka": "ზუგდიდი", "precinct": 56.0, "name_en": "Zugdidi - 56", "name_ka": "ზუგდიდი - 56" }, "geometry": { "type": "Point", "coordinates": [ 41.855792189096583, 42.565936004721891 ] } },
{ "type": "Feature", "properties": { "id": 67057, "district_en": "Zugdidi", "district_ka": "ზუგდიდი", "precinct": 57.0, "name_en": "Zugdidi - 57", "name_ka": "ზუგდიდი - 57" }, "geometry": { "type": "Point", "coordinates": [ 41.88977092181031, 42.549333160457849 ] } },
{ "type": "Feature", "properties": { "id": 67058, "district_en": "Zugdidi", "district_ka": "ზუგდიდი", "precinct": 58.0, "name_en": "Zugdidi - 58", "name_ka": "ზუგდიდი - 58" }, "geometry": { "type": "Point", "coordinates": [ 41.844912171363831, 42.430148395037776 ] } },
{ "type": "Feature", "properties": { "id": 67059, "district_en": "Zugdidi", "district_ka": "ზუგდიდი", "precinct": 59.0, "name_en": "Zugdidi - 59", "name_ka": "ზუგდიდი - 59" }, "geometry": { "type": "Point", "coordinates": [ 41.967210173606873, 42.508651278521086 ] } },
{ "type": "Feature", "properties": { "id": 67060, "district_en": "Zugdidi", "district_ka": "ზუგდიდი", "precinct": 60.0, "name_en": "Zugdidi - 60", "name_ka": "ზუგდიდი - 60" }, "geometry": { "type": "Point", "coordinates": [ 41.766539663075264, 42.516434271164016 ] } },
{ "type": "Feature", "properties": { "id": 67061, "district_en": "Zugdidi", "district_ka": "ზუგდიდი", "precinct": 61.0, "name_en": "Zugdidi - 61", "name_ka": "ზუგდიდი - 61" }, "geometry": { "type": "Point", "coordinates": [ 41.961470246315002, 42.607615650196529 ] } },
{ "type": "Feature", "properties": { "id": 67062, "district_en": "Zugdidi", "district_ka": "ზუგდიდი", "precinct": 62.0, "name_en": "Zugdidi - 62", "name_ka": "ზუგდიდი - 62" }, "geometry": { "type": "Point", "coordinates": [ 41.932636499404907, 42.621549439174515 ] } },
{ "type": "Feature", "properties": { "id": 67063, "district_en": "Zugdidi", "district_ka": "ზუგდიდი", "precinct": 63.0, "name_en": "Zugdidi - 63", "name_ka": "ზუგდიდი - 63" }, "geometry": { "type": "Point", "coordinates": [ 41.928221583366394, 42.583572092894315 ] } },
{ "type": "Feature", "properties": { "id": 67064, "district_en": "Zugdidi", "district_ka": "ზუგდიდი", "precinct": 64.0, "name_en": "Zugdidi - 64", "name_ka": "ზუგდიდი - 64" }, "geometry": { "type": "Point", "coordinates": [ 41.800328493118286, 42.427202473255996 ] } },
{ "type": "Feature", "properties": { "id": 67065, "district_en": "Zugdidi", "district_ka": "ზუგდიდი", "precinct": 65.0, "name_en": "Zugdidi - 65", "name_ka": "ზუგდიდი - 65" }, "geometry": { "type": "Point", "coordinates": [ 41.800167560577393, 42.427166836257896 ] } },
{ "type": "Feature", "properties": { "id": 67066, "district_en": "Zugdidi", "district_ka": "ზუგდიდი", "precinct": 66.0, "name_en": "Zugdidi - 66", "name_ka": "ზუგდიდი - 66" }, "geometry": { "type": "Point", "coordinates": [ 41.978838797206116, 42.481705515433369 ] } },
{ "type": "Feature", "properties": { "id": 67067, "district_en": "Zugdidi", "district_ka": "ზუგდიდი", "precinct": 67.0, "name_en": "Zugdidi - 67", "name_ka": "ზუგდიდი - 67" }, "geometry": { "type": "Point", "coordinates": [ 41.846115458748081, 42.480709596917279 ] } },
{ "type": "Feature", "properties": { "id": 67068, "district_en": "Zugdidi", "district_ka": "ზუგდიდი", "precinct": 68.0, "name_en": "Zugdidi - 68", "name_ka": "ზუგდიდი - 68" }, "geometry": { "type": "Point", "coordinates": [ 41.839858889579773, 42.470078894211376 ] } },
{ "type": "Feature", "properties": { "id": 67069, "district_en": "Zugdidi", "district_ka": "ზუგდიდი", "precinct": 69.0, "name_en": "Zugdidi - 69", "name_ka": "ზუგდიდი - 69" }, "geometry": { "type": "Point", "coordinates": [ 41.995566487312317, 42.601560714852475 ] } },
{ "type": "Feature", "properties": { "id": 67070, "district_en": "Zugdidi", "district_ka": "ზუგდიდი", "precinct": 70.0, "name_en": "Zugdidi - 70", "name_ka": "ზუგდიდი - 70" }, "geometry": { "type": "Point", "coordinates": [ 42.018027305603027, 42.501679077011559 ] } },
{ "type": "Feature", "properties": { "id": 68001, "district_en": "Tsalenjikha", "district_ka": "წალენჯიხა", "precinct": 1.0, "name_en": "Tsalenjikha - 1", "name_ka": "წალენჯიხა - 1" }, "geometry": { "type": "Point", "coordinates": [ 42.069504261016846, 42.608648108967806 ] } },
{ "type": "Feature", "properties": { "id": 68002, "district_en": "Tsalenjikha", "district_ka": "წალენჯიხა", "precinct": 2.0, "name_en": "Tsalenjikha - 2", "name_ka": "წალენჯიხა - 2" }, "geometry": { "type": "Point", "coordinates": [ 42.072000754577239, 42.625323447309668 ] } },
{ "type": "Feature", "properties": { "id": 68003, "district_en": "Tsalenjikha", "district_ka": "წალენჯიხა", "precinct": 3.0, "name_en": "Tsalenjikha - 3", "name_ka": "წალენჯიხა - 3" }, "geometry": { "type": "Point", "coordinates": [ 42.070849328528134, 42.609744187805575 ] } },
{ "type": "Feature", "properties": { "id": 68004, "district_en": "Tsalenjikha", "district_ka": "წალენჯიხა", "precinct": 4.0, "name_en": "Tsalenjikha - 4", "name_ka": "წალენჯიხა - 4" }, "geometry": { "type": "Point", "coordinates": [ 42.017672306999515, 42.578036607384362 ] } },
{ "type": "Feature", "properties": { "id": 68005, "district_en": "Tsalenjikha", "district_ka": "წალენჯიხა", "precinct": 5.0, "name_en": "Tsalenjikha - 5", "name_ka": "წალენჯიხა - 5" }, "geometry": { "type": "Point", "coordinates": [ 42.040555232885623, 42.723236077495038 ] } },
{ "type": "Feature", "properties": { "id": 68006, "district_en": "Tsalenjikha", "district_ka": "წალენჯიხა", "precinct": 6.0, "name_en": "Tsalenjikha - 6", "name_ka": "წალენჯიხა - 6" }, "geometry": { "type": "Point", "coordinates": [ 42.053734585111776, 42.718658622007339 ] } },
{ "type": "Feature", "properties": { "id": 68007, "district_en": "Tsalenjikha", "district_ka": "წალენჯიხა", "precinct": 7.0, "name_en": "Tsalenjikha - 7", "name_ka": "წალენჯიხა - 7" }, "geometry": { "type": "Point", "coordinates": [ 42.050549308528922, 42.716900945797754 ] } },
{ "type": "Feature", "properties": { "id": 68008, "district_en": "Tsalenjikha", "district_ka": "წალენჯიხა", "precinct": 8.0, "name_en": "Tsalenjikha - 8", "name_ka": "წალენჯიხა - 8" }, "geometry": { "type": "Point", "coordinates": [ 42.033025805008634, 42.64569005528346 ] } },
{ "type": "Feature", "properties": { "id": 68009, "district_en": "Tsalenjikha", "district_ka": "წალენჯიხა", "precinct": 9.0, "name_en": "Tsalenjikha - 9", "name_ka": "წალენჯიხა - 9" }, "geometry": { "type": "Point", "coordinates": [ 42.005212045507797, 42.658975150325006 ] } },
{ "type": "Feature", "properties": { "id": 68010, "district_en": "Tsalenjikha", "district_ka": "წალენჯიხა", "precinct": 10.0, "name_en": "Tsalenjikha - 10", "name_ka": "წალენჯიხა - 10" }, "geometry": { "type": "Point", "coordinates": [ 41.986606300976824, 42.649184090729747 ] } },
{ "type": "Feature", "properties": { "id": 68011, "district_en": "Tsalenjikha", "district_ka": "წალენჯიხა", "precinct": 11.0, "name_en": "Tsalenjikha - 11", "name_ka": "წალენჯიხა - 11" }, "geometry": { "type": "Point", "coordinates": [ 42.134009003638084, 42.669597528096759 ] } },
{ "type": "Feature", "properties": { "id": 68012, "district_en": "Tsalenjikha", "district_ka": "წალენჯიხა", "precinct": 12.0, "name_en": "Tsalenjikha - 12", "name_ka": "წალენჯიხა - 12" }, "geometry": { "type": "Point", "coordinates": [ 42.116721682067357, 42.616998076604077 ] } },
{ "type": "Feature", "properties": { "id": 68013, "district_en": "Tsalenjikha", "district_ka": "წალენჯიხა", "precinct": 13.0, "name_en": "Tsalenjikha - 13", "name_ka": "წალენჯიხა - 13" }, "geometry": { "type": "Point", "coordinates": [ 41.998547773744683, 42.726547214950564 ] } },
{ "type": "Feature", "properties": { "id": 68014, "district_en": "Tsalenjikha", "district_ka": "წალენჯიხა", "precinct": 14.0, "name_en": "Tsalenjikha - 14", "name_ka": "წალენჯიხა - 14" }, "geometry": { "type": "Point", "coordinates": [ 42.087903236018519, 42.569206941377232 ] } },
{ "type": "Feature", "properties": { "id": 68015, "district_en": "Tsalenjikha", "district_ka": "წალენჯიხა", "precinct": 15.0, "name_en": "Tsalenjikha - 15", "name_ka": "წალენჯიხა - 15" }, "geometry": { "type": "Point", "coordinates": [ 42.047441627514033, 42.555600286487113 ] } },
{ "type": "Feature", "properties": { "id": 68016, "district_en": "Tsalenjikha", "district_ka": "წალენჯიხა", "precinct": 16.0, "name_en": "Tsalenjikha - 16", "name_ka": "წალენჯიხა - 16" }, "geometry": { "type": "Point", "coordinates": [ 42.078160520248375, 42.667083636662021 ] } },
{ "type": "Feature", "properties": { "id": 68017, "district_en": "Tsalenjikha", "district_ka": "წალენჯიხა", "precinct": 17.0, "name_en": "Tsalenjikha - 17", "name_ka": "წალენჯიხა - 17" }, "geometry": { "type": "Point", "coordinates": [ 41.981013069080859, 42.666290033513071 ] } },
{ "type": "Feature", "properties": { "id": 68018, "district_en": "Tsalenjikha", "district_ka": "წალენჯიხა", "precinct": 18.0, "name_en": "Tsalenjikha - 18", "name_ka": "წალენჯიხა - 18" }, "geometry": { "type": "Point", "coordinates": [ 42.083881199358757, 42.71722896000351 ] } },
{ "type": "Feature", "properties": { "id": 68019, "district_en": "Tsalenjikha", "district_ka": "წალენჯიხა", "precinct": 19.0, "name_en": "Tsalenjikha - 19", "name_ka": "წალენჯიხა - 19" }, "geometry": { "type": "Point", "coordinates": [ 42.024623238816439, 42.707646809367041 ] } },
{ "type": "Feature", "properties": { "id": 68020, "district_en": "Tsalenjikha", "district_ka": "წალენჯიხა", "precinct": 20.0, "name_en": "Tsalenjikha - 20", "name_ka": "წალენჯიხა - 20" }, "geometry": { "type": "Point", "coordinates": [ 42.038297048716281, 42.747940723175176 ] } },
{ "type": "Feature", "properties": { "id": 68021, "district_en": "Tsalenjikha", "district_ka": "წალენჯიხა", "precinct": 21.0, "name_en": "Tsalenjikha - 21", "name_ka": "წალენჯიხა - 21" }, "geometry": { "type": "Point", "coordinates": [ 42.130163657839141, 42.652424587999079 ] } },
{ "type": "Feature", "properties": { "id": 68022, "district_en": "Tsalenjikha", "district_ka": "წალენჯიხა", "precinct": 22.0, "name_en": "Tsalenjikha - 22", "name_ka": "წალენჯიხა - 22" }, "geometry": { "type": "Point", "coordinates": [ 42.048438430583921, 42.632588602905429 ] } },
{ "type": "Feature", "properties": { "id": 69001, "district_en": "Chkhorotsku", "district_ka": "ჩხოროწყუ", "precinct": 1.0, "name_en": "Chkhorotsku - 1", "name_ka": "ჩხოროწყუ - 1" }, "geometry": { "type": "Point", "coordinates": [ 42.126524628925615, 42.520190784294542 ] } },
{ "type": "Feature", "properties": { "id": 69002, "district_en": "Chkhorotsku", "district_ka": "ჩხოროწყუ", "precinct": 2.0, "name_en": "Chkhorotsku - 2", "name_ka": "ჩხოროწყუ - 2" }, "geometry": { "type": "Point", "coordinates": [ 42.124052992582904, 42.520054424197973 ] } },
{ "type": "Feature", "properties": { "id": 69003, "district_en": "Chkhorotsku", "district_ka": "ჩხოროწყუ", "precinct": 3.0, "name_en": "Chkhorotsku - 3", "name_ka": "ჩხოროწყუ - 3" }, "geometry": { "type": "Point", "coordinates": [ 42.170734909823999, 42.46683484340214 ] } },
{ "type": "Feature", "properties": { "id": 69004, "district_en": "Chkhorotsku", "district_ka": "ჩხოროწყუ", "precinct": 4.0, "name_en": "Chkhorotsku - 4", "name_ka": "ჩხოროწყუ - 4" }, "geometry": { "type": "Point", "coordinates": [ 42.159919970569618, 42.605446888214423 ] } },
{ "type": "Feature", "properties": { "id": 69005, "district_en": "Chkhorotsku", "district_ka": "ჩხოროწყუ", "precinct": 5.0, "name_en": "Chkhorotsku - 5", "name_ka": "ჩხოროწყუ - 5" }, "geometry": { "type": "Point", "coordinates": [ 42.217044834930562, 42.612170900536249 ] } },
{ "type": "Feature", "properties": { "id": 69006, "district_en": "Chkhorotsku", "district_ka": "ჩხოროწყუ", "precinct": 6.0, "name_en": "Chkhorotsku - 6", "name_ka": "ჩხოროწყუ - 6" }, "geometry": { "type": "Point", "coordinates": [ 42.047804224635321, 42.477850993002455 ] } },
{ "type": "Feature", "properties": { "id": 69007, "district_en": "Chkhorotsku", "district_ka": "ჩხოროწყუ", "precinct": 7.0, "name_en": "Chkhorotsku - 7", "name_ka": "ჩხოროწყუ - 7" }, "geometry": { "type": "Point", "coordinates": [ 42.094027118982247, 42.438444700441636 ] } },
{ "type": "Feature", "properties": { "id": 69008, "district_en": "Chkhorotsku", "district_ka": "ჩხოროწყუ", "precinct": 8.0, "name_en": "Chkhorotsku - 8", "name_ka": "ჩხოროწყუ - 8" }, "geometry": { "type": "Point", "coordinates": [ 42.09949067658922, 42.443209272100603 ] } },
{ "type": "Feature", "properties": { "id": 69009, "district_en": "Chkhorotsku", "district_ka": "ჩხოროწყუ", "precinct": 9.0, "name_en": "Chkhorotsku - 9", "name_ka": "ჩხოროწყუ - 9" }, "geometry": { "type": "Point", "coordinates": [ 42.101482192555039, 42.530406887145098 ] } },
{ "type": "Feature", "properties": { "id": 69010, "district_en": "Chkhorotsku", "district_ka": "ჩხოროწყუ", "precinct": 10.0, "name_en": "Chkhorotsku - 10", "name_ka": "ჩხოროწყუ - 10" }, "geometry": { "type": "Point", "coordinates": [ 42.175719715543238, 42.634103388925233 ] } },
{ "type": "Feature", "properties": { "id": 69011, "district_en": "Chkhorotsku", "district_ka": "ჩხოროწყუ", "precinct": 11.0, "name_en": "Chkhorotsku - 11", "name_ka": "ჩხოროწყუ - 11" }, "geometry": { "type": "Point", "coordinates": [ 42.194123133841167, 42.518005453062102 ] } },
{ "type": "Feature", "properties": { "id": 69012, "district_en": "Chkhorotsku", "district_ka": "ჩხოროწყუ", "precinct": 12.0, "name_en": "Chkhorotsku - 12", "name_ka": "ჩხოროწყუ - 12" }, "geometry": { "type": "Point", "coordinates": [ 42.236754435898909, 42.591001441243343 ] } },
{ "type": "Feature", "properties": { "id": 69013, "district_en": "Chkhorotsku", "district_ka": "ჩხოროწყუ", "precinct": 13.0, "name_en": "Chkhorotsku - 13", "name_ka": "ჩხოროწყუ - 13" }, "geometry": { "type": "Point", "coordinates": [ 42.108005481831505, 42.491574113167538 ] } },
{ "type": "Feature", "properties": { "id": 69014, "district_en": "Chkhorotsku", "district_ka": "ჩხოროწყუ", "precinct": 14.0, "name_en": "Chkhorotsku - 14", "name_ka": "ჩხოროწყუ - 14" }, "geometry": { "type": "Point", "coordinates": [ 42.194977998733521, 42.564869086129669 ] } },
{ "type": "Feature", "properties": { "id": 69015, "district_en": "Chkhorotsku", "district_ka": "ჩხოროწყუ", "precinct": 15.0, "name_en": "Chkhorotsku - 15", "name_ka": "ჩხოროწყუ - 15" }, "geometry": { "type": "Point", "coordinates": [ 42.146454838526367, 42.570412842870532 ] } },
{ "type": "Feature", "properties": { "id": 69016, "district_en": "Chkhorotsku", "district_ka": "ჩხოროწყუ", "precinct": 16.0, "name_en": "Chkhorotsku - 16", "name_ka": "ჩხოროწყუ - 16" }, "geometry": { "type": "Point", "coordinates": [ 42.15744432734396, 42.586394580438416 ] } },
{ "type": "Feature", "properties": { "id": 70001, "district_en": "Poti", "district_ka": "ფოთი", "precinct": 1.0, "name_en": "Poti - 1", "name_ka": "ფოთი - 1" }, "geometry": { "type": "Point", "coordinates": [ 41.6776361, 42.1441501 ] } },
{ "type": "Feature", "properties": { "id": 70002, "district_en": "Poti", "district_ka": "ფოთი", "precinct": 2.0, "name_en": "Poti - 2", "name_ka": "ფოთი - 2" }, "geometry": { "type": "Point", "coordinates": [ 41.678255796432495, 42.138291176829362 ] } },
{ "type": "Feature", "properties": { "id": 70003, "district_en": "Poti", "district_ka": "ფოთი", "precinct": 3.0, "name_en": "Poti - 3", "name_ka": "ფოთი - 3" }, "geometry": { "type": "Point", "coordinates": [ 41.675875731352235, 42.131688813117485 ] } },
{ "type": "Feature", "properties": { "id": 70004, "district_en": "Poti", "district_ka": "ფოთი", "precinct": 4.0, "name_en": "Poti - 4", "name_ka": "ფოთი - 4" }, "geometry": { "type": "Point", "coordinates": [ 41.680593790188333, 42.137069325864886 ] } },
{ "type": "Feature", "properties": { "id": 70005, "district_en": "Poti", "district_ka": "ფოთი", "precinct": 5.0, "name_en": "Poti - 5", "name_ka": "ფოთი - 5" }, "geometry": { "type": "Point", "coordinates": [ 41.690594250817888, 42.124022771791822 ] } },
{ "type": "Feature", "properties": { "id": 70006, "district_en": "Poti", "district_ka": "ფოთი", "precinct": 6.0, "name_en": "Poti - 6", "name_ka": "ფოთი - 6" }, "geometry": { "type": "Point", "coordinates": [ 41.699555683598213, 42.109465209750603 ] } },
{ "type": "Feature", "properties": { "id": 70007, "district_en": "Poti", "district_ka": "ფოთი", "precinct": 7.0, "name_en": "Poti - 7", "name_ka": "ფოთი - 7" }, "geometry": { "type": "Point", "coordinates": [ 41.6824463, 42.1466791 ] } },
{ "type": "Feature", "properties": { "id": 70008, "district_en": "Poti", "district_ka": "ფოთი", "precinct": 8.0, "name_en": "Poti - 8", "name_ka": "ფოთი - 8" }, "geometry": { "type": "Point", "coordinates": [ 41.676975917756295, 42.142615350504315 ] } },
{ "type": "Feature", "properties": { "id": 70009, "district_en": "Poti", "district_ka": "ფოთი", "precinct": 9.0, "name_en": "Poti - 9", "name_ka": "ფოთი - 9" }, "geometry": { "type": "Point", "coordinates": [ 41.689342556097458, 42.144379891206114 ] } },
{ "type": "Feature", "properties": { "id": 70010, "district_en": "Poti", "district_ka": "ფოთი", "precinct": 10.0, "name_en": "Poti - 10", "name_ka": "ფოთი - 10" }, "geometry": { "type": "Point", "coordinates": [ 41.679466482881146, 42.149815048770904 ] } },
{ "type": "Feature", "properties": { "id": 70011, "district_en": "Poti", "district_ka": "ფოთი", "precinct": 11.0, "name_en": "Poti - 11", "name_ka": "ფოთი - 11" }, "geometry": { "type": "Point", "coordinates": [ 41.673284257355476, 42.148017340388762 ] } },
{ "type": "Feature", "properties": { "id": 70012, "district_en": "Poti", "district_ka": "ფოთი", "precinct": 12.0, "name_en": "Poti - 12", "name_ka": "ფოთი - 12" }, "geometry": { "type": "Point", "coordinates": [ 41.670197600555404, 42.148521834232199 ] } },
{ "type": "Feature", "properties": { "id": 70013, "district_en": "Poti", "district_ka": "ფოთი", "precinct": 13.0, "name_en": "Poti - 13", "name_ka": "ფოთი - 13" }, "geometry": { "type": "Point", "coordinates": [ 41.668204385983252, 42.13947991102831 ] } },
{ "type": "Feature", "properties": { "id": 70014, "district_en": "Poti", "district_ka": "ფოთი", "precinct": 14.0, "name_en": "Poti - 14", "name_ka": "ფოთი - 14" }, "geometry": { "type": "Point", "coordinates": [ 41.6641741, 42.149783 ] } },
{ "type": "Feature", "properties": { "id": 70015, "district_en": "Poti", "district_ka": "ფოთი", "precinct": 15.0, "name_en": "Poti - 15", "name_ka": "ფოთი - 15" }, "geometry": { "type": "Point", "coordinates": [ 41.6641741, 42.149783 ] } },
{ "type": "Feature", "properties": { "id": 70016, "district_en": "Poti", "district_ka": "ფოთი", "precinct": 16.0, "name_en": "Poti - 16", "name_ka": "ფოთი - 16" }, "geometry": { "type": "Point", "coordinates": [ 41.66931768616525, 42.163033944361594 ] } },
{ "type": "Feature", "properties": { "id": 70017, "district_en": "Poti", "district_ka": "ფოთი", "precinct": 17.0, "name_en": "Poti - 17", "name_ka": "ფოთი - 17" }, "geometry": { "type": "Point", "coordinates": [ 41.66931768616525, 42.163033944361594 ] } },
{ "type": "Feature", "properties": { "id": 70018, "district_en": "Poti", "district_ka": "ფოთი", "precinct": 18.0, "name_en": "Poti - 18", "name_ka": "ფოთი - 18" }, "geometry": { "type": "Point", "coordinates": [ 41.6669603, 42.1600812 ] } },
{ "type": "Feature", "properties": { "id": 70019, "district_en": "Poti", "district_ka": "ფოთი", "precinct": 19.0, "name_en": "Poti - 19", "name_ka": "ფოთი - 19" }, "geometry": { "type": "Point", "coordinates": [ 41.665770917196653, 42.168711539318657 ] } },
{ "type": "Feature", "properties": { "id": 70020, "district_en": "Poti", "district_ka": "ფოთი", "precinct": 20.0, "name_en": "Poti - 20", "name_ka": "ფოთი - 20" }, "geometry": { "type": "Point", "coordinates": [ 41.665770917196653, 42.168711539318657 ] } },
{ "type": "Feature", "properties": { "id": 70021, "district_en": "Poti", "district_ka": "ფოთი", "precinct": 21.0, "name_en": "Poti - 21", "name_ka": "ფოთი - 21" }, "geometry": { "type": "Point", "coordinates": [ 41.6625618, 42.1840095 ] } },
{ "type": "Feature", "properties": { "id": 70022, "district_en": "Poti", "district_ka": "ფოთი", "precinct": 22.0, "name_en": "Poti - 22", "name_ka": "ფოთი - 22" }, "geometry": { "type": "Point", "coordinates": [ 41.661943322753899, 42.145784779608142 ] } },
{ "type": "Feature", "properties": { "id": 70023, "district_en": "Poti", "district_ka": "ფოთი", "precinct": 23.0, "name_en": "Poti - 23", "name_ka": "ფოთი - 23" }, "geometry": { "type": "Point", "coordinates": [ 41.695542995384265, 42.115097840191233 ] } },
{ "type": "Feature", "properties": { "id": 79001, "district_en": "Batumi", "district_ka": "ბათუმი", "precinct": 1.0, "name_en": "Batumi - 1", "name_ka": "ბათუმი - 1" }, "geometry": { "type": "Point", "coordinates": [ 41.642507577484821, 41.649850706640471 ] } },
{ "type": "Feature", "properties": { "id": 79002, "district_en": "Batumi", "district_ka": "ბათუმი", "precinct": 2.0, "name_en": "Batumi - 2", "name_ka": "ბათუმი - 2" }, "geometry": { "type": "Point", "coordinates": [ 41.638257265081847, 41.650949145559757 ] } },
{ "type": "Feature", "properties": { "id": 79003, "district_en": "Batumi", "district_ka": "ბათუმი", "precinct": 3.0, "name_en": "Batumi - 3", "name_ka": "ბათუმი - 3" }, "geometry": { "type": "Point", "coordinates": [ 41.637620945368994, 41.647019299942713 ] } },
{ "type": "Feature", "properties": { "id": 79004, "district_en": "Batumi", "district_ka": "ბათუმი", "precinct": 4.0, "name_en": "Batumi - 4", "name_ka": "ბათუმი - 4" }, "geometry": { "type": "Point", "coordinates": [ 41.651821315127549, 41.64344099989178 ] } },
{ "type": "Feature", "properties": { "id": 79005, "district_en": "Batumi", "district_ka": "ბათუმი", "precinct": 5.0, "name_en": "Batumi - 5", "name_ka": "ბათუმი - 5" }, "geometry": { "type": "Point", "coordinates": [ 41.614139071258549, 41.636783072966693 ] } },
{ "type": "Feature", "properties": { "id": 79006, "district_en": "Batumi", "district_ka": "ბათუმი", "precinct": 6.0, "name_en": "Batumi - 6", "name_ka": "ბათუმი - 6" }, "geometry": { "type": "Point", "coordinates": [ 41.631323596572891, 41.646216046474478 ] } },
{ "type": "Feature", "properties": { "id": 79007, "district_en": "Batumi", "district_ka": "ბათუმი", "precinct": 7.0, "name_en": "Batumi - 7", "name_ka": "ბათუმი - 7" }, "geometry": { "type": "Point", "coordinates": [ 41.632905394442773, 41.648951381887805 ] } },
{ "type": "Feature", "properties": { "id": 79008, "district_en": "Batumi", "district_ka": "ბათუმი", "precinct": 8.0, "name_en": "Batumi - 8", "name_ka": "ბათუმი - 8" }, "geometry": { "type": "Point", "coordinates": [ 41.633342309262062, 41.647851409518836 ] } },
{ "type": "Feature", "properties": { "id": 79009, "district_en": "Batumi", "district_ka": "ბათუმი", "precinct": 9.0, "name_en": "Batumi - 9", "name_ka": "ბათუმი - 9" }, "geometry": { "type": "Point", "coordinates": [ 41.627693013877888, 41.64419469677874 ] } },
{ "type": "Feature", "properties": { "id": 79010, "district_en": "Batumi", "district_ka": "ბათუმი", "precinct": 10.0, "name_en": "Batumi - 10", "name_ka": "ბათუმი - 10" }, "geometry": { "type": "Point", "coordinates": [ 41.627693013877888, 41.64419469677874 ] } },
{ "type": "Feature", "properties": { "id": 79011, "district_en": "Batumi", "district_ka": "ბათუმი", "precinct": 11.0, "name_en": "Batumi - 11", "name_ka": "ბათუმი - 11" }, "geometry": { "type": "Point", "coordinates": [ 41.620790503041007, 41.642327112936457 ] } },
{ "type": "Feature", "properties": { "id": 79012, "district_en": "Batumi", "district_ka": "ბათუმი", "precinct": 12.0, "name_en": "Batumi - 12", "name_ka": "ბათუმი - 12" }, "geometry": { "type": "Point", "coordinates": [ 41.624308635581997, 41.641980331884824 ] } },
{ "type": "Feature", "properties": { "id": 79013, "district_en": "Batumi", "district_ka": "ბათუმი", "precinct": 13.0, "name_en": "Batumi - 13", "name_ka": "ბათუმი - 13" }, "geometry": { "type": "Point", "coordinates": [ 41.630708380009423, 41.646316125899503 ] } },
{ "type": "Feature", "properties": { "id": 79014, "district_en": "Batumi", "district_ka": "ბათუმი", "precinct": 14.0, "name_en": "Batumi - 14", "name_ka": "ბათუმი - 14" }, "geometry": { "type": "Point", "coordinates": [ 41.623658672352597, 41.645863571399424 ] } },
{ "type": "Feature", "properties": { "id": 79015, "district_en": "Batumi", "district_ka": "ბათუმი", "precinct": 15.0, "name_en": "Batumi - 15", "name_ka": "ბათუმი - 15" }, "geometry": { "type": "Point", "coordinates": [ 41.616757858860758, 41.640435358672242 ] } },
{ "type": "Feature", "properties": { "id": 79016, "district_en": "Batumi", "district_ka": "ბათუმი", "precinct": 16.0, "name_en": "Batumi - 16", "name_ka": "ბათუმი - 16" }, "geometry": { "type": "Point", "coordinates": [ 41.607552481956496, 41.632253686574465 ] } },
{ "type": "Feature", "properties": { "id": 79017, "district_en": "Batumi", "district_ka": "ბათუმი", "precinct": 17.0, "name_en": "Batumi - 17", "name_ka": "ბათუმი - 17" }, "geometry": { "type": "Point", "coordinates": [ 41.604447465120771, 41.631772728032921 ] } },
{ "type": "Feature", "properties": { "id": 79018, "district_en": "Batumi", "district_ka": "ბათუმი", "precinct": 18.0, "name_en": "Batumi - 18", "name_ka": "ბათუმი - 18" }, "geometry": { "type": "Point", "coordinates": [ 41.624157933204629, 41.642297513880976 ] } },
{ "type": "Feature", "properties": { "id": 79019, "district_en": "Batumi", "district_ka": "ბათუმი", "precinct": 19.0, "name_en": "Batumi - 19", "name_ka": "ბათუმი - 19" }, "geometry": { "type": "Point", "coordinates": [ 41.613575200000014, 41.6320079 ] } },
{ "type": "Feature", "properties": { "id": 79020, "district_en": "Batumi", "district_ka": "ბათუმი", "precinct": 20.0, "name_en": "Batumi - 20", "name_ka": "ბათუმი - 20" }, "geometry": { "type": "Point", "coordinates": [ 41.621018193362488, 41.625259082634514 ] } },
{ "type": "Feature", "properties": { "id": 79021, "district_en": "Batumi", "district_ka": "ბათუმი", "precinct": 21.0, "name_en": "Batumi - 21", "name_ka": "ბათუმი - 21" }, "geometry": { "type": "Point", "coordinates": [ 41.621070179098524, 41.625559026462852 ] } },
{ "type": "Feature", "properties": { "id": 79022, "district_en": "Batumi", "district_ka": "ბათუმი", "precinct": 22.0, "name_en": "Batumi - 22", "name_ka": "ბათუმი - 22" }, "geometry": { "type": "Point", "coordinates": [ 41.620946986508216, 41.626267288825055 ] } },
{ "type": "Feature", "properties": { "id": 79023, "district_en": "Batumi", "district_ka": "ბათუმი", "precinct": 23.0, "name_en": "Batumi - 23", "name_ka": "ბათუმი - 23" }, "geometry": { "type": "Point", "coordinates": [ 41.615653978295882, 41.628718302669775 ] } },
{ "type": "Feature", "properties": { "id": 79024, "district_en": "Batumi", "district_ka": "ბათუმი", "precinct": 24.0, "name_en": "Batumi - 24", "name_ka": "ბათუმი - 24" }, "geometry": { "type": "Point", "coordinates": [ 41.62786936085206, 41.631900235550567 ] } },
{ "type": "Feature", "properties": { "id": 79025, "district_en": "Batumi", "district_ka": "ბათუმი", "precinct": 25.0, "name_en": "Batumi - 25", "name_ka": "ბათუმი - 25" }, "geometry": { "type": "Point", "coordinates": [ 41.630717566409317, 41.632963334333922 ] } },
{ "type": "Feature", "properties": { "id": 79026, "district_en": "Batumi", "district_ka": "ბათუმი", "precinct": 26.0, "name_en": "Batumi - 26", "name_ka": "ბათუმი - 26" }, "geometry": { "type": "Point", "coordinates": [ 41.637998599475182, 41.635643248594391 ] } },
{ "type": "Feature", "properties": { "id": 79027, "district_en": "Batumi", "district_ka": "ბათუმი", "precinct": 27.0, "name_en": "Batumi - 27", "name_ka": "ბათუმი - 27" }, "geometry": { "type": "Point", "coordinates": [ 41.645920039733937, 41.634867608363564 ] } },
{ "type": "Feature", "properties": { "id": 79028, "district_en": "Batumi", "district_ka": "ბათუმი", "precinct": 28.0, "name_en": "Batumi - 28", "name_ka": "ბათუმი - 28" }, "geometry": { "type": "Point", "coordinates": [ 41.626082799999949, 41.6343337 ] } },
{ "type": "Feature", "properties": { "id": 79029, "district_en": "Batumi", "district_ka": "ბათუმი", "precinct": 29.0, "name_en": "Batumi - 29", "name_ka": "ბათუმი - 29" }, "geometry": { "type": "Point", "coordinates": [ 41.633800458544101, 41.64323331599288 ] } },
{ "type": "Feature", "properties": { "id": 79030, "district_en": "Batumi", "district_ka": "ბათუმი", "precinct": 30.0, "name_en": "Batumi - 30", "name_ka": "ბათუმი - 30" }, "geometry": { "type": "Point", "coordinates": [ 41.62364, 41.64052 ] } },
{ "type": "Feature", "properties": { "id": 79031, "district_en": "Batumi", "district_ka": "ბათუმი", "precinct": 31.0, "name_en": "Batumi - 31", "name_ka": "ბათუმი - 31" }, "geometry": { "type": "Point", "coordinates": [ 41.615910704893508, 41.635094284535803 ] } },
{ "type": "Feature", "properties": { "id": 79032, "district_en": "Batumi", "district_ka": "ბათუმი", "precinct": 32.0, "name_en": "Batumi - 32", "name_ka": "ბათუმი - 32" }, "geometry": { "type": "Point", "coordinates": [ 41.627373499999976, 41.6336834 ] } },
{ "type": "Feature", "properties": { "id": 79033, "district_en": "Batumi", "district_ka": "ბათუმი", "precinct": 33.0, "name_en": "Batumi - 33", "name_ka": "ბათუმი - 33" }, "geometry": { "type": "Point", "coordinates": [ 41.646799073124726, 41.641112599634653 ] } },
{ "type": "Feature", "properties": { "id": 79034, "district_en": "Batumi", "district_ka": "ბათუმი", "precinct": 34.0, "name_en": "Batumi - 34", "name_ka": "ბათუმი - 34" }, "geometry": { "type": "Point", "coordinates": [ 41.611895263195038, 41.637366232848407 ] } },
{ "type": "Feature", "properties": { "id": 79035, "district_en": "Batumi", "district_ka": "ბათუმი", "precinct": 35.0, "name_en": "Batumi - 35", "name_ka": "ბათუმი - 35" }, "geometry": { "type": "Point", "coordinates": [ 41.635257070500188, 41.641944784410207 ] } },
{ "type": "Feature", "properties": { "id": 79036, "district_en": "Batumi", "district_ka": "ბათუმი", "precinct": 36.0, "name_en": "Batumi - 36", "name_ka": "ბათუმი - 36" }, "geometry": { "type": "Point", "coordinates": [ 41.646793708706689, 41.641124626468276 ] } },
{ "type": "Feature", "properties": { "id": 79037, "district_en": "Batumi", "district_ka": "ბათუმი", "precinct": 37.0, "name_en": "Batumi - 37", "name_ka": "ბათუმი - 37" }, "geometry": { "type": "Point", "coordinates": [ 41.663880275146532, 41.64042492134255 ] } },
{ "type": "Feature", "properties": { "id": 79038, "district_en": "Batumi", "district_ka": "ბათუმი", "precinct": 38.0, "name_en": "Batumi - 38", "name_ka": "ბათუმი - 38" }, "geometry": { "type": "Point", "coordinates": [ 41.619168644180263, 41.625421690079186 ] } },
{ "type": "Feature", "properties": { "id": 79039, "district_en": "Batumi", "district_ka": "ბათუმი", "precinct": 39.0, "name_en": "Batumi - 39", "name_ka": "ბათუმი - 39" }, "geometry": { "type": "Point", "coordinates": [ 41.651844288954869, 41.643504939584908 ] } },
{ "type": "Feature", "properties": { "id": 79040, "district_en": "Batumi", "district_ka": "ბათუმი", "precinct": 40.0, "name_en": "Batumi - 40", "name_ka": "ბათუმი - 40" }, "geometry": { "type": "Point", "coordinates": [ 41.676421165466309, 41.639084142714026 ] } },
{ "type": "Feature", "properties": { "id": 79041, "district_en": "Batumi", "district_ka": "ბათუმი", "precinct": 41.0, "name_en": "Batumi - 41", "name_ka": "ბათუმი - 41" }, "geometry": { "type": "Point", "coordinates": [ 41.67193020000002, 41.644279 ] } },
{ "type": "Feature", "properties": { "id": 79042, "district_en": "Batumi", "district_ka": "ბათუმი", "precinct": 42.0, "name_en": "Batumi - 42", "name_ka": "ბათუმი - 42" }, "geometry": { "type": "Point", "coordinates": [ 41.682700669589153, 41.659968247228797 ] } },
{ "type": "Feature", "properties": { "id": 79043, "district_en": "Batumi", "district_ka": "ბათუმი", "precinct": 43.0, "name_en": "Batumi - 43", "name_ka": "ბათუმი - 43" }, "geometry": { "type": "Point", "coordinates": [ 41.683692369291748, 41.661409145665367 ] } },
{ "type": "Feature", "properties": { "id": 79044, "district_en": "Batumi", "district_ka": "ბათუმი", "precinct": 44.0, "name_en": "Batumi - 44", "name_ka": "ბათუმი - 44" }, "geometry": { "type": "Point", "coordinates": [ 41.638127345507897, 41.635583109289051 ] } },
{ "type": "Feature", "properties": { "id": 79045, "district_en": "Batumi", "district_ka": "ბათუმი", "precinct": 45.0, "name_en": "Batumi - 45", "name_ka": "ბათუმი - 45" }, "geometry": { "type": "Point", "coordinates": [ 41.619168644180263, 41.625421690079186 ] } },
{ "type": "Feature", "properties": { "id": 79046, "district_en": "Batumi", "district_ka": "ბათუმი", "precinct": 46.0, "name_en": "Batumi - 46", "name_ka": "ბათუმი - 46" }, "geometry": { "type": "Point", "coordinates": [ 41.675300002098083, 41.65550320579846 ] } },
{ "type": "Feature", "properties": { "id": 79047, "district_en": "Batumi", "district_ka": "ბათუმი", "precinct": 47.0, "name_en": "Batumi - 47", "name_ka": "ბათუმი - 47" }, "geometry": { "type": "Point", "coordinates": [ 41.622532211808789, 41.625289363343363 ] } },
{ "type": "Feature", "properties": { "id": 79048, "district_en": "Batumi", "district_ka": "ბათუმი", "precinct": 48.0, "name_en": "Batumi - 48", "name_ka": "ბათუმი - 48" }, "geometry": { "type": "Point", "coordinates": [ 41.6159, 41.6278 ] } },
{ "type": "Feature", "properties": { "id": 79049, "district_en": "Batumi", "district_ka": "ბათუმი", "precinct": 49.0, "name_en": "Batumi - 49", "name_ka": "ბათუმი - 49" }, "geometry": { "type": "Point", "coordinates": [ 41.607709153936753, 41.632276167659377 ] } },
{ "type": "Feature", "properties": { "id": 79050, "district_en": "Batumi", "district_ka": "ბათუმი", "precinct": 50.0, "name_en": "Batumi - 50", "name_ka": "ბათუმი - 50" }, "geometry": { "type": "Point", "coordinates": [ 41.637774698741865, 41.642081419965443 ] } },
{ "type": "Feature", "properties": { "id": 79051, "district_en": "Batumi", "district_ka": "ბათუმი", "precinct": 51.0, "name_en": "Batumi - 51", "name_ka": "ბათუმი - 51" }, "geometry": { "type": "Point", "coordinates": [ 41.64714042984609, 41.644438165555606 ] } },
{ "type": "Feature", "properties": { "id": 79052, "district_en": "Batumi", "district_ka": "ბათუმი", "precinct": 52.0, "name_en": "Batumi - 52", "name_ka": "ბათუმი - 52" }, "geometry": { "type": "Point", "coordinates": [ 41.597692966461182, 41.620956583502625 ] } },
{ "type": "Feature", "properties": { "id": 79053, "district_en": "Batumi", "district_ka": "ბათუმი", "precinct": 53.0, "name_en": "Batumi - 53", "name_ka": "ბათუმი - 53" }, "geometry": { "type": "Point", "coordinates": [ 41.614478230476379, 41.610697679589315 ] } },
{ "type": "Feature", "properties": { "id": 79054, "district_en": "Batumi", "district_ka": "ბათუმი", "precinct": 54.0, "name_en": "Batumi - 54", "name_ka": "ბათუმი - 54" }, "geometry": { "type": "Point", "coordinates": [ 41.63927185216221, 41.624526572010332 ] } },
{ "type": "Feature", "properties": { "id": 79055, "district_en": "Batumi", "district_ka": "ბათუმი", "precinct": 55.0, "name_en": "Batumi - 55", "name_ka": "ბათუმი - 55" }, "geometry": { "type": "Point", "coordinates": [ 41.637099981307983, 41.625187204244412 ] } },
{ "type": "Feature", "properties": { "id": 79056, "district_en": "Batumi", "district_ka": "ბათუმი", "precinct": 56.0, "name_en": "Batumi - 56", "name_ka": "ბათუმი - 56" }, "geometry": { "type": "Point", "coordinates": [ 41.648113297717259, 41.586159486719886 ] } },
{ "type": "Feature", "properties": { "id": 79057, "district_en": "Batumi", "district_ka": "ბათუმი", "precinct": 57.0, "name_en": "Batumi - 57", "name_ka": "ბათუმი - 57" }, "geometry": { "type": "Point", "coordinates": [ 41.653733324545342, 41.602526009215588 ] } },
{ "type": "Feature", "properties": { "id": 79058, "district_en": "Batumi", "district_ka": "ბათუმი", "precinct": 58.0, "name_en": "Batumi - 58", "name_ka": "ბათუმი - 58" }, "geometry": { "type": "Point", "coordinates": [ 41.629707813262939, 41.603493815036884 ] } },
{ "type": "Feature", "properties": { "id": 79059, "district_en": "Batumi", "district_ka": "ბათუმი", "precinct": 59.0, "name_en": "Batumi - 59", "name_ka": "ბათუმი - 59" }, "geometry": { "type": "Point", "coordinates": [ 41.622806710450732, 41.611242488651548 ] } },
{ "type": "Feature", "properties": { "id": 79060, "district_en": "Batumi", "district_ka": "ბათუმი", "precinct": 60.0, "name_en": "Batumi - 60", "name_ka": "ბათუმი - 60" }, "geometry": { "type": "Point", "coordinates": [ 41.570806503295898, 41.565491757403038 ] } },
{ "type": "Feature", "properties": { "id": 79061, "district_en": "Batumi", "district_ka": "ბათუმი", "precinct": 61.0, "name_en": "Batumi - 61", "name_ka": "ბათუმი - 61" }, "geometry": { "type": "Point", "coordinates": [ 41.658766865730286, 41.577886713637483 ] } },
{ "type": "Feature", "properties": { "id": 79062, "district_en": "Batumi", "district_ka": "ბათუმი", "precinct": 62.0, "name_en": "Batumi - 62", "name_ka": "ბათუმი - 62" }, "geometry": { "type": "Point", "coordinates": [ 41.729233, 41.716877 ] } },
{ "type": "Feature", "properties": { "id": 79063, "district_en": "Batumi", "district_ka": "ბათუმი", "precinct": 63.0, "name_en": "Batumi - 63", "name_ka": "ბათუმი - 63" }, "geometry": { "type": "Point", "coordinates": [ 41.70047, 41.68357 ] } },
{ "type": "Feature", "properties": { "id": 79064, "district_en": "Batumi", "district_ka": "ბათუმი", "precinct": 64.0, "name_en": "Batumi - 64", "name_ka": "ბათუმი - 64" }, "geometry": { "type": "Point", "coordinates": [ 41.685578227043152, 41.663691130464919 ] } },
{ "type": "Feature", "properties": { "id": 79065, "district_en": "Batumi", "district_ka": "ბათუმი", "precinct": 65.0, "name_en": "Batumi - 65", "name_ka": "ბათუმი - 65" }, "geometry": { "type": "Point", "coordinates": [ 41.595144867897034, 41.585609031471584 ] } },
{ "type": "Feature", "properties": { "id": 79066, "district_en": "Batumi", "district_ka": "ბათუმი", "precinct": 66.0, "name_en": "Batumi - 66", "name_ka": "ბათუმი - 66" }, "geometry": { "type": "Point", "coordinates": [ 41.656868445446776, 41.58305925827085 ] } },
{ "type": "Feature", "properties": { "id": 79067, "district_en": "Batumi", "district_ka": "ბათუმი", "precinct": 67.0, "name_en": "Batumi - 67", "name_ka": "ბათუმი - 67" }, "geometry": { "type": "Point", "coordinates": [ 41.631763478851326, 41.646424494762464 ] } },
{ "type": "Feature", "properties": { "id": 79068, "district_en": "Batumi", "district_ka": "ბათუმი", "precinct": 68.0, "name_en": "Batumi - 68", "name_ka": "ბათუმი - 68" }, "geometry": { "type": "Point", "coordinates": [ 41.622489581753598, 41.643641968574549 ] } },
{ "type": "Feature", "properties": { "id": 79069, "district_en": "Batumi", "district_ka": "ბათუმი", "precinct": 69.0, "name_en": "Batumi - 69", "name_ka": "ბათუმი - 69" }, "geometry": { "type": "Point", "coordinates": [ 41.615489812372509, 41.636351364171453 ] } },
{ "type": "Feature", "properties": { "id": 79070, "district_en": "Batumi", "district_ka": "ბათუმი", "precinct": 70.0, "name_en": "Batumi - 70", "name_ka": "ბათუმი - 70" }, "geometry": { "type": "Point", "coordinates": [ 41.623642715869209, 41.640470797189984 ] } },
{ "type": "Feature", "properties": { "id": 79071, "district_en": "Batumi", "district_ka": "ბათუმი", "precinct": 71.0, "name_en": "Batumi - 71", "name_ka": "ბათუმი - 71" }, "geometry": { "type": "Point", "coordinates": [ 41.63270359870306, 41.634115958496892 ] } },
{ "type": "Feature", "properties": { "id": 79072, "district_en": "Batumi", "district_ka": "ბათუმი", "precinct": 72.0, "name_en": "Batumi - 72", "name_ka": "ბათუმი - 72" }, "geometry": { "type": "Point", "coordinates": [ 41.638036937503813, 41.636601451521315 ] } },
{ "type": "Feature", "properties": { "id": 79073, "district_en": "Batumi", "district_ka": "ბათუმი", "precinct": 73.0, "name_en": "Batumi - 73", "name_ka": "ბათუმი - 73" }, "geometry": { "type": "Point", "coordinates": [ 41.629156768964307, 41.63491435859352 ] } },
{ "type": "Feature", "properties": { "id": 79074, "district_en": "Batumi", "district_ka": "ბათუმი", "precinct": 74.0, "name_en": "Batumi - 74", "name_ka": "ბათუმი - 74" }, "geometry": { "type": "Point", "coordinates": [ 41.637772191510081, 41.64708457082866 ] } },
{ "type": "Feature", "properties": { "id": 79075, "district_en": "Batumi", "district_ka": "ბათუმი", "precinct": 75.0, "name_en": "Batumi - 75", "name_ka": "ბათუმი - 75" }, "geometry": { "type": "Point", "coordinates": [ 41.637829308945463, 41.642057033320484 ] } },
{ "type": "Feature", "properties": { "id": 79076, "district_en": "Batumi", "district_ka": "ბათუმი", "precinct": 76.0, "name_en": "Batumi - 76", "name_ka": "ბათუმი - 76" }, "geometry": { "type": "Point", "coordinates": [ 41.664036147846204, 41.640724980492664 ] } },
{ "type": "Feature", "properties": { "id": 79077, "district_en": "Batumi", "district_ka": "ბათუმი", "precinct": 77.0, "name_en": "Batumi - 77", "name_ka": "ბათუმი - 77" }, "geometry": { "type": "Point", "coordinates": [ 41.676421165466309, 41.639084142714026 ] } },
{ "type": "Feature", "properties": { "id": 79078, "district_en": "Batumi", "district_ka": "ბათუმი", "precinct": 78.0, "name_en": "Batumi - 78", "name_ka": "ბათუმი - 78" }, "geometry": { "type": "Point", "coordinates": [ 41.667716857949813, 41.647791576063661 ] } },
{ "type": "Feature", "properties": { "id": 79079, "district_en": "Batumi", "district_ka": "ბათუმი", "precinct": 79.0, "name_en": "Batumi - 79", "name_ka": "ბათუმი - 79" }, "geometry": { "type": "Point", "coordinates": [ 41.682475364031916, 41.660184666534846 ] } },
{ "type": "Feature", "properties": { "id": 79080, "district_en": "Batumi", "district_ka": "ბათუმი", "precinct": 80.0, "name_en": "Batumi - 80", "name_ka": "ბათუმი - 80" }, "geometry": { "type": "Point", "coordinates": [ 41.611895263195038, 41.637366232848407 ] } },
{ "type": "Feature", "properties": { "id": 79081, "district_en": "Batumi", "district_ka": "ბათუმი", "precinct": 81.0, "name_en": "Batumi - 81", "name_ka": "ბათუმი - 81" }, "geometry": { "type": "Point", "coordinates": [ 41.597692966461182, 41.620956583502625 ] } },
{ "type": "Feature", "properties": { "id": 79082, "district_en": "Batumi", "district_ka": "ბათუმი", "precinct": 82.0, "name_en": "Batumi - 82", "name_ka": "ბათუმი - 82" }, "geometry": { "type": "Point", "coordinates": [ 41.614478230476379, 41.610697679589315 ] } },
{ "type": "Feature", "properties": { "id": 79083, "district_en": "Batumi", "district_ka": "ბათუმი", "precinct": 83.0, "name_en": "Batumi - 83", "name_ka": "ბათუმი - 83" }, "geometry": { "type": "Point", "coordinates": [ 41.647147536277771, 41.636305796550197 ] } },
{ "type": "Feature", "properties": { "id": 79084, "district_en": "Batumi", "district_ka": "ბათუმი", "precinct": 84.0, "name_en": "Batumi - 84", "name_ka": "ბათუმი - 84" }, "geometry": { "type": "Point", "coordinates": [ 41.631338596343994, 41.613124190038391 ] } },
{ "type": "Feature", "properties": { "id": 79085, "district_en": "Batumi", "district_ka": "ბათუმი", "precinct": 85.0, "name_en": "Batumi - 85", "name_ka": "ბათუმი - 85" }, "geometry": { "type": "Point", "coordinates": [ 41.636863946914673, 41.61141862342285 ] } },
{ "type": "Feature", "properties": { "id": 79086, "district_en": "Batumi", "district_ka": "ბათუმი", "precinct": 86.0, "name_en": "Batumi - 86", "name_ka": "ბათუმი - 86" }, "geometry": { "type": "Point", "coordinates": [ 41.570806503295898, 41.565491757403038 ] } },
{ "type": "Feature", "properties": { "id": 79087, "district_en": "Batumi", "district_ka": "ბათუმი", "precinct": 87.0, "name_en": "Batumi - 87", "name_ka": "ბათუმი - 87" }, "geometry": { "type": "Point", "coordinates": [ 41.648113297717259, 41.586159486719886 ] } },
{ "type": "Feature", "properties": { "id": 79088, "district_en": "Batumi", "district_ka": "ბათუმი", "precinct": 88.0, "name_en": "Batumi - 88", "name_ka": "ბათუმი - 88" }, "geometry": { "type": "Point", "coordinates": [ 41.700169444084167, 41.676065224615037 ] } },
{ "type": "Feature", "properties": { "id": 79089, "district_en": "Batumi", "district_ka": "ბათუმი", "precinct": 89.0, "name_en": "Batumi - 89", "name_ka": "ბათუმი - 89" }, "geometry": { "type": "Point", "coordinates": [ 41.631326, 41.59893 ] } },
{ "type": "Feature", "properties": { "id": 80001, "district_en": "Keda", "district_ka": "ქედა", "precinct": 1.0, "name_en": "Keda - 1", "name_ka": "ქედა - 1" }, "geometry": { "type": "Point", "coordinates": [ 41.939453632124355, 41.59772561217634 ] } },
{ "type": "Feature", "properties": { "id": 80002, "district_en": "Keda", "district_ka": "ქედა", "precinct": 2.0, "name_en": "Keda - 2", "name_ka": "ქედა - 2" }, "geometry": { "type": "Point", "coordinates": [ 41.941266236909541, 41.600301924863572 ] } },
{ "type": "Feature", "properties": { "id": 80003, "district_en": "Keda", "district_ka": "ქედა", "precinct": 3.0, "name_en": "Keda - 3", "name_ka": "ქედა - 3" }, "geometry": { "type": "Point", "coordinates": [ 41.928275811639423, 41.58027752393685 ] } },
{ "type": "Feature", "properties": { "id": 80004, "district_en": "Keda", "district_ka": "ქედა", "precinct": 4.0, "name_en": "Keda - 4", "name_ka": "ქედა - 4" }, "geometry": { "type": "Point", "coordinates": [ 41.921880674621548, 41.591717308150024 ] } },
{ "type": "Feature", "properties": { "id": 80005, "district_en": "Keda", "district_ka": "ქედა", "precinct": 5.0, "name_en": "Keda - 5", "name_ka": "ქედა - 5" }, "geometry": { "type": "Point", "coordinates": [ 41.967937052249908, 41.599564642372904 ] } },
{ "type": "Feature", "properties": { "id": 80006, "district_en": "Keda", "district_ka": "ქედა", "precinct": 6.0, "name_en": "Keda - 6", "name_ka": "ქედა - 6" }, "geometry": { "type": "Point", "coordinates": [ 42.09287703037262, 41.628322897554987 ] } },
{ "type": "Feature", "properties": { "id": 80007, "district_en": "Keda", "district_ka": "ქედა", "precinct": 7.0, "name_en": "Keda - 7", "name_ka": "ქედა - 7" }, "geometry": { "type": "Point", "coordinates": [ 42.098211944103241, 41.643026943527843 ] } },
{ "type": "Feature", "properties": { "id": 80008, "district_en": "Keda", "district_ka": "ქედა", "precinct": 8.0, "name_en": "Keda - 8", "name_ka": "ქედა - 8" }, "geometry": { "type": "Point", "coordinates": [ 42.114437967538834, 41.64011546800392 ] } },
{ "type": "Feature", "properties": { "id": 80009, "district_en": "Keda", "district_ka": "ქედა", "precinct": 9.0, "name_en": "Keda - 9", "name_ka": "ქედა - 9" }, "geometry": { "type": "Point", "coordinates": [ 42.112256175424136, 41.630099892631975 ] } },
{ "type": "Feature", "properties": { "id": 80010, "district_en": "Keda", "district_ka": "ქედა", "precinct": 10.0, "name_en": "Keda - 10", "name_ka": "ქედა - 10" }, "geometry": { "type": "Point", "coordinates": [ 41.975054422159587, 41.626263980680513 ] } },
{ "type": "Feature", "properties": { "id": 80011, "district_en": "Keda", "district_ka": "ქედა", "precinct": 11.0, "name_en": "Keda - 11", "name_ka": "ქედა - 11" }, "geometry": { "type": "Point", "coordinates": [ 41.979603207934588, 41.619059534761796 ] } },
{ "type": "Feature", "properties": { "id": 80012, "district_en": "Keda", "district_ka": "ქედა", "precinct": 12.0, "name_en": "Keda - 12", "name_ka": "ქედა - 12" }, "geometry": { "type": "Point", "coordinates": [ 41.990703227053011, 41.624573746456811 ] } },
{ "type": "Feature", "properties": { "id": 80013, "district_en": "Keda", "district_ka": "ქედა", "precinct": 13.0, "name_en": "Keda - 13", "name_ka": "ქედა - 13" }, "geometry": { "type": "Point", "coordinates": [ 41.786319700000035, 41.5478433 ] } },
{ "type": "Feature", "properties": { "id": 80014, "district_en": "Keda", "district_ka": "ქედა", "precinct": 14.0, "name_en": "Keda - 14", "name_ka": "ქედა - 14" }, "geometry": { "type": "Point", "coordinates": [ 41.811219779361601, 41.537482933875289 ] } },
{ "type": "Feature", "properties": { "id": 80015, "district_en": "Keda", "district_ka": "ქედა", "precinct": 15.0, "name_en": "Keda - 15", "name_ka": "ქედა - 15" }, "geometry": { "type": "Point", "coordinates": [ 41.831912236245671, 41.565691790893183 ] } },
{ "type": "Feature", "properties": { "id": 80016, "district_en": "Keda", "district_ka": "ქედა", "precinct": 16.0, "name_en": "Keda - 16", "name_ka": "ქედა - 16" }, "geometry": { "type": "Point", "coordinates": [ 41.859133201110829, 41.572326139245035 ] } },
{ "type": "Feature", "properties": { "id": 80017, "district_en": "Keda", "district_ka": "ქედა", "precinct": 17.0, "name_en": "Keda - 17", "name_ka": "ქედა - 17" }, "geometry": { "type": "Point", "coordinates": [ 42.003080415205446, 41.577814800494536 ] } },
{ "type": "Feature", "properties": { "id": 80018, "district_en": "Keda", "district_ka": "ქედა", "precinct": 18.0, "name_en": "Keda - 18", "name_ka": "ქედა - 18" }, "geometry": { "type": "Point", "coordinates": [ 42.011017777840401, 41.579530181144968 ] } },
{ "type": "Feature", "properties": { "id": 80019, "district_en": "Keda", "district_ka": "ქედა", "precinct": 19.0, "name_en": "Keda - 19", "name_ka": "ქედა - 19" }, "geometry": { "type": "Point", "coordinates": [ 41.966110467910767, 41.579184865928163 ] } },
{ "type": "Feature", "properties": { "id": 80020, "district_en": "Keda", "district_ka": "ქედა", "precinct": 20.0, "name_en": "Keda - 20", "name_ka": "ქედა - 20" }, "geometry": { "type": "Point", "coordinates": [ 41.97495307982706, 41.564518605797929 ] } },
{ "type": "Feature", "properties": { "id": 80021, "district_en": "Keda", "district_ka": "ქედა", "precinct": 21.0, "name_en": "Keda - 21", "name_ka": "ქედა - 21" }, "geometry": { "type": "Point", "coordinates": [ 41.879312013963244, 41.590869663665138 ] } },
{ "type": "Feature", "properties": { "id": 80022, "district_en": "Keda", "district_ka": "ქედა", "precinct": 22.0, "name_en": "Keda - 22", "name_ka": "ქედა - 22" }, "geometry": { "type": "Point", "coordinates": [ 41.887720108984354, 41.574342775283391 ] } },
{ "type": "Feature", "properties": { "id": 80023, "district_en": "Keda", "district_ka": "ქედა", "precinct": 23.0, "name_en": "Keda - 23", "name_ka": "ქედა - 23" }, "geometry": { "type": "Point", "coordinates": [ 41.895305550262492, 41.609431666702193 ] } },
{ "type": "Feature", "properties": { "id": 80024, "district_en": "Keda", "district_ka": "ქედა", "precinct": 24.0, "name_en": "Keda - 24", "name_ka": "ქედა - 24" }, "geometry": { "type": "Point", "coordinates": [ 42.061550694334422, 41.64369762125817 ] } },
{ "type": "Feature", "properties": { "id": 80025, "district_en": "Keda", "district_ka": "ქედა", "precinct": 25.0, "name_en": "Keda - 25", "name_ka": "ქედა - 25" }, "geometry": { "type": "Point", "coordinates": [ 42.04805643498765, 41.640110831802815 ] } },
{ "type": "Feature", "properties": { "id": 80026, "district_en": "Keda", "district_ka": "ქედა", "precinct": 26.0, "name_en": "Keda - 26", "name_ka": "ქედა - 26" }, "geometry": { "type": "Point", "coordinates": [ 42.056797980673196, 41.652603766704352 ] } },
{ "type": "Feature", "properties": { "id": 80027, "district_en": "Keda", "district_ka": "ქედა", "precinct": 27.0, "name_en": "Keda - 27", "name_ka": "ქედა - 27" }, "geometry": { "type": "Point", "coordinates": [ 42.076113224029541, 41.647939572284358 ] } },
{ "type": "Feature", "properties": { "id": 80028, "district_en": "Keda", "district_ka": "ქედა", "precinct": 28.0, "name_en": "Keda - 28", "name_ka": "ქედა - 28" }, "geometry": { "type": "Point", "coordinates": [ 42.013273857347137, 41.64430435192687 ] } },
{ "type": "Feature", "properties": { "id": 80029, "district_en": "Keda", "district_ka": "ქედა", "precinct": 29.0, "name_en": "Keda - 29", "name_ka": "ქედა - 29" }, "geometry": { "type": "Point", "coordinates": [ 42.068228818632534, 41.639383997581568 ] } },
{ "type": "Feature", "properties": { "id": 81001, "district_en": "Kobuleti", "district_ka": "ქობულეთი", "precinct": 1.0, "name_en": "Kobuleti - 1", "name_ka": "ქობულეთი - 1" }, "geometry": { "type": "Point", "coordinates": [ 41.781339331044038, 41.798526194057878 ] } },
{ "type": "Feature", "properties": { "id": 81002, "district_en": "Kobuleti", "district_ka": "ქობულეთი", "precinct": 2.0, "name_en": "Kobuleti - 2", "name_ka": "ქობულეთი - 2" }, "geometry": { "type": "Point", "coordinates": [ 41.77862673997879, 41.809984085452683 ] } },
{ "type": "Feature", "properties": { "id": 81003, "district_en": "Kobuleti", "district_ka": "ქობულეთი", "precinct": 3.0, "name_en": "Kobuleti - 3", "name_ka": "ქობულეთი - 3" }, "geometry": { "type": "Point", "coordinates": [ 41.780480146408081, 41.815169828575591 ] } },
{ "type": "Feature", "properties": { "id": 81004, "district_en": "Kobuleti", "district_ka": "ქობულეთი", "precinct": 4.0, "name_en": "Kobuleti - 4", "name_ka": "ქობულეთი - 4" }, "geometry": { "type": "Point", "coordinates": [ 41.788691968122862, 41.810020063418555 ] } },
{ "type": "Feature", "properties": { "id": 81005, "district_en": "Kobuleti", "district_ka": "ქობულეთი", "precinct": 5.0, "name_en": "Kobuleti - 5", "name_ka": "ქობულეთი - 5" }, "geometry": { "type": "Point", "coordinates": [ 41.775991015591444, 41.820480186234661 ] } },
{ "type": "Feature", "properties": { "id": 81006, "district_en": "Kobuleti", "district_ka": "ქობულეთი", "precinct": 6.0, "name_en": "Kobuleti - 6", "name_ka": "ქობულეთი - 6" }, "geometry": { "type": "Point", "coordinates": [ 41.775441194581603, 41.812419409306642 ] } },
{ "type": "Feature", "properties": { "id": 81007, "district_en": "Kobuleti", "district_ka": "ქობულეთი", "precinct": 7.0, "name_en": "Kobuleti - 7", "name_ka": "ქობულეთი - 7" }, "geometry": { "type": "Point", "coordinates": [ 41.777198045967495, 41.823483053789545 ] } },
{ "type": "Feature", "properties": { "id": 81008, "district_en": "Kobuleti", "district_ka": "ქობულეთი", "precinct": 8.0, "name_en": "Kobuleti - 8", "name_ka": "ქობულეთი - 8" }, "geometry": { "type": "Point", "coordinates": [ 41.779793922753939, 41.830639048124006 ] } },
{ "type": "Feature", "properties": { "id": 81009, "district_en": "Kobuleti", "district_ka": "ქობულეთი", "precinct": 9.0, "name_en": "Kobuleti - 9", "name_ka": "ქობულეთი - 9" }, "geometry": { "type": "Point", "coordinates": [ 41.780926572908008, 41.835729104761853 ] } },
{ "type": "Feature", "properties": { "id": 81010, "district_en": "Kobuleti", "district_ka": "ქობულეთი", "precinct": 10.0, "name_en": "Kobuleti - 10", "name_ka": "ქობულეთი - 10" }, "geometry": { "type": "Point", "coordinates": [ 41.780831257672141, 41.839617730460084 ] } },
{ "type": "Feature", "properties": { "id": 81011, "district_en": "Kobuleti", "district_ka": "ქობულეთი", "precinct": 11.0, "name_en": "Kobuleti - 11", "name_ka": "ქობულეთი - 11" }, "geometry": { "type": "Point", "coordinates": [ 41.781011153858913, 41.841981341798757 ] } },
{ "type": "Feature", "properties": { "id": 81012, "district_en": "Kobuleti", "district_ka": "ქობულეთი", "precinct": 12.0, "name_en": "Kobuleti - 12", "name_ka": "ქობულეთი - 12" }, "geometry": { "type": "Point", "coordinates": [ 41.780396997928619, 41.871881706134261 ] } },
{ "type": "Feature", "properties": { "id": 81013, "district_en": "Kobuleti", "district_ka": "ქობულეთი", "precinct": 13.0, "name_en": "Kobuleti - 13", "name_ka": "ქობულეთი - 13" }, "geometry": { "type": "Point", "coordinates": [ 41.818414234115586, 41.890974516132452 ] } },
{ "type": "Feature", "properties": { "id": 81014, "district_en": "Kobuleti", "district_ka": "ქობულეთი", "precinct": 14.0, "name_en": "Kobuleti - 14", "name_ka": "ქობულეთი - 14" }, "geometry": { "type": "Point", "coordinates": [ 41.833763116326963, 41.856992670531412 ] } },
{ "type": "Feature", "properties": { "id": 81015, "district_en": "Kobuleti", "district_ka": "ქობულეთი", "precinct": 15.0, "name_en": "Kobuleti - 15", "name_ka": "ქობულეთი - 15" }, "geometry": { "type": "Point", "coordinates": [ 41.870138887348936, 41.867686159014532 ] } },
{ "type": "Feature", "properties": { "id": 81016, "district_en": "Kobuleti", "district_ka": "ქობულეთი", "precinct": 16.0, "name_en": "Kobuleti - 16", "name_ka": "ქობულეთი - 16" }, "geometry": { "type": "Point", "coordinates": [ 41.913316547870636, 41.88621056918084 ] } },
{ "type": "Feature", "properties": { "id": 81017, "district_en": "Kobuleti", "district_ka": "ქობულეთი", "precinct": 17.0, "name_en": "Kobuleti - 17", "name_ka": "ქობულეთი - 17" }, "geometry": { "type": "Point", "coordinates": [ 41.872265124575733, 41.832160664916621 ] } },
{ "type": "Feature", "properties": { "id": 81018, "district_en": "Kobuleti", "district_ka": "ქობულეთი", "precinct": 18.0, "name_en": "Kobuleti - 18", "name_ka": "ქობულეთი - 18" }, "geometry": { "type": "Point", "coordinates": [ 41.871336464387468, 41.81498608229208 ] } },
{ "type": "Feature", "properties": { "id": 81019, "district_en": "Kobuleti", "district_ka": "ქობულეთი", "precinct": 19.0, "name_en": "Kobuleti - 19", "name_ka": "ქობულეთი - 19" }, "geometry": { "type": "Point", "coordinates": [ 41.904317736625671, 41.815285773314848 ] } },
{ "type": "Feature", "properties": { "id": 81020, "district_en": "Kobuleti", "district_ka": "ქობულეთი", "precinct": 20.0, "name_en": "Kobuleti - 20", "name_ka": "ქობულეთი - 20" }, "geometry": { "type": "Point", "coordinates": [ 41.866737017196684, 41.841697218576229 ] } },
{ "type": "Feature", "properties": { "id": 81021, "district_en": "Kobuleti", "district_ka": "ქობულეთი", "precinct": 21.0, "name_en": "Kobuleti - 21", "name_ka": "ქობულეთი - 21" }, "geometry": { "type": "Point", "coordinates": [ 41.920405626296997, 41.825723937760984 ] } },
{ "type": "Feature", "properties": { "id": 81022, "district_en": "Kobuleti", "district_ka": "ქობულეთი", "precinct": 22.0, "name_en": "Kobuleti - 22", "name_ka": "ქობულეთი - 22" }, "geometry": { "type": "Point", "coordinates": [ 41.910184466934197, 41.855164966021988 ] } },
{ "type": "Feature", "properties": { "id": 81023, "district_en": "Kobuleti", "district_ka": "ქობულეთი", "precinct": 23.0, "name_en": "Kobuleti - 23", "name_ka": "ქობულეთი - 23" }, "geometry": { "type": "Point", "coordinates": [ 41.942684054374695, 41.871186649620306 ] } },
{ "type": "Feature", "properties": { "id": 81024, "district_en": "Kobuleti", "district_ka": "ქობულეთი", "precinct": 24.0, "name_en": "Kobuleti - 24", "name_ka": "ქობულეთი - 24" }, "geometry": { "type": "Point", "coordinates": [ 41.891684532165527, 41.853893687705295 ] } },
{ "type": "Feature", "properties": { "id": 81025, "district_en": "Kobuleti", "district_ka": "ქობულეთი", "precinct": 25.0, "name_en": "Kobuleti - 25", "name_ka": "ქობულეთი - 25" }, "geometry": { "type": "Point", "coordinates": [ 41.959040696009104, 41.85748584816254 ] } },
{ "type": "Feature", "properties": { "id": 81026, "district_en": "Kobuleti", "district_ka": "ქობულეთი", "precinct": 26.0, "name_en": "Kobuleti - 26", "name_ka": "ქობულეთი - 26" }, "geometry": { "type": "Point", "coordinates": [ 42.0041844310051, 41.839796886320904 ] } },
{ "type": "Feature", "properties": { "id": 81027, "district_en": "Kobuleti", "district_ka": "ქობულეთი", "precinct": 27.0, "name_en": "Kobuleti - 27", "name_ka": "ქობულეთი - 27" }, "geometry": { "type": "Point", "coordinates": [ 41.839736795462045, 41.825758183757856 ] } },
{ "type": "Feature", "properties": { "id": 81028, "district_en": "Kobuleti", "district_ka": "ქობულეთი", "precinct": 28.0, "name_en": "Kobuleti - 28", "name_ka": "ქობულეთი - 28" }, "geometry": { "type": "Point", "coordinates": [ 41.830391198465875, 41.804608687691719 ] } },
{ "type": "Feature", "properties": { "id": 81029, "district_en": "Kobuleti", "district_ka": "ქობულეთი", "precinct": 29.0, "name_en": "Kobuleti - 29", "name_ka": "ქობულეთი - 29" }, "geometry": { "type": "Point", "coordinates": [ 41.83891228108974, 41.798873761309316 ] } },
{ "type": "Feature", "properties": { "id": 81030, "district_en": "Kobuleti", "district_ka": "ქობულეთი", "precinct": 30.0, "name_en": "Kobuleti - 30", "name_ka": "ქობულეთი - 30" }, "geometry": { "type": "Point", "coordinates": [ 41.802899307934581, 41.806619650905283 ] } },
{ "type": "Feature", "properties": { "id": 81031, "district_en": "Kobuleti", "district_ka": "ქობულეთი", "precinct": 31.0, "name_en": "Kobuleti - 31", "name_ka": "ქობულეთი - 31" }, "geometry": { "type": "Point", "coordinates": [ 41.845374018023065, 41.810398626589674 ] } },
{ "type": "Feature", "properties": { "id": 81032, "district_en": "Kobuleti", "district_ka": "ქობულეთი", "precinct": 32.0, "name_en": "Kobuleti - 32", "name_ka": "ქობულეთი - 32" }, "geometry": { "type": "Point", "coordinates": [ 41.825023591518402, 41.786005062346533 ] } },
{ "type": "Feature", "properties": { "id": 81033, "district_en": "Kobuleti", "district_ka": "ქობულეთი", "precinct": 33.0, "name_en": "Kobuleti - 33", "name_ka": "ქობულეთი - 33" }, "geometry": { "type": "Point", "coordinates": [ 41.813621520996094, 41.784569075656108 ] } },
{ "type": "Feature", "properties": { "id": 81034, "district_en": "Kobuleti", "district_ka": "ქობულეთი", "precinct": 34.0, "name_en": "Kobuleti - 34", "name_ka": "ქობულეთი - 34" }, "geometry": { "type": "Point", "coordinates": [ 41.832246388005068, 41.772906676141893 ] } },
{ "type": "Feature", "properties": { "id": 81035, "district_en": "Kobuleti", "district_ka": "ქობულეთი", "precinct": 35.0, "name_en": "Kobuleti - 35", "name_ka": "ქობულეთი - 35" }, "geometry": { "type": "Point", "coordinates": [ 41.791332364082336, 41.765546217895519 ] } },
{ "type": "Feature", "properties": { "id": 81036, "district_en": "Kobuleti", "district_ka": "ქობულეთი", "precinct": 36.0, "name_en": "Kobuleti - 36", "name_ka": "ქობულეთი - 36" }, "geometry": { "type": "Point", "coordinates": [ 41.814224609123251, 41.753711238954153 ] } },
{ "type": "Feature", "properties": { "id": 81037, "district_en": "Kobuleti", "district_ka": "ქობულეთი", "precinct": 37.0, "name_en": "Kobuleti - 37", "name_ka": "ქობულეთი - 37" }, "geometry": { "type": "Point", "coordinates": [ 41.877334439742306, 41.803246166908238 ] } },
{ "type": "Feature", "properties": { "id": 81038, "district_en": "Kobuleti", "district_ka": "ქობულეთი", "precinct": 38.0, "name_en": "Kobuleti - 38", "name_ka": "ქობულეთი - 38" }, "geometry": { "type": "Point", "coordinates": [ 41.897625642436189, 41.802829904799395 ] } },
{ "type": "Feature", "properties": { "id": 81039, "district_en": "Kobuleti", "district_ka": "ქობულეთი", "precinct": 39.0, "name_en": "Kobuleti - 39", "name_ka": "ქობულეთი - 39" }, "geometry": { "type": "Point", "coordinates": [ 41.858403930488535, 41.788011724194511 ] } },
{ "type": "Feature", "properties": { "id": 81040, "district_en": "Kobuleti", "district_ka": "ქობულეთი", "precinct": 40.0, "name_en": "Kobuleti - 40", "name_ka": "ქობულეთი - 40" }, "geometry": { "type": "Point", "coordinates": [ 41.935557233274025, 41.802570894311401 ] } },
{ "type": "Feature", "properties": { "id": 81041, "district_en": "Kobuleti", "district_ka": "ქობულეთი", "precinct": 41.0, "name_en": "Kobuleti - 41", "name_ka": "ქობულეთი - 41" }, "geometry": { "type": "Point", "coordinates": [ 41.738662647299201, 41.743731322795504 ] } },
{ "type": "Feature", "properties": { "id": 81042, "district_en": "Kobuleti", "district_ka": "ქობულეთი", "precinct": 42.0, "name_en": "Kobuleti - 42", "name_ka": "ქობულეთი - 42" }, "geometry": { "type": "Point", "coordinates": [ 41.734438662734988, 41.724886270822637 ] } },
{ "type": "Feature", "properties": { "id": 81043, "district_en": "Kobuleti", "district_ka": "ქობულეთი", "precinct": 43.0, "name_en": "Kobuleti - 43", "name_ka": "ქობულეთი - 43" }, "geometry": { "type": "Point", "coordinates": [ 41.742534363784777, 41.717870630793946 ] } },
{ "type": "Feature", "properties": { "id": 81044, "district_en": "Kobuleti", "district_ka": "ქობულეთი", "precinct": 44.0, "name_en": "Kobuleti - 44", "name_ka": "ქობულეთი - 44" }, "geometry": { "type": "Point", "coordinates": [ 41.742929928094554, 41.685089966304567 ] } },
{ "type": "Feature", "properties": { "id": 81045, "district_en": "Kobuleti", "district_ka": "ქობულეთი", "precinct": 45.0, "name_en": "Kobuleti - 45", "name_ka": "ქობულეთი - 45" }, "geometry": { "type": "Point", "coordinates": [ 41.735032796859741, 41.686554092903428 ] } },
{ "type": "Feature", "properties": { "id": 81046, "district_en": "Kobuleti", "district_ka": "ქობულეთი", "precinct": 46.0, "name_en": "Kobuleti - 46", "name_ka": "ქობულეთი - 46" }, "geometry": { "type": "Point", "coordinates": [ 41.760534105834957, 41.70888887541939 ] } },
{ "type": "Feature", "properties": { "id": 81047, "district_en": "Kobuleti", "district_ka": "ქობულეთი", "precinct": 47.0, "name_en": "Kobuleti - 47", "name_ka": "ქობულეთი - 47" }, "geometry": { "type": "Point", "coordinates": [ 41.75029456615448, 41.734073110786937 ] } },
{ "type": "Feature", "properties": { "id": 81048, "district_en": "Kobuleti", "district_ka": "ქობულეთი", "precinct": 48.0, "name_en": "Kobuleti - 48", "name_ka": "ქობულეთი - 48" }, "geometry": { "type": "Point", "coordinates": [ 41.773102389024423, 41.737339607387234 ] } },
{ "type": "Feature", "properties": { "id": 81049, "district_en": "Kobuleti", "district_ka": "ქობულეთი", "precinct": 49.0, "name_en": "Kobuleti - 49", "name_ka": "ქობულეთი - 49" }, "geometry": { "type": "Point", "coordinates": [ 41.767112016677856, 41.72823224000723 ] } },
{ "type": "Feature", "properties": { "id": 81050, "district_en": "Kobuleti", "district_ka": "ქობულეთი", "precinct": 50.0, "name_en": "Kobuleti - 50", "name_ka": "ქობულეთი - 50" }, "geometry": { "type": "Point", "coordinates": [ 41.796244284833513, 41.706548761930847 ] } },
{ "type": "Feature", "properties": { "id": 81051, "district_en": "Kobuleti", "district_ka": "ქობულეთი", "precinct": 51.0, "name_en": "Kobuleti - 51", "name_ka": "ქობულეთი - 51" }, "geometry": { "type": "Point", "coordinates": [ 41.774551456344639, 41.711547540551898 ] } },
{ "type": "Feature", "properties": { "id": 81052, "district_en": "Kobuleti", "district_ka": "ქობულეთი", "precinct": 52.0, "name_en": "Kobuleti - 52", "name_ka": "ქობულეთი - 52" }, "geometry": { "type": "Point", "coordinates": [ 41.762896942040328, 41.765049223356371 ] } },
{ "type": "Feature", "properties": { "id": 81053, "district_en": "Kobuleti", "district_ka": "ქობულეთი", "precinct": 53.0, "name_en": "Kobuleti - 53", "name_ka": "ქობულეთი - 53" }, "geometry": { "type": "Point", "coordinates": [ 41.775385953967316, 41.750750457329829 ] } },
{ "type": "Feature", "properties": { "id": 81054, "district_en": "Kobuleti", "district_ka": "ქობულეთი", "precinct": 54.0, "name_en": "Kobuleti - 54", "name_ka": "ქობულეთი - 54" }, "geometry": { "type": "Point", "coordinates": [ 41.79174405158998, 41.766852342697788 ] } },
{ "type": "Feature", "properties": { "id": 81055, "district_en": "Kobuleti", "district_ka": "ქობულეთი", "precinct": 55.0, "name_en": "Kobuleti - 55", "name_ka": "ქობულეთი - 55" }, "geometry": { "type": "Point", "coordinates": [ 41.765106531560484, 41.765481293449874 ] } },
{ "type": "Feature", "properties": { "id": 81056, "district_en": "Kobuleti", "district_ka": "ქობულეთი", "precinct": 56.0, "name_en": "Kobuleti - 56", "name_ka": "ქობულეთი - 56" }, "geometry": { "type": "Point", "coordinates": [ 41.75856, 41.70649 ] } },
{ "type": "Feature", "properties": { "id": 81057, "district_en": "Kobuleti", "district_ka": "ქობულეთი", "precinct": 57.0, "name_en": "Kobuleti - 57", "name_ka": "ქობულეთი - 57" }, "geometry": { "type": "Point", "coordinates": [ 41.867117890876784, 41.841929011775463 ] } },
{ "type": "Feature", "properties": { "id": 82001, "district_en": "Shuakhevi", "district_ka": "შუახევი", "precinct": 1.0, "name_en": "Shuakhevi - 1", "name_ka": "შუახევი - 1" }, "geometry": { "type": "Point", "coordinates": [ 42.184253493129461, 41.624820072362589 ] } },
{ "type": "Feature", "properties": { "id": 82002, "district_en": "Shuakhevi", "district_ka": "შუახევი", "precinct": 2.0, "name_en": "Shuakhevi - 2", "name_ka": "შუახევი - 2" }, "geometry": { "type": "Point", "coordinates": [ 42.195185036773509, 41.641385112171044 ] } },
{ "type": "Feature", "properties": { "id": 82003, "district_en": "Shuakhevi", "district_ka": "შუახევი", "precinct": 3.0, "name_en": "Shuakhevi - 3", "name_ka": "შუახევი - 3" }, "geometry": { "type": "Point", "coordinates": [ 42.163403821487968, 41.626350212461183 ] } },
{ "type": "Feature", "properties": { "id": 82004, "district_en": "Shuakhevi", "district_ka": "შუახევი", "precinct": 4.0, "name_en": "Shuakhevi - 4", "name_ka": "შუახევი - 4" }, "geometry": { "type": "Point", "coordinates": [ 42.221893333898912, 41.639911437620668 ] } },
{ "type": "Feature", "properties": { "id": 82005, "district_en": "Shuakhevi", "district_ka": "შუახევი", "precinct": 5.0, "name_en": "Shuakhevi - 5", "name_ka": "შუახევი - 5" }, "geometry": { "type": "Point", "coordinates": [ 42.203323550935345, 41.675325106108183 ] } },
{ "type": "Feature", "properties": { "id": 82006, "district_en": "Shuakhevi", "district_ka": "შუახევი", "precinct": 6.0, "name_en": "Shuakhevi - 6", "name_ka": "შუახევი - 6" }, "geometry": { "type": "Point", "coordinates": [ 42.194030453610232, 41.667889676027102 ] } },
{ "type": "Feature", "properties": { "id": 82007, "district_en": "Shuakhevi", "district_ka": "შუახევი", "precinct": 7.0, "name_en": "Shuakhevi - 7", "name_ka": "შუახევი - 7" }, "geometry": { "type": "Point", "coordinates": [ 42.187018211462217, 41.678120003383754 ] } },
{ "type": "Feature", "properties": { "id": 82008, "district_en": "Shuakhevi", "district_ka": "შუახევი", "precinct": 8.0, "name_en": "Shuakhevi - 8", "name_ka": "შუახევი - 8" }, "geometry": { "type": "Point", "coordinates": [ 42.237065815571277, 41.680152111724126 ] } },
{ "type": "Feature", "properties": { "id": 82009, "district_en": "Shuakhevi", "district_ka": "შუახევი", "precinct": 9.0, "name_en": "Shuakhevi - 9", "name_ka": "შუახევი - 9" }, "geometry": { "type": "Point", "coordinates": [ 42.213128063881548, 41.580685086743593 ] } },
{ "type": "Feature", "properties": { "id": 82010, "district_en": "Shuakhevi", "district_ka": "შუახევი", "precinct": 10.0, "name_en": "Shuakhevi - 10", "name_ka": "შუახევი - 10" }, "geometry": { "type": "Point", "coordinates": [ 42.19422350331066, 41.585525913032825 ] } },
{ "type": "Feature", "properties": { "id": 82011, "district_en": "Shuakhevi", "district_ka": "შუახევი", "precinct": 11.0, "name_en": "Shuakhevi - 11", "name_ka": "შუახევი - 11" }, "geometry": { "type": "Point", "coordinates": [ 42.235590523803729, 41.580419354124139 ] } },
{ "type": "Feature", "properties": { "id": 82012, "district_en": "Shuakhevi", "district_ka": "შუახევი", "precinct": 12.0, "name_en": "Shuakhevi - 12", "name_ka": "შუახევი - 12" }, "geometry": { "type": "Point", "coordinates": [ 42.246097186880526, 41.574720363165476 ] } },
{ "type": "Feature", "properties": { "id": 82013, "district_en": "Shuakhevi", "district_ka": "შუახევი", "precinct": 13.0, "name_en": "Shuakhevi - 13", "name_ka": "შუახევი - 13" }, "geometry": { "type": "Point", "coordinates": [ 42.240045813120638, 41.557708667129667 ] } },
{ "type": "Feature", "properties": { "id": 82014, "district_en": "Shuakhevi", "district_ka": "შუახევი", "precinct": 14.0, "name_en": "Shuakhevi - 14", "name_ka": "შუახევი - 14" }, "geometry": { "type": "Point", "coordinates": [ 42.245162584996564, 41.647553207751258 ] } },
{ "type": "Feature", "properties": { "id": 82015, "district_en": "Shuakhevi", "district_ka": "შუახევი", "precinct": 15.0, "name_en": "Shuakhevi - 15", "name_ka": "შუახევი - 15" }, "geometry": { "type": "Point", "coordinates": [ 42.265609598811338, 41.610421969774173 ] } },
{ "type": "Feature", "properties": { "id": 82016, "district_en": "Shuakhevi", "district_ka": "შუახევი", "precinct": 16.0, "name_en": "Shuakhevi - 16", "name_ka": "შუახევი - 16" }, "geometry": { "type": "Point", "coordinates": [ 42.216391377493281, 41.621905094614817 ] } },
{ "type": "Feature", "properties": { "id": 82017, "district_en": "Shuakhevi", "district_ka": "შუახევი", "precinct": 17.0, "name_en": "Shuakhevi - 17", "name_ka": "შუახევი - 17" }, "geometry": { "type": "Point", "coordinates": [ 42.238844165897795, 41.620055410523953 ] } },
{ "type": "Feature", "properties": { "id": 82018, "district_en": "Shuakhevi", "district_ka": "შუახევი", "precinct": 18.0, "name_en": "Shuakhevi - 18", "name_ka": "შუახევი - 18" }, "geometry": { "type": "Point", "coordinates": [ 42.291567606082133, 41.560905070296215 ] } },
{ "type": "Feature", "properties": { "id": 82019, "district_en": "Shuakhevi", "district_ka": "შუახევი", "precinct": 19.0, "name_en": "Shuakhevi - 19", "name_ka": "შუახევი - 19" }, "geometry": { "type": "Point", "coordinates": [ 42.300776252375513, 41.565164378151636 ] } },
{ "type": "Feature", "properties": { "id": 82020, "district_en": "Shuakhevi", "district_ka": "შუახევი", "precinct": 20.0, "name_en": "Shuakhevi - 20", "name_ka": "შუახევი - 20" }, "geometry": { "type": "Point", "coordinates": [ 42.316940787798586, 41.550643757867562 ] } },
{ "type": "Feature", "properties": { "id": 82021, "district_en": "Shuakhevi", "district_ka": "შუახევი", "precinct": 21.0, "name_en": "Shuakhevi - 21", "name_ka": "შუახევი - 21" }, "geometry": { "type": "Point", "coordinates": [ 42.26741802029062, 41.560635689810631 ] } },
{ "type": "Feature", "properties": { "id": 82022, "district_en": "Shuakhevi", "district_ka": "შუახევი", "precinct": 22.0, "name_en": "Shuakhevi - 22", "name_ka": "შუახევი - 22" }, "geometry": { "type": "Point", "coordinates": [ 42.255929494631268, 41.554613651462667 ] } },
{ "type": "Feature", "properties": { "id": 82023, "district_en": "Shuakhevi", "district_ka": "შუახევი", "precinct": 23.0, "name_en": "Shuakhevi - 23", "name_ka": "შუახევი - 23" }, "geometry": { "type": "Point", "coordinates": [ 42.134444138251304, 41.591120438623129 ] } },
{ "type": "Feature", "properties": { "id": 82024, "district_en": "Shuakhevi", "district_ka": "შუახევი", "precinct": 24.0, "name_en": "Shuakhevi - 24", "name_ka": "შუახევი - 24" }, "geometry": { "type": "Point", "coordinates": [ 42.144326018385321, 41.611439183716392 ] } },
{ "type": "Feature", "properties": { "id": 82025, "district_en": "Shuakhevi", "district_ka": "შუახევი", "precinct": 25.0, "name_en": "Shuakhevi - 25", "name_ka": "შუახევი - 25" }, "geometry": { "type": "Point", "coordinates": [ 42.141404971302784, 41.57838120366857 ] } },
{ "type": "Feature", "properties": { "id": 82026, "district_en": "Shuakhevi", "district_ka": "შუახევი", "precinct": 26.0, "name_en": "Shuakhevi - 26", "name_ka": "შუახევი - 26" }, "geometry": { "type": "Point", "coordinates": [ 42.15493226078263, 41.554472953910192 ] } },
{ "type": "Feature", "properties": { "id": 82027, "district_en": "Shuakhevi", "district_ka": "შუახევი", "precinct": 27.0, "name_en": "Shuakhevi - 27", "name_ka": "შუახევი - 27" }, "geometry": { "type": "Point", "coordinates": [ 42.155255796681224, 41.570875384705936 ] } },
{ "type": "Feature", "properties": { "id": 82028, "district_en": "Shuakhevi", "district_ka": "შუახევი", "precinct": 28.0, "name_en": "Shuakhevi - 28", "name_ka": "შუახევი - 28" }, "geometry": { "type": "Point", "coordinates": [ 42.1791022, 41.6005359 ] } },
{ "type": "Feature", "properties": { "id": 82029, "district_en": "Shuakhevi", "district_ka": "შუახევი", "precinct": 29.0, "name_en": "Shuakhevi - 29", "name_ka": "შუახევი - 29" }, "geometry": { "type": "Point", "coordinates": [ 42.37016660908089, 41.519039724284717 ] } },
{ "type": "Feature", "properties": { "id": 82030, "district_en": "Shuakhevi", "district_ka": "შუახევი", "precinct": 30.0, "name_en": "Shuakhevi - 30", "name_ka": "შუახევი - 30" }, "geometry": { "type": "Point", "coordinates": [ 42.379375238509517, 41.508754127035296 ] } },
{ "type": "Feature", "properties": { "id": 82031, "district_en": "Shuakhevi", "district_ka": "შუახევი", "precinct": 31.0, "name_en": "Shuakhevi - 31", "name_ka": "შუახევი - 31" }, "geometry": { "type": "Point", "coordinates": [ 42.38767054546242, 41.517991785018509 ] } },
{ "type": "Feature", "properties": { "id": 82032, "district_en": "Shuakhevi", "district_ka": "შუახევი", "precinct": 32.0, "name_en": "Shuakhevi - 32", "name_ka": "შუახევი - 32" }, "geometry": { "type": "Point", "coordinates": [ 42.342227941873865, 41.543760282160946 ] } },
{ "type": "Feature", "properties": { "id": 82033, "district_en": "Shuakhevi", "district_ka": "შუახევი", "precinct": 33.0, "name_en": "Shuakhevi - 33", "name_ka": "შუახევი - 33" }, "geometry": { "type": "Point", "coordinates": [ 42.223903535182465, 41.724485547948426 ] } },
{ "type": "Feature", "properties": { "id": 82034, "district_en": "Shuakhevi", "district_ka": "შუახევი", "precinct": 34.0, "name_en": "Shuakhevi - 34", "name_ka": "შუახევი - 34" }, "geometry": { "type": "Point", "coordinates": [ 42.178861966346915, 41.708062332301374 ] } },
{ "type": "Feature", "properties": { "id": 82035, "district_en": "Shuakhevi", "district_ka": "შუახევი", "precinct": 35.0, "name_en": "Shuakhevi - 35", "name_ka": "შუახევი - 35" }, "geometry": { "type": "Point", "coordinates": [ 42.269197166762687, 41.758180482454655 ] } },
{ "type": "Feature", "properties": { "id": 82036, "district_en": "Shuakhevi", "district_ka": "შუახევი", "precinct": 36.0, "name_en": "Shuakhevi - 36", "name_ka": "შუახევი - 36" }, "geometry": { "type": "Point", "coordinates": [ 42.193908847982506, 41.699522097763989 ] } },
{ "type": "Feature", "properties": { "id": 82037, "district_en": "Shuakhevi", "district_ka": "შუახევი", "precinct": 37.0, "name_en": "Shuakhevi - 37", "name_ka": "შუახევი - 37" }, "geometry": { "type": "Point", "coordinates": [ 42.231556343739598, 41.719169122076913 ] } },
{ "type": "Feature", "properties": { "id": 82038, "district_en": "Shuakhevi", "district_ka": "შუახევი", "precinct": 38.0, "name_en": "Shuakhevi - 38", "name_ka": "შუახევი - 38" }, "geometry": { "type": "Point", "coordinates": [ 42.154775510589602, 41.674151220323644 ] } },
{ "type": "Feature", "properties": { "id": 82039, "district_en": "Shuakhevi", "district_ka": "შუახევი", "precinct": 39.0, "name_en": "Shuakhevi - 39", "name_ka": "შუახევი - 39" }, "geometry": { "type": "Point", "coordinates": [ 42.139723352453494, 41.659010378988746 ] } },
{ "type": "Feature", "properties": { "id": 82040, "district_en": "Shuakhevi", "district_ka": "შუახევი", "precinct": 40.0, "name_en": "Shuakhevi - 40", "name_ka": "შუახევი - 40" }, "geometry": { "type": "Point", "coordinates": [ 42.163379532085436, 41.690163450807638 ] } },
{ "type": "Feature", "properties": { "id": 82041, "district_en": "Shuakhevi", "district_ka": "შუახევი", "precinct": 41.0, "name_en": "Shuakhevi - 41", "name_ka": "შუახევი - 41" }, "geometry": { "type": "Point", "coordinates": [ 42.176077273325738, 41.668783957069415 ] } },
{ "type": "Feature", "properties": { "id": 82042, "district_en": "Shuakhevi", "district_ka": "შუახევი", "precinct": 42.0, "name_en": "Shuakhevi - 42", "name_ka": "შუახევი - 42" }, "geometry": { "type": "Point", "coordinates": [ 42.163057527151082, 41.664578140920675 ] } },
{ "type": "Feature", "properties": { "id": 82043, "district_en": "Shuakhevi", "district_ka": "შუახევი", "precinct": 43.0, "name_en": "Shuakhevi - 43", "name_ka": "შუახევი - 43" }, "geometry": { "type": "Point", "coordinates": [ 42.144222634615659, 41.65221407569932 ] } },
{ "type": "Feature", "properties": { "id": 82044, "district_en": "Shuakhevi", "district_ka": "შუახევი", "precinct": 44.0, "name_en": "Shuakhevi - 44", "name_ka": "შუახევი - 44" }, "geometry": { "type": "Point", "coordinates": [ 42.293873034329081, 41.579619868594733 ] } },
{ "type": "Feature", "properties": { "id": 82045, "district_en": "Shuakhevi", "district_ka": "შუახევი", "precinct": 45.0, "name_en": "Shuakhevi - 45", "name_ka": "შუახევი - 45" }, "geometry": { "type": "Point", "coordinates": [ 42.130650947568469, 41.645271540722703 ] } },
{ "type": "Feature", "properties": { "id": 82046, "district_en": "Shuakhevi", "district_ka": "შუახევი", "precinct": 46.0, "name_en": "Shuakhevi - 46", "name_ka": "შუახევი - 46" }, "geometry": { "type": "Point", "coordinates": [ 42.259340543958103, 41.628122855974169 ] } },
{ "type": "Feature", "properties": { "id": 82047, "district_en": "Shuakhevi", "district_ka": "შუახევი", "precinct": 47.0, "name_en": "Shuakhevi - 47", "name_ka": "შუახევი - 47" }, "geometry": { "type": "Point", "coordinates": [ 42.249265600269261, 41.61577013073375 ] } },
{ "type": "Feature", "properties": { "id": 82048, "district_en": "Shuakhevi", "district_ka": "შუახევი", "precinct": 48.0, "name_en": "Shuakhevi - 48", "name_ka": "შუახევი - 48" }, "geometry": { "type": "Point", "coordinates": [ 42.291100724850814, 41.56660042587098 ] } },
{ "type": "Feature", "properties": { "id": 83001, "district_en": "Khelvachauri", "district_ka": "ხელვაჩაური", "precinct": 1.0, "name_en": "Khelvachauri - 1", "name_ka": "ხელვაჩაური - 1" }, "geometry": { "type": "Point", "coordinates": [ 41.662230001867947, 41.586831563387726 ] } },
{ "type": "Feature", "properties": { "id": 83002, "district_en": "Khelvachauri", "district_ka": "ხელვაჩაური", "precinct": 2.0, "name_en": "Khelvachauri - 2", "name_ka": "ხელვაჩაური - 2" }, "geometry": { "type": "Point", "coordinates": [ 41.661400845651535, 41.587394354343417 ] } },
{ "type": "Feature", "properties": { "id": 83003, "district_en": "Khelvachauri", "district_ka": "ხელვაჩაური", "precinct": 3.0, "name_en": "Khelvachauri - 3", "name_ka": "ხელვაჩაური - 3" }, "geometry": { "type": "Point", "coordinates": [ 41.662275195121765, 41.586800702084368 ] } },
{ "type": "Feature", "properties": { "id": 83004, "district_en": "Khelvachauri", "district_ka": "ხელვაჩაური", "precinct": 4.0, "name_en": "Khelvachauri - 4", "name_ka": "ხელვაჩაური - 4" }, "geometry": { "type": "Point", "coordinates": [ 41.653765839691516, 41.602303218297756 ] } },
{ "type": "Feature", "properties": { "id": 83005, "district_en": "Khelvachauri", "district_ka": "ხელვაჩაური", "precinct": 5.0, "name_en": "Khelvachauri - 5", "name_ka": "ხელვაჩაური - 5" }, "geometry": { "type": "Point", "coordinates": [ 41.688973903656006, 41.566639649935667 ] } },
{ "type": "Feature", "properties": { "id": 83006, "district_en": "Khelvachauri", "district_ka": "ხელვაჩაური", "precinct": 6.0, "name_en": "Khelvachauri - 6", "name_ka": "ხელვაჩაური - 6" }, "geometry": { "type": "Point", "coordinates": [ 41.710517406463623, 41.574987345758238 ] } },
{ "type": "Feature", "properties": { "id": 83007, "district_en": "Khelvachauri", "district_ka": "ხელვაჩაური", "precinct": 7.0, "name_en": "Khelvachauri - 7", "name_ka": "ხელვაჩაური - 7" }, "geometry": { "type": "Point", "coordinates": [ 41.700228452682495, 41.675548349246206 ] } },
{ "type": "Feature", "properties": { "id": 83008, "district_en": "Khelvachauri", "district_ka": "ხელვაჩაური", "precinct": 8.0, "name_en": "Khelvachauri - 8", "name_ka": "ხელვაჩაური - 8" }, "geometry": { "type": "Point", "coordinates": [ 41.718062460422516, 41.665853161974546 ] } },
{ "type": "Feature", "properties": { "id": 83009, "district_en": "Khelvachauri", "district_ka": "ხელვაჩაური", "precinct": 9.0, "name_en": "Khelvachauri - 9", "name_ka": "ხელვაჩაური - 9" }, "geometry": { "type": "Point", "coordinates": [ 41.70185231815897, 41.662477940001999 ] } },
{ "type": "Feature", "properties": { "id": 83010, "district_en": "Khelvachauri", "district_ka": "ხელვაჩაური", "precinct": 10.0, "name_en": "Khelvachauri - 10", "name_ka": "ხელვაჩაური - 10" }, "geometry": { "type": "Point", "coordinates": [ 41.725681691697098, 41.643313524308695 ] } },
{ "type": "Feature", "properties": { "id": 83011, "district_en": "Khelvachauri", "district_ka": "ხელვაჩაური", "precinct": 11.0, "name_en": "Khelvachauri - 11", "name_ka": "ხელვაჩაური - 11" }, "geometry": { "type": "Point", "coordinates": [ 41.70534610748291, 41.649603086678113 ] } },
{ "type": "Feature", "properties": { "id": 83012, "district_en": "Khelvachauri", "district_ka": "ხელვაჩაური", "precinct": 12.0, "name_en": "Khelvachauri - 12", "name_ka": "ხელვაჩაური - 12" }, "geometry": { "type": "Point", "coordinates": [ 41.701762676239014, 41.644199514410921 ] } },
{ "type": "Feature", "properties": { "id": 83013, "district_en": "Khelvachauri", "district_ka": "ხელვაჩაური", "precinct": 13.0, "name_en": "Khelvachauri - 13", "name_ka": "ხელვაჩაური - 13" }, "geometry": { "type": "Point", "coordinates": [ 41.686422047547104, 41.64477267663608 ] } },
{ "type": "Feature", "properties": { "id": 83014, "district_en": "Khelvachauri", "district_ka": "ხელვაჩაური", "precinct": 14.0, "name_en": "Khelvachauri - 14", "name_ka": "ხელვაჩაური - 14" }, "geometry": { "type": "Point", "coordinates": [ 41.749017976955045, 41.642240172600701 ] } },
{ "type": "Feature", "properties": { "id": 83015, "district_en": "Khelvachauri", "district_ka": "ხელვაჩაური", "precinct": 15.0, "name_en": "Khelvachauri - 15", "name_ka": "ხელვაჩაური - 15" }, "geometry": { "type": "Point", "coordinates": [ 41.706306874401534, 41.651626241155327 ] } },
{ "type": "Feature", "properties": { "id": 83016, "district_en": "Khelvachauri", "district_ka": "ხელვაჩაური", "precinct": 16.0, "name_en": "Khelvachauri - 16", "name_ka": "ხელვაჩაური - 16" }, "geometry": { "type": "Point", "coordinates": [ 41.686647678018005, 41.622259051392732 ] } },
{ "type": "Feature", "properties": { "id": 83017, "district_en": "Khelvachauri", "district_ka": "ხელვაჩაური", "precinct": 17.0, "name_en": "Khelvachauri - 17", "name_ka": "ხელვაჩაური - 17" }, "geometry": { "type": "Point", "coordinates": [ 41.698103917973853, 41.617047303672912 ] } },
{ "type": "Feature", "properties": { "id": 83018, "district_en": "Khelvachauri", "district_ka": "ხელვაჩაური", "precinct": 18.0, "name_en": "Khelvachauri - 18", "name_ka": "ხელვაჩაური - 18" }, "geometry": { "type": "Point", "coordinates": [ 41.696365282175087, 41.605402829112151 ] } },
{ "type": "Feature", "properties": { "id": 83019, "district_en": "Khelvachauri", "district_ka": "ხელვაჩაური", "precinct": 19.0, "name_en": "Khelvachauri - 19", "name_ka": "ხელვაჩაური - 19" }, "geometry": { "type": "Point", "coordinates": [ 41.695951343276008, 41.631872913141152 ] } },
{ "type": "Feature", "properties": { "id": 83020, "district_en": "Khelvachauri", "district_ka": "ხელვაჩაური", "precinct": 20.0, "name_en": "Khelvachauri - 20", "name_ka": "ხელვაჩაური - 20" }, "geometry": { "type": "Point", "coordinates": [ 41.680705268231286, 41.624303123960978 ] } },
{ "type": "Feature", "properties": { "id": 83021, "district_en": "Khelvachauri", "district_ka": "ხელვაჩაური", "precinct": 21.0, "name_en": "Khelvachauri - 21", "name_ka": "ხელვაჩაური - 21" }, "geometry": { "type": "Point", "coordinates": [ 41.665735169800527, 41.633754134352749 ] } },
{ "type": "Feature", "properties": { "id": 83022, "district_en": "Khelvachauri", "district_ka": "ხელვაჩაური", "precinct": 22.0, "name_en": "Khelvachauri - 22", "name_ka": "ხელვაჩაური - 22" }, "geometry": { "type": "Point", "coordinates": [ 41.677730469471804, 41.636168533261767 ] } },
{ "type": "Feature", "properties": { "id": 83023, "district_en": "Khelvachauri", "district_ka": "ხელვაჩაური", "precinct": 23.0, "name_en": "Khelvachauri - 23", "name_ka": "ხელვაჩაური - 23" }, "geometry": { "type": "Point", "coordinates": [ 41.675228766987793, 41.63375054657552 ] } },
{ "type": "Feature", "properties": { "id": 83024, "district_en": "Khelvachauri", "district_ka": "ხელვაჩაური", "precinct": 24.0, "name_en": "Khelvachauri - 24", "name_ka": "ხელვაჩაური - 24" }, "geometry": { "type": "Point", "coordinates": [ 41.548835055929011, 41.522225156443454 ] } },
{ "type": "Feature", "properties": { "id": 83025, "district_en": "Khelvachauri", "district_ka": "ხელვაჩაური", "precinct": 25.0, "name_en": "Khelvachauri - 25", "name_ka": "ხელვაჩაური - 25" }, "geometry": { "type": "Point", "coordinates": [ 41.614900675137747, 41.566876133733466 ] } },
{ "type": "Feature", "properties": { "id": 83026, "district_en": "Khelvachauri", "district_ka": "ხელვაჩაური", "precinct": 26.0, "name_en": "Khelvachauri - 26", "name_ka": "ხელვაჩაური - 26" }, "geometry": { "type": "Point", "coordinates": [ 41.61491, 41.5671 ] } },
{ "type": "Feature", "properties": { "id": 83027, "district_en": "Khelvachauri", "district_ka": "ხელვაჩაური", "precinct": 27.0, "name_en": "Khelvachauri - 27", "name_ka": "ხელვაჩაური - 27" }, "geometry": { "type": "Point", "coordinates": [ 41.601100119237934, 41.578564963997735 ] } },
{ "type": "Feature", "properties": { "id": 83028, "district_en": "Khelvachauri", "district_ka": "ხელვაჩაური", "precinct": 28.0, "name_en": "Khelvachauri - 28", "name_ka": "ხელვაჩაური - 28" }, "geometry": { "type": "Point", "coordinates": [ 41.595171689987183, 41.585227852727002 ] } },
{ "type": "Feature", "properties": { "id": 83029, "district_en": "Khelvachauri", "district_ka": "ხელვაჩაური", "precinct": 29.0, "name_en": "Khelvachauri - 29", "name_ka": "ხელვაჩაური - 29" }, "geometry": { "type": "Point", "coordinates": [ 41.671302401324112, 41.560053222252165 ] } },
{ "type": "Feature", "properties": { "id": 83030, "district_en": "Khelvachauri", "district_ka": "ხელვაჩაური", "precinct": 30.0, "name_en": "Khelvachauri - 30", "name_ka": "ხელვაჩაური - 30" }, "geometry": { "type": "Point", "coordinates": [ 41.651085374311698, 41.563535992831355 ] } },
{ "type": "Feature", "properties": { "id": 83031, "district_en": "Khelvachauri", "district_ka": "ხელვაჩაური", "precinct": 31.0, "name_en": "Khelvachauri - 31", "name_ka": "ხელვაჩაური - 31" }, "geometry": { "type": "Point", "coordinates": [ 41.641660370582954, 41.550149356750161 ] } },
{ "type": "Feature", "properties": { "id": 83032, "district_en": "Khelvachauri", "district_ka": "ხელვაჩაური", "precinct": 32.0, "name_en": "Khelvachauri - 32", "name_ka": "ხელვაჩაური - 32" }, "geometry": { "type": "Point", "coordinates": [ 41.670735141523743, 41.552646840664309 ] } },
{ "type": "Feature", "properties": { "id": 83033, "district_en": "Khelvachauri", "district_ka": "ხელვაჩაური", "precinct": 33.0, "name_en": "Khelvachauri - 33", "name_ka": "ხელვაჩაური - 33" }, "geometry": { "type": "Point", "coordinates": [ 41.634119811783101, 41.570668230038102 ] } },
{ "type": "Feature", "properties": { "id": 83034, "district_en": "Khelvachauri", "district_ka": "ხელვაჩაური", "precinct": 34.0, "name_en": "Khelvachauri - 34", "name_ka": "ხელვაჩაური - 34" }, "geometry": { "type": "Point", "coordinates": [ 41.729886051487412, 41.545102023732014 ] } },
{ "type": "Feature", "properties": { "id": 83035, "district_en": "Khelvachauri", "district_ka": "ხელვაჩაური", "precinct": 35.0, "name_en": "Khelvachauri - 35", "name_ka": "ხელვაჩაური - 35" }, "geometry": { "type": "Point", "coordinates": [ 41.754593858718039, 41.512701923393323 ] } },
{ "type": "Feature", "properties": { "id": 83036, "district_en": "Khelvachauri", "district_ka": "ხელვაჩაური", "precinct": 36.0, "name_en": "Khelvachauri - 36", "name_ka": "ხელვაჩაური - 36" }, "geometry": { "type": "Point", "coordinates": [ 41.7908007, 41.5198005 ] } },
{ "type": "Feature", "properties": { "id": 83037, "district_en": "Khelvachauri", "district_ka": "ხელვაჩაური", "precinct": 37.0, "name_en": "Khelvachauri - 37", "name_ka": "ხელვაჩაური - 37" }, "geometry": { "type": "Point", "coordinates": [ 41.841590995832441, 41.501292878237564 ] } },
{ "type": "Feature", "properties": { "id": 83038, "district_en": "Khelvachauri", "district_ka": "ხელვაჩაური", "precinct": 38.0, "name_en": "Khelvachauri - 38", "name_ka": "ხელვაჩაური - 38" }, "geometry": { "type": "Point", "coordinates": [ 41.847814745267421, 41.503601545516631 ] } },
{ "type": "Feature", "properties": { "id": 83039, "district_en": "Khelvachauri", "district_ka": "ხელვაჩაური", "precinct": 39.0, "name_en": "Khelvachauri - 39", "name_ka": "ხელვაჩაური - 39" }, "geometry": { "type": "Point", "coordinates": [ 41.859534134344237, 41.48642705991751 ] } },
{ "type": "Feature", "properties": { "id": 83040, "district_en": "Khelvachauri", "district_ka": "ხელვაჩაური", "precinct": 40.0, "name_en": "Khelvachauri - 40", "name_ka": "ხელვაჩაური - 40" }, "geometry": { "type": "Point", "coordinates": [ 41.719009266698457, 41.48854581372607 ] } },
{ "type": "Feature", "properties": { "id": 83041, "district_en": "Khelvachauri", "district_ka": "ხელვაჩაური", "precinct": 41.0, "name_en": "Khelvachauri - 41", "name_ka": "ხელვაჩაური - 41" }, "geometry": { "type": "Point", "coordinates": [ 41.711960434913635, 41.502346352377295 ] } },
{ "type": "Feature", "properties": { "id": 84001, "district_en": "Khulo", "district_ka": "ხულო", "precinct": 1.0, "name_en": "Khulo - 1", "name_ka": "ხულო - 1" }, "geometry": { "type": "Point", "coordinates": [ 42.314231693744659, 41.644157422492086 ] } },
{ "type": "Feature", "properties": { "id": 84002, "district_en": "Khulo", "district_ka": "ხულო", "precinct": 2.0, "name_en": "Khulo - 2", "name_ka": "ხულო - 2" }, "geometry": { "type": "Point", "coordinates": [ 42.386777852445555, 41.696195027627489 ] } },
{ "type": "Feature", "properties": { "id": 84003, "district_en": "Khulo", "district_ka": "ხულო", "precinct": 3.0, "name_en": "Khulo - 3", "name_ka": "ხულო - 3" }, "geometry": { "type": "Point", "coordinates": [ 42.337729481614694, 41.659411447220251 ] } },
{ "type": "Feature", "properties": { "id": 84004, "district_en": "Khulo", "district_ka": "ხულო", "precinct": 4.0, "name_en": "Khulo - 4", "name_ka": "ხულო - 4" }, "geometry": { "type": "Point", "coordinates": [ 42.324995888291127, 41.659128953955566 ] } },
{ "type": "Feature", "properties": { "id": 84005, "district_en": "Khulo", "district_ka": "ხულო", "precinct": 5.0, "name_en": "Khulo - 5", "name_ka": "ხულო - 5" }, "geometry": { "type": "Point", "coordinates": [ 42.314282672560907, 41.679691036845945 ] } },
{ "type": "Feature", "properties": { "id": 84006, "district_en": "Khulo", "district_ka": "ხულო", "precinct": 6.0, "name_en": "Khulo - 6", "name_ka": "ხულო - 6" }, "geometry": { "type": "Point", "coordinates": [ 42.3083958031566, 41.673357704305133 ] } },
{ "type": "Feature", "properties": { "id": 84007, "district_en": "Khulo", "district_ka": "ხულო", "precinct": 7.0, "name_en": "Khulo - 7", "name_ka": "ხულო - 7" }, "geometry": { "type": "Point", "coordinates": [ 42.29937632110137, 41.652322238646562 ] } },
{ "type": "Feature", "properties": { "id": 84008, "district_en": "Khulo", "district_ka": "ხულო", "precinct": 8.0, "name_en": "Khulo - 8", "name_ka": "ხულო - 8" }, "geometry": { "type": "Point", "coordinates": [ 42.306249940113062, 41.651130076502795 ] } },
{ "type": "Feature", "properties": { "id": 84009, "district_en": "Khulo", "district_ka": "ხულო", "precinct": 9.0, "name_en": "Khulo - 9", "name_ka": "ხულო - 9" }, "geometry": { "type": "Point", "coordinates": [ 42.318882038382625, 41.643009901197772 ] } },
{ "type": "Feature", "properties": { "id": 84010, "district_en": "Khulo", "district_ka": "ხულო", "precinct": 10.0, "name_en": "Khulo - 10", "name_ka": "ხულო - 10" }, "geometry": { "type": "Point", "coordinates": [ 42.364267549223172, 41.676212930119796 ] } },
{ "type": "Feature", "properties": { "id": 84011, "district_en": "Khulo", "district_ka": "ხულო", "precinct": 11.0, "name_en": "Khulo - 11", "name_ka": "ხულო - 11" }, "geometry": { "type": "Point", "coordinates": [ 42.353943744033003, 41.668980571353337 ] } },
{ "type": "Feature", "properties": { "id": 84012, "district_en": "Khulo", "district_ka": "ხულო", "precinct": 12.0, "name_en": "Khulo - 12", "name_ka": "ხულო - 12" }, "geometry": { "type": "Point", "coordinates": [ 42.389162222406746, 41.632321255125213 ] } },
{ "type": "Feature", "properties": { "id": 84013, "district_en": "Khulo", "district_ka": "ხულო", "precinct": 13.0, "name_en": "Khulo - 13", "name_ka": "ხულო - 13" }, "geometry": { "type": "Point", "coordinates": [ 42.408674283134729, 41.64108467611954 ] } },
{ "type": "Feature", "properties": { "id": 84014, "district_en": "Khulo", "district_ka": "ხულო", "precinct": 14.0, "name_en": "Khulo - 14", "name_ka": "ხულო - 14" }, "geometry": { "type": "Point", "coordinates": [ 42.370246946811676, 41.645907220502309 ] } },
{ "type": "Feature", "properties": { "id": 84015, "district_en": "Khulo", "district_ka": "ხულო", "precinct": 15.0, "name_en": "Khulo - 15", "name_ka": "ხულო - 15" }, "geometry": { "type": "Point", "coordinates": [ 42.386053953146089, 41.647274040500839 ] } },
{ "type": "Feature", "properties": { "id": 84016, "district_en": "Khulo", "district_ka": "ხულო", "precinct": 16.0, "name_en": "Khulo - 16", "name_ka": "ხულო - 16" }, "geometry": { "type": "Point", "coordinates": [ 42.363606095312889, 41.646203414267994 ] } },
{ "type": "Feature", "properties": { "id": 84017, "district_en": "Khulo", "district_ka": "ხულო", "precinct": 17.0, "name_en": "Khulo - 17", "name_ka": "ხულო - 17" }, "geometry": { "type": "Point", "coordinates": [ 42.295311391353607, 41.637259989544539 ] } },
{ "type": "Feature", "properties": { "id": 84018, "district_en": "Khulo", "district_ka": "ხულო", "precinct": 18.0, "name_en": "Khulo - 18", "name_ka": "ხულო - 18" }, "geometry": { "type": "Point", "coordinates": [ 42.280395465623535, 41.644889341167236 ] } },
{ "type": "Feature", "properties": { "id": 84019, "district_en": "Khulo", "district_ka": "ხულო", "precinct": 19.0, "name_en": "Khulo - 19", "name_ka": "ხულო - 19" }, "geometry": { "type": "Point", "coordinates": [ 42.290642732378551, 41.620115432716474 ] } },
{ "type": "Feature", "properties": { "id": 84020, "district_en": "Khulo", "district_ka": "ხულო", "precinct": 20.0, "name_en": "Khulo - 20", "name_ka": "ხულო - 20" }, "geometry": { "type": "Point", "coordinates": [ 42.315867259524552, 41.622930655420937 ] } },
{ "type": "Feature", "properties": { "id": 84021, "district_en": "Khulo", "district_ka": "ხულო", "precinct": 21.0, "name_en": "Khulo - 21", "name_ka": "ხულო - 21" }, "geometry": { "type": "Point", "coordinates": [ 42.527859443169419, 41.541417376560595 ] } },
{ "type": "Feature", "properties": { "id": 84022, "district_en": "Khulo", "district_ka": "ხულო", "precinct": 22.0, "name_en": "Khulo - 22", "name_ka": "ხულო - 22" }, "geometry": { "type": "Point", "coordinates": [ 42.518590511561577, 41.549142938720692 ] } },
{ "type": "Feature", "properties": { "id": 84023, "district_en": "Khulo", "district_ka": "ხულო", "precinct": 23.0, "name_en": "Khulo - 23", "name_ka": "ხულო - 23" }, "geometry": { "type": "Point", "coordinates": [ 42.465116977690514, 41.644074797536028 ] } },
{ "type": "Feature", "properties": { "id": 84024, "district_en": "Khulo", "district_ka": "ხულო", "precinct": 24.0, "name_en": "Khulo - 24", "name_ka": "ხულო - 24" }, "geometry": { "type": "Point", "coordinates": [ 42.441709874560516, 41.642189503533295 ] } },
{ "type": "Feature", "properties": { "id": 84025, "district_en": "Khulo", "district_ka": "ხულო", "precinct": 25.0, "name_en": "Khulo - 25", "name_ka": "ხულო - 25" }, "geometry": { "type": "Point", "coordinates": [ 42.420225628836057, 41.632690902196629 ] } },
{ "type": "Feature", "properties": { "id": 84026, "district_en": "Khulo", "district_ka": "ხულო", "precinct": 26.0, "name_en": "Khulo - 26", "name_ka": "ხულო - 26" }, "geometry": { "type": "Point", "coordinates": [ 42.395817041394821, 41.685990340796124 ] } },
{ "type": "Feature", "properties": { "id": 84027, "district_en": "Khulo", "district_ka": "ხულო", "precinct": 27.0, "name_en": "Khulo - 27", "name_ka": "ხულო - 27" }, "geometry": { "type": "Point", "coordinates": [ 42.410607935412585, 41.674924269528177 ] } },
{ "type": "Feature", "properties": { "id": 84028, "district_en": "Khulo", "district_ka": "ხულო", "precinct": 28.0, "name_en": "Khulo - 28", "name_ka": "ხულო - 28" }, "geometry": { "type": "Point", "coordinates": [ 42.329288894832423, 41.583730094595069 ] } },
{ "type": "Feature", "properties": { "id": 84029, "district_en": "Khulo", "district_ka": "ხულო", "precinct": 29.0, "name_en": "Khulo - 29", "name_ka": "ხულო - 29" }, "geometry": { "type": "Point", "coordinates": [ 42.298731122020726, 41.604601584217825 ] } },
{ "type": "Feature", "properties": { "id": 84030, "district_en": "Khulo", "district_ka": "ხულო", "precinct": 30.0, "name_en": "Khulo - 30", "name_ka": "ხულო - 30" }, "geometry": { "type": "Point", "coordinates": [ 42.336315810684937, 41.601730608609806 ] } },
{ "type": "Feature", "properties": { "id": 84031, "district_en": "Khulo", "district_ka": "ხულო", "precinct": 31.0, "name_en": "Khulo - 31", "name_ka": "ხულო - 31" }, "geometry": { "type": "Point", "coordinates": [ 42.346699768095064, 41.583735840604469 ] } },
{ "type": "Feature", "properties": { "id": 84032, "district_en": "Khulo", "district_ka": "ხულო", "precinct": 32.0, "name_en": "Khulo - 32", "name_ka": "ხულო - 32" }, "geometry": { "type": "Point", "coordinates": [ 42.400819063185509, 41.576122584734819 ] } },
{ "type": "Feature", "properties": { "id": 84033, "district_en": "Khulo", "district_ka": "ხულო", "precinct": 33.0, "name_en": "Khulo - 33", "name_ka": "ხულო - 33" }, "geometry": { "type": "Point", "coordinates": [ 42.442132830619812, 41.560505613399357 ] } },
{ "type": "Feature", "properties": { "id": 84034, "district_en": "Khulo", "district_ka": "ხულო", "precinct": 34.0, "name_en": "Khulo - 34", "name_ka": "ხულო - 34" }, "geometry": { "type": "Point", "coordinates": [ 42.475743889807518, 41.569532926486609 ] } },
{ "type": "Feature", "properties": { "id": 84035, "district_en": "Khulo", "district_ka": "ხულო", "precinct": 35.0, "name_en": "Khulo - 35", "name_ka": "ხულო - 35" }, "geometry": { "type": "Point", "coordinates": [ 42.432994270639021, 41.558678537068289 ] } },
{ "type": "Feature", "properties": { "id": 84036, "district_en": "Khulo", "district_ka": "ხულო", "precinct": 36.0, "name_en": "Khulo - 36", "name_ka": "ხულო - 36" }, "geometry": { "type": "Point", "coordinates": [ 42.380992543919312, 41.708689354307992 ] } },
{ "type": "Feature", "properties": { "id": 84037, "district_en": "Khulo", "district_ka": "ხულო", "precinct": 37.0, "name_en": "Khulo - 37", "name_ka": "ხულო - 37" }, "geometry": { "type": "Point", "coordinates": [ 42.390371378350359, 41.700281333982403 ] } },
{ "type": "Feature", "properties": { "id": 84038, "district_en": "Khulo", "district_ka": "ხულო", "precinct": 38.0, "name_en": "Khulo - 38", "name_ka": "ხულო - 38" }, "geometry": { "type": "Point", "coordinates": [ 42.370337806823727, 41.712091787509053 ] } },
{ "type": "Feature", "properties": { "id": 84039, "district_en": "Khulo", "district_ka": "ხულო", "precinct": 39.0, "name_en": "Khulo - 39", "name_ka": "ხულო - 39" }, "geometry": { "type": "Point", "coordinates": [ 42.359774149570853, 41.703898992180719 ] } },
{ "type": "Feature", "properties": { "id": 84040, "district_en": "Khulo", "district_ka": "ხულო", "precinct": 40.0, "name_en": "Khulo - 40", "name_ka": "ხულო - 40" }, "geometry": { "type": "Point", "coordinates": [ 42.366261675888325, 41.711594623845258 ] } },
{ "type": "Feature", "properties": { "id": 84041, "district_en": "Khulo", "district_ka": "ხულო", "precinct": 41.0, "name_en": "Khulo - 41", "name_ka": "ხულო - 41" }, "geometry": { "type": "Point", "coordinates": [ 42.476052045822144, 41.549708174385671 ] } },
{ "type": "Feature", "properties": { "id": 84042, "district_en": "Khulo", "district_ka": "ხულო", "precinct": 42.0, "name_en": "Khulo - 42", "name_ka": "ხულო - 42" }, "geometry": { "type": "Point", "coordinates": [ 42.470288909331551, 41.529538221321587 ] } },
{ "type": "Feature", "properties": { "id": 84043, "district_en": "Khulo", "district_ka": "ხულო", "precinct": 43.0, "name_en": "Khulo - 43", "name_ka": "ხულო - 43" }, "geometry": { "type": "Point", "coordinates": [ 42.48913822831117, 41.548636541616823 ] } },
{ "type": "Feature", "properties": { "id": 84044, "district_en": "Khulo", "district_ka": "ხულო", "precinct": 44.0, "name_en": "Khulo - 44", "name_ka": "ხულო - 44" }, "geometry": { "type": "Point", "coordinates": [ 42.363506555557251, 41.586959188606379 ] } },
{ "type": "Feature", "properties": { "id": 84045, "district_en": "Khulo", "district_ka": "ხულო", "precinct": 45.0, "name_en": "Khulo - 45", "name_ka": "ხულო - 45" }, "geometry": { "type": "Point", "coordinates": [ 42.364067137241364, 41.657394977392784 ] } },
{ "type": "Feature", "properties": { "id": 84046, "district_en": "Khulo", "district_ka": "ხულო", "precinct": 46.0, "name_en": "Khulo - 46", "name_ka": "ხულო - 46" }, "geometry": { "type": "Point", "coordinates": [ 42.329040169715881, 41.643946962485316 ] } },
{ "type": "Feature", "properties": { "id": 84047, "district_en": "Khulo", "district_ka": "ხულო", "precinct": 47.0, "name_en": "Khulo - 47", "name_ka": "ხულო - 47" }, "geometry": { "type": "Point", "coordinates": [ 42.514945724992337, 41.54199843779412 ] } },
{ "type": "Feature", "properties": { "id": 84048, "district_en": "Khulo", "district_ka": "ხულო", "precinct": 48.0, "name_en": "Khulo - 48", "name_ka": "ხულო - 48" }, "geometry": { "type": "Point", "coordinates": [ 42.370104789733887, 41.72068716272608 ] } },
{ "type": "Feature", "properties": { "id": 84049, "district_en": "Khulo", "district_ka": "ხულო", "precinct": 49.0, "name_en": "Khulo - 49", "name_ka": "ხულო - 49" }, "geometry": { "type": "Point", "coordinates": [ 42.348835025339447, 41.717008469018822 ] } },
{ "type": "Feature", "properties": { "id": 84050, "district_en": "Khulo", "district_ka": "ხულო", "precinct": 50.0, "name_en": "Khulo - 50", "name_ka": "ხულო - 50" }, "geometry": { "type": "Point", "coordinates": [ 42.435116082237442, 41.651033767086808 ] } },
{ "type": "Feature", "properties": { "id": 84051, "district_en": "Khulo", "district_ka": "ხულო", "precinct": 51.0, "name_en": "Khulo - 51", "name_ka": "ხულო - 51" }, "geometry": { "type": "Point", "coordinates": [ 42.411317229269798, 41.63074028021726 ] } },
{ "type": "Feature", "properties": { "id": 84052, "district_en": "Khulo", "district_ka": "ხულო", "precinct": 52.0, "name_en": "Khulo - 52", "name_ka": "ხულო - 52" }, "geometry": { "type": "Point", "coordinates": [ 42.386536381753551, 41.627799025986924 ] } },
{ "type": "Feature", "properties": { "id": 84053, "district_en": "Khulo", "district_ka": "ხულო", "precinct": 53.0, "name_en": "Khulo - 53", "name_ka": "ხულო - 53" }, "geometry": { "type": "Point", "coordinates": [ 42.313558757293777, 41.591771331844058 ] } }
]
}
